frequency,yer,yei,yfr,yfi,er,ei,fr,fi
1,-1.01531073496842e-11,6.34061596913223e-13,4.00781228072649e-07,6.25751614153846e-06,-1.0091403737348e-07,-1.61591722244489e-06,0.0040853745968299,0.0637863135462024
1.02329299228075,-1.01511423585791e-11,6.4944995902156e-13,4.19588674863379e-07,6.40203975114097e-06,-1.01010338240205e-07,-1.57882883649625e-06,0.00427709370520169,0.0652595221247865
1.0471285480509,-1.0149086530447e-11,6.65170642339188e-13,4.39274729688734e-07,6.54984210910323e-06,-1.01100477037846e-07,-1.54257783554335e-06,0.00447776915680683,0.066766152766489
1.07151930523761,-1.01469356181549e-11,6.81231130230206e-13,4.59880056581922e-07,6.70099338255567e-06,-1.01184646169463e-07,-1.50714499773428e-06,0.00468781547214222,0.0683069207214733
1.09647819614319,-1.01446851851457e-11,6.97639005286122e-13,4.81447165040282e-07,6.85556493691691e-06,-1.01263022443631e-07,-1.47251153648679e-06,0.00490766598397319,0.0698825534545644
1.12201845430196,-1.01423305928355e-11,7.14402012927243e-13,5.04020490263281e-07,7.01362933353702e-06,-1.01335776854853e-07,-1.43865908990433e-06,0.00513777365526253,0.0714937906212131
1.14815362149688,-1.01398669961227e-11,7.31527996295199e-13,5.27646476538409e-07,7.17526032523153e-06,-1.01403065269874e-07,-1.40556971167615e-06,0.00537861192918856,0.0731413840219617
1.17489755493953,-1.01372893315279e-11,7.49024937086783e-13,5.52373663864587e-07,7.34053284952373e-06,-1.014650347473e-07,-1.37322586116748e-06,0.00563067561216575,0.0748260975335461
1.20226443461741,-1.01345923134683e-11,7.66900876169621e-13,5.78252777901586e-07,7.50952301939991e-06,-1.01521813163126e-07,-1.34161039490692e-06,0.00589448179076988,0.076548707014646
1.23026877081238,-1.0131770416033e-11,7.85164030891706e-13,6.05336823332329e-07,7.68230811136945e-06,-1.01573525736052e-07,-1.31070655635605e-06,0.00617057078345351,0.0783100001841614
1.25892541179417,-1.01288178685385e-11,8.0382271419044e-13,6.33681180722772e-07,7.85896655060828e-06,-1.01620284358728e-07,-1.28049796783273e-06,0.00645950712791499,0.0801107764697559
1.28824955169313,-1.01257286436446e-11,8.22885352784447e-13,6.63343706961201e-07,8.03957789294925e-06,-1.01662190622489e-07,-1.25096862166587e-06,0.00676188060495524,0.0819518468242597
1.31825673855641,-1.01224964465054e-11,8.42360485033061e-13,6.94384839355232e-07,8.22422280346858e-06,-1.01699336052786e-07,-1.22210287174841e-06,0.00707830729962042,0.083834033507372
1.34896288259165,-1.01191147049592e-11,8.62256741444377e-13,7.26867703460416e-07,8.41298303140096e-06,-1.01731800323171e-07,-1.19388542545664e-06,0.00740943070038379,0.0857581698299391
1.38038426460288,-1.01155765536252e-11,8.82582893426219e-13,7.60858224709145e-07,8.60594138109978e-06,-1.01759657639636e-07,-1.16630133508301e-06,0.00775592283706696,0.0877250998579163
1.41253754462275,-1.01118748232885e-11,9.03347829791928e-13,7.9642524390226e-07,8.80318167874114e-06,-1.01782974187153e-07,-1.13933599016843e-06,0.00811848545813683,0.0897356780729432
1.44543977074593,-1.01080020398957e-11,9.24560424572625e-13,8.33640636618529e-07,9.00478873445214e-06,-1.01801793984081e-07,-1.11297511109866e-06,0.00849785124794028,0.0917907689862748
1.47910838816821,-1.010395038743e-11,9.46229808312672e-13,8.72579436588571e-07,9.21084829952504e-06,-1.01816170132308e-07,-1.08720473886724e-06,0.00889478508435182,0.0938912467026176
1.51356124843621,-1.00997117217933e-11,9.68365058052336e-13,9.13319963070074e-07,9.42144701835862e-06,-1.01826130832653e-07,-1.06201123078919e-06,0.00931008533720931,0.0960379944302176
1.54881661891248,-1.00952775328251e-11,9.90975458618042e-13,9.55943952249818e-07,9.63667237474785e-06,-1.01831708670949e-07,-1.03738125070084e-06,0.00974458520779827,0.0982319039333335
1.58489319246111,-1.00906389516638e-11,1.01407026645542e-12,1.00053669268525e-06,9.85661263212104e-06,-1.01832916133783e-07,-1.01330176427792e-06,0.0101991541095145,0.100473874923014
1.62181009735893,-1.00857867204895e-11,1.03765886956897e-12,1.04718716478377e-06,1.00813567673018e-05,-1.01829763302121e-07,-9.89760030567406e-07,0.010674699089686,0.102764814381864
1.65958690743756,-1.0080711186182e-11,1.06175069077823e-12,1.09598818430147e-06,1.03109943973496e-05,-1.01822248663978e-07,-9.66743596236153e-07,0.0111721662923691,0.105105635818264
1.69824365246174,-1.00754022778084e-11,1.08635524978456e-12,1.14703654982464e-06,1.05456156990101e-05,-1.01810366084049e-07,-9.44240288387397e-07,0.0116925424617429,0.107497258445238
1.73780082874937,-1.00698495009072e-11,1.11148205753302e-12,1.20043319417655e-06,1.07853113202801e-05,-1.01794095553307e-07,-9.22238209205026e-07,0.0122368564855179,0.109940606278963
1.77827941003892,-1.00640419112997e-11,1.13714070207672e-12,1.25628333966902e-06,1.10301722835697e-05,-1.01773412380981e-07,-9.00725728828125e-07,0.012806180977538,0.112436607151597
1.81970085860998,-1.00579681028518e-11,1.16334079551519e-12,1.3146966570927e-06,1.1280289879916e-05,-1.01748283093152e-07,-8.79691479759072e-07,0.0134016338984928,0.114986191632908
1.86208713666287,-1.00516161963018e-11,1.19009191329884e-12,1.37578742831102e-06,1.15357555536796e-05,-1.01718661283838e-07,-8.59124351490342e-07,0.0140243802133662,0.11759029185487
1.90546071796325,-1.0044973810512e-11,1.21740368242922e-12,1.43967471229183e-06,1.17966607771258e-05,-1.01684496547372e-07,-8.39013483773354e-07,0.0146756335839275,0.120249840233162
1.94984459975804,-1.00380280477319e-11,1.24528573829536e-12,1.50648251437546e-06,1.20630969142703e-05,-1.01645731580938e-07,-8.19348261338298e-07,0.0153566580942139,0.122965768079218
1.99526231496888,-1.00307654871639e-11,1.27374761575634e-12,1.57633995853975e-06,1.23351550733384e-05,-1.01602294484422e-07,-8.00118309407664e-07,0.0160687700065635,0.125739004096205
2.04173794466953,-1.00231721524148e-11,1.30279885185242e-12,1.64938146238064e-06,1.26129259471642e-05,-1.01554108678878e-07,-7.8131348720957e-07,0.0168133395453301,0.128570472752078
2.08929613085404,-1.0015233498792e-11,1.33244891916721e-12,1.72574691448066e-06,1.28964996408292e-05,-1.01501088702169e-07,-7.62923883317928e-07,0.0175917927049403,0.131461092522538
2.13796208950223,-1.00069344018194e-11,1.36270715368824e-12,1.80558185378747e-06,1.31859654858144e-05,-1.01443136228232e-07,-7.44939811171633e-07,0.0184056130784396,0.134411773996521
2.18776162394955,-9.99825911977704e-12,1.39358287475507e-12,1.88903765056961e-06,1.34814118399175e-05,-1.01380150697166e-07,-7.27351802777044e-07,0.0192563437021169,0.13742341783658
2.23872113856834,-9.98919129341624e-12,1.42508522154888e-12,1.97627168845697e-06,1.37829258721633e-05,-1.01312018468614e-07,-7.10150605382864e-07,0.0201455889111865,0.14049691258628
2.29086765276777,-9.97971391980314e-12,1.45722318461097e-12,2.06744754700883e-06,1.40905933319132e-05,-1.01238617053563e-07,-6.93327176304006e-07,0.0210750162008477,0.143633132316537
2.34422881531992,-9.96980932905196e-12,1.49000560897492e-12,2.16273518418218e-06,1.44044983013652e-05,-1.01159816974029e-07,-6.76872678141603e-07,0.0220463580863281,0.146832934102629
2.39883291901949,-9.95945917545982e-12,1.52344109745893e-12,2.26231111799731e-06,1.47247229306135e-05,-1.01075476848565e-07,-6.60778475119586e-07,0.0230614139547436,0.150097155323429
2.45470891568503,-9.94864441019063e-12,1.5575380408584e-12,2.36635860661635e-06,1.50513471544293e-05,-1.00985447468872e-07,-6.45036128246401e-07,0.0241220519007813,0.153426610774313
2.51188643150958,-9.93734526281666e-12,1.59230458428152e-12,2.47506782596269e-06,1.53844483899128e-05,-1.00889571406295e-07,-6.29637391224577e-07,0.0252302105373133,0.156822089585052
2.57039578276886,-9.92554123463428e-12,1.62774852167882e-12,2.58863604391551e-06,1.57241012141592e-05,-1.00787678330472e-07,-6.14574207187972e-07,0.0263879007710995,0.160284351934003
2.63026799189538,-9.91321105817411e-12,1.66387740299962e-12,2.70726779001342e-06,1.6070377021087e-05,-1.0067959394338e-07,-5.99838703388063e-07,0.0275972075327097,0.163814125549852
2.69153480392691,-9.90033271296769e-12,1.70069829452454e-12,2.83117501949421e-06,1.64233436565775e-05,-1.00565127334273e-07,-5.85423189484415e-07,0.0288602914487101,0.167412101992285
2.75422870333816,-9.88688337213417e-12,1.73821796305879e-12,2.96057727038445e-06,1.67830650310906e-05,-1.00444084638517e-07,-5.71320151642113e-07,0.0301793904430013,0.171078932703049
2.81838293126445,-9.87283941827741e-12,1.7764426459141e-12,3.09570181223219e-06,1.71496007089403e-05,-1.00316257624236e-07,-5.575222509123e-07,0.0315568212529677,0.174815224819094
2.8840315031266,-9.85817640910858e-12,1.81537812289302e-12,3.23678378494941e-06,1.7523005473445e-05,-1.00181430586345e-07,-5.44022318646867e-07,0.032994980844808,0.178621536739774
2.95120922666638,-9.84286907843003e-12,1.8550295882904e-12,3.38406632609715e-06,1.79033288672033e-05,-1.00039375687245e-07,-5.30813354025745e-07,0.0344963477110524,0.182498373440494
3.01995172040201,-9.82689131008777e-12,1.89540167877402e-12,3.53780068480667e-06,1.82906147067984e-05,-9.98898572727529e-08,-5.1788852009166e-07,0.0360634830318511,0.186446181525683
3.09029543251359,-9.81021614048858e-12,1.93649835102477e-12,3.69824632038392e-06,1.86849005712958e-05,-9.97326280239202e-08,-5.05241141391031e-07,0.0376990316801272,0.190465344014622
3.16227766016837,-9.79281573882534e-12,1.97832288546729e-12,3.86567098349345e-06,1.90862172639736e-05,-9.95674321138444e-08,-4.928647004195e-07,0.0394057230491475,0.194556174854403
3.23593656929628,-9.77466140917841e-12,2.02087778302128e-12,4.04035077766093e-06,1.94945882468168e-05,-9.93940028380636e-08,-4.80752835232074e-07,0.041186371679467,0.198718913155261
3.3113112148259,-9.75572358498766e-12,2.06416471192134e-12,4.22257019867323e-06,1.99100290474123e-05,-9.9212063120866e-08,-4.68899336624451e-07,0.0430438776605646,0.202953717144556
3.38844156139202,-9.7359718232937e-12,2.10818446354123e-12,4.41262214929044e-06,2.03325466380082e-05,-9.90213265428967e-08,-4.57298145299586e-07,0.044981226780814,0.207260657837005
3.46736850452531,-9.71537481168731e-12,2.15293685799268e-12,4.61080792651805e-06,2.07621387866445e-05,-9.88214960904996e-08,-4.45943349618737e-07,0.0470014903977396,0.211639712420213
3.54813389233575,-9.69390036856021e-12,2.19842069398301e-12,4.81743717852029e-06,2.11987933804264e-05,-9.86122652244609e-08,-4.34829182976816e-07,0.0491078249987996,0.216090757356241
3.63078054770101,-9.67151545106766e-12,2.24463367484344e-12,5.03282782808885e-06,2.16424877212037e-05,-9.83933179349177e-08,-4.23950021491031e-07,0.0513034714212429,0.220613561201868
3.71535229097172,-9.6481861710844e-12,2.29157231416689e-12,5.25730595941762e-06,2.20931877941279e-05,-9.81643280876617e-08,-4.13300381966561e-07,0.0535917536979149,0.225207777152393
3.8018939632056,-9.62387780832551e-12,2.33923187004411e-12,5.49120566477447e-06,2.25508475098001e-05,-9.79249602326389e-08,-4.028749196403e-07,0.055976077494262,0.229872935316216
3.8904514499428,-9.59855482527031e-12,2.38760628598217e-12,5.73486884750946e-06,2.30154079209884e-05,-9.76748707600326e-08,-3.92668425923371e-07,0.0584599281002392,0.234608434730183
3.98107170553497,-9.57218090782745e-12,2.43668804432442e-12,5.98864497769652e-06,2.34867964151868e-05,-9.74137055828391e-08,-3.8267582709764e-07,0.0610468679393739,0.239413535128671
4.07380277804112,-9.54471897524415e-12,2.48646816447243e-12,6.25289079657721e-06,2.39649258846135e-05,-9.71411039703563e-08,-3.72892181605209e-07,0.0637405335559282,0.24428734848269
4.16869383470335,-9.51613123869056e-12,2.53693602633579e-12,6.5279699658629e-06,2.44496938756024e-05,-9.68566953845353e-08,-3.63312679175582e-07,0.0665446320399596,0.249228830328924
4.26579518801592,-9.48637922176944e-12,2.58807936599192e-12,6.8142526578602e-06,2.49409817197284e-05,-9.65601033469532e-08,-3.53932638264118e-07,0.0694629368491477,0.254236770912568
4.36515832240165,-9.45542382760786e-12,2.63988411477495e-12,7.11211508231817e-06,2.54386536494272e-05,-9.62509432704938e-08,-3.44747505140825e-07,0.0724992829855746,0.259309786172105
4.46683592150962,-9.4232253922044e-12,2.69233431896455e-12,7.42193894585867e-06,2.5942555901323e-05,-9.59288236345927e-08,-3.35752852218385e-07,0.075657561485274,0.264446308598782
4.57088189614874,-9.38974373304342e-12,2.74541209869471e-12,7.74411083984914e-06,2.64525158109608e-05,-9.55933485614039e-08,-3.26944376038058e-07,0.0789417131783354,0.269644578008456
4.67735141287197,-9.35493823968457e-12,2.79909748509935e-12,8.07902155261454e-06,2.69683409031552e-05,-9.52441160875096e-08,-3.18317896548849e-07,0.0823557216777398,0.274902632268772
4.78630092322637,-9.3187679399049e-12,2.85336837358493e-12,8.42706530196907e-06,2.74898179827143e-05,-9.48807207073815e-08,-3.09869355260344e-07,0.0859036055559516,0.280218298030138
4.89778819368445,-9.28119159897307e-12,2.90820039325788e-12,8.78863888418321e-06,2.80167122308641e-05,-9.45027530356709e-08,-3.01594814300927e-07,0.0895894096696694,0.285589181514842
5.01187233627271,-9.24216780903486e-12,2.96356684163205e-12,9.16414073569516e-06,2.8548766313302e-05,-9.41098017631772e-08,-2.93490454863943e-07,0.0934171955951122,0.291012659424676
5.12861383991364,-9.20165509742912e-12,3.01943858860971e-12,9.55396990413314e-06,2.90856995064155e-05,-9.37014545723223e-08,-2.85552576016767e-07,0.09739103113884,0.296485870033762
5.24807460249771,-9.15961204737075e-12,3.07578397593424e-12,9.95852492554347e-06,2.96272068488411e-05,-9.32772989583261e-08,-2.77777593605343e-07,0.101514978892456,0.302005704539674
5.37031796370252,-9.11599741800844e-12,3.13256875278634e-12,1.03782026051249e-05,3.01729583261729e-05,-9.28369241730016e-08,-2.70162038839264e-07,0.105793083803672,0.307568798752475
5.49540873857623,-9.07077029066682e-12,3.18975596765222e-12,1.08133966992582e-05,3.07225980972739e-05,-9.2379921796363e-08,-2.62702557368783e-07,0.110229359741197,0.313171525207861
5.62341325190348,-9.02389020828113e-12,3.24730591710628e-12,1.12644964971972e-05,3.12757437712811e-05,-9.19058879878843e-08,-2.55395907828818e-07,0.114827775036801,0.318809985797048
5.75439937337156,-8.97531733857496e-12,3.30517606179858e-12,1.17318853014609e-05,3.18319857450085e-05,-9.14144246675806e-08,-2.48238960761538e-07,0.119592236994752,0.324480005012347
5.88843655355588,-8.9250126321295e-12,3.36332099338527e-12,1.22159388067339e-05,3.23908866110494e-05,-9.0905142041271e-08,-2.41228697064459e-07,0.124526575366677,0.330177123913434
6.02559586074356,-8.87293801823157e-12,3.42169233524091e-12,1.27170233779589e-05,3.2951980647427e-05,-9.03776591525407e-08,-2.34362207155277e-07,0.129634524798796,0.335896594924901
6.16595001861481,-8.81905657727845e-12,3.48023874457775e-12,1.32354942292771e-05,3.35147734001424e-05,-8.98316070787605e-08,-2.27636689146611e-07,0.134919706268436,0.341633377580788
6.30957344480192,-8.76333275675859e-12,3.53890583624939e-12,1.37716935065598e-05,3.40787413703989e-05,-8.92666298131236e-08,-2.2104944785868e-07,0.140385607537763,0.34738213533615
6.45654229034654,-8.70573256599584e-12,3.59763619921782e-12,1.43259482774559e-05,3.46433318186257e-05,-8.86823873837158e-08,-2.14597892928842e-07,0.146035562664752,0.353137233569263
6.60693448007594,-8.64622379425812e-12,3.65636938775483e-12,1.48985684341692e-05,3.52079626976705e-05,-8.80785580038595e-08,-2.08279537217255e-07,0.151872730624548,0.358892738900545
6.7608297539198,-8.58477625093029e-12,3.71504189588536e-12,1.54898445155635e-05,3.57720227276551e-05,-8.74548395751034e-08,-2.02091995421317e-07,0.157900073108472,0.364642419955551
6.91830970918935,-8.52136198675484e-12,3.77358721215002e-12,1.61000454566605e-05,3.63348716249748e-05,-8.681095285519e-08,-1.96032981909727e-07,0.164120331582873,0.370379749699291
7.07945784384136,-8.45595553561301e-12,3.83193585669696e-12,1.67294162751451e-05,3.68958404977592e-05,-8.61466438047856e-08,-1.90100308772775e-07,0.170536003705865,0.376097909467403
7.24435960074988,-8.38853417256589e-12,3.89001541392085e-12,1.73781757061012e-05,3.74542324197681e-05,-8.5461685497374e-08,-1.84291883953545e-07,0.177149319216322,0.381789794816259
7.41310241300916,-8.31907813802523e-12,3.94775066842501e-12,1.8046513797857e-05,3.80093231941658e-05,-8.47558819464806e-08,-1.7860570836185e-07,0.183962215426438,0.387448023308658
7.58577575029182,-8.24757091942696e-12,4.00506364098767e-12,1.87345894834985e-05,3.85603623178807e-05,-8.4029069253239e-08,-1.73039874040209e-07,0.190976312466253,0.393064944344226
7.7624711662869,-8.17399948377461e-12,4.06187375552231e-12,1.94425281442916e-05,3.91065741562948e-05,-8.32811191897602e-08,-1.67592561029199e-07,0.198192888445694,0.398632651133887
7.94328234724279,-8.09835454421726e-12,4.11809795390296e-12,2.01704191829078e-05,3.96471593368176e-05,-8.25119411407778e-08,-1.62262034796016e-07,0.205612854716564,0.404142994905585
8.12830516164097,-8.0206307914591e-12,4.17365090002565e-12,2.09183136259481e-05,4.01812963684631e-05,-8.17214853858806e-08,-1.57046642785993e-07,0.213236731433165,0.409587601413832
8.31763771102669,-7.94082716232821e-12,4.22844512350855e-12,2.16862217767649e-05,4.07081434928661e-05,-8.09097446149932e-08,-1.51944811619707e-07,0.22106462362568,0.414957889808501
8.51138038202374,-7.85894704474126e-12,4.28239129721119e-12,2.24741109409671e-05,4.12268407702474e-05,-8.00767575426842e-08,-1.46955042957511e-07,0.229096198014447,0.420245093898635
8.70963589956078,-7.77499853759558e-12,4.33539841471397e-12,2.32819032482088e-05,4.17365124016617e-05,-7.92226099841087e-08,-1.42075910412397e-07,0.237330660805738,0.425440285824869
8.91250938133743,-7.68899464035292e-12,4.38737410196031e-12,2.41094735948765e-05,4.22362692864577e-05,-7.83474379261258e-08,-1.37306055125366e-07,0.245766736719954,0.430534402129551
9.12010839355907,-7.60095345976868e-12,4.43822489150031e-12,2.49566477330639e-05,4.2725211811257e-05,-7.74514292543524e-08,-1.32644181749855e-07,0.254402649511039,0.435518272186918
9.33254300796988,-7.51089839277798e-12,4.48785653210034e-12,2.58232005317066e-05,4.32024328639392e-05,-7.6534825541232e-08,-1.28089054103553e-07,0.263236104240854,0.44038264892694
9.54992586021433,-7.41885828325381e-12,4.53617433029355e-12,2.67088544359247e-05,4.36670210631417e-05,-7.55979237912726e-08,-1.23639490521825e-07,0.272264271574048,0.445118241756059
9.77237220955808,-7.32486755889709e-12,4.58308350677455e-12,2.76132781504283e-05,4.41180641906689e-05,-7.46410778329424e-08,-1.19294359086294e-07,0.281483774356972,0.449715751546351
9.99999999999997,-7.22896634849707e-12,4.62848956245035e-12,2.85360855722731e-05,4.45546528110121e-05,-7.36646992913219e-08,-1.15052572780828e-07,0.29089067673842,0.45416590753206
10.2329299228075,-7.13120055166477e-12,4.67229869247208e-12,2.94768349972668e-05,4.49758840589513e-05,-7.26692587673572e-08,-1.10913084183978e-07,0.300480476079898,0.458459505919499
10.471285480509,-7.03162190116301e-12,4.714418177766e-12,3.04350286229095e-05,4.53808655729977e-05,-7.1655286085971e-08,-1.06874880415249e-07,0.310248097888709,0.46258744998364
10.715193052376,-6.93028798235248e-12,4.75475680575923e-12,3.14101123688953e-05,4.5768719549307e-05,-7.06233704924811e-08,-1.02936977808083e-07,0.320187893988189,0.466540791392746
10.9647819614318,-6.82726220473886e-12,4.79322531925079e-12,3.24014760338969e-05,4.61385868877101e-05,-6.95741607626436e-08,-9.90984163196958e-08,0.330293644115923,0.47031077247202
11.2201845430196,-6.72261376329472e-12,4.82973683247272e-12,3.34084538046102e-05,4.64896313987309e-05,-6.85083643476473e-08,-9.53582542981972e-08,0.34055856111285,0.473888869088957
11.4815362149688,-6.61641754046123e-12,4.86420728188425e-12,3.44303251298768e-05,4.68210440379724e-05,-6.74267466165525e-08,-9.17155629184406e-08,0.350975299833875,0.477266833817664
11.7489755493953,-6.50875397647829e-12,4.89655586507978e-12,3.54663159691435e-05,4.71320471321007e-05,-6.63301295314357e-08,-8.81694207610186e-08,0.361535969874402,0.480436739017535
12.0226443461741,-6.39970890025958e-12,4.92670547494683e-12,3.65156004206146e-05,4.74218985589219e-05,-6.52193899210879e-08,-8.47189084612352e-08,0.372232152167369,0.483391019443965
12.3026877081238,-6.2893733252458e-12,4.95458311926238e-12,3.75773027302444e-05,4.76898958427809e-05,-6.40954572771584e-08,-8.13631035275491e-08,0.383054919462493,0.48612251399585
12.5892541179416,-6.17784319301737e-12,4.98012034433287e-12,3.8650499678272e-05,4.79353801257632e-05,-6.29593113752066e-08,-7.81010751394773e-08,0.393994860654096,0.488624506197073
12.8824955169313,-6.06521909429418e-12,5.00325362098615e-12,3.97342233353886e-05,4.8157739975006e-05,-6.18119792299414e-08,-7.49318793492746e-08,0.405042108876889,0.490890763007293
13.182567385564,-5.95160594343695e-12,5.02392472185962e-12,4.08274641759272e-05,4.83564149868421e-05,-6.06545318388542e-08,-7.18545543920666e-08,0.416186373241161,0.492915571561713
13.4896288259165,-5.83711261530186e-12,5.04208107596935e-12,4.19291745307576e-05,4.85308991495415e-05,-5.94880805889116e-08,-6.88681162467964e-08,0.42741697403086,0.494693773450026
13.8038426460288,-5.72185156034098e-12,5.05767608094882e-12,4.30382723579607e-05,4.86807439280845e-05,-5.83137731631725e-08,-6.59715546473813e-08,0.438722881141044,0.496220796161808
14.1253754462275,-5.60593837806595e-12,5.07066939649942e-12,4.41536453049163e-05,4.88055610366848e-05,-5.71327893060155e-08,-6.31638293038111e-08,0.450092755485935,0.497492681348904
14.4543977074592,-5.48949136787402e-12,5.08102719659807e-12,4.52741550312795e-05,4.89050248676707e-05,-5.59463362424034e-08,-6.04438665615639e-08,0.461514993066424,0.498506109584799
14.791083881682,-5.37263105633072e-12,5.08872238310729e-12,4.63986417585194e-05,4.89788745487796e-05,-5.47556438576423e-08,-5.78105564719998e-08,0.472977771347097,0.4992584213361
15.135612484362,-5.25547970862957e-12,5.09373475436714e-12,4.75259290083387e-05,4.90269156048766e-05,-5.35619596361966e-08,-5.52627503387621e-08,0.484469097558678,0.499747633901611
15.4881661891248,-5.13816081370709e-12,5.09605114221641e-12,4.86548284894558e-05,4.90490212045154e-05,-5.23665435681042e-08,-5.27992586027882e-08,0.495976858512843,0.499972454119364
15.8489319246111,-5.02079857238842e-12,5.09566548953335e-12,4.97841450899819e-05,4.90451329765272e-05,-5.11706627840738e-08,-5.04188493499354e-08,0.507488871493454,0.499932286690617
16.2181009735892,-4.90351736973347e-12,5.09257889213743e-12,5.09126819310092e-05,4.90152613868812e-05,-4.99755862347271e-08,-4.81202471979268e-08,0.518992935771752,0.499627238021337
16.5958690743755,-4.7864412439586e-12,5.08679959584352e-12,5.20392454360858e-05,4.89594856712968e-05,-4.87825793616545e-08,-4.59021326560806e-08,0.530476884283513,0.499058115535118
16.9824365246174,-4.66969336784416e-12,5.07834293823619e-12,5.31626503710082e-05,4.88779533244169e-05,-4.75928987082918e-08,-4.37631420637731e-08,0.541928635003618,0.49822642246577
17.3780082874937,-4.55339553324723e-12,5.06723124986692e-12,5.42817248088209e-05,4.87708791516631e-05,-4.64077866613997e-08,-4.17018679574684e-08,0.553336241558201,0.497134348191969
17.7827941003892,-4.43766764271551e-12,5.05349371583098e-12,5.53953149760575e-05,4.86385438950864e-05,-4.52284663601165e-08,-3.97168598562177e-08,0.564687942626197,0.495784754229321
18.1970085860998,-4.32262722729173e-12,5.0371661860552e-12,5.6502289938073e-05,4.8481292449506e-05,-4.40561366937215e-08,-3.7806625584197e-08,0.575972209700623,0.494181156045891
18.6208713666286,-4.2083889777625e-12,5.01829095196889e-12,5.76015460837499e-05,4.82995316898984e-05,-4.2891967575188e-08,-3.59696329498687e-08,0.587177792804721,0.492327700914903
19.0546071796324,-4.09506430334414e-12,4.99691648280419e-12,5.86920113728624e-05,4.80937279352723e-05,-4.17370954414499e-08,-3.4204311850262e-08,0.598293763788678,0.490229142061851
19.4984459975804,-3.98276091963771e-12,4.97309712622925e-12,5.97726493128795e-05,4.78644040780773e-05,-4.05926190330093e-08,-3.25090567521239e-08,0.609309556868317,0.487890809402127
19.9526231496887,-3.87158246586871e-12,4.94689277919133e-12,6.08424626359112e-05,4.76121364114757e-05,-3.94595955051748e-08,-3.08822294897365e-08,0.620215006107094,0.485318577198722
20.4173794466952,-3.76162815707918e-12,4.91836853002106e-12,6.19004966507505e-05,4.73375511895143e-05,-3.83390368751349e-08,-2.93221623683793e-08,0.631000379586113,0.48251882899717
20.8929613085403,-3.65299247106734e-12,4.88759427755721e-12,6.29458422494682e-05,4.70413209573355e-05,-3.72319068423737e-08,-2.78271615144471e-08,0.641656410052703,0.479498420216309
21.3796208950222,-3.54576487143481e-12,4.85464433137643e-12,6.3977638552666e-05,4.67241606900445e-05,-3.61391179986498e-08,-2.63955104303014e-08,0.652174321885568,0.476264638788527
21.8776162394954,-3.44002957669043e-12,4.81959699079349e-12,6.49950751822046e-05,4.63868237796997e-05,-3.50615293914351e-08,-2.50254737773584e-08,0.662545854262496,0.472825164251798
22.3872113856833,-3.33586535767901e-12,4.78253412045118e-12,6.59973941549101e-05,4.60300979101302e-05,-3.39999445514783e-08,-2.37153012055424e-08,0.672763280464395,0.469188025698248
22.9086765276776,-3.23334538496626e-12,4.74354071070697e-12,6.69838913953267e-05,4.56548008589293e-05,-3.29551098665406e-08,-2.24632313490052e-08,0.682819423295977,0.465361558980363
23.4422881531991,-3.13253710840068e-12,4.70270443965748e-12,6.79539178699699e-05,4.52617762650649e-05,-3.19277133947161e-08,-2.12674958162189e-08,0.692707666648085,0.4613543635667
23.9883291901948,-3.03350217709065e-12,4.66011523404569e-12,6.89068803496501e-05,4.48518893991334e-05,-3.09183840606697e-08,-2.01263232022573e-08,0.702421963268669,0.457175259424541
24.5470891568502,-2.93629640094774e-12,4.61586483148812e-12,6.98422418102468e-05,4.44260229714145e-05,-2.99276912175292e-08,-1.90379430981682e-08,0.71195683884818,0.452833244287876
25.1188643150957,-2.84096974283788e-12,4.57004635377197e-12,7.07595214857478e-05,4.39850730106274e-05,-2.89561446026359e-08,-1.80005899978299e-08,0.721307392560252,0.448337451646091
25.7039578276885,-2.74756634792815e-12,4.52275388873501e-12,7.1658294590412e-05,4.35299448437008e-05,-2.80041946304812e-08,-1.70125071273911e-08,0.730469294229481,0.443697109762371
26.3026799189537,-2.65612460377408e-12,4.47408208650306e-12,7.25381917295197e-05,4.30615492040271e-05,-2.70722330218809e-08,-1.60719501382072e-08,0.739438778324744,0.438921502001836
26.915348039269,-2.566677235587e-12,4.42412576858666e-12,7.33988980203491e-05,4.25807984926342e-05,-2.61605937216006e-08,-1.51771906783118e-08,0.748212634998618,0.434019928718475
27.5422870333815,-2.47925141943797e-12,4.37297956092456e-12,7.42401519467378e-05,4.20886032135474e-05,-2.52695541338826e-08,-1.43265197292044e-08,0.756788198411021,0.429001670917741
28.1838293126444,-2.39386893143911e-12,4.32073754042785e-12,7.50617439718733e-05,4.15858686013919e-05,-2.4399336574654e-08,-1.351825081419e-08,0.765163332588301,0.423875955878794
28.8403150312659,-2.31054631273425e-12,4.26749290704634e-12,7.58635149348155e-05,4.107349145606e-05,-2.35501099772908e-08,-1.27507229555483e-08,0.773336415077719,0.418651924887511
29.5120922666637,-2.22929505457228e-12,4.21333767827276e-12,7.6645354256702e-05,4.05523571960933e-05,-2.2721991797576e-08,-1.20223034117535e-08,0.781306318661897,0.413338603199026
30.19951720402,-2.15012180353608e-12,4.15836240557548e-12,7.74071979826696e-05,4.0023337139353e-05,-2.19150500832094e-08,-1.13313901997372e-08,0.789072391398577,0.407944872317194
30.9029543251358,-2.07302857811642e-12,4.10265591670678e-12,7.81490266852479e-05,3.94872860166194e-05,-2.11293056993582e-08,-1.06764143617697e-08,0.79663443524826,0.402479444648469
31.6227766016837,-1.99801299964988e-12,4.04630508114696e-12,7.8870863254408e-05,3.89450397209944e-05,-2.0364734666851e-08,-1.00558420046902e-08,0.803992683546439,0.396950840559511
32.3593656929627,-1.92506853112915e-12,3.98939460084045e-12,7.95727705985985e-05,3.83974132934277e-05,-1.96212705988225e-08,-9.46817608932579e-09,0.811147777568443,0.391367367841779
33.113112148259,-1.85418472043915e-12,3.93200682638709e-12,8.0254849280019e-05,3.78451991423464e-05,-1.88988072123413e-08,-8.91195796825372e-09,0.818100742423926,0.385737103562513
33.8844156139201,-1.78534745463769e-12,3.87422159397701e-12,8.09172351061136e-05,3.72891654932696e-05,-1.81972008707595e-08,-8.38576871974712e-09,0.824852962505054,0.38006787826013
34.673685045253,-1.71853921082737e-12,3.81611608848568e-12,8.15600966978378e-05,3.67300550624351e-05,-1.75162731651493e-08,-7.88823022252911e-09,0.831406156697949,0.374367262423149
35.4813389233574,-1.65373930783321e-12,3.75776472877873e-12,8.21836330537186e-05,3.6168583946859e-05,-1.68558134982838e-08,-7.41800601142926e-09,0.837762353551226,0.36864255517537
36.30780547701,-1.59092415960609e-12,3.69923907315888e-12,8.27880711271043e-05,3.56054407218869e-05,-1.62155816479934e-08,-6.97380193484721e-09,0.843923866578994,0.36290077507618
37.1535229097171,-1.5300675243949e-12,3.64060774594567e-12,8.33736634323364e-05,3.50412857361765e-05,-1.55953103029795e-08,-6.5543666037693e-09,0.849893269858686,0.357148652933418
38.0189396320559,-1.47114074786303e-12,3.58193638410959e-12,8.39406856938925e-05,3.44767505931604e-05,-1.49947075559962e-08,-6.15849164317285e-09,0.855673374066925,0.351392626517177
38.9045144994279,-1.41411300235189e-12,3.52328760124613e-12,8.44894345508738e-05,3.39124378073611e-05,-1.44134593346732e-08,-5.78501177332863e-09,0.861267203079546,0.345638837056005
39.8107170553495,-1.35895151873165e-12,3.46472096871842e-12,8.50202253275653e-05,3.33489206234638e-05,-1.38512317635228e-08,-5.43280472259961e-09,0.866677971245175,0.339893127392201
40.7380277804111,-1.30562180888025e-12,3.40629301303128e-12,8.55333898792091e-05,3.27867429857594e-05,-1.33076734486395e-08,-5.10079098114299e-09,0.871909061425494,0.334161041669972
41.6869383470333,-1.2540878827823e-12,3.34805722624999e-12,8.60292745206007e-05,3.2226419645461e-05,-1.2782417669446e-08,-4.78793342784927e-09,0.876964003879793,0.32844782642901
42.6579518801591,-1.20431245387736e-12,3.29006409046401e-12,8.65082380436771e-05,3.16684363934202e-05,-1.22750844803226e-08,-4.49323682018739e-09,0.881846456056687,0.322758432976371
43.6515832240164,-1.15625713479991e-12,3.23236111391768e-12,8.69706498289102e-05,3.11132504059398e-05,-1.17852827123802e-08,-4.21574717105405e-09,0.88656018334206,0.317097520911219
44.6683592150961,-1.10988262441131e-12,3.1749928771248e-12,8.74168880540613e-05,3.05612906916517e-05,-1.1312611870131e-08,-3.95455102965069e-09,0.891109040799491,0.31146946267981
45.7088189614873,-1.06514888225639e-12,3.11800108907214e-12,8.78473380026986e-05,3.00129586278052e-05,-1.08566639253984e-08,-3.70877466518542e-09,0.895496955927642,0.305878349041882
46.7735141287196,-1.02201529548641e-12,3.06142465049387e-12,8.82623904738279e-05,2.94686285747608e-05,-1.04170250002726e-08,-3.47758318403345e-09,0.899727912448373,0.300327995334253
47.8630092322636,-9.80440832580661e-13,3.00529972510489e-12,8.8662440293045e-05,2.89286485580011e-05,-9.99327694592045e-09,-3.26017957118251e-09,0.903805935129742,0.294821948422669
48.9778819368444,-9.40384187877854e-13,2.94965981633243e-12,8.90478849247719e-05,2.83933410075364e-05,-9.58499881261067e-09,-3.05580368091885e-09,0.907735075639443,0.289363494238699
50.118723362727,-9.01803914869958e-13,2.89453584930298e-12,8.94191231844032e-05,2.78630035451816e-05,-9.1917682148279e-09,-2.86373117911293e-09,0.911519399416694,0.283955665804623
51.2861383991362,-8.64658550936632e-13,2.83995625635822e-12,8.97765540485437e-05,2.73379098108089e-05,-8.81316259076697e-09,-2.68327245458118e-09,0.915162973544057,0.278601251655615
52.480746024977,-8.28906729832466e-13,2.78594706649371e-12,9.01205755609696e-05,2.68183103193157e-05,-8.44876036277789e-09,-2.51377149540117e-09,0.918669855595039,0.273302804575009
53.703179637025,-7.94507286875469e-13,2.73253199646227e-12,9.04515838314817e-05,2.63044333406912e-05,-8.09814199705043e-09,-2.35460475307838e-09,0.922044083428611,0.268062650565038
54.9540873857622,-7.61419352449291e-13,2.67973254427189e-12,9.07699721244388e-05,2.57964857962031e-05,-7.7608909705157e-09,-2.20517998702189e-09,0.925289665897913,0.262882897981868
56.2341325190346,-7.29602438849187e-13,2.62756808301175e-12,9.10761300334511e-05,2.52946541643522e-05,-7.43659464436946e-09,-2.06493511028102e-09,0.928410574437261,0.257765446770207
57.5439937337154,-6.99016516893241e-13,2.57605595559232e-12,9.13704427384803e-05,2.47991053908541e-05,-7.12484505178889e-09,-1.93333703046849e-09,0.931410735489171,0.252711997738937
58.8843655355586,-6.69622085292059e-13,2.52521156910296e-12,9.16532903414116e-05,2.43099877974942e-05,-6.82523960172215e-09,-1.80988049898198e-09,0.934294023731334,0.247724061825267
60.2559586074355,-6.41380231556995e-13,2.47504848877593e-12,9.19250472760512e-05,2.3827431985268e-05,-6.53738170439141e-09,-1.69408696853964e-09,0.937064256062248,0.242802969300606
61.6595001861479,-6.14252686145519e-13,2.42557853078264e-12,9.21860817884274e-05,2.33515517277546e-05,-6.26088132187553e-09,-1.58550346682013e-09,0.939725186303519,0.237949878876866
63.095734448019,-5.88201870469705e-13,2.37681185346852e-12,9.24367554832522e-05,2.28824448511745e-05,-5.99535544816534e-09,-1.48370149012651e-09,0.942280500576589,0.233165786677016
64.5654229034652,-5.63190936035742e-13,2.32875704750044e-12,9.26774229324134e-05,2.24201940980602e-05,-5.74042852509358e-09,-1.38827591214971e-09,0.944733813311792,0.228451535038581
66.0693448007593,-5.39183800044185e-13,2.28142122339816e-12,9.29084313414118e-05,2.19648679719108e-05,-5.49573279519496e-09,-1.29884392331855e-09,0.947088663848074,0.223807821123265
67.6082975391978,-5.16145174419129e-13,2.23481009711346e-12,9.31301202697336e-05,2.15165215606079e-05,-5.26090859810616e-09,-1.2150439938856e-09,0.949348513582543,0.219235205310077
69.1830970918933,-4.94040589570853e-13,2.18892807322452e-12,9.33428214012477e-05,2.10751973367524e-05,-5.03560461399355e-09,-1.13653486506676e-09,0.951516743629936,0.214734119353169
70.7945784384134,-4.72836413238921e-13,2.14377832559843e-12,9.35468583608322e-05,2.06409259334265e-05,-4.81947805804186e-09,-1.06299456965172e-09,0.953596652953356,0.210304874289149
72.4435960074986,-4.52499865621032e-13,2.09936287521728e-12,9.37425465735703e-05,2.02137268941987e-05,-4.61219482947616e-09,-9.94119485103296e-10,0.955591456928942,0.205947668081822
74.1310241300914,-4.32999029191389e-13,2.05568266551326e-12,9.3930193162999e-05,1.97936093964793e-05,-4.41342961983919e-09,-9.29623415546849e-10,0.957504286308637,0.201662592995252
75.857757502918,-4.14302856437024e-13,2.01273763451039e-12,9.411009688505e-05,1.93805729475875e-05,-4.22286598265306e-09,-8.69236709726198e-10,0.959338186546801,0.197449642688643
77.6247116628688,-3.96381172855715e-13,1.97052678438722e-12,9.42825480944834e-05,1.89746080531251e-05,-4.04019636932476e-09,-8.12705408588678e-10,0.961096117458035,0.193308719028894
79.4328234724277,-3.79204677172932e-13,1.92904824807112e-12,9.44478287407761e-05,1.8575696857454e-05,-3.86512213367122e-09,-7.59790426392028e-10,0.962780953175275,0.189239638618777
81.2830516164095,-3.62744939535038e-13,1.88829935278357e-12,9.46062123906002e-05,1.81838137562581e-05,-3.69735350797361e-09,-7.10266766078414e-10,0.964395482378929,0.185242139040533
83.1763771102667,-3.4697439633605e-13,1.84827668087901e-12,9.4757964274187e-05,1.77989259813287e-05,-3.53660955409739e-09,-6.63922765354402e-10,0.965942408769502,0.181315884816298
85.1138038202372,-3.31866343343623e-13,1.80897612772099e-12,9.4903341353043e-05,1.74209941578505e-05,-3.38261809177393e-09,-6.20559376015237e-10,0.967424351757879,0.177460473088185
87.0963589956076,-3.17394926536886e-13,1.77039295680235e-12,9.50425924066454e-05,1.70499728345826e-05,-3.23511560689214e-09,-5.79989474338209e-10,0.968843847349081,0.173675439022069
89.1250938133741,-3.03535131547721e-13,1.73252185203599e-12,9.51759581359039e-05,1.6685810987438e-05,-3.09384714190197e-09,-5.42037203226139e-10,0.970203349196932,0.16996026094015
91.2010839355905,-2.90262771315035e-13,1.69535696739026e-12,9.53036712813316e-05,1.63284524970412e-05,-2.95856617072672e-09,-5.06537344259703e-10,0.971505229808665,0.166314365188261
93.3254300796986,-2.77554472221751e-13,1.65889197391793e-12,9.54259567540173e-05,1.59778366009225e-05,-2.82903446015775e-09,-4.7333471909671e-10,0.972751781880032,0.162737130744593
95.4992586021431,-2.65387659687923e-13,1.62312010411864e-12,9.55430317776355e-05,1.56338983210612e-05,-2.70502191936929e-09,-4.42283620764934e-10,0.973945219742919,0.159227893577129
97.7237220955805,-2.5374054244213e-13,1.5880341938816e-12,9.56551060398679e-05,1.52965688675404e-05,-2.58630643957676e-09,-4.13247272274233e-10,0.975087680908904,0.155785950757527
99.9999999999995,-2.42592095507373e-13,1.55362672210035e-12,9.5762381851742e-05,1.49657760191086e-05,-2.47267372541931e-09,-3.86097311550198e-10,0.976181227693527,0.152410564339584
102.329299228075,-2.31922043495646e-13,1.51988984781199e-12,9.58650543135187e-05,1.46414444814699e-05,-2.36391711913629e-09,-3.60713304134292e-10,0.977227848907303,0.14910096501065
104.712854805089,-2.21710842577602e-13,1.48681544523614e-12,9.59633114858753e-05,1.43234962241446e-05,-2.25983741934241e-09,-3.36982279768571e-10,0.978229461600736,0.145856355524575
107.15193052376,-2.11939662169469e-13,1.45439513664827e-12,9.60573345652466e-05,1.40118507967527e-05,-2.16024269534796e-09,-3.14798293475615e-10,0.979187912851698,0.142675913924864
109.647819614318,-2.02590366642771e-13,1.42262032315165e-12,9.61472980622864e-05,1.37064256255736e-05,-2.0649480980925e-09,-2.9406201042037e-10,0.980104981584635,0.139558796566754
112.201845430196,-1.93645499691124e-13,1.39148221259253e-12,9.62333716990831e-05,1.34071367783912e-05,-1.97377566749851e-09,-2.74680317112221e-10,0.980982379721039,0.136504143381825
114.815362149688,-1.85088251783655e-13,1.36097185047363e-12,9.63157137293441e-05,1.311389726527e-05,-1.88655414533647e-09,-2.56565930099156e-10,0.98182175682862,0.133511070735152
117.489755493952,-1.76902462068829e-13,1.33108013910853e-12,9.63944814067807e-05,1.28266202349741e-05,-1.80311877320636e-09,-2.39637074441183e-10,0.982624697745126,0.130578688653911
120.226443461741,-1.69072585365159e-13,1.30179786520136e-12,9.64698243150949e-05,1.25452172212852e-05,-1.72331110517468e-09,-2.23817131467876e-10,0.983392727294936,0.127706093242624
123.026877081237,-1.61583676693258e-13,1.27311572069575e-12,9.65418862616512e-05,1.22695988511841e-05,-1.64697881376711e-09,-2.09034330374112e-10,0.984127311419673,0.124892371313395
125.892541179416,-1.5442137277912e-13,1.24502432307835e-12,9.66108054580035e-05,1.19996750406508e-05,-1.57397549871651e-09,-1.952214528882e-10,0.98482985901846,0.122136602380736
128.824955169313,-1.47571873069409e-13,1.21751423431202e-12,9.66767146987069e-05,1.17353551764631e-05,-1.50416049763672e-09,-1.82315553919331e-10,0.98550172377069,0.119437860513607
131.82567385564,-1.41021921764564e-13,1.19057597828947e-12,9.67397415380007e-05,1.14765482847328e-05,-1.43739869882054e-09,-1.70257699253086e-10,0.98614420593709,0.116795216052267
134.896288259164,-1.3475878950493e-13,1.16420005705981e-12,9.68000084639979e-05,1.12231631868997e-05,-1.37356035677541e-09,-1.58992717676447e-10,0.986758554135379,0.114207737197216
138.038426460288,-1.28770255605246e-13,1.13837696579075e-12,9.68576330700699e-05,1.09751086438748e-05,-1.31252091068769e-09,-1.48468967868725e-10,0.987345967087318,0.111674491477324
141.253754462275,-1.2304459059776e-13,1.11309720657016e-12,9.69127282231568e-05,1.07322934890007e-05,-1.25416080614505e-09,-1.38638118957625e-10,0.98790759533444,0.109194547103923
144.543977074592,-1.17570538990025e-13,1.08835130112615e-12,9.69654022287771e-05,1.04946267504687e-05,-1.19836532037122e-09,-1.29454943892851e-10,0.988444542920114,0.106766974217402
147.91083881682,-1.12337302588583e-13,1.06412980249226e-12,9.70157589925453e-05,1.0262017763808e-05,-1.14502439113195e-09,-1.20877125324975e-10,0.988957869036024,0.104390846032574
151.35612484362,-1.07334524034407e-13,1.04042330572053e-12,9.70638981780417e-05,1.00343762750374e-05,-1.09403244952603e-09,-1.12865072901024e-10,0.989448589631465,0.102065239888803
154.881661891247,-1.02552270818914e-13,1.01722245767249e-12,9.7109915360909e-05,9.81161253503688e-06,-1.04528825676174e-09,-1.05381751634286e-10,0.989917678984165,0.0997892382106321
158.48931924611,-9.79810195951707e-14,9.94517965964215e-13,9.71539021790765e-05,9.59363738568331e-06,-9.9869474504533e-10,-9.83925205302942e-11,0.990366071231641,0.0975619293843738
162.181009735892,-9.36116411224172e-14,9.72300607085378e-13,9.71959464790401e-05,9.38036233824992e-06,-9.54158862624481e-10,-9.18649812320167e-11,0.990794661862343,0.0953824085558833
165.958690743755,-8.94353853033259e-14,9.50561233797544e-13,9.72361324581449e-05,9.17169964457132e-06,-9.11591423096972e-10,-8.57688355732476e-11,0.991204309166059,0.0932497783544631
169.824365246173,-8.54438669565292e-14,9.29290781796003e-13,9.72745408028427e-05,8.96756236142232e-06,-8.70906958952396e-10,-8.00757521649227e-11,0.991595835643276,0.0911631495476208
173.780082874937,-8.16290517964501e-14,9.08480275733166e-13,9.73112488229082e-05,8.76786440855886e-06,-8.32023579413742e-10,-7.47592409807921e-11,0.991970029373355,0.0891216416311477
177.827941003891,-7.79832429294316e-14,8.88120834616391e-13,9.73463305816192e-05,8.57252062083148e-06,-7.94862832545564e-10,-6.97945357770495e-11,0.992327645341557,0.0871243833587626
181.970085860997,-7.44990677614996e-14,8.68203676631457e-13,9.7379857021915e-05,8.38144679476938e-06,-7.59349571621379e-10,-6.51584837907805e-11,0.99266940672508,0.0851705132153354
186.208713666285,-7.11694652228957e-14,8.4872012343801e-13,9.74118960885651e-05,8.19455973000605e-06,-7.25411825725854e-10,-6.08294422125178e-11,0.992996006138415,0.0832591798374913
190.546071796324,-6.7987673591136e-14,8.2966160394885e-13,9.74425128463856e-05,8.01177726589839e-06,-6.92980674527648e-10,-5.67871812803038e-11,0.993308106838424,0.0813895423851871
194.984459975803,-6.49472185226691e-14,8.11019657660964e-13,9.7471769594554e-05,7.8330183136742e-06,-6.61990127200174e-10,-5.30127932720127e-11,0.993606343889635,0.0795607708676511
199.526231496887,-6.20419016319688e-14,7.92785937541347e-13,9.74997259770794e-05,7.6582028844174e-06,-6.32377005403506e-10,-4.94886073348358e-11,0.993891325290356,0.077772046426886
204.173794466952,-5.9265789362583e-14,7.74952212519276e-13,9.75264390894926e-05,7.48725211319624e-06,-6.04080830277206e-10,-4.61981095954257e-11,0.994163633060249,0.07602256158175
208.929613085403,-5.66132022868242e-14,7.57510369601988e-13,9.75519635818263e-05,7.32008827960054e-06,-5.77043713359312e-10,-4.31258683493871e-11,0.994423824290091,0.0743115204354579
213.796208950222,-5.40787048535988e-14,7.40452415639529e-13,9.75763517579613e-05,7.15663482496074e-06,-5.51210251351108e-10,-4.02574640388589e-11,0.994672432154486,0.0726381388491734
218.776162394954,-5.16570953295428e-14,7.23770478782835e-13,9.75996536714176e-05,6.99681636649155e-06,-5.26527424657546e-10,-3.75794235416922e-11,0.994909966888335,0.0710016445842065
223.872113856832,-4.93433962558176e-14,7.07456809633974e-13,9.7621917217673e-05,6.84055870858909e-06,-5.02944499596204e-10,-3.50791587561356e-11,0.99513691672792,0.0694012774151786
229.086765276776,-4.71328452171615e-14,6.91503782126199e-13,9.76431882230956e-05,6.6877888515054e-06,-4.80412934196172e-10,-3.27449090707333e-11,0.995353748817458,0.0678362892163699
234.422881531991,-4.502088589847e-14,6.75903894155615e-13,9.76635105305759e-05,6.53843499759995e-06,-4.58886287494283e-10,-3.05656874716809e-11,0.995560910082018,0.0663059440233327
239.883291901947,-4.30031595922634e-14,6.60649767972495e-13,9.76829260819499e-05,6.39242655535856e-06,-4.38320132226277e-10,-2.8531230180366e-11,0.995758828067721,0.0648095180717183
245.470891568501,-4.10754968985505e-14,6.45734150367982e-13,9.77014749973002e-05,6.24969414136619e-06,-4.18671970829706e-10,-2.66319494323253e-11,0.995947911750126,0.0633462998151463
251.188643150956,-3.92339097881602e-14,6.3114991266101e-13,9.77191956512279e-05,6.11016958039111e-06,-3.99901154653916e-10,-2.4858889324286e-11,0.99612855231172,0.0619155899238263
257.039578276885,-3.74745840181068e-14,6.1689005050241e-13,9.7736124746184e-05,5.97378590374642e-06,-3.81968806282067e-10,-2.32036845328523e-11,0.996301123889451,0.0605167012655349
263.026799189536,-3.57938718288194e-14,6.02947683515525e-13,9.77522973829518e-05,5.84047734607305e-06,-3.64837744872352e-10,-2.16585216848922e-11,0.996465984293205,0.0591489588704414
269.15348039269,-3.41882848178887e-14,5.8931605479301e-13,9.77677471283692e-05,5.71017934067808e-06,-3.48472414426446e-10,-2.02161031566894e-11,0.996623475696156,0.0578116998811844
275.422870333815,-3.26544872843612e-14,5.75988530244906e-13,9.77825060803802e-05,5.58282851356425e-06,-3.32838814879846e-10,-1.8869613329999e-11,0.996773925297884,0.0565042734895031
281.838293126443,-3.118929023143e-14,5.62958597769252e-13,9.7796606732749e-05,5.45836287655331e-06,-3.17904435898856e-10,-1.76126872498225e-11,0.996917645848064,0.0552260418783765
288.403150312659,-2.97896428658852e-14,5.50219866625242e-13,9.78100748267967e-05,5.33672101336305e-06,-3.03638193500437e-10,-1.64393797706715e-11,0.997054936715295,0.053976376041651
295.120922666636,-2.84526300815257e-14,5.37766066054741e-13,9.78229402201634e-05,5.21784328575098e-06,-2.90010368856069e-10,-1.53441398885675e-11,0.99718608377982,0.0527546618624816
301.9951720402,-2.71754644136765e-14,5.25591044469326e-13,9.78352297353669e-05,5.10167100851912e-06,-2.76992549937157e-10,-1.43217835670525e-11,0.997311360464642,0.051560295867386
309.029543251357,-2.595548106773e-14,5.13688768224776e-13,9.78469690142564e-05,4.988146643514e-06,-2.6455757534891e-10,-1.33674698826362e-11,0.997431028157276,0.050392686153349
316.227766016836,-2.47901326847412e-14,5.02053320383753e-13,9.78581825688358e-05,4.87721378802236e-06,-2.52679480493561e-10,-1.24766784598873e-11,0.997545336727837,0.0492512522666659
323.593656929626,-2.36769842466843e-14,4.90678899416479e-13,9.78688938300018e-05,4.76881716253647e-06,-2.41333445945781e-10,-1.16451883393631e-11,0.997654525025859,0.0481354250753072
331.131121482589,-2.26137082405612e-14,4.79559817840302e-13,9.78791251942716e-05,4.66290259795721e-06,-2.30495747955681e-10,-1.08690582510303e-11,0.997758821356633,0.0470446466355411
338.8441561392,-2.15980799840195e-14,4.68690500809626e-13,9.78888980685749e-05,4.55941702232109e-06,-2.20143711002718e-10,-1.0144608158267e-11,0.997858443937804,0.045978370053495
346.736850452529,-2.06279731912606e-14,4.58065484658499e-13,9.78982329131841e-05,4.458308447084e-06,-2.1025566232155e-10,-9.46840203189105e-12,0.997953601336992,0.0449360593422939
354.813389233573,-1.97013556581289e-14,4.47679415407174e-13,9.79071492828515e-05,4.35952595304913e-06,-2.00810888327661e-10,-8.83723172165456e-12,0.998044492891139,0.0439171892753576
363.078054770099,-1.88162852018634e-14,4.37527047231571e-13,9.79156658662239e-05,4.26301967597137e-06,-1.91789592867017e-10,-8.24810191957123e-12,0.99813130910829,0.0429212452364039
371.53522909717,-1.79709057301656e-14,4.2760324090628e-13,9.79238005235992e-05,4.16874079189281e-06,-1.83172857221973e-10,-7.69821609042165e-12,0.998214232052474,0.0419477230666583
380.189396320558,-1.7163443467298e-14,4.17902962224113e-13,9.79315703230907e-05,4.07664150227144e-06,-1.7494260180427e-10,-7.18496332284759e-12,0.99829343571236,0.0409961289097337
389.045144994278,-1.63922036722033e-14,4.08421280370616e-13,9.79389933854026e-05,3.98667516443053e-06,-1.67081549458381e-10,-6.70590618124446e-12,0.998369086294779,0.0400659797951226
398.107170553494,-1.56555659592825e-14,3.99153366407557e-13,9.79460816768234e-05,3.8987956909901e-06,-1.5957319037286e-10,-6.25876872766904e-12,0.998441342803588,0.0391568005009201
407.38027780411,-1.4951982858356e-14,3.90094491494252e-13,9.7952851900627e-05,3.81295841763926e-06,-1.52401748383322e-10,-5.84142657509043e-12,0.998510356998031,0.0382681278876969
416.869383470332,-1.42799754087703e-14,3.81240025354038e-13,9.79593182881231e-05,3.72911949564998e-06,-1.4555214881568e-10,-5.45189635807892e-12,0.998576273948995,0.0373995077251257
426.579518801589,-1.36381304477246e-14,3.72585434607491e-13,9.79654944374841e-05,3.64723602534972e-06,-1.39009987653452e-10,-5.08832651268715e-12,0.998639232273298,0.0365504952885916
436.515832240163,-1.30250977141062e-14,3.64126281129363e-13,9.79713933415945e-05,3.56726604069848e-06,-1.32761502037623e-10,-4.74898854141541e-12,0.99869936441758,0.0357206551979915
446.68359215096,-1.24395870753454e-14,3.55858220405938e-13,9.79770274147041e-05,3.48916849386878e-06,-1.26793542034446e-10,-4.43226885395465e-12,0.998756796930002,0.0349095612565737
457.088189614872,-1.18803658882001e-14,3.47776999894662e-13,9.79824085179328e-05,3.41290323986696e-06,-1.21093543619103e-10,-4.13666115162706e-12,0.998811650720232,0.0341167962900503
467.735141287195,-1.13462566660594e-14,3.39878457375381e-13,9.79875497965116e-05,3.33843114237427e-06,-1.15649502820927e-10,-3.86075937981304e-12,0.99886404126699,0.033341952603049
478.630092322635,-1.08361338000971e-14,3.32158519379505e-13,9.79924584520555e-05,3.26571357111552e-06,-1.10449951010808e-10,-3.60325079002364e-12,0.998914079022815,0.0325846293380544
489.778819368442,-1.03489225338999e-14,3.24613199483517e-13,9.79971466410926e-05,3.19471312196749e-06,-1.05483931210615e-10,-3.36291017865808e-12,0.998961869388764,0.0318444360598174
501.187233627268,-9.88359586571916e-15,3.17238596759562e-13,9.80016242459264e-05,3.12539310891443e-06,-1.00740975480174e-10,-3.13859378693129e-12,0.99900751310286,0.0311209900876556
512.861383991361,-9.43917265008915e-15,3.10030894163437e-13,9.80059007076252e-05,3.0577176731105e-06,-9.62110832624949e-11,-2.92923396623837e-12,0.999051106405268,0.030413916969921
524.807460249769,-9.01471556672905e-15,3.02986356951076e-13,9.8009985045571e-05,2.99165176809515e-06,-9.18847006771194e-11,-2.73383412333651e-12,0.999092741237567,0.0297228503286549
537.031796370249,-8.60932932967264e-15,2.96101331100504e-13,9.80138876904547e-05,2.92716125075733e-06,-8.77527007139161e-11,-2.55146404511728e-12,0.999132505402038,0.0290474322433508
549.54087385762,-8.22215819705836e-15,2.89372241795763e-13,9.80176132451623e-05,2.86421244214113e-06,-8.38063643056899e-11,-2.38125530273919e-12,0.999170482870488,0.0283873109356357
562.341325190345,-7.8523851597279e-15,2.82795591832894e-13,9.80211713870416e-05,2.80277275389136e-06,-8.00373622009166e-11,-2.22239742528102e-12,0.999206753766506,0.0277421438814317
575.439937337152,-7.49922958746048e-15,2.76367960139377e-13,9.80245696276901e-05,2.74281024451257e-06,-7.64377376585083e-11,-2.07413385964908e-12,0.999241394661627,0.0271115954740587
588.843655355584,-7.16194577590063e-15,2.70086000262812e-13,9.80278151426703e-05,2.68429371347084e-06,-7.29998898872194e-11,-1.93575843438846e-12,0.999274478701904,0.0264953374271023
602.559586074353,-6.83982151242629e-15,2.63946438882135e-13,9.80309166017e-05,2.62719278159955e-06,-6.97165582133996e-11,-1.80661204091208e-12,0.999306075735396,0.025893049108449
616.595001861477,-6.53217608555965e-15,2.57946074371149e-13,9.80338769221202e-05,2.57147749889051e-06,-6.65808069533151e-11,-1.68607937142677e-12,0.999336252558385,0.0253044154680371
630.957344480188,-6.23835963836471e-15,2.52081775314815e-13,9.80367041735313e-05,2.51711890242312e-06,-6.35860109335696e-11,-1.57358620502101e-12,0.999365072902035,0.0247291298059298
645.65422903465,-5.95775140040995e-15,2.46350479108764e-13,9.80394061460918e-05,2.46408870806496e-06,-6.07258416658064e-11,-1.46859656832979e-12,0.999392597646744,0.0241668921293584
660.693448007591,-5.68975807150799e-15,2.40749190572106e-13,9.80419849153459e-05,2.41235904043131e-06,-5.79942541287062e-11,-1.37061011397695e-12,0.999418885010961,0.023617407705304
676.082975391976,-5.43381326973873e-15,2.35274980533047e-13,9.80444477480257e-05,2.36190295341103e-06,-5.53854741216847e-11,-1.27915991556488e-12,0.999443990539888,0.0230803896411774
691.830970918931,-5.18937587735688e-15,2.29924984491934e-13,9.80467998510267e-05,2.31269406015394e-06,-5.28939861908939e-11,-1.19381013160795e-12,0.999467967311374,0.0225555569301929
707.945784384132,-4.95592912331973e-15,2.24696401273005e-13,9.8049048014129e-05,2.26470669087344e-06,-5.05145220811917e-11,-1.11415398606489e-12,0.999490866006329,0.0220426351863633
724.435960074984,-4.73297912565985e-15,2.19586491724253e-13,9.80511933555187e-05,2.21791555839786e-06,-4.8242049705132e-11,-1.03981174998761e-12,0.999512735087801,0.0215413548727961
741.310241300911,-4.52005450820673e-15,2.14592577393652e-13,9.80532440453909e-05,2.17229630931123e-06,-4.60717625903758e-11,-9.70429083461015e-13,0.999533620775452,0.0210514540425529
758.577575029177,-4.31670468565778e-15,2.09712039287444e-13,9.8055200784979e-05,2.12782487829001e-06,-4.3999069807982e-11,-9.05675188940244e-13,0.999553567283609,0.0205726749834352
776.247116628685,-4.12249953663429e-15,2.04942316592209e-13,9.80570695303669e-05,2.08447802331306e-06,-4.20195863348459e-11,-8.45241373647829e-13,0.999572616794227,0.0201047668797059
794.328234724275,-3.93702822044401e-15,2.00280905457205e-13,9.80588560523662e-05,2.04223307447449e-06,-4.01291238520551e-11,-7.88839518707849e-13,0.999590809599181,0.0196474844685434
812.830516164092,-3.75989811540658e-15,1.95725357793986e-13,9.80605604940916e-05,2.00106771399734e-06,-3.83236819507574e-11,-7.3620066999066e-13,0.999608184225603,0.0192005868562221
831.763771102664,-3.59073449492409e-15,1.91273280069898e-13,9.80621900963851e-05,1.9609604673728e-06,-3.65994397233338e-11,-6.87073859252295e-13,0.999624777415856,0.0187638399585096
851.138038202369,-3.42917918332842e-15,1.86922332165063e-13,9.80637446706443e-05,1.92189012767577e-06,-3.49527477366269e-11,-6.41224799360668e-13,0.999640624316891,0.0183370135065256
870.963589956073,-3.27489033646232e-15,1.82670226208276e-13,9.80652311415622e-05,1.88383629771277e-06,-3.33801203540875e-11,-5.98434872757593e-13,0.999655758447064,0.017919883749005
891.250938133738,-3.12754115230439e-15,1.78514725475912e-13,9.80666472006139e-05,1.84677877648667e-06,-3.18782284074531e-11,-5.58499983354713e-13,0.999670211880292,0.0175122302671671
912.010839355902,-2.9868199097361e-15,1.74453643264435e-13,9.80680031184031e-05,1.81069833316613e-06,-3.04438921861212e-11,-5.2122971816378e-13,0.999684015169847,0.0171138398601361
933.254300796983,-2.85242848305107e-15,1.70484841839472e-13,9.80692963102925e-05,1.77557579544157e-06,-2.907407474878e-11,-4.86446290690549e-13,0.999697197575797,0.0167245018426357
954.992586021428,-2.7240824093494e-15,1.66606231351826e-13,9.80705331492801e-05,1.74139280318016e-06,-2.7765875523729e-11,-4.53983818496272e-13,0.999709786990446,0.0163440118288157
977.237220955802,-2.60150984010215e-15,1.62815768813676e-13,9.80717144333945e-05,1.70813129981434e-06,-2.65165242014208e-11,-4.23687454464231e-13,0.999721810084608,0.0159721690853172
999.999999999991,-2.48445114442274e-15,1.5911145707358e-13,9.8072840842935e-05,1.67577371417305e-06,-2.53233748958144e-11,-3.95412680505198e-13,0.999733292329886,0.015608777403218
1023.29299228075,-2.3726584920571e-15,1.55491343813634e-13,9.80739183986734e-05,1.64430311788352e-06,-2.41839005667223e-11,-3.69024639207388e-13,0.999744258026658,0.0152536458465824
1047.12854805089,-2.26589504646993e-15,1.51953520579287e-13,9.807494756161e-05,1.61370287237415e-06,-2.30956876931925e-11,-3.44397445609135e-13,0.9997547304108,0.014906586900876
1071.5193052376,-2.1639346171277e-15,1.4849612181483e-13,9.80759286901502e-05,1.5839567986042e-06,-2.20564311826056e-11,-3.21413612578053e-13,0.99976473167314,0.0145674172859671
1096.47819614317,-2.06656129756381e-15,1.45117323919832e-13,9.80768674981207e-05,1.55504932402521e-06,-2.10639295075351e-11,-2.9996350758874e-13,0.999774282983883,0.0142359586539891
1122.01845430195,-1.97356876083063e-15,1.41815344335081e-13,9.80777641528276e-05,1.52696515317349e-06,-2.011608006149e-11,-2.79944792898577e-13,0.999783404585615,0.0139120358604395
1148.15362149687,-1.88475999184947e-15,1.38588440635016e-13,9.80786205500752e-05,1.49968947559757e-06,-1.92108747204962e-11,-2.61261963232418e-13,0.99979211580343,0.0135954779743046
1174.89755493952,-1.7999468296998e-15,1.35434909644806e-13,9.80794385004753e-05,1.4732079041636e-06,-1.83463956040701e-11,-2.4382588426108e-13,0.999800435093967,0.0132861179150481
1202.2644346174,-1.71894956936778e-15,1.32353086574356e-13,9.80802197332698e-05,1.44750646779903e-06,-1.75208110256391e-11,-2.27553367639648e-13,0.999808380084386,0.0129837923676555
1230.26877081237,-1.64159658333455e-15,1.29341344170167e-13,9.80809658999833e-05,1.42257160440189e-06,-1.67323716241609e-11,-2.12366774642211e-13,0.999815967609587,0.012688341699434
1258.92541179416,-1.56772395751153e-15,1.26398091884835e-13,9.80816785779112e-05,1.39839015397131e-06,-1.59794066688872e-11,-1.98193645869741e-13,0.99982321374778,0.0123996098785378
1288.24955169312,-1.49717514697004e-15,1.23521775063809e-13,9.80823592734523e-05,1.37494935191322e-06,-1.52603205295533e-11,-1.84966356092611e-13,0.999830133854446,0.0121174443941927
1318.2567385564,-1.42980064263758e-15,1.20710874149235e-13,9.80830094252921e-05,1.35223682254382e-06,-1.45735893046395e-11,-1.72621791534278e-13,0.999836742594789,0.0118416961785903
1348.96288259164,-1.36545765811723e-15,1.17963903900469e-13,9.80836304074432e-05,1.33024057278122e-06,-1.39177576006444e-11,-1.61101049314659e-13,0.99984305397473,0.0115722195304233
1380.38426460287,-1.30400984987901e-15,1.15279412630547e-13,9.80842253503575e-05,1.30894902715568e-06,-1.32914354555905e-11,-1.5034915912235e-13,0.99984908136577,0.0113088722496702
1412.53754462274,-1.24532690821442e-15,1.12655981462069e-13,9.80847900526616e-05,1.28835081619587e-06,-1.26932954007576e-11,-1.4031480717959e-13,0.999854837556981,0.0110515145161548
1445.43977074591,-1.18928452564168e-15,1.1009222359073e-13,9.80853311658846e-05,1.26843518202281e-06,-1.21220696531692e-11,-1.30950119700177e-13,0.999860334734593,0.0108000109141872
1479.10838816819,-1.13576391039908e-15,1.07586783574984e-13,9.80858498332094e-05,1.24919159980724e-06,-1.15765474351225e-11,-1.22210408629526e-13,0.999865584551093,0.0105542284616869
1513.56124843619,-1.08465159321515e-15,1.05138336634587e-13,9.80863453280903e-05,1.23060986112651e-06,-1.10555724131699e-11,-1.14053965619858e-13,0.999870598138914,0.0103140369938206
1548.81661891247,-1.03583920960731e-15,1.02745587965011e-13,9.80868168747835e-05,1.21268010967214e-06,-1.05580402520454e-11,-1.06441865643955e-13,0.999875386129328,0.0100793093043726
1584.8931924611,-9.89223326394395e-16,1.00407272066036e-13,9.80872691056941e-05,1.19539294348575e-06,-1.00828962782453e-11,-9.93377869034791e-14,0.999879958664219,0.00984992162677823
1621.81009735892,-9.44705103509155e-16,9.81221520882864e-14,9.80877011534512e-05,1.17873918756457e-06,-9.62913324876746e-12,-9.27078251840163e-14,0.999884325440677,0.00962575243582143
1659.58690743755,-9.02190150029661e-16,9.58890191901984e-14,9.80881121078251e-05,1.16271000414649e-06,-9.19578921956999e-12,-8.65203390931443e-14,0.999888495719198,0.00940668297065355
1698.24365246173,-8.61588368316053e-16,9.37066919094056e-14,9.80885064729933e-05,1.14729698830196e-06,-8.7819455097344e-12,-8.07458031886097e-14,0.999892478333943,0.00919259768352355
1737.80082874936,-8.22813664592751e-16,9.15740155505089e-14,9.80888832589068e-05,1.13249195587452e-06,-8.38672475724756e-12,-7.53566575622693e-14,0.999896281731596,0.00898338312121411
1778.27941003891,-7.85783833276352e-16,8.94898615830041e-14,9.80892432566661e-05,1.1182870785359e-06,-8.00928906174143e-12,-7.03271828721748e-14,0.999899913975644,0.00877892857574065
1819.70085860997,-7.5042036649143e-16,8.74531270539464e-14,9.80895872217967e-05,1.10467484471834e-06,-7.64883821075475e-12,-6.56333760347706e-14,0.99990338276689,0.008579125848255
1862.08713666285,-7.16648287426778e-16,8.54627340131379e-14,9.80899158758486e-05,1.0916480557132e-06,-7.3046079855937e-12,-6.1252835679174e-14,0.999906695459755,0.00838386919265643
1905.46071796323,-6.84396005158437e-16,8.35176289506872e-14,9.80902317264627e-05,1.07919985177854e-06,-6.97586854323867e-12,-5.71646564142991e-14,0.999909859075354,0.00819305541233271
1949.84459975803,-6.53595110292482e-16,8.16167822479795e-14,9.80905317946899e-05,1.06732358863028e-06,-6.66192287099844e-12,-5.3349324657283e-14,0.999912880326447,0.0080065831951813
1995.26231496886,-6.24180320527676e-16,7.97591876383963e-14,9.80908203461419e-05,1.05601304339897e-06,-6.36210531037012e-12,-4.97886331272757e-14,0.999915765614092,0.00782435412772841
2041.73794466951,-5.96089254622101e-16,7.79438616827937e-14,9.80910961625306e-05,1.04526220339948e-06,-6.07578014743493e-12,-4.64655866560913e-14,0.999918521058526,0.00764627158364156
2089.29613085402,-5.69262327754316e-16,7.61698432546513e-14,9.80913561799129e-05,1.03506532717762e-06,-5.80234026641179e-12,-4.33643235346749e-14,0.99992115250643,0.00747224100024511
2137.96208950221,-5.43642709383335e-16,7.44361930358363e-14,9.80916100387605e-05,1.02541715700857e-06,-5.54120586364289e-12,-4.04700461711059e-14,0.999923665527059,0.00730217092724327
2187.76162394953,-5.19176032193918e-16,7.27419930272812e-14,9.80918509875451e-05,1.01631247931625e-06,-5.29182321963751e-12,-3.77689374171074e-14,0.99992606545748,0.00713597075238832
2238.72113856832,-4.95810425937844e-16,7.10863460657568e-14,9.80920813442181e-05,1.00774650445279e-06,-5.05366352592782e-12,-3.52481060570903e-14,0.999928357384578,0.00697355260337985
2290.86765276775,-4.73496352807986e-16,6.94683753543838e-14,9.80923034043284e-05,9.99714725259671e-07,-4.8262217648652e-12,-3.28955210460668e-14,0.999930546166639,0.00681483059364301
2344.2288153199,-4.52186468764441e-16,6.7887224003193e-14,9.80925121673731e-05,9.92212817947299e-07,-4.60901563972138e-12,-3.06999518275731e-14,0.999932636450186,0.00665972028400687
2398.83291901947,-4.31835619586086e-16,6.63420545781583e-14,9.80927153429593e-05,9.85236911454218e-07,-4.40158455275081e-12,-2.86509214190583e-14,0.99993463266102,0.00650814002274057
2454.70891568501,-4.12400632254822e-16,6.48320486630647e-14,9.80929097092003e-05,9.78783265369668e-07,-4.20348862937243e-12,-2.67386486186537e-14,0.999936539035686,0.00636000927145757
2511.88643150955,-3.93840292900611e-16,6.33564064287017e-14,9.80930956628377e-05,9.72848465223553e-07,-4.01430778604398e-12,-2.49540061276667e-14,0.999938359616829,0.0062152495678495
2570.39578276884,-3.76115241935445e-16,6.19143462128212e-14,9.80932735827778e-05,9.67429371067502e-07,-3.83364084011169e-12,-2.32884757777451e-14,0.999940098265205,0.00607378423176037
2630.26799189535,-3.59187897604795e-16,6.05051041091528e-14,9.80934456496077e-05,9.62523137484905e-07,-3.66110465965193e-12,-2.17341083033121e-14,0.999941758666553,0.00593553843492628
2691.53480392689,-3.43022348985534e-16,5.9127933566003e-14,9.80936085715176e-05,9.58127125225833e-07,-3.49633335155424e-12,-2.02834837403514e-14,0.999943344344696,0.00580043871886808
2754.22870333814,-3.27584332911704e-16,5.77821049928827e-14,9.80937681347473e-05,9.54239072124136e-07,-3.33897748604762e-12,-1.89296792235041e-14,0.999944858658602,0.00566841383441881
2818.38293126442,-3.12841085219493e-16,5.64669053774392e-14,9.80939173796328e-05,9.5085683812432e-07,-3.18870335617946e-12,-1.76662314274581e-14,0.999946304824557,0.00553939341067908
2884.03150312657,-2.98761357597373e-16,5.51816379091026e-14,9.809406206344e-05,9.47978696309165e-07,-3.04519227047963e-12,-1.6487110773554e-14,0.999947685905893,0.00541330940679203
2951.20922666635,-2.85315289891843e-16,5.39256216128443e-14,9.8094202473739e-05,9.45603123383293e-07,-2.90813987752472e-12,-1.53866890614454e-14,0.99994900483167,0.00529009501301543
3019.95172040198,-2.72474355339765e-16,5.2698190990344e-14,9.80943352476605e-05,9.4372882461155e-07,-2.77725552082588e-12,-1.43597131785699e-14,0.999950264401129,0.00516968474645038
3090.29543251356,-2.60211336346322e-16,5.14986956689418e-14,9.80944661037773e-05,9.42354866050044e-07,-2.6522616227118e-12,-1.34012819591103e-14,0.999951467282545,0.00505201509412904
3162.27766016834,-2.48500210430157e-16,5.0326500059429e-14,9.80945898363231e-05,9.41480465883188e-07,-2.53289309596751e-12,-1.25068197987492e-14,0.99995261602994,0.00493702341817502
3235.93656929625,-2.37316150084283e-16,4.91809830203894e-14,9.80947103221015e-05,9.41105199589454e-07,-2.41889678187229e-12,-1.16720577034259e-14,0.999953713077721,0.00482464897089295
3311.31121482588,-2.26635431082225e-16,4.8061537531033e-14,9.80948259708686e-05,9.41228852312931e-07,-2.31003091355845e-12,-1.08930108939928e-14,0.999954760753458,0.00471483211094791
3388.44156139199,-2.16435401383914e-16,4.69675703708127e-14,9.809493700089e-05,9.41851491787632e-07,-2.20606460347525e-12,-1.01659607717057e-14,0.999955761279083,0.00460751464445091
3467.36850452528,-2.06694432159544e-16,4.58985018064518e-14,9.80950454394325e-05,9.42973466401542e-07,-2.10677735391417e-12,-9.48743709958449e-15,0.999956716775795,0.00450263978407085
3548.13389233572,-1.97391856371525e-16,4.4853765286147e-14,9.80951478480299e-05,9.44595339516519e-07,-2.01195858955441e-12,-8.85420072096907e-15,0.999957629271592,0.00440015178318616
3630.78054770097,-1.88507955411179e-16,4.38328071402494e-14,9.80952498732709e-05,9.4671802045726e-07,-1.92140721101466e-12,-8.26322949615699e-15,0.999958500699591,0.00429999657265199
3715.35229097168,-1.80023876677501e-16,4.28350862893197e-14,9.80953462404168e-05,9.49342587742985e-07,-1.8349311685138e-12,-7.71170204166475e-15,0.999959332910127,0.00420212082886766
3801.89396320557,-1.71921633181674e-16,4.1860073958068e-14,9.80954407606012e-05,9.52470464745531e-07,-1.75234705467734e-12,-7.19698603120023e-15,0.999960127666873,0.00410647283772856
3890.45144994276,-1.6418404044324e-16,4.09072533963039e-14,9.80955335995824e-05,9.56103309412981e-07,-1.67347971568448e-12,-6.71662452277246e-15,0.999960886655506,0.00401300190183336
3981.07170553493,-1.56794684402702e-16,3.99761196059295e-14,9.80956230968735e-05,9.60243033011621e-07,-1.59816187989551e-12,-6.26832444101145e-15,0.999961611486409,0.00392165840415304
4073.80277804108,-1.4973789567097e-16,3.90661790740659e-14,9.80957112225359e-05,9.64891844482813e-07,-1.52623380318389e-12,-5.84994599951472e-15,0.999962303696333,0.00383239400329759
4168.69383470331,-1.42998704224643e-16,3.81769495123718e-14,9.80957963022208e-05,9.70052193943055e-07,-1.45754293022964e-12,-5.45949199809911e-15,0.999962964753986,0.0037451613136145
4265.79518801588,-1.36562816750086e-16,3.73079596020886e-14,9.80958784739378e-05,9.75726817061678e-07,-1.39194357104307e-12,-5.09509865578852e-15,0.999963596061414,0.00365991409993849
4365.15832240161,-1.30416585480129e-16,3.64587487449246e-14,9.80959596883654e-05,9.81918734929005e-07,-1.32929659204382e-12,-4.75502666966489e-15,0.999964198957097,0.00357660724506254
4466.83592150958,-1.24546974302414e-16,3.56288668196006e-14,9.80960400714678e-05,9.88631228750203e-07,-1.26946912103856e-12,-4.43765272682536e-15,0.999964774719798,0.00349519658869369
4570.8818961487,-1.18941531452584e-16,3.48178739438605e-14,9.80961179247462e-05,9.95867843071874e-07,-1.21233426546964e-12,-4.14146177908227e-15,0.999965324571168,0.00341563891182651
4677.35141287193,-1.13588370164459e-16,3.40253402418222e-14,9.8096195182014e-05,1.00363242552803e-06,-1.15777084333814e-12,-3.86504006085047e-15,0.999965849676992,0.00333789210679356
4786.30092322633,-1.08476134231124e-16,3.32508456167031e-14,9.80962701342789e-05,1.01192907856623e-06,-1.10566312623665e-12,-3.60706801501016e-15,0.999966351151443,0.00326191489861952
4897.78819368441,-1.03593982694256e-16,3.24939795285703e-14,9.80963447053492e-05,1.02076221073985e-06,-1.05590059393901e-12,-3.36631429705909e-15,0.999966830057745,0.00318766707372826
5011.87233627267,-9.8931560344991e-17,3.17543407772222e-14,9.80964189955247e-05,1.03013650237099e-06,-1.00837770003495e-12,-3.1416296745518e-15,0.999967287411687,0.00311510927159061
5128.61383991359,-9.44789780323012e-17,3.10315372899303e-14,9.80964931006511e-05,1.04005692041359e-06,-9.62993648107476e-13,-2.9319416203823e-15,0.999967724183347,0.00304420302722805
5248.07460249767,-9.02267899431974e-17,3.03251859140135e-14,9.80965652934664e-05,1.05052871025857e-06,-9.19652177981421e-13,-2.736249140197e-15,0.999968141299474,0.00297491069569813
5370.31796370247,-8.61659804766324e-17,2.96349122140613e-14,9.80966392992218e-05,1.06155744206832e-06,-8.78261361588078e-13,-2.5536182050869e-15,0.999968539644129,0.00290719565409308
5495.40873857618,-8.22879331397801e-17,2.89603502738632e-14,9.80967115638684e-05,1.07314893765809e-06,-8.38733408018026e-13,-2.38317692805587e-15,0.999968920062869,0.00284102189466887
5623.41325190343,-7.85844226173199e-17,2.8301142502696e-14,9.80967821673752e-05,1.085309338969e-06,-8.0098447734169e-13,-2.22411171815188e-15,0.999969283362552,0.00277635433925509
5754.3993733715,-7.50475965644859e-17,2.76569394460701e-14,9.80968548239188e-05,1.09804510895623e-06,-7.64934502809162e-13,-2.07566336387357e-15,0.999969630313176,0.00271315880841397
5888.43655355582,-7.16699529431541e-17,2.70273996007932e-14,9.80969296065946e-05,1.11136299409814e-06,-7.30507021051048e-13,-1.93712323777666e-15,0.999969961650691,0.00265140179520136
6025.59586074351,-6.84443236157727e-17,2.64121892341967e-14,9.80970011286838e-05,1.12527002086443e-06,-6.97629009918738e-13,-1.8078299112293e-15,0.999970278078671,0.00259105041110321
6165.95001861475,-6.53638707654427e-17,2.58109822073998e-14,9.80970749136134e-05,1.13977358552619e-06,-6.66230733619785e-13,-1.68716630860352e-15,0.999970580267502,0.00253207280763283
6309.57344480186,-6.24220592489193e-17,2.52234598027139e-14,9.80971492064245e-05,1.15488136157721e-06,-6.36245594825263e-13,-1.57455640612686e-15,0.999970868858412,0.00247443766777739
6456.54229034648,-5.96126492739931e-17,2.46493105548587e-14,9.80972240682442e-05,1.1706013520324e-06,-6.07609993429234e-13,-1.46946265913026e-15,0.999971144463524,0.00241811443524464
6606.93448007588,-5.69296829503524e-17,2.40882300860449e-14,9.80973013764239e-05,1.18694189253643e-06,-5.80263191664788e-13,-1.3713834271441e-15,0.999971407667212,0.00236307329293417
6760.82975391974,-5.43674683659615e-17,2.35399209448136e-14,9.80973793680394e-05,1.20391162961725e-06,-5.54147185290004e-13,-1.2798504989448e-15,0.999971659027978,0.00230928501368232
6918.30970918928,-5.19205708768667e-17,2.30040924485022e-14,9.80974580966306e-05,1.22151955180005e-06,-5.29206580569678e-13,-1.19442694105332e-15,0.999971899078977,0.00225672108030827
7079.45784384129,-4.95838013578133e-17,2.24804605293039e-14,9.8097539432321e-05,1.23977499330574e-06,-5.05388476793248e-13,-1.11470500389345e-15,0.999972128329194,0.00220535366551948
7244.35960074981,-4.73522023438022e-17,2.1968747583834e-14,9.80976216052919e-05,1.25868761461506e-06,-4.82642354079637e-13,-1.04030411032104e-15,0.999972347265084,0.00215515549261588
7413.10241300908,-4.52210412924696e-17,2.14686823260822e-14,9.80977064814005e-05,1.2782674399317e-06,-4.60919966230257e-13,-9.70869125027753e-16,0.99997255635086,0.00210609998657166
7585.77575029174,-4.31857969374779e-17,2.09799996437368e-14,9.80977922867599e-05,1.29852483075898e-06,-4.4017523840439e-13,-9.06068578905474e-16,0.999972756030188,0.00205816109818951
7762.47116628682,-4.12421531427234e-17,2.0502440457742e-14,9.8097880883359e-05,1.319470522336e-06,-4.20364169398621e-13,-8.45593161740171e-16,0.999972946726449,0.00201131344838153
7943.28234724272,-3.93859871843542e-17,2.00357515850705e-14,9.80979723125101e-05,1.34111560606831e-06,-4.01444738324345e-13,-7.8915419028507e-16,0.999973128844144,0.00196553219668031
8128.30516164089,-3.76133612103624e-17,1.9579685604601e-14,9.80980647949312e-05,1.3634715362934e-06,-3.83376815484668e-13,-7.36482236319195e-16,0.99997330276971,0.00192079303241988
8317.63771102661,-3.59205166862399e-17,1.91340007260343e-14,9.80981620063718e-05,1.38655016429512e-06,-3.66122077261815e-13,-6.87325895602681e-16,0.999973468871793,0.0018770723051385
8511.38038202366,-3.43038615073892e-17,1.86984606618158e-14,9.80982603454949e-05,1.41036369549069e-06,-3.49643924835347e-13,-6.41450491106205e-16,0.999973627502988,0.00183434676185734
8709.6358995607,-3.27599678466031e-17,1.82728345019301e-14,9.80983634850427e-05,1.43492475108975e-06,-3.33907406557488e-13,-5.98637058821416e-16,0.99997377899952,0.00179259381654031
8912.50938133734,-3.12855602720687e-17,1.78568965915778e-14,9.80984696397045e-05,1.4602463270022e-06,-3.18879143822452e-13,-5.58681214420445e-16,0.999973923682868,0.001751791295233
9120.10839355898,-2.98775119181489e-17,1.74504264116037e-14,9.80985806606244e-05,1.48634183415319e-06,-3.04527260271331e-13,-5.2139223612942e-16,0.999974061859813,0.00171191759447331
9332.54300796979,-2.85328355587672e-17,1.70532084616623e-14,9.80986947599156e-05,1.51322507952606e-06,-2.90821314183315e-13,-4.86592112752972e-16,0.999974193823569,0.00167295153835032
9549.92586021424,-2.72486794709581e-17,1.66650321460232e-14,9.80988137862835e-05,1.54091029869879e-06,-2.77732233909241e-13,-4.54114732827082e-16,0.999974319853946,0.0016348724957733
9772.37220955798,-2.60223192761429e-17,1.62856916619869e-14,9.80989359495286e-05,1.56941213862172e-06,-2.65232256211096e-13,-4.2380505518025e-16,0.999974440218378,0.00159766024396331
9999.99999999987,-2.48511541904331e-17,1.59149858908229e-14,9.80990630961704e-05,1.59874568933516e-06,-2.53294867376226e-13,-3.95518403094635e-16,0.999974555172079,0.00156129508044394
10232.9299228074,-2.37326999748972e-17,1.55527182911994e-14,9.80991952528332e-05,1.62892647383173e-06,-2.41894746981812e-13,-3.69119747952454e-16,0.999974664958893,0.0015257577209658
10471.2854805089,-2.26645842112687e-17,1.51986967950289e-14,9.80993324451934e-05,1.65997046228106e-06,-2.31007714190049e-13,-3.4448307393207e-16,0.999974769811696,0.00149102932029974
10715.1930523759,-2.16445412737764e-17,1.48527337056837e-14,9.80994746980334e-05,1.69189408036341e-06,-2.20610676460282e-13,-3.2149077649275e-16,0.999974869952901,0.00145709146224373
10964.7819614317,-2.06704078710693e-17,1.45146455985243e-14,9.80996238541892e-05,1.72471422288378e-06,-2.10681580569299e-13,-3.00033105991352e-16,0.999974965594851,0.00142392617625852
11220.1845430195,-1.97401173060652e-17,1.41842532236947e-14,9.80997781179182e-05,1.75844824693017e-06,-2.01199365835978e-13,-2.80007626828985e-16,0.999975056940499,0.00139151584751771
11481.5362149687,-1.88516966463848e-17,1.38613814111193e-14,9.80999393305257e-05,1.79311400178017e-06,-1.92143919450918e-13,-2.61318751320878e-16,0.999975144183534,0.00135984331444368
11748.9755493951,-1.800326106253e-17,1.354585897767e-14,9.81001056948327e-05,1.82872981774329e-06,-1.83496033816573e-13,-2.43877262134826e-16,0.999975227509084,0.0013288917551602
12022.644346174,-1.71930118573173e-17,1.32375186364339e-14,9.8100282688597e-05,1.86531454494931e-06,-1.75237365807133e-13,-2.27599914373282e-16,0.999975307093706,0.00129864482879519
12302.6877081237,-1.64192293451819e-17,1.29361969080593e-14,9.81004648755968e-05,1.90288751508727e-06,-1.67350397862106e-13,-2.12408993387654e-16,0.999975383106411,0.00126908642038068
12589.2541179415,-1.56802725345757e-17,1.26417340340999e-14,9.81006540946345e-05,1.94146859953947e-06,-1.59818400830647e-13,-1.98231988926907e-16,0.99997545570837,0.00124020087873659
12882.4955169312,-1.49745745290218e-17,1.23539738923423e-14,9.81008540028946e-05,1.98107820435778e-06,-1.52625398488233e-13,-1.85001233174079e-16,0.999975525053476,0.00121197292990142
13182.5673855639,-1.43006378254981e-17,1.20727639140595e-14,9.8101060981496e-05,2.02173725873112e-06,-1.45756133650277e-13,-1.7265356077659e-16,0.999975591288939,0.00118438755677156
13489.6288259164,-1.36570334025338e-17,1.17979550031374e-14,9.81012786867115e-05,2.06346726164264e-06,-1.39196035810684e-13,-1.61130035676628e-16,0.999975654555152,0.00115743017306965
13803.8426460287,-1.3042395531853e-17,1.15294014570522e-14,9.81015034988246e-05,2.10629025799991e-06,-1.32931190236993e-13,-1.50375643354008e-16,0.999975714986418,0.00113108643780989
14125.3754462274,-1.24554211762264e-17,1.12669608896339e-14,9.81017408922528e-05,2.1502288879427e-06,-1.2694830845627e-13,-1.40339055484528e-16,0.999975772710779,0.0011053424419308
14454.3977074591,-1.1894864747512e-17,1.10104941555989e-14,9.81019872465987e-05,2.19530635713061e-06,-1.21234700069426e-13,-1.30972355977111e-16,0.999975827850775,0.00108018448872325
14791.0838816819,-1.13595374174451e-17,1.07598652767889e-14,9.81022443978772e-05,2.24154648151287e-06,-1.1577824583394e-13,-1.22230834851986e-16,0.999975880523324,0.00105559925487732
15135.6124843619,-1.08483038457848e-17,1.0514941370093e-14,9.81025141818557e-05,2.2889736869397e-06,-1.10567371958078e-13,-1.14072766001597e-16,0.999975930840112,0.00103157371912878
15488.1661891246,-1.03600793739028e-17,1.02755925770105e-14,9.81027947962898e-05,2.33761301439428e-06,-1.05591025552009e-13,-1.0645920395268e-16,0.999975978907914,0.00100809511806006
15848.9319246109,-9.89382875302112e-18,1.00416919948117e-14,9.81030898954581e-05,2.3874901516896e-06,-1.00838651183735e-13,-9.9353808801642e-17,0.999976024828611,0.000985151035017398
16218.1009735891,-9.44856274747261e-18,9.81311560926999e-15,9.81033976767963e-05,2.43863142405931e-06,-9.63001684901908e-14,-9.27226602438286e-17,0.999976068699649,0.000962729280067911
16595.8690743754,-9.02333684773293e-18,9.58974222892051e-15,9.81037181565322e-05,2.49106382281539e-06,-9.19659507959352e-14,-8.65341041233773e-17,0.999976110614082,0.000940817959597809
16982.4365246172,-8.61724937395658e-18,9.37145342081579e-15,9.81040549886221e-05,2.54481502177939e-06,-8.78268046941459e-14,-8.0758602084729e-17,0.99997615066075,0.000919405484964724
17378.0082874935,-8.22943873757326e-18,9.15813344774486e-15,9.81044063702804e-05,2.59991337443755e-06,-8.38739505466104e-14,-7.53685826527835e-17,0.999976188924628,0.000898480479156117
17782.794100389,-7.85908243973198e-18,8.9496692068778e-15,9.8104774136518e-05,2.65638794527678e-06,-8.00990038613092e-14,-7.03383175550965e-17,0.999976225486846,0.000878031858019389
18197.0085860996,-7.50539485198559e-18,8.74595016980867e-15,9.81051583034736e-05,2.71426851454481e-06,-7.6493957508145e-14,-6.56437944125853e-17,0.999976260424953,0.00085804877284819
18620.8713666284,-7.16762583572924e-18,8.54686832396141e-15,9.810556070625e-05,2.77358559959417e-06,-7.30511647350636e-14,-6.12626047153688e-17,0.999976293813025,0.000838520637610142
19054.6071796322,-6.84505875340955e-18,8.35231811533014e-15,9.81059795422433e-05,2.83437046121049e-06,-6.97633229485675e-14,-5.71738333983648e-17,0.9999763257219,0.000819437075969245
19498.4459975802,-6.53700972666865e-18,8.16219639252043e-15,9.81064202845889e-05,2.8966551373355e-06,-6.66234582241928e-14,-5.33579656126561e-17,0.999976356219178,0.000800788008402366
19952.6231496885,-6.24282503026495e-18,7.97640235206709e-15,9.81068793120776e-05,2.96047243222852e-06,-6.36249105141404e-14,-4.97967838599703e-17,0.999976385369586,0.000782563509404071
20417.379446695,-5.96188084568878e-18,7.79483748499258e-15,9.81073602793098e-05,3.02585595954308e-06,-6.07613195206294e-14,-4.64732905216126e-17,0.999976413234896,0.000764753938325671
20892.9613085401,-5.69358119125704e-18,7.6174055245845e-15,9.81078632033171e-05,3.09284014188282e-06,-5.80266112050656e-14,-4.337162057124e-17,0.9999764398742,0.000747349844495665
21379.620895022,-5.43735701571621e-18,7.44401239535977e-15,9.81083899203061e-05,3.16146023593422e-06,-5.54149849043723e-14,-4.04769687290444e-17,0.999976465343964,0.000730342006122261
21877.6162394952,-5.19266477391655e-18,7.27456616319103e-15,9.81089404478884e-05,3.23175234503981e-06,-5.29209010271774e-14,-3.7775517110316e-17,0.999976489698195,0.000713721397379723
22387.2113856831,-4.95898548159356e-18,7.1089769865674e-15,9.8109516622924e-05,3.30375344223532e-06,-5.05390693037496e-14,-3.52543708333988e-17,0.999976512988508,0.000697479211049956
22908.6765276774,-4.73582333145836e-18,6.94715706896511e-15,9.8110116644849e-05,3.37750138088011e-06,-4.82644375647701e-14,-3.29014944141752e-17,0.999976535264295,0.000681606814452378
23442.2881531989,-4.52270526358686e-18,6.78902061230075e-15,9.81107478080371e-05,3.45303493073934e-06,-4.60921810251269e-14,-3.07056586858548e-17,0.999976556572707,0.000666095834248189
23988.3291901946,-4.31917899149875e-18,6.63448377144599e-15,9.81114064939029e-05,3.5303937698794e-06,-4.40176920500242e-14,-2.86563804067138e-17,0.999976576958942,0.000650938012122398
24547.08915685,-4.1248128394834e-18,6.4834646097751e-15,9.81120945410717e-05,3.60961852610697e-06,-4.20365703816709e-14,-2.67438777990304e-17,0.999976596466186,0.000636125315043861
25118.8643150954,-3.93919463033111e-18,6.33588305572534e-15,9.81128156076138e-05,3.69075079201253e-06,-4.01446138058427e-14,-2.4959022404587e-17,0.999976615135744,0.000621649903782924
25703.9578276883,-3.7619305798833e-18,6.19166086034614e-15,9.81135697143773e-05,3.77383313787671e-06,-3.83378092385134e-14,-2.32932940277406e-17,0.999976633007169,0.000607504093693061
26302.6799189534,-3.59264470181607e-18,6.05072155581363e-15,9.81143587017409e-05,3.85890913959241e-06,-3.66123242136438e-14,-2.17387416350268e-17,0.9999766501183,0.000593680386325239
26915.3480392688,-3.43097786341121e-18,5.91299041488993e-15,9.81151825918522e-05,3.94602339512384e-06,-3.49644987540832e-14,-2.02879444770352e-17,0.999976666505372,0.000580171442668122
27542.2870333813,-3.27658722294927e-18,5.7783944113046e-15,9.81160450453848e-05,4.03522155237312e-06,-3.33908376083323e-14,-1.89339778636423e-17,0.999976682203052,0.000566970112056195
28183.8293126441,-3.12914524079345e-18,5.64686218103835e-15,9.81169460859705e-05,4.12655032266951e-06,-3.18880028367096e-14,-1.76703785422561e-17,0.999976697244562,0.000554069384874449
28840.3150312656,-2.98833923397962e-18,5.5183239844873e-15,9.81178893758638e-05,4.22005751124499e-06,-3.04528067311883e-14,-1.64911153088203e-17,0.999976711661703,0.000541462431425708
29512.0922666634,-2.85387047788964e-18,5.39271166948887e-15,9.81188749403771e-05,4.31579203188925e-06,-2.90822050538925e-14,-1.53905588731584e-17,0.999976725484963,0.000529142556761938
30199.5172040197,-2.72545374840412e-18,5.26995863518877e-15,9.81199046246448e-05,4.41380393612079e-06,-2.7773290579906e-14,-1.4363455988267e-17,0.999976738743553,0.000517103228214487
30902.9543251354,-2.60281675267331e-18,5.14999979673049e-15,9.81209839125822e-05,4.51414443852771e-06,-2.6523286930701e-14,-1.34049045211647e-17,0.999976751465453,0.000505338080185618
31622.7766016833,-2.48569925332519e-18,5.03277155074878e-15,9.81221110135159e-05,4.61686592942434e-06,-2.53295426851067e-14,-1.25103284948571e-17,0.999976763677538,0.000493840853733934
32359.3656929623,-2.37385287078474e-18,4.91821174164788e-15,9.81232895945725e-05,4.72202201248772e-06,-2.4189525755324e-14,-1.16754581082671e-17,0.999976775405556,0.000482605460180889
33113.1121482586,-2.26704035365404e-18,4.80625962864775e-15,9.81245215051209e-05,4.82966752232694e-06,-2.310081801606e-14,-1.08963082919348e-17,0.999976786674227,0.00047162593978314
33884.4156139197,-2.16503516768575e-18,4.69685585358007e-15,9.81258104146447e-05,4.9398585529048e-06,-2.20611101753895e-14,-1.01691601481663e-17,0.999976797507272,0.000460896476726408
34673.6850452526,-2.06762089405571e-18,4.58994240941744e-15,9.8127156356093e-05,5.05265247877085e-06,-2.10681968764646e-14,-9.49054262042176e-18,0.999976807927491,0.000450411370041609
35481.338923357,-1.97459089334067e-18,4.4854626095186e-15,9.81285611826618e-05,5.16810798623091e-06,-2.01199720196809e-14,-8.8572165198797e-18,0.99997681795678,0.000440165057030449
36307.8054770096,-1.88574793226594e-18,4.38336105757371e-15,9.81300322056741e-05,5.2862851029345e-06,-1.92144242953797e-14,-8.26615932586416e-18,0.999976827616165,0.000430152125310611
37153.5229097167,-1.80090350645853e-18,4.28358361823396e-15,9.81315694623197e-05,5.40724521369551e-06,-1.83496329176123e-14,-7.71454959415013e-18,0.999976836925899,0.000420367252689496
38018.9396320555,-1.71987760113422e-18,4.18607738840939e-15,9.81331729913498e-05,5.5310510949369e-06,-1.75237635499132e-14,-7.19975423782597e-18,0.999976845905468,0.000410805238494785
38904.5144994275,-1.64249845912215e-18,4.09079066921984e-15,9.81348519276804e-05,5.65776695010678e-06,-1.67350644144427e-14,-6.71931656656348e-18,0.9999768545736,0.000401461038001423
39810.7170553491,-1.56860186471168e-18,3.99767293858493e-15,9.81366044945211e-05,5.78745842155781e-06,-1.59818625762483e-14,-6.27094307708494e-18,0.999976862948375,0.000392329675495225
40738.0277804107,-1.49803108459445e-18,3.90667482443722e-15,9.81384343736043e-05,5.92019263301324e-06,-1.5262560394758e-14,-5.85249372659042e-18,0.999976871047202,0.00038340631073381
41686.9383470329,-1.43063648943725e-18,3.81774807854547e-15,9.81403488863703e-05,6.05603821729472e-06,-1.45756321349837e-14,-5.46197149730906e-18,0.999976878886864,0.000374686226942371
42657.9518801586,-1.36627502324003e-18,3.73084555093376e-15,9.81423444428188e-05,6.1950653355014e-06,-1.39196207312451e-14,-5.09751204611365e-18,0.999976886483587,0.00036616477248096
43651.5832240159,-1.30481024893757e-18,3.64592116488244e-15,9.8144430187372e-05,6.33734572486055e-06,-1.32931346965476e-14,-4.75737614944348e-18,0.999976893853013,0.000357837449356565
44668.3592150956,-1.24611176637824e-18,3.56292989249861e-15,9.81466079910193e-05,6.48295271493682e-06,-1.26948451710622e-14,-4.43994027873417e-18,0.999976901010278,0.000349699834154515
45708.8189614868,-1.19005506725446e-18,3.48182773084231e-15,9.8148881545947e-05,6.63196126615695e-06,-1.21234831034446e-14,-4.14368935379171e-18,0.999976907970018,0.000341747610458721
46773.5141287191,-1.13652124621657e-18,3.40257167859621e-15,9.81512545467433e-05,6.78444799956379e-06,-1.15778365590147e-14,-3.86720941613549e-18,0.999976914746403,0.000333976559657158
47863.0092322631,-1.08539678868994e-18,3.32511971326629e-15,9.81537343283221e-05,6.94049123256546e-06,-1.10567481490886e-14,-3.60918101278992e-18,0.999976921353152,0.000326382570838254
48977.8819368439,-1.03657316635151e-18,3.24943076890165e-15,9.81563173148e-05,7.10017100186144e-06,-1.05591125760087e-14,-3.36837235048249e-18,0.999976927803591,0.000318961589978337
50118.7233627264,-9.89946911803828e-19,3.17546471432106e-15,9.81590163031985e-05,7.26356911534554e-06,-1.00838742886646e-14,-3.14363443122556e-18,0.999976934110615,0.000311709708577903
51286.1383991357,-9.45419077368505e-19,3.10318233183562e-15,9.81618313610892e-05,7.4307691663722e-06,-9.63002524353436e-15,-2.93389450158159e-18,0.999976940286777,0.000304623065251754
52480.7460249764,-9.02895207322348e-19,3.03254529645529e-15,9.81647661968754e-05,7.60185658021939e-06,-9.19660276649341e-15,-2.73815153601178e-18,0.999976946344268,0.000297697898011158
53703.1796370244,-8.62285128833495e-19,2.9635161555689e-15,9.81678281599325e-05,7.77691864861652e-06,-8.78268751085843e-15,-2.55547141782025e-18,0.999976952294942,0.000290930540981925
54954.0873857616,-8.23502692227439e-19,2.89605830908676e-15,9.81710209651329e-05,7.95604456094168e-06,-8.38740150733425e-15,-2.38498227069892e-18,0.999976958150347,0.000284317400183543
56234.132519034,-7.86465625970557e-19,2.83013599003508e-15,9.81743483308088e-05,8.13932544396767e-06,-8.00990630172694e-15,-2.22587041602729e-18,0.999976963921736,0.000277854963200243
57543.9937337148,-7.51095402385007e-19,2.76571424559219e-15,9.81778194356283e-05,8.32685440138592e-06,-7.64940117647362e-15,-2.07737659948221e-18,0.99997696962007,0.000271539812434132
58884.365535558,-7.17316957081208e-19,2.70275891855644e-15,9.81814343675165e-05,8.51872654406005e-06,-7.3051214522165e-15,-1.93879204513415e-18,0.999976975256063,0.000265368582259866
60255.9586074348,-6.85058671676041e-19,2.64123662923585e-15,9.81852023128841e-05,8.71503903870918e-06,-6.97633686581817e-15,-1.80945547004802e-18,0.999976980840164,0.000259338008185719
61659.5001861472,-6.54252097625276e-19,2.58111475775008e-15,9.81891251866579e-05,8.91589113882763e-06,-6.66235002137848e-15,-1.68874958523744e-18,0.999976986382593,0.000253444880093862
63095.7344480183,-6.24831916456272e-19,2.5223614267351e-15,9.81932121837135e-05,9.12138423186937e-06,-6.36249491096661e-15,-1.5760984316226e-18,0.999976991893334,0.000247686079476331
64565.4229034645,-5.9673572239932e-19,2.46494548444173e-15,9.81974688656381e-05,9.3316218762185e-06,-6.07613550193129e-15,-1.47096442133377e-18,0.999976997382161,0.000242058548775341
66069.3448007586,-5.69903897668329e-19,2.40883648821871e-15,9.8201897160935e-05,9.54670984315564e-06,-5.80266438779226e-15,-1.37284579822579e-18,0.999977002858642,0.000236559290867757
67608.2975391971,-5.44279560141571e-19,2.35400468837182e-15,9.82065080975776e-05,9.76675616531919e-06,-5.54150149985158e-15,-1.28127442301281e-18,0.999977008332139,0.000231185398485473
69183.0970918925,-5.19808334991148e-19,2.30042101239044e-15,9.82113036141753e-05,9.99187117417533e-06,-5.29209287679182e-15,-1.19581327595558e-18,0.999977013811828,0.000225934008373943
70794.5784384127,-4.96438325065582e-19,2.24805704953303e-15,9.8216291111452e-05,1.02221675510328e-05,-5.05390948965139e-15,-1.11605457815083e-18,0.999977019306693,0.000220802334971721
72443.5960074979,-4.74119967225865e-19,2.19688503576357e-15,9.82214779957717e-05,1.0457760372673e-05,-4.8264461196846e-15,-1.04161776280065e-18,0.999977024825537,0.00021578765553274
74131.0241300906,-4.52805919711191e-19,2.14687783903086e-15,9.82268698604874e-05,1.06987671574799e-05,-4.60922028672626e-15,-9.72147643027846e-19,0.999977030376983,0.000210887304825392
75857.7575029172,-4.32450971197201e-19,2.09800894488288e-15,9.82324723051105e-05,1.09453079177313e-05,-4.40177122578771e-15,-9.07312738690946e-19,0.999977035969476,0.000206098678027687
77624.7116628679,-4.13011953444501e-19,2.05025244240863e-15,9.82382927544946e-05,1.11975052107805e-05,-4.20365890971362e-15,-8.46803711583713e-19,0.999977041611281,0.000201419233100555
79432.8234724269,-3.94447625626911e-19,2.00358301049992e-15,9.82443350024061e-05,1.1455484190015e-05,-4.01446311582635e-15,-7.90331838464439e-19,0.999977047310486,0.000196846478104064
81283.0516164086,-3.76718631838807e-19,1.95797590442589e-15,9.82506101252614e-05,1.17193726650866e-05,-3.8337825345782e-15,-7.37627724595155e-19,0.999977053074995,0.000192377992118511
83176.3771102658,-3.59787352065206e-19,1.91340694271319e-15,9.82571201122899e-05,1.19893011520933e-05,-3.66123391832089e-15,-6.88439885608509e-19,0.999977058912532,0.000188011391012063
85113.8038202363,-3.43617887065892e-19,1.86985249432466e-15,9.82638742360166e-05,1.22654029396374e-05,-3.49645126838667e-15,-6.42533676168834e-19,0.999977064830624,0.000183744358847514
87096.3589956067,-3.28175933729597e-19,1.82728946613002e-15,9.8270876320265e-05,1.25478141457247e-05,-3.33908505875673e-15,-5.99690074983482e-19,0.999977070836608,0.000179574621817789
89125.0938133731,-3.13428751707594e-19,1.78569529066161e-15,9.82781356539539e-05,1.28366737863761e-05,-3.18880149467028e-15,-5.59704713981473e-19,0.999977076937611,0.000175499967718807
91201.0839355895,-2.9934505633414e-19,1.74504791414894e-15,9.8285656078038e-05,1.31321238381332e-05,-3.04528180460172e-15,-5.22386833026541e-19,0.999977083140551,0.000171518224617783
93325.4300796976,-2.8589497760911e-19,1.70532578482555e-15,9.82934432615266e-05,1.34343093125544e-05,-2.90822156410395e-15,-4.87558416315675e-19,0.999977089452122,0.000167627273244122
95499.258602142,-2.73049990428913e-19,1.66650784150206e-15,9.83015028829901e-05,1.37433783263807e-05,-2.77733005008385e-15,-4.5505333050807e-19,0.99997709587878,0.000163825042478803
97723.7220955795,-2.60782863813634e-19,1.6285735023993e-15,9.83098442688043e-05,1.40594821823603e-05,-2.65232962413999e-15,-4.24716547421374e-19,0.999977102426733,0.000160109514194224
99999.9999999984,-2.49067568430831e-19,1.59150265423566e-15,9.83184676612607e-05,1.43827754434112e-05,-2.53295514365482e-15,-3.96403346796463e-19,0.999977109101928,0.000156478701255106
102329.299228074,-2.37879270984107e-19,1.55527564156283e-15,9.83273824081007e-05,1.47134160233264e-05,-2.41895339939193e-15,-3.69978707191521e-19,0.999977115910032,0.000152930676449341
104712.854805088,-2.27194242573638e-19,1.51987325634423e-15,9.83365924117637e-05,1.50515652712624e-05,-2.3100825784057e-15,-3.45316597612776e-19,0.999977122856419,0.000149463547701735
107151.930523759,-2.16989823244675e-19,1.4852767277708e-15,9.83461015866258e-05,1.53973880661074e-05,-2.20611175112391e-15,-3.22299400498148e-19,0.999977129946148,0.000146075466161187
109647.819614317,-2.07244374090371e-19,1.45146771230842e-15,9.83559138595449e-05,1.5751052912738e-05,-2.10682038151543e-15,-3.00817350317487e-19,0.999977137183951,0.000142764625216709
112201.845430195,-1.97937238403561e-19,1.41842828397205e-15,9.8366036808246e-05,1.61127320469356e-05,-2.01199785930398e-15,-2.80768019394875e-19,0.999977144574208,0.000139529264695843
114815.362149686,-1.89048668009901e-19,1.38614092482117e-15,9.83764671106709e-05,1.64826015379704e-05,-1.92144305323574e-15,-2.6205578622387e-19,0.99997715212093,0.000136367649166739
117489.755493951,-1.80559833293161e-19,1.35458851567155e-15,9.83872160102954e-05,1.68608414076177e-05,-1.83496388445323e-15,-2.445914528602e-19,0.999977159827736,0.00013327810326318
120226.443461739,-1.7245272215728e-19,1.32375432701852e-15,9.83982783953839e-05,1.7247635741735e-05,-1.75237691907047e-15,-2.28291733421516e-19,0.999977167697838,0.000130258967556847
123026.877081236,-1.64710154550935e-19,1.29362201016679e-15,9.84096600832769e-05,1.76431728191595e-05,-1.6735069790853e-15,-2.13078929548879e-19,0.999977175734013,0.000127308635493565
125892.541179415,-1.57315721007527e-19,1.26417558856219e-15,9.84213650887756e-05,1.80476452402711e-05,-1.59818677080353e-15,-1.98880524531882e-19,0.999977183938586,0.000124425534769427
128824.955169311,-1.50253740045645e-19,1.23539944932078e-15,9.84333901681877e-05,1.84612500592207e-05,-1.52625652998671e-15,-1.85628828008362e-19,0.999977192313409,0.000121608120025896
131825.673855639,-1.43509246160622e-19,1.20727833495067e-15,9.84457375524748e-05,1.88841889315894e-05,-1.45756368297096e-15,-1.73260680092308e-19,0.999977200859841,0.000118854888426073
134896.288259163,-1.37067943027083e-19,1.17979733526242e-15,9.84584058535647e-05,1.93166682587176e-05,-1.3919625230378e-15,-1.61717130646971e-19,0.999977209578728,0.00011616436732816
138038.426460286,-1.30916181816873e-19,1.1529418794634e-15,9.84713955219569e-05,1.97588993441355e-05,-1.32931390135088e-15,-1.50943168515958e-19,0.999977218470383,0.000113535120273089
141253.754462273,-1.25040924293316e-19,1.12669772843231e-15,9.84847033909348e-05,2.02110985525472e-05,-1.26948493180269e-15,-1.40887449440333e-19,0.999977227534573,0.000110965739801223
144543.97707459,-1.19429720677726e-19,1.1010509671694e-15,9.84983263153568e-05,2.06734874794723e-05,-1.2123487091454e-15,-1.31502057592726e-19,0.999977236770498,0.000108454851157706
147910.838816818,-1.14070687038377e-19,1.07598799741859e-15,9.85122648104972e-05,2.1146293124219e-05,-1.15778403980795e-15,-1.22742280750165e-19,0.99997724617678,0.000106001115436752
151356.124843618,-1.08952465139365e-19,1.05149553045757e-15,9.85265103207807e-05,2.16297480679639e-05,-1.10567518482826e-15,-1.14566380494304e-19,0.999977255751451,0.00010360321499608
154881.661891246,-1.04064215644851e-19,1.02756058005195e-15,9.85410597721688e-05,2.21240906609355e-05,-1.05591161435547e-15,-1.06935411956573e-19,0.999977265491943,0.000101259868784641
158489.319246109,-9.93955844498417e-20,1.00417045556989e-15,9.85559064788185e-05,2.26295652138164e-05,-1.00838777320139e-15,-9.98130262780382e-20,0.999977275395081,9.89698218253382e-05
162181.00973589,-9.49366849746055e-20,9.81312755253319e-16,9.8571043782147e-05,2.31464221955857e-05,-9.63002856943802e-16,-9.31653016532108e-20,0.999977285457075,9.67318485018939e-05
165958.690743753,-9.06780785521908e-20,9.58975359642475e-16,9.85864668710519e-05,2.36749184343577e-05,-9.19660598106838e-16,-8.69605825822024e-20,0.999977295673524,9.45447536020881e-05
169824.365246172,-8.66107459164573e-20,9.37146425150017e-16,9.86021636887571e-05,2.42153173253268e-05,-8.78269061964808e-16,-8.11693205359478e-20,0.999977306039417,9.24073629121112e-05
173780.082874935,-8.27260800245963e-20,9.15814377781446e-16,9.86181276666074e-05,2.47678890434866e-05,-8.38740451536342e-16,-7.57639445252518e-20,0.999977316549135,9.03185349951979e-05
177827.941003889,-7.9015860746694e-20,8.94967906998465e-16,9.86343504499607e-05,2.53329107586797e-05,-8.00990921355256e-16,-7.07187225444069e-20,0.999977327196461,8.82771534335328e-05
181970.085860995,-7.54722319841415e-20,8.74595959722021e-16,9.8650814624153e-05,2.5910666854756e-05,-7.64940399623101e-16,-6.60096341089272e-20,0.999977337974595,8.62821200154283e-05
186208.713666284,-7.20877023387905e-20,8.54687734471859e-16,9.86675155430531e-05,2.65014491545035e-05,-7.30512418366166e-16,-6.161427109108e-20,0.999977348876167,8.43323736687017e-05
190546.071796322,-6.88551117345387e-20,8.35232675639472e-16,9.86844395039312e-05,2.71055571428036e-05,-6.97633951236657e-16,-5.75117150744021e-20,0.999977359893259,8.24268703376491e-05
194984.459975801,-6.57676223579998e-20,8.16220467891415e-16,9.87015710249228e-05,2.77232981948927e-05,-6.66235258614047e-16,-5.36824431802195e-20,0.999977371017428,8.05645892062466e-05
199526.231496885,-6.2818707676856e-20,7.97641030700018e-16,9.8718898303674e-05,2.83549878059564e-05,-6.36249739677985e-16,-5.01082377510475e-20,0.999977382239735,7.87445366142805e-05
204173.79446695,-6.00021335353302e-20,7.79484512998589e-16,9.87364059437293e-05,2.90009498207233e-05,-6.0761379113903e-16,-4.67720951806752e-20,0.999977393550772,7.69657394578924e-05
208929.6130854,-5.73119484271804e-20,7.61741287958279e-16,9.87540804133637e-05,2.96615166650582e-05,-5.80266672327546e-16,-4.3658147620678e-20,0.999977404940702,7.52272491016241e-05
213796.20895022,-5.47424674440343e-20,7.44401947883844e-16,9.87719045910725e-05,3.03370295748895e-05,-5.54150376354592e-16,-4.07515845746069e-20,0.999977416399293,7.35281365907219e-05
218776.162394952,-5.22882644131344e-20,7.27457299225582e-16,9.87898650435132e-05,3.10278388302443e-05,-5.29209507071521e-16,-3.80385854470881e-20,0.999977427915961,7.18674977060444e-05
223872.11385683,-4.9944155166416e-20,7.10898357704821e-16,9.88079429333923e-05,3.17343039799578e-05,-5.05391161567311e-16,-3.55062496902457e-20,0.999977439479813,7.02444456510031e-05
229086.765276773,-4.77051923606044e-20,6.94716343550354e-16,9.88261249354427e-05,3.24567940741538e-05,-4.82644817954381e-16,-3.31425395359131e-20,0.999977451079692,6.86581185564787e-05
234422.881531988,-4.55666475129092e-20,6.78902676843309e-16,9.88443886878178e-05,3.31956878891759e-05,-4.60922228204879e-16,-3.09362172515396e-20,0.999977462704228,6.71076686446079e-05
239883.291901945,-4.35240114878657e-20,6.63448972967975e-16,9.88627246217544e-05,3.39513741538511e-05,-4.40177315810123e-16,-2.88767988656491e-20,0.999977474341883,6.55922769207149e-05
245470.891568499,-4.15729727702558e-20,6.4834703816618e-16,9.88811104997719e-05,3.4724251771534e-05,-4.20366078046133e-16,-2.69544957983933e-20,0.999977485981009,6.41111351895794e-05
251188.643150954,-3.9709417518655e-20,6.33588865192865e-16,9.88995314266906e-05,3.55147300430403e-05,-4.01446492637922e-16,-2.51601744653552e-20,0.999977497609892,6.26634592176637e-05
257039.578276882,-3.79294159097107e-20,6.19166629070535e-16,9.89179689393639e-05,3.63232288840276e-05,-3.83378428624603e-16,-2.34853094262245e-20,0.999977509216811,6.1248480964872e-05
263026.799189534,-3.62292173531596e-20,6.05072682940359e-16,9.89364101045394e-05,3.71501790465967e-05,-3.66123561236209e-16,-2.19219450028401e-20,0.999977520790086,5.98654538945207e-05
269153.480392687,-3.46052375559338e-20,5.912995540077e-16,9.89548347899833e-05,3.79960223289011e-05,-3.49645290601695e-16,-2.0462654266483e-20,0.999977532318131,5.85136446190113e-05
275422.870333812,-3.30540557310839e-20,5.77839939579937e-16,9.8973228400471e-05,3.88612117963039e-05,-3.33908664115679e-16,-1.91005066226382e-20,0.999977543789503,5.71923403260109e-05
281838.29312644,-3.15724045083046e-20,5.64686703194471e-16,9.89915746059645e-05,3.97462119896552e-05,-3.18880302299257e-16,-1.78290330495978e-20,0.999977555192954,5.5900843878306e-05
288403.150312656,-3.01571636661679e-20,5.51832870834869e-16,9.90098571645037e-05,4.06514991406759e-05,-3.04528327997625e-16,-1.6642195696887e-20,0.999977566517476,5.46384745293879e-05
295120.922666633,-2.88053550577267e-20,5.39271627233132e-16,9.90280653831006e-05,4.15775613835656e-05,-2.90822298764338e-16,-1.55343599617739e-20,0.999977577752346,5.34045704660227e-05
301995.172040196,-2.7514132377654e-20,5.26996312256134e-16,9.90461813897503e-05,4.25248989674998e-05,-2.77733142288778e-16,-1.45002654949913e-20,0.999977588887168,5.21984813732621e-05
309029.543251354,-2.62807789100321e-20,5.15000417374313e-16,9.90641928703564e-05,4.34940244715687e-05,-2.65233094729858e-16,-1.35350032486531e-20,0.999977599911915,5.10195750634177e-05
316227.766016832,-2.51027000930337e-20,5.03277582210738e-16,9.90820876167944e-05,4.44854630183844e-05,-2.53295641825181e-16,-1.26339911737764e-20,0.999977610816962,4.9867234034211e-05
323593.656929623,-2.39774183771137e-20,4.91821591168734e-16,9.90998553508325e-05,4.54997524945711e-05,-2.41895462650707e-16,-1.17929525983572e-20,0.999977621593119,4.87408560119182e-05
331131.121482585,-2.29025666584972e-20,4.80626370136262e-16,9.91174822726584e-05,4.65374437692567e-05,-2.31008375911667e-16,-1.10078952315666e-20,0.999977632231662,4.76398508841052e-05
338844.156139197,-2.18758854450589e-20,4.6968598326532e-16,9.91349601609202e-05,4.75991009176724e-05,-2.20611288650776e-16,-1.02750932545607e-20,0.99997764272436,4.65636448407482e-05
346736.850452526,-2.08952162419903e-20,4.58994629824647e-16,9.91522791028573e-05,4.8685301455631e-05,-2.1068214726496e-16,-9.5910686953135e-21,0.999977653063491,4.55116764123911e-05
354813.389233569,-1.99584982035266e-20,4.48546641124076e-16,9.91694329570634e-05,4.97966365693436e-05,-2.01199890726697e-16,-8.95257547254204e-21,0.999977663241862,4.44833987038381e-05
363078.054770095,-1.90637621713205e-20,4.38336477508887e-16,9.91864120841815e-05,5.09337113570041e-05,-1.92144405910745e-16,-8.35658322950738e-21,0.999977673252828,4.3478275713312e-05
371535.229097166,-1.82091283910594e-20,4.28358725422579e-16,9.92032124480758e-05,5.20971450779229e-05,-1.83496484931494e-16,-7.80026378622133e-21,0.999977683090295,4.2495786119861e-05
380189.396320554,-1.73928010042641e-20,4.18608094536502e-16,9.92198283471486e-05,5.32875714078784e-05,-1.75237784400464e-16,-7.2809770099647e-21,0.999977692748727,4.15354196803103e-05
389045.144994274,-1.66130646677582e-20,4.09079414944828e-16,9.92362542405304e-05,5.45056387006859e-05,-1.67350786517509e-16,-6.79625846974121e-21,0.999977702223155,4.05966777879645e-05
398107.17055349,-1.58682817922723e-20,3.99767634423368e-16,9.9252490212438e-05,5.57520102622e-05,-1.59818761913217e-16,-6.34380808088441e-21,0.999977711509169,3.96790753844687e-05
407380.277804106,-1.51568875291692e-20,3.90667815750789e-16,9.92685328856312e-05,5.70273646331998e-05,-1.52625734163671e-16,-5.92147853881914e-21,0.999977720602917,3.87821368952617e-05
416869.383470328,-1.44773873977771e-20,3.81775134090805e-16,9.92843808865203e-05,5.83323958793791e-05,-1.45756445902311e-16,-5.52726551475456e-21,0.999977729501099,3.79053982289705e-05
426579.518801585,-1.38283543397588e-20,3.73084874433963e-16,9.93000366728581e-05,5.9667813897768e-05,-1.39196326457021e-16,-5.15929821052321e-21,0.999977738200953,3.70484071295575e-05
436515.832240158,-1.32084246404932e-20,3.64592429097654e-16,9.93154992673114e-05,6.10343447258188e-05,-1.32931460943777e-16,-4.81583007242387e-21,0.999977746700248,3.6210720131076e-05
446683.592150955,-1.26162963481935e-20,3.56293295283039e-16,9.93307733616472e-05,6.24327308740291e-05,-1.26948560751326e-16,-4.49523099260975e-21,0.999977754997264,3.53919057235134e-05
457088.189614867,-1.20507250460797e-20,3.48183072687576e-16,9.93458584133877e-05,6.38637316598967e-05,-1.21234935354256e-16,-4.19597903096316e-21,0.99997776309078,3.45915401041549e-05
467735.14128719,-1.15105230978107e-20,3.40257461171913e-16,9.93607632076648e-05,6.53281235556413e-05,-1.1577846539471e-16,-3.91665386429708e-21,0.99997777098005,3.3809212133098e-05
478630.09232263,-1.0994555309387e-20,3.32512258479865e-16,9.93754913170439e-05,6.68267005599077e-05,-1.10567576975599e-16,-3.65592939653003e-21,0.999977778664787,3.30445179251958e-05
489778.819368438,-1.05017374590632e-20,3.24943358010313e-16,9.93900483887763e-05,6.83602745645828e-05,-1.05591217110834e-16,-3.41256779911078e-21,0.999977786145138,3.22970632246083e-05
501187.233627263,-1.00310341770277e-20,3.17546746639813e-16,9.94044439758794e-05,6.99296757504797e-05,-1.00838830280466e-16,-3.18541368670419e-21,0.999977793421664,3.15664637136958e-05
512861.383991356,-9.58145599247367e-21,3.10318502594767e-16,9.94186842742504e-05,7.15357529847971e-05,-9.63003360410242e-17,-2.97338838684207e-21,0.999977800495318,3.08523424298331e-05
524807.460249763,-9.15205769302517e-21,3.03254793372035e-16,9.94327757738362e-05,7.3179374247001e-05,-9.19661076435554e-17,-2.77548497617383e-21,0.999977807367414,3.01543308134809e-05
537031.796370243,-8.74193697631941e-21,2.96351873706882e-16,9.94467325482538e-05,7.48614270480452e-05,-8.7826951614012e-17,-2.59076369664309e-21,0.999977814039612,2.94720706788103e-05
549540.873857615,-8.35023150624809e-21,2.89606083587177e-16,9.94605653559863e-05,7.65828188828976e-05,-8.38740882526716e-17,-2.41834717561956e-21,0.999977820513885,2.88052106261002e-05
562341.325190339,-7.9761174928817e-21,2.830138463128e-16,9.94742852935403e-05,7.83444776812914e-05,-8.00991330112296e-17,-2.25741639251603e-21,0.999977826792504,2.81534070248913e-05
575439.937337147,-7.61880781457091e-21,2.76571666599218e-16,9.94879019926043e-05,8.01473522900054e-05,-7.64940787080605e-17,-2.10720675691594e-21,0.999977832878003,2.75163233425141e-05
588843.655355579,-7.27755095354688e-21,2.70276128724235e-16,9.95014309125105e-05,8.19924129520366e-05,-7.3051278543925e-17,-1.9670046494102e-21,0.999977838773164,2.68936320030144e-05
602559.586074347,-6.95162882353606e-21,2.64123894716926e-16,9.9514886082222e-05,8.38806518093094e-05,-6.97634298820954e-17,-1.83614386921288e-21,0.999977844480988,2.62850121336519e-05
616595.001861471,-6.64035554105319e-21,2.58111702587799e-16,9.95282837566081e-05,8.58130834200388e-05,-6.66235587584972e-17,-1.71400255444125e-21,0.999977850004676,2.56901504058507e-05
630957.344480182,-6.34307551143935e-21,2.5223636459924e-16,9.95416351601392e-05,8.77907452858651e-05,-6.36250050890081e-17,-1.60000011234109e-21,0.999977855347604,2.51087389944531e-05
645654.229034644,-6.05916279944616e-21,2.46494765575331e-16,9.95549574205856e-05,8.98146983994152e-05,-6.07614085425388e-17,-1.49359466284645e-21,0.999977860513306,2.4540478278102e-05
660693.448007584,-5.78801943348446e-21,2.40883861250145e-16,9.95682681334973e-05,9.18860277989708e-05,-5.80266950499299e-17,-1.39428036758801e-21,0.999977865505448,2.39850752210932e-05
676082.97539197,-5.52907424926167e-21,2.3540067665363e-16,9.95815872033236e-05,9.40058431524449e-05,-5.54150639200479e-17,-1.30158505615664e-21,0.999977870327812,2.34422436612265e-05
691830.970918924,-5.28178139892014e-21,2.30042304534251e-16,9.95949314099518e-05,9.61752793315895e-05,-5.29209755357537e-17,-1.21506791876116e-21,0.999977874984278,2.29117028683148e-05
707945.784384125,-5.04561943083258e-21,2.24805903817517e-16,9.96083180708948e-05,9.83954970283918e-05,-5.05391396036418e-17,-1.13431747330217e-21,0.999977879478803,2.23931783248686e-05
724435.960074977,-4.82009029621473e-21,2.19688698099618e-16,9.96217668857276e-05,0.000100667683365252,-4.82645039326299e-17,-1.05894963678012e-21,0.999977883815409,2.18864019916558e-05
741310.241300904,-4.60471828119456e-21,2.14687974175333e-16,9.96352999628294e-05,0.000102993052542466,-4.60922437175937e-17,-9.88605896920631e-22,0.999977887998165,2.13911121310023e-05
758577.57502917,-4.39904883794857e-21,2.09801080599463e-16,9.96489382095797e-05,0.00010537284646972,-4.40177513053185e-17,-9.22951574774999e-22,0.999977892031171,2.09070523727301e-05
776247.116628678,-4.20264764992909e-21,2.05025426280995e-16,9.96627013617059e-05,0.000107808335445547,-4.20366264210583e-17,-8.6167424423389e-22,0.999977895918548,2.04339716358579e-05
794328.234724267,-4.01509989122207e-21,2.00358479109282e-16,9.96766116518479e-05,0.000110300818835896,-4.01446668349712e-17,-8.04482286743271e-22,0.999977899664424,1.99716247787033e-05
812830.516164085,-3.83600940882557e-21,1.95797764611483e-16,9.96906956606778e-05,0.000112851625766908,-3.8337859448636e-17,-7.51103516687314e-22,0.999977903272921,1.95197727929099e-05
831763.771102656,-3.66499752976525e-21,1.9134086464057e-16,9.97049752561024e-05,0.000115462115846121,-3.66123717827396e-17,-7.01283818251005e-22,0.999977906748148,1.90781808659773e-05
851138.038202361,-3.50170250963741e-21,1.86985416093197e-16,9.97194730853473e-05,0.000118133679885446,-3.49645438478825e-17,-6.54785990793172e-22,0.999977910094185,1.86466194103745e-05
870963.589956065,-3.34577900946275e-21,1.82729109656757e-16,9.97342198876363e-05,0.000120867740657005,-3.33908803812579e-17,-6.11388666518152e-22,0.999977913315083,1.82248652797668e-05
891250.938133729,-3.19689674474843e-21,1.78569688584956e-16,9.97492363439126e-05,0.000123665753652524,-3.18880434327372e-17,-5.70885143242069e-22,0.999977916414847,1.7812698258718e-05
912010.839355893,-3.05474048146936e-21,1.74504947501258e-16,9.97645531255016e-05,0.000126529207864934,-3.0452845284637e-17,-5.3308253203671e-22,0.999977919397437,1.74099046744789e-05
933254.300796974,-2.91900888599167e-21,1.70532731229574e-16,9.97801963854417e-05,0.000129459626588613,-2.90822416901487e-17,-4.97800752418721e-22,0.999977922266755,1.70162746251066e-05
954992.586021419,-2.78941413532627e-21,1.66650933651555e-16,9.97961950787565e-05,0.000132458568246285,-2.77733254160882e-17,-4.6487172200688e-22,0.999977925026644,1.66316031988451e-05
977237.220955793,-2.66568130025888e-21,1.62857496589909e-16,9.98125810092203e-05,0.000135527627210585,-2.65233200762704e-17,-4.34138555660912e-22,0.999977927680881,1.62556903377468e-05
999999.999999982,-2.54754762103591e-21,1.59150408717128e-16,9.98293834216246e-05,0.000138668434679801,-2.53295742424269e-17,-4.05454796649871e-22,0.99997793023317,1.5888339837368e-05
1023292.99228074,-2.43476215644202e-21,1.5552770448906e-16,9.98466363287448e-05,0.000141882659533188,-2.41895558201757e-17,-3.78683754676314e-22,0.999977932687144,1.55293604497381e-05
1047128.54805088,-2.32708498130003e-21,1.51987463102752e-16,9.98643676516594e-05,0.000145172009242245,-2.31008466781145e-17,-3.53697813375645e-22,0.999977935046358,1.5178564064644e-05
1071519.30523759,-2.22428708755234e-21,1.48527807478019e-16,9.98826156462656e-05,0.00014853823077754,-2.20611375186438e-17,-3.3037788783557e-22,0.999977937314287,1.48357681764084e-05
1096478.19614316,-2.1261495479079e-21,1.4514690326219e-16,9.99014144110203e-05,0.000151983111551068,-2.1068222979641e-17,-3.08612803694966e-22,0.999977939494324,1.45007935235858e-05
1122018.45430194,-2.03246327195451e-21,1.41842957857519e-16,9.99208030433025e-05,0.000155508480367494,-2.0119996956596e-17,-2.88298802166794e-22,0.999977941589777,1.41734653838178e-05
1148153.62149686,-1.94302830212853e-21,1.38614219470719e-16,9.99408129718015e-05,0.000159116208419796,-1.92144481352839e-17,-2.69339009224258e-22,0.999977943603868,1.38536116624776e-05
1174897.55493951,-1.85765384080857e-21,1.35458976184145e-16,9.99614898512511e-05,0.000162808210268039,-1.83496557255019e-17,-2.5164303906782e-22,0.999977945539736,1.35410659097644e-05
1202264.43461739,-1.77615741210879e-21,1.32375555048112e-16,9.99828718065547e-05,0.000166586444884764,-1.75237853868189e-17,-2.35126502711846e-22,0.999977947400429,1.32356641470481e-05
1230268.77081236,-1.69836467003496e-21,1.29362321193877e-16,0.000100004998601729,0.000170452916698593,-1.67350853376958e-17,-2.1971063463654e-22,0.999977949188908,1.29372461034296e-05
1258925.41179414,-1.62410915288245e-21,1.26417676966813e-16,0.000100027918993455,0.000174409676656495,-1.5981882639726e-17,-2.05321933595459e-22,0.99997795090805,1.26456560538531e-05
1288249.55169311,-1.55323162910252e-21,1.23540061079307e-16,0.000100051672623574,0.000178458823343774,-1.52625796491101e-17,-1.91891773774305e-22,0.999977952560638,1.2360740387393e-05
1318256.73855638,-1.48558009758889e-21,1.20727947782954e-16,0.000100076310112526,0.000182602504089857,-1.45756506278428e-17,-1.79356121592167e-22,0.999977954149373,1.2082350102946e-05
1348962.88259163,-1.42100923736562e-21,1.17979846059578e-16,0.000100101878597528,0.000186842916122032,-1.391963850742e-17,-1.67655201803243e-22,0.999977955676864,1.18103388886233e-05
1380384.26460286,-1.35938019425858e-21,1.15294298830681e-16,0.000100128427282962,0.000191182307737847,-1.32931517982032e-17,-1.56733224947127e-22,0.999977957145638,1.15445637528225e-05
1412537.54462273,-1.3005603416245e-21,1.12669882184879e-16,0.000100156011176245,0.000195622979523691,-1.26948616378861e-17,-1.46538127745204e-22,0.999977958558134,1.12848853609225e-05
1445439.7707459,-1.24442292512633e-21,1.1010520462293e-16,0.000100184685733742,0.000200167285562713,-1.21234989728012e-17,-1.37021316169076e-22,0.999977959916707,1.10311673162314e-05
1479108.38816818,-1.19084676546532e-21,1.0759890631994e-16,0.000100214503330394,0.000204817634717358,-1.15778518660886e-17,-1.28137431107077e-22,0.999977961223627,1.07832757234812e-05
1513561.24843618,-1.13971616168205e-21,1.0514965840437e-16,0.000100245526104536,0.000209576491911889,-1.10567629270177e-17,-1.19844149710383e-22,0.999977962481084,1.05410805270477e-05
1548816.61891245,-1.09092053792791e-21,1.02756162253452e-16,0.000100277816981058,0.000214446379439792,-1.05591268560078e-17,-1.12101971280249e-22,0.999977963691183,1.03044544203085e-05
1584893.19246108,-1.04435418178514e-21,1.00417148804643e-16,0.000100311436156751,0.000219429878333344,-1.00838881001414e-17,-1.04874026313214e-22,0.999977964855951,1.00732724381275e-05
1621810.0973589,-9.99916128479409e-22,9.81313778827547e-17,0.000100346450323765,0.000224529629736736,-9.63003861419596e-18,-9.81259117722655e-23,0.999977965977335,9.84741284861926e-06
1659586.90743753,-9.57509942913086e-22,9.58976375423966e-17,0.000100382932804473,0.000229748336320057,-9.1966157224471e-18,-9.18255258530307e-23,0.999977967057206,9.62675704797028e-06
1698243.65246171,-9.17043417377177e-22,9.371474342539e-17,0.000100420952779147,0.000235088763735902,-8.78270007670516e-18,-8.59429050088868e-23,0.999977968097358,9.4111884367308e-06
1737800.82874934,-8.78428473935658e-22,9.15815381328084e-17,0.000100460584528153,0.000240553742097305,-8.38741370625605e-18,-8.04500904054383e-23,0.999977969099508,9.20059327228169e-06
1778279.41003889,-8.41580993618795e-22,8.9496890611311e-17,0.000100501909405325,0.000246146167485861,-8.00991815556887e-18,-7.53209953342996e-23,0.999977970065302,8.99486075232774e-06
1819700.85860995,-8.06420553750422e-22,8.74596955534474e-17,0.000100545005086109,0.000251869003527361,-7.6494127058205e-18,-7.05312726171516e-23,0.999977970996313,8.79388196523571e-06
1862087.13666283,-7.72870394039193e-22,8.54688728116108e-17,0.000100589962106783,0.00025772528296919,-7.30513267646476e-18,-6.60582102517318e-23,0.999977971894045,8.59755130654757e-06
1905460.71796321,-7.40857117313921e-22,8.35233668253339e-17,0.000100636865852189,0.00026371810930037,-6.97634780324355e-18,-6.18806104128772e-23,0.99997797275993,8.40576481407214e-06
1949844.59975801,-7.10310625997591e-22,8.16221460616195e-17,0.000100685807654137,0.000269850658440873,-6.66236068919936e-18,-5.79786959803082e-23,0.999977973595335,8.21842109332429e-06
1995262.31496884,-6.81163997722044e-22,7.97642024680118e-17,0.000100736888622681,0.000276126180420277,-6.36250532540384e-18,-5.43340173772554e-23,0.99997797440156,8.03542153616417e-06
2041737.94466949,-6.53353262496874e-22,7.79485509381175e-17,0.000100790207116091,0.00028254800114702,-6.07614567826432e-18,-5.09293573071283e-23,0.999977975179841,7.85666922616682e-06
2089296.130854,-6.26817322940058e-22,7.61742287892933e-17,0.000100845866228121,0.000289119524172321,-5.8026743404122e-18,-4.77486527105001e-23,0.99997797593135,7.68206950827453e-06
2137962.08950219,-6.01497859175976e-22,7.4440295252222e-17,0.000100903979466078,0.000295844232551801,-5.54151124231108e-18,-4.47769200478853e-23,0.999977976657197,7.51153034402438e-06
2187761.62394951,-5.77339151743429e-22,7.27458309721089e-17,0.000100964661887787,0.000302725690689343,-5.29210242185226e-18,-4.20001790115362e-23,0.999977977358435,7.34496155391656e-06
2238721.1385683,-5.54287981453728e-22,7.10899375212316e-17,0.000101028032162629,0.000309767546260886,-5.0539188493274e-18,-3.94053866848314e-23,0.999977978036055,7.18227493032576e-06
2290867.65276773,-5.32293529041486e-22,6.94717369225853e-17,0.000101094214643709,0.000316973532184406,-4.82645530528613e-18,-3.69803756321018e-23,0.999977978690993,7.02338433174021e-06
2344228.81531988,-5.11307286297396e-22,6.78903711843722e-17,0.000101163343270564,0.000324347468618313,-4.60922930889834e-18,-3.47137965037041e-23,0.999977979324129,6.86820588331325e-06
2398832.91901944,-4.91282919519053e-22,6.63450018450865e-17,0.000101235554570597,0.000331893265016703,-4.40178009454807e-18,-3.25950609057159e-23,0.99997797993629,6.71665742070354e-06
2454708.91568498,-4.72176190929672e-22,6.48348095289554e-17,0.00010131099158672,0.000339614922236109,-4.20366763448827e-18,-3.06142917054545e-23,0.999977980528251,6.56865871042334e-06
2511886.43150953,-4.53944859552624e-22,6.33589935114984e-17,0.000101389802361611,0.000347516534690229,-4.01447170548325e-18,-2.87622749908875e-23,0.999977981100734,6.42413129134317e-06
2570395.78276881,-4.36548628575329e-22,6.19167712949773e-17,0.00010147214934941,0.000355602292540169,-3.83379099745913e-18,-2.70304178848711e-23,0.999977981654416,6.28299900870564e-06
2630267.99189533,-4.19948980790931e-22,6.05073781935078e-17,0.000101558189739508,0.000363876483952197,-3.66124226227164e-18,-2.54107020064972e-23,0.999977982189923,6.14518671037018e-06
2691534.80392686,-4.0410919059066e-22,5.9130066927618e-17,0.000101648099449492,0.000372343497421212,-3.49645950078553e-18,-2.3895650592195e-23,0.999977982707838,6.01062169423939e-06
2754228.70333811,-3.88994176406397e-22,5.77841072280329e-17,0.000101742055299243,0.00038100782409245,-3.33909318654158e-18,-2.24782879991062e-23,0.999977983208697,5.87923254215524e-06
2818382.9312644,-3.74570472477849e-22,5.64687854484799e-17,0.000101840248123324,0.000389874060221729,-3.18880952436415e-18,-2.11521087393088e-23,0.999977983692997,5.75094984955101e-06
2884031.50312655,-3.60806131094531e-22,5.51834041873075e-17,0.000101942875893003,0.000398946909598408,-3.04528974233698e-18,-1.99110443832892e-23,0.999977984161191,5.62570575036579e-06
2951209.22666633,-3.47670644938131e-22,5.39272819177155e-17,0.000102050140494577,0.000408231186124652,-2.90822941564522e-18,-1.87494336931019e-23,0.999977984613694,5.50343369632285e-06
3019951.72040196,-3.35134910648123e-22,5.26997526264041e-17,0.000102162257259426,0.000417731816359179,-2.77733782084965e-18,-1.76619968034489e-23,0.999977985050883,5.38406893408857e-06
3090295.43251353,-3.23171167971411e-22,5.15001654604472e-17,0.000102279457238729,0.000427453842185343,-2.65233731922321e-18,-1.66438096197154e-23,0.9999779854731,5.26754854083958e-06
3162277.66016832,-3.11752900033043e-22,5.03278843822033e-17,0.000102401973129267,0.000437402423536071,-2.53296276784206e-18,-1.56902778299523e-23,0.999977985880651,5.15381062554095e-06
3235936.56929622,-3.00854807490311e-22,4.91822878320832e-17,0.000102530050686245,0.000447582841125893,-2.41896095718182e-18,-1.47971163030113e-23,0.999977986273809,5.04279488572529e-06
3311311.21482584,-2.9045276475514e-22,4.80627683989918e-17,0.00010266395470275,0.000458000499328648,-2.3100900740261e-18,-1.39603287780727e-23,0.999977986652816,4.9344428258956e-06
3388441.56139196,-2.80523723637371e-22,4.69687324982731e-17,0.000102803951367867,0.000468660929065834,-2.20611918854823e-18,-1.31761862976004e-23,0.999977987017883,4.82869683101557e-06
3467368.50452525,-2.71045706670983e-22,4.58996000569852e-17,0.000102950327028637,0.000479569790783785,-2.10682776447797e-18,-1.24412112425383e-23,0.999977987369193,4.72550103000323e-06
3548133.89233568,-2.61997740557369e-22,4.48548042063395e-17,0.000103103381514171,0.000490732877498345,-2.01200519131443e-18,-1.17521595164955e-23,0.999977987706901,4.62480089968301e-06
3630780.54770094,-2.53359803312954e-22,4.38337909811407e-17,0.000103263425125742,0.000502156117907049,-1.92145033759284e-18,-1.11060044936014e-23,0.999977988031136,4.52654307619019e-06
3715352.29097165,-2.4511278809274e-22,4.28360190260679e-17,0.000103430782932048,0.000513845579593664,-1.83497112425757e-18,-1.04999226950275e-23,0.999977988342,4.43067550054459e-06
3801893.96320554,-2.37238470913657e-22,4.18609593086427e-17,0.000103605800914299,0.000525807472271822,-1.75238411723662e-18,-9.93128048885307e-24,0.999977988639574,4.33714761855235e-06
3890451.44994273,-2.29719446347792e-22,4.09080948387292e-17,0.000103788833954621,0.000538048151181414,-1.67351413835318e-18,-9.39762027132423e-24,0.999977988923912,4.24590980613962e-06
3981071.70553489,-2.22539115246345e-22,3.99769203944199e-17,0.000103980261142063,0.000550574120438796,-1.59819389374909e-18,-8.89664965680239e-24,0.999977989195049,4.15691395905715e-06
4073802.77804105,-2.15681625559943e-22,3.90669422541615e-17,0.000104180473830527,0.00056339203663569,-1.52626361903197e-18,-8.42622942548702e-24,0.999977989452996,4.07011293554994e-06
4168693.83470327,-2.09131852428174e-22,3.81776779349771e-17,0.000104389885560902,0.000576508712370583,-1.45757074039343e-18,-7.98436378196575e-24,0.999977989697745,3.98546090324655e-06
4265795.18801584,-2.02875350225232e-22,3.7308655936648e-17,0.000104608923833167,0.000589931119950649,-1.39196955097936e-18,-7.56919012674483e-24,0.999977989929266,3.90291295895905e-06
4365158.32240157,-1.96898341849248e-22,3.64594154917183e-17,0.000104838045565254,0.000603666395203817,-1.32932090182602e-18,-7.17897085910616e-24,0.999977990147509,3.82242565869263e-06
4466835.92150954,-1.91187663827063e-22,3.56295063211902e-17,0.000105077721673356,0.00061772184129083,-1.2694919067063e-18,-6.81208405478782e-24,0.999977990352405,3.74395637247794e-06
4570881.89614866,-1.85730752664448e-22,3.48184883957801e-17,0.000105328448980869,0.000632104932730471,-1.21235566026009e-18,-6.46701622188746e-24,0.999977990543864,3.66746367208317e-06
4677351.41287189,-1.80515613305827e-22,3.40259317026093e-17,0.000105590749442108,0.000646823319417678,-1.1577909688108e-18,-6.14235485574675e-24,0.999977990721777,3.59290723212324e-06
4786300.92322629,-1.75530781831842e-22,3.32514160172057e-17,0.000105865162139847,0.000661884830847725,-1.10568209329723e-18,-5.83678127251798e-24,0.999977990886015,3.52024749927847e-06
4897788.19368436,-1.70765318913468e-22,3.24945306806948e-17,0.000106152260799456,0.000677297480354611,-1.05591850377536e-18,-5.54906491235949e-24,0.999977991036427,3.4494462313415e-06
5011872.33627262,-1.66208766372638e-22,3.17548743820634e-17,0.00010645263861709,0.000693069469466678,-1.0083946449694e-18,-5.27805677769612e-24,0.999977991172845,3.38046592257883e-06
5128613.83991355,-1.61851141330775e-22,3.10320549453783e-17,0.000106766925885362,0.000709209192507387,-9.6300971237474e-19,-5.02268448979034e-24,0.999977991295076,3.31327031899672e-06
5248074.60249762,-1.57682893302078e-22,3.03256891218498e-17,0.00010709577130079,0.000725725241125019,-9.19667438438001e-19,-4.78194648721537e-24,0.999977991402905,3.24782375971714e-06
5370317.96370242,-1.53694902552688e-22,2.96354023866277e-17,0.000107439863350243,0.000742626409042657,-8.7827588836051e-19,-4.55490785361678e-24,0.999977991496096,3.18409178988726e-06
5495408.73857613,-1.49878448742658e-22,2.89608287402228e-17,0.000107799920842103,0.00075992169696093,-8.38747265092159e-19,-4.34069549966176e-24,0.999977991574387,3.12204079498209e-06
5623413.25190338,-1.46225188692761e-22,2.83016105144492e-17,0.000108176690782644,0.000777620317556682,-8.00997723101988e-19,-4.13849392575247e-24,0.999977991637491,3.06163788683926e-06
5754399.37337145,-1.42727149861049e-22,2.76573981827836e-17,0.000108570964514694,0.000795731700485192,-7.64947190530474e-19,-3.94754168765571e-24,0.999977991685093,3.00285130690266e-06
5888436.55355577,-1.39376698700354e-22,2.7027850175041e-17,0.000108983563011857,0.000814265497858457,-7.30519199346279e-19,-3.76712737723157e-24,0.999977991716851,2.94564993803491e-06
6025595.86074345,-1.36166536382985e-22,2.64126326962699e-17,0.000109415354994229,0.00083323158943216,-6.97640723147221e-19,-3.59658660320119e-24,0.999977991732392,2.89000374401767e-06
6165950.0186147,-1.33089664977766e-22,2.58114195497689e-17,0.000109867235113581,0.000852640088332635,-6.66242022261389e-19,-3.43529837116888e-24,0.99997799173131,2.83588311604484e-06
6309573.4448018,-1.30139393918514e-22,2.52238919641332e-17,0.00011034015679597,0.000872501346641741,-6.36256495819875e-19,-3.28268273827273e-24,0.999977991713166,2.78325968137853e-06
6456542.29034642,-1.27309305754523e-22,2.46497384242369e-17,0.000110835106974386,0.000892825961358312,-6.07620540487321e-19,-3.1381975678723e-24,0.999977991677483,2.73210556824931e-06
6606934.48007582,-1.24593251899303e-22,2.40886545060638e-17,0.000111353122756778,0.000913624780373823,-5.80273415550643e-19,-3.00133624383092e-24,0.999977991623745,2.68239377413297e-06
6760829.75391968,-1.21985338274909e-22,2.35403427152968e-17,0.000111895293649025,0.000934908908725163,-5.54157114079771e-19,-2.87162527054211e-24,0.999977991551395,2.63409814196794e-06
6918309.70918922,-1.19479906882195e-22,2.30045123295829e-17,0.000112462754795712,0.000956689714911363,-5.29216239887106e-19,-2.74862192931361e-24,0.999977991459831,2.58719312835837e-06
7079457.84384123,-1.17071528374553e-22,2.24808792443876e-17,0.000113056698528994,0.000978978837522959,-5.05397890024716e-19,-2.6319123366689e-24,0.999977991348404,2.54165401043996e-06
7244359.60074975,-1.14754985961943e-22,2.19691658223589e-17,0.000113678369673378,0.00100178819197083,-4.82651542570038e-19,-2.52110942399851e-24,0.999977991216412,2.4974567046994e-06
7413102.41300902,-1.12525269243466e-22,2.14691007461198e-17,0.000114329079173403,0.00102512997744952,-4.60928949462053e-19,-2.41585126241022e-24,0.999977991063102,2.45457799930838e-06
7585775.75029168,-1.10377555696916e-22,2.09804188744124e-17,0.000115010192398696,0.00104901668413504,-4.40184034160626e-19,-2.3157992239475e-24,0.999977990887661,2.41299522009976e-06
7762471.16628676,-1.08307204619046e-22,2.05028611015163e-17,0.000115723141245906,0.00107346110048212,-4.20372793911942e-19,-2.22063652390122e-24,0.999977990689215,2.37268642483318e-06
7943282.34724265,-1.06309747149713e-22,2.00361742198666e-17,0.00011646942912578,0.00109847632094784,-4.01453206412726e-19,-2.13006676812888e-24,0.999977990466824,2.33363042557509e-06
8128305.16164082,-1.04380872619292e-22,1.95801107858005e-17,0.000117250625208057,0.00112407575375784,-3.83385140675256e-19,-2.04381251826086e-24,0.999977990219478,2.29580659330344e-06
8317637.71102654,-1.02516423918561e-22,1.91344289883588e-17,0.000118068380675953,0.00115027312897808,-3.66130271904125e-19,-1.96161412429799e-24,0.999977989946095,2.25919510566353e-06
8511380.38202359,-1.00712382615498e-22,1.86988925210746e-17,0.000118924417892032,0.00117708250697746,-3.49652000204172e-19,-1.88322843115701e-24,0.999977989645509,2.22377665106105e-06
8709635.89956062,-9.89648647303556e-23,1.82732704566808e-17,0.00011982054705617,0.00120451828684054,-3.33915372947169e-19,-1.80842776849621e-24,0.999977989316476,2.18953267023786e-06
8912509.38133727,-9.72701087805782e-23,1.78573371246687e-17,0.000120758661259638,0.00123259521536312,-3.18887010632577e-19,-1.73699885914651e-24,0.999977988957659,2.1564451759093e-06
9120108.3935589,-9.56244692698093e-23,1.74508719916353e-17,0.000121740746329347,0.00126132839630344,-3.04535036085121e-19,-1.66874189517065e-24,0.999977988567628,2.12449685002605e-06
9332543.00796971,-9.40244078542238e-23,1.70536595443532e-17,0.000122768883652574,0.00129073329967611,-2.90829006839001e-19,-1.60346962971496e-24,0.999977988144852,2.09367100419414e-06
9549925.86021416,-9.24664848790045e-23,1.6665489175503e-17,0.000123845253276575,0.00132082577164994,-2.77739850565321e-19,-1.54100653285025e-24,0.999977987687695,2.06395154537804e-06
9772372.2095579,-9.09473531740477e-23,1.62861550720064e-17,0.000124972144579124,0.00135162204461636,-2.65239803405751e-19,-1.48118803790722e-24,0.999977987194411,2.03532306507003e-06
9999999.99999979,-8.94637489417955e-23,1.59154561059021e-17,0.000126151956343104,0.00138313874763441,-2.53302351081645e-19,-1.42385978716194e-24,0.999977986663133,2.00777074327184e-06
10232929.9228073,-8.80124844289624e-23,1.55531957277048e-17,0.000127387202629531,0.00141539291730908,-2.41902172653683e-19,-1.36887695472705e-24,0.999977986091871,1.98128035060136e-06
10471285.4805088,-8.65904416098755e-23,1.51991818621931e-17,0.000128680522656385,0.00144840200881902,-2.3101508681274e-19,-1.31610362761805e-24,0.999977985478505,1.95583830643659e-06
10715193.0523758,-8.51945649605844e-23,1.48532268065684e-17,0.000130034687436267,0.00148218390756938,-2.20618000588076e-19,-1.26541221159186e-24,0.999977984820777,1.93143167628723e-06
10964781.9614316,-8.3821852800782e-23,1.4515147130933e-17,0.000131452599566191,0.00151675694115738,-2.10688860364033e-19,-1.21668285418636e-24,0.999977984116282,1.90804806487071e-06
11220184.5430194,-8.24693528028401e-23,1.4184763581034e-17,0.000132937311668085,0.00155213989165759,-2.0120660510134e-19,-1.16980296552496e-24,0.999977983362468,1.8856757829787e-06
11481536.2149686,-8.1134153419875e-23,1.38619009832206e-17,0.000134492027138592,0.00158835200851115,-1.92151121663818e-19,-1.12466671084612e-24,0.99997798255662,1.86430374165874e-06
11748975.549395,-7.98133771347689e-23,1.35463881515652e-17,0.000136120108712835,0.00162541302161401,-1.83503202155706e-19,-1.08117456219493e-24,0.999977981695862,1.8439214606221e-06
12022644.3461739,-7.85041746055986e-23,1.32380577970995e-17,0.000137825093066506,0.00166334315515826,-1.75244503179128e-19,-1.03923289104085e-24,0.999977980777142,1.8245191500334e-06
12302687.7081235,-7.72037161748989e-23,1.2936746439116e-17,0.000139610691495243,0.00170216314171512,-1.67357506925275e-19,-9.98753552541648e-25,0.99997797979723,1.80608759541818e-06
12589254.1179414,-7.5909187202013e-23,1.26422943184893e-17,0.000141480813100265,0.00174189423681526,-1.59825484016774e-19,-9.59653547073204e-25,0.99997797875271,1.78861833644913e-06
12882495.5169311,-7.46177791684623e-23,1.23545453129708e-17,0.000143439565062428,0.00178255823429652,-1.52632458022429e-19,-9.21854650101935e-25,0.999977977639972,1.77210353262948e-06
13182567.3855638,-7.3326682521584e-23,1.20733468544114e-17,0.000145491262804452,0.0018241774817227,-1.45763171569055e-19,-8.85283089591509e-25,0.999977976455208,1.75653595955582e-06
13489628.8259162,-7.20330817141172e-23,1.17985498478689e-17,0.000147640457380829,0.00186677489662657,-1.39203053978538e-19,-8.49869271341162e-25,0.999977975194405,1.74190920267306e-06
13803842.6460286,-7.07341457146341e-23,1.1530008592557e-17,0.000149891934691623,0.00191037398336391,-1.32938190361466e-19,-8.15547469248016e-25,0.999977973853339,1.72821749331103e-06
14125375.4462272,-6.942702162273e-23,1.12675807045939e-17,0.000152250737523568,0.00195499884998185,-1.26955292101772e-19,-7.82255573840811e-25,0.999977972427572,1.71545581627245e-06
14454397.707459,-6.81088267374358e-23,1.10111270415097e-17,0.000154722179576543,0.00200067422636607,-1.2124166866979e-19,-7.4993484078957e-25,0.999977970912446,1.70361990751448e-06
14791083.8816817,-6.67766404849805e-23,1.07605116284729e-17,0.000157311860654966,0.00204742548230286,-1.15785200703936e-19,-7.18529656194921e-25,0.99997796930308,1.69270625672191e-06
15135612.4843617,-6.54274965139881e-23,1.05156015861952e-17,0.00016002568675299,0.00209527864637948,-1.10574314303906e-19,-6.87987320968204e-25,0.999977967594369,1.68271215285991e-06
15488166.1891245,-6.40583750037611e-23,1.02762670604796e-17,0.000162869896949455,0.00214426042526839,-1.05597956480877e-19,-6.58257853369484e-25,0.999977965780985,1.67363578514383e-06
15848931.9246108,-6.26661915451392e-23,1.00423811533705e-17,0.000165851062656598,0.00219439822362233,-1.00845571712622e-19,-6.29293771756633e-25,0.999977963857371,1.66547604371071e-06
16218100.9735889,-6.12477911064479e-23,9.81381985587259e-18,0.00016897613936452,0.00224572016449542,-9.63070795538322e-20,-6.01049945608636e-25,0.999977961817751,1.65823285280096e-06
16595869.0743752,-5.97999359923961e-23,9.59046198220114e-18,0.00017225246731976,0.00229825511009096,-9.19728532541264e-20,-5.73483399219156e-25,0.999977959656128,1.65190696015098e-06
16982436.5246171,-5.83192973228132e-23,9.37218910552897e-18,0.00017568781220664,0.0023520326829356,-8.78336993384157e-20,-5.46553165861513e-25,0.999977957366291,1.64650011870531e-06
17378008.2874934,-5.68024434689766e-23,9.15888549519655e-18,0.000179290382299188,0.00240708328769301,-8.38808381063012e-20,-5.20220125817972e-25,0.999977954941825,1.64201501804367e-06
17782794.1003888,-5.52458300460968e-23,8.95043805535148e-18,0.000183068869511998,0.00246343813302019,-8.01058850091421e-20,-4.94446873051226e-25,0.999977952376119,1.63845542745403e-06
18197008.5860994,-5.36457873126605e-23,8.74673626498493e-18,0.000187032470839126,0.00252112925394954,-7.65008328652929e-20,-4.69197570934187e-25,0.999977949662383,1.6358261365814e-06
18620871.3666283,-5.19985088355619e-23,8.54767211933323e-18,0.000191190933984899,0.0025801895343136,-7.30580348757864e-20,-4.44437832776125e-25,0.999977946793659,1.63413309822798e-06
19054607.179632,-5.03000379461463e-23,8.35314007261356e-18,0.000195554587326402,0.00264065272941139,-6.97701884044357e-20,-4.20134595343239e-25,0.999977943762844,1.63338340821643e-06
19498445.99758,-4.85462536030202e-23,8.16303698206314e-18,0.000200134372559412,0.0027025534887315,-6.66303194879499e-20,-3.96256000630631e-25,0.999977940562712,1.63358529594506e-06
19952623.1496884,-4.67328579449934e-23,7.97726205325255e-18,0.000204941916573756,0.00276592737857584,-6.36317680432097e-20,-3.72771303851004e-25,0.999977937185941,1.63474841501979e-06
20417379.4466949,-4.48553581372575e-23,7.79571678664379e-18,0.000209989535415911,0.0028308109042996,-6.07681737403217e-20,-3.49650746822823e-25,0.999977933625148,1.6368835504217e-06
20892961.3085399,-4.29090527038169e-23,7.61830492536494e-18,0.000215290321486729,0.00289724153273596,-5.803346251149e-20,-3.26865480692376e-25,0.999977929872915,1.64000298274858e-06
21379620.8950218,-4.08890127582158e-23,7.44493240417358e-18,0.000220858170462665,0.00296525771366873,-5.54218336670858e-20,-3.04387459935405e-25,0.99997792592184,1.6441203388948e-06
21877616.2394951,-3.87900645235168e-23,7.27550729958187e-18,0.000226707848166726,0.00303489890063702,-5.29277475915881e-20,-2.82189359397674e-25,0.999977921764577,1.64925073547657e-06
22387211.3856829,-3.66067700857675e-23,7.10993978111679e-18,0.000232855050285354,0.0031062055712141,-5.05459139932952e-20,-2.6024449000845e-25,0.999977917393891,1.65541083426436e-06
22908676.5276772,-3.43334069185948e-23,6.9481420636896e-18,0.000239316464216122,0.00317921924593634,-4.82712806828848e-20,-2.38526717930566e-25,0.999977912802708,1.66261888578564e-06
23442288.1531987,-3.19639461885258e-23,6.79002836104922e-18,0.000246109833235722,0.00325398250595299,-4.60990228570195e-20,-2.17010387526231e-25,0.999977907984188,1.67089476278972e-06
23988329.1901944,-2.94920303094464e-23,6.63551484029475e-18,0.000253254035910162,0.00333053900908453,-4.40245328642658e-20,-1.95670251493925e-25,0.999977902931786,1.68026006953209e-06
24547089.1568498,-2.69109485078967e-23,6.48451957742295e-18,0.000260769155467395,0.00340893350394822,-4.20434104316211e-20,-1.74481399849728e-25,0.999977897639335,1.69073814957623e-06
25118864.3150952,-2.42136119409258e-23,6.33696251388689e-18,0.00026867657387385,0.00348921184166784,-4.01514533309154e-20,-1.53419198502194e-25,0.999977892101126,1.70235422623468e-06
25703957.8276881,-2.1392525903419e-23,6.19276541414285e-18,0.000276999036221574,0.00357142098562235,-3.8344648465291e-20,-1.32459221477675e-25,0.999977886312002,1.71513531658792e-06
26302679.9189532,-1.84397623604755e-23,6.05185182416259e-18,0.000285760761985604,0.00365560901724393,-3.66191633568536e-20,-1.11577198146825e-25,0.999977880267452,1.7291104158152e-06
26915348.0392686,-1.53469298221771e-23,5.91414703088907e-18,0.0002949875341864,0.00374182513897381,-3.49713380174381e-20,-9.07489562802728e-26,0.999977873963726,1.74431050075067e-06
27542287.033381,-1.21051418265864e-23,5.77957802261379e-18,0.000304706797517301,0.00383011967358016,-3.33976771852467e-20,-6.99503696332358e-26,0.999977867397942,1.76076855781088e-06
28183829.3126439,-8.70498426581662e-24,5.6480734502548e-18,0.000314947772832525,0.00392054405810427,-3.18948429108912e-20,-4.91573114523635e-26,0.999977860568217,1.77851967190251e-06
28840315.0312654,-5.13648066632192e-24,5.51956358951452e-18,0.000325741566267507,0.00401315083394138,-3.04596474771148e-20,-2.83456088206682e-26,0.999977853473795,1.79760104512614e-06
29512092.2666632,-1.38905587779164e-24,5.39398030389722e-18,0.000337121283975435,0.00410799363069714,-2.90890466371746e-20,-7.49100088139522e-27,0.999977846115192,1.81805201343807e-06
30199517.2040195,2.5485015049757e-24,5.27125700856628e-18,0.000349122165254096,0.00420512714427446,-2.77801331575413e-20,1.34308972310336e-26,0.999977838494344,1.83991412736027e-06
30902954.3251352,6.68807902021065e-24,5.151328635022e-18,0.000361781699507037,0.0043046071075139,-2.65301306512218e-20,3.44446302659792e-26,0.999977830614768,1.86323110699804e-06
31622776.6016831,1.10422811104778e-23,5.03413159658089e-18,0.000375139774293802,0.00440649025415496,-2.53363876886225e-20,5.55749308126619e-26,0.999977822481736,1.88804892692626e-06
32359365.6929621,1.56244720577218e-23,4.91960375463803e-18,0.000389238810728986,0.00451083427387289,-2.41963721734627e-20,7.6846746156352e-26,0.999977814102447,1.91441579413289e-06
33113112.1482584,2.04488203751521e-23,4.80768438569423e-18,0.000404123906097213,0.00461769775824905,-2.31076659718076e-20,9.82852601873273e-26,0.999977805486218,1.94238212913972e-06
33884415.6139195,2.55303444231754e-23,4.69831414913048e-18,0.0004198429943953,0.00472714013707787,-2.20679597828311e-20,1.19915909428221e-25,0.999977796644685,1.97200059879639e-06
34673685.0452524,3.08849599742436e-23,4.59143505571207e-18,0.000436446989968898,0.00483922160336192,-2.10750482404247e-20,1.41764396852571e-25,0.999977787592006,2.00332603126762e-06
35481338.9233568,3.65295284490298e-23,4.48699043680569e-18,0.000453989963002389,0.00495400302716575,-2.01268252352673e-20,1.63856697573832e-25,0.999977778345074,2.03641544875221e-06
36307805.4770093,4.2481906995249e-23,4.38492491429275e-18,0.000472529290040669,0.00507154585594094,-1.92212794474292e-20,1.86219062304532e-25,0.999977768923748,2.07132794939363e-06
37153522.9097164,4.87609989495427e-23,4.28518437116267e-18,0.000492125839028051,0.00519191200166347,-1.8356490080038e-20,2.08878012235251e-25,0.99997775935108,2.10812471524947e-06
38018939.6320553,5.53868058113824e-23,4.18771592277043e-18,0.000512844122748912,0.00531516371313501,-1.75306227849554e-20,2.31860330989349e-25,0.999977749653555,2.14686884908009e-06
38904514.4994272,6.23804791895355e-23,4.0924678887426e-18,0.00053475248721278,0.00544136343228274,-1.67419257718234e-20,2.55193047470156e-25,0.999977739861336,2.18762533771891e-06
39810717.0553488,6.97643735088905e-23,3.99938976551692e-18,0.000557923279537509,0.00557057363383251,-1.59887260922278e-20,2.7890341387753e-25,0.999977730008519,2.2304609002893e-06
40738027.7804104,7.7562098570137e-23,3.90843219950039e-18,0.00058243302524171,0.0057028566464794,-1.52694260910966e-20,3.03018875890555e-25,0.999977720133387,2.2754438552315e-06
41686938.3470326,8.57985718523829e-23,3.81954696083146e-18,0.00060836260287308,0.00583827445643692,-1.45825000178077e-20,3.27567035670873e-25,0.99997771027867,2.32264395704643e-06
42657951.8801583,9.45000700801241e-23,3.73268691773207e-18,0.000635797416486006,0.00597688848915823,-1.39264907898177e-20,3.52575606959179e-25,0.999977700491809,2.37213220932605e-06
43651583.2240156,1.03694279637803e-22,3.64780601143578e-18,0.000664827566317989,0.00611875937198647,-1.33000069019473e-20,3.78072362003815e-25,0.999977690825218,2.42398065930973e-06
44668359.2150953,1.13410345444056e-22,3.56485923167836e-18,0.00069554800693531,0.0062639466735277,-1.27017194747698e-20,4.04085070335001e-25,0.999977681336546,2.47826213916674e-06
45708818.9614865,1.23678917432013e-22,3.48380259273765e-18,0.000728058712866916,0.00641250862082643,-1.21303594358397e-20,4.30641427907921e-25,0.999977672088936,2.53505003293842e-06
46773514.1287188,1.34532194562718e-22,3.40459311000991e-18,0.000762464811544904,0.00656450179337753,-1.15847148277873e-20,4.57768978202787e-25,0.999977663151277,2.59441792970807e-06
47863009.2322628,1.46003964988651e-22,3.32718877710999e-18,0.000798876739593277,0.00671998079269542,-1.10636282375658e-20,4.85495022391871e-25,0.999977654598451,2.656439368666e-06
48977881.9368435,1.5812964254289e-22,3.25154854348309e-18,0.000837410345547463,0.00687899788749746,-1.05659943414029e-20,5.138465214259e-25,0.999977646511568,2.72118741398478e-06
50118723.3627261,1.70946297945338e-22,3.17763229251634e-18,0.000878187012883157,0.00704160263342146,-1.0090757560248e-20,5.42849986907181e-25,0.999977638978186,2.78873432285802e-06
51286138.3991353,1.84492684607536e-22,3.10540082013843e-18,0.000921333735181341,0.00720784146881215,-9.63690982074387e-21,5.72531362978938e-25,0.999977632092519,2.85915108387068e-06
52480746.0249761,1.98809257691597e-22,3.0348158138962e-18,0.000966983189698293,0.00737775728453016,-9.20348841697424e-21,6.0291589755583e-25,0.999977625955618,2.93250698940157e-06
53703179.6370241,2.13938185808893e-22,2.96583983249721e-18,0.00101527377723997,0.00755138896988683,-8.78957396845352e-21,6.34028003886076e-25,0.999977620675537,3.00886914576508e-06
54954087.3857612,2.29923354293756e-22,2.89843628580766e-18,0.00106634963794359,0.00772877093481839,-8.39428847002794e-21,6.65891112179616e-25,0.999977616367466,3.08830196290276e-06
56234132.5190336,2.46810359180482e-22,2.83256941529559e-18,0.00112036062882183,0.00790993260801542,-8.01679342955319e-21,6.98527511855267e-25,0.999977613153832,3.17086659178365e-06
57543993.7337144,2.64646490723796e-22,2.76820427490922e-18,0.00117746227976242,0.00809489791475926,-7.65628808939951e-21,7.31958184298529e-25,0.999977611164374,3.25662036937568e-06
58884365.5355576,2.83480705669798e-22,2.70530671238114e-18,0.00123781569731078,0.00828368473406726,-7.31200772801306e-21,7.66202627270949e-25,0.999977610536168,3.34561619322857e-06
60255958.6074344,3.03363587032726e-22,2.64384335094893e-18,0.00130158744197288,0.00847630433810309,-6.98322203793215e-21,8.01278670959352e-25,0.999977611413614,3.43790191117731e-06
61659500.1861468,3.24347290559163e-22,2.58378157148346e-18,0.00136894934835688,0.0086727608156707,-6.66923357681917e-21,8.37202286997323e-25,0.999977613948379,3.53351965188938e-06
63095734.4480179,3.46485476792236e-22,2.52508949501633e-18,0.00144007830306243,0.00887305048394182,-6.36937628822374e-21,8.73987391120207e-25,0.999977618299285,3.63250515073407e-06
64565422.9034641,3.69833227731064e-22,2.46773596565831e-18,0.00151515597893758,0.00907716129034952,-6.08301408894046e-21,9.11645640438783e-25,0.999977624632138,3.73488707668974e-06
66069344.8007581,3.94446947386408e-22,2.41169053390094e-18,0.00159436849356894,0.00928507220925212,-5.80953951996603e-21,9.50186227112929e-25,0.999977633119512,3.84068629145182e-06
67608297.5391967,4.20384245030371e-22,2.35692344029381e-18,0.00167790604561082,0.00949675263774452,-5.54837245819476e-21,9.89615668930999e-25,0.999977643940454,3.94991518678479e-06
69183097.0918921,4.47703800838835e-22,2.30340559949041e-18,0.00176596245546851,0.00971216179419798,-5.29895888612094e-21,1.02993759949612e-24,0.999977657280136,4.06257692871418e-06
70794578.4384122,4.76465212914922e-22,2.25110858465571e-18,0.00185873466276784,0.0099312481263496,-5.06076971693869e-21,1.07115255884619e-24,0.999977673329438,4.17866475090468e-06
72443596.0074974,5.0672882525667e-22,2.200004612229e-18,0.00195642216605598,0.0101539487338869,-4.83329967254769e-21,1.11325778662895e-24,0.999977692284454,4.29816126839062e-06
74131024.1300901,5.38555536360421e-22,2.1500665270358e-18,0.00205922639255544,0.0103801888099611,-4.61606621208506e-21,1.15624702001758e-24,0.999977714345934,4.42103779310206e-06
75857757.5029167,5.72006588243933e-22,2.10126778774291e-18,0.00216734998445798,0.0106098811106676,-4.40860850871049e-21,1.20011029849718e-24,0.999977739718653,4.54725363353071e-06
77624711.6628674,6.07143335603653e-22,2.05358245265111e-18,0.00228099605613467,0.0108429254580074,-4.21048647247406e-21,1.24483377724219e-24,0.999977768610701,4.67675550388693e-06
79432823.4724264,6.44026995573421e-22,2.00698516581997e-18,0.00240036735179026,0.0110792082817284,-4.02127981719342e-21,1.29039955209087e-24,0.999977801232708,4.8094768959892e-06
81283051.6164081,6.82718378178266e-22,1.96145114351978e-18,0.00252566535931947,0.0113186022101672,-3.84058716936025e-21,1.33678549791085e-24,0.999977837796997,4.94533754008957e-06
83176377.1102652,7.23277598175502e-22,1.91695616100566e-18,0.00265708936407994,0.0115609657146933,-3.66802521718466e-21,1.38396512298993e-24,0.999977878516661,5.08424292115546e-06
85113803.8202357,7.65763769166283e-22,1.87347653960905e-18,0.00279483541802369,0.0118061428182728,-3.50322789797099e-21,1.43190744195737e-24,0.999977923604585,5.22608380711356e-06
87096358.9956061,8.1023468084177e-22,1.83098913414214e-18,0.00293909528957467,0.0120539628703682,-3.34584562209968e-21,1.48057686920021e-24,0.999977973272399,5.37073591764625e-06
89125093.8133725,8.56746460884038e-22,1.78947132061058e-18,0.00309005533862978,0.0123042404014768,-3.19554453196686e-21,1.52993313546137e-24,0.999978027729373,5.51805962303111e-06
91201083.9355889,9.05353223082483e-22,1.74890098423037e-18,0.0032478953401446,0.0125567750609434,-3.05200579430753e-21,1.57993122975952e-24,0.99997808718127,5.66789971919875e-06
93325430.079697,9.56106703342773e-22,1.70925650774433e-18,0.0034127872988306,0.0128113516442454,-2.91492492439831e-21,1.63052136840249e-24,0.999978151829141,5.82008534936602e-06
95499258.6021414,1.00905588599338e-21,1.67051676003412e-18,0.00358489418922605,0.0130677402182755,-2.78401114070351e-21,1.68164899353698e-24,0.999978221868094,5.97442994875716e-06
97723722.0955788,1.06424662244754e-21,1.63266108502334e-18,0.00376436871268096,0.0133256963493977,-2.65898674859211e-21,1.73325480240834e-24,0.999978297486028,6.13073136589785e-06
99999999.9999977,1.12172124512843e-21,1.59566929086746e-18,0.00395135200536351,0.0135849614385961,-2.53958655181502e-21,1.78527480933389e-24,0.999978378862353,6.28877203549691e-06
