 frequency              yer                    yei                    yfr                    yfi                    er                     ei                     fr                     fi                    
 1.000000000000000e+00 -1.015310734968418e-11  6.340615969132226e-13  4.007812280726492e-07  6.257516141538459e-06 -1.009140373734802e-07 -1.615917222444891e-06  4.085374596829901e-03  6.378631354620241e-02 
 1.023292992280754e+00 -1.015114235857909e-11  6.494499590215595e-13  4.195886748633789e-07  6.402039751140971e-06 -1.010103382402046e-07 -1.578828836496245e-06  4.277093705201687e-03  6.525952212478650e-02 
 1.047128548050899e+00 -1.014908653044698e-11  6.651706423391878e-13  4.392747296887338e-07  6.549842109103234e-06 -1.011004770378459e-07 -1.542577835543354e-06  4.477769156806828e-03  6.676615276648898e-02 
 1.071519305237606e+00 -1.014693561815488e-11  6.812311302302063e-13  4.598800565819216e-07  6.700993382555665e-06 -1.011846461694630e-07 -1.507144997734277e-06  4.687815472142222e-03  6.830692072147333e-02 
 1.096478196143185e+00 -1.014468518514571e-11  6.976390052861218e-13  4.814471650402823e-07  6.855564936916912e-06 -1.012630224436309e-07 -1.472511536486786e-06  4.907665983973195e-03  6.988255345456443e-02 
 1.122018454301963e+00 -1.014233059283553e-11  7.144020129272432e-13  5.040204902632814e-07  7.013629333537019e-06 -1.013357768548531e-07 -1.438659089904332e-06  5.137773655262531e-03  7.149379062121312e-02 
 1.148153621496882e+00 -1.013986699612275e-11  7.315279962951991e-13  5.276464765384087e-07  7.175260325231528e-06 -1.014030652698740e-07 -1.405569711676153e-06  5.378611929188560e-03  7.314138402196170e-02 
 1.174897554939529e+00 -1.013728933152790e-11  7.490249370867830e-13  5.523736638645869e-07  7.340532849523732e-06 -1.014650347473003e-07 -1.373225861167480e-06  5.630675612165746e-03  7.482609753354612e-02 
 1.202264434617413e+00 -1.013459231346830e-11  7.669008761696209e-13  5.782527779015864e-07  7.509523019399905e-06 -1.015218131631263e-07 -1.341610394906916e-06  5.894481790769879e-03  7.654870701464603e-02 
 1.230268770812381e+00 -1.013177041603302e-11  7.851640308917060e-13  6.053368233323293e-07  7.682308111369450e-06 -1.015735257360521e-07 -1.310706556356048e-06  6.170570783453511e-03  7.831000018416140e-02 
 1.258925411794167e+00 -1.012881786853850e-11  8.038227141904396e-13  6.336811807227724e-07  7.858966550608276e-06 -1.016202843587282e-07 -1.280497967832733e-06  6.459507127914992e-03  8.011077646975588e-02 
 1.288249551693134e+00 -1.012572864364460e-11  8.228853527844466e-13  6.633437069612013e-07  8.039577892949249e-06 -1.016621906224886e-07 -1.250968621665867e-06  6.761880604955242e-03  8.195184682425970e-02 
 1.318256738556407e+00 -1.012249644650539e-11  8.423604850330610e-13  6.943848393552317e-07  8.224222803468576e-06 -1.016993360527864e-07 -1.222102871748410e-06  7.078307299620417e-03  8.383403350737204e-02 
 1.348962882591653e+00 -1.011911470495924e-11  8.622567414443768e-13  7.268677034604162e-07  8.412983031400955e-06 -1.017318003231708e-07 -1.193885425456639e-06  7.409430700383790e-03  8.575816982993911e-02 
 1.380384264602885e+00 -1.011557655362516e-11  8.825828934262186e-13  7.608582247091449e-07  8.605941381099783e-06 -1.017596576396359e-07 -1.166301335083010e-06  7.755922837066962e-03  8.772509985791635e-02 
 1.412537544622754e+00 -1.011187482328853e-11  9.033478297919281e-13  7.964252439022604e-07  8.803181678741140e-06 -1.017829741871525e-07 -1.139335990168435e-06  8.118485458136829e-03  8.973567807294323e-02 
 1.445439770745927e+00 -1.010800203989571e-11  9.245604245726250e-13  8.336406366185285e-07  9.004788734452143e-06 -1.018017939840814e-07 -1.112975111098656e-06  8.497851247940280e-03  9.179076898627475e-02 
 1.479108388168207e+00 -1.010395038743002e-11  9.462298083126722e-13  8.725794365885713e-07  9.210848299525038e-06 -1.018161701323083e-07 -1.087204738867239e-06  8.894785084351825e-03  9.389124670261760e-02 
 1.513561248436208e+00 -1.009971172179330e-11  9.683650580523357e-13  9.133199630700743e-07  9.421447018358620e-06 -1.018261308326534e-07 -1.062011230789191e-06  9.310085337209308e-03  9.603799443021756e-02 
 1.548816618912481e+00 -1.009527753282511e-11  9.909754586180423e-13  9.559439522498176e-07  9.636672374747849e-06 -1.018317086709486e-07 -1.037381250700837e-06  9.744585207798266e-03  9.823190393333353e-02 
 1.584893192461113e+00 -1.009063895166375e-11  1.014070266455425e-12  1.000536692685248e-06  9.856612632121043e-06 -1.018329161337832e-07 -1.013301764277917e-06  1.019915410951446e-02  1.004738749230138e-01 
 1.621810097358929e+00 -1.008578672048951e-11  1.037658869568968e-12  1.047187164783765e-06  1.008135676730178e-05 -1.018297633021210e-07 -9.897600305674063e-07  1.067469908968602e-02  1.027648143818642e-01 
 1.659586907437560e+00 -1.008071118618196e-11  1.061750690778229e-12  1.095988184301471e-06  1.031099439734961e-05 -1.018222486639781e-07 -9.667435962361534e-07  1.117216629236914e-02  1.051056358182635e-01 
 1.698243652461743e+00 -1.007540227780836e-11  1.086355249784556e-12  1.147036549824644e-06  1.054561569901009e-05 -1.018103660840491e-07 -9.442402883873967e-07  1.169254246174289e-02  1.074972584452381e-01 
 1.737800828749374e+00 -1.006984950090718e-11  1.111482057533021e-12  1.200433194176547e-06  1.078531132028010e-05 -1.017940955533075e-07 -9.222382092050260e-07  1.223685648551786e-02  1.099406062789629e-01 
 1.778279410038922e+00 -1.006404191129971e-11  1.137140702076721e-12  1.256283339669025e-06  1.103017228356968e-05 -1.017734123809809e-07 -9.007257288281247e-07  1.280618097753799e-02  1.124366071515970e-01 
 1.819700858609982e+00 -1.005796810285175e-11  1.163340795515190e-12  1.314696657092701e-06  1.128028987991603e-05 -1.017482830931521e-07 -8.796914797590716e-07  1.340163389849275e-02  1.149861916329076e-01 
 1.862087136662866e+00 -1.005161619630184e-11  1.190091913298842e-12  1.375787428311018e-06  1.153575555367957e-05 -1.017186612838381e-07 -8.591243514903417e-07  1.402438021336616e-02  1.175902918548697e-01 
 1.905460717963246e+00 -1.004497381051201e-11  1.217403682429218e-12  1.439674712291833e-06  1.179666077712579e-05 -1.016844965473717e-07 -8.390134837733537e-07  1.467563358392753e-02  1.202498402331625e-01 
 1.949844599758044e+00 -1.003802804773192e-11  1.245285738295362e-12  1.506482514375465e-06  1.206309691427031e-05 -1.016457315809378e-07 -8.193482613382984e-07  1.535665809421395e-02  1.229657680792176e-01 
 1.995262314968878e+00 -1.003076548716391e-11  1.273747615756338e-12  1.576339958539755e-06  1.233515507333841e-05 -1.016022944844220e-07 -8.001183094076638e-07  1.606877000656351e-02  1.257390040962051e-01 
 2.041737944669527e+00 -1.002317215241481e-11  1.302798851852422e-12  1.649381462380640e-06  1.261292594716423e-05 -1.015541086788783e-07 -7.813134872095702e-07  1.681333954533014e-02  1.285704727520783e-01 
 2.089296130854037e+00 -1.001523349879199e-11  1.332448919167213e-12  1.725746914480657e-06  1.289649964082919e-05 -1.015010887021695e-07 -7.629238833179278e-07  1.759179270494033e-02  1.314610925225378e-01 
 2.137962089502230e+00 -1.000693440181943e-11  1.362707153688243e-12  1.805581853787470e-06  1.318596548581435e-05 -1.014431362282323e-07 -7.449398111716332e-07  1.840561307843961e-02  1.344117739965211e-01 
 2.187761623949550e+00 -9.998259119777040e-12  1.393582874755069e-12  1.889037650569609e-06  1.348141183991751e-05 -1.013801506971664e-07 -7.273518027770439e-07  1.925634370211690e-02  1.374234178365800e-01 
 2.238721138568337e+00 -9.989191293416244e-12  1.425085221548878e-12  1.976271688456967e-06  1.378292587216326e-05 -1.013120184686144e-07 -7.101506053828638e-07  2.014558891118649e-02  1.404969125862798e-01 
 2.290867652767770e+00 -9.979713919803144e-12  1.457223184610975e-12  2.067447547008829e-06  1.409059333191324e-05 -1.012386170535626e-07 -6.933271763040064e-07  2.107501620084773e-02  1.436331323165375e-01 
 2.344228815319919e+00 -9.969809329051958e-12  1.490005608974915e-12  2.162735184182177e-06  1.440449830136524e-05 -1.011598169740288e-07 -6.768726781416032e-07  2.204635808632806e-02  1.468329341026292e-01 
 2.398832919019488e+00 -9.959459175459820e-12  1.523441097458928e-12  2.262311117997308e-06  1.472472293061347e-05 -1.010754768485652e-07 -6.607784751195861e-07  2.306141395474360e-02  1.500971553234295e-01 
 2.454708915685027e+00 -9.948644410190627e-12  1.557538040858404e-12  2.366358606616349e-06  1.505134715442934e-05 -1.009854474688718e-07 -6.450361282464013e-07  2.412205190078125e-02  1.534266107743127e-01 
 2.511886431509577e+00 -9.937345262816660e-12  1.592304584281522e-12  2.475067825962686e-06  1.538444838991278e-05 -1.008895714062953e-07 -6.296373912245767e-07  2.523021053731328e-02  1.568220895850524e-01 
 2.570395782768860e+00 -9.925541234634285e-12  1.627748521678818e-12  2.588636043915507e-06  1.572410121415916e-05 -1.007876783304718e-07 -6.145742071879724e-07  2.638790077109952e-02  1.602843519340032e-01 
 2.630267991895378e+00 -9.913211058174107e-12  1.663877402999620e-12  2.707267790013416e-06  1.607037702108696e-05 -1.006795939433796e-07 -5.998387033880629e-07  2.759720753270969e-02  1.638141255498520e-01 
 2.691534803926912e+00 -9.900332712967690e-12  1.700698294524544e-12  2.831175019494212e-06  1.642334365657751e-05 -1.005651273342729e-07 -5.854231894844151e-07  2.886029144871012e-02  1.674121019922850e-01 
 2.754228703338163e+00 -9.886883372134170e-12  1.738217963058789e-12  2.960577270384450e-06  1.678306503109057e-05 -1.004440846385172e-07 -5.713201516421133e-07  3.017939044300128e-02  1.710789327030492e-01 
 2.818382931264450e+00 -9.872839418277405e-12  1.776442645914105e-12  3.095701812232194e-06  1.714960070894031e-05 -1.003162576242365e-07 -5.575222509122998e-07  3.155682125296772e-02  1.748152248190940e-01 
 2.884031503126602e+00 -9.858176409108583e-12  1.815378122893024e-12  3.236783784949412e-06  1.752300547344504e-05 -1.001814305863454e-07 -5.440223186468666e-07  3.299498084480796e-02  1.786215367397738e-01 
 2.951209226666381e+00 -9.842869078430030e-12  1.855029588290400e-12  3.384066326097154e-06  1.790332886720332e-05 -1.000393756872446e-07 -5.308133540257453e-07  3.449634771105243e-02  1.824983734404937e-01 
 3.019951720402012e+00 -9.826891310087765e-12  1.895401678774017e-12  3.537800684806666e-06  1.829061470679841e-05 -9.988985727275291e-08 -5.178885200916596e-07  3.606348303185115e-02  1.864461815256834e-01 
 3.090295432513586e+00 -9.810216140488578e-12  1.936498351024773e-12  3.698246320383920e-06  1.868490057129579e-05 -9.973262802392018e-08 -5.052411413910307e-07  3.769903168012720e-02  1.904653440146217e-01 
 3.162277660168374e+00 -9.792815738825339e-12  1.978322885467294e-12  3.865670983493450e-06  1.908621726397363e-05 -9.956743211384440e-08 -4.928647004195002e-07  3.940572304914750e-02  1.945561748544032e-01 
 3.235936569296277e+00 -9.774661409178410e-12  2.020877783021284e-12  4.040350777660932e-06  1.949458824681681e-05 -9.939400283806363e-08 -4.807528352320738e-07  4.118637167946704e-02  1.987189131552612e-01 
 3.311311214825905e+00 -9.755723584987661e-12  2.064164711921339e-12  4.222570198673232e-06  1.991002904741227e-05 -9.921206312086604e-08 -4.688993366244512e-07  4.304387766056463e-02  2.029537171445555e-01 
 3.388441561392020e+00 -9.735971823293698e-12  2.108184463541228e-12  4.412622149290439e-06  2.033254663800824e-05 -9.902132654289673e-08 -4.572981452995863e-07  4.498122678081404e-02  2.072606578370045e-01 
 3.467368504525310e+00 -9.715374811687313e-12  2.152936857992682e-12  4.610807926518052e-06  2.076213878664450e-05 -9.882149609049958e-08 -4.459433496187371e-07  4.700149039773962e-02  2.116397124202130e-01 
 3.548133892335748e+00 -9.693900368560208e-12  2.198420693983014e-12  4.817437178520290e-06  2.119879338042642e-05 -9.861226522446092e-08 -4.348291829768159e-07  4.910782499879958e-02  2.160907573562406e-01 
 3.630780547701007e+00 -9.671515451067657e-12  2.244633674843441e-12  5.032827828088848e-06  2.164248772120373e-05 -9.839331793491771e-08 -4.239500214910311e-07  5.130347142124293e-02  2.206135612018680e-01 
 3.715352290971718e+00 -9.648186171084398e-12  2.291572314166885e-12  5.257305959417616e-06  2.209318779412787e-05 -9.816432808766173e-08 -4.133003819665611e-07  5.359175369791488e-02  2.252077771523933e-01 
 3.801893963205605e+00 -9.623877808325511e-12  2.339231870044114e-12  5.491205664774471e-06  2.255084750980008e-05 -9.792496023263892e-08 -4.028749196403004e-07  5.597607749426198e-02  2.298729353162161e-01 
 3.890451449942799e+00 -9.598554825270307e-12  2.387606285982172e-12  5.734868847509461e-06  2.301540792098843e-05 -9.767487076003260e-08 -3.926684259233705e-07  5.845992810023923e-02  2.346084347301832e-01 
 3.981071705534965e+00 -9.572180907827450e-12  2.436688044324416e-12  5.988644977696517e-06  2.348679641518684e-05 -9.741370558283913e-08 -3.826758270976400e-07  6.104686793937392e-02  2.394135351286712e-01 
 4.073802778041119e+00 -9.544718975244145e-12  2.486468164472428e-12  6.252890796577211e-06  2.396492588461353e-05 -9.714110397035630e-08 -3.728921816052094e-07  6.374053355592817e-02  2.442873484826902e-01 
 4.168693834703346e+00 -9.516131238690560e-12  2.536936026335794e-12  6.527969965862901e-06  2.444969387560240e-05 -9.685669538453533e-08 -3.633126791755821e-07  6.654463203995960e-02  2.492288303289241e-01 
 4.265795188015918e+00 -9.486379221769435e-12  2.588079365991920e-12  6.814252657860203e-06  2.494098171972837e-05 -9.656010334695319e-08 -3.539326382641179e-07  6.946293684914766e-02  2.542367709125679e-01 
 4.365158322401651e+00 -9.455423827607858e-12  2.639884114774946e-12  7.112115082318170e-06  2.543865364942717e-05 -9.625094327049376e-08 -3.447475051408254e-07  7.249928298557465e-02  2.593097861721055e-01 
 4.466835921509622e+00 -9.423225392204395e-12  2.692334318964551e-12  7.421938945858674e-06  2.594255590132301e-05 -9.592882363459269e-08 -3.357528522183850e-07  7.565756148527403e-02  2.644463085987822e-01 
 4.570881896148741e+00 -9.389743733043423e-12  2.745412098694708e-12  7.744110839849142e-06  2.645251581096076e-05 -9.559334856140387e-08 -3.269443760380583e-07  7.894171317833536e-02  2.696445780084564e-01 
 4.677351412871972e+00 -9.354938239684569e-12  2.799097485099354e-12  8.079021552614540e-06  2.696834090315524e-05 -9.524411608750959e-08 -3.183178965488490e-07  8.235572167773982e-02  2.749026322687716e-01 
 4.786300923226373e+00 -9.318767939904905e-12  2.853368373584932e-12  8.427065301969065e-06  2.748981798271425e-05 -9.488072070738150e-08 -3.098693552603437e-07  8.590360555595158e-02  2.802182980301380e-01 
 4.897788193684452e+00 -9.281191598973072e-12  2.908200393257885e-12  8.788638884183209e-06  2.801671223086411e-05 -9.450275303567089e-08 -3.015948143009273e-07  8.958940966966938e-02  2.855891815148416e-01 
 5.011872336272712e+00 -9.242167809034857e-12  2.963566841632050e-12  9.164140735695163e-06  2.854876631330196e-05 -9.410980176317725e-08 -2.934904548639428e-07  9.341719559511219e-02  2.910126594246755e-01 
 5.128613839913638e+00 -9.201655097429121e-12  3.019438588609712e-12  9.553969904133138e-06  2.908569950641548e-05 -9.370145457232234e-08 -2.855525760167666e-07  9.739103113883998e-02  2.964858700337625e-01 
 5.248074602497715e+00 -9.159612047370748e-12  3.075783975934242e-12  9.958524925543471e-06  2.962720684884115e-05 -9.327729895832613e-08 -2.777775936053427e-07  1.015149788924560e-01  3.020057045396741e-01 
 5.370317963702516e+00 -9.115997418008436e-12  3.132568752786336e-12  1.037820260512493e-05  3.017295832617286e-05 -9.283692417300158e-08 -2.701620388392642e-07  1.057930838036718e-01  3.075687987524747e-01 
 5.495408738576233e+00 -9.070770290666824e-12  3.189755967652219e-12  1.081339669925820e-05  3.072259809727389e-05 -9.237992179636303e-08 -2.627025573687828e-07  1.102293597411966e-01  3.131715252078612e-01 
 5.623413251903478e+00 -9.023890208281134e-12  3.247305917106281e-12  1.126449649719721e-05  3.127574377128108e-05 -9.190588798788430e-08 -2.553959078288182e-07  1.148277750368007e-01  3.188099857970476e-01 
 5.754399373371556e+00 -8.975317338574961e-12  3.305176061798575e-12  1.173188530146086e-05  3.183198574500851e-05 -9.141442466758058e-08 -2.482389607615378e-07  1.195922369947519e-01  3.244800050123466e-01 
 5.888436553555876e+00 -8.925012632129501e-12  3.363320993385269e-12  1.221593880673390e-05  3.239088661104942e-05 -9.090514204127104e-08 -2.412286970644591e-07  1.245265753666767e-01  3.301771239134335e-01 
 6.025595860743564e+00 -8.872938018231570e-12  3.421692335240912e-12  1.271702337795885e-05  3.295198064742701e-05 -9.037765915254068e-08 -2.343622071552766e-07  1.296345247987955e-01  3.358965949249013e-01 
 6.165950018614807e+00 -8.819056577278449e-12  3.480238744577751e-12  1.323549422927707e-05  3.351477340014244e-05 -8.983160707876048e-08 -2.276366891466106e-07  1.349197062684362e-01  3.416333775807883e-01 
 6.309573444801917e+00 -8.763332756758594e-12  3.538905836249391e-12  1.377169350655985e-05  3.407874137039893e-05 -8.926662981312364e-08 -2.210494478586805e-07  1.403856075377635e-01  3.473821353361499e-01 
 6.456542290346539e+00 -8.705732565995836e-12  3.597636199217823e-12  1.432594827745589e-05  3.464333181862568e-05 -8.868238738371577e-08 -2.145978929288421e-07  1.460355626647517e-01  3.531372335692627e-01 
 6.606934480075944e+00 -8.646223794258124e-12  3.656369387754830e-12  1.489856843416916e-05  3.520796269767055e-05 -8.807855800385948e-08 -2.082795372172551e-07  1.518727306245483e-01  3.588927389005445e-01 
 6.760829753919801e+00 -8.584776250930289e-12  3.715041895885362e-12  1.548984451556345e-05  3.577202272765510e-05 -8.745483957510337e-08 -2.020919954213171e-07  1.579000731084716e-01  3.646424199555509e-01 
 6.918309709189348e+00 -8.521361986754838e-12  3.773587212150016e-12  1.610004545666047e-05  3.633487162497477e-05 -8.681095285519000e-08 -1.960329819097273e-07  1.641203315828731e-01  3.703797496992909e-01 
 7.079457843841362e+00 -8.455955535613011e-12  3.831935856696957e-12  1.672941627514507e-05  3.689584049775921e-05 -8.614664380478562e-08 -1.901003087727749e-07  1.705360037058654e-01  3.760979094674026e-01 
 7.244359600749883e+00 -8.388534172565893e-12  3.890015413920848e-12  1.737817570610119e-05  3.745423241976809e-05 -8.546168549737401e-08 -1.842918839535446e-07  1.771493192163224e-01  3.817897948162590e-01 
 7.413102413009157e+00 -8.319078138025234e-12  3.947750668425010e-12  1.804651379785702e-05  3.800932319416581e-05 -8.475588194648056e-08 -1.786057083618496e-07  1.839622154264383e-01  3.874480233086575e-01 
 7.585775750291819e+00 -8.247570919426963e-12  4.005063640987671e-12  1.873458948349853e-05  3.856036231788068e-05 -8.402906925323895e-08 -1.730398740402091e-07  1.909763124662527e-01  3.930649443442256e-01 
 7.762471166286898e+00 -8.173999483774613e-12  4.061873755522309e-12  1.944252814429159e-05  3.910657415629476e-05 -8.328111918976023e-08 -1.675925610291985e-07  1.981928884456945e-01  3.986326511338869e-01 
 7.943282347242794e+00 -8.098354544217258e-12  4.118097953902962e-12  2.017041918290783e-05  3.964715933681762e-05 -8.251194114077778e-08 -1.622620347960160e-07  2.056128547165638e-01  4.041429949055853e-01 
 8.128305161640972e+00 -8.020630791459104e-12  4.173650900025653e-12  2.091831362594814e-05  4.018129636846310e-05 -8.172148538588062e-08 -1.570466427859935e-07  2.132367314331653e-01  4.095876014138319e-01 
 8.317637711026689e+00 -7.940827162328212e-12  4.228445123508550e-12  2.168622177676493e-05  4.070814349286607e-05 -8.090974461499315e-08 -1.519448116197073e-07  2.210646236256803e-01  4.149578898085010e-01 
 8.511380382023743e+00 -7.858947044741258e-12  4.282391297211185e-12  2.247411094096715e-05  4.122684077024737e-05 -8.007675754268419e-08 -1.469550429575108e-07  2.290961980144470e-01  4.202450938986352e-01 
 8.709635899560784e+00 -7.774998537595583e-12  4.335398414713973e-12  2.328190324820875e-05  4.173651240166168e-05 -7.922260998410869e-08 -1.420759104123970e-07  2.373306608057376e-01  4.254402858248687e-01 
 8.912509381337431e+00 -7.688994640352925e-12  4.387374101960309e-12  2.410947359487649e-05  4.223626928645774e-05 -7.834743792612583e-08 -1.373060551253659e-07  2.457667367199545e-01  4.305344021295506e-01 
 9.120108393559072e+00 -7.600953459768683e-12  4.438224891500313e-12  2.495664773306385e-05  4.272521181125700e-05 -7.745142925435238e-08 -1.326441817498552e-07  2.544026495110385e-01  4.355182721869181e-01 
 9.332543007969884e+00 -7.510898392777977e-12  4.487856532100338e-12  2.582320053170662e-05  4.320243286393920e-05 -7.653482554123205e-08 -1.280890541035527e-07  2.632361042408539e-01  4.403826489269399e-01 
 9.549925860214332e+00 -7.418858283253808e-12  4.536174330293549e-12  2.670885443592474e-05  4.366702106314171e-05 -7.559792379127257e-08 -1.236394905218245e-07  2.722642715740479e-01  4.451182417560585e-01 
 9.772372209558078e+00 -7.324867558897091e-12  4.583083506774553e-12  2.761327815042827e-05  4.411806419066887e-05 -7.464107783294242e-08 -1.192943590862935e-07  2.814837743569719e-01  4.497157515463512e-01 
 9.999999999999970e+00 -7.228966348497074e-12  4.628489562450345e-12  2.853608557227311e-05  4.455465281101207e-05 -7.366469929132185e-08 -1.150525727808282e-07  2.908906767384197e-01  4.541659075320597e-01 
 1.023292992280751e+01 -7.131200551664773e-12  4.672298692472084e-12  2.947683499726682e-05  4.497588405895131e-05 -7.266925876735720e-08 -1.109130841839783e-07  3.004804760798976e-01  4.584595059194992e-01 
 1.047128548050896e+01 -7.031621901163012e-12  4.714418177765999e-12  3.043502862290946e-05  4.538086557299768e-05 -7.165528608597103e-08 -1.068748804152486e-07  3.102480978887094e-01  4.625874499836405e-01 
 1.071519305237603e+01 -6.930287982352480e-12  4.754756805759226e-12  3.141011236889530e-05  4.576871954930703e-05 -7.062337049248109e-08 -1.029369778080829e-07  3.201878939881887e-01  4.665407913927462e-01 
 1.096478196143182e+01 -6.827262204738861e-12  4.793225319250791e-12  3.240147603389690e-05  4.613858688771009e-05 -6.957416076264357e-08 -9.909841631969584e-08  3.302936441159228e-01  4.703107724720204e-01 
 1.122018454301960e+01 -6.722613763294724e-12  4.829736832472724e-12  3.340845380461023e-05  4.648963139873087e-05 -6.850836434764730e-08 -9.535825429819718e-08  3.405585611128501e-01  4.738888690889571e-01 
 1.148153621496879e+01 -6.616417540461226e-12  4.864207281884255e-12  3.443032512987680e-05  4.682104403797240e-05 -6.742674661655247e-08 -9.171556291844060e-08  3.509752998338752e-01  4.772668338176637e-01 
 1.174897554939526e+01 -6.508753976478290e-12  4.896555865079778e-12  3.546631596914348e-05  4.713204713210068e-05 -6.633012953143571e-08 -8.816942076101857e-08  3.615359698744015e-01  4.804367390175351e-01 
 1.202264434617409e+01 -6.399708900259577e-12  4.926705474946827e-12  3.651560042061465e-05  4.742189855892195e-05 -6.521938992108794e-08 -8.471890846123516e-08  3.722321521673691e-01  4.833910194439648e-01 
 1.230268770812378e+01 -6.289373325245804e-12  4.954583119262376e-12  3.757730273024445e-05  4.768989584278092e-05 -6.409545727715837e-08 -8.136310352754910e-08  3.830549194624935e-01  4.861225139958505e-01 
 1.258925411794163e+01 -6.177843193017374e-12  4.980120344332874e-12  3.865049967827196e-05  4.793538012576322e-05 -6.295931137520659e-08 -7.810107513947730e-08  3.939948606540958e-01  4.886245061970727e-01 
 1.288249551693130e+01 -6.065219094294175e-12  5.003253620986151e-12  3.973422333538864e-05  4.815773997500602e-05 -6.181197922994138e-08 -7.493187934927456e-08  4.050421088768890e-01  4.908907630072933e-01 
 1.318256738556403e+01 -5.951605943436952e-12  5.023924721859619e-12  4.082746417592721e-05  4.835641498684208e-05 -6.065453183885417e-08 -7.185455439206664e-08  4.161863732411606e-01  4.929155715617132e-01 
 1.348962882591649e+01 -5.837112615301860e-12  5.042081075969354e-12  4.192917453075762e-05  4.853089914954154e-05 -5.948808058891159e-08 -6.886811624679637e-08  4.274169740308603e-01  4.946937734500264e-01 
 1.380384264602880e+01 -5.721851560340983e-12  5.057676080948822e-12  4.303827235796071e-05  4.868074392808455e-05 -5.831377316317249e-08 -6.597155464738133e-08  4.387228811410443e-01  4.962207961618081e-01 
 1.412537544622749e+01 -5.605938378065946e-12  5.070669396499418e-12  4.415364530491629e-05  4.880556103668477e-05 -5.713278930601552e-08 -6.316382930381109e-08  4.500927554859351e-01  4.974926813489038e-01 
 1.445439770745922e+01 -5.489491367874019e-12  5.081027196598071e-12  4.527415503127947e-05  4.890502486767066e-05 -5.594633624240340e-08 -6.044386656156389e-08  4.615149930664235e-01  4.985061095847988e-01 
 1.479108388168202e+01 -5.372631056330716e-12  5.088722383107288e-12  4.639864175851941e-05  4.897887454877956e-05 -5.475564385764233e-08 -5.781055647199982e-08  4.729777713470968e-01  4.992584213360998e-01 
 1.513561248436203e+01 -5.255479708629566e-12  5.093734754367145e-12  4.752592900833870e-05  4.902691560487665e-05 -5.356195963619662e-08 -5.526275033876210e-08  4.844690975586777e-01  4.997476339016108e-01 
 1.548816618912476e+01 -5.138160813707092e-12  5.096051142216408e-12  4.865482848945578e-05  4.904902120451545e-05 -5.236654356810425e-08 -5.279925860278822e-08  4.959768585128432e-01  4.999724541193641e-01 
 1.584893192461108e+01 -5.020798572388419e-12  5.095665489533350e-12  4.978414508998191e-05  4.904513297652723e-05 -5.117066278407382e-08 -5.041884934993544e-08  5.074888714934536e-01  4.999322866906167e-01 
 1.621810097358924e+01 -4.903517369733470e-12  5.092578892137434e-12  5.091268193100922e-05  4.901526138688123e-05 -4.997558623472713e-08 -4.812024719792676e-08  5.189929357717515e-01  4.996272380213367e-01 
 1.659586907437554e+01 -4.786441243958599e-12  5.086799595843520e-12  5.203924543608578e-05  4.895948567129677e-05 -4.878257936165445e-08 -4.590213265608058e-08  5.304768842835126e-01  4.990581155351183e-01 
 1.698243652461738e+01 -4.669693367844163e-12  5.078342938236192e-12  5.316265037100817e-05  4.887795332441691e-05 -4.759289870829179e-08 -4.376314206377307e-08  5.419286350036183e-01  4.982264224657696e-01 
 1.737800828749369e+01 -4.553395533247227e-12  5.067231249866916e-12  5.428172480882090e-05  4.877087915166314e-05 -4.640778666139969e-08 -4.170186795746837e-08  5.533362415582015e-01  4.971343481919693e-01 
 1.778279410038916e+01 -4.437667642715507e-12  5.053493715830976e-12  5.539531497605754e-05  4.863854389508639e-05 -4.522846636011654e-08 -3.971685985621774e-08  5.646879426261971e-01  4.957847542293209e-01 
 1.819700858609976e+01 -4.322627227291727e-12  5.037166186055198e-12  5.650228993807302e-05  4.848129244950602e-05 -4.405613669372148e-08 -3.780662558419703e-08  5.759722097006233e-01  4.941811560458909e-01 
 1.862087136662860e+01 -4.208388977762500e-12  5.018290951968886e-12  5.760154608374995e-05  4.829953168989844e-05 -4.289196757518804e-08 -3.596963294986867e-08  5.871777928047215e-01  4.923277009149031e-01 
 1.905460717963240e+01 -4.095064303344136e-12  4.996916482804187e-12  5.869201137286236e-05  4.809372793527231e-05 -4.173709544144991e-08 -3.420431185026201e-08  5.982937637886782e-01  4.902291420618513e-01 
 1.949844599758038e+01 -3.982760919637708e-12  4.973097126229253e-12  5.977264931287951e-05  4.786440407807731e-05 -4.059261903300928e-08 -3.250905675212393e-08  6.093095568683166e-01  4.878908094021270e-01 
 1.995262314968872e+01 -3.871582465868715e-12  4.946892779191332e-12  6.084246263591118e-05  4.761213641147575e-05 -3.945959550517483e-08 -3.088222948973645e-08  6.202150061070942e-01  4.853185771987220e-01 
 2.041737944669521e+01 -3.761628157079179e-12  4.918368530021056e-12  6.190049665075049e-05  4.733755118951434e-05 -3.833903687513495e-08 -2.932216236837933e-08  6.310003795861127e-01  4.825188289971696e-01 
 2.089296130854031e+01 -3.652992471067344e-12  4.887594277557209e-12  6.294584224946825e-05  4.704132095733551e-05 -3.723190684237369e-08 -2.782716151444710e-08  6.416564100527028e-01  4.794984202163086e-01 
 2.137962089502224e+01 -3.545764871434814e-12  4.854644331376430e-12  6.397763855266601e-05  4.672416069004446e-05 -3.613911799864982e-08 -2.639551043030141e-08  6.521743218855676e-01  4.762646387885269e-01 
 2.187761623949544e+01 -3.440029576690431e-12  4.819596990793486e-12  6.499507518220463e-05  4.638682377969966e-05 -3.506152939143511e-08 -2.502547377735836e-08  6.625458542624960e-01  4.728251642517982e-01 
 2.238721138568331e+01 -3.335865357679007e-12  4.782534120451184e-12  6.599739415491008e-05  4.603009791013019e-05 -3.399994455147829e-08 -2.371530120554238e-08  6.727632804643955e-01  4.691880256982484e-01 
 2.290867652767764e+01 -3.233345384966257e-12  4.743540710706969e-12  6.698389139532671e-05  4.565480085892931e-05 -3.295510986654060e-08 -2.246323134900516e-08  6.828194232959770e-01  4.653615589803633e-01 
 2.344228815319913e+01 -3.132537108400678e-12  4.702704439657480e-12  6.795391786996985e-05  4.526177626506494e-05 -3.192771339471609e-08 -2.126749581621890e-08  6.927076666480851e-01  4.613543635667004e-01 
 2.398832919019481e+01 -3.033502177090651e-12  4.660115234045687e-12  6.890688034965012e-05  4.485188939913337e-05 -3.091838406066966e-08 -2.012632320225727e-08  7.024219632686688e-01  4.571752594245413e-01 
 2.454708915685020e+01 -2.936296400947744e-12  4.615864831488118e-12  6.984224181024678e-05  4.442602297141447e-05 -2.992769121752922e-08 -1.903794309816818e-08  7.119568388481796e-01  4.528332442878760e-01 
 2.511886431509570e+01 -2.840969742837878e-12  4.570046353771967e-12  7.075952148574782e-05  4.398507301062738e-05 -2.895614460263588e-08 -1.800058999782994e-08  7.213073925602519e-01  4.483374516460911e-01 
 2.570395782768853e+01 -2.747566347928151e-12  4.522753888735012e-12  7.165829459041196e-05  4.352994484370079e-05 -2.800419463048116e-08 -1.701250712739111e-08  7.304692942294811e-01  4.436971097623715e-01 
 2.630267991895371e+01 -2.656124603774081e-12  4.474082086503063e-12  7.253819172951967e-05  4.306154920402712e-05 -2.707223302188095e-08 -1.607195013820717e-08  7.394387783247445e-01  4.389215020018363e-01 
 2.691534803926904e+01 -2.566677235586999e-12  4.424125768586659e-12  7.339889802034911e-05  4.258079849263420e-05 -2.616059372160063e-08 -1.517719067831181e-08  7.482126349986182e-01  4.340199287184749e-01 
 2.754228703338154e+01 -2.479251419437967e-12  4.372979560924555e-12  7.424015194673778e-05  4.208860321354738e-05 -2.526955413388264e-08 -1.432651972920437e-08  7.567881984110211e-01  4.290016709177411e-01 
 2.818382931264442e+01 -2.393868931439108e-12  4.320737540427848e-12  7.506174397187334e-05  4.158586860139192e-05 -2.439933657465399e-08 -1.351825081419001e-08  7.651633325883010e-01  4.238759558787939e-01 
 2.884031503126593e+01 -2.310546312734246e-12  4.267492907046337e-12  7.586351493481545e-05  4.107349145606004e-05 -2.355010997729084e-08 -1.275072295554831e-08  7.733364150777189e-01  4.186519248875112e-01 
 2.951209226666373e+01 -2.229295054572281e-12  4.213337678272764e-12  7.664535425670196e-05  4.055235719609327e-05 -2.272199179757603e-08 -1.202230341175349e-08  7.813063186618975e-01  4.133386031990258e-01 
 3.019951720402003e+01 -2.150121803536078e-12  4.158362405575485e-12  7.740719798266959e-05  4.002333713935301e-05 -2.191505008320942e-08 -1.133139019973721e-08  7.890723913985772e-01  4.079448723171940e-01 
 3.090295432513577e+01 -2.073028578116419e-12  4.102655916706784e-12  7.814902668524787e-05  3.948728601661940e-05 -2.112930569935815e-08 -1.067641436176966e-08  7.966344352482602e-01  4.024794446484686e-01 
 3.162277660168365e+01 -1.998012999649884e-12  4.046305081146959e-12  7.887086325440802e-05  3.894503972099440e-05 -2.036473466685098e-08 -1.005584200469018e-08  8.039926835464392e-01  3.969508405595111e-01 
 3.235936569296268e+01 -1.925068531129151e-12  3.989394600840446e-12  7.957277059859848e-05  3.839741329342774e-05 -1.962127059882255e-08 -9.468176089325792e-09  8.111477775684431e-01  3.913673678417794e-01 
 3.311311214825896e+01 -1.854184720439153e-12  3.932006826387094e-12  8.025484928001904e-05  3.784519914234641e-05 -1.889880721234128e-08 -8.911957968253715e-09  8.181007424239257e-01  3.857371035625128e-01 
 3.388441561392010e+01 -1.785347454637693e-12  3.874221593977006e-12  8.091723510611358e-05  3.728916549326959e-05 -1.819720087075947e-08 -8.385768719747124e-09  8.248529625050542e-01  3.800678782601297e-01 
 3.467368504525301e+01 -1.718539210827367e-12  3.816116088485679e-12  8.156009669783776e-05  3.673005506243514e-05 -1.751627316514932e-08 -7.888230222529109e-09  8.314061566979493e-01  3.743672624231490e-01 
 3.548133892335738e+01 -1.653739307833205e-12  3.757764728778733e-12  8.218363305371861e-05  3.616858394685902e-05 -1.685581349828383e-08 -7.418006011429260e-09  8.377623535512257e-01  3.686425551753705e-01 
 3.630780547700997e+01 -1.590924159606087e-12  3.699239073158877e-12  8.278807112710435e-05  3.560544072188688e-05 -1.621558164799339e-08 -6.973801934847210e-09  8.439238665789935e-01  3.629007750761796e-01 
 3.715352290971708e+01 -1.530067524394898e-12  3.640607745945666e-12  8.337366343233640e-05  3.504128573617651e-05 -1.559531030297951e-08 -6.554366603769298e-09  8.498932698586864e-01  3.571486529334179e-01 
 3.801893963205595e+01 -1.471140747863035e-12  3.581936384109592e-12  8.394068569389255e-05  3.447675059316035e-05 -1.499470755599617e-08 -6.158491643172853e-09  8.556733740669248e-01  3.513926265171772e-01 
 3.890451449942788e+01 -1.414113002351893e-12  3.523287601246129e-12  8.448943455087382e-05  3.391243780736115e-05 -1.441345933467321e-08 -5.785011773328634e-09  8.612672030795455e-01  3.456388370560051e-01 
 3.981071705534954e+01 -1.358951518731646e-12  3.464720968718416e-12  8.502022532756529e-05  3.334892062346385e-05 -1.385123176352279e-08 -5.432804722599612e-09  8.666779712451748e-01  3.398931273922006e-01 
 4.073802778041109e+01 -1.305621808880248e-12  3.406293013031277e-12  8.553338987920909e-05  3.278674298575943e-05 -1.330767344863947e-08 -5.100790981142987e-09  8.719090614254943e-01  3.341610416699718e-01 
 4.168693834703335e+01 -1.254087882782300e-12  3.348057226249991e-12  8.602927452060067e-05  3.222641964546101e-05 -1.278241766944603e-08 -4.787933427849268e-09  8.769640038797935e-01  3.284478264290098e-01 
 4.265795188015907e+01 -1.204312453877363e-12  3.290064090464006e-12  8.650823804367707e-05  3.166843639342018e-05 -1.227508448032256e-08 -4.493236820187389e-09  8.818464560566872e-01  3.227584329763705e-01 
 4.365158322401639e+01 -1.156257134799911e-12  3.232361113917683e-12  8.697064982891018e-05  3.111325040593981e-05 -1.178528271238016e-08 -4.215747171054054e-09  8.865601833420598e-01  3.170975209112191e-01 
 4.466835921509610e+01 -1.109882624411309e-12  3.174992877124804e-12  8.741688805406134e-05  3.056129069165165e-05 -1.131261187013099e-08 -3.954551029650692e-09  8.911090407994914e-01  3.114694626798099e-01 
 4.570881896148729e+01 -1.065148882256386e-12  3.118001089072139e-12  8.784733800269856e-05  3.001295862780517e-05 -1.085666392539837e-08 -3.708774665185421e-09  8.954969559276419e-01  3.058783490418816e-01 
 4.677351412871960e+01 -1.022015295486409e-12  3.061424650493870e-12  8.826239047382790e-05  2.946862857476076e-05 -1.041702500027264e-08 -3.477583184033447e-09  8.997279124483727e-01  3.003279953342533e-01 
 4.786300923226361e+01 -9.804408325806611e-13  3.005299725104890e-12  8.866244029304500e-05  2.892864855800115e-05 -9.993276945920446e-09 -3.260179571182508e-09  9.038059351297422e-01  2.948219484226688e-01 
 4.897788193684438e+01 -9.403841878778544e-13  2.949659816332434e-12  8.904788492477195e-05  2.839334100753643e-05 -9.584998812610672e-09 -3.055803680918855e-09  9.077350756394430e-01  2.893634942386985e-01 
 5.011872336272698e+01 -9.018039148699581e-13  2.894535849302976e-12  8.941912318440322e-05  2.786300354518155e-05 -9.191768214827897e-09 -2.863731179112925e-09  9.115193994166941e-01  2.839556658046234e-01 
 5.128613839913623e+01 -8.646585509366324e-13  2.839956256358220e-12  8.977655404854367e-05  2.733790981080894e-05 -8.813162590766965e-09 -2.683272454581181e-09  9.151629735440572e-01  2.786012516556146e-01 
 5.248074602497700e+01 -8.289067298324663e-13  2.785947066493709e-12  9.012057556096956e-05  2.681831031931572e-05 -8.448760362777891e-09 -2.513771495401166e-09  9.186698555950386e-01  2.733028045750089e-01 
 5.370317963702501e+01 -7.945072868754686e-13  2.732531996462269e-12  9.045158383148174e-05  2.630443334069118e-05 -8.098141997050429e-09 -2.354604753078384e-09  9.220440834286106e-01  2.680626505650376e-01 
 5.495408738576219e+01 -7.614193524492906e-13  2.679732544271889e-12  9.076997212443878e-05  2.579648579620309e-05 -7.760890970515699e-09 -2.205179987021886e-09  9.252896658979128e-01  2.628828979818680e-01 
 5.623413251903463e+01 -7.296024388491875e-13  2.627568083011748e-12  9.107613003345110e-05  2.529465416435222e-05 -7.436594644369457e-09 -2.064935110281024e-09  9.284105744372606e-01  2.577654467702067e-01 
 5.754399373371541e+01 -6.990165168932410e-13  2.576055955592315e-12  9.137044273848026e-05  2.479910539085407e-05 -7.124845051788888e-09 -1.933337030468489e-09  9.314107354891710e-01  2.527119977389373e-01 
 5.888436553555861e+01 -6.696220852920588e-13  2.525211569102962e-12  9.165329034141157e-05  2.430998779749416e-05 -6.825239601722154e-09 -1.809880498981976e-09  9.342940237313343e-01  2.477240618252666e-01 
 6.025595860743547e+01 -6.413802315569947e-13  2.475048488775931e-12  9.192504727605125e-05  2.382743198526795e-05 -6.537381704391412e-09 -1.694086968539636e-09  9.370642560622482e-01  2.428029693006058e-01 
 6.165950018614791e+01 -6.142526861455194e-13  2.425578530782641e-12  9.218608178842743e-05  2.335155172775459e-05 -6.260881321875532e-09 -1.585503466820131e-09  9.397251863035185e-01  2.379498788768658e-01 
 6.309573444801901e+01 -5.882018704697048e-13  2.376811853468520e-12  9.243675548325220e-05  2.288244485117445e-05 -5.995355448165345e-09 -1.483701490126508e-09  9.422805005765894e-01  2.331657866770160e-01 
 6.456542290346522e+01 -5.631909360357420e-13  2.328757047500436e-12  9.267742293241342e-05  2.242019409806021e-05 -5.740428525093579e-09 -1.388275912149707e-09  9.447338133117918e-01  2.284515350385808e-01 
 6.606934480075925e+01 -5.391838000441851e-13  2.281421223398159e-12  9.290843134141178e-05  2.196486797191084e-05 -5.495732795194959e-09 -1.298843923318549e-09  9.470886638480742e-01  2.238078211232652e-01 
 6.760829753919782e+01 -5.161451744191295e-13  2.234810097113457e-12  9.313012026973357e-05  2.151652156060787e-05 -5.260908598106161e-09 -1.215043993885601e-09  9.493485135825428e-01  2.192352053100771e-01 
 6.918309709189329e+01 -4.940405895708526e-13  2.188928073224525e-12  9.334282140124765e-05  2.107519733675242e-05 -5.035604613993548e-09 -1.136534865066760e-09  9.515167436299359e-01  2.147341193531694e-01 
 7.079457843841342e+01 -4.728364132389211e-13  2.143778325598431e-12  9.354685836083223e-05  2.064092593342650e-05 -4.819478058041862e-09 -1.062994569651723e-09  9.535966529533565e-01  2.103048742891492e-01 
 7.244359600749863e+01 -4.524998656210325e-13  2.099362875217284e-12  9.374254657357034e-05  2.021372689419874e-05 -4.612194829476155e-09 -9.941194851032960e-10  9.555914569289422e-01  2.059476680818220e-01 
 7.413102413009136e+01 -4.329990291913887e-13  2.055682665513264e-12  9.393019316299896e-05  1.979360939647929e-05 -4.413429619839194e-09 -9.296234155468487e-10  9.575042863086373e-01  2.016625929952522e-01 
 7.585775750291798e+01 -4.143028564370238e-13  2.012737634510389e-12  9.411009688505000e-05  1.938057294758753e-05 -4.222865982653056e-09 -8.692367097261976e-10  9.593381865468015e-01  1.974496426886431e-01 
 7.762471166286876e+01 -3.963811728557153e-13  1.970526784387222e-12  9.428254809448339e-05  1.897460805312510e-05 -4.040196369324762e-09 -8.127054085886783e-10  9.610961174580350e-01  1.933087190288938e-01 
 7.943282347242773e+01 -3.792046771729320e-13  1.929048248071116e-12  9.444782874077610e-05  1.857569685745396e-05 -3.865122133671216e-09 -7.597904263920279e-10  9.627809531752752e-01  1.892396386187766e-01 
 8.128305161640949e+01 -3.627449395350377e-13  1.888299352783568e-12  9.460621239060021e-05  1.818381375625808e-05 -3.697353507973609e-09 -7.102667660784136e-10  9.643954823789289e-01  1.852421390405329e-01 
 8.317637711026666e+01 -3.469743963360501e-13  1.848276680879012e-12  9.475796427418698e-05  1.779892598132869e-05 -3.536609554097388e-09 -6.639227653544016e-10  9.659424087695018e-01  1.813158848162981e-01 
 8.511380382023719e+01 -3.318663433436229e-13  1.808976127720989e-12  9.490334135304297e-05  1.742099415785053e-05 -3.382618091773928e-09 -6.205593760152372e-10  9.674243517578790e-01  1.774604730881851e-01 
 8.709635899560760e+01 -3.173949265368861e-13  1.770392956802351e-12  9.504259240664540e-05  1.704997283458263e-05 -3.235115606892136e-09 -5.799894743382092e-10  9.688438473490815e-01  1.736754390220687e-01 
 8.912509381337408e+01 -3.035351315477213e-13  1.732521852035986e-12  9.517595813590388e-05  1.668581098743802e-05 -3.093847141901972e-09 -5.420372032261390e-10  9.702033491969315e-01  1.699602609401499e-01 
 9.120108393559049e+01 -2.902627713150351e-13  1.695356967390264e-12  9.530367128133163e-05  1.632845249704116e-05 -2.958566170726716e-09 -5.065373442597028e-10  9.715052298086650e-01  1.663143651882610e-01 
 9.332543007969861e+01 -2.775544722217511e-13  1.658891973917930e-12  9.542595675401735e-05  1.597783660092246e-05 -2.829034460157750e-09 -4.733347190967105e-10  9.727517818800323e-01  1.627371307445931e-01 
 9.549925860214309e+01 -2.653876596879230e-13  1.623120104118637e-12  9.554303177763553e-05  1.563389832106123e-05 -2.705021919369286e-09 -4.422836207649345e-10  9.739452197429191e-01  1.592278935771287e-01 
 9.772372209558054e+01 -2.537405424421301e-13  1.588034193881601e-12  9.565510603986789e-05  1.529656886754035e-05 -2.586306439576764e-09 -4.132472722742331e-10  9.750876809089044e-01  1.557859507575273e-01 
 9.999999999999946e+01 -2.425920955073733e-13  1.553626722100352e-12  9.576238185174199e-05  1.496577601910859e-05 -2.472673725419308e-09 -3.860973115501984e-10  9.761812276935270e-01  1.524105643395843e-01 
 1.023292992280749e+02 -2.319220434956457e-13  1.519889847811986e-12  9.586505431351865e-05  1.464144448146988e-05 -2.363917119136289e-09 -3.607133041342923e-10  9.772278489073034e-01  1.491009650106500e-01 
 1.047128548050894e+02 -2.217108425776020e-13  1.486815445236145e-12  9.596331148587534e-05  1.432349622414457e-05 -2.259837419342410e-09 -3.369822797685713e-10  9.782294616007364e-01  1.458563555245750e-01 
 1.071519305237600e+02 -2.119396621694686e-13  1.454395136648268e-12  9.605733456524663e-05  1.401185079675268e-05 -2.160242695347957e-09 -3.147982934756148e-10  9.791879128516979e-01  1.426759139248639e-01 
 1.096478196143179e+02 -2.025903666427707e-13  1.422620323151653e-12  9.614729806228640e-05  1.370642562557357e-05 -2.064948098092499e-09 -2.940620104203698e-10  9.801049815846351e-01  1.395587965667537e-01 
 1.122018454301957e+02 -1.936454996911244e-13  1.391482212592534e-12  9.623337169908315e-05  1.340713677839124e-05 -1.973775667498511e-09 -2.746803171122208e-10  9.809823797210392e-01  1.365041433818249e-01 
 1.148153621496876e+02 -1.850882517836549e-13  1.360971850473626e-12  9.631571372934414e-05  1.311389726527004e-05 -1.886554145336471e-09 -2.565659300991557e-10  9.818217568286205e-01  1.335110707351521e-01 
 1.174897554939523e+02 -1.769024620688287e-13  1.331080139108533e-12  9.639448140678068e-05  1.282662023497413e-05 -1.803118773206362e-09 -2.396370744411827e-10  9.826246977451261e-01  1.305786886539112e-01 
 1.202264434617406e+02 -1.690725853651592e-13  1.301797865201357e-12  9.646982431509490e-05  1.254521722128521e-05 -1.723311105174676e-09 -2.238171314678759e-10  9.833927272949358e-01  1.277060932426237e-01 
 1.230268770812374e+02 -1.615836766932578e-13  1.273115720695747e-12  9.654188626165125e-05  1.226959885118411e-05 -1.646978813767114e-09 -2.090343303741121e-10  9.841273114196735e-01  1.248923713133952e-01 
 1.258925411794160e+02 -1.544213727791199e-13  1.245024323078347e-12  9.661080545800354e-05  1.199967504065082e-05 -1.573975498716508e-09 -1.952214528882004e-10  9.848298590184604e-01  1.221366023807357e-01 
 1.288249551693126e+02 -1.475718730694095e-13  1.217514234312017e-12  9.667671469870693e-05  1.173535517646313e-05 -1.504160497636722e-09 -1.823155539193315e-10  9.855017237706900e-01  1.194378605136075e-01 
 1.318256738556399e+02 -1.410219217645639e-13  1.190575978289468e-12  9.673974153800072e-05  1.147654828473278e-05 -1.437398698820542e-09 -1.702576992530856e-10  9.861442059370904e-01  1.167952160522671e-01 
 1.348962882591645e+02 -1.347587895049304e-13  1.164200057059815e-12  9.680000846399788e-05  1.122316318689974e-05 -1.373560356775406e-09 -1.589927176764466e-10  9.867585541353787e-01  1.142077371972161e-01 
 1.380384264602876e+02 -1.287702556052462e-13  1.138376965790754e-12  9.685763307006987e-05  1.097510864387480e-05 -1.312520910687686e-09 -1.484689678687248e-10  9.873459670873184e-01  1.116744914773243e-01 
 1.412537544622746e+02 -1.230445905977598e-13  1.113097206570161e-12  9.691272822315682e-05  1.073229348900074e-05 -1.254160806145053e-09 -1.386381189576254e-10  9.879075953344403e-01  1.091945471039232e-01 
 1.445439770745919e+02 -1.175705389900247e-13  1.088351301126153e-12  9.696540222877715e-05  1.049462675046869e-05 -1.198365320371217e-09 -1.294549438928511e-10  9.884445429201136e-01  1.067669742174025e-01 
 1.479108388168198e+02 -1.123373025885830e-13  1.064129802492256e-12  9.701575899254529e-05  1.026201776380803e-05 -1.145024391131948e-09 -1.208771253249753e-10  9.889578690360239e-01  1.043908460325745e-01 
 1.513561248436199e+02 -1.073345240344069e-13  1.040423305720535e-12  9.706389817804167e-05  1.003437627503741e-05 -1.094032449526032e-09 -1.128650729010244e-10  9.894485896314651e-01  1.020652398888034e-01 
 1.548816618912472e+02 -1.025522708189140e-13  1.017222457672493e-12  9.710991536090901e-05  9.811612535036885e-06 -1.045288256761744e-09 -1.053817516342862e-10  9.899176789841653e-01  9.978923821063210e-02 
 1.584893192461104e+02 -9.798101959517068e-14  9.945179659642146e-13  9.715390217907655e-05  9.593637385683310e-06 -9.986947450453296e-10 -9.839252053029421e-11  9.903660712316411e-01  9.756192938437377e-02 
 1.621810097358920e+02 -9.361164112241721e-14  9.723006070853781e-13  9.719594647904010e-05  9.380362338249921e-06 -9.541588626244812e-10 -9.186498123201672e-11  9.907946618623430e-01  9.538240855588326e-02 
 1.659586907437551e+02 -8.943538530332592e-14  9.505612337975443e-13  9.723613245814486e-05  9.171699644571320e-06 -9.115914230969721e-10 -8.576883557324756e-11  9.912043091660588e-01  9.324977835446309e-02 
 1.698243652461734e+02 -8.544386695652925e-14  9.292907817960030e-13  9.727454080284268e-05  8.967562361422319e-06 -8.709069589523959e-10 -8.007575216492269e-11  9.915958356432758e-01  9.116314954762079e-02 
 1.737800828749365e+02 -8.162905179645014e-14  9.084802757331659e-13  9.731124882290823e-05  8.767864408558857e-06 -8.320235794137424e-10 -7.475924098079212e-11  9.919700293733551e-01  8.912164163114766e-02 
 1.778279410038912e+02 -7.798324292943156e-14  8.881208346163915e-13  9.734633058161919e-05  8.572520620831478e-06 -7.948628325455641e-10 -6.979453577704951e-11  9.923276453415570e-01  8.712438335876262e-02 
 1.819700858609972e+02 -7.449906776149957e-14  8.682036766314569e-13  9.737985702191499e-05  8.381446794769381e-06 -7.593495716213794e-10 -6.515848379078049e-11  9.926694067250799e-01  8.517051321533543e-02 
 1.862087136662855e+02 -7.116946522289569e-14  8.487201234380100e-13  9.741189608856506e-05  8.194559730006047e-06 -7.254118257258535e-10 -6.082944221251779e-11  9.929960061384153e-01  8.325917983749133e-02 
 1.905460717963235e+02 -6.798767359113603e-14  8.296616039488499e-13  9.744251284638559e-05  8.011777265898388e-06 -6.929806745276477e-10 -5.678718128030384e-11  9.933081068384240e-01  8.138954238518714e-02 
 1.949844599758032e+02 -6.494721852266914e-14  8.110196576609645e-13  9.747176959455397e-05  7.833018313674204e-06 -6.619901272001741e-10 -5.301279327201274e-11  9.936063438896345e-01  7.956077086765112e-02 
 1.995262314968867e+02 -6.204190163196884e-14  7.927859375413467e-13  9.749972597707943e-05  7.658202884417396e-06 -6.323770054035063e-10 -4.948860733483580e-11  9.938913252903558e-01  7.777204642688598e-02 
 2.041737944669516e+02 -5.926578936258301e-14  7.749522125192756e-13  9.752643908949258e-05  7.487252113196237e-06 -6.040808302772059e-10 -4.619810959542572e-11  9.941636330602490e-01  7.602256158174998e-02 
 2.089296130854026e+02 -5.661320228682420e-14  7.575103696019876e-13  9.755196358182627e-05  7.320088279600540e-06 -5.770437133593118e-10 -4.312586834938715e-11  9.944238242900911e-01  7.431152043545791e-02 
 2.137962089502218e+02 -5.407870485359883e-14  7.404524156395289e-13  9.757635175796132e-05  7.156634824960744e-06 -5.512102513511076e-10 -4.025746403885894e-11  9.946724321544855e-01  7.263813884917339e-02 
 2.187761623949538e+02 -5.165709532954284e-14  7.237704787828354e-13  9.759965367141758e-05  6.996816366491550e-06 -5.265274246575456e-10 -3.757942354169220e-11  9.949099668883346e-01  7.100164458420652e-02 
 2.238721138568325e+02 -4.934339625581758e-14  7.074568096339741e-13  9.762191721767304e-05  6.840558708589087e-06 -5.029444995962039e-10 -3.507915875613560e-11  9.951369167279204e-01  6.940127741517857e-02 
 2.290867652767758e+02 -4.713284521716151e-14  6.915037821261991e-13  9.764318822309560e-05  6.687788851505398e-06 -4.804129341961722e-10 -3.274490907073333e-11  9.953537488174580e-01  6.783628921636989e-02 
 2.344228815319906e+02 -4.502088589847004e-14  6.759038941556150e-13  9.766351053057585e-05  6.538434997599950e-06 -4.588862874942832e-10 -3.056568747168095e-11  9.955609100820175e-01  6.630594402333269e-02 
 2.398832919019474e+02 -4.300315959226342e-14  6.606497679724946e-13  9.768292608194987e-05  6.392426555358556e-06 -4.383201322262772e-10 -2.853123018036595e-11  9.957588280677211e-01  6.480951807171835e-02 
 2.454708915685014e+02 -4.107549689855050e-14  6.457341503679820e-13  9.770147499730022e-05  6.249694141366186e-06 -4.186719708297061e-10 -2.663194943232527e-11  9.959479117501258e-01  6.334629981514628e-02 
 2.511886431509563e+02 -3.923390978816017e-14  6.311499126610104e-13  9.771919565122786e-05  6.110169580391105e-06 -3.999011546539157e-10 -2.485888932428597e-11  9.961285523117199e-01  6.191558992382633e-02 
 2.570395782768846e+02 -3.747458401810680e-14  6.168900505024104e-13  9.773612474618401e-05  5.973785903746424e-06 -3.819688062820671e-10 -2.320368453285235e-11  9.963011238894511e-01  6.051670126553489e-02 
 2.630267991895364e+02 -3.579387182881941e-14  6.029476835155246e-13  9.775229738295180e-05  5.840477346073054e-06 -3.648377448723520e-10 -2.165852168489216e-11  9.964659842932053e-01  5.914895887044135e-02 
 2.691534803926897e+02 -3.418828481788868e-14  5.893160547930100e-13  9.776774712836924e-05  5.710179340678075e-06 -3.484724144264463e-10 -2.021610315668936e-11  9.966234756961559e-01  5.781169988118436e-02 
 2.754228703338148e+02 -3.265448728436120e-14  5.759885302449060e-13  9.778250608038023e-05  5.582828513564248e-06 -3.328388148798462e-10 -1.886961332999896e-11  9.967739252978839e-01  5.650427348950313e-02 
 2.818382931264435e+02 -3.118929023142998e-14  5.629585977692524e-13  9.779660673274896e-05  5.458362876553310e-06 -3.179044358988564e-10 -1.761268724982250e-11  9.969176458480643e-01  5.522604187837653e-02 
 2.884031503126586e+02 -2.978964286588521e-14  5.502198666252419e-13  9.781007482679670e-05  5.336721013363046e-06 -3.036381935004369e-10 -1.643937977067148e-11  9.970549367152948e-01  5.397637604165099e-02 
 2.951209226666365e+02 -2.845263008152568e-14  5.377660660547406e-13  9.782294022016336e-05  5.217843285750976e-06 -2.900103688560690e-10 -1.534413988856745e-11  9.971860837798200e-01  5.275466186248155e-02 
 3.019951720401995e+02 -2.717546441367650e-14  5.255910444693259e-13  9.783522973536692e-05  5.101671008519125e-06 -2.769925499371574e-10 -1.432178356705246e-11  9.973113604646423e-01  5.156029586738602e-02 
 3.090295432513569e+02 -2.595548106772995e-14  5.136887682247760e-13  9.784696901425639e-05  4.988146643513996e-06 -2.645575753489099e-10 -1.336746988263618e-11  9.974310281572764e-01  5.039268615334902e-02 
 3.162277660168357e+02 -2.479013268474122e-14  5.020533203837528e-13  9.785818256883582e-05  4.877213788022361e-06 -2.526794804935606e-10 -1.247667845988726e-11  9.975453367278370e-01  4.925125226666589e-02 
 3.235936569296260e+02 -2.367698424668434e-14  4.906788994164795e-13  9.786889383000181e-05  4.768817162536469e-06 -2.413334459457814e-10 -1.164518833936311e-11  9.976545250258593e-01  4.813542507530724e-02 
 3.311311214825888e+02 -2.261370824056119e-14  4.795598178403016e-13  9.787912519427165e-05  4.662902597957208e-06 -2.304957479556814e-10 -1.086905825103028e-11  9.977588213566330e-01  4.704464663554105e-02 
 3.388441561392002e+02 -2.159807998401945e-14  4.686905008096255e-13  9.788889806857492e-05  4.559417022321089e-06 -2.201437110027179e-10 -1.014460815826698e-11  9.978584439378037e-01  4.597837005349500e-02 
 3.467368504525292e+02 -2.062797319126064e-14  4.580654846584991e-13  9.789823291318408e-05  4.458308447083999e-06 -2.102556623215504e-10 -9.468402031891048e-12  9.979536013369917e-01  4.493605934229387e-02 
 3.548133892335729e+02 -1.970135565812891e-14  4.476794154071743e-13  9.790714928285151e-05  4.359525953049129e-06 -2.008108883276607e-10 -8.837231721654561e-12  9.980444928911394e-01  4.391718927535757e-02 
 3.630780547700987e+02 -1.881628520186338e-14  4.375270472315710e-13  9.791566586622387e-05  4.263019675971366e-06 -1.917895928670169e-10 -8.248101919571229e-12  9.981313091082895e-01  4.292124523640392e-02 
 3.715352290971698e+02 -1.797090573016562e-14  4.276032409062801e-13  9.792380052359917e-05  4.168740791892812e-06 -1.831728572219733e-10 -7.698216090421648e-12  9.982142320524736e-01  4.194772306665834e-02 
 3.801893963205584e+02 -1.716344346729802e-14  4.179029622241127e-13  9.793157032309067e-05  4.076641502271435e-06 -1.749426018042697e-10 -7.184963322847594e-12  9.982934357123600e-01  4.099612890973369e-02 
 3.890451449942777e+02 -1.639220367220332e-14  4.084212803706157e-13  9.793899338540257e-05  3.986675164430534e-06 -1.670815494583809e-10 -6.705906181244465e-12  9.983690862947792e-01  4.006597979512256e-02 
 3.981071705534943e+02 -1.565556595928246e-14  3.991533664075570e-13  9.794608167682339e-05  3.898795690990102e-06 -1.595731903728595e-10 -6.258768727669036e-12  9.984413428035879e-01  3.915680050092012e-02 
 4.073802778041097e+02 -1.495198285835603e-14  3.900944914942523e-13  9.795285190062700e-05  3.812958417639262e-06 -1.524017483833216e-10 -5.841426575090432e-12  9.985103569980308e-01  3.826812788769685e-02 
 4.168693834703323e+02 -1.427997540877034e-14  3.812400253540377e-13  9.795931828812313e-05  3.729119495649979e-06 -1.455521488156800e-10 -5.451896358078916e-12  9.985762739489951e-01  3.739950772512574e-02 
 4.265795188015895e+02 -1.363813044772461e-14  3.725854346074908e-13  9.796549443748415e-05  3.647236025349724e-06 -1.390099876534516e-10 -5.088326512687153e-12  9.986392322732981e-01  3.655049528859163e-02 
 4.365158322401627e+02 -1.302509771410618e-14  3.641262811293630e-13  9.797139334159450e-05  3.567266040698479e-06 -1.327615020376234e-10 -4.748988541415412e-12  9.986993644175804e-01  3.572065519799153e-02 
 4.466835921509598e+02 -1.243958707534544e-14  3.558582204059378e-13  9.797702741470412e-05  3.489168493868780e-06 -1.267935420344463e-10 -4.432268853954648e-12  9.987567969300022e-01  3.490956125657368e-02 
 4.570881896148716e+02 -1.188036588820011e-14  3.477769998946624e-13  9.798240851793285e-05  3.412903239866961e-06 -1.210935436191026e-10 -4.136661151627062e-12  9.988116507202323e-01  3.411679629005026e-02 
 4.677351412871947e+02 -1.134625666605937e-14  3.398784573753812e-13  9.798754979651159e-05  3.338431142374271e-06 -1.156495028209267e-10 -3.860759379813045e-12  9.988640412669901e-01  3.334195260304898e-02 
 4.786300923226348e+02 -1.083613380009713e-14  3.321585193795052e-13  9.799245845205550e-05  3.265713571115516e-06 -1.104499510108077e-10 -3.603250790023640e-12  9.989140790228146e-01  3.258462933805440e-02 
 4.897788193684425e+02 -1.034892253389989e-14  3.246131994835168e-13  9.799714664109264e-05  3.194713121967493e-06 -1.054839312106153e-10 -3.362910178658077e-12  9.989618693887635e-01  3.184443605981740e-02 
 5.011872336272685e+02 -9.883595865719159e-15  3.172385967595623e-13  9.800162424592641e-05  3.125393108914434e-06 -1.007409754801740e-10 -3.138593786931288e-12  9.990075131028596e-01  3.112099008765555e-02 
 5.128613839913610e+02 -9.439172650089153e-15  3.100308941634368e-13  9.800590070762519e-05  3.057717673110496e-06 -9.621108326249493e-11 -2.929233966238370e-12  9.990511064052676e-01  3.041391696992102e-02 
 5.248074602497686e+02 -9.014715566729049e-15  3.029863569510762e-13  9.800998504557101e-05  2.991651768095155e-06 -9.188470067711940e-11 -2.733834123336507e-12  9.990927412375668e-01  2.972285032865488e-02 
 5.370317963702487e+02 -8.609329329672640e-15  2.961013311005038e-13  9.801388769045471e-05  2.927161250757329e-06 -8.775270071391607e-11 -2.551464045117281e-12  9.991325054020379e-01  2.904743224335076e-02 
 5.495408738576203e+02 -8.222158197058360e-15  2.893722417957633e-13  9.801761324516231e-05  2.864212442141127e-06 -8.380636430568987e-11 -2.381255302739185e-12  9.991704828704877e-01  2.838731093563569e-02 
 5.623413251903447e+02 -7.852385159727896e-15  2.827955918328938e-13  9.802117138704156e-05  2.802772753891358e-06 -8.003736220091664e-11 -2.222397425281016e-12  9.992067537665064e-01  2.774214388143171e-02 
 5.754399373371524e+02 -7.499229587460483e-15  2.763679601393766e-13  9.802456962769015e-05  2.742810244512565e-06 -7.643773765850825e-11 -2.074133859649077e-12  9.992413946616265e-01  2.711159547405869e-02 
 5.888436553555844e+02 -7.161945775900625e-15  2.700860002628117e-13  9.802781514267034e-05  2.684293713470839e-06 -7.299988988721940e-11 -1.935758434388460e-12  9.992744787019037e-01  2.649533742710229e-02 
 6.025595860743530e+02 -6.839821512426291e-15  2.639464388821347e-13  9.803091660170000e-05  2.627192781599549e-06 -6.971655821339957e-11 -1.806612040912085e-12  9.993060757353956e-01  2.589304910844896e-02 
 6.165950018614773e+02 -6.532176085559646e-15  2.579460743711488e-13  9.803387692212023e-05  2.571477498890511e-06 -6.658080695331511e-11 -1.686079371426766e-12  9.993362525583852e-01  2.530441546803708e-02 
 6.309573444801882e+02 -6.238359638364709e-15  2.520817753148146e-13  9.803670417353131e-05  2.517118902423121e-06 -6.358601093356957e-11 -1.573586205021008e-12  9.993650729020348e-01  2.472912980592983e-02 
 6.456542290346504e+02 -5.957751400409948e-15  2.463504791087640e-13  9.803940614609179e-05  2.464088708064964e-06 -6.072584166580642e-11 -1.468596568329792e-12  9.993925976467438e-01  2.416689212935839e-02 
 6.606934480075907e+02 -5.689758071507990e-15  2.407491905721058e-13  9.804198491534587e-05  2.412359040431314e-06 -5.799425412870622e-11 -1.370610113976948e-12  9.994188850109611e-01  2.361740770530399e-02 
 6.760829753919763e+02 -5.433813269738726e-15  2.352749805330471e-13  9.804444774802565e-05  2.361902953411030e-06 -5.538547412168469e-11 -1.279159915564879e-12  9.994439905398879e-01  2.308038964117735e-02 
 6.918309709189309e+02 -5.189375877356877e-15  2.299249844919341e-13  9.804679985102667e-05  2.312694060153941e-06 -5.289398619089395e-11 -1.193810131607955e-12  9.994679673113740e-01  2.255555693019294e-02 
 7.079457843841321e+02 -4.955929123319734e-15  2.246964012730050e-13  9.804904801412895e-05  2.264706690873440e-06 -5.051452208119166e-11 -1.114153986064894e-12  9.994908660063294e-01  2.204263518636326e-02 
 7.244359600749841e+02 -4.732979125659852e-15  2.195864917242527e-13  9.805119335551866e-05  2.217915558397864e-06 -4.824204970513197e-11 -1.039811749987608e-12  9.995127350878015e-01  2.154135487279613e-02 
 7.413102413009113e+02 -4.520054508206731e-15  2.145925773936516e-13  9.805324404539090e-05  2.172296309311227e-06 -4.607176259037578e-11 -9.704290834610152e-13  9.995336207754524e-01  2.105145404255288e-02 
 7.585775750291774e+02 -4.316704685657783e-15  2.097120392874439e-13  9.805520078497900e-05  2.127824878290011e-06 -4.399906980798197e-11 -9.056751889402442e-13  9.995535672836088e-01  2.057267498343521e-02 
 7.762471166286851e+02 -4.122499536634294e-15  2.049423165922092e-13  9.805706953036686e-05  2.084478023313061e-06 -4.201958633484592e-11 -8.452413736478286e-13  9.995726167942272e-01  2.010476687970586e-02 
 7.943282347242747e+02 -3.937028220444007e-15  2.002809054572047e-13  9.805885605236616e-05  2.042233074474493e-06 -4.012912385205506e-11 -7.888395187078486e-13  9.995908095991813e-01  1.964748446854341e-02 
 8.128305161640923e+02 -3.759898115406582e-15  1.957253577939856e-13  9.806056049409162e-05  2.001067713997343e-06 -3.832368195075739e-11 -7.362006699906605e-13  9.996081842256032e-01  1.920058685622212e-02 
 8.317637711026639e+02 -3.590734494924093e-15  1.912732800698979e-13  9.806219009638506e-05  1.960960467372805e-06 -3.659943972333381e-11 -6.870738592522948e-13  9.996247774158563e-01  1.876383995850959e-02 
 8.511380382023692e+02 -3.429179183328420e-15  1.869223321650626e-13  9.806374467064432e-05  1.921890127675775e-06 -3.495274773662687e-11 -6.412247993606681e-13  9.996406243168908e-01  1.833701350652561e-02 
 8.709635899560732e+02 -3.274890336462323e-15  1.826702262082761e-13  9.806523114156219e-05  1.883836297712771e-06 -3.338012035408749e-11 -5.984348727575930e-13  9.996557584470643e-01  1.791988374900500e-02 
 8.912509381337379e+02 -3.127541152304385e-15  1.785147254759122e-13  9.806664720061389e-05  1.846778776486667e-06 -3.187822840745307e-11 -5.584999833547132e-13  9.996702118802920e-01  1.751223026716706e-02 
 9.120108393559019e+02 -2.986819909736099e-15  1.744536432644352e-13  9.806800311840307e-05  1.810698333166126e-06 -3.044389218612123e-11 -5.212297181637797e-13  9.996840151698470e-01  1.711383986013615e-02 
 9.332543007969830e+02 -2.852428483051069e-15  1.704848418394717e-13  9.806929631029254e-05  1.775575795441575e-06 -2.907407474878001e-11 -4.864462906905489e-13  9.996971975757973e-01  1.672450184263570e-02 
 9.549925860214277e+02 -2.724082409349403e-15  1.666062313518259e-13  9.807053314928010e-05  1.741392803180156e-06 -2.776587552372897e-11 -4.539838184962722e-13  9.997097869904463e-01  1.634401182881570e-02 
 9.772372209558022e+02 -2.601509840102150e-15  1.628157688136756e-13  9.807171443339454e-05  1.708131299814342e-06 -2.651652420142080e-11 -4.236874544642313e-13  9.997218100846081e-01  1.597216908531716e-02 
 9.999999999999912e+02 -2.484451144422735e-15  1.591114570735801e-13  9.807284084293500e-05  1.675773714173052e-06 -2.532337489581442e-11 -3.954126805051980e-13  9.997332923298858e-01  1.560877740321796e-02 
 1.023292992280745e+03 -2.372658492057100e-15  1.554913438136343e-13  9.807391839867344e-05  1.644303117883522e-06 -2.418390056672232e-11 -3.690246392073877e-13  9.997442580266583e-01  1.525364584658240e-02 
 1.047128548050890e+03 -2.265895046469926e-15  1.519535205792865e-13  9.807494756161001e-05  1.613702872374154e-06 -2.309568769319251e-11 -3.443974456091346e-13  9.997547304108001e-01  1.490658690087596e-02 
 1.071519305237597e+03 -2.163934617127699e-15  1.484961218148301e-13  9.807592869015022e-05  1.583956798604201e-06 -2.205643118260563e-11 -3.214136125780529e-13  9.997647316731396e-01  1.456741728596712e-02 
 1.096478196143175e+03 -2.066561297563811e-15  1.451173239198324e-13  9.807686749812073e-05  1.555049324025205e-06 -2.106392950753509e-11 -2.999635075887404e-13  9.997742829838834e-01  1.423595865398907e-02 
 1.122018454301953e+03 -1.973568760830632e-15  1.418153443350809e-13  9.807776415282763e-05  1.526965153173486e-06 -2.011608006148998e-11 -2.799447928985768e-13  9.997834045856154e-01  1.391203586043945e-02 
 1.148153621496872e+03 -1.884759991849470e-15  1.385884406350157e-13  9.807862055007524e-05  1.499689475597567e-06 -1.921087472049622e-11 -2.612619632324181e-13  9.997921158034296e-01  1.359547797430463e-02 
 1.174897554939519e+03 -1.799946829699800e-15  1.354349096448059e-13  9.807943850047526e-05  1.473207904163602e-06 -1.834639560407008e-11 -2.438258842610801e-13  9.998004350939672e-01  1.328611791504813e-02 
 1.202264434617402e+03 -1.718949569367782e-15  1.323530865743558e-13  9.808021973326977e-05  1.447506467799030e-06 -1.752081102563906e-11 -2.275533676396481e-13  9.998083800843856e-01  1.298379236765555e-02 
 1.230268770812370e+03 -1.641596583334554e-15  1.293413441701671e-13  9.808096589998326e-05  1.422571604401887e-06 -1.673237162416089e-11 -2.123667746422112e-13  9.998159676095872e-01  1.268834169943396e-02 
 1.258925411794156e+03 -1.567723957511532e-15  1.263980918848350e-13  9.808167857791116e-05  1.398390153971307e-06 -1.597940666888718e-11 -1.981936458697411e-13  9.998232137477800e-01  1.239960987853775e-02 
 1.288249551693122e+03 -1.497175146970042e-15  1.235217750638089e-13  9.808235927345230e-05  1.374949351913221e-06 -1.526032052955332e-11 -1.849663560926114e-13  9.998301338544457e-01  1.211744439419274e-02 
 1.318256738556395e+03 -1.429800642637581e-15  1.207108741492353e-13  9.808300942529215e-05  1.352236822543817e-06 -1.457358930463954e-11 -1.726217915342782e-13  9.998367425947888e-01  1.184169617859032e-02 
 1.348962882591641e+03 -1.365457658117230e-15  1.179639039004694e-13  9.808363040744321e-05  1.330240572781222e-06 -1.391775760064443e-11 -1.611010493146590e-13  9.998430539747299e-01  1.157221953042331e-02 
 1.380384264602872e+03 -1.304009849879011e-15  1.152794126305472e-13  9.808422535035748e-05  1.308949027155684e-06 -1.329143545559052e-11 -1.503491591223498e-13  9.998490813657696e-01  1.130887224967017e-02 
 1.412537544622741e+03 -1.245326908214421e-15  1.126559814620691e-13  9.808479005266156e-05  1.288350816195868e-06 -1.269329540075756e-11 -1.403148071795905e-13  9.998548375569806e-01  1.105151451615478e-02 
 1.445439770745914e+03 -1.189284525641685e-15  1.100922235907302e-13  9.808533116588463e-05  1.268435182022812e-06 -1.212206965316919e-11 -1.309501197001772e-13  9.998603347345932e-01  1.080001091418717e-02 
 1.479108388168193e+03 -1.135763910399077e-15  1.075867835749845e-13  9.808584983320941e-05  1.249191599807242e-06 -1.157654743512254e-11 -1.222104086295255e-13  9.998655845510926e-01  1.055422846168694e-02 
 1.513561248436194e+03 -1.084651593215151e-15  1.051383366345870e-13  9.808634532809027e-05  1.230609861126511e-06 -1.105557241316993e-11 -1.140539656198580e-13  9.998705981389135e-01  1.031403699382061e-02 
 1.548816618912467e+03 -1.035839209607315e-15  1.027455879650110e-13  9.808681687478346e-05  1.212680109672140e-06 -1.055804025204538e-11 -1.064418656439554e-13  9.998753861293281e-01  1.007930930437259e-02 
 1.584893192461099e+03 -9.892233263943946e-16  1.004072720660358e-13  9.808726910569409e-05  1.195392943485751e-06 -1.008289627824534e-11 -9.933778690347909e-14  9.998799586642192e-01  9.849921626778231e-03 
 1.621810097358915e+03 -9.447051035091549e-16  9.812215208828635e-14  9.808770115345123e-05  1.178739187564573e-06 -9.629133248767461e-12 -9.270782518401627e-14  9.998843254406774e-01  9.625752435821434e-03 
 1.659586907437545e+03 -9.021901500296605e-16  9.588901919019835e-14  9.808811210782507e-05  1.162710004146486e-06 -9.195789219569993e-12 -8.652033909314434e-14  9.998884957191979e-01  9.406682970653554e-03 
 1.698243652461728e+03 -8.615883683160532e-16  9.370669190940559e-14  9.808850647299332e-05  1.147296988301960e-06 -8.781945509734398e-12 -8.074580318860971e-14  9.998924783339433e-01  9.192597683523554e-03 
 1.737800828749359e+03 -8.228136645927512e-16  9.157401555050887e-14  9.808888325890678e-05  1.132491955874518e-06 -8.386724757247563e-12 -7.535665756226929e-14  9.998962817315958e-01  8.983383121214107e-03 
 1.778279410038906e+03 -7.857838332763520e-16  8.948986158300408e-14  9.808924325666611e-05  1.118287078535896e-06 -8.009289061741428e-12 -7.032718287217477e-14  9.998999139756442e-01  8.778928575740651e-03 
 1.819700858609966e+03 -7.504203664914300e-16  8.745312705394641e-14  9.808958722179674e-05  1.104674844718337e-06 -7.648838210754751e-12 -6.563337603477060e-14  9.999033827668904e-01  8.579125848254996e-03 
 1.862087136662849e+03 -7.166482874267785e-16  8.546273401313790e-14  9.808991587584857e-05  1.091648055713199e-06 -7.304607985593697e-12 -6.125283567917403e-14  9.999066954597545e-01  8.383869192656428e-03 
 1.905460717963228e+03 -6.843960051584370e-16  8.351762895068719e-14  9.809023172646270e-05  1.079199851778539e-06 -6.975868543238667e-12 -5.716465641429906e-14  9.999098590753536e-01  8.193055412332709e-03 
 1.949844599758026e+03 -6.535951102924822e-16  8.161678224797951e-14  9.809053179468994e-05  1.067323588630278e-06 -6.661922870998440e-12 -5.334932465728305e-14  9.999128803264474e-01  8.006583195181305e-03 
 1.995262314968860e+03 -6.241803205276762e-16  7.975918763839630e-14  9.809082034614185e-05  1.056013043398973e-06 -6.362105310370121e-12 -4.978863312727566e-14  9.999157656140921e-01  7.824354127728406e-03 
 2.041737944669509e+03 -5.960892546221014e-16  7.794386168279371e-14  9.809109616253057e-05  1.045262203399483e-06 -6.075780147434927e-12 -4.646558665609132e-14  9.999185210585264e-01  7.646271583641557e-03 
 2.089296130854019e+03 -5.692623277543164e-16  7.616984325465134e-14  9.809135617991290e-05  1.035065327177620e-06 -5.802340266411787e-12 -4.336432353467488e-14  9.999211525064300e-01  7.472241000245110e-03 
 2.137962089502211e+03 -5.436427093833355e-16  7.443619303583630e-14  9.809161003876049e-05  1.025417157008573e-06 -5.541205863642894e-12 -4.047004617110593e-14  9.999236655270594e-01  7.302170927243270e-03 
 2.187761623949531e+03 -5.191760321939179e-16  7.274199302728121e-14  9.809185098754513e-05  1.016312479316245e-06 -5.291823219637509e-12 -3.776893741710738e-14  9.999260654574802e-01  7.135970752388320e-03 
 2.238721138568317e+03 -4.958104259378436e-16  7.108634606575677e-14  9.809208134421809e-05  1.007746504452789e-06 -5.053663525927817e-12 -3.524810605709026e-14  9.999283573845782e-01  6.973552603379855e-03 
 2.290867652767750e+03 -4.734963528079864e-16  6.946837535438376e-14  9.809230340432840e-05  9.997147252596705e-07 -4.826221764865202e-12 -3.289552104606675e-14  9.999305461666392e-01  6.814830593643012e-03 
 2.344228815319898e+03 -4.521864687644406e-16  6.788722400319295e-14  9.809251216737311e-05  9.922128179472994e-07 -4.609015639721377e-12 -3.069995182757311e-14  9.999326364501864e-01  6.659720284006869e-03 
 2.398832919019466e+03 -4.318356195860863e-16  6.634205457815832e-14  9.809271534295929e-05  9.852369114542181e-07 -4.401584552750805e-12 -2.865092141905829e-14  9.999346326610198e-01  6.508140022740571e-03 
 2.454708915685005e+03 -4.124006322548216e-16  6.483204866306470e-14  9.809290970920029e-05  9.787832653696676e-07 -4.203488629372432e-12 -2.673864861865370e-14  9.999365390356861e-01  6.360009271457573e-03 
 2.511886431509554e+03 -3.938402929006115e-16  6.335640642870175e-14  9.809309566283766e-05  9.728484652235525e-07 -4.014307786043976e-12 -2.495400612766669e-14  9.999383596168293e-01  6.215249567849498e-03 
 2.570395782768837e+03 -3.761152419354451e-16  6.191434621282124e-14  9.809327358277775e-05  9.674293710675019e-07 -3.833640840111690e-12 -2.328847577774510e-14  9.999400982652049e-01  6.073784231760369e-03 
 2.630267991895354e+03 -3.591878976047955e-16  6.050510410915280e-14  9.809344564960775e-05  9.625231374849053e-07 -3.661104659651934e-12 -2.173410830331206e-14  9.999417586665529e-01  5.935538434926284e-03 
 2.691534803926887e+03 -3.430223489855338e-16  5.912793356600299e-14  9.809360857151756e-05  9.581271252258328e-07 -3.496333351554237e-12 -2.028348374035139e-14  9.999433443446959e-01  5.800438718868083e-03 
 2.754228703338138e+03 -3.275843329117037e-16  5.778210499288267e-14  9.809376813474735e-05  9.542390721241356e-07 -3.338977486047617e-12 -1.892967922350414e-14  9.999448586586017e-01  5.668413834418814e-03 
 2.818382931264424e+03 -3.128410852194929e-16  5.646690537743925e-14  9.809391737963283e-05  9.508568381243199e-07 -3.188703356179464e-12 -1.766623142745814e-14  9.999463048245569e-01  5.539393410679082e-03 
 2.884031503126575e+03 -2.987613575973726e-16  5.518163790910259e-14  9.809406206343999e-05  9.479786963091652e-07 -3.045192270479630e-12 -1.648711077355398e-14  9.999476859058926e-01  5.413309406792027e-03 
 2.951209226666354e+03 -2.853152898918431e-16  5.392562161284435e-14  9.809420247373899e-05  9.456031233832929e-07 -2.908139877524723e-12 -1.538668906144539e-14  9.999490048316704e-01  5.290095013015425e-03 
 3.019951720401984e+03 -2.724743553397653e-16  5.269819099034401e-14  9.809433524766048e-05  9.437288246115505e-07 -2.777255520825883e-12 -1.435971317856990e-14  9.999502644011291e-01  5.169684746450375e-03 
 3.090295432513557e+03 -2.602113363463217e-16  5.149869566894178e-14  9.809446610377726e-05  9.423548660500436e-07 -2.652261622711798e-12 -1.340128195911029e-14  9.999514672825450e-01  5.052015094129041e-03 
 3.162277660168345e+03 -2.485002104301575e-16  5.032650005942905e-14  9.809458983632307e-05  9.414804658831877e-07 -2.532893095967511e-12 -1.250681979874919e-14  9.999526160299403e-01  4.937023418175015e-03 
 3.235936569296248e+03 -2.373161500842833e-16  4.918098302038940e-14  9.809471032210146e-05  9.411051995894537e-07 -2.418896781872288e-12 -1.167205770342588e-14  9.999537130777205e-01  4.824648970892954e-03 
 3.311311214825875e+03 -2.266354310822246e-16  4.806153753103303e-14  9.809482597086855e-05  9.412288523129309e-07 -2.310030913558449e-12 -1.089301089399275e-14  9.999547607534576e-01  4.714832110947908e-03 
 3.388441561391989e+03 -2.164354013839136e-16  4.696757037081268e-14  9.809493700089000e-05  9.418514917876319e-07 -2.206064603475252e-12 -1.016596077170574e-14  9.999557612790834e-01  4.607514644450914e-03 
 3.467368504525279e+03 -2.066944321595444e-16  4.589850180645178e-14  9.809504543943246e-05  9.429734664015421e-07 -2.106777353914167e-12 -9.487437099584488e-15  9.999567167757951e-01  4.502639784070848e-03 
 3.548133892335716e+03 -1.973918563715253e-16  4.485376528614701e-14  9.809514784802991e-05  9.445953395165185e-07 -2.011958589554408e-12 -8.854200720969071e-15  9.999576292715925e-01  4.400151783186162e-03 
 3.630780547700973e+03 -1.885079554111787e-16  4.383280714024937e-14  9.809524987327091e-05  9.467180204572601e-07 -1.921407211014661e-12 -8.263229496156985e-15  9.999585006995906e-01  4.299996572651986e-03 
 3.715352290971684e+03 -1.800238766775014e-16  4.283508628931965e-14  9.809534624041681e-05  9.493425877429851e-07 -1.834931168513800e-12 -7.711702041664746e-15  9.999593329101270e-01  4.202120828867664e-03 
 3.801893963205570e+03 -1.719216331816737e-16  4.186007395806800e-14  9.809544076060117e-05  9.524704647455307e-07 -1.752347054677341e-12 -7.196986031200233e-15  9.999601276668734e-01  4.106472837728564e-03 
 3.890451449942763e+03 -1.641840404432396e-16  4.090725339630391e-14  9.809553359958240e-05  9.561033094129812e-07 -1.673479715684481e-12 -6.716624522772463e-15  9.999608866555058e-01  4.013001901833356e-03 
 3.981071705534928e+03 -1.567946844027019e-16  3.997611960592951e-14  9.809562309687352e-05  9.602430330116207e-07 -1.598161879895507e-12 -6.268324441011446e-15  9.999616114864094e-01  3.921658404153038e-03 
 4.073802778041082e+03 -1.497378956709699e-16  3.906617907406587e-14  9.809571122253589e-05  9.648918444828125e-07 -1.526233803183892e-12 -5.849945999514718e-15  9.999623036963334e-01  3.832394003297588e-03 
 4.168693834703307e+03 -1.429987042246428e-16  3.817694951237179e-14  9.809579630222082e-05  9.700521939430551e-07 -1.457542930229640e-12 -5.459491998099110e-15  9.999629647539865e-01  3.745161313614502e-03 
 4.265795188015879e+03 -1.365628167500857e-16  3.730795960208862e-14  9.809587847393783e-05  9.757268170616784e-07 -1.391943571043065e-12 -5.095098655788518e-15  9.999635960614145e-01  3.659914099938486e-03 
 4.365158322401610e+03 -1.304165854801295e-16  3.645874874492457e-14  9.809595968836536e-05  9.819187349290048e-07 -1.329296592043820e-12 -4.755026669664892e-15  9.999641989570970e-01  3.576607245062542e-03 
 4.466835921509581e+03 -1.245469743024139e-16  3.562886681960060e-14  9.809604007146778e-05  9.886312287502030e-07 -1.269469121038564e-12 -4.437652726825356e-15  9.999647747197982e-01  3.495196588693694e-03 
 4.570881896148699e+03 -1.189415314525843e-16  3.481787394386054e-14  9.809611792474621e-05  9.958678430718737e-07 -1.212334265469641e-12 -4.141461779082271e-15  9.999653245711676e-01  3.415638911826511e-03 
 4.677351412871929e+03 -1.135883701644587e-16  3.402534024182217e-14  9.809619518201404e-05  1.003632425528034e-06 -1.157770843338142e-12 -3.865040060850473e-15  9.999658496769923e-01  3.337892106793557e-03 
 4.786300923226329e+03 -1.084761342311235e-16  3.325084561670310e-14  9.809627013427887e-05  1.011929078566232e-06 -1.105663126236648e-12 -3.607068015010155e-15  9.999663511514434e-01  3.261914898619524e-03 
 4.897788193684407e+03 -1.035939826942555e-16  3.249397952857028e-14  9.809634470534920e-05  1.020762210739851e-06 -1.055900593939006e-12 -3.366314297059087e-15  9.999668300577452e-01  3.187667073728262e-03 
 5.011872336272666e+03 -9.893156034499101e-17  3.175434077722219e-14  9.809641899552467e-05  1.030136502370993e-06 -1.008377700034955e-12 -3.141629674551798e-15  9.999672874116874e-01  3.115109271590605e-03 
 5.128613839913590e+03 -9.447897803230123e-17  3.103153728993025e-14  9.809649310065115e-05  1.040056920413590e-06 -9.629936481074758e-13 -2.931941620382299e-15  9.999677241833471e-01  3.044203027228053e-03 
 5.248074602497666e+03 -9.022678994319736e-17  3.032518591401346e-14  9.809656529346639e-05  1.050528710258569e-06 -9.196521779814211e-13 -2.736249140197004e-15  9.999681412994742e-01  2.974910695698134e-03 
 5.370317963702466e+03 -8.616598047663243e-17  2.963491221406130e-14  9.809663929922179e-05  1.061557442068317e-06 -8.782613615880776e-13 -2.553618205086895e-15  9.999685396441286e-01  2.907195654093084e-03 
 5.495408738576182e+03 -8.228793313978005e-17  2.896035027386315e-14  9.809671156386845e-05  1.073148937658086e-06 -8.387334080180263e-13 -2.383176928055872e-15  9.999689200628694e-01  2.841021894668867e-03 
 5.623413251903426e+03 -7.858442261731994e-17  2.830114250269598e-14  9.809678216737524e-05  1.085309338968998e-06 -8.009844773416899e-13 -2.224111718151885e-15  9.999692833625516e-01  2.776354339255091e-03 
 5.754399373371502e+03 -7.504759656448592e-17  2.765693944607012e-14  9.809685482391875e-05  1.098045108956225e-06 -7.649345028091622e-13 -2.075663363873573e-15  9.999696303131762e-01  2.713158808413968e-03 
 5.888436553555821e+03 -7.166995294315409e-17  2.702739960079324e-14  9.809692960659457e-05  1.111362994098142e-06 -7.305070210510481e-13 -1.937123237776663e-15  9.999699616506910e-01  2.651401795201362e-03 
 6.025595860743507e+03 -6.844432361577267e-17  2.641218923419665e-14  9.809700112868382e-05  1.125270020864433e-06 -6.976290099187379e-13 -1.807829911229300e-15  9.999702780786710e-01  2.591050411103211e-03 
 6.165950018614749e+03 -6.536387076544265e-17  2.581098220739976e-14  9.809707491361345e-05  1.139773585526194e-06 -6.662307336197853e-13 -1.687166308603516e-15  9.999705802675022e-01  2.532072807632829e-03 
 6.309573444801857e+03 -6.242205924891928e-17  2.522345980271390e-14  9.809714920642450e-05  1.154881361577209e-06 -6.362455948252628e-13 -1.574556406126857e-15  9.999708688584121e-01  2.474437667777390e-03 
 6.456542290346478e+03 -5.961264927399308e-17  2.464931055485872e-14  9.809722406824424e-05  1.170601352032397e-06 -6.076099934292341e-13 -1.469462659130256e-15  9.999711444635243e-01  2.418114435244642e-03 
 6.606934480075881e+03 -5.692968295035241e-17  2.408823008604494e-14  9.809730137642386e-05  1.186941892536431e-06 -5.802631916647876e-13 -1.371383427144100e-15  9.999714076672124e-01  2.363073292934174e-03 
 6.760829753919737e+03 -5.436746836596155e-17  2.353992094481364e-14  9.809737936803944e-05  1.203911629617249e-06 -5.541471852900036e-13 -1.279850498944801e-15  9.999716590279784e-01  2.309285013682322e-03 
 6.918309709189281e+03 -5.192057087686666e-17  2.300409244850219e-14  9.809745809663055e-05  1.221519551800054e-06 -5.292065805696783e-13 -1.194426941053319e-15  9.999718990789768e-01  2.256721080308269e-03 
 7.079457843841294e+03 -4.958380135781328e-17  2.248046052930390e-14  9.809753943232099e-05  1.239774993305742e-06 -5.053884767932478e-13 -1.114705003893449e-15  9.999721283291944e-01  2.205353665519476e-03 
 7.244359600749813e+03 -4.735220234380219e-17  2.196874758383399e-14  9.809762160529193e-05  1.258687614615062e-06 -4.826423540796374e-13 -1.040304110321045e-15  9.999723472650841e-01  2.155155492615877e-03 
 7.413102413009085e+03 -4.522104129246964e-17  2.146868232608216e-14  9.809770648140046e-05  1.278267439931702e-06 -4.609199662302572e-13 -9.708691250277530e-16  9.999725563508604e-01  2.106099986571656e-03 
 7.585775750291745e+03 -4.318579693747793e-17  2.097999964373678e-14  9.809779228675987e-05  1.298524830758985e-06 -4.401752384043904e-13 -9.060685789054742e-16  9.999727560301879e-01  2.058161098189514e-03 
 7.762471166286822e+03 -4.124215314272345e-17  2.050244045774201e-14  9.809788088335895e-05  1.319470522335997e-06 -4.203641693986207e-13 -8.455931617401706e-16  9.999729467264490e-01  2.011313448381527e-03 
 7.943282347242717e+03 -3.938598718435424e-17  2.003575158507046e-14  9.809797231251009e-05  1.341115606068310e-06 -4.014447383243449e-13 -7.891541902850703e-16  9.999731288441437e-01  1.965532196680305e-03 
 8.128305161640892e+03 -3.761336121036243e-17  1.957968560460100e-14  9.809806479493124e-05  1.363471536293404e-06 -3.833768154846679e-13 -7.364822363191946e-16  9.999733027697102e-01  1.920793032419877e-03 
 8.317637711026608e+03 -3.592051668623994e-17  1.913400072603426e-14  9.809816200637181e-05  1.386550164295119e-06 -3.661220772618146e-13 -6.873258956026808e-16  9.999734688717927e-01  1.877072305138501e-03 
 8.511380382023659e+03 -3.430386150738922e-17  1.869846066181576e-14  9.809826034549487e-05  1.410363695490691e-06 -3.496439248353475e-13 -6.414504911062046e-16  9.999736275029878e-01  1.834346761857338e-03 
 8.709635899560699e+03 -3.275996784660307e-17  1.827283450193010e-14  9.809836348504265e-05  1.434924751089750e-06 -3.339074065574881e-13 -5.986370588214159e-16  9.999737789995202e-01  1.792593816540312e-03 
 8.912509381337344e+03 -3.128556027206869e-17  1.785689659157781e-14  9.809846963970448e-05  1.460246327002201e-06 -3.188791438224523e-13 -5.586812144204448e-16  9.999739236828675e-01  1.751791295232998e-03 
 9.120108393558983e+03 -2.987751191814889e-17  1.745042641160366e-14  9.809858066062437e-05  1.486341834153193e-06 -3.045272602713311e-13 -5.213922361294201e-16  9.999740618598133e-01  1.711917594473314e-03 
 9.332543007969793e+03 -2.853283555876718e-17  1.705320846166227e-14  9.809869475991564e-05  1.513225079526059e-06 -2.908213141833153e-13 -4.865921127529721e-16  9.999741938235686e-01  1.672951538350320e-03 
 9.549925860214238e+03 -2.724867947095811e-17  1.666503214602323e-14  9.809881378628354e-05  1.540910298698794e-06 -2.777322339092413e-13 -4.541147328270825e-16  9.999743198539456e-01  1.634872495773296e-03 
 9.772372209557981e+03 -2.602231927614291e-17  1.628569166198691e-14  9.809893594952865e-05  1.569412138621717e-06 -2.652322562110964e-13 -4.238050551802495e-16  9.999744402183776e-01  1.597660243963314e-03 
 9.999999999999871e+03 -2.485115419043310e-17  1.591498589082286e-14  9.809906309617038e-05  1.598745689335157e-06 -2.532948673762263e-13 -3.955184030946348e-16  9.999745551720794e-01  1.561295080443945e-03 
 1.023292992280741e+04 -2.373269997489723e-17  1.555271829119935e-14  9.809919525283323e-05  1.628926473831727e-06 -2.418947469818122e-13 -3.691197479524539e-16  9.999746649588925e-01  1.525757720965803e-03 
 1.047128548050886e+04 -2.266458421126872e-17  1.519869679502890e-14  9.809933244519341e-05  1.659970462281057e-06 -2.310077141900487e-13 -3.444830739320699e-16  9.999747698116960e-01  1.491029320299742e-03 
 1.071519305237592e+04 -2.164454127377638e-17  1.485273370568371e-14  9.809947469803336e-05  1.691894080363410e-06 -2.206106764602820e-13 -3.214907764927504e-16  9.999748699529014e-01  1.457091462243733e-03 
 1.096478196143171e+04 -2.067040787106935e-17  1.451464559852435e-14  9.809962385418920e-05  1.724714222883783e-06 -2.106815805692991e-13 -3.000331059913524e-16  9.999749655948511e-01  1.423926176258518e-03 
 1.122018454301949e+04 -1.974011730606522e-17  1.418425322369467e-14  9.809977811791819e-05  1.758448246930167e-06 -2.011993658359776e-13 -2.800076268289853e-16  9.999750569404988e-01  1.391515847517706e-03 
 1.148153621496868e+04 -1.885169664638482e-17  1.386138141111927e-14  9.809993933052570e-05  1.793114001780172e-06 -1.921439194509184e-13 -2.613187513208777e-16  9.999751441835337e-01  1.359843314443685e-03 
 1.174897554939514e+04 -1.800326106253000e-17  1.354585897766997e-14  9.810010569483267e-05  1.828729817743291e-06 -1.834960338165733e-13 -2.438772621348258e-16  9.999752275090837e-01  1.328891755160202e-03 
 1.202264434617397e+04 -1.719301185731728e-17  1.323751863643392e-14  9.810028268859702e-05  1.865314544949315e-06 -1.752373658071328e-13 -2.275999143732816e-16  9.999753070937056e-01  1.298644828795186e-03 
 1.230268770812365e+04 -1.641922934518191e-17  1.293619690805930e-14  9.810046487559677e-05  1.902887515087270e-06 -1.673503978621057e-13 -2.124089933876536e-16  9.999753831064107e-01  1.269086420380683e-03 
 1.258925411794151e+04 -1.568027253457569e-17  1.264173403409989e-14  9.810065409463449e-05  1.941468599539475e-06 -1.598184008306466e-13 -1.982319889269073e-16  9.999754557083701e-01  1.240200878736588e-03 
 1.288249551693117e+04 -1.497457452902180e-17  1.235397389234230e-14  9.810085400289463e-05  1.981078204357778e-06 -1.526253984882334e-13 -1.850012331740790e-16  9.999755250534759e-01  1.211972929901424e-03 
 1.318256738556390e+04 -1.430063782549810e-17  1.207276391405950e-14  9.810106098149596e-05  2.021737258731116e-06 -1.457561336502765e-13 -1.726535607765905e-16  9.999755912889388e-01  1.184387556771565e-03 
 1.348962882591636e+04 -1.365703340253375e-17  1.179795500313745e-14  9.810127868671147e-05  2.063467261642637e-06 -1.391960358106836e-13 -1.611300356766281e-16  9.999756545551521e-01  1.157430173069652e-03 
 1.380384264602866e+04 -1.304239553185300e-17  1.152940145705216e-14  9.810150349882464e-05  2.106290257999910e-06 -1.329311902369929e-13 -1.503756433540082e-16  9.999757149864177e-01  1.131086437809890e-03 
 1.412537544622735e+04 -1.245542117622637e-17  1.126696088963386e-14  9.810174089225280e-05  2.150228887942696e-06 -1.269483084562697e-13 -1.403390554845284e-16  9.999757727107786e-01  1.105342441930804e-03 
 1.445439770745908e+04 -1.189486474751205e-17  1.101049415559895e-14  9.810198724659875e-05  2.195306357130611e-06 -1.212347000694258e-13 -1.309723559771113e-16  9.999758278507752e-01  1.080184488723254e-03 
 1.479108388168187e+04 -1.135953741744507e-17  1.075986527678887e-14  9.810224439787716e-05  2.241546481512868e-06 -1.157782458339402e-13 -1.222308348519858e-16  9.999758805233235e-01  1.055599254877322e-03 
 1.513561248436188e+04 -1.084830384578480e-17  1.051494137009302e-14  9.810251418185565e-05  2.288973686939699e-06 -1.105673719580782e-13 -1.140727660015974e-16  9.999759308401124e-01  1.031573719128775e-03 
 1.548816618912460e+04 -1.036007937390279e-17  1.027559257701055e-14  9.810279479628985e-05  2.337613014394280e-06 -1.055910255520089e-13 -1.064592039526799e-16  9.999759789079137e-01  1.008095118060060e-03 
 1.584893192461092e+04 -9.893828753021115e-18  1.004169199481172e-14  9.810308989545811e-05  2.387490151689597e-06 -1.008386511837349e-13 -9.935380880164202e-17  9.999760248286110e-01  9.851510350173981e-04 
 1.621810097358908e+04 -9.448562747472610e-18  9.813115609269990e-15  9.810339767679634e-05  2.438631424059312e-06 -9.630016849019077e-14 -9.272266024382858e-17  9.999760686996492e-01  9.627292800679110e-04 
 1.659586907437538e+04 -9.023336847732929e-18  9.589742228920506e-15  9.810371815653224e-05  2.491063822815387e-06 -9.196595079593519e-14 -8.653410412337732e-17  9.999761106140822e-01  9.408179595978092e-04 
 1.698243652461721e+04 -8.617249373956578e-18  9.371453420815789e-15  9.810405498862209e-05  2.544815021779390e-06 -8.782680469414586e-14 -8.075860208472905e-17  9.999761506607497e-01  9.194054849647235e-04 
 1.737800828749351e+04 -8.229438737573265e-18  9.158133447744865e-15  9.810440637028036e-05  2.599913374437546e-06 -8.387395054661044e-14 -7.536858265278354e-17  9.999761889246278e-01  8.984804791561171e-04 
 1.778279410038898e+04 -7.859082439731979e-18  8.949669206877798e-15  9.810477413651800e-05  2.656387945276784e-06 -8.009900386130923e-14 -7.033831755509652e-17  9.999762254868457e-01  8.780318580193891e-04 
 1.819700858609958e+04 -7.505394851985586e-18  8.745950169808666e-15  9.810515830347357e-05  2.714268514544815e-06 -7.649395750814497e-14 -6.564379441258528e-17  9.999762604249526e-01  8.580487728481898e-04 
 1.862087136662842e+04 -7.167625835729235e-18  8.546868323961411e-15  9.810556070625000e-05  2.773585599594175e-06 -7.305116473506360e-14 -6.126260471536877e-17  9.999762938130246e-01  8.385206376101424e-04 
 1.905460717963221e+04 -6.845058753409550e-18  8.352318115330139e-15  9.810597954224335e-05  2.834370461210489e-06 -6.976332294856752e-14 -5.717383339836478e-17  9.999763257219001e-01  8.194370759692447e-04 
 1.949844599758018e+04 -6.537009726668649e-18  8.162196392520427e-15  9.810642028458891e-05  2.896655137335502e-06 -6.662345822419277e-14 -5.335796561265609e-17  9.999763562191778e-01  8.007880084023659e-04 
 1.995262314968852e+04 -6.242825030264952e-18  7.976402352067087e-15  9.810687931207759e-05  2.960472432228523e-06 -6.362491051414037e-14 -4.979678385997027e-17  9.999763853695857e-01  7.825635094040710e-04 
 2.041737944669501e+04 -5.961880845688780e-18  7.794837484992581e-15  9.810736027930978e-05  3.025855959543078e-06 -6.076131952062941e-14 -4.647329052161259e-17  9.999764132348961e-01  7.647539383256714e-04 
 2.089296130854010e+04 -5.693581191257039e-18  7.617405524584500e-15  9.810786320331709e-05  3.092840141882824e-06 -5.802661120506562e-14 -4.337162057124003e-17  9.999764398741996e-01  7.473498444956649e-04 
 2.137962089502202e+04 -5.437357015716211e-18  7.444012395359771e-15  9.810838992030606e-05  3.161460235934221e-06 -5.541498490437231e-14 -4.047696872904445e-17  9.999764653439643e-01  7.303420061222610e-04 
 2.187761623949522e+04 -5.192664773916551e-18  7.274566163191028e-15  9.810894044788845e-05  3.231752345039807e-06 -5.292090102717742e-14 -3.777551711031599e-17  9.999764896981951e-01  7.137213973797226e-04 
 2.238721138568308e+04 -4.958985481593564e-18  7.108976986567401e-15  9.810951662292397e-05  3.303753442235324e-06 -5.053906930374957e-14 -3.525437083339880e-17  9.999765129885081e-01  6.974792110499561e-04 
 2.290867652767740e+04 -4.735823331458360e-18  6.947157068965108e-15  9.811011664484903e-05  3.377501380880110e-06 -4.826443756477009e-14 -3.290149441417524e-17  9.999765352642953e-01  6.816068144523781e-04 
 2.344228815319889e+04 -4.522705263586865e-18  6.789020612300749e-15  9.811074780803711e-05  3.453034930739340e-06 -4.609218102512688e-14 -3.070565868585483e-17  9.999765565727071e-01  6.660958342481888e-04 
 2.398832919019456e+04 -4.319178991498745e-18  6.634483771445991e-15  9.811140649390295e-05  3.530393769879403e-06 -4.401769205002417e-14 -2.865638040671383e-17  9.999765769589419e-01  6.509380121223978e-04 
 2.454708915684995e+04 -4.124812839483395e-18  6.483464609775096e-15  9.811209454107171e-05  3.609618526106972e-06 -4.203657038167088e-14 -2.674387779903039e-17  9.999765964661864e-01  6.361253150438612e-04 
 2.511886431509544e+04 -3.939194630331113e-18  6.335883055725337e-15  9.811281560761382e-05  3.690750792012532e-06 -4.014461380584271e-14 -2.495902240458701e-17  9.999766151357442e-01  6.216499037829240e-04 
 2.570395782768826e+04 -3.761930579883297e-18  6.191660860346138e-15  9.811356971437728e-05  3.773833137876714e-06 -3.833780923851338e-14 -2.329329402774059e-17  9.999766330071687e-01  6.075040936930610e-04 
 2.630267991895344e+04 -3.592644701816071e-18  6.050721555813629e-15  9.811435870174088e-05  3.858909139592415e-06 -3.661232421364384e-14 -2.173874163502679e-17  9.999766501182996e-01  5.936803863252388e-04 
 2.691534803926876e+04 -3.430977863411207e-18  5.912990414889928e-15  9.811518259185223e-05  3.946023395123843e-06 -3.496449875408323e-14 -2.028794447703522e-17  9.999766665053719e-01  5.801714426681219e-04 
 2.754228703338126e+04 -3.276587222949269e-18  5.778394411304596e-15  9.811604504538483e-05  4.035221552373125e-06 -3.339083760833226e-14 -1.893397786364227e-17  9.999766822030519e-01  5.669701120561951e-04 
 2.818382931264412e+04 -3.129145240793447e-18  5.646862181038347e-15  9.811694608597046e-05  4.126550322669509e-06 -3.188800283670957e-14 -1.767037854225614e-17  9.999766972445623e-01  5.540693848744490e-04 
 2.884031503126564e+04 -2.988339233979617e-18  5.518323984487300e-15  9.811788937586376e-05  4.220057511244990e-06 -3.045280673118830e-14 -1.649111530882027e-17  9.999767116617028e-01  5.414624314257078e-04 
 2.951209226666342e+04 -2.853870477889639e-18  5.392711669488871e-15  9.811887494037709e-05  4.315792031889254e-06 -2.908220505389251e-14 -1.539055887315838e-17  9.999767254849631e-01  5.291425567619383e-04 
 3.019951720401971e+04 -2.725453748404119e-18  5.269958635188772e-15  9.811990462464479e-05  4.413803936120786e-06 -2.777329057990605e-14 -1.436345598826704e-17  9.999767387435525e-01  5.171032282144872e-04 
 3.090295432513544e+04 -2.602816752673313e-18  5.149999796730486e-15  9.812098391258218e-05  4.514144438527712e-06 -2.652328693070095e-14 -1.340490452116466e-17  9.999767514654533e-01  5.053380801856184e-04 
 3.162277660168332e+04 -2.485699253325193e-18  5.032771550748780e-15  9.812211101351595e-05  4.616865929424341e-06 -2.532954268510673e-14 -1.251032849485705e-17  9.999767636775380e-01  4.938408537339342e-04 
 3.235936569296234e+04 -2.373852870784739e-18  4.918211741647880e-15  9.812328959457253e-05  4.722022012487725e-06 -2.418952575532399e-14 -1.167545810826711e-17  9.999767754055562e-01  4.826054601808889e-04 
 3.311311214825861e+04 -2.267040353654039e-18  4.806259628647745e-15  9.812452150512090e-05  4.829667522326941e-06 -2.310081801605995e-14 -1.089630829193485e-17  9.999767866742266e-01  4.716259397831401e-04 
 3.388441561391974e+04 -2.165035167685747e-18  4.696855853580066e-15  9.812581041464469e-05  4.939858552904797e-06 -2.206111017538948e-14 -1.016916014816632e-17  9.999767975072721e-01  4.608964767264077e-04 
 3.467368504525264e+04 -2.067620894055714e-18  4.589942409417441e-15  9.812715635609299e-05  5.052652478770847e-06 -2.106819687646462e-14 -9.490542620421764e-18  9.999768079274910e-01  4.504113700416092e-04 
 3.548133892335701e+04 -1.974590893340665e-18  4.485462609518603e-15  9.812856118266184e-05  5.168107986230908e-06 -2.011997201968089e-14 -8.857216519879700e-18  9.999768179567795e-01  4.401650570304486e-04 
 3.630780547700958e+04 -1.885747932265937e-18  4.383361057573705e-15  9.813003220567412e-05  5.286285102934496e-06 -1.921442429537970e-14 -8.266159325864157e-18  9.999768276161648e-01  4.301521253106112e-04 
 3.715352290971669e+04 -1.800903506458533e-18  4.283583618233963e-15  9.813156946231971e-05  5.407245213695511e-06 -1.834963291761234e-14 -7.714549594150133e-18  9.999768369258990e-01  4.203672526894964e-04 
 3.801893963205554e+04 -1.719877601134216e-18  4.186077388409385e-15  9.813317299134983e-05  5.531051094936901e-06 -1.752376354991321e-14 -7.199754237825969e-18  9.999768459054679e-01  4.108052384947849e-04 
 3.890451449942747e+04 -1.642498459122153e-18  4.090790669219841e-15  9.813485192768040e-05  5.657766950106780e-06 -1.673506441444274e-14 -6.719316566563479e-18  9.999768545736001e-01  4.014610380014227e-04 
 3.981071705534912e+04 -1.568601864711684e-18  3.997672938584928e-15  9.813660449452106e-05  5.787458421557812e-06 -1.598186257624830e-14 -6.270943077084944e-18  9.999768629483753e-01  3.923296754952251e-04 
 4.073802778041065e+04 -1.498031084594448e-18  3.906674824437216e-15  9.813843437360431e-05  5.920192633013244e-06 -1.526256039475797e-14 -5.852493726590423e-18  9.999768710472025e-01  3.834063107338098e-04 
 4.168693834703290e+04 -1.430636489437246e-18  3.817748078545473e-15  9.814034888637025e-05  6.056038217294724e-06 -1.457563213498371e-14 -5.461971497309061e-18  9.999768788868636e-01  3.746862269423714e-04 
 4.265795188015862e+04 -1.366275023240029e-18  3.730845550933757e-15  9.814234444281880e-05  6.195065335501404e-06 -1.391962073124513e-14 -5.097512046113646e-18  9.999768864835872e-01  3.661647724809600e-04 
 4.365158322401593e+04 -1.304810248937569e-18  3.645921164882436e-15  9.814443018737201e-05  6.337345724860555e-06 -1.329313469654759e-14 -4.757376149443482e-18  9.999768938530128e-01  3.578374493565652e-04 
 4.466835921509562e+04 -1.246111766378238e-18  3.562929892498612e-15  9.814660799101927e-05  6.482952714936818e-06 -1.269484517106222e-14 -4.439940278734167e-18  9.999769010102778e-01  3.496998341545148e-04 
 4.570881896148680e+04 -1.190055067254461e-18  3.481827730842313e-15  9.814888154594698e-05  6.631961266156949e-06 -1.212348310344456e-14 -4.143689353791708e-18  9.999769079700180e-01  3.417476104587206e-04 
 4.677351412871909e+04 -1.136521246216574e-18  3.402571678596208e-15  9.815125454674329e-05  6.784447999563792e-06 -1.157783655901469e-14 -3.867209416135490e-18  9.999769147464032e-01  3.339765596571577e-04 
 4.786300923226309e+04 -1.085396788689935e-18  3.325119713266289e-15  9.815373432832209e-05  6.940491232565460e-06 -1.105674814908860e-14 -3.609181012789918e-18  9.999769213531521e-01  3.263825708382541e-04 
 4.897788193684386e+04 -1.036573166351511e-18  3.249430768901647e-15  9.815631731479998e-05  7.100171001861444e-06 -1.055911257600866e-14 -3.368372350482487e-18  9.999769278035909e-01  3.189615899783375e-04 
 5.011872336272644e+04 -9.899469118038280e-19  3.175464714321062e-15  9.815901630319848e-05  7.263569115345536e-06 -1.008387428866459e-14 -3.143634431225561e-18  9.999769341106152e-01  3.117097085779026e-04 
 5.128613839913568e+04 -9.454190773685047e-19  3.103182331835621e-15  9.816183136108923e-05  7.430769166372198e-06 -9.630025243534358e-15 -2.933894501581589e-18  9.999769402867769e-01  3.046230652517538e-04 
 5.248074602497643e+04 -9.028952073223485e-19  3.032545296455287e-15  9.816476619687543e-05  7.601856580219390e-06 -9.196602766493405e-15 -2.738151536011782e-18  9.999769463442680e-01  2.976978980111580e-04 
 5.370317963702443e+04 -8.622851288334953e-19  2.963516155568902e-15  9.816782815993249e-05  7.776918648616515e-06 -8.782687510858429e-15 -2.555471417820254e-18  9.999769522949420e-01  2.909305409819251e-04 
 5.495408738576159e+04 -8.235026922274395e-19  2.896058309086764e-15  9.817102096513287e-05  7.956044560941677e-06 -8.387401507334247e-15 -2.384982270698923e-18  9.999769581503475e-01  2.843174001835433e-04 
 5.623413251903402e+04 -7.864656259705571e-19  2.830135990035084e-15  9.817434833080883e-05  8.139325443967671e-06 -8.009906301726944e-15 -2.225870416027288e-18  9.999769639217355e-01  2.778549632002431e-04 
 5.754399373371479e+04 -7.510954023850075e-19  2.765714245592185e-15  9.817781943562827e-05  8.326854401385919e-06 -7.649401176473618e-15 -2.077376599482211e-18  9.999769696200698e-01  2.715398124341322e-04 
 5.888436553555797e+04 -7.173169570812079e-19  2.702758918556436e-15  9.818143436751646e-05  8.518726544060051e-06 -7.305121452216496e-15 -1.938792045134148e-18  9.999769752560632e-01  2.653685822598661e-04 
 6.025595860743483e+04 -6.850586716760415e-19  2.641236629235850e-15  9.818520231288409e-05  8.715039038709183e-06 -6.976336865818169e-15 -1.809455470048017e-18  9.999769808401641e-01  2.593380081857194e-04 
 6.165950018614724e+04 -6.542520976252763e-19  2.581114757750077e-15  9.818912518665791e-05  8.915891138827625e-06 -6.662350021378483e-15 -1.688749585237440e-18  9.999769863825927e-01  2.534448800938616e-04 
 6.309573444801832e+04 -6.248319164562724e-19  2.522361426735103e-15  9.819321218371351e-05  9.121384231869367e-06 -6.362494910966613e-15 -1.576098431622603e-18  9.999769918933341e-01  2.476860794763308e-04 
 6.456542290346453e+04 -5.967357223993204e-19  2.464945484441731e-15  9.819746886563806e-05  9.331621876218499e-06 -6.076135501931286e-15 -1.470964421333771e-18  9.999769973821609e-01  2.420585487753410e-04 
 6.606934480075855e+04 -5.699038976683286e-19  2.408836488218709e-15  9.820189716093498e-05  9.546709843155643e-06 -5.802664387792264e-15 -1.372845798225788e-18  9.999770028586421e-01  2.365592908677569e-04 
 6.760829753919710e+04 -5.442795601415705e-19  2.354004688371824e-15  9.820650809757763e-05  9.766756165319190e-06 -5.541501499851579e-15 -1.281274423012815e-18  9.999770083321388e-01  2.311853984854733e-04 
 6.918309709189254e+04 -5.198083349911478e-19  2.300421012390444e-15  9.821130361417534e-05  9.991871174175326e-06 -5.292092876791819e-15 -1.195813275955580e-18  9.999770138118276e-01  2.259340083739426e-04 
 7.079457843841266e+04 -4.964383250655817e-19  2.248057049533031e-15  9.821629111145198e-05  1.022216755103278e-05 -5.053909489651395e-15 -1.116054578150830e-18  9.999770193066935e-01  2.208023349717210e-04 
 7.244359600749785e+04 -4.741199672258646e-19  2.196885035763566e-15  9.822147799577174e-05  1.045776037267299e-05 -4.826446119684601e-15 -1.041617762800646e-18  9.999770248255373e-01  2.157876555327397e-04 
 7.413102413009056e+04 -4.528059197111907e-19  2.146877839030855e-15  9.822686986048738e-05  1.069876715747986e-05 -4.609220286726255e-15 -9.721476430278457e-19  9.999770303769834e-01  2.108873048253918e-04 
 7.585775750291716e+04 -4.324509711972013e-19  2.098008944882882e-15  9.823247230511054e-05  1.094530791773130e-05 -4.401771225787709e-15 -9.073127386909464e-19  9.999770359694761e-01  2.060986780276866e-04 
 7.762471166286792e+04 -4.130119534445009e-19  2.050252442408633e-15  9.823829275449461e-05  1.119750521078045e-05 -4.203658909713619e-15 -8.468037115837128e-19  9.999770416112805e-01  2.014192331005548e-04 
 7.943282347242687e+04 -3.944476256269115e-19  2.003583010499920e-15  9.824433500240611e-05  1.145548419001496e-05 -4.014463115826350e-15 -7.903318384644387e-19  9.999770473104864e-01  1.968464781040639e-04 
 8.128305161640861e+04 -3.767186318388071e-19  1.957975904425893e-15  9.825061012526136e-05  1.171937266508660e-05 -3.833782534578196e-15 -7.376277245951549e-19  9.999770530749954e-01  1.923779921185109e-04 
 8.317637711026576e+04 -3.597873520652058e-19  1.913406942713185e-15  9.825712011228992e-05  1.198930115209329e-05 -3.661233918320891e-15 -6.884398856085087e-19  9.999770589125319e-01  1.880113910120635e-04 
 8.511380382023628e+04 -3.436178870658921e-19  1.869852494324657e-15  9.826387423601658e-05  1.226540293963740e-05 -3.496451268386670e-15 -6.425336761688342e-19  9.999770648306240e-01  1.837443588475138e-04 
 8.709635899560666e+04 -3.281759337295968e-19  1.827289466130016e-15  9.827087632026504e-05  1.254781414572470e-05 -3.339085058756731e-15 -5.996900749834818e-19  9.999770708366077e-01  1.795746218177892e-04 
 8.912509381337311e+04 -3.134287517075941e-19  1.785695290661606e-15  9.827813565395390e-05  1.283667378637610e-05 -3.188801494670284e-15 -5.597047139814729e-19  9.999770769376105e-01  1.754999677188067e-04 
 9.120108393558950e+04 -2.993450563341403e-19  1.745047914148938e-15  9.828565607803805e-05  1.313212383813323e-05 -3.045281804601720e-15 -5.223868330265405e-19  9.999770831405511e-01  1.715182246177832e-04 
 9.332543007969759e+04 -2.858949776091102e-19  1.705325784825551e-15  9.829344326152657e-05  1.343430931255440e-05 -2.908221564103954e-15 -4.875584163156752e-19  9.999770894521216e-01  1.676272732441224e-04 
 9.549925860214204e+04 -2.730499904289130e-19  1.666507841502061e-15  9.830150288299008e-05  1.374337832638073e-05 -2.777330050083852e-15 -4.550533305080703e-19  9.999770958787803e-01  1.638250424788026e-04 
 9.772372209557948e+04 -2.607828638136338e-19  1.628573502399300e-15  9.830984426880425e-05  1.405948218236031e-05 -2.652329624139992e-15 -4.247165474213743e-19  9.999771024267327e-01  1.601095141942245e-04 
 9.999999999999837e+04 -2.490675684308311e-19  1.591502654235664e-15  9.831846766126067e-05  1.438277544341116e-05 -2.532955143654817e-15 -3.964033467964633e-19  9.999771091019281e-01  1.564787012551055e-04 
 1.023292992280737e+05 -2.378792709841066e-19  1.555275641562826e-15  9.832738240810066e-05  1.471341602332643e-05 -2.418953399391927e-15 -3.699787071915211e-19  9.999771159100322e-01  1.529306764493405e-04 
 1.047128548050882e+05 -2.271942425736384e-19  1.519873256344234e-15  9.833659241176374e-05  1.505156527126239e-05 -2.310082578405702e-15 -3.453165976127760e-19  9.999771228564186e-01  1.494635477017351e-04 
 1.071519305237589e+05 -2.169898232446751e-19  1.485276727770797e-15  9.834610158662576e-05  1.539738806610735e-05 -2.206111751123914e-15 -3.222994004981480e-19  9.999771299461481e-01  1.460754661611868e-04 
 1.096478196143167e+05 -2.072443740903711e-19  1.451467712308419e-15  9.835591385954491e-05  1.575105291273804e-05 -2.106820381515432e-15 -3.008173503174865e-19  9.999771371839514e-01  1.427646252167089e-04 
 1.122018454301945e+05 -1.979372384035608e-19  1.418428283972054e-15  9.836603680824600e-05  1.611273204693564e-05 -2.011997859303977e-15 -2.807680193948752e-19  9.999771445742077e-01  1.395292646958430e-04 
 1.148153621496864e+05 -1.890486680099008e-19  1.386140924821173e-15  9.837646711067088e-05  1.648260153797043e-05 -1.921443053235743e-15 -2.620557862238695e-19  9.999771521209299e-01  1.363676491667392e-04 
 1.174897554939510e+05 -1.805598332931613e-19  1.354588515671552e-15  9.838721601029543e-05  1.686084140761768e-05 -1.834963884453232e-15 -2.445914528602004e-19  9.999771598277362e-01  1.332781032631801e-04 
 1.202264434617393e+05 -1.724527221572801e-19  1.323754327018521e-15  9.839827839538392e-05  1.724763574173505e-05 -1.752376919070471e-15 -2.282917334215160e-19  9.999771676978383e-01  1.302589675568470e-04 
 1.230268770812361e+05 -1.647101545509347e-19  1.293622010166785e-15  9.840966008327690e-05  1.764317281915950e-05 -1.673506979085300e-15 -2.130789295488789e-19  9.999771757340135e-01  1.273086354935649e-04 
 1.258925411794146e+05 -1.573157210075274e-19  1.264175588562189e-15  9.842136508877560e-05  1.804764524027114e-05 -1.598186770803525e-15 -1.988805245318817e-19  9.999771839385857e-01  1.244255347694267e-04 
 1.288249551693113e+05 -1.502537400456448e-19  1.235399449320777e-15  9.843339016818773e-05  1.846125005922072e-05 -1.526256529986714e-15 -1.856288280083620e-19  9.999771923134092e-01  1.216081200258958e-04 
 1.318256738556385e+05 -1.435092461606224e-19  1.207278334950674e-15  9.844573755247481e-05  1.888418893158939e-05 -1.457563682970957e-15 -1.732606800923075e-19  9.999772008598413e-01  1.188548884260729e-04 
 1.348962882591631e+05 -1.370679430270833e-19  1.179797335262415e-15  9.845840585356468e-05  1.931666825871758e-05 -1.391962523037803e-15 -1.617171306469714e-19  9.999772095787282e-01  1.161643673281603e-04 
 1.380384264602862e+05 -1.309161818168734e-19  1.152941879463397e-15  9.847139552195689e-05  1.975889934413555e-05 -1.329313901350882e-15 -1.509431685159584e-19  9.999772184703831e-01  1.135351202730892e-04 
 1.412537544622731e+05 -1.250409242933158e-19  1.126697728432311e-15  9.848470339093483e-05  2.021109855254721e-05 -1.269484931802687e-15 -1.408874494403327e-19  9.999772275345729e-01  1.109657398012229e-04 
 1.445439770745904e+05 -1.194297206777258e-19  1.101050967169399e-15  9.849832631535678e-05  2.067348747947229e-05 -1.212348709145400e-15 -1.315020575927258e-19  9.999772367704979e-01  1.084548511577059e-04 
 1.479108388168183e+05 -1.140706870383768e-19  1.075987997418589e-15  9.851226481049720e-05  2.114629312421901e-05 -1.157784039807947e-15 -1.227422807501647e-19  9.999772461767797e-01  1.060011154367522e-04 
 1.513561248436183e+05 -1.089524651393650e-19  1.051495530457566e-15  9.852651032078065e-05  2.162974806796392e-05 -1.105675184828256e-15 -1.145663804943039e-19  9.999772557514510e-01  1.036032149960798e-04 
 1.548816618912456e+05 -1.040642156448508e-19  1.027560580051955e-15  9.854105977216876e-05  2.212409066093546e-05 -1.055911614355474e-15 -1.069354119565727e-19  9.999772654919433e-01  1.012598687846405e-04 
 1.584893192461087e+05 -9.939558444984172e-20  1.004170455569889e-15  9.855590647881853e-05  2.262956521381643e-05 -1.008387773201393e-15 -9.981302627803821e-20  9.999772753950806e-01  9.896982182533819e-05 
 1.621810097358903e+05 -9.493668497460553e-20  9.813127552533189e-16  9.857104378214696e-05  2.314642219558571e-05 -9.630028569438023e-16 -9.316530165321080e-20  9.999772854570746e-01  9.673184850189392e-05 
 1.659586907437533e+05 -9.067807855219085e-20  9.589753596424747e-16  9.858646687105194e-05  2.367491843435765e-05 -9.196605981068381e-16 -8.696058258220241e-20  9.999772956735243e-01  9.454475360208812e-05 
 1.698243652461716e+05 -8.661074591645729e-20  9.371464251500168e-16  9.860216368875714e-05  2.421531732532678e-05 -8.782690619648082e-16 -8.116932053594776e-20  9.999773060394175e-01  9.240736291211115e-05 
 1.737800828749346e+05 -8.272608002459635e-20  9.158143777814464e-16  9.861812766660743e-05  2.476788904348659e-05 -8.387404515363422e-16 -7.576394452525182e-20  9.999773165491349e-01  9.031853499519791e-05 
 1.778279410038893e+05 -7.901586074669396e-20  8.949679069984649e-16  9.863435044996071e-05  2.533291075867972e-05 -8.009909213552560e-16 -7.071872254440689e-20  9.999773271964609e-01  8.827715343353283e-05 
 1.819700858609953e+05 -7.547223198414148e-20  8.745959597220209e-16  9.865081462415296e-05  2.591066685475596e-05 -7.649403996231015e-16 -6.600963410892718e-20  9.999773379745950e-01  8.628212001542827e-05 
 1.862087136662836e+05 -7.208770233879051e-20  8.546877344718591e-16  9.866751554305311e-05  2.650144915450348e-05 -7.305124183661656e-16 -6.161427109108001e-20  9.999773488761670e-01  8.433237366870174e-05 
 1.905460717963215e+05 -6.885511173453872e-20  8.352326756394715e-16  9.868443950393125e-05  2.710555714280360e-05 -6.976339512366573e-16 -5.751171507440208e-20  9.999773598932591e-01  8.242687033764908e-05 
 1.949844599758012e+05 -6.576762235799985e-20  8.162204678914147e-16  9.870157102492282e-05  2.772329819489272e-05 -6.662352586140473e-16 -5.368244318021948e-20  9.999773710174285e-01  8.056458920624660e-05 
 1.995262314968846e+05 -6.281870767685601e-20  7.976410307000183e-16  9.871889830367403e-05  2.835498780595636e-05 -6.362497396779848e-16 -5.010823775104746e-20  9.999773822397348e-01  7.874453661428053e-05 
 2.041737944669495e+05 -6.000213353533022e-20  7.794845129985891e-16  9.873640594372927e-05  2.900094982072332e-05 -6.076137911390296e-16 -4.677209518067524e-20  9.999773935507719e-01  7.696573945789241e-05 
 2.089296130854004e+05 -5.731194842718043e-20  7.617412879582794e-16  9.875408041336371e-05  2.966151666505823e-05 -5.802666723275461e-16 -4.365814762067797e-20  9.999774049407016e-01  7.522724910162411e-05 
 2.137962089502196e+05 -5.474246744403430e-20  7.444019478838442e-16  9.877190459107255e-05  3.033702957488948e-05 -5.541503763545925e-16 -4.075158457460695e-20  9.999774163992932e-01  7.352813659072191e-05 
 2.187761623949515e+05 -5.228826441313439e-20  7.274572992255820e-16  9.878986504351324e-05  3.102783883024429e-05 -5.292095070715213e-16 -3.803858544708807e-20  9.999774279159610e-01  7.186749770604438e-05 
 2.238721138568301e+05 -4.994415516641598e-20  7.108983577048212e-16  9.880794293339227e-05  3.173430397995780e-05 -5.053911615673110e-16 -3.550624969024571e-20  9.999774394798129e-01  7.024444565100315e-05 
 2.290867652767734e+05 -4.770519236060437e-20  6.947163435503541e-16  9.882612493544269e-05  3.245679407415381e-05 -4.826448179543807e-16 -3.314253953591312e-20  9.999774510796920e-01  6.865811855647874e-05 
 2.344228815319882e+05 -4.556664751290919e-20  6.789026768433091e-16  9.884438868781784e-05  3.319568788917593e-05 -4.609222282048786e-16 -3.093621725153960e-20  9.999774627042276e-01  6.710766864460790e-05 
 2.398832919019449e+05 -4.352401148786567e-20  6.634489729679747e-16  9.886272462175444e-05  3.395137415385108e-05 -4.401773158101234e-16 -2.887679886564912e-20  9.999774743418830e-01  6.559227692071487e-05 
 2.454708915684988e+05 -4.157297277025576e-20  6.483470381661803e-16  9.888111049977192e-05  3.472425177153404e-05 -4.203660780461326e-16 -2.695449579839335e-20  9.999774859810086e-01  6.411113518957940e-05 
 2.511886431509537e+05 -3.970941751865497e-20  6.335888651928650e-16  9.889953142669057e-05  3.551473004304029e-05 -4.014464926379222e-16 -2.516017446535520e-20  9.999774976098919e-01  6.266345921766366e-05 
 2.570395782768819e+05 -3.792941590971068e-20  6.191666290705354e-16  9.891796893936390e-05  3.632322888402761e-05 -3.833784286246034e-16 -2.348530942622453e-20  9.999775092168113e-01  6.124848096487202e-05 
 2.630267991895336e+05 -3.622921735315963e-20  6.050726829403591e-16  9.893641010453944e-05  3.715017904659668e-05 -3.661235612362091e-16 -2.192194500284012e-20  9.999775207900859e-01  5.986545389452075e-05 
 2.691534803926869e+05 -3.460523755593380e-20  5.912995540077000e-16  9.895483478998329e-05  3.799602232890109e-05 -3.496452906016949e-16 -2.046265426648301e-20  9.999775323181307e-01  5.851364461901126e-05 
 2.754228703338119e+05 -3.305405573108390e-20  5.778399395799366e-16  9.897322840047100e-05  3.886121179630386e-05 -3.339086641156793e-16 -1.910050662263820e-20  9.999775437895029e-01  5.719234032601085e-05 
 2.818382931264405e+05 -3.157240450830464e-20  5.646867031944708e-16  9.899157460596448e-05  3.974621198965522e-05 -3.188803022992571e-16 -1.782903304959775e-20  9.999775551929543e-01  5.590084387830598e-05 
 2.884031503126556e+05 -3.015716366616786e-20  5.518328708348687e-16  9.900985716450370e-05  4.065149914067590e-05 -3.045283279976251e-16 -1.664219569688696e-20  9.999775665174763e-01  5.463847452938794e-05 
 2.951209226666334e+05 -2.880535505772669e-20  5.392716272331316e-16  9.902806538310063e-05  4.157756138356561e-05 -2.908222987643383e-16 -1.553435996177393e-20  9.999775777523460e-01  5.340457046602273e-05 
 3.019951720401964e+05 -2.751413237765404e-20  5.269963122561339e-16  9.904618138975033e-05  4.252489896749978e-05 -2.777331422887775e-16 -1.450026549499125e-20  9.999775888871685e-01  5.219848137326206e-05 
 3.090295432513537e+05 -2.628077891003212e-20  5.150004173743128e-16  9.906419287035642e-05  4.349402447156869e-05 -2.652330947298582e-16 -1.353500324865307e-20  9.999775999119153e-01  5.101957506341768e-05 
 3.162277660168324e+05 -2.510270009303369e-20  5.032775822107380e-16  9.908208761679445e-05  4.448546301838441e-05 -2.532956418251809e-16 -1.263399117377641e-20  9.999776108169618e-01  4.986723403421103e-05 
 3.235936569296226e+05 -2.397741837711365e-20  4.918215911687341e-16  9.909985535083252e-05  4.549975249457106e-05 -2.418954626507072e-16 -1.179295259835716e-20  9.999776215931188e-01  4.874085601191825e-05 
 3.311311214825853e+05 -2.290256665849723e-20  4.806263701362620e-16  9.911748227265839e-05  4.653744376925673e-05 -2.310083759116672e-16 -1.100789523156665e-20  9.999776322316624e-01  4.763985088410522e-05 
 3.388441561391967e+05 -2.187588544505894e-20  4.696859832653195e-16  9.913496016092020e-05  4.759910091767239e-05 -2.206112886507758e-16 -1.027509325456072e-20  9.999776427243601e-01  4.656364484074816e-05 
 3.467368504525256e+05 -2.089521624199031e-20  4.589946298246472e-16  9.915227910285734e-05  4.868530145563099e-05 -2.106821472649597e-16 -9.591068695313497e-21  9.999776530634905e-01  4.551167641239108e-05 
 3.548133892335693e+05 -1.995849820352656e-20  4.485466411240765e-16  9.916943295706336e-05  4.979663656934363e-05 -2.011998907266972e-16 -8.952575472542043e-21  9.999776632418622e-01  4.448339870383807e-05 
 3.630780547700950e+05 -1.906376217132048e-20  4.383364775088875e-16  9.918641208418150e-05  5.093371135700409e-05 -1.921444059107451e-16 -8.356583229507381e-21  9.999776732528283e-01  4.347827571331200e-05 
 3.715352290971660e+05 -1.820912839105937e-20  4.283587254225791e-16  9.920321244807582e-05  5.209714507792285e-05 -1.834964849314943e-16 -7.800263786221332e-21  9.999776830902946e-01  4.249578611986096e-05 
 3.801893963205545e+05 -1.739280100426411e-20  4.186080945365022e-16  9.921982834714858e-05  5.328757140787843e-05 -1.752377844004637e-16 -7.280977009964697e-21  9.999776927487273e-01  4.153541968031031e-05 
 3.890451449942738e+05 -1.661306466775818e-20  4.090794149448282e-16  9.923625424053040e-05  5.450563870068592e-05 -1.673507865175088e-16 -6.796258469741210e-21  9.999777022231553e-01  4.059667778796452e-05 
 3.981071705534903e+05 -1.586828179227233e-20  3.997676344233682e-16  9.925249021243803e-05  5.575201026220000e-05 -1.598187619132171e-16 -6.343808080884415e-21  9.999777115091693e-01  3.967907538446869e-05 
 4.073802778041056e+05 -1.515688752916924e-20  3.906678157507886e-16  9.926853288563124e-05  5.702736463319980e-05 -1.526257341636709e-16 -5.921478538819136e-21  9.999777206029172e-01  3.878213689526174e-05 
 4.168693834703281e+05 -1.447738739777712e-20  3.817751340908050e-16  9.928438088652032e-05  5.833239587937911e-05 -1.457564459023114e-16 -5.527265514754562e-21  9.999777295010986e-01  3.790539822897051e-05 
 4.265795188015852e+05 -1.382835433975875e-20  3.730848744339630e-16  9.930003667285808e-05  5.966781389776799e-05 -1.391963264570208e-16 -5.159298210523206e-21  9.999777382009526e-01  3.704840712955749e-05 
 4.365158322401583e+05 -1.320842464049322e-20  3.645924290976545e-16  9.931549926731135e-05  6.103434472581881e-05 -1.329314609437774e-16 -4.815830072423868e-21  9.999777467002476e-01  3.621072013107604e-05 
 4.466835921509552e+05 -1.261629634819352e-20  3.562932952830386e-16  9.933077336164720e-05  6.243273087402912e-05 -1.269485607513256e-16 -4.495230992609750e-21  9.999777549972644e-01  3.539190572351339e-05 
 4.570881896148669e+05 -1.205072504607970e-20  3.481830726875763e-16  9.934585841338770e-05  6.386373165989667e-05 -1.212349353542564e-16 -4.195979030963155e-21  9.999777630907801e-01  3.459154010415486e-05 
 4.677351412871899e+05 -1.151052309781071e-20  3.402574611719128e-16  9.936076320766484e-05  6.532812355564133e-05 -1.157784653947097e-16 -3.916653864297076e-21  9.999777709800504e-01  3.380921213309804e-05 
 4.786300923226299e+05 -1.099455530938700e-20  3.325122584798646e-16  9.937549131704387e-05  6.682670055990769e-05 -1.105675769755990e-16 -3.655929396530029e-21  9.999777786647868e-01  3.304451792519578e-05 
 4.897788193684375e+05 -1.050173745906317e-20  3.249433580103134e-16  9.939004838877633e-05  6.836027456458282e-05 -1.055912171108343e-16 -3.412567799110777e-21  9.999777861451378e-01  3.229706322460827e-05 
 5.011872336272634e+05 -1.003103417702766e-20  3.175467466398133e-16  9.940444397587942e-05  6.992967575047970e-05 -1.008388302804662e-16 -3.185413686704188e-21  9.999777934216642e-01  3.156646371369579e-05 
 5.128613839913558e+05 -9.581455992473673e-21  3.103185025947669e-16  9.941868427425042e-05  7.153575298479709e-05 -9.630033604102416e-17 -2.973388386842066e-21  9.999778004953176e-01  3.085234242983311e-05 
 5.248074602497633e+05 -9.152057693025169e-21  3.032547933720347e-16  9.943277577383619e-05  7.317937424700105e-05 -9.196610764355542e-17 -2.775484976173832e-21  9.999778073674139e-01  3.015433081348090e-05 
 5.370317963702432e+05 -8.741936976319408e-21  2.963518737068817e-16  9.944673254825382e-05  7.486142704804521e-05 -8.782695161401203e-17 -2.590763696643091e-21  9.999778140396115e-01  2.947207067881031e-05 
 5.495408738576148e+05 -8.350231506248089e-21  2.896060835871771e-16  9.946056535598626e-05  7.658281888289764e-05 -8.387408825267160e-17 -2.418347175619557e-21  9.999778205138854e-01  2.880521062610015e-05 
 5.623413251903391e+05 -7.976117492881703e-21  2.830138463127999e-16  9.947428529354027e-05  7.834447768129138e-05 -8.009913301122959e-17 -2.257416392516029e-21  9.999778267925041e-01  2.815340702489128e-05 
 5.754399373371467e+05 -7.618807814570912e-21  2.765716665992175e-16  9.948790199260434e-05  8.014735229000536e-05 -7.649407870806051e-17 -2.107206756915940e-21  9.999778328780033e-01  2.751632334251414e-05 
 5.888436553555785e+05 -7.277550953546879e-21  2.702761287242345e-16  9.950143091251046e-05  8.199241295203663e-05 -7.305127854392496e-17 -1.967004649410204e-21  9.999778387731638e-01  2.689363200301438e-05 
 6.025595860743470e+05 -6.951628823536057e-21  2.641238947169261e-16  9.951488608222198e-05  8.388065180930937e-05 -6.976342988209539e-17 -1.836143869212876e-21  9.999778444809878e-01  2.628501213365192e-05 
 6.165950018614712e+05 -6.640355541053189e-21  2.581117025877994e-16  9.952828375660812e-05  8.581308342003879e-05 -6.662355875849723e-17 -1.714002554441255e-21  9.999778500046757e-01  2.569015040585068e-05 
 6.309573444801820e+05 -6.343075511439355e-21  2.522363645992402e-16  9.954163516013917e-05  8.779074528586506e-05 -6.362500508900813e-17 -1.600000112341088e-21  9.999778553476044e-01  2.510873899445315e-05 
 6.456542290346441e+05 -6.059162799446160e-21  2.464947655753314e-16  9.955495742058560e-05  8.981469839941525e-05 -6.076140854253883e-17 -1.493594662846449e-21  9.999778605133062e-01  2.454047827810198e-05 
 6.606934480075843e+05 -5.788019433484458e-21  2.408838612501446e-16  9.956826813349730e-05  9.188602779897082e-05 -5.802669504992986e-17 -1.394280367588008e-21  9.999778655054483e-01  2.398507522109320e-05 
 6.760829753919698e+05 -5.529074249261672e-21  2.354006766536304e-16  9.958158720332358e-05  9.400584315244487e-05 -5.541506392004793e-17 -1.301585056156640e-21  9.999778703278122e-01  2.344224366122654e-05 
 6.918309709189242e+05 -5.281781398920144e-21  2.300423045342506e-16  9.959493140995181e-05  9.617527933158954e-05 -5.292097553575370e-17 -1.215067918761156e-21  9.999778749842776e-01  2.291170286831476e-05 
 7.079457843841253e+05 -5.045619430832582e-21  2.248059038175171e-16  9.960831807089478e-05  9.839549702839179e-05 -5.053913960364183e-17 -1.134317473302166e-21  9.999778794788027e-01  2.239317832486856e-05 
 7.244359600749771e+05 -4.820090296214732e-21  2.196886980996177e-16  9.962176688572764e-05  1.006676833652520e-04 -4.826450393262988e-17 -1.058949636780117e-21  9.999778838154092e-01  2.188640199165578e-05 
 7.413102413009043e+05 -4.604718281194560e-21  2.146879741753333e-16  9.963529996282943e-05  1.029930525424660e-04 -4.609224371759368e-17 -9.886058969206314e-22  9.999778879981647e-01  2.139111213100233e-05 
 7.585775750291703e+05 -4.399048837948568e-21  2.098010805994627e-16  9.964893820957967e-05  1.053728464697201e-04 -4.401775130531855e-17 -9.229515747749991e-22  9.999778920311708e-01  2.090705237273009e-05 
 7.762471166286779e+05 -4.202647649929093e-21  2.050254262809952e-16  9.966270136170594e-05  1.078083354455472e-04 -4.203662642105826e-17 -8.616742442338902e-22  9.999778959185481e-01  2.043397163585788e-05 
 7.943282347242674e+05 -4.015099891222073e-21  2.003584791092824e-16  9.967661165184794e-05  1.103008188358956e-04 -4.014466683497123e-17 -8.044822867432709e-22  9.999778996644241e-01  1.997162477870328e-05 
 8.128305161640848e+05 -3.836009408825567e-21  1.957977646114834e-16  9.969069566067777e-05  1.128516257669077e-04 -3.833785944863603e-17 -7.511035166873136e-22  9.999779032729215e-01  1.951977279290992e-05 
 8.317637711026561e+05 -3.664997529765249e-21  1.913408646405701e-16  9.970497525610242e-05  1.154621158461211e-04 -3.661237178273961e-17 -7.012838182510046e-22  9.999779067481476e-01  1.907818086597729e-05 
 8.511380382023612e+05 -3.501702509637413e-21  1.869854160931972e-16  9.971947308534730e-05  1.181336798854460e-04 -3.496454384788253e-17 -6.547859907931717e-22  9.999779100941851e-01  1.864661941037452e-05 
 8.709635899560649e+05 -3.345779009462747e-21  1.827291096567571e-16  9.973421988763627e-05  1.208677406570047e-04 -3.339088038125786e-17 -6.113886665181524e-22  9.999779133150826e-01  1.822486527976679e-05 
 8.912509381337294e+05 -3.196896744748434e-21  1.785696885849558e-16  9.974923634391262e-05  1.236657536525243e-04 -3.188804343273717e-17 -5.708851432420690e-22  9.999779164148470e-01  1.781269825871796e-05 
 9.120108393558932e+05 -3.054740481469357e-21  1.745049475012583e-16  9.976455312550159e-05  1.265292078649338e-04 -3.045284528463700e-17 -5.330825320367098e-22  9.999779193974367e-01  1.740990467447889e-05 
 9.332543007969741e+05 -2.919008885991671e-21  1.705327312295740e-16  9.978019638544166e-05  1.294596265886128e-04 -2.908224169014869e-17 -4.978007524187213e-22  9.999779222667554e-01  1.701627462510655e-05 
 9.549925860214186e+05 -2.789414135326267e-21  1.666509336515549e-16  9.979619507875650e-05  1.324585682462853e-04 -2.777332541608819e-17 -4.648717220068802e-22  9.999779250266444e-01  1.663160319884510e-05 
 9.772372209557928e+05 -2.665681300258878e-21  1.628574965899090e-16  9.981258100922027e-05  1.355276272105854e-04 -2.652332007627043e-17 -4.341385556609118e-22  9.999779276808808e-01  1.625569033774683e-05 
 9.999999999999817e+05 -2.547547621035907e-21  1.591504087171283e-16  9.982938342162456e-05  1.386684346798006e-04 -2.532957424242690e-17 -4.054547966498705e-22  9.999779302331698e-01  1.588833983736795e-05 
 1.023292992280735e+06 -2.434762156442017e-21  1.555277044890601e-16  9.984663632874484e-05  1.418826595331879e-04 -2.418955582017571e-17 -3.786837546763143e-22  9.999779326871443e-01  1.552936044973805e-05 
 1.047128548050880e+06 -2.327084981300029e-21  1.519874631027520e-16  9.986436765165937e-05  1.451720092422448e-04 -2.310084667811451e-17 -3.536978133756451e-22  9.999779350463585e-01  1.517856406464402e-05 
 1.071519305237587e+06 -2.224287087552344e-21  1.485278074780185e-16  9.988261564626563e-05  1.485382307775396e-04 -2.206113751864376e-17 -3.303778878355697e-22  9.999779373142874e-01  1.483576817640844e-05 
 1.096478196143165e+06 -2.126149547907904e-21  1.451469032621905e-16  9.990141441102032e-05  1.519831115510684e-04 -2.106822297964103e-17 -3.086128036949665e-22  9.999779394943238e-01  1.450079352358575e-05 
 1.122018454301943e+06 -2.032463271954514e-21  1.418429578575194e-16  9.992080304330246e-05  1.555084803674944e-04 -2.011999695659598e-17 -2.882988021667943e-22  9.999779415897766e-01  1.417346538381776e-05 
 1.148153621496861e+06 -1.943028302128534e-21  1.386142194707191e-16  9.994081297180154e-05  1.591162084197961e-04 -1.921444813528387e-17 -2.693390092242584e-22  9.999779436038680e-01  1.385361166247762e-05 
 1.174897554939508e+06 -1.857653840808571e-21  1.354589761841448e-16  9.996148985125112e-05  1.628082102680395e-04 -1.834965572550194e-17 -2.516430390678203e-22  9.999779455397356e-01  1.354106590976443e-05 
 1.202264434617390e+06 -1.776157412108788e-21  1.323755550481116e-16  9.998287180655472e-05  1.665864448847643e-04 -1.752378538681886e-17 -2.351265027118463e-22  9.999779474004287e-01  1.323566414704813e-05 
 1.230268770812358e+06 -1.698364670034957e-21  1.293623211938771e-16  1.000049986017293e-04  1.704529166985935e-04 -1.673508533769585e-17 -2.197106346365400e-22  9.999779491889085e-01  1.293724610342960e-05 
 1.258925411794143e+06 -1.624109152882454e-21  1.264176769668127e-16  1.000279189934553e-04  1.744096766564951e-04 -1.598188263972596e-17 -2.053219335954593e-22  9.999779509080500e-01  1.264565605385309e-05 
 1.288249551693110e+06 -1.553231629102524e-21  1.235400610793074e-16  1.000516726235745e-04  1.784588233437745e-04 -1.526257964911009e-17 -1.918917737743051e-22  9.999779525606384e-01  1.236074038739300e-05 
 1.318256738556382e+06 -1.485580097588890e-21  1.207279477829540e-16  1.000763101125260e-04  1.826025040898571e-04 -1.457565062784282e-17 -1.793561215921671e-22  9.999779541493725e-01  1.208235010294599e-05 
 1.348962882591628e+06 -1.421009237365624e-21  1.179798460595778e-16  1.001018785975276e-04  1.868429161220320e-04 -1.391963850741998e-17 -1.676552018032428e-22  9.999779556768639e-01  1.181033888862332e-05 
 1.380384264602859e+06 -1.359380194258582e-21  1.152942988306806e-16  1.001284272829618e-04  1.911823077378472e-04 -1.329315179820324e-17 -1.567332249471270e-22  9.999779571456380e-01  1.154456375282255e-05 
 1.412537544622727e+06 -1.300560341624496e-21  1.126698821848789e-16  1.001560111762446e-04  1.956229795236908e-04 -1.269486163788615e-17 -1.465381277452044e-22  9.999779585581339e-01  1.128488536092251e-05 
 1.445439770745900e+06 -1.244422925126327e-21  1.101052046229298e-16  1.001846857337419e-04  2.001672855627135e-04 -1.212349897280118e-17 -1.370213161690759e-22  9.999779599167068e-01  1.103116731623136e-05 
 1.479108388168179e+06 -1.190846765465317e-21  1.075989063199398e-16  1.002145033303937e-04  2.048176347173580e-04 -1.157785186608856e-17 -1.281374311070772e-22  9.999779612236275e-01  1.078327572348122e-05 
 1.513561248436179e+06 -1.139716161682049e-21  1.051496584043700e-16  1.002455261045365e-04  2.095764919118892e-04 -1.105676292701767e-17 -1.198441497103831e-22  9.999779624810836e-01  1.054108052704770e-05 
 1.548816618912452e+06 -1.090920537927911e-21  1.027561622534519e-16  1.002778169810575e-04  2.144463794397922e-04 -1.055912685600782e-17 -1.121019712802493e-22  9.999779636911825e-01  1.030445442030852e-05 
 1.584893192461083e+06 -1.044354181785143e-21  1.004171488046431e-16  1.003114361567514e-04  2.194298783333437e-04 -1.008388810014136e-17 -1.048740263132140e-22  9.999779648559506e-01  1.007327243812746e-05 
 1.621810097358899e+06 -9.999161284794092e-22  9.813137788275472e-17  1.003464503237647e-04  2.245296297367361e-04 -9.630038614195960e-18 -9.812591177226554e-23  9.999779659773351e-01  9.847412848619263e-06 
 1.659586907437529e+06 -9.575099429130858e-22  9.589763754239657e-17  1.003829328044729e-04  2.297483363200570e-04 -9.196615722447097e-18 -9.182552585303072e-23  9.999779670572064e-01  9.626757047970284e-06 
 1.698243652461712e+06 -9.170434173771769e-22  9.371474342539001e-17  1.004209527791475e-04  2.350887637359023e-04 -8.782700076705157e-18 -8.594290500888679e-23  9.999779680973577e-01  9.411188436730799e-06 
 1.737800828749342e+06 -8.784284739356581e-22  9.158153813280835e-17  1.004605845281531e-04  2.405537420973047e-04 -8.387413706256051e-18 -8.045009040543827e-23  9.999779690995075e-01  9.200593272281692e-06 
 1.778279410038889e+06 -8.415809936187953e-22  8.949689061131104e-17  1.005019094053250e-04  2.461461674858612e-04 -8.009918155568869e-18 -7.532099533429956e-23  9.999779700653018e-01  8.994860752327737e-06 
 1.819700858609949e+06 -8.064205537504223e-22  8.745969555344736e-17  1.005450050861087e-04  2.518690035273607e-04 -7.649412705820497e-18 -7.053127261715165e-23  9.999779709963132e-01  8.793881965235708e-06 
 1.862087136662832e+06 -7.728703940391931e-22  8.546887281161081e-17  1.005899621067830e-04  2.577252829691901e-04 -7.305132676464764e-18 -6.605821025173177e-23  9.999779718940448e-01  8.597551306547574e-06 
 1.905460717963211e+06 -7.408571173139213e-22  8.352336682533392e-17  1.006368658521887e-04  2.637181093003704e-04 -6.976347803243549e-18 -6.188061041287723e-23  9.999779727599303e-01  8.405764814072139e-06 
 1.949844599758008e+06 -7.103106259975914e-22  8.162214606161946e-17  1.006858076541368e-04  2.698506584408733e-04 -6.662360689199363e-18 -5.797869598030818e-23  9.999779735953354e-01  8.218421093324286e-06 
 1.995262314968841e+06 -6.811639977220441e-22  7.976420246801178e-17  1.007368886226811e-04  2.761261804202775e-04 -6.362505325403835e-18 -5.433401737725541e-23  9.999779744015604e-01  8.035421536164171e-06 
 2.041737944669490e+06 -6.533532624968743e-22  7.794855093811753e-17  1.007902071160914e-04  2.825480011470205e-04 -6.076145678264323e-18 -5.092935730712829e-23  9.999779751798410e-01  7.856669226166817e-06 
 2.089296130853999e+06 -6.268173229400580e-22  7.617422878929326e-17  1.008458662281209e-04  2.891195241723210e-04 -5.802674340412197e-18 -4.774865271050007e-23  9.999779759313498e-01  7.682069508274535e-06 
 2.137962089502191e+06 -6.014978591759763e-22  7.444029525222197e-17  1.009039794660783e-04  2.958442325518007e-04 -5.541511242311079e-18 -4.477692004788530e-23  9.999779766571975e-01  7.511530344024376e-06 
 2.187761623949510e+06 -5.773391517434294e-22  7.274583097210894e-17  1.009646618877870e-04  3.027256906893427e-04 -5.292102421852261e-18 -4.200017901153624e-23  9.999779773584350e-01  7.344961553916556e-06 
 2.238721138568296e+06 -5.542879814537281e-22  7.108993752123162e-17  1.010280321626291e-04  3.097675462608862e-04 -5.053918849327402e-18 -3.940538668483136e-23  9.999779780360548e-01  7.182274930325757e-06 
 2.290867652767729e+06 -5.322935290414865e-22  6.947173692258533e-17  1.010942146437089e-04  3.169735321844058e-04 -4.826455305286132e-18 -3.698037563210179e-23  9.999779786909927e-01  7.023384331740215e-06 
 2.344228815319877e+06 -5.113072862973960e-22  6.789037118437220e-17  1.011633432705636e-04  3.243474686183134e-04 -4.609229308898340e-18 -3.471379650370408e-23  9.999779793241289e-01  6.868205883313250e-06 
 2.398832919019444e+06 -4.912829195190526e-22  6.634500184508646e-17  1.012355545705973e-04  3.318932650167028e-04 -4.401780094548069e-18 -3.259506090571589e-23  9.999779799362900e-01  6.716657420703536e-06 
 2.454708915684983e+06 -4.721761909296720e-22  6.483480952895536e-17  1.013109915867204e-04  3.396149222361089e-04 -4.203667634488273e-18 -3.061429170545446e-23  9.999779805282507e-01  6.568658710423335e-06 
 2.511886431509531e+06 -4.539448595526235e-22  6.335899351149845e-17  1.013898023616110e-04  3.475165346902287e-04 -4.014471705483250e-18 -2.876227499088750e-23  9.999779811007343e-01  6.424131291343169e-06 
 2.570395782768813e+06 -4.365486285753291e-22  6.191677129497725e-17  1.014721493494098e-04  3.556022925401692e-04 -3.833790997459135e-18 -2.703041788487113e-23  9.999779816544161e-01  6.282999008705642e-06 
 2.630267991895330e+06 -4.199489807909306e-22  6.050737819350785e-17  1.015581897395077e-04  3.638764839521968e-04 -3.661242262271636e-18 -2.541070200649719e-23  9.999779821899234e-01  6.145186710370183e-06 
 2.691534803926863e+06 -4.041091905906601e-22  5.913006692761797e-17  1.016480994494917e-04  3.723434974212125e-04 -3.496459500785531e-18 -2.389565059219500e-23  9.999779827078379e-01  6.010621694239393e-06 
 2.754228703338112e+06 -3.889941764063969e-22  5.778410722803286e-17  1.017420552992429e-04  3.810078240924497e-04 -3.339093186541582e-18 -2.247828799910615e-23  9.999779832086974e-01  5.879232542155243e-06 
 2.818382931264398e+06 -3.745704724778486e-22  5.646878544847994e-17  1.018402481233240e-04  3.898740602217288e-04 -3.188809524364153e-18 -2.115210873930877e-23  9.999779836929967e-01  5.750949849551014e-06 
 2.884031503126549e+06 -3.608061310945307e-22  5.518340418730752e-17  1.019428758930034e-04  3.989469095984077e-04 -3.045289742336982e-18 -1.991104438328919e-23  9.999779841611908e-01  5.625705750365788e-06 
 2.951209226666328e+06 -3.476706449381312e-22  5.392728191771549e-17  1.020501404945773e-04  4.082311861246524e-04 -2.908229415645224e-18 -1.874943369310189e-23  9.999779846136937e-01  5.503433696322853e-06 
 3.019951720401957e+06 -3.351349106481228e-22  5.269975262640411e-17  1.021622572594260e-04  4.177318163591792e-04 -2.777337820849646e-18 -1.766199680344892e-23  9.999779850508831e-01  5.384068934088574e-06 
 3.090295432513529e+06 -3.231711679714107e-22  5.150016546044716e-17  1.022794572387290e-04  4.274538421853435e-04 -2.652337319223209e-18 -1.664380961971540e-23  9.999779854731002e-01  5.267548540839579e-06 
 3.162277660168317e+06 -3.117529000330435e-22  5.032788438220335e-17  1.024019731292667e-04  4.374024235360707e-04 -2.532962767842063e-18 -1.569027782995230e-23  9.999779858806508e-01  5.153810625540950e-06 
 3.235936569296218e+06 -3.008548074903105e-22  4.918228783208323e-17  1.025300506862447e-04  4.475828411258931e-04 -2.418960957181816e-18 -1.479711630301129e-23  9.999779862738090e-01  5.042794885725292e-06 
 3.311311214825845e+06 -2.904527647551400e-22  4.806276839899183e-17  1.026639547027496e-04  4.580004993286479e-04 -2.310090074026100e-18 -1.396032877807266e-23  9.999779866528159e-01  4.934442825895600e-06 
 3.388441561391958e+06 -2.805237236373706e-22  4.696873249827312e-17  1.028039513678667e-04  4.686609290658339e-04 -2.206119188548227e-18 -1.317618629760036e-23  9.999779870178831e-01  4.828696831015570e-06 
 3.467368504525247e+06 -2.710457066709830e-22  4.589960005698524e-17  1.029503270286375e-04  4.795697907837848e-04 -2.106827764477968e-18 -1.244121124253834e-23  9.999779873691933e-01  4.725501030003232e-06 
 3.548133892335684e+06 -2.619977405573688e-22  4.485480420633952e-17  1.031033815141709e-04  4.907328774983455e-04 -2.012005191314431e-18 -1.175215951649555e-23  9.999779877069013e-01  4.624800899683008e-06 
 3.630780547700941e+06 -2.533598033129543e-22  4.383379098114065e-17  1.032634251257423e-04  5.021561179070488e-04 -1.921450337592836e-18 -1.110600449360136e-23  9.999779880311358e-01  4.526543076190187e-06 
 3.715352290971651e+06 -2.451127880927396e-22  4.283601902606792e-17  1.034307829320482e-04  5.138455795936636e-04 -1.834971124257569e-18 -1.049992269502753e-23  9.999779883420000e-01  4.430675500544591e-06 
 3.801893963205536e+06 -2.372384709136573e-22  4.186095930864273e-17  1.036058009142986e-04  5.258074722718220e-04 -1.752384117236623e-18 -9.931280488853066e-24  9.999779886395737e-01  4.337147618552346e-06 
 3.890451449942728e+06 -2.297194463477918e-22  4.090809483872915e-17  1.037888339546213e-04  5.380481511814139e-04 -1.673514138353183e-18 -9.397620271324227e-24  9.999779889239119e-01  4.245909806139619e-06 
 3.981071705534893e+06 -2.225391152463446e-22  3.997692039441990e-17  1.039802611420630e-04  5.505741204387959e-04 -1.598193893749087e-18 -8.896649656802390e-24  9.999779891950490e-01  4.156913959057150e-06 
 4.073802778041046e+06 -2.156816255599432e-22  3.906694225416151e-17  1.041804738305266e-04  5.633920366356904e-04 -1.526263619031974e-18 -8.426229425487024e-24  9.999779894529964e-01  4.070112935549944e-06 
 4.168693834703270e+06 -2.091318524281740e-22  3.817767793497710e-17  1.043898855609019e-04  5.765087123705825e-04 -1.457570740393434e-18 -7.984363781965746e-24  9.999779896977453e-01  3.985460903246549e-06 
 4.265795188015841e+06 -2.028753502252318e-22  3.730865593664802e-17  1.046089238331674e-04  5.899311199506485e-04 -1.391969550979359e-18 -7.569190126744827e-24  9.999779899292662e-01  3.902912958959048e-06 
 4.365158322401572e+06 -1.968983418492480e-22  3.645941549171834e-17  1.048380455652535e-04  6.036663952038168e-04 -1.329320901826017e-18 -7.178970859106162e-24  9.999779901475092e-01  3.822425658692633e-06 
 4.466835921509542e+06 -1.911876638270629e-22  3.562950632119022e-17  1.050777216733562e-04  6.177218412908303e-04 -1.269491906706303e-18 -6.812084054787822e-24  9.999779903524050e-01  3.743956372477940e-06 
 4.570881896148658e+06 -1.857307526644477e-22  3.481848839578007e-17  1.053284489808691e-04  6.321049327304706e-04 -1.212355660260089e-18 -6.467016221887455e-24  9.999779905438638e-01  3.667463672083167e-06 
 4.677351412871888e+06 -1.805156133058275e-22  3.402593170260929e-17  1.055907494421078e-04  6.468233194176776e-04 -1.157790968810798e-18 -6.142354855746751e-24  9.999779907217771e-01  3.592907232123236e-06 
 4.786300923226287e+06 -1.755307818318419e-22  3.325141601720565e-17  1.058651621398467e-04  6.618848308477254e-04 -1.105682093297230e-18 -5.836781272517976e-24  9.999779908860148e-01  3.520247499278470e-06 
 4.897788193684363e+06 -1.707653189134685e-22  3.249453068069480e-17  1.061522607994559e-04  6.772974803546106e-04 -1.055918503775363e-18 -5.549064912359486e-24  9.999779910364271e-01  3.449446231341503e-06 
 5.011872336272622e+06 -1.662087663726383e-22  3.175487438206339e-17  1.064526386170904e-04  6.930694694666784e-04 -1.008394644969399e-18 -5.278056777696116e-24  9.999779911728450e-01  3.380465922578828e-06 
 5.128613839913545e+06 -1.618511413307753e-22  3.103205494537832e-17  1.067669258853618e-04  7.092091925073873e-04 -9.630097123747405e-19 -5.022684489790343e-24  9.999779912950756e-01  3.313270318996724e-06 
 5.248074602497620e+06 -1.576828933020782e-22  3.032568912184982e-17  1.070957713007898e-04  7.257252411250192e-04 -9.196674384380015e-19 -4.781946487215366e-24  9.999779914029049e-01  3.247823759717137e-06 
 5.370317963702418e+06 -1.536949025526876e-22  2.963540238662766e-17  1.074398633502430e-04  7.426264090426571e-04 -8.782758883605096e-19 -4.554907853616776e-24  9.999779914960960e-01  3.184091789887261e-06 
 5.495408738576134e+06 -1.498784487426582e-22  2.896082874022276e-17  1.077999208421031e-04  7.599216969609301e-04 -8.387472650921586e-19 -4.340695499661756e-24  9.999779915743873e-01  3.122040794982088e-06 
 5.623413251903377e+06 -1.462251886927611e-22  2.830161051444920e-17  1.081766907826444e-04  7.776203175566820e-04 -8.009977231019879e-19 -4.138493925752467e-24  9.999779916374907e-01  3.061637886839258e-06 
 5.754399373371452e+06 -1.427271498610491e-22  2.765739818278359e-17  1.085709645146939e-04  7.957317004851916e-04 -7.649471905304739e-19 -3.947541687655707e-24  9.999779916850934e-01  3.002851306902657e-06 
 5.888436553555770e+06 -1.393766987003536e-22  2.702785017504101e-17  1.089835630118568e-04  8.142654978584574e-04 -7.305191993462793e-19 -3.767127377231565e-24  9.999779917168513e-01  2.945649938034912e-06 
 6.025595860743455e+06 -1.361665363829849e-22  2.641263269626987e-17  1.094153549942286e-04  8.332315894321596e-04 -6.976407231472211e-19 -3.596586603201193e-24  9.999779917323923e-01  2.890003744017675e-06 
 6.165950018614695e+06 -1.330896649777662e-22  2.581141954976891e-17  1.098672351135806e-04  8.526400883326346e-04 -6.662420222613893e-19 -3.435298371168883e-24  9.999779917313104e-01  2.835883116044843e-06 
 6.309573444801803e+06 -1.301393939185142e-22  2.522389196413319e-17  1.103401567959705e-04  8.725013466417408e-04 -6.362564958198754e-19 -3.282682738272730e-24  9.999779917131661e-01  2.783259681378529e-06 
 6.456542290346422e+06 -1.273093057545230e-22  2.464973842423694e-17  1.108351069743863e-04  8.928259613583123e-04 -6.076205404873206e-19 -3.138197567872304e-24  9.999779916774830e-01  2.732105568249305e-06 
 6.606934480075824e+06 -1.245932518993031e-22  2.408865450606379e-17  1.113531227567781e-04  9.136247803738229e-04 -5.802734155506431e-19 -3.001336243830919e-24  9.999779916237453e-01  2.682393774132971e-06 
 6.760829753919679e+06 -1.219853382749088e-22  2.354034271529682e-17  1.118952936490245e-04  9.349089087251627e-04 -5.541571140797712e-19 -2.871625270542106e-24  9.999779915513952e-01  2.634098141967944e-06 
 6.918309709189222e+06 -1.194799068821954e-22  2.300451232958294e-17  1.124627547957123e-04  9.566897149113629e-04 -5.292162398871060e-19 -2.748621929313611e-24  9.999779914598315e-01  2.587193128358374e-06 
 7.079457843841233e+06 -1.170715283745529e-22  2.248087924438761e-17  1.130566985289944e-04  9.789788375229591e-04 -5.053978900247156e-19 -2.631912336668902e-24  9.999779913484039e-01  2.541654010439956e-06 
 7.244359600749752e+06 -1.147549859619429e-22  2.196916582235885e-17  1.136783696733780e-04  1.001788191970832e-03 -4.826515425700384e-19 -2.521109423998508e-24  9.999779912164124e-01  2.497456704699398e-06 
 7.413102413009022e+06 -1.125252692434665e-22  2.146910074611977e-17  1.143290791734033e-04  1.025129977449524e-03 -4.609289494620532e-19 -2.415851262410223e-24  9.999779910631025e-01  2.454577999308380e-06 
 7.585775750291681e+06 -1.103775556969164e-22  2.098041887441244e-17  1.150101923986964e-04  1.049016684135040e-03 -4.401840341606258e-19 -2.315799223947501e-24  9.999779908876612e-01  2.412995220099755e-06 
 7.762471166286756e+06 -1.083072046190456e-22  2.050286110151628e-17  1.157231412459063e-04  1.073461100482120e-03 -4.203727939119425e-19 -2.220636523901219e-24  9.999779906892150e-01  2.372686424833182e-06 
 7.943282347242650e+06 -1.063097471497127e-22  2.003617421986660e-17  1.164694291257797e-04  1.098476320947839e-03 -4.014532064127264e-19 -2.130066768128877e-24  9.999779904668239e-01  2.333630425575094e-06 
 8.128305161640823e+06 -1.043808726192923e-22  1.958011078580047e-17  1.172506252080566e-04  1.124075753757836e-03 -3.833851406752565e-19 -2.043812518260856e-24  9.999779902194784e-01  2.295806593303442e-06 
 8.317637711026536e+06 -1.025164239185614e-22  1.913442898835876e-17  1.180683806759532e-04  1.150273128978085e-03 -3.661302719041252e-19 -1.961614124297990e-24  9.999779899460949e-01  2.259195105663532e-06 
 8.511380382023586e+06 -1.007123826154982e-22  1.869889252107461e-17  1.189244178920319e-04  1.177082506977456e-03 -3.496520002041722e-19 -1.883228431157007e-24  9.999779896455094e-01  2.223776651061048e-06 
 8.709635899560623e+06 -9.896486473035558e-23  1.827327045668077e-17  1.198205470561699e-04  1.204518286840539e-03 -3.339153729471694e-19 -1.808427768496206e-24  9.999779893164760e-01  2.189532670237859e-06 
 8.912509381337266e+06 -9.727010878057820e-23  1.785733712466873e-17  1.207586612596380e-04  1.232595215363119e-03 -3.188870106325772e-19 -1.736998859146509e-24  9.999779889576591e-01  2.156445175909302e-06 
 9.120108393558905e+06 -9.562446926980934e-23  1.745087199163533e-17  1.217407463293468e-04  1.261328396303441e-03 -3.045350360851206e-19 -1.668741895170646e-24  9.999779885676277e-01  2.124496850026053e-06 
 9.332543007969713e+06 -9.402440785422384e-23  1.705365954435324e-17  1.227688836525744e-04  1.290733299676106e-03 -2.908290068390013e-19 -1.603469629714962e-24  9.999779881448517e-01  2.093671004194145e-06 
 9.549925860214157e+06 -9.246648487900447e-23  1.666548917550298e-17  1.238452532765755e-04  1.320825771649936e-03 -2.777398505653210e-19 -1.541006532850250e-24  9.999779876876953e-01  2.063951545378043e-06 
 9.772372209557900e+06 -9.094735317404767e-23  1.628615507200638e-17  1.249721445791237e-04  1.351622044616363e-03 -2.652398034057507e-19 -1.481188037907215e-24  9.999779871944110e-01  2.035323065070029e-06 
 9.999999999999788e+06 -8.946374894179552e-23  1.591545610590205e-17  1.261519563431040e-04  1.383138747634405e-03 -2.533023510816454e-19 -1.423859787161938e-24  9.999779866631332e-01  2.007770743271841e-06 
 1.023292992280732e+07 -8.801248442896236e-23  1.555319572770484e-17  1.273872026295314e-04  1.415392917309077e-03 -2.419021726536828e-19 -1.368876954727053e-24  9.999779860918715e-01  1.981280350601357e-06 
 1.047128548050877e+07 -8.659044160987551e-23  1.519918186219314e-17  1.286805226563849e-04  1.448402008819016e-03 -2.310150868127400e-19 -1.316103627618052e-24  9.999779854785054e-01  1.955838306436586e-06 
 1.071519305237583e+07 -8.519456496058439e-23  1.485322680656838e-17  1.300346874362671e-04  1.482183907569379e-03 -2.206180005880765e-19 -1.265412211591856e-24  9.999779848207766e-01  1.931431676287225e-06 
 1.096478196143162e+07 -8.382185280078196e-23  1.451514713093302e-17  1.314525995661911e-04  1.516756941157382e-03 -2.106888603640329e-19 -1.216682854186355e-24  9.999779841162822e-01  1.908048064870708e-06 
 1.122018454301939e+07 -8.246935280284011e-23  1.418476358103404e-17  1.329373116680850e-04  1.552139891657589e-03 -2.012066051013400e-19 -1.169802965524965e-24  9.999779833624678e-01  1.885675782978702e-06 
 1.148153621496858e+07 -8.113415341987498e-23  1.386190098322061e-17  1.344920271385920e-04  1.588352008511151e-03 -1.921511216638184e-19 -1.124666710846119e-24  9.999779825566203e-01  1.864303741658741e-06 
 1.174897554939504e+07 -7.981337713476886e-23  1.354638815156524e-17  1.361201087128352e-04  1.625413021614008e-03 -1.835032021557065e-19 -1.081174562194929e-24  9.999779816958621e-01  1.843921460622104e-06 
 1.202264434617387e+07 -7.850417460559864e-23  1.323805779709951e-17  1.378250930665065e-04  1.663343155158259e-03 -1.752445031791282e-19 -1.039232891040855e-24  9.999779807771420e-01  1.824519150033400e-06 
 1.230268770812355e+07 -7.720371617489886e-23  1.293674643911595e-17  1.396106914952435e-04  1.702163141715118e-03 -1.673575069252747e-19 -9.987535525416484e-25  9.999779797972297e-01  1.806087595418178e-06 
 1.258925411794140e+07 -7.590918720201296e-23  1.264229431848926e-17  1.414808131002646e-04  1.741894236815256e-03 -1.598254840167740e-19 -9.596535470732037e-25  9.999779787527096e-01  1.788618336449128e-06 
 1.288249551693106e+07 -7.461777916846229e-23  1.235454531297078e-17  1.434395650624283e-04  1.782558234296516e-03 -1.526324580224288e-19 -9.218546501019350e-25  9.999779776399716e-01  1.772103532629482e-06 
 1.318256738556379e+07 -7.332668252158398e-23  1.207334685441140e-17  1.454912628044519e-04  1.824177481722700e-03 -1.457631715690548e-19 -8.852830895915093e-25  9.999779764552078e-01  1.756535959555819e-06 
 1.348962882591625e+07 -7.203308171411725e-23  1.179854984786891e-17  1.476404573808294e-04  1.866774896626566e-03 -1.392030539785384e-19 -8.498692713411623e-25  9.999779751944051e-01  1.741909202673061e-06 
 1.380384264602855e+07 -7.073414571463405e-23  1.153000859255698e-17  1.498919346916226e-04  1.910373983363911e-03 -1.329381903614663e-19 -8.155474692480155e-25  9.999779738533391e-01  1.728217493311025e-06 
 1.412537544622724e+07 -6.942702162273002e-23  1.126758070459385e-17  1.522507375235681e-04  1.954998849981848e-03 -1.269552921017717e-19 -7.822555738408106e-25  9.999779724275720e-01  1.715455816272450e-06 
 1.445439770745896e+07 -6.810882673743583e-23  1.101112704150972e-17  1.547221795765428e-04  2.000674226366073e-03 -1.212416686697898e-19 -7.499348407895699e-25  9.999779709124457e-01  1.703619907514475e-06 
 1.479108388168175e+07 -6.677664048498053e-23  1.076051162847285e-17  1.573118606549658e-04  2.047425482302856e-03 -1.157852007039360e-19 -7.185296561949214e-25  9.999779693030796e-01  1.692706256721907e-06 
 1.513561248436175e+07 -6.542749651398805e-23  1.051560158619522e-17  1.600256867529903e-04  2.095278646379484e-03 -1.105743143039064e-19 -6.879873209682044e-25  9.999779675943692e-01  1.682712152859906e-06 
 1.548816618912448e+07 -6.405837500376114e-23  1.027626706047960e-17  1.628698969494552e-04  2.144260425268385e-03 -1.055979564808765e-19 -6.582578533694838e-25  9.999779657809846e-01  1.673635785143827e-06 
 1.584893192461079e+07 -6.266619154513919e-23  1.004238115337048e-17  1.658510626565976e-04  2.194398223622329e-03 -1.008455717126220e-19 -6.292937717566333e-25  9.999779638573714e-01  1.665476043710710e-06 
 1.621810097358895e+07 -6.124779110644787e-23  9.813819855872589e-18  1.689761393645199e-04  2.245720164495424e-03 -9.630707955383223e-20 -6.010499456086361e-25  9.999779618177514e-01  1.658232852800955e-06 
 1.659586907437524e+07 -5.979993599239612e-23  9.590461982201139e-18  1.722524673197597e-04  2.298255110090963e-03 -9.197285325412636e-20 -5.734833992191564e-25  9.999779596561278e-01  1.651906960150983e-06 
 1.698243652461707e+07 -5.831929732281317e-23  9.372189105528967e-18  1.756878122066404e-04  2.352032682935601e-03 -8.783369933841566e-20 -5.465531658615133e-25  9.999779573662908e-01  1.646500118705313e-06 
 1.737800828749337e+07 -5.680244346897656e-23  9.158885495196550e-18  1.792903822991880e-04  2.407083287693013e-03 -8.388083810630121e-20 -5.202201258179722e-25  9.999779549418246e-01  1.642015018043667e-06 
 1.778279410038884e+07 -5.524583004609677e-23  8.950438055351481e-18  1.830688695119982e-04  2.463438133020190e-03 -8.010588500914212e-20 -4.944468730512261e-25  9.999779523761194e-01  1.638455427454034e-06 
 1.819700858609944e+07 -5.364578731266046e-23  8.746736264984925e-18  1.870324708391256e-04  2.521129253949539e-03 -7.650083286529291e-20 -4.691975709341868e-25  9.999779496623832e-01  1.635826136581400e-06 
 1.862087136662827e+07 -5.199850883556186e-23  8.547672119333232e-18  1.911909339848991e-04  2.580189534313604e-03 -7.305803487578643e-20 -4.444378327761248e-25  9.999779467936588e-01  1.634133098227980e-06 
 1.905460717963205e+07 -5.030003794614627e-23  8.353140072613555e-18  1.955545873264022e-04  2.640652729411386e-03 -6.977018840443567e-20 -4.201345953432388e-25  9.999779437628437e-01  1.633383408216428e-06 
 1.949844599758003e+07 -4.854625360302017e-23  8.163036982063137e-18  2.001343725594125e-04  2.702553488731496e-03 -6.663031948794994e-20 -3.962560006306310e-25  9.999779405627117e-01  1.633585295945057e-06 
 1.995262314968836e+07 -4.673285794499342e-23  7.977262053252548e-18  2.049419165737562e-04  2.765927378575839e-03 -6.363176804320969e-20 -3.727713038510040e-25  9.999779371859414e-01  1.634748415019786e-06 
 2.041737944669485e+07 -4.485535813725754e-23  7.795716786643789e-18  2.099895354159113e-04  2.830810904299597e-03 -6.076817374032169e-20 -3.496507468228230e-25  9.999779336251475e-01  1.636883550421700e-06 
 2.089296130853994e+07 -4.290905270381691e-23  7.618304925364939e-18  2.152903214867288e-04  2.897241532735961e-03 -5.803346251148996e-20 -3.268654806923760e-25  9.999779298729148e-01  1.640002982748580e-06 
 2.137962089502185e+07 -4.088901275821577e-23  7.444932404173579e-18  2.208581704626652e-04  2.965257713668734e-03 -5.542183366708583e-20 -3.043874599354052e-25  9.999779259218398e-01  1.644120338894797e-06 
 2.187761623949505e+07 -3.879006452351679e-23  7.275507299581870e-18  2.267078481667262e-04  3.034898900637018e-03 -5.292774759158807e-20 -2.821893593976744e-25  9.999779217645774e-01  1.649250735476570e-06 
 2.238721138568290e+07 -3.660677008576748e-23  7.109939781116792e-18  2.328550502853536e-04  3.106205571214105e-03 -5.054591399329515e-20 -2.602444900084503e-25  9.999779173938906e-01  1.655410834264359e-06 
 2.290867652767723e+07 -3.433340691859479e-23  6.948142063689601e-18  2.393164642161215e-04  3.179219245936338e-03 -4.827128068288482e-20 -2.385267179305658e-25  9.999779128027080e-01  1.662618885785643e-06 
 2.344228815319870e+07 -3.196394618852578e-23  6.790028361049217e-18  2.461098332357218e-04  3.253982505952990e-03 -4.609902285701946e-20 -2.170103875262310e-25  9.999779079841876e-01  1.670894762789718e-06 
 2.398832919019438e+07 -2.949203030944637e-23  6.635514840294752e-18  2.532540359101620e-04  3.330539009084532e-03 -4.402453286426577e-20 -1.956702514939247e-25  9.999779029317859e-01  1.680260069532089e-06 
 2.454708915684976e+07 -2.691094850789665e-23  6.484519577422946e-18  2.607691554673947e-04  3.408933503948219e-03 -4.204341043162109e-20 -1.744813998497276e-25  9.999778976393348e-01  1.690738149576226e-06 
 2.511886431509525e+07 -2.421361194092580e-23  6.336962513886888e-18  2.686765738738495e-04  3.489211841667839e-03 -4.015145333091536e-20 -1.534191985021944e-25  9.999778921011264e-01  1.702354226234682e-06 
 2.570395782768807e+07 -2.139252590341899e-23  6.192765414142851e-18  2.769990362215736e-04  3.571420985622353e-03 -3.834464846529097e-20 -1.324592214776748e-25  9.999778863120017e-01  1.715135316587924e-06 
 2.630267991895324e+07 -1.843976236047548e-23  6.051851824162594e-18  2.857607619856039e-04  3.655609017243933e-03 -3.661916335685358e-20 -1.115771981468245e-25  9.999778802674518e-01  1.729110415815204e-06 
 2.691534803926856e+07 -1.534692982217711e-23  5.914147030889069e-18  2.949875341864001e-04  3.741825138973809e-03 -3.497133801743814e-20 -9.074895628027282e-26  9.999778739637256e-01  1.744310500750668e-06 
 2.754228703338105e+07 -1.210514182658640e-23  5.779578022613786e-18  3.047067975173008e-04  3.830119673580157e-03 -3.339767718524669e-20 -6.995036963323575e-26  9.999778673979418e-01  1.760768557810881e-06 
 2.818382931264391e+07 -8.704984265816616e-24  5.648073450254796e-18  3.149477728325251e-04  3.920544058104269e-03 -3.189484291089116e-20 -4.915731145236348e-26  9.999778605682168e-01  1.778519671902507e-06 
 2.884031503126542e+07 -5.136480666321922e-24  5.519563589514520e-18  3.257415662675066e-04  4.013150833941381e-03 -3.045964747711484e-20 -2.834560882066818e-26  9.999778534737952e-01  1.797601045126141e-06 
 2.951209226666320e+07 -1.389055877791638e-24  5.393980303897222e-18  3.371212839754350e-04  4.107993630697138e-03 -2.908904663717463e-20 -7.491000881395215e-27  9.999778461151921e-01  1.818052013438067e-06 
 3.019951720401949e+07  2.548501504975703e-24  5.271257008566279e-18  3.491221652540958e-04  4.205127144274456e-03 -2.778013315754130e-20  1.343089723103362e-26  9.999778384943435e-01  1.839914127360267e-06 
 3.090295432513522e+07  6.688079020210653e-24  5.151328635021997e-18  3.617816995070373e-04  4.304607107513903e-03 -2.653013065122179e-20  3.444463026597921e-26  9.999778306147684e-01  1.863231106998045e-06 
 3.162277660168309e+07  1.104228111047778e-23  5.034131596580891e-18  3.751397742938019e-04  4.406490254154960e-03 -2.533638768862253e-20  5.557493081266194e-26  9.999778224817362e-01  1.888048926926257e-06 
 3.235936569296210e+07  1.562447205772182e-23  4.919603754638028e-18  3.892388107289861e-04  4.510834273872888e-03 -2.419637217346265e-20  7.684674615635203e-26  9.999778141024467e-01  1.914415794132895e-06 
 3.311311214825837e+07  2.044882037515209e-23  4.807684385694234e-18  4.041239060972131e-04  4.617697758249051e-03 -2.310766597180763e-20  9.828526018732726e-26  9.999778054862183e-01  1.942382129139720e-06 
 3.388441561391950e+07  2.553034442317544e-23  4.698314149130479e-18  4.198429943953001e-04  4.727140137077868e-03 -2.206795978283106e-20  1.199159094282212e-25  9.999777966446854e-01  1.972000598796388e-06 
 3.467368504525239e+07  3.088495997424360e-23  4.591435055712067e-18  4.364469899688977e-04  4.839221603361921e-03 -2.107504824042472e-20  1.417643968525707e-25  9.999777875920057e-01  2.003326031267621e-06 
 3.548133892335676e+07  3.652952844902979e-23  4.486990436805689e-18  4.539899630023885e-04  4.954003027165754e-03 -2.012682523526728e-20  1.638566975738322e-25  9.999777783450741e-01  2.036415448752210e-06 
 3.630780547700933e+07  4.248190699524898e-23  4.384924914292745e-18  4.725292900406690e-04  5.071545855940940e-03 -1.922127944742918e-20  1.862190623045324e-25  9.999777689237483e-01  2.071327949393626e-06 
 3.715352290971643e+07  4.876099894954266e-23  4.285184371162670e-18  4.921258390280509e-04  5.191912001663468e-03 -1.835649008003800e-20  2.088780122352511e-25  9.999777593510804e-01  2.108124715249472e-06 
 3.801893963205528e+07  5.538680581138241e-23  4.187715922770429e-18  5.128441227489117e-04  5.315163713135007e-03 -1.753062278495539e-20  2.318603309893493e-25  9.999777496535549e-01  2.146868849080093e-06 
 3.890451449942719e+07  6.238047918953551e-23  4.092467888742600e-18  5.347524872127799e-04  5.441363432282742e-03 -1.674192577182341e-20  2.551930474701557e-25  9.999777398613361e-01  2.187625337718906e-06 
 3.981071705534884e+07  6.976437350889048e-23  3.999389765516921e-18  5.579232795375089e-04  5.570573633832510e-03 -1.598872609222780e-20  2.789034138775299e-25  9.999777300085189e-01  2.230460900289297e-06 
 4.073802778041036e+07  7.756209857013700e-23  3.908432199500393e-18  5.824330252417100e-04  5.702856646479404e-03 -1.526942609109661e-20  3.030188758905546e-25  9.999777201333868e-01  2.275443855231498e-06 
 4.168693834703261e+07  8.579857185238291e-23  3.819546960831457e-18  6.083626028730804e-04  5.838274456436920e-03 -1.458250001780772e-20  3.275670356708726e-25  9.999777102786697e-01  2.322643957046432e-06 
 4.265795188015831e+07  9.450007008012411e-23  3.732686917732070e-18  6.357974164860055e-04  5.976888489158227e-03 -1.392649078981766e-20  3.525756069591792e-25  9.999777004918091e-01  2.372132209326051e-06 
 4.365158322401562e+07  1.036942796378034e-22  3.647806011435785e-18  6.648275663179894e-04  6.118759371986471e-03 -1.330000690194733e-20  3.780723620038149e-25  9.999776908252184e-01  2.423980659309728e-06 
 4.466835921509531e+07  1.134103454440557e-22  3.564859231678359e-18  6.955480069353098e-04  6.263946673527698e-03 -1.270171947476975e-20  4.040850703350009e-25  9.999776813365462e-01  2.478262139166740e-06 
 4.570881896148648e+07  1.236789174320126e-22  3.483802592737649e-18  7.280587128669155e-04  6.412508620826429e-03 -1.213035943583974e-20  4.306414279079209e-25  9.999776720889357e-01  2.535050032938419e-06 
 4.677351412871877e+07  1.345321945627183e-22  3.404593110009912e-18  7.624648115449042e-04  6.564501793377531e-03 -1.158471482778729e-20  4.577689782027874e-25  9.999776631512767e-01  2.594417929708075e-06 
 4.786300923226276e+07  1.460039649886505e-22  3.327188777109987e-18  7.988767395932768e-04  6.719980792695424e-03 -1.106362823756576e-20  4.854950223918713e-25  9.999776545984509e-01  2.656439368665997e-06 
 4.897788193684352e+07  1.581296425428904e-22  3.251548543483088e-18  8.374103455474633e-04  6.878997887497462e-03 -1.056599434140286e-20  5.138465214259001e-25  9.999776465115677e-01  2.721187413984777e-06 
 5.011872336272611e+07  1.709462979453382e-22  3.177632292516336e-18  8.781870128831567e-04  7.041602633421462e-03 -1.009075756024800e-20  5.428499869071810e-25  9.999776389781861e-01  2.788734322858019e-06 
 5.128613839913534e+07  1.844926846075361e-22  3.105400820138428e-18  9.213337351813408e-04  7.207841468812148e-03 -9.636909820743871e-21  5.725313629789380e-25  9.999776320925188e-01  2.859151083870684e-06 
 5.248074602497608e+07  1.988092576915967e-22  3.034815813896204e-18  9.669831896982927e-04  7.377757284530162e-03 -9.203488416974244e-21  6.029158975558303e-25  9.999776259556180e-01  2.932506989401574e-06 
 5.370317963702407e+07  2.139381858088933e-22  2.965839832497211e-18  1.015273777239973e-03  7.551388969886830e-03 -8.789573968453525e-21  6.340280038860763e-25  9.999776206755374e-01  3.008869145765085e-06 
 5.495408738576122e+07  2.299233542937556e-22  2.898436285807662e-18  1.066349637943595e-03  7.728770934818385e-03 -8.394288470027935e-21  6.658911121796163e-25  9.999776163674657e-01  3.088301962902758e-06 
 5.623413251903364e+07  2.468103591804822e-22  2.832569415295585e-18  1.120360628821830e-03  7.909932608015424e-03 -8.016793429553186e-21  6.985275118552665e-25  9.999776131538322e-01  3.170866591783651e-06 
 5.754399373371439e+07  2.646464907237958e-22  2.768204274909216e-18  1.177462279762417e-03  8.094897914759258e-03 -7.656288089399512e-21  7.319581842985292e-25  9.999776111643741e-01  3.256620369375681e-06 
 5.888436553555757e+07  2.834807056697985e-22  2.705306712381140e-18  1.237815697310779e-03  8.283684734067265e-03 -7.312007728013062e-21  7.662026272709487e-25  9.999776105361677e-01  3.345616193228570e-06 
 6.025595860743441e+07  3.033635870327260e-22  2.643843350948933e-18  1.301587441972884e-03  8.476304338103091e-03 -6.983222037932149e-21  8.012786709593516e-25  9.999776114136139e-01  3.437901911177315e-06 
 6.165950018614683e+07  3.243472905591628e-22  2.583781571483462e-18  1.368949348356884e-03  8.672760815670699e-03 -6.669233576819171e-21  8.372022869973233e-25  9.999776139483794e-01  3.533519651889385e-06 
 6.309573444801790e+07  3.464854767922359e-22  2.525089495016330e-18  1.440078303062430e-03  8.873050483941824e-03 -6.369376288223736e-21  8.739873911202069e-25  9.999776182992848e-01  3.632505150734072e-06 
 6.456542290346409e+07  3.698332277310637e-22  2.467735965658308e-18  1.515155978937583e-03  9.077161290349522e-03 -6.083014088940465e-21  9.116456404387833e-25  9.999776246321385e-01  3.734887076689742e-06 
 6.606934480075811e+07  3.944469473864079e-22  2.411690533900938e-18  1.594368493568939e-03  9.285072209252121e-03 -5.809539519966031e-21  9.501862271129294e-25  9.999776331195122e-01  3.840686291451822e-06 
 6.760829753919666e+07  4.203842450303709e-22  2.356923440293808e-18  1.677906045610820e-03  9.496752637744521e-03 -5.548372458194759e-21  9.896156689309985e-25  9.999776439404536e-01  3.949915186784785e-06 
 6.918309709189209e+07  4.477038008388353e-22  2.303405599490409e-18  1.765962455468507e-03  9.712161794197982e-03 -5.298958886120937e-21  1.029937599496116e-24  9.999776572801359e-01  4.062576928714183e-06 
 7.079457843841220e+07  4.764652129149223e-22  2.251108584655712e-18  1.858734662767843e-03  9.931248126349601e-03 -5.060769716938687e-21  1.071152558846186e-24  9.999776733294379e-01  4.178664750904677e-06 
 7.244359600749739e+07  5.067288252566702e-22  2.200004612229003e-18  1.956422166055984e-03  1.015394873388686e-02 -4.833299672547691e-21  1.113257786628949e-24  9.999776922844535e-01  4.298161268390623e-06 
 7.413102413009009e+07  5.385555363604213e-22  2.150066527035797e-18  2.059226392555436e-03  1.038018880996106e-02 -4.616066212085062e-21  1.156247020017580e-24  9.999777143459339e-01  4.421037793102064e-06 
 7.585775750291668e+07  5.720065882439331e-22  2.101267787742910e-18  2.167349984457975e-03  1.060988111066763e-02 -4.408608508710493e-21  1.200110298497185e-24  9.999777397186528e-01  4.547253633530710e-06 
 7.762471166286743e+07  6.071433356036535e-22  2.053582452651113e-18  2.280996056134671e-03  1.084292545800736e-02 -4.210486472474060e-21  1.244833777242188e-24  9.999777686107008e-01  4.676755503886931e-06 
 7.943282347242635e+07  6.440269955734206e-22  2.006985165819971e-18  2.400367351790264e-03  1.107920828172837e-02 -4.021279817193418e-21  1.290399552090870e-24  9.999778012327084e-01  4.809476895989198e-06 
 8.128305161640808e+07  6.827183781782665e-22  1.961451143519781e-18  2.525665359319467e-03  1.131860221016723e-02 -3.840587169360250e-21  1.336785497910846e-24  9.999778377969969e-01  4.945337540089571e-06 
 8.317637711026521e+07  7.232775981755017e-22  1.916956161005658e-18  2.657089364079941e-03  1.156096571469334e-02 -3.668025217184659e-21  1.383965122989927e-24  9.999778785166613e-01  5.084242921155465e-06 
 8.511380382023571e+07  7.657637691662833e-22  1.873476539609051e-18  2.794835418023693e-03  1.180614281827275e-02 -3.503227897970989e-21  1.431907441957369e-24  9.999779236045854e-01  5.226083807113563e-06 
 8.709635899560608e+07  8.102346808417704e-22  1.830989134142136e-18  2.939095289574669e-03  1.205396287036820e-02 -3.345845622099677e-21  1.480576869200209e-24  9.999779732723987e-01  5.370735917646255e-06 
 8.912509381337252e+07  8.567464608840381e-22  1.789471320610583e-18  3.090055338629782e-03  1.230424040147682e-02 -3.195544531966862e-21  1.529933135461371e-24  9.999780277293735e-01  5.518059623031106e-06 
 9.120108393558890e+07  9.053532230824828e-22  1.748900984230370e-18  3.247895340144598e-03  1.255677506094344e-02 -3.052005794307526e-21  1.579931229759524e-24  9.999780871812701e-01  5.667899719198745e-06 
 9.332543007969697e+07  9.561067033427732e-22  1.709256507744328e-18  3.412787298830597e-03  1.281135164424541e-02 -2.914924924398309e-21  1.630521368402494e-24  9.999781518291410e-01  5.820085349366017e-06 
 9.549925860214141e+07  1.009055885993380e-21  1.670516760034118e-18  3.584894189226049e-03  1.306774021827550e-02 -2.784011140703512e-21  1.681648993536976e-24  9.999782218680938e-01  5.974429948757157e-06 
 9.772372209557883e+07  1.064246622447537e-21  1.632661085023343e-18  3.764368712680964e-03  1.332569634939773e-02 -2.658986748592111e-21  1.733254802408336e-24  9.999782974860283e-01  6.130731365897853e-06 
 9.999999999999771e+07  1.121721245128429e-21  1.595669290867464e-18  3.951352005363513e-03  1.358496143859611e-02 -2.539586551815022e-21  1.785274809333892e-24  9.999783788623534e-01  6.288772035496909e-06 
