 frequency              yer                    yei                    yfr                    yfi                    er                     ei                     fr                     fi                    
 1.000000000000000e+00 -2.971502338162184e-06  6.925090005521772e-06  1.177045262347767e+02 -2.733964475869793e+02  9.988978376942650e-01 -4.729292855276364e-04  4.351239605723204e+04  1.873325717455439e+04 
 1.023292992280754e+00 -2.726393791406168e-06  6.506669585210068e-06  1.131192703690057e+02 -2.689839439453639e+02  9.989880037923021e-01 -4.240418452883277e-04  4.183564689116176e+04  1.759368154964978e+04 
 1.047128548050899e+00 -2.500794163097525e-06  6.111876744272285e-06  1.086848717502027e+02 -2.645710666657489e+02  9.990710449092139e-01 -3.801001829748449e-04  4.021263018502148e+04  1.651920827729418e+04 
 1.071519305237606e+00 -2.293226836028160e-06  5.739539461234629e-06  1.043986019078576e+02 -2.601626582612556e+02  9.991474945230931e-01 -3.406176489782759e-04  3.864248909731462e+04  1.550653680647784e+04 
 1.096478196143185e+00 -2.102317999580666e-06  5.388528150187914e-06  1.002575892494327e+02 -2.557632969722857e+02  9.992178495713742e-01 -3.051536298316277e-04  3.712430681959865e+04  1.455249266939402e+04 
 1.122018454301963e+00 -1.926790632359209e-06  5.057755671476934e-06  9.625883928435445e+01 -2.513772994780899e+02  9.992825725700141e-01 -2.733094560676429e-04  3.565711387333617e+04  1.365402683855530e+04 
 1.148153621496882e+00 -1.765458538007923e-06  4.746177159335729e-06  9.239925366118095e+01 -2.470087246698322e+02  9.993420936523169e-01 -2.447246151446422e-04  3.423989506454345e+04  1.280821458282426e+04 
 1.174897554939529e+00 -1.617220694192561e-06  4.452789684413622e-06  8.867564800877238e+01 -2.426613783554453e+02  9.993968125256167e-01 -2.190732855550968e-04  3.287159608120008e+04  1.201225387961549e+04 
 1.202264434617413e+00 -1.481055917199982e-06  4.176631768485449e-06  8.508476859250426e+01 -2.383388187697014e+02  9.994471003447418e-01 -1.960611687668267e-04  3.155112972293191e+04  1.126346343900322e+04 
 1.230268770812381e+00 -1.356017672233000e-06  3.916782768208400e-06  8.162330780962287e+01 -2.340443627693166e+02  9.994933015017801e-01 -1.754225747869203e-04  3.027738175694139e+04  1.055928039271827e+04 
 1.258925411794167e+00 -1.241229283528202e-06  3.672362144139033e-06  7.828791854055116e+01 -2.297810926063155e+02  9.995357353322225e-01 -1.569177761710190e-04  2.904921639895452e+04  9.897257695630296e+03 
 1.288249551693134e+00 -1.135879186546201e-06  3.442528630296857e-06  7.507522739830404e+01 -2.255518631740662e+02  9.995746977380842e-01 -1.403305648788549e-04  2.786548142055201e+04  9.275061286444279e+03 
 1.318256738556407e+00 -1.039216700747793e-06  3.226479318921630e-06  7.198184689712681e+01 -2.213593096376620e+02  9.996104627290187e-01 -1.254660568234866e-04  2.672501288847830e+04  8.690467047494283e+03 
 1.348962882591653e+00 -9.505477072180958e-07  3.023448673894480e-06  6.900438659784923e+01 -2.172058553570883e+02  9.996432838828668e-01 -1.121486500486783e-04  2.562663954264514e+04  8.141357604274674e+03 
 1.380384264602885e+00 -8.692308781036411e-07  2.832707485592167e-06  6.613946325391419e+01 -2.130937200318165e+02  9.996733957273881e-01 -1.002202027984593e-04  2.456918682325087e+04  7.625718997407947e+03 
 1.412537544622754e+00 -7.946739966572240e-07  2.653561778741612e-06  6.338371001609425e+01 -2.090249279921982e+02  9.997010150452326e-01 -8.953835966771949e-05  2.355148055782866e+04  7.141637260522396e+03 
 1.445439770745927e+00 -7.263303319787030e-07  2.485351684096762e-06  6.073378474195097e+01 -2.050013165749760e+02  9.997263421044229e-01 -7.997501175184381e-05  2.257235032104908e+04  6.687294932650424e+03 
 1.479108388168207e+00 -6.636956002686087e-07  2.327450283712978e-06  5.818637744470828e+01 -2.010245445305694e+02  9.997495618168238e-01 -7.141493911876812e-05  2.163063248154505e+04  6.260967529502612e+03 
 1.513561248436208e+00 -6.063047375092095e-07  2.179262438596619e-06  5.573821694781278e+01 -1.970961004066980e+02  9.997708448272209e-01 -6.375453658999504e-05  2.072517294973849e+04  5.861019998720421e+03 
 1.548816618912481e+00 -5.537291569139158e-07  2.040223606810179e-06  5.338607677693346e+01 -1.932173108694555e+02  9.997903485357327e-01 -5.690068881029831e-05  1.985482964238190e+04  5.485903177677952e+03 
 1.584893192461113e+00 -5.055739713702020e-07  1.909798659082904e-06  5.112678034836954e+01 -1.893893489202408e+02  9.998082180563655e-01 -5.076972822201223e-05  1.901847467891854e+04  5.134150273041974e+03 
 1.621810097358929e+00 -4.614756269277540e-07  1.787480698300231e-06  4.895720549090397e+01 -1.856132419783559e+02  9.998245871145586e-01 -4.528651490182994e-05  1.821499632557136e+04  4.804373376717617e+03 
 1.659586907437560e+00 -4.210993281007532e-07  1.672789888390244e-06  4.687428835867890e+01 -1.818898797978296e+02  9.998395788865903e-01 -4.038356732000930e-05  1.744330070240954e+04  4.495260032942455e+03 
 1.698243652461743e+00 -3.841372410805602e-07  1.565272297476480e-06  4.487502676073696e+01 -1.782200221997581e+02  9.998533067837073e-01 -3.600033520221356e-05  1.670231326931327e+04  4.205569866255255e+03 
 1.737800828749374e+00 -3.503060461604067e-07  1.464498759509020e-06  4.295648297599089e+01 -1.746043065936091e+02  9.998658751838118e-01 -3.208246763326125e-05  1.599098010530035e+04  3.934131282692462e+03 
 1.778279410038922e+00 -3.193453373112619e-07  1.370063757935233e-06  4.111578606768180e+01 -1.710432552785939e+02  9.998773801134988e-01 -2.858121659594741e-05  1.530826899667095e+04  3.679838249736702e+03 
 1.819700858609982e+00 -2.910157531945454e-07  1.281584334409530e-06  3.935013375648316e+01 -1.675372825072656e+02  9.998879098831848e-01 -2.545286244130415e-05  1.465317034778057e+04  3.441647163619793e+03 
 1.862087136662866e+00 -2.650974005094112e-07  1.198699025130312e-06  3.765679387994848e+01 -1.640867013041875e+02  9.998975456779799e-01 -2.265821016705921e-05  1.402469792847991e+04  3.218573808381087e+03 
 1.905460717963246e+00 -2.413882216565551e-07  1.121066826734879e-06  3.603310547937730e+01 -1.606917300313223e+02  9.999063621069019e-01 -2.016212054052110e-05  1.342188947133500e+04  3.009690411316669e+03 
 1.949844599758044e+00 -2.197027830613613e-07  1.048366193448849e-06  3.447647954098556e+01 -1.573524986970883e+02  9.999144277129169e-01 -1.793311320276550e-05  1.284380713140435e+04  2.814122797291304e+03 
 1.995262314968878e+00 -1.998708526263404e-07  9.802940667182763e-07  3.298439943223898e+01 -1.540690550044486e+02  9.999218054462156e-01 -1.594298350488817e-05  1.228953782041314e+04  2.631047644800640e+03 
 2.041737944669527e+00 -1.817361012478358e-07  9.165649382351926e-07  3.155442105808536e+01 -1.508413701385769e+02  9.999285531030240e-01 -1.416645996483347e-05  1.175819342682319e+04  2.459689844580001e+03 
 2.089296130854037e+00 -1.651552353074769e-07  8.569099468475061e-07  3.018417276186449e+01 -1.476693442956623e+02  9.999347237321644e-01 -1.258092220079185e-05  1.124891093259559e+04  2.299319961037201e+03 
 2.137962089502230e+00 -1.499967733198790e-07  8.010760098667302e-07  2.887135500681276e+01 -1.445528119530826e+02  9.999403660114514e-01 -1.116611376736405e-05  1.076085243659430e+04  2.149251797147173e+03 
 2.187761623949550e+00 -1.361401295414661e-07  7.488249886989512e-07  2.761373985425822e+01 -1.414915468862685e+02  9.999455245959352e-01 -9.903901015769417e-06  1.029320509426195e+04  2.008840061434506e+03 
 2.238721138568337e+00 -1.234747867672415e-07  6.999328887678097e-07  2.640917026419633e+01 -1.384852669361231e+02  9.999502404398829e-01 -8.778057401910919e-06  9.845180982379779e+03  1.877478136106874e+03 
 2.290867652767770e+00 -1.118994261184726e-07  6.541890934415318e-07  2.525555924061440e+01 -1.355336385321293e+02  9.999545510942930e-01 -7.774061838266574e-06  9.416016897159983e+03  1.754595944832369e+03 
 2.344228815319919e+00 -1.013212514005111e-07  6.113956314661440e-07  2.415088883858783e+01 -1.326362809777216e+02  9.999584909816411e-01 -6.878926619817725e-06  9.004974093388169e+03  1.639657918034583e+03 
 2.398832919019488e+00 -9.165519177005661e-08  5.713664774260885e-07  2.309320905424206e+01 -1.297927705039822e+02  9.999620916494524e-01 -6.081030785671658e-06  8.611337971693436e+03  1.532161053692493e+03 
 2.454708915685027e+00 -8.282333461283572e-08  5.339268844290618e-07  2.208063661072644e+01 -1.270026440994239e+02  9.999653820042109e-01 -5.369982168866767e-06  8.234417720572479e+03  1.431633070934718e+03 
 2.511886431509577e+00 -7.475434404237650e-08  4.989127483576161e-07  2.111135365778575e+01 -1.242654031228634e+02  9.999683885270144e-01 -4.736489366195709e-06  7.873545919201861e+03  1.337630653937850e+03 
 2.570395782768860e+00 -6.738291912590122e-08  4.661700027559779e-07  2.018360639823116e+01 -1.215805167072291e+02  9.999711354723045e-01 -4.172246441867496e-06  7.528078106624527e+03  1.249737783276062e+03 
 2.630267991895378e+00 -6.064921834444664e-08  4.355540435159455e-07  1.929570365449655e+01 -1.189474249621217e+02  9.999736450509139e-01 -3.669824871047696e-06  7.197392322419661e+03  1.167564151832491e+03 
 2.691534803926912e+00 -5.449850390454462e-08  4.069291823748100e-07  1.844601538489912e+01 -1.163655419834475e+02  9.999759375985893e-01 -3.222587452655792e-06  6.880888623551327e+03  1.090743662156102e+03 
 2.754228703338163e+00 -4.888073401929043e-08  3.801681281861979e-07  1.763297116226234e+01 -1.138342586777918e+02  9.999780317310856e-01 -2.824605825834742e-06  6.577988581635815e+03  1.018933002357259e+03 
 2.818382931264450e+00 -4.375000204969137e-08  3.551514951571910e-07  1.685505862479534e+01 -1.113529454095179e+02  9.999799444868283e-01 -2.470575949509109e-06  6.288134764503318e+03  9.518102974872708e+02 
 2.884031503126602e+00 -3.906441795306675e-08  3.317673367454754e-07  1.611082190382183e+01 -1.089209544791712e+02  9.999816914581057e-01 -2.155765361612082e-06  6.010790205604229e+03  8.890738331001742e+02 
 2.951209226666381e+00 -3.478557828569107e-08  3.099107044601812e-07  1.539886004174602e+01 -1.065376224401614e+02  9.999832869116544e-01 -1.875941794452678e-06  5.745437864384432e+03  8.304408482730729e+02 
 3.019951720402012e+00 -3.087840541627242e-08  2.894832303486361e-07  1.471782540199993e+01 -1.042022722622501e+02  9.999847438994667e-01 -1.627327623681714e-06  5.491580080537486e+03  7.756463947641954e+02 
 3.090295432513586e+00 -2.731081528079635e-08  2.703927323294275e-07  1.406642208057310e+01 -1.019142153488802e+02  9.999860743605696e-01 -1.406548773970432e-06  5.248738024672623e+03  7.244422595283207e+02 
 3.162277660168374e+00 -2.405346900323168e-08  2.525528411505273e-07  1.344340432294059e+01 -9.967275341597930e+01  9.999872892144902e-01 -1.210592143312353e-06  5.016451147711065e+03  6.765959475756557e+02 
 3.235936569296277e+00 -2.107950866206595e-08  2.358826482230791e-07  1.284757495179304e+01 -9.747718023932873e+01  9.999883984470491e-01 -1.036765687358889e-06  4.794276631053565e+03  6.318897223520532e+02 
 3.311311214825905e+00 -1.836441926675108e-08  2.203063731720523e-07  1.227778380910023e+01 -9.532678327755126e+01  9.999894111891000e-01 -8.826678960978124e-07  4.581788839340423e+03  5.901197008251239e+02 
 3.388441561392020e+00 -1.588578973650562e-08  2.057530502780347e-07  1.173292621736819e+01 -9.322084517728904e+01  9.999903357887646e-01 -7.461548076528445e-07  4.378578777399588e+03  5.510950006348952e+02 
 3.467368504525310e+00 -1.362311534247654e-08  1.921562328734139e-07  1.121194146253801e+01 -9.115864516716857e+01  9.999911798776888e-01 -6.253117152781572e-07  4.184253552796580e+03  5.146369366541248e+02 
 3.548133892335748e+00 -1.155765637305135e-08  1.794537146937447e-07  1.071381130128471e+01 -8.913946034679775e+01  9.999919504317998e-01 -5.184297431114551e-07  3.998435845214825e+03  4.805782644326208e+02 
 3.630780547701007e+00 -9.672325338726143e-09  1.675872675598045e-07  1.023755849524703e+01 -8.716256687676760e+01  9.999926538269992e-01 -4.239855228446666e-07  3.820763383730085e+03  4.487624680986825e+02 
 3.715352290971718e+00 -7.951447322131111e-09  1.565023942801114e-07  9.782245374772536e+00 -8.522724107534408e+01  9.999932958902131e-01 -3.406169985891154e-07  3.650888432891514e+03  4.190430903998306e+02 
 3.801893963205605e+00 -6.380749844852123e-09  1.461480961251205e-07  9.346972432438905e+00 -8.333276042751694e+01  9.999938819461703e-01 -2.671110473540948e-07  3.488477288395841e+03  3.912831025702856e+02 
 3.890451449942799e+00 -4.947171430009901e-09  1.364766541479823e-07  8.930876949340091e+00 -8.147840451146863e+01  9.999944168602529e-01 -2.023844269848562e-07  3.333209783001374e+03  3.653543119408008e+02 
 3.981071705534965e+00 -3.638788751490729e-09  1.274434235400135e-07  8.533131654059328e+00 -7.966345584761642e+01  9.999949050777476e-01 -1.454711845209314e-07  3.184778803231168e+03  3.411368051746677e+02 
 4.073802778041119e+00 -2.444679278260643e-09  1.190066402090295e-07  8.152943415853253e+00 -7.788720067492365e+01  9.999953506597933e-01 -9.550849970125412e-08  3.042889817303616e+03  3.185184251863825e+02 
 4.168693834703346e+00 -1.354934401091920e-09  1.111272391052243e-07  7.789551971975188e+00 -7.614892965909978e+01  9.999957573162921e-01 -5.172951433944336e-08  2.907260414643816e+03  2.973942798318494e+02 
 4.265795188015918e+00 -3.604271486933362e-10  1.037686836041773e-07  7.442228690801469e+00 -7.444793853687244e+01  9.999961284360346e-01 -1.344737846303932e-08  2.777619857238360e+03  2.776662806242911e+02 
 4.365158322401651e+00  5.471091002819480e-10  9.689680514207710e-08  7.110275369306249e+00 -7.278352870060843e+01  9.999964671142788e-01  1.994775705466828e-08  2.653708643034826e+03  2.592427097001674e+02 
 4.466835921509622e+00  1.375299598914472e-09  9.047965275621461e-08  6.793023066794924e+00 -7.115500772697537e+01  9.999967761779840e-01  4.900241093376990e-08  2.535278081506703e+03  2.420378134803512e+02 
 4.570881896148741e+00  2.131017077508081e-09  8.448735181951217e-08  6.489830973075404e+00 -6.956168985350070e+01  9.999970582089023e-01  7.420053928420709e-08  2.422089881459871e+03  2.259714214156594e+02 
 4.677351412871972e+00  2.820619823258002e-09  7.889197153193583e-08  6.200085312737138e+00 -6.800289640632317e+01  9.999973155647007e-01  9.597645073643451e-08  2.313915751091047e+03  2.109685884190770e+02 
 4.786300923226373e+00  3.449853939797932e-09  7.366740054082221e-08  5.923198283477017e+00 -6.647795618259585e+01  9.999975503982870e-01  1.147151665285969e-07  2.210537010275262e+03  1.969592595304962e+02 
 4.897788193684452e+00  4.024013505105343e-09  6.878923034317475e-08  5.658607029607534e+00 -6.498620579049928e+01  9.999977646754805e-01  1.307613998563452e-07  2.111744215007487e+03  1.838779555510130e+02 
 5.011872336272712e+00  4.547900548405226e-09  6.423464598420692e-08  5.405772649188012e+00 -6.352698994989505e+01  9.999979601911740e-01  1.444212470717745e-07  2.017336793896500e+03  1.716634783616778e+02 
 5.128613839913638e+00  5.025922364581230e-09  5.998232348314314e-08  5.164179235046440e+00 -6.209966175630551e+01  9.999981385841128e-01  1.559681451728640e-07  1.927122696571981e+03  1.602586347744996e+02 
 5.248074602497715e+00  5.462052409182627e-09  5.601233381974380e-08  4.933332948518061e+00 -6.070358291087032e+01  9.999983013504042e-01  1.656441087812812e-07  1.840918053843142e+03  1.496099777813907e+02 
 5.370317963702516e+00  5.860006073952085e-09  5.230605286399292e-08  4.712761125972063e+00 -5.933812391866486e+01  9.999984498558701e-01  1.736673581567596e-07  1.758546849420419e+03  1.396675641701965e+02 
 5.495408738576233e+00  6.223072927077235e-09  4.884607702343446e-08  4.502011416391938e+00 -5.800266425776663e+01  9.999985853473364e-01  1.802291448519799e-07  1.679840602996687e+03  1.303847274808097e+02 
 5.623413251903478e+00  6.554311530974084e-09  4.561614429243743e-08  4.300650950627290e+00 -5.669659252112091e+01  9.999987089629512e-01  1.855014084845420e-07  1.604638064461825e+03  1.217178654038105e+02 
 5.754399373371556e+00  6.856533738098109e-09  4.260106018644239e-08  4.108265540507393e+00 -5.541930653332270e+01  9.999988217416155e-01  1.896377303849334e-07  1.532784919016736e+03  1.136262407040322e+02 
 5.888436553555876e+00  7.132244077373064e-09  3.978662842935021e-08  3.924458907415305e+00 -5.417021344418663e+01  9.999989246316020e-01  1.927730544309491e-07  1.464133502937901e+03  1.060717948466281e+02 
 6.025595860743564e+00  7.383813272404783e-09  3.715958617200865e-08  3.748851939957483e+00 -5.294872980085999e+01  9.999990184984258e-01  1.950297378599413e-07  1.398542529734829e+03  9.901897355098218e+01 
 6.165950018614807e+00  7.613297804261144e-09  3.470754318668501e-08  3.581081979050981e+00 -5.175428160021884e+01  9.999991041320406e-01  1.965137529692535e-07  1.335876826438370e+03  9.243456350807570e+01 
 6.309573444801917e+00  7.822667180222702e-09  3.241892498895282e-08  3.420802130765539e+00 -5.058630432302875e+01  9.999991822534111e-01  1.973217620473023e-07  1.276007079748589e+03  8.628753959574769e+01 
 6.456542290346539e+00  8.013665510857300e-09  3.028291972045905e-08  3.267680605007930e+00 -4.944424295141881e+01  9.999992535205149e-01  1.975383140051458e-07  1.218809591771843e+03  8.054892190671517e+01 
 6.606934480075944e+00  8.187912145487003e-09  2.828942826521574e-08  3.121400080108528e+00 -4.832755197097759e+01  9.999993185338284e-01  1.972392333367658e-07  1.164166045070745e+03  7.519164199597148e+01 
 6.760829753919801e+00  8.346879464904753e-09  2.642901777288875e-08  2.981657092019300e+00 -4.723569535878827e+01  9.999993778413342e-01  1.964917287647448e-07  1.111963276752439e+03  7.019041775526817e+01 
 6.918309709189348e+00  8.491897191526975e-09  2.469287795764386e-08  2.848161447541858e+00 -4.616814655858617e+01  9.999994319430972e-01  1.953551475824384e-07  1.062093061319606e+03  6.552163637571090e+01 
 7.079457843841362e+00  8.624190126672041e-09  2.307278045010630e-08  2.720635660802303e+00 -4.512438844415617e+01  9.999994812954409e-01  1.938824298555893e-07  1.014451902010250e+03  6.116324488681769e+01 
 7.244359600749883e+00  8.744870601952661e-09  2.156104059181096e-08  2.598814412115606e+00 -4.410391327201966e+01  9.999995263147639e-01  1.921204163934237e-07  9.689408303546368e+02  5.709464778968765e+01 
 7.413102413009157e+00  8.854962877996030e-09  2.015048181092105e-08  2.482444028567264e+00 -4.310622262437737e+01  9.999995673810225e-01  1.901108381364221e-07  9.254652136802843e+02  5.329661133536943e+01 
 7.585775750291819e+00  8.955394225691460e-09  1.883440226002620e-08  2.371281985498531e+00 -4.213082734321856e+01  9.999996048409130e-01  1.878905078759522e-07  8.839345702997441e+02  4.975117402361082e+01 
 7.762471166286898e+00  9.047014915283162e-09  1.760654364663106e-08  2.265096428225630e+00 -4.117724745643661e+01  9.999996390107747e-01  1.854921085242718e-07  8.442623921197627e+02  4.644156292619735e+01 
 7.943282347242794e+00  9.130581016268664e-09  1.646106207592313e-08  2.163665713214364e+00 -4.024501209674068e+01  9.999996701792428e-01  1.829441581595792e-07  8.063659744151886e+02  4.335211546094013e+01 
 8.128305161640972e+00  9.206818206720513e-09  1.539250078785859e-08  2.066777968109790e+00 -3.933365941408746e+01  9.999996986096685e-01  1.802725904857892e-07  7.701662525157044e+02  4.046820626893018e+01 
 8.317637711026689e+00  9.276371687631581e-09  1.439576467754389e-08  1.974230669772521e+00 -3.844273648232155e+01  9.999997245423294e-01  1.774999656557578e-07  7.355876451590959e+02  3.777617886402696e+01 
 8.511380382023743e+00  9.339816293277194e-09  1.346609655034081e-08  1.885830239804541e+00 -3.757179920064631e+01  9.999997481964459e-01  1.746459286186726e-07  7.025579042699518e+02  3.526328175051005e+01 
 8.709635899560784e+00  9.397673007405357e-09  1.259905467454470e-08  1.801391656863090e+00 -3.672041219051384e+01  9.999997697720258e-01  1.717277426907440e-07  6.710079709287145e+02  3.291760871986830e+01 
 8.912509381337431e+00  9.450491248981419e-09  1.179049223531958e-08  1.720738085166948e+00 -3.588814868847408e+01  9.999997894515404e-01  1.687619426321866e-07  6.408718373018362e+02  3.072804305757778e+01 
 9.120108393559072e+00  9.498643621018762e-09  1.103653766293400e-08  1.643700518351397e+00 -3.507459043549826e+01  9.999998074014641e-01  1.657607585038232e-07  6.120864143101268e+02  2.868420540298494e+01 
 9.332543007969884e+00  9.542587679792802e-09  1.033357661245349e-08  1.570117438573734e+00 -3.427932756321723e+01  9.999998237736707e-01  1.627369943894017e-07  5.845914048178671e+02  2.677640503455385e+01 
 9.549925860214332e+00  9.582643371011001e-09  9.678234873244929e-09  1.499834489668133e+00 -3.350195847753600e+01  9.999998387067143e-01  1.597001990075089e-07  5.583291821324793e+02  2.499559434747656e+01 
 9.772372209558078e+00  9.619195762441556e-09  9.067362617687369e-09  1.432704164365871e+00 -3.274208973999503e+01  9.999998523269938e-01  1.566602787257546e-07  5.332446736097347e+02  2.333332632624758e+01 
 9.999999999999970e+00  9.652555156488368e-09  8.498019524183498e-09  1.368585504570121e+00 -3.199933594726832e+01  9.999998647498186e-01  1.536251866622292e-07  5.092852491665946e+02  2.178171480962512e+01 
 1.023292992280751e+01  9.682970732505308e-09  7.967460885494049e-09  1.307343814460967e+00 -3.127331960912311e+01  9.999998760803804e-01  1.506013104279674e-07  4.864006145093454e+02  2.033339737119887e+01 
 1.047128548050896e+01  9.710696282421639e-09  7.473124744028503e-09  1.248850385849046e+00 -3.056367102515779e+01  9.999998864146389e-01  1.475946116728712e-07  4.645427088911688e+02  1.898150064383839e+01 
 1.071519305237603e+01  9.736020049366063e-09  7.012619762658545e-09  1.192982235240913e+00 -2.987002816060788e+01  9.999998958401316e-01  1.446110872033992e-07  4.436656072193394e+02  1.771960792785784e+01 
 1.096478196143182e+01  9.759113034471256e-09  6.583714046159983e-09  1.139621852087070e+00 -2.919203652148666e+01  9.999999044367103e-01  1.416545340429025e-07  4.237254263382583e+02  1.654172893297673e+01 
 1.122018454301960e+01  9.780174576243907e-09  6.184324316538259e-09  1.088656957974038e+00 -2.852934902929509e+01  9.999999122772195e-01  1.387288348193242e-07  4.046802353202924e+02  1.544227151778419e+01 
 1.148153621496879e+01  9.799358369660941e-09  5.812506378988225e-09  1.039980276079173e+00 -2.788162589553276e+01  9.999999194281057e-01  1.358369032209436e-07  3.864899696024774e+02  1.441601529247314e+01 
 1.174897554939526e+01  9.816899089898757e-09  5.466445823776311e-09  9.934893106477527e-01 -2.724853449620804e+01  9.999999259499801e-01  1.329824893602860e-07  3.691163488126211e+02  1.345808696543658e+01 
 1.202264434617409e+01  9.832892485188896e-09  5.144449283234209e-09  9.490861358653876e-01 -2.662974924654120e+01  9.999999318981324e-01  1.301671578105837e-07  3.525227981341250e+02  1.256393731642167e+01 
 1.230268770812378e+01  9.847473984410221e-09  4.844936576930969e-09  9.066771940227599e-01 -2.602495147602052e+01  9.999999373229962e-01  1.273928265734013e-07  3.366743730640514e+02  1.172931969346221e+01 
 1.258925411794163e+01  9.860775568534833e-09  4.566433203789799e-09  8.661731023480626e-01 -2.543382930397544e+01  9.999999422705739e-01  1.246611721194418e-07  3.215376874245696e+02  1.095026993024715e+01 
 1.288249551693130e+01  9.872906413170979e-09  4.307563292171857e-09  8.274884682424219e-01 -2.485607751580443e+01  9.999999467828272e-01  1.219734061831939e-07  3.070808444929258e+02  1.022308759193684e+01 
 1.318256738556403e+01  9.883988490929390e-09  4.067042994049253e-09  7.905417125731800e-01 -2.429139743998490e+01  9.999999508980324e-01  1.193307479328701e-07  2.932733711201882e+02  9.544318462133216e+00 
 1.348962882591649e+01  9.894078159856056e-09  3.843674517556295e-09  7.552549006345934e-01 -2.373949682598320e+01  9.999999546511023e-01  1.167334896163587e-07  2.800861547139634e+02  8.910738188691949e+00 
 1.380384264602880e+01  9.903286666964305e-09  3.636340506485425e-09  7.215535805454500e-01 -2.320008972316568e+01  9.999999580738798e-01  1.141824828289296e-07  2.674913829649863e+02  8.319337013197710e+00 
 1.412537544622749e+01  9.911700626115684e-09  3.443998378149793e-09  6.893666286520146e-01 -2.267289636080898e+01  9.999999611954127e-01  1.116781748632849e-07  2.554624862022148e+02  7.767305511292824e+00 
 1.445439770745922e+01  9.919370049265312e-09  3.265675632690979e-09  6.586261017193797e-01 -2.215764302929096e+01  9.999999640421946e-01  1.092205159737352e-07  2.439740822654601e+02  7.252021278194824e+00 
 1.479108388168202e+01  9.926345841320764e-09  3.100465217897863e-09  6.292670956130878e-01 -2.165406196253759e+01  9.999999666383904e-01  1.068094143825667e-07  2.330019237889773e+02  6.771036496921971e+00 
 1.513561248436203e+01  9.932732932535344e-09  2.947521088314531e-09  6.012276101834665e-01 -2.116189122179339e+01  9.999999690060410e-01  1.044452972258619e-07  2.225228477936531e+02  6.322066330839942e+00 
 1.548816618912476e+01  9.938538886842983e-09  2.806054125170654e-09  5.744484200399613e-01 -2.068087458077567e+01  9.999999711652510e-01  1.021274934448176e-07  2.125147274895027e+02  5.902978085610004e+00 
 1.584893192461108e+01  9.943863543337834e-09  2.675328569790025e-09  5.488729510858936e-01 -2.021076141226049e+01  9.999999731343557e-01  9.985625806720362e-08  2.029564261940716e+02  5.511781091008737e+00 
 1.621810097358924e+01  9.948708729987689e-09  2.554658262710063e-09  5.244471624065554e-01 -1.975130657615091e+01  9.999999749300802e-01  9.763079995232099e-08  1.938277532762322e+02  5.146617253366927e+00 
 1.659586907437554e+01  9.953134769005077e-09  2.443403507301767e-09  5.011194334358823e-01 -1.930227030906138e+01  9.999999765676781e-01  9.545089748826986e-08  1.851094220384260e+02  4.805752235890766e+00 
 1.698243652461738e+01  9.957152752342674e-09  2.340967877878519e-09  4.788404560472832e-01 -1.886341811545612e+01  9.999999780610628e-01  9.331582528568361e-08  1.767830094540387e+02  4.487567224045291e+00 
 1.737800828749369e+01  9.960833798502377e-09  2.246795527405254e-09  4.575631314505796e-01 -1.843452066036616e+01  9.999999794229231e-01  9.122541030719654e-08  1.688309176799276e+02  4.190551238220710e+00 
 1.778279410038916e+01  9.964176477924772e-09  2.160368342551955e-09  4.372424716023287e-01 -1.801535366371159e+01  9.999999806648326e-01  8.917878322996578e-08  1.612363372674736e+02  3.913293956640109e+00 
 1.819700858609976e+01  9.967251952038344e-09  2.081203501202999e-09  4.178355050248216e-01 -1.760569779624505e+01  9.999999817973475e-01  8.717572504862194e-08  1.539832119986409e+02  3.654479015567259e+00 
 1.862087136662860e+01  9.970035607153991e-09  2.008851182622173e-09  3.993011867428815e-01 -1.720533857713391e+01  9.999999828300948e-01  8.521515553372612e-08  1.470562052766236e+02  3.412877754286090e+00 
 1.905460717963240e+01  9.972582118835679e-09  1.942892374762195e-09  3.816003122646455e-01 -1.681406627318993e+01  9.999999837718552e-01  8.329669169454719e-08  1.404406680035545e+02  3.187343376317287e+00 
 1.949844599758038e+01  9.974919372476740e-09  1.882936695452031e-09  3.646954353323315e-01 -1.643167579975632e+01  9.999999846306377e-01  8.141970520470117e-08  1.341226078806084e+02  2.976805498417359e+00 
 1.995262314968872e+01  9.977028779541729e-09  1.828620782573509e-09  3.485507893364227e-01 -1.605796662325502e+01  9.999999854137456e-01  7.958319243146425e-08  1.280886600685172e+02  2.780265062157453e+00 
 2.041737944669521e+01  9.978964124929544e-09  1.779606240148723e-09  3.331322122359825e-01 -1.569274266539651e+01  9.999999861278412e-01  7.778674396318255e-08  1.223260591491432e+02  2.596789584036301e+00 
 2.089296130854031e+01  9.980731849563091e-09  1.735578319950193e-09  3.184070747828116e-01 -1.533581220905153e+01  9.999999867789987e-01  7.602956737795541e-08  1.168226123312586e+02  2.425508721274501e+00 
 2.137962089502224e+01  9.982348444559341e-09  1.696243895343841e-09  3.043442119589880e-01 -1.498698780578054e+01  9.999999873727601e-01  7.431095744954083e-08  1.115666738460869e+02  2.265610132776402e+00 
 2.187761623949544e+01  9.983819546209987e-09  1.661330517599424e-09  2.909138574536811e-01 -1.464608618501584e+01  9.999999879141784e-01  7.263013549201232e-08  1.065471204804783e+02  2.116335615399395e+00 
 2.238721138568331e+01  9.985151465674332e-09  1.630584722800421e-09  2.780875810593993e-01 -1.431292816488858e+01  9.999999884078631e-01  7.098634063461978e-08  1.017533281978121e+02  1.976977497357054e+00 
 2.290867652767764e+01  9.986388721451939e-09  1.603771032643309e-09  2.658382288576236e-01 -1.398733856469123e+01  9.999999888580168e-01  6.937908991538552e-08  9.717514979885138e+01  1.846875271662602e+00 
 2.344228815319913e+01  9.987496956888063e-09  1.580670649925509e-09  2.541398660535487e-01 -1.366914611896472e+01  9.999999892684731e-01  6.780735307986875e-08  9.280289357682622e+01  1.725412453545608e+00 
 2.398832919019481e+01  9.988517866890079e-09  1.561080237300061e-09  2.429677223849415e-01 -1.335818339319710e+01  9.999999896427286e-01  6.627064269766093e-08  8.862730292297277e+01  1.612013647250968e+00 
 2.454708915685020e+01  9.989438211917997e-09  1.544811223386233e-09  2.322981399374286e-01 -1.305428670112071e+01  9.999999899839715e-01  6.476810590367449e-08  8.463953684065859e+01  1.506141807929076e+00 
 2.511886431509570e+01  9.990305033072076e-09  1.531688720302071e-09  2.221085233099001e-01 -1.275729602359204e+01  9.999999902951094e-01  6.329929606147498e-08  8.083115132801009e+01  1.407295685990387e+00 
 2.570395782768853e+01  9.991077409578535e-09  1.521550385685799e-09  2.123772919810599e-01 -1.246705492903871e+01  9.999999905787946e-01  6.186321060779564e-08  7.719408159070734e+01  1.315007441493925e+00 
 2.630267991895371e+01  9.991780519247039e-09  1.514246006362185e-09  2.030838348272251e-01 -1.218341049545593e+01  9.999999908374456e-01  6.045928646158764e-08  7.372062504825638e+01  1.228840417569762e+00 
 2.691534803926904e+01  9.992414511190807e-09  1.509636415875093e-09  1.942084666511870e-01 -1.190621323393520e+01  9.999999910732681e-01  5.908681398282198e-08  7.040342509865575e+01  1.148387062011528e+00 
 2.754228703338154e+01  9.993003573908417e-09  1.507592967131544e-09  1.857323866639483e-01 -1.163531701370594e+01  9.999999912882734e-01  5.774523782991862e-08  6.723545560788422e+01  1.073266987378183e+00 
 2.818382931264442e+01  9.993554236990733e-09  1.507996866267902e-09  1.776376388151533e-01 -1.137057898867117e+01  9.999999914842957e-01  5.643390535155050e-08  6.421000609210910e+01  1.003125160281909e+00 
 2.884031503126593e+01  9.994041695518359e-09  1.510738173449155e-09  1.699070738991368e-01 -1.111185952541718e+01  9.999999916630089e-01  5.515200286764811e-08  6.132066756190623e+01  9.376302113209130e-01 
 2.951209226666373e+01  9.994480313568059e-09  1.515715997157940e-09  1.625243133604848e-01 -1.085902213267670e+01  9.999999918259372e-01  5.389895542363098e-08  5.856131899912797e+01  8.764728576413292e-01 
 3.019951720402003e+01  9.994886823248750e-09  1.522837023149037e-09  1.554737147115265e-01 -1.061193339222519e+01  9.999999919744730e-01  5.267420776357105e-08  5.592611443833810e+01  8.193644305646285e-01 
 3.090295432513577e+01  9.995265241888141e-09  1.532015736493975e-09  1.487403384987412e-01 -1.037046289118867e+01  9.999999921098846e-01  5.147714532481411e-08  5.340947062596072e+01  7.660355013365668e-01 
 3.162277660168365e+01  9.995593779633910e-09  1.543173533402609e-09  1.423099167477870e-01 -1.013448315574200e+01  9.999999922333291e-01  5.030703594454886e-08  5.100605523146923e+01  7.162345984571298e-01 
 3.235936569296268e+01  9.995914954379125e-09  1.556238526934095e-09  1.361688228262243e-01 -9.903869586175832e+00  9.999999923458619e-01  4.916348765333228e-08  4.871077558606660e+01  6.697270105177365e-01 
 3.311311214825896e+01  9.996210731598064e-09  1.571144880863073e-09  1.303040426446243e-01 -9.678500393310541e+00  9.999999924484454e-01  4.804581167118516e-08  4.651876792538863e+01  6.262936687707101e-01 
 3.388441561392010e+01  9.996447430352019e-09  1.587832670901790e-09  1.247031471563668e-01 -9.458256536235069e+00  9.999999925419573e-01  4.695326724906551e-08  4.442538711379262e+01  5.857301042222601e-01 
 3.467368504525301e+01  9.996698187447996e-09  1.606247662655491e-09  1.193542660921040e-01 -9.243021661348669e+00  9.999999926271969e-01  4.588563139607676e-08  4.242619682878212e+01  5.478454742514991e-01 
 3.548133892335738e+01  9.996915569480556e-09  1.626340423444006e-09  1.142460628557060e-01 -9.032682042683856e+00  9.999999927048944e-01  4.484212199522622e-08  4.051696018506686e+01  5.124616540415621e-01 
 3.630780547700997e+01  9.997111878724596e-09  1.648066544346349e-09  1.093677105631620e-01 -8.827126523487893e+00  9.999999927757149e-01  4.382225120020539e-08  3.869363077865566e+01  4.794123886609624e-01 
 3.715352290971708e+01  9.997288656660669e-09  1.671385863044605e-09  1.047088691445525e-01 -8.626246459041344e+00  9.999999928402665e-01  4.282549224444987e-08  3.695234413225239e+01  4.485425016199326e-01 
 3.801893963205595e+01  9.997470481973780e-09  1.696263129957742e-09  1.002596634768870e-01 -8.429935660691411e+00  9.999999928991007e-01  4.185142618443397e-08  3.528940952404799e+01  4.197071562096494e-01 
 3.890451449942788e+01  9.997605454877605e-09  1.722666287395924e-09  9.601066249267247e-02 -8.238090341078324e+00  9.999999929527239e-01  4.089932357977805e-08  3.370130218279667e+01  3.927711660676595e-01 
 3.981071705534954e+01  9.997737950544197e-09  1.750567857339291e-09  9.195285923494086e-02 -8.050609060532908e+00  9.999999930015948e-01  3.996887100411392e-08  3.218465583282024e+01  3.676083517492820e-01 
 4.073802778041109e+01  9.997867653525751e-09  1.779943414881302e-09  8.807765179593627e-02 -7.867392674623832e+00  9.999999930461337e-01  3.905957514718783e-08  3.073625557331080e+01  3.441009401537738e-01 
 4.168693834703335e+01  9.997977368043501e-09  1.810772254362547e-09  8.437682511690379e-02 -7.688344282833013e+00  9.999999930867228e-01  3.817088954334927e-08  2.935303107699362e+01  3.221390040199799e-01 
 4.265795188015907e+01  9.998088977527226e-09  1.843036612214632e-09  8.084253360506079e-02 -7.513369178337785e+00  9.999999931237115e-01  3.730243042883094e-08  2.803205009387553e+01  3.016199387974486e-01 
 4.365158322401639e+01  9.998180038451988e-09  1.876721777982482e-09  7.746728452651146e-02 -7.342374798878891e+00  9.999999931574178e-01  3.645365545795060e-08  2.677051224643795e+01  2.824479743845170e-01 
 4.466835921509610e+01  9.998277666026042e-09  1.911816205346639e-09  7.424392214954859e-02 -7.175270678693337e+00  9.999999931881313e-01  3.562421680390615e-08  2.556574310323985e+01  2.645337194440105e-01 
 4.570881896148729e+01  9.998350354033263e-09  1.948310845989454e-09  7.116561259419345e-02 -7.011968401491411e+00  9.999999932161165e-01  3.481356372278532e-08  2.441518851847450e+01  2.477937360856324e-01 
 4.677351412871960e+01  9.998413907081939e-09  1.986198983061627e-09  6.822582936746992e-02 -6.852381554457429e+00  9.999999932416156e-01  3.402132651422404e-08  2.331640922557896e+01  2.321501429312059e-01 
 4.786300923226361e+01  9.998499257675297e-09  2.025477008338328e-09  6.541833954443001e-02 -6.696425683254084e+00  9.999999932648473e-01  3.324719038532570e-08  2.226707567352438e+01  2.175302446370575e-01 
 4.897788193684438e+01  9.998540370741546e-09  2.066143034440415e-09  6.273719056816074e-02 -6.544018248010424e+00  9.999999932860126e-01  3.249052553475767e-08  2.126496309492162e+01  2.038661861183853e-01 
 5.011872336272698e+01  9.998607474595046e-09  2.108197783012855e-09  6.017669765010159e-02 -6.395078580273620e+00  9.999999933052944e-01  3.175116397319960e-08  2.030794679555995e+01  1.910946298580858e-01 
 5.128613839913623e+01  9.998657050705135e-09  2.151643918590906e-09  5.773143172574535e-02 -6.249527840905448e+00  9.999999933228593e-01  3.102857309153842e-08  1.939399765546150e+01  1.791564547015961e-01 
 5.248074602497700e+01  9.998699707552261e-09  2.196486270644726e-09  5.539620796019829e-02 -6.107288978903999e+00  9.999999933388590e-01  3.032240590084348e-08  1.852117783197331e+01  1.679964747684057e-01 
 5.370317963702501e+01  9.998747340350503e-09  2.242731611534765e-09  5.316607476541078e-02 -5.968286691131960e+00  9.999999933534323e-01  2.963232483997255e-08  1.768763665584409e+01  1.575631770949113e-01 
 5.495408738576219e+01  9.998776299471826e-09  2.290388323444859e-09  5.103630331129011e-02 -5.832447382932796e+00  9.999999933667059e-01  2.895789464685619e-08  1.689160671163548e+01  1.478084767764437e-01 
 5.623413251903463e+01  9.998836991794789e-09  2.339467120027194e-09  4.900237751055211e-02 -5.699699129616623e+00  9.999999933787943e-01  2.829890426202589e-08  1.613140009420442e+01  1.386874884469789e-01 
 5.754399373371541e+01  9.998864226025754e-09  2.389979991690439e-09  4.705998444853811e-02 -5.569971638797677e+00  9.999999933898032e-01  2.765481788144161e-08  1.540540483336171e+01  1.301583129852216e-01 
 5.888436553555861e+01  9.998884884272633e-09  2.441940816222399e-09  4.520500524958400e-02 -5.443196213565669e+00  9.999999933998278e-01  2.702537320840859e-08  1.471208147916484e+01  1.221818384647748e-01 
 6.025595860743547e+01  9.998917003981941e-09  2.495365136745420e-09  4.343350634877607e-02 -5.319305716473731e+00  9.999999934089556e-01  2.641028544773591e-08  1.404995984064059e+01  1.147215543653789e-01 
 6.165950018614791e+01  9.998923402442325e-09  2.550269939671779e-09  4.174173115703080e-02 -5.198234534325623e+00  9.999999934172663e-01  2.580913047124309e-08  1.341763587105401e+01  1.077433781785163e-01 
 6.309573444801901e+01  9.998971854350852e-09  2.606673932259440e-09  4.012609210356446e-02 -5.079918543745551e+00  9.999999934248323e-01  2.522176515383501e-08  1.281376869314929e+01  1.012154935846612e-01 
 6.456542290346522e+01  9.998973033891450e-09  2.664597209545150e-09  3.858316303037922e-02 -4.964295077513954e+00  9.999999934317194e-01  2.464765059412288e-08  1.223707775808134e+01  9.510819940863044e-02 
 6.606934480075925e+01  9.998987025058520e-09  2.724061198833283e-09  3.710967193600319e-02 -4.851302891652930e+00  9.999999934379884e-01  2.408663527311838e-08  1.168634013203800e+01  8.939376866751704e-02 
 6.760829753919782e+01  9.999012517487314e-09  2.785088992762752e-09  3.570249403879265e-02 -4.740882133245595e+00  9.999999934436941e-01  2.353841652754513e-08  1.116038790482223e+01  8.404631700255939e-02 
 6.918309709189329e+01  9.999016989538665e-09  2.847704849706645e-09  3.435864515520494e-02 -4.632974308973411e+00  9.999999934488868e-01  2.300262704098277e-08  1.065810571491860e+01  7.904167989368659e-02 
 7.079457843841342e+01  9.999037718638683e-09  2.911934970928343e-09  3.307527537639266e-02 -4.527522254356286e+00  9.999999934536110e-01  2.247906992578624e-08  1.017842838581515e+01  7.435729806425717e-02 
 7.244359600749863e+01  9.999049239936985e-09  2.977805835246983e-09  3.184966302658376e-02 -4.424470103680267e+00  9.999999934579101e-01  2.196740913566059e-08  9.720338668584812e+00  6.997211052260971e-02 
 7.413102413009136e+01  9.999080745156506e-09  3.045346308461205e-09  3.067920889572558e-02 -4.323763260598080e+00  9.999999934618208e-01  2.146743749518315e-08  9.282865085955036e+00  6.586645474282019e-02 
 7.585775750291798e+01  9.999076743754505e-09  3.114585811481163e-09  2.956143072890937e-02 -4.225348369387881e+00  9.999999934653786e-01  2.097877056361080e-08  8.865079873307524e+00  6.202197349682527e-02 
 7.762471166286876e+01  9.999077086776268e-09  3.185555819129604e-09  2.849395796657708e-02 -4.129173286856060e+00  9.999999934686140e-01  2.050123614795452e-08  8.466097012254762e+00  5.842152790633419e-02 
 7.943282347242773e+01  9.999113876635225e-09  3.258288638896545e-09  2.747452671859018e-02 -4.035187054870076e+00  9.999999934715560e-01  2.003464475309330e-08  8.085070352634808e+00  5.504911628744769e-02 
 8.128305161640949e+01  9.999117053531071e-09  3.332817577472724e-09  2.650097496458456e-02 -3.943339873507653e+00  9.999999934742314e-01  1.957860678181850e-08  7.721191818952470e+00  5.188979840806953e-02 
 8.317637711026666e+01  9.999117331473640e-09  3.409177717905720e-09  2.557123797252236e-02 -3.853583074808813e+00  9.999999934766637e-01  1.913294381348379e-08  7.373689697472824e+00  4.892962480093119e-02 
 8.511380382023719e+01  9.999120432815993e-09  3.487405364488438e-09  2.468334392061231e-02 -3.765869097117679e+00  9.999999934788744e-01  1.869743064021601e-08  7.041827000343563e+00  4.615557078496677e-02 
 8.709635899560760e+01  9.999113387520181e-09  3.567538042759111e-09  2.383540971723262e-02 -3.680151460001111e+00  9.999999934808834e-01  1.827181228368502e-08  6.724899903284944e+00  4.355547488855969e-02 
 8.912509381337408e+01  9.999127968979890e-09  3.649614499501297e-09  2.302563700920615e-02 -3.596384739731482e+00  9.999999934827087e-01  1.785592109674466e-08  6.422236253541350e+00  4.111798137939159e-02 
 9.120108393559049e+01  9.999146248752342e-09  3.733674702743883e-09  2.225230836854799e-02 -3.514524545321236e+00  9.999999934843671e-01  1.744950261020617e-08  6.133194144936992e+00  3.883248662439959e-02 
 9.332543007969861e+01  9.999158359849811e-09  3.819759952783386e-09  2.151378365175173e-02 -3.434527495097136e+00  9.999999934858733e-01  1.705232409183327e-08  5.857160557019957e+00  3.668908902816548e-02 
 9.549925860214309e+01  9.999153531380959e-09  3.907912660139345e-09  2.080849652237929e-02 -3.356351193802190e+00  9.999999934872413e-01  1.666415775942315e-08  5.593550055413886e+00  3.467854230831546e-02 
 9.772372209558054e+01  9.999160262448764e-09  3.998176900665840e-09  2.013495113033671e-02 -3.279954210213745e+00  9.999999934884837e-01  1.628484618074882e-08  5.341803550626312e+00  3.279221188661374e-02 
 9.999999999999946e+01  9.999158350348078e-09  4.090597971462273e-09  1.949171893982482e-02 -3.205296055266218e+00  9.999999934896111e-01  1.591415478216507e-08  5.101387112685743e+00  3.102203418631055e-02 
 1.023292992280749e+02  9.999156443387983e-09  4.185222612917983e-09  1.887743570088255e-02 -3.132337160667440e+00  9.999999934906340e-01  1.555190142724788e-08  4.871790839098022e+00  2.936047864452280e-02 
 1.047128548050894e+02  9.999173406964942e-09  4.282098564623027e-09  1.829079855663016e-02 -3.061038857997478e+00  9.999999934915617e-01  1.519792271458681e-08  4.652527773724591e+00  2.780051225615432e-02 
 1.071519305237600e+02  9.999169907791302e-09  4.381274565368187e-09  1.773056328043967e-02 -2.991363358279449e+00  9.999999934924038e-01  1.485197056051019e-08  4.443132874293643e+00  2.633556648109004e-02 
 1.096478196143179e+02  9.999167540352245e-09  4.482802018479504e-09  1.719554163825881e-02 -2.923273732011654e+00  9.999999934931665e-01  1.451389499990824e-08  4.243162026357287e+00  2.495950635861098e-02 
 1.122018454301957e+02  9.999184218027616e-09  4.586732105238411e-09  1.668459886873370e-02 -2.856733889650904e+00  9.999999934938585e-01  1.418354207173567e-08  4.052191101606602e+00  2.366660167917152e-02 
 1.148153621496876e+02  9.999167359943327e-09  4.693118449417000e-09  1.619665127674755e-02 -2.791708562536927e+00  9.999999934944855e-01  1.386066186912643e-08  3.869815058549902e+00  2.245150007774499e-02 
 1.174897554939523e+02  9.999186247848357e-09  4.802016451144198e-09  1.573066393623904e-02 -2.728163284248013e+00  9.999999934950529e-01  1.354518027168322e-08  3.695647083649272e+00  2.130920192185375e-02 
 1.202264434617406e+02  9.999183211053844e-09  4.913481066459724e-09  1.528564849464501e-02 -2.666064372378372e+00  9.999999934955673e-01  1.323685030595739e-08  3.529317771096166e+00  2.023503687075400e-02 
 1.230268770812374e+02  9.999174982906912e-09  5.027571026161581e-09  1.486066107784644e-02 -2.605378910727651e+00  9.999999934960327e-01  1.293553216277776e-08  3.370474339488231e+00  1.922464199908801e-02 
 1.258925411794160e+02  9.999185325433026e-09  5.144345061047773e-09  1.445480028834313e-02 -2.546074731893536e+00  9.999999934964539e-01  1.264109657748980e-08  3.218779883748060e+00  1.827394137685509e-02 
 1.288249551693126e+02  9.999175471326274e-09  5.263864011340047e-09  1.406720529354035e-02 -2.488120400258296e+00  9.999999934968348e-01  1.235333791510529e-08  3.073912660698703e+00  1.737912701008060e-02 
 1.318256738556399e+02  9.999196142451029e-09  5.386190271572389e-09  1.369705400074815e-02 -2.431485195360577e+00  9.999999934971786e-01  1.207216657021781e-08  2.935565406782422e+00  1.653664105220444e-02 
 1.348962882591645e+02  9.999183742712693e-09  5.511387346501806e-09  1.334356131318490e-02 -2.376139095643714e+00  9.999999934974895e-01  1.179735588038855e-08  2.803444686476839e+00  1.574315919918486e-02 
 1.380384264602876e+02  9.999190683715033e-09  5.639520628264449e-09  1.300597746574848e-02 -2.322052762572166e+00  9.999999934977701e-01  1.152882327798421e-08  2.677270270027833e+00  1.499557519232648e-02 
 1.412537544622746e+02  9.999189076542193e-09  5.770656841264099e-09  1.268358643442766e-02 -2.269197525107818e+00  9.999999934980237e-01  1.126639341021696e-08  2.556774539180549e+00  1.429098635188209e-02 
 1.445439770745919e+02  9.999212470833796e-09  5.904865374439794e-09  1.237570441822616e-02 -2.217545364538056e+00  9.999999934982520e-01  1.100996474545646e-08  2.441701919649128e+00  1.362668007528575e-02 
 1.479108388168198e+02  9.999193019934910e-09  6.042216282864388e-09  1.208167838859966e-02 -2.167068899647725e+00  9.999999934984576e-01  1.075932642112531e-08  2.331808339122401e+00  1.300012123366784e-02 
 1.513561248436199e+02  9.999194091856309e-09  6.182780842856062e-09  1.180088470512585e-02 -2.117741372227233e+00  9.999999934986434e-01  1.051441537829045e-08  2.226860709656873e+00  1.240894040871378e-02 
 1.548816618912472e+02  9.999203792119470e-09  6.326634105491280e-09  1.153272779241026e-02 -2.069536632909240e+00  9.999999934988101e-01  1.027508803215504e-08  2.126636433359944e+00  1.185092291161103e-02 
 1.584893192461104e+02  9.999196602170024e-09  6.473850899801903e-09  1.127663887717314e-02 -2.022429127326550e+00  9.999999934989602e-01  1.004119125347369e-08  2.030922930315685e+00  1.132399853379010e-02 
 1.621810097358920e+02  9.999203651288867e-09  6.624508941399654e-09  1.103207478214616e-02 -1.976393882583967e+00  9.999999934990950e-01  9.812632753222750e-09  1.939517187752520e+00  1.082623197991738e-02 
 1.659586907437551e+02  9.999209008569531e-09  6.778687167141584e-09  1.079851677388672e-02 -1.931406494037033e+00  9.999999934992161e-01  9.589275099669559e-09  1.852225329497234e+00  1.035581393732760e-02 
 1.698243652461734e+02  9.999212986977327e-09  6.936467622509213e-09  1.057546946277453e-02 -1.887443112370756e+00  9.999999934993244e-01  9.371000277841324e-09  1.768862204802654e+00  9.911052740153747e-03 
 1.737800828749365e+02  9.999195582023652e-09  7.097932241961757e-09  1.036245975231086e-02 -1.844480430971540e+00  9.999999934994218e-01  9.157674328921783e-09  1.689250995677415e+00  9.490366587970782e-03 
 1.778279410038912e+02  9.999190643909447e-09  7.263167622895139e-09  1.015903583588543e-02 -1.802495673585718e+00  9.999999934995085e-01  8.949215792031229e-09  1.613222841885378e+00  9.092276282350313e-03 
 1.819700858609972e+02  9.999211848223580e-09  7.432259696571464e-09  9.964766238431986e-03 -1.761466582258219e+00  9.999999934995861e-01  8.745525316086744e-09  1.540616482819776e+00  8.715398446386115e-03 
 1.862087136662855e+02  9.999201118309797e-09  7.605297724921911e-09  9.779238901265088e-03 -1.721371405545043e+00  9.999999934996557e-01  8.546443684698257e-09  1.471277915492848e+00  8.358439195290432e-03 
 1.905460717963235e+02  9.999192094770447e-09  7.782374300546735e-09  9.602060308414019e-03 -1.682188886993354e+00  9.999999934997174e-01  8.351895338515325e-09  1.405060067915878e+00  8.020188228199762e-03 
 1.949844599758032e+02  9.999210642384536e-09  7.963582016046189e-09  9.432854651862744e-03 -1.643898253883161e+00  9.999999934997721e-01  8.161798129707742e-09  1.341822487177226e+00  7.699513312484689e-03 
 1.995262314968867e+02  9.999215171183107e-09  8.149016350600391e-09  9.271263034434988e-03 -1.606479206224666e+00  9.999999934998209e-01  7.976016534738672e-09  1.281431041557007e+00  7.395355134838588e-03 
 2.041737944669516e+02  9.999212566240924e-09  8.338776558147742e-09  9.116942708777390e-03 -1.569911906005485e+00  9.999999934998637e-01  7.794458202134424e-09  1.223757636046849e+00  7.106722494802837e-03 
 2.089296130854026e+02  9.999206286684426e-09  8.532961004448225e-09  8.969566350357080e-03 -1.534176966682133e+00  9.999999934999022e-01  7.617029888773441e-09  1.168679940671614e+00  6.832687817530833e-03 
 2.137962089502218e+02  9.999194166818856e-09  8.731674050466154e-09  8.828821363241061e-03 -1.499255442910195e+00  9.999999934999357e-01  7.443636098128370e-09  1.116081131037001e+00  6.572382964762029e-03 
 2.187761623949538e+02  9.999198823641720e-09  8.935020723299658e-09  8.694409217148383e-03 -1.465128820507825e+00  9.999999934999650e-01  7.274201642079592e-09  1.065849640552964e+00  6.324995324101261e-03 
 2.238721138568325e+02  9.999207777874043e-09  9.143107604359102e-09  8.566044814233250e-03 -1.431779006647262e+00  9.999999934999909e-01  7.108626963112097e-09  1.017878923807557e+00  6.089764157959284e-03 
 2.290867652767758e+02  9.999220526571111e-09  9.356045937991553e-09  8.443455884477761e-03 -1.399188320269233e+00  9.999999935000132e-01  6.946823715228700e-09  9.720672305894659e-01  5.865977195013542e-03 
 2.344228815319906e+02  9.999208765286986e-09  9.573946968544078e-09  8.326382408198909e-03 -1.367339482715158e+00  9.999999935000330e-01  6.788686716940884e-09  9.283173900800938e-01  5.652967447878648e-03 
 2.398832919019474e+02  9.999213440743252e-09  9.796927491478868e-09  8.214576064668076e-03 -1.336215608572250e+00  9.999999935000499e-01  6.634160443219628e-09  8.865366047575582e-01  5.450110242070091e-03 
 2.454708915685014e+02  9.999208846325146e-09  1.002510474634732e-08  8.107799705325540e-03 -1.305800196726685e+00  9.999999935000644e-01  6.483145536043122e-09  8.466362535756120e-01  5.256820441952371e-03 
 2.511886431509563e+02  9.999203277624269e-09  1.025859996950373e-08  8.005826850913335e-03 -1.276077121620111e+00  9.999999935000767e-01  6.335567598325653e-09  8.085317040001104e-01  5.072549860842817e-03 
 2.570395782768846e+02  9.999204268443542e-09  1.049753639570383e-08  7.908441211112676e-03 -1.247030624704910e+00  9.999999935000874e-01  6.191353086465456e-09  7.721421325044592e-01  4.896784842777766e-03 
 2.630267991895364e+02  9.999209912332032e-09  1.074204081241703e-08  7.815436225819860e-03 -1.218645306093681e+00  9.999999935000962e-01  6.050424099235396e-09  7.373903531433800e-01  4.729044004608713e-03 
 2.691534803926897e+02  9.999204695683735e-09  1.099224267164800e-08  7.726614627067298e-03 -1.190906116398572e+00  9.999999935001035e-01  5.912696547649698e-09  7.042026538414869e-01  4.568876127738535e-03 
 2.754228703338148e+02  9.999207738802469e-09  1.124827542220430e-08  7.641788020691435e-03 -1.163798348756117e+00  9.999999935001090e-01  5.778108901066670e-09  6.725086400494926e-01  4.415858189551921e-03 
 2.818382931264435e+02  9.999210051832626e-09  1.151027229084889e-08  7.560776486743634e-03 -1.137307631033410e+00  9.999999935001141e-01  5.646584391033604e-09  6.422410854365109e-01  4.269593525172114e-03 
 2.884031503126586e+02  9.999206682760479e-09  1.177837449795049e-08  7.483408197948974e-03 -1.111419918211473e+00  9.999999935001177e-01  5.518050578967593e-09  6.133357893018200e-01  4.129710110956841e-03 
 2.951209226666365e+02  9.999190377307003e-09  1.205272281978864e-08  7.409519055304631e-03 -1.086121484941812e+00  9.999999935001206e-01  5.392435619561153e-09  5.857314404037031e-01  3.995858961573511e-03 
 3.019951720401995e+02  9.999209016119533e-09  1.233346291762416e-08  7.338952340110401e-03 -1.061398918272221e+00  9.999999935001226e-01  5.269698621912511e-09  5.593694869165926e-01  3.867712633130846e-03 
 3.090295432513569e+02  9.999190875094543e-09  1.262074378338696e-08  7.271558381525365e-03 -1.037239110538011e+00  9.999999935001238e-01  5.149736293647011e-09  5.341940122407390e-01  3.744963825221532e-03 
 3.162277660168357e+02  9.999208641921175e-09  1.291471773967601e-08  7.207194239327594e-03 -1.013629252414880e+00  9.999999935001244e-01  5.032522926162741e-09  5.101516164010149e-01  3.627324075493582e-03 
 3.235936569296260e+02  9.999210132373634e-09  1.321554110589318e-08  7.145723400657525e-03 -9.905568261297819e-01  9.999999935001238e-01  4.917969451817550e-09  4.871913027833532e-01  3.514522540314825e-03 
 3.311311214825888e+02  9.999209321088261e-09  1.352337131166337e-08  7.087015490651059e-03 -9.680095988261931e-01  9.999999935001236e-01  4.806022409903354e-09  4.652643699685958e-01  3.406304856081786e-03 
 3.388441561392002e+02  9.999219289449776e-09  1.383837311408342e-08  7.030945995958917e-03 -9.459756160802714e-01  9.999999935001225e-01  4.696628665840086e-09  4.443243084343654e-01  3.302432075615705e-03 
 3.467368504525292e+02  9.999208121291511e-09  1.416071304660704e-08  6.977396000722730e-03 -9.244431955644776e-01  9.999999935001214e-01  4.589715218994428e-09  4.243267019058808e-01  3.202679674731250e-03 
 3.548133892335729e+02  9.999221915357704e-09  1.449056208358002e-08  6.926251934504956e-03 -9.034009208553253e-01  9.999999935001197e-01  4.485246733049175e-09  4.052291331465077e-01  3.106836624337740e-03 
 3.630780547700987e+02  9.999207586232792e-09  1.482809430797261e-08  6.877405331435390e-03 -8.828376353819688e-01  9.999999935001179e-01  4.383143771546916e-09  3.869910939882347e-01  3.014704523625317e-03 
 3.715352290971698e+02  9.999206345207385e-09  1.517349046409322e-08  6.830752600348641e-03 -8.627424365124270e-01  9.999999935001156e-01  4.283370706736900e-09  3.695738994112642e-01  2.926096790404164e-03 
 3.801893963205584e+02  9.999199153364788e-09  1.552693218442869e-08  6.786194805129413e-03 -8.431046697743373e-01  9.999999935001134e-01  4.185866275124850e-09  3.529406054905008e-01  2.840837904669580e-03 
 3.890451449942777e+02  9.999212790916820e-09  1.588860598644715e-08  6.743637455043952e-03 -8.239139232071638e-01  9.999999935001112e-01  4.090589904998110e-09  3.370559310349063e-01  2.758762701962725e-03 
 3.981071705534943e+02  9.999207305986004e-09  1.625870638122251e-08  6.702990304432195e-03 -8.051600218428716e-01  9.999999935001084e-01  3.997474518069311e-09  3.218861827535265e-01  2.679715713143837e-03 
 4.073802778041097e+02  9.999205174375003e-09  1.663742743573948e-08  6.664167161500134e-03 -7.868330223121623e-01  9.999999935001056e-01  3.906480056103945e-09  3.073991837894831e-01  2.603550547563429e-03 
 4.168693834703323e+02  9.999205893970919e-09  1.702496899014250e-08  6.627085705649305e-03 -7.689232075734116e-01  9.999999935001032e-01  3.817557988478049e-09  2.935642054703528e-01  2.530129316687493e-03 
 4.265795188015895e+02  9.999206807381274e-09  1.742153976636018e-08  6.591667313068612e-03 -7.514210817615020e-01  9.999999935001000e-01  3.730660100287331e-09  2.803519021301795e-01  2.459322095536652e-03 
 4.365158322401627e+02  9.999195062682043e-09  1.782734626587512e-08  6.557836890172515e-03 -7.343173651538586e-01  9.999999935000976e-01  3.645735626583990e-09  2.677342488648914e-01  2.391006419412316e-03 
 4.466835921509598e+02  9.999205391122656e-09  1.824260698057856e-08  6.525522714560476e-03 -7.176029892509928e-01  9.999999935000946e-01  3.562752232122435e-09  2.556844820890973e-01  2.325066813579647e-03 
 4.570881896148716e+02  9.999213700527041e-09  1.866754040236174e-08  6.494656283099426e-03 -7.012690919689724e-01  9.999999935000916e-01  3.481656983550518e-09  2.441770427681941e-01  2.261394353700184e-03 
 4.677351412871947e+02  9.999206472798841e-09  1.910237212854327e-08  6.465172166901355e-03 -6.853070129412570e-01  9.999999935000887e-01  3.402402335567212e-09  2.331875222053763e-01  2.199886255009211e-03 
 4.786300923226348e+02  9.999215022071078e-09  1.954733175324463e-08  6.437007872827251e-03 -6.697082889274257e-01  9.999999935000859e-01  3.324957045802712e-09  2.226926102685718e-01  2.140445488311089e-03 
 4.897788193684425e+02  9.999217090143943e-09  2.000265642010390e-08  6.410103711208695e-03 -6.544646493263607e-01  9.999999935000831e-01  3.249272455263519e-09  2.126700459474902e-01  2.082980421011445e-03 
 5.011872336272685e+02  9.999216705830133e-09  2.046858638138360e-08  6.384402669578725e-03 -6.395680117915112e-01  9.999999935000805e-01  3.175309862268882e-09  2.030985701359182e-01  2.027404481551947e-03 
 5.128613839913610e+02  9.999199956527581e-09  2.094536988295204e-08  6.359850292075636e-03 -6.250104779459185e-01  9.999999935000776e-01  3.103025787709601e-09  1.939578805391138e-01  1.973635845675841e-03 
 5.248074602497686e+02  9.999206403170197e-09  2.143325961156961e-08  6.336394564316038e-03 -6.107843291947381e-01  9.999999935000748e-01  3.032394252366899e-09  1.852285886106606e-01  1.921597143096174e-03 
 5.370317963702487e+02  9.999219085649614e-09  2.193251313897804e-08  6.313985803436478e-03 -5.968820226330327e-01  9.999999935000723e-01  2.963372290609723e-09  1.768921784274420e-01  1.871215183199605e-03 
 5.495408738576203e+02  9.999197252549493e-09  2.244339514234639e-08  6.292576553135316e-03 -5.832961870466767e-01  9.999999935000699e-01  2.895911378753002e-09  1.689309674155115e-01  1.822420698546841e-03 
 5.623413251903447e+02  9.999213722282379e-09  2.296617784836030e-08  6.272121483479902e-03 -5.700196190042598e-01  9.999999935000674e-01  2.829997049202948e-09  1.613280688435602e-01  1.775148104989097e-03 
 5.754399373371524e+02  9.999218145291744e-09  2.350113792459751e-08  6.252577295188032e-03 -5.570452790379102e-01  9.999999935000649e-01  2.765579674990359e-09  1.540673560044259e-01  1.729335277280691e-03 
 5.888436553555844e+02  9.999211869315587e-09  2.404855914406312e-08  6.233902628316914e-03 -5.443662879110274e-01  9.999999935000623e-01  2.702625699624317e-09  1.471334280086749e-01  1.684923339202938e-03 
 6.025595860743530e+02  9.999219892428581e-09  2.460873060883273e-08  6.216057975059625e-03 -5.319759229709361e-01  9.999999935000601e-01  2.641108547141169e-09  1.405115771177033e-01  1.641856467211626e-03 
 6.165950018614773e+02  9.999215126433498e-09  2.518195119094457e-08  6.199005596495973e-03 -5.198676145845506e-01  9.999999935000575e-01  2.580988346656543e-09  1.341877575470707e-01  1.600081706725065e-03 
 6.309573444801882e+02  9.999215034724526e-09  2.576852153879372e-08  6.182709443152240e-03 -5.080349426551396e-01  9.999999935000558e-01  2.522237856072973e-09  1.281485556738961e-01  1.559548800227201e-03 
 6.456542290346504e+02  9.999196734859539e-09  2.636875606754074e-08  6.167135079150707e-03 -4.964716332183734e-01  9.999999935000536e-01  2.464820202108253e-09  1.223811615851276e-01  1.520210026394153e-03 
 6.606934480075907e+02  9.999210027315358e-09  2.698297230097069e-08  6.152249609840970e-03 -4.851715551158301e-01  9.999999935000515e-01  2.408717246493719e-09  1.168733419063347e-01  1.482020049531542e-03 
 6.760829753919763e+02  9.999201680768551e-09  2.761149442420674e-08  6.138021612697348e-03 -4.741287167442179e-01  9.999999935000495e-01  2.353886183192877e-09  1.116134138533951e-01  1.444935778628784e-03 
 6.918309709189309e+02  9.999216207340073e-09  2.825465816869155e-08  6.124421071417895e-03 -4.633372628785865e-01  9.999999935000474e-01  2.300308533931261e-09  1.065902204520375e-01  1.408916235417479e-03 
 7.079457843841321e+02  9.999206890811385e-09  2.891280193040302e-08  6.111419312993149e-03 -4.527914715678467e-01  9.999999935000455e-01  2.247945024569376e-09  1.017931068726785e-01  1.373922430820447e-03 
 7.244359600749841e+02  9.999203026253390e-09  2.958627565163852e-08  6.098988947697000e-03 -4.424857511009627e-01  9.999999935000439e-01  2.196774699647630e-09  9.721189783036022e-02  1.339917249260158e-03 
 7.413102413009113e+02  9.999192629809898e-09  3.027543726830118e-08  6.087103811800089e-03 -4.324146370422044e-01  9.999999935000419e-01  2.146767770494495e-09  9.283687600185056e-02  1.306865340294485e-03 
 7.585775750291774e+02  9.999204882827322e-09  3.098065004536465e-08  6.075738912935323e-03 -4.225727893339022e-01  9.999999935000403e-01  2.097903940845303e-09  8.865876141412941e-02  1.274733017110665e-03 
 7.762471166286851e+02  9.999213023503138e-09  3.170229145865733e-08  6.064870377959644e-03 -4.129549894651667e-01  9.999999935000385e-01  2.050151486077123e-09  8.466869176054097e-02  1.243488161419625e-03 
 7.943282347242747e+02  9.999218752218654e-09  3.244074076036441e-08  6.054475403234176e-03 -4.035561377050759e-01  9.999999935000369e-01  2.003485488621948e-09  8.085820360286083e-02  1.213100134338669e-03 
 8.128305161640923e+02  9.999213485404201e-09  3.319639052534740e-08  6.044532207186132e-03 -3.943712503988748e-01  9.999999935000353e-01  1.957879559866260e-09  7.721921441940727e-02  1.183539692864616e-03 
 8.317637711026639e+02  9.999219499898716e-09  3.396964043389517e-08  6.035019985067282e-03 -3.853954573257504e-01  9.999999935000340e-01  1.913313930901328e-09  7.374400546111781e-02  1.154778911575460e-03 
 8.511380382023692e+02  9.999215454905637e-09  3.476090171261603e-08  6.025918865794057e-03 -3.766239991167927e-01  9.999999935000328e-01  1.869760832273748e-09  7.042520537922815e-02  1.126791109215828e-03 
 8.709635899560732e+02  9.999212291853554e-09  3.557059713443778e-08  6.017209870794198e-03 -3.680522247317751e-01  9.999999935000310e-01  1.827199301585036e-09  6.725577458982582e-02  1.099550779851246e-03 
 8.912509381337379e+02  9.999218555995159e-09  3.639914858410975e-08  6.008874874748020e-03 -3.596755889934209e-01  9.999999935000299e-01  1.785608286231088e-09  6.422899034211395e-02  1.073033528289353e-03 
 9.120108393559019e+02  9.999205929786559e-09  3.724700192719865e-08  6.000896568145146e-03 -3.514896501778520e-01  9.999999935000286e-01  1.744960675953422e-09  6.133843245871311e-02  1.047216009491730e-03 
 9.332543007969830e+02  9.999221574801518e-09  3.811460302927117e-08  5.993258421580195e-03 -3.434900676599504e-01  9.999999935000273e-01  1.705243189709105e-09  5.857796971775543e-02  1.022075871717967e-03 
 9.549925860214277e+02  9.999217610910887e-09  3.900241374310554e-08  5.985944651678326e-03 -3.356725996123854e-01  9.999999935000260e-01  1.666426455160241e-09  5.594174684788503e-02  9.975917031545658e-04 
 9.772372209558022e+02  9.999220719740015e-09  3.991090213872894e-08  5.978940188610127e-03 -3.280331007570917e-01  9.999999935000251e-01  1.628494464278596e-09  5.342417210857969e-02  9.737429818088437e-04 
 9.999999999999912e+02  9.999212109301187e-09  4.084055316155855e-08  5.972230645081092e-03 -3.205675201680057e-01  9.999999935000241e-01  1.591424034219635e-09  5.101990542944941e-02  9.505100284495629e-04 
 1.023292992280745e+03  9.999201150411849e-09  4.179185797426044e-08  5.965802286750598e-03 -3.132718991239065e-01  9.999999935000231e-01  1.555197096103633e-09  4.872384708335454e-02  9.278739624015665e-04 
 1.047128548050890e+03  9.999213534313269e-09  4.276532372671227e-08  5.959642003992354e-03 -3.061423690102159e-01  9.999999935000219e-01  1.519798370486214e-09  4.653112686931629e-02  9.058166600070339e-04 
 1.071519305237597e+03  9.999209286864443e-09  4.376146112150536e-08  5.953737284929921e-03 -2.991751492686519e-01  9.999999935000211e-01  1.485202905104899e-09  4.443709378227531e-02  8.843207155815126e-04 
 1.096478196143175e+03  9.999204122260763e-09  4.478080306569154e-08  5.948076189692910e-03 -2.923665453936485e-01  9.999999935000202e-01  1.451394809892648e-09  4.243730614778609e-02  8.633694047056269e-04 
 1.122018454301953e+03  9.999218395923203e-09  4.582388601903631e-08  5.942647325810991e-03 -2.857129469744801e-01  9.999999935000196e-01  1.418359055205265e-09  4.052752220072101e-02  8.429466496993298e-04 
 1.148153621496872e+03  9.999211349945761e-09  4.689126686940881e-08  5.937439824692735e-03 -2.792108257820469e-01  9.999999935000188e-01  1.386072284725870e-09  3.870369108799943e-02  8.230369871398776e-04 
 1.174897554939519e+03  9.999202319893787e-09  4.798351405099766e-08  5.932443319135541e-03 -2.728567338993131e-01  9.999999935000176e-01  1.354520204333021e-09  3.696194427625744e-02  8.036255372933479e-04 
 1.202264434617402e+03  9.999204013297490e-09  4.910120132706197e-08  5.927647921794341e-03 -2.666473018943983e-01  9.999999935000166e-01  1.323687784382521e-09  3.529858734623183e-02  7.846979753353461e-04 
 1.230268770812370e+03  9.999210220191348e-09  5.024491755989402e-08  5.923044204562786e-03 -2.605792370353457e-01  9.999999935000162e-01  1.293557774784126e-09  3.371009215645202e-02  7.662405042481080e-04 
 1.258925411794156e+03  9.999211282904625e-09  5.141527559260339e-08  5.918623178812092e-03 -2.546493215456258e-01  9.999999935000158e-01  1.264112939325379e-09  3.219308935961855e-02  7.482398292872273e-04 
 1.288249551693122e+03  9.999207614877866e-09  5.261289892644072e-08  5.914376276434895e-03 -2.488544108994331e-01  9.999999935000148e-01  1.235337762639510e-09  3.074436125579275e-02  7.306831339183590e-04 
 1.318256738556395e+03  9.999213179130130e-09  5.383841461537031e-08  5.910295331644794e-03 -2.431914321558727e-01  9.999999935000143e-01  1.207218713883407e-09  2.936083496723855e-02  7.135580571310545e-04 
 1.348962882591641e+03  9.999220432930892e-09  5.509247813506590e-08  5.906372563484037e-03 -2.376573823311394e-01  9.999999935000138e-01  1.179739916867817e-09  2.803957592043806e-02  6.968526720430156e-04 
 1.380384264602872e+03  9.999200704098735e-09  5.637575029027175e-08  5.902600558997302e-03 -2.322493268078179e-01  9.999999935000133e-01  1.152883483124256e-09  2.677778162145558e-02  6.805554657142320e-04 
 1.412537544622741e+03  9.999202962265596e-09  5.768891497837103e-08  5.898972257031019e-03 -2.269643977804501e-01  9.999999935000128e-01  1.126640905568799e-09  2.557277571144588e-02  6.646553200957135e-04 
 1.445439770745914e+03  9.999211336495397e-09  5.903267208395846e-08  5.895480932609977e-03 -2.217997927365345e-01  9.999999935000118e-01  1.100996349645555e-09  2.442200228969805e-02  6.491414940414233e-04 
 1.479108388168193e+03  9.999218100422497e-09  6.040772504434244e-08  5.892120181866882e-03 -2.167527729721348e-01  9.999999935000112e-01  1.075935340821843e-09  2.332302049217224e-02  6.340036063192120e-04 
 1.513561248436194e+03  9.999198910687114e-09  6.181480216582713e-08  5.888883907482504e-03 -2.118206621413022e-01  9.999999935000110e-01  1.051442044541773e-09  2.227349931403039e-02  6.192316195585177e-04 
 1.548816618912467e+03  9.999199981972859e-09  6.325465840006927e-08  5.885766304610371e-03 -2.070008448385255e-01  9.999999935000106e-01  1.027508411688416e-09  2.127121266517849e-02  6.048158250782562e-04 
 1.584893192461099e+03  9.999213006210387e-09  6.472805758050981e-08  5.882761847250294e-03 -2.022907652134424e-01  9.999999935000098e-01  1.004120772640782e-09  2.031403464833270e-02  5.907468285407973e-04 
 1.621810097358915e+03  9.999215708813907e-09  6.623576886966021e-08  5.879865275054010e-03 -1.976879256170635e-01  9.999999935000096e-01  9.812644585771579e-10  1.939993504959395e-02  5.770155363831929e-04 
 1.659586907437545e+03  9.999216645667315e-09  6.777860406259606e-08  5.877071580536080e-03 -1.931898852787760e-01  9.999999935000091e-01  9.589282423672074e-10  1.852697503196620e-02  5.636131429787239e-04 
 1.698243652461728e+03  9.999215893072088e-09  6.935737495439298e-08  5.874375996668431e-03 -1.887942590134108e-01  9.999999935000086e-01  9.371003001357181e-10  1.769330302268455e-02  5.505311184852080e-04 
 1.737800828749359e+03  9.999206353949398e-09  7.097291820912233e-08  5.871773984844373e-03 -1.844987159576722e-01  9.999999935000085e-01  9.157684194294191e-10  1.689715078563023e-02  5.377611973398149e-04 
 1.778279410038906e+03  9.999215011607016e-09  7.262609535985121e-08  5.869261223196804e-03 -1.803009783352486e-01  9.999999935000079e-01  8.949237600974769e-10  1.613682967050253e-02  5.252953673623868e-04 
 1.819700858609966e+03  9.999222592296777e-09  7.431778037414460e-08  5.866833595256254e-03 -1.761988202499356e-01  9.999999935000075e-01  8.745534713083813e-10  1.541072703079287e-02  5.131258594315833e-04 
 1.862087136662849e+03  9.999218499790957e-09  7.604886853584958e-08  5.864487178943534e-03 -1.721900665061169e-01  9.999999935000070e-01  8.546458540870105e-10  1.471730280296365e-02  5.012451377010415e-04 
 1.905460717963228e+03  9.999212967352899e-09  7.782027466873842e-08  5.862218235886076e-03 -1.682725914559737e-01  9.999999935000069e-01  8.351912772486259e-10  1.405508623957793e-02  4.896458903241082e-04 
 1.949844599758026e+03  9.999212576362446e-09  7.963294734736337e-08  5.860023201053268e-03 -1.644443178727941e-01  9.999999935000065e-01  8.161799708306106e-10  1.342267278945103e-02  4.783210206580362e-04 
 1.995262314968860e+03  9.999233065058406e-09  8.148783692263351e-08  5.857898672708306e-03 -1.607032158497853e-01  9.999999935000066e-01  7.976030808043433e-10  1.281872111820863e-02  4.672636389203443e-04 
 2.041737944669509e+03  9.999216040106613e-09  8.338593815437889e-08  5.855841402672316e-03 -1.570473017237924e-01  9.999999935000060e-01  7.794460910037770e-10  1.224195026293237e-02  4.564670542714212e-04 
 2.089296130854019e+03  9.999217080834815e-09  8.532824935514327e-08  5.853848286905196e-03 -1.534746370233542e-01  9.999999935000058e-01  7.617038111362717e-10  1.169113691485983e-02  4.459247672995772e-04 
 2.137962089502211e+03  9.999208183518100e-09  8.731580258825034e-08  5.851916356394656e-03 -1.499833274405326e-01  9.999999935000056e-01  7.443646532490078e-10  1.116511282437610e-02  4.356304628850436e-04 
 2.187761623949531e+03  9.999212007930681e-09  8.934964945694901e-08  5.850042768363918e-03 -1.465715218259711e-01  9.999999935000056e-01  7.274211233365691e-10  1.066276232279457e-02  4.255780034221827e-04 
 2.238721138568317e+03  9.999208639234266e-09  9.143087531526817e-08  5.848224797792663e-03 -1.432374112066536e-01  9.999999935000052e-01  7.108627575469484e-10  1.018301995567176e-02  4.157614223790913e-04 
 2.290867652767750e+03  9.999210875853142e-09  9.356057972809140e-08  5.846459829257330e-03 -1.399792278258407e-01  9.999999935000048e-01  6.946817010522466e-10  9.724868222637446e-03  4.061749181757890e-04 
 2.344228815319898e+03  9.999220385941212e-09  9.573989068201172e-08  5.844745349089849e-03 -1.367952442046856e-01  9.999999935000045e-01  6.788694606463253e-10  9.287335418947856e-03  3.968128483627035e-04 
 2.398832919019466e+03  9.999214695765280e-09  9.796995925626106e-08  5.843078937857438e-03 -1.336837722250342e-01  9.999999935000045e-01  6.634161275886896e-10  8.869493574184423e-03  3.876697240824410e-04 
 2.454708915685005e+03  9.999210791436762e-09  1.002519738335650e-07  5.841458263165277e-03 -1.306431622329328e-01  9.999999935000043e-01  6.483146797187089e-10  8.470456483727466e-03  3.787402047987072e-04 
 2.511886431509554e+03  9.999196312526238e-09  1.025871458892880e-07  5.839881072780224e-03 -1.276718021623791e-01  9.999999935000041e-01  6.335563185189130e-10  8.089377828830346e-03  3.700190932769239e-04 
 2.570395782768837e+03  9.999208140290329e-09  1.049767099914334e-07  5.838345188077820e-03 -1.247681166788592e-01  9.999999935000040e-01  6.191355483853300e-10  7.725449381307449e-03  3.615013308022269e-04 
 2.630267991895354e+03  9.999214877775121e-09  1.074219362351414e-07  5.836848497808434e-03 -1.219305663422305e-01  9.999999935000037e-01  6.050427103776457e-10  7.377899289028922e-03  3.531819926209538e-04 
 2.691534803926887e+03  9.999223295102868e-09  1.099241160318343e-07  5.835388952183474e-03 -1.191576467885176e-01  9.999999935000037e-01  5.912707545796536e-10  7.045990438586145e-03  3.450562835928550e-04 
 2.754228703338138e+03  9.999211929588992e-09  1.124845816491415e-07  5.833964557275263e-03 -1.164478879301996e-01  9.999999935000033e-01  5.778111322740642e-10  6.729018891655560e-03  3.371195340415730e-04 
 2.818382931264424e+03  9.999218266150882e-09  1.151046902236885e-07  5.832573369728487e-03 -1.137998531745791e-01  9.999999935000030e-01  5.646589029684179e-10  6.426312391744650e-03  3.293671957919436e-04 
 2.884031503126575e+03  9.999214013346056e-09  1.177858202083826e-07  5.831213491775122e-03 -1.112121386598285e-01  9.999999935000031e-01  5.518054624342739e-10  6.137228938152884e-03  3.217948383830225e-04 
 2.951209226666354e+03  9.999212077143437e-09  1.205294068995499e-07  5.829883066549316e-03 -1.086833725083239e-01  9.999999935000030e-01  5.392447322005722e-10  5.861155424123071e-03  3.143981454466895e-04 
 3.019951720401984e+03  9.999214177384787e-09  1.233369033570852e-07  5.828580273692060e-03 -1.062122140968819e-01  9.999999935000027e-01  5.269701341958921e-10  5.597506336294453e-03  3.071729112419469e-04 
 3.090295432513557e+03  9.999207925403938e-09  1.262097875098789e-07  5.827303325238637e-03 -1.037973533435215e-01  9.999999935000028e-01  5.149745074817247e-10  5.345722512698645e-03  3.001150373358354e-04 
 3.162277660168345e+03  9.999224800297786e-09  1.291495976829538e-07  5.826050461779557e-03 -1.014375100103891e-01  9.999999935000026e-01  5.032531058546397e-10  5.105269956663954e-03  2.932205294223511e-04 
 3.235936569296248e+03  9.999216163608376e-09  1.321578828594738e-07  5.824819948884077e-03 -9.913143302248119e-02  9.999999935000023e-01  4.917972418194694e-10  4.875638704111641e-03  2.864854942712294e-04 
 3.311311214825875e+03  9.999215911474911e-09  1.352362311024535e-07  5.823610073778439e-03 -9.687789980181771e-02  9.999999935000025e-01  4.806025577508422e-10  4.656341741841207e-03  2.799061367991455e-04 
 3.388441561391989e+03  9.999221010509857e-09  1.383862908710398e-07  5.822419142265041e-03 -9.467571561671674e-02  9.999999935000023e-01  4.696629474221226e-10  4.446913974509558e-03  2.734787572560866e-04 
 3.467368504525279e+03  9.999208242228728e-09  1.416097248352344e-07  5.821245475874343e-03 -9.252371294583658e-02  9.999999935000021e-01  4.589715274505579e-10  4.246911238112426e-03  2.671997485204070e-04 
 3.548133892335716e+03  9.999203715749115e-09  1.449082418503167e-07  5.820087409237948e-03 -9.042075085665063e-02  9.999999935000021e-01  4.485238569440497e-10  4.055909357874662e-03  2.610655934963455e-04 
 3.630780547700973e+03  9.999205860805658e-09  1.482835827459894e-07  5.818943287671155e-03 -8.836571439803260e-02  9.999999935000022e-01  4.383143015207480e-10  3.873503248550465e-03  2.550728626082037e-04 
 3.715352290971684e+03  9.999217765026662e-09  1.517375594062287e-07  5.817811464956389e-03 -8.635751400663268e-02  9.999999935000019e-01  4.283375598657102e-10  3.699306055224341e-03  2.492182113859112e-04 
 3.801893963205570e+03  9.999199393711427e-09  1.552719837150107e-07  5.816690301316184e-03 -8.439508492673331e-02  9.999999935000019e-01  4.185866375738811e-10  3.532948332789587e-03  2.434983781369341e-04 
 3.890451449942763e+03  9.999199671019540e-09  1.588887350578716e-07  5.815578161567529e-03 -8.247738664327837e-02  9.999999935000018e-01  4.090584537763675e-10  3.374077262363045e-03  2.379101816999584e-04 
 3.981071705534928e+03  9.999215081840535e-09  1.625897390056252e-07  5.814473413447634e-03 -8.060340232777605e-02  9.999999935000013e-01  3.997477626693779e-10  3.222355902973270e-03  2.324505192760030e-04 
 4.073802778041082e+03  9.999228832174114e-09  1.663769424453676e-07  5.813374426104492e-03 -7.877213829678259e-02  9.999999935000012e-01  3.906489298710625e-10  3.077462476934104e-03  2.271163643330427e-04 
 4.168693834703307e+03  9.999224659472406e-09  1.702523562130409e-07  5.812279568744721e-03 -7.698262348267770e-02  9.999999935000013e-01  3.817565152886004e-10  2.939089687387029e-03  2.219047645804359e-04 
 4.265795188015879e+03  9.999223508534142e-09  1.742180373298652e-07  5.811187209433193e-03 -7.523390891645210e-02  9.999999935000016e-01  3.730666331414056e-10  2.806944066564079e-03  2.168128400097598e-04 
 4.365158322401610e+03  9.999206567146833e-09  1.782761103186203e-07  5.810095714038722e-03 -7.352506722222944e-02  9.999999935000011e-01  3.645739821145355e-10  2.680745353388145e-03  2.118377809988679e-04 
 4.466835921509581e+03  9.999224320502217e-09  1.824286854912316e-07  5.809003445323282e-03 -7.185519212325404e-02  9.999999935000015e-01  3.562758976727309e-10  2.560225899089850e-03  2.069768464762867e-04 
 4.570881896148699e+03  9.999222249765008e-09  1.866780046100303e-07  5.807908762170646e-03 -7.022339795908046e-02  9.999999935000011e-01  3.481659960336003e-10  2.445130099579668e-03  2.022273621431846e-04 
 4.677351412871929e+03  9.999206217892761e-09  1.910262987792066e-07  5.806810018954789e-03 -6.862881921370646e-02  9.999999935000009e-01  3.402402248831038e-10  2.335213853370675e-03  1.975867187504610e-04 
 4.786300923226329e+03  9.999209805199722e-09  1.954758701572246e-07  5.805705565046102e-03 -6.707061005439818e-02  9.999999935000010e-01  3.324955311079236e-10  2.230244043901641e-03  1.930523704285526e-04 
 4.897788193684407e+03  9.999215574041754e-09  2.000290884041078e-07  5.804593744456880e-03 -6.554794388096033e-02  9.999999935000010e-01  3.249271962602052e-10  2.129998045161935e-03  1.886218330678050e-04 
 5.011872336272666e+03  9.999203201949456e-09  2.046883658124443e-07  5.803472895628474e-03 -6.406001288521318e-02  9.999999935000010e-01  3.175305574032450e-10  2.034263249569235e-03  1.842926827473876e-04 
 5.128613839913590e+03  9.999228018218748e-09  2.094561821763818e-07  5.802341351362678e-03 -6.260602762044033e-02  9.999999935000007e-01  3.103034496021451e-10  1.942836617098216e-03  1.800625542108348e-04 
 5.248074602497666e+03  9.999204847279660e-09  2.143350243954956e-07  5.801197438901085e-03 -6.118521658058070e-02  9.999999935000011e-01  3.032393780522114e-10  1.855524244703598e-03  1.759291393864217e-04 
 5.370317963702466e+03  9.999207964140381e-09  2.193275250306215e-07  5.800039480158756e-03 -5.979682578894182e-02  9.999999935000012e-01  2.963368994635118e-10  1.772140955123954e-03  1.718901859507394e-04 
 5.495408738576182e+03  9.999196941081433e-09  2.244363273007366e-07  5.798865792116353e-03 -5.844011839621883e-02  9.999999935000011e-01  2.895911288547381e-10  1.692509904193889e-03  1.679434959338325e-04 
 5.623413251903426e+03  9.999222622010483e-09  2.296641312682368e-07  5.797674687379209e-03 -5.711437428760953e-02  9.999999935000008e-01  2.829999568021435e-10  1.616462205831465e-03  1.640869243644566e-04 
 5.754399373371502e+03  9.999209238968149e-09  2.350136938389369e-07  5.796464474909193e-03 -5.581888969882083e-02  9.999999935000008e-01  2.765577211683024e-10  1.543836573905291e-03  1.603183779539882e-04 
 5.888436553555821e+03  9.999204398584450e-09  2.404878642892072e-07  5.795233460938786e-03 -5.455297684076948e-02  9.999999935000008e-01  2.702623680406191e-10  1.474478980221527e-03  1.566358138176748e-04 
 6.025595860743507e+03  9.999211091775036e-09  2.460895558442644e-07  5.793979950074401e-03 -5.331596353278525e-02  9.999999935000006e-01  2.641106222611711e-10  1.408242327905305e-03  1.530372382318866e-04 
 6.165950018614749e+03  9.999210260695793e-09  2.518217172564619e-07  5.792702246598501e-03 -5.210719284413064e-02  9.999999935000006e-01  2.580987090716746e-10  1.344986139483688e-03  1.495207054261531e-04 
 6.309573444801857e+03  9.999226505853666e-09  2.576874038595633e-07  5.791398655979086e-03 -5.092602274365787e-02  9.999999935000005e-01  2.522240749591731e-10  1.284576259008578e-03  1.460843164087737e-04 
 6.456542290346478e+03  9.999216242437410e-09  2.636897065144694e-07  5.790067486594747e-03 -4.977182575742928e-02  9.999999935000008e-01  2.464825010761729e-10  1.226884567587692e-03  1.427262178248304e-04 
 6.606934480075881e+03  9.999207175605637e-09  2.698318368743458e-07  5.788707051684532e-03 -4.864398863413399e-02  9.999999935000005e-01  2.408716559543223e-10  1.171788711720278e-03  1.394446008454928e-04 
 6.760829753919737e+03  9.999196080308296e-09  2.761170136977853e-07  5.787315671529753e-03 -4.754191201813917e-02  9.999999935000009e-01  2.353884864803035e-10  1.119171843861321e-03  1.362377000874983e-04 
 6.918309709189281e+03  9.999207852274040e-09  2.825486120627829e-07  5.785891675875380e-03 -4.646501013001982e-02  9.999999935000007e-01  2.300306611857650e-10  1.068922374664005e-03  1.331037925617422e-04 
 7.079457843841294e+03  9.999212446560396e-09  2.891300141527609e-07  5.784433406597139e-03 -4.541271045441846e-02  9.999999935000007e-01  2.247946273570278e-10  1.020933736374929e-03  1.300411966499259e-04 
 7.244359600749813e+03  9.999196740994157e-09  2.958647087325517e-07  5.782939220619482e-03 -4.438445343508935e-02  9.999999935000009e-01  2.196773318807743e-10  9.751041568802546e-04  1.270482711082317e-04 
 7.413102413009085e+03  9.999210696638417e-09  3.027563053592530e-07  5.781407493087850e-03 -4.337969217698960e-02  9.999999935000005e-01  2.146771649336188e-10  9.313364439235162e-04  1.241234140970078e-04 
 7.585775750291745e+03  9.999216094484565e-09  3.098084064845352e-07  5.779836620797022e-03 -4.239789215528476e-02  9.999999935000004e-01  2.097906293130336e-10  8.895377790374495e-04  1.212650622354641e-04 
 7.762471166286822e+03  9.999208725429616e-09  3.170247708794705e-07  5.778225025875555e-03 -4.143853093114000e-02  9.999999935000004e-01  2.050150604837597e-10  8.496195207527089e-04  1.184716896804006e-04 
 7.943282347242717e+03  9.999214319398735e-09  3.244092283694044e-07  5.776571159723497e-03 -4.050109787417588e-02  9.999999935000004e-01  2.003484600443528e-10  8.114970166660727e-04  1.157418072279918e-04 
 8.128305161640892e+03  9.999218411296504e-09  3.319656940448112e-07  5.774873507198212e-03 -3.958509389147027e-02  9.999999935000004e-01  1.957880524372513e-10  7.750894239694669e-04  1.130739614376736e-04 
 8.317637711026608e+03  9.999213806523968e-09  3.396981611558658e-07  5.773130591040239e-03 -3.869003116299372e-02  9.999999935000005e-01  1.913312841494985e-10  7.403195380590705e-04  1.104667337771897e-04 
 8.511380382023659e+03  9.999201576431547e-09  3.476107579558629e-07  5.771340976527726e-03 -3.781543288336969e-02  9.999999935000002e-01  1.869758237127428e-10  7.071136288608846e-04  1.079187397878701e-04 
 8.709635899560699e+03  9.999219468671298e-09  3.557076482252342e-07  5.769503276344522e-03 -3.696083300985471e-02  9.999999935000004e-01  1.827200613035984e-10  6.754012845254733e-04  1.054286282692289e-04 
 8.912509381337344e+03  9.999215680571506e-09  3.639931307475308e-07  5.767616155643180e-03 -3.612577601643738e-02  9.999999935000006e-01  1.785607772752940e-10  6.451152621601963e-04  1.029950804819850e-04 
 9.120108393558983e+03  9.999203703104807e-09  3.724716322039967e-07  5.765678337280312e-03 -3.530981665395749e-02  9.999999935000004e-01  1.744960287375363e-10  6.161913452821197e-04  1.006168093686361e-04 
 9.332543007969793e+03  9.999211687531588e-09  3.811476005921577e-07  5.763688607197287e-03 -3.451251971615072e-02  9.999999935000006e-01  1.705241503557886e-10  5.885682076890636e-04  9.829255879073028e-05 
 9.549925860214238e+03  9.999230851192856e-09  3.900256970723603e-07  5.761645819914602e-03 -3.373345981152297e-02  9.999999935000000e-01  1.666428661728503e-10  5.621872834597310e-04  9.602110278200568e-05 
 9.772372209557981e+03  9.999211090798329e-09  3.991105543832418e-07  5.759548904104638e-03 -3.297222114096485e-02  9.999999935000001e-01  1.628492896088574e-10  5.369926428069414e-04  9.380124481660772e-05 
 9.999999999999871e+03  9.999237657937893e-09  4.084070255316874e-07  5.757396868201841e-03 -3.222839728101153e-02  9.999999935000004e-01  1.591428100411463e-10  5.129308735202452e-04  9.163181709161323e-05 
 1.023292992280741e+04  9.999208199406808e-09  4.179200487897106e-07  5.755188806005368e-03 -3.150159097265920e-02  9.999999935000004e-01  1.555198192448870e-10  4.899509677461219e-04  8.951167982313334e-05 
 1.047128548050886e+04  9.999208603780216e-09  4.276546547998805e-07  5.752923902224973e-03 -3.079141391564370e-02  9.999999935000004e-01  1.519797621085672e-10  4.680042138651652e-04  8.743972055531481e-05 
 1.071519305237592e+04  9.999210408059930e-09  4.376160092078862e-07  5.750601437915701e-03 -3.009748656808875e-02  9.999999935000004e-01  1.485203071638352e-10  4.470440932364822e-04  8.541485348159039e-05 
 1.096478196143171e+04  9.999210050036948e-09  4.478094126625365e-07  5.748220795743887e-03 -2.941943795142779e-02  9.999999935000001e-01  1.451395670315492e-10  4.270261815898125e-04  8.343601877759654e-05 
 1.122018454301949e+04  9.999208514454789e-09  4.582402226560589e-07  5.745781465022503e-03 -2.875690546050064e-02  9.999999935000004e-01  1.418357653548696e-10  4.079080548556932e-04  8.150218194522037e-05 
 1.148153621496868e+04  9.999227969072437e-09  4.689140382652113e-07  5.743283046450963e-03 -2.810953467872277e-02  9.999999934999999e-01  1.386074588438646e-10  3.896491992333960e-04  7.961233316730379e-05 
 1.174897554939514e+04  9.999215945371912e-09  4.798364159341872e-07  5.740725256491681e-03 -2.747697919822095e-02  9.999999935000002e-01  1.354522050078799e-10  3.722109253053285e-04  7.776548667259563e-05 
 1.202264434617397e+04  9.999208521138216e-09  4.910132531676936e-07  5.738107931313620e-03 -2.685890044482315e-02  9.999999935000002e-01  1.323688381127397e-10  3.555562860151543e-04  7.596068011061145e-05 
 1.230268770812365e+04  9.999195094361001e-09  5.024504190487278e-07  5.735431030231977e-03 -2.625496750778683e-02  9.999999935000001e-01  1.293555818016046e-10  3.396499983350935e-04  7.419697393613514e-05 
 1.258925411794151e+04  9.999205025777628e-09  5.141539816122531e-07  5.732694638572565e-03 -2.566485697414171e-02  9.999999935000004e-01  1.264112148291474e-10  3.244583684556725e-04  7.247345080316930e-05 
 1.288249551693117e+04  9.999209075182460e-09  5.261301794234896e-07  5.729898969890061e-03 -2.508825276751823e-02  9.999999935000001e-01  1.235337943050752e-10  3.099492203386873e-04  7.078921496821935e-05 
 1.318256738556390e+04  9.999199845202252e-09  5.383853078910761e-07  5.727044367471265e-03 -2.452484599132593e-02  9.999999935000004e-01  1.207217104060021e-10  2.960918274812983e-04  6.914339170287952e-05 
 1.348962882591636e+04  9.999227490438567e-09  5.509259466407457e-07  5.724131305056783e-03 -2.397433477613830e-02  9.999999934999999e-01  1.179740749535085e-10  2.828568477460047e-04  6.753512671576140e-05 
 1.380384264602866e+04  9.999218758844164e-09  5.637586610873768e-07  5.721160386718851e-03 -2.343642413113561e-02  9.999999935000000e-01  1.152885564792427e-10  2.702162611178076e-04  6.596358558388872e-05 
 1.412537544622735e+04  9.999203824445968e-09  5.768902724412328e-07  5.718132345838251e-03 -2.291082579944857e-02  9.999999935000001e-01  1.126641002713313e-10  2.581433102561141e-04  6.442795319375930e-05 
 1.445439770745908e+04  9.999212848946511e-09  5.903277724428335e-07  5.715048043129127e-03 -2.239725811724144e-02  9.999999935000001e-01  1.100996516179009e-10  2.466124437149359e-04  6.292743319234140e-05 
 1.479108388168187e+04  9.999224291145117e-09  6.040782807303913e-07  5.711908463668706e-03 -2.189544587636595e-02  9.999999935000001e-01  1.075936006955658e-10  2.355992617106604e-04  6.146124744834712e-05 
 1.513561248436188e+04  9.999216859635908e-09  6.181490590506655e-07  5.708714712897098e-03 -2.140512019041342e-02  9.999999935000001e-01  1.051443931920915e-10  2.250804643221584e-04  6.002863552418104e-05 
 1.548816618912460e+04  9.999212946937683e-09  6.325476107349459e-07  5.705468011562438e-03 -2.092601836398771e-02  9.999999935000001e-01  1.027509743956045e-10  2.150338020132428e-04  5.862885415901988e-05 
 1.584893192461092e+04  9.999195455130896e-09  6.472815385905051e-07  5.702169689596906e-03 -2.045788376501948e-02  9.999999935000001e-01  1.004119010161730e-10  2.054380283725155e-04  5.726117676351906e-05 
 1.621810097358908e+04  9.999233244460944e-09  6.623586727982911e-07  5.698821178921147e-03 -2.000046569993937e-02  9.999999934999999e-01  9.812661794228461e-11  1.962728549704433e-04  5.592489292668180e-05 
 1.659586907437538e+04  9.999213462035782e-09  6.777869714369444e-07  5.695424005186264e-03 -1.955351929152868e-02  9.999999935000001e-01  9.589279370558756e-11  1.875189082381124e-04  5.461930793544482e-05 
 1.698243652461721e+04  9.999216929640889e-09  6.935746341696358e-07  5.691979778475428e-03 -1.911680535926591e-02  9.999999935000004e-01  9.371003972802328e-11  1.791576882764993e-04  5.334374230754825e-05 
 1.737800828749351e+04  9.999232265668132e-09  7.097301164549208e-07  5.688490182999553e-03 -1.869009030199106e-02  9.999999934999999e-01  9.157707925311342e-11  1.711715295093124e-04  5.209753133825217e-05 
 1.778279410038898e+04  9.999212995825437e-09  7.262618311187907e-07  5.684956965834756e-03 -1.827314598271387e-02  9.999999935000001e-01  8.949235796862354e-11  1.635435630964825e-04  5.088002466145143e-05 
 1.819700858609958e+04  9.999225924407317e-09  7.431786457345879e-07  5.681381924761266e-03 -1.786574961539751e-02  9.999999935000000e-01  8.745537627419253e-11  1.562576810292153e-04  4.969058582570665e-05 
 1.862087136662842e+04  9.999237334464601e-09  7.604895131407829e-07  5.677766895275895e-03 -1.746768365355778e-02  9.999999934999999e-01  8.546474639103963e-11  1.492985018312057e-04  4.852859188567075e-05 
 1.905460717963221e+04  9.999227256245144e-09  7.782035709169577e-07  5.674113736861140e-03 -1.707873568052586e-02  9.999999935000001e-01  8.351924707383773e-11  1.426513377941009e-04  4.739343300933414e-05 
 1.949844599758018e+04  9.999204925460656e-09  7.963302550706430e-07  5.670424318604471e-03 -1.669869830123452e-02  9.999999935000001e-01  8.161793463301592e-11  1.363021636786612e-04  4.628451210144615e-05 
 1.995262314968852e+04  9.999233239038677e-09  8.148791721396265e-07  5.666700504270300e-03 -1.632736903539837e-02  9.999999935000001e-01  7.976030946821311e-11  1.302375868162362e-04  4.520124444339209e-05 
 2.041737944669501e+04  9.999242745032039e-09  8.338601560353709e-07  5.662944136934773e-03 -1.596455021197262e-02  9.999999935000000e-01  7.794481726719482e-11  1.244448185482245e-04  4.414305734971922e-05 
 2.089296130854010e+04  9.999227282900994e-09  8.532832680430147e-07  5.659157023299861e-03 -1.561004886478846e-02  9.999999935000000e-01  7.617045882923890e-11  1.189116469440642e-04  4.310938984141183e-05 
 2.137962089502202e+04  9.999221978839708e-09  8.731587968213717e-07  5.655340917807304e-03 -1.526367662927779e-02  9.999999934999999e-01  7.443656802053056e-11  1.136264107410543e-04  4.209969233591322e-05 
 2.187761623949522e+04  9.999208955680700e-09  8.934972299812216e-07  5.651497506675804e-03 -1.492524964021491e-02  9.999999935000001e-01  7.274209012919641e-11  1.085779744519161e-04  4.111342635379043e-05 
 2.238721138568308e+04  9.999212543416693e-09  9.143094530372764e-07  5.647628391985558e-03 -1.459458843041871e-02  9.999999935000001e-01  7.108630351027045e-11  1.037557045884860e-04  4.015006424183135e-05 
 2.290867652767740e+04  9.999216469024685e-09  9.356064936127950e-07  5.643735075933174e-03 -1.427151783037299e-02  9.999999934999999e-01  6.946820896303052e-11  9.914944695228394e-05  3.920908891225873e-05 
 2.344228815319889e+04  9.999208121398414e-09  9.573995498612931e-07  5.639818945377024e-03 -1.395586686873817e-02  9.999999935000001e-01  6.788686279790568e-11  9.474950494493425e-05  3.828999359764240e-05 
 2.398832919019456e+04  9.999237704503105e-09  9.797002746836370e-07  5.635881256788605e-03 -1.364746867374114e-02  9.999999934999999e-01  6.634176541453485e-11  9.054661885353588e-05  3.739228162099417e-05 
 2.454708915684995e+04  9.999211647606910e-09  1.002520406245822e-06  5.631923121719088e-03 -1.334616037544350e-02  9.999999935000001e-01  6.483147352298602e-11  8.653194606808518e-05  3.651546618043719e-05 
 2.511886431509544e+04  9.999226100366683e-09  1.025872137461192e-06  5.627945492882698e-03 -1.305178300890028e-02  9.999999934999999e-01  6.335582058980549e-11  8.269704218995852e-05  3.565907014775924e-05 
 2.570395782768826e+04  9.999231001556605e-09  1.049767746508223e-06  5.623949150949536e-03 -1.276418141823231e-02  9.999999935000000e-01  6.191369639196864e-11  7.903384299226792e-05  3.482262588008561e-05 
 2.630267991895344e+04  9.999241941160248e-09  1.074219994734449e-06  5.619934692130462e-03 -1.248320416164420e-02  9.999999934999999e-01  6.050443479566070e-11  7.553464719461353e-05  3.400567504384477e-05 
 2.691534803926876e+04  9.999235499138114e-09  1.099241785595950e-06  5.615902516626000e-03 -1.220870341742842e-02  9.999999934999999e-01  5.912714762246196e-11  7.219210001638300e-05  3.320776845015026e-05 
 2.754228703338126e+04  9.999221535976482e-09  1.124846392031031e-06  5.611852817999597e-03 -1.194053489100088e-02  9.999999935000001e-01  5.778116873855765e-11  6.899917747428731e-05  3.242846590068265e-05 
 2.818382931264412e+04  9.999247265090512e-09  1.151047428038510e-06  5.607785573524319e-03 -1.167855772301923e-02  9.999999935000000e-01  5.646605405473792e-11  6.594917139129390e-05  3.166733604313339e-05 
 2.884031503126564e+04  9.999240670020977e-09  1.177858791834296e-06  5.603700535540010e-03 -1.142263439863652e-02  9.999999934999999e-01  5.518069334797815e-11  6.303567508550687e-05  3.092395623525737e-05 
 2.951209226666342e+04  9.999253765533651e-09  1.205294637429688e-06  5.599597223846569e-03 -1.117263065794461e-02  9.999999935000000e-01  5.392469804021971e-11  6.025256970887670e-05  3.019791241658359e-05 
 3.019951720401971e+04  9.999235243773688e-09  1.233369545161622e-06  5.595474919148009e-03 -1.092841540766118e-02  9.999999935000001e-01  5.269712444189167e-11  5.759401120688762e-05  2.948879898684580e-05 
 3.090295432513544e+04  9.999212236821530e-09  1.262098408005841e-06  5.591332657551296e-03 -1.068986063411187e-02  9.999999935000001e-01  5.149747295263296e-11  5.505441787158032e-05  2.879621869021845e-05 
 3.162277660168332e+04  9.999211564767384e-09  1.291496488420307e-06  5.587169226114537e-03 -1.045684131755645e-02  9.999999934999999e-01  5.032524397208249e-11  5.262845846142703e-05  2.811978250447854e-05 
 3.235936569296234e+04  9.999225757151371e-09  1.321579276236662e-06  5.582983159430201e-03 -1.022923534790262e-02  9.999999935000001e-01  4.917977136642548e-11  5.031104086268039e-05  2.745910953425677e-05 
 3.311311214825861e+04  9.999266728914391e-09  1.352362829720732e-06  5.578772737221694e-03 -1.000692344184656e-02  9.999999935000000e-01  4.806050002414963e-11  4.809730126788458e-05  2.681382690759344e-05 
 3.388441561391974e+04  9.999238147245755e-09  1.383863406090313e-06  5.574535982925053e-03 -9.789789061472537e-03  9.999999935000000e-01  4.696637523338154e-11  4.598259384825439e-05  2.618356967507184e-05 
 3.467368504525264e+04  9.999225173444213e-09  1.416097688888840e-06  5.570270663222553e-03 -9.577718334337341e-03  9.999999935000001e-01  4.589723046066752e-11  4.396248089760992e-05  2.556798071086534e-05 
 3.548133892335701e+04  9.999231560454042e-09  1.449082873250518e-06  5.565974288491103e-03 -9.370599975058147e-03  9.999999935000000e-01  4.485251059449524e-11  4.203272342649776e-05  2.496671061510045e-05 
 3.630780547700958e+04  9.999207760358382e-09  1.482836324839809e-06  5.561644114125889e-03 -9.168325208415077e-03  9.999999935000001e-01  4.383143847874749e-11  4.018927218603887e-05  2.437941761700727e-05 
 3.715352290971669e+04  9.999239146815975e-09  1.517376034598783e-06  5.557277142698440e-03 -8.970787693972124e-03  9.999999935000000e-01  4.283384757997055e-11  3.842825910191717e-05  2.380576747839834e-05 
 3.801893963205554e+04  9.999204034888550e-09  1.552720249264894e-06  5.552870126908411e-03 -8.777883452213243e-03  9.999999935000001e-01  4.185868318629105e-11  3.674598909976900e-05  2.324543339708635e-05 
 3.890451449942747e+04  9.999224095908999e-09  1.588887755588075e-06  5.548419573289469e-03 -8.589510792183201e-03  9.999999935000001e-01  4.090594529770897e-11  3.513893230404550e-05  2.269809590991912e-05 
 3.981071705534912e+04  9.999221330295060e-09  1.625897709800483e-06  5.543921746632115e-03 -8.405570240616583e-03  9.999999935000001e-01  3.997480124695585e-11  3.360371659320593e-05  2.216344279517569e-05 
 4.073802778041065e+04  9.999263643950596e-09  1.663769751303334e-06  5.539372675089519e-03 -8.225964472532340e-03  9.999999935000000e-01  3.906502898942676e-11  3.213712049485573e-05  2.164116897413008e-05 
 4.168693834703290e+04  9.999247923241812e-09  1.702523888980068e-06  5.534768155936681e-03 -8.050598243266430e-03  9.999999935000001e-01  3.817574034670201e-11  3.073606640517361e-05  2.113097641164705e-05 
 4.265795188015862e+04  9.999236899213490e-09  1.742180756991729e-06  5.530103761958174e-03 -7.879378321910442e-03  9.999999935000001e-01  3.730671327417667e-11  2.939761411767309e-05  2.063257401572785e-05 
 4.365158322401593e+04  9.999235494833378e-09  1.782761387403298e-06  5.525374848445478e-03 -7.712213426121188e-03  9.999999935000001e-01  3.645750368264089e-11  2.811895464702334e-05  2.014567753597337e-05 
 4.466835921509562e+04  9.999230552396697e-09  1.824287267027103e-06  5.520576560790975e-03 -7.549014158263320e-03  9.999999935000000e-01  3.562761197173359e-11  2.689740433430287e-05  1.967000946097451e-05 
 4.570881896148680e+04  9.999252540771413e-09  1.866780337422824e-06  5.515703842672365e-03 -7.389692942846034e-03  9.999999935000000e-01  3.481670507454737e-11  2.573039922068871e-05  1.920529891467829e-05 
 4.677351412871909e+04  9.999250265656666e-09  1.910263279114588e-06  5.510751444827931e-03 -7.234163965214106e-03  9.999999935000000e-01  3.402417236841870e-11  2.461548967718370e-05  1.875128155180988e-05 
 4.786300923226309e+04  9.999248201372568e-09  1.954759000000195e-06  5.505713934430306e-03 -7.082343111454584e-03  9.999999935000001e-01  3.324968078644019e-11  2.355033527856465e-05  1.830769945245832e-05 
 4.897788193684386e+04  9.999253156292242e-09  2.000291146941890e-06  5.500585705073282e-03 -6.934147909481827e-03  9.999999935000001e-01  3.249284175055323e-11  2.253269991028693e-05  1.787430101595457e-05 
 5.011872336272644e+04  9.999252148053999e-09  2.046883935236110e-06  5.495360987393043e-03 -6.789497471266531e-03  9.999999935000001e-01  3.175321117154795e-11  2.156044709761356e-05  1.745084085418697e-05 
 5.128613839913568e+04  9.999245906149358e-09  2.094562034926639e-06  5.490033860352152e-03 -6.648312436178187e-03  9.999999935000000e-01  3.103040047136574e-11  2.063153554674554e-05  1.703707968451083e-05 
 5.248074602497643e+04  9.999305522547065e-09  2.143350684491452e-06  5.484598263220742e-03 -6.510514915415145e-03  9.999999934999999e-01  3.032424311655291e-11  1.974401488821630e-05  1.663278422241516e-05 
 5.370317963702443e+04  9.999281014895453e-09  2.193275747686130e-06  5.479048008295477e-03 -6.376028437502454e-03  9.999999934999999e-01  2.963390643984098e-11  1.889602161327884e-05  1.623772707411233e-05 
 5.495408738576159e+04  9.999273610133481e-09  2.244363599857024e-06  5.473376794402157e-03 -6.244777894844213e-03  9.999999935000001e-01  2.895933493007874e-11  1.808577519445750e-05  1.585168662921475e-05 
 5.623413251903402e+04  9.999293231423799e-09  2.296641639532027e-06  5.467578221232614e-03 -6.116689491325135e-03  9.999999934999999e-01  2.830019552035878e-11  1.731157438186029e-05  1.547444695365794e-05 
 5.754399373371479e+04  9.999267443674175e-09  2.350137265239027e-06  5.461645804570511e-03 -5.991690690964251e-03  9.999999935000000e-01  2.765593309916881e-11  1.657179366725011e-05  1.510579768302074e-05 
 5.888436553555797e+04  9.999257797624539e-09  2.404878898687457e-06  5.455572992463801e-03 -5.869710167633393e-03  9.999999935000001e-01  2.702638113305511e-11  1.586487990825832e-05  1.474553391638289e-05 
 6.025595860743483e+04  9.999286751124539e-09  2.460895814238029e-06  5.449353182403765e-03 -5.750677755862895e-03  9.999999935000000e-01  2.641126206626154e-11  1.518934910548842e-05  1.439345611084673e-05 
 6.165950018614724e+04  9.999246820934565e-09  2.518217399938294e-06  5.442979739571600e-03 -5.634524402767918e-03  9.999999935000001e-01  2.580996527612456e-11  1.454378332560495e-05  1.404936997683416e-05 
 6.309573444801832e+04  9.999292526740989e-09  2.576874294391018e-06  5.436446016213565e-03 -5.521182121140032e-03  9.999999934999999e-01  2.522257402937100e-11  1.392682776383198e-05  1.371308637425340e-05 
 6.456542290346453e+04  9.999263533535338e-09  2.636897363572643e-06  5.429745372204374e-03 -5.410583943760702e-03  9.999999935000000e-01  2.464836668103487e-11  1.333718793959840e-05  1.338442120961154e-05 
 6.606934480075855e+04  9.999292438844572e-09  2.698318553484569e-06  5.422871196855673e-03 -5.302663879005222e-03  9.999999935000000e-01  2.408737098669178e-11  1.277362701936217e-05  1.306319533412921e-05 
 6.760829753919710e+04  9.999285687671709e-09  2.761170492249221e-06  5.415816932022715e-03 -5.197356867818664e-03  9.999999935000000e-01  2.353905959040503e-11  1.223496326092779e-05  1.274923444289461e-05 
 6.918309709189254e+04  9.999294720830180e-09  2.825486376423214e-06  5.408576096556133e-03 -5.094598742157390e-03  9.999999935000001e-01  2.300326595872093e-11  1.172006757383403e-05  1.244236897507227e-05 
 7.079457843841266e+04  9.999311215432342e-09  2.891300425744703e-06  5.401142312139130e-03 -4.994326185003030e-03  9.999999935000001e-01  2.247968478030771e-11  1.122786119064208e-05  1.214243401516334e-05 
 7.244359600749785e+04  9.999335711549136e-09  2.958647485229449e-06  5.393509330540796e-03 -4.896476692067587e-03  9.999999935000000e-01  2.196803849940920e-11  1.075731344418839e-05  1.184926919529206e-05 
 7.413102413009056e+04  9.999301192380706e-09  3.027563309387915e-06  5.385671062305985e-03 -4.800988535321031e-03  9.999999934999999e-01  2.146791078239119e-11  1.030743964609149e-05  1.156271859847472e-05 
 7.585775750291716e+04  9.999329864694097e-09  3.098084278008173e-06  5.377621606889367e-03 -4.707800728483766e-03  9.999999934999999e-01  2.097930162925365e-11  9.877299062010943e-06  1.128263066280744e-05 
 7.762471166286792e+04  9.999335975479220e-09  3.170247850903252e-06  5.369355284227151e-03 -4.616852994637646e-03  9.999999935000001e-01  2.050176695078676e-11  9.465992979355479e-06  1.100885808649157e-05 
 7.943282347242687e+04  9.999361156557326e-09  3.244092454224301e-06  5.360866667723428e-03 -4.528085736118439e-03  9.999999935000000e-01  2.003514021353681e-11  9.072662863322678e-06  1.074125773359839e-05 
 8.128305161640861e+04  9.999334648180480e-09  3.319657025713241e-06  5.352150618610315e-03 -4.441440006861686e-03  9.999999935000001e-01  1.957903283944518e-11  8.696488597328223e-06  1.047969054045973e-05 
 8.317637711026576e+04  9.999379168235266e-09  3.396981810510624e-06  5.343202321620914e-03 -4.356857487380365e-03  9.999999935000000e-01  1.913344482851187e-11  8.336686804046165e-06  1.022402142255727e-05 
 8.511380382023628e+04  9.999358915281708e-09  3.476107622191194e-06  5.334017321892652e-03 -4.274280462558290e-03  9.999999935000001e-01  1.869787658037581e-11  7.992509243436329e-06  9.974119181772136e-06 
 8.709635899560666e+04  9.999350094349397e-09  3.557076638571743e-06  5.324591562995229e-03 -4.193651802446080e-03  9.999999935000000e-01  1.827224482831014e-11  7.663241284279145e-06  9.729856413846628e-06 
 8.912509381337311e+04  9.999371108875016e-09  3.639931719590095e-06  5.314921425952696e-03 -4.114914946247136e-03  9.999999934999999e-01  1.785635528328555e-11  7.348200445873576e-06  9.491109415903593e-06 
 9.120108393558950e+04  9.999359570824716e-09  3.724716520991933e-06  5.305003769103314e-03 -4.038013889679203e-03  9.999999935000000e-01  1.744987487839467e-11  7.046735006681063e-06  9.257758093864598e-06 
 9.332543007969759e+04  9.999358165603988e-09  3.811476290138671e-06  5.294835968613567e-03 -3.962893175891763e-03  9.999999935000000e-01  1.705266483575940e-11  6.758222676817026e-06  9.029685869606695e-06 
 9.549925860214204e+04  9.999360755846530e-09  3.900256956512749e-06  5.284415959435391e-03 -3.889497890111651e-03  9.999999935000001e-01  1.666450311077483e-11  6.482069331404023e-06  8.806779587700157e-06 
 9.772372209557948e+04  9.999391739968952e-09  3.991105700151820e-06  5.273742276467178e-03 -3.817773658176984e-03  9.999999935000000e-01  1.628522316998726e-11  6.217707801905148e-06  8.588929421574128e-06 
 9.999999999999837e+04  9.999405075625763e-09  4.084070383214566e-06  5.262814095651494e-03 -3.747666649104507e-03  9.999999935000000e-01  1.591454745764054e-11  5.964596722656318e-06  8.376028778966519e-06 
 1.023292992280737e+05  9.999418776978902e-09  4.179200686849072e-06  5.251631274714581e-03 -3.679123581815522e-03  9.999999935000000e-01  1.555230944028096e-11  5.722219429909430e-06  8.167974206526291e-06 
 1.047128548050882e+05  9.999413129594044e-09  4.276546633263933e-06  5.240194393226424e-03 -3.612091736122532e-03  9.999999935000001e-01  1.519828707330362e-11  5.490082910788448e-06  7.964665293452531e-06 
 1.071519305237589e+05  9.999438384484112e-09  4.376160291030828e-06  5.228504791635220e-03 -3.546518968050947e-03  9.999999935000000e-01  1.485236933440603e-11  5.267716799645721e-06  7.766004574074323e-06 
 1.096478196143167e+05  9.999450985457737e-09  4.478094297155621e-06  5.216564608907269e-03 -3.482353729538693e-03  9.999999934999999e-01  1.451430642340767e-11  5.054672419388574e-06  7.571897429298513e-06 
 1.122018454301945e+05  9.999439408171191e-09  4.582402311825717e-06  5.204376818383306e-03 -3.419545092520839e-03  9.999999935000001e-01  1.418390405127923e-11  4.850521865426155e-06  7.382251986879272e-06 
 1.148153621496864e+05  9.999468245603242e-09  4.689140155278437e-06  5.191945261445853e-03 -3.358042777367190e-03  9.999999935000001e-01  1.386107895129385e-11  4.654857129965383e-06  7.196979020493446e-06 
 1.174897554939510e+05  9.999461818662097e-09  4.798364329872129e-06  5.179274678579624e-03 -3.297797185597664e-03  9.999999935000000e-01  1.354555356769538e-11  4.467289264462137e-06  7.015991847638785e-06 
 1.202264434617393e+05  9.999481088254287e-09  4.910132702207193e-06  5.166370737399191e-03 -3.238759436754428e-03  9.999999934999999e-01  1.323724463375697e-11  4.287447578111471e-06  6.839206226407873e-06 
 1.230268770812361e+05  9.999461137333737e-09  5.024504275752406e-06  5.153240057215645e-03 -3.180881409261162e-03  9.999999935000001e-01  1.293590234929809e-11  4.114978870338577e-06  6.666540251228741e-06 
 1.258925411794146e+05  9.999481656653561e-09  5.141539986652788e-06  5.139890229717275e-03 -3.124115785049131e-03  9.999999935000001e-01  1.264147120316750e-11  3.949546695331058e-06  6.497914247702894e-06 
 1.288249551693113e+05  9.999548315182113e-09  5.261301794234896e-06  5.126329835349071e-03 -3.068416097678132e-03  9.999999935000001e-01  1.235379853969931e-11  3.790830656734079e-06  6.333250666712641e-06 
 1.318256738556385e+05  9.999514801773542e-09  5.383853249441017e-06  5.112568454991932e-03 -3.013736783627842e-03  9.999999935000001e-01  1.207255129198614e-11  3.638525730712394e-06  6.172473978010745e-06 
 1.348962882591631e+05  9.999512143249696e-09  5.509259267455491e-06  5.098616676565946e-03 -2.960033236383380e-03  9.999999935000002e-01  1.179774333781580e-11  3.492341615668694e-06  6.015510563546739e-06 
 1.380384264602862e+05  9.999548558861360e-09  5.637586582452059e-06  5.084486096212675e-03 -2.907261862888769e-03  9.999999935000000e-01  1.152923589931021e-11  3.352002106996057e-06  5.862288610824430e-06 
 1.412537544622731e+05  9.999556086728034e-09  5.768902838099166e-06  5.070189313748593e-03 -2.855380141893589e-03  9.999999935000000e-01  1.126680693186444e-11  3.217244495332539e-06  5.712738006622805e-06 
 1.445439770745904e+05  9.999596003238484e-09  5.903277951802011e-06  5.055739922126613e-03 -2.804346683674273e-03  9.999999934999999e-01  1.101038704653945e-11  3.087818986880392e-06  5.566790231448077e-06 
 1.479108388168183e+05  9.999616370247057e-09  6.040782977834169e-06  5.041152490693895e-03 -2.754121290571690e-03  9.999999934999999e-01  1.075978195430594e-11  2.963488144448775e-06  5.424378255116247e-06 
 1.513561248436183e+05  9.999636548292437e-09  6.181490675771784e-06  5.026442542091036e-03 -2.704665017752352e-03  9.999999935000001e-01  1.051488063286143e-11  2.844026347977456e-06  5.285436433892094e-06 
 1.548816618912456e+05  9.999647813467545e-09  6.325476078927750e-06  5.011626522700945e-03 -2.655940233573714e-03  9.999999935000001e-01  1.027554430432787e-11  2.729219273400581e-06  5.149900409632593e-06 
 1.584893192461087e+05  9.999651506801559e-09  6.472815357483341e-06  4.996721766622709e-03 -2.607910678913924e-03  9.999999935000001e-01  1.004164806861496e-11  2.618863388811498e-06  5.017707011397850e-06 
 1.621810097358903e+05  9.999702747269826e-09  6.623586727982911e-06  4.981746453216843e-03 -2.560541524815235e-03  9.999999935000000e-01  9.813122536783681e-12  2.512765466993018e-06  4.888794160001568e-06 
 1.659586907437533e+05  9.999714160443098e-09  6.777869657526026e-06  4.966719558341522e-03 -2.513799427787771e-03  9.999999935000001e-01  9.589759542016907e-12  2.410742113480194e-06  4.763100775974290e-06 
 1.698243652461716e+05  9.999735214062878e-09  6.935746569070034e-06  4.951660799473802e-03 -2.467652582127439e-03  9.999999935000001e-01  9.371489695375601e-12  2.312619309424533e-06  4.640566691406420e-06 
 1.737800828749346e+05  9.999726255160566e-09  7.097300795066985e-06  4.936590574984313e-03 -2.422070768619081e-03  9.999999935000001e-01  9.158160341193877e-12  2.218231968628632e-06  4.521132566124119e-06 
 1.778279410038893e+05  9.999796021870488e-09  7.262618510139873e-06  4.921529897905755e-03 -2.377025399021627e-03  9.999999934999999e-01  8.949757601683928e-12  2.127423508215746e-06  4.404739808628390e-06 
 1.819700858609953e+05  9.999806663680287e-09  7.431786343659041e-06  4.906500324605885e-03 -2.332489555769532e-03  9.999999935000001e-01  8.746045554453019e-12  2.040045432492218e-06  4.291330502198756e-06 
 1.862087136662836e+05  9.999831600892974e-09  7.604894790347316e-06  4.891523878839442e-03 -2.288438026368910e-03  9.999999935000002e-01  8.546982566137729e-12  1.955956929646204e-06  4.180847336524519e-06 
 1.905460717963215e+05  9.999865271900705e-09  7.782035709169577e-06  4.876622971713303e-03 -2.244847332021651e-03  9.999999935000000e-01  8.352457614435593e-12  1.875024481007412e-06  4.073233545183184e-06 
 1.949844599758012e+05  9.999898607219288e-09  7.963302778080106e-06  4.861820318150350e-03 -2.201695750071744e-03  9.999999934999999e-01  8.162359677044151e-12  1.797121482664949e-06  3.968432849234604e-06 
 1.995262314968846e+05  9.999918721477151e-09  8.148791948769940e-06  4.847138850481316e-03 -2.158963329936383e-03  9.999999935000000e-01  7.976577731660939e-12  1.722127879305329e-06  3.866389407143764e-06 
 2.041737944669495e+05  9.999979800974955e-09  8.338601446666871e-06  4.832601629828075e-03 -2.116631902257627e-03  9.999999935000001e-01  7.795056267134726e-12  1.649929810188417e-06  3.767047771184910e-06 
 2.089296130854004e+05  1.000002887381832e-08  8.532832453056471e-06  4.818231755966409e-03 -2.074685081087914e-03  9.999999935000000e-01  7.617656505587433e-12  1.580419267225574e-06  3.670352850416409e-06 
 2.137962089502196e+05  1.000006088353465e-08  8.731587968213717e-06  4.804052276370137e-03 -2.033108259001790e-03  9.999999934999999e-01  7.444281302504407e-12  1.513493765160422e-06  3.576249880250247e-06 
 2.187761623949515e+05  1.000006740097622e-08  8.934972356655635e-06  4.790086095142203e-03 -1.991888595107282e-03  9.999999935000001e-01  7.274833513370993e-12  1.449056023879731e-06  3.484684398574261e-06 
 2.238721138568301e+05  1.000017297230367e-08  9.143094757746439e-06  4.776355882530958e-03 -1.951014996009386e-03  9.999999935000000e-01  7.109313138187190e-12  1.387013662898126e-06  3.395602228319523e-06 
 2.290867652767734e+05  1.000017130331640e-08  9.356064765597694e-06  4.762883985712891e-03 -1.910478089855955e-03  9.999999935000000e-01  6.947484254560266e-12  1.327278908067788e-06  3.308949466302018e-06 
 2.344228815319882e+05  1.000018110845700e-08  9.573995612299768e-06  4.749692341495528e-03 -1.870270193669187e-03  9.999999935000000e-01  6.789346862490220e-12  1.269768310561740e-06  3.224672478106965e-06 
 2.398832919019449e+05  1.000024590556239e-08  9.797002348932438e-06  4.736802391558840e-03 -1.830385274234946e-03  9.999999935000001e-01  6.634845450825821e-12  1.214402478169194e-06  3.142717898728272e-06 
 2.454708915684988e+05  1.000030326459898e-08  1.002520366455428e-05  4.724235000808949e-03 -1.790818902883325e-03  9.999999935000002e-01  6.483855119476800e-12  1.161105818922532e-06  3.063032638624177e-06 
 2.511886431509537e+05  1.000039133059747e-08  1.025872120408167e-05  4.712010379367841e-03 -1.751568204549468e-03  9.999999935000000e-01  6.336320357291925e-12  1.109806297051075e-06  2.985563894805654e-06 
 2.570395782768819e+05  1.000041440828369e-08  1.049767752192565e-05  4.700148008665945e-03 -1.712631801548925e-03  9.999999935000000e-01  6.192102386393117e-12  1.060435201225213e-06  2.910259166535496e-06 
 2.630267991895336e+05  1.000047126102883e-08  1.074219971997081e-05  4.688666572044585e-03 -1.674009752540848e-03  9.999999935000000e-01  6.051187328992569e-12  1.012926925020035e-06  2.837066275185550e-06 
 2.691534803926869e+05  1.000054977986163e-08  1.099241762858583e-05  4.677583890212011e-03 -1.635703487180201e-03  9.999999935000000e-01  5.913491918363434e-12  9.672187594883247e-07  2.765933387776050e-06 
 2.754228703338119e+05  1.000060965897464e-08  1.124846403399715e-05  4.666916861832356e-03 -1.597715736980262e-03  9.999999935000000e-01  5.778919009991057e-12  9.232506976923419e-07  2.696809043705443e-06 
 2.818382931264405e+05  1.000068983946229e-08  1.151047445091535e-05  4.656681409462690e-03 -1.560050462917323e-03  9.999999935000000e-01  5.647420031618111e-12  8.809652510019348e-07  2.629642184171290e-06 
 2.884031503126556e+05  1.000069169845990e-08  1.177858757728245e-05  4.646892430990475e-03 -1.522712780311670e-03  9.999999935000001e-01  5.518870083154326e-12  8.403072769249534e-07  2.564382183782250e-06 
 2.951209226666334e+05  1.000080035334496e-08  1.205294620376662e-05  4.637563756663523e-03 -1.485708881513690e-03  9.999999935000001e-01  5.393303859069221e-12  8.012238181958252e-07  2.500978883867756e-06 
 3.019951720401964e+05  1.000087315551392e-08  1.233369562214648e-05  4.628708111747880e-03 -1.449045956909984e-03  9.999999935000000e-01  5.270575642590813e-12  7.636639528093285e-07  2.439382627004957e-06 
 3.090295432513537e+05  1.000097991805204e-08  1.262098430743208e-05  4.620337084797130e-03 -1.412732114746753e-03  9.999999935000000e-01  5.150657678143489e-12  7.275786546522283e-07  2.379544292301379e-06 
 3.162277660168324e+05  1.000104247980041e-08  1.291496459998598e-05  4.612461101469598e-03 -1.376776300241430e-03  9.999999935000000e-01  5.033445882318688e-12  6.929206643528305e-07  2.321415330995634e-06 
 3.235936569296226e+05  1.000114164412871e-08  1.321579293289687e-05  4.605089403788882e-03 -1.341188214426138e-03  9.999999935000000e-01  4.918919438434699e-12  6.596443699418274e-07  2.264947801966683e-06 
 3.311311214825853e+05  1.000120414379616e-08  1.352362824036391e-05  4.598230034708137e-03 -1.305978233134080e-03  9.999999935000000e-01  4.806981201976868e-12  6.277056968945753e-07  2.210094406773861e-06 
 3.388441561391967e+05  1.000132410165498e-08  1.383863400405971e-05  4.591889827809135e-03 -1.271157326505627e-03  9.999999935000000e-01  4.697617295157386e-12  5.970620071067121e-07  2.156808523883751e-06 
 3.467368504525256e+05  1.000143530175700e-08  1.416097711626207e-05  4.586074401944616e-03 -1.236736979356689e-03  9.999999935000000e-01  4.590737512355503e-12  5.676720063421878e-07  2.105044241776169e-06 
 3.548133892335693e+05  1.000150863854910e-08  1.449082856197492e-05  4.580788160614939e-03 -1.202729112715736e-03  9.999999935000001e-01  4.486272464632179e-12  5.394956596838827e-07  2.054756390657993e-06 
 3.630780547700950e+05  1.000162019236905e-08  1.482836341892835e-05  4.576034295858252e-03 -1.169146006802530e-03  9.999999935000001e-01  4.384201335305704e-12  5.124941145137463e-07  2.005900572550572e-06 
 3.715352290971660e+05  1.000173692857233e-08  1.517376040283125e-05  4.571814796426578e-03 -1.136000225687774e-03  9.999999935000000e-01  4.284454735437038e-12  4.866296305496080e-07  1.958433189552703e-06 
 3.801893963205545e+05  1.000185282099939e-08  1.552720323161338e-05  4.568130460017559e-03 -1.103304543843661e-03  9.999999934999999e-01  4.186977153874949e-12  4.618655164712019e-07  1.912311470116458e-06 
 3.890451449942738e+05  1.000195832659462e-08  1.588887744219392e-05  4.564980909332265e-03 -1.071071874765635e-03  9.999999935000001e-01  4.091713079468207e-12  4.381660726756104e-07  1.867493493206448e-06 
 3.981071705534903e+05  1.000210950484977e-08  1.625897721169167e-05  4.562364611733387e-03 -1.039315201822215e-03  9.999999935000001e-01  3.998634756641195e-12  4.154965397146277e-07  1.823938210244674e-06 
 4.073802778041056e+05  1.000222264495501e-08  1.663769717197283e-05  4.560278902284162e-03 -1.008047511467515e-03  9.999999935000001e-01  3.907658918667067e-12  3.938230519806528e-07  1.781605464772188e-06 
 4.168693834703281e+05  1.000236672233318e-08  1.702523923086119e-05  4.558720009955130e-03 -9.772817289318346e-04  9.999999935000000e-01  3.818764748864112e-12  3.731125962239589e-07  1.740456009784983e-06 
 4.265795188015852e+05  1.000252133529711e-08  1.742180756991729e-05  4.557683086794216e-03 -9.470306564909636e-04  9.999999935000001e-01  3.731896736081097e-12  3.533329745027118e-07  1.700451522725408e-06 
 4.365158322401583e+05  1.000269920467420e-08  1.782761455615400e-05  4.557162239863646e-03 -9.173069144028968e-04  9.999999934999999e-01  3.647013246954600e-12  3.344527711867128e-07  1.661554618131231e-06 
 4.466835921509552e+05  1.000285284108559e-08  1.824287210183684e-05  4.557150565754504e-03 -8.881228845887505e-04  9.999999935000001e-01  3.564051831439485e-12  3.164413236552555e-07  1.623728857962498e-06 
 4.570881896148669e+05  1.000302695960141e-08  1.866780394266243e-05  4.557640187496954e-03 -8.594906571294849e-04  9.999999934999999e-01  3.482984733960137e-12  2.992686963509540e-07  1.586938759641975e-06 
 4.677351412871899e+05  1.000322679990187e-08  1.910263245008537e-05  4.558622293689299e-03 -8.314219796421245e-04  9.999999935000000e-01  3.403770321153132e-12  2.829056578711191e-07  1.551149801857824e-06 
 4.786300923226299e+05  1.000337161646094e-08  1.954759000000195e-05  4.560087179673417e-03 -8.039282095958820e-04  9.999999935000000e-01  3.326339204079432e-12  2.673236607989021e-07  1.516328428187903e-06 
 4.897788193684375e+05  1.000360501007535e-08  2.000291215153993e-05  4.562024290586574e-03 -7.770202696238007e-04  9.999999935000000e-01  3.250698321632939e-12  2.524948239956383e-07  1.482442048613709e-06 
 5.011872336272634e+05  1.000381899441933e-08  2.046883946604794e-05  4.564422266120661e-03 -7.507086058834005e-04  9.999999935000001e-01  3.176771345980711e-12  2.383919170950513e-07  1.449459038998747e-06 
 5.128613839913558e+05  1.000401527565908e-08  2.094562023557955e-05  4.567268986819525e-03 -7.250031495146333e-04  9.999999935000000e-01  3.104520113206277e-12  2.249883469572963e-07  1.417348738611390e-06 
 5.248074602497633e+05  1.000423861065194e-08  2.143350639016717e-05  4.570551621743324e-03 -6.999132812410205e-04  9.999999935000000e-01  3.033920337180973e-12  2.122581458582202e-07  1.386081445776202e-06 
 5.370317963702432e+05  1.000448822256770e-08  2.193275668105343e-05  4.574256677326150e-03 -6.754477991535381e-04  9.999999935000000e-01  2.964933853988327e-12  2.001759612045644e-07  1.355628411740547e-06 
 5.495408738576148e+05  1.000473628009500e-08  2.244363622594392e-05  4.578370047249900e-03 -6.516148897124115e-04  9.999999935000000e-01  2.897515560817965e-12  1.887170465811084e-07  1.325961832845382e-06 
 5.623413251903391e+05  1.000497385679701e-08  2.296641559951240e-05  4.582877063153490e-03 -6.284221019931688e-04  9.999999935000001e-01  2.831627293753414e-12  1.778572539490297e-07  1.297054841090446e-06 
 5.754399373371467e+05  1.000522589957552e-08  2.350137219764292e-05  4.587762545992928e-03 -6.058763251960601e-04  9.999999935000001e-01  2.767241297219059e-12  1.675730268280092e-07  1.268881493184986e-06 
 5.888436553555785e+05  1.000555529019369e-08  2.404878978268243e-05  4.593010857864510e-03 -5.839837694276146e-04  9.999999935000000e-01  2.704340223980140e-12  1.578413943064692e-07  1.241416758175754e-06 
 6.025595860743470e+05  1.000583075944792e-08  2.460895802869345e-05  4.598605954100758e-03 -5.627499497520022e-04  9.999999935000000e-01  2.642854685097618e-12  1.486399657355977e-07  1.214636503744300e-06 
 6.165950018614712e+05  1.000613412474592e-08  2.518217388569610e-05  4.604531435447300e-03 -5.421796734979124e-04  9.999999935000001e-01  2.582774272230637e-12  1.399469259735085e-07  1.188517481265769e-06 
 6.309573444801820e+05  1.000646954737128e-08  2.576874248916283e-05  4.610770600128723e-03 -5.222770307939338e-04  9.999999935000000e-01  2.524067760356630e-12  1.317410310560597e-07  1.163037309721529e-06 
 6.456542290346441e+05  1.000681040458591e-08  2.636897306729225e-05  4.617306495612732e-03 -5.030453882918868e-04  9.999999935000001e-01  2.466696985559125e-12  1.240016041805245e-07  1.138174458557836e-06 
 6.606934480075843e+05  1.000718216896443e-08  2.698318621696671e-05  4.624121969884856e-03 -4.844873860236008e-04  9.999999935000000e-01  2.410637661709458e-12  1.167085318975982e-07  1.113908229582684e-06 
 6.760829753919698e+05  1.000756552595913e-08  2.761170526355272e-05  4.631199722050604e-03 -4.666049373238547e-04  9.999999935000000e-01  2.355855094338111e-12  1.098422604165127e-07  1.090218737992674e-06 
 6.918309709189242e+05  1.000793633240838e-08  2.825486444635317e-05  4.638522352088184e-03 -4.493992317383778e-04  9.999999935000000e-01  2.302314588975563e-12  1.033837919367228e-07  1.067086892621340e-06 
 7.079457843841253e+05  1.000834239416455e-08  2.891300391638651e-05  4.646072409582640e-03 -4.328707408237627e-04  9.999999935000001e-01  2.249998798387054e-12  9.731468092840779e-08  1.044494375499711e-06 
 7.244359600749771e+05  1.000878570929036e-08  2.958647473860765e-05  4.653832441281466e-03 -4.170192267351305e-04  9.999999935000000e-01  2.198879966996969e-12  9.161703029262480e-08  1.022423620819030e-06 
 7.413102413009043e+05  1.000924926005495e-08  3.027563252544496e-05  4.661785037321965e-03 -4.018437534864404e-04  9.999999935000000e-01  2.148926869782741e-12  8.627348734011079e-08  1.000857793384328e-06 
 7.585775750291703e+05  1.000972793268513e-08  3.098084289376857e-05  4.669912875991964e-03 -3.873427007610005e-04  9.999999935000000e-01  2.100111751168754e-12  8.126723953619048e-08  9.797807666460873e-07 
 7.762471166286779e+05  1.001019622572672e-08  3.170247873640619e-05  4.678198766896985e-03 -3.735137801404043e-04  9.999999935000000e-01  2.052403386132440e-12  7.658200996670671e-08  9.591771003952446e-07 
 7.943282347242674e+05  1.001072718378897e-08  3.244092386012198e-05  4.686625692419690e-03 -3.603540536173455e-04  9.999999935000001e-01  2.005791366332943e-12  7.220205248817685e-08  9.390320182046557e-07 
 8.128305161640848e+05  1.001127373544392e-08  3.319657025713241e-05  4.695176847368920e-03 -3.478599542504769e-04  9.999999935000001e-01  1.960240997300744e-12  6.811214653204260e-08  9.193313846973442e-07 
 8.317637711026561e+05  1.001183569188522e-08  3.396981810510624e-05  4.703835676728257e-03 -3.360273088195247e-04  9.999999935000001e-01  1.915727992907179e-12  6.429759154043948e-08  9.000616827189456e-07 
 8.511380382023612e+05  1.001244698425923e-08  3.476107758615399e-05  4.712585911425330e-03 -3.248513623358395e-04  9.999999934999999e-01  1.872235005917489e-12  6.074420101712448e-08  8.812099904883390e-07 
 8.709635899560649e+05  1.001304680426342e-08  3.557076615834376e-05  4.721411602053939e-03 -3.143268042629062e-04  9.999999935000001e-01  1.829727341862153e-12  5.743829618324654e-08  8.627639587967329e-07 
 8.912509381337294e+05  1.001370159846202e-08  3.639931583165890e-05  4.730297150491628e-03 -3.044477963045054e-04  9.999999935000001e-01  1.788194592400316e-12  5.436669923373036e-08  8.447117883216038e-07 
 9.120108393558932e+05  1.001438171995614e-08  3.724716407305095e-05  4.739227339364401e-03 -2.952080016160294e-04  9.999999935000001e-01  1.747609001956363e-12  5.151672619445355e-08  8.270422071176251e-07 
 9.332543007969741e+05  1.001511269606165e-08  3.811476290138671e-05  4.748187359318970e-03 -2.866006152990318e-04  9.999999935000000e-01  1.707953223295533e-12  4.887617938547568e-08  8.097444483424530e-07 
 9.549925860214186e+05  1.001585698142315e-08  3.900256979250116e-05  4.757162834070701e-03 -2.786183960400059e-04  9.999999935000000e-01  1.669199500842211e-12  4.643333949935792e-08  7.928082282708122e-07 
 9.772372209557928e+05  1.001667696839711e-08  3.991105677414453e-05  4.766139843202260e-03 -2.712536987571103e-04  9.999999935000000e-01  1.631337426255541e-12  4.417695730718279e-08  7.762237246458557e-07 
 9.999999999999817e+05  1.001750711313041e-08  4.084070405951934e-05  4.775104942694339e-03 -2.644985081189644e-04  9.999999935000000e-01  1.594335774512956e-12  4.209624500756576e-08  7.599815554123596e-07 
 1.023292992280735e+06  1.001832837527267e-08  4.179200641374337e-05  4.784045183175878e-03 -2.583444728051206e-04  9.999999935000000e-01  1.558171994209268e-12  4.018086723701951e-08  7.440727578719949e-07 
 1.047128548050880e+06  1.001920830657855e-08  4.276546769688139e-05  4.792948125886434e-03 -2.527829403753418e-04  9.999999935000000e-01  1.522837411727096e-12  3.842093176136444e-08  7.284887682966659e-07 
 1.071519305237587e+06  1.002018283759320e-08  4.376160268293461e-05  4.801801856348988e-03 -2.478049926195104e-04  9.999999935000001e-01  1.488318149278633e-12  3.680697987004618e-08  7.132214020318829e-07 
 1.096478196143165e+06  1.002119253890809e-08  4.478094251680886e-05  4.810594995756516e-03 -2.434014812585309e-04  9.999999934999999e-01  1.454586451288264e-12  3.532997649606387e-08  6.982628341182429e-07 
 1.122018454301943e+06  1.002223037903714e-08  4.582402380037820e-05  4.819316710081668e-03 -2.395630638709267e-04  9.999999935000000e-01  1.421623235797753e-12  3.398130008567312e-08  6.836055804555051e-07 
 1.148153621496861e+06  1.002328565672250e-08  4.689140223490540e-05  4.827956716923804e-03 -2.362802399155492e-04  9.999999935000000e-01  1.389409420848864e-12  3.275273224193841e-08  6.692424795302032e-07 
 1.174897554939508e+06  1.002439490699800e-08  4.798364261660026e-05  4.836505290114828e-03 -2.335433867278373e-04  9.999999935000001e-01  1.357932863377265e-12  3.163644716757558e-08  6.551666747246817e-07 
 1.202264434617390e+06  1.002559511464730e-08  4.910132520308252e-05  4.844953262110814e-03 -2.313427953634507e-04  9.999999935000001e-01  1.327181420318624e-12  3.062500093210143e-08  6.413715972223150e-07 
 1.230268770812358e+06  1.002682977178022e-08  5.024504207540303e-05  4.853292024203885e-03 -2.296687061664576e-04  9.999999935000001e-01  1.297130805544278e-12  2.971132058873246e-08  6.278509495209562e-07 
 1.258925411794143e+06  1.002814368907978e-08  5.141540168551728e-05  4.861513524595741e-03 -2.285113439400489e-04  9.999999934999999e-01  1.267770610713370e-12  2.888869316634140e-08  6.145986895640119e-07 
 1.288249551693110e+06  1.002952668435944e-08  5.261301976133836e-05  4.869610264382421e-03 -2.278609526033008e-04  9.999999934999999e-01  1.239083488591142e-12  2.815075456209636e-08  6.016090154961853e-07 
 1.318256738556382e+06  1.003095011138757e-08  5.383853385865223e-05  4.877575291507037e-03 -2.277078292165645e-04  9.999999935000000e-01  1.211050357219356e-12  2.749147835969232e-08  5.888763510485444e-07 
 1.348962882591628e+06  1.003243835736725e-08  5.509259426617064e-05  4.885402192745310e-03 -2.280423572644003e-04  9.999999935000000e-01  1.183659073533683e-12  2.690516459817569e-08  5.763953315554527e-07 
 1.380384264602859e+06  1.003400002233987e-08  5.637586400553118e-05  4.893085083797140e-03 -2.288550390918387e-04  9.999999935000001e-01  1.156895759746313e-12  2.638642851629015e-08  5.641607906039028e-07 
 1.412537544622727e+06  1.003565681221138e-08  5.768902883573901e-05  4.900618597564149e-03 -2.301365273924991e-04  9.999999935000000e-01  1.130748272792914e-12  2.593018929652758e-08  5.521677473137351e-07 
 1.445439770745900e+06  1.003736631983589e-08  5.903277633478865e-05  4.907997870700692e-03 -2.318776556559005e-04  9.999999935000002e-01  1.105197530715252e-12  2.553165883290514e-08  5.404113942453784e-07 
 1.479108388168179e+06  1.003915961125489e-08  6.040782864147332e-05  4.915218528532585e-03 -2.340694674903846e-04  9.999999934999999e-01  1.080233125172469e-12  2.518633054614697e-08  5.288870859299632e-07 
 1.513561248436179e+06  1.004106760537112e-08  6.181490607559681e-05  4.922276668443016e-03 -2.367032447449293e-04  9.999999935000001e-01  1.055844647823712e-12  2.488996826918610e-08  5.175903280148266e-07 
 1.548816618912452e+06  1.004300279103218e-08  6.325475987978280e-05  4.929168841830276e-03 -2.397705343644832e-04  9.999999935000001e-01  1.032009547263790e-12  2.463859522548792e-08  5.065167670157767e-07 
 1.584893192461083e+06  1.004505628753060e-08  6.472815402958076e-05  4.935892034745737e-03 -2.432631739244278e-04  9.999999935000001e-01  1.008724354045754e-12  2.442848312205545e-08  4.956621806658349e-07 
 1.621810097358899e+06  1.004721869419578e-08  6.623586523346603e-05  4.942443647322248e-03 -2.471733157970035e-04  9.999999935000001e-01  9.859751903817937e-13  2.425614137781611e-08  4.850224688485202e-07 
 1.659586907437529e+06  1.004949458013284e-08  6.777869748475496e-05  4.948821472105498e-03 -2.514934499199534e-04  9.999999935000000e-01  9.637499132075789e-13  2.411830650785084e-08  4.745936451023422e-07 
 1.698243652461712e+06  1.005184871269690e-08  6.935746569070034e-05  4.955023671399897e-03 -2.562164251441180e-04  9.999999935000001e-01  9.420329100118252e-13  2.401193168242407e-08  4.643718286816472e-07 
 1.737800828749342e+06  1.005435300731780e-08  7.097301022440661e-05  4.961048753739076e-03 -2.613354691498820e-04  9.999999935000000e-01  9.208189766241048e-13  2.393417647888723e-08  4.543532371576214e-07 
 1.778279410038889e+06  1.005694730499991e-08  7.262618419190403e-05  4.966895549588629e-03 -2.668442069342493e-04  9.999999935000000e-01  9.000907658096580e-13  2.388239684341486e-08  4.445341795420546e-07 
 1.819700858609949e+06  1.005968151741428e-08  7.431786434608512e-05  4.972563186383948e-03 -2.727366778805729e-04  9.999999935000001e-01  8.798413386745807e-13  2.385413527820921e-08  4.349110499152810e-07 
 1.862087136662832e+06  1.006250560126551e-08  7.604895108670462e-05  4.978051063001180e-03 -2.790073514342145e-04  9.999999935000000e-01  8.600550827075892e-13  2.384711126854927e-08  4.254803215387662e-07 
 1.905460717963211e+06  1.006550694771617e-08  7.782035572745372e-05  4.983358823751389e-03 -2.856511414151149e-04  9.999999935000001e-01  8.407285284617316e-13  2.385921196247685e-08  4.162385414318261e-07 
 1.949844599758008e+06  1.006860795543476e-08  7.963302778080106e-05  4.988486331981215e-03 -2.926634190091850e-04  9.999999935000000e-01  8.218443287022481e-13  2.388848311463753e-08  4.071823253913173e-07 
 1.995262314968841e+06  1.007187262998074e-08  8.148791675921530e-05  4.993433643354158e-03 -3.000400244885298e-04  9.999999935000001e-01  8.033972792587107e-13  2.393312030428870e-08  3.983083534325147e-07 
 2.041737944669490e+06  1.007531217031254e-08  8.338601401192136e-05  4.998200978875721e-03 -3.077772777138106e-04  9.999999935000001e-01  7.853778391520017e-13  2.399146043565812e-08  3.896133656288551e-07 
 2.089296130853999e+06  1.007891270727667e-08  8.532832544005942e-05  5.002788697717043e-03 -3.158719874836329e-04  9.999999935000000e-01  7.677747326795270e-13  2.406197352777012e-08  3.810941583280869e-07 
 2.137962089502191e+06  1.008265571133557e-08  8.731587695365306e-05  5.007197269878235e-03 -3.243214597942730e-04  9.999999935000001e-01  7.505766841386929e-13  2.414325479880547e-08  3.727475807220330e-07 
 2.187761623949510e+06  1.008662491704047e-08  8.934972356655635e-05  5.011427248721601e-03 -3.331235050786048e-04  9.999999935000001e-01  7.337802240825475e-13  2.423401704873384e-08  3.645705317472317e-07 
 2.238721138568296e+06  1.009072560440967e-08  9.143094757746439e-05  5.015479243394727e-03 -3.422764444999348e-04  9.999999935000000e-01  7.173688726380689e-13  2.433308334280578e-08  3.565599572939926e-07 
 2.290867652767729e+06  1.009506295496162e-08  9.356064947496634e-05  5.019353891146022e-03 -3.517791153647031e-04  9.999999935000000e-01  7.013408950817812e-13  2.443937999610979e-08  3.487128477013005e-07 
 2.344228815319877e+06  1.009955712124744e-08  9.573995521350298e-05  5.023051829528598e-03 -3.616308757321770e-04  9.999999935000000e-01  6.856815462641386e-13  2.455192985910520e-08  3.410262355158272e-07 
 2.398832919019444e+06  1.010430030794175e-08  9.797002530831378e-05  5.026573668470831e-03 -3.718316082855548e-04  9.999999935000000e-01  6.703882240999270e-13  2.466984590183362e-08  3.334971934934541e-07 
 2.454708915684983e+06  1.010925627232485e-08  1.002520402835216e-04  5.029919962181729e-03 -3.823817235312324e-04  9.999999935000000e-01  6.554496528865528e-13  2.479232509367077e-08  3.261228328224949e-07 
 2.511886431509531e+06  1.011440921819731e-08  1.025872115860693e-04  5.033091180845998e-03 -3.932821623874312e-04  9.999999935000000e-01  6.408562916448979e-13  2.491864257422406e-08  3.189003015484562e-07 
 2.570395782768813e+06  1.011986452480170e-08  1.049767743097618e-04  5.036087682050053e-03 -4.045343982142098e-04  9.999999935000000e-01  6.266064056514864e-13  2.504814610967928e-08  3.118267831808692e-07 
 2.630267991895330e+06  1.012554767713861e-08  1.074219944712240e-04  5.038909681871121e-03 -4.161404383370002e-04  9.999999935000001e-01  6.126869844802485e-13  2.518025082837159e-08  3.048994954637735e-07 
 2.691534803926863e+06  1.013146152764639e-08  1.099241781048477e-04  5.041557225544563e-03 -4.281028250955875e-04  9.999999935000000e-01  5.990902218755423e-13  2.531443422769846e-08  2.981156892920051e-07 
 2.754228703338112e+06  1.013769581103358e-08  1.124846385209821e-04  5.044030157619100e-03 -4.404246364546453e-04  9.999999935000001e-01  5.858135157521538e-13  2.545023144456088e-08  2.914726477567761e-07 
 2.818382931264398e+06  1.014423766275917e-08  1.151047435996588e-04  5.046328091491570e-03 -4.531094861849853e-04  9.999999935000001e-01  5.728481924927031e-13  2.558723077982055e-08  2.849676853045874e-07 
 2.884031503126549e+06  1.015106929478218e-08  1.177858794108033e-04  5.048450378209471e-03 -4.661615236287683e-04  9.999999934999999e-01  5.601855784798104e-13  2.572506946763138e-08  2.785981469949739e-07 
 2.951209226666328e+06  1.015824801058545e-08  1.205294647661503e-04  5.050396074411721e-03 -4.795854330311981e-04  9.999999935000000e-01  5.478213369047857e-13  2.586342967895994e-08  2.723614078431480e-07 
 3.019951720401957e+06  1.016571764898656e-08  1.233369548572227e-04  5.052163909274434e-03 -4.933864324190566e-04  9.999999935000000e-01  5.357450594267732e-13  2.600203474892523e-08  2.662548722350029e-07 
 3.090295432513529e+06  1.017358146015587e-08  1.262098412553314e-04  5.053752250316180e-03 -5.075702719818426e-04  9.999999935000001e-01  5.239550113222968e-13  2.614064561675345e-08  2.602759734027754e-07 
 3.162277660168317e+06  1.018177640426055e-08  1.291496446356177e-04  5.055159067908783e-03 -5.221432318935310e-04  9.999999935000001e-01  5.124407842505008e-13  2.627905746689241e-08  2.544221729507072e-07 
 3.235936569296218e+06  1.019040602390132e-08  1.321579293289687e-04  5.056381898333680e-03 -5.371121194947196e-04  9.999999935000000e-01  5.012006434879090e-13  2.641709655969593e-08  2.486909604211465e-07 
 3.311311214825845e+06  1.019943546825164e-08  1.352362814941444e-04  5.057417805217036e-03 -5.524842657324690e-04  9.999999935000000e-01  4.902259154171418e-13  2.655461723987889e-08  2.430798528925313e-07 
 3.388441561391958e+06  1.020885957636991e-08  1.383863418595865e-04  5.058263339168181e-03 -5.682675207250267e-04  9.999999935000000e-01  4.795096611442951e-13  2.669149911052638e-08  2.375863946015412e-07 
 3.467368504525247e+06  1.021872553319559e-08  1.416097729816101e-04  5.058914495445017e-03 -5.844702482985790e-04  9.999999935000000e-01  4.690475438606789e-13  2.682764436069156e-08  2.322081565828716e-07 
 3.548133892335684e+06  1.022910042845326e-08  1.449082883482333e-04  5.059366669469429e-03 -6.011013193174448e-04  9.999999935000000e-01  4.588360941193415e-13  2.696297523469559e-08  2.269427363211405e-07 
 3.630780547700941e+06  1.023991512925217e-08  1.482836341892835e-04  5.059614610004102e-03 -6.181701035797419e-04  9.999999935000000e-01  4.488657709411648e-13  2.709743163040891e-08  2.217877574099123e-07 
 3.715352290971651e+06  1.025121138561156e-08  1.517376003903337e-04  5.059652369818311e-03 -6.356864600425596e-04  9.999999935000001e-01  4.391322375174589e-13  2.723096881504687e-08  2.167408692144804e-07 
 3.801893963205536e+06  1.026309308070030e-08  1.552720277686603e-04  5.059473253659741e-03 -6.536607250797021e-04  9.999999935000000e-01  4.296337591247479e-13  2.736355524596277e-08  2.117997465353429e-07 
 3.890451449942728e+06  1.027556373374343e-08  1.588887789694127e-04  5.059069763367186e-03 -6.721036984543824e-04  9.999999935000000e-01  4.203642642308658e-13  2.749517048488918e-08  2.069620892707673e-07 
 3.981071705534893e+06  1.028862284270172e-08  1.625897712074220e-04  5.058433539958778e-03 -6.910266266296946e-04  9.999999935000000e-01  4.113176813036468e-13  2.762580319347868e-08  2.022256220773358e-07 
 4.073802778041046e+06  1.030224332302751e-08  1.663769762672018e-04  5.057555302552488e-03 -7.104411830067804e-04  9.999999935000000e-01  4.024870714491868e-13  2.775544919873480e-08  1.975880940286758e-07 
 4.168693834703270e+06  1.031652757136682e-08  1.702523913991172e-04  5.056424783990926e-03 -7.303594446255571e-04  9.999999935000001e-01  3.938706999440100e-13  2.788410961686345e-08  1.930472782733894e-07 
 4.265795188015841e+06  1.033146709413856e-08  1.742180793371517e-04  5.055030663066212e-03 -7.507938648095457e-04  9.999999935000000e-01  3.854624952559504e-13  2.801178902428442e-08  1.886009716941669e-07 
 4.365158322401572e+06  1.034713136765976e-08  1.782761428330559e-04  5.053360493269803e-03 -7.717572411779929e-04  9.999999934999999e-01  3.772594216189251e-13  2.813849366473035e-08  1.842469945710251e-07 
 4.466835921509542e+06  1.036350669601080e-08  1.824287246563472e-04  5.051400628039682e-03 -7.932626784036790e-04  9.999999935000000e-01  3.692554075007681e-13  2.826422968220332e-08  1.799831902530075e-07 
 4.570881896148658e+06  1.038071047316494e-08  1.866780403361190e-04  5.049136142507837e-03 -8.153235450087152e-04  9.999999934999999e-01  3.614491518588725e-13  2.838900136900938e-08  1.758074248431493e-07 
 4.677351412871888e+06  1.039866254186439e-08  1.910263235913590e-04  5.046550751824467e-03 -8.379534234521840e-04  9.999999935000001e-01  3.538324147567273e-13  2.851280941948846e-08  1.717175869032750e-07 
 4.786300923226287e+06  1.041751816277548e-08  1.954759027285036e-04  5.043626726191531e-03 -8.611660526801440e-04  9.999999935000000e-01  3.464051961943326e-13  2.863564917990857e-08  1.677115871859327e-07 
 4.897788193684363e+06  1.043722890993973e-08  2.000291206059046e-04  5.040344802823951e-03 -8.849752622504089e-04  9.999999935000000e-01  3.391605572777845e-13  2.875750888591323e-08  1.637873584021861e-07 
 5.011872336272622e+06  1.045784601043248e-08  2.046883928414900e-04  5.036684095149916e-03 -9.093948970758143e-04  9.999999935000001e-01  3.320950285601310e-13  2.887836787953818e-08  1.599428550352116e-07 
 5.128613839913545e+06  1.047947647235427e-08  2.094562041747849e-04  5.032621999673892e-03 -9.344387317681180e-04  9.999999934999999e-01  3.252068753178960e-13  2.899819479875769e-08  1.561760532110214e-07 
 5.248074602497620e+06  1.050210354901216e-08  2.143350648111664e-04  5.028134101049986e-03 -9.601203734978570e-04  9.999999934999999e-01  3.184904596997828e-13  2.911694573333574e-08  1.524849506388837e-07 
 5.370317963702418e+06  1.052580603923539e-08  2.193275649915449e-04  5.023194076066072e-03 -9.864531522391809e-04  9.999999935000000e-01  3.119431796205774e-13  2.923456234222843e-08  1.488675666356022e-07 
 5.495408738576134e+06  1.055060495656467e-08  2.244363568024710e-04  5.017773597406670e-03 -1.013449997221390e-03  9.999999935000001e-01  3.055606982715897e-13  2.935096992913464e-08  1.453219422492298e-07 
 5.623413251903377e+06  1.057657912336643e-08  2.296641541761346e-04  5.011842238243406e-03 -1.041123298361106e-03  9.999999935000001e-01  2.993404135676059e-13  2.946607547404117e-08  1.418461404989576e-07 
 5.754399373371452e+06  1.060382492354455e-08  2.350137219764292e-04  5.005367378935224e-03 -1.069484751458734e-03  9.999999935000001e-01  2.932801571042809e-13  2.957976562136629e-08  1.384382467499344e-07 
 5.888436553555770e+06  1.063228159664182e-08  2.404878905508667e-04  4.998314117339497e-03 -1.098545185916658e-03  9.999999935000001e-01  2.873734236685799e-13  2.969190462668121e-08  1.350963692425646e-07 
 6.025595860743455e+06  1.066213949465599e-08  2.460895775584504e-04  4.990645184511797e-03 -1.128314373783889e-03  9.999999935000000e-01  2.816206469413718e-13  2.980233226713377e-08  1.318186397975279e-07 
 6.165950018614695e+06  1.069336580491777e-08  2.518217370379716e-04  4.982320867859583e-03 -1.158800818990882e-03  9.999999935000001e-01  2.760161890713597e-13  2.991086172358743e-08  1.286032147188746e-07 
 6.309573444801803e+06  1.072612472831999e-08  2.576874248916283e-04  4.973298944121276e-03 -1.190011525729117e-03  9.999999934999999e-01  2.705596163776747e-13  3.001727744561764e-08  1.254482759183522e-07 
 6.456542290346422e+06  1.076036097507371e-08  2.636897406773642e-04  4.963534624884607e-03 -1.221951745088815e-03  9.999999934999999e-01  2.652448573281507e-13  3.012133301464334e-08  1.223520322850354e-07 
 6.606934480075824e+06  1.079620558996103e-08  2.698318567126989e-04  4.952980517707781e-03 -1.254624699266874e-03  9.999999935000001e-01  2.600706108801809e-13  3.022274902462994e-08  1.193127213245804e-07 
 6.760829753919679e+06  1.083377710380613e-08  2.761170471785590e-04  4.941586606265056e-03 -1.288031282912754e-03  9.999999935000001e-01  2.550351423102892e-13  3.032121100427221e-08  1.163286110921247e-07 
 6.918309709189222e+06  1.087312302179604e-08  2.825486444635317e-04  4.929300253328316e-03 -1.322169741549563e-03  9.999999935000000e-01  2.501349821715237e-13  3.041636741047369e-08  1.133980024426044e-07 
 7.079457843841233e+06  1.091430758877474e-08  2.891300464398228e-04  4.916066230736391e-03 -1.357035327390841e-03  9.999999935000000e-01  2.453670946978015e-13  3.050782772758107e-08  1.105192316201870e-07 
 7.244359600749752e+06  1.095745320062006e-08  2.958647528430447e-04  4.901826780872005e-03 -1.392619933416219e-03  9.999999934999999e-01  2.407297451656465e-13  3.059516071352374e-08  1.076906732066795e-07 
 7.413102413009022e+06  1.100262587155319e-08  3.027563216164708e-04  4.886521714488392e-03 -1.428911707191642e-03  9.999999935000000e-01  2.362198978089758e-13  3.067789284043067e-08  1.049107434455411e-07 
 7.585775750291681e+06  1.104986959323575e-08  3.098084271186963e-04  4.870088549961011e-03 -1.465894646588218e-03  9.999999935000000e-01  2.318340831808374e-13  3.075550698259056e-08  1.021779039528993e-07 
 7.762471166286756e+06  1.109941519288118e-08  3.170247873640619e-04  4.852462699282994e-03 -1.503548180464495e-03  9.999999935000001e-01  2.275727349621004e-13  3.082744141286379e-08  9.949066582225552e-08 
 7.943282347242650e+06  1.115122594005528e-08  3.244092440581881e-04  4.833577706173316e-03 -1.541846738249419e-03  9.999999935000001e-01  2.234306489823368e-13  3.089308917335587e-08  9.684759412125277e-08 
 8.128305161640823e+06  1.120558556988612e-08  3.319657116662711e-04  4.813365541659362e-03 -1.580759313455768e-03  9.999999935000000e-01  2.194091262841535e-13  3.095179789291399e-08  9.424731277050659e-08 
 8.317637711026536e+06  1.126242216386608e-08  3.396981846890412e-04  4.791756962291173e-03 -1.620249027283922e-03  9.999999935000000e-01  2.155023121758193e-13  3.100287012864447e-08  9.168850978356972e-08 
 8.511380382023586e+06  1.132196125744556e-08  3.476107667665929e-04  4.768681935767824e-03 -1.660272699723865e-03  9.999999935000000e-01  2.117102066573340e-13  3.104556431288950e-08  8.916994283482303e-08 
 8.709635899560623e+06  1.138428653791382e-08  3.557076561264694e-04  4.744070138126956e-03 -1.700780436825149e-03  9.999999935000001e-01  2.080299908030492e-13  3.107909638890542e-08  8.669044510754410e-08 
 8.912509381337266e+06  1.144956526659861e-08  3.639931601355784e-04  4.717851525802640e-03 -1.741715244173845e-03  9.999999935000000e-01  2.044603635703579e-13  3.110264221984834e-08  8.424893135904531e-08 
 9.120108393558905e+06  1.151790878482507e-08  3.724716516444460e-04  4.689956984642678e-03 -1.783012677824673e-03  9.999999935000000e-01  2.009989397144807e-13  3.111534085184016e-08  8.184440412149160e-08 
 9.332543007969713e+06  1.158947987139712e-08  3.811476271948777e-04  4.660319056536642e-03 -1.824600545241187e-03  9.999999935000000e-01  1.976442013523760e-13  3.111629870822073e-08  7.947595993929673e-08 
 9.549925860214157e+06  1.166442042061641e-08  3.900256997440010e-04  4.628872742449741e-03 -1.866398669807088e-03  9.999999935000000e-01  1.943941969201335e-13  3.110459478198242e-08  7.714279552403703e-08 
 9.772372209557900e+06  1.174290175351616e-08  3.991105622844771e-04  4.595556378510939e-03 -1.908318733351750e-03  9.999999935000000e-01  1.912474085347116e-13  3.107928688090112e-08  7.484421368868367e-08 
 9.999999999999788e+06  1.182505953855888e-08  4.084070315002464e-04  4.560312579312911e-03 -1.950264211678284e-03  9.999999935000002e-01  1.882016677917653e-13  3.103941896238240e-08  7.257962890418163e-08 
 1.023292992280732e+07  1.191114246955426e-08  4.179200695944019e-04  4.523089239784740e-03 -1.992130418203712e-03  9.999999935000000e-01  1.852565410104257e-13  3.098402957242800e-08  7.034857230411026e-08 
 1.047128548050877e+07  1.200123977793886e-08  4.276546678738669e-04  4.483840583991389e-03 -2.033804670522475e-03  9.999999935000000e-01  1.824089924246097e-13  3.091216137689603e-08  6.815069594909060e-08 
 1.071519305237583e+07  1.209556831767169e-08  4.376160359242931e-04  4.442528245997484e-03 -2.075166593708991e-03  9.999999935000000e-01  1.796579378321450e-13  3.082287174048876e-08  6.598577615165746e-08 
 1.096478196143162e+07  1.219439776658675e-08  4.478094197111204e-04  4.399122364719787e-03 -2.116088572648712e-03  9.999999935000000e-01  1.770029435521625e-13  3.071524427407249e-08  6.385371565745643e-08 
 1.122018454301939e+07  1.229785733364085e-08  4.582402470987290e-04  4.353602671514324e-03 -2.156436363320835e-03  9.999999935000000e-01  1.744414074994483e-13  3.058840123081102e-08  6.175454447945510e-08 
 1.148153621496858e+07  1.240618435089515e-08  4.689140187110752e-04  4.305959546344862e-03 -2.196069869920885e-03  9.999999935000001e-01  1.719722454718298e-13  3.044151659056025e-08  5.968841919089790e-08 
 1.174897554939504e+07  1.251962462567088e-08  4.798364243470132e-04  4.256195015875556e-03 -2.234844090839744e-03  9.999999935000001e-01  1.695943732671346e-13  3.027382962893070e-08  5.765562049999855e-08 
 1.202264434617387e+07  1.263841628233181e-08  4.910132702207193e-04  4.204323664984281e-03 -2.272610232065461e-03  9.999999934999999e-01  1.673064898427556e-13  3.008465872730780e-08  5.565654895658885e-08 
 1.230268770812355e+07  1.276278808030883e-08  5.024504207540303e-04  4.150373432097269e-03 -2.309216981320449e-03  9.999999935000001e-01  1.651070773156516e-13  2.987341514051569e-08  5.369171867699997e-08 
 1.258925411794140e+07  1.289300905916445e-08  5.141540023032576e-04  4.094386258700494e-03 -2.344511930721071e-03  9.999999935000000e-01  1.629950514836498e-13  2.963961640748879e-08  5.176174901982773e-08 
 1.288249551693106e+07  1.302937503131471e-08  5.261301848804578e-04  4.036418564451688e-03 -2.378343129884940e-03  9.999999935000000e-01  1.609695449850124e-13  2.938289906581797e-08  4.986735419981875e-08 
 1.318256738556379e+07  1.317224677777305e-08  5.383853422245011e-04  3.976541521622208e-03 -2.410560745449623e-03  9.999999935000000e-01  1.590303409793048e-13  2.910303031575845e-08  4.800933088871704e-08 
 1.348962882591625e+07  1.332172583188668e-08  5.509259353857487e-04  3.914841106251578e-03 -2.441018797492306e-03  9.999999935000001e-01  1.571739700195751e-13  2.879991827905221e-08  4.618854391918101e-08 
 1.380384264602855e+07  1.347833766805277e-08  5.637586727971211e-04  3.851417908282250e-03 -2.469576938242330e-03  9.999999934999999e-01  1.554019499888648e-13  2.847362050885858e-08  4.440591027688395e-08 
 1.412537544622724e+07  1.364233067616098e-08  5.768902774434537e-04  3.786386689039470e-03 -2.496102234471771e-03  9.999999935000001e-01  1.537123293232634e-13  2.812435043523137e-08  4.266238163453149e-08 
 1.445439770745896e+07  1.381401592811615e-08  5.903277778998017e-04  3.719875681477757e-03 -2.520470911971792e-03  9.999999935000000e-01  1.521038069801639e-13  2.775248147161770e-08  4.095892574541566e-08 
 1.479108388168175e+07  1.399381420634959e-08  6.040782900527120e-04  3.652025636420110e-03 -2.542570019216078e-03  9.999999935000000e-01  1.505761661191318e-13  2.735854856564331e-08  3.929650707034585e-08 
 1.513561248436175e+07  1.418206167220295e-08  6.181490607559681e-04  3.582988626173368e-03 -2.562298967426911e-03  9.999999935000001e-01  1.491281056975602e-13  2.694324704511280e-08  3.767606705620393e-08 
 1.548816618912448e+07  1.437916736535332e-08  6.325476133497432e-04  3.512926625075648e-03 -2.579570906299604e-03  9.999999935000000e-01  1.477589751941455e-13  2.650742868977636e-08  3.609850451453116e-08 
 1.584893192461079e+07  1.458559914050417e-08  6.472815439337865e-04  3.442009894267325e-03 -2.594313898388528e-03  9.999999935000000e-01  1.464685577684532e-13  2.605209504492708e-08  3.456465656169508e-08 
 1.621810097358895e+07  1.480177871421026e-08  6.623586668865755e-04  3.370415204884389e-03 -2.606471860339213e-03  9.999999935000000e-01  1.452559860587455e-13  2.557838807875633e-08  3.307528057711483e-08 
 1.659586907437524e+07  1.502807469136448e-08  6.777870003134012e-04  3.298323939569328e-03 -2.616005246177406e-03  9.999999934999999e-01  1.441197421819806e-13  2.508757837372481e-08  3.163103761232547e-08 
 1.698243652461707e+07  1.526513057383558e-08  6.935746787348762e-04  3.225920116363477e-03 -2.622891455495087e-03  9.999999934999999e-01  1.430608019201141e-13  2.458105111892664e-08  3.023247764209773e-08 
 1.737800828749337e+07  1.551329204868003e-08  7.097300986060873e-04  3.153388381455541e-03 -2.627124958173877e-03  9.999999935000000e-01  1.420771052890180e-13  2.406029024133763e-08  2.888002699126299e-08 
 1.778279410038884e+07  1.577311500529975e-08  7.262618310051039e-04  3.080912017819749e-03 -2.628717135970063e-03  9.999999935000000e-01  1.411684354482579e-13  2.352686106683636e-08  2.757397820045145e-08 
 1.819700858609944e+07  1.604524051438511e-08  7.431786361848935e-04  3.008671015421574e-03 -2.627695850264852e-03  9.999999935000001e-01  1.403351176584855e-13  2.298239194277131e-08  2.631448251376007e-08 
 1.862087136662827e+07  1.633021261528760e-08  7.604894926771522e-04  2.936840245592566e-03 -2.624104753185801e-03  9.999999935000001e-01  1.395763929781801e-13  2.242855527206627e-08  2.510154508638918e-08 
 1.905460717963205e+07  1.662859455484852e-08  7.782035827403888e-04  2.865587777473699e-03 -2.618002366774611e-03  9.999999935000000e-01  1.388915024658210e-13  2.186704841356412e-08  2.393502292380841e-08 
 1.949844599758003e+07  1.694099591700396e-08  7.963302632560953e-04  2.795073368542548e-03 -2.609460960514689e-03  9.999999935000000e-01  1.382799040203220e-13  2.129957488523866e-08  2.281462548160363e-08 
 1.995262314968836e+07  1.726814425568368e-08  8.148791966959834e-04  2.725447154354035e-03 -2.598565262228343e-03  9.999999934999999e-01  1.377418144821174e-13  2.072782627766854e-08  2.173991777907957e-08 
 2.041737944669485e+07  1.761070218868946e-08  8.338601473951712e-04  2.656848555268455e-03 -2.585411040070584e-03  9.999999935000001e-01  1.372766917501211e-13  2.015346523905652e-08  2.071032581441230e-08 
 2.089296130853994e+07  1.796945659113296e-08  8.532832434866577e-04  2.589405410430800e-03 -2.570103594554777e-03  9.999999935000000e-01  1.368847526647676e-13  1.957810983761527e-08  1.972514401634910e-08 
 2.137962089502185e+07  1.834508339645309e-08  8.731587731745094e-04  2.523233341933576e-03 -2.552756199329437e-03  9.999999935000000e-01  1.365651298643189e-13  1.900331954559404e-08  1.878354442835413e-08 
 2.187761623949505e+07  1.873841515611431e-08  8.934972283896059e-04  2.458435345357711e-03 -2.533488527592497e-03  9.999999935000001e-01  1.363179317689922e-13  1.843058302234212e-08  1.788458729699985e-08 
 2.238721138568290e+07  1.915025901458579e-08  9.143094939645380e-04  2.395101596835962e-03 -2.512425098332950e-03  9.999999935000000e-01  1.361428331181358e-13  1.786130780913393e-08  1.702723272571213e-08 
 2.290867652767723e+07  1.958154701770597e-08  9.356064838357270e-04  2.333309461813743e-03 -2.489693772607651e-03  9.999999935000001e-01  1.360401591724014e-13  1.729681198374289e-08  1.621035305824366e-08 
 2.344228815319870e+07  2.003317242389825e-08  9.573995776008815e-04  2.273123686651372e-03 -2.465424325823554e-03  9.999999934999999e-01  1.360096930913546e-13  1.673831776614695e-08  1.543274566994321e-08 
 2.398832919019438e+07  2.050604738198852e-08  9.797002712730318e-04  2.214596751428363e-03 -2.439747116994617e-03  9.999999935000000e-01  1.360511096143435e-13  1.618694701432633e-08  1.469314586899837e-08 
 2.454708915684976e+07  2.100123604101408e-08  1.002520410111174e-03  2.157769360429931e-03 -2.412791871270283e-03  9.999999935000000e-01  1.361648424222373e-13  1.564371850816592e-08  1.399023963983246e-08 
 2.511886431509525e+07  2.151969558537220e-08  1.025872101308778e-03  2.102671046133735e-03 -2.384686586938961e-03  9.999999935000000e-01  1.363503494139495e-13  1.510954688378145e-08  1.332267599722977e-08 
 2.570395782768807e+07  2.206266289224309e-08  1.049767743097618e-03  2.049320862552973e-03 -2.355556573758678e-03  9.999999935000000e-01  1.366086063714356e-13  1.458524305710092e-08  1.268907875756457e-08 
 2.630267991895324e+07  2.263121830535348e-08  1.074219966540113e-03  1.997728144699449e-03 -2.325523625251731e-03  9.999999935000000e-01  1.369392880340436e-13  1.407151595868741e-08  1.208805757293236e-08 
 2.691534803926856e+07  2.322651974163278e-08  1.099241751944646e-03  1.947893312392312e-03 -2.294705324010265e-03  9.999999935000001e-01  1.373422859815565e-13  1.356897539361887e-08  1.151821811223017e-08 
 2.754228703338105e+07  2.384992091724442e-08  1.124846399761736e-03  1.899808698559078e-03 -2.263214476011890e-03  9.999999935000000e-01  1.378183591554949e-13  1.307813583882356e-08  1.097817130938309e-08 
 2.818382931264391e+07  2.450266405941798e-08  1.151047472376376e-03  1.853459384385151e-03 -2.231158667506551e-03  9.999999934999999e-01  1.383672907154243e-13  1.259942099481451e-08  1.046654163182219e-08 
 2.884031503126542e+07  2.518617661928827e-08  1.177858794108033e-03  1.808824026089442e-03 -2.198639936100283e-03  9.999999935000000e-01  1.389896227624310e-13  1.213316891754685e-08  9.981974351647251e-09 
 2.951209226666320e+07  2.590194820382919e-08  1.205294625833631e-03  1.765875660474327e-03 -2.165754546445102e-03  9.999999935000000e-01  1.396858973976012e-13  1.167963756943948e-08  9.523141826431115e-09 
 3.019951720401949e+07  2.665136843874759e-08  1.233369519468397e-03  1.724582478882426e-03 -2.132592859955633e-03  9.999999935000001e-01  1.404557893602831e-13  1.123901064283392e-08  9.088748817722162e-09 
 3.090295432513522e+07  2.743619452591131e-08  1.262098405277357e-03  1.684908561394596e-03 -2.099239287693855e-03  9.999999935000001e-01  1.413005996930838e-13  1.081140352647253e-08  8.677536891212127e-09 
 3.162277660168309e+07  2.825798657060705e-08  1.291496446356177e-03  1.646814565270579e-03 -2.065772315421926e-03  9.999999935000001e-01  1.422202199757860e-13  1.039686930224497e-08  8.288287955226343e-09 
 3.235936569296210e+07  2.911847525618426e-08  1.321579271461815e-03  1.610258363487941e-03 -2.032264590145921e-03  9.999999935000001e-01  1.432150838892587e-13  9.995404677004984e-09  7.919827002663118e-09 
 3.311311214825837e+07  3.001953168006546e-08  1.352362829493359e-03  1.575195630923278e-03 -1.998783057925552e-03  9.999999935000000e-01  1.442859503750227e-13  9.606955770658893e-09  7.571024127111000e-09 
 3.388441561391950e+07  3.096308568476800e-08  1.383863389492035e-03  1.541580377169736e-03 -1.965389143356460e-03  9.999999935000000e-01  1.454334699543813e-13  9.231423697206381e-09  7.240795886686141e-09 
 3.467368504525239e+07  3.195105555508988e-08  1.416097686160356e-03  1.509365426150736e-03 -1.932138961950490e-03  9.999999935000001e-01  1.466578594677692e-13  8.868669889962243e-09  6.928106089398384e-09 
 3.548133892335676e+07  3.298565447533075e-08  1.449082861654460e-03  1.478502843670126e-03 -1.899083557471699e-03  9.999999935000000e-01  1.479603115375761e-13  8.518521134984490e-09  6.631966072470369e-09 
 3.630780547700933e+07  3.406894876963113e-08  1.482836320064962e-03  1.448944314867188e-03 -1.866269157082086e-03  9.999999935000001e-01  1.493409345840191e-13  8.180774287711782e-09  6.351434545446055e-09 
 3.715352290971643e+07  3.520332676299343e-08  1.517376076662913e-03  1.420641473989401e-03 -1.833737438206288e-03  9.999999934999999e-01  1.508008670193794e-13  7.855200658424649e-09  6.085617062376578e-09 
 3.801893963205528e+07  3.639118008081323e-08  1.552720263134688e-03  1.393546189484291e-03 -1.801525801647662e-03  9.999999935000000e-01  1.523408135750692e-13  7.541550059383253e-09  5.833665184504521e-09 
 3.890451449942719e+07  3.763497543355317e-08  1.588887767866254e-03  1.367610807549745e-03 -1.769667646475881e-03  9.999999935000000e-01  1.539613705622833e-13  7.239554514183286e-09  5.594775389129849e-09 
 3.981071705534884e+07  3.893744531326045e-08  1.625897741178051e-03  1.342788357487771e-03 -1.738192642888639e-03  9.999999935000000e-01  1.556637848135201e-13  6.948931635094068e-09  5.368187775249132e-09 
 4.073802778041036e+07  4.030122236216262e-08  1.663769740844145e-03  1.319032722290529e-03 -1.707126999905061e-03  9.999999935000000e-01  1.574484357995398e-13  6.669387678388761e-09  5.153184611294462e-09 
 4.168693834703261e+07  4.172931544881520e-08  1.702523935819045e-03  1.296298777780485e-03 -1.676493725469362e-03  9.999999935000000e-01  1.593167329831668e-13  6.400620291415311e-09  4.949088764692945e-09 
 4.265795188015831e+07  4.322472367089835e-08  1.742180727887899e-03  1.274542503620452e-03 -1.646312876994106e-03  9.999999935000002e-01  1.612695437261391e-13  6.142320967156549e-09  4.755262048252891e-09 
 4.365158322401562e+07  4.479057366376963e-08  1.782761362846941e-03  1.253721069322682e-03 -1.616601800919058e-03  9.999999935000001e-01  1.633077353901946e-13  5.894177223931155e-09  4.571103513408965e-09 
 4.466835921509531e+07  4.643023107212227e-08  1.824287290219218e-03  1.233792898231656e-03 -1.587375360260643e-03  9.999999934999999e-01  1.654325548078317e-13  5.655874528795818e-09  4.396047716005742e-09 
 4.570881896148648e+07  4.814717798300398e-08  1.866780396085232e-03  1.214717712258519e-03 -1.558646149488227e-03  9.999999934999999e-01  1.676451403913315e-13  5.427097983678318e-09  4.229562976241353e-09 
 4.677351412871877e+07  4.994504707722470e-08  1.910263265017420e-03  1.196456559936787e-03 -1.530424696364749e-03  9.999999935000000e-01  1.699466305529751e-13  5.207533793292833e-09  4.071149650732480e-09 
 4.786300923226276e+07  5.182766020054339e-08  1.954759005457163e-03  1.178971830154236e-03 -1.502719650639143e-03  9.999999935000000e-01  1.723382721252609e-13  4.996870533567137e-09  3.920338431388560e-09 
 4.897788193684352e+07  5.379892156946516e-08  2.000291191507131e-03  1.162227253698612e-03 -1.475537959683934e-03  9.999999935000001e-01  1.748210408901441e-13  4.794800238733284e-09  3.776688682878830e-09 
 5.011872336272611e+07  5.586319020975123e-08  2.046883979346603e-03  1.146187894558550e-03 -1.448885031317454e-03  9.999999935000000e-01  1.773968342014265e-13  4.601019324397363e-09  3.639786827985214e-09 
 5.128613839913534e+07  5.802463885808758e-08  2.094561990816146e-03  1.130820132673818e-03 -1.422764884226547e-03  9.999999935000001e-01  1.800663567905203e-13  4.415229363145830e-09  3.509244787786662e-09 
 5.248074602497608e+07  6.028802179135501e-08  2.143350604455918e-03  1.116091639707832e-03 -1.397180286420981e-03  9.999999935000001e-01  1.828315602213360e-13  4.237137727970218e-09  3.384698481963339e-09 
 5.370317963702407e+07  6.265807061364258e-08  2.193275664467365e-03  1.101971349174661e-03 -1.372132882287511e-03  9.999999935000000e-01  1.856936913263718e-13  4.066458117955280e-09  3.265806392697816e-09 
 5.495408738576122e+07  6.513977492126032e-08  2.244363655336201e-03  1.088429422089186e-03 -1.347623308853375e-03  9.999999934999999e-01  1.886541595684521e-13  3.902910979565156e-09  3.152248194317809e-09 
 5.623413251903364e+07  6.773854999411500e-08  2.296641585417092e-03  1.075437209194954e-03 -1.323651301853077e-03  9.999999935000000e-01  1.917149707215959e-13  3.746223835650624e-09  3.043723449817536e-09 
 5.754399373371439e+07  7.045968184249615e-08  2.350137219764292e-03  1.062967210671792e-03 -1.300215792219363e-03  9.999999935000000e-01  1.948771005677585e-13  3.596131533300492e-09  2.939950374419374e-09 
 5.888436553555757e+07  7.330909607550553e-08  2.404878905508667e-03  1.050993034016609e-03 -1.277314993709217e-03  9.999999935000001e-01  1.981426633011762e-13  3.452376420893200e-09  2.840664665358153e-09 
 6.025595860743441e+07  7.629279956677983e-08  2.460895804688334e-03  1.039489350853943e-03 -1.254946482172542e-03  9.999999935000000e-01  2.015132852251078e-13  3.314708463187609e-09  2.745618396972585e-09 
 6.165950018614683e+07  7.941707987346617e-08  2.518217428587377e-03  1.028431853107469e-03 -1.233107267199859e-03  9.999999935000000e-01  2.049906468529206e-13  3.182885303074337e-09  2.654578979087898e-09 
 6.309573444801790e+07  8.268868993584864e-08  2.576874219812453e-03  1.017797209085182e-03 -1.211793856631326e-03  9.999999935000001e-01  2.085769165889595e-13  3.056672277111843e-09  2.567328176907064e-09 
 6.456542290346409e+07  8.611444158935597e-08  2.636897377669811e-03  1.007563019816697e-03 -1.191002314530863e-03  9.999999935000000e-01  2.122736665263747e-13  2.935842391598508e-09  2.483661189986893e-09 
 6.606934480075811e+07  8.970163974226238e-08  2.698318508919328e-03  9.977077759291519e-04 -1.170728313181009e-03  9.999999935000001e-01  2.160829566492939e-13  2.820176265139171e-09  2.403385787753772e-09 
 6.760829753919666e+07  9.345789861889378e-08  2.761170442681760e-03  9.882108153766935e-04 -1.150967179526252e-03  9.999999935000001e-01  2.200068198367905e-13  2.709462042760922e-09  2.326321499116127e-09 
 6.918309709189209e+07  9.739115335979641e-08  2.825486415531486e-03  9.790522821371548e-04 -1.131713936624371e-03  9.999999935000000e-01  2.240472618628836e-13  2.603495286435587e-09  2.252298853295924e-09 
 7.079457843841220e+07  1.015098046376452e-07  2.891300362534821e-03  9.702130861511307e-04 -1.112963340407975e-03  9.999999935000002e-01  2.282065595521354e-13  2.502078845770578e-09  2.181158669483824e-09 
 7.244359600749739e+07  1.058225861099852e-07  2.958647499326617e-03  9.616748644782594e-04 -1.094709912314623e-03  9.999999935000000e-01  2.324869084139453e-13  2.405022712822485e-09  2.112751392312213e-09 
 7.413102413009009e+07  1.103386129511464e-07  3.027563216164708e-03  9.534199438689824e-04 -1.076947968033926e-03  9.999999935000000e-01  2.368905039577124e-13  2.312143863877893e-09  2.046936470793386e-09 
 7.585775750291668e+07  1.150674617769771e-07  3.098084242083132e-03  9.454313047865934e-04 -1.059671642740339e-03  9.999999935000000e-01  2.414196772181076e-13  2.223266091011844e-09  1.983581778103856e-09 
 7.762471166286743e+07  1.200192205106139e-07  3.170247888192534e-03  9.376925468977963e-04 -1.042874913147162e-03  9.999999935000000e-01  2.460769489651821e-13  2.138219825856042e-09  1.922563069700945e-09 
 7.943282347242635e+07  1.252042319210620e-07  3.244092338718474e-03  9.301878560539232e-04 -1.026551616667245e-03  9.999999935000002e-01  2.508644604982263e-13  2.056841957635852e-09  1.863763477404590e-09 
 8.128305161640808e+07  1.306336709511983e-07  3.319657000247389e-03  9.229019728171982e-04 -1.010695467889614e-03  9.999999935000001e-01  2.557851120580518e-13  1.978975647153691e-09  1.807073037271013e-09 
 8.317637711026521e+07  1.363190125396830e-07  3.396981803234667e-03  9.158201624870419e-04 -9.953000726561818e-04  9.999999935000000e-01  2.608414244147095e-13  1.904470138353791e-09  1.752388249007384e-09 
 8.511380382023571e+07  1.422722898248975e-07  3.476107725873590e-03  9.089281866373741e-04 -9.803589399303215e-04  9.999999935000000e-01  2.660360267584677e-13  1.833180568733381e-09  1.699611664923593e-09 
 8.709635899560608e+07  1.485061506447541e-07  3.557076561264694e-03  9.022122761476177e-04 -9.658654916542229e-04  9.999999935000001e-01  2.713717109099206e-13  1.764967779725539e-09  1.648651506480626e-09 
 8.912509381337252e+07  1.550337524411602e-07  3.639931557700038e-03  8.956591057093390e-04 -9.518130707705644e-04  9.999999935000000e-01  2.768511873744994e-13  1.699698128002218e-09  1.599421306612071e-09 
 9.120108393558890e+07  1.618690278912020e-07  3.724716487340629e-03  8.892557697880849e-04 -9.381949475677584e-04  9.999999935000000e-01  2.824775190233414e-13  1.637243298497493e-09  1.551839576103261e-09 
 9.332543007969697e+07  1.690264453496004e-07  3.811476286500692e-03  8.829897600187957e-04 -9.250043244937179e-04  9.999999935000000e-01  2.882536332023122e-13  1.577480119821943e-09  1.505829492417101e-09 
 9.549925860214141e+07  1.765211221502388e-07  3.900256939232349e-03  8.768489440131188e-04 -9.122343395702275e-04  9.999999935000001e-01  2.941824843623320e-13  1.520290382626245e-09  1.461318609456379e-09 
 9.772372209557883e+07  1.843690683417994e-07  3.991105593740940e-03  8.708215455603939e-04 -8.998780685256291e-04  9.999999935000000e-01  3.002674064250810e-13  1.465560661369044e-09  1.418238586853121e-09 
 9.999999999999771e+07  1.925868997389094e-07  4.084070445969701e-03  8.648961261861842e-04 -8.879285257757821e-04  9.999999935000000e-01  3.065115706819138e-13  1.413182139895184e-09  1.376524937435660e-09 
