 frequency                ip0                      ip0                      ip1                      ip1                      ip2                      ip2                      ip3                      ip3                      ip4                      ip4                      ip5                      ip5                      ip6                      ip6                      ip7                      ip7                      ip8                      ip8                      ip9                      ip9                      v(e0)                    v(e0)                    v(e1)                    v(e1)                    v(e2)                    v(e2)                    v(e3)                    v(e3)                    v(e4)                    v(e4)                    v(e5)                    v(e5)                    v(e6)                    v(e6)                    v(e7)                    v(e7)                    v(e8)                    v(e8)                    v(e9)                    v(e9)                   
 1.00000000000000000e+00  2.60049972627820443e-26 -2.37384401683229080e-26  1.08536970976756782e-27  2.70079519644792238e-27  4.33726947586532408e-15  1.22522145425942231e-14  1.12313957532435714e-19 -4.34112236211557683e-20  1.12365447859492908e-19 -4.32451949820638077e-20  1.12376673665718566e-19 -4.32085418538345979e-20 -2.95233558926634060e-15 -7.56591884865663998e-15 -2.95233558926634060e-15 -7.56591884865663998e-15 -2.95233558926634060e-15 -7.56591884865663998e-15 -2.95233558922110416e-15 -7.56591884844984483e-15  2.59099080730402116e-18 -2.38463746702543370e-18  8.78710835345932351e-17 -3.50826520142395503e-17  2.17202155944499093e-04 -7.52354365047398451e-05 -7.57763847244445448e-10 -1.99016124513115129e-09 -7.51945994546083107e-10 -1.99214513922329793e-09 -7.50661463666776947e-10 -1.99257812252530596e-09 -2.98342305932260986e-07 -7.55432952746025218e-07 -2.98342305932260986e-07 -7.55432952746025218e-07 -2.98342305932260986e-07 -7.55432952746025218e-07 -2.98342305932261356e-07 -7.55432952746028606e-07 
 1.02920794166901186e+00  2.78180982955938519e-26 -2.44204032121908762e-26  1.13978015871187581e-27  2.93310621079550644e-27  4.33569738271522009e-15  1.26018402972453526e-14  1.18960054492026287e-19 -4.46621453749217531e-20  1.19011544099642336e-19 -4.44915087784013431e-20  1.19022770145681708e-19 -4.44538401526842859e-20 -2.95053811597249309e-15 -7.78689209297460537e-15 -2.95053811597249309e-15 -7.78689209297460537e-15 -2.95053811562998862e-15 -7.78689209297460537e-15 -2.95053811653471741e-15 -7.78689209318140052e-15  2.77174133299715356e-18 -2.45390874620116949e-18  9.30897619850543236e-17 -3.61011696327303267e-17  2.17037790174679244e-04 -7.30564957145943186e-05 -7.57306445422584063e-10 -2.04794789469429470e-09 -7.51493783316403693e-10 -2.04987532618103164e-09 -7.50210468349062437e-10 -2.05029599479113719e-09 -2.98345413013070200e-07 -7.77496414026953947e-07 -2.98345413013070200e-07 -7.77496414026953947e-07 -2.98345412985317377e-07 -7.77496414026953947e-07 -2.98345413068574522e-07 -7.77496414026952253e-07 
 1.05926898719456419e+00  2.97386658973110547e-26 -2.51214457067478319e-26  1.19739967638895688e-27  3.18585661107699630e-27  4.33396265923924329e-15  1.29619103337499584e-14  1.26000056510242714e-19 -4.59479953652160276e-20  1.26051544338188560e-19 -4.57726092959316588e-20  1.26062770283253737e-19 -4.57338939212131330e-20 -2.94863405776838114e-15 -8.01431985532287255e-15 -2.94863405776838114e-15 -8.01431985532287255e-15 -2.94863405776838114e-15 -8.01431985532287255e-15 -2.94863405778130584e-15 -8.01431985552966770e-15  2.96320546329468319e-18 -2.52518790677009010e-18  9.86177454967936475e-17 -3.71488574781518805e-17  2.16882596059849239e-04 -7.09374207312098561e-05 -7.56820589057811938e-10 -2.10743203516568603e-09 -7.51012825107114250e-10 -2.10930457709486422e-09 -7.49730660484778295e-10 -2.10971327254172299e-09 -2.98348699196221707e-07 -8.00204336838745720e-07 -2.98348699196221707e-07 -8.00204336838745720e-07 -2.98348699196221707e-07 -8.00204336838745720e-07 -2.98348699196222078e-07 -8.00204336838744026e-07 
 1.09020805398433640e+00  3.17730687120088936e-26 -2.58420443151411126e-26  1.25841533379098732e-27  3.46088033248464654e-27  4.33211951554601793e-15  1.33327232411481149e-14  1.33457310373648005e-19 -4.72696505529297079e-20  1.33508795020906682e-19 -4.70893697090135258e-20  1.33520020498966202e-19 -4.70495754250121473e-20 -2.94661709913002790e-15 -8.24839065016304235e-15 -2.94661709913002790e-15 -8.24839065016304235e-15 -2.94661709910417850e-15 -8.24839065036983751e-15 -2.94661709912356555e-15 -8.24839065057663266e-15  3.16601811831982085e-18 -2.59853171536994456e-18  1.04473366310372804e-16 -3.82265159984496979e-17  2.16736063198916511e-04 -6.88765121292408798e-05 -7.56304663173730029e-10 -2.16866297675808508e-09 -7.50501527077001832e-10 -2.17048215792525136e-09 -7.49220444584130543e-10 -2.17087921375433649e-09 -2.98352175269355177e-07 -8.23575543693772128e-07 -2.98352175269355177e-07 -8.23575543693772128e-07 -2.98352175269356024e-07 -8.23575543693770434e-07 -2.98352175269355230e-07 -8.23575543707646422e-07 
 1.12205078723219787e+00  3.39280533745975854e-26 -2.65826815114098100e-26  1.32302496605297326e-27  3.76017632629575930e-27  4.33014084658123188e-15  1.37145864593124510e-14  1.41356546089070821e-19 -4.86280006217025894e-20  1.41408026381817301e-19 -4.84426756623189049e-20  1.41419251178300999e-19 -4.84017696524210165e-20 -2.94448055091277594e-15 -8.48929849932523401e-15 -2.94448055091277594e-15 -8.48929849932523401e-15 -2.94448055091277594e-15 -8.48929849932523401e-15 -2.94448055129405450e-15 -8.48929849953202916e-15  3.38085190086392610e-18 -2.67399834405921130e-18  1.10676043211468958e-16 -3.93349642584588075e-17  2.16597709385532778e-04 -6.68721137655527300e-05 -7.55756956130049449e-10 -2.23169147782032175e-09 -7.49958188973097523e-10 -2.23345878478760331e-09 -7.48678130648006041e-10 -2.23384452498428151e-09 -2.98355852712279290e-07 -8.47629406766157702e-07 -2.98355852712279290e-07 -8.47629406766157702e-07 -2.98355852712279290e-07 -8.47629406766157702e-07 -2.98355852740031690e-07 -8.47629406766156008e-07 
 1.15482358117534467e+00  3.62107659578578128e-26 -2.73438471152101941e-26  1.39143778032438927e-27  4.08592340307495093e-27  4.32799954729057301e-15  1.41078166147834786e-14  1.49723959808663831e-19 -5.00239472711037761e-20  1.49775434421611793e-19 -4.98334244125522817e-20  1.49786658145244660e-19 -4.97913727999151697e-20 -2.94221732869595731e-15 -8.73724309103355786e-15 -2.94221732869595731e-15 -8.73724309103355786e-15 -2.94221732891567716e-15 -8.73724309124035301e-15 -2.94221732887044072e-15 -8.73724309124035301e-15  3.60841924011883638e-18 -2.75164759777670147e-18  1.17246345903900786e-16 -4.04750402769260891e-17  2.16467079108609718e-04 -6.49226122430071053e-05 -7.55175654055035643e-10 -2.29656978505049879e-09 -7.49381012905962422e-10 -2.29828666385599170e-09 -7.48101920465299231e-10 -2.29866140226944490e-09 -2.98359743811659740e-07 -8.72385864256951544e-07 -2.98359743811659740e-07 -8.72385864256951544e-07 -2.98359743839411610e-07 -8.72385864270831132e-07 -2.98359743839412033e-07 -8.72385864270831026e-07 
 1.18855360097231344e+00  3.86287762782784757e-26 -2.81260362094039614e-26  1.46387496063155163e-27  4.44049649775438548e-27  4.32572272272835345e-15  1.45127397474170801e-14  1.58587300061866981e-19 -5.14584028534800358e-20  1.58638767682351879e-19 -5.12625247274764708e-20  1.58649990093320200e-19 -5.12192924235670709e-20 -2.93981992635835037e-15 -8.99242994720339429e-15 -2.93981992635835037e-15 -8.99242994720339429e-15 -2.93981992635835037e-15 -8.99242994720339429e-15 -2.93981992607400703e-15 -8.99242994741018944e-15  3.84947481237199603e-18 -2.83154078841520578e-18  1.24206063243943234e-16 -4.16476009099701318e-17  2.16343742322038174e-04 -6.30264356189782566e-05 -7.54558825979908414e-10 -2.36335167929396759e-09 -7.48768082197126970e-10 -2.36501953555375013e-09 -7.47489899773566069e-10 -2.36538357919766063e-09 -2.98363861417537807e-07 -8.97865436585753452e-07 -2.98363861417537807e-07 -8.97865436585753452e-07 -2.98363861417537807e-07 -8.97865436585753452e-07 -2.98363861389785037e-07 -8.97865436599627852e-07 
 1.22326880522000669e+00  4.11901028368494710e-26 -2.89297489279050137e-26  1.54057037806428524e-27  4.82648429941592967e-27  4.32322905773163679e-15  1.49296915436494421e-14  1.67975959970091875e-19 -5.29322900710332130e-20  1.68027419348558035e-19 -5.27308938061996418e-20  1.68038640219669869e-19 -5.26864451671268125e-20 -2.93728039276202627e-15 -9.25507059280662414e-15 -2.93728039276202627e-15 -9.25507059280662414e-15 -2.93728039276202627e-15 -9.25507059280662414e-15 -2.93728039254230642e-15 -9.25507059322021445e-15  4.10481802531639956e-18 -2.91374079664176530e-18  1.31578275489529533e-16 -4.28535220368829383e-17  2.16227292498707372e-04 -6.11820525879220656e-05 -7.53904428326765448e-10 -2.43209251990398758e-09 -7.48117363100827998e-10 -2.43371271880744418e-09 -7.46840041988265242e-10 -2.43406636566175803e-09 -2.98368219096076660e-07 -9.24089243609435777e-07 -2.98368219096076660e-07 -9.24089243609435777e-07 -2.98368219096076660e-07 -9.24089243609435777e-07 -2.98368219068323467e-07 -9.24089243637186376e-07 
 1.25899796912839457e+00  4.39032392644872414e-26 -2.97554898854236392e-26  1.62177121068462452e-27  5.24670855121568153e-27  4.32059986746335944e-15  1.53590177087283299e-14  1.77921075014986921e-19 -5.44465398048750175e-20  1.77972524662064955e-19 -5.42394589957366491e-20  1.77983743538936420e-19 -5.41937570649447026e-20 -2.93459030836510961e-15 -9.52538273040673795e-15 -2.93459030836510961e-15 -9.52538273040673795e-15 -2.93459030817123915e-15 -9.52538273082032825e-15 -2.93459030844912014e-15 -9.52538273061353310e-15  4.37529566241095975e-18 -2.99831211727639126e-18  1.39387430847584477e-16 -4.40936984958186056e-17  2.16117345946320897e-04 -5.93879712921526566e-05 -7.53210292114962250e-10 -2.50284928729590133e-09 -7.47426700268573918e-10 -2.50442315746829828e-09 -7.46150192272052321e-10 -2.50476669625380200e-09 -2.98372831531961933e-07 -9.51079022125777633e-07 -2.98372831531961933e-07 -9.51079022125777633e-07 -2.98372831504208210e-07 -9.51079022139650338e-07 -2.98372831531961033e-07 -9.51079022139653726e-07 
 1.29577070837210107e+00  4.67771825549640541e-26 -3.06037678419334050e-26  1.70773873496364990e-27  5.70424506558985579e-27  4.31786225697783355e-15  1.58010741652364353e-14  1.88455625729194531e-19 -5.60020904082076531e-20  1.88507064319598118e-19 -5.57891531966831199e-20  1.88518281025524372e-19 -5.57421604117711932e-20 -2.93174074925234648e-15 -9.80359042296575131e-15 -2.93174074925234648e-15 -9.80359042296575131e-15 -2.93174074925234648e-15 -9.80359042296575131e-15 -2.93174074925234648e-15 -9.80359042317254646e-15  4.66180469099014640e-18 -3.08532092903116849e-18  1.47659426527138863e-16 -4.53690440660699693e-17  2.16013540167144961e-04 -5.76427390308201980e-05 -7.52474111958030907e-10 -2.57568063528134437e-09 -7.46693802552404855e-10 -2.57720946769022589e-09 -7.45418058979960716e-10 -2.57754317999673664e-09 -2.98377713733481528e-07 -9.78857143788871355e-07 -2.98377713733481528e-07 -9.78857143788871355e-07 -2.98377713733481528e-07 -9.78857143788871355e-07 -2.98377713733481475e-07 -9.78857143774990179e-07 
 1.33361750363864751e+00  4.98214632448320822e-26 -3.14750940566029074e-26  1.79874905402374806e-27  6.20244662326089603e-27  4.31479938584056200e-15  1.62562273897538856e-14  1.99614547568898000e-19 -5.75998855858657051e-20  1.99665973676366622e-19 -5.73809153680864333e-20  1.99677187857937980e-19 -5.73325924500923336e-20 -2.92872226774159652e-15 -1.00899242780986864e-14 -2.92872226774159652e-15 -1.00899242780986864e-14 -2.92872226774159652e-15 -1.00899242780986864e-14 -2.92872226738616735e-15 -1.00899242778918912e-14  4.96529526838257962e-18 -3.17483504184953720e-18  1.56421694662237298e-16 -4.66804914794278612e-17  2.15915532801126090e-04 -5.59449397575215821e-05 -7.51693447118731383e-10 -2.65064693675544749e-09 -7.45916236149296245e-10 -2.65213198532611727e-09 -7.44641215771655452e-10 -2.65245614459833666e-09 -2.98382882085160508e-07 -1.00744663367240159e-06 -2.98382882085160508e-07 -1.00744663367240159e-06 -2.98382882085160508e-07 -1.00744663367240159e-06 -2.98382882057407739e-07 -1.00744663367240159e-06 
 1.37256972589369841e+00  5.30461762644137015e-26 -3.23699812480945287e-26  1.89509386801058967e-27  6.74496795315070654e-27  4.31157388437741762e-15  1.67248547081617225e-14  2.11434846529275773e-19 -5.92408732835999848e-20  2.11486258689683591e-19 -5.90156888108843909e-20  2.11497470006112141e-19 -5.89659957740265544e-20 -2.92552485242066956e-15 -1.03846216383251126e-14 -2.92552485242066956e-15 -1.03846216383251126e-14 -2.92552485250468009e-15 -1.03846216381183175e-14 -2.92552485246590599e-15 -1.03846216383251126e-14  5.28677383569081968e-18 -3.26692392110041733e-18  1.65703293251198180e-16 -4.80289919662793333e-17  2.15823000485125961e-04 -5.42931951428198754e-05 -7.50865708594799359e-10 -2.72781033171060572e-09 -7.45091425592442883e-10 -2.72925281663747111e-09 -7.43817086127754848e-10 -2.72956768861565075e-09 -2.98388353617085599e-07 -1.03687118947362013e-06 -2.98388353617085599e-07 -1.03687118947362013e-06 -2.98388353617085123e-07 -1.03687118945974573e-06 -2.98388353617085070e-07 -1.03687118945974065e-06 
 1.41265966238425311e+00  5.64620151290765345e-26 -3.32889434696799174e-26  1.99708133775233884e-27  7.33579295720597554e-27  4.30826706775133683e-15  1.72073446215510631e-14  2.23955722017476046e-19 -6.09260031637226336e-20  2.24007118526883504e-19 -6.06944177347825571e-20  2.24018326650003109e-19 -6.06433131796406777e-20 -2.92213790038507631e-15 -1.06879267785585183e-14 -2.92213790038507631e-15 -1.06879267785585183e-14 -2.92213790014596941e-15 -1.06879267785585183e-14 -2.92213789979054025e-15 -1.06879267783517232e-14  5.62730650669770642e-18 -3.36165881129910696e-18  1.75535002526692441e-16 -4.94155154008965828e-17  2.15735637882582469e-04 -5.26861623443033617e-05 -7.49988155522755879e-10 -2.80723478534895333e-09 -7.44216633224651144e-10 -2.80863589073242255e-09 -7.42942937277943392e-10 -2.80894173354377955e-09 -2.98394146538797994e-07 -1.06715520096636701e-06 -2.98394146538797994e-07 -1.06715520096636701e-06 -2.98394146511044748e-07 -1.06715520096636701e-06 -2.98394146483292772e-07 -1.06715520096636871e-06 
 1.45392054340133847e+00  6.00803070152325624e-26 -3.42324936852765972e-26  2.10503701161343885e-27  7.97926438175638088e-27  4.30458078036488612e-15  1.77040970932547727e-14  2.37218696364644736e-19 -6.26562240807522258e-20  2.37270075897765514e-19 -6.24180458446155169e-20  2.37281280411057617e-19 -6.23654875639757218e-20 -2.91855017919418256e-15 -1.10000911118674876e-14 -2.91855017919418256e-15 -1.10000911118674876e-14 -2.91855017919418256e-15 -1.10000911118674876e-14 -2.91855017906493559e-15 -1.10000911114538973e-14  5.98802257621899092e-18 -3.45911263864654654e-18  1.85949427035486502e-16 -5.08410497774694564e-17  2.15653156617352229e-04 -5.11225331842202682e-05 -7.49057871495684119e-10 -2.88898613270701090e-09 -7.43288959442101671e-10 -2.89034701114063178e-09 -7.42015869772025812e-10 -2.89064407620501760e-09 -2.98400279986683512e-07 -1.09832377040677632e-06 -2.98400279986683512e-07 -1.09832377040677632e-06 -2.98400279986683512e-07 -1.09832377040677632e-06 -2.98400279986685206e-07 -1.09832377039984081e-06 
 1.49638656982438278e+00  6.39130504784723799e-26 -3.52011427237281926e-26  2.21930461392218314e-27  8.68011619721178007e-27  4.30075896770687471e-15  1.82155239417582557e-14  2.51267753375143996e-19 -6.44324825668008307e-20  2.51319114190173214e-19 -6.41875139169661752e-20  2.51330314841202326e-19 -6.41334582899758492e-20 -2.91474979201330114e-15 -1.13213733896534090e-14 -2.91474979201330114e-15 -1.13213733896534090e-14 -2.91474979201330114e-15 -1.13213733896534090e-14 -2.91474979237519266e-15 -1.13213733900669993e-14  6.37011827923934944e-18 -3.55936007031400821e-18  1.96981103770293838e-16 -5.23066008726655453e-17  2.15575284371629050e-04 -4.96010338424112426e-05 -7.48071775187515879e-10 -2.97313214067899210e-09 -7.42305327117877933e-10 -2.97445391106928939e-09 -7.41032809143068783e-10 -2.97474244219699183e-09 -2.98406774448564701e-07 -1.13040273322107674e-06 -2.98406774448564701e-07 -1.13040273322107674e-06 -2.98406774448564701e-07 -1.13040273322107674e-06 -2.98406774476316677e-07 -1.13040273322800885e-06 
 1.54009294147010611e+00  6.79729549832773035e-26 -3.61953983594738067e-26  2.34024706812099826e-27  9.44350886665431689e-27  4.29661189439711766e-15  1.87420491078787935e-14  2.66149483502202312e-19 -6.62557184896835903e-20  2.66200823958309289e-19 -6.60037568719140764e-20  2.66212020292691527e-19 -6.59481589650560582e-20 -2.91072413600909207e-15 -1.16520399282979631e-14 -2.91072413600909207e-15 -1.16520399282979631e-14 -2.91072413597031798e-15 -1.16520399282979631e-14 -2.91072413605432851e-15 -1.16520399287115534e-14  6.77486073579293438e-18 -3.66247760088686320e-18  2.08666616700736597e-16 -5.38131917455146125e-17  2.15501763946264886e-04 -4.81204233780534613e-05 -7.47026593355793228e-10 -3.05974255980059100e-09 -7.41262474712535139e-10 -3.06102630944622246e-09 -7.39990494573775315e-10 -3.06130654383973388e-09 -2.98413651436428372e-07 -1.16341867948603200e-06 -2.98413651436428372e-07 -1.16341867948603200e-06 -2.98413651436428372e-07 -1.16341867948603200e-06 -2.98413651436427525e-07 -1.16341867948602861e-06 
 1.58507588626942186e+00  7.22734834841267360e-26 -3.72157623318705061e-26  2.46824752593525789e-27  1.02750677982334672e-26  4.29222087559855137e-15  1.92841090733189345e-14  2.81913238616113234e-19 -6.81268633363573896e-20  2.81964556984114864e-19 -6.78676995321191782e-20  2.81975748597953445e-19 -6.78105136040827394e-20 -2.90645985948480473e-15 -1.19923648176126369e-14 -2.90645985948480473e-15 -1.19923648176126369e-14 -2.90645985948480473e-15 -1.19923648176126369e-14 -2.90645985917461200e-15 -1.19923648169922515e-14  7.20359218788859315e-18 -3.76854344364238252e-18  2.21044718081048173e-16 -5.53618622133561475e-17  2.15432352477513207e-04 -4.66794932194565331e-05 -7.45918863698569088e-10 -3.14888918347780844e-09 -7.40156942333075607e-10 -3.15013596915519142e-09 -7.38885471434986002e-10 -3.15040813678166778e-09 -2.98420933614925264e-07 -1.19739897585075116e-06 -2.98420933614925264e-07 -1.19739897585075116e-06 -2.98420933614925264e-07 -1.19739897585075116e-06 -2.98420933587173236e-07 -1.19739897584381904e-06 
 1.63137269029653642e+00  7.68288966195718587e-26 -3.82627293160245067e-26  2.60371031228266182e-27  1.11809252807859454e-26  4.28758591131117583e-15  1.98421531733407654e-14  2.98611295569810895e-19 -7.00468358710304342e-20  2.98662590006928105e-19 -6.97802553101573052e-20  2.98673776515258907e-19 -6.97214333981994084e-20 -2.90194282137427721e-15 -1.23426301551376325e-14 -2.90194282137427721e-15 -1.23426301551376325e-14 -2.90194282137427721e-15 -1.23426301551376325e-14 -2.90194282137427721e-15 -1.23426301553444276e-14  7.65773442357604124e-18 -3.87763763857056962e-18  2.34156456995234866e-16 -5.69536681191198049e-17  2.15366820612739501e-04 -4.52770659781063337e-05 -7.44744910157235980e-10 -3.24064590732032540e-09 -7.38985064714929456e-10 -3.24185675532909456e-09 -7.37714072640052663e-10 -3.24212108050609373e-09 -2.98428645176403890e-07 -1.23237178842053300e-06 -2.98428645176403890e-07 -1.23237178842053300e-06 -2.98428645176403890e-07 -1.23237178842053639e-06 -2.98428645176403943e-07 -1.23237178842053300e-06 
 1.67902172867513655e+00  8.16543001683531678e-26 -3.93367841979012289e-26  2.74706201462736076e-27  1.21677662036070247e-26  4.28262568637205465e-15  2.04166440012572309e-14  3.16299029786134493e-19 -7.20165374903492404e-20  3.16350298380168448e-19 -7.17423193422748298e-20  3.16361479360162026e-19 -7.16818129787814582e-20 -2.89715804173388421e-15 -1.27031262794067995e-14 -2.89715804173388421e-15 -1.27031262794067995e-14 -2.89715804173388421e-15 -1.27031262794067995e-14 -2.89715804173388421e-15 -1.27031262794067995e-14  8.13879349191863105e-18 -3.98984200882405446e-18  2.48045315440464049e-16 -5.85896804819422342e-17  2.15304951827328608e-04 -4.39119948289904400e-05 -7.43500838317917043e-10 -3.33508879092194500e-09 -7.37742955308414094e-10 -3.33626469844302157e-09 -7.36472413318600666e-10 -3.33652139895955817e-09 -2.98436811686569004e-07 -1.26836610586622859e-06 -2.98436811686569004e-07 -1.26836610586622859e-06 -2.98436811686569004e-07 -1.26836610586622859e-06 -2.98436811686569004e-07 -1.26836610586622859e-06 
 1.72806249738728335e+00  8.67656952499681806e-26 -4.04383994803384038e-26  2.89875274085295124e-27  1.32428778582905598e-26  4.27744862099843637e-15  2.10080577814905902e-14  3.35035098595413547e-19 -7.40368498000179340e-20  3.35086339225906133e-19 -7.37547669737757342e-20  3.35097514362018126e-19 -7.36925256716489536e-20 -2.89208965394700725e-15 -1.30741520063144956e-14 -2.89208965394700725e-15 -1.30741520063144956e-14 -2.89208965431536112e-15 -1.30741520067280859e-14 -2.89208965394700725e-15 -1.30741520067280859e-14  8.64836472001691849e-18 -4.10524015180206481e-18  2.62757352570275168e-16 -6.02709845433863898e-17  2.15246541567445395e-04 -4.25831626847591530e-05 -7.42182526582434349e-10 -3.43229611962266865e-09 -7.36426495754848123e-10 -3.43343805567928838e-09 -7.35156380321591565e-10 -3.43368734258721385e-09 -2.98445460293445536e-07 -1.30541176367814160e-06 -2.98445460293445536e-07 -1.30541176367814160e-06 -2.98445460321197459e-07 -1.30541176368508388e-06 -2.98445460293445483e-07 -1.30541176367813821e-06 
 1.77853564601137815e+00  9.21800310951519122e-26 -4.15680336670704792e-26  3.05925697389388842e-27  1.44142043221757921e-26  4.27183787475582388e-15  2.16168847600016655e-14  3.54881635831675997e-19 -7.61086283543981073e-20  3.54932846674780802e-19 -7.58184463879053119e-20  3.54944015291746274e-19 -7.57544191551762089e-20 -2.88672085070526329e-15 -1.34560148874027321e-14 -2.88672085070526329e-15 -1.34560148874027321e-14 -2.88672085070526329e-15 -1.34560148874027321e-14 -2.88672085005902843e-15 -1.34560148869891418e-14  9.18813796943977774e-18 -4.22391754300825536e-18  2.78341357416065747e-16 -6.19986787669150641e-17  2.15191396800873538e-04 -4.12894811590972630e-05 -7.40785600144958880e-10 -3.53234847081184150e-09 -7.35031319485269370e-10 -3.53345737761031681e-09 -7.33761603746842850e-10 -3.53369945574306799e-09 -2.98454619758053091e-07 -1.34353946879522307e-06 -2.98454619758053091e-07 -1.34353946879522307e-06 -2.98454619758053091e-07 -1.34353946879522307e-06 -2.98454619702548346e-07 -1.34353946879522307e-06 
 1.83048301141633685e+00  9.79152616441431155e-26 -4.27261264313527983e-26  3.22907510044237949e-27  1.56904056295356250e-26  4.26598318302440216e-15  2.22436296104355236e-14  3.75904458274391658e-19 -7.82326961941602825e-20  3.75955636995080403e-19 -7.79341753746759003e-20  3.75966798695313458e-19 -7.78683082911238811e-20 -2.88103382536269172e-15 -1.38490314482959862e-14 -2.88103382536269172e-15 -1.38490314482959862e-14 -2.88103382536269172e-15 -1.38490314482959862e-14 -2.88103382544670225e-15 -1.38490314487095765e-14  9.75990329150868709e-18 -4.34596135721137765e-18  2.94849010713630968e-16 -6.37738732499123937e-17  2.15139335107717415e-04 -4.00298900861701529e-05 -7.39305425807244726e-10 -3.63532878100462124e-09 -7.33552799571119755e-10 -3.63640557200075652e-09 -7.32283459611831420e-10 -3.63664064092325136e-09 -2.98464320255942904e-07 -1.38278082497343824e-06 -2.98464320255942904e-07 -1.38278082497343824e-06 -2.98464320255942904e-07 -1.38278082497343824e-06 -2.98464320255942057e-07 -1.38278082497343485e-06 
 1.88394765243990236e+00  1.03990404600511202e-25 -4.39130972392226158e-26  3.40873447622838413e-27  1.70809223684706647e-26  4.25966770536967410e-15  2.28888118594991050e-14  3.98173283225776211e-19 -8.04098408170580365e-20  3.98224427473243398e-19 -8.01027336568279943e-20  3.98235581827603704e-19 -8.00349722973614860e-20 -2.87500971998493453e-15 -1.42535274662202960e-14 -2.87500971998493453e-15 -1.42535274662202960e-14 -2.87500971998493453e-15 -1.42535274662202960e-14 -2.87500972009479446e-15 -1.42535274666338863e-14  1.03655568038553912e-17 -4.47146065024264129e-18  3.12335056231336799e-16 -6.55976886306321370e-17  2.15090184361585869e-04 -3.88033565388988289e-05 -7.37737096278149621e-10 -3.74132241234194544e-09 -7.31986032198565489e-10 -3.74236797514064133e-09 -7.30717046325898872e-10 -3.74259622909193750e-09 -2.98474594095728369e-07 -1.42316835909728987e-06 -2.98474594095728369e-07 -1.42316835909728987e-06 -2.98474594095728369e-07 -1.42316835909728987e-06 -2.98474594095726675e-07 -1.42316835910422199e-06 
 1.93897388557983885e+00  1.10425604565547230e-25 -4.51293400155759319e-26  3.59879061167023655e-27  1.85960461022367109e-26  4.25302696706320038e-15  2.35529663261941300e-14  4.21761960505317096e-19 -8.26408046863535888e-20  4.21813067928757227e-19 -8.23248562255333191e-20  4.21824214388197593e-19 -8.22551443475252231e-20 -2.86862855498718545e-15 -1.46698382334602860e-14 -2.86862855498718545e-15 -1.46698382334602860e-14 -2.86862855507119598e-15 -1.46698382334602860e-14 -2.86862855468991741e-15 -1.46698382334602860e-14  1.10071069985872967e-17 -4.60050617826887474e-18  3.30857482358757044e-16 -6.74712540233727933e-17  2.15043781973376020e-04 -3.76088739198064041e-05 -7.36075411226505600e-10 -3.85041722590794567e-09 -7.30325823184681125e-10 -3.85143242336441511e-09 -7.29057170853509121e-10 -3.85165405015989906e-09 -2.98485475150808782e-07 -1.46473554815952820e-06 -2.98485475150808782e-07 -1.46473554815952820e-06 -2.98485475150807935e-07 -1.46473554815952820e-06 -2.98485475123056118e-07 -1.46473554816646370e-06 
 1.99560732172759203e+00  1.17242200481923145e-25 -4.63752196158036485e-26  3.79982877280391170e-27  2.02469960588723618e-26  4.24600675799635674e-15  2.42366435374753559e-14  4.46748716488627708e-19 -8.49262793743144413e-20  4.46799784577885383e-19 -8.46012280897366454e-20  4.46810922560226462e-19 -8.45295088447146878e-20 -2.86186917121215997e-15 -1.50983088348782622e-14 -2.86186917121215997e-15 -1.50983088348782622e-14 -2.86186917109583770e-15 -1.50983088352918525e-14 -2.86186917117984823e-15 -1.50983088352918525e-14  1.16866814645717346e-17 -4.73319042494774535e-18  3.50477714453445063e-16 -6.93957053260844069e-17  2.14999974437892632e-04 -3.64454615400212090e-05 -7.34314858192101293e-10 -3.96270365228788014e-09 -7.28566663608981886e-10 -3.96368932247613028e-09 -7.27298326215024348e-10 -3.96390450516478269e-09 -2.98496999775599481e-07 -1.50751684693014031e-06 -2.98496999775599481e-07 -1.50751684693014031e-06 -2.98496999775601176e-07 -1.50751684692320141e-06 -2.98496999775600381e-07 -1.50751684692319781e-06 
 2.05389490397486441e+00  1.24462795219948085e-25 -4.76510686209237715e-26  4.01246490813681110e-27  2.20460028294060587e-26  4.23852576300620676e-15  2.49404102110138623e-14  4.73216414412712068e-19 -8.72668978881744923e-20  4.73267440483195019e-19 -8.69324745826329853e-20  4.73278569355375934e-19 -8.68586872851054492e-20 -2.85470915176798989e-15 -1.55392944378410172e-14 -2.85470915176798989e-15 -1.55392944378410172e-14 -2.85470915149010890e-15 -1.55392944378410172e-14 -2.85470915174860284e-15 -1.55392944382546075e-14  1.24065338230748584e-17 -4.86960770759497420e-18  3.71260818433173041e-16 -7.13721831036895789e-17  2.14958616825863130e-04 -3.53121636631013107e-05 -7.32449598411383364e-10 -4.07827476957196688e-09 -7.26702724659203783e-10 -4.07923172580409102e-09 -7.25434680625990134e-10 -4.07944064160000686e-09 -2.98509206057690272e-07 -1.55154771651340718e-06 -2.98509206057690272e-07 -1.55154771651340718e-06 -2.98509206029937396e-07 -1.55154771650646828e-06 -2.98509206057691119e-07 -1.55154771651340379e-06 
 2.11388494652444292e+00  1.32111331386985811e-25 -4.89571795315466048e-26  4.23734749031827207e-27  2.40063996133010996e-26  4.23058398209275044e-15  2.56648497088797676e-14  5.01252828443105196e-19 -8.96632239668692746e-20  5.01303809689821258e-19 -8.93191514661963979e-20  5.01314928952493056e-19 -8.92432350267747831e-20 -2.84712475208622504e-15 -1.59931605813194539e-14 -2.84712475208622504e-15 -1.59931605813194539e-14 -2.84712475272599754e-15 -1.59931605813194539e-14 -2.84712475217023557e-15 -1.59931605817330442e-14  1.31690513069455220e-17 -5.00985384432919951e-18  3.93275716664613493e-16 -7.34018298429242578e-17  2.14919572278320889e-04 -3.42080485607624483e-05 -7.30473450112015894e-10 -4.19722637735925815e-09 -7.24727820145520246e-10 -4.19815540944104462e-09 -7.23460054990982324e-10 -4.19835823096925565e-09 -2.98522134469971904e-07 -1.59686465382432072e-06 -2.98522134469971904e-07 -1.59686465382432072e-06 -2.98522134525476649e-07 -1.59686465382432411e-06 -2.98522134469971004e-07 -1.59686465381737865e-06 
 2.17562717473753109e+00  1.40213170422990118e-25 -5.02938024176383647e-26  4.47515852725278859e-27  2.61427215994500348e-26  4.22220852031029992e-15  2.64105625369525239e-14  5.30950935302536350e-19 -9.21157446089454608e-20  5.31001868816856759e-19 -9.17617377620120824e-20  5.31012977742295255e-19 -9.16836285669529919e-20 -2.83909081950436816e-15 -1.64602834831861834e-14 -2.83909081950436816e-15 -1.64602834831861834e-14 -2.83909081942035763e-15 -1.64602834831861834e-14 -2.83909082000843135e-15 -1.64602834827725931e-14  1.39767626224101305e-17 -5.15402642199623176e-18  4.16595416461029455e-16 -7.54857874403804089e-17  2.14882711575331678e-04 -3.31322084432685192e-05 -7.28379855513359141e-10 -4.31965707784473890e-09 -7.22635404583802216e-10 -4.32055895339173198e-09 -7.21367898306696574e-10 -4.32075584790304855e-09 -2.98535827813686347e-07 -1.64350522175513051e-06 -2.98535827813686347e-07 -1.64350522175513051e-06 -2.98535827813687194e-07 -1.64350522175512374e-06 -2.98535827869191093e-07 -1.64350522177594720e-06 
 2.23917276635078188e+00  1.48795176787717523e-25 -5.16611367182725893e-26  4.72661506673278034e-27  2.84708144306370901e-26  4.21323674733298237e-15  2.71781668300364968e-14  5.62409222225463136e-19 -9.46248568449412051e-20  5.62460104915053144e-19 -9.42606220187857401e-20  5.62471202812216185e-19 -9.41802568582425602e-20 -2.83058071362389152e-15 -1.69410503483403031e-14 -2.83058071362389152e-15 -1.69410503483403031e-14 -2.83058071334601053e-15 -1.69410503487538934e-14 -2.83058071326846235e-15 -1.69410503491674837e-14  1.48323463786144970e-17 -5.30222451653895245e-18  4.41297252242901202e-16 -7.76251941958362346e-17  2.14847912745446415e-04 -3.20837581142231496e-05 -7.26161873146957003e-10 -4.44566835742647294e-09 -7.20418535346385054e-10 -4.44654382138456954e-09 -7.19151273436443702e-10 -4.44673495131715684e-09 -2.98550331727200251e-07 -1.69150808037100351e-06 -2.98550331727200251e-07 -1.69150808037100351e-06 -2.98550331699447428e-07 -1.69150808036405784e-06 -2.98550331699447481e-07 -1.69150808037099673e-06 
 2.30457439389719543e+00  1.57885806421097025e-25 -5.30593257677761241e-26  4.99247085755316971e-27  3.10079523533217234e-26  4.20383129348667062e-15  2.79682988574751149e-14  5.95732013972964190e-19 -9.71908579428891436e-20  5.95782842502519889e-19 -9.68160940324595127e-20  5.95793928674054434e-19 -9.67334050517726200e-20 -2.82156621100352071e-15 -1.74358596975116899e-14 -2.82156621100352071e-15 -1.74358596975116899e-14 -2.82156621100352071e-15 -1.74358596975116899e-14 -2.82156621109399359e-15 -1.74358596983388705e-14  1.57386398960583707e-17 -5.45454873469936426e-18  4.67463141934295552e-16 -7.98211810557506862e-17  2.14815060544419910e-04 -3.10618345278152328e-05 -7.23812149158911347e-10 -4.57536467123351378e-09 -7.18069863959905787e-10 -4.57621444664097797e-09 -7.16802828701045547e-10 -4.57639996969835340e-09 -2.98565694132398664e-07 -1.74091301887399457e-06 -2.98565694132398664e-07 -1.74091301887399457e-06 -2.98565694132398664e-07 -1.74091301887399457e-06 -2.98565694132396970e-07 -1.74091301887398779e-06 
 2.37188626836604310e+00  1.67515202052688229e-25 -5.44884487549716042e-26  5.27351745692109986e-27  3.37729671285557464e-26  4.19377531833686756e-15  2.87816135807998494e-14  6.31029818159657276e-19 -9.98139318777741485e-20  6.31080589234895526e-19 -9.94283277815728816e-20  6.31091662904562446e-19 -9.93432461163406939e-20 -2.81201741776889543e-15 -1.79451216857255364e-14 -2.81201741776889543e-15 -1.79451216857255364e-14 -2.81201741776889543e-15 -1.79451216857255364e-14 -2.81201741784644361e-15 -1.79451216873798976e-14  1.66986487089337613e-17 -5.61110106104595534e-18  4.95179858732132811e-16 -8.20748679844965700e-17  2.14784046268352846e-04 -3.00655960896191941e-05 -7.21322887438527491e-10 -4.70885352853839433e-09 -7.15581598534247036e-10 -4.70967831765746439e-09 -7.14314778053635417e-10 -4.70985838727783067e-09 -2.98581966024809862e-07 -1.79176098875310343e-06 -2.98581966024809862e-07 -1.79176098875310343e-06 -2.98581966024809862e-07 -1.79176098875310343e-06 -2.98581966024809809e-07 -1.79176098874615438e-06 
 2.44116418413800851e+00  1.77715292001887491e-25 -5.59485137898296548e-26  5.57058589157051173e-27  3.67863884082021458e-26  4.18323145220944603e-15  2.96187851649278329e-14  6.68419692738241100e-19 -1.02494132569816813e-19  6.68470402471655360e-19 -1.02097369411333358e-19  6.68481462894769959e-19 -1.02009824985463943e-19 -2.80190266733944151e-15 -1.84692584550948820e-14 -2.80190266733944151e-15 -1.84692584550948820e-14 -2.80190266733944151e-15 -1.84692584550948820e-14 -2.80190266733297916e-15 -1.84692584550948820e-14  1.77155564405503378e-17 -5.77198485889571667e-18  5.24539318726047978e-16 -8.43873595915330457e-17  2.14754767214354653e-04 -2.90942224333720139e-05 -7.18685836278625581e-10 -4.84624558277472530e-09 -7.12945489875310353e-10 -4.84704606715769471e-09 -7.11678868762049456e-10 -4.84722083184713971e-09 -2.98599201352357766e-07 -1.84409413745596510e-06 -2.98599201352357766e-07 -1.84409413745596510e-06 -2.98599201352357766e-07 -1.84409413745596510e-06 -2.98599201352357766e-07 -1.84409413745596510e-06 
 2.51246556523279230e+00  1.88519897295744016e-25 -5.74394477682625588e-26  5.88454795776485651e-27  4.00705970088660015e-26  4.17187443445266037e-15  3.04805075465641873e-14  7.08025632942080202e-19 -1.05231373787053867e-19  7.08076277673355872e-19 -1.04823121784564518e-19  7.08087323960083050e-19 -1.04733042300533633e-19 -2.79118841587403401e-15 -1.90087044747918447e-14 -2.79118841587403401e-15 -1.90087044747918447e-14 -2.79118841588695871e-15 -1.90087044747918447e-14 -2.79118841587403401e-15 -1.90087044752054350e-14  1.87927354644358799e-17 -5.93730463022196822e-18  5.55638885907001992e-16 -8.67597403863478589e-17  2.14727126429710186e-04 -2.81469128043664130e-05 -7.15892249854683691e-10 -4.98765472324246463e-09 -7.10152795629272703e-10 -4.98843156425698310e-09 -7.08886359607079218e-10 -4.98860116874310729e-09 -2.98617457188435975e-07 -1.89795584361692109e-06 -2.98617457188435975e-07 -1.89795584361692109e-06 -2.98617457188435128e-07 -1.89795584361692109e-06 -2.98617457188435975e-07 -1.89795584361691431e-06 
 2.58584951290751253e+00  1.99964842229375722e-25 -5.89610877746526143e-26  6.21631767778161608e-27  4.36499917666407775e-26  4.16000242066394410e-15  3.13674950135386449e-14  7.49978983865769279e-19 -1.08025404709582772e-19  7.50029559316124808e-19 -1.07605326407324937e-19  7.50040590759645193e-19 -1.07512635528640507e-19 -2.77983913334165028e-15 -1.95639069050070905e-14 -2.77983913334165028e-15 -1.95639069050070905e-14 -2.77983913334165028e-15 -1.95639069050070905e-14 -2.77983913369061710e-15 -1.95639069062478614e-14  1.99337579780547493e-17 -6.10716598447674482e-18  5.88581694859395978e-16 -8.91930694286329548e-17  2.14701032390962284e-04 -2.72228863360326356e-05 -7.12932862979862384e-10 -5.13319816984368637e-09 -7.07194252489353344e-10 -5.13395200983178217e-09 -7.05927991802497797e-10 -5.13411659379131447e-09 -2.98636794199559424e-07 -1.95339075282607706e-06 -2.98636794199559424e-07 -1.95339075282607706e-06 -2.98636794199559424e-07 -1.95339075282607706e-06 -2.98636794227313040e-07 -1.95339075282608045e-06 
 2.66137685464535778e+00  2.12088074387515969e-25 -6.05131699114584571e-26  6.56685257584089115e-27  4.75511716307752987e-26  4.14742567546311225e-15  3.22804828148512506e-14  7.94418874723595173e-19 -1.10875795591225913e-19  7.94469376980280473e-19 -1.10443542628223847e-19  7.94480392368903715e-19 -1.10348164422290578e-19 -2.76781718250743126e-15 -2.01353259700082898e-14 -2.76781718250743126e-15 -2.01353259700082898e-14 -2.76781718250743126e-15 -2.01353259700082898e-14 -2.76781718223601262e-15 -2.01353259708354704e-14  2.11424079313368273e-17 -6.28167543966839856e-18  6.23476992932093113e-16 -9.16883744087039602e-17  2.14676398695367156e-04 -2.63213810936550064e-05 -7.09797862397758626e-10 -5.28299656907986774e-09 -7.04060050727727511e-10 -5.28372803151793435e-09 -7.02793951237155444e-10 -5.28388773150572148e-09 -2.98657276510454632e-07 -2.01044481468018227e-06 -2.98657276510454632e-07 -2.01044481468018227e-06 -2.98657276510454632e-07 -2.01044481468018227e-06 -2.98657276482701069e-07 -2.01044481469404989e-06 
 2.73911019457509752e+00  2.24929789613292818e-25 -6.20953189383138131e-26  6.93715490588574084e-27  5.18031340585321466e-26  4.13403577863291627e-15  3.32202277181920943e-14  8.41492681418639039e-19 -1.13781916353001072e-19  8.41543105735866903e-19 -1.13337130674756226e-19  8.41554104173447013e-19 -1.13238985775856166e-19 -2.75508269488790139e-15 -2.07234353378160187e-14 -2.75508269488790139e-15 -2.07234353378160187e-14 -2.75508269488790139e-15 -2.07234353378160187e-14 -2.75508269480389086e-15 -2.07234353378160187e-14  2.24226935335682373e-17 -6.46094037177085736e-18  6.60440502459831545e-16 -9.42466452163170895e-17  2.14653143729256883e-04 -2.54416534429781115e-05 -7.06476852200798964e-10 -5.43717409536529567e-09 -7.00739798381465973e-10 -5.43788378518541093e-09 -6.99473847987230155e-10 -5.43803873273232635e-09 -2.98678971995197060e-07 -2.06916532090227941e-06 -2.98678971995197060e-07 -2.06916532090227941e-06 -2.98678971995197060e-07 -2.06916532090227941e-06 -2.98678971995197060e-07 -2.06916532090227560e-06 
 2.81911396536324288e+00  2.38532565715915427e-25 -6.37070326419022937e-26  7.32827314417788958e-27  5.64374913964261768e-26  4.11980562511904402e-15  3.41875086969148102e-14  8.91356514639417388e-19 -1.16742911945417637e-19  8.91406856031586895e-19 -1.16285225803908658e-19  8.91417836672464984e-19 -1.16184232624891545e-19 -2.74159343923571351e-15 -2.13287225093922367e-14 -2.74159343923571351e-15 -2.13287225093922367e-14 -2.74159343897075722e-15 -2.13287225089786463e-14 -2.74159343897721957e-15 -2.13287225093922367e-14  2.37788605744687105e-17 -6.64506853835426329e-18  6.99594804581459510e-16 -9.68688265440479380e-17  2.14631190496483183e-04 -2.45829774360981371e-05 -7.02958817748845785e-10 -5.59585855409034330e-09 -6.97222480054268716e-10 -5.59654705774252630e-09 -6.95956669718729017e-10 -5.59669738150454582e-09 -2.98701952551164320e-07 -2.12960094450351487e-06 -2.98701952551164320e-07 -2.12960094450351487e-06 -2.98701952523413245e-07 -2.12960094449658614e-06 -2.98701952523413192e-07 -2.12960094449657894e-06 
 2.90145448162186925e+00  2.52941502943189366e-25 -6.53476716796862041e-26  7.74130254300258607e-27  6.14887066862720854e-26  4.10478942503011979e-15  3.51831275351191944e-14  9.44175737415744793e-19 -1.19757680336101901e-19  9.44225991086581639e-19 -1.19286714270300716e-19  9.44236952517118964e-19 -1.19182788598687196e-19 -2.72730468302567039e-15 -2.19516892318170031e-14 -2.72730468302567039e-15 -2.19516892318170031e-14 -2.72730468302567039e-15 -2.19516892318170031e-14 -2.72730468294165986e-15 -2.19516892318170031e-14  2.52154064595925012e-17 -6.83416824151340886e-18  7.41069745697458922e-16 -9.95558101421539797e-17  2.14610466250099544e-04 -2.37446443423087890e-05 -6.99232092433330524e-10 -5.75918148647891111e-09 -6.93496434733826074e-10 -5.75984937362952088e-09 -6.92230752044681833e-10 -5.75999519734408940e-09 -2.98726294531496054e-07 -2.19180178012819931e-06 -2.98726294531496054e-07 -2.19180178012819931e-06 -2.98726294531496054e-07 -2.19180178012819931e-06 -2.98726294531497695e-07 -2.19180178012819253e-06 
 2.98619999487637378e+00  2.68204374155904029e-25 -6.70164414039426934e-26  8.17738683993142897e-27  6.69943508610914192e-26  4.08885165309458287e-15  3.62079095166926553e-14  1.00012551427951989e-18 -1.22824841005847952e-19  1.00017567477641750e-18 -1.22340204043668159e-19  1.00018661588589790e-18 -1.22233260455288528e-19 -2.71216904007254624e-15 -2.25928519052613385e-14 -2.71216904007254624e-15 -2.25928519052613385e-14 -2.71216903998853571e-15 -2.25928519048477482e-14 -2.71216904007254624e-15 -2.25928519060885191e-14  2.67370951732386128e-17 -7.02834779509970410e-18  7.85002868146198479e-16 -1.02308425665894098e-16  2.14590902368267121e-04 -2.29259621749479364e-05 -6.95284319518326436e-10 -5.92727827894492908e-09 -6.89549304845227443e-10 -5.92792610231290682e-09 -6.88283742743730421e-10 -5.92806754678331404e-09 -2.98752078578851059e-07 -2.25581938563243840e-06 -2.98752078578851059e-07 -2.25581938563243840e-06 -2.98752078578851906e-07 -2.25581938563243840e-06 -2.98752078578851006e-07 -2.25581938563243162e-06 
 3.07342075013872629e+00  2.84371782561495084e-25 -6.87123764212222788e-26  8.63771833004473982e-27  7.29953830190769983e-26  4.07196520425812114e-15  3.72627040866411134e-14  1.05939139144983305e-18 -1.25942708291429966e-19  1.05944145301726226e-18 -1.25443999767262360e-19  1.05945237277070024e-18 -1.25333948193133903e-19 -2.69613631599048383e-15 -2.32527420151890944e-14 -2.69613631599048383e-15 -2.32527420151890944e-14 -2.69613631579661337e-15 -2.32527420160162750e-14 -2.69613631607449436e-15 -2.32527420160162750e-14  2.83489730684259598e-17 -7.22771538665063940e-18  8.31539866305420657e-16 -1.05127431220909116e-16  2.14572434025800087e-04 -2.21262547846551399e-05 -6.91102403060742038e-10 -6.10028827724277254e-09 -6.85368000223813428e-10 -6.10091657239640994e-09 -6.84102545981539556e-10 -6.10105375454967131e-09 -2.98779390115668851e-07 -2.32170682471519896e-06 -2.98779390115668851e-07 -2.32170682471519896e-06 -2.98779390087914334e-07 -2.32170682472212430e-06 -2.98779390115668004e-07 -2.32170682471519261e-06 
 3.16318904413310875e+00  3.01497329318097879e-25 -7.04343222508753906e-26  9.12353870852591368e-27  7.95364560777028873e-26  4.05410297346642245e-15  3.83483855781807597e-14  1.12216991247263862e-18 -1.29109256448530432e-19  1.12221986915312187e-18 -1.28596062974017129e-19  1.12223076618736578e-18 -1.28482812537363564e-19 -2.67915334340310685e-15 -2.39319065744849908e-14 -2.67915334340310685e-15 -2.39319065744849908e-14 -2.67915334336433276e-15 -2.39319065744849908e-14 -2.67915334339664450e-15 -2.39319065744849908e-14  3.00563855704851378e-17 -7.43237877236021132e-18  8.80835069758235364e-16 -1.08013502524530704e-16  2.14555000033568534e-04 -2.13448616572116910e-05 -6.86672477222861295e-10 -6.27835489872713680e-09 -6.80938655204150381e-10 -6.27896418583322971e-09 -6.79673300660188158e-10 -6.27909721907039580e-09 -2.98808319859876194e-07 -2.38951871105529808e-06 -2.98808319859876194e-07 -2.38951871105529808e-06 -2.98808319859876988e-07 -2.38951871105182863e-06 -2.98808319859876247e-07 -2.38951871105529765e-06 
 3.25557928522220585e+00  3.19637791514548431e-25 -7.21809146393610634e-26  9.63613955214390524e-27  8.66662499114565254e-26  4.03512943544792613e-15  3.94658539191502988e-14  1.18866926995870212e-18 -1.32322084714668387e-19  1.18871911576951831e-18 -1.31793981188444780e-19  1.18872998856995521e-18 -1.31677437579367167e-19 -2.66116380102361027e-15 -2.46309085717865084e-14 -2.66116380102361027e-15 -2.46309085717865084e-14 -2.66116380083620217e-15 -2.46309085717865084e-14 -2.66116380048723535e-15 -2.46309085713729181e-14  3.18649949221657958e-17 -7.64244486467613777e-18  9.33051955091258278e-16 -1.10967220973945942e-16  2.14538542634848552e-04 -2.05811373346633880e-05 -6.81979851415570323e-10 -6.46162575446029273e-09 -6.76246582220502746e-10 -6.46221653766993307e-09 -6.74981317245784243e-10 -6.46234553212392339e-09 -2.98838963569491582e-07 -2.45931125336970104e-06 -2.98838963569491582e-07 -2.45931125336970104e-06 -2.98838963569492429e-07 -2.45931125337317049e-06 -2.98838963541741354e-07 -2.45931125336969426e-06 
 3.35066805508381949e+00  3.38853310237442492e-25 -7.39505579537203723e-26  1.01768622711049802e-26  9.44378346333837519e-26  4.01509880031125643e-15  4.06160353971530156e-14  1.25910999687818874e-18 -1.35578377121469455e-19  1.25915972470065705e-18 -1.35034926527215827e-19  1.25917057185364820e-18 -1.34914992406589349e-19 -2.64210803237942164e-15 -2.53503274462855600e-14 -2.64210803237942164e-15 -2.53503274462855600e-14 -2.64210803231479815e-15 -2.53503274462855600e-14 -2.64210803231479815e-15 -2.53503274471127406e-14  3.37807989921542116e-17 -7.85801940701955491e-18  9.88363688090027802e-16 -1.13989060726063806e-16  2.14523007299702285e-04 -1.98344507248323996e-05 -6.77008964227179177e-10 -6.65025276977565290e-09 -6.71276218935873704e-10 -6.65082553794325704e-09 -6.70011035926945010e-10 -6.65095060029891439e-09 -2.98871423110695721e-07 -2.53114230221212853e-06 -2.98871423110695721e-07 -2.53114230221212853e-06 -2.98871423110697362e-07 -2.53114230220518963e-06 -2.98871423110697309e-07 -2.53114230220518328e-06 
 3.44853417218892933e+00  3.59207589399328188e-25 -7.57414010141648966e-26  1.07470976997926021e-26  1.02909066611424355e-25  3.99382133267622841e-15  4.17998834073280489e-14  1.33372569609922843e-18 -1.38874858873813237e-19  1.33377529891564226e-18 -1.38315611472461190e-19  1.33378611895706182e-18 -1.38192188087522287e-19 -2.62192284277167235e-15 -2.60907595637709331e-14 -2.62192284277167235e-15 -2.60907595637709331e-14 -2.62192284270704887e-15 -2.60907595629437525e-14 -2.62192284246794197e-15 -2.60907595645981137e-14  3.58101511227533466e-17 -8.07920651907461358e-18  1.04695369795553139e-15 -1.17079374335244108e-16  2.14508342548707661e-04 -1.91041846472012312e-05 -6.71743328980071462e-10 -6.84439231108192074e-09 -6.66011083131028764e-10 -6.84494753832386596e-09 -6.64745974665310072e-10 -6.84506877199428068e-09 -2.98905805977028573e-07 -2.60507139782400271e-06 -2.98905805977028573e-07 -2.60507139782400271e-06 -2.98905805977030267e-07 -2.60507139782054004e-06 -2.98905805949276651e-07 -2.60507139782399636e-06 
 3.54925875713381789e+00  3.80768106603960797e-25 -7.75513118944871036e-26  1.13482855189884491e-26  1.12143020099405267e-25  3.97124282243421778e-15  4.30183792423078765e-14  1.41276381700569996e-18 -1.42207751921187124e-19  1.41281328729348171e-18 -1.41632243231435664e-19  1.41282407850676835e-18 -1.41505226780710984e-19 -2.60054129215692717e-15 -2.68528187075599832e-14 -2.60054129215692717e-15 -2.68528187075599832e-14 -2.60054129215692717e-15 -2.68528187075599832e-14 -2.60054129196305671e-15 -2.68528187083871638e-14  3.79597812106122435e-17 -8.30610835949804004e-18  1.10901628562861121e-15 -1.20238376891020881e-16  2.14494499792029916e-04 -1.83897354752714507e-05 -6.66165486105703217e-10 -7.04420531540610094e-09 -6.60433712778185811e-10 -7.04474346135244477e-09 -6.59168670080230708e-10 -7.04486096652743663e-09 -2.98942226151078732e-07 -2.68115981944074543e-06 -2.98942226151078732e-07 -2.68115981944074543e-06 -2.98942226151078732e-07 -2.68115981944074543e-06 -2.98942226123325010e-07 -2.68115981944073865e-06 
 3.65292529988041181e+00  4.03606337781956645e-25 -7.93778469717642894e-26  1.19819127632767067e-26  1.22208458036633995e-25  3.94739037463953668e-15  4.42725329591035971e-14  1.49648647507953516e-18 -1.45572718008239830e-19  1.49653580491221045e-18 -1.44980472037729634e-19  1.49654656553031575e-18 -1.44849757104158691e-19 -2.57789247501374365e-15 -2.76371365983816494e-14 -2.57789247501374365e-15 -2.76371365983816494e-14 -2.57789247555011858e-15 -2.76371365992088300e-14 -2.57789247524638820e-15 -2.76371365992088300e-14  4.02368180382388664e-17 -8.53882435569013162e-18  1.17475726819169285e-15 -1.23466128946349545e-16  2.14481433151936826e-04 -1.76905125554918087e-05 -6.60256934716566819e-10 -7.24985742369959105e-09 -6.54525616158426972e-10 -7.25037893365851472e-09 -6.53260629239623931e-10 -7.25049280782725064e-09 -2.98980804505585601e-07 -2.75947063621913992e-06 -2.98980804505585601e-07 -2.75947063621913992e-06 -2.98980804561090347e-07 -2.75947063622607204e-06 -2.98980804533338371e-07 -2.75947063621912637e-06 
 3.75961972896057661e+00  4.27797992202394568e-25 -8.12182209691201465e-26  1.26495125932637288e-26  1.33180345097580218e-25  3.92207425391200015e-15  4.55633841086782305e-14  1.58517132128854536e-18 -1.48964805966251151e-19  1.58522050228525595e-18 -1.48355332586235475e-19  1.58523123049064437e-18 -1.48220810723531905e-19 -2.55390128155243143e-15 -2.84443634043333013e-14 -2.55390128155243143e-15 -2.84443634043333013e-14 -2.55390128155243143e-15 -2.84443634043333013e-14 -2.55390128146842090e-15 -2.84443634043333013e-14  4.26488128985287252e-17 -8.77745080354609124e-18  1.24439466138705456e-15 -1.26762517003698913e-16  2.14469099331936403e-04 -1.70059376808756173e-05 -6.53998082981877173e-10 -7.46151911874342115e-09 -6.48267195907894303e-10 -7.46202442444897282e-09 -6.47002258941107048e-10 -7.46213476174477689e-09 -2.99021668975487031e-07 -2.84006875938993373e-06 -2.99021668975487031e-07 -2.84006875938993373e-06 -2.99021668975487031e-07 -2.84006875938993373e-06 -2.99021668975487878e-07 -2.84006875938993415e-06 
 3.86943048270172341e+00  4.53423264432600882e-25 -8.30692726230142402e-26  1.33526611418677533e-26  1.45140407093274462e-25  3.89534867036023247e-15  4.68920027136742019e-14  1.67911246347595873e-18 -1.52378390926666047e-19  1.67916148659951408e-18 -1.51751184458371982e-19  1.67917218047367590e-18 -1.51612743787126764e-19 -2.52848815000677053e-15 -2.92751682921966178e-14 -2.52848815000677053e-15 -2.92751682921966178e-14 -2.52848814975473893e-15 -2.92751682921966178e-14 -2.52848814983874947e-15 -2.92751682930237984e-14  4.52037646684686444e-17 -9.02208021217209192e-18  1.31815940265989364e-15 -1.30127233036233956e-16  2.14457457455141757e-04 -1.63354446893103742e-05 -6.47368174561383806e-10 -7.67936586604252489e-09 -6.41637700098366519e-10 -7.67985538564085281e-09 -6.40372802637397860e-10 -7.67996227765092270e-09 -2.99064954991806710e-07 -2.92302099612664259e-06 -2.99064954991806710e-07 -2.92302099612664259e-06 -2.99064954964054735e-07 -2.92302099612317992e-06 -2.99064954964053888e-07 -2.92302099612317272e-06 
 3.98244858253277156e+00  4.80567099442406233e-25 -8.49274261014485444e-26  1.40929745050533642e-26  1.58177740946423401e-25  3.86694257344111225e-15  4.82594900790503420e-14  1.77862144111482004e-18 -1.55807101013828447e-19  1.77867029722705542e-18 -1.55161644065476363e-19  1.77868095464953254e-18 -1.55019168061467464e-19 -2.50156880553574340e-15 -3.01302399783398749e-14 -2.50156880553574340e-15 -3.01302399783398749e-14 -2.50156880551635636e-15 -3.01302399783398749e-14 -2.50156880551635636e-15 -3.01302399783398749e-14  4.79101462850068212e-17 -9.27280051470881484e-18  1.39629611702242335e-15 -1.33559751415436670e-16  2.14446468928574979e-04 -1.56784790331589360e-05 -6.40345223948035635e-10 -7.90357825965668140e-09 -6.34615141847151371e-10 -7.90405239894931121e-09 -6.33350281002607832e-10 -7.90415593374425827e-09 -2.99110806253198101e-07 -3.00839610490539280e-06 -2.99110806253198101e-07 -3.00839610490539280e-06 -2.99110806253198895e-07 -3.00839610490191657e-06 -2.99110806253198842e-07 -3.00839610490190937e-06 
 4.09876770843122795e+00  5.09319473741769230e-25 -8.67886519015710390e-26  1.48721051307128456e-26  1.72389479468259891e-25  3.83691017326326378e-15  4.96669797317590627e-14  1.88402825913229510e-18 -1.59243750500063578e-19  1.88407693818627802e-18 -1.58579506898673415e-19  1.88408755693563812e-18 -1.58432878229885237e-19 -2.47305397496900831e-15 -3.10102872969910263e-14 -2.47305397496900831e-15 -3.10102872969910263e-14 -2.47305397491084718e-15 -3.10102872961638457e-14 -2.47305397491084718e-15 -3.10102872978182069e-14  5.07769328955141874e-17 -9.52969446846491844e-18  1.47906392830545627e-15 -1.37059303710807866e-16  2.14436097344265981e-04 -1.50344972285825828e-05 -6.32905937728906091e-10 -8.13434217260788768e-09 -6.27176235350183685e-10 -8.13480132389458693e-09 -6.25911399674676787e-10 -8.13490158714199002e-09 -2.99159374666225181e-07 -3.09626485243927032e-06 -2.99159374666225181e-07 -3.09626485243927032e-06 -2.99159374666225181e-07 -3.09626485243928387e-06 -2.99159374666225181e-07 -3.09626485244274654e-06 
 4.21848427657391678e+00  5.39775693562880076e-25 -8.86484191467984006e-26  1.56917359445798517e-26  1.87881516320703745e-25  3.80503462939218995e-15  5.11156383769671457e-14  1.99568248236897973e-18 -1.62680252563972741e-19  1.99573097310608737e-18 -1.61996674423557718e-19  1.99574155126382072e-18 -1.61845769295626127e-19 -2.44284909566517305e-15 -3.19160397916718419e-14 -2.44284909566517305e-15 -3.19160397916718419e-14 -2.44284909566517305e-15 -3.19160397916718419e-14 -2.44284909559408721e-15 -3.19160397916718419e-14  5.38136315923054874e-17 -9.79283852102027549e-18  1.56673731853616760e-15 -1.40624850931237893e-16  2.14426308322216591e-04 -1.44029663786112755e-05 -6.25025647856524935e-10 -8.37184890994326709e-09 -6.19296307969697102e-10 -8.37229345354001591e-09 -6.18031491948579964e-10 -8.37239052830799085e-09 -2.99210821308644411e-07 -3.18670007250601004e-06 -2.99210821308644411e-07 -3.18670007250601004e-06 -2.99210821308644411e-07 -3.18670007250601004e-06 -2.99210821308645152e-07 -3.18670007250601639e-06 
 4.34169751925573166e+00  5.72036710086744228e-25 -9.05016485158844548e-26  1.65535741391053360e-26  2.04769296222408654e-25  3.77128883677357862e-15  5.26066668195349443e-14  2.11395439345000385e-18 -1.66107537299386263e-19  2.11400268557086821e-18 -1.65404056337172034e-19  2.11401322020872315e-18 -1.65248750147939327e-19 -2.41085400110561399e-15 -3.28482483206941155e-14 -2.41085400110561399e-15 -3.28482483206941155e-14 -2.41085400110561399e-15 -3.28482483206941155e-14 -2.41085400102806580e-15 -3.28482483215212961e-14  5.70303129543095483e-17 -1.00623020524865073e-17  1.65960703820710011e-15 -1.44255053615011309e-16  2.14417069419142774e-04 -1.37833640680319015e-05 -6.16678220501053299e-10 -8.61629536873204913e-09 -6.10949228047817904e-10 -8.61672567259854925e-09 -6.09684424844721730e-10 -8.61681963936903002e-09 -2.99265316831995844e-07 -3.27977672610840115e-06 -2.99265316831995844e-07 -3.27977672610840115e-06 -2.99265316831995844e-07 -3.27977672610840115e-06 -2.99265316831995844e-07 -3.27977672611187059e-06 
 4.46850956714264669e+00  6.06209453158693500e-25 -9.23426569747493039e-26  1.74593437104790168e-26  2.23178676546624730e-25  3.73559148024449339e-15  5.41413010062639558e-14  2.23923622350901775e-18 -1.69515448519735320e-19  2.23928430479576114e-18 -1.68791483528250466e-19  2.23929479359133115e-18 -1.68631646021003974e-19 -2.37696258726280826e-15 -3.38076856808538474e-14 -2.37696258726280826e-15 -3.38076856808538474e-14 -2.37696258782503258e-15 -3.38076856800266668e-14 -2.37696258732743175e-15 -3.38076856816810280e-14  6.04376444276400173e-17 -1.03381461613307954e-17  1.75798107049655266e-15 -1.47948238128703963e-16  2.14408350004844956e-04 -1.31751774237277889e-05 -6.07835973976061142e-10 -8.86788420053109781e-09 -6.02107317118149643e-10 -8.86830062132030758e-09 -6.00842519511323948e-10 -8.86839155765060868e-09 -2.99323041984499701e-07 -3.37557196373298162e-06 -2.99323041984499701e-07 -3.37557196373298162e-06 -2.99323042040005293e-07 -3.37557196373645784e-06 -2.99323041984499753e-07 -3.37557196373296764e-06 
 4.59902553392717017e+00  6.42407186526164311e-25 -9.41651025504381709e-26  1.84107756845349093e-26  2.43246866561121197e-25  3.69777992947906142e-15  5.57208130234766395e-14  2.37194345066586389e-18 -1.72892641976062502e-19  2.37199130839573763e-18 -1.72147594178325524e-19  2.37200174852174524e-18 -1.71983092672971875e-19 -2.34106246159141069e-15 -3.47951472435331347e-14 -2.34106246159141069e-15 -3.47951472435331347e-14 -2.34106246159141069e-15 -3.47951472435331347e-14 -2.34106246158494834e-15 -3.47951472435331347e-14  6.40469257378483144e-17 -1.06204228385363633e-17  1.86218565269972773e-15 -1.51702361105734719e-16  2.14400121183273195e-04 -1.25779031682836848e-05 -5.98469584337341077e-10 -9.12682398028677863e-09 -5.92741251470996219e-10 -9.12722686273764833e-09 -5.91476451083347503e-10 -9.12731484395015805e-09 -2.99384188207695360e-07 -3.47416518927818421e-06 -2.99384188207695360e-07 -3.47416518927818421e-06 -2.99384188207695360e-07 -3.47416518927818421e-06 -2.99384188207696154e-07 -3.47416518927471476e-06 
 4.73335360345641121e+00  6.80749880795031415e-25 -9.59619151300510862e-26  1.94095975241366315e-26  2.65123451433100756e-25  3.65761023898847348e-15  5.73465121591163242e-14  2.51251617913214409e-18 -1.76226473881509572e-19  2.51256380068337369e-18 -1.75459725921286932e-19  2.51257418890864462e-18 -1.75290422487074571e-19 -2.30303456995687282e-15 -3.58114516189262040e-14 -2.30303456995687282e-15 -3.58114516189262040e-14 -2.30303456995687282e-15 -3.58114516189262040e-14 -2.30303457042216191e-15 -3.58114516189262040e-14  6.78701263164100910e-17 -1.09091731715509107e-17  1.97256635812796867e-15 -1.55514968721333440e-16  2.14392355673403805e-04 -1.19910468269870639e-05 -5.88547991221797608e-10 -9.39332937909317140e-09 -5.82819971400565494e-10 -9.39371905702802780e-09 -5.81555160704557863e-10 -9.39380415600632474e-09 -2.99448958264606876e-07 -3.57563812585579024e-06 -2.99448958264606876e-07 -3.57563812585579024e-06 -2.99448958264606876e-07 -3.57563812585579024e-06 -2.99448958320113315e-07 -3.57563812585231402e-06 
 4.87160511940497276e+00  7.21364611567475651e-25 -9.77252317013485068e-26  2.04575191661853078e-26  2.88971508618565979e-25  3.61519082898997812e-15  5.90197459979343383e-14  2.66142059929809174e-18 -1.79502866413688573e-19  2.66146796982747041e-18 -1.78713784980823785e-19  2.66147830362764976e-18 -1.78539537446084929e-19 -2.26275280021559670e-15 -3.68574413368090547e-14 -2.26275280021559670e-15 -3.68574413368090547e-14 -2.26275280021559670e-15 -3.68574413368090547e-14 -2.26275280013158617e-15 -3.68574413368090547e-14  7.19199250621830400e-17 -1.12044264580977953e-17  2.08948924220132395e-15 -1.59383153874759819e-16  2.14385027736421410e-04 -1.14141227155538656e-05 -5.78038292283613269e-10 -9.66762134275017405e-09 -5.72310574509392601e-10 -9.66799813866636451e-09 -5.71045745978760815e-10 -9.66808042586951459e-09 -2.99517566783985356e-07 -3.68007488352122784e-06 -2.99517566783985356e-07 -3.68007488352122784e-06 -2.99517566783985356e-07 -3.68007488352122784e-06 -2.99517566783986203e-07 -3.68007488352122106e-06 
 5.01389467756701279e+00  7.64385979583601316e-25 -9.94463164567512797e-26  2.15562185771449855e-26  3.14968824863469694e-25  3.57016933377751755e-15  6.07419015315663923e-14  2.81915053243582022e-18 -1.82706176650175591e-19  2.81919763730208956e-18 -1.81894108239672995e-19  2.81920791334502888e-18 -1.81714772817152728e-19 -2.22008357050517205e-15 -3.79339835446798965e-14 -2.22008357050517205e-15 -3.79339835446798965e-14 -2.22008357050517205e-15 -3.79339835446798965e-14 -2.22008357087352592e-15 -3.79339835455070771e-14  7.62097523101135923e-17 -1.15061982953226561e-17  2.21334205639021649e-15 -1.63303508138150184e-16  2.14378113080098738e-04 -1.08466531292753174e-05 -5.66905632378784636e-10 -9.94992727429587010e-09 -5.61178208875619399e-10 -9.95029150067638066e-09 -5.59913357092740622e-10 -9.95037104412062330e-09 -2.99590241593434696e-07 -3.78756202902847488e-06 -2.99590241593434696e-07 -3.78756202902847488e-06 -2.99590241593434696e-07 -3.78756202902847488e-06 -2.99590241621184978e-07 -3.78756202903194433e-06 
 5.16034022084395883e+00  8.09956556333477044e-25 -1.01115479121873938e-25  2.27073212900369760e-26  3.43309223253706104e-25  3.52251864829677963e-15  6.25144062967331017e-14  2.98622907021734122e-18 -1.85819046318907300e-19  2.98627589326462989e-18 -1.84983319250415980e-19  2.98628610791525812e-18 -1.84798744478820499e-19 -2.17488537777824521e-15 -3.90419707265791018e-14 -2.17488537777824521e-15 -3.90419707265791018e-14 -2.17488537777824521e-15 -3.90419707265791018e-14 -2.17488537781701930e-15 -3.90419707274062824e-14  8.07538344265882300e-17 -1.18144890590751313e-17  2.34453553420829964e-15 -1.67272069565755813e-16  2.14371588779346470e-04 -1.02881683051103986e-05 -5.55113096213868620e-10 -1.02404812242383265e-08 -5.49385956635472633e-10 -1.02408331828427160e-08 -5.48121075257862799e-10 -1.02409100484150946e-08 -2.99667223569884370e-07 -3.89818865755448814e-06 -2.99667223569884370e-07 -3.89818865755448814e-06 -2.99667223569885217e-07 -3.89818865755449492e-06 -2.99667223569884370e-07 -3.89818865755448137e-06 
 5.31106313700662458e+00  8.58227354176635233e-25 -1.02721983630334151e-25  2.39123819155123887e-26  3.74204009546369307e-25  3.47199482705895512e-15  6.43387295547995404e-14  3.16321030834053359e-18 -1.88822235796602955e-19  3.16325683300907347e-18 -1.87962157791036039e-19  3.16326698263231956e-18 -1.87772188977897274e-19 -2.12700833057472001e-15 -4.01823214367984087e-14 -2.12700833057472001e-15 -4.01823214367984087e-14 -2.12700833058118236e-15 -4.01823214367984087e-14 -2.12700833044547304e-15 -4.01823214376255893e-14  8.55672409855498203e-17 -1.21292820122835844e-17  2.48350475336304751e-15 -1.71284265642303310e-16  2.14365433210229894e-04 -9.73820575838369843e-06 -5.42621571997218384e-10 -1.05395240842734926e-08 -5.36894715561366130e-10 -1.05398640662584013e-08 -5.35629792339045124e-10 -1.05399383176564156e-08 -2.99748767810629001e-07 -4.01204646651831860e-06 -2.99748767810629001e-07 -4.01204646651831860e-06 -2.99748767810627307e-07 -4.01204646651831182e-06 -2.99748767810629901e-07 -4.01204646651831098e-06 
 5.46618835931275360e+00  9.09358326602375099e-25 -1.04253948559193128e-25  2.51728570343881637e-26  4.07883549410081246e-25  3.41851655490110762e-15  6.62163835507441328e-14  3.35068118476437911e-18 -1.91694445182489316e-19  3.35072739338368592e-18 -1.90809304573714324e-19  3.35073747424350463e-18 -1.90613785814873854e-19 -2.07629365923389989e-15 -4.13559810832209610e-14 -2.07629365923389989e-15 -4.13559810832209610e-14 -2.07629365919512580e-15 -4.13559810832209610e-14 -2.07629365918220111e-15 -4.13559810832209610e-14  9.06659347240060366e-17 -1.24505412245283612e-17  2.63071057866403960e-15 -1.75334850928541543e-16  2.14359625958111447e-04 -9.19631012178083660e-06 -5.29389640379901430e-10 -1.08473037864872622e-08 -5.23663054288361207e-10 -1.08476320738782938e-08 -5.22398086398643017e-10 -1.08477037722094814e-08 -2.99835145007289070e-07 -4.12922983168711620e-06 -2.99835145007289070e-07 -4.12922983168711620e-06 -2.99835145007289917e-07 -4.12922983168710264e-06 -2.99835145007289970e-07 -4.12922983168710264e-06 
 5.62584447006339250e+00  9.63518897571607889e-25 -1.05698238771322127e-25  2.64900766938838949e-26  4.44598987666541884e-25  3.36189409644305215e-15  6.81489247324228772e-14  3.54926342639048467e-18 -1.94412120427844580e-19  3.54930930118909995e-18 -1.93501186566580208e-19  3.54931930874165245e-18 -1.93299952264356809e-19 -2.02257317871176595e-15 -4.25639226841915693e-14 -2.02257317871176595e-15 -4.25639226841915693e-14 -2.02257317862775542e-15 -4.25639226841915693e-14 -2.02257317898318459e-15 -4.25639226858459306e-14  9.60668244812125709e-17 -1.27782093494541696e-17  2.78664119044068456e-15 -1.79417838450515869e-16  2.14354147778306507e-04 -8.66203261437651395e-06 -5.15373416352211444e-10 -1.11640755108561276e-08 -5.09647098171511568e-10 -1.11643923755849479e-08 -5.08382075249475394e-10 -1.11644615803934999e-08 -2.99926641425474183e-07 -4.24983588525251831e-06 -2.99926641425474183e-07 -4.24983588525251831e-06 -2.99926641425475030e-07 -4.24983588525251153e-06 -2.99926641453225311e-07 -4.24983588525598775e-06 
 5.79016380718393719e+00  1.02088852013283725e-24 -1.07040347103118553e-25  2.78652126297777473e-26  4.84624122677773450e-25  3.30182929608735520e-15  7.01379550641321579e-14  3.75961561307661999e-18 -1.96949243713567754e-19  3.75966113305191098e-18 -1.96011761716725692e-19  3.75967106346017785e-18 -1.95804642638367089e-19 -1.96566873959800642e-15 -4.38071476981788648e-14 -1.96566873959800642e-15 -4.38071476981788648e-14 -1.96566873942352301e-15 -4.38071476973516842e-14 -1.96566873942352301e-15 -4.38071476990060454e-14  1.01787821318607155e-16 -1.31122051751203718e-17  2.95181370363105680e-15 -1.83526425251274138e-16  2.14348980506357396e-04 -8.13493077081165349e-06 -5.00526419558261879e-10 -1.14901018958288326e-08 -4.94800365668863165e-10 -1.14904076005910701e-08 -4.93535281092557833e-10 -1.14904743691579551e-08 -3.00023560618422996e-07 -4.37396459649986111e-06 -3.00023560618422996e-07 -4.37396459649986111e-06 -3.00023560618424690e-07 -4.37396459649987466e-06 -3.00023560618424637e-07 -4.37396459649986111e-06 
 5.95928257391818939e+00  1.08165727143821556e-24 -1.08264264917939574e-25  2.92992368589126532e-26  5.28257449986495614e-25  3.23826794372539251e-15  7.21851233153561403e-14  3.98243535898227095e-18 -1.99277089900418230e-19  3.98248050313160492e-18 -1.98312286305658125e-19  3.98249035175077313e-18 -1.98099109583340992e-19 -1.90539163076882984e-15 -4.50866868501287314e-14 -1.90539163076882984e-15 -4.50866868501287314e-14 -1.90539163079467923e-15 -4.50866868509559120e-14 -1.90539163072359340e-15 -4.50866868517830926e-14  1.07847897867799077e-16 -1.34524208826741427e-17  3.12677588270309801e-15 -1.87652910616319370e-16  2.14344107011673143e-04 -7.61456803056758934e-06 -4.84799414982973522e-10 -1.18256532580164892e-08 -4.79073621394712516e-10 -1.18259480559473197e-08 -4.77808468827429229e-10 -1.18260124435573211e-08 -3.00126223908865067e-07 -4.50171885454103681e-06 -3.00126223908865067e-07 -4.50171885454103681e-06 -3.00126223908863426e-07 -4.50171885454449271e-06 -3.00126223908865120e-07 -4.50171885454449271e-06 
 6.13334095172635063e+00  1.14602647770781086e-24 -1.09352341007659571e-25  3.07928796939235244e-26  5.75824390015218041e-25  3.17085767365110627e-15  7.42921264471214769e-14  4.21846162639233794e-18 -2.01363987018223174e-19  4.21850637270334019e-18 -2.00371062513810534e-19  4.21851613448469995e-18 -2.00151649625156576e-19 -1.84154195905966674e-15 -4.64036009867690592e-14 -1.84154195905966674e-15 -4.64036009867690592e-14 -1.84154195905966674e-15 -4.64036009867690592e-14 -1.84154195877532341e-15 -4.64036009867690592e-14  1.14267151280939717e-16 -1.37987191127887226e-17  3.31210795835900135e-15 -1.91788606763682739e-16  2.14339511133564831e-04 -7.10051337954550062e-06 -4.68140247264372862e-10 -1.21710078152960099e-08 -4.62414710311305805e-10 -1.21712919507779235e-08 -4.61149480133472793e-10 -1.21713540103900244e-08 -3.00234971845885974e-07 -4.63320455366707133e-06 -3.00234971845885974e-07 -4.63320455366707133e-06 -3.00234971845885974e-07 -4.63320455366707133e-06 -3.00234971818132357e-07 -4.63320455366879250e-06 
 6.31248321648053601e+00  1.21420938310507655e-24 -1.10285128306702156e-25  3.23465776468322560e-26  6.27679716994919466e-25  3.09951717070156008e-15  7.64607110744526305e-14  4.46847718080373419e-18 -2.03175026671883787e-19  4.46852150564844288e-18 -2.02153161751244945e-19  4.46853117513938762e-18 -2.01927326903733763e-19 -1.77390798202122102e-15 -4.77589819476309293e-14 -1.77390798202122102e-15 -4.77589819476309293e-14 -1.77390798222801618e-15 -4.77589819492852905e-14 -1.77390798268684292e-15 -4.77589819484581099e-14  1.21066869898157081e-16 -1.41509297549524838e-17  3.50842455188686919e-15 -1.95923741230966121e-16  2.14335177639054359e-04 -6.59234103773393210e-06 -4.50493669423835331e-10 -1.25264519187550474e-08 -4.44768389802083100e-10 -1.25267256272660059e-08 -4.43503069953942785e-10 -1.25267854104567174e-08 -3.00350165031742694e-07 -4.76853068110888521e-06 -3.00350165031742694e-07 -4.76853068110888521e-06 -3.00350165031741000e-07 -4.76853068110713694e-06 -3.00350165087246593e-07 -4.76853068110888606e-06 
 6.49685785805411609e+00  1.28643185029386868e-24 -1.11041214632890716e-25  3.39604147844809207e-26  6.84210206902054112e-25  3.02397538433363255e-15  7.86926747964782992e-14  4.73331118252909691e-18 -2.04671768792826576e-19  4.73335506106785987e-18 -2.03620119311684073e-19  4.73336463362357658e-18 -2.03387673885517786e-19 -1.70226540715531944e-15 -4.91539534857006360e-14 -1.70226540715531944e-15 -4.91539534857006360e-14 -1.70226540719409353e-15 -4.91539534857006360e-14 -1.70226540765292028e-15 -4.91539534832190941e-14  1.28269603790347902e-16 -1.45088463053534595e-17  3.71637671346698023e-15 -2.00047350424604506e-16  2.14331092159427772e-04 -6.08962999868335132e-06 -4.31801160707722389e-10 -1.28922802910137122e-08 -4.26076138110627985e-10 -1.28925437994366522e-08 -4.24810722590144144e-10 -1.28926013556253323e-08 -3.00472185399203691e-07 -4.90780940734646842e-06 -3.00472185399203691e-07 -4.90780940734646842e-06 -3.00472185399202844e-07 -4.90780940734646842e-06 -3.00472185454709443e-07 -4.90780940734822940e-06 
 6.68661770340402217e+00  1.36293310856593279e-24 -1.11597040825494885e-25  3.56340568617276701e-26  7.45837524168741487e-25  2.94393415894989019e-15  8.09898678309403072e-14  5.01384194127285062e-18 -2.05811911251434481e-19  5.01388534664653174e-18 -2.04729607620013499e-19  5.01389481580467188e-18 -2.04490355321355339e-19 -1.62637665037980421e-15 -5.05896721971706947e-14 -1.62637665037980421e-15 -5.05896721971706947e-14 -1.62637665037980421e-15 -5.05896721955163334e-14 -1.62637665043150299e-15 -5.05896721971706947e-14  1.35899239616807352e-16 -1.48722220912334972e-17  3.93665408151101952e-15 -2.04147162889219821e-16  2.14327241146408068e-04 -5.59196391611022267e-06 -4.12000733592152391e-10 -1.32687962706336365e-08 -4.06275965317645610e-10 -1.32690497974573003e-08 -4.05010443826897881e-10 -1.32691051740864150e-08 -3.00601437718867919e-07 -5.05115617911124040e-06 -3.00601437718867919e-07 -5.05115617911124040e-06 -3.00601437718867919e-07 -5.05115617911124040e-06 -3.00601437718867972e-07 -5.05115617910950567e-06 
 6.88192004324802920e+00  1.44396654241291972e-24 -1.11926698209622765e-25  3.73666733212839871e-26  8.13021369019425913e-25  2.85920375917014802e-15  8.33541944170919227e-14  5.31099982438999649e-18 -2.06548926349941744e-19  5.31104272973945967e-18 -2.05435074340763674e-19  5.31105208903767470e-18 -2.05188815240705822e-19 -1.54599004287864781e-15 -5.20673284817965335e-14 -1.54599004287864781e-15 -5.20673284817965335e-14 -1.54599004287218546e-15 -5.20673284817965335e-14 -1.54599004293034659e-15 -5.20673284817965335e-14  1.43981079812414968e-16 -1.52407657878512372e-17  4.16998716980934046e-15 -2.08209472017980281e-16  2.14323611833804962e-04 -5.09893042421871814e-06 -3.91026722375968116e-10 -1.36563120647339886e-08 -3.85302212508569421e-10 -1.36565558201086732e-08 -3.84036576040857385e-10 -1.36566090630668230e-08 -3.00738350409509912e-07 -5.19868981506922281e-06 -3.00738350409509912e-07 -5.19868981506922281e-06 -3.00738350409509912e-07 -5.19868981506922281e-06 -3.00738350409509912e-07 -5.19868981506748808e-06 
 7.08292676244202113e+00  1.52980052863183587e-24 -1.12001716105962751e-25  3.91568501453847026e-26  8.86262908539146571e-25  2.76935050412541184e-15  8.57876144733678066e-14  5.62577034952378345e-18 -2.06831671465934644e-19  5.62581272395092475e-18 -2.05685349386539600e-19  5.62582196712881453e-18 -2.05431874670445000e-19 -1.46083900542060532e-15 -5.35881475330316865e-14 -1.46083900542060532e-15 -5.35881475330316865e-14 -1.46083900547876646e-15 -5.35881475330316865e-14 -1.46083900548522881e-15 -5.35881475346860477e-14  1.52541926510416527e-16 -1.56141373127643882e-17  4.41714979034498429e-15 -2.12218997832294155e-16  2.14320192188085455e-04 -4.61012108649160073e-06 -3.68809574685110911e-10 -1.40551490085535574e-08 -3.63085322853429494e-10 -1.40553831945389773e-08 -3.61819560472548899e-10 -1.40554343476604250e-08 -3.00883377834582409e-07 -5.35053260429702223e-06 -3.00883377834582409e-07 -5.35053260429702223e-06 -3.00883377834582409e-07 -5.35053260429702223e-06 -3.00883377834582409e-07 -5.35053260429700867e-06 
 7.28980447416531074e+00  1.62071931926762623e-24 -1.11790813740914038e-25  4.10024915370643345e-26  9.66108517316990521e-25  2.67421176348980882e-15  8.82921451921882327e-14  5.95919744748587342e-18 -2.06603955267206045e-19  5.95923925968869213e-18 -2.05424220422501400e-19  5.95924838008195974e-18 -2.05163317640661945e-19 -1.37064115301374952e-15 -5.51533903471881406e-14 -1.37064115301374952e-15 -5.51533903471881406e-14 -1.37064115298790013e-15 -5.51533903471881406e-14 -1.37064115304606126e-15 -5.51533903471881406e-14  1.61610170411578535e-16 -1.59919417570169960e-17  4.67896161969140975e-15 -2.16158733131512912e-16  2.14316970871673081e-04 -4.12513094177112356e-06 -3.45275610824629595e-10 -1.44656378324949936e-08 -3.39551621123645153e-10 -1.44658626432502611e-08 -3.38285724000308450e-10 -1.44659117488605052e-08 -3.01037000739616965e-07 -5.50681040763619089e-06 -3.01037000739616965e-07 -5.50681040763619089e-06 -3.01037000739616965e-07 -5.50681040763619089e-06 -3.01037000739616965e-07 -5.50681040763445616e-06 
 7.50272465802523314e+00  1.71702398262254522e-24 -1.11259649033099499e-25  4.29007033050989548e-26  1.05315385563284260e-24  2.57338096144865691e-15  9.08698627538773173e-14  6.31238692870048554e-18 -2.05804079692802936e-19  6.31242814475165184e-18 -2.04589954652572686e-19  6.31243713509015517e-18 -2.04321403681241383e-19 -1.27509736556159031e-15 -5.67643547888449651e-14 -1.27509736556159031e-15 -5.67643547888449651e-14 -1.27509736556159031e-15 -5.67643547888449651e-14 -1.27509736564560084e-15 -5.67643547904993263e-14  1.71215885010728312e-16 -1.63737246477137351e-17  4.95629091757591618e-15 -2.20009780131610018e-16  2.14313937203882717e-04 -3.64355814040859379e-06 -3.20346787710301721e-10 -1.48881189377611181e-08 -3.14623061641254113e-10 -1.48883345598406607e-08 -3.13357017997328170e-10 -1.48883816584318316e-08 -3.01199728482856521e-07 -5.66765276203354369e-06 -3.01199728482856521e-07 -5.66765276203354369e-06 -3.01199728482856521e-07 -5.66765276203354369e-06 -3.01199728482855674e-07 -5.66765276203353014e-06 
 7.72186380219549129e+00  1.81903339260636910e-24 -1.10370535204811433e-25  4.48476674859668103e-26  1.14804831537638406e-24  2.46655994240452259e-15  9.35229040008765788e-14  6.68651014856770611e-18 -2.04364316906691839e-19  6.68655073413599341e-18 -2.03114801218603321e-19  6.68655958714959036e-18 -2.02838374259994291e-19 -1.17389079825133172e-15 -5.84223766620472044e-14 -1.17389079825133172e-15 -5.84223766620472044e-14 -1.17389079825133172e-15 -5.84223766620472044e-14 -1.17389079769556975e-15 -5.84223766603928432e-14  1.81390926239708453e-16 -1.67589658602027323e-17  5.25005740653552370e-15 -2.23751167612845689e-16  2.14311081124985678e-04 -3.16500364279768445e-06 -2.93940432600986328e-10 -1.53229426792238510e-08 -2.88216976410453405e-10 -1.53231492913728939e-08 -2.86950775912947936e-10 -1.53231944218417240e-08 -3.01372100989977538e-07 -5.83319298790638156e-06 -3.01372100989977538e-07 -5.83319298790638156e-06 -3.01372100989977538e-07 -5.83319298790638156e-06 -3.01372100934472052e-07 -5.83319298790636801e-06 
 7.94740354970607132e+00  1.92708528260526154e-24 -1.09082123491071755e-25  4.68384916398301741e-26  1.25149986719748397e-24  2.35358607603153303e-15  9.62534681847503914e-14  7.08280789921094582e-18 -2.02210364037101114e-19  7.08284781673395325e-18 -2.00924425340975769e-19  7.08285652353691458e-18 -2.00639889346644949e-19 -1.06668582200013074e-15 -6.01288308038386484e-14 -1.06668582200013074e-15 -6.01288308038386484e-14 -1.06668582200659309e-15 -6.01288308054930096e-14 -1.06668582209060362e-15 -6.01288308071473708e-14  1.92169038208106028e-16 -1.71470721446379290e-17  5.56123532229859678e-15 -2.27359653974126894e-16  2.14308393162684235e-04 -2.68907099442250748e-06 -2.65968978215962775e-10 -1.57704696572185669e-08 -2.60245795741818509e-10 -1.57706674309464837e-08 -2.58979426105820219e-10 -1.57707106302665814e-08 -3.01554689691814596e-07 -6.00356829961778506e-06 -3.01554689691814596e-07 -6.00356829961778506e-06 -3.01554689691814596e-07 -6.00356829961778506e-06 -3.01554689691813749e-07 -6.00356829961777150e-06 
 8.17953084900598348e+00  2.04153735366186365e-24 -1.07349073962093319e-25  4.88670453390830671e-26  1.36428034473435440e-24  2.23375463091757265e-15  9.90638189216409537e-14  7.50259451690527922e-18 -1.99260727637822949e-19  7.50263372760891558e-18 -1.97937307320191295e-19  7.50264227850771849e-18 -1.97644421163758951e-19 -9.53126918154390819e-16 -6.18851322687844689e-14 -9.53126918154390819e-16 -6.18851322687844689e-14 -9.53126918587368171e-16 -6.18851322671301077e-14 -9.53126918199627258e-16 -6.18851322720931914e-14  2.03585965076432938e-16 -1.75373706337576251e-17  5.89085664502375127e-15 -2.30809511029694210e-16  2.14305864408202056e-04 -2.21536577944592945e-06 -2.36339661699620793e-10 -1.62310710176982714e-08 -2.30616760864245275e-10 -1.62312601170023237e-08 -2.29350209280862611e-10 -1.62313014209518546e-08 -3.01748100155184538e-07 -6.17891991922765300e-06 -3.01748100155184538e-07 -6.17891991922765300e-06 -3.01748100182937360e-07 -6.17891991922594538e-06 -3.01748100155183744e-07 -6.17891991922936062e-06 
 8.41843810892363287e+00  2.16276845641850081e-24 -1.05121682687316801e-25  5.09257673827638251e-26  1.48723120578621926e-24  2.10693008179108077e-15  1.01956285879716737e-13  7.94726224921141606e-18 -1.95426066548146647e-19  7.94730071068651907e-18 -1.94064070452622255e-19  7.94730909800712468e-18 -1.93762585333669768e-19 -8.32837495388841371e-16 -6.36927374539368535e-14 -8.32837495388841371e-16 -6.36927374539368535e-14 -8.32837495388841371e-16 -6.36927374539368535e-14 -8.32837495388841371e-16 -6.36927374572455759e-14  2.15679569632264220e-16 -1.79291003954232106e-17  6.24001452205531179e-15 -2.34072288037027324e-16  2.14303486475167574e-04 -1.74349550676310756e-06 -2.04954225983137843e-10 -1.67051287614375953e-08 -1.99231612955131023e-10 -1.67053093431930264e-08 -1.97964866468630554e-10 -1.67053487858273902e-08 -3.01952973643195222e-07 -6.35939319355662582e-06 -3.01952973643195222e-07 -6.35939319355662582e-06 -3.01952973643195222e-07 -6.35939319355662582e-06 -3.01952973643195222e-07 -6.35939319355659872e-06 
 8.66432335815326127e+00  2.29117983892719366e-24 -1.02345482141058432e-25  5.30054547146331937e-26  1.62126981298151156e-24  1.97240769723994180e-15  1.04933266916607191e-13  8.41828587191983316e-18 -1.90608468109822646e-19  8.41832353852606630e-18 -1.89206774211141028e-19  8.41833175176715822e-18 -1.88896434866901242e-19 -7.05418645678595289e-16 -6.55531453644213420e-14 -7.05418645678595289e-16 -6.55531453644213420e-14 -7.05418645678595289e-16 -6.55531453644213420e-14 -7.05418645678595289e-16 -6.55531453660757032e-14  2.28489958846691074e-16 -1.83214038839407404e-17  6.60986689352324452e-15 -2.37116555444559235e-16  2.14301251479406899e-04 -1.27306913460053703e-06 -1.71708588831620485e-10 -1.71930360622043117e-08 -1.65986272037119737e-10 -1.71932082763500947e-08 -1.64719318287340581e-10 -1.71932458900717261e-08 -3.02169989848000231e-07 -6.54513771462412737e-06 -3.02169989848000231e-07 -6.54513771462412737e-06 -3.02169989848000231e-07 -6.54513771462412737e-06 -3.02169989848000231e-07 -6.54513771462411382e-06 
 8.91739040939965832e+00  2.42719646109684514e-24 -9.89608047326178182e-26  5.50950159041414468e-26  1.76739628124123477e-24  1.83007905704690721e-15  1.07997229879347752e-13  8.91722757822133835e-18 -1.84700655721573342e-19  8.91726440351057151e-18 -1.83258107663243414e-19  8.91727243217083339e-18 -1.82938651156910288e-19 -5.70447813746821906e-16 -6.74678988178117991e-14 -5.70447813746821906e-16 -6.74678988178117991e-14 -5.70447813727434860e-16 -6.74678988194661603e-14 -5.70447813682198420e-16 -6.74678988227748828e-14  2.42059616907521040e-16 -1.87133175720689891e-17  7.00164033297683196e-15 -2.39907623078704585e-16  2.14299152009132159e-04 -8.03696837285605631e-07 -1.36492500379237503e-10 -1.76951975941849707e-08 -1.30770487201632908e-10 -1.76953615836783634e-08 -1.29503310622225965e-10 -1.76953973993605976e-08 -3.02399868228292325e-07 -6.73630744366520736e-06 -3.02399868228292325e-07 -6.73630744366520736e-06 -3.02399868228292325e-07 -6.73630744366518026e-06 -3.02399868228291531e-07 -6.73630744366863615e-06 
 9.17784902831721006e+00  2.57126839927394895e-24 -9.49023019256449507e-26  5.71811961236323280e-26  1.92670094282787194e-24  1.67926653485417354e-15  1.11150714794754109e-13  9.44574216433787348e-18 -1.77585135001292825e-19  9.44577810024638944e-18 -1.76100544518977610e-19  9.44578593422840168e-18 -1.75771696604635166e-19 -4.27477403685467500e-16 -6.94385857444583367e-14 -4.27477403685467500e-16 -6.94385857444583367e-14 -4.27477403685467500e-16 -6.94385857444583367e-14 -4.27477403950423790e-16 -6.94385857444583367e-14  2.56433546137388045e-16 -1.91037611913732435e-17  7.41663411562195138e-15 -2.42407233841157841e-16  2.14297181102937590e-04 -3.34989673263576049e-07 -9.91891719255569719e-11 -1.82120298696061740e-08 -9.34674755696069074e-11 -1.82121857706619030e-08 -9.22000599594921104e-11 -1.82122198177125460e-08 -3.02643371307797070e-07 -6.93306083871549231e-06 -3.02643371307797070e-07 -6.93306083871549231e-06 -3.02643371307797070e-07 -6.93306083871549231e-06 -3.02643371335550793e-07 -6.93306083871547876e-06 
 9.44591510738329632e+00  2.72387231880862499e-24 -9.00984237074244867e-26  5.92482682291799714e-26  2.10037248578968147e-24  1.51948223968412233e-15  1.14396335910903955e-13  1.00055825237304600e-17 -1.69133251494851041e-19  1.00056175165399866e-17 -1.67605396396883748e-19  1.00056251429190521e-17 -1.67266877577957823e-19 -2.76033285396648799e-16 -7.14668405192481002e-14 -2.76033285396648799e-16 -7.14668405192481002e-14 -2.76033285403111148e-16 -7.14668405192481002e-14 -2.76033285403111148e-16 -7.14668405225568226e-14  2.71659416257446568e-16 -1.94915264012273593e-17  7.85622452773705986e-15 -2.44573229217962849e-16  2.14295332226083999e-04  1.33440823379275364e-07 -5.96749003390143362e-11 -1.87439615858740315e-08 -5.39535298786967103e-11 -1.87441095280059954e-08 -5.26858602311038287e-11 -1.87441418341563765e-08 -3.02901306219027810e-07 -7.13556098594913107e-06 -3.02901306219027810e-07 -7.13556098594913107e-06 -3.02901306219027810e-07 -7.13556098594913107e-06 -3.02901306219027810e-07 -7.13556098594909042e-06 
 9.72181084485018587e+00  2.88551304753938395e-24 -8.44708537136230614e-26  6.12776760783632001e-26  2.28970682680421034e-24  1.35026538561344722e-15  1.17736783847806577e-13  1.05986054543271518e-17 -1.59204172048405868e-19  1.05986394466843457e-17 -1.57631794600202761e-19  1.05986468541513546e-17 -1.57283315686596388e-19 -1.15613236669055069e-16 -7.35543453115640286e-14 -1.15613236669055069e-16 -7.35543453115640286e-14 -1.15613236669055069e-16 -7.35543453115640286e-14 -1.15613236669055069e-16 -7.35543453132183898e-14  2.87787722476681473e-16 -1.98752647084277259e-17  8.32186943159591824e-15 -2.46359184647031113e-16  2.14293599248040000e-04  6.01982801495351105e-07 -1.78186433520683716e-11 -1.92914339830123935e-08 -1.20976124196716106e-11 -1.92915740891170956e-08 -1.08296731849988502e-11 -1.92916046810105798e-08 -3.03174528827503168e-07 -7.34397573487378963e-06 -3.03174528827503168e-07 -7.34397573487378963e-06 -3.03174528827503168e-07 -7.34397573487378963e-06 -3.03174528827503168e-07 -7.34397573487377608e-06 
 1.00057649289237371e+01  3.05672522592990366e-24 -7.79338829640196212e-26  6.32476372109180003e-26  2.49611678441421806e-24  1.17101966144728120e-15  1.21174827926743465e-13  1.12267778244113317e-17 -1.47643761571448278e-19  1.12268107577511593e-17 -1.46025567687715110e-19  1.12268179325736209e-17 -1.45666833834776354e-19  5.43147387193440998e-17 -7.57028314832200893e-14  5.43147387193440998e-17 -7.57028314832200893e-14  5.43147387193440998e-17 -7.57028314832200893e-14  5.43147387128817512e-17 -7.57028314848744505e-14  3.04871953014569536e-16 -2.02534732143072939e-17  8.81511310098534092e-15 -2.47714009952311291e-16  2.14291976421090139e-04  1.07102455956823273e-06  2.65184034299977777e-11 -1.98549012120506647e-08  3.22390819840233651e-11 -1.98550335986793025e-08  3.35073109177678568e-11 -1.98550625011112541e-08 -3.03463944916623380e-07 -7.55847783742104875e-06 -3.03463944916623380e-07 -7.55847783742104875e-06 -3.03463944916623380e-07 -7.55847783742104875e-06 -3.03463944916623327e-07 -7.55847783742103519e-06 
 1.02980127273215860e+01  3.23807506582825430e-24 -7.03937414203699757e-26  6.51326919885375392e-26  2.72114262468579137e-24  9.81175861045069375e-16  1.24713318301085566e-13  1.18921830967664545e-17 -1.34283379424387591e-19  1.18922149084849145e-17 -1.32618036245738901e-19  1.18922218393537189e-17 -1.32248736452944486e-19  2.34314163719468613e-16 -7.79140810459535174e-14  2.34314163719468613e-16 -7.79140810459535174e-14  2.34314163797016795e-16 -7.79140810442991562e-14  2.34314164152445965e-16 -7.79140810459535174e-14  3.22968766457079217e-16 -2.06244805561868747e-17  9.33759134335502631e-15 -2.48581516055404198e-16  2.14290458365323300e-04  1.54095484341330669e-06  7.34832731110617510e-11 -2.04348307140254673e-08  7.92035855708485110e-11 -2.04349554911935553e-08  8.04721195127220184e-11 -2.04349827278506949e-08 -3.03770514400395106e-07 -7.77924509114092106e-06 -3.03770514400395106e-07 -7.77924509114092106e-06 -3.03770514400394259e-07 -7.77924509114092106e-06 -3.03770514372643130e-07 -7.77924509114089565e-06 
 1.05987964823679359e+01  3.43016220667817882e-24 -6.17478591575504135e-26  6.69031966901108030e-26  2.96646355858279653e-24  7.80029252994696165e-16  1.28355188510627017e-13  1.25970282437928778e-17 -1.18938540096817473e-19  1.25970588672470007e-17 -1.17224679220950853e-19  1.25970655363906894e-17 -1.16844493602048270e-19  4.24981963087404858e-16 -8.01899281288432228e-14  4.24981963087404858e-16 -8.01899281288432228e-14  4.24981962893534402e-16 -8.01899281321519453e-14  4.24981962628578112e-16 -8.01899281338063065e-14  3.42138179764920492e-16 -2.09864305332889958e-17  9.89103692574793288e-15 -2.48899939916048557e-16  2.14289040046557888e-04  2.01216308390873379e-06  1.23231711725550420e-10 -2.10317036102599488e-08  1.28951643092085471e-10 -2.10318208819467370e-08  1.30220503700722976e-10 -2.10318464748110186e-08 -3.04095253808075747e-07 -8.00646048654057764e-06 -3.04095253808075747e-07 -8.00646048654057764e-06 -3.04095253835828517e-07 -8.00646048654231236e-06 -3.04095253863582981e-07 -8.00646048654231236e-06 
 1.09083655117866662e+01  3.63362168112319412e-24 -5.18840567748314542e-26  6.85247434216233470e-26  3.23391027641247692e-24  5.66929315992670269e-16  1.32103457797690861e-13  1.33436510653097837e-17 -1.01407462410269703e-19  1.33436804334527036e-17 -9.96436742374108322e-20  1.33436868239076117e-17 -9.92522812905604362e-20  6.26950437702969160e-16 -8.25322605383724250e-14  6.26950437702969160e-16 -8.25322605383724250e-14  6.26950437625420977e-16 -8.25322605383724250e-14  6.26950437715893857e-16 -8.25322605400267862e-14  3.62443767284273059e-16 -2.13372638509599394e-17  1.04772853222964967e-14 -2.48601426632341629e-16  2.14287716761255454e-04  2.48503983460450688e-06  1.75928698231886919e-10 -2.16460151045049552e-08  1.81648230862314579e-10 -2.16461249682656203e-08  1.82917438087067126e-10 -2.16461489382353950e-08 -3.04439240210134621e-07 -8.24031235880012326e-06 -3.04439240210134621e-07 -8.24031235880012326e-06 -3.04439240210133774e-07 -8.24031235880012326e-06 -3.04439240210134568e-07 -8.24031235880009615e-06 
 1.12269764153591911e+01  3.84912599192944316e-24 -4.06796710236830970e-26  6.99575158925908985e-26  3.52547861288220602e-24  3.41306843898436796e-16  1.35961233641610445e-13  1.41345279575098100e-17 -8.14695137078042338e-20  1.41345559944089316e-17 -7.96543522874682778e-20  1.41345620900191877e-17 -7.92514119315783842e-20  8.40889368445434667e-16 -8.49430212837497029e-14  8.40889368445434667e-16 -8.49430212837497029e-14  8.40889368419585273e-16 -8.49430212837497029e-14  8.40889367786275116e-16 -8.49430212820953416e-14  3.83952871660977434e-16 -2.16746990929491936e-17  1.10982808025124968e-14 -2.47611464886605018e-16  2.14286484122943775e-04  2.95997699647879302e-06  2.31748989995241333e-10 -2.22782748965641822e-08  2.37468104969803610e-10 -2.22783774441432483e-08  2.38737680601681251e-10 -2.22783998102653621e-08 -3.04803614077184088e-07 -8.48099454379800074e-06 -3.04803614077184088e-07 -8.48099454379800074e-06 -3.04803614077184088e-07 -8.48099454379800074e-06 -3.04803614132689733e-07 -8.48099454379976257e-06 
 1.15548932876183734e+01  4.07738731717548123e-24 -2.80006027243068127e-26  7.11555548663785670e-26  3.84334444541344312e-24  1.02213159811070931e-16  1.39931714339532925e-13  1.49722821152949283e-17 -5.88834625965238865e-20  1.49723087409786884e-17 -5.70154335106119949e-20  1.49723145280118020e-17 -5.66005983944488168e-20  1.06750822629088113e-15 -8.74242102445051095e-14  1.06750822629088113e-15 -8.74242102445051095e-14  1.06750822629088113e-15 -8.74242102445051095e-14  1.06750822636842931e-15 -8.74242102478138320e-14  4.06736827197197475e-16 -2.19962119863682775e-17  1.17560828805671249e-14 -2.45848271690059358e-16  2.14285338042185917e-04  3.43736818912475866e-06  2.90877700141417458e-10 -2.29290076087301854e-08  2.96596377190817033e-10 -2.29291029255121173e-08  2.97866344262139621e-10 -2.29291237059950323e-08 -3.05189584155520776e-07 -8.72870653882281603e-06 -3.05189584155520776e-07 -8.72870653882281603e-06 -3.05189584155520776e-07 -8.72870653882281603e-06 -3.05189584155521623e-07 -8.72870653882276182e-06 
 1.18923879367547869e+01  4.31915983369416086e-24 -1.37002724541973243e-26  7.20659365584865691e-26  4.18987993618302986e-24 -1.51029362627230768e-16  1.44018191679867016e-13  1.58596922459456509e-17 -3.33856169834025406e-20  1.58597173788268993e-17 -3.14631862319310825e-20  1.58597228370880312e-17 -3.10360985029444626e-20  1.30755853927013066e-15 -8.99778858347775649e-14  1.30755853927013066e-15 -8.99778858347775649e-14  1.30755853927013066e-15 -8.99778858347775649e-14  1.30755853936060354e-15 -8.99778858347775649e-14  4.30871196488846049e-16 -2.22990122938089007e-17  1.24528731468815447e-14 -2.43222119401881568e-16  2.14284274720433573e-04  3.91760905925266434e-06  3.53510912431480787e-10 -2.35987532245840584e-08  3.59229131682860762e-10 -2.35988413904195420e-08  3.60499514524611864e-10 -2.35988606016778700e-08 -3.05598430114579794e-07 -8.98365366786710320e-06 -3.05598430114579794e-07 -8.98365366786710320e-06 -3.05598430114579794e-07 -8.98365366786710320e-06 -3.05598430114580588e-07 -8.98365366786710320e-06 
 1.22397401099167809e+01  4.57524218380370464e-24  2.38152618063893719e-27  7.26278335531093450e-26  4.56767123933374751e-24 -4.19233875045832427e-16  1.48224053642200500e-13  1.67997017973547396e-17 -4.68776824065725481e-21  1.67997253469605968e-17 -2.70936708851922034e-21  1.67997304538315271e-17 -2.26965031490696180e-21  1.56183637305415784e-15 -9.26061666824914988e-14  1.56183637305415784e-15 -9.26061666824914988e-14  1.56183637309939428e-15 -9.26061666824914988e-14  1.56183637278273920e-15 -9.26061666824914988e-14  4.56436021075445004e-16 -2.25800177148345563e-17  1.31909625048344130e-14 -2.39634602278949214e-16  2.14283290629287924e-04  4.40109765226867763e-06  4.19856336424785152e-10 -2.42880675413066292e-08  4.25574072857588788e-10 -2.42881486297926931e-08  4.26844898357103195e-10 -2.42881662871187536e-08 -3.06031507876582706e-07 -9.24604725183517327e-06 -3.06031507876582706e-07 -9.24604725183517327e-06 -3.06031507876582706e-07 -9.24604725183690800e-06 -3.06031507904334735e-07 -9.24604725183777536e-06 
 1.25972377250910945e+01  4.84648008532796577e-24  2.04198494750873314e-26  7.27714767268955337e-26  4.97953780618311589e-24 -7.03376159399971002e-16  1.52552787242801542e-13  1.77954287089033524e-17  2.75250229564187328e-20  1.77954505815297646e-17  2.95610278678157091e-20  1.77954553184312411e-17  3.00137485022686694e-20  1.83118497555390559e-15 -9.53112334425367544e-14  1.83118497555390559e-15 -9.53112334425367544e-14  1.83118497519847642e-15 -9.53112334408823932e-14  1.83118497556683028e-15 -9.53112334425367544e-14  4.83516086932091274e-16 -2.28358281535513300e-17  1.39727988364657868e-14 -2.34977837718934952e-16  2.14282382507917612e-04  4.88823470034361854e-06  4.90133987154025475e-10 -2.49975226348068138e-08  4.95851219432812547e-10 -2.49975967137744882e-08  4.97122513020651270e-10 -2.49976128311010139e-08 -3.06490253698117995e-07 -9.51610478367175676e-06 -3.06490253698117995e-07 -9.51610478367175676e-06 -3.06490253725872459e-07 -9.51610478366834152e-06 -3.06490253698119636e-07 -9.51610478367002204e-06 
 1.29651771097562314e+01  5.13376908259476070e-24  4.06059704574065409e-26  7.24169580908945422e-26  5.42855343166545499e-24 -1.00435068248194703e-15  1.57007981439676998e-13  1.88501757697979519e-17  6.35968968621837266e-20  1.88501958701252783e-17  6.56921623174454515e-20  1.88502002144390813e-17  6.61582899017290199e-20  2.11649757430940752e-15 -9.80953306099484901e-14  2.11649757430940752e-15 -9.80953306099484901e-14  2.11649757434818161e-15 -9.80953306099484901e-14  2.11649757430940752e-15 -9.80953306132572125e-14  5.12201205767710756e-16 -2.30626943687739777e-17  1.48009751227918027e-14 -2.29133593125393131e-16  2.14281547344488124e-04  5.37942390873432888e-06  5.64576924748302464e-10 -2.57277073392923776e-08  5.70293626300709894e-10 -2.57277744712855531e-08  5.71565416767755867e-10 -2.57277890609596504e-08 -3.06976188775415149e-07 -9.79405010858410950e-06 -3.06976188775415149e-07 -9.79405010858410950e-06 -3.06976188775415996e-07 -9.79405010858410950e-06 -3.06976188775415149e-07 -9.79405010858408240e-06 
 1.33438632465064000e+01  5.43805746961233868e-24  6.31488455631221255e-26  7.14729180767064510e-26  5.91806919974087180e-24 -1.32316033130130961e-15  1.61593330057483060e-13  1.99674415937537069e-17  1.03903801410488109e-19  1.99674598119220222e-17  1.06060048817705745e-19  1.99674637426455190e-17  1.06539988864190529e-19  2.41872033554748359e-15 -1.00960768386026642e-13  2.41872033554748359e-15 -1.00960768386026642e-13  2.41872033554748359e-15 -1.00960768386026642e-13  2.41872033546347306e-15 -1.00960768389335364e-13  5.42586512913717751e-16 -2.32564860954880320e-17  1.56782380455300263e-14 -2.21972334441872636e-16  2.14280782368031351e-04  5.87507245193842949e-06  6.43432017248390747e-10 -2.64792277416192284e-08  6.49148159752376090e-10 -2.64792879829746386e-08  6.50420479161813420e-10 -2.64793010563122741e-08 -3.07490924703052354e-07 -1.00801136096105532e-05 -3.07490924703052354e-07 -1.00801136096105532e-05 -3.07490924703052354e-07 -1.00801136096105532e-05 -3.07490924703051507e-07 -1.00801136096104990e-05 
 1.37336100258496305e+01  5.76034937117210682e-24  8.82767302856198068e-26  6.98350286740578147e-26  6.45173849873356605e-24 -1.66088930803054424e-15  1.66312634858019690e-13  2.11509322035620347e-17  1.48856434198845159e-19  2.11509484345581753e-17  1.51075426971375350e-19  2.11509519218030038e-17  1.51569601148303295e-19  2.73885550442430165e-15 -1.03909924630482169e-13  2.73885550442430165e-15 -1.03909924630482169e-13  2.73885550463755916e-15 -1.03909924630482169e-13  2.73885550495421423e-15 -1.03909924633790892e-13  5.74772782971518593e-16 -2.34126556293382517e-17  1.66074970989383075e-14 -2.13352187191027768e-16  2.14280085043173826e-04  6.37559108747485256e-06  7.26960768139405027e-10 -2.72527076891131852e-08  7.32676321442167625e-10 -2.72527610908091276e-08  7.33949201918709421e-10 -2.72527726575759723e-08 -3.08036168417380375e-07 -1.03745323985151539e-05 -3.08036168417380375e-07 -1.03745323985151539e-05 -3.08036168389625858e-07 -1.03745323985160213e-05 -3.08036168361873936e-07 -1.03745323985150997e-05 
 1.41347405063896030e+01  6.10170801461841956e-24  1.16238923545062880e-25  6.73843067013563674e-26  7.03354429396836428e-24 -2.01859470978782429e-15  1.71169808822483294e-13  2.24045733604438144e-17  1.98903364610567300e-19  2.24045874830987454e-17  2.01186914629380707e-19  2.24045905034388922e-17  2.01695756721897263e-19  3.07796472752555472e-15 -1.06945246821855106e-13  3.07796472752555472e-15 -1.06945246821855106e-13  3.07796472744800653e-15 -1.06945246825163829e-13  3.07796472806839199e-15 -1.06945246821855106e-13  6.08866764085699129e-16 -2.35261998517421722e-17  1.75918342418564660e-14 -2.03117805926436089e-16  2.14279453057575478e-04  6.88139468762974251e-06  8.15440180368264328e-10 -2.80487893142635278e-08  8.21155113387721009e-10 -2.80488359215724444e-08  8.22428587925781487e-10 -2.80488459903876773e-08 -3.08613728100857092e-07 -1.06775505123067912e-05 -3.08613728100857092e-07 -1.06775505123067912e-05 -3.08613728100856245e-07 -1.06775505123067912e-05 -3.08613728045350759e-07 -1.06775505123076586e-05 
 1.45475871826068506e+01  6.46325916686315750e-24  1.47307689086382699e-25  6.39852190758117353e-26  7.66782886036146073e-24 -2.39752336907150809e-15  1.76168879208726261e-13  2.37325235808349243e-17  2.54534488747851929e-19  2.37325354667094684e-17  2.56884462823881764e-19  2.37325379918721587e-17  2.57408426004177988e-19  3.43717257401276989e-15 -1.10069254153590234e-13  3.43717257401276989e-15 -1.10069254153590234e-13  3.43717257410970512e-15 -1.10069254156898956e-13  3.43717257402569459e-15 -1.10069254153590234e-13  6.44981532088530843e-16 -2.35916168416444034e-17  1.86345141222611341e-14 -1.91099137350167627e-16  2.14278884314824503e-04  7.39290247713960921e-06  9.09163670517658213e-10 -2.88681335739807298e-08  9.14877951018516604e-10 -2.88681734266892834e-08  9.16152055177821124e-10 -2.88681820046509877e-08 -3.09225519058309663e-07 -1.09894191154859328e-05 -3.09225519058309663e-07 -1.09894191154859328e-05 -3.09225519058310510e-07 -1.09894191154850655e-05 -3.09225519058309716e-07 -1.09894191154859328e-05 
 1.49724922604612960e+01  6.84619480751931728e-24  1.81780327045638048e-25  5.94835404089652994e-26  8.35932619804221937e-24 -2.79894922343426611e-15  1.81313991104824879e-13  2.51391879351159524e-17  3.16284789710835550e-19  2.51391974590021067e-17  3.18703103122629044e-19  2.51391994542522171e-17  3.19242650256418796e-19  3.81767026379095265e-15 -1.13284539578827555e-13  3.81767026379095265e-15 -1.13284539578827555e-13  3.81767026353245871e-15 -1.13284539582136277e-13  3.81767026408175833e-15 -1.13284539578827555e-13  6.83236865665433862e-16 -2.36028608931770337e-17  1.97389949079909851e-14 -1.77110075795911516e-16  2.14278376930139997e-04  7.91053842046581046e-06  1.00844204991903361e-09 -2.97114208057072011e-08  1.01415563903870028e-09 -2.97114539381624288e-08  1.01543041100991292e-09 -2.97114610312310595e-08 -3.09873570199542686e-07 -1.13103967081878284e-05 -3.09873570199542686e-07 -1.13103967081878284e-05 -3.09873570227295562e-07 -1.13103967081869339e-05 -3.09873570171789916e-07 -1.13103967081878013e-05 
 1.54098079410445816e+01  7.25177696612383277e-24  2.19981471289530771e-25  5.37039324979360903e-26  9.11319737225885521e-24 -3.22411910537445667e-15  1.86609410724566891e-13  2.66292327009875009e-17  3.84738410492758322e-19  2.66292397207135977e-17  3.87227035872205958e-19  2.66292411618173211e-17  3.87782652443422973e-19  4.22071962084384111e-15 -1.16593772081840256e-13  4.22071962084384111e-15 -1.16593772081840256e-13  4.22071962116049619e-15 -1.16593772075222811e-13  4.22071962076629293e-15 -1.16593772081840256e-13  7.23759643716170209e-16 -2.35532896175555781e-17  2.09089397598698042e-14 -1.60946990747671945e-16  2.14277929219830633e-04  8.43473156181683742e-06  1.11360454408606245e-09 -3.05793513005209847e-08  1.11931740736205326e-09 -3.05793777415048212e-08  1.12059288849496804e-09 -3.05793833540231296e-08 -3.10560030461576787e-07 -1.16407493404190205e-05 -3.10560030461576787e-07 -1.16407493404190205e-05 -3.10560030433824970e-07 -1.16407493404182073e-05 -3.10560030461575993e-07 -1.16407493404190188e-05 
 1.58598967125172869e+01  7.68134181281277700e-24  2.62265539896444639e-25  4.64472503346145790e-26  9.93506904190789828e-24 -3.67449668782493521e-15  1.92059529007341525e-13  2.82076008286780254e-17  4.60533142081022008e-19  2.82076051956100483e-17  4.63094102143215418e-19  2.82076060454088808e-17  4.63666281713729100e-19  4.64765725168507155e-15 -1.19999698812160686e-13  4.64765725168507155e-15 -1.19999698812160686e-13  4.64765725168507155e-15 -1.19999698812160686e-13  4.64765725103237435e-15 -1.19999698815469408e-13  7.66684266304870095e-16 -2.34356116336068648e-17  2.21482289851650944e-14 -1.42387128537660887e-16  2.14277539699805187e-04  8.96591637560004894e-06  1.22499990157540330e-09 -3.14726458926353443e-08  1.23071199816487231e-09 -3.14726656656854919e-08  1.23198823031144878e-09 -3.14726698007878835e-08 -3.11287176516500472e-07 -1.19807508325231276e-05 -3.11287176516500472e-07 -1.19807508325231276e-05 -3.11287176516500472e-07 -1.19807508325231276e-05 -3.11287176572006858e-07 -1.19807508325204984e-05 
 1.63231316505730462e+01  8.13630397394518151e-24  3.09019457846616993e-25  3.74874752548192349e-26  1.08310754641054012e-23 -4.15157274877286930e-15  1.97668865257734187e-13  2.98795283617714638e-17  5.44365260525068850e-19  2.98795299175818737e-17  5.47000645839759292e-19  2.98795301405328982e-17  5.47589902166278219e-19  5.09989898485591306e-15 -1.23505147480095413e-13  5.09989898485591306e-15 -1.23505147480095413e-13  5.09989898485591306e-15 -1.23505147480095413e-13  5.09989898539875034e-15 -1.23505147480095413e-13  8.12153100602396795e-16 -2.32418244712875957e-17  2.34609729119089410e-14 -1.21186862031156176e-16  2.14277207078336542e-04  9.50453315162956898e-06  1.34299753255167184e-09 -3.23920465680882800e-08  1.34870881856917989e-09 -3.23920596912174303e-08  1.34998584660866798e-09 -3.23920623506308533e-08 -3.12057419635088268e-07 -1.23306830021086061e-05 -3.12057419635088268e-07 -1.23306830021086061e-05 -3.12057419635088268e-07 -1.23306830021086061e-05 -3.12057419579582623e-07 -1.23306830021094480e-05 
 1.67998967276785862e+01  8.61816108577179686e-24  3.60665603743101907e-25  2.65683021904350712e-26  1.18079042887264713e-23 -4.65691938136836292e-15  2.03442070897617720e-13  3.16505618257715582e-17  6.36994858373923418e-19  3.16505604105172289e-17  6.39706804747301898e-19  3.16505599678463542e-17  6.40313670165786688e-19  5.57894456243520795e-15 -1.27113028679448382e-13  5.57894456243520795e-15 -1.27113028679448382e-13  5.57894456243520795e-15 -1.27113028679448382e-13  5.57894456188590833e-15 -1.27113028682757105e-13  8.60316953219761622e-16 -2.29631490260624758e-17  2.48515255266962925e-14 -9.70797867203772901e-17  2.14276930251623162e-04  1.00510283043077255e-05  1.46798874582528917e-09 -3.33383170908057128e-08  1.47369917382624408e-09 -3.33383235767316222e-08  1.47497704620478978e-09 -3.33383247610127623e-08 -3.12873314075579929e-07 -1.26908358975886419e-05 -3.12873314075579929e-07 -1.26908358975886419e-05 -3.12873314075579929e-07 -1.26908358975886419e-05 -3.12873314131085521e-07 -1.26908358975886148e-05 
 1.72905871313460473e+01  9.12849861927478930e-24  4.17665005889503634e-25  1.33992623872496052e-26  1.28728464847702056e-23 -5.19218999392445646e-15  2.09383933350592561e-13  3.35265766571042916e-17  7.39251609898879902e-19  3.35265720979173997e-17  7.42042320184003483e-19  3.35265709460037733e-17  7.42667346417460360e-19  6.08638261076800543e-15 -1.30826338369062755e-13  6.08638261076800543e-15 -1.30826338369062755e-13  6.08638261052243618e-15 -1.30826338372371478e-13  6.08638261061937141e-15 -1.30826338372371478e-13  9.11335570618877692e-16 -2.25899597229924872e-17  2.63244989214280807e-14 -6.97746427588361592e-17  2.14276708303023797e-04  1.06058548303346587e-05  1.60038803968921857e-09 -3.43122436486415169e-08  1.60609756314112155e-09 -3.43122435045010930e-08  1.60737632944394404e-09 -3.43122432125964598e-08 -3.13737565745071949e-07 -1.30615080385415106e-05 -3.13737565745071949e-07 -1.30615080385415106e-05 -3.13737565772825619e-07 -1.30615080385398030e-05 -3.13737565772827313e-07 -1.30615080385406975e-05 
 1.77956095917013712e+01  9.66899496385242201e-24  4.80520874428943650e-25 -2.34859838184234741e-27  1.40338507713122667e-23 -5.75920062508006314e-15  2.15499380131567687e-13  3.55137967129481163e-17  8.52041086423608503e-19  3.55137888127270316e-17  8.54912817595703232e-19  3.55137869160277364e-17  8.55556577369771161e-19  6.62389591627520722e-15 -1.34648160384141248e-13  6.62389591627520722e-15 -1.34648160384141248e-13  6.62389591635275540e-15 -1.34648160380832525e-13  6.62389591627520722e-15 -1.34648160387449970e-13  9.65378169130839814e-16 -2.21117036446925188e-17  2.78847785969024506e-14 -3.89530468419681844e-17  2.14276540495785938e-04  1.11694725740021771e-05  1.74063447780600301e-09 -3.53146355181967197e-08  1.74634304487765855e-09 -3.53146287461737658e-08  1.74762276021220667e-09 -3.53146269756610368e-08 -3.14653040474741577e-07 -1.34430066630710246e-05 -3.14653040474741577e-07 -1.34430066630710246e-05 -3.14653040474741471e-07 -1.34430066630701572e-05 -3.14653040474740624e-07 -1.34430066630701013e-05 
 1.83153827186202918e+01  1.02414268206932713e-23  5.49782398228617709e-25 -2.10476070566655490e-26  1.52995829597653896e-23 -6.35987573369134473e-15  2.21793482684878662e-13  3.76188149152063513e-17  9.76351637109758675e-19  3.76188034849273790e-17  9.79306720461058760e-19  3.76188007949748011e-17  9.79969802657248045e-19  7.19326699778807581e-15 -1.38581669023667087e-13  7.19326699778807581e-15 -1.38581669023667087e-13  7.19326699780100051e-15 -1.38581669023667087e-13  7.19326699779453816e-15 -1.38581669026975809e-13  1.02262399652538080e-15 -2.15168177400486934e-17  2.95375396742333203e-14 -4.26702281858677702e-18  2.14276426273700968e-04  1.17423487260007896e-05  1.88919315174197655e-09 -3.63463257507896635e-08  1.89490070729614986e-09 -3.63463123474514792e-08  1.89618142713477697e-09 -3.63463090946276912e-08 -3.15622774257238262e-07 -1.38356479824246861e-05 -3.15622774257238262e-07 -1.38356479824246861e-05 -3.15622774257239109e-07 -1.38356479824237917e-05 -3.15622774257238262e-07 -1.38356479824246319e-05 
 1.88503373487113812e+01  1.08476748673213791e-23  6.26048926469235445e-25 -4.31189521901058441e-26  1.66794906504056913e-23 -6.99608556850583874e-15  2.28271460857680384e-13  3.98486152014895701e-17  1.11326188528126039e-18  3.98486000359731442e-17  1.11630269976382049e-18  3.98485965010684953e-17  1.11698572153641628e-18  7.79638402229194381e-15 -1.42630131750321531e-13  7.79638402229194381e-15 -1.42630131750321531e-13  7.79638402229194381e-15 -1.42630131750321531e-13  7.79638402213684744e-15 -1.42630131753630253e-13  1.08326292673285608e-15 -2.07926343572715481e-17  3.12882640677690794e-14  3.46636948777255297e-17  2.14276365258062030e-04  1.23249581193102605e-05  2.04655671243158389e-09 -3.74081718792554220e-08  2.05226320012821536e-09 -3.74081518363580673e-08  2.05354498458788880e-09 -3.74081470957413421e-08 -3.16649982977959208e-07 -1.42397574430068164e-05 -3.16649982977959208e-07 -1.42397574430068164e-05 -3.16649982977959208e-07 -1.42397574430068164e-05 -3.16649982977958414e-07 -1.42397574430059219e-05 
 1.94009169024337389e+01  1.14897297749717713e-23  7.09974498635751158e-25 -6.90388369090964873e-26  1.81838737665912527e-23 -7.67002563892282829e-15  2.34938687141729271e-13  4.22105957055597978e-17  1.26394889602507954e-18  4.22105765737769582e-17  1.26707790379369171e-18  4.22105721438370371e-17  1.26778148875932768e-18  8.43524706117106765e-15 -1.46796911949958391e-13  8.43524706117106765e-15 -1.46796911949958391e-13  8.43524706111936886e-15 -1.46796911949958391e-13  8.43524706105474538e-15 -1.46796911953267114e-13  1.14749609002428856e-15 -1.99252811575235248e-17  3.31427586769996401e-14  7.82545976272244793e-17  2.14276357246356635e-04  1.29177836456171559e-05  2.21324701407918505e-09 -3.85010566464410595e-08  2.21895236963329562e-09 -3.85010299500060291e-08  2.22023528172051442e-09 -3.85010237150145369e-08 -3.17738073380174734e-07 -1.46556699960552275e-05 -3.17738073380174734e-07 -1.46556699960552275e-05 -3.17738073380175581e-07 -1.46556699960543602e-05 -3.17738073380175581e-07 -1.46556699960525983e-05 
 1.99675777516453685e+01  1.21696985502925782e-23  8.02272814022611173e-25 -9.93454107216739821e-26  1.98239614532583313e-23 -8.38391855939590869e-15  2.41800691153393458e-13  4.47125933013302495e-17  1.42969710150233912e-18  4.47125699803299718e-17  1.43291682448851935e-18  4.47125646036559902e-17  1.43364163342233327e-18  9.11197473635281793e-15 -1.51085471753944285e-13  9.11197473635281793e-15 -1.51085471753944285e-13  9.11197473635281793e-15 -1.51085471753944285e-13  9.11197473630111914e-15 -1.51085471757253007e-13  1.21553654041333280e-15 -1.88995688524073067e-17  3.51071746573787371e-14  1.26959612160603632e-16  2.14276402211906067e-04  1.35213167039575451e-05  2.38981683628540847e-09 -3.96258887561006162e-08  2.39552099560091032e-09 -3.96258553869050068e-08  2.39680510329356458e-09 -3.96258476493807417e-08 -3.18890653294621781e-07 -1.50837303751825422e-05 -3.18890653294621781e-07 -1.50837303751825422e-05 -3.18890653294621781e-07 -1.50837303751825422e-05 -3.18890653294621781e-07 -1.50837303751816461e-05 
 2.05507895978868866e+01  1.28898112029145027e-23  9.03722613963343268e-25 -1.34646578777716582e-25  2.16119959142843673e-23 -9.14012246965023589e-15  2.48863164133515324e-13  4.73629097236781109e-17  1.61190801385816817e-18  4.73628819614288021e-17  1.61522103377015644e-18  4.73628755798596232e-17  1.61596775168109308e-18  9.82881122745158350e-15 -1.55499375010391392e-13  9.82881122745158350e-15 -1.55499375010391392e-13  9.82881122750328229e-15 -1.55499375010391392e-13  9.82881122768422805e-15 -1.55499375013700115e-13  1.28760996278691329e-15 -1.76988725014103533e-17  3.71880278348333702e-14  1.81274589926577360e-16  2.14276500304008840e-04  1.41360575275922529e-05  2.57685172092155288e-09 -4.07836036470940417e-08  2.58255461522374442e-09 -4.07835635808610222e-08  2.58383999123235249e-09 -4.07835543310154067e-08 -3.20111545169556956e-07 -1.55242933820340521e-05 -3.20111545169556956e-07 -1.55242933820340521e-05 -3.20111545169557803e-07 -1.55242933820323174e-05 -3.20111545141804981e-07 -1.55242933820313958e-05 
 2.11510358617141030e+01  1.36524278428878506e-23  1.01517358011044158e-24 -1.75628714776012699e-25  2.35613238148466343e-23 -9.94115813973683871e-15  2.56131964042844073e-13  5.01703390705843184e-17  1.81211082993564870e-18  5.01703066134387985e-17  1.81551981572339018e-18  5.01702991591197627e-17  1.81628913731391711e-18  1.05881337245239190e-14 -1.60042290248772774e-13  1.05881337245239190e-14 -1.60042290248772774e-13  1.05881337245239190e-14 -1.60042290248772774e-13  1.05881337245756177e-14 -1.60042290255390219e-13  1.36395542188676223e-15 -1.63049989431528462e-17  3.93922203311939308e-14  2.41741120671183127e-16  2.14276651848627436e-04  1.47625156674512380e-05  2.77497191823291707e-09 -4.19751642918189205e-08  2.78067347285958946e-09 -4.19751174989664872e-08  2.78196018939258473e-09 -4.19751067257372181e-08 -3.21404797857433655e-07 -1.59777241802599277e-05 -3.21404797857433655e-07 -1.59777241802599277e-05 -3.21404797857433655e-07 -1.59777241802599277e-05 -3.21404797857434502e-07 -1.59777241802598701e-05 
 2.17688140834022263e+01  1.44600461116906286e-23  1.13755275709124437e-24 -2.23066524807064076e-25  2.56864959314961326e-23 -1.07896276548696823e-14  2.63613120035428481e-13  5.31441971114997553e-17  2.03197396818353874e-18  5.31441596751146887e-17  2.03548164695811546e-18  5.31441510931158335e-17  2.03627431539831428e-18  1.13924603113259644e-14 -1.64717993879456979e-13  1.13924603113259644e-14 -1.64717993879456979e-13  1.13924603113905879e-14 -1.64717993876148256e-13  1.13924603110416211e-14 -1.64717993879456979e-13  1.44482615581902434e-15 -1.46980431300269867e-17  4.17270634729721970e-14  3.08950687808096771e-16  2.14276857347276269e-04  1.54012103739291336e-05  2.98483443181015408e-09 -4.32015620194829072e-08  2.99053456939298995e-09 -4.32015084651393755e-08  2.99182271010299432e-09 -4.32014961553949143e-08 -3.22774699898264964e-07 -1.64443985980782199e-05 -3.22774699898264964e-07 -1.64443985980782199e-05 -3.22774699898264117e-07 -1.64443985980799547e-05 -3.22774699926017681e-07 -1.64443985980773526e-05 
 2.24046363353538034e+01  1.53153090569709005e-23  1.27187154419335551e-24 -2.77834102190966572e-25  2.80033757944224654e-23 -1.16883770457515412e-14  2.71312837633458811e-13  5.62943521983738845e-17  2.27331768962296240e-18  5.62943094887124129e-17  2.27692686927481306e-18  5.62942996982543815e-17  2.27774364227504955e-18  1.22444583094203266e-14 -1.69530373274128647e-13  1.22444583094203266e-14 -1.69530373274128647e-13  1.22444583094203266e-14 -1.69530373274128647e-13  1.22444583093944772e-14 -1.69530373280746092e-13  1.53049041658587515e-15 -1.28562324744884846e-17  4.42003020595491656e-14  3.83549198699296002e-16  2.14277117482466269e-04  1.60526710471619918e-05  3.20713521004303254e-09 -4.44638173650478786e-08  3.21283384998804388e-09 -4.44637570089136575e-08  3.21412349484688972e-09 -4.44637431484595187e-08 -3.24225794447846464e-07 -1.69247034396703531e-05 -3.24225794447846464e-07 -1.69247034396703531e-05 -3.24225794447846464e-07 -1.69247034396703531e-05 -3.24225794447844558e-07 -1.69247034396702989e-05 
 2.30590296465522400e+01  1.62210134279122440e-23  1.41923333850790678e-24 -3.40917310436580590e-25  3.05292581336019038e-23 -1.26404149734110627e-14  2.79237504113866960e-13  5.96312580814606120e-17  2.53812781741335081e-18  5.96312097980235285e-17  2.54184137045639947e-18  5.96311987247893128e-17  2.54268304288554352e-18  1.31469531324724516e-14 -1.74483430246564527e-13  1.31469531324724516e-14 -1.74483430246564527e-13  1.31469531325887739e-14 -1.74483430246564527e-13  1.31469531325758492e-14 -1.74483430246564527e-13  1.62123236052960817e-15 -1.07557551985199620e-17  4.68201400714407862e-14  4.66241925476925293e-16  2.14277433114924156e-04  1.67174376683313280e-05  3.44261144741446379e-09 -4.57629809444778917e-08  3.44830849860418234e-09 -4.57629137415765244e-08  3.44959974308461383e-09 -4.57628983138021007e-08 -3.25762893357845519e-07 -1.74190368056414953e-05 -3.25762893357845519e-07 -1.74190368056414953e-05 -3.25762893357846472e-07 -1.74190368056423627e-05 -3.25762893357846472e-07 -1.74190368056414953e-05 
 2.37325364394127547e+01  1.71801184297409056e-23  1.58084184107420349e-24 -4.13427762411439421e-25  3.32829980135737711e-23 -1.36489127292027668e-14  2.87393693405235687e-13  6.31659887122963253e-17  2.82857070526723768e-18  6.31659345255038546e-17  2.83239159468828789e-18  6.31659221016387950e-17  2.83325898080225497e-18  1.41029376464454914e-14 -1.79581284305107643e-13  1.41029376464454914e-14 -1.79581284305107643e-13  1.41029376464713407e-14 -1.79581284305107643e-13  1.41029376464454914e-14 -1.79581284308416366e-13  1.71735299161552505e-15 -8.37057576450063611e-18  4.95952679044230498e-14  5.57798892408716678e-16  2.14277805293818793e-04  1.73960612364421027e-05  3.69204402915997448e-09 -4.71001343587165618e-08  3.69773939861234942e-09 -4.71000602581810463e-08  3.69903233361610942e-09 -4.71000432456311062e-08 -3.27391094088324592e-07 -1.79278084228659726e-05 -3.27391094088324592e-07 -1.79278084228659726e-05 -3.27391094088324592e-07 -1.79278084228659184e-05 -3.27391094088324592e-07 -1.79278084228659184e-05 
 2.44257149793928221e+01  1.81957549558635824e-23  1.75801015012184567e-24 -4.96618461974385580e-25  3.62851516215434573e-23 -1.47172313398613586e-14  2.95788172083203692e-13  6.69102750500059780e-17  3.14700958880764138e-18  6.69102146076601248e-17  3.15094084706374348e-18  6.69102007329978189e-17  3.15183480797047596e-18  1.51155820974607891e-14 -1.84828176262483489e-13  1.51155820974607891e-14 -1.84828176262483489e-13  1.51155820974607891e-14 -1.84828176262483489e-13  1.51155820974090903e-14 -1.84828176262483489e-13  1.81917116069330236e-15 -5.67222998140340509e-18  5.25348912200921936e-14  6.59060750088818409e-16  2.14278235252444191e-04  1.80891042532115925e-05  3.95626011991826366e-09 -4.84763911247956263e-08  3.96195371262548712e-09 -4.84763100706851804e-08  3.96324843878069071e-09 -4.84762914536198461e-08 -3.29115796243500606e-07 -1.84514399839301692e-05 -3.29115796243500606e-07 -1.84514399839301692e-05 -3.29115796243500712e-07 -1.84514399839310907e-05 -3.29115796243500500e-07 -1.84514399839301692e-05 
 2.51391398377348381e+01  1.92712352760654139e-23  1.95217063294225178e-24 -5.91901423923446013e-25  3.95581297616397223e-23 -1.58487860422301674e-14  3.04427904571777310e-13  7.08765440228024100e-17  3.49602236672006064e-18  7.08764769630116564e-17  3.50006710704762162e-18  7.08764615600039219e-17  3.50098852485769461e-18  1.61882446286368110e-14 -1.90228471858851111e-13  1.61882446286368110e-14 -1.90228471858851111e-13  1.61882446285980369e-14 -1.90228471862159833e-13  1.61882446285980369e-14 -1.90228471862159833e-13  1.92702462409924692e-15 -2.62960572606270121e-18  5.56487615088487163e-14  7.70945179805820522e-16  2.14278724416127491e-04  1.87971411631114970e-05  4.23613591173774351e-09 -4.98928976377985633e-08  4.24182762132441312e-09 -4.98928095691392622e-08  4.24312424551620073e-09 -4.98927893260301525e-08 -3.30942719075851047e-07 -1.89903654964712194e-05 -3.30942719075851047e-07 -1.89903654964712194e-05 -3.30942719075850200e-07 -1.89903654964707315e-05 -3.30942719075850094e-07 -1.89903654964707315e-05 
 2.58734023677245304e+01  2.04100633225166292e-23  2.16488572170099896e-24 -7.00867415548134044e-25  4.31263652004842340e-23 -1.70474528590758290e-14  3.13320059218144923e-13  7.50779599677963329e-17  3.87842101364747533e-18  7.50778859092821153e-17  3.88258242521549750e-18  7.50778688745313755e-17  3.88353223050710011e-18  1.73244824093648484e-14 -1.95786665477498420e-13  1.73244824093648484e-14 -1.95786665477498420e-13  1.73244824089512581e-14 -1.95786665474189697e-13  1.73244824095070201e-14 -1.95786665474189697e-13  2.04127116506790744e-15  7.91299327663905933e-19  5.89472084673716889e-14  8.94453877766432507e-16  2.14279274407939323e-04  1.95207588335248009e-05  4.53259952418568049e-09 -5.13508341630232708e-08  4.53828923968093780e-09 -5.13507390134462515e-08  4.53958787597099359e-09 -5.13507171208458466e-08 -3.32877921119631204e-07 -1.95450316427352122e-05 -3.32877921119631204e-07 -1.95450316427352122e-05 -3.32877921175136108e-07 -1.95450316427369469e-05 -3.32877921119630516e-07 -1.95450316427369435e-05 
 2.66291111948599024e+01  2.16159454426246126e-23  2.39785968468553197e-24 -8.25308191105471338e-25  4.70164951170111390e-23 -1.83170536030563547e-14  3.22472014248377379e-13  7.95284683907894378e-17  4.29727273791945195e-18  7.95283869134991013e-17  4.30155410683216565e-18  7.95283681468389540e-17  4.30253325118611975e-18  1.85280634337092123e-14 -2.01507383976342789e-13  1.85280634337092123e-14 -2.01507383976342789e-13  1.85280634337221370e-14 -2.01507383976342789e-13  1.85280634337350617e-14 -2.01507383976342789e-13  2.16228978172386689e-15  4.62764201084784533e-18  6.24411742982147795e-14  1.03068017052700482e-15  2.14279887051000768e-04  2.02605570599648601e-05  4.84663408301884261e-09 -5.28514158601382190e-08  4.85232168766940408e-09 -5.28513135577777719e-08  4.85362245386187011e-09 -5.28512899904664136e-08 -3.34927820065185990e-07 -2.01158981496145935e-05 -3.34927820065185990e-07 -2.01158981496145935e-05 -3.34927820065186837e-07 -2.01158981496137261e-05 -3.34927820065186943e-07 -2.01158981496137261e-05 
 2.74068927213370017e+01  2.28928018020799182e-23  2.65295141549110717e-24 -9.67241367131149610e-25  5.12575600174469148e-23 -1.96619792929703108e-14  3.31891363868712184e-13  8.42428423530121837e-17  4.75592305052082847e-18  8.42427530336618993e-17  4.76032773719947220e-18  8.42427324284635937e-17  4.76133723197332361e-18  1.98029790197654479e-14 -2.07395390794055613e-13  1.98029790197654479e-14 -2.07395390794055613e-13  1.98029790195069540e-14 -2.07395390800673058e-13  1.98029790195198787e-14 -2.07395390800673058e-13  2.29048194564955925e-15  8.92001740931962566e-18  6.61422500460179878e-14  1.18081731512406634e-15  2.14280564377154753e-04  2.10171490429088288e-05  5.17928098095805315e-09 -5.43958938395837774e-08  5.18496635160486998e-09 -5.43957843076173229e-08  5.18626937369820913e-09 -5.43957590381844823e-08 -3.37099213399281033e-07 -2.07034381694416122e-05 -3.37099213399281033e-07 -2.07034381694416122e-05 -3.37099213427033009e-07 -2.07034381694416122e-05 -3.37099213427033114e-07 -2.07034381694416122e-05 
 2.82073916452706790e+01  2.42447782732366306e-23  2.93218845773894398e-24 -1.12893848709068023e-24  5.58812206041943489e-23 -2.10866209476162636e-14  3.41585924750649506e-13  8.92367317012949421e-17  5.25802093755484755e-18  8.92366340745956152e-17  5.26255238804677789e-18  8.92366115209992261e-17  5.26359326883187943e-18  2.11534570337838638e-14 -2.13455589870898412e-13  2.11534570337838638e-14 -2.13455589870898412e-13  2.11534570337838638e-14 -2.13455589870898412e-13  2.11534570337063156e-14 -2.13455589877515857e-13  2.42627293512528506e-15  1.37127762426324101e-17  7.00627140914248742e-14  1.34616755609803737e-15  2.14281308632465048e-04  2.17911618998520878e-05  5.53164333311240880e-09 -5.59855562552431613e-08  5.53732633703829903e-09 -5.59854394113096890e-08  5.53863175060129834e-09 -5.59854124103237572e-08 -3.39399302321276888e-07 -2.13081386719580344e-05 -3.39399302321276888e-07 -2.13081386719580344e-05 -3.39399302321276041e-07 -2.13081386719571671e-05 -3.39399302321275829e-07 -2.13081386719574957e-05 
 2.90312714950807162e+01  2.56762590707535442e-23  3.23778219905051982e-24 -1.31295640325228004e-24  6.09219942183277292e-23 -2.25956406363359008e-14  3.51563742502813291e-13  9.45267151222854503e-17  5.80754625413859875e-18  9.45266087197168121e-17  5.81220799042376760e-18  9.45265840917065430e-17  5.81328135420378318e-18  2.25839759234307945e-14 -2.19693030089028361e-13  2.25839759234307945e-14 -2.19693030089028361e-13  2.25839759234307945e-14 -2.19693030089028361e-13  2.25839759234307945e-14 -2.19693030095645806e-13  2.57011324762242024e-15  1.90543612919864316e-17  7.42155729310406008e-14  1.52815199122300896e-15  2.14282122285772077e-04  2.25832371832287768e-05  5.90488962967810481e-09 -5.76217294305562515e-08  5.91057012767897727e-09 -5.76216051871952950e-08  5.91187807322565609e-09 -5.76215764229455886e-08 -3.41835713979906432e-07 -2.19305008476343300e-05 -3.41835713979906432e-07 -2.19305008476343300e-05 -3.41835713979906432e-07 -2.19305008476343300e-05 -3.41835713979906432e-07 -2.19305008476342724e-05 
 2.98792151794862804e+01  2.71918799295772144e-23  3.57214453128047988e-24 -1.52217263213841847e-24  6.64175126246177505e-23 -2.41941612143942164e-14  3.61833098301631046e-13  1.00130355418147011e-16  6.40883962245851843e-18  1.00130239716258830e-16  6.41363528122356417e-18  1.00130212871663013e-16  6.41474226052507466e-18  2.40992795544102609e-14 -2.26112909484501968e-13  2.40992795544102609e-14 -2.26112909484501968e-13  2.40992795544361103e-14 -2.26112909491119413e-13  2.40992795544102609e-14 -2.26112909497736857e-13  2.72248009609696157e-15  2.49976837438731859e-17  7.86146043796532040e-14  1.72832133562806246e-15  2.14283008033358194e-04  2.33940314333951798e-05  6.30025761534910180e-09 -5.93057790228870097e-08  6.30593545902357810e-09 -5.93056472871849509e-08  6.30724608865002538e-09 -5.93056167255879360e-08 -3.44416528415026042e-07 -2.25710405228275942e-05 -3.44416528415026042e-07 -2.25710405228275942e-05 -3.44416528415026042e-07 -2.25710405228274858e-05 -3.44416528415026042e-07 -2.25710405228274892e-05 
 3.07519255535645684e+01  2.87965420301858276e-23  3.93790594443587168e-24 -1.75982495164547408e-24  7.24088030626568177e-23 -2.58874681673820772e-14  3.72402515958765001e-13  1.06066257964963344e-16  7.06663505693697152e-18  1.06066132407993646e-16  7.07156834595436644e-18  1.06066103211102962e-16  7.07271012338715384e-18  2.57043929555755109e-14 -2.32720579902647560e-13  2.57043929555755109e-14 -2.32720579902647560e-13  2.57043929555755109e-14 -2.32720579902647560e-13  2.57043929555755109e-14 -2.32720579909265005e-13  2.88387899425450240e-15  3.16005263855994170e-17  8.32744033386421375e-14  1.94836765724336400e-15  2.14283968815104267e-04  2.42242166801186350e-05  6.71905838725475156e-09 -6.10391112258679930e-08  6.72473342165971943e-09 -6.10389718999955572e-08  6.72604689232172677e-09 -6.10389395046816574e-08 -3.47150303664097252e-07 -2.32302885869736500e-05 -3.47150303664097252e-07 -2.32302885869736500e-05 -3.47150303664097252e-07 -2.32302885869736500e-05 -3.47150303664097252e-07 -2.32302885869735958e-05 
 3.16501260013428762e+01  3.04954265740270206e-23  4.33793528223958730e-24 -2.02955594549223237e-24  7.89405946705946968e-23 -2.76810096112162229e-14  3.83280769147361934e-13  1.12354132693123392e-16  7.78609548614656443e-18  1.12353996705923158e-16  7.79117019396813751e-18  1.12353965014565939e-16  7.79234801999664346e-18  2.74046389698808801e-14 -2.39521551484692930e-13  2.74046389698808801e-14 -2.39521551484692930e-13  2.74046389695577627e-14 -2.39521551484692930e-13  2.74046389695836121e-14 -2.39521551484692930e-13  3.05484543596302755e-15  3.89259860086024864e-17  8.82104302836253415e-14  2.19013716701740906e-15  2.14285007815479044e-04  2.50744810499271915e-05  7.16268075538995453e-09 -6.28231740119245848e-08  7.16835280988971518e-09 -6.28230269925009111e-08  7.16966929489065208e-09 -6.28229927245098997e-08 -3.50046105484901316e-07 -2.39087914322921069e-05 -3.50046105484901316e-07 -2.39087914322921069e-05 -3.50046105512655832e-07 -2.39087914322909143e-05 -3.50046105512655832e-07 -2.39087914322917816e-05 
 3.25745610354069726e+01  3.22940101108387496e-23  4.77536129598274307e-24 -2.33546296954636292e-24  8.60616525672985415e-23 -2.95809383932255088e-14  3.94476888548893665e-13  1.19014859825561799e-16  8.57285147843374447e-18  1.19014712826519660e-16  8.57807150024007552e-18  1.19014678485599542e-16  8.57928666410283286e-18  2.92056559050072714e-14 -2.46521497703640901e-13  2.92056559050072714e-14 -2.46521497703640901e-13  2.92056559050072714e-14 -2.46521497703640901e-13  2.92056559049297232e-14 -2.46521497703640901e-13  3.23594667443311337e-15  4.70429574744880472e-17  9.34390626333538995e-14  2.45564416949736331e-15  2.14286128480343255e-04  2.59455293001722374e-05  7.63259582630913099e-09 -6.46594584169804404e-08  7.63826473114710081e-09 -6.46593035948006944e-08  7.63958440294458840e-09 -6.46592674126410595e-08 -3.53113537226041577e-07 -2.46071114062656756e-05 -3.53113537226041577e-07 -2.46071114062656756e-05 -3.53113537226041577e-07 -2.46071114062656756e-05 -3.53113537226040519e-07 -2.46071114062656214e-05 
 3.35259969140228051e+01  3.41980805808753552e-23  5.25359611337735105e-24 -2.68215422257844831e-24  9.38251420960684451e-23 -3.15934615708474142e-14  4.06000169807325830e-13  1.26070559496639683e-16  9.43304351375615814e-18  1.26070400833058437e-16  9.43841282873835794e-18  1.26070363655167312e-16  9.43966669075973342e-18  3.11134162441100628e-14 -2.53726260128829657e-13  3.11134162441100628e-14 -2.53726260128829657e-13  3.11134162441100628e-14 -2.53726260128829657e-13  3.11134162437481713e-14 -2.53726260135447102e-13  3.42778360711157554e-15  5.60266580545380989e-17  9.89776491709335351e-14  2.74708627238228708e-15  2.14287334526584754e-04  2.68380834104317830e-05  8.13036190434366294e-09 -6.65494998656108343e-08  8.13602747066117723e-09 -6.65493371268885935e-08  8.13735052200105999e-09 -6.65492989863242645e-08 -3.56362770368999460e-07 -2.53258272773324795e-05 -3.56362770368999460e-07 -2.53258272773324795e-05 -3.56362770368999460e-07 -2.53258272773324795e-05 -3.56362770396750854e-07 -2.53258272773333502e-05 
 3.45052222762830567e+01  3.62137542476836334e-23  5.77636084957271960e-24 -3.07481181199357105e-24  1.02289025948984561e-22 -3.37252740924970373e-14  4.17860180781837485e-13  1.33544665506928471e-16  1.03733680069133343e-17  1.33544494513186220e-16  1.03788907041224388e-17  1.33544454317378329e-16  1.03801846714788260e-17  3.31342464253877644e-14 -2.61141853726506107e-13  3.31342464253877644e-14 -2.61141853726506107e-13  3.31342464253877644e-14 -2.61141853726506107e-13  3.31342464253877644e-14 -2.61141853726506107e-13  3.63099277273277644e-15  6.59592017391308493e-17  1.04844567700322038e-13  3.06686096445120971e-15  2.14288629952942138e-04  2.77528831912274491e-05  8.65762964271476961e-09 -6.84948795457600337e-08  8.66329167206359102e-09 -6.84947087714563185e-08  8.66461830245084277e-09 -6.84946686252511928e-08 -3.59804580591696424e-07 -2.60655347141384002e-05 -3.59804580591696424e-07 -2.60655347141384002e-05 -3.59804580591696424e-07 -2.60655347141384002e-05 -3.59804580591696424e-07 -2.60655347141384036e-05 
 3.55130487958050196e+01  3.83474932256060736e-23  6.34771353102112395e-24 -3.51926238769720998e-24  1.11516497146195699e-22 -3.59834503773498460e-14  4.30066770242143712e-13  1.41462003465928397e-16  1.14011275523065484e-17  1.41461819398855058e-16  1.14068078015729501e-17  1.41461776010646990e-16  1.14081433686824479e-17  3.52748478451412736e-14 -2.68774472028050356e-13  3.52748478451412736e-14 -2.68774472028050356e-13  3.52748478451412736e-14 -2.68774472028050356e-13  3.52748478451671230e-14 -2.68774472041285246e-13  3.84624846689058011e-15  7.69302254102741654e-17  1.11059286129758264e-13  3.41758369983334321e-15  2.14290019055857596e-04  2.86906868937323076e-05  9.21614751939812848e-09 -7.04972258269043688e-08  9.22180580576295650e-09 -7.04970468920446030e-08  9.22313622683674307e-09 -7.04970046900095035e-08 -3.63450381024815625e-07 -2.68268467787614763e-05 -3.63450381024815625e-07 -2.68268467787614763e-05 -3.63450381024815625e-07 -2.68268467787614763e-05 -3.63450381024816683e-07 -2.68268467787614221e-05 
 3.65503118535216629e+01  4.06061240888863529e-23  6.97207951737091132e-24 -4.02205661366846545e-24  1.21576451106000603e-22 -3.83754443153416780e-14  4.42630075610906149e-13  1.49848873704000204e-16  1.25242856422594600e-17  1.49848675852737439e-16  1.25301276958084952e-17  1.49848629039484647e-16  1.25315064184815136e-17  3.75423190599219020e-14 -2.76630492728334085e-13  3.75423190599219020e-14 -2.76630492728334085e-13  3.75423190599219020e-14 -2.76630492728334085e-13  3.75423190601545465e-14 -2.76630492734951530e-13  4.07426498355768848e-15  8.90375689619519563e-17  1.17642427187644680e-13  3.80210760248257545e-15  2.14291506440575754e-04  2.96522718213692361e-05  9.80776764190304208e-09 -7.25582157270605300e-08  9.81342196151710658e-09 -7.25580285027142950e-08  9.81475639911491904e-09 -7.25579841908311515e-08 -3.67312261834660464e-07 -2.76103944342976710e-05 -3.67312261834660464e-07 -2.76103944342976710e-05 -3.67312261834660464e-07 -2.76103944342976710e-05 -3.67312261806907641e-07 -2.76103944342974541e-05 
 3.76178712301235194e+01  4.29968571001539013e-23  7.65428468148387926e-24 -4.59055824144961525e-24  1.32544000340766303e-22 -4.09091705823316776e-14  4.55560531817874266e-13  1.58733139082757055e-16  1.37515263451912517e-17  1.58732926639511297e-16  1.37575345651081821e-17  1.58732876168569234e-16  1.37589580750877262e-17  3.99441793325764780e-14 -2.84716483284078941e-13  3.99441793325764780e-14 -2.84716483284078941e-13  3.99441793325764780e-14 -2.84716483284078941e-13  3.99441793325247792e-14 -2.84716483290696385e-13  4.31579898985702115e-15  1.02388018471016306e-16  1.24615836986572996e-13  4.22354495999104711e-15  2.14293097041683692e-04  3.06384350026921726e-05  1.04344518797470264e-08 -7.46795764345149068e-08  1.04401019980486964e-08 -7.46793807851928108e-08  1.04414406914998148e-08 -7.46793343065156377e-08 -3.71403029678991755e-07 -2.84168270672455722e-05 -3.71403029678991755e-07 -2.84168270672455722e-05 -3.71403029678991755e-07 -2.84168270672455722e-05 -3.71403029678990061e-07 -2.84168270672468191e-05 
 3.87166118187253687e+01  4.55273064403920371e-23  8.39959162279231654e-24 -5.23304411059180304e-24  1.44501035626017524e-22 -4.35930859552652317e-14  4.68868880154026644e-13  1.68144317988259953e-16  1.50923193588481629e-17  1.68144090100001195e-16  1.50984981879976066e-17  1.68144035745187662e-16  1.50999682139619098e-17  4.24883935645954582e-14 -2.93039206790147605e-13  4.24883935645954582e-14 -2.93039206790147605e-13  4.24883935645954582e-14 -2.93039206790147605e-13  4.24883935645437594e-14 -2.93039206796765050e-13  4.57165204204025194e-15  1.17098119735394519e-16  1.32002657666063902e-13  4.68529065316641188e-15  2.14294796131564121e-04  3.16499938286712561e-05  1.10982783728569307e-08 -7.68630868769122718e-08  1.11039240410714897e-08 -7.68628826627012405e-08  1.11052672409112463e-08 -7.68628339569472987e-08 -3.75736249996869370e-07 -2.92468130250955447e-05 -3.75736249996869370e-07 -2.92468130250955447e-05 -3.75736249996869370e-07 -2.92468130250955447e-05 -3.75736249996868682e-07 -2.92468130250954905e-05 
 3.98474443583484756e+01  4.82055113017227184e-23  9.21373910244795132e-24 -5.95881656133403231e-24  1.57536837844594776e-22 -4.64360808919567214e-14  4.82566177099242471e-13  1.78113683017542232e-16  1.65569909733527581e-17  1.78113438818315770e-16  1.65633449644592585e-17  1.78113380314674477e-16  1.65648633061723879e-17  4.51833987034403928e-14 -3.01605628027888436e-13  4.51833987034403928e-14 -3.01605628027888436e-13  4.51833987034403928e-14 -3.01605628034505880e-13  4.51833987033628446e-14 -3.01605628041123325e-13  4.84267325109720658e-15  1.33295060695244236e-16  1.39827404356599974e-13  5.19104770334115433e-15  2.14296609346326919e-04  3.26877867364137824e-05  1.18014484203539452e-08 -7.91105793520808723e-08  1.18070893740738483e-08 -7.91103664281223369e-08  1.18084373499728902e-08 -7.91103154303135320e-08 -3.80326292247571227e-07 -3.01010401695675542e-05 -3.80326292247571227e-07 -3.01010401695675542e-05 -3.80326292247571227e-07 -3.01010401695675542e-05 -3.80326292247570380e-07 -3.01010401695674458e-05 
 4.10113061888263104e+01  5.10399578430079085e-23  1.01029850440413021e-23 -6.77832939042152936e-24  1.71748745083816628e-22 -4.94476421614153949e-14  4.96663804076415326e-13  1.88674365591107646e-16  1.81568013980509173e-17  1.88674104072787109e-16  1.81633351813872000e-17  1.88674041181211161e-16  1.81649037387796250e-17  4.80381317174820490e-14 -3.10422919811265125e-13  4.80381317174820490e-14 -3.10422919811265125e-13  4.80381317174820490e-14 -3.10422919811265125e-13  4.80381317174303502e-14 -3.10422919824500015e-13  5.12976210724940332e-15  1.51117633811584680e-16  1.48116046724049781e-13  5.74485511844694047e-15  2.14298542697148858e-04  3.37526739114769070e-05  1.25462937812212825e-08 -8.14239412121852865e-08  1.25519297448700844e-08 -8.14237194277796978e-08  1.25532827783892505e-08 -8.14236660697859935e-08 -3.85188377633733546e-07 -3.09802164459883889e-05 -3.85188377633733546e-07 -3.09802164459883889e-05 -3.85188377633733546e-07 -3.09802164459883889e-05 -3.85188377633734129e-07 -3.09802164459878400e-05 
 4.22091620277595325e+01  5.40396021561789770e-23  1.10741534354847237e-23 -7.70332940233442381e-24  1.87242879982086212e-22 -5.26376088983565582e-14  5.11173476424708461e-13  1.99861466530176168e-16  1.99040290563861330e-17  1.99861186749258669e-16  1.99107473720848490e-17  1.99861119140168290e-16  1.99123681387910929e-17  5.10620592286084831e-14 -3.19498469339603805e-13  5.10620592286084831e-14 -3.19498469339603805e-13  5.10620592286084831e-14 -3.19498469339603805e-13  5.10620592286084831e-14 -3.19498469339603805e-13  5.43387147222069770e-15  1.70717287333016795e-16  1.56896095367465112e-13  6.35111826131622316e-15  2.14300602597365105e-04  3.48455379899926388e-05  1.33352844050387670e-08 -8.38051166108549348e-08  1.33409150781618391e-08 -8.38048858111530234e-08  1.33422734699338235e-08 -8.38048300201266084e-08 -3.90338629446527860e-07 -3.18850704691977418e-05 -3.90338629446527860e-07 -3.18850704691977418e-05 -3.90338629446527860e-07 -3.18850704691977418e-05 -3.90338629446527860e-07 -3.18850704691977485e-05 
 4.34420047701642034e+01  5.72138939135749293e-23  1.21346854724672668e-23 -8.74701519527831562e-24  2.04134942765790336e-22 -5.60167147042878177e-14  5.26107253934527088e-13  2.11712173748975512e-16  2.18120625354256496e-17  2.11711874671485286e-16  2.18189701947052835e-17  2.11711802008838352e-16  2.18206452709886204e-17  5.42652089016354852e-14 -3.28839884954004289e-13  5.42652089016354852e-14 -3.28839884954004289e-13  5.42652089012477443e-14 -3.28839884954004289e-13  5.42652089011701961e-14 -3.28839884960621734e-13  5.75601074984361157e-15  1.92259272093669729e-16  1.66196693360521522e-13  7.01464195380329522e-15  2.14302795876562661e-04  3.59672847960354516e-05  1.41710366149788099e-08 -8.62561083136625832e-08  1.41766616887364717e-08 -8.62558683380112497e-08  1.41780257563552224e-08 -8.62558100366564366e-08 -3.95794126443379566e-07 -3.28163521265508644e-05 -3.95794126443379566e-07 -3.28163521265508644e-05 -3.95794126471133077e-07 -3.28163521265491297e-05 -3.95794126471131594e-07 -3.28163521265498886e-05 
 4.47108563114760926e+01  6.05728012540387752e-23  1.32926953212525083e-23 -9.92421544374885497e-24  2.22551075918466589e-22 -5.95960184413685257e-14  5.41477551038383522e-13  2.24265886622638707e-16  2.38955007716498096e-17  2.24265567162901200e-16  2.39026026891264228e-17  2.24265489136504981e-16  2.39043342786477032e-17  5.76582026914871329e-14 -3.38455003178301448e-13  5.76582026914871329e-14 -3.38455003178301448e-13  5.76582026915129823e-14 -3.38455003178301448e-13  5.76582026911769402e-14 -3.38455003171684003e-13  6.09724924537917030e-15  2.15923891382914119e-16  1.76048713244650799e-13  7.74066657423467500e-15  2.14305129808049376e-04  3.71188440852037910e-05  1.50563217947370130e-08 -8.87789795742674605e-08  1.50619409348138735e-08 -8.87787302583854322e-08  1.50633110119145678e-08 -8.87786693642960534e-08 -4.01572959582135836e-07 -3.37748331984365135e-05 -4.01572959582135836e-07 -3.37748331984365135e-05 -4.01572959582139224e-07 -3.37748331984351582e-05 -4.01572959609889665e-07 -3.37748331984361340e-05 
 4.60167683945932566e+01  6.41268363900820703e-23  1.45570308634719625e-23 -1.12515889980307323e-23  2.42628806961066749e-22 -6.33874734385503347e-14  5.57297147001762326e-13  2.37564348058221115e-16  2.61702623066475705e-17  2.37564007014239499e-16  2.61775634841789294e-17  2.37563923249277780e-16  2.61793539392330203e-17  6.12522920615218942e-14 -3.48351895760026581e-13  6.12522920615218942e-14 -3.48351895760026581e-13  6.12522920615218942e-14 -3.48351895760026581e-13  6.12522920620647314e-14 -3.48351895760026581e-13  6.45871972504706207e-15  2.41907858865234643e-16  1.86484859799817811e-13  8.53490739992128840e-15  2.14307612131947866e-04  3.83011703298459356e-05  1.59940755590962745e-08 -9.13758560818344248e-08  1.59996884154364716e-08 -9.13755972559503985e-08  1.60010648642347564e-08 -9.13755336813347578e-08 -4.07694291989961467e-07 -3.47613079968628718e-05 -4.07694291989961467e-07 -3.47613079968628718e-05 -4.07694291989961467e-07 -3.47613079968628718e-05 -4.07694291934455821e-07 -3.47613079968627634e-05 
 4.73608234816589615e+01  6.78870820963549987e-23  1.59373400162930881e-23 -1.27478494383847300e-23  2.64518076395108999e-22 -6.74036835460883887e-14  5.73579197331595324e-13  2.51651784262374556e-16  2.86537044269741064e-17  2.51651420445076701e-16  2.86612099407349858e-17  2.51651330553808571e-16  2.86630617267078535e-17  6.50593952899469405e-14 -3.58538877267234166e-13  6.50593952899469405e-14 -3.58538877267234166e-13  6.50593952899469405e-14 -3.58538877267234166e-13  6.50593952899469405e-14 -3.58538877267234166e-13  6.84162218755532137e-15  2.70425787515538644e-16  1.97539778938879895e-13  9.40359751699671547e-15  2.14310251079766082e-04  3.95152434938477148e-05  1.69874075052675236e-08 -9.40489279791548376e-08  1.69930137050138508e-08 -9.40486594691085558e-08  1.69943968996626615e-08 -9.40485931208082229e-08 -4.14178422332406712e-07 -3.57765940226092025e-05 -4.14178422332406712e-07 -3.57765940226092025e-05 -4.14178422332406712e-07 -3.57765940226092025e-05 -4.14178422332406765e-07 -3.57765940226092025e-05 
 4.87441356513076229e+01  7.18652191533777084e-23  1.74441429736663162e-23 -1.44340171099439648e-23  2.88382358526112828e-22 -7.16579031355413232e-14  5.90337244178884980e-13  2.66575053233191966e-16  3.13647530056575851e-17  2.66574665375957558e-16  3.13724680255268135e-17  2.66574568906018619e-16  3.13743837338202208e-17  6.90921369799708586e-14 -3.69024512672093711e-13  6.90921369799708586e-14 -3.69024512672093711e-13  6.90921369792987744e-14 -3.69024512685328601e-13  6.90921369796865153e-14 -3.69024512685328601e-13  7.24722786045239715e-15  3.01711806027666354e-16  2.09250173092845652e-13  1.03535345898718535e-14  2.14313055401644772e-04  4.07620698523531027e-05  1.80396115068657695e-08 -9.68004519593810827e-08  1.80452106554433966e-08 -9.68001735870007928e-08  1.80466009943738463e-08 -9.68001043663773383e-08 -4.21046852596932273e-07 -3.68215326415004303e-05 -4.21046852596932273e-07 -3.68215326415004303e-05 -4.21046852652439612e-07 -3.68215326414996714e-05 -4.21046852624684884e-07 -3.68215326415008640e-05 
 5.01678515221174166e+01  7.60735546417623107e-23  1.90889110184598623e-23 -1.63337020402819744e-23  3.14399883558400785e-22 -7.61642539402057617e-14  6.07585229017728831e-13  2.82383801937448469e-16  3.43240440470191423e-17  2.82383388618560831e-16  3.43319738171925562e-17  2.82383285156360776e-16  3.43339562201540249e-17  7.33638899231042586e-14 -3.79817625483729541e-13  7.33638899231042586e-14 -3.79817625483729541e-13  7.33638899231042586e-14 -3.79817625483729541e-13  7.33638899230784092e-14 -3.79817625483729541e-13  7.67688343465585982e-15  3.36021325984338609e-16  2.21654923475394565e-13  1.13921318583376796e-14  2.14316034397973496e-04  4.20426828297368536e-05  1.91541766402217275e-08 -9.96327534430120422e-08  1.91597683201555309e-08 -9.96324650255125077e-08  1.91611662302623452e-08 -9.96323928268252104e-08 -4.28322358841698430e-07 -3.78969897803166375e-05 -4.28322358841698430e-07 -3.78969897803166375e-05 -4.28322358841698430e-07 -3.78969897803166375e-05 -4.28322358841698430e-07 -3.78969897803168543e-05 
 5.16331512030350694e+01  8.05250509390141225e-23  2.08841524146982003e-23 -1.84734214374381411e-23  3.42764970113478790e-22 -8.09376979500620042e-14  6.25337503683217577e-13  2.99130632974570118e-16  3.75540781012599649e-17  2.99130192772312572e-16  3.75622279240945377e-17  2.99130081800863519e-16  3.75642799362432573e-17  7.78888194323182945e-14 -3.90927305940617579e-13  7.78888194323182945e-14 -3.90927305940617579e-13  7.78888194319305535e-14 -3.90927305947235024e-13  7.78888194321114993e-14 -3.90927305940617579e-13  8.13201555178100571e-15  3.73632964308760314e-16  2.34795219640623695e-13  1.25274737320125815e-14  2.14319197946159713e-04  4.33581438351097846e-05  2.03347987508373658e-08 -1.02548228838533295e-07  2.03403825179762824e-08 -1.02547930189419553e-07  2.03417884458689846e-08 -1.02547854900575726e-07 -4.36029066889541158e-07 -3.90038566429464647e-05 -4.36029066889541158e-07 -3.90038566429464647e-05 -4.36029066917294192e-07 -3.90038566429459226e-05 -4.36029066917295886e-07 -3.90038566429461462e-05 
 5.31412492715605893e+01  8.52333555360086938e-23  2.28435060844093714e-23 -2.08829559777129403e-23  3.73689478193186261e-22 -8.59940916218826512e-14  6.43608842865171058e-13  3.16871281451113309e-16  4.10793884470819292e-17  3.16870812879145692e-16  4.10877637121763397e-17  3.16870693894384455e-16  4.10898884160525616e-17  8.26819303040348693e-14 -4.02362919646350948e-13  8.26819303040348693e-14 -4.02362919646350948e-13  8.26819303039314718e-14 -4.02362919652968393e-13  8.26819303039831705e-14 -4.02362919652968393e-13  8.61413555888684390e-15  4.14850641506922096e-16  2.48714696770608477e-13  1.37683764022580147e-14  2.14322556537963879e-04  4.47095431735246946e-05  2.15853927010128749e-08 -1.05549347892522828e-07  2.15909680872310141e-08 -1.05549038821295183e-07  2.15923825109218217e-08 -1.05548960322406682e-07 -4.44192532590519272e-07 -4.01430504473489536e-05 -4.44192532590519272e-07 -4.01430504473489536e-05 -4.44192532590516731e-07 -4.01430504473488452e-05 -4.44192532590518001e-07 -4.01430504473488452e-05 
 5.46933957805027475e+01  9.02128315252331987e-23  2.49818437751270460e-23 -2.35957497704728386e-23  4.07404393443120211e-22 -9.13501587741782917e-14  6.62414457131269813e-13  3.35664802479345194e-16  4.49267245739183972e-17  3.35664303960854463e-16  4.49353307451883321e-17  3.35664176342395583e-16  4.49375314204339383e-17  8.77591165702745957e-14 -4.14134116582599920e-13  8.77591165702745957e-14 -4.14134116582599920e-13  8.77591165702745957e-14 -4.14134116582599920e-13  8.77591165702745957e-14 -4.14134116595834810e-13  9.12484454728947092e-15  4.60005871825217067e-16  2.63459581157989012e-13  1.51244539309447721e-14  2.14326121310313121e-04  4.60980009166660670e-05  2.29101053553837788e-08 -1.08638656133143329e-07  2.29156718650547702e-08 -1.08638336445676269e-07  2.29170952887969718e-08 -1.08638254609676532e-07 -4.52839825835251378e-07 -4.13155151838973467e-05 -4.52839825835251378e-07 -4.13155151838973467e-05 -4.52839825835251378e-07 -4.13155151838973467e-05 -4.52839825835251378e-07 -4.13155151838979972e-05 
 5.62908772941398539e+01  9.54785886313696999e-23  2.73153813867302152e-23 -2.66493591522126308e-23  4.44161554647854483e-22 -9.70237074276320000e-14  6.81770005870777307e-13  3.55573769946159937e-16  4.91252522368578322e-17  3.55573239775086078e-16  4.91340948202242439e-17  3.55573102941318186e-16  4.91363749435827463e-17  9.31372141830049300e-14 -4.26250840307360329e-13  9.31372141830049300e-14 -4.26250840307360329e-13  9.31372141830049300e-14 -4.26250840307360329e-13  9.31372141830049300e-14 -4.26250840307360329e-13  9.66583869207364034e-15  5.09460253868392297e-16  2.79078844376278058e-13  1.66061902860494675e-14  2.14329904084642546e-04  4.75246678575292565e-05  2.43133293226335887e-08 -1.11818777412542277e-07  2.43188864299809407e-08 -1.11818446911741175e-07  2.43203193853747102e-08 -1.11818361602754113e-07 -4.61999621177414157e-07 -4.25222223957747803e-05 -4.61999621177414157e-07 -4.25222223957747803e-05 -4.61999621177414157e-07 -4.25222223957747803e-05 -4.61999621177414581e-07 -4.25222223957748887e-05 
 5.79350179546445929e+01  1.01046514593168034e-22  2.98618004063336018e-23 -3.00859563002877135e-23  4.84235537374395911e-22 -1.03033440069719151e-13  7.01691610767657750e-13  3.76664487224415063e-16  5.37067714155040322e-17  3.76663923655923973e-16  5.37158559588931385e-17  3.76663776883064033e-16  5.37182192139032025e-17  9.88340568343041611e-14 -4.38723337550248678e-13  9.88340568343041611e-14 -4.38723337550248678e-13  9.88340568343041611e-14 -4.38723337550248678e-13  9.88340568342524623e-14 -4.38723337563483568e-13  1.02389149107357410e-14  5.63608189552541955e-16  2.95624366660595243e-13  1.82250178930590962e-14  2.14333917403102198e-04  4.89907264469262581e-05  2.57997175144829502e-08 -1.15092416552972711e-07  2.58052646595962390e-08 -1.15092075039316864e-07  2.58067077129952210e-08 -1.15091986112959703e-07 -4.71702292506804613e-07 -4.37641719819850257e-05 -4.71702292506804613e-07 -4.37641719819850257e-05 -4.71702292506804613e-07 -4.37641719819850257e-05 -4.71702292506803342e-07 -4.37641719819851274e-05 
 5.96271805796570078e+01  1.06933307118475450e-22  3.26403803606529122e-23 -3.39528945873381444e-23  5.27925707959136636e-22 -1.09399387335576415e-13  7.22195869326633472e-13  3.99007210796040189e-16  5.87059540443917080e-17  3.99006612046523671e-16  5.87152861345038178e-17  3.99006454675412133e-16  5.87177364373486560e-17  1.04868535078604553e-13 -4.51562168323957946e-13  1.04868535078604553e-13 -4.51562168323957946e-13  1.04868535078604553e-13 -4.51562168323957946e-13  1.04868535078552854e-13 -4.51562168323957946e-13  1.08459768597399798e-14  6.22879853401461534e-16  3.13151110053432412e-13  1.99934032674259938e-14  2.14338174575820522e-04  5.04973917781464181e-05  2.73741985696036217e-08 -1.18462362103085030e-07  2.73797351619173153e-08 -1.18462009374309324e-07  2.73811889117850220e-08 -1.18461916675970903e-07 -4.81980013416777400e-07 -4.50423930236883014e-05 -4.81980013416777400e-07 -4.50423930236883014e-05 -4.81980013416777400e-07 -4.50423930236883014e-05 -4.81980013416776553e-07 -4.50423930236880778e-05 
 6.13687677919152677e+01  1.13156505592747212e-22  3.56721431278614988e-23 -3.83033428932491737e-23  5.75558463202216130e-22 -1.16142664062512946e-13  7.43299870013898855e-13  4.22676387704571608e-16  6.41606031499315852e-17  4.22675751783626313e-16  6.41701884187034474e-17  4.22675583038781352e-16  6.41727299602160850e-17  1.11260658953625138e-13 -4.64778216260706521e-13  1.11260658953625138e-13 -4.64778216260706521e-13  1.11260658953573439e-13 -4.64778216260706521e-13  1.11260658953625138e-13 -4.64778216260706521e-13  1.14890412900848286e-14  6.87744418008112707e-16  3.31717301904903227e-13  2.19249403703508333e-14  2.14342689718118680e-04  5.20459125925502216e-05  2.90419931896925164e-08 -1.21931489209253437e-07  2.90475186045466265e-08 -1.21931125060507069e-07  2.90489836853888379e-08 -1.21931028425566218e-07 -4.92866864387124284e-07 -4.63579446344863184e-05 -4.92866864387124284e-07 -4.63579446344863184e-05 -4.92866864387125131e-07 -4.63579446344863184e-05 -4.92866864387124284e-07 -4.63579446344863252e-05 
 6.31612231818806649e+01  1.19734523126520874e-22  3.89800104251189587e-23 -4.31969975397922544e-23  6.27489672647757765e-22 -1.23285550605173322e-13  7.65021206868438672e-13  4.47750906759564567e-16  7.01119354230624708e-17  4.47750231625088358e-16  7.01217795315114025e-17  4.47750050653479968e-16  7.01244167287070636e-17  1.18031624314569975e-13 -4.78382699531022289e-13  1.18031624314569975e-13 -4.78382699531022289e-13  1.18031624314569975e-13 -4.78382699531022289e-13  1.18031624314621673e-13 -4.78382699544257178e-13  1.21702447825418552e-14  7.58713583377368537e-16  3.51384629351290370e-13  2.40344523898957641e-14  2.14347477802844856e-04  5.36375723165626869e-05  3.08086314478815150e-08 -1.25502762607965275e-07  3.08141450226468589e-08 -1.25502386834016544e-07  3.08156221076659490e-08 -1.25502286086237867e-07 -5.04398945577374160e-07 -4.77119168353684872e-05 -5.04398945577374160e-07 -4.77119168353684872e-05 -5.04398945577374160e-07 -4.77119168353684872e-05 -5.04398945577374584e-07 -4.77119168353685888e-05 
 6.50060325043204728e+01  1.26686677900311312e-22  4.25889754174032704e-23 -4.87008810615953852e-23  6.84107341774432977e-22 -1.30851790991134975e-13  7.87377994457453566e-13  4.74314365496211272e-16  7.66048891630836699e-17  4.74313649028553830e-16  7.66149977528399426e-17  4.74313454899603821e-16  7.66177353458512780e-17  1.25203883101983812e-13 -4.92387181921345393e-13  1.25203883101983812e-13 -4.92387181921345393e-13  1.25203883101673619e-13 -4.92387181921345393e-13  1.25203883101673619e-13 -4.92387181921345393e-13  1.28918508866897965e-14  8.36345415620895270e-16  3.72218445436351985e-13  2.63381027082249435e-14  2.14352554706393053e-04  5.52736901205547215e-05  3.26799711131642696e-08 -1.29179239751524121e-07  3.26854721472492492e-08 -1.29178852144905037e-07  3.26869619474508051e-08 -1.29178747096500323e-07 -5.16614496102286980e-07 -4.91054314549983748e-05 -5.16614496102286980e-07 -4.91054314549983748e-05 -5.16614496130036732e-07 -4.91054314549987001e-05 -5.16614496130037155e-07 -4.91054314549987001e-05 
 6.69047249098405530e+01  1.34033224238334820e-22  4.65262898924791127e-23 -5.48902390670366374e-23  7.45834516111387384e-22 -1.38866457395636633e-13  8.10388884287623399e-13  5.02455353458851292e-16  8.36884601194460310e-17  5.02454593434964720e-16  8.36988388159840449e-17  5.02454385088847934e-16  8.37016818454429125e-17  1.32801217756005670e-13 -5.06803584758663948e-13  1.32801217756005670e-13 -5.06803584758663948e-13  1.32801217756160767e-13 -5.06803584745429058e-13  1.32801217756005670e-13 -5.06803584771898838e-13  1.36562576869852738e-14  9.21248534089408587e-16  3.94287987578721178e-13  2.88535158708379070e-14  2.14357937265799621e-04  5.69556220092146554e-05  3.46622170688711200e-08 -1.32964074065311748e-07  3.46677048158178456e-08 -1.32963674419050050e-07  3.46692080846535955e-08 -1.32963564868950962e-07 -5.29554021799252615e-07 -5.05396430560886014e-05 -5.29554021799252615e-07 -5.05396430560886014e-05 -5.29554021799254309e-07 -5.05396430560889267e-05 -5.29554021799252615e-07 -5.05396430560884930e-05 
 6.88588742123884572e+01  1.41795382474289938e-22  5.08216684318127574e-23 -6.18495460112464074e-23  8.13132448176581952e-22 -1.47356194087067127e-13  8.34073080316398099e-13  5.32267752312437551e-16  9.14160675224041748e-17  5.32266946431725772e-16  9.14267219544295044e-17  5.32266722834466441e-16  9.14296758034722342e-17  1.40848820065189381e-13 -5.21644198993968427e-13  1.40848820065189381e-13 -5.21644198993968427e-13  1.40848820065189381e-13 -5.21644198993968427e-13  1.40848820065137682e-13 -5.21644199007203317e-13  1.44660058223962093e-14  1.01408668271284087e-15  4.17666609132991144e-13  3.15999094802823772e-14  2.14363643326753706e-04  5.86847619569340874e-05  3.67619418690379166e-08 -1.36860518355124779e-07  3.67674155401048191e-08 -1.36860106462766561e-07  3.67689330792074125e-08 -1.36859992195618282e-07 -5.43260428211165075e-07 -5.20157398885744490e-05 -5.43260428211165075e-07 -5.20157398885744490e-05 -5.43260428211166769e-07 -5.20157398885740153e-05 -5.43260428211164228e-07 -5.20157398885745574e-05 
 7.08701001937777306e+01  1.49995367744780499e-22  5.55075108924585008e-23 -6.96736343395596769e-23  8.86504050968087607e-22 -1.56349109006748144e-13  8.58450357189675809e-13  5.63851055030855199e-16  9.98459531976620512e-17  5.63850200734228190e-16  9.98568889841867483e-17  5.63849960722603579e-16  9.98599593752229686e-17  1.49373374654876790e-13 -5.36921698119504105e-13  1.49373374654876790e-13 -5.36921698119504105e-13  1.49373374654876790e-13 -5.36921698119504105e-13  1.49373374654514899e-13 -5.36921698119504105e-13  1.53237869872690860e-14  1.11558370158470126e-15  4.42432024838957135e-13  3.45982379753346867e-14  2.14369691811471804e-04  6.04625430402544109e-05  3.89861075269751823e-08 -1.40871928365234171e-07  3.89915662884489009e-08 -1.40871504020423149e-07  3.89930989429816452e-08 -1.40871384806424687e-07 -5.57779163859098922e-07 -5.35349448703856270e-05 -5.57779163859098922e-07 -5.35349448703856270e-05 -5.57779163859098922e-07 -5.35349448703856270e-05 -5.57779163886850368e-07 -5.35349448703854102e-05 
 7.29400699463146225e+01  1.58656416773608549e-22  6.06191451528095982e-23 -7.84689616199969265e-23  9.66497664130876692e-22 -1.65874936399260098e-13  8.83541076256019541e-13  5.97310703515858499e-16  1.09041616721536279e-16  5.97309798321774424e-16  1.09052839345863076e-16  5.97309540680863008e-16  1.09056032431048593e-16  1.58403147448218909e-13 -5.52649151138963067e-13  1.58403147448218909e-13 -5.52649151138963067e-13  1.58403147448218909e-13 -5.52649151138963067e-13  1.58403147448322306e-13 -5.52649151138963067e-13  1.62324529419461932e-14  1.22652896054723165e-15  4.68666571001324306e-13  3.78713493961959775e-14  2.14376102775099990e-04  6.22904386534137242e-05  4.13420885897857213e-08 -1.45001766498958352e-07  4.13475315560725904e-08 -1.45001329498129109e-07  4.13490802246535732e-08 -1.45001205090253285e-07 -5.73158370222200189e-07 -5.50985165965657637e-05 -5.73158370222200189e-07 -5.50985165965657637e-05 -5.73158370222200189e-07 -5.50985165965657637e-05 -5.73158370194444720e-07 -5.50985165965652216e-05 
 7.50704992546402252e+01  1.67802812363440261e-22  6.61950917515504342e-23 -8.83550320459634413e-23  1.05371116105558504e-21 -1.75965497598365439e-13  9.09366204492549596e-13  6.32758448420637294e-16  1.19072289599011118e-16  6.32757489744156739e-16  1.19083804508899830e-16  6.32757213000543052e-16  1.19087126853980755e-16  1.67968079344638778e-13 -5.68840036781755852e-13  1.67968079344638778e-13 -5.68840036781755852e-13  1.67968079344638778e-13 -5.68840036781755852e-13  1.67968079344587079e-13 -5.68840036755286072e-13  1.71950250645496777e-14  1.34778327400543886e-15  4.96457481295601610e-13  4.14441562760500039e-14  2.14382897477001104e-04  6.41699636972562610e-05  4.38376965641564685e-08 -1.49253605716278844e-07  4.38431228012261500e-08 -1.49253155857659584e-07  4.38446884311163970e-08 -1.49253025992488599e-07 -5.89449041791084028e-07 -5.67077503775554860e-05 -5.89449041791084028e-07 -5.67077503775554860e-05 -5.89449041791084028e-07 -5.67077503775554860e-05 -5.89449041791085722e-07 -5.67077503775552692e-05 
 7.72631540179333598e+01  1.77459905052502978e-22  7.22773524566734383e-23 -9.94659921909270079e-23  1.14879642790593155e-21 -1.86653996295596536e-13  9.35947332927910164e-13  6.70312729549501201e-16  1.30013452565045216e-16  6.70311714443793233e-16  1.30025265085471037e-16  6.70311417098212415e-16  1.30028723727944926e-16  1.78099885464547775e-13 -5.85508257611403982e-13  1.78099885464547775e-13 -5.85508257611403982e-13  1.78099885464651173e-13 -5.85508257611403982e-13  1.78099885464444377e-13 -5.85508257624638872e-13  1.82147044772894778e-14  1.48028534923637681e-15  5.25897179151790439e-13  4.53438219558191624e-14  2.14390098446613504e-04  6.61026758515096568e-05  4.64812058126164703e-08 -1.53631133610401284e-07  4.64866143273523606e-08 -1.53630670697007373e-07  4.64881979266619512e-08 -1.53630535090838263e-07 -6.06705194473662036e-07 -5.83639793074634475e-05 -6.06705194473662036e-07 -5.83639793074634475e-05 -6.06705194473664577e-07 -5.83639793074632306e-05 -6.06705194473660342e-07 -5.83639793074633390e-05 
 7.95198517136530398e+01  1.87654131061170807e-22  7.89117250610396108e-23 -1.11952421229634701e-22  1.25246424839797700e-21 -1.97975967217156601e-13  9.63306696071087551e-13  7.10099080711090668e-16  1.41947399169218577e-16  7.10098006332721932e-16  1.41959514502372077e-16  7.10097686782511545e-16  1.41963116945025579e-16  1.88832160254067868e-13 -6.02668155550065698e-13  1.88832160254067868e-13 -6.02668155550065698e-13  1.88832160254067868e-13 -6.02668155550065698e-13  1.88832160254067868e-13 -6.02668155576535477e-13  1.92948827809045840e-14  1.62505882587135311e-15  5.57083587725884361e-13  4.95999637086306384e-14  2.14397729560887032e-04  6.80901768656681279e-05  4.92813809700491222e-08 -1.58138156684445866e-07  4.92867707066544641e-08 -1.58137680524700846e-07  4.92883733439712729e-08 -1.58137538873701807e-07 -6.24984045454573874e-07 -6.00685753631741051e-05 -6.24984045454573874e-07 -6.00685753631741051e-05 -6.24984045454573874e-07 -6.00685753631741051e-05 -6.24984045454572180e-07 -6.00685753631744303e-05 
 8.18424629040338942e+01  1.98413025776555712e-22  8.61481464382646804e-23 -1.25983339944971349e-22  1.36548963107796531e-21 -2.09969005073376569e-13  9.91467190916711937e-13  7.52250559128512466e-16  1.54963850467862906e-16  7.52249422427254454e-16  1.54976273647913595e-16  7.52249078837107514e-16  1.54980027962220032e-16  2.00200488829745921e-13 -6.20334527376591914e-13  2.00200488829745921e-13 -6.20334527376591914e-13  2.00200488829745921e-13 -6.20334527376591914e-13  2.00200488829228933e-13 -6.20334527403061694e-13  2.04391534363491204e-14  1.78321993502727154e-15  5.90120458533714278e-13  5.42448741717586383e-14  2.14405816122998803e-04  7.01341138734434605e-05  5.22475059727700749e-08 -1.62778604834429968e-07  5.22528758211374308e-08 -1.62778115241617945e-07  5.22544986209809823e-08 -1.62777967220500983e-07 -6.44346202008108550e-07 -6.18229505351380459e-05 -6.44346202008108550e-07 -6.18229505351380459e-05 -6.44346202008108550e-07 -6.18229505351380459e-05 -6.44346202063614619e-07 -6.18229505351373953e-05 
 8.42329127865831850e+01  2.09765231678094427e-22  9.40410669527447576e-23 -1.41748465403360226e-22  1.48871761939690558e-21 -2.22672818768823721e-13  1.02045239923261179e-12  7.96908201526049937e-16  1.69160625046820135e-16  7.96906999322427168e-16  1.69173360901142369e-16  7.96906629676090933e-16  1.69177275746648778e-16  2.12242564907056988e-13 -6.38522641428957152e-13  2.12242564907056988e-13 -6.38522641428957152e-13  2.12242564906850192e-13 -6.38522641455426932e-13  2.12242564907160385e-13 -6.38522641442192042e-13  2.16513238315316534e-14  1.95598586692882409e-15  6.25117719888085374e-13  5.93137627743513484e-14  2.14414384946855761e-04  7.22361807622432992e-05  5.53894148273701297e-08 -1.67556536055020435e-07  5.53947636027854197e-08 -1.67556032851956781e-07  5.53964077673914446e-08 -1.67555878109873067e-07 -6.64855862856653081e-07 -6.36285579907728714e-05 -6.64855862856653081e-07 -6.36285579907728714e-05 -6.64855862856653081e-07 -6.36285579907726545e-05 -6.64855862828900047e-07 -6.36285579907727765e-05 
 8.66931827898646645e+01  2.21740500285048813e-22  1.02649858531855926e-22 -1.59460740498885395e-22  1.62306962848385305e-21 -2.36129583768007745e-13  1.05028660772978595e-12  8.44221508469261033e-16  1.84644369363762165e-16  8.44220237506249846e-16  1.84657422532322193e-16  8.44219839735772784e-16  1.84661507176036374e-16  2.24998315714241083e-13 -6.57248254716972049e-13  2.24998315714241083e-13 -6.57248254716972049e-13  2.24998315714137685e-13 -6.57248254716972049e-13  2.24998315714034288e-13 -6.57248254743441829e-13  2.29354280758013959e-14  2.14468387959436424e-15  6.62191846353989088e-13  6.48450189191860881e-14  2.14423464444467033e-04  7.43981195786412477e-05  5.87175241885311083e-08 -1.72476141381543447e-07  5.87228506461446323e-08 -1.72475624398018374e-07  5.87245174396525237e-08 -1.72475462559224515e-07 -6.86581030721653465e-07 -6.54868932713412980e-05 -6.86581030721653465e-07 -6.54868932713412980e-05 -6.86581030721652618e-07 -6.54868932713412980e-05 -6.86581030721650923e-07 -6.54868932713409727e-05 
 8.92253122158920178e+01  2.34369685574447681e-22  1.12039259833105311e-22 -1.79359172878800328e-22  1.76955035639789985e-21 -2.50383887885272105e-13  1.08099483003232065e-12  8.94348958819620542e-16  2.01531354226185527e-16  8.94347615736799698e-16  2.01544729006445125e-16  8.94347187412338760e-16  2.01548993413308520e-16  2.38510034302840689e-13 -6.76527631398189520e-13  2.38510034302840689e-13 -6.76527631398189520e-13  2.38510034302840689e-13 -6.76527631398189520e-13  2.38510034302944087e-13 -6.76527631437894189e-13  2.42957405676318866e-14  2.35076123551974587e-15  7.01466250510343069e-13  7.08804989144974886e-14  2.14433084720958044e-04  7.66217219591551349e-05  6.22428678699716756e-08 -1.77541750083920830e-07  6.22481706797835759e-08 -1.77541219162836037e-07  6.22498614497712957e-08 -1.77541049822372649e-07 -7.09593737677549589e-07 -6.73994955232790625e-05 -7.09593737677549589e-07 -6.73994955232790625e-05 -7.09593737677550436e-07 -6.73994955232790625e-05 -7.09593737677548636e-07 -6.73994955232792658e-05 
 9.18313999304931627e+01  2.47684728918773882e-22  1.22279861649351281e-22 -2.01712020413166993e-22  1.92925532238129613e-21 -2.65483029440391483e-13  1.11260283002373518e-12  9.47458555958067705e-16  2.19948342717131457e-16  9.47457137291618388e-16  2.19962043128671414e-16  9.47456675776535372e-16  2.19966498032644940e-16  2.52822519692879438e-13 -6.96377561558213386e-13  2.52822519692879438e-13 -6.96377561558213386e-13  2.52822519692776041e-13 -6.96377561558213386e-13  2.52822519692465848e-13 -6.96377561584683166e-13  2.57367903810705093e-14  2.57579603373049412e-15  7.43071698391914396e-13  7.74658387832674161e-14  2.14443277673373965e-04  7.89088306272163925e-05  6.59771333849494507e-08 -1.82757835134104385e-07  6.59824111443451445e-08 -1.82757290129624701e-07  6.59841273106901775e-08 -1.82757112852863322e-07 -7.33970283983956215e-07 -6.93679487649181124e-05 -7.33970283983956215e-07 -6.93679487649181124e-05 -7.33970283983961297e-07 -6.93679487649176787e-05 -7.33970284011710944e-07 -6.93679487649178955e-05 
 9.45136061030467118e+01  2.61718633102858243e-22  1.33448636288396895e-22 -2.26820365523617410e-22  2.10337908889627950e-21 -2.81477044363626083e-13  1.14513714566978348e-12  1.00372840877598896e-15  2.40033536806461725e-16  1.00372691085529720e-15  2.40047566468197221e-16  1.00372641356465269e-15  2.40052223365798923e-16  2.67983225309699247e-13 -7.16815381142442416e-13  2.67983225309699247e-13 -7.16815381142442416e-13  2.67983225309699247e-13 -7.16815381155677306e-13  2.67983225309595850e-13 -7.16815381168912196e-13  2.72633765236786256e-14  2.82150901386466877e-15  7.87146750070799345e-13  8.46507952790631296e-14  2.14454077099001788e-04  8.12613408976123509e-05  6.99327006713351979e-08 -1.88129018954512312e-07  6.99379518929766445e-08 -1.88128459737528898e-07  6.99396949640943081e-08 -1.88128274056367227e-07 -7.59791490871456674e-07 -7.13938831895688140e-05 -7.59791490871456674e-07 -7.13938831895688140e-05 -7.59791490871458368e-07 -7.13938831895683803e-05 -7.59791490871454980e-07 -7.13938831895685971e-05 
 9.72741539970324567e+01  2.76505423620391402e-22  1.45629515139350554e-22 -2.55022126269885766e-22  2.29322423000598020e-21 -2.98418950141210448e-13  1.17862511289419539e-12  1.06334734839006337e-15  2.61937608896781287e-16  1.06334576749281642e-15  2.61951971033424240e-16  1.06334523106618918e-15  2.61956842332363308e-16  2.84042416220138023e-13 -7.37858993118659116e-13  2.84042416220138023e-13 -7.37858993118659116e-13  2.84042416220138023e-13 -7.37858993118659116e-13  2.84042416220034626e-13 -7.37858993131894006e-13  2.88805841179256252e-14  3.08977644060322511e-15  8.33838226929506210e-13  9.24896176696953797e-14  2.14465518804345622e-04  8.36812022682949821e-05  7.41226830831919725e-08 -1.93660079486055348e-07  7.41279061930012119e-08 -1.93659505942553203e-07  7.41296777681819842e-08 -1.93659311352295313e-07 -7.87142967982513070e-07 -7.34789765060052109e-05 -7.87142967982513070e-07 -7.34789765060052109e-05 -7.87142967982511376e-07 -7.34789765060052109e-05 -7.87142967982510529e-07 -7.34789765060056446e-05 
 1.00115331812880257e+02  2.92080095770939354e-22  1.58914018300724899e-22 -2.86696556924532214e-22  2.50021111395376578e-21 -3.16365043970950888e-13  1.21309489146612104e-12  1.12651558388969328e-15  2.85824826769684305e-16  1.12651391619018080e-15  2.85839524121270496e-16  1.12651333752564353e-15  2.85844623140447259e-16  3.01053335659806796e-13 -7.59526889248423451e-13  3.01053335659806796e-13 -7.59526889248423451e-13  3.01053335659806796e-13 -7.59526889248423451e-13  3.01053335659600001e-13 -7.59526889274893231e-13  3.05938015642440993e-14  3.38264412942367491e-15  8.83301707279775399e-13  1.01041453037903569e-13  2.14477640724753933e-04  8.61704200116058952e-05  7.85609708378678869e-08 -1.99355956571531697e-07  7.85661641631424793e-08 -1.99355368608442148e-07  7.85679659361017154e-08 -1.99355164566325395e-07 -8.16115397512976451e-07 -7.56249553173478313e-05 -8.16115397512976451e-07 -7.56249553173478313e-05 -8.16115397512976451e-07 -7.56249553173478313e-05 -8.16115397512973910e-07 -7.56249553173476144e-05 
 1.03039494584644629e+02  3.08478543366639141e-22  1.73401941450255164e-22 -3.22269298161850490e-22  2.72588857430349170e-21 -3.35374740131899607e-13  1.24857549152285007e-12  1.19344539975365820e-15  3.11874279654830061e-16  1.19344364137447107e-15  3.11889314399170945e-16  1.19344301649121707e-15  3.11894655510848549e-16  3.19072381430699517e-13 -7.81838173526062684e-13  3.19072381430699517e-13 -7.81838173526062684e-13  3.19072381430699517e-13 -7.81838173526062684e-13  3.19072381430182529e-13 -7.81838173526062684e-13  3.24087387467235380e-14  3.70234275076792338e-15  9.35702052085761475e-13  1.10370788136646092e-13  2.14490483052096141e-04  8.87310568429109812e-05  8.32622769916156381e-08 -2.05221758706587002e-07  8.32674387659570193e-08 -2.05221156253409274e-07  8.32692725275481438e-08 -2.05220942174405735e-07 -8.46804834322174221e-07 -7.78335965394315793e-05 -8.46804834322174221e-07 -7.78335965394315793e-05 -8.46804834322174221e-07 -7.78335965394315793e-05 -8.46804834349928102e-07 -7.78335965394317961e-05 
 1.06049066132077400e+02  3.25737469936043206e-22  1.89202105386018645e-22 -3.62218046946320376e-22  2.97194555090411616e-21 -3.55508022109249366e-13  1.28509718813949971e-12  1.26436225625882350e-15  3.40278227494095379e-16  1.26436004282690188e-15  3.40296589979578216e-16  1.26435972818807638e-15  3.40299199902431882e-16  3.38159293504722007e-13 -8.04812585723540333e-13  3.38159293504722007e-13 -8.04812585723540333e-13  3.38159293504722007e-13 -8.04812585710305443e-13  3.38159293504825404e-13 -8.04812585723540333e-13  3.43314463479858713e-14  4.05130454214450195e-15  9.91213962740769779e-13  1.20547932124628406e-13  2.14504217622855844e-04  9.13642202006365755e-05  8.82411893597274413e-08 -2.11262889959298507e-07  8.82473147317292872e-08 -2.11262153054818333e-07  8.82481853677656451e-08 -2.11262048289232415e-07 -8.79312942992583842e-07 -8.01067288503820205e-05 -8.79312942992583842e-07 -8.01067288503820205e-05 -8.79312942992583842e-07 -8.01067288503820205e-05 -8.79312942992585536e-07 -8.01067288503820205e-05 
 1.09146541069716292e+02  3.43894275152800950e-22  2.06433171782566411e-22 -4.07078903559539691e-22  3.24022378767216449e-21 -3.76837802499099817e-13  1.32269001001047867e-12  1.33950416108136877e-15  3.71255420985742126e-16  1.33950182688107772e-15  3.71274210735860740e-16  1.33950147931012408e-15  3.71277007472285873e-16  3.58377348821210697e-13 -8.28470529144020079e-13  3.58377348821210697e-13 -8.28470529144020079e-13  3.58377348821831082e-13 -8.28470529144020079e-13  3.58377348821624287e-13 -8.28470529170489858e-13  3.63683363272539455e-14  4.43218136379430807e-15  1.05002257242184976e-12  1.31649537619600335e-13  2.14518631197653737e-04  9.40741504643855469e-05  9.35162093215768580e-08 -2.17484581990955102e-07  9.35222993505390477e-08 -2.17483826842848334e-07  9.35232058210703673e-08 -2.17483714417594746e-07 -9.13747659916322907e-07 -8.24462342281458746e-05 -9.13747659916322907e-07 -8.24462342281458746e-05 -9.13747659860820332e-07 -8.24462342281456577e-05 -9.13747659860813450e-07 -8.24462342281462947e-05 
 1.12334486874654971e+02  3.62986915207278499e-22  2.25224536514268710e-22 -4.57453524029488611e-22  3.53273168809536458e-21 -3.99431762622068365e-13  1.36138606169619114e-12  1.41912460129016784e-15  4.05035024657127996e-16  1.41912214099653217e-15  4.05054244334369985e-16  1.41912175713302916e-15  4.05057243303530190e-16  3.79793575525884097e-13 -8.52833095199056129e-13  3.79793575525884097e-13 -8.52833095199056129e-13  3.79793575525884097e-13 -8.52833095199056129e-13  3.79793575525677302e-13 -8.52833095225525908e-13  3.85262036756000459e-14  4.84786471938001113e-15  1.11232407436190223e-12  1.43759179285919935e-13  2.14533900641848143e-04  9.68620490924019866e-05  9.91038257548764366e-08 -2.23892609854441299e-07  9.91098783413927511e-08 -2.23891836377003239e-07  9.91108227745828272e-08 -2.23891715659973108e-07 -9.50223062959877467e-07 -8.48540494388436416e-05 -9.50223062959877467e-07 -8.48540494388436416e-05 -9.50223062959877467e-07 -8.48540494388436416e-05 -9.50223062959872385e-07 -8.48540494388442921e-05 
 1.15615546014708272e+02  3.83053733891717383e-22  2.45717300669133583e-22 -5.14017114422291270e-22  3.85165942816207642e-21 -4.23364766638165135e-13  1.40121803676257701e-12  1.50349206079029893e-15  4.41870041689393169e-16  1.50348946850965676e-15  4.41889693103216123e-16  1.50348904406260494e-15  4.41892911107217592e-16  4.02478971885019094e-13 -8.77922092909162583e-13  4.02478971885019094e-13 -8.77922092909162583e-13  4.02478971885019094e-13 -8.77922092909162583e-13  4.02478971885225889e-13 -8.77922092909162583e-13  4.08122494702743396e-14  5.30150724056269226e-15  1.17832638763747437e-12  1.56967973926591997e-13  2.14550076579766465e-04  9.97302261331040182e-05  1.05022560001475907e-07 -2.30492832098150602e-07  1.05028572921107768e-07 -2.30492040238109653e-07  1.05029557573495386e-07 -2.30491910541022854e-07 -9.88860073742189620e-07 -8.73321676604159021e-05 -9.88860073742189620e-07 -8.73321676604159021e-05 -9.88860073742189620e-07 -8.73321676604159021e-05 -9.88860073714434044e-07 -8.73321676604163358e-05 
 1.18992438138736830e+02  4.04133258186652464e-22  2.68065331301716427e-22 -5.77527417200521392e-22  4.19939544684524031e-21 -4.48716178146416067e-13  1.44221962695096492e-12  1.59289130638210195e-15  4.82036299361051968e-16  1.59288857689287568e-15  4.82056383403259984e-16  1.59288810736448048e-15  4.82059838717624377e-16  4.26508742186608295e-13 -9.03760079449939094e-13  4.26508742186608295e-13 -9.03760079449939094e-13  4.26508742186608295e-13 -9.03760079449939094e-13  4.26508742186815090e-13 -9.03760079449939094e-13  4.32341053566955579e-14  5.79654627911880822e-15  1.24824986417498458e-12  1.71375261876884137e-13  2.14567212638477986e-04  1.02681058110147731e-04  1.11292030422770732e-07 -2.37291315905551418e-07  1.11298001317114033e-07 -2.37290505648649925e-07  1.11299028579821930e-07 -2.37290366222478028e-07 -1.02978677776537142e-06 -8.98826401060121043e-05 -1.02978677776537142e-06 -8.98826401060121043e-05 -1.02978677776537142e-06 -8.98826401060121043e-05 -1.02978677776536634e-06 -8.98826401060123212e-05 
 1.22467962330946563e+02  4.26263954133113677e-22  2.92436418362348751e-22 -6.48834791485064436e-22  4.57854443801665778e-21 -4.75570185445514659e-13  1.48442555304183535e-12  1.68762440095403141e-15  5.25834507183216815e-16  1.68762152825916159e-15  5.25855023705175876e-16  1.68762100827274903e-15  5.25858736233936682e-16  4.51962545789966815e-13 -9.30370391637873700e-13  4.51962545789966815e-13 -9.30370391637873700e-13  4.51962545789966815e-13 -9.30370391637873700e-13  4.51962545789553224e-13 -9.30370391637873700e-13  4.57998595272663914e-14  6.33672959269761163e-15  1.32232803901656614e-12  1.87089348747773349e-13  2.14585365629053340e-04  1.05716989972642303e-04  1.17933017325869533e-07 -2.44294346578790809e-07  1.17938943695142218e-07 -2.44293517952372795e-07  1.17940016101271962e-07 -2.44293367983488377e-07 -1.07313884833253946e-06 -9.25075777027244172e-05 -1.07313884833253946e-06 -9.25075777027244172e-05 -1.07313884833253946e-06 -9.25075777027244172e-05 -1.07313884836028148e-06 -9.25075777027250542e-05 
 1.26044999431031599e+02  4.49483936827635746e-22  3.19013536973194137e-22 -7.28893523496257618e-22  4.99194698190697494e-21 -5.04015638903496099e-13  1.52787160117135817e-12  1.78801177742158537e-15  5.73592500723945010e-16  1.78800875573080771e-15  5.73613448420260714e-16  1.78800817990970380e-15  5.73617439792898481e-16  4.78924760904530627e-13 -9.57777179441083806e-13  4.78924760904530627e-13 -9.57777179441083806e-13  4.78924760904323832e-13 -9.57777179467553586e-13  4.78924760903703447e-13 -9.57777179520493145e-13  4.85180842960165606e-14  6.92614335397880571e-15  1.40080842669050682e-12  2.04228314062963941e-13  2.14604595731857420e-04  1.08840537120886459e-04  1.24967531736562914e-07 -2.51508437593522870e-07  1.24973410933998027e-07 -2.51507590673912436e-07  1.24974531167665075e-07 -2.51507429275539974e-07 -1.11905999583174998e-06 -9.52091528178761675e-05 -1.11905999583174998e-06 -9.52091528178761675e-05 -1.11905999583174829e-06 -9.52091528178766012e-05 -1.11905999583174151e-06 -9.52091528178766012e-05 
 1.29726514422083795e+02  4.73830629289220483e-22  3.47996224126113323e-22 -8.18774516909968395e-22  5.44270096685159390e-21 -5.34146999634638187e-13  1.57259465771856217e-12  1.89439338571662233e-15  6.25667687503761871e-16  1.89439020934307013e-15  6.25689063776570105e-16  1.89438957127662512e-15  6.25693357541882897e-16  5.07484763969074482e-13 -9.86005442057625778e-13  5.07484763969074482e-13 -9.86005442057625778e-13  5.07484763969281277e-13 -9.86005442057625778e-13  5.07484763968867686e-13 -9.86005442057625778e-13  5.13978653712263742e-14  7.56924266951736565e-15  1.48395336661259850e-12  2.22920892770460038e-13  2.14624966697398573e-04  1.12054287485318057e-04  1.32418888226363236e-07 -2.58940341288245240e-07  1.32424717446533511e-07 -2.58939476205570257e-07  1.32425888352349918e-07 -2.58939302412292834e-07 -1.16770244316835323e-06 -9.79896010341234580e-05 -1.16770244316835323e-06 -9.79896010341234580e-05 -1.16770244316835661e-06 -9.79896010341225907e-05 -1.16770244319610541e-06 -9.79896010341225907e-05 
 1.33515558888248250e+02  4.99340360584009386e-22  3.79602080926509753e-22 -9.19679533670478356e-22  5.93418496531005430e-21 -5.66064095553972524e-13  1.61863274668066386e-12  2.00712991277536724e-15  6.82449713522225218e-16  2.00712657582537862e-15  6.82471514319633450e-16  2.00712586837915973e-15  6.82476136113757908e-16  5.37737225550967419e-13 -1.01508106510553528e-12  5.37737225550967419e-13 -1.01508106510553528e-12  5.37737225550967419e-13 -1.01508106510553528e-12  5.37737225551174214e-13 -1.01508106510553528e-12  5.44488329324904760e-14  8.27088486251027128e-15  1.57204092064844510e-12  2.43307436254212113e-13  2.14646546055084184e-04  1.15360903660504153e-04  1.40311782053683885e-07 -2.66597060219782068e-07  1.40317558324930929e-07 -2.66596177161565785e-07  1.40318782917296293e-07 -2.66595989925210780e-07 -1.21922743038907578e-06 -1.00851222974651059e-04 -1.21922743038907578e-06 -1.00851222974651059e-04 -1.21922743038907578e-06 -1.00851222974650625e-04 -1.21922743038907896e-06 -1.00851222974650422e-04 
 1.37415273544161721e+02  5.26047897734944000e-22  4.14068411550467782e-22 -1.03295717192438421e-21  6.47008374411161613e-21 -5.99872907423859569e-13  1.66602506688957760e-12  2.12660408369351493e-15  7.44363369964135538e-16  2.12660058099721108e-15  7.44385589599277058e-16  2.12659979641640007e-15  7.44390567313709461e-16  5.69782423743193377e-13 -1.04503086101571096e-12  5.69782423743193377e-13 -1.04503086101571096e-12  5.69782423743193377e-13 -1.04503086101571096e-12  5.69782423743193377e-13 -1.04503086101571096e-12  5.76811946302144893e-14  9.03636575603639651e-15  1.66536582618235554e-12  2.65540959973671257e-13  2.14669405342007830e-04  1.18763125103146647e-04  1.48672370849859405e-07 -2.74485859255108885e-07  1.48678091019670106e-07 -2.74484958478721574e-07  1.48679372491208650e-07 -2.74484756656116116e-07 -1.27380574783972281e-06 -1.03796386179785138e-04 -1.27380574783972281e-06 -1.03796386179785138e-04 -1.27380574783972281e-06 -1.03796386179785138e-04 -1.27380574783971943e-06 -1.03796386179786005e-04 
 1.41428890838270917e+02  5.53985899139766218e-22  4.51654011629402672e-22 -1.16012079377213747e-21  7.05441610560609117e-21 -6.35685352013554139e-13  1.71481203542235414e-12  2.25322205035568356e-15  8.11871761947516921e-16  2.25321837560581229e-15  8.11894392975766216e-16  2.25321750479142243e-15  8.11899757022318772e-16  6.03726576090837905e-13 -1.07588261138356179e-12  6.03726576090837905e-13 -1.07588261138356179e-12  6.03726576090837905e-13 -1.07588261138356179e-12  6.03726576090631110e-13 -1.07588261138356179e-12  6.11057706275772287e-14  9.87145922688666954e-15  1.76424050825906424e-12  2.89788285545633121e-13  2.14693620334250370e-04  1.22263770391545890e-04  1.57528361140032988e-07 -2.82614278434866048e-07  1.57534021869490262e-07 -2.82613360272017405e-07  1.57535363607590372e-07 -2.82613142618744574e-07 -1.33161830198012500e-06 -1.06827527036309870e-04 -1.33161830198012500e-06 -1.06827527036309870e-04 -1.33161830198012500e-06 -1.06827527036309870e-04 -1.33161830200787740e-06 -1.06827527036310074e-04 
 1.45559737632188188e+02  5.83184280819888541e-22  4.92641119016797540e-22 -1.30286864200998845e-21  7.69156527413601481e-21 -6.73620230776106332e-13  1.76503532471181161e-12  2.38741486619504912e-15  8.85479762997876137e-16  2.38741101484211707e-15  8.85502795867882070e-16  2.38741004766118585e-15  8.85508579307929888e-16  6.39682191133749508e-13 -1.10766511209998130e-12  6.39682191133749508e-13 -1.10766511209998130e-12  6.39682191132922328e-13 -1.10766511212645108e-12  6.39682191132922328e-13 -1.10766511215292086e-12  6.47340308228981321e-14  1.07824603115850768e-14  1.86899615462217340e-12  3.16231285774903970e-13  2.14719271299153053e-04  1.25865739551951243e-04  1.66909099963710245e-07 -2.90990146698007864e-07  1.66914697715370830e-07 -2.90989211560310902e-07  1.66916103306097180e-07 -2.90988976723703446e-07 -1.39285671375266271e-06 -1.09947152760887174e-04 -1.39285671375266271e-06 -1.09947152760887174e-04 -1.39285671375265593e-06 -1.09947152760887391e-04 -1.39285671375264937e-06 -1.09947152760887622e-04 
 1.49811237958305810e+02  6.13669483667220748e-22  5.37337543330542954e-22 -1.46310641116611793e-21  8.38631206289838226e-21 -7.13803473793850340e-13  1.81673791162150692e-12  2.52964006807286942e-15  9.65737780219254615e-16  2.52963603453340746e-15  9.65761203298789823e-16  2.52963496012918933e-15  9.65767442179313034e-16  6.77768440732113889e-13 -1.14040822099695088e-12  6.77768440732113889e-13 -1.14040822099695088e-12  6.77768440732113889e-13 -1.14040822099695088e-12  6.77768440731493503e-13 -1.14040822104989044e-12  6.85781343872946358e-14  1.17762322156730834e-14  1.97998385772281469e-12  3.45068241912036192e-13  2.14746443264465559e-04  1.29572016448589776e-04  1.76845671912898671e-07 -2.99621596501906989e-07  1.76851202937776002e-07 -2.99620644894798656e-07  1.76852676182675114e-07 -2.99620391400790865e-07 -1.45772395306577825e-06 -1.13157843438925284e-04 -1.45772395306577825e-06 -1.13157843438925284e-04 -1.45772395306577825e-06 -1.13157843438925284e-04 -1.45772395306577147e-06 -1.13157843438925284e-04 
 1.54186915857954460e+02  6.45463626651291943e-22  5.86078989320866131e-22 -1.64297257348556878e-21  9.14387107821052960e-21 -7.56368139778404447e-13  1.86996411937386664e-12  2.68038335628230816e-15  1.05324585973378021e-15  2.68037913621361807e-15  1.05326965879275322e-15  2.68037794217840385e-15  1.05327639234020744e-15  7.18111554391310165e-13 -1.17414290941067039e-12  7.18111554391310165e-13 -1.17414290941067039e-12  7.18111554391310165e-13 -1.17414290938420061e-12  7.18111554391310165e-13 -1.17414290938420061e-12  7.26509717696227905e-14  1.28602575628488837e-14  2.09757582807018833e-12  3.76515323263332358e-13  2.14775226295801003e-04  1.33385671247525389e-04  1.87371001893259421e-07 -3.08517079439717889e-07  1.87376462216315199e-07 -3.08516111969475200e-07  1.87378007144832467e-07 -3.08515838213711921e-07 -1.52643500986271889e-06 -1.16462254120301391e-04 -1.52643500986271889e-06 -1.16462254120301391e-04 -1.52643500986271889e-06 -1.16462254120301391e-04 -1.52643500986271910e-06 -1.16462254120301405e-04 
 1.58690398302458448e+02  6.78583533266285904e-22  6.39231592121368898e-22 -1.84486679399587485e-21  9.96993024218104246e-21 -8.01455418957680576e-13  1.92475966657221882e-12  2.84016039521723091e-15  1.14865816095329930e-15  2.84015598427661447e-15  1.14868231908620634e-15  2.84015465634153859e-15  1.14868959005548947e-15  7.60845236882447888e-13 -1.20890131538581523e-12  7.60845236882447888e-13 -1.20890131538581523e-12  7.60845236882447888e-13 -1.20890131538581523e-12  7.60845236881620708e-13 -1.20890131541228501e-12  7.69662093367807061e-14  1.40426942307336567e-14  2.22216668360114610e-12  4.10808200114787127e-13  2.14805715796019775e-04  1.37309862944625435e-04  1.98519963946855706e-07 -3.17685382914967119e-07  1.98525349351413861e-07 -3.17684400303902183e-07  1.98526970238064233e-07 -3.17684104536476133e-07 -1.59921760625997833e-06 -1.19863116973367422e-04 -1.59921760625997833e-06 -1.19863116973367422e-04 -1.59921760625997833e-06 -1.19863116973367422e-04 -1.59921760623220942e-06 -1.19863116973367855e-04 
 1.63325418199508903e+02  7.13039610017352886e-22  6.97194685004491517e-22 -2.07148181567320439e-21  1.08706939406895623e-20 -8.49214849916318792e-13  1.98117171738749511e-12  3.00951872870891344e-15  1.25268783468316885e-15  3.00951412255367243e-15  1.25271233196012704e-15  3.00951264582948387e-15  1.25272018684137445e-15  8.06111110532531850e-13 -1.24471680275608436e-12  8.06111110532531850e-13 -1.24471680275608436e-12  8.06111110532531850e-13 -1.24471680275608436e-12  8.06111110532531850e-13 -1.24471680278255414e-12  8.15383368134059734e-14  1.53324362716129849e-14  2.35417482006487670e-12  4.48203802088932072e-13  2.14838012822110309e-04  1.41347841962545582e-04  2.10329496490732220e-07 -3.27135647973502314e-07  2.10334802518625231e-07 -3.27134651064176644e-07  2.10336503882667977e-07 -3.27134331385052210e-07 -1.67631294885084026e-06 -1.23363243498655109e-04 -1.67631294885084026e-06 -1.23363243498655109e-04 -1.67631294885084026e-06 -1.23363243498655109e-04 -1.67631294885084026e-06 -1.23363243498654865e-04 
 1.68095817487347119e+02  7.48834562401574958e-22  7.60403819104080013e-22 -2.32583923319972799e-21  1.18529301340614384e-20 -8.99804617751284730e-13  2.03924893227432850e-12  3.18903983226114148e-15  1.36611234043310436e-15  3.18903502861652923e-15  1.36613715357673426e-15  3.18903338500865208e-15  1.36614564309938196e-15  8.54059183644642061e-13 -1.28162402152176757e-12  8.54059183644642061e-13 -1.28162402152176757e-12  8.54059183644642061e-13 -1.28162402152176757e-12  8.54059183643814881e-13 -1.28162402154823735e-12  8.63827177121696562e-14  1.67391802672015640e-14  2.49404386779715514e-12  4.88982234878805277e-13  2.14872224416176491e-04  1.45502952843063041e-04  2.22838724370870364e-07 -3.36877388365782163e-07  2.22843946287255524e-07 -3.36876378140972302e-07  2.22845732930042219e-07 -3.36876032476995582e-07 -1.75797652733472606e-06 -1.26965526803750269e-04 -1.75797652733472606e-06 -1.26965526803750269e-04 -1.75797652733471928e-06 -1.26965526803750269e-04 -1.75797652733471928e-06 -1.26965526803750052e-04 
 1.73005550319322424e+02  7.85961923435858730e-22  8.29334060952577614e-22 -2.61132963927837671e-21  1.29240217962961231e-20 -9.53389629613013434e-13  2.09904216624383919e-12  3.37934227680925859e-15  1.48977435912051293e-15  3.37933630022253774e-15  1.48980434665369057e-15  3.37933544429739890e-15  1.48980864059994912e-15  9.04848347262698181e-13 -1.31965897389184563e-12  9.04848347262698181e-13 -1.31965897389184563e-12  9.04848347262698181e-13 -1.31965897386537585e-12  9.04848347262284591e-13 -1.31965897389184563e-12  9.15156429407420748e-14  1.82734977647363450e-14  2.64224424027473645e-12  5.33448871428868405e-13  2.14908595115612425e-04  1.49778014799148602e-04  2.36088089282361525e-07 -3.46920709738035599e-07  2.36094221060374130e-07 -3.46919488369707311e-07  2.36095099084796401e-07 -3.46919313467852913e-07 -1.84447887742573148e-06 -1.30672943925062705e-04 -1.84447887742573148e-06 -1.30672943925062705e-04 -1.84447887742574164e-06 -1.30672943925062054e-04 -1.84447887742572809e-06 -1.30672943925063138e-04 
 1.78058686341464494e+02  8.24404373580422463e-22  9.04503589193714488e-22 -2.93175763156337141e-21  1.40920230955714737e-20 -1.01015352224446964e-12  2.16060197625742907e-12  3.58108024269019570e-15  1.62460750225752175e-15  3.58107400678235282e-15  1.62463789125763982e-15  3.58107300113752311e-15  1.62464279163068494e-15  9.58646897714480568e-13 -1.35885908636120010e-12  9.58646897714480568e-13 -1.35885908636120010e-12  9.58646897714480568e-13 -1.35885908636120010e-12  9.58646897714894158e-13 -1.35885908628179076e-12  9.69543878666120507e-14  1.99469139328069988e-14  2.79927478267585074e-12  5.81936623187459580e-13  2.14946982786225703e-04  1.54177830914906512e-04  2.50123481651510155e-07 -3.57275542340222597e-07  2.50129519172137721e-07 -3.57274304166312978e-07  2.50130492765215350e-07 -3.57274104490103143e-07 -1.93610680187903426e-06 -1.34488558291973541e-04 -1.93610680187903426e-06 -1.34488558291973541e-04 -1.93610680187903087e-06 -1.34488558291973975e-04 -1.93610680185128164e-06 -1.34488558291974002e-04 
 1.83259414065786871e+02  8.64131816312617777e-22  9.86477625636635838e-22 -3.29139238889943923e-21  1.53657207347981697e-20 -1.07028150448176818e-12  2.22398247565020818e-12  3.79495168546608068e-15  1.77161432428829957e-15  3.79494518775557392e-15  1.77164508349051584e-15  3.79494401171153802e-15  1.77165065160511046e-15  1.01563309721798759e-12 -1.39926328128489740e-12  1.01563309721798759e-12 -1.39926328128489740e-12  1.01563309721798759e-12 -1.39926328128489740e-12  1.01563309721716041e-12 -1.39926328136430674e-12  1.02717272899166103e-13  2.17719938766905320e-14  2.96566452203352181e-12  6.34808432830570395e-13  2.14987645727134557e-04  1.58705404584963682e-04  2.64990393287663495e-07 -3.67952839493305779e-07  2.64996330926287311e-07 -3.67951585831317457e-07  2.64997405787826258e-07 -3.67951358875291672e-07 -2.03316382885013430e-06 -1.38415522101048723e-04 -2.03316382885013430e-06 -1.38415522101048723e-04 -2.03316382885013430e-06 -1.38415522101048723e-04 -2.03316382882236559e-06 -1.38415522101048723e-04 
 1.88612044342117656e+02  9.05099191798930836e-22  1.07587272269026987e-21 -3.69502433806025636e-21  1.67547009650084847e-20 -1.13397296110442913e-12  2.28923888588813984e-12  4.02169730194847258e-15  1.93189294246316550e-15  4.02169054057414557e-15  1.93192403571710228e-15  4.02168916993587057e-15  1.93193033866534887e-15  1.07599576022344975e-12 -1.44091205949037094e-12  1.07599576022344975e-12 -1.44091205949037094e-12  1.07599576022344975e-12 -1.44091205949037094e-12  1.07599576022262257e-12 -1.44091205951684072e-12  1.08823728057284045e-13  2.37624361693080739e-14  3.14197453266086900e-12  6.92459974566398472e-13  2.15030718689812204e-04  1.63364485131354403e-04  2.80738065497346069e-07 -3.78963825091283263e-07  2.80743897288699811e-07 -3.78962557456967457e-07  2.80745079466347024e-07 -3.78962300479709518e-07 -2.13597154182745078e-06 -1.42457078912015507e-04 -2.13597154182745078e-06 -1.42457078912015507e-04 -2.13597154182745078e-06 -1.42457078912015507e-04 -2.13597154182744061e-06 -1.42457078912016185e-04 
 1.94121013931335312e+02  9.47243978079457442e-22  1.17336144615259474e-21 -4.14802877380273230e-21  1.82694227799632884e-20 -1.20143895917038113e-12  2.35642822499406844e-12  4.26210431930595267e-15  2.10664047616510315e-15  4.26209729302703449e-15  2.10667186217635328e-15  4.26209570111794563e-15  2.10667897321543485e-15  1.13993487809557880e-12 -1.48384758529835318e-12  1.13993487809557880e-12 -1.48384758529835318e-12  1.13993487809599239e-12 -1.48384758529835318e-12  1.13993487809516521e-12 -1.48384758529835318e-12  1.15294361622782155e-13  2.59331750775320068e-14  3.32879991965620450e-12  7.55322606291156826e-13  2.15076344406347624e-04  1.68158930557441336e-04  2.97418652944000756e-07 -3.90320213604203738e-07  2.97424372565486240e-07 -3.90318933731213379e-07  2.97425668470071409e-07 -3.90318643737150081e-07 -2.24487056013424141e-06 -1.46616566235529053e-04 -2.24487056013424141e-06 -1.46616566235529053e-04 -2.24487056013424480e-06 -1.46616566235529053e-04 -2.24487056016199741e-06 -1.46616566235528619e-04 
 1.99790889182971199e+02  9.90483355605986836e-22  1.27967748900145669e-21 -4.65643723371981532e-21  1.99212978802456482e-20 -1.27290327800802516e-12  2.42560937891024537e-12  4.51700957217600308e-15  2.29716196791049529e-15  4.51700228244005980e-15  2.29719359923249583e-15  4.51700043927485988e-15  2.29720159871525407e-15  1.20766227983483537e-12 -1.52811377871711803e-12  1.20766227983483537e-12 -1.52811377871711803e-12  1.20766227983483537e-12 -1.52811377871711803e-12  1.20766227983359460e-12 -1.52811377874358781e-12  1.22151033227734853e-13  2.83004919538541453e-14  3.52677193059209781e-12  8.23866585936813174e-13  2.15124674061876515e-04  1.73092710722344979e-04  3.15087395703254687e-07 -4.02034239071090395e-07  3.15092996453591133e-07 -4.02032948934888800e-07  3.15094412879837595e-07 -4.02032622648523989e-07 -2.36022166520589042e-06 -1.50897418206420356e-04 -2.36022166520589042e-06 -1.50897418206420356e-04 -2.36022166520588364e-06 -1.50897418206419922e-04 -2.36022166520587009e-06 -1.50897418206420790e-04 
 2.05626369820227438e+02  1.03471097853292424e-21  1.39562125534648759e-21 -5.22701757501794336e-21  2.17227780426875697e-20 -1.34860276158194070e-12  2.49684317021387674e-12  4.78730280539039760e-15  2.50488010665042932e-15  4.78729525633333228e-15  2.50491192961983803e-15  4.78729312717043557e-15  2.50492090518864378e-15  1.27940233178330523e-12 -1.57375641401594004e-12  1.27940233178330523e-12 -1.57375641401594004e-12  1.27940233178330523e-12 -1.57375641401594004e-12  1.27940233178413241e-12 -1.57375641398947026e-12  1.29416931670688680e-13  3.08821366644187258e-14  3.73656020391153325e-12  8.98604577550440513e-13  2.15175867791535502e-04  1.78169910601197928e-04  3.33802801425389244e-07 -4.14118686261407658e-07  3.33808276193064738e-07 -4.14117388103272857e-07  3.33809820344922859e-07 -4.14117021948983631e-07 -2.48240699146081239e-06 -1.55303168328614096e-04 -2.48240699146081239e-06 -1.55303168328614096e-04 -2.48240699146081239e-06 -1.55303168328614096e-04 -2.48240699143305681e-06 -1.55303168328613662e-04 
 2.11632292835547304e+02  1.07979330986674042e-21  1.52206595815133902e-21 -5.86736382557693347e-21  2.36874505911763678e-20 -1.42878840269505814e-12  2.57019243773822051e-12  5.07393021099950092e-15  2.73134582683655147e-15  5.07392240944555363e-15  2.73137778060389455e-15  5.07391995602785680e-15  2.73138782809537659e-15  1.35539267856759714e-12 -1.62082322473071010e-12  1.35539267856759714e-12 -1.62082322473071010e-12  1.35539267856635637e-12 -1.62082322473071010e-12  1.35539267856676996e-12 -1.62082322475717988e-12  1.37116657786860546e-13  3.36974599275239730e-14  3.95887516354200910e-12  9.80095473086375054e-13  2.15230095214584492e-04  1.83394733630185924e-04  3.53626838205997713e-07 -4.26586924189253017e-07  3.53632179459099097e-07 -4.26585620540994971e-07  3.53633858975514071e-07 -4.26585210609175506e-07 -2.61183128878466562e-06 -1.59837452293286260e-04 -2.61183128878466562e-06 -1.59837452293286260e-04 -2.61183128878465884e-06 -1.59837452293286260e-04 -2.61183128878466562e-06 -1.59837452293284959e-04 
 2.17813636499967203e+02  1.12556546278849461e-21  1.65996428121333067e-21 -6.58599698686442609e-21  2.58301427356134663e-20 -1.51372604772007091e-12  2.64572211587604615e-12  5.37789823206231552e-15  2.97824986145881193e-15  5.37789018628329237e-15  2.97828187725177625e-15  5.37788736559740356e-15  2.97829310157570071e-15  1.43588502767096843e-12 -1.66936401761633662e-12  1.43588502767096843e-12 -1.66936401761633662e-12  1.43588502767096843e-12 -1.66936401761633662e-12  1.43588502767096843e-12 -1.66936401766927618e-12  1.45276312733316636e-13  3.67675576104471140e-14  4.19447056997352263e-12  1.06894855844950514e-12  2.15287535990094173e-04  1.88771505157726995e-04  3.74625138819542445e-07 -4.39452942161741218e-07  3.74630338566435147e-07 -4.39451635876803068e-07  3.74632161548699543e-07 -4.39451177897166937e-07 -2.74892325848690031e-06 -1.64504010871750571e-04 -2.74892325848690031e-06 -1.64504010871750571e-04 -2.74892325848690031e-06 -1.64504010871750571e-04 -2.74892325848691344e-06 -1.64504010871750598e-04 
 2.24175524489573604e+02  1.17182648296979842e-21  1.81035565500014248e-21 -7.39247815195513585e-21  2.81670356112985347e-20 -1.60369420109003624e-12  2.72350015339862416e-12  5.70027927267425004e-15  3.24742899263576353e-15  5.70026935498550069e-15  3.24746733723929328e-15  5.70026775894050877e-15  3.24747350891139172e-15  1.52114598087515848e-12 -1.71943079358716854e-12  1.52114598087515848e-12 -1.71943079358716854e-12  1.52114598087515848e-12 -1.71943079353422898e-12  1.52114598087433130e-12 -1.71943079353422898e-12  1.53923592036703261e-13  4.01154280541906294e-14  4.44414623803991554e-12  1.16582805666728695e-12  2.15348512021668064e-04  1.94304195519600742e-04  3.96866215955347511e-07 -4.52731647188296745e-07  3.96872266851273876e-07 -4.52730082637982501e-07  3.96873240767915021e-07 -4.52729830812141248e-07 -2.89413688727724832e-06 -1.69306692864004866e-04 -2.89413688727724832e-06 -1.69306692864004866e-04 -2.89413688724949952e-06 -1.69306692864004866e-04 -2.89413688730500390e-06 -1.69306692864005300e-04 
 2.30723230132485213e+02  1.21833400837891794e-21  1.97437420466995382e-21 -8.29753534815213157e-21  3.07157889725704022e-20 -1.69899725256487943e-12  2.80359429017772442e-12  6.04220963187674436e-15  3.54090495712409506e-15  6.04219940089333800e-15  3.54094338700477609e-15  6.04219743096270920e-15  3.54095078799651175e-15  1.61145791143497032e-12 -1.77107788120409385e-12  1.61145791143497032e-12 -1.77107788120409385e-12  1.61145791143662468e-12 -1.77107788120409385e-12  1.61145791143497032e-12 -1.77107788125703341e-12  1.63087885983980524e-13  4.37661432205929988e-14  4.70875093811280819e-12  1.27145806966951991e-12  2.15412961690233582e-04  1.99998359155608606e-04  4.20425694664908433e-07 -4.66437879095535650e-07  4.20431586906056052e-07 -4.66436311060531885e-07  4.20432721676526840e-07 -4.66436009072874124e-07 -3.04795327189535986e-06 -1.74249458227255854e-04 -3.04795327189535986e-06 -1.74249458227255854e-04 -3.04795327189537341e-06 -1.74249458227255854e-04 -3.04795327189534631e-06 -1.74249458227256694e-04 
 2.37462180779880839e+02  1.26479821151927500e-21  2.15325743772263693e-21 -9.31320598268517569e-21  3.34956774751597969e-20 -1.79994807578652549e-12  2.88607708390264169e-12  6.40490375039575467e-15  3.86086191227730874e-15  6.40489322452245994e-15  3.86090033582488820e-15  6.40489082445791261e-15  3.86090909745118334e-15  1.70711989937717949e-12 -1.82436207280861610e-12  1.70711989937717949e-12 -1.82436207280861610e-12  1.70711989937717949e-12 -1.82436207280861610e-12  1.70711989937717949e-12 -1.82436207286155566e-12  1.72800386386563376e-13  4.77470359739903681e-14  4.98918548172834797e-12  1.38662798618161200e-12  2.15481230052702507e-04  2.05858214373493546e-04  4.45380549844685675e-07 -4.80587984405576140e-07  4.45386273919752605e-07 -4.80586416684033910e-07  4.45387579183510905e-07 -4.80586059191673751e-07 -3.21088171501692276e-06 -1.79336381080325707e-04 -3.21088171501692276e-06 -1.79336381080325707e-04 -3.21088171501692276e-06 -1.79336381080325707e-04 -3.21088171501690878e-06 -1.79336381080326141e-04 
 2.44397962304695938e+02  1.31087495280704304e-21  2.34835573320758589e-21 -1.04529965245268048e-20  3.65277397568981514e-20 -1.90688128265045775e-12  2.97102274440043434e-12  6.78965302032885209e-15  4.20968755872241257e-15  6.78964221941800368e-15  4.20972587305630178e-15  6.78963932469945005e-15  4.20973613919488417e-15  1.80844871521142908e-12 -1.87934277913283702e-12  1.80844871521142908e-12 -1.87934277913283702e-12  1.80844871521142908e-12 -1.87934277923871613e-12  1.80844871521060190e-12 -1.87934277923871613e-12  1.83094200744811323e-13  5.20879034842561704e-14  5.28640602113494529e-12  1.51219835492050247e-12  2.15553543231228719e-04  2.11888610644321216e-04  4.71813365732985220e-07 -4.95198853078068389e-07  4.71818911550341095e-07 -4.95197289925337596e-07  4.71820397537381640e-07 -4.95196871081665324e-07 -3.38346173294125221e-06 -1.84571652990789660e-04 -3.38346173294125221e-06 -1.84571652990789660e-04 -3.38346173296899423e-06 -1.84571652990790527e-04 -3.38346173291346275e-06 -1.84571652990790961e-04 
 2.51536323731716863e+02  1.35615803691528633e-21  2.56114271583626587e-21 -1.17320617274763240e-20  3.98349414653146499e-20 -2.02015148858224192e-12  3.05850805118436446e-12  7.19783277750973567e-15  4.58998475268325083e-15  7.19782172637675197e-15  4.59002284256685070e-15  7.19781826586665935e-15  4.59003477069222948e-15  1.91577986485166283e-12 -1.93608219071217256e-12  1.91577986485166283e-12 -1.93608219071217256e-12  1.91577986485166283e-12 -1.93608219071217256e-12  1.91577986485000847e-12 -1.93608219076511212e-12  1.94004473924167239e-13  5.68212293103812461e-14  5.60142756624793526e-12  1.64910729724178107e-12  2.15630140730909613e-04  2.18094538103162210e-04  4.99811606820789037e-07 -5.10288222092853506e-07  4.99816963675822157e-07 -5.10286668272766879e-07  4.99818641238946650e-07 -5.10286181673942151e-07 -3.56626475192305944e-06 -1.89959586243642026e-04 -3.56626475192305944e-06 -1.89959586243642026e-04 -3.56626475189529709e-06 -1.89959586243641158e-04 -3.56626475192303911e-06 -1.89959586243642459e-04 
 2.58883182002910530e+02  1.40017044990980948e-21  2.79322659215994026e-21 -1.31674057060713819e-20  4.34423535914274625e-20 -2.14013087308263794e-12  3.14861342516233441e-12  7.63091037210267395e-15  5.00458354024349525e-15  7.63089691511487863e-15  5.00462861608095843e-15  7.63089499688303812e-15  5.00463503952615582e-15  2.02946869582957375e-12 -1.99464545232120046e-12  2.02946869582957375e-12 -1.99464545232120046e-12  2.02946869582957375e-12 -1.99464545226826090e-12  2.02946869582874657e-12 -1.99464545226826090e-12  2.05568518025621675e-13  6.19824254581980462e-14  5.93532773862420370e-12  1.79837749702521338e-12  2.15711407999776131e-04  2.24480715353231883e-04  5.29466902604373758e-07 -5.25875031073640590e-07  5.29473062041617567e-07 -5.25873192573397016e-07  5.29473939798416734e-07 -5.25872930575682314e-07 -3.75989590892169527e-06 -1.95504617189473483e-04 -3.75989590892169527e-06 -1.95504617189473483e-04 -3.75989590889390582e-06 -1.95504617189475217e-04 -3.75989590886615659e-06 -1.95504617189476518e-04 
 2.66444626881939712e+02  1.44235446713062125e-21  3.04636254618759341e-21 -1.47781074401551984e-20  4.73773476320088487e-20 -2.26722340988111393e-12  3.24141922032664370e-12  8.09044288517042398e-15  5.45659139895288292e-15  8.09042912419375355e-15  5.45663619504820270e-15  8.09042659632980159e-15  5.45664442459056881e-15  2.14989156557472276e-12 -2.05510085667950736e-12  2.14989156557472276e-12 -2.05510085667950736e-12  2.14989156557472276e-12 -2.05510085667950736e-12  2.14989156557224122e-12 -2.05510085673244692e-12  2.17825951275312198e-13  6.76100958361849017e-14  6.28925078640839961e-12  1.96112380763141990e-12  2.15797350200874993e-04  2.31053270505428629e-04  5.60879362455346482e-07 -5.41978296050433929e-07  5.60885309948511801e-07 -5.41976469308593733e-07  5.60886402579442547e-07 -5.41976133711234496e-07 -3.96499637466908818e-06 -2.01211309795779655e-04 -3.96499637466908818e-06 -2.01211309795779655e-04 -3.96499637466908818e-06 -2.01211309795779655e-04 -3.96499637466906108e-06 -2.01211309795780089e-04 
 2.74226926001929030e+02  1.48206047483569228e-21  3.32246629206558614e-21 -1.65855739491344732e-20  5.16698090774342160e-20 -2.40184727575559753e-12  3.33701154816429257e-12  8.57809671010728202e-15  5.94937287282148108e-15  8.57808268774153802e-15  5.94941723555170807e-15  8.57807945222457202e-15  5.94942747134310174e-15  2.27744708419716080e-12 -2.11752004101627215e-12  2.27744708419716080e-12 -2.11752004101627215e-12  2.27744708419798798e-12 -2.11752004101627215e-12  2.27744708419798798e-12 -2.11752004096333259e-12  2.30818845990048224e-13  7.37463242226716862e-14  6.66441186182773293e-12  2.13856156723871600e-12  2.15888383653832814e-04  2.37817212224923863e-04  5.94151882499499042e-07 -5.58618943523623843e-07  5.94157605291714033e-07 -5.58617134871402338e-07  5.94158925728864585e-07 -5.58616717556690181e-07 -4.18224497130517933e-06 -2.07084359048614555e-04 -4.18224497130517933e-06 -2.07084359048614555e-04 -4.18224497122190583e-06 -2.07084359048614121e-04 -4.18224497127741021e-06 -2.07084359048616290e-04 
 2.82236530060665814e+02  1.51853435000419344e-21  3.62362889312558314e-21 -1.86138241470100500e-20  5.63523711730099225e-20 -2.54444864700512086e-12  3.43547863732113294e-12  9.09564655381849386e-15  6.48660335743842223e-15  9.09563232217605488e-15  6.48664711524112749e-15  9.09562826899105337e-15  6.48665957694970015e-15  2.41255742421129631e-12 -2.18197821100460138e-12  2.41255742421129631e-12 -2.18197821100460138e-12  2.41255742421046913e-12 -2.18197821105754094e-12  2.41255742421046913e-12 -2.18197821100460138e-12  2.44591887118484955e-13  8.04369873017372914e-14  7.06210160494626550e-12  2.33201563780013802e-12  2.15984809767531008e-04  2.44778135214861301e-04  6.29394496313708079e-07 -5.75818711562539316e-07  6.29399980867160347e-07 -5.75816928058237172e-07  6.29401542829055143e-07 -5.75816420132889001e-07 -4.41236073554506725e-06 -2.13128594675454180e-04 -4.41236073554506725e-06 -2.13128594675454180e-04 -4.41236073554504693e-06 -2.13128594675455481e-04 -4.41236073554506048e-06 -2.13128594675454180e-04 
 2.90480078167542047e+02  1.55090322455260013e-21  3.95213297120121827e-21 -2.08898073913129783e-20  6.14606707987775716e-20 -2.69550023577688758e-12  3.53691191028662343e-12  9.64498547579775905e-15  7.07228930520253424e-15  9.64497110022589349e-15  7.07233226694729750e-15  9.64496610446858398e-15  7.07234719548940255e-15  2.55566971006780263e-12 -2.24855437708372153e-12  2.55566971006780263e-12 -2.24855437708372153e-12  2.55566971006780263e-12 -2.24855437708372153e-12  2.55566971006697545e-12 -2.24855437708372153e-12  2.59192541559067839e-13  8.77320962706610640e-14  7.48369103910837494e-12  2.54293026921485966e-12  2.16086947776226524e-04  2.51941796387740414e-04  6.66723733415703143e-07 -5.93600517416479315e-07  6.66728965369292435e-07 -5.93598766904402798e-07  6.66730783417086934e-07 -5.93598158627316634e-07 -4.65610520277955937e-06 -2.19348984839777696e-04 -4.65610520277955937e-06 -2.19348984839777696e-04 -4.65610520277957292e-06 -2.19348984839777696e-04 -4.65610520275180379e-06 -2.19348984839777263e-04 
 2.98964403346669599e+02  1.57815941604083777e-21  4.31047043928447153e-21 -2.34437608609576207e-20  6.70336286673362163e-20 -2.85549955534279698e-12  3.64140724515528349e-12  1.02281364277103664e-14  7.71078951751999417e-15  1.02281190618805864e-14  7.71083996597308407e-15  1.02281159074273205e-14  7.71084913004859661e-15  2.70725748903294832e-12 -2.31733160878062146e-12  2.70725748903294832e-12 -2.31733160878062146e-12  2.70725748903294832e-12 -2.31733160888650058e-12  2.70725748903294832e-12 -2.31733160888650058e-12  2.74671239261075741e-13  9.56861691712460475e-14  7.93063680745389696e-12  2.77287985058328078e-12  2.16195267688040407e-04  2.59313758824105929e-04  7.06261996036589507e-07 -6.11988886583302832e-07  7.06267965389638187e-07 -6.11986831772066093e-07  7.06269049736264201e-07 -6.11986458512982878e-07 -4.91428482916031838e-06 -2.25750639920302984e-04 -4.91428482916031838e-06 -2.25750639920302984e-04 -4.91428482916030483e-06 -2.25750639920302117e-04 -4.91428482913252299e-06 -2.25750639920302984e-04 
 3.07696538200730060e+02  1.59914232134235467e-21  4.70136190104513893e-21 -2.63096103675929104e-20  7.31137562997945105e-20 -3.02498296051757765e-12  3.74906070869822155e-12  1.08472500783217731e-14  8.40688132354433194e-15  1.08472325623587119e-14  8.40693077989767466e-15  1.08472283367065527e-14  8.40694271128007709e-15  2.86782228569009721e-12 -2.38839731613674911e-12  2.86782228569009721e-12 -2.38839731613674911e-12  2.86782228569175158e-12 -2.38839731613674911e-12  2.86782228569009721e-12 -2.38839731608380955e-12  2.91081567329543131e-13  1.04358636236137487e-13  8.40448678607003618e-12  3.02358061472369643e-12  2.16309863828190543e-04  2.66900849621119209e-04  7.48141983166729775e-07 -6.31008670530495018e-07  7.48147669042473303e-07 -6.31006656933928869e-07  7.48149040775047532e-07 -6.31006171153953232e-07 -5.18775397128690670e-06 -2.32338816517238626e-04 -5.18775397128690670e-06 -2.32338816517238626e-04 -5.18775397131467582e-06 -2.32338816517239059e-04 -5.18775397128687874e-06 -2.32338816517238626e-04 
 3.16683720740253875e+02  1.61251798258287890e-21  5.12777788420538776e-21 -2.95254202516540686e-20  7.97474922045154064e-20 -3.20450919489081998e-12  3.85997531685072445e-12  1.15046319057306175e-14  9.16574574849200508e-15  1.15046143397231294e-14  9.16579395825831529e-15  1.15046088724728707e-14  9.16580896633900612e-15  3.03789525250665603e-12 -2.46184354061088932e-12  3.03789525250665603e-12 -2.46184354061088932e-12  3.03789525250665603e-12 -2.46184354066382888e-12  3.03789525250665603e-12 -2.46184354066382888e-12  3.08480477272743595e-13  1.13814282598439345e-13  8.90688607758253177e-12  3.29690342162880055e-12  2.16431247342128877e-04  2.74708969709073862e-04  7.92501089158355313e-07 -6.50687188241104728e-07  7.92506474410130403e-07 -6.50685226269885402e-07  7.92508150907275790e-07 -6.50684615495317828e-07 -5.47741719985992446e-06 -2.39118921276694171e-04 -5.47741719985992446e-06 -2.39118921276694171e-04 -5.47741719985992446e-06 -2.39118921276695038e-04 -5.47741719985992446e-06 -2.39118921276692002e-04 
 3.25933400383160858e+02  1.61675608257591542e-21  5.59296208205835394e-21 -3.31338978744914966e-20  8.69855704138011967e-20 -3.39467009732342950e-12  3.97425806554413993e-12  1.22027454510836588e-14  9.99303001473739904e-15  1.22027244779192275e-14  9.99308597345413947e-15  1.22027210509099497e-14  9.99309511964187126e-15  3.21803891216430327e-12 -2.53776728166330460e-12  3.21803891216430327e-12 -2.53776728166330460e-12  3.21803891216430327e-12 -2.53776728166330460e-12  3.21803891216264891e-12 -2.53776728171624415e-12  3.26928507550199279e-13  1.24123729934991982e-13  9.43958344753137683e-12  3.59488766617546124e-12  2.16559951873907967e-04  2.82744241871113174e-04  8.39484868211624538e-07 -6.71053356160603073e-07  8.39490941653759332e-07 -6.71051079980197975e-07  8.39491934351665881e-07 -6.71050707946942324e-07 -5.78423251631840417e-06 -2.46096515047164921e-04 -5.78423251631840417e-06 -2.46096515047164921e-04 -5.78423251631840417e-06 -2.46096515047164921e-04 -5.78423251631839061e-06 -2.46096515047164054e-04 
 3.35453244129534937e+02  1.61010400747061290e-21  6.10045679393651247e-21 -3.71829595785414020e-20  9.48834244934840979e-20 -3.59610182344011209e-12  4.09201637655562996e-12  1.29442132446044722e-14  1.08949181272541467e-14  1.29441922755759440e-14  1.08949725200145899e-14  1.29441873952103299e-14  1.08949851779459135e-14  3.40884900216265623e-12 -2.61627084975671581e-12  3.40884900216265623e-12 -2.61627084975671581e-12  3.40884900216265623e-12 -2.61627084980965537e-12  3.40884900216431059e-12 -2.61627084980965537e-12  3.46490022165615987e-13  1.35363961347671527e-13  1.00044382256594632e-11  3.91975643495857220e-12  2.16696138952692614e-04  2.91013978272270442e-04  8.89250535572237599e-07 -6.92136641527287374e-07  8.89256271510328016e-07 -6.92134430233385814e-07  8.89257606355998268e-07 -6.92133915638195497e-07 -6.10921474409655583e-06 -2.53277317142593539e-04 -6.10921474409655583e-06 -2.53277317142593539e-04 -6.10921474412431141e-06 -2.53277317142594407e-04 -6.10921474406877315e-06 -2.53277317142595274e-04 
 3.45251142916751178e+02  1.59055764233219152e-21  6.65413079300505337e-21 -4.17263658203426216e-20  1.03501630366642736e-19 -3.80946888075238410e-12  4.21336548956470144e-12  1.37318499180469603e-14  1.18781218186757576e-14  1.37318291070099291e-14  1.18781743063875514e-14  1.37318225350599624e-14  1.18781908759525942e-14  3.61095643103193648e-12 -2.69746223598030460e-12  3.61095643103193648e-12 -2.69746223598030460e-12  3.61095643103193648e-12 -2.69746223598030460e-12  3.61095643103524521e-12 -2.69746223587442549e-12  3.67233465876429860e-13  1.47618894326536555e-13  1.06034276884898000e-11  4.27393305043914797e-12  2.16840391080075134e-04  2.99524671290185996e-04  9.41961434630610642e-07 -7.13969415679981826e-07  9.41966812576047453e-07 -7.13967283088681674e-07  9.41968510334559437e-07 -7.13966609870576825e-07 -6.45343836245539365e-06 -2.60667209426678436e-04 -6.45343836245539365e-06 -2.60667209426678436e-04 -6.45343836245539365e-06 -2.60667209426677568e-04 -6.45343836239992401e-06 -2.60667209426678002e-04 
 3.55335218160223349e+02  1.55582847406447344e-21  7.25820984334600016e-21 -4.68244334352173127e-20  1.12906392181316714e-19 -4.03547524173084038e-12  4.33842524851020431e-12  1.45686670333621787e-14  1.29499565827810969e-14  1.45686424206030522e-14  1.29500169255033851e-14  1.45686380233109158e-14  1.29500277096638261e-14  3.82502934443078957e-12 -2.78145552397242356e-12  3.82502934443078957e-12 -2.78145552397242356e-12  3.82502934443078957e-12 -2.78145552397242356e-12  3.82502934442748085e-12 -2.78145552402536312e-12  3.89231638681532321e-13  1.60980004219531873e-13  1.12386550002226477e-11  4.66005907452262642e-12  2.16993317438916639e-04  3.08283047893255621e-04  9.97790589562815551e-07 -7.36586024130777212e-07  9.97796596874585805e-07 -7.36583573984778067e-07  9.97797670483638680e-07 -7.36583136111635120e-07 -6.81804127491692184e-06 -2.68272240751923181e-04 -6.81804127491692184e-06 -2.68272240751923181e-04 -6.81804127494469097e-06 -2.68272240751924048e-04 -6.81804127494465031e-06 -2.68272240751924048e-04 
 3.65713828485192778e+02  1.50330657923950120e-21  7.91731014243438771e-21 -5.25448346283334886e-20  1.23170075437300284e-19 -4.27487580924312827e-12  4.46731624907272917e-12  1.54578752796900426e-14  1.41184272491721866e-14  1.54578509705062009e-14  1.41184851974650953e-14  1.54578445491031057e-14  1.41185005106461852e-14  4.05177531217873732e-12 -2.86837133731281100e-12  4.05177531217873732e-12 -2.86837133731281100e-12  4.05177531217873732e-12 -2.86837133731281100e-12  4.05177531217708295e-12 -2.86837133731281100e-12  4.12561990615386296e-13  1.75547003682632477e-13  1.19123577416472819e-11  5.08101392812655028e-12  2.17155159398640815e-04  3.17296958559194048e-04  1.05692430134039369e-06 -7.60021665981022922e-07  1.05692990655010137e-06 -7.60019314685726850e-07  1.05693138777973833e-06 -7.60018693351899807e-07 -7.20422878464913620e-06 -2.76098631506569326e-04 -7.20422878464913620e-06 -2.76098631506569326e-04 -7.20422878464912265e-06 -2.76098631506569759e-04 -7.20422878464909469e-06 -2.76098631506570193e-04 
 3.76395576655139280e+02  1.43001892767110088e-21  8.63647496047325855e-21 -5.89634935845435620e-20  1.34371791847913302e-19 -4.52845771406647224e-12  4.60016932819647367e-12  1.64029297251019178e-14  1.53922165513279476e-14  1.64029013164109603e-14  1.53922824075192112e-14  1.64028971738904526e-14  1.53922920150669296e-14  4.29194364611386153e-12 -2.95833730724359654e-12  4.29194364611386153e-12 -2.95833730724359654e-12  4.29194364611386153e-12 -2.95833730729653610e-12  4.29194364611386153e-12 -2.95833730729653610e-12  4.37306937514857374e-13  1.91428584136263946e-13  1.26269170471712782e-11  5.53993630195485862e-12  2.17326716186639208e-04  3.26573247149531125e-04  1.11955568490161598e-06 -7.84315418652005702e-07  1.11956187423665870e-06 -7.84312748518494095e-07  1.11956277719460160e-06 -7.84312358984329461e-07 -7.61327696015367537e-06 -2.84152777922665330e-04 -7.61327696015367537e-06 -2.84152777922665330e-04 -7.61327696012587914e-06 -2.84152777922666198e-04 -7.61327696015364826e-06 -2.84152777922665330e-04 
 3.87389316702556698e+02  1.33258250001685440e-21  9.42121482240437687e-21 -6.61655917560399266e-20  1.46598041890479929e-19 -4.79706704047122567e-12  4.73711506469234476e-12  1.74075137601977497e-14  1.67808319755130576e-14  1.74074858866926485e-14  1.67808948076353992e-14  1.74074792742108318e-14  1.67809097113620859e-14  4.54632784742741462e-12 -3.05148860407659643e-12  4.54632784742741462e-12 -3.05148860407659643e-12  4.54632784742741462e-12 -3.05148860412953599e-12  4.54632784742576026e-12 -3.05148860412953599e-12  4.63554201854592127e-13  2.08743222178080228e-13  1.33848674679931027e-11  6.04024744189535785e-12  2.17508290559165695e-04  3.36120154382863454e-04  1.18589337910596251e-06 -8.09507070409746325e-07  1.18589911663472554e-06 -8.09504524940384173e-07  1.18590047758906936e-06 -8.09503921167793917e-07 -8.04653746997597956e-06 -2.92441256970072771e-04 -8.04653746997597956e-06 -2.92441256970072771e-04 -8.04653746994819688e-06 -2.92441256970073639e-04 -8.04653747000370803e-06 -2.92441256970073639e-04 
 3.98704161268003361e+02  1.20715151180024885e-21  1.02775515500125670e-20 -7.42466960391567842e-20  1.59943420105663350e-19 -5.08159074714964465e-12  4.87829365479509078e-12  1.84755896065814470e-14  1.82946026713617599e-14  1.84755625693559451e-14  1.82946619349752402e-14  1.84755530724953324e-14  1.82946827519059333e-14  4.81576820120183765e-12 -3.14796848802942700e-12  4.81576820120183765e-12 -3.14796848802942700e-12  4.81576820120183765e-12 -3.14796848802942700e-12  4.81576820120349201e-12 -3.14796848813530611e-12  4.91397177906882704e-13  2.27620059888818835e-13  1.41889075403251317e-11  6.58567656994432653e-12  2.17700614798709046e-04  3.45945264992217577e-04  1.25615514786921035e-06 -8.35640281324699384e-07  1.25616040594250053e-06 -8.35637882505287741e-07  1.25616225291010472e-06 -8.35637039918178516e-07 -8.50544142044910685e-06 -3.00970830835506960e-04 -8.50544142044910685e-06 -3.00970830835506960e-04 -8.50544142044910685e-06 -3.00970830835506960e-04 -8.50544142044909330e-06 -3.00970830835506960e-04 
 4.10349489153511513e+02  1.04935805241641951e-21  1.12120665804450191e-20 -8.33140239372625944e-20  1.74511390327446198e-19 -5.38296815975891629e-12  5.02385125171041984e-12  1.96114075010472225e-14  1.99447863433102444e-14  1.96113761442845618e-14  1.99448531927386285e-14  1.96113688038838060e-14  1.99448688437196011e-14  5.10115451806615904e-12 -3.24792892194796290e-12  5.10115451806615904e-12 -3.24792892194796290e-12  5.10115451806946776e-12 -3.24792892189502334e-12  5.10115451806781340e-12 -3.24792892205384202e-12  5.20935325757397777e-13  2.48199863031398278e-13  1.50419111898777120e-11  7.18028855243464524e-12  2.17904456655700605e-04  3.56056423161037292e-04  1.33057161617925395e-06 -8.62761555000352902e-07  1.33057737896769481e-06 -8.62758851674593601e-07  1.33057872817599834e-06 -8.62758218781622706e-07 -8.99150427525629159e-06 -3.09748451825218125e-04 -8.99150427525629159e-06 -3.09748451825218125e-04 -8.99150427525631869e-06 -3.09748451825217258e-04 -8.99150427525626448e-06 -3.09748451825218125e-04 
 4.22334953096616118e+02  8.54245350655011795e-22  1.22319539865388053e-20 -9.34878627041736272e-20  1.90415137812455315e-19 -5.70220072874071116e-12  5.17393714753638435e-12  2.08195175829921762e-14  2.17436768047040956e-14  2.08194816626740761e-14  2.17437512846151366e-14  2.08194765912297405e-14  2.17437618029404082e-14  5.40342903545589249e-12 -3.35153123601544250e-12  5.40342903545589249e-12 -3.35153123601544250e-12  5.40342903545589249e-12 -3.35153123596250294e-12  5.40342903545589249e-12 -3.35153123601544250e-12  5.52274595643329942e-13  2.70636065154804364e-13  1.59469400156214883e-11  7.82851405120151583e-12  2.18120357277197063e-04  3.66462248834177888e-04  1.40938904877485355e-06 -8.90919483418849710e-07  1.40939528712159980e-06 -8.90916474560772188e-07  1.40939616813708792e-06 -8.90916049645324651e-07 -9.50633096519646371e-06 -3.18781267333184746e-04 -9.50633096519646371e-06 -3.18781267333184746e-04 -9.50633096519646371e-06 -3.18781267333184746e-04 -9.50633096519646371e-06 -3.18781267333184692e-04 
 4.34670487771446915e+02  6.16192699991122719e-22  1.33450786624123877e-20 -1.04903161341191346e-19  2.07778506102019623e-19 -6.04034877671466575e-12  5.32870691850847241e-12  2.21048044953813186e-14  2.37046734797364073e-14  2.21047699663810088e-14  2.37047431176423351e-14  2.21047610750166044e-14  2.37047610567082795e-14  5.72358948769388051e-12 -3.45894683952484132e-12  5.72358948769388051e-12 -3.45894683952484132e-12  5.72358948768726307e-12 -3.45894683963072043e-12  5.72358948769057179e-12 -3.45894683952484132e-12  5.85527884827470138e-13  2.95095905766911663e-13  1.69072565168139153e-11  8.53518238925412873e-12  2.18348897479891637e-04  3.77171572632243257e-04  1.49286812241728688e-06 -9.20165851779848092e-07  1.49287378963872471e-06 -9.20163041534925204e-07  1.49287524957016015e-06 -9.20162317613676631e-07 -1.00516209521798025e-05 -3.28076624745808967e-04 -1.00516209521798025e-05 -3.28076624745808967e-04 -1.00516209521796940e-05 -3.28076624745808967e-04 -1.00516209521797753e-05 -3.28076624745808967e-04 
 4.47366318023516271e+02  3.28831052440594503e-22  1.45600402083799517e-20 -1.17711316307612537e-19  2.26737027571518480e-19 -6.39852605036246580e-12  5.48832779815310869e-12  2.34725347540725287e-14  2.58423419645457524e-14  2.34724955754899957e-14  2.58424188286498127e-14  2.34724887553858452e-14  2.58424322042637152e-14  6.06269235309440637e-12 -3.57035799130827713e-12  6.06269235309440637e-12 -3.57035799130827713e-12  6.06269235309109765e-12 -3.57035799130827713e-12  6.06269235309109765e-12 -3.57035799141415625e-12  6.20815530147191356e-13  3.21761670482796202e-13  1.79263383538715809e-11  9.30555736301054035e-12  2.18591096358910890e-04  3.88192719099703597e-04  1.58128171426958005e-06 -9.50557445745953388e-07  1.58128779203981349e-06 -9.50554347446939626e-07  1.58128884968355929e-06 -9.50553808303569191e-07 -1.06291735102976868e-05 -3.37642076372865420e-04 -1.06291735102976868e-05 -3.37642076372865420e-04 -1.06291735102976597e-05 -3.37642076372865420e-04 -1.06291735103253882e-05 -3.37642076372866287e-04 
 4.60432967345027748e+02 -1.50518155369979182e-23  1.58862431149200673e-20 -1.32082174009821764e-19  2.47439058150587498e-19 -6.77792490102330225e-12  5.65296776220933792e-12  2.49283443359714632e-14  2.81726088816035888e-14  2.49283072683538535e-14  2.81726796267424653e-14  2.49282956133790226e-14  2.81727018708699078e-14  6.42185628716474602e-12 -3.68595865529322629e-12  6.42185628716474602e-12 -3.68595865529322629e-12  6.42185628716143730e-12 -3.68595865529322629e-12  6.42185628715812858e-12 -3.68595865529322629e-12  6.58265840994443280e-13  3.50832041056405080e-13  1.90078937832443838e-11  1.01453762264009733e-11  2.18847489182925084e-04  3.99535263145140080e-04  1.67492289685669409e-06 -9.82152823099475721e-07  1.67492833203358159e-06 -9.82149974901299279e-07  1.67493004101172767e-06 -9.82149079381226168e-07 -1.12408941600286977e-05 -3.47485384859963422e-04 -1.12408941600286977e-05 -3.47485384859963422e-04 -1.12408941600563178e-05 -3.47485384859967758e-04 -1.12408941600562906e-05 -3.47485384859966891e-04 
 4.73881266597731383e+02 -4.23617962160328663e-22  1.73339738552909434e-20 -1.48206277477543867e-19  2.70047025952078064e-19 -7.17979554932732245e-12  5.82280913917773777e-12  2.64783231184556661e-14  3.07127779706002214e-14  2.64782814732205465e-14  3.07128552976152320e-14  2.64782715090028877e-14  3.07128738005081615e-14  6.80226575525816362e-12 -3.80595539782805216e-12  6.80226575525816362e-12 -3.80595539782805216e-12  6.80226575525154618e-12 -3.80595539782805216e-12  6.80226575525485490e-12 -3.80595539772217304e-12  6.98015672842068157e-13  3.82523567952515202e-13  2.01558782670291464e-11  1.10608922144592009e-11  2.19119186702384198e-04  4.11208073337552920e-04  1.77409774411959529e-06 -1.01501670320921518e-06  1.77410351634965746e-06 -1.01501359408757452e-06  1.77410489754110430e-06 -1.01501285016178292e-06 -1.18888001896744993e-05 -3.57614528067679829e-04 -1.18888001896744993e-05 -3.57614528067679829e-04 -1.18888001896744993e-05 -3.57614528067679829e-04 -1.18888001896745247e-05 -3.57614528067678095e-04 
 4.87722362990555382e+02 -9.06099072404652789e-22  1.89144856565233024e-20 -1.66297385493326037e-19  2.94738807632191345e-19 -7.60547169947195512e-12  5.99803733101793508e-12  2.81290052741532958e-14  3.34817484610245888e-14  2.81289589503846316e-14  3.34818321483347268e-14  2.81289506057866122e-14  3.34818472256659446e-14  7.20517487269869394e-12 -3.93056839295129488e-12  7.20517487269869394e-12 -3.93056839295129488e-12  7.20517487269869394e-12 -3.93056839295129488e-12  7.20517487269538522e-12 -3.93056839305717400e-12  7.40211049402330840e-13  4.17072272782221755e-13  2.13745124938185635e-11  1.20589208177537053e-11  2.19406953260179241e-04  4.23221005918697490e-04  1.87913344059689110e-06 -1.04921665650561187e-06  1.87913951028482722e-06 -1.04921329633337692e-06  1.87914060383190552e-06 -1.04921269097120536e-06 -1.25750277827929263e-05 -3.68037704636843760e-04 -1.25750277827929263e-05 -3.68037704636843760e-04 -1.25750277827928991e-05 -3.68037704636842893e-04 -1.25750277827650894e-05 -3.68037704636843760e-04 
 5.01967729319456168e+02 -1.47293109762566579e-21  2.06400916883479756e-20 -1.86595298422462362e-19  3.21709244769478665e-19 -8.05636560610202557e-12  6.17884616258518413e-12  2.98874277658473228e-14  3.65001171324482757e-14  2.98873849609049844e-14  3.65001923803448166e-14  2.98873698598957216e-14  3.65002189296371547e-14  7.63191146621148022e-12 -4.06003249293543757e-12  7.63191146621148022e-12 -4.06003249293543757e-12  7.63191146621148022e-12 -4.06003249304131669e-12  7.63191146621478894e-12 -4.06003249314719581e-12  7.85007834035413547e-13  4.54735395233314679e-13  2.26683018292253247e-11  1.31468902283128730e-11  2.19711605967818632e-04  4.35584167668960837e-04  1.99037628084440711e-06 -1.08482496788345538e-06  1.99038158353666042e-06 -1.08482195098866594e-06  1.99038345446211528e-06 -1.08482088660113032e-06 -1.33018386886158726e-05 -3.78763339206150045e-04 -1.33018386886158726e-05 -3.78763339206150045e-04 -1.33018386886713837e-05 -3.78763339206150045e-04 -1.33018386886159268e-05 -3.78763339206147443e-04 
 5.16629173477145173e+02 -2.13590554251504599e-21  2.25242676001252237e-20 -2.09369027419870927e-19  3.51171815945065830e-19 -8.53396398144655455e-12  6.36544419668450500e-12  3.17612003921298000e-14  3.97902853713423170e-14  3.17611533387878355e-14  3.97903658701813864e-14  3.17611390550330180e-14  3.97903903029253321e-14  8.08388136697691843e-12 -4.19459838819264845e-12  8.08388136697691843e-12 -4.19459838819264845e-12  8.08388136697360971e-12 -4.19459838829852757e-12  8.08388136698353587e-12 -4.19459838819264845e-12  8.32572456422789831e-13  4.95793295970935146e-13  2.40420573689789115e-11  1.43328962915679716e-11  2.20034414177849164e-04  4.48307295771164344e-04  2.10818970311136071e-06 -1.12192081530693554e-06  2.10819521481916535e-06 -1.12191759295099574e-06  2.10819688773852107e-06 -1.12191661494727668e-06 -1.40716272873785632e-05 -3.89800087664267326e-04 -1.40716272873785632e-05 -3.89800087664267326e-04 -1.40716272873785632e-05 -3.89800087664267326e-04 -1.40716272873229979e-05 -3.89800087664268194e-04 
 5.31718848240575426e+02 -2.90833932578601032e-21  2.45817643780468519e-20 -2.34920348263460191e-19  3.83360482244086712e-19 -9.03985068224921751e-12  6.55804422006246745e-12  3.37585061861029185e-14  4.33767101630074528e-14  3.37584549687337505e-14  4.33767954373669937e-14  3.37584412193376086e-14  4.33768183350705176e-14  8.56257295011514090e-12 -4.33453388894150917e-12  8.56257295011514090e-12 -4.33453388894150917e-12  8.56257295011514090e-12 -4.33453388894150917e-12  8.56257295011514090e-12 -4.33453388883563005e-12  8.83082701477414300e-13  5.40551528401221201e-13  2.55009187994208634e-11  1.56257623330498899e-11  2.20376310052700818e-04  4.61401079550136236e-04  2.23296158581583581e-06 -1.16058725679574689e-06  2.23296725880889409e-06 -1.16058384894835272e-06  2.23296878210052258e-06 -1.16058293392764188e-06 -1.48869288263320749e-05 -4.01156842869779403e-04 -1.48869288263320749e-05 -4.01156842869779403e-04 -1.48869288263321291e-05 -4.01156842869777668e-04 -1.48869288263320766e-05 -4.01156842869779349e-04 
 5.47249261344300294e+02 -3.80526565453566345e-21  2.68287326088725824e-20 -2.63587787296311395e-19  4.18531723759669072e-19 -9.57570001481992950e-12  6.75687121038733463e-12  3.58881862328246575e-14  4.72860273554440713e-14  3.58881310234818532e-14  4.72861168304335578e-14  3.58881174196694992e-14  4.72861388785191951e-14  9.06956193207218005e-12 -4.48012529242407080e-12  9.06956193207218005e-12 -4.48012529242407080e-12  9.06956193207218005e-12 -4.48012529242407080e-12  9.06956193206887133e-12 -4.48012529242407080e-12  9.36728562740319764e-13  5.89343096465837171e-13  2.70503791294819663e-11  1.70351043590543962e-11  2.20738420483050559e-04  4.74876286421431005e-04  2.36510139488216088e-06 -1.20091396411132009e-06  2.36510717836705497e-06 -1.20091039471950793e-06  2.36510860351199626e-06 -1.20090951520461850e-06 -1.57504272638715676e-05 -4.12842739957020532e-04 -1.57504272638715676e-05 -4.12842739957020532e-04 -1.57504272638715676e-05 -4.12842739957020532e-04 -1.57504272638715134e-05 -4.12842739957021399e-04 
 5.63233285848054493e+02 -4.84364834592003273e-21  2.92828593654409113e-20 -2.95751091132289059e-19  4.56966789344561304e-19 -1.01432855712825509e-11  6.96216117602568353e-12  3.81597904317286150e-14  5.15472616970533484e-14  3.81597314901468869e-14  5.15473546839415231e-14  3.81597175438817593e-14  5.15473766860152388e-14  9.60651644132976759e-12 -4.63167888035422547e-12  9.60651644132976759e-12 -4.63167888035422547e-12  9.60651644132976759e-12 -4.63167888035422547e-12  9.60651644132976759e-12 -4.63167888035422547e-12  9.93713169255270257e-13  6.42530913124559643e-13  2.86963115559604278e-11  1.85714020530837166e-11  2.21121938632138878e-04  4.88743992329581604e-04  2.50504250574715005e-06 -1.24299715734221313e-06  2.50504834564685204e-06 -1.24299345479776567e-06  2.50504972745101224e-06 -1.24299257876489783e-06 -1.66649639932177720e-05 -4.24867161901986551e-04 -1.66649639932177720e-05 -4.24867161901986551e-04 -1.66649639932177720e-05 -4.24867161901986551e-04 -1.66649639932455818e-05 -4.24867161901983949e-04 
 5.79684170807150394e+02 -6.04262248495042395e-21  3.19635190956443244e-20 -3.31836238947281857e-19  4.98974182897179571e-19 -1.07444851626947724e-11  7.17416188787887142e-12  4.05836419439198938e-14  5.61920401917462338e-14  4.05835796472936012e-14  5.61921358760703860e-14  4.05835647398446017e-14  5.61921587672598626e-14  1.01752023766695844e-11 -4.78952254320926180e-12  1.01752023766695844e-11 -4.78952254320926180e-12  1.01752023766695844e-11 -4.78952254320926180e-12  1.01752023766762018e-11 -4.78952254310338268e-12  1.05425379183001125e-12  7.00510478027431749e-13  3.04449986332885691e-11  2.02460761023184203e-11  2.21528127800322785e-04  5.03015590252693396e-04  2.65324357690315011e-06 -1.28694014729498596e-06  2.65324941562692261e-06 -1.28693634492774506e-06  2.65325081245428701e-06 -1.28693543531400932e-06 -1.76335469775380127e-05 -4.37239745065955295e-04 -1.76335469775380127e-05 -4.37239745065955295e-04 -1.76335469775380127e-05 -4.37239745065955295e-04 -1.76335469775379551e-05 -4.37239745065956162e-04 
 5.96615552254535146e+02 -7.42376466694030566e-21  3.48919400046326909e-20 -3.72321063020066718e-19  5.44892412763137990e-19 -1.13812880289925616e-11  7.39313364997125962e-12  4.31709082023219659e-14  6.12548243720866366e-14  4.31708430552312824e-14  6.12549217966954000e-14  4.31708264289009701e-14  6.12549466584358909e-14  1.07774890687679496e-11 -4.95400754068196672e-12  1.07774890687679496e-11 -4.95400754068196672e-12  1.07774890687547147e-11 -4.95400754068196672e-12  1.07774890687613322e-11 -4.95400754078784584e-12  1.11858293644003625e-12  7.63712793642013026e-13  3.23031639763039882e-11  2.20715724095774695e-11  2.21958325520808163e-04  5.17702798904946522e-04  2.81018999958256093e-06 -1.33285392489242832e-06  2.81019577576358435e-06 -1.33285006151853810e-06  2.81019724979712013e-06 -1.33284907566722501e-06 -1.86593603997857582e-05 -4.49970384750705799e-04 -1.86593603997857582e-05 -4.49970384750705799e-04 -1.86593603997857040e-05 -4.49970384750704065e-04 -1.86593603997578942e-05 -4.49970384750705799e-04 
 6.14041464503610882e+02 -9.01139634686666374e-21  3.80913876389175577e-20 -4.17741551035955093e-19  5.95093033972596450e-19 -1.20558008021021124e-11  7.61935014584788606e-12  4.59336791034056166e-14  6.67731631420383006e-14  4.59336117692493935e-14  6.67732611918922095e-14  4.59335924909780374e-14  6.67732892709516930e-14  1.14153552609399515e-11 -5.12551042116316300e-12  1.14153552609399515e-11 -5.12551042116316300e-12  1.14153552609432603e-11 -5.12551042116316300e-12  1.14153552609432603e-11 -5.12551042116316300e-12  1.18694953347110842e-12  8.32607540691111156e-13  3.42780067435783043e-11  2.40614537976924064e-11  2.22413947879645027e-04  5.32817671651266496e-04  2.97639542745617174e-06 -1.38085780169592768e-06  2.97640107568638190e-06 -1.38085392220874081e-06  2.97640269320164035e-06 -1.38085281127961808e-06 -1.97457748594321565e-05 -4.63069240752131102e-04 -1.97457748594321565e-05 -4.63069240752131102e-04 -1.97457748594322107e-05 -4.63069240752129367e-04 -1.97457748594322107e-05 -4.63069240752131102e-04 
 6.31976351781186963e+02 -1.08329243953559507e-20  4.15873675423721174e-20 -4.68698912652294826e-19  6.49984016607300574e-19 -1.27702544448337479e-11  7.85309934807609236e-12  4.88850533516100048e-14  7.27879679919487196e-14  4.88849846890017180e-14  7.27880653732338985e-14  4.88849616172800727e-14  7.27880980989804730e-14  1.20908954267015972e-11 -5.30443509919589155e-12  1.20908954267015972e-11 -5.30443509919589155e-12  1.20908954267015972e-11 -5.30443509909001243e-12  1.20908954267015972e-11 -5.30443509919589155e-12  1.25962023198157377e-12  9.07706536056268622e-13  3.63772391745286506e-11  2.62304998666885357e-11  2.22896494094105028e-04  5.48372605621998176e-04  3.15240339039792115e-06 -1.43108010599814901e-06  3.15240884092263400e-06 -1.43107626203687772e-06  3.15241067258669552e-06 -1.43107497034034524e-06 -2.08963581436843305e-05 -4.76546742898109621e-04 -2.08963581436843305e-05 -4.76546742898109621e-04 -2.08963581436843847e-05 -4.76546742898109621e-04 -2.08963581436564665e-05 -4.76546742898110488e-04 
 6.50435080200206812e+02 -1.29192233514909025e-20  4.54078490876244557e-20 -5.25867502638330763e-19  7.10013477523659949e-19 -1.35270086961108288e-11  8.09468692204742238e-12  5.20392474701668691e-14  7.93437933992317106e-14  5.20391646958573321e-14  7.93439077521951076e-14  5.20391503062233962e-14  7.93439276281044563e-14  1.28063264403561044e-11 -5.49121511461816086e-12  1.28063264403561044e-11 -5.49121511461816086e-12  1.28063264403627218e-11 -5.49121511461816086e-12  1.28063264403561044e-11 -5.49121511461816086e-12  1.33688080922042953e-12  9.89567497666703392e-13  3.86091274737983110e-11  2.85948157232492127e-11  2.23407683489510389e-04  5.64380183516744512e-04  3.33878795597607645e-06 -1.48365969177058619e-06  3.33879417469651768e-06 -1.48365518925885121e-06  3.33879525559119380e-06 -1.48365440670730329e-06 -2.21148865173726597e-05 -4.90413596494289707e-04 -2.21148865173726597e-05 -4.90413596494289707e-04 -2.21148865173726055e-05 -4.90413596494291442e-04 -2.21148865173726597e-05 -4.90413596494290575e-04 
 6.69432950082173534e+02 -1.53050643564614211e-20  4.95835129149022487e-20 -5.90003703748764689e-19  7.75673818375480143e-19 -1.43285719118695087e-11  8.34442764765144893e-12  5.54116464824566589e-14  8.64892387173767447e-14  5.54115639397576934e-14  8.64893498073194202e-14  5.54115435778797348e-14  8.64893772167761978e-14  1.35639946241889083e-11 -5.68631610134635087e-12  1.35639946241889083e-11 -5.68631610134635087e-12  1.35639946241889083e-11 -5.68631610134635087e-12  1.35639946241955257e-11 -5.68631610145222999e-12  1.41903770881246747e-12  1.07879814313287939e-12  4.09825364346513010e-11  3.11719503435003545e-11  2.23948932026043574e-04  5.80853857864216177e-04  3.53615968338939258e-06 -1.53874377313412370e-06  3.53616555318729974e-06 -1.53873941066545831e-06  3.53616700144673212e-06 -1.53873833437458308e-06 -2.34053570793118151e-05 -5.04680788018983155e-04 -2.34053570793118151e-05 -5.04680788018983155e-04 -2.34053570793118151e-05 -5.04680788018983155e-04 -2.34053570792840053e-05 -5.04680788018984782e-04 
 6.88985708639488166e+02 -1.80295966537507385e-20  5.41480244316863249e-20 -6.61955885988554105e-19  8.47506314587453468e-19 -1.51775910632936939e-11  8.60266092209629085e-12  5.90190006254843668e-14  9.42771898927029935e-14  5.90189198728042469e-14  9.42772957823679531e-14  5.90188916361668568e-14  9.42773328185526996e-14  1.43663831806722309e-11 -5.89023843710603025e-12  1.43663831806722309e-11 -5.89023843710603025e-12  1.43663831806722309e-11 -5.89023843700015113e-12  1.43663831806589961e-11 -5.89023843721190937e-12  1.50641971551741310e-12  1.17606065264077523e-12  4.35069780330382921e-11  3.39810254607261068e-11  2.24522150580658134e-04  5.97806941602278667e-04  3.74516127992342599e-06 -1.59649326742750040e-06  3.74516671613074728e-06 -1.59648912080467453e-06  3.74516861751007491e-06 -1.59648767056261415e-06 -2.47719999311303999e-05 -5.19359590154143381e-04 -2.47719999311303999e-05 -5.19359590154143381e-04 -2.47719999311303999e-05 -5.19359590154141646e-04 -2.47719999311301831e-05 -5.19359590154146091e-04 
 7.09109563028213188e+02 -2.11368876622437924e-20  5.91383365830481150e-20 -7.42675570940840953e-19  9.26106211379251770e-19 -1.60768693551003455e-11  8.86974513730390919e-12  6.28795172794240853e-14  1.02765259101342324e-13  6.28794237650014750e-14  1.02765378602884649e-13  6.28794018447152423e-14  1.02765406618044430e-13  1.52161200426473220e-11 -6.10352015140194342e-12  1.52161200426473220e-11 -6.10352015140194342e-12  1.52161200426473220e-11 -6.10352015140194342e-12  1.52161200426539395e-11 -6.10352015129606430e-12  1.59937978676107757e-12  1.28207652608660648e-12  4.61926645773529559e-11  3.70428758373057372e-11  2.25129354217436706e-04  6.15253148248757413e-04  3.96647269972172820e-06 -1.65708164116222162e-06  3.96647866055110604e-06 -1.65707697543998851e-06  3.96648005799873065e-06 -1.65707588168292968e-06 -2.62192918224471453e-05 -5.34461567250114683e-04 -2.62192918224471453e-05 -5.34461567250114683e-04 -2.62192918224471453e-05 -5.34461567250114683e-04 -2.62192918224470335e-05 -5.34461567250115442e-04 
 7.29821193782079717e+02 -2.46765290612161510e-20  6.45950250118270098e-20 -8.33229947027858014e-19  1.01212838517096315e-18 -1.70293817567356010e-11  9.14605359678778490e-12  6.70129687376722941e-14  1.12016247766689104e-13  6.70128628089230506e-14  1.12016379717299648e-13  6.70128464869952037e-14  1.12016400045263201e-13  1.61159861575647635e-11 -6.32674008611557411e-12  1.61159861575647635e-11 -6.32674008611557411e-12  1.61159861575647635e-11 -6.32674008611557411e-12  1.61159861575779984e-11 -6.32674008611557411e-12  1.69829705372962153e-12  1.39763187005729963e-12  4.90505667890229244e-11  4.03802019510026486e-11  2.25772403927659284e-04  6.33206900366381801e-04  4.20081534617088218e-06 -1.72069428459726232e-06  4.20082174115948240e-06 -1.72068914898003567e-06  4.20082272635905826e-06 -1.72068835784306450e-06 -2.77519704534686048e-05 -5.49998580638840287e-04 -2.77519704534686048e-05 -5.49998580638840287e-04 -2.77519704534686048e-05 -5.49998580638840287e-04 -2.77519704534687132e-05 -5.49998580638840287e-04 
 7.51137768638875286e+02 -2.87043166669497344e-20  7.05626594046463012e-20 -9.34815898510715435e-19  1.10629363666416540e-18 -1.80382786886621599e-11  9.43198080106090399e-12  7.14408765953325652e-14  1.22098565209570282e-13  7.14407773005718343e-14  1.22098685776314440e-13  7.14407471184056435e-14  1.22098722429100973e-13  1.70689242231271605e-11 -6.56052130830676899e-12  1.70689242231271605e-11 -6.56052130830676899e-12  1.70689242231271605e-11 -6.56052130830676899e-12  1.70689242231271605e-11 -6.56052130830676899e-12  1.80357900802354623e-12  1.52358315222123365e-12  5.20924772788680329e-11  4.40177361840775217e-11  2.26453277301648110e-04  6.51683006200708039e-04  4.44895220383579667e-06 -1.78753115734366973e-06  4.44895788122219462e-06 -1.78752648030460380e-06  4.44895960721413226e-06 -1.78752505853299430e-06 -2.93750492128978212e-05 -5.65982793550269363e-04 -2.93750492128978212e-05 -5.65982793550269363e-04 -2.93750492128978754e-05 -5.65982793550267628e-04 -2.93750492128978754e-05 -5.65982793550267628e-04 
 7.73076956770671245e+02 -3.32830130861010422e-20  7.70902151084894736e-20 -1.04877573012834810e-18  1.20939569160775086e-18 -1.91068866186704794e-11  9.72795263998321182e-12  7.61867437435988821e-14  1.33086656157726629e-13  7.61866346814894782e-14  1.33086785287858079e-13  7.61866066268318229e-14  1.33086818507224684e-13  1.80780478980577586e-11 -6.80553482593551900e-12  1.80780478980577586e-11 -6.80553482593551900e-12  1.80780478980577586e-11 -6.80553482593551900e-12  1.80780478980445237e-11 -6.80553482582963988e-12  1.91566389389761616e-12  1.66086346353734187e-12  5.53310800016794102e-11  4.79824236774972223e-11  2.27174471699260235e-04  6.70696246384623672e-04  4.71168699115404402e-06 -1.85781070874033063e-06  4.71169289922793561e-06 -1.85780571701831678e-06  4.71169441909777673e-06 -1.85780443297159635e-06 -3.10938326427853291e-05 -5.82426675762400393e-04 -3.10938326427853291e-05 -5.82426675762400393e-04 -3.10938326427853291e-05 -5.82426675762400393e-04 -3.10938326427853765e-05 -5.82426675762396924e-04 
 7.95656943429686180e+02 -3.84832030381376395e-20  8.42315299221850945e-20 -1.17661479081338494e-18  1.32230899768454352e-18 -2.02387379045435717e-11  1.00344115163219605e-11  8.12761399465530922e-14  1.45061673161553069e-13  8.12760225100671668e-14  1.45061808763752427e-13  8.12759947300334748e-14  1.45061840840162220e-13  1.91466515257078064e-11 -7.06250364663208439e-12  1.91466515257078064e-11 -7.06250364663208439e-12  1.91466515257078064e-11 -7.06250364663208439e-12  1.91466515257078064e-11 -7.06250364663208439e-12  2.03502333222971350e-12  1.81048933155098763e-12  5.87800264506996626e-11  5.23036191030256343e-11  2.27938218492628841e-04  6.90262270987568620e-04  4.98987293194343930e-06 -1.93176609831937708e-06  4.98987895997477810e-06 -1.93176087583601297e-06  4.98988038590136478e-06 -1.93175964054968838e-06 -3.29139335465067963e-05 -5.99343008669795253e-04 -3.29139335465067963e-05 -5.99343008669795253e-04 -3.29139335465067963e-05 -5.99343008669795253e-04 -3.29139335465067963e-05 -5.99343008669795253e-04 
 8.18896445021924706e+02 -4.43842526401756198e-20  9.20458110657561631e-20 -1.32002122545970660e-18  1.44599740887432300e-18 -2.14375698453801028e-11  1.03518291609366842e-11  8.67369860769669920e-14  1.58111976346846279e-13  8.67368621322240070e-14  1.58112115943914405e-13  8.67368322842387837e-14  1.58112149562188861e-13  2.02782203714886613e-11 -7.33220715855139790e-12  2.02782203714886613e-11 -7.33220715855139790e-12  2.02782203714886613e-11 -7.33220715855139790e-12  2.02782203714886613e-11 -7.33220715855139790e-12  2.16216519161696143e-12  1.97356813411811021e-12  6.24540190438454595e-11  5.70133007775089247e-11  2.28747019169229203e-04  7.10397015512792313e-04  5.28441112010164593e-06 -2.00965006714050776e-06  5.28441714955515304e-06 -2.00964471179615790e-06  5.28441860160007858e-06 -2.00964342219173095e-06 -3.48412901288204643e-05 -6.16744889429447969e-04 -3.48412901288204643e-05 -6.16744889429447969e-04 -3.48412901288204643e-05 -6.16744889429447969e-04 -3.48412901288205185e-05 -6.16744889429446234e-04 
 8.42814724621086270e+02 -5.10753851292644009e-20  1.00598198389241115e-19 -1.48088810936390342e-18  1.58152387003725613e-18 -2.27073396435843733e-11  1.06807058882372389e-11  9.25997736963590133e-14  1.72333793523751868e-13  9.25996456620350799e-14  1.72333934207735319e-13  9.25996108311138465e-14  1.72333972495444332e-13  2.14764414167979256e-11 -7.61548590721537082e-12  2.14764414167979256e-11 -7.61548590721537082e-12  2.14764414168045430e-11 -7.61548590721537082e-12  2.14764414167913081e-11 -7.61548590753300818e-12  2.29763673956601447e-12  2.15130616408025087e-12  6.63689026572897723e-11  6.21463035793185964e-11  2.29603521117786608e-04  7.31116861892761559e-04  5.59625428007970099e-06 -2.09173569423769980e-06  5.59626018398017910e-06 -2.09173031944348252e-06  5.59626179074205485e-06 -2.09172885679549341e-06 -3.68821845152442128e-05 -6.34645735164695267e-04 -3.68821845152442128e-05 -6.34645735164695267e-04 -3.68821845152443213e-05 -6.34645735164691797e-04 -3.68821845151884848e-05 -6.34645735164693641e-04 
 8.67431607935603211e+02 -5.86568869013376192e-20  1.09960390557858613e-19 -1.66133825129324576e-18  1.73006122324333627e-18 -2.40522378218682026e-11  1.10215727506121034e-11  9.88978279660801170e-14  1.87831914076320199e-13  9.88976989225958362e-14  1.87832052453710512e-13  9.88976554889962323e-14  1.87832099035559528e-13  2.27452147291265085e-11 -7.91324678157799164e-12  2.27452147291265085e-11 -7.91324678157799164e-12  2.27452147291265085e-11 -7.91324678157799164e-12  2.27452147291132736e-11 -7.91324678178974988e-12  2.44202810048967917e-12  2.34501740153455307e-12  7.05417650862500196e-11  6.77405723029459788e-11  2.30510526014454691e-04  7.52438649870021750e-04  5.92640961290048438e-06 -2.17831813533534437e-06  5.92641525512713254e-06 -2.17831287166654607e-06  5.92641715443940077e-06 -2.17831109993950194e-06 -3.90432621740754507e-05 -6.53059286777917815e-04 -3.90432621740754507e-05 -6.53059286777917815e-04 -3.90432621740754507e-05 -6.53059286777917815e-04 -3.90432621740753491e-05 -6.53059286777916081e-04 
 8.92767499742043469e+02 -6.72414597024239344e-20  1.20211341557811149e-19 -1.86375198456628112e-18  1.89290427485616588e-18 -2.54766982521210245e-11  1.13749972224429718e-11  1.05667625324373682e-13  2.04720415766612773e-13  1.05667473063583969e-13  2.04720575143223707e-13  1.05667442672968263e-13  2.04720606954935704e-13  2.40886654332282099e-11 -8.22646864615915062e-12  2.40886654332282099e-11 -8.22646864615915062e-12  2.40886654332149750e-11 -8.22646864615915062e-12  2.40886654332149750e-11 -8.22646864637090885e-12  2.59597605272217441e-12  2.55613305432256040e-12  7.49910473761530887e-11  7.38374372040139271e-11  2.31471130793276078e-04  7.74379565109294815e-04  6.27594070516588979e-06 -2.26971754249880029e-06  6.27594701915965122e-06 -2.26971150792881353e-06  6.27594827940451734e-06 -2.26971030354839819e-06 -4.13315522874389886e-05 -6.71999612309358871e-04 -4.13315522874389886e-05 -6.71999612309358871e-04 -4.13315522874389886e-05 -6.71999612309357136e-04 -4.13315522874387718e-05 -6.71999612309360605e-04 
 9.18843400798498692e+02 -7.69557363160136069e-20  1.31438036249106793e-19 -2.09079830363573240e-18  2.07148328353193428e-18 -2.69854254230945251e-11  1.17415724720089604e-11  1.12949014849833594e-13  2.23123592138999333e-13  1.12948868564596626e-13  2.23123741636178621e-13  1.12948821428536600e-13  2.23123789813245447e-13  2.55111563239035257e-11 -8.55620847419845257e-12  2.55111563239035257e-11 -8.55620847419845257e-12  2.55111563239035257e-11 -8.55620847419845257e-12  2.55111563238902908e-11 -8.55620847441021081e-12  2.76016820474138565e-12  2.78621193264101830e-12  7.97366651895863404e-11  8.04819136345485901e-11  2.32488208485237687e-04  7.96957648107976405e-04  6.64597498158163991e-06 -2.36627702420989412e-06  6.64598073601635873e-06 -2.36627139109563361e-06  6.64598259043514214e-06 -2.36626957593812622e-06 -4.37544896519390800e-05 -6.91481110281195392e-04 -4.37544896519390800e-05 -6.91481110281195392e-04 -4.37544896519390800e-05 -6.91481110281195392e-04 -4.37544896519389715e-05 -6.91481110281197127e-04 
 9.45680925251977783e+02 -8.79419795138574104e-20  1.43736354184027632e-19 -2.34546974574278973e-18  2.26737904024856490e-18 -2.85833875015087391e-11  1.21219433552336928e-11  1.20785758456666355e-13  2.43176652519269700e-13  1.20785594595495730e-13  2.43176816062389378e-13  1.20785553626894352e-13  2.43176856949513466e-13  2.70173011148919622e-11 -8.90360797717033685e-12  2.70173011148919622e-11 -8.90360797717033685e-12  2.70173011148787273e-11 -8.90360797738209509e-12  2.70173011148787273e-11 -8.90360797759385332e-12  2.93534758054760575e-12  3.03695172884057019e-12  8.48001420856532197e-11  8.77230278286683788e-11  2.33565342946619051e-04  8.20190938388432001e-04  7.03769944063699340e-06 -2.46837206040734728e-06  7.03770555696749015e-06 -2.46836592959172951e-06  7.03770708614543985e-06 -2.46836439692165567e-06 -4.63199367301651640e-05 -7.11518511661008443e-04 -4.63199367301651640e-05 -7.11518511661008443e-04 -4.63199367301649471e-05 -7.11518511661008443e-04 -4.63199367301649471e-05 -7.11518511661006709e-04 
 9.73302318554234716e+02 -1.00359985914963398e-19  1.57212032962489500e-19 -2.63112146446623440e-18  2.48233975383868164e-18 -3.02758546857039013e-11  1.25167859505222613e-11  1.29225746785522236e-13  2.65026880357004558e-13  1.29225568736549745e-13  2.65027053964017159e-13  1.29225529892148179e-13  2.65027091829036879e-13  2.86119784046850962e-11 -9.26990085178621575e-12  2.86119784046850962e-11 -9.26990085178621575e-12  2.86119784046850962e-11 -9.26990085178621575e-12  2.86119784046586264e-11 -9.26990085199797399e-12  3.12231767487347028e-12  3.31020127954187719e-12  9.02047564803263996e-11  9.56141710580668290e-11  2.34705914396203378e-04  8.44098347561223882e-04  7.45237167034856331e-06 -2.57640567990190202e-06  7.45237797877241395e-06 -2.57639920681997267e-06  7.45237935466392080e-06 -2.57639779513958019e-06 -4.90362081407924122e-05 -7.32126882433973810e-04 -4.90362081407924122e-05 -7.32126882433973810e-04 -4.90362081407924122e-05 -7.32126882433973810e-04 -4.90362081407921954e-05 -7.32126882433970340e-04 
 1.00173047590088083e+03 -1.14389219567200155e-19  1.71981742840455177e-19 -2.95151499459423401e-18  2.71829995951219053e-18 -3.20684032442935391e-11  1.29268242118524865e-11  1.38321548507670296e-13  2.88834572751790857e-13  1.38321360691349133e-13  2.88834751700322263e-13  1.38321318855862472e-13  2.88834791566705476e-13  3.03003463361787322e-11 -9.65642061060231370e-12  3.03003463361787322e-11 -9.65642061060231370e-12  3.03003463361654973e-11 -9.65642061060231370e-12  3.03003463361522624e-11 -9.65642061081407193e-12  3.32194801182722636e-12  3.60797389311012536e-12  9.59757032665877312e-11  1.04213484565276919e-10  2.35913638872980319e-04  8.68699181167802777e-04  7.89131913836068941e-06 -2.69081524144256439e-06  7.89132545625043308e-06 -2.69080860706617119e-06  7.89132686375803761e-06 -2.69080712918747471e-06 -5.19120953959435321e-05 -7.53321624655034776e-04 -5.19120953959435321e-05 -7.53321624655034776e-04 -5.19120953959434237e-05 -7.53321624655034776e-04 -5.19120953959433152e-05 -7.53321624655033150e-04 
 1.03098896120906534e+03 -1.30231202287347484e-19  1.88174286745143413e-19 -3.31086726640634473e-18  2.97740171763770663e-18 -3.39669374170483568e-11  1.33528301144645841e-11  1.48130877642339808e-13  3.14774206943735221e-13  1.48130685723202805e-13  3.14774385666859911e-13  1.48130634444622272e-13  3.14774433420823854e-13  3.20878580123946102e-11 -1.00646091124884790e-11  3.20878580123946102e-11 -1.00646091124884790e-11  3.20878580123813753e-11 -1.00646091122767208e-11  3.20878580123813753e-11 -1.00646091122767208e-11  3.53518027247649212e-12  3.93246183271145167e-12  1.02140272007627249e-10  1.13584277871586877e-10  2.37192447688908001e-04  8.94013274512633145e-04  8.35594405611859525e-06 -2.81207425913228500e-06  8.35595018686015143e-06 -2.81206767272703313e-06  8.35595182500672308e-06 -2.81206591300194823e-06 -5.49568933755519148e-05 -7.75118477229570085e-04 -5.49568933755519148e-05 -7.75118477229570085e-04 -5.49568933755520232e-05 -7.75118477229571820e-04 -5.49568933755516980e-05 -7.75118477229578651e-04 
 1.06110202664945496e+03 -1.48112191544102486e-19  2.05931941067199650e-19 -3.71390549275989580e-18  3.26201839399556273e-18 -3.59777045395165418e-11  1.37956314141064783e-11  1.58717178684433235e-13  3.43035643178004031e-13  1.58716953115588914e-13  3.43035848566950128e-13  1.58716921179799825e-13  3.43035877653102007e-13  3.39802776832270880e-11 -1.04960258048164296e-11  3.39802776832270880e-11 -1.04960258048164296e-11  3.39802776832270880e-11 -1.04960258048164296e-11  3.39802776832006183e-11 -1.04960258052399461e-11  3.76303504814818824e-12  4.28605205159624560e-12  1.08728043354050592e-10  1.23795483261745264e-10  2.38546631703245447e-04  9.20060900257805474e-04  8.84772622249323538e-06 -2.94069672553636577e-06  8.84773306800727273e-06 -2.94068920404857467e-06  8.84773403742932344e-06 -2.94068813900170119e-06 -5.81804279599351581e-05 -7.97533515748958090e-04 -5.81804279599351581e-05 -7.97533515748958090e-04 -5.81804279599351581e-05 -7.97533515748958090e-04 -5.81804279599626968e-05 -7.97533515748958090e-04 
 1.09209463274870245e+03 -1.68286179956521257e-19  2.25411955241100635e-19 -4.16592862616971317e-18  3.57478136168762101e-18 -3.81073283280304598e-11  1.42561000155773702e-11  1.70150092188097100e-13  3.73825598602949418e-13  1.70149876346896783e-13  3.73825790830624788e-13  1.70149819549367203e-13  3.73825841439189026e-13  3.59836977538779570e-11 -1.09523577963755619e-11  3.59836977538779570e-11 -1.09523577963755619e-11  3.59836977538779570e-11 -1.09523577963755619e-11  3.59836977538647221e-11 -1.09523577965873201e-11  4.00661929360458862e-12  4.67134328661643746e-12  1.15771105855921445e-10  1.34922149496569063e-10  2.39980325832416918e-04  9.46863203441992789e-04  9.36823161203599662e-06 -3.07723562367497355e-06  9.36823783693354378e-06 -3.07722863078447262e-06  9.36823947570726201e-06 -3.07722679002381299e-06 -6.15930855180437959e-05 -8.20583151956903170e-04 -6.15930855180437959e-05 -8.20583151956903170e-04 -6.15930855180437959e-05 -8.20583151956903170e-04 -6.15930855180991986e-05 -8.20583151956897966e-04 
 1.12399246907906740e+03 -1.91038254576142238e-19  2.46788229380931678e-19 -4.67287616177005893e-18  3.91860999189024009e-18 -4.03628077955044823e-11  1.47351840464773182e-11  1.82506387786748270e-13  4.07368869055992267e-13  1.82506151232945414e-13  4.07369075199327083e-13  1.82506099113949379e-13  4.07369120625604782e-13  3.81045565926388969e-11 -1.14354307271350043e-11  3.81045565926388969e-11 -1.14354307271350043e-11  3.81045565926256620e-11 -1.14354307273467626e-11  3.81045565926256620e-11 -1.14354307273467626e-11  4.26713454143378262e-12  5.09116462049552308e-12  1.23304294956417696e-10  1.47045977957263704e-10  2.41498447201627222e-04  9.74441476869358498e-04  9.91910889801253981e-06 -3.22229510349387629e-06  9.91911538402851149e-06 -3.22228765665537285e-06  9.91911681327849293e-06 -3.22228601585977680e-06 -6.52058428220097304e-05 -8.44284131200443138e-04 -6.52058428220097304e-05 -8.44284131200443138e-04 -6.52058428220097304e-05 -8.44284131200439669e-04 -6.52058428220095136e-05 -8.44284131200441295e-04 
 1.15682197555233734e+03 -2.16688358415596021e-19  2.70253193719405233e-19 -5.24140515726001884e-18  4.29674538620922545e-18 -4.27515620560897647e-11  1.52338848331576662e-11  1.95870460216891356e-13  4.43910141774513524e-13  1.95870211076708300e-13  4.43910354283830334e-13  1.95870154570346296e-13  4.43910402485298989e-13  4.03496572494064034e-11 -1.19472206449160878e-11  4.03496572494064034e-11 -1.19472206449160878e-11  4.03496572494064034e-11 -1.19472206449160878e-11  4.03496572494064034e-11 -1.19472206451278460e-11  4.54588598549883708e-12  5.54859563835331709e-12  1.31365457303332729e-10  1.60255904840147249e-10  2.43105784830377849e-04  1.00281790556314317e-03  1.05021017673471149e-05 -3.37652585412462794e-06  1.05021082637709938e-05 -3.37651823365587387e-06  1.05021097372289800e-05 -3.37651650544788417e-06 -6.90302997624349753e-05 -8.68653530192533912e-04 -6.90302997624349753e-05 -8.68653530192533912e-04 -6.90302997624349753e-05 -8.68653530192533912e-04 -6.90302997624072198e-05 -8.68653530192532177e-04 
 1.19061036433570098e+03 -2.45595502060226915e-19  2.96019914374228634e-19 -5.87897643545172836e-18  4.71278832127749014e-18 -4.52814412756161883e-11  1.57532780926383504e-11  2.10335317712923937e-13  4.83715570209601337e-13  2.10335066336044504e-13  4.83715780152176706e-13  2.10334994119868306e-13  4.83715840485903405e-13  4.27261870308646613e-11 -1.24898668330710567e-11  4.27261870308646613e-11 -1.24898668330710567e-11  4.27261870308646613e-11 -1.24898668330710567e-11  4.27261870309176008e-11 -1.24898668330710567e-11  4.84429250302531533e-12  6.04698830615708263e-12  1.39995742436465746e-10  1.74648733088758546e-10  2.44807542986271007e-04  1.03201516279713759e-03  1.11190491494902009e-05 -3.54063432865367443e-06  1.11190553851392931e-05 -3.54062685833626345e-06  1.11190571771754578e-05 -3.54062471173194276e-06 -7.30787125910042370e-05 -8.93708752531707741e-04 -7.30787125910042370e-05 -8.93708752531707741e-04 -7.30787125910042370e-05 -8.93708752531707741e-04 -7.30787125910044674e-05 -8.93708752531700802e-04 
 1.22538564240773917e+03 -2.78162477787266573e-19  3.24324455459556146e-19 -6.59395105216458423e-18  5.17074197651930639e-18 -4.79607519335029792e-11  1.62945202341095111e-11  2.26003528844387794e-13  5.27074619949071136e-13  2.26003239397347850e-13  5.27074856763435884e-13  2.26003186259265299e-13  5.27074900245011964e-13  4.52417380086752105e-11 -1.30656857528571390e-11  4.52417380086752105e-11 -1.30656857528571390e-11  4.52417380086752105e-11 -1.30656857528571390e-11  4.52417380086619756e-11 -1.30656857530688972e-11  5.16389773457536698e-12  6.58999071388323085e-12  1.49239925296425932e-10  1.90329818198970866e-10  2.46609356957728956e-04  1.06205643596507331e-03  1.17718900618546208e-05 -3.71538759555825785e-06  1.17718968959421414e-05 -3.71537923743534148e-06  1.17718981507253314e-05 -3.71537770300892915e-06 -7.73640291350809851e-05 -9.19467523312180249e-04 -7.73640291350809851e-05 -9.19467523312180249e-04 -7.73640291350809851e-05 -9.19467523312180249e-04 -7.73640291350807683e-05 -9.19467523312178622e-04 
 1.26117663477322913e+03 -3.14841136086035060e-19  3.55428530119325277e-19 -7.39569823549177054e-18  5.67506008196957776e-18 -5.07982928182708349e-11  1.68588410452255089e-11  2.42988122124515906e-13  5.74302192114086297e-13  2.42987804811415485e-13  5.74302446500248798e-13  2.42987759415743468e-13  5.74302482912739362e-13  4.79043284899886832e-11 -1.36771861856327864e-11  4.79043284899886832e-11 -1.36771861856327864e-11  4.79043284899886832e-11 -1.36771861856327864e-11  4.79043284899886832e-11 -1.36771861856327864e-11  5.50638233727103490e-12  7.18157283652491166e-12  1.59146762956234611e-10  2.07413812303796156e-10  2.48516913571105867e-04  1.09296571975030666e-03  1.24626721301716796e-05 -3.90161425417420956e-06  1.24626792628310381e-05 -3.90160535245860564e-06  1.24626802837999818e-05 -3.90160407841156126e-06 -8.18999259565813176e-05 -9.45947882658967659e-04 -8.18999259565813176e-05 -9.45947882658967659e-04 -8.18999259565813176e-05 -9.45947882658967659e-04 -8.18999259565255896e-05 -9.45947882658969503e-04 
 1.29801300835600637e+03 -3.56138289814810778e-19  3.89622478073277207e-19 -8.29471613748686105e-18  6.23070119911115160e-18 -5.38033733776636935e-11  1.74475635711211644e-11  2.61413879244254443e-13  6.25740681410164772e-13  2.61413547405862466e-13  6.25740942245027328e-13  2.61413495300101320e-13  6.25740983220246151e-13  5.07224254349526119e-11 -1.43270856174394892e-11  5.07224254349526119e-11 -1.43270856174394892e-11  5.07224254349261421e-11 -1.43270856176512475e-11  5.07224254349526119e-11 -1.43270856176512475e-11  5.87357752979279219e-12  7.82605447241781508e-12  1.69769389013721972e-10  2.26025471162512268e-10  2.50536364846310920e-04  1.12476754358338516e-03  1.31935534309961133e-05 -4.10021398642687142e-06  1.31935605368177495e-05 -4.10020494064675017e-06  1.31935616531556744e-05 -4.10020351970085782e-06 -8.67008466345055783e-05 -9.73168177046582206e-04 -8.67008466345055783e-05 -9.73168177046582206e-04 -8.67008466345053615e-05 -9.73168177046585675e-04 -8.67008466345053615e-05 -9.73168177046583832e-04 
 1.33592529658968715e+03 -4.02622319793884647e-19  4.27228612337259076e-19 -9.30276689816329127e-18  6.84318997013071492e-18 -5.69858468139200491e-11  1.80621070586982823e-11  2.81418580759943162e-13  6.81762364047060658e-13  2.81418251171482452e-13  6.81762618132129416e-13  2.81418174276772709e-13  6.81762677417818279e-13  5.37049678867015412e-11 -1.50183280360110312e-11  5.37049678867015412e-11 -1.50183280360110312e-11  5.37049678867280110e-11 -1.50183280355875148e-11  5.37049678867015412e-11 -1.50183280357992730e-11  6.26748008361530894e-12  8.52813553711451636e-12  1.81165750169378435e-10  2.46300529190582575e-10  2.52674214346718638e-04  1.15748708117963659e-03  1.39668090885043647e-05 -4.31216217096899783e-06  1.39668158139217306e-05 -4.31215344188255663e-06  1.39668173831835037e-05 -4.31215140536555040e-06 -9.17820421744952971e-05 -1.00114704933085470e-03 -9.17820421744952971e-05 -1.00114704933085470e-03 -9.17820421744955139e-05 -1.00114704933085817e-03 -9.17820421744671078e-05 -1.00114704933086164e-03 
 1.37494492472663615e+03 -4.54930563655451644e-19  4.68604983314054019e-19 -1.04330276881365231e-17  7.51868626597582546e-18 -6.03561378664536213e-11  1.87039999153827121e-11  3.03154502105701490e-13  7.42771894039158348e-13  3.03154134413993043e-13  7.42772172196837292e-13  3.03154071839434065e-13  7.42772219554581722e-13  5.68613914073178794e-11 -1.57541031992907321e-11  5.68613914073178794e-11 -1.57541031992907321e-11  5.68613914073443492e-11 -1.57541031995024904e-11  5.68613914073178794e-11 -1.57541031997142486e-11  6.69026891251814598e-12  9.29292889811669739e-12  1.93399089421828569e-10  2.68386647889713166e-10  2.54937468496531502e-04  1.19115008029741084e-03  1.47848357279292324e-05 -4.53851790063071510e-06  1.47848428814514697e-05 -4.53850843873796491e-06  1.47848440993586484e-05 -4.53850682803194715e-06 -9.71596130050924429e-05 -1.02990342666608287e-03 -9.71596130050924429e-05 -1.02990342666608287e-03 -9.71596130050928766e-05 -1.02990342666607593e-03 -9.71596130050926733e-05 -1.02990342666607246e-03 
 1.41510423588615572e+03 -5.13777578984888147e-19  5.14149615721126895e-19 -1.17002595901943775e-17  8.26406331301850666e-18 -6.39252854481037885e-11  1.93748731480071382e-11  3.26789834974271017e-13  8.09209188035909112e-13  3.26789447787569893e-13  8.09209475616829595e-13  3.26789379561712970e-13  8.09209526314729338e-13  6.02016535710751557e-11 -1.65378675605333764e-11  6.02016535710751557e-11 -1.65378675605333764e-11  6.02016535710222162e-11 -1.65378675603216181e-11  6.02016535710222162e-11 -1.65378675605333764e-11  7.14432344594669743e-12  1.01259959543378954e-11  2.06538481309000802e-10  2.92444443567071226e-10  2.57333260930112204e-04  1.22578312778290365e-03  1.56501608682247547e-05 -4.78042632078545935e-06  1.56501680540443651e-05 -4.78041663943282781e-06  1.56501693208625787e-05 -4.78041493290459430e-06 -1.02850553196972991e-04 -1.05945650685340697e-03 -1.02850553196972991e-04 -1.05945650685340697e-03 -1.02850553196917046e-04 -1.05945650685341218e-03 -1.02850553196944368e-04 -1.05945650685341391e-03 
 1.45643651786349005e+03 -5.79964382188305734e-19  5.64305279842260118e-19 -1.31209963803633295e-17  9.08699599821439783e-18 -6.77049677715209353e-11  2.00764843914417275e-11  3.52510636055277002e-13  8.81552263477774446e-13  3.52510252878747488e-13  8.81552543011881929e-13  3.52510153987650896e-13  8.81552615185044736e-13  6.37362604709312068e-11 -1.73733668809085315e-11  6.37362604709312068e-11 -1.73733668809085315e-11  6.37362604709312068e-11 -1.73733668806967732e-11  6.37362604709047370e-11 -1.73733668811202897e-11  7.63224396685471623e-12  1.10333851695852092e-11  2.20659424475902100e-10  3.18648600385539525e-10  2.59869269811530731e-04  1.26141340476983274e-03  1.65654453921946543e-05 -5.03913073620751403e-06  1.65654521785977994e-05 -5.03912142756564656e-06  1.65654539307545586e-05 -5.03911902456662538e-06 -1.08872795932521155e-04 -1.08982574170270945e-03 -1.08872795932521155e-04 -1.08982574170270945e-03 -1.08872795932521155e-04 -1.08982574170271118e-03 -1.08872795932520722e-04 -1.08982574170270749e-03 
 1.49897603072186553e+03 -6.54388775697853369e-19  6.19564869148168337e-19 -1.47137555121844208e-17  9.99606075456328821e-18 -7.17075391849352622e-11  2.08107286845472849e-11  3.80522825199185832e-13  9.60320437550154632e-13  3.80522402701798719e-13  9.60320740478584200e-13  3.80522315007418899e-13  9.60320803393941591e-13  6.74762942966768591e-11 -1.82646607519514038e-11  6.74762942966768591e-11 -1.82646607519514038e-11  6.74762942966768591e-11 -1.82646607519514038e-11  6.74762942966503894e-11 -1.82646607519514038e-11  8.15687414529141586e-12  1.20216737932129469e-11  2.35844498320719361e-10  3.47189075488594528e-10  2.62553740116095802e-04  1.29806870906544122e-03  1.75334896662784311e-05 -5.31598101218037202e-06  1.75334968116926624e-05 -5.31597103915002657e-06  1.75334982957510525e-05 -5.31596896812528686e-06 -1.15245261142132927e-04 -1.12103081827551534e-03 -1.15245261142132927e-04 -1.12103081827551534e-03 -1.15245261142132927e-04 -1.12103081827551534e-03 -1.15245261142076562e-04 -1.12103081827552228e-03 
 1.54275803519043666e+03 -7.38056889467455557e-19  6.80477464655240991e-19 -1.64992738616038052e-17  1.10008486128916619e-17 -7.59460787173090596e-11  2.15796328645112079e-11  4.11054181040163646e-13  1.04607794217111511e-12  4.11053746803429280e-13  1.04607824831562290e-12  4.11053641056659772e-13  1.04607832290911618e-12  7.14334419956721286e-11 -1.92161491659276028e-11  7.14334419956721286e-11 -1.92161491659276028e-11  7.14334419956721286e-11 -1.92161491659276028e-11  7.14334419956721286e-11 -1.92161491659276028e-11  8.72132601172726879e-12  1.30980130142426934e-11  2.52184090854550336e-10  3.78272403307511476e-10  2.65395111274645832e-04  1.33577770083139857e-03  1.85572435442604613e-05 -5.61243737529679059e-06  1.85572505604785969e-05 -5.61242741606318206e-06  1.85572522699087611e-05 -5.61242498999095121e-06 -1.21987905346626277e-04 -1.15309163786071387e-03 -1.21987905346626277e-04 -1.15309163786071387e-03 -1.21987905346626277e-04 -1.15309163786071387e-03 -1.21987905346654466e-04 -1.15309163786071712e-03 
 1.58781882189167823e+03 -8.32096075270339643e-19  7.47655177290464034e-19 -1.85007710621283026e-17  1.21120931976584591e-17 -8.04344174002314533e-11  2.23853893787086754e-11  4.44357078302159395e-13  1.13943745354128176e-12  4.44356585580446999e-13  1.13943779531742161e-12  4.44356506806382904e-13  1.13943784997089905e-12  7.56200249436956781e-11 -2.02326012143681853e-11  7.56200249436956781e-11 -2.02326012143681853e-11  7.56200249436956781e-11 -2.02326012147917018e-11  7.56200249436956781e-11 -2.02326012143681853e-11  9.32900761809877388e-12  1.42701768004029434e-11  2.69777205042394486e-10  4.12123106314412479e-10  2.68402569473069174e-04  1.37456960276855530e-03  1.96398079440502752e-05 -5.93008674606255611e-06  1.96398155544628974e-05 -5.93007576601883437e-06  1.96398167714459818e-05 -5.93007401047075014e-06 -1.29121772665712580e-04 -1.18602829108808657e-03 -1.29121772665712580e-04 -1.18602829108808657e-03 -1.29121772665712580e-04 -1.18602829108808310e-03 -1.29121772665712363e-04 -1.18602829108808657e-03 
 1.63419574142244960e+03 -9.37769309222883239e-19  8.21780874159208731e-19 -2.07442435978759082e-17  1.33418157586790914e-17 -8.51871952156375151e-11  2.32303463676409010e-11  4.80710920636348030e-13  1.24106433113180591e-12  4.80710402900693911e-13  1.24106468468038024e-12  4.80710315868058580e-13  1.24106474413481395e-12  8.00490297225222311e-11 -2.13191862097542034e-11  8.00490297225222311e-11 -2.13191862097542034e-11  8.00490297225222311e-11 -2.13191862097542034e-11  8.00490297225487008e-11 -2.13191862097542034e-11  9.98365371456520453e-12  1.55466147109897193e-11  2.88732353185142514e-10  4.48985220574702367e-10  2.71585545722258584e-04  1.41447451429576091e-03  2.07844464092273764e-05 -6.27064612429998579e-06  2.07844540579626050e-05 -6.27063491413029057e-06  2.07844553442448260e-05 -6.27063302923097996e-06 -1.36669048554244083e-04 -1.21986103095235920e-03 -1.36669048554244083e-04 -1.21986103095235920e-03 -1.36669048554244083e-04 -1.21986103095235920e-03 -1.36669048554244083e-04 -1.21986103095236614e-03 
 1.68192723531366414e+03 -1.05649127390692485e-18  9.03616905467301522e-19 -2.32587931372916635e-17  1.47034895425507876e-17 -9.02198960071182166e-11  2.41170385401330936e-11  5.20425407521328950e-13  1.35168079276270098e-12  5.20424907030736241e-13  1.35168112940866667e-12  5.20424767548232630e-13  1.35168122325727025e-12  8.47341398769877092e-11 -2.24815072705848213e-11  8.47341398769877092e-11 -2.24815072705848213e-11  8.47341398769877092e-11 -2.24815072705848213e-11  8.47341398770141789e-11 -2.24815072701613049e-11  1.06893597397692842e-11  1.69365089632166283e-11  3.09168548099975264e-10  4.89123944167101562e-10  2.74954138504698322e-04  1.45552319546738535e-03  2.19945880974468224e-05 -6.63597900075991955e-06  2.19945951736679147e-05 -6.63596847150654873e-06  2.19945971462876379e-05 -6.63596553683441978e-06 -1.44653114669552945e-04 -1.25461024141828811e-03 -1.44653114669552945e-04 -1.25461024141828811e-03 -1.44653114669552945e-04 -1.25461024141828811e-03 -1.44653114669552945e-04 -1.25461024141829158e-03 
 1.73105286789422803e+03 -1.18984631007979808e-18  9.94014969460146635e-19 -2.60769929968277248e-17  1.62122261997271909e-17 -9.55488955100766701e-11  2.50482030086154059e-11  5.63843942472242842e-13  1.47207056898767622e-12  5.63843415233937846e-13  1.47207091852442459e-12  5.63843265295871292e-13  1.47207101796146038e-12  8.96897686961172028e-11 -2.37256376533732802e-11  8.96897686961172028e-11 -2.37256376533732802e-11  8.96897686961172028e-11 -2.37256376533732802e-11  8.96897686960907330e-11 -2.37256376540085549e-11  1.14506195109782301e-11  1.84498360708439003e-11  3.31216402367924558e-10  5.32827417684763646e-10  2.78519141788628331e-04  1.49774708551063591e-03  2.32738344916240148e-05 -7.02810767969228861e-06  2.32738416301119764e-05 -7.02809690260111523e-06  2.32738436608528540e-05 -7.02809383733698367e-06 -1.53098605885386435e-04 -1.29029640268080430e-03 -1.53098605885386435e-04 -1.29029640268080430e-03 -1.53098605885386435e-04 -1.29029640268080430e-03 -1.53098605885386001e-04 -1.29029640268080777e-03 
 1.78161335908565843e+03 -1.33960845055432622e-18  1.09392726772371948e-18 -2.92352970365427553e-17  1.78849872725356025e-17 -1.01191518624707891e-10  2.60267831626046029e-11  6.11347222779637037e-13  1.60308404075428037e-12  6.11346619917171718e-13  1.60308443493562076e-12  6.11346506295642778e-13  1.60308450926937932e-12  9.49310929809404465e-11 -2.50581600354938931e-11  9.49310929809404465e-11 -2.50581600354938931e-11  9.49310929809669163e-11 -2.50581600354938931e-11  9.49310929809139767e-11 -2.50581600359174096e-11  1.22723670182393677e-11  2.00974333834623350e-11  3.55019347500690716e-10  5.80408646302481102e-10  2.82291810702331057e-04  1.54117845242553739e-03  2.46259688010799870e-05 -7.44922252760653896e-06  2.46259766226919568e-05 -7.44921055448029450e-06  2.46259780976258843e-05 -7.44920829710476241e-06 -1.62031469316580479e-04 -1.32694005269498941e-03 -1.62031469316580479e-04 -1.32694005269498941e-03 -1.62031469316552290e-04 -1.32694005269498247e-03 -1.62031469316551856e-04 -1.32694005269497900e-03 
 1.83365061815456465e+03 -1.50776376732822434e-18  1.20441912761538246e-18 -3.27744957404571074e-17  1.97408242217457740e-17 -1.07166092081119324e-10  2.70559453256069690e-11  6.63357403060213066e-13  1.74564364331032332e-12  6.63356778823400719e-13  1.74564404612081185e-12  6.63356645018664832e-13  1.74564413250493758e-12  1.00474087714688551e-10 -2.64862088920286376e-11  1.00474087714688551e-10 -2.64862088920286376e-11  1.00474087714688551e-10 -2.64862088920286376e-11  1.00474087714582672e-10 -2.64862088920286376e-11  1.31600227601702324e-11  2.18910708666779879e-11  3.80734985843643796e-10  6.32207573227986792e-10  2.86283892308791604e-04  1.58585039295700806e-03  2.60549628974932916e-05 -7.90169575193744993e-06  2.60549706632286832e-05 -7.90168370619290250e-06  2.60549723286580709e-05 -7.90168112337921274e-06 -1.71479024851263045e-04 -1.36456174405169962e-03 -1.71479024851263045e-04 -1.36456174405169962e-03 -1.71479024851263045e-04 -1.36456174405169962e-03 -1.71479024851262178e-04 -1.36456174405169962e-03 
 1.88720777845097064e+03 -1.69653529239429285e-18  1.32668328736105349e-18 -3.67402247410183851e-17  2.18011509363355615e-17 -1.13491990897393938e-10  2.81391178448417911e-11  7.20343066466724321e-13  1.90074944838260910e-12  7.20342374837853108e-13  1.90074988919046625e-12  7.20342264564751287e-13  1.90074995948427471e-12  1.06335561548498173e-10 -2.80175162249583960e-11  1.06335561548498173e-10 -2.80175162249583960e-11  1.06335561548498173e-10 -2.80175162249583960e-11  1.06335561548498173e-10 -2.80175162253819125e-11  1.41195451112724421e-11  2.38435284806369780e-11  4.08536589551371591e-10  6.88593314868642663e-10  2.90508052880912246e-04  1.63179664270098014e-03  2.75649801341844623e-05 -8.38810267335807477e-06  2.75649883910474290e-05 -8.38808970432209711e-06  2.75649897076842887e-05 -8.38808763667929230e-06 -1.81470026950046018e-04 -1.40318199562557144e-03 -1.81470026950046018e-04 -1.40318199562557144e-03 -1.81470026950046018e-04 -1.40318199562557144e-03 -1.81470026950045584e-04 -1.40318199562557144e-03 
 1.94232923316127199e+03 -1.90841079807672914e-18  1.46205607587005111e-18 -4.11835316359450366e-17  2.40900532812227135e-17 -1.20189710099563932e-10  2.92799847207065624e-11  7.82823986932198641e-13  2.06948564141141380e-12  7.82823299009096572e-13  2.06948607469192738e-12  7.82823138575762406e-13  2.06948617572045868e-12  1.12533193135630943e-10 -2.96604609405250988e-11  1.12533193135630943e-10 -2.96604609405250988e-11  1.12533193135630943e-10 -2.96604609405250988e-11  1.12533193135525064e-10 -2.96604609409486153e-11  1.51574872981869618e-11  2.59686795551370538e-11  4.38614763574136849e-10  7.49966569204150889e-10  2.94977384082496688e-04  1.67905184474735733e-03  2.91603874393983353e-05 -8.91122982051697690e-06  2.91603953247452754e-05 -8.91121728725041263e-06  2.91603971633682420e-05 -8.91121436550304676e-06 -1.92034728755673725e-04 -1.44282124027036323e-03 -1.92034728755673725e-04 -1.44282124027036323e-03 -1.92034728755673725e-04 -1.44282124027036323e-03 -1.92034728755672424e-04 -1.44282124027036670e-03 
 1.99906067210546303e+03 -2.14617374963588551e-18  1.61203573972834947e-18 -4.61615074829172855e-17  2.66346407491663648e-17 -1.27280913375183227e-10  3.04825356028966938e-11  8.51377334930356592e-13  2.25302687837062726e-12  8.51376611749508094e-13  2.25302732881679291e-12  8.51376437631297874e-13  2.25302743729325844e-12  1.19085568047392770e-10 -3.14241220011844398e-11  1.19085568047392770e-10 -3.14241220011844398e-11  1.19085568047392770e-10 -3.14241220011844398e-11  1.19085568047445710e-10 -3.14241220016079563e-11  1.62810605433196902e-11  2.82815805287964248e-11  4.71179289013319487e-10  8.16762207978536744e-10  2.99705964523048173e-04  1.72765129881292901e-03  3.08457564916269096e-05 -9.47410093517556638e-06  3.08457644565425764e-05 -9.47408813362387926e-06  3.08457663746565731e-05 -9.47408505143570500e-06 -2.03204946631162226e-04 -1.48349976572522140e-03 -2.03204946631162226e-04 -1.48349976572522140e-03 -2.03204946631162226e-04 -1.48349976572522140e-03 -2.03204946631135771e-04 -1.48349976572521793e-03 
 2.05744911960913487e+03 -2.41293778256666045e-18  1.77830321417127000e-18 -5.17379901074695736e-17  2.94654461406156546e-17 -1.34788508371168347e-10  3.17510689854137913e-11  9.26643745831403837e-13  2.45264560713011991e-12  9.26642946894046119e-13  2.45264609962353046e-12  9.26642796783925998e-13  2.45264619218173228e-12  1.26012216328430666e-10 -3.33183357468665154e-11  1.26012216328430666e-10 -3.33183357468665154e-11  1.26012216328483605e-10 -3.33183357468665154e-11  1.26012216328430666e-10 -3.33183357472900319e-11  1.74982040899885440e-11  3.07985674934382119e-11  5.06461167805552150e-10  8.89452065432115700e-10  3.04708500472305360e-04  1.77763115656368021e-03  3.26258742067415158e-05 -1.00799894993090325e-05  3.26258826676219699e-05 -1.00799757584265806e-05  3.26258842578892351e-05 -1.00799731763350322e-05 -2.15014126696651351e-04 -1.52523765081584938e-03 -2.15014126696651351e-04 -1.52523765081584938e-03 -2.15014126696651785e-04 -1.52523765081584938e-03 -2.15014126696651378e-04 -1.52523765081584591e-03 
 2.11754297348163846e+03 -2.71218508402630790e-18  1.96274566978633050e-18 -5.79843470095105601e-17  3.26168798895309709e-17 -1.42736715323795935e-10  3.30902172008138633e-11  1.00933439940340428e-12  2.66971967545604417e-12  1.00933362656524925e-12  2.66972014729310046e-12  1.00933339574877112e-12  2.66972028827776407e-12  1.33333650433326752e-10 -3.53537575780326263e-11  1.33333650433326752e-10 -3.53537575780326263e-11  1.33333650433326752e-10 -3.53537575780326263e-11  1.33333650433220873e-10 -3.53537575784561428e-11  1.88176628140026952e-11  3.35373599494885414e-11  5.44714889394500215e-10  9.68547935296989618e-10  3.10000363303005138e-04  1.82902841746810556e-03  3.45057489864829988e-05 -1.07324387270839591e-05  3.45057568621379610e-05 -1.07324258121048025e-05  3.45057592152962515e-05 -1.07324219542076312e-05 -2.27497411989757936e-04 -1.56805469487927450e-03 -2.27497411989757936e-04 -1.56805469487927450e-03 -2.27497411989757936e-04 -1.56805469487927450e-03 -2.27497411989756608e-04 -1.56805469487927775e-03 
 2.17939204513271625e+03 -3.04780910230658223e-18  2.16748321322083278e-18 -6.49803464493966827e-17  3.61277466013510237e-17 -1.51151124656943164e-10  3.45050058387215376e-11  1.10023948455662912e-12  2.90574008135568438e-12  1.10023856208481000e-12  2.90574063958348385e-12  1.10023842317140665e-12  2.90574072365812131e-12  1.41071403351339459e-10 -3.75419282360034000e-11  1.41071403351339459e-10 -3.75419282360034000e-11  1.41071403351339459e-10 -3.75419282355798835e-11  1.41071403351286519e-10 -3.75419282360034000e-11  2.02490732195297626e-11  3.65171722028848599e-11  5.86220942855495219e-10  1.05460478845006215e-09  3.15598154480119556e-04  1.88188069758773026e-03  3.64906106746313915e-05 -1.14352928399258853e-05  3.64906197277321221e-05 -1.14352778616834926e-05  3.64906210911840489e-05 -1.14352756063811464e-05 -2.40691709819041967e-04 -1.61197033968270872e-03 -2.40691709819041967e-04 -1.61197033968270872e-03 -2.40691709819097912e-04 -1.61197033968270525e-03 -2.40691709819097939e-04 -1.61197033968270178e-03 
 2.24304760086086117e+03 -3.42416204984126189e-18  2.39489917694151180e-18 -7.28151262517963919e-17  4.00418325550441711e-17 -1.60058797487629134e-10  3.60008292606486553e-11  1.20023598005586143e-12  3.16232020577297782e-12  1.20023502894374079e-12  3.16232077665333194e-12  1.20023485776367610e-12  3.16232087944872102e-12  1.49248066949414523e-10 -3.98953451968248160e-11  1.49248066949414523e-10 -3.98953451968248160e-11  1.49248066949361583e-10 -3.98953451964012995e-11  1.49248066949414523e-10 -3.98953451972483325e-11  2.18030587800752158e-11  3.97588328982648354e-11  6.31288602615649391e-10  1.14822422551027293e-09  3.21518824351939541e-04  1.93622663542007255e-03  3.85859260886982177e-05 -1.21927037999358563e-05  3.85859350839989378e-05 -1.21926887956644748e-05  3.85859367035921980e-05 -1.21926860948208672e-05 -2.54635760921454336e-04 -1.65700358620661081e-03 -2.54635760921454336e-04 -1.65700358620661081e-03 -2.54635760921511148e-04 -1.65700358620661774e-03 -2.54635760921454336e-04 -1.65700358620660734e-03 
 2.30856240434762231e+03 -3.84610770571812544e-18  2.64767447997083963e-18 -8.15882705676305110e-17  4.44085738065494213e-17 -1.69488320188489194e-10  3.75835387617245195e-11  1.31029839818042002e-12  3.44120436340927830e-12  1.31029740116970154e-12  3.44120495751686402e-12  1.31029721175195871e-12  3.44120507046341358e-12  1.57887329940754488e-10 -4.24275391295442228e-11  1.57887329940754488e-10 -4.24275391295442228e-11  1.57887329940754488e-10 -4.24275391295442228e-11  1.57887329940807427e-10 -4.24275391295442228e-11  2.34913354906157682e-11  4.32849130674936636e-11  6.80259013323978784e-10  1.25005817528212025e-09  3.27780634438831883e-04  1.99210548630222688e-03  4.07973935217003562e-05 -1.30091731370847289e-05  4.07974026171279669e-05 -1.30091578539225555e-05  4.07974043461146582e-05 -1.30091549494161404e-05 -2.69370206901868310e-04 -1.70317290113485703e-03 -2.69370206901868310e-04 -1.70317290113485703e-03 -2.69370206901868310e-04 -1.70317290113485703e-03 -2.69370206901869123e-04 -1.70317290113485009e-03 
 2.37599076039308147e+03 -4.31908007938958806e-18  2.92882662346513752e-18 -9.14110061102588685e-17  4.92838162620898725e-17 -1.79469901722024983e-10  3.92594463747208619e-11  1.43150900557956634e-12  3.74427788768953207e-12  1.43150795187057995e-12  3.74427851152268028e-12  1.43150775128259013e-12  3.74427863030581624e-12  1.67014015593825541e-10 -4.51531560859347921e-11  1.67014015593825541e-10 -4.51531560859347921e-11  1.67014015593825541e-10 -4.51531560867818251e-11  1.67014015593719662e-10 -4.51531560867818251e-11  2.53268288216664738e-11  4.71198632328276511e-11  7.33508608769556426e-10  1.36081285457217803e-09  3.34402673624876448e-04  2.04955734851076368e-03  4.31309526951737630e-05 -1.38895691563975239e-05  4.31309619742469529e-05 -1.38895534623090661e-05  4.31309637408790612e-05 -1.38895504751055640e-05 -2.84937658736134243e-04 -1.75049611727556734e-03 -2.84937658736134243e-04 -1.75049611727556734e-03 -2.84937658736134243e-04 -1.75049611727556387e-03 -2.84937658736132509e-04 -1.75049611727556734e-03 
 2.44538855992875369e+03 -4.84914854682929328e-18  3.24175394654342169e-18 -1.02407530228878202e-16  5.47306802999918507e-17 -1.90035457774693009e-10  4.10353709308564811e-11  1.56506993827886999e-12  4.07357734980450485e-12  1.56506882625695915e-12  4.07357800446171140e-12  1.56506861248701908e-12  4.07357813031227852e-12  1.76654118646688631e-10 -4.80880455093363212e-11  1.76654118646688631e-10 -4.80880455093363212e-11  1.76654118646741571e-10 -4.80880455093363212e-11  1.76654118646688631e-10 -4.80880455097598377e-11  2.73238031800501684e-11  5.12901599736648118e-11  7.91452897450920815e-10  1.48125300114620427e-09  3.41405033461259237e-04  2.10862309946471859e-03  4.55927865596946619e-05 -1.48391579987356460e-05  4.55927960204245570e-05 -1.48391419054928730e-05  4.55927978390898247e-05 -1.48391388126717739e-05 -3.01382763836073109e-04 -1.79899032439897718e-03 -3.01382763836073109e-04 -1.79899032439897718e-03 -3.01382763836130355e-04 -1.79899032439897718e-03 -3.01382763836129488e-04 -1.79899032439897371e-03 
 2.51681332634522187e+03 -5.44309012510996863e-18  3.59028586226251240e-18 -1.14716484458839309e-16  6.08205444265406915e-17 -2.01218701694361873e-10  4.29186793933110031e-11  1.71231647021309944e-12  4.43130145141551720e-12  1.71231531012206883e-12  4.43130213100063870e-12  1.71231506900884644e-12  4.43130227230955710e-12  1.86834841188056267e-10 -5.12493544679176478e-11  1.86834841188056267e-10 -5.12493544679176478e-11  1.86834841188003328e-10 -5.12493544679176478e-11  1.86834841188003328e-10 -5.12493544683411642e-11  2.94980051984828283e-11  5.58244624315559952e-11  8.54550653626799154e-10  1.61220639345089350e-09  3.48808853050586805e-04  2.16934438752485609e-03  4.81893235871835060e-05 -1.58636342608837605e-05  4.81893331291821398e-05 -1.58636179496116305e-05  4.81893351133025951e-05 -1.58636145588778714e-05 -3.18752271910557601e-04 -1.84867175112555160e-03 -3.18752271910557601e-04 -1.84867175112555160e-03 -3.18752271910613979e-04 -1.84867175112555506e-03 -3.18752271910613979e-04 -1.84867175112555160e-03 
 2.59032426317290492e+03 -6.10846961670815888e-18  3.97873988264268922e-18 -1.28492588387104628e-16  6.76341643455285669e-17 -2.13055241174040996e-10  4.49173312900321949e-11  1.87473170527738989e-12  4.81982250940874021e-12  1.87473052313703288e-12  4.81982319916487452e-12  1.87473022463732831e-12  4.81982337340219875e-12  1.97584627102257896e-10 -5.46556284376213295e-11  1.97584627102257896e-10 -5.46556284376213295e-11  1.97584627102257896e-10 -5.46556284371978130e-11  1.97584627102152017e-10 -5.46556284376213295e-11  3.18668222600108320e-11  6.07537791941102874e-11  9.23308555355889665e-10  1.75456866973859970e-09  3.56636365021818888e-04  2.23176362139413612e-03  5.09272389238655642e-05 -1.69691536495852252e-05  5.09272483334677171e-05 -1.69691374989943542e-05  5.09272507104373439e-05 -1.69691334204092384e-05 -3.37095098900445271e-04 -1.89955563717525465e-03 -3.37095098900445271e-04 -1.89955563717525465e-03 -3.37095098900388893e-04 -1.89955563717525118e-03 -3.37095098900445271e-04 -1.89955563717524771e-03 
 2.66598230315548517e+03 -6.85372841646095357e-18  4.41198635645583649e-18 -1.43908449990838059e-16  7.52629460494987995e-17 -2.25582678405056303e-10  4.70399266769766034e-11  2.05396284028042130e-12  5.24169853304315867e-12  2.05396168143347034e-12  5.24169920701668689e-12  2.05396127581056773e-12  5.24169944306094649e-12  2.08933194662061861e-10 -5.83269189401459660e-11  2.08933194662061861e-10 -5.83269189401459660e-11  2.08933194662061861e-10 -5.83269189401459660e-11  2.08933194662061861e-10 -5.83269189401459660e-11  3.44494578032997382e-11  6.61116459842913218e-11  9.98286315013031090e-10  1.90930845878366571e-09  3.64910942508805459e-04  2.29592395693836325e-03  5.38134542161853628e-05 -1.81623677542108626e-05  5.38134631492649942e-05 -1.81623523717911322e-05  5.38134662776399946e-05 -1.81623469866463621e-05 -3.56462388311588820e-04 -1.95165609547947889e-03 -3.56462388311588820e-04 -1.95165609547947889e-03 -3.56462388311588820e-04 -1.95165609547947889e-03 -3.56462388311588820e-04 -1.95165609547948214e-03 
 2.74385015875666841e+03 -7.68828284334287998e-18  4.89552196021419305e-18 -1.61156569988698252e-16  8.38103940088286188e-17 -2.38840711368638187e-10  4.92957678851173439e-11  2.25183938520544892e-12  5.69968574960247983e-12  2.25183808410990238e-12  5.69968650463970808e-12  2.25183773243241059e-12  5.69968670877464837e-12  2.20911566760498897e-10 -6.22848983434391224e-11  2.20911566760498897e-10 -6.22848983434391224e-11  2.20911566760498897e-10 -6.22848983434391224e-11  2.20911566760604776e-10 -6.22848983438626389e-11  3.72671250805465430e-11  7.19343145462999194e-11  1.08010235170224438e-09  2.07747283334788806e-09  3.73657278155444211e-04  2.36186923300732389e-03  5.68551341348371659e-05 -1.94504640502211978e-05  5.68551438577337125e-05 -1.94504472685683414e-05  5.68551464863566652e-05 -1.94504427330587257e-05 -3.76907569029857306e-04 -2.00498596343074049e-03 -3.76907569029857306e-04 -2.00498596343074049e-03 -3.76907569029857306e-04 -2.00498596343074049e-03 -3.76907569029885983e-04 -2.00498596343074743e-03 
 2.82399237414214213e+03 -8.62263293501226730e-18  5.43555312613069166e-18 -1.80451559311046473e-16  9.33937584639022759e-17 -2.52871255510510318e-10  5.16948851482729524e-11  2.47039236520898953e-12  6.19675223576252803e-12  2.47039099513319735e-12  6.19675302961768806e-12  2.47039061942114568e-12  6.19675324742426952e-12  2.33552098376487786e-10 -6.65529822228063403e-11  2.33552098376487786e-10 -6.65529822228063403e-11  2.33552098376487786e-10 -6.65529822236533733e-11  2.33552098376276027e-10 -6.65529822236533733e-11  4.03432612430986191e-11  7.82609531266125917e-11  1.16944006082131043e-09  2.26019309770203103e-09  3.82901039242369606e-04  2.42964409898956905e-03  6.00596881144695613e-05 -2.08411962035917570e-05  6.00596980471073492e-05 -2.08411790343015670e-05  6.00597007719810681e-05 -2.08411743257249395e-05 -3.98486409544216444e-04 -2.05955664396476838e-03 -3.98486409544216444e-04 -2.05955664396476838e-03 -3.98486409544215577e-04 -2.05955664396476144e-03 -3.98486409544213842e-04 -2.05955664396477531e-03 
 2.90647537867982010e+03 -9.66848271037568868e-18  6.03909073511399903e-18 -2.02032590100548387e-16  1.04145908697181101e-16 -2.67718543650119836e-10  5.42481364073054946e-11  2.71187719069568582e-12  6.73609116291675614e-12  2.71187559679143732e-12  6.73609208595767552e-12  2.71187534712847612e-12  6.73609223072090016e-12  2.46888500410818941e-10 -7.11564593791979920e-11  2.46888500410818941e-10 -7.11564593791979920e-11  2.46888500410818941e-10 -7.11564593796215085e-11  2.46888500410713062e-10 -7.11564593796215085e-11  4.37037636511709400e-11  8.51338587901779530e-11  1.26705473699262080e-09  2.45869091588762390e-09  3.92669441596063323e-04  2.49929379796664857e-03  6.34347578754929157e-05 -2.23429376252677009e-05  6.34347690962428580e-05 -2.23429182179000677e-05  6.34347708557481870e-05 -2.23429151756258715e-05 -4.21257065937644852e-04 -2.11537793346647631e-03 -4.21257065937644852e-04 -2.11537793346647631e-03 -4.21257065937616229e-04 -2.11537793346648325e-03 -4.21257065937642250e-04 -2.11537793346648628e-03 
 2.99136754200271935e+03 -1.08388730014707921e-17  6.71405759607549166e-18 -2.26166102672618343e-16  1.16217463206094612e-16 -2.83429261045122990e-10  5.69672302206677235e-11  2.97879691835181536e-12  7.32113565655612525e-12  2.97879522121542641e-12  7.32113663974961877e-12  2.97879497171128389e-12  7.32113678435402474e-12  2.60955859615251476e-10 -7.61226300686335252e-11  2.60955859615251476e-10 -7.61226300686335252e-11  2.60955859615251476e-10 -7.61226300686335252e-11  2.60955859615145597e-10 -7.61226300686335252e-11  4.73772506935881175e-11  9.25986819325325875e-11  1.37378121777893697e-09  2.67428479086666073e-09  4.02990774943077850e-04  2.57086433270411292e-03  6.69882168034470244e-05 -2.39647131449936938e-05  6.69882284160511996e-05 -2.39646930650086389e-05  6.69882301240080821e-05 -2.39646901126296326e-05 -4.45280124930940964e-04 -2.17245783960108964e-03 -4.45280124930940964e-04 -2.17245783960108964e-03 -4.45280124930940964e-04 -2.17245783960108964e-03 -4.45280124930911474e-04 -2.17245783960109962e-03 
 3.07873923068011027e+03 -1.21483280176630645e-17  7.46941040069500297e-18 -2.53148792047335443e-16  1.29779211117925214e-16 -3.00052659801819388e-10  5.98648257430899750e-11  3.27392969252462239e-12  7.95557312723277412e-12  3.27392806066270994e-12  7.95557407367297867e-12  3.27392763735799455e-12  7.95557431929929848e-12  2.75790653511198621e-10 -8.14809523792356274e-11  2.75790653511198621e-10 -8.14809523792356274e-11  2.75790653511198621e-10 -8.14809523792356274e-11  2.75790653510775104e-10 -8.14809523805061769e-11  5.13953493162256440e-11  1.00704663058312028e-10  1.49054231353214213e-09  2.90839689618348156e-09  4.13894846165335382e-04  2.64440229389368599e-03  7.07281541924618224e-05 -2.57162546570825467e-05  7.07281650535344567e-05 -2.57162358972413320e-05  7.07281678717653484e-05 -2.57162310311998870e-05 -4.70618638461679263e-04 -2.23080238513990352e-03 -4.70618638461679263e-04 -2.23080238513990352e-03 -4.70618638461680130e-04 -2.23080238513989658e-03 -4.70618638461706151e-04 -2.23080238513990005e-03 
 3.16866286654391342e+03 -1.36130169078933180e-17  8.31527808775557639e-18 -2.83310899798676483e-16  1.45024864155082688e-16 -3.17640689765459269e-10  6.29546081894395053e-11  3.60035824198003565e-12  8.64336038443359488e-12  3.60035659301864559e-12  8.64336134278520025e-12  3.60035607278159730e-12  8.64336164525537176e-12  2.91430759759500308e-10 -8.72631972043782557e-11  2.91430759759500308e-10 -8.72631972043782557e-11  2.91430759759500308e-10 -8.72631972039547392e-11  2.91430759759288550e-10 -8.72631972048017721e-11  5.57930118636229286e-11  1.09504881988039832e-10  1.61835810045357746e-09  3.16256026436169629e-09  4.25413028981280294e-04  2.71995483156268212e-03  7.46628617087816387e-05 -2.76080503741298863e-05  7.46628723938097506e-05 -2.76080319551494104e-05  7.46628757661617766e-05 -2.76080261441205673e-05 -4.97338150097646823e-04 -2.29041539983332147e-03 -4.97338150097646823e-04 -2.29041539983332147e-03 -4.97338150097676314e-04 -2.29041539983331453e-03 -4.97338150097617333e-04 -2.29041539983331453e-03 
 3.26121298671869181e+03 -1.52509316701931029e-17  9.26311877814745163e-18 -3.17019838566847010e-16  1.62174183305572595e-16 -3.36248142285451579e-10  6.62513456824897129e-11  3.96150169456604639e-12  9.38873944071948622e-12  3.96149996397185603e-12  9.38874044939014261e-12  3.96149940530068776e-12  9.38874077524636440e-12  3.07915459121120959e-10 -9.35036119241803969e-11  3.07915459121120959e-10 -9.35036119241803969e-11  3.07915459121226838e-10 -9.35036119237568804e-11  3.07915459121120959e-10 -9.35036119246039133e-11  6.06088649471212987e-11  1.19056519476217638e-10  1.75835615746814529e-09  3.43842633098890939e-09  4.37578052006556658e-04  2.79756970937398422e-03  7.88008206793183578e-05 -2.96513894854427190e-05  7.88008316057084809e-05 -2.96513707048347129e-05  7.88008351350294407e-05 -2.96513646409668161e-05 -5.25506711811704759e-04 -2.35129829994636889e-03 -5.25506711811704759e-04 -2.35129829994636889e-03 -5.25506711811703892e-04 -2.35129829994636889e-03 -5.25506711811704001e-04 -2.35129829994634807e-03 
 3.35646630540499518e+03 -1.70820828322042103e-17  1.03258977244197467e-17 -3.54684178190509784e-16  1.81476529802333325e-16 -3.55932788993242044e-10  6.97709849134330691e-11  4.36115143275264030e-12  1.01962530485198326e-11  4.36114958219740878e-12  1.01962541312926370e-11  4.36114901738525164e-12  1.01962544619266540e-11  3.25285430917794042e-10 -1.00239092827532811e-10  3.25285430917794042e-10 -1.00239092827532811e-10  3.25285430917794042e-10 -1.00239092827532811e-10  3.25285430917582284e-10 -1.00239092827956327e-10  6.58855931893014467e-11  1.29421131041710005e-10  1.91178283167185959e-09  3.73777282802021765e-09  4.50424179130372749e-04  2.87729521769437184e-03  8.31506800155151993e-05 -3.18584190624945704e-05  8.31506914113516493e-05 -3.18583995489790721e-05  8.31506948907685586e-05 -3.18583935934751937e-05 -5.55194888739554346e-04 -2.41344985400324553e-03 -5.55194888739554346e-04 -2.41344985400324553e-03 -5.55194888739554346e-04 -2.41344985400324553e-03 -5.55194888739493739e-04 -2.41344985400325203e-03 
 3.45450177746726786e+03 -1.91287144320574336e-17  1.15182890087561886e-17 -3.96758024368576131e-16  2.03214896502960978e-16 -3.76755529931434990e-10  7.35307420437629521e-11  4.80351017779662666e-12  1.10707604795754533e-11  4.80350820352164529e-12  1.10707616401429399e-11  4.80350762986858176e-12  1.10707619775002809e-11  3.43582740101005341e-10 -1.07509366405100830e-10  3.43582740101005341e-10 -1.07509366405100830e-10  3.43582740101005341e-10 -1.07509366405100830e-10  3.43582740101217099e-10 -1.07509366405524347e-10  7.16703609994989529e-11  1.40664932744468871e-10  2.08001562631043428e-09  4.06251201774592804e-09  4.63987258119711546e-04  2.95918012906307105e-03  8.77212319317286198e-05 -3.42422001413255793e-05  8.77212437990955587e-05 -3.42421799150131060e-05  8.77212472487251923e-05 -3.42421740380444487e-05 -5.86475750962137999e-04 -2.47686593570689215e-03 -5.86475750962137999e-04 -2.47686593570689215e-03 -5.86475750962137999e-04 -2.47686593570689215e-03 -5.86475750962137999e-04 -2.47686593570690559e-03 
 3.55540066387902971e+03 -2.14155398986884431e-17  1.28569040758531385e-17 -4.43745822332485116e-16  2.27710482620972824e-16 -3.98780547429186671e-10  7.75491998989162124e-11  5.29323485479684625e-12  1.20174532419790454e-11  5.29323279936552062e-12  1.20174544571007478e-11  5.29323216800833756e-12  1.20174548304834588e-11  3.62850814817054795e-10 -1.15357179455281459e-10  3.62850814817054795e-10 -1.15357179455281459e-10  3.62850814817054795e-10 -1.15357179455281459e-10  3.62850814816737158e-10 -1.15357179456552009e-10  7.80152756945008410e-11  1.52859098420074225e-10  2.26457681006778591e-09  4.41469925227677600e-09  4.78304768123351688e-04  3.04327364936767160e-03  9.25213831644413687e-05 -3.68167660882263181e-05  9.25213952365862204e-05 -3.68167456265488879e-05  9.25213989463887729e-05 -3.68167393413285104e-05 -6.19424850396319698e-04 -2.54153926386806736e-03 -6.19424850396319698e-04 -2.54153926386806736e-03 -6.19424850396319698e-04 -2.54153926386806736e-03 -6.19424850396375101e-04 -2.54153926386805349e-03 
 3.65924659907957448e+03 -2.39700005200812757e-17  1.43605505554310471e-17 -4.96207619590848481e-16  2.55327882439453482e-16 -4.22075461847847347e-10  8.18464252094915339e-11  5.83548394750045562e-12  1.30418703109790114e-11  5.83548150820438621e-12  1.30418717624758456e-11  5.83548111502228000e-12  1.30418719965745764e-11  3.83134413265092498e-10 -1.23828497869707085e-10  3.83134413265092498e-10 -1.23828497869707085e-10  3.83134413265092498e-10 -1.23828497869707085e-10  3.83134413265092498e-10 -1.23828497870554118e-10  8.49778954721227115e-11  1.66080067672143704e-10  2.46714835259834263e-09  4.79654183705124876e-09  4.93415995989609775e-04  3.12962532335103608e-03  9.75601188983781707e-05 -3.95971870170688849e-05  9.75601329095735322e-05 -3.95971634219815345e-05  9.75601351695372056e-05 -3.95971596176536287e-05 -6.54120180705139551e-04 -2.60745912928074921e-03 -6.54120180705139551e-04 -2.60745912928074921e-03 -6.54120180705196797e-04 -2.60745912928074227e-03 -6.54120180705196797e-04 -2.60745912928073533e-03 
 3.76612566029802065e+03 -2.68225482731521650e-17  1.60505252499709291e-17 -5.54764823611485970e-16  2.86480967631699634e-16 -4.46711515326124464e-10  8.64440259333571067e-11  6.43596726868835841e-12  1.41499140927579527e-11  6.43596500234582891e-12  1.41499154512929210e-11  6.43596428342661493e-12  1.41499158824591609e-11  4.04479578874464464e-10 -1.32972714067379092e-10  4.04479578874464464e-10 -1.32972714067379092e-10  4.04479578874676222e-10 -1.32972714067379092e-10  4.04479578874464464e-10 -1.32972714067379092e-10  9.26217860909988462e-11  1.80409863805831836e-10  2.68958830151263984e-09  5.21040817315802991e-09  5.09361559241901544e-04  3.21828514250715667e-03  1.02846472816423896e-04 -4.25996168102916819e-05  1.02846485558629380e-04 -4.25995955070841793e-05  1.02846489602114626e-04 -4.25995887500192196e-05 -6.90642119479094145e-04 -2.67461111071902588e-03 -6.90642119479094145e-04 -2.67461111071902588e-03 -6.90642119479066389e-04 -2.67461111071902588e-03 -6.90642119479120274e-04 -2.67461111071904669e-03 
 3.87612643890217396e+03 -3.00069548049908474e-17  1.79509455816035321e-17 -6.20106490453600911e-16  3.21639551000668795e-16 -4.72763709690598999e-10  9.13653775879363309e-11  7.10100530499755583e-12  1.53478627692099574e-11  7.10100257903377332e-12  1.53478644167419794e-11  7.10100215911718972e-12  1.53478646707195147e-11  4.26933581782676911e-10 -1.42842862179999987e-10  4.26933581782676911e-10 -1.42842862179999987e-10  4.26933581782676911e-10 -1.42842862181694053e-10  4.26933581782465153e-10 -1.42842862181694053e-10  1.01017129880479925e-10  1.95936420236528392e-10  2.93394870990845182e-09  5.65883713431040685e-09  5.26184490065777742e-04  3.30930315309229577e-03  1.08389463211697889e-04 -4.58413886479707230e-05  1.08389478224309879e-04 -4.58413637545672834e-05  1.08389480538357839e-04 -4.58413599190593901e-05 -7.29073347026150116e-04 -2.74297677562616556e-03 -7.29073347026150116e-04 -2.74297677562616556e-03 -7.29073347026087666e-04 -2.74297677562617250e-03 -7.29073347026087666e-04 -2.74297677562616513e-03 
 3.98934011383134339e+03 -3.35606485258228673e-17  2.00891244065068649e-17 -6.92996183778197159e-16  3.61336932626978040e-16 -5.00311029286376954e-10  9.66356123607522467e-11  7.83758579565152881e-12  1.66423863654673950e-11  7.83758336265526694e-12  1.66423878491779510e-11  7.83758295396186989e-12  1.66423880986026842e-11  4.50544846527475804e-10 -1.53495841523828831e-10  4.50544846527475804e-10 -1.53495841523828831e-10  4.50544846527475804e-10 -1.53495841523828831e-10  4.50544846527264046e-10 -1.53495841524675864e-10  1.10241391792524582e-10  2.12753914406262403e-10  3.20249525561197522e-09  6.14454764817455747e-09  5.43928972314514222e-04  3.40272979951506240e-03  1.14198067543544440e-04 -4.93410371542939922e-05  1.14198080678982585e-04 -4.93410155677422729e-05  1.14198082887416379e-04 -4.93410119402400233e-05 -7.69498745882237021e-04 -2.81253337524158030e-03 -7.69498745882237021e-04 -2.81253337524158030e-03 -7.69498745882237021e-04 -2.81253337524158030e-03 -7.69498745882231817e-04 -2.81253337524158724e-03 
 4.10586052717397797e+03 -3.75250816486969462e-17  2.24959934863453328e-17 -7.74279441046022198e-16  4.06178437121852140e-16 -5.29436595611424213e-10  1.02281848440209872e-10  8.65343559415314797e-12  1.80405555094921405e-11  8.65343291774079288e-12  1.80405571580829537e-11  8.65343210458916352e-12  1.80405576592617607e-11  4.75362863056506626e-10 -1.64992646531433461e-10  4.75362863056506626e-10 -1.64992646531433461e-10  4.75362863056506626e-10 -1.64992646531433461e-10  4.75362863056294867e-10 -1.64992646532280494e-10  1.20380046136588240e-10  2.30963106800595951e-10  3.49772866268680330e-09  6.67044840981506310e-09  5.62641289121504524e-04  3.49861556577730961e-03  1.20281134444658811e-04 -5.31184137900175723e-05  1.20281148626046890e-04 -5.31183907144203328e-05  1.20281152936980851e-04 -5.31183837031885209e-05 -8.12005271248363914e-04 -2.88325352485950710e-03 -8.12005271248334424e-04 -2.88325352485950710e-03 -8.12005271248337893e-04 -2.88325352485949322e-03 -8.12005271248362288e-04 -2.88325352485949973e-03 
 4.22578426195277370e+03 -4.19461291935637943e-17  2.52065816828762728e-17 -8.64891886949604443e-16  4.56851066830728558e-16 -5.60227859572716771e-10  1.08333336150802460e-10  9.55708860106819716e-12  1.95498543297933230e-11  9.55708566768722170e-12  1.95498561563669342e-11  9.55708492759218403e-12  1.95498566174704949e-11  5.01438080560416525e-10 -1.77398603180608920e-10  5.01438080560416525e-10 -1.77398603180608920e-10  5.01438080560416525e-10 -1.77398603180608920e-10  5.01438080560416525e-10 -1.77398603181455952e-10  1.31527368948751983e-10  2.50671683266578799e-10  3.82240807459122889e-09  7.23964767190512483e-09  5.82369853948594136e-04  3.59701090425848915e-03  1.26647342072572195e-04 -5.71947135317447112e-05  1.26647357338384816e-04 -5.71946889574864403e-05  1.26647361191896754e-04 -5.71946827572391680e-05 -8.56681795198151229e-04 -2.95510487748816162e-03 -8.56681795198151229e-04 -2.95510487748816162e-03 -8.56681795198156433e-04 -2.95510487748815468e-03 -8.56681795198152856e-04 -2.95510487748816162e-03 
 4.34921072218171867e+03 -4.68745219071736770e-17  2.82605545436558864e-17 -9.65868033129539415e-16  5.14134408399465446e-16 -5.92776822826114255e-10  1.14821533732067092e-10  1.05579665860033764e-11  2.11781871045036125e-11  1.05579634803570753e-11  2.11781890610438415e-11  1.05579627204626425e-11  2.11781895400409732e-11  5.28821782719300748e-10 -1.90783610887505437e-10  5.28821782719300748e-10 -1.90783610887505437e-10  5.28821782719300748e-10 -1.90783610888352469e-10  5.28821782719300748e-10 -1.90783610888352469e-10  1.43787300641793431e-10  2.71994598113709301e-10  4.17957651989931512e-09  7.85546303506492257e-09  6.03164589739210374e-04  3.69796635260864108e-03  1.33305111291134632e-04 -6.15925632646198987e-05  1.33305127178339432e-04 -6.15925379847167144e-05  1.33305131068441946e-04 -6.15925317977826113e-05 -9.03618921734449421e-04 -3.02804979259028734e-03 -9.03618921734449421e-04 -3.02804979259028734e-03 -9.03618921734449421e-04 -3.02804979259027347e-03 -9.03618921734449529e-04 -3.02804979259027347e-03 
 4.47624221526144356e+03 -5.23663149811536927e-17  3.17028226008874084e-17 -1.07835080096194381e-15  5.78912943953410384e-16 -6.27180225587281245e-10  1.21780326269496490e-10  1.16664638165738861e-11  2.29338838163801065e-11  1.16664607477735182e-11  2.29338857736614894e-11  1.16664597498628272e-11  2.29338864105773262e-11  5.57565942060469556e-10 -2.05222388143642032e-10  5.57565942060469556e-10 -2.05222388143642032e-10  5.57565942060469556e-10 -2.05222388143642032e-10  5.57565942060046039e-10 -2.05222388144489065e-10  1.57274383327362150e-10  2.95054414616416602e-10  4.57258860513963482e-09  8.52143113585511057e-09  6.25077471837225140e-04  3.80153229076266377e-03  1.40262524786070441e-04 -6.63360851670229259e-05  1.40262540228990658e-04 -6.63360608966737813e-05  1.40262545253529142e-04 -6.63360530042446530e-05 -9.52908767198814709e-04 -3.10204499703025565e-03 -9.52908767198814709e-04 -3.10204499703025565e-03 -9.52908767198814709e-04 -3.10204499703025565e-03 -9.52908767198804301e-04 -3.10204499703024871e-03 
 4.60698403678116847e+03 -5.84833944922270931e-17  3.55842266192708253e-17 -1.20360180492959707e-15  6.52189936819207975e-16 -6.63539759026892870e-10  1.29246197293249733e-10  1.28940396113642330e-11  2.48257017715637020e-11  1.28940363349349139e-11  2.48257038893578284e-11  1.28940353352242779e-11  2.48257045360145441e-11  5.87723052636406854e-10 -2.20794720926953023e-10  5.87723052636406854e-10 -2.20794720926953023e-10  5.87723052636406854e-10 -2.20794720926953023e-10  5.87723052636195096e-10 -2.20794720926953023e-10  1.72114777953936709e-10  3.19981639722512421e-10  5.00514059171946229e-09  9.24131713442592699e-09  6.48162545373468478e-04  3.90775885480077606e-03  1.47527231401315778e-04 -7.14509679085984872e-05  1.47527247635960727e-04 -7.14509427299953205e-05  1.47527252592261152e-04 -7.14509350473223684e-05 -1.00464470639027555e-03 -3.17704124495971985e-03 -1.00464470639027555e-03 -3.17704124495971985e-03 -1.00464470639030331e-03 -3.17704124495971985e-03 -1.00464470639030135e-03 -3.17704124495971985e-03 
 4.74154455779754153e+03 -6.52940233241509799e-17  3.99623088066186583e-17 -1.34301243087406978e-15  7.35103078596859311e-16 -7.01962294416763957e-10  1.37258375702793223e-10  1.42533163597455568e-11  2.68628244092595763e-11  1.42533127281976746e-11  2.68628267901633119e-11  1.42533118650711013e-11  2.68628273563518975e-11  6.19345939491484975e-10 -2.37585712274963738e-10  6.19345939491484975e-10 -2.37585712274963738e-10  6.19345939491484975e-10 -2.37585712274963738e-10  6.19345939491061458e-10 -2.37585712275810771e-10  1.88447366117759523e-10  3.46915048955504825e-10  5.48130300648386537e-09  1.00191238793334102e-08  6.72475678700168618e-04  4.01669592236087326e-03  1.55106349360422633e-04 -7.69645223592245773e-05  1.55106367092753671e-04 -7.69644952428757788e-05  1.55106371309368142e-04 -7.69644887981717012e-05 -1.05892108174330526e-03 -3.25298297884857443e-03 -1.05892108174330526e-03 -3.25298297884857443e-03 -1.05892108174330526e-03 -3.25298297884857443e-03 -1.05892108174333302e-03 -3.25298297884857443e-03 
 4.88003531466271306e+03 -7.28734282290657545e-17  4.49021799178480272e-17 -1.49811573964849142e-15  8.28942103138435023e-16 -7.42560105337084289e-10  1.45859040415142940e-10  1.57581866895429079e-11  2.90548544288589131e-11  1.57581826856181663e-11  2.90548570934657465e-11  1.57581819673342270e-11  2.90548575717746639e-11  6.52487543253862890e-10 -2.55686030751741192e-10  6.52487543253862890e-10 -2.55686030751741192e-10  6.52487543253862890e-10 -2.55686030751741192e-10  6.52487543254074649e-10 -2.55686030752588225e-10  2.06424941251637285e-10  3.76001996839060305e-10  6.00555593193814906e-09  1.08591006064392822e-08  6.98074699039299561e-04  4.12839297907398924e-03  1.63006350596700317e-04 -8.29057480682835672e-05  1.63006369878604434e-04 -8.29057190186285653e-05  1.63006373339334400e-04 -8.29057138074381451e-05 -1.11583287194149641e-03 -3.32980799321439761e-03 -1.11583287194149641e-03 -3.32980799321439761e-03 -1.11583287194149641e-03 -3.32980799321439761e-03 -1.11583287194149988e-03 -3.32980799321439718e-03 
 5.02257110147609910e+03 -8.13044294737019323e-17  5.04774932132999045e-17 -1.67059922329444418e-15  9.35168594804308878e-16 -7.85451102162243453e-10  1.55093520027470766e-10  1.74239279043627950e-11  3.14118018138459413e-11  1.74239236789389376e-11  3.14118046705704351e-11  1.74239229454084053e-11  3.14118051666670444e-11  6.87200678788270973e-10 -2.75192155927359570e-10  6.87200678788270973e-10 -2.75192155927359570e-10  6.87200678788270973e-10 -2.75192155927359570e-10  6.87200678787847457e-10 -2.75192155927359570e-10  2.26215494105894543e-10  4.07398707860382214e-10  6.58282712930656119e-09  1.17657510185844994e-08  7.25019391654242056e-04  4.24289902142052904e-03  1.71232936940731058e-04 -8.93053917529970393e-05  1.71232957025638536e-04 -8.93053619646576823e-05  1.71232960513885581e-04 -8.93053567938251972e-05 -1.17547531884421453e-03 -3.40744710608183567e-03 -1.17547531884421453e-03 -3.40744710608183567e-03 -1.17547531884421453e-03 -3.40744710608183567e-03 -1.17547531884420759e-03 -3.40744710608182873e-03 
 5.16927006523647742e+03 -9.06781143328237199e-17  5.67715372495505197e-17 -1.86231843486829902e-15  1.05543824020647800e-15 -8.30759073160288949e-10  1.65010503006636283e-10  1.92673244489931274e-11  3.39440655513446247e-11  1.92673203647061349e-11  3.39440683584647515e-11  1.92673192440815456e-11  3.39440691293176731e-11  7.23537766725106712e-10 -2.96206618269489346e-10  7.23537766725106712e-10 -2.96206618269489346e-10  7.23537766725106712e-10 -2.96206618269489346e-10  7.23537766725106712e-10 -2.96206618269489346e-10  2.48003597159454778e-10  4.41270542288087188e-10  7.21853314029788947e-09  1.27438405708316416e-08  7.53371491750090810e-04  4.36026245756987538e-03  1.79790905006999447e-04 -9.61960010790246313e-05  1.79790924182600739e-04 -9.61959731029237575e-05  1.79790929448639999e-04 -9.61959654244788550e-05 -1.23794351056655998e-03 -3.48582384202441708e-03 -1.23794351056655998e-03 -3.48582384202441708e-03 -1.23794351056655998e-03 -3.48582384202441708e-03 -1.23794351056652529e-03 -3.48582384202443096e-03 
 5.32025380377327383e+03 -1.01094555317674484e-16  6.38784606422850722e-17 -2.07531150599067669e-15  1.19162579650308370e-15 -8.78613928655255436e-10  1.75662278227909068e-10  2.13067993752693766e-11  3.66624075396392992e-11  2.13067952795474393e-11  3.66624104038282707e-11  2.13067939146597239e-11  3.66624113591226166e-11  7.61550536827590761e-10 -3.18838230673924188e-10  7.61550536827590761e-10 -3.18838230673924188e-10  7.61550536827590761e-10 -3.18838230674771221e-10  7.61550536827590761e-10 -3.18838230675618254e-10  2.71991892377880547e-10  4.77792230553816827e-10  7.91862350847125465e-09  1.37984027663324189e-08  7.83194796897768229e-04  4.48053096999124871e-03  1.88683995802023017e-04 -1.03611977686434952e-04  1.88684014812142233e-04 -1.03611950425863046e-04  1.88684021151191392e-04 -1.03611941341216776e-04 -1.30333191877043801e-03 -3.56485413108604187e-03 -1.30333191877043801e-03 -3.56485413108604187e-03 -1.30333191877043801e-03 -3.56485413108602800e-03 -1.30333191877046554e-03 -3.56485413108603494e-03 
 5.47564746653822203e+03 -1.12663573765262179e-16  7.19046431488591938e-17 -2.31181455844769209e-15  1.34585307554215078e-15 -9.29151962726464109e-10  1.87104950304296412e-10  2.35625527549873328e-11  3.95779191427611128e-11  2.35625478856066773e-11  3.95779226107257571e-11  2.35625470298916423e-11  3.95779232205365396e-11  8.01289702701892556e-10 -3.43202308811731854e-10  8.01289702701892556e-10 -3.43202308811731854e-10  8.01289702701892556e-10 -3.43202308811731854e-10  8.01289702702316073e-10 -3.43202308810884821e-10  2.98402686653680963e-10  5.17148069493909294e-10  8.68962825921337937e-09  1.49347442540620191e-08  8.14555014050373180e-04  4.60375145183585226e-03  1.97914739155926342e-04 -1.11589613050882552e-04  1.97914761520386263e-04 -1.11589581556166523e-04  1.97914765452767078e-04 -1.11589576021478202e-04 -1.37173388984709226e-03 -3.64444602983995643e-03 -1.37173388984709226e-03 -3.64444602983995643e-03 -1.37173388984709226e-03 -3.64444602983997031e-03 -1.37173388984703696e-03 -3.64444602983996987e-03 
 5.63557985834094325e+03 -1.25505548915510270e-16  8.09702287187212416e-17 -2.57427800585812689e-15  1.52052027005289673e-15 -9.82516136212394781e-10  1.99398622833651127e-10  2.60567065945348860e-11  4.27019797650182516e-11  2.60567020446974098e-11  4.27019830669644383e-11  2.60567005950005206e-11  4.27019841196146335e-11  8.42804607458896285e-10 -3.69420877018399713e-10  8.42804607458896285e-10 -3.69420877018399713e-10  8.42804607458896285e-10 -3.69420877018399713e-10  8.42804607458896285e-10 -3.69420877019246746e-10  3.27479658803735302e-10  5.59532073107978380e-10  9.53870876561863495e-09  1.61584484984079988e-08  8.47519343808777917e-04  4.72997001561242542e-03  2.07484294698620264e-04 -1.20167104391073602e-04  2.07484315388338080e-04 -1.20167075796139754e-04  2.07484321984257691e-04 -1.20167066685815686e-04 -1.44324108936084582e-03 -3.72449947030065783e-03 -1.44324108936084582e-03 -3.72449947030065783e-03 -1.44324108936081806e-03 -3.72449947030065783e-03 -1.44324108936083888e-03 -3.72449947030065046e-03 
 5.80018354611442373e+03 -1.39752271983116186e-16  9.12108372350417419e-17 -2.86538372611258275e-15  1.71834097249892681e-15 -1.03885630390525112e-09  2.12607813183929555e-10  2.88134671831559273e-11  4.60461982157225010e-11  2.88134618044967123e-11  4.60462021965655949e-11  2.88134608992302499e-11  4.60462028669921726e-11  8.86142839141761070e-10 -3.97622855112880497e-10  8.86142839141761070e-10 -3.97622855112880497e-10  8.86142839142184586e-10 -3.97622855112033464e-10  8.86142839141761070e-10 -3.97622855112033464e-10  3.59489680676370633e-10  6.05148069228984547e-10  1.04737120896100086e-08  1.74753777514160834e-08  8.82157463654833877e-04  4.85923159975841946e-03  2.17392238812357891e-04 -1.29384618558291955e-04  2.17392263048046190e-04 -1.29384585714681068e-04  2.17392267128861113e-04 -1.29384580187677978e-04 -1.51794289502266361e-03 -3.80490603785261887e-03 -1.51794289502266361e-03 -3.80490603785261887e-03 -1.51794289502266708e-03 -3.80490603785263275e-03 -1.51794289502266361e-03 -3.80490603785261236e-03 
 5.96959496879889593e+03 -1.55547844537896648e-16  1.02779473780045308e-16 -3.18806308099037879e-15  1.94238127932679516e-15 -1.09832955531570346e-09  2.26801519900073512e-10  3.18592808448392949e-11  4.96223529368270148e-11  3.18592755148844743e-11  4.96223569624569758e-11  3.18592742676284595e-11  4.96223579054164043e-11  9.31349818615381255e-10 -4.27944224641360724e-10  9.31349818615381255e-10 -4.27944224641360724e-10  9.31349818614957738e-10 -4.27944224641360724e-10  9.31349818614957738e-10 -4.27944224641360724e-10  3.94724756985237961e-10  6.54209735129751878e-10  1.15032289488808311e-08  1.88916731020421912e-08  9.18540199459238864e-04  4.99158023766311555e-03  2.27636408389864732e-04 -1.39284248926301979e-04  2.27636432202833310e-04 -1.39284217304656979e-04  2.27636437780212987e-04 -1.39284209903004934e-04 -1.59592574846852239e-03 -3.88554879571289136e-03 -1.59592574846852586e-03 -3.88554879571289136e-03 -1.59592574846851892e-03 -3.88554879571290524e-03 -1.59592574846851892e-03 -3.88554879571288442e-03 
 6.14395455043520087e+03 -1.73049619202206814e-16  1.15848654672957936e-16 -3.54551572848245176e-15  2.19610338610857017e-15 -1.16110045227579492e-09  2.42053687538751078e-10  3.52230137149208393e-11  5.34423071776588460e-11  3.52230078274065812e-11  5.34423117205083003e-11  3.52230068357427582e-11  5.34423124862260846e-11  9.78468357616358263e-10 -4.60528167497590646e-10  9.78468357616358263e-10 -4.60528167497590646e-10  9.78468357615934747e-10 -4.60528167498437679e-10  9.78468357615511230e-10 -4.60528167500978778e-10  4.33504083722533645e-10  7.06940561340668026e-10  1.26366553225583207e-08  2.04137522651463367e-08  9.56740617301726640e-04  5.12705863402323440e-03  2.38212659107594094e-04 -1.49910060050449564e-04  2.38212685214602386e-04 -1.49910026107781498e-04  2.38212689615522417e-04 -1.49910020389432797e-04 -1.67727245432446330e-03 -3.96630214884295326e-03 -1.67727245432446330e-03 -3.96630214884295326e-03 -1.67727245432440779e-03 -3.96630214884295326e-03 -1.67727245432439738e-03 -3.96630214884294632e-03 
 6.32340681656137258e+03 -1.92429180653623327e-16  1.30612772265075507e-16 -3.94122917234907444e-15  2.48341413391532010e-15 -1.22734137235997950e-09  2.58443353032261755e-10  3.89361251025284965e-11  5.75179199265458060e-11  3.89361193774328060e-11  5.75179244414431731e-11  3.89361179120658072e-11  5.75179255981725417e-11  1.02753819124587085e-09 -4.95525175755952459e-10  1.02753819124587085e-09 -4.95525175755952459e-10  1.02753819124587085e-09 -4.95525175755952459e-10  1.02753819124502382e-09 -4.95525175756799492e-10  4.76176228979484491e-10  7.63573736346747202e-10  1.38842578245124220e-08  2.20483048663510036e-08  9.96833064629410685e-04  5.26570833010498850e-03  2.49114676760156853e-04 -1.61308030435504277e-04  2.49114701971660203e-04 -1.61307998364451351e-04  2.49114708430147810e-04 -1.61307990154218700e-04 -1.76206144085735202e-03 -4.04703176792762295e-03 -1.76206144085735202e-03 -4.04703176792762295e-03 -1.76206144085735202e-03 -4.04703176792762295e-03 -1.76206144085736590e-03 -4.04703176792765070e-03 
 6.50810051400892917e+03 -2.13873363349115135e-16  1.47290720976483525e-16 -4.37899895700305407e-15  2.80871898073768257e-15 -1.29723278253775047e-09  2.76055082916779439e-10  4.30328599133862562e-11  6.18609314970999612e-11  4.30328534581481652e-11  6.18609367052937956e-11  4.30328524033803876e-11  6.18609375569854241e-11  1.07859548422654686e-09 -5.33093125724162743e-10  1.07859548422654686e-09 -5.33093125724162743e-10  1.07859548422697038e-09 -5.33093125725009776e-10  1.07859548422569983e-09 -5.33093125726703842e-10  5.23121434737362330e-10  8.24351941121238574e-10  1.52572428210105400e-08  2.38022848675186557e-08  1.03889385923628189e-03  5.40756940068060077e-03  2.60333723954532135e-04 -1.73526049720694459e-04  2.60333752211241607e-04 -1.73526014581342690e-04  2.60333756831607871e-04 -1.73526008839206675e-04 -1.85036597470891067e-03 -4.12759456974366376e-03 -1.85036597470891067e-03 -4.12759456974366376e-03 -1.85036597470891067e-03 -4.12759456974366376e-03 -1.85036597470890026e-03 -4.12759456974366289e-03 
 6.69818873419816828e+03 -2.37585302209615212e-16  1.66128809733562640e-16 -4.86294940867181222e-15  3.17698192807168104e-15 -1.37096359893902620e-09  2.94979159249308086e-10  4.75504357405457273e-11  6.64828406020317666e-11  4.75504291324181893e-11  6.64828460599944414e-11  4.75504279025263499e-11  6.64828470767516155e-11  1.13167231576582382e-09 -5.73397314446157330e-10  1.13167231576582382e-09 -5.73397314446157330e-10  1.13167231576582382e-09 -5.73397314446157330e-10  1.13167231576582382e-09 -5.73397314447004363e-10  5.74754041494139247e-10  8.89527045506226364e-10  1.67678293652990522e-08  2.56828998602587281e-08  1.08300044635695008e-03  5.55268059372768154e-03  2.71858430048576162e-04 -1.86613829289962029e-04  2.71858458820192707e-04 -1.86613794336103591e-04  2.71858464178231481e-04 -1.86613787831104631e-04 -1.94225334320990528e-03 -4.20783877128045637e-03 -1.94225334320990528e-03 -4.20783877128045637e-03 -1.94225334320990528e-03 -4.20783877128045637e-03 -1.94225334320991916e-03 -4.20783877128049107e-03 
 6.89382904003466047e+03 -2.63785510769573564e-16  1.87403986740684618e-16 -5.39755478429084426e-15  3.59379194965064270e-15 -1.44873148785577832e-09  3.15312027125680926e-10  5.25292465173646792e-11  7.13947533843502946e-11  5.25292397701119796e-11  7.13947590933523591e-11  5.25292383437084965e-11  7.13947603010095836e-11  1.18679614404350848e-09 -6.16610451875506868e-10  1.18679614404350848e-09 -6.16610451875506868e-10  1.18679614404393200e-09 -6.16610451873812802e-10  1.18679614404350848e-09 -6.16610451874659835e-10  6.31525032594140018e-10  9.59359695521378216e-10  1.84293258763353144e-08  2.76975968651032251e-08  1.12923194462514814e-03  5.70107907829101902e-03  2.83674523645689237e-04 -2.00622854439670917e-04  2.83674552888434615e-04 -2.00622819759472968e-04  2.83674559073774019e-04 -2.00622812429085315e-04 -2.03778400050937027e-03 -4.28760401618587944e-03 -2.03778400050937027e-03 -4.28760401618587944e-03 -2.03778400050937027e-03 -4.28760401618590026e-03 -2.03778400050940150e-03 -4.28760401618589332e-03 
 7.09518359651213268e+03 -2.92712980921255661e-16  2.11427405254692460e-16 -5.98766067707681579e-15  4.06543652790585975e-15 -1.53074323052185268e-09  3.37156574187880533e-10  5.80130623730251222e-11  7.66072182935841232e-11  5.80130560778762582e-11  7.66072237536643804e-11  5.80130538565323540e-11  7.66072256827819177e-11  1.24398925615662768e-09 -6.62912606744929295e-10  1.24398925615662768e-09 -6.62912606744929295e-10  1.24398925615662768e-09 -6.62912606744929295e-10  1.24398925615747471e-09 -6.62912606746623361e-10  6.93924698016949426e-10  1.03411878367498447e-09  2.02562105724462569e-08  2.98540443536921576e-08  1.17766867284659462e-03  5.85280049135221761e-03  2.95764595304282387e-04 -2.15606267876154739e-04  2.95764622478582198e-04 -2.15606236438007812e-04  2.95764632076837548e-04 -2.15606225342497289e-04 -2.13701069152558891e-03 -4.36672158849097346e-03 -2.13701069152558891e-03 -4.36672158849097346e-03 -2.13701069152558891e-03 -4.36672158849097346e-03 -2.13701069152556116e-03 -4.36672158849098734e-03 
 7.30241930512998897e+03 -3.24626296734035967e-16  2.38548360039692523e-16 -6.63850548732877803e-15  4.59898292711456680e-15 -1.61721505940537816e-09  3.60622569129607487e-10  6.40492393244332462e-11  8.21300330277026581e-11  6.40492322548845102e-11  8.21300393194633903e-11  6.40492304587511455e-11  8.21300409199321441e-11  1.30326820682330496e-09 -7.12491100577057146e-10  1.30326820682330496e-09 -7.12491100577057146e-10  1.30326820682288144e-09 -7.12491100576210113e-10  1.30326820682203441e-09 -7.12491100577904179e-10  7.62485413228681192e-10  1.11408079253614604e-09  2.22642155485425029e-08  3.21601101528873030e-08  1.22839242949663533e-03  6.00787877638724477e-03  3.08107826216505920e-04 -2.31618763822004239e-04  3.08107856642305224e-04 -2.31618729514747226e-04  3.08107864379534105e-04 -2.31618720797036184e-04 -2.23997755566601384e-03 -4.44501471516502416e-03 -2.23997755566601384e-03 -4.44501471516502416e-03 -2.23997755566602771e-03 -4.44501471516505191e-03 -2.23997755566602078e-03 -4.44501471516503804e-03 
 7.51570794223689154e+03 -3.59804754246517121e-16  2.69158627145096675e-16 -7.35574174867674378e-15  5.20236789171122917e-15 -1.70837306700719581e-09  3.85826916019616850e-10  7.06889211519110808e-11  8.79720359963573746e-11  7.06889139436606996e-11  8.79720425843678801e-11  7.06889119317456917e-11  8.79720444249704745e-11  1.36464325286926016e-09 -7.65540348239802601e-10  1.36464325286926016e-09 -7.65540348239802601e-10  1.36464325286798961e-09 -7.65540348239802601e-10  1.36464325286756610e-09 -7.65540348241496667e-10  8.37784530907366356e-10  1.19952900467648088e-09  2.44704144484686776e-08  3.46238349640227486e-08  1.28148576418585561e-03  6.16634632282645010e-03  3.20679756199859225e-04 -2.48716407856641047e-04  3.20679787153737791e-04 -2.48716373862548079e-04  3.20679795799250482e-04 -2.48716364375352003e-04 -2.34671922555068288e-03 -4.52229896968164499e-03 -2.34671922555068288e-03 -4.52229896968164499e-03 -2.34671922555067594e-03 -4.52229896968164499e-03 -2.34671922555073145e-03 -4.52229896968164499e-03 
 7.73522630141507580e+03 -3.98549477176464312e-16  3.03697240322744580e-16 -8.14545705244407821e-15  5.88449647981268726e-15 -1.80445355546184939e-09  4.12894177371668156e-10  7.79872533429900705e-11  9.41408619364181846e-11  7.79872461141991404e-11  9.41408687251754986e-11  7.79872437628356788e-11  9.41408709355079744e-11  1.42811778782992899e-09 -8.22261639596510269e-10  1.42811778782992899e-09 -8.22261639596510269e-10  1.42811778782992899e-09 -8.22261639596510269e-10  1.42811778783077603e-09 -8.22261639597357302e-10  9.20447378666446479e-10  1.29075257024061214e-09  2.68933135446436428e-08  3.72534011703294797e-08  1.33703250358087810e-03  6.32823375318787920e-03  3.33451998984005452e-04 -2.66956489283084260e-04  3.33452029975639353e-04 -2.66956456158631535e-04  3.33452040065205309e-04 -2.66956445383737591e-04 -2.45725992295928826e-03 -4.59838277516110439e-03 -2.45725992295928826e-03 -4.59838277516110439e-03 -2.45725992295928826e-03 -4.59838277516110439e-03 -2.45725992295929519e-03 -4.59838277516111740e-03 
 7.96115634002341358e+03 -4.41184518237473892e-16  3.42655741167293168e-16 -9.01419429782941753e-15  6.65535081362425677e-15 -1.90570345289832466e-09  4.41956940547261461e-10  8.60035868650330202e-11  1.00642678172489319e-10  8.60035791788442986e-11  1.00642685596309586e-10  8.60035769217132524e-11  1.00642687778689974e-10  1.49368778559084766e-09 -8.82862862306801909e-10  1.49368778559084766e-09 -8.82862862306801909e-10  1.49368778559084766e-09 -8.82862862306801909e-10  1.49368778559042415e-09 -8.82862862309343008e-10  1.01115035951165358e-09  1.38804542771727732e-09  2.95529461398974961e-08  4.00570967211945597e-08  1.39511739824093217e-03  6.49356997558147089e-03  3.46391996674233742e-04 -2.86397302488453911e-04  3.46392029603143884e-04 -2.86397268264143568e-04  3.46392039282113857e-04 -2.86397258212856291e-04 -2.57161257141184929e-03 -4.67306801874636715e-03 -2.57161257141184929e-03 -4.67306801874636715e-03 -2.57161257141184929e-03 -4.67306801874636715e-03 -2.57161257141181460e-03 -4.67306801874635327e-03 
 8.19368533002070217e+03 -4.88057933989901342e-16  3.86583941241823400e-16 -9.96897094890074262e-15  7.52610956103036004e-15 -2.01238074034465475e-09  4.73156223931652485e-10  9.48016788580442440e-11  1.07481892539726206e-10  9.48016711587265117e-11  1.07481900194151192e-10  9.48016685502885506e-11  1.07481902790730691e-10  1.56134125997851495e-09 -9.47558163330187845e-10  1.56134125997851495e-09 -9.47558163330187845e-10  1.56134125997766792e-09 -9.47558163329340812e-10  1.56134125997851495e-09 -9.47558163327646746e-10  1.11062414839840413e-09  1.49170507268269518e-09  3.24709701032528038e-08  4.30432738506870223e-08  1.45582590013339100e-03  6.66238221171769080e-03  3.59462776124841866e-04 -3.07097903953575449e-04  3.59462809113504124e-04 -3.07097870637756921e-04  3.59462820303501241e-04 -3.07097859346914094e-04 -2.68977793481442982e-03 -4.74615077755630166e-03 -2.68977793481442982e-03 -4.74615077755630166e-03 -2.68977793481444370e-03 -4.74615077755627390e-03 -2.68977793481443676e-03 -4.74615077755627390e-03 
 8.43300601319418456e+03 -5.39542820062244648e-16  4.36096237224577511e-16 -1.10172969459677366e-14  8.50927901558858911e-15 -2.12475486280317392e-09  5.06642017059658013e-10  1.04449892804013352e-10  1.14660826709697488e-10  1.04449883562036865e-10  1.14660836176349465e-10  1.04449882128645360e-10  1.14660837645528112e-10  1.63105774829814626e-09 -1.01656754802452600e-09  1.63105774829814626e-09 -1.01656754802452600e-09  1.63105774829814626e-09 -1.01656754802452600e-09  1.63105774829645219e-09 -1.01656754802367897e-09  1.21965697816354933e-09  1.60203117123920273e-09  3.56707683445423719e-08  4.62203024354483190e-08  1.51924444073075105e-03  6.83469588921461948e-03  3.72622689474232343e-04 -3.29117863810555176e-04  3.72622729115214355e-04 -3.29117824947627272e-04  3.72622735266722640e-04 -3.29117818921621894e-04 -2.81174379450231269e-03 -4.81742215708722259e-03 -2.81174379450231269e-03 -4.81742215708722259e-03 -2.81174379450231269e-03 -4.81742215708722259e-03 -2.81174379450227800e-03 -4.81742215708722259e-03 
 8.67931676092198722e+03 -5.96038293240713598e-16  4.91878523791431850e-16 -1.21671908966389960e-14  9.61883672079611421e-15 -2.24310723543740681e-09  5.42573585442484825e-10  1.15021376902101308e-10  1.22179372984281505e-10  1.15021368693928532e-10  1.22179381650063830e-10  1.15021365859968049e-10  1.22179384646231123e-10  1.70280782942486617e-09 -1.09011641984460144e-09  1.70280782942486617e-09 -1.09011641984460144e-09  1.70280782942401913e-09 -1.09011641984460144e-09  1.70280782942401913e-09 -1.09011641984460144e-09  1.33909801136509418e-09  1.71932401871363854e-09  3.91775521205814180e-08  4.95965178981582402e-08  1.58545960258645231e-03  7.01053487515084731e-03  3.85825224153513689e-04 -3.52516929809399218e-04  3.85825259413445220e-04 -3.52516896272136299e-04  3.85825271601541130e-04 -3.52516884690565039e-04 -2.93748418660092110e-03 -4.88666924757348922e-03 -2.93748418660092110e-03 -4.88666924757348922e-03 -2.93748418660095580e-03 -4.88666924757348922e-03 -2.93748418660096317e-03 -4.88666924757348922e-03 
 8.93282173860187322e+03 -6.57970404450443843e-16  5.54695749385726730e-16 -1.34271941070904676e-14  1.08703885966691845e-14 -2.36773162816568405e-09  5.81120267036198132e-10  1.26594254955561899e-10  1.30034595876778891e-10  1.26594245345973113e-10  1.30034606348011943e-10  1.26594243548992715e-10  1.30034608308469699e-10  1.77655268250377808e-09 -1.16843505795403789e-09  1.77655268250377808e-09 -1.16843505795403789e-09  1.77655268250293105e-09 -1.16843505795488493e-09  1.77655268250293105e-09 -1.16843505795573196e-09  1.46986078754839955e-09  1.84388284179275069e-09  4.30184668548095152e-08  5.31801634859402205e-08  1.65455927512359502e-03  7.18992112919006506e-03  3.99018725031434365e-04 -3.77354761865478195e-04  3.99018766427948566e-04 -3.77354723707632063e-04  3.99018774175155088e-04 -3.77354716572734356e-04 -3.06695870204822365e-03 -4.95367618670242756e-03 -3.06695870204822365e-03 -4.95367618670242756e-03 -3.06695870204821671e-03 -4.95367618670244144e-03 -3.06695870204824446e-03 -4.95367618670244144e-03 
 9.19373107488263850e+03 -7.25792968293251078e-16  6.25400168462862948e-16 -1.48063820298202267e-14  1.22813406878967161e-14 -2.49893476701387729e-09  6.22461644714570293e-10  1.39251769733126859e-10  1.38220337901931887e-10  1.39251760735095861e-10  1.38220348026304947e-10  1.39251757965298123e-10  1.38220351147621358e-10  1.85224370081856030e-09 -1.25175804342823866e-09  1.85224370081856030e-09 -1.25175804342823866e-09  1.85224370081686624e-09 -1.25175804342908569e-09  1.85224370081686624e-09 -1.25175804343077976e-09  1.61292674961209792e-09  1.97600395198473160e-09  4.72227005548867267e-08  5.69793270224351683e-08  1.72663111139495029e-03  7.37287517683880064e-03  4.12146282211874157e-04 -4.03690496806622377e-04  4.12146321102630387e-04 -4.03690462089577274e-04  4.12146333089584351e-04 -4.03690451399586986e-04 -3.20011188641274079e-03 -5.01822533986150034e-03 -3.20011188641274079e-03 -5.01822533986150034e-03 -3.20011188641275467e-03 -5.01822533986148647e-03 -3.20011188641270610e-03 -5.01822533986151509e-03 
 9.46226103583839176e+03 -7.99988290758967141e-16  7.04940340517432712e-16 -1.63143726008753804e-14  1.38710866033176793e-14 -2.63703674510933767e-09  6.66788438187998012e-10  1.53082444882318344e-10  1.46726756024861981e-10  1.53082434978809125e-10  1.46726767546204130e-10  1.53082432759582803e-10  1.46726770131348685e-10  1.92982216440222044e-09 -1.34032363003172653e-09  1.92982216440222044e-09 -1.34032363003172653e-09  1.92982216440137341e-09 -1.34032363003342060e-09  1.92982216440306748e-09 -1.34032363003342060e-09  1.76934883611193813e-09  2.11597875071607121e-09  5.18215944142344173e-08  6.10018720063577944e-08  1.80176382657642586e-03  7.55941573697051401e-03  4.25145487009833268e-04 -4.31582430549498739e-04  4.25145530012178822e-04 -4.31582393413234514e-04  4.25145539657690425e-04 -4.31582385091435264e-04 -3.33687273099127343e-03 -5.08009857391644466e-03 -3.33687273099127343e-03 -5.08009857391644466e-03 -3.33687273099122486e-03 -5.08009857391643078e-03 -3.33687273099128080e-03 -5.08009857391641690e-03 
 9.73863420423012394e+03 -8.81067779834981680e-16  7.94370938769920667e-16 -1.79613309798861675e-14  1.56612119517192537e-14 -2.78237164157060096e-09  7.14302814762950026e-10  1.68180195045637904e-10  1.55539862096779871e-10  1.68180185948504051e-10  1.55539873047645330e-10  1.68180182576465888e-10  1.55539877112132927e-10  2.00921898651674623e-09 -1.43437307492066100e-09  2.00921898651674623e-09 -1.43437307492066100e-09  2.00921898651674623e-09 -1.43437307492066100e-09  2.00921898651505216e-09 -1.43437307492150803e-09  1.94025514888107049e-09  2.26409159941574360e-09  5.68487558267799458e-08  6.52553632948315664e-08  1.88004606043903097e-03  7.74956009537716966e-03  4.37948354840681702e-04 -4.61087545288415006e-04  4.37948394554542049e-04 -4.61087512135614080e-04  4.37948409292401094e-04 -4.61087499846195357e-04 -3.47715429590123243e-03 -5.13907863257306082e-03 -3.47715429590123243e-03 -5.13907863257306082e-03 -3.47715429590123243e-03 -5.13907863257306082e-03 -3.47715429590128100e-03 -5.13907863257306082e-03 
 1.00230796640031203e+04 -9.69572419534047526e-16  8.94863428784068619e-16 -1.97579700996160001e-14  1.76757170352155473e-14 -2.93528799459900555e-09  7.65219270371428730e-10  1.84644440913051705e-10  1.64641000578493591e-10  1.84644430728327547e-10  1.64641013276364503e-10  1.84644428105066509e-10  1.64641016553111459e-10  2.09035453783532364e-09 -1.53414992938149392e-09  2.09035453783532364e-09 -1.53414992938149392e-09  2.09035453783532364e-09 -1.53414992938149392e-09  2.09035453783532364e-09 -1.53414992938149392e-09  2.12685268805279051e-09  2.42061756028125273e-09  6.23401735310034392e-08  6.97469873816841385e-08  1.96156733255087312e-03  7.94332384359605279e-03  4.50481156279243262e-04 -4.92261120353039406e-04  4.50481201022407839e-04 -4.92261084290895141e-04  4.50481212565871994e-04 -4.92261074996917878e-04 -3.62085345940807782e-03 -5.19495058758572253e-03 -3.62085345940807782e-03 -5.19495058758572253e-03 -3.62085345940807782e-03 -5.19495058758572253e-03 -3.62085345940811251e-03 -5.19495058758572166e-03 
 1.03158331901731817e+04 -1.06607309097283650e-15  1.00771769054027442e-15 -2.17155464627530408e-14  1.99412593231627093e-14 -3.09614945617417425e-09  8.19765028808091406e-10  2.02580170969421836e-10  1.74006328626291531e-10  2.02580161410231509e-10  1.74006340984925748e-10  2.02580157838293571e-10  1.74006345610149156e-10  2.17313856103769891e-09 -1.63989930709106482e-09  2.17313856103769891e-09 -1.63989930709106482e-09  2.17313856103769891e-09 -1.63989930709106482e-09  2.17313856103769891e-09 -1.63989930709275888e-09  2.33043116908617617e-09  2.58582002454956301e-09  6.83343352391290006e-08  7.44834675926269119e-08  2.04641707176440001e-03  8.14072121485705236e-03  4.62664403554708423e-04 -5.25156218243953005e-04  4.62664445872081878e-04 -5.25156185342500284e-04  4.62664461704214466e-04 -5.25156173047800954e-04 -3.76785082806540715e-03 -5.24750336436834598e-03 -3.76785082806540715e-03 -5.24750336436834598e-03 -3.76785082806540715e-03 -5.24750336436834598e-03 -3.76785082806546916e-03 -5.24750336436831822e-03 
 1.06171374442590168e+04 -1.17117072031771563e-15  1.13437465704934021e-15 -2.38458505183245508e-14  2.24874172139112262e-14 -3.26533529637065487e-09  8.78181014025817847e-10  2.22098002246673903e-10  1.83606232568615736e-10  2.22097991433451298e-10  1.83606247082101771e-10  2.22097988804684547e-10  1.83606250615923227e-10  2.25747017840975813e-09 -1.75186713343873364e-09  2.25747017840975813e-09 -1.75186713343873364e-09  2.25747017840891110e-09 -1.75186713344212177e-09  2.25747017840806407e-09 -1.75186713344212177e-09  2.55236692102392167e-09  2.75994823816469817e-09  7.48723476481034464e-08  7.94709743124018138e-08  2.13468560176061821e-03  8.34176480858841649e-03  4.74412750380014104e-04 -5.59823254023531251e-04  4.74412798661910326e-04 -5.59823217859381451e-04  4.74412810417082899e-04 -5.59823209064398155e-04 -3.91801080121701763e-03 -5.29653131339673407e-03 -3.91801080121701763e-03 -5.29653131339673407e-03 -3.91801080121704538e-03 -5.29653131339673407e-03 -3.91801080121701156e-03 -5.29653131339670631e-03 
 1.09272421754228162e+04 -1.28549623666639054e-15  1.27643005873867857e-15 -2.61611909798662810e-14  2.53469769152643691e-14 -3.44324109857545822e-09  9.40722320076365758e-10  2.43314180387748015e-10  1.93404753168796204e-10  2.43314170481697696e-10  1.93404766985597640e-10  2.43314166654802841e-10  1.93404772331222570e-10  2.34323800278536161e-09 -1.87029939714651377e-09  2.34323800278536161e-09 -1.87029939714651377e-09  2.34323800278536161e-09 -1.87029939714651377e-09  2.34323800278451457e-09 -1.87029939714651377e-09  2.79412689074393703e-09  2.94323474512447902e-09  8.19980594550802760e-08  8.47150306497533664e-08  2.22646321768897940e-03  8.54646590973809350e-03  4.85635061588645094e-04 -5.96309447346660094e-04  4.85635106253803656e-04 -5.96309415146480939e-04  4.85635123534293521e-04 -5.96309402704785696e-04 -4.07118182148402848e-03 -5.34183582015478400e-03 -4.07118182148402848e-03 -5.34183582015478400e-03 -4.07118182148402848e-03 -5.34183582015478400e-03 -4.07118182148410480e-03 -5.34183582015478400e-03 
 1.12464044274857315e+04 -1.40971031847665805e-15  1.43564936329383397e-15 -2.86743723249304321e-14  2.85562442714938402e-14 -3.63027928882266385e-09  1.00765928766891793e-09  2.66350574516120220e-10  2.03358945432043634e-10  2.66350564203070571e-10  2.03358960402080427e-10  2.66350560513395053e-10  2.03358965767610632e-10  2.43032035140268123e-09 -1.99544140978101113e-09  2.43032035140268123e-09 -1.99544140978101113e-09  2.43032035140437530e-09 -1.99544140978270520e-09  2.43032035140437530e-09 -1.99544140978270520e-09  3.05727276108908091e-09  3.13589276036630029e-09  8.97581874950596744e-08  9.02204136982114678e-08  2.32184120200031345e-03  8.75483418077075207e-03  4.96234392939062818e-04 -6.34658365235399617e-04  4.96234439959308805e-04 -6.34658332654734021e-04  4.96234456810411241e-04 -6.34658320994024947e-04 -4.22719679950963462e-03 -5.38322692083615696e-03 -4.22719679950963462e-03 -5.38322692083615696e-03 -4.22719679950968319e-03 -5.38322692083612921e-03 -4.22719679950962768e-03 -5.38322692083615696e-03 
 1.15748887519898508e+04 -1.54450291083220173e-15  1.61398402103334893e-15 -3.13986647393666216e-14  3.21553837698947612e-14 -3.82687983597118295e-09  1.07927813390519718e-09  2.91334608668908948e-10  2.13418248936403035e-10  2.91334597093780207e-10  2.13418266446268120e-10  2.91334594418850160e-10  2.13418270498897257e-10  2.51858556929799167e-09 -2.12753709717648245e-09  2.51858556929799167e-09 -2.12753709717648245e-09  2.51858556929629760e-09 -2.12753709717817651e-09  2.51858556929629760e-09 -2.12753709717648245e-09  3.34346521990894483e-09  3.33811349358168895e-09  9.82024469506404140e-08  9.59910518158931330e-08  2.42091118186573816e-03  8.96687786727715791e-03  5.06108134676266138e-04 -6.74909369735912797e-04  5.06108188119933707e-04 -6.74909334194596705e-04  5.06108200486316256e-04 -6.74909325981052385e-04 -4.38587373892289877e-03 -5.42052491133803750e-03 -4.38587373892289877e-03 -5.42052491133803750e-03 -4.38587373892289877e-03 -5.42052491133802362e-03 -4.38587373892291958e-03 -5.42052491133809388e-03 
 1.19129674274832723e+04 -1.69059249104514847e-15  1.81358913037825852e-15 -3.43477656371867500e-14  3.61887870367786319e-14 -4.03349088279173797e-09  1.15588187819489797e-09  3.18399166448070196e-10  2.23523818500966055e-10  3.18399155478570013e-10  2.23523835816437079e-10  3.18399151979900424e-10  2.23523841348832774e-10  2.60789245935615609e-09 -2.26682833313161390e-09  2.60789245935700312e-09 -2.26682833312991984e-09  2.60789245935615609e-09 -2.26682833313161390e-09  2.60789245935615609e-09 -2.26682833313161390e-09  3.65446840450911248e-09  3.55006343683321808e-09  1.07383686201980131e-07  1.02029918097452121e-07  2.52376534280538594e-03  9.18260370962356749e-03  5.15148143542945862e-04 -7.17097108993514174e-04  5.15148194895187982e-04 -7.17097076256988986e-04  5.15148211300190772e-04 -7.17097065813800572e-04 -4.54701655064116382e-03 -5.45356191750702782e-03 -4.54701655064113607e-03 -5.45356191750704170e-03 -4.54701655064116382e-03 -5.45356191750702782e-03 -4.54701655064116382e-03 -5.45356191750702782e-03 
 1.22609206852100415e+04 -1.84872506062663212e-15  2.03684265596221279e-15 -3.75357518403167480e-14  4.07054734796339040e-14 -4.25057933520363827e-09  1.23779144900926404e-09  3.47682460185994436e-10  2.33607822733323406e-10  3.47682448466023062e-10  2.33607842071509108e-10  3.47682445531053900e-10  2.33607846923313830e-10  2.69809081754142821e-09 -2.41355433320159332e-09  2.69809081754142821e-09 -2.41355433320159332e-09  2.69809081754227524e-09 -2.41355433320328738e-09  2.69809081754396931e-09 -2.41355433320328738e-09  3.99215456170229857e-09  3.77188163127341191e-09  1.17358027327234136e-07  1.08338920273902757e-07  2.63049700072067382e-03  9.40201670212879176e-03  5.23240890207154097e-04 -7.61251029835152693e-04  5.23240945935438172e-04 -7.61250995837925350e-04  5.23240959915351861e-04 -7.61250987321392819e-04 -4.71041605826813450e-03 -5.48218340276987980e-03 -4.71041605826813450e-03 -5.48218340276987980e-03 -4.71041605826810674e-03 -5.48218340276985204e-03 -4.71041605826813450e-03 -5.48218340276985204e-03 
 1.26190369413920380e+04 -2.01967284032213551e-15  2.28636635165131463e-15 -4.09770214200640831e-14  4.57595261197922478e-14 -4.47863158183265699e-09  1.32534645705276264e-09  3.79327836167315776e-10  2.43592755764473242e-10  3.79327825461242839e-10  2.43592774257320063e-10  3.79327821359485792e-10  2.43592781357150227e-10  2.78902207053369059e-09 -2.56795113044231403e-09  2.78902207053369059e-09 -2.56795113044231403e-09  2.78902207053199653e-09 -2.56795113044231403e-09  2.78902207053114949e-09 -2.56795113044570216e-09  4.35850897799162169e-09  4.00367692733239603e-09  1.28185013665114781e-07  1.14918787238554157e-07  2.74120000731698952e-03  9.62512020666167305e-03  5.30267749182248096e-04 -8.07394838512407419e-04  5.30267800959465375e-04 -8.07394808328281820e-04  5.30267820840262471e-04 -8.07394796757503848e-04 -4.87585119981677386e-03 -5.50624959114196823e-03 -4.87585119981677386e-03 -5.50624959114196823e-03 -4.87585119981680162e-03 -5.50624959114196823e-03 -4.87585119981678861e-03 -5.50624959114194047e-03 
 1.29876130362953227e+04 -2.20423263893717189e-15  2.56504855110836732e-15 -4.46862240245639499e-14  5.14105658385999086e-14 -4.71815404535494073e-09  1.41890649856218735e-09  4.13483558478385796e-10  2.53390693143506010e-10  4.13483547600788687e-10  2.53390712850574561e-10  4.13483543554512298e-10  2.53390720196044279e-10  2.88052000549392548e-09 -2.73025114255282192e-09  2.88052000549392548e-09 -2.73025114255112786e-09  2.88052000549561955e-09 -2.73025114255451599e-09  2.88052000549223142e-09 -2.73025114255451599e-09  4.75563522365898436e-09  4.24552524314475769e-09  1.39927765522524516e-07  1.21768952116686353e-07  2.85596956362605498e-03  9.85191555237995703e-03  5.36105218395422451e-04 -8.55546048437163349e-04  5.36105272010585650e-04 -8.55546018628538813e-04  5.36105291996934381e-04 -8.55546007535709901e-04 -5.04309040171738773e-03 -5.52563677304803401e-03 -5.04309040171742936e-03 -5.52563677304802013e-03 -5.04309040171741548e-03 -5.52563677304803401e-03 -5.04309040171737385e-03 -5.52563677304802013e-03 
 1.33669544802791352e+04 -2.40322386676933980e-15  2.87606902133910755e-15 -4.86781784394100271e-14  5.77242679093269335e-14 -4.96967386963724153e-09  1.51885207547581809e-09  4.50302523410210111e-10  2.62902570822407433e-10  4.50302512613928166e-10  2.62902591379050030e-10  4.50302508414762330e-10  2.62902599394522810e-10  2.97241158571967361e-09 -2.90068285528658702e-09  2.97241158571967361e-09 -2.90068285528658702e-09  2.97241158571967361e-09 -2.90068285528658702e-09  2.97241158571797954e-09 -2.90068285528319889e-09  5.18576078688673381e-09  4.49746682913479961e-09  1.52653146038278277e-07  1.28887431870230145e-07  2.97490174523519892e-03  1.00824020232999339e-02  5.40625291726287531e-04 -9.05715481647335050e-04  5.40625346070789194e-04 -9.05715452887978284e-04  5.40625367259574188e-04 -9.05715441695359295e-04 -5.21189312982335215e-03 -5.54023847603143764e-03 -5.21189312982335215e-03 -5.54023847603143764e-03 -5.21189312982335215e-03 -5.54023847603143764e-03 -5.21189312982337991e-03 -5.54023847603145065e-03 
 1.37573757070314641e+04 -2.61748615468525215e-15  3.22292608779272262e-15 -5.29677758664529644e-14  6.47729249201504217e-14 -5.23373947381843702e-09  1.62558589699780039e-09  4.89941941891820402e-10  2.72017423780165088e-10  4.89941930971871646e-10  2.72017445682743038e-10  4.89941926870114599e-10  2.72017453931996912e-10  3.06451783716326926e-09 -3.07947063086789737e-09  3.06451783716326926e-09 -3.07947063086789737e-09  3.06451783716496333e-09 -3.07947063086620330e-09  3.06451783716326926e-09 -3.07947063086620330e-09  5.65124315929858562e-09  4.75950353286898927e-09  1.66431938769261272e-07  1.36270703024020846e-07  3.09809394670449659e-03  1.03165764791031851e-02  5.43695793185812026e-04 -9.57906842127548481e-04  5.43695849449266425e-04 -9.57906813849033751e-04  5.43695870633667555e-04 -9.57906803222080116e-04 -5.38201158757047136e-03 -5.54996647136640243e-03 -5.38201158757047136e-03 -5.54996647136640243e-03 -5.38201158757038809e-03 -5.54996647136641631e-03 -5.38201158757042972e-03 -5.54996647136637468e-03 
 1.41592003342011194e+04 -2.84787653680799334e-15  3.60946627540651791e-15 -5.75698672386334339e-14  7.26360608884604475e-14 -5.51092113273716350e-09  1.73953407213921999e-09  5.32562964259760974e-10  2.80611628577954878e-10  5.32562952779923440e-10  2.80611652897964860e-10  5.32562949264313193e-10  2.80611660362019191e-10  3.15665479323102443e-09 -3.26683466021411865e-09  3.15665479323102443e-09 -3.26683466021411865e-09  3.15665479323271850e-09 -3.26683466021581272e-09  3.15665479323441257e-09 -3.26683466021411865e-09  6.15457645964559447e-09  5.03159605760333279e-09  1.81339039291025052e-07  1.43913573057689019e-07  3.22564484049084593e-03  1.05544330821934224e-02  5.45180790369800133e-04 -1.01211629444883443e-03  5.45180851078555214e-04 -1.01211626554159454e-03  5.45180869709353290e-04 -1.01211625668756093e-03 -5.55319255076671455e-03 -5.55475159889213047e-03 -5.55319255076671455e-03 -5.55475159889213047e-03 -5.55319255076674231e-03 -5.55475159889213047e-03 -5.55319255076670067e-03 -5.55475159889215822e-03 
 1.45727614316423187e+04 -3.09526614188837307e-15  4.03991673656100839e-15 -6.24991325616183421e-14  8.14011018611166604e-14 -5.80181150604958118e-09  1.86114739373195942e-09  5.78330256716627666e-10  2.88548134011820537e-10  5.78330244249573231e-10  2.88548161978307357e-10  5.78330241799530432e-10  2.88548167489950744e-10  3.24863448040516576e-09 -3.46299106993120200e-09  3.24863448040516576e-09 -3.46299106993120200e-09  3.24863448040347170e-09 -3.46299106992950794e-09  3.24863448040177763e-09 -3.46299106993120200e-09  6.69839868172113524e-09  5.31366119507396161e-09  1.97453663070006702e-07  1.51809046618794825e-07  3.35765442246849276e-03  1.07959629313491273e-02  5.44941033222484075e-04 -1.06833208138332712e-03  5.44941101056907158e-04 -1.06833205086670274e-03  5.44941114425132088e-04 -1.06833204486422840e-03 -5.72517931266470007e-03 -5.55454439024276672e-03 -5.72517931266470007e-03 -5.55454439024276672e-03 -5.72517931266472782e-03 -5.55454439024276672e-03 -5.72517931266468619e-03 -5.55454439024276672e-03 
 1.49984017974941526e+04 -3.36053633106293706e-15  4.51892077191501934e-15 -6.77699299630164064e-14  9.11641089790840520e-14 -6.10702613755868470e-09  1.99090261970494417e-09  6.27411524506999195e-10  2.95675690095004162e-10  6.27411513014879683e-10  2.95675717469414952e-10  6.27411509727968331e-10  2.95675725323951471e-10  3.34026592657303079e-09 -3.66815219563427543e-09  3.34026592657303079e-09 -3.66815219563258136e-09  3.34026592657303079e-09 -3.66815219563427543e-09  3.34026592657303079e-09 -3.66815219563258136e-09  7.28549966352979955e-09  5.60556900656597173e-09  2.14859572170918744e-07  1.59948185496582628e-07  3.49422390546451139e-03  1.10411536827289582e-02  5.42834435811598466e-04 -1.12653417313570326e-03  5.42834500334704400e-04 -1.12653414578489284e-03  5.42834518842836167e-04 -1.12653413795666259e-03 -5.89771371548742686e-03 -5.54931547594847158e-03 -5.89771371548739910e-03 -5.54931547594849934e-03 -5.89771371548742686e-03 -5.54931547594847158e-03 -5.89771371548739997e-03 -5.54931547594852623e-03 
 1.54364742423237640e+04 -3.64457420075731989e-15  5.05157678672866613e-15 -7.33961216920023980e-14  1.02030580647070003e-13 -6.42720383023983460e-09  2.12930398032167402e-09  6.79976991342846242e-10  3.01828052137508094e-10  6.79976981156851535e-10  3.01828077986412546e-10  6.79976976765409220e-10  3.01828089173176680e-10  3.43135617159497227e-09 -3.88252702767501537e-09  3.43135617159497227e-09 -3.88252702767501537e-09  3.43135617159497227e-09 -3.88252702767501537e-09  3.43135617159497227e-09 -3.88252702767332130e-09  7.91882987745588229e-09  5.90713991327886717e-09  2.33645323423820405e-07  1.68319960891088324e-07  3.63545601037740338e-03  1.12899889532949559e-02  5.38716537869214293e-04 -1.18669397590360159e-03  5.38716597073462351e-04 -1.18669395233311813e-03  5.38716622688727251e-04 -1.18669394216193739e-03 -6.07053823686615115e-03 -5.53905576419646412e-03 -6.07053823686615115e-03 -5.53905576419646412e-03 -6.07053823686615115e-03 -5.53905576419647799e-03 -6.07053823686610951e-03 -5.53905576419649187e-03 
 1.58873418815687601e+04 -3.94826735726999325e-15  5.64348107221165808e-15 -7.93908738462440268e-14  1.14116331381398554e-13 -6.76300702183549492e-09  2.27688453486950661e-09  7.36198817546953829e-10  3.06823198414606373e-10  7.36198805670704875e-10  3.06823230684867597e-10  7.36198803239296800e-10  3.06823237312900410e-10  3.52171125985248357e-09 -4.10632183922504744e-09  3.52171125985417763e-09 -4.10632183922504744e-09  3.52171125985248357e-09 -4.10632183922674150e-09  3.52171125985078950e-09 -4.10632183922674150e-09  8.60151015925364144e-09  6.21814164786963470e-09  2.53904541186499793e-07  1.76911096202569113e-07  3.78145474043366063e-03  1.15424478372787749e-02  5.32441033052943988e-04 -1.24877406035619315e-03  5.32441104865585650e-04 -1.24877403362522676e-03  5.32441119614370201e-04 -1.24877402814841678e-03 -6.24339810853112055e-03 -5.52377638598245280e-03 -6.24339810853114831e-03 -5.52377638598245280e-03 -6.24339810853117606e-03 -5.52377638598242505e-03 -6.24339810853114831e-03 -5.52377638598243979e-03 
 1.63513784365212687e+04 -4.27249784416797055e-15  6.30077484837687130e-15 -8.57664260000721681e-14  1.27548455748455024e-13 -7.11512216942174376e-09  2.43420733781396156e-09  7.96250456982966660e-10  3.10462569538881399e-10  7.96250445635689782e-10  3.10462602678198427e-10  7.96250443018781492e-10  3.10462610348081764e-10  3.61113719298916365e-09 -4.33974100073539464e-09  3.61113719298916365e-09 -4.33974100073708871e-09  3.61113719298916365e-09 -4.33974100073708871e-09  3.61113719298746959e-09 -4.33974100074047684e-09  9.33684249582803740e-09  6.53828600485315193e-09  2.75736217876130959e-07  1.85705898111267263e-07  3.93232464786257268e-03  1.17985045477033805e-02  5.23860366090794739e-04 -1.31272791725477395e-03  5.23860437755757115e-04 -1.31272789241066237e-03  5.23860454342061819e-04 -1.31272788667597881e-03 -6.41604343766376435e-03 -5.50350840358341739e-03 -6.41604343766376435e-03 -5.50350840358340351e-03 -6.41604343766376435e-03 -5.50350840358340351e-03 -6.41604343766381986e-03 -5.50350840358338877e-03 
 1.68289685441031215e+04 -4.61813508147956053e-15  7.03019604201825216e-15 -9.25338262107480565e-14  1.42466386525959117e-13 -7.48425983104869692e-09  2.60186719436598327e-09  8.60305983245761784e-10  3.12530240847201061e-10  8.60305973850472333e-10  3.12530270467943226e-10  8.60305969698740343e-10  3.12530283620670831e-10  3.69944081922077284e-09 -4.58298797336043485e-09  3.69944081922077284e-09 -4.58298797336043485e-09  3.69944081922246690e-09 -4.58298797336043485e-09  3.69944081922246690e-09 -4.58298797336043485e-09  1.01283219793197500e-08  6.86722531346063920e-09  2.99245045056011756e-07  1.94686073262612163e-07  4.08817134335861827e-03  1.20581275182985760e-02  5.12826195098389022e-04 -1.37849981179913967e-03  5.12826257345972629e-04 -1.37849979179394621e-03  5.12826284981544953e-04 -1.37849978294267211e-03 -6.58823128802175830e-03 -5.47830228159253401e-03 -6.58823128802175830e-03 -5.47830228159253401e-03 -6.58823128802177218e-03 -5.47830228159256177e-03 -6.58823128802174442e-03 -5.47830228159252013e-03 
 1.73205080756889220e+04 -4.98602764402314163e-15  7.83913635712598929e-15 -9.97026260882760228e-14  1.59023057785022459e-13 -7.87115480058815306e-09  2.78049202759311775e-09  9.28539343532995245e-10  3.12792132851662447e-10  9.28539333327942296e-10  3.12792167845981630e-10  9.28539330486146758e-10  3.12792177635141402e-10  3.78643063937009129e-09 -4.83626649025207188e-09  3.78643063937009129e-09 -4.83626649025207188e-09  3.78643063937178536e-09 -4.83626649025207188e-09  3.78643063937178536e-09 -4.83626649025207188e-09  1.09796500795260910e-08  7.20454854476730162e-09  3.24541779126539590e-07  2.03830527446261610e-07  4.24910101302747052e-03  1.23212788055408820e-02  4.99189955380819846e-04 -1.44602464198572474e-03  4.99190026844576417e-04 -1.44602462083799751e-03  4.99190046832215023e-04 -1.44602461494294570e-03 -6.75972770807873897e-03 -5.44822713044908463e-03 -6.75972770807873897e-03 -5.44822713044908463e-03 -6.75972770807878060e-03 -5.44822713044907075e-03 -6.75972770807878060e-03 -5.44822713044906988e-03 
 1.78264044652412922e+04 -5.37699367185708424e-15  8.73570424731936659e-15 -1.07280529626007397e-13  1.77386184548979986e-13 -8.27656626236792856e-09  2.97074393790187560e-09  1.00112354717822125e-09  3.10995255565924217e-10  1.00112353727598258e-09  3.10995292748129503e-10  1.00112353471624901e-09  3.10995302406846200e-10  3.87191750780362359e-09 -5.09978192133818365e-09  3.87191750780362359e-09 -5.09978192133818365e-09  3.87191750780023546e-09 -5.09978192133818365e-09  3.87191750780023546e-09 -5.09978192133987772e-09  1.18947493731975229e-08  7.54977694690285776e-09  3.51743645234784601e-07  2.13115143565544022e-07  4.41521929715343875e-03  1.25879136869094521e-02  4.82803493402426411e-04 -1.51522782425819865e-03  4.82803567186096340e-04 -1.51522780428683728e-03  4.82803586352831488e-04 -1.51522779911776183e-03 -6.93030967648666351e-03 -5.41336973170371445e-03 -6.93030967648666351e-03 -5.41336973170371445e-03 -6.93030967648660800e-03 -5.41336973170368670e-03 -6.93030967648662188e-03 -5.41336973170367195e-03 
 1.83470770470302741e+04 -5.79180966374667179e-15  9.72879445390294381e-15 -1.15272988392924387e-13  1.97739671676140849e-13 -8.70127760745379938e-09  3.17332082831777492e-09  1.07822981786662668e-09  3.06866879233693216e-10  1.07822980954156336e-09  3.06866913735886256e-10  1.07822980607804564e-09  3.06866928176103941e-10  3.95571520637773559e-09 -5.37374280615918328e-09  3.95571520637773559e-09 -5.37374280615918328e-09  3.95571520638112373e-09 -5.37374280615748922e-09  3.95571520637773559e-09 -5.37374280616087735e-09  1.28777798541959842e-08  7.90235908718286011e-09  3.80974782536877631e-07  2.22512534185633576e-07  4.58663135688864351e-03  1.28579797425857362e-02  4.63519544721353925e-04 -1.58602526924492542e-03  4.63519611252522683e-04 -1.58602525290115642e-03  4.63519639095974348e-04 -1.58602524609268792e-03 -7.09976692551999092e-03 -5.37383335727034672e-03 -7.09976692551999092e-03 -5.37383335727034672e-03 -7.09976692551994928e-03 -5.37383335727033284e-03 -7.09976692552001867e-03 -5.37383335727031810e-03 
 1.88829574032168020e+04 -6.23119735508105590e-15  1.08281648851894476e-14 -1.23682734370134859e-13  2.20285166670059501e-13 -9.14609626646552612e-09  3.38895765616286813e-09  1.16002667357598536e-09  3.00113737867879337e-10  1.16002666530555567e-09  3.00113776143604157e-10  1.16002666255608672e-09  3.00113788950742320e-10  4.03764087387927656e-09 -5.65836255755790198e-09  4.03764087387927656e-09 -5.65836255755790198e-09  4.03764087387758249e-09 -5.65836255755620791e-09  4.03764087387588843e-09 -5.65836255755790198e-09  1.39331569995736217e-08  8.26166516285981941e-09  4.12366735372470557e-07  2.31991763821472369e-07  4.76344115346678462e-03  1.31314161947904233e-02  4.41192279947196799e-04 -1.65832337123708227e-03  4.41192351669116381e-04 -1.65832335542133880e-03  4.41192375666256268e-04 -1.65832335015557528e-03 -7.26790363498367505e-03 -5.32973640290971065e-03 -7.26790363498367505e-03 -5.32973640290971065e-03 -7.26790363498367505e-03 -5.32973640290968290e-03 -7.26790363498363342e-03 -5.32973640290966989e-03 
 1.94344897215883939e+04 -6.69580832563179450e-15  1.20445216864552283e-14 -1.32509240179307648e-13  2.45243772485801523e-13 -9.61185356648927222e-09  3.61842729435272407e-09  1.24667893735059583e-09  2.90421270528456316e-10  1.24667893018681468e-09  2.90421308019828627e-10  1.24667892719784717e-09  2.90421323786499907e-10  4.11751527237847750e-09 -5.95386132809974764e-09  4.11751527238017156e-09 -5.95386132810144170e-09  4.11751527237847750e-09 -5.95386132809974764e-09  4.11751527237847750e-09 -5.95386132810144170e-09  1.50655717555022523e-08  8.62698042256590116e-09  4.46058994498667952e-07  2.41518035450286289e-07  4.94575007161360790e-03  1.34081534875469706e-02  4.15677909989110200e-04 -1.73201902362828640e-03  4.15677978257074452e-04 -1.73201901027748525e-03  4.15678006967505566e-04 -1.73201900469640603e-03 -7.43453997685774789e-03 -5.28121085564666956e-03 -7.43453997685772014e-03 -5.28121085564665568e-03 -7.43453997685774789e-03 -5.28121085564666956e-03 -7.43453997685776177e-03 -5.28121085564669732e-03 
 2.00021311637435574e+04 -7.18620591302903854e-15  1.33896134316557706e-14 -1.41748094690557052e-13  2.72857937778167079e-13 -1.00994042479571160e-08  3.86254186740455502e-09  1.33834670080506327e-09  2.77452785157794222e-10  1.33834669395023739e-09  2.77452826464202927e-10  1.33834669162153205e-09  2.77452840626593806e-10  4.19516287349078654e-09 -6.26046801974476956e-09  4.19516287349078654e-09 -6.26046801974476956e-09  4.19516287349078654e-09 -6.26046801974476956e-09  4.19516287348909247e-09 -6.26046801974646362e-09  1.62800125916979239e-08  8.99749752088238883e-09  4.82199591982144988e-07  2.51052335050446597e-07  5.13365657101501945e-03  1.36881124304963180e-02  3.86835129371551915e-04 -1.80699970498311041e-03  3.86835202466391070e-04 -1.80699969251942689e-03  3.86835227519683573e-04 -1.80699968827585981e-03 -7.59951348210903543e-03 -5.22840061650343621e-03 -7.59951348210903543e-03 -5.22840061650343621e-03 -7.59951348210903543e-03 -5.22840061650343621e-03 -7.59951348210904931e-03 -5.22840061650344922e-03 
 2.05863522440301022e+04 -7.70284393121382859e-15  1.48763355200490347e-14 -1.51390279888769476e-13  3.03393544880008091e-13 -1.06096261526407703e-08  4.12215330869002833e-09  1.43518420474167234e-09  2.60848701781285042e-10  1.43518419880778303e-09  2.60848743882210652e-10  1.43518419663344945e-09  2.60848759484557540e-10  4.27041175047164772e-09 -6.57842244139473511e-09  4.27041175047164772e-09 -6.57842244139473511e-09  4.27041175047164772e-09 -6.57842244139473511e-09  4.27041175047164772e-09 -6.57842244139558214e-09  1.75817898406310297e-08  9.37230760529400548e-09  5.20945755191988616e-07  2.60551027113237248e-07  5.32725453389714266e-03  1.39712038778518084e-02  3.54525692429147235e-04 -1.88314356760546490e-03  3.54525764829352803e-04 -1.88314355706644819e-03  3.54525791652627903e-04 -1.88314355319350087e-03 -7.76268023681336850e-03 -5.17145970422156973e-03 -7.76268023681336850e-03 -5.17145970422156973e-03 -7.76268023681336850e-03 -5.17145970422156973e-03 -7.76268023681338324e-03 -5.17145970422155585e-03 
 2.11876372195514632e+04 -8.24604159789579468e-15  1.65188459389460358e-14 -1.61421332485029621e-13  3.37142217016663003e-13 -1.11434196264730261e-08  4.39815423149684430e-09  1.53733866307330376e-09  2.40225728625499940e-10  1.53733865675486149e-09  2.40225783301476685e-10  1.53733865615092700e-09  2.40225788586962276e-10  4.34309326166165384e-09 -6.90797759208314454e-09  4.34309326166165384e-09 -6.90797759208314454e-09  4.34309326166504197e-09 -6.90797759208399158e-09  4.34309326166165384e-09 -6.90797759208314454e-09  1.89765624881776928e-08  9.75038991053996167e-09  5.62464623732812894e-07  2.69965393244650636e-07  5.52663241266993129e-03  1.42573280939277316e-02  3.18614846602813891e-04 -1.96031958219940704e-03  3.18614937972546634e-04 -1.96031957120309077e-03  3.18614946803197146e-04 -1.96031957014885681e-03 -7.92391588381069836e-03 -5.11055036312903308e-03 -7.92391588381069836e-03 -5.11055036312903308e-03 -7.92391588381062897e-03 -5.11055036312906084e-03 -7.92391588381065673e-03 -5.11055036312906084e-03 
 2.18064844915643080e+04 -8.81595396886916639e-15  1.83326937386312382e-14 -1.71820370921436733e-13  3.74423869614488504e-13 -1.17017070414959096e-08  4.69147816010610048e-09  1.64494900667907925e-09  2.15176092689553598e-10  1.64494900140608739e-09  2.15176150987443225e-10  1.64494900105456872e-09  2.15176154931228628e-10  4.41304151373193225e-09 -7.24940207250344282e-09  4.41304151373193225e-09 -7.24940207250344282e-09  4.41304151373362631e-09 -7.24940207250344282e-09  4.41304151373023818e-09 -7.24940207250428985e-09  2.04703676553543728e-08  1.01305996076918909e-08  6.06934035097328078e-07  2.79241104958754832e-07  5.73187150681891532e-03  1.45463745248512553e-02  2.78971841422833680e-04 -2.03838769635124317e-03  2.78971936094127976e-04 -2.03838768732759025e-03  2.78971942497717278e-04 -2.03838768672340125e-03 -8.08311644098252437e-03 -5.04584110107077471e-03 -8.08311644098252437e-03 -5.04584110107077471e-03 -8.08311644098252437e-03 -5.04584110107081634e-03 -8.08311644098251049e-03 -5.04584110107087185e-03 
 2.24434070186001300e+04 -9.41253704285579505e-15  2.03349616849001546e-14 -1.82558965009307105e-13  4.15589532503312905e-13 -1.22854321888429905e-08  5.00309972168252364e-09  1.75814455812073037e-09  1.85266739066882033e-10  1.75814455457250935e-09  1.85266793293931316e-10  1.75814455391267069e-09  1.85266803600628218e-10  4.48009259141440538e-09 -7.60298260885295318e-09  4.48009259141440538e-09 -7.60298260885295318e-09  4.48009259141440538e-09 -7.60298260885295318e-09  4.48009259141440538e-09 -7.60298260885125911e-09  2.20696529817964186e-08  1.05116536169233879e-08  6.54543383741511991e-07  2.88317620480302382e-07  5.94304451725532687e-03  1.48382215172666518e-02  2.35470357760280189e-04 -2.11719903029253991e-03  2.35470443337756175e-04 -2.11719902427039879e-03  2.35470459603608474e-04 -2.11719902314364645e-03 -8.24019892662431787e-03 -4.97750467923778472e-03 -8.24019892662431787e-03 -4.97750467923778472e-03 -8.24019892662431787e-03 -4.97750467923778472e-03 -8.24019892662433175e-03 -4.97750467923773615e-03 
 2.30989327416532942e+04 -1.00355065586953395e-14  2.25444247545290567e-14 -1.93599821759107373e-13  4.61024473232743310e-13 -1.28955596027935382e-08  5.33403466497695726e-09  1.87704362934344959e-09  1.50038508442369494e-10  1.87704362691754723e-09  1.50038568934074456e-10  1.87704362667190767e-09  1.50038575276657165e-10  4.54408354434535382e-09 -7.96902668609567987e-09  4.54408354434535382e-09 -7.96902668609567987e-09  4.54408354434535382e-09 -7.96902668609483284e-09  4.54408354434365975e-09 -7.96902668609567987e-09  2.37813121681827227e-08  1.08921140675096798e-08  7.05494559379668457e-07  2.97127494410432597e-07  6.16021416078225623e-03  1.51327360897138014e-02  1.87988880877698952e-04 -2.19659609777587755e-03  1.87988973651550325e-04 -2.19659609358604938e-03  1.87988983380309356e-04 -2.19659609315690308e-03 -8.39510180057772767e-03 -4.90571607824853706e-03 -8.39510180057772767e-03 -4.90571607824853706e-03 -8.39510180057775543e-03 -4.90571607824853012e-03 -8.39510180057770165e-03 -4.90571607824852231e-03 
 2.37736050217879310e+04 -1.06842893111133265e-14  2.49817263570571919e-14 -2.04895256056161001e-13  5.11151655459421973e-13 -1.35330742044223722e-08  5.68533889709404647e-09  2.00175203577204831e-09  1.09005404559620956e-10  2.00175203494587355e-09  1.09005459767534392e-10  2.00175203475963218e-09  1.09005473704614506e-10  4.60485111763407888e-09 -8.34786529486559212e-09  4.60485111763577295e-09 -8.34786529486559212e-09  4.60485111763577295e-09 -8.34786529486559212e-09  4.60485111763238482e-09 -8.34786529486728618e-09  2.56127239780087521e-08  1.12703690271407665e-08  7.60002971224442244e-07  3.05595587063848883e-07  6.38343066238579535e-03  1.54297743192631977e-02  1.36411189874187085e-04 -2.27641304299531187e-03  1.36411272152784703e-04 -2.27641304134342535e-03  1.36411292923890594e-04 -2.27641304095178854e-03 -8.54778523780226618e-03 -4.83065045886089083e-03 -8.54778523780215516e-03 -4.83065045886089083e-03 -8.54778523780225230e-03 -4.83065045886088389e-03 -8.54778523780222454e-03 -4.83065045886087695e-03 
 2.44679830905264389e+04 -1.13579656173885661e-14  2.76695743225667243e-14 -2.16385409852019394e-13  5.66435568623205717e-13 -1.41989805514132744e-08  6.05810815231590813e-09  2.13236153421787776e-09  6.16537088275867420e-11  2.13236153486879611e-09  6.16537701307492665e-11  2.13236153499174823e-09  6.16537802680395793e-11  4.66223021516217720e-09 -8.73985577127332877e-09  4.66223021516217720e-09 -8.73985577127332877e-09  4.66223021515878907e-09 -8.73985577127163471e-09  4.66223021516387127e-09 -8.73985577127332877e-09  2.75717949488769835e-08  1.16446100900316721e-08  8.18298663055741633e-07  3.13638159164412417e-07  6.61273073088549778e-03  1.57291811996916366e-02  8.06265834384709403e-05 -2.35647591085938945e-03  8.06266722387927046e-05 -2.35647591133542533e-03  8.06266869205997714e-05 -2.35647591143130653e-03 -8.69823122492655552e-03 -4.75248113590821634e-03 -8.69823122492658328e-03 -4.75248113590823022e-03 -8.69823122492650001e-03 -4.75248113590825798e-03 -8.69823122492658328e-03 -4.75248113590823716e-03 
 2.51826425133929042e+04 -1.20552012900971235e-14  3.06329590688632357e-14 -2.27996176737595922e-13  6.27386471654228704e-13 -1.48943027406705283e-08  6.45347607690642706e-09  2.26894817183429371e-09  7.44125832661895158e-12  2.26894817396942554e-09  7.44131743257801098e-12  2.26894817452268364e-09  7.44133206253107596e-12  4.71605208014829966e-09 -9.14538475685012706e-09  4.71605208014829966e-09 -9.14538475685012706e-09  4.71605208014829966e-09 -9.14538475685012706e-09  4.71605208014829966e-09 -9.14538475685097409e-09  2.96670062217628727e-08  1.20128063324606460e-08  8.80627528162841023e-07  3.21161834839525887e-07  6.84813465472864855e-03  1.60307915204153245e-02  2.05303335231422519e-05 -2.43660292866536244e-03  2.05304167285993975e-05 -2.43660293122650341e-03  2.05304373208399262e-05 -2.43660293188687881e-03 -8.84644352129397224e-03 -4.67137757883411865e-03 -8.84644352129397224e-03 -4.67137757883411865e-03 -8.84644352129397224e-03 -4.67137757883411865e-03 -8.84644352129400000e-03 -4.67137757883412646e-03 
 2.59181756669956631e+04 -1.27741671933583082e-14  3.38993965077671915e-14 -2.39636781708155406e-13  6.94565095152955807e-13 -1.56200839663981142e-08  6.87261296518902089e-09  2.41157054713744879e-09 -5.42034535948288619e-11  2.41157055123449422e-09 -5.42033875838572165e-11  2.41157055187183357e-09 -5.42033775803981094e-11  4.76614217824002150e-09 -9.56487125491544082e-09  4.76614217824002150e-09 -9.56487125491544082e-09  4.76614217824002150e-09 -9.56487125491628786e-09  4.76614217824002150e-09 -9.56487125491798192e-09  3.19074647813820091e-08  1.23726740905315312e-08  9.47252629306746969e-07  3.28062414137953248e-07  7.08964499058435324e-03  1.63344302098387857e-02 -4.39761476873285536e-05 -2.51660480859127117e-03 -4.39760573792498573e-05 -2.51660481369978331e-03 -4.39760436926880924e-05 -2.51660481449083239e-03 -8.99244747158353848e-03 -4.58750345107572770e-03 -8.99244747158353848e-03 -4.58750345107572770e-03 -8.99244747158353848e-03 -4.58750345107572077e-03 -8.99244747158353848e-03 -4.58750345107570776e-03 
 2.66751922300444749e+04 -1.35124440684415209e-14  3.74991987245760845e-14 -2.51196956530610562e-13  7.68587854495557023e-13 -1.63773867871929140e-08  7.31672299936442054e-09  2.56026798246139915e-09 -1.23882043373411055e-10  2.56026798807267479e-09 -1.23881979607076719e-10  2.56026798937477619e-09 -1.23881965099096399e-10  4.81231776147927328e-09 -9.99876981542929257e-09  4.81231776147927328e-09 -9.99876981542929257e-09  4.81231776147927328e-09 -9.99876981542929257e-09  4.81231776147927328e-09 -9.99876981542929257e-09  3.43029595907235796e-08  1.27216419083213573e-08  1.01845563375309759e-06  3.34223512734793795e-07  7.33724373469506110e-03  1.66399136100265355e-02 -1.12984962435949189e-04 -2.59628506837943649e-03 -1.12984877651325002e-04 -2.59628507536442156e-03 -1.12984858364375008e-04 -2.59628507697952328e-03 -9.13628971297104214e-03 -4.50101469406505913e-03 -9.13628971297104214e-03 -4.50101469406505913e-03 -9.13628971297104214e-03 -4.50101469406505913e-03 -9.13628971297104388e-03 -4.50101469406504525e-03 
 2.74543196887092927e+04 -1.42669099110320523e-14  4.14657756888582917e-14 -2.62543641109288996e-13  8.50132629010485472e-13 -1.71672932788901125e-08  7.78704184429624205e-09  2.71505859307677982e-09 -2.02227163829030014e-10  2.71505860015056372e-09 -2.02227101877040251e-10  2.71505860230541554e-09 -2.02227083323630575e-10  4.85438509113541672e-09 -1.04475738346895876e-08  4.85438509113541672e-09 -1.04475738346895876e-08  4.85438509113541672e-09 -1.04475738346895876e-08  4.85438509114049892e-09 -1.04475738346895876e-08  3.68640230024230527e-08  1.30568099240113389e-08  1.09453836976013543e-06  3.39515003943075728e-07  7.59089071426194504e-03  1.69470504287868758e-02 -1.86581620481531208e-04 -2.67544035700464705e-03 -1.86581540431208609e-04 -2.67544036568608153e-03 -1.86581516454006820e-04 -2.67544036832192793e-03 -9.27803777195528034e-03 -4.41205766096074061e-03 -9.27803777195528034e-03 -4.41205766096074061e-03 -9.27803777195528034e-03 -4.41205766096074061e-03 -9.27803777195536361e-03 -4.41205766096075449e-03 
 2.82562038567395175e+04 -1.50336066371868155e-14  4.58359717931308608e-14 -2.73517128202316434e-13  9.39945170966483449e-13 -1.79909058676641469e-08  8.28483307177156408e-09  2.87593725825829604e-09 -2.89903372509132365e-10  2.87593726759746956e-09 -2.89903306193228859e-10  2.87593726993697456e-09 -2.89903289799753197e-10  4.89213628799967776e-09 -1.09118189998136169e-08  4.89213628799967776e-09 -1.09118189998136169e-08  4.89213628800306589e-09 -1.09118189998136169e-08  4.89213628800137183e-09 -1.09118189998153110e-08  3.96019979979786143e-08  1.33749028193177406e-08  1.17582451492531406e-06  3.43791233532899459e-07  7.85052110672344004e-03  1.72556433863764076e-02 -2.64844851557558979e-04 -2.75386079443859511e-03 -2.64844768277820350e-04 -2.75386080567611210e-03 -2.64844747695782107e-04 -2.75386080848372735e-03 -9.41777958642681275e-03 -4.32076729811662653e-03 -9.41777958642681275e-03 -4.32076729811662653e-03 -9.41777958642681275e-03 -4.32076729811666817e-03 -9.41777958642681275e-03 -4.32076729811666817e-03 
 2.90815094107748737e+04 -1.58075821540826889e-14  5.06504413975751237e-14 -2.83926554056356006e-13  1.03884621306808688e-12 -1.88493485816587994e-08  8.81138413205966465e-09  3.04287348281491967e-09 -3.87608067487320968e-10  3.04287349381914820e-09 -3.87608001852431951e-10  3.04287349708361318e-09 -3.87607982626478114e-10  4.92534577480780464e-09 -1.13920868831503209e-08  4.92534577480780464e-09 -1.13920868831503209e-08  4.92534577480780464e-09 -1.13920868831503209e-08  4.92534577480272244e-09 -1.13920868831520150e-08  4.25291117735473951e-08  1.36722153177661264e-08  1.26266142480790684e-06  3.46888973495008527e-07  8.11604318209060288e-03  1.75654910698640893e-02 -3.47846505794619908e-04 -2.83133031654593742e-03 -3.47846425688395845e-04 -2.83133032949348714e-03 -3.47846402220605797e-04 -2.83133033332373836e-03 -9.55562296159707600e-03 -4.22726537046309771e-03 -9.55562296159707600e-03 -4.22726537046309771e-03 -9.55562296159707600e-03 -4.22726537046309771e-03 -9.55562296159696671e-03 -4.22726537046309078e-03 
 2.99309204412916042e+04 -1.65827032207426838e-14  5.59540680882620783e-14 -2.93544620090760434e-13  1.14773935049624954e-12 -1.97437687218782708e-08  9.36800202196868843e-09  3.21580912872559792e-09 -4.96072535944403837e-10  3.21580914169833102e-09 -4.96072469394719237e-10  3.21580914572343159e-09 -4.96072448972754878e-10  4.95376626720771750e-09 -1.18890087006552620e-08  4.95376626720771750e-09 -1.18890087006552620e-08  4.95376626720602344e-09 -1.18890087006578031e-08  4.95376626720941157e-09 -1.18890087006578031e-08  4.56585562546359408e-08  1.39445490600157703e-08  1.35542211088242360e-06  3.48625075903337498e-07  8.38733646528083514e-03  1.78763899101705946e-02 -4.35651578476395048e-04 -2.90762700731019312e-03 -4.35651499538854136e-04 -2.90762702220719992e-03 -4.35651475312084783e-04 -2.90762702681961107e-03 -9.69169497494344959e-03 -4.13165872272912814e-03 -9.69169497494344959e-03 -4.13165872272912814e-03 -9.69169497494331081e-03 -4.13165872272916283e-03 -9.69169497494339408e-03 -4.13165872272913508e-03 
 3.08051410196406832e+04 -1.73514335302117513e-14  6.17964329808808429e-14 -3.02101408679211657e-13  1.26761978206293909e-12 -2.06753393884866622e-08  9.95600798111835432e-09  3.39465601866260528e-09 -6.16063030013739568e-10  3.39465603425436426e-09 -6.16062960006466477e-10  3.39465603852976306e-09 -6.16062940993964943e-10  4.97712425829801739e-09 -1.24032692600255408e-08  4.97712425829801739e-09 -1.24032692600255408e-08  4.97712425829801739e-09 -1.24032692600255408e-08  4.97712425829801739e-09 -1.24032692600255408e-08  4.90045762135669614e-08  1.41871394443896646e-08  1.45450737805112425e-06  3.48793780591673308e-07  8.66424952118650428e-03  1.81881367042445070e-02 -5.28318233446701158e-04 -2.98252342957648284e-03 -5.28318152735107391e-04 -2.98252344703254547e-03 -5.28318130813467540e-04 -2.98252345181070598e-03 -9.82614135235333926e-03 -4.03403756306818569e-03 -9.82614135235333926e-03 -4.03403756306818569e-03 -9.82614135235333926e-03 -4.03403756306818569e-03 -9.82614135235333926e-03 -4.03403756306818569e-03 
 3.17048957816480324e+04 -1.81045703965645082e-14  6.82323379810674632e-14 -3.09277131508003844e-13  1.39958400180620891e-12 -2.16452627255540268e-08  1.05767317145992728e-08  3.57929338175987940e-09 -7.48381973435574880e-10  3.57929339935105965e-09 -7.48381903301246847e-10  3.57929340463654524e-09 -7.48381882423578763e-10  4.99511493277789663e-09 -1.29356111110655235e-08  4.99511493277789663e-09 -1.29356111110655235e-08  4.99511493277959070e-09 -1.29356111110680646e-08  4.99511493277789663e-09 -1.29356111110672176e-08  5.25825656593235230e-08  1.43945708101282489e-08  1.56034813011209762e-06  3.47163623892929169e-07  8.94659804845472119e-03  1.85005313636681691e-02 -6.25897936486527039e-04 -3.05578693142119235e-03 -6.25897857900235160e-04 -3.05578695061250755e-03 -6.25897834504906083e-04 -3.05578695636777404e-03 -9.95912582326399787e-03 -3.93447375345988472e-03 -9.95912582326399787e-03 -3.93447375345988472e-03 -9.95912582326394236e-03 -3.93447375345986391e-03 -9.95912582326397011e-03 -3.93447375345989774e-03 
 3.26309305282605092e+04 -1.88309320668818140e-14  7.53223906468514146e-14 -3.14693617959918533e-13  1.54484054107364160e-12 -2.26547740287731409e-08  1.12315050826655802e-08  3.76956511462335416e-09 -8.93869317431482402e-10  3.76956513316109373e-09 -8.93869251049510326e-10  3.76956514064801795e-09 -8.93869224496721495e-10  5.00739643305247008e-09 -1.34868389178896504e-08  5.00739643305247008e-09 -1.34868389178896504e-08  5.00739643305247008e-09 -1.34868389178896504e-08  5.00739643304908195e-09 -1.34868389178888033e-08  5.64091732407252727e-08  1.45606780235639772e-08  1.67340785156658557e-06  3.43473886025340743e-07  9.23416321500805139e-03  1.88133799349818782e-02 -7.28435691268423079e-04 -3.12717991409041524e-03 -7.28435618979877161e-04 -3.12717993379101446e-03 -7.28435590058102030e-04 -3.12717994173142061e-03 -1.00908294665725071e-02 -3.83301908664590747e-03 -1.00908294665725071e-02 -3.83301908664590747e-03 -1.00908294665725071e-02 -3.83301908664590747e-03 -1.00908294665724794e-02 -3.83301908664591441e-03 
 3.35840128437355233e+04 -1.95169860987800534e-14  8.31336580634914692e-14 -3.17904314927030468e-13  1.70472186927058266e-12 -2.37051468821112415e-08  1.19216551977958897e-08  3.96527682546422410e-09 -1.05340406587357957e-09  3.96527684935140025e-09 -1.05340398853269522e-09  3.96527685478003441e-09 -1.05340397109906310e-09  5.01358338390306261e-09 -1.40578240717571400e-08  5.01358338390306261e-09 -1.40578240717571400e-08  5.01358338390306261e-09 -1.40578240717571400e-08  5.01358338389967448e-09 -1.40578240717579870e-08  6.05024174395833506e-08  1.46784321958553913e-08  1.79418527274409923e-06  3.37430504723499650e-07  9.52669017663639386e-03  1.91264979347831356e-02 -8.35970370378519853e-04 -3.19646004778128537e-03 -8.35970288514198759e-04 -3.19646007248877142e-03 -8.35970270057367210e-04 -3.19646007809334292e-03 -1.02214500562288705e-02 -3.72970352541680426e-03 -1.02214500562288705e-02 -3.72970352541680426e-03 -1.02214500562288705e-02 -3.72970352541680426e-03 -1.02214500562288427e-02 -3.72970352541679082e-03 
 3.45649327318866926e+04 -2.01464072602910719e-14  9.17403980119033051e-14 -3.18382524897967136e-13  1.88069756992659481e-12 -2.47976997358814472e-08  1.26484964558073228e-08  4.16619264761520694e-09 -1.22790592319559782e-09  4.16619267223930175e-09 -1.22790585047104304e-09  4.16619268036404178e-09 -1.22790582666264096e-09  5.01323956363797099e-09 -1.46495095666342916e-08  5.01323956363797099e-09 -1.46495095666342916e-08  5.01323956363797099e-09 -1.46495095666342916e-08  5.01323956364135913e-09 -1.46495095666351386e-08  6.48818123817965453e-08  1.47398078174422446e-08  1.92321722374553847e-06  3.28701369453102396e-07  9.82388630563709939e-03  1.94397142733770088e-02 -9.48535063491897528e-04 -3.26338044604916307e-03 -9.48534988669890106e-04 -3.26338047083762992e-03 -9.48534964176346411e-04 -3.26338047900379255e-03 -1.03512014157036546e-02 -3.62453337528935307e-03 -1.03512014157036546e-02 -3.62453337528935307e-03 -1.03512014157036546e-02 -3.62453337528935307e-03 -1.03512014157036546e-02 -3.62453337528933920e-03 
 3.55745032709129591e+04 -2.06995511259756228e-14  1.01224876459613741e-13 -3.15507558476654430e-13  2.07438891289035229e-12 -2.59338032753059829e-08  1.34133229783971620e-08  4.37203169083773019e-09 -1.41833734435152839e-09  4.37203171556855115e-09 -1.41833727730040029e-09  4.37203172715680891e-09 -1.41833724615669289e-09  5.00586959455525575e-09 -1.52629151314746857e-08  5.00586959455525575e-09 -1.52629151314746857e-08  5.00586959455525575e-09 -1.52629151314746857e-08  5.00586959455525575e-09 -1.52629151314755327e-08  6.95685050000457234e-08  1.47356281613457153e-08  2.06108167652232167e-06  3.16910897939797317e-07  1.01254207105108043e-02  1.97528749176162366e-02 -1.06615770614056061e-03 -3.32768969718284270e-03 -1.06615763909549059e-03 -3.32768972141301309e-03 -1.06615760794482326e-03 -3.32768973274652968e-03 -1.04803127691312867e-02 -3.51748936149670578e-03 -1.04803127691312867e-02 -3.51748936149670578e-03 -1.04803127691312867e-02 -3.51748936149670578e-03 -1.04803127691312590e-02 -3.51748936149669927e-03 
 3.66135612873538557e+04 -2.11528265497933382e-14  1.11678281557287300e-13 -3.08548411542244632e-13  2.28758495312733994e-12 -2.71148897424593541e-08  1.42173996665233629e-08  4.58246414971884048e-09 -1.62570573903082619e-09  4.58246418763203519e-09 -1.62570564452227807e-09  4.58246419554078182e-09 -1.62570562492532380e-09  4.99090949246231742e-09 -1.58991426482417141e-08  4.99090949245892929e-09 -1.58991426482425611e-08  4.99090949246231742e-09 -1.58991426482417141e-08  4.99090949246231742e-09 -1.58991426482408670e-08  7.45854244281748690e-08  1.46553851242583220e-08  2.20840097436452469e-06  3.01633776565727027e-07  1.04309230921817084e-02  2.00658473533537607e-02 -1.18886167770788356e-03 -3.38913181925400717e-03 -1.18886158584475556e-03 -3.38913185537382654e-03 -1.18886156679025409e-03 -3.38913186290094610e-03 -1.06090281027554929e-02 -3.40852457068396408e-03 -1.06090281027554651e-02 -3.40852457068397448e-03 -1.06090281027554929e-02 -3.40852457068396408e-03 -1.06090281027554946e-02 -3.40852457068396755e-03 
 3.76829680497296795e+04 -2.14779468447054709e-14  1.23201745052591075e-13 -2.96644504349793884e-13  2.52226028487602756e-12 -2.83424636790855725e-08  1.50619531908606843e-08  4.79710695798052611e-09 -1.85106598568269046e-09  4.79710699832470538e-09 -1.85106589258360516e-09  4.79710700186106794e-09 -1.85106588446902953e-09  4.96771589588964257e-09 -1.65593818370886897e-08  4.96771589588964257e-09 -1.65593818370886897e-08  4.96771589588964257e-09 -1.65593818370878427e-08  4.96771589588964257e-09 -1.65593818370895368e-08  7.99574442863665682e-08  1.44870290714440546e-08  2.36584523674367974e-06  2.82387729130924556e-07  1.07399833503693462e-02  2.03785250875294539e-02 -1.31666650285248705e-03 -3.44744607921227937e-03 -1.31666641489500374e-03 -3.44744611660174676e-03 -1.31666640722999341e-03 -3.44744611987536295e-03 -1.07376055162506541e-02 -3.29756221943533446e-03 -1.07376055162506541e-02 -3.29756221943533446e-03 -1.07376055162506541e-02 -3.29756221943533793e-03 -1.07376055162506819e-02 -3.29756221943532709e-03 
 3.87836099824414196e+04 -2.16410351326103893e-14  1.35907483112389004e-13 -2.78782926099166950e-13  2.78059458130234138e-12 -2.96181146806917279e-08  1.59481622392259638e-08  5.01551880479874160e-09 -2.09552348003338171e-09  5.01551884621272349e-09 -2.09552339124061192e-09  5.01551885266542048e-09 -2.09552337749496125e-09  4.93555375783133032e-09 -1.72449162046400958e-08  4.93555375783133032e-09 -1.72449162046409428e-08  4.93555375783133032e-09 -1.72449162046409428e-08  4.93555375782794219e-09 -1.72449162046409428e-08  8.57115585127681813e-08  1.42167233335867360e-08  2.53413592123961395e-06  2.58625152163788296e-07  1.10521512074403666e-02  2.06908325939763015e-02 -1.44958882264730133e-03 -3.50236656959401196e-03 -1.44958874109762524e-03 -3.50236660693025803e-03 -1.44958872847284772e-03 -3.50236661273862614e-03 -1.08663165570909211e-02 -3.18449320310166010e-03 -1.08663165570909211e-02 -3.18449320310168092e-03 -1.08663165570909211e-02 -3.18449320310166357e-03 -1.08663165570908934e-02 -3.18449320310167745e-03 
 3.99163994005222776e+04 -2.16015542721220139e-14  1.49920069189082727e-13 -2.53771521053951962e-13  3.06499403798062562e-12 -3.09435317052248436e-08  1.68771482064934046e-08  5.23719449763058412e-09 -2.36023744530961433e-09  5.23719453850331196e-09 -2.36023736361159250e-09  5.23719454961807829e-09 -2.36023734155485455e-09  4.89358225120832958e-09 -1.79571292060021166e-08  4.89358225120832958e-09 -1.79571292060021166e-08  4.89358225120832958e-09 -1.79571292060021166e-08  4.89358225120494145e-09 -1.79571292060021166e-08  9.18770710700277364e-08  1.38285570800011108e-08  2.71404950766960738e-06  2.29723429413539980e-07  1.13669369309501011e-02  2.10027300829142109e-02 -1.58764331881318063e-03 -3.55362161708442162e-03 -1.58764324588773825e-03 -3.55362165292751574e-03 -1.58764322619078216e-03 -3.55362166266000572e-03 -1.09954455048926498e-02 -3.06917337747314228e-03 -1.09954455048926498e-02 -3.06917337747314228e-03 -1.09954455048926498e-02 -3.06917337747314228e-03 -1.09954455048926498e-02 -3.06917337747314185e-03 
 4.10822752658497120e+04 -2.13110253765095756e-14  1.65377852524810713e-13 -2.20207017953124998e-13  3.37811482724042393e-12 -3.23205200288554425e-08  1.78499648748872480e-08  5.46155841950141596e-09 -2.64642479232016312e-09  5.46155846706062188e-09 -2.64642470358837970e-09  5.46155847574779179e-09 -2.64642468748458931e-09  4.84083858721538925e-09 -1.86975105903103857e-08  4.84083858721538925e-09 -1.86975105903103857e-08  4.84083858721538925e-09 -1.86975105903103857e-08  4.84083858721200111e-09 -1.86975105903112327e-08  9.84857997408963951e-08  1.33042090442836683e-08  2.90642125753399091e-06  1.94973703319799848e-07  1.16838117051355633e-02  2.13142189196141064e-02 -1.73084382435411137e-03 -3.60093289014128950e-03 -1.73084374736264023e-03 -3.60093293069508637e-03 -1.73084373338459625e-03 -3.60093293809365944e-03 -1.11252885920999946e-02 -2.95142051448211507e-03 -1.11252885920999946e-02 -2.95142051448211507e-03 -1.11252885920999946e-02 -2.95142051448211507e-03 -1.11252885921000206e-02 -2.95142051448211507e-03 
 4.22822039654449400e+04 -2.07114912608795174e-14  1.82434536015992598e-13 -1.76437245995886470e-13  3.72288863538780897e-12 -3.37510206613821605e-08  1.88675879225774779e-08  5.68795696046986627e-09 -2.95536438512056200e-09  5.68795700779867923e-09 -2.95536430245014635e-09  5.68795702111064903e-09 -2.95536427934986381e-09  4.77621940269022595e-09 -1.94676628317065122e-08  4.77621940269022595e-09 -1.94676628317065122e-08  4.77621940269022595e-09 -1.94676628317073593e-08  4.77621940269022595e-09 -1.94676628317060887e-08  1.05572293606737672e-07  1.26225531776701979e-08  3.11214897353616837e-06  1.53567843583993644e-07  1.20022084318465363e-02  2.16253472611113891e-02 -1.87920443948454727e-03 -3.64401422429002850e-03 -1.87920436975724803e-03 -3.64401426353399942e-03 -1.87920435026599870e-03 -3.64401427456166604e-03 -1.12561531121353666e-02 -2.83101087229946195e-03 -1.12561531121353666e-02 -2.83101087229947583e-03 -1.12561531121353389e-02 -2.83101087229945154e-03 -1.12561531121353389e-02 -2.83101087229946889e-03 
 4.35171801125049169e+04 -1.97336719608278211e-14  2.01260927037358795e-13 -1.20516292746103697e-13  4.10255030647292366e-12 -3.52371319602086310e-08  1.99309051986573844e-08  5.91564955818341836e-09 -3.28840197089732287e-09  5.91564960795846247e-09 -3.28840188937209576e-09  5.91564962334566299e-09 -3.28840186435074250e-09  4.69845931550595978e-09 -2.02693075105522684e-08  4.69845931550595978e-09 -2.02693075105522684e-08  4.69845931550595978e-09 -2.02693075105522684e-08  4.69845931550257165e-09 -2.02693075105535390e-08  1.13174063151475718e-07  1.17591957162955995e-08  3.33219665286629890e-06  1.04583310964090178e-07  1.23215236568088651e-02  2.19362154896801491e-02 -2.03274084033051904e-03 -3.68256999825777257e-03 -2.03274077348763928e-03 -3.68257003839469067e-03 -2.03274075295747231e-03 -3.68257005078841387e-03 -1.13883563579322833e-02 -2.70767531391138960e-03 -1.13883563579322833e-02 -2.70767531391138960e-03 -1.13883563579322833e-02 -2.70767531391138960e-03 -1.13883563579322555e-02 -2.70767531391139654e-03 
 4.47882273708308421e+04 -1.82947477994764493e-14  2.22046874230883651e-13 -5.01512249632502836e-14  4.52066754728702547e-12 -3.67811347442605074e-08  2.10407062055015769e-08  6.14379822101258834e-09 -3.64695548217734505e-09  6.14379827801282349e-09 -3.64695539457042138e-09  6.14379829083351418e-09 -3.64695537499379590e-09  4.60610617098868393e-09 -2.11042914860449736e-08  4.60610617098868393e-09 -2.11042914860449736e-08  4.60610617098868393e-09 -2.11042914860449736e-08  4.60610617098868393e-09 -2.11042914860453971e-08  1.21331821152868142e-07  1.06859310172170084e-08  3.56759789032205264e-06  4.69655581466174226e-08  1.26411191561366463e-02  2.22469823254808907e-02 -2.19147148715859597e-03 -3.71629313384321935e-03 -2.19147141733113358e-03 -3.71629317853085315e-03 -2.19147140172268719e-03 -3.71629318856999021e-03 -1.15222243365188815e-02 -2.58109489600443116e-03 -1.15222243365188815e-02 -2.58109489600443116e-03 -1.15222243365188815e-02 -2.58109489600443116e-03 -1.15222243365188538e-02 -2.58109489600445545e-03 
 4.60963993033365114e+04 -1.62956918315342824e-14  2.45003400998706095e-13  3.73612764604100737e-14  4.98117253337268592e-12 -3.83855204907500476e-08  2.21976721803354314e-08  6.37145508266189972e-09 -4.03252089289861631e-09  6.37145514210158976e-09 -4.03252080702302799e-09  6.37145515726686765e-09 -4.03252078526444564e-09  4.49749243629346453e-09 -2.19745925930256721e-08  4.49749243629346453e-09 -2.19745925930256721e-08  4.49749243629346453e-09 -2.19745925930260956e-08  4.49749243629346453e-09 -2.19745925930248250e-08  1.30089731040550272e-07  9.37010129695391374e-09  3.81945882699961826e-06 -2.04924460434285098e-08  1.29603243061499392e-02  2.25578709779512034e-02 -2.35541887278557013e-03 -3.74486255262378165e-03 -2.35541880624880531e-03 -3.74486259793231982e-03 -2.35541878937553691e-03 -3.74486260948164512e-03 -1.16580901642559208e-02 -2.45089584912127918e-03 -1.16580901642559208e-02 -2.45089584912127918e-03 -1.16580901642559208e-02 -2.45089584912128958e-03 -1.16580901642558930e-02 -2.45089584912128958e-03 
 4.74427802453398399e+04 -1.36180565615663678e-14  2.70365042970120906e-13  1.45210344888621727e-13  5.48839510061759647e-12 -4.00530230643526917e-08  2.34023668096669003e-08  6.59754758516822675e-09 -4.44667853875322489e-09  6.59754766256332120e-09 -4.44667843369403438e-09  6.59754766468259764e-09 -4.44667843083445115e-09  4.37070210857197928e-09 -2.28823245190788003e-08  4.37070210857197928e-09 -2.28823245190788003e-08  4.37070210856859115e-09 -2.28823245190792238e-08  4.37070210856520302e-09 -2.28823245190800708e-08  1.39495657680143919e-07  7.77384261528926245e-09  4.08896036958250018e-06 -9.91740520736926359e-08  1.32784390848952952e-02  2.28691754522728323e-02 -2.52461072281256549e-03 -3.76794001734178426e-03 -2.52461064367202762e-03 -3.76794007469327414e-03 -2.52461064151389934e-03 -3.76794007626390275e-03 -1.17962920350301939e-02 -2.31664385993867123e-03 -1.17962920350301939e-02 -2.31664385993867123e-03 -1.17962920350301662e-02 -2.31664385993870592e-03 -1.17962920350301106e-02 -2.31664385993871806e-03 
 4.88284862033614772e+04 -1.01200993838894028e-14  2.98392390863228794e-13  2.77160786257182993e-13  6.04709698484046674e-12 -4.17866545761368200e-08  2.46552275387691309e-08  6.82086083540270880e-09 -4.89109974271973043e-09  6.82086091968926332e-09 -4.89109963505506657e-09  6.82086091996031386e-09 -4.89109963470947713e-09  4.22353240287949030e-09 -2.38297404012708263e-08  4.22353240287949030e-09 -2.38297404012708263e-08  4.22353240287949030e-09 -2.38297404012712498e-08  4.22353240287949030e-09 -2.38297404012720968e-08  1.49601413121029236e-07  5.85319622740380635e-09  4.37735931052332554e-06 -1.90666684704432053e-07  1.35947375092759226e-02  2.31812671832389884e-02 -2.69908103502198432e-03 -3.78516629264492779e-03 -2.69908095616944177e-03 -3.78516635336795812e-03 -2.69908095591764666e-03 -3.78516635356278188e-03 -1.19371706277899420e-02 -2.17783755839644514e-03 -1.19371706277899420e-02 -2.17783755839644514e-03 -1.19371706277899420e-02 -2.17783755839642086e-03 -1.19371706277900252e-02 -2.17783755839640134e-03 
 5.02546657801754118e+04 -5.63210634166159961e-15  3.29374830791903097e-13  4.37660196899973128e-13  6.66250625547675345e-12 -4.35897461997368941e-08  2.59565572756364918e-08  7.04001663645673894e-09 -5.36755347924056624e-09  7.04001671780239507e-09 -5.36755338134727446e-09  7.04001672617785685e-09 -5.36755337133195689e-09  4.05344938292888238e-09 -2.48192345116920283e-08  4.05344938292888238e-09 -2.48192345116920283e-08  4.05344938293227051e-09 -2.48192345116907577e-08  4.05344938292888238e-09 -2.48192345116916048e-08  1.60462986435578594e-07  3.55706061567666318e-09  4.68598785161768753e-06 -2.96794165152902331e-07  1.39084712159860766e-02  2.34946022679815673e-02 -2.87887080619917421e-03 -3.79615657627120455e-03 -2.87887073650220987e-03 -3.79615663325592141e-03 -2.87887072936952827e-03 -3.79615663911509697e-03 -1.20810657782155391e-02 -2.03390110894549440e-03 -1.20810657782155391e-02 -2.03390110894549440e-03 -1.20810657782155946e-02 -2.03390110894543542e-03 -1.20810657782155391e-02 -2.03390110894549440e-03 
 5.17225011268784583e+04  4.92556023983189243e-17  3.63633460058646817e-13  6.31966702040942040e-13  7.34035065300566849e-12 -4.54659934081170104e-08  2.73065186027137774e-08  7.25344830971635577e-09 -5.87791307157602789e-09  7.25344840244613470e-09 -5.87791296654733056e-09  7.25344840472126520e-09 -5.87791296398929106e-09  3.85753658231163766e-09 -2.58533411845785173e-08  3.85753658231163766e-09 -2.58533411845785173e-08  3.85753658231163766e-09 -2.58533411845783056e-08  3.85753658231163766e-09 -2.58533411845787291e-08  1.72140742225930497e-07  8.25955425860755252e-10  5.01625086860915710e-06 -4.19654335244546437e-07  1.42188745316578578e-02  2.38097285475156011e-02 -3.06402852865203003e-03 -3.80049493661261274e-03 -3.06402845594633700e-03 -3.80049499976648549e-03 -3.06402845417499741e-03 -3.80049500131209679e-03 -1.22283121913220848e-02 -1.88417580157234569e-03 -1.22283121913220570e-02 -1.88417580157236998e-03 -1.22283121913220848e-02 -1.88417580157234569e-03 -1.22283121913220848e-02 -1.88417580157237714e-03 
 5.32332089227677279e+04  7.16776364389524495e-15  4.01524136384525593e-13  8.66301312691457985e-13  8.08688794700714716e-12 -4.74195079331739700e-08  2.87051284850680342e-08  7.45937085393555735e-09 -6.42416210987100983e-09  7.45937095136467508e-09 -6.42416200599427731e-09  7.45937095435300732e-09 -6.42416200282976222e-09  3.63243553430783262e-09 -2.69347299012544832e-08  3.63243553430783262e-09 -2.69347299012544832e-08  3.63243553430783262e-09 -2.69347299012544832e-08  3.63243553430105635e-09 -2.69347299012540597e-08  1.84699566488613861e-07 -2.40943655435167069e-09  5.36962004505607018e-06 -5.61662824087261852e-07  1.45251692810450857e-02  2.41272937903198939e-02 -3.25461000236416638e-03 -3.79772787477515150e-03 -3.25460993244578844e-03 -3.79772793928476139e-03 -3.25460993031622499e-03 -3.79772794125871147e-03 -1.23792339330858550e-02 -1.72791053390608474e-03 -1.23792339330858550e-02 -1.72791053390608474e-03 -1.23792339330858550e-02 -1.72791053390608474e-03 -1.23792339330857995e-02 -1.72791053390610556e-03 
 5.47880413838382519e+04  1.60158892589638432e-14  4.43440588338565567e-13  1.14802960560220073e-12  8.90893059940031468e-12 -4.94548756034508472e-08  3.01522566515798496e-08  7.65574521855040937e-09 -7.00839939892856012e-09  7.65574530994865251e-09 -7.00839930717117501e-09  7.65574532449729041e-09 -7.00839929266997095e-09  3.37427702591964486e-09 -2.80661950444392401e-08  3.37427702592303300e-09 -2.80661950444390283e-08  3.37427702591964486e-09 -2.80661950444390283e-08  3.37427702591964486e-09 -2.80661950444386048e-08  1.98208930085078698e-07 -6.22998838158954845e-09  5.74762371636140258e-06 -7.25603888953197100e-07  1.48265712999096702e-02  2.44480539040624785e-02 -3.45067755223980996e-03 -3.78735665755052442e-03 -3.45067749219650629e-03 -3.78735671638706205e-03 -3.45067748269570467e-03 -3.78735672574638787e-03 -1.25341373433088994e-02 -1.56425109001681454e-03 -1.25341373433089272e-02 -1.56425109001681281e-03 -1.25341373433088994e-02 -1.56425109001682148e-03 -1.25341373433088977e-02 -1.56425109001681302e-03 
 5.63882873007368107e+04  2.69447709534682026e-14  4.89817473312107449e-13  1.48587824101781044e-12  9.81386091468757937e-12 -5.15772220435360348e-08  3.16476268664414497e-08  7.84023588494667288e-09 -7.63284185827789712e-09  7.84023597673116305e-09 -7.63284177161626222e-09  7.84023599655851028e-09 -7.63284175303913562e-09  3.07860177002728199e-09 -2.92506384323756562e-08  3.07860177002728199e-09 -2.92506384323756562e-08  3.07860177002728199e-09 -2.92506384323756562e-08  3.07860177002389386e-09 -2.92506384323757620e-08  2.12742829549843367e-07 -1.07301538047205065e-08  6.15183091244705427e-06 -9.14689356692006158e-07  1.51222976345572555e-02  2.47728820497898350e-02 -3.65229820436736288e-03 -3.76882845290501785e-03 -3.65229814923271863e-03 -3.76882851034405922e-03 -3.65229813740101505e-03 -3.76882852274113868e-03 -1.26933019517966178e-02 -1.39222812969004247e-03 -1.26933019517966178e-02 -1.39222812969004247e-03 -1.26933019517966178e-02 -1.39222812969004247e-03 -1.26933019517965900e-02 -1.39222812969004594e-03 
 5.80352731070322116e+04  4.03762643480969199e-14  5.41133210005421964e-13  1.89019270374291875e-12  1.08096313488599979e-11 -5.37922871835265146e-08  3.31908224073998838e-08  8.01016058326876846e-09 -8.29982430036358570e-09  8.01016068984245389e-09 -8.29982420594312900e-09  8.01016071787246818e-09 -8.29982418128430584e-09  2.74026912244396581e-09 -3.04910421395822136e-08  2.74026912244396581e-09 -3.04910421395822136e-08  2.74026912244396581e-09 -3.04910421395816313e-08  2.74026912244735394e-09 -3.04910421395815784e-08  2.28379550507030183e-07 -1.60203486701609128e-08  6.58382761858939812e-06 -1.13262675698288097e-06  1.54115748454460456e-02  2.51027786761959595e-02 -3.85954053840550709e-03 -3.74152612710866930e-03 -3.85954047998117141e-03 -3.74152619194029938e-03 -3.85954046470721440e-03 -3.74152620898100634e-03 -1.28569688627772939e-02 -1.21074383667636189e-03 -1.28569688627772939e-02 -1.21074383667636189e-03 -1.28569688627772662e-02 -1.21074383667642434e-03 -1.28569688627772662e-02 -1.21074383667643822e-03 
 5.97303639786875792e+04  5.68174888442665594e-14  5.97912329818533008e-13  2.37324355551594458e-12  1.19047426227823085e-11 -5.61065091264027066e-08  3.47812982050402014e-08  8.16243085010901555e-09 -9.01179459319797365e-09  8.16243094347915139e-09 -9.01179451551149986e-09  8.16243097337941443e-09 -9.01179449085267670e-09  2.35335246237956385e-09 -3.17904283558105622e-08  2.35335246237617572e-09 -3.17904283558102180e-08  2.35335246237956385e-09 -3.17904283558107739e-08  2.35335246237278759e-09 -3.17904283558101519e-08  2.45201179982777852e-07 -2.22297449924652144e-08  7.04518267442500508e-06 -1.38369775857576377e-06  1.56936493421111004e-02  2.54388821979740151e-02 -4.07246982934986700e-03 -3.70475657793902912e-03 -4.07246978261374942e-03 -3.70475663316710297e-03 -4.07246976776020307e-03 -3.70475665083773616e-03 -1.30253259386837565e-02 -1.01855723016331225e-03 -1.30253259386837288e-02 -1.01855723016332960e-03 -1.30253259386837843e-02 -1.01855723016331225e-03 -1.30253259386837565e-02 -1.01855723016335757e-03 
 6.14749649656459296e+04  7.68783612596897612e-14  6.60726978397390339e-13  2.94958936618454860e-12  1.31081895987011026e-11 -5.85271193910693547e-08  3.64184005508839947e-08  8.29348187585658312e-09 -9.77130232384840853e-09  8.29348197239801032e-09 -9.77130224865898787e-09  8.29348200512736340e-09 -9.77130222340046538e-09  1.91101992648483538e-09 -3.31518021325548075e-08  1.91101992648483538e-09 -3.31518021325548075e-08  1.91101992648483538e-09 -3.31518021325545957e-08  1.91101992648483538e-09 -3.31518021325542252e-08  2.63292769401106003e-07 -2.95095382865603542e-08  7.53739997687303427e-06 -1.67284796975504468e-06  1.59677994629431157e-02  2.57824808951916534e-02 -4.29114105692519985e-03 -3.65773741559978624e-03 -4.29114101293572373e-03 -3.65773747111081604e-03 -4.29114099813580462e-03 -3.65773748992008312e-03 -1.31984889762470810e-02 -8.14268221991311988e-04 -1.31984889762470810e-02 -8.14268221991311988e-04 -1.31984889762470810e-02 -8.14268221991318927e-04 -1.31984889762470810e-02 -8.14268221991322396e-04 
 6.32705221564670646e+04  1.01292679502688795e-13  7.30197042405967586e-13  3.63650518347656187e-12  1.44293612943239498e-11 -6.10622503006426993e-08  3.81013978927833034e-08  8.39919068937853858e-09 -1.05809778443600056e-08  8.39919081747024900e-09 -1.05809777513998337e-08  8.39919084472438111e-09 -1.05809777317723863e-08  1.40539946862552737e-09 -3.45780716401683637e-08  1.40539946862891551e-09 -3.45780716401681519e-08  1.40539946862891551e-09 -3.45780716401673049e-08  1.40539946862891551e-09 -3.45780716401675167e-08  2.82741017610996720e-07 -3.80367502063601337e-08  8.06185268473815675e-06 -2.00578896831218429e-06  1.62333504055445464e-02  2.61350257450387244e-02 -4.51558889440055716e-03 -3.59958223459545595e-03 -4.51558884148161796e-03 -3.59958230618993022e-03 -4.51558883029797367e-03 -3.59958232140994514e-03 -1.33764778644606518e-02 -5.96300645457138821e-04 -1.33764778644606518e-02 -5.96300645457149229e-04 -1.33764778644606796e-02 -5.96300645457156168e-04 -1.33764778644606796e-02 -5.96300645457152807e-04 
 6.51185238769810749e+04  1.30943389076562003e-13  8.06988166391271795e-13  4.45448574957777711e-12  1.58778767298593395e-11 -6.37210559129106763e-08  3.98295260627394999e-08  8.47478089152631491e-09 -1.14434985208181512e-08  8.47478100547596324e-09 -1.14434984437246004e-08  8.47478103313328303e-09 -1.14434984251966018e-08  8.27427713730844545e-10 -3.60719391309848812e-08  8.27427713730844545e-10 -3.60719391309848812e-08  8.27427713730844545e-10 -3.60719391309853048e-08  8.27427713727456413e-10 -3.60719391309846695e-08  3.03632302145145884e-07 -4.80186257780716318e-08  8.61969393095248477e-06 -2.38911303892753389e-06  1.64896926039298994e-02  2.64981442614565035e-02 -4.74581412686714364e-03 -3.52928425959383703e-03 -4.74581408418750864e-03 -3.52928432151634192e-03 -4.74581407391255934e-03 -3.52928433653336903e-03 -1.35591865173938821e-02 -3.62884670158256258e-04 -1.35591865173938821e-02 -3.62884670158256258e-04 -1.35591865173938821e-02 -3.62884670158256258e-04 -1.35591865173938821e-02 -3.62884670158277074e-04 
 6.70205019239520916e+04  1.66892719165610662e-13  8.91806641638939651e-13  5.42783232210412068e-12  1.74633322065528874e-11 -6.65138480896029175e-08  4.16020518013250152e-08  8.51471290051969767e-09 -1.23615373922827720e-08  8.51471301189097771e-09 -1.23615373223415675e-08  8.51471304844891972e-09 -1.23615372996326142e-08  1.66683004716245342e-10 -3.76357540101654158e-08  1.66683004716245342e-10 -3.76357540101654158e-08  1.66683004716245342e-10 -3.76357540101649922e-08  1.66683004712857210e-10 -3.76357540101647805e-08  3.26049834150074192e-07 -5.96976737758657564e-08  9.21173707280959330e-06 -2.83042038806790990e-06  1.67363040672640212e-02  2.68736554853539027e-02 -4.98176543164681723e-03 -3.44569861826993836e-03 -4.98176539398525325e-03 -3.44569867710390991e-03 -4.98176538173281461e-03 -3.44569869640381577e-03 -1.37463451328767184e-02 -1.12039313753593123e-04 -1.37463451328767184e-02 -1.12039313753593123e-04 -1.37463451328767184e-02 -1.12039313753600062e-04 -1.37463451328767462e-02 -1.12039313753572306e-04 
 6.89780328347747854e+04  2.10417892683513797e-13  9.85389773638253892e-13  6.58533038121503121e-12  1.91949278001554017e-11 -6.94522472580367568e-08  4.34183620893964809e-08  8.51255936653607086e-09 -1.33376879807984677e-08  8.51255949880195964e-09 -1.33376879042012783e-08  8.51255952087225012e-09 -1.33376878915516883e-08 -5.88795431701938984e-10 -3.92713172546924508e-08 -5.88795431705327115e-10 -3.92713172546924508e-08 -5.88795431701938984e-10 -3.92713172546924508e-08 -5.88795431708715247e-10 -3.92713172546928743e-08  3.50069646282898308e-07 -7.33573749018916645e-08  9.83829673588965566e-06 -3.33845741167978468e-06  1.69727787005575781e-02  2.72635852053096928e-02 -5.22331520336492133e-03 -3.34752379448830829e-03 -5.22331516322152925e-03 -3.34752386241040116e-03 -5.22331515657976832e-03 -3.34752387373620083e-03 -1.39374730635306310e-02  1.58443814898512629e-04 -1.39374730635305755e-02  1.58443814898491812e-04 -1.39374730635306310e-02  1.58443814898526507e-04 -1.39374730635305755e-02  1.58443814898512602e-04 
 7.09927391942560789e+04  2.63053067985075360e-13  1.08848984640645464e-12  7.96102201113170502e-12  2.10809310443141795e-11 -7.25493486233353725e-08  4.52780854255944911e-08  8.46086561369805367e-09 -1.43743578250281611e-08  8.46086574152548981e-09 -1.43743577569876985e-08  8.46086577452928156e-09 -1.43743577396319934e-08 -1.45269792849606885e-09 -4.09796240237625560e-08 -1.45269792849606885e-09 -4.09796240237625560e-08 -1.45269792849606885e-09 -4.09796240237625560e-08 -1.45269792849945698e-09 -4.09796240237617090e-08  3.75755042407991457e-07 -8.93285396206292732e-08  1.04989798539303160e-05 -3.92326272793076489e-06  1.71988611591402177e-02  2.76701813397252291e-02 -5.47022814362135412e-03 -3.23328274140102269e-03 -5.47022810892960898e-03 -3.23328280521295716e-03 -5.47022810005887063e-03 -3.23328282167842157e-03 -1.41318203641519636e-02  4.51013826402639245e-04 -1.41318203641519636e-02  4.51013826402639245e-04 -1.41318203641519636e-02  4.51013826402639245e-04 -1.41318203641519913e-02  4.51013826402673940e-04 
 7.30662909795652813e+04  3.26638006275171423e-13  1.20184917419511944e-12  9.59507012163298828e-12  2.31279236961959147e-11 -7.58199013721662244e-08  4.71812556779012491e-08  8.35099709655477674e-09 -1.54736208509264613e-08  8.35099724218345729e-09 -1.54736207803161008e-08  8.35099728883803203e-09 -1.54736207579662894e-08 -2.44063652577938828e-09 -4.27605285663891240e-08 -2.44063652577938828e-09 -4.27605285663891240e-08 -2.44063652577938828e-09 -4.27605285663891240e-08 -2.44063652578616454e-09 -4.27605285663895475e-08  4.03149041464286309e-07 -1.07996224120324327e-07  1.11924136053423232e-05 -4.59631480608217158e-06  1.74144904591162254e-02  2.80959280153299795e-02 -5.72212081865011192e-03 -3.10130492979476379e-03 -5.72212078359343821e-03 -3.10130500046788046e-03 -5.72212077246880488e-03 -3.10130502309756461e-03 -1.43282958664072008e-02  7.68368368866605839e-04 -1.43282958664072008e-02  7.68368368866605839e-04 -1.43282958664072285e-02  7.68368368866585022e-04 -1.43282958664072285e-02  7.68368368866612669e-04 
 7.52004069444674678e+04  4.03373610022613646e-13  1.32616294927989420e-12  1.15347004285805865e-11  2.53397631787810649e-11 -7.92804969912045245e-08  4.91285299547854128e-08  8.17297815514615722e-09 -1.66370166016038774e-08  8.17297832065300698e-09 -1.66370165291554554e-08  8.17297835505948530e-09 -1.66370165142747806e-08 -3.57032565699442117e-09 -4.46123128835461516e-08 -3.57032565699442117e-09 -4.46123128835461516e-08 -3.57032565699442117e-09 -4.46123128835465751e-08 -3.57032565699780930e-09 -4.46123128835465751e-08  4.32264238950343811e-07 -1.29806996817245291e-07  1.19158947983815779e-05 -5.37067078492809908e-06  1.76198540045102055e-02  2.85435567684425157e-02 -5.97841025473289881e-03 -2.94971116940680352e-03 -5.97841021969499828e-03 -2.94971124748195793e-03 -5.97841021248006910e-03 -2.94971126370522111e-03 -1.45253795791328126e-02  1.11345230791117639e-03 -1.45253795791328126e-02  1.11345230791117639e-03 -1.45253795791327849e-02  1.11345230791118333e-03 -1.45253795791327849e-02  1.11345230791115558e-03 
 7.73968560439874273e+04  4.95883835143498848e-13  1.46202565275628081e-12  1.38351889721634684e-11  2.77161742129349631e-11 -8.29497587650595940e-08  5.11214748396442761e-08  7.91532958863917151e-09 -1.78652822033289078e-08  7.91532974929421655e-09 -1.78652821404146886e-08  7.91532979618257237e-09 -1.78652821223220648e-08 -4.86173064944518197e-09 -4.65311383518968527e-08 -4.86173064944518197e-09 -4.65311383518968527e-08 -4.86173064944518197e-09 -4.65311383518968527e-08 -4.86173064944857010e-09 -4.65311383518960057e-08  4.63069394375616074e-07 -1.55276169361402778e-07  1.26649431883554506e-05 -6.26107994828469431e-06  1.78154541450739785e-02  2.90160521959845867e-02 -6.23824960132223199e-03 -2.77640371552501878e-03 -6.23824957168543030e-03 -2.77640378920304947e-03 -6.23824956313242997e-03 -2.77640381069699932e-03 -1.47210173866992797e-02  1.48944215600666494e-03 -1.47210173866992797e-02  1.48944215600666494e-03 -1.47210173866992797e-02  1.48944215600666494e-03 -1.47210173866992519e-02  1.48944215600662331e-03 
 7.96574589006851165e+04  6.07282399937101947e-13  1.60985572061558866e-12  1.65608350914959883e-11  3.02508695975294022e-11 -8.68485190802878058e-08  5.31629374899241685e-08  7.56491887441047709e-09 -1.91580003831975649e-08  7.56491902252604638e-09 -1.91580003320147521e-08  7.56491906148278569e-09 -1.91580003187976500e-08 -6.33715282532130368e-09 -4.85103585221341148e-08 -6.33715282532130368e-09 -4.85103585221341148e-08 -6.33715282532469181e-09 -4.85103585221332678e-08 -6.33715282532469181e-09 -4.85103585221341148e-08  4.95471947204625741e-07 -1.84994343152436836e-07  1.34327400469145363e-05 -7.28404677199891823e-06  1.80021893364327445e-02  2.95166481760904438e-02 -6.50044872120987029e-03 -2.57906580470342386e-03 -6.50044869771115343e-03 -2.57906587074255853e-03 -6.50044869161766573e-03 -2.57906588810389746e-03 -1.49124966275816992e-02  1.89970925942940208e-03 -1.49124966275816992e-02  1.89970925942940208e-03 -1.49124966275816992e-02  1.89970925942936045e-03 -1.49124966275816714e-02  1.89970925942940230e-03 
 8.19840893137580424e+04  7.41241004383257078e-13  1.76979203849126675e-12  1.97858186719780518e-11  3.29290848924158214e-11 -9.09999639469807496e-08  5.52575186565983176e-08  7.10684370487863534e-09 -2.05131460227251462e-08  7.10684386796297087e-09 -2.05131459741207016e-08  7.10684389840194686e-09 -2.05131459652293968e-08 -8.02120601582916211e-09 -5.05396729288517797e-08 -8.02120601582916211e-09 -5.05396729288517797e-08 -8.02120601582916211e-09 -5.05396729288534738e-08 -8.02120601583255024e-09 -5.05396729288534738e-08  5.29295597044869847e-07 -2.19632248325761371e-07  1.42094341229068468e-05 -8.45780690929226460e-06  1.81814512522998836e-02  3.00488094239900611e-02 -6.76337819052741634e-03 -2.35517590195937496e-03 -6.76337816874265398e-03 -2.35517597264198143e-03 -6.76337816473775080e-03 -2.35517598583222893e-03 -1.50963024649886784e-02  2.34775247591838395e-03 -1.50963024649886784e-02  2.34775247591838395e-03 -1.50963024649886784e-02  2.34775247591838395e-03 -1.50963024649886507e-02  2.34775247591837008e-03 
 8.43786758122213505e+04  9.02053195877332643e-13  1.94155485961720844e-12  2.35947821688246684e-11  3.57244049482669197e-11 -9.54297122078654478e-08  5.74121661783876316e-08  6.52438065889654169e-09 -2.19265139994333273e-08  6.52438082390533608e-09 -2.19265139581176013e-08  6.52438088886259874e-09 -2.19265139422509801e-08 -9.94062129552002573e-09 -5.26041079359416581e-08 -9.94062129551663760e-09 -5.26041079359433522e-08 -9.94062129552002573e-09 -5.26041079359408111e-08 -9.94062129552002573e-09 -5.26041079359399640e-08  5.64252104504913530e-07 -2.59942339640757870e-07  1.49813015694585643e-05 -9.80216449579923868e-06  1.83552391637644662e-02  3.06161905673628006e-02 -7.02485601818673977e-03 -2.10204418645326555e-03 -7.02485600008621175e-03 -2.10204425598038095e-03 -7.02485599309191945e-03 -2.10204428334074883e-03 -1.52679573567942820e-02  2.83708844061592112e-03 -1.52679573567941988e-02  2.83708844061589336e-03 -1.52679573567942820e-02  2.83708844061593499e-03 -1.52679573567941970e-02  2.83708844061587948e-03 
 8.68432032534531754e+04  1.09468432193454136e-12  2.12426326174101326e-12  2.80828990592804362e-11  3.85947695473315296e-11 -1.00165785362437126e-07  5.96369002574893880e-08  5.79904432964186214e-09 -2.33910153313565119e-08  5.79904447144195378e-09 -2.33910153025878849e-08  5.79904453548442085e-09 -2.33910152900687379e-08 -1.21237951422882811e-08 -5.46828246131290713e-08 -1.21237951422882811e-08 -5.46828246131256831e-08 -1.21237951422882811e-08 -5.46828246131290713e-08 -1.21237951422882811e-08 -5.46828246131256831e-08  5.99906658951590036e-07 -3.06754946612869007e-07  1.57297570002182690e-05 -1.13381208552967265e-05  1.85262895540237900e-02  3.12225636193629967e-02 -7.28201837507550052e-03 -1.81688096600446229e-03 -7.28201836273520333e-03 -1.81688102409636835e-03 -7.28201835731430783e-03 -1.81688105031853667e-03 -1.54218499571311396e-02  3.37108484992108869e-03 -1.54218499571311396e-02  3.37108484992106093e-03 -1.54218499571311396e-02  3.37108484992108869e-03 -1.54218499571311413e-02  3.37108484992106050e-03 
 8.93797144684301747e+04  1.32479299156464089e-12  2.31620186260443724e-12  3.33550897696970179e-11  4.14775839882464838e-11 -1.05238406087839907e-07  6.19456736099477595e-08  4.91081851592079172e-09 -2.48958387497561976e-08  4.91081865644694580e-09 -2.48958387282178438e-08  4.91081875956134867e-09 -2.48958387132207019e-08 -1.45999725292187104e-08 -5.67477792461566869e-08 -1.45999725292187104e-08 -5.67477792461566869e-08 -1.45999725292187104e-08 -5.67477792461566869e-08 -1.45999725292187104e-08 -5.67477792461549928e-08  6.35636632154991787e-07 -3.60965962230622824e-07  1.64302328826814790e-05 -1.30872041853496333e-05  1.86982165648699288e-02  3.18717017944497166e-02 -7.53117892132140754e-03 -1.49690890830363860e-03 -7.53117891222093022e-03 -1.49690896426586564e-03 -7.53117890579050198e-03 -1.49690900532334381e-03 -1.55510659456912590e-02  3.95272003465743042e-03 -1.55510659456912590e-02  3.95272003465743042e-03 -1.55510659456912590e-02  3.95272003465743042e-03 -1.55510659456912035e-02  3.95272003465738878e-03 
 9.19903119550170231e+04  1.59870309836553374e-12  2.51453211207990190e-12  3.95239279157991420e-11  4.42839472503654040e-11 -1.10679544045489027e-07  6.43573525266571923e-08  3.83863997158824174e-09 -2.64254938605004684e-08  3.83864017373773680e-09 -2.64254938403859770e-08  3.83864022128677833e-09 -2.64254938359261368e-08 -1.73979346389723866e-08 -5.87623043017341244e-08 -1.73979346389689985e-08 -5.87623043017341244e-08 -1.73979346389723866e-08 -5.87623043017375125e-08 -1.73979346389689985e-08 -5.87623043017358184e-08  6.70584451259799205e-07 -4.23512158139835139e-07  1.70509782020147250e-05 -1.50703901231936864e-05  1.88756545532919387e-02  3.25672052395436923e-02 -7.76768637825731630e-03 -1.13953315643616532e-03 -7.76768636969942493e-03 -1.13953323470047528e-03 -7.76768636776633842e-03 -1.13953325311126467e-03 -1.56472421521230386e-02  4.58425149236876481e-03 -1.56472421521230941e-02  4.58425149236875093e-03 -1.56472421521230941e-02  4.58425149236879256e-03 -1.56472421521230629e-02  4.58425149236875093e-03 
 9.46771596207133698e+04  1.92329815732877886e-12  2.71494933761962522e-12  4.67056590073318133e-11  4.68921694573781823e-11 -1.16522115671698328e-07  6.68967663424271160e-08  2.56123021327437890e-09 -2.79587845976363545e-08  2.56123042839364245e-09 -2.79587845877715970e-08  2.56123046829228240e-09 -2.79587845861707047e-08 -2.05440491425353899e-08 -6.06797415102232113e-08 -2.05440491425320018e-08 -6.06797415102249053e-08 -2.05440491425387781e-08 -6.06797415102249053e-08 -2.05440491425387781e-08 -6.06797415102198231e-08  7.03606868571439508e-07 -4.95329401084616130e-07  1.75518790609426040e-05 -1.73064905571677224e-05  1.90643839814798495e-02  3.33122555396948572e-02 -7.98579757391361736e-03 -7.42583339225729323e-04 -7.98579756939754408e-03 -7.42583420202797581e-04 -7.98579756862421823e-03 -7.42583435220426648e-04 -1.57004772135671961e-02  5.26677879970379945e-03 -1.57004772135671961e-02  5.26677879970377169e-03 -1.57004772135672238e-02  5.26677879970377169e-03 -1.57004772135671648e-02  5.26677879970374394e-03 
 9.74424845763028861e+04  2.30580264637791347e-12  2.91129731980240860e-12  5.50136625573218881e-11  4.91410063230285793e-11 -1.22798731918546738e-07  6.95957323079417038e-08  1.05837918840107200e-09 -2.94678099046196517e-08  1.05837938776552273e-09 -2.94678099064797361e-08  1.05837944776933672e-09 -2.94678099074195191e-08 -2.40595520174159846e-08 -6.24423462360381272e-08 -2.40595520174159846e-08 -6.24423462360381272e-08 -2.40595520174125964e-08 -6.24423462360398213e-08 -2.40595520174159846e-08 -6.24423462360381272e-08  7.33225242113905822e-07 -5.77288627510588495e-07  1.78834761099225083e-05 -1.98098931188547948e-05  1.92714153406673902e-02  3.41092863082770037e-02 -8.17859290070240864e-03 -3.04639255398404514e-04 -8.17859290066203642e-03 -3.04639328364412858e-04 -8.17859290075607752e-03 -3.04639350323030237e-04 -1.56993461845298665e-02  5.99969474735048691e-03 -1.56993461845298665e-02  5.99969474735048691e-03 -1.56993461845298388e-02  5.99969474735043140e-03 -1.56993461845298110e-02  5.99969474735043053e-03 
 1.00288578981891129e+05  2.75341066802434920e-12  3.09516893190997261e-12  6.45486845853124221e-11  5.08234078145521440e-11 -1.29539904630387439e-07  7.24938900465446840e-08 -6.87227749994511264e-10 -3.09171545513576353e-08 -6.87227543020316536e-10 -3.09171545654065238e-08 -6.87227487502389042e-10 -3.09171545695366564e-08 -2.79569835219763325e-08 -6.39807902956650309e-08 -2.79569835219763325e-08 -6.39807902956650309e-08 -2.79569835219797207e-08 -6.39807902956650309e-08 -2.79569835219797207e-08 -6.39807902956633369e-08  7.57584635069725016e-07 -6.70104936348687529e-07  1.79864444578263849e-05 -2.25875724702952611e-05  1.95049914410528671e-02  3.49595667402968768e-02 -8.33797269307761171e-03  1.74555837763343871e-04 -8.33797269734168518e-03  1.74555764112878235e-04 -8.33797269858219114e-03  1.74555744355524333e-04 -1.56310810948219990e-02  6.78003582003065732e-03 -1.56310810948219990e-02  6.78003582003065732e-03 -1.56310810948219990e-02  6.78003582003062957e-03 -1.56310810948219990e-02  6.78003582003065819e-03 
 1.03217801946862295e+05  3.27272456417732278e-12  3.25554470520498268e-12  7.53853359151294404e-11  5.16820493498358353e-11 -1.36771665535493519e-07  7.56391068772719645e-08 -2.68759497412652225e-09 -3.22635108784016209e-08 -2.68759476804001805e-09 -3.22635109050984053e-08 -2.68759474545473154e-09 -3.22635109081849934e-08 -3.22358200979248508e-08 -6.52147020836334884e-08 -3.22358200979248508e-08 -6.52147020836334884e-08 -3.22358200979248508e-08 -6.52147020836368765e-08 -3.22358200979282390e-08 -6.52147020836351825e-08  7.74433361027895703e-07 -7.74217303628920816e-07  1.77918987499656475e-05 -2.56353863695359586e-05  1.97744594483732876e-02  3.58627090029324178e-02 -8.45478397116016661e-03  6.93605783034038459e-04 -8.45478397967115367e-03  6.93605711738369654e-04 -8.45478398064528937e-03  6.93605703916948843e-04 -1.54819897324876277e-02  7.60177195185728419e-03 -1.54819897324876277e-02  7.60177195185728419e-03 -1.54819897324876277e-02  7.60177195185728419e-03 -1.54819897324876554e-02  7.60177195185731281e-03 
 1.06232581485329865e+05  3.86898068793004378e-12  3.37854919029770932e-12  8.75547976732385984e-11  5.14084188312110869e-11 -1.44512651893867407e-07  7.90871371930473247e-08 -4.94646643666617680e-09 -3.34560465321719411e-08 -4.94646622945481285e-09 -3.34560465726245406e-08 -4.94646617273748670e-09 -3.34560465841120014e-08 -3.68775497194903255e-08 -6.60547630964037897e-08 -3.68775497194903255e-08 -6.60547630964037897e-08 -3.68775497194903255e-08 -6.60547630964037897e-08 -3.68775497194937137e-08 -6.60547630964037897e-08  7.81138307427596067e-07 -8.89641022605703803e-07  1.72229615423808046e-05 -2.89338331900024235e-05  2.00899565328858769e-02  3.68161359185284684e-02 -8.51913304331385068e-03  1.24893189735099798e-03 -8.51913305619370759e-03  1.24893182763279151e-03 -8.51913305982360432e-03  1.24893180854402427e-03 -1.52381833683914291e-02  8.45511682239296312e-03 -1.52381833683914291e-02  8.45511682239296312e-03 -1.52381833683914291e-02  8.45511682239296312e-03 -1.52381833683914031e-02  8.45511682239296312e-03 
 1.09335416528701928e+05  4.54507218892267370e-12  3.44743164177562158e-12  1.01024488585787580e-10  4.96476170112147519e-11 -1.52770869622618913e-07  8.29001838588948065e-08 -7.45605233428553709e-09 -3.44378728212706446e-08 -7.45605211655063580e-09 -3.44378728791755109e-08 -7.45605210802609622e-09 -3.44378728814963812e-08 -4.18407337401149643e-08 -6.64068692245087776e-08 -4.18407337401149643e-08 -6.64068692245087776e-08 -4.18407337401149643e-08 -6.64068692245053894e-08 -4.18407337401183524e-08 -6.64068692245087776e-08  7.74753485332994183e-07 -1.01580257972001042e-06  1.61980391862532038e-05 -3.24436884097973482e-05  2.04618602050871366e-02  3.78145779935570234e-02 -8.52093382005693345e-03  1.83427269234234759e-03 -8.52093383821656176e-03  1.83427262110150298e-03 -8.52093383894233711e-03  1.83427261831394634e-03 -1.48866602297104446e-02  9.32598993703768857e-03 -1.48866602297104446e-02  9.32598993703768857e-03 -1.48866602297104446e-02  9.32598993703766081e-03 -1.48866602297104429e-02  9.32598993703766081e-03 
 1.12528878997029373e+05  5.30043261413353889e-12  3.44289136497456055e-12  1.15676636386963677e-10  4.60110380399430229e-11 -1.61540561903345523e-07  8.71440455434114268e-08 -1.01938594330042848e-08 -3.51489268413270311e-08 -1.01938592392234752e-08 -3.51489269073854366e-08 -1.01938592108851409e-08 -3.51489269172991102e-08 -4.70569479176930069e-08 -6.61786878083470229e-08 -4.70569479176930069e-08 -6.61786878083470229e-08 -4.70569479176862306e-08 -6.61786878083504111e-08 -4.70569479176862306e-08 -6.61786878083436348e-08  7.52157562931897155e-07 -1.15137698520325058e-06  1.46361228865997829e-05 -3.61022300995276962e-05  2.08999780000847131e-02  3.88497072088572967e-02 -8.45071614112105282e-03  2.44031999061070223e-03 -8.45071616143644282e-03  2.44031992895461358e-03 -8.45071616446926681e-03  2.44031991992789844e-03 -1.44167349760654737e-02  1.01958085693359367e-02 -1.44167349760654737e-02  1.01958085693359367e-02 -1.44167349760654460e-02  1.01958085693359644e-02 -1.44167349760655015e-02  1.01958085693359922e-02 
 1.15815615930853906e+05  6.12991499372748148e-12  3.34385289794259118e-12  1.31289084821999652e-10  4.00984205204639946e-11 -1.70799834230415991e-07  9.18837115271016296e-08 -1.31202760970871245e-08 -3.55304083378315725e-08 -1.31202758933316550e-08 -3.55304084241916637e-08 -1.31202758470768798e-08 -3.55304084442019700e-08 -5.24288011032764958e-08 -6.52885307656455075e-08 -5.24288011032731077e-08 -6.52885307656455075e-08 -5.24288011032764958e-08 -6.52885307656455075e-08 -5.24288011032731077e-08 -6.52885307656421194e-08  7.10268187423203714e-07 -1.29415862678528942e-06  1.24641153349934796e-05 -3.98210314391238843e-05  2.14125044111352532e-02  3.99100425995885244e-02 -8.30066708721700561e-03  3.05462653761441735e-03 -8.30066711316629000e-03  3.05462647455780447e-03 -8.30066711915544535e-03  3.05462646023171858e-03 -1.38217110315978289e-02  1.10418095238110584e-02 -1.38217110315978567e-02  1.10418095238110584e-02 -1.38217110315978289e-02  1.10418095238110584e-02 -1.38217110315978567e-02  1.10418095238110567e-02 
 1.19198351685322967e+05  7.02287201316943498e-12  3.12873649692230394e-12  1.47522830051871789e-10  3.15291620887710209e-11 -1.80509841313727265e-07  9.71775947217342565e-08 -1.61777184162715994e-08 -3.55305802632124054e-08 -1.61777182128888244e-08 -3.55305803678243625e-08 -1.61777181759581879e-08 -3.55305803871570425e-08 -5.78313305564706192e-08 -6.36758145319024464e-08 -5.78313305564740073e-08 -6.36758145319024464e-08 -5.78313305564672310e-08 -6.36758145319058346e-08 -5.78313305564740073e-08 -6.36758145318990583e-08  6.46325265053161185e-07 -1.44100444147575253e-06  9.62566353196712694e-06 -4.34864110632504991e-05  2.20048476899190673e-02  4.09812648820991957e-02 -8.06580250568101655e-03  3.66192270734148721e-03 -8.06580253635019555e-03  3.66192264611306384e-03 -8.06580254200062186e-03  3.66192263498730597e-03 -1.31005735351470143e-02  1.18380694749161894e-02 -1.31005735351469588e-02  1.18380694749162171e-02 -1.31005735351470004e-02  1.18380694749162449e-02 -1.31005735351469588e-02  1.18380694749161894e-02 
 1.22679890188390244e+05  7.96268326393019368e-12  2.77716055856118340e-12  1.63921059986677848e-10  1.99803348260688469e-11 -1.90616305274768686e-07  1.03071048875071351e-07 -1.92921049607243746e-08 -3.51112853387751194e-08 -1.92921047630268848e-08 -3.51112854601752695e-08 -1.92921047326488951e-08 -3.51112854791454194e-08 -6.31177823471257483e-08 -6.13116050290331228e-08 -6.31177823471206661e-08 -6.13116050290365110e-08 -6.31177823471274423e-08 -6.13116050290331228e-08 -6.31177823471274423e-08 -6.13116050290297347e-08  5.58213539527587170e-07 -1.58788698505114108e-06  6.09034178166715681e-06 -4.69634345210560492e-05  2.26785123784323944e-02  4.20470329131992157e-02 -7.74508234263658352e-03  4.24493451775553692e-03 -7.74508237733442795e-03  4.24493445985752588e-03 -7.74508238273950104e-03  4.24493445095254496e-03 -1.22593696253118205e-02  1.25572850565183365e-02 -1.22593696253118205e-02  1.25572850565182810e-02 -1.22593696253118205e-02  1.25572850565183365e-02 -1.22593696253118205e-02  1.25572850565183070e-02 
 1.26263117264973524e+05  8.92694937044953333e-12  2.27187323529537459e-12  1.79923218397339432e-10  5.22609412708877721e-12 -2.01053806423448717e-07  1.09590278530029457e-07 -2.23771033751488200e-08 -3.42540730443790045e-08 -2.23771031851051198e-08 -3.42540731822353107e-08 -2.23771031616694122e-08 -3.42540731995012303e-08 -6.81299957518627575e-08 -5.82071148116412667e-08 -6.81299957518627575e-08 -5.82071148116412667e-08 -6.81299957518695338e-08 -5.82071148116378786e-08 -6.81299957518729219e-08 -5.82071148116311023e-08  4.44772670012794885e-07 -1.73007999268114347e-06  1.86148518665317562e-06 -5.01037533093746956e-05  2.34302850561870536e-02  4.30902943280521075e-02 -7.34222321838646705e-03  4.78569592446305338e-03 -7.34222325676645981e-03  4.78569587030963205e-03 -7.34222326156112881e-03  4.78569586362541551e-03 -1.13118932697579850e-02  1.31731911337256875e-02 -1.13118932697579850e-02  1.31731911337256875e-02 -1.13118932697579850e-02  1.31731911337257153e-02 -1.13118932697579572e-02  1.31731911337257153e-02 
 1.29951003028996478e+05  9.88845801954888797e-12  1.60058726312820387e-12  1.94894618951117861e-10 -1.28287826161689876e-11 -2.11752674640958605e-07  1.16738001463268762e-07 -2.53409754567494709e-08 -3.29645751733853923e-08 -2.53409753146004017e-08 -3.29645752938131486e-08 -2.53409752598685208e-08 -3.29645753410843633e-08 -7.27124168733412577e-08 -5.44178813713958064e-08 -7.27124168733446458e-08 -5.44178813713991946e-08 -7.27124168733412577e-08 -5.44178813713924183e-08 -7.27124168733412577e-08 -5.44178813713924183e-08  3.06030242115434311e-07 -1.86246994406157420e-06 -3.01918816693231550e-06 -5.27566141683772689e-05  2.42519669660326356e-02  4.40949454258954404e-02 -6.86596388741328272e-03  5.26721006275913430e-03 -6.86596392007540138e-03  5.26721002335965929e-03 -6.86596393286349489e-03  5.26721000815975893e-03 -1.02793572113867512e-02  1.36632802855509838e-02 -1.02793572113867374e-02  1.36632802855509005e-02 -1.02793572113867235e-02  1.36632802855509838e-02 -1.02793572113868067e-02  1.36632802855510133e-02 
 1.33746604345297004e+05  1.08168383682904497e-11  7.57346478780525374e-13  2.08168016337801339e-10 -3.41284639512870313e-11 -2.22647551703216502e-07  1.24492086615258179e-07 -2.80950919298988955e-08 -3.12739083171602935e-08 -2.80950917743904227e-08 -3.12739084714490389e-08 -2.80950917511647792e-08 -3.12739084948711939e-08 -7.67275287574638244e-08 -5.00419726047753271e-08 -7.67275287574638244e-08 -5.00419726047753271e-08 -7.67275287574638244e-08 -5.00419726047753271e-08 -7.67275287574722948e-08 -5.00419726047753271e-08  1.43299243836752455e-07 -1.97995108892515958e-06 -8.47158103008665775e-06 -5.47813516413507993e-05  2.51308092911963488e-02  4.50475627947494253e-02 -6.32962820722595462e-03  5.67518220589609355e-03 -6.32962824794195116e-03  5.67518216392600208e-03 -6.32962825411114132e-03  5.67518215764565865e-03 -9.18893299973108299e-03  1.40113198866685038e-02 -9.18893299973108299e-03  1.40113198866685038e-02 -9.18893299973113850e-03  1.40113198866685315e-02 -9.18893299973108299e-03  1.40113198866686703e-02 
 1.37653067363442853e+05  1.16806183768259409e-11 -2.56870698138443658e-13  2.19089781353852472e-10 -5.84633549459503407e-11 -2.33686087725947910e-07  1.32807789849243713e-07 -3.05625791884970861e-08 -2.92364799517630142e-08 -3.05625790612557968e-08 -2.92364800986012578e-08 -3.05625790288686450e-08 -2.92364801366940235e-08 -8.00697281515136216e-08 -4.52119020732168761e-08 -8.00697281515136216e-08 -4.52119020732168761e-08 -8.00697281515136216e-08 -4.52119020732168761e-08 -8.00697281515153157e-08 -4.52119020732168761e-08 -4.08902832199192323e-08 -2.07783204361675276e-06 -1.43822121208330332e-05 -5.60590198504752469e-05  2.60506422482799441e-02  4.59388633656223136e-02 -5.74999414404273219e-03  5.99948089285776143e-03 -5.74999418175851408e-03  5.99948085943045450e-03 -5.74999419152406616e-03  5.99948085089798636e-03 -8.07132623614687655e-03  1.42091328524667961e-02 -8.07132623614687655e-03  1.42091328524667961e-02 -8.07132623614687655e-03  1.42091328524667961e-02 -8.07132623614684880e-03  1.42091328524667129e-02 
 1.41673630125554861e+05  1.24492690574311541e-11 -1.43441321414806163e-12  2.27061641732974925e-10 -8.54850931144654193e-11 -2.44836060302199877e-07  1.41623316664610775e-07 -3.26853878927271509e-08 -2.69244704409913401e-08 -3.26853877397021786e-08 -2.69244706479045484e-08 -3.26853877325837137e-08 -2.69244706576860849e-08 -8.26748237789458025e-08 -4.00815728889529358e-08 -8.26748237789458025e-08 -4.00815728889529358e-08 -8.26748237789449555e-08 -4.00815728889529358e-08 -8.26748237789458025e-08 -4.00815728889495476e-08 -2.43012904616158927e-07 -2.15217349650330053e-06 -2.06132414224855362e-05 -5.65008852806381823e-05  2.69935055013966856e-02  4.67645902341972258e-02 -5.14566169171686537e-03  6.23502493138950245e-03 -5.14566174340465397e-03  6.23502489220065497e-03 -5.14566174584428927e-03  6.23502489037144631e-03 -6.95782446990344736e-03  1.42572550943704281e-02 -6.95782446990344736e-03  1.42572550943704281e-02 -6.95782446990348899e-03  1.42572550943703726e-02 -6.95782446990344736e-03  1.42572550943704281e-02 
 1.45811625250299228e+05  1.30948246560251012e-11 -2.76194563147503398e-12  2.31570325391829622e-10 -1.14734293051607789e-10 -2.56089588502447980e-07  1.50867581392622363e-07 -3.44284545309432550e-08 -2.44201206066469703e-08 -3.44284544290282508e-08 -2.44201207669462615e-08 -3.44284544100326899e-08 -2.44201207974733289e-08 -8.45234161394860196e-08 -3.48108625174709386e-08 -8.45234161394860196e-08 -3.48108625174709386e-08 -8.45234161394860196e-08 -3.48108625174709386e-08 -8.45234161394877137e-08 -3.48108625174709386e-08 -4.58868949763305624e-07 -2.19999483859993207e-06 -2.70134834050259730e-05 -5.60523506019114671e-05  2.79414553848768531e-02  4.75256653152994410e-02 -4.53524395277148627e-03  6.38193705509685315e-03 -4.53524399174151487e-03  6.38193702968301805e-03 -4.53524399915188319e-03  6.38193702492631867e-03 -5.87739642865403936e-03  1.41643657114535679e-02 -5.87739642865403936e-03  1.41643657114535679e-02 -5.87739642865403936e-03  1.41643657114535679e-02 -5.87739642865403936e-03  1.41643657114535956e-02 
 1.50070482695273793e+05  1.35928119655482858e-11 -4.22182854741490222e-12  2.32201455738842328e-10 -1.45672841821681055e-10 -2.67463907694962606e-07  1.60468555856981302e-07 -3.57804217797266094e-08 -2.18074306107399803e-08 -3.57804217097599939e-08 -2.18074307392145496e-08 -3.57804216625226605e-08 -2.18074308285663612e-08 -8.56380289183827258e-08 -2.95508928284209365e-08 -8.56380289183827258e-08 -2.95508928284209365e-08 -8.56380289183827258e-08 -2.95508928284209365e-08 -8.56380289183835728e-08 -2.95508928284175484e-08 -6.83928195334653427e-07 -2.21932615902279175e-06 -3.34289746012408014e-05 -5.46921934147663645e-05  2.88781995370792147e-02  4.82276399812085130e-02 -3.93573046844023465e-03  6.44499538445282138e-03 -3.93573049883184489e-03  6.44499536746300904e-03 -3.93573051993297614e-03  6.44499535592318092e-03 -4.85437532671038549e-03  1.39456948157068022e-02 -4.85437532671038549e-03  1.39456948157068022e-02 -4.85437532671038549e-03  1.39456948157068022e-02 -4.85437532671038636e-03  1.39456948157068300e-02 
 1.54453732600077812e+05  1.39224454806609262e-11 -5.79348135299537129e-12  2.28639079891630432e-10 -1.77712208997105464e-10 -2.78999044699621815e-07  1.70360662980377020e-07 -3.67512595098889750e-08 -1.91648192665732644e-08 -3.67512594366290954e-08 -1.91648194267946285e-08 -3.67512594248909128e-08 -1.91648194531746226e-08 -8.60753507207852877e-08 -2.44324956525710825e-08 -8.60753507207878288e-08 -2.44324956525643062e-08 -8.60753507207852877e-08 -2.44324956525710825e-08 -8.60753507207848642e-08 -2.44324956525643062e-08 -9.13622025491263636e-07 -2.20912532880998344e-06 -3.97110785204640360e-05 -5.24282592845328634e-05  2.97902940563405418e-02  4.88796358542416889e-02 -3.36128881332924644e-03  6.43257541333877841e-03 -3.36128885017839820e-03  6.43257539595741990e-03 -3.36128885623707173e-03  6.43257539315606093e-03 -3.90705611452617056e-03  1.36208297977353596e-02 -3.90705611452615668e-03  1.36208297977354151e-02 -3.90705611452617056e-03  1.36208297977353596e-02 -3.90705611452618444e-03  1.36208297977354169e-02 
 1.58965008212422050e+05  1.40662605032414035e-11 -7.45437596835900074e-12  2.20656360188441110e-10 -2.10231665181144986e-10 -2.90753372446917965e-07  1.80490153824539533e-07 -3.73677615493568771e-08 -1.65597979636513206e-08 -3.73677614912300881e-08 -1.65597981157445567e-08 -3.73677614803516440e-08 -1.65597981451603168e-08 -8.59157954837768433e-08 -1.95592165776274076e-08 -8.59157954837755728e-08 -1.95592165776307958e-08 -8.59157954837768433e-08 -1.95592165776274076e-08 -8.59157954837757845e-08 -1.95592165776240195e-08 -1.14353489754992682e-06 -2.16911182658406821e-06 -4.57210944358428785e-05 -4.92915006145155937e-05  3.06677816094575798e-02  4.94930490217999272e-02 -2.82262420684038697e-03  6.35535481900619068e-03 -2.82262424085887509e-03  6.35535480553572722e-03 -2.82262424743236293e-03  6.35535480299455162e-03 -3.04727254522900882e-03  1.32113996754885422e-02 -3.04727254522905045e-03  1.32113996754885145e-02 -3.04727254522900882e-03  1.32113996754885422e-02 -3.04727254522904351e-03  1.32113996754885422e-02 
 1.63608048899704474e+05  1.40094955544905566e-11 -9.18046249567560928e-12  2.08105001194923272e-10 -2.42584319906841695e-10 -3.02798237915997677e-07  1.90818090584421516e-07 -3.76681171408869284e-08 -1.40460449513195838e-08 -3.76681171053098505e-08 -1.40460450632566819e-08 -3.76681170862956549e-08 -1.40460451262793213e-08 -8.52526465776110521e-08 -1.50049304669562988e-08 -8.52526465776110521e-08 -1.50049304669562988e-08 -8.52526465776114756e-08 -1.50049304669562988e-08 -8.52526465776105227e-08 -1.50049304669562988e-08 -1.36948062120719091e-06 -2.09958106756934528e-06 -5.13314634680552551e-05 -4.53303390050954880e-05  3.15042982047819553e-02  5.00802759830356672e-02 -2.32687143995782483e-03  6.22504061097301550e-03 -2.32687146431169618e-03  6.22504060292843053e-03 -2.32687147800849335e-03  6.22504059857232044e-03 -2.28079759341105878e-03  1.27390321716458182e-02 -2.28079759341105878e-03  1.27390321716458182e-02 -2.28079759341107266e-03  1.27390321716457904e-02 -2.28079759341110041e-03  1.27390321716458182e-02 
 1.68386703248547885e+05  1.37395751154498722e-11 -1.09460120088892416e-11  1.90910712710266556e-10 -2.74093082067153200e-10 -3.15212723893295828e-07  2.01321125498893469e-07 -3.76966123810183611e-08 -1.16626820366834893e-08 -3.76966123478421981e-08 -1.16626821679261623e-08 -3.76966123391986504e-08 -1.16626822040131540e-08 -8.41825115314697174e-08 -1.08152049514336293e-08 -8.41825115314697174e-08 -1.08152049514336293e-08 -8.41825115314690027e-08 -1.08152049514302412e-08 -8.41825115314691086e-08 -1.08152049514336293e-08 -1.58748096229207032e-06 -2.00125628975122161e-06 -5.64245705922934869e-05 -4.06068680691166873e-05  3.22967714267943032e-02  5.06536466562266599e-02 -1.87789442370634883e-03  6.05330273234529898e-03 -1.87789445146660148e-03  6.05330272496786611e-03 -1.87789445909415003e-03  6.05330272301789294e-03 -1.60828991542083240e-03  1.22238157612609439e-02 -1.60828991542083240e-03  1.22238157612609439e-02 -1.60828991542083933e-03  1.22238157612609161e-02 -1.60828991542083240e-03  1.22238157612609439e-02 
 1.73304932254868676e+05  1.32459975578159304e-11 -1.27230275093910093e-11  1.69079921467974329e-10 -3.04042000517927905e-10 -3.28079243397692627e-07  2.11990629835407036e-07 -3.74991652689999824e-08 -9.43520574599629696e-09 -3.74991652396674432e-08 -9.43520589747289299e-09 -3.74991652383049907e-08 -9.43520590495727611e-09 -8.27980327955635543e-08 -7.01111792048985131e-09 -8.27980327955634484e-08 -7.01111792048985131e-09 -8.27980327955646131e-08 -7.01111792048985131e-09 -8.27980327955633425e-08 -7.01111792048985131e-09 -1.79368591561442004e-06 -1.87521623398568798e-06 -6.08906464477949199e-05 -3.51956581397496325e-05  3.30448737639202419e-02  5.12246518224349703e-02 -1.47683119517767942e-03  5.85100256330210559e-03 -1.47683122632684318e-03  5.85100255685529029e-03 -1.47683122786706296e-03  5.85100255654952967e-03 -1.02649341070755592e-03  1.16833325315892685e-02 -1.02649341070754898e-03  1.16833325315892685e-02 -1.02649341070754204e-03  1.16833325315892408e-02 -1.02649341070754898e-03  1.16833325315892685e-02 
 1.78366812607120926e+05  1.25208293454392118e-11 -1.44804967303422810e-11  1.42719713570620912e-10 -3.31670506715648824e-10 -3.41480289149552138e-07  2.22830818169631470e-07 -3.71200130536281424e-08 -7.37742302275477217e-09 -3.71200130371982708e-08 -7.37742313672136115e-09 -3.71200130294081617e-08 -7.37742319671162261e-09 -8.11830842319161453e-08 -3.59424863592496566e-09 -8.11830842319140278e-08 -3.59424863592496566e-09 -8.11830842319150865e-08 -3.59424863592327159e-09 -8.11830842319150865e-08 -3.59424863592327159e-09 -1.98428503458351584e-06 -1.72291331222583535e-06 -6.46263745291335919e-05 -2.91851055996137457e-05  3.37503797213706616e-02  5.18034726658289368e-02 -1.12273463764998296e-03  5.62772316508690362e-03 -1.12273466044145826e-03  5.62772316151450343e-03 -1.12273467243234658e-03  5.62772315976569314e-03 -5.29452720169298029e-04  1.11322057154402080e-02 -5.29452720169311906e-04  1.11322057154401525e-02 -5.29452720169311906e-04  1.11322057154401664e-02 -5.29452720169312015e-04  1.11322057154401924e-02 
 1.83576540065437293e+05  1.15598673674955802e-11 -1.61838332191323179e-11  1.12069121724778920e-10 -3.56178689872907070e-10 -3.55496350489239370e-07  2.33856448248850640e-07 -3.65995666271682982e-08 -5.49381386320417541e-09 -3.65995666134832104e-08 -5.49381401265805675e-09 -3.65995666123227753e-08 -5.49381402705761686e-09 -7.94101941996401169e-08 -5.51839761112402202e-10 -7.94101941996401169e-08 -5.51839761112402202e-10 -7.94101941996394817e-08 -5.51839761112402202e-10 -7.94101941996382111e-08 -5.51839761109014070e-10 -2.15545907180909077e-06 -1.54627351944029206e-06 -6.75355782791623447e-05 -2.26805275006942919e-05  3.44165382810067561e-02  5.23987670540687414e-02 -8.13197986250300056e-04  5.39155641697006138e-03 -8.13198015304991435e-04  5.39155641391504334e-03 -8.13198018105931362e-04  5.39155641364312630e-03 -1.09591675252372560e-04  1.05820424682747001e-02 -1.09591675252372560e-04  1.05820424682747001e-02 -1.09591675252393377e-04  1.05820424682746862e-02 -1.09591675252414193e-04  1.05820424682746723e-02 
 1.88938432939467602e+05  1.03643682934939095e-11 -1.77948709305634849e-11  7.75357461873781590e-11 -3.76750693057818656e-10 -3.70204830789412913e-07  2.45090515144474170e-07 -3.59732634041292146e-08 -3.78189975478127006e-09 -3.59732633988475407e-08 -3.78189986042999551e-09 -3.59732633971524160e-08 -3.78189990849742120e-09 -7.75396986127507357e-08  2.13851126908541655e-09 -7.75396986127507357e-08  2.13851126908541655e-09 -7.75396986127507357e-08  2.13851126908541655e-09 -7.75396986127498887e-08  2.13851126908711062e-09 -2.30341277826633492e-06 -1.34784824044613237e-06 -6.95328613998380941e-05 -1.58076094647542512e-05  3.50475263035830223e-02  5.30176461208434063e-02 -5.44899048692976573e-04  5.14908027697183641e-03 -5.44899068664515644e-04  5.14908027571783604e-03 -5.44899077750320994e-04  5.14908027524836262e-03  2.41418479922010903e-04  1.00416385740499502e-02  2.41418479922010903e-04  1.00416385740499502e-02  2.41418479922010903e-04  1.00416385740499502e-02  2.41418479922003991e-04  1.00416385740499502e-02 
 1.94456935667798069e+05  8.94306773607862672e-12 -1.92727295009462596e-11  3.97278787916978772e-11 -3.92600290446438391e-10 -3.85679721139627443e-07  2.56562195315168662e-07 -3.52711754609282760e-08 -2.23436389051875710e-09 -3.52711754602210035e-08 -2.23436399836299195e-09 -3.52711754604878188e-08 -2.23436403423314320e-09 -7.56200830949480207e-08  4.50494895320881466e-09 -7.56200830949480207e-08  4.50494895320881466e-09 -7.56200830949497148e-08  4.50494895321050873e-09 -7.56200830949484443e-08  4.50494895321220279e-09 -2.42451362492838762e-06 -1.13097080509259735e-06 -7.05503350985577961e-05 -8.71444447405976423e-06  3.56480114216484872e-02  5.36657737506707061e-02 -3.14034972430941091e-04  4.90545897762778484e-03 -3.14034992249511325e-04  4.90545897723482314e-03 -3.14034998843846158e-04  4.90545897717398465e-03  5.32015227049611908e-04  9.51732832730801774e-03  5.32015227049611908e-04  9.51732832730801774e-03  5.32015227049611908e-04  9.51732832730800386e-03  5.32015227049598030e-04  9.51732832730801774e-03 
 2.00136622501917911e+05  7.31404827665821615e-12 -2.05757340356431362e-11 -5.30167343164455720e-13 -4.03037511372551294e-10 -4.01991788106907406e-07  2.68305156071599804e-07 -3.45181292655561149e-08 -8.40805446839269170e-10 -3.45181292690785014e-08 -8.40805551745993753e-10 -3.45181292704676354e-08 -8.40805580792447580e-10 -7.36890420592462348e-08  6.57832778990641428e-09 -7.36890420592462348e-08  6.57832778990641428e-09 -7.36890420592466583e-08  6.57832778990641428e-09 -7.36890420592466583e-08  6.57832778990810835e-09 -2.51553754274689069e-06 -8.99859967984141639e-07 -7.05466415316227316e-05 -1.57037241767704511e-06  3.62228262783481011e-02  5.43475332550594908e-02 -1.16645318021683442e-04  4.66461018225553491e-03 -1.16645336766740517e-04  4.66461018263080243e-03 -1.16645341958678461e-04  4.66461018279003877e-03  7.70304235286612651e-04  9.01339212202081734e-03  7.70304235286612651e-04  9.01339212202081734e-03  7.70304235286626529e-04  9.01339212202083122e-03  7.70304235286626421e-04  9.01339212202081734e-03 
 2.05982201297786989e+05  5.50591191841846659e-12 -2.16643467315626381e-11 -4.22114712518350129e-11 -4.07548321848714616e-10 -4.19209069451899612e-07  2.80356254942068159e-07 -3.37341316099565002e-08  4.10895554147012228e-10 -3.37341316183383147e-08  4.10895439492632488e-10 -3.37341316207692993e-08  4.10895411171238864e-10 -7.17748958107655198e-08  8.38999538523992104e-09 -7.17748958107646728e-08  8.38999538523992104e-09 -7.17748958107655198e-08  8.38999538524161511e-09 -7.17748958107650963e-08  8.38999538524161511e-09 -2.57399319396852630e-06 -6.59612939705680865e-07 -6.95165212398826123e-05  5.43971401696761466e-06  3.67767418903815549e-02  5.50662201292589984e-02  5.11640657280505861e-05  4.42939816521526614e-03  5.11640458104636650e-05  4.42939816638587489e-03  5.11640408899499615e-05  4.42939816672196715e-03  9.63785498983088127e-04  8.53246419903575838e-03  9.63785498983102005e-04  8.53246419903575838e-03  9.63785498983095066e-04  8.53246419903574450e-03  9.63785498983108836e-04  8.53246419903576012e-03 
 2.11998517418147414e+05  3.55773310195248087e-12 -2.25047763223130880e-11 -8.41361524724814121e-11 -4.05872582113297449e-10 -4.37397524583125596e-07  2.92754596667517040e-07 -3.29349476104108687e-08  1.53357138322547009e-09 -3.29349476193182671e-08  1.53357129850184657e-09 -3.29349476230689290e-08  1.53357126772744553e-09 -6.98981202936230383e-08  9.97026966262153872e-09 -6.98981202936230383e-08  9.97026966262153872e-09 -6.98981202936230383e-08  9.97026966262323279e-09 -6.98981202936230383e-08  9.97026966261984466e-09 -2.59846650967820588e-06 -4.16046903725949388e-07 -6.74984645939853228e-05  1.21259267300195161e-05  3.73143213506729673e-02  5.58242343359326640e-02  1.93077680197906946e-04  4.20182633103692062e-03  1.93077665889437552e-04  4.20182633234364791e-03  1.93077660689328274e-04  4.20182633288433000e-03  1.11920681822844158e-03  8.07590742683141766e-03  1.11920681822844158e-03  8.07590742683141766e-03  1.11920681822844158e-03  8.07590742683143153e-03  1.11920681822844158e-03  8.07590742683143153e-03 
 2.18190557748813648e+05  1.51745902117202231e-12 -2.30726525893938035e-11 -1.25056166592114807e-10 -3.98061538509234010e-10 -4.56621736029939299e-07  3.05540889767848354e-07 -3.21327255756538569e-08  2.54006153826310502e-09 -3.21327255885744975e-08  2.54006144670561968e-09 -3.21327255909716007e-08  2.54006143138109960e-09 -6.80728362561503510e-08  1.13474730706331750e-08 -6.80728362561495039e-08  1.13474730706314810e-08 -6.80728362561499275e-08  1.13474730706280928e-08 -6.80728362561495039e-08  1.13474730706331750e-08 -2.58890704416078934e-06 -1.75380932561278778e-07 -6.45778926090402860e-05  1.83077302310672707e-05  3.78398342823992942e-02  5.66232569972660929e-02  3.12488177772556909e-04  3.98321376819361396e-03  3.12488162738874711e-04  3.98321377009426113e-03  3.12488160221440913e-04  3.98321377044138104e-03  1.24250938828150649e-03  7.64413915841137288e-03  1.24250938828148567e-03  7.64413915841137288e-03  1.24250938828150649e-03  7.64413915841138675e-03  1.24250938828150649e-03  7.64413915841137288e-03 
 2.24563454832270159e+05 -5.61227191630567197e-13 -2.33559991891927833e-11 -1.63763566587398804e-10 -3.84497698947270558e-10 -4.76945594982090284e-07  3.18757042440169188e-07 -3.13366034966924180e-08  3.44274620505110392e-09 -3.13366035088871514e-08  3.44274613343277416e-09 -3.13366035169576813e-08  3.44274609080499406e-09 -6.63081698433928147e-08  1.25473955229534465e-08 -6.63081698433928147e-08  1.25473955229534465e-08 -6.63081698433928147e-08  1.25473955229534465e-08 -6.63081698433936618e-08  1.25473955229551406e-08 -2.54677775900797377e-06  5.62065557128478956e-08 -6.08840760677954631e-05  2.38296299110023618e-05  3.83572152733435839e-02  5.74644039386182220e-02  4.12457945753077495e-04  3.77434863989792270e-03  4.12457934321137411e-04  3.77434864168028428e-03  4.12457927511851311e-04  3.77434864283996254e-03  1.33883673738973688e-03  7.23690288009440005e-03  1.33883673738973688e-03  7.23690288009440005e-03  1.33883673738973688e-03  7.23690288009440005e-03  1.33883673738974382e-03  7.23690288009437230e-03 
 2.31122491122002888e+05 -2.62315183568573809e-12 -2.33568038445891004e-11 -1.99201921679763287e-10 -3.65867947093355019e-10 -4.98432938478643933e-07  3.32445935420273039e-07 -3.05532613316904155e-08  4.25325979150746754e-09 -3.05532613536920963e-08  4.25325968592650473e-09 -3.05532613536988726e-08  4.25325968588245902e-09 -6.46094390259338434e-08  1.35930754836665485e-08 -6.46094390259338434e-08  1.35930754836665485e-08 -6.46094390259338434e-08  1.35930754836665485e-08 -6.46094390259338434e-08  1.35930754836682425e-08 -2.47501538040124111e-06  2.73070107402872441e-07 -5.65805313244523007e-05  2.85749698842528643e-05  3.88700516388060247e-02  5.83483546056858468e-02  4.95710428452625059e-04  3.57561645051191965e-03  4.95710412063229684e-04  3.57561645365541032e-03  4.95710412056483561e-04  3.57561645365680591e-03  1.41258459244847194e-03  6.85348640163093836e-03  1.41258459244847194e-03  6.85348640163093836e-03  1.41258459244847194e-03  6.85348640163093836e-03  1.41258459244847888e-03  6.85348640163093142e-03 
 2.37873103361091053e+05 -4.61624955524977364e-12 -2.30907860921429532e-11 -2.30557967213298963e-10 -3.43092961460045595e-10 -5.21148122757614056e-07  3.46651322413469632e-07 -2.97874032034702908e-08  4.98233461032665710e-09 -2.97874032203779155e-08  4.98233453790195198e-09 -2.97874032266815347e-08  4.98233451285688179e-09 -6.29791469820771285e-08  1.45048062670850468e-08 -6.29791469820771285e-08  1.45048062670850468e-08 -6.29791469820771285e-08  1.45048062670850468e-08 -6.29791469820758579e-08  1.45048062670816586e-08 -2.37779408138719988e-06  4.70544736815146820e-07 -5.18504274148146683e-05  3.24748528975052876e-05  3.93815899410675102e-02  5.92754573650224326e-02  5.64640411218123722e-04  3.38710427288177853e-03  5.64640400290506187e-04  3.38710427525934195e-03  5.64640396507581368e-04  3.38710427613451038e-03  1.46747445947713806e-03  6.49289058081692350e-03  1.46747445947713806e-03  6.49289058081692350e-03  1.46747445947713806e-03  6.49289058081692350e-03  1.46747445947713112e-03  6.49289058081690268e-03 
 2.44820887088688643e+05 -6.49565628529402774e-12 -2.25854054910803016e-11 -2.57315605716514250e-10 -3.17227716762868302e-10 -5.45156528958769455e-07  3.61417820185796991e-07 -2.90421662061219964e-08  5.63973491015630826e-09 -2.90421662200150308e-08  5.63973485614779348e-09 -2.90421662300811704e-08  5.63973482038606245e-09 -6.14177817241771453e-08  1.53002899882707951e-08 -6.14177817241771453e-08  1.53002899882707951e-08 -6.14177817241771453e-08  1.53002899882716422e-08 -6.14177817241767218e-08  1.53002899882724892e-08 -2.26013517017058149e-06  6.45263324872981732e-07 -4.68798914087473770e-05  3.55104500976027000e-05  3.98947538097778262e-02  6.02458136178137468e-02  6.21335442405515528e-04  3.20868356648328860e-03  6.21335434484918082e-04  3.20868356840095298e-03  6.21335429232688767e-04  3.20868356976817745e-03  1.50663783214412044e-03  6.15395442795171020e-03  1.50663783214412044e-03  6.15395442795171020e-03  1.50663783214412044e-03  6.15395442795171020e-03  1.50663783214411329e-03  6.15395442795170413e-03 
 2.51971601278130809e+05 -8.22659714553064185e-12 -2.18765737293820007e-11 -2.79265103859194705e-10 -2.89354339760420305e-10 -5.70525008683252309e-07  3.76790955042196479e-07 -2.83194596919384363e-08  6.23425111386905980e-09 -2.83194597158162951e-08  6.23425103276565510e-09 -2.83194597200971996e-08  6.23425101897595872e-09 -5.99244348370781533e-08  1.59948756204394331e-08 -5.99244348370781533e-08  1.59948756204394331e-08 -5.99244348370781533e-08  1.59948756204394331e-08 -5.99244348370777298e-08  1.59948756204394331e-08 -2.12744109082143893e-06  7.95293882150600416e-07 -4.18424730860605574e-05  3.77087407736079061e-05  4.04121672176298019e-02  6.12593443339435398e-02  6.67602980917416191e-04  3.04007479082582781e-03  6.67602969348233622e-04  3.04007479402462364e-03  6.67602967378960245e-04  3.04007479459266969e-03  1.53270139843661012e-03  5.83544355020960102e-03  1.53270139843661012e-03  5.83544355020960102e-03  1.53270139843661012e-03  5.83544355020960102e-03  1.53270139843658931e-03  5.83544355020959409e-03 
 2.59331173110509961e+05 -9.78572068823472664e-12 -2.10047804013803176e-11 -2.96472136770370834e-10 -2.60487744092138240e-10 -5.97322276460144827e-07  3.92817245894925518e-07 -2.76202424587800529e-08  6.77373215668805779e-09 -2.76202424817422691e-08  6.77373208510530342e-09 -2.76202424870870469e-08  6.77373206932677368e-09 -5.84972621710210029e-08  1.66018316743859814e-08 -5.84972621710210029e-08  1.66018316743859814e-08 -5.84972621710210029e-08  1.66018316743876755e-08 -5.84972621710201559e-08  1.66018316743868284e-08 -1.98504129272727426e-06  9.20093401855111290e-07 -3.68873581541848589e-05  3.91332950415370658e-05  4.09361800332593492e-02  6.23158419843621442e-02  7.04999669764968086e-04  2.88089702905009511e-03  7.04999659837731753e-04  2.88089703205313781e-03  7.04999657646521540e-04  2.88089703274526732e-03  1.54786671935931296e-03  5.53610940200696330e-03  1.54786671935931296e-03  5.53610940200696330e-03  1.54786671935930602e-03  5.53610940200695636e-03  1.54786671935929908e-03  5.53610940200696330e-03 
 2.66905702887678170e+05 -1.11609245094832160e-11 -2.00113532202528288e-11 -3.09219708925157422e-10 -2.31507721238549046e-10 -6.25619260866576091e-07  4.09544306598534288e-07 -2.69447465018670337e-08  7.26514041423054159e-09 -2.69447465251096177e-08  7.26514034735051414e-09 -2.69447465300113974e-08  7.26514033396908764e-09 -5.71338152614593818e-08  1.71326185440269903e-08 -5.71338152614593818e-08  1.71326185440269903e-08 -5.71338152614581113e-08  1.71326185440269903e-08 -5.71338152614576877e-08  1.71326185440269903e-08 -1.83782086774621146e-06  1.02031549967942207e-06 -3.21326057413675234e-05  3.98725461640478192e-05  4.14688933672484814e-02  6.34150110491618624e-02  7.34860481847300607e-04  2.73070555006260521e-03  7.34860472829018067e-04  2.73070555302596177e-03  7.34860471022110687e-04  2.73070555364523159e-03  1.55398066051364611e-03  5.25472665360822346e-03  1.55398066051364611e-03  5.25472665360822346e-03  1.55398066051364611e-03  5.25472665360823040e-03  1.55398066051362551e-03  5.25472665360821566e-03 
 2.74701469088748097e+05 -1.23500162536203718e-11 -1.89353922613937948e-11 -3.17938764148473828e-10 -2.03122164477396435e-10 -6.55489422909443046e-07  4.27020959336874115e-07 -2.62926559922044436e-08  7.71461835135797897e-09 -2.62926560148896800e-08  7.71461829057150654e-09 -2.62926560199227497e-08  7.71461827778977937e-09 -5.58312735568413685e-08  1.75971392927171661e-08 -5.58312735568413685e-08  1.75971392927171661e-08 -5.58312735568413685e-08  1.75971392927171661e-08 -5.58312735568413685e-08  1.75971392927180132e-08 -1.68997094191015200e-06  1.09753118397847659e-06 -2.76633209932580284e-05  4.00279686664002399e-05  4.20121837543021223e-02  6.45564994122070634e-02  7.58326374224070057e-04  2.58901983956669234e-03  7.58326366254874983e-04  2.58901984238580881e-03  7.58326364576298760e-04  2.58901984300541560e-03  1.55259518211480450e-03  4.99011518513998477e-03  1.55259518211480450e-03  4.99011518513998477e-03  1.55259518211480450e-03  4.99011518513998477e-03  1.55259518211481144e-03  4.99011518513997783e-03 
 2.82724933574284136e+05 -1.33586899014581799e-11 -1.78116496827523215e-11 -3.23141128700079516e-10 -1.75858431176906048e-10 -6.87009053058655405e-07  4.45297350345246943e-07 -2.56632493704308140e-08  8.12755984387827240e-09 -2.56632493930914865e-08  8.12755978708301922e-09 -2.56632493974977518e-08  8.12755977661708013e-09 -5.45866049496632482e-08  1.80039591666835279e-08 -5.45866049496632482e-08  1.80039591666835279e-08 -5.45866049496632482e-08  1.80039591666835279e-08 -5.45866049496632482e-08  1.80039591666835279e-08 -1.54486644533587351e-06  1.15392373086909580e-06 -2.35337124535430776e-05  3.97039311326703666e-05  4.25677252250206764e-02  6.57399229876710900e-02  7.76369745701757348e-04  2.45534419613435955e-03  7.76369738462166911e-04  2.45534419887748169e-03  7.76369737125705045e-04  2.45534419940564210e-03  1.54501676882369500e-03  4.74115196923727885e-03  1.54501676882369500e-03  4.74115196923727885e-03  1.54501676882368806e-03  4.74115196923728232e-03  1.54501676882368806e-03  4.74115196923727191e-03 
 2.90982746942497091e+05 -1.41982802442945614e-11 -1.66693760945827853e-11 -3.25363613331985617e-10 -1.50075434438418806e-10 -7.20257554924751277e-07  4.64425065109982916e-07 -2.50555114472588691e-08  8.50868155478502861e-09 -2.50555114694799315e-08  8.50868150241298148e-09 -2.50555114776571875e-08  8.50868148415433927e-09 -5.33966769626711567e-08  1.83604922058806206e-08 -5.33966769626711567e-08  1.83604922058806206e-08 -5.33966769626711567e-08  1.83604922058806206e-08 -5.33966769626707332e-08  1.83604922058814676e-08 -1.40505227020004269e-06  1.19200554817971687e-06 -1.97715870295995257e-05  3.90001258196571825e-05  4.31370091821567520e-02  6.69648851689420288e-02  7.89817381772997713e-04  2.32918259215633477e-03  7.89817375282293689e-04  2.32918259477549964e-03  7.89817373015242775e-04  2.32918259573003730e-03  1.53234674261917944e-03  4.50677670553123032e-03  1.53234674261917944e-03  4.50677670553123032e-03  1.53234674261917944e-03  4.50677670553123032e-03  1.53234674261917944e-03  4.50677670553124073e-03 
 2.99481754041882406e+05 -1.48836461157738553e-11 -1.55319843876984724e-11 -3.25127005141133029e-10 -1.25987957948725161e-10 -7.55317722035091634e-07  4.84457242870577802e-07 -2.44682213470244871e-08  8.86209152614452351e-09 -2.44682213673625952e-08  8.86209148072407578e-09 -2.44682213722398109e-08  8.86209147045295426e-09 -5.22583350651407129e-08  1.86731579947845686e-08 -5.22583350651407129e-08  1.86731579947845686e-08 -5.22583350651419834e-08  1.86731579947854156e-08 -5.22583350651411364e-08  1.86731579947845686e-08 -1.27230665312040189e-06  1.21438576880934592e-06 -1.63839079506147361e-05  3.80067170641172801e-05  4.37213623042356433e-02  6.82309922938975077e-02  7.99370826666679865e-04  2.21004915333666016e-03  7.99370821194299178e-04  2.21004915567192496e-03  7.99370819953520539e-04  2.21004915622623286e-03  1.51551406739605806e-03  4.28599379291525352e-03  1.51551406739605806e-03  4.28599379291525352e-03  1.51551406739606500e-03  4.28599379291525698e-03  1.51551406739607194e-03  4.28599379291526392e-03 
 3.08228999644871044e+05 -1.54313903347848155e-11 -1.44173045391767781e-11 -3.22909793804895336e-10 -1.03695853649623727e-10 -7.92276017879818789e-07  5.05448685786071732e-07 -2.39000211400321939e-08  9.19135341746286422e-09 -2.39000211666095467e-08  9.19135336205759211e-09 -2.39000211682705783e-08  9.19135335874484625e-09 -5.11684592914141377e-08  1.89475135438000480e-08 -5.11684592914141377e-08  1.89475135438000480e-08 -5.11684592914141377e-08  1.89475135438000480e-08 -5.11684592914145612e-08  1.89475135438008950e-08 -1.14774927142225751e-06  1.22359932195377964e-06 -1.33623755070374892e-05  3.68018554049634512e-05  4.43219621052822060e-02  6.95378665798184470e-02  8.05624280360222786e-04  2.09747532065611940e-03  8.05624273865781300e-04  2.09747532361871138e-03  8.05624273476584270e-04  2.09747532380257602e-03  1.49530221832057733e-03  4.07787222611221984e-03  1.49530221832057733e-03  4.07787222611221984e-03  1.49530221832057733e-03  4.07787222611221984e-03  1.49530221832058427e-03  4.07787222611220249e-03 
 3.17231734287196305e+05 -1.58584978575074213e-11 -1.33381990634943613e-11 -3.19134248873091344e-10 -8.32129314471588803e-11 -8.31222860312394327e-07  5.27455969509359321e-07 -2.33494692019420118e-08  9.49954539930066483e-09 -2.33494692234761304e-08  9.49954535628579066e-09 -2.33494692288878239e-08  9.49954534604770343e-09 -5.01240061381953325e-08  1.91883653345735673e-08 -5.01240061381953325e-08  1.91883653345735673e-08 -5.01240061381953325e-08  1.91883653345735673e-08 -5.01240061381949089e-08  1.91883653345761084e-08 -1.03196691801657695e-06  1.22199521878137829e-06 -1.06883914413113140e-05  3.54509825787815709e-05  4.49398511650428434e-02  7.08851567456694337e-02  8.09080175063434668e-04  1.99101453134835739e-03  8.09080170162760292e-04  1.99101453368789785e-03  8.09080168993053924e-04  1.99101453427068080e-03  1.47237143723502498e-03  3.88154430743672474e-03  1.47237143723502498e-03  3.88154430743672474e-03  1.47237143723503885e-03  3.88154430743673862e-03  1.47237143723503191e-03  3.88154430743672865e-03 
 3.26497420277816185e+05 -1.61813844811485898e-11 -1.23033475265193287e-11 -3.14161655524655546e-10 -6.44925300975352975e-11 -8.72252919330970599e-07  5.50537551644439199e-07 -2.28150814149876845e-08  9.78931371557256665e-09 -2.28150814367233969e-08  9.78931367431697992e-09 -2.28150814446617897e-08  9.78931366004278069e-09 -4.91220399596570856e-08  1.93998658776311803e-08 -4.91220399596570856e-08  1.93998658776311803e-08 -4.91220399596570856e-08  1.93998658776311803e-08 -4.91220399596566620e-08  1.93998658776328744e-08 -9.25137619308189579e-07  1.21167450511322494e-06 -8.33711335753241298e-06  3.40073313307450481e-05  4.55759496803380681e-02  7.22725473915830641e-02  8.10162681336119806e-04  1.89024504647459916e-03  8.10162676765438516e-04  1.89024504877176726e-03  8.10162675179135054e-04  1.89024504960327204e-03  1.44727739975386203e-03  3.69620364845441420e-03  1.44727739975386203e-03  3.69620364845441420e-03  1.44727739975386203e-03  3.69620364845441767e-03  1.44727739975386203e-03  3.69620364845441073e-03 
 3.36033737884373462e+05 -1.64152986484716467e-11 -1.13180626728831477e-11 -3.08293630793105545e-10 -4.74484768439698465e-11 -9.15465429933299673e-07  5.74753883456859593e-07 -2.22953629479125513e-08  1.00629206687895574e-08 -2.22953629713372475e-08  1.00629206266090107e-08 -2.22953629760408215e-08  1.00629206185528803e-08 -4.81597563043960506e-08  1.95855980470851306e-08 -4.81597563043960506e-08  1.95855980470851306e-08 -4.81597563043960506e-08  1.95855980470851306e-08 -4.81597563043960506e-08  1.95855980470851306e-08 -8.27141840750758797e-07  1.19446574227786639e-06 -6.28054736761917667e-06  3.25131141442709854e-05  4.62310670315152286e-02  7.36997672573630053e-02  8.09229335172218390e-04  1.79477143224627839e-03  8.09229330626485568e-04  1.79477143465281669e-03  8.09229329755502811e-04  1.79477143513222291e-03  1.42048703984435807e-03  3.52110270385550287e-03  1.42048703984435807e-03  3.52110270385550287e-03  1.42048703984435807e-03  3.52110270385550287e-03  1.42048703984436501e-03  3.52110270385549940e-03 
 3.45848591699320241e+05 -1.65739994731935958e-11 -1.03850525654329198e-11 -3.01776999081493727e-10 -3.19712794586278241e-11 -9.60964525444459099e-07  6.00167525090439854e-07 -2.17888325751062380e-08  1.03222875554484066e-08 -2.17888325968690555e-08  1.03222875179324704e-08 -2.17888326056604105e-08  1.03222875035667916e-08 -4.72344987069925049e-08  1.97486495542040995e-08 -4.72344987069933520e-08  1.97486495542049465e-08 -4.72344987069925049e-08  1.97486495542040995e-08 -4.72344987069929284e-08  1.97486495542040995e-08 -7.37655573667636594e-07  1.17192627483136789e-06 -4.48976745691222175e-06  3.10010240465815562e-05  4.69059123726157934e-02  7.51665968552857888e-02  8.06581039776038049e-04  1.70422505640067772e-03  8.06581035844825055e-04  1.70422505857660079e-03  8.06581034334338440e-04  1.70422505944815708e-03  1.39239206696865404e-03  3.35554997313537500e-03  1.39239206696865404e-03  3.35554997313537847e-03  1.39239206696865404e-03  3.35554997313537500e-03  1.39239206696865404e-03  3.35554997313537110e-03 
 3.55950117191983911e+05 -1.66696346778849432e-11 -9.50508439098106302e-12 -2.94810385901289892e-10 -1.79400202591820815e-11 -1.00885959128153114e-06  6.26843270955387225e-07 -2.12940412615493697e-08  1.05690327681028741e-08 -2.12940412829886206e-08  1.05690327327790591e-08 -2.12940412863047546e-08  1.05690327276045348e-08 -4.63437699363061340e-08  1.98916791584815624e-08 -4.63437699363061340e-08  1.98916791584815624e-08 -4.63437699363063458e-08  1.98916791584819859e-08 -4.63437699363063458e-08  1.98916791584819859e-08 -6.56224272571332744e-07  1.14535948292456596e-06 -2.93641231242133212e-06  2.94957963107003032e-05  4.76011049119723292e-02  7.66728753557403275e-02  8.02470632761780479e-04  1.61826389138443327e-03  8.02470629162339096e-04  1.61826389346923826e-03  8.02470628632718261e-04  1.61826389378916507e-03  1.36332055756707509e-03  3.19890695926662973e-03  1.36332055756707509e-03  3.19890695926662973e-03  1.36332055756707509e-03  3.19890695926662626e-03  1.36332055756707162e-03  3.19890695926662453e-03 
 3.66346687452005339e+05 -1.67127526754067982e-11 -8.67753431640914788e-12 -2.87551304982207166e-10 -5.23068621069736426e-12 -1.05926564538404809e-06  6.54848283496923720e-07 -2.08095862399294073e-08  1.08045056697460935e-08 -2.08095862627764270e-08  1.08045056338793304e-08 -2.08095862668565847e-08  1.08045056277925516e-08 -4.54852385136611640e-08  2.00169757654226745e-08 -4.54852385136611640e-08  2.00169757654226745e-08 -4.54852385136611640e-08  2.00169757654218275e-08 -4.54852385136603170e-08  2.00169757654222510e-08 -5.82319052026934792e-07  1.11584060245917389e-06 -1.59362286068648505e-06  2.80156814763875094e-05  4.83171835601789584e-02  7.82185072382380886e-02  7.97110227555675220e-04  1.53657182919987785e-03  7.97110223999863109e-04  1.53657183135933644e-03  7.97110223394002369e-04  1.53657183174207021e-03  1.33354690731123321e-03  3.05058496086839208e-03  1.33354690731123321e-03  3.05058496086839208e-03  1.33354690731123321e-03  3.05058496086839208e-03  1.33354690731121934e-03  3.05058496086838818e-03 
 3.77046920129739214e+05 -1.67123971344225821e-11 -7.90082551032597488e-12 -2.80122998741243885e-10  6.27828810732140833e-12 -1.11230374201864377e-06  6.84252245089726882e-07 -2.03341216880059434e-08  1.10298165186282492e-08 -2.03341217092139543e-08  1.10298164866493674e-08 -2.03341217130052738e-08  1.10298164812410620e-08 -4.46567411595336405e-08  2.01265111740912691e-08 -4.46567411595334288e-08  2.01265111740916926e-08 -4.46567411595336405e-08  2.01265111740916926e-08 -4.46567411595332170e-08  2.01265111740925396e-08 -5.15377711342232236e-07  1.08424594264173538e-06 -4.36569371232321860e-07  2.65737534858129866e-05  4.90546168073824271e-02  7.98034682453957339e-02  7.90677481459999844e-04  1.45885767544106661e-03  7.90677478377325863e-04  1.45885767739150534e-03  7.90677477853472224e-04  1.45885767773726652e-03  1.30330036280016173e-03  2.91004176526719199e-03  1.30330036280017214e-03  2.91004176526719026e-03  1.30330036280016867e-03  2.91004176526719546e-03  1.30330036280016889e-03  2.91004176526718505e-03 
 3.88059684579369205e+05 -1.66762462707274825e-11 -7.17276589186603253e-12 -2.72620638532621497e-10  1.67025611617524316e-11 -1.16810140610350161e-06  7.15127524013771528e-07 -1.98663667074048382e-08  1.12458630858171691e-08 -1.98663667290732116e-08  1.12458630545769000e-08 -1.98663667342811937e-08  1.12458630474609762e-08 -4.38562818236762579e-08  2.02219871219431643e-08 -4.38562818236758344e-08  2.02219871219427408e-08 -4.38562818236762579e-08  2.02219871219431643e-08 -4.38562818236754109e-08  2.02219871219431643e-08 -4.54833484679617986e-07  1.05128217580695921e-06  5.57308658317474839e-07  2.51790250350187941e-05  4.98138121990301524e-02  8.14278112163758228e-02  7.83320960653295303e-04  1.38485393016213060e-03  7.83320957723465314e-04  1.38485393209937611e-03  7.83320957052902858e-04  1.38485393256148454e-03  1.27277231692678725e-03  2.77677830932958987e-03  1.27277231692679072e-03  2.77677830932958987e-03  1.27277231692678725e-03  2.77677830932958987e-03  1.27277231692678725e-03  2.77677830932958987e-03 
 3.99394109210658586e+05 -1.66107708403697230e-11 -6.49080106509046631e-12 -2.65116718044011789e-10  2.61499239573290637e-11 -1.22679309224213261e-06  7.47549366341180395e-07 -1.94051112818017070e-08  1.14533542449473207e-08 -1.94051112972050012e-08  1.14533542232226197e-08 -1.94051113065655623e-08  1.14533542109753703e-08 -4.30820278420434801e-08  2.03048770730297507e-08 -4.30820278420432683e-08  2.03048770730297507e-08 -4.30820278420436918e-08  2.03048770730293272e-08 -4.30820278420426330e-08  2.03048770730305977e-08 -4.00134272914696648e-07  1.01751374869965652e-06  1.40825414346720720e-06  2.38373710669239822e-05  5.05951263609041302e-02  8.30916711365609212e-02  7.75164719028714234e-04  1.31431544773333341e-03  7.75164717050338872e-04  1.31431544907651722e-03  7.75164715927424068e-04  1.31431544988406526e-03  1.24212251981780037e-03  2.65033536432890838e-03  1.24212251981780037e-03  2.65033536432891011e-03  1.24212251981780037e-03  2.65033536432890838e-03  1.24212251981779690e-03  2.65033536432891228e-03 
 4.11059589055430435e+05 -1.65213940621050581e-11 -5.85219840917391154e-12 -2.57665612627940075e-10  3.47193801611363487e-11 -1.28852067539113034e-06  7.81596108850992960e-07 -1.89492206623651241e-08  1.16528310081466844e-08 -1.89492206770331937e-08  1.16528309882528451e-08 -1.89492206887129310e-08  1.16528309736118806e-08 -4.23323037796025325e-08  2.03764632197149553e-08 -4.23323037796025325e-08  2.03764632197149553e-08 -4.23323037796029560e-08  2.03764632197149553e-08 -4.23323037796023207e-08  2.03764632197153788e-08 -3.50754747281438822e-07  9.83387428465930067e-07  2.13426484515168486e-06  2.25522768059025878e-05  5.13988748208262236e-02  8.47952699603933546e-02  7.66312212214927384e-04  1.24701803491123397e-03  7.66312210453054510e-04  1.24701803615553226e-03  7.66312209146826164e-04  1.24701803713542724e-03  1.21148434460956363e-03  2.53029029734405751e-03  1.21148434460956363e-03  2.53029029734405751e-03  1.21148434460956710e-03  2.53029029734405577e-03  1.21148434460956363e-03  2.53029029734404580e-03 
 4.23065793555049459e+05 -1.64126433398498482e-11 -5.25417704678423242e-12 -2.50307353417853753e-10  4.25009212541184310e-11 -1.35343396631114422e-06  8.17349425014174066e-07 -1.84976385503291858e-08  1.18446853077709368e-08 -1.84976385690409907e-08  1.18446852838490323e-08 -1.84976385743912743e-08  1.18446852774247109e-08 -4.16055834018307145e-08  2.04378690341276874e-08 -4.16055834018307145e-08  2.04378690341276874e-08 -4.16055834018305027e-08  2.04378690341281109e-08 -4.16055834018300792e-08  2.04378690341285344e-08 -3.06203280495215022e-07  9.49253618133585091e-07  2.75123624632765606e-06  2.13254333416741456e-05  5.22253424882915124e-02  8.65389205266376971e-02  7.56849639629265979e-04  1.18275703237411488e-03  7.56849637564891266e-04  1.18275703391375418e-03  7.56849637006908028e-04  1.18275703435027414e-03  1.18096922661055283e-03  2.41625394825713356e-03  1.18096922661055283e-03  2.41625394825713356e-03  1.18096922661055283e-03  2.41625394825713356e-03  1.18096922661055283e-03  2.41625394825713009e-03 
 4.35422674575359561e+05 -1.62882883893456134e-11 -4.69399633535821846e-12 -2.43070702762408414e-10  4.95757455751552924e-11 -1.42169125827362947e-06  8.54894598678388850e-07 -1.80493893539407505e-08  1.20291768740816850e-08 -1.80493893738502600e-08  1.20291768497760746e-08 -1.80493893756675691e-08  1.20291768476855973e-08 -4.09004802272521070e-08  2.04900877647909100e-08 -4.09004802272521070e-08  2.04900877647909100e-08 -4.09004802272523188e-08  2.04900877647913335e-08 -4.09004802272516835e-08  2.04900877647917571e-08 -2.66025237471189540e-07  9.15384462082549099e-07  3.27314042310463127e-06  2.01572053445050008e-05  5.30747939903737642e-02  8.83230300954665204e-02  7.46848800743932575e-04  1.12134591069001401e-03  7.46848798702421193e-04  1.12134591228193830e-03  7.46848798525641270e-04  1.12134591242615432e-03  1.15067038745689872e-03  2.30786765604480389e-03  1.15067038745689872e-03  2.30786765604480389e-03  1.15067038745690219e-03  2.30786765604480215e-03  1.15067038745689872e-03  2.30786765604480649e-03 
 4.48140474655721802e+05 -1.61514634078753365e-11 -4.16901329387490135e-12 -2.35975629440866457e-10  5.60167429365013942e-11 -1.49345989865888002e-06  8.94320835878448911e-07 -1.76035797219994607e-08  1.22064484592237372e-08 -1.76035797429707259e-08  1.22064484347626963e-08 -1.76035797484768636e-08  1.22064484286945522e-08 -4.02157370071081613e-08  2.05340071688736628e-08 -4.02157370071081613e-08  2.05340071688736628e-08 -4.02157370071083731e-08  2.05340071688736628e-08 -4.02157370071087966e-08  2.05340071688736628e-08 -2.29803789225064820e-07  8.81988970585802793e-07  3.71221813733168312e-06  1.90469941103946300e-05  5.39474845114443699e-02  9.01481029426996344e-02  7.36369534552489577e-04  1.06261490176167241e-03  7.36369532552427785e-04  1.06261490339129745e-03  7.36369532053050119e-04  1.06261490381607746e-03  1.12066593948530495e-03  2.20480045581921942e-03  1.12066593948530495e-03  2.20480045581921942e-03  1.12066593948530495e-03  2.20480045581922203e-03  1.12066593948530841e-03  2.20480045581921856e-03 
 4.61229735498989408e+05 -1.60047728941781174e-11 -3.67671725174328691e-12 -2.29035281189002577e-10  6.18891220764297077e-11 -1.56891688640721784e-06  9.35721615461514741e-07 -1.71593995269728857e-08  1.23765396385440467e-08 -1.71593995467790571e-08  1.23765396163395015e-08 -1.71593995508952137e-08  1.23765396119933755e-08 -3.95502144649556966e-08  2.05704307977872488e-08 -3.95502144649556966e-08  2.05704307977872488e-08 -3.95502144649559084e-08  2.05704307977872488e-08 -3.95502144649554849e-08  2.05704307977880958e-08 -1.97159109168646772e-07  8.49225495091789683e-07  4.07916979542474432e-06  1.79935165136454008e-05  5.48436708591712660e-02  9.20147421252879988e-02  7.25461801728797878e-04  1.00640968120894363e-03  7.25461799962384582e-04  1.00640968270587989e-03  7.25461799614185356e-04  1.00640968301475954e-03  1.09102145813632203e-03  2.10674646241457370e-03  1.09102145813632203e-03  2.10674646241457370e-03  1.09102145813632550e-03  2.10674646241457543e-03  1.09102145813632181e-03  2.10674646241457066e-03 
 4.74701306709457655e+05 -1.58503818583887759e-11 -3.21474816888671478e-12 -2.22257543700626580e-10  6.72510985197600762e-11 -1.64824949783722095e-06  9.79195076951647669e-07 -1.67161223721934981e-08  1.25393994537654715e-08 -1.67161223898693816e-08  1.25393994346496319e-08 -1.67161223969526947e-08  1.25393994274913565e-08 -3.89028795887725211e-08  2.06000961389872970e-08 -3.89028795887725211e-08  2.06000961389872970e-08 -3.89028795887725211e-08  2.06000961389872970e-08 -3.89028795887727328e-08  2.06000961389877206e-08 -1.67746571831351646e-07  8.17211917193417977e-07  4.38333673356415547e-06  1.69950173466638044e-05  5.57636223445405060e-02  9.39236506313062269e-02  7.14167465111390735e-04  9.52590107419210692e-04  7.14167463632483460e-04  9.52590108719186335e-04  7.14167463073986418e-04  9.52590109235960133e-04  1.06179210056269553e-03  2.01342244966386036e-03  1.06179210056269553e-03  2.01342244966386036e-03  1.06179210056269553e-03  2.01342244966386036e-03  1.06179210056269553e-03  2.01342244966385862e-03 
 4.88566354786031181e+05 -1.56900917571468042e-11 -2.78090354060076167e-12 -2.15646263854993418e-10  7.21545893253871430e-11 -1.73165593271359868e-06  1.02484445715351173e-06 -1.62731057628606495e-08  1.26948979830815983e-08 -1.62731057771183315e-08  1.26948979680844564e-08 -1.62731057849220461e-08  1.26948979605365458e-08 -3.82727936956857403e-08  2.06236898443767810e-08 -3.82727936956857403e-08  2.06236898443767810e-08 -3.82727936956859521e-08  2.06236898443767810e-08 -3.82727936956857403e-08  2.06236898443767810e-08 -1.41254390551883722e-07  7.86033905393129943e-07  4.63286822518100456e-06  1.60494294732656174e-05  5.67076321254904869e-02  9.58756313431714940e-02  7.02521804620755770e-04  9.01029026960905644e-04  7.02521803493522264e-04  9.01029027982237318e-04  7.02521802920028646e-04  9.01029028535908359e-04  1.03302433672736323e-03  1.92456562714580842e-03  1.03302433672736323e-03  1.92456562714580842e-03  1.03302433672736670e-03  1.92456562714580842e-03  1.03302433672736670e-03  1.92456562714580929e-03 
 5.02836372378063330e+05 -1.55254037753648939e-11 -2.37313757263538137e-12 -2.09202203390254479e-10  7.66458816004445472e-11 -1.81934598633604449e-06  1.07277856932164276e-06 -1.58297909341653035e-08  1.28428370870347221e-08 -1.58297909520059350e-08  1.28428370693639207e-08 -1.58297909567870125e-08  1.28428370649415617e-08 -3.76591005040730643e-08  2.06418603327938208e-08 -3.76591005040728526e-08  2.06418603327938208e-08 -3.76591005040728526e-08  2.06418603327942444e-08 -3.76591005040728526e-08  2.06418603327938208e-08 -1.17400994004407984e-07  7.55751565608241217e-07  4.83487219541424920e-06  1.51544934956672478e-05  5.76760282168182550e-02  9.78715863286730575e-02  6.90554810932152282e-04  8.51611143702520859e-04  6.90554809636464333e-04  8.51611144942705464e-04  6.90554809309122013e-04  8.51611145272588611e-04  1.00475735509258316e-03  1.83993161440766900e-03  1.00475735509258143e-03  1.83993161440767074e-03  1.00475735509258143e-03  1.83993161440766900e-03  1.00475735509258294e-03  1.83993161440766727e-03 
 5.17523187811539334e+05 -1.53575711066174411e-11 -1.98955535343327897e-12 -2.02923777816622077e-10  8.07662553629621861e-11 -1.91154174035227723e-06  1.12311233500551742e-06 -1.53857024181826085e-08  1.29829603873394235e-08 -1.53857024353858476e-08  1.29829603710026990e-08 -1.53857024411990347e-08  1.29829603658645972e-08 -3.70610143761318239e-08  2.06552279728291702e-08 -3.70610143761318239e-08  2.06552279728291702e-08 -3.70610143761318239e-08  2.06552279728291702e-08 -3.70610143761322475e-08  2.06552279728295937e-08 -9.59323416352089144e-08  7.26404771498526206e-07  4.99554924163747707e-06  1.43078462470709943e-05  5.86691846840519879e-02  9.99125150096916437e-02  6.78292283694069799e-04  8.04231955556252809e-04  6.78292282528163452e-04  8.04231956719094550e-04  6.78292282157554743e-04  8.04231957109162302e-04  9.77024193971018449e-04  1.75929260693023803e-03  9.77024193971018449e-04  1.75929260693023803e-03  9.77024193971018449e-04  1.75929260693023803e-03  9.77024193971020400e-04  1.75929260693023781e-03 
 5.32638974893499864e+05 -1.51876418435552763e-11 -1.62840399734165608e-12 -1.96807625696007483e-10  8.45525510286912901e-11 -2.00847827731214201e-06  1.17596736324026061e-06 -1.49404473578730418e-08  1.31149626243672453e-08 -1.49404473765259779e-08  1.31149626075290773e-08 -1.49404473811156259e-08  1.31149626036547486e-08 -3.64778089066390354e-08  2.06643931003310279e-08 -3.64778089066388236e-08  2.06643931003310279e-08 -3.64778089066390354e-08  2.06643931003310279e-08 -3.64778089066388236e-08  2.06643931003314515e-08 -7.66193056922075013e-08  6.98017421271319173e-07  5.12031056374862234e-06  1.35070854703045124e-05  5.96875323471846367e-02  1.01999511662854106e-01  6.65756763541734491e-04  7.58796756720257911e-04  6.65756762370467415e-04  7.58796757945472827e-04  6.65756762098221647e-04  7.58796758244924805e-04  9.49852646044872166e-04  1.68243572747696422e-03  9.49852646044870431e-04  1.68243572747696509e-03  9.49852646044872166e-04  1.68243572747696422e-03  9.49852646044870540e-04  1.68243572747696162e-03 
 5.48196263002831489e+05 -1.50164939331591236e-11 -1.28806217939855200e-12 -1.90849044646693586e-10  8.80376776567776942e-11 -2.11040441179518792e-06  1.23147258700295336e-06 -1.44937145550809054e-08  1.32384984809120969e-08 -1.44937145738892720e-08  1.32384984647087801e-08 -1.44937145783865934e-08  1.32384984610872908e-08 -3.59088059740406820e-08  2.06699420546548941e-08 -3.59088059740406820e-08  2.06699420546548941e-08 -3.59088059740406820e-08  2.06699420546548941e-08 -3.59088059740411055e-08  2.06699420546548941e-08 -5.92551973659467446e-08  6.70600827261489465e-07  5.21388093353606803e-06  1.27498164161168089e-05  6.07315694783879256e-02  1.04133761860488408e-01  6.52968320526502231e-04  7.15219702195390712e-04  6.52968319428483203e-04  7.15219703396505657e-04  6.52968319180428805e-04  7.15219703681860839e-04  9.23265974545869721e-04  1.60916155268847833e-03  9.23265974545869721e-04  1.60916155268847833e-03  9.23265974545869721e-04  1.60916155268847833e-03  9.23265974545864516e-04  1.60916155268847312e-03 
 5.64207947475788533e+05 -1.48448635121450440e-11 -9.67029052535799743e-13 -1.85042323497394292e-10  9.12510622341433217e-11 -2.21758344101791996e-06  1.28976495440522612e-06 -1.40452732855589490e-08  1.33531909286974863e-08 -1.40452732986689014e-08  1.33531909176140602e-08 -1.40452733057700021e-08  1.33531909121661561e-08 -3.53533653788943937e-08  2.06724514562735501e-08 -3.53533653788943937e-08  2.06724514562735501e-08 -3.53533653788946055e-08  2.06724514562735501e-08 -3.53533653788941819e-08  2.06724514562737618e-08 -4.36534791384604965e-08  6.44156410177162201e-07  5.28038811179651850e-06  1.20336848205612204e-05  6.18018720487530787e-02  1.06316538171605093e-01  6.39945216787716413e-04  6.73422934353276625e-04  6.39945216059305375e-04  6.73422935169358961e-04  6.39945215695436717e-04  6.73422935607525825e-04  8.97283476613735262e-04  1.53928280490456195e-03  8.97283476613735262e-04  1.53928280490456195e-03  8.97283476613735262e-04  1.53928280490456195e-03  8.97283476613735262e-04  1.53928280490456173e-03 
 5.80687300294854329e+05 -1.46733677650451811e-11 -6.63913221747842879e-13 -1.79380994030134497e-10  9.42190426431584282e-11 -2.33029391278684564e-06  1.35099017856423576e-06 -1.35949718443104090e-08  1.34586391767674669e-08 -1.35949718616745844e-08  1.34586391630952964e-08 -1.35949718643431617e-08  1.34586391611464853e-08 -3.48108751595852719e-08  2.06724909139763091e-08 -3.48108751595854837e-08  2.06724909139760973e-08 -3.48108751595856954e-08  2.06724909139760973e-08 -3.48108751595854837e-08  2.06724909139765208e-08 -2.96456816321881228e-08  6.18677838569774894e-07  5.32344020339964960e-06  1.13563996907430924e-05  6.28991035725321723e-02  1.08549195092404335e-01  6.26704461421549470e-04  6.33335766845725652e-04  6.26704460542688467e-04  6.33335767894464548e-04  6.26704460415770893e-04  6.33335768054610424e-04  8.71920923250589465e-04  1.47262319749262658e-03  8.71920923250585995e-04  1.47262319749262571e-03  8.71920923250587730e-04  1.47262319749262658e-03  8.71920923250585995e-04  1.47262319749262723e-03 
 5.97647981089802459e+05 -1.45025232905949510e-11 -3.77422215985880350e-13 -1.73858020976705117e-10  9.69652083588323991e-11 -2.44883041016075092e-06  1.41530354845359756e-06 -1.31427358582371208e-08  1.35544262286542415e-08 -1.31427358699079642e-08  1.35544262195933183e-08 -1.31427358779424952e-08  1.35544262140185710e-08 -3.42807426614965789e-08  2.06706243483311024e-08 -3.42807426614965789e-08  2.06706243483311024e-08 -3.42807426614965789e-08  2.06706243483311024e-08 -3.42807426614965789e-08  2.06706243483308906e-08 -1.70795275693467773e-08  5.94152727780382150e-07  5.34619241720443444e-06  1.07157485263934729e-05  6.40240244756734717e-02  1.10833163282910180e-01  6.13262269021175831e-04  5.94893925976417706e-04  6.13262268456966127e-04  5.94893926663803726e-04  6.13262268102679866e-04  5.94893927132748705e-04  8.47190901340226466e-04  1.40901642163825894e-03  8.47190901340226466e-04  1.40901642163825894e-03  8.47190901340226466e-04  1.40901642163825894e-03  8.47190901340226466e-04  1.40901642163826241e-03 
 6.15104048460076097e+05 -1.43327608047447674e-11 -1.06352748776997125e-13 -1.68465945075097420e-10  9.95106932966043818e-11 -2.57350434923376374e-06  1.48287080686286061e-06 -1.26885662674554467e-08  1.36401261373148823e-08 -1.26885662824318363e-08  1.36401261265238943e-08 -1.26885662866911414e-08  1.36401261237202152e-08 -3.37623864126768131e-08  2.06674100987488090e-08 -3.37623864126768131e-08  2.06674100987488090e-08 -3.37623864126763896e-08  2.06674100987492325e-08 -3.37623864126768131e-08  2.06674100987492325e-08 -5.81725638839091128e-09  5.70563990020223669e-07  5.35140459136751526e-06  1.01096069781255077e-05  6.51775011517589098e-02  1.13169943021484684e-01  5.99634437787316095e-04  5.58038841494855960e-04  5.99634437129493232e-04  5.58038842350676908e-04  5.99634436955606177e-04  5.58038842592437512e-04  8.23103078915177178e-04  1.34830526206960555e-03  8.23103078915177178e-04  1.34830526206960555e-03  8.23103078915177178e-04  1.34830526206960468e-03  8.23103078915177287e-04  1.34830526206960555e-03 
 6.33069971627871040e+05 -1.41644369044671291e-11  1.50418107337608812e-13 -1.63196990904171117e-10  1.01874426177939153e-10 -2.70464479492495911e-06  1.55386909152963558e-06 -1.22325370617781783e-08  1.37153109141556764e-08 -1.22325370754226086e-08  1.37153109047461991e-08 -1.22325370804035858e-08  1.37153109016409764e-08 -3.32552288608719524e-08  2.06634000045560575e-08 -3.32552288608719524e-08  2.06634000045560575e-08 -3.32552288608721642e-08  2.06634000045560575e-08 -3.32552288608716348e-08  2.06634000045562692e-08  4.26586462955017519e-09  5.47890910040745709e-07  5.34149076832655660e-06  9.53594446041801792e-06  6.63605142308653917e-02  1.15561097282046152e-01  5.85836653043143385e-04  5.22716990192073736e-04  5.85836652484656210e-04  5.22716990950638496e-04  5.85836652296621400e-04  5.22716991225643775e-04  7.99664412772009233e-04  1.29034082994425791e-03  7.99664412772009233e-04  1.29034082994425791e-03  7.99664412772009233e-04  1.29034082994425791e-03  7.99664412772007499e-04  1.29034082994425705e-03 
 6.51560642431580927e+05 -1.39978434655425016e-11  3.93940741843708218e-13 -1.58043148673354370e-10  1.04073342862799022e-10 -2.84259928726683588e-06  1.62848795085332584e-06 -1.17747926782066526e-08  1.37795571445504500e-08 -1.17747926929433318e-08  1.37795571349931655e-08 -1.17747926960904827e-08  1.37795571331392221e-08 -3.27586899856673517e-08  2.06591375954634941e-08 -3.27586899856676693e-08  2.06591375954637059e-08 -3.27586899856676693e-08  2.06591375954634941e-08 -3.27586899856673517e-08  2.06591375954639176e-08  1.32828577384799903e-08  5.26110004302714440e-07  5.31856191685126866e-06  8.99282685661363949e-06  6.75741665534864283e-02  1.18008244117102395e-01  5.71884728070228823e-04  4.88879284911212251e-04  5.71884727516038340e-04  4.88879285707401103e-04  5.71884727406355136e-04  4.88879285876419548e-04  7.76879312558705981e-04  1.23498190024177220e-03  7.76879312558709451e-04  1.23498190024177177e-03  7.76879312558707716e-04  1.23498190024177090e-03  7.76879312558705981e-04  1.23498190024177177e-03 
 6.70591387669546413e+05 -1.38332151788276534e-11  6.25199840067055378e-13 -1.52996237205382491e-10  1.06122565666564153e-10 -2.98773468268713729e-06  1.70693043120723897e-06 -1.13155450990187446e-08  1.38324522846830747e-08 -1.13155451169741490e-08  1.38324522738622288e-08 -1.13155451185847821e-08  1.38324522729679738e-08 -3.22721818109035849e-08  2.06551555621877597e-08 -3.22721818109035849e-08  2.06551555621877597e-08 -3.22721818109035849e-08  2.06551555621877597e-08 -3.22721818109032673e-08  2.06551555621879714e-08  2.13361988116820903e-08  5.05195710637342265e-07  5.28446281222208374e-06  8.47841717015072129e-06  6.88196904287595723e-02  1.20513048724802604e-01  5.57794788099705199e-04  4.56480509593246771e-04  5.57794787485077059e-04  4.56480510535545256e-04  5.57794787433371565e-04  4.56480510619649909e-04  7.54749774645661832e-04  1.18209434243967695e-03  7.54749774645661832e-04  1.18209434243967695e-03  7.54749774645661832e-04  1.18209434243967695e-03  7.54749774645659989e-04  1.18209434243967651e-03 
 6.90177981804340263e+05 -1.36707356168800561e-11  8.45120248974155162e-13 -1.48047953739022310e-10  1.08035553724449312e-10 -3.14043800235976627e-06  1.78941424800531618e-06 -1.08550706062380399e-08  1.38736006404110526e-08 -1.08550706195080816e-08  1.38736006326585836e-08 -1.08550706222766088e-08  1.38736006312139689e-08 -3.17951038065513146e-08  2.06519726260807199e-08 -3.17951038065513146e-08  2.06519726260807199e-08 -3.17951038065512087e-08  2.06519726260809317e-08 -3.17951038065509970e-08  2.06519726260807199e-08  2.85188447602669010e-08  4.85120944446395233e-07  5.24080391985947861e-06  7.99097475230964827e-06  7.00984546512151696e-02  1.23077214899822193e-01  5.43583404908556597e-04  4.25478796225933677e-04  5.43583404481065655e-04  4.25478796904192288e-04  5.43583404399354325e-04  4.25478797044800353e-04  7.33275495051287428e-04  1.13155063283354820e-03  7.33275495051287428e-04  1.13155063283354820e-03  7.33275495051287428e-04  1.13155063283354820e-03  7.33275495051285693e-04  1.13155063283354820e-03 
 7.10336660038117785e+05 -1.35105421765707004e-11  1.05457195515759707e-12 -1.43189915000133985e-10  1.09824228706212918e-10 -3.30111729667014843e-06  1.87617303243573782e-06 -1.03937062164027030e-08  1.39026290138279118e-08 -1.03937062284034658e-08  1.39026290071559392e-08 -1.03937062313536815e-08  1.39026290057132303e-08 -3.13268391884331446e-08  2.06500899729788799e-08 -3.13268391884331446e-08  2.06500899729790916e-08 -3.13268391884329329e-08  2.06500899729788799e-08 -3.13268391884329329e-08  2.06500899729793034e-08  3.49151414833645665e-08  4.65857550610075504e-07  5.18898904345062657e-06  7.52885357468091239e-06  7.14119705758366197e-02  1.25702476463212309e-01  5.29267687586590027e-04  3.95835143290497720e-04  5.29267687228118962e-04  3.95835143887226929e-04  5.29267687148226489e-04  3.95835144033004525e-04  7.12453970773497115e-04  1.08322943863741524e-03  7.12453970773497115e-04  1.08322943863741524e-03  7.12453970773497115e-04  1.08322943863741524e-03  7.12453970773495380e-04  1.08322943863741568e-03 
 7.31084131769871805e+05 -1.33527301505720199e-11  1.25437424603802344e-12 -1.38413692825787358e-10  1.11499079309527955e-10 -3.47020251062290404e-06  1.96745767468211881e-06 -9.93184578432721009e-09  1.39191919793848480e-08 -9.93184579601181784e-09  1.39191919732700113e-08 -9.93184580040961290e-09  1.39191919712625432e-08 -3.08667520732575318e-08  2.06499873297577834e-08 -3.08667520732576377e-08  2.06499873297575716e-08 -3.08667520732577436e-08  2.06499873297579951e-08 -3.08667520732577436e-08  2.06499873297577834e-08  4.06016273545034770e-08  4.47376672803891572e-07  5.13023936439770705e-06  7.09049987719399807e-06  7.27618981655287350e-02  1.28390588026598557e-01  5.14865334086287265e-04  3.67512973345264211e-04  5.14865333765374589e-04  3.67512973910326640e-04  5.14865333656430485e-04  3.67512974121699063e-04  6.92280594244699650e-04  1.03701526316821624e-03  6.92280594244701385e-04  1.03701526316821711e-03  6.92280594244699650e-04  1.03701526316821711e-03  6.92280594244701385e-04  1.03701526316821559e-03 
 7.52437594445746392e+05 -1.31973561535783486e-11  1.44529914470804844e-12 -1.33710847055101267e-10  1.13069247913938354e-10 -3.64814635811109566e-06  2.06353775676241602e-06 -9.46993578454454134e-09  1.39229767813401463e-08 -9.46993579899111177e-09  1.39229767744498509e-08 -9.46993580151844633e-09  1.39229767733772954e-08 -3.04141854783377757e-08  2.06521188266929563e-08 -3.04141854783377757e-08  2.06521188266929563e-08 -3.04141854783379875e-08  2.06521188266927445e-08 -3.04141854783378816e-08  2.06521188266929563e-08  4.56477462316519087e-08  4.29649057868769354e-07  5.06561442229384531e-06  6.67444943935895168e-06  7.41500513466904210e-02  1.31143315646819442e-01  5.00394648912131528e-04  3.40477728295349375e-04  5.00394648556216253e-04  3.40477728973921753e-04  5.00394648499111975e-04  3.40477729092089490e-04  6.72748746876736053e-04  9.92798143670653097e-04  6.72748746876736053e-04  9.92798143670653097e-04  6.72748746876737787e-04  9.92798143670652663e-04  6.72748746876736053e-04  9.92798143670652446e-04 
 7.74414747813889408e+05 -1.30444410718697546e-11  1.62807421353666042e-12 -1.29072957612341717e-10  1.14542602365936059e-10 -3.83542519906745282e-06  2.16470308451804659e-06 -9.00847079086582982e-09  1.39137078143814656e-08 -9.00847080306310426e-09  1.39137078088555285e-08 -9.00847080633688660e-09  1.39137078075704736e-08 -2.99684601246766540e-08  2.06569087344978784e-08 -2.99684601246766540e-08  2.06569087344976667e-08 -2.99684601246765482e-08  2.06569087344976667e-08 -2.99684601246768658e-08  2.06569087344978784e-08  5.01164824878555727e-08  4.12645308432608584e-07  4.99603049980867071e-06  6.27932464170403016e-06  7.55784029272400376e-02  1.33962427216273244e-01  4.85874530710683262e-04  3.14696501344821340e-04  4.85874530432500024e-04  3.14696501902451725e-04  4.85874530365291415e-04  3.14696502051319514e-04  6.53849894709618426e-04  9.50473393232132042e-04  6.53849894709616691e-04  9.50473393232133777e-04  6.53849894709619293e-04  9.50473393232132910e-04  6.53849894709619293e-04  9.50473393232130741e-04 
 7.97033808595660026e+05 -1.28939726679761963e-11  1.80338481191155458e-12 -1.24491657278983433e-10  1.15925795458568320e-10 -4.03253991392297049e-06  2.27126532729846124e-06 -8.54798865796313743e-09  1.38911506619393771e-08 -8.54798867123444964e-09  1.38911506564302748e-08 -8.54798867395384892e-09  1.38911506554485636e-08 -2.95288739998316708e-08  2.06647471598679286e-08 -2.95288739998316708e-08  2.06647471598679286e-08 -2.95288739998316708e-08  2.06647471598679286e-08 -2.95288739998316708e-08  2.06647471598679286e-08  5.40649287463396937e-08  3.96336093909699174e-07  4.92227679943746338e-06  5.90383143454766399e-06  7.70490892231010388e-02  1.36849682502682701e-01  4.71324433929107669e-04  2.90137703656541282e-04  4.71324433656405452e-04  2.90137704246344337e-04  4.71324433605863145e-04  2.90137704366672238e-04  6.35573688327404794e-04  9.09941379187235153e-04  6.35573688327404794e-04  9.09941379187235153e-04  6.35573688327404794e-04  9.09941379187235153e-04  6.35573688327404035e-04  9.09941379187235153e-04 
 8.20313525585352443e+05 -1.27459079465526272e-11  1.97187589807756231e-12 -1.19958666254909158e-10  1.17224314518179623e-10 -4.24001677335124405e-06  2.38355976919990613e-06 -8.08906547406211726e-09  1.38551156497388643e-08 -8.08906548453102097e-09  1.38551156455887205e-08 -8.08906548835643352e-09  1.38551156443277002e-08 -2.90947026386828677e-08  2.06759857847286889e-08 -2.90947026386829736e-08  2.06759857847286889e-08 -2.90947026386829736e-08  2.06759857847282654e-08 -2.90947026386831853e-08  2.06759857847284771e-08  5.75447958402380896e-08  3.80692327769848420e-07  4.84502974487004566e-06  5.54675629207134076e-06  7.85644142834099474e-02  1.39806822938286279e-01  4.56764307443341205e-04  2.66770766514194831e-04  4.56764307243591754e-04  2.66770766967170650e-04  4.56764307179560074e-04  2.66770767131807671e-04  6.17908068676505692e-04  8.71107331405696376e-04  6.17908068676506560e-04  8.71107331405696810e-04  6.17908068676507427e-04  8.71107331405696376e-04  6.17908068676506668e-04  8.71107331405696810e-04 
 8.44273195190950879e+05 -1.26001753599412245e-11  2.13415345207155926e-12 -1.15465829324608942e-10  1.18442523163774313e-10 -4.45840829917994970e-06  2.50194717760701945e-06 -7.63231027183175698e-09  1.38054609080816670e-08 -7.63231028329867726e-09  1.38054609039775806e-08 -7.63231028438774987e-09  1.38054609036529552e-08 -2.86652000747398677e-08  2.06909337197780044e-08 -2.86652000747397618e-08  2.06909337197777927e-08 -2.86652000747400794e-08  2.06909337197775809e-08 -2.86652000747397618e-08  2.06909337197780044e-08  6.06028729403515223e-08  3.65685317027362070e-07  4.76486568267213560e-06  5.20696320197713647e-06  8.01268536991440877e-02  1.42835561174410736e-01  4.42214514672282784e-04  2.44565875739765346e-04  4.42214514477305882e-04  2.44565876222056962e-04  4.42214514460972322e-04  2.44565876267673413e-04  6.00839379492553306e-04  8.33881174540728734e-04  6.00839379492550704e-04  8.33881174540729167e-04  6.00839379492551571e-04  8.33881174540728734e-04  6.00839379492551571e-04  8.33881174540728408e-04 
 8.68932677428798401e+05 -1.24566769088157864e-11  2.29078559656729140e-12 -1.11005156123831505e-10  1.19583697137614236e-10 -4.68829410673420570e-06  2.62681580031502227e-06 -7.17835957324782951e-09  1.37420949001162788e-08 -7.17835958379847190e-09  1.37420948966311088e-08 -7.17835958590038416e-09  1.37420948960691554e-08 -2.82396004076624239e-08  2.07098535225544520e-08 -2.82396004076624239e-08  2.07098535225544520e-08 -2.82396004076620004e-08  2.07098535225548755e-08 -2.82396004076620004e-08  2.07098535225548755e-08  6.32814447944080925e-08  3.51286888418414587e-07  4.68227221833019532e-06  4.88339071734739935e-06  8.17390582146185485e-02  1.45937570217405527e-01  4.27695737550143156e-04  2.23493738960524346e-04  4.27695737387699746e-04  2.23493739392288372e-04  4.27695737359659026e-04  2.23493739477916708e-04  5.84352486131911966e-04  7.98177378916211733e-04  5.84352486131911966e-04  7.98177378916211733e-04  5.84352486131908496e-04  7.98177378916211733e-04  5.84352486131910339e-04  7.98177378916211299e-04 
 8.94312412385437055e+05 -1.23152901820693006e-11  2.44230347475947077e-12 -1.06568864940700570e-10  1.20650055847496715e-10 -4.93028172627585156e-06  2.75858349310540847e-06 -6.72787181622536734e-09  1.36649784050474329e-08 -6.72787182594782327e-09  1.36649784021011877e-08 -6.72787182702207280e-09  1.36649784018474483e-08 -2.78171199420607515e-08  2.07329574419463031e-08 -2.78171199420607515e-08  2.07329574419463031e-08 -2.78171199420607515e-08  2.07329574419463031e-08 -2.78171199420608574e-08  2.07329574419463031e-08  6.56186716435077759e-08  3.37469494828807374e-07  4.59765837995787138e-06  4.57504908863771544e-06  8.34038569084290388e-02  1.49114472306179136e-01  4.13228867827908732e-04  2.03525384643391411e-04  4.13228867693010943e-04  2.03525385030501325e-04  4.13228867680363616e-04  2.03525385073078811e-04  5.68430900765695083e-04  7.63914825753714299e-04  5.68430900765695083e-04  7.63914825753714299e-04  5.68430900765695083e-04  7.63914825753714299e-04  5.68430900765694216e-04  7.63914825753714299e-04 
 9.20433437160264235e+05 -1.21758703626261165e-11  2.58920194939570642e-12 -1.02149430186924851e-10  1.21642791200100181e-10 -5.18500739313125151e-06  2.89769998772139792e-06 -6.28152168542989941e-09  1.35741259482847410e-08 -6.28152169197428772e-09  1.35741259463089837e-08 -6.28152169608430334e-09  1.35741259454641213e-08 -2.73969598444386183e-08  2.07604039254418489e-08 -2.73969598444385124e-08  2.07604039254418489e-08 -2.73969598444385124e-08  2.07604039254418489e-08 -2.73969598444385124e-08  2.07604039254420606e-08  6.76489368225238424e-08  3.24206304607153484e-07  4.51136377615421210e-06  4.28101747776427692e-06  8.51242600813257311e-02  1.52367827386892918e-01  3.98834889026622485e-04  1.84631990614022331e-04  3.98834888940055067e-04  1.84631990867942318e-04  3.98834888897753835e-04  1.84631991026501600e-04  5.53056913014648923e-04  7.31016682847900100e-04  5.53056913014648923e-04  7.31016682847899666e-04  5.53056913014648923e-04  7.31016682847899666e-04  5.53056913014649898e-04  7.31016682847899666e-04 
 9.47317403303049272e+05 -1.20382522169700339e-11  2.73194016772638708e-12 -9.77396336509947139e-11  1.22562095054015400e-10 -5.45313679781511241e-06  3.04464930685819214e-06 -5.83999444837862052e-09  1.34696066608789557e-08 -5.83999445856461523e-09  1.34696066584844994e-08 -5.83999446040013562e-09  1.34696066581638975e-08 -2.69783092699651773e-08  2.07922944258581752e-08 -2.69783092699651773e-08  2.07922944258581752e-08 -2.69783092699651773e-08  2.07922944258579634e-08 -2.69783092699650714e-08  2.07922944258581752e-08  6.94031658999619773e-08  3.11471275856378674e-07  4.42366688292524249e-06  4.00044125389301698e-06  8.69034618203012171e-02  1.55699121160461584e-01  3.84534751355851195e-04  1.66784742769554041e-04  3.84534751247254578e-04  1.66784743153225380e-04  3.84534751230948991e-04  1.66784743222134153e-04  5.38211725102367066e-04  6.99410287536236059e-04  5.38211725102367066e-04  6.99410287536236059e-04  5.38211725102367934e-04  6.99410287536236493e-04  5.38211725102367066e-04  6.99410287536235626e-04 
 9.74986594760764507e+05 -1.19022520778893040e-11  2.87094203542581901e-12 -9.33326194919586080e-11  1.23407186563560123e-10 -5.73536578489487140e-06  3.19995233413213794e-06 -5.40398031707240429e-09  1.33515445797849332e-08 -5.40398032438526324e-09  1.33515445781340660e-08 -5.40398032705849922e-09  1.33515445777494601e-08 -2.65603489114150077e-08  2.08286705347175015e-08 -2.65603489114150077e-08  2.08286705347175015e-08 -2.65603489114151136e-08  2.08286705347173956e-08 -2.65603489114152195e-08  2.08286705347173956e-08  7.09091207004080121e-08  2.99239217361222749e-07  4.33479257513275235e-06  3.73252936435749539e-06  8.87448422607252790e-02  1.59109752624904399e-01  3.70349242889838031e-04  1.49954721163617180e-04  3.70349242817582082e-04  1.49954721431858203e-04  3.70349242797406652e-04  1.49954721529540292e-04  5.23875590363825027e-04  6.69027034342238570e-04  5.23875590363825027e-04  6.69027034342238570e-04  5.23875590363824160e-04  6.69027034342239003e-04  5.23875590363825135e-04  6.69027034342238570e-04 
 1.00346394634860544e+06 -1.17676698282673925e-11  3.00659663461560001e-12 -8.89219528883898880e-11  1.24176340611571215e-10 -6.03242099544936037e-06  3.36416953878896307e-06 -4.97416890869954252e-09  1.32201183997788119e-08 -4.97416891692677354e-09  1.32201183982660904e-08 -4.97416891819139373e-09  1.32201183981235507e-08 -2.61422549308870038e-08  2.08695114785609367e-08 -2.61422549308870038e-08  2.08695114785609367e-08 -2.61422549308871096e-08  2.08695114785609367e-08 -2.61422549308871096e-08  2.08695114785610426e-08  7.21916709458892985e-08  2.87485837609564483e-07  4.24491900003262189e-06  3.47655177344712515e-06  9.06519692475478422e-02  1.62601021289395686e-01  3.56298859565406059e-04  1.34112812705517310e-04  3.56298859497661150e-04  1.34112812998971807e-04  3.56298859489725169e-04  1.34112813043940610e-04  5.10027954232423358e-04  6.39802265331880461e-04  5.10027954232423358e-04  6.39802265331880461e-04  5.10027954232423358e-04  6.39802265331880244e-04  5.10027954232425093e-04  6.39802265331880895e-04 
 1.03277306276051200e+06 -1.16342908788299486e-11  3.13925861346730826e-12 -8.45016820770463881e-11  1.24866918354750929e-10 -6.34506042831299101e-06  3.53790387433440513e-06 -4.55124386803892120e-09  1.30755606840280437e-08 -4.55124387608340486e-09  1.30755606828009312e-08 -4.55124387838267580e-09  1.30755606826129428e-08 -2.57232032222480185e-08  2.09147319741156852e-08 -2.57232032222480185e-08  2.09147319741161087e-08 -2.57232032222480185e-08  2.09147319741157911e-08 -2.57232032222479127e-08  2.09147319741164264e-08  7.32730457466552167e-08  2.76187782874965223e-07  4.15418387161006745e-06  3.23183695651401425e-06  9.26285998745137729e-02  1.66174113590385447e-01  3.42403676164780330e-04  1.19229649082376233e-04  3.42403676108799773e-04  1.19229649361528219e-04  3.42403676097143407e-04  1.19229649441127347e-04  4.96647595885946506e-04  6.11675161279620844e-04  4.96647595885946506e-04  6.11675161279621061e-04  4.96647595885945639e-04  6.11675161279621495e-04  4.96647595885945639e-04  6.11675161279620627e-04 
 1.06293823813494784e+06 -1.15018881436294347e-11  3.26924857139073514e-12 -8.00664035533164266e-11  1.25475400972827211e-10 -6.67407391690797613e-06  3.72180384478559305e-06 -4.13587769717599265e-09  1.29181565712899412e-08 -4.13587770378941415e-09  1.29181565704003713e-08 -4.13587770680252210e-09  1.29181565702487524e-08 -2.53023739749737008e-08  2.09641804805035461e-08 -2.53023739749737008e-08  2.09641804805035461e-08 -2.53023739749737008e-08  2.09641804805035461e-08 -2.53023739749737008e-08  2.09641804805039697e-08  7.41730668389832091e-08  2.65322665534411591e-07  4.06269025622489434e-06  2.99776944101388617e-06  9.46786813656453619e-02  1.69830088863427320e-01  3.28683220955316893e-04  1.05275567856560139e-04  3.28683220915028862e-04  1.05275568079951363e-04  3.28683220903217997e-04  1.05275568181498606e-04  4.83712769946259764e-04  5.84588632653462747e-04  4.83712769946259764e-04  5.84588632653461880e-04  4.83712769946259764e-04  5.84588632653462747e-04  4.83712769946259764e-04  5.84588632653462747e-04 
 1.09398447619215562e+06 -1.13702240079160751e-11  3.39685345644681344e-12 -7.56113300670164315e-11  1.25997427581426079e-10 -7.02028350531386819e-06  3.91656674458480634e-06 -3.72872684813269233e-09  1.27482420105218239e-08 -3.72872685570855501e-09  1.27482420098364948e-08 -3.72872685698990410e-09  1.27482420098126323e-08 -2.48789565015444802e-08  2.10176378589514586e-08 -2.48789565015444802e-08  2.10176378589514586e-08 -2.48789565015443743e-08  2.10176378589517763e-08 -2.48789565015443743e-08  2.10176378589516704e-08  7.49093650951473696e-08  2.54869083488960424e-07  3.97051190627959809e-06  2.77378738338642839e-06  9.68063513068111864e-02  1.73569864781862454e-01  3.15156355958939329e-04  9.22205950698254412e-05  3.15156355923953697e-04  9.22205953187737234e-05  3.15156355920333654e-04  9.22205953608219026e-05  4.71201347003872932e-04  5.58489209457881390e-04  4.71201347003872932e-04  5.58489209457881390e-04  4.71201347003872932e-04  5.58489209457882041e-04  4.71201347003872932e-04  5.58489209457881173e-04 
 1.12593751095958054e+06 -1.12390522783404344e-11  3.52232698787974605e-12 -7.11323609238960008e-11  1.26427838199696447e-10 -7.38454369710054767e-06  4.12294208604951028e-06 -3.33042711780256745e-09  1.25662015562043662e-08 -3.33042712508535673e-09  1.25662015557695074e-08 -3.33042712708520151e-09  1.25662015557960036e-08 -2.44521542887401006e-08  2.10748164363649206e-08 -2.44521542887401006e-08  2.10748164363649206e-08 -2.44521542887398888e-08  2.10748164363650264e-08 -2.44521542887398888e-08  2.10748164363651323e-08  7.54975815998310213e-08  2.44806631406384161e-07  3.87769818898042702e-06  2.55938016956095389e-06  9.90159375084257581e-02  1.77394201930873491e-01  3.01841164545658415e-04  8.00344471590607690e-05  3.01841164519835864e-04  8.00344473919666809e-05  3.01841164516276049e-04  8.00344474558627536e-05  4.59090951578230598e-04  5.33326929170555258e-04  4.59090951578230598e-04  5.33326929170555258e-04  4.59090951578230164e-04  5.33326929170554825e-04  4.59090951578229297e-04  5.33326929170554825e-04 
 1.15882382810264034e+06 -1.11081201163932833e-11  3.64589011335008519e-12 -6.66261541132644679e-11  1.26760722721394707e-10 -7.76774157005720437e-06  4.34173520518113968e-06 -2.94158940191977266e-09  1.23724657784154096e-08 -2.94158940701721694e-09  1.23724657781280140e-08 -2.94158941031185746e-09  1.23724657782782035e-08 -2.40211902501202546e-08  2.11353595045521577e-08 -2.40211902501202546e-08  2.11353595045521577e-08 -2.40211902501202546e-08  2.11353595045520518e-08 -2.40211902501202546e-08  2.11353595045521577e-08  7.59515543984005844e-08  2.35115904713570699e-07  3.78427865266687580e-06  2.35408603082370098e-06  1.01311956968376374e-01  1.81303687867820251e-01  2.88754848115292846e-04  6.86865506872069752e-05  2.88754848099121700e-04  6.86865508459030567e-05  2.88754848096546015e-04  6.86865509484202810e-05  4.47359097079343679e-04  5.09055222585481307e-04  4.47359097079344547e-04  5.09055222585482175e-04  4.47359097079344980e-04  5.09055222585481524e-04  4.47359097079344113e-04  5.09055222585481416e-04 
 1.19267068687852332e+06 -1.09771699468214940e-11  3.76773150806254498e-12 -6.20901995857682553e-11  1.26989476730074986e-10 -8.17079673093363653e-06  4.57381105382341461e-06 -2.56279581423034437e-09  1.21675083335339059e-08 -2.56279582099739647e-09  1.21675083335556608e-08 -2.56279582172743299e-09  1.21675083336127362e-08 -2.35853121463622666e-08  2.11988412560767301e-08 -2.35853121463622666e-08  2.11988412560767301e-08 -2.35853121463622666e-08  2.11988412560767301e-08 -2.35853121463623725e-08  2.11988412560767301e-08  7.62834918839418288e-08  2.25778497001890208e-07  3.69026726434484860e-06  2.15748966361581664e-06  1.03699114078873583e-01  1.85298720454619259e-01  2.75913633139070549e-04  5.81460768643578507e-05  2.75913633128683838e-04  5.81460770693868580e-05  2.75913633128809389e-04  5.81460770915205810e-05  4.35983316719677912e-04  4.85630797261252429e-04  4.35983316719677912e-04  4.85630797261252429e-04  4.35983316719677912e-04  4.85630797261251996e-04  4.35983316719677912e-04  4.85630797261251996e-04 
 1.22750614273121161e+06 -1.08459413372495712e-11  3.88800812240454497e-12 -5.75228929148382614e-11  1.27106865005508591e-10 -8.59466109064433727e-06  4.82009817645558342e-06 -2.19459622277712073e-09  1.19518427497390961e-08 -2.19459622838606703e-09  1.19518427498675308e-08 -2.19459623043069868e-09  1.19518427500958458e-08 -2.31437981470049970e-08  2.12647671723132896e-08 -2.31437981470049970e-08  2.12647671723132896e-08 -2.31437981470049970e-08  2.12647671723132896e-08 -2.31437981470051029e-08  2.12647671723131837e-08  7.65041337057482362e-08  2.16776991569803514e-07  3.59566634786719672e-06  1.96921984314536336e-06  1.06182297907436315e-01  1.89379490512419618e-01  2.63332689560579120e-04  4.83819895495844819e-05  2.63332689555707854e-04  4.83819897149983952e-05  2.63332689557932312e-04  4.83819897753647596e-05  4.24941289780248052e-04  4.63013518552037485e-04  4.24941289780248052e-04  4.63013518552037485e-04  4.24941289780248052e-04  4.63013518552037485e-04  4.24941289780248485e-04  4.63013518552037701e-04 
 1.26335907054645848e+06 -1.07141728452664115e-11  4.00684577320664014e-12 -5.29236085284740015e-11  1.27105093431720521e-10 -9.04031843311352097e-06  5.08159287391321635e-06 -1.83750520032278647e-09  1.17260189799846690e-08 -1.83750520490502295e-09  1.17260189801642500e-08 -1.83750520803533909e-09  1.17260189806197254e-08 -2.26959625048088474e-08  2.13325748718621429e-08 -2.26959625048088474e-08  2.13325748718621429e-08 -2.26959625048088474e-08  2.13325748718621429e-08 -2.26959625048087415e-08  2.13325748718622487e-08  7.66228997956729737e-08  2.08094947777310017e-07  3.50047024435326127e-06  1.78894702307975063e-06  1.08766578562120034e-01  1.93545963693878470e-01  2.51026061304542069e-04  3.93631038839378720e-05  2.51026061303122360e-04  3.93631040154727917e-05  2.51026061309277484e-04  3.93631041055057465e-05  4.14210962572806327e-04  4.41166288242135236e-04  4.14210962572806327e-04  4.41166288242135236e-04  4.14210962572806327e-04  4.41166288242135236e-04  4.14210962572806327e-04  4.41166288242134151e-04 
 1.30025918858599639e+06 -1.05816038320596390e-11  4.12433979012058013e-12 -4.82927714275457017e-11  1.26975890128779927e-10 -9.50878376032571962e-06  5.35936354373358674e-06 -1.49199940834928403e-09  1.14906197819520851e-08 -1.49199941197130279e-09  1.14906197821267327e-08 -1.49199941418989384e-09  1.14906197825264330e-08 -2.22411613189893212e-08  2.14016354446250854e-08 -2.22411613189891094e-08  2.14016354446250854e-08 -2.22411613189890036e-08  2.14016354446251912e-08 -2.22411613189890036e-08  2.14016354446250854e-08  7.66480284088295525e-08  1.99716882894725544e-07  3.40466871745323728e-06  1.61638091012230869e-06  1.11457202301855393e-01  1.97797861782084083e-01  2.39006609437429065e-04  3.10581537239678946e-05  2.39006609437687024e-04  3.10581538251183126e-05  2.39006609443924520e-04  3.10581538872993265e-05  4.03770663874360939e-04  4.20054920984672803e-04  4.03770663874361373e-04  4.20054920984672695e-04  4.03770663874360506e-04  4.20054920984672695e-04  4.03770663874361319e-04  4.20054920984672695e-04 
 1.33823708312081289e+06 -1.04479762409613521e-11  4.24055571190613784e-12 -4.36319262808222563e-11  1.26710596401400691e-10 -1.00011023858400012e-05  5.65455519360200963e-06 -1.15851540847110871e-09  1.12462569768168930e-08 -1.15851541339819348e-09  1.12462569774101866e-08 -1.15851541433892945e-09  1.12462569776129650e-08 -2.17787983573360502e-08  2.14712552847226535e-08 -2.17787983573360502e-08  2.14712552847226535e-08 -2.17787983573360502e-08  2.14712552847226535e-08 -2.17787983573361561e-08  2.14712552847225476e-08  7.65867036899279405e-08  1.91628250056615531e-07  3.30825011692111619e-06  1.45126800598747362e-06  1.14259585352574231e-01  2.02134643372758632e-01  2.27285968132045617e-04  2.34358655440269694e-05  2.27285968140457156e-04  2.34358656781573573e-05  2.27285968143869493e-04  2.34358657038570687e-05  3.93599214413003313e-04  3.99648018680121258e-04  3.93599214413003313e-04  3.99648018680121258e-04  3.93599214413002879e-04  3.99648018680121475e-04  3.93599214413003747e-04  3.99648018680121041e-04 
 1.37732423378391424e+06 -1.03130363375634729e-11  4.35553003286266084e-12 -3.89438025636923816e-11  1.26300268031224148e-10 -1.05183487418135034e-05  5.96839412690890910e-06 -8.37447908721565722e-10  1.09935676376060396e-08 -8.37447913214122595e-10  1.09935676382775514e-08 -8.37447914563869596e-10  1.09935676386175690e-08 -2.13083309038330185e-08  2.15406784311712070e-08 -2.13083309038330185e-08  2.15406784311712070e-08 -2.13083309038330185e-08  2.15406784311713129e-08 -2.13083309038331244e-08  2.15406784311713129e-08  7.64451733699581431e-08  1.83815412852252279e-07  3.21120431147953026e-06  1.29338910769198288e-06  1.17179306512774653e-01  2.06555483781553528e-01  2.15874513344762545e-04  1.64650371627452584e-05  2.15874513355574996e-04  1.64650372818394968e-05  2.15874513361534367e-04  1.64650373177806498e-05  3.83676029986559735e-04  3.79916842933953486e-04  3.83676029986559735e-04  3.79916842933953486e-04  3.83676029986559735e-04  3.79916842933953919e-04  3.83676029986560168e-04  3.79916842933953486e-04 
 1.41755303966359119e+06 -1.01765364159732855e-11  4.46927100497289127e-12 -3.42323742538505709e-11  1.25735787419849583e-10 -1.10616248849554406e-05  6.30219277644182132e-06 -5.29148413099555075e-10  1.07332102599399607e-08 -5.29148418292502316e-10  1.07332102609899374e-08 -5.29148418113460727e-10  1.07332102609381625e-08 -2.08292756035895628e-08  2.16090894540911043e-08 -2.08292756035895628e-08  2.16090894540911043e-08 -2.08292756035895628e-08  2.16090894540911043e-08 -2.08292756035894569e-08  2.16090894540911573e-08  7.62288572622841604e-08  1.76265617180890806e-07  3.11352540111766818e-06  1.14255675818093759e-06  1.20222098027365693e-01  2.11059254583993355e-01  2.04781344017066885e-04  1.01146188854614012e-05  2.04781344035346723e-04  1.01146190196878426e-05  2.04781344034419025e-04  1.01146190150375995e-05  3.73981218382623084e-04  3.60835185890405333e-04  3.73981218382623084e-04  3.60835185890405333e-04  3.73981218382623084e-04  3.60835185890405333e-04  3.73981218382622650e-04  3.60835185890405388e-04 
 1.45895684615881578e+06 -1.00382364683489790e-11  4.58175949317473543e-12 -2.95029124414318445e-11  1.25007986795050931e-10 -1.16320586616684350e-05  6.65735468177888515e-06 -2.33924265858591379e-10  1.04658609554351693e-08 -2.33924268972602131e-10  1.04658609560117737e-08 -2.33924270831733571e-10  1.04658609566207242e-08 -2.03412142630208746e-08  2.16756168937788411e-08 -2.03412142630208746e-08  2.16756168937788411e-08 -2.03412142630207687e-08  2.16756168937788411e-08 -2.03412142630206629e-08  2.16756168937787882e-08  7.59424470435883150e-08  1.68966960806041126e-07  3.01521421158112086e-06  9.98612639992059663e-07  1.23393834893264331e-01  2.15644502584088016e-01  1.94014275204576985e-04  4.35379560719193807e-06  1.94014275214779815e-04  4.35379568537664342e-06  1.94014275225791786e-04  4.35379573244854451e-06  3.64495669723553307e-04  3.42379239538414409e-04  3.64495669723553307e-04  3.42379239538414409e-04  3.64495669723553307e-04  3.42379239538414409e-04  3.64495669723554174e-04  3.42379239538414409e-04 
 1.50156997261902806e+06 -9.89790582102733080e-12  4.69294988555472409e-12 -2.47620290606141493e-11  1.24107782585627431e-10 -1.22308015080926635e-05  7.03537958716854111e-06  4.79619263548487426e-11  1.01922097130404017e-08  4.79619218581625839e-11  1.01922097142557484e-08  4.79619214400459453e-11  1.01922097144093525e-08 -1.98437995645958074e-08  2.17393372812022977e-08 -1.98437995645958074e-08  2.17393372812022977e-08 -1.98437995645958074e-08  2.17393372812022448e-08 -1.98437995645956486e-08  2.17393372812022977e-08  7.55899978632985933e-08  1.61908361109411599e-07  2.91628057285100190e-06  8.61424906082363527e-07  1.26700522299285689e-01  2.20309428444273675e-01  1.83579842570197842e-04 -8.47931530141052467e-07  1.83579842592202077e-04 -8.47931419801300483e-07  1.83579842594983300e-04 -8.47931409471640517e-07  3.55201140296354967e-04  3.24527463686911477e-04  3.55201140296354967e-04  3.24527463686911477e-04  3.55201140296354967e-04  3.24527463686911477e-04  3.55201140296354967e-04  3.24527463686912182e-04 
 1.54542774079122441e+06 -9.75532473588653896e-12  4.80277106563740433e-12 -2.00177097151485222e-11  1.23026320825591427e-10 -1.28590258525815519e-05  7.43786863991385011e-06  3.16292537836739988e-10  9.91295675737313670e-09  3.16292534405197761e-10  9.91295675834551728e-09  3.16292533607822120e-10  9.91295675867134704e-09 -1.93367606466840450e-08  2.17992797580776283e-08 -1.93367606466840450e-08  2.17992797580776283e-08 -1.93367606466841509e-08  2.17992797580776283e-08 -1.93367606466839921e-08  2.17992797580776283e-08  7.51750123813521003e-08  1.55079521416338365e-07  2.81674537993238299e-06  7.30885441210055259e-07  1.30148281114197156e-01  2.25051865032738774e-01  1.73483317326049137e-04 -5.52066573348062982e-06  1.73483317343736459e-04 -5.52066565155193212e-06  1.73483317349609501e-04 -5.52066563232516259e-06  3.46080329765046724e-04  3.07260452724855227e-04  3.46080329765046724e-04  3.07260452724855118e-04  3.46080329765046724e-04  3.07260452724855227e-04  3.46080329765046724e-04  3.07260452724855010e-04 
 1.59056650409792736e+06 -9.61028597984574756e-12  4.91112744416245923e-12 -1.52793335618349021e-11  1.21755133134928309e-10 -1.35179220916174773e-05  7.86652966176200260e-06  5.70894853755660724e-10  9.62880903522270877e-09  5.70894851024191228e-10  9.62880903603220757e-09  5.70894849549506867e-10  9.62880903669802841e-09 -1.88199084936439621e-08  2.18544313170727351e-08 -1.88199084936439621e-08  2.18544313170727351e-08 -1.88199084936440150e-08  2.18544313170726821e-08 -1.88199084936438562e-08  2.18544313170727351e-08  7.47005176357361812e-08  1.48470896295196276e-07  2.71664243000156694e-06  6.06907052055998115e-07  1.33743331245292668e-01  2.29869255651742904e-01  1.63728730736744391e-04 -9.69403835027378334e-06  1.63728730751489595e-04 -9.69403828683858975e-06  1.63728730763384214e-04 -9.69403825213867212e-06  3.37116951740368417e-04  2.90560801276508397e-04  3.37116951740368417e-04  2.90560801276508397e-04  3.37116951740368200e-04  2.90560801276508072e-04  3.37116951740368200e-04  2.90560801276508289e-04 
 1.63702367777030380e+06 -9.46259636055159991e-12  5.01790005889402072e-12 -1.05576779789872932e-11  1.20286302534874530e-10 -1.42086951068950579e-05  8.32318246416947362e-06  8.11640715114539164e-10  9.34047685428525240e-09  8.11640712650149743e-10  9.34047685509009252e-09  8.11640711459115540e-10  9.34047685568110976e-09 -1.82931410733520464e-08  2.19037426757481939e-08 -1.82931410733521523e-08  2.19037426757481939e-08 -1.82931410733520464e-08  2.19037426757482998e-08 -1.82931410733520994e-08  2.19037426757481939e-08  7.41691352993235572e-08  1.42073656115336799e-07  2.61602002817877461e-06  4.89420583248695803e-07  1.37491972772619958e-01  2.34758632253331934e-01  1.54318907194355738e-04 -1.33971367799390890e-05  1.54318907208933460e-04 -1.33971367241915902e-05  1.54318907219368824e-04 -1.33971366968245113e-05  3.28295797608637002e-04  2.74412968824651175e-04  3.28295797608637219e-04  2.74412968824651175e-04  3.28295797608637002e-04  2.74412968824651175e-04  3.28295797608637435e-04  2.74412968824651175e-04 
 1.68483776986141014e+06 -9.31207822882650341e-12  5.12294774803726965e-12 -5.86490573001878291e-12  1.18612637983883680e-10 -1.49325603001586141e-05  8.80976416680173929e-06  1.03844592379709349e-09  9.04867068808960809e-09  1.03844592059504425e-09  9.04867068941577052e-09  1.03844592011191784e-09  9.04867068967805956e-09 -1.77564481535947616e-08  2.19461348008452066e-08 -1.77564481535947616e-08  2.19461348008452066e-08 -1.77564481535947616e-08  2.19461348008452066e-08 -1.77564481535948145e-08  2.19461348008452595e-08  7.35831457943114207e-08  1.35879651158734161e-07  2.51494235127323107e-06  3.78371960475275992e-07  1.41400564602973039e-01  2.39716593941817352e-01  1.45255504744223527e-04 -1.66584375950219404e-05  1.45255504767732038e-04 -1.66584375240599629e-05  1.45255504772299403e-04 -1.66584375132161726e-05  3.19602793615943030e-04  2.58803143383554374e-04  3.19602793615943030e-04  2.58803143383554374e-04  3.19602793615943030e-04  2.58803143383554374e-04  3.19602793615943084e-04  2.58803143383554211e-04 
 1.73404841316527035e+06 -9.15857094456972847e-12  5.22610839898456483e-12 -1.21453233307775291e-12  1.16727856049455963e-10 -1.56907391088823944e-05  9.32833448535141339e-06  1.25126942707865627e-09  8.75409816080225504e-09  1.25126942452135792e-09  8.75409816190877124e-09  1.25126942380598566e-09  8.75409816233271123e-09 -1.72099157187044276e-08  2.19805060787097671e-08 -1.72099157187044276e-08  2.19805060787097671e-08 -1.72099157187045334e-08  2.19805060787097671e-08 -1.72099157187043217e-08  2.19805060787098201e-08  7.29445466445857630e-08  1.29881375492299553e-07  2.41349055521045592e-06  2.73719165258430103e-07  1.45475500699715099e-01  2.44739285775795928e-01  1.36539062018248205e-04 -1.95057451790856028e-05  1.36539062037664043e-04 -1.95057451239301614e-05  1.36539062044924186e-04 -1.95057451082351728e-05  3.11025050945682282e-04  2.43719104256441468e-04  3.11025050945682282e-04  2.43719104256441468e-04  3.11025050945682282e-04  2.43719104256441251e-04  3.11025050945681848e-04  2.43719104256441061e-04 
 1.78469639806824410e+06 -9.00193230455541481e-12  5.32720028281745407e-12  3.37862867039473147e-12  1.14626767752963548e-10 -1.64844539881871789e-05  9.88108093305863788e-06  1.45011232499991024e-09  8.45746121629882205e-09  1.45011232270614502e-09  8.45746121737240984e-09  1.45011232205445904e-09  8.45746121779251171e-09 -1.66537299044031317e-08  2.20057401383540722e-08 -1.66537299044032905e-08  2.20057401383540722e-08 -1.66537299044031317e-08  2.20057401383540722e-08 -1.66537299044031847e-08  2.20057401383540722e-08  7.22551055469394488e-08  1.24071930815676831e-07  2.31176361180440799e-06  1.75429148414739422e-07  1.49723183551062899e-01  2.49822378326057776e-01  1.28169050458673073e-04 -2.19661365799257980e-05  1.28169050477225724e-04 -2.19661365316996756e-05  1.28169050484295508e-04 -2.19661365177191867e-05  3.02550908774612158e-04  2.29150083974132105e-04  3.02550908774611724e-04  2.29150083974132213e-04  3.02550908774612158e-04  2.29150083974132105e-04  3.02550908774612158e-04  2.29150083974131996e-04 
 1.83682370635991707e+06 -8.84203992547173136e-12  5.42602347993601969e-12  7.89854470998547058e-12  1.12305468060079258e-10 -1.73149228298901246e-05  1.04703238885292234e-05  1.63501672065598181e-09  8.15945347541888329e-09  1.63501671823193233e-09  8.15945347671333492e-09  1.63501671757849935e-09  8.15945347717052095e-09 -1.60881803594556855e-08  2.20207143068281335e-08 -1.60881803594556855e-08  2.20207143068281335e-08 -1.60881803594556326e-08  2.20207143068281864e-08 -1.60881803594557384e-08  2.20207143068281335e-08  7.15164085297472176e-08  1.18444990408189654e-07  2.20987885742386891e-06  8.34746938395211111e-08  1.54149994907165855e-01  2.54961048110705135e-01  1.20143930820833949e-04 -2.40659126316259354e-05  1.20143930842711252e-04 -2.40659125817536180e-05  1.20143930850264861e-04 -2.40659125680371052e-05  2.94169969988772079e-04  2.15086629486320214e-04  2.94169969988772079e-04  2.15086629486320214e-04  2.94169969988771862e-04  2.15086629486320268e-04  2.94169969988771645e-04  2.15086629486320322e-04 
 1.89047354603153560e+06 -8.67879257587496432e-12  5.52236140155297698e-12  1.23280693760929904e-11  1.09761524989849084e-10 -1.81833527974244076e-05  1.10985214727336513e-05  1.80606444634803858e-09  7.86075777549507108e-09  1.80606444376178229e-09  7.86075777705747629e-09  1.80606444382525683e-09  7.86075777700927482e-09 -1.55136629390416966e-08  2.20243086694379230e-08 -1.55136629390418025e-08  2.20243086694379759e-08 -1.55136629390418554e-08  2.20243086694379230e-08 -1.55136629390416437e-08  2.20243086694380289e-08  7.07299035340447483e-08  1.12994763298025870e-07  2.10797223573966660e-06 -2.16875072196375147e-09  1.58762263727238589e-01  2.60149959157456312e-01  1.12461212891508560e-04 -2.58305555956371801e-05  1.12461212917310525e-04 -2.58305555435219839e-05  1.12461212916530685e-04 -2.58305555448262452e-05  2.85873129276978356e-04  2.01520462738165936e-04  2.85873129276978139e-04  2.01520462738165936e-04  2.85873129276978030e-04  2.01520462738165773e-04  2.85873129276977868e-04  2.01520462738166044e-04 
 1.94569038709083479e+06 -8.51211145087928713e-12  5.61598241694162490e-12  1.66490754689796266e-11  1.06994164835341121e-10 -1.90909335781931371e-05  1.17682741596871703e-05  1.96337569093447579e-09  7.56204388914824161e-09  1.96337568917931764e-09  7.56204389019255383e-09  1.96337568852138480e-09  7.56204389073285497e-09 -1.49306816321603000e-08  2.20154157066735781e-08 -1.49306816321603000e-08  2.20154157066735781e-08 -1.49306816321603000e-08  2.20154157066735252e-08 -1.49306816321601412e-08  2.20154157066736311e-08  6.98969397950563959e-08  1.07715958772254804e-07  2.00619821774663556e-06 -8.15262550548322512e-08  1.63566231029055459e-01  2.65383246288256103e-01  1.05117517525672900e-04 -2.72846933058341551e-05  1.05117517542730992e-04 -2.72846932715493649e-05  1.05117517551307749e-04 -2.72846932583034840e-05  2.77652593445376151e-04  1.88444340831295709e-04  2.77652593445376151e-04  1.88444340831295709e-04  2.77652593445376151e-04  1.88444340831295763e-04  2.77652593445376151e-04  1.88444340831295817e-04 
 2.00251999842294096e+06 -8.34194137575418261e-12  5.70664158576887346e-12  2.08426170745897364e-11  1.04004449365066617e-10 -2.00388300202343337e-05  1.24823290681074985e-05  2.10710754316993393e-09  7.26396641092822778e-09  2.10710754125045139e-09  7.26396641223827011e-09  2.10710754081020602e-09  7.26396641262967874e-09 -1.43398496209272854e-08  2.19929504331514281e-08 -1.43398496209272854e-08  2.19929504331514281e-08 -1.43398496209272325e-08  2.19929504331514281e-08 -1.43398496209271795e-08  2.19929504331514281e-08  6.90188032386482548e-08  1.02603751244369475e-07  1.90472938100787859e-06 -1.54626572724346241e-07  1.68568012005645335e-01  2.70654500017510791e-01  9.81086400970512806e-05 -2.84520695825397470e-05  9.81086401178828837e-05 -2.84520695457164669e-05  9.81086401239660304e-05 -2.84520695370246552e-05  2.69501893343947489e-04  1.75851916000437591e-04  2.69501893343947489e-04  1.75851916000437591e-04  2.69501893343947706e-04  1.75851916000437753e-04  2.69501893343947598e-04  1.75851916000437862e-04 
 2.06100948572790786e+06 -8.16825192968151345e-12  5.79408250830688508e-12  2.48891213843632015e-11  1.00795440525278670e-10 -2.10281741818119818e-05  1.32435838375545112e-05  2.23745247474573494e-09  6.96716280521992431e-09  2.23745247299068268e-09  6.96716280651233777e-09  2.23745247265038719e-09  6.96716280683971601e-09 -1.37418893740338537e-08  2.19558609884232436e-08 -1.37418893740338537e-08  2.19558609884232436e-08 -1.37418893740338537e-08  2.19558609884232436e-08 -1.37418893740338007e-08  2.19558609884232701e-08  6.80967482646529066e-08  9.76537455714153715e-08  1.80375563499207505e-06 -2.21505261093373568e-07  1.73773554952913661e-01  2.75956753961359491e-01  9.14296146366682977e-05 -2.93555207927724284e-05  9.14296146567809798e-05 -2.93555207598538685e-05  9.14296146617607069e-05 -2.93555207532619735e-05  2.61415887319968562e-04  1.63737595770300696e-04  2.61415887319968562e-04  1.63737595770300696e-04  2.61415887319968562e-04  1.63737595770300696e-04  2.61415887319968562e-04  1.63737595770300885e-04 
 2.12120733056632895e+06 -7.99103847406934000e-12  5.87803928907863003e-12  2.87686101649169279e-11  9.73723476122991096e-11 -2.20600567803926559e-05  1.40550900226021150e-05  2.35463677546091316e-09  6.67225159817252899e-09  2.35463677395676793e-09  6.67225159934254618e-09  2.35463677354098063e-09  6.67225159977575060e-09 -1.31376316770736222e-08  2.19031395735714661e-08 -1.31376316770736222e-08  2.19031395735714661e-08 -1.31376316770736222e-08  2.19031395735714661e-08 -1.31376316770738340e-08  2.19031395735713867e-08  6.71320260510717029e-08  9.28619428292237646e-08  1.70348307995580320e-06 -2.82207716347217238e-07  1.79188597377365949e-01  2.81282474780497671e-01  8.50747778888586527e-05 -3.00169582408963896e-05  8.50747779067009612e-05 -3.00169582133656165e-05  8.50747779131479662e-05 -3.00169582054509237e-05  2.53390755599750667e-04  1.52096403713348425e-04  2.53390755599750667e-04  1.52096403713348425e-04  2.53390755599750667e-04  1.52096403713348425e-04  2.53390755599750884e-04  1.52096403713348506e-04 
 2.18316343054539058e+06 -7.81032307015381692e-12  5.95823861949378650e-12  3.24609500709832919e-11  9.37426516216326567e-11 -2.31355180675166963e-05  1.49200559128862504e-05  2.45891894851758202e-09  6.37983070627510348e-09  2.45891894729163417e-09  6.37983070726036162e-09  2.45891894690724004e-09  6.37983070769451894e-09 -1.25280135110555409e-08  2.18338336321500971e-08 -1.25280135110555409e-08  2.18338336321500971e-08 -1.25280135110555409e-08  2.18338336321500971e-08 -1.25280135110555409e-08  2.18338336321500971e-08  6.61259096353295228e-08  8.82247065733512450e-08  1.60413249301808293e-06 -3.36792081248613612e-07  1.84818619226240155e-01  2.86623555245143713e-01  7.90378327634035327e-05 -3.04573559742351454e-05  7.90378327781502001e-05 -3.04573559523947871e-05  7.90378327844682528e-05 -3.04573559451971348e-05  2.45423985313493920e-04  1.40923841361134672e-04  2.45423985313493920e-04  1.40923841361134672e-04  2.45423985313493920e-04  1.40923841361134672e-04  2.45423985313494028e-04  1.40923841361134563e-04 
 2.24692914067868004e+06 -7.62615526989252968e-12  6.03440197703475096e-12  3.59461299998511895e-11  8.99162012465738381e-11 -2.42555381587028161e-05  1.58418486894462479e-05  2.55058807717528461e-09  6.09047588552696783e-09  2.55058807582704639e-09  6.09047588677732081e-09  2.55058807558569494e-09  6.09047588707333236e-09 -1.19140746997926414e-08  2.17470571487797071e-08 -1.19140746997926414e-08  2.17470571487797071e-08 -1.19140746997924826e-08  2.17470571487796541e-08 -1.19140746997925355e-08  2.17470571487796541e-08  6.50797159238621008e-08  8.37387296153781341e-08  1.50593744042750719e-06 -3.85331977512611365e-07  1.90668793376520151e-01  2.91971310874475531e-01  7.33119106199304842e-05 -3.06967436840771486e-05  7.33119106381035558e-05 -3.06967436603366040e-05  7.33119106423152746e-05 -3.06967436558834605e-05  2.37514345814376703e-04  1.30215751925594881e-04  2.37514345814376703e-04  1.30215751925594881e-04  2.37514345814376703e-04  1.30215751925594935e-04  2.37514345814376839e-04  1.30215751925594881e-04 
 2.31255731595402583e+06 -7.43861276087927119e-12  6.10624793949905136e-12  3.92045626797640133e-11  8.59052749353117199e-11 -2.54210268592793027e-05  1.68239958256848708e-05  2.62996216217778415e-09  5.80473929446470187e-09  2.62996216102129301e-09  5.80473929559954073e-09  2.62996216073110482e-09  5.80473929598663479e-09 -1.12969532605336895e-08  2.16420019206032709e-08 -1.12969532605336895e-08  2.16420019206032709e-08 -1.12969532605336895e-08  2.16420019206032709e-08 -1.12969532605336365e-08  2.16420019206032709e-08  6.39948247951085522e-08  7.94010013196301866e-08  1.40914202220936066e-06 -4.27919011389053716e-07  1.96743933585913633e-01  2.97316480608655953e-01  6.78896320404126827e-05 -3.07542041892256649e-05  6.78896320565532818e-05 -3.07542041693191642e-05  6.78896320619377550e-05 -3.07542041640361587e-05  2.29661853994642698e-04  1.19968186601364488e-04  2.29661853994642698e-04  1.19968186601364488e-04  2.29661853994642698e-04  1.19968186601364488e-04  2.29661853994642589e-04  1.19968186601364379e-04 
 2.38010235514465766e+06 -7.24780184717586012e-12  6.17349460596219912e-12  4.22174065068659702e-11  8.17246035579335084e-11 -2.66328130373285412e-05  1.78701856419174505e-05  2.69738643690333790e-09  5.52314815383370020e-09  2.69738643592914414e-09  5.52314815483687838e-09  2.69738643567786652e-09  5.52314815520263780e-09 -1.06778794098644954e-08  2.15179486388332724e-08 -1.06778794098644954e-08  2.15179486388332724e-08 -1.06778794098644425e-08  2.15179486388332194e-08 -1.06778794098643895e-08  2.15179486388332988e-08  6.28726953903268395e-08  7.52087754522945369e-08  1.31399826390190733e-06 -4.64664997343370482e-07  2.03048440203943359e-01  3.02649231935952945e-01  6.27631656601516615e-05 -3.06478751749084615e-05  6.27631656741198176e-05 -3.06478751585320756e-05  6.27631656790926735e-05 -3.06478751540073882e-05  2.21867729366427411e-04  1.10177274335614080e-04  2.21867729366427411e-04  1.10177274335614080e-04  2.21867729366427520e-04  1.10177274335614188e-04  2.21867729366427438e-04  1.10177274335614025e-04 
 2.44962024590000045e+06 -7.05385774627851110e-12  6.23586211852365812e-12  4.49669025197389136e-11  7.73913486009322328e-11 -2.78916336214509085e-05  1.89842669168811348e-05  2.75323165462402909e-09  5.24620350124634593e-09  2.75323165376574648e-09  5.24620350219028474e-09  2.75323165353485060e-09  5.24620350255842643e-09 -1.00581681972804291e-08  2.13742776093591441e-08 -1.00581681972804291e-08  2.13742776093591706e-08 -1.00581681972804821e-08  2.13742776093591441e-08 -1.00581681972804821e-08  2.13742776093590912e-08  6.17148797257802916e-08  7.11595386079039805e-08  1.22076317992481807e-06 -4.95703844187871318e-07  2.09586243890200558e-01  3.07959171069729365e-01  5.79242849067850636e-05 -3.03949546595255114e-05  5.79242849196293357e-05 -3.03949546453901578e-05  5.79242849245185115e-05 -3.03949546412690715e-05  2.14134338846847519e-04  1.00839096048750145e-04  2.14134338846847519e-04  1.00839096048750308e-04  2.14134338846847574e-04  1.00839096048750037e-04  2.14134338846847465e-04  1.00839096048750159e-04 
 2.52116861115347827e+06 -6.85694468283548525e-12  6.29307526995629588e-12  4.74367201528064573e-11  7.29250314083514173e-11 -2.91981222999260701e-05  2.01702474716586490e-05  2.79789234719351274e-09  4.97437903010930857e-09  2.79789234632085704e-09  4.97437903120313251e-09  2.79789234617702026e-09  4.97437903145527039e-09 -9.43921076393128938e-09  2.12104789206863824e-08 -9.43921076393128938e-09  2.12104789206863824e-08 -9.43921076393128938e-09  2.12104789206863824e-08 -9.43921076393128938e-09  2.12104789206864353e-08  6.05230336796989740e-08  6.72509792523680811e-08  1.12969554337982015e-06 -5.21193047449433206e-07  2.16360747844139611e-01  3.13235358513989037e-01  5.33644224103433634e-05 -3.00117098138409861e-05  5.33644224248215824e-05 -3.00117097995625991e-05  5.33644224280943280e-05 -3.00117097970108310e-05  2.06465131218456778e-04  9.19495643869681738e-05  2.06465131218456778e-04  9.19495643869681738e-05  2.06465131218456778e-04  9.19495643869681738e-05  2.06465131218456642e-04  9.19495643869679976e-05 
 2.59480675688579259e+06 -6.65725575976718087e-12  6.34486618396998818e-12  4.96123043125644529e-11  6.83474098850870542e-11 -3.05527980292042572e-05  2.14322916385770007e-05  2.83178505122133577e-09  4.70812000938146237e-09  2.83178505045074754e-09  4.70812001042443787e-09  2.83178505032799394e-09  4.70812001066249383e-09 -8.82246425078230220e-09  2.10261618673304449e-08 -8.82246425078230220e-09  2.10261618673304449e-08 -8.82246425078230220e-09  2.10261618673304449e-08 -8.82246425078224926e-09  2.10261618673304449e-08  5.92989254470913657e-08  6.34809574296563514e-08  1.04105240851816967e-06 -5.41314734906433450e-07  2.23374768974093363e-01  3.18466330555245758e-01  4.90747219821616011e-05 -2.95134887285764010e-05  4.90747219956456609e-05 -2.95134887161658030e-05  4.90747219986647099e-05 -2.95134887139926756e-05  1.98864561475725355e-04  8.35043101508152192e-05  1.98864561475725355e-04  8.35043101508152192e-05  1.98864561475725355e-04  8.35043101508152192e-05  1.98864561475725355e-04  8.35043101508152735e-05 
 2.67059572128327051e+06 -6.45501258902160021e-12  6.39097704835059884e-12  5.14812152518436514e-11  6.36823002440076725e-11 -3.19560534700523573e-05  2.27747165393711544e-05  2.85534649673605882e-09  4.44784228181884365e-09  2.85534649606508961e-09  4.44784228279737846e-09  2.85534649599191391e-09  4.44784228295553540e-09 -8.20944041055985952e-09  2.08210634291509519e-08 -8.20944041055985952e-09  2.08210634291509519e-08 -8.20944041055985952e-09  2.08210634291509519e-08 -8.20944041055980658e-09  2.08210634291509783e-08  5.80444415133434956e-08  5.98474751985126489e-08  9.55085443392891148e-07 -5.56276216509759556e-07  2.30630478593114863e-01  3.23640127087085616e-01  4.50460880976805131e-05 -2.89147347540494032e-05  4.50460881100391575e-05 -2.89147347434082943e-05  4.50460881119995238e-05 -2.89147347421088983e-05  1.91338005398913294e-04  7.54985765923601895e-05  1.91338005398913294e-04  7.54985765923601895e-05  1.91338005398913294e-04  7.54985765923601895e-05  1.91338005398913240e-04  7.54985765923601895e-05 
 2.74859832533202507e+06 -6.25046466457775236e-12  6.43116287833502166e-12  5.30334518611614233e-11  5.89553428166238317e-11 -3.34081434810419239e-05  2.42019871098480175e-05  2.86903175255179936e-09  4.19393134069926208e-09  2.86903175202972266e-09  4.19393134147053852e-09  2.86903175189614292e-09  4.19393134179513742e-09 -7.60169301022510604e-09  2.05950556062307260e-08 -7.60169301022505310e-09  2.05950556062307260e-08 -7.60169301022510604e-09  2.05950556062307260e-08 -7.60169301022510604e-09  2.05950556062307260e-08  5.67615901988254307e-08  5.63486478687522489e-08  8.72037141231355532e-07 -5.66309997315446540e-07  2.38129343350838990e-01  3.28744326061995162e-01  4.12692328634805809e-05 -2.82290030617231233e-05  4.12692328730289936e-05 -2.82290030536929630e-05  4.12692328769600193e-05 -2.82290030513014840e-05  1.83891664870033071e-04  6.79271227958389424e-05  1.83891664870033017e-04  6.79271227958388882e-05  1.83891664870033071e-04  6.79271227958389424e-05  1.83891664870033125e-04  6.79271227958389424e-05 
 2.82887922488986654e+06 -6.04388846445832862e-12  6.46519428490467710e-12  5.42617483864664235e-11  5.41937126683120647e-11 -3.49091738309883346e-05  2.57187098156034539e-05  2.87331232365705510e-09  3.94674148949049581e-09  2.87331232315832475e-09  3.94674149033785963e-09  2.87331232310602047e-09  3.94674149048250374e-09 -7.00080414212244195e-09  2.03481514217961859e-08 -7.00080414212233607e-09  2.03481514217962388e-08 -7.00080414212244195e-09  2.03481514217961859e-08 -7.00080414212249489e-09  2.03481514217962256e-08  5.54525028317735962e-08  5.29826761405169704e-08  7.92136989604314737e-07 -5.71673221970399187e-07  2.45872067071937789e-01  3.33766085003010859e-01  3.77347205093663844e-05 -2.74689791169044855e-05  3.77347205195801584e-05 -2.74689791092078325e-05  3.77347205212921543e-05 -2.74689791082557234e-05  1.76532464706126197e-04  6.07841373275988701e-05  1.76532464706126197e-04  6.07841373275988159e-05  1.76532464706126197e-04  6.07841373275988701e-05  1.76532464706126115e-04  6.07841373275987617e-05 
 2.91150496427912917e+06 -5.83558626789601300e-12  6.49286021972793285e-12  5.51618342940708622e-11  4.94257776448888976e-11 -3.64590902910076666e-05  2.73296250280818884e-05  2.86867419689040585e-09  3.70659508629567165e-09  2.86867419643798438e-09  3.70659508716348337e-09  2.86867419640083404e-09  3.70659508728208122e-09 -6.40836959606648378e-09  2.00805094108537664e-08 -6.40836959606643084e-09  2.00805094108538061e-08 -6.40836959606648378e-09  2.00805094108537664e-08 -6.40836959606648378e-09  2.00805094108537929e-08  5.41194326106298254e-08  4.97478192333940408e-08  7.15597684857816039e-07 -5.72646531868460921e-07  2.53858534388529788e-01  3.38692189715537773e-01  3.44330094157307282e-05 -2.66464988030184939e-05  3.44330094259330435e-05 -2.66464987960251493e-05  3.44330094273055621e-05 -2.66464987953307856e-05  1.69267941921640122e-04  5.40631633012930954e-05  1.69267941921640068e-04  5.40631633012930954e-05  1.69267941921640122e-04  5.40631633012930954e-05  1.69267941921640122e-04  5.40631633012931496e-05 
 2.99654403144483222e+06 -5.62588468062559812e-12  6.51397066205588756e-12  5.57326470653229707e-11  4.46807085791475940e-11 -3.80576682809427959e-05  2.90395980495636722e-05  2.85561583024236097e-09  3.47378188198056866e-09  2.85561582987791181e-09  3.47378188271274923e-09  2.85561582982576634e-09  3.47378188290919470e-09 -5.82598347668428826e-09  1.97924364317051013e-08 -5.82598347668428826e-09  1.97924364317051277e-08 -5.82598347668434120e-09  1.97924364317051013e-08 -5.82598347668426179e-09  1.97924364317051145e-08  5.27647511932632721e-08  4.66423691379893138e-08  6.42611486314167537e-07 -5.69532330457104268e-07  2.62087757101089613e-01  3.43509110266245976e-01  3.13544917694742956e-05 -2.57725699362552777e-05  3.13544917778959918e-05 -2.57725699307372070e-05  3.13544917801176983e-05 -2.57725699297209640e-05  1.62106128550168607e-04  4.77570359156056644e-05  1.62106128550168553e-04  4.77570359156056644e-05  1.62106128550168580e-04  4.77570359156057186e-05  1.62106128550168607e-04  4.77570359156057728e-05 
 3.08406691472389875e+06 -5.41513286320709423e-12  6.52835921623440039e-12  5.59764882978394775e-11  3.99880485134633243e-11 -3.97045032793767489e-05  3.08536087920003772e-05  2.83464608574025981e-09  3.24855846059341148e-09  2.83464608541289481e-09  3.24855846135763372e-09  2.83464608539834967e-09  3.24855846142415227e-09 -5.25522227715247685e-09  1.94843886693296657e-08 -5.25522227715247685e-09  1.94843886693296657e-08 -5.25522227715247685e-09  1.94843886693296657e-08 -5.25522227715250332e-09  1.94843886693297120e-08  5.13909431130422627e-08  4.36646261161558391e-08  5.73346808575536174e-07 -5.62652469773263665e-07  2.70557824126950397e-01  3.48203064450027189e-01  2.84895309264953723e-05 -2.48573949836154824e-05  2.84895309350676371e-05 -2.48573949785809795e-05  2.84895309358030819e-05 -2.48573949782791003e-05  1.55055429412122829e-04  4.18578333696597348e-05  1.55055429412122829e-04  4.18578333696597348e-05  1.55055429412122829e-04  4.18578333696597348e-05  1.55055429412122883e-04  4.18578333696596806e-05 
 3.17414616127248388e+06 -5.20370046115764621e-12  6.53588558016289121e-12  5.58991144571595065e-11  3.53772499022818267e-11 -4.13990021748239140e-05  3.27767401553597984e-05  2.80628210451782662e-09  3.03114779100812317e-09  2.80628210424484378e-09  3.03114779171480011e-09  2.80628210422471352e-09  3.03114779183146566e-09 -4.69762865097693507e-09  1.91569707159868069e-08 -4.69762865097693507e-09  1.91569707159868069e-08 -4.69762865097698801e-09  1.91569707159868201e-08 -4.69762865097696154e-09  1.91569707159868069e-08  5.00005980807264715e-08  4.08128755814777019e-08  5.07945150676943571e-07 -5.52345388946737928e-07  2.79265856196078965e-01  3.52760088371154301e-01  2.58284965556844734e-05 -2.39103947983854540e-05  2.58284965634296410e-05 -2.39103947941791256e-05  2.58284965646906528e-05 -2.39103947937190478e-05  1.48124496274123379e-04  3.63568419321112297e-05  1.48124496274123379e-04  3.63568419321112297e-05  1.48124496274123433e-04  3.63568419321111754e-05  1.48124496274123433e-04  3.63568419321111687e-05 
 3.26685643719984870e+06 -4.99197524290001960e-12  6.53643784807375599e-12  5.55097551828270697e-11  3.08771907484047463e-11 -4.31403757834210603e-05  3.48141651665545757e-05  2.77104712746668337e-09  2.82173890359664239e-09  2.77104712727369221e-09  2.82173890399466847e-09  2.77104712723948664e-09  2.82173890426447493e-09 -4.15469514017906102e-09  1.88109326639067537e-08 -4.15469514017906102e-09  1.88109326639067537e-08 -4.15469514017906102e-09  1.88109326639067405e-08 -4.15469514017903455e-09  1.88109326639067537e-08  4.85964012868164461e-08  3.80853665177840979e-08  4.46518457931824087e-07 -5.38962755000368610e-07  2.88207966221607659e-01  3.57166114121563572e-01  2.33617976809978867e-05 -2.29402332341657595e-05  2.33617976852952067e-05 -2.29402332315307484e-05  2.33617976881485456e-05 -2.29402332306166508e-05  1.41322100118344265e-04  3.12445356976846718e-05  1.41322100118344265e-04  3.12445356976846718e-05  1.41322100118344265e-04  3.12445356976846718e-05  1.41322100118344184e-04  3.12445356976846447e-05 
 3.36227458945861785e+06 -4.78036045497346372e-12  6.52993460626743447e-12  5.48210540239437175e-11  2.65156823122697490e-11 -4.49276327195283602e-05  3.69711329842121929e-05  2.72946826571982178e-09  2.62048670007806031e-09  2.72946826553754426e-09  2.62048670066468356e-09  2.72946826552777030e-09  2.62048670078488283e-09 -3.62784813855986204e-09  1.84471651722465083e-08 -3.62784813855986204e-09  1.84471651722465083e-08 -3.62784813855980910e-09  1.84471651722465083e-08 -3.62784813855980910e-09  1.84471651722465083e-08  4.71811218063556719e-08  3.54802915803547493e-08  3.89147004686911161e-07 -5.22865674973632292e-07  2.97379226509311034e-01  3.61407053941676049e-01  2.10799136663940573e-05 -2.19548425249840108e-05  2.10799136725360592e-05 -2.19548425221356864e-05  2.10799136737799237e-05 -2.19548425217912489e-05  1.34657003256431496e-04  2.65105713688925256e-05  1.34657003256431496e-04  2.65105713688925256e-05  1.34657003256431415e-04  2.65105713688925798e-05  1.34657003256431442e-04  2.65105713688924985e-05 
 3.46047970954272617e+06 -4.56927190986642926e-12  6.51632678336184978e-12  5.38489289412594319e-11  2.23189823395570088e-11 -4.67595748218445193e-05  3.92529539007033839e-05  2.68207422783627961e-09  2.42751191306461820e-09  2.68207422769035172e-09  2.42751191358403468e-09  2.68207422768352252e-09  2.42751191377379653e-09 -3.11843237556307372e-09  1.80666925206970004e-08 -3.11843237556307372e-09  1.80666925206969673e-08 -3.11843237556307372e-09  1.80666925206970070e-08 -3.11843237556304725e-09  1.80666925206969740e-08  4.57575992534709828e-08  3.29957690273978190e-08  3.35877874649485784e-07 -5.04420566664431757e-07  3.06773643824295783e-01  3.65468890331226537e-01  1.89734232700754116e-05 -2.09614493232677251e-05  1.89734232753927151e-05 -2.09614493209747019e-05  1.89734232773146498e-05 -2.09614493205244260e-05  1.28137833162858728e-04  2.21437981225389055e-05  1.28137833162858783e-04  2.21437981225388784e-05  1.28137833162858728e-04  2.21437981225389055e-05  1.28137833162858728e-04  2.21437981225389597e-05 
 3.56155319904584903e+06 -4.35913483020708801e-12  6.49559921547141437e-12  5.26123526896806674e-11  1.83113285619294102e-11 -4.86347943297203489e-05  4.16649835074512268e-05  2.62939301468201197e-09  2.24290122379781805e-09  2.62939301456568390e-09  2.24290122422759462e-09  2.62939301456722577e-09  2.24290122439191901e-09 -2.62769620760772026e-09  1.76706637075165772e-08 -2.62769620760772026e-09  1.76706637075165772e-08 -2.62769620760772026e-09  1.76706637075165706e-08 -2.62769620760766732e-09  1.76706637075165904e-08  4.43287288395603949e-08  3.06298266428885186e-08  2.86724099865574931e-07 -4.83994790981117303e-07  3.16384143295342868e-01  3.69337771423758732e-01  1.70330318002698634e-05 -1.99666013374094071e-05  1.70330318045753657e-05 -1.99666013356247866e-05  1.70330318062043524e-05 -1.99666013353114183e-05  1.21772959936122669e-04  1.81322823424038193e-05  1.21772959936122669e-04  1.81322823424038193e-05  1.21772959936122655e-04  1.81322823424038193e-05  1.21772959936122655e-04  1.81322823424038735e-05 
 3.66557883713466255e+06 -4.15038047597365035e-12  6.46777188951195194e-12  5.11330562234524465e-11  1.45145073760771784e-11 -5.05516729732284788e-05  4.42126062266270470e-05  2.57194959385781200e-09  2.06670755114079108e-09  2.57194959377297636e-09  2.06670755167027932e-09  2.57194959377415757e-09  2.06670755169157426e-09 -2.15677799946888331e-09  1.72603416922721893e-08 -2.15677799946888331e-09  1.72603416922721893e-08 -2.15677799946885684e-09  1.72603416922721761e-08 -2.15677799946885684e-09  1.72603416922722025e-08  4.28974450202519256e-08  2.83803877799219984e-08  2.41664499677596311e-07 -4.61952161750938205e-07  3.26202562130075868e-01  3.73000110616522662e-01  1.52495964511545196e-05 -1.89761944965352402e-05  1.52495964563277072e-05 -1.89761944948800192e-05  1.52495964565346137e-05 -1.89761944948487298e-05  1.15570379257333945e-04  1.44633467274070585e-05  1.15570379257333945e-04  1.44633467274070585e-05  1.15570379257333918e-04  1.44633467274071669e-05  1.15570379257334000e-04  1.44633467274070585e-05 
 3.77264284999285592e+06 -3.94344258999080913e-12  6.43290082893244961e-12  4.94351613663402481e-11  1.09474721190462662e-11 -5.25083831178975541e-05  4.69012184432373658e-05  2.51026356883715028e-09  1.89895052165295645e-09  2.51026356876468264e-09  1.89895052200524275e-09  2.51026356877855942e-09  1.89895052214215768e-09 -1.70669386403091467e-09  1.68370909301272361e-08 -1.70669386403091467e-09  1.68370909301272361e-08 -1.70669386403091467e-09  1.68370909301272295e-08 -1.70669386403091467e-09  1.68370909301272295e-08  4.14667039275015583e-08  2.62452596602385425e-08  2.00644238696059512e-07 -4.38648457347118378e-07  3.36219653991500278e-01  3.76442689297226185e-01  1.36141498623016950e-05 -1.79955005927870270e-05  1.36141498656732385e-05 -1.79955005916166951e-05  1.36141498669760107e-05 -1.79955005914730722e-05  1.09537602664272997e-04  1.11236229972211586e-05  1.09537602664272997e-04  1.11236229972211586e-05  1.09537602664273011e-04  1.11236229972211857e-05  1.09537602664272997e-04  1.11236229972211586e-05 
 3.88283398229346192e+06 -3.73875370272395030e-12  6.39107859195389045e-12  4.75447520287145294e-11  7.62602412555359892e-12 -5.45028910920561962e-05  4.97362114988389225e-05  2.44484686099804590e-09  1.73961712788929075e-09  2.44484686097007396e-09  1.73961712839367240e-09  2.44484686096664281e-09  1.73961712837057752e-09 -1.27832700417162563e-09  1.64023633912440288e-08 -1.27832700417162563e-09  1.64023633912440288e-08 -1.27832700417162563e-09  1.64023633912440288e-08 -1.27832700417154622e-09  1.64023633912440420e-08  4.00394648196049759e-08  2.42221240467482016e-08  1.63576098189009228e-07 -4.14427062421118810e-07  3.46425104695993802e-01  3.79652761507146386e-01  1.21179219234497038e-05 -1.70291953634302188e-05  1.21179219281643383e-05 -1.70291953623708889e-05  1.21179219279487312e-05 -1.70291953623859085e-05  1.03681556870465470e-04  8.09911712512618362e-06  1.03681556870465470e-04  8.09911712512618362e-06  1.03681556870465470e-04  8.09911712512618362e-06  1.03681556870465443e-04  8.09911712512623783e-06 
 3.99624357075874647e+06 -3.53674134144567545e-12  6.34243435663029745e-12  4.54893960026361436e-11  4.56256781328034996e-12 -5.65329627724412253e-05  5.27229548368812547e-05  2.37620142412632291e-09  1.58866258212323417e-09  2.37620142409366251e-09  1.58866258245490051e-09  2.37620142411710150e-09  1.58866258257472258e-09 -8.72418872530985219e-10  1.59576832946515325e-08 -8.72418872530985219e-10  1.59576832946515325e-08 -8.72418872530985219e-10  1.59576832946515259e-08 -8.72418872530932279e-10  1.59576832946515061e-08  3.86186707973846444e-08  2.23085303749595296e-08  1.30342429697902326e-07 -3.89614866271889981e-07  3.56807559790827233e-01  3.82618159071667852e-01  1.07523598559989402e-05 -1.60813869671485414e-05  1.07523598590333307e-05 -1.60813869663905383e-05  1.07523598601299571e-05 -1.60813869663581918e-05  9.80084936723700062e-05  5.37528578417649129e-06  9.80084936723700062e-05  5.37528578417649129e-06  9.80084936723700333e-05  5.37528578417651840e-06  9.80084936723699926e-05  5.37528578417649129e-06 
 4.11296561986863147e+06 -3.33782419638658025e-12  6.28713357144195260e-12  4.32976316743175232e-11  1.76594849293512017e-12 -5.85961714615268879e-05  5.58667796087661513e-05  2.30481701268996243e-09  1.44601136718970780e-09  2.30481701265864537e-09  1.44601136744148172e-09  2.30481701269585195e-09  1.44601136759397412e-09 -4.89562327937010261e-10  1.55046308206303182e-08 -4.89562327937010261e-10  1.55046308206303182e-08 -4.89562327937010261e-10  1.55046308206303116e-08 -4.89562327937036731e-10  1.55046308206302984e-08  3.72072290435098793e-08  2.05018914205466658e-08  1.00797734816936452e-07 -3.64518536964758954e-07  3.67354664362829153e-01  3.85327395609934675e-01  9.50914656311461432e-06 -1.51556448130967109e-05  9.50914656536646666e-06 -1.51556448125085447e-05  9.50914656673642387e-06 -1.51556448125230798e-05  9.25239117879724573e-05  2.93712246175247470e-06  9.25239117879724573e-05  2.93712246175247470e-06  9.25239117879724844e-05  2.93712246175247470e-06  9.25239117879725115e-05  2.93712246175250181e-06 
 4.23309687978040613e+06 -3.14240829817306738e-12  6.22537716104365953e-12  4.09984357149583908e-11 -7.58621519917503054e-13 -6.06899080726502649e-05  5.91729630628664698e-05  2.23116902791621363e-09  1.31155848598534224e-09  2.23116902791016197e-09  1.31155848626553148e-09  2.23116902792883309e-09  1.31155848632903248e-09 -1.30196920397976192e-10  1.50448250976447047e-08 -1.30196920397949723e-10  1.50448250976447047e-08 -1.30196920397976192e-10  1.50448250976447047e-08 -1.30196920397949723e-10  1.50448250976447245e-08  3.58079908822618968e-08  1.87994815348374474e-08  7.47717916573840031e-08 -3.39421277623492725e-07  3.78053115144019403e-01  3.87769767990889636e-01  8.38021725801137688e-06 -1.42550287007408873e-05  8.38021726046557015e-06 -1.42550287003046280e-05  8.38021726102606879e-06 -1.42550287003330494e-05  8.72324917528672348e-05  7.69251479897840790e-07  8.72324917528672077e-05  7.69251479897867895e-07  8.72324917528672348e-05  7.69251479897840790e-07  8.72324917528672077e-05  7.69251479897813685e-07 
 4.35673692652430851e+06 -2.95088326567192979e-12  6.15740028005130337e-12  3.86206887509764641e-11 -3.00954635376012976e-12 -6.28113935460036387e-05  6.26467140480891938e-05  2.15571646448028237e-09  1.18517090486129107e-09  2.15571646449893694e-09  1.18517090515949960e-09  2.15571646452167283e-09  1.18517090522546229e-09  2.05393605661714383e-10  1.45799067724063026e-08  2.05393605661714383e-10  1.45799067724063026e-08  2.05393605661714383e-10  1.45799067724063026e-08  2.05393605661754088e-10  1.45799067724062960e-08  3.44237319389143777e-08  1.71984374573000087e-08  5.20732286446124536e-08 -3.14580153107105597e-07  3.88888724850289913e-01  3.89935453358781825e-01  7.35777434383539205e-06 -1.33821182123592095e-05  7.35777434639653762e-06 -1.33821182120780233e-05  7.35777434696851356e-06 -1.33821182121299736e-05  8.21380446783924473e-05 -1.14397195713203211e-06  8.21380446783924473e-05 -1.14397195713203211e-06  8.21380446783924473e-05 -1.14397195713203211e-06  8.21380446783924337e-05 -1.14397195713201834e-06 
 4.48398824454146065e+06 -2.76361868501815356e-12  6.08347061931230215e-12  3.61926561744854218e-11 -4.98874109517062053e-12 -6.49576933984619885e-05  6.62931599593462214e-05  2.07889998253427278e-09  1.06668918476449687e-09  2.07889998255163365e-09  1.06668918501022907e-09  2.07889998258072559e-09  1.06668918508336507e-09  5.17081555370869774e-10  1.41115204883125619e-08  5.17081555370856539e-10  1.41115204883125619e-08  5.17081555370869774e-10  1.41115204883125619e-08  5.17081555370883009e-10  1.41115204883125685e-08  3.30571327035498659e-08  1.56957616758473341e-08  3.24934306286731110e-08 -2.90224053343997602e-07  3.99846498346688561e-01  3.91815600120481278e-01  6.43430053388938003e-06 -1.25390422983469926e-05  6.43430053595469877e-06 -1.25390422981467235e-05  6.43430053657835134e-06 -1.25390422982285232e-05  7.72434754122321702e-05 -2.81835769547751350e-06  7.72434754122321702e-05 -2.81835769547749994e-06  7.72434754122321702e-05 -2.81835769547751350e-06  7.72434754122321837e-05 -2.81835769547752705e-06 
 4.61495631163256243e+06 -2.58096067979071863e-12  6.00388627920369840e-12  3.37415005430187054e-11 -6.70144247384513549e-12 -6.71257342689558643e-05  7.01173354450559347e-05  2.00114012906388419e-09  9.55929288186574805e-10  2.00114012908154036e-09  9.55929288395222842e-10  2.00114012912227073e-09  9.55929288485180388e-10  8.04893293716041562e-10  1.36412975997023656e-08  8.04893293716041562e-10  1.36412975997023656e-08  8.04893293716068032e-10  1.36412975997023656e-08  8.04893293716068032e-10  1.36412975997023590e-08  3.17107598093372393e-08  1.42883282598154359e-08  1.58106519479168838e-08 -2.66552334475472056e-07  4.10910719975814576e-01  3.93402411385315509e-01  5.60257018001335959e-06 -1.17275089843557762e-05  5.60257018172937719e-06 -1.17275089842182909e-05  5.60257018248476880e-06 -1.17275089843480140e-05  7.25507603274796212e-05 -4.26977460607006039e-06  7.25507603274796212e-05 -4.26977460607006039e-06  7.25507603274795805e-05 -4.26977460607001974e-06  7.25507603274795670e-05 -4.26977460607002058e-06 
 4.74974968638776429e+06 -2.40322873317179615e-12  5.91897323007623537e-12  3.12928404716684800e-11 -8.15594413459134301e-12 -6.93123222243183842e-05  7.41241731759431058e-05  1.92283573072190384e-09  8.52684548214916733e-10  1.92283573075050113e-09  8.52684548415107676e-10  1.92283573078237902e-09  8.52684548477589591e-10  1.06900508786718723e-09  1.31708394364084351e-08  1.06900508786718723e-09  1.31708394364084351e-08  1.06900508786718723e-09  1.31708394364084285e-08  1.06900508786721370e-09  1.31708394364084219e-08  3.03870483079871037e-08  1.29728910611424626e-08  1.79420693021824967e-09 -2.43734152102318562e-07  4.22065051200343044e-01  3.94689219050836260e-01  4.85565879390659447e-06 -1.09488351100996295e-05  4.85565879552212178e-06 -1.09488351100466035e-05  4.85565879603920659e-06 -1.09488351101565840e-05  6.80609396181436360e-05 -5.51404462550202250e-06  6.80609396181436360e-05 -5.51404462550202250e-06  6.80609396181436224e-05 -5.51404462550202250e-06  6.80609396181436360e-05 -5.51404462550202250e-06 
 4.88848009817018546e+06 -2.23071281819419895e-12  5.82908239369345728e-12  2.88703686760121136e-11 -9.36326780474707795e-12 -7.15141625949254861e-05  7.83184969487872741e-05  1.84436247946313240e-09  7.56727780299519791e-10  1.84436247949827310e-09  7.56727780484824792e-10  1.84436247951535396e-09  7.56727780514758804e-10  1.30973690361786995e-09  1.27017014229128179e-08  1.30973690361786995e-09  1.27017014229128179e-08  1.30973690361786995e-09  1.27017014229128179e-08  1.30973690361786995e-09  1.27017014229127914e-08  2.90882852380481910e-08  1.17460941278719285e-08 -9.79138997533739997e-09 -2.21908474351598509e-07  4.33292637375638390e-01  3.95670547276602336e-01  4.18695073284216960e-06 -1.02039760053654678e-05  4.18695073430950172e-06 -1.02039760053741600e-05  4.18695073455397491e-06 -1.02039760054362899e-05  6.37741237054972784e-05 -6.56683886480977865e-06  6.37741237054972784e-05 -6.56683886480977865e-06  6.37741237054972784e-05 -6.56683886480977865e-06  6.37741237054972919e-05 -6.56683886480976510e-06 
 5.03126253972766548e+06 -2.06367088910246406e-12  5.73458638584743292e-12  2.64955389673798763e-11 -1.03367838891130459e-11 -7.37278810348525570e-05  8.27050173625557038e-05  1.76607172935942879e-09  6.67813515374863816e-10  1.76607172939505380e-09  6.67813515537990450e-10  1.76607172942550811e-09  6.67813515586056261e-10  1.52754432028717777e-09  1.22353783271884389e-08  1.52754432028717777e-09  1.22353783271884389e-08  1.52754432028720424e-09  1.22353783271884323e-08  1.52754432028720424e-09  1.22353783271884257e-08  2.78165947470283099e-08  1.06044841419254581e-08 -1.91824543492952299e-08 -2.01184737095692234e-07  4.44576222296997892e-01  3.96342163995975938e-01  3.59014503972487359e-06 -9.49355499173644849e-06  3.59014504099104682e-06 -9.49355499177686891e-06  3.59014504137877488e-06 -9.49355499189168422e-06  5.96895130432382136e-05 -7.44357765359919229e-06  5.96895130432382136e-05 -7.44357765359919229e-06  5.96895130432382068e-05 -7.44357765359920584e-06  5.96895130432382136e-05 -7.44357765359919229e-06 
 5.17821536250951607e+06 -1.90232678018053301e-12  5.63587596931493720e-12  2.41873287580685461e-11 -1.10917965135318287e-11 -7.59500454666125064e-05  8.72883302601680988e-05  1.68828951991943602e-09  5.85680329449689570e-10  1.68828951996148554e-09  5.85680329602701440e-10  1.68828951998792409e-09  5.85680329640430802e-10  1.72300876945952342e-09  1.17732908822147721e-08  1.72300876945952342e-09  1.17732908822147721e-08  1.72300876945954989e-09  1.17732908822147854e-08  1.72300876945953666e-09  1.17732908822147804e-08  2.65739250065846781e-08  9.54452465249794842e-09 -2.66124390811233344e-08 -1.81644081299172525e-07  4.55898268952609709e-01  3.96701119352867893e-01  3.05925943257854075e-06 -8.81789258847593394e-06  3.05925943374636964e-06 -8.81789258856417275e-06  3.05925943404741531e-06 -8.81789258866618263e-06  5.58054303474631621e-05 -8.15933623099965588e-06  5.58054303474631621e-05 -8.15933623099965588e-06  5.58054303474631554e-05 -8.15933623099966944e-06  5.58054303474631621e-05 -8.15933623099964233e-06 
 5.32946037476727553e+06 -1.74686855020804620e-12  5.53335627498849261e-12  2.19620802008538796e-11 -1.16451087088970015e-11 -7.81771885655101510e-05  9.20729180852624041e-05  1.61131583791746760e-09  5.10053241894067279e-10  1.61131583794937858e-09  5.10053242016744782e-10  1.61131583797704880e-09  5.10053242052604716e-10  1.89682633948208132e-09  1.13167739858156959e-08  1.89682633948208132e-09  1.13167739858156959e-08  1.89682633948208132e-09  1.13167739858156959e-08  1.89682633948208132e-09  1.13167739858156893e-08  2.53620371340671218e-08  8.56261184031472733e-09 -3.23086082213104879e-08 -1.63341094159879166e-07  4.67241084737683499e-01  3.96745770369914930e-01  2.58863244876846349e-06 -8.17703529350882776e-06  2.58863244968221087e-06 -8.17703529357548926e-06  2.58863244996556669e-06 -8.17703529368383493e-06  5.21193640543941817e-05 -8.72875760795252183e-06  5.21193640543941817e-05 -8.72875760795252183e-06  5.21193640543941817e-05 -8.72875760795252183e-06  5.21193640543941817e-05 -8.72875760795252183e-06 
 5.48512294252078794e+06 -1.59744730309102802e-12  5.42744285246092349e-12  1.98334196734639853e-11 -1.20145832558816921e-11 -8.04058303749928061e-05  9.70631542423172443e-05  1.53542412509219562e-09  4.40646153624724610e-10  1.53542412510433160e-09  4.40646153710513166e-10  1.53542412514685530e-09  4.40646153760630385e-10  2.04979540879663514e-09  1.08670666369388160e-08  2.04979540879664837e-09  1.08670666369388094e-08  2.04979540879663514e-09  1.08670666369388160e-08  2.04979540879664837e-09  1.08670666369388028e-08  2.41824962826553581e-08  7.65509152584550054e-09 -3.64891462399048408e-08 -1.46305962197057802e-07  4.78586949293815123e-01  3.96475791114329679e-01  2.17292377011528544e-06 -7.57078380002464284e-06  2.17292377072965834e-06 -7.57078380002675110e-06  2.17292377112274262e-06 -7.57078380019454155e-06  4.86280216010550470e-05 -9.16597386813244595e-06  4.86280216010550538e-05 -9.16597386813244595e-06  4.86280216010550470e-05 -9.16597386813244595e-06  4.86280216010550334e-05 -9.16597386813243240e-06 
 5.64533209347329382e+06 -1.45417650394139543e-12  5.31855761790418232e-12  1.78122521465229566e-11 -1.22187137962574923e-11 -8.26325006666371137e-05  1.02263310497407848e-04  1.46086103529129043e-09  3.77164294743629610e-10  1.46086103532278699e-09  3.77164294840545399e-10  1.46086103534397232e-09  3.77164294863306101e-10  2.18280339234531755e-09  1.04253037221260953e-08  2.18280339234531755e-09  1.04253037221260953e-08  2.18280339234533079e-09  1.04253037221260953e-08  2.18280339234533079e-09  1.04253037221260953e-08  2.30366650301337220e-08  6.81827710615664084e-09 -3.93607493525987661e-08 -1.30546936379785900e-07  4.89918243037050782e-01  3.95892168170165426e-01  1.80711276868081752e-06 -6.99872050888540594e-06  1.80711276937576020e-06 -6.99872050897422074e-06  1.80711276955327014e-06 -6.99872050905807446e-06  4.53273909944349303e-05 -9.48453693620385345e-06  4.53273909944349303e-05 -9.48453693620385345e-06  4.53273909944349167e-05 -9.48453693620386023e-06  4.53273909944349100e-05 -9.48453693620386023e-06 
 5.81022062396166194e+06 -1.31713179958615796e-12  5.20712476911545253e-12  1.59068242031365318e-11 -1.22762192254594628e-11 -8.48537606502794124e-05  1.07677567400487549e-04  1.38784643989444739e-09  3.19306650851635767e-10  1.38784643990830846e-09  3.19306650921079233e-10  1.38784643994711398e-09  3.19306650959103072e-10  2.29681289303395363e-09  9.99250971642488181e-09  2.29681289303395363e-09  9.99250971642488181e-09  2.29681289303395363e-09  9.99250971642488181e-09  2.29681289303396025e-09  9.99250971642488181e-09  2.19256991461297078e-08  6.04846809250293466e-09 -4.11167229858517287e-08 -1.16053006650056927e-07  5.01217574429719703e-01  3.94997181473176195e-01  1.48649533163944188e-06 -6.46023619527502197e-06  1.48649533211622021e-06 -6.46023619530197117e-06  1.48649533241168965e-06 -6.46023619545535189e-06  4.22128090349869684e-05 -9.69735956495088677e-06  4.22128090349869684e-05 -9.69735956495088677e-06  4.22128090349869684e-05 -9.69735956495088677e-06  4.22128090349869616e-05 -9.69735956495088677e-06 
 5.97992520903042424e+06 -1.18635134202711633e-12  5.09356673684469182e-12  1.41228472498572364e-11 -1.22056722752171488e-11 -8.70662236164221689e-05  1.13310027642692969e-04  1.31657367525536003e-09  2.66768337935454745e-10  1.31657367529079252e-09  2.66768338016766599e-10  1.31657367530904674e-09  2.66768338033088527e-10  2.39284754658267257e-09  9.56959431298516104e-09  2.39284754658267257e-09  9.56959431298516766e-09  2.39284754658265933e-09  9.56959431298515442e-09  2.39284754658266595e-09  9.56959431298516104e-09  2.08505457622741518e-08  5.34196891638614267e-09 -4.19355878693381469e-08 -1.02796685535257483e-07  5.12467904074278446e-01  3.93794370659638848e-01  1.20667904343489543e-06 -5.95455568865292424e-06  1.20667904400128244e-06 -5.95455568877091593e-06  1.20667904412795219e-06 -5.95455568884275957e-06  3.92790345080751502e-05 -9.81666700099725605e-06  3.92790345080751570e-05 -9.81666700099725605e-06  3.92790345080751705e-05 -9.81666700099723572e-06  3.92790345080751773e-05 -9.81666700099721539e-06 
 6.15458651572083868e+06 -1.06183660083208019e-12  4.97830024263573505e-12  1.24636708604219806e-11 -1.20251707620836630e-11 -8.92665741596234189e-05  1.19164732223421029e-04  1.24721002254874795e-09  2.19242896841943384e-10  1.24721002257766743e-09  2.19242896909742416e-10  1.24721002260370542e-09  2.19242896930971179e-10  2.47197784451293144e-09  9.15734995213657155e-09  2.47197784451293144e-09  9.15734995213657155e-09  2.47197784451293806e-09  9.15734995213656493e-09  2.47197784451293806e-09  9.15734995213657155e-09  1.98119439307670252e-08  4.69510766713419812e-09 -4.19801778774283238e-08 -9.07368073828216642e-08  5.23652663783812811e-01  3.92288487706942413e-01  9.63576822634409429e-07 -5.48076243661166092e-06  9.63576823095039287e-07 -5.48076243670834126e-06  9.63576823260094033e-07 -5.48076243681014361e-06  3.65203246732483247e-05 -9.85395953870451329e-06  3.65203246732483247e-05 -9.85395953870451329e-06  3.65203246732483179e-05 -9.85395953870450651e-06  3.65203246732483382e-05 -9.85395953870450143e-06 
 6.33434931966890022e+06 -9.43553641838680688e-13  4.86173252739808946e-12  1.09304952511098159e-11 -1.17520573566935778e-11 -9.14515856029147545e-05  1.25245679233893019e-04  1.17989740514187197e-09  1.76424480409620871e-10  1.17989740518614123e-09  1.76424480482002484e-10  1.17989740519770335e-09  1.76424480490588618e-10  2.53530719793003133e-09  8.75645117500479625e-09  2.53530719793003133e-09  8.75645117500479625e-09  2.53530719793003133e-09  8.75645117500478964e-09  2.53530719793003133e-09  8.75645117500480949e-09  1.88104274957028430e-08  4.10425444261932376e-09 -4.13971962325718543e-08 -7.98212600986846727e-08  5.34755868903328491e-01  3.90485436554976140e-01  7.53399127608775357e-07 -5.03782182825611847e-06  7.53399128106108317e-07 -5.03782182841541572e-06  7.53399128173193432e-07 -5.03782182846023647e-06  3.39305134173987464e-05 -9.81998588722029310e-06  3.39305134173987464e-05 -9.81998588722029310e-06  3.39305134173987464e-05 -9.81998588722028632e-06  3.39305134173987328e-05 -9.81998588722029987e-06 
 6.51936262510893401e+06 -8.31434837720592457e-13  4.74425781190655422e-12  9.52261158646696982e-12 -1.14026911379449315e-11 -9.36181353145987158e-05  1.31556845031978757e-04  1.11475328577714276e-09  1.38009908946936870e-10  1.11475328581669771e-09  1.38009909009008504e-10  1.11475328583300392e-09  1.38009909020014969e-10  2.58395848564889301e-09  8.36745569087039543e-09  2.58395848564889301e-09  8.36745569087039543e-09  2.58395848564890624e-09  8.36745569087040204e-09  2.58395848564888639e-09  8.36745569087040535e-09  1.78463301643529782e-08  3.56583900455869229e-09 -4.03171838754127912e-08 -6.99895792371254987e-08  5.45762222323282642e-01  3.88392200899128570e-01  5.72644862111461098e-07 -4.62460316997130592e-06  5.72644862530722184e-07 -4.62460317011398947e-06  5.72644862617478898e-07 -4.62460317017655048e-06  3.15030895370198405e-05 -9.72472705397915063e-06  3.15030895370198270e-05 -9.72472705397913708e-06  3.15030895370198337e-05 -9.72472705397915063e-06  3.15030895370198337e-05 -9.72472705397914385e-06 
 6.70977978838225175e+06 -7.25380969411329121e-13  4.62625404196083228e-12  8.23765909969340169e-12 -1.09922717433324462e-11 -9.57632176145596165e-05  1.38102207531093683e-04  1.05187174212589936e-09  1.03700573071463703e-10  1.05187174215215325e-09  1.03700573119241655e-10  1.05187174217113539e-09  1.03700573130855271e-10  2.61906129840149647e-09  7.99080701392392289e-09  2.61906129840149647e-09  7.99080701392392289e-09  2.61906129840148986e-09  7.99080701392392950e-09  2.61906129840148986e-09  7.99080701392391627e-09  1.69197926159664970e-08  3.07636746402852143e-09 -3.88548446963689828e-08 -6.11753487479708512e-08  5.56657208812026405e-01  3.86016761345387815e-01  4.18091125302179121e-07 -4.23990022014410763e-06  4.18091125611984757e-07 -4.23990022023709914e-06  4.18091125704722424e-07 -4.23990022030909525e-06  2.92312737337091363e-05 -9.57739022261774990e-06  2.92312737337091363e-05 -9.57739022261775668e-06  2.92312737337091329e-05 -9.57739022261774651e-06  2.92312737337091329e-05 -9.57739022261773974e-06 
 6.90575864505323488e+06 -6.25263668210128942e-13  4.50807996446248307e-12  7.07188878410972329e-12 -1.05347147688455646e-11 -9.78839540441917629e-05  1.44885771310287239e-04  9.91324697299276904e-10  7.32041664198724369e-11  9.91324697324073297e-10  7.32041664620785004e-11  9.91324697342765925e-10  7.32041664724017145e-11  2.64174006149502998e-09  7.62683850078137883e-09  2.64174006149502998e-09  7.62683850078137883e-09  2.64174006149502337e-09  7.62683850078137883e-09  2.64174006149502998e-09  7.62683850078136891e-09  1.60307714554463562e-08  2.63243774732415278e-09 -3.71096671070113326e-08 -5.33083676587946692e-08  5.67427178537922461e-01  3.83368003499710230e-01  2.86781961420271911e-07 -3.88245021013117926e-06  2.86781961689752161e-07 -3.88245021021948160e-06  2.86781961773720284e-07 -3.88245021028949734e-06  2.71080930650346168e-05 -9.38641193615756986e-06  2.71080930650346168e-05 -9.38641193615756986e-06  2.71080930650346168e-05 -9.38641193615756986e-06  2.71080930650346134e-05 -9.38641193615756647e-06 
 7.10746164073822461e+06 -5.30928145159001178e-13  4.39007256971063352e-12  6.02042456900181624e-12 -1.00425752601595150e-11 -9.99776007740056525e-05  1.51911594205943580e-04  9.33163279627016241e-10  4.62362350217287079e-11  9.33163279654016243e-10  4.62362350607832134e-11  9.33163279667383896e-10  4.62362350674056214e-11  2.65310317898981474e-09  7.27577860004938500e-09  2.65310317898981474e-09  7.27577860004938500e-09  2.65310317898981474e-09  7.27577860004938169e-09  2.65310317898982136e-09  7.27577860004937508e-09  1.51790497816678636e-08  2.23075363848370355e-09 -3.51667796283837853e-08 -4.63165565507456476e-08  5.78059418861389007e-01  3.80455618409240637e-01  1.76016272983680948e-07 -3.55095129692011739e-06  1.76016273233125189e-07 -3.55095129701687354e-06  1.76016273288348217e-07 -3.55095129706623905e-06  2.51264517607881339e-05 -9.15946973589046387e-06  2.51264517607881339e-05 -9.15946973589046387e-06  2.51264517607881373e-05 -9.15946973589046048e-06  2.51264517607881441e-05 -9.15946973589045709e-06 
 7.31505596575564612e+06 -4.42196148369152104e-13  4.27254492735658738e-12  5.07751430223202884e-12 -9.52701475396475799e-12 -1.02041553016562686e-04  1.59183815053356591e-04  8.77419285316325938e-10  2.25215338302362854e-11  8.77419285347376230e-10  2.25215338671070340e-11  8.77419285352230126e-10  2.25215338692494318e-11  2.65423331032289813e-09  6.93775711502513792e-09  2.65423331032289813e-09  6.93775711502513792e-09  2.65423331032289813e-09  6.93775711502514123e-09  2.65423331032289813e-09  6.93775711502514454e-09  1.43642491247066992e-08  1.86813722798159409e-09 -3.30979795336747226e-08 -4.01275911514212799e-08  5.88542213764678857e-01  3.77289997137822575e-01  8.33350637813734562e-08 -3.24407841559751752e-06  8.33350640198764672e-08 -3.24407841570881892e-06  8.33350640383416002e-08 -3.24407841572648506e-06  2.32791975064855878e-05 -8.90350131437735050e-06  2.32791975064855878e-05 -8.90350131437735050e-06  2.32791975064855912e-05 -8.90350131437734372e-06  2.32791975064855878e-05 -8.90350131437733695e-06 
 7.52871369370899443e+06 -3.58869089473056328e-13  4.15578443192871242e-12  4.23676441716366846e-12 -8.99780635457234092e-12 -1.04073346319545583e-04  1.66706682216478323e-04  8.24106717058793720e-10  1.79518543965568714e-12  8.24106717086389706e-10  1.79518547134993949e-12  8.24106717089037924e-10  1.79518547238308808e-12  2.64617885070153612e-09  6.61281227464380314e-09  2.64617885070153612e-09  6.61281227464380314e-09  2.64617885070153612e-09  6.61281227464379984e-09  2.64617885070153612e-09  6.61281227464380314e-09  1.35858424853460118e-08  1.54153964919596300e-09 -3.09628773333322417e-08 -3.46702621824274343e-08  5.98864890507330716e-01  3.73882121055343353e-01  6.50818047266109833e-09 -2.96049752022214982e-06  6.50818067459234592e-09 -2.96049752032033830e-06  6.50818068388220045e-09 -2.96049752032983905e-06  2.15591824837916762e-05 -8.62473015673956173e-06  2.15591824837916762e-05 -8.62473015673956173e-06  2.15591824837916830e-05 -8.62473015673956173e-06  2.15591824837916762e-05 -8.62473015673956173e-06 
 7.74861192411753722e+06 -2.80731278654665786e-13  4.04005146512718376e-12  3.49135374107805153e-12 -8.46337177836007503e-12 -1.06070654686161829e-04  1.74484582558302981e-04  7.73223372168346714e-10 -1.61963602526916041e-11  7.73223372192026827e-10 -1.61963602256982192e-11  7.73223372198158717e-10 -1.61963602236037979e-11  2.62994665429897817e-09  6.30089840992288379e-09  2.62994665429897817e-09  6.30089840992288379e-09  2.62994665429898148e-09  6.30089840992287717e-09  2.62994665429897817e-09  6.30089840992287717e-09  1.28431682075952471e-08  1.24805002237811421e-09 -2.88101055670981650e-08 -2.98755704113737179e-08  6.09017853367772588e-01  3.70243449577043249e-01 -5.64792824305616135e-08 -2.69887822327548306e-06 -5.64792822620738100e-08 -2.69887822335900305e-06 -5.64792822422380983e-08 -2.69887822338066846e-06  1.99593186508487119e-05 -8.32869661707159746e-06  1.99593186508487119e-05 -8.32869661707159746e-06  1.99593186508487153e-05 -8.32869661707159746e-06  1.99593186508487119e-05 -8.32869661707160424e-06 
 7.97493292921297159e+06 -2.07553210977314878e-13  3.92557847183520440e-12  2.83422342733586189e-12 -7.93084410582156114e-12 -1.08031285483895146e-04  1.82522070489075174e-04  7.24752454619886191e-10 -3.16945627073281964e-11  7.24752454640551851e-10 -3.16945626841332248e-11  7.24752454653026355e-10 -3.16945626804630244e-11  2.60649600478832979e-09  6.00189403968826545e-09  2.60649600478832648e-09  6.00189403968825884e-09  2.60649600478832979e-09  6.00189403968826545e-09  2.60649600478833972e-09  6.00189403968825222e-09  1.21354444125683991e-08  9.84902574622967742e-10 -2.66785472092572212e-08 -2.56775735351842015e-08  6.18992604529094770e-01  3.66385806878900155e-01 -1.07440754694716449e-07 -2.45790486297475140e-06 -1.07440754552654716e-07 -2.45790486304700500e-06 -1.07440754515427274e-07 -2.45790486309040273e-06  1.84726269271317483e-05 -8.02029336542522543e-06  1.84726269271317483e-05 -8.02029336542522882e-06  1.84726269271317483e-05 -8.02029336542522543e-06  1.84726269271317449e-05 -8.02029336542521866e-06 
 8.20786430502370559e+06 -1.39094848902255333e-13  3.81256943942168905e-12  2.25824138318256378e-12 -7.40615010887844047e-12 -1.09953171181262710e-04  1.90823896768534796e-04  6.78664187245694800e-10 -4.49282178450072515e-11  6.78664187265271063e-10 -4.49282178246313114e-11  6.78664187269355475e-10 -4.49282178236180152e-11  2.57673381200976751e-09  5.71561018177195307e-09  2.57673381200976751e-09  5.71561018177195307e-09  2.57673381200976751e-09  5.71561018177195307e-09  2.57673381200977413e-09  5.71561018177196630e-09  1.14617837341617925e-08  7.49481941872420861e-10 -2.45985465126198547e-08 -2.20140070561526762e-08  6.28781752434670382e-01  3.62321269263240486e-01 -1.48001989649291958e-07 -2.23628604723218907e-06 -1.48001989525002790e-07 -2.23628604729995467e-06 -1.48001989513762901e-07 -2.23628604731393410e-06  1.70922801204264732e-05 -7.70380417645600416e-06  1.70922801204264732e-05 -7.70380417645600416e-06  1.70922801204264732e-05 -7.70380417645600416e-06  1.70922801204264596e-05 -7.70380417645600754e-06 
 8.44759912687200308e+06 -7.51088511815857144e-14  3.70119976149175073e-12  1.75634077704911077e-12 -6.89410639039190332e-12 -1.11834357949589647e-04  1.99395036726818361e-04  6.34917401938366775e-10 -5.61130665141690321e-11  6.34917401950139003e-10 -5.61130664976882856e-11  6.34917401961667212e-10 -5.61130664953399198e-11  2.54151098568787305e-09  5.44179872090554445e-09  2.54151098568787305e-09  5.44179872090554445e-09  2.54151098568787635e-09  5.44179872090554114e-09  2.54151098568787635e-09  5.44179872090554445e-09  1.08212081082612529e-08  5.39326699116946046e-10 -2.25930727282342163e-08 -1.88267048461079893e-08  6.38379008081834898e-01  3.58062054529049933e-01 -1.79614751635894666e-07 -2.03276273776722220e-06 -1.79614751544309097e-07 -2.03276273780789164e-06 -1.79614751515032515e-07 -2.03276273784672894e-06  1.58116395861084013e-05 -7.38294507089957894e-06  1.58116395861084013e-05 -7.38294507089957894e-06  1.58116395861084013e-05 -7.38294507089957555e-06  1.58116395861083980e-05 -7.38294507089957131e-06 
 8.69433610941287689e+06 -1.53437046010604148e-14  3.59161646124986632e-12  1.32163321319109136e-12 -6.39852412677063952e-12 -1.13672991200426484e-04  2.08240717583942921e-04  5.93461088410018689e-10 -6.54515727021862488e-11  5.93461088429546769e-10 -6.54515726862671579e-11  5.93461088435443532e-10 -6.54515726853241720e-11  2.50161991689888080e-09  5.18016068328508096e-09  2.50161991689888080e-09  5.18016068328508096e-09  2.50161991689888411e-09  5.18016068328508096e-09  2.50161991689888080e-09  5.18016068328508096e-09  1.02126633880344871e-08  3.52131200116241182e-10 -2.06788144831573370e-08 -1.60618468637463622e-08  6.47779169879533434e-01  3.53620414598472266e-01 -2.03570265247770264e-07 -1.84611495295188845e-06 -2.03570265147966251e-07 -1.84611495301776495e-06 -2.03570265134156464e-07 -1.84611495303730537e-06  1.46242857451567106e-05 -7.06090689277209725e-06  1.46242857451567106e-05 -7.06090689277209725e-06  1.46242857451567106e-05 -7.06090689277209725e-06  1.46242857451567106e-05 -7.06090689277209640e-06 
 8.94827977134739235e+06  4.04532802498743897e-14  3.48393874562106687e-12  9.47497942572284211e-13 -5.92231787701439415e-12 -1.15467298183867854e-04  2.17366444594449478e-04  5.54235884485715666e-10 -7.31328581810997882e-11  5.54235884498259654e-10 -7.31328581679922842e-11  5.54235884503578011e-10 -7.31328581673690036e-11  2.45779298395004063e-09  4.93035428833315902e-09  2.45779298395004063e-09  4.93035428833315902e-09  2.45779298395004725e-09  4.93035428833315571e-09  2.45779298395005387e-09  4.93035428833314909e-09  9.63503358466394972e-09  1.85745831130611982e-10 -1.88671893701121615e-08 -1.36700617573175639e-08  6.56978097881973255e-01  3.49008532667431037e-01 -2.21012316214514008e-07 -1.67516717855154319e-06 -2.21012316140000413e-07 -1.67516717859369706e-06 -2.21012316128511523e-07 -1.67516717861104323e-06  1.35240427021011388e-05 -6.74039849624566616e-06  1.35240427021011388e-05 -6.74039849624566616e-06  1.35240427021011354e-05 -6.74039849624567294e-06  1.35240427021011422e-05 -6.74039849624566955e-06 
 9.20964060494690575e+06  9.25331397168460654e-14  3.37825885725048235e-12  6.27649052202561053e-13 -5.46761464817732390e-12 -1.17215567766771283e-04  2.26778025743013098e-04  5.17175493713422877e-10 -7.93327785561346836e-11  5.17175493724660539e-10 -7.93327785446947757e-11  5.17175493730385663e-10 -7.93327785442634010e-11  2.41070198555354225e-09  4.69200266922796879e-09  2.41070198555354225e-09  4.69200266922796879e-09  2.41070198555353232e-09  4.69200266922796714e-09  2.41070198555353894e-09  4.69200266922797541e-09  9.08715455804165573e-09  3.81758102978764909e-11 -1.71652592545256268e-08 -1.16064111838660955e-08  6.65972678274158625e-01  3.44238425844537455e-01 -2.32949908142424344e-07 -1.51879258429085265e-06 -2.32949908078434101e-07 -1.51879258432821443e-06 -2.32949908067038252e-07 -1.51879258434657980e-06  1.25049972957359172e-05 -6.42368980480177754e-06  1.25049972957359172e-05 -6.42368980480177754e-06  1.25049972957359189e-05 -6.42368980480177585e-06  1.25049972957359138e-05 -6.42368980480177839e-06 
 9.47863525052875839e+06  1.41142618427370117e-13  3.27464318957908867e-12  3.56182948061645203e-13 -5.03586014708711417e-12 -1.18916127516149737e-04  2.36481594722325045e-04  4.82208018870119055e-10 -8.42141247045506620e-11  4.82208018884524612e-10 -8.42141246944090141e-11  4.82208018887952035e-10 -8.42141246942927952e-11  2.36095839616707375e-09  4.46470117536202641e-09  2.36095839616707375e-09  4.46470117536202641e-09  2.36095839616707375e-09  4.46470117536201979e-09  2.36095839616707044e-09  4.46470117536201814e-09  8.56782701143256132e-09 -9.24213205820322370e-11 -1.55765468711665094e-08 -9.83028088899114708e-09  6.74760779032100078e-01  3.39321854034363768e-01 -2.40269395298368887e-07 -1.37591615008469775e-06 -2.40269395235425551e-07 -1.37591615013147091e-06 -2.40269395229143743e-07 -1.37591615014228625e-06  1.15615129867772142e-05 -6.11265410526712603e-06  1.15615129867772142e-05 -6.11265410526712603e-06  1.15615129867772142e-05 -6.11265410526712603e-06  1.15615129867772193e-05 -6.11265410526712264e-06 
 9.75548667602804117e+06  1.86521739207197882e-13  3.17313363037073741e-12  1.27608647043504653e-13 -4.62791986078290740e-12 -1.20567318261807573e-04  2.46483631982437443e-04  4.49257202655977783e-10 -8.79269333615014318e-11  4.49257202668272168e-10 -8.79269333527854297e-11  4.49257202670418495e-10 -8.79269333528003189e-11  2.30911433719555870e-09  4.24802419085003792e-09  2.30911433719555870e-09  4.24802419085003792e-09  2.30911433719556035e-09  4.24802419085003792e-09  2.30911433719555870e-09  4.24802419085004454e-09  8.07582867618413573e-09 -2.07739355659461466e-10 -1.41017534119918577e-08 -8.30520121239509654e-09  6.83341197800906852e-01  3.34270235860034903e-01 -2.43746028494606877e-07 -1.24551680896472856e-06 -2.43746028441789132e-07 -1.24551680900417700e-06 -2.43746028438164942e-07 -1.24551680901084993e-06  1.06882390371614924e-05 -5.80880904884063698e-06  1.06882390371614924e-05 -5.80880904884063698e-06  1.06882390371614924e-05 -5.80880904884063528e-06  1.06882390371614924e-05 -5.80880904884063698e-06 
 1.00404243618142903e+07  2.28901592773693299e-13  3.07374909912842769e-12 -6.31365491094220057e-14 -4.24417326187339811e-12 -1.22167466288482392e-04  2.56790983624937319e-04  4.18243569512423740e-10 -9.06088903308451323e-11  4.18243569520138853e-10 -9.06088903231771680e-11  4.18243569527789653e-10 -9.06088903235436090e-11  2.25566415534170919e-09  4.04153142278891876e-09  2.25566415534171084e-09  4.04153142278891876e-09  2.25566415534170919e-09  4.04153142278892703e-09  2.25566415534170588e-09  4.04153142278892372e-09  7.60992560037169138e-09 -3.09328073125887298e-10 -1.27393800094819245e-08 -6.99861696065988465e-09  6.91713602992017007e-01  3.29094572090324222e-01 -2.44054865600567996e-07 -1.12662871476197974e-06 -2.44054865560424352e-07 -1.12662871478676922e-06 -2.44054865548558161e-07 -1.12662871481017274e-06  9.88011546662299321e-06 -5.51335592602160529e-06  9.88011546662299321e-06 -5.51335592602160444e-06  9.88011546662299491e-06 -5.51335592602160867e-06  9.88011546662299491e-06 -5.51335592602160529e-06 
 1.03336844909062870e+07  2.68502352850581582e-13  2.97648724576261585e-12 -2.20683482594898428e-13 -3.88460001608323194e-12 -1.23714853316953205e-04  2.67410877927671251e-04  3.89085464961633822e-10 -9.23858101841842504e-11  3.89085464970495615e-10 -9.23858101776259489e-11  3.89085464974427411e-10 -9.23858101779733647e-11  2.20104650252697648e-09  3.84477363114592059e-09  2.20104650252697648e-09  3.84477363114592059e-09  2.20104650252697648e-09  3.84477363114592059e-09  2.20104650252697648e-09  3.84477363114592059e-09  7.16888248414020321e-09 -3.98598708784961420e-10 -1.14862583845500552e-08 -5.88162372617951463e-09  6.99878469095998712e-01  3.23805376909027942e-01 -2.41781012983581015e-07 -1.01834174147246901e-06 -2.41781012946202139e-07 -1.01834174150028197e-06 -2.41781012940604892e-07 -1.01834174151212265e-06  9.13237428672409301e-06 -5.22721688032755435e-06  9.13237428672409301e-06 -5.22721688032755435e-06  9.13237428672409301e-06 -5.22721688032755435e-06  9.13237428672409132e-06 -5.22721688032755435e-06 
 1.06355101447426509e+07  3.05531518674960097e-13  2.88132628092756786e-12 -3.49237300516281912e-13 -3.54885756612888223e-12 -1.25207684466758482e-04  2.78350939337096892e-04  3.61699991040753951e-10 -9.33721771255596253e-11  3.61699991049003630e-10 -9.33721771199132904e-11  3.61699991050498553e-10 -9.33721771201068507e-11  2.14564681879126189e-09  3.65729778809827874e-09  2.14564681879126189e-09  3.65729778809827874e-09  2.14564681879126023e-09  3.65729778809827874e-09  2.14564681879126189e-09  3.65729778809828039e-09  6.75147203186688191e-09 -4.76830098972129476e-10 -1.03379975462946160e-08 -4.92868488860406039e-09  7.07837007257287820e-01  3.18412617384240759e-01 -2.37429178187756247e-07 -9.19801318062586928e-07 -2.37429178155230896e-07 -9.19801318088087490e-07 -2.37429178153280629e-07 -9.19801318092522978e-07  8.44053751163635143e-06 -4.95106982002213987e-06  8.44053751163635143e-06 -4.95106982002213987e-06  8.44053751163635143e-06 -4.95106982002213987e-06  8.44053751163634804e-06 -4.95106982002213987e-06 
 1.09461515046704784e+07  3.40182381546590124e-13  2.78822691101765151e-12 -4.52591177488565012e-13 -3.23634987365108245e-12 -1.26644054353401692e-04  2.89619199714532800e-04  3.36003838369045527e-10 -9.36717323561071372e-11  3.36003838374841168e-10 -9.36717323509473913e-11  3.36003838378917514e-10 -9.36717323516420162e-11  2.08980012388970400e-09  3.47865166868837069e-09  2.08980012388970731e-09  3.47865166868837400e-09  2.08980012388970400e-09  3.47865166868837069e-09  2.08980012388970731e-09  3.47865166868837069e-09  6.35648331289755249e-09 -5.45175340921995360e-10 -9.28935439928265257e-09 -4.11734084506170944e-09  7.15591092011367058e-01  3.12925661141007783e-01 -2.31432525465116382e-07 -8.30207697959932570e-07 -2.31432525439063395e-07 -8.30207697977817777e-07 -2.31432525434205026e-07 -8.30207697989725895e-07  7.80041243247272579e-06 -4.68538086181078586e-06  7.80041243247272410e-06 -4.68538086181078332e-06  7.80041243247272579e-06 -4.68538086181078586e-06  7.80041243247272410e-06 -4.68538086181078332e-06 
 1.12658660593190603e+07  3.72632710648923421e-13  2.69713435500841253e-12 -5.34145669284636380e-13 -2.94628742559499135e-12 -1.28021911507311795e-04  3.01224106665203039e-04  3.11914017066027002e-10 -9.33780945702960446e-11  3.11914017071202464e-10 -9.33780945657630948e-11  3.11914017075195678e-10 -9.33780945666078531e-11  2.03379403380442390e-09  3.30838788620922677e-09  2.03379403380442390e-09  3.30838788620922677e-09  2.03379403380442556e-09  3.30838788620922677e-09  2.03379403380443052e-09  3.30838788620922512e-09  5.98272914439249570e-09 -6.04668833144977603e-10 -8.33453657401024592e-09 -3.42791954288172717e-09  7.23143185103443664e-01  3.07353232299276635e-01 -2.24160837099274944e-07 -7.48814756676644634e-07 -2.24160837076808295e-07 -7.48814756692414481e-07 -2.24160837072469474e-07 -7.48814756703909142e-07  7.20808461905279119e-06 -4.43043421806653211e-06  7.20808461905279119e-06 -4.43043421806653211e-06  7.20808461905279543e-06 -4.43043421806653211e-06  7.20808461905279289e-06 -4.43043421806653042e-06 
 1.15949188180305511e+07  4.03043651747615291e-13  2.60798042412638681e-12 -5.96932021609484735e-13 -2.67773885601862591e-12 -1.29339021309875430e-04  3.13174528792107588e-04  2.89348490130555811e-10 -9.25754014623317491e-11  2.89348490136354244e-10 -9.25754014586410760e-11  2.89348490138456627e-10 -9.25754014591744007e-11  1.97787192786714998e-09  3.14606739494481770e-09  1.97787192786714998e-09  3.14606739494481770e-09  1.97787192786715246e-09  3.14606739494482101e-09  1.97787192786715577e-09  3.14606739494481770e-09  5.62905252653428530e-09 -6.56233571696913048e-10 -7.46744583893757002e-09 -2.84325519602729273e-09  7.30496257264630744e-01  3.01703375667471463e-01 -2.15927992618145769e-07 -6.74928404306408455e-07 -2.15927992597601223e-07 -6.74928404323641763e-07 -2.15927992595523504e-07 -6.74928404329614087e-07  6.65990908245810600e-06 -4.18635950162649416e-06  6.65990908245810600e-06 -4.18635950162649416e-06  6.65990908245810600e-06 -4.18635950162649246e-06  6.65990908245810600e-06 -4.18635950162649162e-06 
 1.19335825305245146e+07  4.31558830774603957e-13  2.52068564878386411e-12 -6.43638013225195701e-13 -2.42967470852315026e-12 -1.30592927622446696e-04  3.25479757669970484e-04  2.68226713976792017e-10 -9.13389613065482553e-11  2.68226713980849545e-10 -9.13389613030143329e-11  2.68226713983074661e-10 -9.13389613036725619e-11  1.92223620039216447e-09  2.99126249023201216e-09  1.92223620039216447e-09  2.99126249023201216e-09  1.92223620039216447e-09  2.99126249023201216e-09  1.92223620039216364e-09  2.99126249023201051e-09  5.29433217285402272e-09 -7.00688590997963747e-10 -6.68187018649083351e-09 -2.34842017415874625e-09  7.37653708676352049e-01  2.95983428963578765e-01 -2.06998785351140262e-07 -6.07904692241598901e-07 -2.06998785334470150e-07 -6.07904692253649427e-07 -2.06998785332479861e-07 -6.07904692259880201e-07  6.15249999664247571e-06 -3.95315647114116553e-06  6.15249999664247571e-06 -3.95315647114116553e-06  6.15249999664247571e-06 -3.95315647114116553e-06  6.15249999664247656e-06 -3.95315647114116807e-06 
 1.22821379129784144e+07  4.58303655761165002e-13  2.43516144104418207e-12 -6.76635160548442906e-13 -2.20100397913568928e-12 -1.31780913321063163e-04  3.38149506374842493e-04  2.48470091692023440e-10 -8.97359051766080237e-11  2.48470091696383922e-10 -8.97359051737400851e-11  2.48470091698591978e-10 -8.97359051744889937e-11  1.86705154226542882e-09  2.84355934066989884e-09  1.86705154226542882e-09  2.84355934066989884e-09  1.86705154226543047e-09  2.84355934066989884e-09  1.86705154226543047e-09  2.84355934066989884e-09  4.97748718907370954e-09 -7.38756456133616255e-10 -5.97163220898945796e-09 -1.93047345517666845e-09  7.44619288860956741e-01  2.90200002923637013e-01 -1.97595102374114114e-07 -5.47147685830827294e-07 -1.97595102359115595e-07 -5.47147685843490754e-07 -1.97595102357337594e-07 -5.47147685849588756e-07  5.68271933795951128e-06 -3.73071728661268852e-06  5.68271933795951128e-06 -3.73071728661268852e-06  5.68271933795951128e-06 -3.73071728661268725e-06  5.68271933795951212e-06 -3.73071728661268809e-06 
 1.26408738807114474e+07  4.83384811294374420e-13  2.35131228375277379e-12 -6.98006338917401624e-13 -1.99060414345205725e-12 -1.32899959950178744e-04  3.51193904379433345e-04  2.30002345173280622e-10 -8.78258316549419370e-11  2.30002345176690468e-10 -8.78258316522536000e-11  2.30002345178667429e-10 -8.78258316530123314e-11  1.81244820686708525e-09  2.70256009054565549e-09  1.81244820686708359e-09  2.70256009054565218e-09  1.81244820686708525e-09  2.70256009054565549e-09  1.81244820686708773e-09  2.70256009054565218e-09  4.67748095983115300e-09 -7.71070728245610564e-10 -5.33070075850515257e-09 -1.57822772548490272e-09  7.51397016631848991e-01  2.84358969044503418e-01 -1.87901498544458686e-07 -4.92107166872846667e-07 -1.87901498531886997e-07 -4.92107166882674155e-07 -1.87901498530459005e-07 -4.92107166888069967e-07  5.24766476105537576e-06 -3.51884637672470167e-06  5.24766476105537746e-06 -3.51884637672469997e-06  5.24766476105537576e-06 -3.51884637672470167e-06  5.24766476105537407e-06 -3.51884637672470167e-06 
 1.30100877876646034e+07  5.06889942042606967e-13  2.26903793987994384e-12 -7.09573082262864218e-13 -1.79734539602910148e-12 -1.33946706733669140e-04  3.64623488634656780e-04  2.12749812646094527e-10 -8.56614372125872403e-11  2.12749812649468700e-10 -8.56614372103607802e-11  2.12749812650954937e-10 -8.56614372109982263e-11  1.75852522431538547e-09  2.56788457194938627e-09  1.75852522431538464e-09  2.56788457194938296e-09  1.75852522431538795e-09  2.56788457194939289e-09  1.75852522431538712e-09  2.56788457194939123e-09  4.39332430599118564e-09 -7.98183340890350450e-10 -4.75327218696911315e-09 -1.28203616657819922e-09  7.57991100696318365e-01  2.78465454719811434e-01 -1.78070198978932133e-07 -4.42276222028640481e-07 -1.78070198967860009e-07 -4.42276222038187654e-07 -1.78070198966905800e-07 -4.42276222042191631e-07  4.84465698860542506e-06 -3.31727804571145036e-06  4.84465698860542676e-06 -3.31727804571144994e-06  4.84465698860542506e-06 -3.31727804571145163e-06  4.84465698860542506e-06 -3.31727804571145163e-06 
 1.33900856728754342e+07  5.28887524085597439e-13  2.18823567711456556e-12 -7.12922003370522191e-13 -1.62010982335548553e-12 -1.34917409196282730e-04  3.78449190636386988e-04  1.96641678299655591e-10 -8.32891266509505103e-11  1.96641678303082290e-10 -8.32891266491973010e-11  1.96641678304450240e-10 -8.32891266498488091e-11  1.70535353603677230e-09  2.43917166619097489e-09  1.70535353603677230e-09  2.43917166619097489e-09  1.70535353603677230e-09  2.43917166619097489e-09  1.70535353603677891e-09  2.43917166619097489e-09  4.12407797542641147e-09 -8.20571838960910622e-10 -4.23382673399298669e-09 -1.03359915745893756e-09  7.64405861417006061e-01  2.72523845466021319e-01 -1.68225566579163173e-07 -3.97188765882791706e-07 -1.68225566569378063e-07 -3.97188765892303991e-07 -1.68225566568602313e-07 -3.97188765895952798e-07  4.47122695276040689e-06 -3.12569196421165708e-06  4.47122695276040689e-06 -3.12569196421165708e-06  4.47122695276040689e-06 -3.12569196421165708e-06  4.47122695276040520e-06 -3.12569196421165581e-06 
 1.37811825141518507e+07  5.49426926094767335e-13  2.10880250342276583e-12 -7.09429932078403913e-13 -1.45780620254378723e-12 -1.35807897680855345e-04  3.92682319284046297e-04  1.81610140733107905e-10 -8.07495991533782980e-11  1.81610140735847113e-10 -8.07495991516959160e-11  1.81610140736909937e-10 -8.07495991522543663e-11  1.65297902971879978e-09  2.31608035288331901e-09  1.65297902971879813e-09  2.31608035288331901e-09  1.65297902971879771e-09  2.31608035288332232e-09  1.65297902971880061e-09  2.31608035288332397e-09  3.86885452813091515e-09 -8.38646445627215054e-10 -3.76716490887568722e-09 -8.25790514838814053e-10  7.70645654202005925e-01  2.66537793957190794e-01 -1.58468072688897226e-07 -3.56417040113552887e-07 -1.58468072680632990e-07 -3.56417040121089151e-07 -1.58468072680107274e-07 -3.56417040123896112e-07  4.12510288808264924e-06 -2.94372670040253055e-06  4.12510288808265009e-06 -2.94372670040253097e-06  4.12510288808264924e-06 -2.94372670040253097e-06  4.12510288808264585e-06 -2.94372670040253097e-06 
 1.41837024891552050e+07  5.68538665674888377e-13  2.03063740887724542e-12 -7.00287498373383968e-13 -1.30938107307207285e-12 -1.36613536081554095e-04  4.07334539347441681e-04  1.67590526819782664e-10 -7.80784065508309186e-11  1.67590526822644141e-10 -7.80784065495980059e-11  1.67590526823094127e-10 -7.80784065498568100e-11  1.60142546156395862e-09  2.19829048283714216e-09  1.60142546156395862e-09  2.19829048283714216e-09  1.60142546156396027e-09  2.19829048283714216e-09  1.60142546156395944e-09  2.19829048283714216e-09  3.62681967226224020e-09 -8.52756934348084747e-10 -3.34842802420990518e-09 -6.52502457271113653e-10  7.76714794962741428e-01  2.60510235604535678e-01 -1.48877809425070951e-07 -3.19569123674569407e-07 -1.48877809417766324e-07 -3.19569123682292282e-07 -1.48877809417575080e-07 -3.19569123683469499e-07  3.80419754029468393e-06 -2.77099145324395527e-06  3.80419754029468393e-06 -2.77099145324395527e-06  3.80419754029468351e-06 -2.77099145324395442e-06  3.80419754029468139e-06 -2.77099145324395400e-06 
 1.45979792441090681e+07  5.86234869152941366e-13  1.95364360753568748e-12 -6.86520992976529839e-13 -1.17382667437950484e-12 -1.37329181143399623e-04  4.22417845347819378e-04  1.54521357359926061e-10 -7.53064813106374433e-11  1.54521357362143577e-10 -7.53064813093709264e-11  1.54521357362629390e-10 -7.53064813096765696e-11  1.55069725823866884e-09  2.08550330804453339e-09  1.55069725823866884e-09  2.08550330804453339e-09  1.55069725823866760e-09  2.08550330804453174e-09  1.55069725823866760e-09  2.08550330804453009e-09  3.39719310169539195e-09 -8.63199292199419294e-10 -2.97310639868367148e-09 -5.08508185064997697e-10  7.82617488018785501e-01  2.54443410387099000e-01 -1.39517581924837272e-07 -2.86286482756663851e-07 -1.39517581918676907e-07 -2.86286482762595411e-07 -1.39517581918502710e-07 -2.86286482763855478e-07  3.50659562295776643e-06 -2.60707614975084534e-06  3.50659562295776643e-06 -2.60707614975084534e-06  3.50659562295776855e-06 -2.60707614975084661e-06  3.50659562295776813e-06 -2.60707614975084704e-06 
 1.50243561703564525e+07  6.02509945810843546e-13  1.87773077058466454e-12 -6.69012422407811931e-13 -1.05018628254096384e-12 -1.37949142721260269e-04  4.37944530661240868e-04  1.42344370555559495e-10 -7.24606325410706558e-11  1.42344370558105660e-10 -7.24606325403534385e-11  1.42344370558418231e-10 -7.24606325405673164e-11  1.50078219550844085e-09  1.97744179861151851e-09  1.50078219550844085e-09  1.97744179861151851e-09  1.50078219550843920e-09  1.97744179861151768e-09  1.50078219550844251e-09  1.97744179861151768e-09  3.17924887856492491e-09 -8.70222167935688445e-10 -2.63703816690914301e-09 -3.89340786025290425e-10  7.88357756793643838e-01  2.48338890642476440e-01 -1.30435617886865152e-07 -2.56241583686083395e-07 -1.30435617881386385e-07 -2.56241583692768602e-07 -1.30435617881294508e-07 -2.56241583693573866e-07  3.23054162529074188e-06 -2.45156006481089168e-06  3.23054162529074188e-06 -2.45156006481089168e-06  3.23054162529074230e-06 -2.45156006481089210e-06  3.23054162529074230e-06 -2.45156006481089168e-06 
 1.54631866889946815e+07  6.17341490553722946e-13  1.80281723830661884e-12 -6.48517741363175146e-13 -9.37557418039252955e-13 -1.38467145443466625e-04  4.53927151703417643e-04  1.31004509004987691e-10 -6.95640090760088486e-11  1.31004509006898426e-10 -6.95640090751520446e-11  1.31004509007080458e-10 -6.95640090752867199e-11  1.45165395503707712e-09  1.87385077237051850e-09  1.45165395503707712e-09  1.87385077237051850e-09  1.45165395503707712e-09  1.87385077237051850e-09  1.45165395503707712e-09  1.87385077237051850e-09  2.97231539640620517e-09 -8.74033104545760495e-10 -2.33640111893875617e-09 -2.91187082952813851e-10  7.93939377676120994e-01  2.42197614600863698e-01 -1.21667930521970831e-07 -2.29135587059426222e-07 -1.21667930517358022e-07 -2.29135587064395394e-07 -1.21667930517315697e-07 -2.29135587064862374e-07  2.97442804830214465e-06 -2.30401911714273064e-06  2.97442804830214465e-06 -2.30401911714273064e-06  2.97442804830214465e-06 -2.30401911714273064e-06  2.97442804830214465e-06 -2.30401911714273064e-06 
 1.59148345438238792e+07  6.30691429778721380e-13  1.72883219376526192e-12 -6.25683293947576309e-13 -8.35093336802032165e-13 -1.38876292264426246e-04  4.70378487040759477e-04  1.20449875462324266e-10 -6.66365291983179429e-11  1.20449875463679757e-10 -6.66365291972991666e-11  1.20449875464611783e-10 -6.66365291980494194e-11  1.40327456276436843e-09  1.77449685910105206e-09  1.40327456276436761e-09  1.77449685910104957e-09  1.40327456276436595e-09  1.77449685910104875e-09  1.40327456276436926e-09  1.77449685910104709e-09  2.77577495120559191e-09 -8.74804557624723951e-10 -2.06769954091874436e-09 -2.10795013631049519e-10  7.99365817357271968e-01  2.36019925381736662e-01 -1.13240369232340610e-07 -2.04696136927488728e-07 -1.13240369228431249e-07 -2.04696136930975486e-07 -1.13240369228271874e-07 -2.04696136933353637e-07  2.73678412473581011e-06 -2.16403198508240088e-06  2.73678412473581096e-06 -2.16403198508240088e-06  2.73678412473581181e-06 -2.16403198508240131e-06  2.73678412473581011e-06 -2.16403198508240004e-06 
 1.63796741028518621e+07  6.42507425948065692e-13  1.65571777559756980e-12 -6.01060531024876889e-13 -7.42003159750568650e-13 -1.39169030443897967e-04  4.87311491307097257e-04  1.10631662224495060e-10 -6.36952770868489797e-11  1.10631662226320648e-10 -6.36952770864796436e-11  1.10631662226534216e-10 -6.36952770866651388e-11  1.35559671432332583e-09  1.67916831713034964e-09  1.35559671432332583e-09  1.67916831713034964e-09  1.35559671432332500e-09  1.67916831713035294e-09  1.35559671432332583e-09  1.67916831713035212e-09  2.58906293961177396e-09 -8.72679702104646956e-10 -1.82774764058407890e-09 -1.45393156659049679e-10  8.04640173956473803e-01  2.29805615193423102e-01 -1.05170390402608438e-07 -1.82675255156258294e-07 -1.05170390399161120e-07 -1.82675255160886905e-07 -1.05170390399137297e-07 -1.82675255161430118e-07  2.51626505943393957e-06 -2.03118517631093874e-06  2.51626505943393957e-06 -2.03118517631093874e-06  2.51626505943393957e-06 -2.03118517631093959e-06  2.51626505943394211e-06 -2.03118517631093874e-06 
 1.68580906686053835e+07  6.52724555813460757e-13  1.58343110110877793e-12 -5.75119095413622436e-13 -6.57550943419188036e-13 -1.39337120547389627e-04  5.04739243882921921e-04  1.01504058528128107e-10 -6.07548664588890185e-11  1.01504058529537623e-10 -6.07548664583957087e-11  1.01504058529868030e-10 -6.07548664587066769e-11  1.30856599436840894e-09  1.58767471585648036e-09  1.30856599436840894e-09  1.58767471585648036e-09  1.30856599436840894e-09  1.58767471585648201e-09  1.30856599436840852e-09  1.58767471585648036e-09  2.41166669605473848e-09 -8.67778028890247757e-10 -1.61365081197202008e-09 -9.26210738407280391e-11  8.09765122301460361e-01  2.23553974534089012e-01 -9.74685786226463908e-08 -1.62847347713566168e-07 -9.74685786197097938e-08 -1.62847347717094696e-07 -9.74685786196921649e-08 -1.62847347717934661e-07  2.31164181079022485e-06 -1.90507717530911269e-06  2.31164181079022485e-06 -1.90507717530911269e-06  2.31164181079022485e-06 -1.90507717530911311e-06  2.31164181079022485e-06 -1.90507717530911269e-06 
 1.73504807975049242e+07  6.61267274065306214e-13  1.51194616435237853e-12 -5.48258381507629504e-13 -5.81053946743313684e-13 -1.39371609105351068e-04  5.22674892291811717e-04  9.30241399585814038e-11 -5.78277721467799447e-11  9.30241399597464101e-11 -5.78277721462689280e-11  9.30241399600060931e-11 -5.78277721465327728e-11  1.26212299599738169e-09  1.49984649427575348e-09  1.26212299599738045e-09  1.49984649427575513e-09  1.26212299599738169e-09  1.49984649427575513e-09  1.26212299599738169e-09  1.49984649427575513e-09  2.24312397407116306e-09 -8.60200728309783527e-10 -1.42278571723855903e-09 -5.04692212612667194e-11  8.14742863663332262e-01  2.17263846103540076e-01 -9.01399463428032346e-08 -1.45007326971075272e-07 -9.01399463402827690e-08 -1.45007326973949043e-07 -9.01399463402840792e-08 -1.45007326974608749e-07  2.12179142186336572e-06 -1.78532177948533293e-06  2.12179142186336572e-06 -1.78532177948533293e-06  2.12179142186336614e-06 -1.78532177948533315e-06  2.12179142186336614e-06 -1.78532177948533315e-06 
 1.78572526285677589e+07  6.68051670705339979e-13  1.44125556711749881e-12 -5.20817684480015357e-13 -5.11880306643241392e-13 -1.39262805623207762e-04  5.41131590368200757e-04  8.51517434419819521e-11 -5.49246305999891242e-11  8.51517434429770762e-11 -5.49246305995017339e-11  8.51517434432601530e-11 -5.49246305998125470e-11  1.21620534645937131e-09  1.41553440187252280e-09  1.21620534645937131e-09  1.41553440187252280e-09  1.21620534645937131e-09  1.41553440187252280e-09  1.21620534645937131e-09  1.41553440187252114e-09  2.08302107194640780e-09 -8.50035853264474505e-10 -1.25277993506825596e-09 -1.72272746437507509e-11  8.19575080309413506e-01  2.10933683186856707e-01 -8.31850377953246450e-08 -1.28968851749449680e-07 -8.31850377931560951e-08 -1.28968851751866953e-07 -8.31850377931738696e-08 -1.28968851752587858e-07  1.94568789939340880e-06 -1.67155072426514226e-06  1.94568789939340880e-06 -1.67155072426514226e-06  1.94568789939340880e-06 -1.67155072426514226e-06  1.94568789939340880e-06 -1.67155072426514269e-06 
 1.83788262217117734e+07  6.72988023796346402e-13  1.37137203452874220e-12 -4.93085056830958515e-13 -4.49446298186055170e-13 -1.39000264679125938e-04  5.60122431306554519e-04  7.78493310299887122e-11 -5.20545104513027076e-11  7.78493310308758375e-11 -5.20545104508789327e-11  7.78493310310921970e-11 -5.20545104511356689e-11  1.17074964373681195e-09  1.33460882533713508e-09  1.17074964373681195e-09  1.33460882533713508e-09  1.17074964373681320e-09  1.33460882533713591e-09  1.17074964373681278e-09  1.33460882533713508e-09  1.93099059964098247e-09 -8.37363247476541088e-10 -1.10149173793601602e-09  8.56018399883803123e-12  8.24262895226972048e-01  2.04561612225601486e-01 -7.66008607559757082e-08 -1.14562684987152205e-07 -7.66008607541116004e-08 -1.14562684989275438e-07 -7.66008607541375805e-08 -1.14562684989829636e-07  1.78239363171991972e-06 -1.56341568548527340e-06  1.78239363171991972e-06 -1.56341568548527340e-06  1.78239363171992057e-06 -1.56341568548527404e-06  1.78239363171991972e-06 -1.56341568548527383e-06 
 1.89156339059404358e+07  6.75983641680558490e-13  1.30232966123305169e-12 -4.65304989126558887e-13 -3.93213323122472321e-13 -1.38572773884601232e-04  5.79660375805210481e-04  7.10818453328603999e-11 -4.92251544094719307e-11  7.10818453337782860e-11 -4.92251544092685477e-11  7.10818453338972191e-11 -4.92251544094212401e-11  1.12569330702816456e-09  1.25695900191202619e-09  1.12569330702816456e-09  1.25695900191202619e-09  1.12569330702816415e-09  1.25695900191202619e-09  1.12569330702816539e-09  1.25695900191202453e-09  1.78670888258831834e-09 -8.22259217344382708e-10 -9.66990409269861274e-10  2.81315694680967961e-11  8.28806837405368979e-01  1.98145499289418159e-01 -7.03816675893388143e-08 -1.01635167383291270e-07 -7.03816675877604743e-08 -1.01635167385486276e-07 -7.03816675877816633e-08 -1.01635167385792995e-07  1.63105133109426851e-06 -1.46058973690681365e-06  1.63105133109426851e-06 -1.46058973690681365e-06  1.63105133109426851e-06 -1.46058973690681386e-06  1.63105133109426851e-06 -1.46058973690681344e-06 
 1.94681206376975253e+07  6.76945978209020486e-13  1.23418482997066104e-12 -4.37685027731310479e-13 -3.42684743674792119e-13 -1.37968348516449049e-04  5.99758175575915934e-04  6.48165591576435380e-11 -4.64431937838899842e-11  6.48165591583592818e-11 -4.64431937835890455e-11  6.48165591584820923e-11 -4.64431937837597808e-11  1.08097634141052033e-09  1.18249211848679637e-09  1.08097634141052033e-09  1.18249211848679637e-09  1.08097634141051826e-09  1.18249211848679637e-09  1.08097634141052074e-09  1.18249211848679389e-09  1.64989299928945816e-09 -8.04800916900547540e-10 -8.47537390631211089e-10  4.25406368147953161e-11  8.33206813029577220e-01  1.91683020079674610e-01 -6.45196049199101310e-08 -9.00468041934139146e-08 -6.45196049185390890e-08 -9.00468041950835885e-08 -6.45196049185682587e-08 -9.00468041954030788e-08  1.49087648280302600e-06 -1.36276832984305241e-06  1.49087648280302600e-06 -1.36276832984305241e-06  1.49087648280302664e-06 -1.36276832984305220e-06  1.49087648280302558e-06 -1.36276832984305114e-06 
 2.00367443696886823e+07  6.75785993529542029e-13  1.16701674153514590e-12 -4.10401436981803830e-13 -2.97402655520107413e-13 -1.37174233647734622e-04  6.20428292655307448e-04  5.90229216196741031e-11 -4.37143370244462240e-11  5.90229216203521069e-11 -4.37143370242503114e-11  5.90229216204134734e-11 -4.37143370243432400e-11  1.03654301498085667e-09  1.11113229390789211e-09  1.03654301498085667e-09  1.11113229390789211e-09  1.03654301498085667e-09  1.11113229390789211e-09  1.03654301498085626e-09  1.11113229390789211e-09  1.52029745302835519e-09 -7.85070408255389157e-10 -7.41568453773624710e-10  5.26840210199860089e-11  8.37462083013024494e-01  1.85171733123649901e-01 -5.90052493823542338e-08 -7.96709614265388625e-08 -5.90052493811918598e-08 -7.96709614281123454e-08 -5.90052493812101636e-08 -7.96709614282746183e-08  1.36115028119020521e-06 -1.26966985348632916e-06  1.36115028119020521e-06 -1.26966985348632916e-06  1.36115028119020521e-06 -1.26966985348632916e-06  1.36115028119020521e-06 -1.26966985348632895e-06 
 2.06219764304754511e+07  6.72421719038494242e-13  1.10092749502370446e-12 -3.83604006364389165e-13 -2.56944675211319844e-13 -1.36176914617731031e-04  6.41682815013833738e-04  5.36724027711320540e-11 -4.10435336394787253e-11  5.36724027717777201e-11 -4.10435336393876191e-11  5.36724027718358296e-11 -4.10435336394831584e-11  9.92343443245721406e-10  1.04281944176125624e-09  9.92343443245721819e-10  1.04281944176125541e-09  9.92343443245722646e-10  1.04281944176125541e-09  9.92343443245722646e-10  1.04281944176125375e-09  1.39771048445994341e-09 -7.63158351330244740e-10 -6.47677018101666240e-10  5.93246395721432434e-11  8.41571247231053921e-01  1.78609155697862565e-01 -5.38280450341607942e-08 -7.03926670394861979e-08 -5.38280450331840858e-08 -7.03926670409824949e-08 -5.38280450332050763e-08 -7.03926670411384151e-08  1.24121303267615794e-06 -1.18103582532385695e-06  1.24121303267615794e-06 -1.18103582532385674e-06  1.24121303267615794e-06 -1.18103582532385674e-06  1.24121303267615794e-06 -1.18103582532385652e-06 
 2.12243019151565172e+07  6.66781971271276837e-13  1.03604165960582150e-12 -3.57420096341685106e-13 -2.20920801617285963e-13 -1.34962136672449806e-04  6.63533369125605846e-04  4.87383385706790016e-11 -3.84351148842103817e-11  4.87383385711760467e-11 -3.84351148840119746e-11  4.87383385712671658e-11 -3.84351148841743217e-11  9.48335073033183020e-10  9.77508010759506583e-10  9.48335073033183020e-10  9.77508010759506583e-10  9.48335073033183020e-10  9.77508010759506583e-10  9.48335073033183020e-10  9.77508010759507824e-10  1.28195004034419241e-09 -7.39167271006042373e-10 -5.64598677133439819e-10  6.31115434754749397e-11  8.45532235858094228e-01  1.71992842010171315e-01 -4.89766563763024852e-08 -6.21075122276801725e-08 -4.89766563754407681e-08 -6.21075122287891504e-08 -4.89766563754794405e-08 -6.21075122290374766e-08  1.13045800606696996e-06 -1.09663075444792497e-06  1.13045800606696996e-06 -1.09663075444792497e-06  1.13045800606696996e-06 -1.09663075444792497e-06  1.13045800606696954e-06 -1.09663075444792497e-06 
 2.18442200874599069e+07  6.58810144649317971e-13  9.72505284635343251e-13 -3.31958009354585333e-13 -1.88970398265298560e-13 -1.33514934580718800e-04  6.85991030291859135e-04  4.41957778429078347e-11 -3.58929126070423179e-11  4.41957778433175993e-11 -3.58929126068122195e-11  4.41957778433891892e-11 -3.58929126069520389e-11  9.04484055179495849e-10  9.15165600781348084e-10  9.04484055179495022e-10  9.15165600781348911e-10  9.04484055179494609e-10  9.15165600781348911e-10  9.04484055179495849e-10  9.15165600781348084e-10  1.17285942458287003e-09 -7.13214345248209792e-10 -4.91196954511481710e-10  6.45967284083414705e-11  8.49342308188376527e-01  1.65320463097241854e-01 -4.44392493812494320e-08 -5.47206476033894132e-08 -4.44392493804979351e-08 -5.47206476042717502e-08 -4.44392493805332921e-08 -5.47206476044721794e-08  1.02832571187403483e-06 -1.01624171432884384e-06  1.02832571187403483e-06 -1.01624171432884405e-06  1.02832571187403483e-06 -1.01624171432884426e-06  1.02832571187403504e-06 -1.01624171432884384e-06 
 2.24822447935794927e+07  6.48467998004837353e-13  9.10484304236479453e-13 -3.07309765689406993e-13 -1.60759333208360431e-13 -1.31819672994544268e-04  7.09066231630442641e-04  4.00213327280939534e-11 -3.34203576280757627e-11  4.00213327284922796e-11 -3.34203576279482735e-11  4.00213327285196541e-11 -3.34203576280067577e-11  8.60766492271083509e-10  8.55771454391656224e-10  8.60766492271083509e-10  8.55771454391656224e-10  8.60766492271083509e-10  8.55771454391656224e-10  8.60766492271083509e-10  8.55771454391657051e-10  1.07030267071565518e-09 -6.85433655323293230e-10 -4.26450278223383928e-10  6.42493515239660993e-11  8.52998059274099441e-01  1.58589887807428387e-01 -4.02037115164923663e-08 -4.81458688726733930e-08 -4.02037115158685795e-08 -4.81458688735419459e-08 -4.02037115158840908e-08 -4.81458688736208721e-08  9.34298594483493477e-07 -9.39677656411720933e-07  9.34298594483493477e-07 -9.39677656411721144e-07  9.34298594483493477e-07 -9.39677656411720933e-07  9.34298594483493583e-07 -9.39677656411720827e-07 
 2.31389048880988099e+07  6.35739336430714463e-13  8.50162305166427530e-13 -2.83553357693327485e-13 -1.35977304520063151e-13 -1.29860098250271126e-04  7.32768672815379760e-04  3.61930339806202569e-11 -3.10205590409289156e-11  3.61930339809765391e-11 -3.10205590408329109e-11  3.61930339810206510e-11 -3.10205590409365153e-11  8.17169545555326176e-10  7.99314825817933655e-10  8.17169545555324935e-10  7.99314825817932000e-10  8.17169545555325348e-10  7.99314825817933655e-10  8.17169545555325348e-10  7.99314825817933655e-10  9.74159689042055718e-10 -6.55977840621940287e-10 -3.69440138600815331e-10  6.24677408125867225e-11  8.56495434707172487e-01  1.51799264196309153e-01 -3.62578205046236387e-08 -4.23047865291749452e-08 -3.62578205040952688e-08 -4.23047865299450966e-08 -3.62578205041235650e-08 -4.23047865300761750e-08  8.47896123069157468e-07 -8.66768492384694579e-07  8.47896123069157997e-07 -8.66768492384694579e-07  8.47896123069157997e-07 -8.66768492384694791e-07  8.47896123069157997e-07 -8.66768492384694791e-07 
 2.38147446723552123e+07  6.20633477933196930e-13  7.91737643347974743e-13 -2.60754550105575717e-13 -1.14335372638222345e-13 -1.27619402223271629e-04  7.57107229771438015e-04  3.26901923602113462e-11 -2.86963658287735528e-11  3.26901923605376172e-11 -2.86963658287268494e-11  3.26901923605511364e-11 -2.86963658287619593e-11  7.73692382954388878e-10  7.45793232501379575e-10  7.73692382954388878e-10  7.45793232501379575e-10  7.73692382954388051e-10  7.45793232501379575e-10  7.73692382954386810e-10  7.45793232501380402e-10  8.84321256506752923e-10 -6.25019104742345153e-10 -3.19340379403832468e-10  5.95895320081771060e-11  8.59829753797338170e-01  1.44947100570756993e-01 -3.25893704075493669e-08 -3.71260740864402762e-08 -3.25893704071089826e-08 -3.71260740871481178e-08 -3.25893704071187962e-08 -3.71260740871901121e-08  7.68670269734549179e-07 -7.97363969953812606e-07  7.68670269734549179e-07 -7.97363969953812606e-07  7.68670269734549179e-07 -7.97363969953812818e-07  7.68670269734549602e-07 -7.97363969953813030e-07 
 2.45103243456077725e+07  6.03188385439749625e-13  7.35419914334406961e-13 -2.38968289276443028e-13 -9.55637149317532375e-14 -1.25080298728084168e-04  7.82089866695956566e-04  2.94932672443538627e-11 -2.64504122134343327e-11  2.94932672446047310e-11 -2.64504122132982938e-11  2.94932672446388070e-11 -2.64504122133961596e-11  7.30346948895136743e-10  6.95210597790668316e-10  7.30346948895136743e-10  6.95210597790668316e-10  7.30346948895136330e-10  6.95210597790667488e-10  7.30346948895136330e-10  6.95210597790667902e-10  8.00683932152280425e-10 -5.92749527804650475e-10 -2.75407560297274413e-10  5.59002225723361930e-11  8.62995741363176250e-01  1.38032345371096793e-01 -2.91862626068976921e-08 -3.25447894217347929e-08 -2.91862626064955831e-08 -3.25447894222353629e-08 -2.91862626065231646e-08 -3.25447894223450802e-08  6.96201365591839789e-07 -7.31332365356729912e-07  6.96201365591839789e-07 -7.31332365356729912e-07  6.96201365591839578e-07 -7.31332365356730018e-07  6.96201365591839578e-07 -7.31332365356729806e-07 
 2.52262204693828449e+07  5.83473339095671231e-13  6.81425806093120287e-13 -2.18239779592772180e-13 -7.94096129595437414e-14 -1.22225112825381039e-04  8.07723551880998466e-04  2.65837434889261062e-11 -2.42851481738892474e-11  2.65837434891570576e-11 -2.42851481738023547e-11  2.65837434891791265e-11 -2.42851481738726327e-11  6.87158535793663276e-10  6.47575297596348076e-10  6.87158535793663276e-10  6.47575297596348076e-10  6.87158535793663276e-10  6.47575297596348490e-10  6.87158535793662863e-10  6.47575297596348490e-10  7.23144994849622253e-10 -5.59380651651831176e-10 -2.36972322025722519e-10  5.16403923497490904e-11  8.65987568243759331e-01  1.31054464990367103e-01 -2.60365683201149743e-08 -2.85017639106289419e-08 -2.60365683197807338e-08 -2.85017639110950615e-08 -2.60365683198005795e-08 -2.85017639111693688e-08  6.30094327833379066e-07 -6.68559014727546479e-07  6.30094327833379066e-07 -6.68559014727546479e-07  6.30094327833378855e-07 -6.68559014727546585e-07  6.30094327833378855e-07 -6.68559014727546690e-07 
 2.59630264453822114e+07  5.61591023211419147e-13  6.29974387638963414e-13 -1.98605281598205022e-13 -6.56356784094295955e-14 -1.19035883224111348e-04  8.34014178950482471e-04  2.39440174498783149e-11 -2.22028566136748459e-11  2.39440174500679073e-11 -2.22028566135539806e-11  2.39440174500993466e-11 -2.22028566136670523e-11  6.44166137367129946e-10  6.02898128124000486e-10  6.44166137367129946e-10  6.02898128124000486e-10  6.44166137367129946e-10  6.02898128123999659e-10  6.44166137367130773e-10  6.02898128124000900e-10  6.51597511654117286e-10 -5.25142320553094734e-10 -2.03431681565027712e-10  4.70118057851682410e-11  8.68798900567674059e-01  1.24013518590095934e-01 -2.31285684730719636e-08 -2.49430541558982414e-08 -2.31285684727741223e-08 -2.49430541562533170e-08 -2.31285684728059159e-08 -2.49430541563662933e-08  5.69975252496865564e-07 -6.08944706488309700e-07  5.69975252496865564e-07 -6.08944706488309700e-07  5.69975252496865564e-07 -6.08944706488309700e-07  5.69975252496865458e-07 -6.08944706488309806e-07 
 2.67213530073499456e+07  5.37678906621595705e-13  5.81281913776695232e-13 -1.80092682847262514e-13 -5.40183196652221860e-14 -1.15494477778211880e-04  8.60966495227906761e-04  2.15572929652017934e-11 -2.02056586962844842e-11  2.15572929653663830e-11 -2.02056586961709860e-11  2.15572929653826229e-11 -2.02056586962362040e-11  6.01422564997878001e-10  5.61190216462351128e-10  6.01422564997878001e-10  5.61190216462351128e-10  6.01422564997878001e-10  5.61190216462351128e-10  6.01422564997877587e-10  5.61190216462350715e-10  5.85925654060652913e-10 -4.90280778971037308e-10 -1.74242182718294166e-10  4.21825801814593668e-11  8.71422957708224422e-01  1.16910228919990394e-01 -2.04507760017532262e-08 -2.18194512682353132e-08 -2.04507760014968201e-08 -2.18194512685333199e-08 -2.04507760015148294e-08 -2.18194512685947265e-08  5.15488368957400627e-07 -5.52403957409793962e-07  5.15488368957400627e-07 -5.52403957409793962e-07  5.15488368957400627e-07 -5.52403957409793962e-07  5.15488368957400415e-07 -5.52403957409793856e-07 
 2.75018287273056991e+07  5.11909805655379799e-13  5.35556253028345026e-13 -1.62721889402797093e-13 -4.43464470655344153e-14 -1.11582721855329176e-04  8.88584039032644076e-04  1.94074879704833117e-11 -1.82955089137624562e-11  1.94074879706317066e-11 -1.82955089136814636e-11  1.94074879706467187e-11 -1.82955089137486397e-11  5.58994310514808798e-10  5.22460900413175424e-10  5.58994310514808798e-10  5.22460900413175424e-10  5.58994310514809212e-10  5.22460900413174597e-10  5.58994310514809626e-10  5.22460900413175011e-10  5.26000384398063979e-10 -4.55056049904949669e-10 -1.48913827433484748e-10  3.72915779528700026e-11  8.73852578733632535e-01  1.09746048113037592e-01 -1.79919449835593905e-08 -1.90860428215219194e-08 -1.79919449833452566e-08 -1.90860428217933571e-08 -1.79919449833633851e-08 -1.90860428218533674e-08  4.66293352850819884e-07 -4.98863196035937181e-07  4.66293352850819884e-07 -4.98863196035937181e-07  4.66293352850819884e-07 -4.98863196035937181e-07  4.66293352850819778e-07 -4.98863196035937181e-07 
 2.83051005365640000e+07  4.84491535294133537e-13  4.92991071702810638e-13 -1.46505082905916643e-13 -3.64204111668587285e-14 -1.07282539129781475e-04  9.16869087741243693e-04  1.74791522869423393e-11 -1.64741814930772245e-11  1.74791522870666361e-11 -1.64741814929827870e-11  1.74791522870807208e-11 -1.64741814930540021e-11  5.16961141806046248e-10  4.86715608492817302e-10  5.16961141806046042e-10  4.86715608492817302e-10  5.16961141806045835e-10  4.86715608492816888e-10  5.16961141806046248e-10  4.86715608492816888e-10  4.71675635124291397e-10 -4.19738641033605583e-10 -1.27004714126003358e-10  3.24521575761340492e-11  8.76080297018150600e-01  1.02523217395857902e-01 -1.57410703840423404e-08 -1.67018227836639863e-08 -1.57410703838531146e-08 -1.67018227838752912e-08 -1.57410703838716600e-08 -1.67018227839355762e-08  4.22062994245306158e-07 -4.48258878429782583e-07  4.22062994245306158e-07 -4.48258878429782530e-07  4.22062994245305946e-07 -4.48258878429782530e-07  4.22062994245305841e-07 -4.48258878429782530e-07 
 2.91318342619714774e+07  4.55665576897522221e-13  4.53759930086773263e-13 -1.31446885189596152e-13 -3.00511645355828686e-14 -1.02576104070174369e-04  9.45822618510700581e-04  1.57573969620934199e-11 -1.47432497892310851e-11  1.57573969622113028e-11 -1.47432497892017590e-11  1.57573969622103916e-11 -1.47432497891970480e-11  4.75415422038104649e-10  4.53953774874013809e-10  4.75415422038104649e-10  4.53953774874014016e-10  4.75415422038104649e-10  4.53953774874013809e-10  4.75415422038104442e-10  4.53953774874013396e-10  4.22785098825779778e-10 -3.84605650850956562e-10 -1.08116311157360210e-10  2.77553975932040413e-11  8.78098422570691040e-01  9.52448196735539571e-02 -1.36873816545222002e-08 -1.46293448991177066e-08 -1.36873816543735178e-08 -1.46293448993400246e-08 -1.36873816543723399e-08 -1.46293448993362593e-08  3.82481217006324890e-07 -4.00535562877525717e-07  3.82481217006324942e-07 -4.00535562877525717e-07  3.82481217006324890e-07 -4.00535562877525717e-07  3.82481217006324890e-07 -4.00535562877525664e-07 
 2.99827151778064631e+07  4.25704718985136380e-13  4.18010466132718471e-13 -1.17544469288258099e-13 -2.50596339647280337e-14 -9.74460051453426634e-05  9.75444283500921856e-04  1.42278353847533325e-11 -1.31040603339820336e-11  1.42278353848531176e-11 -1.31040603339468525e-11  1.42278353848553342e-11 -1.31040603339602845e-11  4.34461148210838032e-10  4.24166827670940778e-10  4.34461148210837412e-10  4.24166827670941192e-10  4.34461148210838032e-10  4.24166827670940778e-10  4.34461148210837205e-10  4.24166827670940365e-10  3.79139736602932205e-10 -3.49936371247555707e-10 -9.18892961858079133e-11  2.32728899965473984e-11  8.79899131450960992e-01  8.79148239357091937e-02 -1.18203328970729134e-08 -1.28344151959795326e-08 -1.18203328969427499e-08 -1.28344151961596065e-08 -1.18203328969458932e-08 -1.28344151961698702e-08  3.47241444101060482e-07 -3.55643971485314494e-07  3.47241444101060588e-07 -3.55643971485314494e-07  3.47241444101060482e-07 -3.55643971485314494e-07  3.47241444101060535e-07 -3.55643971485314335e-07 
 3.08584485737984292e+07  3.94909661033790747e-13  3.85858855556076427e-13 -1.04787652341531997e-13 -2.12762863563080883e-14 -9.18754174611201399e-05  1.00573240142480319e-03  1.28765362084941422e-11 -1.15577032268576972e-11  1.28765362085759329e-11 -1.15577032268006928e-11  1.28765362085792158e-11 -1.15577032268222964e-11  3.94212711011685111e-10  3.97336291305067214e-10  3.94212711011685111e-10  3.97336291305067214e-10  3.94212711011684077e-10  3.97336291305067473e-10  3.94212711011684077e-10  3.97336291305067266e-10  3.40526096451572095e-10 -3.16007506059030992e-10 -7.79998951683189758e-11  1.90591834976986450e-11  8.81474561528966749e-01  8.05381204950494506e-02 -1.01295918492080971e-08 -1.12858194766862218e-08 -1.01295918490901263e-08 -1.12858194768184450e-08 -1.01295918490947982e-08 -1.12858194768341465e-08  3.16045301288708138e-07 -3.13539068065284053e-07  3.16045301288708138e-07 -3.13539068065284053e-07  3.16045301288708032e-07 -3.13539068065284000e-07  3.16045301288708085e-07 -3.13539068065284053e-07 
 3.17597603397381343e+07  3.63604607290456763e-13  3.57384744345663543e-13 -9.31590021626035255e-14 -1.85408681095238268e-14 -8.58482832687157573e-05  1.03668396712910211e-03  1.16899879305963510e-11 -1.01049805407428315e-11  1.16899879306674465e-11 -1.01049805407001218e-11  1.16899879306719201e-11 -1.01049805407302557e-11  3.54793384599192018e-10  3.73432045316130421e-10  3.54793384599191811e-10  3.73432045316130214e-10  3.54793384599192018e-10  3.73432045316130421e-10  3.54793384599192018e-10  3.73432045316130421e-10  3.06705512141455498e-10 -2.83088144949380486e-10 -6.61566583204666528e-11  1.51539430933622558e-11  8.82816913667948455e-01  7.31205461146845481e-02 -8.60502950052940165e-09 -9.95508185623798664e-09 -8.60502950042896703e-09 -9.95508185635351399e-09 -8.60502950043487310e-09 -9.95508185637444497e-09  2.88601649028763521e-07 -2.74178182527367167e-07  2.88601649028763574e-07 -2.74178182527367167e-07  2.88601649028763521e-07 -2.74178182527367167e-07  2.88601649028763521e-07 -2.74178182527367167e-07 
 3.26873975671630017e+07  3.32131917187956268e-13  3.32626848867388062e-13 -8.26339851015389627e-14 -1.67022947011955797e-14 -7.93494984939965853e-05  1.06829468077002088e-03  1.06550747728444462e-11 -8.74637438290615243e-12  1.06550747729068531e-11 -8.74637438288069078e-12  1.06550747729065413e-11 -8.74637438287875530e-12  3.16333562323921714e-10  3.52410782191311444e-10  3.16333562323921714e-10  3.52410782191311444e-10  3.16333562323921714e-10  3.52410782191311444e-10  3.16333562323921714e-10  3.52410782191311444e-10  2.77414227164889374e-10 -2.51434647767744098e-10 -5.60976142446048079e-11  1.15838798938385829e-11  8.83918557265973792e-01  6.56688981708955233e-02 -7.23671175245588069e-09 -8.81625062005269916e-09 -7.23671175237065627e-09 -8.81625062015663937e-09 -7.23671175237032292e-09 -8.81625062015535558e-09  2.64625929126898463e-07 -2.37519212447185088e-07  2.64625929126898463e-07 -2.37519212447185088e-07  2.64625929126898463e-07 -2.37519212447185114e-07  2.64625929126898463e-07 -2.37519212447185114e-07 
 3.36421291686164960e+07  3.00845919214204270e-13  3.11579409383562646e-13 -7.31811782469892315e-14 -1.56186643996525301e-14 -7.23651031484863640e-05  1.10055899796951450e-03  9.75906330596387135e-12 -7.48201618924678481e-12  9.75906330601378168e-12 -7.48201618920489425e-12  9.75906330601617275e-12 -7.48201618922001453e-12  2.78968762068088354e-10  3.34214705586592647e-10  2.78968762068088148e-10  3.34214705586592854e-10  2.78968762068088148e-10  3.34214705586592647e-10  2.78968762068088354e-10  3.34214705586592854e-10  2.52364458612156275e-10 -2.21285604920068718e-10 -4.75877476848216713e-11  8.36449417633919534e-12  8.84772138960172150e-01  5.81909371165324416e-02 -6.01489415988535238e-09 -7.84570788950781523e-09 -6.01489415980770245e-09 -7.84570788958131850e-09 -6.01489415980990523e-09 -7.84570788959094854e-09  2.43839808908884388e-07 -2.03518932267079311e-07  2.43839808908884388e-07 -2.03518932267079311e-07  2.43839808908884494e-07 -2.03518932267079364e-07  2.43839808908884388e-07 -2.03518932267079311e-07 
 3.46247465149948075e+07  2.70106033974927493e-13  2.94189664812132319e-13 -6.47625640001558275e-14 -1.51573679001547485e-14 -6.48824732459694372e-05  1.13347020207900384e-03  8.98959906170086300e-12 -6.31165873507449830e-12  8.98959906174276164e-12 -6.31165873503748520e-12  8.98959906174453232e-12 -6.31165873504712056e-12  2.42837432484484521e-10  3.18770507757505836e-10  2.42837432484484521e-10  3.18770507757505836e-10  2.42837432484484418e-10  3.18770507757506043e-10  2.42837432484484624e-10  3.18770507757506043e-10  2.31246383698206368e-10 -1.92857043314229060e-10 -4.04167509396618656e-11  5.50166493360166643e-12  8.85370693153661126e-01  5.06953766349057325e-02 -4.93002044896320690e-09 -7.02199981542172113e-09 -4.93002044889502075e-09 -7.02199981548181911e-09 -4.93002044889613000e-09 -7.02199981548768713e-09  2.25971101830068811e-07 -1.72131439541529947e-07  2.25971101830068811e-07 -1.72131439541529947e-07  2.25971101830068785e-07 -1.72131439541529973e-07  2.25971101830068758e-07 -1.72131439541529920e-07 
 3.56360640915090963e+07  2.40269388002857397e-13  2.80356489694899745e-13 -5.73339196944483045e-14 -1.51952641725563700e-14 -5.68905115909142773e-05  1.16702049939610905e-03  8.33471218255316286e-12 -5.23465222175812468e-12  8.33471218258782366e-12 -5.23465222172366420e-12  8.33471218259110007e-12 -5.23465222173907044e-12  2.08078598903803411e-10  3.05988660778080900e-10  2.08078598903803411e-10  3.05988660778080900e-10  2.08078598903803825e-10  3.05988660778081107e-10  2.08078598903803722e-10  3.05988660778081107e-10  2.13730998270205852e-10 -1.66338044728924713e-10 -3.43970038053295258e-11  2.99311077634602763e-12  8.85707752914845048e-01  4.31918610441902398e-02 -3.97272519421207034e-09 -6.32568425775143852e-09 -3.97272519415156952e-09 -6.32568425779910811e-09 -3.97272519415283180e-09 -6.32568425780817483e-09  2.10753939344422972e-07 -1.43306765896272715e-07  2.10753939344422972e-07 -1.43306765896272715e-07  2.10753939344423025e-07 -1.43306765896272688e-07  2.10753939344423025e-07 -1.43306765896272662e-07 
 3.66769201728070602e+07  2.11683130150530203e-13  2.69930299666157209e-13 -5.08453093221975310e-14 -1.56188921641106513e-14 -4.83798346309224250e-05  1.20120113784760382e-03  7.78283098336719163e-12 -4.24992564016223330e-12  7.78283098339558396e-12 -4.24992564012996356e-12  7.78283098339816405e-12 -4.24992564014034047e-12  1.74829394414300678e-10  2.95763050454012566e-10  1.74829394414300678e-10  2.95763050454012566e-10  1.74829394414300885e-10  2.95763050454012773e-10  1.74829394414300885e-10  2.95763050454012566e-10  1.99473763870149561e-10 -1.41886933386759586e-10 -2.93617419883686451e-11  8.29739822146865908e-13  8.85777459707821624e-01  3.56909296882994137e-02 -3.13384075481058242e-09 -5.73919316316221504e-09 -3.13384075475651996e-09 -5.73919316319950103e-09 -3.13384075475699187e-09 -5.73919316320537070e-09  1.97929164944618671e-07 -1.16989677651802464e-07  1.97929164944618671e-07 -1.16989677651802464e-07  1.97929164944618645e-07 -1.16989677651802438e-07  1.97929164944618592e-07 -1.16989677651802411e-07 
 3.77481775178134143e+07  1.84676685695613064e-13  2.62714289998555535e-13 -4.52416787269575061e-14 -1.63246882427849047e-14 -3.93429523903967277e-05  1.23600254928542220e-03  7.32280214304922786e-12 -3.35597442575626484e-12  7.32280214307507079e-12 -3.35597442573552716e-12  7.32280214307607568e-12 -3.35597442573882780e-12  1.43222527553610958e-10  2.87970974664648251e-10  1.43222527553610958e-10  2.87970974664648251e-10  1.43222527553610958e-10  2.87970974664648044e-10  1.43222527553611061e-10  2.87970974664648458e-10  1.88118929202121545e-10 -1.19628172554726379e-10 -2.51633791514954303e-11 -1.00309984153913701e-12  8.85574670346666593e-01  2.82039682577485268e-02 -2.40440832158575893e-09 -5.24670711402217785e-09 -2.40440832153714263e-09 -5.24670711405604345e-09 -2.40440832153716910e-09 -5.24670711405784587e-09  1.87244917620719028e-07 -9.31186875902995417e-08  1.87244917620719028e-07 -9.31186875902995417e-08  1.87244917620718923e-07 -9.31186875902994888e-08  1.87244917620719028e-07 -9.31186875902995285e-08 
 3.88507240848652124e+07  1.59554197673371423e-13  2.58467025021448189e-13 -4.04635500102976421e-14 -1.72191805113277339e-14 -2.97744384373657144e-05  1.27141451509681829e-03  6.94391612138911383e-12 -2.55085520553690100e-12  6.94391612140951385e-12 -2.55085520551402913e-12  6.94391612141028691e-12 -2.55085520551609708e-12  1.13383742659806822e-10  2.82473519591196198e-10  1.13383742659806822e-10  2.82473519591196198e-10  1.13383742659806718e-10  2.82473519591195784e-10  1.13383742659806563e-10  2.82473519591195991e-10  1.79304385049251557e-10 -9.96500864276037128e-11 -2.16719530608788848e-11 -2.52446245314820148e-12  8.85095059500319192e-01  2.07431471890320261e-02 -1.77569271033584481e-09 -4.83403979718373862e-09 -1.77569271029148456e-09 -4.83403979720827197e-09 -1.77569271029141901e-09 -4.83403979720935062e-09  1.78457368922061411e-07 -7.16252950112211807e-08  1.78457368922061411e-07 -7.16252950112211807e-08  1.78457368922061411e-07 -7.16252950112211145e-08  1.78457368922061464e-07 -7.16252950112211410e-08 
 3.99854737677348331e+07  1.36587409351545507e-13  2.56906345803925935e-13 -3.64478055580251555e-14 -1.82191333012632583e-14 -1.96710867440022385e-05  1.30742635445907948e-03  6.63593629864240999e-12 -1.83218820340761805e-12  6.63593629866036724e-12 -1.83218820338881262e-12  6.63593629866053769e-12 -1.83218820338925287e-12  8.54293321229092791e-11  2.79116317652903301e-10  8.54293321229092791e-11  2.79116317652903301e-10  8.54293321229092791e-11  2.79116317652903094e-10  8.54293321229094342e-11  2.79116317652903301e-10  1.72666889879813020e-10 -8.20034944337439046e-11 -1.87736715593123816e-11 -3.75673675837515054e-12  8.84335216111247990e-01  1.33213475389616955e-02 -1.23920035948994262e-09 -4.48853041637967636e-09 -1.23920035944895417e-09 -4.48853041639958577e-09 -1.23920035944892067e-09 -4.48853041639981572e-09  1.71331575197568326e-07 -5.24334662599228993e-08  1.71331575197568326e-07 -5.24334662599228993e-08  1.71331575197568326e-07 -5.24334662599228993e-08  1.71331575197568300e-07 -5.24334662599228728e-08 
 4.11533671531506330e+07  1.16009235334925420e-13  2.57714512511825239e-13 -3.31285472742361874e-14 -1.92516183399971938e-14 -9.03205239465372244e-06  1.34402713403440990e-03  6.38913028851587071e-12 -1.19716761808510580e-12  6.38913028852716932e-12 -1.19716761805973462e-12  6.38913028852915811e-12 -1.19716761806352963e-12  5.94637611048131415e-11  2.77730681048824031e-10  5.94637611048131415e-11  2.77730681048824031e-10  5.94637611048130640e-11  2.77730681048824031e-10  5.94637611048132708e-11  2.77730681048824031e-10  1.67847488344784251e-10 -6.67013116123847492e-11 -1.63695392350333572e-11 -4.72466796719684980e-12  8.83292732059581254e-01  5.95207494175303657e-03 -7.86699847454087728e-10 -4.19894235957378252e-09 -7.86699847416854468e-10 -4.19894235958501067e-09 -7.86699847416430745e-10 -4.19894235958684453e-09  1.65642405113028932e-07 -3.54593623119060950e-08  1.65642405113028932e-07 -3.54593623119060950e-08  1.65642405113028932e-07 -3.54593623119060950e-08  1.65642405113028879e-07 -3.54593623119061017e-08 
 4.23553723004432842e+07  9.80082513423364226e-14  2.60544447869564538e-13 -3.04380124559536126e-14 -2.02539930532093238e-14  2.14102687053353311e-06  1.38120589751827751e-03  6.19430185852753603e-12 -6.42580030552900094e-13  6.19430185853808904e-12 -6.42580030531756905e-13  6.19430185854126448e-12 -6.42580030537128733e-13  3.55774648117787467e-11  2.78135094009987799e-10  3.55774648117787467e-11  2.78135094009987799e-10  3.55774648117787467e-11  2.78135094009987799e-10  3.55774648117785916e-11  2.78135094009987386e-10  1.64496936880474091e-10 -5.37191324363396144e-11 -1.43740505125230023e-11 -5.45447111658749211e-12  8.81966281520015438e-01 -1.35063748639730071e-03 -4.10244143254552830e-10 -3.95536671106639027e-09 -4.10244143219560144e-10 -3.95536671107529901e-09 -4.10244143218766412e-10 -3.95536671107778220e-09  1.61175501707068167e-07 -2.06113140774216694e-08  1.61175501707068167e-07 -2.06113140774216694e-08  1.61175501707068167e-07 -2.06113140774216694e-08  1.61175501707068141e-07 -2.06113140774216694e-08 
 4.35924855439639091e+07  8.27243046261660882e-14  2.65026902536203573e-13 -2.83075244951237089e-14 -2.11737711896509771e-14  1.38439310649276499e-05  1.41895191293872408e-03  6.04282192954816838e-12 -1.64830638464098169e-13  6.04282192955479471e-12 -1.64830638440958922e-13  6.04282192955753394e-12 -1.64830638445027778e-13  1.38448758164391850e-11  2.80137036495236803e-10  1.38448758164391850e-11  2.80137036495236803e-10  1.38448758164390816e-11  2.80137036495236803e-10  1.38448758164391850e-11  2.80137036495237217e-10  1.62280950799733390e-10 -4.29967781014813365e-11 -1.27139393990529120e-11 -5.97303831958101945e-12  8.80355689515459172e-01 -8.57233621623474350e-03 -1.02193739138207681e-10 -3.74912947905970370e-09 -1.02193739105982094e-10 -3.74912947906425981e-09 -1.02193739105250970e-10 -3.74912947906604900e-09  1.57728238730214409e-07 -7.79003992578474841e-09  1.57728238730214409e-07 -7.79003992578474841e-09  1.57728238730214409e-07 -7.79003992578474179e-09  1.57728238730214409e-07 -7.79003992578473518e-09 
 4.48657323189392462e+07  7.02454092414141218e-14  2.70778323683719442e-13 -2.66684543475986637e-14 -2.19683761601307227e-14  2.60697828946906934e-05  1.45725493520530995e-03  5.92665720128565285e-12  2.40023134817362614e-13  5.92665720128866350e-12  2.40023134842246694e-13  5.92665720129349491e-12  2.40023134835767382e-13 -5.67726564098059387e-12  2.83535101826530365e-10 -5.67726564098077481e-12  2.83535101826530158e-10 -5.67726564098067142e-12  2.83535101826530365e-10 -5.67726564098064557e-12  2.83535101826530158e-10  1.60885095218357114e-10 -3.44407506888579772e-11 -1.13269801277918222e-11 -6.30724241271250572e-12  8.78461988333387400e-01 -1.56982630402746556e-02  1.44760212138977839e-10 -3.57270167543456140e-09  1.44760212168644180e-10 -3.57270167543575295e-09  1.44760212169959604e-10 -3.57270167543844005e-09  1.55110632402392167e-07  3.11090617851942147e-09  1.55110632402392220e-07  3.11090617851946117e-09  1.55110632402392141e-07  3.11090617851943470e-09  1.55110632402392141e-07  3.11090617851946779e-09 
 4.61761680114483237e+07  6.06060444929152424e-14  2.77409177233171473e-13 -2.54531675975707808e-14 -2.26047729974850185e-14  3.88089994555552013e-05  1.49610548097873358e-03  5.83839507250793850e-12  5.76231341962350845e-13  5.83839507250998221e-12  5.76231341985919030e-13  5.83839507251443881e-12  5.76231341980326675e-13 -2.29512719989598137e-11  2.88121361545319374e-10 -2.29512719989598137e-11  2.88121361545319374e-10 -2.29512719989598137e-11  2.88121361545319374e-10 -2.29512719989597878e-11  2.88121361545319168e-10  1.60019157873236328e-10 -2.79275035330055734e-11 -1.01608363807040025e-11 -6.48333887439671217e-12  8.76287460626760994e-01 -2.27134779730527349e-02  3.37573623083821812e-10 -3.41961163897350382e-09  3.37573623111751617e-10 -3.41961163897324574e-09  3.37573623112994870e-10 -3.41961163897542949e-09  1.53146172317755466e-07  1.22044734151324769e-08  1.53146172317755466e-07  1.22044734151324769e-08  1.53146172317755466e-07  1.22044734151324769e-08  1.53146172317755519e-07  1.22044734151325232e-08 
 4.75248788332251981e+07  5.37869229723412703e-14  2.84532453547910379e-13 -2.45959319947487558e-14 -2.30589803889212333e-14  5.20492725453151561e-05  1.53549511257462085e-03  5.77126368351160115e-12  8.48305416888972089e-13  5.77126368351934223e-12  8.48305416903807218e-13  5.77126368351954903e-12  8.48305416903544685e-13 -3.79595012783844623e-11  2.93683922724652134e-10 -3.79595012783845140e-11  2.93683922724652134e-10 -3.79595012783843589e-11  2.93683922724651928e-10 -3.79595012783844106e-11  2.93683922724651928e-10  1.59420864401274994e-10 -2.33074072959882039e-11 -9.17195956904295076e-12 -6.52646670711108823e-12  8.73835668228732265e-01 -2.96029876342864227e-02  4.82828884195337800e-10 -3.28435922655090510e-09  4.82828884223472901e-10 -3.28435922655237583e-09  4.82828884223536181e-10 -3.28435922655247427e-09  1.51672538805464596e-07  1.96092625853335167e-08  1.51672538805464570e-07  1.96092625853334804e-08  1.51672538805464570e-07  1.96092625853335333e-08  1.51672538805464570e-07  1.96092625853335498e-08 
 4.89129827220128998e+07  4.97162389264893880e-14  2.91772077260802869e-13 -2.40337615341872066e-14 -2.33154695741658753e-14  6.57755789841979195e-05  1.57541672732546792e-03  5.71914610110688609e-12  1.06096735187093811e-12  5.71914610110912368e-12  1.06096735189074440e-12  5.71914610111108824e-12  1.06096735188850439e-12 -5.07049543273236340e-11  3.00009616536392937e-10 -5.07049543273236340e-11  3.00009616536392937e-10 -5.07049543273236340e-11  3.00009616536393144e-10 -5.07049543273236340e-11  3.00009616536393144e-10  1.58858824894671650e-10 -2.04092669982728087e-11 -8.32453875802360799e-12 -6.46024741736234191e-12  8.71111465951548536e-01 -3.63518772923925593e-02  5.86716714917277455e-10 -3.16233170652402550e-09  5.86716714942594455e-10 -3.16233170652257421e-09  5.86716714943122610e-10 -3.16233170652333232e-09  1.50542178572227914e-07  2.54485119241700322e-08  1.50542178572227914e-07  2.54485119241700322e-08  1.50542178572227887e-07  2.54485119241700620e-08  1.50542178572227914e-07  2.54485119241700620e-08 
 5.03416302682148367e+07  4.82723512516891564e-14  2.98770944949586359e-13 -2.37071754261308262e-14 -2.33664617819655309e-14  7.99702218379156536e-05  1.61586484856138636e-03  5.67658788737549250e-12  1.21909535013472105e-12  5.67658788737615408e-12  1.21909535015511945e-12  5.67658788737875033e-12  1.21909535015223806e-12 -6.12114591274516107e-11  3.06886752438325487e-10 -6.12114591274516107e-11  3.06886752438325487e-10 -6.12114591274516107e-11  3.06886752438325487e-10 -6.12114591274515849e-11  3.06886752438325694e-10  1.58134633073666696e-10 -1.90452278816136616e-11 -7.58950624001615851e-12 -6.30647944250616420e-12  8.68120999880678035e-01 -4.29454446299843140e-02  6.55021104690866929e-10 -3.04972137132140841e-09  6.55021104714472596e-10 -3.04972137131901579e-09  6.55021104715150677e-10 -3.04972137131991783e-09  1.49622715801287835e-07  2.98489516488919751e-08  1.49622715801287835e-07  2.98489516488919751e-08  1.49622715801287835e-07  2.98489516488919751e-08  1.49622715801287809e-07  2.98489516488919751e-08 
 5.18120056686118171e+07  4.92878006049028611e-14  3.05198329474419301e-13 -2.35608535022674864e-14 -2.32111400841462146e-14  9.46129028692158276e-05  1.65683591423663101e-03  5.63879753146178384e-12  1.32766725154001094e-12  5.63879753146050752e-12  1.32766725156158388e-12  5.63879753146413856e-12  1.32766725155753279e-12 -6.95234367025860955e-11  3.14107869959859755e-10 -6.95234367025860955e-11  3.14107869959859755e-10 -6.95234367025859921e-11  3.14107869959859962e-10 -6.95234367025859921e-11  3.14107869959859755e-10  1.57084074502829421e-10 -1.90158979955556166e-11 -6.94360349803554785e-12 -6.08492351859446874e-12  8.64871689963744861e-01 -4.93693332296542969e-02  6.93107877960141243e-10 -2.94344503727526503e-09  6.93107877981979949e-10 -2.94344503727207418e-09  6.93107877982907425e-10 -2.94344503727324630e-09  1.48797181781558360e-07  3.29395614963251608e-08  1.48797181781558360e-07  3.29395614963251608e-08  1.48797181781558360e-07  3.29395614963251608e-08  1.48797181781558333e-07  3.29395614963251608e-08 
 5.33253277079351395e+07  5.25545100501372946e-14  3.10756416296410277e-13 -2.35441735692032547e-14 -2.28547948859586481e-14  1.09680825998513965e-04  1.69832855914528024e-03  5.60163947279012404e-12  1.39170307467051673e-12  5.60163947279174205e-12  1.39170307468798769e-12  5.60163947279401598e-12  1.39170307468544395e-12 -7.57052551781133088e-11  3.21472420024987992e-10 -7.57052551781133088e-11  3.21472420024987992e-10 -7.57052551781133088e-11  3.21472420024988199e-10 -7.57052551781135673e-11  3.21472420024988199e-10  1.55577436171004690e-10 -2.01155133292659785e-11 -6.36851241931662829e-12 -5.81317269807291868e-12  8.61372196973367421e-01 -5.56096637417101899e-02  7.05917283099265802e-10 -2.84106571898355214e-09  7.05917283120598170e-10 -2.84106571898125010e-09  7.05917283121157033e-10 -2.84106571898192632e-09  1.47964052464512038e-07  3.48502671640752186e-08  1.47964052464512038e-07  3.48502671640752186e-08  1.47964052464512038e-07  3.48502671640752319e-08  1.47964052464512171e-07  3.48502671640752385e-08 
 5.48828507691094503e+07  5.78299754659163994e-14  3.15185773681845918e-13 -2.36116207106069842e-14 -2.23079246272444723e-14  1.25148830928732913e-04  1.74034388670222390e-03  5.56161969348034266e-12  1.41620801956981389e-12  5.56161969347711472e-12  1.41620801959219987e-12  5.56161969348331615e-12  1.41620801958494709e-12 -7.98401904969543945e-11  3.28789309992846631e-10 -7.98401904969543945e-11  3.28789309992846631e-10 -7.98401904969542394e-11  3.28789309992846838e-10 -7.98401904969541877e-11  3.28789309992846838e-10  1.53518944666039976e-10 -2.21369768383502325e-11 -5.85005618843007255e-12 -5.50659913609017151e-12  8.57632374218174842e-01 -6.16531607227499487e-02  6.97960864229977117e-10 -2.74071685109490987e-09  6.97960864248886776e-10 -2.74071685109129344e-09  6.97960864250399896e-10 -2.74071685109306278e-09  1.47037089809569739e-07  3.57106121098483843e-08  1.47037089809569739e-07  3.57106121098483843e-08  1.47037089809569713e-07  3.57106121098483644e-08  1.47037089809569713e-07  3.57106121098483975e-08 
 5.64858658730026782e+07  6.48442179966945994e-14  3.18269603421173007e-13 -2.37230633257300075e-14 -2.15853145497136613e-14  1.40989555519326504e-04  1.78288572637121264e-03  5.51586409891681934e-12  1.40611722869886259e-12  5.51586409891377234e-12  1.40611722872060153e-12  5.51586409891903108e-12  1.40611722871422562e-12 -8.20290235106534225e-11  3.35879251100578437e-10 -8.20290235106534225e-11  3.35879251100578437e-10 -8.20290235106533708e-11  3.35879251100578230e-10 -8.20290235106531640e-11  3.35879251100578230e-10  1.50845392401442103e-10 -2.48766154502795047e-11 -5.37747341299170319e-12 -5.17836846515760509e-12  8.53663204657442276e-01 -6.74872731905331175e-02  6.73322730375561473e-10 -2.64102948319774220e-09  6.73322730393311735e-10 -2.64102948319439129e-09  6.73322730394567085e-10 -2.64102948319581818e-09  1.45944989169010033e-07  3.56484404651113605e-08  1.45944989169010033e-07  3.56484404651113605e-08  1.45944989169010060e-07  3.56484404651113407e-08  1.45944989169010033e-07  3.56484404651113804e-08 
 5.81357017485449687e+07  7.33072475034597032e-14  3.19836669237959088e-13 -2.38438955142354889e-14 -2.07051165884928510e-14  1.57173624917551308e-04  1.82596087303614875e-03  5.46209012912061746e-12  1.36624351532616318e-12  5.46209012912055526e-12  1.36624351534379651e-12  5.46209012912215712e-12  1.36624351534175400e-12 -8.23883133412959499e-11  3.42576853535204294e-10 -8.23883133412959499e-11  3.42576853535204294e-10 -8.23883133412962084e-11  3.42576853535203880e-10 -8.23883133412960533e-11  3.42576853535204087e-10  1.47524039424031171e-10 -2.81385180392908885e-11 -4.94276782256994723e-12 -4.83951164200651550e-12  8.49476724351508561e-01 -7.31002870502175661e-02  6.35665195886865144e-10 -2.54106289455490164e-09  6.35665195904124371e-10 -2.54106289455258678e-09  6.35665195904498153e-10 -2.54106289455300492e-09  1.44630841022812555e-07  3.47886250114952075e-08  1.44630841022812555e-07  3.47886250114952075e-08  1.44630841022812555e-07  3.47886250114952141e-08  1.44630841022812528e-07  3.47886250114951810e-08 
 5.98337259341035411e+07  8.29167742110364751e-14  3.19762853803225876e-13 -2.39450500340004821e-14 -1.96879526173119646e-14  1.73669864921772218e-04  1.86957930493387341e-03  5.39857224185273158e-12  1.30122914294835194e-12  5.39857224185208696e-12  1.30122914296641218e-12  5.39857224185548535e-12  1.30122914296183684e-12 -8.10483956220032742e-11  3.48732422673734379e-10 -8.10483956220031191e-11  3.48732422673734379e-10 -8.10483956220031708e-11  3.48732422673734172e-10 -8.10483956220033776e-11  3.48732422673734379e-10  1.43549901064581505e-10 -3.17383412263266488e-11 -4.54013445244239506e-12 -4.49904361770486341e-12  8.45085933444742365e-01 -7.84814277024434015e-02  5.88238634281295281e-10 -2.44023906730429493e-09  5.88238634297233810e-10 -2.44023906730209629e-09  5.88238634298012911e-10 -2.44023906730295449e-09  1.43051420890158429e-07  3.32518713285026314e-08  1.43051420890158429e-07  3.32518713285026513e-08  1.43051420890158455e-07  3.32518713285026182e-08  1.43051420890158376e-07  3.32518713285026844e-08 
 6.15813459110264778e+07  9.33659060464922331e-14  3.17971349436023400e-13 -2.40028902626210777e-14 -1.85560615076143925e-14  1.90445536567505512e-04  1.91375437712490437e-03  5.32410207628924852e-12  1.21550258050688555e-12  5.32410207628928891e-12  1.21550258052366867e-12  5.32410207629135605e-12  1.21550258052071780e-12 -7.81511610255679598e-11  3.54213419833450331e-10 -7.81511610255679598e-11  3.54213419833450331e-10 -7.81511610255679598e-11  3.54213419833450331e-10 -7.81511610255680115e-11  3.54213419833450331e-10  1.38942548249267942e-10 -3.55064973316160962e-11 -4.16546169917343500e-12 -4.16411806163336465e-12  8.40504696093020254e-01 -8.36209513267348048e-02  5.33895268390453775e-10 -2.33828142349079528e-09  5.33895268405397310e-10 -2.33828142348905985e-09  5.33895268405866218e-10 -2.33828142348956981e-09  1.41176326059212379e-07  3.11536254410333186e-08  1.41176326059212379e-07  3.11536254410333186e-08  1.41176326059212379e-07  3.11536254410333186e-08  1.41176326059212405e-07  3.11536254410333120e-08 
 6.33800102702949792e+07  1.04350580805135549e-13  3.14431539442674647e-13 -2.39989931844485508e-14 -1.73325079125090242e-14  2.07466588516521847e-04  1.95850298796399922e-03  5.23794423630175519e-12  1.11324097721229007e-12  5.23794423630216878e-12  1.11324097722820118e-12  5.23794423630479249e-12  1.11324097722421795e-12 -7.38476743345617391e-11  3.58905561623672541e-10 -7.38476743345617391e-11  3.58905561623672541e-10 -7.38476743345618425e-11  3.58905561623672334e-10 -7.38476743345618942e-11  3.58905561623672127e-10  1.33742557209670192e-10 -3.92906681705223578e-11 -3.81590712012614884e-12 -3.84020764578128690e-12  8.35747630955700149e-01 -8.85102235617800936e-02  4.75106518248152059e-10 -2.23515817591519697e-09  4.75106518262058929e-10 -2.23515817591385239e-09  4.75106518262640954e-10 -2.23515817591448022e-09  1.38986981681866244e-07  2.86031078374720256e-08  1.38986981681866244e-07  2.86031078374720256e-08  1.38986981681866217e-07  2.86031078374720587e-08  1.38986981681866244e-07  2.86031078374720918e-08 
 6.52312099132511243e+07  1.15576504470184850e-13  3.09156674156315071e-13 -2.39198382805006187e-14 -1.60404675299684201e-14  2.24697923475646451e-04  2.00384571654540914e-03  5.13978872397036968e-12  9.98338902934650351e-13  5.13978872397131319e-12  9.98338902949439031e-13  5.13978872397279953e-12  9.98338902946970414e-13 -6.82956968971993927e-11  3.62713543350328532e-10 -6.82956968971993927e-11  3.62713543350328532e-10 -6.82956968971992893e-11  3.62713543350328118e-10 -6.82956968971993152e-11  3.62713543350328118e-10  1.28007748573328161e-10 -4.29576181690412674e-11 -3.48954344359721419e-12 -3.53130002654938857e-12  8.30829994023968399e-01 -9.31417845555275320e-02  4.13983445972438329e-10 -2.13103057096072033e-09  4.13983445985368196e-10 -2.13103057095978603e-09  4.13983445985701085e-10 -2.13103057096014296e-09  1.36475541720067513e-07  2.57024917264983409e-08  1.36475541720067513e-07  2.57024917264983409e-08  1.36475541720067539e-07  2.57024917264983177e-08  1.36475541720067539e-07  2.57024917264983475e-08 
 6.71364792873964310e+07  1.26765398068233572e-13  3.02200485921366941e-13 -2.37564192251959670e-14 -1.47026000390053871e-14  2.42103674648379611e-04  2.04980692968400463e-03  5.02970110410381396e-12  8.74383695532329527e-13  5.02970110410484794e-12  8.74383695546711888e-13  5.02970110410694174e-12  8.74383695542940703e-13 -6.16571756979474724e-11  3.65561383343377567e-10 -6.16571756979474724e-11  3.65561383343377567e-10 -6.16571756979475500e-11  3.65561383343377567e-10 -6.16571756979473949e-11  3.65561383343376947e-10  1.21809352685561661e-10 -4.63943089334357618e-11 -3.18507003579503323e-12 -3.24010058740870906e-12  8.25767555680410048e-01 -9.75093996301114874e-02  3.52299776332765132e-10 -2.02620621748981899e-09  3.52299776344657560e-10 -2.02620621748917461e-09  3.52299776345131483e-10 -2.02620621748967878e-09  1.33643712109124621e-07  2.25462381070859338e-08  1.33643712109124621e-07  2.25462381070859338e-08  1.33643712109124621e-07  2.25462381070859438e-08  1.33643712109124541e-07  2.25462381070859206e-08 
 6.90973976582855284e+07  1.37660393433887144e-13  2.93652918909276832e-13 -2.35037964632101421e-14 -1.33405171461674485e-14  2.59647488043462688e-04  2.09641485756971706e-03  4.90807149122144777e-12  7.44637552056664782e-13  4.90807149122286787e-12  7.44637552070149280e-13  4.90807149122514262e-12  7.44637552065706012e-13 -5.40957604430626813e-11  3.67392396172894006e-10 -5.40957604430626813e-11  3.67392396172894006e-10 -5.40957604430626813e-11  3.67392396172894006e-10 -5.40957604430624228e-11  3.67392396172894006e-10  1.15228229169220336e-10 -4.95083436391665940e-11 -2.90158409250337781e-12 -2.96823415665772769e-12  8.20576473943027129e-01 -1.01608095088211017e-01  2.91516932963580012e-10 -1.92109760512146020e-09  2.91516932974540052e-10 -1.92109760512115125e-09  2.91516932975055850e-10 -1.92109760512169636e-09  1.30501524340800140e-07  1.92205948315810183e-08  1.30501524340800140e-07  1.92205948315810183e-08  1.30501524340800140e-07  1.92205948315810183e-08  1.30501524340800140e-07  1.92205948315810448e-08 
 7.11155904185692519e+07  1.48030460720563998e-13  2.83635171688937708e-13 -2.31606090617494443e-14 -1.19743494338636367e-14  2.77292806438575316e-04  2.14370163790074094e-03  4.77556342222955065e-12  6.12026307012678151e-13  4.77556342223057251e-12  6.12026307026866642e-13  4.77556342223272932e-12  6.12026307022197595e-13 -4.57744063467205970e-11  3.68168812967887595e-10 -4.57744063467203643e-11  3.68168812967887802e-10 -4.57744063467205970e-11  3.68168812967887595e-10 -4.57744063467205970e-11  3.68168812967887595e-10  1.08351255088905670e-10 -5.22277922446041850e-11 -2.63840511882860243e-12 -2.71643921212084516e-12  8.15273165892086094e-01 -1.05434178988871308e-01  2.32810513827594876e-10 -1.81618582177152898e-09  2.32810513837489817e-10 -1.81618582177134080e-09  2.32810513837994578e-10 -1.81618582177186999e-09  1.27066087462051926e-07  1.58032616189520412e-08  1.27066087462051899e-07  1.58032616189520478e-08  1.27066087462051926e-07  1.58032616189520412e-08  1.27066087462051926e-07  1.58032616189520412e-08 
 7.31927304352721572e+07  1.57673795402967496e-13  2.72294262346947132e-13 -2.27285637839568076e-14 -1.06224121326398940e-14  2.95003150815113390e-04  2.19170332883214828e-03  4.63306361701521719e-12  4.79134659634320075e-13  4.63306361701782798e-12  4.79134659644700222e-13  4.63306361701878441e-12  4.79134659642449709e-13 -3.68531146269516532e-11  3.67871076229808422e-10 -3.68531146269516532e-11  3.67871076229808422e-10 -3.68531146269519117e-11  3.67871076229808422e-10 -3.68531146269516791e-11  3.67871076229808422e-10  1.01267978724838931e-10 -5.45004669365165543e-11 -2.39494584531067962e-12 -2.48474945148932251e-12  8.09874179224104651e-01 -1.08985246986923801e-01  1.77097632491088255e-10 -1.71198938954866252e-09  1.77097632500438058e-10 -1.71198938954906101e-09  1.77097632500664628e-10 -1.71198938954929593e-09  1.23360345367743293e-07  1.23632179962445682e-08  1.23360345367743293e-07  1.23632179962445682e-08  1.23360345367743372e-07  1.23632179962445483e-08  1.23360345367743267e-07  1.23632179962445550e-08 
 7.53305394364212900e+07  1.66420136927270666e-13  2.59797327951270853e-13 -2.22119181889350987e-14 -9.30096672717340246e-15  3.12742395236239050e-04  2.24045989175076458e-03  4.48163353766109603e-12  3.48207456297678534e-13  4.48163353766335785e-12  3.48207456308803467e-13  4.48163353766428843e-12  3.48207456306259725e-13 -2.74868558783388518e-11  3.66496844162084789e-10 -2.74868558783389035e-11  3.66496844162085202e-10 -2.74868558783389035e-11  3.66496844162084789e-10 -2.74868558783389035e-11  3.66496844162084789e-10  9.40676161469634458e-11 -5.62927306562088287e-11 -2.17062259052564349e-12 -2.27265897106944487e-12  8.04396065842799990e-01 -1.12260173628906793e-01  1.25064574684114009e-10 -1.60903805268108309e-09  1.25064574692491979e-10 -1.60903805268154155e-09  1.25064574692735067e-10 -1.60903805268179054e-09  1.19411864284804764e-07  8.96070675368867790e-09  1.19411864284804737e-07  8.96070675368864481e-09  1.19411864284804764e-07  8.96070675368868121e-09  1.19411864284804737e-07  8.96070675368868617e-09 
 7.75307894381754845e+07  1.74132033459994555e-13  2.46325862776704139e-13 -2.16169728770208031e-14 -8.02407254094406197e-15  3.30475031408689610e-04  2.29001514541253689e-03  4.32246354327204790e-12  2.21156501096413198e-13  4.32246354327437354e-12  2.21156501107106769e-13  4.32246354327547214e-12  2.21156501103762504e-13 -1.78237133719230999e-11  3.64059745569363288e-10 -1.78237133719230999e-11  3.64059745569363288e-10 -1.78237133719230482e-11  3.64059745569363288e-10 -1.78237133719231516e-11  3.64059745569363081e-10  8.68364466785969873e-11 -5.75879300966373644e-11 -1.96479820004131747e-12 -2.07926859317078261e-12  7.98855259279610097e-01 -1.15259089744230978e-01  7.71942571772571043e-11 -1.50785127520569636e-09  7.71942571848337686e-11 -1.50785127520631344e-09  7.71942571851330528e-11 -1.50785127520661639e-09  1.15251672705568380e-07  5.64736164844342428e-09  1.15251672705568380e-07  5.64736164844342428e-09  1.15251672705568380e-07  5.64736164844342097e-09  1.15251672705568340e-07  5.64736164844335314e-09 
 7.97953042136381567e+07  1.80705105255526876e-13  2.32070084145201398e-13 -2.09515859001207936e-14 -6.80352021879708782e-15  3.48166419386597295e-04  2.34041669340994459e-03  4.15683030690886364e-12  9.95722630968890087e-14  4.15683030691152613e-12  9.95722631064137026e-14  4.15683030691241712e-12  9.95722631031360802e-14 -8.00327451039742590e-12  3.60587930632628068e-10 -8.00327451039742590e-12  3.60587930632628068e-10 -8.00327451039742590e-12  3.60587930632628068e-10 -8.00327451039736127e-12  3.60587930632628068e-10  7.96556421417209876e-11 -5.83845482190307422e-11 -1.77675103113254284e-12 -1.90341206274273898e-12  7.93267957565311765e-01 -1.17983346790618601e-01  3.37930264250954022e-11 -1.40892114162376799e-09  3.37930264319858620e-11 -1.40892114162457574e-09  3.37930264322659919e-11 -1.40892114162485470e-09  1.10913172865803393e-07  2.46646495248727969e-09  1.10913172865803393e-07  2.46646495248727969e-09  1.10913172865803393e-07  2.46646495248727969e-09  1.10913172865803446e-07  2.46646495248727969e-09 
 8.21259608045711517e+07  1.86067391216343859e-13  2.17223592642729147e-13 -2.02247199865787467e-14 -5.64883739626955900e-15  3.65783021387328165e-04  2.39171582751111127e-03  3.98605801946815347e-12 -1.52602226039083897e-14  3.98605801947084181e-12 -1.52602225945082979e-14  3.98605801947116493e-12 -1.52602225958187410e-14  1.84471018549130561e-12  3.56122465216277927e-10  1.84471018549130561e-12  3.56122465216277927e-10  1.84471018549146071e-12  3.56122465216277927e-10  1.84471018549135731e-12  3.56122465216277927e-10  7.25995445853520293e-11 -5.86941703871468378e-11 -1.60566396550205202e-12 -1.74376185983204414e-12  7.87650013051800379e-01 -1.20435469245364468e-01 -4.98360450289112232e-12 -1.31269930189343132e-09 -4.98360449672141316e-12 -1.31269930189431372e-09 -4.98360449661818603e-12 -1.31269930189441691e-09  1.06431139321407390e-07 -5.46681848071280531e-10  1.06431139321407390e-07 -5.46681848071280531e-10  1.06431139321407323e-07 -5.46681848071280531e-10  1.06431139321407337e-07 -5.46681848071290458e-10 
 8.45246910772626251e+07  1.90177888951254428e-13  2.01978466224276260e-13 -1.94460307493937715e-14 -4.56735577738644633e-15  3.83292616016766598e-04  2.44396740962581852e-03  3.81148376112951680e-12 -1.22342009337183660e-13  3.81148376113220514e-12 -1.22342009328049332e-13  3.81148376113263166e-12 -1.22342009330161914e-13  1.16013903432326548e-11  3.50715617049387182e-10  1.16013903432326548e-11  3.50715617049387182e-10  1.16013903432327452e-11  3.50715617049387595e-10  1.16013903432329520e-11  3.50715617049387595e-10  6.57343887683988724e-11 -5.85393534986796555e-11 -1.45062807587056917e-12 -1.59891522269929395e-12  7.82016830429204002e-01 -1.22619096265814645e-01 -3.91066166276443693e-11 -1.21958756460104328e-09 -3.91066166221353141e-11 -1.21958756460198812e-09 -3.91066166219718555e-11 -1.21958756460214653e-09  1.01840816488261408e-07 -3.36429252916474204e-09  1.01840816488261408e-07 -3.36429252916474204e-09  1.01840816488261408e-07 -3.36429252916478009e-09  1.01840816488261355e-07 -3.36429252916474990e-09 
 8.69934833238385618e+07  1.93024416706879660e-13  1.86520897532873528e-13 -1.86255015681559768e-14 -3.56432835190646971e-15  4.00664490730123866e-04  2.49722973553191284e-03  3.63442727783518451e-12 -2.20938211971454655e-13  3.63442727783793666e-12 -2.20938211962755526e-13  3.63442727783833733e-12 -2.20938211965402262e-13  2.11595994433772504e-11  3.44429081081192016e-10  2.11595994433772504e-11  3.44429081081192016e-10  2.11595994433774185e-11  3.44429081081192429e-10  2.11595994433772634e-11  3.44429081081192016e-10  5.91174497980590399e-11 -5.79514794445567802e-11 -1.31065629256571190e-12 -1.46746163770307186e-12  7.76383274000512102e-01 -1.24538913999166667e-01 -6.86508092271248343e-11 -1.12993171819500014e-09 -6.86508092222115107e-11 -1.12993171819599855e-09 -6.86508092220159083e-11 -1.12993171819618425e-09  9.71771232699221166e-08 -5.96555486873242297e-09  9.71771232699221166e-08 -5.96555486873242297e-09  9.71771232699221166e-08 -5.96555486873241801e-09  9.71771232699221431e-08 -5.96555486873241801e-09 
 8.95343839103453904e+07  1.94620936435818984e-13  1.71027452127462336e-13 -1.77731284832695488e-14 -2.64308548475699391e-15  4.17869610861731824e-04  2.55156438364675464e-03  3.45616526477477606e-12 -3.10554052165333711e-13  3.45616526477783841e-12 -3.10554052158726768e-13  3.45616526477799431e-12 -3.10554052160149696e-13  3.04243650450533447e-11  3.37332188849088345e-10  3.04243650450533447e-11  3.37332188849088345e-10  3.04243650450535451e-11  3.37332188849088345e-10  3.04243650450534998e-11  3.37332188849088759e-10  5.27965833527332066e-11 -5.69686638628039811e-11 -1.18470317242455621e-12 -1.34803352829043610e-12  7.70763585033891974e-01 -1.26200579998703183e-01 -9.37739839885465363e-11 -1.04401814975983753e-09 -9.37739839840632949e-11 -1.04401814976097738e-09 -9.37739839839619136e-11 -1.04401814976107127e-09  9.24739692927131111e-08 -8.33603285671519851e-09  9.24739692927131111e-08 -8.33603285671519851e-09  9.24739692927130582e-08 -8.33603285671519520e-09  9.24739692927130714e-08 -8.33603285671516707e-09 
 9.21494989729696661e+07  1.95004481010863912e-13  1.55661994077712111e-13 -1.68986563004955922e-14 -1.80521904794006285e-15  4.34880764042439624e-04  2.60703605224658647e-03  3.27791013479147846e-12 -3.90909696079753814e-13  3.27791013479444387e-12 -3.90909696072458428e-13  3.27791013479459937e-12 -3.90909696074286061e-13  3.93131584913419155e-11  3.29500143006058463e-10  3.93131584913419155e-11  3.29500143006058463e-10  3.93131584913417733e-11  3.29500143006058256e-10  3.93131584913419155e-11  3.29500143006058463e-10  4.68101161249171909e-11 -5.56337791988314620e-11 -1.07168762283181875e-12 -1.23934217873170062e-12  7.65171309781575659e-01 -1.27610641261875185e-01 -1.14698118462901853e-10 -9.62072832701559846e-10 -1.14698118458997974e-10 -9.62072832702638696e-10 -1.14698118458872010e-10 -9.62072832702753674e-10  8.77636839055051461e-08 -1.04670310394436959e-08  8.77636839055051461e-08 -1.04670310394436959e-08  8.77636839055051991e-08 -1.04670310394437008e-08  8.77636839055051461e-08 -1.04670310394436942e-08 
 9.48409961638008356e+07  1.94231825951275617e-13  1.40573295928798387e-13 -1.60113652400583597e-14 -1.05078454916933189e-15  4.51672679345017057e-04  2.66371238856386982e-03  3.10079314025428723e-12 -4.61914553093543409e-13  3.10079314025732978e-12 -4.61914553088235195e-13  3.10079314025735604e-12 -4.61914553089804334e-13  4.77559028440432690e-11  3.21012313497983611e-10  4.77559028440430363e-11  3.21012313497983404e-10  4.77559028440431656e-11  3.21012313497983611e-10  4.77559028440431397e-11  3.21012313497983818e-10  4.11870375026047347e-11 -5.39926383659217004e-11 -9.70516146683201621e-13 -1.14020107773400837e-12  7.59619238525465423e-01 -1.28776447419322704e-01 -1.31692595586894485e-10 -8.84262267436547103e-10 -1.31692595583343528e-10 -8.84262267437714152e-10 -1.31692595583236951e-10 -8.84262267437810001e-10  8.30765560808071028e-08 -1.23549385881276164e-08  8.30765560808071425e-08 -1.23549385881276180e-08  8.30765560808071160e-08 -1.23549385881276296e-08  8.30765560808071292e-08 -1.23549385881276263e-08 
 9.76111064475841075e+07  1.92376037919585794e-13  1.25893323546454673e-13 -1.51199059184405931e-14 -3.78512253299392987e-16  4.68222120971319242e-04  2.72166381313891387e-03  2.92585162462498449e-12 -5.23641637830523192e-13  2.92585162462798221e-12 -5.23641637826053872e-13  2.92585162462796282e-12 -5.23641637827385116e-13  5.56947623827326950e-11  3.11950626546479178e-10  5.56947623827326950e-11  3.11950626546479178e-10  5.56947623827327984e-11  3.11950626546479178e-10  5.56947623827326950e-11  3.11950626546478971e-10  3.59474399164339152e-11 -5.20923725364003938e-11 -8.80104824903317121e-13 -1.04953888666604276e-12  7.54119355787204793e-01 -1.29706060584289490e-01 -1.45059499676909104e-10 -8.10695981031764177e-10 -1.45059499673746147e-10 -8.10695981032935672e-10 -1.45059499673658569e-10 -8.10695981033011979e-10  7.84404807487287258e-08 -1.40005691737885414e-08  7.84404807487287258e-08 -1.40005691737885414e-08  7.84404807487287126e-08 -1.40005691737885497e-08  7.84404807487286861e-08 -1.40005691737885447e-08 
 1.00462125950952858e+08  1.89523019753812815e-13  1.11736163699642935e-13 -1.42321792393333386e-14  2.13980494125680252e-16  4.84507956780744545e-04  2.78096334269464351e-03  2.75402010582746487e-12 -5.76302521100665061e-13  2.75402010583035960e-12 -5.76302521096858132e-13  2.75402010583033375e-12 -5.76302521097254152e-13  6.30837403327605214e-11  3.02398071849484131e-10  6.30837403327605214e-11  3.02398071849484131e-10  6.30837403327604439e-11  3.02398071849483924e-10  6.30837403327606506e-11  3.02398071849483924e-10  3.11031544255386454e-11 -4.99800243916561769e-11 -7.99398825007555732e-13 -9.66404153126983210e-13  7.48682801638111739e-01 -1.30408163323052662e-01 -1.55120940249893256e-10 -7.41430220811819911e-10 -1.55120940247090898e-10 -7.41430220812971966e-10 -1.55120940247065591e-10 -7.41430220812993887e-10  7.38807049485691655e-08 -1.54085108985457243e-08  7.38807049485691655e-08 -1.54085108985457243e-08  7.38807049485691523e-08 -1.54085108985457442e-08  7.38807049485691126e-08 -1.54085108985457276e-08 
 1.03396417865673214e+08  1.85768156151872490e-13  9.81975438989621914e-14 -1.33552568906707619e-14  7.29982232409583202e-16  5.00511202312408287e-04  2.84168641458139607e-03  2.58612483791066393e-12 -6.20223313072805460e-13  2.58612483791353321e-12 -6.20223313068701060e-13  2.58612483791348757e-12 -6.20223313069193814e-13  6.98881136460761577e-11  2.92437347520748220e-10  6.98881136460761577e-11  2.92437347520748220e-10  6.98881136460760543e-11  2.92437347520748014e-10  6.98881136460760543e-11  2.92437347520748220e-10  2.66585295880935163e-11 -4.77013670179380916e-11 -7.27388708284120282e-13 -8.89963729450586525e-13  7.43319843843484040e-01 -1.30891966117658159e-01 -1.62208324114218692e-10 -6.76472511314337525e-10 -1.62208324111798904e-10 -6.76472511315410792e-10 -1.62208324111768350e-10 -6.76472511315436434e-10  6.94196655134200325e-08 -1.65864985017173085e-08  6.94196655134200325e-08 -1.65864985017173085e-08  6.94196655134200193e-08 -1.65864985017173085e-08  6.94196655134200325e-08 -1.65864985017173085e-08 
 1.06416414407478571e+08  1.81213146402023252e-13  8.53548803468330869e-14 -1.24953375783226187e-14  1.17349081078517408e-15  5.16215041387785658e-04  2.90391071567074402e-03  2.42288145994650790e-12 -6.55822036377204193e-13  2.42288145994924147e-12 -6.55822036374066117e-13  2.42288145994915746e-12 -6.55822036374791717e-13  7.60837345697987711e-11  2.82149656493081805e-10  7.60837345697987711e-11  2.82149656493081805e-10  7.60837345697987194e-11  2.82149656493081599e-10  7.60837345697987711e-11  2.82149656493081805e-10  2.26113050471091157e-11 -4.52999488757722167e-11 -6.63123200884327297e-13 -8.19496642616302293e-13  7.38039860427392447e-01 -1.31167115608762791e-01 -1.66653463259961518e-10 -6.15786781790072744e-10 -1.66653463257809272e-10 -6.15786781791130295e-10 -1.66653463257763699e-10 -6.15786781791168552e-10  6.50769088093419711e-08 -1.75448178946496725e-08  6.50769088093419711e-08 -1.75448178946496725e-08  6.50769088093419976e-08 -1.75448178946496824e-08  6.50769088093419843e-08 -1.75448178946496924e-08 
 1.09524618832117602e+08  1.75963092004500534e-13  7.32677806256208409e-14 -1.16577338420005452e-14  1.54903117140134280e-15  5.31604824641831683e-04  2.96771601823916237e-03  2.26489532020670555e-12 -6.83587663516585971e-13  2.26489532020932239e-12 -6.83587663513789996e-13  2.26489532020917982e-12 -6.83587663514583653e-13  8.16562287339620485e-11  2.71613662588145436e-10  8.16562287339620485e-11  2.71613662588145436e-10  8.16562287339623070e-11  2.71613662588145436e-10  8.16562287339622553e-11  2.71613662588145229e-10  1.89535360285213157e-11 -4.28163571513240701e-11 -6.05718399310293184e-13 -7.54384919310934554e-13  7.32851332083961360e-01 -1.31243604765771044e-01 -1.68781381612771805e-10 -5.59298810932055736e-10 -1.68781381610891494e-10 -5.59298810933058175e-10 -1.68781381610842458e-10 -5.59298810933099637e-10  6.08690823040173503e-08 -1.82957509306455781e-08  6.08690823040173503e-08 -1.82957509306455781e-08  6.08690823040173503e-08 -1.82957509306455980e-08  6.08690823040173635e-08 -1.82957509306455980e-08 
 1.12723607510286853e+08  1.70123888501312137e-13  6.19789228785140350e-14 -1.08468842567586479e-14  1.86149020169303924e-15  5.46668047604680009e-04  3.03318402511863327e-03  2.11266405798815701e-12 -7.04061012472688610e-13  2.11266405799077386e-12 -7.04061012469677358e-13  2.11266405799060624e-12 -7.04061012470495451e-13  8.66001184866606567e-11  2.60904609394683507e-10  8.66001184866606567e-11  2.60904609394683507e-10  8.66001184866607084e-11  2.60904609394683507e-10  8.66001184866606567e-11  2.60904609394683507e-10  1.56725306864035059e-11 -4.02876853726723296e-11 -5.54363603906367037e-13 -6.94102616646224882e-13  7.27761843753716997e-01 -1.31131686010115794e-01 -1.68904666671338129e-10 -5.06901775221520337e-10 -1.68904666669732494e-10 -5.06901775222439645e-10 -1.68904666669682812e-10 -5.06901775222481004e-10  5.68099874083209371e-08 -1.88530662085275221e-08  5.68099874083209371e-08 -1.88530662085275221e-08  5.68099874083209504e-08 -1.88530662085275122e-08  5.68099874083209371e-08 -1.88530662085275254e-08 
 1.16016032063167900e+08  1.63799953235805894e-13  5.15152321402699114e-14 -1.00663859795766095e-14  2.11597030607075827e-15  5.61394310148228496e-04  3.10039822606065661e-03  1.96658203273047967e-12 -7.17817620528026851e-13  1.96658203273279238e-12 -7.17817620526143480e-13  1.96658203273277946e-12 -7.17817620526188514e-13  9.09178985072054602e-11  2.50093600597579802e-10  9.09178985072054602e-11  2.50093600597579802e-10  9.09178985072054602e-11  2.50093600597580009e-10  9.09178985072054602e-11  2.50093600597580009e-10  1.27517684709327144e-11 -3.77471864575795997e-11 -5.08324125205945008e-13 -6.38204060430029358e-13  7.22778094589409559e-01 -1.30841788171631862e-01 -1.67319202143723887e-10 -4.58461725857646986e-10 -1.67319202142282706e-10 -4.58461725858549492e-10 -1.67319202142279810e-10 -4.58461725858552232e-10  5.29106830633137388e-08 -1.92315597433420704e-08  5.29106830633137388e-08 -1.92315597433420704e-08  5.29106830633137388e-08 -1.92315597433420870e-08  5.29106830633137388e-08 -1.92315597433420870e-08 
 1.19404621560339123e+08  1.57092304703937900e-13  4.18892766300842799e-14 -9.31904291025914587e-15  2.31766242879250820e-15  5.75775259226825819e-04  3.16944376691771041e-03  1.82694620809828180e-12 -7.25452650046681298e-13  1.82694620810068539e-12 -7.25452650044208238e-13  1.82694620810041397e-12 -7.25452650045160021e-13  9.46190884493804554e-11  2.39247036545920175e-10  9.46190884493804554e-11  2.39247036545920175e-10  9.46190884493804037e-11  2.39247036545920072e-10  9.46190884493804037e-11  2.39247036545920072e-10  1.01717740749374650e-11 -3.52240892444024647e-11 -4.66941498039606874e-13 -5.86312060292630904e-13  7.17905915466508171e-01 -1.30384438007505765e-01 -1.64301113956259104e-10 -4.13822855670153168e-10 -1.64301113955060441e-10 -4.13822855670953620e-10 -1.64301113955002720e-10 -4.13822855671000511e-10  4.91796298795767259e-08 -1.94466475510801073e-08  4.91796298795767259e-08 -1.94466475510801073e-08  4.91796298795766861e-08 -1.94466475510800974e-08  4.91796298795766861e-08 -1.94466475510800974e-08 
 1.22892184781883940e+08  1.50096995082693856e-13  3.31008116274994557e-14 -8.60692515662023481e-15  2.47173849415765243e-15  5.89804517008297264e-04  3.24040733297589973e-03  1.69396312529327831e-12 -7.27567822107782128e-13  1.69396312529544279e-12 -7.27567822106001852e-13  1.69396312529527821e-12 -7.27567822106530553e-13  9.77192846273970428e-11  2.28426198696993676e-10  9.77192846273970428e-11  2.28426198696993469e-10  9.77192846273970428e-11  2.28426198696993676e-10  9.77192846273970428e-11  2.28426198696993676e-10  7.91092772920274959e-12 -3.27435548831938114e-11 -4.29631578552464121e-13 -5.38106662134821881e-13  7.13150293165200733e-01 -1.29770186884081845e-01 -1.60104763428150376e-10 -3.72812450956147720e-10 -1.60104763427092490e-10 -3.72812450956911053e-10 -1.60104763427060799e-10 -3.72812450956937161e-10  4.56228652191654383e-08 -1.95140106116380196e-08  4.56228652191654515e-08 -1.95140106116380130e-08  4.56228652191654383e-08 -1.95140106116380196e-08  4.56228652191654317e-08 -1.95140106116380130e-08 
 1.26481612546570629e+08  1.42903885744085138e-13  2.51384052155261243e-14 -7.93143598412859909e-15  2.58326262201486436e-15  6.03477596366507551e-04  3.31337704734476803e-03  1.56775663232824694e-12 -7.24760326184788724e-13  1.56775663233027269e-12 -7.24760326183266841e-13  1.56775663233021432e-12 -7.24760326183421937e-13  1.00239229868952285e-10  2.17686971081102464e-10  1.00239229868952285e-10  2.17686971081102464e-10  1.00239229868952389e-10  2.17686971081102464e-10  1.00239229868952389e-10  2.17686971081102567e-10  5.94619838896155395e-12 -3.03267490383480068e-11 -3.95881001680344155e-13 -4.93314817721166951e-13  7.08515400305404719e-01 -1.29009543045684044e-01 -1.54961627304796452e-10 -3.35245453205004344e-10 -1.54961627303884278e-10 -3.35245453205710394e-10 -1.54961627303875102e-10 -3.35245453205717529e-10  4.22442003723659954e-08 -1.94492913485294321e-08  4.22442003723659954e-08 -1.94492913485294321e-08  4.22442003723659822e-08 -1.94492913485294387e-08  4.22442003723659954e-08 -1.94492913485294552e-08 
 1.30175880108033419e+08  1.35595746119807341e-13  1.79810883202883846e-14 -7.29338295866013835e-15  2.65712001028558074e-15  6.16791805889642017e-04  3.38844238515188540e-03  1.44837607296495363e-12 -7.17613614382525925e-13  1.44837607296688546e-12 -7.17613614381148132e-13  1.44837607296665282e-12 -7.17613614381715001e-13  1.02203917484148062e-10  2.07079686167870111e-10  1.02203917484148062e-10  2.07079686167870111e-10  1.02203917484148114e-10  2.07079686167870215e-10  1.02203917484148217e-10  2.07079686167870215e-10  4.25379157034007993e-12 -2.79910064339842738e-11 -3.65242450402101530e-13 -4.51701200810356110e-13  7.04004630150585786e-01 -1.28112909803040381e-01 -1.49079913260373333e-10 -3.00928582041807709e-10 -1.49079913259594336e-10 -3.00928582042453323e-10 -1.49079913259560551e-10 -3.00928582042481085e-10  3.90454318840901341e-08 -1.92678396430801612e-08  3.90454318840901341e-08 -1.92678396430801612e-08  3.90454318840901341e-08 -1.92678396430801612e-08  3.90454318840901275e-08 -1.92678396430801612e-08 
 1.33978049620941147e+08  1.28247649243274855e-13  1.15999801975426979e-14 -6.69305052451776861e-15  2.69796205059260078e-15  6.29746146322822712e-04  3.46569410388641256e-03  1.33580467764992953e-12 -7.06689959501950482e-13  1.33580467765178402e-12 -7.06689959500659931e-13  1.33580467765162247e-12 -7.06689959501030001e-13  1.03641742303197006e-10  1.96649081320017949e-10  1.03641742303196954e-10  1.96649081320017845e-10  1.03641742303196954e-10  1.96649081320017845e-10  1.03641742303196954e-10  1.96649081320017742e-10  2.80970807226262615e-12 -2.57500656536132306e-11 -3.37329143945099764e-13 -4.13060278485733312e-13  6.99620635385649559e-01 -1.27090529809026132e-01 -1.42644771135900636e-10 -2.69663993104909250e-10 -1.42644771135240003e-10 -2.69663993105495359e-10 -1.42644771135218005e-10 -2.69663993105513712e-10  3.60265600522173918e-08 -1.89845055540987904e-08  3.60265600522174050e-08 -1.89845055540987904e-08  3.60265600522173918e-08 -1.89845055540987937e-08  3.60265600522173785e-08 -1.89845055540987838e-08 
 1.37891272679197580e+08  1.20926632444435698e-13  5.95984961414350223e-15 -6.13027177967285287e-15  2.71016603209278206e-15  6.42341200469936924e-04  3.54522419009476114e-03  1.22996793833701093e-12 -6.92524634258745996e-13  1.22996793833883958e-12 -6.92524634257438885e-13  1.22996793833855847e-12 -6.92524634258010904e-13  1.04583708695728750e-10  1.86434351445766011e-10  1.04583708695728750e-10  1.86434351445766011e-10  1.04583708695728750e-10  1.86434351445766011e-10  1.04583708695728802e-10  1.86434351445766011e-10  1.59021357430805291e-12 -2.36143540455144493e-11 -3.11808896383321179e-13 -3.77209653730380509e-13  6.95365370034002117e-01 -1.25952435508902616e-01 -1.35818973178248605e-10 -2.41252463230121130e-10 -1.35818973177697212e-10 -2.41252463230646080e-10 -1.35818973177663426e-10 -2.41252463230673842e-10  3.31860086300055032e-08 -1.86134752612511315e-08  3.31860086300055032e-08 -1.86134752612511315e-08  3.31860086300055032e-08 -1.86134752612511315e-08  3.31860086300055032e-08 -1.86134752612511480e-08 
 1.41918792928277403e+08  1.13691588855176122e-13  1.02058075752004651e-15 -5.60449769533587319e-15  2.69780768307445361e-15  6.54579018231056498e-04  3.62712582228452924e-03  1.13074178735793386e-12 -6.75621555696424514e-13  1.13074178735946200e-12 -6.75621555695626616e-13  1.13074178735935860e-12 -6.75621555695836440e-13  1.05062702766869768e-10  1.76469283325104824e-10  1.05062702766869768e-10  1.76469283325104824e-10  1.05062702766869923e-10  1.76469283325104927e-10  1.05062702766869768e-10  1.76469283325104927e-10  5.72222070670419287e-13 -2.15913048984431171e-11 -2.88398037164343689e-13 -3.43984627688107990e-13  6.91240133696677916e-01 -1.24708405711220410e-01 -1.28743950639589806e-10 -2.15496110239517354e-10 -1.28743950639102364e-10 -2.15496110240010457e-10 -1.28743950639089776e-10 -2.15496110240020642e-10  3.05208407566936155e-08 -1.81681463306256769e-08  3.05208407566936155e-08 -1.81681463306256769e-08  3.05208407566936155e-08 -1.81681463306256769e-08  3.05208407566936155e-08 -1.81681463306256769e-08 
 1.46063948753863096e+08  1.06593354290953856e-13 -3.26147868733661994e-15 -5.11486246961962942e-15  2.66464477385298498e-15  6.66462998574973947e-04  3.71149334984382032e-03  1.03796043731239439e-12 -6.56450231203353281e-13  1.03796043731392920e-12 -6.56450231202489144e-13  1.03796043731369978e-12 -6.56450231202897786e-13  1.05112833307149144e-10  1.66782457428580791e-10  1.05112833307149093e-10  1.66782457428580791e-10  1.05112833307149196e-10  1.66782457428580791e-10  1.05112833307149196e-10  1.66782457428580791e-10 -2.66401626671856756e-13 -1.96856915530074360e-11 -2.66855424633366502e-13 -3.13233884254842211e-13  6.87245617383529850e-01 -1.23367928181743067e-01 -1.21541088249250233e-10 -1.92200666283583495e-10 -1.21541088248848145e-10 -1.92200666284020195e-10 -1.21541088248824105e-10 -1.92200666284040719e-10  2.80269671064129505e-08 -1.76610381366886687e-08  2.80269671064129571e-08 -1.76610381366886720e-08  2.80269671064129538e-08 -1.76610381366886653e-08  2.80269671064129538e-08 -1.76610381366886687e-08 
 1.50330176049011469e+08  9.96749544470525213e-14 -6.93230232619037832e-15 -4.66024409401241894e-15  2.61411004760447376e-15  6.77997769920980005e-04  3.79842228751017070e-03  9.51423772555988208e-13 -6.35443841577577904e-13  9.51423772557299863e-13 -6.35443841577035067e-13  9.51423772557173847e-13 -6.35443841577233885e-13  1.04768843875559125e-10  1.57397503662815127e-10  1.04768843875559022e-10  1.57397503662814920e-10  1.04768843875559125e-10  1.57397503662815127e-10  1.04768843875559125e-10  1.57397503662814920e-10 -9.46613500263575915e-13 -1.78999656642325460e-11 -2.46976727095769116e-13 -2.84816171707258792e-13  6.83381950245481096e-01 -1.21940168051134834e-01 -1.14313192192100417e-10 -1.71177332210568966e-10 -1.14313192191750054e-10 -1.71177332210971958e-10 -1.14313192191738241e-10 -1.71177332210982453e-10  2.56993431377431521e-08 -1.71037331938191177e-08  2.56993431377431620e-08 -1.71037331938191210e-08  2.56993431377431554e-08 -1.71037331938191276e-08  2.56993431377431488e-08 -1.71037331938191276e-08 
 1.54721011062143266e+08  9.29719788622695662e-14 -1.00391110387341178e-14 -4.23931954684738653e-15  2.54931183569983408e-15  6.89189070328118754e-04  3.88800932485774877e-03  8.70904213517354871e-13 -6.12998299623853694e-13  8.70904213518711863e-13 -6.12998299623171815e-13  8.70904213518437112e-13 -6.12998299623598431e-13  1.04065596413210320e-10  1.48333398393185108e-10  1.04065596413210320e-10  1.48333398393185108e-10  1.04065596413210320e-10  1.48333398393185108e-10  1.04065596413210372e-10  1.48333398393185108e-10 -1.48802822679181079e-12 -1.62345893089483993e-11 -2.28589094725348502e-13 -2.58597842569909874e-13  6.79648746596467457e-01 -1.20433941786687912e-01 -1.07146060610883222e-10 -1.52244246365461311e-10 -1.07146060610601528e-10 -1.52244246365812035e-10 -1.07146060610576299e-10 -1.52244246365834162e-10  2.35321531478364299e-08 -1.65068451837860958e-08  2.35321531478364299e-08 -1.65068451837860958e-08  2.35321531478364299e-08 -1.65068451837860958e-08  2.35321531478364299e-08 -1.65068451837860958e-08 
 1.59240093328216881e+08  8.65130504791694070e-14 -1.26294428216604968e-14 -3.85061430758000478e-15  2.47304083969634327e-15  7.00043628666995976e-04  3.98035235012003923e-03  7.96153001916523166e-13 -5.89472129858425563e-13  7.96153001917586121e-13 -5.89472129858131628e-13  7.96153001917503726e-13 -5.89472129858251181e-13  1.03037625169026144e-10  1.39604791164547415e-10  1.03037625169026144e-10  1.39604791164547415e-10  1.03037625169026144e-10  1.39604791164547518e-10  1.03037625169026144e-10  1.39604791164547518e-10 -1.90881503154520745e-12 -1.46883529540130060e-11 -2.11546301485949976e-13 -2.34451110317661478e-13  6.76045152674725203e-01 -1.18857696411634628e-01 -1.00110098207642570e-10 -1.35227604839570971e-10 -1.00110098207390447e-10 -1.35227604839899982e-10 -1.00110098207383171e-10 -1.35227604839906548e-10  2.15189795618036803e-08 -1.58800096134007829e-08  2.15189795618036803e-08 -1.58800096134007829e-08  2.15189795618036770e-08 -1.58800096134007928e-08  2.15189795618036803e-08 -1.58800096134007862e-08 
 1.63891168685515434e+08  8.03203626060980934e-14 -1.47503644477229965e-14 -3.49254611375886486e-15  2.38778170823897769e-15  7.10569048008771850e-04  4.07555048771403739e-03  7.26905878339084302e-13 -5.65187024350699304e-13  7.26905878340136049e-13 -5.65187024350355285e-13  7.26905878340055169e-13 -5.65187024350464943e-13  1.01718758348222054e-10  1.31222350772047745e-10  1.01718758348222054e-10  1.31222350772047745e-10  1.01718758348222054e-10  1.31222350772047745e-10  1.01718758348222054e-10  1.31222350772047745e-10 -2.22564305940129696e-12 -1.32586734088829840e-11 -1.95724399301617668e-13 -2.12252886918492868e-13  6.72569892683926973e-01 -1.17219493660007848e-01 -9.32619279248005560e-11 -1.19962471967856586e-10 -9.32619279245957254e-11 -1.19962471968145039e-10 -9.32619279245890175e-11 -1.19962471968151140e-10  1.96529565268971922e-08 -1.52318932548228139e-08  1.96529565268971922e-08 -1.52318932548228139e-08  1.96529565268971922e-08 -1.52318932548228139e-08  1.96529565268971922e-08 -1.52318932548228139e-08 
 1.68678092380548149e+08  7.44102584040079556e-14 -1.64478192841312267e-14 -3.16346305967421442e-15  2.29572819691555767e-15  7.20773691861834498e-04  4.17370414854952802e-03  6.62888142777382370e-13 -5.40428941838390296e-13  6.62888142778364647e-13 -5.40428941838088282e-13  6.62888142778259634e-13 -5.40428941838223992e-13  1.00141803941020998e-10  1.23193121537462259e-10  1.00141803941020998e-10  1.23193121537462259e-10  1.00141803941020895e-10  1.23193121537462156e-10  1.00141803941020998e-10  1.23193121537462259e-10 -2.45366805840649123e-12 -1.19418677394764227e-11 -1.81017897515127927e-13 -1.91884075819219217e-13  6.69221313682400232e-01 -1.15526998650788110e-01 -8.66459630209380692e-11 -1.06293320030644114e-10 -8.66459630207687945e-11 -1.06293320030900035e-10 -8.66459630207606261e-11 -1.06293320030907519e-10  1.79269074100892999e-08 -1.45702188171547294e-08  1.79269074100892999e-08 -1.45702188171547294e-08  1.79269074100892999e-08 -1.45702188171547294e-08  1.79269074100892999e-08 -1.45702188171547227e-08 
 1.73604832263639390e+08  6.87938315188977475e-14 -1.77661027528824717e-14 -2.86167627234238625e-15  2.19880085807327389e-15  7.30666574318325035e-04  4.27491509247391634e-03  6.03819105129750099e-13 -5.15449629479868607e-13  6.03819105130596667e-13 -5.15449629479689277e-13  6.03819105130462573e-13 -5.15449629479850836e-13  9.83382953205459269e-11  1.15520881990881779e-10  9.83382953205459269e-11  1.15520881990881779e-10  9.83382953205459786e-11  1.15520881990881831e-10  9.83382953205459786e-11  1.15520881990881831e-10 -2.60655261600194135e-12 -1.07334007093552414e-11 -1.67336457766128355e-13 -1.73229209056264710e-13  6.65997429006709996e-01 -1.13787472747558474e-01 -8.02959117569885682e-11 -9.40743362223169777e-11 -8.02959117568445741e-11 -9.40743362225482652e-11 -8.02959117568350486e-11 -9.40743362225573771e-11  1.63334662541025498e-08 -1.39018016028434968e-08  1.63334662541025498e-08 -1.39018016028434968e-08  1.63334662541025564e-08 -1.39018016028435035e-08  1.63334662541025564e-08 -1.39018016028435035e-08 
 1.78675472077854365e+08  6.34775299493446549e-14 -1.87474550517724518e-14 -2.58548749569649968e-15  2.09866636659746158e-15  7.40257254570624587e-04  4.37928650196439066e-03  5.49415944959555126e-13 -4.90468460474200298e-13  5.49415944960282141e-13 -4.90468460474121135e-13  5.49415944960198029e-13 -4.90468460474221301e-13  9.63382917578387363e-11  1.08206499344649515e-10  9.63382917578387363e-11  1.08206499344649515e-10  9.63382917578387363e-11  1.08206499344649515e-10  9.63382917578386329e-11  1.08206499344649464e-10 -2.69651282708494004e-12 -9.62810463139306447e-12 -1.54602078261563567e-13 -1.56176332567079844e-13  6.62895959937134571e-01 -1.12007770185426944e-01 -7.42361947588212116e-11 -8.31695330307275147e-11 -7.42361947586988794e-11 -8.31695330309355636e-11 -7.42361947586930633e-11 -8.31695330309412505e-11  1.48651835950850219e-08 -1.32325952575890638e-08  1.48651835950850219e-08 -1.32325952575890638e-08  1.48651835950850219e-08 -1.32325952575890638e-08  1.48651835950850219e-08 -1.32325952575890638e-08 
 1.83894214843987495e+08  5.84637485893385241e-14 -1.94317595036205979e-14 -2.33321197881975122e-15  1.99675773583873362e-15  7.49555736382559261e-04  4.48692306630106997e-03  4.99397009627058717e-13 -4.65674494008594858e-13  4.99397009627866511e-13 -4.65674494008386447e-13  4.99397009627696874e-13 -4.65674494008570624e-13  9.41702286498684499e-11  1.01248274360268627e-10  9.41702286498684499e-11  1.01248274360268627e-10  9.41702286498684499e-11  1.01248274360268627e-10  9.41702286498683982e-11  1.01248274360268627e-10 -2.73438499587233720e-12 -8.62037157544652128e-12 -1.42746730163372935e-13 -1.40617059636868100e-13  6.59914375391846164e-01 -1.10194338086031962e-01 -6.84832616528234062e-11 -7.34526957149528189e-11 -6.84832616527318347e-11 -7.34526957151280002e-11 -6.84832616527209651e-11 -7.34526957151386114e-11  1.35146173262290578e-08 -1.25677440647339188e-08  1.35146173262290578e-08 -1.25677440647339188e-08  1.35146173262290578e-08 -1.25677440647339188e-08  1.35146173262290562e-08 -1.25677440647339172e-08 
 1.89265386344419420e+08  5.37513990052843570e-14 -1.98563343116008281e-14 -2.10319710123248676e-15  1.89429481558736195e-15  7.58572372899515520e-04  4.59793107544885504e-03  4.53484586846431264e-13 -4.41228677182481030e-13  4.53484586847011260e-13 -4.41228677182477748e-13  4.53484586846941739e-13 -4.41228677182553731e-13  9.18608121377771773e-11  9.46422723054039117e-11  9.18608121377771773e-11  9.46422723054039117e-11  9.18608121377772289e-11  9.46422723054040151e-11  9.18608121377772289e-11  9.46422723054039634e-11 -2.72970675595451197e-12 -7.70431870146482709e-12 -1.31710402151161721e-13 -1.26446727596827721e-13  6.57049929483723649e-01 -1.08353219479055615e-01 -6.30467990377891503e-11 -6.48071976691507658e-11 -6.30467990377049717e-11 -6.48071976693148836e-11 -6.30467990377007066e-11 -6.48071976693190324e-11  1.22744094948346866e-08 -1.19116395808878715e-08  1.22744094948346866e-08 -1.19116395808878715e-08  1.22744094948346800e-08 -1.19116395808878698e-08  1.22744094948346800e-08 -1.19116395808878698e-08 
 1.94793438708730221e+08  4.93364478376032671e-14 -2.00558053985397581e-14 -1.89383718400664440e-15  1.79230458794094358e-15  7.67317777114788100e-04  4.71241852290607381e-03  4.11407192393194944e-13 -4.17266121038373737e-13  4.11407192393765196e-13 -4.17266121038341375e-13  4.11407192393703803e-13 -4.17266121038401202e-13  8.94349528110219340e-11  8.83826367056224335e-11  8.94349528110219340e-11  8.83826367056224335e-11  8.94349528110219340e-11  8.83826367056224852e-11  8.94349528110219340e-11  8.83826367056224852e-11 -2.69080778292304231e-12 -6.87392809909000892e-12 -1.21439506038814088e-13 -1.13564606884883947e-13  6.54299696822910004e-01 -1.06490058961143524e-01 -5.79308262862229928e-11 -5.71257113475382088e-11 -5.79308262861567408e-11 -5.71257113476801349e-11 -5.79308262861532576e-11 -5.71257113476838896e-11  1.11373500616256023e-08 -1.12679797395485809e-08  1.11373500616256023e-08 -1.12679797395485809e-08  1.11373500616256122e-08 -1.12679797395485859e-08  1.11373500616256023e-08 -1.12679797395485859e-08 
 2.00482954104041040e+08  4.52124177238691963e-14 -2.00620483054573324e-14 -1.70358493433802310e-15  1.69164088649217640e-15  7.75802738218689327e-04  4.83049521681934001e-03  3.72901416406161184e-13 -3.93898394452778434e-13  3.72901416406711241e-13 -3.93898394452733248e-13  3.72901416406614356e-13 -3.93898394452827760e-13  8.69157333332260983e-11  8.24618834967520984e-11  8.69157333332260983e-11  8.24618834967520984e-11  8.69157333332261500e-11  8.24618834967520467e-11  8.69157333332260983e-11  8.24618834967521501e-11 -2.62490604224369513e-12 -6.12316294164309203e-12 -1.11885595872790462e-13 -1.01874124008371015e-13  6.51660605490842593e-01 -1.04610110640024012e-01 -5.31346791825790091e-11 -5.03098392375527101e-11 -5.31346791825272263e-11 -5.03098392376755206e-11 -5.31346791825217915e-11 -5.03098392376811558e-11  1.00964287383416967e-08 -1.06398288594571829e-08  1.00964287383416967e-08 -1.06398288594571829e-08  1.00964287383416917e-08 -1.06398288594571829e-08  1.00964287383416917e-08 -1.06398288594571813e-08 
 2.06338648533143044e+08  4.13708468064304315e-14 -1.99041877207102140e-14 -1.53095995733946162e-15  1.59300325930110834e-15  7.84038143970701277e-04  4.95227289870756732e-03  3.37713372818941225e-13 -3.71215790270814480e-13  3.37713372819349968e-13 -3.71215790270874307e-13  3.37713372819344263e-13 -3.71215790270877488e-13  8.43244050589387667e-11  7.68711739750717436e-11  8.43244050589388184e-11  7.68711739750717436e-11  8.43244050589388184e-11  7.68711739750717436e-11  8.43244050589387667e-11  7.68711739750717436e-11 -2.53820623844738494e-12 -5.44606203296143031e-12 -1.03004354490523759e-13 -9.12830706461652252e-14  6.49129467648676628e-01 -1.02718248031975060e-01 -4.86538841137761610e-11 -4.42696862209559027e-11 -4.86538841137296385e-11 -4.42696862210687547e-11 -4.86538841137294124e-11 -4.42696862210690261e-11  9.14487606170162900e-09 -1.00296772797372704e-08  9.14487606170162569e-09 -1.00296772797372654e-08  9.14487606170162569e-09 -1.00296772797372654e-08  9.14487606170162900e-09 -1.00296772797372688e-08 
 2.12365375743561834e+08  3.78017047143414594e-14 -1.96086440192057487e-14 -1.37455474579451325e-15  1.49695477704406416e-15  7.92034909211276742e-04  5.07786536917875266e-03  3.05599796243567372e-13 -3.49289527611698836e-13  3.05599796243977731e-13 -3.49289527611727159e-13  3.05599796243925225e-13 -3.49289527611773203e-13  8.16804090128707942e-11  7.16005656233235016e-11  8.16804090128708459e-11  7.16005656233235533e-11  8.16804090128708459e-11  7.16005656233235016e-11  8.16804090128707942e-11  7.16005656233235016e-11 -2.43599779480823528e-12 -4.83681496760849692e-12 -9.47548044534322815e-14 -8.17037800711364182e-14  6.46703007775551564e-01 -1.00818975600248384e-01 -4.44809275401091803e-11 -3.89233916401908637e-11 -4.44809275400739346e-11 -3.89233916402874564e-11 -4.44809275400712657e-11 -3.89233916402903580e-11  8.27619486701833703e-09 -9.43949960185447255e-09  8.27619486701833206e-09 -9.43949960185446924e-09  8.27619486701833372e-09 -9.43949960185447421e-09  8.27619486701833868e-09 -9.43949960185447255e-09 
 2.18568131250797570e+08  3.44937644118838210e-14 -1.91992171371543911e-14 -1.23303852947441519e-15  1.40393865541407421e-15  7.99803910529491837e-04  5.20738862007631871e-03  2.76328829401670704e-13 -3.28173862707311851e-13  2.76328829402016389e-13 -3.28173862707365973e-13  2.76328829401986501e-13 -3.28173862707391014e-13  7.90014169523290085e-11  6.66392404670568598e-11  7.90014169523290085e-11  6.66392404670568598e-11  7.90014169523289568e-11  6.66392404670568598e-11  7.90014169523289568e-11  6.66392404670568598e-11 -2.32275028641340066e-12 -4.28982016457940573e-12 -8.70987040846428526e-14 -7.30532593334359818e-14  6.44377888558754885e-01 -9.89164416480087100e-02 -4.06059268976698971e-11 -3.41966365527114084e-11 -4.06059268976408101e-11 -3.41966365527971508e-11 -4.06059268976392785e-11 -3.41966365527987729e-11  7.48418330107726369e-09 -8.87081074779166654e-09  7.48418330107726369e-09 -8.87081074779166654e-09  7.48418330107726039e-09 -8.87081074779166488e-09  7.48418330107726369e-09 -8.87081074779166819e-09 
 2.24952056479075789e+08  3.14349305061567348e-14 -1.86971991297018796e-14 -1.10515933273075396e-15  1.31429361639543444e-15  8.07355927121636784e-04  5.34096097252660922e-03  2.49680542191690896e-13 -3.07908087979397920e-13  2.49680542192022899e-13 -3.07908087979440784e-13  2.49680542191969585e-13 -3.07908087979484354e-13  7.63033886120487472e-11  6.19757110904370535e-11  7.63033886120487472e-11  6.19757110904370535e-11  7.63033886120487989e-11  6.19757110904370535e-11  7.63033886120487472e-11  6.19757110904370276e-11 -2.20220476986776312e-12 -3.79972799513601125e-12 -8.00000936286774120e-14 -6.52532713623902272e-14  6.42150734480967600e-01 -9.70144522994341452e-02 -3.70172100164107629e-11 -3.00221390467737006e-11 -3.70172100163886099e-11 -3.00221390468474101e-11 -3.70172100163861478e-11 -3.00221390468501825e-11  6.76295046776661682e-09 -8.32471924461129958e-09  6.76295046776661682e-09 -8.32471924461129958e-09  6.76295046776661682e-09 -8.32471924461129793e-09  6.76295046776661599e-09 -8.32471924461129793e-09 
 2.31522443023040891e+08  2.86125255342392016e-14 -1.81215078057011949e-14 -9.89744554485217924e-16  1.22826795769104664e-15  8.14701587791150854e-04  5.47870322040914810e-03  2.25447220941371204e-13 -2.88518405341985863e-13  2.25447220941673319e-13 -2.88518405342030292e-13  2.25447220941647419e-13 -2.88518405342048013e-13  7.36006416219784783e-11  5.75980048251927148e-11  7.36006416219784783e-11  5.75980048251927148e-11  7.36006416219785300e-11  5.75980048251927665e-11  7.36006416219785300e-11  5.75980048251926890e-11 -2.07745989959300559e-12 -3.36147112761670636e-12 -7.34249609981855072e-14 -5.82303654932284515e-14  6.40018153167571713e-01 -9.51164863292313922e-02 -3.37018106713942128e-11 -2.63391481329858487e-11 -3.37018106713770747e-11 -2.63391481330498808e-11 -3.37018106713759632e-11 -2.63391481330512056e-11  6.10692573789131496e-09 -7.80197731846651967e-09  6.10692573789131496e-09 -7.80197731846651967e-09  6.10692573789131662e-09 -7.80197731846652298e-09  6.10692573789131248e-09 -7.80197731846651636e-09 
 2.38284737033924997e+08  2.60135364374087230e-14 -1.74888348670107281e-14 -8.85700349848078121e-16  1.14603233468157135e-15  8.21851324070500431e-04  5.62073877880821162e-03  2.03433463483301994e-13 -2.70019665012463066e-13  2.03433463483534613e-13 -2.70019665012540614e-13  2.03433463483516842e-13 -2.70019665012553539e-13  7.09059309807431327e-11  5.34938269267695000e-11  7.09059309807431844e-11  5.34938269267694483e-11  7.09059309807431327e-11  5.34938269267694483e-11  7.09059309807431327e-11  5.34938269267694224e-11 -1.95105209657089071e-12 -2.97028407348125083e-12 -6.73410009498849507e-14 -5.19158580987840110e-14  6.37976754572275317e-01 -9.32257106231664662e-02 -3.06458880990051732e-11 -2.30929446248069412e-11 -3.06458880989903615e-11 -2.30929446248644755e-11 -3.06458880989896765e-11 -2.30929446248653640e-11  5.51086268139336349e-09 -7.30302752766471788e-09  5.51086268139335935e-09 -7.30302752766471457e-09  5.51086268139335935e-09 -7.30302752766471457e-09  5.51086268139336184e-09 -7.30302752766471705e-09 
 2.45244543733827710e+08  2.36248239071011970e-14 -1.68138029726805066e-14 -7.92010058509896886e-16  1.06769128617407210e-15  8.28815329290850228e-04  5.76719383700633522e-03  1.83456112557678238e-13 -2.52416965513702974e-13  1.83456112557910050e-13 -2.52416965513760277e-13  1.83456112557866025e-13 -2.52416965513791074e-13  6.82305353548532435e-11  4.96507037732031903e-11  6.82305353548532435e-11  4.96507037732031903e-11  6.82305353548531401e-11  4.96507037732031644e-11  6.82305353548532176e-11  4.96507037732031386e-11 -1.82502934549629881e-12 -2.62171375395591725e-12 -6.17174456860899244e-14 -4.62457671894304600e-14  6.36023168086349178e-01 -9.13449960635358132e-02 -2.78350782779295579e-11 -2.02343555748670070e-11 -2.78350782779191276e-11 -2.02343555749158106e-11 -2.78350782779174216e-11 -2.02343555749179852e-11  4.96983849976683910e-09 -6.82804578693031938e-09  4.96983849976683910e-09 -6.82804578693031938e-09  4.96983849976683910e-09 -6.82804578693032186e-09  4.96983849976684075e-09 -6.82804578693031938e-09 
 2.52407632061848789e+08  2.14332975986444430e-14 -1.61091270641537594e-14 -7.07731892960674178e-16  9.93293554878868599e-16  8.35603523823738484e-04  5.91819751573423748e-03  1.65344056923728056e-13 -2.35707114058023372e-13  1.65344056923921523e-13 -2.35707114058090368e-13  1.65344056923892846e-13 -2.35707114058111371e-13  6.55843478265323518e-11  4.60561073035799914e-11  6.55843478265323518e-11  4.60561073035799914e-11  6.55843478265323518e-11  4.60561073035799914e-11  6.55843478265323259e-11  4.60561073035800173e-11 -1.70101844479542792e-12 -2.31162272858860167e-12 -5.65249486655889508e-14 -4.11607062592650093e-14  6.34154057679150562e-01 -8.94769336984735514e-02 -2.52547845477230183e-11 -1.77192872462328662e-11 -2.52547845477147045e-11 -1.77192872462757891e-11 -2.52547845477135962e-11 -1.77192872462772237e-11  4.47924975532635590e-09 -6.37698073348244918e-09  4.47924975532635590e-09 -6.37698073348244918e-09  4.47924975532635590e-09 -6.37698073348244752e-09  4.47924975532635094e-09 -6.37698073348244339e-09 
 2.59779939455924690e+08  1.94260603523036694e-14 -1.53857761582595532e-14 -6.31996068828117969e-16  9.22841267829164235e-16  8.42225525827689490e-04  6.07388202814690154e-03  1.48937926219794421e-13 -2.19879949450390903e-13  1.48937926219979002e-13 -2.19879949450449822e-13  1.48937926219960423e-13 -2.19879949450461964e-13  6.29759690887742041e-11  4.26975619776033741e-11  6.29759690887743075e-11  4.26975619776033741e-11  6.29759690887742041e-11  4.26975619776033999e-11  6.29759690887742041e-11  4.26975619776033741e-11 -1.58028573269214001e-12 -2.03618654150570820e-12 -5.17355068789018522e-14 -3.66057433650956290e-14  6.32366135152521047e-01 -8.76238509774282109e-02 -2.28904147937922502e-11 -1.55082802171675156e-11 -2.28904147937865084e-11 -1.55082802172041765e-11 -2.28904147937858072e-11 -1.55082802172050942e-11  4.03480510617789119e-09 -5.94958946873373521e-09  4.03480510617788954e-09 -5.94958946873373273e-09  4.03480510617789202e-09 -5.94958946873373687e-09  4.03480510617789285e-09 -5.94958946873373521e-09 
 2.67367576774332762e+08  1.75905246272219467e-14 -1.46531325469850354e-14 -5.64001532799292757e-16  8.56298050683614423e-16  8.48690628072658370e-04  6.23438284440326965e-03  1.34089702753081131e-13 -2.04919531675825280e-13  1.34089702753232617e-13 -2.04919531675892024e-13  1.34089702753206743e-13 -2.04919531675907322e-13  6.04128013624610926e-11  3.95627356578926579e-11  6.04128013624610926e-11  3.95627356578926579e-11  6.04128013624610926e-11  3.95627356578926579e-11  6.04128013624610926e-11  3.95627356578926579e-11 -1.46379145863437053e-12 -1.79188646218313240e-12 -4.73224097679993420e-14 -3.25302317718838966e-14  6.30656171638903307e-01 -8.57878279918155295e-02 -2.07275719593611947e-11 -1.35660890963136558e-11 -2.07275719593567066e-11 -1.35660890963459950e-11 -2.07275719593558084e-11 -1.35660890963471889e-11  3.63251568014600107e-09 -5.54546976754063890e-09  3.63251568014600107e-09 -5.54546976754063890e-09  3.63251568014600024e-09 -5.54546976754063890e-09  3.63251568014600024e-09 -5.54546976754064055e-09 
 2.75176833360942543e+08  1.59145042853472544e-14 -1.39191460470897072e-14 -5.03012417825985944e-16  7.93596155526031897e-16  8.55007780232725618e-04  6.39983885938596748e-03  1.20662270248984919e-13 -1.90805204124106679e-13  1.20662270249121007e-13 -1.90805204124169283e-13  1.20662270249092734e-13 -1.90805204124185868e-13  5.79011416425631228e-11  3.66395157825383600e-11  5.79011416425631228e-11  3.66395157825383600e-11  5.79011416425630194e-11  3.66395157825383342e-11  5.79011416425630452e-11  3.66395157825383342e-11 -1.35223808252666765e-12 -1.57549872116084553e-12 -4.32602056206141638e-14 -2.88876183505894922e-14  6.29021007434004131e-01 -8.39707135479775962e-02 -1.87522041532005306e-11 -1.18612883498226155e-11 -1.87522041531974610e-11 -1.18612883498504020e-11 -1.87522041531965886e-11 -1.18612883498517058e-11  3.26868363693308603e-09 -5.16408889840936328e-09  3.26868363693308603e-09 -5.16408889840936328e-09  3.26868363693308396e-09 -5.16408889840936163e-09  3.26868363693308479e-09 -5.16408889840936245e-09 
 2.83214182258412361e+08  1.43862847576772581e-14 -1.31904815146819781e-14 -4.48354333437677037e-16  7.34642683759718522e-16  8.61185576603557858e-04  6.57039256329035402e-03  1.08528916951139929e-13 -1.77512535489905641e-13  1.08528916951255848e-13 -1.77512535489967438e-13  1.08528916951232409e-13 -1.77512535489981170e-13  5.54462731219986199e-11  3.39160722151019642e-11  5.54462731219986458e-11  3.39160722151019642e-11  5.54462731219986199e-11  3.39160722151019642e-11  5.54462731219985941e-11  3.39160722151019513e-11 -1.24611285891912671e-12 -1.38408117936045571e-12 -3.95246784121657390e-14 -2.56352356178876557e-14  6.27457560276306503e-01 -8.21741409786786725e-02 -1.69507200732294974e-11 -1.03659049775435425e-11 -1.69507200732273616e-11 -1.03659049775677133e-11 -1.69507200732266701e-11 -1.03659049775687312e-11  2.93988939710042102e-09 -4.80480923019739482e-09  2.93988939710041978e-09 -4.80480923019739317e-09  2.93988939710042102e-09 -4.80480923019739482e-09  2.93988939710041937e-09 -4.80480923019739069e-09 
 2.91486285573652983e+08  1.29946744603897014e-14 -1.24726583443154641e-14 -3.99410579332465468e-16  6.79324985538761974e-16  8.67232249288125740e-04  6.74619021485577640e-03  9.75728079235075725e-14 -1.65014149164581249e-13  9.75728079235992571e-14 -1.65014149164645873e-13  9.75728079235889451e-14 -1.65014149164650694e-13  5.30525538763169705e-11  3.13809081271943994e-11  5.30525538763169705e-11  3.13809081271944253e-11  5.30525538763169705e-11  3.13809081271943865e-11  5.30525538763169446e-11  3.13809081271943865e-11 -1.14572511252019364e-12 -1.21495821993302831e-12 -3.60928298819911883e-14 -2.27340828086835267e-14  6.25962832186626961e-01 -8.03995436243922640e-02 -1.53100749184845055e-11 -9.05507815131029889e-12 -1.53100749184828706e-11 -9.05507815133161333e-12 -1.53100749184825636e-11 -9.05507815133208831e-12  2.64297794812150765e-09 -4.46691082440366284e-09  2.64297794812150682e-09 -4.46691082440366284e-09  2.64297794812150723e-09 -4.46691082440366367e-09  2.64297794812150641e-09 -4.46691082440366119e-09 
 3.00000000000005186e+08  1.17290401242722294e-14 -1.17701811032596952e-14 -3.55618353100252989e-16  6.27515315291460285e-16  8.73155666476479499e-04  6.92738201690661082e-03  8.76864390392346412e-14 -1.53280448416000358e-13  8.76864390393289385e-14 -1.53280448416053268e-13  8.76864390393160138e-14 -1.53280448416059730e-13  5.07235021083426360e-11  2.90229002008057329e-11  5.07235021083426360e-11  2.90229002008057329e-11  5.07235021083426101e-11  2.90229002008057587e-11  5.07235021083426101e-11  2.90229002008057587e-11 -1.05123863896249762e-12 -1.06570451581046342e-12 -3.29428631205642044e-14 -2.01486007630805057e-14  6.24533914967840720e-01 -7.86481698853502692e-02 -1.38178314241076627e-11 -7.90674543298240216e-12 -1.38178314241070940e-11 -7.90674543300015585e-12 -1.38178314241067515e-11 -7.90674543300068899e-12  2.37504457377606584e-09 -4.14961122737543740e-09  2.37504457377606584e-09 -4.14961122737543740e-09  2.37504457377606584e-09 -4.14961122737543492e-09  2.37504457377606584e-09 -4.14961122737543409e-09 
