 frequency              v(vcm)                 v(vcm)                 v(vexc)                v(vexc)                v(vexcmd)              v(vexcmd)              v(cmdrv)               v(cmdrv)               v(exdrv)               v(exdrv)               v(row0)                v(row0)                v(row1)                v(row1)                v(row2)                v(row2)                v(row3)                v(row3)                v(col0)                v(col0)                v(col1)                v(col1)                v(col2)                v(col2)                v(col3)                v(col3)                v(drv0)                v(drv0)                v(drv1)                v(drv1)                v(drv2)                v(drv2)                v(drv3)                v(drv3)                v(tdrv0)               v(tdrv0)               v(tdrv1)               v(tdrv1)               v(tdrv2)               v(tdrv2)               v(tdrv3)               v(tdrv3)               v(tap0)                v(tap0)                v(tap1)                v(tap1)                v(tap2)                v(tap2)                v(tap3)                v(tap3)                v(ain0)                v(ain0)                v(ain1)                v(ain1)                v(ain2)                v(ain2)                v(ain3)                v(ain3)               
 1.000000000000000e+00  1.000000056925664e+00 -2.036533559992030e-08  9.000001092841677e-01 -2.111147566168366e-07  9.000000586831083e-01 -2.473590831560181e-07  1.010000056358589e+00  6.420892028540362e-06  9.000001121750202e-01  5.469467132223041e-06  2.565027191627323e-03 -6.710320400794056e-02  2.607663451294095e-03 -6.709992381295822e-02  2.581449267540781e-03 -6.710194704817375e-02  2.371638750528871e-03 -6.711739732183851e-02  1.000000288488121e+00 -4.282397949076423e-06  1.000000288488179e+00 -4.282397949020912e-06  1.000000288488179e+00 -4.282397949020912e-06  1.000000288488121e+00 -4.282397949069485e-06 -4.961522010178940e-01 -1.006523352175266e-01 -4.960882466480994e-01 -1.006474146693533e-01 -4.961275679115749e-01 -1.006504496793893e-01 -4.964422835942693e-01 -1.006736263481708e-01  3.990909017332107e+00  2.012142968042364e-01  3.990909017332338e+00  2.012142968042362e-01  3.990909017332337e+00  2.012142968042361e-01  3.990909017332107e+00  2.012142968042366e-01  3.488696726962856e+00  1.672713188496999e-01  3.488696726963058e+00  1.672713188496998e-01  3.488696726963057e+00  1.672713188496997e-01  3.488696726962856e+00  1.672713188497001e-01  3.488348942822476e+00  1.672326776391121e-01  3.488348942822678e+00  1.672326776391120e-01  3.488348942822677e+00  1.672326776391119e-01  3.488348942822476e+00  1.672326776391123e-01 
 1.029200527194428e+00  1.000000056926922e+00 -2.096001395993919e-08  9.000001092864115e-01 -2.172794184434497e-07  9.000000586842368e-01 -2.545820986323854e-07  1.010000056376200e+00  6.608370010684468e-06  9.000001121781209e-01  5.629163022707123e-06  2.422727722140472e-03 -6.520450262557530e-02  2.462988941559940e-03 -6.520149266952407e-02  2.438234933191563e-03 -6.520334922412482e-02  2.240116505625500e-03 -6.521752652196214e-02  1.000000288501403e+00 -4.407628148265315e-06  1.000000288501461e+00 -4.407628148265315e-06  1.000000288501461e+00 -4.407628148154293e-06  1.000000288501403e+00 -4.407628148265315e-06 -4.963656501966890e-01 -9.780421178587065e-02 -4.963052583861698e-01 -9.779969660328690e-02 -4.963423893872435e-01 -9.780248158797872e-02 -4.966395669409300e-01 -9.782374875759446e-02  3.991329948644863e+00  1.955242641858840e-01  3.991329948645095e+00  1.955242641858842e-01  3.991329948645095e+00  1.955242641858844e-01  3.991329948644863e+00  1.955242641858840e-01  3.489047094254451e+00  1.625289465553176e-01  3.489047094254653e+00  1.625289465553177e-01  3.489047094254653e+00  1.625289465553180e-01  3.489047094254451e+00  1.625289465553176e-01  3.488699275095028e+00  1.624901373177977e-01  3.488699275095231e+00  1.624901373177978e-01  3.488699275095230e+00  1.624901373177980e-01  3.488699275095028e+00  1.624901373177977e-01 
 1.059253725177289e+00  1.000000056928253e+00 -2.157205710087434e-08  9.000001092887870e-01 -2.236240916215088e-07  9.000000586854318e-01 -2.620160298419952e-07  1.010000056366129e+00  6.801322884958149e-06  9.000001121813400e-01  5.793522552978397e-06  2.288367336162500e-03 -6.335923511710893e-02  2.326385299446565e-03 -6.335647312807625e-02  2.303010907327985e-03 -6.335817670569185e-02  2.115934910499329e-03 -6.337118599725673e-02  1.000000288514706e+00 -4.536510000587370e-06  1.000000288514764e+00 -4.536510000642881e-06  1.000000288514763e+00 -4.536510000531859e-06  1.000000288514705e+00 -4.536510000476348e-06 -4.965671907520701e-01 -9.503623705906439e-02 -4.965101638247195e-01 -9.503209383400230e-02 -4.965452254020569e-01 -9.503464934891395e-02 -4.968258393145107e-01 -9.505416447468162e-02  3.991727393902665e+00  1.899945043507614e-01  3.991727393902897e+00  1.899945043507607e-01  3.991727393902895e+00  1.899945043507614e-01  3.991727393902664e+00  1.899945043507614e-01  3.489377912565188e+00  1.579197986065487e-01  3.489377912565391e+00  1.579197986065481e-01  3.489377912565390e+00  1.579197986065487e-01  3.489377912565188e+00  1.579197986065487e-01  3.489030060332766e+00  1.578807893318621e-01  3.489030060332969e+00  1.578807893318615e-01  3.489030060332968e+00  1.578807893318621e-01  3.489030060332766e+00  1.578807893318621e-01 
 1.090184492385128e+00  1.000000056929663e+00 -2.220197237813551e-08  9.000001092913043e-01 -2.301540326827834e-07  9.000000586866974e-01 -2.696670359006265e-07  1.010000056369912e+00  6.999910508513362e-06  9.000001121846894e-01  5.962681891508883e-06  2.161504210450804e-03 -6.156592112668868e-02  2.197403446126400e-03 -6.156338666586875e-02  2.175331630583921e-03 -6.156494990861100e-02  1.998685136823664e-03 -6.157688745385739e-02  1.000000288528075e+00 -4.669150280578980e-06  1.000000288528132e+00 -4.669150280690003e-06  1.000000288528132e+00 -4.669150280634491e-06  1.000000288528075e+00 -4.669150280634491e-06 -4.967574854188242e-01 -9.234619044245453e-02 -4.967036365819097e-01 -9.234238851651150e-02 -4.967367442949855e-01 -9.234473352493285e-02 -4.970017139574386e-01 -9.236264099773660e-02  3.992102660980383e+00  1.846205775729080e-01  3.992102660980613e+00  1.846205775729078e-01  3.992102660980613e+00  1.846205775729076e-01  3.992102660980383e+00  1.846205775729073e-01  3.489690270520343e+00  1.534401742537634e-01  3.489690270520544e+00  1.534401742537632e-01  3.489690270520543e+00  1.534401742537631e-01  3.489690270520343e+00  1.534401742537629e-01  3.489342387052131e+00  1.534009327541912e-01  3.489342387052332e+00  1.534009327541910e-01  3.489342387052331e+00  1.534009327541909e-01  3.489342387052131e+00  1.534009327541907e-01 
 1.122018454301964e+00  1.000000056931158e+00 -2.285028155257805e-08  9.000001092939708e-01 -2.368746514333846e-07  9.000000586880387e-01 -2.775414554048607e-07  1.010000056389869e+00  7.204297407504060e-06  9.000001121881801e-01  6.136781183482403e-06  2.041720989407581e-03 -5.982311935277283e-02  2.075619163781572e-03 -5.982079366404025e-02  2.054777587903955e-03 -5.982222813999526e-02  1.887981030390506e-03 -5.983318230433683e-02  1.000000288541553e+00 -4.805658875653739e-06  1.000000288541611e+00 -4.805658875709250e-06  1.000000288541611e+00 -4.805658875709250e-06  1.000000288541553e+00 -4.805658875653739e-06 -4.969371602302769e-01 -8.973190992106109e-02 -4.968863129843921e-01 -8.972842115986052e-02 -4.969175753385396e-01 -8.973057301403654e-02 -4.971677701009684e-01 -8.974700538292783e-02  3.992456984278988e+00  1.793981614929890e-01  3.992456984279219e+00  1.793981614929890e-01  3.992456984279218e+00  1.793981614929890e-01  3.992456984278988e+00  1.793981614929890e-01  3.489985195588020e+00  1.490864702848598e-01  3.489985195588222e+00  1.490864702848597e-01  3.489985195588222e+00  1.490864702848597e-01  3.489985195588020e+00  1.490864702848598e-01  3.489637282618478e+00  1.490469641695120e-01  3.489637282618680e+00  1.490469641695119e-01  3.489637282618680e+00  1.490469641695119e-01  3.489637282618478e+00  1.490469641695120e-01 
 1.154781984689459e+00  1.000000056932741e+00 -2.351752158817822e-08  9.000001092967949e-01 -2.437915157145119e-07  9.000000586894593e-01 -2.856458120123354e-07  1.010000056391277e+00  7.414652912319982e-06  9.000001121918224e-01  6.315964666670857e-06  1.928623443273159e-03 -5.812942668140753e-02  1.960631733076201e-03 -5.812729255321538e-02  1.940952049118871e-03 -5.812860887800279e-02  1.783457863843707e-03 -5.813866074779730e-02  1.000000288555185e+00 -4.946148878042543e-06  1.000000288555243e+00 -4.946148878042543e-06  1.000000288555243e+00 -4.946148878042543e-06  1.000000288555185e+00 -4.946148878042543e-06 -4.971068065310010e-01 -8.719129075943932e-02 -4.970587941111013e-01 -8.718808934547703e-02 -4.970883136279056e-01 -8.719006396895020e-02 -4.973245548360810e-01 -8.720514286437162e-02  3.992791530129280e+00  1.743230486007493e-01  3.992791530129511e+00  1.743230486007493e-01  3.992791530129511e+00  1.743230486007493e-01  3.992791530129280e+00  1.743230486007493e-01  3.490263658577056e+00  1.448551789251666e-01  3.490263658577258e+00  1.448551789251666e-01  3.490263658577258e+00  1.448551789251666e-01  3.490263658577056e+00  1.448551789251666e-01  3.489915717743535e+00  1.448153755740316e-01  3.489915717743736e+00  1.448153755740316e-01  3.489915717743736e+00  1.448153755740316e-01  3.489915717743534e+00  1.448153755740316e-01 
 1.188502227437019e+00  1.000000056934417e+00 -2.420424527806298e-08  9.000001092997864e-01 -2.509103559353302e-07  9.000000586909638e-01 -2.939868200094844e-07  1.010000056389663e+00  7.631151297922704e-06  9.000001121956297e-01  6.500380791164492e-06  1.821839198376418e-03 -5.648347732524672e-02  1.852062643739938e-03 -5.648151896352087e-02  1.833480639929774e-03 -5.648272685494999e-02  1.684771157047404e-03 -5.649195085906558e-02  1.000000288569017e+00 -5.090736678455357e-06  1.000000288569074e+00 -5.090736678566379e-06  1.000000288569074e+00 -5.090736678510868e-06  1.000000288569016e+00 -5.090736678455357e-06 -4.972669828814420e-01 -8.472228421015625e-02 -4.972216477273788e-01 -8.471934645214220e-02 -4.972495207244703e-01 -8.472115842173381e-02 -4.974725848829311e-01 -8.473499548787199e-02  3.993107399915193e+00  1.693911435846785e-01  3.993107399915423e+00  1.693911435846783e-01  3.993107399915422e+00  1.693911435846785e-01  3.993107399915190e+00  1.693911435846785e-01  3.490526576236678e+00  1.407428856268004e-01  3.490526576236880e+00  1.407428856268002e-01  3.490526576236879e+00  1.407428856268004e-01  3.490526576236676e+00  1.407428856268004e-01  3.490178609084790e+00  1.407027521645382e-01  3.490178609084992e+00  1.407027521645381e-01  3.490178609084991e+00  1.407027521645382e-01  3.490178609084788e+00  1.407027521645383e-01 
 1.223207119049932e+00  1.000000056936193e+00 -2.491102197294629e-08  9.000001093029554e-01 -2.582370705435131e-07  9.000000586925577e-01 -3.025713901176386e-07  1.010000056395841e+00  7.853971928786409e-06  9.000001121996137e-01  6.690182341227013e-06  1.721016535839781e-03 -5.488394196775823e-02  1.749554374641471e-03 -5.488214487968567e-02  1.732008658243744e-03 -5.488325330194816e-02  1.591595561204029e-03 -5.489171768878148e-02  1.000000288583093e+00 -5.239542064586780e-06  1.000000288583151e+00 -5.239542064531269e-06  1.000000288583151e+00 -5.239542064586780e-06  1.000000288583093e+00 -5.239542064420247e-06 -4.974182168598614e-01 -8.232289623004391e-02 -4.973754101148645e-01 -8.232020038858465e-02 -4.974017286813160e-01 -8.232186315069179e-02 -4.976123482646722e-01 -8.233456076099710e-02  3.993405634735412e+00  1.645984608185884e-01  3.993405634735642e+00  1.645984608185881e-01  3.993405634735644e+00  1.645984608185881e-01  3.993405634735412e+00  1.645984608185886e-01  3.490774815136718e+00  1.367462669717446e-01  3.490774815136919e+00  1.367462669717444e-01  3.490774815136921e+00  1.367462669717444e-01  3.490774815136718e+00  1.367462669717449e-01  3.490426823125331e+00  1.367057702411897e-01  3.490426823125532e+00  1.367057702411895e-01  3.490426823125534e+00  1.367057702411895e-01  3.490426823125331e+00  1.367057702411899e-01 
 1.258925411794168e+00  1.000000056938074e+00 -2.563843674837131e-08  9.000001093063122e-01 -2.657777287691063e-07  9.000000586942465e-01 -3.114066340443168e-07  1.010000056389203e+00  8.083299407347016e-06  9.000001122037884e-01  6.885526564136094e-06  1.625823255225978e-03 -5.332952691582169e-02  1.652769239607943e-03 -5.332787780282026e-02  1.636202175246404e-03 -5.332889495799376e-02  1.503623803805532e-03 -5.333666237435624e-02  1.000000288597462e+00 -5.392688316030842e-06  1.000000288597520e+00 -5.392688316086353e-06  1.000000288597520e+00 -5.392688316086353e-06  1.000000288597462e+00 -5.392688316086353e-06 -4.975610067668649e-01 -7.999118620904151e-02 -4.975205878027638e-01 -7.998871233609436e-02 -4.975454383916135e-01 -7.999023819393765e-02 -4.977443058900265e-01 -8.000189031946227e-02  3.993687217085396e+00  1.599411216912116e-01  3.993687217085626e+00  1.599411216912112e-01  3.993687217085627e+00  1.599411216912115e-01  3.993687217085395e+00  1.599411216912114e-01  3.491009193067614e+00  1.328620884442984e-01  3.491009193067816e+00  1.328620884442981e-01  3.491009193067816e+00  1.328620884442983e-01  3.491009193067613e+00  1.328620884442982e-01  3.490661177573698e+00  1.328211949796859e-01  3.490661177573899e+00  1.328211949796855e-01  3.490661177573900e+00  1.328211949796857e-01  3.490661177573697e+00  1.328211949796856e-01 
 1.295686697517020e+00  1.000000056940066e+00 -2.638709234116983e-08  9.000001093098673e-01 -2.735385783021611e-07  9.000000586960343e-01 -3.204998716818074e-07  1.010000056376136e+00  8.319323726865663e-06  9.000001122081664e-01  7.086575298452732e-06  1.535945599591193e-03 -5.181897326087716e-02  1.561388295829802e-03 -5.181745992030212e-02  1.545745742134674e-03 -5.181839331627193e-02  1.420565690778530e-03 -5.182552126292392e-02  1.000000288612169e+00 -5.550302309827690e-06  1.000000288612227e+00 -5.550302309883201e-06  1.000000288612227e+00 -5.550302309883201e-06  1.000000288612169e+00 -5.550302309827690e-06 -4.976958232378207e-01 -7.772526571185871e-02 -4.976576592052423e-01 -7.772299550329181e-02 -4.976811230285199e-01 -7.772439571879816e-02 -4.978688930500684e-01 -7.773508861149730e-02  3.993953074947165e+00  1.554153521350259e-01  3.993953074947397e+00  1.554153521350257e-01  3.993953074947397e+00  1.554153521350257e-01  3.993953074947165e+00  1.554153521350261e-01  3.491230482444625e+00  1.290872023690506e-01  3.491230482444827e+00  1.290872023690504e-01  3.491230482444827e+00  1.290872023690504e-01  3.491230482444624e+00  1.290872023690508e-01  3.490882444767756e+00  1.290458783689202e-01  3.490882444767959e+00  1.290458783689200e-01  3.490882444767959e+00  1.290458783689200e-01  3.490882444767756e+00  1.290458783689204e-01 
 1.333521432163325e+00  1.000000056942177e+00 -2.715760918978942e-08  9.000001093136335e-01 -2.815260486054672e-07  9.000000586979284e-01 -3.298586367582905e-07  1.010000056391457e+00  8.562240428226853e-06  9.000001122127635e-01  7.293495108856275e-06  1.451087238920512e-03 -5.035105604948403e-02  1.475110311162264e-03 -5.034966728441382e-02  1.460340510799740e-03 -5.035052384675777e-02  1.342147163084284e-03 -5.035706504707790e-02  1.000000288627264e+00 -5.712514625542999e-06  1.000000288627322e+00 -5.712514625487488e-06  1.000000288627322e+00 -5.712514625487488e-06  1.000000288627264e+00 -5.712514625542999e-06 -4.978231107677124e-01 -7.552329723375342e-02 -4.977870761704752e-01 -7.552121389402403e-02 -4.978092308641570e-01 -7.552249885566116e-02 -4.979865208333250e-01 -7.553231160139075e-02  3.994204085440303e+00  1.510174801605646e-01  3.994204085440533e+00  1.510174801605647e-01  3.994204085440534e+00  1.510174801605647e-01  3.994204085440302e+00  1.510174801605644e-01  3.491439413346741e+00  1.254185458532812e-01  3.491439413346943e+00  1.254185458532813e-01  3.491439413346944e+00  1.254185458532813e-01  3.491439413346741e+00  1.254185458532810e-01  3.491091354713313e+00  1.253767571530441e-01  3.491091354713515e+00  1.253767571530442e-01  3.491091354713515e+00  1.253767571530442e-01  3.491091354713312e+00  1.253767571530439e-01 
 1.372460961007563e+00  1.000000056944413e+00 -2.795062551986549e-08  9.000001093176226e-01 -2.897467573837301e-07  9.000000586999353e-01 -3.394906826939039e-07  1.010000056385998e+00  8.812250762882789e-06  9.000001122175947e-01  7.506457423807725e-06  1.370968308782194e-03 -4.892458346461164e-02  1.393650787511247e-03 -4.892330900131030e-02  1.379705155814204e-03 -4.892409506640848e-02  1.268109404833018e-03 -4.893009791450870e-02  1.000000288642797e+00 -5.879459650882384e-06  1.000000288642855e+00 -5.879459650799117e-06  1.000000288642855e+00 -5.879459650826873e-06  1.000000288642797e+00 -5.879459650882384e-06 -4.979432891531498e-01 -7.338349297240697e-02 -4.979092654455639e-01 -7.338158109075522e-02 -4.979301838866287e-01 -7.338276030318915e-02 -4.980975774636039e-01 -7.339176549388600e-02  3.994441076251605e+00  1.467439333027932e-01  3.994441076251836e+00  1.467439333027935e-01  3.994441076251837e+00  1.467439333027935e-01  3.994441076251605e+00  1.467439333027932e-01  3.491636674706691e+00  1.218531386561613e-01  3.491636674706893e+00  1.218531386561615e-01  3.491636674706894e+00  1.218531386561615e-01  3.491636674706692e+00  1.218531386561613e-01  3.491288596273988e+00  1.218108507003343e-01  3.491288596274190e+00  1.218108507003346e-01  3.491288596274190e+00  1.218108507003345e-01  3.491288596273988e+00  1.218108507003343e-01 
 1.412537544622755e+00  1.000000056946781e+00 -2.876679836918259e-08  9.000001093218482e-01 -2.982075151852653e-07  9.000000587020608e-01 -3.494039894707539e-07  1.010000056398282e+00  9.069561859146905e-06  9.000001122226746e-01  7.725638678724002e-06  1.295324501239259e-03 -4.753839601856813e-02  1.316741037579172e-03 -4.753722643041702e-02  1.303573939659408e-03 -4.753794779812458e-02  1.198208000034950e-03 -4.754345671121719e-02  1.000000288658820e+00 -6.051275694810587e-06  1.000000288658877e+00 -6.051275694838343e-06  1.000000288658877e+00 -6.051275694838343e-06  1.000000288658820e+00 -6.051275694866098e-06 -4.980567548560063e-01 -7.130411361725368e-02 -4.980246300614211e-01 -7.130235905359968e-02 -4.980443807021793e-01 -7.130344121670436e-02 -4.982024295648659e-01 -7.131170547893709e-02  3.994664829089982e+00  1.425912362356669e-01  3.994664829090212e+00  1.425912362356671e-01  3.994664829090213e+00  1.425912362356671e-01  3.994664829089981e+00  1.425912362356669e-01  3.491822917186654e+00  1.183880811976374e-01  3.491822917186856e+00  1.183880811976376e-01  3.491822917186856e+00  1.183880811976376e-01  3.491822917186653e+00  1.183880811976374e-01  3.491474820046652e+00  1.183452590117012e-01  3.491474820046853e+00  1.183452590117014e-01  3.491474820046853e+00  1.183452590117014e-01  3.491474820046651e+00  1.183452590117012e-01 
 1.453784385607663e+00  1.000000056949290e+00 -2.960680398786948e-08  9.000001093263252e-01 -3.069153316884448e-07  9.000000587043123e-01 -3.596067701144980e-07  1.010000056413433e+00  9.334386894100396e-06  9.000001122280238e-01  7.951220460056173e-06  1.223906205440273e-03 -4.619136575768443e-02  1.244127311504695e-03 -4.619029239536646e-02  1.231695127012322e-03 -4.619095441535362e-02  1.132212135582011e-03 -4.619601011897630e-02  1.000000288675384e+00 -6.228105103248371e-06  1.000000288675442e+00 -6.228105103359393e-06  1.000000288675442e+00 -6.228105103359393e-06  1.000000288675384e+00 -6.228105103248371e-06 -4.981638822925311e-01 -6.928346715644040e-02 -4.981335506428089e-01 -6.928185693666092e-02 -4.981521989137656e-01 -6.928285007503462e-02 -4.983014233567542e-01 -6.929043449783499e-02  3.994876082770501e+00  1.385560084041187e-01  3.994876082770733e+00  1.385560084041182e-01  3.994876082770733e+00  1.385560084041182e-01  3.994876082770501e+00  1.385560084041187e-01  3.491998755745304e+00  1.150205525816711e-01  3.491998755745506e+00  1.150205525816707e-01  3.491998755745506e+00  1.150205525816707e-01  3.491998755745303e+00  1.150205525816711e-01  3.491650640928208e+00  1.149771607435345e-01  3.491650640928410e+00  1.149771607435341e-01  3.491650640928410e+00  1.149771607435341e-01  3.491650640928207e+00  1.149771607435345e-01 
 1.496235656094435e+00  1.000000056951946e+00 -3.047133798187543e-08  9.000001093310660e-01 -3.158774207026521e-07  9.000000587066970e-01 -3.701074771235188e-07  1.010000056392482e+00  9.606945269863685e-06  9.000001122336546e-01  8.183389658409068e-06  1.156477694919500e-03 -4.488239547939272e-02  1.175569971454460e-03 -4.488141040681469e-02  1.163831987141817e-03 -4.488201796182491e-02  1.069903847836340e-03 -4.488665784800043e-02  1.000000288692546e+00 -6.410094373759316e-06  1.000000288692603e+00 -6.410094373759316e-06  1.000000288692603e+00 -6.410094373814827e-06  1.000000288692545e+00 -6.410094373787071e-06 -4.982650250523992e-01 -6.731990770237778e-02 -4.982363866464511e-01 -6.731842992218935e-02 -4.982539936174591e-01 -6.731934136003358e-02 -4.983948857847090e-01 -6.732630203214546e-02  3.995075534255371e+00  1.346349615921390e-01  3.995075534255603e+00  1.346349615921390e-01  3.995075534255602e+00  1.346349615921390e-01  3.995075534255371e+00  1.346349615921389e-01  3.492164770504251e+00  1.117478085662626e-01  3.492164770504453e+00  1.117478085662627e-01  3.492164770504453e+00  1.117478085662626e-01  3.492164770504251e+00  1.117478085662626e-01  3.491816638981944e+00  1.117038111773355e-01  3.491816638982147e+00  1.117038111773355e-01  3.491816638982146e+00  1.117038111773355e-01  3.491816638981944e+00  1.117038111773354e-01 
 1.539926526059493e+00  1.000000056954760e+00 -3.136111708627344e-08  9.000001093360883e-01 -3.251012077971374e-07  9.000000587092227e-01 -3.809148105489993e-07  1.010000056415248e+00  9.887462794755055e-06  9.000001122395896e-01  8.422338620305205e-06  1.092816359565374e-03 -4.361041796255444e-02  1.110842711057325e-03 -4.360951389838547e-02  1.099760013495210e-03 -4.361007149191645e-02  1.011077310582309e-03 -4.361432984425117e-02  1.000000288710361e+00 -6.597394280926830e-06  1.000000288710419e+00 -6.597394280954585e-06  1.000000288710419e+00 -6.597394280954585e-06  1.000000288710361e+00 -6.597394280982341e-06 -4.983605170507592e-01 -6.541183433716191e-02 -4.983334775318846e-01 -6.541047807442860e-02 -4.983501015730697e-01 -6.541131456707779e-02 -4.984831255880428e-01 -6.541770291459678e-02  3.995263842431605e+00  1.308248976869351e-01  3.995263842431835e+00  1.308248976869350e-01  3.995263842431836e+00  1.308248976869351e-01  3.995263842431606e+00  1.308248976869349e-01  3.492321509892424e+00  1.085671796962964e-01  3.492321509892626e+00  1.085671796962963e-01  3.492321509892626e+00  1.085671796962964e-01  3.492321509892425e+00  1.085671796962962e-01  3.491973362581602e+00  1.085225403521157e-01  3.491973362581804e+00  1.085225403521157e-01  3.491973362581804e+00  1.085225403521157e-01  3.491973362581603e+00  1.085225403521156e-01 
 1.584893192461115e+00  1.000000056957742e+00 -3.227687789522654e-08  9.000001093414086e-01 -3.345943339235972e-07  9.000000587118990e-01 -3.920377235252043e-07  1.010000056396792e+00  1.017617187228456e-05  9.000001122458477e-01  8.668265310632397e-06  1.032711979393863e-03 -4.237439521109273e-02  1.049731817717392e-03 -4.237356547449679e-02  1.039267883799655e-03 -4.237407722688904e-02  9.555381620992565e-04 -4.237798551231229e-02  1.000000288728890e+00 -6.790159996981825e-06  1.000000288728948e+00 -6.790159996926313e-06  1.000000288728948e+00 -6.790159996954069e-06  1.000000288728890e+00 -6.790159996926313e-06 -4.984506736175713e-01 -6.355768997795298e-02 -4.984251438679864e-01 -6.355644521128481e-02 -4.984408397639903e-01 -6.355721293933329e-02 -4.985664343093277e-01 -6.356307616332274e-02  3.995441628992780e+00  1.271227063357466e-01  3.995441628993013e+00  1.271227063357468e-01  3.995441628993011e+00  1.271227063357468e-01  3.995441628992781e+00  1.271227063357467e-01  3.492469491380021e+00  1.054760693470769e-01  3.492469491380224e+00  1.054760693470771e-01  3.492469491380223e+00  1.054760693470770e-01  3.492469491380022e+00  1.054760693470770e-01  3.492121329145252e+00  1.054307511074988e-01  3.492121329145456e+00  1.054307511074990e-01  3.492121329145454e+00  1.054307511074989e-01  3.492121329145254e+00  1.054307511074989e-01 
 1.631172909227840e+00  1.000000056960900e+00 -3.321937961662367e-08  9.000001093470437e-01 -3.443646646635674e-07  9.000000587147330e-01 -4.034854316169947e-07  1.010000056400605e+00  1.047331169143310e-05  9.000001122524487e-01  8.921373473851437e-06  9.759660383108493e-04 -4.117331771135848e-02  9.920354752452343e-04 -4.117255617273840e-02  9.821560038431043e-04 -4.117302585513460e-02  9.031028691487419e-04 -4.117661295343200e-02  1.000000288748193e+00 -6.988551223910788e-06  1.000000288748250e+00 -6.988551223938543e-06  1.000000288748250e+00 -6.988551223966299e-06  1.000000288748192e+00 -6.988551223966299e-06 -4.985357925269659e-01 -6.175596026294935e-02 -4.985116883790265e-01 -6.175481779781842e-02 -4.985265075815276e-01 -6.175552241805962e-02 -4.986450872484164e-01 -6.176090383885064e-02  3.995609481043811e+00  1.235253627431651e-01  3.995609481044042e+00  1.235253627431650e-01  3.995609481044042e+00  1.235253627431650e-01  3.995609481043811e+00  1.235253627431649e-01  3.492609203646567e+00  1.024719518844894e-01  3.492609203646770e+00  1.024719518844893e-01  3.492609203646770e+00  1.024719518844893e-01  3.492609203646567e+00  1.024719518844893e-01  3.492261027303136e+00  1.024259172434010e-01  3.492261027303338e+00  1.024259172434009e-01  3.492261027303338e+00  1.024259172434009e-01  3.492261027303136e+00  1.024259172434008e-01 
 1.678804018122562e+00  1.000000056964245e+00 -3.418940289226736e-08  9.000001093530129e-01 -3.544202942199565e-07  9.000000587177354e-01 -4.152674188267284e-07  1.010000056411714e+00  1.077912842638502e-05  9.000001122594157e-01  9.181872804911130e-06  9.223910754110332e-04 -4.000620370344863e-02  9.375631047112143e-04 -4.000550473887308e-02  9.282354964310069e-04 -4.000593582131408e-02  8.535981260284764e-04 -4.000922821912657e-02  1.000000288768334e+00 -7.192732324079210e-06  1.000000288768392e+00 -7.192732323995943e-06  1.000000288768392e+00 -7.192732323995943e-06  1.000000288768333e+00 -7.192732324023699e-06 -4.986161549702928e-01 -6.000517245828990e-02 -4.985933969333913e-01 -6.000412385867078e-02 -4.986073883414644e-01 -6.000477057624500e-02 -4.987193443638615e-01 -6.000970992443182e-02  3.995767953288941e+00  1.200299254917718e-01  3.995767953289173e+00  1.200299254917724e-01  3.995767953289173e+00  1.200299254917723e-01  3.995767953288941e+00  1.200299254917721e-01  3.492741108402158e+00  9.955237084440748e-02  3.492741108402361e+00  9.955237084440792e-02  3.492741108402361e+00  9.955237084440784e-02  3.492741108402157e+00  9.955237084440774e-02  3.492392918718719e+00  9.950558169894079e-02  3.492392918718921e+00  9.950558169894123e-02  3.492392918718921e+00  9.950558169894115e-02  3.492392918718718e+00  9.950558169894105e-02 
 1.727825980507865e+00  1.000000056967789e+00 -3.518775147121059e-08  9.000001093593362e-01 -3.647695535060721e-07  9.000000587209157e-01 -4.273934463755269e-07  1.010000056422325e+00  1.109387543973809e-05  9.000001122667715e-01  9.449979122242201e-06  8.718100719561361e-04 -3.887209846642654e-02  8.861347415145548e-04 -3.887145691606988e-02  8.773280372859626e-04 -3.887185258980637e-02  8.068602867191688e-04 -3.887487458055823e-02  1.000000288789380e+00 -7.402872456906514e-06  1.000000288789438e+00 -7.402872456934270e-06  1.000000288789438e+00 -7.402872456934270e-06  1.000000288789380e+00 -7.402872456962025e-06 -4.986920264756567e-01 -5.830389438580666e-02 -4.986705394779782e-01 -5.830293191183581e-02 -4.986837495302139e-01 -5.830352551369785e-02 -4.987894511246951e-01 -5.830805923003051e-02  3.995917569506472e+00  1.166335343764953e-01  3.995917569506703e+00  1.166335343764950e-01  3.995917569506702e+00  1.166335343764951e-01  3.995917569506471e+00  1.166335343764949e-01  3.492865641614911e+00  9.671493712337660e-02  3.492865641615112e+00  9.671493712337638e-02  3.492865641615112e+00  9.671493712337641e-02  3.492865641614910e+00  9.671493712337631e-02  3.492517439316028e+00  9.666735474260855e-02  3.492517439316230e+00  9.666735474260833e-02  3.492517439316230e+00  9.666735474260836e-02  3.492517439316028e+00  9.666735474260826e-02 
 1.778279410038925e+00  1.000000056971542e+00 -3.621525225996833e-08  9.000001093660340e-01 -3.754210165586333e-07  9.000000587242848e-01 -4.398735602361383e-07  1.010000056432128e+00  1.141781349306097e-05  9.000001122745392e-01  9.725914546263467e-06  8.240558720398194e-04 -3.777007361830999e-02  8.375804466546066e-04 -3.776948474802613e-02  8.292657543045867e-04 -3.776984792559971e-02  7.627348283048008e-04 -3.777262181325237e-02  1.000000288811401e+00 -7.619145718054820e-06  1.000000288811459e+00 -7.619145718054820e-06  1.000000288811459e+00 -7.619145718027064e-06  1.000000288811401e+00 -7.619145718054820e-06 -4.987636577769181e-01 -5.665073337292712e-02 -4.987433709212865e-01 -5.664984992326390e-02 -4.987558429559322e-01 -5.665039477829915e-02 -4.988556393152969e-01 -5.665455631931991e-02  3.996058823901695e+00  1.133334082850695e-01  3.996058823901928e+00  1.133334082850695e-01  3.996058823901927e+00  1.133334082850696e-01  3.996058823901695e+00  1.133334082850695e-01  3.492983214637074e+00  9.395732720748309e-02  3.492983214637277e+00  9.395732720748309e-02  3.492983214637276e+00  9.395732720748315e-02  3.492983214637074e+00  9.395732720748309e-02  3.492635000405638e+00  9.390891220059723e-02  3.492635000405841e+00  9.390891220059723e-02  3.492635000405840e+00  9.390891220059729e-02  3.492635000405638e+00  9.390891220059723e-02 
 1.830206106311058e+00  1.000000056975518e+00 -3.727275644243667e-08  9.000001093731282e-01 -3.863835078280099e-07  9.000000587278527e-01 -4.527180998471518e-07  1.010000056420104e+00  1.175121096215115e-05  9.000001122827465e-01  1.000990768361967e-05  7.789706351772896e-04 -3.669922642984703e-02  7.917397504428880e-04 -3.669868589621199e-02  7.838894594012769e-04 -3.669901926394083e-02  7.210758440009402e-04 -3.670156549753834e-02  1.000000288834470e+00 -7.841731285114874e-06  1.000000288834528e+00 -7.841731285087119e-06  1.000000288834527e+00 -7.841731285142630e-06  1.000000288834470e+00 -7.841731285170385e-06 -4.988312856348082e-01 -5.504433522325453e-02 -4.988121319678529e-01 -5.504352428264485e-02 -4.988239074007501e-01 -5.504402442040492e-02 -4.989181277958538e-01 -5.504784446025992e-02  3.996192183638851e+00  1.101268431777464e-01  3.996192183639082e+00  1.101268431777465e-01  3.996192183639083e+00  1.101268431777463e-01  3.996192183638851e+00  1.101268431777463e-01  3.493094216312555e+00  9.127728148351824e-02  3.493094216312757e+00  9.127728148351834e-02  3.493094216312757e+00  9.127728148351816e-02  3.493094216312555e+00  9.127728148351814e-02  3.492745990791990e+00  9.122799376738833e-02  3.492745990792192e+00  9.122799376738842e-02  3.492745990792193e+00  9.122799376738824e-02  3.492745990791990e+00  9.122799376738823e-02 
 1.883649089489803e+00  1.000000056979729e+00 -3.836114056203002e-08  9.000001093806421e-01 -3.976661098456476e-07  9.000000587316321e-01 -4.659377070182616e-07  1.010000056429960e+00  1.209434405943643e-05  9.000001122914177e-01  1.030219381641062e-05  7.364053190030972e-04 -3.565867915306682e-02  7.484611267798980e-04 -3.565818297116302e-02  7.410494706410753e-04 -3.565848898058731e-02  6.817455642145753e-04 -3.566082633451040e-02  1.000000288858663e+00 -8.070813565093597e-06  1.000000288858720e+00 -8.070813565093597e-06  1.000000288858720e+00 -8.070813565093597e-06  1.000000288858662e+00 -8.070813565093597e-06 -4.988951336128841e-01 -5.348338320930984e-02 -4.988770499068335e-01 -5.348263880026242e-02 -4.988881673875790e-01 -5.348309789812663e-02 -4.989771232207685e-01 -5.348660459895427e-02  3.996318089365601e+00  1.070112100258451e-01  3.996318089365833e+00  1.070112100258451e-01  3.996318089365832e+00  1.070112100258451e-01  3.996318089365601e+00  1.070112100258452e-01  3.493199013413412e+00  8.867260251584694e-02  3.493199013413615e+00  8.867260251584691e-02  3.493199013413614e+00  8.867260251584692e-02  3.493199013413412e+00  8.867260251584703e-02  3.492850777209840e+00  8.862240128204125e-02  3.492850777210043e+00  8.862240128204123e-02  3.492850777210042e+00  8.862240128204124e-02  3.492850777209840e+00  8.862240128204135e-02 
 1.938652635952210e+00  1.000000056984190e+00 -3.948130592062855e-08  9.000001093886024e-01 -4.092781696863759e-07  9.000000587356358e-01 -4.795433335522659e-07  1.010000056428136e+00  1.244749706384814e-05  9.000001123005851e-01  1.060301509787755e-05  6.962191905277026e-04 -3.464757836426875e-02  7.076014964538802e-04 -3.464712287787623e-02  7.006039897658467e-04 -3.464740378478119e-02  6.446139040143795e-04 -3.464954947730191e-02  1.000000288884060e+00 -8.306582346980445e-06  1.000000288884117e+00 -8.306582346952690e-06  1.000000288884117e+00 -8.306582346952690e-06  1.000000288884060e+00 -8.306582346924934e-06 -4.989554128106430e-01 -5.196659708692805e-02 -4.989383393570584e-01 -5.196591372500120e-02 -4.989488356138191e-01 -5.196633516671618e-02 -4.990328207174559e-01 -5.196955435647441e-02  3.996436957506440e+00  1.039839528751724e-01  3.996436957506670e+00  1.039839528751726e-01  3.996436957506671e+00  1.039839528751725e-01  3.996436957506440e+00  1.039839528751725e-01  3.493297952548807e+00  8.614115342682735e-02  3.493297952549009e+00  8.614115342682750e-02  3.493297952549010e+00  8.614115342682742e-02  3.493297952548807e+00  8.614115342682745e-02  3.492949706233015e+00  8.608999710798411e-02  3.492949706233216e+00  8.608999710798426e-02  3.492949706233217e+00  8.608999710798418e-02  3.492949706233015e+00  8.608999710798421e-02 
 1.995262314968882e+00  1.000000056988914e+00 -4.063418088489192e-08  9.000001093970340e-01 -4.212293079166920e-07  9.000000587398767e-01 -4.935462517220289e-07  1.010000056445963e+00  1.281096255489180e-05  9.000001123102767e-01  1.091262075171675e-05  6.582793643272189e-04 -3.366509432086767e-02  6.690257578109149e-04 -3.366467617569387e-02  6.624192787837435e-04 -3.366493404953057e-02  6.095580356860197e-04 -3.366690387785189e-02  1.000000288910745e+00 -8.549232960565654e-06  1.000000288910803e+00 -8.549232960565654e-06  1.000000288910803e+00 -8.549232960565654e-06  1.000000288910745e+00 -8.549232960565654e-06 -4.990123225562378e-01 -5.049273213043513e-02 -4.989962029710241e-01 -5.049210478408143e-02 -4.990061126864738e-01 -5.049249167389061e-02 -4.990854045275086e-01 -5.049544704891850e-02  3.996549181148469e+00  1.010425868953898e-01  3.996549181148701e+00  1.010425868953898e-01  3.996549181148700e+00  1.010425868953898e-01  3.996549181148468e+00  1.010425868953897e-01  3.493391360902244e+00  8.368085626543707e-02  3.493391360902447e+00  8.368085626543707e-02  3.493391360902445e+00  8.368085626543706e-02  3.493391360902243e+00  8.368085626543698e-02  3.493043105011574e+00  8.362870250100175e-02  3.493043105011777e+00  8.362870250100175e-02  3.493043105011775e+00  8.362870250100174e-02  3.493043105011573e+00  8.362870250100166e-02 
 2.053525026457149e+00  1.000000056993920e+00 -4.182072017487644e-08  9.000001094059653e-01 -4.335294255322788e-07  9.000000587443688e-01 -5.079580622768835e-07  1.010000056437580e+00  1.318504165616905e-05  9.000001123205259e-01  1.123126728016076e-05  6.224603662989270e-04 -3.271042033339838e-02  6.326063433265139e-04 -3.271003645190249e-02  6.263690582611336e-04 -3.271027319135041e-02  5.764619848684926e-04 -3.271208164878626e-02  1.000000288938809e+00 -8.798966435572617e-06  1.000000288938866e+00 -8.798966435600373e-06  1.000000288938866e+00 -8.798966435544862e-06  1.000000288938808e+00 -8.798966435544862e-06 -4.990660510608429e-01 -4.906057819056363e-02 -4.990508321000374e-01 -4.906000224336630e-02 -4.990601880247147e-01 -4.906035742935394e-02 -4.991350486124931e-01 -4.906307073014209e-02  3.996655131454133e+00  9.818469649948690e-02  3.996655131454364e+00  9.818469649948669e-02  3.996655131454365e+00  9.818469649948698e-02  3.996655131454133e+00  9.818469649948687e-02  3.493479547407478e+00  8.128969043397050e-02  3.493479547407679e+00  8.128969043397032e-02  3.493479547407680e+00  8.128969043397057e-02  3.493479547407477e+00  8.128969043397050e-02  3.493131282447605e+00  8.123649603526013e-02  3.493131282447807e+00  8.123649603525995e-02  3.493131282447807e+00  8.123649603526020e-02  3.493131282447604e+00  8.123649603526013e-02 
 2.113489039836650e+00  1.000000056999222e+00 -4.304190736639120e-08  9.000001094154257e-01 -4.461887133530885e-07  9.000000587491273e-01 -5.227907055938275e-07  1.010000056478836e+00  1.357004428407336e-05  9.000001123313652e-01  1.155921867455061e-05  5.886437214723816e-04 -3.178277215102128e-02  5.982228007196388e-04 -3.178241970966737e-02  5.923339772798686e-04 -3.178263706092719e-02  5.452162490982571e-04 -3.178429744025935e-02  1.000000288968341e+00 -9.055989671770747e-06  1.000000288968399e+00 -9.055989671742992e-06  1.000000288968399e+00 -9.055989671742992e-06  1.000000288968341e+00 -9.055989671742992e-06 -4.991167760369395e-01 -4.766895877261406e-02 -4.991024074225434e-01 -4.766842998916650e-02 -4.991112406549433e-01 -4.766875609069821e-02 -4.991819172261341e-01 -4.767124725692305e-02  3.996755158967062e+00  9.540793350356186e-02  3.996755158967291e+00  9.540793350356208e-02  3.996755158967292e+00  9.540793350356197e-02  3.996755158967061e+00  9.540793350356198e-02  3.493562803835407e+00  7.896569114805213e-02  3.493562803835607e+00  7.896569114805231e-02  3.493562803835609e+00  7.896569114805221e-02  3.493562803835406e+00  7.896569114805226e-02  3.493214530281999e+00  7.891141206261919e-02  3.493214530282200e+00  7.891141206261935e-02  3.493214530282201e+00  7.891141206261926e-02  3.493214530281998e+00  7.891141206261931e-02 
 2.175204034019526e+00  1.000000057004838e+00 -4.429875364786774e-08  9.000001094254477e-01 -4.592176588240438e-07  9.000000587541680e-01 -5.380564697176875e-07  1.010000056483039e+00  1.396628940553097e-05  9.000001123428329e-01  1.189674663611751e-05  5.567175646075118e-04 -3.088138736150815e-02  5.657613971535858e-04 -3.088106376986533e-02  5.602016890625117e-04 -3.088126332646016e-02  5.157174374893492e-04 -3.088278783175822e-02  1.000000288999442e+00 -9.320515605919704e-06  1.000000288999500e+00 -9.320515605947459e-06  1.000000288999500e+00 -9.320515605947459e-06  1.000000288999442e+00 -9.320515605891948e-06 -4.991646652824168e-01 -4.631673013633741e-02 -4.991510995378260e-01 -4.631624463089346e-02 -4.991594390973549e-01 -4.631654403831393e-02 -4.992261654547929e-01 -4.631883137657244e-02  3.996849594413845e+00  9.271001531370324e-02  3.996849594414077e+00  9.271001531370303e-02  3.996849594414077e+00  9.271001531370301e-02  3.996849594413845e+00  9.271001531370324e-02  3.493641405461414e+00  7.670694791901812e-02  3.493641405461616e+00  7.670694791901793e-02  3.493641405461616e+00  7.670694791901791e-02  3.493641405461413e+00  7.670694791901812e-02  3.493293123761722e+00  7.665153919429152e-02  3.493293123761924e+00  7.665153919429132e-02  3.493293123761925e+00  7.665153919429131e-02  3.493293123761722e+00  7.665153919429152e-02 
 2.238721138568343e+00  1.000000057010786e+00 -4.559230046230330e-08  9.000001094360617e-01 -4.726270563828341e-07  9.000000587595064e-01 -5.537680021652856e-07  1.010000056485057e+00  1.437410530106521e-05  9.000001123549639e-01  1.224413079955150e-05  5.265762724150913e-04 -3.000552480518088e-02  5.351147453921401e-04 -3.000522768657156e-02  5.298657696137243e-04 -3.000541091475575e-02  4.878679303407796e-04 -3.000681073853900e-02  1.000000289032213e+00 -9.592763392435507e-06  1.000000289032271e+00 -9.592763392435507e-06  1.000000289032271e+00 -9.592763392463263e-06  1.000000289032213e+00 -9.592763392435507e-06 -4.992098772322421e-01 -4.500278041674024e-02 -4.991970695267723e-01 -4.500233462418658e-02 -4.992049429879760e-01 -4.500260953693693e-02 -4.992679397280586e-01 -4.500470983648550e-02  3.996938750325185e+00  9.008872318783173e-02  3.996938750325416e+00  9.008872318783159e-02  3.996938750325416e+00  9.008872318783162e-02  3.996938750325184e+00  9.008872318783162e-02  3.493715612414740e+00  7.451160309834461e-02  3.493715612414942e+00  7.451160309834447e-02  3.493715612414942e+00  7.451160309834449e-02  3.493715612414739e+00  7.451160309834452e-02  3.493367322989056e+00  7.445501884450671e-02  3.493367322989258e+00  7.445501884450656e-02  3.493367322989258e+00  7.445501884450659e-02  3.493367322989054e+00  7.445501884450663e-02 
 2.304092976055850e+00  1.000000057017087e+00 -4.692361976418034e-08  9.000001094473058e-01 -4.864280156211662e-07  9.000000587651621e-01 -5.699383198583147e-07  1.010000056499103e+00  1.479382983729633e-05  9.000001123678010e-01  1.260165896504158e-05  4.981201160664250e-04 -2.915446400268375e-02  5.061814506222562e-04 -2.915419117657974e-02  5.012258491603472e-04 -2.915435942150654e-02  4.615755576673486e-04 -2.915564483255316e-02  1.000000289066765e+00 -9.872958582755092e-06  1.000000289066823e+00 -9.872958582727336e-06  1.000000289066823e+00 -9.872958582727336e-06  1.000000289066765e+00 -9.872958582755092e-06 -4.992525614796980e-01 -4.372602876564039e-02 -4.992404694816405e-01 -4.372561941509036e-02 -4.992479028815047e-01 -4.372587185095859e-02 -4.993073783009515e-01 -4.372780051542854e-02  3.997022921703419e+00  8.754190050631142e-02  3.997022921703651e+00  8.754190050631142e-02  3.997022921703651e+00  8.754190050631142e-02  3.997022921703419e+00  8.754190050631142e-02  3.493785670234029e+00  7.237785042921885e-02  3.493785670234231e+00  7.237785042921882e-02  3.493785670234231e+00  7.237785042921882e-02  3.493785670234029e+00  7.237785042921885e-02  3.493437373477075e+00  7.232004378130062e-02  3.493437373477277e+00  7.232004378130059e-02  3.493437373477277e+00  7.232004378130059e-02  3.493437373477075e+00  7.232004378130062e-02 
 2.371373705661660e+00  1.000000057023761e+00 -4.829381415313403e-08  9.000001094592158e-01 -5.006319700424545e-07  9.000000587711524e-01 -5.865808192286155e-07  1.010000056518580e+00  1.522581074743812e-05  9.000001123813850e-01  1.296962733738930e-05  4.712549329847215e-04 -2.832750459632199e-02  4.788657768436400e-04 -2.832725406221505e-02  4.741871597646052e-04 -2.832740855802381e-02  4.367532955373843e-04 -2.832858897750484e-02  1.000000289103210e+00 -1.016133331217815e-05  1.000000289103268e+00 -1.016133331220590e-05  1.000000289103268e+00 -1.016133331220590e-05  1.000000289103210e+00 -1.016133331217815e-05 -4.992928592686912e-01 -4.248542451356761e-02 -4.992814430064720e-01 -4.248504860416719e-02 -4.992884609298895e-01 -4.248528041441878e-02 -4.993446117094140e-01 -4.248705157601773e-02  3.997102387084965e+00  8.506745110065723e-02  3.997102387085196e+00  8.506745110065735e-02  3.997102387085195e+00  8.506745110065735e-02  3.997102387084965e+00  8.506745110065723e-02  3.493851810751681e+00  7.030393364615736e-02  3.493851810751883e+00  7.030393364615740e-02  3.493851810751883e+00  7.030393364615740e-02  3.493851810751681e+00  7.030393364615736e-02  3.493503507033919e+00  7.024485672531521e-02  3.493503507034121e+00  7.024485672531523e-02  3.493503507034120e+00  7.024485672531523e-02  3.493503507033919e+00  7.024485672531521e-02 
 2.440619068041985e+00  1.000000057030831e+00 -4.970401882339975e-08  9.000001094718312e-01 -5.152506873037391e-07  9.000000587774976e-01 -6.037092882491981e-07  1.010000056515936e+00  1.567040591844804e-05  9.000001123957625e-01  1.334834077053760e-05  4.458918168323556e-04 -2.752396580517295e-02  4.530773317487635e-04 -2.752373572763365e-02  4.486603098199926e-04 -2.752387760384031e-02  4.133189792967507e-04 -2.752496167811492e-02  1.000000289141670e+00 -1.045812649254716e-05  1.000000289141727e+00 -1.045812649254716e-05  1.000000289141727e+00 -1.045812649251940e-05  1.000000289141669e+00 -1.045812649254716e-05 -4.993309039587759e-01 -4.127994635232014e-02 -4.993201256897748e-01 -4.127960113083611e-02 -4.993267512205880e-01 -4.127981400979847e-02 -4.993797632004782e-01 -4.128144063850495e-02  3.997177409392707e+00  8.266333761780201e-02  3.997177409392937e+00  8.266333761780190e-02  3.997177409392937e+00  8.266333761780192e-02  3.997177409392706e+00  8.266333761780192e-02  3.493914252803298e+00  6.828814510396905e-02  3.493914252803500e+00  6.828814510396893e-02  3.493914252803500e+00  6.828814510396894e-02  3.493914252803298e+00  6.828814510396898e-02  3.493565942472158e+00  6.822774897791410e-02  3.493565942472360e+00  6.822774897791398e-02  3.493565942472360e+00  6.822774897791399e-02  3.493565942472157e+00  6.822774897791403e-02 
 2.511886431509585e+00  1.000000057038320e+00 -5.115540236133965e-08  9.000001094851940e-01 -5.302962789707610e-07  9.000000587842191e-01 -6.213379177286334e-07  1.010000056527740e+00  1.612798368783854e-05  9.000001124109793e-01  1.373811302042409e-05  4.219468246991487e-04 -2.674318589331150e-02  4.287307690586939e-04 -2.674297458839765e-02  4.245606387152101e-04 -2.674310488677786e-02  3.911950326672686e-04 -2.674410054306479e-02  1.000000289182272e+00 -1.076358401132607e-05  1.000000289182330e+00 -1.076358401132607e-05  1.000000289182330e+00 -1.076358401132607e-05  1.000000289182272e+00 -1.076358401132607e-05 -4.993668214643718e-01 -4.010860153718875e-02 -4.993566455510206e-01 -4.010828447762118e-02 -4.993629007445698e-01 -4.010847998801247e-02 -4.994129491386173e-01 -4.010997397507942e-02  3.997248237065113e+00  8.032757993504630e-02  3.997248237065343e+00  8.032757993504629e-02  3.997248237065343e+00  8.032757993504629e-02  3.997248237065113e+00  8.032757993504641e-02  3.493973203167465e+00  6.632882444858489e-02  3.493973203167666e+00  6.632882444858484e-02  3.493973203167666e+00  6.632882444858484e-02  3.493973203167464e+00  6.632882444858497e-02  3.493624886548472e+00  6.626705909112765e-02  3.493624886548674e+00  6.626705909112761e-02  3.493624886548674e+00  6.626705909112761e-02  3.493624886548472e+00  6.626705909112773e-02 
 2.585234839562196e+00  1.000000057046253e+00 -5.264916707611792e-08  9.000001094993505e-01 -5.457812098412760e-07  9.000000587913393e-01 -6.394813124940961e-07  1.010000056540810e+00  1.659892314923828e-05  9.000001124270892e-01  1.413926700514423e-05  3.993407005296046e-04 -2.598452165106357e-02  4.057455074039651e-04 -2.598432757382932e-02  4.018084720137094e-04 -2.598444724738189e-02  3.703082119571044e-04 -2.598536176150039e-02  1.000000289225152e+00 -1.107795893307755e-05  1.000000289225210e+00 -1.107795893307755e-05  1.000000289225210e+00 -1.107795893307755e-05  1.000000289225152e+00 -1.107795893307755e-05 -4.994007306696178e-01 -3.897042510872158e-02 -4.993911234623206e-01 -3.897013389356752e-02 -4.993970290135472e-01 -3.897031346493775e-02 -4.994442793894291e-01 -3.897168572450826e-02  3.997315104474583e+00  7.805825359291080e-02  3.997315104474813e+00  7.805825359291080e-02  3.997315104474813e+00  7.805825359291080e-02  3.997315104474582e+00  7.805825359291081e-02  3.494028856913939e+00  6.442435730258889e-02  3.494028856914140e+00  6.442435730258886e-02  3.494028856914140e+00  6.442435730258886e-02  3.494028856913939e+00  6.442435730258890e-02  3.493680534311814e+00  6.436117155227658e-02  3.493680534312015e+00  6.436117155227654e-02  3.493680534312015e+00  6.436117155227654e-02  3.493680534311813e+00  6.436117155227659e-02 
 2.660725059798815e+00  1.000000057054656e+00 -5.418655048354574e-08  9.000001095143443e-01 -5.617183088901353e-07  9.000000587988807e-01 -6.581545039301545e-07  1.010000056548859e+00  1.708361446589577e-05  9.000001124441417e-01  1.455213507226716e-05  3.779986139056390e-04 -2.524734788951682e-02  3.840454647768832e-04 -2.524716962244225e-02  3.803285704444548e-04 -2.524727954344561e-02  3.505893644463187e-04 -2.524811959285043e-02  1.000000289270451e+00 -1.140151171031251e-05  1.000000289270508e+00 -1.140151171036802e-05  1.000000289270508e+00 -1.140151171036802e-05  1.000000289270450e+00 -1.140151171031251e-05 -4.994327438202046e-01 -3.786447913436949e-02 -4.994236735467470e-01 -3.786421163726718e-02 -4.994292488864885e-01 -3.786437657808322e-02 -4.994738576820587e-01 -3.786563712674321e-02  3.997378232916192e+00  7.585348828780614e-02  3.997378232916423e+00  7.585348828780594e-02  3.997378232916423e+00  7.585348828780591e-02  3.997378232916191e+00  7.585348828780603e-02  3.494081398226583e+00  6.257317400016539e-02  3.494081398226784e+00  6.257317400016518e-02  3.494081398226784e+00  6.257317400016515e-02  3.494081398226581e+00  6.257317400016531e-02  3.493733069926239e+00  6.250851551796884e-02  3.493733069926440e+00  6.250851551796861e-02  3.493733069926440e+00  6.250851551796859e-02  3.493733069926237e+00  6.250851551796875e-02 
 2.738419634264367e+00  1.000000057063556e+00 -5.576882627080389e-08  9.000001095302265e-01 -5.781207795874573e-07  9.000000588068691e-01 -6.773729623774501e-07  1.010000056552287e+00  1.758245919451688e-05  9.000001124621952e-01  1.497705927436827e-05  3.578499133114477e-04 -2.453105694726751e-02  3.635588077584018e-04 -2.453089318989801e-02  3.600496781199780e-04 -2.453099416284452e-02  3.319732002184383e-04 -2.453176586971976e-02  1.000000289318318e+00 -1.173451039999716e-05  1.000000289318376e+00 -1.173451039999716e-05  1.000000289318376e+00 -1.173451039999716e-05  1.000000289318318e+00 -1.173451040002491e-05 -4.994629668934746e-01 -3.678985196848236e-02 -4.994544035544977e-01 -3.678960623867036e-02 -4.994596672472943e-01 -3.678975775572090e-02 -4.995017819514515e-01 -3.679091577713659e-02  3.997437831490017e+00  7.371146639938164e-02  3.997437831490247e+00  7.371146639938160e-02  3.997437831490247e+00  7.371146639938161e-02  3.997437831490016e+00  7.371146639938150e-02  3.494131001137779e+00  6.077374835061459e-02  3.494131001137981e+00  6.077374835061453e-02  3.494131001137981e+00  6.077374835061454e-02  3.494131001137779e+00  6.077374835061447e-02  3.493782667405257e+00  6.070756357663104e-02  3.493782667405459e+00  6.070756357663098e-02  3.493782667405459e+00  6.070756357663099e-02  3.493782667405257e+00  6.070756357663092e-02 
 2.818382931264460e+00  1.000000057072984e+00 -5.739730529823905e-08  9.000001095470497e-01 -5.950022110743588e-07  9.000000588153304e-01 -6.971526099014892e-07  1.010000056557965e+00  1.809587061718543e-05  9.000001124813088e-01  1.541439165199421e-05  3.388278931841238e-04 -2.383505821009076e-02  3.442177146399938e-04 -2.383490776919836e-02  3.409048018555016e-04 -2.383500052823752e-02  3.143980766736054e-04 -2.383570951355433e-02  1.000000289368913e+00 -1.207723088393085e-05  1.000000289368971e+00 -1.207723088391697e-05  1.000000289368971e+00 -1.207723088391697e-05  1.000000289368913e+00 -1.207723088393085e-05 -4.994914999478455e-01 -3.574565753168802e-02 -4.994834152182085e-01 -3.574543177924709e-02 -4.994883845858148e-01 -3.574557097380289e-02 -4.995281446615840e-01 -3.574663489981240e-02  3.997494097405453e+00  7.163042154031916e-02  3.997494097405684e+00  7.163042154031922e-02  3.997494097405684e+00  7.163042154031922e-02  3.997494097405452e+00  7.163042154031916e-02  3.494177829781612e+00  5.902459642031314e-02  3.494177829781813e+00  5.902459642031315e-02  3.494177829781813e+00  5.902459642031315e-02  3.494177829781611e+00  5.902459642031314e-02  3.493829490864973e+00  5.895683052945826e-02  3.493829490865175e+00  5.895683052945826e-02  3.493829490865175e+00  5.895683052945826e-02  3.493829490864973e+00  5.895683052945826e-02 
 2.900681198693160e+00  1.000000057082970e+00 -5.907333697078839e-08  9.000001095648695e-01 -6.123765893908941e-07  9.000000588242935e-01 -7.175098337405744e-07  1.010000056579023e+00  1.862427408418890e-05  9.000001125015465e-01  1.586449452570149e-05  3.208695738083356e-04 -2.315877764233061e-02  3.259581517313093e-04 -2.315863942321643e-02  3.228304230153967e-04 -2.315872464554714e-02  2.978057950527857e-04 -2.315937606288159e-02  1.000000289422404e+00 -1.242995709920870e-05  1.000000289422462e+00 -1.242995709923645e-05  1.000000289422462e+00 -1.242995709923645e-05  1.000000289422404e+00 -1.242995709923645e-05 -4.995184374529714e-01 -3.473103460784568e-02 -4.995108045884954e-01 -3.473082719065231e-02 -4.995154961800845e-01 -3.473095507855911e-02 -4.995530331106772e-01 -3.473193263989504e-02  3.997547217056820e+00  6.960863716645643e-02  3.997547217057051e+00  6.960863716645638e-02  3.997547217057052e+00  6.960863716645638e-02  3.997547217056820e+00  6.960863716645632e-02  3.494222039289177e+00  5.732427536445707e-02  3.494222039289379e+00  5.732427536445698e-02  3.494222039289380e+00  5.732427536445698e-02  3.494222039289177e+00  5.732427536445697e-02  3.493873695419310e+00  5.725487222109670e-02  3.493873695419513e+00  5.725487222109661e-02  3.493873695419513e+00  5.725487222109661e-02  3.493873695419310e+00  5.725487222109660e-02 
 2.985382618917967e+00  1.000000057093549e+00 -6.079830944988799e-08  9.000001095837463e-01 -6.302583085891423e-07  9.000000588337879e-01 -7.384614990668745e-07  1.010000056577788e+00  1.916810736704824e-05  9.000001125229758e-01  1.632774079635405e-05  3.039154935436938e-04 -2.250165733086499e-02  3.087196621117672e-04 -2.250153032910419e-02  3.057668233915622e-04 -2.250160863269289e-02  2.821414082594398e-04 -2.250220721376544e-02  1.000000289478968e+00 -1.279298127130696e-05  1.000000289479026e+00 -1.279298127129308e-05  1.000000289479026e+00 -1.279298127129308e-05  1.000000289478968e+00 -1.279298127132084e-05 -4.995438686013993e-01 -3.374514615985950e-02 -4.995366623508250e-01 -3.374495557120347e-02 -4.995410916075010e-01 -3.374507307945474e-02 -4.995765297194643e-01 -3.374597137405806e-02  3.997597366237216e+00  6.764444519972113e-02  3.997597366237448e+00  6.764444519972107e-02  3.997597366237447e+00  6.764444519972106e-02  3.997597366237216e+00  6.764444519972101e-02  3.494263775966496e+00  5.567138226925601e-02  3.494263775966698e+00  5.567138226925593e-02  3.494263775966698e+00  5.567138226925591e-02  3.494263775966496e+00  5.567138226925591e-02  3.493915427357893e+00  5.560028438075423e-02  3.493915427358095e+00  5.560028438075414e-02  3.493915427358095e+00  5.560028438075413e-02  3.493915427357893e+00  5.560028438075413e-02 
 3.072557365267454e+00  1.000000057104754e+00 -6.257365226713727e-08  9.000001096037410e-01 -6.486621836045102e-07  9.000000588438445e-01 -7.600249642760709e-07  1.010000056607670e+00  1.972782101966858e-05  9.000001125456668e-01  1.680451425346729e-05  2.879095125375430e-04 -2.186315504035738e-02  2.924451661047711e-04 -2.186303833439288e-02  2.896574371646921e-04 -2.186311028788968e-02  2.673530393953460e-04 -2.186366037240581e-02  1.000000289538792e+00 -1.316660415839208e-05  1.000000289538850e+00 -1.316660415841984e-05  1.000000289538850e+00 -1.316660415841984e-05  1.000000289538792e+00 -1.316660415841984e-05 -4.995678776030010e-01 -3.278717866241636e-02 -4.995610741248045e-01 -3.278700351989099e-02 -4.995652557168860e-01 -3.278711150150574e-02 -4.995987123033871e-01 -3.278793703928369e-02  3.997644711056731e+00  6.573622470711081e-02  3.997644711056962e+00  6.573622470711075e-02  3.997644711056962e+00  6.573622470711075e-02  3.997644711056731e+00  6.573622470711074e-02  3.494303178058755e+00  5.406455304032837e-02  3.494303178058956e+00  5.406455304032828e-02  3.494303178058957e+00  5.406455304032828e-02  3.494303178058755e+00  5.406455304032830e-02  3.493954824910212e+00  5.399170150946130e-02  3.493954824910413e+00  5.399170150946121e-02  3.493954824910414e+00  5.399170150946121e-02  3.493954824910212e+00  5.399170150946123e-02 
 3.162277660168388e+00  1.000000057116623e+00 -6.440083590760466e-08  9.000001096249204e-01 -6.676034614013407e-07  9.000000588544971e-01 -7.822180939275201e-07  1.010000056613992e+00  2.030387875328348e-05  9.000001125696947e-01  1.729520989390280e-05  2.727986274085881e-04 -2.124274378026882e-02  2.770807728697533e-04 -2.124263652457224e-02  2.744489199208444e-04 -2.124270264965378e-02  2.533917103960670e-04 -2.124320821943175e-02  1.000000289602075e+00 -1.355113529900374e-05  1.000000289602133e+00 -1.355113529900374e-05  1.000000289602133e+00 -1.355113529900374e-05  1.000000289602075e+00 -1.355113529900374e-05 -4.995905439629477e-01 -3.185634145236188e-02 -4.995841207467933e-01 -3.185618048760568e-02 -4.995880685249606e-01 -3.185627972514135e-02 -4.996196543296436e-01 -3.185703847916053e-02  3.997689408299227e+00  6.388240059976986e-02  3.997689408299458e+00  6.388240059976981e-02  3.997689408299459e+00  6.388240059976988e-02  3.997689408299226e+00  6.388240059976988e-02  3.494340376047202e+00  5.250246130755424e-02  3.494340376047405e+00  5.250246130755416e-02  3.494340376047405e+00  5.250246130755422e-02  3.494340376047202e+00  5.250246130755425e-02  3.493992018542479e+00  5.242779578375948e-02  3.493992018542681e+00  5.242779578375940e-02  3.493992018542682e+00  5.242779578375946e-02  3.493992018542478e+00  5.242779578375949e-02 
 3.254617834980468e+00  1.000000057129196e+00 -6.628137431457593e-08  9.000001096473558e-01 -6.870978345279479e-07  9.000000588657819e-01 -8.050592747024776e-07  1.010000056632726e+00  2.089675781929200e-05  9.000001125951410e-01  1.780023424852188e-05  2.585327962169037e-04 -2.063991138316325e-02  2.625756024708936e-04 -2.063981280195541e-02  2.600909076893032e-04 -2.063987357729208e-02  2.402111802100038e-04 -2.064033828568249e-02  1.000000289669027e+00 -1.394689326874150e-05  1.000000289669085e+00 -1.394689326872762e-05  1.000000289669085e+00 -1.394689326872762e-05  1.000000289669027e+00 -1.394689326871374e-05 -4.996119427442571e-01 -3.095186609601124e-02 -4.996058785368034e-01 -3.095171814528835e-02 -4.996096055777877e-01 -3.095180935679187e-02 -4.996394251599210e-01 -3.095250680740788e-02  3.997731605988689e+00  6.208144237304023e-02  3.997731605988921e+00  6.208144237304036e-02  3.997731605988921e+00  6.208144237304040e-02  3.997731605988688e+00  6.208144237304040e-02  3.494375493120494e+00  5.098381736363726e-02  3.494375493120697e+00  5.098381736363733e-02  3.494375493120697e+00  5.098381736363736e-02  3.494375493120493e+00  5.098381736363741e-02  3.494027131428918e+00  5.090727599305486e-02  3.494027131429122e+00  5.090727599305492e-02  3.494027131429121e+00  5.090727599305496e-02  3.494027131428918e+00  5.090727599305500e-02 
 3.349654391578286e+00  1.000000057142512e+00 -6.821682545875428e-08  9.000001096711187e-01 -7.071614536804308e-07  9.000000588777335e-01 -8.285674300205218e-07  1.010000056648172e+00  2.150694940549706e-05  9.000001126220868e-01  1.832000571924912e-05  2.450647731893074e-04 -2.005416009400210e-02  2.488816178590203e-04 -2.005406947544936e-02  2.465358505864268e-04 -2.005412534020101e-02  2.277677920005106e-04 -2.005455253930991e-02  1.000000289739868e+00 -1.435420594484871e-05  1.000000289739926e+00 -1.435420594484871e-05  1.000000289739926e+00 -1.435420594483483e-05  1.000000289739868e+00 -1.435420594483483e-05 -4.996321448157021e-01 -3.007300577293974e-02 -4.996264195505207e-01 -3.007286976843457e-02 -4.996299382003055e-01 -3.007295361268584e-02 -4.996580902795882e-01 -3.007359478837814e-02  3.997771443878088e+00  6.033186287812370e-02  3.997771443878317e+00  6.033186287812376e-02  3.997771443878319e+00  6.033186287812371e-02  3.997771443878086e+00  6.033186287812382e-02  3.494408645581564e+00  4.950736712861551e-02  3.494408645581764e+00  4.950736712861552e-02  3.494408645581766e+00  4.950736712861547e-02  3.494408645581562e+00  4.950736712861561e-02  3.494060279858601e+00  4.942888650288024e-02  3.494060279858801e+00  4.942888650288024e-02  3.494060279858803e+00  4.942888650288019e-02  3.494060279858600e+00  4.942888650288033e-02 
 3.447466065731504e+00  1.000000057156619e+00 -7.020879268345568e-08  9.000001096962912e-01 -7.278109410094509e-07  9.000000588903952e-01 -8.527620357662089e-07  1.010000056649583e+00  2.213495904283946e-05  9.000001126506242e-01  1.885495492588284e-05  2.323499526415973e-04 -1.948500617022160e-02  2.359534661932616e-04 -1.948492286122386e-02  2.337388991142109e-04 -1.948497421733353e-02  2.160203288536500e-04 -1.948536698387917e-02  1.000000289814835e+00 -1.477341077685953e-05  1.000000289814893e+00 -1.477341077684565e-05  1.000000289814893e+00 -1.477341077687341e-05  1.000000289814835e+00 -1.477341077685953e-05 -4.996512170859324e-01 -2.921903467594344e-02 -4.996458118173303e-01 -2.921890963794252e-02 -4.996491336668851e-01 -2.921898671789424e-02 -4.996757115141421e-01 -2.921957623405244e-02  3.997809053878692e+00  5.863221712597642e-02  3.997809053878923e+00  5.863221712597653e-02  3.997809053878923e+00  5.863221712597643e-02  3.997809053878690e+00  5.863221712597653e-02  3.494439943204859e+00  4.807189114082505e-02  3.494439943205061e+00  4.807189114082511e-02  3.494439943205061e+00  4.807189114082502e-02  3.494439943204858e+00  4.807189114082514e-02  3.494091573592621e+00  4.799140624456835e-02  3.494091573592823e+00  4.799140624456839e-02  3.494091573592823e+00  4.799140624456830e-02  3.494091573592619e+00  4.799140624456844e-02 
 3.548133892335765e+00  1.000000057171561e+00 -7.225892679045573e-08  9.000001097229544e-01 -7.490634045857345e-07  9.000000589038060e-01 -8.776631371061812e-07  1.010000056687810e+00  2.278130702336692e-05  9.000001126808459e-01  1.940552506206667e-05  2.203462216074370e-04 -1.893197949253267e-02  2.237483290128961e-04 -1.893190289382250e-02  2.216575800194076e-04 -1.893195011206080e-02  2.049298775199659e-04 -1.893231126708345e-02  1.000000289894175e+00 -1.520485506787954e-05  1.000000289894233e+00 -1.520485506786566e-05  1.000000289894233e+00 -1.520485506786566e-05  1.000000289894175e+00 -1.520485506785178e-05 -4.996692227245274e-01 -2.838924742707809e-02 -4.996641195650520e-01 -2.838913245661868e-02 -4.996672556875357e-01 -2.838920332846560e-02 -4.996923472335874e-01 -2.838974541695179e-02  3.997844560627746e+00  5.698110112666004e-02  3.997844560627978e+00  5.698110112666022e-02  3.997844560627978e+00  5.698110112666020e-02  3.997844560627746e+00  5.698110112666026e-02  3.494469489708778e+00  4.667620357695406e-02  3.494469489708981e+00  4.667620357695417e-02  3.494469489708981e+00  4.667620357695416e-02  3.494469489708779e+00  4.667620357695425e-02  3.494121116336486e+00  4.659364773396923e-02  3.494121116336689e+00  4.659364773396934e-02  3.494121116336689e+00  4.659364773396932e-02  3.494121116336486e+00  4.659364773396943e-02 
 3.651741272548388e+00  1.000000057187389e+00 -7.436892567778817e-08  9.000001097511976e-01 -7.709364511648425e-07  9.000000589180115e-01 -9.032913635393141e-07  1.010000056704558e+00  2.344652883335075e-05  9.000001127128535e-01  1.997217226399486e-05  2.090138206592429e-04 -1.839462318588932e-02  2.122257807514738e-04 -1.839455274760277e-02  2.102519623565779e-04 -1.839459616633361e-02  1.944596997840442e-04 -1.839492830019664e-02  1.000000289978151e+00 -1.564889625943950e-05  1.000000289978209e+00 -1.564889625945338e-05  1.000000289978209e+00 -1.564889625943950e-05  1.000000289978151e+00 -1.564889625946726e-05 -4.996862213707687e-01 -2.758295850894795e-02 -4.996814034321754e-01 -2.758285278117439e-02 -4.996843641588155e-01 -2.758291795249839e-02 -4.997080525453885e-01 -2.758341649915247e-02  3.997878081670758e+00  5.537715075172704e-02  3.997878081670990e+00  5.537715075172692e-02  3.997878081670989e+00  5.537715075172704e-02  3.997878081670757e+00  5.537715075172693e-02  3.494497382907341e+00  4.531915129093227e-02  3.494497382907544e+00  4.531915129093212e-02  3.494497382907543e+00  4.531915129093222e-02  3.494497382907340e+00  4.531915129093218e-02  3.494149005891767e+00  4.523445610896581e-02  3.494149005891969e+00  4.523445610896566e-02  3.494149005891968e+00  4.523445610896577e-02  3.494149005891766e+00  4.523445610896572e-02 
 3.758374042884453e+00  1.000000057204155e+00 -7.654053740914132e-08  9.000001097811140e-01 -7.934482020523757e-07  9.000000589330585e-01 -9.296679474842458e-07  1.010000056702728e+00  2.413117559503664e-05  9.000001127467516e-01  2.055536598682753e-05  1.983152124989673e-04 -1.787249325064890e-02  2.013476551397941e-04 -1.787242846825692e-02  1.994841876066800e-04 -1.787246839961283e-02  1.845751109728622e-04 -1.787277388749450e-02  1.000000290067043e+00 -1.610590223047227e-05  1.000000290067101e+00 -1.610590223050003e-05  1.000000290067101e+00 -1.610590223050003e-05  1.000000290067043e+00 -1.610590223048615e-05 -4.997022693307512e-01 -2.679950171127563e-02 -4.996977206682523e-01 -2.679940446933616e-02 -4.997005158686504e-01 -2.679946440837276e-02 -4.997228794767046e-01 -2.679992297624701e-02  3.997909728103271e+00  5.381904063792376e-02  3.997909728103504e+00  5.381904063792371e-02  3.997909728103503e+00  5.381904063792370e-02  3.997909728103271e+00  5.381904063792365e-02  3.494523715244256e+00  4.399961288670547e-02  3.494523715244460e+00  4.399961288670537e-02  3.494523715244459e+00  4.399961288670536e-02  3.494523715244256e+00  4.399961288670537e-02  3.494175334690095e+00  4.391270820081914e-02  3.494175334690298e+00  4.391270820081904e-02  3.494175334690298e+00  4.391270820081904e-02  3.494175334690095e+00  4.391270820081904e-02 
 3.868120546330533e+00  1.000000057221914e+00 -7.877556184985788e-08  9.000001098128043e-01 -8.166173083635550e-07  9.000000589489979e-01 -9.568147420389879e-07  1.010000056746217e+00  2.483581452279862e-05  9.000001127826549e-01  2.115558939362697e-05  1.882149578761316e-04 -1.736515820361991e-02  1.910779190329448e-04 -1.736509861415862e-02  1.893186635478772e-04 -1.736513534300850e-02  1.752433652506546e-04 -1.736541636590118e-02  1.000000290161145e+00 -1.657625160121258e-05  1.000000290161202e+00 -1.657625160118483e-05  1.000000290161202e+00 -1.657625160118483e-05  1.000000290161145e+00 -1.657625160121258e-05 -4.997174197635094e-01 -2.603822959229904e-02 -4.997131253231584e-01 -2.603814014169138e-02 -4.997157642055328e-01 -2.603819527577787e-02 -4.997368771464491e-01 -2.603861713663935e-02  3.997939604699062e+00  5.230548310989655e-02  3.997939604699291e+00  5.230548310989660e-02  3.997939604699293e+00  5.230548310989666e-02  3.997939604699062e+00  5.230548310989655e-02  3.494548573899578e+00  4.271649780649363e-02  3.494548573899779e+00  4.271649780649363e-02  3.494548573899780e+00  4.271649780649368e-02  3.494548573899578e+00  4.271649780649363e-02  3.494200189899809e+00  4.262731162096080e-02  3.494200189900010e+00  4.262731162096079e-02  3.494200189900011e+00  4.262731162096084e-02  3.494200189899809e+00  4.262731162096080e-02 
 3.981071705534985e+00  1.000000057240724e+00 -8.107584989449852e-08  9.000001098463709e-01 -8.404629645940625e-07  9.000000589658808e-01 -9.847542370485314e-07  1.010000056760783e+00  2.556102939603112e-05  9.000001128206794e-01  2.177333975739001e-05  1.786795984050626e-04 -1.687219872868316e-02  1.813825533084068e-04 -1.687214390733986e-02  1.797217104229087e-04 -1.687217769515730e-02  1.664335473234302e-04 -1.687243625428233e-02  1.000000290260766e+00 -1.706033404525118e-05  1.000000290260824e+00 -1.706033404525118e-05  1.000000290260824e+00 -1.706033404525118e-05  1.000000290260766e+00 -1.706033404523730e-05 -4.997317228567890e-01 -2.529851295452437e-02 -4.997276684257450e-01 -2.529843065797458e-02 -4.997301596892654e-01 -2.529848137935450e-02 -4.997500919277315e-01 -2.529886953530574e-02  3.997967810433536e+00  5.083522714093688e-02  3.997967810433768e+00  5.083522714093693e-02  3.997967810433768e+00  5.083522714093688e-02  3.997967810433536e+00  5.083522714093699e-02  3.494572041225216e+00  4.146874545018997e-02  3.494572041225419e+00  4.146874545018997e-02  3.494572041225418e+00  4.146874545018993e-02  3.494572041225216e+00  4.146874545019007e-02  3.494223653861398e+00  4.137720387886944e-02  3.494223653861601e+00  4.137720387886943e-02  3.494223653861600e+00  4.137720387886939e-02  3.494223653861398e+00  4.137720387886953e-02 
 4.097321098135428e+00  1.000000057260651e+00 -8.344330771262105e-08  9.000001098819277e-01 -8.650049267049018e-07  9.000000589837651e-01 -1.013509580178314e-06  1.010000056789653e+00  2.630742103935322e-05  9.000001128609543e-01  2.240912887078709e-05  1.696775459367195e-04 -1.639320733684961e-02  1.722294403718183e-04 -1.639315689381211e-02  1.706614699913400e-04 -1.639318798184931e-02  1.581164701674465e-04 -1.639342591224902e-02  1.000000290366241e+00 -1.755855061551159e-05  1.000000290366299e+00 -1.755855061548384e-05  1.000000290366299e+00 -1.755855061549772e-05  1.000000290366241e+00 -1.755855061551159e-05 -4.997452259929953e-01 -2.457974033462649e-02 -4.997413981525843e-01 -2.457966460736295e-02 -4.997437501073898e-01 -2.457971127794823e-02 -4.997625676012699e-01 -2.458006848181416e-02  3.997994438795757e+00  4.940705733786246e-02  3.997994438795986e+00  4.940705733786256e-02  3.997994438795988e+00  4.940705733786251e-02  3.997994438795756e+00  4.940705733786251e-02  3.494594195004591e+00  4.025532431443251e-02  3.494594195004792e+00  4.025532431443255e-02  3.494594195004793e+00  4.025532431443250e-02  3.494594195004590e+00  4.025532431443255e-02  3.494245804347136e+00  4.016135151957469e-02  3.494245804347337e+00  4.016135151957473e-02  3.494245804347337e+00  4.016135151957468e-02  3.494245804347134e+00  4.016135151957474e-02 
 4.216965034285836e+00  1.000000057281757e+00 -8.587989664552360e-08  9.000001099195900e-01 -8.902635271571086e-07  9.000000590027084e-01 -1.043104594577344e-06  1.010000056822828e+00  2.707560782236695e-05  9.000001129036104e-01  2.306348347170549e-05  1.611789780942563e-04 -1.592778803552863e-02  1.635882579484327e-04 -1.592774161310611e-02  1.621079623764787e-04 -1.592777022203733e-02  1.502645784798307e-04 -1.592798920832607e-02  1.000000290477917e+00 -1.807131407360815e-05  1.000000290477974e+00 -1.807131407359427e-05  1.000000290477974e+00 -1.807131407359427e-05  1.000000290477916e+00 -1.807131407359427e-05 -4.997579739058821e-01 -2.388131750716200e-02 -4.997543599872767e-01 -2.388124781259659e-02 -4.997565804299099e-01 -2.388129076343067e-02 -4.997743455002079e-01 -2.388161954238755e-02  3.998019577976029e+00  4.801979295168078e-02  3.998019577976260e+00  4.801979295168085e-02  3.998019577976259e+00  4.801979295168084e-02  3.998019577976028e+00  4.801979295168079e-02  3.494615108608637e+00  3.907523115269359e-02  3.494615108608839e+00  3.907523115269360e-02  3.494615108608838e+00  3.907523115269360e-02  3.494615108608636e+00  3.907523115269360e-02  3.494266714717044e+00  3.897874928213087e-02  3.494266714717246e+00  3.897874928213087e-02  3.494266714717245e+00  3.897874928213087e-02  3.494266714717043e+00  3.897874928213087e-02 
 4.340102636447452e+00  1.000000057304114e+00 -8.838763523651607e-08  9.000001099594852e-01 -9.162596920859524e-07  9.000000590227741e-01 -1.073563798979988e-06  1.010000056853739e+00  2.786622617183139e-05  9.000001129487907e-01  2.373694567911357e-05  1.531557396257099e-04 -1.547555600670433e-02  1.554303787992262e-04 -1.547551327663714e-02  1.540328784497835e-04 -1.547553960849769e-02  1.428518574949078e-04 -1.547574119707009e-02  1.000000290596164e+00 -1.859904923289819e-05  1.000000290596221e+00 -1.859904923288432e-05  1.000000290596221e+00 -1.859904923289819e-05  1.000000290596163e+00 -1.859904923288432e-05 -4.997700088285301e-01 -2.320266700163739e-02 -4.997665968708839e-01 -2.320260284733030e-02 -4.997686931207216e-01 -2.320264238149649e-02 -4.997854646468986e-01 -2.320294505538454e-02  3.998043311238972e+00  4.667228691935322e-02  3.998043311239202e+00  4.667228691935327e-02  3.998043311239202e+00  4.667228691935322e-02  3.998043311238971e+00  4.667228691935322e-02  3.494634851306219e+00  3.792749016073375e-02  3.494634851306419e+00  3.792749016073375e-02  3.494634851306419e+00  3.792749016073371e-02  3.494634851306218e+00  3.792749016073376e-02  3.494286454229274e+00  3.782841928339865e-02  3.494286454229474e+00  3.782841928339865e-02  3.494286454229474e+00  3.782841928339860e-02  3.494286454229273e+00  3.782841928339866e-02 
 4.466835921509645e+00  1.000000057327797e+00 -9.096860104934299e-08  9.000001100017441e-01 -9.430149586709839e-07  9.000000590440296e-01 -1.104912428150702e-06  1.010000056879104e+00  2.867993109818082e-05  9.000001129966448e-01  2.443007344224273e-05  1.455812492711095e-04 -1.503613729391636e-02  1.477287760288659e-04 -1.503609795498976e-02  1.464094354033940e-04 -1.503612219566479e-02  1.358537469206555e-04 -1.503630780510051e-02  1.000000290721374e+00 -1.914219331104375e-05  1.000000290721432e+00 -1.914219331104375e-05  1.000000290721432e+00 -1.914219331104375e-05  1.000000290721374e+00 -1.914219331107151e-05 -4.997813706330454e-01 -2.254322763277828e-02 -4.997781493439643e-01 -2.254316856685843e-02 -4.997801283542521e-01 -2.254320496321470e-02 -4.997959618819963e-01 -2.254348366014399e-02  3.998065717236968e+00  4.536342493105385e-02  3.998065717237199e+00  4.536342493105392e-02  3.998065717237199e+00  4.536342493105391e-02  3.998065717236968e+00  4.536342493105386e-02  3.494653488524906e+00  3.681115218278947e-02  3.494653488525108e+00  3.681115218278948e-02  3.494653488525109e+00  3.681115218278947e-02  3.494653488524906e+00  3.681115218278948e-02  3.494305088300836e+00  3.670941022250818e-02  3.494305088301038e+00  3.670941022250818e-02  3.494305088301038e+00  3.670941022250818e-02  3.494305088300835e+00  3.670941022250819e-02 
 4.597269885308736e+00  1.000000057352881e+00 -9.362493237365854e-08  9.000001100465063e-01 -9.705514932007703e-07  9.000000590665435e-01 -1.137176453776353e-06  1.010000056898747e+00  2.951739673870763e-05  9.000001130473297e-01  2.514344100261324e-05  1.384304118283719e-04 -1.460916849766552e-02  1.404579336809486e-04 -1.460913227344427e-02  1.392123767000042e-04 -1.460915459354781e-02  1.292470596508943e-04 -1.460932552568926e-02  1.000000290853962e+00 -1.970119629138995e-05  1.000000290854020e+00 -1.970119629138995e-05  1.000000290854020e+00 -1.970119629137607e-05  1.000000290853962e+00 -1.970119629137607e-05 -4.997920969624591e-01 -2.190245404343053e-02 -4.997890556806801e-01 -2.190239965119747e-02 -4.997909240155357e-01 -2.190243316569428e-02 -4.998058719863892e-01 -2.190268983866210e-02  3.998086870203978e+00  4.409212452105327e-02  3.998086870204209e+00  4.409212452105327e-02  3.998086870204208e+00  4.409212452105327e-02  3.998086870203978e+00  4.409212452105332e-02  3.494671082012213e+00  3.572529393694106e-02  3.494671082012416e+00  3.572529393694101e-02  3.494671082012415e+00  3.572529393694101e-02  3.494671082012213e+00  3.572529393694111e-02  3.494322678668817e+00  3.562079660445017e-02  3.494322678669020e+00  3.562079660445011e-02  3.494322678669019e+00  3.562079660445011e-02  3.494322678668817e+00  3.562079660445022e-02 
 4.731512589614820e+00  1.000000057379453e+00 -9.635883031793330e-08  9.000001100939217e-01 -9.988921093874557e-07  9.000000590903924e-01 -1.170382606272431e-06  1.010000056943892e+00  3.037931691548270e-05  9.000001131010159e-01  2.587763936992877e-05  1.316795351105071e-04 -1.419429647925005e-02  1.335937623139216e-04 -1.419426311603625e-02  1.324178808236876e-04 -1.419428367172221e-02  1.230099050287814e-04 -1.419444112167631e-02  1.000000290994369e+00 -2.027652129632616e-05  1.000000290994427e+00 -2.027652129632616e-05  1.000000290994427e+00 -2.027652129632616e-05  1.000000290994369e+00 -2.027652129632616e-05 -4.998022233552950e-01 -2.127981626010077e-02 -4.997993520154380e-01 -2.127976616096142e-02 -4.998011158370892e-01 -2.127979702785751e-02 -4.998152277963072e-01 -2.128003346975205e-02  3.998106840207057e+00  4.285733418525789e-02  3.998106840207286e+00  4.285733418525789e-02  3.998106840207287e+00  4.285733418525794e-02  3.998106840207055e+00  4.285733418525789e-02  3.494687690044729e+00  3.466901726212741e-02  3.494687690044930e+00  3.466901726212734e-02  3.494687690044930e+00  3.466901726212739e-02  3.494687690044728e+00  3.466901726212741e-02  3.494339283599470e+00  3.456167798525579e-02  3.494339283599671e+00  3.456167798525572e-02  3.494339283599671e+00  3.456167798525577e-02  3.494339283599469e+00  3.456167798525579e-02 
 4.869675251658648e+00  1.000000057407599e+00 -9.917255915585938e-08  9.000001101441459e-01 -1.028060286153173e-06  9.000000591156537e-01 -1.204558395599186e-06  1.010000056963309e+00  3.126640571191489e-05  9.000001131578794e-01  2.663327681252165e-05  1.253062515612635e-04 -1.379117807257192e-02  1.271135192978390e-04 -1.379114733755273e-02  1.260033673174954e-04 -1.379116627328702e-02  1.171216163989852e-04 -1.379131133673358e-02  1.000000291143059e+00 -2.086864497030308e-05  1.000000291143117e+00 -2.086864497027533e-05  1.000000291143117e+00 -2.086864497027533e-05  1.000000291143059e+00 -2.086864497027533e-05 -4.998117833631448e-01 -2.067479926044635e-02 -4.998090724624389e-01 -2.067475310513651e-02 -4.998107376898555e-01 -2.067478154115979e-02 -4.998240603119904e-01 -2.067499939572019e-02  3.998125693464331e+00  4.165803252456283e-02  3.998125693464563e+00  4.165803252456293e-02  3.998125693464562e+00  4.165803252456293e-02  3.998125693464332e+00  4.165803252456293e-02  3.494703367692731e+00  3.364144838608889e-02  3.494703367692933e+00  3.364144838608892e-02  3.494703367692932e+00  3.364144838608892e-02  3.494703367692732e+00  3.364144838608898e-02  3.494354958152790e+00  3.353117823804503e-02  3.494354958152992e+00  3.353117823804506e-02  3.494354958152992e+00  3.353117823804506e-02  3.494354958152791e+00  3.353117823804512e-02 
 5.011872336272740e+00  1.000000057437413e+00 -1.020684505562208e-07  9.000001101973468e-01 -1.058080189342291e-06  9.000000591424124e-01 -1.239732136171648e-06  1.010000056993719e+00  3.217939806156708e-05  9.000001132181100e-01  2.741097935946271e-05  1.192894442227921e-04 -1.339947980396456e-02  1.209957335533418e-04 -1.339945148348756e-02  1.199476934582444e-04 -1.339946893000738e-02  1.115626826912464e-04 -1.339960261438116e-02  1.000000291300525e+00 -2.147805787502849e-05  1.000000291300583e+00 -2.147805787502849e-05  1.000000291300583e+00 -2.147805787501461e-05  1.000000291300525e+00 -2.147805787502849e-05 -4.998208086617192e-01 -2.008690255279011e-02 -4.998182492285758e-01 -2.008686002078751e-02 -4.998198212881931e-01 -2.008688622206891e-02 -4.998323988003193e-01 -2.008708700066361e-02  3.998143492360917e+00  4.049322740705358e-02  3.998143492361149e+00  4.049322740705370e-02  3.998143492361149e+00  4.049322740705364e-02  3.998143492360917e+00  4.049322740705358e-02  3.494718166833195e+00  3.264173720851604e-02  3.494718166833398e+00  3.264173720851608e-02  3.494718166833398e+00  3.264173720851603e-02  3.494718166833195e+00  3.264173720851604e-02  3.494369754195504e+00  3.252844483422896e-02  3.494369754195707e+00  3.252844483422900e-02  3.494369754195707e+00  3.252844483422894e-02  3.494369754195504e+00  3.252844483422896e-02 
 5.158221650723075e+00  1.000000057468993e+00 -1.050489033901767e-07  9.000001102536995e-01 -1.088976689462130e-06  9.000000591707560e-01 -1.275932968405468e-06  1.010000057017545e+00  3.311905035964692e-05  9.000001132819064e-01  2.821139132110850e-05  1.136091768497161e-04 -1.301887761965557e-02  1.152201344984394e-04 -1.301885151760726e-02  1.142307067422688e-04 -1.301886759633840e-02  1.063146838329310e-04 -1.301899082481075e-02  1.000000291467288e+00 -2.210526489665368e-05  1.000000291467346e+00 -2.210526489663981e-05  1.000000291467346e+00 -2.210526489665368e-05  1.000000291467289e+00 -2.210526489663981e-05 -4.998293291556755e-01 -1.951563976708168e-02 -4.998269127200111e-01 -1.951560056417363e-02 -4.998283968611472e-01 -1.951562471287866e-02 -4.998402708916934e-01 -1.951580980047243e-02  3.998160295938223e+00  3.936195516179150e-02  3.998160295938455e+00  3.936195516179168e-02  3.998160295938454e+00  3.936195516179156e-02  3.998160295938224e+00  3.936195516179162e-02  3.494732136556965e+00  3.166905660979402e-02  3.494732136557167e+00  3.166905660979412e-02  3.494732136557167e+00  3.166905660979401e-02  3.494732136556966e+00  3.166905660979413e-02  3.494383720808183e+00  3.155264815023406e-02  3.494383720808385e+00  3.155264815023415e-02  3.494383720808385e+00  3.155264815023404e-02  3.494383720808184e+00  3.155264815023416e-02 
 5.308844442309902e+00  1.000000057502445e+00 -1.081163881424419e-07  9.000001103133923e-01 -1.120775384735562e-06  9.000000592007801e-01 -1.313190885040556e-06  1.010000057104887e+00  3.408614108658549e-05  9.000001133494808e-01  2.903517582070191e-05  1.082466279255789e-04 -1.264905662067606e-02  1.097675849505153e-04 -1.264903255705743e-02  1.088335047351174e-04 -1.264904737880627e-02  1.013602297739724e-04 -1.264916099935956e-02  1.000000291643904e+00 -2.275078566387987e-05  1.000000291643962e+00 -2.275078566389375e-05  1.000000291643962e+00 -2.275078566387987e-05  1.000000291643904e+00 -2.275078566386599e-05 -4.998373730775977e-01 -1.896053825702131e-02 -4.998350916428277e-01 -1.896050211316802e-02 -4.998364927626781e-01 -1.896052437553121e-02 -4.998477026714971e-01 -1.896069504430063e-02  3.998176159844703e+00  3.826327978628587e-02  3.998176159844935e+00  3.826327978628585e-02  3.998176159844933e+00  3.826327978628593e-02  3.998176159844702e+00  3.826327978628587e-02  3.494745323127565e+00  3.072260177068693e-02  3.494745323127767e+00  3.072260177068684e-02  3.494745323127766e+00  3.072260177068691e-02  3.494745323127564e+00  3.072260177068693e-02  3.494396904244043e+00  3.060298078511780e-02  3.494396904244246e+00  3.060298078511772e-02  3.494396904244244e+00  3.060298078511778e-02  3.494396904244043e+00  3.060298078511780e-02 
 5.463865498818562e+00  1.000000057537878e+00 -1.112734439746915e-07  9.000001103766202e-01 -1.153502617710026e-06  9.000000592325818e-01 -1.351536751504412e-06  1.010000057129192e+00  3.508147145923459e-05  9.000001134210553e-01  2.988301534818797e-05  1.031840283590157e-04 -1.228971080516029e-02  1.046200177879930e-04 -1.228968861477864e-02  1.037381838306373e-04 -1.228970228152228e-02  9.668290290487658e-05 -1.228980707217770e-02  1.000000291830955e+00 -2.341515497503285e-05  1.000000291831012e+00 -2.341515497503285e-05  1.000000291831012e+00 -2.341515497503285e-05  1.000000291830955e+00 -2.341515497503285e-05 -4.998449670814487e-01 -1.842113871326442e-02 -4.998428130980334e-01 -1.842110538063683e-02 -4.998441358485208e-01 -1.842112590964861e-02 -4.998547187664708e-01 -1.842128332682218e-02  3.998191136661422e+00  3.719629218264814e-02  3.998191136661653e+00  3.719629218264815e-02  3.998191136661653e+00  3.719629218264817e-02  3.998191136661422e+00  3.719629218264822e-02  3.494757770252014e+00  2.980158951519165e-02  3.494757770252217e+00  2.980158951519159e-02  3.494757770252217e+00  2.980158951519161e-02  3.494757770252014e+00  2.980158951519172e-02  3.494409348199714e+00  2.967865690127908e-02  3.494409348199917e+00  2.967865690127901e-02  3.494409348199917e+00  2.967865690127904e-02  3.494409348199714e+00  2.967865690127915e-02 
 5.623413251903512e+00  1.000000057575412e+00 -1.145226877448310e-07  9.000001104435961e-01 -1.187185503463314e-06  9.000000592662689e-01 -1.391002337707567e-06  1.010000057165037e+00  3.610586608609528e-05  9.000001134968701e-01  3.075561231940730e-05  9.840460265642115e-05 -1.194054281768852e-02  9.976037614251032e-05 -1.194052234890381e-02  9.892786088178118e-05 -1.194053495426087e-02  9.226720370025809e-05 -1.194063162918232e-02  1.000000292029062e+00 -2.409892324753308e-05  1.000000292029120e+00 -2.409892324752614e-05  1.000000292029120e+00 -2.409892324752614e-05  1.000000292029062e+00 -2.409892324753308e-05 -4.998521363308154e-01 -1.789699478717893e-02 -4.998501026712777e-01 -1.789696403827803e-02 -4.998513514437429e-01 -1.789698297439041e-02 -4.998613424262502e-01 -1.789712821140513e-02  3.998205276015569e+00  3.616010941179964e-02  3.998205276015800e+00  3.616010941179970e-02  3.998205276015800e+00  3.616010941179975e-02  3.998205276015569e+00  3.616010941179969e-02  3.494769519175080e+00  2.890525766784812e-02  3.494769519175282e+00  2.890525766784811e-02  3.494769519175282e+00  2.890525766784815e-02  3.494769519175080e+00  2.890525766784816e-02  3.494421093909462e+00  2.877891157956433e-02  3.494421093909664e+00  2.877891157956431e-02  3.494421093909664e+00  2.877891157956435e-02  3.494421093909462e+00  2.877891157956437e-02 
 5.787619883491228e+00  1.000000057615169e+00 -1.178668117482606e-07  9.000001105145401e-01 -1.221851947838875e-06  9.000000593019518e-01 -1.431620340380177e-06  1.010000057232213e+00  3.716017365588246e-05  9.000001135771744e-01  3.165368966214159e-05  9.389251339264604e-05 -1.160126370561062e-02  9.517255693153315e-05 -1.160124481924588e-02  9.438661218763578e-05 -1.160125644890126e-02  8.809849939866998e-05 -1.160134566385826e-02  1.000000292238882e+00 -2.480265696918723e-05  1.000000292238940e+00 -2.480265696918029e-05  1.000000292238940e+00 -2.480265696918029e-05  1.000000292238882e+00 -2.480265696917335e-05 -4.998589045822031e-01 -1.738767272507136e-02 -4.998569845175510e-01 -1.738764435109383e-02 -4.998581634342627e-01 -1.738766182285711e-02 -4.998675956003452e-01 -1.738779586355350e-02  3.998218624748510e+00  3.515387396985929e-02  3.998218624748741e+00  3.515387396985940e-02  3.998218624748741e+00  3.515387396985941e-02  3.998218624748509e+00  3.515387396985941e-02  3.494780608818995e+00  2.803286442885655e-02  3.494780608819196e+00  2.803286442885657e-02  3.494780608819196e+00  2.803286442885658e-02  3.494780608818994e+00  2.803286442885665e-02  3.494432180284869e+00  2.790300019211110e-02  3.494432180285071e+00  2.790300019211111e-02  3.494432180285071e+00  2.790300019211112e-02  3.494432180284868e+00  2.790300019211120e-02 
 5.956621435290127e+00  1.000000057657282e+00 -1.213085853338807e-07  9.000001105896878e-01 -1.257530670191275e-06  9.000000593397488e-01 -1.473424409607547e-06  1.010000057267205e+00  3.824526764157176e-05  9.000001136622355e-01  3.257799141552727e-05  8.963280876728152e-05 -1.127159268207043e-02  9.084135754583444e-05 -1.127157525034862e-02  9.009938737220002e-05 -1.127158598298693e-02  8.416297554386665e-05 -1.127166833993484e-02  1.000000292461110e+00 -2.552693916750073e-05  1.000000292461168e+00 -2.552693916750073e-05  1.000000292461168e+00 -2.552693916749379e-05  1.000000292461110e+00 -2.552693916750073e-05 -4.998652942637011e-01 -1.689275101245456e-02 -4.998634814411567e-01 -1.689272482169808e-02 -4.998645943960333e-01 -1.689274094716141e-02 -4.998734990108297e-01 -1.689286469465346e-02  3.998231227095984e+00  3.417675308514326e-02  3.998231227096215e+00  3.417675308514326e-02  3.998231227096215e+00  3.417675308514329e-02  3.998231227095983e+00  3.417675308514325e-02  3.494791075933182e+00  2.718368776568383e-02  3.494791075933384e+00  2.718368776568376e-02  3.494791075933384e+00  2.718368776568378e-02  3.494791075933181e+00  2.718368776568383e-02  3.494442644064526e+00  2.705019779161011e-02  3.494442644064728e+00  2.705019779161003e-02  3.494442644064728e+00  2.705019779161006e-02  3.494442644064525e+00  2.705019779161011e-02 
 6.130557921498230e+00  1.000000057701890e+00 -1.248508609102552e-07  9.000001106692883e-01 -1.294251230508951e-06  9.000000593797858e-01 -1.516449180049145e-06  1.010000057322037e+00  3.936204701930447e-05  9.000001137523345e-01  3.352928334299377e-05  8.561137310314493e-05 -1.095125689559293e-02  8.675242551159368e-05 -1.095124080123567e-02  8.605193668687061e-05 -1.095125070967727e-02  8.044759023856374e-05 -1.095132676061485e-02  1.000000292696483e+00 -2.627236989637922e-05  1.000000292696541e+00 -2.627236989638616e-05  1.000000292696541e+00 -2.627236989637922e-05  1.000000292696483e+00 -2.627236989637922e-05 -4.998713265492388e-01 -1.641182002814951e-02 -4.998696149712186e-01 -1.641179584466079e-02 -4.998706657040909e-01 -1.641181073307789e-02 -4.998790722209632e-01 -1.641192501553805e-02  3.998243124851658e+00  3.322793803499645e-02  3.998243124851888e+00  3.322793803499648e-02  3.998243124851888e+00  3.322793803499650e-02  3.998243124851657e+00  3.322793803499645e-02  3.494800955230193e+00  2.635702482050004e-02  3.494800955230395e+00  2.635702482049999e-02  3.494800955230395e+00  2.635702482050000e-02  3.494800955230193e+00  2.635702482050004e-02  3.494452519949930e+00  2.621979851632585e-02  3.494452519950131e+00  2.621979851632580e-02  3.494452519950131e+00  2.621979851632581e-02  3.494452519949929e+00  2.621979851632585e-02 
 6.309573444801956e+00  1.000000057749142e+00 -1.284965726042659e-07  9.000001107536058e-01 -1.332044050435384e-06  9.000000594221953e-01 -1.560730296298618e-06  1.010000057365225e+00  4.051143701780154e-05  9.000001138477706e-01  3.450835357032204e-05  8.181488010461369e-05 -1.063999120608943e-02  8.289221097296240e-05 -1.063997634142041e-02  8.223090488140850e-05 -1.063998549175061e-02  7.694003095387592e-05 -1.064005574421953e-02  1.000000292945783e+00 -2.703956672852390e-05  1.000000292945840e+00 -2.703956672852390e-05  1.000000292945840e+00 -2.703956672852390e-05  1.000000292945783e+00 -2.703956672852390e-05 -4.998770214286968e-01 -1.594448170801075e-02 -4.998754054329577e-01 -1.594445937024060e-02 -4.998763973917483e-01 -1.594447312075997e-02 -4.998843336999778e-01 -1.594457869967210e-02  3.998254357399816e+00  3.230664348022286e-02  3.998254357400048e+00  3.230664348022286e-02  3.998254357400048e+00  3.230664348022289e-02  3.998254357399817e+00  3.230664348022283e-02  3.494810279412664e+00  2.555219133160651e-02  3.494810279412867e+00  2.555219133160644e-02  3.494810279412867e+00  2.555219133160646e-02  3.494810279412665e+00  2.555219133160649e-02  3.494461840632414e+00  2.541111500903902e-02  3.494461840632617e+00  2.541111500903893e-02  3.494461840632617e+00  2.541111500903896e-02  3.494461840632415e+00  2.541111500903900e-02 
 6.493816315762138e+00  1.000000057799193e+00 -1.322487419336079e-07  9.000001108429191e-01 -1.370940441552051e-06  9.000000594671175e-01 -1.606304445332075e-06  1.010000057452205e+00  4.169438988091507e-05  9.000001139488593e-01  3.551601323543155e-05  7.823074872748137e-05 -1.033753796708699e-02  7.924792181679408e-05 -1.033752423324520e-02  7.862360129257118e-05 -1.033753268650994e-02  7.362867375076965e-05 -1.033759760608523e-02  1.000000293209832e+00 -2.782916527188352e-05  1.000000293209889e+00 -2.782916527189046e-05  1.000000293209889e+00 -2.782916527189046e-05  1.000000293209832e+00 -2.782916527187658e-05 -4.998823977741057e-01 -1.549034921797476e-02 -4.998808720150071e-01 -1.549032857759790e-02 -4.998818084954639e-01 -1.549034128180940e-02 -4.998893008842451e-01 -1.549043885570154e-02  3.998264961984990e+00  3.141210682195397e-02  3.998264961985221e+00  3.141210682195399e-02  3.998264961985221e+00  3.141210682195400e-02  3.998264961984990e+00  3.141210682195403e-02  3.494819079397435e+00  2.476852107274194e-02  3.494819079397637e+00  2.476852107274189e-02  3.494819079397637e+00  2.476852107274189e-02  3.494819079397435e+00  2.476852107274199e-02  3.494470637017214e+00  2.462347785378305e-02  3.494470637017416e+00  2.462347785378298e-02  3.494470637017416e+00  2.462347785378299e-02  3.494470637017214e+00  2.462347785378310e-02 
 6.683439175686172e+00  1.000000057852211e+00 -1.361104757526248e-07  9.000001109375245e-01 -1.410972627155167e-06  9.000000595147014e-01 -1.653209382800777e-06  1.010000057497886e+00  4.291188566216544e-05  9.000001140559368e-01  3.655309716451674e-05  7.484710151400842e-05 -1.004364681392264e-02  7.580748131563730e-05 -1.004363412015773e-02  7.521808390875684e-05 -1.004364193223513e-02  7.050254477813933e-05 -1.004370194656624e-02  1.000000293489508e+00 -2.864181969049771e-05  1.000000293489566e+00 -2.864181969051159e-05  1.000000293489566e+00 -2.864181969052547e-05  1.000000293489508e+00 -2.864181969049771e-05 -4.998874734021439e-01 -1.504904663605217e-02 -4.998860328329506e-01 -1.504902755691031e-02 -4.998869169287474e-01 -1.504903929865097e-02 -4.998939902350348e-01 -1.504912950915859e-02  3.998274973740739e+00  3.054358757344858e-02  3.998274973740970e+00  3.054358757344858e-02  3.998274973740969e+00  3.054358757344855e-02  3.998274973740737e+00  3.054358757344860e-02  3.494827384339301e+00  2.400536530415442e-02  3.494827384339503e+00  2.400536530415434e-02  3.494827384339502e+00  2.400536530415431e-02  3.494827384339300e+00  2.400536530415444e-02  3.494478938247197e+00  2.385623502427644e-02  3.494478938247399e+00  2.385623502427634e-02  3.494478938247398e+00  2.385623502427632e-02  3.494478938247195e+00  2.385623502427646e-02 
 6.878599123088104e+00  1.000000057908369e+00 -1.400849746156479e-07  9.000001110377354e-01 -1.452173774136922e-06  9.000000595651046e-01 -1.701483969521335e-06  1.010000057560766e+00  4.416493302946081e-05  9.000001141693572e-01  3.762046455855496e-05  7.165272526127309e-05 -9.758074458010826e-03  7.255948813289503e-05 -9.758062720990810e-03  7.200306573346138e-05 -9.758069943207113e-03  6.755128393004517e-05 -9.758125444918730e-03  1.000000293785738e+00 -2.947820325283158e-05  1.000000293785796e+00 -2.947820325283851e-05  1.000000293785796e+00 -2.947820325283851e-05  1.000000293785738e+00 -2.947820325283158e-05 -4.998922651331361e-01 -1.462020864341520e-02 -4.998909049893133e-01 -1.462019100047848e-02 -4.998917396226145e-01 -1.462020185675703e-02 -4.998984172930269e-01 -1.462028529297385e-02  3.998284425846572e+00  2.970036675195606e-02  3.998284425846802e+00  2.970036675195611e-02  3.998284425846803e+00  2.970036675195611e-02  3.998284425846570e+00  2.970036675195611e-02  3.494835221761279e+00  2.326209223956595e-02  3.494835221761480e+00  2.326209223956591e-02  3.494835221761480e+00  2.326209223956591e-02  3.494835221761277e+00  2.326209223956599e-02  3.494486771833074e+00  2.310875134816268e-02  3.494486771833275e+00  2.310875134816263e-02  3.494486771833275e+00  2.310875134816263e-02  3.494486771833072e+00  2.310875134816272e-02 
 7.079457843841408e+00  1.000000057967855e+00 -1.441755314537959e-07  9.000001111438848e-01 -1.494578016921833e-06  9.000000596184949e-01 -1.751168200093772e-06  1.010000057643906e+00  4.545457010587267e-05  9.000001142894972e-01  3.871899970867768e-05  6.863703387671727e-05 -9.480584486626611e-03  6.949317856264070e-05 -9.480573629841064e-03  6.896787053817244e-05 -9.480580309593549e-03  6.476511052505574e-05 -9.480631658932580e-03  1.000000294099504e+00 -3.033900888543803e-05  1.000000294099561e+00 -3.033900888544497e-05  1.000000294099561e+00 -3.033900888544497e-05  1.000000294099504e+00 -3.033900888543109e-05 -4.998967888467745e-01 -1.420348022375467e-02 -4.998955046302070e-01 -1.420346390222648e-02 -4.998962925919597e-01 -1.420347394415854e-02 -4.999025967297966e-01 -1.420355114660627e-02  3.998293349643014e+00  2.888174628714354e-02  3.998293349643245e+00  2.888174628714354e-02  3.998293349643245e+00  2.888174628714354e-02  3.998293349643015e+00  2.888174628714354e-02  3.494842617650077e+00  2.253808652615374e-02  3.494842617650279e+00  2.253808652615365e-02  3.494842617650279e+00  2.253808652615365e-02  3.494842617650077e+00  2.253808652615374e-02  3.494494163748839e+00  2.238040798418581e-02  3.494494163749041e+00  2.238040798418571e-02  3.494494163749041e+00  2.238040798418571e-02  3.494494163748839e+00  2.238040798418581e-02 
 7.286181745132307e+00  1.000000058030866e+00 -1.483855346630207e-07  9.000001112563228e-01 -1.538220486051190e-06  9.000000596750485e-01 -1.802303236360130e-06  1.010000057723282e+00  4.678186532898004e-05  9.000001144167534e-01  3.984961272845709e-05  6.579003332507494e-05 -9.210947168429783e-03  6.659839087774788e-05 -9.210937121613865e-03  6.610247125399260e-05 -9.210943302040175e-03  6.213479091038421e-05 -9.210990830229670e-03  1.000000294431845e+00 -3.122494974709972e-05  1.000000294431903e+00 -3.122494974711360e-05  1.000000294431903e+00 -3.122494974711360e-05  1.000000294431845e+00 -3.122494974710666e-05 -4.999010595346963e-01 -1.379851637123712e-02 -4.998998469988068e-01 -1.379850126569011e-02 -4.999005908779721e-01 -1.379851055799998e-02 -4.999065423964084e-01 -1.379858202366156e-02  3.998301774680074e+00  2.808704844607846e-02  3.998301774680304e+00  2.808704844607849e-02  3.998301774680305e+00  2.808704844607850e-02  3.998301774680073e+00  2.808704844607849e-02  3.494849596496138e+00  2.183274873752776e-02  3.494849596496340e+00  2.183274873752770e-02  3.494849596496341e+00  2.183274873752771e-02  3.494849596496137e+00  2.183274873752779e-02  3.494501138471767e+00  2.167060191227969e-02  3.494501138471969e+00  2.167060191227962e-02  3.494501138471970e+00  2.167060191227963e-02  3.494501138471766e+00  2.167060191227971e-02 
 7.498942093324589e+00  1.000000058097611e+00 -1.527184722501217e-07  9.000001113754239e-01 -1.583137338465316e-06  9.000000597349528e-01 -1.854931442711114e-06  1.010000057804536e+00  4.814791833460837e-05  9.000001145515493e-01  4.101324030674198e-05  6.310228851652555e-05 -8.948939264330814e-03  6.386553167603282e-05 -8.948929962962520e-03  6.339735078469966e-05 -8.948935683931670e-03  5.965160787319013e-05 -8.948979694865711e-03  1.000000294783863e+00 -3.213675982175999e-05  1.000000294783920e+00 -3.213675982176693e-05  1.000000294783920e+00 -3.213675982176693e-05  1.000000294783862e+00 -3.213675982176693e-05 -4.999050913501569e-01 -1.340498180646403e-02 -4.999039464858364e-01 -1.340496782008596e-02 -4.999046487569159e-01 -1.340497642259537e-02 -4.999102673693013e-01 -1.340504260745519e-02  3.998309728894579e+00  2.731561527622135e-02  3.998309728894811e+00  2.731561527622136e-02  3.998309728894811e+00  2.731561527622136e-02  3.998309728894579e+00  2.731561527622136e-02  3.494856181440876e+00  2.114549488081896e-02  3.494856181441078e+00  2.114549488081887e-02  3.494856181441078e+00  2.114549488081887e-02  3.494856181440876e+00  2.114549488081896e-02  3.494507719129605e+00  2.097874543767579e-02  3.494507719129807e+00  2.097874543767569e-02  3.494507719129807e+00  2.097874543767569e-02  3.494507719129605e+00  2.097874543767579e-02 
 7.717915155850156e+00  1.000000058168311e+00 -1.571779341802911e-07  9.000001115015832e-01 -1.629365787109226e-06  9.000000597984078e-01 -1.909096420696127e-06  1.010000057894503e+00  4.955386086845057e-05  9.000001146943327e-01  4.221084648400590e-05  6.056489206057725e-05 -8.694343843664035e-03  6.128554410339548e-05 -8.694335228491234e-03  6.084355351360093e-05 -8.694340526500264e-03  5.730733176567693e-05 -8.694381299411292e-03  1.000000295156726e+00 -3.307519452513667e-05  1.000000295156783e+00 -3.307519452513667e-05  1.000000295156783e+00 -3.307519452513667e-05  1.000000295156725e+00 -3.307519452513667e-05 -4.999088976548992e-01 -1.302255070038360e-02 -4.999078166772342e-01 -1.302253774426784e-02 -4.999084796628734e-01 -1.302254571173965e-02 -4.999137839936060e-01 -1.302260703478601e-02  3.998317238640525e+00  2.656680806286387e-02  3.998317238640756e+00  2.656680806286390e-02  3.998317238640756e+00  2.656680806286395e-02  3.998317238640524e+00  2.656680806286390e-02  3.494862394301539e+00  2.047575591499036e-02  3.494862394301741e+00  2.047575591499029e-02  3.494862394301741e+00  2.047575591499034e-02  3.494862394301538e+00  2.047575591499039e-02  3.494513927525393e+00  2.030426570614955e-02  3.494513927525595e+00  2.030426570614947e-02  3.494513927525595e+00  2.030426570614952e-02  3.494513927525392e+00  2.030426570614958e-02 
 7.943282347242849e+00  1.000000058243200e+00 -1.617676144787957e-07  9.000001116352168e-01 -1.676944130734673e-06  9.000000598656216e-01 -1.964843044360937e-06  1.010000057972713e+00  5.100085772471847e-05  9.000001148455739e-01  4.344342345220293e-05  5.816943475761560e-05 -8.446950105494280e-03  5.884987785093054e-05 -8.446942122086019e-03  5.843260690457930e-05 -8.446947030775637e-03  5.509419323918019e-05 -8.446984822022427e-03  1.000000295551668e+00 -3.404103133055147e-05  1.000000295551726e+00 -3.404103133054453e-05  1.000000295551726e+00 -3.404103133054453e-05  1.000000295551668e+00 -3.404103133054453e-05 -4.999124910634185e-01 -1.265090640589205e-02 -4.999114703991596e-01 -1.265089439836455e-02 -4.999120963053449e-01 -1.265090178127703e-02 -4.999171039240407e-01 -1.265095862718335e-02  3.998324328812795e+00  2.584000680338295e-02  3.998324328813026e+00  2.584000680338302e-02  3.998324328813026e+00  2.584000680338304e-02  3.998324328812795e+00  2.584000680338298e-02  3.494868255673859e+00  1.982297728222939e-02  3.494868255674061e+00  1.982297728222936e-02  3.494868255674061e+00  1.982297728222937e-02  3.494868255673859e+00  1.982297728222943e-02  3.494519784240064e+00  1.964660423225199e-02  3.494519784240266e+00  1.964660423225195e-02  3.494519784240266e+00  1.964660423225196e-02  3.494519784240064e+00  1.964660423225202e-02 
 8.175230379436535e+00  1.000000058322525e+00 -1.664913165937473e-07  9.000001117767682e-01 -1.725911787907963e-06  9.000000599368179e-01 -2.022217499497032e-06  1.010000058076594e+00  5.249010770845122e-05  9.000001150057749e-01  4.471199237428135e-05  5.590797774263079e-05 -8.206553204912983e-03  5.655046083496984e-05 -8.206545803286169e-03  5.615652915313962e-05 -8.206550353428453e-03  5.300485750547868e-05 -8.206585398593433e-03  1.000000295969998e+00 -3.503507041465165e-05  1.000000295970055e+00 -3.503507041465859e-05  1.000000295970055e+00 -3.503507041465859e-05  1.000000295969998e+00 -3.503507041465165e-05 -4.999158834847502e-01 -1.228974119690764e-02 -4.999149197604749e-01 -1.228973006296693e-02 -4.999155106577743e-01 -1.228973690749455e-02 -4.999202381635257e-01 -1.228978962976626e-02  3.998331022902979e+00  2.513460969601393e-02  3.998331022903209e+00  2.513460969601393e-02  3.998331022903210e+00  2.513460969601394e-02  3.998331022902979e+00  2.513460969601393e-02  3.494873784978026e+00  1.918661845054433e-02  3.494873784978227e+00  1.918661845054423e-02  3.494873784978227e+00  1.918661845054424e-02  3.494873784978026e+00  1.918661845054433e-02  3.494525308678369e+00  1.900521643865319e-02  3.494525308678570e+00  1.900521643865307e-02  3.494525308678571e+00  1.900521643865308e-02  3.494525308678369e+00  1.900521643865319e-02 
 8.413951416451987e+00  1.000000058406552e+00 -1.713529527917998e-07  9.000001119267081e-01 -1.776309326256974e-06  9.000000600122336e-01 -2.081267318525711e-06  1.010000058159302e+00  5.402284463316550e-05  9.000001151754692e-01  4.601760423378802e-05  5.377302618614355e-05 -7.972954084163330e-03  5.437967245469633e-05 -7.972947218397286e-03  5.400777629999132e-05 -7.972951438296516e-03  5.103240003728748e-05 -7.972983953760535e-03  1.000000296413105e+00 -3.605813531707503e-05  1.000000296413162e+00 -3.605813531707503e-05  1.000000296413162e+00 -3.605813531707503e-05  1.000000296413105e+00 -3.605813531706809e-05 -4.999190861619203e-01 -1.193875601468009e-02 -4.999181761928640e-01 -1.193874568541907e-02 -4.999187340368831e-01 -1.193875203403416e-02 -4.999231970996347e-01 -1.193880095737058e-02  3.998337343096950e+00  2.445003264399351e-02  3.998337343097181e+00  2.445003264399354e-02  3.998337343097180e+00  2.445003264399356e-02  3.998337343096950e+00  2.445003264399353e-02  3.494879000539509e+00  1.856615246820576e-02  3.494879000539711e+00  1.856615246820568e-02  3.494879000539710e+00  1.856615246820569e-02  3.494879000539509e+00  1.856615246820577e-02  3.494530519149651e+00  1.837957120723141e-02  3.494530519149852e+00  1.837957120723132e-02  3.494530519149851e+00  1.837957120723133e-02  3.494530519149650e+00  1.837957120723141e-02 
 8.659643233600692e+00  1.000000058495558e+00 -1.763565518829383e-07  9.000001120855323e-01 -1.828178500015113e-06  9.000000600921182e-01 -2.142041423912904e-06  1.010000058260205e+00  5.560033833761233e-05  9.000001153552170e-01  4.736134070156880e-05  5.175750446562155e-05 -7.745959308560123e-03  5.233031834889212e-05 -7.745952936476055e-03  5.197922639393893e-05 -7.745956852119238e-03  4.917028362622089e-05 -7.745987036683014e-03  1.000000296882455e+00 -3.711107362699011e-05  1.000000296882513e+00 -3.711107362699011e-05  1.000000296882513e+00 -3.711107362699011e-05  1.000000296882455e+00 -3.711107362699011e-05 -4.999221097091906e-01 -1.159766022127703e-02 -4.999212504886972e-01 -1.159765063340214e-02 -4.999217771264259e-01 -1.159765652510068e-02 -4.999259905390080e-01 -1.159770194782729e-02  3.998343310341502e+00  2.378570877394740e-02  3.998343310341732e+00  2.378570877394745e-02  3.998343310341733e+00  2.378570877394745e-02  3.998343310341502e+00  2.378570877394740e-02  3.494883919644042e+00  1.796106552909575e-02  3.494883919644242e+00  1.796106552909569e-02  3.494883919644243e+00  1.796106552909569e-02  3.494883919644042e+00  1.796106552909575e-02  3.494535432922768e+00  1.776915044097075e-02  3.494535432922969e+00  1.776915044097068e-02  3.494535432922970e+00  1.776915044097068e-02  3.494535432922768e+00  1.776915044097075e-02 
 8.912509381337495e+00  1.000000058589837e+00 -1.815062596228929e-07  9.000001122537667e-01 -1.881562282045207e-06  9.000000601767354e-01 -2.204590166058578e-06  1.010000058391118e+00  5.722389574144956e-05  9.000001155456138e-01  4.874431503446581e-05  4.985473272367535e-05 -7.525380906932564e-03  5.039560655945019e-05 -7.525374989767637e-03  5.006415589020596e-05 -7.525378625049317e-03  4.741233672583833e-05 -7.525406661352822e-03  1.000000297379605e+00 -3.819475768248449e-05  1.000000297379663e+00 -3.819475768249143e-05  1.000000297379663e+00 -3.819475768249837e-05  1.000000297379605e+00 -3.819475768249143e-05 -4.999249641472241e-01 -1.126617135984698e-02 -4.999241528367870e-01 -1.126616245518935e-02 -4.999246500125963e-01 -1.126616792582824e-02 -4.999286277398429e-01 -1.126621012202582e-02  3.998348944413757e+00  2.314108796830976e-02  3.998348944413987e+00  2.314108796830974e-02  3.998348944413988e+00  2.314108796830977e-02  3.998348944413757e+00  2.314108796830974e-02  3.494888558594904e+00  1.737085654874903e-02  3.494888558595106e+00  1.737085654874890e-02  3.494888558595106e+00  1.737085654874892e-02  3.494888558594904e+00  1.737085654874900e-02  3.494540066283334e+00  1.717344863644742e-02  3.494540066283535e+00  1.717344863644728e-02  3.494540066283536e+00  1.717344863644730e-02  3.494540066283333e+00  1.717344863644740e-02 
 9.172759353897836e+00  1.000000058689703e+00 -1.868063412288980e-07  9.000001124319704e-01 -1.936504898661667e-06  9.000000602663668e-01 -2.268965364183968e-06  1.010000058507853e+00  5.889486192901827e-05  9.000001157472918e-01  5.016767299847457e-05  4.805840473781631e-05 -7.311036216555142e-03  4.856912503198307e-05 -7.311030718696292e-03  4.825620512083351e-05 -7.311034095705089e-03  4.575273299983751e-05 -7.311060151433293e-03  1.000000297906204e+00 -3.931008529243627e-05  1.000000297906262e+00 -3.931008529243627e-05  1.000000297906262e+00 -3.931008529243627e-05  1.000000297906204e+00 -3.931008529243627e-05 -4.999276589362849e-01 -1.094401492160197e-02 -4.999268928561462e-01 -1.094400664671807e-02 -4.999273622358268e-01 -1.094401172944554e-02 -4.999311174425737e-01 -1.094405095075830e-02  3.998354263995903e+00  2.251563641161973e-02  3.998354263996134e+00  2.251563641161978e-02  3.998354263996134e+00  2.251563641161981e-02  3.998354263995902e+00  2.251563641161972e-02  3.494892932774592e+00  1.679503675092496e-02  3.494892932774795e+00  1.679503675092488e-02  3.494892932774794e+00  1.679503675092492e-02  3.494892932774592e+00  1.679503675092495e-02  3.494544434595310e+00  1.659197246674023e-02  3.494544434595512e+00  1.659197246674014e-02  3.494544434595512e+00  1.659197246674017e-02  3.494544434595309e+00  1.659197246674022e-02 
 9.440608762859275e+00  1.000000058795486e+00 -1.922611889190370e-07  9.000001126207329e-01 -1.993051869754303e-06  9.000000603613092e-01 -2.335220352867846e-06  1.010000058652264e+00  6.061462125894504e-05  9.000001159609192e-01  5.163259381445450e-05  4.636256702728048e-05 -7.102747732437733e-03  4.684482037115023e-05 -7.102742621165848e-03  4.654941271747814e-05 -7.102745759865341e-03  4.418597202093810e-05 -7.102769989435175e-03  1.000000298463995e+00 -4.045798048375286e-05  1.000000298464053e+00 -4.045798048374592e-05  1.000000298464053e+00 -4.045798048373898e-05  1.000000298463995e+00 -4.045798048375286e-05 -4.999302030075776e-01 -1.063092411932432e-02 -4.999294796278518e-01 -1.063091642511221e-02 -4.999299227391542e-01 -1.063092114988687e-02 -4.999334678988260e-01 -1.063095762805526e-02  3.998359286695438e+00  2.190883614960238e-02  3.998359286695668e+00  2.190883614960247e-02  3.998359286695669e+00  2.190883614960246e-02  3.998359286695437e+00  2.190883614960238e-02  3.494897056661145e+00  1.623312926380055e-02  3.494897056661346e+00  1.623312926380052e-02  3.494897056661347e+00  1.623312926380051e-02  3.494897056661144e+00  1.623312926380055e-02  3.494548552317291e+00  1.602424037385557e-02  3.494548552317492e+00  1.602424037385552e-02  3.494548552317493e+00  1.602424037385551e-02  3.494548552317290e+00  1.602424037385557e-02 
 9.716279515771106e+00  1.000000058907537e+00 -1.978753206535446e-07  9.000001128206799e-01 -2.051250042166131e-06  9.000000604618769e-01 -2.403410021825300e-06  1.010000058781672e+00  6.238459851689141e-05  9.000001161872032e-01  5.314029113940867e-05  4.476159912825128e-05 -6.900342960811497e-03  4.521697778453460e-05 -6.900338206063537e-03  4.493809671790583e-05 -6.900341125062420e-03  4.270686104435040e-05 -6.900363670135292e-03  1.000000299054828e+00 -4.163939426303572e-05  1.000000299054886e+00 -4.163939426304266e-05  1.000000299054886e+00 -4.163939426304266e-05  1.000000299054828e+00 -4.163939426303572e-05 -4.999326047928425e-01 -1.032663966715872e-02 -4.999319217251352e-01 -1.032663250850122e-02 -4.999323400465648e-01 -1.032663690325034e-02 -4.999356868987606e-01 -1.032667085087694e-02  3.998364029177886e+00  2.132018466249812e-02  3.998364029178116e+00  2.132018466249814e-02  3.998364029178116e+00  2.132018466249815e-02  3.998364029177885e+00  2.132018466249812e-02  3.494900943937963e+00  1.568466872689282e-02  3.494900943938165e+00  1.568466872689272e-02  3.494900943938165e+00  1.568466872689273e-02  3.494900943937962e+00  1.568466872689282e-02  3.494552433112241e+00  1.546978217176391e-02  3.494552433112442e+00  1.546978217176380e-02  3.494552433112442e+00  1.546978217176380e-02  3.494552433112240e+00  1.546978217176391e-02 
 1.000000000000005e+01  1.000000059026228e+00 -2.036533890083114e-07  9.000001130324756e-01 -2.111147633164399e-06  9.000000605684045e-01 -2.473590866000148e-06  1.010000058939354e+00  6.420626008986418e-05  9.000001164268964e-01  5.469201406736541e-05  4.325019497081195e-05 -6.703654276768931e-03  4.368020214973178e-05 -6.703649850893172e-03  4.341691746995169e-05 -6.703652567301131e-03  4.131049780120577e-05 -6.703673558080981e-03  1.000000299680663e+00 -4.285530540884197e-05  1.000000299680720e+00 -4.285530540885585e-05  1.000000299680720e+00 -4.285530540885585e-05  1.000000299680663e+00 -4.285530540884197e-05 -4.999348722522887e-01 -1.003090956661839e-02 -4.999342272417862e-01 -1.003090290201594e-02 -4.999346221686427e-01 -1.003090699241784e-02 -4.999377817968859e-01 -1.003093860491590e-02  3.998368507160706e+00  2.074919444956999e-02  3.998368507160938e+00  2.074919444957002e-02  3.998368507160937e+00  2.074919444957002e-02  3.998368507160706e+00  2.074919444956999e-02  3.494904607488184e+00  1.514920090624341e-02  3.494904607488387e+00  1.514920090624331e-02  3.494904607488386e+00  1.514920090624331e-02  3.494904607488184e+00  1.514920090624341e-02  3.494556089841815e+00  1.492813865758956e-02  3.494556089842017e+00  1.492813865758945e-02  3.494556089842017e+00  1.492813865758945e-02  3.494556089841815e+00  1.492813865758956e-02 
 1.029200527194433e+01  1.000000059151951e+00 -2.096001796734350e-07  9.000001132568202e-01 -2.172794265489951e-06  9.000000606812439e-01 -2.545821027549389e-06  1.010000059083962e+00  6.608111518744204e-05  9.000001166807909e-01  5.628904816912069e-05  4.182334529911902e-05 -6.512518785815361e-03  4.222940013748344e-05 -6.512514663412537e-03  4.198084372397659e-05 -6.512517192837713e-03  3.999225425610486e-05 -6.512536749123885e-03  1.000000300343572e+00 -4.410672127733806e-05  1.000000300343629e+00 -4.410672127733112e-05  1.000000300343629e+00 -4.410672127734500e-05  1.000000300343571e+00 -4.410672127733806e-05 -4.999370129009712e-01 -9.743488898450033e-03 -4.999364038189684e-01 -9.743482689782377e-03 -4.999367766534323e-01 -9.743486499262094e-03 -4.999397595364261e-01 -9.743515956435505e-03  3.998372735477529e+00  2.019539262674092e-02  3.998372735477760e+00  2.019539262674094e-02  3.998372735477760e+00  2.019539262674092e-02  3.998372735477529e+00  2.019539262674092e-02  3.494908059447450e+00  1.462628231935986e-02  3.494908059447651e+00  1.462628231935975e-02  3.494908059447652e+00  1.462628231935973e-02  3.494908059447449e+00  1.462628231935986e-02  3.494559534619047e+00  1.439886123243498e-02  3.494559534619248e+00  1.439886123243486e-02  3.494559534619249e+00  1.439886123243484e-02  3.494559534619047e+00  1.439886123243498e-02 
 1.059253725177294e+01  1.000000059285125e+00 -2.157206209358996e-07  9.000001134944586e-01 -2.236241013440033e-06  9.000000608007697e-01 -2.620160348978836e-06  1.010000059260021e+00  6.801071708556592e-05  9.000001169497287e-01  5.793271655227502e-05  4.047632107329058e-05 -6.326778189374801e-03  4.085976333512154e-05 -6.326774347076848e-03  4.062511024655047e-05 -6.326776703932871e-03  3.874776127116286e-05 -6.326794935824514e-03  1.000000301045752e+00 -4.539467864262042e-05  1.000000301045810e+00 -4.539467864262042e-05  1.000000301045810e+00 -4.539467864261348e-05  1.000000301045752e+00 -4.539467864262042e-05 -4.999390338336894e-01 -9.464139620411307e-03 -4.999384586705412e-01 -9.464133832605592e-03 -4.999388106500242e-01 -9.464137382796337e-03 -4.999416266723282e-01 -9.464164849895420e-03  3.998376728146612e+00  1.965832053624167e-02  3.998376728146843e+00  1.965832053624170e-02  3.998376728146843e+00  1.965832053624170e-02  3.998376728146612e+00  1.965832053624167e-02  3.494911311260179e+00  1.411547986897541e-02  3.494911311260381e+00  1.411547986897530e-02  3.494911311260381e+00  1.411547986897531e-02  3.494911311260179e+00  1.411547986897541e-02  3.494562778864549e+00  1.388151153090089e-02  3.494562778864752e+00  1.388151153090077e-02  3.494562778864751e+00  1.388151153090078e-02  3.494562778864549e+00  1.388151153090089e-02 
 1.090184492385133e+01  1.000000059426189e+00 -2.220197811466567e-07  9.000001137461781e-01 -2.301540439276860e-06  9.000000609273775e-01 -2.696670416767064e-06  1.010000059398929e+00  6.999666442132998e-05  9.000001172346022e-01  5.962438096332503e-05  3.920465779905236e-05 -6.146278654032941e-03  3.956675231553408e-05 -6.146275070381175e-03  3.934522789095229e-05 -6.146277267862599e-03  3.757289412714693e-05 -6.146294276612676e-03  1.000000301789533e+00 -4.672024454887295e-05  1.000000301789591e+00 -4.672024454888683e-05  1.000000301789591e+00 -4.672024454887989e-05  1.000000301789533e+00 -4.672024454887989e-05 -4.999409417484997e-01 -9.192630370646255e-03 -4.999403986069595e-01 -9.192624971494283e-03 -4.999407308934527e-01 -9.192628282200048e-03 -4.999433893929855e-01 -9.192653911203214e-03  3.998380498397891e+00  1.913753336766274e-02  3.998380498398122e+00  1.913753336766274e-02  3.998380498398123e+00  1.913753336766279e-02  3.998380498397891e+00  1.913753336766274e-02  3.494914373701365e+00  1.361637048511755e-02  3.494914373701566e+00  1.361637048511741e-02  3.494914373701567e+00  1.361637048511746e-02  3.494914373701364e+00  1.361637048511755e-02  3.494565833328234e+00  1.337566105879156e-02  3.494565833328436e+00  1.337566105879140e-02  3.494565833328436e+00  1.337566105879145e-02  3.494565833328233e+00  1.337566105879155e-02 
 1.122018454301969e+01  1.000000059575612e+00 -2.285028826220450e-07  9.000001140128123e-01 -2.368746645467718e-06  9.000000610614873e-01 -2.775414621120689e-06  1.010000059603143e+00  7.204060250563658e-05  9.000001175363542e-01  6.136544290725802e-05  3.800414073573677e-05 -5.970870684455200e-03  3.834608159475339e-05 -5.970867339692160e-03  3.813694975346449e-05 -5.970869389995160e-03  3.646375885790754e-05 -5.970885268687399e-03  1.000000302577379e+00 -4.808451720424349e-05  1.000000302577437e+00 -4.808451720423655e-05  1.000000302577437e+00 -4.808451720423655e-05  1.000000302577379e+00 -4.808451720424349e-05 -4.999427429689043e-01 -8.928736276550732e-03 -4.999422300578411e-01 -8.928731236396698e-03 -4.999425437554650e-01 -8.928734325923846e-03 -4.999450535407389e-01 -8.928758256552559e-03  3.998384058731019e+00  1.863259979053864e-02  3.998384058731250e+00  1.863259979053875e-02  3.998384058731251e+00  1.863259979053875e-02  3.998384058731019e+00  1.863259979053869e-02  3.494917256924088e+00  1.312854077551338e-02  3.494917256924290e+00  1.312854077551334e-02  3.494917256924290e+00  1.312854077551334e-02  3.494917256924087e+00  1.312854077551342e-02  3.494568708136740e+00  1.288089083902574e-02  3.494568708136942e+00  1.288089083902568e-02  3.494568708136942e+00  1.288089083902568e-02  3.494568708136739e+00  1.288089083902578e-02 
 1.154781984689464e+01  1.000000059733888e+00 -2.351752930911076e-07  9.000001142952456e-01 -2.437915307976596e-06  9.000000612035434e-01 -2.856458196900493e-06  1.010000059776655e+00  7.414422470208187e-05  9.000001178559853e-01  6.315734482002066e-05  3.687079092928869e-05 -5.800408999858507e-03  3.719370543192602e-05 -5.800405875827376e-03  3.699627113129544e-05 -5.800407790157664e-03  3.541667934325865e-05 -5.800422624396504e-03  1.000000303411900e+00 -4.948862687769390e-05  1.000000303411958e+00 -4.948862687770778e-05  1.000000303411958e+00 -4.948862687769390e-05  1.000000303411900e+00 -4.948862687770084e-05 -4.999444434648080e-01 -8.672238768964812e-03 -4.999439590932703e-01 -8.672234060554436e-03 -4.999442552445886e-01 -8.672236945723322e-03 -4.999466246312427e-01 -8.672259306477361e-03  3.998387420946277e+00  1.814310159796399e-02  3.998387420946508e+00  1.814310159796400e-02  3.998387420946508e+00  1.814310159796406e-02  3.998387420946277e+00  1.814310159796398e-02  3.494919970484421e+00  1.265158668391725e-02  3.494919970484623e+00  1.265158668391712e-02  3.494919970484623e+00  1.265158668391718e-02  3.494919970484421e+00  1.265158668391725e-02  3.494571412818249e+00  1.239679106533837e-02  3.494571412818451e+00  1.239679106533823e-02  3.494571412818451e+00  1.239679106533828e-02  3.494571412818249e+00  1.239679106533837e-02 
 1.188502227437024e+01  1.000000059901543e+00 -2.420425422234984e-07  9.000001145944138e-01 -2.509103733158566e-06  9.000000613540169e-01 -2.939868288539924e-06  1.010000059966024e+00  7.630927381495155e-05  9.000001181945552e-01  6.500157125293563e-05  3.580085202820049e-05 -5.634752413968979e-03  3.610580442309219e-05 -5.634749493951260e-03  3.591941503122698e-05 -5.634751282601287e-03  3.442818513071932e-05 -5.634765151164236e-03  1.000000304295865e+00 -5.093373684754404e-05  1.000000304295922e+00 -5.093373684755097e-05  1.000000304295922e+00 -5.093373684755097e-05  1.000000304295865e+00 -5.093373684754404e-05 -4.999460488723005e-01 -8.422925401566528e-03 -4.999455914439165e-01 -8.422920999803549e-03 -4.999458710278768e-01 -8.422923696064052e-03 -4.999481078717384e-01 -8.422944605200409e-03  3.998390596184635e+00  1.766863336096715e-02  3.998390596184866e+00  1.766863336096718e-02  3.998390596184866e+00  1.766863336096719e-02  3.998390596184634e+00  1.766863336096714e-02  3.494922523373863e+00  1.218511315606744e-02  3.494922523374064e+00  1.218511315606732e-02  3.494922523374064e+00  1.218511315606733e-02  3.494922523373862e+00  1.218511315606744e-02  3.494573956334831e+00  1.192296076347375e-02  3.494573956335032e+00  1.192296076347361e-02  3.494573956335032e+00  1.192296076347362e-02  3.494573956334830e+00  1.192296076347374e-02 
 1.223207119049937e+01  1.000000060079132e+00 -2.491103201501985e-07  9.000001149113096e-01 -2.582370899865074e-06  9.000000615134071e-01 -3.025714000218410e-06  1.010000060189809e+00  7.853754354073157e-05  9.000001185531873e-01  6.689965010786928e-05  3.479077783513640e-05 -5.473763718312933e-03  3.507877284547600e-05 -5.473760986951987e-03  3.490280828721826e-05 -5.473762659394954e-03  3.349499993143823e-05 -5.473775634729317e-03  1.000000305232201e+00 -5.242104435917498e-05  1.000000305232259e+00 -5.242104435916110e-05  1.000000305232259e+00 -5.242104435916804e-05  1.000000305232201e+00 -5.242104435916457e-05 -4.999475645123327e-01 -8.180589675258830e-03 -4.999471325200175e-01 -8.180585557090269e-03 -4.999473964667320e-01 -8.180588078663368e-03 -4.999495081783135e-01 -8.180607644940876e-03  3.998393594973106e+00  1.720880209353111e-02  3.998393594973338e+00  1.720880209353122e-02  3.998393594973337e+00  1.720880209353120e-02  3.998393594973106e+00  1.720880209353115e-02  3.494924924056206e+00  1.172873381315006e-02  3.494924924056408e+00  1.172873381315000e-02  3.494924924056408e+00  1.172873381314998e-02  3.494924924056206e+00  1.172873381315010e-02  3.494576347119212e+00  1.145900745974472e-02  3.494576347119414e+00  1.145900745974464e-02  3.494576347119413e+00  1.145900745974462e-02  3.494576347119211e+00  1.145900745974475e-02 
 1.258925411794173e+01  1.000000060267244e+00 -2.563844821284684e-07  9.000001152469822e-01 -2.657777508248010e-06  9.000000616822410e-01 -3.114066453068465e-06  1.010000060438534e+00  8.083087995398500e-05  9.000001189330681e-01  6.885315390326979e-05  3.383722055588789e-05 -5.317309568817692e-03  3.410920670826600e-05 -5.317307011967081e-03  3.394308802839863e-05 -5.317308576886341e-03  3.261403076659786e-05 -5.317320725712728e-03  1.000000306224014e+00 -5.395178161676648e-05  1.000000306224072e+00 -5.395178161677342e-05  1.000000306224072e+00 -5.395178161677342e-05  1.000000306224013e+00 -5.395178161676995e-05 -4.999489954083473e-01 -7.945030867502175e-03 -4.999485874293120e-01 -7.945027011690892e-03 -4.999488366072135e-01 -7.945029371611994e-03 -4.999508301921885e-01 -7.945047695197415e-03  3.998396427245990e+00  1.676322692765568e-02  3.998396427246221e+00  1.676322692765569e-02  3.998396427246221e+00  1.676322692765569e-02  3.998396427245989e+00  1.676322692765566e-02  3.494927180484181e+00  1.128207063224091e-02  3.494927180484382e+00  1.128207063224077e-02  3.494927180484382e+00  1.128207063224077e-02  3.494927180484180e+00  1.128207063224090e-02  3.494578593091312e+00  1.100454685642635e-02  3.494578593091513e+00  1.100454685642619e-02  3.494578593091513e+00  1.100454685642619e-02  3.494578593091311e+00  1.100454685642633e-02 
 1.295686697517026e+01  1.000000060466503e+00 -2.638710519843731e-07  9.000001156025450e-01 -2.735386028765552e-06  9.000000618610795e-01 -3.204998842830485e-06  1.010000060646247e+00  8.319118303864621e-05  9.000001193354586e-01  7.086370107810238e-05  3.293701970608076e-05 -5.165260375569296e-03  3.319389247286031e-05 -5.165257980213595e-03  3.303706618090763e-05 -5.165259445655023e-03  3.178235771422733e-05 -5.165270829314983e-03  1.000000307274590e+00 -5.552721680312046e-05  1.000000307274648e+00 -5.552721680312393e-05  1.000000307274648e+00 -5.552721680312393e-05  1.000000307274590e+00 -5.552721680312393e-05 -4.999503463029288e-01 -7.716053866366463e-03 -4.999499609939647e-01 -7.716050253372300e-03 -4.999501962332888e-01 -7.716052463720821e-03 -4.999520782951038e-01 -7.716069636709394e-03  3.998399102395990e+00  1.633153879866742e-02  3.998399102396220e+00  1.633153879866750e-02  3.998399102396220e+00  1.633153879866749e-02  3.998399102395989e+00  1.633153879866741e-02  3.494929300140987e+00  1.084475363382374e-02  3.494929300141188e+00  1.084475363382365e-02  3.494929300141188e+00  1.084475363382364e-02  3.494929300140986e+00  1.084475363382373e-02  3.494580701699677e+00  1.055920251407497e-02  3.494580701699879e+00  1.055920251407487e-02  3.494580701699879e+00  1.055920251407486e-02  3.494580701699677e+00  1.055920251407496e-02 
 1.333521432163331e+01  1.000000060677568e+00 -2.715762365394481e-07  9.000001159791758e-01 -2.815260762427446e-06  9.000000620505140e-01 -3.298586508986333e-06  1.010000060917848e+00  8.562040825059152e-05  9.000001197616910e-01  7.293295732429050e-05  3.208719163644291e-05 -5.017490195659815e-03  3.232979640410694e-05 -5.017487949821001e-03  3.218174284769226e-05 -5.017489323162129e-03  3.099722423438589e-05 -5.017499998147043e-03  1.000000308387411e+00 -5.714865513930067e-05  1.000000308387469e+00 -5.714865513930414e-05  1.000000308387469e+00 -5.714865513930414e-05  1.000000308387411e+00 -5.714865513930761e-05 -4.999516216735159e-01 -7.493469009195041e-03 -4.999512577665440e-01 -7.493465621034439e-03 -4.999514798467689e-01 -7.493467692886754e-03 -4.999532566238349e-01 -7.493483800096316e-03  3.998401629287420e+00  1.591338013988300e-02  3.998401629287651e+00  1.591338013988304e-02  3.998401629287651e+00  1.591338013988304e-02  3.998401629287419e+00  1.591338013988295e-02  3.494931290050165e+00  1.041642057564034e-02  3.494931290050366e+00  1.041642057564021e-02  3.494931290050367e+00  1.041642057564021e-02  3.494931290050164e+00  1.041642057564029e-02  3.494582679931226e+00  1.012260554002805e-02  3.494582679931427e+00  1.012260554002790e-02  3.494582679931428e+00  1.012260554002790e-02  3.494582679931225e+00  1.012260554002800e-02 
 1.372460961007569e+01  1.000000060901139e+00 -2.795064167575383e-07  9.000001163781236e-01 -2.897467881530908e-06  9.000000622511741e-01 -3.394906984580742e-06  1.010000061188009e+00  8.812056815469590e-05  9.000001202131793e-01  7.506263697921809e-05  3.128491964743407e-05 -4.873876629057336e-03  3.151405451617961e-05 -4.873874521711150e-03  3.137428277777410e-05 -4.873875809737838e-03  3.025602803441441e-05 -4.873885828062429e-03  1.000000309566168e+00 -5.881743995236194e-05  1.000000309566226e+00 -5.881743995235500e-05  1.000000309566226e+00 -5.881743995235500e-05  1.000000309566168e+00 -5.881743995235500e-05 -4.999528257472433e-01 -7.277091925796631e-03 -4.999524820451136e-01 -7.277088745917124e-03 -4.999526917026150e-01 -7.277090689461848e-03 -4.999543690839052e-01 -7.277105808992942e-03  3.998404016295772e+00  1.550840458712779e-02  3.998404016296003e+00  1.550840458712786e-02  3.998404016296002e+00  1.550840458712786e-02  3.998404016295770e+00  1.550840458712780e-02  3.494933156807344e+00  9.996716653210965e-03  3.494933156807546e+00  9.996716653210856e-03  3.494933156807546e+00  9.996716653210856e-03  3.494933156807343e+00  9.996716653210978e-03  3.494584534342880e+00  9.694394283414818e-03  3.494584534343082e+00  9.694394283414691e-03  3.494584534343082e+00  9.694394283414691e-03  3.494584534342879e+00  9.694394283414830e-03 
 1.412537544622761e+01  1.000000061137958e+00 -2.876681635266081e-07  9.000001168007107e-01 -2.982075493798819e-06  9.000000624637238e-01 -3.494040069901580e-06  1.010000061476947e+00  9.069373407943949e-05  9.000001206914194e-01  7.725450443672568e-05  3.052754465315832e-05 -4.734300717370099e-03  3.074396308194727e-05 -4.734298738356768e-03  3.061200940868147e-05 -4.734299947338336e-03  2.955631244266899e-05 -4.734309356890127e-03  1.000000310814765e+00 -6.053495379850867e-05  1.000000310814823e+00 -6.053495379851561e-05  1.000000310814823e+00 -6.053495379851214e-05  1.000000310814765e+00 -6.053495379851561e-05 -4.999539625149446e-01 -7.066743385948282e-03 -4.999536378874691e-01 -7.066740399094592e-03 -4.999538358178764e-01 -7.066742223745288e-03 -4.999554193625282e-01 -7.066756427505390e-03  3.998406271332875e+00  1.511627669221806e-02  3.998406271333106e+00  1.511627669221810e-02  3.998406271333106e+00  1.511627669221811e-02  3.998406271332875e+00  1.511627669221804e-02  3.494934906599956e+00  9.585294206257606e-03  3.494934906600157e+00  9.585294206257462e-03  3.494934906600157e+00  9.585294206257478e-03  3.494934906599955e+00  9.585294206257592e-03  3.494586271081152e+00  9.274214035908279e-03  3.494586271081353e+00  9.274214035908116e-03  3.494586271081353e+00  9.274214035908132e-03  3.494586271081151e+00  9.274214035908265e-03 
 1.453784385607669e+01  1.000000061388810e+00 -2.960682383843083e-07  9.000001172483378e-01 -3.069153694733789e-06  9.000000626888681e-01 -3.596067894346337e-06  1.010000061776700e+00  9.334203783875061e-05  9.000001211979979e-01  7.951037561292358e-05  2.981255636913538e-05 -4.598646845469963e-03  3.001696967358525e-05 -4.598644985435052e-03  2.989239842798863e-05 -4.598646121108156e-03  2.889575826997559e-05 -4.598654966026359e-03  1.000000312137343e+00 -6.230261960405807e-05  1.000000312137400e+00 -6.230261960405460e-05  1.000000312137400e+00 -6.230261960405460e-05  1.000000312137343e+00 -6.230261960404766e-05 -4.999550357443846e-01 -6.862249151176247e-03 -4.999547291245905e-01 -6.862246343301534e-03 -4.999549159813597e-01 -6.862248057672281e-03 -4.999564109408254e-01 -6.862261411944448e-03  3.998408401871301e+00  1.473667164555532e-02  3.998408401871531e+00  1.473667164555541e-02  3.998408401871531e+00  1.473667164555541e-02  3.998408401871299e+00  1.473667164555536e-02  3.494936545226222e+00  9.181812431105765e-03  3.494936545226423e+00  9.181812431105661e-03  3.494936545226423e+00  9.181812431105661e-03  3.494936545226221e+00  9.181812431105805e-03  3.494587895900993e+00  8.861716738288693e-03  3.494587895901194e+00  8.861716738288570e-03  3.494587895901194e+00  8.861716738288570e-03  3.494587895900992e+00  8.861716738288733e-03 
 1.496235656094441e+01  1.000000061654525e+00 -3.047136016966654e-07  9.000001177224877e-01 -3.158774627854085e-06  9.000000629273525e-01 -3.701074986783824e-06  1.010000062107946e+00  9.606767349500282e-05  9.000001217345905e-01  8.183211944848718e-05  2.913758499406560e-05 -4.466802645849883e-03  2.933066470228729e-05 -4.466800896177693e-03  2.921306181025152e-05 -4.466801963862475e-03  2.827217612105803e-05 -4.466810284773242e-03  1.000000313538284e+00 -6.412190184677826e-05  1.000000313538342e+00 -6.412190184677826e-05  1.000000313538342e+00 -6.412190184677826e-05  1.000000313538284e+00 -6.412190184678520e-05 -4.999560489927417e-01 -6.663439830614911e-03 -4.999557593733363e-01 -6.663437188780862e-03 -4.999559357775784e-01 -6.663438800860982e-03 -4.999573471053655e-01 -6.663451366656315e-03  3.998410414974818e+00  1.436927500751962e-02  3.998410414975050e+00  1.436927500751971e-02  3.998410414975049e+00  1.436927500751969e-02  3.998410414974817e+00  1.436927500751961e-02  3.494938078119106e+00  8.785937098748288e-03  3.494938078119308e+00  8.785937098748173e-03  3.494938078119308e+00  8.785937098748161e-03  3.494938078119105e+00  8.785937098748278e-03  3.494589414189605e+00  8.456560692496708e-03  3.494589414189807e+00  8.456560692496574e-03  3.494589414189806e+00  8.456560692496562e-03  3.494589414189604e+00  8.456560692496697e-03 
 1.539926526059500e+01  1.000000061935986e+00 -3.136114142943398e-07  9.000001182247335e-01 -3.251012540835714e-06  9.000000631799688e-01 -3.809148341867393e-06  1.010000062434723e+00  9.887289918172708e-05  9.000001223029800e-01  8.422165946067786e-05  2.850039335611232e-05 -4.338658905676435e-03  2.868277343404113e-05 -4.338657258425095e-03  2.857174996084844e-05 -4.338658263001605e-03  2.768349914000767e-05 -4.338666097378210e-03  1.000000315022233e+00 -6.599430776505077e-05  1.000000315022291e+00 -6.599430776504383e-05  1.000000315022291e+00 -6.599430776504383e-05  1.000000315022233e+00 -6.599430776505077e-05 -4.999570056183964e-01 -6.470150740892240e-03 -4.999567320484319e-01 -6.470148253171701e-03 -4.999568985835490e-01 -6.470149770289930e-03 -4.999582309590566e-01 -6.470161603888354e-03  3.998412317314284e+00  1.401378244830889e-02  3.998412317314515e+00  1.401378244830897e-02  3.998412317314515e+00  1.401378244830897e-02  3.998412317314283e+00  1.401378244830889e-02  3.494939510358057e+00  8.397340278247062e-03  3.494939510358259e+00  8.397340278246941e-03  3.494939510358259e+00  8.397340278246943e-03  3.494939510358056e+00  8.397340278247062e-03  3.494590830978027e+00  8.058410278848542e-03  3.494590830978229e+00  8.058410278848401e-03  3.494590830978229e+00  8.058410278848403e-03  3.494590830978027e+00  8.058410278848542e-03 
 1.584893192461122e+01  1.000000062234123e+00 -3.227690503652604e-07  9.000001187567395e-01 -3.345943853267808e-06  9.000000634475528e-01 -3.920377498372250e-06  1.010000062806498e+00  1.017600389660702e-04  9.000001229050477e-01  8.668097533068499e-05  2.789886949783327e-05 -4.214109476441174e-03  2.807114845160275e-05 -4.214107924297171e-03  2.796633680457461e-05 -4.214108870267161e-03  2.712777615976325e-05 -4.214116252626290e-03  1.000000316594107e+00 -6.792138861362128e-05  1.000000316594165e+00 -6.792138861361781e-05  1.000000316594165e+00 -6.792138861361781e-05  1.000000316594107e+00 -6.792138861362475e-05 -4.999579087920631e-01 -6.282221769887260e-03 -4.999576503737800e-01 -6.282219425296007e-03 -4.999578075911605e-01 -6.282220854213415e-03 -4.999590654314260e-01 -6.282232007457960e-03  3.998414115195292e+00  1.366989949622509e-02  3.998414115195523e+00  1.366989949622519e-02  3.998414115195523e+00  1.366989949622519e-02  3.998414115195291e+00  1.366989949622509e-02  3.494940846690466e+00  8.015700065400758e-03  3.494940846690668e+00  8.015700065400642e-03  3.494940846690668e+00  8.015700065400642e-03  3.494940846690465e+00  8.015700065400757e-03  3.494592150962443e+00  7.666935678334302e-03  3.494592150962645e+00  7.666935678334165e-03  3.494592150962645e+00  7.666935678334165e-03  3.494592150962442e+00  7.666935678334300e-03 
 1.631172909227847e+01  1.000000062549926e+00 -3.321940951345132e-07  9.000001193202677e-01 -3.443647212394931e-06  9.000000637309922e-01 -4.034854605789985e-06  1.010000063187622e+00  1.047314847843636e-04  9.000001235427894e-01  8.921210455131791e-05  2.733101967888896e-05 -4.093051186140797e-03  2.749376253580182e-05 -4.093049722350772e-03  2.739481337860061e-05 -4.093050613883599e-03  2.660316523578343e-05 -4.093057576040122e-03  1.000000318259118e+00 -6.990474094043988e-05  1.000000318259175e+00 -6.990474094044335e-05  1.000000318259175e+00 -6.990474094044335e-05  1.000000318259118e+00 -6.990474094043641e-05 -4.999587615072945e-01 -6.099497244267718e-03 -4.999585173931524e-01 -6.099495032662150e-03 -4.999586658168009e-01 -6.099496379641215e-03 -4.999598532883339e-01 -6.099506900320024e-03  3.998415814578663e+00  1.333734129407964e-02  3.998415814578895e+00  1.333734129407971e-02  3.998415814578895e+00  1.333734129407971e-02  3.998415814578663e+00  1.333734129407967e-02  3.494942091547037e+00  7.640700316373410e-03  3.494942091547240e+00  7.640700316373268e-03  3.494942091547239e+00  7.640700316373269e-03  3.494942091547037e+00  7.640700316373434e-03  3.494593378519367e+00  7.281812599690373e-03  3.494593378519569e+00  7.281812599690211e-03  3.494593378519569e+00  7.281812599690212e-03  3.494593378519367e+00  7.281812599690398e-03 
 1.678804018122569e+01  1.000000062884442e+00 -3.418943582906200e-07  9.000001199171876e-01 -3.544203564634058e-06  9.000000640312266e-01 -4.152674507100417e-06  1.010000063599415e+00  1.077896984152386e-04  9.000001242183199e-01  9.181714410866724e-05  2.679496176610785e-05 -3.975383753886869e-03  2.694870194885901e-05 -3.975382372229044e-03  2.685528902934831e-05 -3.975383213136593e-03  2.610792754187408e-05 -3.975389784468049e-03  1.000000320022783e+00 -7.194600791627930e-05  1.000000320022841e+00 -7.194600791628277e-05  1.000000320022841e+00 -7.194600791628277e-05  1.000000320022783e+00 -7.194600791627237e-05 -4.999595665904088e-01 -5.921825800642842e-03 -4.999593359802738e-01 -5.921823712677096e-03 -4.999594760995684e-01 -5.921824983443500e-03 -4.999605971411381e-01 -5.921834915687209e-03  3.998417421094243e+00  1.301583236341552e-02  3.998417421094474e+00  1.301583236341558e-02  3.998417421094474e+00  1.301583236341558e-02  3.998417421094243e+00  1.301583236341552e-02  3.494943249051545e+00  7.272030385975035e-03  3.494943249051747e+00  7.272030385974876e-03  3.494943249051747e+00  7.272030385974875e-03  3.494943249051545e+00  7.272030385975036e-03  3.494594517715234e+00  6.902722010931733e-03  3.494594517715436e+00  6.902722010931553e-03  3.494594517715435e+00  6.902722010931552e-03  3.494594517715234e+00  6.902722010931734e-03 
 1.727825980507873e+01  1.000000063238779e+00 -3.518778760236759e-07  9.000001205494778e-01 -3.647696218764336e-06  9.000000643492513e-01 -4.273934813358260e-06  1.010000064034874e+00  1.109372135244282e-04  9.000001249338779e-01  9.449825222333032e-05  2.628891899730812e-05 -3.861009706947793e-03  2.643416009190380e-05 -3.861008401693818e-03  2.634597317752174e-05 -3.861009195507183e-03  2.564042160668745e-05 -3.861015403081964e-03  1.000000321890951e+00 -7.404688069203440e-05  1.000000321891008e+00 -7.404688069204134e-05  1.000000321891008e+00 -7.404688069204134e-05  1.000000321890950e+00 -7.404688069203787e-05 -4.999603267098515e-01 -5.749060260347881e-03 -4.999601088483447e-01 -5.749058287416618e-03 -4.999602411286342e-01 -5.749059487274848e-03 -4.999612994553470e-01 -5.749068871748315e-03  3.998418940068583e+00  1.270510637669193e-02  3.998418940068815e+00  1.270510637669200e-02  3.998418940068814e+00  1.270510637669199e-02  3.998418940068582e+00  1.270510637669192e-02  3.494944323041978e+00  6.909384870647932e-03  3.494944323042181e+00  6.909384870647779e-03  3.494944323042180e+00  6.909384870647767e-03  3.494944323041977e+00  6.909384870647921e-03  3.494595572327345e+00  6.529349875390445e-03  3.494595572327547e+00  6.529349875390270e-03  3.494595572327547e+00  6.529349875390258e-03  3.494595572327344e+00  6.529349875390434e-03 
 1.778279410038932e+01  1.000000063614112e+00 -3.621529176135167e-07  9.000001212192323e-01 -3.754210914792980e-06  9.000000646861197e-01 -4.398735984499202e-06  1.010000064458648e+00  1.141766377640155e-04  9.000001256918341e-01  9.725765013855530e-05  2.581121409250819e-05 -3.749834300092003e-03  2.594843151526582e-05 -3.749833065932962e-03  2.586517746838712e-05 -3.749833815923729e-03  2.519909787390695e-05 -3.749839684723342e-03  1.000000323869810e+00 -7.620909979950659e-05  1.000000323869868e+00 -7.620909979952047e-05  1.000000323869868e+00 -7.620909979951353e-05  1.000000323869810e+00 -7.620909979951700e-05 -4.999610443850391e-01 -5.581057507655755e-03 -4.999608385590366e-01 -5.581055641783128e-03 -4.999609634400267e-01 -5.581056775648218e-03 -4.999619625587927e-01 -5.581065649884184e-03  3.998420376536495e+00  1.240490593683864e-02  3.998420376536724e+00  1.240490593683870e-02  3.998420376536725e+00  1.240490593683870e-02  3.998420376536494e+00  1.240490593683862e-02  3.494945317078209e+00  6.552463355632922e-03  3.494945317078410e+00  6.552463355632754e-03  3.494945317078410e+00  6.552463355632751e-03  3.494945317078209e+00  6.552463355632909e-03  3.494596545851343e+00  6.161386891731451e-03  3.494596545851544e+00  6.161386891731260e-03  3.494596545851544e+00  6.161386891731258e-03  3.494596545851343e+00  6.161386891731438e-03 
 1.830206106311066e+01  1.000000064011685e+00 -3.727280002791064e-07  9.000001219286728e-01 -3.863835902227431e-06  9.000000650429488e-01 -4.527181419767575e-06  1.010000064949130e+00  1.175106549231082e-04  9.000001264947027e-01  1.000976239532687e-04  2.536026369504008e-05 -3.641765437141079e-03  2.548990627010417e-05 -3.641764269196648e-03  2.541130965982852e-05 -3.641764978362710e-03  2.478249356663298e-05 -3.641770531460864e-03  1.000000325965922e+00 -7.843445660151109e-05  1.000000325965980e+00 -7.843445660151456e-05  1.000000325965980e+00 -7.843445660151456e-05  1.000000325965922e+00 -7.843445660151109e-05 -4.999617219947130e-01 -5.417678371275932e-03 -4.999615275309784e-01 -5.417676605129334e-03 -4.999616454258160e-01 -5.417677677505423e-03 -4.999625886493463e-01 -5.417686076173351e-03  3.998421735258157e+00  1.211498236422045e-02  3.998421735258388e+00  1.211498236422050e-02  3.998421735258388e+00  1.211498236422050e-02  3.998421735258156e+00  1.211498236422043e-02  3.494946234454125e+00  6.200970166272573e-03  3.494946234454327e+00  6.200970166272399e-03  3.494946234454327e+00  6.200970166272397e-03  3.494946234454124e+00  6.200970166272564e-03  3.494597441513127e+00  5.798528237894936e-03  3.494597441513329e+00  5.798528237894738e-03  3.494597441513329e+00  5.798528237894737e-03  3.494597441513126e+00  5.798528237894927e-03 
 1.883649089489811e+01  1.000000064432816e+00 -3.836118817484560e-07  9.000001226801514e-01 -3.976662000126612e-06  9.000000654209220e-01 -4.659377530342748e-06  1.010000065442639e+00  1.209420271688301e-04  9.000001273451445e-01  1.030205265291717e-04  2.493457312424674e-05 -3.536713594793134e-03  2.505706456940038e-05 -3.536712488544562e-03  2.498286499930114e-05 -3.536713159662026e-03  2.438922783859487e-05 -3.536718418356512e-03  1.000000328186234e+00 -8.072479476155356e-05  1.000000328186292e+00 -8.072479476155703e-05  1.000000328186292e+00 -8.072479476155703e-05  1.000000328186234e+00 -8.072479476155009e-05 -4.999623617848188e-01 -5.258787509245852e-03 -4.999621780477763e-01 -5.258785836035374e-03 -4.999622893470554e-01 -5.258786851093750e-03 -4.999631798022022e-01 -5.258794806197526e-03  3.998423020737365e+00  1.183509549093066e-02  3.998423020737596e+00  1.183509549093074e-02  3.998423020737597e+00  1.183509549093074e-02  3.998423020737365e+00  1.183509549093066e-02  3.494947078210623e+00  5.854614123333480e-03  3.494947078210825e+00  5.854614123333317e-03  3.494947078210826e+00  5.854614123333318e-03  3.494947078210623e+00  5.854614123333481e-03  3.494598262281620e+00  5.440473318841582e-03  3.494598262281821e+00  5.440473318841395e-03  3.494598262281822e+00  5.440473318841395e-03  3.494598262281620e+00  5.440473318841583e-03 
 1.938652635952218e+01  1.000000064878900e+00 -3.948135822560532e-07  9.000001234761568e-01 -4.092782685655085e-06  9.000000658212911e-01 -4.795433840766311e-06  1.010000065989182e+00  1.244735973169267e-04  9.000001282459776e-01  1.060287794266627e-04  2.453273142022372e-05 -3.434591748487257e-03  2.464847175215334e-05 -3.434590699759163e-03  2.457842305925162e-05 -3.434591335396031e-03  2.401799719858877e-05 -3.434596319361061e-03  1.000000330538106e+00 -8.308201178604150e-05  1.000000330538164e+00 -8.308201178604497e-05  1.000000330538164e+00 -8.308201178604150e-05  1.000000330538106e+00 -8.308201178603805e-05 -4.999629658759530e-01 -5.104253296844542e-03 -4.999627922655766e-01 -5.104251710295642e-03 -4.999628973385423e-01 -5.104252671895281e-03 -4.999637379767538e-01 -5.104260213001748e-03  3.998424237235130e+00  1.156501346192496e-02  3.998424237235362e+00  1.156501346192505e-02  3.998424237235362e+00  1.156501346192504e-02  3.998424237235131e+00  1.156501346192497e-02  3.494947851144549e+00  5.513108301877036e-03  3.494947851144751e+00  5.513108301876878e-03  3.494947851144752e+00  5.513108301876867e-03  3.494947851144550e+00  5.513108301877048e-03  3.494599010877472e+00  5.086925517624466e-03  3.494599010877674e+00  5.086925517624283e-03  3.494599010877675e+00  5.086925517624272e-03  3.494599010877473e+00  5.086925517624478e-03 
 1.995262314968891e+01  1.000000065351416e+00 -4.063423820429506e-07  9.000001243193289e-01 -4.212294162494629e-06  9.000000662453836e-01 -4.935463070705282e-06  1.010000066581916e+00  1.281082911989692e-04  9.000001292001878e-01  1.091248749201671e-04  2.415340666983568e-05 -3.335315300387223e-03  2.426277353062556e-05 -3.335314305335426e-03  2.419664431962953e-05 -3.335314907848232e-03  2.366757119059981e-05 -3.335319635268653e-03  1.000000333029333e+00 -8.550806058637970e-05  1.000000333029390e+00 -8.550806058637970e-05  1.000000333029390e+00 -8.550806058638664e-05  1.000000333029332e+00 -8.550806058637623e-05 -4.999635362703896e-01 -4.953947717671772e-03 -4.999633722202177e-01 -4.953946212007037e-03 -4.999634714139618e-01 -4.953947123689393e-03 -4.999642650230901e-01 -4.953954278129895e-03  3.998425388782817e+00  1.130451254319400e-02  3.998425388783046e+00  1.130451254319413e-02  3.998425388783046e+00  1.130451254319409e-02  3.998425388782814e+00  1.130451254319403e-02  3.494948555817178e+00  5.176169793786721e-03  3.494948555817379e+00  5.176169793786585e-03  3.494948555817379e+00  5.176169793786547e-03  3.494948555817176e+00  5.176169793786749e-03  3.494599689781288e+00  4.737591949888776e-03  3.494599689781488e+00  4.737591949888615e-03  3.494599689781488e+00  4.737591949888578e-03  3.494599689781285e+00  4.737591949888805e-03 
 2.053525026457158e+01  1.000000065851931e+00 -4.182078304039365e-07  9.000001252124616e-01 -4.335295441879098e-06  9.000000666946052e-01 -5.079581229560923e-06  1.010000067185537e+00  1.318491200847922e-04  9.000001302109388e-01  1.123113780615315e-04  2.379534159113739e-05 -3.238802009355996e-03  2.389869149754809e-05 -3.238801064419785e-03  2.383626168883657e-05 -3.238801636001531e-03  2.333678831367703e-05 -3.238806123673762e-03  1.000000335668171e+00 -8.800495109842236e-05  1.000000335668229e+00 -8.800495109842930e-05  1.000000335668229e+00 -8.800495109842930e-05  1.000000335668171e+00 -8.800495109842236e-05 -4.999640748587161e-01 -4.807746257681569e-03 -4.999639198339728e-01 -4.807744827549086e-03 -4.999640134786159e-01 -4.807745692610315e-03 -4.999647626881259e-01 -4.807752485631825e-03  3.998426479198496e+00  1.105337693655690e-02  3.998426479198727e+00  1.105337693655697e-02  3.998426479198726e+00  1.105337693655697e-02  3.998426479198494e+00  1.105337693655689e-02  3.494949194565198e+00  4.843519473529679e-03  3.494949194565400e+00  4.843519473529487e-03  3.494949194565399e+00  4.843519473529488e-03  3.494949194565196e+00  4.843519473529673e-03  3.494600301244344e+00  4.392183221370118e-03  3.494600301244546e+00  4.392183221369899e-03  3.494600301244545e+00  4.392183221369901e-03  3.494600301244342e+00  4.392183221370112e-03 
 2.113489039836659e+01  1.000000066382102e+00 -4.304197591940119e-07  9.000001261585163e-01 -4.461888429490503e-06  9.000000671704447e-01 -5.227907717615776e-06  1.010000067821528e+00  1.356991831704508e-04  9.000001312815810e-01  1.155909288002885e-04  2.345734936581856e-05 -3.144971922870912e-03  2.355501889278466e-05 -3.144971024753998e-03  2.349608164370354e-05 -3.144971567427899e-03  2.302455217406685e-05 -3.144975830889697e-03  1.000000338463369e+00 -9.057475195319734e-05  1.000000338463427e+00 -9.057475195320081e-05  1.000000338463427e+00 -9.057475195320081e-05  1.000000338463369e+00 -9.057475195320081e-05 -4.999645834261014e-01 -4.665527802097424e-03 -4.999644369219243e-01 -4.665526442542221e-03 -4.999645253277294e-01 -4.665527264023504e-03 -4.999652326213936e-01 -4.665533718983626e-03  3.998427512095685e+00  1.081139860101119e-02  3.998427512095916e+00  1.081139860101127e-02  3.998427512095915e+00  1.081139860101129e-02  3.998427512095683e+00  1.081139860101121e-02  3.494949769505148e+00  4.514881767045409e-03  3.494949769505350e+00  4.514881767045220e-03  3.494949769505349e+00  4.514881767045235e-03  3.494949769505146e+00  4.514881767045424e-03  3.494600847292741e+00  4.050413188278513e-03  3.494600847292943e+00  4.050413188278297e-03  3.494600847292942e+00  4.050413188278311e-03  3.494600847292739e+00  4.050413188278527e-03 
 2.175204034019535e+01  1.000000066943689e+00 -4.429882854502960e-07  9.000001271606278e-01 -4.592178005084185e-06  9.000000676744794e-01 -5.380565419983260e-06  1.010000068482863e+00  1.396616701525135e-04  9.000001324156612e-01  1.189662441756198e-04  2.313830970696040e-05 -3.053747310829798e-03  2.323061660203241e-05 -3.053746456482600e-03  2.317497740106367e-05 -3.053746972111298e-03  2.272982785139765e-05 -3.053751025746676e-03  1.000000341424191e+00 -9.321959218529484e-05  1.000000341424249e+00 -9.321959218530004e-05  1.000000341424249e+00 -9.321959218530004e-05  1.000000341424191e+00 -9.321959218529831e-05 -4.999650636582090e-01 -4.527174535141660e-03 -4.999649251979777e-01 -4.527173241579109e-03 -4.999650086567119e-01 -4.527174022280483e-03 -4.999656763805079e-01 -4.527180160804865e-03  3.998428490897378e+00  1.057837708054022e-02  3.998428490897609e+00  1.057837708054030e-02  3.998428490897609e+00  1.057837708054030e-02  3.998428490897377e+00  1.057837708054023e-02  3.494950282542212e+00  4.189984423600204e-03  3.494950282542414e+00  4.189984423600000e-03  3.494950282542414e+00  4.189984423600001e-03  3.494950282542211e+00  4.189984423600210e-03  3.494601329735900e+00  3.711998720398381e-03  3.494601329736102e+00  3.711998720398149e-03  3.494601329736102e+00  3.711998720398151e-03  3.494601329735899e+00  3.711998720398387e-03 
 2.238721138568353e+01  1.000000067538552e+00 -4.559238257189891e-07  9.000001282221185e-01 -4.726272114625823e-06  9.000000682083802e-01 -5.537680813766199e-06  1.010000069219262e+00  1.437398638635075e-04  9.000001336169408e-01  1.224401205621023e-04  2.283716514517309e-05 -2.965052601201739e-03  2.292440938184148e-05 -2.965051787807560e-03  2.287188212890534e-05 -2.965052278136356e-03  2.245163846792408e-05 -2.965056135237140e-03  1.000000344560452e+00 -9.594166300286529e-05  1.000000344560509e+00 -9.594166300286876e-05  1.000000344560509e+00 -9.594166300286703e-05  1.000000344560452e+00 -9.594166300286703e-05 -4.999655171467875e-01 -4.392571842497251e-03 -4.999653862805417e-01 -4.392570610692329e-03 -4.999654650713553e-01 -4.392571353237982e-03 -4.999660954363292e-01 -4.392577195312252e-03  3.998429418849757e+00  1.035411933818788e-02  3.998429418849990e+00  1.035411933818794e-02  3.998429418849989e+00  1.035411933818796e-02  3.998429418849757e+00  1.035411933818787e-02  3.494950735378438e+00  3.868558290380616e-03  3.494950735378642e+00  3.868558290380391e-03  3.494950735378641e+00  3.868558290380405e-03  3.494950735378438e+00  3.868558290380609e-03  3.494601750174463e+00  3.376659466671081e-03  3.494601750174667e+00  3.376659466670828e-03  3.494601750174666e+00  3.376659466670842e-03  3.494601750174463e+00  3.376659466671074e-03 
 2.304092976055859e+01  1.000000068168662e+00 -4.692370925485411e-07  9.000001293465060e-01 -4.864281848866755e-06  9.000000687739165e-01 -5.699384061917613e-06  1.010000069966626e+00  1.479371430063592e-04  9.000001348893990e-01  1.260154359973279e-04  2.255291752395472e-05 -2.878814317465209e-03  2.263538229629880e-05 -2.878813542412565e-03  2.258579407238281e-05 -2.878814009030194e-03  2.218906195017301e-05 -2.878817681926410e-03  1.000000347882545e+00 -9.874321959069381e-05  1.000000347882602e+00 -9.874321959070249e-05  1.000000347882602e+00 -9.874321959070075e-05  1.000000347882545e+00 -9.874321959069555e-05 -4.999659453949439e-01 -4.261608216430358e-03 -4.999658216978922e-01 -4.261607042456135e-03 -4.999658960801638e-01 -4.261607749234845e-03 -4.999664911778399e-01 -4.261613313400946e-03  3.998430299026395e+00  1.013843959622258e-02  3.998430299026626e+00  1.013843959622268e-02  3.998430299026626e+00  1.013843959622268e-02  3.998430299026394e+00  1.013843959622260e-02  3.494951129512978e+00  3.550337089621791e-03  3.494951129513180e+00  3.550337089621589e-03  3.494951129513180e+00  3.550337089621589e-03  3.494951129512977e+00  3.550337089621808e-03  3.494602110000200e+00  3.044117623049513e-03  3.494602110000402e+00  3.044117623049282e-03  3.494602110000402e+00  3.044117623049282e-03  3.494602110000199e+00  3.044117623049530e-03 
 2.371373705661670e+01  1.000000068836109e+00 -4.829391196047112e-07  9.000001305375178e-01 -5.006321549947575e-06  9.000000693729627e-01 -5.865809135694114e-06  1.010000070774391e+00  1.522569849339066e-04  9.000001362372565e-01  1.296951525517269e-04  2.228462469128223e-05 -2.794961017767450e-03  2.236257735233060e-05 -2.794960278636286e-03  2.231576355021803e-05 -2.794960723028811e-03  2.194122797477549e-05 -2.794964223133003e-03  1.000000351401483e+00 -1.016265829951180e-04  1.000000351401541e+00 -1.016265829951249e-04  1.000000351401541e+00 -1.016265829951249e-04  1.000000351401483e+00 -1.016265829951180e-04 -4.999663498221277e-01 -4.134175163449928e-03 -4.999662328932413e-01 -4.134174043666882e-03 -4.999663031138811e-01 -4.134174716913452e-03 -4.999668649167468e-01 -4.134180020335582e-03  3.998431134345773e+00  9.931159182363690e-03  3.998431134346004e+00  9.931159182363780e-03  3.998431134346003e+00  9.931159182363780e-03  3.998431134345772e+00  9.931159182363690e-03  3.494951466253101e+00  3.235057198139860e-03  3.494951466253303e+00  3.235057198139644e-03  3.494951466253303e+00  3.235057198139644e-03  3.494951466253100e+00  3.235057198139861e-03  3.494602410406659e+00  2.714097702483687e-03  3.494602410406861e+00  2.714097702483441e-03  3.494602410406860e+00  2.714097702483441e-03  3.494602410406658e+00  2.714097702483688e-03 
 2.440619068041995e+01  1.000000069543104e+00 -4.970412585682910e-07  9.000001317991017e-01 -5.152508895161603e-06  9.000000700075050e-01 -6.037093914629397e-06  1.010000071634973e+00  1.567029685446751e-04  9.000001376649790e-01  1.334823187935776e-04  2.203139737810833e-05 -2.713423235771817e-03  2.210509032452013e-05 -2.713422530316544e-03  2.206089611439532e-05 -2.713422953858903e-03  2.170731508166490e-05 -2.713426291747440e-03  1.000000355128930e+00 -1.045941420346996e-04  1.000000355128988e+00 -1.045941420347030e-04  1.000000355128988e+00 -1.045941420347030e-04  1.000000355128930e+00 -1.045941420347013e-04 -4.999667317688311e-01 -4.010167114482373e-03 -4.999666212295145e-01 -4.010166045512936e-03 -4.999666875207676e-01 -4.010166687295235e-03 -4.999672178918287e-01 -4.010171745882134e-03  3.998431927576159e+00  9.732106381838232e-03  3.998431927576389e+00  9.732106381838341e-03  3.998431927576390e+00  9.732106381838341e-03  3.998431927576157e+00  9.732106381838232e-03  3.494951746714589e+00  2.922457429038418e-03  3.494951746714790e+00  2.922457429038213e-03  3.494951746714791e+00  2.922457429038211e-03  3.494951746714588e+00  2.922457429038419e-03  3.494602652389194e+00  2.386326306802398e-03  3.494602652389394e+00  2.386326306802162e-03  3.494602652389395e+00  2.386326306802160e-03  3.494602652389192e+00  2.386326306802400e-03 
 2.511886431509596e+01  1.000000070291992e+00 -5.115551925438095e-07  9.000001331354394e-01 -5.302964998010768e-06  9.000000706796463e-01 -6.213380304368420e-06  1.010000072540585e+00  1.612787772430423e-04  9.000001391772996e-01  1.373800723111127e-04  2.179239624899854e-05 -2.634133423142664e-03  2.186206776050303e-05 -2.634132749283604e-03  2.182034579584213e-05 -2.634133153251431e-03  2.148654795230964e-05 -2.634136338723003e-03  1.000000359077241e+00 -1.076483552834761e-04  1.000000359077299e+00 -1.076483552834865e-04  1.000000359077299e+00 -1.076483552834813e-04  1.000000359077241e+00 -1.076483552834761e-04 -4.999670925010365e-01 -3.889481337462173e-03 -4.999669879938705e-01 -3.889480316177894e-03 -4.999670505767571e-01 -3.889480928414854e-03 -4.999675512730425e-01 -3.889485756907309e-03  3.998432681347655e+00  9.541116295243637e-03  3.998432681347885e+00  9.541116295243726e-03  3.998432681347885e+00  9.541116295243741e-03  3.998432681347654e+00  9.541116295243637e-03  3.494951971827791e+00  2.612278815459748e-03  3.494951971827993e+00  2.612278815459513e-03  3.494951971827993e+00  2.612278815459528e-03  3.494951971827790e+00  2.612278815459749e-03  3.494602836750611e+00  2.060531900351249e-03  3.494602836750813e+00  2.060531900350982e-03  3.494602836750813e+00  2.060531900350997e-03  3.494602836750610e+00  2.060531900351250e-03 
 2.585234839562207e+01  1.000000071085254e+00 -5.264929480762385e-07  9.000001345509603e-01 -5.457814510701015e-06  9.000000713916148e-01 -6.394814356337286e-06  1.010000073511636e+00  1.659882019880669e-04  9.000001407792310e-01  1.413916423098040e-04  2.156682912157759e-05 -2.557025893600043e-03  2.163270414784479e-05 -2.557025249409112e-03  2.159331663892372e-05 -2.557025634978582e-03  2.127819484110116e-05 -2.557028677140727e-03  1.000000363259503e+00 -1.107917531101779e-04  1.000000363259561e+00 -1.107917531101865e-04  1.000000363259561e+00 -1.107917531101865e-04  1.000000363259503e+00 -1.107917531101813e-04 -4.999674332144115e-01 -3.772017852244926e-03 -4.999673344019718e-01 -3.772016875744984e-03 -4.999673934831758e-01 -3.772017460205995e-03 -4.999678661654008e-01 -3.772022072307046e-03  3.998433398157645e+00  9.358030701964594e-03  3.998433398157875e+00  9.358030701964682e-03  3.998433398157875e+00  9.358030701964682e-03  3.998433398157644e+00  9.358030701964587e-03  3.494952142338018e+00  2.304264396110013e-03  3.494952142338219e+00  2.304264396109770e-03  3.494952142338219e+00  2.304264396109771e-03  3.494952142338017e+00  2.304264396110008e-03  3.494602964101150e+00  1.736444585109553e-03  3.494602964101352e+00  1.736444585109277e-03  3.494602964101351e+00  1.736444585109278e-03  3.494602964101150e+00  1.736444585109548e-03 
 2.660725059798827e+01  1.000000071925520e+00 -5.418668981696739e-07  9.000001360503546e-01 -5.617185721113049e-06  9.000000721457690e-01 -6.581546382493503e-06  1.010000074511439e+00  1.708351444426166e-04  9.000001424760812e-01  1.455203522940126e-04  2.135394834096305e-05 -2.482036768545966e-03  2.141623924872826e-05 -2.482036152231332e-03  2.137905573978971e-05 -2.482036520501006e-03  2.108156514862847e-05 -2.482039427794126e-03  1.000000367689578e+00 -1.140269397678936e-04  1.000000367689636e+00 -1.140269397679005e-04  1.000000367689636e+00 -1.140269397678953e-04  1.000000367689578e+00 -1.140269397678936e-04 -4.999677550382692e-01 -3.657679347848206e-03 -4.999676616020057e-01 -3.657678413436395e-03 -4.999677173772105e-01 -3.657678971774335e-03 -4.999681636126337e-01 -3.657683380185083e-03  3.998434080382363e+00  9.182697929239111e-03  3.998434080382594e+00  9.182697929239205e-03  3.998434080382594e+00  9.182697929239222e-03  3.998434080382363e+00  9.182697929239101e-03  3.494952258810692e+00  1.998159002539537e-03  3.494952258810893e+00  1.998159002539290e-03  3.494952258810893e+00  1.998159002539304e-03  3.494952258810692e+00  1.998159002539529e-03  3.494603034863177e+00  1.413795877257067e-03  3.494603034863379e+00  1.413795877256786e-03  3.494603034863379e+00  1.413795877256800e-03  3.494603034863177e+00  1.413795877257058e-03 
 2.738419634264379e+01  1.000000072815574e+00 -5.576897843676616e-07  9.000001376385945e-01 -5.781210669774041e-06  9.000000729446104e-01 -6.773731090503153e-06  1.010000075588286e+00  1.758236201915072e-04  9.000001442734772e-01  1.497696228097607e-04  2.115304830097031e-05 -2.409103924157237e-03  2.121195557786004e-05 -2.409103334054784e-03  2.117685257690960e-05 -2.409103686038052e-03  2.089600713223172e-05 -2.409106466309621e-03  1.000000372382150e+00 -1.173565955634901e-04  1.000000372382208e+00 -1.173565955634970e-04  1.000000372382208e+00 -1.173565955634970e-04  1.000000372382150e+00 -1.173565955634901e-04 -4.999680590393147e-01 -3.546371101847854e-03 -4.999679706784965e-01 -3.546370207019760e-03 -4.999680233329398e-01 -3.546370740759672e-03 -4.999684446006507e-01 -3.546374957290620e-03  3.998434730283348e+00  9.014972726507579e-03  3.998434730283578e+00  9.014972726507678e-03  3.998434730283578e+00  9.014972726507677e-03  3.998434730283347e+00  9.014972726507574e-03  3.494952321632090e+00  1.693709047797513e-03  3.494952321632292e+00  1.693709047797261e-03  3.494952321632292e+00  1.693709047797260e-03  3.494952321632090e+00  1.693709047797509e-03  3.494603049271459e+00  1.092318484802463e-03  3.494603049271661e+00  1.092318484802176e-03  3.494603049271661e+00  1.092318484802176e-03  3.494603049271459e+00  1.092318484802460e-03 
 2.818382931264472e+01  1.000000073758369e+00 -5.739747154407213e-07  9.000001393209441e-01 -5.950025248595401e-06  9.000000737907865e-01 -6.971527701231615e-06  1.010000076733320e+00  1.809577620827211e-04  9.000001461773754e-01  1.541429742892660e-04  2.096346310598296e-05 -2.338166939939402e-03  2.101917602409520e-05 -2.338166374499041e-03  2.098603665201537e-05 -2.338166711149166e-03  2.072090574722907e-05 -2.338169371677978e-03  1.000000377352775e+00 -1.207834790665443e-04  1.000000377352833e+00 -1.207834790665512e-04  1.000000377352833e+00 -1.207834790665478e-04  1.000000377352775e+00 -1.207834790665443e-04 -4.999683462251784e-01 -3.438000901941659e-03 -4.999682626558968e-01 -3.438000044364139e-03 -4.999683123648983e-01 -3.438000554940771e-03 -4.999687100608060e-01 -3.438004590548235e-03  3.998435350014929e+00  8.854716145189078e-03  3.998435350015160e+00  8.854716145189201e-03  3.998435350015160e+00  8.854716145189203e-03  3.998435350014928e+00  8.854716145189078e-03  3.494952331010635e+00  1.390662316492405e-03  3.494952331010837e+00  1.390662316492162e-03  3.494952331010837e+00  1.390662316492166e-03  3.494952331010634e+00  1.390662316492407e-03  3.494603007373953e+00  7.717460862949460e-04  3.494603007374155e+00  7.717460862946676e-04  3.494603007374155e+00  7.717460862946710e-04  3.494603007373952e+00  7.717460862949479e-04 
 2.900681198693173e+01  1.000000074757026e+00 -5.907351828487969e-07  9.000001411029784e-01 -6.123769317539431e-06  9.000000746871007e-01 -7.175100084796912e-06  1.010000077937343e+00  1.862418236457932e-04  9.000001481940866e-01  1.586440299634688e-04  2.078456436366283e-05 -2.269167048689719e-03  2.083726160800881e-05 -2.269166506476150e-03  2.080597709741561e-05 -2.269166828658535e-03  2.055568060849167e-05 -2.269169376234534e-03  1.000000382617925e+00 -1.243104293994080e-04  1.000000382617983e+00 -1.243104293994080e-04  1.000000382617983e+00 -1.243104293994098e-04  1.000000382617925e+00 -1.243104293994028e-04 -4.999686175477561e-01 -3.332478969581130e-03 -4.999685385019840e-01 -3.332478147093430e-03 -4.999685854286936e-01 -3.332478635809341e-03 -4.999689608729842e-01 -3.332482500715554e-03  3.998435941630046e+00  8.701795423602892e-03  3.998435941630278e+00  8.701795423603045e-03  3.998435941630277e+00  8.701795423603031e-03  3.998435941630045e+00  8.701795423602920e-03  3.494952286976418e+00  1.088767755929979e-03  3.494952286976621e+00  1.088767755929749e-03  3.494952286976620e+00  1.088767755929739e-03  3.494952286976417e+00  1.088767755930003e-03  3.494602909030792e+00  4.518131102819754e-04  3.494602909030995e+00  4.518131102817082e-04  3.494602909030995e+00  4.518131102816985e-04  3.494602909030792e+00  4.518131102819999e-04 
 2.985382618917979e+01  1.000000075814858e+00 -6.079850746757220e-07  9.000001429906055e-01 -6.302586823047302e-06  9.000000756365254e-01 -7.384616898814506e-06  1.010000079219213e+00  1.916801826124769e-04  9.000001503302952e-01  1.632765188612813e-04  2.061575910272673e-05 -2.202047087838328e-03  2.066560936175854e-05 -2.202046567507637e-03  2.063607485908170e-05 -2.202046876050539e-03  2.039978406492837e-05 -2.202049316965899e-03  1.000000388195054e+00 -1.279403685924442e-04  1.000000388195112e+00 -1.279403685924512e-04  1.000000388195112e+00 -1.279403685924512e-04  1.000000388195054e+00 -1.279403685924442e-04 -4.999688739063643e-01 -3.229717885633175e-03 -4.999687991310688e-01 -3.229717096211832e-03 -4.999688434327673e-01 -3.229717564314112e-03 -4.999691978685222e-01 -3.229721267993208e-03  3.998436507091359e+00  8.556083877047874e-03  3.998436507091592e+00  8.556083877047977e-03  3.998436507091590e+00  8.556083877047982e-03  3.998436507091359e+00  8.556083877047874e-03  3.494952189384908e+00  7.877752682383983e-04  3.494952189385112e+00  7.877752682381150e-04  3.494952189385110e+00  7.877752682381219e-04  3.494952189384908e+00  7.877752682383992e-04  3.494602753917437e+00  1.322545154118378e-04  3.494602753917641e+00  1.322545154115163e-04  3.494602753917639e+00  1.322545154115235e-04  3.494602753917437e+00  1.322545154118387e-04 
 3.072557365267467e+01  1.000000076935371e+00 -6.257386846523499e-07  9.000001449900814e-01 -6.486625915005323e-06  9.000000766422075e-01 -7.600251725892403e-06  1.010000080597384e+00  1.972773445465983e-04  9.000001525930821e-01  1.680442789012981e-04  2.045648780590881e-05 -2.136751452094234e-03  2.050365033295920e-05 -2.136750952398477e-03  2.047576883529301e-05 -2.136751248053602e-03  2.025269938649155e-05 -2.136753588187894e-03  1.000000394102649e+00 -1.316763040023757e-04  1.000000394102707e+00 -1.316763040023844e-04  1.000000394102707e+00 -1.316763040023826e-04  1.000000394102649e+00 -1.316763040023757e-04 -4.999691161507218e-01 -3.129632517962379e-03 -4.999690454070234e-01 -3.129631759728080e-03 -4.999690872292154e-01 -3.129632208348504e-03 -4.999694218329577e-01 -3.129635759655055e-03  3.998437048271553e+00  8.417460792868573e-03  3.998437048271784e+00  8.417460792868673e-03  3.998437048271783e+00  8.417460792868698e-03  3.998437048271553e+00  8.417460792868573e-03  3.494952037911379e+00  4.874355032672782e-04  3.494952037911582e+00  4.874355032669834e-04  3.494952037911581e+00  4.874355032670062e-04  3.494952037911379e+00  4.874355032672782e-04  3.494602541518506e+00 -1.871944290395401e-04  3.494602541518709e+00 -1.871944290398741e-04  3.494602541518709e+00 -1.871944290398511e-04  3.494602541518506e+00 -1.871944290395401e-04 
 3.162277660168400e+01  1.000000078122278e+00 -6.440107153268727e-07  9.000001471080334e-01 -6.676039061760268e-06  9.000000777074795e-01 -7.822183209636632e-06  1.010000082004612e+00  2.030379465873600e-04  9.000001549899479e-01  1.729512600791911e-04  2.030622255788650e-05 -2.073226047405685e-03  2.035084769724804e-05 -2.073225567182056e-03  2.032452618078162e-05 -2.073225850662415e-03  2.011393904993719e-05 -2.073228095477290e-03  1.000000400360289e+00 -1.355213307955291e-04  1.000000400360347e+00 -1.355213307955361e-04  1.000000400360347e+00 -1.355213307955361e-04  1.000000400360289e+00 -1.355213307955274e-04 -4.999693450837638e-01 -3.032139950947217e-03 -4.999692781461454e-01 -3.032139222148559e-03 -4.999693176283667e-01 -3.032139652361008e-03 -4.999696335086378e-01 -3.032143059521437e-03  3.998437566965562e+00  8.285811330577767e-03  3.998437566965792e+00  8.285811330577889e-03  3.998437566965792e+00  8.285811330577890e-03  3.998437566965560e+00  8.285811330577765e-03  3.494951832054725e+00  1.874996521856649e-04  3.494951832054927e+00  1.874996521853800e-04  3.494951832054927e+00  1.874996521853818e-04  3.494951832054724e+00  1.874996521856661e-04  3.494602271130951e+00 -5.067983623061481e-04  3.494602271131152e+00 -5.067983623064731e-04  3.494602271131152e+00 -5.067983623064713e-04  3.494602271130949e+00 -5.067983623061466e-04 
 3.254617834980480e+01  1.000000079379513e+00 -6.628163128733918e-07  9.000001493514820e-01 -6.870983196731696e-06  9.000000788358727e-01 -8.050595223019318e-06  1.010000083515295e+00  2.089667612636955e-04  9.000001575288363e-01  1.780015277199455e-04  2.016446529351512e-05 -2.011418246151436e-03  2.020669497942995e-05 -2.011417784314768e-03  2.018184633989506e-05 -2.011418056275809e-03  1.998304312383903e-05 -2.011420210873510e-03  1.000000406988717e+00 -1.394786345348006e-04  1.000000406988775e+00 -1.394786345348075e-04  1.000000406988775e+00 -1.394786345348093e-04  1.000000406988717e+00 -1.394786345347988e-04 -4.999695614643060e-01 -2.937159416785454e-03 -4.999694981198673e-01 -2.937158715787675e-03 -4.999695353927733e-01 -2.937159128579422e-03 -4.999698335971774e-01 -2.937162399280213e-03  3.998438064892053e+00  8.161026426615517e-03  3.998438064892284e+00  8.161026426615637e-03  3.998438064892283e+00  8.161026426615635e-03  3.998438064892052e+00  8.161026426615510e-03  3.494951571132185e+00 -1.122807586437655e-04  3.494951571132387e+00 -1.122807586440643e-04  3.494951571132387e+00 -1.122807586440663e-04  3.494951571132185e+00 -1.122807586437704e-04  3.494601941858124e+00 -8.268220513636059e-04  3.494601941858326e+00 -8.268220513639460e-04  3.494601941858325e+00 -8.268220513639480e-04  3.494601941858123e+00 -8.268220513636108e-04 
 3.349654391578299e+01  1.000000080711245e+00 -6.821710602246854e-07  9.000001517278632e-01 -7.071619831016509e-06  9.000000800311276e-01 -8.285677003240143e-06  1.010000085146481e+00  2.150687004717607e-04  9.000001602181632e-01  1.831992658632976e-04  2.003074614798095e-05 -1.951276843559304e-03  2.007071437459818e-05 -1.951276399095219e-03  2.004725604526358e-05 -1.951276660154262e-03  1.985957774269798e-05 -1.951278729284793e-03  1.000000414009903e+00 -1.435514937997690e-04  1.000000414009961e+00 -1.435514937997760e-04  1.000000414009961e+00 -1.435514937997760e-04  1.000000414009903e+00 -1.435514937997707e-04 -4.999697660095579e-01 -2.844612228618344e-03 -4.999697060573072e-01 -2.844611553893047e-03 -4.999697412447486e-01 -2.844611950194130e-03 -4.999700227617873e-01 -2.844615091592398e-03  3.998438543701720e+00  8.043002704147054e-03  3.998438543701952e+00  8.043002704147191e-03  3.998438543701952e+00  8.043002704147192e-03  3.998438543701720e+00  8.043002704147040e-03  3.494951254279177e+00 -4.121540732986053e-04  3.494951254279379e+00 -4.121540732989022e-04  3.494951254279379e+00 -4.121540732989005e-04  3.494951254279176e+00 -4.121540732986160e-04  3.494601552608895e+00 -1.147530610052828e-03  3.494601552609097e+00 -1.147530610053167e-03  3.494601552609097e+00 -1.147530610053166e-03  3.494601552608894e+00 -1.147530610052838e-03 
 3.447466065731518e+01  1.000000082121887e+00 -7.020909859727488e-07  9.000001542450543e-01 -7.278115183588537e-06  9.000000812972059e-01 -8.527623304897448e-06  1.010000086829416e+00  2.213488195492039e-04  9.000001630668433e-01  1.885487807337933e-04  1.990462189888076e-05 -1.892752015290147e-03  1.994245516528936e-05 -1.892751587253909e-03  1.992030976605275e-05 -1.892751837980090e-03  1.974313367147928e-05 -1.892753826085786e-03  1.000000421447121e+00 -1.477432828990803e-04  1.000000421447178e+00 -1.477432828990907e-04  1.000000421447178e+00 -1.477432828990890e-04  1.000000421447120e+00 -1.477432828990821e-04 -4.999699593974996e-01 -2.754421715351247e-03 -4.999699026476884e-01 -2.754421065474680e-03 -4.999699358657356e-01 -2.754421446142618e-03 -4.999702016294668e-01 -2.754424464933185e-03  3.998439004981179e+00  7.931642387448468e-03  3.998439004981410e+00  7.931642387448600e-03  3.998439004981410e+00  7.931642387448598e-03  3.998439004981179e+00  7.931642387448460e-03  3.494950880445157e+00 -7.123687119136397e-04  3.494950880445360e+00 -7.123687119139528e-04  3.494950880445360e+00 -7.123687119139543e-04  3.494950880445157e+00 -7.123687119136470e-04  3.494601102092762e+00 -1.469189718579918e-03  3.494601102092964e+00 -1.469189718580275e-03  3.494601102092964e+00 -1.469189718580276e-03  3.494601102092762e+00 -1.469189718579925e-03 
 3.548133892335780e+01  1.000000083616114e+00 -7.225926023338611e-07  9.000001569113986e-01 -7.490640341221804e-06  9.000000826383043e-01 -8.776634583556115e-06  1.010000088636867e+00  2.278123214335381e-04  9.000001660843177e-01  1.940545042862247e-04  1.978567449839597e-05 -1.835795276178592e-03  1.982149222673479e-05 -1.835794863685121e-03  1.980058593553657e-05 -1.835795104616269e-03  1.963332494692160e-05 -1.835797015839385e-03  1.000000429325020e+00 -1.520574746910613e-04  1.000000429325077e+00 -1.520574746910717e-04  1.000000429325078e+00 -1.520574746910717e-04  1.000000429325020e+00 -1.520574746910647e-04 -4.999701422691305e-01 -2.666513158149376e-03 -4.999700885426257e-01 -2.666512531787437e-03 -4.999701199020112e-01 -2.666512897632852e-03 -4.999703707930880e-01 -2.666515800059368e-03  3.998439450259966e+00  7.826853220851512e-03  3.998439450260196e+00  7.826853220851636e-03  3.998439450260198e+00  7.826853220851634e-03  3.998439450259967e+00  7.826853220851490e-03  3.494950448391575e+00 -1.013173376429702e-03  3.494950448391776e+00 -1.013173376430033e-03  3.494950448391778e+00 -1.013173376430039e-03  3.494950448391577e+00 -1.013173376429724e-03  3.494600588817012e+00 -1.792065843553835e-03  3.494600588817213e+00 -1.792065843554211e-03  3.494600588817215e+00 -1.792065843554218e-03  3.494600588817014e+00 -1.792065843553858e-03 
 3.651741272548403e+01  1.000000085198880e+00 -7.436928976536822e-07  9.000001597357330e-01 -7.709371381201608e-06  9.000000840588674e-01 -9.032917142764136e-06  1.010000090584142e+00  2.344645609983118e-04  9.000001692805888e-01  1.997209978964451e-04  1.967350968562487e-05 -1.780359440070225e-03  1.970742461754327e-05 -1.780359042288407e-03  1.968768823834566e-05 -1.780359273926259e-03  1.952978759878210e-05 -1.780361112141213e-03  1.000000437669713e+00 -1.564976434399331e-04  1.000000437669771e+00 -1.564976434399418e-04  1.000000437669771e+00 -1.564976434399418e-04  1.000000437669713e+00 -1.564976434399313e-04 -4.999703152305925e-01 -2.580813728554494e-03 -4.999702643582816e-01 -2.580813124454197e-03 -4.999702939627997e-01 -2.580813476233358e-03 -4.999705308133571e-01 -2.580816268136959e-03  3.998439881013611e+00  7.728548392410594e-03  3.998439881013841e+00  7.728548392410738e-03  3.998439881013842e+00  7.728548392410739e-03  3.998439881013610e+00  7.728548392410601e-03  3.494949956686098e+00 -1.314817256427679e-03  3.494949956686299e+00 -1.314817256428006e-03  3.494949956686299e+00 -1.314817256428006e-03  3.494949956686098e+00 -1.314817256427673e-03  3.494600011080101e+00 -2.116426458525615e-03  3.494600011080302e+00 -2.116426458525989e-03  3.494600011080302e+00 -2.116426458525989e-03  3.494600011080101e+00 -2.116426458525608e-03 
 3.758374042884468e+01  1.000000086875432e+00 -7.654093460808624e-07  9.000001627274204e-01 -7.934489513257027e-06  9.000000855636043e-01 -9.296683301010834e-06  1.010000092600617e+00  2.413110494948808e-04  9.000001726662515e-01  2.055529561444043e-04  1.956775568134894e-05 -1.726398580734776e-03  1.959987425209642e-05 -1.726398196891233e-03  1.958124249323845e-05 -1.726398419698056e-03  1.943217844413425e-05 -1.726400188533696e-03  1.000000446508860e+00 -1.610674677730114e-04  1.000000446508918e+00 -1.610674677730218e-04  1.000000446508918e+00 -1.610674677730218e-04  1.000000446508860e+00 -1.610674677730114e-04 -4.999704788551815e-01 -2.497252428158916e-03 -4.999704306774116e-01 -2.497251845154044e-03 -4.999704586250000e-01 -2.497252183563896e-03 -4.999706822206753e-01 -2.497254870416535e-03  3.998440298669863e+00  7.636646462031035e-03  3.998440298670094e+00  7.636646462031159e-03  3.998440298670094e+00  7.636646462031159e-03  3.998440298669862e+00  7.636646462031021e-03  3.494949403698997e+00 -1.617550235405109e-03  3.494949403699198e+00 -1.617550235405466e-03  3.494949403699198e+00 -1.617550235405467e-03  3.494949403698996e+00 -1.617550235405119e-03  3.494599366967150e+00 -2.442540265399916e-03  3.494599366967351e+00 -2.442540265400320e-03  3.494599366967351e+00 -2.442540265400321e-03  3.494599366967149e+00 -2.442540265399925e-03 
 3.868120546330550e+01  1.000000088651325e+00 -7.877599489970270e-07  9.000001658963767e-01 -8.166181253944433e-06  9.000000871575030e-01 -9.568151591886876e-06  1.010000094757064e+00  2.483574590857489e-04  9.000001762525274e-01  2.115552106792539e-04  1.946806195601836e-05 -1.673867993836787e-03  1.949848464605219e-05 -1.673867623201882e-03  1.948089553299726e-05 -1.673867837617208e-03  1.934017394933374e-05 -1.673869540463360e-03  1.000000455871759e+00 -1.657707337556869e-04  1.000000455871817e+00 -1.657707337556973e-04  1.000000455871817e+00 -1.657707337556973e-04  1.000000455871759e+00 -1.657707337556869e-04 -4.999706336852427e-01 -2.415760029800525e-03 -4.999705880512936e-01 -2.415759466790628e-03 -4.999706144349134e-01 -2.415759792493989e-03 -4.999708255168945e-01 -2.415762379408203e-03  3.998440704613340e+00  7.551071293926080e-03  3.998440704613570e+00  7.551071293926217e-03  3.998440704613570e+00  7.551071293926218e-03  3.998440704613339e+00  7.551071293926066e-03  3.494948787597651e+00 -1.921623097719691e-03  3.494948787597853e+00 -1.921623097720050e-03  3.494948787597853e+00 -1.921623097720049e-03  3.494948787597651e+00 -1.921623097719702e-03  3.494598654343503e+00 -2.770677416954788e-03  3.494598654343705e+00 -2.770677416955196e-03  3.494598654343705e+00 -2.770677416955195e-03  3.494598654343503e+00 -2.770677416954799e-03 
 3.981071705535001e+01  1.000000090532445e+00 -8.107632194751030e-07  9.000001692531048e-01 -8.404638553790153e-06  9.000000888458451e-01 -9.847546917725844e-06  1.010000097009811e+00  2.556096275807321e-04  9.000001800513024e-01  2.177327342497379e-04  1.937409806590518e-05 -1.622724159891823e-03  1.940291973540065e-05 -1.622723801785326e-03  1.938631511316791e-05 -1.622724008217179e-03  1.925346915804260e-05 -1.622725648257683e-03  1.000000465789443e+00 -1.706113379979996e-04  1.000000465789501e+00 -1.706113379980118e-04  1.000000465789501e+00 -1.706113379980118e-04  1.000000465789443e+00 -1.706113379979996e-04 -4.999707802339743e-01 -2.336269020213764e-03 -4.999707370015554e-01 -2.336268476172647e-03 -4.999707619084398e-01 -2.336268789784895e-03 -4.999709611769812e-01 -2.336271281563529e-03  3.998441100189293e+00  7.471751993665521e-03  3.998441100189524e+00  7.471751993665659e-03  3.998441100189524e+00  7.471751993665658e-03  3.998441100189293e+00  7.471751993665520e-03  3.494948106339821e+00 -2.227287736091150e-03  3.494948106340023e+00 -2.227287736091524e-03  3.494948106340023e+00 -2.227287736091523e-03  3.494948106339821e+00 -2.227287736091150e-03  3.494597870847000e+00 -3.101109740374065e-03  3.494597870847202e+00 -3.101109740374491e-03  3.494597870847201e+00 -3.101109740374490e-03  3.494597870847000e+00 -3.101109740374066e-03 
 4.097321098135445e+01  1.000000092525030e+00 -8.344382256950558e-07  9.000001728087316e-01 -8.650058981611636e-06  9.000000906342283e-01 -1.013510076120246e-05  1.010000099428067e+00  2.630735632394924e-04  9.000001840751700e-01  2.240906447987292e-04  1.928555256053288e-05 -1.572924708237957e-03  1.931286276229960e-05 -1.572924362015900e-03  1.929718739168695e-05 -1.572924560850346e-03  1.917177667892789e-05 -1.572926141062334e-03  1.000000476294787e+00 -1.755932909114675e-04  1.000000476294845e+00 -1.755932909114770e-04  1.000000476294845e+00 -1.755932909114762e-04  1.000000476294787e+00 -1.755932909114692e-04 -4.999709189871238e-01 -2.258713544121696e-03 -4.999708780219063e-01 -2.258713018077712e-03 -4.999709015349132e-01 -2.258713320181270e-03 -4.999710896505946e-01 -2.258715721316256e-03  3.998441486709170e+00  7.398622849366621e-03  3.998441486709401e+00  7.398622849366779e-03  3.998441486709400e+00  7.398622849366781e-03  3.998441486709169e+00  7.398622849366621e-03  3.494947357667754e+00 -2.534797360187208e-03  3.494947357667957e+00 -2.534797360187581e-03  3.494947357667956e+00 -2.534797360187578e-03  3.494947357667753e+00 -2.534797360187207e-03  3.494597013881020e+00 -3.434110962331739e-03  3.494597013881223e+00 -3.434110962332163e-03  3.494597013881222e+00 -3.434110962332161e-03  3.494597013881019e+00 -3.434110962331737e-03 
 4.216965034285853e+01  1.000000094635682e+00 -8.588045817015063e-07  9.000001765750426e-01 -8.902645865660589e-06  9.000000925285797e-01 -1.043105135457632e-05  1.010000101994911e+00  2.707554497796308e-04  9.000001883374660e-01  2.306342097259681e-04  1.920213194822606e-05 -1.524428381920564e-03  1.922801522546980e-05 -1.524428046981381e-03  1.921321694775546e-05 -1.524428238579663e-03  1.909482573647647e-05 -1.524429761760323e-03  1.000000487422612e+00 -1.807207200070077e-04  1.000000487422669e+00 -1.807207200070164e-04  1.000000487422669e+00 -1.807207200070164e-04  1.000000487422612e+00 -1.807207200070077e-04 -4.999710504046000e-01 -2.183029349670554e-03 -4.999710115797688e-01 -2.183028840715795e-03 -4.999710337771370e-01 -2.183029131855761e-03 -4.999712113635694e-01 -2.183031446568371e-03  3.998441865454124e+00  7.331623277361961e-03  3.998441865454355e+00  7.331623277362122e-03  3.998441865454355e+00  7.331623277362127e-03  3.998441865454124e+00  7.331623277361969e-03  3.494946539100052e+00 -2.844406706120076e-03  3.494946539100254e+00 -2.844406706120459e-03  3.494946539100253e+00 -2.844406706120454e-03  3.494946539100051e+00 -2.844406706120070e-03  3.494596080605229e+00 -3.769956935467588e-03  3.494596080605431e+00 -3.769956935468025e-03  3.494596080605430e+00 -3.769956935468020e-03  3.494596080605228e+00 -3.769956935467582e-03 
 4.340102636447470e+01  1.000000096871399e+00 -8.838824740119925e-07  9.000001805645225e-01 -9.162608471448335e-06  9.000000945351792e-01 -1.073564388638618e-05  1.010000104692505e+00  2.786616514872379e-04  9.000001928523205e-01  2.373688502426472e-04  1.912355972411017e-05 -1.477195003532871e-03  1.914809589059763e-05 -1.477194679307696e-03  1.913412626086686e-05 -1.477194864000151e-03  1.902236126921641e-05 -1.477196332783293e-03  1.000000499209800e+00 -1.859978733253405e-04  1.000000499209858e+00 -1.859978733253509e-04  1.000000499209858e+00 -1.859978733253509e-04  1.000000499209800e+00 -1.859978733253396e-04 -4.999711749219981e-01 -2.109153735224591e-03 -4.999711381178329e-01 -2.109153242500335e-03 -4.999711590722294e-01 -2.109153523175160e-03 -4.999713267193351e-01 -2.109155755441071e-03  3.998442237678920e+00  7.270697771979718e-03  3.998442237679151e+00  7.270697771979882e-03  3.998442237679150e+00  7.270697771979882e-03  3.998442237678919e+00  7.270697771979723e-03  3.494945647923150e+00 -3.156372247310776e-03  3.494945647923352e+00 -3.156372247311171e-03  3.494945647923351e+00 -3.156372247311169e-03  3.494945647923149e+00 -3.156372247310770e-03  3.494595067925869e+00 -4.108925866725725e-03  3.494595067926071e+00 -4.108925866726175e-03  3.494595067926071e+00 -4.108925866726173e-03  3.494595067925868e+00 -4.108925866725718e-03 
 4.466835921509664e+01  1.000000099239591e+00 -9.096926823596633e-07  9.000001847903927e-01 -9.430162178740048e-06  9.000000966606769e-01 -1.104913070820170e-05  1.010000107530460e+00  2.867987184847439e-04  9.000001976346951e-01  2.443001458592443e-04  1.904957545412200e-05 -1.431185441921743e-03  1.907283985841390e-05 -1.431185127878956e-03  1.905965223836237e-05 -1.431185305985818e-03  1.895414308777932e-05 -1.431186722838189e-03  1.000000511695424e+00 -1.914291229611126e-04  1.000000511695482e+00 -1.914291229611238e-04  1.000000511695482e+00 -1.914291229611238e-04  1.000000511695423e+00 -1.914291229611126e-04 -4.999712929520413e-01 -2.037025497404580e-03 -4.999712580555190e-01 -2.037025020108107e-03 -4.999712778369014e-01 -2.037025290801226e-03 -4.999714361002480e-01 -2.037027444344584e-03  3.998442604618049e+00  7.215795859572950e-03  3.998442604618279e+00  7.215795859573128e-03  3.998442604618280e+00  7.215795859573128e-03  3.998442604618047e+00  7.215795859572952e-03  3.494944681183924e+00 -3.470952406743698e-03  3.494944681184125e+00 -3.470952406744096e-03  3.494944681184126e+00 -3.470952406744097e-03  3.494944681183923e+00 -3.470952406743693e-03  3.494593972487103e+00 -4.451298547593207e-03  3.494593972487304e+00 -4.451298547593662e-03  3.494593972487305e+00 -4.451298547593663e-03  3.494593972487102e+00 -4.451298547593202e-03 
 4.597269885308756e+01  1.000000101748106e+00 -9.362566017369867e-07  9.000001892666623e-01 -9.705528664355995e-06  9.000000989121180e-01 -1.137177154803826e-05  1.010000110574189e+00  2.951733921517818e-04  9.000002027004435e-01  2.514338390037388e-04  1.897993391114516e-05 -1.386361579791797e-03  1.900199768606337e-05 -1.386361275423608e-03  1.898954824669508e-05 -1.386361447244345e-03  1.888994507609487e-05 -1.386362814485199e-03  1.000000524920866e+00 -1.970189686903742e-04  1.000000524920924e+00 -1.970189686903863e-04  1.000000524920924e+00 -1.970189686903846e-04  1.000000524920865e+00 -1.970189686903759e-04 -4.999714048859498e-01 -1.966584880414581e-03 -4.999713717903712e-01 -1.966584417779050e-03 -4.999713904644827e-01 -1.966584678942615e-03 -4.999715398688622e-01 -1.966586757265696e-03  3.998442967487602e+00  7.166872056683786e-03  3.998442967487832e+00  7.166872056683963e-03  3.998442967487833e+00  7.166872056683960e-03  3.998442967487600e+00  7.166872056683783e-03  3.494943635678095e+00 -3.788407770835626e-03  3.494943635678296e+00 -3.788407770836041e-03  3.494943635678296e+00 -3.788407770836044e-03  3.494943635678093e+00 -3.788407770835624e-03  3.494592790658082e+00 -4.797358586476300e-03  3.494592790658283e+00 -4.797358586476772e-03  3.494592790658283e+00 -4.797358586476776e-03  3.494592790658080e+00 -4.797358586476296e-03 
 4.731512589614841e+01  1.000000104405260e+00 -9.635962395403903e-07  9.000001940081671e-01 -9.988936067346880e-06  9.000001012969654e-01 -1.170383370701527e-05  1.010000113802738e+00  3.037926107352210e-04  9.000002080663567e-01  2.587758397976199e-04  1.891440426166069e-05 -1.342686282109309e-03  1.893533456154284e-05 -1.342685986942939e-03  1.892358184679699e-05 -1.342686152759518e-03  1.882955444543200e-05 -1.342687472574758e-03  1.000000538929965e+00 -2.027720416787075e-04  1.000000538930023e+00 -2.027720416787214e-04  1.000000538930023e+00 -2.027720416787214e-04  1.000000538929965e+00 -2.027720416787075e-04 -4.999715110947393e-01 -1.897773526520339e-03 -4.999714796993732e-01 -1.897773077831540e-03 -4.999714973283985e-01 -1.897773329891394e-03 -4.999716383691265e-01 -1.897775336295754e-03  3.998443327490402e+00  7.123885832463364e-03  3.998443327490633e+00  7.123885832463528e-03  3.998443327490632e+00  7.123885832463524e-03  3.998443327490402e+00  7.123885832463363e-03  3.494942507940510e+00 -4.109001304977392e-03  3.494942507940712e+00 -4.109001304977836e-03  3.494942507940711e+00 -4.109001304977836e-03  3.494942507940510e+00 -4.109001304977392e-03  3.494591518521823e+00 -5.147392643289314e-03  3.494591518522025e+00 -5.147392643289818e-03  3.494591518522024e+00 -5.147392643289818e-03  3.494591518521823e+00 -5.147392643289315e-03 
 4.869675251658668e+01  1.000000107219861e+00 -9.917342543461169e-07  9.000001990306241e-01 -1.028061919652081e-05  9.000001038231240e-01 -1.204559229930025e-05  1.010000117250826e+00  3.126635150725428e-04  9.000002137502207e-01  2.663322309339108e-04  1.885276930246871e-05 -1.300123365360445e-03  1.887262952388058e-05 -1.300123078945087e-03  1.886153453112271e-05 -1.300123239023314e-03  1.877277102468877e-05 -1.300124513469652e-03  1.000000553769154e+00 -2.086931083392899e-04  1.000000553769212e+00 -2.086931083393029e-04  1.000000553769212e+00 -2.086931083393011e-04  1.000000553769154e+00 -2.086931083392899e-04 -4.999716119304476e-01 -1.830534427726185e-03 -4.999715821401992e-01 -1.830533992302988e-03 -4.999715987826416e-01 -1.830534235660611e-03 -4.999717319275296e-01 -1.830536173253419e-03  3.998443685819593e+00  7.086801575015871e-03  3.998443685819824e+00  7.086801575016051e-03  3.998443685819824e+00  7.086801575016059e-03  3.998443685819593e+00  7.086801575015876e-03  3.494941294233346e+00 -4.432998571175194e-03  3.494941294233548e+00 -4.432998571175642e-03  3.494941294233548e+00 -4.432998571175635e-03  3.494941294233346e+00 -4.432998571175190e-03  3.494590151861906e+00 -5.501690666697580e-03  3.494590151862108e+00 -5.501690666698089e-03  3.494590151862108e+00 -5.501690666698082e-03  3.494590151861906e+00 -5.501690666697576e-03 
 5.011872336272761e+01  1.000000110201237e+00 -1.020693948267391e-06  9.000002043506805e-01 -1.058081970121635e-05  9.000001064989664e-01 -1.239733045626368e-05  1.010000120838240e+00  3.217934545399220e-04  9.000002197708754e-01  2.741092727403790e-04  1.879482473893246e-05 -1.258637567564466e-03  1.881367473133277e-05 -1.258637289472462e-03  1.880320114594491e-05 -1.258637444053576e-03  1.871940660047589e-05 -1.258638675082857e-03  1.000000569487620e+00 -2.147870742561320e-04  1.000000569487678e+00 -2.147870742561441e-04  1.000000569487678e+00 -2.147870742561415e-04  1.000000569487620e+00 -2.147870742561311e-04 -4.999717077273039e-01 -1.764811878543611e-03 -4.999716794523987e-01 -1.764811455739729e-03 -4.999716951627304e-01 -1.764811690759520e-03 -4.999718208541791e-01 -1.764813562490160e-03  3.998444043662513e+00  7.055588562002522e-03  3.998444043662744e+00  7.055588562002712e-03  3.998444043662745e+00  7.055588562002718e-03  3.998444043662513e+00  7.055588562002526e-03  3.494939990533631e+00 -4.760667947656394e-03  3.494939990533833e+00 -4.760667947656850e-03  3.494939990533834e+00 -4.760667947656845e-03  3.494939990533631e+00 -4.760667947656389e-03  3.494588686148411e+00 -5.860546133895785e-03  3.494588686148613e+00 -5.860546133896304e-03  3.494588686148614e+00 -5.860546133896299e-03  3.494588686148411e+00 -5.860546133895779e-03 
 5.158221650723097e+01  1.000000113359271e+00 -1.050499335769454e-06  9.000002099859710e-01 -1.088978631612656e-05  9.000001093333637e-01 -1.275933960560833e-05  1.010000124682398e+00  3.311899930811426e-04  9.000002261482759e-01  2.821134083215794e-04  1.874037850840837e-05 -1.218194519068990e-03  1.875827477343384e-05 -1.218194248900733e-03  1.874838755394626e-05 -1.218194398222627e-03  1.866928429150594e-05 -1.218195587663568e-03  1.000000586137464e+00 -2.210589882987185e-04  1.000000586137522e+00 -2.210589882987316e-04  1.000000586137522e+00 -2.210589882987316e-04  1.000000586137464e+00 -2.210589882987194e-04 -4.999717988028363e-01 -1.700551429828746e-03 -4.999717719585222e-01 -1.700551019040079e-03 -4.999717867893054e-01 -1.700551246081571e-03 -4.999719054438315e-01 -1.700553054713901e-03  3.998444402205876e+00  7.030220935035920e-03  3.998444402206106e+00  7.030220935036110e-03  3.998444402206107e+00  7.030220935036112e-03  3.998444402205874e+00  7.030220935035917e-03  3.494938592520951e+00 -5.092280851013457e-03  3.494938592521153e+00 -5.092280851013928e-03  3.494938592521153e+00 -5.092280851013927e-03  3.494938592520950e+00 -5.092280851013454e-03  3.494587116523945e+00 -6.224256293512134e-03  3.494587116524147e+00 -6.224256293512670e-03  3.494587116524147e+00 -6.224256293512669e-03  3.494587116523944e+00 -6.224256293512130e-03 
 5.308844442309925e+01  1.000000116704431e+00 -1.081175099885629e-06  9.000002159551724e-01 -1.120777501006786e-05  9.000001123357089e-01 -1.313191965550190e-05  1.010000128700365e+00  3.408609155513273e-04  9.000002329035611e-01  2.903512689542426e-04  1.868925014414380e-05 -1.178760714081794e-03  1.870624602207105e-05 -1.178760451452997e-03  1.869691234807069e-05 -1.178760595737867e-03  1.862223796295082e-05 -1.178761745321996e-03  1.000000603773872e+00 -2.275140467420275e-04  1.000000603773930e+00 -2.275140467420405e-04  1.000000603773930e+00 -2.275140467420396e-04  1.000000603773872e+00 -2.275140467420283e-04 -4.999718854589220e-01 -1.637699843713276e-03 -4.999718599651883e-01 -1.637699444358809e-03 -4.999718739656537e-01 -1.637699663757837e-03 -4.999719859768657e-01 -1.637701411909414e-03  3.998444762637884e+00  7.010677678472423e-03  3.998444762638114e+00  7.010677678472619e-03  3.998444762638115e+00  7.010677678472621e-03  3.998444762637883e+00  7.010677678472414e-03  3.494937095561653e+00 -5.428111960501038e-03  3.494937095561854e+00 -5.428111960501521e-03  3.494937095561854e+00 -5.428111960501522e-03  3.494937095561652e+00 -5.428111960501043e-03  3.494585437786070e+00 -6.593122411269146e-03  3.494585437786271e+00 -6.593122411269696e-03  3.494585437786272e+00 -6.593122411269697e-03  3.494585437786069e+00 -6.593122411269151e-03 
 5.463865498818585e+01  1.000000120247803e+00 -1.112746678161805e-06  9.000002222780721e-01 -1.153504925706074e-05  9.000001155159547e-01 -1.351537930199293e-05  1.010000133006666e+00  3.508142340873233e-04  9.000002400591226e-01  2.988296795222676e-04  1.864127017670025e-05 -1.140303482909459e-03  1.865741602297133e-05 -1.140303227455908e-03  1.864860493944187e-05 -1.140303366914253e-03  1.857811167521595e-05 -1.140304478275590e-03  1.000000622455304e+00 -2.341575976380989e-04  1.000000622455362e+00 -2.341575976381119e-04  1.000000622455362e+00 -2.341575976381119e-04  1.000000622455304e+00 -2.341575976380980e-04 -4.999719679827901e-01 -1.576205049460853e-03 -4.999719437641046e-01 -1.576204660989784e-03 -4.999719569806843e-01 -1.576204873064555e-03 -4.999720627202168e-01 -1.576206563206109e-03  3.998445126153205e+00  6.996942601772872e-03  3.998445126153436e+00  6.996942601773083e-03  3.998445126153436e+00  6.996942601773082e-03  3.998445126153204e+00  6.996942601772875e-03  3.494935494694318e+00 -5.768439445400729e-03  3.494935494694519e+00 -5.768439445401224e-03  3.494935494694519e+00 -5.768439445401225e-03  3.494935494694317e+00 -5.768439445400724e-03  3.494583644370886e+00 -6.967450019334473e-03  3.494583644371088e+00 -6.967450019335037e-03  3.494583644371088e+00 -6.967450019335039e-03  3.494583644370885e+00 -6.967450019334468e-03 
 5.623413251903535e+01  1.000000124001134e+00 -1.145240221443745e-06  9.000002289756268e-01 -1.187188019857354e-05  9.000001188846416e-01 -1.391003622870331e-05  1.010000137543723e+00  3.610581948210688e-04  9.000002476386777e-01  3.075556642271563e-04  1.859627957162546e-05 -1.102790964893889e-03  1.861162292515761e-05 -1.102790716273089e-03  1.860330521480380e-05 -1.102790851100372e-03  1.853675916746456e-05 -1.102791925789435e-03  1.000000642243679e+00 -2.409951451856389e-04  1.000000642243737e+00 -2.409951451856510e-04  1.000000642243737e+00 -2.409951451856501e-04  1.000000642243679e+00 -2.409951451856380e-04 -4.999720466479749e-01 -1.516016100362097e-03 -4.999720236330285e-01 -1.516015722256305e-03 -4.999720361095484e-01 -1.516015927302403e-03 -4.999721359282576e-01 -1.516017561778854e-03  3.998445493956748e+00  6.989004326336062e-03  3.998445493956978e+00  6.989004326336276e-03  3.998445493956978e+00  6.989004326336284e-03  3.998445493956747e+00  6.989004326336055e-03  3.494933784613183e+00 -6.113545194820825e-03  3.494933784613384e+00 -6.113545194821333e-03  3.494933784613385e+00 -6.113545194821329e-03  3.494933784613182e+00 -6.113545194820832e-03  3.494581730334458e+00 -7.347549168746077e-03  3.494581730334658e+00 -7.347549168746656e-03  3.494581730334659e+00 -7.347549168746652e-03  3.494581730334457e+00 -7.347549168746083e-03 
 5.787619883491252e+01  1.000000127976863e+00 -1.178682664351509e-06  9.000002360700365e-01 -1.221854691215938e-05  9.000001224529358e-01 -1.431621741395383e-05  1.010000142365969e+00  3.716012846523290e-04  9.000002556673493e-01  3.165364523635598e-04  1.855412920409583e-05 -1.066192082025708e-03  1.856871494282375e-05 -1.066191839908619e-03  1.856086301094129e-05 -1.066191970293059e-03  1.849804337339389e-05 -1.066193009774932e-03  1.000000663204589e+00 -2.480323543401274e-04  1.000000663204647e+00 -2.480323543401422e-04  1.000000663204647e+00 -2.480323543401413e-04  1.000000663204588e+00 -2.480323543401283e-04 -4.999721217152186e-01 -1.457083131515165e-03 -4.999720998366942e-01 -1.457082763276806e-03 -4.999721116145469e-01 -1.457082961578880e-03 -4.999722058436429e-01 -1.457084542606450e-03  3.998445867267639e+00  6.986856275883939e-03  3.998445867267870e+00  6.986856275884161e-03  3.998445867267870e+00  6.986856275884163e-03  3.998445867267638e+00  6.986856275883935e-03  3.494931959650555e+00 -6.463715050919058e-03  3.494931959650757e+00 -6.463715050919585e-03  3.494931959650757e+00 -6.463715050919583e-03  3.494931959650554e+00 -6.463715050919058e-03  3.494579689333116e+00 -7.733734685918386e-03  3.494579689333318e+00 -7.733734685918986e-03  3.494579689333318e+00 -7.733734685918985e-03  3.494579689333114e+00 -7.733734685918386e-03 
 5.956621435290152e+01  1.000000132188170e+00 -1.213101712207499e-06  9.000002435848179e-01 -1.257533661085120e-05  9.000001262326650e-01 -1.473425936981410e-05  1.010000147440798e+00  3.824522383228686e-04  9.000002641717512e-01  3.257794843405984e-04  1.851467936242468e-05 -1.030476513192530e-03  1.852854985379127e-05 -1.030476277266175e-03  1.852113762090823e-05 -1.030476403385462e-03  1.846183596621032e-05 -1.030477409050754e-03  1.000000685407510e+00 -2.552750554730750e-04  1.000000685407568e+00 -2.552750554730897e-04  1.000000685407568e+00 -2.552750554730906e-04  1.000000685407510e+00 -2.552750554730767e-04 -4.999721934333384e-01 -1.399357318524273e-03 -4.999721726276854e-01 -1.399356959679694e-03 -4.999721837459900e-01 -1.399357151506546e-03 -4.999722726981131e-01 -1.399358681189202e-03  3.998446247323270e+00  6.990496671156378e-03  3.998446247323501e+00  6.990496671156602e-03  3.998446247323501e+00  6.990496671156599e-03  3.998446247323269e+00  6.990496671156367e-03  3.494930013758029e+00 -6.819239045067468e-03  3.494930013758230e+00 -6.819239045068012e-03  3.494930013758230e+00 -6.819239045068015e-03  3.494930013758028e+00 -6.819239045067474e-03  3.494577514602433e+00 -8.126326432767566e-03  3.494577514602634e+00 -8.126326432768186e-03  3.494577514602634e+00 -8.126326432768187e-03  3.494577514602432e+00 -8.126326432767571e-03 
 6.130557921498256e+01  1.000000136649013e+00 -1.248525901083037e-06  9.000002515448779e-01 -1.294254491456556e-05  9.000001302363578e-01 -1.516450845428351e-05  1.010000152847408e+00  3.936200456081928e-04  9.000002731800707e-01  3.352924178127745e-04  1.847779928670912e-05 -9.956146690639916e-04  1.849099452705394e-05 -9.956144390305380e-04  1.848399746862128e-05 -9.956145610509532e-04  1.842801693219265e-05 -9.956155342169897e-04  1.000000708926037e+00 -2.627292492408858e-04  1.000000708926094e+00 -2.627292492409006e-04  1.000000708926094e+00 -2.627292492409006e-04  1.000000708926037e+00 -2.627292492408867e-04 -4.999722620400512e-01 -1.342790837038509e-03 -4.999722422472749e-01 -1.342790487136861e-03 -4.999722527428182e-01 -1.342790672740078e-03 -4.999723367132653e-01 -1.342792153071388e-03  3.998446635383323e+00  6.999928528289657e-03  3.998446635383554e+00  6.999928528289889e-03  3.998446635383555e+00  6.999928528289889e-03  3.998446635383323e+00  6.999928528289655e-03  3.494927940486361e+00 -7.180411637694175e-03  3.494927940486563e+00 -7.180411637694732e-03  3.494927940486563e+00 -7.180411637694734e-03  3.494927940486361e+00 -7.180411637694175e-03  3.494575198934725e+00 -8.525649571210022e-03  3.494575198934927e+00 -8.525649571210657e-03  3.494575198934927e+00 -8.525649571210658e-03  3.494575198934724e+00 -8.525649571210022e-03 
 6.309573444801983e+01  1.000000141374177e+00 -1.284984578155300e-06  9.000002599766010e-01 -1.332047605613673e-05  9.000001344772840e-01 -1.560732111928941e-05  1.010000158549321e+00  4.051139588179011e-04  9.000002827221666e-01  3.450831340632708e-04  1.844336673445524e-05 -9.615776675780442e-04  1.845592448229683e-05 -9.615774431523134e-04  1.844931924849247e-05 -9.615775612343216e-04  1.839647417561929e-05 -9.615785031506134e-04  1.000000733838124e+00 -2.704011115145931e-04  1.000000733838182e+00 -2.704011115146087e-04  1.000000733838182e+00 -2.704011115146079e-04  1.000000733838124e+00 -2.704011115145931e-04 -4.999723277627604e-01 -1.287336823151737e-03 -4.999723089262236e-01 -1.287336481761238e-03 -4.999723188340293e-01 -1.287336661383697e-03 -4.999723981012831e-01 -1.287338094254932e-03  3.998447032734188e+00  7.015159661495163e-03  3.998447032734418e+00  7.015159661495403e-03  3.998447032734419e+00  7.015159661495408e-03  3.998447032734188e+00  7.015159661495168e-03  3.494925732964367e+00 -7.547531961458650e-03  3.494925732964568e+00 -7.547531961459220e-03  3.494925732964568e+00 -7.547531961459219e-03  3.494925732964367e+00 -7.547531961458647e-03  3.494572734655437e+00 -8.932034831710987e-03  3.494572734655638e+00 -8.932034831711637e-03  3.494572734655638e+00 -8.932034831711635e-03  3.494572734655437e+00 -8.932034831710983e-03 
 6.493816315762166e+01  1.000000146379324e+00 -1.322507970487354e-06  9.000002689079352e-01 -1.370944317343045e-05  9.000001389695008e-01 -1.606306424602445e-05  1.010000164621630e+00  4.169435004073348e-04  9.000002928296683e-01  3.551597444935679e-04  1.841126757584632e-05 -9.283373100153649e-04  1.842322347633818e-05 -9.283370909239738e-04  1.841698820836957e-05 -9.283372052185156e-04  1.836710314456758e-05 -9.283381170733667e-04  1.000000760226345e+00 -2.782969985425917e-04  1.000000760226402e+00 -2.782969985426073e-04  1.000000760226402e+00 -2.782969985426073e-04  1.000000760226344e+00 -2.782969985425926e-04 -4.999723908193092e-01 -1.232949334557540e-03 -4.999723728855439e-01 -1.232949001264182e-03 -4.999723822384012e-01 -1.232949175134343e-03 -4.999724570656425e-01 -1.232950562344548e-03  3.998447440692798e+00  7.036202689349603e-03  3.998447440693029e+00  7.036202689349844e-03  3.998447440693028e+00  7.036202689349851e-03  3.998447440692797e+00  7.036202689349597e-03  3.494923383875717e+00 -7.920904068555943e-03  3.494923383875919e+00 -7.920904068556537e-03  3.494923383875918e+00 -7.920904068556528e-03  3.494923383875716e+00 -7.920904068555945e-03  3.494570113597277e+00 -9.345818786698698e-03  3.494570113597479e+00 -9.345818786699373e-03  3.494570113597478e+00 -9.345818786699364e-03  3.494570113597276e+00 -9.345818786698698e-03 
 6.683439175686200e+01  1.000000151681046e+00 -1.361127164205717e-06  9.000002783684848e-01 -1.410976852759877e-05  9.000001437278985e-01 -1.653211540762624e-05  1.010000171023503e+00  4.291184709223805e-04  9.000003035360767e-01  3.655305973849817e-04  1.838139541510131e-05 -8.958660576361409e-04  1.839278311854819e-05 -8.958658436193259e-04  1.838689720207176e-05 -8.958659542697405e-04  1.833980648668909e-05 -8.958668371935313e-04  1.000000788178164e+00 -2.864234521726921e-04  1.000000788178222e+00 -2.864234521727086e-04  1.000000788178222e+00 -2.864234521727086e-04  1.000000788178164e+00 -2.864234521726921e-04 -4.999724514187056e-01 -1.179583312507067e-03 -4.999724343372361e-01 -1.179582986917357e-03 -4.999724431660664e-01 -1.179583155252208e-03 -4.999725138017864e-01 -1.179584498513080e-03  3.998447860611361e+00  7.063075045436317e-03  3.998447860611593e+00  7.063075045436565e-03  3.998447860611592e+00  7.063075045436564e-03  3.998447860611360e+00  7.063075045436313e-03  3.494920885435060e+00 -8.300837181715006e-03  3.494920885435263e+00 -8.300837181715620e-03  3.494920885435262e+00 -8.300837181715618e-03  3.494920885435059e+00 -8.300837181715003e-03  3.494567327073517e+00 -9.767344128431103e-03  3.494567327073720e+00 -9.767344128431802e-03  3.494567327073719e+00 -9.767344128431801e-03  3.494567327073516e+00 -9.767344128431100e-03 
 6.878599123088132e+01  1.000000157296914e+00 -1.400874171000846e-06  9.000002883896079e-01 -1.452178380679717e-05  9.000001487682490e-01 -1.701486321866573e-05  1.010000177797005e+00  4.416489570698470e-04  9.000003148768806e-01  3.762042847785328e-04  1.835365123836752e-05 -8.641370088735783e-04  1.836450251219146e-05 -8.641367996816096e-04  1.835894626700529e-05 -8.641369068256925e-04  1.831449372441396e-05 -8.641377618906173e-04  1.000000817786233e+00 -2.947872053147047e-04  1.000000817786291e+00 -2.947872053147203e-04  1.000000817786291e+00 -2.947872053147229e-04  1.000000817786233e+00 -2.947872053147047e-04 -4.999725097618112e-01 -1.127194544470454e-03 -4.999724934849866e-01 -1.127194226206020e-03 -4.999725018193100e-01 -1.127194389214264e-03 -4.999725684977720e-01 -1.127195690149676e-03  3.998448293881899e+00  7.095798992632288e-03  3.998448293882130e+00  7.095798992632561e-03  3.998448293882129e+00  7.095798992632549e-03  3.998448293881899e+00  7.095798992632288e-03  3.494918229362271e+00 -8.687645949713052e-03  3.494918229362474e+00 -8.687645949713671e-03  3.494918229362471e+00 -8.687645949713673e-03  3.494918229362271e+00 -8.687645949713052e-03  3.494564365849260e+00 -1.019695995215826e-02  3.494564365849462e+00 -1.019695995215897e-02  3.494564365849460e+00 -1.019695995215897e-02  3.494564365849260e+00 -1.019695995215826e-02 
 7.079457843841438e+01  1.000000163245544e+00 -1.441781937702816e-06  9.000002990045199e-01 -1.494583038584242e-05  9.000001541072596e-01 -1.751170764186127e-05  1.010000184981687e+00  4.545453400947675e-04  9.000003268896698e-01  3.871896496087030e-04  1.832794308470609e-05 -8.331238770385449e-04  1.833828791775183e-05 -8.331236724308435e-04  1.833304297627070e-05 -8.331237761976392e-04  1.829108095602328e-05 -8.331246044274884e-04  1.000000849148691e+00 -3.033951875037498e-04  1.000000849148749e+00 -3.033951875037671e-04  1.000000849148749e+00 -3.033951875037671e-04  1.000000849148691e+00 -3.033951875037502e-04 -4.999725660420110e-01 -1.075739627502913e-03 -4.999725505248481e-01 -1.075739316199189e-03 -4.999725583922162e-01 -1.075739474076261e-03 -4.999726213348955e-01 -1.075740734237123e-03  3.998448741940376e+00  7.134401641596695e-03  3.998448741940607e+00  7.134401641596967e-03  3.998448741940607e+00  7.134401641596966e-03  3.998448741940375e+00  7.134401641596695e-03  3.494915406854598e+00 -9.081650707133727e-03  3.494915406854800e+00 -9.081650707134369e-03  3.494915406854800e+00 -9.081650707134370e-03  3.494915406854598e+00 -9.081650707133727e-03  3.494561220110417e+00 -1.063502204433043e-02  3.494561220110619e+00 -1.063502204433117e-02  3.494561220110619e+00 -1.063502204433117e-02  3.494561220110417e+00 -1.063502204433043e-02 
 7.286181745132338e+01  1.000000169546652e+00 -1.483884373529217e-06  9.000003102484054e-01 -1.538225960908102e-05  9.000001597626265e-01 -1.802306031940242e-05  1.010000192614438e+00  4.678183043812722e-04  9.000003396142620e-01  3.984957930298733e-04  1.830418574227943e-05 -8.028009685503185e-04  1.831405244517859e-05 -8.028007682956578e-04  1.830910143191256e-05 -8.028008688078511e-04  1.826949057764926e-05 -8.028016711789302e-04  1.000000882369491e+00 -3.122545306436725e-04  1.000000882369548e+00 -3.122545306436894e-04  1.000000882369548e+00 -3.122545306436894e-04  1.000000882369490e+00 -3.122545306436725e-04 -4.999726204458496e-01 -1.025175932298022e-03 -4.999726056458826e-01 -1.025175627604534e-03 -4.999726130723589e-01 -1.025175780536290e-03 -4.999726724882902e-01 -1.025177001401838e-03  3.998449206271959e+00  7.178914973255628e-03  3.998449206272190e+00  7.178914973255917e-03  3.998449206272190e+00  7.178914973255912e-03  3.998449206271958e+00  7.178914973255626e-03  3.494912408557921e+00 -9.483177738779731e-03  3.494912408558122e+00 -9.483177738780381e-03  3.494912408558123e+00 -9.483177738780388e-03  3.494912408557920e+00 -9.483177738779727e-03  3.494557879431620e+00 -1.108189317628602e-02  3.494557879431822e+00 -1.108189317628677e-02  3.494557879431822e+00 -1.108189317628677e-02  3.494557879431619e+00 -1.108189317628602e-02 
 7.498942093324621e+01  1.000000176221125e+00 -1.527216371224103e-06  9.000003221585342e-01 -1.583143307531809e-05  9.000001657530950e-01 -1.854934490773504e-05  1.010000200700913e+00  4.814788463129997e-04  9.000003530928345e-01  4.101320819629019e-04  1.828230046568846e-05 -7.731431616464293e-04  1.829171576339661e-05 -7.731429655218899e-04  1.828704213585608e-05 -7.731430629000430e-04  1.824965102614762e-05 -7.731438403386526e-04  1.000000917558746e+00 -3.213725749113360e-04  1.000000917558803e+00 -3.213725749113551e-04  1.000000917558804e+00 -3.213725749113546e-04  1.000000917558745e+00 -3.213725749113364e-04 -4.999726731536538e-01 -9.754615678668539e-04 -4.999726590307951e-01 -9.754612694456620e-04 -4.999726660411927e-01 -9.754614176147821e-04 -4.999727221275084e-01 -9.754626005887617e-04  3.998449688415831e+00  7.229375865305646e-03  3.998449688416062e+00  7.229375865305932e-03  3.998449688416063e+00  7.229375865305932e-03  3.998449688415830e+00  7.229375865305645e-03  3.494909224535679e+00 -9.892559548938759e-03  3.494909224535880e+00 -9.892559548939441e-03  3.494909224535881e+00 -9.892559548939443e-03  3.494909224535678e+00 -9.892559548938758e-03  3.494554332741600e+00 -1.153794340364113e-02  3.494554332741801e+00 -1.153794340364190e-02  3.494554332741802e+00 -1.153794340364191e-02  3.494554332741599e+00 -1.153794340364113e-02 
 7.717915155850189e+01  1.000000183291086e+00 -1.571813834908508e-06  9.000003347743827e-01 -1.629372293657094e-05  9.000001720985218e-01 -1.909099742760763e-05  1.010000209215359e+00  4.955382833848453e-04  9.000003673700637e-01  4.221081568565968e-04  1.826221471307177e-05 -7.441258855705533e-04  1.827120383568470e-05 -7.441256933630460e-04  1.826679218824845e-05 -7.441257877171823e-04  1.823149654189837e-05 -7.441265411140882e-04  1.000000954833095e+00 -3.307568748396300e-04  1.000000954833153e+00 -3.307568748396482e-04  1.000000954833153e+00 -3.307568748396486e-04  1.000000954833095e+00 -3.307568748396300e-04 -4.999727243401300e-01 -9.265553468322012e-04 -4.999727108565349e-01 -9.265550543601745e-04 -4.999727174739624e-01 -9.265551979333837e-04 -4.999727704170837e-01 -9.265563443659256e-04  3.998450189969950e+00  7.285826122765156e-03  3.998450189970180e+00  7.285826122765453e-03  3.998450189970181e+00  7.285826122765453e-03  3.998450189969949e+00  7.285826122765155e-03  3.494905844235669e+00 -1.031013513571518e-02  3.494905844235871e+00 -1.031013513571588e-02  3.494905844235871e+00 -1.031013513571588e-02  3.494905844235668e+00 -1.031013513571518e-02  3.494550568286223e+00 -1.200355037161750e-02  3.494550568286424e+00 -1.200355037161829e-02  3.494550568286425e+00 -1.200355037161829e-02  3.494550568286222e+00 -1.200355037161750e-02 
 7.943282347242882e+01  1.000000190779968e+00 -1.617713752478792e-06  9.000003481377677e-01 -1.676951224489277e-05  9.000001788199385e-01 -1.964846666370080e-05  1.010000218270971e+00  5.100082635278857e-04  9.000003824932726e-01  4.344339396365176e-04  1.824386190918403e-05 -7.157251002214266e-04  1.825244867320608e-05 -7.157249117245351e-04  1.824828429541903e-05 -7.157250031631882e-04  1.821496694948133e-05 -7.157257333624522e-04  1.000000994316087e+00 -3.404152056220784e-04  1.000000994316145e+00 -3.404152056220975e-04  1.000000994316145e+00 -3.404152056220975e-04  1.000000994316087e+00 -3.404152056220775e-04 -4.999727741749390e-01 -8.784167512904575e-04 -4.999727612948827e-01 -8.784164644545349e-04 -4.999727675414059e-01 -8.784166035963528e-04 -4.999728175170774e-01 -8.784177147670582e-04  3.998450712596896e+00  7.348312512442427e-03  3.998450712597127e+00  7.348312512442729e-03  3.998450712597126e+00  7.348312512442730e-03  3.998450712596894e+00  7.348312512442430e-03  3.494902256455557e+00 -1.073625027078765e-02  3.494902256455759e+00 -1.073625027078838e-02  3.494902256455759e+00 -1.073625027078837e-02  3.494902256455556e+00 -1.073625027078764e-02  3.494546573590023e+00 -1.247909962669428e-02  3.494546573590225e+00 -1.247909962669510e-02  3.494546573590225e+00 -1.247909962669510e-02  3.494546573590022e+00 -1.247909962669427e-02 
 8.175230379436570e+01  1.000000198712595e+00 -1.664954163692710e-06  9.000003622929849e-01 -1.725919521357157e-05  9.000001859396249e-01 -2.022221448014293e-05  1.010000227863921e+00  5.249007748354100e-04  9.000003985125904e-01  4.471196419816421e-04  1.822718122174161e-05 -6.879172762330978e-04  1.823538811035474e-05 -6.879170912473596e-04  1.823145711082885e-05 -6.879171798736584e-04  1.820000746044492e-05 -6.879178876842097e-04  1.000001036138594e+00 -3.503555694952673e-04  1.000001036138651e+00 -3.503555694952868e-04  1.000001036138651e+00 -3.503555694952868e-04  1.000001036138593e+00 -3.503555694952673e-04 -4.999728228232646e-01 -8.310058992681936e-04 -4.999728105130223e-01 -8.310056177658030e-04 -4.999728164094782e-01 -8.310057526325944e-04 -4.999728635836072e-01 -8.310068297679777e-04  3.998451258028977e+00  7.416886801918993e-03  3.998451258029208e+00  7.416886801919306e-03  3.998451258029208e+00  7.416886801919310e-03  3.998451258028977e+00  7.416886801918994e-03  3.494898449305417e+00 -1.117125778430808e-02  3.494898449305619e+00 -1.117125778430882e-02  3.494898449305619e+00 -1.117125778430882e-02  3.494898449305417e+00 -1.117125778430808e-02  3.494542335414523e+00 -1.296498493432380e-02  3.494542335414725e+00 -1.296498493432465e-02  3.494542335414724e+00 -1.296498493432464e-02  3.494542335414523e+00 -1.296498493432380e-02 
 8.413951416452024e+01  1.000000207115261e+00 -1.713574249258515e-06  9.000003772869514e-01 -1.776317759569367e-05  9.000001934811799e-01 -2.081271625498125e-05  1.010000238100522e+00  5.402281554253959e-04  9.000004154811116e-01  4.601757737330241e-04  1.821211736102724e-05 -6.606793754824243e-04  1.821996559825401e-05 -6.606791938141408e-04  1.821625498782398e-05 -6.606792797256470e-04  1.818656849017497e-05 -6.606799659223260e-04  1.000001080439239e+00 -3.605862024298461e-04  1.000001080439296e+00 -3.605862024298669e-04  1.000001080439296e+00 -3.605862024298665e-04  1.000001080439239e+00 -3.605862024298465e-04 -4.999728704463552e-01 -7.842835116514775e-04 -4.999728586740906e-01 -7.842832351887519e-04 -4.999728642399631e-01 -7.842833659284230e-04 -4.999729087693640e-01 -7.842844102035536e-04  3.998451828073994e+00  7.491605802196134e-03  3.998451828074225e+00  7.491605802196452e-03  3.998451828074225e+00  7.491605802196453e-03  3.998451828073994e+00  7.491605802196133e-03  3.494894410168380e+00 -1.161551785594754e-02  3.494894410168582e+00 -1.161551785594831e-02  3.494894410168581e+00 -1.161551785594831e-02  3.494894410168380e+00 -1.161551785594755e-02  3.494537839714415e+00 -1.346160860374374e-02  3.494537839714617e+00 -1.346160860374461e-02  3.494537839714617e+00 -1.346160860374461e-02  3.494537839714415e+00 -1.346160860374374e-02 
 8.659643233600728e+01  1.000000216015815e+00 -1.763614264057378e-06  9.000003931693673e-01 -1.828187693115989e-05  9.000002014696001e-01 -2.142046118471898e-05  1.010000248827545e+00  5.560031037827944e-04  9.000004334550832e-01  4.736131516906119e-04  1.819862039692532e-05 -6.339888320041157e-04  1.820613001779492e-05 -6.339886534666641e-04  1.820262748308821e-05 -6.339887367559123e-04  1.817460549413674e-05 -6.339894020796781e-04  1.000001127364862e+00 -3.711155808587271e-04  1.000001127364920e+00 -3.711155808587483e-04  1.000001127364919e+00 -3.711155808587483e-04  1.000001127364861e+00 -3.711155808587272e-04 -4.999729172020618e-01 -7.382108796937197e-04 -4.999729059377230e-01 -7.382106079874576e-04 -4.999729111914821e-01 -7.382107347403541e-04 -4.999729532241205e-01 -7.382117472790883e-04  3.998452424621463e+00  7.572531415159016e-03  3.998452424621695e+00  7.572531415159345e-03  3.998452424621694e+00  7.572531415159341e-03  3.998452424621463e+00  7.572531415159015e-03  3.494890125659043e+00 -1.206939831134063e-02  3.494890125659245e+00 -1.206939831134143e-02  3.494890125659245e+00 -1.206939831134142e-02  3.494890125659042e+00 -1.206939831134063e-02  3.494533071591241e+00 -1.396938181916386e-02  3.494533071591444e+00 -1.396938181916476e-02  3.494533071591444e+00 -1.396938181916476e-02  3.494533071591241e+00 -1.396938181916386e-02 
 8.912509381337533e+01  1.000000225443762e+00 -1.815115732252724e-06  9.000004099928764e-01 -1.881572303836371e-05  9.000002099313645e-01 -2.204595283519899e-05  1.010000260228863e+00  5.722386890844916e-04  9.000004524940807e-01  4.874429084295361e-04  1.818664559194438e-05 -6.078235332942178e-04  1.819383550943909e-05 -6.078233577061886e-04  1.819052936608001e-05 -6.078234384640842e-04  1.816407881949367e-05 -6.078240836227014e-04  1.000001177071002e+00 -3.819524288658218e-04  1.000001177071059e+00 -3.819524288658430e-04  1.000001177071059e+00 -3.819524288658430e-04  1.000001177071001e+00 -3.819524288658218e-04 -4.999729632453616e-01 -6.927498328612503e-04 -4.999729524605789e-01 -6.927495656361220e-04 -4.999729574197508e-01 -6.927496885401329e-04 -4.999729970952266e-01 -6.927506704161500e-04  3.998453049648743e+00  7.659730684197433e-03  3.998453049648975e+00  7.659730684197775e-03  3.998453049648974e+00  7.659730684197775e-03  3.998453049648744e+00  7.659730684197431e-03  3.494885581579014e+00 -1.253327492564409e-02  3.494885581579217e+00 -1.253327492564490e-02  3.494885581579216e+00 -1.253327492564490e-02  3.494885581579015e+00 -1.253327492564410e-02  3.494528015243924e+00 -1.448872497907055e-02  3.494528015244127e+00 -1.448872497907147e-02  3.494528015244126e+00 -1.448872497907146e-02  3.494528015243925e+00 -1.448872497907055e-02 
 9.172759353897877e+01  1.000000235430350e+00 -1.868121343553449e-06  9.000004278132423e-01 -1.936515824616887e-05  9.000002188945204e-01 -2.268970943448534e-05  1.010000272313615e+00  5.889483621944148e-04  9.000004726612112e-01  5.016765016479121e-04  1.817615325500066e-05 -5.821618019930879e-04  1.818304132233939e-05 -5.821616291774444e-04  1.817992059355289e-05 -5.821617074901174e-04  1.815495357504471e-05 -5.821623331625761e-04  1.000001229722415e+00 -3.931057252804630e-04  1.000001229722473e+00 -3.931057252804855e-04  1.000001229722473e+00 -3.931057252804859e-04  1.000001229722415e+00 -3.931057252804625e-04 -4.999730087288689e-01 -6.478627072802292e-04 -4.999729983968626e-01 -6.478624442675117e-04 -4.999730030779129e-01 -6.478625634532911e-04 -4.999730405280970e-01 -6.478635156967954e-04  3.998453705227533e+00  7.753275850293702e-03  3.998453705227763e+00  7.753275850294055e-03  3.998453705227764e+00  7.753275850294050e-03  3.998453705227534e+00  7.753275850293707e-03  3.494880762869835e+00 -1.300753173246844e-02  3.494880762870037e+00 -1.300753173246927e-02  3.494880762870037e+00 -1.300753173246927e-02  3.494880762869836e+00 -1.300753173246844e-02  3.494522653916380e+00 -1.502006804193642e-02  3.494522653916581e+00 -1.502006804193737e-02  3.494522653916582e+00 -1.502006804193737e-02  3.494522653916380e+00 -1.502006804193642e-02 
 9.440608762859317e+01  1.000000246008681e+00 -1.922675042181625e-06  9.000004466895325e-01 -1.993063780882257e-05  9.000002283887772e-01 -2.335226435045827e-05  1.010000285114931e+00  6.061459667427911e-04  9.000004940233212e-01  5.163257236115043e-04  1.816710860835791e-05 -5.569823779225380e-04  1.817371167800452e-05 -5.569822077088074e-04  1.817076602866896e-05 -5.569822836573269e-04  1.814719951459542e-05 -5.569828904956800e-04  1.000001285493620e+00 -4.045847111750837e-04  1.000001285493678e+00 -4.045847111751062e-04  1.000001285493678e+00 -4.045847111751058e-04  1.000001285493620e+00 -4.045847111750837e-04 -4.999730538033432e-01 -6.035123144976806e-04 -4.999730438988347e-01 -6.035120554385449e-04 -4.999730483172659e-01 -6.035121710290982e-04 -4.999730836666940e-01 -6.035130946295684e-04  3.998454393530805e+00  7.853244411643340e-03  3.998454393531035e+00  7.853244411643697e-03  3.998454393531035e+00  7.853244411643704e-03  3.998454393530804e+00  7.853244411643341e-03  3.494875653563185e+00 -1.349256134015528e-02  3.494875653563386e+00 -1.349256134015614e-02  3.494875653563386e+00 -1.349256134015614e-02  3.494875653563184e+00 -1.349256134015528e-02  3.494516969842103e+00 -1.556385088033665e-02  3.494516969842304e+00 -1.556385088033763e-02  3.494516969842304e+00 -1.556385088033763e-02  3.494516969842102e+00 -1.556385088033665e-02 
 9.716279515771149e+01  1.000000257213818e+00 -1.978822055353612e-06  9.000004666843154e-01 -2.051263027623295e-05  9.000002384456054e-01 -2.403416652558015e-05  1.010000298661237e+00  6.238457506053289e-04  9.000005166512183e-01  5.314027109309649e-04  1.815948167260828e-05 -5.322644004769523e-04  1.816581565305952e-05 -5.322642326987151e-04  1.816303527657492e-05 -5.322643063610797e-04  1.814079093631626e-05 -5.322648949899132e-04  1.000001344569475e+00 -4.163988975190798e-04  1.000001344569533e+00 -4.163988975191041e-04  1.000001344569533e+00 -4.163988975191041e-04  1.000001344569475e+00 -4.163988975190794e-04 -4.999730986181873e-01 -5.596619106794192e-04 -4.999730891173144e-01 -5.596616553211584e-04 -4.999730932878363e-01 -5.596617674348719e-04 -4.999731266540042e-01 -5.596626633402341e-04  3.998455116840039e+00  7.959719187883452e-03  3.998455116840272e+00  7.959719187883825e-03  3.998455116840272e+00  7.959719187883824e-03  3.998455116840039e+00  7.959719187883456e-03  3.494870236728040e+00 -1.398876525475038e-02  3.494870236728242e+00 -1.398876525475127e-02  3.494870236728243e+00 -1.398876525475127e-02  3.494870236728040e+00 -1.398876525475038e-02  3.494510944185369e+00 -1.612052364285188e-02  3.494510944185572e+00 -1.612052364285289e-02  3.494510944185572e+00 -1.612052364285290e-02  3.494510944185369e+00 -1.612052364285188e-02 
 1.000000000000009e+02  1.000000269082903e+00 -2.036608948932979e-06  9.000004878638657e-01 -2.111161789876841e-05  9.000002490983385e-01 -2.473598094806382e-05  1.010000313032835e+00  6.420623776857450e-04  9.000005406199052e-01  5.469199546009144e-04  1.815324716819555e-05 -5.079873913382953e-04  1.815932707477375e-05 -5.079872258312811e-04  1.815670270666203e-05 -5.079872972854599e-04  1.813570659869868e-05 -5.079878683028686e-04  1.000001407145795e+00 -4.285580730829205e-04  1.000001407145853e+00 -4.285580730829443e-04  1.000001407145853e+00 -4.285580730829445e-04  1.000001407145795e+00 -4.285580730829209e-04 -4.999731433219452e-01 -5.162751661522619e-04 -4.999731342021842e-01 -5.162749142454345e-04 -4.999731381386937e-01 -5.162750230006163e-04 -4.999731696325137e-01 -5.162758921187394e-04  3.998455877552741e+00  8.072788388615255e-03  3.998455877552972e+00  8.072788388615632e-03  3.998455877552971e+00  8.072788388615635e-03  3.998455877552740e+00  8.072788388615252e-03  3.494864494414543e+00 -1.449655421024186e-02  3.494864494414745e+00 -1.449655421024278e-02  3.494864494414744e+00 -1.449655421024277e-02  3.494864494414542e+00 -1.449655421024186e-02  3.494504556978800e+00 -1.669054712435758e-02  3.494504556979002e+00 -1.669054712435862e-02  3.494504556979001e+00 -1.669054712435861e-02  3.494504556978799e+00 -1.669054712435758e-02 
 1.029200527194437e+02  1.000000281655276e+00 -2.096083611642998e-06  9.000005102983843e-01 -2.172809697814452e-05  9.000002603822863e-01 -2.545828907104168e-05  1.010000328191086e+00  6.608109401307933e-04  9.000005660088277e-01  5.628903103979436e-04  1.814838442987243e-05 -4.841312375089124e-04  1.815422443723902e-05 -4.841310741158776e-04  1.815174735447789e-05 -4.841311434329564e-04  1.813192964966737e-05 -4.841316974151480e-04  1.000001473429992e+00 -4.410723125004230e-04  1.000001473430050e+00 -4.410723125004471e-04  1.000001473430050e+00 -4.410723125004480e-04  1.000001473429992e+00 -4.410723125004228e-04 -4.999731880627908e-01 -4.733161353269335e-04 -4.999731793028803e-01 -4.733158866326764e-04 -4.999731830184618e-01 -4.733159921372569e-04 -4.999732127446777e-01 -4.733168353428870e-04  3.998456678190376e+00  8.192545686683195e-03  3.998456678190605e+00  8.192545686683589e-03  3.998456678190606e+00  8.192545686683587e-03  3.998456678190375e+00  8.192545686683194e-03  3.494858407594556e+00 -1.501634850596616e-02  3.494858407594756e+00 -1.501634850596709e-02  3.494858407594757e+00 -1.501634850596710e-02  3.494858407594555e+00 -1.501634850596616e-02  3.494497787057226e+00 -1.727439314463389e-02  3.494497787057427e+00 -1.727439314463494e-02  3.494497787057428e+00 -1.727439314463495e-02  3.494497787057225e+00 -1.727439314463389e-02 
 1.059253725177299e+02  1.000000294972610e+00 -2.157295406010781e-06  9.000005340622342e-01 -2.236257837905287e-05  9.000002723348517e-01 -2.620168939444926e-05  1.010000344319166e+00  6.801069706996751e-04  9.000005929021425e-01  5.793270094318279e-04  1.814487734042025e-05 -4.606761746519570e-04  1.814749189782416e-05 -4.606760994736826e-04  1.814515377679404e-05 -4.606761667048124e-04  1.812644863530277e-05 -4.606767040239921e-04  1.000001543641804e+00 -4.539519857933416e-04  1.000001543641862e+00 -4.539519857933671e-04  1.000001543641862e+00 -4.539519857933663e-04  1.000001543641804e+00 -4.539519857933416e-04 -4.999732329890367e-01 -4.307492263338366e-04 -4.999732290672479e-01 -4.307491119054832e-04 -4.999732325743871e-01 -4.307492142375088e-04 -4.999732606317583e-01 -4.307500320990383e-04  3.998457528149011e+00  8.319090480542912e-03  3.998457528149243e+00  8.319090480543318e-03  3.998457528149243e+00  8.319090480543322e-03  3.998457528149011e+00  8.319090480542914e-03  3.494851961711501e+00 -1.554857823620536e-02  3.494851961711704e+00 -1.554857823620633e-02  3.494851961711704e+00 -1.554857823620632e-02  3.494851961711502e+00 -1.554857823620536e-02  3.494490617599977e+00 -1.787254482409820e-02  3.494490617600179e+00 -1.787254482409930e-02  3.494490617600179e+00 -1.787254482409930e-02  3.494490617599977e+00 -1.787254482409820e-02 
 1.090184492385138e+02  1.000000309079046e+00 -2.220295079726176e-06  9.000005592341830e-01 -2.301558783614373e-05  9.000002849956513e-01 -2.696679784430777e-05  1.010000361423834e+00  6.999664557899936e-04  9.000006213889885e-01  5.962436692244685e-04  1.814271427519332e-05 -4.376027707138222e-04  1.814528332128029e-05 -4.376026947764947e-04  1.814307647257651e-05 -4.376027600092908e-04  1.812542158041719e-05 -4.376032813919012e-04  1.000001618013894e+00 -4.672077625732412e-04  1.000001618013952e+00 -4.672077625732679e-04  1.000001618013952e+00 -4.672077625732674e-04  1.000001618013894e+00 -4.672077625732412e-04 -4.999732782495651e-01 -3.885391737252790e-04 -4.999732743960453e-01 -3.885390581396005e-04 -4.999732777062760e-01 -3.885391574316710e-04 -4.999733041882737e-01 -3.885399510486587e-04  3.998458416360492e+00  8.452527230550302e-03  3.998458416360723e+00  8.452527230550720e-03  3.998458416360723e+00  8.452527230550717e-03  3.998458416360492e+00  8.452527230550302e-03  3.494845123847349e+00 -1.609368411072831e-02  3.494845123847552e+00 -1.609368411072930e-02  3.494845123847551e+00 -1.609368411072930e-02  3.494845123847349e+00 -1.609368411072831e-02  3.494483013292342e+00 -1.848549743285974e-02  3.494483013292545e+00 -1.848549743286087e-02  3.494483013292544e+00 -1.848549743286087e-02  3.494483013292342e+00 -1.848549743285974e-02 
 1.122018454301974e+02  1.000000324021343e+00 -2.285134860950082e-06  9.000005858976666e-01 -2.368766643789836e-05  9.000002984066519e-01 -2.775424833096753e-05  1.010000379505644e+00  7.204058486183271e-04  9.000006515637916e-01  6.136543049445024e-04  1.814188806481543e-05 -4.148919098267501e-04  1.814441409975220e-05 -4.148918330633969e-04  1.814233118202502e-05 -4.148918963619938e-04  1.812566778719438e-05 -4.148924023185586e-04  1.000001696792806e+00 -4.808506273920562e-04  1.000001696792864e+00 -4.808506273920831e-04  1.000001696792864e+00 -4.808506273920831e-04  1.000001696792806e+00 -4.808506273920558e-04 -4.999733239944112e-01 -3.466510060051497e-04 -4.999733202054106e-01 -3.466508891603282e-04 -4.999733233297446e-01 -3.466509855098378e-04 -4.999733483244967e-01 -3.466517556576347e-04  3.998459352912173e+00  8.592966673628048e-03  3.998459352912404e+00  8.592966673628475e-03  3.998459352912403e+00  8.592966673628476e-03  3.998459352912172e+00  8.592966673628051e-03  3.494837877291423e+00 -1.665211710940015e-02  3.494837877291624e+00 -1.665211710940117e-02  3.494837877291624e+00 -1.665211710940116e-02  3.494837877291422e+00 -1.665211710940014e-02  3.494474954883427e+00 -1.911375811299021e-02  3.494474954883628e+00 -1.911375811299137e-02  3.494474954883628e+00 -1.911375811299136e-02  3.494474954883426e+00 -1.911375811299020e-02 
 1.154781984689469e+02  1.000000339849029e+00 -2.351868522400701e-06  9.000006141410648e-01 -2.437937109403123e-05  9.000003126123061e-01 -2.856469329304922e-05  1.010000398615408e+00  7.414420828269024e-04  9.000006835265678e-01  6.315733410006331e-04  1.814239597103251e-05 -3.925247764689801e-04  1.814488135210013e-05 -3.925246988127977e-04  1.814291542584501e-05 -3.925247602403531e-04  1.812718807187030e-05 -3.925252512604555e-04  1.000001780239662e+00 -4.948918845426477e-04  1.000001780239719e+00 -4.948918845426752e-04  1.000001780239719e+00 -4.948918845426754e-04  1.000001780239662e+00 -4.948918845426477e-04 -4.999733703752009e-01 -3.050500188009392e-04 -4.999733666471831e-01 -3.050499005953938e-04 -4.999733695960302e-01 -3.050499940982460e-04 -4.999733931867216e-01 -3.050507415205112e-04  3.998460340908363e+00  8.740525156955377e-03  3.998460340908594e+00  8.740525156955814e-03  3.998460340908593e+00  8.740525156955817e-03  3.998460340908363e+00  8.740525156955377e-03  3.494830198032790e+00 -1.722433932718898e-02  3.494830198032991e+00 -1.722433932719003e-02  3.494830198032990e+00 -1.722433932719002e-02  3.494830198032790e+00 -1.722433932718898e-02  3.494466415672178e+00 -1.975784675436115e-02  3.494466415672379e+00 -1.975784675436235e-02  3.494466415672378e+00 -1.975784675436234e-02  3.494466415672178e+00 -1.975784675436115e-02 
 1.188502227437029e+02  1.000000356614565e+00 -2.420551450382324e-06  9.000006440579925e-01 -2.509127501935212e-05  9.000003276596997e-01 -2.939880426003440e-05  1.010000418910683e+00  7.630925864838973e-04  9.000007173832625e-01  6.500156229707673e-04  1.814423967821943e-05 -3.704828398792684e-04  1.814668662747376e-05 -3.704827612633386e-04  1.814483118839361e-05 -3.704828208774142e-04  1.812998747408034e-05 -3.704832974350449e-04  1.000001868631052e+00 -5.093431685495940e-04  1.000001868631110e+00 -5.093431685496228e-04  1.000001868631110e+00 -5.093431685496225e-04  1.000001868631052e+00 -5.093431685495939e-04 -4.999734175456662e-01 -2.637017455526330e-04 -4.999734138752981e-01 -2.637016258845981e-04 -4.999734166584142e-01 -2.637017166282347e-04 -4.999734389236468e-01 -2.637024420450063e-04  3.998461383623870e+00  8.895324925153335e-03  3.998461383624101e+00  8.895324925153790e-03  3.998461383624101e+00  8.895324925153788e-03  3.998461383623869e+00  8.895324925153335e-03  3.494822060627273e+00 -1.781082423325853e-02  3.494822060627475e+00 -1.781082423325961e-02  3.494822060627475e+00 -1.781082423325961e-02  3.494822060627272e+00 -1.781082423325852e-02  3.494457367364970e+00 -2.041829630505864e-02  3.494457367365171e+00 -2.041829630505987e-02  3.494457367365171e+00 -2.041829630505988e-02  3.494457367364969e+00 -2.041829630505864e-02 
 1.223207119049943e+02  1.000000374373524e+00 -2.491240584137245e-06  9.000006757476127e-01 -2.582396811324586e-05  9.000003435987086e-01 -3.025727231276261e-05  1.010000440371150e+00  7.853752966520366e-04  9.000007532460964e-01  6.689964299980914e-04  1.814742529732127e-05 -3.487478387025035e-04  1.814983591036379e-05 -3.487477590582226e-04  1.814808473660223e-05 -3.487478169175474e-04  1.813407527284649e-05 -3.487482794660001e-04  1.000001962259959e+00 -5.242164537131427e-04  1.000001962260016e+00 -5.242164537131724e-04  1.000001962260016e+00 -5.242164537131724e-04  1.000001962259959e+00 -5.242164537131427e-04 -4.999734656621574e-01 -2.225719290015537e-04 -4.999734620462959e-01 -2.225718077667186e-04 -4.999734646730146e-01 -2.225718958403586e-04 -4.999734856868713e-01 -2.225725999403133e-04  3.998462484514955e+00  9.057494221959646e-03  3.998462484515186e+00  9.057494221960109e-03  3.998462484515186e+00  9.057494221960111e-03  3.998462484514954e+00  9.057494221959646e-03  3.494813438113375e+00 -1.841205705834247e-02  3.494813438113576e+00 -1.841205705834358e-02  3.494813438113576e+00 -1.841205705834359e-02  3.494813438113374e+00 -1.841205705834247e-02  3.494447779982098e+00 -2.109565320758084e-02  3.494447779982299e+00 -2.109565320758211e-02  3.494447779982299e+00 -2.109565320758212e-02  3.494447779982097e+00 -2.109565320758084e-02 
 1.258925411794179e+02  1.000000393184769e+00 -2.563994592063256e-06  9.000007093149661e-01 -2.657805756504470e-05  9.000003604821655e-01 -3.114080877215006e-05  1.010000463139256e+00  8.083086740938044e-04  9.000007912339435e-01  6.885314873344007e-04  1.815196338861291e-05 -3.273017658589285e-04  1.815433963986424e-05 -3.273016851182438e-04  1.815268690164018e-05 -3.273017412771613e-04  1.813946501871833e-05 -3.273021902555233e-04  1.000002061436725e+00 -5.395240641712175e-04  1.000002061436783e+00 -5.395240641712475e-04  1.000002061436783e+00 -5.395240641712480e-04  1.000002061436725e+00 -5.395240641712175e-04 -4.999735148841615e-01 -1.816264927348625e-04 -4.999735113198452e-01 -1.816263698297260e-04 -4.999735137989106e-01 -1.816264553159471e-04 -4.999735336313961e-01 -1.816271387662326e-04  3.998463647230625e+00  9.227167395922498e-03  3.998463647230855e+00  9.227167395922980e-03  3.998463647230856e+00  9.227167395922980e-03  3.998463647230625e+00  9.227167395922498e-03  3.494804301922884e+00 -1.902853519228227e-02  3.494804301923085e+00 -1.902853519228341e-02  3.494804301923086e+00 -1.902853519228341e-02  3.494804301922884e+00 -1.902853519228227e-02  3.494437621758393e+00 -2.179047784659339e-02  3.494437621758594e+00 -2.179047784659468e-02  3.494437621758595e+00 -2.179047784659469e-02  3.494437621758393e+00 -2.179047784659339e-02 
 1.295686697517032e+02  1.000000413110653e+00 -2.638873822475819e-06  9.000007448713152e-01 -2.735416826958209e-05  9.000003783660323e-01 -3.205014570048077e-05  1.010000487263974e+00  8.319117186852279e-04  9.000008314727184e-01  7.086369794573021e-04  1.815786899361793e-05 -3.061268536257981e-04  1.816021274425594e-05 -3.061267717190584e-04  1.815865295679009e-05 -3.061268262312423e-04  1.814617457651657e-05 -3.061272620624530e-04  1.000002166490081e+00 -5.552786840255640e-04  1.000002166490139e+00 -5.552786840255953e-04  1.000002166490139e+00 -5.552786840255957e-04  1.000002166490081e+00 -5.552786840255641e-04 -4.999735653748283e-01 -1.408315129953202e-04 -4.999735618592661e-01 -1.408313883139674e-04 -4.999735641989050e-01 -1.408314712942968e-04 -4.999735829161374e-01 -1.408321347376093e-04  3.998464875624843e+00  9.404485012060457e-03  3.998464875625074e+00  9.404485012060952e-03  3.998464875625075e+00  9.404485012060950e-03  3.998464875624843e+00  9.404485012060456e-03  3.494794621786428e+00 -1.966076859040086e-02  3.494794621786630e+00 -1.966076859040204e-02  3.494794621786632e+00 -1.966076859040205e-02  3.494794621786428e+00 -1.966076859040086e-02  3.494426859038195e+00 -2.250334500695354e-02  3.494426859038398e+00 -2.250334500695488e-02  3.494426859038399e+00 -2.250334500695490e-02  3.494426859038195e+00 -2.250334500695354e-02 
 1.333521432163337e+02  1.000000434217222e+00 -2.715940372727727e-06  9.000007825345148e-01 -2.815294336271721e-05  9.000003973095864e-01 -3.298603652515377e-05  1.010000512757198e+00  8.562039851348454e-04  9.000008740957977e-01  7.293295634627259e-04  1.816516168839932e-05 -2.852055589180045e-04  1.816747469135516e-05 -2.852054757759393e-04  1.816600261755896e-05 -2.852055286925861e-04  1.815422618656193e-05 -2.852059517828964e-04  1.000002277768236e+00 -5.714933678842948e-04  1.000002277768294e+00 -5.714933678843271e-04  1.000002277768294e+00 -5.714933678843270e-04  1.000002277768236e+00 -5.714933678842950e-04 -4.999736173015132e-01 -1.001531905593464e-04 -4.999736138320751e-01 -1.001530639964145e-04 -4.999736160401436e-01 -1.001531445486816e-04 -4.999736337044524e-01 -1.001537886024002e-04  3.998466173769322e+00  9.589593968208732e-03  3.998466173769553e+00  9.589593968209241e-03  3.998466173769552e+00  9.589593968209242e-03  3.998466173769322e+00  9.589593968208729e-03  3.494784365633377e+00 -2.030928019020630e-02  3.494784365633580e+00 -2.030928019020751e-02  3.494784365633579e+00 -2.030928019020750e-02  3.494784365633378e+00 -2.030928019020630e-02  3.494415456164050e+00 -2.323484434353573e-02  3.494415456164252e+00 -2.323484434353711e-02  3.494415456164251e+00 -2.323484434353710e-02  3.494415456164050e+00 -2.323484434353574e-02 
 1.372460961007575e+02  1.000000456574438e+00 -2.795258226667678e-06  9.000008224294058e-01 -2.897504483224427e-05  9.000004173756194e-01 -3.394925674033542e-05  1.010000539792187e+00  8.812055990814501e-04  9.000009192444618e-01  7.506263827888896e-04  1.817386564589851e-05 -2.645205487506569e-04  1.817614955224034e-05 -2.645204643021159e-04  1.817476031668042e-05 -2.645205156724424e-04  1.816364653750568e-05 -2.645209264158859e-04  1.000002395640034e+00 -5.881815517795965e-04  1.000002395640092e+00 -5.881815517796294e-04  1.000002395640092e+00 -5.881815517796295e-04  1.000002395640034e+00 -5.881815517795963e-04 -4.999736708363312e-01 -5.955782267782575e-05 -4.999736674105411e-01 -5.955769412511359e-05 -4.999736694943520e-01 -5.955777232409382e-05 -4.999736861646833e-01 -5.955839758709752e-05  3.998467545966888e+00  9.782647616323938e-03  3.998467545967118e+00  9.782647616324462e-03  3.998467545967119e+00  9.782647616324459e-03  3.998467545966887e+00  9.782647616323937e-03  3.494773499485593e+00 -2.097460633857006e-02  3.494773499485794e+00 -2.097460633857130e-02  3.494773499485795e+00 -2.097460633857131e-02  3.494773499485591e+00 -2.097460633857005e-02  3.494403375358586e+00 -2.398558086304244e-02  3.494403375358788e+00 -2.398558086304385e-02  3.494403375358788e+00 -2.398558086304386e-02  3.494403375358585e+00 -2.398558086304243e-02 
 1.412537544622768e+02  1.000000480256404e+00 -2.876893200975195e-06  9.000008646882250e-01 -2.982115397104962e-05  9.000004386306429e-01 -3.494060445347918e-05  1.010000568447266e+00  9.069372738981969e-04  9.000009670683615e-01  7.725450815167207e-04  1.818400971681511e-05 -2.440546858796442e-04  1.818626608129925e-05 -2.440546000523369e-04  1.818495506922257e-05 -2.440546499229391e-04  1.817446685470347e-05 -2.440550487001073e-04  1.000002520496171e+00 -6.053570642102699e-04  1.000002520496228e+00 -6.053570642103040e-04  1.000002520496229e+00 -6.053570642103037e-04  1.000002520496170e+00 -6.053570642102696e-04 -4.999737261567271e-01 -1.901177519820961e-05 -4.999737227722530e-01 -1.901164454578536e-05 -4.999737247387288e-01 -1.901172046230349e-05 -4.999737404707136e-01 -1.901232751307400e-05  3.998468996765873e+00  9.983805889917746e-03  3.998468996766103e+00  9.983805889918283e-03  3.998468996766103e+00  9.983805889918282e-03  3.998468996765872e+00  9.983805889917740e-03  3.494761987345164e+00 -2.165729722875710e-02  3.494761987345365e+00 -2.165729722875838e-02  3.494761987345366e+00 -2.165729722875838e-02  3.494761987345163e+00 -2.165729722875710e-02  3.494390576599689e+00 -2.475617541721879e-02  3.494390576599891e+00 -2.475617541722025e-02  3.494390576599891e+00 -2.475617541722026e-02  3.494390576599688e+00 -2.475617541721879e-02 
 1.453784385607676e+02  1.000000505341621e+00 -2.960913047247549e-06  9.000009094510445e-01 -3.069197198514592e-05  9.000004611451096e-01 -3.596090108939483e-05  1.010000598818972e+00  9.334203277970550e-04  9.000010177260163e-01  7.951038189463831e-04  1.819562752569670e-05 -2.237910146016327e-04  1.819785781204120e-05 -2.237909273229498e-04  1.819662061497418e-05 -2.237909757414759e-04  1.818672300385460e-05 -2.237913629170108e-04  1.000002652750495e+00 -6.230341376652281e-04  1.000002652750553e+00 -6.230341376652633e-04  1.000002652750553e+00 -6.230341376652630e-04  1.000002652750495e+00 -6.230341376652280e-04 -4.999737834460654e-01  2.151854533867389e-05 -4.999737801007121e-01  2.151867820124090e-05 -4.999737819564652e-01  2.151860449476449e-05 -4.999737968025451e-01  2.151801510193033e-05  3.998470530975187e+00  1.019323543631913e-02  3.998470530975420e+00  1.019323543631968e-02  3.998470530975419e+00  1.019323543631968e-02  3.998470530975187e+00  1.019323543631913e-02  3.494749791075330e+00 -2.235791734884166e-02  3.494749791075533e+00 -2.235791734884299e-02  3.494749791075533e+00 -2.235791734884299e-02  3.494749791075330e+00 -2.235791734884166e-02  3.494377017488101e+00 -2.554726520904551e-02  3.494377017488304e+00 -2.554726520904703e-02  3.494377017488304e+00 -2.554726520904703e-02  3.494377017488101e+00 -2.554726520904551e-02 
 1.496235656094448e+02  1.000000531913233e+00 -3.047387481896864e-06  9.000009568662368e-01 -3.158822055186325e-05  9.000004849936459e-01 -3.701099204722611e-05  1.010000630964634e+00  9.606767015238181e-04  9.000010713853380e-01  8.183212846671938e-04  1.820875758173912e-05 -2.037127467061283e-04  1.821096316662052e-05 -2.037126579020821e-04  1.820979569966408e-05 -2.037127049109676e-04  1.820045561007344e-05 -2.037130808398097e-04  1.000002792841375e+00 -6.412274204096093e-04  1.000002792841433e+00 -6.412274204096455e-04  1.000002792841433e+00 -6.412274204096454e-04  1.000002792841375e+00 -6.412274204096091e-04 -4.999738428942340e-01  6.206671952966858e-05 -4.999738395859366e-01  6.206685471489659e-05 -4.999738413370948e-01  6.206678315395432e-05 -4.999738553468926e-01  6.206621087945708e-05  3.998472153680112e+00  1.041110975477677e-02  3.998472153680344e+00  1.041110975477734e-02  3.998472153680344e+00  1.041110975477734e-02  3.998472153680110e+00  1.041110975477677e-02  3.494736870274229e+00 -2.307704594103541e-02  3.494736870274431e+00 -2.307704594103678e-02  3.494736870274430e+00 -2.307704594103677e-02  3.494736870274227e+00 -2.307704594103540e-02  3.494362653107074e+00 -2.635950431147921e-02  3.494362653107277e+00 -2.635950431148076e-02  3.494362653107276e+00 -2.635950431148076e-02  3.494362653107072e+00 -2.635950431147920e-02 
 1.539926526059507e+02  1.000000560059317e+00 -3.136388283737995e-06  9.000010070909650e-01 -3.251064245452489e-05  9.000005102553008e-01 -3.809174743675267e-05  1.010000664987039e+00  9.887289764890204e-04  9.000011282241865e-01  8.422167140075846e-04  1.822344340707271e-05 -1.838032475646674e-04  1.822562558578822e-05 -1.838031571600972e-04  1.822452388633433e-05 -1.838032028044658e-04  1.821571019317014e-05 -1.838035678264673e-04  1.000002941233157e+00 -6.599519886834054e-04  1.000002941233215e+00 -6.599519886834423e-04  1.000002941233215e+00 -6.599519886834423e-04  1.000002941233157e+00 -6.599519886834052e-04 -4.999739046982797e-01  1.026663429662996e-04 -4.999739014250950e-01  1.026664805884898e-04 -4.999739030776020e-01  1.026664111044702e-04 -4.999739162978055e-01  1.026658554316459e-04  3.998473870259430e+00  1.063760933999114e-02  3.998473870259660e+00  1.063760933999173e-02  3.998473870259660e+00  1.063760933999173e-02  3.998473870259428e+00  1.063760933999114e-02  3.494723182141506e+00 -2.381527747271052e-02  3.494723182141708e+00 -2.381527747271191e-02  3.494723182141708e+00 -2.381527747271191e-02  3.494723182141505e+00 -2.381527747271051e-02  3.494347435874044e+00 -2.719356419956595e-02  3.494347435874245e+00 -2.719356419956754e-02  3.494347435874245e+00 -2.719356419956754e-02  3.494347435874043e+00 -2.719356419956594e-02 
 1.584893192461129e+02  1.000000589873167e+00 -3.227989356710348e-06  9.000010602917061e-01 -3.346000220179455e-05  9.000005370138078e-01 -3.920406280225225e-05  1.010000701033805e+00  1.017600393474096e-03  9.000011884309637e-01  8.668099039702671e-04  1.823973368036969e-05 -1.640460223484129e-04  1.824189367027884e-05 -1.640459302672419e-04  1.824085407658993e-05 -1.640459745885143e-04  1.823253731642049e-05 -1.640463290337283e-04  1.000003098417698e+00 -6.792233592200178e-04  1.000003098417756e+00 -6.792233592200559e-04  1.000003098417756e+00 -6.792233592200560e-04  1.000003098417698e+00 -6.792233592200176e-04 -4.999739690630547e-01  1.433510540852807e-04 -4.999739658231571e-01  1.433511942601310e-04 -4.999739673825057e-01  1.433511267900776e-04 -4.999739798573097e-01  1.433505872170857e-04  3.998475686402895e+00  1.087292183155998e-02  3.998475686403125e+00  1.087292183156058e-02  3.998475686403126e+00  1.087292183156058e-02  3.998475686402894e+00  1.087292183155998e-02  3.494708681336570e+00 -2.457322211911356e-02  3.494708681336771e+00 -2.457322211911499e-02  3.494708681336772e+00 -2.457322211911500e-02  3.494708681336570e+00 -2.457322211911355e-02  3.494331315383073e+00 -2.805013429596733e-02  3.494331315383274e+00 -2.805013429596895e-02  3.494331315383274e+00 -2.805013429596896e-02  3.494331315383072e+00 -2.805013429596731e-02 
 1.631172909227854e+02  1.000000621453605e+00 -3.322266779527141e-06  9.000011166448022e-01 -3.443708665174315e-05  9.000005653578609e-01 -4.034885985409080e-05  1.010000739268302e+00  1.047314871901899e-03  9.000012522052336e-01  8.921212296462837e-04  1.825768239910319e-05 -1.444247023616922e-04  1.825982134445736e-05 -1.444246085260594e-04  1.825884038819670e-05 -1.444246515633013e-04  1.825099275681863e-05 -1.444249957513419e-04  1.000003264916002e+00 -6.990575021173251e-04  1.000003264916060e+00 -6.990575021173644e-04  1.000003264916060e+00 -6.990575021173646e-04  1.000003264916002e+00 -6.990575021173251e-04 -4.999740362018997e-01  1.841545620482723e-04 -4.999740329935736e-01  1.841547048941793e-04 -4.999740344649657e-01  1.841546393786804e-04 -4.999740462360767e-01  1.841541154195452e-04  3.998477608130409e+00  1.111724216941286e-02  3.998477608130642e+00  1.111724216941348e-02  3.998477608130641e+00  1.111724216941348e-02  3.998477608130409e+00  1.111724216941286e-02  3.494693319828884e+00 -2.535150625814687e-02  3.494693319829087e+00 -2.535150625814837e-02  3.494693319829086e+00 -2.535150625814836e-02  3.494693319828884e+00 -2.535150625814687e-02  3.494314238238386e+00 -2.892992253032088e-02  3.494314238238589e+00 -2.892992253032258e-02  3.494314238238588e+00 -2.892992253032257e-02  3.494314238238386e+00 -2.892992253032087e-02 
 1.678804018122577e+02  1.000000654905307e+00 -3.419298823862315e-06  9.000011763370424e-01 -3.544270562461400e-05  9.000005953814111e-01 -4.152708719205955e-05  1.010000779783675e+00  1.077897029709921e-03  9.000013197583839e-01  9.181716611381195e-04  1.827734905707201e-05 -1.249230314758560e-04  1.827946803184544e-05 -1.249229358064808e-04  1.827854243202642e-05 -1.249229775992340e-04  1.827113768815281e-05 -1.249233118382388e-04  1.000003441279943e+00 -7.194708540534455e-04  1.000003441280001e+00 -7.194708540534860e-04  1.000003441280001e+00 -7.194708540534860e-04  1.000003441279943e+00 -7.194708540534456e-04 -4.999741063373517e-01  2.251106746712162e-04 -4.999741031589858e-01  2.251108203087313e-04 -4.999741045473433e-01  2.251107566876776e-04 -4.999741156541233e-01  2.251102478738333e-04  3.998479641811809e+00  1.137077275541032e-02  3.998479641812040e+00  1.137077275541096e-02  3.998479641812040e+00  1.137077275541096e-02  3.998479641811807e+00  1.137077275541032e-02  3.494677046739159e+00 -2.615077297750132e-02  3.494677046739362e+00 -2.615077297750284e-02  3.494677046739362e+00 -2.615077297750284e-02  3.494677046739159e+00 -2.615077297750132e-02  3.494296147877832e+00 -2.983365591276405e-02  3.494296147878035e+00 -2.983365591276579e-02  3.494296147878035e+00 -2.983365591276579e-02  3.494296147877832e+00 -2.983365591276405e-02 
 1.727825980507880e+02  1.000000690339156e+00 -3.519165998090382e-06  9.000012395662860e-01 -3.647769255607547e-05  9.000006271839749e-01 -4.273972107235869e-05  1.010000822573707e+00  1.109372203773704e-03  9.000013913143324e-01  9.449827809546296e-04  1.829879884357455e-05 -1.055248526625193e-04  1.829977871059540e-05 -1.055248071329265e-04  1.829890534427170e-05 -1.055248477143460e-04  1.829191873720104e-05 -1.055251722610026e-04  1.000003628094125e+00 -7.404803325609206e-04  1.000003628094183e+00 -7.404803325609620e-04  1.000003628094183e+00 -7.404803325609620e-04  1.000003628094125e+00 -7.404803325609204e-04 -4.999741797018921e-01  2.662533267623386e-04 -4.999741782321387e-01  2.662533960720980e-04 -4.999741795421461e-01  2.662533342949583e-04 -4.999741900217210e-01  2.662528402352222e-04  3.998481796706531e+00  1.163372373281918e-02  3.998481796706764e+00  1.163372373281984e-02  3.998481796706763e+00  1.163372373281984e-02  3.998481796706530e+00  1.163372373281918e-02  3.494659810268235e+00 -2.697168252483296e-02  3.494659810268438e+00 -2.697168252483454e-02  3.494659810268437e+00 -2.697168252483454e-02  3.494659810268234e+00 -2.697168252483295e-02  3.494276986482837e+00 -3.076208105464362e-02  3.494276986483041e+00 -3.076208105464542e-02  3.494276986483040e+00 -3.076208105464542e-02  3.494276986482836e+00 -3.076208105464361e-02 
 1.778279410038940e+02  1.000000727872600e+00 -3.621951384002960e-06  9.000013065421145e-01 -3.754290543216828e-05  9.000006608709668e-01 -4.398776645951311e-05  1.010000868015211e+00  1.141766470573653e-03  9.000014671102595e-01  9.725768016515565e-04  1.832210285745983e-05 -8.621409460455475e-05  1.832312799143754e-05 -8.621404557673833e-05  1.832230397019741e-05 -8.621408498674798e-05  1.831571207849825e-05 -8.621440017524677e-05  1.000003825977702e+00 -7.621033477471073e-04  1.000003825977760e+00 -7.621033477471505e-04  1.000003825977760e+00 -7.621033477471506e-04  1.000003825977702e+00 -7.621033477471079e-04 -4.999742565386626e-01  3.076166070960034e-04 -4.999742550010138e-01  3.076166817310247e-04 -4.999742562370039e-01  3.076166217371984e-04 -4.999742661245059e-01  3.076161419242538e-04  3.998484074769694e+00  1.190631270876034e-02  3.998484074769926e+00  1.190631270876102e-02  3.998484074769924e+00  1.190631270876102e-02  3.998484074769693e+00  1.190631270876034e-02  3.494641549012412e+00 -2.781491312323696e-02  3.494641549012615e+00 -2.781491312323858e-02  3.494641549012614e+00 -2.781491312323857e-02  3.494641549012412e+00 -2.781491312323696e-02  3.494256686274403e+00 -3.171596504494570e-02  3.494256686274606e+00 -3.171596504494754e-02  3.494256686274604e+00 -3.171596504494754e-02  3.494256686274403e+00 -3.171596504494570e-02 
 1.830206106311074e+02  1.000000767630050e+00 -3.727740265894096e-06  9.000013774865299e-01 -3.863922710594512e-05  9.000006965540466e-01 -4.527225746329338e-05  1.010000916071426e+00  1.175106668334027e-03  9.000015473974042e-01  1.000976584633076e-03  1.834733834454871e-05 -6.697475837835743e-05  1.834840609116206e-05 -6.697470581374146e-05  1.834762862784611e-05 -6.697474408832099e-05  1.834140939799278e-05 -6.697505019603574e-05  1.000004035586608e+00 -7.843578202469239e-04  1.000004035586666e+00 -7.843578202469680e-04  1.000004035586666e+00 -7.843578202469677e-04  1.000004035586608e+00 -7.843578202469243e-04 -4.999743371023581e-01  3.492347884260824e-04 -4.999743355007957e-01  3.492348684450016e-04 -4.999743366669487e-01  3.492348101797617e-04 -4.999743459954580e-01  3.492343441917523e-04  3.998486486221507e+00  1.218876561684191e-02  3.998486486221737e+00  1.218876561684261e-02  3.998486486221737e+00  1.218876561684261e-02  3.998486486221507e+00  1.218876561684190e-02  3.494622204719052e+00 -2.868116109133324e-02  3.494622204719253e+00 -2.868116109133489e-02  3.494622204719253e+00 -2.868116109133488e-02  3.494622204719051e+00 -2.868116109133324e-02  3.494235182246776e+00 -3.269609565638912e-02  3.494235182246977e+00 -3.269609565639101e-02  3.494235182246977e+00 -3.269609565639099e-02  3.494235182246776e+00 -3.269609565638912e-02 
 1.883649089489819e+02  1.000000809743288e+00 -3.836620617329168e-06  9.000014526346880e-01 -3.976756640511995e-05  9.000007343514913e-01 -4.659425857006549e-05  1.010000967030129e+00  1.209420418757254e-03  9.000016324418904e-01  1.030205658720909e-03  1.837458895287414e-05 -4.779090419642940e-05  1.837569679841167e-05 -4.779084805284434e-05  1.837496330991950e-05 -4.779088522549070e-05  1.836909587454860e-05 -4.779118252312117e-05  1.000004257615610e+00 -8.072621938886089e-04  1.000004257615668e+00 -8.072621938886540e-04  1.000004257615668e+00 -8.072621938886540e-04  1.000004257615610e+00 -8.072621938886089e-04 -4.999744216600087e-01  3.911423547964983e-04 -4.999744199983034e-01  3.911424402633933e-04 -4.999744210984946e-01  3.911423836758123e-04 -4.999744298993124e-01  3.911419311010090e-04  3.998489039055071e+00  1.248131644543718e-02  3.998489039055302e+00  1.248131644543790e-02  3.998489039055302e+00  1.248131644543790e-02  3.998489039055073e+00  1.248131644543719e-02  3.494601713329673e+00 -2.957114169067996e-02  3.494601713329875e+00 -2.957114169068167e-02  3.494601713329875e+00 -2.957114169068167e-02  3.494601713329675e+00 -2.957114169067998e-02  3.494212403188825e+00 -3.370328225761397e-02  3.494212403189027e+00 -3.370328225761592e-02  3.494212403189027e+00 -3.370328225761592e-02  3.494212403188826e+00 -3.370328225761399e-02 
 1.938652635952227e+02  1.000000854351904e+00 -3.948682881202389e-06  9.000015322356788e-01 -4.092885862335038e-05  9.000007743885861e-01 -4.795486526127085e-05  1.010001020991178e+00  1.244736150265789e-03  9.000017225256128e-01  1.060288239914736e-03  1.840394500990383e-05 -2.864663819879276e-05  1.840509057443596e-05 -2.864657843163561e-05  1.840439860251175e-05 -2.864661453452202e-05  1.839886328047768e-05 -2.864690328374490e-05  1.000004492800643e+00 -8.308354513916869e-04  1.000004492800701e+00 -8.308354513917335e-04  1.000004492800701e+00 -8.308354513917333e-04  1.000004492800643e+00 -8.308354513916864e-04 -4.999745104918854e-01  4.333740303266985e-04 -4.999745087736086e-01  4.333741213093514e-04 -4.999745098115240e-01  4.333740663504845e-04 -4.999745181141720e-01  4.333736267908786e-04  3.998491741732180e+00  1.278420754770521e-02  3.998491741732411e+00  1.278420754770595e-02  3.998491741732411e+00  1.278420754770595e-02  3.998491741732179e+00  1.278420754770521e-02  3.494580006991023e+00 -3.048558962748650e-02  3.494580006991225e+00 -3.048558962748826e-02  3.494580006991225e+00 -3.048558962748826e-02  3.494580006991022e+00 -3.048558962748649e-02  3.494188273671325e+00 -3.473835639340674e-02  3.494188273671527e+00 -3.473835639340874e-02  3.494188273671526e+00 -3.473835639340874e-02  3.494188273671324e+00 -3.473835639340672e-02 
 1.995262314968900e+02  1.000000901603759e+00 -4.064020230257150e-06  9.000016165533510e-01 -4.212406646419102e-05  9.000008167980392e-01 -4.935520508817176e-05  1.010001078178208e+00  1.281083121333498e-03  9.000018179471668e-01  1.091249251291670e-03  1.843550382263359e-05 -9.526099282303234e-06  1.843668485007610e-05 -9.526035843101534e-06  1.843603206752586e-05 -9.526070908528767e-06  1.843081028590765e-05 -9.526351361608906e-06  1.000004741921249e+00 -8.550971303292858e-04  1.000004741921307e+00 -8.550971303293326e-04  1.000004741921307e+00 -8.550971303293335e-04  1.000004741921249e+00 -8.550971303292853e-04 -4.999746038924237e-01  4.759648081054778e-04 -4.999746021209580e-01  4.759649046775266e-04 -4.999746031000901e-01  4.759648512982499e-04 -4.999746109324274e-01  4.759644243701186e-04  3.998494603211314e+00  1.309768984149525e-02  3.998494603211544e+00  1.309768984149601e-02  3.998494603211545e+00  1.309768984149601e-02  3.998494603211314e+00  1.309768984149525e-02  3.494557013830990e+00 -3.142525964239997e-02  3.494557013831192e+00 -3.142525964240178e-02  3.494557013831193e+00 -3.142525964240178e-02  3.494557013830990e+00 -3.142525964239997e-02  3.494162713797849e+00 -3.580217245274784e-02  3.494162713798051e+00 -3.580217245274990e-02  3.494162713798052e+00 -3.580217245274991e-02  3.494162713797849e+00 -3.580217245274784e-02 
 2.053525026457167e+02  1.000000951655479e+00 -4.182728485874627e-06  9.000017058671906e-01 -4.335418069834793e-05  9.000008617204239e-01 -5.079643846358363e-05  1.010001138681883e+00  1.318491444921481e-03  9.000019190228457e-01  1.123114343801510e-03  1.846936999871929e-05  9.586554045055940e-06  1.847058435144877e-05  9.586621207264461e-06  1.846996857263195e-05  9.586587149201776e-06  1.846504278579797e-05  9.586314746969657e-06  1.000005005803162e+00 -8.800673392106533e-04  1.000005005803220e+00 -8.800673392107025e-04  1.000005005803220e+00 -8.800673392107025e-04  1.000005005803162e+00 -8.800673392106533e-04 -4.999747021712036e-01  5.189499791414410e-04 -4.999747003497566e-01  5.189500813803105e-04 -4.999747012733833e-01  5.189500295348437e-04 -4.999747086617286e-01  5.189496148650598e-04  3.998497632977306e+00  1.342202301771264e-02  3.998497632977537e+00  1.342202301771342e-02  3.998497632977537e+00  1.342202301771342e-02  3.998497632977306e+00  1.342202301771264e-02  3.494532657721408e+00 -3.239092711392701e-02  3.494532657721610e+00 -3.239092711392887e-02  3.494532657721610e+00 -3.239092711392888e-02  3.494532657721408e+00 -3.239092711392701e-02  3.494135638941084e+00 -3.689560835264552e-02  3.494135638941287e+00 -3.689560835264764e-02  3.494135638941286e+00 -3.689560835264764e-02  3.494135638941084e+00 -3.689560835264552e-02 
 2.113489039836668e+02  1.000001004672965e+00 -4.304906437890704e-06  9.000018004732417e-01 -4.462022120333883e-05  9.000009093046422e-01 -5.227975983979555e-05  1.010001202828370e+00  1.356992113139385e-03  9.000020260876802e-01  1.155909917306449e-03  1.850565579503138e-05  2.870715679020852e-05  1.850690144572509e-05  2.870722773054514e-05  1.850632059990920e-05  2.870719465001875e-05  1.850167425099247e-05  2.870693006088034e-05  1.000005285321041e+00 -9.057667744404745e-04  1.000005285321099e+00 -9.057667744405249e-04  1.000005285321099e+00 -9.057667744405249e-04  1.000005285321041e+00 -9.057667744404749e-04 -4.999748056539721e-01  5.623651617573830e-04 -4.999748037855856e-01  5.623652697467869e-04 -4.999748046568126e-01  5.623652193897579e-04 -4.999748116260013e-01  5.623648166166652e-04  3.998500841072852e+00  1.375747575434878e-02  3.998500841073082e+00  1.375747575434959e-02  3.998500841073082e+00  1.375747575434959e-02  3.998500841072851e+00  1.375747575434878e-02  3.494506858026832e+00 -3.338338867842406e-02  3.494506858027033e+00 -3.338338867842597e-02  3.494506858027033e+00 -3.338338867842598e-02  3.494506858026831e+00 -3.338338867842406e-02  3.494106959463536e+00 -3.801956624073914e-02  3.494106959463737e+00 -3.801956624074131e-02  3.494106959463737e+00 -3.801956624074132e-02  3.494106959463535e+00 -3.801956624073914e-02 
 2.175204034019545e+02  1.000001060831954e+00 -4.430655649591129e-06  9.000019006850919e-01 -4.592323756193481e-05  9.000009597084186e-01 -5.380639844915316e-05  1.010001270751944e+00  1.396617023261622e-03  9.000021394965574e-01  1.189663142707238e-03  1.854448148885801e-05  4.785155060059584e-05  1.854575651394352e-05  4.785162537656934e-05  1.854520864441600e-05  4.785159324445574e-05  1.854082610380781e-05  4.785133623990442e-05  1.000005581401372e+00 -9.322167372532734e-04  1.000005581401430e+00 -9.322167372533259e-04  1.000005581401430e+00 -9.322167372533261e-04  1.000005581401372e+00 -9.322167372532734e-04 -4.999749146837257e-01  6.062463310076408e-04 -4.999749127712850e-01  6.062464448349253e-04 -4.999749135930477e-01  6.062463959220360e-04 -4.999749201665239e-01  6.062460046979979e-04  3.998504238131752e+00  1.410432594000471e-02  3.998504238131982e+00  1.410432594000554e-02  3.998504238131982e+00  1.410432594000553e-02  3.998504238131751e+00  1.410432594000471e-02  3.494479529338557e+00 -3.440346286380676e-02  3.494479529338758e+00 -3.440346286380871e-02  3.494479529338758e+00 -3.440346286380872e-02  3.494479529338557e+00 -3.440346286380675e-02  3.494076580421845e+00 -3.917497321387458e-02  3.494076580422046e+00 -3.917497321387681e-02  3.494076580422046e+00 -3.917497321387681e-02  3.494076580421845e+00 -3.917497321387457e-02 
 2.238721138568363e+02  1.000001120318594e+00 -4.560080749828075e-06  9.000020068349113e-01 -4.726431012179093e-05  9.000010130988263e-01 -5.537761950981266e-05  1.010001342706555e+00  1.437399003907084e-03  9.000022596253915e-01  1.224401984272289e-03  1.858597577686361e-05  6.703559689148460e-05  1.858661563353126e-05  6.703563553615377e-05  1.858609888333307e-05  6.703560432643895e-05  1.858196540527324e-05  6.703535470240288e-05  1.000005895025570e+00 -9.594391521343683e-04  1.000005895025628e+00 -9.594391521344221e-04  1.000005895025628e+00 -9.594391521344221e-04  1.000005895025570e+00 -9.594391521343677e-04 -4.999750296218586e-01  6.506298488784195e-04 -4.999750286621256e-01  6.506299077045178e-04 -4.999750294372088e-01  6.506298601961383e-04 -4.999750356370916e-01  6.506294802103252e-04  3.998507836904286e+00  1.446286098908438e-02  3.998507836904517e+00  1.446286098908523e-02  3.998507836904517e+00  1.446286098908523e-02  3.998507836904286e+00  1.446286098908438e-02  3.494450582433978e+00 -3.545199068704011e-02  3.494450582434179e+00 -3.545199068704214e-02  3.494450582434179e+00 -3.545199068704214e-02  3.494450582433978e+00 -3.545199068704011e-02  3.494044402494628e+00 -4.036278200451458e-02  3.494044402494829e+00 -4.036278200451689e-02  3.494044402494828e+00 -4.036278200451689e-02  3.494044402494627e+00 -4.036278200451458e-02 
 2.304092976055870e+02  1.000001183330061e+00 -4.693289426375729e-06  9.000021192745499e-01 -4.864455080966618e-05  9.000010696528342e-01 -5.699472519015390e-05  1.010001418922549e+00  1.479371842355617e-03  9.000023868723713e-01  1.260155222895716e-03  1.863027620085944e-05  8.627518999321194e-05  1.863097956661397e-05  8.627523374584009e-05  1.863049220568458e-05  8.627520342950298e-05  1.862659384854748e-05  8.627496094953187e-05  1.000006227233110e+00 -9.874565829734554e-04  1.000006227233167e+00 -9.874565829735113e-04  1.000006227233167e+00 -9.874565829735104e-04  1.000006227233110e+00 -9.874565829734549e-04 -4.999751508493065e-01  6.955524934225877e-04 -4.999751497943183e-01  6.955525600234706e-04 -4.999751505253180e-01  6.955525138755091e-04 -4.999751563725191e-01  6.955521447686362e-04  3.998511646249332e+00  1.483337773359149e-02  3.998511646249563e+00  1.483337773359237e-02  3.998511646249562e+00  1.483337773359237e-02  3.998511646249331e+00  1.483337773359149e-02  3.494419918943524e+00 -3.652983653712463e-02  3.494419918943726e+00 -3.652983653712674e-02  3.494419918943725e+00 -3.652983653712672e-02  3.494419918943523e+00 -3.652983653712463e-02  3.494010316616309e+00 -4.158397194619530e-02  3.494010316616512e+00 -4.158397194619770e-02  3.494010316616511e+00 -4.158397194619768e-02  3.494010316616309e+00 -4.158397194619529e-02 
 2.371373705661680e+02  1.000001250075219e+00 -4.830392556912906e-06  9.000022383767099e-01 -5.006510409365998e-05  9.000011295579013e-01 -5.865905572540833e-05  1.010001499662343e+00  1.522570312495760e-03  9.000025216592812e-01  1.296952479910960e-03  1.867752960554858e-05  1.055862703248145e-04  1.867829272234056e-05  1.055863192192929e-04  1.867783310943727e-05  1.055862897704134e-04  1.867415671763517e-05  1.055860542258269e-04  1.000006579125151e+00 -1.016292254897381e-03  1.000006579125209e+00 -1.016292254897439e-03  1.000006579125209e+00 -1.016292254897439e-03  1.000006579125151e+00 -1.016292254897380e-03 -4.999752787678927e-01  7.410514908130709e-04 -4.999752776232869e-01  7.410515652400881e-04 -4.999752783126645e-01  7.410515204131101e-04 -4.999752838269177e-01  7.410511618676893e-04  3.998515680373579e+00  1.521618319217925e-02  3.998515680373810e+00  1.521618319218015e-02  3.998515680373810e+00  1.521618319218015e-02  3.998515680373578e+00  1.521618319217925e-02  3.494387438696839e+00 -3.763788853127262e-02  3.494387438697041e+00 -3.763788853127478e-02  3.494387438697041e+00 -3.763788853127478e-02  3.494387438696838e+00 -3.763788853127261e-02  3.493974211287704e+00 -4.283954943229509e-02  3.493974211287907e+00 -4.283954943229756e-02  3.493974211287907e+00 -4.283954943229756e-02  3.493974211287704e+00 -4.283954943229509e-02 
 2.440619068042006e+02  1.000001320775306e+00 -4.971504305007480e-06  9.000023645361768e-01 -5.152714793886070e-05  9.000011930125935e-01 -6.037199053196671e-05  1.010001585219167e+00  1.567030203635928e-03  9.000026644328997e-01  1.334824241635156e-03  1.872789262391539e-05  1.249848376054368e-04  1.872871193153713e-05  1.249848916811775e-04  1.872827851878700e-05  1.249848630745772e-04  1.872481167153328e-05  1.249846342622531e-04  1.000006951868070e+00 -1.045970071583391e-03  1.000006951868128e+00 -1.045970071583450e-03  1.000006951868128e+00 -1.045970071583450e-03  1.000006951868070e+00 -1.045970071583391e-03 -4.999754138016031e-01  7.871645452337180e-04 -4.999754125727207e-01  7.871646275465683e-04 -4.999754132227978e-01  7.871645840022717e-04 -4.999754184227345e-01  7.871642357092809e-04  3.998519952648918e+00  1.561159447269615e-02  3.998519952649148e+00  1.561159447269708e-02  3.998519952649149e+00  1.561159447269708e-02  3.998519952648917e+00  1.561159447269615e-02  3.494353034204377e+00 -3.877705943474036e-02  3.494353034204579e+00 -3.877705943474257e-02  3.494353034204579e+00 -3.877705943474258e-02  3.494353034204377e+00 -3.877705943474036e-02  3.493935967020483e+00 -4.413054892309757e-02  3.493935967020684e+00 -4.413054892310008e-02  3.493935967020684e+00 -4.413054892310009e-02  3.493935967020482e+00 -4.413054892309757e-02 
 2.511886431509607e+02  1.000001395664669e+00 -5.116742126558738e-06  9.000024981711297e-01 -5.303189470803458e-05  9.000012602272416e-01 -6.213494927113179e-05  1.010001675802109e+00  1.612788350269208e-03  9.000028156664787e-01  1.373801884713846e-03  1.878153219675438e-05  1.444869641179678e-04  1.878240432134914e-05  1.444870234184105e-04  1.878199563171146e-05  1.444869956287148e-04  1.877872661920632e-05  1.444867733531895e-04  1.000007346697353e+00 -1.076514635584106e-03  1.000007346697411e+00 -1.076514635584165e-03  1.000007346697411e+00 -1.076514635584166e-03  1.000007346697353e+00 -1.076514635584106e-03 -4.999755563980051e-01  8.339298703961991e-04 -4.999755550899075e-01  8.339299606606885e-04 -4.999755557028996e-01  8.339299183604680e-04 -4.999755606060844e-01  8.339295800225258e-04  3.998524477236672e+00  1.601993912350835e-02  3.998524477236902e+00  1.601993912350931e-02  3.998524477236903e+00  1.601993912350931e-02  3.998524477236671e+00  1.601993912350834e-02  3.494316591619172e+00 -3.994828732242973e-02  3.494316591619373e+00 -3.994828732243200e-02  3.494316591619374e+00 -3.994828732243200e-02  3.494316591619171e+00 -3.994828732242973e-02  3.493895457259335e+00 -4.545803370609815e-02  3.493895457259537e+00 -4.545803370610073e-02  3.493895457259538e+00 -4.545803370610073e-02  3.493895457259335e+00 -4.545803370609814e-02 
 2.585234839562218e+02  1.000001474991543e+00 -5.266226953205070e-06  9.000026397245272e-01 -5.458059224800418e-05  9.000013314246404e-01 -6.394939310305027e-05  1.010001771648465e+00  1.659882662493785e-03  9.000029758613136e-01  1.413917702047228e-03  1.883862612678255e-05  1.641088080312584e-04  1.883905369337580e-05  1.641088379837836e-04  1.883817416964417e-05  1.641087763716229e-04  1.883558609810931e-05  1.641085950714741e-04  1.000007764921733e+00 -1.107951269473109e-03  1.000007764921791e+00 -1.107951269473171e-03  1.000007764921791e+00 -1.107951269473171e-03  1.000007764921733e+00 -1.107951269473109e-03 -4.999757070297507e-01  8.813862215981472e-04 -4.999757063884473e-01  8.813862671898584e-04 -4.999757077076378e-01  8.813861734079546e-04 -4.999757115894642e-01  8.813858974450413e-04  3.998529270616129e+00  1.644155550341466e-02  3.998529270616359e+00  1.644155550341564e-02  3.998529270616360e+00  1.644155550341565e-02  3.998529270616128e+00  1.644155550341466e-02  3.494277991596215e+00 -4.115253625179346e-02  3.494277991596416e+00 -4.115253625179580e-02  3.494277991596417e+00 -4.115253625179582e-02  3.494277991596214e+00 -4.115253625179345e-02  3.493852549199459e+00 -4.682309667038303e-02  3.493852549199659e+00 -4.682309667038569e-02  3.493852549199661e+00 -4.682309667038571e-02  3.493852549199458e+00 -4.682309667038301e-02 
 2.660725059798838e+02  1.000001559018871e+00 -5.420083541080976e-06  9.000027896655739e-01 -5.617452515205163e-05  9.000014068407864e-01 -6.581682612127428e-05  1.010001873306572e+00  1.708352157128560e-03  9.000031455484028e-01  1.455204929330062e-03  1.889936366700207e-05  1.838666267943201e-04  1.889986608571981e-05  1.838666630601104e-04  1.889903687829486e-05  1.838666032068565e-04  1.889659684473077e-05  1.838664270789593e-04  1.000008207927370e+00 -1.140306034901581e-03  1.000008207927428e+00 -1.140306034901645e-03  1.000008207927428e+00 -1.140306034901644e-03  1.000008207927370e+00 -1.140306034901581e-03 -4.999758661960675e-01  9.295729268891567e-04 -4.999758654424971e-01  9.295729820895672e-04 -4.999758666862130e-01  9.295728909864948e-04 -4.999758703459828e-01  9.295726229010124e-04  3.998534345623104e+00  1.687679266099796e-02  3.998534345623336e+00  1.687679266099898e-02  3.998534345623335e+00  1.687679266099897e-02  3.998534345623103e+00  1.687679266099796e-02  3.494237103888103e+00 -4.239079726635371e-02  3.494237103888306e+00 -4.239079726635615e-02  3.494237103888305e+00 -4.239079726635614e-02  3.494237103888103e+00 -4.239079726635371e-02  3.493807098337972e+00 -4.822686140412011e-02  3.493807098338174e+00 -4.822686140412288e-02  3.493807098338173e+00 -4.822686140412288e-02  3.493807098337971e+00 -4.822686140412011e-02 
 2.738419634264390e+02  1.000001648025178e+00 -5.578440034305105e-06  9.000029484912832e-01 -5.781501534360937e-05  9.000014867256622e-01 -6.773879611332637e-05  1.010001980980685e+00  1.758236990700840e-03  9.000033252902149e-01  1.497697773083155e-03  1.896394614914199e-05  2.037767906153128e-04  1.896451895877505e-05  2.037768332230468e-04  1.896373722781730e-05  2.037767750755012e-04  1.896143697699415e-05  2.037766039709172e-04  1.000008677182683e+00 -1.173605757239696e-03  1.000008677182741e+00 -1.173605757239761e-03  1.000008677182741e+00 -1.173605757239761e-03  1.000008677182683e+00 -1.173605757239695e-03 -4.999760344245273e-01  9.785299212020755e-04 -4.999760335653823e-01  9.785299860544173e-04 -4.999760347378834e-01  9.785298975492408e-04 -4.999760381879790e-01  9.785296371145990e-04  3.998539720651207e+00  1.732601122946937e-02  3.998539720651436e+00  1.732601122947041e-02  3.998539720651438e+00  1.732601122947042e-02  3.998539720651207e+00  1.732601122946938e-02  3.494193794545988e+00 -4.366408878638212e-02  3.494193794546189e+00 -4.366408878638458e-02  3.494193794546189e+00 -4.366408878638459e-02  3.494193794545988e+00 -4.366408878638211e-02  3.493758955627768e+00 -4.967048270222218e-02  3.493758955627968e+00 -4.967048270222499e-02  3.493758955627969e+00 -4.967048270222500e-02  3.493758955627768e+00 -4.967048270222217e-02 
 2.818382931264484e+02  1.000001742305491e+00 -5.741428496104651e-06  9.000031167281120e-01 -5.950342355971333e-05  9.000015713440596e-01 -6.971689622584099e-05  1.010002095041111e+00  1.809578492211211e-03  9.000035156825427e-01  1.541431438621697e-03  1.903258765079130e-05  2.238557960317106e-04  1.903322662366591e-05  2.238558450154763e-04  1.903248974122196e-05  2.238557885262195e-04  1.903032142519523e-05  2.238556222975531e-04  1.000009174243051e+00 -1.207878046042365e-03  1.000009174243109e+00 -1.207878046042431e-03  1.000009174243109e+00 -1.207878046042431e-03  1.000009174243051e+00 -1.207878046042364e-03 -4.999762122727133e-01  1.028297778580324e-03 -4.999762113143370e-01  1.028297853136018e-03 -4.999762124195650e-01  1.028297767156591e-03 -4.999762156717585e-01  1.028297514148519e-03  3.998545413517150e+00  1.778958331787967e-02  3.998545413517381e+00  1.778958331788074e-02  3.998545413517381e+00  1.778958331788074e-02  3.998545413517150e+00  1.778958331787967e-02  3.494147920317977e+00 -4.497345765297945e-02  3.494147920318178e+00 -4.497345765298200e-02  3.494147920318178e+00 -4.497345765298200e-02  3.494147920317976e+00 -4.497345765297944e-02  3.493707961826339e+00 -5.115514770965016e-02  3.493707961826540e+00 -5.115514770965305e-02  3.493707961826540e+00 -5.115514770965306e-02  3.493707961826338e+00 -5.115514770965014e-02 
 2.900681198693185e+02  1.000001842172323e+00 -5.909184880480174e-06  9.000032949337191e-01 -6.124115036069093e-05  9.000016609764641e-01 -7.175276616088277e-05  1.010002215852146e+00  1.862419197551869e-03  9.000037173564873e-01  1.586442159358624e-03  1.910551570499797e-05  2.441202795897823e-04  1.910621683220981e-05  2.441203349889207e-04  1.910552227885054e-05  2.441202801090948e-04  1.910347852879246e-05  2.441201186157685e-04  1.000009700756020e+00 -1.243151318524484e-03  1.000009700756078e+00 -1.243151318524553e-03  1.000009700756078e+00 -1.243151318524553e-03  1.000009700756020e+00 -1.243151318524482e-03 -4.999764003300962e-01  1.078917746122456e-03 -4.999763992785015e-01  1.078917830440876e-03 -4.999764003202362e-01  1.078917746912861e-03 -4.999764033855811e-01  1.078917501117474e-03  3.998551443091308e+00  1.826789292164600e-02  3.998551443091538e+00  1.826789292164711e-02  3.998551443091537e+00  1.826789292164710e-02  3.998551443091306e+00  1.826789292164599e-02  3.494099329487427e+00 -4.631997987104666e-02  3.494099329487629e+00 -4.631997987104929e-02  3.494099329487628e+00 -4.631997987104928e-02  3.494099329487426e+00 -4.631997987104665e-02  3.493653948281437e+00 -5.268207677666546e-02  3.493653948281639e+00 -5.268207677666846e-02  3.493653948281638e+00 -5.268207677666844e-02  3.493653948281436e+00 -5.268207677666544e-02 
 2.985382618917992e+02  1.000001947956700e+00 -6.081849172992321e-06  9.000034836988042e-01 -6.302963732273369e-05  9.000017559199793e-01 -7.384809356017969e-05  1.010002343798960e+00  1.916802884725035e-03  9.000039309805442e-01  1.632767226811476e-03  1.918297205455444e-05  2.645870316375819e-04  1.918336374473473e-05  2.645870635401357e-04  1.918307693199450e-05  2.645870401793817e-04  1.918078299917303e-05  2.645868533367407e-04  1.000010258466774e+00 -1.279454823543711e-03  1.000010258466832e+00 -1.279454823543782e-03  1.000010258466832e+00 -1.279454823543782e-03  1.000010258466774e+00 -1.279454823543711e-03 -4.999765992199883e-01  1.130431778400776e-03 -4.999765986325099e-01  1.130431826955906e-03 -4.999765990626875e-01  1.130431791401254e-03 -4.999766025032529e-01  1.130431507030134e-03  3.998557829911531e+00  1.876133628303928e-02  3.998557829911761e+00  1.876133628304042e-02  3.998557829911761e+00  1.876133628304042e-02  3.998557829911530e+00  1.876133628303928e-02  3.494047861833876e+00 -4.770476140858863e-02  3.494047861834078e+00 -4.770476140859133e-02  3.494047861834078e+00 -4.770476140859133e-02  3.494047861833875e+00 -4.770476140858861e-02  3.493596736836322e+00 -5.425252437201331e-02  3.493596736836524e+00 -5.425252437201639e-02  3.493596736836524e+00 -5.425252437201639e-02  3.493596736836321e+00 -5.425252437201330e-02 
 3.072557365267480e+02  1.000002060009268e+00 -6.259565567666354e-06  9.000036836490719e-01 -6.487036829457081e-05  9.000018564893154e-01 -7.600461545861265e-05  1.010002479342828e+00  1.972774610051908e-03  9.000041572628250e-01  1.680445021457649e-03  1.926521345430032e-05  2.852730102475608e-04  1.926568108545634e-05  2.852730495142057e-04  1.926541080204958e-05  2.852730268185363e-04  1.926324908479993e-05  2.852728452928231e-04  1.000010849223846e+00 -1.316818665091942e-03  1.000010849223904e+00 -1.316818665092016e-03  1.000010849223904e+00 -1.316818665092017e-03  1.000010849223846e+00 -1.316818665091942e-03 -4.999768096015773e-01  1.182882571880235e-03 -4.999768089002027e-01  1.182882631641919e-03 -4.999768093055860e-01  1.182882597100357e-03 -4.999768125478282e-01  1.182882320828333e-03  3.998564594012163e+00  1.927032204576916e-02  3.998564594012395e+00  1.927032204577032e-02  3.998564594012394e+00  1.927032204577032e-02  3.998564594012162e+00  1.927032204576915e-02  3.493993346241252e+00 -4.912893915054856e-02  3.493993346241454e+00 -4.912893915055135e-02  3.493993346241453e+00 -4.912893915055135e-02  3.493993346241250e+00 -4.912893915054854e-02  3.493536137379010e+00 -5.586778014914011e-02  3.493536137379212e+00 -5.586778014914329e-02  3.493536137379212e+00 -5.586778014914329e-02  3.493536137379009e+00 -5.586778014914009e-02 
 3.162277660168414e+02  1.000002178701450e+00 -6.442482482787597e-06  9.000038954473052e-01 -6.676487054170635e-05  9.000019630178318e-01 -7.822411963053331e-05  1.010002622905832e+00  2.030380745641089e-03  9.000043969534018e-01  1.729515044641281e-03  1.935251252122017e-05  3.061953552807675e-04  1.935305148009769e-05  3.061954019431281e-04  1.935279679776691e-05  3.061953798928188e-04  1.935075990339152e-05  3.061952035311375e-04  1.000011474985363e+00 -1.355273828818732e-03  1.000011474985421e+00 -1.355273828818809e-03  1.000011474985421e+00 -1.355273828818808e-03  1.000011474985363e+00 -1.355273828818731e-03 -4.999770321721645e-01  1.236313601118819e-03 -4.999770313638146e-01  1.236313672134515e-03 -4.999770317457962e-01  1.236313638576038e-03 -4.999770348008039e-01  1.236313370170470e-03  3.998571758399615e+00  1.979527185473515e-02  3.998571758399846e+00  1.979527185473635e-02  3.998571758399845e+00  1.979527185473635e-02  3.998571758399615e+00  1.979527185473516e-02  3.493935602977024e+00 -5.059368159881352e-02  3.493935602977226e+00 -5.059368159881639e-02  3.493935602977225e+00 -5.059368159881638e-02  3.493935602977024e+00 -5.059368159881351e-02  3.493471950059031e+00 -5.752916977022543e-02  3.493471950059232e+00 -5.752916977022870e-02  3.493471950059232e+00 -5.752916977022868e-02  3.493471950059031e+00 -5.752916977022542e-02 
 3.254617834980495e+02  1.000002304426676e+00 -6.630752889880140e-06  9.000041197955588e-01 -6.871471620609486e-05  9.000020758586396e-01 -8.050844625688075e-05  1.010002775068130e+00  2.089669017573624e-03  9.000046508467923e-01  1.780017951131481e-03  1.944515863927521e-05  3.273714026011357e-04  1.944545686249910e-05  3.273714292263031e-04  1.944552460847460e-05  3.273714352746722e-04  1.944329785452670e-05  3.273712364622235e-04  1.000012137825470e+00 -1.394852207348723e-03  1.000012137825528e+00 -1.394852207348803e-03  1.000012137825528e+00 -1.394852207348802e-03  1.000012137825469e+00 -1.394852207348724e-03 -4.999772676694471e-01  1.290769154644782e-03 -4.999772672221641e-01  1.290769195164640e-03 -4.999772671205568e-01  1.290769204369428e-03 -4.999772704603004e-01  1.290768901804314e-03  3.998579347283455e+00  2.033662056784278e-02  3.998579347283687e+00  2.033662056784402e-02  3.998579347283686e+00  2.033662056784402e-02  3.998579347283455e+00  2.033662056784277e-02  3.493874441565395e+00 -5.210018984180022e-02  3.493874441565597e+00 -5.210018984180317e-02  3.493874441565596e+00 -5.210018984180316e-02  3.493874441565395e+00 -5.210018984180021e-02  3.493403963094575e+00 -5.923805599471579e-02  3.493403963094777e+00 -5.923805599471916e-02  3.493403963094776e+00 -5.923805599471914e-02  3.493403963094575e+00 -5.923805599471578e-02 
 3.349654391578314e+02  1.000002437601692e+00 -6.824534004558701e-06  9.000043574374899e-01 -7.072152322608572e-05  9.000021953857751e-01 -8.285948905805755e-05  1.010002936139957e+00  2.150688545988203e-03  9.000049197845965e-01  1.831995583215465e-03  1.954345891869158e-05  3.488186984528964e-04  1.954383777336144e-05  3.488187333373245e-04  1.954390158459551e-05  3.488187392133207e-04  1.954180391883220e-05  3.488185460511729e-04  1.000012839941155e+00 -1.435586625858831e-03  1.000012839941213e+00 -1.435586625858912e-03  1.000012839941213e+00 -1.435586625858911e-03  1.000012839941155e+00 -1.435586625858831e-03 -4.999775168739359e-01  1.346294371264852e-03 -4.999775163057239e-01  1.346294424352582e-03 -4.999775162100187e-01  1.346294433294768e-03 -4.999775193561301e-01  1.346294139337510e-03  3.998587384868293e+00  2.089481650291903e-02  3.998587384868525e+00  2.089481650292031e-02  3.998587384868524e+00  2.089481650292031e-02  3.998587384868292e+00  2.089481650291903e-02  3.493809659089163e+00 -5.364969852788653e-02  3.493809659089366e+00 -5.364969852788956e-02  3.493809659089365e+00 -5.364969852788956e-02  3.493809659089163e+00 -5.364969852788650e-02  3.493331951004411e+00 -6.099583977513875e-02  3.493331951004613e+00 -6.099583977514220e-02  3.493331951004613e+00 -6.099583977514220e-02  3.493331951004410e+00 -6.099583977513872e-02 
 3.447466065731533e+02  1.000002578667937e+00 -7.023988043604893e-06  9.000046091608237e-01 -7.278695725163731e-05  9.000023219954395e-01 -8.527919742765614e-05  1.010003106756751e+00  2.213489885036533e-03  9.000052046582860e-01  1.885491004820811e-03  1.964773921409035e-05  3.705550140163222e-04  1.964819375527282e-05  3.705550571888304e-04  1.964825385747382e-05  3.705550628975099e-04  1.964627805328689e-05  3.705548752224443e-04  1.000013583659644e+00 -1.477510871514923e-03  1.000013583659701e+00 -1.477510871515004e-03  1.000013583659701e+00 -1.477510871515006e-03  1.000013583659644e+00 -1.477510871514923e-03 -4.999777806115966e-01  1.402935278627869e-03 -4.999777799298740e-01  1.402935344326431e-03 -4.999777798397324e-01  1.402935353013717e-03 -4.999777828030514e-01  1.402935067415985e-03  3.998595898286646e+00  2.147032204561521e-02  3.998595898286875e+00  2.147032204561653e-02  3.998595898286876e+00  2.147032204561653e-02  3.998595898286645e+00  2.147032204561521e-02  3.493741041902458e+00 -5.524347663945525e-02  3.493741041902659e+00 -5.524347663945835e-02  3.493741041902660e+00 -5.524347663945836e-02  3.493741041902457e+00 -5.524347663945523e-02  3.493255676246666e+00 -6.280396116362851e-02  3.493255676246867e+00 -6.280396116363204e-02  3.493255676246867e+00 -6.280396116363206e-02  3.493255676246665e+00 -6.280396116362849e-02 
 3.548133892335795e+02  1.000002728093008e+00 -7.229282021759334e-06  9.000048757999625e-01 -7.491273273204307e-05  9.000024561073098e-01 -8.776957774438405e-05  1.010003287536373e+00  2.278125065195882e-03  9.000055064121595e-01  1.940548537519659e-03  1.975834520545616e-05  3.925983601491346e-04  1.975861362374376e-05  3.925983864505422e-04  1.975841309398430e-05  3.925983668011694e-04  1.975680946397773e-05  3.925982096558611e-04  1.000014371446072e+00 -1.520659720901591e-03  1.000014371446129e+00 -1.520659720901675e-03  1.000014371446129e+00 -1.520659720901674e-03  1.000014371446071e+00 -1.520659720901592e-03 -4.999780597565687e-01  1.460738831123383e-03 -4.999780593539974e-01  1.460738871146676e-03 -4.999780596547502e-01  1.460738841245899e-03 -4.999780620598613e-01  1.460738602115482e-03  3.998604916529797e+00  2.206361394438985e-02  3.998604916530027e+00  2.206361394439122e-02  3.998604916530027e+00  2.206361394439121e-02  3.998604916529795e+00  2.206361394438984e-02  3.493668363965802e+00 -5.688282848924064e-02  3.493668363966004e+00 -5.688282848924384e-02  3.493668363966003e+00 -5.688282848924386e-02  3.493668363965801e+00 -5.688282848924063e-02  3.493174887475584e+00 -6.466390043720005e-02  3.493174887475786e+00 -6.466390043720370e-02  3.493174887475785e+00 -6.466390043720371e-02  3.493174887475583e+00 -6.466390043720004e-02 
 3.651741272548418e+02  1.000002886372213e+00 -7.440587824131730e-06  9.000051582387553e-01 -7.710061428960954e-05  9.000025981659339e-01 -9.033269497574696e-05  1.010003479020518e+00  2.344647636477812e-03  9.000058260464734e-01  1.997213797332459e-03  1.987564354322124e-05  4.149670023294303e-04  1.987599350244951e-05  4.149670377126310e-04  1.987580467693872e-05  4.149670186209095e-04  1.987429464650470e-05  4.149668659351989e-04  1.000015205911524e+00 -1.565068967668343e-03  1.000015205911581e+00 -1.565068967668431e-03  1.000015205911582e+00 -1.565068967668430e-03  1.000015205911523e+00 -1.565068967668344e-03 -4.999783552339965e-01  1.519752948252547e-03 -4.999783547091350e-01  1.519753002093791e-03 -4.999783549923313e-01  1.519752973042664e-03 -4.999783572570431e-01  1.519752740706986e-03  3.998614467901899e+00  2.267518345432592e-02  3.998614467902130e+00  2.267518345432731e-02  3.998614467902130e+00  2.267518345432732e-02  3.998614467901898e+00  2.267518345432591e-02  3.493591383904186e+00 -5.856909483939185e-02  3.493591383904388e+00 -5.856909483939517e-02  3.493591383904388e+00 -5.856909483939516e-02  3.493591383904185e+00 -5.856909483939184e-02  3.493089316516590e+00 -6.657717934561580e-02  3.493089316516792e+00 -6.657717934561959e-02  3.493089316516792e+00 -6.657717934561957e-02  3.493089316516589e+00 -6.657717934561579e-02 
 3.758374042884485e+02  1.000003054030209e+00 -7.658082477993048e-06  9.000054574134230e-01 -7.935241831186675e-05  9.000027486421998e-01 -9.297067450615435e-05  1.010003681786652e+00  2.413112712661382e-03  9.000061646207570e-01  2.055533732430538e-03  2.000002306579152e-05  4.376794758102777e-04  2.000022154774461e-05  4.376794965203815e-04  1.999981582584409e-05  4.376794541871298e-04  1.999862210405601e-05  4.376793296200372e-04  1.000016089821954e+00 -1.610775455501710e-03  1.000016089822012e+00 -1.610775455501799e-03  1.000016089822012e+00 -1.610775455501801e-03  1.000016089821954e+00 -1.610775455501711e-03 -4.999786680232243e-01  1.580026556043256e-03 -4.999786677255482e-01  1.580026587555800e-03 -4.999786683340357e-01  1.580026523141405e-03 -4.999786701243381e-01  1.580026333600056e-03  3.998624585566314e+00  2.330553725075488e-02  3.998624585566545e+00  2.330553725075633e-02  3.998624585566546e+00  2.330553725075632e-02  3.998624585566315e+00  2.330553725075488e-02  3.493509848763780e+00 -6.030365356275507e-02  3.493509848763982e+00 -6.030365356275848e-02  3.493509848763982e+00 -6.030365356275849e-02  3.493509848763780e+00 -6.030365356275507e-02  3.492998682035525e+00 -6.854536191965026e-02  3.492998682035727e+00 -6.854536191965413e-02  3.492998682035728e+00 -6.854536191965416e-02  3.492998682035526e+00 -6.854536191965026e-02 
 3.868120546330566e+02  1.000003231622741e+00 -7.881948522927036e-06  9.000057743156681e-01 -8.167001467260940e-05  9.000029080349019e-01 -9.568570409984840e-05  1.010003896616809e+00  2.483577016710257e-03  9.000065232573281e-01  2.115556661860086e-03  2.013189608701671e-05  4.607546010017747e-04  2.013217958413138e-05  4.607546315349318e-04  2.013179766330309e-05  4.607545904015456e-04  2.013067399209145e-05  4.607544693669779e-04  1.000017026107052e+00 -1.657817106039585e-03  1.000017026107109e+00 -1.657817106039677e-03  1.000017026107109e+00 -1.657817106039678e-03  1.000017026107051e+00 -1.657817106039585e-03 -4.999789991608943e-01  1.641609626343251e-03 -4.999789987357195e-01  1.641609672800665e-03 -4.999789993085054e-01  1.641609610214578e-03 -4.999790009937318e-01  1.641609426055951e-03  3.998635301651933e+00  2.395519727695122e-02  3.998635301652163e+00  2.395519727695269e-02  3.998635301652164e+00  2.395519727695270e-02  3.998635301651932e+00  2.395519727695122e-02  3.493423488180770e+00 -6.208792100301911e-02  3.493423488180971e+00 -6.208792100302260e-02  3.493423488180972e+00 -6.208792100302261e-02  3.493423488180769e+00 -6.208792100301910e-02  3.492902683614384e+00 -7.057005595988752e-02  3.492902683614585e+00 -7.057005595989151e-02  3.492902683614586e+00 -7.057005595989152e-02  3.492902683614384e+00 -7.057005595988751e-02 
 3.981071705535019e+02  1.000003419738490e+00 -8.112373800701988e-06  9.000061099959564e-01 -8.405532797224884e-05  9.000030768723891e-01 -9.848003538923677e-05  1.010004124183240e+00  2.556098928233339e-03  9.000069031450091e-01  2.177332315930899e-03  2.027169976603904e-05  4.842114990892355e-04  2.027206294330508e-05  4.842115394718155e-04  2.027170349427898e-05  4.842114995038678e-04  2.027064595333528e-05  4.842113818998575e-04  1.000018017870208e+00 -1.706232953065989e-03  1.000018017870266e+00 -1.706232953066085e-03  1.000018017870266e+00 -1.706232953066085e-03  1.000018017870209e+00 -1.706232953065991e-03 -4.999793497445070e-01  1.704553219675487e-03 -4.999793491998375e-01  1.704553281116485e-03 -4.999793497389155e-01  1.704553220306337e-03 -4.999793513249469e-01  1.704553041375318e-03  3.998646652406970e+00  2.462470166656550e-02  3.998646652407201e+00  2.462470166656702e-02  3.998646652407201e+00  2.462470166656702e-02  3.998646652406970e+00  2.462470166656550e-02  3.493332017707633e+00 -6.392335268384088e-02  3.493332017707835e+00 -6.392335268384450e-02  3.493332017707835e+00 -6.392335268384450e-02  3.493332017707634e+00 -6.392335268384090e-02  3.492801004979655e+00 -7.265291389865640e-02  3.492801004979857e+00 -7.265291389866052e-02  3.492801004979857e+00 -7.265291389866052e-02  3.492801004979656e+00 -7.265291389865643e-02 
 4.097321098135463e+02  1.000003619001017e+00 -8.349551822847354e-06  9.000064655670073e-01 -8.651033934098738e-05  9.000032557143213e-01 -1.013559859322141e-04  1.010004365217235e+00  2.630738531626620e-03  9.000073055430774e-01  2.240911877261253e-03  2.041989755513507e-05  5.080696079052087e-04  2.042014532327441e-05  5.080696363533701e-04  2.041999710783449e-05  5.080696193357030e-04  2.041881197822892e-05  5.080694832487064e-04  1.000019068398684e+00 -1.756063174107527e-03  1.000019068398742e+00 -1.756063174107623e-03  1.000019068398742e+00 -1.756063174107624e-03  1.000019068398684e+00 -1.756063174107523e-03 -4.999797209359987e-01  1.768909527244954e-03 -4.999797205644160e-01  1.768909570526046e-03 -4.999797207866974e-01  1.768909544635331e-03 -4.999797225640580e-01  1.768909337592570e-03  3.998658675742591e+00  2.531460493990277e-02  3.998658675742822e+00  2.531460493990434e-02  3.998658675742821e+00  2.531460493990433e-02  3.998658675742589e+00  2.531460493990277e-02  3.493235135737913e+00 -6.581144450343243e-02  3.493235135738114e+00 -6.581144450343615e-02  3.493235135738114e+00 -6.581144450343614e-02  3.493235135737911e+00 -6.581144450343240e-02  3.492693310823046e+00 -7.479563413592245e-02  3.492693310823248e+00 -7.479563413592669e-02  3.492693310823247e+00 -7.479563413592667e-02  3.492693310823045e+00 -7.479563413592243e-02 
 4.216965034285872e+02  1.000003830070837e+00 -8.593682064397658e-06  9.000068422074734e-01 -8.903708821975882e-05  9.000034451535217e-01 -1.043159412535258e-04  1.010004620592747e+00  2.707557665725326e-03  9.000077317854285e-01  2.306348023099780e-03  2.057698073704151e-05  5.323486980653386e-04  2.057730954507786e-05  5.323487370583406e-04  2.057717010489624e-05  5.323487205221042e-04  2.057605516692096e-05  5.323485882887232e-04  1.000020181174450e+00 -1.807349124020376e-03  1.000020181174507e+00 -1.807349124020479e-03  1.000020181174507e+00 -1.807349124020479e-03  1.000020181174449e+00 -1.807349124020376e-03 -4.999801139655651e-01  1.834731914408696e-03 -4.999801134724514e-01  1.834731973729788e-03 -4.999801136815700e-01  1.834731948572775e-03 -4.999801153536433e-01  1.834731747402915e-03  3.998671410926953e+00  2.602547840560212e-02  3.998671410927184e+00  2.602547840560371e-02  3.998671410927184e+00  2.602547840560372e-02  3.998671410926952e+00  2.602547840560211e-02  3.493132522164011e+00 -6.775373382677123e-02  3.493132522164212e+00 -6.775373382677506e-02  3.493132522164212e+00 -6.775373382677506e-02  3.493132522164010e+00 -6.775373382677123e-02  3.492579245349289e+00 -7.699996227975678e-02  3.492579245349490e+00 -7.699996227976114e-02  3.492579245349490e+00 -7.699996227976114e-02  3.492579245349288e+00 -7.699996227975678e-02 
 4.340102636447490e+02  1.000004053647603e+00 -8.844969684989647e-06  9.000072411658546e-01 -9.163767367144657e-05  9.000036458179419e-01 -1.073623564227240e-04  1.010004890983726e+00  2.786619975611920e-03  9.000081832850070e-01  2.373694969408933e-03  2.074347005509569e-05  5.570688893827272e-04  2.074370654059354e-05  5.570689183549420e-04  2.074340724067536e-05  5.570688816874181e-04  2.074252671108168e-05  5.570687737988902e-04  1.000021359885889e+00 -1.860133370703490e-03  1.000021359885946e+00 -1.860133370703592e-03  1.000021359885946e+00 -1.860133370703592e-03  1.000021359885889e+00 -1.860133370703489e-03 -4.999805301358177e-01  1.902074965701094e-03 -4.999805297811646e-01  1.902075009774977e-03 -4.999805302300193e-01  1.902074953994628e-03 -4.999805315505332e-01  1.902074789869858e-03  3.998684900982969e+00  2.675791088401784e-02  3.998684900983200e+00  2.675791088401950e-02  3.998684900983200e+00  2.675791088401950e-02  3.998684900982969e+00  2.675791088401784e-02  3.493023839227590e+00 -6.975180040015833e-02  3.493023839227790e+00 -6.975180040016224e-02  3.493023839227790e+00 -6.975180040016224e-02  3.493023839227589e+00 -6.975180040015833e-02  3.492458433010443e+00 -7.926769221823601e-02  3.492458433010644e+00 -7.926769221824048e-02  3.492458433010644e+00 -7.926769221824048e-02  3.492458433010443e+00 -7.926769221823601e-02 
 4.466835921509684e+02  1.000004290472431e+00 -9.103626570379533e-06  9.000076637646377e-01 -9.431425692755286e-05  9.000038583727473e-01 -1.104977588740014e-04  1.010005177487879e+00  2.867990964331369e-03  9.000086615384915e-01  2.443008515042817e-03  2.091991743968791e-05  5.822506675757827e-04  2.092007669224349e-05  5.822506877363595e-04  2.091995335340435e-05  5.822506721221983e-04  2.091896724126796e-05  5.822505472722981e-04  1.000022608439811e+00 -1.914459729936651e-03  1.000022608439869e+00 -1.914459729936758e-03  1.000022608439869e+00 -1.914459729936758e-03  1.000022608439811e+00 -1.914459729936649e-03 -4.999809708259924e-01  1.970994529938589e-03 -4.999809705871672e-01  1.970994560606086e-03 -4.999809707721339e-01  1.970994536854425e-03 -4.999809722509682e-01  1.970994346937813e-03  3.998699189825692e+00  2.751250885259572e-02  3.998699189825923e+00  2.751250885259742e-02  3.998699189825923e+00  2.751250885259742e-02  3.998699189825693e+00  2.751250885259574e-02  3.492908727915276e+00 -7.180726765944129e-02  3.492908727915478e+00 -7.180726765944534e-02  3.492908727915478e+00 -7.180726765944534e-02  3.492908727915277e+00 -7.180726765944130e-02  3.492330474778276e+00 -8.160066757660159e-02  3.492330474778477e+00 -8.160066757660620e-02  3.492330474778477e+00 -8.160066757660620e-02  3.492330474778277e+00 -8.160066757660160e-02 
 4.597269885308777e+02  1.000004541330352e+00 -9.369870504370515e-06  9.000081114046761e-01 -9.706906230085553e-05  9.000040835225172e-01 -1.137247495984629e-04  1.010005480886242e+00  2.951738048419225e-03  9.000091681312512e-01  2.514346088928152e-03  2.110690783918567e-05  6.079149012817101e-04  2.110715214248549e-05  6.079149332489466e-04  2.110703618918297e-05  6.079149180762417e-04  2.110610913336197e-05  6.079147967565221e-04  1.000023930974567e+00 -1.970373302814878e-03  1.000023930974625e+00 -1.970373302814987e-03  1.000023930974625e+00 -1.970373302814988e-03  1.000023930974567e+00 -1.970373302814876e-03 -4.999814374966033e-01  2.041547767160315e-03 -4.999814371302364e-01  2.041547815784761e-03 -4.999814373041244e-01  2.041547792705998e-03 -4.999814386943743e-01  2.041547608170342e-03  3.998714324868544e+00  2.828989722705876e-02  3.998714324868776e+00  2.828989722706052e-02  3.998714324868775e+00  2.828989722706052e-02  3.998714324868542e+00  2.828989722705876e-02  3.492786808846480e+00 -7.392180365963044e-02  3.492786808846683e+00 -7.392180365963463e-02  3.492786808846682e+00 -7.392180365963461e-02  3.492786808846479e+00 -7.392180365963041e-02  3.492194948902192e+00 -8.400078281087518e-02  3.492194948902394e+00 -8.400078281087996e-02  3.492194948902393e+00 -8.400078281087993e-02  3.492194948902191e+00 -8.400078281087515e-02 
 4.731512589614862e+02  1.000004807052918e+00 -9.643926337261383e-06  9.000085855698394e-01 -9.990437994509319e-05  9.000043220135848e-01 -1.170460061899542e-04  1.010005802323983e+00  3.037930612608368e-03  9.000097047426097e-01  2.587766796807691e-03  2.130506116165831e-05  6.340828593914339e-04  2.130524523630273e-05  6.340828842943918e-04  2.130513625087094e-05  6.340828695499733e-04  2.130426495250415e-05  6.340827516615848e-04  1.000025331873758e+00 -2.027920514617513e-03  1.000025331873816e+00 -2.027920514617624e-03  1.000025331873816e+00 -2.027920514617625e-03  1.000025331873758e+00 -2.027920514617511e-03 -4.999819316942752e-01  2.113793196850029e-03 -4.999819314182337e-01  2.113793234726816e-03 -4.999819315816701e-01  2.113793212300919e-03 -4.999819328882836e-01  2.113793032995841e-03  3.998730356849835e+00  2.909071984732923e-02  3.998730356850066e+00  2.909071984733104e-02  3.998730356850065e+00  2.909071984733104e-02  3.998730356849833e+00  2.909071984732922e-02  3.492657680768487e+00 -7.609712221854940e-02  3.492657680768688e+00 -7.609712221855368e-02  3.492657680768688e+00 -7.609712221855368e-02  3.492657680768485e+00 -7.609712221854938e-02  3.492051409266695e+00 -8.646998451257899e-02  3.492051409266896e+00 -8.646998451258386e-02  3.492051409266896e+00 -8.646998451258386e-02  3.492051409266693e+00 -8.646998451257895e-02 
 4.869675251658690e+02  1.000005088520958e+00 -9.926025411165230e-06  9.000090878319307e-01 -1.028225670976336e-04  9.000045746365106e-01 -1.204642843804257e-04  1.010006142769156e+00  3.126640068287823e-03  9.000102731514080e-01  2.663331470951797e-03  2.151503432823443e-05  6.607762287206523e-04  2.151516974069345e-05  6.607762476668467e-04  2.151506733061304e-05  6.607762333380647e-04  2.151424867280483e-05  6.607761187826880e-04  1.000026815780636e+00 -2.087149152252594e-03  1.000026815780694e+00 -2.087149152252710e-03  1.000026815780694e+00 -2.087149152252710e-03  1.000026815780636e+00 -2.087149152252594e-03 -4.999824550568083e-01  2.187790746034290e-03 -4.999824548537449e-01  2.187790774849064e-03 -4.999824550073181e-01  2.187790753056794e-03 -4.999824562349711e-01  2.187790578832771e-03  3.998747338561733e+00  2.991563983096492e-02  3.998747338561964e+00  2.991563983096679e-02  3.998747338561964e+00  2.991563983096678e-02  3.998747338561732e+00  2.991563983096492e-02  3.492520918056687e+00 -7.833498416817442e-02  3.492520918056889e+00 -7.833498416817884e-02  3.492520918056889e+00 -7.833498416817884e-02  3.492520918056687e+00 -7.833498416817440e-02  3.491899382745860e+00 -8.901027282114717e-02  3.491899382746062e+00 -8.901027282115220e-02  3.491899382746062e+00 -8.901027282115220e-02  3.491899382745860e+00 -8.901027282114715e-02 
 5.011872336272784e+02  1.000005386667498e+00 -1.021640650874819e-05  9.000096198558976e-01 -1.058260507466988e-04  9.000048422287016e-01 -1.239824210064401e-04  1.010006503494800e+00  3.217939911808022e-03  9.000108752419061e-01  2.741102719939451e-03  2.173752345563384e-05  6.880171320308233e-04  2.173774389840899e-05  6.880171639396997e-04  2.173764770480036e-05  6.880171500157637e-04  2.173687873463503e-05  6.880170386944840e-04  1.000028387613571e+00 -2.148108406045662e-03  1.000028387613628e+00 -2.148108406045782e-03  1.000028387613629e+00 -2.148108406045782e-03  1.000028387613570e+00 -2.148108406045660e-03 -4.999830093186358e-01  2.263601800164995e-03 -4.999830089880675e-01  2.263601848690932e-03 -4.999830091323158e-01  2.263601827515884e-03 -4.999830102854373e-01  2.263601658222539e-03  3.998765326023214e+00  3.076534023531268e-02  3.998765326023444e+00  3.076534023531459e-02  3.998765326023445e+00  3.076534023531460e-02  3.998765326023212e+00  3.076534023531267e-02  3.492376070171753e+00 -8.063719843515210e-02  3.492376070171954e+00 -8.063719843515663e-02  3.492376070171955e+00 -8.063719843515664e-02  3.492376070171752e+00 -8.063719843515206e-02  3.491738368506700e+00 -9.162370267419412e-02  3.491738368506901e+00 -9.162370267419928e-02  3.491738368506901e+00 -9.162370267419929e-02  3.491738368506698e+00 -9.162370267419408e-02 
 5.158221650723119e+02  1.000005702480854e+00 -1.051531513927211e-05  9.000101834053534e-01 -1.089173288573917e-04  9.000051256771894e-01 -1.276033355410870e-04  1.010006885481160e+00  3.311905786538765e-03  9.000115130100264e-01  2.821144981418612e-03  2.197326616371065e-05  7.158281464172498e-04  2.197345013221774e-05  7.158281739759850e-04  2.197335980230752e-05  7.158281604443711e-04  2.197263774517122e-05  7.158280522665394e-04  1.000030052582436e+00 -2.210848911042912e-03  1.000030052582493e+00 -2.210848911043034e-03  1.000030052582493e+00 -2.210848911043037e-03  1.000030052582435e+00 -2.210848911042912e-03 -4.999835963166145e-01  2.341289254399802e-03 -4.999835960407470e-01  2.341289296307039e-03 -4.999835961761999e-01  2.341289275730169e-03 -4.999835972589514e-01  2.341289111229628e-03  3.998784379437667e+00  3.164052473657632e-02  3.998784379437897e+00  3.164052473657829e-02  3.998784379437898e+00  3.164052473657828e-02  3.998784379437666e+00  3.164052473657631e-02  3.492222660850797e+00 -8.300562313125753e-02  3.492222660850997e+00 -8.300562313126220e-02  3.492222660850998e+00 -8.300562313126222e-02  3.492222660850795e+00 -8.300562313125751e-02  3.491567837037751e+00 -9.431238507034952e-02  3.491567837037951e+00 -9.431238507035480e-02  3.491567837037952e+00 -9.431238507035485e-02  3.491567837037749e+00 -9.431238507034947e-02 
 5.308844442309949e+02  1.000006037007909e+00 -1.082300495793638e-05  9.000107803484250e-01 -1.120989735747634e-04  9.000054259215704e-01 -1.313300336095182e-04  1.010007290153945e+00  3.408615544136248e-03  9.000121885699796e-01  2.903524574473277e-03  2.222304402393904e-05  7.442323220781606e-04  2.222320025391245e-05  7.442323463071501e-04  2.222300678278444e-05  7.442323163026929e-04  2.222243769123278e-05  7.442322280318357e-04  1.000031816205705e+00 -2.275422789926450e-03  1.000031816205763e+00 -2.275422789926581e-03  1.000031816205763e+00 -2.275422789926581e-03  1.000031816205705e+00 -2.275422789926452e-03 -4.999842179960236e-01  2.420917566353063e-03 -4.999842177617557e-01  2.420917603193981e-03 -4.999842180518669e-01  2.420917557571283e-03 -4.999842189052234e-01  2.420917423353012e-03  3.998804561755959e+00  3.254191798339049e-02  3.998804561756190e+00  3.254191798339250e-02  3.998804561756191e+00  3.254191798339251e-02  3.998804561755960e+00  3.254191798339048e-02  3.492060185206458e+00 -8.544216687554086e-02  3.492060185206659e+00 -8.544216687554571e-02  3.492060185206660e+00 -8.544216687554572e-02  3.492060185206458e+00 -8.544216687554089e-02  3.491387227075790e+00 -9.707848856012578e-02  3.491387227075991e+00 -9.707848856013131e-02  3.491387227075992e+00 -9.707848856013132e-02  3.491387227075790e+00 -9.707848856012581e-02 
 5.463865498818609e+02  1.000006391357587e+00 -1.113973704649412e-05  9.000114126639456e-01 -1.153736325609561e-04  9.000057439571222e-01 -1.351656086451522e-04  1.010007718786926e+00  3.508149310242910e-03  9.000129041612677e-01  2.988309755487013e-03  2.248768515189514e-05  7.732532014820500e-04  2.248782143182693e-05  7.732532233711983e-04  2.248763988904612e-05  7.732531942118838e-04  2.248710590629921e-05  7.732531084311757e-04  1.000033684328827e+00 -2.341883696883353e-03  1.000033684328885e+00 -2.341883696883487e-03  1.000033684328885e+00 -2.341883696883485e-03  1.000033684328827e+00 -2.341883696883353e-03 -4.999848764170476e-01  2.502552810017172e-03 -4.999848762126995e-01  2.502552843297480e-03 -4.999848764849185e-01  2.502552798963597e-03 -4.999848772856116e-01  2.502552668542685e-03  3.998825939717166e+00  3.347026630649035e-02  3.998825939717397e+00  3.347026630649243e-02  3.998825939717398e+00  3.347026630649243e-02  3.998825939717168e+00  3.347026630649037e-02  3.491888108797932e+00 -8.794878990776314e-02  3.491888108798133e+00 -8.794878990776808e-02  3.491888108798134e+00 -8.794878990776811e-02  3.491888108797934e+00 -8.794878990776318e-02  3.491195944495125e+00 -9.992424053697879e-02  3.491195944495326e+00 -9.992424053698443e-02  3.491195944495327e+00 -9.992424053698445e-02  3.491195944495127e+00 -9.992424053697885e-02 
 5.623413251903560e+02  1.000006766704520e+00 -1.146578073282260e-05  9.000120824480170e-01 -1.187440317783369e-04  9.000060808381003e-01 -1.391132449983901e-04  1.010008172842735e+00  3.610589550222724e-03  9.000136621561163e-01  3.075570774239447e-03  2.276806695650224e-05  8.029148389492632e-04  2.276819019925158e-05  8.029148594594696e-04  2.276811556628511e-05  8.029148470389939e-04  2.276751907964725e-05  8.029147477586177e-04  1.000035663143602e+00 -2.410286863900781e-03  1.000035663143659e+00 -2.410286863900913e-03  1.000035663143659e+00 -2.410286863900913e-03  1.000035663143601e+00 -2.410286863900780e-03 -4.999855737616056e-01  2.586262731617668e-03 -4.999855735768102e-01  2.586262762798635e-03 -4.999855736887179e-01  2.586262743916211e-03 -4.999855745831137e-01  2.586262592983889e-03  3.998848584207841e+00  3.442633835429327e-02  3.998848584208073e+00  3.442633835429542e-02  3.998848584208072e+00  3.442633835429542e-02  3.998848584207841e+00  3.442633835429326e-02  3.491705866030661e+00 -9.052750526913049e-02  3.491705866030864e+00 -9.052750526913561e-02  3.491705866030863e+00 -9.052750526913560e-02  3.491705866030661e+00 -9.052750526913048e-02  3.490993360515061e+00 -1.028519285964409e-01  3.490993360515263e+00 -1.028519285964467e-01  3.490993360515263e+00 -1.028519285964467e-01  3.490993360515060e+00 -1.028519285964408e-01 
 5.787619883491278e+02  1.000007164292958e+00 -1.180141356547982e-05  9.000127919209604e-01 -1.222129775750632e-04  9.000064376812386e-01 -1.431762203542592e-04  1.010008653802283e+00  3.716021137873495e-03  9.000144650673386e-01  3.165379932429024e-03  2.306511905053599e-05  8.332418206647521e-04  2.306523536033112e-05  8.332418407293578e-04  2.306516538602699e-05  8.332418286580944e-04  2.306460616274819e-05  8.332417321744712e-04  1.000037759208712e+00 -2.480689147477182e-03  1.000037759208769e+00 -2.480689147477321e-03  1.000037759208769e+00 -2.480689147477326e-03  1.000037759208711e+00 -2.480689147477181e-03 -4.999863123405748e-01  2.672116806425700e-03 -4.999863121661796e-01  2.672116836926340e-03 -4.999863122710994e-01  2.672116818576552e-03 -4.999863131095998e-01  2.672116671909958e-03  3.998872570446839e+00  3.541092572401319e-02  3.998872570447069e+00  3.541092572401541e-02  3.998872570447070e+00  3.541092572401538e-02  3.998872570446837e+00  3.541092572401317e-02  3.491512858302503e+00 -9.318038000210042e-02  3.491512858302704e+00 -9.318038000210564e-02  3.491512858302704e+00 -9.318038000210570e-02  3.491512858302501e+00 -9.318038000210040e-02  3.490778809642893e+00 -1.058639019161001e-01  3.490778809643094e+00 -1.058639019161061e-01  3.490778809643095e+00 -1.058639019161061e-01  3.490778809642892e+00 -1.058639019161001e-01 
 5.956621435290178e+02  1.000007585440879e+00 -1.214692168317109e-05  9.000135434346745e-01 -1.257833591911960e-04  9.000068156694460e-01 -1.473579085769568e-04  1.010009163221862e+00  3.824531425672999e-03  9.000153155566648e-01  3.257811643555285e-03  2.337982633726643e-05  8.642592851385419e-04  2.337994107004526e-05  8.642593056651248e-04  2.337987549216880e-05  8.642592939326968e-04  2.337935144924863e-05  8.642592001655651e-04  1.000039979471395e+00 -2.553149076900805e-03  1.000039979471453e+00 -2.553149076900948e-03  1.000039979471453e+00 -2.553149076900944e-03  1.000039979471395e+00 -2.553149076900800e-03 -4.999870946014181e-01  2.760186297131858e-03 -4.999870944293921e-01  2.760186328331620e-03 -4.999870945277169e-01  2.760186310498699e-03 -4.999870953134469e-01  2.760186167975836e-03  3.998897977876909e+00  3.642484355611281e-02  3.998897977877140e+00  3.642484355611508e-02  3.998897977877140e+00  3.642484355611510e-02  3.998897977876909e+00  3.642484355611283e-02  3.491308451790639e+00 -9.590953638933909e-02  3.491308451790841e+00 -9.590953638934450e-02  3.491308451790840e+00 -9.590953638934449e-02  3.491308451790639e+00 -9.590953638933908e-02  3.490551587246019e+00 -1.089625726758258e-01  3.490551587246221e+00 -1.089625726758320e-01  3.490551587246220e+00 -1.089625726758320e-01  3.490551587246019e+00 -1.089625726758258e-01 
 6.130557921498283e+02  1.000008031544367e+00 -1.250260026896698e-05  9.000143394804406e-01 -1.294581514083908e-04  9.000072160557329e-01 -1.516617827042635e-04  1.010009702818957e+00  3.936210316993466e-03  9.000162164435795e-01  3.352942494490528e-03  2.371323227889910e-05  8.959929441332464e-04  2.371335009870856e-05  8.959929660050695e-04  2.371328867362132e-05  8.959929546021922e-04  2.371279784102454e-05  8.959928634728991e-04  1.000042331290514e+00 -2.627726904657078e-03  1.000042331290572e+00 -2.627726904657221e-03  1.000042331290572e+00 -2.627726904657224e-03  1.000042331290514e+00 -2.627726904657073e-03 -4.999879231363039e-01  2.850544314094757e-03 -4.999879229596543e-01  2.850544347335698e-03 -4.999879230517503e-01  2.850544330005530e-03 -4.999879237876645e-01  2.850544191506861e-03  3.998924890729407e+00  3.746893125160309e-02  3.998924890729638e+00  3.746893125160545e-02  3.998924890729638e+00  3.746893125160543e-02  3.998924890729405e+00  3.746893125160309e-02  3.491091975681273e+00 -9.871715312646785e-02  3.491091975681474e+00 -9.871715312647339e-02  3.491091975681475e+00 -9.871715312647342e-02  3.491091975681272e+00 -9.871715312646782e-02  3.490310947554865e+00 -1.121504174155818e-01  3.490310947555066e+00 -1.121504174155881e-01  3.490310947555066e+00 -1.121504174155881e-01  3.490310947554863e+00 -1.121504174155818e-01 
 6.309573444802012e+02  1.000008504082241e+00 -1.286875363888838e-05  9.000151826971777e-01 -1.332404169401544e-04  9.000076401673637e-01 -1.560914176886491e-04  1.010010274359437e+00  4.051150340890935e-03  9.000171707146608e-01  3.450851309198367e-03  2.406644236163658e-05  9.284691040740546e-04  2.406656729225798e-05  9.284691281519456e-04  2.406643610752823e-05  9.284691028687265e-04  2.406605030741416e-05  9.284690285016697e-04  1.000044822460931e+00 -2.704484657765874e-03  1.000044822460989e+00 -2.704484657766026e-03  1.000044822460989e+00 -2.704484657766028e-03  1.000044822460931e+00 -2.704484657765874e-03 -4.999888006906866e-01  2.943265876891739e-03 -4.999888005033817e-01  2.943265913481345e-03 -4.999888007000634e-01  2.943265875060080e-03 -4.999888012784825e-01  2.943265762049528e-03  3.998953398282487e+00  3.854405316225902e-02  3.998953398282718e+00  3.854405316226142e-02  3.998953398282718e+00  3.854405316226143e-02  3.998953398282486e+00  3.854405316225901e-02  3.490862720016818e+00 -1.016054665218305e-01  3.490862720017019e+00 -1.016054665218363e-01  3.490862720017019e+00 -1.016054665218363e-01  3.490862720016817e+00 -1.016054665218305e-01  3.490056101270442e+00 -1.154299784209642e-01  3.490056101270643e+00 -1.154299784209708e-01  3.490056101270643e+00 -1.154299784209708e-01  3.490056101270441e+00 -1.154299784209642e-01 
 6.493816315762195e+02  1.000009004620954e+00 -1.324569608007734e-05  9.000160758801944e-01 -1.371333095687958e-04  9.000080894102575e-01 -1.606504938910014e-04  1.010010879914563e+00  4.169446728182253e-03  9.000181815334919e-01  3.551619213649320e-03  2.444062776518763e-05  9.617146879633235e-04  2.444069430618256e-05  9.617147012855776e-04  2.444064050072248e-05  9.617146905130860e-04  2.444021062109059e-05  9.617146044348533e-04  1.000047461239319e+00 -2.783486191375122e-03  1.000047461239377e+00 -2.783486191375282e-03  1.000047461239377e+00 -2.783486191375282e-03  1.000047461239319e+00 -2.783486191375119e-03 -4.999897301723801e-01  3.038427977872089e-03 -4.999897300726204e-01  3.038427998114632e-03 -4.999897301532868e-01  3.038427981746336e-03 -4.999897307977715e-01  3.038427850954702e-03  3.998983595035759e+00  3.965109927838641e-02  3.998983595035991e+00  3.965109927838886e-02  3.998983595035989e+00  3.965109927838886e-02  3.998983595035758e+00  3.965109927838640e-02  3.490619933339995e+00 -1.045767717057347e-01  3.490619933340197e+00 -1.045767717057407e-01  3.490619933340195e+00 -1.045767717057406e-01  3.490619933339994e+00 -1.045767717057347e-01  3.489786212955296e+00 -1.188038651191922e-01  3.489786212955498e+00 -1.188038651191989e-01  3.489786212955497e+00 -1.188038651191989e-01  3.489786212955296e+00 -1.188038651191921e-01 
 6.683439175686232e+02  1.000009534819791e+00 -1.363375101201728e-05  9.000170219904586e-01 -1.411400758476824e-04  9.000085652736500e-01 -1.653427991454023e-04  1.010011521294132e+00  4.291197491811968e-03  9.000192522511499e-01  3.655329704172745e-03  2.483702925165643e-05  9.957572578147475e-04  2.483711369738462e-05  9.957572753896268e-04  2.483706338524128e-05  9.957572649186681e-04  2.483666144936780e-05  9.957571812570405e-04  1.000050256371503e+00 -2.864797242363019e-03  1.000050256371561e+00 -2.864797242363182e-03  1.000050256371561e+00 -2.864797242363182e-03  1.000050256371502e+00 -2.864797242363017e-03 -4.999907146611770e-01  3.136109646615446e-03 -4.999907145345788e-01  3.136109673316267e-03 -4.999907146100050e-01  3.136109657408152e-03 -4.999907152125744e-01  3.136109530304544e-03  3.999015580945767e+00  4.079098594759295e-02  3.999015580945998e+00  4.079098594759550e-02  3.999015580945998e+00  4.079098594759550e-02  3.999015580945765e+00  4.079098594759293e-02  3.490362820248768e+00 -1.076334238220836e-01  3.490362820248969e+00 -1.076334238220897e-01  3.490362820248969e+00 -1.076334238220897e-01  3.490362820248766e+00 -1.076334238220836e-01  3.489500398321131e+00 -1.222747554585826e-01  3.489500398321332e+00 -1.222747554585895e-01  3.489500398321332e+00 -1.222747554585895e-01  3.489500398321129e+00 -1.222747554585825e-01 
 6.878599123088164e+02  1.000010096436371e+00 -1.403325235553097e-05  9.000180241644191e-01 -1.452640588677226e-04  9.000090693350333e-01 -1.701722328935759e-04  1.010012200560030e+00  4.416503506873396e-03  9.000203864173233e-01  3.762068715805967e-03  2.525696128591326e-05  1.030625037630885e-03  2.525706576023135e-05  1.030625060248422e-03  2.525695852473309e-05  1.030625037033051e-03  2.525664319064092e-05  1.030624968755554e-03  1.000053217121515e+00 -2.948485487398747e-03  1.000053217121573e+00 -2.948485487398910e-03  1.000053217121573e+00 -2.948485487398914e-03  1.000053217121515e+00 -2.948485487398747e-03 -4.999917574190772e-01  3.236392017560306e-03 -4.999917572624589e-01  3.236392051917630e-03 -4.999917574232167e-01  3.236392016652165e-03 -4.999917578959365e-01  3.236391912934981e-03  3.999049462212453e+00  4.196465671261691e-02  3.999049462212684e+00  4.196465671261954e-02  3.999049462212684e+00  4.196465671261952e-02  3.999049462212452e+00  4.196465671261690e-02  3.490090539265118e+00 -1.107778391443968e-01  3.490090539265320e+00 -1.107778391444031e-01  3.490090539265319e+00 -1.107778391444031e-01  3.490090539265117e+00 -1.107778391443968e-01  3.489197721815547e+00 -1.258453972149515e-01  3.489197721815749e+00 -1.258453972149586e-01  3.489197721815748e+00 -1.258453972149586e-01  3.489197721815546e+00 -1.258453972149515e-01 
 7.079457843841470e+02  1.000010691332465e+00 -1.444454538949121e-05  9.000190857243967e-01 -1.495087016427133e-04  9.000096032653798e-01 -1.751428099433958e-04  1.010012920227527e+00  4.545468593645369e-03  9.000215877920805e-01  3.871924693147543e-03  2.570181640398905e-05  1.066346936939570e-03  2.570188634332116e-05  1.066346952701359e-03  2.570178621152941e-05  1.066346930135258e-03  2.570149179187409e-05  1.066346863772739e-03  1.000056353302211e+00 -3.034620601422344e-03  1.000056353302269e+00 -3.034620601422518e-03  1.000056353302269e+00 -3.034620601422518e-03  1.000056353302212e+00 -3.034620601422348e-03 -4.999928619010355e-01  3.339358398810696e-03 -4.999928617961932e-01  3.339358422750348e-03 -4.999928619462954e-01  3.339358388476029e-03 -4.999928623876433e-01  3.339358287682122e-03  3.999085351197997e+00  4.317308300350062e-02  3.999085351198227e+00  4.317308300350330e-02  3.999085351198228e+00  4.317308300350332e-02  3.999085351197998e+00  4.317308300350063e-02  3.489802199822364e+00 -1.140124962820327e-01  3.489802199822565e+00 -1.140124962820391e-01  3.489802199822565e+00 -1.140124962820391e-01  3.489802199822365e+00 -1.140124962820327e-01  3.488877193311292e+00 -1.295186093854327e-01  3.488877193311493e+00 -1.295186093854400e-01  3.488877193311493e+00 -1.295186093854400e-01  3.488877193311293e+00 -1.295186093854327e-01 
 7.286181745132371e+02  1.000011321480186e+00 -1.486798549493671e-05  9.000202101896126e-01 -1.538775486762270e-04  9.000101688346905e-01 -1.802586624136959e-04  1.010013682529039e+00  4.678199605652598e-03  9.000228603583462e-01  3.984988665215637e-03  2.617306983515588e-05  1.102952574914938e-03  2.617316647840484e-05  1.102952597606596e-03  2.617312551811413e-05  1.102952587989130e-03  2.617279837818787e-05  1.102952511167368e-03  1.000059675307738e+00 -3.123274316076140e-03  1.000059675307796e+00 -3.123274316076311e-03  1.000059675307796e+00 -3.123274316076313e-03  1.000059675307738e+00 -3.123274316076135e-03 -4.999940317663767e-01  3.445094341930462e-03 -4.999940316215108e-01  3.445094376390289e-03 -4.999940316829093e-01  3.445094361785090e-03 -4.999940321732840e-01  3.445094245122816e-03  3.999123366635886e+00  4.441726490025849e-02  3.999123366636117e+00  4.441726490026127e-02  3.999123366636117e+00  4.441726490026128e-02  3.999123366635884e+00  4.441726490025850e-02  3.489496859332199e+00 -1.173399373304900e-01  3.489496859332401e+00 -1.173399373304966e-01  3.489496859332401e+00 -1.173399373304966e-01  3.489496859332198e+00 -1.173399373304899e-01  3.488537764858792e+00 -1.332972835269452e-01  3.488537764858993e+00 -1.332972835269527e-01  3.488537764858993e+00 -1.332972835269527e-01  3.488537764858791e+00 -1.332972835269451e-01 
 7.498942093324656e+02  1.000011988968513e+00 -1.530393958580409e-05  9.000214012878515e-01 -1.583742500322509e-04  9.000107679178603e-01 -1.855240441872656e-04  1.010014489900426e+00  4.814806517013401e-03  9.000242083351075e-01  4.101354320054691e-03  2.667228440556002e-05  1.140472305100183e-03  2.667235948705660e-05  1.140472323483003e-03  2.667232130076913e-05  1.140472314133399e-03  2.667201635792038e-05  1.140472239461914e-03  1.000063194148164e+00 -3.214520483851916e-03  1.000063194148221e+00 -3.214520483852093e-03  1.000063194148221e+00 -3.214520483852095e-03  1.000063194148164e+00 -3.214520483851916e-03 -4.999952708909943e-01  3.553687715637960e-03 -4.999952707784547e-01  3.553687743549885e-03 -4.999952708356921e-01  3.553687729353727e-03 -4.999952712927709e-01  3.553687615974951e-03  3.999163634891804e+00  4.569823213986809e-02  3.999163634892035e+00  4.569823213987097e-02  3.999163634892035e+00  4.569823213987095e-02  3.999163634891804e+00  4.569823213986809e-02  3.489173520962597e+00 -1.207627688493836e-01  3.489173520962798e+00 -1.207627688493904e-01  3.489173520962798e+00 -1.207627688493904e-01  3.489173520962597e+00 -1.207627688493836e-01  3.488178328132765e+00 -1.371843849256063e-01  3.488178328132967e+00 -1.371843849256140e-01  3.488178328132967e+00 -1.371843849256140e-01  3.488178328132765e+00 -1.371843849256063e-01 
 7.717915155850225e+02  1.000012696010224e+00 -1.575278704045457e-05  9.000226629678245e-01 -1.630025650455654e-04  9.000114025008921e-01 -1.909433350074663e-04  1.010015345183459e+00  4.955402513006442e-03  9.000256361914116e-01  4.221118082022131e-03  2.720111573295547e-05  1.178937240755347e-03  2.720117625004681e-05  1.178937256220654e-03  2.720109514303681e-05  1.178937235493491e-03  2.720085669527528e-05  1.178937174547671e-03  1.000066921485703e+00 -3.308435141708939e-03  1.000066921485761e+00 -3.308435141709123e-03  1.000066921485761e+00 -3.308435141709125e-03  1.000066921485703e+00 -3.308435141708936e-03 -4.999965833800383e-01  3.665228780318514e-03 -4.999965832893341e-01  3.665228803796614e-03 -4.999965834108988e-01  3.665228772330416e-03 -4.999965837682886e-01  3.665228679807891e-03  3.999206289341166e+00  4.701704473175735e-02  3.999206289341397e+00  4.701704473176031e-02  3.999206289341397e+00  4.701704473176029e-02  3.999206289341165e+00  4.701704473175735e-02  3.488831129656131e+00 -1.242836630776343e-01  3.488831129656333e+00 -1.242836630776413e-01  3.488831129656333e+00 -1.242836630776413e-01  3.488831129656131e+00 -1.242836630776343e-01  3.487797710100005e+00 -1.411829539949025e-01  3.487797710100207e+00 -1.411829539949104e-01  3.487797710100207e+00 -1.411829539949104e-01  3.487797710100005e+00 -1.411829539949024e-01 
 7.943282347242919e+02  1.000013444949232e+00 -1.621491920636980e-05  9.000239994122633e-01 -1.677663648402421e-04  9.000120746874857e-01 -1.965210433863640e-04  1.010016251231779e+00  5.100104085056927e-03  9.000271486611860e-01  4.344379192656425e-03  2.776131772630475e-05  1.218379280853864e-03  2.776136978027699e-05  1.218379294753095e-03  2.776137905780018e-05  1.218379297230327e-03  2.776107248114723e-05  1.218379215360258e-03  1.000070869673452e+00 -3.405096576895339e-03  1.000070869673510e+00 -3.405096576895529e-03  1.000070869673510e+00 -3.405096576895530e-03  1.000070869673452e+00 -3.405096576895338e-03 -4.999979735815457e-01  3.779810264762122e-03 -4.999979735035309e-01  3.779810285858968e-03 -4.999979734896263e-01  3.779810289619020e-03 -4.999979739491019e-01  3.779810165353293e-03  3.999251471272749e+00  4.837479392569167e-02  3.999251471272981e+00  4.837479392569471e-02  3.999251471272980e+00  4.837479392569470e-02  3.999251471272747e+00  4.837479392569165e-02  3.488468569239352e+00 -1.279053588902883e-01  3.488468569239554e+00 -1.279053588902955e-01  3.488468569239553e+00 -1.279053588902955e-01  3.488468569239350e+00 -1.279053588902882e-01  3.487394669759897e+00 -1.452961074192132e-01  3.487394669760099e+00 -1.452961074192214e-01  3.487394669760099e+00 -1.452961074192214e-01  3.487394669759896e+00 -1.452961074192131e-01 
 8.175230379436607e+02  1.000014238268363e+00 -1.669073935497839e-05  9.000254150517975e-01 -1.726696353489916e-04  9.000127867060139e-01 -2.022618100164806e-04  1.010017210744586e+00  5.249031127950195e-03  9.000287507589458e-01  4.471239793505783e-03  2.835474841855756e-05  1.258831136749291e-03  2.835479727791856e-05  1.258831150396066e-03  2.835472714596277e-05  1.258831130807726e-03  2.835452098953750e-05  1.258831073217424e-03  1.000075051796423e+00 -3.504585395329008e-03  1.000075051796480e+00 -3.504585395329204e-03  1.000075051796480e+00 -3.504585395329205e-03  1.000075051796422e+00 -3.504585395329006e-03 -4.999994461008678e-01  3.897527445342090e-03 -4.999994460276456e-01  3.897527466051829e-03 -4.999994461327475e-01  3.897527436325430e-03 -4.999994464417001e-01  3.897527348929101e-03  3.999299330719867e+00  4.977260320436511e-02  3.999299330720098e+00  4.977260320436824e-02  3.999299330720098e+00  4.977260320436823e-02  3.999299330719866e+00  4.977260320436510e-02  3.488084659274486e+00 -1.316306627051951e-01  3.488084659274688e+00 -1.316306627052025e-01  3.488084659274688e+00 -1.316306627052025e-01  3.488084659274485e+00 -1.316306627051951e-01  3.486967894607252e+00 -1.495270392445312e-01  3.486967894607453e+00 -1.495270392445396e-01  3.486967894607453e+00 -1.495270392445397e-01  3.486967894607251e+00 -1.495270392445312e-01 
 8.413951416452062e+02  1.000015078597572e+00 -1.718066582404720e-05  9.000269145796341e-01 -1.777164833007453e-04  9.000135409169043e-01 -2.081704141527826e-04  1.010018227294357e+00  5.402307036041408e-03  9.000304477964256e-01  4.601805008524218e-03  2.898337614531954e-05  1.300326359536588e-03  2.898342630397455e-05  1.300326374209542e-03  2.898336120382705e-05  1.300326355165736e-03  2.898316985100458e-05  1.300326299180758e-03  1.000079481714631e+00 -3.606984594039432e-03  1.000079481714689e+00 -3.606984594039633e-03  1.000079481714689e+00 -3.606984594039633e-03  1.000079481714631e+00 -3.606984594039432e-03 -5.000010058157628e-01  4.018478228427705e-03 -5.000010057405985e-01  4.018478250690273e-03 -5.000010058381529e-01  4.018478221796025e-03 -5.000010061248999e-01  4.018478136852863e-03  3.999350026176628e+00  5.121162899486258e-02  3.999350026176858e+00  5.121162899486580e-02  3.999350026176858e+00  5.121162899486580e-02  3.999350026176627e+00  5.121162899486258e-02  3.487678150765281e+00 -1.354624495388931e-01  3.487678150765482e+00 -1.354624495389007e-01  3.487678150765483e+00 -1.354624495389007e-01  3.487678150765281e+00 -1.354624495388931e-01  3.486515995927339e+00 -1.538790221102424e-01  3.486515995927539e+00 -1.538790221102511e-01  3.486515995927540e+00 -1.538790221102511e-01  3.486515995927338e+00 -1.538790221102424e-01 
 8.659643233600768e+02  1.000015968722682e+00 -1.768512920769830e-05  9.000285029671363e-01 -1.829111369541796e-04  9.000143398204743e-01 -2.142517747419813e-04  1.010019304052622e+00  5.560058809610173e-03  9.000322454002005e-01  4.736183034334218e-03  2.964928608906181e-05  1.342899368133361e-03  2.964934132071440e-05  1.342899385077972e-03  2.964931485088806e-05  1.342899376957171e-03  2.964910359370965e-05  1.342899312136762e-03  1.000084174109216e+00 -3.712379631635800e-03  1.000084174109274e+00 -3.712379631636012e-03  1.000084174109274e+00 -3.712379631636010e-03  1.000084174109216e+00 -3.712379631635800e-03 -5.000026578926229e-01  4.142763233058104e-03 -5.000026578098631e-01  4.142763258761897e-03 -5.000026578495258e-01  4.142763246443211e-03 -5.000026581660753e-01  4.142763148115307e-03  3.999403725772325e+00  5.269306179295384e-02  3.999403725772555e+00  5.269306179295713e-02  3.999403725772556e+00  5.269306179295714e-02  3.999403725772324e+00  5.269306179295383e-02  3.487247722871996e+00 -1.394036637339580e-01  3.487247722872198e+00 -1.394036637339659e-01  3.487247722872199e+00 -1.394036637339660e-01  3.487247722871996e+00 -1.394036637339580e-01  3.486037505079168e+00 -1.583554081542042e-01  3.486037505079369e+00 -1.583554081542132e-01  3.486037505079370e+00 -1.583554081542133e-01  3.486037505079167e+00 -1.583554081542042e-01 
 8.912509381337574e+02  1.000016911594611e+00 -1.820457503179283e-05  9.000301854802998e-01 -1.882579518753476e-04  9.000151860652159e-01 -2.205109565962212e-04  1.010020444619182e+00  5.722417157602347e-03  9.000341495303483e-01  4.874485228136651e-03  3.035468721834800e-05  1.386585478105741e-03  3.035471926371436e-05  1.386585488431676e-03  3.035466339762483e-05  1.386585470430047e-03  3.035449921495736e-05  1.386585417517669e-03  1.000089144531019e+00 -3.820858505784291e-03  1.000089144531077e+00 -3.820858505784510e-03  1.000089144531077e+00 -3.820858505784508e-03  1.000089144531020e+00 -3.820858505784291e-03 -5.000044078035181e-01  4.270485878412097e-03 -5.000044077555051e-01  4.270485894072309e-03 -5.000044078392081e-01  4.270485866771217e-03 -5.000044080851997e-01  4.270485786524958e-03  3.999460607709087e+00  5.421812710585003e-02  3.999460607709318e+00  5.421812710585343e-02  3.999460607709318e+00  5.421812710585341e-02  3.999460607709087e+00  5.421812710585003e-02  3.486791978778741e+00 -1.434573197525691e-01  3.486791978778943e+00 -1.434573197525772e-01  3.486791978778943e+00 -1.434573197525772e-01  3.486791978778741e+00 -1.434573197525691e-01  3.485530868907422e+00 -1.629596299758352e-01  3.485530868907623e+00 -1.629596299758444e-01  3.485530868907623e+00 -1.629596299758444e-01  3.485530868907422e+00 -1.629596299758352e-01 
 9.172759353897918e+02  1.000017910339158e+00 -1.873946364361529e-05  9.000319676972217e-01 -1.937614143194970e-04  9.000160824565807e-01 -2.269531741704027e-04  1.010021652771414e+00  5.889516606861323e-03  9.000361665002301e-01  5.016826200789751e-03  3.110191963567877e-05  1.431420931264754e-03  3.110196470745841e-05  1.431420946543960e-03  3.110197103983747e-05  1.431420948690558e-03  3.110176134835108e-05  1.431420877597945e-03  1.000094409451878e+00 -3.932511829822738e-03  1.000094409451936e+00 -3.932511829822955e-03  1.000094409451936e+00 -3.932511829822957e-03  1.000094409451878e+00 -3.932511829822734e-03 -5.000062613441647e-01  4.401752472183720e-03 -5.000062612766409e-01  4.401752495350512e-03 -5.000062612671542e-01  4.401752498605247e-03 -5.000062615813009e-01  4.401752390812612e-03  3.999520860329820e+00  5.578808629458147e-02  3.999520860330051e+00  5.578808629458499e-02  3.999520860330051e+00  5.578808629458498e-02  3.999520860329820e+00  5.578808629458146e-02  3.486309441009808e+00 -1.476265029681093e-01  3.486309441010009e+00 -1.476265029681176e-01  3.486309441010009e+00 -1.476265029681176e-01  3.486309441009808e+00 -1.476265029681093e-01  3.484994444578768e+00 -1.676952015891030e-01  3.484994444578968e+00 -1.676952015891124e-01  3.484994444578968e+00 -1.676952015891124e-01  3.484994444578768e+00 -1.676952015891030e-01 
 9.440608762859360e+02  1.000018968267369e+00 -1.929027095752700e-05  9.000338555265993e-01 -1.994261454990854e-04  9.000170319662788e-01 -2.335837962239485e-04  1.010022932526225e+00  6.061495613533722e-03  9.000383029974305e-01  5.163323911859460e-03  3.189346236925905e-05  1.477442926061763e-03  3.189349548538001e-05  1.477442937893611e-03  3.189347458754099e-05  1.477442930427071e-03  3.189330788172517e-05  1.477442870858491e-03  1.000099986319547e+00 -4.047432914771893e-03  1.000099986319605e+00 -4.047432914772120e-03  1.000099986319605e+00 -4.047432914772125e-03  1.000099986319546e+00 -4.047432914771895e-03 -5.000082246532495e-01  4.536672303043391e-03 -5.000082246036419e-01  4.536672320978686e-03 -5.000082246349467e-01  4.536672309660539e-03 -5.000082248846685e-01  4.536672219363663e-03  3.999584683697914e+00  5.740423789721950e-02  3.999584683698145e+00  5.740423789722311e-02  3.999584683698145e+00  5.740423789722309e-02  3.999584683697913e+00  5.740423789721948e-02  3.485798547772573e+00 -1.519143700523420e-01  3.485798547772776e+00 -1.519143700523506e-01  3.485798547772776e+00 -1.519143700523506e-01  3.485798547772573e+00 -1.519143700523420e-01  3.484426495421042e+00 -1.725657189708932e-01  3.484426495421244e+00 -1.725657189709029e-01  3.484426495421244e+00 -1.725657189709029e-01  3.484426495421041e+00 -1.725657189708931e-01 
 9.716279515771192e+02  1.000020088886516e+00 -1.985748889935769e-05  9.000358552273223e-01 -2.052569057011070e-04  9.000180377421357e-01 -2.404083503289166e-04  1.010024288088293e+00  6.238496678146251e-03  9.000405661059437e-01  5.314099767765062e-03  3.273194162356496e-05  1.524689648808762e-03  3.273196823555535e-05  1.524689658849699e-03  3.273194899178211e-05  1.524689651588855e-03  3.273179550644656e-05  1.524689593669813e-03  1.000105893615056e+00 -4.165717851200000e-03  1.000105893615114e+00 -4.165717851200225e-03  1.000105893615114e+00 -4.165717851200230e-03  1.000105893615056e+00 -4.165717851199996e-03 -5.000103042324872e-01  4.675357734458782e-03 -5.000103041926276e-01  4.675357749675289e-03 -5.000103042214511e-01  4.675357738671865e-03 -5.000103044513420e-01  4.675357650898767e-03  3.999652289288945e+00  5.906791838333694e-02  3.999652289289176e+00  5.906791838334066e-02  3.999652289289176e+00  5.906791838334065e-02  3.999652289288943e+00  5.906791838333692e-02  3.485257647446232e+00 -1.563241496553472e-01  3.485257647446434e+00 -1.563241496553560e-01  3.485257647446433e+00 -1.563241496553560e-01  3.485257647446231e+00 -1.563241496553471e-01  3.483825184879830e+00 -1.775748608845729e-01  3.483825184880032e+00 -1.775748608845829e-01  3.483825184880031e+00 -1.775748608845829e-01  3.483825184879829e+00 -1.775748608845727e-01 
 1.000000000000014e+03  1.000021275911726e+00 -2.044162640004548e-05  9.000379734292371e-01 -2.112585990241048e-04  9.000191031185290e-01 -2.474325279934326e-04  1.010025723968609e+00  6.420666463423262e-03  9.000429633296853e-01  5.469278722339911e-03  3.362013952840082e-05  1.573200305754418e-03  3.362016422281400e-05  1.573200315616129e-03  3.362012392482683e-05  1.573200299523085e-03  3.362000553563949e-05  1.573200252237273e-03  1.000112150914173e+00 -4.287465596589949e-03  1.000112150914231e+00 -4.287465596590196e-03  1.000112150914231e+00 -4.287465596590192e-03  1.000112150914173e+00 -4.287465596589949e-03 -5.000125069682072e-01  4.817924302755005e-03 -5.000125069312247e-01  4.817924317695699e-03 -5.000125069915752e-01  4.817924293314410e-03 -5.000125071688755e-01  4.817924221675544e-03  3.999723901323376e+00  6.078050344354419e-02  3.999723901323607e+00  6.078050344354797e-02  3.999723901323607e+00  6.078050344354800e-02  3.999723901323375e+00  6.078050344354416e-02  3.484684994184879e+00 -1.608591426173553e-01  3.484684994185081e+00 -1.608591426173643e-01  3.484684994185081e+00 -1.608591426173643e-01  3.484684994184879e+00 -1.608591426173552e-01  3.483188571563658e+00 -1.827263892334168e-01  3.483188571563859e+00 -1.827263892334272e-01  3.483188571563859e+00 -1.827263892334271e-01  3.483188571563657e+00 -1.827263892334168e-01 
 1.029200527194442e+03  1.000022533278295e+00 -2.104321019718047e-05  9.000402171551238e-01 -2.174362780728430e-04  9.000202316274383e-01 -2.546621897368598e-04  1.010027245017456e+00  6.608155915844322e-03  9.000455026173791e-01  5.628989380562045e-03  3.456100340676338e-05  1.623015156044284e-03  3.456102996085564e-05  1.623015167296240e-03  3.456101375309828e-05  1.623015160428377e-03  3.456088453079875e-05  1.623015105665805e-03  1.000118778952053e+00 -4.412778064200024e-03  1.000118778952111e+00 -4.412778064200274e-03  1.000118778952111e+00 -4.412778064200270e-03  1.000118778952053e+00 -4.412778064200032e-03 -5.000148401539916e-01  4.964490817460025e-03 -5.000148401142299e-01  4.964490834501894e-03 -5.000148401384991e-01  4.964490824100038e-03 -5.000148403319949e-01  4.964490741158405e-03  3.999799757222338e+00  6.254340901132038e-02  3.999799757222569e+00  6.254340901132432e-02  3.999799757222569e+00  6.254340901132434e-02  3.999799757222339e+00  6.254340901132034e-02  3.484078742496370e+00 -1.655227222421548e-01  3.484078742496572e+00 -1.655227222421642e-01  3.484078742496571e+00 -1.655227222421641e-01  3.484078742496370e+00 -1.655227222421549e-01  3.482514603235203e+00 -1.880241494599292e-01  3.482514603235405e+00 -1.880241494599398e-01  3.482514603235404e+00 -1.880241494599397e-01  3.482514603235204e+00 -1.880241494599292e-01 
 1.059253725177303e+03  1.000023865154748e+00 -2.166278432191633e-05  9.000425938440038e-01 -2.237951476057587e-04  9.000214270101697e-01 -2.621033691101670e-04  1.010028856059020e+00  6.801120392406267e-03  9.000481923889436e-01  5.793364106555961e-03  3.555765559593027e-05  1.674175545597002e-03  3.555768702995232e-05  1.674175559769574e-03  3.555765327145632e-05  1.674175544548988e-03  3.555755411527306e-05  1.674175499836354e-03  1.000125799692009e+00 -4.541760214370414e-03  1.000125799692067e+00 -4.541760214370667e-03  1.000125799692067e+00 -4.541760214370667e-03  1.000125799692009e+00 -4.541760214370410e-03 -5.000173115147951e-01  5.115179464468514e-03 -5.000173114677339e-01  5.115179485927106e-03 -5.000173115182749e-01  5.115179462881723e-03 -5.000173116667257e-01  5.115179395182724e-03  3.999880108602399e+00  6.435809249859793e-02  3.999880108602630e+00  6.435809249860197e-02  3.999880108602631e+00  6.435809249860198e-02  3.999880108602398e+00  6.435809249859792e-02  3.483436941983505e+00 -1.703183342865555e-01  3.483436941983706e+00 -1.703183342865651e-01  3.483436941983706e+00 -1.703183342865651e-01  3.483436941983504e+00 -1.703183342865555e-01  3.481801110935698e+00 -1.934720706509860e-01  3.481801110935900e+00 -1.934720706509969e-01  3.481801110935900e+00 -1.934720706509969e-01  3.481801110935697e+00 -1.934720706509860e-01 
 1.090184492385142e+03  1.000025275956647e+00 -2.230091361032368e-05  9.000451113757942e-01 -2.303405719462620e-04  9.000226932297449e-01 -2.697622804705157e-04  1.010030562719082e+00  6.999719786235046e-03  9.000510415634269e-01  5.962539131153427e-03  3.661340386124090e-05  1.726723941927604e-03  3.661342522520705e-05  1.726723952209093e-03  3.661339446492384e-05  1.726723937405668e-03  3.661330412557673e-05  1.726723893923453e-03  1.000133236398065e+00 -4.674520152457620e-03  1.000133236398123e+00 -4.674520152457880e-03  1.000133236398123e+00 -4.674520152457880e-03  1.000133236398065e+00 -4.674520152457620e-03 -5.000199292323279e-01  5.270115914170940e-03 -5.000199292003490e-01  5.270115929732888e-03 -5.000199292463927e-01  5.270115907326585e-03 -5.000199293816178e-01  5.270115841512464e-03  3.999965221921205e+00  6.622605389627421e-02  3.999965221921436e+00  6.622605389627841e-02  3.999965221921436e+00  6.622605389627839e-02  3.999965221921204e+00  6.622605389627420e-02  3.482757531481646e+00 -1.752494968923442e-01  3.482757531481847e+00 -1.752494968923540e-01  3.482757531481847e+00 -1.752494968923540e-01  3.482757531481645e+00 -1.752494968923441e-01  3.481045802474024e+00 -1.990741655688363e-01  3.481045802474225e+00 -1.990741655688475e-01  3.481045802474225e+00 -1.990741655688475e-01  3.481045802474023e+00 -1.990741655688362e-01 
 1.122018454301979e+03  1.000026770361246e+00 -2.295818124197738e-05  9.000477780974563e-01 -2.370780771662673e-04  9.000240344840534e-01 -2.776453215165667e-04  1.010032370461335e+00  7.204118663261507e-03  9.000540595886020e-01  6.136654668108131e-03  3.773175242227644e-05  1.780703969951656e-03  3.773176853499871e-05  1.780703978258407e-03  3.773175627497238e-05  1.780703971937860e-03  3.773165858977912e-05  1.780703921571937e-03  1.000141113711981e+00 -4.811169224452547e-03  1.000141113712038e+00 -4.811169224452814e-03  1.000141113712039e+00 -4.811169224452817e-03  1.000141113711981e+00 -4.811169224452536e-03 -5.000227019720392e-01  5.429429430136386e-03 -5.000227019479259e-01  5.429429442704967e-03 -5.000227019662736e-01  5.429429433141624e-03 -5.000227021124628e-01  5.429429356935231e-03  4.000055379400800e+00  6.814883701380930e-02  4.000055379401031e+00  6.814883701381354e-02  4.000055379401031e+00  6.814883701381357e-02  4.000055379400799e+00  6.814883701380935e-02  3.482038333114750e+00 -1.803198002455394e-01  3.482038333114951e+00 -1.803198002455496e-01  3.482038333114951e+00 -1.803198002455496e-01  3.482038333114749e+00 -1.803198002455393e-01  3.480246255802426e+00 -2.048345303941977e-01  3.480246255802627e+00 -2.048345303942093e-01  3.480246255802627e+00 -2.048345303942092e-01  3.480246255802425e+00 -2.048345303941976e-01 
 1.154781984689474e+03  1.000028353322989e+00 -2.363519209304753e-05  9.000506028506751e-01 -2.440133586571719e-04  9.000254552197694e-01 -2.857590811971564e-04  1.010034285328067e+00  7.414486395807910e-03  9.000572564723273e-01  6.315855028454744e-03  3.891641365061371e-05  1.836160448804086e-03  3.891642843362186e-05  1.836160457001708e-03  3.891641734538043e-05  1.836160450852942e-03  3.891632901847908e-05  1.836160401867406e-03  1.000149457734847e+00 -4.951822122008388e-03  1.000149457734905e+00 -4.951822122008665e-03  1.000149457734905e+00 -4.951822122008669e-03  1.000149457734847e+00 -4.951822122008391e-03 -5.000256389116753e-01  5.593252984273607e-03 -5.000256388895575e-01  5.593252996672452e-03 -5.000256389061476e-01  5.593252987372488e-03 -5.000256390382990e-01  5.593252913282283e-03  4.000150880067466e+00  7.012803076873901e-02  4.000150880067696e+00  7.012803076874338e-02  4.000150880067697e+00  7.012803076874340e-02  4.000150880067465e+00  7.012803076873897e-02  3.481277046120534e+00 -1.855329060108020e-01  3.481277046120734e+00 -1.855329060108124e-01  3.481277046120735e+00 -1.855329060108124e-01  3.481277046120533e+00 -1.855329060108020e-01  3.479399912128019e+00 -2.107573442264904e-01  3.479399912128219e+00 -2.107573442265022e-01  3.479399912128220e+00 -2.107573442265023e-01  3.479399912128018e+00 -2.107573442264904e-01 
 1.188502227437035e+03  1.000030030089944e+00 -2.433257276029505e-05  9.000535950011839e-01 -2.511522858657064e-04  9.000269601470898e-01 -2.941103447683424e-04  1.010036313684888e+00  7.630997304273369e-03  9.000606428157557e-01  6.500288741345119e-03  4.017132045874838e-05  1.893139429708620e-03  4.017133698924757e-05  1.893139439615484e-03  4.017132700712134e-05  1.893139433633134e-03  4.017124751548584e-05  1.893139385987490e-03  1.000158296113366e+00 -5.096596987435727e-03  1.000158296113425e+00 -5.096596987436008e-03  1.000158296113424e+00 -5.096596987436012e-03  1.000158296113366e+00 -5.096596987435727e-03 -5.000287497714566e-01  5.761723373813688e-03 -5.000287497467315e-01  5.761723388791851e-03 -5.000287497616618e-01  5.761723379747153e-03 -5.000287498805603e-01  5.761723307711895e-03  4.000252040639137e+00  7.216527042767679e-02  4.000252040639369e+00  7.216527042768137e-02  4.000252040639368e+00  7.216527042768132e-02  4.000252040639136e+00  7.216527042767679e-02  3.480471240204454e+00 -1.908925465822068e-01  3.480471240204656e+00 -1.908925465822174e-01  3.480471240204655e+00 -1.908925465822174e-01  3.480471240204454e+00 -1.908925465822067e-01  3.478504068518139e+00 -2.168468683785325e-01  3.478504068518340e+00 -2.168468683785446e-01  3.478504068518339e+00 -2.168468683785446e-01  3.478504068518138e+00 -2.168468683785324e-01 
 1.223207119049948e+03  1.000031806221204e+00 -2.505097258529209e-05  9.000567644698309e-01 -2.585009080984005e-04  9.000285542553600e-01 -3.027060998995898e-04  1.010038462248350e+00  7.853830801800386e-03  9.000642298485229e-01  6.690108677571486e-03  4.150063943542115e-05  1.951688234933918e-03  4.150065999586339e-05  1.951688248324630e-03  4.150065105890111e-05  1.951688242504158e-03  4.150057990687239e-05  1.951688196158528e-03  1.000167658131348e+00 -5.245615523749700e-03  1.000167658131406e+00 -5.245615523749999e-03  1.000167658131406e+00 -5.245615523749999e-03  1.000167658131348e+00 -5.245615523749700e-03 -5.000320448460761e-01  5.934981342723048e-03 -5.000320448153336e-01  5.934981362960004e-03 -5.000320448286966e-01  5.934981354163711e-03 -5.000320449350849e-01  5.934981284123103e-03  4.000359196628321e+00  7.426223895190806e-02  4.000359196628552e+00  7.426223895191274e-02  4.000359196628551e+00  7.426223895191274e-02  4.000359196628320e+00  7.426223895190805e-02  3.479618348724851e+00 -1.964025240211419e-01  3.479618348725052e+00 -1.964025240211529e-01  3.479618348725052e+00 -1.964025240211529e-01  3.479618348724851e+00 -1.964025240211419e-01  3.477555870301404e+00 -2.231074453361901e-01  3.477555870301605e+00 -2.231074453362026e-01  3.477555870301605e+00 -2.231074453362026e-01  3.477555870301404e+00 -2.231074453361901e-01 
 1.258925411794184e+03  1.000033687605320e+00 -2.579106461809377e-05  9.000601217654871e-01 -2.660654604474634e-04  9.000302428296134e-01 -3.115535428789183e-04  1.010040738083614e+00  8.083171543334213e-03  9.000680294660197e-01  6.885472176841554e-03  4.290878476592708e-05  2.011855497875619e-03  4.290880073659631e-05  2.011855509252658e-03  4.290879278612270e-05  2.011855503588975e-03  4.290872950779567e-05  2.011855458505189e-03  1.000177574806594e+00 -5.399003108571976e-03  1.000177574806651e+00 -5.399003108572277e-03  1.000177574806651e+00 -5.399003108572274e-03  1.000177574806593e+00 -5.399003108571976e-03 -5.000355350385673e-01  6.113171707019144e-03 -5.000355350146971e-01  6.113171724205334e-03 -5.000355350265800e-01  6.113171715649757e-03 -5.000355351211575e-01  6.113171647546115e-03  4.000472703466734e+00  7.642066836581202e-02  4.000472703466965e+00  7.642066836581678e-02  4.000472703466964e+00  7.642066836581682e-02  4.000472703466732e+00  7.642066836581196e-02  3.478715661533345e+00 -2.020667087113931e-01  3.478715661533546e+00 -2.020667087114044e-01  3.478715661533545e+00 -2.020667087114043e-01  3.478715661533343e+00 -2.020667087113930e-01  3.476552303087121e+00 -2.295434974092865e-01  3.476552303087322e+00 -2.295434974092994e-01  3.476552303087321e+00 -2.295434974092993e-01  3.476552303087120e+00 -2.295434974092863e-01 
 1.295686697517037e+03  1.000035680479820e+00 -2.655354780978262e-05  9.000636780198974e-01 -2.738523710069642e-04  9.000320314680906e-01 -3.206600860821560e-04  1.010043148884644e+00  8.319209577645379e-03  9.000720542688829e-01  7.086541177758402e-03  4.440043299169805e-05  2.073691204302564e-03  4.440044757647588e-05  2.073691215755625e-03  4.440044055753489e-05  2.073691210243968e-03  4.440038471226204e-05  2.073691166384657e-03  1.000188078993365e+00 -5.556888913266314e-03  1.000188078993423e+00 -5.556888913266622e-03  1.000188078993423e+00 -5.556888913266626e-03  1.000188078993365e+00 -5.556888913266307e-03 -5.000392318960809e-01  6.296443484749202e-03 -5.000392318742928e-01  6.296443502042181e-03 -5.000392318847784e-01  6.296443493720129e-03 -5.000392319682059e-01  6.296443427497002e-03  4.000592937611644e+00  7.864234109959084e-02  4.000592937611876e+00  7.864234109959584e-02  4.000592937611875e+00  7.864234109959578e-02  4.000592937611644e+00  7.864234109959084e-02  3.477760317423449e+00 -2.078890377397535e-01  3.477760317423651e+00 -2.078890377397652e-01  3.477760317423650e+00 -2.078890377397652e-01  3.477760317423449e+00 -2.078890377397534e-01  3.475490184354578e+00 -2.361595250788987e-01  3.475490184354779e+00 -2.361595250789121e-01  3.475490184354777e+00 -2.361595250789121e-01  3.475490184354577e+00 -2.361595250788987e-01 
 1.333521432163342e+03  1.000037791451911e+00 -2.733914613869563e-05  9.000674450246201e-01 -2.818682655219495e-04  9.000339261008169e-01 -3.300333628454593e-04  1.010045702485097e+00  8.562140507650589e-03  9.000763176048209e-01  7.293482354488928e-03  4.598053864601770e-05  2.137246734810366e-03  4.598054633925264e-05  2.137246741532674e-03  4.598054020038544e-05  2.137246736168553e-03  4.598049137161109e-05  2.137246693497288e-03  1.000199205491178e+00 -5.719406023688410e-03  1.000199205491235e+00 -5.719406023688736e-03  1.000199205491235e+00 -5.719406023688736e-03  1.000199205491177e+00 -5.719406023688416e-03 -5.000431476479023e-01  6.484950028901026e-03 -5.000431476364164e-01  6.484950039046050e-03 -5.000431476455821e-01  6.484950030950746e-03 -5.000431477184840e-01  6.484949966553126e-03  4.000720297895103e+00  8.092909149590859e-02  4.000720297895333e+00  8.092909149591371e-02  4.000720297895334e+00  8.092909149591372e-02  4.000720297895102e+00  8.092909149590856e-02  3.476749296406122e+00 -2.138735128310094e-01  3.476749296406321e+00 -2.138735128310214e-01  3.476749296406322e+00 -2.138735128310215e-01  3.476749296406121e+00 -2.138735128310094e-01  3.474366154831002e+00 -2.429601048686238e-01  3.474366154831201e+00 -2.429601048686374e-01  3.474366154831202e+00 -2.429601048686376e-01  3.474366154831002e+00 -2.429601048686238e-01 
 1.372460961007581e+03  1.000040027520364e+00 -2.814861222010888e-05  9.000714352701232e-01 -2.901199762748218e-04  9.000359330092468e-01 -3.396812365408577e-04  1.010048407447267e+00  8.812165650033047e-03  9.000808336129310e-01  7.506467253446863e-03  4.765435084008729e-05  2.202574908522718e-03  4.765436203663098e-05  2.202574919535815e-03  4.765435672854368e-05  2.202574914314888e-03  4.765431452402602e-05  2.202574872796129e-03  1.000210991159665e+00 -5.886691569619218e-03  1.000210991159722e+00 -5.886691569619548e-03  1.000210991159722e+00 -5.886691569619551e-03  1.000210991159664e+00 -5.886691569619215e-03 -5.000472952455020e-01  6.678849166856167e-03 -5.000472952287978e-01  6.678849183468030e-03 -5.000472952367168e-01  6.678849175592921e-03 -5.000472952996823e-01  6.678849112967170e-03  4.000855206746734e+00  8.328280719590173e-02  4.000855206746965e+00  8.328280719590696e-02  4.000855206746965e+00  8.328280719590696e-02  4.000855206746732e+00  8.328280719590170e-02  3.475679411478940e+00 -2.200241980159175e-01  3.475679411479141e+00 -2.200241980159299e-01  3.475679411479141e+00 -2.200241980159299e-01  3.475679411478939e+00 -2.200241980159174e-01  3.473176669322317e+00 -2.499498869125197e-01  3.473176669322517e+00 -2.499498869125338e-01  3.473176669322517e+00 -2.499498869125338e-01  3.473176669322316e+00 -2.499498869125195e-01 
 1.412537544622774e+03  1.000042396098738e+00 -2.898272724811506e-05  9.000756619872312e-01 -2.986145478824190e-04  9.000380588471040e-01 -3.496118065238498e-04  1.010051272739350e+00  9.069492204174488e-03  9.000856172706421e-01  7.725672437452849e-03  4.942743083768963e-05  2.269730028087530e-03  4.942744041880331e-05  2.269730038852986e-03  4.942743589575471e-05  2.269730033770750e-03  4.942739994406864e-05  2.269729993370273e-03  1.000223475040651e+00 -6.058886855780120e-03  1.000223475040709e+00 -6.058886855780453e-03  1.000223475040709e+00 -6.058886855780453e-03  1.000223475040650e+00 -6.058886855780123e-03 -5.000516884051469e-01  6.878303342921280e-03 -5.000516883908666e-01  6.878303359150685e-03 -5.000516883976081e-01  6.878303351488989e-03 -5.000516884511937e-01  6.878303290583488e-03  4.000998111725655e+00  8.570543076396191e-02  4.000998111725885e+00  8.570543076396733e-02  4.000998111725885e+00  8.570543076396732e-02  4.000998111725653e+00  8.570543076396187e-02  3.474547300265364e+00 -2.263452167275850e-01  3.474547300265565e+00 -2.263452167275976e-01  3.474547300265565e+00 -2.263452167275976e-01  3.474547300265363e+00 -2.263452167275848e-01  3.471917987374394e+00 -2.571335919147091e-01  3.471917987374594e+00 -2.571335919147235e-01  3.471917987374594e+00 -2.571335919147235e-01  3.471917987374392e+00 -2.571335919147089e-01 
 1.453784385607682e+03  1.000044905039958e+00 -2.984230275068969e-05  9.000801391910174e-01 -3.073592449472024e-04  9.000403106624425e-01 -3.598334158912546e-04  1.010054307836792e+00  9.334333423913682e-03  9.000906844434557e-01  7.951279632568430e-03  5.130567068867276e-05  2.338767926012101e-03  5.130567562772193e-05  2.338767932473599e-03  5.130566702388206e-05  2.338767921217635e-03  5.130564179711694e-05  2.338767888210142e-03  1.000236698487017e+00 -6.236137499242823e-03  1.000236698487074e+00 -6.236137499243176e-03  1.000236698487074e+00 -6.236137499243180e-03  1.000236698487017e+00 -6.236137499242826e-03 -5.000563416527960e-01  7.083479766427362e-03 -5.000563416454438e-01  7.083479776162709e-03 -5.000563416582513e-01  7.083479759203680e-03 -5.000563416958039e-01  7.083479709472296e-03  4.001149486900337e+00  8.819896115360110e-02  4.001149486900568e+00  8.819896115360666e-02  4.001149486900569e+00  8.819896115360662e-02  4.001149486900339e+00  8.819896115360112e-02  3.473349416108579e+00 -2.328407485849365e-01  3.473349416108780e+00 -2.328407485849495e-01  3.473349416108781e+00 -2.328407485849496e-01  3.473349416108581e+00 -2.328407485849366e-01  3.470586163346197e+00 -2.645160077520483e-01  3.470586163346398e+00 -2.645160077520631e-01  3.470586163346399e+00 -2.645160077520632e-01  3.470586163346199e+00 -2.645160077520484e-01 
 1.496235656094454e+03  1.000047562662359e+00 -3.072818234111954e-05  9.000848817272936e-01 -3.163615599384483e-04  9.000426959210155e-01 -3.703546594196681e-04  1.010057522792900e+00  9.606908794485440e-03  9.000960519376239e-01  8.183475879373580e-03  5.329531298486900e-05  2.409746012386416e-03  5.329531991660197e-05  2.409746023221536e-03  5.329531683462285e-05  2.409746018404089e-03  5.329529235853503e-05  2.409745980140618e-03  1.000250705299288e+00 -6.418593572347438e-03  1.000250705299346e+00 -6.418593572347802e-03  1.000250705299345e+00 -6.418593572347799e-03  1.000250705299288e+00 -6.418593572347434e-03 -5.000612703716657e-01  7.294550565045362e-03 -5.000612703613654e-01  7.294550581360309e-03 -5.000612703659452e-01  7.294550574106452e-03 -5.000612704023164e-01  7.294550516491375e-03  4.001309834429096e+00  9.076545528260477e-02  4.001309834429327e+00  9.076545528261046e-02  4.001309834429327e+00  9.076545528261046e-02  4.001309834429095e+00  9.076545528260474e-02  3.472082018924120e+00 -2.395150256242080e-01  3.472082018924321e+00 -2.395150256242216e-01  3.472082018924320e+00 -2.395150256242215e-01  3.472082018924119e+00 -2.395150256242080e-01  3.469177036199968e+00 -2.721019854792373e-01  3.469177036200169e+00 -2.721019854792527e-01  3.469177036200168e+00 -2.721019854792526e-01  3.469177036199967e+00 -2.721019854792373e-01 
 1.539926526059513e+03  1.000050377777265e+00 -3.164124330496397e-05  9.000899053218689e-01 -3.256292211706854e-04  9.000452225310319e-01 -3.811843915454699e-04  1.010060928250276e+00  9.887444214995185e-03  9.001017375559758e-01  8.422453688972041e-03  5.540297180428588e-05  2.482723324046281e-03  5.540297459422083e-05  2.482723329452944e-03  5.540297217349055e-05  2.482723324761921e-03  5.540295295769493e-05  2.482723287518930e-03  1.000265541870664e+00 -6.606409751266715e-03  1.000265541870722e+00 -6.606409751267086e-03  1.000265541870722e+00 -6.606409751267086e-03  1.000265541870664e+00 -6.606409751266712e-03 -5.000664908527673e-01  7.511692943484439e-03 -5.000664908486324e-01  7.511692951620240e-03 -5.000664908522202e-01  7.511692944561316e-03 -5.000664908807002e-01  7.511692888519115e-03  4.001479686336383e+00  9.340702981466865e-02  4.001479686336615e+00  9.340702981467451e-02  4.001479686336614e+00  9.340702981467454e-02  4.001479686336383e+00  9.340702981466867e-02  3.470741165812171e+00 -2.463723278553353e-01  3.470741165812372e+00 -2.463723278553492e-01  3.470741165812372e+00 -2.463723278553491e-01  3.470741165812171e+00 -2.463723278553353e-01  3.467686219009747e+00 -2.798964346090366e-01  3.467686219009948e+00 -2.798964346090524e-01  3.467686219009948e+00 -2.798964346090523e-01  3.467686219009747e+00 -2.798964346090366e-01 
 1.584893192461136e+03  1.000053359718214e+00 -3.258239899230940e-05  9.000952266327238e-01 -3.351702017647443e-04  9.000478988693804e-01 -3.923317352650336e-04  1.010064535592019e+00  1.017617218542025e-02  9.001077601570511e-01  8.668411202995652e-03  5.763565492089562e-05  2.557760575225306e-03  5.763565827787698e-05  2.557760583763630e-03  5.763565648159164e-05  2.557760579195273e-03  5.763564223137951e-05  2.557760542941730e-03  1.000281257339820e+00 -6.799745470702922e-03  1.000281257339878e+00 -6.799745470703300e-03  1.000281257339877e+00 -6.799745470703297e-03  1.000281257339820e+00 -6.799745470702915e-03 -5.000720203479856e-01  7.735089347909718e-03 -5.000720203430314e-01  7.735089360749174e-03 -5.000720203456822e-01  7.735089353879530e-03 -5.000720203667133e-01  7.735089299363513e-03  4.001659606139381e+00  9.612586264078410e-02  4.001659606139614e+00  9.612586264079018e-02  4.001659606139613e+00  9.612586264079016e-02  4.001659606139382e+00  9.612586264078414e-02  3.469322701103191e+00 -2.534169784863444e-01  3.469322701103393e+00 -2.534169784863586e-01  3.469322701103392e+00 -2.534169784863586e-01  3.469322701103192e+00 -2.534169784863444e-01  3.466109087858076e+00 -2.879043180028428e-01  3.466109087858278e+00 -2.879043180028590e-01  3.466109087858277e+00 -2.879043180028590e-01  3.466109087858077e+00 -2.879043180028428e-01 
 1.631172909227861e+03  1.000056518371911e+00 -3.355259931657102e-05  9.001008633052839e-01 -3.449927271760303e-04  9.000507338094104e-01 -4.038060895323542e-04  1.010068356692763e+00  1.047333200157642e-02  9.001141397177413e-01  8.921552360186297e-03  6.000078734735848e-05  2.634920209755012e-03  6.000078961754252e-05  2.634920218130635e-03  6.000078687662391e-05  2.634920208016961e-03  6.000077884887878e-05  2.634920178386982e-03  1.000297903753599e+00 -6.998765083442659e-03  1.000297903753657e+00 -6.998765083443054e-03  1.000297903753657e+00 -6.998765083443065e-03  1.000297903753599e+00 -6.998765083442659e-03 -5.000778771267007e-01  7.964927635553870e-03 -5.000778771233774e-01  7.964927648139575e-03 -5.000778771273899e-01  7.964927632942180e-03 -5.000778771391416e-01  7.964927588418453e-03  4.001850190837136e+00  9.892419478753800e-02  4.001850190837368e+00  9.892419478754423e-02  4.001850190837368e+00  9.892419478754423e-02  4.001850190837136e+00  9.892419478753800e-02  3.467822246316864e+00 -2.606533382050865e-01  3.467822246317065e+00 -2.606533382051012e-01  3.467822246317065e+00 -2.606533382051012e-01  3.467822246316864e+00 -2.606533382050865e-01  3.464440770606022e+00 -2.961306457604633e-01  3.464440770606223e+00 -2.961306457604800e-01  3.464440770606223e+00 -2.961306457604800e-01  3.464440770606022e+00 -2.961306457604633e-01 
 1.678804018122584e+03  1.000059864211013e+00 -3.455283435111664e-05  9.001068340309712e-01 -3.551052857968302e-04  9.000537367503550e-01 -4.156171396525280e-04  1.010072404264449e+00  1.077916995218464e-02  9.001208973996729e-01  9.182087065217580e-03  6.250623631010033e-05  2.714266454865729e-03  6.250623710579717e-05  2.714266460185194e-03  6.250623645737141e-05  2.714266455850519e-03  6.250623131925925e-05  2.714266421486836e-03  1.000315536238569e+00 -7.203638029127332e-03  1.000315536238626e+00 -7.203638029127734e-03  1.000315536238626e+00 -7.203638029127734e-03  1.000315536238568e+00 -7.203638029127328e-03 -5.000840805353171e-01  8.201401251803570e-03 -5.000840805341769e-01  8.201401259790816e-03 -5.000840805351062e-01  8.201401253282243e-03 -5.000840805424673e-01  8.201401201684713e-03  4.002052072830057e+00  1.018043320618609e-01  4.002052072830288e+00  1.018043320618673e-01  4.002052072830288e+00  1.018043320618673e-01  4.002052072830057e+00  1.018043320618609e-01  3.466235189626629e+00 -2.680857990001155e-01  3.466235189626830e+00 -2.680857990001306e-01  3.466235189626830e+00 -2.680857990001306e-01  3.466235189626629e+00 -2.680857990001154e-01  3.462676135124047e+00 -3.045804685815393e-01  3.462676135124247e+00 -3.045804685815565e-01  3.462676135124247e+00 -3.045804685815565e-01  3.462676135124047e+00 -3.045804685815392e-01 
 1.727825980507888e+03  1.000063408328864e+00 -3.558413546861714e-05  9.001131586092320e-01 -3.655166376483784e-04  9.000569176485035e-01 -4.277748656780090e-04  1.010076691688509e+00  1.109393952494600e-02  9.001280556195208e-01  9.450231364916637e-03  6.516033772246965e-05  2.795865376652040e-03  6.516033786974074e-05  2.795865381770979e-03  6.516033774817132e-05  2.795865377547693e-03  6.516033678710675e-05  2.795865344085818e-03  1.000334213183143e+00 -7.414539007671020e-03  1.000334213183200e+00 -7.414539007671436e-03  1.000334213183200e+00 -7.414539007671432e-03  1.000334213183143e+00 -7.414539007671020e-03 -5.000906510604944e-01  8.444709412597947e-03 -5.000906510603266e-01  8.444709420277925e-03 -5.000906510604650e-01  8.444709413941704e-03 -5.000906510615600e-01  8.444709363738648e-03  4.002265922054942e+00  1.047686469299323e-01  4.002265922055174e+00  1.047686469299389e-01  4.002265922055173e+00  1.047686469299388e-01  4.002265922054942e+00  1.047686469299323e-01  3.464556675111298e+00 -2.757187770750992e-01  3.464556675111498e+00 -2.757187770751147e-01  3.464556675111498e+00 -2.757187770751146e-01  3.464556675111298e+00 -2.757187770750992e-01  3.460809777269484e+00 -3.132588701499778e-01  3.460809777269684e+00 -3.132588701499954e-01  3.460809777269684e+00 -3.132588701499954e-01  3.460809777269484e+00 -3.132588701499778e-01 
 1.778279410038948e+03  1.000067162476284e+00 -3.664757870916094e-05  9.001198580132429e-01 -3.762358253969190e-04  9.000602870502170e-01 -4.402895530318205e-04  1.010081233244235e+00  1.141790161614212e-02  9.001356381235124e-01  9.726207627834745e-03  6.797192427232535e-05  2.879784937262093e-03  6.797192356738924e-05  2.879784944973901e-03  6.797192394358831e-05  2.879784940858505e-03  6.797192692520326e-05  2.879784908270761e-03  1.000353996430226e+00 -7.631648162094155e-03  1.000353996430284e+00 -7.631648162094596e-03  1.000353996430284e+00 -7.631648162094593e-03  1.000353996430226e+00 -7.631648162094169e-03 -5.000976103959222e-01  8.695057294639312e-03 -5.000976103970619e-01  8.695057306199575e-03 -5.000976103964536e-01  8.695057300030453e-03 -5.000976103916338e-01  8.695057251180348e-03  4.002492448208907e+00  1.078195803599902e-01  4.002492448209138e+00  1.078195803599969e-01  4.002492448209139e+00  1.078195803599969e-01  4.002492448208907e+00  1.078195803599901e-01  3.462781591677413e+00 -2.835567050089922e-01  3.462781591677613e+00 -2.835567050090081e-01  3.462781591677614e+00 -2.835567050090082e-01  3.462781591677413e+00 -2.835567050089922e-01  3.458836008493162e+00 -3.221709586862824e-01  3.458836008493362e+00 -3.221709586863005e-01  3.458836008493363e+00 -3.221709586863007e-01  3.458836008493162e+00 -3.221709586862824e-01 
 1.830206106311082e+03  1.000071139100549e+00 -3.774428645703412e-05  9.001269544595216e-01 -3.872721841832774e-04  9.000638561269110e-01 -4.531718018366117e-04  1.010086043994607e+00  1.175132474870342e-02  9.001436700663559e-01  1.001024473086740e-02  7.095035520127135e-05  2.966095053878509e-03  7.095035352355783e-05  2.966095061825356e-03  7.095035437026942e-05  2.966095057814617e-03  7.095036107351849e-05  2.966095026073841e-03  1.000374951481323e+00 -7.855151267363584e-03  1.000374951481381e+00 -7.855151267364021e-03  1.000374951481381e+00 -7.855151267364021e-03  1.000374951481323e+00 -7.855151267363580e-03 -5.001049815130333e-01  8.952656231842025e-03 -5.001049815156366e-01  8.952656243743952e-03 -5.001049815143227e-01  8.952656237737101e-03 -5.001049815039195e-01  8.952656190199212e-03  4.002732403111838e+00  1.109596437571289e-01  4.002732403112068e+00  1.109596437571360e-01  4.002732403112069e+00  1.109596437571359e-01  4.002732403111837e+00  1.109596437571289e-01  3.460904561718116e+00 -2.916040229955295e-01  3.460904561718315e+00 -2.916040229955456e-01  3.460904561718316e+00 -2.916040229955458e-01  3.460904561718115e+00 -2.916040229955293e-01  3.456748843143282e+00 -3.313218574954435e-01  3.456748843143480e+00 -3.313218574954619e-01  3.456748843143481e+00 -3.313218574954621e-01  3.456748843143281e+00 -3.313218574954434e-01 
 1.883649089489827e+03  1.000075351386673e+00 -3.887543016112265e-05  9.001344714816722e-01 -3.986353527467545e-04  9.000676367121029e-01 -4.664325374182514e-04  1.010091139841523e+00  1.209448529563787e-02  9.001521780948691e-01  1.030257825064134e-02  7.410554789383239e-05  3.054867659558201e-03  7.410554585640661e-05  3.054867665726402e-03  7.410554714781803e-05  3.054867661816780e-03  7.410555736431235e-05  3.054867630896808e-03  1.000397147712533e+00 -8.085239928409017e-03  1.000397147712591e+00 -8.085239928409461e-03  1.000397147712591e+00 -8.085239928409465e-03  1.000397147712533e+00 -8.085239928409000e-03 -5.001127887357358e-01  9.217723919736879e-03 -5.001127887388618e-01  9.217723928966229e-03 -5.001127887368805e-01  9.217723923116341e-03 -5.001127887212063e-01  9.217723876851491e-03  4.002986583210585e+00  1.141914208954413e-01  4.002986583210816e+00  1.141914208954485e-01  4.002986583210816e+00  1.141914208954485e-01  4.002986583210584e+00  1.141914208954413e-01  3.458919929521459e+00 -2.998651691726697e-01  3.458919929521659e+00 -2.998651691726865e-01  3.458919929521658e+00 -2.998651691726865e-01  3.458919929521458e+00 -2.998651691726695e-01  3.454541985480449e+00 -3.407166945141602e-01  3.454541985480649e+00 -3.407166945141794e-01  3.454541985480649e+00 -3.407166945141794e-01  3.454541985480448e+00 -3.407166945141600e-01 
 1.938652635952235e+03  1.000079813301138e+00 -4.004223448539978e-05  9.001424340084959e-01 -4.103352862116004e-04  9.000716413406598e-01 -4.800830223392754e-04  1.010096537779292e+00  1.244766770856386e-02  9.001611904365909e-01  1.060345065950625e-02  7.744801139220048e-05  3.146176766002781e-03  7.744800800690843e-05  3.146176773541039e-03  7.744800971865029e-05  3.146176769729396e-03  7.744802325093669e-05  3.146176739604600e-03  1.000420658603306e+00 -8.322111788201303e-03  1.000420658603364e+00 -8.322111788201771e-03  1.000420658603364e+00 -8.322111788201782e-03  1.000420658603306e+00 -8.322111788201299e-03 -5.001210578194762e-01  9.490484628414713e-03 -5.001210578246420e-01  9.490484639682819e-03 -5.001210578220301e-01  9.490484633985219e-03 -5.001210578013812e-01  9.490484588955040e-03  4.003255832240308e+00  1.175175699238062e-01  4.003255832240540e+00  1.175175699238136e-01  4.003255832240540e+00  1.175175699238135e-01  4.003255832240308e+00  1.175175699238062e-01  3.456821749471363e+00 -3.083445689093209e-01  3.456821749471564e+00 -3.083445689093383e-01  3.456821749471564e+00 -3.083445689093384e-01  3.456821749471363e+00 -3.083445689093209e-01  3.452208816450004e+00 -3.503605907178269e-01  3.452208816450204e+00 -3.503605907178468e-01  3.452208816450204e+00 -3.503605907178469e-01  3.452208816450004e+00 -3.503605907178269e-01 
 1.995262314968908e+03  1.000084539638245e+00 -4.124597802017271e-05  9.001508684467678e-01 -4.223822661755028e-04  9.000758832903886e-01 -4.941348655875693e-04  1.010102255550893e+00  1.281116475746075e-02  9.001707369936478e-01  1.091311153070720e-02  8.098888193475151e-05  3.240098528336733e-03  8.098887780183528e-05  3.240098535619199e-03  8.098888258617487e-05  3.240098527188662e-03  8.098889657320862e-05  3.240098502547730e-03  1.000445561978839e+00 -8.565970741458873e-03  1.000445561978896e+00 -8.565970741459348e-03  1.000445561978896e+00 -8.565970741459355e-03  1.000445561978839e+00 -8.565970741458876e-03 -5.001298160349674e-01  9.771169421944175e-03 -5.001298160412539e-01  9.771169432818496e-03 -5.001298160339765e-01  9.771169420229851e-03 -5.001298160127010e-01  9.771169383435545e-03  4.003541044023846e+00  1.209408254718481e-01  4.003541044024077e+00  1.209408254718557e-01  4.003541044024078e+00  1.209408254718557e-01  4.003541044023847e+00  1.209408254718481e-01  3.454603774058639e+00 -3.170466229501290e-01  3.454603774058838e+00 -3.170466229501468e-01  3.454603774058839e+00 -3.170466229501469e-01  3.454603774058640e+00 -3.170466229501291e-01  3.449742380232283e+00 -3.602586472804510e-01  3.449742380232482e+00 -3.602586472804712e-01  3.449742380232482e+00 -3.602586472804714e-01  3.449742380232284e+00 -3.602586472804510e-01 
 2.053525026457176e+03  1.000089546069154e+00 -4.248800038282949e-05  9.001598027688846e-01 -4.347869169703520e-04  9.000803766260514e-01 -5.086000377741858e-04  1.010108312299313e+00  1.318527776996567e-02  9.001808494422376e-01  1.123181774409075e-02  8.473996068075751e-05  3.336711311969275e-03  8.473995676999690e-05  3.336711317673971e-03  8.473995610569496e-05  3.336711318642897e-03  8.473997887131768e-05  3.336711285440073e-03  1.000471940266332e+00 -8.817027164521610e-03  1.000471940266390e+00 -8.817027164522102e-03  1.000471940266390e+00 -8.817027164522099e-03  1.000471940266332e+00 -8.817027164521613e-03 -5.001390922565115e-01  1.006001638968610e-02 -5.001390922624480e-01  1.006001639819505e-02 -5.001390922634562e-01  1.006001639964027e-02 -5.001390922288990e-01  1.006001635011600e-02  4.003843165474193e+00  1.244640006893841e-01  4.003843165474424e+00  1.244640006893920e-01  4.003843165474425e+00  1.244640006893920e-01  4.003843165474193e+00  1.244640006893841e-01  3.452259441774964e+00 -3.259756944847653e-01  3.452259441775164e+00 -3.259756944847836e-01  3.452259441775165e+00 -3.259756944847837e-01  3.452259441774964e+00 -3.259756944847654e-01  3.447135370645531e+00 -3.704159315465318e-01  3.447135370645731e+00 -3.704159315465526e-01  3.447135370645732e+00 -3.704159315465527e-01  3.447135370645531e+00 -3.704159315465319e-01 
 2.113489039836678e+03  1.000094849193918e+00 -4.376970167372583e-05  9.001692666057811e-01 -4.475602154888769e-04  9.000851362460580e-01 -5.234908797177911e-04  1.010114727968903e+00  1.357031688744235e-02  9.001915613380097e-01  1.155983370518645e-02  8.871375371255485e-05  3.436095761626679e-03  8.871374763014250e-05  3.436095769199022e-03  8.871375047081465e-05  3.436095765662362e-03  8.871377287544835e-05  3.436095737776004e-03  1.000499880766800e+00 -9.075498147720086e-03  1.000499880766858e+00 -9.075498147720606e-03  1.000499880766858e+00 -9.075498147720599e-03  1.000499880766801e+00 -9.075498147720093e-03 -5.001489170556763e-01  1.035727088284000e-02 -5.001489170648962e-01  1.035727089412152e-02 -5.001489170605905e-01  1.035727088885248e-02 -5.001489170266296e-01  1.035727084730658e-02  4.004163199728922e+00  1.280899894785225e-01  4.004163199729153e+00  1.280899894785306e-01  4.004163199729153e+00  1.280899894785306e-01  4.004163199728922e+00  1.280899894785225e-01  3.449781864901244e+00 -3.351360948385105e-01  3.449781864901444e+00 -3.351360948385295e-01  3.449781864901444e+00 -3.351360948385294e-01  3.449781864901244e+00 -3.351360948385105e-01  3.444380117419814e+00 -3.808374615032400e-01  3.444380117420013e+00 -3.808374615032616e-01  3.444380117420013e+00 -3.808374615032615e-01  3.444380117419814e+00 -3.808374615032400e-01 
 2.175204034019555e+03  1.000100466596519e+00 -4.509255023659899e-05  9.001792913452965e-01 -4.607135089602689e-04  9.000901779318570e-01 -5.388201187787943e-04  1.010121523958733e+00  1.396660131875792e-02  9.002029082277485e-01  1.189743156352283e-02  9.292351450673753e-05  3.538334872639524e-03  9.292351074069449e-05  3.538334876729978e-03  9.292351391793074e-05  3.538334873279087e-03  9.292353895368199e-05  3.538334846091799e-03  1.000529475942448e+00 -9.341607747070858e-03  1.000529475942506e+00 -9.341607747071365e-03  1.000529475942506e+00 -9.341607747071386e-03  1.000529475942448e+00 -9.341607747070844e-03 -5.001593228001009e-01  1.066318576481006e-02 -5.001593228058034e-01  1.066318577089666e-02 -5.001593228009925e-01  1.066318576576172e-02 -5.001593227630837e-01  1.066318572530702e-02  4.004502209510579e+00  1.318217686612679e-01  4.004502209510811e+00  1.318217686612763e-01  4.004502209510811e+00  1.318217686612762e-01  4.004502209510577e+00  1.318217686612679e-01  3.447163817293211e+00 -3.445320679228028e-01  3.447163817293410e+00 -3.445320679228221e-01  3.447163817293410e+00 -3.445320679228221e-01  3.447163817293209e+00 -3.445320679228027e-01  3.441468572447131e+00 -3.915281888837317e-01  3.441468572447331e+00 -3.915281888837537e-01  3.441468572447331e+00 -3.915281888837537e-01  3.441468572447130e+00 -3.915281888837315e-01 
 2.238721138568373e+03  1.000106416903240e+00 -4.645808419846942e-05  9.001899102364537e-01 -4.742585276306944e-04  9.000955184003182e-01 -5.546008798797063e-04  1.010128722782959e+00  1.437445960960653e-02  9.002149277676951e-01  1.224489144347891e-02  9.738328898600823e-05  3.643514064578052e-03  9.738328444758304e-05  3.643514068950709e-03  9.738329236319565e-05  3.643514061323825e-03  9.738331546293999e-05  3.643514039071979e-03  1.000560823721081e+00 -9.615587241386114e-03  1.000560823721139e+00 -9.615587241386662e-03  1.000560823721139e+00 -9.615587241386649e-03  1.000560823721081e+00 -9.615587241386114e-03 -5.001703437580666e-01  1.097802166862242e-02 -5.001703437649330e-01  1.097802167512055e-02 -5.001703437529568e-01  1.097802166378638e-02 -5.001703437180084e-01  1.097802163071844e-02  4.004861320693925e+00  1.356624002388833e-01  4.004861320694156e+00  1.356624002388918e-01  4.004861320694156e+00  1.356624002388919e-01  4.004861320693924e+00  1.356624002388833e-01  3.444397722224741e+00 -3.541677732270085e-01  3.444397722224940e+00 -3.541677732270284e-01  3.444397722224940e+00 -3.541677732270282e-01  3.444397722224741e+00 -3.541677732270084e-01  3.438392296075772e+00 -4.024929806742645e-01  3.438392296075971e+00 -4.024929806742872e-01  3.438392296075971e+00 -4.024929806742871e-01  3.438392296075772e+00 -4.024929806742645e-01 
 2.304092976055880e+03  1.000112719844456e+00 -4.786791664743193e-05  9.002011584998849e-01 -4.882074012541597e-04  9.001011753591851e-01 -5.708467000936046e-04  1.010136348245362e+00  1.479422991570806e-02  9.002276598489255e-01  1.260250167903054e-02  1.021079633428679e-04  3.751721257333062e-03  1.021079584936913e-04  3.751721261532604e-03  1.021079670875391e-04  3.751721254090397e-03  1.021079921539325e-04  3.751721232388619e-03  1.000594027818500e+00 -9.897675405221384e-03  1.000594027818558e+00 -9.897675405221939e-03  1.000594027818558e+00 -9.897675405221939e-03  1.000594027818500e+00 -9.897675405221384e-03 -5.001820162090843e-01  1.130204726680449e-02 -5.001820162164160e-01  1.130204727303685e-02 -5.001820162034224e-01  1.130204726199219e-02 -5.001820161655225e-01  1.130204722978556e-02  4.005241726037926e+00  1.396150337439180e-01  4.005241726038158e+00  1.396150337439268e-01  4.005241726038157e+00  1.396150337439268e-01  4.005241726037926e+00  1.396150337439180e-01  3.441475640326598e+00 -3.640472672588828e-01  3.441475640326797e+00 -3.640472672589034e-01  3.441475640326797e+00 -3.640472672589032e-01  3.441475640326597e+00 -3.640472672588828e-01  3.435142443493717e+00 -4.137365989232687e-01  3.435142443493916e+00 -4.137365989232922e-01  3.435142443493915e+00 -4.137365989232920e-01  3.435142443493716e+00 -4.137365989232687e-01 
 2.371373705661691e+03  1.000119396391018e+00 -4.932374337749604e-05  9.002130735725001e-01 -5.025726791415353e-04  9.001071676296455e-01 -5.875715458852112e-04  1.010144425887679e+00  1.522626028253747e-02  9.002411468707038e-01  1.297055905470432e-02  1.071133148243253e-04  3.863046950025696e-03  1.071133099689314e-04  3.863046953844584e-03  1.071133192040996e-04  3.863046946580928e-03  1.071133461266749e-04  3.863046925411173e-03  1.000629198150563e+00 -1.018811879839708e-02  1.000629198150620e+00 -1.018811879839764e-02  1.000629198150621e+00 -1.018811879839764e-02  1.000629198150562e+00 -1.018811879839707e-02 -5.001943785961208e-01  1.163553955478004e-02 -5.001943786034585e-01  1.163553956043938e-02 -5.001943785895023e-01  1.163553954967512e-02 -5.001943785488168e-01  1.163553951830304e-02  4.005644689469251e+00  1.436829085914438e-01  4.005644689469482e+00  1.436829085914529e-01  4.005644689469482e+00  1.436829085914528e-01  4.005644689469250e+00  1.436829085914437e-01  3.438389258017664e+00 -3.741744834656990e-01  3.438389258017862e+00 -3.741744834657199e-01  3.438389258017862e+00 -3.741744834657200e-01  3.438389258017663e+00 -3.741744834656989e-01  3.431709751604361e+00 -4.252636788798900e-01  3.431709751604559e+00 -4.252636788799138e-01  3.431709751604559e+00 -4.252636788799139e-01  3.431709751604360e+00 -4.252636788798899e-01 
 2.440619068042017e+03  1.000126468539976e+00 -5.082734161368320e-05  9.002256947208261e-01 -5.173673393308914e-04  9.001135149533049e-01 -6.047898223566342e-04  1.010152982202422e+00  1.567090893942577e-02  9.002554333193479e-01  1.334936905683482e-02  1.124160655579520e-04  3.977584301165721e-03  1.124160607452462e-04  3.977584304633592e-03  1.124160650977646e-04  3.977584301497326e-03  1.124160992603818e-04  3.977584276887199e-03  1.000666450910668e+00 -1.048717205694360e-02  1.000666450910726e+00 -1.048717205694421e-02  1.000666450910726e+00 -1.048717205694421e-02  1.000666450910668e+00 -1.048717205694358e-02 -5.002074715072994e-01  1.197878413756669e-02 -5.002074715145691e-01  1.197878414269811e-02 -5.002074715079944e-01  1.197878413805736e-02 -5.002074714563898e-01  1.197878410164180e-02  4.006071549180375e+00  1.478693564817423e-01  4.006071549180607e+00  1.478693564817516e-01  4.006071549180607e+00  1.478693564817516e-01  4.006071549180374e+00  1.478693564817424e-01  3.435129875045336e+00 -3.845532102891621e-01  3.435129875045535e+00 -3.845532102891838e-01  3.435129875045535e+00 -3.845532102891838e-01  3.435129875045335e+00 -3.845532102891620e-01  3.428084525024597e+00 -4.370787050842846e-01  3.428084525024796e+00 -4.370787050843092e-01  3.428084525024796e+00 -4.370787050843092e-01  3.428084525024596e+00 -4.370787050842844e-01 
 2.511886431509618e+03  1.000133959813529e+00 -5.238058257462805e-05  9.002390639382949e-01 -5.326048175565880e-04  9.001202384410447e-01 -6.225163956519382e-04  1.010162045618358e+00  1.612854459675728e-02  9.002705667602773e-01  1.373924613120603e-02  1.180339398477170e-04  4.095429214373977e-03  1.180339347727766e-04  4.095429217748303e-03  1.180339451878898e-04  4.095429210823410e-03  1.180339755136872e-04  4.095429190665972e-03  1.000705909377814e+00 -1.079509821984869e-02  1.000705909377872e+00 -1.079509821984929e-02  1.000705909377872e+00 -1.079509821984929e-02  1.000705909377814e+00 -1.079509821984869e-02 -5.002213380190980e-01  1.233207554432186e-02 -5.002213380267613e-01  1.233207554930695e-02 -5.002213380110341e-01  1.233207553907639e-02 -5.002213379652413e-01  1.233207550929671e-02  4.006523723792175e+00  1.521778039278039e-01  4.006523723792405e+00  1.521778039278135e-01  4.006523723792406e+00  1.521778039278135e-01  4.006523723792177e+00  1.521778039278040e-01  3.431688394882125e+00 -3.951870677231581e-01  3.431688394882322e+00 -3.951870677231801e-01  3.431688394882323e+00 -3.951870677231802e-01  3.431688394882127e+00 -3.951870677231583e-01  3.424256624954890e+00 -4.491859858231617e-01  3.424256624955087e+00 -4.491859858231867e-01  3.424256624955088e+00 -4.491859858231868e-01  3.424256624954892e+00 -4.491859858231618e-01 
 2.585234839562230e+03  1.000141895053182e+00 -5.398543689717360e-05  9.002532255737224e-01 -5.482990238266694e-04  9.001273603875584e-01 -6.407666088943444e-04  1.010171646462239e+00  1.659954675060272e-02  9.002865974342242e-01  1.414051394448581e-02  1.239857248921394e-04  4.216680424211762e-03  1.239857188047311e-04  4.216680427969471e-03  1.239857236567388e-04  4.216680424974419e-03  1.239857616471274e-04  4.216680401528736e-03  1.000747704037444e+00 -1.111216905782265e-02  1.000747704037502e+00 -1.111216905782328e-02  1.000747704037502e+00 -1.111216905782329e-02  1.000747704037444e+00 -1.111216905782265e-02 -5.002360236922784e-01  1.269571754464526e-02 -5.002360237014680e-01  1.269571755018750e-02 -5.002360236941437e-01  1.269571754577009e-02 -5.002360236367938e-01  1.269571751119015e-02  4.007002716012664e+00  1.566117747136962e-01  4.007002716012896e+00  1.566117747137060e-01  4.007002716012897e+00  1.566117747137060e-01  4.007002716012667e+00  1.566117747136963e-01  3.428055313311526e+00 -4.060794817658893e-01  3.428055313311724e+00 -4.060794817659121e-01  3.428055313311725e+00 -4.060794817659123e-01  3.428055313311528e+00 -4.060794817658895e-01  3.420215456275351e+00 -4.615896252630793e-01  3.420215456275549e+00 -4.615896252631054e-01  3.420215456275550e+00 -4.615896252631055e-01  3.420215456275353e+00 -4.615896252630796e-01 
 2.660725059798850e+03  1.000150300573193e+00 -5.564397527814392e-05  9.002682266064641e-01 -5.644643587427863e-04  9.001349044092370e-01 -6.595562943538943e-04  1.010181816318219e+00  1.708430600820639e-02  9.003035785652199e-01  1.455350566385802e-02  1.302913352892454e-04  4.341439586409157e-03  1.302913269063399e-04  4.341439591239207e-03  1.302913383765536e-04  4.341439584630320e-03  1.302913717322052e-04  4.341439565418253e-03  1.000791973081175e+00 -1.143866541747054e-02  1.000791973081232e+00 -1.143866541747117e-02  1.000791973081232e+00 -1.143866541747117e-02  1.000791973081175e+00 -1.143866541747054e-02 -5.002515767531686e-01  1.307002348065660e-02 -5.002515767658202e-01  1.307002348776800e-02 -5.002515767485092e-01  1.307002347803757e-02 -5.002515766981687e-01  1.307002344975134e-02  4.007510117893699e+00  1.611748925561063e-01  4.007510117893931e+00  1.611748925561166e-01  4.007510117893930e+00  1.611748925561166e-01  4.007510117893698e+00  1.611748925561063e-01  3.424220708885655e+00 -4.172336569505592e-01  3.424220708885852e+00 -4.172336569505826e-01  3.424220708885851e+00 -4.172336569505825e-01  3.424220708885654e+00 -4.172336569505591e-01  3.415949956558732e+00 -4.742934934885584e-01  3.415949956558929e+00 -4.742934934885851e-01  3.415949956558928e+00 -4.742934934885850e-01  3.415949956558731e+00 -4.742934934885583e-01 
 2.738419634264403e+03  1.000159204247841e+00 -5.735838429635417e-05  9.002841168025246e-01 -5.811157436141503e-04  9.001428955224772e-01 -6.789017995984635e-04  1.010192589170166e+00  1.758322440414291e-02  9.003215665381903e-01  1.497856423071808e-02  1.369718816092158e-04  4.469811370963230e-03  1.369718756825122e-04  4.469811374165115e-03  1.369718809834386e-04  4.469811371301297e-03  1.369719223813237e-04  4.469811348942496e-03  1.000838862860006e+00 -1.177487759865001e-02  1.000838862860064e+00 -1.177487759865067e-02  1.000838862860064e+00 -1.177487759865068e-02  1.000838862860006e+00 -1.177487759865001e-02 -5.002680482472328e-01  1.345531662120557e-02 -5.002680482561757e-01  1.345531662591114e-02 -5.002680482481771e-01  1.345531662170240e-02 -5.002680481857120e-01  1.345531658884360e-02  4.008047616226567e+00  1.658708836647515e-01  4.008047616226798e+00  1.658708836647619e-01  4.008047616226798e+00  1.658708836647619e-01  4.008047616226567e+00  1.658708836647515e-01  3.420174234108772e+00 -4.286525469481084e-01  3.420174234108969e+00 -4.286525469481323e-01  3.420174234108969e+00 -4.286525469481323e-01  3.420174234108772e+00 -4.286525469481084e-01  3.411448585868432e+00 -4.873011944114146e-01  3.411448585868629e+00 -4.873011944114419e-01  3.411448585868629e+00 -4.873011944114419e-01  3.411448585868432e+00 -4.873011944114146e-01 
 2.818382931264497e+03  1.000168635604054e+00 -5.913096676471330e-05  9.003009488801229e-01 -5.982686374900461e-04  9.001513602267984e-01 -6.988200000930182e-04  1.010204000618557e+00  1.809671574565760e-02  9.003406210870862e-01  1.541604265741371e-02  1.440497431687837e-04  4.601903558530070e-03  1.440497306900435e-04  4.601903564877224e-03  1.440497361985815e-04  4.601903562075420e-03  1.440497791571071e-04  4.601903540232078e-03  1.000888528364563e+00 -1.212110573566019e-02  1.000888528364620e+00 -1.212110573566085e-02  1.000888528364620e+00 -1.212110573566085e-02  1.000888528364563e+00 -1.212110573566018e-02 -5.002854922016434e-01  1.385193052431495e-02 -5.002854922204691e-01  1.385193053362490e-02 -5.002854922121587e-01  1.385193052951524e-02 -5.002854921473511e-01  1.385193049747584e-02  4.008616998192606e+00  1.707035794681777e-01  4.008616998192836e+00  1.707035794681886e-01  4.008616998192837e+00  1.707035794681885e-01  4.008616998192605e+00  1.707035794681777e-01  3.415905107656507e+00 -4.403388229547041e-01  3.415905107656703e+00 -4.403388229547285e-01  3.415905107656704e+00 -4.403388229547286e-01  3.415905107656506e+00 -4.403388229547040e-01  3.406699317671254e+00 -5.006160312581830e-01  3.406699317671450e+00 -5.006160312582109e-01  3.406699317671451e+00 -5.006160312582111e-01  3.406699317671253e+00 -5.006160312581829e-01 
 2.900681198693198e+03  1.000178625919412e+00 -6.096415391519524e-05  9.003187786850025e-01 -6.159390657458499e-04  9.001603265927836e-01 -7.193283228323594e-04  1.010216088441859e+00  1.862520595449726e-02  9.003608054943363e-01  1.586630432278040e-02  1.515486454071735e-04  4.737827140255897e-03  1.515486372627994e-04  4.737827144170080e-03  1.515486501136865e-04  4.737827137993953e-03  1.515486873988614e-04  4.737827120081982e-03  1.000941133733264e+00 -1.247766021092932e-02  1.000941133733322e+00 -1.247766021093002e-02  1.000941133733322e+00 -1.247766021093002e-02  1.000941133733264e+00 -1.247766021092932e-02 -5.003039657967731e-01  1.426020942250731e-02 -5.003039658090580e-01  1.426020942823700e-02 -5.003039657896737e-01  1.426020941919622e-02 -5.003039657334335e-01  1.426020939297644e-02  4.009220157294992e+00  1.756769193751302e-01  4.009220157295223e+00  1.756769193751412e-01  4.009220157295224e+00  1.756769193751412e-01  4.009220157294992e+00  1.756769193751301e-01  3.411402107822926e+00 -4.522948399042919e-01  3.411402107823122e+00 -4.522948399043172e-01  3.411402107823123e+00 -4.522948399043173e-01  3.411402107822925e+00 -4.522948399042919e-01  3.401689631073848e+00 -5.142409696687105e-01  3.401689631074044e+00 -5.142409696687393e-01  3.401689631074045e+00 -5.142409696687394e-01  3.401689631073848e+00 -5.142409696687105e-01 
 2.985382618918006e+03  1.000189208325973e+00 -6.286051817162145e-05  9.003376653761722e-01 -6.341436501650893e-04  9.001698243552403e-01 -7.404447709003862e-04  1.010228893082008e+00  1.916913341922761e-02  9.003821868022280e-01  1.632972327694032e-02  1.594937421169340e-04  4.877696421205254e-03  1.594937349375658e-04  4.877696424475921e-03  1.594937408311847e-04  4.877696421790964e-03  1.594937866495894e-04  4.877696400924962e-03  1.000996852789613e+00 -1.284486209267083e-02  1.000996852789671e+00 -1.284486209267155e-02  1.000996852789671e+00 -1.284486209267155e-02  1.000996852789613e+00 -1.284486209267083e-02 -5.003235295469431e-01  1.468050862709135e-02 -5.003235295577709e-01  1.468050863186889e-02 -5.003235295488824e-01  1.468050862794691e-02 -5.003235294797801e-01  1.468050859746772e-02  4.009859099878254e+00  1.807949534631730e-01  4.009859099878486e+00  1.807949534631844e-01  4.009859099878486e+00  1.807949534631844e-01  4.009859099878254e+00  1.807949534631730e-01  3.406653567630634e+00 -4.645226005736319e-01  3.406653567630831e+00 -4.645226005736580e-01  3.406653567630831e+00 -4.645226005736580e-01  3.406653567630634e+00 -4.645226005736319e-01  3.396406504835870e+00 -5.281785984711598e-01  3.396406504836067e+00 -5.281785984711895e-01  3.396406504836067e+00 -5.281785984711895e-01  3.396406504835870e+00 -5.281785984711598e-01 
 3.072557365267494e+03  1.000200418062251e+00 -6.482277524646643e-05  9.003576718782060e-01 -6.528996322041289e-04  9.001798851396885e-01 -7.621879389324794e-04  1.010242456918897e+00  1.972894937488370e-02  9.004048363178851e-01  1.680668456872787e-02  1.679117028155486e-04  5.021629128302478e-03  1.679116922124191e-04  5.021629132894730e-03  1.679117058664970e-04  5.021629126981184e-03  1.679117454126966e-04  5.021629109861377e-03  1.001055869753809e+00 -1.322304358649157e-02  1.001055869753866e+00 -1.322304358649230e-02  1.001055869753866e+00 -1.322304358649231e-02  1.001055869753808e+00 -1.322304358649157e-02 -5.003442475627490e-01  1.511319494803221e-02 -5.003442475787386e-01  1.511319495472533e-02 -5.003442475581481e-01  1.511319494610645e-02 -5.003442474985124e-01  1.511319492115500e-02  4.010535952289791e+00  1.860618454594846e-01  4.010535952290024e+00  1.860618454594964e-01  4.010535952290023e+00  1.860618454594964e-01  4.010535952289791e+00  1.860618454594846e-01  3.401647371947645e+00 -4.770237172482695e-01  3.401647371947843e+00 -4.770237172482963e-01  3.401647371947842e+00 -4.770237172482962e-01  3.401647371947645e+00 -4.770237172482695e-01  3.390836413530734e+00 -5.424310877998045e-01  3.390836413530932e+00 -5.424310877998352e-01  3.390836413530931e+00 -5.424310877998351e-01  3.390836413530734e+00 -5.424310877998045e-01 
 3.162277660168429e+03  1.000212292022337e+00 -6.685379899492674e-05  9.003788640683076e-01 -6.722249001226358e-04  9.001905420562470e-01 -7.845770399894339e-04  1.010256824886539e+00  2.030511826522325e-02  9.004288287267701e-01  1.729758455794942e-02  1.768308055577483e-04  5.169746518541473e-03  1.768307938296854e-04  5.169746523383275e-03  1.768308000716923e-04  5.169746520806321e-03  1.768308484345615e-04  5.169746500848471e-03  1.001118379276768e+00 -1.361254851738466e-02  1.001118379276826e+00 -1.361254851738541e-02  1.001118379276826e+00 -1.361254851738539e-02  1.001118379276768e+00 -1.361254851738464e-02 -5.003661874685917e-01  1.555864713052340e-02 -5.003661874862760e-01  1.555864713756382e-02 -5.003661874768640e-01  1.555864713381669e-02 -5.003661874039400e-01  1.555864710479654e-02  4.011252965859483e+00  1.914818754530621e-01  4.011252965859715e+00  1.914818754530741e-01  4.011252965859714e+00  1.914818754530741e-01  4.011252965859482e+00  1.914818754530620e-01  3.396370954376250e+00 -4.897993709230197e-01  3.396370954376446e+00 -4.897993709230473e-01  3.396370954376445e+00 -4.897993709230472e-01  3.396370954376249e+00 -4.897993709230196e-01  3.384965323645142e+00 -5.570001444773965e-01  3.384965323645337e+00 -5.570001444774280e-01  3.384965323645337e+00 -5.570001444774278e-01  3.384965323645141e+00 -5.570001444773964e-01 
 3.254617834980510e+03  1.000224869730504e+00 -6.895663390780251e-05  9.004013125294950e-01 -6.921380325400783e-04  9.002018305764439e-01 -8.076319317347762e-04  1.010272044658275e+00  2.089811814805116e-02  9.004542440303119e-01  1.780283126896226e-02  1.862810358821410e-04  5.322173498639915e-03  1.862810247252877e-04  5.322173503041048e-03  1.862810231584300e-04  5.322173503659091e-03  1.862810806559922e-04  5.322173480986167e-03  1.001184587929301e+00 -1.401373285497757e-02  1.001184587929359e+00 -1.401373285497835e-02  1.001184587929359e+00 -1.401373285497835e-02  1.001184587929300e+00 -1.401373285497754e-02 -5.003894210410343e-01  1.601725633372211e-02 -5.003894210578556e-01  1.601725634010618e-02 -5.003894210602179e-01  1.601725634100268e-02 -5.003894209735275e-01  1.601725630811487e-02  4.012012527865264e+00  1.970594429978124e-01  4.012012527865496e+00  1.970594429978248e-01  4.012012527865496e+00  1.970594429978248e-01  4.012012527865262e+00  1.970594429978124e-01  3.390811301167725e+00 -5.028502687533396e-01  3.390811301167920e+00 -5.028502687533679e-01  3.390811301167920e+00 -5.028502687533679e-01  3.390811301167723e+00 -5.028502687533393e-01  3.378778696879974e+00 -5.718869655100878e-01  3.378778696880169e+00 -5.718869655101200e-01  3.378778696880169e+00 -5.718869655101200e-01  3.378778696879972e+00 -5.718869655100873e-01 
 3.349654391578329e+03  1.000238192904648e+00 -7.113450741692772e-05  9.004250917633256e-01 -7.126583258481304e-04  9.002137881399502e-01 -8.313731419202297e-04  1.010288166777274e+00  2.150844108607031e-02  9.004811666887489e-01  1.832284472767082e-02  1.962941917694749e-04  5.479038741770708e-03  1.962941821365694e-04  5.479038745409783e-03  1.962941886955449e-04  5.479038742931939e-03  1.962942393193834e-04  5.479038723816561e-03  1.001254714308520e+00 -1.442696525035756e-02  1.001254714308578e+00 -1.442696525035836e-02  1.001254714308578e+00 -1.442696525035836e-02  1.001254714308519e+00 -1.442696525035756e-02 -5.004140241491640e-01  1.648942661158122e-02 -5.004140241636867e-01  1.648942661684644e-02 -5.004140241537984e-01  1.648942661326136e-02 -5.004140240774768e-01  1.648942658560464e-02  4.012817167332654e+00  2.027990699745690e-01  4.012817167332887e+00  2.027990699745818e-01  4.012817167332886e+00  2.027990699745818e-01  4.012817167332652e+00  2.027990699745688e-01  3.384954952956843e+00 -5.161765985483264e-01  3.384954952957040e+00 -5.161765985483557e-01  3.384954952957039e+00 -5.161765985483556e-01  3.384954952956841e+00 -5.161765985483263e-01  3.372261491502552e+00 -5.870921883058073e-01  3.372261491502748e+00 -5.870921883058409e-01  3.372261491502747e+00 -5.870921883058406e-01  3.372261491502550e+00 -5.870921883058072e-01 
 3.447466065731548e+03  1.000252305736734e+00 -7.339084553843412e-05  9.004502806933734e-01 -7.338058345862473e-04  9.002264544065978e-01 -8.558218978376855e-04  1.010305244978271e+00  2.213659356079513e-02  9.005096861849317e-01  1.885805732127380e-02  2.069039954498697e-04  5.640474812457028e-03  2.069039874136314e-04  5.640474815370319e-03  2.069040024392788e-04  5.640474809923152e-03  2.069040457789439e-04  5.640474794220843e-03  1.001328989893157e+00 -1.485262761751425e-02  1.001328989893215e+00 -1.485262761751509e-02  1.001328989893215e+00 -1.485262761751510e-02  1.001328989893157e+00 -1.485262761751425e-02 -5.004400770618213e-01  1.697557543119370e-02 -5.004400770739358e-01  1.697557543539758e-02 -5.004400770512843e-01  1.697557542753730e-02 -5.004400769859487e-01  1.697557540487936e-02  4.013669564177997e+00  2.087054036114216e-01  4.013669564178229e+00  2.087054036114347e-01  4.013669564178229e+00  2.087054036114346e-01  4.013669564177996e+00  2.087054036114215e-01  3.378788011852527e+00 -5.297779813181051e-01  3.378788011852723e+00 -5.297779813181349e-01  3.378788011852723e+00 -5.297779813181349e-01  3.378788011852527e+00 -5.297779813181049e-01  3.365398169295102e+00 -6.026158387679610e-01  3.365398169295297e+00 -6.026158387679951e-01  3.365398169295297e+00 -6.026158387679951e-01  3.365398169295101e+00 -6.026158387679608e-01 
 3.548133892335811e+03  1.000267255039734e+00 -7.572928151298318e-05  9.004769629282411e-01 -7.556014052903768e-04  9.002398713882209e-01 -8.810001498640083e-04  1.010323335785358e+00  2.278309690609855e-02  9.005398973240877e-01  1.940891417378625e-02  2.181462122982647e-04  5.806618295535079e-03  2.181462049189453e-04  5.806618298107266e-03  2.181462117679667e-04  5.806618295719922e-03  2.181462644001431e-04  5.806618277384084e-03  1.001407659798611e+00 -1.529111574029407e-02  1.001407659798669e+00 -1.529111574029495e-02  1.001407659798669e+00 -1.529111574029493e-02  1.001407659798610e+00 -1.529111574029408e-02 -5.004676646968559e-01  1.747613421228593e-02 -5.004676647079803e-01  1.747613421598727e-02 -5.004676646976554e-01  1.747613421255192e-02 -5.004676646183153e-01  1.747613418616744e-02  4.014572558256428e+00  2.147832195693040e-01  4.014572558256659e+00  2.147832195693175e-01  4.014572558256660e+00  2.147832195693175e-01  4.014572558256427e+00  2.147832195693039e-01  3.372296151305125e+00 -5.436534214785891e-01  3.372296151305319e+00 -5.436534214786195e-01  3.372296151305320e+00 -5.436534214786196e-01  3.372296151305124e+00 -5.436534214785891e-01  3.358172705562522e+00 -6.184572768183484e-01  3.358172705562716e+00 -6.184572768183830e-01  3.358172705562716e+00 -6.184572768183831e-01  3.358172705562521e+00 -6.184572768183484e-01 
 3.651741272548435e+03  1.000283090403116e+00 -7.815368012576649e-05  9.005052270400955e-01 -7.780667260536086e-04  9.002540835881547e-01 -9.069306096285263e-04  1.010342499435539e+00  2.344848773717705e-02  9.005719005517111e-01  1.997587352017340e-02  2.300587774642926e-04  5.977609930139087e-03  2.300587686566713e-04  5.977609933096159e-03  2.300587842692936e-04  5.977609927854424e-03  2.300588291916927e-04  5.977609912782090e-03  1.001490983575356e+00 -1.574283993217422e-02  1.001490983575414e+00 -1.574283993217513e-02  1.001490983575414e+00 -1.574283993217513e-02  1.001490983575356e+00 -1.574283993217424e-02 -5.004968768834133e-01  1.799154890327461e-02 -5.004968768966901e-01  1.799154890751745e-02 -5.004968768731556e-01  1.799154889999655e-02 -5.004968768054401e-01  1.799154887837130e-02  4.015529158951384e+00  2.210374250075051e-01  4.015529158951616e+00  2.210374250075190e-01  4.015529158951615e+00  2.210374250075190e-01  4.015529158951383e+00  2.210374250075050e-01  3.365464629617563e+00 -5.578012549700021e-01  3.365464629617758e+00 -5.578012549700335e-01  3.365464629617757e+00 -5.578012549700333e-01  3.365464629617562e+00 -5.578012549700020e-01  3.350568603097571e+00 -6.346151396241174e-01  3.350568603097766e+00 -6.346151396241534e-01  3.350568603097765e+00 -6.346151396241531e-01  3.350568603097571e+00 -6.346151396241173e-01 
 3.758374042884502e+03  1.000299864357779e+00 -8.066814873529075e-05  9.005351668600020e-01 -8.012243658424314e-04  9.002691381492116e-01 -9.336367767491109e-04  1.010362799485791e+00  2.413331841056901e-02  9.006058022904814e-01  2.055940710569455e-02  2.426819306031724e-04  6.153594748973359e-03  2.426819170082140e-04  6.153594753377366e-03  2.426819241236333e-04  6.153594751072388e-03  2.426819785380507e-04  6.153594733455644e-03  1.001579236053664e+00 -1.620822572353169e-02  1.001579236053722e+00 -1.620822572353264e-02  1.001579236053722e+00 -1.620822572353261e-02  1.001579236053664e+00 -1.620822572353169e-02 -5.005278086383756e-01  1.852228058182386e-02 -5.005278086588680e-01  1.852228058812362e-02 -5.005278086481426e-01  1.852228058482645e-02 -5.005278085661218e-01  1.852228055962710e-02  4.016542555477681e+00  2.274730616881360e-01  4.016542555477915e+00  2.274730616881503e-01  4.016542555477913e+00  2.274730616881503e-01  4.016542555477679e+00  2.274730616881358e-01  3.358278307611349e+00 -5.722190953942429e-01  3.358278307611544e+00 -5.722190953942754e-01  3.358278307611543e+00 -5.722190953942751e-01  3.358278307611347e+00 -5.722190953942426e-01  3.342568910650962e+00 -6.510872826496892e-01  3.342568910651156e+00 -6.510872826497264e-01  3.342568910651155e+00 -6.510872826497259e-01  3.342568910650960e+00 -6.510872826496890e-01 
 3.868120546330584e+03  1.000317632550642e+00 -8.327706047289490e-05  9.005668817907643e-01 -8.250978266240757e-04  9.002850850103207e-01 -9.611429770728069e-04  1.010384303380026e+00  2.483815748497062e-02  9.006417152975558e-01  2.116000058806464e-02  2.560583594150567e-04  6.334722223144088e-03  2.560583451722831e-04  6.334722227602974e-03  2.560583524130466e-04  6.334722225336159e-03  2.560584076415351e-04  6.334722208057076e-03  1.001672708237232e+00 -1.668771460331312e-02  1.001672708237290e+00 -1.668771460331403e-02  1.001672708237290e+00 -1.668771460331405e-02  1.001672708237231e+00 -1.668771460331310e-02 -5.005605604573622e-01  1.906880609398968e-02 -5.005605604788304e-01  1.906880610034780e-02 -5.005605604679160e-01  1.906880609711545e-02 -5.005605603846707e-01  1.906880607247727e-02  4.017616127612769e+00  2.340953091416189e-01  4.017616127613000e+00  2.340953091416337e-01  4.017616127613000e+00  2.340953091416336e-01  4.017616127612765e+00  2.340953091416187e-01  3.350721670608443e+00 -5.869037782746929e-01  3.350721670608636e+00 -5.869037782747256e-01  3.350721670608637e+00 -5.869037782747258e-01  3.350721670608440e+00 -5.869037782746923e-01  3.334156246106750e+00 -6.678707186491402e-01  3.334156246106942e+00 -6.678707186491777e-01  3.334156246106943e+00 -6.678707186491779e-01  3.334156246106747e+00 -6.678707186491396e-01 
 3.981071705535036e+03  1.000336453929696e+00 -8.598507448488505e-05  9.006004771385132e-01 -8.497115948321245e-04  9.003019770725389e-01 -9.894743988273947e-04  1.010407082613401e+00  2.556359020177819e-02  9.006797590433786e-01  2.177815395662356e-02  2.702333525276823e-04  6.521146412843530e-03  2.702333406220947e-04  6.521146416451044e-03  2.702333479842056e-04  6.521146414220285e-03  2.702334039781928e-04  6.521146397264834e-03  1.001771708247998e+00 -1.718176480567542e-02  1.001771708248056e+00 -1.718176480567637e-02  1.001771708248056e+00 -1.718176480567635e-02  1.001771708247998e+00 -1.718176480567541e-02 -5.005952386208233e-01  1.963161872791583e-02 -5.005952386387683e-01  1.963161873304302e-02 -5.005952386276716e-01  1.963161872987253e-02 -5.005952385432734e-01  1.963161870577547e-02  4.018753457317890e+00  2.409094877838175e-01  4.018753457318123e+00  2.409094877838327e-01  4.018753457318123e+00  2.409094877838328e-01  4.018753457317890e+00  2.409094877838175e-01  3.342778855466243e+00 -6.018513038213059e-01  3.342778855466437e+00 -6.018513038213399e-01  3.342778855466437e+00 -6.018513038213397e-01  3.342778855466243e+00 -6.018513038213057e-01  3.325312825135199e+00 -6.849615550111184e-01  3.325312825135392e+00 -6.849615550111573e-01  3.325312825135392e+00 -6.849615550111571e-01  3.325312825135199e+00 -6.849615550111182e-01 
 4.097321098135481e+03  1.000356391081867e+00 -8.879716188551734e-05  9.006360647194791e-01 -8.750912024761854e-04  9.003198705025631e-01 -1.018657134640963e-03  1.010431213208287e+00  2.631021897924589e-02  9.007200603944666e-01  2.241438196511595e-02  2.852549624749456e-04  6.713026125191809e-03  2.852549454140374e-04  6.713026130202700e-03  2.852549528926662e-04  6.713026128006198e-03  2.852550096077433e-04  6.713026111360302e-03  1.001876562467589e+00 -1.769085215457235e-02  1.001876562467647e+00 -1.769085215457331e-02  1.001876562467647e+00 -1.769085215457333e-02  1.001876562467589e+00 -1.769085215457237e-02 -5.006319555870530e-01  2.021122893098420e-02 -5.006319556127683e-01  2.021122893808157e-02 -5.006319556014963e-01  2.021122893497046e-02 -5.006319555160119e-01  2.021122891139443e-02  4.019958341502295e+00  2.479210621195939e-01  4.019958341502528e+00  2.479210621196095e-01  4.019958341502527e+00  2.479210621196096e-01  4.019958341502295e+00  2.479210621195938e-01  3.334433683309526e+00 -6.170567784221535e-01  3.334433683309719e+00 -6.170567784221882e-01  3.334433683309718e+00 -6.170567784221881e-01  3.334433683309525e+00 -6.170567784221536e-01  3.316020496007348e+00 -7.023549297112105e-01  3.316020496007540e+00 -7.023549297112501e-01  3.316020496007539e+00 -7.023549297112500e-01  3.316020496007347e+00 -7.023549297112106e-01 
 4.216965034285891e+03  1.000377509873486e+00 -9.171861457404480e-05  9.006737622109162e-01 -9.012632635082939e-04  9.003388244085596e-01 -1.048718208096628e-03  1.010456774791491e+00  2.707866392623613e-02  9.007627529148756e-01  2.306921457652530e-02  3.011741790615585e-04  6.910525073662971e-03  3.011741660389200e-04  6.910525077375579e-03  3.011741736307916e-04  6.910525075211288e-03  3.011742310234933e-04  6.910525058861397e-03  1.001987616026498e+00 -1.821547093301442e-02  1.001987616026555e+00 -1.821547093301545e-02  1.001987616026556e+00 -1.821547093301545e-02  1.001987616026497e+00 -1.821547093301443e-02 -5.006708300473676e-01  2.080816504456250e-02 -5.006708300669960e-01  2.080816504980227e-02 -5.006708300555530e-01  2.080816504674772e-02 -5.006708299690475e-01  2.080816502367350e-02  4.021234802646587e+00  2.551356438673221e-01  4.021234802646819e+00  2.551356438673382e-01  4.021234802646820e+00  2.551356438673382e-01  4.021234802646586e+00  2.551356438673220e-01  3.325669695646562e+00 -6.325143546501981e-01  3.325669695646754e+00 -6.325143546502336e-01  3.325669695646754e+00 -6.325143546502339e-01  3.325669695646561e+00 -6.325143546501981e-01  3.306260778314809e+00 -7.200449456234632e-01  3.306260778315000e+00 -7.200449456235039e-01  3.306260778315001e+00 -7.200449456235041e-01  3.306260778314809e+00 -7.200449456234632e-01 
 4.340102636447509e+03  1.000399880521233e+00 -9.475509610264709e-05  9.007136950779917e-01 -9.282555737276417e-04  9.003589018033499e-01 -1.079685640092534e-03  1.010483852671740e+00  2.786956336024035e-02  9.008079790046083e-01  2.374319742395814e-02  3.180451149575880e-04  7.113812054140271e-03  3.180451044665911e-04  7.113812057047312e-03  3.180451121678196e-04  7.113812054913354e-03  3.180451701975118e-04  7.113812038846038e-03  1.002105234772967e+00 -1.875613487925780e-02  1.002105234773025e+00 -1.875613487925886e-02  1.002105234773024e+00 -1.875613487925884e-02  1.002105234772967e+00 -1.875613487925780e-02 -5.007119877070906e-01  2.142297413321490e-02 -5.007119877229034e-01  2.142297413730256e-02 -5.007119877112957e-01  2.142297413430196e-02 -5.007119876238294e-01  2.142297411171051e-02  4.022587106135389e+00  2.625589951986242e-01  4.022587106135622e+00  2.625589951986407e-01  4.022587106135622e+00  2.625589951986407e-01  4.022587106135389e+00  2.625589951986241e-01  3.316470201539447e+00 -6.482171718016221e-01  3.316470201539639e+00 -6.482171718016586e-01  3.316470201539639e+00 -6.482171718016586e-01  3.316470201539447e+00 -6.482171718016221e-01  3.296014913257850e+00 -7.380246054302468e-01  3.296014913258041e+00 -7.380246054302886e-01  3.296014913258041e+00 -7.380246054302886e-01  3.296014913257850e+00 -7.380246054302468e-01 
 4.466835921509704e+03  1.000423577399938e+00 -9.791265629906137e-05  9.007559962260616e-01 -9.560971603072059e-04  9.003801694307527e-01 -1.111588482089024e-03  1.010512537012717e+00  2.868357435548743e-02  9.008558895353714e-01  2.443689228780405e-02  3.359252029929150e-04  7.323061119571692e-03  3.359251916861261e-04  7.323061122620962e-03  3.359251994933810e-04  7.323061120515430e-03  3.359252581222605e-04  7.323061104717527e-03  1.002229806028846e+00 -1.931337818752405e-02  1.002229806028904e+00 -1.931337818752514e-02  1.002229806028904e+00 -1.931337818752513e-02  1.002229806028846e+00 -1.931337818752405e-02 -5.007555614467967e-01  2.205622281689541e-02 -5.007555614638390e-01  2.205622282116659e-02 -5.007555614520715e-01  2.205622281821732e-02 -5.007555613637014e-01  2.205622279609012e-02  4.024019773111560e+00  2.701970318852231e-01  4.024019773111791e+00  2.701970318852401e-01  4.024019773111791e+00  2.701970318852401e-01  4.024019773111561e+00  2.701970318852231e-01  3.306818327034791e+00 -6.641572953570807e-01  3.306818327034982e+00 -6.641572953571179e-01  3.306818327034982e+00 -6.641572953571178e-01  3.306818327034792e+00 -6.641572953570809e-01  3.285263916805824e+00 -7.562857453373348e-01  3.285263916806013e+00 -7.562857453373775e-01  3.285263916806013e+00 -7.562857453373774e-01  3.285263916805825e+00 -7.562857453373352e-01 
 4.597269885308798e+03  1.000448678864054e+00 -1.011977587394868e-04  9.008008056776852e-01 -9.848183445829277e-04  9.004026976041752e-01 -1.144456861548431e-03  1.010542922896965e+00  2.952137329320128e-02  9.009066435151929e-01  2.515087757697847e-02  3.548754067232429e-04  7.538451761725099e-03  3.548753892403389e-04  7.538451766319404e-03  3.548753971518437e-04  7.538451764240351e-03  3.548754563425516e-04  7.538451748699044e-03  1.002361739412069e+00 -1.988775658992291e-02  1.002361739412127e+00 -1.988775658992403e-02  1.002361739412127e+00 -1.988775658992402e-02  1.002361739412069e+00 -1.988775658992291e-02 -5.008016915016122e-01  2.270849815915922e-02 -5.008016915279642e-01  2.270849816556895e-02 -5.008016915160394e-01  2.270849816266837e-02 -5.008016914268212e-01  2.270849814098738e-02  4.025537594344502e+00  2.780558263272293e-01  4.025537594344735e+00  2.780558263272468e-01  4.025537594344736e+00  2.780558263272468e-01  4.025537594344502e+00  2.780558263272293e-01  3.296697071747229e+00 -6.803256569503260e-01  3.296697071747421e+00 -6.803256569503643e-01  3.296697071747421e+00 -6.803256569503644e-01  3.296697071747229e+00 -6.803256569503260e-01  3.273988640631822e+00 -7.748189693373572e-01  3.273988640632012e+00 -7.748189693374010e-01  3.273988640632013e+00 -7.748189693374011e-01  3.273988640631822e+00 -7.748189693373572e-01 
 4.731512589614883e+03  1.000475268360569e+00 -1.046173259711469e-04  9.008482725750980e-01 -1.014450846992701e-03  9.004265612074346e-01 -1.178322045382772e-03  1.010575111380240e+00  3.038365644764363e-02  9.009604103142281e-01  2.588574885003760e-02  3.749604458073152e-04  7.760169110733874e-03  3.749604339104984e-04  7.760169113784163e-03  3.749604419234775e-04  7.760169111729678e-03  3.749605016414859e-04  7.760169096432266e-03  1.002501469009135e+00 -2.047984855509220e-02  1.002501469009192e+00 -2.047984855509335e-02  1.002501469009192e+00 -2.047984855509338e-02  1.002501469009135e+00 -2.047984855509221e-02 -5.008505262984214e-01  2.338040864758398e-02 -5.008505263163541e-01  2.338040865182204e-02 -5.008505263042760e-01  2.338040864896755e-02 -5.008505262142608e-01  2.338040862771496e-02  4.027145650151000e+00  2.861416108506920e-01  4.027145650151232e+00  2.861416108507101e-01  4.027145650151231e+00  2.861416108507099e-01  4.027145650151000e+00  2.861416108506920e-01  3.286089377072183e+00 -6.967119962984200e-01  3.286089377072373e+00 -6.967119962984590e-01  3.286089377072372e+00 -6.967119962984590e-01  3.286089377072183e+00 -6.967119962984200e-01  3.262169845303448e+00 -7.936135856578173e-01  3.262169845303637e+00 -7.936135856578619e-01  3.262169845303636e+00 -7.936135856578619e-01  3.262169845303448e+00 -7.936135856578173e-01 
 4.869675251658712e+03  1.000503434138849e+00 -1.081787769711764e-04  9.008985546564773e-01 -1.045027863372020e-03  9.004518394327653e-01 -1.213216495747125e-03  1.010609209811977e+00  3.127114056284926e-02  9.010173691119910e-01  2.664211932175215e-02  3.962490360977511e-04  7.988404132551103e-03  3.962490202177316e-04  7.988404136528309e-03  3.962490283301867e-04  7.988404134496559e-03  3.962490885425773e-04  7.988404119430595e-03  1.002649454201237e+00 -2.109025653460857e-02  1.002649454201295e+00 -2.109025653460975e-02  1.002649454201295e+00 -2.109025653460974e-02  1.002649454201237e+00 -2.109025653460855e-02 -5.009022226028843e-01  2.407258519860383e-02 -5.009022226268218e-01  2.407258520410615e-02 -5.009022226145932e-01  2.407258520129530e-02 -5.009022225238305e-01  2.407258518045376e-02  4.028849325819793e+00  2.944607805692282e-01  4.028849325820027e+00  2.944607805692467e-01  4.028849325820026e+00  2.944607805692467e-01  4.028849325819793e+00  2.944607805692283e-01  3.274978197650381e+00 -7.133048040526151e-01  3.274978197650572e+00 -7.133048040526553e-01  3.274978197650571e+00 -7.133048040526551e-01  3.274978197650381e+00 -7.133048040526151e-01  3.249788277438505e+00 -8.126575441816043e-01  3.249788277438694e+00 -8.126575441816504e-01  3.249788277438694e+00 -8.126575441816501e-01  3.249788277438505e+00 -8.126575441816043e-01 
 5.011872336272806e+03  1.000533269686581e+00 -1.118900591941638e-04  9.009518190395038e-01 -1.076584152603437e-03  9.004786161722749e-01 -1.249173922464528e-03  1.010645331613894e+00  3.218456347824811e-02  9.010777097849081e-01  2.742062041507420e-02  4.188141463410955e-04  8.223353840718062e-03  4.188141339744322e-04  8.223353843747108e-03  4.188141421843650e-04  8.223353841736194e-03  4.188142028598851e-04  8.223353826889407e-03  1.002806181281058e+00 -2.171960830322771e-02  1.002806181281116e+00 -2.171960830322893e-02  1.002806181281116e+00 -2.171960830322892e-02  1.002806181281058e+00 -2.171960830322771e-02 -5.009569460425395e-01  2.478568223796588e-02 -5.009569460611811e-01  2.478568224213795e-02 -5.009569460488056e-01  2.478568223936821e-02 -5.009569459573416e-01  2.478568221892066e-02  4.030654330699869e+00  3.030198964986406e-01  4.030654330700101e+00  3.030198964986593e-01  4.030654330700102e+00  3.030198964986593e-01  4.030654330699869e+00  3.030198964986403e-01  3.263346583127033e+00 -7.300912675452562e-01  3.263346583127221e+00 -7.300912675452974e-01  3.263346583127222e+00 -7.300912675452976e-01  3.263346583127033e+00 -7.300912675452564e-01  3.236824757856044e+00 -8.319373770770977e-01  3.236824757856230e+00 -8.319373770771447e-01  3.236824757856231e+00 -8.319373770771449e-01  3.236824757856043e+00 -8.319373770770979e-01 
 5.158221650723142e+03  1.000564874041140e+00 -1.157596968302027e-04  9.010082427809443e-01 -1.109156140438241e-03  9.005069802971974e-01 -1.286229350726406e-03  1.010683596936144e+00  3.312468475404309e-02  9.011416335498458e-01  2.822190231561022e-02  4.427332726257283e-04  8.465221516616640e-03  4.427332590740685e-04  8.465221519866558e-03  4.427332772749537e-04  8.465221515501707e-03  4.427333284897639e-04  8.465221503234895e-03  1.002972165009503e+00 -2.236855841038906e-02  1.002972165009561e+00 -2.236855841039031e-02  1.002972165009561e+00 -2.236855841039029e-02  1.002972165009503e+00 -2.236855841038905e-02 -5.010148715790934e-01  2.552037885608879e-02 -5.010148715995225e-01  2.552037886054470e-02 -5.010148715720850e-01  2.552037885456011e-02 -5.010148714948792e-01  2.552037883774324e-02  4.032566718219425e+00  3.118256884015611e-01  4.032566718219658e+00  3.118256884015805e-01  4.032566718219660e+00  3.118256884015807e-01  4.032566718219425e+00  3.118256884015612e-01  3.251177768046499e+00 -7.470572201173200e-01  3.251177768046687e+00 -7.470572201173622e-01  3.251177768046688e+00 -7.470572201173624e-01  3.251177768046499e+00 -7.470572201173199e-01  3.223260278589049e+00 -8.514381433439194e-01  3.223260278589235e+00 -8.514381433439676e-01  3.223260278589236e+00 -8.514381433439678e-01  3.223260278589049e+00 -8.514381433439193e-01 
 5.308844442309972e+03  1.000598352119578e+00 -1.197968399489806e-04  9.010680134699072e-01 -1.142782028517920e-03  9.005370259538357e-01 -1.324419190454879e-03  1.010724133116262e+00  3.409228631992847e-02  9.012093536469107e-01  2.904663454744821e-02  4.680887318493365e-04  8.714216939829935e-03  4.680887196258365e-04  8.714216942703306e-03  4.680887280275603e-04  8.714216940728306e-03  4.680887895417429e-04  8.714216926284001e-03  1.003147950260645e+00 -2.303778973479581e-02  1.003147950260703e+00 -2.303778973479710e-02  1.003147950260703e+00 -2.303778973479713e-02  1.003147950260645e+00 -2.303778973479584e-02 -5.010761840025066e-01  2.627738003745212e-02 -5.010761840209341e-01  2.627738004137325e-02 -5.010761840082680e-01  2.627738003867808e-02 -5.010761839155321e-01  2.627738001896890e-02  4.034592906956602e+00  3.208850576101619e-01  4.034592906956835e+00  3.208850576101820e-01  4.034592906956838e+00  3.208850576101821e-01  4.034592906956604e+00  3.208850576101619e-01  3.238455270186776e+00 -7.641870947880514e-01  3.238455270186963e+00 -7.641870947880943e-01  3.238455270186965e+00 -7.641870947880950e-01  3.238455270186777e+00 -7.641870947880518e-01  3.209076109080161e+00 -8.711433781334827e-01  3.209076109080347e+00 -8.711433781335318e-01  3.209076109080349e+00 -8.711433781335326e-01  3.209076109080162e+00 -8.711433781334833e-01 
 5.463865498818634e+03  1.000633815068189e+00 -1.240113222993075e-04  9.011313298566556e-01 -1.177501915966647e-03  9.005688528770500e-01 -1.363781314358594e-03  1.010767075400899e+00  3.508817313885081e-02  9.012810960640528e-01  2.989550656440351e-02  4.949679757527137e-04  8.970556629195235e-03  4.949679646011895e-04  8.970556631767655e-03  4.949679730974488e-04  8.970556629807756e-03  4.949680349899399e-04  8.970556615547092e-03  1.003334113758553e+00 -2.372801516073362e-02  1.003334113758611e+00 -2.372801516073495e-02  1.003334113758610e+00 -2.372801516073495e-02  1.003334113758552e+00 -2.372801516073361e-02 -5.011410784467399e-01  2.705741797486456e-02 -5.011410784635524e-01  2.705741797835800e-02 -5.011410784507431e-01  2.705741797569639e-02 -5.011410783574320e-01  2.705741795633219e-02  4.036739703127473e+00  3.302050796859300e-01  4.036739703127706e+00  3.302050796859509e-01  4.036739703127705e+00  3.302050796859507e-01  4.036739703127472e+00  3.302050796859299e-01  3.225162997613515e+00 -7.814638834719109e-01  3.225162997613703e+00 -7.814638834719551e-01  3.225162997613702e+00 -7.814638834719551e-01  3.225162997613515e+00 -7.814638834719109e-01  3.194253911836747e+00 -8.910350481579109e-01  3.194253911836933e+00 -8.910350481579615e-01  3.194253911836932e+00 -8.910350481579614e-01  3.194253911836747e+00 -8.910350481579109e-01 
 5.623413251903586e+03  1.000671380775161e+00 -1.284137095535983e-04  9.011984027750927e-01 -1.213357920784534e-03  9.006025668504466e-01 -1.404355128517640e-03  1.010812566855844e+00  3.611317391421051e-02  9.013571005872104e-01  3.076922837946329e-02  5.234639270565999e-04  9.234464096557794e-03  5.234639137047803e-04  9.234464099583495e-03  5.234639222955750e-04  9.234464097636723e-03  5.234639845403399e-04  9.234464083548293e-03  1.003531266053905e+00 -2.443997937118848e-02  1.003531266053963e+00 -2.443997937118983e-02  1.003531266053963e+00 -2.443997937118984e-02  1.003531266053905e+00 -2.443997937118847e-02 -5.012097609992545e-01  2.786125347011616e-02 -5.012097610193857e-01  2.786125347420470e-02 -5.012097610064329e-01  2.786125347157407e-02 -5.012097609125848e-01  2.786125345253928e-02  4.039014325148753e+00  3.397930070169299e-01  4.039014325148984e+00  3.397930070169513e-01  4.039014325148987e+00  3.397930070169514e-01  4.039014325148752e+00  3.397930070169299e-01  3.211285364909052e+00 -7.988691029249487e-01  3.211285364909235e+00 -7.988691029249927e-01  3.211285364909238e+00 -7.988691029249935e-01  3.211285364909051e+00 -7.988691029249483e-01  3.178775867988217e+00 -9.110935144967480e-01  3.178775867988399e+00 -9.110935144967984e-01  3.178775867988401e+00 -9.110935144967992e-01  3.178775867988216e+00 -9.110935144967476e-01 
 5.787619883491305e+03  1.000711173695662e+00 -1.330153565590921e-04  9.012694548275310e-01 -1.250394298977459e-03  9.006382795476795e-01 -1.446181651155751e-03  1.010860758628765e+00  3.716814178855269e-02  9.014376204912350e-01  3.166853118566617e-02  5.536753390996130e-04  9.506170105741649e-03  5.536753271672135e-04  9.506170108400967e-03  5.536753256947802e-04  9.506170108729128e-03  5.536753984247134e-04  9.506170092537861e-03  1.003740052891081e+00 -2.517446076520481e-02  1.003740052891139e+00 -2.517446076520621e-02  1.003740052891139e+00 -2.517446076520622e-02  1.003740052891081e+00 -2.517446076520478e-02 -5.012824489776857e-01  2.868967741269673e-02 -5.012824489956780e-01  2.868967741627183e-02 -5.012824489978979e-01  2.868967741671298e-02 -5.012824488882343e-01  2.868967739494886e-02  4.041424426780654e+00  3.496562710122538e-01  4.041424426780888e+00  3.496562710122758e-01  4.041424426780887e+00  3.496562710122759e-01  4.041424426780653e+00  3.496562710122538e-01  3.196807415586569e+00 -8.163827679258323e-01  3.196807415586755e+00 -8.163827679258786e-01  3.196807415586755e+00 -8.163827679258783e-01  3.196807415586568e+00 -8.163827679258322e-01  3.162624809761311e+00 -9.312975033250527e-01  3.162624809761494e+00 -9.312975033251056e-01  3.162624809761494e+00 -9.312975033251053e-01  3.162624809761310e+00 -9.312975033250526e-01 
 5.956621435290206e+03  1.000753326189892e+00 -1.378284999117383e-04  9.013447227947757e-01 -1.288657635145785e-03  9.006761097352669e-01 -1.489303626142505e-03  1.010911811769124e+00  3.825395508234222e-02  9.015229252348642e-01  3.259416802648826e-02  5.857071824127424e-04  9.785912958423227e-03  5.857071721682150e-04  9.785912960671037e-03  5.857071809475256e-04  9.785912958744775e-03  5.857072438245625e-04  9.785912944966909e-03  1.003961158175122e+00 -2.593227359196192e-02  1.003961158175180e+00 -2.593227359196339e-02  1.003961158175180e+00 -2.593227359196341e-02  1.003961158175122e+00 -2.593227359196194e-02 -5.013593719741171e-01  2.954351242027596e-02 -5.013593719895653e-01  2.954351242328195e-02 -5.013593719763269e-01  2.954351242070597e-02 -5.013593718815127e-01  2.954351240228385e-02  4.043978128010962e+00  3.598024844449170e-01  4.043978128011195e+00  3.598024844449398e-01  4.043978128011195e+00  3.598024844449396e-01  4.043978128010961e+00  3.598024844449169e-01  3.181714957571237e+00 -8.339833748620294e-01  3.181714957571422e+00 -8.339833748620762e-01  3.181714957571422e+00 -8.339833748620764e-01  3.181714957571237e+00 -8.339833748620293e-01  3.145784366641212e+00 -9.516240881043856e-01  3.145784366641395e+00 -9.516240881044391e-01  3.145784366641395e+00 -9.516240881044393e-01  3.145784366641212e+00 -9.516240881043855e-01 
 6.130557921498312e+03  1.000797978113107e+00 -1.428663031287207e-04  9.014244568979982e-01 -1.328196956918044e-03  9.007161829021647e-01 -1.533765592645551e-03  1.010965896231717e+00  3.937151805682350e-02  9.016132996923373e-01  3.354691447197611e-02  6.196710579142173e-04  1.007393877936929e-02  6.196710459922539e-04  1.007393878194737e-02  6.196710548668216e-04  1.007393878002832e-02  6.196711180257997e-04  1.007393876638926e-02  1.004195305559628e+00 -2.671427016528431e-02  1.004195305559686e+00 -2.671427016528578e-02  1.004195305559687e+00 -2.671427016528577e-02  1.004195305559629e+00 -2.671427016528431e-02 -5.014407721778615e-01  3.042361452689224e-02 -5.014407721958403e-01  3.042361453032133e-02 -5.014407721824573e-01  3.042361452776882e-02 -5.014407720872105e-01  3.042361450963077e-02  4.046684041896754e+00  3.702394432273707e-01  4.046684041896989e+00  3.702394432273942e-01  4.046684041896989e+00  3.702394432273942e-01  4.046684041896755e+00  3.702394432273708e-01  3.165994701901518e+00 -8.516478944685969e-01  3.165994701901702e+00 -8.516478944686448e-01  3.165994701901702e+00 -8.516478944686448e-01  3.165994701901518e+00 -8.516478944685971e-01  3.128239115418793e+00 -9.720486817884356e-01  3.128239115418975e+00 -9.720486817884905e-01  3.128239115418975e+00 -9.720486817884906e-01  3.128239115418793e+00 -9.720486817884358e-01 
 6.309573444802040e+03  1.000845277921063e+00 -1.481429607408687e-04  9.015089227909717e-01 -1.369063944076454e-03  9.007586322530196e-01 -1.579614010902405e-03  1.011023192672126e+00  4.052176169269116e-02  9.017090463961491e-01  3.452756932735535e-02  6.556856405252054e-04  1.037050181626779e-02  6.556856299574365e-04  1.037050181852244e-02  6.556856389272059e-04  1.037050181660870e-02  6.556857023473639e-04  1.037050180309743e-02  1.004443260219098e+00 -2.752134328113138e-02  1.004443260219156e+00 -2.752134328113291e-02  1.004443260219156e+00 -2.752134328113292e-02  1.004443260219098e+00 -2.752134328113137e-02 -5.015269047534534e-01  3.133087500681719e-02 -5.015269047693915e-01  3.133087500979954e-02 -5.015269047558635e-01  3.133087500726812e-02 -5.015269046602147e-01  3.133087498939936e-02  4.049551302572398e+00  3.809751278656323e-01  4.049551302572632e+00  3.809751278656563e-01  4.049551302572633e+00  3.809751278656563e-01  4.049551302572397e+00  3.809751278656322e-01  3.149634408201361e+00 -8.693517760608482e-01  3.149634408201543e+00 -8.693517760608969e-01  3.149634408201544e+00 -8.693517760608971e-01  3.149634408201360e+00 -8.693517760608478e-01  3.109974737567567e+00 -9.925450416440526e-01  3.109974737567748e+00 -9.925450416441083e-01  3.109974737567748e+00 -9.925450416441085e-01  3.109974737567567e+00 -9.925450416440521e-01 
 6.493816315762225e+03  1.000895382597991e+00 -1.536737634580152e-04  9.015984014316630e-01 -1.411313081618248e-03  9.008035986416472e-01 -1.626897352518238e-03  1.011083891925483e+00  4.170564450369932e-02  9.018104854482860e-01  3.553695536107523e-02  6.938771564996005e-04  1.067586477076143e-02  6.938771462428606e-04  1.067586477292270e-02  6.938771553098300e-04  1.067586477101219e-02  6.938772189696296e-04  1.067586475761811e-02  1.004705832388138e+00 -2.835442888015671e-02  1.004705832388196e+00 -2.835442888015824e-02  1.004705832388196e+00 -2.835442888015828e-02  1.004705832388138e+00 -2.835442888015668e-02 -5.016180390611189e-01  3.226622238420281e-02 -5.016180390765898e-01  3.226622238704555e-02 -5.016180390629140e-01  3.226622238453264e-02 -5.016180389668949e-01  3.226622236691899e-02  4.052589603798854e+00  3.920177050274007e-01  4.052589603799087e+00  3.920177050274256e-01  4.052589603799089e+00  3.920177050274255e-01  4.052589603798853e+00  3.920177050274007e-01  3.132623043072396e+00 -8.870689668899164e-01  3.132623043072577e+00 -8.870689668899658e-01  3.132623043072578e+00 -8.870689668899663e-01  3.132623043072395e+00 -8.870689668899160e-01  3.090978189904931e+00 -1.013085290721658e+00  3.090978189905110e+00 -1.013085290721714e+00  3.090978189905111e+00 -1.013085290721715e+00  3.090978189904930e+00 -1.013085290721657e+00 
 6.683439175686261e+03  1.000948458677676e+00 -1.594752161071298e-04  9.016931909239300e-01 -1.455001895109447e-03  9.008512314881036e-01 -1.675666241002932e-03  1.011148196745153e+00  4.292415336376375e-02  9.019179566066183e-01  3.657592006076055e-02  7.343798951331970e-04  1.099029912844706e-02  7.343798797467271e-04  1.099029913165252e-02  7.343798993250106e-04  1.099029912757376e-02  7.343799527924633e-04  1.099029911645562e-02  1.004983879244350e+00 -2.921450886904992e-02  1.004983879244407e+00 -2.921450886905155e-02  1.004983879244407e+00 -2.921450886905161e-02  1.004983879244349e+00 -2.921450886904993e-02 -5.017144590067584e-01  3.323062453182888e-02 -5.017144590299687e-01  3.323062453602080e-02 -5.017144590004351e-01  3.323062453068686e-02 -5.017144589197816e-01  3.323062451615115e-02  4.055809230671207e+00  4.033755282170751e-01  4.055809230671443e+00  4.033755282171003e-01  4.055809230671442e+00  4.033755282171003e-01  4.055809230671207e+00  4.033755282170748e-01  3.114950936985680e+00 -9.047719438389520e-01  3.114950936985860e+00 -9.047719438390032e-01  3.114950936985860e+00 -9.047719438390031e-01  3.114950936985679e+00 -9.047719438389520e-01  3.071237874180541e+00 -1.033639952817601e+00  3.071237874180719e+00 -1.033639952817660e+00  3.071237874180719e+00 -1.033639952817660e+00  3.071237874180540e+00 -1.033639952817601e+00 
 6.878599123088195e+03  1.001004682586924e+00 -1.655651335393574e-04  9.017936071391909e-01 -1.500191158074385e-03  9.009016890857993e-01 -1.725973572814507e-03  1.011216322051069e+00  4.417830437036083e-02  9.020318200325663e-01  3.764533641540247e-02  7.773367592190938e-04  1.131408551244945e-02  7.773367494460226e-04  1.131408551446453e-02  7.773367691675248e-04  1.131408551039819e-02  7.773368227931288e-04  1.131408549936279e-02  1.005278307641538e+00 -3.010261418641926e-02  1.005278307641596e+00 -3.010261418642094e-02  1.005278307641596e+00 -3.010261418642095e-02  1.005278307641538e+00 -3.010261418641930e-02 -5.018164637693832e-01  3.422509094465893e-02 -5.018164637841273e-01  3.422509094727871e-02 -5.018164637543744e-01  3.422509094199214e-02 -5.018164636734737e-01  3.422509092764960e-02  4.059221097412148e+00  4.150571382258915e-01  4.059221097412382e+00  4.150571382259175e-01  4.059221097412383e+00  4.150571382259175e-01  4.059221097412147e+00  4.150571382258912e-01  3.096609948283428e+00 -9.224317616849655e-01  3.096609948283607e+00 -9.224317616850174e-01  3.096609948283608e+00 -9.224317616850176e-01  3.096609948283426e+00 -9.224317616849655e-01  3.050743813941803e+00 -1.054178005640394e+00  3.050743813941980e+00 -1.054178005640454e+00  3.050743813941981e+00 -1.054178005640454e+00  3.050743813941802e+00 -1.054178005640394e+00 
 7.079457843841503e+03  1.001064241164271e+00 -1.719627454805447e-04  9.018999846545599e-01 -1.546945120683130e-03  9.009551390661723e-01 -1.777874648020128e-03  1.011288495264919e+00  4.546914374146650e-02  9.021524573929299e-01  3.874610373114835e-02  8.228998570872226e-04  1.164751405347935e-02  8.228998378493335e-04  1.164751405740917e-02  8.228998577145541e-04  1.164751405335123e-02  8.228999114819890e-04  1.164751404239005e-02  1.005590076840852e+00 -3.101982811288058e-02  1.005590076840910e+00 -3.101982811288236e-02  1.005590076840910e+00 -3.101982811288233e-02  1.005590076840852e+00 -3.101982811288062e-02 -5.019243684759044e-01  3.525067517732566e-02 -5.019243685049306e-01  3.525067518240423e-02 -5.019243684749577e-01  3.525067517716009e-02 -5.019243683938336e-01  3.525067516299940e-02  4.062836787029104e+00  4.270712630031383e-01  4.062836787029338e+00  4.270712630031651e-01  4.062836787029338e+00  4.270712630031650e-01  4.062836787029104e+00  4.270712630031381e-01  3.077593629468511e+00 -9.400181181604322e-01  3.077593629468689e+00 -9.400181181604848e-01  3.077593629468688e+00 -9.400181181604846e-01  3.077593629468511e+00 -9.400181181604322e-01  3.029487833736621e+00 -1.074666952405123e+00  3.029487833736797e+00 -1.074666952405184e+00  3.029487833736796e+00 -1.074666952405184e+00  3.029487833736621e+00 -1.074666952405123e+00 
 7.286181745132405e+03  1.001127332142485e+00 -1.786888295239711e-04  9.020126776272450e-01 -1.595331772408094e-03  9.010117588305750e-01 -1.831427327612830e-03  1.011364957518329e+00  4.679774871601956e-02  9.022802728987542e-01  3.987914845642988e-02  8.712311400793094e-04  1.199088477784166e-02  8.712311224655100e-04  1.199088478141003e-02  8.712311319385990e-04  1.199088477949086e-02  8.712311963681163e-04  1.199088476646108e-02  1.005920201317223e+00 -3.196728986970672e-02  1.005920201317281e+00 -3.196728986970852e-02  1.005920201317281e+00 -3.196728986970848e-02  1.005920201317223e+00 -3.196728986970672e-02 -5.020385048567264e-01  3.630847747164217e-02 -5.020385048833058e-01  3.630847747622563e-02 -5.020385048690106e-01  3.630847747376050e-02 -5.020385047717875e-01  3.630847745702900e-02  4.066668593114168e+00  4.394268168957068e-01  4.066668593114403e+00  4.394268168957343e-01  4.066668593114403e+00  4.394268168957345e-01  4.066668593114168e+00  4.394268168957068e-01  3.057897394234403e+00 -9.574994369111155e-01  3.057897394234579e+00 -9.574994369111691e-01  3.057897394234579e+00 -9.574994369111691e-01  3.057897394234403e+00 -9.574994369111155e-01  3.007463738924723e+00 -1.095072913057205e+00  3.007463738924897e+00 -1.095072913057266e+00  3.007463738924897e+00 -1.095072913057266e+00  3.007463738924723e+00 -1.095072913057205e+00 
 7.498942093324690e+03  1.001194165520474e+00 -1.857658508850875e-04  9.021320622721550e-01 -1.645423147882647e-03  9.010717367824390e-01 -1.886692199880942e-03  1.011445964622719e+00  4.816522852998805e-02  9.024156961164190e-01  4.104542508251780e-02  9.225030901644504e-04  1.234450802614713e-02  9.225030797846423e-04  1.234450802823472e-02  9.225030893657560e-04  1.234450802630778e-02  9.225031539430995e-04  1.234450801334358e-02  1.006269754573951e+00 -3.294619854473505e-02  1.006269754574009e+00 -3.294619854473691e-02  1.006269754574009e+00 -3.294619854473688e-02  1.006269754573951e+00 -3.294619854473507e-02 -5.021592223425189e-01  3.739964761669352e-02 -5.021592223581839e-01  3.739964761935847e-02 -5.021592223437240e-01  3.739964761689860e-02 -5.021592222462647e-01  3.739964760035420e-02  4.070729568306632e+00  4.521328994977721e-01  4.070729568306867e+00  4.521328994978005e-01  4.070729568306867e+00  4.521328994978006e-01  4.070729568306631e+00  4.521328994977720e-01  3.037518686536146e+00 -9.748429704216595e-01  3.037518686536322e+00 -9.748429704217143e-01  3.037518686536322e+00 -9.748429704217142e-01  3.037518686536145e+00 -9.748429704216591e-01  2.984667497133549e+00 -1.115360737428435e+00  2.984667497133722e+00 -1.115360737428498e+00  2.984667497133722e+00 -1.115360737428498e+00  2.984667497133548e+00 -1.115360737428435e+00 
 7.717915155850260e+03  1.001264963271622e+00 -1.932180951337939e-04  9.022585363441107e-01 -1.697295590157621e-03  9.011352720620440e-01 -1.943732739287213e-03  1.011531787356462e+00  4.957272536828683e-02  9.025591814879431e-01  4.224591701345318e-02  9.768994594752667e-04  1.270870487228929e-02  9.768994454335544e-04  1.270870487509572e-02  9.768994551253574e-04  1.270870487315866e-02  9.768995198346508e-04  1.270870486024997e-02  1.006639871405941e+00 -3.395781727383962e-02  1.006639871405999e+00 -3.395781727384155e-02  1.006639871405999e+00 -3.395781727384151e-02  1.006639871405940e+00 -3.395781727383961e-02 -5.022868883194520e-01  3.852538795580333e-02 -5.022868883406464e-01  3.852538795936357e-02 -5.022868883260175e-01  3.852538795690622e-02 -5.022868882283452e-01  3.852538794053584e-02  4.075033568789899e+00  4.651987930974702e-01  4.075033568790134e+00  4.651987930974993e-01  4.075033568790135e+00  4.651987930974996e-01  4.075033568789899e+00  4.651987930974701e-01  3.016457141521250e+00 -9.920149209779645e-01  3.016457141521424e+00 -9.920149209780205e-01  3.016457141521425e+00 -9.920149209780205e-01  3.016457141521249e+00 -9.920149209779645e-01  2.961097411087016e+00 -1.135494138103500e+00  2.961097411087187e+00 -1.135494138103565e+00  2.961097411087187e+00 -1.135494138103565e+00  2.961097411087015e+00 -1.135494138103500e+00 
 7.943282347242955e+03  1.001339960797091e+00 -2.010718450271841e-04  9.023925217654991e-01 -1.751030117459754e-03  9.012025758514818e-01 -2.002615509562241e-03  1.011622713037183e+00  5.102141539095668e-02  9.027112113245866e-01  4.348163752216224e-02  1.034616070314631e-03  1.308380758574408e-02  1.034616056565185e-03  1.308380758847770e-02  1.034616066372007e-03  1.308380758652796e-02  1.034616131196209e-03  1.308380757366500e-02  1.007031752037699e+00 -3.500347786552657e-02  1.007031752037757e+00 -3.500347786552852e-02  1.007031752037757e+00 -3.500347786552851e-02  1.007031752037699e+00 -3.500347786552657e-02 -5.024218892449654e-01  3.968695670914614e-02 -5.024218892657225e-01  3.968695671259212e-02 -5.024218892509175e-01  3.968695671013429e-02 -5.024218891530570e-01  3.968695669392530e-02  4.079595308926278e+00  4.786339598702118e-01  4.079595308926515e+00  4.786339598702422e-01  4.079595308926515e+00  4.786339598702420e-01  4.079595308926278e+00  4.786339598702118e-01  2.994714746437153e+00 -1.008980583600505e+00  2.994714746437328e+00 -1.008980583600561e+00  2.994714746437328e+00 -1.008980583600561e+00  2.994714746437153e+00 -1.008980583600505e+00  2.936754290498428e+00 -1.155435847436031e+00  2.936754290498599e+00 -1.155435847436096e+00  2.936754290498599e+00 -1.155435847436096e+00  2.936754290498428e+00 -1.155435847436031e+00 
 8.175230379436645e+03  1.001419407643513e+00 -2.093555491685715e-04  9.025344659304178e-01 -1.806712776257426e-03  9.012738720173559e-01 -2.063410360016487e-03  1.011719046212259e+00  5.251250978578720e-02  9.028722973521457e-01  4.475363072674752e-02  1.095861678141685e-03  1.347016010813524e-02  1.095861661956521e-03  1.347016011133944e-02  1.095861671881915e-03  1.347016010937452e-02  1.095861736805592e-03  1.347016009654748e-02  1.007446665647570e+00 -3.608458577616402e-02  1.007446665647628e+00 -3.608458577616596e-02  1.007446665647628e+00 -3.608458577616602e-02  1.007446665647570e+00 -3.608458577616400e-02 -5.025646313759004e-01  4.088567151865224e-02 -5.025646314003381e-01  4.088567152266571e-02 -5.025646313853519e-01  4.088567152020455e-02 -5.025646312873254e-01  4.088567150414432e-02  4.084430416554080e+00  4.924480377333477e-01  4.084430416554317e+00  4.924480377333793e-01  4.084430416554317e+00  4.924480377333790e-01  4.084430416554079e+00  4.924480377333475e-01  2.972295991689046e+00 -1.025704508914907e+00  2.972295991689220e+00 -1.025704508914965e+00  2.972295991689219e+00 -1.025704508914965e+00  2.972295991689045e+00 -1.025704508914907e+00  2.911641613048787e+00 -1.175147796373655e+00  2.911641613048957e+00 -1.175147796373722e+00  2.911641613048956e+00 -1.175147796373721e+00  2.911641613048785e+00 -1.175147796373654e+00 
 8.413951416452101e+03  1.001503568054601e+00 -2.181000167871755e-04  9.026848427120256e-01 -1.864435027371274e-03  9.013493976037076e-01 -2.126190646856742e-03  1.011821109840448e+00  5.404725583179138e-02  9.030429819406532e-01  4.606297258232842e-02  1.160858904137252e-03  1.386811855138149e-02  1.160858886328942e-03  1.386811855489553e-02  1.160858907079010e-03  1.386811855080105e-02  1.160858961384681e-03  1.386811854011196e-02  1.007885953852524e+00 -3.720262551666067e-02  1.007885953852582e+00 -3.720262551666272e-02  1.007885953852582e+00 -3.720262551666275e-02  1.007885953852523e+00 -3.720262551666067e-02 -5.027155413870387e-01  4.212291327045513e-02 -5.027155414139322e-01  4.212291327482839e-02 -5.027155413825961e-01  4.212291326973279e-02 -5.027155413005875e-01  4.212291325643697e-02  4.089555491075112e+00  5.066508349313181e-01  4.089555491075350e+00  5.066508349313501e-01  4.089555491075348e+00  5.066508349313499e-01  4.089555491075110e+00  5.066508349313179e-01  2.949208010932157e+00 -1.042150686295137e+00  2.949208010932329e+00 -1.042150686295195e+00  2.949208010932328e+00 -1.042150686295195e+00  2.949208010932155e+00 -1.042150686295136e+00  2.885765673032673e+00 -1.194591315467869e+00  2.885765673032842e+00 -1.194591315467937e+00  2.885765673032841e+00 -1.194591315467936e+00  2.885765673032672e+00 -1.194591315467869e+00 
 8.659643233600807e+03  1.001592721857572e+00 -2.273386082045564e-04  9.028441540749313e-01 -1.924294155152397e-03  9.014294036260317e-01 -2.191033453131163e-03  1.011929245731251e+00  5.562693803902965e-02  9.032238400111601e-01  4.741077194478852e-02  1.229845244002770e-03  1.427805172543533e-02  1.229845228541249e-03  1.427805172847930e-02  1.229845249447636e-03  1.427805172436341e-02  1.229845303793775e-03  1.427805171369172e-02  1.008351034658968e+00 -3.835916652060123e-02  1.008351034659026e+00 -3.835916652060348e-02  1.008351034659026e+00 -3.835916652060342e-02  1.008351034658968e+00 -3.835916652060123e-02 -5.028750671238132e-01  4.340013022615832e-02 -5.028750671471670e-01  4.340013022992206e-02 -5.028750671155894e-01  4.340013022483295e-02 -5.028750670335044e-01  4.340013021164519e-02  4.094988166975460e+00  5.212523234526945e-01  4.094988166975698e+00  5.212523234527268e-01  4.094988166975697e+00  5.212523234527270e-01  4.094988166975459e+00  5.212523234526942e-01  2.925460709197141e+00 -1.058282747487812e+00  2.925460709197311e+00 -1.058282747487872e+00  2.925460709197311e+00 -1.058282747487872e+00  2.925460709197140e+00 -1.058282747487812e+00  2.859135716338214e+00 -1.213727358308262e+00  2.859135716338380e+00 -1.213727358308331e+00  2.859135716338380e+00 -1.213727358308331e+00  2.859135716338213e+00 -1.213727358308262e+00 
 8.912509381337613e+03  1.001687165756215e+00 -2.371074981366577e-04  9.030129324245756e-01 -1.986393775428642e-03  9.015141562308135e-01 -2.258019877103903e-03  1.012043817018917e+00  5.725287928166074e-02  9.034154817703030e-01  4.879817164728309e-02  1.303074161414342e-03  1.470034169862711e-02  1.303074144251182e-03  1.470034170200165e-02  1.303074154560935e-03  1.470034169997460e-02  1.303074219690781e-03  1.470034168719764e-02  1.008843406951379e+00 -3.955586959755965e-02  1.008843406951437e+00 -3.955586959756187e-02  1.008843406951437e+00 -3.955586959756190e-02  1.008843406951379e+00 -3.955586959755968e-02 -5.030436785130654e-01  4.471884253297931e-02 -5.030436785389942e-01  4.471884253712462e-02 -5.030436785234189e-01  4.471884253463458e-02 -5.030436784250265e-01  4.471884251894703e-02  4.100747183224994e+00  5.362626309079991e-01  4.100747183225231e+00  5.362626309080328e-01  4.100747183225231e+00  5.362626309080328e-01  4.100747183224994e+00  5.362626309079990e-01  2.901066876236117e+00 -1.074064190193563e+00  2.901066876236285e+00 -1.074064190193623e+00  2.901066876236285e+00 -1.074064190193623e+00  2.901066876236116e+00 -1.074064190193563e+00  2.831764058624916e+00 -1.232516746771708e+00  2.831764058625080e+00 -1.232516746771777e+00  2.831764058625080e+00 -1.232516746771777e+00  2.831764058624916e+00 -1.232516746771708e+00 
 9.172759353897960e+03  1.001787213972553e+00 -2.474458858500023e-04  9.031917417843323e-01 -2.050844293658640e-03  9.016039372686024e-01 -2.327235273724539e-03  1.012165208033022e+00  5.892644202200197e-02  9.036185541649056e-01  5.022634964711581e-02  1.380816270924345e-03  1.513538437637027e-02  1.380816250216355e-03  1.513538438044035e-02  1.380816271447816e-03  1.513538437626739e-02  1.380816325834255e-03  1.513538436560748e-02  1.009364654458381e+00 -4.079449385314030e-02  1.009364654458439e+00 -4.079449385314261e-02  1.009364654458439e+00 -4.079449385314261e-02  1.009364654458381e+00 -4.079449385314030e-02 -5.032218680949521e-01  4.608064703265441e-02 -5.032218681262431e-01  4.608064703762149e-02 -5.032218680941610e-01  4.608064703252886e-02 -5.032218680119821e-01  4.608064701952788e-02  4.106852454531811e+00  5.516920306234419e-01  4.106852454532049e+00  5.516920306234767e-01  4.106852454532048e+00  5.516920306234764e-01  4.106852454531811e+00  5.516920306234419e-01  2.876042279357835e+00 -1.089458618980396e+00  2.876042279358002e+00 -1.089458618980457e+00  2.876042279358002e+00 -1.089458618980457e+00  2.876042279357835e+00 -1.089458618980396e+00  2.803666180745526e+00 -1.250920435172533e+00  2.803666180745689e+00 -1.250920435172604e+00  2.803666180745688e+00 -1.250920435172604e+00  2.803666180745526e+00 -1.250920435172533e+00 
 9.440608762859403e+03  1.001893199727053e+00 -2.583963077892510e-04  9.033811804894283e-01 -2.117763507421139e-03  9.016990456212032e-01 -2.398769592310384e-03  1.012293827057713e+00  6.064902952328389e-02  9.038337440278386e-01  5.169652019019728e-02  1.463360623236210e-03  1.558359012112363e-02  1.463360609668840e-03  1.558359012379181e-02  1.463360620263032e-03  1.558359012170833e-02  1.463360685456772e-03  1.558359010891757e-02  1.009916450688223e+00 -4.207690434372119e-02  1.009916450688281e+00 -4.207690434372355e-02  1.009916450688281e+00 -4.207690434372358e-02  1.009916450688223e+00 -4.207690434372116e-02 -5.034101519036991e-01  4.748722254583691e-02 -5.034101519242047e-01  4.748722254907181e-02 -5.034101519081925e-01  4.748722254654578e-02 -5.034101518096616e-01  4.748722253104696e-02  4.113325151155119e+00  5.675509297923593e-01  4.113325151155357e+00  5.675509297923952e-01  4.113325151155357e+00  5.675509297923952e-01  4.113325151155118e+00  5.675509297923593e-01  2.850405737313046e+00 -1.104430004072836e+00  2.850405737313213e+00 -1.104430004072898e+00  2.850405737313213e+00 -1.104430004072898e+00  2.850405737313046e+00 -1.104430004072835e+00  2.774860802539150e+00 -1.268899793902759e+00  2.774860802539312e+00 -1.268899793902830e+00  2.774860802539312e+00 -1.268899793902830e+00  2.774860802539150e+00 -1.268899793902758e+00 
 9.716279515771237e+03  1.002005475719573e+00 -2.700048922530273e-04  9.035818820821923e-01 -2.187277144184047e-03  9.017997976292675e-01 -2.472717662445894e-03  1.012430106348555e+00  6.242208714379581e-02  9.040617792565625e-01  5.320993503416459e-02  1.551016097598557e-03  1.604538438668715e-02  1.551016081466017e-03  1.604538438986474e-02  1.551016092211532e-03  1.604538438774823e-02  1.551016157415763e-03  1.604538437493649e-02  1.010500562987028e+00 -4.340508028733503e-02  1.010500562987086e+00 -4.340508028733753e-02  1.010500562987086e+00 -4.340508028733747e-02  1.010500562987027e+00 -4.340508028733500e-02 -5.036090697668189e-01  4.894033550109750e-02 -5.036090697912071e-01  4.894033550492483e-02 -5.036090697749626e-01  4.894033550237555e-02 -5.036090696763924e-01  4.894033548695341e-02  4.120187779830521e+00  5.838498551592907e-01  4.120187779830761e+00  5.838498551593273e-01  4.120187779830759e+00  5.838498551593274e-01  4.120187779830520e+00  5.838498551592903e-01  2.824179167362019e+00 -1.118942953461401e+00  2.824179167362185e+00 -1.118942953461465e+00  2.824179167362183e+00 -1.118942953461464e+00  2.824179167362018e+00 -1.118942953461401e+00  2.745369926990143e+00 -1.286416907496672e+00  2.745369926990305e+00 -1.286416907496746e+00  2.745369926990304e+00 -1.286416907496745e+00  2.745369926990143e+00 -1.286416907496672e+00 
 1.000000000000018e+04  1.002124415812091e+00 -2.823217056089354e-04  9.037945183794802e-01 -2.259519552446637e-03  9.019065286008736e-01 -2.549179567368262e-03  1.012574504419119e+00  6.424710366442829e-02  9.043034324081209e-01  5.476788473044575e-02  1.644112917467855e-03  1.652120840188731e-02  1.644112900482941e-03  1.652120840524110e-02  1.644112911387441e-03  1.652120840308798e-02  1.644112976587397e-03  1.652120839024620e-02  1.011118857926470e+00 -4.478112413400260e-02  1.011118857926529e+00 -4.478112413400512e-02  1.011118857926529e+00 -4.478112413400510e-02  1.011118857926470e+00 -4.478112413400257e-02 -5.038191861034975e-01  5.044184612453893e-02 -5.038191861291808e-01  5.044184612855212e-02 -5.038191861126917e-01  5.044184612597568e-02 -5.038191860141034e-01  5.044184611061889e-02  4.127464275383927e+00  6.005994365019657e-01  4.127464275384166e+00  6.005994365020034e-01  4.127464275384164e+00  6.005994365020034e-01  4.127464275383924e+00  6.005994365019653e-01  2.797387609332155e+00 -1.132962998760576e+00  2.797387609332318e+00 -1.132962998760640e+00  2.797387609332316e+00 -1.132962998760640e+00  2.797387609332153e+00 -1.132962998760576e+00  2.715218858098648e+00 -1.303434887621641e+00  2.715218858098806e+00 -1.303434887621715e+00  2.715218858098805e+00 -1.303434887621714e+00  2.715218858098646e+00 -1.303434887621640e+00 
 1.029200527194447e+04  1.002250416002530e+00 -2.954010971719315e-04  9.040198012672597e-01 -2.334634394363774e-03  9.020195936816113e-01 -2.628261017419351e-03  1.012727507397555e+00  6.612561265433807e-02  9.045595229131023e-01  5.637169993924495e-02  1.743004297211526e-03  1.701151987455833e-02  1.743004281121618e-03  1.701151987774618e-02  1.743004292193373e-03  1.701151987555258e-02  1.743004357374400e-03  1.701151986267176e-02  1.011773306091999e+00 -4.620727139794135e-02  1.011773306092058e+00 -4.620727139794401e-02  1.011773306092058e+00 -4.620727139794401e-02  1.011773306091999e+00 -4.620727139794129e-02 -5.040410902457417e-01  5.199371509707299e-02 -5.040410902700780e-01  5.199371510086278e-02 -5.040410902533319e-01  5.199371509825498e-02 -5.040410901547457e-01  5.199371508295234e-02  4.135180095764714e+00  6.178103868504492e-01  4.135180095764954e+00  6.178103868504878e-01  4.135180095764952e+00  6.178103868504879e-01  4.135180095764711e+00  6.178103868504495e-01  2.770059219212488e+00 -1.146456889741918e+00  2.770059219212650e+00 -1.146456889741983e+00  2.770059219212649e+00 -1.146456889741982e+00  2.770059219212486e+00 -1.146456889741916e+00  2.684436184899049e+00 -1.319918195312007e+00  2.684436184899206e+00 -1.319918195312082e+00  2.684436184899205e+00 -1.319918195312082e+00  2.684436184899047e+00 -1.319918195312005e+00 
 1.059253725177308e+04  1.002383896396703e+00 -3.093021172639874e-04  9.042584863017146e-01 -2.412775476912500e-03  9.021393696223031e-01 -2.710073794593541e-03  1.012889631682053e+00  6.805919389612188e-02  9.048309213077507e-01  5.802275282338118e-02  1.848068237088940e-03  1.751679374470940e-02  1.848068223031629e-03  1.751679374750656e-02  1.848068223382848e-03  1.751679374743671e-02  1.848068299426908e-03  1.751679373233962e-02  1.012465987981060e+00 -4.768590147573562e-02  1.012465987981118e+00 -4.768590147573828e-02  1.012465987981118e+00 -4.768590147573837e-02  1.012465987981060e+00 -4.768590147573562e-02 -5.042753971126943e-01  5.359801084648158e-02 -5.042753971339623e-01  5.359801084978537e-02 -5.042753971334311e-01  5.359801084970292e-02 -5.042753970183820e-01  5.359801083188229e-02  4.143362327884624e+00  6.354934797874158e-01  4.143362327884865e+00  6.354934797874561e-01  4.143362327884864e+00  6.354934797874556e-01  4.143362327884624e+00  6.354934797874160e-01  2.742225235140472e+00 -1.159392896373469e+00  2.742225235140633e+00 -1.159392896373535e+00  2.742225235140632e+00 -1.159392896373534e+00  2.742225235140472e+00 -1.159392896373469e+00  2.653053734114874e+00 -1.335832971196043e+00  2.653053734115030e+00 -1.335832971196119e+00  2.653053734115029e+00 -1.335832971196118e+00  2.653053734114874e+00 -1.335832971196043e+00 
 1.090184492385148e+04  1.002525301487960e+00 -3.240888689030521e-04  9.045113732637799e-01 -2.494107487687325e-03  9.022662550232341e-01 -2.794736136506119e-03  1.013061423728401e+00  7.004947486855025e-02  9.051185501311768e-01  5.972245847286303e-02  1.959709473933147e-03  1.803752294031776e-02  1.959709461746562e-03  1.803752294275537e-02  1.959709484093075e-03  1.803752293828561e-02  1.959709538278620e-03  1.803752292748280e-02  1.013199098289552e+00 -4.921954927426802e-02  1.013199098289610e+00 -4.921954927427079e-02  1.013199098289610e+00 -4.921954927427079e-02  1.013199098289551e+00 -4.921954927426796e-02 -5.045227468649586e-01  5.525691731359118e-02 -5.045227468834019e-01  5.525691731645182e-02 -5.045227468495825e-01  5.525691731120641e-02 -5.045227467675799e-01  5.525691729854054e-02  4.152039793650689e+00  6.536595223124801e-01  4.152039793650929e+00  6.536595223125213e-01  4.152039793650928e+00  6.536595223125212e-01  4.152039793650687e+00  6.536595223124800e-01  2.713919907112803e+00 -1.171741111420960e+00  2.713919907112961e+00 -1.171741111421026e+00  2.713919907112961e+00 -1.171741111421026e+00  2.713919907112802e+00 -1.171741111420959e+00  2.621106482842241e+00 -1.351147365929486e+00  2.621106482842395e+00 -1.351147365929562e+00  2.621106482842394e+00 -1.351147365929562e+00  2.621106482842240e+00 -1.351147365929485e+00 
 1.122018454301984e+04  1.002675102648971e+00 -3.398310374361543e-04  9.047793107134747e-01 -2.578807021491216e-03  9.024006725682681e-01 -2.882373289028559e-03  1.013243464047805e+00  7.209813225448451e-02  9.054233892697068e-01  6.147227640724387e-02  2.078361615302504e-03  1.857421920403322e-02  2.078361602790013e-03  1.857421920655130e-02  2.078361614414270e-03  1.857421920421196e-02  2.078361679453966e-03  1.857421919115976e-02  1.013974952498701e+00 -5.081091817143186e-02  1.013974952498759e+00 -5.081091817143474e-02  1.013974952498759e+00 -5.081091817143472e-02  1.013974952498700e+00 -5.081091817143186e-02 -5.047838054559520e-01  5.697274257785882e-02 -5.047838054748948e-01  5.697274258079506e-02 -5.047838054572966e-01  5.697274257806725e-02 -5.047838053588359e-01  5.697274256285986e-02  4.161243173239487e+00  6.723193240720404e-01  4.161243173239729e+00  6.723193240720832e-01  4.161243173239729e+00  6.723193240720833e-01  4.161243173239485e+00  6.723193240720405e-01  2.685180400131810e+00 -1.183473755088195e+00  2.685180400131968e+00 -1.183473755088262e+00  2.685180400131968e+00 -1.183473755088262e+00  2.685180400131809e+00 -1.183473755088194e+00  2.588632440445041e+00 -1.365831872546655e+00  2.588632440445193e+00 -1.365831872546733e+00  2.588632440445193e+00 -1.365831872546732e+00  2.588632440445040e+00 -1.365831872546654e+00 
 1.154781984689480e+04  1.002833799297257e+00 -3.566043494108255e-04  9.050631981590271e-01 -2.667063530123201e-03  9.025430700647957e-01 -2.973117995690316e-03  1.013436368017459e+00  7.420689354845572e-02  9.057464787012151e-01  6.327371214923665e-02  2.204489464406101e-03  1.912741392849916e-02  2.204489446554325e-03  1.912741393211685e-02  2.204489458382253e-03  1.912741392971988e-02  2.204489523345399e-03  1.912741391659281e-02  1.014795992183431e+00 -5.246289399570499e-02  1.014795992183490e+00 -5.246289399570799e-02  1.014795992183490e+00 -5.246289399570799e-02  1.014795992183431e+00 -5.246289399570502e-02 -5.050592642781716e-01  5.874792808774652e-02 -5.050592643052064e-01  5.874792809193839e-02 -5.050592642872943e-01  5.874792808916100e-02 -5.050592641889163e-01  5.874792807396341e-02  4.171005131060522e+00  6.914836613835076e-01  4.171005131060764e+00  6.914836613835517e-01  4.171005131060763e+00  6.914836613835516e-01  4.171005131060521e+00  6.914836613835075e-01  2.656046660703210e+00 -1.194565472757835e+00  2.656046660703365e+00 -1.194565472757902e+00  2.656046660703365e+00 -1.194565472757902e+00  2.656046660703209e+00 -1.194565472757835e+00  2.555672489839526e+00 -1.379859650739385e+00  2.555672489839676e+00 -1.379859650739463e+00  2.555672489839675e+00 -1.379859650739463e+00  2.555672489839525e+00 -1.379859650739385e+00 
 1.188502227437041e+04  1.003001920651857e+00 -3.744911431080687e-04  9.053639893039918e-01 -2.759080443960854e-03  9.026939220146768e-01 -3.067111092767227e-03  1.013640788710628e+00  7.637753867630416e-02  9.060889224706442e-01  6.512831884018112e-02  2.338591562882963e-03  1.969765903262485e-02  2.338591541998225e-03  1.969765903689043e-02  2.338591554041314e-03  1.969765903443074e-02  2.338591618912367e-03  1.969765902122014e-02  1.015664790939643e+00 -5.417856042093713e-02  1.015664790939701e+00 -5.417856042094021e-02  1.015664790939701e+00 -5.417856042094016e-02  1.015664790939643e+00 -5.417856042093711e-02 -5.053498398133141e-01  6.058505875873121e-02 -5.053498398449535e-01  6.058505876364305e-02 -5.053498398267087e-01  6.058505876081074e-02 -5.053498397284349e-01  6.058505874561222e-02  4.181360453655915e+00  7.111632356293096e-01  4.181360453656157e+00  7.111632356293545e-01  4.181360453656156e+00  7.111632356293542e-01  4.181360453655914e+00  7.111632356293095e-01  2.626561252208178e+00 -1.204993624750111e+00  2.626561252208331e+00 -1.204993624750179e+00  2.626561252208331e+00 -1.204993624750179e+00  2.626561252208178e+00 -1.204993624750111e+00  2.522270193428954e+00 -1.393206841841490e+00  2.522270193429101e+00 -1.393206841841568e+00  2.522270193429100e+00 -1.393206841841568e+00  2.522270193428953e+00 -1.393206841841489e+00 
 1.223207119049954e+04  1.003180027593821e+00 -3.935809539872883e-04  9.056826954918817e-01 -2.855076362891959e-03  9.028537312777339e-01 -3.164502122135397e-03  1.013857418863627e+00  7.861190172052393e-02  9.064518929247192e-01  6.703769896004606e-02  2.481202971315821e-03  2.028552786892238e-02  2.481202956207129e-03  2.028552787203512e-02  2.481202957486661e-03  2.028552787177147e-02  2.481203033241008e-03  2.028552785620450e-02  1.016584060412156e+00 -5.596121577998713e-02  1.016584060412214e+00 -5.596121577999035e-02  1.016584060412214e+00 -5.596121577999032e-02  1.016584060412156e+00 -5.596121577998716e-02 -5.056562729970596e-01  6.248687393458414e-02 -5.056562730199573e-01  6.248687393814648e-02 -5.056562730180179e-01  6.248687393784475e-02 -5.056562729032129e-01  6.248687392004346e-02  4.192346197853409e+00  7.313686254944848e-01  4.192346197853651e+00  7.313686254945309e-01  4.192346197853650e+00  7.313686254945307e-01  4.192346197853409e+00  7.313686254944847e-01  2.596769158530987e+00 -1.214738562993787e+00  2.596769158531138e+00 -1.214738562993855e+00  2.596769158531137e+00 -1.214738562993855e+00  2.596769158530987e+00 -1.214738562993787e+00  2.488471563148142e+00 -1.405852868850222e+00  2.488471563148287e+00 -1.405852868850301e+00  2.488471563148287e+00 -1.405852868850301e+00  2.488471563148142e+00 -1.405852868850222e+00 
 1.258925411794191e+04  1.003368714278973e+00 -4.139711702701509e-04  9.060203887175902e-01 -2.955286353712800e-03  9.030230305111778e-01 -3.265450010868636e-03  1.014086993432221e+00  8.091187266397215e-02  9.068366345189401e-01  6.900350608095715e-02  2.632898312654341e-03  2.089161615151847e-02  2.632898295740593e-03  2.089161615503647e-02  2.632898308248921e-03  2.089161615243481e-02  2.632898372891157e-03  2.089161613903116e-02  1.017556656022442e+00 -5.781439147759965e-02  1.017556656022501e+00 -5.781439147760293e-02  1.017556656022500e+00 -5.781439147760293e-02  1.017556656022441e+00 -5.781439147759965e-02 -5.059793280591365e-01  6.445627929662463e-02 -5.059793280847805e-01  6.445627930062654e-02 -5.059793280658159e-01  6.445627929766701e-02 -5.059793279678120e-01  6.445627928243471e-02  4.204001848694207e+00  7.521102316396213e-01  4.204001848694450e+00  7.521102316396688e-01  4.204001848694450e+00  7.521102316396689e-01  4.204001848694205e+00  7.521102316396211e-01  2.566717556441257e+00 -1.223783890410030e+00  2.566717556441407e+00 -1.223783890410099e+00  2.566717556441407e+00 -1.223783890410099e+00  2.566717556441256e+00 -1.223783890410030e+00  2.454324795203020e+00 -1.417780716735558e+00  2.454324795203164e+00 -1.417780716735638e+00  2.454324795203164e+00 -1.417780716735638e+00  2.454324795203019e+00 -1.417780716735557e+00 
 1.295686697517044e+04  1.003568610576965e+00 -4.357677570529657e-04  9.063782061439150e-01 -3.059963411051695e-03  9.032023843514601e-01 -3.370123819417594e-03  1.014330292464650e+00  8.327939924674088e-02  9.072444693392435e-01  7.102744674905258e-02  2.794295109311506e-03  2.151654292352635e-02  2.794295087590826e-03  2.151654292809104e-02  2.794295100351452e-03  2.151654292540931e-02  2.794295164855354e-03  2.151654291189639e-02  1.018585583434323e+00 -5.974187221608757e-02  1.018585583434382e+00 -5.974187221609096e-02  1.018585583434382e+00 -5.974187221609093e-02  1.018585583434323e+00 -5.974187221608754e-02 -5.063197913118167e-01  6.649635987321632e-02 -5.063197913447625e-01  6.649635987837824e-02 -5.063197913254074e-01  6.649635987534565e-02 -5.063197912275712e-01  6.649635986008065e-02  4.216369492436498e+00  7.733982136192933e-01  4.216369492436743e+00  7.733982136193420e-01  4.216369492436744e+00  7.733982136193420e-01  4.216369492436495e+00  7.733982136192931e-01  2.536455561500448e+00 -1.232116700455545e+00  2.536455561500596e+00 -1.232116700455615e+00  2.536455561500597e+00 -1.232116700455615e+00  2.536455561500446e+00 -1.232116700455544e+00  2.419879974279257e+00 -1.428977190212284e+00  2.419879974279399e+00 -1.428977190212366e+00  2.419879974279399e+00 -1.428977190212366e+00  2.419879974279255e+00 -1.428977190212283e+00 
 1.333521432163349e+04  1.003780383993087e+00 -4.590860370395755e-04  9.067573537017054e-01 -3.169380011915474e-03  9.033923911293139e-01 -3.478703544298853e-03  1.014588143911544e+00  8.571648885624196e-02  9.076768016741484e-01  7.311128240898060e-02  2.966057441480818e-03  2.216095153095618e-02  2.966057426567303e-03  2.216095153412547e-02  2.966057439595160e-03  2.216095153135691e-02  2.966057503943798e-03  2.216095151772645e-02  1.019674004336529e+00 -6.174771812300416e-02  1.019674004336588e+00 -6.174771812300760e-02  1.019674004336588e+00 -6.174771812300760e-02  1.019674004336529e+00 -6.174771812300416e-02 -5.066784691321083e-01  6.861039415371843e-02 -5.066784691547394e-01  6.861039415728161e-02 -5.066784691349697e-01  6.861039415416900e-02 -5.066784690373248e-01  6.861039413886107e-02  4.229493999968011e+00  7.952424170039497e-01  4.229493999968255e+00  7.952424170040000e-01  4.229493999968255e+00  7.952424170040002e-01  4.229493999968012e+00  7.952424170039502e-01  2.506033946582266e+00 -1.239727791658491e+00  2.506033946582413e+00 -1.239727791658560e+00  2.506033946582413e+00 -1.239727791658560e+00  2.506033946582267e+00 -1.239727791658491e+00  2.385188746620665e+00 -1.439433143099479e+00  2.385188746620805e+00 -1.439433143099560e+00  2.385188746620805e+00 -1.439433143099560e+00  2.385188746620666e+00 -1.439433143099480e+00 
 1.372460961007588e+04  1.004004741720823e+00 -4.840515280203768e-04  9.071591099435569e-01 -3.283829800231201e-03  9.035936847010281e-01 -3.591380977426301e-03  1.014861426269344e+00  8.822521050748350e-02  9.081351229334493e-01  7.525683142789535e-02  3.148899963517748e-03  2.282551061207452e-02  3.148899947459372e-03  2.282551061552810e-02  3.148899949711237e-03  2.282551061504381e-02  3.148900024945556e-03  2.282551059890923e-02  1.020825242265810e+00 -6.383628902577328e-02  1.020825242265869e+00 -6.383628902577686e-02  1.020825242265869e+00 -6.383628902577694e-02  1.020825242265810e+00 -6.383628902577328e-02 -5.070561854429018e-01  7.080186946205043e-02 -5.070561854672820e-01  7.080186946591133e-02 -5.070561854638632e-01  7.080186946536990e-02 -5.070561853496438e-01  7.080186944734988e-02  4.243423225272783e+00  8.176522898236510e-01  4.243423225273030e+00  8.176522898237025e-01  4.243423225273030e+00  8.176522898237024e-01  4.243423225272782e+00  8.176522898236506e-01  2.475504838311389e+00 -1.246611855169420e+00  2.475504838311534e+00 -1.246611855169490e+00  2.475504838311535e+00 -1.246611855169491e+00  2.475504838311389e+00 -1.246611855169419e+00  2.350303967397768e+00 -1.449143677011676e+00  2.350303967397906e+00 -1.449143677011759e+00  2.350303967397906e+00 -1.449143677011759e+00  2.350303967397767e+00 -1.449143677011676e+00 
 1.412537544622781e+04  1.004242433614344e+00 -5.108008892821831e-04  9.075848315795232e-01 -3.403629501505340e-03  9.038069371059388e-01 -3.708360671982347e-03  1.015151072100847e+00  9.080769693310976e-02  9.086210185012561e-01  7.746597125460636e-02  3.343592317440469e-03  2.351091509334061e-02  3.343592304660359e-03  2.351091509612434e-02  3.343592329341838e-03  2.351091509074833e-02  3.343592382255067e-03  2.351091507926983e-02  1.022042788317584e+00 -6.601227109096222e-02  1.022042788317643e+00 -6.601227109096591e-02  1.022042788317643e+00 -6.601227109096600e-02  1.022042788317584e+00 -6.601227109096228e-02 -5.074537785550894e-01  7.307449870348456e-02 -5.074537785745025e-01  7.307449870657950e-02 -5.074537785370112e-01  7.307449870060255e-02 -5.074537784566394e-01  7.307449868785916e-02  4.258208218752906e+00  8.406367869954214e-01  4.258208218753153e+00  8.406367869954746e-01  4.258208218753156e+00  8.406367869954746e-01  4.258208218752908e+00  8.406367869954217e-01  2.444921394381200e+00 -1.252767632141105e+00  2.444921394381343e+00 -1.252767632141176e+00  2.444921394381344e+00 -1.252767632141177e+00  2.444921394381201e+00 -1.252767632141106e+00  2.315279325626717e+00 -1.458108305751565e+00  2.315279325626854e+00 -1.458108305751648e+00  2.315279325626855e+00 -1.458108305751649e+00  2.315279325626719e+00 -1.458108305751566e+00 
 1.453784385607689e+04  1.004494254026688e+00 -5.394829509909002e-04  9.080359569900419e-01 -3.529120940033878e-03  9.040328602012196e-01 -3.829860985554357e-03  1.015458071683056e+00  9.346614664814072e-02  9.091361724439087e-01  7.974064056753466e-02  3.550963988619205e-03  2.421788718067472e-02  3.550963972573096e-03  2.421788718421743e-02  3.550963997586032e-03  2.421788717869508e-02  3.550964050275829e-03  2.421788716711076e-02  1.023330306711296e+00 -6.828070614884206e-02  1.023330306711355e+00 -6.828070614884595e-02  1.023330306711355e+00 -6.828070614884595e-02  1.023330306711296e+00 -6.828070614884217e-02 -5.078720972825658e-01  7.543223864848346e-02 -5.078720973069533e-01  7.543223865240116e-02 -5.078720972689376e-01  7.543223864629435e-02 -5.078720971888616e-01  7.543223863350304e-02  4.273903459059222e+00  8.642042604018927e-01  4.273903459059471e+00  8.642042604019474e-01  4.273903459059468e+00  8.642042604019469e-01  4.273903459059222e+00  8.642042604018924e-01  2.414337466621686e+00 -1.258198040139329e+00  2.414337466621829e+00 -1.258198040139401e+00  2.414337466621827e+00 -1.258198040139400e+00  2.414337466621686e+00 -1.258198040139329e+00  2.280168951675280e+00 -1.466331084312362e+00  2.280168951675415e+00 -1.466331084312446e+00  2.280168951675413e+00 -1.466331084312445e+00  2.280168951675280e+00 -1.466331084312362e+00 
 1.496235656094462e+04  1.004761044874343e+00 -5.702597951104859e-04  9.085140119761592e-01 -3.660673268346056e-03  9.042722083985457e-01 -3.956115179951343e-03  1.015783475904972e+00  9.620282624538282e-02  9.096823747783062e-01  8.208284165869525e-02  3.771909647123095e-03  2.494717732329738e-02  3.771909631138215e-03  2.494717732687719e-02  3.771909645394311e-03  2.494717732368455e-02  3.771909708948251e-03  2.494717730950156e-02  1.024691639598494e+00 -7.064702376552667e-02  1.024691639598553e+00 -7.064702376553075e-02  1.024691639598553e+00 -7.064702376553075e-02  1.024691639598494e+00 -7.064702376552673e-02 -5.083119959541149e-01  7.787930977118636e-02 -5.083119959784232e-01  7.787930977512457e-02 -5.083119959567440e-01  7.787930977161231e-02 -5.083119958601005e-01  7.787930975602944e-02  4.290567099939731e+00  8.883623333886015e-01  4.290567099939979e+00  8.883623333886577e-01  4.290567099939980e+00  8.883623333886577e-01  4.290567099939729e+00  8.883623333886008e-01  2.383807252030932e+00 -1.262910264960981e+00  2.383807252031072e+00 -1.262910264961052e+00  2.383807252031072e+00 -1.262910264961052e+00  2.383807252030930e+00 -1.262910264960980e+00  2.245027010075419e+00 -1.473820698382959e+00  2.245027010075552e+00 -1.473820698383043e+00  2.245027010075552e+00 -1.473820698383044e+00  2.245027010075418e+00 -1.473820698382958e+00 
 1.539926526059521e+04  1.005043699005412e+00 -6.033080424468923e-04  9.090206160931769e-01 -3.798685514436009e-03  9.045257816713705e-01 -4.087372714779105e-03  1.016128401571464e+00  9.902007267613970e-02  9.102615295021446e-01  8.449464285389878e-02  4.007395038853945e-03  2.569956515981072e-02  4.007395023676696e-03  2.569956516326115e-02  4.007395038286288e-03  2.569956515993986e-02  4.007395101593647e-03  2.569956514559905e-02  1.026130812172896e+00 -7.311707669520606e-02  1.026130812172956e+00 -7.311707669521031e-02  1.026130812172956e+00 -7.311707669521028e-02  1.026130812172896e+00 -7.311707669520612e-02 -5.087743287498476e-01  8.042021800485649e-02 -5.087743287729426e-01  8.042021800863343e-02 -5.087743287507117e-01  8.042021800499789e-02 -5.087743286543847e-01  8.042021798932124e-02  4.308261240891041e+00  9.131177569895043e-01  4.308261240891293e+00  9.131177569895617e-01  4.308261240891293e+00  9.131177569895619e-01  4.308261240891041e+00  9.131177569895038e-01  2.353384939603783e+00 -1.266915820244293e+00  2.353384939603922e+00 -1.266915820244365e+00  2.353384939603922e+00 -1.266915820244365e+00  2.353384939603783e+00 -1.266915820244293e+00  2.209907285484032e+00 -1.480590516737455e+00  2.209907285484162e+00 -1.480590516737540e+00  2.209907285484163e+00 -1.480590516737540e+00  2.209907285484032e+00 -1.480590516737455e+00 
 1.584893192461144e+04  1.005343162114012e+00 -6.388201018992316e-04  9.095574863867428e-01 -3.943589125546145e-03  9.047944272518256e-01 -4.223900509530315e-03  1.016494033832840e+00  1.019202956515651e-01  9.108756598653579e-01  8.697818102499302e-02  4.258463469774598e-03  2.647586035897654e-02  4.258463452079697e-03  2.647586036306331e-02  4.258463467062656e-03  2.647586035960291e-02  4.258463530103840e-03  2.647586034509655e-02  1.027652035253784e+00 -7.569717956013707e-02  1.027652035253844e+00 -7.569717956014137e-02  1.027652035253844e+00 -7.569717956014131e-02  1.027652035253784e+00 -7.569717956013704e-02 -5.092599418719378e-01  8.305977822112372e-02 -5.092599418988809e-01  8.305977822557560e-02 -5.092599418760672e-01  8.305977822180603e-02 -5.092599417800824e-01  8.305977820602554e-02  4.327052210750648e+00  9.384762443833099e-01  4.327052210750899e+00  9.384762443833689e-01  4.327052210750898e+00  9.384762443833690e-01  4.327052210750647e+00  9.384762443833097e-01  2.323124351196463e+00 -1.270230570454962e+00  2.323124351196598e+00 -1.270230570455034e+00  2.323124351196598e+00 -1.270230570455033e+00  2.323124351196462e+00 -1.270230570454962e+00  2.174862760793868e+00 -1.486658601312897e+00  2.174862760793995e+00 -1.486658601312981e+00  2.174862760793995e+00 -1.486658601312981e+00  2.174862760793868e+00 -1.486658601312896e+00 
 1.631172909227870e+04  1.005660436971157e+00 -6.770057031614314e-04  9.101264453560395e-01 -4.095851042821850e-03  9.050790434090754e-01 -4.365984476795970e-03  1.016881632098964e+00  1.049059801553859e-01  9.115269184576351e-01  8.953566428630347e-02  4.526242974824513e-03  2.727690343090230e-02  4.526242956784166e-03  2.727690343513815e-02  4.526242961007731e-03  2.727690343414645e-02  4.526243034916444e-03  2.727690341684784e-02  1.029259709230687e+00 -7.839415173593525e-02  1.029259709230746e+00 -7.839415173593961e-02  1.029259709230746e+00 -7.839415173593961e-02  1.029259709230687e+00 -7.839415173593517e-02 -5.097696653510350e-01  8.580314008932118e-02 -5.097696653785233e-01  8.580314009391418e-02 -5.097696653720878e-01  8.580314009283886e-02 -5.097696652594778e-01  8.580314007410463e-02  4.347010883589619e+00  9.644422826879129e-01  4.347010883589872e+00  9.644422826879745e-01  4.347010883589872e+00  9.644422826879744e-01  4.347010883589620e+00  9.644422826879134e-01  2.293078590121596e+00 -1.272874723973416e+00  2.293078590121731e+00 -1.272874723973488e+00  2.293078590121731e+00 -1.272874723973488e+00  2.293078590121597e+00 -1.272874723973416e+00  2.139945200742030e+00 -1.492047682304269e+00  2.139945200742157e+00 -1.492047682304354e+00  2.139945200742157e+00 -1.492047682304354e+00  2.139945200742031e+00 -1.492047682304269e+00 
 1.678804018122593e+04  1.005996586436323e+00 -7.180934636224980e-04  9.107294267541272e-01 -4.255976880610659e-03  9.053805821275240e-01 -4.513931090867691e-03  1.017292534166360e+00  1.079796890494794e-01  9.122175950534441e-01  9.216937477303100e-02  4.811954221629833e-03  2.810356636146582e-02  4.811954198116530e-03  2.810356636708276e-02  4.811954213915504e-03  2.810356636330869e-02  4.811954276358055e-03  2.810356634844925e-02  1.030958424639321e+00 -8.121536422878659e-02  1.030958424639381e+00 -8.121536422879130e-02  1.030958424639381e+00 -8.121536422879130e-02  1.030958424639320e+00 -8.121536422878656e-02 -5.103043020293903e-01  8.865581600008118e-02 -5.103043020652440e-01  8.865581600614489e-02 -5.103043020411531e-01  8.865581600207065e-02 -5.103043019459443e-01  8.865581598605331e-02  4.368213009103691e+00  9.910189159545306e-01  4.368213009103946e+00  9.910189159545929e-01  4.368213009103945e+00  9.910189159545929e-01  4.368213009103689e+00  9.910189159545300e-01  2.263299691529833e+00 -1.274872791372946e+00  2.263299691529967e+00 -1.274872791373018e+00  2.263299691529967e+00 -1.274872791373018e+00  2.263299691529832e+00 -1.274872791372945e+00  2.105204736028144e+00 -1.496785092288014e+00  2.105204736028269e+00 -1.496785092288100e+00  2.105204736028269e+00 -1.496785092288099e+00  2.105204736028143e+00 -1.496785092288013e+00 
 1.727825980507897e+04  1.006352737248645e+00 -7.623326590517930e-04  9.113684828467391e-01 -4.424514502624885e-03  9.057000524829845e-01 -4.668069151905405e-03  1.017728161697911e+00  1.111440657797252e-01  9.129501262448357e-01  9.488167156059635e-02  5.116919257186547e-03  2.895675313626304e-02  5.116919236347495e-03  2.895675314133127e-02  5.116919241401729e-03  2.895675314010209e-02  5.116919314699264e-03  2.895675312233423e-02  1.032752963256867e+00 -8.416879155785766e-02  1.032752963256927e+00 -8.416879155786243e-02  1.032752963256927e+00 -8.416879155786246e-02  1.032752963256867e+00 -8.416879155785768e-02 -5.108646154923592e-01  9.162371172239669e-02 -5.108646155241601e-01  9.162371172784510e-02 -5.108646155164472e-01  9.162371172652371e-02 -5.108646154045990e-01  9.162371170744812e-02  4.390739578418488e+00  1.018207497845468e+00  4.390739578418744e+00  1.018207497845532e+00  4.390739578418743e+00  1.018207497845533e+00  4.390739578418488e+00  1.018207497845468e+00  2.233838288193913e+00 -1.276253517399619e+00  2.233838288194045e+00 -1.276253517399691e+00  2.233838288194045e+00 -1.276253517399691e+00  2.233838288193913e+00 -1.276253517399619e+00  2.070689461068424e+00 -1.500902668607283e+00  2.070689461068547e+00 -1.500902668607369e+00  2.070689461068547e+00 -1.500902668607368e+00  2.070689461068424e+00 -1.500902668607283e+00 
 1.778279410038957e+04  1.006730083690121e+00 -8.099951210377803e-04  9.120457914920354e-01 -4.602057884662851e-03  9.060385238998939e-01 -4.828751673826287e-03  1.018190025324878e+00  1.144018372053603e-01  9.137271050670689e-01  9.767499371956562e-02  5.442571168604526e-03  2.983740000260459e-02  5.442571147664055e-03  2.983740000779345e-02  5.442571164379573e-03  2.983740000365151e-02  5.442571226127846e-03  2.983739998841139e-02  1.034648295504320e+00 -8.726306861397599e-02  1.034648295504380e+00 -8.726306861398107e-02  1.034648295504380e+00 -8.726306861398105e-02  1.034648295504320e+00 -8.726306861397599e-02 -5.114513147098906e-01  9.471315957585130e-02 -5.114513147418728e-01  9.471315958140723e-02 -5.114513147163432e-01  9.471315957697229e-02 -5.114513146220414e-01  9.471315956068010e-02  4.414677208912900e+00  1.046007406991351e+00  4.414677208913157e+00  1.046007406991417e+00  4.414677208913157e+00  1.046007406991417e+00  4.414677208912899e+00  1.046007406991351e+00  2.204743286149312e+00 -1.277049783422828e+00  2.204743286149442e+00 -1.277049783422900e+00  2.204743286149442e+00 -1.277049783422901e+00  2.204743286149311e+00 -1.277049783422827e+00  2.036445040703406e+00 -1.504436619797941e+00  2.036445040703525e+00 -1.504436619798027e+00  2.036445040703525e+00 -1.504436619798027e+00  2.036445040703405e+00 -1.504436619797940e+00 
 1.830206106311092e+04  1.007129891844816e+00 -8.613773401095151e-04  9.127636643590312e-01 -4.789251404799373e-03  9.063971299404570e-01 -4.996357970514100e-03  1.018679730569803e+00  1.177558165571632e-01  9.145512921031212e-01  1.005518635322388e-01  5.790464780527305e-03  3.074647548793258e-02  5.790464766188719e-03  3.074647549155515e-02  5.790464783404559e-03  3.074647548720574e-02  5.790464844766752e-03  3.074647547176576e-02  1.036649576760274e+00 -9.050755344615030e-02  1.036649576760334e+00 -9.050755344615552e-02  1.036649576760335e+00 -9.050755344615544e-02  1.036649576760275e+00 -9.050755344615039e-02 -5.120650364864086e-01  9.793095468899822e-02 -5.120650365083272e-01  9.793095469286263e-02 -5.120650364820102e-01  9.793095468822285e-02 -5.120650363882153e-01  9.793095467177951e-02  4.440118564438956e+00  1.074415721521400e+00  4.440118564439215e+00  1.074415721521467e+00  4.440118564439214e+00  1.074415721521468e+00  4.440118564438956e+00  1.074415721521399e+00  2.176061560237056e+00 -1.277298488570096e+00  2.176061560237185e+00 -1.277298488570169e+00  2.176061560237185e+00 -1.277298488570168e+00  2.176061560237056e+00 -1.277298488570096e+00  2.002514335456151e+00 -1.507427364771448e+00  2.002514335456270e+00 -1.507427364771534e+00  2.002514335456269e+00 -1.507427364771533e+00  2.002514335456151e+00 -1.507427364771448e+00 
 1.883649089489837e+04  1.007553504324763e+00 -9.168028285173995e-04  9.135245560619127e-01 -4.986794628097594e-03  9.067770725086672e-01 -5.171295989543415e-03  1.019198985132652e+00  1.212089064768908e-01  9.154256278544678e-01  1.035148898346618e-01  6.162288495384749e-03  3.168498004739481e-02  6.162288479303946e-03  3.168498005153991e-02  6.162288497050250e-03  3.168498004696549e-02  6.162288557998830e-03  3.168498003131965e-02  1.038762140156912e+00 -9.391239636996726e-02  1.038762140156972e+00 -9.391239636997259e-02  1.038762140156972e+00 -9.391239636997264e-02  1.038762140156912e+00 -9.391239636996726e-02 -5.127063243115322e-01  1.012843943954964e-01 -5.127063243361374e-01  1.012843943999028e-01 -5.127063243089840e-01  1.012843943950401e-01 -5.127063242157338e-01  1.012843943784365e-01  4.467162803620392e+00  1.103426845111174e+00  4.467162803620653e+00  1.103426845111245e+00  4.467162803620654e+00  1.103426845111245e+00  4.467162803620393e+00  1.103426845111175e+00  2.147837667340794e+00 -1.277040410472909e+00  2.147837667340922e+00 -1.277040410472982e+00  2.147837667340923e+00 -1.277040410472982e+00  2.147837667340795e+00 -1.277040410472910e+00  1.968937043531767e+00 -1.509919345052844e+00  1.968937043531884e+00 -1.509919345052931e+00  1.968937043531885e+00 -1.509919345052931e+00  1.968937043531768e+00 -1.509919345052845e+00 
 1.938652635952245e+04  1.008002343923582e+00 -9.766245284915538e-04  9.143310714222431e-01 -5.195447296598674e-03  9.071796250845303e-01 -5.354004694984662e-03  1.019749603712537e+00  1.247641022393376e-01  9.163532433007674e-01  1.065667715113910e-01  6.559877404291092e-03  3.265394526584948e-02  6.559877383274570e-03  3.265394527138075e-02  6.559877390320823e-03  3.265394526952629e-02  6.559877462088914e-03  3.265394525070494e-02  1.040991485980275e+00 -9.748861599025820e-02  1.040991485980336e+00 -9.748861599026383e-02  1.040991485980336e+00 -9.748861599026386e-02  1.040991485980275e+00 -9.748861599025817e-02 -5.133756034457000e-01  1.047813210182864e-01 -5.133756034778894e-01  1.047813210241473e-01 -5.133756034670974e-01  1.047813210221824e-01 -5.133756033571824e-01  1.047813210022689e-01  4.495916062370544e+00  1.133032078347639e+00  4.495916062370807e+00  1.133032078347710e+00  4.495916062370807e+00  1.133032078347710e+00  4.495916062370541e+00  1.133032078347638e+00  2.120113581123067e+00 -1.276320051134639e+00  2.120113581123193e+00 -1.276320051134713e+00  2.120113581123193e+00 -1.276320051134712e+00  2.120113581123066e+00 -1.276320051134638e+00  1.935749363190367e+00 -1.511960815553178e+00  1.935749363190482e+00 -1.511960815553265e+00  1.935749363190482e+00 -1.511960815553265e+00  1.935749363190366e+00 -1.511960815553177e+00 
 1.995262314968919e+04  1.008477919829036e+00 -1.041227712307636e-03  9.151859774582032e-01 -5.416035235734953e-03  9.076061382541251e-01 -5.544956917425956e-03  1.020333517400321e+00  1.284244950793081e-01  9.173374760270829e-01  1.097103011994652e-01  6.985227826363738e-03  3.365443253019372e-02  6.985227811318051e-03  3.365443253423969e-02  6.985227830223262e-03  3.365443252915591e-02  6.985227890254020e-03  3.365443251308246e-02  1.043343267674116e+00 -1.012481832035617e-01  1.043343267674176e+00 -1.012481832035673e-01  1.043343267674176e+00 -1.012481832035674e-01  1.043343267674116e+00 -1.012481832035616e-01 -5.140731519587010e-01  1.084301685260047e-01 -5.140731519817703e-01  1.084301685302791e-01 -5.140731519527831e-01  1.084301685249083e-01 -5.140731518607478e-01  1.084301685079583e-01  4.526491974402242e+00  1.163219126975861e+00  4.526491974402505e+00  1.163219126975934e+00  4.526491974402506e+00  1.163219126975934e+00  4.526491974402242e+00  1.163219126975861e+00  2.092928449762107e+00 -1.275185473318345e+00  2.092928449762231e+00 -1.275185473318417e+00  2.092928449762231e+00 -1.275185473318417e+00  2.092928449762107e+00 -1.275185473318345e+00  1.902983676780961e+00 -1.513603619031393e+00  1.902983676781073e+00 -1.513603619031479e+00  1.902983676781073e+00 -1.513603619031479e+00  1.902983676780961e+00 -1.513603619031393e+00 
 2.053525026457187e+04  1.008981831659792e+00 -1.111032926082341e-03  9.160922115232468e-01 -5.649456437368947e-03  9.080580432755285e-01 -5.744662248863576e-03  1.020952779964596e+00  1.321932756308311e-01  9.183818824226968e-01  1.129483690573545e-01  7.440513407233174e-03  3.468753095618404e-02  7.440513386850811e-03  3.468753096178813e-02  7.440513406389571e-03  3.468753095641604e-02  7.440513465912235e-03  3.468753094012204e-02  1.045823271168414e+00 -1.052041133914303e-01  1.045823271168475e+00 -1.052041133914364e-01  1.045823271168475e+00 -1.052041133914364e-01  1.045823271168414e+00 -1.052041133914303e-01 -5.147990658253062e-01  1.122400129033672e-01 -5.147990658565934e-01  1.122400129092717e-01 -5.147990658266012e-01  1.122400129036116e-01 -5.147990657352413e-01  1.122400128864762e-01  4.559012222134474e+00  1.193971535993391e+00  4.559012222134741e+00  1.193971535993466e+00  4.559012222134741e+00  1.193971535993466e+00  4.559012222134474e+00  1.193971535993391e+00  2.066318372627389e+00 -1.273688129204209e+00  2.066318372627512e+00 -1.273688129204282e+00  2.066318372627512e+00 -1.273688129204282e+00  2.066318372627389e+00 -1.273688129204209e+00  1.870668252627104e+00 -1.514902945123049e+00  1.870668252627216e+00 -1.514902945123136e+00  1.870668252627216e+00 -1.514902945123136e+00  1.870668252627104e+00 -1.514902945123049e+00 
 2.113489039836689e+04  1.009515776249553e+00 -1.186499400834845e-03  9.170528945327532e-01 -5.896688128191050e-03  9.085368581088705e-01 -5.953670386418262e-03  1.021609577381125e+00  1.360737376082433e-01  9.194902559280631e-01  1.162839668530128e-01  7.928102961523409e-03  3.575435448436425e-02  7.928102956071437e-03  3.575435448589805e-02  7.928102964960548e-03  3.575435448339732e-02  7.928103035261425e-03  3.575435446369422e-02  1.048437388836338e+00 -1.093705680826428e-01  1.048437388836399e+00 -1.093705680826491e-01  1.048437388836399e+00 -1.093705680826490e-01  1.048437388836338e+00 -1.093705680826428e-01 -5.155532183894634e-01  1.162206268496517e-01 -5.155532183978426e-01  1.162206268512639e-01 -5.155532183841811e-01  1.162206268486355e-01 -5.155532182761462e-01  1.162206268279596e-01  4.593607127604003e+00  1.225268040452065e+00  4.593607127604272e+00  1.225268040452143e+00  4.593607127604272e+00  1.225268040452143e+00  4.593607127604003e+00  1.225268040452065e+00  2.040316199188855e+00 -1.271882688587749e+00  2.040316199188976e+00 -1.271882688587822e+00  2.040316199188977e+00 -1.271882688587822e+00  2.040316199188855e+00 -1.271882688587749e+00  1.838826967507642e+00 -1.515917081083699e+00  1.838826967507752e+00 -1.515917081083786e+00  1.838826967507752e+00 -1.515917081083787e+00  1.838826967507642e+00 -1.515917081083699e+00 
 2.175204034019566e+04  1.010081552291033e+00 -1.268128624146413e-03  9.180713404299086e-01 -6.158794186638221e-03  9.090441915123674e-01 -6.172574628179026e-03  1.022306235542187e+00  1.400692815186953e-01  9.206666415531679e-01  1.197201920502554e-01  8.450580312449718e-03  3.685603790584366e-02  8.450580303121291e-03  3.685603790853076e-02  8.450580301359478e-03  3.685603790903823e-02  8.450580382442896e-03  3.685603788575873e-02  1.051191586294401e+00 -1.137629669055837e-01  1.051191586294462e+00 -1.137629669055901e-01  1.051191586294462e+00 -1.137629669055902e-01  1.051191586294401e+00 -1.137629669055838e-01 -5.163352128378530e-01  1.203825389579177e-01 -5.163352128522082e-01  1.203825389607360e-01 -5.163352128549195e-01  1.203825389612682e-01 -5.163352127301521e-01  1.203825389368866e-01  4.630416285409233e+00  1.257081819088741e+00  4.630416285409503e+00  1.257081819088820e+00  4.630416285409504e+00  1.257081819088820e+00  4.630416285409233e+00  1.257081819088740e+00  2.014951348150033e+00 -1.269826872098045e+00  2.014951348150153e+00 -1.269826872098117e+00  2.014951348150153e+00 -1.269826872098117e+00  2.014951348150034e+00 -1.269826872098045e+00  1.807479047339329e+00 -1.516707158970059e+00  1.807479047339437e+00 -1.516707158970146e+00  1.807479047339437e+00 -1.516707158970146e+00  1.807479047339330e+00 -1.516707158970059e+00 
 2.238721138568384e+04  1.010681067700071e+00 -1.356468456066226e-03  9.191510707221165e-01 -6.436933708797299e-03  9.095817495758355e-01 -6.402015890403798e-03  1.023045231326262e+00  1.441834186178430e-01  9.219153565425784e-01  1.232602522122786e-01  9.010766161343775e-03  3.799373159833741e-02  9.010766155152783e-03  3.799373160016478e-02  9.010766154105232e-03  3.799373160047397e-02  9.010766234609835e-03  3.799373157679217e-02  1.054091859596054e+00 -1.183981106729593e-01  1.054091859596115e+00 -1.183981106729661e-01  1.054091859596115e+00 -1.183981106729661e-01  1.054091859596054e+00 -1.183981106729594e-01 -5.171443263109553e-01  1.247370975470878e-01 -5.171443263204956e-01  1.247370975490010e-01 -5.171443263221099e-01  1.247370975493247e-01 -5.171443261980628e-01  1.247370975245676e-01  4.669589229755336e+00  1.289379635720922e+00  4.669589229755609e+00  1.289379635721003e+00  4.669589229755609e+00  1.289379635721004e+00  4.669589229755338e+00  1.289379635720922e+00  1.990249641351463e+00 -1.267581291099712e+00  1.990249641351581e+00 -1.267581291099784e+00  1.990249641351581e+00 -1.267581291099784e+00  1.990249641351463e+00 -1.267581291099712e+00  1.776638820721180e+00 -1.517336899668865e+00  1.776638820721286e+00 -1.517336899668952e+00  1.776638820721286e+00 -1.517336899668952e+00  1.776638820721181e+00 -1.517336899668866e+00 
 2.304092976055892e+04  1.011316345600827e+00 -1.452117482197189e-03  9.202958266639064e-01 -6.732370145579407e-03  9.101513410030175e-01 -6.642686952043905e-03  1.023829202106777e+00  1.484197749848921e-01  9.232410089949286e-01  1.269074694840173e-01  9.611742432707404e-03  3.916859461164605e-02  9.611742425345127e-03  3.916859461387426e-02  9.611742436443416e-03  3.916859461051538e-02  9.611742504941123e-03  3.916859458986682e-02  1.057144181145325e+00 -1.232943165332357e-01  1.057144181145386e+00 -1.232943165332426e-01  1.057144181145386e+00 -1.232943165332426e-01  1.057144181145325e+00 -1.232943165332356e-01 -5.179794440145478e-01  1.292965392168164e-01 -5.179794440259099e-01  1.292965392191457e-01 -5.179794440087820e-01  1.292965392156344e-01 -5.179794439030827e-01  1.292965391940869e-01  4.711286138214781e+00  1.322120851037521e+00  4.711286138215057e+00  1.322120851037604e+00  4.711286138215057e+00  1.322120851037604e+00  4.711286138214783e+00  1.322120851037521e+00  1.966233150103726e+00 -1.265209299869177e+00  1.966233150103843e+00 -1.265209299869249e+00  1.966233150103843e+00 -1.265209299869249e+00  1.966233150103727e+00 -1.265209299869177e+00  1.746315482534283e+00 -1.517872358287350e+00  1.746315482534388e+00 -1.517872358287438e+00  1.746315482534388e+00 -1.517872358287438e+00  1.746315482534284e+00 -1.517872358287351e+00 
 2.371373705661703e+04  1.011989532085946e+00 -1.555729924379437e-03  9.215095848329120e-01 -7.046481637838200e-03  9.107548839784700e-01 -6.895337232011033e-03  1.024660957725818e+00  1.527820958110763e-01  9.246485209127406e-01  1.306652853276125e-01  1.025687918807200e-02  4.038178585592782e-02  1.025687917185159e-02  4.038178586096544e-02  1.025687918377971e-02  4.038178585726100e-02  1.025687925158958e-02  4.038178583628679e-02  1.060354433743288e+00 -1.284715665908223e-01  1.060354433743350e+00 -1.284715665908299e-01  1.060354433743350e+00 -1.284715665908298e-01  1.060354433743288e+00 -1.284715665908225e-01 -5.188389827577617e-01  1.340740625784449e-01 -5.188389827828341e-01  1.340740625837048e-01 -5.188389827643964e-01  1.340740625798369e-01 -5.188389826595948e-01  1.340740625579764e-01  4.755678576232250e+00  1.355256286422383e+00  4.755678576232531e+00  1.355256286422469e+00  4.755678576232530e+00  1.355256286422469e+00  4.755678576232249e+00  1.355256286422382e+00  1.942920051978456e+00 -1.262776865641221e+00  1.942920051978572e+00 -1.262776865641294e+00  1.942920051978571e+00 -1.262776865641294e+00  1.942920051978455e+00 -1.262776865641221e+00  1.716512865049548e+00 -1.518381675337162e+00  1.716512865049651e+00 -1.518381675337251e+00  1.716512865049650e+00 -1.518381675337251e+00  1.716512865049547e+00 -1.518381675337162e+00 
 2.440619068042030e+04  1.012702903145012e+00 -1.668020948765193e-03  9.227965713842959e-01 -7.380772229589796e-03  9.113944122725195e-01 -7.160777943770275e-03  1.025543492175647e+00  1.572742497815193e-01  9.261431505206780e-01  1.345372653166721e-01  1.094986439193990e-02  4.163445282020307e-02  1.094986437504880e-02  4.163445282559006e-02  1.094986437642564e-02  4.163445282515096e-02  1.094986445493251e-02  4.163445280020149e-02  1.063728326828792e+00 -1.339516704128497e-01  1.063728326828854e+00 -1.339516704128574e-01  1.063728326828854e+00 -1.339516704128574e-01  1.063728326828792e+00 -1.339516704128496e-01 -5.197208003275785e-01  1.390839066300572e-01 -5.197208003537310e-01  1.390839066356770e-01 -5.197208003515995e-01  1.390839066352189e-01 -5.197208002300600e-01  1.390839066092317e-01  4.802950263175416e+00  1.388726913926473e+00  4.802950263175697e+00  1.388726913926561e+00  4.802950263175699e+00  1.388726913926562e+00  4.802950263175413e+00  1.388726913926473e+00  1.920324486626782e+00 -1.260352455322338e+00  1.920324486626896e+00 -1.260352455322410e+00  1.920324486626897e+00 -1.260352455322411e+00  1.920324486626781e+00 -1.260352455322337e+00  1.687229205659243e+00 -1.518934829936296e+00  1.687229205659344e+00 -1.518934829936384e+00  1.687229205659345e+00 -1.518934829936384e+00  1.687229205659242e+00 -1.518934829936295e+00 
 2.511886431509631e+04  1.013458872930388e+00 -1.789772548936529e-03  9.241612789439855e-01 -7.736884395500413e-03  9.120720825340677e-01 -7.439887800283427e-03  1.026479996769698e+00  1.619002337090913e-01  9.277305183574270e-01  1.385271041746681e-01  1.169473683741701e-02  4.292771747176026e-02  1.169473682879063e-02  4.292771747458764e-02  1.169473684253869e-02  4.292771747008169e-02  1.169473690882306e-02  4.292771744844787e-02  1.067271296244865e+00 -1.397584432671168e-01  1.067271296244927e+00 -1.397584432671250e-01  1.067271296244927e+00 -1.397584432671249e-01  1.067271296244865e+00 -1.397584432671169e-01 -5.206220906952984e-01  1.443414343612010e-01 -5.206220907086784e-01  1.443414343641491e-01 -5.206220906873542e-01  1.443414343594508e-01 -5.206220905845550e-01  1.443414343369358e-01  4.853297875513869e+00  1.422462350012708e+00  4.853297875514155e+00  1.422462350012797e+00  4.853297875514153e+00  1.422462350012797e+00  4.853297875513869e+00  1.422462350012707e+00  1.898456412564782e+00 -1.258006948072701e+00  1.898456412564896e+00 -1.258006948072773e+00  1.898456412564895e+00 -1.258006948072773e+00  1.898456412564782e+00 -1.258006948072701e+00  1.658456911992920e+00 -1.519603403053247e+00  1.658456911993020e+00 -1.519603403053335e+00  1.658456911993019e+00 -1.519603403053334e+00  1.658456911992920e+00 -1.519603403053247e+00 
 2.585234839562243e+04  1.014260002747701e+00 -1.921840061400316e-03  9.256084850588830e-01 -8.116612970196314e-03  9.127901822177765e-01 -7.733619320473811e-03  1.027473874817191e+00  1.666641773416947e-01  9.294166360613493e-01  1.426386309623249e-01  1.249592246719833e-02  4.426265858638817e-02  1.249592244952641e-02  4.426265859234535e-02  1.249592246426973e-02  4.426265858737542e-02  1.249592252970982e-02  4.426265856541053e-02  1.070988380339672e+00 -1.459179004706204e-01  1.070988380339735e+00 -1.459179004706289e-01  1.070988380339735e+00 -1.459179004706289e-01  1.070988380339673e+00 -1.459179004706206e-01 -5.215392608247660e-01  1.498632207809544e-01 -5.215392608522295e-01  1.498632207871648e-01 -5.215392608293172e-01  1.498632207819836e-01 -5.215392607276333e-01  1.498632207591289e-01  4.906931860616813e+00  1.456379119743706e+00  4.906931860617101e+00  1.456379119743799e+00  4.906931860617101e+00  1.456379119743799e+00  4.906931860616815e+00  1.456379119743706e+00  1.877321450924872e+00 -1.255813570475154e+00  1.877321450924984e+00 -1.255813570475226e+00  1.877321450924984e+00 -1.255813570475226e+00  1.877321450924873e+00 -1.255813570475155e+00  1.630182311362922e+00 -1.520460344025020e+00  1.630182311363020e+00 -1.520460344025108e+00  1.630182311363020e+00 -1.520460344025108e+00  1.630182311362922e+00 -1.520460344025021e+00 
 2.660725059798864e+04  1.015109009450710e+00 -2.065159240424414e-03  9.271432698250378e-01 -8.521920363790158e-03  9.135511369559651e-01 -8.043005666174637e-03  1.028528756273521e+00  1.715703482858315e-01  9.312079353182265e-01  1.468758142951399e-01  1.335827435382442e-02  4.564028975298023e-02  1.335827433657361e-02  4.564028975896596e-02  1.335827435237535e-02  4.564028975348317e-02  1.335827441690995e-02  4.564028973118928e-02  1.074884068087937e+00 -1.524584686158265e-01  1.074884068087999e+00 -1.524584686158354e-01  1.074884068087999e+00 -1.524584686158353e-01  1.074884068087936e+00 -1.524584686158264e-01 -5.224677862007470e-01  1.556671447807857e-01 -5.224677862276114e-01  1.556671447870270e-01 -5.224677862030035e-01  1.556671447813101e-01 -5.224677861025208e-01  1.556671447581098e-01  4.964077248787307e+00  1.490378657010925e+00  4.964077248787600e+00  1.490378657011020e+00  4.964077248787598e+00  1.490378657011020e+00  4.964077248787306e+00  1.490378657010925e+00  1.856920708488181e+00 -1.253847855628232e+00  1.856920708488292e+00 -1.253847855628304e+00  1.856920708488292e+00 -1.253847855628304e+00  1.856920708488181e+00 -1.253847855628232e+00  1.602385377212113e+00 -1.521579738562976e+00  1.602385377212210e+00 -1.521579738563064e+00  1.602385377212209e+00 -1.521579738563064e+00  1.602385377212113e+00 -1.521579738562976e+00 
 2.738419634264418e+04  1.016008775628736e+00 -2.220754159018720e-03  9.287710370724552e-01 -8.954953663527250e-03  9.143575195208905e-01 -8.369168265954180e-03  1.029648514824187e+00  1.766231571868907e-01  9.331113020108364e-01  1.512427677652727e-01  1.428711664321108e-02  4.706153227268281e-02  1.428711662371362e-02  4.706153227965214e-02  1.428711664063931e-02  4.706153227360217e-02  1.428711670420413e-02  4.706153225098350e-02  1.078962116904325e+00 -1.594112149771633e-01  1.078962116904387e+00 -1.594112149771724e-01  1.078962116904387e+00 -1.594112149771724e-01  1.078962116904324e+00 -1.594112149771632e-01 -5.234020430706910e-01  1.617724845125778e-01 -5.234020431011216e-01  1.617724845198488e-01 -5.234020430747046e-01  1.617724845135370e-01 -5.234020429755145e-01  1.617724844899866e-01  5.024974460438038e+00  1.524345003531940e+00  5.024974460438331e+00  1.524345003532036e+00  5.024974460438333e+00  1.524345003532036e+00  5.024974460438034e+00  1.524345003531939e+00  1.837250575665137e+00 -1.252187630640274e+00  1.837250575665246e+00 -1.252187630640345e+00  1.837250575665246e+00 -1.252187630640346e+00  1.837250575665135e+00 -1.252187630640272e+00  1.575039428121432e+00 -1.523036579655809e+00  1.575039428121527e+00 -1.523036579655896e+00  1.575039428121527e+00 -1.523036579655897e+00  1.575039428121431e+00 -1.523036579655807e+00 
 2.818382931264512e+04  1.016962359981500e+00 -2.389745910310069e-03  9.304975362227389e-01 -9.418063557538315e-03  9.152120589304877e-01 -8.713325196679510e-03  1.030837286204096e+00  1.818271630340054e-01  9.351341125285912e-01  1.557437553719031e-01  1.528829266264214e-02  4.852718179175591e-02  1.528829264427700e-02  4.852718179852401e-02  1.528829265083825e-02  4.852718179610598e-02  1.528829272492194e-02  4.852718176891006e-02  1.083225331852075e+00 -1.668100949881119e-01  1.083225331852138e+00 -1.668100949881215e-01  1.083225331852138e+00 -1.668100949881215e-01  1.083225331852075e+00 -1.668100949881119e-01 -5.243351124632032e-01  1.682000146319712e-01 -5.243351124919338e-01  1.682000146390386e-01 -5.243351124816693e-01  1.682000146365137e-01 -5.243351123657888e-01  1.682000146081634e-01  5.089880073279364e+00  1.558142160257138e+00  5.089880073279664e+00  1.558142160257236e+00  5.089880073279662e+00  1.558142160257236e+00  5.089880073279364e+00  1.558142160257138e+00  1.818302485238553e+00 -1.250913028034433e+00  1.818302485238662e+00 -1.250913028034505e+00  1.818302485238662e+00 -1.250913028034505e+00  1.818302485238553e+00 -1.250913028034433e+00  1.548110786951560e+00 -1.524906532025674e+00  1.548110786951654e+00 -1.524906532025763e+00  1.548110786951653e+00 -1.524906532025763e+00  1.548110786951560e+00 -1.524906532025674e+00 
 2.900681198693214e+04  1.017973007500599e+00 -2.573362060664043e-03  9.323288841493451e-01 -9.913825115701602e-03  9.161176493525324e-01 -9.076800279178067e-03  1.032099486462491e+00  1.871870786598882e-01  9.372842716600651e-01  1.603831969498745e-01  1.636821732216243e-02  5.003786728146066e-02  1.636821730928545e-02  5.003786728635785e-02  1.636821730550420e-02  5.003786728779580e-02  1.636821739008393e-02  5.003786725574150e-02  1.087675296860980e+00 -1.746922169905481e-01  1.087675296861043e+00 -1.746922169905583e-01  1.087675296861043e+00 -1.746922169905583e-01  1.087675296860980e+00 -1.746922169905481e-01 -5.252585505091598e-01  1.749721030555915e-01 -5.252585505293564e-01  1.749721030607122e-01 -5.252585505352868e-01  1.749721030622157e-01 -5.252585504026505e-01  1.749721030287501e-01  5.159067506019120e+00  1.591611038642319e+00  5.159067506019425e+00  1.591611038642420e+00  5.159067506019424e+00  1.591611038642419e+00  5.159067506019120e+00  1.591611038642319e+00  1.800062617149342e+00 -1.250106515455265e+00  1.800062617149450e+00 -1.250106515455337e+00  1.800062617149450e+00 -1.250106515455337e+00  1.800062617149342e+00 -1.250106515455265e+00  1.521558387894914e+00 -1.527265678970001e+00  1.521558387895006e+00 -1.527265678970090e+00  1.521558387895005e+00 -1.527265678970090e+00  1.521558387894914e+00 -1.527265678970001e+00 
 2.985382618918022e+04  1.019044162411337e+00 -2.772947378274345e-03  9.342715924896065e-01 -1.044506142010204e-02  9.170773614590740e-01 -9.461033381836971e-03  1.033439834910316e+00  1.927077764410371e-01  9.395702584309262e-01  1.651656736799756e-01  1.753393403288539e-02  5.159400113783158e-02  1.753393401378589e-02  5.159400114533344e-02  1.753393402290893e-02  5.159400114175015e-02  1.753393409473541e-02  5.159400111365353e-02  1.092312056360220e+00 -1.830981252218351e-01  1.092312056360284e+00 -1.830981252218456e-01  1.092312056360284e+00 -1.830981252218458e-01  1.092312056360220e+00 -1.830981252218352e-01 -5.261621232650082e-01  1.821128060885724e-01 -5.261621232950461e-01  1.821128060964298e-01 -5.261621232806982e-01  1.821128060926767e-01 -5.261621231677571e-01  1.821128060633009e-01  5.232827611959571e+00  1.624565961188353e+00  5.232827611959879e+00  1.624565961188456e+00  5.232827611959879e+00  1.624565961188456e+00  5.232827611959570e+00  1.624565961188353e+00  1.782511548094593e+00 -1.249852949543257e+00  1.782511548094699e+00 -1.249852949543329e+00  1.782511548094699e+00 -1.249852949543328e+00  1.782511548094592e+00 -1.249852949543257e+00  1.495333330828336e+00 -1.530190253257460e+00  1.495333330828426e+00 -1.530190253257549e+00  1.495333330828426e+00 -1.530190253257548e+00  1.495333330828336e+00 -1.530190253257460e+00 
 3.072557365267511e+04  1.020179479147222e+00 -2.989975371290023e-03  9.363325918085776e-01 -1.101486923092139e-02  9.180944519757994e-01 -9.867591486125996e-03  1.034863375703342e+00  1.983942940198189e-01  9.420011704793546e-01  1.700959332719502e-01  1.879317589656737e-02  5.319571810054211e-02  1.879317588409690e-02  5.319571810560582e-02  1.879317589462337e-02  5.319571810133163e-02  1.879317596519270e-02  5.319571807279701e-02  1.097133726721133e+00 -1.920720964364224e-01  1.097133726721197e+00 -1.920720964364337e-01  1.097133726721197e+00 -1.920720964364337e-01  1.097133726721133e+00 -1.920720964364225e-01 -5.270334952237019e-01  1.896479561331486e-01 -5.270334952433720e-01  1.896479561384635e-01 -5.270334952267681e-01  1.896479561339773e-01 -5.270334951154791e-01  1.896479561040817e-01  5.311469071165597e+00  1.656790638881357e+00  5.311469071165908e+00  1.656790638881461e+00  5.311469071165909e+00  1.656790638881462e+00  5.311469071165595e+00  1.656790638881357e+00  1.765623814852707e+00 -1.250239632038930e+00  1.765623814852813e+00 -1.250239632039002e+00  1.765623814852813e+00 -1.250239632039002e+00  1.765623814852707e+00 -1.250239632038930e+00  1.469378358862381e+00 -1.533756321010509e+00  1.469378358862470e+00 -1.533756321010598e+00  1.469378358862470e+00 -1.533756321010598e+00  1.469378358862381e+00 -1.533756321010509e+00 
 3.162277660168446e+04  1.021382836978327e+00 -3.226061276560245e-03  9.385192629336231e-01 -1.162664816849355e-02  9.191723764771029e-01 -1.029818113206184e-02  1.036375503691883e+00  2.042518404415313e-01  9.445867788452249e-01  1.751788952877730e-01  2.015443118713456e-02  5.484280142016131e-02  2.015443116614851e-02  5.484280142897904e-02  2.015443118982568e-02  5.484280141903082e-02  2.015443124738420e-02  5.484280139497126e-02  1.102136038654276e+00 -2.016624501796100e-01  1.102136038654340e+00 -2.016624501796219e-01  1.102136038654340e+00 -2.016624501796217e-01  1.102136038654276e+00 -2.016624501796100e-01 -5.278578711133817e-01  1.976052398160983e-01 -5.278578711465886e-01  1.976052398253768e-01 -5.278578711091235e-01  1.976052398149089e-01 -5.278578710180704e-01  1.976052397896487e-01  5.395318575761569e+00  1.688033569059830e+00  5.395318575761887e+00  1.688033569059935e+00  5.395318575761887e+00  1.688033569059937e+00  5.395318575761569e+00  1.688033569059830e+00  1.749367397060333e+00 -1.251356377378239e+00  1.749367397060438e+00 -1.251356377378312e+00  1.749367397060438e+00 -1.251356377378311e+00  1.749367397060333e+00 -1.251356377378239e+00  1.443627266170971e+00 -1.538039423409613e+00  1.443627266171058e+00 -1.538039423409703e+00  1.443627266171058e+00 -1.538039423409703e+00  1.443627266170971e+00 -1.538039423409613e+00 
 3.254617834980527e+04  1.022658352742373e+00 -3.482976303738006e-03  9.408394653849492e-01 -1.228413277449813e-02  9.203148004277044e-01 -1.075466203506712e-02  1.037981991329759e+00  2.102858020232942e-01  9.473375822375460e-01  1.804196557423934e-01  2.162701237651549e-02  5.653459313701763e-02  2.162701235555609e-02  5.653459314613957e-02  2.162701236915532e-02  5.653459314022095e-02  2.162701243692250e-02  5.653459311085780e-02  1.107311784281129e+00 -2.119218645974291e-01  1.107311784281193e+00 -2.119218645974416e-01  1.107311784281193e+00 -2.119218645974416e-01  1.107311784281128e+00 -2.119218645974290e-01 -5.286175777134633e-01  2.060142575418629e-01 -5.286175777467416e-01  2.060142575514897e-01 -5.286175777251494e-01  2.060142575452437e-01 -5.286175776175782e-01  2.060142575143142e-01  5.484720647771631e+00  1.718002766496682e+00  5.484720647771956e+00  1.718002766496791e+00  5.484720647771957e+00  1.718002766496791e+00  5.484720647771629e+00  1.718002766496682e+00  1.733703082394616e+00 -1.253295561401497e+00  1.733703082394720e+00 -1.253295561401570e+00  1.733703082394721e+00 -1.253295561401570e+00  1.733703082394615e+00 -1.253295561401497e+00  1.418004209996228e+00 -1.543114134415935e+00  1.418004209996313e+00 -1.543114134416026e+00  1.418004209996314e+00 -1.543114134416026e+00  1.418004209996227e+00 -1.543114134415935e+00 
 3.349654391578347e+04  1.024010396697244e+00 -3.762663482362891e-03  9.433015721138421e-01 -1.299142868312648e-02  9.215256129799512e-01 -1.123906222645167e-02  1.039689018662113e+00  2.165017486654586e-01  9.502648714789259e-01  1.858234916263003e-01  2.322112800575937e-02  5.826988593415101e-02  2.322112798693432e-02  5.826988594264634e-02  2.322112799050646e-02  5.826988594103420e-02  2.322112806841858e-02  5.826988590601029e-02  1.112650162546787e+00 -2.229076923487662e-01  1.112650162546852e+00 -2.229076923487792e-01  1.112650162546852e+00 -2.229076923487793e-01  1.112650162546787e+00 -2.229076923487662e-01 -5.292915822065120e-01  2.149065578523001e-01 -5.292915822365117e-01  2.149065578612957e-01 -5.292915822308191e-01  2.149065578595885e-01 -5.292915821066857e-01  2.149065578225630e-01  5.580037017521513e+00  1.746359760167790e+00  5.580037017521843e+00  1.746359760167900e+00  5.580037017521842e+00  1.746359760167900e+00  5.580037017521511e+00  1.746359760167789e+00  1.718583711602155e+00 -1.256152147265249e+00  1.718583711602258e+00 -1.256152147265322e+00  1.718583711602258e+00 -1.256152147265321e+00  1.718583711602154e+00 -1.256152147265248e+00  1.392422930941724e+00 -1.549053523731926e+00  1.392422930941808e+00 -1.549053523732016e+00  1.392422930941808e+00 -1.549053523732016e+00  1.392422930941723e+00 -1.549053523731925e+00 
 3.447466065731567e+04  1.025443607801818e+00 -4.067255135919262e-03  9.459145038732250e-01 -1.375305275228209e-02  9.228089401970755e-01 -1.175359471860388e-02  1.041503205279132e+00  2.229054400082943e-01  9.533807971137698e-01  1.913958645830119e-01  2.494795593884569e-02  6.004679291601514e-02  2.494795592218063e-02  6.004679292382191e-02  2.494795593924048e-02  6.004679291583045e-02  2.494795600376559e-02  6.004679288574562e-02  1.118136001171340e+00 -2.346822650009291e-01  1.118136001171405e+00 -2.346822650009429e-01  1.118136001171405e+00 -2.346822650009428e-01  1.118136001171340e+00 -2.346822650009291e-01 -5.298549366767021e-01  2.243156348469365e-01 -5.298549367033655e-01  2.243156348552342e-01 -5.298549366760704e-01  2.243156348467402e-01 -5.298549365728626e-01  2.243156348148257e-01  5.681645390266203e+00  1.772712771644127e+00  5.681645390266540e+00  1.772712771644239e+00  5.681645390266540e+00  1.772712771644239e+00  5.681645390266203e+00  1.772712771644127e+00  1.703953278238790e+00 -1.260023661832214e+00  1.703953278238893e+00 -1.260023661832287e+00  1.703953278238893e+00 -1.260023661832287e+00  1.703953278238791e+00 -1.260023661832214e+00  1.366785869907697e+00 -1.555928487471853e+00  1.366785869907780e+00 -1.555928487471944e+00  1.366785869907781e+00 -1.555928487471945e+00  1.366785869907698e+00 -1.555928487471853e+00 
 3.548133892335830e+04  1.026962910772141e+00 -4.399092372238610e-03  9.486877675846174e-01 -1.457397818375746e-02  9.241691598050634e-01 -1.230067606783108e-02  1.043431646228063e+00  2.295028316174502e-01  9.566984456182971e-01  1.971424238116773e-01  2.681971591732385e-02  6.186259135552030e-02  2.681971589298437e-02  6.186259136736949e-02  2.681971591193055e-02  6.186259135814604e-02  2.681971597464888e-02  6.186259132776130e-02  1.123748835419885e+00 -2.473131707966297e-01  1.123748835419951e+00 -2.473131707966441e-01  1.123748835419951e+00 -2.473131707966442e-01  1.123748835419885e+00 -2.473131707966296e-01 -5.302781400801414e-01  2.342768744803734e-01 -5.302781401192513e-01  2.342768744930211e-01 -5.302781400888078e-01  2.342768744831762e-01 -5.302781399880597e-01  2.342768744508083e-01  5.789937408730324e+00  1.796608999584840e+00  5.789937408730667e+00  1.796608999584955e+00  5.789937408730667e+00  1.796608999584953e+00  5.789937408730324e+00  1.796608999584841e+00  1.689745864305117e+00 -1.265010094594636e+00  1.689745864305219e+00 -1.265010094594709e+00  1.689745864305218e+00 -1.265010094594710e+00  1.689745864305117e+00 -1.265010094594636e+00  1.340983178957331e+00 -1.563806908437217e+00  1.340983178957412e+00 -1.563806908437309e+00  1.340983178957412e+00 -1.563806908437309e+00  1.340983178957331e+00 -1.563806908437217e+00 
 3.651741272548455e+04  1.028573534189711e+00 -4.760746673487162e-03  9.516314974449510e-01 -1.545968502780487e-02  9.256109168139354e-01 -1.288294691121037e-02  1.045481950832788e+00  2.363000811614580e-01  9.602319234008821e-01  2.030690079157202e-01  2.884973848908018e-02  6.371353608739241e-02  2.884973847611988e-02  6.371353609395761e-02  2.884973847354771e-02  6.371353609526054e-02  2.884973855783685e-02  6.371353605271909e-02  1.129461824889503e+00 -2.608734860857601e-01  1.129461824889569e+00 -2.608734860857756e-01  1.129461824889569e+00 -2.608734860857756e-01  1.129461824889503e+00 -2.608734860857602e-01 -5.305264104592847e-01  2.448274323759191e-01 -5.305264104802077e-01  2.448274323829595e-01 -5.305264104843602e-01  2.448274323843568e-01 -5.305264103483198e-01  2.448274323388026e-01  5.905315590208082e+00  1.817525947140140e+00  5.905315590208434e+00  1.817525947140255e+00  5.905315590208435e+00  1.817525947140255e+00  5.905315590208082e+00  1.817525947140140e+00  1.675884397621312e+00 -1.271213688198688e+00  1.675884397621413e+00 -1.271213688198763e+00  1.675884397621413e+00 -1.271213688198763e+00  1.675884397621312e+00 -1.271213688198688e+00  1.314891631376912e+00 -1.572752605713932e+00  1.314891631376992e+00 -1.572752605714026e+00  1.314891631376992e+00 -1.572752605714026e+00  1.314891631376912e+00 -1.572752605713932e+00 
 3.758374042884522e+04  1.030281029069264e+00 -5.155043775140548e-03  9.547564977571605e-01 -1.641621661993996e-02  9.271391394650165e-01 -1.350329464965739e-02  1.047662284330267e+00  2.433035544261666e-01  9.639964481476433e-01  2.091816452841659e-01  3.105252602842351e-02  6.559463724254297e-02  3.105252601910691e-02  6.559463724746004e-02  3.105252603039177e-02  6.559463724150447e-02  3.105252610084280e-02  6.559463720448633e-02  1.135240479645006e+00 -2.754419310688865e-01  1.135240479645072e+00 -2.754419310689027e-01  1.135240479645072e+00 -2.754419310689028e-01  1.135240479645006e+00 -2.754419310688865e-01 -5.305588569039993e-01  2.560060188694658e-01 -5.305588569191164e-01  2.560060188747660e-01 -5.305588569008058e-01  2.560060188683464e-01 -5.305588567865304e-01  2.560060188285135e-01  6.028188911736604e+00  1.834861739322178e+00  6.028188911736962e+00  1.834861739322294e+00  6.028188911736963e+00  1.834861739322294e+00  6.028188911736603e+00  1.834861739322178e+00  1.662279205702514e+00 -1.278738568458980e+00  1.662279205702614e+00 -1.278738568459054e+00  1.662279205702614e+00 -1.278738568459055e+00  1.662279205702514e+00 -1.278738568458980e+00  1.288373433675473e+00 -1.582824010858326e+00  1.288373433675552e+00 -1.582824010858419e+00  1.288373433675552e+00 -1.582824010858420e+00  1.288373433675473e+00 -1.582824010858326e+00 
 3.868120546330605e+04  1.032091289279782e+00 -5.585090433549243e-03  9.580742901486503e-01 -1.745024326736223e-02  9.287590567436474e-01 -1.416487883545901e-02  1.049981415321669e+00  2.505198309904823e-01  9.680084513949594e-01  2.154865526235075e-01  3.344379999719393e-02  6.749939716088346e-02  3.344379998298003e-02  6.749939716870973e-02  3.344379999648550e-02  6.749939716127371e-02  3.344380006469300e-02  6.749939712388942e-02  1.141041174870894e+00 -2.911029143377629e-01  1.141041174870960e+00 -2.911029143377802e-01  1.141041174870960e+00 -2.911029143377802e-01  1.141041174870894e+00 -2.911029143377628e-01 -5.303275468042002e-01  2.678525635382833e-01 -5.303275468273906e-01  2.678525635467665e-01 -5.303275468053561e-01  2.678525635387064e-01 -5.303275466941131e-01  2.678525634982552e-01  6.158966698935681e+00  1.847924417703860e+00  6.158966698936051e+00  1.847924417703976e+00  6.158966698936050e+00  1.847924417703977e+00  6.158966698935681e+00  1.847924417703861e+00  1.648826356857448e+00 -1.287690163202938e+00  1.648826356857548e+00 -1.287690163203015e+00  1.648826356857548e+00 -1.287690163203015e+00  1.648826356857448e+00 -1.287690163202938e+00  1.261274961808484e+00 -1.594072513283443e+00  1.261274961808561e+00 -1.594072513283538e+00  1.261274961808561e+00 -1.594072513283538e+00  1.261274961808485e+00 -1.594072513283443e+00 
 3.981071705535058e+04  1.034010572836204e+00 -6.054304003461157e-03  9.615971634180503e-01 -1.856913358677397e-02  9.304762165623544e-01 -1.487115919376161e-02  1.052448766037271e+00  2.579557097079894e-01  9.722856912300539e-01  2.219901313052982e-01  3.604052692863813e-02  6.941950074302367e-02  3.604052691395065e-02  6.941950075147302e-02  3.604052691803339e-02  6.941950074912445e-02  3.604052699559024e-02  6.941950070468747e-02  1.146809431309138e+00 -3.079464183375078e-01  1.146809431309205e+00 -3.079464183375259e-01  1.146809431309205e+00 -3.079464183375261e-01  1.146809431309138e+00 -3.079464183375077e-01 -5.297764651845527e-01  2.804077235922363e-01 -5.297764652086601e-01  2.804077236014507e-01 -5.297764652019585e-01  2.804077235988895e-01 -5.297764650747041e-01  2.804077235505037e-01  6.298050383147851e+00  1.855920251352510e+00  6.298050383148225e+00  1.855920251352627e+00  6.298050383148226e+00  1.855920251352626e+00  6.298050383147848e+00  1.855920251352509e+00  1.635405781496855e+00 -1.298174341752629e+00  1.635405781496953e+00 -1.298174341752705e+00  1.635405781496953e+00 -1.298174341752705e+00  1.635405781496854e+00 -1.298174341752628e+00  1.233425454964850e+00 -1.606540402890269e+00  1.233425454964925e+00 -1.606540402890363e+00  1.233425454964925e+00 -1.606540402890364e+00  1.233425454964850e+00 -1.606540402890268e+00 
 4.097321098135503e+04  1.036045524568616e+00 -6.566445553891819e-03  9.653382270628424e-01 -1.978103498228104e-02  9.322965050513673e-01 -1.562592694635621e-02  1.055074468915641e+00  2.656182135037053e-01  9.768473775012207e-01  2.286989607123390e-01  3.886091254348678e-02  7.134445344176937e-02  3.886091252359192e-02  7.134445345374602e-02  3.886091253015478e-02  7.134445344979531e-02  3.886091260509672e-02  7.134445340486953e-02  1.152477936462366e+00 -3.260676629311031e-01  1.152477936462433e+00 -3.260676629311223e-01  1.152477936462433e+00 -3.260676629311223e-01  1.152477936462366e+00 -3.260676629311030e-01 -5.288403662124818e-01  2.937121916278893e-01 -5.288403662453507e-01  2.937121916410358e-01 -5.288403662345078e-01  2.937121916366992e-01 -5.288403661107413e-01  2.937121915874621e-01  6.445822576261911e+00  1.857941171798950e+00  6.445822576262297e+00  1.857941171799069e+00  6.445822576262298e+00  1.857941171799068e+00  6.445822576261913e+00  1.857941171798952e+00  1.621879168428448e+00 -1.310296185512986e+00  1.621879168428547e+00 -1.310296185513064e+00  1.621879168428547e+00 -1.310296185513064e+00  1.621879168428449e+00 -1.310296185512987e+00  1.204635713037197e+00 -1.620258320872985e+00  1.204635713037271e+00 -1.620258320873081e+00  1.204635713037271e+00 -1.620258320873082e+00  1.204635713037198e+00 -1.620258320872985e+00 
 4.216965034285914e+04  1.038203199880415e+00 -7.125656703191052e-03  9.693114680103470e-01 -2.109496421985826e-02  9.342261666802577e-01 -1.643333960731249e-02  1.057869428066545e+00  2.735145935085310e-01  9.817143102496215e-01  2.356197880058847e-01  4.192435060562061e-02  7.326116171490882e-02  4.192435059093169e-02  7.326116172417793e-02  4.192435060010896e-02  7.326116171838704e-02  4.192435067222827e-02  7.326116167307783e-02  1.157964291775272e+00 -3.455664682875089e-01  1.157964291775340e+00 -3.455664682875295e-01  1.157964291775340e+00 -3.455664682875295e-01  1.157964291775271e+00 -3.455664682875086e-01 -5.274435263087329e-01  3.078057498676431e-01 -5.274435263331752e-01  3.078057498778892e-01 -5.274435263179044e-01  3.078057498714880e-01 -5.274435261979494e-01  3.078057498214830e-01  6.602632842571326e+00  1.852951560238596e+00  6.602632842571727e+00  1.852951560238713e+00  6.602632842571726e+00  1.852951560238713e+00  6.602632842571324e+00  1.852951560238596e+00  1.608087652388938e+00 -1.324158287709977e+00  1.608087652389036e+00 -1.324158287710056e+00  1.608087652389036e+00 -1.324158287710056e+00  1.608087652388938e+00 -1.324158287709976e+00  1.174696874384931e+00 -1.635242127162616e+00  1.174696874385003e+00 -1.635242127162715e+00  1.174696874385003e+00 -1.635242127162714e+00  1.174696874384930e+00 -1.635242127162615e+00 
 4.340102636447533e+04  1.040491089981603e+00 -7.736500751357512e-03  9.735318113464472e-01 -2.252090968055257e-02  9.362718255359651e-01 -1.729795978418865e-02  1.060845387074735e+00  2.816523322607243e-01  9.869090338015656e-01  2.427595134303903e-01  4.525130948716349e-02  7.515345229730833e-02  4.525130946814437e-02  7.515345230991133e-02  4.525130948006928e-02  7.515345230200948e-02  4.525130954914386e-02  7.515345225644821e-02  1.163168485560592e+00 -3.665462210518169e-01  1.163168485560660e+00 -3.665462210518387e-01  1.163168485560660e+00 -3.665462210518386e-01  1.163168485560592e+00 -3.665462210518170e-01 -5.254984213532363e-01  3.227260099837781e-01 -5.254984213851331e-01  3.227260099978141e-01 -5.254984213651339e-01  3.227260099890139e-01 -5.254984212493446e-01  3.227260099383543e-01  6.768779482473518e+00  1.839774773457705e+00  6.768779482473927e+00  1.839774773457820e+00  6.768779482473926e+00  1.839774773457820e+00  6.768779482473519e+00  1.839774773457704e+00  1.593849335040108e+00 -1.339858468361816e+00  1.593849335040204e+00 -1.339858468361897e+00  1.593849335040204e+00 -1.339858468361896e+00  1.593849335040108e+00 -1.339858468361817e+00  1.143379385493473e+00 -1.651489094628166e+00  1.143379385493543e+00 -1.651489094628265e+00  1.143379385493543e+00 -1.651489094628265e+00  1.143379385493473e+00 -1.651489094628166e+00 
 4.466835921509728e+04  1.042917148676330e+00 -8.404008758035458e-03  9.780151852697635e-01 -2.406994705787160e-02  9.384405078026045e-01 -1.822479858027050e-02  1.064015004547309e+00  2.900391455757476e-01  9.924560085923974e-01  2.501251700105048e-01  4.886313441552315e-02  7.700152819656897e-02  4.886313439736489e-02  7.700152820922926e-02  4.886313440051587e-02  7.700152820703240e-02  4.886313447796198e-02  7.700152815325836e-02  1.167970095611499e+00 -3.891123200743734e-01  1.167970095611567e+00 -3.891123200743966e-01  1.167970095611567e+00 -3.891123200743963e-01  1.167970095611498e+00 -3.891123200743732e-01 -5.229043607059547e-01  3.385067636344246e-01 -5.229043607366713e-01  3.385067636486376e-01 -5.229043607313408e-01  3.385067636461713e-01 -5.229043606003929e-01  3.385067635858883e-01  6.944486473911214e+00  1.817080001557673e+00  6.944486473911630e+00  1.817080001557787e+00  6.944486473911630e+00  1.817080001557789e+00  6.944486473911212e+00  1.817080001557673e+00  1.578956694621541e+00 -1.357486751494918e+00  1.578956694621636e+00 -1.357486751494999e+00  1.578956694621636e+00 -1.357486751494999e+00  1.578956694621540e+00 -1.357486751494918e+00  1.110432304187964e+00 -1.668973316405268e+00  1.110432304188032e+00 -1.668973316405368e+00  1.110432304188032e+00 -1.668973316405368e+00  1.110432304187964e+00 -1.668973316405268e+00 
 4.597269885308822e+04  1.045489820168647e+00 -9.133730897780348e-03  9.827785892926012e-01 -2.575437001817588e-02  9.407396649349362e-01 -1.921936390262888e-02  1.067391936123910e+00  2.986829829301199e-01  9.983818016227134e-01  2.577238964617266e-01  5.278173885177562e-02  7.878136397776142e-02  5.278173882973375e-02  7.878136399396587e-02  5.278173884753179e-02  7.878136398088167e-02  5.278173890980448e-02  7.878136393533663e-02  1.172225264939869e+00 -4.133699591683700e-01  1.172225264939937e+00 -4.133699591683946e-01  1.172225264939937e+00 -4.133699591683949e-01  1.172225264939869e+00 -4.133699591683703e-01 -5.195461387856696e-01  3.551758641738240e-01 -5.195461388233110e-01  3.551758641921705e-01 -5.195461387929169e-01  3.551758641773570e-01 -5.195461386866367e-01  3.551758641258796e-01  7.129874745429321e+00  1.783370349405305e+00  7.129874745429750e+00  1.783370349405416e+00  7.129874745429753e+00  1.783370349405415e+00  7.129874745429325e+00  1.783370349405305e+00  1.563173999628766e+00 -1.377121454126315e+00  1.563173999628861e+00 -1.377121454126398e+00  1.563173999628861e+00 -1.377121454126398e+00  1.563173999628767e+00 -1.377121454126316e+00  1.075583142431438e+00 -1.687640243613302e+00  1.075583142431504e+00 -1.687640243613404e+00  1.075583142431504e+00 -1.687640243613404e+00  1.075583142431439e+00 -1.687640243613303e+00 
 4.731512589614908e+04  1.048218068012980e+00 -9.931794205430026e-03  9.878401659985298e-01 -2.758783842584558e-02  9.431771976024107e-01 -2.028771469050804e-02  1.070990926729448e+00  3.075920254233961e-01  1.004715298445869e+00  2.655629013666796e-01  5.702915303167888e-02  8.046404871603285e-02  5.702915303531980e-02  8.046404871320417e-02  5.702915304472717e-02  8.046404870589485e-02  5.702915311471773e-02  8.046404865176243e-02  1.175763528654347e+00 -4.394210804458419e-01  1.175763528654415e+00 -4.394210804458680e-01  1.175763528654415e+00 -4.394210804458681e-01  1.175763528654347e+00 -4.394210804458420e-01 -5.152927926507358e-01  3.727525538910491e-01 -5.152927926444526e-01  3.727525538878179e-01 -5.152927926282184e-01  3.727525538794678e-01 -5.152927925075034e-01  3.727525538177187e-01  7.324926931377287e+00  1.736973398136473e+00  7.324926931377728e+00  1.736973398136582e+00  7.324926931377730e+00  1.736973398136581e+00  7.324926931377290e+00  1.736973398136473e+00  1.546234892223447e+00 -1.398824220239161e+00  1.546234892223540e+00 -1.398824220239244e+00  1.546234892223540e+00 -1.398824220239245e+00  1.546234892223447e+00 -1.398824220239161e+00  1.038538512694987e+00 -1.707400287073941e+00  1.038538512695050e+00 -1.707400287074043e+00  1.038538512695050e+00 -1.707400287074044e+00  1.038538512694987e+00 -1.707400287073942e+00 
 4.869675251658738e+04  1.051111406540667e+00 -1.080496727875432e-02  9.932192787684837e-01 -2.958554673924930e-02  9.457614815659627e-01 -2.143652160195906e-02  1.074827912196806e+00  3.167746814920662e-01  1.011487942238213e+00  2.736494173035658e-01  6.162689209738809e-02  8.201509316226435e-02  6.162689209550010e-02  8.201509316381919e-02  6.162689209683081e-02  8.201509316272368e-02  6.162689217405476e-02  8.201509309940863e-02  1.178384615348085e+00 -4.673603063446577e-01  1.178384615348154e+00 -4.673603063446861e-01  1.178384615348154e+00 -4.673603063446859e-01  1.178384615348085e+00 -4.673603063446580e-01 -5.099965886099880e-01  3.912441475034670e-01 -5.099965886132841e-01  3.912441475052603e-01 -5.099965886109612e-01  3.912441475039969e-01 -5.099965884762112e-01  3.912441474310719e-01  7.529444783668488e+00  1.676035968547559e+00  7.529444783668946e+00  1.676035968547662e+00  7.529444783668945e+00  1.676035968547663e+00  7.529444783668492e+00  1.676035968547560e+00  1.527840370707624e+00 -1.422633817327351e+00  1.527840370707717e+00 -1.422633817327438e+00  1.527840370707717e+00 -1.422633817327437e+00  1.527840370707625e+00 -1.422633817327352e+00  9.989859100140340e-01 -1.728121443259538e+00  9.989859100140945e-01 -1.728121443259643e+00  9.989859100140948e-01 -1.728121443259643e+00  9.989859100140346e-01 -1.728121443259539e+00 
 5.011872336272833e+04  1.054179931134625e+00 -1.176073265596925e-02  9.989365886805005e-01 -3.176441455635222e-02  9.485013921809656e-01 -2.267313477935568e-02  1.078920130297728e+00  3.262395788332952e-01  1.018733995534760e+00  2.819906417215847e-01  6.659510221956183e-02  8.339373105860007e-02  6.659510222033127e-02  8.339373105792741e-02  6.659510223644294e-02  8.339373104383052e-02  6.659510229784302e-02  8.339373099039327e-02  1.179855430119513e+00 -4.972696541695188e-01  1.179855430119581e+00 -4.972696541695488e-01  1.179855430119581e+00 -4.972696541695487e-01  1.179855430119513e+00 -4.972696541695190e-01 -5.034924142049148e-01  4.106419980167261e-01 -5.034924142035544e-01  4.106419980159429e-01 -5.034924141750577e-01  4.106419979995219e-01 -5.034924140665467e-01  4.106419979373731e-01  7.742998730777129e+00  1.598525364760379e+00  7.742998730777597e+00  1.598525364760477e+00  7.742998730777597e+00  1.598525364760477e+00  7.742998730777130e+00  1.598525364760379e+00  1.507657506298152e+00 -1.448558551710217e+00  1.507657506298243e+00 -1.448558551710305e+00  1.507657506298243e+00 -1.448558551710305e+00  1.507657506298152e+00 -1.448558551710217e+00  9.565970497450442e-01 -1.749620999987674e+00  9.565970497451017e-01 -1.749620999987780e+00  9.565970497451017e-01 -1.749620999987780e+00  9.565970497450440e-01 -1.749620999987675e+00 
 5.158221650723171e+04  1.057434352813781e+00 -1.280736894471239e-02  1.005014140702827e+00 -3.414330493989794e-02  9.514063323787000e-01 -2.400566063609642e-02  1.083286248637647e+00  3.359955521481569e-01  1.026490840440935e+00  2.905936623392861e-01  7.195144174789037e-02  8.455226003090766e-02  7.195144173733892e-02  8.455226004075037e-02  7.195144174583940e-02  8.455226003282112e-02  7.195144182464797e-02  8.455225995961560e-02  1.179907512353630e+00 -5.292118396349805e-01  1.179907512353699e+00 -5.292118396350123e-01  1.179907512353699e+00 -5.292118396350123e-01  1.179907512353630e+00 -5.292118396349799e-01 -4.955978039724425e-01  4.309166937220634e-01 -4.955978039913767e-01  4.309166937336502e-01 -4.955978039761233e-01  4.309166937243160e-01 -4.955978038347996e-01  4.309166936382423e-01  7.964869461419767e+00  1.502240004848590e+00  7.964869461420248e+00  1.502240004848681e+00  7.964869461420248e+00  1.502240004848682e+00  7.964869461419761e+00  1.502240004848590e+00  1.485319329674360e+00 -1.476567193985280e+00  1.485319329674449e+00 -1.476567193985370e+00  1.485319329674449e+00 -1.476567193985370e+00  1.485319329674359e+00 -1.476567193985279e+00  9.110332555109866e-01 -1.771656475726164e+00  9.110332555110412e-01 -1.771656475726271e+00  9.110332555110414e-01 -1.771656475726271e+00  9.110332555109864e-01 -1.771656475726163e+00 
 5.308844442310001e+04  1.060886030001355e+00 -1.395404215234251e-02  1.011475445495347e+00 -3.674327120424410e-02  9.544862576737503e-01 -2.544304710538710e-02  1.087946499933804e+00  3.460516256179995e-01  1.034799305863899e+00  2.994653631337736e-01  7.770965583259470e-02  8.543548904212095e-02  7.770965582524075e-02  8.543548904946102e-02  7.770965583743095e-02  8.543548903729492e-02  7.770965589994436e-02  8.543548897523404e-02  1.178235374043699e+00 -5.632220082009969e-01  1.178235374043768e+00 -5.632220082010313e-01  1.178235374043768e+00 -5.632220082010309e-01  1.178235374043699e+00 -5.632220082009969e-01 -4.861138913745015e-01  4.520124829134464e-01 -4.861138913879142e-01  4.520124829221832e-01 -4.861138913656813e-01  4.520124829077028e-01 -4.861138912517715e-01  4.520124828339406e-01  8.193982130562581e+00  1.384833005584736e+00  8.193982130563080e+00  1.384833005584819e+00  8.193982130563077e+00  1.384833005584818e+00  8.193982130562580e+00  1.384833005584735e+00  1.460426444840506e+00 -1.506578394557460e+00  1.460426444840594e+00 -1.506578394557552e+00  1.460426444840593e+00 -1.506578394557551e+00  1.460426444840506e+00 -1.506578394557460e+00  8.619534592938944e-01 -1.793916106908795e+00  8.619534592939461e-01 -1.793916106908904e+00  8.619534592939458e-01 -1.793916106908903e+00  8.619534592938946e-01 -1.793916106908794e+00 
 5.463865498818663e+04  1.064547003756818e+00 -1.521090969360345e-02  1.018345568425139e+00 -3.958784030260715e-02  9.577517037558513e-01 -2.699518056418312e-02  1.092922839034122e+00  3.564169882649818e-01  1.043704041200277e+00  3.086123065753083e-01  8.387781314473081e-02  8.598038438434868e-02  8.387781313295439e-02  8.598038439697614e-02  8.387781312763715e-02  8.598038440267747e-02  8.387781320582277e-02  8.598038431920269e-02  1.174496255712000e+00 -5.992978126162756e-01  1.174496255712068e+00 -5.992978126163118e-01  1.174496255712068e+00 -5.992978126163118e-01  1.174496255711999e+00 -5.992978126162749e-01 -4.748276414567413e-01  4.738410028980924e-01 -4.748276414786171e-01  4.738410029132971e-01 -4.748276414884947e-01  4.738410029201620e-01 -4.748276413433743e-01  4.738410028197598e-01  8.428834893470126e+00  1.243852871449038e+00  8.428834893470640e+00  1.243852871449112e+00  8.428834893470638e+00  1.243852871449112e+00  8.428834893470119e+00  1.243852871449041e+00  1.432551051000613e+00 -1.538448721539797e+00  1.432551051000700e+00 -1.538448721539891e+00  1.432551051000699e+00 -1.538448721539890e+00  1.432551051000613e+00 -1.538448721539795e+00  8.090254076346983e-01 -1.816009421689125e+00  8.090254076347467e-01 -1.816009421689236e+00  8.090254076347466e-01 -1.816009421689236e+00  8.090254076346987e-01 -1.816009421689124e+00 
 5.623413251903615e+04  1.068430030881084e+00 -1.658923697082021e-02  1.025651214638846e+00 -4.270333526162320e-02  9.612138115741418e-01 -2.867299428834618e-02  1.098239113111455e+00  3.671009609307234e-01  1.053253929730339e+00  3.180405868207886e-01  9.045619293420662e-02  8.611603470634960e-02  9.045619292481155e-02  8.611603471722362e-02  9.045619293404294e-02  8.611603470653989e-02  9.045619299550534e-02  8.611603463579542e-02  1.168311975629137e+00 -6.373878911994001e-01  1.168311975629204e+00 -6.373878911994386e-01  1.168311975629205e+00 -6.373878911994386e-01  1.168311975629137e+00 -6.373878911994001e-01 -4.615157727640389e-01  4.962745076017109e-01 -4.615157727818588e-01  4.962745076149642e-01 -4.615157727643498e-01  4.962745076019431e-01 -4.615157726479048e-01  4.962745075158350e-01  8.667425039624867e+00  1.076805827644946e+00  8.667425039625391e+00  1.076805827645006e+00  8.667425039625392e+00  1.076805827645007e+00  8.667425039624867e+00  1.076805827644946e+00  1.401244162786372e+00 -1.571959678256880e+00  1.401244162786456e+00 -1.571959678256976e+00  1.401244162786456e+00 -1.571959678256976e+00  1.401244162786372e+00 -1.571959678256880e+00  7.519406417989276e-01 -1.837458724736982e+00  7.519406417989716e-01 -1.837458724737094e+00  7.519406417989718e-01 -1.837458724737094e+00  7.519406417989276e-01 -1.837458724736982e+00 
 5.787619883491335e+04  1.072548617800446e+00 -1.810152942843861e-02  1.033420815010487e+00 -4.611924475364389e-02  9.648843524223091e-01 -3.048859109790987e-02  1.103921253400398e+00  3.781129526125938e-01  1.063502555332996e+00  3.277556474097324e-01  9.743484426230770e-02  8.576408306902189e-02  9.743484424750143e-02  8.576408308761968e-02  9.743484425066154e-02  8.576408308365024e-02  9.743484431564323e-02  8.576408300245697e-02  1.159273662915074e+00 -6.773790135035348e-01  1.159273662915141e+00 -6.773790135035759e-01  1.159273662915141e+00 -6.773790135035758e-01  1.159273662915074e+00 -6.773790135035346e-01 -4.459507987907095e-01  5.191389484062077e-01 -4.459507988194699e-01  5.191389484291634e-01 -4.459507988133316e-01  5.191389484242638e-01 -4.459507986872553e-01  5.191389483241632e-01  8.907177984674263e+00  8.812442667365210e-01  8.907177984674808e+00  8.812442667365701e-01  8.907177984674803e+00  8.812442667365691e-01  8.907177984674259e+00  8.812442667365208e-01  1.366046863994839e+00 -1.606804359544093e+00  1.366046863994921e+00 -1.606804359544193e+00  1.366046863994920e+00 -1.606804359544192e+00  1.366046863994838e+00 -1.606804359544093e+00  6.904336818938930e-01 -1.857692646034954e+00  6.904336818939334e-01 -1.857692646035068e+00  6.904336818939331e-01 -1.857692646035067e+00  6.904336818938926e-01 -1.857692646034953e+00 
 5.956621435290237e+04  1.076917052096866e+00 -1.976168157714211e-02  1.041684605992160e+00 -4.986864580471879e-02  9.687757501038757e-01 -3.245538151218300e-02  1.109997487252153e+00  3.894624035088788e-01  1.074508723488601e+00  3.377620552827663e-01  1.047908905473673e-01  8.483979622771082e-02  1.047908905368717e-01  8.483979624211047e-02  1.047908905441473e-01  8.483979623212956e-02  1.047908906020448e-01  8.483979615317061e-02  1.146950239010943e+00 -7.190824646605289e-01  1.146950239011008e+00 -7.190824646605721e-01  1.146950239011008e+00 -7.190824646605722e-01  1.146950239010943e+00 -7.190824646605289e-01 -4.279095926229179e-01  5.422074699095333e-01 -4.279095926438738e-01  5.422074699275441e-01 -4.279095926293474e-01  5.422074699150605e-01 -4.279095925139171e-01  5.422074698164239e-01  9.144886852397297e+00  6.548849902422971e-01  9.144886852397851e+00  6.548849902423313e-01  9.144886852397851e+00  6.548849902423307e-01  9.144886852397295e+00  6.548849902422975e-01  1.326506389045430e+00 -1.642574805682078e+00  1.326506389045508e+00 -1.642574805682179e+00  1.326506389045508e+00 -1.642574805682179e+00  1.326506389045429e+00 -1.642574805682078e+00  6.243055661214518e-01 -1.876043275434675e+00  6.243055661214879e-01 -1.876043275434789e+00  6.243055661214879e-01 -1.876043275434789e+00  6.243055661214517e-01 -1.876043275434675e+00 
 6.130557921498343e+04  1.081550431891869e+00 -2.158514558129436e-02  1.050474702324604e+00 -5.398868847344946e-02  9.729011002349145e-01 -3.458823976052103e-02  1.116498574154768e+00  4.011587118204008e-01  1.086337046299143e+00  3.480632215200582e-01  1.124857231358149e-01  8.325394894730215e-02  1.124857231180251e-01  8.325394897416255e-02  1.124857231291963e-01  8.325394895729626e-02  1.124857231797759e-01  8.325394888144988e-02  1.130901486275176e+00 -7.622206369436190e-01  1.130901486275240e+00 -7.622206369436649e-01  1.130901486275240e+00 -7.622206369436648e-01  1.130901486275175e+00 -7.622206369436186e-01 -4.071847678241464e-01  5.651951233194733e-01 -4.071847678608212e-01  5.651951233535365e-01 -4.071847678377915e-01  5.651951233321476e-01 -4.071847677337090e-01  5.651951232360888e-01  9.376673075139408e+00  3.957590373736147e-01  9.376673075139975e+00  3.957590373736294e-01  9.376673075139975e+00  3.957590373736304e-01  9.376673075139406e+00  3.957590373736143e-01  1.282197624355044e+00 -1.678751580637004e+00  1.282197624355119e+00 -1.678751580637106e+00  1.282197624355120e+00 -1.678751580637106e+00  1.282197624355044e+00 -1.678751580637003e+00  5.534514179124187e-01 -1.891748745333990e+00  5.534514179124500e-01 -1.891748745334105e+00  5.534514179124502e-01 -1.891748745334105e+00  5.534514179124186e-01 -1.891748745333990e+00 
 6.309573444802072e+04  1.086464690826307e+00 -2.358912202001632e-02  1.059825156375215e+00 -5.852115176346579e-02  9.772741845064652e-01 -3.690367997428545e-02  1.123458067854252e+00  4.132111403170376e-01  1.099058597168075e+00  3.586610565622874e-01  1.204623138718634e-01  8.091568210908101e-02  1.204623138601141e-01  8.091568212878669e-02  1.204623138579013e-01  8.091568213249811e-02  1.204623139264211e-01  8.091568201816735e-02  1.110696346844898e+00 -8.064152527241366e-01  1.110696346844961e+00 -8.064152527241851e-01  1.110696346844961e+00 -8.064152527241848e-01  1.110696346844897e+00 -8.064152527241361e-01 -3.835989390536761e-01  5.877558391717340e-01 -3.835989390788301e-01  5.877558391970868e-01 -3.835989390835676e-01  5.877558392018619e-01 -3.835989389370956e-01  5.877558390548987e-01  9.597980838778586e+00  1.023916006445657e-01  9.597980838779167e+00  1.023916006445630e-01  9.597980838779163e+00  1.023916006445644e-01  9.597980838778581e+00  1.023916006445676e-01  1.232750189293904e+00 -1.714697561268032e+00  1.232750189293976e+00 -1.714697561268137e+00  1.232750189293976e+00 -1.714697561268136e+00  1.232750189293903e+00 -1.714697561268031e+00  4.778910075158280e-01 -1.903963323315309e+00  4.778910075158549e-01 -1.903963323315425e+00  4.778910075158549e-01 -1.903963323315424e+00  4.778910075158282e-01 -1.903963323315308e+00 
 6.493816315762258e+04  1.091676617732195e+00 -2.579277557942208e-02  1.069771999607393e+00 -6.351308177521413e-02  9.819094789269566e-01 -3.942005503016215e-02  1.130912605913876e+00  4.256286989351583e-01  1.112751645062836e+00  3.695555457794374e-01  1.286429738360451e-01  7.773643646692480e-02  1.286429738294296e-01  7.773643647939232e-02  1.286429738315377e-01  7.773643647542022e-02  1.286429738828525e-01  7.773643637938987e-02  1.085936695518991e+00 -8.511791253322134e-01  1.085936695519053e+00 -8.511791253322647e-01  1.085936695519053e+00 -8.511791253322648e-01  1.085936695518991e+00 -8.511791253322136e-01 -3.570215611886510e-01  6.094829042051774e-01 -3.570215612034686e-01  6.094829042214609e-01 -3.570215611987473e-01  6.094829042162730e-01 -3.570215610840725e-01  6.094829040909882e-01  9.803619894716370e+00 -2.259944131557600e-01  9.803619894716963e+00 -2.259944131557843e-01  9.803619894716968e+00 -2.259944131557841e-01  9.803619894716370e+00 -2.259944131557601e-01  1.177880570752013e+00 -1.749658338068407e+00  1.177880570752082e+00 -1.749658338068515e+00  1.177880570752083e+00 -1.749658338068516e+00  1.177880570752013e+00 -1.749658338068407e+00  3.978003544270567e-01 -1.911777069297380e+00  3.978003544270783e-01 -1.911777069297496e+00  3.978003544270782e-01 -1.911777069297497e+00  3.978003544270567e-01 -1.911777069297380e+00 
 6.683439175686295e+04  1.097203867916328e+00 -2.821747942190829e-02  1.080353256756865e+00 -6.901752490492108e-02  9.868221530708677e-01 -4.215778136677583e-02  1.138902231297043e+00  4.384199974409005e-01  1.127502475600901e+00  3.807442267303875e-01  1.369279709602216e-01  7.363495501359069e-02  1.369279709519848e-01  7.363495503128614e-02  1.369279709650075e-01  7.363495500331219e-02  1.369279710004641e-01  7.363495492791311e-02  1.056286132535816e+00 -8.959137280067370e-01  1.056286132535875e+00 -8.959137280067910e-01  1.056286132535875e+00 -8.959137280067908e-01  1.056286132535816e+00 -8.959137280067371e-01 -3.273875261610570e-01  6.299142511352579e-01 -3.273875261805477e-01  6.299142511587348e-01 -3.273875261497332e-01  6.299142511216219e-01 -3.273875260661394e-01  6.299142510217324e-01  9.987870869684340e+00 -5.892640398784131e-01  9.987870869684942e+00 -5.892640398784622e-01  9.987870869684940e+00 -5.892640398784621e-01  9.987870869684340e+00 -5.892640398784106e-01  1.117427786514908e+00 -1.782771758317631e+00  1.117427786514973e+00 -1.782771758317740e+00  1.117427786514973e+00 -1.782771758317740e+00  1.117427786514909e+00 -1.782771758317631e+00  3.135413458625722e-01 -1.914246650351624e+00  3.135413458625882e-01 -1.914246650351739e+00  3.135413458625881e-01 -1.914246650351739e+00  3.135413458625727e-01 -1.914246650351624e+00 
 6.878599123088230e+04  1.103064963567753e+00 -3.088709127463320e-02  1.091608922819120e+00 -7.509436990584767e-02  9.920280578782960e-01 -4.513959245996350e-02  1.147470745191394e+00  4.515930632895654e-01  1.143406308437028e+00  3.922215469170330e-01  1.451954742420416e-01  6.854318426771405e-02  1.451954742382260e-01  6.854318427723971e-02  1.451954742472349e-01  6.854318425475514e-02  1.451954742812365e-01  6.854318417079186e-02  1.021502404355090e+00 -9.399149866216223e-01  1.021502404355148e+00 -9.399149866216787e-01  1.021502404355147e+00 -9.399149866216785e-01  1.021502404355090e+00 -9.399149866216221e-01 -2.947160759205837e-01  6.485437344256888e-01 -2.947160759302524e-01  6.485437344385349e-01 -2.947160759074263e-01  6.485437344082131e-01 -2.947160758216431e-01  6.485437342951307e-01  1.014466421945452e+01 -9.861653155885526e-01  1.014466421945513e+01 -9.861653155886293e-01  1.014466421945513e+01 -9.861653155886299e-01  1.014466421945452e+01 -9.861653155885526e-01  1.051389865387726e+00 -1.813088919853466e+00  1.051389865387786e+00 -1.813088919853576e+00  1.051389865387786e+00 -1.813088919853576e+00  1.051389865387726e+00 -1.813088919853465e+00  2.256853117375379e-01 -1.910437968576096e+00  2.256853117375479e-01 -1.910437968576210e+00  2.256853117375477e-01 -1.910437968576210e+00  2.256853117375379e-01 -1.910437968576095e+00 
 7.079457843841538e+04  1.109279279685305e+00 -3.382826581868248e-02  1.103580889332220e+00 -8.181131570286701e-02  9.975436984955222e-01 -4.839082499708171e-02  1.156666095869838e+00  4.651551173201319e-01  1.160568320504100e+00  4.039780746269744e-01  1.533032766151194e-01  6.241269554613710e-02  1.533032766093296e-01  6.241269556337237e-02  1.533032766150816e-01  6.241269554625267e-02  1.533032766463633e-01  6.241269545423656e-02  9.814709109629302e-01 -9.823894211897514e-01  9.814709109629843e-01 -9.823894211898098e-01  9.814709109629846e-01 -9.823894211898097e-01  9.814709109629299e-01 -9.823894211897510e-01 -2.591279444742746e-01  6.648391129013854e-01 -2.591279444902904e-01  6.648391129250288e-01 -2.591279444743805e-01  6.648391129015444e-01 -2.591279443883126e-01  6.648391127754738e-01  1.026783701564530e+01 -1.414160765879794e+00  1.026783701564591e+01 -1.414160765879898e+00  1.026783701564591e+01 -1.414160765879895e+00  1.026783701564529e+01 -1.414160765879793e+00  9.799571723052242e-01 -1.839608075265355e+00  9.799571723052786e-01 -1.839608075265467e+00  9.799571723052793e-01 -1.839608075265467e+00  9.799571723052239e-01 -1.839608075265355e+00  1.350257557831632e-01 -1.899479670303484e+00  1.350257557831671e-01 -1.899479670303597e+00  1.350257557831677e-01 -1.899479670303598e+00  1.350257557831632e-01 -1.899479670303484e+00 
 7.286181745132442e+04  1.115867011684553e+00 -3.707080808410175e-02  1.116312803611699e+00 -8.924498396536970e-02  1.003386188397916e+00 -5.193974188032371e-02  1.166540806434402e+00  4.791122996306872e-01  1.179104785742063e+00  4.159995299425375e-01  1.610926361636498e-01  5.522102243132132e-02  1.610926361583642e-01  5.522102245080385e-02  1.610926361616225e-01  5.522102243879606e-02  1.610926361889491e-01  5.522102233946002e-02  9.362356323396599e-01 -1.022481923417143e+00  9.362356323397117e-01 -1.022481923417203e+00  9.362356323397115e-01 -1.022481923417203e+00  9.362356323396598e-01 -1.022481923417142e+00 -2.208581392831259e-01  6.782666687656305e-01 -2.208581392995642e-01  6.782666687928366e-01 -2.208581392894318e-01  6.782666687760689e-01 -2.208581392050471e-01  6.782666686375154e-01  1.035146101277238e+01 -1.869326781687140e+00  1.035146101277299e+01 -1.869326781687267e+00  1.035146101277299e+01 -1.869326781687269e+00  1.035146101277238e+01 -1.869326781687139e+00  9.035376147706560e-01 -1.861321417432401e+00  9.035376147707062e-01 -1.861321417432513e+00  9.035376147707059e-01 -1.861321417432513e+00  9.035376147706558e-01 -1.861321417432400e+00  4.257535625826958e-02 -1.880624536184660e+00  4.257535625826880e-02 -1.880624536184771e+00  4.257535625826847e-02 -1.880624536184771e+00  4.257535625826969e-02 -1.880624536184659e+00 
 7.498942093324728e+04  1.122849118820112e+00 -4.064807284508622e-02  1.129849837712976e+00 -9.748219728486113e-02  1.009573179173771e+00 -5.581789639377882e-02  1.177152443312190e+00  4.934693365318519e-01  1.199144338985756e+00  4.282655953601419e-01  1.683943434115550e-01  4.697711929479514e-02  1.683943434098269e-01  4.697711930316456e-02  1.683943434113326e-01  4.697711929587689e-02  1.683943434335473e-01  4.697711919018210e-02  8.860229730856281e-01 -1.059314989851325e+00  8.860229730856775e-01 -1.059314989851387e+00  8.860229730856767e-01 -1.059314989851387e+00  8.860229730856283e-01 -1.059314989851325e+00 -1.802616026666900e-01  6.883212806316690e-01 -1.802616026730356e-01  6.883212806435762e-01 -1.802616026675088e-01  6.883212806332085e-01 -1.802616025867800e-01  6.883212804830107e-01  1.039022150721691e+01 -2.346351936883193e+00  1.039022150721753e+01 -2.346351936883348e+00  1.039022150721752e+01 -2.346351936883353e+00  1.039022150721691e+01 -2.346351936883193e+00  8.227683948703391e-01 -1.877272590585008e+00  8.227683948703853e-01 -1.877272590585122e+00  8.227683948703841e-01 -1.877272590585122e+00  8.227683948703395e-01 -1.877272590585009e+00 -5.045674809542233e-02 -1.853313430742836e+00 -5.045674809542844e-02 -1.853313430742946e+00 -5.045674809542933e-02 -1.853313430742946e+00 -5.045674809542233e-02 -1.853313430742836e+00 
 7.717915155850300e+04  1.130247236956226e+00 -4.459741598175752e-02  1.144238338963544e+00 -1.066214470418481e-01  1.016122759746435e+00 -6.006054270195343e-02  1.188564129097825e+00  5.082291375188381e-01  1.220829372142615e+00  4.407484561047381e-01  1.750367854127241e-01  3.772505623825795e-02  1.750367854087047e-01  3.772505626666217e-02  1.750367854115540e-01  3.772505624653261e-02  1.750367854276319e-01  3.772505613566346e-02  8.312538596181043e-01 -1.092037287273144e+00  8.312538596181493e-01 -1.092037287273207e+00  8.312538596181496e-01 -1.092037287273207e+00  8.312538596181043e-01 -1.092037287273143e+00 -1.378093542635678e-01  6.945595176873821e-01 -1.378093542826741e-01  6.945595177285863e-01 -1.378093542691325e-01  6.945595176993860e-01 -1.378093541939657e-01  6.945595175387339e-01  1.037981203794119e+01 -2.838658201104470e+00  1.037981203794180e+01 -2.838658201104654e+00  1.037981203794180e+01 -2.838658201104656e+00  1.037981203794119e+01 -2.838658201104466e+00  7.385096102216706e-01 -1.886620366667617e+00  7.385096102217106e-01 -1.886620366667729e+00  7.385096102217107e-01 -1.886620366667730e+00  7.385096102216709e-01 -1.886620366667616e+00 -1.427092974840340e-01 -1.817234493567889e+00 -1.427092974840457e-01 -1.817234493567996e+00 -1.427092974840459e-01 -1.817234493567996e+00 -1.427092974840335e-01 -1.817234493567889e+00 
 7.943282347242997e+04  1.138083552248286e+00 -4.896070501075599e-02  1.159525325410645e+00 -1.167745782919894e-01  1.023053316967788e+00 -6.470709888656127e-02  1.200845105452260e+00  5.233923078067897e-01  1.244317568139066e+00  4.534110080896183e-01  1.808553829017424e-01  2.754513808191833e-02  1.808553828996637e-01  2.754513810930537e-02  1.808553829022319e-01  2.754513807549003e-02  1.808553829087327e-01  2.754513799505831e-02  7.725402020241522e-01 -1.119877321692296e+00  7.725402020241935e-01 -1.119877321692362e+00  7.725402020241937e-01 -1.119877321692361e+00  7.725402020241524e-01 -1.119877321692296e+00 -9.407370226767353e-02  6.966321962771866e-01 -9.407370228373385e-02  6.966321963177339e-01 -9.407370226390156e-02  6.966321962676699e-01 -9.407370221613469e-02  6.966321961487748e-01  1.031729840061883e+01 -3.338654495720452e+00  1.031729840061943e+01 -3.338654495720673e+00  1.031729840061943e+01 -3.338654495720670e+00  1.031729840061883e+01 -3.338654495720451e+00  6.518168475483987e-01 -1.888701728714500e+00  6.518168475484325e-01 -1.888701728714613e+00  6.518168475484331e-01 -1.888701728714613e+00  6.518168475483990e-01 -1.888701728714500e+00 -2.327336529308117e-01 -1.772369185462347e+00 -2.327336529308300e-01 -1.772369185462451e+00 -2.327336529308294e-01 -1.772369185462451e+00 -2.327336529308115e-01 -1.772369185462347e+00 
 8.175230379436688e+04  1.146380625339429e+00 -5.378489590362690e-02  1.175757779361993e+00 -1.280687208049063e-01  1.030383347696884e+00 -6.980166856756377e-02  1.214071348085302e+00  5.389565597070060e-01  1.269783573725521e+00  4.662046583448171e-01  1.857024144430392e-01  1.655190232418208e-02  1.857024144427699e-01  1.655190235256310e-02  1.857024144429030e-01  1.655190233860793e-02  1.857024144444182e-01  1.655190222171282e-02  7.106636564869804e-01 -1.142196243055625e+00  7.106636564870186e-01 -1.142196243055692e+00  7.106636564870187e-01 -1.142196243055691e+00  7.106636564869807e-01 -1.142196243055625e+00 -4.970266224383790e-02  6.943121911172309e-01 -4.970266225800592e-02  6.943121911601597e-01 -4.970266225103833e-02  6.943121911390515e-01 -4.970266219206737e-02  6.943121909624348e-01  1.020140093015059e+01 -3.838111696671418e+00  1.020140093015119e+01 -3.838111696671666e+00  1.020140093015119e+01 -3.838111696671664e+00  1.020140093015060e+01 -3.838111696671416e+00  5.638928539307333e-01 -1.883086295263344e+00  5.638928539307624e-01 -1.883086295263456e+00  5.638928539307628e-01 -1.883086295263456e+00  5.638928539307336e-01 -1.883086295263344e+00 -3.190740293656436e-01 -1.719017272436120e+00 -3.190740293656662e-01 -1.719017272436220e+00 -3.190740293656659e-01 -1.719017272436221e+00 -3.190740293656433e-01 -1.719017272436120e+00 
 8.413951416452145e+04  1.155161152525843e+00 -5.912268484676309e-02  1.192981678513934e+00 -1.406484983995379e-01  1.038131209550160e+00 -7.539362841175440e-02  1.228326238653541e+00  5.549160002769927e-01  1.297420805423727e+00  4.790666245260775e-01  1.894560190335713e-01  4.888892207697448e-03  1.894560190354166e-01  4.888892239472087e-03  1.894560190347211e-01  4.888892227487673e-03  1.894560190283157e-01  4.888892110028409e-03  6.465372711025971e-01 -1.158533022493301e+00  6.465372711026314e-01 -1.158533022493368e+00  6.465372711026313e-01 -1.158533022493367e+00  6.465372711025967e-01 -1.158533022493301e+00 -5.385562137699296e-03  6.875134279870775e-01 -5.385562150742764e-03  6.875134280362347e-01 -5.385562145822443e-03  6.875134280176943e-01 -5.385562096973356e-03  6.875134278361849e-01  1.003264966408690e+01 -4.328626083882607e+00  1.003264966408748e+01 -4.328626083882883e+00  1.003264966408748e+01 -4.328626083882883e+00  1.003264966408689e+01 -4.328626083882610e+00  4.760218963828107e-01 -1.869614205192464e+00  4.760218963828349e-01 -1.869614205192575e+00  4.760218963828342e-01 -1.869614205192574e+00  4.760218963828102e-01 -1.869614205192464e+00 -4.003549323466868e-01 -1.657795122008946e+00 -4.003549323467139e-01 -1.657795122009043e+00 -4.003549323467140e-01 -1.657795122009042e+00 -4.003549323466872e-01 -1.657795122008946e+00 
 8.659643233600854e+04  1.164447645591277e+00 -6.503324385781950e-02  1.211240684990406e+00 -1.546785490776263e-01  1.046314793152328e+00 -8.153828888954530e-02  1.243701295686557e+00  5.712602666087059e-01  1.327443369554689e+00  4.919166190417849e-01  1.920271684605088e-01 -7.279368177796397e-03  1.920271684650463e-01 -7.279368142118936e-03  1.920271684615440e-01 -7.279368169666067e-03  1.920271684514255e-01 -7.279368252569196e-03  5.811535100243094e-01 -1.168635748670318e+00  5.811535100243393e-01 -1.168635748670384e+00  5.811535100243393e-01 -1.168635748670384e+00  5.811535100243092e-01 -1.168635748670317e+00  3.818649277642638e-02  6.762979995990416e-01  3.818649276501994e-02  6.762979996555656e-01  3.818649277382866e-02  6.762979996119232e-01  3.818649280097941e-02  6.762979994807982e-01  9.813383054351924e+00 -4.802119753447259e+00  9.813383054352482e+00 -4.802119753447561e+00  9.813383054352485e+00 -4.802119753447561e+00  9.813383054351920e+00 -4.802119753447258e+00  3.894937007711294e-01 -1.848411444390266e+00  3.894937007711471e-01 -1.848411444390374e+00  3.894937007711476e-01 -1.848411444390374e+00  3.894937007711292e-01 -1.848411444390266e+00 -4.753653881458131e-01 -1.589605495756375e+00 -4.753653881458447e-01 -1.589605495756466e+00 -4.753653881458445e-01 -1.589605495756466e+00 -4.753653881458130e-01 -1.589605495756375e+00 
 8.912509381337662e+04  1.174262009693751e+00 -7.158304921856451e-02  1.230574395312473e+00 -1.703463886926102e-01  1.054951096548226e+00 -8.829763552015805e-02  1.260296963363725e+00  5.879734747922478e-01  1.360088066630576e+00  5.046527794632624e-01  1.933636612863854e-01 -1.977727836077831e-02  1.933636612942770e-01 -1.977727832098475e-02  1.933636612921754e-01 -1.977727833158383e-02  1.933636612733665e-01 -1.977727842863630e-02  5.155246149468194e-01 -1.172474705554553e+00  5.155246149468459e-01 -1.172474705554620e+00  5.155246149468465e-01 -1.172474705554620e+00  5.155246149468197e-01 -1.172474705554553e+00  8.036054236253717e-02  6.608701246802192e-01  8.036054235354083e-02  6.608701247448715e-01  8.036054235593759e-02  6.608701247276514e-01  8.036054237854472e-02  6.608701245702020e-01  9.547584949761992e+00 -5.251317306229251e+00  9.547584949762538e+00 -5.251317306229579e+00  9.547584949762543e+00 -5.251317306229577e+00  9.547584949761992e+00 -5.251317306229250e+00  3.055260018784214e-01 -1.819879964854110e+00  3.055260018784346e-01 -1.819879964854216e+00  3.055260018784355e-01 -1.819879964854216e+00  3.055260018784215e-01 -1.819879964854109e+00 -5.431294523656435e-01 -1.515581627116062e+00 -5.431294523656787e-01 -1.515581627116148e+00 -5.431294523656782e-01 -1.515581627116149e+00 -5.431294523656433e-01 -1.515581627116062e+00 
 9.172759353898009e+04  1.184624988275980e+00 -7.884681056605670e-02  1.251016017939693e+00 -1.878656439621450e-01  1.064055673001411e+00 -9.574115648537300e-02  1.278223450424077e+00  6.050329388924146e-01  1.395616415205226e+00  5.171466761310107e-01  1.934506517253418e-01 -3.242870190388397e-02  1.934506517300706e-01 -3.242870188650754e-02  1.934506517313321e-01 -3.242870188187047e-02  1.934506517021869e-01 -3.242870199065484e-02  4.506225773908125e-01 -1.170235739924751e+00  4.506225773908352e-01 -1.170235739924817e+00  4.506225773908354e-01 -1.170235739924817e+00  4.506225773908120e-01 -1.170235739924750e+00  1.205571844084243e-01  6.415577655273150e-01  1.205571844061895e-01  6.415577655563125e-01  1.205571844055926e-01  6.415577655640508e-01  1.205571844202807e-01  6.415577653827625e-01  9.240580361169590e+00 -5.670140870770427e+00  9.240580361170110e+00 -5.670140870770778e+00  9.240580361170114e+00 -5.670140870770776e+00  9.240580361169583e+00 -5.670140870770428e+00  2.251950883750464e-01 -1.784663926628486e+00  2.251950883750548e-01 -1.784663926628590e+00  2.251950883750553e-01 -1.784663926628590e+00  2.251950883750456e-01 -1.784663926628486e+00 -6.029545263731825e-01 -1.437012528516272e+00 -6.029545263732208e-01 -1.437012528516353e+00 -6.029545263732207e-01 -1.437012528516354e+00 -6.029545263731828e-01 -1.437012528516271e+00 
 9.440608762859453e+04  1.195555444614575e+00 -8.690850919276627e-02  1.272589326100392e+00 -2.074796784284240e-01  1.073641923877466e+00 -1.039467629437441e-01  1.297601611861784e+00  6.224076096267270e-01  1.434316616891984e+00  5.292371945828496e-01  1.923077919234068e-01 -4.506683053983229e-02  1.923077919341536e-01 -4.506683050905885e-02  1.923077919244043e-01 -4.506683053698124e-02  1.923077918943680e-01 -4.506683062433459e-02  3.873258399307322e-01 -1.162295609418416e+00  3.873258399307517e-01 -1.162295609418481e+00  3.873258399307520e-01 -1.162295609418481e+00  3.873258399307322e-01 -1.162295609418416e+00  1.582974370635648e-01  6.187846619786186e-01  1.582974370627526e-01  6.187846620314595e-01  1.582974370634924e-01  6.187846619835152e-01  1.582974370665129e-01  6.187846618337830e-01  8.898632341318999e+00 -6.053980302729544e+00  8.898632341319507e+00 -6.053980302729916e+00  8.898632341319509e+00 -6.053980302729915e+00  8.898632341319004e+00 -6.053980302729548e+00  1.493821735866525e-01 -1.743597161327585e+00  1.493821735866573e-01 -1.743597161327686e+00  1.493821735866575e-01 -1.743597161327686e+00  1.493821735866524e-01 -1.743597161327586e+00 -6.544527916356664e-01 -1.355259256037232e+00 -6.544527916357075e-01 -1.355259256037309e+00 -6.544527916357072e-01 -1.355259256037309e+00 -6.544527916356668e-01 -1.355259256037233e+00 
 9.716279515771287e+04  1.207069429919394e+00 -9.586254745597725e-02  1.295304668867122e+00 -2.294656081611829e-01  1.083720190626251e+00 -1.130018017414508e-01  1.318563843418062e+00  6.400561714243268e-01  1.476505305197982e+00  5.407230512634581e-01  1.899835739779711e-01 -5.754224714688866e-02  1.899835739838854e-01 -5.754224713315803e-02  1.899835739774988e-01 -5.754224714799111e-02  1.899835739433375e-01 -5.754224722844897e-02  3.263782825160142e-01 -1.149183594032767e+00  3.263782825160305e-01 -1.149183594032831e+00  3.263782825160307e-01 -1.149183594032831e+00  3.263782825160137e-01 -1.149183594032767e+00  1.932185987300634e-01  5.930367952745227e-01  1.932185987311938e-01  5.930367952988336e-01  1.932185987299766e-01  5.930367952725724e-01  1.932185987241067e-01  5.930367951304006e-01  8.528494046394949e+00 -6.399817398616762e+00  8.528494046395430e+00 -6.399817398617152e+00  8.528494046395430e+00 -6.399817398617150e+00  8.528494046394947e+00 -6.399817398616767e+00  7.874042502993137e-02 -1.697639390871417e+00  7.874042502993192e-02 -1.697639390871515e+00  7.874042502993220e-02 -1.697639390871515e+00  7.874042502993073e-02 -1.697639390871417e+00 -6.975355052984541e-01 -1.271672484687459e+00 -6.975355052984975e-01 -1.271672484687531e+00 -6.975355052984972e-01 -1.271672484687531e+00 -6.975355052984547e-01 -1.271672484687459e+00 
 1.000000000000023e+05  1.219178989352237e+00 -1.058150106052883e-01  1.319153795171952e+00 -2.541386879634533e-01  1.094296601125783e+00 -1.230041593806172e-01  1.341254959718316e+00  6.579247285433444e-01  1.522528885361382e+00  5.513536590816466e-01  1.865478109651877e-01 -6.972844672724854e-02  1.865478109705200e-01 -6.972844671694900e-02  1.865478109685648e-01 -6.972844672072698e-02  1.865478109244013e-01 -6.972844680704487e-02  2.683636058918992e-01 -1.131535217532555e+00  2.683636058919129e-01 -1.131535217532618e+00  2.683636058919126e-01 -1.131535217532618e+00  2.683636058918993e-01 -1.131535217532555e+00  2.250785514596552e-01  5.648276858725569e-01  2.250785514617066e-01  5.648276858914061e-01  2.250785514609552e-01  5.648276858844923e-01  2.250785514445636e-01  5.648276857268310e-01  8.136970652073796e+00 -6.706207004155473e+00  8.136970652074258e+00 -6.706207004155873e+00  8.136970652074256e+00 -6.706207004155876e+00  8.136970652073796e+00 -6.706207004155472e+00  1.368387665322532e-02 -1.647809568807115e+00  1.368387665322340e-02 -1.647809568807210e+00  1.368387665322301e-02 -1.647809568807210e+00  1.368387665322546e-02 -1.647809568807115e+00 -7.323839598731382e-01 -1.187520403177896e+00 -7.323839598731823e-01 -1.187520403177963e+00 -7.323839598731827e-01 -1.187520403177963e+00 -7.323839598731381e-01 -1.187520403177896e+00 
 1.029200527194452e+05  1.231890636407255e+00 -1.168850326818144e-01  1.344103165914825e+00 -2.818569980699343e-01  1.105371606968825e+00 -1.340634465676960e-01  1.365833001372536e+00  6.759439979251519e-01  1.572764154967016e+00  5.608180143391625e-01  1.820833223410714e-01 -8.152453095879741e-02  1.820833223547617e-01 -8.152453093641060e-02  1.820833223419458e-01 -8.152453095737175e-02  1.820833223036290e-01 -8.152453102090787e-02  2.136955623579358e-01 -1.110044145273829e+00  2.136955623579464e-01 -1.110044145273890e+00  2.136955623579463e-01 -1.110044145273890e+00  2.136955623579356e-01 -1.110044145273828e+00  2.537496658667828e-01  5.346664439124142e-01  2.537496658740861e-01  5.346664439548812e-01  2.537496658672517e-01  5.346664439151202e-01  2.537496658473445e-01  5.346664437949212e-01  7.730536030958655e+00 -6.973137613084412e+00  7.730536030959088e+00 -6.973137613084827e+00  7.730536030959088e+00 -6.973137613084827e+00  7.730536030958651e+00 -6.973137613084411e+00 -4.560384977388027e-02 -1.595123825687496e+00 -4.560384977388582e-02 -1.595123825687588e+00 -4.560384977388585e-02 -1.595123825687588e+00 -4.560384977388043e-02 -1.595123825687496e+00 -7.594036460821629e-01 -1.103933094113083e+00 -7.594036460822084e-01 -1.103933094113145e+00 -7.594036460822086e-01 -1.103933094113145e+00 -7.594036460821628e-01 -1.103933094113082e+00 
 1.059253725177314e+05  1.245203415066672e+00 -1.292062472071609e-01  1.370085362462600e+00 -3.130262964079983e-01  1.116938138580525e+00 -1.463022420545034e-01  1.392469893625290e+00  6.940259174254081e-01  1.627617773531281e+00  5.687312370291873e-01  1.766778097658477e-01 -9.285521288470203e-02  1.766778097821741e-01 -9.285521286185311e-02  1.766778097646051e-01 -9.285521288644530e-02  1.766778097178792e-01 -9.285521295263488e-02  1.626222433712271e-01 -1.085417448617781e+00  1.626222433712352e-01 -1.085417448617841e+00  1.626222433712353e-01 -1.085417448617841e+00  1.626222433712270e-01 -1.085417448617781e+00  2.792046574147836e-01  5.030314171526403e-01  2.792046574254578e-01  5.030314171977226e-01  2.792046574139739e-01  5.030314171492025e-01  2.792046573839221e-01  5.030314170189621e-01  7.315033357733141e+00 -7.201806158328978e+00  7.315033357733554e+00 -7.201806158329407e+00  7.315033357733554e+00 -7.201806158329403e+00  7.315033357733141e+00 -7.201806158328980e+00 -9.914540418461029e-02 -1.540543480150453e+00 -9.914540418461865e-02 -1.540543480150542e+00 -9.914540418461834e-02 -1.540543480150541e+00 -9.914540418461049e-02 -1.540543480150453e+00 -7.791692420880360e-01 -1.021866182893728e+00 -7.791692420880827e-01 -1.021866182893785e+00 -7.791692420880822e-01 -1.021866182893785e+00 -7.791692420880362e-01 -1.021866182893728e+00 
 1.090184492385153e+05  1.259106454534707e+00 -1.429282893569003e-01  1.396988121103759e+00 -3.481048065958575e-01  1.128979292281985e+00 -1.598573608924690e-01  1.421351854494108e+00  7.120595659592126e-01  1.687523981606332e+00  5.746183641102998e-01  1.704166868714764e-01 -1.036685706845567e-01  1.704166868742494e-01 -1.036685706812167e-01  1.704166868601136e-01 -1.036685706982634e-01  1.704166868054410e-01 -1.036685707649142e-01  1.152411868304034e-01 -1.058337868811871e+00  1.152411868304096e-01 -1.058337868811929e+00  1.152411868304094e-01 -1.058337868811929e+00  1.152411868304035e-01 -1.058337868811871e+00  3.014972803990190e-01  4.703509739769703e-01  3.014972804011142e-01  4.703509739838551e-01  3.014972803904463e-01  4.703509739487282e-01  3.014972803496478e-01  4.703509738117686e-01  6.895471634634578e+00 -7.394345286986292e+00  6.895471634634966e+00 -7.394345286986725e+00  6.895471634634966e+00 -7.394345286986727e+00  6.895471634634579e+00 -7.394345286986290e+00 -1.471356073161871e-01 -1.484936081183822e+00 -1.471356073161974e-01 -1.484936081183907e+00 -1.471356073161977e-01 -1.484936081183907e+00 -1.471356073161869e-01 -1.484936081183822e+00 -7.923676172527175e-01 -9.420834314026940e-01 -7.923676172527642e-01 -9.420834314027470e-01 -7.923676172527644e-01 -9.420834314027469e-01 -7.923676172527173e-01 -9.420834314026941e-01 
 1.122018454301990e+05  1.273575897779970e+00 -1.582182896419169e-01  1.424640422719237e+00 -3.876075584360891e-01  1.141465442991640e+00 -1.748810868731041e-01  1.452679399286093e+00  7.299062840031563e-01  1.752939717656152e+00  5.778949907984346e-01  1.633773424264794e-01 -1.139321408514555e-01  1.633773424410669e-01 -1.139321408362603e-01  1.633773424302252e-01 -1.139321408475564e-01  1.633773423683987e-01 -1.139321409126429e-01  7.152151094460180e-02 -1.029434946297078e+00  7.152151094460535e-02 -1.029434946297135e+00  7.152151094460513e-02 -1.029434946297135e+00  7.152151094460180e-02 -1.029434946297078e+00  3.207406803384789e-01  4.369917378272306e-01  3.207406803507705e-01  4.369917378601032e-01  3.207406803416369e-01  4.369917378356676e-01  3.207406802899915e-01  4.369917376952963e-01  6.475915316835693e+00 -7.553537763244173e+00  6.475915316836056e+00 -7.553537763244613e+00  6.475915316836054e+00 -7.553537763244615e+00  6.475915316835688e+00 -7.553537763244169e+00 -1.899027558207400e-01 -1.429050078172599e+00 -1.899027558207527e-01 -1.429050078172680e+00 -1.899027558207530e-01 -1.429050078172680e+00 -1.899027558207401e-01 -1.429050078172598e+00 -7.997445392983247e-01 -8.651556692486640e-01 -7.997445392983711e-01 -8.651556692487121e-01 -7.997445392983713e-01 -8.651556692487119e-01 -7.997445392983241e-01 -8.651556692486633e-01 
 1.154781984689485e+05  1.288571071792143e+00 -1.752622701645581e-01  1.452794992374275e+00 -4.321096993535410e-01  1.154350665294662e+00 -1.915422815710713e-01  1.486666746366454e+00  7.473938773846844e-01  1.824335992480068e+00  5.778443906795826e-01  1.556250484312017e-01 -1.236279602184068e-01  1.556250484378337e-01 -1.236279602124442e-01  1.556250484298411e-01 -1.236279602196344e-01  1.556250483723857e-01 -1.236279602719501e-01  3.132946454937055e-02 -9.992653305186638e-01  3.132946454937205e-02 -9.992653305187182e-01  3.132946454937199e-02 -9.992653305187185e-01  3.132946454937066e-02 -9.992653305186632e-01  3.370857556533510e-01  4.032536749996765e-01  3.370857556594620e-01  4.032536750133071e-01  3.370857556521002e-01  4.032536749968734e-01  3.370857555996044e-01  4.032536748777789e-01  6.059454065121772e+00 -7.682544742399688e+00  6.059454065122108e+00 -7.682544742400133e+00  6.059454065122108e+00 -7.682544742400134e+00  6.059454065121769e+00 -7.682544742399685e+00 -2.278698097525066e-01 -1.373501927791601e+00 -2.278698097525212e-01 -1.373501927791678e+00 -2.278698097525214e-01 -1.373501927791679e+00 -2.278698097525066e-01 -1.373501927791600e+00 -8.020588292012365e-01 -7.914722180365668e-01 -8.020588292012828e-01 -7.914722180366104e-01 -8.020588292012830e-01 -7.914722180366104e-01 -8.020588292012361e-01 -7.914722180365662e-01 
 1.188502227437046e+05  1.304029742825701e+00 -1.942663018957057e-01  1.481106480183080e+00 -4.822478883022230e-01  1.167568325324841e+00 -2.100272332784547e-01  1.523540341206619e+00  7.643097961999809e-01  1.902183956832943e+00  5.735908695013878e-01  1.472105161345246e-01 -1.327470872791665e-01  1.472105161476100e-01 -1.327470872690491e-01  1.472105161308950e-01 -1.327470872819775e-01  1.472105160691402e-01 -1.327470873303341e-01 -5.545545315764892e-03 -9.683014356008405e-01 -5.545545315765170e-03 -9.683014356008935e-01 -5.545545315765225e-03 -9.683014356008933e-01 -5.545545315764781e-03 -9.683014356008403e-01  3.507012062596818e-01  3.693708944364891e-01  3.507012062726838e-01  3.693708944611255e-01  3.507012062560786e-01  3.693708944296483e-01  3.507012061951420e-01  3.693708943124462e-01  5.648234495981425e+00 -7.784664965244668e+00  5.648234495981741e+00 -7.784664965245116e+00  5.648234495981741e+00 -7.784664965245117e+00  5.648234495981424e+00 -7.784664965244664e+00 -2.615186348308746e-01 -1.318773345674630e+00 -2.615186348308906e-01 -1.318773345674705e+00 -2.615186348308908e-01 -1.318773345674705e+00 -2.615186348308742e-01 -1.318773345674630e+00 -8.000457766266438e-01 -7.212606569093896e-01 -8.000457766266896e-01 -7.212606569094298e-01 -8.000457766266897e-01 -7.212606569094296e-01 -8.000457766266432e-01 -7.212606569093893e-01 
 1.223207119049960e+05  1.319862293300267e+00 -2.154572251641618e-01  1.509104587869715e+00 -5.387184975640840e-01  1.181025702330901e+00 -2.305400569459911e-01  1.563536146297869e+00  7.803931975693927e-01  1.986933627713714e+00  5.640693483295538e-01  1.381689787680363e-01 -1.412840104648451e-01  1.381689787808169e-01 -1.412840104564230e-01  1.381689787761179e-01 -1.412840104595209e-01  1.381689787003825e-01 -1.412840105100134e-01 -3.936651971655434e-02 -9.369269619740727e-01 -3.936651971655662e-02 -9.369269619741240e-01 -3.936651971655639e-02 -9.369269619741235e-01 -3.936651971655445e-02 -9.369269619740720e-01  3.617562794412306e-01  3.355168311381078e-01  3.617562794548031e-01  3.355168311601970e-01  3.617562794498141e-01  3.355168311520734e-01  3.617562793698056e-01  3.355168310202802e-01  5.243535014859585e+00 -7.863133069953214e+00  5.243535014859875e+00 -7.863133069953668e+00  5.243535014859873e+00 -7.863133069953664e+00  5.243535014859578e+00 -7.863133069953209e+00 -2.913591448425038e-01 -1.265216006763724e+00 -2.913591448425218e-01 -1.265216006763795e+00 -2.913591448425216e-01 -1.265216006763795e+00 -2.913591448425039e-01 -1.265216006763723e+00 -7.943900837888541e-01 -6.546111637620089e-01 -7.943900837888999e-01 -6.546111637620449e-01 -7.943900837888995e-01 -6.546111637620448e-01 -7.943900837888537e-01 -6.546111637620080e-01 
 1.258925411794197e+05  1.335944644562344e+00 -2.390826405894443e-01  1.536161455537002e+00 -6.022707864469410e-01  1.194597491507584e+00 -2.533023689043387e-01  1.606895207915261e+00  7.953258547544692e-01  2.078982599177449e+00  5.479916354802762e-01  1.285206299274418e-01 -1.492312200565693e-01  1.285206299434235e-01 -1.492312200477200e-01  1.285206299272771e-01 -1.492312200566644e-01  1.285206298616383e-01 -1.492312200935652e-01 -7.042722659024730e-02 -9.054375618660866e-01 -7.042722659025080e-02 -9.054375618661361e-01 -7.042722659025069e-02 -9.054375618661361e-01 -7.042722659024692e-02 -9.054375618660865e-01  3.704066587798497e-01  3.018125493177312e-01  3.704066587978762e-01  3.018125493431079e-01  3.704066587796668e-01  3.018125493174639e-01  3.704066587060396e-01  3.018125492123856e-01  4.845866998910828e+00 -7.920958031900216e+00  4.845866998911100e+00 -7.920958031900671e+00  4.845866998911101e+00 -7.920958031900671e+00  4.845866998910832e+00 -7.920958031900215e+00 -3.179040289991747e-01 -1.213061075335778e+00 -3.179040289991936e-01 -1.213061075335847e+00 -3.179040289991935e-01 -1.213061075335847e+00 -3.179040289991741e-01 -1.213061075335778e+00 -7.857075257030115e-01 -5.915024283576548e-01 -7.857075257030566e-01 -5.915024283576878e-01 -7.857075257030566e-01 -5.915024283576878e-01 -7.857075257030113e-01 -5.915024283576552e-01 
 1.295686697517050e+05  1.352109773512480e+00 -2.654097719114658e-01  1.561452876716636e+00 -6.736925278334832e-01  1.208118066090568e+00 -2.785518638706608e-01  1.653856894520128e+00  8.087219624897622e-01  2.178631412142484e+00  5.238106042988390e-01  1.182722584655292e-01 -1.565741146311578e-01  1.182722584929255e-01 -1.565741146186933e-01  1.182722584868904e-01 -1.565741146214400e-01  1.182722584104034e-01 -1.565741146567720e-01 -9.903382191701054e-02 -8.740450043550548e-01 -9.903382191701537e-02 -8.740450043551027e-01 -9.903382191701537e-02 -8.740450043551027e-01 -9.903382191701043e-02 -8.740450043550546e-01  3.767835555628891e-01  2.683371223902762e-01  3.767835555955743e-01  2.683371224302094e-01  3.767835555883749e-01  2.683371224214113e-01  3.767835554975260e-01  2.683371223091042e-01  4.455089416777898e+00 -7.960798005021994e+00  4.455089416778147e+00 -7.960798005022450e+00  4.455089416778147e+00 -7.960798005022451e+00  4.455089416777895e+00 -7.960798005021992e+00 -3.416488955505899e-01 -1.162431348349332e+00 -3.416488955506100e-01 -1.162431348349398e+00 -3.416488955506101e-01 -1.162431348349398e+00 -3.416488955505900e-01 -1.162431348349332e+00 -7.745339299525502e-01 -5.318270245266976e-01 -7.745339299525943e-01 -5.318270245267271e-01 -7.745339299525944e-01 -5.318270245267270e-01 -7.745339299525501e-01 -5.318270245266973e-01 
 1.333521432163356e+05  1.368137713993427e+00 -2.947226552908760e-01  1.583913410706463e+00 -7.537846906543664e-01  1.221372422468732e+00 -3.065392890389478e-01  1.704649038257668e+00  8.201170404641897e-01  2.286021538994831e+00  4.896847117454448e-01  1.074199710372145e-01 -1.632863474295624e-01  1.074199710527483e-01 -1.632863474239622e-01  1.074199710439317e-01 -1.632863474271430e-01  1.074199709701098e-01 -1.632863474542823e-01 -1.254896626145870e-01 -8.428834613470690e-01 -1.254896626145932e-01 -8.428834613471154e-01 -1.254896626145930e-01 -8.428834613471153e-01 -1.254896626145872e-01 -8.428834613470693e-01  3.809858518570761e-01  2.351393264725200e-01  3.809858518766294e-01  2.351393264932450e-01  3.809858518655332e-01  2.351393264814785e-01  3.809858517730189e-01  2.351393263821767e-01  4.070528366325420e+00 -7.984865314940408e+00  4.070528366325651e+00 -7.984865314940865e+00  4.070528366325650e+00 -7.984865314940865e+00  4.070528366325419e+00 -7.984865314940408e+00 -3.630571119423566e-01 -1.113354345231396e+00 -3.630571119423776e-01 -1.113354345231459e+00 -3.630571119423774e-01 -1.113354345231459e+00 -3.630571119423566e-01 -1.113354345231396e+00 -7.613198832863295e-01 -4.754149724334860e-01 -7.613198832863730e-01 -4.754149724335128e-01 -7.613198832863728e-01 -4.754149724335126e-01 -7.613198832863295e-01 -4.754149724334859e-01 
 1.372460961007595e+05  1.383744041609566e+00 -3.273169363116353e-01  1.602186419604655e+00 -8.433207834144125e-01  1.234085838337412e+00 -3.375231556151315e-01  1.759474053075197e+00  8.289563821582814e-01  2.401051386551484e+00  4.434471316027894e-01  9.595296018713817e-02 -1.693256994169159e-01  9.595296019904384e-02 -1.693256994137151e-01  9.595296018593352e-02 -1.693256994172442e-01  9.595296011692350e-02 -1.693256994363170e-01 -1.500828892572925e-01 -8.120168874962447e-01 -1.500828892572996e-01 -8.120168874962893e-01 -1.500828892572998e-01 -8.120168874962891e-01 -1.500828892572924e-01 -8.120168874962441e-01  3.830750869307776e-01  2.022501507983419e-01  3.830750869465664e-01  2.022501508128110e-01  3.830750869291835e-01  2.022501507968710e-01  3.830750868380824e-01  2.022501507122003e-01  3.691097234843705e+00 -7.994854623338451e+00  3.691097234843916e+00 -7.994854623338908e+00  3.691097234843914e+00 -7.994854623338907e+00  3.691097234843702e+00 -7.994854623338449e+00 -3.825483300351649e-01 -1.065775249535752e+00 -3.825483300351866e-01 -1.065775249535812e+00 -3.825483300351867e-01 -1.065775249535812e+00 -3.825483300351650e-01 -1.065775249535751e+00 -7.464296474964134e-01 -4.220549204330724e-01 -7.464296474964557e-01 -4.220549204330963e-01 -7.464296474964557e-01 -4.220549204330962e-01 -7.464296474964132e-01 -4.220549204330721e-01 
 1.412537544622788e+05  1.398567022790480e+00 -3.634913617276457e-01  1.614571648935241e+00 -9.429854364490881e-01  1.245912449438069e+00 -3.717613578447517e-01  1.818489971356152e+00  8.345838507267254e-01  2.523265557985227e+00  3.825864139827588e-01  8.385834042920393e-02 -1.746305969308444e-01  8.385834045340787e-02 -1.746305969265204e-01  8.385834043449508e-02 -1.746305969299024e-01  8.385834037246032e-02 -1.746305969414844e-01 -1.730761767813183e-01 -7.814468440800655e-01 -1.730761767813265e-01 -7.814468440801086e-01 -1.730761767813269e-01 -7.814468440801083e-01 -1.730761767813183e-01 -7.814468440800658e-01  3.830731457463349e-01  1.696958360081121e-01  3.830731457801304e-01  1.696958360347116e-01  3.830731457537256e-01  1.696958360139218e-01  3.830731456675190e-01  1.696958359449763e-01  3.315416829987339e+00 -7.991888031654311e+00  3.315416829987529e+00 -7.991888031654765e+00  3.315416829987527e+00 -7.991888031654768e+00  3.315416829987341e+00 -7.991888031654314e+00 -4.004896042761663e-01 -1.019569145058087e+00 -4.004896042761890e-01 -1.019569145058145e+00 -4.004896042761895e-01 -1.019569145058145e+00 -4.004896042761665e-01 -1.019569145058088e+00 -7.301430198948253e-01 -3.715128945753333e-01 -7.301430198948665e-01 -3.715128945753542e-01 -7.301430198948667e-01 -3.715128945753540e-01 -7.301430198948257e-01 -3.715128945753335e-01 
 1.453784385607697e+05  1.412153916902992e+00 -4.035348541409678e-01  1.618975471117630e+00 -1.053285987658046e+00  1.256423241396290e+00 -4.094987002634583e-01  1.881785273820126e+00  8.362323434246507e-01  2.651713333346367e+00  3.042491783185040e-01  7.112711675061900e-02 -1.791174704475273e-01  7.112711676956540e-02 -1.791174704458615e-01  7.112711676641900e-02 -1.791174704461388e-01  7.112711667897370e-02 -1.791174704543314e-01 -1.946980021552165e-01 -7.511204795385793e-01 -1.946980021552259e-01 -7.511204795386209e-01 -1.946980021552258e-01 -7.511204795386208e-01 -1.946980021552162e-01 -7.511204795385793e-01  3.809626559033470e-01  1.375112668755147e-01  3.809626559312154e-01  1.375112668941212e-01  3.809626559265878e-01  1.375112668910301e-01  3.809626557983913e-01  1.375112668043747e-01  2.941937760506169e+00 -7.976472712776606e+00  2.941937760506338e+00 -7.976472712777056e+00  2.941937760506338e+00 -7.976472712777057e+00  2.941937760506169e+00 -7.976472712776604e+00 -4.171880738982860e-01 -9.745524623503363e-01 -4.171880738983091e-01 -9.745524623503914e-01 -4.171880738983091e-01 -9.745524623503914e-01 -4.171880738982858e-01 -9.745524623503362e-01 -7.126592161909856e-01 -3.235489088083005e-01 -7.126592161910256e-01 -3.235489088083190e-01 -7.126592161910256e-01 -3.235489088083190e-01 -7.126592161909854e-01 -3.235489088083006e-01 
 1.496235656094469e+05  1.423947377190969e+00 -4.477078980927787e-01  1.612872534759222e+00 -1.174430668478318e+00  1.265094379302869e+00 -4.509492069104885e-01  1.949346468909652e+00  8.330179364765012e-01  2.784774594932284e+00  2.052798940526664e-01  5.776135090066764e-02 -1.826792681435116e-01  5.776135093374168e-02 -1.826792681436628e-01  5.776135092158566e-02 -1.826792681436089e-01  5.776135084597525e-02 -1.826792681437564e-01 -2.151348330138035e-01 -7.209386991678849e-01 -2.151348330138143e-01 -7.209386991679247e-01 -2.151348330138141e-01 -7.209386991679247e-01 -2.151348330138034e-01 -7.209386991678846e-01  3.766902883439065e-01  1.057535491222528e-01  3.766902883952136e-01  1.057535491507843e-01  3.766902883763577e-01  1.057535491402952e-01  3.766902882594942e-01  1.057535490743061e-01  2.569069392310902e+00 -7.948469230598822e+00  2.569069392311049e+00 -7.948469230599275e+00  2.569069392311050e+00 -7.948469230599275e+00  2.569069392310900e+00 -7.948469230598818e+00 -4.328843470071301e-01 -9.304939416074075e-01 -4.328843470071544e-01 -9.304939416074600e-01 -4.328843470071544e-01 -9.304939416074601e-01 -4.328843470071299e-01 -9.304939416074069e-01 -6.941022239203161e-01 -2.779319096247566e-01 -6.941022239203551e-01 -2.779319096247723e-01 -6.941022239203551e-01 -2.779319096247723e-01 -6.941022239203156e-01 -2.779319096247563e-01 
 1.539926526059529e+05  1.433273562125382e+00 -4.962169338425888e-01  1.593292474246474e+00 -1.306168255460801e+00  1.271297409897528e+00 -4.962720846411894e-01  2.021017752929856e+00  8.239405918405964e-01  2.919956321426205e+00  8.231793396273196e-02  4.378252704064092e-02 -1.851855902534600e-01  4.378252705000812e-02 -1.851855902544084e-01  4.378252703853275e-02 -1.851855902532525e-01  4.378252697675164e-02 -1.851855902475139e-01 -2.345237994321895e-01 -6.907648499315285e-01 -2.345237994322010e-01 -6.907648499315672e-01 -2.345237994322011e-01 -6.907648499315673e-01 -2.345237994321894e-01 -6.907648499315286e-01  3.701733575059931e-01  7.451547234865179e-02  3.701733575213539e-01  7.451547235555556e-02  3.701733575025412e-01  7.451547234708879e-02  3.701733574016906e-01  7.451547230075424e-02  2.195320765482906e+00 -7.907072221566072e+00  2.195320765483036e+00 -7.907072221566525e+00  2.195320765483036e+00 -7.907072221566525e+00  2.195320765482908e+00 -7.907072221566072e+00 -4.477460024584486e-01 -8.871257599290174e-01 -4.477460024584737e-01 -8.871257599290681e-01 -4.477460024584736e-01 -8.871257599290682e-01 -4.477460024584484e-01 -8.871257599290175e-01 -6.745274687568867e-01 -2.344535676874183e-01 -6.745274687569249e-01 -2.344535676874320e-01 -6.745274687569249e-01 -2.344535676874321e-01 -6.745274687568866e-01 -2.344535676874186e-01 
 1.584893192461152e+05  1.439334431751495e+00 -5.491806487378987e-01  1.556851276531132e+00 -1.447587778157342e+00  1.274293655039813e+00 -5.455404268371283e-01  2.096452866507819e+00  8.078953041677812e-01  3.053671393529863e+00 -6.802314809664092e-02  2.924096322684905e-02 -1.864850653468257e-01  2.924096324363107e-02 -1.864850653502366e-01  2.924096324147807e-02 -1.864850653497995e-01  2.924096317439498e-02 -1.864850653366781e-01 -2.529456468126973e-01 -6.604344687648219e-01 -2.529456468127098e-01 -6.604344687648590e-01 -2.529456468127099e-01 -6.604344687648590e-01 -2.529456468126971e-01 -6.604344687648219e-01  3.613102533013169e-01  4.393829076814561e-02  3.613102533304873e-01  4.393829077827103e-02  3.613102533267454e-01  4.393829077697127e-02  3.613102532106133e-01  4.393829073570040e-02  1.819458649040220e+00 -7.850809003320375e+00  1.819458649040328e+00 -7.850809003320822e+00  1.819458649040327e+00 -7.850809003320823e+00  1.819458649040219e+00 -7.850809003320375e+00 -4.618609770343595e-01 -8.441557168963273e-01 -4.618609770343852e-01 -8.441557168963753e-01 -4.618609770343854e-01 -8.441557168963754e-01 -4.618609770343595e-01 -8.441557168963272e-01 -6.539299855327267e-01 -1.929413280446487e-01 -6.539299855327636e-01 -1.929413280446599e-01 -6.539299855327638e-01 -1.929413280446599e-01 -6.539299855327267e-01 -1.929413280446486e-01 
 1.631172909227878e+05  1.441207746571389e+00 -6.065876839075436e-01  1.499853025041406e+00 -1.596884561550068e+00  1.273236046114415e+00 -5.987023632975068e-01  2.175060726057271e+00  7.836985044227263e-01  3.181025064215028e+00 -2.488668838178353e-01  1.422584481195951e-02 -1.864107201608812e-01  1.422584483568778e-02 -1.864107201683325e-01  1.422584482061784e-02 -1.864107201636038e-01  1.422584477120384e-02 -1.864107201486007e-01 -2.704181205322625e-01 -6.297668049596272e-01 -2.704181205322758e-01 -6.297668049596626e-01 -2.704181205322759e-01 -6.297668049596628e-01 -2.704181205322623e-01 -6.297668049596274e-01  3.499952684700200e-01  1.422283894950482e-02  3.499952685139204e-01  1.422283896033059e-02  3.499952684860425e-01  1.422283895344938e-02  3.499952683951059e-01  1.422283893010550e-02  1.440685909752299e+00 -7.777566249904985e+00  1.440685909752387e+00 -7.777566249905426e+00  1.440685909752387e+00 -7.777566249905430e+00  1.440685909752302e+00 -7.777566249904986e+00 -4.752310970921517e-01 -8.012815377430110e-01 -4.752310970921779e-01 -8.012815377430567e-01 -4.752310970921782e-01 -8.012815377430570e-01 -4.752310970921516e-01 -8.012815377430114e-01 -6.322546120077845e-01 -1.532708830788557e-01 -6.322546120078202e-01 -1.532708830788648e-01 -6.322546120078205e-01 -1.532708830788648e-01 -6.322546120077848e-01 -1.532708830788559e-01 
 1.678804018122601e+05  1.437859336562875e+00 -6.682464988373417e-01  1.418491963997575e+00 -1.751111782965091e+00  1.267182562080683e+00 -6.555355302374281e-01  2.255948633615755e+00  7.501351334989670e-01  3.295653223958089e+00 -4.626520139527028e-01 -1.124947127952969e-03 -1.847891262826491e-01 -1.124947116923514e-03 -1.847891262874763e-01 -1.124947135701576e-03 -1.847891262792681e-01 -1.124947175953572e-03 -1.847891262621927e-01 -2.868903741590825e-01 -5.985788538357717e-01 -2.868903741590971e-01 -5.985788538358053e-01 -2.868903741590971e-01 -5.985788538358057e-01 -2.868903741590825e-01 -5.985788538357719e-01  3.361381896549164e-01 -1.436252908109262e-02  3.361381896767606e-01 -1.436252907790207e-02  3.361381896395802e-01 -1.436252908335017e-02  3.361381895603863e-01 -1.436252909583771e-02  1.058839075853666e+00 -7.684659131732238e+00  1.058839075853729e+00 -7.684659131732677e+00  1.058839075853731e+00 -7.684659131732677e+00  1.058839075853667e+00 -7.684659131732239e+00 -4.877666044030186e-01 -7.582083453102776e-01 -4.877666044030459e-01 -7.582083453103209e-01 -4.877666044030458e-01 -7.582083453103210e-01 -4.877666044030185e-01 -7.582083453102779e-01 -6.094089355153222e-01 -1.153778351796557e-01 -6.094089355153567e-01 -1.153778351796625e-01 -6.094089355153567e-01 -1.153778351796627e-01 -6.094089355153223e-01 -1.153778351796559e-01 
 1.727825980507905e+05  1.428172983195921e+00 -7.337302034309298e-01  1.309183594542376e+00 -1.905955590989657e+00  1.255126060291194e+00 -7.155976636536474e-01  2.337870010894913e+00  7.060314958791887e-01  3.389679057251683e+00 -7.105681411540485e-01 -1.661655800516829e-02 -1.814539558713626e-01 -1.661655800227130e-02 -1.814539558730449e-01 -1.661655800898929e-02 -1.814539558691594e-01 -1.661655806341916e-02 -1.814539558382224e-01 -3.022395284197099e-01 -5.667024742870932e-01 -3.022395284197253e-01 -5.667024742871256e-01 -3.022395284197255e-01 -5.667024742871255e-01 -3.022395284197100e-01 -5.667024742870934e-01  3.196885154293185e-01 -4.147925206357267e-02  3.196885154355098e-01 -4.147925206330556e-02  3.196885154211682e-01 -4.147925206394946e-02  3.196885153055131e-01 -4.147925207001422e-02  6.745966918428143e-01 -7.568960499270869e+00  6.745966918428583e-01 -7.568960499271304e+00  6.745966918428572e-01 -7.568960499271303e+00  6.745966918428150e-01 -7.568960499270871e+00 -4.992832293050221e-01 -7.146700932693748e-01 -4.992832293050500e-01 -7.146700932694158e-01 -4.992832293050502e-01 -7.146700932694158e-01 -4.992832293050222e-01 -7.146700932693749e-01 -5.852797741318545e-01 -7.926776405400837e-02 -5.852797741318878e-01 -7.926776405401326e-02 -5.852797741318879e-01 -7.926776405401317e-02 -5.852797741318547e-01 -7.926776405400834e-02 
 1.778279410038966e+05  1.411003191937532e+00 -8.023220932891496e-01  1.169041625119755e+00 -2.055594927372245e+00  1.236045109550454e+00 -7.781788037859143e-01  2.419187326059994e+00  6.503570974906946e-01  3.453875217022446e+00 -9.918699621539415e-01 -3.199234371319372e-02 -1.762641307512692e-01 -3.199234369559134e-02 -1.762641307644065e-01 -3.199234370854694e-02 -1.762641307547431e-01 -3.199234374917956e-02 -1.762641307250147e-01 -3.162710533765073e-01 -5.340047044005545e-01 -3.162710533765236e-01 -5.340047044005850e-01 -3.162710533765237e-01 -5.340047044005851e-01 -3.162710533765076e-01 -5.340047044005545e-01  3.006632436438901e-01 -6.672363227170910e-02  3.006632436848179e-01 -6.672363227417508e-02  3.006632436547004e-01 -6.672363227236905e-02  3.006632435608364e-01 -6.672363226760900e-02  2.896796874784641e-01 -7.427107828333464e+00  2.896796874784866e-01 -7.427107828333891e+00  2.896796874784874e-01 -7.427107828333892e+00  2.896796874784643e-01 -7.427107828333466e+00 -5.095040677815491e-01 -6.704551135682647e-01 -5.095040677815775e-01 -6.704551135683032e-01 -5.095040677815776e-01 -6.704551135683035e-01 -5.095040677815492e-01 -6.704551135682648e-01 -5.597537414517710e-01 -4.502325487017622e-02 -5.597537414518029e-01 -4.502325487017927e-02 -5.597537414518030e-01 -4.502325487017933e-02 -5.597537414517711e-01 -4.502325487017622e-02 
 1.830206106311101e+05  1.385254564442874e+00 -8.729711879757196e-01  9.964895903712822e-01 -2.192729019394188e+00  1.208978849336105e+00 -8.422638080887532e-01  2.497864479774670e+00  5.823544321454082e-01  3.478126747041713e+00 -1.303140708326369e+00 -4.693487915950093e-02 -1.691259117178074e-01 -4.693487914672434e-02 -1.691259117299948e-01 -4.693487915909365e-02 -1.691259117182044e-01 -4.693487919228052e-02 -1.691259116871996e-01 -3.287250503429416e-01 -5.004105660443453e-01 -3.287250503429586e-01 -5.004105660443741e-01 -3.287250503429586e-01 -5.004105660443742e-01 -3.287250503429416e-01 -5.004105660443452e-01  2.791758229301050e-01 -8.964220784309883e-02  2.791758229629035e-01 -8.964220784869503e-02  2.791758229311593e-01 -8.964220784329040e-02  2.791758228466527e-01 -8.964220782977313e-02 -9.298751962217888e-02 -7.255800350533758e+00 -9.298751962217888e-02 -7.255800350534174e+00 -9.298751962217799e-02 -7.255800350534176e+00 -9.298751962217977e-02 -7.255800350533756e+00 -5.180690224909232e-01 -6.254348189917637e-01 -5.180690224909523e-01 -6.254348189917995e-01 -5.180690224909523e-01 -6.254348189917998e-01 -5.180690224909232e-01 -6.254348189917635e-01 -5.327418140959530e-01 -1.280580451636781e-02 -5.327418140959833e-01 -1.280580451636887e-02 -5.327418140959834e-01 -1.280580451636892e-02 -5.327418140959529e-01 -1.280580451636770e-02 
 1.883649089489847e+05  1.349987666023705e+00 -9.442704940231894e-01  7.919489174056840e-01 -2.308865010489276e+00  1.173125257092748e+00 -9.065168599815906e-01  2.571504936865953e+00  5.016886414204336e-01  3.452269927644200e+00 -1.637640398907142e+00 -6.107523911751109e-02 -1.600170357721518e-01 -6.107523910855750e-02 -1.600170357831229e-01 -6.107523911072472e-02 -1.600170357804698e-01 -6.107523914582302e-02 -1.600170357382052e-01 -3.392905434466149e-01 -4.659264625693010e-01 -3.392905434466325e-01 -4.659264625693282e-01 -3.392905434466326e-01 -4.659264625693282e-01 -3.392905434466148e-01 -4.659264625693009e-01  2.554622402335147e-01 -1.097592796584600e-01  2.554622402593972e-01 -1.097592796659473e-01  2.554622402531350e-01 -1.097592796641389e-01  2.554622401524779e-01 -1.097592796359509e-01 -4.691984813107466e-01 -7.052185730854888e+00 -4.691984813107654e-01 -7.052185730855295e+00 -4.691984813107658e-01 -7.052185730855294e+00 -4.691984813107470e-01 -7.052185730854887e+00 -5.245545709888607e-01 -5.795930255295912e-01 -5.245545709888899e-01 -5.795930255296251e-01 -5.245545709888899e-01 -5.795930255296250e-01 -5.245545709888607e-01 -5.795930255295911e-01 -5.042067320039260e-01  1.714987400966173e-02 -5.042067320039548e-01  1.714987400966198e-02 -5.042067320039548e-01  1.714987400966203e-02 -5.042067320039259e-01  1.714987400966175e-02 
 1.938652635952255e+05  1.304544897404984e+00 -1.014472551612746e+00  5.584840250039135e-01 -2.394939823227967e+00  1.127956262275395e+00 -9.693010929834615e-01  2.637450267649859e+00  4.085996196550773e-01  3.367317863121881e+00 -1.984938395184515e+00 -7.401239633003599e-02 -1.490095225242500e-01 -7.401239632285814e-02 -1.490095225357860e-01 -7.401239633151985e-02 -1.490095225218805e-01 -7.401239635182932e-02 -1.490095224900906e-01 -3.476292405987347e-01 -4.306608781372062e-01 -3.476292405987530e-01 -4.306608781372315e-01 -3.476292405987529e-01 -4.306608781372314e-01 -3.476292405987349e-01 -4.306608781372062e-01  2.298987176494234e-01 -1.266167229205449e-01  2.298987176734982e-01 -1.266167229306523e-01  2.298987176444636e-01 -1.266167229184796e-01  2.298987175772906e-01 -1.266167228912150e-01 -8.335184581989974e-01 -6.814313479611394e+00 -8.335184581990385e-01 -6.814313479611789e+00 -8.335184581990378e-01 -6.814313479611785e+00 -8.335184581989992e-01 -6.814313479611396e+00 -5.285057170047691e-01 -5.330515332584571e-01 -5.285057170047989e-01 -5.330515332584883e-01 -5.285057170047985e-01 -5.330515332584881e-01 -5.285057170047694e-01 -5.330515332584571e-01 -4.741905636993186e-01  4.455144772181482e-02 -4.741905636993459e-01  4.455144772181682e-02 -4.741905636993456e-01  4.455144772181674e-02 -4.741905636993187e-01  4.455144772181494e-02 
 1.995262314968929e+05  1.248681585792960e+00 -1.081555214844791e+00  3.022274213856393e-01 -2.442289931809045e+00  1.073335584113518e+00 -1.028744639520709e+00  2.692946514928836e+00  3.040294783462109e-01  3.216969075993081e+00 -2.331060936982070e+00 -8.534304595492867e-02 -1.362864511503194e-01 -8.534304595158614e-02 -1.362864511576957e-01 -8.534304595488060e-02 -1.362864511504419e-01 -8.534304597254054e-02 -1.362864511125610e-01 -3.534086945907677e-01 -3.948379068307739e-01 -3.534086945907863e-01 -3.948379068307971e-01 -3.534086945907864e-01 -3.948379068307971e-01 -3.534086945907677e-01 -3.948379068307737e-01  2.030048071403284e-01 -1.398234072533706e-01  2.030048071540006e-01 -1.398234072611360e-01  2.030048071405438e-01 -1.398234072535082e-01  2.030048070695547e-01 -1.398234072141939e-01 -1.179514595513599e+00 -6.541603714977724e+00 -1.179514595513661e+00 -6.541603714978101e+00 -1.179514595513661e+00 -6.541603714978102e+00 -1.179514595513601e+00 -6.541603714977724e+00 -5.294799252145035e-01 -4.860860932034958e-01 -5.294799252145332e-01 -4.860860932035240e-01 -5.294799252145332e-01 -4.860860932035241e-01 -5.294799252145037e-01 -4.860860932034956e-01 -4.428382097239442e-01  6.907567594435340e-02 -4.428382097239695e-01  6.907567594435693e-02 -4.428382097239695e-01  6.907567594435690e-02 -4.428382097239442e-01  6.907567594435360e-02 
 2.053525026457197e+05  1.182679353093639e+00 -1.143343872492838e+00  3.238481467586760e-02 -2.443878365238839e+00  1.009617934662492e+00 -1.082857888060622e+00  2.735372049250820e+00  1.896920082811872e-01  2.999149021386500e+00 -2.659342532087369e+00 -9.469969769308137e-02 -1.221474815937420e-01 -9.469969769024915e-02 -1.221474816031444e-01 -9.469969769098094e-02 -1.221474816007213e-01 -9.469969770374574e-02 -1.221474815598233e-01 -3.563423843305302e-01 -3.587987531477745e-01 -3.563423843305490e-01 -3.587987531477959e-01 -3.563423843305492e-01 -3.587987531477960e-01 -3.563423843305302e-01 -3.587987531477745e-01  1.754265879623968e-01 -1.491080692371732e-01  1.754265879778829e-01 -1.491080692486381e-01  1.754265879738890e-01 -1.491080692456855e-01  1.754265879058278e-01 -1.491080691963400e-01 -1.500183233831051e+00 -6.235251569444163e+00 -1.500183233831129e+00 -6.235251569444523e+00 -1.500183233831129e+00 -6.235251569444525e+00 -1.500183233831052e+00 -6.235251569444163e+00 -5.270996449459427e-01 -4.391264554183736e-01 -5.270996449459722e-01 -4.391264554183995e-01 -5.270996449459723e-01 -4.391264554183996e-01 -5.270996449459429e-01 -4.391264554183736e-01 -4.104115402723177e-01  9.040531046425629e-02 -4.104115402723413e-01  9.040531046426081e-02 -4.104115402723414e-01  9.040531046426081e-02 -4.104115402723179e-01  9.040531046425634e-02 
 2.113489039836699e+05  1.107414304923712e+00 -1.197684250028169e+00 -2.393335881577131e-01 -2.395563398375779e+00  9.377045505521425e-01 -1.129695450266007e+00  2.762502247079662e+00  6.805250604060242e-02  2.717208696760715e+00 -2.952027674439199e+00 -1.017919730100223e-01 -1.069988391116545e-01 -1.017919730079590e-01 -1.069988391245856e-01 -1.017919730088989e-01 -1.069988391187153e-01 -1.017919730157880e-01 -1.069988390780622e-01 -3.562314829148436e-01 -3.229874177491987e-01 -3.562314829148627e-01 -3.229874177492181e-01 -3.562314829148628e-01 -3.229874177492180e-01 -3.562314829148436e-01 -3.229874177491985e-01  1.478977459938168e-01 -1.543663870268424e-01  1.478977460126547e-01 -1.543663870447260e-01  1.478977460040978e-01 -1.543663870366113e-01  1.478977459442404e-01 -1.543663869808740e-01 -1.788553237828373e+00 -5.898472205559446e+00 -1.788553237828468e+00 -5.898472205559787e+00 -1.788553237828468e+00 -5.898472205559787e+00 -1.788553237828373e+00 -5.898472205559443e+00 -5.211064374749433e-01 -3.927356970677975e-01 -5.211064374749725e-01 -3.927356970678206e-01 -5.211064374749725e-01 -3.927356970678205e-01 -5.211064374749433e-01 -3.927356970677972e-01 -3.772890617224086e-01  1.082723453033554e-01 -3.772890617224303e-01  1.082723453033611e-01 -3.772890617224303e-01  1.082723453033612e-01 -3.772890617224085e-01  1.082723453033556e-01 
 2.175204034019577e+05  1.024355378134253e+00 -1.242644897084461e+00 -4.998785843341159e-01 -2.297099406002033e+00  8.590331805659824e-01 -1.167542605266787e+00  2.772768745660720e+00 -5.780069659899933e-02  2.380374470224743e+00 -3.192441040679820e+00 -1.064436843848940e-01 -9.132620736027153e-02 -1.064436843847486e-01 -9.132620736672722e-02 -1.064436843847320e-01 -9.132620736743458e-02 -1.064436843861006e-01 -9.132620732441143e-02 -3.530009166315276e-01 -2.879195554541404e-01 -3.530009166315467e-01 -2.879195554541578e-01 -3.530009166315467e-01 -2.879195554541579e-01 -3.530009166315274e-01 -2.879195554541402e-01  1.211813031358479e-01 -1.556917450072564e-01  1.211813031440723e-01 -1.556917450172630e-01  1.211813031449745e-01 -1.556917450183586e-01  1.211813030895332e-01 -1.556917449521664e-01 -2.038392123392976e+00 -5.536501246224665e+00 -2.038392123393087e+00 -5.536501246224987e+00 -2.038392123393087e+00 -5.536501246224987e+00 -2.038392123392975e+00 -5.536501246224661e+00 -5.114069668383388e-01 -3.475677550911315e-01 -5.114069668383676e-01 -3.475677550911520e-01 -5.114069668383676e-01 -3.475677550911520e-01 -5.114069668383385e-01 -3.475677550911312e-01 -3.439479827395668e-01  1.225009266513014e-01 -3.439479827395867e-01  1.225009266513080e-01 -3.439479827395867e-01  1.225009266513080e-01 -3.439479827395666e-01  1.225009266513014e-01 
 2.238721138568395e+05  9.354801147080752e-01 -1.276715530588716e+00 -7.364587385742830e-01 -2.152558761227858e+00  7.754921534480955e-01 -1.195094540703286e+00  2.765461846759128e+00 -1.843882566781458e-01  2.003168490428508e+00 -3.367305101863947e+00 -1.086176561700342e-01 -7.565305935827682e-02 -1.086176561714140e-01 -7.565305937056283e-02 -1.086176561707682e-01 -7.565305936478300e-02 -1.086176561675633e-01 -7.565305933313012e-02 -3.467219218940304e-01 -2.541375247995487e-01 -3.467219218940492e-01 -2.541375247995644e-01 -3.467219218940493e-01 -2.541375247995645e-01 -3.467219218940303e-01 -2.541375247995488e-01  9.600037160772938e-02 -1.533810001257605e-01  9.600037162118021e-02 -1.533810001469347e-01  9.600037161484727e-02 -1.533810001369776e-01  9.600037157964017e-02 -1.533810000828714e-01 -2.244897116135197e+00 -5.156307060972666e+00 -2.244897116135318e+00 -5.156307060972965e+00 -2.244897116135319e+00 -5.156307060972967e+00 -2.244897116135196e+00 -5.156307060972665e+00 -4.981007343958411e-01 -3.043074100148392e-01 -4.981007343958689e-01 -3.043074100148573e-01 -4.981007343958690e-01 -3.043074100148575e-01 -4.981007343958409e-01 -3.043074100148392e-01 -3.109292375778129e-01  1.330416719566656e-01 -3.109292375778308e-01  1.330416719566726e-01 -3.109292375778309e-01  1.330416719566726e-01 -3.109292375778128e-01  1.330416719566655e-01 
 2.304092976055903e+05  8.431140954797800e-01 -1.298962546712640e+00 -9.382300156697798e-01 -1.969987766958888e+00  6.892658223348673e-01 -1.211592975742471e+00  2.740830232735715e+00 -3.081432466826620e-01  1.603792799478450e+00 -3.468648921137544e+00 -1.084221421663433e-01 -6.049111785008874e-02 -1.084221421683128e-01 -6.049111785794099e-02 -1.084221421663426e-01 -6.049111785005794e-02 -1.084221421605778e-01 -6.049111782573389e-02 -3.376153700317551e-01 -2.221586549535562e-01 -3.376153700317737e-01 -2.221586549535701e-01 -3.376153700317737e-01 -2.221586549535701e-01 -3.376153700317551e-01 -2.221586549535562e-01  7.297041011161487e-02 -1.479116344848234e-01  7.297041011876038e-02 -1.479116344998294e-01  7.297041011157582e-02 -1.479116344847737e-01  7.297041008890832e-02 -1.479116344387293e-01 -2.405236720033294e+00 -4.766037207127382e+00 -2.405236720033426e+00 -4.766037207127662e+00 -2.405236720033426e+00 -4.766037207127661e+00 -2.405236720033294e+00 -4.766037207127381e+00 -4.814822981879228e-01 -2.636021655905855e-01 -4.814822981879499e-01 -2.636021655906016e-01 -4.814822981879499e-01 -2.636021655906015e-01 -4.814822981879227e-01 -2.636021655905855e-01 -2.787904119719161e-01  1.399899173508860e-01 -2.787904119719324e-01  1.399899173508935e-01 -2.787904119719323e-01  1.399899173508935e-01 -2.787904119719161e-01  1.399899173508860e-01 
 2.371373705661714e+05  7.497201141441211e-01 -1.309109953530869e+00 -1.097670734957546e+00 -1.760330020430231e+00  6.026367155703769e-01 -1.216891928109465e+00  2.700053458734852e+00 -4.257326532994894e-01  1.201796697707750e+00 -3.494812715123582e+00 -1.060968542460142e-01 -4.629221169418237e-02 -1.060968542477210e-01 -4.629221169848258e-02 -1.060968542465408e-01 -4.629221169549691e-02 -1.060968542373682e-01 -4.629221167152782e-02 -3.260343628320577e-01 -1.924261175142331e-01 -3.260343628320758e-01 -1.924261175142452e-01 -3.260343628320757e-01 -1.924261175142451e-01 -3.260343628320577e-01 -1.924261175142330e-01  5.254610071602192e-02 -1.398936234686109e-01  5.254610071908960e-02 -1.398936234777223e-01  5.254610071695198e-02 -1.398936234714026e-01  5.254610069931218e-02 -1.398936234210745e-01 -2.518832773160149e+00 -4.374290137766662e+00 -2.518832773160288e+00 -4.374290137766920e+00 -2.518832773160286e+00 -4.374290137766919e+00 -2.518832773160147e+00 -4.374290137766661e+00 -4.620163785800178e-01 -2.259984182435952e-01 -4.620163785800440e-01 -2.259984182436089e-01 -4.620163785800439e-01 -2.259984182436089e-01 -4.620163785800177e-01 -2.259984182435952e-01 -2.480549916147240e-01  1.435837142295368e-01 -2.480549916147385e-01  1.435837142295446e-01 -2.480549916147385e-01  1.435837142295446e-01 -2.480549916147240e-01  1.435837142295367e-01 
 2.440619068042041e+05  6.576761844977042e-01 -1.307531387008334e+00 -1.211316347240588e+00 -1.535876935679166e+00  5.177810494439440e-01 -1.211440965954308e+00  2.645093181958861e+00 -5.343377531364636e-01  8.155796746272963e-01 -3.450309664680607e+00 -1.019816504215689e-01 -3.341058734453049e-02 -1.019816504247576e-01 -3.341058735028626e-02 -1.019816504243874e-01 -3.341058734961669e-02 -1.019816504129204e-01 -3.341058732834220e-02 -3.124295916644699e-01 -1.652713744375918e-01 -3.124295916644872e-01 -1.652713744376023e-01 -3.124295916644874e-01 -1.652713744376023e-01 -3.124295916644698e-01 -1.652713744375917e-01  3.499250684103238e-02 -1.300056397686942e-01  3.499250684390708e-02 -1.300056397822362e-01  3.499250684357134e-02 -1.300056397806620e-01  3.499250683243892e-02 -1.300056397310486e-01 -2.587333576853138e+00 -3.989348186034312e+00 -2.587333576853281e+00 -3.989348186034547e+00 -2.587333576853282e+00 -3.989348186034547e+00 -2.587333576853138e+00 -3.989348186034310e+00 -4.402908036494442e-01 -1.918935702541904e-01 -4.402908036494691e-01 -1.918935702542022e-01 -4.402908036494693e-01 -1.918935702542022e-01 -4.402908036494440e-01 -1.918935702541902e-01 -2.191674259658651e-01  1.441822318540980e-01 -2.191674259658779e-01  1.441822318541058e-01 -2.191674259658780e-01  1.441822318541059e-01 -2.191674259658650e-01  1.441822318540979e-01 
 2.511886431509643e+05  5.690824881443433e-01 -1.295160496613601e+00 -1.279731399223135e+00 -1.308634649179178e+00  4.365943431904561e-01 -1.196194293465288e+00  2.578457516026156e+00 -6.318463588747093e-01  4.603108453866870e-01 -3.344652505508081e+00 -9.647494460118469e-02 -2.208175217444397e-02 -9.647494460247587e-02 -2.208175217620553e-02 -9.647494460044839e-02 -2.208175217342353e-02 -9.647494458821450e-02 -2.208175215624232e-02 -2.973048429547642e-01 -1.408940488826857e-01 -2.973048429547809e-01 -1.408940488826949e-01 -2.973048429547809e-01 -1.408940488826949e-01 -2.973048429547642e-01 -1.408940488826858e-01  2.038382976589112e-02 -1.189284449455409e-01  2.038382976633304e-02 -1.189284449501737e-01  2.038382976561655e-02 -1.189284449428737e-01  2.038382976073459e-02 -1.189284448981980e-01 -2.614303772952819e+00 -3.618511090350685e+00 -2.614303772952965e+00 -3.618511090350899e+00 -2.614303772952964e+00 -3.618511090350899e+00 -2.614303772952819e+00 -3.618511090350686e+00 -4.169572463879833e-01 -1.615114735043919e-01 -4.169572463880070e-01 -1.615114735044019e-01 -4.169572463880069e-01 -1.615114735044019e-01 -4.169572463879832e-01 -1.615114735043919e-01 -1.924616913037093e-01  1.422298147030349e-01 -1.924616913037207e-01  1.422298147030427e-01 -1.924616913037207e-01  1.422298147030427e-01 -1.924616913037093e-01  1.422298147030348e-01 
 2.585234839562255e+05  4.856266116844142e-01 -1.273344737649803e+00 -1.306825984399649e+00 -1.088977060127880e+00  3.605732328415492e-01 -1.172469994160431e+00  2.502929002430012e+00 -7.169348275845233e-01  1.466661705532715e-01 -3.190533453257865e+00 -8.999047873357235e-02 -1.241941666989527e-02 -8.999047873645974e-02 -1.241941667298490e-02 -8.999047873760217e-02 -1.241941667421068e-02 -8.999047872427922e-02 -1.241941665961006e-02 -2.811714610624042e-01 -1.193605027649440e-01 -2.811714610624201e-01 -1.193605027649517e-01 -2.811714610624201e-01 -1.193605027649518e-01 -2.811714610624041e-01 -1.193605027649439e-01  8.626336629437514e-03 -1.072874848756453e-01  8.626336629333400e-03 -1.072874848847734e-01  8.626336629297007e-03 -1.072874848883904e-01  8.626336629275883e-03 -1.072874848457229e-01 -2.604718132967668e+00 -3.267631787214796e+00 -2.604718132967815e+00 -3.267631787214990e+00 -2.604718132967814e+00 -3.267631787214992e+00 -2.604718132967668e+00 -3.267631787214797e+00 -3.926714035352514e-01 -1.349025236145102e-01 -3.926714035352739e-01 -1.349025236145187e-01 -3.926714035352739e-01 -1.349025236145188e-01 -3.926714035352514e-01 -1.349025236145102e-01 -1.681471451636556e-01  1.382136310100153e-01 -1.681471451636655e-01  1.382136310100230e-01 -1.681471451636656e-01  1.382136310100230e-01 -1.681471451636556e-01  1.382136310100153e-01 
 2.660725059798876e+05  4.085190894151305e-01 -1.243675777638722e+00 -1.298782211667539e+00 -8.848131429527681e-01  2.907632305070031e-01 -1.141790617815781e+00  2.421306382211772e+00 -7.890451025173099e-01 -1.195033000407631e-01 -3.001853681040328e+00 -8.292000178922318e-02 -4.427840509343254e-03 -8.292000179156897e-02 -4.427840511331924e-03 -8.292000178746893e-02 -4.427840507843755e-03 -8.292000177825418e-02 -4.427840499759361e-03 -2.645093521320113e-01 -1.006181629694862e-01 -2.645093521320265e-01 -1.006181629694929e-01 -2.645093521320263e-01 -1.006181629694930e-01 -2.645093521320113e-01 -1.006181629694862e-01 -5.027064385969264e-04 -9.561262366053240e-02 -5.027064393679572e-04 -9.561262366721575e-02 -5.027064380388467e-04 -9.561262365551472e-02 -5.027064354179312e-04 -9.561262362882637e-02 -2.564374590956051e+00 -2.940895921653890e+00 -2.564374590956196e+00 -2.940895921654066e+00 -2.564374590956195e+00 -2.940895921654066e+00 -2.564374590956050e+00 -2.940895921653890e+00 -3.680424748287902e-01 -1.119641864467207e-01 -3.680424748288114e-01 -1.119641864467278e-01 -3.680424748288113e-01 -1.119641864467279e-01 -3.680424748287901e-01 -1.119641864467207e-01 -1.463110960263659e-01  1.326229338563772e-01 -1.463110960263747e-01  1.326229338563846e-01 -1.463110960263746e-01  1.326229338563845e-01 -1.463110960263659e-01  1.326229338563771e-01 
 2.738419634264430e+05  3.384943274627976e-01 -1.207827496343713e+00 -1.262894952631708e+00 -7.013127979367747e-01  2.277665960964882e-01 -1.105733554204903e+00  2.336196919110207e+00 -8.482824438250336e-01 -3.367213795537393e-01 -2.792024761400574e+00 -7.560651844625209e-02  1.975759978116019e-03 -7.560651844883540e-02  1.975759976375641e-03 -7.560651844788767e-02  1.975759977016382e-03 -7.560651843667945e-02  1.975759984794177e-03 -2.477391553409248e-01 -8.452005018590496e-02 -2.477391553409388e-01 -8.452005018591074e-02 -2.477391553409390e-01 -8.452005018591079e-02 -2.477391553409248e-01 -8.452005018590496e-02 -7.309819384454403e-03 -8.431761709496299e-02 -7.309819385911821e-03 -8.431761710171530e-02 -7.309819385380610e-03 -8.431761709923449e-02 -7.309819379405962e-03 -8.431761706957587e-02 -2.499333962172767e+00 -2.640827796305397e+00 -2.499333962172906e+00 -2.640827796305556e+00 -2.499333962172908e+00 -2.640827796305556e+00 -2.499333962172767e+00 -2.640827796305397e+00 -3.435977970015628e-01 -9.247445080749159e-02 -3.435977970015823e-01 -9.247445080749768e-02 -3.435977970015826e-01 -9.247445080749768e-02 -3.435977970015628e-01 -9.247445080749159e-02 -1.269342005193763e-01  1.259159177659189e-01 -1.269342005193839e-01  1.259159177659258e-01 -1.269342005193839e-01  1.259159177659259e-01 -1.269342005193763e-01  1.259159177659189e-01 
 2.818382931264525e+05  2.758606020300000e-01 -1.167423182531262e+00 -1.206567284921305e+00 -5.410884871260410e-01  1.717943358984315e-01 -1.065810497460639e+00  2.249876872312067e+00 -8.952682882292129e-01 -5.069507295515655e-01 -2.572783395933754e+00 -6.832945635139054e-02  6.934693332898711e-03 -6.832945635404593e-02  6.934693331489619e-03 -6.832945635178017e-02  6.934693332696546e-03 -6.832945634325566e-02  6.934693337403781e-03 -2.312068583144377e-01 -7.085341776790829e-02 -2.312068583144511e-01 -7.085341776791325e-02 -2.312068583144510e-01 -7.085341776791329e-02 -2.312068583144378e-01 -7.085341776790838e-02 -1.214222819189132e-02 -7.369733037748065e-02 -1.214222819392103e-02 -7.369733038392899e-02 -1.214222819219644e-02 -7.369733037841950e-02 -1.214222818597083e-02 -7.369733035742453e-02 -2.415461149920753e+00 -2.368466053223434e+00 -2.415461149920891e+00 -2.368466053223577e+00 -2.415461149920890e+00 -2.368466053223577e+00 -2.415461149920754e+00 -2.368466053223435e+00 -3.197640472608009e-01 -7.613012196586080e-02 -3.197640472608195e-01 -7.613012196586587e-02 -3.197640472608194e-01 -7.613012196586591e-02 -3.197640472608010e-01 -7.613012196586080e-02 -1.099133038305483e-01  1.184971475429987e-01 -1.099133038305549e-01  1.184971475430055e-01 -1.099133038305549e-01  1.184971475430054e-01 -1.099133038305483e-01  1.184971475429988e-01 
 2.900681198693227e+05  2.205786608097733e-01 -1.123941916707677e+00 -1.136589372196265e+00 -4.046592415777619e-01  1.227429651158875e-01 -1.023384382173123e+00  2.164220189936221e+00 -9.309807836848960e-01 -6.344830467640381e-01 -2.353568967028702e+00 -6.130046753270287e-02  1.062711957601793e-02 -6.130046753368200e-02  1.062711957562032e-02 -6.130046753243068e-02  1.062711957613459e-02 -6.130046752432614e-02  1.062711957960551e-02 -2.151794944570160e-01 -5.936744920107646e-02 -2.151794944570283e-01 -5.936744920108063e-02 -2.151794944570283e-01 -5.936744920108063e-02 -2.151794944570159e-01 -5.936744920107648e-02 -1.535242248027975e-02 -6.393798110938342e-02 -1.535242248120616e-02 -6.393798111160903e-02 -1.535242248003219e-02 -6.393798110875493e-02 -1.535242247265608e-02 -6.393798109004480e-02 -2.318102300490877e+00 -2.123638047847498e+00 -2.318102300491008e+00 -2.123638047847626e+00 -2.318102300491008e+00 -2.123638047847626e+00 -2.318102300490877e+00 -2.123638047847499e+00 -2.968629944253500e-01 -6.258335676994346e-02 -2.968629944253671e-01 -6.258335676994770e-02 -2.968629944253671e-01 -6.258335676994770e-02 -2.968629944253500e-01 -6.258335676994352e-02 -9.508655295391116e-02  1.107057360341644e-01 -9.508655295391691e-02  1.107057360341706e-01 -9.508655295391691e-02  1.107057360341706e-01 -9.508655295391119e-02  1.107057360341644e-01 
 2.985382618918035e+05  1.723501797280341e-01 -1.078664219335102e+00 -1.058723795369950e+00 -2.910246660429838e-01  8.027867902353289e-02 -9.796230669867059e-01  2.080683830401346e+00 -9.566071525373011e-01 -7.248953101222158e-01 -2.141377137738036e+00 -5.466712567314480e-02  1.324440972601095e-02 -5.466712567470595e-02  1.324440972553925e-02 -5.466712567351967e-02  1.324440972590096e-02 -5.466712566548747e-02  1.324440972846933e-02 -1.998491124049355e-01 -4.979675924110320e-02 -1.998491124049472e-01 -4.979675924110678e-02 -1.998491124049471e-01 -4.979675924110674e-02 -1.998491124049355e-01 -4.979675924110316e-02 -1.727269835494640e-02 -5.513494966810206e-02 -1.727269835666976e-02 -5.513494967146061e-02 -1.727269835536570e-02 -5.513494966890325e-02 -1.727269834673485e-02 -5.513494965139603e-02 -2.211898069274870e+00 -1.905267956017372e+00 -2.211898069274995e+00 -1.905267956017489e+00 -2.211898069274995e+00 -1.905267956017488e+00 -2.211898069274870e+00 -1.905267956017372e+00 -2.751179439693281e-01 -5.147227418376456e-02 -2.751179439693441e-01 -5.147227418376820e-02 -2.751179439693441e-01 -5.147227418376817e-02 -2.751179439693281e-01 -5.147227418376453e-02 -8.225689066083446e-02  1.028125527708909e-01 -8.225689066083951e-02  1.028125527708967e-01 -8.225689066083949e-02  1.028125527708967e-01 -8.225689066083444e-02  1.028125527708909e-01 
 3.072557365267525e+05  1.307022780580609e-01 -1.032650737479900e+00 -9.775504747494401e-01 -1.982202392423875e-01  4.391642849432964e-02 -9.354834081819229e-01  2.000333099266060e+00 -9.734217334906718e-01 -7.842083168094485e-01 -1.940941235637240e+00 -4.852143619416829e-02  1.497493660806403e-02 -4.852143619557477e-02  1.497493660777189e-02 -4.852143619486166e-02  1.497493660792201e-02 -4.852143618782860e-02  1.497493660950480e-02 -1.853418622329591e-01 -4.187925177840318e-02 -1.853418622329699e-01 -4.187925177840618e-02 -1.853418622329699e-01 -4.187925177840621e-02 -1.853418622329591e-01 -4.187925177840320e-02 -1.819955022505529e-02 -4.731337934567578e-02 -1.819955022681952e-02 -4.731337934855288e-02 -1.819955022592847e-02 -4.731337934709094e-02 -1.819955021731537e-02 -4.731337933250770e-02 -2.100711279119154e+00 -1.711670845080290e+00 -2.100711279119273e+00 -1.711670845080394e+00 -2.100711279119273e+00 -1.711670845080393e+00 -2.100711279119154e+00 -1.711670845080290e+00 -2.546666456327628e-01 -4.244387765473046e-02 -2.546666456327776e-01 -4.244387765473351e-02 -2.546666456327776e-01 -4.244387765473348e-02 -2.546666456327629e-01 -4.244387765473050e-02 -7.121164868844831e-02  9.502389299561420e-02 -7.121164868845270e-02  9.502389299561961e-02 -7.121164868845267e-02  9.502389299561960e-02 -7.121164868844834e-02  9.502389299561421e-02 
 3.162277660168460e+05  9.505996102064510e-02 -9.867451003036413e-01 -8.964947820337069e-01 -1.237805695549591e-01  1.308675738461886e-02 -8.917171583710898e-01  1.923890526549093e+00 -9.826946235153582e-01 -8.182918099775257e-01 -1.755091798572313e+00 -4.291047561866664e-02  1.599333286212068e-02 -4.291047562009544e-02  1.599333286194564e-02 -4.291047561910652e-02  1.599333286206927e-02 -4.291047561368075e-02  1.599333286283589e-02 -1.717294458193727e-01 -3.536826389999290e-02 -1.717294458193827e-01 -3.536826389999550e-02 -1.717294458193827e-01 -3.536826389999548e-02 -1.717294458193727e-01 -3.536826389999286e-02 -1.838629798394871e-02 -4.044814472118140e-02 -1.838629798594481e-02 -4.044814472397551e-02 -1.838629798456760e-02 -4.044814472203762e-02 -1.838629797716709e-02 -4.044814471126285e-02 -1.987638188703904e+00 -1.540804627047823e+00 -1.987638188704018e+00 -1.540804627047917e+00 -1.987638188704018e+00 -1.540804627047917e+00 -1.987638188703904e+00 -1.540804627047823e+00 -2.355770259604371e-01 -3.516932570409197e-02 -2.355770259604508e-01 -3.516932570409453e-02 -2.355770259604508e-01 -3.516932570409453e-02 -2.355770259604371e-01 -3.516932570409195e-02 -6.173738054909093e-02  8.748901666704191e-02 -6.173738054909473e-02  8.748901666704689e-02 -6.173738054909474e-02  8.748901666704691e-02 -6.173738054909092e-02  8.748901666704192e-02 
 3.254617834980542e+05  6.480316834680858e-02 -9.415921017445881e-01 -8.179626195750205e-01 -6.508418741292267e-02 -1.281228574624510e-02 -8.488903583343319e-01  1.851794845306471e+00 -9.856296741413439e-01 -8.324993247977803e-01 -1.585176344136030e+00 -3.784720627504491e-02  1.645444215717963e-02 -3.784720627569621e-02  1.645444215715264e-02 -3.784720627475764e-02  1.645444215719627e-02 -3.784720626963719e-02  1.645444215751103e-02 -1.590409063486031e-01 -3.003975072561247e-02 -1.590409063486123e-01 -3.003975072561477e-02 -1.590409063486124e-01 -3.003975072561474e-02 -1.590409063486030e-01 -3.003975072561248e-02 -1.804176605640978e-02 -3.448119389569403e-02 -1.804176605741284e-02 -3.448119389691394e-02 -1.804176605597592e-02 -3.448119389514831e-02 -1.804176604827534e-02 -3.448119388539173e-02 -1.875072703109172e+00 -1.390468465672983e+00 -1.875072703109279e+00 -1.390468465673068e+00 -1.875072703109279e+00 -1.390468465673068e+00 -1.875072703109171e+00 -1.390468465672983e+00 -2.178631066940749e-01 -2.935264506277470e-02 -2.178631066940875e-01 -2.935264506277693e-02 -2.178631066940876e-01 -2.935264506277691e-02 -2.178631066940748e-01 -2.935264506277470e-02 -5.363006793118619e-02  8.030941792350837e-02 -5.363006793118950e-02  8.030941792351293e-02 -5.363006793118950e-02  8.030941792351295e-02 -5.363006793118617e-02  8.030941792350833e-02 
 3.349654391578363e+05  3.930843056909952e-02 -8.976638708699376e-01 -7.435219003667107e-01 -1.958425664745006e-02 -3.437783502280756e-02 -8.074094264153912e-01  1.784260636545278e+00 -9.833272610902024e-01 -8.314860276127917e-01 -1.431462569196938e+00 -3.332026940010919e-02  1.649085894895223e-02 -3.332026940060303e-02  1.649085894896836e-02 -3.332026939989116e-02  1.649085894894949e-02 -3.332026939567545e-02  1.649085894890487e-02 -1.472734923609494e-01 -2.569561183408983e-02 -1.472734923609580e-01 -2.569561183409177e-02 -1.472734923609580e-01 -2.569561183409179e-02 -1.472734923609494e-01 -2.569561183408983e-02 -1.733288338243474e-02 -2.933543216226726e-02 -1.733288338326342e-02 -2.933543216315754e-02 -1.733288338207701e-02 -2.933543216186710e-02 -1.733288337517559e-02 -2.933543215411659e-02 -1.764798114875637e+00 -1.258447715852583e+00 -1.764798114875739e+00 -1.258447715852661e+00 -1.764798114875739e+00 -1.258447715852660e+00 -1.764798114875637e+00 -1.258447715852583e+00 -2.014994916539751e-01 -2.473440365309515e-02 -2.014994916539869e-01 -2.473440365309706e-02 -2.014994916539869e-01 -2.473440365309705e-02 -2.014994916539752e-01 -2.473440365309517e-02 -4.670138418429766e-02  7.354830627122344e-02 -4.670138418430057e-02  7.354830627122767e-02 -4.670138418430056e-02  7.354830627122766e-02 -4.670138418429767e-02  7.354830627122345e-02 
 3.447466065731582e+05  1.797701236548000e-02 -8.552886853852009e-01 -6.740896945807219e-01  1.505495324603994e-02 -5.217751505792163e-02 -7.675490811775127e-01  1.721332941318412e+00 -9.767660772315141e-01 -8.191557989698173e-01 -1.293484587938449e+00 -2.930217903400078e-02  1.621294395955093e-02 -2.930217903509245e-02  1.621294395965739e-02 -2.930217903467646e-02  1.621294395961789e-02 -2.930217903112572e-02  1.621294395933962e-02 -1.364019551362176e-01 -2.216428385419037e-02 -1.364019551362257e-01 -2.216428385419210e-02 -1.364019551362256e-01 -2.216428385419207e-02 -1.364019551362176e-01 -2.216428385419035e-02 -1.638944779835244e-02 -2.492510075888742e-02 -1.638944780032388e-02 -2.492510076079622e-02 -1.638944779957470e-02 -2.492510076006713e-02 -1.638944779329228e-02 -2.492510075374858e-02 -1.658087860227365e+00 -1.142611949857872e+00 -1.658087860227460e+00 -1.142611949857942e+00 -1.658087860227460e+00 -1.142611949857942e+00 -1.658087860227364e+00 -1.142611949857871e+00 -1.864336305186499e-01 -2.109186338601822e-02 -1.864336305186608e-01 -2.109186338601991e-02 -1.864336305186607e-01 -2.109186338601986e-02 -1.864336305186498e-01 -2.109186338601823e-02 -4.078190133517770e-02  6.723936701141665e-02 -4.078190133518027e-02  6.723936701142050e-02 -4.078190133518024e-02  6.723936701142050e-02 -4.078190133517770e-02  6.723936701141661e-02 
 3.548133892335846e+05  2.521864217770249e-04 -8.146789812958888e-01 -6.101018904490224e-01  4.089150165176898e-02 -6.673476664308332e-02 -7.294790249074335e-01  1.662934057615863e+00 -9.667983990978444e-01 -7.986896747524777e-01 -1.170317979061390e+00 -2.575577088078089e-02  1.571036778820380e-02 -2.575577088194452e-02  1.571036778839218e-02 -2.575577088133059e-02  1.571036778829417e-02 -2.575577087828963e-02  1.571036778786051e-02 -1.263860825324710e-01 -1.929957007167841e-02 -1.263860825324784e-01 -1.929957007167990e-02 -1.263860825324784e-01 -1.929957007167991e-02 -1.263860825324710e-01 -1.929957007167840e-02 -1.530977315856620e-02 -2.116304603713013e-02 -1.530977316082308e-02 -2.116304603910382e-02 -1.530977315963505e-02 -2.116304603806027e-02 -1.530977315385207e-02 -2.116304603280730e-02 -1.555803398397266e+00 -1.040975267761634e+00 -1.555803398397355e+00 -1.040975267761698e+00 -1.555803398397354e+00 -1.040975267761698e+00 -1.555803398397265e+00 -1.040975267761634e+00 -1.725956494456963e-01 -1.823690783573223e-02 -1.725956494457064e-01 -1.823690783573368e-02 -1.725956494457063e-01 -1.823690783573369e-02 -1.725956494456962e-01 -1.823690783573223e-02 -3.572211004225777e-02  6.139433431910513e-02 -3.572211004226000e-02  6.139433431910864e-02 -3.572211004226000e-02  6.139433431910862e-02 -3.572211004225777e-02  6.139433431910510e-02 
 3.651741272548471e+05 -1.437165467141994e-02 -7.759566231740633e-01 -5.516551054052745e-01  5.968653679609719e-02 -7.852159609733078e-02 -6.932877190272489e-01  1.608901722428313e+00 -9.541541391540136e-01 -7.726186948102319e-01 -1.060785260843361e+00 -2.263901761744630e-02  1.505445928528206e-02 -2.263901761792210e-02  1.505445928538975e-02 -2.263901761763985e-02  1.505445928532730e-02 -2.263901761501223e-02  1.505445928479185e-02 -1.171765388031706e-01 -1.697846283727190e-02 -1.171765388031774e-01 -1.697846283727319e-02 -1.171765388031774e-01 -1.697846283727321e-02 -1.171765388031706e-01 -1.697846283727189e-02 -1.416637893549230e-02 -1.796545900899456e-02 -1.416637893648214e-02 -1.796545900977717e-02 -1.416637893589786e-02 -1.796545900931055e-02 -1.416637893055098e-02 -1.796545900489234e-02 -1.458482514561710e+00 -9.517282844141917e-01 -1.458482514561794e+00 -9.517282844142499e-01 -1.458482514561794e+00 -9.517282844142505e-01 -1.458482514561711e+00 -9.517282844141917e-01 -1.599058807703092e-01 -1.601274226446524e-02 -1.599058807703186e-01 -1.601274226446647e-02 -1.599058807703186e-01 -1.601274226446651e-02 -1.599058807703093e-01 -1.601274226446522e-02 -3.139199372020337e-02  5.600922747357364e-02 -3.139199372020531e-02  5.600922747357687e-02 -3.139199372020533e-02  5.600922747357687e-02 -3.139199372020336e-02  5.600922747357365e-02 
 3.758374042884539e+05 -2.634565511202982e-02 -7.391745787852642e-01 -4.986187613534532e-01  7.291422512074175e-02 -8.795649380036227e-02 -6.590025681350858e-01  1.559019071295548e+00 -9.394500710588792e-01 -7.429155422633651e-01 -9.636012817856539e-01 -1.990844828352517e-02  1.430085505921343e-02 -1.990844828397548e-02  1.430085505934181e-02 -1.990844828325943e-02  1.430085505914130e-02 -1.990844828133265e-02  1.430085505864221e-02 -1.087192200653567e-01 -1.509849865717071e-02 -1.087192200653632e-01 -1.509849865717191e-02 -1.087192200653632e-01 -1.509849865717191e-02 -1.087192200653568e-01 -1.509849865717070e-02 -1.301123517939883e-02 -1.525468818152223e-02 -1.301123518039703e-02 -1.525468818224452e-02 -1.301123517881728e-02 -1.525468818109008e-02 -1.301123517465012e-02 -1.525468817791778e-02 -1.366415107776111e+00 -8.732500923367389e-01 -1.366415107776190e+00 -8.732500923367936e-01 -1.366415107776190e+00 -8.732500923367938e-01 -1.366415107776111e+00 -8.732500923367392e-01 -1.482803994817287e-01 -1.429007003670673e-02 -1.482803994817375e-01 -1.429007003670792e-02 -1.482803994817375e-01 -1.429007003670794e-02 -1.482803994817288e-01 -1.429007003670674e-02 -2.767973296468322e-02  5.106929608581855e-02 -2.767973296468498e-02  5.106929608582152e-02 -2.767973296468499e-02  5.106929608582152e-02 -2.767973296468323e-02  5.106929608581857e-02 
 3.868120546330622e+05 -3.606698712857530e-02 -7.043348339313695e-01 -4.507196976644380e-01  8.178760512454654e-02 -9.540572437868557e-02 -6.266064495601974e-01  1.513037370770349e+00 -9.232016412846258e-01 -7.110888648940031e-01 -8.774706509953577e-01 -1.752144810065796e-02  1.349212896690132e-02 -1.752144810129644e-02  1.349212896711834e-02 -1.752144810116152e-02  1.349212896707293e-02 -1.752144809921002e-02  1.349212896645208e-02 -1.009583851149072e-01 -1.357500379425211e-02 -1.009583851149131e-01 -1.357500379425316e-02 -1.009583851149131e-01 -1.357500379425318e-02 -1.009583851149071e-01 -1.357500379425210e-02 -1.188032806772646e-02 -1.296066486282177e-02 -1.188032806922798e-02 -1.296066486382479e-02 -1.188032806891166e-02 -1.296066486361210e-02 -1.188032806441266e-02 -1.296066486047717e-02 -1.279705911903415e+00 -8.041069040910465e-01 -1.279705911903489e+00 -8.041069040910964e-01 -1.279705911903489e+00 -8.041069040910964e-01 -1.279705911903415e+00 -8.041069040910462e-01 -1.376349313286889e-01 -1.296320531609051e-02 -1.376349313286970e-01 -1.296320531609154e-02 -1.376349313286970e-01 -1.296320531609154e-02 -1.376349313286888e-01 -1.296320531609048e-02 -2.448995709272877e-02  4.655282054993721e-02 -2.448995709273031e-02  4.655282054993991e-02 -2.448995709273031e-02  4.655282054993991e-02 -2.448995709272876e-02  4.655282054993721e-02 
 3.981071705535076e+05 -4.388170977925056e-02 -6.714027799190613e-01 -4.076036322876787e-01  8.729143230606431e-02 -1.011866417474138e-01 -5.960508712627171e-01  1.470692738104538e+00 -9.058356229947638e-01 -6.782712042652649e-01 -8.011490280395817e-01 -1.543770361392227e-02  1.266021750046791e-02 -1.543770361433111e-02  1.266021750062978e-02 -1.543770361410839e-02  1.266021750054270e-02 -1.543770361245611e-02  1.266021749992860e-02 -9.383881900643155e-02 -1.233844917022807e-02 -9.383881900643708e-02 -1.233844917022906e-02 -9.383881900643708e-02 -1.233844917022906e-02 -9.383881900643153e-02 -1.233844917022805e-02 -1.079747555709281e-02 -1.102138168566347e-02 -1.079747555811337e-02 -1.102138168629200e-02 -1.079747555755981e-02 -1.102138168594780e-02 -1.079747555352300e-02 -1.102138168334226e-02 -1.198324955178138e+00 -7.430424562276678e-01 -1.198324955178207e+00 -7.430424562277141e-01 -1.198324955178207e+00 -7.430424562277140e-01 -1.198324955178138e+00 -7.430424562276674e-01 -1.278874870993633e-01 -1.194639741196245e-02 -1.278874870993708e-01 -1.194639741196345e-02 -1.278874870993708e-01 -1.194639741196345e-02 -1.278874870993633e-01 -1.194639741196241e-02 -2.174182592038757e-02  4.243395216669238e-02 -2.174182592038895e-02  4.243395216669482e-02 -2.174182592038895e-02  4.243395216669482e-02 -2.174182592038756e-02  4.243395216669237e-02 
 4.097321098135522e+05 -5.008893912049712e-02 -6.403184986755917e-01 -3.688782118756211e-01  9.021643380706754e-02 -1.055720714968032e-01 -5.672662004156879e-01  1.431718053219579e+00 -8.877025212798313e-01 -6.452962239150233e-01 -7.334784249177203e-01 -1.362002250574875e-02  1.182855250708641e-02 -1.362002250594173e-02  1.182855250717391e-02 -1.362002250584029e-02  1.182855250712890e-02 -1.362002250467262e-02  1.182855250663938e-02 -8.730725954854338e-02 -1.133203354740780e-02 -8.730725954854854e-02 -1.133203354740872e-02 -8.730725954854854e-02 -1.133203354740870e-02 -8.730725954854338e-02 -1.133203354740780e-02 -9.777419894534643e-03 -9.382762495593075e-03 -9.777419895046258e-03 -9.382762495883051e-03 -9.777419894779565e-03 -9.382762495728990e-03 -9.777419891773421e-03 -9.382762493909019e-03 -1.122147244726874e+00 -6.889638301718661e-01 -1.122147244726939e+00 -6.889638301719095e-01 -1.122147244726939e+00 -6.889638301719092e-01 -1.122147244726875e+00 -6.889638301718661e-01 -1.189600361777254e-01 -1.117051078529639e-02 -1.189600361777324e-01 -1.117051078529734e-02 -1.189600361777324e-01 -1.117051078529731e-02 -1.189600361777254e-01 -1.117051078529638e-02 -1.936712163669992e-02  3.868477971138605e-02 -1.936712163670116e-02  3.868477971138829e-02 -1.936712163670115e-02  3.868477971138830e-02 -1.936712163669992e-02  3.868477971138606e-02 
 4.216965034285933e+05 -5.494560719624499e-02 -6.110054365206025e-01 -3.341420363630593e-01  9.119178489898075e-02 -1.087951150706774e-01 -5.401694505090293e-01  1.395851145371404e+00 -8.690881064130340e-01 -6.127638973207709e-01 -6.734045958291098e-01 -1.203471385385828e-02  1.101387406290128e-02 -1.203471385425776e-02  1.101387406310064e-02 -1.203471385421249e-02  1.101387406307825e-02 -1.203471385294733e-02  1.101387406247794e-02 -8.131327819535165e-02 -1.050954772840596e-02 -8.131327819535641e-02 -1.050954772840680e-02 -8.131327819535641e-02 -1.050954772840678e-02 -8.131327819535163e-02 -1.050954772840597e-02 -8.828273604395287e-03 -7.998170137991001e-03 -8.828273605508563e-03 -7.998170138585906e-03 -8.828273605382851e-03 -7.998170138518147e-03 -8.828273601928914e-03 -7.998170136583287e-03 -1.050983373156891e+00 -6.409251968971610e-01 -1.050983373156951e+00 -6.409251968972007e-01 -1.050983373156952e+00 -6.409251968972008e-01 -1.050983373156891e+00 -6.409251968971609e-01 -1.107794772729871e-01 -1.058011876866725e-02 -1.107794772729935e-01 -1.058011876866814e-02 -1.107794772729935e-01 -1.058011876866813e-02 -1.107794772729870e-01 -1.058011876866726e-02 -1.730845601222779e-02  3.527679142680707e-02 -1.730845601222888e-02  3.527679142680909e-02 -1.730845601222888e-02  3.527679142680910e-02 -1.730845601222778e-02  3.527679142680706e-02 
 4.340102636447552e+05 -5.867133598406337e-02 -5.833769461638995e-01 -3.030033576397928e-01  9.071421388039089e-02 -1.110539598785487e-01 -5.146700928161452e-01  1.362840166550712e+00 -8.502237650219189e-01 -5.810939967793795e-01 -6.199826034302212e-01 -1.065167231843204e-02  1.022773289590617e-02 -1.065167231859283e-02  1.022773289599534e-02 -1.065167231841317e-02  1.022773289589759e-02 -1.065167231757249e-02  1.022773289546295e-02 -7.580976808999963e-02 -9.833530915406412e-03 -7.580976809000411e-02 -9.833530915407200e-03 -7.580976809000413e-02 -9.833530915407189e-03 -7.580976808999960e-02 -9.833530915406416e-03 -7.953415230847780e-03 -6.827724031664751e-03 -7.953415231322451e-03 -6.827724031899669e-03 -7.953415230796531e-03 -6.827724031634083e-03 -7.953415228389559e-03 -6.827724030354137e-03 -9.846027115537775e-01 -5.981111247338139e-01 -9.846027115538344e-01 -5.981111247338514e-01 -9.846027115538345e-01 -5.981111247338514e-01 -9.846027115537770e-01 -5.981111247338136e-01 -1.032781103448442e-01 -1.013101579747896e-02 -1.032781103448503e-01 -1.013101579747981e-02 -1.032781103448503e-01 -1.013101579747980e-02 -1.032781103448442e-01 -1.013101579747897e-02 -1.551764708997782e-02  3.218187617667753e-02 -1.551764708997881e-02  3.218187617667940e-02 -1.551764708997881e-02  3.218187617667941e-02 -1.551764708997782e-02  3.218187617667752e-02 
 4.466835921509749e+05 -6.145313620345925e-02 -5.573411299592178e-01 -2.750913982343291e-01  8.917314419040240e-02 -1.125164473893783e-01 -4.906743062905042e-01  1.332446889469069e+00 -8.312955665385587e-01 -5.505690722666987e-01 -5.723749644941555e-01 -9.444272866597925e-03  9.477711165656332e-03 -9.444272866784363e-03  9.477711165768305e-03 -9.444272866595119e-03  9.477711165656261e-03 -9.444272865996814e-03  9.477711165322351e-03 -7.075315702277729e-02 -9.273706023378334e-03 -7.075315702278147e-02 -9.273706023379062e-03 -7.075315702278150e-02 -9.273706023379062e-03 -7.075315702277725e-02 -9.273706023378306e-03 -7.152932848410514e-03 -5.837542096319317e-03 -7.152932848989005e-03 -5.837542096589642e-03 -7.152932848405750e-03 -5.837542096312593e-03 -7.152932846611338e-03 -5.837542095403330e-03 -9.227506889366692e-01 -5.598204585382340e-01 -9.227506889367230e-01 -5.598204585382692e-01 -9.227506889367230e-01 -5.598204585382691e-01 -9.227506889366688e-01 -5.598204585382335e-01 -9.639376565538135e-02 -9.788122546156190e-03 -9.639376565538707e-02 -9.788122546156974e-03 -9.639376565538707e-02 -9.788122546156977e-03 -9.639376565538131e-02 -9.788122546156162e-03 -1.395428614601368e-02  2.937298081018959e-02 -1.395428614601457e-02  2.937298081019131e-02 -1.395428614601457e-02  2.937298081019131e-02 -1.395428614601366e-02  2.937298081018958e-02 
 4.597269885308843e+05 -6.344976664943959e-02 -5.328043544232458e-01 -2.500625407633585e-01  8.687186582434935e-02 -1.133242646812909e-01 -4.680880157917335e-01  1.304448508405430e+00 -8.124520641824515e-01 -5.213684313702968e-01 -5.298454489335533e-01 -8.389152636310376e-03  8.768398638095634e-03 -8.389152636539131e-03  8.768398638243283e-03 -8.389152636504447e-03  8.768398638221120e-03 -8.389152635840443e-03  8.768398637815148e-03 -6.610343353522474e-02 -8.805668364549588e-03 -6.610343353522866e-02 -8.805668364550295e-03 -6.610343353522867e-02 -8.805668364550295e-03 -6.610343353522473e-02 -8.805668364549595e-03 -6.424705475766842e-03 -4.998979614115554e-03 -6.424705476512034e-03 -4.998979614445584e-03 -6.424705476399613e-03 -4.998979614395167e-03 -6.424705474293195e-03 -4.998979613400054e-03 -8.651614383752781e-01 -5.254513417900922e-01 -8.651614383753281e-01 -5.254513417901254e-01 -8.651614383753280e-01 -5.254513417901255e-01 -8.651614383752777e-01 -5.254513417900921e-01 -9.006970571513730e-02 -9.523743641427343e-03 -9.006970571514261e-02 -9.523743641428137e-03 -9.006970571514261e-02 -9.523743641428155e-03 -9.006970571513725e-02 -9.523743641427353e-03 -1.258449529189902e-02  2.682451601616676e-02 -1.258449529189983e-02  2.682451601616832e-02 -1.258449529189984e-02  2.682451601616832e-02 -1.258449529189902e-02  2.682451601616675e-02 
 4.731512589614930e+05 -6.479567460893070e-02 -5.096737416551802e-01 -2.276030550970561e-01  8.404503800146497e-02 -1.135967004412185e-01 -4.468190049831027e-01  1.278638385464049e+00 -7.938109187373419e-01 -4.935946608362645e-01 -4.917506080015422e-01 -7.465933229738713e-03  8.102162874195708e-03 -7.465933229745807e-03  8.102162874201988e-03 -7.465933229618990e-03  8.102162874115190e-03 -7.465933229130049e-03  8.102162873796902e-03 -6.182405103618775e-02 -8.409796887640016e-03 -6.182405103619143e-02 -8.409796887640675e-03 -6.182405103619141e-02 -8.409796887640672e-03 -6.182405103618773e-02 -8.409796887640012e-03 -5.765200485237796e-03 -4.287908002200554e-03 -5.765200485265604e-03 -4.287908002208461e-03 -5.765200484833831e-03 -4.287908002024966e-03 -5.765200483211269e-03 -4.287908001290591e-03 -8.115668702403342e-01 -4.944876591803447e-01 -8.115668702403813e-01 -4.944876591803758e-01 -8.115668702403812e-01 -4.944876591803757e-01 -8.115668702403340e-01 -4.944876591803444e-01 -8.425438438188734e-02 -9.316132082425300e-03 -8.425438438189232e-02 -9.316132082426064e-03 -8.425438438189231e-02 -9.316132082426053e-03 -8.425438438188732e-02 -9.316132082425297e-03 -1.137986440671463e-02  2.451258185128174e-02 -1.137986440671536e-02  2.451258185128316e-02 -1.137986440671536e-02  2.451258185128316e-02 -1.137986440671462e-02  2.451258185128173e-02 
 4.869675251658760e+05 -6.560449325869216e-02 -4.878588839948214e-01 -2.074295665849030e-01  8.087296385363762e-02 -1.134339547964415e-01 -4.267783327199533e-01  1.254826073970719e+00 -7.754644690370610e-01 -4.672941098929727e-01 -4.575303843888797e-01 -6.656919254779703e-03  7.479749807822258e-03 -6.656919254846056e-03  7.479749807871972e-03 -6.656919254824640e-03  7.479749807856363e-03 -6.656919254306479e-03  7.479749807493368e-03 -5.788175636206144e-02 -8.070356576572466e-03 -5.788175636206486e-02 -8.070356576573101e-03 -5.788175636206488e-02 -8.070356576573097e-03 -5.788175636206142e-02 -8.070356576572461e-03 -5.170051975074257e-03 -3.684056366181178e-03 -5.170051975314916e-03 -3.684056366274766e-03 -5.170051975238399e-03 -3.684056366243842e-03 -5.170051973425824e-03 -3.684056365471384e-03 -7.617030232123789e-01 -4.664869885262379e-01 -7.617030232124229e-01 -4.664869885262672e-01 -7.617030232124233e-01 -4.664869885262674e-01 -7.617030232123787e-01 -4.664869885262378e-01 -7.890112266135757e-02 -9.148314946228624e-03 -7.890112266136219e-02 -9.148314946229353e-03 -7.890112266136223e-02 -9.148314946229346e-03 -7.890112266135754e-02 -9.148314946228617e-03 -1.031655025531698e-02  2.241506663416697e-02 -1.031655025531764e-02  2.241506663416826e-02 -1.031655025531764e-02  2.241506663416827e-02 -1.031655025531697e-02  2.241506663416696e-02 
 5.011872336272856e+05 -6.597210365825555e-02 -4.672729760901042e-01 -1.892881144595029e-01  7.749311282615455e-02 -1.129200192442894e-01 -4.078812321159276e-01  1.232836863967097e+00 -7.574843781161400e-01 -4.424725636820274e-01 -4.266986516035306e-01 -5.946796255561193e-03  6.900747108319187e-03 -5.946796255599292e-03  6.900747108349892e-03 -5.946796255501978e-03  6.900747108274731e-03 -5.946796255242856e-03  6.900747108087815e-03 -5.424637563591814e-02 -7.774762372483443e-03 -5.424637563592137e-02 -7.774762372484046e-03 -5.424637563592137e-02 -7.774762372484053e-03 -5.424637563591816e-02 -7.774762372483453e-03 -4.634472681364844e-03 -3.170425573486922e-03 -4.634472681511072e-03 -3.170425573539853e-03 -4.634472681146451e-03 -3.170425573399246e-03 -4.634472680211548e-03 -3.170425573003069e-03 -7.153143685366131e-01 -4.410700359671079e-01 -7.153143685366550e-01 -4.410700359671357e-01 -7.153143685366550e-01 -4.410700359671358e-01 -7.153143685366136e-01 -4.410700359671080e-01 -7.396774275337600e-02 -9.007138194757722e-03 -7.396774275338039e-02 -9.007138194758423e-03 -7.396774275338039e-02 -9.007138194758429e-03 -7.396774275337603e-02 -9.007138194757722e-03 -9.374518461260294e-03  2.051165920934745e-02 -9.374518461260898e-03  2.051165920934865e-02 -9.374518461260899e-03  2.051165920934865e-02 -9.374518461260296e-03  2.051165920934746e-02 
 5.158221650723194e+05 -6.597929032561797e-02 -4.478335161390316e-01 -1.729523869371436e-01  7.400934991854756e-02 -1.121251606736994e-01 -3.900476310738822e-01  1.212511026839964e+00 -7.399254890578694e-01 -4.191071400516645e-01 -3.988341812202971e-01 -5.322342144207248e-03  6.363938058122720e-03 -5.322342144294148e-03  6.363938058194743e-03 -5.322342144254676e-03  6.363938058162578e-03 -5.322342143933610e-03  6.363938057912853e-03 -5.089057999541193e-02 -7.512977884295137e-03 -5.089057999541497e-02 -7.512977884295716e-03 -5.089057999541495e-02 -7.512977884295713e-03 -5.089057999541194e-02 -7.512977884295144e-03 -4.153540998587173e-03 -2.732776329449358e-03 -4.153540998931718e-03 -2.732776329573289e-03 -4.153540998776758e-03 -2.732776329516086e-03 -4.153540997549561e-03 -2.732776329031145e-03 -6.721565928411988e-01 -4.179114607105752e-01 -6.721565928412381e-01 -4.179114607106017e-01 -6.721565928412377e-01 -4.179114607106016e-01 -6.721565928411988e-01 -4.179114607105754e-01 -6.941618829836826e-02 -8.882493024632877e-03 -6.941618829837239e-02 -8.882493024633575e-03 -6.941618829837236e-02 -8.882493024633578e-03 -6.941618829836826e-02 -8.882493024632895e-03 -8.536908951439909e-03  1.878380385118137e-02 -8.536908951440464e-03  1.878380385118248e-02 -8.536908951440462e-03  1.878380385118247e-02 -8.536908951439914e-03  1.878380385118137e-02 
 5.308844442310025e+05 -6.569402657045127e-02 -4.294626924142470e-01 -1.582215288242917e-01  7.049928268292727e-02 -1.111080484498079e-01 -3.732023999261611e-01  1.193702885883943e+00 -7.228290074445135e-01 -3.971552460074754e-01 -3.735723084578665e-01 -4.772160076620269e-03  5.867569048114966e-03 -4.772160076661472e-03  5.867569048151410e-03 -4.772160076630803e-03  5.867569048125137e-03 -4.772160076388813e-03  5.867569047928596e-03 -4.778964630508153e-02 -7.277025745350271e-03 -4.778964630508437e-02 -7.277025745350844e-03 -4.778964630508437e-02 -7.277025745350823e-03 -4.778964630508153e-02 -7.277025745350282e-03 -3.722395468871089e-03 -2.359187935844195e-03 -3.722395469043781e-03 -2.359187935902330e-03 -3.722395468917698e-03 -2.359187935857637e-03 -3.722395467953749e-03 -2.359187935487297e-03 -6.319982627152999e-01 -3.967319645647764e-01 -6.319982627153364e-01 -3.967319645648017e-01 -6.319982627153365e-01 -3.967319645648014e-01 -6.319982627152999e-01 -3.967319645647764e-01 -6.521214906031794e-02 -8.766691540803940e-03 -6.521214906032179e-02 -8.766691540804644e-03 -6.521214906032180e-02 -8.766691540804609e-03 -6.521214906031794e-02 -8.766691540803947e-03 -7.789506757565113e-03  1.721461891253645e-02 -7.789506757565624e-03  1.721461891253745e-02 -7.789506757565615e-03  1.721461891253746e-02 -7.789506757565115e-03  1.721461891253645e-02 
 5.463865498818688e+05 -6.517343106362586e-02 -4.120875438399595e-01 -1.449177818889020e-01  6.702008266825993e-02 -1.099175671120035e-01 -3.572754061678793e-01  1.176279800986143e+00 -7.062251207716614e-01 -3.765612674038196e-01 -3.505974156620125e-01 -4.286436529987538e-03  5.409549594279229e-03 -4.286436530061223e-03  5.409549594346441e-03 -4.286436530040292e-03  5.409549594327660e-03 -4.286436529791017e-03  5.409549594113640e-03 -4.492122273364473e-02 -7.060589708564114e-03 -4.492122273364740e-02 -7.060589708564644e-03 -4.492122273364740e-02 -7.060589708564644e-03 -4.492122273364472e-02 -7.060589708564114e-03 -3.336361561926230e-03 -2.039681802898712e-03 -3.336361562246452e-03 -2.039681803005125e-03 -3.336361562156406e-03 -2.039681802974380e-03 -3.336361561112610e-03 -2.039681802592287e-03 -5.946216802754567e-01 -3.772915071803846e-01 -5.946216802754912e-01 -3.772915071804084e-01 -5.946216802754912e-01 -3.772915071804084e-01 -5.946216802754566e-01 -3.772915071803844e-01 -6.132470151484690e-02 -8.653964267315500e-03 -6.132470151485053e-02 -8.653964267316162e-03 -6.132470151485053e-02 -8.653964267316162e-03 -6.132470151484689e-02 -8.653964267315493e-03 -7.120301793432338e-03  1.578879427345816e-02 -7.120301793432799e-03  1.578879427345908e-02 -7.120301793432799e-03  1.578879427345908e-02 -7.120301793432335e-03  1.578879427345816e-02 
 5.623413251903640e+05 -6.446543563283069e-02 -3.956399612674968e-01 -1.328841234263704e-01  6.361308020737257e-02 -1.085943548215831e-01 -3.422014359889415e-01  1.160121128208370e+00 -6.901351468036668e-01 -3.572615204100559e-01 -3.296362618536698e-01 -3.856725655755787e-03  4.987600078226736e-03 -3.856725655785922e-03  4.987600078256023e-03 -3.856725655771797e-03  4.987600078242782e-03 -3.856725655582030e-03  4.987600078073596e-03 -4.226510527134424e-02 -6.858691851534426e-03 -4.226510527134676e-02 -6.858691851534932e-03 -4.226510527134676e-02 -6.858691851534939e-03 -4.226510527134424e-02 -6.858691851534417e-03 -2.991029564339065e-03 -1.765902669373056e-03 -2.991029564477803e-03 -1.765902669416039e-03 -2.991029564414252e-03 -1.765902669395086e-03 -2.991029563586857e-03 -1.765902669099104e-03 -5.598231622473409e-01 -3.593835095223181e-01 -5.598231622473735e-01 -3.593835095223408e-01 -5.598231622473736e-01 -3.593835095223409e-01 -5.598231622473409e-01 -3.593835095223181e-01 -5.772597195945431e-02 -8.540056697761693e-03 -5.772597195945773e-02 -8.540056697762335e-03 -5.772597195945774e-02 -8.540056697762338e-03 -5.772597195945431e-02 -8.540056697761689e-03 -6.519123269200830e-03  1.449247808950276e-02 -6.519123269201251e-03  1.449247808950361e-02 -6.519123269201253e-03  1.449247808950361e-02 -6.519123269200828e-03  1.449247808950276e-02 
 5.787619883491361e+05 -6.361020324934177e-02 -3.800565794886624e-01 -1.219820032316783e-01  6.030738007422681e-02 -1.071721059339472e-01 -3.279200269072147e-01  1.145117194409112e+00 -6.745732926680925e-01 -3.391878799895930e-01 -3.104521302010237e-01 -3.475759297409390e-03  4.599359296868972e-03 -3.475759297436655e-03  4.599359296896597e-03 -3.475759297448632e-03  4.599359296908299e-03 -3.475759297261702e-03  4.599359296733533e-03 -3.980302859794817e-02 -6.667431054410535e-03 -3.980302859795055e-02 -6.667431054411033e-03 -3.980302859795054e-02 -6.667431054411027e-03 -3.980302859794817e-02 -6.667431054410535e-03 -2.682297684499059e-03 -1.530850244540447e-03 -2.682297684630398e-03 -1.530850244579756e-03 -2.682297684686747e-03 -1.530850244597745e-03 -2.682297683831930e-03 -1.530850244303942e-03 -5.274129157329207e-01 -3.428299150953810e-01 -5.274129157329516e-01 -3.428299150954028e-01 -5.274129157329515e-01 -3.428299150954026e-01 -5.274129157329207e-01 -3.428299150953810e-01 -5.439082540123685e-02 -8.421906060306322e-03 -5.439082540124009e-02 -8.421906060306957e-03 -5.439082540124007e-02 -8.421906060306950e-03 -5.439082540123685e-02 -8.421906060306322e-03 -5.977336380800757e-03  1.331316000838733e-02 -5.977336380801147e-03  1.331316000838812e-02 -5.977336380801145e-03  1.331316000838811e-02 -5.977336380800757e-03  1.331316000838733e-02 
 5.956621435290264e+05 -6.264133025830994e-02 -3.652785967463251e-01 -1.120892352449222e-01  5.712269870766497e-02 -1.056786709229856e-01 -3.143752439024181e-01  1.131168312812998e+00 -6.595480908122995e-01 -3.222704046703345e-01 -2.928397363200684e-01 -3.137281096097836e-03  4.242461366712844e-03 -3.137281096127899e-03  4.242461366744326e-03 -3.137281096112738e-03  4.242461366728921e-03 -3.137281095978538e-03  4.242461366599677e-03 -3.751847310062480e-02 -6.483771287144520e-03 -3.751847310062702e-02 -6.483771287144988e-03 -3.751847310062703e-02 -6.483771287144992e-03 -3.751847310062480e-02 -6.483771287144522e-03 -2.406390872660019e-03 -1.328654283092501e-03 -2.406390872810844e-03 -1.328654283136744e-03 -2.406390872736292e-03 -1.328654283113647e-03 -2.406390872099285e-03 -1.328654282897386e-03 -4.972146423142330e-01 -3.274769898847388e-01 -4.972146423142620e-01 -3.274769898847594e-01 -4.972146423142621e-01 -3.274769898847595e-01 -4.972146423142328e-01 -3.274769898847388e-01 -5.129658154245147e-02 -8.297382768565374e-03 -5.129658154245451e-02 -8.297382768565972e-03 -5.129658154245452e-02 -8.297382768565977e-03 -5.129658154245145e-02 -8.297382768565380e-03 -5.487590754851562e-03  1.223955570012302e-02 -5.487590754851914e-03  1.223955570012374e-02 -5.487590754851916e-03  1.223955570012374e-02 -5.487590754851562e-03  1.223955570012301e-02 
 6.130557921498371e+05 -6.158686486732918e-02 -3.512515489949421e-01 -1.030980709540771e-01  5.407158572413517e-02 -1.041369845149356e-01 -3.015154226115086e-01  1.118183854700844e+00 -6.450635707760397e-01 -3.064392062240109e-01 -2.766208244762342e-01 -2.835902596252731e-03  3.914589409173929e-03 -2.835902596298210e-03  3.914589409222792e-03 -2.835902596292154e-03  3.914589409216404e-03 -2.835902596171352e-03  3.914589409095420e-03 -3.539648844164561e-02 -6.305370387010681e-03 -3.539648844164772e-02 -6.305370387011142e-03 -3.539648844164772e-02 -6.305370387011144e-03 -3.539648844164562e-02 -6.305370387010689e-03 -2.159863056373618e-03 -1.154386672375898e-03 -2.159863056610226e-03 -1.154386672444825e-03 -2.159863056579114e-03 -1.154386672435450e-03 -2.159863055979703e-03 -1.154386672237730e-03 -4.690649637338038e-01 -3.131917548171143e-01 -4.690649637338312e-01 -3.131917548171341e-01 -4.690649637338312e-01 -3.131917548171341e-01 -4.690649637338037e-01 -3.131917548171144e-01 -4.842275745285274e-02 -8.165084057119533e-03 -4.842275745285562e-02 -8.165084057120129e-03 -4.842275745285562e-02 -8.165084057120133e-03 -4.842275745285274e-02 -8.165084057119548e-03 -5.043611808526208e-03  1.126149572881843e-02 -5.043611808526536e-03  1.126149572881910e-02 -5.043611808526536e-03  1.126149572881910e-02 -5.043611808526211e-03  1.126149572881843e-02 
 6.309573444802102e+05 -6.047016871856555e-02 -3.379250584431659e-01 -9.491346298995729e-02  5.116115920253771e-02 -1.025658477490756e-01 -2.892928963822118e-01  1.106081385588431e+00 -6.311202128439891e-01 -2.916257525308028e-01 -2.616403756239559e-01 -2.566979066828390e-03  3.613511812772381e-03 -2.566979066834647e-03  3.613511812780067e-03 -2.566979066828245e-03  3.613511812773068e-03 -2.566979066727481e-03  3.613511812668741e-03 -3.342353353279696e-02 -6.130441611907841e-03 -3.342353353279896e-02 -6.130441611908292e-03 -3.342353353279896e-02 -6.130441611908299e-03 -3.342353353279697e-02 -6.130441611907851e-03 -1.939588420331523e-03 -1.003904807745988e-03 -1.939588420367978e-03 -1.003904807754441e-03 -1.939588420333610e-03 -1.003904807744351e-03 -1.939588419812534e-03 -1.003904807575856e-03 -4.428127411326964e-01 -2.998589570992176e-01 -4.428127411327222e-01 -2.998589570992367e-01 -4.428127411327223e-01 -2.998589570992367e-01 -4.428127411326964e-01 -2.998589570992177e-01 -4.575083597003544e-02 -8.024169477593492e-03 -4.575083597003816e-02 -8.024169477594087e-03 -4.575083597003816e-02 -8.024169477594087e-03 -4.575083597003544e-02 -8.024169477593499e-03 -4.640027606843063e-03  1.036982067712177e-02 -4.640027606843368e-03  1.036982067712238e-02 -4.640027606843368e-03  1.036982067712238e-02 -4.640027606843065e-03  1.036982067712177e-02 
 6.493816315762288e+05 -5.931064531935024e-02 -3.252525704438382e-01 -8.745151570205362e-02  4.839445810200278e-02 -1.009805865931670e-01 -2.776637190293249e-01  1.094785869203722e+00 -6.177157228100414e-01 -2.777637481297863e-01 -2.477633522344836e-01 -2.326502752367781e-03  3.337105504395272e-03 -2.326502752371927e-03  3.337105504400765e-03 -2.326502752357898e-03  3.337105504384890e-03 -2.326502752281915e-03  3.337105504304198e-03 -3.158733206199581e-02 -5.957641853610764e-03 -3.158733206199769e-02 -5.957641853611186e-03 -3.158733206199769e-02 -5.957641853611203e-03 -3.158733206199581e-02 -5.957641853610759e-03 -1.742745764284883e-03 -8.737212607329334e-04 -1.742745764310925e-03 -8.737212607382537e-04 -1.742745764232257e-03 -8.737212607157153e-04 -1.742745763824646e-03 -8.737212605848400e-04 -4.183183352664002e-01 -2.873785002872057e-01 -4.183183352664248e-01 -2.873785002872238e-01 -4.183183352664248e-01 -2.873785002872241e-01 -4.183183352664004e-01 -2.873785002872057e-01 -4.326405801871196e-02 -7.874230165808044e-03 -4.326405801871454e-02 -7.874230165808601e-03 -4.326405801871455e-02 -7.874230165808620e-03 -4.326405801871198e-02 -7.874230165808033e-03 -4.272225090710691e-03  9.556283477048349e-03 -4.272225090710966e-03  9.556283477048915e-03 -4.272225090710971e-03  9.556283477048916e-03 -4.272225090710690e-03  9.556283477048354e-03 
 6.683439175686326e+05 -5.812435590064747e-02 -3.131910886093427e-01 -8.063811264072018e-02  4.577149384671329e-02 -9.939360657520606e-02 -2.665873914094785e-01  1.084228939036985e+00 -6.048456613025992e-01 -2.647897026713087e-01 -2.348719094147911e-01 -2.111011365151127e-03  3.083369665109683e-03 -2.111011365169069e-03  3.083369665131436e-03 -2.111011365162967e-03  3.083369665124298e-03 -2.111011365093937e-03  3.083369665048340e-03 -2.987674267641345e-02 -5.785981358006848e-03 -2.987674267641523e-02 -5.785981358007261e-03 -2.987674267641523e-02 -5.785981358007261e-03 -2.987674267641344e-02 -5.785981358006850e-03 -1.566798829232010e-03 -7.608954345870382e-04 -1.566798829339845e-03 -7.608954346151901e-04 -1.566798829304101e-03 -7.608954346051825e-04 -1.566798828916969e-03 -7.608954344839768e-04 -3.954528456918068e-01 -2.756632626031513e-01 -3.954528456918299e-01 -2.756632626031687e-01 -3.954528456918300e-01 -2.756632626031686e-01 -3.954528456918067e-01 -2.756632626031512e-01 -4.094723711575328e-02 -7.715185071003135e-03 -4.094723711575572e-02 -7.715185071003694e-03 -4.094723711575572e-02 -7.715185071003688e-03 -4.094723711575327e-02 -7.715185071003139e-03 -3.936230546908618e-03  8.813459421628502e-03 -3.936230546908875e-03  8.813459421629024e-03 -3.936230546908874e-03  8.813459421629024e-03 -3.936230546908618e-03  8.813459421628500e-03 
 6.878599123088262e+05 -5.692453985025862e-02 -3.017009149046150e-01 -7.440770731911685e-02  4.329006558540625e-02 -9.781485959332642e-02 -2.560265972558496e-01  1.074348235623148e+00 -5.925039527035380e-01 -2.526432696514244e-01 -2.228630089711485e-01 -1.917509808515622e-03  2.850432483140208e-03 -1.917509808527321e-03  2.850432483155068e-03 -1.917509808519212e-03  2.850432483145271e-03 -1.917509808465046e-03  2.850432483084177e-03 -2.828164262975661e-02 -5.614750921104418e-03 -2.828164262975831e-02 -5.614750921104817e-03 -2.828164262975831e-02 -5.614750921104810e-03 -2.828164262975661e-02 -5.614750921104414e-03 -1.409474599282703e-03 -6.629435485389230e-04 -1.409474599356971e-03 -6.629435485573211e-04 -1.409474599307345e-03 -6.629435485437281e-04 -1.409474598991961e-03 -6.629435484456743e-04 -3.740973524123491e-01 -2.646372445679047e-01 -3.740973524123712e-01 -2.646372445679216e-01 -3.740973524123712e-01 -2.646372445679215e-01 -3.740973524123492e-01 -2.646372445679047e-01 -3.878659400918891e-02 -7.547198883612593e-03 -3.878659400919125e-02 -7.547198883613137e-03 -3.878659400919125e-02 -7.547198883613127e-03 -3.878659400918892e-02 -7.547198883612593e-03 -3.628610122546862e-03  8.134663866075590e-03 -3.628610122547101e-03  8.134663866076077e-03 -3.628610122547097e-03  8.134663866076076e-03 -3.628610122546862e-03  8.134663866075593e-03 
 7.079457843841572e+05 -5.572205483821233e-02 -2.907453992316269e-01 -6.870226196232496e-02  4.094639036620659e-02 -9.625223706889353e-02 -2.459469516828872e-01  1.065086805791359e+00 -5.806832971318943e-01 -2.412674188818660e-01 -2.116463791984174e-01 -1.743403311968366e-03  2.636552924888131e-03 -1.743403311977037e-03  2.636552924899633e-03 -1.743403311967418e-03  2.636552924887637e-03 -1.743403311925826e-03  2.636552924839728e-03 -2.679282374739835e-02 -5.443463197185881e-03 -2.679282374739996e-02 -5.443463197186265e-03 -2.679282374739996e-02 -5.443463197186270e-03 -2.679282374739836e-02 -5.443463197185883e-03 -1.268740966516067e-03 -5.777638586690877e-04 -1.268740966574121e-03 -5.777638586828015e-04 -1.268740966512613e-03 -5.777638586663075e-04 -1.268740966261708e-03 -5.777638585883829e-04 -3.541421776182923e-01 -2.542339948400597e-01 -3.541421776183132e-01 -2.542339948400759e-01 -3.541421776183131e-01 -2.542339948400759e-01 -3.541421776182924e-01 -2.542339948400598e-01 -3.676960954486867e-02 -7.370617286631215e-03 -3.676960954487089e-02 -7.370617286631739e-03 -3.676960954487088e-02 -7.370617286631746e-03 -3.676960954486869e-02 -7.370617286631215e-03 -3.346386893409928e-03  7.513877414026093e-03 -3.346386893410147e-03  7.513877414026543e-03 -3.346386893410148e-03  7.513877414026542e-03 -3.346386893409929e-03  7.513877414026097e-03 
 7.286181745132476e+05 -5.452574881776357e-02 -2.802907013161441e-01 -6.347031881001669e-02  3.873558817520579e-02 -9.471190083632317e-02 -2.363167644150871e-01  1.056392560060333e+00 -5.693755016153690e-01 -2.306084890606054e-01 -2.011427710816995e-01 -1.586440372485813e-03  2.440119002986989e-03 -1.586440372501871e-03  2.440119003008303e-03 -1.586440372496607e-03  2.440119003001529e-03 -1.586440372453732e-03  2.440119002949979e-03 -2.540189949119340e-02 -5.271805503858130e-03 -2.540189949119491e-02 -5.271805503858503e-03 -2.540189949119491e-02 -5.271805503858503e-03 -2.540189949119338e-02 -5.271805503858119e-03 -1.142784681369681e-03 -5.035745273290146e-04 -1.142784681479556e-03 -5.035745273561096e-04 -1.142784681444368e-03 -5.035745273468666e-04 -1.142784681171918e-03 -5.035745272655844e-04 -3.354861771505612e-01 -2.443952720293774e-01 -3.354861771505809e-01 -2.443952720293928e-01 -3.354861771505809e-01 -2.443952720293928e-01 -3.354861771505609e-01 -2.443952720293772e-01 -3.488489381709012e-02 -7.185916171512223e-03 -3.488489381709220e-02 -7.185916171512728e-03 -3.488489381709220e-02 -7.185916171512728e-03 -3.488489381709009e-02 -7.185916171512209e-03 -3.086971639031714e-03  6.945678190625254e-03 -3.086971639031914e-03  6.945678190625664e-03 -3.086971639031914e-03  6.945678190625664e-03 -3.086971639031709e-03  6.945678190625248e-03 
 7.498942093324763e+05 -5.334277480666305e-02 -2.703055665390310e-01 -5.866618895461965e-02  3.665205362393238e-02 -9.319856190690824e-02 -2.271068187022489e-01  1.048217783306131e+00 -5.585717468507079e-01 -2.206161564817423e-01 -1.912824671821472e-01 -1.444664081755878e-03  2.259643670359899e-03 -1.444664081755600e-03  2.259643670360152e-03 -1.444664081746278e-03  2.259643670347787e-03 -1.444664081716509e-03  2.259643670311585e-03 -2.410122210351000e-02 -5.099601843496710e-03 -2.410122210351144e-02 -5.099601843497070e-03 -2.410122210351144e-02 -5.099601843497076e-03 -2.410122210351000e-02 -5.099601843496715e-03 -1.029990188635838e-03 -4.388619728484656e-04 -1.029990188636391e-03 -4.388619728469232e-04 -1.029990188571262e-03 -4.388619728301603e-04 -1.029990188376448e-03 -4.388619727711419e-04 -3.180360706175241e-01 -2.350699051698245e-01 -3.180360706175428e-01 -2.350699051698393e-01 -3.180360706175428e-01 -2.350699051698394e-01 -3.180360706175241e-01 -2.350699051698245e-01 -3.312206998988926e-02 -6.993661881105810e-03 -3.312206998989124e-02 -6.993661881106306e-03 -3.312206998989124e-02 -6.993661881106313e-03 -3.312206998988926e-02 -6.993661881105818e-03 -2.848104935973506e-03  6.425180773982839e-03 -2.848104935973692e-03  6.425180773983220e-03 -2.848104935973694e-03  6.425180773983219e-03 -2.848104935973508e-03  6.425180773982839e-03 
 7.717915155850335e+05 -5.217885730296740e-02 -2.607611164876457e-01 -5.424924477321224e-02  3.468973898622399e-02 -9.171571532054330e-02 -2.182901662264161e-01  1.040518694404943e+00 -5.482628002288460e-01 -2.112433457926161e-01 -1.820040061898738e-01 -1.316370617806518e-03  2.093759154589615e-03 -1.316370617807058e-03  2.093759154590945e-03 -1.316370617801946e-03  2.093759154583955e-03 -1.316370617775655e-03  2.093759154551001e-03 -2.288380870565720e-02 -4.926782467655455e-03 -2.288380870565857e-02 -4.926782467655795e-03 -2.288380870565857e-02 -4.926782467655801e-03 -2.288380870565720e-02 -4.926782467655456e-03 -9.289197030256159e-04 -3.823379037880183e-04 -9.289197030320030e-04 -3.823379037880223e-04 -9.289197029946428e-04 -3.823379037786012e-04 -9.289197028148710e-04 -3.823379037251476e-04 -3.017058118413101e-01 -2.262128229681827e-01 -3.017058118413279e-01 -2.262128229681970e-01 -3.017058118413279e-01 -2.262128229681970e-01 -3.017058118413101e-01 -2.262128229681828e-01 -3.147167106538831e-02 -6.794480378917523e-03 -3.147167106539019e-02 -6.794480378917989e-03 -3.147167106539019e-02 -6.794480378917995e-03 -3.147167106538831e-02 -6.794480378917524e-03 -2.627808648430475e-03  5.947981243572009e-03 -2.627808648430645e-03  5.947981243572363e-03 -2.627808648430646e-03  5.947981243572363e-03 -2.627808648430476e-03  5.947981243572008e-03 
 7.943282347243032e+05 -5.103851777132954e-02 -2.516306543817385e-01 -5.018330316935242e-02  3.284236809231798e-02 -9.026583796314661e-02 -2.098419378042161e-01  1.033255050203509e+00 -5.384391856173011e-01 -2.024461024201961e-01 -1.732530911061692e-01 -1.200073839850034e-03  1.941210349026393e-03 -1.200073839854417e-03  1.941210349033132e-03 -1.200073839849793e-03  1.941210349026615e-03 -1.200073839825556e-03  1.941210348995191e-03 -2.174327543372677e-02 -4.753359520123808e-03 -2.174327543372808e-02 -4.753359520124143e-03 -2.174327543372808e-02 -4.753359520124140e-03 -2.174327543372677e-02 -4.753359520123808e-03 -8.382947240359812e-04 -3.329035440247603e-04 -8.382947240718832e-04 -3.329035440320957e-04 -8.382947240365168e-04 -3.329035440233609e-04 -8.382947238627642e-04 -3.329035439730106e-04 -2.864160020745928e-01 -2.177842256444714e-01 -2.864160020746097e-01 -2.177842256444852e-01 -2.864160020746097e-01 -2.177842256444852e-01 -2.864160020745928e-01 -2.177842256444714e-01 -2.992504820288718e-02 -6.589033493460442e-03 -2.992504820288898e-02 -6.589033493460905e-03 -2.992504820288898e-02 -6.589033493460903e-03 -2.992504820288718e-02 -6.589033493460442e-03 -2.424345204859263e-03  5.510107842893255e-03 -2.424345204859422e-03  5.510107842893582e-03 -2.424345204859421e-03  5.510107842893582e-03 -2.424345204859263e-03  5.510107842893255e-03 
 8.175230379436724e+05 -4.992526566020027e-02 -2.428894851492899e-01 -4.643608813929034e-02  3.110359636686289e-02 -8.885055530118040e-02 -2.017391693606659e-01  1.026389789707027e+00 -5.290913173033440e-01 -1.941834410029273e-01 -1.649816538018042e-01 -1.094475076317928e-03  1.800847703842517e-03 -1.094475076325772e-03  1.800847703854444e-03 -1.094475076318724e-03  1.800847703844206e-03 -1.094475076302971e-03  1.800847703823821e-03 -2.067377873761329e-02 -4.579407598775987e-03 -2.067377873761453e-02 -4.579407598776303e-03 -2.067377873761453e-02 -4.579407598776302e-03 -2.067377873761329e-02 -4.579407598775989e-03 -7.569790688202135e-04 -2.896198121908170e-04 -7.569790688853569e-04 -2.896198122051055e-04 -7.569790688289156e-04 -2.896198121914619e-04 -7.569790687136702e-04 -2.896198121567838e-04 -2.720933459556213e-01 -2.097488774969642e-01 -2.720933459556374e-01 -2.097488774969774e-01 -2.720933459556374e-01 -2.097488774969774e-01 -2.720933459556213e-01 -2.097488774969642e-01 -2.847428927562767e-02 -6.378000794283303e-03 -2.847428927562938e-02 -6.378000794283743e-03 -2.847428927562938e-02 -6.378000794283746e-03 -2.847428927562766e-02 -6.378000794283303e-03 -2.236183340262826e-03  5.107976745857290e-03 -2.236183340262971e-03  5.107976745857595e-03 -2.236183340262972e-03  5.107976745857595e-03 -2.236183340262826e-03  5.107976745857290e-03 
 8.413951416452181e+05 -4.884176032508534e-02 -2.345147496202908e-01 -4.297876241401320e-02  2.946712905553191e-02 -8.747078197068787e-02 -1.939606424260614e-01  1.019888714255664e+00 -5.202096055669510e-01 -1.864171805399809e-01 -1.571470525422728e-01 -9.984373284741190e-04  1.671619935955621e-03 -9.984373284785729e-04  1.671619935962799e-03 -9.984373284755732e-04  1.671619935958307e-03 -9.984373284551006e-04  1.671619935929930e-03 -1.966996305532897e-02 -4.405048293954974e-03 -1.966996305533015e-02 -4.405048293955279e-03 -1.966996305533016e-02 -4.405048293955282e-03 -1.966996305532896e-02 -4.405048293954971e-03 -6.839634288950899e-04 -2.516824339087352e-04 -6.839634289347457e-04 -2.516824339167196e-04 -6.839634289095715e-04 -2.516824339107690e-04 -6.839634287480210e-04 -2.516824338663233e-04 -2.586701491957037e-01 -2.020755017448927e-01 -2.586701491957191e-01 -2.020755017449055e-01 -2.586701491957191e-01 -2.020755017449055e-01 -2.586701491957037e-01 -2.020755017448926e-01 -2.711214649373395e-02 -6.162065937458916e-03 -2.711214649373558e-02 -6.162065937459335e-03 -2.711214649373558e-02 -6.162065937459341e-03 -2.711214649373394e-02 -6.162065937458904e-03 -2.061969214951248e-03  4.738352439487137e-03 -2.061969214951381e-03  4.738352439487420e-03 -2.061969214951383e-03  4.738352439487421e-03 -2.061969214951246e-03  4.738352439487135e-03 
 8.659643233600891e+05 -4.778994825010000e-02 -2.264852721595956e-01 -3.978551919351055e-02  2.792680696891594e-02 -8.612684025228261e-02 -1.864867383411501e-01  1.013720200307636e+00 -5.117845379807091e-01 -1.791117735059180e-01 -1.497113829959584e-01 -9.109632294134991e-04  1.552566778111393e-03 -9.109632294161201e-04  1.552566778115922e-03 -9.109632294106712e-04  1.552566778107506e-03 -9.109632293977386e-04  1.552566778089624e-03 -1.872691412608143e-02 -4.230437981205171e-03 -1.872691412608256e-02 -4.230437981205462e-03 -1.872691412608256e-02 -4.230437981205466e-03 -1.872691412608143e-02 -4.230437981205170e-03 -6.183514023500043e-04 -2.184011437137355e-04 -6.183514023752964e-04 -2.184011437182526e-04 -6.183514023273333e-04 -2.184011437071794e-04 -6.183514022231730e-04 -2.184011436773854e-04 -2.460838555160491e-01 -1.947362625481034e-01 -2.460838555160636e-01 -1.947362625481157e-01 -2.460838555160636e-01 -1.947362625481157e-01 -2.460838555160491e-01 -1.947362625481033e-01 -2.583197200880397e-02 -5.941906609680507e-03 -2.583197200880552e-02 -5.941906609680917e-03 -2.583197200880552e-02 -5.941906609680917e-03 -2.583197200880397e-02 -5.941906609680503e-03 -1.900502020730985e-03  4.398312255924517e-03 -1.900502020731109e-03  4.398312255924779e-03 -1.900502020731109e-03  4.398312255924779e-03 -1.900502020730984e-03  4.398312255924517e-03 
 8.912509381337700e+05 -4.677117940249055e-02 -2.187814209339868e-01 -3.683322603635787e-02  2.647666717907022e-02 -8.481855993692759e-02 -1.792993052452280e-01  1.007854941175341e+00 -5.038067418991705e-01 -1.722341345841614e-01 -1.426408857662800e-01 -8.311761898224240e-04  1.442811929461824e-03 -8.311761898259429e-04  1.442811929467890e-03 -8.311761898242318e-04  1.442811929465163e-03 -8.311761898097110e-04  1.442811929443940e-03 -1.784011737119020e-02 -4.055758175852893e-03 -1.784011737119127e-02 -4.055758175853174e-03 -1.784011737119127e-02 -4.055758175853176e-03 -1.784011737119019e-02 -4.055758175852889e-03 -5.593469286438892e-04 -1.891822773476338e-04 -5.593469286785755e-04 -1.891822773541863e-04 -5.593469286627625e-04 -1.891822773506262e-04 -5.593469285377075e-04 -1.891822773171907e-04 -2.342766222650257e-01 -1.877063204103638e-01 -2.342766222650395e-01 -1.877063204103757e-01 -2.342766222650395e-01 -1.877063204103757e-01 -2.342766222650256e-01 -1.877063204103637e-01 -2.462766066288938e-02 -5.718187214093035e-03 -2.462766066289086e-02 -5.718187214093434e-03 -2.462766066289086e-02 -5.718187214093431e-03 -2.462766066288936e-02 -5.718187214093029e-03 -1.750713314664598e-03  4.085214650633808e-03 -1.750713314664713e-03  4.085214650634052e-03 -1.750713314664712e-03  4.085214650634052e-03 -1.750713314664597e-03  4.085214650633807e-03 
 9.172759353898049e+05 -4.578630596623551e-02 -2.113849799828501e-01 -3.410111401320099e-02  2.511098442902377e-02 -8.354536254339921e-02 -1.723815369251428e-01  1.002265714802764e+00 -4.962670311043859e-01 -1.657534727041430e-01 -1.359054363078724e-01 -7.583042566744377e-04  1.341556300143771e-03 -7.583042566769302e-04  1.341556300148307e-03 -7.583042566750847e-04  1.341556300145269e-03 -7.583042566645197e-04  1.341556300129647e-03 -1.700542071151719e-02 -3.881208024075243e-03 -1.700542071151821e-02 -3.881208024075510e-03 -1.700542071151821e-02 -3.881208024075511e-03 -1.700542071151718e-02 -3.881208024075241e-03 -5.062430266822365e-04 -1.635141809891855e-04 -5.062430267085581e-04 -1.635141809937599e-04 -5.062430266906365e-04 -1.635141809898328e-04 -5.062430265966545e-04 -1.635141809643822e-04 -2.231949306322243e-01 -1.809634506696455e-01 -2.231949306322376e-01 -1.809634506696570e-01 -2.231949306322376e-01 -1.809634506696569e-01 -2.231949306322242e-01 -1.809634506696454e-01 -2.349359896555982e-02 -5.491553815691105e-03 -2.349359896556123e-02 -5.491553815691482e-03 -2.349359896556123e-02 -5.491553815691478e-03 -2.349359896555980e-02 -5.491553815691102e-03 -1.611649484684146e-03  3.796670816061836e-03 -1.611649484684250e-03  3.796670816062063e-03 -1.611649484684250e-03  3.796670816062063e-03 -1.611649484684145e-03  3.796670816061834e-03 
 9.440608762859495e+05 -4.483576605580954e-02 -2.042790322345460e-01 -3.157050612504236e-02  2.382429776850224e-02 -8.230633226075801e-02 -1.657178626304068e-01  9.969271747821438e-01 -4.891564396326809e-01 -1.596411288940334e-01 -1.294781052114094e-01 -6.916662747340331e-04  1.248071620296082e-03 -6.916662747365774e-04  1.248071620300822e-03 -6.916662747349391e-04  1.248071620298035e-03 -6.916662747242842e-04  1.248071620281538e-03 -1.621900137841768e-02 -3.706998456999516e-03 -1.621900137841866e-02 -3.706998456999773e-03 -1.621900137841866e-02 -3.706998456999771e-03 -1.621900137841768e-02 -3.706998456999513e-03 -4.584117361880414e-04 -1.409549602038536e-04 -4.584117362161129e-04 -1.409549602086948e-04 -4.584117361993651e-04 -1.409549602051315e-04 -4.584117360986453e-04 -1.409549601792286e-04 -2.127892294414440e-01 -1.744877151564246e-01 -2.127892294414566e-01 -1.744877151564357e-01 -2.127892294414566e-01 -1.744877151564357e-01 -2.127892294414440e-01 -1.744877151564246e-01 -2.242461965864175e-02 -5.262630767197287e-03 -2.242461965864310e-02 -5.262630767197653e-03 -2.242461965864310e-02 -5.262630767197651e-03 -2.242461965864174e-02 -5.262630767197288e-03 -1.482456823498132e-03  3.530519295882566e-03 -1.482456823498230e-03  3.530519295882779e-03 -1.482456823498230e-03  3.530519295882779e-03 -1.482456823498133e-03  3.530519295882566e-03 
 9.716279515771331e+05 -4.391965477132823e-02 -1.974478526304663e-01 -2.922457977261790e-02  2.261142597058177e-02 -8.110027576066176e-02 -1.592938469625692e-01  9.918156621321250e-01 -4.824662451423870e-01 -1.538704216746965e-01 -1.233347785966457e-01 -6.306600094503869e-04  1.161694443586599e-03 -6.306600094517726e-04  1.161694443589426e-03 -6.306600094502692e-04  1.161694443586781e-03 -6.306600094425119e-04  1.161694443574631e-03 -1.547733623546186e-02 -3.533347718596426e-03 -1.547733623546280e-02 -3.533347718596673e-03 -1.547733623546280e-02 -3.533347718596676e-03 -1.547733623546186e-02 -3.533347718596428e-03 -4.152951548881198e-04 -1.211221770643492e-04 -4.152951549050560e-04 -1.211221770667675e-04 -4.152951548888654e-04 -1.211221770634307e-04 -4.152951548130815e-04 -1.211221770436954e-04 -2.030136090553458e-01 -1.682611795651938e-01 -2.030136090553578e-01 -1.682611795652044e-01 -2.030136090553579e-01 -1.682611795652044e-01 -2.030136090553458e-01 -1.682611795651937e-01 -2.141596117513574e-02 -5.032018695511915e-03 -2.141596117513704e-02 -5.032018695512269e-03 -2.141596117513704e-02 -5.032018695512267e-03 -2.141596117513574e-02 -5.032018695511915e-03 -1.362368799114185e-03  3.284803268000201e-03 -1.362368799114276e-03  3.284803268000398e-03 -1.362368799114275e-03  3.284803268000398e-03 -1.362368799114185e-03  3.284803268000200e-03 
 1.000000000000028e+06 -4.303778444592358e-02 -1.908768105417332e-01 -2.704815876860006e-02  2.146747448576963e-02 -7.992577256485538e-02 -1.530960990165398e-01  9.869090355589707e-01 -4.761879839133569e-01 -1.484165009719202e-01 -1.174538299656699e-01 -5.747519377051132e-04  1.081820563116618e-03 -5.747519377063956e-04  1.081820563119325e-03 -5.747519377047411e-04  1.081820563116309e-03 -5.747519376974195e-04  1.081820563104353e-03 -1.477717524408402e-02 -3.360477965342866e-03 -1.477717524408491e-02 -3.360477965343102e-03 -1.477717524408491e-02 -3.360477965343102e-03 -1.477717524408402e-02 -3.360477965342870e-03 -3.763974691731796e-04 -1.036841698463754e-04 -3.763974691897213e-04 -1.036841698486533e-04 -3.763974691709130e-04 -1.036841698449107e-04 -3.763974690950748e-04 -1.036841698260257e-04 -1.938255036547527e-01 -1.622676695916886e-01 -1.938255036547641e-01 -1.622676695916989e-01 -1.938255036547641e-01 -1.622676695916989e-01 -1.938255036547527e-01 -1.622676695916886e-01 -2.046323146822200e-02 -4.800293491718182e-03 -2.046323146822324e-02 -4.800293491718518e-03 -2.046323146822324e-02 -4.800293491718520e-03 -2.046323146822200e-02 -4.800293491718184e-03 -1.250695164815204e-03  3.057750216587819e-03 -1.250695164815287e-03  3.057750216588002e-03 -1.250695164815287e-03  3.057750216588002e-03 -1.250695164815204e-03  3.057750216587818e-03 
 1.029200527194457e+06 -4.218973569987480e-02 -1.845522807161962e-01 -2.502753100058417e-02  2.038783607877422e-02 -7.878121743786359e-02 -1.471121900037833e-01  9.821865183372631e-01 -4.703134586388721e-01 -1.432562110172363e-01 -1.118158362300494e-01 -5.234684600596789e-04  1.007899838957539e-03 -5.234684600612712e-04  1.007899838960898e-03 -5.234684600590949e-04  1.007899838956785e-03 -5.234684600537035e-04  1.007899838947880e-03 -1.411551771666722e-02 -3.188612726478998e-03 -1.411551771666807e-02 -3.188612726479215e-03 -1.411551771666807e-02 -3.188612726479216e-03 -1.411551771666722e-02 -3.188612726478997e-03 -3.412778787888474e-04 -8.835272691268931e-05 -3.412778788098875e-04 -8.835272691576045e-05 -3.412778787837434e-04 -8.835272691075564e-05 -3.412778787259975e-04 -8.835272689620242e-05 -1.851854193547280e-01 -1.564925603047357e-01 -1.851854193547390e-01 -1.564925603047455e-01 -1.851854193547390e-01 -1.564925603047456e-01 -1.851854193547280e-01 -1.564925603047356e-01 -1.956237570309917e-02 -4.568006070685424e-03 -1.956237570310035e-02 -4.568006070685737e-03 -1.956237570310035e-02 -4.568006070685737e-03 -1.956237570309917e-02 -4.568006070685425e-03 -1.146812619722822e-03  2.847753732151444e-03 -1.146812619722897e-03  2.847753732151615e-03 -1.146812619722897e-03  2.847753732151616e-03 -1.146812619722822e-03  2.847753732151444e-03 
 1.059253725177319e+06 -4.137490075647367e-02 -1.784615620189921e-01 -2.315028835452584e-02  1.936818685420584e-02 -7.766485612268845e-02 -1.413305786007718e-01  9.776285598632108e-01 -4.648347408850018e-01 -1.383679625700475e-01 -1.064033315293126e-01 -4.763883253935027e-04  9.394314274558492e-04 -4.763883253942179e-04  9.394314274575843e-04 -4.763883253943212e-04  9.394314274577871e-04 -4.763883253878972e-04  9.394314274463675e-04 -1.348959104413752e-02 -3.017975047515256e-03 -1.348959104413833e-02 -3.017975047515460e-03 -1.348959104413833e-02 -3.017975047515462e-03 -1.348959104413751e-02 -3.017975047515256e-03 -3.095443229822174e-04 -7.487689236654571e-05 -3.095443229931791e-04 -7.487689236765531e-05 -3.095443229944944e-04 -7.487689236789638e-05 -3.095443229194665e-04 -7.487689235090788e-05 -1.770566858418753e-01 -1.509225940037806e-01 -1.770566858418858e-01 -1.509225940037901e-01 -1.770566858418859e-01 -1.509225940037901e-01 -1.770566858418753e-01 -1.509225940037806e-01 -1.870964736834192e-02 -4.335682705885005e-03 -1.870964736834305e-02 -4.335682705885301e-03 -1.870964736834305e-02 -4.335682705885301e-03 -1.870964736834191e-02 -4.335682705885005e-03 -1.050156778038804e-03  2.653357207402635e-03 -1.050156778038873e-03  2.653357207402795e-03 -1.050156778038873e-03  2.653357207402795e-03 -1.050156778038805e-03  2.653357207402634e-03 
 1.090184492385158e+06 -4.059252013766029e-02 -1.725928032961707e-01 -2.140518599674297e-02  1.840447895363683e-02 -7.657481544134631e-02 -1.357405433646349e-01  9.732167104264533e-01 -4.597441688365296e-01 -1.337316143213961e-01 -1.012005936140936e-01 -4.331360896360114e-04  8.759593974733854e-04 -4.331360896366417e-04  8.759593974749853e-04 -4.331360896357335e-04  8.759593974731314e-04 -4.331360896314131e-04  8.759593974654135e-04 -1.289683163748784e-02 -2.848786153889902e-03 -1.289683163748862e-02 -2.848786153890095e-03 -1.289683163748862e-02 -2.848786153890095e-03 -1.289683163748783e-02 -2.848786153889900e-03 -2.808479225717377e-04 -6.303771860187709e-05 -2.808479225820577e-04 -6.303771860283540e-05 -2.808479225697997e-04 -6.303771860069175e-05 -2.808479225178750e-04 -6.303771858863238e-05 -1.694052298111336e-01 -1.455457223636132e-01 -1.694052298111438e-01 -1.455457223636224e-01 -1.694052298111438e-01 -1.455457223636224e-01 -1.694052298111336e-01 -1.455457223636132e-01 -1.790158243950318e-02 -4.103825755404615e-03 -1.790158243950427e-02 -4.103825755404892e-03 -1.790158243950427e-02 -4.103825755404892e-03 -1.790158243950318e-02 -4.103825755404611e-03 -9.602152414958198e-04  2.473239225865784e-03 -9.602152414958823e-04  2.473239225865935e-03 -9.602152414958823e-04  2.473239225865935e-03 -9.602152414958192e-04  2.473239225865783e-03 
 1.122018454301995e+06 -3.984171358252497e-02 -1.669349357487611e-01 -1.978201851171398e-02  1.749293091024172e-02 -7.550912854505398e-02 -1.303321216447078e-01  9.689335078896524e-01 -4.550343409235799e-01 -1.293283631594321e-01 -9.619345838757079e-02 -3.933764594634594e-04  8.170687121470540e-04 -3.933764594632977e-04  8.170687121470059e-04 -3.933764594627170e-04  8.170687121457700e-04 -3.933764594590156e-04  8.170687121389201e-04 -1.233486783056456e-02 -2.681264532950521e-03 -1.233486783056531e-02 -2.681264532950706e-03 -1.233486783056531e-02 -2.681264532950706e-03 -1.233486783056457e-02 -2.681264532950521e-03 -2.548780596026480e-04 -5.264381314838308e-05 -2.548780596020897e-04 -5.264381314749726e-05 -2.548780595937526e-04 -5.264381314611512e-05 -2.548780595467467e-04 -5.264381313557041e-05 -1.621993679606892e-01 -1.403509696381795e-01 -1.621993679606989e-01 -1.403509696381884e-01 -1.621993679606988e-01 -1.403509696381883e-01 -1.621993679606892e-01 -1.403509696381795e-01 -1.713497623961361e-02 -3.872914677670062e-03 -1.713497623961465e-02 -3.872914677670329e-03 -1.713497623961465e-02 -3.872914677670329e-03 -1.713497623961362e-02 -3.872914677670064e-03 -8.765216098070466e-04  2.306200456127143e-03 -8.765216098071042e-04  2.306200456127283e-03 -8.765216098071042e-04  2.306200456127283e-03 -8.765216098070469e-04  2.306200456127144e-03 
 1.154781984689491e+06 -3.912150636003719e-02 -1.614776112054739e-01 -1.827151067561850e-02  1.663001650072906e-02 -7.446575635996107e-02 -1.250960543105651e-01  9.647623747172250e-01 -4.506981070058590e-01 -1.251406433185347e-01 -9.136915840207796e-02 -3.568093910342651e-04  7.623815553090783e-04 -3.568093910347539e-04  7.623815553104452e-04 -3.568093910346949e-04  7.623815553103144e-04 -3.568093910312842e-04  7.623815553036901e-04 -1.180150454540867e-02 -2.515625299213699e-03 -1.180150454540939e-02 -2.515625299213871e-03 -1.180150454540940e-02 -2.515625299213869e-03 -1.180150454540867e-02 -2.515625299213693e-03 -2.313580235701221e-04 -4.352755168959188e-05 -2.313580235793175e-04 -4.352755169028692e-05 -2.313580235784160e-04 -4.352755169014611e-05 -2.313580235321012e-04 -4.352755168037207e-05 -1.554096183226018e-01 -1.353283135793597e-01 -1.554096183226111e-01 -1.353283135793682e-01 -1.554096183226111e-01 -1.353283135793683e-01 -1.554096183226017e-01 -1.353283135793596e-01 -1.640686271867075e-02 -3.643407182276561e-03 -1.640686271867175e-02 -3.643407182276809e-03 -1.640686271867176e-02 -3.643407182276809e-03 -1.640686271867075e-02 -3.643407182276556e-03 -7.986502808389603e-04  2.151151892158488e-03 -7.986502808390126e-04  2.151151892158618e-03 -7.986502808390126e-04  2.151151892158619e-03 -7.986502808389597e-04  2.151151892158487e-03 
 1.188502227437052e+06 -3.843085127501071e-02 -1.562111458102881e-01 -1.686522104041310e-02  1.581245260683706e-02 -7.344260554848434e-02 -1.200237359188840e-01  9.606875246981187e-01 -4.467285562980017e-01 -1.211520336102027e-01 -8.671618244942103e-02 -3.231658384824435e-04  7.115539765202931e-04 -3.231658384829911e-04  7.115539765218334e-04 -3.231658384826283e-04  7.115539765209878e-04 -3.231658384802114e-04  7.115539765162586e-04 -1.129470950802900e-02 -2.352079808206174e-03 -1.129470950802969e-02 -2.352079808206335e-03 -1.129470950802969e-02 -2.352079808206339e-03 -1.129470950802900e-02 -2.352079808206173e-03 -2.100411601193506e-04 -3.554185249606828e-05 -2.100411601299787e-04 -3.554185249692905e-05 -2.100411601240397e-04 -3.554185249606245e-05 -2.100411600901687e-04 -3.554185248877078e-05 -1.490085275836929e-01 -1.304685821192844e-01 -1.490085275837017e-01 -1.304685821192926e-01 -1.490085275837017e-01 -1.304685821192927e-01 -1.490085275836928e-01 -1.304685821192844e-01 -1.571449585532103e-02 -3.415740499228455e-03 -1.571449585532199e-02 -3.415740499228691e-03 -1.571449585532199e-02 -3.415740499228696e-03 -1.571449585532103e-02 -3.415740499228455e-03 -7.262119309844330e-04  2.007104288012324e-03 -7.262119309844811e-04  2.007104288012447e-03 -7.262119309844817e-04  2.007104288012447e-03 -7.262119309844330e-04  2.007104288012324e-03 
 1.223207119049966e+06 -3.776864732730398e-02 -1.511264685969010e-01 -1.555545664989148e-02  1.503718660737629e-02 -7.243754384360596e-02 -1.151071697179516e-01  9.566938779719070e-01 -4.431190037587224e-01 -1.173471726971669e-01 -8.222415302228497e-02 -2.922040572877977e-04  6.642728329865798e-04 -2.922040572877140e-04  6.642728329866241e-04 -2.922040572878472e-04  6.642728329869500e-04 -2.922040572851754e-04  6.642728329812591e-04 -1.081260086509950e-02 -2.190835407872715e-03 -1.081260086510015e-02 -2.190835407872865e-03 -1.081260086510015e-02 -2.190835407872866e-03 -1.081260086509949e-02 -2.190835407872717e-03 -1.907074647782140e-04 -2.855742296547462e-05 -1.907074647783597e-04 -2.855742296485389e-05 -1.907074647806974e-04 -2.855742296516972e-05 -1.907074647392994e-04 -2.855742295740564e-05 -1.429705136043526e-01 -1.257633631760255e-01 -1.429705136043611e-01 -1.257633631760334e-01 -1.429705136043611e-01 -1.257633631760334e-01 -1.429705136043525e-01 -1.257633631760255e-01 -1.505533297333463e-02 -3.190332636696738e-03 -1.505533297333554e-02 -3.190332636696957e-03 -1.505533297333554e-02 -3.190332636696957e-03 -1.505533297333463e-02 -3.190332636696741e-03 -6.588495678945090e-04  1.873158662597757e-03 -6.588495678945521e-04  1.873158662597870e-03 -6.588495678945521e-04  1.873158662597870e-03 -6.588495678945092e-04  1.873158662597756e-03 
 1.258925411794203e+06 -3.713375531430780e-02 -1.462150745383193e-01 -1.433519751216995e-02  1.430138359402254e-02 -7.144841306189778e-02 -1.103389271395103e-01  9.527669838281188e-01 -4.398629743261181e-01 -1.137116817385196e-01 -7.788371948734008e-02 -2.637063855185184e-04  6.202530039829086e-04 -2.637063855185182e-04  6.202530039831428e-04 -2.637063855180940e-04  6.202530039820488e-04 -2.637063855162331e-04  6.202530039780489e-04 -1.035343604213182e-02 -2.032095291129965e-03 -1.035343604213245e-02 -2.032095291130102e-03 -1.035343604213245e-02 -2.032095291130103e-03 -1.035343604213182e-02 -2.032095291129964e-03 -1.731605705751212e-04 -2.246040513157375e-05 -1.731605705766819e-04 -2.246040513117486e-05 -1.731605705686674e-04 -2.246040513018416e-05 -1.731605705388504e-04 -2.246040512448990e-05 -1.372717215175510e-01 -1.212049259807536e-01 -1.372717215175593e-01 -1.212049259807612e-01 -1.372717215175592e-01 -1.212049259807613e-01 -1.372717215175510e-01 -1.212049259807536e-01 -1.442701975116462e-02 -2.967583599865316e-03 -1.442701975116550e-02 -2.967583599865515e-03 -1.442701975116550e-02 -2.967583599865520e-03 -1.442701975116462e-02 -2.967583599865314e-03 -5.962350756602322e-04  1.748497756855226e-03 -5.962350756602707e-04  1.748497756855332e-03 -5.962350756602713e-04  1.748497756855332e-03 -5.962350756602317e-04  1.748497756855226e-03 
 1.295686697517056e+06 -3.652501089185949e-02 -1.414689816560852e-01 -1.319802959205108e-02  1.360241368131193e-02 -7.047304028168061e-02 -1.057121113505832e-01  9.488929503612561e-01 -4.369541857667064e-01 -1.102320940859671e-01 -7.368646476339896e-02 -2.374764367673150e-04  5.792348547247244e-04 -2.374764367675351e-04  5.792348547255460e-04 -2.374764367673384e-04  5.792348547250097e-04 -2.374764367657391e-04  5.792348547214037e-04 -9.915601701587855e-03 -1.876058413290542e-03 -9.915601701588459e-03 -1.876058413290670e-03 -9.915601701588459e-03 -1.876058413290670e-03 -9.915601701587857e-03 -1.876058413290541e-03 -1.572250837885970e-04 -1.715035869920936e-05 -1.572250837946074e-04 -1.715035869933502e-05 -1.572250837905946e-04 -1.715035869888751e-05 -1.572250837631476e-04 -1.715035869396942e-05 -1.318898919863364e-01 -1.167861524613507e-01 -1.318898919863443e-01 -1.167861524613581e-01 -1.318898919863443e-01 -1.167861524613581e-01 -1.318898919863364e-01 -1.167861524613507e-01 -1.382737672824491e-02 -2.747876541900850e-03 -1.382737672824576e-02 -2.747876541901036e-03 -1.382737672824576e-02 -2.747876541901036e-03 -1.382737672824492e-02 -2.747876541900850e-03 -5.380661836149911e-04  1.632378339551467e-03 -5.380661836150261e-04  1.632378339551567e-03 -5.380661836150263e-04  1.632378339551567e-03 -5.380661836149911e-04  1.632378339551468e-03 
 1.333521432163362e+06 -3.594123547760665e-02 -1.368806918212923e-01 -1.213808526334995e-02  1.293783959335598e-02 -6.950924756355327e-02 -1.012203244967956e-01  9.450583803322463e-01 -4.343865303034661e-01 -1.068957916175435e-01 -6.962482369580300e-02 -2.133366467734643e-04  5.409819292590695e-04 -2.133366467735474e-04  5.409819292595190e-04 -2.133366467733765e-04  5.409819292590234e-04 -2.133366467719549e-04  5.409819292556247e-04 -9.497604690646956e-03 -1.722919415811865e-03 -9.497604690647535e-03 -1.722919415811983e-03 -9.497604690647532e-03 -1.722919415811984e-03 -9.497604690646954e-03 -1.722919415811863e-03 -1.427442272999014e-04 -1.253852965380503e-05 -1.427442273032148e-04 -1.253852965363366e-05 -1.427442272994256e-04 -1.253852965325971e-05 -1.427442272730254e-04 -1.253852964893458e-05 -1.268042409010270e-01 -1.125004770984141e-01 -1.268042409010346e-01 -1.125004770984211e-01 -1.268042409010346e-01 -1.125004770984212e-01 -1.268042409010269e-01 -1.125004770984140e-01 -1.325438715610456e-02 -2.531578781324097e-03 -1.325438715610537e-02 -2.531578781324271e-03 -1.325438715610536e-02 -2.531578781324269e-03 -1.325438715610456e-02 -2.531578781324096e-03 -4.840637956477203e-04  1.524124273193564e-03 -4.840637956477521e-04  1.524124273193657e-03 -4.840637956477519e-04  1.524124273193657e-03 -4.840637956477201e-04  1.524124273193564e-03 
 1.372460961007601e+06 -3.538124532209692e-02 -1.324431549135244e-01 -1.114999030071387e-02  1.230540465661346e-02 -6.855486054150463e-02 -9.685763829846895e-02  9.412503126681434e-01 -4.321540551471084e-01 -1.036909473136063e-01 -6.569201155760568e-02 -1.911261258585321e-04  5.052788517009530e-04 -1.911261258586923e-04  5.052788517016444e-04 -1.911261258585494e-04  5.052788517012024e-04 -1.911261258572944e-04  5.052788516980092e-04 -9.098063863560178e-03 -1.572868534732044e-03 -9.098063863560730e-03 -1.572868534732154e-03 -9.098063863560732e-03 -1.572868534732155e-03 -9.098063863560173e-03 -1.572868534732044e-03 -1.295777556121164e-04 -8.546361436812414e-06 -1.295777556174100e-04 -8.546361436810002e-06 -1.295777556139568e-04 -8.546361436515655e-06 -1.295777555886354e-04 -8.546361432766145e-06 -1.219953493476883e-01 -1.083418341907962e-01 -1.219953493476956e-01 -1.083418341908030e-01 -1.219953493476956e-01 -1.083418341908031e-01 -1.219953493476882e-01 -1.083418341907962e-01 -1.270618603519674e-02 -2.319042672030197e-03 -1.270618603519752e-02 -2.319042672030358e-03 -1.270618603519752e-02 -2.319042672030360e-03 -1.270618603519674e-02 -2.319042672030197e-03 -4.339696317057670e-04  1.423120257667577e-03 -4.339696317057957e-04  1.423120257667663e-03 -4.339696317057959e-04  1.423120257667663e-03 -4.339696317057668e-04  1.423120257667576e-03 
 1.412537544622795e+06 -3.484385895098790e-02 -1.281497360484089e-01 -1.022881661871785e-02  1.170302127895794e-02 -6.760771611762410e-02 -9.261856772026537e-02  9.374561691894023e-01 -4.302509418217781e-01 -1.006064736505865e-01 -6.188196138211025e-02 -1.706987768459906e-04  4.719294164712167e-04 -1.706987768458602e-04  4.719294164709675e-04 -1.706987768457100e-04  4.719294164704687e-04 -1.706987768447769e-04  4.719294164680328e-04 -8.715702672813162e-03 -1.426091488088631e-03 -8.715702672813687e-03 -1.426091488088733e-03 -8.715702672813689e-03 -1.426091488088731e-03 -8.715702672813158e-03 -1.426091488088632e-03 -1.176001097576837e-04 -5.104212662538279e-06 -1.176001097555996e-04 -5.104212661980105e-06 -1.176001097516157e-04 -5.104212661697067e-06 -1.176001097318270e-04 -5.104212658817602e-06 -1.174450626436755e-01 -1.043046117640133e-01 -1.174450626436825e-01 -1.043046117640199e-01 -1.174450626436826e-01 -1.043046117640199e-01 -1.174450626436755e-01 -1.043046117640134e-01 -1.218105019128040e-02 -2.110606332877784e-03 -1.218105019128114e-02 -2.110606332877932e-03 -1.218105019128114e-02 -2.110606332877929e-03 -1.218105019128040e-02 -2.110606332877786e-03 -3.875441422072758e-04  1.328806178131569e-03 -3.875441422073015e-04  1.328806178131649e-03 -3.875441422073012e-04  1.328806178131650e-03 -3.875441422072759e-04  1.328806178131569e-03 
 1.453784385607704e+06 -3.432790330570015e-02 -1.239941855796020e-01 -9.370040047373969e-03  1.112875998532028e-02 -6.666566958612605e-02 -8.849804737983100e-02  9.336637059499484e-01 -4.286714848129436e-01 -9.763197655037144e-02 -5.818926880727919e-02 -1.519216413348131e-04  4.407548513497220e-04 -1.519216413346903e-04  4.407548513494536e-04 -1.519216413344861e-04  4.407548513487204e-04 -1.519216413337489e-04  4.407548513467166e-04 -8.349342452686277e-03 -1.282769290044449e-03 -8.349342452686787e-03 -1.282769290044539e-03 -8.349342452686787e-03 -1.282769290044539e-03 -8.349342452686282e-03 -1.282769290044449e-03 -1.066987840474045e-04 -2.150250303537240e-06 -1.066987840451307e-04 -2.150250303041631e-06 -1.066987840391431e-04 -2.150250302705400e-06 -1.066987840224828e-04 -2.150250300405197e-06 -1.131363981689169e-01 -1.003836108594482e-01 -1.131363981689237e-01 -1.003836108594545e-01 -1.131363981689237e-01 -1.003836108594545e-01 -1.131363981689170e-01 -1.003836108594482e-01 -1.167738928686888e-02 -1.906594173750048e-03 -1.167738928686959e-02 -1.906594173750181e-03 -1.167738928686959e-02 -1.906594173750182e-03 -1.167738928686888e-02 -1.906594173750046e-03 -3.445646541691577e-04  1.240671996086270e-03 -3.445646541691806e-04  1.240671996086345e-03 -3.445646541691807e-04  1.240671996086345e-03 -3.445646541691576e-04  1.240671996086271e-03 
 1.496235656094477e+06 -3.383221871124602e-02 -1.199706116424868e-01 -8.569502547185861e-03  1.058083903141272e-02 -6.572660135964298e-02 -8.449141045775030e-02  9.298609689563906e-01 -4.274100692292291e-01 -9.475771449502254e-02 -5.460914346457607e-02 -1.346734458679182e-04  4.115922362571392e-04 -1.346734458679320e-04  4.115922362573548e-04 -1.346734458678075e-04  4.115922362568679e-04 -1.346734458671202e-04  4.115922362548073e-04 -7.997896300780263e-03 -1.143078009038274e-03 -7.997896300780752e-03 -1.143078009038356e-03 -7.997896300780750e-03 -1.143078009038354e-03 -7.997896300780261e-03 -1.143078009038273e-03 -9.677287981854773e-05  3.705068940836917e-07 -9.677287982027715e-05  3.705068943409119e-07 -9.677287981621201e-05  3.705068945056835e-07 -9.677287979873717e-05  3.705068964779965e-07 -1.090534607250849e-01 -9.657400984654957e-02 -1.090534607250915e-01 -9.657400984655569e-02 -1.090534607250915e-01 -9.657400984655569e-02 -1.090534607250850e-01 -9.657400984654957e-02 -1.119373763711267e-02 -1.707317255196810e-03 -1.119373763711336e-02 -1.707317255196931e-03 -1.119373763711336e-02 -1.707317255196929e-03 -1.119373763711267e-02 -1.707317255196808e-03 -3.048237240719003e-04  1.158253123886842e-03 -3.048237240719207e-04  1.158253123886913e-03 -3.048237240719205e-04  1.158253123886912e-03 -3.048237240719001e-04  1.158253123886842e-03 
 1.539926526059536e+06 -3.335566290516909e-02 -1.160734549986596e-01 -7.823378324115164e-03  1.005761461661889e-02 -6.478842354721026e-02 -8.059436981727856e-02  9.260362538029632e-01 -4.264611478386597e-01 -9.197456255778455e-02 -5.113736588587586e-02 -1.188433210822819e-04  3.842930638176780e-04 -1.188433210823450e-04  3.842930638181015e-04 -1.188433210822740e-04  3.842930638177958e-04 -1.188433210817203e-04  3.842930638160325e-04 -7.660363490662016e-03 -1.007188439877007e-03 -7.660363490662486e-03 -1.007188439877078e-03 -7.660363490662486e-03 -1.007188439877080e-03 -7.660363490662014e-03 -1.007188439877005e-03 -8.773182435388250e-05  2.507016801854912e-06 -8.773182435743742e-05  2.507016802057184e-06 -8.773182435482677e-05  2.507016802120216e-06 -8.773182433952664e-05  2.507016803661071e-06 -1.051813650773505e-01 -9.287133287119866e-02 -1.051813650773568e-01 -9.287133287120453e-02 -1.051813650773568e-01 -9.287133287120458e-02 -1.051813650773504e-01 -9.287133287119863e-02 -1.072874673862978e-02 -1.513073447825783e-03 -1.072874673863044e-02 -1.513073447825891e-03 -1.072874673863044e-02 -1.513073447825895e-03 -1.072874673862978e-02 -1.513073447825782e-03 -2.681276686676573e-04  1.081126233770107e-03 -2.681276686676753e-04  1.081126233770174e-03 -2.681276686676757e-04  1.081126233770174e-03 -2.681276686676572e-04  1.081126233770107e-03 
 1.584893192461159e+06 -3.289711419594117e-02 -1.122974659963757e-01 -7.128143391945990e-03  9.557571685486672e-03 -6.384908650968750e-02 -7.680300112718744e-02  9.221780691170489e-01 -4.258192171048433e-01 -8.927398100490425e-02 -4.777024918279228e-02 -1.043296725379521e-04  3.587219279477481e-04 -1.043296725379605e-04  3.587219279479311e-04 -1.043296725379084e-04  3.587219279476809e-04 -1.043296725374813e-04  3.587219279462527e-04 -7.335824342717048e-03 -8.752656995432948e-04 -7.335824342717496e-03 -8.752656995433577e-04 -7.335824342717494e-03 -8.752656995433551e-04 -7.335824342717046e-03 -8.752656995432943e-04 -7.949423567822465e-05  4.302932269701392e-06 -7.949423567977041e-05  4.302932269941001e-06 -7.949423567758511e-05  4.302932269956295e-06 -7.949423566489189e-05  4.302932271130838e-06 -1.015061648253725e-01 -8.927142208888597e-02 -1.015061648253786e-01 -8.927142208889162e-02 -1.015061648253786e-01 -8.927142208889159e-02 -1.015061648253724e-01 -8.927142208888594e-02 -1.028117841074863e-02 -1.324147414407316e-03 -1.028117841074926e-02 -1.324147414407412e-03 -1.028117841074926e-02 -1.324147414407407e-03 -1.028117841074863e-02 -1.324147414407316e-03 -2.342952545414944e-04  1.008905455369647e-03 -2.342952545415102e-04  1.008905455369708e-03 -2.342952545415097e-04  1.008905455369708e-03 -2.342952545414944e-04  1.008905455369646e-03 
 1.631172909227886e+06 -3.245547395649045e-02 -1.086376834420458e-01 -6.480548165445831e-03  9.079315314619037e-03 -6.290658561471892e-02 -7.311372770432244e-02  9.182751034167477e-01 -4.254787926107733e-01 -8.664798826382017e-02 -4.450460463087350e-02 -9.103918342349669e-05  3.347553287684990e-04 -9.103918342354645e-05  3.347553287689025e-04 -9.103918342352534e-05  3.347553287687878e-04 -9.103918342313594e-05  3.347553287673048e-04 -7.023435495539475e-03 -7.474687278796577e-04 -7.023435495539907e-03 -7.474687278797120e-04 -7.023435495539907e-03 -7.474687278797133e-04 -7.023435495539473e-03 -7.474687278796577e-04 -7.198691628844551e-05  5.797225239498465e-06 -7.198691629200859e-05  5.797225239751701e-06 -7.198691629098348e-05  5.797225239740493e-06 -7.198691627753381e-05  5.797225240599988e-06 -9.801478729884161e-02 -8.577041299067724e-02 -9.801478729884754e-02 -8.577041299068265e-02 -9.801478729884754e-02 -8.577041299068268e-02 -9.801478729884160e-02 -8.577041299067723e-02 -9.849898470170091e-03 -1.140810395040038e-03 -9.849898470170697e-03 -1.140810395040121e-03 -9.849898470170699e-03 -1.140810395040122e-03 -9.849898470170090e-03 -1.140810395040038e-03 -2.031565256460945e-04  9.412389227290031e-04 -2.031565256461083e-04  9.412389227290606e-04 -2.031565256461084e-04  9.412389227290609e-04 -2.031565256460945e-04  9.412389227290029e-04 
 1.678804018122609e+06 -3.202966850341376e-02 -1.050894152277585e-01 -5.877592735922018e-03  8.621562658440532e-03 -6.195896829621967e-02 -6.952330686827725e-02  9.143161952706790e-01 -4.254343836772796e-01 -8.408913796200455e-02 -4.133771052071304e-02 -7.888593369014798e-05  3.122805824867480e-04 -7.888593369014930e-05  3.122805824868809e-04 -7.888593369011813e-05  3.122805824866859e-04 -7.888593368983415e-05  3.122805824855597e-04 -6.722425516198663e-03 -6.239497109836940e-04 -6.722425516199075e-03 -6.239497109837399e-04 -6.722425516199077e-03 -6.239497109837395e-04 -6.722425516198662e-03 -6.239497109836931e-04 -6.514396084590670e-05  7.024729630279473e-06 -6.514396084708677e-05  7.024729630494287e-06 -6.514396084530391e-05  7.024729630441402e-06 -6.514396083482708e-05  7.024729631063974e-06 -9.469497371280045e-02 -8.236471262627802e-02 -9.469497371280616e-02 -8.236471262628323e-02 -9.469497371280620e-02 -8.236471262628323e-02 -9.469497371280040e-02 -8.236471262627798e-02 -9.433870854036231e-03 -9.633198280971900e-04 -9.433870854036810e-03 -9.633198280972607e-04 -9.433870854036814e-03 -9.633198280972603e-04 -9.433870854036229e-03 -9.633198280971894e-04 -1.745517557430239e-04  8.778056343521647e-04 -1.745517557430357e-04  8.778056343522186e-04 -1.745517557430356e-04  8.778056343522189e-04 -1.745517557430238e-04  8.778056343521646e-04 
 1.727825980507914e+06 -3.161865050401135e-02 -1.016482205520709e-01 -5.316504512945214e-03  8.183135431072623e-03 -6.100434158350130e-02 -6.602881754736453e-02  9.102903065572603e-01 -4.256804672696982e-01 -8.159049981618623e-02 -3.826728358293209e-02 -6.779062101985316e-05  2.911948266493609e-04 -6.779062101986045e-05  2.911948266495323e-04 -6.779062101984556e-05  2.911948266494218e-04 -6.779062101959407e-05  2.911948266482472e-04 -6.432090801022153e-03 -5.048534195281731e-04 -6.432090801022549e-03 -5.048534195282122e-04 -6.432090801022548e-03 -5.048534195282113e-04 -6.432090801022150e-03 -5.048534195281744e-04 -5.890596462737712e-05  8.016614391151686e-06 -5.890596462895184e-05  8.016614391376146e-06 -5.890596462791839e-05  8.016614391325300e-06 -5.890596461676408e-05  8.016614391641979e-06 -9.153522431237540e-02 -7.905098021115997e-02 -9.153522431238098e-02 -7.905098021116501e-02 -9.153522431238098e-02 -7.905098021116501e-02 -9.153522431237537e-02 -7.905098021115994e-02 -9.032152125156973e-03 -7.919188014773480e-04 -9.032152125157532e-03 -7.919188014774076e-04 -9.032152125157532e-03 -7.919188014774068e-04 -9.032152125156970e-03 -7.919188014773489e-04 -1.483305107662956e-04  8.183125955241545e-04 -1.483305107663058e-04  8.183125955242050e-04 -1.483305107663057e-04  8.183125955242050e-04 -1.483305107662957e-04  8.183125955241542e-04 
 1.778279410038975e+06 -3.122139992764727e-02 -9.830989361245114e-02 -4.794717965996943e-03  7.762952888214786e-03 -6.004088016951967e-02 -6.262764893467197e-02  9.061864988136520e-01 -4.262114609674514e-01 -7.914564408931075e-02 -3.529145245386643e-02 -5.767987191490485e-05  2.714041117539304e-04 -5.767987191489484e-05  2.714041117539484e-04 -5.767987191488137e-05  2.714041117538245e-04 -5.767987191469138e-05  2.714041117528512e-04 -6.151791718285578e-03 -3.903164762997265e-04 -6.151791718285956e-03 -3.903164762997582e-04 -6.151791718285957e-03 -3.903164762997569e-04 -6.151791718285578e-03 -3.903164762997265e-04 -5.321932120055333e-05  8.800796234801752e-06 -5.321932120070401e-05  8.800796234928059e-06 -5.321932119951634e-05  8.800796234845381e-06 -5.321932119004574e-05  8.800796234989177e-06 -8.852474798845614e-02 -7.582610990187566e-02 -8.852474798846154e-02 -7.582610990188048e-02 -8.852474798846155e-02 -7.582610990188048e-02 -8.852474798845614e-02 -7.582610990187566e-02 -8.643886292504795e-03 -6.268353599268445e-04 -8.643886292505327e-03 -6.268353599268930e-04 -8.643886292505329e-03 -6.268353599268922e-04 -8.643886292504795e-03 -6.268353599268445e-04 -1.243508108242838e-04  7.624922146637829e-04 -1.243508108242924e-04  7.624922146638297e-04 -1.243508108242923e-04  7.624922146638298e-04 -1.243508108242838e-04  7.624922146637829e-04 
 1.830206106311109e+06 -3.083692468843179e-02 -9.507044862171919e-02 -4.309856216760932e-03  7.360025280707890e-03 -5.906683516561644e-02 -5.931748990792478e-02  9.019939123996442e-01 -4.270216953577893e-01 -7.674862941100204e-02 -3.240873251913717e-02 -4.848563217151541e-05  2.528225713366407e-04 -4.848563217150369e-05  2.528225713366032e-04 -4.848563217148335e-05  2.528225713363567e-04 -4.848563217134927e-05  2.528225713356482e-04 -5.880948951327210e-03 -2.804665557245562e-04 -5.880948951327572e-03 -2.804665557245840e-04 -5.880948951327573e-03 -2.804665557245809e-04 -5.880948951327210e-03 -2.804665557245563e-04 -4.803559901854482e-05  9.402300317776634e-06 -4.803559901815953e-05  9.402300317827968e-06 -4.803559901574169e-05  9.402300317608224e-06 -4.803559900866112e-05  9.402300317709895e-06 -8.565341608081294e-02 -7.268721537026486e-02 -8.565341608081811e-02 -7.268721537026954e-02 -8.565341608081815e-02 -7.268721537026948e-02 -8.565341608081294e-02 -7.268721537026486e-02 -8.268299890128070e-03 -4.682816771504682e-04 -8.268299890128580e-03 -4.682816771505115e-04 -8.268299890128582e-03 -4.682816771505074e-04 -8.268299890128070e-03 -4.682816771504682e-04 -1.024783812311398e-04  7.100999292218807e-04 -1.024783812311474e-04  7.100999292219244e-04 -1.024783812311471e-04  7.100999292219246e-04 -1.024783812311398e-04  7.100999292218807e-04 
 1.883649089489856e+06 -3.046426096224070e-02 -9.192610606028523e-02 -3.859714282209961e-03  6.973447736969704e-03 -5.808054356846792e-02 -5.609631901658471e-02  8.977017486592582e-01 -4.281053853886887e-01 -7.439399365413960e-02 -2.961800170714078e-02 -4.014462813221006e-05  2.353716633124231e-04 -4.014462813220823e-05  2.353716633124921e-04 -4.014462813220206e-05  2.353716633123810e-04 -4.014462813209290e-05  2.353716633116417e-04 -5.619040003280917e-03 -1.754215366231700e-04 -5.619040003281262e-03 -1.754215366231873e-04 -5.619040003281262e-03 -1.754215366231882e-04 -5.619040003280914e-03 -1.754215366231696e-04 -4.331098798827134e-05  9.843575803604933e-06 -4.331098798895327e-05  9.843575803740634e-06 -4.331098798783632e-05  9.843575803614367e-06 -4.331098798029368e-05  9.843575803453272e-06 -8.291171990568204e-02 -6.963161607036614e-02 -8.291171990568710e-02 -6.963161607037055e-02 -8.291171990568708e-02 -6.963161607037054e-02 -8.291171990568202e-02 -6.963161607036612e-02 -7.904697261175833e-03 -3.164531273257705e-04 -7.904697261176319e-03 -3.164531273257981e-04 -7.904697261176319e-03 -3.164531273257992e-04 -7.904697261175830e-03 -3.164531273257692e-04 -8.258598538435947e-05  6.609120390345343e-04 -8.258598538436523e-05  6.609120390345749e-04 -8.258598538436531e-05  6.609120390345749e-04 -8.258598538435934e-05  6.609120390345340e-04 
 1.938652635952264e+06 -3.010247330861084e-02 -8.887328003347401e-02 -3.442243773647368e-03  6.602394541601231e-03 -5.708043854208199e-02 -5.296239473287305e-02  8.932992547814186e-01 -4.294566011897548e-01 -7.207674763355536e-02 -2.691847661308995e-02 -3.259789036033738e-05  2.189794763384298e-04 -3.259789036033738e-05  2.189794763385351e-04 -3.259789036033278e-05  2.189794763383710e-04 -3.259789036025427e-05  2.189794763377584e-04 -5.365595831217123e-03 -7.528861060325195e-05 -5.365595831217452e-03 -7.528861060326366e-05 -5.365595831217454e-03 -7.528861060326279e-05 -5.365595831217121e-03 -7.528861060325195e-05 -3.900580801636360e-05  1.014477243891358e-05 -3.900580801744092e-05  1.014477243909287e-05 -3.900580801575240e-05  1.014477243886289e-05 -3.900580800934508e-05  1.014477243863261e-05 -8.029073186165403e-02 -6.665682481581252e-02 -8.029073186165890e-02 -6.665682481581672e-02 -8.029073186165891e-02 -6.665682481581674e-02 -8.029073186165400e-02 -6.665682481581249e-02 -7.552456003043099e-03 -1.715272630463058e-04 -7.552456003043562e-03 -1.715272630463255e-04 -7.552456003043564e-03 -1.715272630463248e-04 -7.552456003043095e-03 -1.715272630463055e-04 -6.455283069518007e-05  6.147237281097893e-04 -6.455283069518479e-05  6.147237281098270e-04 -6.455283069518475e-05  6.147237281098272e-04 -6.455283069518004e-05  6.147237281097890e-04 
 1.995262314968938e+06 -2.975065454495860e-02 -8.590856667766286e-02 -3.055538903881918e-03  6.246113764816770e-03 -5.606506048511287e-02 -4.991424577617861e-02  8.887757117365035e-01 -4.310692377004521e-01 -6.979237127625705e-02 -2.430968861709757e-02 -2.579033348208559e-05  2.035800954179238e-04 -2.579033348208494e-05  2.035800954179204e-04 -2.579033348208493e-05  2.035800954178257e-04 -2.579033348202979e-05  2.035800954172858e-04 -5.120197579848202e-03  1.983662446313938e-05 -5.120197579848516e-03  1.983662446313504e-05 -5.120197579848517e-03  1.983662446313504e-05 -5.120197579848202e-03  1.983662446313850e-05 -3.508407256749081e-05  1.032398321422710e-05 -3.508407256745213e-05  1.032398321422910e-05 -3.508407256645433e-05  1.032398321406915e-05 -3.508407256066907e-05  1.032398321373848e-05 -7.778206965419641e-02 -6.376053668311460e-02 -7.778206965420115e-02 -6.376053668311865e-02 -7.778206965420115e-02 -6.376053668311865e-02 -7.778206965419641e-02 -6.376053668311461e-02 -7.211022532788830e-03 -3.366274530549316e-05 -7.211022532789275e-03 -3.366274530550335e-05 -7.211022532789275e-03 -3.366274530550357e-05 -7.211022532788830e-03 -3.366274530549381e-05 -4.826404283901308e-05  5.713472575261872e-04 -4.826404283901670e-05  5.713472575262224e-04 -4.826404283901672e-05  5.713472575262224e-04 -4.826404283901313e-05  5.713472575261872e-04 
 2.053525026457206e+06 -2.940792552309691e-02 -8.302873348990882e-02 -2.697823648012493e-03  5.903922209720021e-03 -5.503306895062732e-02 -4.695066117129517e-02  8.841204249338770e-01 -4.329369838151035e-01 -6.753681198575882e-02 -2.179145938792878e-02 -1.967038563995667e-05  1.891130218226862e-04 -1.967038563995861e-05  1.891130218226682e-04 -1.967038563996028e-05  1.891130218226093e-04 -1.967038563992438e-05  1.891130218221325e-04 -4.882473391064247e-03  1.098710815867714e-04 -4.882473391064548e-03  1.098710815867727e-04 -4.882473391064548e-03  1.098710815867727e-04 -4.882473391064247e-03  1.098710815867692e-04 -3.151310098849482e-05  1.039745768364099e-05 -3.151310098830099e-05  1.039745768359062e-05 -3.151310098766535e-05  1.039745768347275e-05 -3.151310098243228e-05  1.039745768305683e-05 -7.537786356148585e-02 -6.094061887847449e-02 -7.537786356149044e-02 -6.094061887847837e-02 -7.537786356149044e-02 -6.094061887847836e-02 -7.537786356148582e-02 -6.094061887847450e-02 -6.879907740669901e-03  9.700176544581631e-05 -6.879907740670326e-03  9.700176544581458e-05 -6.879907740670326e-03  9.700176544581479e-05 -6.879907740669901e-03  9.700176544581371e-05 -3.361020099883381e-05  5.306103146322069e-04 -3.361020099883648e-05  5.306103146322396e-04 -3.361020099883646e-05  5.306103146322396e-04 -3.361020099883401e-05  5.306103146322068e-04 
 2.113489039836709e+06 -2.907343474823991e-02 -8.023070953867954e-02 -2.367439947673644e-03  5.575200632677300e-03 -5.398325533098253e-02 -4.407067983544944e-02  8.793227179761420e-01 -4.350532905254115e-01 -6.530648479109161e-02 -1.936387547712933e-02 -1.418966267299853e-05  1.755226427943732e-04 -1.418966267300051e-05  1.755226427943935e-04 -1.418966267300908e-05  1.755226427942465e-04 -1.418966267298739e-05  1.755226427938518e-04 -4.652095268838257e-03  1.947450844554394e-04 -4.652095268838544e-03  1.947450844554472e-04 -4.652095268838544e-03  1.947450844554467e-04 -4.652095268838258e-03  1.947450844554389e-04 -2.826317417679180e-05  1.037978973278983e-05 -2.826317417701945e-05  1.037978973280259e-05 -2.826317417539346e-05  1.037978973245849e-05 -2.826317417095044e-05  1.037978973203356e-05 -7.307072638965280e-02 -5.819510156246768e-02 -7.307072638965727e-02 -5.819510156247135e-02 -7.307072638965728e-02 -5.819510156247137e-02 -7.307072638965281e-02 -5.819510156246770e-02 -6.558682704072409e-03  2.203487144588020e-04 -6.558682704072815e-03  2.203487144588096e-04 -6.558682704072815e-03  2.203487144588098e-04 -6.558682704072409e-03  2.203487144588016e-04 -2.048693008650381e-05  4.923545051140532e-04 -2.048693008650553e-05  4.923545051140836e-04 -2.048693008650552e-05  4.923545051140836e-04 -2.048693008650384e-05  4.923545051140532e-04 
 2.175204034019587e+06 -2.874635793286219e-02 -7.751157646458728e-02 -2.062836846940125e-03  5.259389201065269e-03 -5.291455627755015e-02 -4.127357938115168e-02  8.743719294247645e-01 -4.374113384087616e-01 -6.309827389918403e-02 -1.702726153715789e-02 -9.302682182409374e-06  1.627577470884040e-04 -9.302682182407970e-06  1.627577470884730e-04 -9.302682182416213e-06  1.627577470883798e-04 -9.302682182406022e-06  1.627577470880405e-04 -4.428775984159721e-03  2.744032341344766e-04 -4.428775984159995e-03  2.744032341344891e-04 -4.428775984159993e-03  2.744032341344896e-04 -4.428775984159720e-03  2.744032341344761e-04 -2.530722871471694e-05  1.028408316439575e-05 -2.530722871550552e-05  1.028408316452942e-05 -2.530722871444926e-05  1.028408316427703e-05 -2.530722871053468e-05  1.028408316382079e-05 -7.085372595354630e-02 -5.552216945159760e-02 -7.085372595355062e-02 -5.552216945160113e-02 -7.085372595355062e-02 -5.552216945160111e-02 -7.085372595354629e-02 -5.552216945159761e-02 -6.246974441434885e-03  3.362827290466443e-04 -6.246974441435273e-03  3.362827290466577e-04 -6.246974441435270e-03  3.362827290466590e-04 -6.246974441434884e-03  3.362827290466434e-04 -8.794544782850414e-06  4.564339762851840e-04 -8.794544782851501e-06  4.564339762852122e-04 -8.794544782851393e-06  4.564339762852121e-04 -8.794544782850471e-06  4.564339762851839e-04 
 2.238721138568406e+06 -2.842589747339632e-02 -7.486856022339905e-02 -1.782560474973424e-03  4.955983148826674e-03 -5.182606772653364e-02 -3.855886389198968e-02  8.692574128505925e-01 -4.400040042805525e-01 -6.090953518439949e-02 -1.478215186972554e-02 -4.966613241194957e-06  1.507710828374430e-04 -4.966613241195216e-06  1.507710828374907e-04 -4.966613241198534e-06  1.507710828374631e-04 -4.966613241202093e-06  1.507710828371304e-04 -4.212266008631467e-03  3.488052246928127e-04 -4.212266008631727e-03  3.488052246928318e-04 -4.212266008631727e-03  3.488052246928305e-04 -4.212266008631465e-03  3.488052246928127e-04 -2.262058519080690e-05  1.012209800927649e-05 -2.262058519137029e-05  1.012209800935467e-05 -2.262058519104904e-05  1.012209800926874e-05 -2.262058518712262e-05  1.012209800866420e-05 -6.872035991993850e-02 -5.292015404873283e-02 -6.872035991994271e-02 -5.292015404873616e-02 -6.872035991994269e-02 -5.292015404873616e-02 -6.872035991993847e-02 -5.292015404873281e-02 -5.944461691233312e-03  4.447316384676176e-04 -5.944461691233680e-03  4.447316384676417e-04 -5.944461691233680e-03  4.447316384676401e-04 -5.944461691233310e-03  4.447316384676176e-04  1.562259171977770e-06  4.227141612282639e-04  1.562259171977621e-06  4.227141612282900e-04  1.562259171977505e-06  4.227141612282900e-04  1.562259171977776e-06  4.227141612282638e-04 
 2.304092976055914e+06 -2.811128190516760e-02 -7.229902350005553e-02 -1.525244796137271e-03  4.664528594599360e-03 -5.071705939584351e-02 -3.592625038292302e-02  8.639685401670649e-01 -4.428238273284720e-01 -5.873809912389865e-02 -1.262925996058901e-02 -1.141058076166856e-06  1.395189545737792e-04 -1.141058076182271e-06  1.395189545737241e-04 -1.141058076193715e-06  1.395189545736488e-04 -1.141058076197658e-06  1.395189545734075e-04 -4.002350469511081e-03  4.179265859575475e-04 -4.002350469511327e-03  4.179265859575704e-04 -4.002350469511327e-03  4.179265859575691e-04 -4.002350469511080e-03  4.179265859575470e-04 -2.018070689709035e-05  9.904380062066232e-06 -2.018070689644565e-05  9.904380061785829e-06 -2.018070689554771e-05  9.904380061518856e-06 -2.018070689261879e-05  9.904380061062932e-06 -6.666453279974918e-02 -5.038752643507464e-02 -6.666453279975325e-02 -5.038752643507782e-02 -6.666453279975323e-02 -5.038752643507782e-02 -6.666453279974918e-02 -5.038752643507464e-02 -5.650870707050623e-03  5.456474040017291e-04 -5.650870707050971e-03  5.456474040017585e-04 -5.650870707050970e-03  5.456474040017571e-04 -5.650870707050622e-03  5.456474040017288e-04  1.067467030044731e-05  3.910706345624834e-04  1.067467030044768e-05  3.910706345625075e-04  1.067467030044758e-05  3.910706345625074e-04  1.067467030044729e-05  3.910706345624834e-04 
 2.371373705661725e+06 -2.780176533849535e-02 -6.980045875017854e-02 -1.289603067723863e-03  4.384618487357310e-03 -4.958698954476640e-02 -3.337565370742613e-02  8.584947085278403e-01 -4.458629746682962e-01 -5.658227362312878e-02 -1.056944579554981e-02  2.212137725648954e-06  1.289608566116380e-04  2.212137725645220e-06  1.289608566116609e-04  2.212137725642204e-06  1.289608566116446e-04  2.212137725620269e-06  1.289608566113665e-04 -3.798846123354196e-03  4.817593355344103e-04 -3.798846123354432e-03  4.817593355344378e-04 -3.798846123354430e-03  4.817593355344369e-04 -3.798846123354195e-03  4.817593355344105e-04 -1.796698552293061e-05  9.640375836118252e-06 -1.796698552322238e-05  9.640375836110676e-06 -1.796698552302299e-05  9.640375836045165e-06 -1.796698551957827e-05  9.640375835299876e-06 -6.468053494536691e-02 -4.792289051268025e-02 -6.468053494537092e-02 -4.792289051268330e-02 -6.468053494537088e-02 -4.792289051268329e-02 -6.468053494536691e-02 -4.792289051268025e-02 -5.365971065849795e-03  6.390069320286480e-04 -5.365971065850130e-03  6.390069320286846e-04 -5.365971065850127e-03  6.390069320286834e-04 -5.365971065849795e-03  6.390069320286482e-04  1.862998739747355e-05  3.613880716740290e-04  1.862998739747450e-05  3.613880716740515e-04  1.862998739747443e-05  3.613880716740513e-04  1.862998739747357e-05  3.613880716740290e-04 
 2.440619068042052e+06 -2.749662690553601e-02 -6.737048181409015e-02 -1.074419953100719e-03  4.115888648061798e-03 -4.843551975105592e-02 -3.090716966969493e-02  8.528253508736069e-01 -4.491132066169234e-01 -5.444084613468993e-02 -8.603680772868230e-03  5.129049646412026e-06  1.190591402530519e-04  5.129049646406285e-06  1.190591402530654e-04  5.129049646394674e-06  1.190591402530125e-04  5.129049646377525e-06  1.190591402528128e-04 -3.601598348657844e-03  5.403125237866139e-04 -3.601598348658066e-03  5.403125237866447e-04 -3.601598348658066e-03  5.403125237866447e-04 -3.601598348657841e-03  5.403125237866139e-04 -1.596055084199202e-05  9.338534850036809e-06 -1.596055084217406e-05  9.338534849985843e-06 -1.596055084151200e-05  9.338534849746711e-06 -1.596055083896794e-05  9.338534849187821e-06 -6.276302341865575e-02 -4.552497658105358e-02 -6.276302341865961e-02 -4.552497658105645e-02 -6.276302341865961e-02 -4.552497658105645e-02 -6.276302341865574e-02 -4.552497658105356e-02 -5.089571491165719e-03  7.248127452339979e-04 -5.089571491166033e-03  7.248127452340401e-04 -5.089571491166033e-03  7.248127452340399e-04 -5.089571491165715e-03  7.248127452339986e-04  2.551181018838540e-05  3.335593040430836e-04  2.551181018838680e-05  3.335593040431043e-04  2.551181018838679e-05  3.335593040431043e-04  2.551181018838545e-05  3.335593040430834e-04 
 2.511886431509655e+06 -2.719517022664743e-02 -6.500682607095438e-02 -8.785442533786316e-04  3.858013879214554e-03 -4.726252940515425e-02 -2.852105615264426e-02  8.469499505956624e-01 -4.525658415218129e-01 -5.231308443510070e-02 -6.733010172498834e-03  7.643816129309146e-06  1.097787125326077e-04  7.643816129298272e-06  1.097787125326014e-04  7.643816129293139e-06  1.097787125325813e-04  7.643816129263560e-06  1.097787125323706e-04 -3.410478162153595e-03  5.936126548946584e-04 -3.410478162153806e-03  5.936126548946934e-04 -3.410478162153806e-03  5.936126548946929e-04 -3.410478162153595e-03  5.936126548946582e-04 -1.414410169701369e-05  9.006400890970326e-06 -1.414410169694739e-05  9.006400890815464e-06 -1.414410169668888e-05  9.006400890713227e-06 -1.414410169394693e-05  9.006400889964520e-06 -6.090700458561280e-02 -4.319263518156435e-02 -6.090700458561654e-02 -4.319263518156709e-02 -6.090700458561654e-02 -4.319263518156709e-02 -6.090700458561281e-02 -4.319263518156435e-02 -4.821515698928146e-03  8.030934864045584e-04 -4.821515698928445e-03  8.030934864046052e-04 -4.821515698928445e-03  8.030934864046049e-04 -4.821515698928146e-03  8.030934864045586e-04  3.140019826884519e-05  3.074844640701464e-04  3.140019826884696e-05  3.074844640701653e-04  3.140019826884694e-05  3.074844640701653e-04  3.140019826884521e-05  3.074844640701463e-04 
 2.585234839562268e+06 -2.689672294146491e-02 -6.270733706494942e-02 -7.008822223524853e-04  3.610704117717363e-03 -4.606812957471076e-02 -2.621771206576155e-02  8.408580600545391e-01 -4.562117210146093e-01 -5.019873537674520e-02 -4.958513127545994e-03  9.788760613494921e-06  1.010867643820018e-04  9.788760613471771e-06  1.010867643819557e-04  9.788760613466779e-06  1.010867643819386e-04  9.788760613443653e-06  1.010867643817847e-04 -3.225379265312047e-03  6.417039710716710e-04 -3.225379265312246e-03  6.417039710717083e-04 -3.225379265312246e-03  6.417039710717083e-04 -3.225379265312046e-03  6.417039710716705e-04 -1.250175590274110e-05  8.650693703944009e-06 -1.250175590215077e-05  8.650693703549977e-06 -1.250175590192582e-05  8.650693703452908e-06 -1.250175589986434e-05  8.650693702876618e-06 -5.910781831017498e-02 -4.092483110133233e-02 -5.910781831017858e-02 -4.092483110133491e-02 -5.910781831017859e-02 -4.092483110133491e-02 -5.910781831017494e-02 -4.092483110133231e-02 -4.561678276361667e-03  8.739042350383085e-04 -4.561678276361949e-03  8.739042350383591e-04 -4.561678276361949e-03  8.739042350383591e-04 -4.561678276361666e-03  8.739042350383076e-04  3.637180207639121e-05  2.830702132911887e-04  3.637180207639325e-05  2.830702132912061e-04  3.637180207639325e-05  2.830702132912061e-04  3.637180207639115e-05  2.830702132911886e-04 
 2.660725059798889e+06 -2.660063628731704e-02 -6.046996759427838e-02 -5.403914504492315e-04  3.373700611883462e-03 -4.485267583281157e-02 -2.399765403922340e-02  8.345393237341553e-01 -4.600411752335716e-01 -4.809802092564946e-02 -3.281260325004669e-03  1.159449614208516e-05  9.295252629534834e-05  1.159449614207659e-05  9.295252629535288e-05  1.159449614206649e-05  9.295252629532226e-05  1.159449614204428e-05  9.295252629519522e-05 -3.046215131796378e-03  6.846485878345723e-04 -3.046215131796565e-03  6.846485878346120e-04 -3.046215131796565e-03  6.846485878346120e-04 -3.046215131796376e-03  6.846485878345719e-04 -1.101891693263804e-05  8.277382355390341e-06 -1.101891693271511e-05  8.277382355277828e-06 -1.101891693230200e-05  8.277382355083883e-06 -1.101891693055573e-05  8.277382354556654e-06 -5.736112362987399e-02 -3.872063747312060e-02 -5.736112362987749e-02 -3.872063747312305e-02 -5.736112362987750e-02 -3.872063747312306e-02 -5.736112362987397e-02 -3.872063747312058e-02 -4.309960610224586e-03  9.373266184541194e-04 -4.309960610224851e-03  9.373266184541736e-04 -4.309960610224851e-03  9.373266184541738e-04 -4.309960610224583e-03  9.373266184541189e-04  4.049996941533067e-05  2.602290484705296e-04  4.049996941533295e-05  2.602290484705456e-04  4.049996941533295e-05  2.602290484705456e-04  4.049996941533065e-05  2.602290484705294e-04 
 2.738419634264443e+06 -2.630628477505814e-02 -5.829277319395982e-02 -3.960752986517216e-04  3.146772108326354e-03 -4.361677961222302e-02 -2.186149077762163e-02  8.279835056897314e-01 -4.640439890610530e-01 -4.601163077013846e-02 -1.702269613388705e-03  1.309001485355535e-05  8.534704965561527e-05  1.309001485354212e-05  8.534704965560724e-05  1.309001485353645e-05  8.534704965559194e-05  1.309001485350955e-05  8.534704965547100e-05 -2.872916147204807e-03  7.225264723937870e-04 -2.872916147204984e-03  7.225264723938293e-04 -2.872916147204986e-03  7.225264723938291e-04 -2.872916147204807e-03  7.225264723937868e-04 -9.682155476787152e-06  7.891751360483052e-06 -9.682155476692806e-06  7.891751360277985e-06 -9.682155476481017e-06  7.891751360170082e-06 -9.682155474779100e-06  7.891751359576454e-06 -5.566288579454343e-02 -3.657922986691142e-02 -5.566288579454684e-02 -3.657922986691372e-02 -5.566288579454684e-02 -3.657922986691374e-02 -5.566288579454341e-02 -3.657922986691141e-02 -4.066286881565901e-03  9.934687050211167e-04 -4.066286881566151e-03  9.934687050211753e-04 -4.066286881566153e-03  9.934687050211746e-04 -4.066286881565899e-03  9.934687050211167e-04  4.385483111010908e-05  2.388786803040869e-04  4.385483111011162e-05  2.388786803041016e-04  4.385483111011157e-05  2.388786803041017e-04  4.385483111010908e-05  2.388786803040868e-04 
 2.818382931264538e+06 -2.601306594959712e-02 -5.617390800356970e-02 -2.669778812559986e-04  2.929711042122901e-03 -4.236131760469979e-02 -1.980989513487141e-02  8.211805220473311e-01 -4.682093690929340e-01 -4.394071082594616e-02 -2.224599958878921e-04  1.430276444582690e-05  7.824301202701863e-05  1.430276444582145e-05  7.824301202703066e-05  1.430276444582116e-05  7.824301202702998e-05  1.430276444579193e-05  7.824301202691969e-05 -2.705426815802963e-03  7.554352583614786e-04 -2.705426815803131e-03  7.554352583615238e-04 -2.705426815803131e-03  7.554352583615238e-04 -2.705426815802963e-03  7.554352583614790e-04 -8.479104162169039e-06  7.498460507109834e-06 -8.479104162356471e-06  7.498460507048999e-06 -8.479104162346486e-06  7.498460507043480e-06 -8.479104160756016e-06  7.498460506421689e-06 -5.400936455337647e-02 -3.449988031971311e-02 -5.400936455337978e-02 -3.449988031971529e-02 -5.400936455337978e-02 -3.449988031971529e-02 -5.400936455337647e-02 -3.449988031971311e-02 -3.830600148836536e-03  1.042464668998972e-03 -3.830600148836774e-03  1.042464668999034e-03 -3.830600148836774e-03  1.042464668999035e-03 -3.830600148836536e-03  1.042464668998973e-03  4.650336910602705e-05  2.189414798956302e-04  4.650336910602978e-05  2.189414798956438e-04  4.650336910602981e-05  2.189414798956438e-04  4.650336910602707e-05  2.189414798956302e-04 
 2.900681198693241e+06 -2.572040027539730e-02 -5.411162095444803e-02 -1.521795913185075e-04  2.722329729083667e-03 -4.108743870322489e-02 -1.784357399388361e-02  8.141204781567910e-01 -4.725259124789487e-01 -4.188684697192987e-02  1.157395517960621e-03  1.525871361013210e-05  7.161454474787243e-05  1.525871361011289e-05  7.161454474785323e-05  1.525871361010444e-05  7.161454474783470e-05  1.525871361008254e-05  7.161454474775441e-05 -2.543703048370514e-03  7.834898947450330e-04 -2.543703048370670e-03  7.834898947450795e-04 -2.543703048370670e-03  7.834898947450798e-04 -2.543703048370513e-03  7.834898947450328e-04 -7.398363919405063e-06  7.101599197505990e-06 -7.398363919142442e-06  7.101599197178722e-06 -7.398363918872983e-06  7.101599197017931e-06 -7.398363917681815e-06  7.101599196546779e-06 -5.239710357524330e-02 -3.248195119978058e-02 -5.239710357524649e-02 -3.248195119978263e-02 -5.239710357524650e-02 -3.248195119978264e-02 -5.239710357524327e-02 -3.248195119978058e-02 -3.602858540399528e-03  1.084474223326462e-03 -3.602858540399750e-03  1.084474223326526e-03 -3.602858540399750e-03  1.084474223326527e-03 -3.602858540399526e-03  1.084474223326461e-03  4.850947037466488e-05  2.003439882591491e-04  4.850947037466771e-05  2.003439882591615e-04  4.850947037466775e-05  2.003439882591615e-04  4.850947037466485e-05  2.003439882591491e-04 
 2.985382618918050e+06 -2.542773114575841e-02 -5.210425226123618e-02 -5.079317482860637e-05  2.524456568671698e-03 -3.979656797963490e-02 -1.596323618816452e-02  8.067937110405872e-01 -4.769815775744804e-01 -3.985204345478047e-02  2.436717451383344e-03  1.598240823210938e-05  6.543708125912529e-05  1.598240823209892e-05  6.543708125912531e-05  1.598240823209284e-05  6.543708125911320e-05  1.598240823206438e-05  6.543708125902989e-05 -2.387709547577040e-03  8.068221287320411e-04 -2.387709547577188e-03  8.068221287320894e-04 -2.387709547577188e-03  8.068221287320897e-04 -2.387709547577040e-03  8.068221287320413e-04 -6.429420616503696e-06  6.704735993610931e-06 -6.429420616520765e-06  6.704735993445931e-06 -6.429420616340246e-06  6.704735993329596e-06 -6.429420615076816e-06  6.704735992740057e-06 -5.082292088893565e-02 -3.052488885145899e-02 -5.082292088893878e-02 -3.052488885146094e-02 -5.082292088893878e-02 -3.052488885146094e-02 -5.082292088893565e-02 -3.052488885145899e-02 -3.383031580637075e-03  1.119681819063754e-03 -3.383031580637286e-03  1.119681819063821e-03 -3.383031580637286e-03  1.119681819063822e-03 -3.383031580637075e-03  1.119681819063755e-03  4.993396969988984e-05  1.830164844069945e-04  4.993396969989280e-05  1.830164844070058e-04  4.993396969989282e-05  1.830164844070058e-04  4.993396969988987e-05  1.830164844069944e-04 
 3.072557365267539e+06 -2.513452502905131e-02 -5.015023016724785e-02  3.803964438146126e-05  2.335932272401954e-03 -3.849040719006891e-02 -1.416955877662577e-02  7.991908368338692e-01 -4.815636574308050e-01 -3.783869547215640e-02  3.615166986541722e-03  1.649702002868124e-05  5.968722461910870e-05  1.649702002866271e-05  5.968722461909393e-05  1.649702002865364e-05  5.968722461907744e-05  1.649702002863231e-05  5.968722461901666e-05 -2.237417306285491e-03  8.255798251107227e-04 -2.237417306285629e-03  8.255798251107726e-04 -2.237417306285630e-03  8.255798251107721e-04 -2.237417306285491e-03  8.255798251107227e-04 -5.562570759422103e-06  6.310963973260389e-06 -5.562570759213159e-06  6.310963972934422e-06 -5.562570758961524e-06  6.310963972759425e-06 -5.562570758012384e-06  6.310963972310341e-06 -4.928390021297387e-02 -2.862821694776453e-02 -4.928390021297692e-02 -2.862821694776634e-02 -4.928390021297692e-02 -2.862821694776636e-02 -4.928390021297387e-02 -2.862821694776453e-02 -3.171096672390732e-03  1.148295615031700e-03 -3.171096672390929e-03  1.148295615031770e-03 -3.171096672390930e-03  1.148295615031769e-03 -3.171096672390732e-03  1.148295615031700e-03  5.083468428637601e-05  1.668926076283091e-04  5.083468428637909e-05  1.668926076283195e-04  5.083468428637906e-05  1.668926076283195e-04  5.083468428637601e-05  1.668926076283091e-04 
 3.162277660168475e+06 -2.484027177141376e-02 -4.824806791076113e-02  1.151509840065165e-04  2.156606142488414e-03 -3.717093134836279e-02 -1.246315210372966e-02  7.913028035134717e-01 -4.862587564730927e-01 -3.584955560638211e-02  4.692691692730909e-03  1.682438916668262e-05  5.434263270472691e-05  1.682438916667282e-05  5.434263270472773e-05  1.682438916666334e-05  5.434263270471198e-05  1.682438916664279e-05  5.434263270465951e-05 -2.092801234275464e-03  8.399261290097954e-04 -2.092801234275593e-03  8.399261290098451e-04 -2.092801234275593e-03  8.399261290098458e-04 -2.092801234275464e-03  8.399261290097952e-04 -4.788855149105693e-06  5.922942396471017e-06 -4.788855149135315e-06  5.922942396308592e-06 -4.788855148888430e-06  5.922942396123416e-06 -4.788855148048111e-06  5.922942395691531e-06 -4.777738306640961e-02 -2.679152947277791e-02 -4.777738306641253e-02 -2.679152947277961e-02 -4.777738306641255e-02 -2.679152947277960e-02 -4.777738306640960e-02 -2.679152947277791e-02 -2.967035758522247e-03  1.170546226796235e-03 -2.967035758522430e-03  1.170546226796304e-03 -2.967035758522430e-03  1.170546226796305e-03 -2.967035758522247e-03  1.170546226796234e-03  5.126644300319313e-05  1.519090297159778e-04  5.126644300319617e-05  1.519090297159872e-04  5.126644300319621e-05  1.519090297159872e-04  5.126644300319311e-05  1.519090297159778e-04 
 3.254617834980557e+06 -2.454448505228705e-02 -4.639636087218616e-02  1.813490651609745e-04  1.986332432371405e-03 -3.584038094723137e-02 -1.084452419285331e-02  7.831209486756657e-01 -4.910527712619335e-01 -3.388769393270429e-02  5.669568779040032e-03  1.698506221401802e-05  4.938191963198742e-05  1.698506221400976e-05  4.938191963199028e-05  1.698506221400732e-05  4.938191963198658e-05  1.698506221398649e-05  4.938191963193956e-05 -1.953837928188554e-03  8.500384794362170e-04 -1.953837928188675e-03  8.500384794362687e-04 -1.953837928188675e-03  8.500384794362687e-04 -1.953837928188552e-03  8.500384794362166e-04 -4.099999545979050e-06  5.542935121130267e-06 -4.099999546041732e-06  5.542935120992926e-06 -4.099999545981936e-06  5.542935120944565e-06 -4.099999545210184e-06  5.542935120507237e-06 -4.630096151354940e-02 -2.501448329452121e-02 -4.630096151355226e-02 -2.501448329452280e-02 -4.630096151355226e-02 -2.501448329452280e-02 -4.630096151354938e-02 -2.501448329452120e-02 -2.770832184354790e-03  1.186685265339963e-03 -2.770832184354962e-03  1.186685265340036e-03 -2.770832184354963e-03  1.186685265340035e-03 -2.770832184354788e-03  1.186685265339963e-03  5.128111270209073e-05  1.380051729971884e-04  5.128111270209383e-05  1.380051729971969e-04  5.128111270209382e-05  1.380051729971969e-04  5.128111270209071e-05  1.380051729971883e-04 
 3.349654391578378e+06 -2.424670300993359e-02 -4.459378386003750e-02  2.374199190993590e-04  1.824966829052018e-03 -3.450124950282964e-02 -9.314045115149770e-03  7.746370622947238e-01 -4.959308759994690e-01 -3.195645184032356e-02  6.546444708116342e-03  1.699832666890781e-05  4.478457195864111e-05  1.699832666889822e-05  4.478457195864164e-05  1.699832666889527e-05  4.478457195863753e-05  1.699832666887351e-05  4.478457195859426e-05 -1.820503598245711e-03  8.561074849869147e-04 -1.820503598245824e-03  8.561074849869668e-04 -1.820503598245824e-03  8.561074849869664e-04 -1.820503598245711e-03  8.561074849869147e-04 -3.488361466015878e-06  5.172846125617172e-06 -3.488361466041162e-06  5.172846125448276e-06 -3.488361465973103e-06  5.172846125388913e-06 -3.488361465245965e-06  5.172846124930975e-06 -4.485247141486096e-02 -2.329679027241114e-02 -4.485247141486374e-02 -2.329679027241262e-02 -4.485247141486373e-02 -2.329679027241262e-02 -4.485247141486096e-02 -2.329679027241114e-02 -2.582467780906305e-03  1.196983681410697e-03 -2.582467780906466e-03  1.196983681410770e-03 -2.582467780906465e-03  1.196983681410770e-03 -2.582467780906305e-03  1.196983681410697e-03  5.092762391957124e-05  1.251229701146387e-04  5.092762391957431e-05  1.251229701146465e-04  5.092762391957431e-05  1.251229701146464e-04  5.092762391957122e-05  1.251229701146387e-04 
 3.447466065731599e+06 -2.394648902613242e-02 -4.283908850044351e-02  2.841285465622945e-04  1.672363103358054e-03 -3.315626619707219e-02 -7.871912085429391e-03  7.658434541934120e-01 -5.008775135762543e-01 -3.005938983141124e-02  7.324369952129784e-03  1.688224314253848e-05  4.053087826623784e-05  1.688224314252763e-05  4.053087826623645e-05  1.688224314252530e-05  4.053087826623347e-05  1.688224314250702e-05  4.053087826619919e-05 -1.692772163918760e-03  8.583356742311543e-04 -1.692772163918865e-03  8.583356742312068e-04 -1.692772163918865e-03  8.583356742312065e-04 -1.692772163918760e-03  8.583356742311546e-04 -2.946882353922729e-06  4.814252449032807e-06 -2.946882353915699e-06  4.814252448832721e-06 -2.946882353865174e-06  4.814252448785163e-06 -2.946882353272960e-06  4.814252448394491e-06 -4.342998603398804e-02 -2.163820887097316e-02 -4.342998603399072e-02 -2.163820887097453e-02 -4.342998603399072e-02 -2.163820887097453e-02 -4.342998603398805e-02 -2.163820887097316e-02 -2.401920186797741e-03  1.201729933220776e-03 -2.401920186797891e-03  1.201729933220849e-03 -2.401920186797891e-03  1.201729933220849e-03 -2.401920186797741e-03  1.201729933220776e-03  5.025199793271464e-05  1.132066616049112e-04  5.025199793271769e-05  1.132066616049182e-04  5.025199793271769e-05  1.132066616049182e-04  5.025199793271466e-05  1.132066616049112e-04 
 3.548133892335862e+06 -2.364343267789617e-02 -4.113110068619972e-02  3.222195464141840e-04  1.528369979390955e-03 -3.180837353328796e-02 -6.518116095691499e-03  7.567330258867925e-01 -5.058763929330299e-01 -2.820022981467826e-02  8.004827688081532e-03  1.665367615086813e-05  3.660187074954569e-05  1.665367615086060e-05  3.660187074954812e-05  1.665367615085810e-05  3.660187074954516e-05  1.665367615084102e-05  3.660187074951588e-05 -1.570613528722034e-03  8.569361359780180e-04 -1.570613528722131e-03  8.569361359780703e-04 -1.570613528722131e-03  8.569361359780703e-04 -1.570613528722034e-03  8.569361359780185e-04 -2.469044453681757e-06  4.468434804374988e-06 -2.469044453739141e-06  4.468434804237610e-06 -2.469044453688218e-06  4.468434804185846e-06 -2.469044453169391e-06  4.468434803816472e-06 -4.203180985850893e-02 -2.003853524436152e-02 -4.203180985851153e-02 -2.003853524436280e-02 -4.203180985851152e-02 -2.003853524436280e-02 -4.203180985850893e-02 -2.003853524436151e-02 -2.229160423788497e-03  1.201227999096618e-03 -2.229160423788635e-03  1.201227999096691e-03 -2.229160423788635e-03  1.201227999096691e-03 -2.229160423788496e-03  1.201227999096618e-03  4.929737692810110e-05  1.022026274109193e-04  4.929737692810410e-05  1.022026274109257e-04  4.929737692810410e-05  1.022026274109257e-04  4.929737692810112e-05  1.022026274109193e-04 
 3.651741272548488e+06 -2.333715084300066e-02 -3.946871804512172e-02  3.524172393405860e-04  1.392828277122802e-03 -3.046070006826898e-02 -5.252410956336650e-03  7.472993462015317e-01 -5.109104936182006e-01 -2.638279266475711e-02  8.589755278987348e-03  1.632832430041709e-05  3.297927749543791e-05  1.632832430040715e-05  3.297927749543728e-05  1.632832430040492e-05  3.297927749543486e-05  1.632832430038955e-05  3.297927749541046e-05 -1.453992042992213e-03  8.521310648228505e-04 -1.453992042992303e-03  8.521310648229030e-04 -1.453992042992303e-03  8.521310648229028e-04 -1.453992042992212e-03  8.521310648228508e-04 -2.048831785230299e-06  4.136406078336048e-06 -2.048831785234612e-06  4.136406078143004e-06 -2.048831785192001e-06  4.136406078096154e-06 -2.048831784748141e-06  4.136406077758403e-06 -4.065647247049685e-02 -1.849759380462347e-02 -4.065647247049936e-02 -1.849759380462463e-02 -4.065647247049936e-02 -1.849759380462464e-02 -4.065647247049683e-02 -1.849759380462345e-02 -2.064150738985201e-03  1.195795256962893e-03 -2.064150738985329e-03  1.195795256962966e-03 -2.064150738985330e-03  1.195795256962966e-03 -2.064150738985200e-03  1.195795256962893e-03  4.810405867137675e-05  9.205924862302079e-05  4.810405867137970e-05  9.205924862302650e-05  4.810405867137969e-05  9.205924862302651e-05  4.810405867137675e-05  9.205924862302074e-05 
 3.758374042884557e+06 -2.302728895341386e-02 -3.785090738671627e-02  3.754253231712015e-04  1.265568383091870e-03 -2.911652846095010e-02 -4.074285626026572e-03  7.375367300816441e-01 -5.159620782723552e-01 -2.461093208077518e-02  9.081557503244448e-03  1.592075054219959e-05  2.964548417590546e-05  1.592075054219329e-05  2.964548417590828e-05  1.592075054219191e-05  2.964548417590691e-05  1.592075054217544e-05  2.964548417588394e-05 -1.342865161251870e-03  8.441502294063947e-04 -1.342865161251954e-03  8.441502294064467e-04 -1.342865161251954e-03  8.441502294064470e-04 -1.342865161251870e-03  8.441502294063950e-04 -1.680694704426582e-06  3.818937896307751e-06 -1.680694704493249e-06  3.818937896187334e-06 -1.680694704468059e-06  3.818937896157336e-06 -1.680694704041015e-06  3.818937895791919e-06 -3.930272231443710e-02 -1.701522728534261e-02 -3.930272231443954e-02 -1.701522728534369e-02 -3.930272231443954e-02 -1.701522728534369e-02 -3.930272231443710e-02 -1.701522728534260e-02 -1.906842723461091e-03  1.185760255508275e-03 -1.906842723461210e-03  1.185760255508348e-03 -1.906842723461210e-03  1.185760255508348e-03 -1.906842723461090e-03  1.185760255508275e-03  4.670953685219482e-05  8.272679586301695e-05  4.670953685219770e-05  8.272679586302210e-05  4.670953685219770e-05  8.272679586302211e-05  4.670953685219484e-05  8.272679586301694e-05 
 3.868120546330640e+06 -2.271352237270845e-02 -3.627670209407670e-02  3.919261072948764e-04  1.146408102148699e-03 -2.777925925587760e-02 -2.982940700759300e-03  7.274403198601243e-01 -5.210127137378250e-01 -2.288846601885519e-02  9.483110662245737e-03  1.544441303826424e-05  2.658350392694479e-05  1.544441303825584e-05  2.658350392694528e-05  1.544441303825261e-05  2.658350392694232e-05  1.544441303824136e-05  2.658350392692646e-05 -1.237182298335450e-03  8.332293815599182e-04 -1.237182298335527e-03  8.332293815599696e-04 -1.237182298335527e-03  8.332293815599696e-04 -1.237182298335450e-03  8.332293815599184e-04 -1.359517591953975e-06  3.516585404503413e-06 -1.359517591978010e-06  3.516585404332563e-06 -1.359517591923155e-06  3.516585404261626e-06 -1.359517591618832e-06  3.516585404005044e-06 -3.796952020541226e-02 -1.559128632384529e-02 -3.796952020541464e-02 -1.559128632384629e-02 -3.796952020541463e-02 -1.559128632384629e-02 -3.796952020541227e-02 -1.559128632384529e-02 -1.757175713490607e-03  1.171460402992272e-03 -1.757175713490717e-03  1.171460402992344e-03 -1.757175713490717e-03  1.171460402992344e-03 -1.757175713490607e-03  1.171460402992272e-03  4.514854800053956e-05  7.415734085752176e-05  4.514854800054237e-05  7.415734085752640e-05  4.514854800054235e-05  7.415734085752638e-05  4.514854800053957e-05  7.415734085752177e-05 
 3.981071705535095e+06 -2.239555788187099e-02 -3.474519941820488e-02  4.025793855813185e-04  1.035150937821768e-03 -2.645237099984641e-02 -1.977269860264824e-03  7.170061679507280e-01 -5.260433015532987e-01 -2.121910716997281e-02  9.797756943764235e-03  1.491169704627792e-05  2.377695426652204e-05  1.491169704627310e-05  2.377695426652532e-05  1.491169704626984e-05  2.377695426652258e-05  1.491169704625761e-05  2.377695426650759e-05 -1.136883887412409e-03  8.196086241896689e-04 -1.136883887412480e-03  8.196086241897193e-04 -1.136883887412480e-03  8.196086241897190e-04 -1.136883887412409e-03  8.196086241896687e-04 -1.080589274459704e-06  3.229710391971453e-06 -1.080589274536551e-06  3.229710391875386e-06 -1.080589274484521e-06  3.229710391802118e-06 -1.080589274190525e-06  3.229710391519649e-06 -3.665603241810411e-02 -1.422561864693183e-02 -3.665603241810639e-02 -1.422561864693273e-02 -3.665603241810637e-02 -1.422561864693273e-02 -3.665603241810411e-02 -1.422561864693183e-02 -1.615075479114941e-03  1.153239599142550e-03 -1.615075479115041e-03  1.153239599142621e-03 -1.615075479115041e-03  1.153239599142620e-03 -1.615075479114941e-03  1.153239599142550e-03  4.345312555358355e-05  6.630468798220073e-05  4.345312555358622e-05  6.630468798220484e-05  4.345312555358620e-05  6.630468798220484e-05  4.345312555358355e-05  6.630468798220072e-05 
 4.097321098135541e+06 -2.207313524283941e-02 -3.325555764487749e-02  4.080210169537476e-04  9.315848414751777e-04 -2.513937746303171e-02 -1.055846978052015e-03  7.062313199501778e-01 -5.310341183614088e-01 -1.960639412256649e-02  1.002928868931333e-02  1.433394814434313e-05  2.121003994484989e-05  1.433394814433851e-05  2.121003994485290e-05  1.433394814433505e-05  2.121003994485025e-05  1.433394814432514e-05  2.121003994483860e-05 -1.041900639705493e-03  8.035307571448602e-04 -1.041900639705558e-03  8.035307571449095e-04 -1.041900639705558e-03  8.035307571449097e-04 -1.041900639705494e-03  8.035307571448602e-04 -8.395758337114934e-07  2.958502861454815e-06 -8.395758337842027e-07  2.958502861359656e-06 -8.395758337327676e-07  2.958502861280498e-06 -8.395758334981942e-07  2.958502861046416e-06 -3.536162321298333e-02 -1.291805791770849e-02 -3.536162321298553e-02 -1.291805791770930e-02 -3.536162321298553e-02 -1.291805791770931e-02 -3.536162321298333e-02 -1.291805791770849e-02 -1.480453199880280e-03  1.131445837670953e-03 -1.480453199880372e-03  1.131445837671022e-03 -1.480453199880372e-03  1.131445837671023e-03 -1.480453199880280e-03  1.131445837670953e-03  4.165266148699443e-05  5.912432266504097e-05  4.165266148699699e-05  5.912432266504464e-05  4.165266148699701e-05  5.912432266504466e-05  4.165266148699443e-05  5.912432266504098e-05 
 4.216965034285952e+06 -2.174602880754539e-02 -3.180699310565623e-02  4.088612918723096e-04  8.354814597529585e-04 -2.384378288782108e-02 -2.169194566274839e-04  6.951138969783471e-01 -5.359648666680107e-01 -1.805362494468761e-02  1.018192254262489e-02  1.372150698839266e-05  1.886754072226157e-05  1.372150698838748e-05  1.886754072226382e-05  1.372150698838560e-05  1.886754072226249e-05  1.372150698837662e-05  1.886754072225277e-05 -9.521530053168657e-04  7.852396190413498e-04 -9.521530053169247e-04  7.852396190413981e-04 -9.521530053169249e-04  7.852396190413983e-04 -9.521530053168657e-04  7.852396190413499e-04 -6.324955079882111e-07  2.703001138226854e-06 -6.324955080467082e-07  2.703001138115207e-06 -6.324955080206364e-07  2.703001138071163e-06 -6.324955078197688e-07  2.703001137854958e-06 -3.408584666030107e-02 -1.166841238644415e-02 -3.408584666030319e-02 -1.166841238644489e-02 -3.408584666030319e-02 -1.166841238644489e-02 -3.408584666030107e-02 -1.166841238644414e-02 -1.353204727053256e-03  1.106428805047703e-03 -1.353204727053340e-03  1.106428805047772e-03 -1.353204727053340e-03  1.106428805047772e-03 -1.353204727053256e-03  1.106428805047703e-03  3.977397561698268e-05  5.257337382967570e-05  3.977397561698513e-05  5.257337382967897e-05  3.977397561698514e-05  5.257337382967898e-05  3.977397561698268e-05  5.257337382967570e-05 
 4.340102636447572e+06 -2.141404913710370e-02 -3.039877700507102e-02  4.056831697245769e-04  7.465958966337454e-04 -2.256903630782149e-02  5.415918300621139e-04  6.836531758405076e-01 -5.408147363147980e-01 -1.656379493990865e-02  1.026026380924375e-02  1.308374573467859e-05  1.673480310684323e-05  1.308374573467425e-05  1.673480310684570e-05  1.308374573467466e-05  1.673480310684597e-05  1.308374573466453e-05  1.673480310683659e-05 -8.675508307408970e-04  7.649784441523075e-04 -8.675508307409509e-04  7.649784441523547e-04 -8.675508307409507e-04  7.649784441523543e-04 -8.675508307408971e-04  7.649784441523077e-04 -4.556954275209877e-07  2.463110596594503e-06 -4.556954275849961e-07  2.463110596499063e-06 -4.556954275903595e-07  2.463110596509064e-06 -4.556954273928591e-07  2.463110596261031e-06 -3.282843764401290e-02 -1.047645344206752e-02 -3.282843764401494e-02 -1.047645344206818e-02 -3.282843764401493e-02 -1.047645344206818e-02 -3.282843764401291e-02 -1.047645344206751e-02 -1.233210126050768e-03  1.078537502873637e-03 -1.233210126050845e-03  1.078537502873704e-03 -1.233210126050844e-03  1.078537502873703e-03 -1.233210126050768e-03  1.078537502873637e-03  3.784139256443584e-05  4.661058765700497e-05  3.784139256443818e-05  4.661058765700788e-05  3.784139256443817e-05  4.661058765700786e-05  3.784139256443586e-05  4.661058765700498e-05 
 4.466835921509769e+06 -2.107704458656599e-02 -2.903023205106781e-02  3.990404755590800e-04  6.646669921372042e-04 -2.131848606575929e-02  1.222085804284239e-03  6.718496657157651e-01 -5.455624767169304e-01 -1.513954028713041e-02  1.026926170735546e-02  1.242910615241698e-05  1.479773519445095e-05  1.242910615241339e-05  1.479773519445356e-05  1.242910615241148e-05  1.479773519445246e-05  1.242910615240388e-05  1.479773519444557e-05 -7.879932085685978e-04  7.429882518300291e-04 -7.879932085686471e-04  7.429882518300748e-04 -7.879932085686471e-04  7.429882518300750e-04 -7.879932085685977e-04  7.429882518300287e-04 -3.058299665080167e-07  2.238621073361599e-06 -3.058299665755025e-07  2.238621073281049e-06 -3.058299665529418e-07  2.238621073234299e-06 -3.058299664037446e-07  2.238621073043447e-06 -3.158930194468331e-02 -9.341904248199723e-03 -3.158930194468529e-02 -9.341904248200328e-03 -3.158930194468528e-02 -9.341904248200326e-03 -3.158930194468330e-02 -9.341904248199724e-03 -1.120333492725246e-03  1.048117918771278e-03 -1.120333492725316e-03  1.048117918771342e-03 -1.120333492725316e-03  1.048117918771343e-03 -1.120333492725246e-03  1.048117918771277e-03  3.587682611522930e-05  4.119631025814419e-05  3.587682611523151e-05  4.119631025814677e-05  3.587682611523152e-05  4.119631025814677e-05  3.587682611522928e-05  4.119631025814418e-05 
 4.597269885308864e+06 -2.073490281414414e-02 -2.770072887249840e-02  3.894561454099443e-04  5.894181034844491e-04 -2.009533569177104e-02  1.827267710738862e-03  6.597051797826552e-01 -5.501864798497494e-01 -1.378308912832951e-02  1.021415654349800e-02  1.176513939758449e-05  1.304280381283458e-05  1.176513939758014e-05  1.304280381283650e-05  1.176513939757920e-05  1.304280381283601e-05  1.176513939757273e-05  1.304280381283052e-05 -7.133685122114798e-04  7.195062860320649e-04 -7.133685122115242e-04  7.195062860321092e-04 -7.133685122115243e-04  7.195062860321094e-04 -7.133685122114804e-04  7.195062860320652e-04 -1.798405227324021e-07  2.029223029950302e-06 -1.798405227864237e-07  2.029223029847983e-06 -1.798405227761695e-07  2.029223029824169e-06 -1.798405226541085e-07  2.029223029658199e-06 -3.036850532955271e-02 -8.264428635411342e-03 -3.036850532955460e-02 -8.264428635411870e-03 -3.036850532955460e-02 -8.264428635411871e-03 -3.036850532955273e-02 -8.264428635411349e-03 -1.014423033284933e-03  1.015510770887457e-03 -1.014423033284996e-03  1.015510770887520e-03 -1.014423033284996e-03  1.015510770887520e-03 -1.014423033284934e-03  1.015510770887457e-03  3.389987059954444e-05  3.629247701468209e-05  3.389987059954653e-05  3.629247701468436e-05  3.389987059954654e-05  3.629247701468436e-05  3.389987059954445e-05  3.629247701468212e-05 
 4.731512589614951e+06 -2.038755216607639e-02 -2.640968222175694e-02  3.774206060854462e-04  5.205583588249218e-04 -1.890260229146542e-02  2.360129175348254e-03  6.472229002812905e-01 -5.546648736676868e-01 -1.249622146182485e-02  1.010042015360626e-02  1.109854735866251e-05  1.145703324435940e-05  1.109854735866129e-05  1.145703324436256e-05  1.109854735865897e-05  1.145703324436149e-05  1.109854735865400e-05  1.145703324435735e-05 -6.435546064892740e-04  6.947645217793575e-04 -6.435546064893139e-04  6.947645217794001e-04 -6.435546064893139e-04  6.947645217794003e-04 -6.435546064892737e-04  6.947645217793573e-04 -7.493656339717384e-08  1.834522519175883e-06 -7.493656347788930e-08  1.834522519150589e-06 -7.493656345515959e-08  1.834522519090772e-06 -7.493656336049392e-08  1.834522518959773e-06 -2.916626160583641e-02 -7.243620427768133e-03 -2.916626160583822e-02 -7.243620427768597e-03 -2.916626160583821e-02 -7.243620427768596e-03 -2.916626160583639e-02 -7.243620427768125e-03 -9.153113947541254e-04  9.810493500401740e-04 -9.153113947541822e-04  9.810493500402345e-04 -9.153113947541823e-04  9.810493500402345e-04 -9.153113947541248e-04  9.810493500401738e-04  3.192789877956037e-05  3.186260654488101e-05  3.192789877956233e-05  3.186260654488299e-05  3.192789877956233e-05  3.186260654488299e-05  3.192789877956036e-05  3.186260654488099e-05 
 4.869675251658782e+06 -2.003496288954381e-02 -2.515654696651818e-02  3.633903687113702e-04  4.577843382810106e-04 -1.774307852694874e-02  2.823922297885042e-03  6.344074354728294e-01 -5.589756254220821e-01 -1.128023891482479e-02  9.933691213088408e-03  1.043522542719058e-05  1.002800489157555e-05  1.043522542718829e-05  1.002800489157793e-05  1.043522542718728e-05  1.002800489157751e-05  1.043522542718264e-05  1.002800489157404e-05 -5.784192240690740e-04  6.689882540946918e-04 -5.784192240691099e-04  6.689882540947333e-04 -5.784192240691099e-04  6.689882540947331e-04 -5.784192240690743e-04  6.689882540946921e-04  1.142219849412732e-08  1.654055009101135e-06  1.142219842922406e-08  1.654055009046123e-06  1.142219843797624e-08  1.654055009019656e-06  1.142219851922131e-08  1.654055008894483e-06 -2.798291962871092e-02 -6.278993421692657e-03 -2.798291962871267e-02 -6.278993421693062e-03 -2.798291962871266e-02 -6.278993421693061e-03 -2.798291962871094e-02 -6.278993421692662e-03 -8.228162316686355e-04  9.450574816722054e-04 -8.228162316686868e-04  9.450574816722642e-04 -8.228162316686867e-04  9.450574816722638e-04 -8.228162316686360e-04  9.450574816722058e-04  2.997616560257229e-05  2.787179750767978e-05  2.997616560257416e-05  2.787179750768152e-05  2.997616560257415e-05  2.787179750768151e-05  2.997616560257231e-05  2.787179750767979e-05 
 5.011872336272879e+06 -1.967714812715796e-02 -2.394081388175110e-02  3.477869053175522e-04  4.007821233554043e-04 -1.661929915851116e-02  3.222128487127226e-03  6.212648669728089e-01 -5.630966541070817e-01 -1.013594513166351e-02  9.719707213197626e-03  9.780306510335303e-06  8.743857313847125e-06  9.780306510332917e-06  8.743857313849224e-06  9.780306510331836e-06  8.743857313848840e-06  9.780306510327467e-06  8.743857313845926e-06 -5.178204956209108e-04  6.423947841992113e-04 -5.178204956209430e-04  6.423947841992510e-04 -5.178204956209430e-04  6.423947841992510e-04 -5.178204956209110e-04  6.423947841992114e-04  8.154261437518793e-08  1.487298110829739e-06  8.154261431566968e-08  1.487298110770106e-06  8.154261432394667e-08  1.487298110740799e-06  8.154261439333625e-08  1.487298110620497e-06 -2.681894929281150e-02 -5.369972220666226e-03 -2.681894929281316e-02 -5.369972220666572e-03 -2.681894929281316e-02 -5.369972220666572e-03 -2.681894929281150e-02 -5.369972220666229e-03 -7.367409916433703e-04  9.078476286796466e-04 -7.367409916434162e-04  9.078476286797027e-04 -7.367409916434162e-04  9.078476286797027e-04 -7.367409916433704e-04  9.078476286796467e-04  2.805791710422163e-05  2.428672663370476e-05  2.805791710422337e-05  2.428672663370628e-05  2.805791710422337e-05  2.428672663370628e-05  2.805791710422164e-05  2.428672663370477e-05 
 5.158221650723217e+06 -1.931416464543930e-02 -2.276200526381656e-02  3.309958648215201e-04  3.492296445334327e-04 -1.553351295640651e-02  3.558422921735845e-03  6.078027860206078e-01 -5.670059510074460e-01 -9.063637142760036e-03  9.464235012654375e-03  9.138206067197505e-06  7.593286132894070e-06  9.138206067195369e-06  7.593286132896040e-06  9.138206067194553e-06  7.593286132895792e-06  9.138206067190612e-06  7.593286132893423e-06 -4.616076198932137e-04  6.151922164174627e-04 -4.616076198932424e-04  6.151922164175006e-04 -4.616076198932427e-04  6.151922164175005e-04 -4.616076198932140e-04  6.151922164174626e-04  1.375139951940704e-07  1.333683256723636e-06  1.375139951368925e-07  1.333683256668661e-06  1.375139951422148e-07  1.333683256646016e-06  1.375139951998585e-07  1.333683256534768e-06 -2.567492657097417e-02 -4.515884122367343e-03 -2.567492657097577e-02 -4.515884122367637e-03 -2.567492657097577e-02 -4.515884122367647e-03 -2.567492657097418e-02 -4.515884122367355e-03 -6.568759000588468e-04  8.697191542814109e-04 -6.568759000588880e-04  8.697191542814646e-04 -6.568759000588883e-04  8.697191542814645e-04 -6.568759000588473e-04  8.697191542814107e-04  2.618450367044156e-05  2.107564656666873e-05  2.618450367044318e-05  2.107564656667005e-05  2.618450367044317e-05  2.107564656667006e-05  2.618450367044156e-05  2.107564656666875e-05 
 5.308844442310049e+06 -1.894611325557379e-02 -2.161967039355640e-02  3.133666697732605e-04  3.027992486199897e-04 -1.448766059801791e-02  3.836635658734906e-03  5.940303173148903e-01 -5.706817070949119e-01 -8.063107688909625e-03  9.173001901509869e-03  8.512667920658363e-06  6.565543383404689e-06  8.512667920656558e-06  6.565543383406555e-06  8.512667920655889e-06  6.565543383406386e-06  8.512667920652809e-06  6.565543383404593e-06 -4.096216590639632e-04  5.875783776608284e-04 -4.096216590639886e-04  5.875783776608650e-04 -4.096216590639888e-04  5.875783776608650e-04 -4.096216590639631e-04  5.875783776608282e-04  1.812231742535836e-07  1.192606370876264e-06  1.812231741982467e-07  1.192606370828717e-06  1.812231742018413e-07  1.192606370809634e-06  1.812231742466723e-07  1.192606370720474e-06 -2.455151770645806e-02 -3.715952265699273e-03 -2.455151770645960e-02 -3.715952265699513e-03 -2.455151770645960e-02 -3.715952265699518e-03 -2.455151770645806e-02 -3.715952265699272e-03 -5.829991229231231e-04  8.309567618075694e-04 -5.829991229231596e-04  8.309567618076212e-04 -5.829991229231598e-04  8.309567618076210e-04 -5.829991229231229e-04  8.309567618075692e-04  2.436549680364077e-05  1.820838231897924e-05  2.436549680364229e-05  1.820838231898037e-05  2.436549680364228e-05  1.820838231898038e-05  2.436549680364076e-05  1.820838231897923e-05 
 5.463865498818713e+06 -1.857313888799388e-02 -2.051338088663981e-02  2.952125187977993e-04  2.611604027602371e-04 -1.348335895033468e-02  4.060710499505244e-03  5.799581293197715e-01 -5.741024457462119e-01 -7.133658097531585e-03  8.851629052649759e-03  7.906810578840933e-06  5.650435944758897e-06  7.906810578839551e-06  5.650435944760679e-06  7.906810578839486e-06  5.650435944760663e-06  7.906810578836483e-06  5.650435944759177e-06 -3.616964430478752e-04  5.597398698750723e-04 -3.616964430478977e-04  5.597398698751068e-04 -3.616964430478977e-04  5.597398698751066e-04 -3.616964430478752e-04  5.597398698750723e-04  2.143688073749809e-07  1.063437573247351e-06  2.143688073213409e-07  1.063437573210245e-06  2.143688073215887e-07  1.063437573208503e-06  2.143688073592376e-07  1.063437573119414e-06 -2.344946270128861e-02 -2.969290213835371e-03 -2.344946270129006e-02 -2.969290213835568e-03 -2.344946270129007e-02 -2.969290213835568e-03 -2.344946270128861e-02 -2.969290213835371e-03 -5.148780845537571e-04  7.918291261702385e-04 -5.148780845537892e-04  7.918291261702873e-04 -5.148780845537892e-04  7.918291261702871e-04 -5.148780845537571e-04  7.918291261702385e-04  2.260880850721726e-05  1.565632531156134e-05  2.260880850721865e-05  1.565632531156232e-05  2.260880850721864e-05  1.565632531156232e-05  2.260880850721726e-05  1.565632531156134e-05 
 5.623413251903667e+06 -1.819543028788831e-02 -1.944272597374298e-02  2.768108028532760e-04  2.239824509312067e-04 -1.252189190768622e-02  4.234662762313559e-03  5.655984300316258e-01 -5.772471590941034e-01 -6.274120949987124e-03  8.505569094011066e-03  7.323173783900232e-06  4.838322754400504e-06  7.323173783898870e-06  4.838322754402122e-06  7.323173783898237e-06  4.838322754402024e-06  7.323173783895837e-06  4.838322754400895e-06 -3.176595653419962e-04  5.318512639228146e-04 -3.176595653420159e-04  5.318512639228475e-04 -3.176595653420159e-04  5.318512639228475e-04 -3.176595653419963e-04  5.318512639228150e-04  2.384749683027797e-07  9.455299565435073e-07  2.384749682524755e-07  9.455299565057431e-07  2.384749682543089e-07  9.455299564867456e-07  2.384749682836216e-07  9.455299564137651e-07 -2.236955827579296e-02 -2.274898126986572e-03 -2.236955827579435e-02 -2.274898126986725e-03 -2.236955827579436e-02 -2.274898126986724e-03 -2.236955827579298e-02 -2.274898126986574e-03 -4.522709151612117e-04  7.525877290347964e-04 -4.522709151612399e-04  7.525877290348431e-04 -4.522709151612399e-04  7.525877290348432e-04 -4.522709151612120e-04  7.525877290347970e-04  2.092081237246527e-05  1.339242414858156e-05  2.092081237246657e-05  1.339242414858240e-05  2.092081237246657e-05  1.339242414858240e-05  2.092081237246529e-05  1.339242414858157e-05 
 5.787619883491389e+06 -1.781321930636045e-02 -1.840730775835138e-02  2.584039270612862e-04  1.909373412879111e-04 -1.160420772782323e-02  4.362537098240278e-03  5.509649474232438e-01 -5.800954461341208e-01 -5.482891471209231e-03  8.140049320043937e-03  6.763764996225354e-06  4.120110566869060e-06  6.763764996224330e-06  4.120110566870570e-06  6.763764996224017e-06  4.120110566870535e-06  6.763764996221699e-06  4.120110566869632e-06 -2.773334522118377e-04  5.040744413413148e-04 -2.773334522118549e-04  5.040744413413461e-04 -2.773334522118549e-04  5.040744413413461e-04 -2.773334522118377e-04  5.040744413413150e-04  2.549040867616025e-07  8.382274739966958e-07  2.549040867137079e-07  8.382274739678732e-07  2.549040867141968e-07  8.382274739582873e-07  2.549040867377581e-07  8.382274738859702e-07 -2.131264050588857e-02 -1.631660652555308e-03 -2.131264050588991e-02 -1.631660652555417e-03 -2.131264050588991e-02 -1.631660652555418e-03 -2.131264050588859e-02 -1.631660652555308e-03 -3.949280023095245e-04  7.134659067991615e-04 -3.949280023095491e-04  7.134659067992061e-04 -3.949280023095491e-04  7.134659067992062e-04 -3.949280023095245e-04  7.134659067991620e-04  1.930646543883234e-05  1.139117145567637e-05  1.930646543883355e-05  1.139117145567708e-05  1.930646543883355e-05  1.139117145567708e-05  1.930646543883235e-05  1.139117145567637e-05 
 5.956621435290292e+06 -1.742677977023152e-02 -1.740673650998827e-02  2.402005148586047e-04  1.617022488192205e-04 -1.073092259912110e-02  4.448366426347308e-03  5.360728942787979e-01 -5.826276505125251e-01 -4.757966331045626e-03  7.760021790595754e-03  6.230105518903897e-06  3.487248082715268e-06  6.230105518903090e-06  3.487248082716654e-06  6.230105518902973e-06  3.487248082716649e-06  6.230105518900772e-06  3.487248082715948e-06 -2.405364864684460e-04  4.765580883011036e-04 -2.405364864684608e-04  4.765580883011330e-04 -2.405364864684609e-04  4.765580883011332e-04 -2.405364864684460e-04  4.765580883011037e-04  2.648692675488969e-07  7.408719758337830e-07  2.648692675038851e-07  7.408719758106739e-07  2.648692675039064e-07  7.408719758068917e-07  2.648692675220468e-07  7.408719757366354e-07 -2.027956737295974e-02 -1.038346627167723e-03 -2.027956737296100e-02 -1.038346627167792e-03 -2.027956737296101e-02 -1.038346627167794e-03 -2.027956737295974e-02 -1.038346627167723e-03 -3.425936194458875e-04  6.746781174636785e-04 -3.425936194459087e-04  6.746781174637203e-04 -3.425936194459088e-04  6.746781174637206e-04 -3.425936194458875e-04  6.746781174636786e-04  1.776942990168930e-05  9.628586278926562e-06  1.776942990169040e-05  9.628586278927155e-06  1.776942990169041e-05  9.628586278927160e-06  1.776942990168931e-05  9.628586278926562e-06 
 6.130557921498400e+06 -1.703642592113342e-02 -1.644062604565364e-02  2.223769581776961e-04  1.359620262391593e-04 -9.902329977919320e-03  4.496132962090111e-03  5.209389170560611e-01 -5.848249959213012e-01 -4.096988362320801e-03  7.370121254495207e-03  5.723275967312356e-06  2.931718322524366e-06  5.723275967312017e-06  2.931718322525634e-06  5.723275967311856e-06  2.931718322525633e-06  5.723275967310225e-06  2.931718322525119e-06 -2.070841663515456e-04  4.494373437027002e-04 -2.070841663515584e-04  4.494373437027281e-04 -2.070841663515584e-04  4.494373437027282e-04 -2.070841663515456e-04  4.494373437027004e-04  2.694460215690956e-07  6.528094306180889e-07  2.694460215274870e-07  6.528094306092231e-07  2.694460215272767e-07  6.528094306039688e-07  2.694460215410062e-07  6.528094305504492e-07 -1.927120147078423e-02 -4.936106328698752e-04 -1.927120147078543e-02 -4.936106328699111e-04 -1.927120147078543e-02 -4.936106328699112e-04 -1.927120147078423e-02 -4.936106328698754e-04 -2.950076036411258e-04  6.364194290657587e-04 -2.950076036411441e-04  6.364194290657983e-04 -2.950076036411442e-04  6.364194290657983e-04 -2.950076036411259e-04  6.364194290657589e-04  1.631219375241184e-05  8.082191684450368e-06  1.631219375241286e-05  8.082191684450872e-06  1.631219375241286e-05  8.082191684450872e-06  1.631219375241184e-05  8.082191684450371e-06 
 6.309573444802132e+06 -1.664251042605037e-02 -1.550858926196218e-02  2.050792669940153e-04  1.134114272282199e-04 -9.118415083188473e-03  4.509732176957183e-03  5.055810291312075e-01 -5.866697168744968e-01 -3.497295608851426e-03  6.974631506926350e-03  5.243960795615023e-06  2.446029180163269e-06  5.243960795614498e-06  2.446029180164412e-06  5.243960795614386e-06  2.446029180164417e-06  5.243960795613123e-06  2.446029180164034e-06 -1.767902803607831e-04  4.228336010397018e-04 -1.767902803607941e-04  4.228336010397282e-04 -1.767902803607941e-04  4.228336010397281e-04 -1.767902803607832e-04  4.228336010397020e-04  2.695834325132593e-07  5.733953691203999e-07  2.695834324742404e-07  5.733953691048362e-07  2.695834324739160e-07  5.733953691010548e-07  2.695834324844611e-07  5.733953690584402e-07 -1.828839313209989e-02  4.003582515068936e-06 -1.828839313210103e-02  4.003582515063887e-06 -1.828839313210103e-02  4.003582515064057e-06 -1.828839313209990e-02  4.003582515069532e-06 -2.519070551626187e-04  5.988652290475952e-04 -2.519070551626344e-04  5.988652290476326e-04 -2.519070551626344e-04  5.988652290476326e-04 -2.519070551626188e-04  5.988652290475955e-04  1.493618946436744e-05  6.730987364112530e-06  1.493618946436838e-05  6.730987364112950e-06  1.493618946436838e-05  6.730987364112950e-06  1.493618946436745e-05  6.730987364112532e-06 
 6.493816315762319e+06 -1.624542196898777e-02 -1.461023387712247e-02  1.884251640140464e-04  9.375705835048383e-05 -8.378873814455704e-03  4.492940366925646e-03  4.900185288966815e-01 -5.881451827109000e-01 -2.955973086971705e-03  6.577460458310889e-03  4.792491602139869e-06  2.023202137517873e-06  4.792491602139590e-06  2.023202137518892e-06  4.792491602139494e-06  2.023202137518900e-06  4.792491602138172e-06  2.023202137518637e-06 -1.494680790409717e-04  3.968544611851100e-04 -1.494680790409810e-04  3.968544611851345e-04 -1.494680790409810e-04  3.968544611851346e-04 -1.494680790409717e-04  3.968544611851099e-04  2.661147772752640e-07  5.019995874404506e-07  2.661147772398206e-07  5.019995874326115e-07  2.661147772393808e-07  5.019995874292808e-07  2.661147772460786e-07  5.019995873836556e-07 -1.733196423531616e-02  4.560578596832573e-04 -1.733196423531724e-02  4.560578596832807e-04 -1.733196423531724e-02  4.560578596832803e-04 -1.733196423531615e-02  4.560578596832568e-04 -2.130280317401602e-04  5.621711503983318e-04 -2.130280317401734e-04  5.621711503983665e-04 -2.130280317401735e-04  5.621711503983666e-04 -2.130280317401601e-04  5.621711503983316e-04  1.364190987523132e-05  5.555417187981373e-06  1.364190987523217e-05  5.555417187981718e-06  1.364190987523217e-05  5.555417187981719e-06  1.364190987523132e-05  5.555417187981372e-06 
 6.683439175686358e+06 -1.584558244464886e-02 -1.374515843921060e-02  1.725063657821461e-04  7.671902901729360e-05 -7.683135280615767e-03  4.449386334806497e-03  4.742719035306109e-01 -5.892360127179550e-01 -2.469905688953385e-03  6.182123878590648e-03  4.368888951335240e-06  1.656759168332160e-06  4.368888951335098e-06  1.656759168333060e-06  4.368888951334849e-06  1.656759168333092e-06  4.368888951334015e-06  1.656759168332878e-06 -1.249314252636958e-04  3.715938308711568e-04 -1.249314252637035e-04  3.715938308711797e-04 -1.249314252637036e-04  3.715938308711798e-04 -1.249314252636957e-04  3.715938308711568e-04  2.597676135015329e-07  4.380101476961648e-07  2.597676134694927e-07  4.380101476926272e-07  2.597676134679375e-07  4.380101476839291e-07  2.597676134740233e-07  4.380101476541822e-07 -1.640269294291824e-02  8.642126460083804e-04 -1.640269294291925e-02  8.642126460084289e-04 -1.640269294291925e-02  8.642126460084280e-04 -1.640269294291823e-02  8.642126460083806e-04 -1.781072111539733e-04  5.264732070061986e-04 -1.781072111539843e-04  5.264732070062311e-04 -1.781072111539844e-04  5.264732070062311e-04 -1.781072111539732e-04  5.264732070061986e-04  1.242902046732407e-05  4.537331771486056e-06  1.242902046732484e-05  4.537331771486337e-06  1.242902046732484e-05  4.537331771486340e-06  1.242902046732407e-05  4.537331771486055e-06 
 6.878599123088294e+06 -1.544344378374780e-02 -1.291294865724039e-02  1.573909899281158e-04  6.203228191899038e-05 -7.030387090706973e-03  4.382527514223290e-03  4.583627196919349e-01 -5.899281803814772e-01 -2.035830764494613e-03  5.791737498041788e-03  3.972902470389682e-06  1.340707904767683e-06  3.972902470389606e-06  1.340707904768478e-06  3.972902470389456e-06  1.340707904768504e-06  3.972902470388540e-06  1.340707904768387e-06 -1.029959058061028e-04  3.471321593791282e-04 -1.029959058061091e-04  3.471321593791496e-04 -1.029959058061092e-04  3.471321593791497e-04 -1.029959058061028e-04  3.471321593791282e-04  2.511733436327272e-07  3.808367150091201e-07  2.511733436037339e-07  3.808367150076571e-07  2.511733436025243e-07  3.808367150023139e-07  2.511733436051838e-07  3.808367149688429e-07 -1.550129961248623e-02  1.230218401214099e-03 -1.550129961248719e-02  1.230218401214174e-03 -1.550129961248719e-02  1.230218401214171e-03 -1.550129961248623e-02  1.230218401214099e-03 -1.468834975841289e-04  4.918881274357895e-04 -1.468834975841380e-04  4.918881274358198e-04 -1.468834975841381e-04  4.918881274358199e-04 -1.468834975841289e-04  4.918881274357895e-04  1.129646731134844e-05  3.659946254983372e-06  1.129646731134914e-05  3.659946254983598e-06  1.129646731134914e-05  3.659946254983600e-06  1.129646731134844e-05  3.659946254983372e-06 
 7.079457843841604e+06 -1.503948444879535e-02 -1.211317410448470e-02  1.431260293917077e-04  4.944759859322346e-05 -6.419602556516273e-03  4.295630692455687e-03  4.423135026344676e-01 -5.902091049592533e-01 -1.650389069410968e-03  5.409016904345937e-03  3.604049002612488e-06  1.069525176326988e-06  3.604049002612521e-06  1.069525176327673e-06  3.604049002612391e-06  1.069525176327700e-06  3.604049002611730e-06  1.069525176327607e-06 -8.347988820339762e-05  3.235368038068649e-04 -8.347988820340283e-05  3.235368038068850e-04 -8.347988820340277e-05  3.235368038068849e-04 -8.347988820339765e-05  3.235368038068646e-04  2.408762620639441e-07  3.299132709260360e-07  2.408762620384310e-07  3.299132709283624e-07  2.408762620371332e-07  3.299132709236420e-07  2.408762620395055e-07  3.299132708988163e-07 -1.462843409421736e-02  1.555905560854964e-03 -1.462843409421828e-02  1.555905560855056e-03 -1.462843409421827e-02  1.555905560855056e-03 -1.462843409421735e-02  1.555905560854959e-03 -1.190995488399984e-04  4.585138732827855e-04 -1.190995488400059e-04  4.585138732828140e-04 -1.190995488400058e-04  4.585138732828138e-04 -1.190995488399985e-04  4.585138732827851e-04  1.024258001185480e-05  2.907793594735864e-06  1.024258001185543e-05  2.907793594736046e-06  1.024258001185543e-05  2.907793594736044e-06  1.024258001185479e-05  2.907793594735864e-06 
 7.286181745132509e+06 -1.463420564638927e-02 -1.134538533837236e-02  1.297398378883779e-04  3.873228589941285e-05 -5.849568990283997e-03  4.191757331412369e-03  4.261476055258151e-01 -5.900677288087750e-01 -1.310172961641450e-03  5.036284483413700e-03  3.261648627484398e-06  8.381390652272747e-07  3.261648627484417e-06  8.381390652278813e-07  3.261648627484303e-06  8.381390652279124e-07  3.261648627483678e-06  8.381390652278711e-07 -6.620550858930750e-05  3.008625113792937e-04 -6.620550858931154e-05  3.008625113793123e-04 -6.620550858931164e-05  3.008625113793124e-04 -6.620550858930750e-05  3.008625113792937e-04  2.293420900467975e-07  2.847002447566551e-07  2.293420900234999e-07  2.847002447583937e-07  2.293420900220991e-07  2.847002447540794e-07  2.293420900225708e-07  2.847002447300491e-07 -1.378466459893362e-02  1.843173260334273e-03 -1.378466459893447e-02  1.843173260334386e-03 -1.378466459893448e-02  1.843173260334383e-03 -1.378466459893362e-02  1.843173260334273e-03 -9.450320407611829e-05  4.264303255443033e-04 -9.450320407612410e-05  4.264303255443297e-04 -9.450320407612424e-05  4.264303255443298e-04 -9.450320407611829e-05  4.264303255443033e-04  9.265169075833365e-06  2.266673761537192e-06  9.265169075833937e-06  2.266673761537331e-06  9.265169075833941e-06  2.266673761537335e-06  9.265169075833365e-06  2.266673761537192e-06 
 7.498942093324797e+06 -1.422812730959967e-02 -1.060911147410935e-02  1.172445761661306e-04  2.967055866012956e-05 -5.318916341360931e-03  4.073753348089218e-03  4.098890710455901e-01 -5.894945791818341e-01 -1.011770937326503e-03  4.675482512147705e-03  2.944858388559344e-06  6.419096508872677e-07  2.944858388559301e-06  6.419096508878218e-07  2.944858388559260e-06  6.419096508878357e-07  2.944858388558712e-06  6.419096508878283e-07 -5.099957821213950e-05  2.791520056826676e-04 -5.099957821214264e-05  2.791520056826850e-04 -5.099957821214263e-05  2.791520056826850e-04 -5.099957821213950e-05  2.791520056826676e-04  2.169660018332923e-07  2.446861053869542e-07  2.169660018112436e-07  2.446861053862222e-07  2.169660018106315e-07  2.446861053845937e-07  2.169660018099628e-07  2.446861053629880e-07 -1.297046828559348e-02  2.093977049679624e-03 -1.297046828559430e-02  2.093977049679754e-03 -1.297046828559430e-02  2.093977049679754e-03 -1.297046828559348e-02  2.093977049679624e-03 -7.284879442481814e-05  3.957001201833224e-04 -7.284879442482266e-05  3.957001201833471e-04 -7.284879442482264e-05  3.957001201833472e-04 -7.284879442481814e-05  3.957001201833224e-04  8.361617218085828e-06  1.723599323999635e-06  8.361617218086348e-06  1.723599323999742e-06  8.361617218086352e-06  1.723599323999741e-06  8.361617218085828e-06  1.723599323999635e-06 
 7.717915155850370e+06 -1.382178390907571e-02 -9.903858239854539e-03  1.056385752016619e-04  2.206364136871444e-05 -4.826145496356800e-03  3.944243100563937e-03  3.935624874813556e-01 -5.884818135287165e-01 -7.518078204280734e-04  4.328191423423530e-03  2.652703603801295e-06  4.766086388420301e-07  2.652703603801308e-06  4.766086388425037e-07  2.652703603801254e-06  4.766086388425248e-07  2.652703603800795e-06  4.766086388425364e-07 -3.769439848613029e-05  2.584366624330676e-04 -3.769439848613262e-05  2.584366624330837e-04 -3.769439848613257e-05  2.584366624330837e-04 -3.769439848613026e-05  2.584366624330676e-04  2.040801453593646e-07  2.093884575697229e-07  2.040801453400643e-07  2.093884575710557e-07  2.040801453391303e-07  2.093884575688776e-07  2.040801453378585e-07  2.093884575502360e-07 -1.218622367716247e-02  2.310315849603763e-03 -1.218622367716323e-02  2.310315849603904e-03 -1.218622367716323e-02  2.310315849603906e-03 -1.218622367716247e-02  2.310315849603763e-03 -5.389832208315105e-05  3.663696122561233e-04 -5.389832208315442e-05  3.663696122561461e-04 -5.389832208315435e-05  3.663696122561461e-04 -5.389832208315101e-05  3.663696122561233e-04  7.528964214752359e-06  1.266737957699445e-06  7.528964214752828e-06  1.266737957699525e-06  7.528964214752827e-06  1.266737957699523e-06  7.528964214752359e-06  1.266737957699444e-06 
 7.943282347243069e+06 -1.341572015553333e-02 -9.229106532416756e-03  9.490857992729139e-05  1.572961759641982e-05 -4.369655662615511e-03  3.805627235537648e-03  3.771928416998032e-01 -5.870232477111669e-01 -5.269801382580444e-04  3.995652225233774e-03  2.384106667549056e-06  3.383980853111841e-07  2.384106667549119e-06  3.383980853115808e-07  2.384106667549083e-06  3.383980853115966e-07  2.384106667548738e-06  3.383980853116035e-07 -2.612847668012703e-05  2.387372594519150e-04 -2.612847668012862e-05  2.387372594519298e-04 -2.612847668012863e-05  2.387372594519299e-04 -2.612847668012703e-05  2.387372594519149e-04  1.909606612473177e-07  1.783546873772762e-07  1.909606612307675e-07  1.783546873805666e-07  1.909606612300411e-07  1.783546873790650e-07  1.909606612291481e-07  1.783546873646672e-07 -1.143220496792275e-02  2.494218415394328e-03 -1.143220496792346e-02  2.494218415394481e-03 -1.143220496792346e-02  2.494218415394481e-03 -1.143220496792275e-02  2.494218415394328e-03 -3.742249659313157e-05  3.384699466378718e-04 -3.742249659313386e-05  3.384699466378927e-04 -3.742249659313389e-05  3.384699466378928e-04 -3.742249659313156e-05  3.384699466378716e-04  6.763985017084316e-06  8.853524665040884e-07  6.763985017084736e-06  8.853524665041428e-07  6.763985017084738e-06  8.853524665041434e-07  6.763985017084315e-06  8.853524665040881e-07 
 8.175230379436762e+06 -1.301048665850500e-02 -8.584311484031885e-03  8.503184488319501e-05  1.050305956602465e-05 -3.947770357924523e-03  3.660083988657837e-03  3.608053714919877e-01 -5.851143669112797e-01 -3.340864218873792e-04  3.678792061447429e-03  2.137913289236384e-06  2.238084403047062e-07  2.137913289236470e-06  2.238084403050404e-07  2.137913289236416e-06  2.238084403050660e-07  2.137913289236121e-06  2.238084403050859e-07 -1.614713682570088e-05  2.200647850346079e-04 -1.614713682570176e-05  2.200647850346217e-04 -1.614713682570178e-05  2.200647850346217e-04 -1.614713682570088e-05  2.200647850346079e-04  1.778342050225828e-07  1.511622022828125e-07  1.778342050083061e-07  1.511622022870516e-07  1.778342050070947e-07  1.511622022848128e-07  1.778342050057218e-07  1.511622022721226e-07 -1.070857824351810e-02  2.647729576384643e-03 -1.070857824351876e-02  2.647729576384809e-03 -1.070857824351877e-02  2.647729576384809e-03 -1.070857824351810e-02  2.647729576384643e-03 -2.320162060194882e-05  3.120182126898956e-04 -2.320162060195013e-05  3.120182126899151e-04 -2.320162060195015e-05  3.120182126899151e-04 -2.320162060194882e-05  3.120182126898956e-04  6.063260941659959e-06  5.697389358194482e-07  6.063260941660339e-06  5.697389358194812e-07  6.063260941660339e-06  5.697389358194815e-07  6.063260941659959e-06  5.697389358194482e-07 
 8.413951416452222e+06 -1.260663560753139e-02 -7.968902037940675e-03  7.597806091754259e-05  6.234472380539058e-06 -3.558761632755000e-03  3.509573488758054e-03  3.444254197283006e-01 -5.827523194110921e-01 -1.700523555113449e-04  3.378251943142248e-03  1.912916149428327e-06  1.297161365449978e-07  1.912916149428411e-06  1.297161365452845e-07  1.912916149428393e-06  1.297161365452947e-07  1.912916149428142e-06  1.297161365453227e-07 -7.603022798900099e-06  2.024212887791743e-04 -7.603022798900546e-06  2.024212887791871e-04 -7.603022798900560e-06  2.024212887791870e-04 -7.603022798900113e-06  2.024212887791743e-04  1.648839791330792e-07  1.274183114926180e-07  1.648839791204816e-07  1.274183114968549e-07  1.648839791199981e-07  1.274183114960508e-07  1.648839791183117e-07  1.274183114849639e-07 -1.001539959127978e-02  2.772896516263920e-03 -1.001539959128041e-02  2.772896516264091e-03 -1.001539959128041e-02  2.772896516264092e-03 -1.001539959127977e-02  2.772896516263919e-03 -1.102632078040519e-05  2.870186600467744e-04 -1.102632078040587e-05  2.870186600467925e-04 -1.102632078040588e-05  2.870186600467924e-04 -1.102632078040521e-05  2.870186600467744e-04  5.423243855608083e-06  3.111636504126390e-07  5.423243855608425e-06  3.111636504126584e-07  5.423243855608424e-06  3.111636504126584e-07  5.423243855608083e-06  3.111636504126393e-07 
 8.659643233600933e+06 -1.220471654000225e-02 -7.382281023503485e-03  6.771109940956102e-05  2.789587895811338e-06 -3.200872253585035e-03  3.355844598080928e-03  3.280782927621730e-01 -5.799358938162297e-01 -3.195086120132392e-05  3.094415750818705e-03  1.707875987630437e-06  5.332095030316521e-08  1.707875987630490e-06  5.332095030342902e-08  1.707875987630481e-06  5.332095030343389e-08  1.707875987630264e-06  5.332095030346960e-08 -3.564928437508315e-07  1.858007591604594e-04 -3.564928437508709e-07  1.858007591604709e-04 -3.564928437508446e-07  1.858007591604709e-04 -3.564928437508183e-07  1.858007591604594e-04  1.522552834255388e-07  1.067597918745753e-07  1.522552834135756e-07  1.067597918774192e-07  1.522552834133232e-07  1.067597918770392e-07  1.522552834113100e-07  1.067597918672070e-07 -9.352615034735187e-03  2.871755349305659e-03 -9.352615034735770e-03  2.871755349305834e-03 -9.352615034735773e-03  2.871755349305835e-03 -9.352615034735187e-03  2.871755349305659e-03 -6.981228796909491e-07  2.634639530186100e-04 -6.981228796910339e-07  2.634639530186263e-04 -6.981228796910034e-07  2.634639530186264e-04 -6.981228796909356e-07  2.634639530186100e-04  4.840313373171100e-06  1.017994066085470e-07  4.840313373171400e-06  1.017994066085541e-07  4.840313373171402e-06  1.017994066085536e-07  4.840313373171100e-06  1.017994066085468e-07 
 8.912509381337743e+06 -1.180527225841633e-02 -6.823825710401858e-03  6.019056718374721e-05  4.854235666073224e-08 -2.872335669750748e-03  3.200443821543304e-03  3.117891253984267e-01 -5.766654806801941e-01  8.298266180022637e-05  2.827439700048318e-03  1.521540169046419e-06 -7.876645623744227e-09  1.521540169046522e-06 -7.876645623552311e-09  1.521540169046496e-06 -7.876645623533718e-09  1.521540169046321e-06 -7.876645623501059e-09  5.724092951974953e-06  1.701900127893755e-04  5.724092951975347e-06  1.701900127893861e-04  5.724092951975347e-06  1.701900127893861e-04  5.724092951974967e-06  1.701900127893755e-04  1.400605950593370e-07  8.885218405659625e-08  1.400605950504601e-07  8.885218406180077e-08  1.400605950495559e-07  8.885218406056467e-08  1.400605950477130e-07  8.885218405242450e-08 -8.720062190781174e-03  2.946318227918382e-03 -8.720062190781724e-03  2.946318227918564e-03 -8.720062190781723e-03  2.946318227918564e-03 -8.720062190781174e-03  2.946318227918382e-03  7.970126885268226e-06  2.413364420415559e-04  7.970126885268746e-06  2.413364420415710e-04  7.970126885268749e-06  2.413364420415710e-04  7.970126885268241e-06  2.413364420415559e-04  4.310827174190616e-06 -6.533816722221299e-08  4.310827174190886e-06 -6.533816722221744e-08  4.310827174190885e-06 -6.533816722221753e-08  4.310827174190616e-06 -6.533816722221325e-08 
 9.172759353898093e+06 -1.140883495478210e-02 -6.292888813241380e-03  5.337317114300289e-05 -2.095029991739976e-06 -2.571393671208741e-03  3.044725833699780e-03  2.955827545312477e-01 -5.729430198404240e-01  1.773396194572292e-04  2.577281568717229e-03  1.352658806781031e-06 -5.609792778948300e-08  1.352658806781117e-06 -5.609792778931326e-08  1.352658806781084e-06 -5.609792778928893e-08  1.352658806780945e-06 -5.609792778926139e-08  1.076218872024526e-05  1.555695811981869e-04  1.076218872024597e-05  1.555695811981966e-04  1.076218872024597e-05  1.555695811981966e-04  1.076218872024529e-05  1.555695811981869e-04  1.283841913374909e-07  7.338886201544047e-08  1.283841913294180e-07  7.338886201986839e-08  1.283841913281613e-07  7.338886201830311e-08  1.283841913265912e-07  7.338886201167922e-08 -8.117473513215847e-03  2.998561193405031e-03 -8.117473513216357e-03  2.998561193405217e-03 -8.117473513216355e-03  2.998561193405217e-03 -8.117473513215848e-03  2.998561193405033e-03  1.515398908520615e-05  2.206094319017336e-04  1.515398908520713e-05  2.206094319017474e-04  1.515398908520713e-05  2.206094319017474e-04  1.515398908520620e-05  2.206094319017337e-04  3.831164639555160e-06 -1.964536990324827e-07  3.831164639555400e-06 -1.964536990324956e-07  3.831164639555399e-06 -1.964536990324955e-07  3.831164639555161e-06 -1.964536990324835e-07 
 9.440608762859540e+06 -1.101592259518227e-02 -5.788799908837958e-03  4.721389658872894e-05 -3.734957808238309e-06 -2.296311717821671e-03  2.889865200471399e-03  2.794836033202139e-01 -5.687719350974523e-01  2.535316271013306e-04  2.343729096755593e-03  1.199998542414418e-06 -9.330797290028953e-08  1.199998542414506e-06 -9.330797290015427e-08  1.199998542414495e-06 -9.330797290014461e-08  1.199998542414367e-06 -9.330797290010703e-08  1.487297712530378e-05  1.419145822093310e-04  1.487297712530475e-05  1.419145822093398e-04  1.487297712530479e-05  1.419145822093398e-04  1.487297712530380e-05  1.419145822093310e-04  1.172863313482001e-07  6.008991758436371e-08  1.172863313415946e-07  6.008991758899177e-08  1.172863313410912e-07  6.008991758841941e-08  1.172863313390014e-07  6.008991758214869e-08 -7.544480959654467e-03  3.030412952915184e-03 -7.544480959654942e-03  3.030412952915373e-03 -7.544480959654939e-03  3.030412952915376e-03 -7.544480959654466e-03  3.030412952915186e-03  2.101729937113587e-05  2.012484281990353e-04  2.101729937113723e-05  2.012484281990478e-04  2.101729937113729e-05  2.012484281990478e-04  2.101729937113591e-05  2.012484281990353e-04  3.397764074815328e-06 -2.970340293444551e-07  3.397764074815540e-06 -2.970340293444745e-07  3.397764074815539e-06 -2.970340293444755e-07  3.397764074815328e-06 -2.970340293444558e-07 
 9.716279515771378e+06 -1.062703561035429e-02 -5.310867223000929e-03  4.166700717568297e-05 -4.953521786275076e-06 -2.045391982549183e-03  2.736868909208043e-03  2.635155774985558e-01 -5.641570581523512e-01  3.137875850308297e-04  2.126427083029470e-03  1.062354110181923e-06 -1.212371380892226e-07  1.062354110182003e-06 -1.212371380891090e-07  1.062354110182007e-06 -1.212371380891123e-07  1.062354110181884e-06 -1.212371380890611e-07  1.816337513147241e-05  1.291955643421664e-04  1.816337513147360e-05  1.291955643421744e-04  1.816337513147359e-05  1.291955643421744e-04  1.816337513147242e-05  1.291955643421663e-04  1.068070147506179e-07  4.870089918235437e-08  1.068070147449290e-07  4.870089918664710e-08  1.068070147450938e-07  4.870089918681830e-08  1.068070147422583e-07  4.870089918060970e-08 -7.000621896560521e-03  3.043744733296186e-03 -7.000621896560962e-03  3.043744733296376e-03 -7.000621896560961e-03  3.043744733296375e-03 -7.000621896560519e-03  3.043744733296185e-03  2.571216808047106e-05  1.832123455162233e-04  2.571216808047272e-05  1.832123455162348e-04  2.571216808047270e-05  1.832123455162347e-04  2.571216808047106e-05  1.832123455162233e-04  3.007153857554807e-06 -3.719085458938572e-07  3.007153857554996e-06 -3.719085458938812e-07  3.007153857554995e-06 -3.719085458938809e-07  3.007153857554807e-06 -3.719085458938572e-07 
 1.000000000000033e+07 -1.024265393133484e-02 -4.858379736981935e-03  3.668687748595946e-05 -5.822449253302099e-06 -1.816984199811404e-03  2.586589363283184e-03  2.477019750788042e-01 -5.591045439498430e-01  3.601539488317379e-04  1.924902814026399e-03  9.385578285280043e-07 -1.414018161353885e-07  9.385578285280767e-07 -1.414018161352944e-07  9.385578285280754e-07 -1.414018161352928e-07  9.385578285279875e-07 -1.414018161352593e-07  2.073212321653518e-05  1.173793143051761e-04  2.073212321653655e-05  1.173793143051834e-04  2.073212321653652e-05  1.173793143051834e-04  2.073212321653520e-05  1.173793143051761e-04  9.696933810877278e-08  3.899144129805057e-08  9.696933810391888e-08  3.899144130203953e-08  9.696933810383512e-08  3.899144130195990e-08  9.696933810192150e-08  3.899144129739974e-08 -6.485346043677063e-03  3.040361327868383e-03 -6.485346043677467e-03  3.040361327868572e-03 -6.485346043677467e-03  3.040361327868572e-03 -6.485346043677060e-03  3.040361327868383e-03  2.937909968220085e-05  1.664546630376901e-04  2.937909968220276e-05  1.664546630377005e-04  2.937909968220273e-05  1.664546630377004e-04  2.937909968220087e-05  1.664546630376900e-04  2.655977897760025e-06 -4.253074655639213e-07  2.655977897760190e-06 -4.253074655639490e-07  2.655977897760190e-06 -4.253074655639486e-07  2.655977897760024e-06 -4.253074655639216e-07 
 1.029200527194462e+07 -9.863234399863724e-03 -4.430609559027161e-03  3.222867135330883e-05 -6.403895108247853e-06 -1.609494447645103e-03  2.439737542232898e-03  2.320654102765318e-01 -5.536217797131304e-01  3.944977111635064e-04  1.738589561102415e-03  8.274871766415314e-07 -1.551243338996370e-07  8.274871766416014e-07 -1.551243338995637e-07  8.274871766415999e-07 -1.551243338995623e-07  8.274871766415236e-07 -1.551243338995275e-07  2.266994912883771e-05  1.064296192619970e-04  2.266994912883914e-05  1.064296192620037e-04  2.266994912883914e-05  1.064296192620037e-04  2.266994912883773e-05  1.064296192619971e-04  8.778247107403761e-08  3.075381833786782e-08  8.778247107016265e-08  3.075381834176828e-08  8.778247107009126e-08  3.075381834170634e-08  8.778247106806419e-08  3.075381833763372e-08 -5.998023249365500e-03  3.021993417188551e-03 -5.998023249365877e-03  3.021993417188739e-03 -5.998023249365877e-03  3.021993417188739e-03 -5.998023249365501e-03  3.021993417188553e-03  3.214721931528196e-05  1.509245157094245e-04  3.214721931528398e-05  1.509245157094339e-04  3.214721931528398e-05  1.509245157094339e-04  3.214721931528200e-05  1.509245157094245e-04  2.341015840715433e-06 -4.609176962129062e-07  2.341015840715579e-06 -4.609176962129351e-07  2.341015840715579e-06 -4.609176962129351e-07  2.341015840715434e-06 -4.609176962129067e-07 
 1.059253725177323e+07 -9.489208575924233e-03 -4.026814504748580e-03  2.824888044635341e-05 -6.751393529393271e-06 -1.421392019419862e-03  2.296896074693617e-03  2.166277521965073e-01 -5.477172901000433e-01  4.185116214106595e-04  1.566847976472616e-03  7.280706235542235e-07 -1.635518858123611e-07  7.280706235542839e-07 -1.635518858122987e-07  7.280706235542788e-07 -1.635518858122932e-07  7.280706235542251e-07 -1.635518858122719e-07  2.405979668403704e-05  9.630797728794561e-05  2.405979668403859e-05  9.630797728795163e-05  2.405979668403858e-05  9.630797728795164e-05  2.405979668403705e-05  9.630797728794562e-05  7.924427618534387e-08  2.380145318034261e-08  7.924427618195178e-08  2.380145318380309e-08  7.924427618164090e-08  2.380145318355645e-08  7.924427618035593e-08  2.380145318058248e-08 -5.537951887818169e-03  2.990291210177383e-03 -5.537951887818519e-03  2.990291210177571e-03 -5.537951887818519e-03  2.990291210177570e-03 -5.537951887818169e-03  2.990291210177383e-03  3.413459281405267e-05  1.365677115032499e-04  3.413459281405486e-05  1.365677115032585e-04  3.413459281405484e-05  1.365677115032585e-04  3.413459281405268e-05  1.365677115032499e-04  2.059198471269280e-06 -4.819359768840706e-07  2.059198471269408e-06 -4.819359768841015e-07  2.059198471269409e-06 -4.819359768841011e-07  2.059198471269280e-06 -4.819359768840708e-07 
 1.090184492385163e+07 -9.120980954846323e-03 -3.646240827457517e-03  2.470573828452833e-05 -6.910768273266454e-06 -1.251214557764948e-03  2.158532015661647e-03  2.014100783222844e-01 -5.414006409137665e-01  4.337211926881962e-04  1.408985298800573e-03  6.392918828957523e-07 -1.676744180557716e-07  6.392918828958080e-07 -1.676744180557235e-07  6.392918828958055e-07 -1.676744180557201e-07  6.392918828957568e-07 -1.676744180556956e-07  2.497710979609670e-05  8.697425110833113e-05  2.497710979609830e-05  8.697425110833660e-05  2.497710979609829e-05  8.697425110833656e-05  2.497710979609669e-05  8.697425110833112e-05  7.134359717446510e-08  1.796740740804432e-08  7.134359717179583e-08  1.796740741133089e-08  7.134359717159032e-08  1.796740741118224e-08  7.134359717009983e-08  1.796740740844749e-08 -5.104367672270949e-03  2.946819418721170e-03 -5.104367672271270e-03  2.946819418721355e-03 -5.104367672271269e-03  2.946819418721356e-03 -5.104367672270948e-03  2.946819418721170e-03  3.544862618393538e-05  1.233276677435784e-04  3.544862618393765e-05  1.233276677435861e-04  3.544862618393763e-05  1.233276677435861e-04  3.544862618393538e-05  1.233276677435783e-04  1.807618794957771e-06 -4.911190614797800e-07  1.807618794957885e-06 -4.911190614798115e-07  1.807618794957884e-06 -4.911190614798113e-07  1.807618794957770e-06 -4.911190614797800e-07 
 1.122018454302000e+07 -8.758927597826024e-03 -3.288126039929878e-03  2.155952496898455e-05 -6.920992495670942e-06 -1.097571632571954e-03  2.025009161783070e-03  1.864326424713760e-01 -5.346823437735229e-01  4.414930779470142e-04  1.264272348537162e-03  5.601927681008475e-07 -1.683414023887042e-07  5.601927681008944e-07 -1.683414023886622e-07  5.601927681008894e-07 -1.683414023886553e-07  5.601927681008517e-07 -1.683414023886363e-07  2.549016191006692e-05  7.838726182653382e-05  2.549016191006854e-05  7.838726182653870e-05  2.549016191006857e-05  7.838726182653869e-05  2.549016191006692e-05  7.838726182653378e-05  6.406224132805272e-08  1.310287669567564e-08  6.406224132564614e-08  1.310287669852496e-08  6.406224132522194e-08  1.310287669824603e-08  6.406224132403249e-08  1.310287669605621e-08 -4.696452686752189e-03  2.893053548626142e-03 -4.696452686752484e-03  2.893053548626323e-03 -4.696452686752484e-03  2.893053548626325e-03 -4.696452686752185e-03  2.893053548626141e-03  3.618653045309212e-05  1.111462617668246e-04  3.618653045309442e-05  1.111462617668315e-04  3.618653045309446e-05  1.111462617668315e-04  3.618653045309212e-05  1.111462617668245e-04  1.583539277301855e-06 -4.908307762199774e-07  1.583539277301954e-06 -4.908307762200087e-07  1.583539277301954e-06 -4.908307762200091e-07  1.583539277301854e-06 -4.908307762199774e-07 
 1.154781984689496e+07 -8.403395171866352e-03 -2.951701770663565e-03  1.877277755921187e-05 -6.814991810367877e-06 -9.591469473287219e-04  1.896599777219386e-03  1.717148565302517e-01 -5.275737640812562e-01  4.430444357887574e-04  1.131958350268344e-03  4.898748212709754e-07 -1.662774606548260e-07  4.898748212710211e-07 -1.662774606547988e-07  4.898748212710166e-07 -1.662774606547917e-07  4.898748212709870e-07 -1.662774606547767e-07  2.566042120495108e-05  7.050532089283112e-05  2.566042120495275e-05  7.050532089283553e-05  2.566042120495275e-05  7.050532089283553e-05  2.566042120495108e-05  7.050532089283111e-05  5.737668176084182e-08  9.075711410738543e-09  5.737668175926112e-08  9.075711413567111e-09  5.737668175882109e-08  9.075711413305066e-09  5.737668175785284e-08  9.075711411529758e-09 -4.313344453948831e-03  2.830377462203733e-03 -4.313344453949102e-03  2.830377462203913e-03 -4.313344453949103e-03  2.830377462203913e-03 -4.313344453948830e-03  2.830377462203733e-03  3.643583811166953e-05  9.996459339041635e-05  3.643583811167188e-05  9.996459339042261e-05  3.643583811167188e-05  9.996459339042261e-05  3.643583811166953e-05  9.996459339041633e-05  1.384395719072576e-06 -4.830858430338630e-07  1.384395719072662e-06 -4.830858430338942e-07  1.384395719072662e-06 -4.830858430338942e-07  1.384395719072576e-06 -4.830858430338630e-07 
 1.188502227437058e+07 -8.054700385868642e-03 -2.636196599976395e-03  1.631042031195150e-05 -6.620386725297585e-06 -8.346993548513054e-04  1.773495636896623e-03  1.572752848253651e-01 -5.200870344148780e-01  4.394529492552409e-04  1.011283664048891e-03  4.274998838310421e-07 -1.620968216396028e-07  4.274998838310789e-07 -1.620968216395763e-07  4.274998838310739e-07 -1.620968216395677e-07  4.274998838310503e-07 -1.620968216395555e-07  2.554294235619500e-05  6.328669991961631e-05  2.554294235619662e-05  6.328669991962026e-05  2.554294235619664e-05  6.328669991962029e-05  2.554294235619500e-05  6.328669991961631e-05  5.125950532746143e-08  5.768979104042771e-09  5.125950532585806e-08  5.768979106393565e-09  5.125950532531742e-08  5.768979106103443e-09  5.125950532450686e-08  5.768979104645633e-09 -3.954144871822340e-03  2.760082144262944e-03 -3.954144871822590e-03  2.760082144263118e-03 -3.954144871822590e-03  2.760082144263119e-03 -3.954144871822340e-03  2.760082144262944e-03  3.627495795344467e-05  8.972365860587971e-05  3.627495795344697e-05  8.972365860588535e-05  3.627495795344699e-05  8.972365860588537e-05  3.627495795344467e-05  8.972365860587971e-05  1.207798231940503e-06 -4.695904187912079e-07  1.207798231940579e-06 -4.695904187912376e-07  1.207798231940580e-06 -4.695904187912380e-07  1.207798231940503e-06 -4.695904187912079e-07 
 1.223207119049972e+07 -7.713129803521730e-03 -2.340838824788411e-03  1.413982804414960e-05 -6.360172655001249e-06 -7.230628562231700e-04  1.655818324656906e-03  1.431316497139352e-01 -5.122349752972202e-01  4.316672051529516e-04  9.014905422475947e-04  3.722897698289990e-07 -1.563166105786474e-07  3.722897698290312e-07 -1.563166105786264e-07  3.722897698290308e-07 -1.563166105786256e-07  3.722897698290081e-07 -1.563166105786084e-07  2.518677623524749e-05  5.669003919208551e-05  2.518677623524912e-05  5.669003919208906e-05  2.518677623524909e-05  5.669003919208905e-05  2.518677623524748e-05  5.669003919208547e-05  4.568063141990497e-08  3.079582354025590e-09  4.568063141859778e-08  3.079582356136284e-09  4.568063141854862e-08  3.079582356112696e-09  4.568063141739953e-08  3.079582354686174e-09 -3.617928872386913e-03  2.683365584270059e-03 -3.617928872387140e-03  2.683365584270229e-03 -3.617928872387142e-03  2.683365584270229e-03 -3.617928872386910e-03  2.683365584270058e-03  3.577375597410748e-05  8.036493568910552e-05  3.577375597410979e-05  8.036493568911056e-05  3.577375597410975e-05  8.036493568911055e-05  3.577375597410746e-05  8.036493568910547e-05  1.051529759211604e-06 -4.517793524560094e-07  1.051529759211670e-06 -4.517793524560386e-07  1.051529759211669e-06 -4.517793524560382e-07  1.051529759211603e-06 -4.517793524560093e-07 
 1.258925411794209e+07 -7.378940005868800e-03 -2.064859106181894e-03  1.223083474931225e-05 -6.053337403031926e-06 -6.231457466106144e-04  1.543628749467561e-03  1.293008466130589e-01 -5.040310249762953e-01  4.205171853081391e-04  8.018320525835607e-04  3.235251930655291e-07 -1.493689880069930e-07  3.235251930655579e-07 -1.493689880069784e-07  3.235251930655560e-07 -1.493689880069743e-07  3.235251930655398e-07 -1.493689880069640e-07  2.463538963461461e-05  5.067469675417079e-05  2.463538963461617e-05  5.067469675417397e-05  2.463538963461618e-05  5.067469675417395e-05  2.463538963461461e-05  5.067469675417080e-05  4.060832612519918e-08  9.169424451131623e-10  4.060832612427851e-08  9.169424470589922e-10  4.060832612399198e-08  9.169424469367448e-10  4.060832612329041e-08  9.169424458886873e-10 -3.303752676162230e-03  2.601333671774130e-03 -3.303752676162441e-03  2.601333671774294e-03 -3.303752676162439e-03  2.601333671774294e-03 -3.303752676162230e-03  2.601333671774130e-03  3.499415099734214e-05  7.183088639543146e-05  3.499415099734435e-05  7.183088639543598e-05  3.499415099734437e-05  7.183088639543594e-05  3.499415099734214e-05  7.183088639543147e-05  9.135425598935635e-07 -4.308502081300853e-07  9.135425598936211e-07 -4.308502081301126e-07  9.135425598936205e-07 -4.308502081301127e-07  9.135425598935637e-07 -4.308502081300853e-07 
 1.295686697517063e+07 -7.052358071945177e-03 -1.807492959118625e-03  1.055569837762034e-05 -5.715417369274098e-06 -5.339290592759118e-04  1.436935864947376e-03  1.157989664894277e-01 -4.954891795699916e-01  4.067246635794896e-04  7.115793240815399e-04  2.805440882461238e-07 -1.416121687330855e-07  2.805440882461498e-07 -1.416121687330767e-07  2.805440882461488e-07 -1.416121687330742e-07  2.805440882461359e-07 -1.416121687330661e-07  2.392708792001883e-05  4.520104083434339e-05  2.392708792002038e-05  4.520104083434622e-05  2.392708792002038e-05  4.520104083434621e-05  2.392708792001883e-05  4.520104083434338e-05  3.601003513828755e-08 -7.982434069126457e-10  3.601003513772981e-08 -7.982434051225507e-10  3.601003513755805e-08 -7.982434051868756e-10  3.601003513697944e-08 -7.982434060459390e-10 -3.010661539103332e-03  2.515001991667665e-03 -3.010661539103522e-03  2.515001991667824e-03 -3.010661539103522e-03  2.515001991667825e-03 -3.010661539103331e-03  2.515001991667665e-03  3.399071486132003e-05  6.406537617346188e-05  3.399071486132222e-05  6.406537617346592e-05  3.399071486132223e-05  6.406537617346589e-05  3.399071486132003e-05  6.406537617346186e-05  7.919530440750479e-07 -4.077941414036373e-07  7.919530440750978e-07 -4.077941414036635e-07  7.919530440750974e-07 -4.077941414036636e-07  7.919530440750477e-07 -4.077941414036373e-07 
 1.333521432163368e+07 -6.733582340449014e-03 -1.567983049663791e-03  9.089031428848516e-06 -5.358994785697027e-06 -4.544644455428724e-04  1.335704595091875e-03  1.026413235720721e-01 -4.866239445276449e-01  3.909133420763426e-04  6.300272809392411e-04  2.427394539907278e-07 -1.333403633988315e-07  2.427394539907493e-07 -1.333403633988233e-07  2.427394539907487e-07 -1.333403633988214e-07  2.427394539907377e-07 -1.333403633988129e-07  2.309543437935211e-05  4.023068904012692e-05  2.309543437935359e-05  4.023068904012944e-05  2.309543437935359e-05  4.023068904012943e-05  2.309543437935211e-05  4.023068904012691e-05  3.185305754959818e-08 -2.135166042094793e-09  3.185305754906032e-08 -2.135166040558517e-09  3.185305754892058e-08 -2.135166040603830e-09  3.185305754830377e-08 -2.135166041355648e-09 -2.737696909392331e-03  2.425298398873328e-03 -2.737696909392504e-03  2.425298398873482e-03 -2.737696909392503e-03  2.425298398873482e-03 -2.737696909392330e-03  2.425298398873328e-03  3.281126823981753e-05  5.701401828227177e-05  3.281126823981962e-05  5.701401828227536e-05  3.281126823981962e-05  5.701401828227534e-05  3.281126823981752e-05  5.701401828227175e-05  6.850353134320991e-07 -3.834237491170536e-07  6.850353134321421e-07 -3.834237491170781e-07  6.850353134321419e-07 -3.834237491170781e-07  6.850353134320988e-07 -3.834237491170535e-07 
 1.372460961007608e+07 -6.422783412218444e-03 -1.345581271731109e-03  7.807705763834788e-06 -4.994139058311842e-06 -3.838716144119026e-04  1.239862983422638e-03  8.984248592858624e-02 -4.774502979771069e-01  3.736185963326790e-04  5.564990318625645e-04  2.095568328102852e-07 -1.247926943593770e-07  2.095568328103037e-07 -1.247926943593709e-07  2.095568328103037e-07 -1.247926943593708e-07  2.095568328102941e-07 -1.247926943593614e-07  2.216966092610696e-05  3.572669828147188e-05  2.216966092610837e-05  3.572669828147410e-05  2.216966092610839e-05  3.572669828147411e-05  2.216966092610696e-05  3.572669828147187e-05  2.810508118446529e-08 -3.153986493787427e-09  2.810508118405243e-08 -3.153986492435642e-09  2.810508118404244e-08 -3.153986492438408e-09  2.810508118335037e-08 -3.153986493103607e-09 -2.483902934656128e-03  2.333066248783314e-03 -2.483902934656284e-03  2.333066248783461e-03 -2.483902934656285e-03  2.333066248783462e-03 -2.483902934656128e-03  2.333066248783315e-03  3.149746444045906e-05  5.062444745787187e-05  3.149746444046107e-05  5.062444745787501e-05  3.149746444046108e-05  5.062444745787504e-05  3.149746444045907e-05  5.062444745787186e-05  5.912137254361381e-07 -3.583980385615772e-07  5.912137254361748e-07 -3.583980385616001e-07  5.912137254361751e-07 -3.583980385616003e-07  5.912137254361380e-07 -3.583980385615774e-07 
 1.412537544622801e+07 -6.120105350872458e-03 -1.139550582690876e-03  6.690738844115027e-06 -4.628795827644355e-06 -3.213354414951841e-04  1.149308593818889e-03  7.741630647730488e-02 -4.679836661121592e-01  3.552967316746640e-04  4.903490800924603e-04  1.804915299727038e-07 -1.161611446653397e-07  1.804915299727197e-07 -1.161611446653355e-07  1.804915299727190e-07 -1.161611446653330e-07  1.804915299727122e-07 -1.161611446653275e-07  2.117506570488718e-05  3.165370971733418e-05  2.117506570488855e-05  3.165370971733617e-05  2.117506570488853e-05  3.165370971733616e-05  2.117506570488719e-05  3.165370971733417e-05  2.473459861247767e-08 -3.906835103125140e-09  2.473459861218755e-08 -3.906835101934499e-09  2.473459861200723e-08 -3.906835101975377e-09  2.473459861157683e-08 -3.906835102482265e-09 -2.248332279606373e-03  2.239068160034174e-03 -2.248332279606515e-03  2.239068160034316e-03 -2.248332279606515e-03  2.239068160034314e-03 -2.248332279606372e-03  2.239068160034174e-03  3.008535479557831e-05  4.484652925376115e-05  3.008535479558025e-05  4.484652925376398e-05  3.008535479558022e-05  4.484652925376396e-05  3.008535479557832e-05  4.484652925376114e-05  5.090547632347460e-07 -3.332446818548296e-07  5.090547632347781e-07 -3.332446818548511e-07  5.090547632347779e-07 -3.332446818548508e-07  5.090547632347459e-07 -3.332446818548297e-07 
 1.453784385607710e+07 -5.825667037667595e-03 -9.491665837634003e-04  5.719167485677602e-06 -4.269127693268224e-06 -2.661028431036988e-04  1.063914199532600e-03  6.537595198674974e-02 -4.582399103383041e-01  3.363336816307818e-04  4.309655131737935e-04  1.550856602401941e-07 -1.075976038561794e-07  1.550856602402079e-07 -1.075976038561772e-07  1.550856602402073e-07 -1.075976038561751e-07  1.550856602402019e-07 -1.075976038561708e-07  2.013339400711063e-05  2.797805322661909e-05  2.013339400711192e-05  2.797805322662085e-05  2.013339400711192e-05  2.797805322662085e-05  2.013339400711063e-05  2.797805322661909e-05  2.171122131328288e-08 -4.438728029194066e-09  2.171122131313879e-08 -4.438728028141475e-09  2.171122131298064e-08 -4.438728028169825e-09  2.171122131263839e-08 -4.438728028584447e-09 -2.030051233647112e-03  2.143990189333345e-03 -2.030051233647241e-03  2.143990189333481e-03 -2.030051233647241e-03  2.143990189333481e-03 -2.030051233647112e-03  2.143990189333345e-03  2.860593049082810e-05  3.963251147774964e-05  2.860593049082993e-05  3.963251147775214e-05  2.860593049082993e-05  3.963251147775214e-05  2.860593049082810e-05  3.963251147774964e-05  4.372584572338626e-07 -3.083797349647838e-07  4.372584572338903e-07 -3.083797349648035e-07  4.372584572338903e-07 -3.083797349648035e-07  4.372584572338626e-07 -3.083797349647838e-07 
 1.496235656094483e+07 -5.539563636132174e-03 -7.737188380424421e-04  4.875914180418376e-06 -3.919810712717217e-06 -2.174794982256382e-04  9.835328026683856e-04  5.373392766523510e-02 -4.482353254416059e-01  3.170531038055684e-04  3.777713226073829e-04  1.329250988608871e-07 -9.922007728783479e-08  1.329250988608985e-07 -9.922007728783296e-08  1.329250988608986e-07 -9.922007728783293e-08  1.329250988608939e-07 -9.922007728782825e-08  1.906319971794936e-05  2.466781597121705e-05  1.906319971795059e-05  2.466781597121860e-05  1.906319971795058e-05  2.466781597121859e-05  1.906319971794935e-05  2.466781597121704e-05  1.900590784173236e-08 -4.788402881653198e-09  1.900590784161299e-08 -4.788402880742405e-09  1.900590784160618e-08 -4.788402880743305e-09  1.900590784122895e-08 -4.788402881098551e-09 -1.828144104984884e-03  2.048446303505695e-03 -1.828144104985000e-03  2.048446303505825e-03 -1.828144104985000e-03  2.048446303505824e-03 -1.828144104984883e-03  2.048446303505693e-03  2.708563683904568e-05  3.493712424392367e-05  2.708563683904742e-05  3.493712424392588e-05  2.708563683904740e-05  3.493712424392587e-05  2.708563683904566e-05  3.493712424392365e-05  3.746495693822959e-07 -2.841250092378547e-07  3.746495693823197e-07 -2.841250092378730e-07  3.746495693823195e-07 -2.841250092378728e-07  3.746495693822957e-07 -2.841250092378546e-07 
 1.539926526059544e+07 -5.261868123266766e-03 -6.125119263947904e-04  4.145650109128225e-06 -3.584290815717643e-06 -1.748264890047957e-04  9.080020303046908e-04  4.250209511308908e-02 -4.379866476522613e-01  2.977238494095791e-04  3.302249928749108e-04  1.136364012788362e-07 -9.111812704888334e-08  1.136364012788461e-07 -9.111812704888330e-08  1.136364012788460e-07 -9.111812704888274e-08  1.136364012788423e-07 -9.111812704887865e-08  1.798018526740195e-05  2.169287958159388e-05  1.798018526740311e-05  2.169287958159524e-05  1.798018526740311e-05  2.169287958159524e-05  1.798018526740195e-05  2.169287958159387e-05  1.659112020219138e-08 -4.989076247861460e-09  1.659112020220119e-08 -4.989076247063689e-09  1.659112020215767e-08 -4.989076247067407e-09  1.659112020181756e-08 -4.989076247360795e-09 -1.641716913407311e-03  1.952983041449398e-03 -1.641716913407415e-03  1.952983041449523e-03 -1.641716913407415e-03  1.952983041449523e-03 -1.641716913407310e-03  1.952983041449398e-03  2.554685708193061e-05  3.071763510685092e-05  2.554685708193226e-05  3.071763510685286e-05  2.554685708193226e-05  3.071763510685286e-05  2.554685708193061e-05  3.071763510685092e-05  3.201687180102915e-07 -2.607232869471373e-07  3.201687180103117e-07 -2.607232869471541e-07  3.201687180103117e-07 -2.607232869471541e-07  3.201687180102914e-07 -2.607232869471373e-07 
 1.584893192461167e+07 -4.992632845554646e-03 -4.648662473349300e-04  3.514658141220992e-06 -3.265004200187440e-06 -1.375569189360870e-04  8.371479555069302e-04  3.169168158998267e-02 -4.275110710400658e-01  2.785667998292401e-04  2.878204872289893e-04  9.688374485250352e-08 -8.335761241528890e-08  9.688374485251171e-08 -8.335761241528857e-08  9.688374485251163e-08 -8.335761241528769e-08  9.688374485250872e-08 -8.335761241528489e-08  1.689751874085737e-05  1.902493035406262e-05  1.689751874085845e-05  1.902493035406382e-05  1.689751874085845e-05  1.902493035406382e-05  1.689751874085736e-05  1.902493035406262e-05  1.444092104815110e-08 -5.069126694425039e-09  1.444092104813416e-08 -5.069126693739546e-09  1.444092104806392e-08 -5.069126693742262e-09  1.444092104782460e-08 -5.069126693980655e-09 -1.469900406415077e-03  1.858084267726692e-03 -1.469900406415171e-03  1.858084267726812e-03 -1.469900406415171e-03  1.858084267726812e-03 -1.469900406415077e-03  1.858084267726693e-03  2.400836377815815e-05  2.693386554455899e-05  2.400836377815969e-05  2.693386554456069e-05  2.400836377815969e-05  2.693386554456069e-05  2.400836377815814e-05  2.693386554455899e-05  2.728635899833726e-07 -2.383515720123376e-07  2.728635899833899e-07 -2.383515720123529e-07  2.728635899833899e-07 -2.383515720123529e-07  2.728635899833726e-07 -2.383515720123375e-07 
 1.631172909227893e+07 -4.731891060593596e-03 -3.301185731697854e-04  2.970698393718796e-06 -2.963565622168594e-06 -1.051325577879224e-04  7.707883922489977e-04  2.131327883057330e-02 -4.168262702938911e-01  2.597610774639145e-04  2.500867450797597e-04  8.236593569432548e-08 -7.598479646672667e-08  8.236593569433238e-08 -7.598479646672653e-08  8.236593569433232e-08 -7.598479646672618e-08  8.236593569432999e-08 -7.598479646672336e-08  1.582612740702591e-05  1.663744664563467e-05  1.582612740702693e-05  1.663744664563570e-05  1.582612740702692e-05  1.663744664563571e-05  1.582612740702590e-05  1.663744664563466e-05  1.253102280380466e-08 -5.052707410333451e-09  1.253102280380279e-08 -5.052707409742002e-09  1.253102280377459e-08 -5.052707409741780e-09  1.253102280352711e-08 -5.052707409938637e-09 -1.311852434852775e-03  1.764175929545685e-03 -1.311852434852857e-03  1.764175929545798e-03 -1.311852434852858e-03  1.764175929545798e-03 -1.311852434852774e-03  1.764175929545684e-03  2.248573669812156e-05  2.354817476786531e-05  2.248573669812300e-05  2.354817476786678e-05  2.248573669812300e-05  2.354817476786679e-05  2.248573669812155e-05  2.354817476786530e-05  2.318803586191872e-07 -2.171325632470614e-07  2.318803586192017e-07 -2.171325632470753e-07  2.318803586192018e-07 -2.171325632470753e-07  2.318803586191871e-07 -2.171325632470613e-07 
 1.678804018122617e+07 -4.479658429274063e-03 -2.076223803546045e-04  2.502878300324384e-06 -2.680928281572981e-06 -7.706055307974563e-05  7.087357130779461e-04  1.137683002492168e-02 -4.059504276550235e-01  2.414496490063814e-04  2.165867931995848e-04  6.981351451987328e-08 -6.902988320244740e-08  6.981351451987899e-08 -6.902988320244800e-08  6.981351451987901e-08 -6.902988320244752e-08  6.981351451987712e-08 -6.902988320244499e-08  1.477496744661440e-05  1.450566738416164e-05  1.477496744661534e-05  1.450566738416255e-05  1.477496744661535e-05  1.450566738416255e-05  1.477496744661439e-05  1.450566738416164e-05  1.083879837646847e-08 -4.960293059853547e-09  1.083879837653080e-08 -4.960293059346631e-09  1.083879837649047e-08 -4.960293059344399e-09  1.083879837626342e-08 -4.960293059504691e-09 -1.166759732673649e-03  1.671630739858325e-03 -1.166759732673724e-03  1.671630739858432e-03 -1.166759732673724e-03  1.671630739858432e-03 -1.166759732673649e-03  1.671630739858324e-03  2.099174689758578e-05  2.052541645142249e-05  2.099174689758712e-05  2.052541645142378e-05  2.099174689758713e-05  2.052541645142379e-05  2.099174689758577e-05  2.052541645142248e-05  1.964554001496175e-07 -1.971445310138215e-07  1.964554001496298e-07 -1.971445310138341e-07  1.964554001496299e-07 -1.971445310138342e-07  1.964554001496174e-07 -1.971445310138214e-07 
 1.727825980507922e+07 -4.235934426796921e-03 -9.674797649387076e-05  2.101528611002483e-06 -2.417518755716822e-06 -5.289023970865596e-05  6.507992370658304e-04  1.891603939631267e-03 -3.949022614301722e-01  2.237443475658340e-04  1.869165603554020e-04  5.898598722719649e-08 -6.251004643392414e-08  5.898598722720124e-08 -6.251004643392490e-08  5.898598722720126e-08 -6.251004643392455e-08  5.898598722719979e-08 -6.251004643392254e-08  1.375127010717571e-05  1.260654530741078e-05  1.375127010717659e-05  1.260654530741158e-05  1.375127010717660e-05  1.260654530741158e-05  1.375127010717571e-05  1.260654530741078e-05  9.343261792481028e-09 -4.809165649788590e-09  9.343261792558753e-09 -4.809165649355681e-09  9.343261792527367e-09 -4.809165649352438e-09  9.343261792341628e-09 -4.809165649483722e-09 -1.033839152439308e-03  1.580772720257724e-03 -1.033839152439375e-03  1.580772720257825e-03 -1.033839152439374e-03  1.580772720257826e-03 -1.033839152439309e-03  1.580772720257724e-03  1.953670727487885e-05  1.783287354865245e-05  1.953670727488010e-05  1.783287354865358e-05  1.953670727488011e-05  1.783287354865357e-05  1.953670727487885e-05  1.783287354865245e-05  1.659073787956819e-07 -1.784297695130954e-07  1.659073787956925e-07 -1.784297695131068e-07  1.659073787956924e-07 -1.784297695131069e-07  1.659073787956819e-07 -1.784297695130954e-07 
 1.778279410038983e+07 -4.000703646560154e-03  3.117549479576771e-06  1.758086301786656e-06 -2.173350161657882e-06 -3.221007210987384e-05  5.967872339889235e-04 -7.133844325905581e-03 -3.837010533759505e-01  2.067303461157342e-04  1.607034731504781e-04  4.966919878879771e-08 -5.643200814110210e-08  4.966919878880172e-08 -5.643200814110255e-08  4.966919878880171e-08 -5.643200814110247e-08  4.966919878880059e-08 -5.643200814110050e-08  1.276076487967276e-05  1.091868821519060e-05  1.276076487967359e-05  1.091868821519129e-05  1.276076487967360e-05  1.091868821519129e-05  1.276076487967276e-05  1.091868821519060e-05  8.025025873374827e-09 -4.613844317619172e-09  8.025025873422688e-09 -4.613844317245009e-09  8.025025873416959e-09 -4.613844317244137e-09  8.025025873230168e-09 -4.613844317346885e-09 -9.123384131146455e-04  1.491881548964908e-03 -9.123384131147041e-04  1.491881548965005e-03 -9.123384131147043e-04  1.491881548965005e-03 -9.123384131146455e-04  1.491881548964908e-03  1.812879044615310e-05  1.544017588276568e-05  1.812879044615428e-05  1.544017588276665e-05  1.812879044615428e-05  1.544017588276665e-05  1.812879044615310e-05  1.544017588276568e-05  1.396297506776550e-07 -1.610017868013267e-07  1.396297506776638e-07 -1.610017868013371e-07  1.396297506776639e-07 -1.610017868013371e-07  1.396297506776550e-07 -1.610017868013267e-07 
 1.830206106311118e+07 -3.773936975635775e-03  9.257052428595692e-05  1.464985009291447e-06 -1.948116445404739e-06 -1.464469702766649e-05  5.465085883196961e-04 -1.569172598756136e-02 -3.723666720691537e-01  1.904701187725411e-04  1.376048995110330e-04  4.167286287405266e-08 -5.079421998280206e-08  4.167286287405594e-08 -5.079421998280273e-08  4.167286287405603e-08 -5.079421998280230e-08  4.167286287405503e-08 -5.079421998280124e-08  1.180788058382928e-05  9.422291170495262e-06  1.180788058383004e-05  9.422291170495848e-06  1.180788058383005e-05  9.422291170495855e-06  1.180788058382928e-05  9.422291170495262e-06  6.866242956313333e-09 -4.386463934293655e-09  6.866242956383898e-09 -4.386463933977495e-09  6.866242956339744e-09 -4.386463933968566e-09  6.866242956239366e-09 -4.386463934062807e-09 -8.015364194634885e-04  1.405196670022896e-03 -8.015364194635399e-04  1.405196670022987e-03 -8.015364194635403e-04  1.405196670022986e-03 -8.015364194634888e-04  1.405196670022896e-03  1.677431519088952e-05  1.331920470943742e-05  1.677431519089061e-05  1.331920470943826e-05  1.677431519089061e-05  1.331920470943827e-05  1.677431519088952e-05  1.331920470943742e-05  1.170837196547524e-07 -1.448513833652878e-07  1.170837196547598e-07 -1.448513833652971e-07  1.170837196547598e-07 -1.448513833652972e-07  1.170837196547524e-07 -1.448513833652877e-07 
 1.883649089489865e+07 -3.555592626580137e-03  1.721910026102131e-04  1.215553310035735e-06 -1.741270413474539e-06  1.478205043595569e-07  4.997741641110288e-04 -2.377508410728477e-02 -3.609195893658949e-01  1.750069288938263e-04  1.173064958749522e-04  3.482825444335054e-08 -4.558869745580843e-08  3.482825444335322e-08 -4.558869745580924e-08  3.482825444335325e-08 -4.558869745580909e-08  3.482825444335254e-08 -4.558869745580789e-08  1.089592547838168e-05  8.099062243276993e-06  1.089592547838239e-05  8.099062243277499e-06  1.089592547838239e-05  8.099062243277499e-06  1.089592547838168e-05  8.099062243276990e-06  5.850533671380940e-09 -4.137107314398505e-09  5.850533671465930e-09 -4.137107314133429e-09  5.850533671452396e-09 -4.137107314129990e-09  5.850533671330579e-09 -4.137107314199249e-09 -7.007432142866941e-04  1.320921130820493e-03 -7.007432142867391e-04  1.320921130820579e-03 -7.007432142867391e-04  1.320921130820579e-03 -7.007432142866939e-04  1.320921130820493e-03  1.547800304789111e-05  1.144398795840049e-05  1.547800304789211e-05  1.144398795840121e-05  1.547800304789211e-05  1.144398795840121e-05  1.547800304789111e-05  1.144398795840049e-05  9.779166382305690e-08 -1.299517582562542e-07  9.779166382306305e-08 -1.299517582562626e-07  9.779166382306308e-08 -1.299517582562626e-07  9.779166382305687e-08 -1.299517582562542e-07 
 1.938652635952273e+07 -3.345617016257223e-03  2.425431617323695e-04  1.003920930324336e-06 -1.552087846021203e-06  1.247861008119932e-05  4.563979090651317e-04 -3.137787094062340e-02 -3.493808871181085e-01  1.603678841095234e-04  9.952050461576895e-05  2.898606822075667e-08 -4.080255189919401e-08  2.898606822075892e-08 -4.080255189919464e-08  2.898606822075891e-08 -4.080255189919464e-08  2.898606822075839e-08 -4.080255189919346e-08  1.002724767835740e-05  6.932144045977183e-06  1.002724767835806e-05  6.932144045977617e-06  1.002724767835806e-05  6.932144045977619e-06  1.002724767835740e-05  6.932144045977183e-06  4.962907900934739e-09 -3.874095654689429e-09  4.962907901003048e-09 -3.874095654461348e-09  4.962907901002401e-09 -3.874095654461152e-09  4.962907900881675e-09 -3.874095654511825e-09 -6.092996244126610e-04  1.239225125314338e-03 -6.092996244127000e-04  1.239225125314419e-03 -6.092996244127003e-04  1.239225125314419e-03 -6.092996244126609e-04  1.239225125314338e-03  1.424320688033426e-05  9.790589369569037e-06  1.424320688033520e-05  9.790589369569654e-06  1.424320688033519e-05  9.790589369569657e-06  1.424320688033426e-05  9.790589369569036e-06  8.133103938177438e-08 -1.162627696843920e-07  8.133103938177949e-08 -1.162627696843996e-07  8.133103938177953e-08 -1.162627696843996e-07  8.133103938177436e-08 -1.162627696843920e-07 
 1.995262314968948e+07 -3.143945488410621e-03  3.041757450440797e-04  8.249327906227264e-07 -1.379719766398807e-06  2.263044382201776e-05  4.161977331677434e-04 -3.849503547756143e-02 -3.377722514891672e-01  1.465665984346889e-04  8.398403967420662e-05  2.401444244381608e-08 -3.641926125764838e-08  2.401444244381789e-08 -3.641926125764909e-08  2.401444244381794e-08 -3.641926125764891e-08  2.401444244381750e-08 -3.641926125764808e-08  9.203377273044892e-06  5.906032982877504e-06  9.203377273045493e-06  5.906032982877869e-06  9.203377273045491e-06  5.906032982877871e-06  9.203377273044892e-06  5.906032982877504e-06  4.189681269566865e-09 -3.604241598159732e-09  4.189681269642755e-09 -3.604241597970499e-09  4.189681269625886e-09 -3.604241597964375e-09  4.189681269537522e-09 -3.604241598009342e-09 -5.265766602175666e-04  1.160249229915691e-03 -5.265766602176002e-04  1.160249229915766e-03 -5.265766602176002e-04  1.160249229915766e-03 -5.265766602175667e-04  1.160249229915691e-03  1.307211338874797e-05  8.336994272562700e-06  1.307211338874882e-05  8.336994272563222e-06  1.307211338874882e-05  8.336994272563224e-06  1.307211338874797e-05  8.336994272562700e-06  6.732875886917524e-08 -1.037344649168321e-07  6.732875886917946e-08 -1.037344649168389e-07  6.732875886917947e-08 -1.037344649168389e-07  6.732875886917524e-08 -1.037344649168321e-07 
 2.053525026457216e+07 -2.950502882278068e-03  3.576225221680839e-04  6.740706504455156e-07 -1.223234693349694e-06  3.086001873885599e-05  3.789961942394372e-04 -4.512261905300186e-02 -3.261159524456225e-01  1.336055007881940e-04  7.045739068194310e-05  1.979714448889866e-08 -3.241971634244779e-08  1.979714448890013e-08 -3.241971634244843e-08  1.979714448890012e-08 -3.241971634244843e-08  1.979714448889984e-08 -3.241971634244760e-08  8.425151603620669e-06  5.006497822990852e-06  8.425151603621216e-06  5.006497822991160e-06  8.425151603621216e-06  5.006497822991160e-06  8.425151603620667e-06  5.006497822990848e-06  3.518389831899155e-09 -3.333069058867248e-09  3.518389831970166e-09 -3.333069058708138e-09  3.518389831972736e-09 -3.333069058709218e-09  3.518389831881447e-09 -3.333069058738511e-09 -4.519747258242490e-04  1.084107327918957e-03 -4.519747258242776e-04  1.084107327919028e-03 -4.519747258242777e-04  1.084107327919028e-03 -4.519747258242486e-04  1.084107327918957e-03  1.196592164500149e-05  7.062994312745696e-06  1.196592164500227e-05  7.062994312746136e-06  1.196592164500227e-05  7.062994312746137e-06  1.196592164500149e-05  7.062994312745691e-06  5.545603303653774e-08 -9.230998257325469e-08  5.545603303654120e-08 -9.230998257326069e-08  5.545603303654120e-08 -9.230998257326069e-08  5.545603303653770e-08 -9.230998257325467e-08 
 2.113489039836719e+07 -2.765203955866049e-03  4.034027348017000e-04  5.473820204656239e-07 -1.081652471882356e-06  3.740007582355546e-05  3.446210198605530e-04 -5.125785638792507e-02 -3.144348064486098e-01  1.214778278078894e-04  5.872236921583823e-05  1.623191282228565e-08 -2.878307532223917e-08  1.623191282228687e-08 -2.878307532223972e-08  1.623191282228688e-08 -2.878307532223970e-08  1.623191282228666e-08 -2.878307532223900e-08  7.692825184107360e-06  4.220498918788102e-06  7.692825184107861e-06  4.220498918788363e-06  7.692825184107861e-06  4.220498918788363e-06  7.692825184107356e-06  4.220498918788101e-06  2.937705040551331e-09 -3.065003657271125e-09  2.937705040613551e-09 -3.065003657136001e-09  2.937705040611741e-09 -3.065003657135128e-09  2.937705040533172e-09 -3.065003657156901e-09 -3.849226938313021e-04  1.010889226504105e-03 -3.849226938313269e-04  1.010889226504171e-03 -3.849226938313267e-04  1.010889226504171e-03 -3.849226938313021e-04  1.010889226504105e-03  1.092499975663840e-05  5.950073016555193e-06  1.092499975663911e-05  5.950073016555566e-06  1.092499975663911e-05  5.950073016555566e-06  1.092499975663839e-05  5.950073016555192e-06  4.542365971524626e-08 -8.192791914187188e-08  4.542365971524910e-08 -8.192791914187721e-08  4.542365971524910e-08 -8.192791914187720e-08  4.542365971524625e-08 -8.192791914187184e-08 
 2.175204034019597e+07 -2.587953676987055e-03  4.420215004122687e-04  4.414159387511697e-07 -9.539710672658073e-07  4.246136041512650e-05  3.129054920629735e-04 -5.689927904532383e-02 -3.027521207639604e-01  1.101693368420196e-04  4.858071489395834e-05  1.322894811586668e-08 -2.548745538067041e-08  1.322894811586762e-08 -2.548745538067100e-08  1.322894811586768e-08 -2.548745538067089e-08  1.322894811586746e-08 -2.548745538067043e-08  7.006165737993231e-06  3.536109125202429e-06  7.006165737993694e-06  3.536109125202647e-06  7.006165737993695e-06  3.536109125202649e-06  7.006165737993231e-06  3.536109125202429e-06  2.437350572382467e-09 -2.803537314198183e-09  2.437350572451339e-09 -2.803537314091292e-09  2.437350572438421e-09 -2.803537314084217e-09  2.437350572386647e-09 -2.803537314108573e-09 -3.248768937807024e-04  9.406629772817471e-04 -3.248768937807233e-04  9.406629772818094e-04 -3.248768937807232e-04  9.406629772818094e-04 -3.248768937807025e-04  9.406629772817471e-04  9.949021755577350e-06  4.981293706543387e-06  9.949021755578009e-06  4.981293706543698e-06  9.949021755578009e-06  4.981293706543700e-06  9.949021755577350e-06  4.981293706543387e-06  3.697773861651378e-08 -7.252424086441181e-08  3.697773861651610e-08 -7.252424086441661e-08  3.697773861651611e-08 -7.252424086441661e-08  3.697773861651378e-08 -7.252424086441181e-08 
 2.238721138568417e+07 -2.418647400277629e-03  4.739701493968414e-04  3.531651647188142e-07 -8.391875155576615e-07  4.623443022005147e-05  2.836887183589566e-04 -6.204681793540865e-02 -2.910916184201984e-01  9.965977271648847e-05  3.985257404271134e-05  1.070954525139431e-08 -2.251048694628155e-08  1.070954525139507e-08 -2.251048694628206e-08  1.070954525139510e-08 -2.251048694628201e-08  1.070954525139493e-08 -2.251048694628163e-08  6.364537786156567e-06  2.942437235986462e-06  6.364537786156986e-06  2.942437235986643e-06  6.364537786156986e-06  2.942437235986643e-06  6.364537786156567e-06  2.942437235986462e-06  2.008022167594827e-09 -2.551370245708842e-09  2.008022167657174e-09 -2.551370245620387e-09  2.008022167651124e-09 -2.551370245616654e-09  2.008022167606128e-09 -2.551370245635543e-09 -2.713200587035217e-04  8.734769177030542e-04 -2.713200587035389e-04  8.734769177031117e-04 -2.713200587035390e-04  8.734769177031115e-04 -2.713200587035217e-04  8.734769177030542e-04  9.037086753601219e-06  4.141190937688740e-06  9.037086753601815e-06  4.141190937688999e-06  9.037086753601813e-06  4.141190937688999e-06  9.037086753601219e-06  4.141190937688741e-06  2.989578797278456e-08 -6.403381220864700e-08  2.989578797278643e-08 -6.403381220865122e-08  2.989578797278643e-08 -6.403381220865121e-08  2.989578797278457e-08 -6.403381220864700e-08 
 2.304092976055925e+07 -2.257170952023640e-03  4.997264757093475e-04  2.800143207704764e-07 -7.363140521425850e-07  4.889131876525173e-05  2.568158098387778e-04 -6.670190129395265e-02 -2.794773434421912e-01  8.992411930957943e-05  3.237505937585983e-05  8.604857208580734e-09 -1.982975263087009e-08  8.604857208581323e-09 -1.982975263087058e-08  8.604857208581325e-09 -1.982975263087055e-08  8.604857208581240e-09 -1.982975263087019e-08  5.766975159563933e-06  2.429554539474426e-06  5.766975159564316e-06  2.429554539474575e-06  5.766975159564313e-06  2.429554539474573e-06  5.766975159563933e-06  2.429554539474426e-06  1.641311278979334e-09 -2.310533294564889e-09  1.641311279039692e-09 -2.310533294494938e-09  1.641311279037927e-09 -2.310533294493714e-09  1.641311278992398e-09 -2.310533294503629e-09 -2.237602681646965e-04  8.093614555992868e-04 -2.237602681647109e-04  8.093614555993405e-04 -2.237602681647107e-04  8.093614555993400e-04 -2.237602681646966e-04  8.093614555992866e-04  8.187822319106380e-06  3.415666319469791e-06  8.187822319106923e-06  3.415666319470004e-06  8.187822319106918e-06  3.415666319470001e-06  8.187822319106378e-06  3.415666319469791e-06  2.398323697430782e-08 -5.639160295723728e-08  2.398323697430932e-08 -5.639160295724103e-08  2.398323697430930e-08 -5.639160295724099e-08  2.398323697430782e-08 -5.639160295723727e-08 
 2.371373705661737e+07 -2.103400647725971e-03  5.197548858439951e-04  2.196935043322030e-07 -6.443902870493107e-07  5.058706308291639e-05  2.321379843973977e-04 -7.086754445383117e-02 -2.679335466757411e-01  8.093366428762288e-05  2.600089557181522e-05  6.854781451938680e-09 -1.742313003593865e-08  6.854781451939156e-09 -1.742313003593904e-08  6.854781451939179e-09 -1.742313003593902e-08  6.854781451939121e-09 -1.742313003593871e-08  5.212243732659328e-06  1.988424910824849e-06  5.212243732659674e-06  1.988424910824972e-06  5.212243732659674e-06  1.988424910824970e-06  5.212243732659328e-06  1.988424910824849e-06  1.329633036457597e-09 -2.082493234792778e-09  1.329633036508551e-09 -2.082493234733547e-09  1.329633036504984e-09 -2.082493234730789e-09  1.329633036466124e-09 -2.082493234737617e-09 -1.817299202958330e-04  7.483306232762548e-04 -1.817299202958447e-04  7.483306232763043e-04 -1.817299202958445e-04  7.483306232763043e-04 -1.817299202958331e-04  7.483306232762546e-04  7.399473919524733e-06  2.791889324109369e-06  7.399473919525224e-06  2.791889324109544e-06  7.399473919525224e-06  2.791889324109541e-06  7.399473919524733e-06  2.791889324109369e-06  1.907026697006877e-08 -4.953362757630165e-08  1.907026697006996e-08 -4.953362757630494e-08  1.907026697006994e-08 -4.953362757630494e-08  1.907026697006876e-08 -4.953362757630165e-08 
 2.440619068042065e+07 -1.957203269052810e-03  5.345064365421194e-04  1.702368979848213e-07 -5.624921609182686e-07  5.146110512116747e-05  2.095126105660610e-04 -7.454842776255756e-02 -2.564845531836876e-01  7.265690259792503e-05  2.059715269529694e-05  5.406959310536385e-09 -1.526905488752477e-08  5.406959310536757e-09 -1.526905488752513e-08  5.406959310536783e-09 -1.526905488752510e-08  5.406959310536726e-09 -1.526905488752486e-08  4.698895580284914e-06  1.610838695343615e-06  4.698895580285226e-06  1.610838695343712e-06  4.698895580285226e-06  1.610838695343711e-06  4.698895580284912e-06  1.610838695343615e-06  1.066158791962095e-09 -1.868243395369609e-09  1.066158792008476e-09 -1.868243395322227e-09  1.066158792004611e-09 -1.868243395318897e-09  1.066158791973791e-09 -1.868243395325264e-09 -1.447847586260852e-04  6.903834302940771e-04 -1.447847586260942e-04  6.903834302941232e-04 -1.447847586260943e-04  6.903834302941232e-04 -1.447847586260853e-04  6.903834302940768e-04  6.669982141678624e-06  2.258203449289853e-06  6.669982141679069e-06  2.258203449289990e-06  6.669982141679069e-06  2.258203449289990e-06  6.669982141678622e-06  2.258203449289853e-06  1.500897413814192e-08 -4.339766294346178e-08  1.500897413814283e-08 -4.339766294346468e-08  1.500897413814283e-08 -4.339766294346468e-08  1.500897413814192e-08 -4.339766294346177e-08 
 2.511886431509667e+07 -1.818436028140097e-03  5.444187571074507e-04  1.299459200017743e-07 -4.897382977822270e-07  5.163857674536499e-05  1.888032050704129e-04 -7.775095916349625e-02 -2.451546129345694e-01  6.506030160927132e-05  1.604406708460116e-05  4.215878957235363e-09 -1.334671855307357e-08  4.215878957235654e-09 -1.334671855307388e-08  4.215878957235670e-09 -1.334671855307386e-08  4.215878957235646e-09 -1.334671855307365e-08  4.225315662123856e-06  1.289350504486707e-06  4.225315662124140e-06  1.289350504486784e-06  4.225315662124140e-06  1.289350504486783e-06  4.225315662123854e-06  1.289350504486707e-06  8.447533224128243e-10 -1.668381673875984e-09  8.447533224538171e-10 -1.668381673837658e-09  8.447533224514742e-10 -1.668381673835412e-09  8.447533224238561e-10 -1.668381673838424e-09 -1.125029732637199e-04  6.355050460979629e-04 -1.125029732637268e-04  6.355050460980057e-04 -1.125029732637267e-04  6.355050460980056e-04 -1.125029732637198e-04  6.355050460979625e-04  5.997049261775173e-06  1.804037913717274e-06  5.997049261775577e-06  1.804037913717383e-06  5.997049261775577e-06  1.804037913717382e-06  5.997049261775171e-06  1.804037913717273e-06  1.167082671561299e-08 -3.792378375545677e-08  1.167082671561369e-08 -3.792378375545933e-08  1.167082671561369e-08 -3.792378375545932e-08  1.167082671561298e-08 -3.792378375545675e-08 
 2.585234839562280e+07 -1.686946546458457e-03  5.499158579188411e-04  9.735647865730110e-08 -4.252942681613025e-07  5.123147830373994e-05  1.698793949426582e-04 -8.048331826252231e-02 -2.339677370958614e-01  5.810894808834809e-05  1.223394747343172e-05  3.242072861015363e-09 -1.163621184586401e-08  3.242072861015598e-09 -1.163621184586426e-08  3.242072861015614e-09 -1.163621184586424e-08  3.242072861015588e-09 -1.163621184586408e-08  3.789762030650076e-06  1.017220933100053e-06  3.789762030650330e-06  1.017220933100112e-06  3.789762030650330e-06  1.017220933100112e-06  3.789762030650076e-06  1.017220933100053e-06  6.599166205971993e-10 -1.483177749384907e-09  6.599166206325412e-10 -1.483177749353334e-09  6.599166206306684e-10 -1.483177749351332e-09  6.599166206085991e-10 -1.483177749354314e-09 -8.448438924580390e-05  5.836678440318874e-04 -8.448438924580888e-05  5.836678440319267e-04 -8.448438924580878e-05  5.836678440319266e-04 -8.448438924580376e-05  5.836678440318873e-04  5.378196583198650e-06  1.419824902352276e-06  5.378196583199011e-06  1.419824902352360e-06  5.378196583199011e-06  1.419824902352360e-06  5.378196583198650e-06  1.419824902352275e-06  8.944390689739041e-09 -3.305474890378153e-08  8.944390689739575e-09 -3.305474890378375e-08  8.944390689739572e-09 -3.305474890378375e-08  8.944390689739039e-09 -3.305474890378153e-08 
 2.660725059798902e+07 -1.562572874646335e-03  5.514078321012562e-04  7.120991974095477e-08 -3.683751880497326e-07  5.033976059280408e-05  1.526168530203280e-04 -8.275547913347825e-02 -2.229475228960009e-01  5.176709467252243e-05  9.070162771426193e-06  2.451400992786031e-09 -1.011862514531636e-08  2.451400992786200e-09 -1.011862514531659e-08  2.451400992786209e-09 -1.011862514531658e-08  2.451400992786198e-09 -1.011862514531644e-08  3.390400452257975e-06  7.883621197039101e-07  3.390400452258204e-06  7.883621197039544e-07  3.390400452258202e-06  7.883621197039537e-07  3.390400452257975e-06  7.883621197039111e-07  5.067300971465904e-10 -1.312631062286582e-09  5.067300971791257e-10 -1.312631062263133e-09  5.067300971779826e-10 -1.312631062261773e-09  5.067300971589640e-10 -1.312631062263135e-09 -6.034974882544919e-05  5.348323380937534e-04 -6.034974882545259e-05  5.348323380937897e-04 -6.034974882545255e-05  5.348323380937896e-04 -6.034974882544934e-05  5.348323380937535e-04  4.810813809004887e-06  1.096922254161861e-06  4.810813809005213e-06  1.096922254161924e-06  4.810813809005211e-06  1.096922254161923e-06  4.810813809004888e-06  1.096922254161862e-06  6.733299051051015e-09 -2.873626683790438e-08  6.733299051051405e-09 -2.873626683790633e-08  6.733299051051400e-09 -2.873626683790632e-08  6.733299051051024e-09 -2.873626683790439e-08 
 2.738419634264457e+07 -1.445143577156852e-03  5.492904623424008e-04  5.042728546949377e-08 -3.182470038925651e-07  4.905231971426666e-05  1.368972137863366e-04 -8.457920966032402e-02 -2.121169704964374e-01  4.599862106906796e-05  6.466206957138450e-06  1.814411553792987e-09 -8.776113216508950e-09  1.814411553793119e-09 -8.776113216509140e-09  1.814411553793131e-09 -8.776113216509132e-09  1.814411553793120e-09 -8.776113216509023e-09  3.025334222845300e-06  5.972870033493871e-07  3.025334222845504e-06  5.972870033494201e-07  3.025334222845504e-06  5.972870033494194e-07  3.025334222845299e-06  5.972870033493870e-07  3.808069404483412e-10 -1.156520904642293e-09  3.808069404762794e-10 -1.156520904623362e-09  3.808069404750605e-10 -1.156520904621739e-09  3.808069404594963e-10 -1.156520904622854e-09 -3.974008848828171e-05  4.889480421781736e-04 -3.974008848828377e-05  4.889480421782068e-04 -3.974008848828365e-05  4.889480421782068e-04 -3.974008848828169e-05  4.889480421781735e-04  4.292201561820512e-06  8.275413875578812e-07  4.292201561820801e-06  8.275413875579281e-07  4.292201561820802e-06  8.275413875579271e-07  4.292201561820510e-06  8.275413875578810e-07  4.954441131832282e-09 -2.491716332018616e-08  4.954441131832564e-09 -2.491716332018784e-08  4.954441131832559e-09 -2.491716332018785e-08  4.954441131832281e-09 -2.491716332018615e-08 
 2.818382931264552e+07 -1.334477902337119e-03  5.439447492697412e-04  3.408653334891184e-08 -2.742267498197133e-07  4.744791380139154e-05  1.226079748643923e-04 -8.596804585675666e-02 -2.014982957078103e-01  4.076742297150391e-05  4.344835929001960e-06  1.305771548703453e-09 -7.591931696854392e-09  1.305771548703559e-09 -7.591931696854551e-09  1.305771548703569e-09 -7.591931696854544e-09  1.305771548703570e-09 -7.591931696854451e-09  2.692629855740139e-06  4.390620827738191e-07  2.692629855740323e-06  4.390620827738409e-07  2.692629855740321e-06  4.390620827738407e-07  2.692629855740138e-06  4.390620827738193e-07  2.782463344214768e-10 -1.014449761514936e-09  2.782463344452926e-10 -1.014449761499530e-09  2.782463344442998e-10 -1.014449761498046e-09  2.782463344307677e-10 -1.014449761497815e-09 -2.231620625158281e-05  4.459542792624887e-04 -2.231620625158357e-05  4.459542792625192e-04 -2.231620625158356e-05  4.459542792625190e-04 -2.231620625158282e-05  4.459542792624887e-04  3.819608016729716e-06  6.046801902734064e-07  3.819608016729976e-06  6.046801902734375e-07  3.819608016729975e-06  6.046801902734372e-07  3.819608016729715e-06  6.046801902734065e-07  3.536350152012282e-09 -2.154947100724540e-08  3.536350152012466e-09 -2.154947100724687e-08  3.536350152012465e-09 -2.154947100724686e-08  3.536350152012283e-09 -2.154947100724540e-08 
 2.900681198693255e+07 -1.230386054645130e-03  5.357363813502066e-04  2.140239433809758e-08 -2.356820097713832e-07  4.559600993134967e-05  1.096423880660784e-04 -8.693724031315643e-02 -1.911127426546480e-01  3.603773963919140e-05  2.637270856530636e-06  9.037601106690139e-10 -6.550451004880798e-09  9.037601106690881e-10 -6.550451004880937e-09  9.037601106690941e-10 -6.550451004880930e-09  9.037601106690984e-10 -6.550451004880857e-09  2.390339221195229e-06  3.092634525088302e-07  2.390339221195392e-06  3.092634525088434e-07  2.390339221195391e-06  3.092634525088441e-07  2.390339221195228e-06  3.092634525088301e-07  1.955912106497460e-10 -8.858808613935215e-10  1.955912106707794e-10 -8.858808613822909e-10  1.955912106702560e-10 -8.858808613814073e-10  1.955912106589264e-10 -8.858808613807423e-10 -7.758210212627019e-06  4.057809648062807e-04 -7.758210212626798e-06  4.057809648063087e-04 -7.758210212626883e-06  4.057809648063086e-04 -7.758210212627012e-06  4.057809648062808e-04  3.390260472334234e-06  4.220605558245755e-07  3.390260472334467e-06  4.220605558245946e-07  3.390260472334466e-06  4.220605558245954e-07  3.390260472334234e-06  4.220605558245754e-07  2.417768778539474e-09 -1.858845689252641e-08  2.417768778539586e-09 -1.858845689252769e-08  2.417768778539590e-09 -1.858845689252768e-08  2.417768778539474e-09 -1.858845689252641e-08 
 2.985382618918064e+07 -1.132669581179342e-03  5.250151690274090e-04  1.170857995431204e-08 -2.020297724713284e-07  4.355756878799461e-05  9.789934268236474e-05 -8.750368467286884e-02 -1.809804006217485e-01  3.177442925046330e-05  1.282462515117024e-06  5.898180830048893e-10 -5.637152399342320e-09  5.898180830049434e-10 -5.637152399342434e-09  5.898180830049474e-10 -5.637152399342431e-09  5.898180830049506e-10 -5.637152399342375e-09  2.116518625588126e-06  2.039358744772411e-07  2.116518625588272e-06  2.039358744772485e-07  2.116518625588271e-06  2.039358744772480e-07  2.116518625588125e-06  2.039358744772414e-07  1.297892072414513e-10 -7.701707325442734e-10  1.297892072596643e-10 -7.701707325360067e-10  1.297892072592672e-10 -7.701707325352455e-10  1.297892072500361e-10 -7.701707325347219e-10  4.234864440647556e-06  3.683493848652577e-04  4.234864440648462e-06  3.683493848652832e-04  4.234864440648515e-06  3.683493848652830e-04  4.234864440647492e-06  3.683493848652575e-04  3.001392555545939e-06  2.740702254551262e-07  3.001392555546146e-06  2.740702254551370e-07  3.001392555546145e-06  2.740702254551364e-07  3.001392555545937e-06  2.740702254551267e-07  1.546374218109707e-09 -1.599260076872123e-08  1.546374218109770e-09 -1.599260076872233e-08  1.546374218109766e-09 -1.599260076872232e-08  1.546374218109709e-09 -1.599260076872122e-08 
 3.072557365267555e+07 -1.041121879624119e-03  5.121144674741986e-04  4.442077110801615e-09 -1.727348302603623e-07  4.138577381029923e-05  8.728324271115240e-05 -8.768580680259783e-02 -1.711200292641002e-01  2.794319951105101e-05  2.264112287524070e-07  3.481479533709887e-10 -4.838610053749135e-09  3.481479533710312e-10 -4.838610053749228e-09  3.481479533710327e-10 -4.838610053749228e-09  3.481479533710451e-10 -4.838610053749176e-09  1.869245235311892e-06  1.195546398992325e-07  1.869245235312021e-06  1.195546398992345e-07  1.869245235312022e-06  1.195546398992343e-07  1.869245235311891e-06  1.195546398992327e-07  7.815651829582420e-11 -6.665974218319214e-10  7.815651831107868e-11 -6.665974218250922e-10  7.815651831097282e-11 -6.665974218248590e-10  7.815651830273294e-11 -6.665974218229010e-10  1.394538562177186e-05  3.335729850839716e-04  1.394538562177347e-05  3.335729850839945e-04  1.394538562177354e-05  3.335729850839948e-04  1.394538562177186e-05  3.335729850839714e-04  2.650267637336933e-06  1.557085888830060e-07  2.650267637337116e-06  1.557085888830091e-07  2.650267637337118e-06  1.557085888830087e-07  2.650267637336932e-06  1.557085888830062e-07  8.776460556356979e-10 -1.372353545255039e-08  8.776460556357184e-10 -1.372353545255134e-08  8.776460556357165e-10 -1.372353545255135e-08  8.776460556356988e-10 -1.372353545255039e-08 
 3.162277660168491e+07 -9.555288297673914e-04  4.973506129648898e-04 -8.707029402322117e-10 -1.473078426768686e-07  3.912671070257884e-05  7.770387894840242e-05 -8.750344405987613e-02 -1.615488962050335e-01  2.451079960569055e-05 -5.784626505724625e-07  1.653588098703390e-10 -4.142462295966423e-09  1.653588098703705e-10 -4.142462295966501e-09  1.653588098703712e-10 -4.142462295966501e-09  1.653588098703804e-10 -4.142462295966461e-09  1.646631177321081e-06  5.298998344391191e-08  1.646631177321195e-06  5.298998344390921e-08  1.646631177321195e-06  5.298998344390921e-08  1.646631177321081e-06  5.298998344391201e-08  3.834434118753248e-11 -5.743849133390671e-10  3.834434120051676e-11 -5.743849133339400e-10  3.834434120044405e-11 -5.743849133337538e-10  3.834434119381737e-11 -5.743849133322507e-10  2.163741924280003e-05  3.013581822250022e-04  2.163741924280227e-05  3.013581822250232e-04  2.163741924280228e-05  3.013581822250232e-04  2.163741924280003e-05  3.013581822250022e-04  2.334198932751152e-06  6.253610704366139e-08  2.334198932751314e-06  6.253610704365766e-08  2.334198932751314e-06  6.253610704365766e-08  2.334198932751152e-06  6.253610704366151e-08  3.738616899133086e-10 -1.174595751345901e-08  3.738616899132940e-10 -1.174595751345982e-08  3.738616899132940e-10 -1.174595751345982e-08  3.738616899133092e-10 -1.174595751345901e-08 
 3.254617834980574e+07 -8.756695456833609e-04  4.810223974961131e-04 -4.626129594201500e-09 -1.253031612050477e-07  3.682000232469852e-05  6.907629628794978e-05 -8.697769475133044e-02 -1.522826307232573e-01  2.144517839530019e-05 -1.173902387507520e-06  3.015153127812919e-11 -3.537374572841147e-09  3.015153127814976e-11 -3.537374572841210e-09  3.015153127815131e-11 -3.537374572841210e-09  3.015153127815894e-11 -3.537374572841179e-09  1.446835584900901e-06  1.473826280738729e-09  1.446835584901000e-06  1.473826280732958e-09  1.446835584901001e-06  1.473826280732958e-09  1.446835584900901e-06  1.473826280738729e-09  8.307660269061007e-12 -4.927241846367816e-10  8.307660280195582e-12 -4.927241846333854e-10  8.307660280122997e-12 -4.927241846331653e-10  8.307660274679657e-12 -4.927241846317272e-10  2.755700724103323e-05  2.716052052277768e-04  2.755700724103592e-05  2.716052052277957e-04  2.755700724103586e-05  2.716052052277958e-04  2.755700724103324e-05  2.716052052277769e-04  2.050566668257525e-06 -9.372959263605690e-09  2.050566668257666e-06 -9.372959263613955e-09  2.050566668257668e-06 -9.372959263613796e-09  2.050566668257525e-06 -9.372959263605717e-09  3.205767148427926e-12 -1.002751560015041e-08  3.205767148390884e-12 -1.002751560015110e-08  3.205767148391691e-12 -1.002751560015110e-08  3.205767148427790e-12 -1.002751560015040e-08 
 3.349654391578395e+07 -8.013172409945227e-04  4.634106049087672e-04 -7.154096377580313e-09 -1.063164919906412e-07  3.449940314936006e-05  6.132065618574450e-05 -8.613075048252118e-02 -1.433350967974203e-01  1.871561279047854e-05 -1.596356805221383e-06 -6.696006966020653e-11 -3.012996219769244e-09 -6.696006966019008e-11 -3.012996219769296e-09 -6.696006966018816e-11 -3.012996219769296e-09 -6.696006966018214e-11 -3.012996219769271e-09  1.268074804273891e-06 -3.743135452143954e-08  1.268074804273979e-06 -3.743135452144801e-08  1.268074804273979e-06 -3.743135452144767e-08  1.268074804273890e-06 -3.743135452143944e-08 -1.372385809478259e-11 -4.207912579769333e-10 -1.372385808550153e-11 -4.207912579741611e-10 -1.372385808562080e-11 -4.207912579737236e-10 -1.372385809001460e-11 -4.207912579726143e-10  3.193244708515247e-05  2.442089682736534e-04  3.193244708515550e-05  2.442089682736705e-04  3.193244708515542e-05  2.442089682736705e-04  3.193244708515245e-05  2.442089682736533e-04  1.796832624159073e-06 -6.347480153931683e-08  1.796832624159199e-06 -6.347480153932885e-08  1.796832624159199e-06 -6.347480153932832e-08  1.796832624159073e-06 -6.347480153931669e-08 -2.610185422302463e-10 -8.538682119214033e-09 -2.610185422303005e-10 -8.538682119214629e-09 -2.610185422302980e-10 -8.538682119214629e-09 -2.610185422302456e-10 -8.538682119214032e-09 
 3.447466065731616e+07 -7.322401953445332e-04  4.447776295076538e-04 -8.727466286677536e-09 -8.998245768034453e-08  3.219335669571964e-05  5.436209401190507e-05 -8.498571260830520e-02 -1.347182882259234e-01  1.629280945386482e-05 -1.877484175181295e-06 -1.338959662594466e-10 -2.559912726717973e-09 -1.338959662594361e-10 -2.559912726718016e-09 -1.338959662594347e-10 -2.559912726718016e-09 -1.338959662594272e-10 -2.559912726717995e-09  1.108630934510503e-06 -6.586170849586009e-08  1.108630934510580e-06 -6.586170849587001e-08  1.108630934510580e-06 -6.586170849587007e-08  1.108630934510503e-06 -6.586170849586001e-08 -2.927304593426496e-11 -3.577625404053326e-10 -2.927304592644125e-11 -3.577625404034722e-10 -2.927304592648492e-11 -3.577625404032701e-10 -2.927304593017429e-11 -3.577625404018045e-10  3.497459017980537e-05  2.190599740589999e-04  3.497459017980856e-05  2.190599740590153e-04  3.497459017980858e-05  2.190599740590152e-04  3.497459017980537e-05  2.190599740589998e-04  1.570552298360250e-06 -1.027975488857372e-07  1.570552298360360e-06 -1.027975488857513e-07  1.570552298360359e-06 -1.027975488857514e-07  1.570552298360250e-06 -1.027975488857371e-07 -4.410872543682288e-10 -7.252612937679461e-09 -4.410872543682914e-10 -7.252612937679971e-09 -4.410872543682919e-10 -7.252612937679966e-09 -4.410872543682284e-10 -7.252612937679460e-09 
 3.548133892335880e+07 -6.682028066871996e-04  4.253671952312483e-04 -9.570363374155078e-09 -7.597210720051225e-08  2.992551864945794e-05  4.813057093202051e-05 -8.356639638409902e-02 -1.264422479347435e-01  1.414898239131645e-05 -2.044621175604569e-06 -1.772278964755433e-10 -2.169594881809166e-09 -1.772278964755368e-10 -2.169594881809202e-09 -1.772278964755349e-10 -2.169594881809201e-09 -1.772278964755289e-10 -2.169594881809185e-09  9.668588400953479e-07 -8.567939815026857e-08  9.668588400954153e-07 -8.567939815027976e-08  9.668588400954155e-07 -8.567939815027992e-08  9.668588400953463e-07 -8.567939815026875e-08 -3.964063859089592e-11 -3.028276992313293e-10 -3.964063858433665e-11 -3.028276992301564e-10 -3.964063858438808e-11 -3.028276992298398e-10 -3.964063858735232e-11 -3.028276992287144e-10  3.687717483509714e-05  1.960452417458196e-04  3.687717483510050e-05  1.960452417458335e-04  3.687717483510055e-05  1.960452417458335e-04  3.687717483509714e-05  1.960452417458194e-04  1.369384890652486e-06 -1.299802015552719e-07  1.369384890652582e-06 -1.299802015552877e-07  1.369384890652582e-06 -1.299802015552880e-07  1.369384890652484e-06 -1.299802015552721e-07 -5.554719022986719e-10 -6.144998917692120e-09 -5.554719022987412e-10 -6.144998917692551e-09 -5.554719022987423e-10 -6.144998917692551e-09 -5.554719022986731e-10 -6.144998917692111e-09 
 3.651741272548506e+07 -6.089667110619562e-04  4.054041898600361e-04 -9.865438201895916e-09 -6.399041253787442e-08  2.771524776486439e-05  4.256071997972123e-05 -8.189712667136270e-02 -1.185150129024850e-01  1.225790855183742e-05 -2.121219531066467e-06 -2.023716190833931e-10 -1.834345924654197e-09 -2.023716190833900e-10 -1.834345924654225e-09 -2.023716190833888e-10 -1.834345924654225e-09 -2.023716190833838e-10 -1.834345924654213e-09  8.411917506300936e-07 -9.849831501275705e-08  8.411917506301527e-07 -9.849831501276856e-08  8.411917506301527e-07 -9.849831501276872e-08  8.411917506300935e-07 -9.849831501275710e-08 -4.592901824349104e-11 -2.552002849773806e-10 -4.592901823800873e-11 -2.552002849768327e-10 -4.592901823803308e-11 -2.552002849766125e-10 -4.592901824043838e-11 -2.552002849756090e-10  3.781720709226836e-05  1.750492508121827e-04  3.781720709227170e-05  1.750492508121951e-04  3.781720709227174e-05  1.750492508121951e-04  3.781720709226836e-05  1.750492508121827e-04  1.191101271266872e-06 -1.473091907917296e-07  1.191101271266956e-06 -1.473091907917459e-07  1.191101271266956e-06 -1.473091907917461e-07  1.191101271266872e-06 -1.473091907917297e-07 -6.193830475134122e-10 -5.193912400159239e-09 -6.193830475134816e-10 -5.193912400159606e-09 -6.193830475134827e-10 -5.193912400159606e-09 -6.193830475134125e-10 -5.193912400159238e-09 
 3.758374042884575e+07 -5.542919495912028e-04  3.850946248757227e-04 -9.760220070640037e-09 -5.377378395303288e-08  2.557806613565602e-05  3.759168610483890e-05 -8.000252918450411e-02 -1.109425854561323e-01  1.059496326086942e-05 -2.127252478848695e-06 -2.137561334808156e-10 -1.547247644313412e-09 -2.137561334808142e-10 -1.547247644313434e-09 -2.137561334808124e-10 -1.547247644313434e-09 -2.137561334808090e-10 -1.547247644313425e-09  7.301455455472855e-07 -1.057082262263914e-07  7.301455455473365e-07 -1.057082262264033e-07  7.301455455473372e-07 -1.057082262264033e-07  7.301455455472855e-07 -1.057082262263914e-07 -4.906437947459443e-11 -2.141262911602657e-10 -4.906437947005551e-11 -2.141262911600071e-10 -4.906437947007502e-11 -2.141262911596775e-10 -4.906437947200979e-11 -2.141262911589840e-10  3.795539980555810e-05  1.559548895558681e-04  3.795539980556149e-05  1.559548895558791e-04  3.795539980556149e-05  1.559548895558792e-04  3.795539980555808e-05  1.559548895558681e-04  1.033590073781925e-06 -1.567527076948794e-07  1.033590073781997e-06 -1.567527076948962e-07  1.033590073781998e-06 -1.567527076948962e-07  1.033590073781925e-06 -1.567527076948793e-07 -6.452485876336323e-10 -4.379651207320253e-09 -6.452485876337023e-10 -4.379651207320561e-09 -6.452485876337023e-10 -4.379651207320565e-09 -6.452485876336319e-10 -4.379651207320253e-09 
 3.868120546330659e+07 -5.039381611852699e-04  3.646257274675403e-04 -9.372656135251715e-09 -4.508762899570713e-08  2.352609001148311e-05  3.316696015360328e-05 -7.790732125391830e-02 -1.037289309942350e-01  9.137137122472686e-06 -2.079592798173617e-06 -2.149722574182829e-10 -1.302106198274910e-09 -2.149722574182818e-10 -1.302106198274929e-09 -2.149722574182813e-10 -1.302106198274928e-09 -2.149722574182772e-10 -1.302106198274921e-09  6.323218113976015e-07 -1.084974301883264e-07  6.323218113976460e-07 -1.084974301883384e-07  6.323218113976457e-07 -1.084974301883386e-07  6.323218113976012e-07 -1.084974301883263e-07 -4.981737514978654e-11 -1.788908262793841e-10 -4.981737514604501e-11 -1.788908262791723e-10 -4.981737514604610e-11 -1.788908262790674e-10 -4.981737514761748e-11 -1.788908262782124e-10  3.743667716668170e-05  1.386443952223921e-04  3.743667716668509e-05  1.386443952224019e-04  3.743667716668512e-05  1.386443952224019e-04  3.743667716668170e-05  1.386443952223920e-04  8.948620377666399e-07 -1.599929121390373e-07  8.948620377667032e-07 -1.599929121390544e-07  8.948620377667029e-07 -1.599929121390546e-07  8.948620377666393e-07 -1.599929121390372e-07 -6.431336459418050e-10 -3.684582295804023e-09 -6.431336459418743e-10 -3.684582295804284e-09 -6.431336459418753e-10 -3.684582295804282e-09 -6.431336459418049e-10 -3.684582295804020e-09 
 3.981071705535114e+07 -4.576657791588924e-04  3.441661670867693e-04 -8.795926430799337e-09 -3.772397587661767e-08  2.156843203288489e-05  2.923420695611083e-05 -7.563610595506871e-02 -9.687600154890619e-02  7.863035930470836e-06 -1.992363796099439e-06 -2.089027030028347e-10 -1.093398301251531e-09 -2.089027030028343e-10 -1.093398301251545e-09 -2.089027030028340e-10 -1.093398301251545e-09 -2.089027030028302e-10 -1.093398301251539e-09  5.464097544993451e-07 -1.078739806093824e-07  5.464097544993839e-07 -1.078739806093942e-07  5.464097544993840e-07 -1.078739806093941e-07  5.464097544993453e-07 -1.078739806093824e-07 -4.882228182780895e-11 -1.488230662353328e-10 -4.882228182472900e-11 -1.488230662352819e-10 -4.882228182472673e-11 -1.488230662352222e-10 -4.882228182598526e-11 -1.488230662344098e-10  3.639074848154481e-05  1.230002717535884e-04  3.639074848154814e-05  1.230002717535972e-04  3.639074848154813e-05  1.230002717535973e-04  3.639074848154483e-05  1.230002717535884e-04  7.730527197043013e-07 -1.584561057054777e-07  7.730527197043565e-07 -1.584561057054944e-07  7.730527197043566e-07 -1.584561057054943e-07  7.730527197043016e-07 -1.584561057054778e-07 -6.211081071688445e-10 -3.092986839475048e-09 -6.211081071689106e-10 -3.092986839475269e-09 -6.211081071689101e-10 -3.092986839475269e-09 -6.211081071688449e-10 -3.092986839475049e-09 
 4.097321098135561e+07 -4.152372103892049e-04  3.238664150143515e-04 -8.102614271317732e-09 -3.149917782812678e-08  1.971157555005897e-05  2.574508792414466e-05 -7.321317321317530e-02 -9.038378399463204e-02  6.752865095546464e-06 -1.877264374423606e-06 -1.978355714816670e-10 -9.162183278157807e-10 -1.978355714816670e-10 -9.162183278157923e-10 -1.978355714816666e-10 -9.162183278157923e-10 -1.978355714816641e-10 -9.162183278157877e-10  4.711870510217135e-07 -1.046855231040192e-07  4.711870510217470e-07 -1.046855231040306e-07  4.711870510217470e-07 -1.046855231040307e-07  4.711870510217134e-07 -1.046855231040193e-07 -4.659471117729787e-11 -1.232996527501376e-10 -4.659471117476957e-11 -1.232996527501666e-10 -4.659471117476147e-11 -1.232996527500691e-10 -4.659471117577922e-11 -1.232996527495370e-10  3.493275164686749e-05  1.089061709340455e-04  3.493275164687070e-05  1.089061709340533e-04  3.493275164687071e-05  1.089061709340533e-04  3.493275164686750e-05  1.089061709340455e-04  6.664236896732521e-07 -1.533409309847299e-07  6.664236896732997e-07 -1.533409309847460e-07  6.664236896732997e-07 -1.533409309847461e-07  6.664236896732520e-07 -1.533409309847299e-07 -5.855672397156873e-10 -2.590908232543668e-09 -5.855672397157493e-10 -2.590908232543853e-09 -5.855672397157495e-10 -2.590908232543853e-09 -5.855672397156876e-10 -2.590908232543668e-09 
 4.216965034285973e+07 -3.764179768198175e-04  3.038592317692283e-04 -7.348303230277919e-09 -2.625171182966465e-08  1.795972157126235e-05  2.265507878877657e-05 -7.066231116017205e-02 -8.425037118751741e-02  5.788400106496593e-06 -1.743869104763072e-06 -1.835629972520150e-10 -7.662267846492858e-10 -1.835629972520155e-10 -7.662267846492954e-10 -1.835629972520151e-10 -7.662267846492950e-10 -1.835629972520127e-10 -7.662267846492914e-10  4.055197185445643e-07 -9.963777717045802e-08  4.055197185445931e-07 -9.963777717046866e-08  4.055197185445934e-07 -9.963777717046863e-08  4.055197185445643e-07 -9.963777717045794e-08 -4.354788719132464e-11 -1.017467032477685e-10 -4.354788718925863e-11 -1.017467032478799e-10 -4.354788718924923e-11 -1.017467032478074e-10 -4.354788719005424e-11 -1.017467032472625e-10  3.316396357400085e-05  9.624772317356509e-05  3.316396357400391e-05  9.624772317357203e-05  3.316396357400391e-05  9.624772317357205e-05  3.316396357400082e-05  9.624772317356509e-05  5.733623340120041e-07 -1.456446437112132e-07  5.733623340120451e-07 -1.456446437112283e-07  5.733623340120454e-07 -1.456446437112283e-07  5.733623340120041e-07 -1.456446437112131e-07 -5.415103051130633e-10 -2.166004260369230e-09 -5.415103051131199e-10 -2.166004260369385e-09 -5.415103051131197e-10 -2.166004260369386e-09 -5.415103051130629e-10 -2.166004260369230e-09 
 4.340102636447594e+07 -3.409778008481689e-04  2.842602739816023e-04 -6.574664776299710e-09 -2.184008228671738e-08  1.631510884398376e-05  1.992328331058850e-05 -6.800663061535640e-02 -7.847205387167627e-02  4.952944577437791e-06 -1.599904111694968e-06 -1.674665071047568e-10 -6.396005324141462e-10 -1.674665071047576e-10 -6.396005324141538e-10 -1.674665071047575e-10 -6.396005324141533e-10 -1.674665071047553e-10 -6.396005324141508e-10  3.483610969381747e-07 -9.331168920246387e-08  3.483610969382000e-07 -9.331168920247398e-08  3.483610969382002e-07 -9.331168920247393e-08  3.483610969381747e-07 -9.331168920246374e-08 -4.000750778129455e-11 -8.364059845796054e-11 -4.000750777962084e-11 -8.364059845816716e-11 -4.000750777961803e-11 -8.364059845815075e-11 -4.000750778024897e-11 -8.364059845763336e-11  3.117257190942801e-05  8.491330529338204e-05  3.117257190943094e-05  8.491330529338823e-05  3.117257190943097e-05  8.491330529338830e-05  3.117257190942800e-05  8.491330529338201e-05  4.923803895445401e-07 -1.361874940131639e-07  4.923803895445759e-07 -1.361874940131783e-07  4.923803895445762e-07 -1.361874940131782e-07  4.923803895445401e-07 -1.361874940131638e-07 -4.927815890230588e-10 -1.807404476737286e-09 -4.927815890231108e-10 -1.807404476737418e-09 -4.927815890231107e-10 -1.807404476737419e-09 -4.927815890230581e-10 -1.807404476737286e-09 
 4.466835921509791e+07 -3.086916183876115e-04  2.651688096584264e-04 -5.812094426811184e-09 -1.814083780904758e-08  1.477830759182360e-05  1.751224396962053e-05 -6.526840510284485e-02 -7.304343084619828e-02  4.231277473957525e-06 -1.451499498363996e-06 -1.505905176305961e-10 -5.329850698479549e-10 -1.505905176305969e-10 -5.329850698479608e-10 -1.505905176305966e-10 -5.329850698479608e-10 -1.505905176305950e-10 -5.329850698479585e-10  2.987500306993490e-07 -8.617927867456624e-08  2.987500306993708e-07 -8.617927867457571e-08  2.987500306993708e-07 -8.617927867457562e-08  2.987500306993492e-07 -8.617927867456613e-08 -3.622521275476005e-11 -6.850771424680197e-11 -3.622521275340007e-11 -6.850771424700478e-11 -3.622521275338913e-11 -6.850771424695374e-11 -3.622521275389418e-11 -6.850771424654971e-11  2.903449990668911e-05  7.479473431581214e-05  2.903449990669192e-05  7.479473431581763e-05  2.903449990669188e-05  7.479473431581763e-05  2.903449990668910e-05  7.479473431581214e-05  4.221113409874413e-07 -1.256352481669583e-07  4.221113409874722e-07 -1.256352481669717e-07  4.221113409874722e-07 -1.256352481669716e-07  4.221113409874414e-07 -1.256352481669581e-07 -4.422778823859325e-10 -1.505573640610508e-09 -4.422778823859800e-10 -1.505573640610618e-09 -4.422778823859795e-10 -1.505573640610618e-09 -4.422778823859320e-10 -1.505573640610509e-09 
 4.597269885308887e+07 -2.793405059320275e-04  2.466685286080166e-04 -5.081948831006240e-09 -1.504670703011947e-08  1.334848749622262e-05  1.538775077253832e-05 -6.246892832084171e-02 -6.795753462771721e-02  3.609591143596259e-06 -1.303419036784288e-06 -1.337052682154763e-10 -4.434491314022817e-10 -1.337052682154770e-10 -4.434491314022862e-10 -1.337052682154770e-10 -4.434491314022862e-10 -1.337052682154756e-10 -4.434491314022848e-10  2.558083488556515e-07 -7.861819946559203e-08  2.558083488556701e-07 -7.861819946560079e-08  2.558083488556701e-07 -7.861819946560075e-08  2.558083488556514e-07 -7.861819946559187e-08 -3.239068718083897e-11 -5.592326282663404e-11 -3.239068717973737e-11 -5.592326282682889e-11 -3.239068717973215e-11 -5.592326282680827e-11 -3.239068718013190e-11 -5.592326282647216e-11  2.681427429634598e-05  6.578787828121960e-05  2.681427429634859e-05  6.578787828122447e-05  2.681427429634859e-05  6.578787828122448e-05  2.681427429634592e-05  6.578787828121957e-05  3.613068187522972e-07 -1.145198820647671e-07  3.613068187523238e-07 -1.145198820647795e-07  3.613068187523238e-07 -1.145198820647795e-07  3.613068187522971e-07 -1.145198820647669e-07 -3.921260855925204e-10 -1.252181896192627e-09 -3.921260855925630e-10 -1.252181896192719e-09 -3.921260855925629e-10 -1.252181896192719e-09 -3.921260855925196e-10 -1.252181896192626e-09 
 4.731512589614975e+07 -2.527125107523678e-04  2.288284332712599e-04 -4.398431358089142e-09 -1.246485740429499e-08  1.202366061551960e-05  1.351864940354357e-05 -5.962839048244888e-02 -6.320596969124995e-02  3.075421792854187e-06 -1.159267876384956e-06 -1.173603757281086e-10 -3.684417934850769e-10 -1.173603757281094e-10 -3.684417934850804e-10 -1.173603757281093e-10 -3.684417934850804e-10 -1.173603757281082e-10 -3.684417934850790e-10  2.187377417649814e-07 -7.092504091248537e-08  2.187377417649973e-07 -7.092504091249332e-08  2.187377417649974e-07 -7.092504091249332e-08  2.187377417649814e-07 -7.092504091248539e-08 -2.864243865175440e-11 -4.550940496027420e-11 -2.864243865086925e-11 -4.550940496047180e-11 -2.864243865086246e-11 -4.550940496044855e-11 -2.864243865117890e-11 -4.550940496017271e-11  2.456592453984051e-05  5.779317746881171e-05  2.456592453984295e-05  5.779317746881598e-05  2.456592453984296e-05  5.779317746881600e-05  2.456592453984052e-05  5.779317746881172e-05  3.088321388655902e-07 -1.032584813961362e-07  3.088321388656127e-07 -1.032584813961475e-07  3.088321388656129e-07 -1.032584813961475e-07  3.088321388655902e-07 -1.032584813961362e-07 -3.438342931278281e-10 -1.039982224579773e-09 -3.438342931278658e-10 -1.039982224579850e-09 -3.438342931278658e-10 -1.039982224579850e-09 -3.438342931278281e-10 -1.039982224579773e-09 
 4.869675251658807e+07 -2.286033762082985e-04  2.117037941868078e-04 -3.770169413096619e-09 -1.031527906586511e-08  1.080090005231437e-05  1.187664998719566e-05 -5.676577443707267e-02 -5.877906030505647e-02  2.617574044008205e-06 -1.021679085494663e-06 -1.019300966628087e-10 -3.057522314543610e-10 -1.019300966628093e-10 -3.057522314543637e-10 -1.019300966628093e-10 -3.057522314543639e-10 -1.019300966628083e-10 -3.057522314543628e-10  1.868161356487806e-07 -6.332739786091961e-08  1.868161356487941e-07 -6.332739786092685e-08  1.868161356487942e-07 -6.332739786092686e-08  1.868161356487804e-07 -6.332739786091953e-08 -2.507729778041149e-11 -3.693278853225085e-11 -2.507729777969464e-11 -3.693278853241650e-11 -2.507729777969106e-11 -3.693278853240554e-11 -2.507729777993221e-11 -3.693278853215226e-11  2.233390092701309e-05  5.071607184201239e-05  2.233390092701536e-05  5.071607184201613e-05  2.233390092701537e-05  5.071607184201616e-05  2.233390092701309e-05  5.071607184201235e-05  2.636611288137944e-07 -9.217039024477664e-08  2.636611288138135e-07 -9.217039024478693e-08  2.636611288138137e-07 -9.217039024478693e-08  2.636611288137941e-07 -9.217039024477656e-08 -2.984194319331679e-10 -8.626955486362974e-10 -2.984194319332013e-10 -8.626955486363601e-10 -2.984194319332013e-10 -8.626955486363608e-10 -2.984194319331676e-10 -8.626955486362967e-10 
 5.011872336272904e+07 -2.068171570012228e-04  1.953371539143860e-04 -3.201522743334407e-09 -8.529294134098967e-09  9.676535310472460e-06  1.043613772986426e-05 -5.389877200840448e-02 -5.466600499414904e-02  2.226041169087907e-06 -8.924799231617776e-07 -8.765129100478027e-11 -2.534722204823391e-10 -8.765129100478088e-11 -2.534722204823412e-10 -8.765129100478085e-11 -2.534722204823412e-10 -8.765129100478010e-11 -2.534722204823405e-10  1.593936656616857e-07 -5.599474521779759e-08  1.593936656616973e-07 -5.599474521780411e-08  1.593936656616973e-07 -5.599474521780417e-08  1.593936656616855e-07 -5.599474521779760e-08 -2.175870244266136e-11 -2.990166002667927e-11 -2.175870244208822e-11 -2.990166002683543e-11 -2.175870244208613e-11 -2.990166002682964e-11 -2.175870244227830e-11 -2.990166002663081e-11  2.015399861899414e-05  4.446733306652188e-05  2.015399861899623e-05  4.446733306652518e-05  2.015399861899623e-05  4.446733306652517e-05  2.015399861899413e-05  4.446733306652185e-05  2.248703830073289e-07 -8.149265870853294e-08  2.248703830073454e-07 -8.149265870854222e-08  2.248703830073454e-07 -8.149265870854228e-08  2.248703830073287e-07 -8.149265870853293e-08 -2.565142676231760e-10 -7.149037366232371e-10 -2.565142676232053e-10 -7.149037366232897e-10 -2.565142676232055e-10 -7.149037366232896e-10 -2.565142676231760e-10 -7.149037366232365e-10 
 5.158221650723244e+07 -1.871667219202409e-04  1.797593633012047e-04 -2.693658345433201e-09 -7.048190296619419e-09  8.646325408584346e-06  9.173986665534020e-06 -5.104372053796561e-02 -5.085503475971970e-02  1.891922533179521e-06 -7.728388301531427e-07 -7.465499723016534e-11 -2.099614276088302e-10 -7.465499723016583e-11 -2.099614276088318e-10 -7.465499723016579e-11 -2.099614276088318e-10 -7.465499723016521e-11 -2.099614276088314e-10  1.358883462091964e-07 -4.904815952261742e-08  1.358883462092064e-07 -4.904815952262324e-08  1.358883462092063e-07 -4.904815952262326e-08  1.358883462091965e-07 -4.904815952261738e-08 -1.872383681275589e-11 -2.416268410162561e-11 -1.872383681229628e-11 -2.416268410176165e-11 -1.872383681229241e-11 -2.416268410175169e-11 -1.872383681244151e-11 -2.416268410158509e-11  1.805427488042471e-05  3.896330185695417e-05  1.805427488042661e-05  3.896330185695708e-05  1.805427488042662e-05  3.896330185695708e-05  1.805427488042470e-05  3.896330185695417e-05  1.916330885216779e-07 -7.139385015287110e-08  1.916330885216920e-07 -7.139385015287937e-08  1.916330885216919e-07 -7.139385015287941e-08  1.916330885216779e-07 -7.139385015287105e-08 -2.184563524475645e-10 -5.919506227324145e-10 -2.184563524475899e-10 -5.919506227324584e-10 -2.184563524475900e-10 -5.919506227324581e-10 -2.184563524475643e-10 -5.919506227324147e-10 
 5.308844442310076e+07 -1.694741441559054e-04  1.649906344845351e-04 -2.245424182639010e-09 -5.821976109459213e-09  7.705610931684500e-06  8.069377656215785e-06 -4.821555921835565e-02 -4.733357233904860e-02  1.607339686542478e-06 -6.633942196767282e-07 -6.299244832347799e-11 -1.738155003981662e-10 -6.299244832347836e-11 -1.738155003981675e-10 -6.299244832347832e-11 -1.738155003981675e-10 -6.299244832347784e-11 -1.738155003981671e-10  1.157815333295119e-07 -4.256893731418917e-08  1.157815333295204e-07 -4.256893731419439e-08  1.157815333295204e-07 -4.256893731419442e-08  1.157815333295119e-07 -4.256893731418914e-08 -1.598970542690878e-11 -1.949759304757985e-11 -1.598970542653788e-11 -1.949759304768948e-11 -1.598970542653650e-11 -1.949759304768615e-11 -1.598970542665147e-11 -1.949759304754655e-11  1.605594734953635e-05  3.412603366014857e-05  1.605594734953811e-05  3.412603366015111e-05  1.605594734953812e-05  3.412603366015112e-05  1.605594734953635e-05  3.412603366014856e-05  1.632125561755893e-07 -6.198627905005223e-08  1.632125561756013e-07 -6.198627905005966e-08  1.632125561756014e-07 -6.198627905005972e-08  1.632125561755892e-07 -6.198627905005220e-08 -1.843612637265543e-10 -4.898510459901541e-10 -1.843612637265765e-10 -4.898510459901903e-10 -1.843612637265767e-10 -4.898510459901904e-10 -1.843612637265543e-10 -4.898510459901541e-10 
 5.463865498818741e+07 -1.535709815108389e-04  1.510415958940481e-04 -1.854050734101847e-09 -4.808254225732724e-09  6.849446300448414e-06  7.103621693397506e-06 -4.542780444812415e-02 -4.408838999120131e-02  1.365352427732526e-06 -5.643662324783998e-07 -5.265628346903723e-11 -1.438369197120147e-10 -5.265628346903756e-11 -1.438369197120157e-10 -5.265628346903750e-11 -1.438369197120157e-10 -5.265628346903717e-11 -1.438369197120154e-10  9.861326826624533e-08 -3.660616704821290e-08  9.861326826625262e-08 -3.660616704821760e-08  9.861326826625262e-08 -3.660616704821763e-08  9.861326826624534e-08 -3.660616704821292e-08 -1.355822977722299e-11 -1.571977296419300e-11 -1.355822977692814e-11 -1.571977296429017e-11 -1.355822977692353e-11 -1.571977296427962e-11 -1.355822977701712e-11 -1.571977296417511e-11  1.417426219329608e-05  2.988335766851731e-05  1.417426219329769e-05  2.988335766851957e-05  1.417426219329769e-05  2.988335766851956e-05  1.417426219329609e-05  2.988335766851732e-05  1.389555838603647e-07 -5.333676029190398e-08  1.389555838603750e-07 -5.333676029191066e-08  1.389555838603750e-07 -5.333676029191069e-08  1.389555838603647e-07 -5.333676029190400e-08 -1.541822685207129e-10 -4.052078033480728e-10 -1.541822685207322e-10 -4.052078033481030e-10 -1.541822685207323e-10 -4.052078033481030e-10 -1.541822685207129e-10 -4.052078033480729e-10 
 5.623413251903696e+07 -1.392984508210288e-04  1.379143356896761e-04 -1.515706395725189e-09 -3.971207718759144e-09  6.072713613505301e-06  6.259989423739477e-06 -4.269254314101235e-02 -4.110576354396889e-02  1.159876023312551e-06 -4.756526909010870e-07 -4.359763846639610e-11 -1.190085506614285e-10 -4.359763846639638e-11 -1.190085506614293e-10 -4.359763846639638e-11 -1.190085506614293e-10 -4.359763846639606e-11 -1.190085506614291e-10  8.397758417412206e-08 -3.118331755486234e-08  8.397758417412821e-08 -3.118331755486651e-08  8.397758417412824e-08 -3.118331755486650e-08  8.397758417412206e-08 -3.118331755486233e-08 -1.142045993952507e-11 -1.267087759229706e-11 -1.142045993929105e-11 -1.267087759238166e-11 -1.142045993928884e-11 -1.267087759237677e-11 -1.142045993935900e-11 -1.267087759228543e-11  1.241932229974601e-05  2.616885583513976e-05  1.241932229974747e-05  2.616885583514172e-05  1.241932229974747e-05  2.616885583514172e-05  1.241932229974601e-05  2.616885583513975e-05  1.182857687664178e-07 -4.547595973289659e-08  1.182857687664265e-07 -4.547595973290251e-08  1.182857687664266e-07 -4.547595973290250e-08  1.182857687664178e-07 -4.547595973289658e-08 -1.277583475692235e-10 -3.351363194958949e-10 -1.277583475692402e-10 -3.351363194959197e-10 -1.277583475692402e-10 -3.351363194959198e-10 -1.277583475692235e-10 -3.351363194958949e-10 
 5.787619883491418e+07 -1.265075025367030e-04  1.256034214652446e-04 -1.225929923177500e-09 -3.280693802692186e-09  5.370219471166927e-06  5.523547683529775e-06 -4.002044268164823e-02 -3.837162070589909e-02  9.856006180929115e-07 -3.969105382479929e-07 -3.573972967666394e-11 -9.846979704709716e-11 -3.573972967666416e-11 -9.846979704709777e-11 -3.573972967666416e-11 -9.846979704709779e-11 -3.573972967666392e-11 -9.846979704709760e-11  7.151784950157243e-08 -2.630391122853303e-08  7.151784950157768e-08 -2.630391122853667e-08  7.151784950157764e-08 -2.630391122853664e-08  7.151784950157241e-08 -2.630391122853303e-08 -9.559996313806617e-12 -1.021754451738609e-11 -9.559996313619595e-12 -1.021754451745536e-11 -9.559996313619149e-12 -1.021754451745440e-11 -9.559996313673006e-12 -1.021754451737883e-11  1.079686719925750e-05  2.292176989081286e-05  1.079686719925881e-05  2.292176989081458e-05  1.079686719925880e-05  2.292176989081457e-05  1.079686719925750e-05  2.292176989081285e-05  1.006968731645700e-07 -3.840644311600537e-08  1.006968731645774e-07 -3.840644311601054e-08  1.006968731645774e-07 -3.840644311601050e-08  1.006968731645699e-07 -3.840644311600537e-08 -1.048523183112150e-10 -2.771967557394455e-10 -1.048523183112292e-10 -2.771967557394661e-10 -1.048523183112291e-10 -2.771967557394659e-10 -1.048523183112150e-10 -2.771967557394454e-10 
 5.956621435290322e+07 -1.150588027256656e-04  1.140968855584507e-04 -9.799604439318592e-10 -2.711438578633467e-09  4.736776215626868e-06  4.881003680746762e-06 -3.742077602597849e-02 -3.587168193257895e-02  8.379137093251689e-07 -3.276240799492892e-07 -2.898848124334036e-11 -8.149524068589994e-11 -2.898848124334056e-11 -8.149524068590045e-11 -2.898848124334054e-11 -8.149524068590042e-11 -2.898848124334035e-11 -8.149524068590029e-11  6.092221230431438e-08 -2.195635402930912e-08  6.092221230431890e-08 -2.195635402931230e-08  6.092221230431891e-08 -2.195635402931232e-08  6.092221230431438e-08 -2.195635402930908e-08 -7.955716714452656e-12 -8.248272499648099e-12 -7.955716714304291e-12 -8.248272499706493e-12 -7.955716714302932e-12 -8.248272499703590e-12 -7.955716714346398e-12 -8.248272499645889e-12  9.308998080349760e-06  2.008684531918692e-05  9.308998080350943e-06  2.008684531918844e-05  9.308998080350938e-06  2.008684531918844e-05  9.308998080349753e-06  2.008684531918692e-05  8.574633514846008e-08 -3.210952605451623e-08  8.574633514846650e-08 -3.210952605452077e-08  8.574633514846651e-08 -3.210952605452079e-08  8.574633514846008e-08 -3.210952605451619e-08 -8.518061257570905e-11 -2.293332136435244e-10 -8.518061257572113e-11 -2.293332136435416e-10 -8.518061257572117e-11 -2.293332136435416e-10 -8.518061257570893e-11 -2.293332136435244e-10 
 6.130557921498431e+07 -1.048226307703260e-04  1.033771669512820e-04 -7.729830700058144e-10 -2.242325945645017e-09  4.167269028034286e-06  4.320557316933388e-06 -3.490146031728501e-02 -3.359159243580027e-02  7.128263949651916e-07 -2.671613513699718e-07 -2.324068359604979e-11 -6.747562808204092e-11 -2.324068359604993e-11 -6.747562808204126e-11 -2.324068359604992e-11 -6.747562808204128e-11 -2.324068359604978e-11 -6.747562808204116e-11  5.191919997380940e-08 -1.811799687421432e-08  5.191919997381323e-08 -1.811799687421711e-08  5.191919997381322e-08 -1.811799687421710e-08  5.191919997380945e-08 -1.811799687421435e-08 -6.583901968991172e-12 -6.670503517581563e-12 -6.583901968872061e-12 -6.670503517627202e-12 -6.583901968871177e-12 -6.670503517625305e-12 -6.583901968905378e-12 -6.670503517579374e-12  7.954843010189632e-06  1.761412184755787e-05  7.954843010190682e-06  1.761412184755919e-05  7.954843010190679e-06  1.761412184755919e-05  7.954843010189628e-06  1.761412184755787e-05  7.304900181525014e-08 -2.655103128373610e-08  7.304900181525556e-08 -2.655103128374005e-08  7.304900181525555e-08 -2.655103128374004e-08  7.304900181525018e-08 -2.655103128373612e-08 -6.843608970357653e-11 -1.898196364342967e-10 -6.843608970358677e-11 -1.898196364343108e-10 -6.843608970358675e-11 -1.898196364343107e-10 -6.843608970357659e-11 -1.898196364342968e-10 
 6.309573444802164e+07 -9.567870169580121e-05  9.342200236408308e-05 -6.003058163161242e-10 -1.855773502441637e-09  3.656710303778118e-06  3.831761996268190e-06 -3.246910729842963e-02 -3.151704421000949e-02  6.069039441261560e-07 -2.148199229337678e-07 -1.839011293760215e-11 -5.590105273401778e-11 -1.839011293760228e-11 -5.590105273401808e-11 -1.839011293760227e-11 -5.590105273401808e-11 -1.839011293760216e-11 -5.590105273401801e-11  4.427351888510371e-08 -1.475850402542728e-08  4.427351888510698e-08 -1.475850402542968e-08  4.427351888510700e-08 -1.475850402542970e-08  4.427351888510369e-08 -1.475850402542725e-08 -5.419849122353549e-12 -5.407939151489088e-12 -5.419849122258928e-12 -5.407939151526603e-12 -5.419849122258515e-12 -5.407939151525681e-12 -5.419849122284734e-12 -5.407939151487656e-12  6.731159197742209e-06  1.545868025251516e-05  6.731159197743139e-06  1.545868025251632e-05  6.731159197743147e-06  1.545868025251633e-05  6.731159197742202e-06  1.545868025251515e-05  6.227114814108568e-08 -2.168606084481242e-08  6.227114814109033e-08 -2.168606084481582e-08  6.227114814109035e-08 -2.168606084481585e-08  6.227114814108566e-08 -2.168606084481238e-08 -5.430510073428349e-11 -1.572119718543349e-10 -5.430510073429206e-11 -1.572119718543466e-10 -5.430510073429213e-11 -1.572119718543467e-10 -5.430510073428340e-11 -1.572119718543348e-10 
 6.493816315762351e+07 -8.751592248123927e-05  8.420526076941439e-05 -4.574813776570193e-10 -1.537188118886885e-09  3.200282690022513e-06  3.405394133183416e-06 -3.012908376390999e-02 -2.963388723827851e-02  5.172010830400847e-07 -1.698634185312953e-07 -1.433198676730667e-11 -4.634617184603596e-11 -1.433198676730676e-11 -4.634617184603619e-11 -1.433198676730676e-11 -4.634617184603619e-11 -1.433198676730666e-11 -4.634617184603610e-11  3.778208866092353e-08 -1.184260369961173e-08  3.778208866092634e-08 -1.184260369961386e-08  3.778208866092631e-08 -1.184260369961384e-08  3.778208866092353e-08 -1.184260369961172e-08 -4.439055666509727e-12 -4.398108512704691e-12 -4.439055666433866e-12 -4.398108512733802e-12 -4.439055666433221e-12 -4.398108512732340e-12 -4.439055666453999e-12 -4.398108512702308e-12  5.632870790851210e-06  1.358035521060507e-05  5.632870790852055e-06  1.358035521060610e-05  5.632870790852048e-06  1.358035521060609e-05  5.632870790851211e-06  1.358035521060506e-05  5.312483083638124e-08 -1.746289030097050e-08  5.312483083638524e-08 -1.746289030097352e-08  5.312483083638520e-08 -1.746289030097349e-08  5.312483083638124e-08 -1.746289030097050e-08 -4.247986451602888e-11 -1.303061339215764e-10 -4.247986451603625e-11 -1.303061339215862e-10 -4.247986451603618e-11 -1.303061339215861e-10 -4.247986451602887e-11 -1.303061339215764e-10 
 6.683439175686391e+07 -8.023209184120399e-05  7.569771709350970e-05 -3.403853433217282e-10 -1.274493857744448e-09  2.793372114827085e-06  3.033331443193636e-06 -2.788558029432224e-02 -2.792822930538414e-02  4.412022452021508e-07 -1.315499699575994e-07 -1.096607971399785e-11 -3.845729094642749e-11 -1.096607971399790e-11 -3.845729094642766e-11 -1.096607971399791e-11 -3.845729094642765e-11 -1.096607971399784e-11 -3.845729094642761e-11  3.227033635271635e-08 -9.332294432614711e-09  3.227033635271872e-08 -9.332294432616527e-09  3.227033635271875e-08 -9.332294432616521e-09  3.227033635271634e-08 -9.332294432614707e-09 -3.618051306102043e-12 -3.590194243711315e-12 -3.618051306041465e-12 -3.590194243734343e-12 -3.618051306041494e-12 -3.590194243734420e-12 -3.618051306057623e-12 -3.590194243709824e-12  4.653542224248339e-06  1.194342357207486e-05  4.653542224249085e-06  1.194342357207576e-05  4.653542224249081e-06  1.194342357207578e-05  4.653542224248339e-06  1.194342357207487e-05  4.536261308496836e-08 -1.382608966451236e-08  4.536261308497174e-08 -1.382608966451495e-08  4.536261308497178e-08 -1.382608966451494e-08  4.536261308496836e-08 -1.382608966451236e-08 -3.266707277071433e-11 -1.081012867797397e-10 -3.266707277072046e-11 -1.081012867797478e-10 -3.266707277072044e-11 -1.081012867797479e-10 -3.266707277071432e-11 -1.081012867797397e-10 
 6.878599123088329e+07 -7.373355289875114e-05  6.786776233118598e-05 -2.452606349250435e-10 -1.057725059870999e-09  2.431592069547207e-06  2.708439988442186e-06 -2.574168655439626e-02 -2.638652410002404e-02  3.767669035358279e-07 -9.915376133141052e-08 -8.198777203669271e-12 -3.194114850996222e-11 -8.198777203669318e-12 -3.194114850996235e-11 -8.198777203669317e-12 -3.194114850996235e-11 -8.198777203669271e-12 -3.194114850996232e-11  2.758876710281494e-08 -7.188577881165903e-09  2.758876710281699e-08 -7.188577881167465e-09  2.758876710281699e-08 -7.188577881167465e-09  2.758876710281495e-08 -7.188577881165903e-09 -2.934946036627517e-12 -2.943114276172068e-12 -2.934946036579053e-12 -2.943114276190074e-12 -2.934946036578754e-12 -2.943114276189295e-12 -2.934946036592079e-12 -2.943114276171046e-12  3.785788491058861e-06  1.051627685317369e-05  3.785788491059516e-06  1.051627685317449e-05  3.785788491059520e-06  1.051627685317449e-05  3.785788491058860e-06  1.051627685317369e-05  3.877268363287083e-08 -1.071897163736826e-08  3.877268363287375e-08 -1.071897163737048e-08  3.877268363287374e-08 -1.071897163737048e-08  3.877268363287083e-08 -1.071897163736826e-08 -2.459350873266351e-11 -8.976797043287958e-11 -2.459350873266862e-11 -8.976797043288634e-11 -2.459350873266863e-11 -8.976797043288633e-11 -2.459350873266351e-11 -8.976797043287960e-11 
 7.079457843841639e+07 -6.793480788561232e-05  6.068204862046288e-05 -1.687363400679747e-10 -8.786776479138819e-10  2.110800327542487e-06  2.424469848990970e-06 -2.369947149866066e-02 -2.499564750944036e-02  3.220799868895277e-07 -7.198073629311926e-08 -5.944301901925552e-12 -2.655523463068893e-11 -5.944301901925594e-12 -2.655523463068903e-11 -5.944301901925589e-12 -2.655523463068903e-11 -5.944301901925548e-12 -2.655523463068900e-11  2.360981993718127e-08 -5.372784924910290e-09  2.360981993718302e-08 -5.372784924911617e-09  2.360981993718304e-08 -5.372784924911633e-09  2.360981993718125e-08 -5.372784924910277e-09 -2.369755135512644e-12 -2.423850035820479e-12 -2.369755135473762e-12 -2.423850035834312e-12 -2.369755135473746e-12 -2.423850035834259e-12 -2.369755135484138e-12 -2.423850035819122e-12  3.021624870796208e-06  9.271085974229907e-06  3.021624870796779e-06  9.271085974230610e-06  3.021624870796789e-06  9.271085974230617e-06  3.021624870796200e-06  9.271085974229899e-06  3.317438242727789e-08 -8.085462318731226e-09  3.317438242728038e-08 -8.085462318733107e-09  3.317438242728041e-08 -8.085462318733136e-09  3.317438242727787e-08 -8.085462318731205e-09 -1.800934336051863e-11 -7.462059421065498e-11 -1.800934336052284e-11 -7.462059421066056e-11 -1.800934336052291e-11 -7.462059421066062e-11 -1.800934336051858e-11 -7.462059421065491e-11 
 7.286181745132545e+07 -6.275810360221719e-05  5.410606901612575e-05 -1.078276795607729e-10 -7.306120356437786e-10  1.827109196736415e-06  2.175959206449015e-06 -2.176006691898137e-02 -2.374296222026958e-02  2.756072849223405e-07 -4.937945060724881e-08 -4.125309479120318e-12 -2.209948259370430e-11 -4.125309479120342e-12 -2.209948259370438e-11 -4.125309479120344e-12 -2.209948259370439e-11 -4.125309479120315e-12 -2.209948259370436e-11  2.022501038498937e-08 -3.847557335140342e-09  2.022501038499089e-08 -3.847557335141493e-09  2.022501038499089e-08 -3.847557335141493e-09  2.022501038498936e-08 -3.847557335140335e-09 -1.904553400079341e-12 -2.006006546512952e-12 -1.904553400048006e-12 -2.006006546523195e-12 -1.904553400047887e-12 -2.006006546522793e-12 -1.904553400056348e-12 -2.006006546511130e-12  2.352759590653189e-06  8.183465374312558e-06  2.352759590653700e-06  8.183465374313190e-06  2.352759590653699e-06  8.183465374313188e-06  2.352759590653180e-06  8.183465374312558e-06  2.841413511225850e-08 -5.871482977966266e-09  2.841413511226067e-08 -5.871482977967900e-09  2.841413511226067e-08 -5.871482977967899e-09  2.841413511225849e-08 -5.871482977966250e-09 -1.268966438217419e-11 -6.209383789519385e-11 -1.268966438217775e-11 -6.209383789519859e-11 -1.268966438217775e-11 -6.209383789519858e-11 -1.268966438217416e-11 -6.209383789519383e-11 
 7.498942093324834e+07 -5.813299582138548e-05  4.810467275217494e-05 -5.992258441092040e-11 -6.080014296972881e-10  1.576890313753484e-06  1.958146555649808e-06 -1.992375287994945e-02 -2.261637091623898e-02  2.360556643421805e-07 -3.074795712852610e-08 -2.673016048969583e-12 -1.840917928908254e-11 -2.673016048969598e-12 -1.840917928908261e-11 -2.673016048969601e-12 -1.840917928908260e-11 -2.673016048969578e-12 -1.840917928908259e-11  1.734235568333628e-08 -2.577542133343129e-09  1.734235568333760e-08 -2.577542133344107e-09  1.734235568333759e-08 -2.577542133344105e-09  1.734235568333629e-08 -2.577542133343137e-09 -1.523502906378082e-12 -1.668586261799546e-12 -1.523502906352783e-12 -1.668586261806963e-12 -1.523502906352746e-12 -1.668586261806812e-12 -1.523502906359618e-12 -1.668586261797698e-12  1.770833626298836e-06  7.232142651440487e-06  1.770833626299285e-06  7.232142651441049e-06  1.770833626299282e-06  7.232142651441045e-06  1.770833626298838e-06  7.232142651440495e-06  2.436179024078659e-08 -4.025924159447122e-09  2.436179024078846e-08 -4.025924159448513e-09  2.436179024078845e-08 -4.025924159448508e-09  2.436179024078661e-08 -4.025924159447131e-09 -8.434696581801104e-12 -5.172252097717204e-11 -8.434696581804048e-12 -5.172252097717602e-11 -8.434696581804037e-12 -5.172252097717600e-11 -8.434696581801124e-12 -5.172252097717207e-11 
 7.717915155850409e+07 -5.399590017226301e-05  4.264251767296504e-05 -2.275926256700660e-11 -5.063197584205272e-10  1.356774895217770e-06  1.766890703097243e-06 -1.819004370971217e-02 -2.160435851155619e-02  2.023378554628666e-07 -1.553751187894525e-08 -1.526989512485935e-12 -1.534894927292965e-11 -1.526989512485950e-12 -1.534894927292970e-11 -1.526989512485948e-12 -1.534894927292970e-11 -1.526989512485932e-12 -1.534894927292969e-11  1.488407342632156e-08 -1.529850262096486e-09  1.488407342632268e-08 -1.529850262097305e-09  1.488407342632269e-08 -1.529850262097300e-09  1.488407342632155e-08 -1.529850262096475e-09 -1.212790946160648e-12 -1.394956251083054e-12 -1.212790946140199e-12 -1.394956251088364e-12 -1.212790946140153e-12 -1.394956251088115e-12 -1.212790946145776e-12 -1.394956251081057e-12  1.267612362524690e-06  6.398638855517151e-06  1.267612362525078e-06  6.398638855517650e-06  1.267612362525074e-06  6.398638855517651e-06  1.267612362524685e-06  6.398638855517153e-06  2.090734609605769e-08 -2.501285547773127e-09  2.090734609605929e-08 -2.501285547774292e-09  2.090734609605930e-08 -2.501285547774284e-09  2.090734609605768e-08 -2.501285547773110e-09 -5.069086447321326e-12 -4.312452601192081e-11 -5.069086447323721e-12 -4.312452601192414e-11 -5.069086447323704e-12 -4.312452601192415e-11 -5.069086447321292e-12 -4.312452601192081e-11 
 7.943282347243109e+07 -5.028963636101851e-05  3.768446225772838e-05  5.601805126968179e-12 -4.218639409904616e-10  1.163650270071497e-06  1.598598168194638e-06 -1.655777334740741e-02 -2.069602399255828e-02  1.735415205778098e-07 -3.253792059382830e-09 -6.347108360972771e-13 -1.280767742988679e-11 -6.347108360972845e-13 -1.280767742988683e-11 -6.347108360972844e-13 -1.280767742988683e-11 -6.347108360972711e-13 -1.280767742988682e-11  1.278454065989111e-08 -6.743255235438295e-10  1.278454065989210e-08 -6.743255235445376e-10  1.278454065989211e-08 -6.743255235445276e-10  1.278454065989110e-08 -6.743255235438328e-10 -9.605078047640995e-13 -1.171987373984683e-12 -9.605078047475281e-13 -1.171987373988339e-12 -9.605078047475238e-13 -1.171987373988296e-12 -9.605078047521149e-13 -1.171987373982598e-12  8.351341451629136e-07  5.666963548399282e-06  8.351341451632576e-07  5.666963548399732e-06  8.351341451632533e-07  5.666963548399734e-06  8.351341451629161e-07  5.666963548399282e-06  1.795804853147363e-08 -1.254046948195925e-09  1.795804853147504e-08 -1.254046948196932e-09  1.795804853147505e-08 -1.254046948196918e-09  1.795804853147362e-08 -1.254046948195930e-09 -2.440550107896011e-12 -3.598639116128589e-11 -2.440550107898023e-12 -3.598639116128872e-11 -2.440550107897995e-12 -3.598639116128873e-11 -2.440550107896023e-12 -3.598639116128587e-11 
 8.175230379436803e+07 -4.696297184278680e-05  3.319590027569009e-05  2.680879607152769e-11 -3.516057018573453e-10  9.946534274181667e-07  1.450157571785601e-06 -1.502517899290940e-02 -1.988110254039183e-02  1.489022831142436e-07  6.543778201412484e-09  4.901120012138647e-14 -1.069424613779246e-11  4.901120012137854e-14 -1.069424613779250e-11  4.901120012138143e-14 -1.069424613779249e-11  4.901120012139032e-14 -1.069424613779248e-11  1.098849752753357e-08  1.633591010541026e-11  1.098849752753443e-08  1.633591010481800e-11  1.098849752753443e-08  1.633591010481469e-11  1.098849752753357e-08  1.633591010541191e-11 -7.564877848111522e-13 -9.893440608965540e-13 -7.564877847976945e-13 -9.893440608989491e-13 -7.564877847976879e-13 -9.893440608988383e-13 -7.564877848015022e-13 -9.893440608945848e-13  4.658208874803641e-07  5.023327764441569e-06  4.658208874806591e-07  5.023327764441970e-06  4.658208874806623e-07  5.023327764441972e-06  4.658208874803641e-07  5.023327764441567e-06  1.543583712430626e-08 -2.448276886254227e-10  1.543583712430748e-08 -2.448276886262641e-10  1.543583712430749e-08 -2.448276886262701e-10  1.543583712430626e-08 -2.448276886254211e-10 -4.181198209513136e-13 -3.005121834566415e-11 -4.181198209529470e-13 -3.005121834566653e-11 -4.181198209529587e-13 -3.005121834566654e-11 -4.181198209513105e-13 -3.005121834566414e-11 
 8.413951416452263e+07 -4.397017029502078e-05  2.914304156328654e-05  4.225042471964659e-11 -2.930686270299629e-10  8.471622277246543e-07  1.318880575796865e-06 -1.358998214268044e-02 -1.914997868069142e-02  1.277803774081004e-07  1.424408893973883e-08  5.627073112932639e-13 -8.933974186900018e-12  5.627073112932612e-13 -8.933974186900041e-12  5.627073112932618e-13 -8.933974186900041e-12  5.627073112932676e-13 -8.933974186900034e-12  9.449477571170144e-09  5.665806121311460e-10  9.449477571170907e-09  5.665806121306447e-10  9.449477571170909e-09  5.665806121306447e-10  9.449477571170139e-09  5.665806121311510e-10 -5.921314201333435e-13 -8.389040589813553e-13 -5.921314201223872e-13 -8.389040589827952e-13 -5.921314201223904e-13 -8.389040589826517e-13 -5.921314201255546e-13 -8.389040589793906e-13  1.525558645210176e-07  4.455877087686266e-06  1.525558645212756e-07  4.455877087686634e-06  1.525558645212751e-07  4.455877087686636e-06  1.525558645210151e-07  4.455877087686264e-06  1.327511409884606e-08  5.616160863166359e-10  1.327511409884714e-08  5.616160863159232e-10  1.327511409884715e-08  5.616160863159236e-10  1.327511409884605e-08  5.616160863166429e-10  1.109829677127101e-12 -2.510857588584051e-11  1.109829677125756e-12 -2.510857588584257e-11  1.109829677125757e-12 -2.510857588584257e-11  1.109829677127114e-12 -2.510857588584050e-11 
 8.659643233600976e+07 -4.127054951324294e-05  2.549314276361963e-05  5.308733545163900e-11 -2.442266389331574e-10  7.187848437566318e-07  1.202448927608973e-06 -1.224946624207148e-02 -1.849369127034466e-02  1.096405717265680e-07  2.018737098080486e-08  9.389485266943881e-13 -7.465656126499205e-12  9.389485266943843e-13 -7.465656126499228e-12  9.389485266943853e-13 -7.465656126499225e-12  9.389485266943917e-13 -7.465656126499220e-12  8.128445602939444e-09  9.980780740309543e-10  8.128445602940106e-09  9.980780740305267e-10  8.128445602940109e-09  9.980780740305316e-10  8.128445602939441e-09  9.980780740309461e-10 -4.602221783099014e-13 -7.142887946148423e-13 -4.602221783009610e-13 -7.142887946155868e-13 -4.602221783009741e-13 -7.142887946154629e-13 -4.602221783036130e-13 -7.142887946129397e-13 -1.112663351354809e-07  3.954446235273154e-06 -1.112663351352536e-07  3.954446235273482e-06 -1.112663351352564e-07  3.954446235273484e-06 -1.112663351354741e-07  3.954446235273154e-06  1.142080879143257e-08  1.196514209455133e-09  1.142080879143352e-08  1.196514209454524e-09  1.142080879143352e-08  1.196514209454531e-09  1.142080879143257e-08  1.196514209455119e-09  2.237638692243654e-12 -2.098610713361127e-11  2.237638692242537e-12 -2.098610713361300e-11  2.237638692242551e-12 -2.098610713361301e-11  2.237638692243628e-12 -2.098610713361126e-11 
 8.912509381337787e+07 -3.882805260281771e-05  2.221469209240861e-05  6.028201683351506e-11 -2.034205252770107e-10  6.073479210747678e-07  1.098867159622311e-06 -1.100055032365718e-02 -1.790393116008131e-02  9.403501954765292e-08  2.466884349699287e-08  1.205045070660598e-12 -6.239111885485356e-12  1.205045070660597e-12 -6.239111885485372e-12  1.205045070660597e-12 -6.239111885485372e-12  1.205045070660601e-12 -6.239111885485367e-12  6.992623551922912e-09  1.329861233491093e-09  6.992623551923498e-09  1.329861233490736e-09  6.992623551923494e-09  1.329861233490732e-09  6.992623551922914e-09  1.329861233491083e-09 -3.547470923116742e-13 -6.104866576676011e-13 -3.547470923043765e-13 -6.104866576677512e-13 -3.547470923043913e-13 -6.104866576676756e-13 -3.547470923065948e-13 -6.104866576657629e-13 -3.317129997645213e-07  3.510335802266146e-06 -3.317129997643276e-07  3.510335802266446e-06 -3.317129997643257e-07  3.510335802266445e-06 -3.317129997645175e-07  3.510335802266149e-06  9.826709709890140e-09  1.687290282226203e-09  9.826709709890973e-09  1.687290282225697e-09  9.826709709890969e-09  1.687290282225691e-09  9.826709709890143e-09  1.687290282226190e-09  3.044404736176728e-12 -1.754258848149136e-11  3.044404736175827e-12 -1.754258848149285e-11  3.044404736175817e-12 -1.754258848149284e-11  3.044404736176705e-12 -1.754258848149136e-11 
 9.172759353898138e+07 -3.661083564545920e-05  1.927755231288029e-05  6.462659441013540e-11 -1.692895885213853e-10  5.108838770547521e-07  1.006420498943385e-06 -9.839858133997036e-03 -1.737303238983106e-02  8.058870451319196e-08  2.794270669762682e-08  1.383718463266187e-12 -5.213167238048588e-12  1.383718463266187e-12 -5.213167238048598e-12  1.383718463266188e-12 -5.213167238048601e-12  1.383718463266191e-12 -5.213167238048596e-12  6.014484767008953e-09  1.578507103233778e-09  6.014484767009477e-09  1.578507103233477e-09  6.014484767009475e-09  1.578507103233482e-09  6.014484767008951e-09  1.578507103233780e-09 -2.707276417556167e-13 -5.235533747569899e-13 -2.707276417496353e-13 -5.235533747567999e-13 -2.707276417496493e-13 -5.235533747567534e-13 -2.707276417514914e-13 -5.235533747553141e-13 -5.143052781286869e-07  3.116111199725276e-06 -5.143052781285185e-07  3.116111199725551e-06 -5.143052781285196e-07  3.116111199725551e-06 -5.143052781286886e-07  3.116111199725276e-06  8.454036357734493e-09  2.057825702075122e-09  8.454036357735239e-09  2.057825702074694e-09  8.454036357735236e-09  2.057825702074700e-09  8.454036357734489e-09  2.057825702075125e-09  3.595940070507255e-12 -1.466221073348062e-11  3.595940070506515e-12 -1.466221073348192e-11  3.595940070506525e-12 -1.466221073348191e-11  3.595940070507262e-12 -1.466221073348061e-11 
 9.440608762859586e+07 -3.459087435925915e-05  1.665306614005242e-05  6.676813063806612e-11 -1.407158810918914e-10  4.276176928481341e-07  9.236375520379780e-07 -8.763782380863429e-03 -1.689395777312568e-02  6.898716099104960e-08  3.022626430615979e-08  1.493730425225505e-12 -4.353995776945821e-12  1.493730425225505e-12 -4.353995776945830e-12  1.493730425225506e-12 -4.353995776945831e-12  1.493730425225507e-12 -4.353995776945828e-12  5.170897797656888e-09  1.758341228330533e-09  5.170897797657353e-09  1.758341228330278e-09  5.170897797657353e-09  1.758341228330275e-09  5.170897797656893e-09  1.758341228330526e-09 -2.040647503398399e-13 -4.503755774011383e-13 -2.040647503349076e-13 -4.503755774007519e-13 -2.040647503349207e-13 -4.503755774007201e-13 -2.040647503364897e-13 -4.503755773995783e-13 -6.640250129839901e-07  2.765423301682506e-06 -6.640250129838432e-07  2.765423301682759e-06 -6.640250129838428e-07  2.765423301682758e-06 -6.640250129839872e-07  2.765423301682507e-06  7.270223770481315e-09  2.328756832068521e-09  7.270223770481977e-09  2.328756832068159e-09  7.270223770481976e-09  2.328756832068156e-09  7.270223770481320e-09  2.328756832068511e-09  3.946599159099414e-12 -1.224988659025155e-11  3.946599159098804e-12 -1.224988659025266e-11  3.946599159098800e-12 -1.224988659025266e-11  3.946599159099397e-12 -1.224988659025156e-11 
 9.716279515771425e+07 -3.274359165737372e-05  1.431412824488366e-05  6.723126607732247e-11 -1.167788545714764e-10  3.559534939364247e-07  8.492573436071894e-07 -7.768543849399866e-03 -1.646027971015517e-02  5.896617310299019e-08  3.170401271701264e-08  1.550458733004822e-12 -3.633762401568049e-12  1.550458733004822e-12 -3.633762401568056e-12  1.550458733004823e-12 -3.633762401568056e-12  1.550458733004824e-12 -3.633762401568054e-12  4.442401576270323e-09  1.881653203734912e-09  4.442401576270727e-09  1.881653203734703e-09  4.442401576270731e-09  1.881653203734705e-09  4.442401576270321e-09  1.881653203734914e-09 -1.513998951454021e-13 -3.884855873354654e-13 -1.513998951413547e-13 -3.884855873348751e-13 -1.513998951413615e-13 -3.884855873348627e-13 -1.513998951426962e-13 -3.884855873339807e-13 -7.853329198391411e-07  2.452849907806546e-06 -7.853329198390170e-07  2.452849907806771e-06 -7.853329198390162e-07  2.452849907806774e-06 -7.853329198391411e-07  2.452849907806545e-06  6.247894002218482e-09  2.517787204679169e-09  6.247894002219056e-09  2.517787204678872e-09  6.247894002219063e-09  2.517787204678874e-09  6.247894002218479e-09  2.517787204679171e-09  4.140949062184017e-12 -1.022741363437186e-11  4.140949062183533e-12 -1.022741363437280e-11  4.140949062183535e-12 -1.022741363437282e-11  4.140949062184021e-12 -1.022741363437186e-11 
 1.000000000000037e+08 -3.104750745190517e-05  1.223522792024346e-05  6.643818668721289e-11 -9.671857755373502e-11  2.944611623957949e-07  7.822003069198040e-07 -6.850245245020641e-03 -1.606615704045265e-02  5.030317896279375e-08  3.253157797261085e-08  1.566415155993794e-12 -3.029516851939819e-12  1.566415155993796e-12 -3.029516851939825e-12  1.566415155993795e-12 -3.029516851939825e-12  1.566415155993797e-12 -3.029516851939823e-12  3.812595088379424e-09  1.958913509918838e-09  3.812595088379785e-09  1.958913509918664e-09  3.812595088379786e-09  1.958913509918663e-09  3.812595088379422e-09  1.958913509918838e-09 -1.099929488229540e-13 -3.359172617235956e-13 -1.099929488196216e-13 -3.359172617228926e-13 -1.099929488196378e-13 -3.359172617228686e-13 -1.099929488207491e-13 -3.359172617222352e-13 -8.821950570688248e-07  2.173756819795091e-06 -8.821950570687186e-07  2.173756819795299e-06 -8.821950570687183e-07  2.173756819795299e-06 -8.821950570688260e-07  2.173756819795090e-06  5.363990461683387e-09  2.640000956592132e-09  5.363990461683899e-09  2.640000956591885e-09  5.363990461683900e-09  2.640000956591884e-09  5.363990461683385e-09  2.640000956592133e-09  4.215269845830956e-12 -8.530346485541237e-12  4.215269845830565e-12 -8.530346485542051e-12  4.215269845830565e-12 -8.530346485542052e-12  4.215269845830958e-12 -8.530346485541232e-12 
