 frequency              yer                    yei                    yfr                    yfi                    er                     ei                     fr                     fi                    
 1.000000000000000e+00  9.999566760758454e-09 -1.024026270765290e-10 -1.015310734968418e-11  6.340615969132228e-13  1.000016297884285e+00  1.591480478752120e-03 -1.009140373734803e-07 -1.615917222444891e-06 
 1.023292992280754e+00  9.999540693751672e-09 -9.819060858195567e-11 -1.015114235857909e-11  6.494499590215595e-13  1.000015271794920e+00  1.555249906003946e-03 -1.010103382402046e-07 -1.578828836496245e-06 
 1.047128548050899e+00  9.999514725353021e-09 -9.403066541548155e-11 -1.014908653044698e-11  6.651706423391877e-13  1.000014291889215e+00  1.519844149051670e-03 -1.011004770378459e-07 -1.542577835543354e-06 
 1.071519305237606e+00  9.999488770331180e-09 -8.992059112319462e-11 -1.014693561815488e-11  6.812311302302062e-13  1.000013356088400e+00  1.485244417352987e-03 -1.011846461694630e-07 -1.507144997734277e-06 
 1.096478196143185e+00  9.999476954662795e-09 -8.585816447638717e-11 -1.014468518514571e-11  6.976390052861218e-13  1.000012462401286e+00  1.451434411797691e-03 -1.012630224436309e-07 -1.472511536486786e-06 
 1.122018454301963e+00  9.999464981768999e-09 -8.184127397608171e-11 -1.014233059283553e-11  7.144020129272433e-13  1.000011608938563e+00  1.418394032665832e-03 -1.013357768548531e-07 -1.438659089904332e-06 
 1.148153621496882e+00  9.999452765965929e-09 -7.786778911334028e-11 -1.013986699612275e-11  7.315279962951990e-13  1.000010793889696e+00  1.386105749370512e-03 -1.014030652698740e-07 -1.405569711676153e-06 
 1.174897554939529e+00  9.999426009941574e-09 -7.393564093565033e-11 -1.013728933152791e-11  7.490249370867828e-13  1.000010015530866e+00  1.354550506019038e-03 -1.014650347473002e-07 -1.373225861167480e-06 
 1.202264434617413e+00  9.999413049046017e-09 -7.004266605394895e-11 -1.013459231346830e-11  7.669008761696208e-13  1.000009272200199e+00  1.323715456391847e-03 -1.015218131631263e-07 -1.341610394906916e-06 
 1.230268770812381e+00  9.999399584366530e-09 -6.618683917010762e-11 -1.013177041603302e-11  7.851640308917060e-13  1.000008562326275e+00  1.293582272068969e-03 -1.015735257360521e-07 -1.310706556356048e-06 
 1.258925411794167e+00  9.999385527056283e-09 -6.236611533398640e-11 -1.012881786853850e-11  8.038227141904396e-13  1.000007884403193e+00  1.264134967491438e-03 -1.016202843587282e-07 -1.280497967832733e-06 
 1.288249551693134e+00  9.999370787011616e-09 -5.857846823440534e-11 -1.012572864364459e-11  8.228853527844466e-13  1.000007236992837e+00  1.235357921506721e-03 -1.016621906224886e-07 -1.250968621665867e-06 
 1.318256738556407e+00  9.999355272680904e-09 -5.482188912425971e-11 -1.012249644650539e-11  8.423604850330611e-13  1.000006618721823e+00  1.207235869032561e-03 -1.016993360527864e-07 -1.222102871748410e-06 
 1.348962882591653e+00  9.999353101876629e-09 -5.109435223955286e-11 -1.011911470495924e-11  8.622567414443769e-13  1.000006028274631e+00  1.179755569573141e-03 -1.017318003231708e-07 -1.193885425456639e-06 
 1.380384264602885e+00  9.999349968528550e-09 -4.739391583348615e-11 -1.011557655362516e-11  8.825828934262187e-13  1.000005464403044e+00  1.152900692949395e-03 -1.017596576396359e-07 -1.166301335083010e-06 
 1.412537544622754e+00  9.999317353610233e-09 -4.371868150193690e-11 -1.011187482328853e-11  9.033478297919283e-13  1.000004925918106e+00  1.126653794392887e-03 -1.017829741871525e-07 -1.139335990168435e-06 
 1.445439770745927e+00  9.999326212698196e-09 -4.006653929091570e-11 -1.010800203989572e-11  9.245604245726250e-13  1.000004411659282e+00  1.101008998471106e-03 -1.018017939840814e-07 -1.112975111098657e-06 
 1.479108388168207e+00  9.999305389142782e-09 -3.643571184239018e-11 -1.010395038743001e-11  9.462298083126722e-13  1.000003920553552e+00  1.075944733258129e-03 -1.018161701323083e-07 -1.087204738867239e-06 
 1.513561248436208e+00  9.999311622316794e-09 -3.282414988719942e-11 -1.009971172179330e-11  9.683650580523355e-13  1.000003451545626e+00  1.051453896465844e-03 -1.018261308326533e-07 -1.062011230789190e-06 
 1.548816618912481e+00  9.999287961097456e-09 -2.923005915036905e-11 -1.009527753282511e-11  9.909754586180423e-13  1.000003003653463e+00  1.027517452340733e-03 -1.018317086709486e-07 -1.037381250700837e-06 
 1.584893192461113e+00  9.999276927824084e-09 -2.565144399517029e-11 -1.009063895166375e-11  1.014070266455425e-12  1.000002575917500e+00  1.004127191647958e-03 -1.018329161337832e-07 -1.013301764277917e-06 
 1.621810097358929e+00  9.999264197729858e-09 -2.208643656657070e-11 -1.008578672048951e-11  1.037658869568968e-12  1.000002167433512e+00  9.812692169953335e-04 -1.018297633021210e-07 -9.897600305674061e-07 
 1.659586907437560e+00  9.999263864278032e-09 -1.853311911082694e-11 -1.008071118618196e-11  1.061750690778229e-12  1.000001777332362e+00  9.589327706478618e-04 -1.018222486639781e-07 -9.667435962361536e-07 
 1.698243652461743e+00  9.999247384397121e-09 -1.498966246198346e-11 -1.007540227780836e-11  1.086355249784556e-12  1.000001404791870e+00  9.371032514201359e-04 -1.018103660840491e-07 -9.442402883873964e-07 
 1.737800828749374e+00  9.999243054479636e-09 -1.145413367560806e-11 -1.006984950090718e-11  1.111482057533021e-12  1.000001049016644e+00  9.157717806148267e-04 -1.017940955533075e-07 -9.222382092050261e-07 
 1.778279410038922e+00  9.999236533880524e-09 -7.924685122121010e-12 -1.006404191129971e-11  1.137140702076721e-12  1.000000709254576e+00  8.949256863280691e-04 -1.017734123809808e-07 -9.007257288281245e-07 
 1.819700858609982e+00  9.999213477345336e-09 -4.399470040998403e-12 -1.005796810285175e-11  1.163340795515190e-12  1.000000384787093e+00  8.745526740951552e-04 -1.017482830931521e-07 -8.796914797590716e-07 
 1.862087136662866e+00  9.999216378106860e-09 -8.765444882381573e-13 -1.005161619630184e-11  1.190091913298842e-12  1.000000074919366e+00  8.546456727439792e-04 -1.017186612838381e-07 -8.591243514903417e-07 
 1.905460717963246e+00  9.999230880718838e-09  2.645932569046846e-12 -1.004497381051201e-11  1.217403682429219e-12  9.999997789966262e-01  8.351927734750741e-04 -1.016844965473717e-07 -8.390134837733537e-07 
 1.949844599758044e+00  9.999214202573797e-09  6.169757828345204e-12 -1.003802804773193e-11  1.245285738295362e-12  9.999994963970686e-01  8.161801035691685e-04 -1.016457315809378e-07 -8.193482613382986e-07 
 1.995262314968878e+00  9.999208820242904e-09  9.696871132325465e-12 -1.003076548716391e-11  1.273747615756338e-12  9.999992265152499e-01  7.976011468820633e-04 -1.016022944844220e-07 -8.001183094076638e-07 
 2.041737944669527e+00  9.999200360760009e-09  1.322911909073968e-11 -1.002317215241481e-11  1.302798851852422e-12  9.999989687806402e-01  7.794448687874114e-04 -1.015541086788783e-07 -7.813134872095702e-07 
 2.089296130854037e+00  9.999174444660150e-09  1.676835313465142e-11 -1.001523349879200e-11  1.332448919167213e-12  9.999987226481447e-01  7.617005632683097e-04 -1.015010887021695e-07 -7.629238833179279e-07 
 2.137962089502230e+00  9.999187739638021e-09  2.031653612908474e-11 -1.000693440181943e-11  1.362707153688243e-12  9.999984875891077e-01  7.443631313583248e-04 -1.014431362282323e-07 -7.449398111716331e-07 
 2.187761623949550e+00  9.999183219650327e-09  2.387546247945710e-11 -9.998259119777040e-12  1.393582874755069e-12  9.999982631115608e-01  7.274190290512112e-04 -1.013801506971664e-07 -7.273518027770439e-07 
 2.238721138568337e+00  9.999174905066197e-09  2.744704104566589e-11 -9.989191293416243e-12  1.425085221548878e-12  9.999980487376563e-01  7.108603593207820e-04 -1.013120184686144e-07 -7.101506053828636e-07 
 2.290867652767770e+00  9.999176808182215e-09  3.103318547334466e-11 -9.979713919803145e-12  1.457223184610975e-12  9.999978440112584e-01  6.946793342467110e-04 -1.012386170535626e-07 -6.933271763040065e-07 
 2.344228815319919e+00  9.999160300459996e-09  3.463575743757347e-11 -9.969809329051960e-12  1.490005608974916e-12  9.999976485008768e-01  6.788653813084657e-04 -1.011598169740289e-07 -6.768726781416033e-07 
 2.398832919019488e+00  9.999153587598999e-09  3.825670631522372e-11 -9.959459175459820e-12  1.523441097458928e-12  9.999974617890774e-01  6.634120732559913e-04 -1.010754768485652e-07 -6.607784751195861e-07 
 2.454708915685027e+00  9.999156444349051e-09  4.189795088156050e-11 -9.948644410190627e-12  1.557538040858404e-12  9.999972834799493e-01  6.483111560391350e-04 -1.009854474688718e-07 -6.450361282464013e-07 
 2.511886431509577e+00  9.999140214082771e-09  4.556138467534925e-11 -9.937345262816660e-12  1.592304584281522e-12  9.999971131976773e-01  6.335527640809099e-04 -1.008895714062953e-07 -6.296373912245767e-07 
 2.570395782768860e+00  9.999161494441228e-09  4.924902193755042e-11 -9.925541234634286e-12  1.627748521678818e-12  9.999969505765079e-01  6.191326601462803e-04 -1.007876783304718e-07 -6.145742071879725e-07 
 2.630267991895378e+00  9.999134764549472e-09  5.296271126674942e-11 -9.913211058174108e-12  1.663877402999620e-12  9.999967952781529e-01  6.050378628047281e-04 -1.006795939433796e-07 -5.998387033880630e-07 
 2.691534803926912e+00  9.999159232031782e-09  5.670454315042446e-11 -9.900332712967690e-12  1.700698294524544e-12  9.999966469657666e-01  5.912669664233822e-04 -1.005651273342729e-07 -5.854231894844151e-07 
 2.754228703338163e+00  9.999149352669050e-09  6.047639854381954e-11 -9.886883372134172e-12  1.738217963058789e-12  9.999965053309636e-01  5.778075162249923e-04 -1.004440846385172e-07 -5.713201516421134e-07 
 2.818382931264450e+00  9.999147466488038e-09  6.428032798495094e-11 -9.872839418277405e-12  1.776442645914105e-12  9.999963700702879e-01  5.646549048898743e-04 -1.003162576242365e-07 -5.575222509122998e-07 
 2.884031503126602e+00  9.999124846565741e-09  6.811831608217848e-11 -9.858176409108583e-12  1.815378122893024e-12  9.999962408986490e-01  5.518005417758672e-04 -1.001814305863454e-07 -5.440223186468666e-07 
 2.951209226666381e+00  9.999123805871459e-09  7.199244507287948e-11 -9.842869078430030e-12  1.855029588290400e-12  9.999961175394158e-01  5.392399718436461e-04 -1.000393756872446e-07 -5.308133540257453e-07 
 3.019951720402012e+00  9.999115589136848e-09  7.590473716690034e-11 -9.826891310087768e-12  1.895401678774017e-12  9.999959997326969e-01  5.269649384813716e-04 -9.988985727275291e-08 -5.178885200916597e-07 
 3.090295432513586e+00  9.999128268834202e-09  7.985729619757040e-11 -9.810216140488578e-12  1.936498351024774e-12  9.999958872270599e-01  5.149704050464998e-04 -9.973262802392021e-08 -5.052411413910307e-07 
 3.162277660168374e+00  9.999133058526316e-09  8.385218745144362e-11 -9.792815738825342e-12  1.978322885467293e-12  9.999957797854723e-01  5.032484885635599e-04 -9.956743211384438e-08 -4.928647004195004e-07 
 3.235936569296277e+00  9.999129576520545e-09  8.789152930032285e-11 -9.774661409178406e-12  2.020877783021284e-12  9.999956771799927e-01  4.917929831565582e-04 -9.939400283806365e-08 -4.807528352320736e-07 
 3.311311214825905e+00  9.999131634304516e-09  9.197747732786238e-11 -9.755723584987661e-12  2.064164711921340e-12  9.999955791922835e-01  4.805985070508619e-04 -9.921206312086606e-08 -4.688993366244512e-07 
 3.388441561392020e+00  9.999124603516888e-09  9.611218388882689e-11 -9.735971823293698e-12  2.108184463541228e-12  9.999954856151773e-01  4.696584191901268e-04 -9.902132654289673e-08 -4.572981452995863e-07 
 3.467368504525310e+00  9.999122257970134e-09  1.002978545350383e-10 -9.715374811687313e-12  2.152936857992682e-12  9.999953962495448e-01  4.589675807054169e-04 -9.882149609049956e-08 -4.459433496187371e-07 
 3.548133892335748e+00  9.999124140544042e-09  1.045367078727902e-10 -9.693900368560209e-12  2.198420693983014e-12  9.999953109058740e-01  4.485202875220285e-04 -9.861226522446093e-08 -4.348291829768160e-07 
 3.630780547701007e+00  9.999115562228066e-09  1.088309782970706e-10 -9.671515451067659e-12  2.244633674843441e-12  9.999952294037247e-01  4.383103432906088e-04 -9.839331793491770e-08 -4.239500214910312e-07 
 3.715352290971718e+00  9.999110233260131e-09  1.131829550804378e-10 -9.648186171084401e-12  2.291572314166884e-12  9.999951515696591e-01  4.283329535159331e-04 -9.816432808766171e-08 -4.133003819665612e-07 
 3.801893963205605e+00  9.999121840619521e-09  1.175949569925255e-10 -9.623877808325509e-12  2.339231870044113e-12  9.999950772381162e-01  4.185833910451608e-04 -9.792496023263889e-08 -4.028749196403003e-07 
 3.890451449942799e+00  9.999107204075264e-09  1.220692870379904e-10 -9.598554825270307e-12  2.387606285982172e-12  9.999950062529550e-01  4.090546710350950e-04 -9.767487076003260e-08 -3.926684259233705e-07 
 3.981071705534965e+00  9.999122592855206e-09  1.266083640854318e-10 -9.572180907827451e-12  2.436688044324417e-12  9.999949384616829e-01  3.997440651526538e-04 -9.741370558283915e-08 -3.826758270976401e-07 
 4.073802778041119e+00  9.999110563763245e-09  1.312145482837369e-10 -9.544718975244147e-12  2.486468164472427e-12  9.999948737223909e-01  3.906443093719266e-04 -9.714110397035628e-08 -3.728921816052095e-07 
 4.168693834703346e+00  9.999127331258475e-09  1.358903263115748e-10 -9.516131238690561e-12  2.536936026335795e-12  9.999948118960018e-01  3.817527994325126e-04 -9.685669538453535e-08 -3.633126791755822e-07 
 4.265795188015918e+00  9.999115394798188e-09  1.406381329244948e-10 -9.486379221769435e-12  2.588079365991920e-12  9.999947528530894e-01  3.730625994654439e-04 -9.656010334695318e-08 -3.539326382641180e-07 
 4.365158322401651e+00  9.999088276633379e-09  1.454604968377168e-10 -9.455423827607853e-12  2.639884114774946e-12  9.999946964679431e-01  3.645696692079783e-04 -9.625094327049376e-08 -3.447475051408252e-07 
 4.466835921509622e+00  9.999102098908201e-09  1.503600156980024e-10 -9.423225392204395e-12  2.692334318964551e-12  9.999946426194823e-01  3.562715428741226e-04 -9.592882363459269e-08 -3.357528522183850e-07 
 4.570881896148741e+00  9.999099264419436e-09  1.553392451426666e-10 -9.389743733043424e-12  2.745412098694709e-12  9.999945911950292e-01  3.481617137690100e-04 -9.559334856140390e-08 -3.269443760380583e-07 
 4.677351412871972e+00  9.999107404842767e-09  1.604008449025978e-10 -9.354938239684571e-12  2.799097485099354e-12  9.999945420848063e-01  3.402368625987734e-04 -9.524411608750957e-08 -3.183178965488491e-07 
 4.786300923226373e+00  9.999097272050613e-09  1.655474787032915e-10 -9.318767939904905e-12  2.853368373584932e-12  9.999944951853269e-01  3.324917891353139e-04 -9.488072070738150e-08 -3.098693552603437e-07 
 4.897788193684452e+00  9.999096421947530e-09  1.707818941536102e-10 -9.281191598973077e-12  2.908200393257885e-12  9.999944503964708e-01  3.249233243808915e-04 -9.450275303567090e-08 -3.015948143009274e-07 
 5.011872336272712e+00  9.999103948444321e-09  1.761068656151049e-10 -9.242167809034857e-12  2.963566841632050e-12  9.999944076232803e-01  3.175274055500221e-04 -9.410980176317726e-08 -2.934904548639428e-07 
 5.128613839913638e+00  9.999104692241393e-09  1.815252066771165e-10 -9.201655097429124e-12  3.019438588609712e-12  9.999943667753433e-01  3.102996224590738e-04 -9.370145457232235e-08 -2.855525760167667e-07 
 5.248074602497715e+00  9.999111870898314e-09  1.870397985662608e-10 -9.159612047370751e-12  3.075783975934243e-12  9.999943277657519e-01  3.032365584179992e-04 -9.327729895832616e-08 -2.777775936053427e-07 
 5.370317963702516e+00  9.999096023260936e-09  1.926535474525799e-10 -9.115997418008434e-12  3.132568752786335e-12  9.999942905122958e-01  2.963335819794386e-04 -9.283692417300157e-08 -2.701620388392641e-07 
 5.495408738576233e+00  9.999084482102195e-09  1.983694465946552e-10 -9.070770290666827e-12  3.189755967652219e-12  9.999942549354405e-01  2.895878718809066e-04 -9.237992179636304e-08 -2.627025573687829e-07 
 5.623413251903478e+00  9.999076107658005e-09  2.041905258293392e-10 -9.023890208281131e-12  3.247305917106280e-12  9.999942209597512e-01  2.829958101242451e-04 -9.190588798788426e-08 -2.553959078288181e-07 
 5.754399373371556e+00  9.999098127973017e-09  2.101198865304987e-10 -8.975317338574959e-12  3.305176061798575e-12  9.999941885127511e-01  2.765546480649297e-04 -9.141442466758059e-08 -2.482389607615378e-07 
 5.888436553555876e+00  9.999092450860117e-09  2.161606399314641e-10 -8.925012632129504e-12  3.363320993385268e-12  9.999941575265295e-01  2.702593422741786e-04 -9.090514204127102e-08 -2.412286970644592e-07 
 6.025595860743564e+00  9.999100400203478e-09  2.223160118047492e-10 -8.872938018231570e-12  3.421692335240911e-12  9.999941279347263e-01  2.641076985485302e-04 -9.037765915254065e-08 -2.343622071552766e-07 
 6.165950018614807e+00  9.999077974236839e-09  2.285892426341358e-10 -8.819056577278450e-12  3.480238744577751e-12  9.999940996751850e-01  2.580952945055822e-04 -8.983160707876048e-08 -2.276366891466107e-07 
 6.309573444801917e+00  9.999080581570449e-09  2.349836875577857e-10 -8.763332756758597e-12  3.538905836249391e-12  9.999940726872034e-01  2.522203941127245e-04 -8.926662981312364e-08 -2.210494478586805e-07 
 6.456542290346539e+00  9.999106720592605e-09  2.415027354257717e-10 -8.705732565995836e-12  3.597636199217821e-12  9.999940469135979e-01  2.464798013427539e-04 -8.868238738371575e-08 -2.145978929288421e-07 
 6.606934480075944e+00  9.999097976299072e-09  2.481498137603031e-10 -8.646223794258127e-12  3.656369387754832e-12  9.999940223004169e-01  2.408690254439865e-04 -8.807855800385951e-08 -2.082795372172551e-07 
 6.760829753919801e+00  9.999095334487631e-09  2.549284674213692e-10 -8.584776250930283e-12  3.715041895885362e-12  9.999939987949406e-01  2.353861148490166e-04 -8.745483957510337e-08 -2.020919954213170e-07 
 6.918309709189348e+00  9.999097071416289e-09  2.618422895430609e-10 -8.521361986754836e-12  3.773587212150015e-12  9.999939763473387e-01  2.300281126844883e-04 -8.681095285518999e-08 -1.960329819097273e-07 
 7.079457843841362e+00  9.999072960838647e-09  2.688949321994101e-10 -8.455955535613010e-12  3.831935856696957e-12  9.999939549103086e-01  2.247914915459795e-04 -8.614664380478560e-08 -1.901003087727749e-07 
 7.244359600749883e+00  9.999106376997333e-09  2.760901722290133e-10 -8.388534172565891e-12  3.890015413920848e-12  9.999939344375388e-01  2.196753466291331e-04 -8.546168549737401e-08 -1.842918839535446e-07 
 7.413102413009157e+00  9.999095866290535e-09  2.834317793350615e-10 -8.319078138025232e-12  3.947750668425011e-12  9.999939148866160e-01  2.146746995936734e-04 -8.475588194648057e-08 -1.786057083618495e-07 
 7.585775750291819e+00  9.999096199443271e-09  2.909236704350723e-10 -8.247570919426961e-12  4.005063640987671e-12  9.999938962155307e-01  2.097881138302250e-04 -8.402906925323897e-08 -1.730398740402091e-07 
 7.762471166286898e+00  9.999076785522225e-09  2.985698049676167e-10 -8.173999483774613e-12  4.061873755522308e-12  9.999938783849498e-01  2.050123553028943e-04 -8.328111918976022e-08 -1.675925610291985e-07 
 7.943282347242794e+00  9.999092195504447e-09  3.063742594515482e-10 -8.098354544217258e-12  4.118097953902961e-12  9.999938613565909e-01  2.003460131186852e-04 -8.251194114077776e-08 -1.622620347960160e-07 
 8.128305161640972e+00  9.999068997256610e-09  3.143411421592914e-10 -8.020630791459106e-12  4.173650900025653e-12  9.999938450949372e-01  1.957851268602018e-04 -8.172148538588060e-08 -1.570466427859936e-07 
 8.317637711026689e+00  9.999104174764128e-09  3.224747154690569e-10 -7.940827162328211e-12  4.228445123508551e-12  9.999938295647427e-01  1.913291863860325e-04 -8.090974461499317e-08 -1.519448116197073e-07 
 8.511380382023743e+00  9.999081434505732e-09  3.307792467802670e-10 -7.858947044741261e-12  4.282391297211184e-12  9.999938147339404e-01  1.869735771698175e-04 -8.007675754268418e-08 -1.469550429575109e-07 
 8.709635899560784e+00  9.999083309614222e-09  3.392591710015794e-10 -7.774998537595581e-12  4.335398414713974e-12  9.999938005704627e-01  1.827175732102675e-04 -7.922260998410870e-08 -1.420759104123969e-07 
 8.912509381337431e+00  9.999092729825792e-09  3.479189775634686e-10 -7.688994640352925e-12  4.387374101960310e-12  9.999937870443996e-01  1.785585816850157e-04 -7.834743792612584e-08 -1.373060551253659e-07 
 9.120108393559072e+00  9.999092490168886e-09  3.567632518279725e-10 -7.600953459768686e-12  4.438224891500312e-12  9.999937741271713e-01  1.744940879614250e-04 -7.745142925435236e-08 -1.326441817498553e-07 
 9.332543007969884e+00  9.999093665966736e-09  3.657966871368893e-10 -7.510898392777977e-12  4.487856532100338e-12  9.999937617913065e-01  1.705221376444154e-04 -7.653482554123205e-08 -1.280890541035527e-07 
 9.549925860214332e+00  9.999092974153425e-09  3.750240720588492e-10 -7.418858283253811e-12  4.536174330293548e-12  9.999937500106576e-01  1.666405683736107e-04 -7.559792379127255e-08 -1.236394905218245e-07 
 9.772372209558078e+00  9.999072766311785e-09  3.844502932827789e-10 -7.324867558897091e-12  4.583083506774552e-12  9.999937387603299e-01  1.628470368266948e-04 -7.464107783294241e-08 -1.192943590862935e-07 
 9.999999999999970e+00  9.999086285439373e-09  3.940803661991793e-10 -7.228966348497073e-12  4.628489562450344e-12  9.999937280161745e-01  1.591404008730060e-04 -7.366469929132183e-08 -1.150525727808282e-07 
 1.023292992280751e+01  9.999087130196247e-09  4.039193815709311e-10 -7.131200551664774e-12  4.672298692472084e-12  9.999937177556504e-01  1.555179362296139e-04 -7.266925876735721e-08 -1.109130841839783e-07 
 1.047128548050896e+01  9.999071353674964e-09  4.139725552642932e-10 -7.031621901163013e-12  4.714418177765999e-12  9.999937079570033e-01  1.519776760196389e-04 -7.165528608597103e-08 -1.068748804152486e-07 
 1.071519305237603e+01  9.999091665699801e-09  4.242452336292559e-10 -6.930287982352479e-12  4.754756805759227e-12  9.999936985992054e-01  1.485185434593931e-04 -7.062337049248110e-08 -1.029369778080829e-07 
 1.096478196143182e+01  9.999086895954829e-09  4.347428448188634e-10 -6.827262204738861e-12  4.793225319250794e-12  9.999936896626883e-01  1.451377794373210e-04 -6.957416076264361e-08 -9.909841631969584e-08 
 1.122018454301960e+01  9.999080934261667e-09  4.454709621879360e-10 -6.722613763294722e-12  4.829736832472722e-12  9.999936811283839e-01  1.418339556682006e-04 -6.850836434764729e-08 -9.535825429819715e-08 
 1.148153621496879e+01  9.999083246238280e-09  4.564352764290739e-10 -6.616417540461226e-12  4.864207281884255e-12  9.999936729781550e-01  1.386054527225566e-04 -6.742674661655247e-08 -9.171556291844060e-08 
 1.174897554939526e+01  9.999088863235204e-09  4.676415996384157e-10 -6.508753976478290e-12  4.896555865079779e-12  9.999936651947342e-01  1.354504835173409e-04 -6.633012953143573e-08 -8.816942076101857e-08 
 1.202264434617409e+01  9.999078371797569e-09  4.790958681887740e-10 -6.399708900259577e-12  4.926705474946826e-12  9.999936577616836e-01  1.323671152046736e-04 -6.521938992108793e-08 -8.471890846123516e-08 
 1.230268770812378e+01  9.999088956000211e-09  4.908041653623558e-10 -6.289373325245804e-12  4.954583119262378e-12  9.999936506631022e-01  1.293542087321430e-04 -6.409545727715839e-08 -8.136310352754910e-08 
 1.258925411794163e+01  9.999086489823677e-09  5.027726899088994e-10 -6.177843193017373e-12  4.980120344332874e-12  9.999936438840538e-01  1.264097162826216e-04 -6.295931137520659e-08 -7.810107513947729e-08 
 1.288249551693130e+01  9.999079210447660e-09  5.150077900354126e-10 -6.065219094294175e-12  5.003253620986151e-12  9.999936374101269e-01  1.235321899098347e-04 -6.181197922994138e-08 -7.493187934927456e-08 
 1.318256738556403e+01  9.999089284230789e-09  5.275159583917376e-10 -5.951605943436952e-12  5.023924721859621e-12  9.999936312275233e-01  1.207203755882369e-04 -6.065453183885418e-08 -7.185455439206664e-08 
 1.348962882591649e+01  9.999081740075568e-09  5.403038183418411e-10 -5.837112615301861e-12  5.042081075969354e-12  9.999936253232339e-01  1.179723553442410e-04 -5.948808058891159e-08 -6.886811624679638e-08 
 1.380384264602880e+01  9.999078140924039e-09  5.533781555412025e-10 -5.721851560340984e-12  5.057676080948822e-12  9.999936196846695e-01  1.152869351888771e-04 -5.831377316317249e-08 -6.597155464738134e-08 
 1.412537544622749e+01  9.999085515842016e-09  5.667459037066603e-10 -5.605938378065946e-12  5.070669396499416e-12  9.999936142998538e-01  1.126627672519566e-04 -5.713278930601550e-08 -6.316382930381109e-08 
 1.445439770745922e+01  9.999096344786697e-09  5.804141487634855e-10 -5.489491367874019e-12  5.081027196598071e-12  9.999936091573869e-01  1.100983688101828e-04 -5.594633624240340e-08 -6.044386656156389e-08 
 1.479108388168202e+01  9.999088542656395e-09  5.943901328704822e-10 -5.372631056330717e-12  5.088722383107288e-12  9.999936042464144e-01  1.075921400153894e-04 -5.475564385764233e-08 -5.781055647199983e-08 
 1.513561248436203e+01  9.999096495951590e-09  6.086812739220741e-10 -5.255479708629567e-12  5.093734754367144e-12  9.999935995564361e-01  1.051431275363168e-04 -5.356195963619661e-08 -5.526275033876210e-08 
 1.548816618912476e+01  9.999083149229915e-09  6.232951413705961e-10 -5.138160813707093e-12  5.096051142216408e-12  9.999935950775874e-01  1.027496406065325e-04 -5.236654356810425e-08 -5.279925860278823e-08 
 1.584893192461108e+01  9.999067882846816e-09  6.382394878714451e-10 -5.020798572388419e-12  5.095665489533350e-12  9.999935908003230e-01  1.004106199355472e-04 -5.117066278407382e-08 -5.041884934993545e-08 
 1.621810097358924e+01  9.999083861759145e-09  6.535222436723342e-10 -4.903517369733470e-12  5.092578892137435e-12  9.999935867155056e-01  9.812515198795014e-05 -4.997558623472713e-08 -4.812024719792676e-08 
 1.659586907437554e+01  9.999092751410642e-09  6.691515041178618e-10 -4.786441243958599e-12  5.086799595843519e-12  9.999935828145498e-01  9.589163608662802e-05 -4.878257936165444e-08 -4.590213265608058e-08 
 1.698243652461738e+01  9.999084171412015e-09  6.851355542337968e-10 -4.669693367844162e-12  5.078342938236192e-12  9.999935790891968e-01  9.370879555270446e-05 -4.759289870829179e-08 -4.376314206377306e-08 
 1.737800828749369e+01  9.999089884193650e-09  7.014828749612404e-10 -4.553395533247226e-12  5.067231249866916e-12  9.999935755314880e-01  9.157577526504360e-05 -4.640778666139969e-08 -4.170186795746837e-08 
 1.778279410038916e+01  9.999084297245043e-09  7.182021291026559e-10 -4.437667642715507e-12  5.053493715830976e-12  9.999935721339211e-01  8.949120612402936e-05 -4.522846636011654e-08 -3.971685985621775e-08 
 1.819700858609976e+01  9.999083913676966e-09  7.353021844424797e-10 -4.322627227291727e-12  5.037166186055200e-12  9.999935688892618e-01  8.745413421786133e-05 -4.405613669372150e-08 -3.780662558419703e-08 
 1.862087136662860e+01  9.999090464253052e-09  7.527921079059823e-10 -4.208388977762500e-12  5.018290951968886e-12  9.999935657906263e-01  8.546349107276172e-05 -4.289196757518804e-08 -3.596963294986868e-08 
 1.905460717963240e+01  9.999090880918713e-09  7.706811706550184e-10 -4.095064303344135e-12  4.996916482804189e-12  9.999935628314611e-01  8.351810798935656e-05 -4.173709544144993e-08 -3.420431185026200e-08 
 1.949844599758038e+01  9.999085690425571e-09  7.889788578865041e-10 -3.982760919637706e-12  4.973097126229254e-12  9.999935600054874e-01  8.161696138390460e-05 -4.059261903300929e-08 -3.250905675212391e-08 
 1.995262314968872e+01  9.999074774634204e-09  8.076948711363465e-10 -3.871582465868717e-12  4.946892779191331e-12  9.999935573067116e-01  7.975904545429859e-05 -3.945959550517483e-08 -3.088222948973647e-08 
 2.041737944669521e+01  9.999071550792169e-09  8.268391363567499e-10 -3.761628157079179e-12  4.918368530021055e-12  9.999935547293894e-01  7.794348279576613e-05 -3.833903687513494e-08 -2.932216236837933e-08 
 2.089296130854031e+01  9.999088729036758e-09  8.464218056644917e-10 -3.652992471067342e-12  4.887594277557209e-12  9.999935522680428e-01  7.616940337654035e-05 -3.723190684237369e-08 -2.782716151444708e-08 
 2.137962089502224e+01  9.999081436384087e-09  8.664532551996233e-10 -3.545764871434814e-12  4.854644331376428e-12  9.999935499175031e-01  7.443552178932502e-05 -3.613911799864980e-08 -2.639551043030141e-08 
 2.187761623949544e+01  9.999089288546800e-09  8.869441120949988e-10 -3.440029576690430e-12  4.819596990793487e-12  9.999935476727381e-01  7.274121957658714e-05 -3.506152939143511e-08 -2.502547377735835e-08 
 2.238721138568331e+01  9.999080036008403e-09  9.079052359635235e-10 -3.335865357679007e-12  4.782534120451183e-12  9.999935455290222e-01  7.108536148990541e-05 -3.399994455147828e-08 -2.371530120554238e-08 
 2.290867652767764e+01  9.999077421802151e-09  9.293477441600639e-10 -3.233345384966257e-12  4.743540710706968e-12  9.999935434817827e-01  6.946724295118871e-05 -3.295510986654060e-08 -2.246323134900516e-08 
 2.344228815319913e+01  9.999090088088500e-09  9.512830069296433e-10 -3.132537108400679e-12  4.702704439657481e-12  9.999935415266700e-01  6.788606144333586e-05 -3.192771339471609e-08 -2.126749581621891e-08 
 2.398832919019481e+01  9.999083112858988e-09  9.737226498468966e-10 -3.033502177090651e-12  4.660115234045686e-12  9.999935396595697e-01  6.634073974808917e-05 -3.091838406066966e-08 -2.012632320225728e-08 
 2.454708915685020e+01  9.999077440702428e-09  9.966785736569700e-10 -2.936296400947744e-12  4.615864831488118e-12  9.999935378765010e-01  6.483060337124929e-05 -2.992769121752922e-08 -1.903794309816818e-08 
 2.511886431509570e+01  9.999078783447328e-09  1.020162950507919e-09 -2.840969742837878e-12  4.570046353771969e-12  9.999935361736783e-01  6.335488717913698e-05 -2.895614460263589e-08 -1.800058999782994e-08 
 2.570395782768853e+01  9.999091782663044e-09  1.044188232705639e-09 -2.747566347928152e-12  4.522753888735012e-12  9.999935345474861e-01  6.191283437004787e-05 -2.800419463048116e-08 -1.701250712739111e-08 
 2.630267991895371e+01  9.999077327207238e-09  1.068767153933597e-09 -2.656124603774081e-12  4.474082086503062e-12  9.999935329945052e-01  6.050343873273402e-05 -2.707223302188094e-08 -1.607195013820717e-08 
 2.691534803926904e+01  9.999094607117372e-09  1.093912753566059e-09 -2.566677235586998e-12  4.424125768586659e-12  9.999935315113969e-01  5.912631450443849e-05 -2.616059372160063e-08 -1.517719067831180e-08 
 2.754228703338154e+01  9.999087898241272e-09  1.119638357233773e-09 -2.479251419437967e-12  4.372979560924555e-12  9.999935300950566e-01  5.778039650398858e-05 -2.526955413388264e-08 -1.432651972920437e-08 
 2.818382931264442e+01  9.999071243045369e-09  1.145957606910573e-09 -2.393868931439108e-12  4.320737540427848e-12  9.999935287424682e-01  5.646506005288378e-05 -2.439933657465399e-08 -1.351825081419001e-08 
 2.884031503126593e+01  9.999071547288726e-09  1.172884460425494e-09 -2.310546312734245e-12  4.267492907046336e-12  9.999935274507455e-01  5.517976004614653e-05 -2.355010997729084e-08 -1.275072295554831e-08 
 2.951209226666373e+01  9.999071673839937e-09  1.200433192818018e-09 -2.229295054572281e-12  4.213337678272763e-12  9.999935262171600e-01  5.392371604297921e-05 -2.272199179757602e-08 -1.202230341175349e-08 
 3.019951720402003e+01  9.999081429538004e-09  1.228618411815065e-09 -2.150121803536078e-12  4.158362405575486e-12  9.999935250390894e-01  5.269631382310668e-05 -2.191505008320942e-08 -1.133139019973721e-08 
 3.090295432513577e+01  9.999080652882970e-09  1.257455059375983e-09 -2.073028578116419e-12  4.102655916706784e-12  9.999935239140468e-01  5.149679527521579e-05 -2.112930569935816e-08 -1.067641436176966e-08 
 3.162277660168365e+01  9.999075983810598e-09  1.286958425895587e-09 -1.998012999649884e-12  4.046305081146958e-12  9.999935228396414e-01  5.032456160380881e-05 -2.036473466685098e-08 -1.005584200469019e-08 
 3.235936569296268e+01  9.999100787348057e-09  1.317144157793586e-09 -1.925068531129151e-12  3.989394600840445e-12  9.999935218135774e-01  4.917915672020096e-05 -1.962127059882254e-08 -9.468176089325789e-09 
 3.311311214825896e+01  9.999087177636943e-09  1.348028253042241e-09 -1.854184720439153e-12  3.932006826387095e-12  9.999935208337127e-01  4.805963702845073e-05 -1.889880721234128e-08 -8.911957968253715e-09 
 3.388441561392010e+01  9.999064883611717e-09  1.379627089951934e-09 -1.785347454637692e-12  3.874221593977006e-12  9.999935198979528e-01  4.696556141489502e-05 -1.819720087075946e-08 -8.385768719747121e-09 
 3.467368504525301e+01  9.999075897321323e-09  1.411957426629071e-09 -1.718539210827367e-12  3.816116088485678e-12  9.999935190042941e-01  4.589654527151529e-05 -1.751627316514931e-08 -7.888230222529108e-09 
 3.548133892335738e+01  9.999089118120694e-09  1.445036401951857e-09 -1.653739307833204e-12  3.757764728778732e-12  9.999935181508562e-01  4.485187165576964e-05 -1.685581349828383e-08 -7.418006011429259e-09 
 3.630780547700997e+01  9.999085520582601e-09  1.478881553161485e-09 -1.590924159606087e-12  3.699239073158876e-12  9.999935173358362e-01  4.383090264177471e-05 -1.621558164799339e-08 -6.973801934847208e-09 
 3.715352290971708e+01  9.999086475197400e-09  1.513510827408880e-09 -1.530067524394898e-12  3.640607745945666e-12  9.999935165574960e-01  4.283319357892624e-05 -1.559531030297951e-08 -6.554366603769299e-09 
 3.801893963205595e+01  9.999082589636782e-09  1.548942584573632e-09 -1.471140747863035e-12  3.581936384109591e-12  9.999935158141893e-01  4.185817479199237e-05 -1.499470755599617e-08 -6.158491643172852e-09 
 3.890451449942788e+01  9.999076230414467e-09  1.585195611548355e-09 -1.414113002351893e-12  3.523287601246128e-12  9.999935151043371e-01  4.090534039299065e-05 -1.441345933467321e-08 -5.785011773328634e-09 
 3.981071705534954e+01  9.999095618005280e-09  1.622289132294664e-09 -1.358951518731646e-12  3.464720968718416e-12  9.999935144264253e-01  3.997429867544188e-05 -1.385123176352279e-08 -5.432804722599613e-09 
 4.073802778041109e+01  9.999095231155569e-09  1.660242810472366e-09 -1.305621808880248e-12  3.406293013031276e-12  9.999935137790311e-01  3.906437103590556e-05 -1.330767344863946e-08 -5.100790981142987e-09 
 4.168693834703335e+01  9.999083576217144e-09  1.699076770662715e-09 -1.254087882782300e-12  3.348057226249991e-12  9.999935131607773e-01  3.817511289257820e-05 -1.278241766944603e-08 -4.787933427849269e-09 
 4.265795188015907e+01  9.999080422465486e-09  1.738811604358632e-09 -1.204312453877363e-12  3.290064090464006e-12  9.999935125703475e-01  3.730612946630866e-05 -1.227508448032256e-08 -4.493236820187388e-09 
 4.365158322401639e+01  9.999074031165652e-09  1.779468378855162e-09 -1.156257134799910e-12  3.232361113917683e-12  9.999935120064920e-01  3.645691498140793e-05 -1.178528271238016e-08 -4.215747171054054e-09 
 4.466835921509610e+01  9.999092063453440e-09  1.821068652861982e-09 -1.109882624411309e-12  3.174992877124804e-12  9.999935114680077e-01  3.562711853073224e-05 -1.131261187013099e-08 -3.954551029650693e-09 
 4.570881896148729e+01  9.999087742646935e-09  1.863634479864432e-09 -1.065148882256386e-12  3.118001089072140e-12  9.999935109537651e-01  3.481613125888693e-05 -1.085666392539837e-08 -3.708774665185420e-09 
 4.677351412871960e+01  9.999081801444266e-09  1.907188430458080e-09 -1.022015295486409e-12  3.061424650493870e-12  9.999935104626675e-01  3.402359913990137e-05 -1.041702500027264e-08 -3.477583184033447e-09 
 4.786300923226361e+01  9.999077050879539e-09  1.951753597715516e-09 -9.804408325806613e-13  3.005299725104889e-12  9.999935099936724e-01  3.324911167372806e-05 -9.993276945920445e-09 -3.260179571182509e-09 
 4.897788193684438e+01  9.999086626769538e-09  1.997353611552042e-09 -9.403841878778546e-13  2.949659816332434e-12  9.999935095457826e-01  3.249230060839522e-05 -9.584998812610674e-09 -3.055803680918855e-09 
 5.011872336272698e+01  9.999076963896488e-09  2.044012647290858e-09 -9.018039148699580e-13  2.894535849302976e-12  9.999935091180554e-01  3.175265486398931e-05 -9.191768214827895e-09 -2.863731179112924e-09 
 5.128613839913623e+01  9.999081289602583e-09  2.091755446588170e-09 -8.646585509366324e-13  2.839956256358221e-12  9.999935087095762e-01  3.102988962110544e-05 -8.813162590766967e-09 -2.683272454581181e-09 
 5.248074602497700e+01  9.999071526953029e-09  2.140607321498948e-09 -8.289067298324660e-13  2.785947066493710e-12  9.999935083194840e-01  3.032353349334267e-05 -8.448760362777893e-09 -2.513771495401165e-09 
 5.370317963702501e+01  9.999085980499303e-09  2.190594176215178e-09 -7.945072868754688e-13  2.732531996462269e-12  9.999935079469445e-01  2.963332843517818e-05 -8.098141997050429e-09 -2.354604753078385e-09 
 5.495408738576219e+01  9.999087009398870e-09  2.241742512107403e-09 -7.614193524492906e-13  2.679732544271888e-12  9.999935075911744e-01  2.895879450750550e-05 -7.760890970515697e-09 -2.205179987021886e-09 
 5.623413251903463e+01  9.999088692891980e-09  2.294079449571395e-09 -7.296024388491876e-13  2.627568083011747e-12  9.999935072514167e-01  2.829961663140024e-05 -7.436594644369457e-09 -2.064935110281024e-09 
 5.754399373371541e+01  9.999085535530052e-09  2.347632737948607e-09 -6.990165168932408e-13  2.576055955592315e-12  9.999935069269517e-01  2.765542997836567e-05 -7.124845051788888e-09 -1.933337030468488e-09 
 5.888436553555861e+01  9.999094846387698e-09  2.402430773198669e-09 -6.696220852920585e-13  2.525211569102962e-12  9.999935066170873e-01  2.702594070214263e-05 -6.825239601722154e-09 -1.809880498981976e-09 
 6.025595860743547e+01  9.999099631669595e-09  2.458502608741406e-09 -6.413802315569949e-13  2.475048488775931e-12  9.999935063211700e-01  2.641076782491333e-05 -6.537381704391412e-09 -1.694086968539637e-09 
 6.165950018614791e+01  9.999062528192725e-09  2.515877972424606e-09 -6.142526861455194e-13  2.425578530782640e-12  9.999935060385777e-01  2.580948958136920e-05 -6.260881321875531e-09 -1.585503466820131e-09 
 6.309573444801901e+01  9.999067619836143e-09  2.574587290376466e-09 -5.882018704697047e-13  2.376811853468521e-12  9.999935057686978e-01  2.522200671612912e-05 -5.995355448165347e-09 -1.483701490126508e-09 
 6.456542290346522e+01  9.999078552218121e-09  2.634661688848735e-09 -5.631909360357420e-13  2.328757047500435e-12  9.999935055109640e-01  2.464791069871945e-05 -5.740428525093578e-09 -1.388275912149707e-09 
 6.606934480075925e+01  9.999080321143120e-09  2.696133019424417e-09 -5.391838000441850e-13  2.281421223398159e-12  9.999935052648309e-01  2.408686001476037e-05 -5.495732795194959e-09 -1.298843923318549e-09 
 6.760829753919782e+01  9.999078939348460e-09  2.759033875226590e-09 -5.161451744191294e-13  2.234810097113458e-12  9.999935050297762e-01  2.353857288952902e-05 -5.260908598106162e-09 -1.215043993885600e-09 
 6.918309709189329e+01  9.999086876875164e-09  2.823397607669333e-09 -4.940405895708525e-13  2.188928073224525e-12  9.999935048052998e-01  2.300278781602076e-05 -5.035604613993549e-09 -1.136534865066760e-09 
 7.079457843841342e+01  9.999080063652714e-09  2.889258342232866e-09 -4.728364132389213e-13  2.143778325598431e-12  9.999935045909281e-01  2.247916512260000e-05 -4.819478058041862e-09 -1.062994569651723e-09 
 7.244359600749863e+01  9.999096981563814e-09  2.956651000960743e-09 -4.524998656210327e-13  2.099362875217284e-12  9.999935043862020e-01  2.196751402161766e-05 -4.612194829476155e-09 -9.941194851032964e-10 
 7.413102413009136e+01  9.999081946414749e-09  3.025611313627139e-09 -4.329990291913886e-13  2.055682665513264e-12  9.999935041906935e-01  2.146744007421386e-05 -4.413429619839194e-09 -9.296234155468486e-10 
 7.585775750291798e+01  9.999069427105655e-09  3.096175845546632e-09 -4.143028564370239e-13  2.012737634510389e-12  9.999935040039842e-01  2.097875521276378e-05 -4.222865982653056e-09 -8.692367097261979e-10 
 7.762471166286876e+01  9.999084131626398e-09  3.168382012210934e-09 -3.963811728557153e-13  1.970526784387223e-12  9.999935038256755e-01  2.050125059210120e-05 -4.040196369324764e-09 -8.127054085886783e-10 
 7.943282347242773e+01  9.999083704358809e-09  3.242268096148235e-09 -3.792046771729321e-13  1.929048248071117e-12  9.999935036553937e-01  2.003458429865235e-05 -3.865122133671217e-09 -7.597904263920280e-10 
 8.128305161640949e+01  9.999086140409831e-09  3.317873273757203e-09 -3.627449395350377e-13  1.888299352783568e-12  9.999935034927754e-01  1.957854625288960e-05 -3.697353507973609e-09 -7.102667660784136e-10 
 8.317637711026666e+01  9.999084017191865e-09  3.395237631515814e-09 -3.469743963360500e-13  1.848276680879012e-12  9.999935033374763e-01  1.913288006782903e-05 -3.536609554097388e-09 -6.639227653544015e-10 
 8.511380382023719e+01  9.999086598262117e-09  3.474402189562742e-09 -3.318663433436228e-13  1.808976127720989e-12  9.999935031891664e-01  1.869736737272878e-05 -3.382618091773928e-09 -6.205593760152371e-10 
 8.709635899560760e+01  9.999076648249717e-09  3.555408920725110e-09 -3.173949265368861e-13  1.770392956802351e-12  9.999935030475329e-01  1.827174514842739e-05 -3.235115606892136e-09 -5.799894743382092e-10 
 8.912509381337408e+01  9.999066696408108e-09  3.638300777406706e-09 -3.035351315477211e-13  1.732521852035986e-12  9.999935029122731e-01  1.785581167938242e-05 -3.093847141901972e-09 -5.420372032261387e-10 
 9.120108393559049e+01  9.999084219523786e-09  3.723121709910994e-09 -2.902627713150351e-13  1.695356967390264e-12  9.999935027830997e-01  1.744939436304599e-05 -2.958566170726716e-09 -5.065373442597028e-10 
 9.332543007969861e+01  9.999085742895009e-09  3.809916690076728e-09 -2.775544722217512e-13  1.658891973917930e-12  9.999935026597415e-01  1.705220025262568e-05 -2.829034460157750e-09 -4.733347190967107e-10 
 9.549925860214309e+01  9.999069860764476e-09  3.898731738166163e-09 -2.653876596879229e-13  1.623120104118637e-12  9.999935025419359e-01  1.666401831758455e-05 -2.705021919369285e-09 -4.422836207649344e-10 
 9.772372209558054e+01  9.999090750724699e-09  3.989613946825919e-09 -2.537405424421301e-13  1.588034193881601e-12  9.999935024294301e-01  1.628473297246889e-05 -2.586306439576765e-09 -4.132472722742332e-10 
 9.999999999999946e+01  9.999086916598767e-09  4.082611500602629e-09 -2.425920955073732e-13  1.553626722100352e-12  9.999935023219895e-01  1.591404109182201e-05 -2.472673725419307e-09 -3.860973115501982e-10 
 1.023292992280749e+02  9.999079374381827e-09  4.177773708902675e-09 -2.319220434956457e-13  1.519889847811986e-12  9.999935022193849e-01  1.555178156017774e-05 -2.363917119136289e-09 -3.607133041342923e-10 
 1.047128548050894e+02  9.999085588801956e-09  4.275151028435183e-09 -2.217108425776020e-13  1.486815445236145e-12  9.999935021213975e-01  1.519778923818835e-05 -2.259837419342411e-09 -3.369822797685712e-10 
 1.071519305237600e+02  9.999076004215751e-09  4.374795089449705e-09 -2.119396621694686e-13  1.454395136648268e-12  9.999935020278208e-01  1.485183108361836e-05 -2.160242695347957e-09 -3.147982934756148e-10 
 1.096478196143179e+02  9.999086853423245e-09  4.476758725009689e-09 -2.025903666427707e-13  1.422620323151653e-12  9.999935019384552e-01  1.451377788199711e-05 -2.064948098092499e-09 -2.940620104203698e-10 
 1.122018454301957e+02  9.999077133111872e-09  4.581095996688059e-09 -1.936454996911244e-13  1.391482212592534e-12  9.999935018531125e-01  1.418339017500344e-05 -1.973775667498512e-09 -2.746803171122208e-10 
 1.148153621496876e+02  9.999083960113956e-09  4.687862226876449e-09 -1.850882517836550e-13  1.360971850473626e-12  9.999935017716099e-01  1.386054626181702e-05 -1.886554145336471e-09 -2.565659300991557e-10 
 1.174897554939523e+02  9.999079458297719e-09  4.797114023179748e-09 -1.769024620688286e-13  1.331080139108532e-12  9.999935016937761e-01  1.354503561154002e-05 -1.803118773206362e-09 -2.396370744411827e-10 
 1.202264434617406e+02  9.999083390088106e-09  4.908909313002148e-09 -1.690725853651592e-13  1.301797865201357e-12  9.999935016194453e-01  1.323671816364607e-05 -1.723311105174676e-09 -2.238171314678758e-10 
 1.230268770812374e+02  9.999062578271460e-09  5.023307370977462e-09 -1.615836766932578e-13  1.273115720695747e-12  9.999935015484606e-01  1.293538674940320e-05 -1.646978813767114e-09 -2.090343303741121e-10 
 1.258925411794160e+02  9.999086067853882e-09  5.140368854314112e-09 -1.544213727791199e-13  1.245024323078346e-12  9.999935014806690e-01  1.264097109480264e-05 -1.573975498716508e-09 -1.952214528882004e-10 
 1.288249551693126e+02  9.999082334701523e-09  5.260155828273883e-09 -1.475718730694095e-13  1.217514234312017e-12  9.999935014159298e-01  1.235322285079813e-05 -1.504160497636722e-09 -1.823155539193314e-10 
 1.318256738556399e+02  9.999079599937324e-09  5.382731806612660e-09 -1.410219217645639e-13  1.190575978289468e-12  9.999935013541043e-01  1.207202586684347e-05 -1.437398698820542e-09 -1.702576992530855e-10 
 1.348962882591645e+02  9.999076607205850e-09  5.508161780745473e-09 -1.347587895049304e-13  1.164200057059814e-12  9.999935012950610e-01  1.179722947850074e-05 -1.373560356775406e-09 -1.589927176764466e-10 
 1.380384264602876e+02  9.999069654782446e-09  5.636512254983059e-09 -1.287702556052462e-13  1.138376965790754e-12  9.999935012386755e-01  1.152868373457321e-05 -1.312520910687686e-09 -1.484689678687248e-10 
 1.412537544622746e+02  9.999079562210162e-09  5.767851282852642e-09 -1.230445905977598e-13  1.113097206570161e-12  9.999935011848274e-01  1.126627001705585e-05 -1.254160806145053e-09 -1.386381189576253e-10 
 1.445439770745919e+02  9.999079093688390e-09  5.902248501900818e-09 -1.175705389900246e-13  1.088351301126153e-12  9.999935011334028e-01  1.100981788612398e-05 -1.198365320371217e-09 -1.294549438928510e-10 
 1.479108388168198e+02  9.999076627042655e-09  6.039775170664854e-09 -1.123373025885830e-13  1.064129802492256e-12  9.999935010842933e-01  1.075920118010653e-05 -1.145024391131948e-09 -1.208771253249753e-10 
 1.513561248436199e+02  9.999071851491769e-09  6.180504208679743e-09 -1.073345240344069e-13  1.040423305720535e-12  9.999935010373936e-01  1.051428683933452e-05 -1.094032449526032e-09 -1.128650729010244e-10 
 1.548816618912472e+02  9.999082440049968e-09  6.324510231823198e-09 -1.025522708189140e-13  1.017222457672493e-12  9.999935009926046e-01  1.027496333190661e-05 -1.045288256761744e-09 -1.053817516342861e-10 
 1.584893192461104e+02  9.999071164814098e-09  6.471869593623752e-09 -9.798101959517069e-14  9.945179659642146e-13  9.999935009498320e-01  1.004106528930564e-05 -9.986947450453296e-10 -9.839252053029422e-11 
 1.621810097358920e+02  9.999086085991311e-09  6.622660427002547e-09 -9.361164112241717e-14  9.723006070853781e-13  9.999935009089838e-01  9.812517381526195e-06 -9.541588626244812e-10 -9.186498123201668e-11 
 1.659586907437551e+02  9.999088015809675e-09  6.776962682437243e-09 -8.943538530332589e-14  9.505612337975439e-13  9.999935008699742e-01  9.589159067205557e-06 -9.115914230969719e-10 -8.576883557324754e-11 
 1.698243652461734e+02  9.999090522532368e-09  6.934858172739575e-09 -8.544386695652926e-14  9.292907817960030e-13  9.999935008327206e-01  9.370885507373966e-06 -8.709069589523958e-10 -8.007575216492270e-11 
 1.737800828749365e+02  9.999086675325206e-09  7.096430616965535e-09 -8.162905179645012e-14  9.084802757331657e-13  9.999935007971436e-01  9.157574587690760e-06 -8.320235794137422e-10 -7.475924098079209e-11 
 1.778279410038912e+02  9.999075160047560e-09  7.261765682048740e-09 -7.798324292943155e-14  8.881208346163914e-13  9.999935007631684e-01  8.949112434665885e-06 -7.948628325455640e-10 -6.979453577704950e-11 
 1.819700858609972e+02  9.999086286385891e-09  7.430951032240049e-09 -7.449906776149957e-14  8.682036766314568e-13  9.999935007307214e-01  8.745415497008310e-06 -7.593495716213793e-10 -6.515848379078049e-11 
 1.862087136662855e+02  9.999079985179489e-09  7.604076370957766e-09 -7.116946522289569e-14  8.487201234380103e-13  9.999935006997350e-01  8.546340150679461e-06 -7.254118257258537e-10 -6.082944221251779e-11 
 1.905460717963235e+02  9.999085267995666e-09  7.781233491528303e-09 -6.798767359113599e-14  8.296616039488498e-13  9.999935006701431e-01  8.351806110702331e-06 -6.929806745276476e-10 -5.678718128030381e-11 
 1.949844599758032e+02  9.999083769890049e-09  7.962516324674235e-09 -6.494721852266913e-14  8.110196576609642e-13  9.999935006418835e-01  8.161694570764417e-06 -6.619901272001739e-10 -5.301279327201273e-11 
 1.995262314968867e+02  9.999092110912169e-09  8.148020989688642e-09 -6.204190163196885e-14  7.927859375413466e-13  9.999935006148956e-01  7.975918373959154e-06 -6.323770054035062e-10 -4.948860733483580e-11 
 2.041737944669516e+02  9.999102014119624e-09  8.337845843657890e-09 -5.926578936258298e-14  7.749522125192755e-13  9.999935005891221e-01  7.794372025959760e-06 -6.040808302772058e-10 -4.619810959542570e-11 
 2.089296130854026e+02  9.999077123034387e-09  8.532091532635969e-09 -5.661320228682419e-14  7.575103696019877e-13  9.999935005645094e-01  7.616931496625636e-06 -5.770437133593119e-10 -4.312586834938714e-11 
 2.137962089502218e+02  9.999077565140224e-09  8.730861049757732e-09 -5.407870485359880e-14  7.404524156395289e-13  9.999935005410042e-01  7.443549297087240e-06 -5.512102513511076e-10 -4.025746403885892e-11 
 2.187761623949538e+02  9.999085934252803e-09  8.934259785762719e-09 -5.165709532954282e-14  7.237704787828351e-13  9.999935005185565e-01  7.274119517482141e-06 -5.265274246575454e-10 -3.757942354169219e-11 
 2.238721138568325e+02  9.999088900490689e-09  9.142395584506302e-09 -4.934339625581758e-14  7.074568096339742e-13  9.999935004971191e-01  7.108542450919594e-06 -5.029444995962040e-10 -3.507915875613560e-11 
 2.290867652767758e+02  9.999101805355816e-09  9.355378802590811e-09 -4.713284521716153e-14  6.915037821261988e-13  9.999935004766464e-01  6.946741235264216e-06 -4.804129341961720e-10 -3.274490907073334e-11 
 2.344228815319906e+02  9.999079391128531e-09  9.573322365093520e-09 -4.502088589847004e-14  6.759038941556148e-13  9.999935004570959e-01  6.788598881927971e-06 -4.588862874942831e-10 -3.056568747168095e-11 
 2.398832919019474e+02  9.999067922827484e-09  9.796341830835623e-09 -4.300315959226339e-14  6.606497679724944e-13  9.999935004384247e-01  6.634063896705617e-06 -4.383201322262771e-10 -2.853123018036593e-11 
 2.454708915685014e+02  9.999087109716446e-09  1.002455544702602e-08 -4.107549689855049e-14  6.457341503679819e-13  9.999935004205937e-01  6.483066606183431e-06 -4.186719708297060e-10 -2.663194943232526e-11 
 2.511886431509563e+02  9.999097083788913e-09  1.025808421496396e-08 -3.923390978816016e-14  6.311499126610104e-13  9.999935004035653e-01  6.335500313142650e-06 -3.999011546539157e-10 -2.485888932428597e-11 
 2.570395782768846e+02  9.999078846813121e-09  1.049705195379017e-08 -3.747458401810679e-14  6.168900505024104e-13  9.999935003873041e-01  6.191275427326012e-06 -3.819688062820671e-10 -2.320368453285234e-11 
 2.630267991895364e+02  9.999100279689900e-09  1.074158536987571e-08 -3.579387182881940e-14  6.029476835155243e-13  9.999935003717738e-01  6.050357761596140e-06 -3.648377448723518e-10 -2.165852168489215e-11 
 2.691534803926897e+02  9.999083490024942e-09  1.099181411601952e-08 -3.418828481788866e-14  5.893160547930099e-13  9.999935003569430e-01  5.912624876721649e-06 -3.484724144264463e-10 -2.021610315668935e-11 
 2.754228703338148e+02  9.999083494901304e-09  1.124787086799299e-08 -3.265448728436119e-14  5.759885302449057e-13  9.999935003427793e-01  5.778037105899495e-06 -3.328388148798460e-10 -1.886961332999896e-11 
 2.818382931264435e+02  9.999069269551916e-09  1.150989138937533e-08 -3.118929023142997e-14  5.629585977692521e-13  9.999935003292535e-01  5.646504890850624e-06 -3.179044358988563e-10 -1.761268724982249e-11 
 2.884031503126586e+02  9.999088211187278e-09  1.177801460723084e-08 -2.978964286588521e-14  5.502198666252417e-13  9.999935003163366e-01  5.517985200567703e-06 -3.036381935004368e-10 -1.643937977067148e-11 
 2.951209226666365e+02  9.999075050275801e-09  1.205238268540097e-08 -2.845263008152567e-14  5.377660660547405e-13  9.999935003040005e-01  5.392373425166659e-06 -2.900103688560689e-10 -1.534413988856745e-11 
 3.019951720401995e+02  9.999086782657471e-09  1.233314109627855e-08 -2.717546441367649e-14  5.255910444693257e-13  9.999935002922197e-01  5.269634203466458e-06 -2.769925499371573e-10 -1.432178356705246e-11 
 3.090295432513569e+02  9.999082546846612e-09  1.262043870103868e-08 -2.595548106772993e-14  5.136887682247759e-13  9.999935002809694e-01  5.149680502941846e-06 -2.645575753489098e-10 -1.336746988263617e-11 
 3.162277660168357e+02  9.999086861285196e-09  1.291442783052030e-08 -2.479013268474120e-14  5.020533203837526e-13  9.999935002702252e-01  5.032461634928158e-06 -2.526794804935605e-10 -1.247667845988725e-11 
 3.235936569296260e+02  9.999082515262191e-09  1.321526435938553e-08 -2.367698424668432e-14  4.906788994164792e-13  9.999935002599649e-01  4.917906685154254e-06 -2.413334459457813e-10 -1.164518833936311e-11 
 3.311311214825888e+02  9.999087838745006e-09  1.352310779719271e-08 -2.261370824056118e-14  4.795598178403015e-13  9.999935002501660e-01  4.805964020600227e-06 -2.304957479556813e-10 -1.086905825103027e-11 
 3.388441561392002e+02  9.999077278086403e-09  1.383812136537474e-08 -2.159807998401943e-14  4.686905008096254e-13  9.999935002408084e-01  4.696561963168528e-06 -2.201437110027178e-10 -1.014460815826697e-11 
 3.467368504525292e+02  9.999100526600970e-09  1.416047208917942e-08 -2.062797319126062e-14  4.580654846584990e-13  9.999935002318716e-01  4.589665832184726e-06 -2.102556623215504e-10 -9.468402031891043e-12 
 3.548133892335729e+02  9.999102817968933e-09  1.449033088180354e-08 -1.970135565812890e-14  4.476794154071742e-13  9.999935002233374e-01  4.485193310775080e-06 -2.008108883276606e-10 -8.837231721654558e-12 
 3.630780547700987e+02  9.999085843147193e-09  1.482787264023636e-08 -1.881628520186337e-14  4.375270472315707e-13  9.999935002151872e-01  4.383090405573387e-06 -1.917895928670168e-10 -8.248101919571223e-12 
 3.715352290971698e+02  9.999083475612635e-09  1.517327633286311e-08 -1.797090573016561e-14  4.276032409062798e-13  9.999935002074039e-01  4.283318072957305e-06 -1.831728572219732e-10 -7.698216090421644e-12 
 3.801893963205584e+02  9.999080179618991e-09  1.552672509747693e-08 -1.716344346729801e-14  4.179029622241125e-13  9.999935001999709e-01  4.185816470317233e-06 -1.749426018042697e-10 -7.184963322847589e-12 
 3.890451449942777e+02  9.999085239164924e-09  1.588840633755598e-08 -1.639220367220330e-14  4.084212803706153e-13  9.999935001928721e-01  4.090537724699562e-06 -1.670815494583807e-10 -6.705906181244459e-12 
 3.981071705534943e+02  9.999092781536178e-09  1.625851182114266e-08 -1.565556595928244e-14  3.991533664075568e-13  9.999935001860930e-01  3.997428733583014e-06 -1.595731903728594e-10 -6.258768727669029e-12 
 4.073802778041097e+02  9.999083888281401e-09  1.663723778145762e-08 -1.495198285835602e-14  3.900944914942521e-13  9.999935001796194e-01  3.906432672167174e-06 -1.524017483833215e-10 -5.841426575090425e-12 
 4.168693834703323e+02  9.999070767957328e-09  1.702478502705468e-08 -1.427997540877032e-14  3.812400253540373e-13  9.999935001734366e-01  3.817506399242053e-06 -1.455521488156799e-10 -5.451896358078908e-12 
 4.265795188015895e+02  9.999069278408438e-09  1.742135903766429e-08 -1.363813044772459e-14  3.725854346074905e-13  9.999935001675326e-01  3.730608788832185e-06 -1.390099876534515e-10 -5.088326512687146e-12 
 4.365158322401627e+02  9.999085034459199e-09  1.782717008519050e-08 -1.302509771410616e-14  3.641262811293627e-13  9.999935001618937e-01  3.645695509973660e-06 -1.327615020376233e-10 -4.748988541415406e-12 
 4.466835921509598e+02  9.999084650212986e-09  1.824243333259021e-08 -1.243958707534542e-14  3.558582204059376e-13  9.999935001565091e-01  3.562709211709451e-06 -1.267935420344462e-10 -4.432268853954641e-12 
 4.570881896148716e+02  9.999079981129679e-09  1.866736895964061e-08 -1.188036588820009e-14  3.477769998946621e-13  9.999935001513669e-01  3.481610423382129e-06 -1.210935436191025e-10 -4.136661151627055e-12 
 4.677351412871947e+02  9.999083752182682e-09  1.910220227396148e-08 -1.134625666605935e-14  3.398784573753809e-13  9.999935001464558e-01  3.402360577762512e-06 -1.156495028209266e-10 -3.860759379813039e-12 
 4.786300923226348e+02  9.999078644962136e-09  1.954716382854271e-08 -1.083613380009711e-14  3.321585193795049e-13  9.999935001417658e-01  3.324911697440040e-06 -1.104499510108076e-10 -3.603250790023634e-12 
 4.897788193684425e+02  9.999085072316351e-09  2.000248954837913e-08 -1.034892253389988e-14  3.246131994835163e-13  9.999935001372867e-01  3.249229555715791e-06 -1.054839312106152e-10 -3.362910178658071e-12 
 5.011872336272685e+02  9.999086022043685e-09  2.046842085233480e-08 -9.883595865719138e-15  3.172385967595620e-13  9.999935001330095e-01  3.175268362866664e-06 -1.007409754801739e-10 -3.138593786931282e-12 
 5.128613839913610e+02  9.999078933520878e-09  2.094520478411466e-08 -9.439172650089131e-15  3.100308941634366e-13  9.999935001289246e-01  3.102988230953827e-06 -9.621108326249484e-11 -2.929233966238364e-12 
 5.248074602497686e+02  9.999084038549321e-09  2.143309414020036e-08 -9.014715566729028e-15  3.029863569510758e-13  9.999935001250239e-01  3.032357143644659e-06 -9.188470067711929e-11 -2.733834123336501e-12 
 5.370317963702487e+02  9.999066491817086e-09  2.193234760732715e-08 -8.609329329672620e-15  2.961013311005034e-13  9.999935001212984e-01  2.963327067844710e-06 -8.775270071391596e-11 -2.551464045117275e-12 
 5.495408738576203e+02  9.999070670446438e-09  2.244322989562383e-08 -8.222158197058337e-15  2.893722417957630e-13  9.999935001177406e-01  2.895874718754872e-06 -8.380636430568979e-11 -2.381255302739179e-12 
 5.623413251903447e+02  9.999083433142190e-09  2.296601188086014e-08 -7.852385159727870e-15  2.827955918328935e-13  9.999935001143430e-01  2.829960174515346e-06 -8.003736220091655e-11 -2.222397425281009e-12 
 5.754399373371524e+02  9.999081031479280e-09  2.350097074842877e-08 -7.499229587460462e-15  2.763679601393763e-13  9.999935001110987e-01  2.765541752108050e-06 -7.643773765850816e-11 -2.074133859649072e-12 
 5.888436553555844e+02  9.999089094079080e-09  2.404839014426632e-08 -7.161945775900605e-15  2.700860002628112e-13  9.999935001079997e-01  2.702592515458026e-06 -7.299988988721927e-11 -1.935758434388455e-12 
 6.025595860743530e+02  9.999085102014850e-09  2.460856031319750e-08 -6.839821512426268e-15  2.639464388821343e-13  9.999935001050406e-01  2.641072944752422e-06 -6.971655821339946e-11 -1.806612040912079e-12 
 6.165950018614773e+02  9.999084355374204e-09  2.518177826676959e-08 -6.532176085559622e-15  2.579460743711483e-13  9.999935001022148e-01  2.580954592149229e-06 -6.658080695331500e-11 -1.686079371426760e-12 
 6.309573444801882e+02  9.999082526776117e-09  2.576834793287242e-08 -6.238359638364687e-15  2.520817753148142e-13  9.999935000995159e-01  2.522204431792912e-06 -6.358601093356946e-11 -1.573586205021002e-12 
 6.456542290346504e+02  9.999096321664790e-09  2.636858031923595e-08 -5.957751400409925e-15  2.463504791087635e-13  9.999935000969382e-01  2.464795450072912e-06 -6.072584166580629e-11 -1.468596568329786e-12 
 6.606934480075907e+02  9.999074810193234e-09  2.698279367389228e-08 -5.689758071507966e-15  2.407491905721054e-13  9.999935000944772e-01  2.408684673939168e-06 -5.799425412870612e-11 -1.370610113976942e-12 
 6.760829753919763e+02  9.999079261949655e-09  2.761131366341846e-08 -5.433813269738702e-15  2.352749805330467e-13  9.999935000921267e-01  2.353857364895621e-06 -5.538547412168459e-11 -1.279159915564873e-12 
 6.918309709189309e+02  9.999077722020814e-09  2.825447353686783e-08 -5.189375877356850e-15  2.299249844919337e-13  9.999935000898820e-01  2.300276675538052e-06 -5.289398619089386e-11 -1.193810131607949e-12 
 7.079457843841321e+02  9.999078998541291e-09  2.891261430704867e-08 -4.955929123319704e-15  2.246964012730045e-13  9.999935000877380e-01  2.247916272809823e-06 -5.051452208119154e-11 -1.114153986064888e-12 
 7.244359600749841e+02  9.999065978763912e-09  2.958608492746595e-08 -4.732979125659825e-15  2.195864917242522e-13  9.999935000856909e-01  2.196744591002296e-06 -4.824204970513186e-11 -1.039811749987602e-12 
 7.413102413009113e+02  9.999083459239020e-09  3.027524248227359e-08 -4.520054508206704e-15  2.145925773936512e-13  9.999935000837357e-01  2.146744332215854e-06 -4.607176259037569e-11 -9.704290834610094e-13 
 7.585775750291774e+02  9.999082506358601e-09  3.098045237102248e-08 -4.316704685657755e-15  2.097120392874434e-13  9.999935000818686e-01  2.097878265396204e-06 -4.399906980798187e-11 -9.056751889402384e-13 
 7.762471166286851e+02  9.999089685075813e-09  3.170208850294953e-08 -4.122499536634266e-15  2.049423165922087e-13  9.999935000800859e-01  2.050126197840991e-06 -4.201958633484581e-11 -8.452413736478228e-13 
 7.943282347242747e+02  9.999061582463758e-09  3.244053350514448e-08 -3.937028220443978e-15  2.002809054572042e-13  9.999935000783831e-01  2.003453997429387e-06 -4.012912385205496e-11 -7.888395187078428e-13 
 8.128305161640923e+02  9.999092430028814e-09  3.319617890816529e-08 -3.759898115406552e-15  1.957253577939851e-13  9.999935000767566e-01  1.957855856817473e-06 -3.832368195075729e-11 -7.362006699906546e-13 
 8.317637711026639e+02  9.999079450394579e-09  3.396942536374598e-08 -3.590734494924061e-15  1.912732800698974e-13  9.999935000752035e-01  1.913287132943019e-06 -3.659943972333370e-11 -6.870738592522886e-13 
 8.511380382023692e+02  9.999096360326112e-09  3.476068285990230e-08 -3.429179183328388e-15  1.869223321650620e-13  9.999935000737200e-01  1.869738562688585e-06 -3.495274773662676e-11 -6.412247993606621e-13 
 8.709635899560732e+02  9.999082272400661e-09  3.557037092476178e-08 -3.274890336462292e-15  1.826702262082756e-13  9.999935000723043e-01  1.827175542568167e-06 -3.338012035408740e-11 -5.984348727575873e-13 
 8.912509381337379e+02  9.999082206306220e-09  3.639891887202706e-08 -3.127541152304350e-15  1.785147254759116e-13  9.999935000709522e-01  1.785583937614941e-06 -3.187822840745298e-11 -5.584999833547070e-13 
 9.120108393559019e+02  9.999086972035024e-09  3.724676601434690e-08 -2.986819909736066e-15  1.744536432644347e-13  9.999935000696597e-01  1.744939916645135e-06 -3.044389218612114e-11 -5.212297181637738e-13 
 9.332543007969830e+02  9.999083355151878e-09  3.811436188015660e-08 -2.852428483051032e-15  1.704848418394712e-13  9.999935000684264e-01  1.705219618062605e-06 -2.907407474877991e-11 -4.864462906905427e-13 
 9.549925860214277e+02  9.999101309397089e-09  3.900216648689697e-08 -2.724082409349367e-15  1.666062313518253e-13  9.999935000672482e-01  1.666407072851854e-06 -2.776587552372888e-11 -4.539838184962661e-13 
 9.772372209558022e+02  9.999101698209811e-09  3.991065055785475e-08 -2.601509840102112e-15  1.628157688136750e-13  9.999935000661231e-01  1.628475080177724e-06 -2.651652420142070e-11 -4.236874544642251e-13 
 9.999999999999912e+02  9.999088125580884e-09  4.084029578323850e-08 -2.484451144422696e-15  1.591114570735795e-13  9.999935000650487e-01  1.591404301597686e-06 -2.532337489581432e-11 -3.954126805051918e-13 
 1.023292992280745e+03  9.999087434832842e-09  4.179159507518293e-08 -2.372658492057060e-15  1.554913438136337e-13  9.999935000640227e-01  1.555179409676929e-06 -2.418390056672223e-11 -3.690246392073813e-13 
 1.047128548050890e+03  9.999083977412225e-09  4.276505282275328e-08 -2.265895046469884e-15  1.519535205792859e-13  9.999935000630429e-01  1.519778678900829e-06 -2.309568769319242e-11 -3.443974456091283e-13 
 1.071519305237597e+03  9.999063799501013e-09  4.376118516863370e-08 -2.163934617127656e-15  1.484961218148295e-13  9.999935000621071e-01  1.485181295570723e-06 -2.205643118260553e-11 -3.214136125780464e-13 
 1.096478196143175e+03  9.999069094190525e-09  4.478052027367257e-08 -2.066561297563766e-15  1.451173239198317e-13  9.999935000612133e-01  1.451375210428737e-06 -2.106392950753498e-11 -2.999635075887339e-13 
 1.122018454301953e+03  9.999077994590837e-09  4.582359860397928e-08 -1.973568760830585e-15  1.418153443350802e-13  9.999935000603599e-01  1.418339139698548e-06 -2.011608006148990e-11 -2.799447928985702e-13 
 1.148153621496872e+03  9.999078990595934e-09  4.689097321194935e-08 -1.884759991849422e-15  1.385884406350150e-13  9.999935000595449e-01  1.386053937316259e-06 -1.921087472049611e-11 -2.612619632324113e-13 
 1.174897554939519e+03  9.999083973389063e-09  4.798321003463696e-08 -1.799946829699751e-15  1.354349096448052e-13  9.999935000587665e-01  1.354504172781040e-06 -1.834639560406998e-11 -2.438258842610734e-13 
 1.202264434617402e+03  9.999079694206906e-09  4.910088818952524e-08 -1.718949569367731e-15  1.323530865743551e-13  9.999935000580233e-01  1.323671327106387e-06 -1.752081102563897e-11 -2.275533676396413e-13 
 1.230268770812370e+03  9.999087941879263e-09  5.024460028590916e-08 -1.641596583334501e-15  1.293413441701664e-13  9.999935000573136e-01  1.293541956128672e-06 -1.673237162416079e-11 -2.123667746422043e-13 
 1.258925411794156e+03  9.999078413005277e-09  5.141495273627839e-08 -1.567723957511477e-15  1.263980918848342e-13  9.999935000566356e-01  1.264096141744624e-06 -1.597940666888708e-11 -1.981936458697341e-13 
 1.288249551693122e+03  9.999089296427560e-09  5.261256607290432e-08 -1.497175146969984e-15  1.235217750638081e-13  9.999935000559882e-01  1.235323145156274e-06 -1.526032052955321e-11 -1.849663560926043e-13 
 1.318256738556395e+03  9.999072152560941e-09  5.383807528784590e-08 -1.429800642637521e-15  1.207108741492345e-13  9.999935000553701e-01  1.207201687552392e-06 -1.457358930463945e-11 -1.726217915342710e-13 
 1.348962882591641e+03  9.999071877658254e-09  5.509213016167969e-08 -1.365457658117168e-15  1.179639039004686e-13  9.999935000547799e-01  1.179722389842969e-06 -1.391775760064433e-11 -1.611010493146516e-13 
 1.380384264602872e+03  9.999087780755147e-09  5.637539561738347e-08 -1.304009849878947e-15  1.152794126305464e-13  9.999935000542157e-01  1.152870463337822e-06 -1.329143545559043e-11 -1.503491591223424e-13 
 1.412537544622741e+03  9.999070220092467e-09  5.768855205340317e-08 -1.245326908214354e-15  1.126559814620682e-13  9.999935000536772e-01  1.126625949100497e-06 -1.269329540075746e-11 -1.403148071795830e-13 
 1.445439770745914e+03  9.999080911762267e-09  5.903229572008784e-08 -1.189284525641615e-15  1.100922235907293e-13  9.999935000531630e-01  1.100981988797460e-06 -1.212206965316910e-11 -1.309501197001695e-13 
 1.479108388168193e+03  9.999076582033985e-09  6.040733909265517e-08 -1.135763910399005e-15  1.075867835749836e-13  9.999935000526720e-01  1.075920113167636e-06 -1.157654743512244e-11 -1.222104086295177e-13 
 1.513561248436194e+03  9.999083001206644e-09  6.181441123548348e-08 -1.084651593215077e-15  1.051383366345860e-13  9.999935000522029e-01  1.051429856355277e-06 -1.105557241316983e-11 -1.140539656198502e-13 
 1.548816618912467e+03  9.999076932541919e-09  6.325425819589392e-08 -1.035839209607237e-15  1.027455879650100e-13  9.999935000517554e-01  1.027495767244303e-06 -1.055804025204528e-11 -1.064418656439474e-13 
 1.584893192461099e+03  9.999087209436728e-09  6.472764341007575e-08 -9.892233263943141e-16  1.004072720660348e-13  9.999935000513269e-01  1.004108140131255e-06 -1.008289627824524e-11 -9.933778690347100e-14 
 1.621810097358915e+03  9.999059810931269e-09  6.623534806390885e-08 -9.447051035090710e-16  9.812215208828536e-14  9.999935000509191e-01  9.812491596721386e-07 -9.629133248767362e-12 -9.270782518400805e-14 
 1.659586907437545e+03  9.999097587596004e-09  6.777817158735988e-08 -9.021901500295734e-16  9.588901919019735e-14  9.999935000505286e-01  9.589168246580898e-07 -9.195789219569896e-12 -8.652033909313598e-14 
 1.698243652461728e+03  9.999079464985734e-09  6.935693199448811e-08 -8.615883683159625e-16  9.370669190940454e-14  9.999935000501556e-01  9.370875144531170e-07 -8.781945509734300e-12 -8.074580318860122e-14 
 1.737800828749359e+03  9.999079745617581e-09  7.097246635529020e-08 -8.228136645926566e-16  9.157401555050777e-14  9.999935000498004e-01  9.157568241179704e-07 -8.386724757247463e-12 -7.535665756226062e-14 
 1.778279410038906e+03  9.999080711454713e-09  7.262563126060606e-08 -7.857838332762535e-16  8.948986158300297e-14  9.999935000494606e-01  8.949117403142098e-07 -8.009289061741328e-12 -7.032718287216596e-14 
 1.819700858609966e+03  9.999086470116754e-09  7.431730324192198e-08 -7.504203664913277e-16  8.745312705394528e-14  9.999935000491360e-01  8.745415657703296e-07 -7.648838210754652e-12 -6.563337603476165e-14 
 1.862087136662849e+03  9.999069105907790e-09  7.604837923280705e-08 -7.166482874266716e-16  8.546273401313675e-14  9.999935000488265e-01  8.546330852028346e-07 -7.304607985593599e-12 -6.125283567916489e-14 
 1.905460717963228e+03  9.999087655556576e-09  7.781977709106491e-08 -6.843960051583257e-16  8.351762895068601e-14  9.999935000485303e-01  8.351808104929356e-07 -6.975868543238569e-12 -5.716465641428977e-14 
 1.949844599758026e+03  9.999096184371645e-09  7.963243602374104e-08 -6.535951102923662e-16  8.161678224797830e-14  9.999935000482474e-01  8.161704704013587e-07 -6.661922870998341e-12 -5.334932465727358e-14 
 1.995262314968860e+03  9.999065644359534e-09  8.148731711794810e-08 -6.241803205275552e-16  7.975918763839508e-14  9.999935000479780e-01  7.975897262536152e-07 -6.362105310370024e-12 -4.978863312726601e-14 
 2.041737944669509e+03  9.999077842549874e-09  8.338540387169135e-08 -5.960892546219757e-16  7.794386168279245e-14  9.999935000477204e-01  7.794353184047099e-07 -6.075780147434828e-12 -4.646558665608152e-14 
 2.089296130854019e+03  9.999078240117509e-09  8.532770267612177e-08 -5.692623277541853e-16  7.616984325465003e-14  9.999935000474739e-01  7.616932347578756e-07 -5.802340266411687e-12 -4.336432353466489e-14 
 2.137962089502211e+03  9.999068494104218e-09  8.731524335156560e-08 -5.436427093831985e-16  7.443619303583498e-14  9.999935000472390e-01  7.443542544394003e-07 -5.541205863642796e-12 -4.047004617109573e-14 
 2.187761623949531e+03  9.999070133343619e-09  8.934907972692196e-08 -5.191760321937752e-16  7.274199302727982e-14  9.999935000470145e-01  7.274108022661276e-07 -5.291823219637408e-12 -3.776893741709700e-14 
 2.238721138568317e+03  9.999071788496739e-09  9.143029016528414e-08 -4.958104259376946e-16  7.108634606575537e-14  9.999935000468002e-01  7.108530285677701e-07 -5.053663525927718e-12 -3.524810605707967e-14 
 2.290867652767750e+03  9.999087097117867e-09  9.355997815721495e-08 -4.734963528078308e-16  6.946837535438235e-14  9.999935000465954e-01  6.946731016914127e-07 -4.826221764865103e-12 -3.289552104605595e-14 
 2.344228815319898e+03  9.999080890792143e-09  9.573927288626660e-08 -4.521864687642783e-16  6.788722400319151e-14  9.999935000463998e-01  6.788599900083199e-07 -4.609015639721279e-12 -3.069995182756209e-14 
 2.398832919019466e+03  9.999075449197240e-09  9.796932984654227e-08 -4.318356195859172e-16  6.634205457815685e-14  9.999935000462129e-01  6.634068890212861e-07 -4.401584552750707e-12 -2.865092141904707e-14 
 2.454708915685005e+03  9.999080664501208e-09  1.002513314359715e-07 -4.124006322546450e-16  6.483204866306316e-14  9.999935000460349e-01  6.483062427326003e-07 -4.203488629372333e-12 -2.673864861864225e-14 
 2.511886431509554e+03  9.999088765575985e-09  1.025864876172400e-07 -3.938402929004271e-16  6.335640642870018e-14  9.999935000458643e-01  6.335495042662732e-07 -4.014307786043876e-12 -2.495400612765500e-14 
 2.570395782768837e+03  9.999075783633247e-09  1.049760364989216e-07 -3.761152419352526e-16  6.191434621281965e-14  9.999935000457023e-01  6.191273530652293e-07 -3.833640840111592e-12 -2.328847577773318e-14 
 2.630267991895354e+03  9.999079790901944e-09  1.074212450762058e-07 -3.591878976045946e-16  6.050510410915118e-14  9.999935000455468e-01  6.050345364031005e-07 -3.661104659651836e-12 -2.173410830329991e-14 
 2.691534803926887e+03  9.999099050328708e-09  1.099234098224378e-07 -3.430223489853238e-16  5.912793356600131e-14  9.999935000453982e-01  5.912634077788871e-07 -3.496333351554139e-12 -2.028348374033897e-14 
 2.754228703338138e+03  9.999078958809130e-09  1.124838574055598e-07 -3.275843329114845e-16  5.778210499288098e-14  9.999935000452569e-01  5.778034484688391e-07 -3.338977486047519e-12 -1.892967922349148e-14 
 2.818382931264424e+03  9.999086085423306e-09  1.151039454271030e-07 -3.128410852192639e-16  5.646690537743751e-14  9.999935000451212e-01  5.646514386824469e-07 -3.188703356179365e-12 -1.766623142744521e-14 
 2.884031503126575e+03  9.999071228206530e-09  1.177850630709742e-07 -2.987613575971333e-16  5.518163790910081e-14  9.999935000449925e-01  5.517975828529548e-07 -3.045192270479532e-12 -1.648711077354077e-14 
 2.951209226666354e+03  9.999072843339112e-09  1.205286319361232e-07 -2.853152898915931e-16  5.392562161284251e-14  9.999935000448686e-01  5.392372234993919e-07 -2.908139877524624e-12 -1.538668906143191e-14 
 3.019951720401984e+03  9.999077912953494e-09  1.233361066575733e-07 -2.724743553395043e-16  5.269819099034214e-14  9.999935000447511e-01  5.269629529030054e-07 -2.777255520825784e-12 -1.435971317855614e-14 
 3.090295432513557e+03  9.999078846681320e-09  1.262089758223561e-07 -2.602113363460489e-16  5.149869566893988e-14  9.999935000446387e-01  5.149678597300125e-07 -2.652261622711700e-12 -1.340128195909624e-14 
 3.162277660168345e+03  9.999069147979096e-09  1.291487626529919e-07 -2.485002104298724e-16  5.032650005942709e-14  9.999935000445314e-01  5.032452719960778e-07 -2.532893095967412e-12 -1.250681979873484e-14 
 3.235936569296248e+03  9.999075773443231e-09  1.321570258817906e-07 -2.373161500839852e-16  4.918098302038738e-14  9.999935000444283e-01  4.917903369286393e-07 -2.418896781872189e-12 -1.167205770341122e-14 
 3.311311214825875e+03  9.999084459130503e-09  1.352353605002521e-07 -2.266354310819131e-16  4.806153753103100e-14  9.999935000443305e-01  4.805962396221505e-07 -2.310030913558351e-12 -1.089301089397778e-14 
 3.388441561391989e+03  9.999083688845593e-09  1.383853986992867e-07 -2.164354013835879e-16  4.696757037081060e-14  9.999935000442369e-01  4.696564974299166e-07 -2.206064603475155e-12 -1.016596077169044e-14 
 3.467368504525279e+03  9.999083422197019e-09  1.416088106671876e-07 -2.066944321592040e-16  4.589850180644962e-14  9.999935000441477e-01  4.589657981128722e-07 -2.106777353914068e-12 -9.487437099568862e-15 
 3.548133892335716e+03  9.999092512439717e-09  1.449073055055650e-07 -1.973918563711694e-16  4.485376528614483e-14  9.999935000440623e-01  4.485188688131290e-07 -2.011958589554310e-12 -8.854200720953106e-15 
 3.630780547700973e+03  9.999081288588620e-09  1.482826321071162e-07 -1.885079554108066e-16  4.383280714024712e-14  9.999935000439810e-01  4.383088409086694e-07 -1.921407211014563e-12 -8.263229496140672e-15 
 3.715352290971684e+03  9.999083580525458e-09  1.517365801305404e-07 -1.800238766771123e-16  4.283508628931734e-14  9.999935000439031e-01  4.283318117898939e-07 -1.834931168513701e-12 -7.711702041648078e-15 
 3.801893963205570e+03  9.999080785618226e-09  1.552709808956554e-07 -1.719216331812668e-16  4.186007395806566e-14  9.999935000438288e-01  4.185816724000741e-07 -1.752347054677243e-12 -7.196986031183200e-15 
 3.890451449942763e+03  9.999077851013874e-09  1.588877083895379e-07 -1.641840404428142e-16  4.090725339630151e-14  9.999935000437579e-01  4.090534702272039e-07 -1.673479715684383e-12 -6.716624522755057e-15 
 3.981071705534928e+03  9.999070406795476e-09  1.625886802553156e-07 -1.567946844022569e-16  3.997611960592704e-14  9.999935000436899e-01  3.997419788628388e-07 -1.598161879895408e-12 -6.268324440993656e-15 
 4.073802778041082e+03  9.999085337800948e-09  1.663758587913677e-07 -1.497378956705045e-16  3.906617907406335e-14  9.999935000436250e-01  3.906433238464119e-07 -1.526233803183794e-12 -5.849945999496537e-15 
 4.168693834703307e+03  9.999079067540383e-09  1.702512520095067e-07 -1.429987042241560e-16  3.817694951236922e-14  9.999935000435630e-01  3.817509567907653e-07 -1.457542930229542e-12 -5.459491998080526e-15 
 4.265795188015879e+03  9.999088765488247e-09  1.742169146827510e-07 -1.365628167495766e-16  3.730795960208598e-14  9.999935000435042e-01  3.730616059376005e-07 -1.391943571042967e-12 -5.095098655769521e-15 
 4.365158322401610e+03  9.999079447615899e-09  1.782749494833036e-07 -1.304165854795969e-16  3.645874874492187e-14  9.999935000434477e-01  3.645693472994344e-07 -1.329296592043722e-12 -4.755026669645473e-15 
 4.466835921509581e+03  9.999095082183494e-09  1.824275080164472e-07 -1.245469743018568e-16  3.562886681959783e-14  9.999935000433938e-01  3.562712928657438e-07 -1.269469121038466e-12 -4.437652726805506e-15 
 4.570881896148699e+03  9.999085345717374e-09  1.866767920279122e-07 -1.189415314520014e-16  3.481787394385772e-14  9.999935000433424e-01  3.481612291294438e-07 -1.212334265469542e-12 -4.141461779061976e-15 
 4.677351412871929e+03  9.999086910381886e-09  1.910250545418546e-07 -1.135883701638489e-16  3.402534024181928e-14  9.999935000432935e-01  3.402361652394235e-07 -1.157770843338044e-12 -3.865040060829725e-15 
 4.786300923226329e+03  9.999073767226604e-09  1.954746010751629e-07 -1.084761342304856e-16  3.325084561670014e-14  9.999935000432465e-01  3.324910075486621e-07 -1.105663126236550e-12 -3.607068014988943e-15 
 4.897788193684407e+03  9.999069890788344e-09  2.000277908240089e-07 -1.035939826935880e-16  3.249397952856724e-14  9.999935000432019e-01  3.249224622437494e-07 -1.055900593938907e-12 -3.366314297037397e-15 
 5.011872336272666e+03  9.999065793859336e-09  2.046870379510124e-07 -9.893156034429261e-17  3.175434077721908e-14  9.999935000431592e-01  3.175261939288195e-07 -1.008377700034857e-12 -3.141629674529620e-15 
 5.128613839913590e+03  9.999076144022430e-09  2.094548128758755e-07 -9.447897803157048e-17  3.103153728992708e-14  9.999935000431182e-01  3.102987365296021e-07 -9.629936481073774e-13 -2.931941620359621e-15 
 5.248074602497666e+03  9.999064371603978e-09  2.143336434931586e-07 -9.022678994243272e-17  3.032518591401020e-14  9.999935000430793e-01  3.032351179378147e-07 -9.196521779813222e-13 -2.736249140173815e-15 
 5.370317963702466e+03  9.999085276527608e-09  2.193261166572036e-07 -8.616598047583233e-17  2.963491221405798e-14  9.999935000430420e-01  2.963332634888525e-07 -8.782613615879793e-13 -2.553618205063184e-15 
 5.495408738576182e+03  9.999086957901763e-09  2.244348794172568e-07 -8.228793313894280e-17  2.896035027385975e-14  9.999935000430066e-01  2.895879435836266e-07 -8.387334080179280e-13 -2.383176928031624e-15 
 5.623413251903426e+03  9.999077929617806e-09  2.296626405440261e-07 -7.858442261644373e-17  2.830114250269250e-14  9.999935000429724e-01  2.829958616897108e-07 -8.009844773415913e-13 -2.224111718127086e-15 
 5.754399373371502e+03  9.999086104897563e-09  2.350121718341924e-07 -7.504759656356896e-17  2.765693944606656e-14  9.999935000429399e-01  2.765543155312019e-07 -7.649345028090638e-13 -2.075663363848212e-15 
 5.888436553555821e+03  9.999075056987455e-09  2.404863096786003e-07 -7.166995294219445e-17  2.702739960078960e-14  9.999935000429090e-01  2.702588721458562e-07 -7.305070210509497e-13 -1.937123237750726e-15 
 6.025595860743507e+03  9.999096407325197e-09  2.460879565541196e-07 -6.844432361476832e-17  2.641218923419292e-14  9.999935000428795e-01  2.641075930840558e-07 -6.976290099186396e-13 -1.807829911202772e-15 
 6.165950018614749e+03  9.999090088933982e-09  2.518200825363248e-07 -6.536387076439152e-17  2.581098220739595e-14  9.999935000428508e-01  2.580956072090494e-07 -6.662307336196869e-13 -1.687166308576385e-15 
 6.309573444801857e+03  9.999093981694491e-09  2.576857268399291e-07 -6.242205924781913e-17  2.522345980270999e-14  9.999935000428239e-01  2.522207321222609e-07 -6.362455948251643e-13 -1.574556406099107e-15 
 6.456542290346478e+03  9.999089386871062e-09  2.636879995257524e-07 -5.961264927284160e-17  2.464931055485473e-14  9.999935000427982e-01  2.464793740633640e-07 -6.076099934291358e-13 -1.469462659101871e-15 
 6.606934480075881e+03  9.999086953106445e-09  2.698300830827893e-07 -5.692968294914718e-17  2.408823008604085e-14  9.999935000427738e-01  2.408687599054701e-07 -5.802631916646889e-13 -1.371383427115067e-15 
 6.760829753919737e+03  9.999091036476028e-09  2.761152341282380e-07 -5.436746836470001e-17  2.353992094480945e-14  9.999935000427500e-01  2.353860136706403e-07 -5.541471852899051e-13 -1.279850498915103e-15 
 6.918309709189281e+03  9.999091743633189e-09  2.825467851283459e-07 -5.192057087554618e-17  2.300409244849790e-14  9.999935000427275e-01  2.300279901194346e-07 -5.292065805695798e-13 -1.194426941022942e-15 
 7.079457843841294e+03  9.999091466698322e-09  2.891281461539497e-07 -4.958380135643108e-17  2.248046052929953e-14  9.999935000427064e-01  2.247919075805296e-07 -5.053884767931494e-13 -1.114705003862375e-15 
 7.244359600749813e+03  9.999087106294216e-09  2.958628067609159e-07 -4.735220234235534e-17  2.196874758382951e-14  9.999935000426859e-01  2.196749232614634e-07 -4.826423540795391e-13 -1.040304110289258e-15 
 7.413102413009085e+03  9.999085130614451e-09  3.027543377526198e-07 -4.522104129095508e-17  2.146868232607756e-14  9.999935000426662e-01  2.146744691050324e-07 -4.609199662301585e-13 -9.708691249952364e-16 
 7.585775750291745e+03  9.999084129823821e-09  3.098063930742634e-07 -4.318579693589250e-17  2.097999964373208e-14  9.999935000426479e-01  2.097878606010703e-07 -4.401752384042917e-13 -9.060685788722107e-16 
 7.762471166286822e+03  9.999087020190893e-09  3.170227118876046e-07 -4.124215314106378e-17  2.050244045773721e-14  9.999935000426297e-01  2.050125651456222e-07 -4.203641693985222e-13 -8.455931617061423e-16 
 7.943282347242717e+03  9.999076737120632e-09  3.244071203056809e-07 -3.938598718261683e-17  2.003575158506554e-14  9.999935000426129e-01  2.003457033880130e-07 -4.014447383242464e-13 -7.891541902502588e-16 
 8.128305161640892e+03  9.999073555891629e-09  3.319635336895832e-07 -3.761336120854361e-17  1.957968560459596e-14  9.999935000425966e-01  1.957852161198073e-07 -3.833768154845693e-13 -7.364822362835814e-16 
 8.317637711026608e+03  9.999079084075803e-09  3.396959585288961e-07 -3.592051668433585e-17  1.913400072602910e-14  9.999935000425810e-01  1.913287062849274e-07 -3.661220772617159e-13 -6.873258955662467e-16 
 8.511380382023659e+03  9.999080965911136e-09  3.476084946760216e-07 -3.430386150539587e-17  1.869846066181049e-14  9.999935000425659e-01  1.869735684075337e-07 -3.496439248352489e-13 -6.414504910689308e-16 
 8.709635899560699e+03  9.999064463492673e-09  3.557053374347863e-07 -3.275996784451622e-17  1.827283450192471e-14  9.999935000425517e-01  1.827172288269407e-07 -3.339074065573895e-13 -5.986370587832819e-16 
 8.912509381337344e+03  9.999090237939492e-09  3.639907798572151e-07 -3.128556026988394e-17  1.785689659157229e-14  9.999935000425385e-01  1.785585371862118e-07 -3.188791438223537e-13 -5.586812143814306e-16 
 9.120108393558983e+03  9.999084989582211e-09  3.724692150333664e-07 -2.987751191586160e-17  1.745042641159802e-14  9.999935000425254e-01  1.744939570687450e-07 -3.045272602712327e-13 -5.213922360895047e-16 
 9.332543007969793e+03  9.999099472581202e-09  3.811451382979003e-07 -2.853283555637252e-17  1.705320846165648e-14  9.999935000425132e-01  1.705222366690231e-07 -2.908213141832167e-13 -4.865921127121342e-16 
 9.549925860214238e+03  9.999082509368379e-09  3.900231497835915e-07 -2.724867946845101e-17  1.666503214601731e-14  9.999935000425012e-01  1.666403939720208e-07 -2.777322339091427e-13 -4.541147327853004e-16 
 9.772372209557981e+03  9.999080596111171e-09  3.991079566764699e-07 -2.602231927351806e-17  1.628569166198085e-14  9.999935000424902e-01  1.628471643444832e-07 -2.652322562109978e-13 -4.238050551375005e-16 
 9.999999999999871e+03  9.999095165300810e-09  4.084043758734168e-07 -2.485115418768493e-17  1.591498589081667e-14  9.999935000424799e-01  1.591405422003917e-07 -2.532948673761277e-13 -3.955184030508963e-16 
 1.023292992280741e+04  9.999093625375300e-09  4.179173365287392e-07 -2.373269997201993e-17  1.555271829119302e-14  9.999935000424693e-01  1.555180372505216e-07 -2.418947469817136e-13 -3.691197479077027e-16 
 1.047128548050886e+04  9.999072720865503e-09  4.276518824758435e-07 -2.266458420825619e-17  1.519869679502241e-14  9.999935000424593e-01  1.519776967998142e-07 -2.310077141899501e-13 -3.444830738862819e-16 
 1.071519305237592e+04  9.999086203508321e-09  4.376131751138157e-07 -2.164454127062223e-17  1.485273370567706e-14  9.999935000424499e-01  1.485184623283529e-07 -2.206106764601833e-13 -3.214907764459012e-16 
 1.096478196143171e+04  9.999091163554871e-09  4.478064960650174e-07 -2.067040786776690e-17  1.451464559851755e-14  9.999935000424407e-01  1.451378413819780e-07 -2.106815805692004e-13 -3.000331059434170e-16 
 1.122018454301949e+04  9.999091802993335e-09  4.582372498812548e-07 -1.974011730260748e-17  1.418425322368771e-14  9.999935000424326e-01  1.418341098378918e-07 -2.011993658358789e-13 -2.800076267799381e-16 
 1.148153621496868e+04  9.999063809229146e-09  4.689109671662806e-07 -1.885169664276444e-17  1.386138141111215e-14  9.999935000424248e-01  1.386051832903126e-07 -1.921439194508197e-13 -2.613187512706927e-16 
 1.174897554939514e+04  9.999079474730790e-09  4.798333073097183e-07 -1.800326105873931e-17  1.354585897766268e-14  9.999935000424167e-01  1.354503563380082e-07 -1.834960338164745e-13 -2.438772620834760e-16 
 1.202264434617397e+04  9.999086422495413e-09  4.910100614013979e-07 -1.719301185334824e-17  1.323751863642646e-14  9.999935000424092e-01  1.323672217792620e-07 -1.752373658070340e-13 -2.275999143207396e-16 
 1.230268770812365e+04  9.999084960423169e-09  5.024471555481469e-07 -1.641922934102610e-17  1.293619690805166e-14  9.999935000424017e-01  1.293541570429645e-07 -1.673503978620069e-13 -2.124089933338916e-16 
 1.258925411794151e+04  9.999083812458663e-09  5.141506537742480e-07 -1.568027253022429e-17  1.264173403409207e-14  9.999935000423953e-01  1.264096824350356e-07 -1.598184008305478e-13 -1.982319888718964e-16 
 1.288249551693117e+04  9.999079720353616e-09  5.261267615325194e-07 -1.497457452446559e-17  1.235397389233431e-14  9.999935000423884e-01  1.235321962093959e-07 -1.526253984881346e-13 -1.850012331177899e-16 
 1.318256738556390e+04  9.999092095588524e-09  5.383818286325281e-07 -1.430063782072740e-17  1.207276391405132e-14  9.999935000423824e-01  1.207204095301454e-07 -1.457561336501777e-13 -1.726535607189932e-16 
 1.348962882591636e+04  9.999083742680338e-09  5.509223528626928e-07 -1.365703339753845e-17  1.179795500312907e-14  9.999935000423770e-01  1.179723789716119e-07 -1.391960358105847e-13 -1.611300356176919e-16 
 1.380384264602866e+04  9.999080570568171e-09  5.637549834874855e-07 -1.304239552662250e-17  1.152940145704359e-14  9.999935000423711e-01  1.152869632020832e-07 -1.329311902368940e-13 -1.503756432937017e-16 
 1.412537544622735e+04  9.999091349874437e-09  5.768865244393240e-07 -1.245542117074956e-17  1.126696088962508e-14  9.999935000423659e-01  1.126628329857927e-07 -1.269483084561708e-13 -1.403390554228195e-16 
 1.445439770745908e+04  9.999095086910086e-09  5.903239382876180e-07 -1.189486474177731e-17  1.101049415558997e-14  9.999935000423604e-01  1.100983549599159e-07 -1.212347000693269e-13 -1.309723559139670e-16 
 1.479108388168187e+04  9.999077917472777e-09  6.040743496527057e-07 -1.135953741144023e-17  1.075986527677967e-14  9.999935000423559e-01  1.075920256863455e-07 -1.157782458338412e-13 -1.222308347873725e-16 
 1.513561248436188e+04  9.999085690969696e-09  6.181450492859231e-07 -1.084830383949711e-17  1.051494137008360e-14  9.999935000423509e-01  1.051430139190936e-07 -1.105673719579791e-13 -1.140727659354808e-16 
 1.548816618912460e+04  9.999072081328301e-09  6.325434975668065e-07 -1.036007936731893e-17  1.027559257700091e-14  9.999935000423466e-01  1.027495268738146e-07 -1.055910255519099e-13 -1.064592038850248e-16 
 1.584893192461092e+04  9.999087770210866e-09  6.472773287913292e-07 -9.893828746127093e-18  1.004169199480185e-14  9.999935000423423e-01  1.004108196444187e-07 -1.008386511836358e-13 -9.935380873241227e-17 
 1.621810097358908e+04  9.999089747428140e-09  6.623543550438038e-07 -9.448562740253805e-18  9.813115609259888e-15  9.999935000423382e-01  9.812520974645904e-08 -9.630016849009164e-14 -9.272266017298747e-17 
 1.659586907437538e+04  9.999097435083506e-09  6.777825703463414e-07 -9.023336840174025e-18  9.589742228910164e-15  9.999935000423341e-01  9.589168100320941e-08 -9.196595079583602e-14 -8.653410405088718e-17 
 1.698243652461721e+04  9.999084618823772e-09  6.935701549054540e-07 -8.617249366041530e-18  9.371453420805202e-15  9.999935000423306e-01  9.370879974573108e-08 -8.782680469404664e-14 -8.075860201055129e-17 
 1.737800828749351e+04  9.999088386729890e-09  7.097254795668251e-07 -8.229438729285275e-18  9.158133447734024e-15  9.999935000423269e-01  9.157576155065586e-08 -8.387395054651116e-14 -7.536858257687871e-17 
 1.778279410038898e+04  9.999076269918547e-09  7.262571100619120e-07 -7.859082431053463e-18  8.949669206866700e-15  9.999935000423236e-01  8.949113427993843e-08 -8.009900386120990e-14 -7.033831747742431e-17 
 1.819700858609958e+04  9.999091116014471e-09  7.431738116986386e-07 -7.505394842898138e-18  8.745950169797303e-15  9.999935000423202e-01  8.745419721105201e-08 -7.649395750804559e-14 -6.564379433310451e-17 
 1.862087136662842e+04  9.999082486047315e-09  7.604845539271876e-07 -7.167625826213573e-18  8.546868323949777e-15  9.999935000423170e-01  8.546342288202891e-08 -7.305116473496417e-14 -6.126260463403720e-17 
 1.905460717963221e+04  9.999081498198896e-09  7.781985151139592e-07 -6.845058743445487e-18  8.352318115318228e-15  9.999935000423142e-01  8.351802961953196e-08 -6.976332294846803e-14 -5.717383331513924e-17 
 1.949844599758018e+04  9.999094549992215e-09  7.963250874543082e-07 -6.537009716235046e-18  8.162196392508236e-15  9.999935000423115e-01  8.161703369960818e-08 -6.662345822409326e-14 -5.335796552749241e-17 
 1.995262314968852e+04  9.999083453894806e-09  8.148738819546697e-07 -6.242825019339683e-18  7.976402352054601e-15  9.999935000423085e-01  7.975911468565897e-08 -6.362491051404077e-14 -4.979678377282330e-17 
 2.041737944669501e+04  9.999084116189148e-09  8.338547332897850e-07 -5.961880834248678e-18  7.794837484979797e-15  9.999935000423061e-01  7.794358074394124e-08 -6.076131952052976e-14 -4.647329043243617e-17 
 2.089296130854010e+04  9.999086670190606e-09  8.532777054925944e-07 -5.693581179277836e-18  7.617405524571413e-15  9.999935000423036e-01  7.616938769300363e-08 -5.802661120496592e-14 -4.337162047998684e-17 
 2.137962089502202e+04  9.999092732754849e-09  8.731530967975853e-07 -5.437357003172519e-18  7.444012395346367e-15  9.999935000423013e-01  7.443560588217546e-08 -5.541498490427253e-14 -4.047696863566625e-17 
 2.187761623949522e+04  9.999094371445898e-09  8.934914454694631e-07 -5.192664760781763e-18  7.274566163177301e-15  9.999935000422989e-01  7.274125655358336e-08 -5.292090102707755e-14 -3.777551701476323e-17 
 2.238721138568308e+04  9.999085521541643e-09  9.143035351044659e-07 -4.958985467839842e-18  7.108976986553342e-15  9.999935000422969e-01  7.108540048760513e-08 -5.053906930364962e-14 -3.525437073562098e-17 
 2.290867652767740e+04  9.999099412308230e-09  9.356004005978136e-07 -4.735823317056553e-18  6.947157068950710e-15  9.999935000422947e-01  6.946739572726707e-08 -4.826443756467007e-14 -3.290149431412063e-17 
 2.344228815319889e+04  9.999091389971701e-09  9.573933337503338e-07 -4.522705248506447e-18  6.789020612286001e-15  9.999935000422930e-01  6.788607028211310e-08 -4.609218102502675e-14 -3.070565858347050e-17 
 2.398832919019456e+04  9.999093756380964e-09  9.796938896244889e-07 -4.319178975707762e-18  6.634483771430889e-15  9.999935000422908e-01  6.634081036447671e-08 -4.401769204992397e-14 -2.865638030194567e-17 
 2.454708915684995e+04  9.999084703988626e-09  1.002513892039980e-06 -4.124812822948390e-18  6.483464609759627e-15  9.999935000422895e-01  6.483065046391720e-08 -4.203657038157058e-14 -2.674387769182307e-17 
 2.511886431509544e+04  9.999103458823969e-09  1.025865440706930e-06 -3.939194613017058e-18  6.335883055709493e-15  9.999935000422875e-01  6.335504352411071e-08 -4.014461380574232e-14 -2.495902229488390e-17 
 2.570395782768826e+04  9.999101971736015e-09  1.049760916749243e-06 -3.761930561753520e-18  6.191660860329905e-15  9.999935000422858e-01  6.191289745921709e-08 -3.833780923841286e-14 -2.329329391548381e-17 
 2.630267991895344e+04  9.999098917297603e-09  1.074212989948808e-06 -3.592644682832170e-18  6.050721555797001e-15  9.999935000422843e-01  6.050356937225936e-08 -3.661232421354323e-14 -2.173874152015706e-17 
 2.691534803926876e+04  9.999088514037780e-09  1.099234625018264e-06 -3.430977843532989e-18  5.912990414872892e-15  9.999935000422832e-01  5.912627847504300e-08 -3.496449875398249e-14 -2.028794435949200e-17 
 2.754228703338126e+04  9.999089538733165e-09  1.124839088928464e-06 -3.276587202134646e-18  5.778394411287144e-15  9.999935000422816e-01  5.778040598368103e-08 -3.339083760823141e-14 -1.893397774336358e-17 
 2.818382931264412e+04  9.999103586211358e-09  1.151039957403288e-06 -3.129145218998358e-18  5.646862181020468e-15  9.999935000422800e-01  5.646524269572843e-08 -3.188800283660861e-14 -1.767037841917861e-17 
 2.884031503126564e+04  9.999101349875909e-09  1.177851122441398e-06 -2.988339211157943e-18  5.518323984468978e-15  9.999935000422790e-01  5.517992451137786e-08 -3.045280673108719e-14 -1.649111518287913e-17 
 2.951209226666342e+04  9.999093087146792e-09  1.205286799838001e-06 -2.853870453993087e-18  5.392711669470096e-15  9.999935000422774e-01  5.392383152220785e-08 -2.908220505379126e-14 -1.539055874428733e-17 
 3.019951720401971e+04  9.999091784339435e-09  1.233361536068234e-06 -2.725453723382131e-18  5.269958635169531e-15  9.999935000422768e-01  5.269636839410653e-08 -2.777329057980465e-14 -1.436345585639827e-17 
 3.090295432513544e+04  9.999098041725724e-09  1.262090217085676e-06 -2.602816726472973e-18  5.149999796710769e-15  9.999935000422755e-01  5.149688483041710e-08 -2.652328693059940e-14 -1.340490438622890e-17 
 3.162277660168332e+04  9.999086953024569e-09  1.291488074983693e-06 -2.485699225891090e-18  5.032771550728570e-15  9.999935000422744e-01  5.032461681099901e-08 -2.532954268500502e-14 -1.251032835678338e-17 
 3.235936569296234e+04  9.999098191950671e-09  1.321570697015995e-06 -2.373852842058870e-18  4.918211741627163e-15  9.999935000422731e-01  4.917914395510814e-08 -2.418952575522209e-14 -1.167545796698300e-17 
 3.311311214825861e+04  9.999111132176523e-09  1.352354033229419e-06 -2.267040323575683e-18  4.806259628626511e-15  9.999935000422722e-01  4.805975216360878e-08 -2.310081801595788e-14 -1.089630814736616e-17 
 3.388441561391974e+04  9.999089726215840e-09  1.383854405540008e-06 -2.165035136191343e-18  4.696855853558296e-15  9.999935000422711e-01  4.696567810049193e-08 -2.206111017528723e-14 -1.016916000023725e-17 
 3.467368504525264e+04  9.999104952932627e-09  1.416088515643343e-06 -2.067620861078718e-18  4.589942409395123e-15  9.999935000422705e-01  4.589667863905827e-08 -2.106819687636218e-14 -9.490542469054758e-18 
 3.548133892335701e+04  9.999107410969626e-09  1.449073454701244e-06 -1.974590858811421e-18  4.485462609495717e-15  9.999935000422696e-01  4.485195371009554e-08 -2.011997201957823e-14 -8.857216364995471e-18 
 3.630780547700958e+04  9.999107607428233e-09  1.482826711723950e-06 -1.885747896111524e-18  4.383361057550238e-15  9.999935000422686e-01  4.383099945926699e-08 -1.921442429527684e-14 -8.266159167381607e-18 
 3.715352290971669e+04  9.999105446649125e-09  1.517366183034774e-06 -1.800903468602630e-18  4.283583618209897e-15  9.999935000422679e-01  4.283327484713717e-08 -1.834963291750925e-14 -7.714549431986400e-18 
 3.801893963205554e+04  9.999124011877619e-09  1.552710182067818e-06 -1.719877561496917e-18  4.186077388384704e-15  9.999935000422669e-01  4.185834819384060e-08 -1.752376354980989e-14 -7.199754071896251e-18 
 3.890451449942747e+04  9.999110042276115e-09  1.588877448471804e-06 -1.642498417619824e-18  4.090790669194524e-15  9.999935000422664e-01  4.090547871433980e-08 -1.673506441433917e-14 -6.719316396781107e-18 
 3.981071705534912e+04  9.999106669852021e-09  1.625887158740458e-06 -1.568601821256783e-18  3.997672938558956e-15  9.999935000422659e-01  3.997434285842039e-08 -1.598186257614448e-14 -6.270942903361314e-18 
 4.073802778041065e+04  9.999112445393268e-09  1.663758935954718e-06 -1.498031039095332e-18  3.906674824410573e-15  9.999935000422653e-01  3.906443828832762e-08 -1.526256039465388e-14 -5.852493548834905e-18 
 4.168693834703290e+04  9.999109139976430e-09  1.702512860135563e-06 -1.430636441798002e-18  3.817748078518133e-15  9.999935000422647e-01  3.817521049146247e-08 -1.457563213487933e-14 -5.461971315429042e-18 
 4.265795188015862e+04  9.999117693804719e-09  1.742169479179712e-06 -1.366274973360263e-18  3.730845550905701e-15  9.999935000422642e-01  3.730626852403718e-08 -1.391962073114046e-14 -5.097511860014433e-18 
 4.365158322401593e+04  9.999114803814688e-09  1.782749819656537e-06 -1.304810196712196e-18  3.645921164853642e-15  9.999935000422634e-01  3.645706363967355e-08 -1.329313469644261e-14 -4.757375959028250e-18 
 4.466835921509562e+04  9.999126800603430e-09  1.824275397632746e-06 -1.246111711697267e-18  3.562929892469058e-15  9.999935000422627e-01  3.562724230042613e-08 -1.269484517095692e-14 -4.439940083903937e-18 
 4.570881896148680e+04  9.999121464038663e-09  1.866768230496252e-06 -1.190055010002772e-18  3.481827730811973e-15  9.999935000422623e-01  3.481624867443869e-08 -1.212348310333892e-14 -4.143689154445293e-18 
 4.677351412871909e+04  9.999113946111697e-09  1.910250848724537e-06 -1.136521186273697e-18  3.402571678565056e-15  9.999935000422615e-01  3.402370851767270e-08 -1.157783655890869e-14 -3.867209212169517e-18 
 4.786300923226309e+04  9.999134584305966e-09  1.954746307097910e-06 -1.085396725929765e-18  3.325119713234300e-15  9.999935000422612e-01  3.324930298491749e-08 -1.105674814898223e-14 -3.609180804098669e-18 
 4.897788193684386e+04  9.999116802789152e-09  2.000278197800132e-06 -1.036573100642080e-18  3.249430768868795e-15  9.999935000422610e-01  3.249239866618195e-08 -1.055911257590191e-14 -3.368372136957925e-18 
 5.011872336272644e+04  9.999130334392191e-09  2.046870662630873e-06 -9.899468430070259e-19  3.175464714287317e-15  9.999935000422603e-01  3.175282434512636e-08 -1.008387428855743e-14 -3.143634212757284e-18 
 5.128613839913568e+04  9.999131213210008e-09  2.094548405218166e-06 -9.454190053397829e-19  3.103182331800954e-15  9.999935000422601e-01  3.103004454774183e-08 -9.630025243426776e-15 -2.933894278056724e-18 
 5.248074602497643e+04  9.999129634846575e-09  2.143336705229260e-06 -9.028951319104497e-19  3.032545296419664e-15  9.999935000422596e-01  3.032370971337017e-08 -9.196602766385375e-15 -2.738151307315024e-18 
 5.370317963702443e+04  9.999137121443805e-09  2.193261430749605e-06 -8.622850498801179e-19  2.963516155532293e-15  9.999935000422590e-01  2.963347999667201e-08 -8.782687510749936e-15 -2.555471183833731e-18 
 5.495408738576159e+04  9.999129683005697e-09  2.244349052382688e-06 -8.235026095669470e-19  2.896058309049137e-15  9.999935000422588e-01  2.895891809641046e-08 -8.387401507225270e-15 -2.384982031302245e-18 
 5.623413251903402e+04  9.999157416025344e-09  2.296626657571910e-06 -7.864655394296074e-19  2.830135989996398e-15  9.999935000422587e-01  2.829981113295840e-08 -8.009906301617457e-15 -2.225870171097397e-18 
 5.754399373371479e+04  9.999154848144220e-09  2.350121964755925e-06 -7.510953117822205e-19  2.765714245552407e-15  9.999935000422583e-01  2.765562168291144e-08 -7.649401176363602e-15 -2.077376348893393e-18 
 5.888436553555797e+04  9.999148603326535e-09  2.404863337579499e-06 -7.173168622267984e-19  2.702758918515526e-15  9.999935000422582e-01  2.702608599847861e-08 -7.305121452105923e-15 -1.938791788757978e-18 
 6.025595860743483e+04  9.999156486182859e-09  2.460879800825211e-06 -6.850585723714191e-19  2.641236629193767e-15  9.999935000422580e-01  2.641091799556947e-08 -6.976336865707014e-15 -1.809455207753268e-18 
 6.165950018614724e+04  9.999141101022679e-09  2.518201055123903e-06 -6.542519936626584e-19  2.581114757706778e-15  9.999935000422576e-01  2.580969239284608e-08 -6.662350021266722e-15 -1.688749316890073e-18 
 6.309573444801832e+04  9.999170029110792e-09  2.576857493163942e-06 -6.248318076182610e-19  2.522361426690544e-15  9.999935000422570e-01  2.522226503695602e-08 -6.362494910854215e-15 -1.576098157085701e-18 
 6.456542290346453e+04  9.999153768926492e-09  2.636880214790249e-06 -5.967356084584648e-19  2.464945484395864e-15  9.999935000422571e-01  2.464809610927543e-08 -6.076135501818222e-15 -1.470964140467487e-18 
 6.606934480075855e+04  9.999152246348172e-09  2.698301045378493e-06 -5.699037783866685e-19  2.408836488171486e-15  9.999935000422568e-01  2.408703327592965e-08 -5.802664387678507e-15 -1.372845510887297e-18 
 6.760829753919710e+04  9.999164007356883e-09  2.761152551045143e-06 -5.442794352701573e-19  2.354004688323192e-15  9.999935000422563e-01  2.353877314592578e-08 -5.541501499737096e-15 -1.281274129056254e-18 
 6.918309709189254e+04  9.999156397358779e-09  2.825468056133484e-06 -5.198082042695419e-19  2.300421012340349e-15  9.999935000422562e-01  2.300294774711803e-08 -5.292092876676577e-15 -1.195812975231984e-18 
 7.079457843841266e+04  9.999166577678899e-09  2.891281661865364e-06 -4.964381882213430e-19  2.248057049481416e-15  9.999935000422560e-01  2.247935961680048e-08 -5.053909489535359e-15 -1.116054270508105e-18 
 7.244359600749785e+04  9.999168973729698e-09  2.958628263383112e-06 -4.741198239740074e-19  2.196885035710373e-15  9.999935000422557e-01  2.196767218479168e-08 -4.826446119567738e-15 -1.041617448083509e-18 
 7.413102413009056e+04  9.999192684349666e-09  3.027543568845381e-06 -4.528057697535985e-19  2.146877838976018e-15  9.999935000422554e-01  2.146767782203879e-08 -4.609220286608524e-15 -9.721473210777266e-19 
 7.585775750291716e+04  9.999182130025559e-09  3.098064117967869e-06 -4.324508142220611e-19  2.098008944826337e-15  9.999935000422552e-01  2.097899167146505e-08 -4.401771225669073e-15 -9.073124093459941e-19 
 7.762471166286792e+04  9.999177081286580e-09  3.170227301396711e-06 -4.130117891256670e-19  2.050252442350309e-15  9.999935000422554e-01  2.050144116798325e-08 -4.203658909594038e-15 -8.468033746786976e-19 
 7.943282347242687e+04  9.999209574030378e-09  3.244071381802716e-06 -3.944474536232720e-19  2.003583010439745e-15  9.999935000422547e-01  2.003483649641591e-08 -4.014463115705779e-15 -7.903314938307185e-19 
 8.128305161640861e+04  9.999209485774454e-09  3.319635511256358e-06 -3.767184517936020e-19  1.957975904363790e-15  9.999935000422551e-01  1.957878776725347e-08 -3.833782534456596e-15 -7.376273720606006e-19 
 8.317637711026576e+04  9.999207474457740e-09  3.396959755819218e-06 -3.597871636053317e-19  1.913406942649071e-15  9.999935000422546e-01  1.913311629877373e-08 -3.661233918198212e-15 -6.884395249974606e-19 
 8.511380382023628e+04  9.999209214694617e-09  3.476085113196525e-06 -3.436176898011725e-19  1.869852494258448e-15  9.999935000422546e-01  1.869759665412002e-08 -3.496451268262866e-15 -6.425333073020487e-19 
 8.709635899560666e+04  9.999201690383561e-09  3.557053536940025e-06 -3.281757272520151e-19  1.827289466061622e-15  9.999935000422546e-01  1.827197364332594e-08 -3.339085058631752e-15 -5.996896976780680e-19 
 8.912509381337311e+04  9.999216638884102e-09  3.639907957708743e-06 -3.134285355904922e-19  1.785695290590931e-15  9.999935000422543e-01  1.785607943883410e-08 -3.188801494544076e-15 -5.597043280508267e-19 
 9.120108393558950e+04  9.999236094365322e-09  3.724692305695498e-06 -2.993448301313901e-19  1.745047914075883e-15  9.999935000422543e-01  1.744965939971810e-08 -3.045281804474231e-15 -5.223864382802911e-19 
 9.332543007969759e+04  9.999250171593456e-09  3.811451535162824e-06 -2.858947408542538e-19  1.705325784750010e-15  9.999935000422537e-01  1.705248066537213e-08 -2.908221563975128e-15 -4.875580125596394e-19 
 9.549925860214204e+04  9.999248067202597e-09  3.900231646314367e-06 -2.730497426342514e-19  1.666507841423922e-15  9.999935000422537e-01  1.666431530874396e-08 -2.777330049953629e-15 -4.550529175441809e-19 
 9.772372209557948e+04  9.999258259830568e-09  3.991079711829215e-06 -2.607826044692760e-19  1.628573502318446e-15  9.999935000422538e-01  1.628500578138015e-08 -2.652329624008311e-15 -4.247161250476085e-19 
 9.999999999999837e+04  9.999260535630308e-09  4.084043900953738e-06 -2.490672970037415e-19  1.591502654151971e-15  9.999935000422536e-01  1.591431741509303e-08 -2.532955143521614e-15 -3.964029148068333e-19 
 1.023292992280737e+05  9.999263531229147e-09  4.179173504037514e-06 -2.378789869170492e-19  1.555275641476164e-15  9.999935000422535e-01  1.555206798325298e-08 -2.418953399257139e-15 -3.699782653759640e-19 
 1.047128548050882e+05  9.999286099889341e-09  4.276518960177889e-06 -2.271939452841171e-19  1.519873256254462e-15  9.999935000422535e-01  1.519809399858074e-08 -2.310082578269257e-15 -3.453161457571090e-19 
 1.071519305237589e+05  9.999288900506260e-09  4.376131883532253e-06 -2.169895121238176e-19  1.485276727677771e-15  9.999935000422533e-01  1.485214730281154e-08 -2.206111750985742e-15 -3.222989383840067e-19 
 1.096478196143167e+05  9.999293528901717e-09  4.478065089852379e-06 -2.072440485017794e-19  1.451467712211986e-15  9.999935000422531e-01  1.451407787358971e-08 -2.106820381375458e-15 -3.008168777222817e-19 
 1.122018454301945e+05  9.999317902187348e-09  4.582372625239195e-06 -1.979368976820813e-19  1.418428283872049e-15  9.999935000422533e-01  1.418373169869563e-08 -2.011997859162123e-15 -2.807675360917043e-19 
 1.148153621496864e+05  9.999309431576439e-09  4.689109795452673e-06 -1.890483114603883e-19  1.386140924717424e-15  9.999935000422533e-01  1.386085880621113e-08 -1.921443053091927e-15 -2.620552919814937e-19 
 1.174897554939510e+05  9.999337409338425e-09  4.798333193667403e-06 -1.805594601891345e-19  1.354588515563877e-15  9.999935000422533e-01  1.354538503930969e-08 -1.834963884307373e-15 -2.445909474429416e-19 
 1.202264434617393e+05  9.999344176350406e-09  4.910100732113953e-06 -1.724523317395753e-19  1.323754326906727e-15  9.999935000422528e-01  1.323706339071556e-08 -1.752376918922479e-15 -2.282912165892302e-19 
 1.230268770812361e+05  9.999346472678379e-09  5.024471670500574e-06 -1.647097460262533e-19  1.293622010050670e-15  9.999935000422528e-01  1.293575401222630e-08 -1.673506978935086e-15 -2.130784010568618e-19 
 1.258925411794146e+05  9.999368078821887e-09  5.141506650319094e-06 -1.573152935469706e-19  1.264175588441537e-15  9.999935000422530e-01  1.264132761663594e-08 -1.598186770650995e-15 -1.988799841308385e-19 
 1.288249551693113e+05  9.999370235244364e-09  5.261267725042984e-06 -1.502532927831458e-19  1.235399449195360e-15  9.999935000422530e-01  1.235357853339447e-08 -1.526256529831770e-15 -1.856282754443229e-19 
 1.318256738556385e+05  9.999403689060873e-09  5.383818394100182e-06 -1.435087781913396e-19  1.207278334820251e-15  9.999935000422523e-01  1.207241714408502e-08 -1.457563682813495e-15 -1.732601151065776e-19 
 1.348962882591631e+05  9.999404863251175e-09  5.509223633737292e-06 -1.370674534057157e-19  1.179797335126732e-15  9.999935000422531e-01  1.179761676545210e-08 -1.391962522877719e-15 -1.617165529760666e-19 
 1.380384264602862e+05  9.999426180787449e-09  5.637549937875797e-06 -1.309156695559031e-19  1.152941879322184e-15  9.999935000422524e-01  1.152909480037212e-08 -1.329313901188066e-15 -1.509425778915383e-19 
 1.412537544622731e+05  9.999439789367881e-09  5.768865344979446e-06 -1.250403883611825e-19  1.126697728285281e-15  9.999935000422525e-01  1.126667589605723e-08 -1.269484931637024e-15 -1.408868455891395e-19 
 1.445439770745904e+05  9.999479260915138e-09  5.903239481130917e-06 -1.194291599969292e-19  1.101050967016250e-15  9.999935000422523e-01  1.101025850352988e-08 -1.212348708976771e-15 -1.315014402365268e-19 
 1.479108388168183e+05  9.999476792021355e-09  6.040743592450326e-06 -1.140701004835017e-19  1.075987997259003e-15  9.999935000422526e-01  1.075963176541683e-08 -1.157784039636230e-15 -1.227416496056961e-19 
 1.513561248436183e+05  9.999495749676983e-09  6.181450586617565e-06 -1.089518515349949e-19  1.051495530291203e-15  9.999935000422523e-01  1.051473257941693e-08 -1.105675184653321e-15 -1.145657352731826e-19 
 1.548816618912456e+05  9.999524305295727e-09  6.325435067400242e-06 -1.040635737634609e-19  1.027560579878455e-15  9.999935000422523e-01  1.027541738848892e-08 -1.055911614177188e-15 -1.069347523652768e-19 
 1.584893192461087e+05  9.999536956641197e-09  6.472773377619312e-06 -9.939491300953698e-20  1.004170455388874e-15  9.999935000422523e-01  1.004153303736655e-08 -1.008387773019618e-15 -9.981235201781677e-20 
 1.621810097358903e+05  9.999564883850900e-09  6.623543638006879e-06 -9.493598263681318e-20  9.813127550643849e-16  9.999935000422523e-01  9.812987245699789e-09 -9.630028567583936e-16 -9.316461242004129e-20 
 1.659586907437533e+05  9.999592191179332e-09  6.777825788617520e-06 -9.067734391923576e-20  9.589753594451966e-16  9.999935000422524e-01  9.589642573082369e-09 -9.196605979176475e-16 -8.695987806672548e-20 
 1.698243652461716e+05  9.999619242370404e-09  6.935701632793112e-06 -8.660997752906240e-20  9.371464249439417e-16  9.999935000422521e-01  9.371381009745661e-09 -8.782690617716801e-16 -8.116860042342486e-20 
 1.737800828749346e+05  9.999626063181296e-09  7.097254877130865e-06 -8.272527635926141e-20  9.158143775660955e-16  9.999935000422524e-01  9.158068581260892e-09 -8.387404513391150e-16 -7.576320849550359e-20 
 1.778279410038893e+05  9.999646565237143e-09  7.262571180444155e-06 -7.901502021298074e-20  8.949679067733309e-16  9.999935000422522e-01  8.949623838891418e-09 -8.009909211537624e-16 -7.071797027176324e-20 
 1.819700858609953e+05  9.999694488574198e-09  7.431738195062820e-06 -7.547135292187145e-20  8.745959594865657e-16  9.999935000422520e-01  8.745947443697388e-09 -7.649403994171674e-16 -6.600886526219669e-20 
 1.862087136662836e+05  9.999711775429633e-09  7.604845615238887e-06 -7.208678301510805e-20  8.546877342255124e-16  9.999935000422522e-01  8.546880149798430e-09 -7.305124181556099e-16 -6.161348533349927e-20 
 1.905460717963215e+05  9.999732160900058e-09  7.781985225330246e-06 -6.885415034086946e-20  8.352326753816291e-16  9.999935000422522e-01  8.352346432538571e-09 -6.976339510212926e-16 -5.751091206359594e-20 
 1.949844599758012e+05  9.999781548422513e-09  7.963250947540246e-06 -6.576661700691374e-20  8.162204676214351e-16  9.999935000422518e-01  8.162264128475094e-09 -6.662352583936780e-16 -5.368162256818241e-20 
 1.995262314968846e+05  9.999818424000689e-09  8.148738890323415e-06 -6.281765639879410e-20  7.976410304172216e-16  9.999935000422520e-01  7.976497727948950e-09 -6.362497394524080e-16 -5.010739918411387e-20 
 2.041737944669495e+05  9.999849725733817e-09  8.338547402120255e-06 -6.000103427521160e-20  7.794845127022545e-16  9.999935000422521e-01  7.794954872547555e-09 -6.076137909080346e-16 -4.677123829949674e-20 
 2.089296130854004e+05  9.999879010475481e-09  8.532777123315682e-06 -5.731079904091622e-20  7.617412876476413e-16  9.999935000422515e-01  7.617542345170203e-09 -5.802666720909135e-16 -4.365727206023076e-20 
 2.137962089502196e+05  9.999904150504427e-09  8.731531034200657e-06 -5.474126569488838e-20  7.444019475580917e-16  9.999935000422521e-01  7.444164626738137e-09 -5.541503761120946e-16 -4.075068996418392e-20 
 2.187761623949515e+05  9.999947864853385e-09  8.934914519587167e-06 -5.228700796796941e-20  7.274572988838536e-16  9.999935000422517e-01  7.274746553417866e-09 -5.292095068229212e-16 -3.803767141030938e-20 
 2.238721138568301e+05  9.999997762354985e-09  9.143035414105327e-06 -4.994284159181526e-20  7.108983573462034e-16  9.999935000422520e-01  7.109188578102721e-09 -5.053911613123628e-16 -3.550531584508196e-20 
 2.290867652767734e+05  1.000005339476491e-08  9.356004067928581e-06 -4.770381911888025e-20  6.947163431738774e-16  9.999935000422517e-01  6.947402339183006e-09 -4.826448176928286e-16 -3.314158549473056e-20 
 2.344228815319882e+05  1.000008659737950e-08  9.573933398510093e-06 -4.556521195795850e-20  6.789026764479437e-16  9.999935000422516e-01  6.789282696803567e-09 -4.609222279364562e-16 -3.093524262114094e-20 
 2.398832919019449e+05  1.000012413443185e-08  9.796938954531598e-06 -4.352251086090952e-20  6.634489725526286e-16  9.999935000422521e-01  6.634764659549375e-09 -4.401773155345545e-16 -2.887580324733859e-20 
 2.454708915684988e+05  1.000018307970857e-08  1.002513897851998e-05 -4.157140419547147e-20  6.483470377296938e-16  9.999935000422517e-01  6.483777195698259e-09 -4.203660777631297e-16 -2.695347878807113e-20 
 2.511886431509537e+05  1.000022920589506e-08  1.025865446346863e-05 -3.970777799864670e-20  6.335888647340068e-16  9.999935000422517e-01  6.336217633906571e-09 -4.014464923471863e-16 -2.515913565360663e-20 
 2.570395782768819e+05  1.000028434560874e-08  1.049760922255949e-05 -3.792770232088800e-20  6.191666285879976e-16  9.999935000422517e-01  6.192021853590468e-09 -3.833784283258235e-16 -2.348424839845058e-20 
 2.630267991895336e+05  1.000034665478170e-08  1.074212995333390e-05 -3.622742644096903e-20  6.050726824327536e-16  9.999935000422517e-01  6.051111930971409e-09 -3.661235609290619e-16 -2.192086133939345e-20 
 2.691534803926869e+05  1.000040086716180e-08  1.099234630341783e-05 -3.460336592998927e-20  5.912995534735521e-16  9.999935000422517e-01  5.913403863799793e-09 -3.496452902858443e-16 -2.046154754283872e-20 
 2.754228703338119e+05  1.000046613954493e-08  1.124839094091001e-05 -3.305209986018789e-20  5.778399390176807e-16  9.999935000422517e-01  5.778836076331118e-09 -3.339086637907759e-16 -1.909937640959245e-20 
 2.818382931264405e+05  1.000053357695560e-08  1.151039962432598e-05 -3.157036071531853e-20  5.646867026024437e-16  9.999935000422517e-01  5.647331789704335e-09 -3.188803019649376e-16 -1.782787891346959e-20 
 2.884031503126556e+05  1.000059850068876e-08  1.177851127365237e-05 -3.015502812283623e-20  5.518328702113039e-16  9.999935000422518e-01  5.518818652072710e-09 -3.045283276535116e-16 -1.664101719978300e-20 
 2.951209226666334e+05  1.000065365267165e-08  1.205286804606409e-05 -2.880312377936634e-20  5.392716265761529e-16  9.999935000422517e-01  5.393224745270375e-09 -2.908222984100381e-16 -1.553315666186129e-20 
 3.019951720401964e+05  1.000074716534155e-08  1.233361540897704e-05 -2.751180121776249e-20  5.269963115637479e-16  9.999935000422514e-01  5.270509244315047e-09 -2.777331419238821e-16 -1.449903694680827e-20 
 3.090295432513537e+05  1.000080737377095e-08  1.262090221643142e-05 -2.627834355480953e-20  5.150004166444026e-16  9.999935000422520e-01  5.150568815198708e-09 -2.652330943539433e-16 -1.353374900345120e-20 
 3.162277660168324e+05  1.000090725679857e-08  1.291488079502301e-05 -2.510015605585954e-20  5.032775814410548e-16  9.999935000422516e-01  5.033377825647278e-09 -2.532956414378054e-16 -1.263271077991102e-20 
 3.235936569296226e+05  1.000099475005501e-08  1.321570701362518e-05 -2.397476099293525e-20  4.918215903568886e-16  9.999935000422516e-01  4.918847190671372e-09 -2.418954622514125e-16 -1.179164560170061e-20 
 3.311311214825853e+05  1.000108402984820e-08  1.352354037509329e-05 -2.289979107819637e-20  4.806263692797173e-16  9.999935000422516e-01  4.806923470379587e-09 -2.310083754999774e-16 -1.100656117597304e-20 
 3.388441561391967e+05  1.000118827086308e-08  1.383854409642282e-05 -2.187298662978971e-20  4.696859823613803e-16  9.999935000422518e-01  4.697553495497386e-09 -2.206112882261959e-16 -1.027373168237229e-20 
 3.467368504525256e+05  1.000127587622221e-08  1.416088519778924e-05 -2.089218895748246e-20  4.589946288704509e-16  9.999935000422515e-01  4.590664334780392e-09 -2.106821468269761e-16 -9.589679147900403e-21 
 3.548133892335693e+05  1.000139304435029e-08  1.449073458781314e-05 -1.995533701442748e-20  4.485466401165837e-16  9.999935000422514e-01  4.486220613747482e-09 -2.011998902747766e-16 -8.951157490903147e-21 
 3.630780547700950e+05  1.000148704954988e-08  1.482826715593077e-05 -1.906046143554760e-20  4.383364764448700e-16  9.999935000422516e-01  4.384142972269078e-09 -1.921444054443339e-16 -8.355136354910604e-21 
 3.715352290971660e+05  1.000159920231174e-08  1.517366186876146e-05 -1.820568225420584e-20  4.283587242986090e-16  9.999935000422515e-01  4.284395737491620e-09 -1.834964844500180e-16 -7.798787560895015e-21 
 3.801893963205545e+05  1.000171077611467e-08  1.552710185714901e-05 -1.738920339408235e-20  4.186080933489408e-16  9.999935000422516e-01  4.186917691023639e-09 -1.752377839033265e-16 -7.279470977841536e-21 
 3.890451449942738e+05  1.000184882167336e-08  1.588877452096682e-05 -1.660930928874855e-20  4.090794136898124e-16  9.999935000422516e-01  4.091668281969163e-09 -1.673507860040929e-16 -6.794722177256248e-21 
 3.981071705534903e+05  1.000197360964138e-08  1.625887162326478e-05 -1.586436212040439e-20  3.997676330967983e-16  9.999935000422515e-01  3.998580428571374e-09 -1.598187613828822e-16 -6.342241077827892e-21 
 4.073802778041056e+05  1.000210782825637e-08  1.663758939418614e-05 -1.515279680676593e-20  3.906678143483140e-16  9.999935000422516e-01  3.907614062187426e-09 -1.526257336157534e-16 -5.919880379244957e-21 
 4.168693834703281e+05  1.000225136675140e-08  1.702512863621664e-05 -1.447311862860468e-20  3.817751326078095e-16  9.999935000422514e-01  3.818720707704504e-09 -1.457564453361243e-16 -5.525635757949069e-21 
 4.265795188015852e+05  1.000240183278264e-08  1.742169482588096e-05 -1.382390028433065e-20  3.730848728655506e-16  9.999935000422515e-01  3.731852150218318e-09 -1.391963258718530e-16 -5.157636422024357e-21 
 4.365158322401583e+05  1.000254667773728e-08  1.782749822831775e-05 -1.320377781170665e-20  3.645924274386324e-16  9.999935000422517e-01  3.646957635189407e-09 -1.329314603388931e-16 -4.814135825121796e-21 
 4.466835921509552e+05  1.000272108520319e-08  1.824275400741371e-05 -1.261144900722631e-20  3.562932935279015e-16  9.999935000422516e-01  3.564004886352778e-09 -1.269485601259640e-16 -4.493503867885808e-21 
 4.570881896148669e+05  1.000290109249830e-08  1.866768233549365e-05 -1.204566919865186e-20  3.481830708304893e-16  9.999935000422516e-01  3.482940907906240e-09 -1.212349347076315e-16 -4.194218619891635e-21 
 4.677351412871899e+05  1.000307367274470e-08  1.910250851677731e-05 -1.150525049092689e-20  3.402574592066919e-16  9.999935000422514e-01  3.403718216998808e-09 -1.157784647260094e-16 -3.914859768933125e-21 
 4.786300923226299e+05  1.000327053436231e-08  1.954746309973387e-05 -1.098905742847429e-20  3.325122563999603e-16  9.999935000422515e-01  3.326305592077361e-09 -1.105675762839855e-16 -3.654101231235318e-21 
 4.897788193684375e+05  1.000346978871087e-08  2.000278200808836e-05 -1.049600552566278e-20  3.249433558087891e-16  9.999935000422512e-01  3.250654381087292e-09 -1.055912163954431e-16 -3.410705191954101e-21 
 5.011872336272634e+05  1.000367582706342e-08  2.046870665317613e-05 -1.002505914702327e-20  3.175467443093265e-16  9.999935000422517e-01  3.176725882347853e-09 -1.008388295404065e-16 -3.183516280911471e-21 
 5.128613839913558e+05  1.000387528024182e-08  2.094548407916008e-05 -9.575228554998247e-21  3.103185001275472e-16  9.999935000422517e-01  3.104476668791545e-09 -9.630033527537828e-17 -2.971455842322344e-21 
 5.248074602497633e+05  1.000410819041911e-08  2.143336707849386e-05 -9.145568270028457e-21  3.032547907598632e-16  9.999935000422516e-01  3.033880785485721e-09 -9.196610685137918e-17 -2.773516971093932e-21 
 5.370317963702432e+05  1.000435792530738e-08  2.193261433314220e-05 -8.735175722905296e-21  2.963518709410679e-16  9.999935000422514e-01  2.964895239043752e-09 -8.782695079433444e-17 -2.588759929064288e-21 
 5.495408738576148e+05  1.000458425974015e-08  2.244349054869588e-05 -8.343188311817565e-21  2.896060806585362e-16  9.999935000422516e-01  2.897471533536145e-09 -8.387408740449506e-17 -2.416307365184882e-21 
 5.623413251903391e+05  1.000486071011553e-08  2.296626660047707e-05 -7.968781983174673e-21  2.830138432116287e-16  9.999935000422517e-01  2.831595270758047e-09 -8.009913213353004e-17 -2.255340282193571e-21 
 5.754399373371467e+05  1.000513728792818e-08  2.350121967298335e-05 -7.611169354642666e-21  2.765716633152704e-16  9.999935000422512e-01  2.767216789045790e-09 -7.649407779978776e-17 -2.105094114785442e-21 
 5.888436553555785e+05  1.000541614461797e-08  2.404863340066399e-05 -7.269598651795648e-21  2.702761252466983e-16  9.999935000422514e-01  2.704302615175180e-09 -7.305127760400303e-17 -1.964855270502652e-21 
 6.025595860743470e+05  1.000572257708631e-08  2.460879803267702e-05 -6.943351536773556e-21  2.641238910343951e-16  9.999935000422515e-01  2.642826110732521e-09 -6.976342890942309e-17 -1.833957577377037e-21 
 6.165950018614712e+05  1.000603035818577e-08  2.518201057410963e-05 -6.631741880772871e-21  2.581116986882485e-16  9.999935000422517e-01  2.582747488100168e-09 -6.662355775194869e-17 -1.711779204255821e-21 
 6.309573444801820e+05  1.000635739438887e-08  2.576857495295570e-05 -6.334113851272210e-21  2.522363604699990e-16  9.999935000422515e-01  2.524039470486183e-09 -6.362500404743352e-17 -1.597739591045332e-21 
 6.456542290346441e+05  1.000668181783858e-08  2.636880217021798e-05 -6.049841283912075e-21  2.464947612030572e-16  9.999935000422515e-01  2.466665288691772e-09 -6.076140746476529e-17 -1.491296892294282e-21 
 6.606934480075843e+05  1.000705398605448e-08  2.698301047665552e-05 -5.778325988104342e-21  2.408838566207955e-16  9.999935000422513e-01  2.410606783631586e-09 -5.802669393476246e-17 -1.391945306218035e-21 
 6.760829753919698e+05  1.000742147622716e-08  2.761152552999135e-05 -5.518996592045342e-21  2.354006717524376e-16  9.999935000422516e-01  2.355821183963602e-09 -5.541506276627084e-17 -1.299212700958915e-21 
 6.918309709189242e+05  1.000782937549858e-08  2.825468058187397e-05 -5.271307053309041e-21  2.300422993456915e-16  9.999935000422514e-01  2.302289983657779e-09 -5.292097434213145e-17 -1.212658307237917e-21 
 7.079457843841253e+05  1.000823223600701e-08  2.891281663952583e-05 -5.034735740194599e-21  2.248058983252869e-16  9.999935000422513e-01  2.249974033474711e-09 -5.053913836892075e-17 -1.131870685423310e-21 
 7.244359600749771e+05  1.000865965668012e-08  2.958628265314900e-05 -4.808784439807958e-21  2.196886922866028e-16  9.999935000422515e-01  2.198852273871399e-09 -4.826450265553968e-17 -1.056465796893374e-21 
 7.413102413009043e+05  1.000910081471763e-08  3.027543570688351e-05 -4.592977291789836e-21  2.146879680235836e-16  9.999935000422515e-01  2.148894999443041e-09 -4.609224239684925e-17 -9.860851756403318e-22 
 7.585775750291703e+05  1.000958628215967e-08  3.098064119733124e-05 -4.386859621000811e-21  2.098010740901649e-16  9.999935000422514e-01  2.100082031886163e-09 -4.401774993962181e-17 -9.203941908059563e-22 
 7.762471166286779e+05  1.001008958612395e-08  3.170227303339601e-05 -4.189997004387191e-21  2.050254193944461e-16  9.999935000422514e-01  2.052381521677749e-09 -4.203662500910025e-17 -8.590804661338933e-22 
 7.943282347242674e+05  1.001061411225054e-08  3.244071383434743e-05 -4.001974531985805e-21  2.003584718248631e-16  9.999935000422514e-01  2.005768710844347e-09 -4.014466537543436e-17 -8.018524346103750e-22 
 8.128305161640848e+05  1.001115189934415e-08  3.319635513321373e-05 -3.822395990772520e-21  1.957977569076338e-16  9.999935000422512e-01  1.960217141383502e-09 -3.833785794019644e-17 -7.484379637430863e-22 
 8.317637711026561e+05  1.001169825309443e-08  3.396959757573370e-05 -3.650882673415588e-21  1.913408564947652e-16  9.999935000422514e-01  1.915701694499283e-09 -3.661237022406977e-17 -6.985829923228656e-22 
 8.511380382023612e+05  1.001231833006262e-08  3.476085115039496e-05 -3.487072828391172e-21  1.869854074819233e-16  9.999935000422513e-01  1.872210948772324e-09 -3.496454223765393e-17 -6.520503756735425e-22 
 8.709635899560649e+05  1.001293865835315e-08  3.557053538738586e-05 -3.330621138308213e-21  1.827291005554895e-16  9.999935000422513e-01  1.829707579892315e-09 -3.339087871814387e-17 -6.086188031750524e-22 
 8.912509381337294e+05  1.001358393923623e-08  3.639907959307465e-05 -3.181197370462922e-21  1.785696789681380e-16  9.999935000422514e-01  1.788173581429575e-09 -3.188804171541602e-17 -5.680816308819911e-22 
 9.120108393558932e+05  1.001426931229179e-08  3.724692307294220e-05 -3.038486374190149e-21  1.745049373422828e-16  9.999935000422514e-01  1.747589385703296e-09 -3.045284351179496e-17 -5.302460289959577e-22 
 9.332543007969741e+05  1.001498668423100e-08  3.811451536428478e-05 -2.902186932023956e-21  1.705327205007642e-16  9.999935000422515e-01  1.707931733541113e-09 -2.908223986048329e-17 -4.949319768618983e-22 
 9.549925860214186e+05  1.001574714537300e-08  3.900231647602226e-05 -2.772011371146064e-21  1.666509223241491e-16  9.999935000422515e-01  1.669181196040093e-09 -2.777332352831163e-17 -4.619714524306725e-22 
 9.772372209557928e+05  1.001653509062865e-08  3.991079713472345e-05 -2.647684947552426e-21  1.628574846340462e-16  9.999935000422512e-01  1.631314319738841e-09 -2.652331812911305e-17 -4.312076311837867e-22 
 9.999999999999817e+05  1.001733420204962e-08  4.084043902263801e-05 -2.528945122586179e-21  1.591503961018360e-16  9.999935000422515e-01  1.594308254859733e-09 -2.532957223464077e-17 -4.024941170677371e-22 
 1.023292992280735e+06  1.001819810270686e-08  4.179173505303169e-05 -2.415541212756803e-21  1.555276911822442e-16  9.999935000422515e-01  1.558151732639068e-09 -2.418955375053823e-17 -3.756942802819138e-22 
 1.047128548050880e+06  1.001909782611660e-08  4.276518961532361e-05 -2.307233587770549e-21  1.519874490711890e-16  9.999935000422515e-01  1.522820619603849e-09 -2.310084454543211e-17 -3.506805645255778e-22 
 1.071519305237587e+06  1.002005184458224e-08  4.376131884686885e-05 -2.203793571946619e-21  1.485277926873495e-16  9.999935000422515e-01  1.488298692620127e-09 -2.206113532175560e-17 -3.273339442556088e-22 
 1.096478196143165e+06  1.002102082461611e-08  4.478065090918193e-05 -2.105002608009656e-21  1.451468876769189e-16  9.999935000422515e-01  1.454561526781362e-09 -2.106822071742275e-17 -3.055433035189376e-22 
 1.122018454301943e+06  1.002207012314412e-08  4.582372626416031e-05 -2.010652013098310e-21  1.418429414410093e-16  9.999935000422516e-01  1.421600503981324e-09 -2.011999462796340e-17 -2.852049406989083e-22 
 1.148153621496861e+06  1.002314619621939e-08  4.689109796895963e-05 -1.920542274424230e-21  1.386142021851977e-16  9.999935000422513e-01  1.389390089090448e-09 -1.921444573919668e-17 -2.662220374248091e-22 
 1.174897554939508e+06  1.002427278993053e-08  4.798333195132898e-05 -1.834483075822055e-21  1.354589579907059e-16  9.999935000422514e-01  1.357916321054198e-09 -1.834965326096730e-17 -2.485042617613898e-22 
 1.202264434617390e+06  1.002547686245232e-08  4.910100733113154e-05 -1.752292458699649e-21  1.323755359067232e-16  9.999935000422515e-01  1.327165766173977e-09 -1.752378285289496e-17 -2.319672765113883e-22 
 1.230268770812358e+06  1.002671327070424e-08  5.024471671699615e-05 -1.673796629203589e-21  1.293623010633894e-16  9.999935000422514e-01  1.297115734266718e-09 -1.673508273349528e-17 -2.165323656004058e-22 
 1.258925411794143e+06  1.002801689992830e-08  5.141506651540340e-05 -1.598829711259023e-21  1.264176558049703e-16  9.999935000422514e-01  1.267754581868452e-09 -1.598187996441908e-17 -2.021260746070875e-22 
 1.288249551693110e+06  1.002937840727349e-08  5.261267726197616e-05 -1.527233090941441e-21  1.235400388427628e-16  9.999935000422514e-01  1.239065169911235e-09 -1.526257690192808e-17 -1.886798216676177e-22 
 1.318256738556382e+06  1.003079815058929e-08  5.383818394655293e-05 -1.458855414948313e-21  1.207279244272833e-16  9.999935000422515e-01  1.211032010783875e-09 -1.457564780808069e-17 -1.761296140231879e-22 
 1.348962882591628e+06  1.003231508623250e-08  5.509223634980742e-05 -1.393552038309271e-21  1.179798215392987e-16  9.999935000422515e-01  1.183644529612060e-09 -1.391963561443925e-17 -1.644157138902165e-22 
 1.380384264602859e+06  1.003386208408449e-08  5.637549938519726e-05 -1.331184808790210e-21  1.152942730992718e-16  9.999935000422516e-01  1.156879855801485e-09 -1.329314883143449e-17 -1.534823656865980e-22 
 1.412537544622727e+06  1.003550408311004e-08  5.768865345778806e-05 -1.271621825209588e-21  1.126698551948019e-16  9.999935000422515e-01  1.130731064336032e-09 -1.269485859683129e-17 -1.432775362298060e-22 
 1.445439770745900e+06  1.003721620905899e-08  5.903239481774847e-05 -1.214737079594882e-21  1.101051763256511e-16  9.999935000422515e-01  1.105181002269973e-09 -1.212349585703539e-17 -1.337526576252793e-22 
 1.479108388168179e+06  1.003902160972887e-08  6.040743593338505e-05 -1.160410157112785e-21  1.075988766659552e-16  9.999935000422516e-01  1.080218275939515e-09 -1.157784867526207e-17 -1.248623927738441e-22 
 1.513561248436179e+06  1.004089972990850e-08  6.181450587305903e-05 -1.108526136469046e-21  1.051496273432291e-16  9.999935000422515e-01  1.055826995277620e-09 -1.105675966085708e-17 -1.165644365881430e-22 
 1.548816618912452e+06  1.004288826717587e-08  6.325435068532670e-05 -1.058975233603047e-21  1.027561297337841e-16  9.999935000422512e-01  1.031997778899729e-09 -1.055912351431727e-17 -1.088193017699963e-22 
 1.584893192461083e+06  1.004493702310884e-08  6.472773378618513e-05 -1.011652536892395e-21  1.004171147741833e-16  9.999935000422513e-01  1.008712377514875e-09 -1.008388468280325e-17 -1.015901277788057e-22 
 1.621810097358899e+06  1.004708774250871e-08  6.623543638895057e-05 -9.664578881646323e-22  9.813134228836895e-17  9.999935000422514e-01  9.859623395502837e-10 -9.630035121171437e-18 -9.484251605169068e-23 
 1.659586907437529e+06  1.004936694545212e-08  6.777825789683334e-05 -9.232956614754377e-22  9.589760033010853e-17  9.999935000422514e-01  9.637376729987324e-10 -9.196612153776146e-18 -8.854436474556764e-23 
 1.698243652461712e+06  1.005175142330683e-08  6.935701633814517e-05 -8.820744576110933e-22  9.371470454040592e-17  9.999935000422512e-01  9.420237923052355e-10 -8.782696432506386e-18 -8.266570577220110e-23 
 1.737800828749342e+06  1.005423829871479e-08  7.097254878196679e-05 -8.427070032473526e-22  9.158149751954162e-17  9.999935000422513e-01  9.208084711387343e-10 -8.387409986726143e-18 -7.717857128742312e-23 
 1.778279410038889e+06  1.005681829498142e-08  7.262571180888244e-05 -8.051099769759687e-22  8.949684821340581e-17  9.999935000422516e-01  9.000792194902019e-10 -8.009914360981721e-18 -7.205686116869861e-23 
 1.819700858609949e+06  1.005954870900676e-08  7.431738195506910e-05 -7.692037435710170e-22  8.745965131380048e-17  9.999935000422515e-01  8.798297229661856e-10 -7.649408836526019e-18 -6.727621051277377e-23 
 1.862087136662832e+06  1.006239470400578e-08  7.604845616171474e-05 -7.349123171015271e-22  8.546882667239239e-17  9.999935000422514e-01  8.600456041785165e-10 -7.305128732887400e-18 -6.281388539928749e-23 
 1.905460717963211e+06  1.006537436008775e-08  7.781985226351651e-05 -7.021630588544283e-22  8.352331872800584e-17  9.999935000422514e-01  8.407174539870610e-10 -6.976343785880482e-18 -5.864866203731697e-23 
 1.949844599758008e+06  1.006849897258983e-08  7.963250948073153e-05 -6.708866111220882e-22  8.162209594695189e-17  9.999935000422515e-01  8.218354330402633e-10 -6.662356598618468e-18 -5.476073345922139e-23 
 1.995262314968841e+06  1.007176319636302e-08  8.148738890767504e-05 -6.410167703300274e-22  7.976415027609711e-17  9.999935000422516e-01  8.033885501301796e-10 -6.362501162241353e-18 -5.113161654858362e-23 
 2.041737944669490e+06  1.007520152290468e-08  8.338547403141661e-05 -6.124902619145612e-22  7.794849660838195e-17  9.999935000422514e-01  7.853692141068791e-10 -6.076141443222310e-18 -4.774405698530129e-23 
 2.089296130853999e+06  1.007877643682072e-08  8.532777123093638e-05 -5.852466584604243e-22  7.617417226050545e-17  9.999935000422516e-01  7.677643520942468e-10 -5.802670034255749e-18 -4.458195142682708e-23 
 2.137962089502191e+06  1.008255466992564e-08  8.731531034911200e-05 -5.592282827611626e-22  7.444023646249904e-17  9.999935000422515e-01  7.505691623777011e-10 -5.541506865865373e-18 -4.163027303208877e-23 
 2.187761623949510e+06  1.008647850442617e-08  8.934914519898030e-05 -5.343800290882299e-22  7.274576985891916e-17  9.999935000422515e-01  7.337695728804050e-10 -5.292097975999415e-18 -3.887499542360810e-23 
 2.238721138568296e+06  1.009059618076087e-08  9.143035415171141e-05 -5.106492617009073e-22  7.108987402139413e-17  9.999935000422513e-01  7.173596716647523e-10 -5.053914335003198e-18 -3.630302711033562e-23 
 2.290867652767729e+06  1.009491203920693e-08  9.356004068372670e-05 -4.879857133290424e-22  6.947167097226654e-17  9.999935000422514e-01  7.013304104130924e-10 -4.826450723476606e-18 -3.390214984296878e-23 
 2.344228815319877e+06  1.009941188862031e-08  9.573933398243639e-05 -4.663413954442308e-22  6.789030271907901e-17  9.999935000422518e-01  6.856716860959011e-10 -4.609224660636289e-18 -3.166096149329775e-23 
 2.398832919019444e+06  1.010416298761074e-08  9.796938956441181e-05 -4.456704610383378e-22  6.634493079965612e-17  9.999935000422508e-01  6.703791133322312e-10 -4.401775380909477e-18 -2.956881919616532e-23 
 2.454708915684983e+06  1.010911350594569e-08  1.002513897940815e-04 -4.259291256769039e-22  6.483473583754201e-17  9.999935000422512e-01  6.554403964020850e-10 -4.203662856588693e-18 -2.761578993139887e-23 
 2.511886431509531e+06  1.011428689092589e-08  1.025865446386831e-04 -4.070755681711632e-22  6.335891710755641e-17  9.999935000422514e-01  6.408485409004072e-10 -4.014466864474161e-18 -2.579260275212670e-23 
 2.570395782768813e+06  1.011970090985647e-08  1.049760922313681e-04 -3.890698779974411e-22  6.191669211124095e-17  9.999935000422515e-01  6.265962748663867e-10 -3.833786094524291e-18 -2.409060686551197e-23 
 2.630267991895330e+06  1.012539401215503e-08  1.074212995426649e-04 -3.718738909978581e-22  6.050729616196847e-17  9.999935000422512e-01  6.126776863624173e-10 -3.661237298623437e-18 -2.250172535327003e-23 
 2.691534803926863e+06  1.013135732396045e-08  1.099234630359547e-04 -3.554512018178897e-22  5.912998197949721e-17  9.999935000422515e-01  5.990840601377556e-10 -3.496454477661436e-18 -2.101842254268292e-23 
 2.754228703338112e+06  1.013759530420404e-08  1.124839094188701e-04 -3.397670170273666e-22  5.778401929375333e-17  9.999935000422512e-01  5.858077078979562e-10 -3.339088105200575e-18 -1.963366375274290e-23 
 2.818382931264398e+06  1.014411810357146e-08  1.151039962508094e-04 -3.247881276368135e-22  5.646869445763282e-17  9.999935000422512e-01  5.728414409489346e-10 -3.188804386083284e-18 -1.834088455388498e-23 
 2.884031503126549e+06  1.015095034565711e-08  1.177851127422969e-04 -3.104828123705796e-22  5.518331006861697e-17  9.999935000422515e-01  5.601790142861773e-10 -3.045284548407990e-18 -1.713395789202755e-23 
 2.951209226666328e+06  1.015809476715090e-08  1.205286804655259e-04 -2.968207610517518e-22  5.392718459900082e-17  9.999935000422515e-01  5.478130726821462e-10 -2.908224167371277e-18 -1.600716442156399e-23 
 3.019951720401957e+06  1.016560968374323e-08  1.233361540897704e-04 -2.837730394476439e-22  5.269965203453879e-17  9.999935000422514e-01  5.357393695337720e-10 -2.777332519542180e-18 -1.495516687872500e-23 
 3.090295432513529e+06  1.017345225235860e-08  1.262090221736401e-04 -2.713120296805207e-22  5.150006152131564e-17  9.999935000422515e-01  5.239483569230430e-10 -2.652331966198903e-18 -1.397298465047673e-23 
 3.162277660168317e+06  1.018166114485034e-08  1.291488079466774e-04 -2.594113319951216e-22  5.032777702065534e-17  9.999935000422517e-01  5.124349833351971e-10 -2.532957364419942e-18 -1.305596795029024e-23 
 3.235936569296218e+06  1.019027552349969e-08  1.321570701406927e-04 -2.480457403538865e-22  4.918217697188573e-17  9.999935000422514e-01  5.011942250110479e-10 -2.418955504680493e-18 -1.219977735805737e-23 
 3.311311214825845e+06  1.019927031157319e-08  1.352354037535974e-04 -2.371912002238923e-22  4.806265396277897e-17  9.999935000422515e-01  4.902179773225157e-10 -2.310084573761170e-18 -1.140036363979076e-23 
 3.388441561391958e+06  1.020869987971861e-08  1.383854409731100e-04 -2.268247138359698e-22  4.696861440749399e-17  9.999935000422513e-01  4.795021601999849e-10 -2.206113641829804e-18 -1.065394629605752e-23 
 3.467368504525247e+06  1.021858721121158e-08  1.416088519761161e-04 -2.169243351467466e-22  4.589947823184980e-17  9.999935000422515e-01  4.690411947727569e-10 -2.106822172608378e-18 -9.956997697380538e-24 
 3.548133892335684e+06  1.022892810066808e-08  1.449073458736905e-04 -2.074691049367305e-22  4.485467856576274e-17  9.999935000422515e-01  4.588283641915325e-10 -2.011999555586058e-18 -9.306225354363783e-24 
 3.630780547700941e+06  1.023978295203899e-08  1.482826715566432e-04 -1.984389996110087e-22  4.383366144268486e-17  9.999935000422517e-01  4.488599769647550e-10 -1.921444659286122e-18 -8.698555937318002e-24 
 3.715352290971651e+06  1.025111079401165e-08  1.517366186831737e-04 -1.898148967373136e-22  4.283588550588367e-17  9.999935000422516e-01  4.391279284643446e-10 -1.834965404639169e-18 -8.131121014185313e-24 
 3.801893963205536e+06  1.026299462144186e-08  1.552710185741546e-04 -1.815785444010397e-22  4.186082172140799e-17  9.999935000422515e-01  4.296296374217690e-10 -1.752378357557704e-18 -7.601243795997563e-24 
 3.890451449942728e+06  1.027543431575254e-08  1.588877452114446e-04 -1.737124985625733e-22  4.090795309758734e-17  9.999935000422515e-01  4.203589698548171e-10 -1.673508339847881e-18 -7.106425354179477e-24 
 3.981071705534893e+06  1.028846298640575e-08  1.625887162326478e-04 -1.662001124282847e-22  3.997677441091632e-17  9.999935000422516e-01  4.113112905823613e-10 -1.598188057633106e-18 -6.644333835689164e-24 
 4.073802778041046e+06  1.030208986703304e-08  1.663758939436377e-04 -1.590254788564479e-22  3.906679193817864e-17  9.999935000422516e-01  4.024810762448539e-10 -1.526257746501318e-18 -6.212792424313174e-24 
 4.168693834703270e+06  1.031639634916729e-08  1.702512863666072e-04 -1.521734120410637e-22  3.817752319466867e-17  9.999935000422513e-01  3.938656900626114e-10 -1.457564832623288e-18 -5.809769605020409e-24 
 4.265795188015841e+06  1.033132574807834e-08  1.742169482596978e-04 -1.456294010845635e-22  3.730849667837191e-17  9.999935000422515e-01  3.854572216965835e-10 -1.391963609123092e-18 -5.433368931362403e-24 
 4.365158322401572e+06  1.034700109791327e-08  1.782749822965002e-04 -1.393796008243797e-22  3.645925161996840e-17  9.999935000422513e-01  3.772546719460479e-10 -1.329314927014313e-18 -5.081820818166999e-24 
 4.466835921509542e+06  1.036338663466796e-08  1.824275400750253e-04 -1.334107783657012e-22  3.562933773852702e-17  9.999935000422515e-01  3.692511296726764e-10 -1.269485900046413e-18 -4.753473199316235e-24 
 4.570881896148658e+06  1.038056210701821e-08  1.866768233611538e-04 -1.277103009056025e-22  3.481831500276057e-17  9.999935000422514e-01  3.614439858523610e-10 -1.212349622835194e-18 -4.446784260605395e-24 
 4.677351412871888e+06  1.039853998303970e-08  1.910250851651085e-04 -1.222661055357690e-22  3.402575339771552e-17  9.999935000422515e-01  3.538282444814911e-10 -1.157784901679485e-18 -4.160314962664954e-24 
 4.786300923226287e+06  1.041735915253776e-08  1.954746310026678e-04 -1.170666633278236e-22  3.325123269677248e-17  9.999935000422514e-01  3.463999087571779e-10 -1.105675997493063e-18 -3.892721840677497e-24 
 4.897788193684363e+06  1.043708295841564e-08  2.000278200711136e-04 -1.121009740727707e-22  3.249434223883659e-17  9.999935000422515e-01  3.391558145438012e-10 -1.055912380306557e-18 -3.642751267215710e-24 
 5.011872336272622e+06  1.045771282895594e-08  2.046870665388667e-04 -1.073585241335452e-22  3.175468071059968e-17  9.999935000422515e-01  3.320907993042965e-10 -1.008388494818574e-18 -3.409232848020179e-24 
 5.128613839913545e+06  1.047932040015935e-08  2.094548407995944e-04 -1.028292818144416e-22  3.103185593375864e-17  9.999935000422515e-01  3.252020319699511e-10 -9.630035364987643e-19 -3.191074431845663e-24 
 5.248074602497620e+06  1.050197347199047e-08  2.143336707902677e-04 -9.850365563024637e-23  3.032548465707743e-17  9.999935000422514e-01  3.184865149385985e-10 -9.196612377679123e-19 -2.987256259412640e-24 
 5.370317963702418e+06  1.052566789838437e-08  2.193261433305338e-04 -9.437249389062096e-23  2.963519235318222e-17  9.999935000422514e-01  3.119390856731741e-10 -8.782696638015018e-19 -2.796826742125898e-24 
 5.495408738576134e+06  1.055048000996884e-08  2.244349054976169e-04 -9.042705443572960e-23  2.896061301998210e-17  9.999935000422514e-01  3.055570796384188e-10 -8.387410175236411e-19 -2.618897590211866e-24 
 5.623413251903377e+06  1.057645065346157e-08  2.296626660154288e-04 -8.665898350930722e-23  2.830138898660993e-17  9.999935000422515e-01  2.993367775872002e-10 -8.009914533776989e-19 -2.452639521763227e-24 
 5.754399373371452e+06  1.060367514677937e-08  2.350121967253926e-04 -8.306031032929167e-23  2.765717072378066e-17  9.999935000422514e-01  2.932760145846203e-10 -7.649408994786513e-19 -2.297278674265603e-24 
 5.888436553555770e+06  1.063216375933692e-08  2.404863340004226e-04 -7.962341652122878e-23  2.702761665846619e-17  9.999935000422515e-01  2.873702387162780e-10 -7.305128877698807e-19 -2.152092530837596e-24 
 6.025595860743455e+06  1.066202692510293e-08  2.460879803436455e-04 -7.634103285239589e-23  2.641239299278895e-17  9.999935000422511e-01  2.816176736253340e-10 -6.976343918241874e-19 -2.016406845065191e-24 
 6.165950018614695e+06  1.069325262947263e-08  2.518201057597480e-04 -7.320620646866308e-23  2.581117352703788e-17  9.999935000422513e-01  2.760132677970262e-10 -6.662356719449519e-19 -1.889591967064189e-24 
 6.309573444801803e+06  1.072596902906062e-08  2.576857495313334e-04 -7.021230834799416e-23  2.522363948671302e-17  9.999935000422515e-01  2.705556889637251e-10 -6.362501272388944e-19 -1.771060442870658e-24 
 6.456542290346422e+06  1.076022233896807e-08  2.636880217110615e-04 -6.735300008468477e-23  2.464947935350709e-17  9.999935000422514e-01  2.652414399229031e-10 -6.076141543466570e-19 -1.660263716010025e-24 
 6.606934480075824e+06  1.079609353793414e-08  2.698301047630025e-04 -6.462223062882389e-23  2.408838870013443e-17  9.999935000422514e-01  2.600679116504523e-10 -5.802670125315592e-19 -1.556689788466582e-24 
 6.760829753919679e+06  1.083365522010617e-08  2.761152553176771e-04 -6.201422294595303e-23  2.354007002891954e-17  9.999935000422513e-01  2.550322730776600e-10 -5.541506948403528e-19 -1.459860769031949e-24 
 6.918309709189222e+06  1.087298728967701e-08  2.825468058205161e-04 -5.952345656931393e-23  2.300423261406012e-17  9.999935000422514e-01  2.501318596692670e-10 -5.292098050627071e-19 -1.369330478272602e-24 
 7.079457843841233e+06  1.091418752286473e-08  2.891281663934819e-04 -5.714466122689531e-23  2.248059234748012e-17  9.999935000422513e-01  2.453643954680729e-10 -5.053914402284186e-19 -1.284682458203240e-24 
 7.244359600749752e+06  1.095730775530055e-08  2.958628265403718e-04 -5.487280173427235e-23  2.196887158819217e-17  9.999935000422513e-01  2.407265498050037e-10 -4.826450783931290e-19 -1.205527902895257e-24 
 7.413102413009022e+06  1.100246976639767e-08  3.027543570723878e-04 -5.270307287992536e-23  2.146879901508853e-17  9.999935000422514e-01  2.362165463232202e-10 -4.609224714745075e-19 -1.131503936901340e-24 
 7.585775750291681e+06  1.104974639729661e-08  3.098064119555488e-04 -5.063088201650533e-23  2.098010948308311e-17  9.999935000422517e-01  2.318314984428582e-10 -4.401775429116047e-19 -1.062271732158643e-24 
 7.762471166286756e+06  1.109928269715129e-08  3.170227303357365e-04 -4.865184402993276e-23  2.050254388252804e-17  9.999935000422514e-01  2.275700183851370e-10 -4.203662899302929e-19 -9.975150054700601e-25 
 7.943282347242650e+06  1.115110750064902e-08  3.244071383363689e-04 -4.676177254214687e-23  2.003584900183037e-17  9.999935000422516e-01  2.234282758806216e-10 -4.014466902074871e-19 -9.369385252187351e-25 
 8.128305161640823e+06  1.120541139175047e-08  3.319635513250319e-04 -4.495666736678770e-23  1.957977739319589e-17  9.999935000422513e-01  2.194057158177998e-10 -3.833786127361653e-19 -8.802666354271083e-25 
 8.317637711026536e+06  1.126224655770662e-08  3.396959757466789e-04 -4.323271111308550e-23  1.913408724142910e-17  9.999935000422515e-01  2.154989520164463e-10 -3.661237327021269e-19 -8.272420506834362e-25 
 8.511380382023586e+06  1.132180382582481e-08  3.476085115110550e-04 -4.158625551658739e-23  1.869854223571957e-17  9.999935000422511e-01  2.117072628315952e-10 -3.496454501919243e-19 -7.776245254091083e-25 
 8.709635899560623e+06  1.138413721073961e-08  3.557053538614241e-04 -4.001381852461912e-23  1.827291144434692e-17  9.999935000422515e-01  2.080272620830215e-10 -3.339088125595456e-19 -7.311898090362712e-25 
 8.912509381337266e+06  1.144941148972079e-08  3.639907959325228e-04 -3.851207369955094e-23  1.785696919223769e-17  9.999935000422514e-01  2.044576175030954e-10 -3.188804402871653e-19 -6.877285213116077e-25 
 9.120108393558905e+06  1.151774019320962e-08  3.724692307258692e-04 -3.707784509681762e-23  1.745049494130950e-17  9.999935000422515e-01  2.009959976234654e-10 -3.045284561827157e-19 -6.470451963621177e-25 
 9.332543007969713e+06  1.158931905068009e-08  3.811451536392951e-04 -3.570809995284770e-23  1.705327317353886e-17  9.999935000422516e-01  1.976414587545605e-10 -2.908224177640919e-19 -6.089573453947087e-25 
 9.549925860214157e+06  1.166428874642815e-08  3.900231647619989e-04 -3.439994175531755e-23  1.666509327669067e-17  9.999935000422515e-01  1.943920024949364e-10 -2.777332526865662e-19 -5.732945839130634e-25 
 9.772372209557900e+06  1.174275508257984e-08  3.991079713330237e-04 -3.315060571233320e-23  1.628574943264887e-17  9.999935000422515e-01  1.912450198204851e-10 -2.652331970764505e-19 -5.398978520740299e-25 
 9.999999999999788e+06  1.182491708092991e-08  4.084043902281564e-04 -3.195745135390062e-23  1.591504050828896e-17  9.999935000422515e-01  1.881994005081822e-10 -2.532957366401993e-19 -5.086186351592176e-25 
 1.023292992280732e+07  1.191098130186797e-08  4.179173505320932e-04 -3.081795709000198e-23  1.555276994883456e-17  9.999935000422515e-01  1.852540343350029e-10 -2.418955504240397e-19 -4.793182640619644e-25 
 1.047128548050877e+07  1.200109996537079e-08  4.276518961461306e-04 -2.972971579417350e-23  1.519874567364154e-17  9.999935000422517e-01  1.824068673883517e-10 -2.310084571048367e-19 -4.518672740006330e-25 
 1.071519305237583e+07  1.209544615407552e-08  4.376131884669121e-04 -2.869042969996084e-23  1.485277997435429e-17  9.999935000422515e-01  1.796561233113891e-10 -2.206113636982642e-19 -4.261447912193090e-25 
 1.096478196143162e+07  1.219424646487903e-08  4.478065090864902e-04 -2.769790391595341e-23  1.451468941538036e-17  9.999935000422515e-01  1.770007473922419e-10 -2.106822165754932e-19 -4.020379371896590e-25 
 1.122018454301939e+07  1.229768893287414e-08  4.582372626487086e-04 -2.675004428618182e-23  1.418429473663046e-17  9.999935000422515e-01  1.744390187852218e-10 -2.011999546844877e-19 -3.794413326937370e-25 
 1.148153621496858e+07  1.240602992316647e-08  4.689109796629509e-04 -2.584485133489460e-23  1.386142075847245e-17  9.999935000422517e-01  1.719701048230604e-10 -1.921444648766921e-19 -3.582565752883358e-25 
 1.174897554939504e+07  1.251946634474030e-08  4.798333195026316e-04 -2.498041613863527e-23  1.354589628884880e-17  9.999935000422515e-01  1.695922291489182e-10 -1.834965392443475e-19 -3.383917765631125e-25 
 1.202264434617387e+07  1.263823688599433e-08  4.910100733042100e-04 -2.415491736763939e-23  1.323755403250836e-17  9.999935000422515e-01  1.673041150063170e-10 -1.752378343779453e-19 -3.197611430849262e-25 
 1.230268770812355e+07  1.276261348960795e-08  5.024471671362107e-04 -2.336661578130513e-23  1.293623050230421e-17  9.999935000422518e-01  1.651048187056858e-10 -1.673508324573974e-19 -3.022845489663350e-25 
 1.258925411794140e+07  1.289285619865065e-08  5.141506651256122e-04 -2.261385282557381e-23  1.264176593251068e-17  9.999935000422517e-01  1.629931190016976e-10 -1.598188040943923e-19 -2.858871880593370e-25 
 1.288249551693106e+07  1.302922886043736e-08  5.261267726126562e-04 -2.189504522017033e-23  1.235400419411351e-17  9.999935000422516e-01  1.609677391378739e-10 -1.526257728471208e-19 -2.704991957055871e-25 
 1.318256738556379e+07  1.317205855099001e-08  5.383818394477657e-04 -2.120868150413329e-23  1.207279271202820e-17  9.999935000422517e-01  1.590280684915513e-10 -1.457564813321014e-19 -2.560553190527162e-25 
 1.348962882591625e+07  1.332158688720354e-08  5.509223634874161e-04 -2.055332105826884e-23  1.179798238420274e-17  9.999935000422516e-01  1.571723307058903e-10 -1.391963588612256e-19 -2.424946368497317e-25 
 1.380384264602855e+07  1.347816118291581e-08  5.637549938199982e-04 -1.992758886841002e-23  1.152942750256184e-17  9.999935000422520e-01  1.553999151582275e-10 -1.329314905353759e-19 -2.297602452910433e-25 
 1.412537544622724e+07  1.364213283654888e-08  5.768865345743279e-04 -1.933017372877852e-23  1.126698567575057e-17  9.999935000422516e-01  1.537101002035968e-10 -1.269485877290596e-19 -2.177990037483853e-25 
 1.445439770745896e+07  1.381382135757724e-08  5.903239481597211e-04 -1.875982519209827e-23  1.101051775363672e-17  9.999935000422517e-01  1.521016645966711e-10 -1.212349599034534e-19 -2.065612812992943e-25 
 1.479108388168175e+07  1.399361268542957e-08  6.040743593302977e-04 -1.821535075281668e-23  1.075988775353158e-17  9.999935000422516e-01  1.505739977147869e-10 -1.157784876880700e-19 -1.960007214923473e-25 
 1.513561248436175e+07  1.418188152282679e-08  6.181450586950632e-04 -1.769561357838649e-23  1.051496278809025e-17  9.999935000422520e-01  1.491262113795244e-10 -1.105675971739488e-19 -1.860740273942759e-25 
 1.548816618912448e+07  1.437899416152581e-08  6.325435067822127e-04 -1.719953087283046e-23  1.027561299485303e-17  9.999935000422520e-01  1.477571953678591e-10 -1.055912353638440e-19 -1.767407660691798e-25 
 1.584893192461079e+07  1.458540583678466e-08  6.472773377907970e-04 -1.672606921623532e-23  1.004171146739079e-17  9.999935000422520e-01  1.464666166128836e-10 -1.008388467273363e-19 -1.679631540424077e-25 
 1.621810097358895e+07  1.480157383704327e-08  6.623543638539786e-04 -1.627424552831375e-23  9.813134188017567e-18  9.999935000422517e-01  1.452539755142368e-10 -9.630035081113764e-20 -1.597059128649100e-25 
 1.659586907437524e+07  1.502788674857357e-08  6.777825789185954e-04 -1.584312245022735e-23  9.589759962034835e-18  9.999935000422520e-01  1.441179398042891e-10 -9.196612085709933e-20 -1.519360776265214e-25 
 1.698243652461707e+07  1.526490965510069e-08  6.935701633210556e-04 -1.543180785646007e-23  9.371470353472610e-18  9.999935000422517e-01  1.430587315276455e-10 -8.782696338256734e-20 -1.446228577177235e-25 
 1.737800828749337e+07  1.551307024588261e-08  7.097254877663772e-04 -1.503945188703934e-23  9.158149622293230e-18  9.999935000422518e-01  1.420750739278276e-10 -8.387409867977355e-20 -1.377374823176759e-25 
 1.778279410038884e+07  1.577295093231200e-08  7.262571180604027e-04 -1.466524612330351e-23  8.949684663024582e-18  9.999935000422520e-01  1.411669670048354e-10 -8.009914219289870e-20 -1.312530752482801e-25 
 1.819700858609944e+07  1.604504544707807e-08  7.431738195009530e-04 -1.430842088342533e-23  8.745964944790221e-18  9.999935000422520e-01  1.403334115579469e-10 -7.649408673330572e-20 -1.251445203568253e-25 
 1.862087136662827e+07  1.632998032774412e-08  7.604845615389877e-04 -1.396824445546238e-23  8.546882452704547e-18  9.999935000422520e-01  1.395744075871619e-10 -7.305128549521904e-20 -1.193883523295797e-25 
 1.905460717963205e+07  1.662835612972722e-08  7.781985225676635e-04 -1.364402087381117e-23  8.352331630602043e-18  9.999935000422520e-01  1.388895110032706e-10 -6.976343583582472e-20 -1.139626414359901e-25 
 1.949844599758003e+07  1.694078307316778e-08  7.963250947398137e-04 -1.333508793786576e-23  8.162209325070130e-18  9.999935000422520e-01  1.382781666947608e-10 -6.662356378538584e-20 -1.088468877027354e-25 
 1.995262314968836e+07  1.726792895504468e-08  8.148738890128016e-04 -1.304081771155882e-23  7.976414730756024e-18  9.999935000422521e-01  1.377400971058762e-10 -6.362500925451794e-20 -1.040219416356462e-25 
 2.041737944669485e+07  1.761050256937157e-08  8.338547402502172e-04 -1.276061226120159e-23  7.794849336918544e-18  9.999935000422520e-01  1.372751357031632e-10 -6.076141190724625e-20 -9.946989149863915e-26 
 2.089296130853994e+07  1.796921987131517e-08  8.532777122525204e-04 -1.249390481657250e-23  7.617416875196567e-18  9.999935000422520e-01  1.368829494197144e-10 -5.802669766988026e-20 -9.517400050247416e-26 
 2.137962089502185e+07  1.834486213533979e-08  8.731531034413820e-04 -1.224015681536025e-23  7.444023268566448e-18  9.999935000422520e-01  1.365634827443785e-10 -5.541506584708910e-20 -9.111861575796878e-26 
 2.187761623949505e+07  1.873818206437086e-08  8.934914519045378e-04 -1.199885731848194e-23  7.274576581461276e-18  9.999935000422521e-01  1.363162360767944e-10 -5.292097681784854e-20 -8.728910100558753e-26 
 2.238721138568290e+07  1.915003842827637e-08  9.143035413785583e-04 -1.176952176581144e-23  7.108986971025596e-18  9.999935000422522e-01  1.361412649281135e-10 -5.053914028516200e-20 -8.367176843001003e-26 
 2.290867652767723e+07  1.958130219160161e-08  9.356004067342383e-04 -1.155169066877690e-23  6.947166639479706e-18  9.999935000422522e-01  1.360384582760332e-10 -4.826450405463095e-20 -8.025381426042499e-26 
 2.344228815319870e+07  2.003287960793996e-08  9.573933397746259e-04 -1.134492829481168e-23  6.789029787568263e-18  9.999935000422522e-01  1.360077050982511e-10 -4.609224331807276e-20 -7.702325836720901e-26 
 2.398832919019438e+07  2.050578042833666e-08  9.796938954309553e-04 -1.114882190623104e-23  6.634492569068564e-18  9.999935000422522e-01  1.360493384616746e-10 -4.401775041945528e-20 -7.396889137044141e-26 
 2.454708915684976e+07  2.100095577905348e-08  1.002513897759627e-03 -1.096298032466711e-23  6.483473046334321e-18  9.999935000422523e-01  1.361630252993962e-10 -4.203662508144007e-20 -7.108022049136033e-26 
 2.511886431509525e+07  2.151941933600592e-08  1.025865446280250e-03 -1.078703342607070e-23  6.335891146851393e-18  9.999935000422522e-01  1.363485990779623e-10 -4.014466507180357e-20 -6.834742484854042e-26 
 2.570395782768807e+07  2.206238609161657e-08  1.049760922114729e-03 -1.062063019271481e-23  6.191668620782449e-18  9.999935000422526e-01  1.366068924646413e-10 -3.833785728993858e-20 -6.576130435838122e-26 
 2.630267991895324e+07  2.263089807440822e-08  1.074212995206381e-03 -1.046343854296027e-23  6.050728999477994e-18  9.999935000422524e-01  1.369373503479210e-10 -3.661236925452901e-20 -6.331324302244939e-26 
 2.691534803926856e+07  2.322623180267516e-08  1.099234630231649e-03 -1.031514404111232e-23  5.912997554931864e-18  9.999935000422524e-01  1.373405833504648e-10 -3.496454097434259e-20 -6.099516753239612e-26 
 2.754228703338105e+07  2.384959580106643e-08  1.124839093961327e-03 -1.017544880910903e-23  5.778401260159548e-18  9.999935000422524e-01  1.378164804499704e-10 -3.339087718489778e-20 -5.879950979326636e-26 
 2.818382931264391e+07  2.450233459582901e-08  1.151039962252298e-03 -1.004407084628925e-23  5.646868750478458e-18  9.999935000422527e-01  1.383654302244963e-10 -3.188803993453834e-20 -5.671917418386358e-26 
 2.884031503126542e+07  2.518588034669214e-08  1.177851127266649e-03 -9.920742968373914e-24  5.518330285669548e-18  9.999935000422524e-01  1.389879877855549e-10 -3.045284150418949e-20 -5.474750469435468e-26 
 2.951209226666320e+07  2.590160417810868e-08  1.205286804434991e-03 -9.805211784276172e-24  5.392717713000246e-18  9.999935000422526e-01  1.396840421108436e-10 -2.908223764577745e-20 -5.287825442634738e-26 
 3.019951720401949e+07  2.665105705118604e-08  1.233361540641909e-03 -9.697237089719600e-24  5.269964431089046e-18  9.999935000422528e-01  1.404541483118749e-10 -2.777332112497001e-20 -5.110555929541554e-26 
 3.090295432513522e+07  2.743584624420545e-08  1.262090221530343e-03 -9.596590606715902e-24  5.150005354592676e-18  9.999935000422526e-01  1.412988059890097e-10 -2.652331555454180e-20 -4.942390995432453e-26 
 3.162277660168309e+07  2.825760363638233e-08  1.291488079260716e-03 -9.503055483002091e-24  5.032776879697048e-18  9.999935000422528e-01  1.422182926980042e-10 -2.532956950528369e-20 -4.782812950447314e-26 
 3.235936569296210e+07  2.911810738613319e-08  1.321570701094288e-03 -9.416425272117568e-24  4.918216850393722e-18  9.999935000422530e-01  1.432132745726733e-10 -2.418955088196482e-20 -4.631334997517906e-26 
 3.311311214825837e+07  3.001915506076048e-08  1.352354037209125e-03 -9.336502998198936e-24  4.806264525524009e-18  9.999935000422531e-01  1.442841401910755e-10 -2.310084155241815e-20 -4.487499081036445e-26 
 3.388441561391950e+07  3.096268995173869e-08  1.383854409368723e-03 -9.263100543630484e-24  4.696860546573212e-18  9.999935000422531e-01  1.454316111981768e-10 -2.206113221835670e-20 -4.350874032103405e-26 
 3.467368504525239e+07  3.195064285671136e-08  1.416088519420100e-03 -9.196037518200800e-24  4.589946906197953e-18  9.999935000422532e-01  1.466559651497334e-10 -2.106821751704122e-20 -4.221053591419704e-26 
 3.548133892335676e+07  3.298518401583641e-08  1.449073458360317e-03 -9.135140774964384e-24  4.485466917469881e-18  9.999935000422532e-01  1.479582012464675e-10 -2.011999134340898e-20 -4.097654863917296e-26 
 3.630780547700933e+07  3.406849149187713e-08  1.482826715232477e-03 -9.080243278088644e-24  4.383365183819465e-18  9.999935000422533e-01  1.493389301110426e-10 -1.921444238274151e-20 -3.980316582614350e-26 
 3.715352290971643e+07  3.520288728218099e-08  1.517366186448044e-03 -9.031183635420939e-24  4.283587569663917e-18  9.999935000422533e-01  1.507989844107271e-10 -1.834964984439518e-20 -3.868697784166187e-26 
 3.801893963205528e+07  3.639071430553340e-08  1.552710185308115e-03 -8.987804941858979e-24  4.186081171703688e-18  9.999935000422533e-01  1.523388637458822e-10 -1.752377938754572e-20 -3.762476275999422e-26 
 3.890451449942719e+07  3.763448036309326e-08  1.588877451638382e-03 -8.949954275276392e-24  4.090794290872313e-18  9.999935000422535e-01  1.539593452726251e-10 -1.673507923030422e-20 -3.661347485463806e-26 
 3.981071705534884e+07  3.893691137413942e-08  1.625887161765149e-03 -8.917481780578524e-24  3.997676404924705e-18  9.999935000422538e-01  1.556616502362829e-10 -1.598187643395184e-20 -3.565023215577327e-26 
 4.073802778041036e+07  4.030072693818742e-08  1.663758938889259e-03 -8.890239928013226e-24  3.906678141649413e-18  9.999935000422537e-01  1.574465002818215e-10 -1.526257335441143e-20 -3.473230558541261e-26 
 4.168693834703261e+07  4.172877577025739e-08  1.702512862948424e-03 -8.868082757978464e-24  3.817751252690586e-18  9.999935000422540e-01  1.593146725653583e-10 -1.457564425342918e-20 -3.385710878862727e-26 
 4.265795188015831e+07  4.322413108683994e-08  1.742169481929068e-03 -8.850865128210299e-24  3.730848587965804e-18  9.999935000422540e-01  1.612673328210690e-10 -1.391963206227828e-20 -3.302218868247088e-26 
 4.365158322401562e+07  4.479001604454800e-08  1.782749822211827e-03 -8.838442001669419e-24  3.645924070666171e-18  9.999935000422540e-01  1.633057022942808e-10 -1.329314529111976e-20 -3.222521681694251e-26 
 4.466835921509531e+07  4.642962394927346e-08  1.824275399997077e-03 -8.830667644241242e-24  3.562932672825451e-18  9.999935000422542e-01  1.654303916076572e-10 -1.269485507746514e-20 -3.146398101651555e-26 
 4.570881896148648e+07  4.814656630893871e-08  1.866768232787308e-03 -8.827395040890354e-24  3.481830391445274e-18  9.999935000422544e-01  1.676430105845839e-10 -1.212349236747995e-20 -3.073637839048849e-26 
 4.677351412871877e+07  4.994440547871858e-08  1.910250850755801e-03 -8.828475016786266e-24  3.402574225163735e-18  9.999935000422545e-01  1.699444474034806e-10 -1.157784522414968e-20 -3.004040780468352e-26 
 4.786300923226276e+07  5.182698722414360e-08  1.954746309024813e-03 -8.833755811797353e-24  3.325122151455053e-18  9.999935000422546e-01  1.723360343319769e-10 -1.105675625659801e-20 -2.937416443441286e-26 
 4.897788193684352e+07  5.379825707363634e-08  2.000278199716377e-03 -8.843082193090972e-24  3.249433104348169e-18  9.999935000422547e-01  1.748188815930973e-10 -1.055912016510494e-20 -2.873583314634146e-26 
 5.011872336272611e+07  5.586248633636107e-08  2.046870664287326e-03 -8.856295019415353e-24  3.175466952652479e-18  9.999935000422550e-01  1.773945990102277e-10 -1.008388139661724e-20 -2.812368383007070e-26 
 5.128613839913534e+07  5.802390349643848e-08  2.094548406830654e-03 -8.873230504373144e-24  3.103184478679152e-18  9.999935000422551e-01  1.800640747617877e-10 -9.630031905778270e-21 -2.753606608035412e-26 
 5.248074602497608e+07  6.028726057764958e-08  2.143336706637911e-03 -8.893719739423373e-24  3.032547357446763e-18  9.999935000422553e-01  1.828292517380703e-10 -9.196609016728190e-21 -2.697140506214514e-26 
 5.370317963702407e+07  6.265724352456422e-08  2.193261431955307e-03 -8.917588143794301e-24  2.963518136360197e-18  9.999935000422554e-01  1.856912401621003e-10 -8.782693381138945e-21 -2.642819742025226e-26 
 5.495408738576122e+07  6.513894668585579e-08  2.244349053512451e-03 -8.944654999721164e-24  2.896060215352069e-18  9.999935000422556e-01  1.886517608795657e-10 -8.387407028152871e-21 -2.590500771060234e-26 
 5.623413251903364e+07  6.773759122002781e-08  2.296626658619516e-03 -8.974732966985273e-24  2.830137827476113e-18  9.999935000422558e-01  1.917122571803986e-10 -8.009911502088583e-21 -2.540046499591747e-26 
 5.754399373371439e+07  7.045872347190486e-08  2.350121965605467e-03 -9.007627755774064e-24  2.765716019942274e-18  9.999935000422560e-01  1.948744499102872e-10 -7.649406083963908e-21 -2.491326009621857e-26 
 5.888436553555757e+07  7.330815340915708e-08  2.404863338256291e-03 -9.043137736764990e-24  2.702760635583424e-18  9.999935000422563e-01  1.981401154260709e-10 -7.305126093063570e-21 -2.444214281289828e-26 
 6.025595860743441e+07  7.629181967312080e-08  2.460879801446936e-03 -9.081053722542880e-24  2.641238294743902e-18  9.999935000422563e-01  2.015106970176817e-10 -6.976341264948949e-21 -2.398591976341797e-26 
 6.165950018614683e+07  7.941607547499367e-08  2.518201055465852e-03 -9.121158720318794e-24  2.581116377580268e-18  9.999935000422568e-01  2.049880543086857e-10 -6.662354202469539e-21 -2.354345222847970e-26 
 6.309573444801790e+07  8.268758528949107e-08  2.576857493124862e-03 -9.163227793979198e-24  2.522363006764878e-18  9.999935000422570e-01  2.085741301893762e-10 -6.362498896490417e-21 -2.311365436740148e-26 
 6.456542290346409e+07  8.611331737017436e-08  2.636880214822668e-03 -9.207028048148752e-24  2.464947030583151e-18  9.999935000422571e-01  2.122708953056218e-10 -6.076139313198078e-21 -2.269549178419429e-26 
 6.606934480075811e+07  8.970045315018452e-08  2.698301045086282e-03 -9.252318548750729e-24  2.408838006415523e-18  9.999935000422575e-01  2.160800982586863e-10 -5.802668044988061e-21 -2.228797994796542e-26 
 6.760829753919666e+07  9.345668355852032e-08  2.761152550363022e-03 -9.298850546414030e-24  2.354006184595374e-18  9.999935000422578e-01  2.200039594946190e-10 -5.541505022072741e-21 -2.189018335621516e-26 
 6.918309709189209e+07  9.738989472716765e-08  2.825468055277724e-03 -9.346367556737432e-24  2.300422492634365e-18  9.999935000422582e-01  2.240443663925618e-10 -5.292096282076482e-21 -2.150121430141659e-26 
 7.079457843841220e+07  1.015084735727688e-07  2.891281660765799e-03 -9.394605651766126e-24  2.248058519806823e-18  9.999935000422584e-01  2.282035671541394e-10 -5.053912795008233e-21 -2.112023209769354e-26 
 7.244359600749739e+07  1.058212389444274e-07  2.958628262092589e-03 -9.443293865399077e-24  2.196886502085000e-18  9.999935000422586e-01  2.324839487588548e-10 -4.826449341119200e-21 -2.074644248184602e-26 
 7.413102413009009e+07  1.103371665342649e-07  3.027543567156954e-03 -9.492154654909072e-24  2.146879307417270e-18  9.999935000422591e-01  2.368873985858500e-10 -4.609223439265441e-21 -2.037909703325297e-26 
 7.585775750291668e+07  1.150659728837730e-07  3.098064115988564e-03 -9.540904381246093e-24  2.098010421341402e-18  9.999935000422593e-01  2.414165534148083e-10 -4.401774323502189e-21 -2.001749252585080e-26 
 7.762471166286743e+07  1.200175900135932e-07  3.170227299222006e-03 -9.589254053020539e-24  2.050253932925353e-18  9.999935000422600e-01  2.460736059362034e-10 -4.203661965739218e-21 -1.966097071935757e-26 
 7.943282347242635e+07  1.252026149591021e-07  3.244071379015168e-03 -9.636910004322165e-24  2.003584521028095e-18  9.999935000422603e-01  2.508612206852945e-10 -4.014466142384104e-21 -1.930891785373874e-26 
 8.128305161640808e+07  1.306319857600169e-07  3.319635508432839e-03 -9.683574757521402e-24  1.957977440873214e-18  9.999935000422606e-01  2.557818123971600e-10 -3.833785542993643e-21 -1.896076437598122e-26 
 8.317637711026521e+07  1.363172467322638e-07  3.396959752535622e-03 -9.728947977667050e-24  1.913408510928187e-18  9.999935000422611e-01  2.608380456070591e-10 -3.661236919042732e-21 -1.861598467647749e-26 
 8.511380382023571e+07  1.422704194546772e-07  3.476085109582527e-03 -9.772727414986003e-24  1.869854100082359e-18  9.999935000422615e-01  2.660325293390997e-10 -3.496454271005119e-21 -1.827409663031549e-26 
 8.709635899560608e+07  1.485041716799700e-07  3.557053532858845e-03 -9.814610068525733e-24  1.827291115116867e-18  9.999935000422621e-01  2.713680946619945e-10 -3.339088072021732e-21 -1.793466139042804e-26 
 8.912509381337252e+07  1.550317748588543e-07  3.639907953129295e-03 -9.854293330561022e-24  1.785696988459845e-18  9.999935000422624e-01  2.768476559111832e-10 -3.188804526509829e-21 -1.759728295512844e-26 
 9.120108393558890e+07  1.618669094371544e-07  3.724692300693278e-03 -9.891476186500371e-24  1.745049666220446e-18  9.999935000422631e-01  2.824738221107737e-10 -3.045284862140412e-21 -1.726160766542143e-26 
 9.332543007969697e+07  1.690242540274646e-07  3.811451529372789e-03 -9.925860575040992e-24  1.705327596495341e-18  9.999935000422635e-01  2.882498961742641e-10 -2.908224653682045e-21 -1.692732381313089e-26 
 9.549925860214141e+07  1.765188235769090e-07  3.900231640045604e-03 -9.957152661064814e-24  1.666509717941498e-18  9.999935000422642e-01  2.941786536592161e-10 -2.777333177276858e-21 -1.659416092151264e-26 
 9.772372209557883e+07  1.843667090380670e-07  3.991079705315315e-03 -9.985064279951753e-24  1.628575448609186e-18  9.999935000422646e-01  3.002635640125817e-10 -2.652332793779039e-21 -1.626188916228903e-26 
 9.999999999999771e+07  1.925843681731062e-07  4.084043893612943e-03 -1.000931430823838e-23  1.591504675029307e-18  9.999935000422653e-01  3.065075415698004e-10 -2.532958359847806e-21 -1.593031849116609e-26 
