frequency,yer,yei,yfr,yfi,er,ei,fr,fi
1,-8.48779399371624e-07,6.43870585492878e-06,0.0334980657306356,-0.254243129157407,-0.0247518639266426,-0.135087437004564,40464.0507525525,5331.38274504787
1.02329299228075,-9.31248028287767e-07,6.5821706253744e-06,0.0384863481290856,-0.272159965984434,-0.0237390456155774,-0.144838993391558,42329.6203774456,5985.86386548706
1.0471285480509,-1.02141432884824e-06,6.72649146285836e-06,0.0442037737271593,-0.291238234330735,-0.022371482443151,-0.155246592869308,44265.8207508245,6718.61072366741
1.07151930523761,-1.11989778876306e-06,6.87118420517273e-06,0.0507518072344059,-0.311527440259512,-0.0205909737722338,-0.16634069770661,46271.80470171,7538.26921523507
1.09647819614319,-1.22733950072677e-06,7.01567016374983e-06,0.0582442763272204,-0.333072704709795,-0.0183317731174499,-0.178149596662929,48345.8472316294,8454.21688903048
1.12201845430196,-1.34439440393972e-06,7.15926329609087e-06,0.0668082940069338,-0.355912825068801,-0.0155199659154525,-0.190698302716602,50485.1637709838,9476.55556820155
1.14815362149688,-1.47172067291962e-06,7.30115669777091e-06,0.0765850463510529,-0.380077939816176,-0.01207291165775,-0.204007212589124,52685.7048998931,10616.0782542331
1.17489755493953,-1.60996567428922e-06,7.44040878173314e-06,0.0877303577714481,-0.405586754107927,-0.00789880041764607,-0.218090500056062,54941.9279131924,11884.2021926457
1.20226443461741,-1.75974789145533e-06,7.57592969696392e-06,0.100414921880691,-0.43244329720095,-0.00289638874012592,-0.232954221597499,57246.5477433761,13292.8586401911
1.23026877081238,-1.92163420737982e-06,7.7064687639377e-06,0.114824058682558,-0.460633196579721,0.00304500393514256,-0.24859412038641,59590.2715952655,14854.328548985
1.25892541179417,-2.0961120216713e-06,7.83060397796089e-06,0.131156831972764,-0.49011948784738,0.0100451394404774,-0.264993133348458,61961.5256517933,16581.0126105798
1.28824955169313,-2.28355580284399e-06,7.94673493865605e-06,0.149624333998125,-0.520838015001507,0.0182320302258858,-0.28211862629499,64346.1855109624,18485.1237334697
1.31825673855641,-2.48418794829507e-06,8.05308089563691e-06,0.17044692500004,-0.552692535372919,0.0277405044308219,-0.299919416284142,66727.3274179652,20578.2909012675
1.34896288259165,-2.6980342236638e-06,8.14768592037067e-06,0.193850207391339,-0.585549715458886,0.038710029963241,-0.318322682461222,69085.0229046259,22871.0657082327
1.38038426460288,-2.92487461707332e-06,8.22843347843779e-06,0.220059525637585,-0.6192342909291,0.0512816644045386,-0.337230918352401,71396.2052890567,25372.3272408898
1.41253754462275,-3.16419121501431e-06,8.29307280817877e-06,0.249292825750104,-0.653524768574741,0.0655940184619034,-0.356519141508535,73634.6426667444,28088.588261965
1.44543977074593,-3.41511563597846e-06,8.33925942328284e-06,0.28175178996874,-0.688150152790277,0.0817781648167832,-0.376032641205037,75771.0564097015,31023.2159139867
1.47910838816821,-3.67637954337974e-06,8.36461168197061e-06,0.317611282287737,-0.722788261630048,0.0999514931569425,-0.395585598520904,77773.4245626753,34175.5925138464
1.51356124843621,-3.94627300317897e-06,8.366784471363e-06,0.357007342543764,-0.757066296486854,0.120210623932305,-0.414960977558684,79607.5107357874,37540.2603261987
1.54881661891248,-4.22261615107783e-06,8.34355982486805e-06,0.400024167838727,-0.790564293718991,0.142623617996098,-0.433912075204616,81237.6453357519,41106.108296061
1.58489319246111,-4.50275047491448e-06,8.29295231948855e-06,0.446680821191725,-0.82282206580051,0.16722189182828,-0.452166113780316,82627.7756003732,44855.6792439844
1.62181009735893,-4.78355571154898e-06,8.21332495398973e-06,0.496918640499128,-0.85335001148765,0.193992399124779,-0.469430137528609,83742.7715716876,48764.6846438629
1.65958690743756,-5.06149763830069e-06,8.10350858465821e-06,0.55059058223418,-0.881643911546736,0.222870798837941,-0.485399327370759,84549.9479061274,52801.8221821935
1.69824365246174,-5.33270988019339e-06,7.96291575730889e-06,0.607453836899033,-0.907203379100371,0.253736410341977,-0.499767590049559,85020.7224176551,56928.9811285174
1.73780082874937,-5.59310989779587e-06,7.79163795880182e-06,0.667167047329592,-0.929553154571168,0.286409768363277,-0.512239994804835,85132.2988049986,61101.9005710479
1.77827941003892,-5.8385452596033e-06,7.59051489763824e-06,0.72929319821496,-0.948265900677829,0.320653458758004,-0.522546307000923,84869.2306767818,65271.3048376733
1.81970085860998,-6.06496213995531e-06,7.3611653188232e-06,0.793308823042239,-0.96298473801177,0.356176680434022,-0.530454607234965,84224.7122385274,69384.4925050108
1.86208713666287,-6.26858396251928e-06,7.10597177659761e-06,0.858619516080078,-0.973443491291049,0.392643603272059,-0.535783800971584,83201.4465967781,73387.2961843337
1.90546071796325,-6.44608536134237e-06,6.8280163016935e-06,0.924580983542282,-0.979482627085637,0.429685148750716,-0.538413801543262,81811.9735052558,77226.2752164272
1.94984459975804,-6.59474585724586e-06,6.53096918977789e-06,0.990524178636217,-0.981059189427382,0.46691339922012,-0.538292334551031,80078.3916228357,80850.9659187998
1.99526231496888,-6.71256898234405e-06,6.21893883804369e-06,1.05578248095596,-0.978249625244794,0.503937477576095,-0.535437634626028,78031.4759956421,84215.9947658743
2.04173794466953,-6.79835618537319e-06,5.896295445469e-06,1.11971856241868,-0.971245184838589,0.540379523960646,-0.529936760310655,75709.2615753305,87282.868276971
2.08929613085404,-6.85173012158319e-06,5.56748391374358e-06,1.18174869253179,-0.960340435059898,0.575889424016357,-0.521939758312692,73155.22440006,90021.296230486
2.13796208950223,-6.87310769484042e-06,5.23684217622882e-06,1.24136256106631,-0.945916161766404,0.610157110534646,-0.511650355919771,70416.2312488371,92409.9584052571
2.18776162394955,-6.86362874304245e-06,4.90843959728828e-06,1.29813730251301,-0.928418474457627,0.642921597936194,-0.499314198605766,67540.4430949902,94436.6910202685
2.23872113856834,-6.82505033401524e-06,4.58594601315301e-06,1.35174522662323,-0.90833614060054,0.673976376882461,-0.4852058073674,64575.3436080212,96098.138759498
2.29086765276777,-6.75961902749636e-06,4.27253819896076e-06,1.4019553692172,-0.886178125769354,0.703171166133497,-0.469615422935624,61566.0311086515,97398.9600558382
2.34422881531992,-6.66993381077584e-06,3.97084532560448e-06,1.44862964950458,-0.862452994886827,0.730410419967023,-0.45283674065574,58553.8648887886,98350.7104431994
2.39883291901949,-6.55881109300244e-06,3.68293098268233e-06,1.49171479713455,-0.83765136155881,0.755649229959803,-0.435156278697381,55575.5066235432,98970.5376164047
2.45470891568503,-6.42916090151476e-06,3.41030666831267e-06,1.53123134795468,-0.812232079536273,0.778887362060301,-0.416844836824032,52662.3542082717,99279.8113401741
2.51188643150958,-6.2838803711799e-06,3.15396955014378e-06,1.56726104409059,-0.786612369848659,0.800162205595803,-0.398151210311835,49840.3293191111,99302.7945664233
2.57039578276886,-6.12576774846184e-06,2.91445695227716e-06,1.59993379186787,-0.761161696218637,0.81954131986484,-0.379298092510247,47129.9584513446,99065.433153346
2.63026799189538,-5.9574579137129e-06,2.69191074862917e-06,1.62941505397635,-0.736198967186033,0.837115114001061,-0.360479950389425,44546.6793071425,98594.3109172726
2.69153480392691,-5.78137786512002e-06,2.486145020493e-06,1.65589439023592,-0.711992413014432,0.852990097442742,-0.341862517911139,42101.299158326,97915.7977298602
2.75422870333816,-5.59972046128398e-06,2.29671300997802e-06,1.67957544109538,-0.688761570451393,0.86728290647816,-0.323583582679971,39800.5468522695,97055.3873838052
2.81838293126445,-5.41443265924535e-06,2.12296915988616e-06,1.70066763083797,-0.666680667747873,0.880115284520283,-0.305754662433498,37647.6604931311,96037.219428806
2.8840315031266,-5.22721573233896e-06,1.96412485348468e-06,1.71937951247432,-0.645882944222504,0.891609998384956,-0.288463292272486,35642.975161789,94883.7584348706
2.95120922666638,-5.03953390676226e-06,1.81929629368829e-06,1.73591370870555,-0.626465398640477,0.901887675237338,-0.27177562501945,33784.4785685667,93615.6084851873
3.01995172040201,-4.85262912142972e-06,1.68754460564444e-06,1.75046323361948,-0.608493665816357,0.911064450513592,-0.255739158493703,32068.3188742796,92251.4338388419
3.09029543251359,-4.667539271314e-06,1.56790816560744e-06,1.76320902149282,-0.592006731903957,0.919250330487788,-0.240385414057626,30489.2524950457,90807.9624110735
3.16227766016837,-4.48511851214145e-06,1.45942806411949e-06,1.7743184186474,-0.577021360483857,0.926548135409689,-0.225732480911329,29041.0304406118,89300.0480330034
3.23593656929628,-4.30605794904827e-06,1.3611673279215e-06,1.78394445931271,-0.563536097635846,0.933052918691479,-0.211787342908338,27716.7223858676,87740.7739060722
3.3113112148259,-4.13090596630823e-06,1.27222495256962e-06,1.79222572666147,-0.551534831284704,0.938851748811852,-0.198547965241716,26508.9835993957,86141.5810925625
3.38844156139202,-3.96008750214827e-06,1.19174560011313e-06,1.799286647058,-0.540989889408225,0.94402376439743,-0.186005126434705,25410.2700318329,84512.4104194026
3.46736850452531,-3.79392176179557e-06,1.11892574727197e-06,1.80523809289813,-0.531864682654938,0.948640427633028,-0.174143994590025,24413.0074983548,82861.8491422382
3.54813389233575,-3.63263832727981e-06,1.05301710053488e-06,1.81017818119653,-0.524115937610052,0.952765909687784,-0.162945470434616,23509.7222244255,81197.2755697977
3.63078054770101,-3.47639147679853e-06,9.93327859684363e-07,1.81419319283407,-0.517695549827045,0.956457561424426,-0.152387311870269,22693.1384833551,79524.9976058282
3.71535229097172,-3.32527273589801e-06,9.3922237022093e-07,1.81735855016227,-0.512552100436212,0.959766430966348,-0.142445063509297,21956.2490950815,77850.382406939
3.8018939632056,-3.17932184979736e-06,8.90119636882151e-07,1.81973980369287,-0.508632088460459,0.962737798180592,-0.133092819782032,21292.3642471557,76177.9754253322
3.8904514499428,-3.03853626779815e-06,8.45491030908055e-07,1.8213935977823,-0.505880917095703,0.965411706420123,-0.124303843141696,20695.1428664728,74511.6082626468
3.98107170553497,-2.90287906182805e-06,8.04857411551729e-07,1.82236860047793,-0.504243655569205,0.967823479452905,-0.116051050084217,20158.6096012762,72854.4955616535
4.07380277804112,-2.77228596113205e-06,7.67786021456732e-07,1.82270636627231,-0.503665651718438,0.970004208055831,-0.108307406720016,19677.162225103,71209.3205790377
4.16869383470335,-2.6466709098866e-06,7.33887121341987e-07,1.82244214796142,-0.504092969090414,0.971981208583678,-0.101046220890422,19245.5697131614,69578.3110605222
4.26579518801592,-2.52593111096346e-06,7.02810692528541e-07,1.82160562865484,-0.505472736081009,0.973778442038662,-0.0942413792740998,18858.9655620328,67963.3051720145
4.36515832240165,-2.40995088277993e-06,6.7424310369428e-07,1.82022159770602,-0.507753370587434,0.975416900173388,-0.0878675107005226,18512.8356939181,66365.8093019986
4.46683592150962,-2.29860502421387e-06,6.47903939506169e-07,1.81831055538459,-0.510884741243497,0.976914953574953,-0.0819001096632771,18203.0039490787,64787.0479352245
4.57088189614874,-2.19176171644013e-06,6.23543000374612e-07,1.81588925299684,-0.51481827382636,0.978288664420845,-0.0763156255568395,17925.615873501,63228.0066053346
4.67735141287197,-2.08928459343098e-06,6.0093742280456e-07,1.81297118374339,-0.51950698605169,0.979552068492214,-0.0710915091081661,17677.1205544572,61689.4691260231
4.78630092322637,-1.99103471786447e-06,5.79889049934911e-07,1.80956701264786,-0.524905505028728,0.980717424536736,-0.0662062461802134,17454.2526935719,60172.049258617
4.89778819368445,-1.89687196454449e-06,5.60221961422025e-07,1.80568496427243,-0.530970039277756,0.981795436865987,-0.0616393640621243,17254.0140657208,58676.2179918769
5.01187233627271,-1.806656301592e-06,5.41780229405993e-07,1.80133116290037,-0.537658339945529,0.982795451321581,-0.0573714295923845,17073.6556630954,57202.3266925979
5.12861383991364,-1.72024873422866e-06,5.24425851674565e-07,1.79650993646115,-0.544929639123456,0.983725628564659,-0.0533840327905594,16910.6601532006,55750.6268996679
5.24807460249771,-1.63751201953634e-06,5.08036866608401e-07,1.79122408688235,-0.55274457463586,0.98459309657009,-0.0496597613451542,16762.7249960692,54321.2871777612
5.37031796370252,-1.55831132451909e-06,4.92505653810742e-07,1.78547512823421,-0.56106511265873,0.985404084109269,-0.0461821724243495,16627.7465653977,52914.4073678262
5.49540873857623,-1.48251458247036e-06,4.77737379644319e-07,1.77926350198302,-0.569854455976561,0.986164038184017,-0.0429357551422291,16503.8048716846,51530.0307720079
5.62341325190348,-1.40999291542484e-06,4.63648611635428e-07,1.77258876588804,-0.579076959215039,0.986877726196898,-0.0399058956121455,16389.149500706,50168.1543793264
5.75439937337156,-1.34062082708707e-06,4.50166058024967e-07,1.76544976588419,-0.588698035839619,0.987549325533711,-0.0370788361388686,16282.1862566464,48828.7375952965
5.88843655355588,-1.27427648651839e-06,4.37225448049866e-07,1.75784478786623,-0.598684074261991,0.988182501302373,-0.0344416382601091,16181.4649614679,47511.7095399947
6.02559586074356,-1.21084166039905e-06,4.24770506012381e-07,1.74977170026371,-0.609002341689723,0.988780474616302,-0.0319821375359094,16085.6677537777,46216.9753523621
6.16595001861481,-1.15020195585593e-06,4.12752058044118e-07,1.74122807755727,-0.619620908669248,0.989346081283378,-0.0296889086476186,15993.5987414891,44944.4213392918
6.30957344480192,-1.09224666335107e-06,4.01127209293763e-07,1.73221131972216,-0.630508560421482,0.989881823434458,-0.0275512214999519,15904.1740191653,43693.9194741669
6.45654229034654,-1.0368689008837e-06,3.89858629621565e-07,1.72271875672844,-0.641634728318245,0.990389913792701,-0.0255590072043102,15816.4128846421,42465.3310333603
6.60693448007594,-9.83965580745775e-07,3.78913906142653e-07,1.71274774819793,-0.652969419120521,0.990872314331144,-0.0237028211011073,15729.4295946582,41258.509709344
6.7608297539198,-9.33437202897392e-07,3.68264959414707e-07,1.70229577914185,-0.664483143732877,0.991330769921487,-0.0219738035587805,15642.425674898,40073.304271242
6.91830970918935,-8.85187925446881e-07,3.57887537934948e-07,1.69136054518342,-0.676146864480588,0.991766837113742,-0.0203636494782826,15554.6831902067,38909.5606632051
7.07945784384136,-8.39125470343994e-07,3.47760760491531e-07,1.67994003571187,-0.687931941986249,0.992181909227163,-0.0188645754273031,15465.5584499547,37767.1237938246
7.24435960074988,-7.95160894144899e-07,3.37866705106406e-07,1.6680326149441,-0.699810084168676,0.992577238129056,-0.0174692856002665,15374.4761799885,36645.8390441266
7.41310241300916,-7.53208785853414e-07,3.28190059678879e-07,1.65563709228028,-0.711753318449844,0.992953952695992,-0.016170949053455,15280.9245822047,35545.5533354405
7.58577575029182,-7.13186830836771e-07,3.18717789468494e-07,1.64275279960769,-0.723733947360653,0.993313075245695,-0.0149631643766096,15184.450344637,34466.1161814012
7.7624711662869,-6.75015945396534e-07,3.09438861685646e-07,1.62937965620583,-0.735724532683545,0.99365553528419,-0.0138399386064446,15084.6545671063,33407.3803178552
7.94328234724279,-6.38620003648727e-07,3.00343988330266e-07,1.6155182371904,-0.747697872194129,0.99398218163713,-0.0127956587585407,14981.1887701932,32369.2022848974
8.12830516164097,-6.0392594235092e-07,2.91425408783363e-07,1.60116983300607,-0.759626996662824,0.99429379268764,-0.0118250726412411,14873.7515411555,31351.4427159
8.31763771102669,-5.70863360758149e-07,2.82676684202251e-07,1.58633651371401,-0.771485157584232,0.994591085455913,-0.0109232607684107,14762.0851757926,30353.9666352678
8.51138038202374,-5.39364795345108e-07,2.74092531359451e-07,1.5710211796349,-0.783245843799361,0.994874723103369,-0.0100856229490371,14645.9730504033,29376.643413686
8.70963589956078,-5.09365209279699e-07,2.65668657850197e-07,1.55522762056377,-0.794882780771696,0.995145321732269,-0.00930785073346062,14525.2367834144,28419.3468361006
8.91250938133743,-4.80802186347252e-07,2.57401631048211e-07,1.5389605604896,-0.806369958646491,0.99540345595293,-0.00858591462094738,14399.734057855,27481.9548508166
9.12010839355907,-4.53615733643922e-07,2.49288753742919e-07,1.52222570419375,-0.817681655104073,0.995649663830375,-0.00791604476155935,14269.3564231411,26564.3493332904
9.33254300796988,-4.27748156907965e-07,2.41327955545817e-07,1.50502977823635,-0.828792467262003,0.995884451108494,-0.00729471415371054,14134.0273331105,25666.4157349455
9.54992586021433,-4.031440089864e-07,2.33517697675577e-07,1.48738056599108,-0.839677351856918,0.996108294825686,-0.00671862407596001,13993.700381182,24788.0426299967
9.77237220955808,-3.79749998989082e-07,2.25856887714219e-07,1.46928693796195,-0.85031167020871,0.99632164643955,-0.00618468967229276,13848.3576536389,23929.1211982575
9.99999999999997,-3.5751481978481e-07,2.18344802956427e-07,1.45075887748837,-0.860671236819598,0.996524934531106,-0.00569002507973608,13698.0081716855,23089.5446586724
10.2329299228075,-3.36389232523106e-07,2.10981025333004e-07,1.43180749666619,-0.870732379138263,0.996718567083558,-0.00523193352859907,13542.6865321481,22269.2075846774
10.471285480509,-3.16325844048962e-07,2.03765379845126e-07,1.412445050014,-0.880471994355178,0.996902933503846,-0.00480789314758146,13382.4515066888,21468.0052390742
10.715193052376,-2.97279014375697e-07,1.9669788147106e-07,1.39268493928722,-0.889867613415284,0.997078406335863,-0.00441554570077366,13217.3847620062,20685.8328332261
10.9647819614318,-2.79204951129919e-07,1.89778689415094e-07,1.37254170850084,-0.898897471963454,0.997245342714506,-0.00405268871413609,13047.5896829516,19922.5847149612
11.2201845430196,-2.62061440053396e-07,1.8300806305914e-07,1.35203103625718,-0.907540575954404,0.997404085668122,-0.00371726270796734,12873.1901124986,19178.1536042435
11.4815362149688,-2.458078753526e-07,1.7638632537232e-07,1.33116971618119,-0.915776775322139,0.997554965202285,-0.00340734355410375,12694.3292110385,18452.4297496237
11.7489755493953,-2.30405194472037e-07,1.69913829407047e-07,1.30997563066912,-0.923586836316769,0.997698299248636,-0.00312113387759681,12511.168293476,17745.3000965386
12.0226443461741,-2.15815816077151e-07,1.63590928491312e-07,1.28846771651258,-0.930952513847994,0.997834394483883,-0.00285695500399796,12323.8856691194,17056.6474556458
12.3026877081238,-2.02003510432812e-07,1.57417949383902e-07,1.26666592326335,-0.937856621791071,0.997963547041896,-0.00261323850284096,12132.6754617165,16386.3496917264
12.5892541179416,-1.88933470964985e-07,1.51395169588437e-07,1.2445911611059,-0.944283104912815,0.998086043114667,-0.00238852083990683,11937.7464635379,15734.2788987146
12.8824955169313,-1.7657214832231e-07,1.45522796017882e-07,1.22226524387854,-0.950217103991923,0.998202159489335,-0.00218143528021543,11739.3209189957,15100.3006426063
13.182567385564,-1.6488722884098e-07,1.39800947044114e-07,1.19971082276059,-0.955645019869772,0.998312164002638,-0.00199070611628386,11537.6333232314,14484.2732176956
13.4896288259165,-1.53847658390771e-07,1.3422963695692e-07,1.17695131233579,-0.960554573565973,0.998416315933758,-0.00181514373983088,11332.9292054977,13886.0469442167
13.8038426460288,-1.43423484846361e-07,1.28808761844316e-07,1.15401081210585,-0.964934858462813,0.998514866353756,-0.00165363784230986,11125.4638598924,13305.463546484
14.1253754462275,-1.33585887260955e-07,1.23538088289189e-07,1.13091401972069,-0.968776389237281,0.99860805842038,-0.00150515321633987,10915.5010912655,12742.3555668068
14.4543977074592,-1.24307136739619e-07,1.18417243652214e-07,1.10768613959254,-0.972071142986131,0.998696127638384,-0.00136872498419639,10703.3119313849,12196.5458595037
14.791083881682,-1.15560559659015e-07,1.13445708174663e-07,1.08435278678082,-0.974812593033599,0.998779302086785,-0.0012434541270485,10489.1733432508,11667.8471606378
15.135612484362,-1.07320432199415e-07,1.08622808648356e-07,1.06093988768406,-0.976995734093598,0.998857802619698,-0.0011285025496618,10273.3669100835,11156.0617466083
15.4881661891248,-9.95620753972138e-08,1.03947714224069e-07,1.03747357557937,-0.978617101463035,0.998931843038107,-0.00102309054864616,10056.1775480863,10660.9811558337
15.8489319246111,-9.22616969342075e-08,9.94194331424472e-08,1.01398008669693,-0.97967477860012,0.999001630248696,-0.000926491778434832,9837.89219225215,10182.3860284216
16.2181009735892,-8.53964047819148e-08,9.50368113880628e-08,0.990485653281746,-0.980168397864122,0.999067364401496,-0.000838030295005015,9618.79851633545,9720.04601760149
16.5958690743755,-7.8944265040467e-08,9.07985327614608e-08,0.967016396066712,-0.980099132544696,0.999129239014256,-0.000757078159247878,9399.18367429254,9273.71979106303
16.9824365246174,-7.2884176841004e-08,8.67031199530471e-08,0.94359821927564,-0.979469678059927,0.999187441089386,-0.000683051398461858,9179.33305070175,8843.15514282847
17.3780082874937,-6.71958336025292e-08,8.27489370713668e-08,0.920256706406728,-0.978284225272367,0.999242151220518,-0.000615407064842953,8959.52905678916,8428.0891869238
17.7827941003892,-6.18597989528893e-08,7.89341934751085e-08,0.897017017607676,-0.976548426106905,0.99929354369175,-0.000553641498992992,8740.04997786727,8028.24863088794
18.1970085860998,-5.68573850222854e-08,7.52569484220816e-08,0.873903792369003,-0.974269349106594,0.999341786575155,-0.000497286893873767,8521.16885473605,7643.35015198732
18.6208713666286,-5.21706876703681e-08,7.17151169281371e-08,0.85094105511684,-0.971455428484336,0.999387041823726,-0.000445909467057653,8303.15243538093,7273.10084126308
19.0546071796324,-4.77825657047882e-08,6.83064764520319e-08,0.828152126438663,-0.96811640530193,0.999429465363938,-0.000399107231854099,8086.26018577054,6917.19872848727
19.4984459975804,-4.36765923255711e-08,6.50286743757199e-08,0.805559540327132,-0.964263261720055,0.999469207188568,-0.000356507670759342,7870.7433691744,6575.33337855785
19.9526231496887,-3.98370496561453e-08,6.18792362433397e-08,0.783184967467465,-0.959908149501481,0.999506411450314,-0.00031776590593662,7656.84420345193,6247.18654748195
20.4173794466952,-3.62488952978026e-08,5.88555745939111e-08,0.761049145682777,-0.955064312975587,0.999541216557708,-0.000282562749217047,7444.79509613723,5932.43289558805
20.8929613085403,-3.28977576014775e-08,5.59549983285713e-08,0.739171817509465,-0.949746007623431,0.999573755273694,-0.000250603093625311,7234.81796394628,5630.74074629926
21.3796208950222,-2.97699737947545e-08,5.31747225076152e-08,0.71757167517159,-0.94396841510459,0.999604154817516,-0.000221614710027647,7027.12363910517,5341.77288208513
21.8776162394954,-2.68524295093084e-08,5.05118783665449e-08,0.696266314889333,-0.937747554248461,0.999632536971172,-0.00019534563746108,6821.9113543798,5065.18738193075
22.3872113856833,-2.41326966194527e-08,4.79635236966009e-08,0.675272197072574,-0.931100191607448,0.999659018188871,-0.000171563929555746,6619.36832842449,4800.63846475108
22.9086765276776,-2.15988871890235e-08,4.5526653216321e-08,0.654604616595487,-0.924043749181729,0.999683709711774,-0.000150055358163712,6419.66942689851,4547.77736182511
23.4422881531991,-1.92397062793717e-08,4.31982090594351e-08,0.634277679684383,-0.916596212714668,0.999706717686448,-0.000130622673775994,6222.97691758992,4306.25318462572
23.9883291901948,-1.70444622145118e-08,4.09750911787871e-08,0.61430428900471,-0.908776039994854,0.999728143287803,-0.000113084591772711,6029.44030748831,4075.71379325639
24.5470891568502,-1.50029490545899e-08,3.88541675835083e-08,0.594696137155763,-0.900602069649517,0.999748082846356,-9.72739980588499e-05,5839.1962577572,3855.80666046436
25.1188643150957,-1.31054995303031e-08,3.68322844103333e-08,0.575463706417325,-0.892093432393792,0.999766627979046,-8.30373939590392e-05,5652.36858180571,3646.17971168621
25.7039578276885,-1.13429528067938e-08,3.49062756889549e-08,0.556616276009367,-0.883269464223651,0.99978386572379,-7.02338145962352e-05,5469.06831452601,3446.48214590772
26.3026799189537,-9.70667911883318e-09,3.30729727734177e-08,0.538161935582929,-0.874149622711703,0.999799878677159,-5.87341657781401e-05,5289.39385207776,3256.36522574284
26.915348039269,-8.18841981388057e-09,3.13292133543859e-08,0.520107605785337,-0.864753406092276,0.999814745134959,-4.84194923873666e-05,5113.43115215673,3075.48303962691
27.5422870333815,-6.78048261651965e-09,2.96718500729398e-08,0.502459062507255,-0.855100277370894,0.999828539234811,-3.91814711559658e-05,4941.25400036249,2903.49321399585
28.1838293126444,-5.47553927530719e-09,2.80977586044142e-08,0.485220968310779,-0.845209591331989,0.999841331100821,-3.09205371666079e-05,4772.9243218492,2740.05759621352
28.8403150312659,-4.26666484819175e-09,2.66038452597132e-08,0.468396907074656,-0.835100526868973,0.999853186989333,-2.3545540344132e-05,4608.49254544392,2584.84288431209
29.5120922666637,-3.14737718423987e-09,2.51870540434655e-08,0.451989422666389,-0.824792024001609,0.999864169435473,-1.69734030417171e-05,4447.99800896885,2437.52120969971
30.19951720402,-2.1115487671121e-09,2.38443731509985e-08,0.43600006163365,-0.814302725466788,0.999874337399957,-1.11281058433859e-05,4291.4693985237,2297.77067390102
30.9029543251358,-1.15344667097974e-09,2.25728409077052e-08,0.420429418169654,-0.803650923672264,0.99988374641556,-5.94042683906112e-06,4138.92521980571,2165.2758315254
31.6227766016837,-2.67659147197272e-10,2.13695511365236e-08,0.405277181922814,-0.792854512448131,0.999892448732827,-1.34710739909977e-06,3990.37429250018,2039.72812501022
32.3593656929627,5.50920644466685e-10,2.02316579613038e-08,0.390542187361173,-0.781930944023399,0.999900493464488,2.70962492436352e-06,3845.81626471437,1920.82626693666
33.113112148259,1.30698268102607e-09,1.91563800477196e-08,0.376222463998407,-0.770897191251769,0.999907926728159,6.28188474974663e-06,3705.24214257005,1808.27656970042
33.8844156139201,2.0050145272436e-09,1.81410042982021e-08,0.362315288763127,-0.759769714122284,0.999914791786891,9.4175439416693e-06,3568.63482586968,1701.79323207008
34.673685045253,2.64923122799263e-09,1.7182889013609e-08,0.348817237665169,-0.74856443164518,0.999921129187176,1.21601798245025e-05,3435.96965144079,1601.09857194635
35.4813389233574,3.24350476672151e-09,1.62794665376745e-08,0.335724237571415,-0.737296698304275,0.99992697689408,1.45490511978967e-05,3307.21493667229,1505.92321334509
36.30780547701,3.79146357870562e-09,1.54282454140845e-08,0.323031618261308,-0.725981284649176,0.999932370423147,1.66198469496036e-05,3182.3325184796,1416.00623187803
37.1535229097171,4.29653476989986e-09,1.46268120760154e-08,0.310734163584684,-0.714632362221778,0.999937342968815,1.84051119043927e-05,3061.27828624529,1331.09525689403
38.0189396320559,4.76188639420316e-09,1.38728320908796e-08,0.298826161355695,-0.703263492592445,0.999941925529136,1.99342160884588e-05,2944.00270563531,1250.94653257596
38.9045144994279,5.19048291138476e-09,1.31640509965707e-08,0.28730145240859,-0.691887619949583,0.99994614702653,2.12338085440713e-05,2830.45132925851,1175.324943561
39.8107170553495,5.58511173024044e-09,1.24982947508111e-08,0.276153478111802,-0.680517067202988,0.999950034424473,2.23281117582596e-05,2720.56529283743,1104.0040055648
40.7380277804111,5.94829557226643e-09,1.18734698215475e-08,0.265375325951528,-0.66916353540662,0.999953612839975,2.32387450958797e-05,2614.28179515413,1036.76582301605
41.6869383470333,6.28243167887565e-09,1.12875629609214e-08,0.254959773966006,-0.657838105849754,0.9999569056517,2.3985451941959e-05,2511.53455858551,973.401020206368
42.6579518801591,6.58976000078578e-09,1.07386406749321e-08,0.244899332777732,-0.646551245016536,0.999959934603745,2.45861048570904e-05,2412.25427080249,913.708644076085
43.6515832240164,6.872330881366e-09,1.02248484252468e-08,0.235186285643223,-0.635312811928164,0.999962719905006,2.50567184406432e-05,2316.36900565724,857.496043509998
44.6683592150961,7.13208591789288e-09,9.74440959671495e-09,0.225812726697403,-0.624132067523212,0.999965280324102,2.54118742737506e-05,2223.80462219693,804.578728622852
45.7088189614873,7.37075360275255e-09,9.29562424229575e-09,0.216770596633221,-0.613017686095653,0.999967633279947,2.56644537496992e-05,2134.48514228915,754.780209924591
46.7735141287196,7.59000025660887e-09,8.87686765581449e-09,0.208051716808782,-0.601977768175265,0.999969794927901,2.58262839859264e-05,2048.33310520266,707.931823504817
47.8630092322636,7.79135312965797e-09,8.48658876972854e-09,0.199647820669758,-0.591019855029811,0.999971780241687,2.59079482015454e-05,1965.26990054029,663.872540544261
48.9778819368444,7.97623671791669e-09,8.12330842137965e-09,0.191550583277806,-0.580150944287551,0.999973603091061,2.59189954878908e-05,1885.21607859353,622.448766161626
50.118723362727,8.14592336812905e-09,7.78561749857458e-09,0.183751648545116,-0.569377506629917,0.999975276315381,2.58678570222659e-05,1808.09163891997,583.514128154934
51.2861383991362,8.30165396621266e-09,7.47217499880897e-09,0.176242654704767,-0.558705503202433,0.999976811793131,2.57623074343892e-05,1733.81629701349,546.929259161656
52.480746024977,8.4445166302724e-09,7.18170599909879e-09,0.169015257294723,-0.54814040382384,0.999978220507593,2.56091360265711e-05,1662.3097304187,512.561571506653
53.703179637025,8.57558077754313e-09,6.91299958060056e-09,0.16206115063216,-0.537687205533344,0.999979512608708,2.54146231164468e-05,1593.49180395458,480.285029314837
54.9540873857622,8.69576080402148e-09,6.66490669782877e-09,0.155372086918496,-0.527350451624786,0.99998069747135,2.51841743124523e-05,1527.28277568619,449.979916470945
56.2341325190346,8.80594938042132e-09,6.43633803323667e-09,0.148939893968275,-0.517134250746594,0.999981783750055,2.49227703839242e-05,1463.60348353529,421.532604608241
57.5439937337154,8.90695144239035e-09,6.22626182799875e-09,0.142756490861416,-0.507042296187256,0.999982779430439,2.46348099594161e-05,1402.37551408576,394.835319984668
58.8843655355586,8.99953151623416e-09,6.03370171685901e-09,0.136813902111383,-0.497077885082146,0.999983691877383,2.43242822316737e-05,1343.52135397833,369.785911874488
60.2559586074355,9.08436124108776e-09,5.85773456547286e-09,0.131104270112731,-0.487243937539755,0.99998452788018,2.39946559604336e-05,1286.96452505598,346.287622521059
61.6595001861479,9.16203762696586e-09,5.69748833089681e-09,0.125619866205847,-0.477543015529733,0.999985293694754,2.3648968491852e-05,1232.62970395666,324.24886022178
63.095734448019,9.23322890649901e-09,5.5521399549294e-09,0.120353100485574,-0.467977341452537,0.999985995083086,2.3290227683758e-05,1180.44282705887,303.582976349933
64.5654229034652,9.29843641913407e-09,5.42091327095052e-09,0.115296529819125,-0.458548816488165,0.999986637350081,2.29208150830754e-05,1130.33118209643,284.208045372704
66.0693448007593,9.35813990522449e-09,5.30307697190965e-09,0.110442865125748,-0.449259038411821,0.999987225377878,2.25428938118497e-05,1082.22348666505,266.046650939275
67.6082975391978,9.41280043859698e-09,5.19794261474339e-09,0.105784977324378,-0.440109319012496,0.999987763657847,2.21584298476338e-05,1036.04995497832,249.02567671191
69.1830970918933,9.46284890439972e-09,5.1048626762383e-09,0.101315902209053,-0.431100701026462,0.99998825632036,2.17691783423124e-05,991.742353592646,233.076102808289
70.7945784384134,9.50864582448711e-09,5.02322865952604e-09,0.0970288443232061,-0.422233974555835,0.999988707162482,2.1376608470008e-05,949.234046931415,218.132808149515
72.4435960074986,9.55058306906286e-09,4.95246926498008e-09,0.0929171800728972,-0.413509692910105,0.999989119673684,2.09821514753876e-05,908.460033323619,204.134379320853
74.1310241300914,9.58892957155622e-09,4.89204860729944e-09,0.0889744597671355,-0.40492818794169,0.999989497059742,2.05868670800372e-05,869.356972528372,191.022925246792
75.857757502918,9.62401790026853e-09,4.84146450957079e-09,0.0851944092235281,-0.396489584731638,0.999989842264867,2.01918705700429e-05,831.863205184595,178.743899082394
77.6247116628688,9.65614643374938e-09,4.80024684574015e-09,0.0815709304183163,-0.388193815751728,0.999990157992253,1.97981210265225e-05,795.918765185513,167.245926079106
79.4328234724277,9.68552399188718e-09,4.76795594824518e-09,0.0780981015684222,-0.380040634423145,0.9999904467231,1.94063228821152e-05,761.465385467744,156.480638196398
81.2830516164095,9.71239903824595e-09,4.7441810861748e-09,0.074770176796681,-0.372029628055217,0.999990710734209,1.90172032850419e-05,728.446497814234,146.402515609347
83.1763771102667,9.73697556635117e-09,4.72853899568734e-09,0.0715815851175842,-0.364160230234632,0.999990952114279,1.86313451726249e-05,696.807227399311,136.968734412581
85.1138038202372,9.75945673181205e-09,4.72067248052238e-09,0.0685269290733726,-0.356431732612428,0.999991172778959,1.82492816798542e-05,666.494382508007,128.139021021427
87.0963589956076,9.78000307917654e-09,4.72024906867426e-09,0.0656009829063574,-0.348843296131258,0.99999137448476,1.78714225422833e-05,637.456440016734,119.87551284159
89.1250938133741,9.79879010830048e-09,4.7269597355272e-09,0.0627986904445965,-0.341393961677618,0.999991558841898,1.74981681962838e-05,609.643527068744,112.142625340558
91.2010839355905,9.81599465955957e-09,4.74051768022468e-09,0.060115162625358,-0.334082660194831,0.999991727326156,1.71298849094368e-05,583.007399438899,104.906925156239
93.3254300796986,9.83171012368218e-09,4.76065716221215e-09,0.0575456747107537,-0.326908222266683,0.999991881289815,1.67667618985989e-05,557.501416995288,98.1370091298089
95.4992586021431,9.84606048346099e-09,4.78713240001285e-09,0.0550856633885066,-0.319869387159043,0.999992021971732,1.64090194925286e-05,533.080516595701,91.8033893676774
97.7237220955805,9.85921476944096e-09,4.81971651900958e-09,0.0527307236056375,-0.312964811370167,0.999992150506634,1.60569279588678e-05,509.701182837338,85.8783838221122
99.9999999999995,9.87121667003113e-09,4.85820055018404e-09,0.0504766051431488,-0.306193076708513,0.999992267933679,1.57105292736658e-05,487.321416986759,80.3360121902996
102.329299228075,9.8821835146581e-09,4.90239249163141e-09,0.0483192092467588,-0.29955269786701,0.999992375204327,1.53699709346545e-05,465.900704311358,75.1518974128125
104.712854805089,9.89222094463193e-09,4.95211641127462e-09,0.0462545849925548,-0.293042129571307,0.99999247318959,1.5035363751909e-05,445.399980186409,70.3031720024454
107.15193052376,9.90138011922728e-09,5.00721159771723e-09,0.0442789255936625,-0.286659773287999,0.99999256268671,1.47067213974032e-05,425.781595174064,65.768389319565
109.647819614318,9.90977114495215e-09,5.06753176422216e-09,0.042388564708826,-0.280403983505807,0.999992644425285,1.43841352083085e-05,407.009279296056,61.5274396491454
112.201845430196,9.91742062035362e-09,5.13294428901127e-09,0.0405799732718832,-0.27427307343668,0.999992719072908,1.40675628676067e-05,389.048105466422,57.5614715782482
114.815362149688,9.92442752169031e-09,5.20332950847396e-09,0.038849752990321,-0.268265321326285,0.999992787240346,1.37570588801087e-05,371.864453935619,53.8528129907183
117.489755493952,9.9308205628638e-09,5.27858003823971e-09,0.0371946366245556,-0.262378974374996,0.999992849486306,1.3452570182766e-05,355.425973605944,50.3849059044946
120.226443461741,9.93667127458959e-09,5.35860014672616e-09,0.0356114813939028,-0.256612254370888,0.999992906321797,1.31540974322629e-05,339.701546224965,47.1422353641221
123.026877081237,9.94199383054053e-09,5.44330515720153e-09,0.0340972658353924,-0.250963361955505,0.999992958214147,1.28615591963276e-05,324.661249133427,44.1102670600807
125.892541179416,9.94690058131195e-09,5.53262089245631e-09,0.0326490860666877,-0.245430480778351,0.99999300559068,1.25749975425731e-05,310.276318480429,41.2753876144307
128.824955169313,9.95135960486628e-09,5.62648314289364e-09,0.0312641519532783,-0.240011781373627,0.999993048842103,1.22942644887235e-05,296.519112742555,38.6248481002823
131.82567385564,9.95543533391708e-09,5.72483718319205e-09,0.0299397834770448,-0.234705424735527,0.999993088325594,1.20193335462084e-05,283.363076588922,36.1467110017649
134.896288259164,9.95915962056161e-09,5.82763730533949e-09,0.0286734070373918,-0.229509565644772,0.999993124367648,1.17501341445983e-05,270.782705222119,33.8298000944204
138.038426460288,9.96255903167066e-09,5.93484638809674e-09,0.0274625518616389,-0.224422355737927,0.999993157266687,1.14865878755243e-05,258.753509236028,31.6636533085575
141.253754462275,9.96568205683826e-09,6.04643549519199e-09,0.0263048464775941,-0.219441946340814,0.99999318729544,1.12286400221073e-05,247.251980060995,29.6384783549287
144.543977074592,9.96852675295656e-09,6.16238349595861e-09,0.0251980152299301,-0.214566491082234,0.999993214703134,1.09761772173883e-05,236.255556051276,27.7451109421092
147.91083881682,9.97112461572207e-09,6.28267671372827e-09,0.0241398749097296,-0.209794148292967,0.999993239717503,1.07291242715674e-05,225.742589249537,25.974975520635
151.35612484362,9.97349646300128e-09,6.40730860154617e-09,0.023128331427491,-0.205123083211395,0.999993262546614,1.04873936461852e-05,215.692312875172,24.3200483360419
154.881661891247,9.97567927716093e-09,6.53627943252282e-09,0.0221613765826776,-0.200551470001471,0.99999328338056,1.0250914461225e-05,206.084809559265,22.7728227201664
158.48931924611,9.97765347599156e-09,6.66959601935101e-09,0.0212370848933283,-0.196077493598784,0.999993302392994,1.00195576504192e-05,196.900980354749,21.3262764564393
162.181009735892,9.97948324412631e-09,6.80727145138671e-09,0.0203536105524528,-0.191699351388284,0.999993319742538,9.79328030076967e-06,188.122514532622,19.973841169601
165.958690743755,9.98114412741369e-09,6.94932484907734e-09,0.0195091844046719,-0.187415254735779,0.999993335574076,9.57195081782909e-06,179.731860189722,18.7093735180704
169.824365246173,9.98266315620757e-09,7.09578114126662e-09,0.0187021110698116,-0.183223430369127,0.999993350019933,9.35549021030465e-06,171.712195663027,17.5271282109576
173.780082874937,9.98404569945835e-09,7.24667085670247e-09,0.0179307661093783,-0.179122121629758,0.999993363200957,9.14379944373563e-06,164.047401766979,16.4217326434695
177.827941003891,9.98530168040049e-09,7.40202993039854e-09,0.0171935932968459,-0.175109589596684,0.999993375227505,8.93678525280104e-06,156.722034848819,15.3881631157436
181.970085860997,9.98647167507561e-09,7.56189953428181e-09,0.0164891019711191,-0.171184114093553,0.999993386200351,8.73438248718302e-06,149.721300662614,14.4217225234183
186.208713666285,9.98752499328078e-09,7.72632590740653e-09,0.015815864454462,-0.167343994588266,0.99999339621151,8.53646395293416e-06,143.031029059131,13.5180194183082
190.546071796324,9.98849921456738e-09,7.89536021652583e-09,0.0151725135904342,-0.163587550987147,0.999993405344996,8.34296403531834e-06,136.637649480026,12.67294840708
194.984459975803,9.98938380094655e-09,8.06905841818119e-09,0.0145577403249311,-0.159913124338025,0.999993413677513,8.15377702694894e-06,130.528167254067,11.8826717434226
199.526231496887,9.99020252230958e-09,8.24748114074125e-09,0.0139702913971157,-0.15631907744231,0.999993421279088,7.9688274668762e-06,124.690140679054,11.1436020998564
204.173794466952,9.99095363290541e-09,8.43069357251217e-09,0.0134089670898388,-0.152803795386942,0.999993428213649,7.78802030412481e-06,119.111658881233,10.4523864077465
208.929613085403,9.99160674223196e-09,8.61876536394253e-09,0.0128726190664677,-0.149365685999434,0.999993434539553,7.61124083356487e-06,113.781320436393,9.80589072421181
213.796208950222,9.99222742736384e-09,8.81177054327248e-09,0.0123601482979327,-0.146003180231147,0.999993440310068,7.43844989287738e-06,108.688212737833,9.20118606697501
218.776162394954,9.99280325999441e-09,9.00978743825429e-09,0.0118705030297067,-0.142714732478225,0.999993445573817,7.26954900736297e-06,103.821892098747,8.63553512175836
223.872113856832,9.99332545719982e-09,9.21289860502869e-09,0.01140267685224,-0.139498820839347,0.999993450375181,7.10444510948136e-06,99.1723645682422,8.10637981769407
229.086765276776,9.99381351380907e-09,9.42119077586637e-09,0.0109557068347017,-0.136353947318306,0.999993454754665,6.94306726597508e-06,94.7300674466344,7.61132968856495
234.422881531991,9.99422596588508e-09,9.63475480343992e-09,0.0105286717171084,-0.133278637975864,0.999993458749238,6.78530378286011e-06,90.4858514825449,7.14815096981459
239.883291901947,9.99461254380876e-09,9.85368562721363e-09,0.0101206901930105,-0.130271443032189,0.999993462392638,6.63110789427395e-06,86.4309637319878,6.71475640903613
245.470891568501,9.99499612224795e-09,1.00780822322438e-08,0.00973091923171872,-0.127330936927617,0.999993465715654,6.48041414961892e-06,82.557031064098,6.30919571220865
251.188643150956,9.99533972463608e-09,1.03080476270608e-08,0.00935855247375987,-0.124455718342369,0.999993468746386,6.33311962317736e-06,78.8560442931205,5.92964661021179
257.039578276885,9.9956269939576e-09,1.0543688824154e-08,0.00900281869726218,-0.12164441017866,0.999993471510473,6.18913809326849e-06,75.3203429184621,5.57440650593484
263.026799189536,9.99592822379631e-09,1.07851168317311e-08,0.00866298034138825,-0.118895659509252,0.999993474031312,6.04843838160602e-06,71.9426004550683,5.24188465771629
269.15348039269,9.99616772573714e-09,1.10324466398408e-08,0.00833833206599727,-0.116208137496667,0.999993476330254,5.91090073665622e-06,68.7158103365901,4.93059485431482
275.422870333815,9.99640253022397e-09,1.12857972303475e-08,0.00802819940547117,-0.113580539281393,0.999993478426778,5.77648789257478e-06,65.6332723704737,4.63914858617055
281.838293126443,9.99660345174074e-09,1.15452915773646e-08,0.00773193755361429,-0.111011583832846,0.999993480338659,5.64511243601754e-06,62.6885797223136,4.36624870128449
288.403150312659,9.99681956787962e-09,1.18110566639518e-08,0.00744892965667226,-0.108500013847016,0.999993482082116,5.51673325239676e-06,59.8756064577349,4.11068316805126
295.120922666636,9.99698714419431e-09,1.20832234985942e-08,0.00717858628667434,-0.106044595478873,0.999993483671944,5.39124744409226e-06,57.1884955025966,3.87131986987744
301.9951720402,9.99716457905499e-09,1.23619271381881e-08,0.00692034382664461,-0.103644118201467,0.999993485121643,5.26862117997043e-06,54.6216471698044,3.64710111246203
309.029543251357,9.99731229242234e-09,1.26473067153625e-08,0.00667366346268048,-0.101297394574946,0.999993486443531,5.14876879482751e-06,52.1697081104625,3.43703879390408
316.227766016836,9.99745597360048e-09,1.29395054779442e-08,0.00643803012539401,-0.0990032600137837,0.999993487648843,5.03164082200613e-06,49.8275607226943,3.24020983716035
323.593656929626,9.99757948175245e-09,1.32386708193155e-08,0.00621295145997208,-0.0967605725412625,0.99999348874783,4.91716743947504e-06,47.5903129945868,3.05575191252779
331.131121482589,9.99770212448997e-09,1.35449543282873e-08,0.00599795684832007,-0.0945682125310598,0.999993489749844,4.80529799056229e-06,45.4532887645672,2.88285944428277
338.8441561392,9.99779924158146e-09,1.38585118320336e-08,0.00579259646405553,-0.0924250824385169,0.999993490663416,4.6959616700145e-06,43.4120183844131,2.72077987442799
346.736850452529,9.99792134283084e-09,1.41795034498682e-08,0.00559644037584958,-0.0903301065218142,0.999993491496327,4.58912457755435e-06,41.4622297693519,2.56881017513156
354.813389233573,9.99801440815468e-09,1.45080936487553e-08,0.00540907767519761,-0.0882822305556881,0.999993492255678,4.48470509413134e-06,39.5998398213396,2.42629358332642
363.078054770099,9.9980808105807e-09,1.48444513061938e-08,0.00523011565530105,-0.0862804215370554,0.999993492947944,4.38264985043979e-06,37.8209462105053,2.29261655599247
371.53522909717,9.99815504705294e-09,1.51887497704985e-08,0.00505917901630751,-0.0843236673850578,0.999993493579031,4.28292036102312e-06,36.1218195016948,2.16720592119555
380.189396320558,9.99822215176784e-09,1.55411669327914e-08,0.00489590910234164,-0.0824109766360484,0.999993494154327,4.18545728256728e-06,34.4988956125407,2.0495262153742
389.045144994278,9.99829192976763e-09,1.59018852981252e-08,0.00473996323631035,-0.0805413781280392,0.999993494678748,4.09021318881059e-06,32.9487685875105,1.93907722237157
398.107170553494,9.99835898475764e-09,1.62710920600766e-08,0.00459101378013773,-0.078713920711934,0.999993495156776,3.99713537693644e-06,31.4681836904127,1.83539155021009
407.38027780411,9.99840483388473e-09,1.66489791831453e-08,0.00444874783404465,-0.0769276728993389,0.9999934955925,3.9061673798353e-06,30.0540307657542,1.73803261211882
416.869383470332,9.99844208405456e-09,1.70357434899245e-08,0.00431286635212181,-0.0751817225697127,0.999993495989648,3.81726637645618e-06,28.7033379077234,1.64659249648097
426.579518801589,9.99848695742345e-09,1.74315867378615e-08,0.00418308359244568,-0.0734751766452306,0.999993496351623,3.73039152743275e-06,27.4132653871686,1.56069009823697
436.515832240163,9.99854540203348e-09,1.7836715725944e-08,0.00405912653150602,-0.0718071607711562,0.999993496681525,3.64549875842042e-06,26.1810998411536,1.47996934912823
446.68359215096,9.99858433679842e-09,1.82513423753645e-08,0.00394073430351379,-0.0701768189960121,0.999993496982186,3.56253094827103e-06,25.0042487119292,1.40409756444346
457.088189614872,9.99861589603424e-09,1.8675683837073e-08,0.00382765766671521,-0.0685833134518671,0.999993497256184,3.48144883216487e-06,23.8802349250863,1.33276389975116
467.735141287195,9.99865305985223e-09,1.91099625919573e-08,0.00371965853069317,-0.0670258240318704,0.999993497505874,3.40221402727423e-06,22.8066917959661,1.26567792222021
478.630092322635,9.99867874332748e-09,1.95544065566613e-08,0.00361650929778422,-0.0655035480875099,0.999993497733401,3.32477872142594e-06,21.7813581624062,1.20256820603784
489.778819368442,9.99871357297792e-09,2.00092491928726e-08,0.00351799264910525,-0.0640157000895943,0.999993497940722,3.24910883600777e-06,20.8020737154067,1.14318116203562
501.187233627268,9.99874073218314e-09,2.04747296213802e-08,0.00342390092271474,-0.0625615113293777,0.999993498129623,3.17515871404798e-06,19.8667745451295,1.08727980272581
512.861383991361,9.9987578393647e-09,2.0951092738735e-08,0.00333403572861802,-0.0611402296024076,0.999993498301731,3.10288858663716e-06,18.9734888738679,1.03464266021535
524.807460249769,9.99878529025505e-09,2.14385893391143e-08,0.00324820753809449,-0.0597511188987776,0.999993498458531,3.03226654419367e-06,18.1203329759949,0.985062761169699
537.031796370249,9.99878838965622e-09,2.1937476239655e-08,0.00316623532081885,-0.0583934590935344,0.999993498601375,2.96324464938479e-06,17.3055072749604,0.938346678365113
549.54087385762,9.99881165218461e-09,2.24480164053541e-08,0.00308794604460725,-0.057066545653029,0.999993498731498,2.89579970333986e-06,16.5272926144745,0.894313599551545
562.341325190345,9.99884206248593e-09,2.29704790826422e-08,0.00301317450640895,-0.055769689317884,0.999993498850027,2.82989186131953e-06,15.7840466848779,0.852794549522287
575.439937337152,9.99885598752416e-09,2.35051399377281e-08,0.00294176285975768,-0.0545022158161418,0.999993498957986,2.76547950954276e-06,15.0742006137783,0.813631571526233
588.843655355584,9.99887916165874e-09,2.40522811945088e-08,0.0028735603200996,-0.0532634655661821,0.999993499056312,2.70253577411063e-06,14.3962557021078,0.77667700935048
602.559586074353,9.9988891628738e-09,2.46121917750822e-08,0.00280842287421952,-0.0520527933841414,0.999993499145857,2.64102119106106e-06,13.7487803037042,0.74179283352938
616.595001861477,9.99890138010207e-09,2.51851674532705e-08,0.00274621288036147,-0.0508695682049805,0.999993499227401,2.58090736273781e-06,13.1304068445755,0.708849979926291
630.957344480188,9.99891156741989e-09,2.57715110033724e-08,0.00268679893353832,-0.0497131727871161,0.999993499301652,2.52216130839186e-06,12.5398289679461,0.677727797461408
645.65422903465,9.99893650497642e-09,2.63715323554209e-08,0.00263005551016811,-0.0485830034397861,0.999993499369256,2.46475605496823e-06,11.9757988099193,0.648313472174079
660.693448007591,9.9989253314558e-09,2.69855487530432e-08,0.0025758626429263,-0.0474784697526979,0.999993499430804,2.40864866589335e-06,11.4371243946316,0.620501495184744
676.082975391976,9.99893937932059e-09,2.76138849225963e-08,0.00252410580563171,-0.0463989943142679,0.999993499486833,2.35382443548802e-06,10.9226671405637,0.594193213666308
691.830970918931,9.99894675136069e-09,2.82568732388328e-08,0.00247467558122021,-0.045344012451805,0.999993499537833,2.30024654588379e-06,10.4313394812891,0.569296356849797
707.945784384132,9.99895630867886e-09,2.89148538957715e-08,0.00242746747515566,-0.0443129719653562,0.999993499584251,2.24788869061567e-06,9.96210258885058,0.545724625229487
724.435960074984,9.99895098716559e-09,2.95881750836391e-08,0.00238238162264969,-0.0433053328746883,0.999993499626494,2.19671932792551e-06,9.51396419986276,0.523397280743411
741.310241300911,9.99897562803824e-09,3.02771931744855e-08,0.00233932270785207,-0.0423205671549464,0.999993499664934,2.14672118149208e-06,9.08597653438886,0.502238808664516
758.577575029177,9.99898133872699e-09,3.09822729034626e-08,0.00229819962084714,-0.0413581584973625,0.999993499699908,2.09785703971121e-06,8.6772343115734,0.482178542986422
776.247116628685,9.99899472189445e-09,3.17037875605108e-08,0.0022589253884101,-0.0404176020539418,0.999993499731726,2.05010672741798e-06,8.28687284887271,0.463150373044441
794.328234724275,9.99897239927686e-09,3.24421191889857e-08,0.00222141693622734,-0.0394984041998927,0.999993499760669,2.00343612831129e-06,7.91406624849073,0.445092432338576
812.830516164092,9.99900863425443e-09,3.31976587851501e-08,0.00218559487528182,-0.0386000822990777,0.999993499786992,1.95783944932361e-06,7.55802566400199,0.427946811887651
831.763771102664,9.99900067876546e-09,3.39708064915969e-08,0.00215138343382316,-0.0377221644631325,0.99999349981093,1.91327206028106e-06,7.2179976418953,0.411659319478474
851.138038202369,9.99902227654821e-09,3.47619718279665e-08,0.00211871018847232,-0.0368641893307232,0.999993499832695,1.86972470970713e-06,6.89326253994199,0.396179214580416
870.963589956073,9.99901256500326e-09,3.55715738808993e-08,0.00208750601715892,-0.036025705834573,0.999993499852483,1.82716280463401e-06,6.5831330127543,0.381459001497035
891.250938133738,9.99901658667507e-09,3.64000415555704e-08,0.00205770484137336,-0.035206272989231,0.999993499870469,1.78557221960353e-06,6.28695256782774,0.367454196025264
912.010839355902,9.99902517260389e-09,3.72478137812549e-08,0.00202924363032603,-0.034405459663514,0.999993499886814,1.74492913203105e-06,6.00409418232824,0.354123153549601
933.254300796983,9.99902512774914e-09,3.81153397290349e-08,0.002002062104871,-0.0336228443803497,0.999993499901666,1.70520968810143e-06,5.73395898564018,0.341426854497293
954.992586021428,9.99904642372424e-09,3.9003079082417e-08,0.00197610274761699,-0.032858015097842,0.999993499915159,1.66639792584248e-06,5.47597499661881,0.329328755996921
977.237220955802,9.99904994044932e-09,3.99115022550397e-08,0.00195131059327752,-0.0321105690114925,0.999993499927414,1.6284666507982e-06,5.22959592009196,0.317794615031084
999.999999999991,9.99903929711569e-09,4.08410906456783e-08,0.00192763314759561,-0.0313801123510402,0.999993499938542,1.59139653030609e-06,4.99429999544713,0.306792343907633
1023.29299228075,9.99904135107171e-09,4.17923368941156e-08,0.00190502030240241,-0.0306662601818655,0.999993499948646,1.5551722421712e-06,4.76958889673216,0.29629187349558
1047.12854805089,9.99904046671153e-09,4.27657451387495e-08,0.00188342417395825,-0.0299686362165687,0.999993499957817,1.51977206563152e-06,4.55498668283648,0.286265012812597
1071.5193052376,9.99902270217361e-09,4.37618312837396e-08,0.0018627990319112,-0.029286872623793,0.999993499966138,1.48517519130104e-06,4.35003879351087,0.276685331254695
1096.47819614317,9.99903026159569e-09,4.47811232722264e-08,0.00184310122556745,-0.0286206098413314,0.999993499973687,1.45136957383747e-06,4.15431109033894,0.26752804725128
1122.01845430195,9.99904128829781e-09,4.58241613621527e-08,0.00182428904274601,-0.0279694963985659,0.999993499980534,1.41833393302128e-06,3.96738894138078,0.258769913871018
1148.15362149687,9.99904428161431e-09,4.68914984150942e-08,0.00180632265484132,-0.0273331887361974,0.999993499986742,1.38604912602107e-06,3.78887634579601,0.250389123854412
1174.89755493952,9.9990511414621e-09,4.79837001894287e-08,0.00178916402452583,-0.0267113510328135,0.999993499992369,1.35449972527543e-06,3.61839509807638,0.242365214999646
1202.2644346174,9.99904862716048e-09,4.91013456352385e-08,0.00177277682526358,-0.026103655034399,0.999993499997467,1.32366721447204e-06,3.45558398956744,0.23467898293876
1230.26877081237,9.99905853502378e-09,5.02450272030913e-08,0.00175712636482237,-0.0255097798873357,0.999993500002085,1.29353815188157e-06,3.30009804570979,0.227312399723771
1258.92541179416,9.99905056858439e-09,5.14153511623622e-08,0.00174217951169693,-0.0249294119748993,0.999993500006266,1.26409262161771e-06,3.1516077974191,0.220248537715059
1288.24955169312,9.99906292310998e-09,5.26129379108814e-08,0.0017279046255132,-0.0243622447571128,0.99999350001005,1.23531988690258e-06,3.00979858507473,0.213471498577541
1318.2567385564,9.99904716497415e-09,5.38384223123384e-08,0.00171427148966886,-0.0238079786140121,0.999993500013473,1.20719867076679e-06,2.87436989367914,0.20696634684461
1348.96288259164,9.99904819595725e-09,5.50924540276138e-08,0.00170125124801218,-0.0232663206921294,0.999993500016569,1.17971959580036e-06,2.74503471778223,0.200719047986111
1380.38426460287,9.99906533022527e-09,5.63756978703978e-08,0.00168881634816529,-0.0227369847538755,0.999993500019367,1.15286787484642e-06,2.62151895481468,0.194716410985919
1412.53754462274,9.99904893078387e-09,5.76888341350529e-08,0.00167694045944047,-0.0222196910325179,0.999993500021894,1.12662355036872e-06,2.50356082587835,0.188946031492583
1445.43977074591,9.9990607181518e-09,5.90325589765184e-08,0.00166559846521059,-0.0217141660841324,0.999993500024176,1.10097976531296e-06,2.39091032179407,0.183396246809884
1479.10838816819,9.99905742271364e-09,6.04075847815411e-08,0.00165476636567677,-0.021220142650487,0.999993500026235,1.07591805158745e-06,2.2833286748666,0.178056083561147
1513.56124843619,9.99906481859488e-09,6.18146405294978e-08,0.00164442123849422,-0.0207373595202367,0.999993500028092,1.05142794440587e-06,2.1805878537981,0.172915214962102
1548.81661891247,9.99905967261974e-09,6.32544721861777e-08,0.00163454119462671,-0.0202655613936393,0.999993500029766,1.02749399363089e-06,2.08247008131584,0.167963920089416
1584.8931924611,9.99907082150079e-09,6.47278431183812e-08,0.00162510534296564,-0.0198044987495413,0.999993500031272,1.00410649445505e-06,1.98876737337246,0.163193046451539
1621.81009735892,9.99904424736654e-09,6.62355344460686e-08,0.00161609372253344,-0.0193539277183374,0.999993500032629,9.81247632355061e-07,1.89928109933019,0.158593971550577
1659.58690743755,9.99908280366746e-09,6.7778345533287e-08,0.00160748727301247,-0.018913609954465,0.999993500033847,9.58915406874366e-07,1.8138215615433,0.154158570612171
1698.24365246173,9.99906541864132e-09,6.9357094329911e-08,0.00159926780297197,-0.0184833125119323,0.999993500034942,9.37086198066542e-07,1.73220759384089,0.149879185947047
1737.80082874936,9.99906639731057e-09,7.09726178590997e-08,0.00159141793181244,-0.0180628077252016,0.999993500035925,9.15755601625147e-07,1.65426617827844,0.145748595686486
1778.27941003891,9.99906802397716e-09,7.26257726544471e-08,0.00158392106599409,-0.0176518730896393,0.999993500036806,8.94910604792561e-07,1.57983207879881,0.141759987602189
1819.70085860997,9.99907440844404e-09,7.43174351988674e-08,0.00157676136055749,-0.0172502911460795,0.999993500037595,8.74540510830543e-07,1.50874749148062,0.137906933121261
1862.08713666285,9.999057637056e-09,7.60485023842961e-08,0.00156992368537895,-0.0168578493676181,0.999993500038301,8.54632104945564e-07,1.44086171045861,0.134183363326861
1905.46071796323,9.99907674844955e-09,7.78198920234341e-08,0.00156339359569209,-0.0164743400486005,0.99999350003893,8.3517989946917e-07,1.37603080881888,0.130583546754287
1949.84459975803,9.99908580971915e-09,7.96325432868977e-08,0.00155715729097694,-0.0160995601973758,0.999993500039492,8.16169623576321e-07,1.31411733393311,0.127102067550061
1995.26231496886,9.99905577454091e-09,8.1487417221901e-08,0.00155120160343322,-0.0157333114285308,0.999993500039993,7.97588938973462e-07,1.25499001623451,0.12373380736273
2041.73794466951,9.99906845150935e-09,8.33854972969589e-08,0.00154551395266032,-0.0153753998610711,0.999993500040438,7.79434586366338e-07,1.19852349136804,0.120473925571873
2089.29613085402,9.99906930326584e-09,8.53277898685278e-08,0.00154008232429593,-0.0150256360165597,0.999993500040832,7.61692553981179e-07,1.14459803462977,0.117317842626723
2137.96208950221,9.99905998822413e-09,8.73153247239744e-08,0.001534895261005,-0.014683834718192,0.999993500041181,7.44353621241615e-07,1.09309930724206,0.114261225265294
2187.76162394953,9.99906203650883e-09,8.9349155671381e-08,0.00152994180442958,-0.0143498149975795,0.99999350004149,7.27410213238847e-07,1.04391811444065,0.111299968951059
2238.72113856832,9.99906407998851e-09,9.14303610408812e-08,0.00152521150121143,-0.0140233999967684,0.999993500041761,7.10852480555261e-07,0.99695017391397,0.108430186098858
2290.86765276775,9.999079757354e-09,9.35600443004864e-08,0.00152069436991901,-0.013704416876746,0.999993500042,6.94672591771209e-07,0.952095894972788,0.105648192121539
2344.2288153199,9.99907390125637e-09,9.57393346198709e-08,0.00151638087311586,-0.0133926967276302,0.999993500042209,6.78859515473087e-07,0.909260167609591,0.102950492711804
2398.83291901947,9.99906879237596e-09,9.79693874601784e-08,0.00151226191601382,-0.0130880744778286,0.999993500042391,6.63406447362343e-07,0.868352160830252,0.100333773675909
2454.70891568501,9.99907432382184e-09,1.00251385201991e-07,0.00150832880480352,-0.0127903888100464,0.999993500042549,6.48305831624604e-07,0.829285130378928,0.0977948886560264
2511.88643150955,9.99908272535211e-09,1.02586537799321e-07,0.00150457324178674,-0.0124994820749683,0.999993500042685,6.33549121553315e-07,0.791976234818951,0.09533085002185
2570.39578276884,9.9990700290138e-09,1.04976083329517e-07,0.00150098730420684,-0.0122152002088543,0.999993500042803,6.19126996748067e-07,0.756346360015465,0.0929388192215928
2630.26799189535,9.99907430782006e-09,1.07421288784299e-07,0.0014975634287037,-0.0119373926523975,0.999993500042902,6.0503420462718e-07,0.722319951469617,0.0906160980577845
2691.53480392689,9.99909382545776e-09,1.09923450612726e-07,0.0014942943897661,-0.0116659122722762,0.999993500042986,5.91263098823552e-07,0.689824854243123,0.0883601201139151
2754.22870333814,9.99907397951921e-09,1.12483895472332e-07,0.0014911732947514,-0.0114006152823957,0.999993500043057,5.77803160737249e-07,0.658792159955034,0.0861684436657967
2818.38293126442,9.99908133974078e-09,1.15103980957709e-07,0.00148819355414561,-0.0111413611702479,0.999993500043115,5.64651170692308e-07,0.629156060855624,0.0840387435619012
2884.03150312657,9.99906670477871e-09,1.17785096231948e-07,0.00148534888449246,-0.0108880126206604,0.999993500043163,5.51797333228117e-07,0.600853710213091,0.0819688054470718
2951.20922666635,9.99906853139829e-09,1.2052866288012e-07,0.00148263328284117,-0.0106404354451478,0.9999935000432,5.39236990961933e-07,0.573825089201967,0.0799565187125969
3019.95172040198,9.99907380228177e-09,1.23336135540719e-07,0.00148004101558823,-0.010398498511051,0.999993500043229,5.26962736265859e-07,0.548012879671858,0.077999870666231
3090.29543251356,9.99907492758427e-09,1.26209002776489e-07,0.00147756661335739,-0.01016207367142,0.99999350004325,5.14967657890518e-07,0.523362342594861,0.0760969413439237
3162.27766016834,9.99906541125379e-09,1.29148787813421e-07,0.00147520484817988,-0.00993103569913061,0.999993500043265,5.03245083929637e-07,0.499821202118782,0.0742458977016136
3235.93656929625,9.99907221035241e-09,1.32157049356069e-07,0.00147295073314897,-0.00970526221928549,0.999993500043274,4.91790161683079e-07,0.477339534667774,0.0724449892917628
3311.31121482588,9.9990810613746e-09,1.3523538240981e-07,0.00147079950403212,-0.00948463364587096,0.999993500043277,4.80596076312328e-07,0.455869663170711,0.0706925432788503
3388.44156139199,9.99908044854424e-09,1.38385419148207e-07,0.00146874661284214,-0.00926903311814448,0.999993500043276,4.69656345233112e-07,0.435366055960296,0.0689869603320755
3467.36850452528,9.99908033185986e-09,1.41608829752615e-07,0.00146678771789032,-0.00905834643903812,0.999993500043272,4.58965656263964e-07,0.415785230248888,0.0673267105772151
3548.13389233572,9.9990895649508e-09,1.44907323314236e-07,0.00146491867139223,-0.00885246201545018,0.999993500043263,4.48518736600691e-07,0.397085659967769,0.0657103296702835
3630.78054770097,9.99907847718622e-09,1.48282648729237e-07,0.00146313551655586,-0.00865127079839262,0.999993500043252,4.38308717671095e-07,0.379227687683467,0.0641364155210729
3715.35229097168,9.99908089877882e-09,1.51736595642438e-07,0.00146143447105371,-0.00845466622682841,0.999993500043239,4.28331696911626e-07,0.362173440581035,0.0626036245979399
3801.89396320557,9.99907822741406e-09,1.55270995377127e-07,0.00145981192667449,-0.00826254417012918,0.999993500043223,4.18581565308492e-07,0.345886750108732,0.0611106691462942
3890.45144994276,9.9990754105378e-09,1.58887721903034e-07,0.00145826443660783,-0.00807480287398736,0.999993500043205,4.09053370389477e-07,0.330333075331563,0.0596563140312852
3981.07170553493,9.99906807851662e-09,1.62588692866755e-07,0.00145678870884536,-0.0078913429065976,0.999993500043186,3.99741885783106e-07,0.315479429690256,0.0582393740185206
4073.80277804108,9.9990831164591e-09,1.66375870563201e-07,0.00145538160082982,-0.00771206710586156,0.999993500043165,3.90643237063238e-07,0.301294311047744,0.0568587112526941
4168.69383470331,9.99907694813062e-09,1.70251262990306e-07,0.00145404011024341,-0.00753688052856215,0.999993500043144,3.81750875874643e-07,0.287747634913346,0.0555132327235526
4265.79518801588,9.9990867432501e-09,1.74216924938436e-07,0.00145276137025889,-0.00736569039992372,0.999993500043122,3.73061530488785e-07,0.274810670640199,0.0542018880463882
4365.15832240161,9.99907751801164e-09,1.78274959052038e-07,0.0014515426431063,-0.007198406064669,0.999993500043099,3.64569276945501e-07,0.262455980507124,0.0529236672982667
4466.83592150958,9.9990932409021e-09,1.82427516950273e-07,0.00145038131309387,-0.00703493893936216,0.999993500043076,3.56271227260237e-07,0.250657361547042,0.0516775989544278
4570.8818961487,9.99908358864906e-09,1.86676800364993e-07,0.00144927488091913,-0.00687520246564175,0.999993500043052,3.48161167949542e-07,0.239389789984824,0.0504627479855792
4677.35141287193,9.99908523361313e-09,1.91025062320355e-07,0.00144822095954039,-0.00671911206422439,0.999993500043029,3.40236108184477e-07,0.228629368164812,0.0492782141119087
4786.30092322633,9.9990721670361e-09,1.95474608336715e-07,0.00144721726706006,-0.00656658509062515,0.999993500043005,3.32490954338838e-07,0.218353273889443,0.0481231300486831
4897.78819368441,9.99906836363073e-09,2.00027797603308e-07,0.00144626162337059,-0.00641754079113039,0.999993500042982,3.24922412618352e-07,0.208539712011092,0.0469966599740575
5011.87233627267,9.99906433635046e-09,2.04687044279284e-07,0.00144535194398807,-0.00627190026041256,0.999993500042958,3.17526147644771e-07,0.199167868223549,0.0458979979853713
5128.61383991359,9.99907475294584e-09,2.09454818773935e-07,0.00144448623580778,-0.00612958639973431,0.999993500042935,3.10298693360683e-07,0.190217864919814,0.0448263667012385
5248.07460249767,9.99906304389347e-09,2.1433364900264e-07,0.00144366259224838,-0.0059905238762738,0.999993500042912,3.03235077673202e-07,0.181670719041464,0.0437810159184549
5370.31796370247,9.99908400926273e-09,2.19326121805863e-07,0.0014428791902754,-0.0058546390829536,0.999993500042889,2.96333225932143e-07,0.173508301811734,0.0427612213967382
5495.40873857618,9.99908574829772e-09,2.2443488422591e-07,0.00144213428386149,-0.00572186010007089,0.999993500042867,2.89587908551753e-07,0.165713300307215,0.041766283601011
5623.41325190343,9.99907677502059e-09,2.29662645019613e-07,0.00144142620200637,-0.00559211665673128,0.999993500042846,2.82995829012074e-07,0.158269180726502,0.0407955266445764
5754.3993733715,9.99908500278118e-09,2.35012176011407e-07,0.00144075334471383,-0.0054653400936498,0.999993500042824,2.76554285048912e-07,0.151160153326836,0.0398482972260299
5888.43655355582,9.99907400493972e-09,2.40486313578259e-07,0.00144011417807433,-0.00534146332706785,0.999993500042804,2.70258843710703e-07,0.144371138945799,0.0389239635975775
6025.59586074351,9.99909540305324e-09,2.46087960197039e-07,0.00143950723056888,-0.0052204208132188,0.999993500042783,2.64107566558074e-07,0.137887737021425,0.0380219146216177
6165.95001861475,9.99908913024631e-09,2.51820085929444e-07,0.00143893109189345,-0.00510214851290589,0.999993500042763,2.5809558246349e-07,0.131696195033441,0.037141558940971
6309.57344480186,9.99909306650573e-09,2.57685730011004e-07,0.00143838440701794,-0.00498658385818555,0.999993500042744,2.52220709037211e-07,0.125783379354483,0.0362823240661079
6456.54229034648,9.9990885131843e-09,2.63688002495599e-07,0.00143786587424825,-0.00487366571874113,0.999993500042725,2.46479352526826e-07,0.120136747384883,0.035443655612992
6606.93448007588,9.99908611902862e-09,2.69830085844469e-07,0.00143737424206891,-0.00476333436934224,0.999993500042707,2.40868739813307e-07,0.114744320950437,0.0346250165471002
6760.82975391974,9.99909024019513e-09,2.76115236709507e-07,0.00143690830548882,-0.00465553145820454,0.999993500042689,2.35385994925598e-07,0.109594660901421,0.03382588645362
6918.30970918928,9.99909098342021e-09,2.82546787529203e-07,0.00143646690380619,-0.00455019997565103,0.999993500042672,2.3002797263082e-07,0.104676842844948,0.0330457608778338
7079.45784384129,9.9990907409135e-09,2.89128148395212e-07,0.00143604891776948,-0.00444728422365037,0.999993500042656,2.24791891263992e-07,0.0999804339740943,0.0322841506830369
7244.35960074981,9.99908641336857e-09,2.95862808863401e-07,0.00143565326631979,-0.00434672978618691,0.99999350004264,2.19674908038235e-07,0.0954954709433281,0.0315405814307133
7413.10241300908,9.99908446904866e-09,3.02754339709388e-07,0.00143527890474205,-0.00424848349985054,0.999993500042624,2.14674454901604e-07,0.091212438729968,0.0308145928220752
7585.77575029174,9.99908349818884e-09,3.09806394906131e-07,0.0014349248214545,-0.00415249342552566,0.99999350004261,2.09787847348921e-07,0.0871222504571914,0.0301057381364003
7762.47116628682,9.99908641712539e-09,3.17022713587634e-07,0.00143459003628822,-0.00405870882022598,0.999993500042595,2.05012552780893e-07,0.0832162281149749,0.0294135837279856
7943.28234724272,9.99907616132482e-09,3.24407121894688e-07,0.00143427359767508,-0.00396708010992404,0.999993500042581,2.00345691851126e-07,0.0794860841570255,0.0287377085236588
8128.30516164089,9.99907300612528e-09,3.31963535181445e-07,0.00143397458047746,-0.00387755886278167,0.999993500042567,1.95785205355198e-07,0.0759239039220458,0.0280777035572126
8317.63771102661,9.99907855915549e-09,3.39695959916675e-07,0.00143369208442579,-0.00379009776275102,0.999993500042554,1.9132869624077e-07,0.0725221288423858,0.0274331715368648
8511.38038202366,9.99908046470665e-09,3.47608495966656e-07,0.00143342523112538,-0.00370465058429514,0.999993500042542,1.86973559035473e-07,0.0692735404193819,0.0268037264047181
8709.6358995607,9.99906398494916e-09,3.55705338642154e-07,0.00143317316321127,-0.00362117216688468,0.99999350004253,1.82717220082308e-07,0.066171244905376,0.0261889929570104
8912.50938133734,9.99908978099242e-09,3.63990780988255e-07,0.00143293504160443,-0.00353961839078024,0.999993500042518,1.7855852902629e-07,0.0632086586894704,0.0255886064455076
9120.10839355898,9.99908455327312e-09,3.72469216088078e-07,0.00143271004439235,-0.00345994615274851,0.999993500042507,1.74493949454718e-07,0.0603794943304201,0.0250022122262813
9332.54300796979,9.99909905597061e-09,3.81145139283223e-07,0.00143249736473341,-0.00338211334271216,0.999993500042496,1.70522229564246e-07,0.0576777472260255,0.0244294654060247
9549.92586021424,9.9990821115679e-09,3.90023150692587e-07,0.00143229620974607,-0.00330607882054067,0.999993500042486,1.6664038734245e-07,0.0550976828765315,0.0238700305206097
9772.37220955798,9.99908021626593e-09,3.99107957529954e-07,0.00143210579863954,-0.00323180239369055,0.999993500042476,1.62847158158242e-07,0.0526338247277358,0.023323581214101
9999.99999999987,9.99909480259655e-09,4.08404376678329e-07,0.00143192536175855,-0.00315924479498391,0.999993500042467,1.59140536427774e-07,0.0502809425559037,0.0227897999462527
10232.9299228074,9.99909327903905e-09,4.1791733727814e-07,0.00143175413901606,-0.00308836766117147,0.999993500042458,1.5551803186388e-07,0.04803404138096,0.022268377701757
10471.2854805089,9.99907239015885e-09,4.27651883169733e-07,0.00143159137882982,-0.00301913351179191,0.999993500042449,1.51977691773344e-07,0.0458883508763553,0.0217590137192436
10715.1930523759,9.99908588771221e-09,4.37613175766072e-07,0.0014314363370423,-0.00295150572854481,0.99999350004244,1.48518457637769e-07,0.0438393152569279,0.0212614152305099
10964.7819614317,9.99909086200465e-09,4.47806496661762e-07,0.00143128827599707,-0.00288544853509208,0.999993500042432,1.45137837004945e-07,0.0418825836220467,0.0207752972120812
11220.1845430195,9.99909151504881e-09,4.58237250450244e-07,0.00143114646340292,-0.00282092697746385,0.999993500042424,1.41834105753485e-07,0.0400140007361973,0.0203003821430697
11481.5362149687,9.99906353426426e-09,4.68910967693636e-07,0.00143101017181711,-0.00275790690465304,0.999993500042417,1.386051794788e-07,0.0382295982214081,0.0198363997809414
11748.9755493951,9.99907921216981e-09,4.79833307795441e-07,0.00143087867760448,-0.0026963549499573,0.99999350004241,1.35450352781283e-07,0.0365255861510494,0.0193830869379306
12022.644346174,9.99908617176315e-09,4.91010061859365e-07,0.00143075126066611,-0.00263623851240605,0.999993500042403,1.32367218460086e-07,0.0348983450177639,0.0189401872760578
12302.6877081237,9.9990847209979e-09,5.02447155978358e-07,0.00143062720317565,-0.00257752573918735,0.999993500042396,1.29354153945616e-07,0.0333444180711325,0.0185074510959739
12589.2541179415,9.9990835838454e-09,5.14150654176704e-07,0.00143050578969635,-0.00252018550780673,0.99999350004239,1.26409679544878e-07,0.0318605039916045,0.0180846351514411
12882.4955169312,9.99907950204509e-09,5.26126761921097e-07,0.00143038630646939,-0.00246418740914013,0.999993500042384,1.23532193512335e-07,0.0304434499009931,0.0176715024590044
13182.5673855639,9.9990918871112e-09,5.38381828979473e-07,0.00143026804069776,-0.00240950173095831,0.999993500042378,1.2072040701317e-07,0.0290902446886366,0.0172678221142786
13489.6288259164,9.999083543609e-09,5.5092235319576e-07,0.00143015028059605,-0.00235609944144941,0.999993500042373,1.17972376622905e-07,0.027798012633402,0.0168733691236802
13803.8426460287,9.99908038050436e-09,5.63754983792797e-07,0.00143003231459186,-0.00230395217366502,0.999993500042368,1.15286961010694e-07,0.0265640073194836,0.016487924231295
14125.3754462274,9.99909116834505e-09,5.76886524730758e-07,0.00142991343143879,-0.00225303220984124,0.999993500042363,1.12662830940445e-07,0.0253856058202871,0.0161112737621257
14454.3977074591,9.99909491355916e-09,5.90323938551296e-07,0.00142979291939306,-0.00220331246669745,0.999993500042358,1.10098353051178e-07,0.024260303151195,0.0157432094594829
14791.0838816819,9.99907775194349e-09,6.04074349902506e-07,0.00142967006628112,-0.00215476648057762,0.999993500042353,1.07592023905218e-07,0.0231857069661658,0.0153835283377005
15135.6124843619,9.99908553289563e-09,6.18145049521845e-07,0.00142954415902619,-0.00210736839330393,0.999993500042348,1.05143012256903e-07,0.0221595324970483,0.0150320325333539
15488.1661891246,9.99907193039746e-09,6.32543497788851e-07,0.00142941448323446,-0.00206109293836409,0.999993500042344,1.02749525322863e-07,0.0211795977204055,0.0146885291619389
15848.9319246109,9.99908762609681e-09,6.47277328999496e-07,0.00142928032304843,-0.00201591542726174,0.99999350004234,1.00410818197226e-07,0.020243818739968,0.0143528301818183
16218.1009735891,9.9990896097901e-09,6.62354355224215e-07,0.00142914096052731,-0.00197181173651922,0.999993500042336,9.812520839576e-08,0.0193502053800692,0.014024752257581
16595.8690743754,9.99909730366826e-09,6.77782570512875e-07,0.00142899567539627,-0.00192875829473915,0.999993500042332,9.58916797429328e-08,0.0184968569745592,0.0137041166314948
16982.4365246172,9.99908449334804e-09,6.93570155071987e-07,0.00142884374461404,-0.00188673207007959,0.999993500042329,9.37087985698054e-08,0.0176819583460766,0.0133907489971545
17378.0082874935,9.9990882669024e-09,7.09725479719481e-07,0.00142868444170561,-0.00184571055818142,0.999993500042325,9.15757604532264e-08,0.0169037759674036,0.0130844793749796
17782.794100389,9.99907615551325e-09,7.2625711020069e-07,0.00142851703637389,-0.00180567177014457,0.999993500042322,8.94911332560179e-08,0.0161606542930008,0.0127851419943571
18197.0085860996,9.99909100675397e-09,7.43173811837416e-07,0.00142834079379239,-0.00176659422097991,0.999993500042319,8.74541962554362e-08,0.0154510122571083,0.0124925751766426
18620.8713666284,9.99908238172595e-09,7.60484554065965e-07,0.00142815497398942,-0.00172845691821062,0.999993500042316,8.5463421990381e-08,0.0147733399279915,0.0122066212228418
19054.6071796322,9.99908139858683e-09,7.78198515224982e-07,0.00142795883102984,-0.00169123935083533,0.999993500042313,8.35180287875152e-08,0.0141261953132621,0.0119271263032414
19498.4459975802,9.99909445486069e-09,7.9632508756533e-07,0.00142775161236765,-0.0016549214783311,0.999993500042311,8.16170329231026e-08,0.0135082013068133,0.0116539403521663
19952.6231496885,9.99908336307165e-09,8.14873882037936e-07,0.00142753255773996,-0.00161948372020528,0.999993500042308,7.97591139611951e-08,0.0129180427753203,0.0113869169624686
20417.379446695,9.99908402945378e-09,8.33854733373052e-07,0.00142730089845704,-0.00158490694536116,0.999993500042305,7.79435800678328e-08,0.0123544637720751,0.0111259132868647
20892.9613085401,9.99908658738422e-09,8.53277705575861e-07,0.00142705585624326,-0.00155117246198049,0.999993500042303,7.61693870622148e-08,0.0118162648782252,0.0108707899390267
21379.620895022,9.99909265369973e-09,8.73153096908608e-07,0.00142679664223569,-0.00151826200738976,0.999993500042301,7.44356052936705e-08,0.011302300661513,0.0106214108993673
21877.6162394952,9.99909429597425e-09,8.9349144555273e-07,0.0014265224558027,-0.00148615773819246,0.999993500042298,7.27412560045434e-08,0.0108114772495461,0.01037764342272
22387.2113856831,9.99908544943627e-09,9.14303535159977e-07,0.00142623248338859,-0.00145484222047042,0.999993500042296,7.10853999749943e-08,0.0103427500110502,0.0101393579494536
22908.6765276774,9.99909934345479e-09,9.35600400653325e-07,0.00142592589720184,-0.00142429842021513,0.999993500042294,6.94673952489171e-08,0.00989512134152943,0.00990642801858216
23442.2881531989,9.99909132427336e-09,9.57393333805845e-07,0.00142560185403674,-0.00139450969369894,0.999993500042293,6.78860698360723e-08,0.00946763854668623,0.0096787301848756
23988.3291901946,9.99909369366254e-09,9.7969388968e-07,0.00142525949372263,-0.00136545977827995,0.99999350004229,6.63408099483599e-08,0.00905939182272221,0.00945614393633259
24547.08915685,9.99908464405671e-09,1.00251389209549e-06,0.00142489793789417,-0.00133713278294402,0.999993500042289,6.48306500753391e-08,0.008669512324494,0.00923855161678188
25118.8643150954,9.99910340167129e-09,1.02586544076244e-06,0.00142451628852419,-0.00130951317913296,0.999993500042287,6.33550431619872e-08,0.0082971703214203,0.00902583834959831
25703.9578276883,9.99910191717435e-09,1.04976091680475e-06,0.00142411362642149,-0.00128258579166125,0.999993500042285,6.19128971213797e-08,0.00794157343591778,0.00881789196391201
26302.6799189534,9.99909886526366e-09,1.07421299000432e-06,0.00142368900980541,-0.00125633578959403,0.999993500042284,6.0503569057407e-08,0.00760196495996844,0.00861460292389678
26915.3480392688,9.99908846423886e-09,1.09923462504602e-06,0.0014232414727879,-0.00123074867726563,0.999993500042283,5.91262781805737e-08,0.00727762224753152,0.00841586425994209
27542.2870333813,9.9990894912641e-09,1.12483908895622e-06,0.00142277002392255,-0.00120581028526336,0.999993500042281,5.77804057093779e-08,0.00696785517840681,0.00822157150260622
28183.8293126441,9.99910354090052e-09,1.1510399574588e-06,0.00142227364466133,-0.00118150676155778,0.99999350004228,5.64652424398567e-08,0.00667200469150072,0.00803162261828004
28840.3150312656,9.99910130661382e-09,1.17785112246915e-06,0.0014217512879296,-0.00115782456253862,0.999993500042279,5.51799242726365e-08,0.0063894413830592,0.00784591794770471
29512.0922666634,9.99909304581224e-09,1.20528679989351e-06,0.00142120187662092,-0.00113475044419073,0.999993500042277,5.39238312992959e-08,0.00611956416836918,0.00766436014606804
30199.5172040197,9.9990917448811e-09,1.23336153609599e-06,0.00142062430220753,-0.00111227145318076,0.999993500042277,5.26963681861566e-08,0.00586179900287151,0.00748685412569138
30902.9543251354,9.99909800400082e-09,1.26209021708568e-06,0.00142001742336118,-0.00109037491798257,0.999993500042275,5.14968846361281e-08,0.00561559766080991,0.00731330700057778
31622.7766016833,9.99908691691983e-09,1.29148807501145e-06,0.00141938006455234,-0.00106904844009499,0.999993500042274,5.03246166292867e-08,0.00538043656915128,0.00714362803257364
32359.3656929623,9.99909815765023e-09,1.32157069704375e-06,0.00141871101484614,-0.00104827988507612,0.999993500042273,4.91791437864063e-08,0.00515581569294955,0.00697772858016154
33113.1121482586,9.99911109933287e-09,1.35235403325718e-06,0.00141800902665036,-0.00102805737371587,0.999993500042272,4.80597520057489e-08,0.00494125747155293,0.00681552204848256
33884.4156139197,9.99908969491544e-09,1.38385440556776e-06,0.00141727281460629,-0.00100836927310939,0.999993500042271,4.69656779534741e-08,0.00473630580222882,0.00665692384146331
34673.6850452526,9.99910492317072e-09,1.4160885156711e-06,0.00141650105452578,-0.000989204187769441,0.99999350004227,4.58966785024488e-08,0.00454052506981128,0.00650185131544094
35481.338923357,9.99910738254482e-09,1.449073454729e-06,0.0014156923824842,-0.000970550950638874,0.99999350004227,4.48519535825934e-08,0.00435349921969912,0.00635022373469621
36307.8054770096,9.99910758041897e-09,1.48282671175171e-06,0.00141484539401739,-0.00095239861408451,0.999993500042269,4.38309993408721e-08,0.0041748308727004,0.00620196222851459
37153.5229097167,9.99910542063057e-09,1.51736618306253e-06,0.00141395864337767,-0.000934736440959031,0.999993500042268,4.28332747356812e-08,0.0040041404802517,0.00605698974947574
38018.9396320555,9.99912398722137e-09,1.55271018209557e-06,0.00141303064302278,-0.000917553895493513,0.999993500042267,4.18583480906246e-08,0.00384106551719526,0.00591523103363407
38904.5144994275,9.99911001863571e-09,1.58887744849956e-06,0.00141205986326083,-0.000900840634144895,0.999993500042266,4.0905478617629e-08,0.00368525971103707,0.00577661256209568
39810.7170553491,9.9991066476136e-09,1.62588715874046e-06,0.00141104473195746,-0.000884586496569775,0.999993500042266,3.99743427695158e-08,0.00353639230676718,0.00564106252350542
40738.0277804107,9.99911242396893e-09,1.66375893595472e-06,0.00140998363457168,-0.000868781496338558,0.999993500042265,3.90644382046272e-08,0.00339414736408875,0.00550851077843949
41686.9383470329,9.99910911941617e-09,1.70251286013556e-06,0.00140887491432372,-0.000853415811714795,0.999993500042265,3.81752104129662e-08,0.00325822308696507,0.00537888882474743
42657.9518801586,9.99911767427665e-09,1.74216947917971e-06,0.00140771687254779,-0.000838479776455658,0.999993500042264,3.73062684511788e-08,0.00312833118384139,0.00525212976397148
43651.5832240159,9.9991147852591e-09,1.78274981965654e-06,0.00140650776941134,-0.00082396387036435,0.999993500042263,3.64570635720193e-08,0.00300419625617307,0.00512816826941144
44668.3592150956,9.99912678271108e-09,1.82427539763275e-06,0.00140524582475173,-0.00080985871003936,0.999993500042263,3.5627242236675e-08,0.00288555521567559,0.00500694055475629
45708.8189614868,9.99912144697506e-09,1.86676823049625e-06,0.00140392921928794,-0.000796155039434115,0.999993500042262,3.48162486150244e-08,0.00277215672757213,0.00488838434414786
46773.5141287191,9.99911392979771e-09,1.91025084872454e-06,0.00140255609609894,-0.000782843720447244,0.999993500042262,3.40237084621615e-08,0.0026637606794895,0.00477243884313489
47863.0092322631,9.99913456878577e-09,1.95474630709791e-06,0.0014011245624397,-0.000769915723468217,0.999993500042261,3.32493029333095e-08,0.00256013767457692,0.00465904471065792
48977.8819368439,9.99911678810859e-09,2.00027819780013e-06,0.00139963269185532,-0.000757362118000339,0.999993500042261,3.24923986184771e-08,0.00246106854816084,0.00454814403181079
50118.7233627264,9.99913032032565e-09,2.04687066263087e-06,0.00139807852677145,-0.000745174063091298,0.99999350004226,3.17528243004572e-08,0.00236634390597934,0.00443968029185264
51286.1383991357,9.99913119965431e-09,2.09454840521817e-06,0.00139646008133062,-0.000733342798047739,0.99999350004226,3.10300445056748e-08,0.00227576368456133,0.00433359835058324
52480.7460249764,9.99912962197616e-09,2.14333670522926e-06,0.00139477534475961,-0.000721859632974196,0.99999350004226,3.03237096743389e-08,0.00218913673124364,0.0042298444179042
53703.1796370244,9.99913710915161e-09,2.1932614307496e-06,0.00139302228513062,-0.00071071593944891,0.999993500042259,2.96334799602428e-08,0.00210628040391691,0.00412836602998561
54954.0873857616,9.99912967132565e-09,2.24434905238269e-06,0.00139119885356877,-0.000699903141310201,0.999993500042259,2.89589180625834e-08,0.00202702018947412,0.00402911202609863
56234.132519034,9.99915740529909e-09,2.29662665757191e-06,0.00138930298896817,-0.000689412705503117,0.999993500042259,2.82998111026007e-08,0.00195118933992694,0.00393203252618481
57543.9937337148,9.99915483748172e-09,2.35012196475593e-06,0.00138733262321451,-0.000679236133060781,0.999993500042258,2.76556216534211e-08,0.00187862852556774,0.00383707890903423
58884.365535558,9.99914859305749e-09,2.4048633375795e-06,0.00138528568689617,-0.000669364950334013,0.999993500042258,2.7026085970723e-08,0.00180918550466147,0.00374420379091697
60255.9586074348,9.99915647665976e-09,2.46087980082521e-06,0.00138316011562332,-0.00065979070030358,0.999993500042258,2.6410917970416e-08,0.00174271480839774,0.00365336100489565
61659.5001861472,9.99914109178181e-09,2.5182010551239e-06,0.00138095385684477,-0.000650504934275543,0.999993500042258,2.58096923689936e-08,0.00167907744115774,0.00356450558040756
63095.7344480183,9.99917002051432e-09,2.57685749316394e-06,0.00137866487729955,-0.000641499203754415,0.999993500042257,2.5222265015272e-08,0.00161814059476784,0.00347759372339467
64565.4229034645,9.99915376048165e-09,2.63688021479025e-06,0.00137629117101287,-0.000632765052755465,0.999993500042257,2.46480960884587e-08,0.00155977737669914,0.00339258279664545
66069.3448007586,9.99915223842676e-09,2.69830104537849e-06,0.00137383076791239,-0.000624294010469182,0.999993500042257,2.40870332568477e-08,0.00150386655124954,0.00330943130046723
67608.2975391971,9.99916399998786e-09,2.76115255104514e-06,0.00137128174306589,-0.000616077584338684,0.999993500042256,2.35387731285785e-08,0.00145029229317257,0.00322809885360705
69183.0970918925,9.99915639019514e-09,2.82546805613348e-06,0.00136864222647623,-0.00060810725375156,0.999993500042256,2.30029477306382e-08,0.00139894395355047,0.00314854617420007
70794.5784384127,9.99916657073421e-09,2.89128166186536e-06,0.00136591041352585,-0.000600374464197031,0.999993500042256,2.2479359601188e-08,0.00134971583687345,0.00307073506091222
72443.5960074979,9.99916896701805e-09,2.95862826338311e-06,0.00136308457597919,-0.000592870622131433,0.999993500042256,2.19676721700465e-08,0.00130250698925021,0.00299462837401052
74131.0241300906,9.99919267828968e-09,3.02754356884538e-06,0.0013601630735638,-0.000585587090539168,0.999993500042255,2.14676778090284e-08,0.00125722099706268,0.00292019001638039
75857.7575029172,9.99918212382442e-09,3.09806411796787e-06,0.00135714436610391,-0.000578515185263477,0.999993500042255,2.09789916584546e-08,0.00121376579560588,0.00284738491440969
77624.7116628679,9.99917707536404e-09,3.17022730139671e-06,0.00135402702617029,-0.000571646172189631,0.999993500042255,2.05014411558402e-08,0.00117205348727963,0.00277617899865393
79432.8234724269,9.99920956883567e-09,3.24407138180272e-06,0.00135080975219764,-0.000564971265375051,0.999993500042255,2.00348364860076e-08,0.00113200016892935,0.00270653918419028
81283.0516164086,9.99920948045874e-09,3.31963551125636e-06,0.00134749138204926,-0.000558481626132773,0.999993500042255,1.95787877568451e-08,0.00109352576776396,0.00263843335064423
83176.3771102658,9.99920746947151e-09,3.39695975581922e-06,0.0013440709069209,-0.000552168363259826,0.999993500042255,1.91331162892328e-08,0.0010565538856695,0.00257183032171362
85113.8038202363,9.99920921005609e-09,3.47608511319652e-06,0.00134054748558419,-0.000546022534319388,0.999993500042255,1.86975966454464e-08,0.00102101165117747,0.00250669984425498
87096.3589956067,9.99920168611164e-09,3.55705353694003e-06,0.00133692045882352,-0.000540035148208942,0.999993500042255,1.82719736355197e-08,0.000986829579008612,0.00244301256672717
89125.0938133731,9.99921663499839e-09,3.63990795770874e-06,0.0013331893640364,-0.000534197168938917,0.999993500042254,1.78560794318952e-08,0.00095394143652018,0.00238074001703992
91201.0839355895,9.9992360903891e-09,3.7246923056955e-06,0.00132935394985218,-0.000528499520795743,0.999993500042254,1.74496593927792e-08,0.000922284116883361,0.00231985457965755
93325.4300796976,9.99925016752462e-09,3.81145153516282e-06,0.00132541419070259,-0.000522933094839081,0.999993500042254,1.70524806584332e-08,0.000891797518413883,0.00226032947198119
95499.258602142,9.99924806355944e-09,3.90023164631437e-06,0.00132137030119948,-0.000517488756843589,0.999993500042254,1.66643153026724e-08,0.000862424429798554,0.0022021387199126
97723.7220955795,9.99925825663512e-09,3.99107971182922e-06,0.00131722275020768,-0.000512157356681908,0.999993500042254,1.6285005776176e-08,0.000834110420774608,0.00214525713258865
99999.9999999984,9.99926053181545e-09,4.08404390095374e-06,0.00131297227445975,-0.000506929739217702,0.999993500042254,1.59143174090215e-08,0.000806803737967841,0.00208966027622882
102329.299228074,9.99926352844078e-09,4.17917350403751e-06,0.00130861989161081,-0.000501796756613177,0.999993500042254,1.55520679789162e-08,0.000780455205350976,0.00203532444714623
104712.854805088,9.99928609760669e-09,4.27651896017789e-06,0.0013041669125313,-0.000496749282183133,0.999993500042254,1.51980939951113e-08,0.000755018129187274,0.001982226643831
107151.930523759,9.99928889758648e-09,4.37613188353225e-06,0.00129961495272934,-0.000491778225658973,0.999993500042253,1.48521472984747e-08,0.00073044820691525,0.00193034453818965
109647.819614317,9.9992935277066e-09,4.47806508985238e-06,0.001294965942725,-0.000486874549878475,0.999993500042253,1.4514077871855e-08,0.000706703439716035,0.00187965644593109
112201.845430195,9.99931789974144e-09,4.58237262523919e-06,0.00129022213722627,-0.0004820292888265,0.999993500042253,1.41837316952262e-08,0.000683744048394797,0.00183014129615101
114815.362149686,9.99930942907356e-09,4.68910979545267e-06,0.00128538612293558,-0.000477233566990839,0.999993500042253,1.38608588027417e-08,0.00066153239230258,0.00178177860015123
117489.755493951,9.99933740677725e-09,4.7983331936674e-06,0.00128046082487367,-0.000472478619830942,0.999993500042253,1.35453850358402e-08,0.000640032890826829,0.00173454841962508
120226.443461739,9.99934417438478e-09,4.91010073211395e-06,0.00127544951100749,-0.000467755815422716,0.999993500042253,1.32370633881135e-08,0.000619211947396556,0.0016884313342063
123026.877081236,9.99934647066696e-09,5.02447167050057e-06,0.00127035579512036,-0.000463056676937607,0.999993500042253,1.29357540096242e-08,0.000599037875420209,0.00164340840859788
125892.541179415,9.99936807744971e-09,5.14150665031909e-06,0.00126518363773056,-0.00045837290598064,0.999993500042253,1.26413276149012e-08,0.000579480826129707,0.00159946115931393
128824.955169311,9.99937023384022e-09,5.26126772504298e-06,0.00125993734497608,-0.000453696406530317,0.999993500042253,1.23535785316597e-08,0.000560512717954599,0.00155657152122022
131825.673855639,9.99940368762403e-09,5.38381839410018e-06,0.00125462156537253,-0.000449019309278759,0.999993500042252,1.20724171423503e-08,0.000542107167179608,0.00151472181403296
134896.288259163,9.99940486031055e-09,5.50922363373729e-06,0.00124924128434098,-0.000444333996235051,0.999993500042253,1.17976167619826e-08,0.000524239419758685,0.00147389470891413
138038.426460286,9.99942617928289e-09,5.6375499378758e-06,0.00124380181646952,-0.000439633125316764,0.999993500042252,1.15290947986374e-08,0.00050688628402492,0.00143407319537039
141253.754462273,9.99943978936788e-09,5.76886534497945e-06,0.00123830879545906,-0.000434909654744765,0.999993500042253,1.12666758960572e-08,0.000490026064188659,0.0013952405486264
144543.97707459,9.99947926091514e-09,5.90323948113092e-06,0.00123276816175503,-0.000430156866976434,0.999993500042252,1.10102585035299e-08,0.000473638494455521,0.00135738029768182
147910.838816818,9.99947679040919e-09,6.04074359245033e-06,0.0012271861478767,-0.000425368391954532,0.999993500042253,1.07596317636821e-08,0.000457704673681539,0.00132047619424541
151356.124843618,9.99949574967698e-09,6.18145058661757e-06,0.0012215692614821,-0.000420538229452354,0.999993500042252,1.05147325794169e-08,0.000442207000513583,0.00128451218274032
154881.661891246,9.99952430360758e-09,6.32543506740024e-06,0.00121592426626161,-0.000415660770220868,0.999993500042252,1.02754173867542e-08,0.000427129108909536,0.00124947237160205
158489.319246109,9.9995369566412e-09,6.47277337761931e-06,0.00121025816073801,-0.000410730815774927,0.999993500042252,1.00415330373666e-08,0.000412455804098933,0.00121534100603747
162181.00973589,9.99956488208319e-09,6.62354363800688e-06,0.00120457815511874,-0.000405743596549603,0.999993500042252,9.81298724396507e-09,0.000398172998946759,0.00118210244244914
165958.690743753,9.99959218937045e-09,6.77782578861752e-06,0.00119889164634909,-0.000400694788239909,0.999993500042252,9.58964257134765e-09,0.000384267650785514,0.00114974112469142
169824.365246172,9.9996192423704e-09,6.93570163279311e-06,0.00119320619154332,-0.000395580526143859,0.999993500042252,9.37138100974566e-09,0.000370727698792958,0.00111824156231466
173780.082874935,9.99962606128716e-09,7.09725487713087e-06,0.00118752948000975,-0.000390397417302837,0.999993500042252,9.15806857952617e-09,0.000357542001972528,0.00108758831095115
177827.941003889,9.99964656329889e-09,7.26257118044416e-06,0.00118186930407586,-0.000385142550343293,0.999993500042252,8.94962383715669e-09,0.000344700277898475,0.00105776595494708
181970.085860995,9.9996944905576e-09,7.43173819506282e-06,0.00117623352896152,-0.000379813502877319,0.999993500042252,8.74594744543211e-09,0.000332193042334164,0.00102875909234692
186208.713666284,9.99971177340003e-09,7.60484561523889e-06,0.00117063006196197,-0.000374408346343521,0.999993500042252,8.54688014806371e-09,0.000320011549847376,0.00100055232231033
190546.071796322,9.99973216090006e-09,7.78198522533025e-06,0.00116506682117739,-0.000368925648305665,0.999993500042252,8.35234643253857e-09,0.000308147735650996,0.000973130234985626
194984.459975801,9.99978154842251e-09,7.96325094754025e-06,0.00115955170408033,-0.000363364472104613,0.999993500042252,8.16226412847509e-09,0.000296594158768363,0.000946477403880895
199526.231496885,9.99981842400069e-09,8.14873889032341e-06,0.0011540925561772,-0.000357724373901579,0.999993500042252,7.97649772794895e-09,0.000285343946727018,0.000920578380712963
204173.79446695,9.99984972573382e-09,8.33854740212026e-06,0.00114869714002415,-0.000352005397157593,0.999993500042252,7.79495487254755e-09,0.000274390741960401,0.000895417692694936
208929.6130854,9.99987900819823e-09,8.53277712331568e-06,0.00114337310486056,-0.000346208064591438,0.999993500042252,7.61754234343548e-09,0.000263728650066867,0.000870979842204103
213796.20895022,9.99990415050443e-09,8.73153103420066e-06,0.00113812795709677,-0.000340333367733415,0.999993500042252,7.44416462673814e-09,0.000253352190105937,0.000847249308734039
218776.162394952,9.99994786485339e-09,8.93491451958717e-06,0.00113296903189043,-0.000334382754176025,0.999993500042252,7.27474655341787e-09,0.000243256247066452,0.000824210553021213
223872.11385683,9.9999977647951e-09,9.14303541410533e-06,0.0011279034660128,-0.000328358112693721,0.999993500042252,7.10918857983744e-09,0.000233436026663653,0.000801848023203187
229086.765276773,1.00000534022558e-08,9.35600406792858e-06,0.0011229381722012,-0.000322261756368506,0.999993500042252,6.94740234438718e-09,0.000223887012562938,0.000780146162858756
234422.881531988,1.00000865973795e-08,9.57393339851009e-06,0.00111807981514948,-0.000316096403944809,0.999993500042252,6.78928269680357e-09,0.000214604926160009,0.000759089420748504
239883.291901945,1.00001241344318e-08,9.7969389545316e-06,0.00111333478928745,-0.000309865159563779,0.999993500042252,6.63476465954937e-09,0.000205585688963669,0.000738662262079102
245470.891568499,1.00001830877352e-08,1.002513897852e-05,0.00110870919844029,-0.000303571491152461,0.999993500042252,6.48377720090243e-09,0.000196825387686383,0.000718849181080947
251188.643150954,1.00002292058951e-08,1.02586544634686e-05,0.00110420883746995,-0.00029721920761234,0.999993500042252,6.33621763390657e-09,0.000188320242029941,0.00069963471470916
257039.578276882,1.00002843568152e-08,1.04976092225595e-05,0.00109983917593633,-0.00029081243508369,0.999993500042252,6.19202186052936e-09,0.000180066575219412,0.000681003457249007
263026.799189534,1.00003466605155e-08,1.07421299533339e-05,0.00109560534381552,-0.000284355592464932,0.999993500042252,6.05111193444086e-09,0.000172060787250835,0.000662940075625091
269153.480392687,1.00004008730291e-08,1.09923463034178e-05,0.00109151211926842,-0.000277853366427911,0.999993500042252,5.91340386726924e-09,0.000164299330839815,0.000645429325204447
275422.870333812,1.00004661395449e-08,1.124839094091e-05,0.00108756391844496,-0.000271310686099882,0.999993500042252,5.77883607633112e-09,0.000156778689998093,0.000628456065900121
281838.29312644,1.00005335769556e-08,1.1510399624326e-05,0.00108376478727039,-0.000264732697634917,0.999993500042252,5.64733178970434e-09,0.000149495361184816,0.000612005278380098
288403.150312656,1.00005985006888e-08,1.17785112736524e-05,0.00108011839515394,-0.000258124738832607,0.999993500042252,5.51881865207271e-09,0.000142445836929927,0.000596062080205686
295120.922666633,1.00006536526717e-08,1.20528680460641e-05,0.00107662803053658,-0.000251492313970281,0.999993500042252,5.39322474527038e-09,0.000135626591826573,0.000580611741732544
301995.172040196,1.00007471653415e-08,1.2333615408977e-05,0.00107329659817893,-0.000244841069005441,0.999993500042251,5.27050924431505e-09,0.000129034070779559,0.000565639701621308
309029.543251354,1.00008073737709e-08,1.26209022164314e-05,0.00107012661808861,-0.000238176767248413,0.999993500042252,5.15056881519871e-09,0.000122664679364978,0.000551131581825772
316227.766016832,1.00009072636921e-08,1.2914880795023e-05,0.0010671202259662,-0.000231505265637108,0.999993500042252,5.03337782911673e-09,0.000116514776175558,0.00053707320193642
323593.656929623,1.0000994750055e-08,1.32157070136252e-05,0.00106427917505374,-0.00022483249168646,0.999993500042252,4.91884719067137e-09,0.000110580666997901,0.000523450592779715
331131.121482585,1.00010840298482e-08,1.35235403750933e-05,0.00106160483926263,-0.000218164421188278,0.999993500042252,4.80692347037959e-09,0.000104858600675874,0.000510250009188007
338844.156139197,1.00011882708631e-08,1.38385440964228e-05,0.00105909821746297,-0.000211507056700368,0.999993500042252,4.69755349549739e-09,9.9344766503374e-05,0.000497457941874029
346736.850452526,1.00012758837808e-08,1.41608851977892e-05,0.00105675993881366,-0.000204866406874227,0.999993500042252,4.59066433824984e-09,9.40352930037732e-05,0.000485061128357658
354813.389233569,1.00013930366157e-08,1.44907345878131e-05,0.00105459026902509,-0.000198248466623519,0.999993500042251,4.48622061027804e-09,8.89262479402975e-05,0.000473046562911597
363078.054770095,1.00014870495499e-08,1.48282671559308e-05,0.00105258911744783,-0.000191659198150366,0.999993500042252,4.38414297226908e-09,8.40136394196972e-05,0.000461401505504474
371535.229097166,1.00015992023117e-08,1.51736618687615e-05,0.00105075604489523,-0.000185104512807005,0.999993500042252,4.28439573749162e-09,7.92934179443514e-05,0.000450113489735934
380189.396320554,1.00017107761147e-08,1.5527101857149e-05,0.00104909027211221,-0.000178590253791512,0.999993500042252,4.18691769102364e-09,7.47614792891018e-05,0.000439170329767696
389045.144994274,1.00018488216734e-08,1.58887745209668e-05,0.00104759068881906,-0.000172122179639977,0.999993500042252,4.09166828196916e-09,7.04136680740657e-05,0.000428560126267738
398107.17055349,1.00019736096414e-08,1.62588716232648e-05,0.00104625586326737,-0.000165705948488374,0.999993500042252,3.99858042857137e-09,6.62457819209571e-05,0.000418271271392502
407380.277804106,1.00021078282564e-08,1.66375893941861e-05,0.00104508405225633,-0.0001593471030785,0.999993500042252,3.90761406218743e-09,6.22535760911632e-05,0.000408292452839571
416869.383470328,1.00022513667514e-08,1.70251286362166e-05,0.00104407321157198,-0.000153051056461457,0.999993500042251,3.8187207077045e-09,5.84327685053212e-05,0.00039861265701068
426579.518801585,1.00024018327826e-08,1.7421694825881e-05,0.0010432210068193,-0.000146823078373794,0.999993500042252,3.73185215021832e-09,5.47790450624684e-05,0.000389221171328254
436515.832240158,1.00025466777373e-08,1.78274982283178e-05,0.00104252482462786,-0.000140668282258355,0.999993500042252,3.64695763518941e-09,5.12880651837294e-05,0.000380107585752467
446683.592150955,1.00027210852032e-08,1.82427540074137e-05,0.00104198178422182,-0.000134591612893983,0.999993500042252,3.56400488635278e-09,4.79554675103201e-05,0.000371261793548423
457088.189614867,1.00029010924983e-08,1.86676823354937e-05,0.00104158874934889,-0.000128597834628998,0.999993500042252,3.48294090790624e-09,4.47768757039296e-05,0.000362673991352649
467735.14128719,1.00030736727447e-08,1.91025085167773e-05,0.00104134234057263,-0.000122691520187982,0.999993500042251,3.40371821699881e-09,4.17479042939533e-05,0.000354334678589517
478630.09232263,1.00032705343623e-08,1.95474630997339e-05,0.00104123894793173,-0.000116877040067281,0.999993500042252,3.32630559207736e-09,3.88641645375665e-05,0.000346234656285325
489778.819368438,1.00034697887109e-08,2.00027820080884e-05,0.00104127474397652,-0.000111158552503126,0.999993500042251,3.25065438108729e-09,3.61212702513869e-05,0.000338365025327777
501187.233627263,1.00036758270634e-08,2.04687066531761e-05,0.00104144569719041,-0.0001055399940338,0.999993500042252,3.17672588234785e-09,3.35148435900917e-05,0.000330717184214849
512861.383991356,1.00038752802418e-08,2.09454840791601e-05,0.00104174758580321,-0.000100025070675787,0.999993500042252,3.10447666879154e-09,3.1040520749045e-05,0.000323282826334656
524807.460249763,1.00041081904191e-08,2.14333670784939e-05,0.00104217601200139,-9.46172497339273e-05,0.999993500042252,3.03388078548572e-09,2.8693957570169e-05,0.000316053936814999
537031.796370243,1.00043579253074e-08,2.19326143331422e-05,0.00104272641653453,-8.93197522819345e-05,0.999993500042251,2.96489523904375e-09,2.64708350371359e-05,0.000309022788977575
549540.873857615,1.00045842597401e-08,2.24434905486959e-05,0.00104339409371111,-8.41355463595197e-05,0.999993500042252,2.89747153353614e-09,2.43668646498611e-05,0.000302181940428399
562341.325190339,1.00048607101155e-08,2.29662666004771e-05,0.00104417420677103,-7.90673409194966e-05,0.999993500042252,2.83159527075805e-09,2.23777936651029e-05,0.000295524228813201
575439.937337147,1.00051372879282e-08,2.35012196729833e-05,0.00104506180361278,-7.41175805788921e-05,0.999993500042251,2.76721678904579e-09,2.04994101968825e-05,0.000289042767262878
588843.655355579,1.0005416144618e-08,2.4048633400664e-05,0.00104605183284519,-6.9288441218441e-05,0.999993500042251,2.70430261517518e-09,1.87275481679224e-05,0.000282730939551545
602559.586074347,1.00057225770863e-08,2.4608798032677e-05,0.00104713916012352,-6.45818264866016e-05,0.999993500042252,2.64282611073252e-09,1.7058092107056e-05,0.000276582394986893
616595.001861471,1.00060303850683e-08,2.51820105741096e-05,0.00104831858472165,-5.99993652479415e-05,0.999993500042252,2.58274749503906e-09,1.54869817834355e-05,0.000270591043050712
630957.344480182,1.00063573943889e-08,2.57685749529557e-05,0.00104958485628168,-5.55424100262013e-05,0.999993500042252,2.52403947048618e-09,1.40102166719203e-05,0.000264751047805375
645654.229034644,1.00066818178386e-08,2.6368802170218e-05,0.0010509326916745,-5.12120364733053e-05,0.999993500042252,2.46666528869177e-09,1.26238602397377e-05,0.000259056822080991
660693.448007584,1.00070539860545e-08,2.69830104766555e-05,0.00105235679189602,-4.70090439062833e-05,0.999993500042251,2.41060678363159e-09,1.13240440483724e-05,0.00025350302145672
676082.97539197,1.00074214762272e-08,2.76115255299914e-05,0.00105385185891732,-4.29339569305691e-05,0.999993500042252,2.3558211839636e-09,1.01069716598514e-05,0.000248084538049538
691830.970918924,1.00078293754986e-08,2.8254680581874e-05,0.00105541261240084,-3.89870281688977e-05,0.999993500042251,2.30228998365778e-09,8.96892233850311e-06,0.00024279649412343
707945.784384125,1.00082322668723e-08,2.89128166395258e-05,0.00105703380619056,-3.51682420973711e-05,0.999993500042251,2.2499740404136e-09,7.9062545368758e-06,0.000237634235532346
724435.960074977,1.00086596882643e-08,2.9586282653149e-05,0.00105871024448087,-3.14773199861025e-05,0.999993500042252,2.19885228081029e-09,6.91540915577276e-06,0.000232593325010703
741310.241300904,1.00091008470375e-08,3.02754357068835e-05,0.00106043679756758,-2.79137259276848e-05,0.999993500042252,2.14889500638193e-09,5.99291256749297e-06,0.000227669535326052
758577.57502917,1.00095862821597e-08,3.09806411973312e-05,0.00106220841708527,-2.44766739255606e-05,0.999993500042251,2.10008203188616e-09,5.1353793915562e-06,0.000222858842309487
776247.116628678,1.00100895861239e-08,3.1702273033396e-05,0.0010640201506369,-2.11651360005091e-05,0.999993500042251,2.05238152167775e-09,4.33951501207908e-06,0.000218157417780466
794328.234724267,1.00106141122505e-08,3.24407138343474e-05,0.00106586715572563,-1.79778512645229e-05,0.999993500042251,2.00576871084435e-09,3.60211782716363e-06,0.000213561622383874
812830.516164085,1.00111518993441e-08,3.31963551332137e-05,0.0010677447129042,-1.49133359012833e-05,0.999993500042251,1.9602171413835e-09,2.92008122170442e-06,0.000209067998358264
831763.771102656,1.00116983256215e-08,3.39695975757337e-05,0.00106964823806367,-1.19698939836448e-05,0.999993500042251,1.91570170837707e-09,2.29039525640495e-06,0.000204673262255321
851138.038202361,1.00123183300626e-08,3.4760851150395e-05,0.00107157329379225,-9.14562904218279e-06,0.999993500042251,1.87221094877232e-09,1.71014806578545e-06,0.000200374297631557
870963.589956065,1.00129386583532e-08,3.55705353873859e-05,0.00107351559974349,-6.43845629962113e-06,0.999993500042251,1.82970757989231e-09,1.17652696138256e-06,0.000196168147734002
891250.938133729,1.00135839392362e-08,3.63990795930747e-05,0.00107547104196374,-3.84611548239252e-06,0.999993500042251,1.78817358142957e-09,6.86819238593823e-07,0.000192052008202248
912010.839355893,1.00142693122918e-08,3.72469230729422e-05,0.00107743568113954,-1.36618409734744e-06,0.999993500042251,1.7475893857033e-09,2.3841268423953e-07,0.000188023219809589
933254.300796974,1.0014986684231e-08,3.81145153642848e-05,0.00107940575973711,1.00390891410552e-06,0.999993500042252,1.70793173354111e-09,-1.71204210853853e-07,0.000184079261265999
954992.586021419,1.0015747145373e-08,3.90023164760223e-05,0.00108137770801751,3.26686925962625e-06,0.999993500042252,1.66918119604009e-09,-5.44442332553163e-07,0.000180217742105603
977237.220955793,1.00165350906286e-08,3.99107971347235e-05,0.00108334814892269,5.4255232157221e-06,0.999993500042251,1.63131431973884e-09,-8.83612310424952e-07,0.000176436395680737
999999.999999982,1.00173342020496e-08,4.0840439022638e-05,0.00108531390183904,7.48280348743174e-06,0.999993500042252,1.59430825485973e-09,-1.19092516321006e-06,0.000172733072284038
1023292.99228074,1.00181981027069e-08,4.17917350530317e-05,0.00108727198525584,9.44173511086854e-06,0.999993500042252,1.55815173263907e-09,-1.46849321318012e-06,0.000169105732418943
1047128.54805088,1.00190979174228e-08,4.27651896153236e-05,0.00108921961834639,1.13054214897743e-05,0.999993500042252,1.52282063348164e-09,-1.71833125663908e-06,0.000165552440237807
1071519.30523759,1.00200518445822e-08,4.37613188468689e-05,0.00109115422150884,1.30770306647825e-05,0.999993500042252,1.48829869262013e-09,-1.94235797814483e-06,0.000162071357165343
1096478.19614316,1.00210208246161e-08,4.47806509091819e-05,0.00109307341591282,1.47597818905826e-05,0.999993500042252,1.45456152678136e-09,-2.14239759176911e-06,0.000158660735723516
1122018.45430194,1.00220701231441e-08,4.58237262641603e-05,0.00109497502210484,1.63569326077642e-05,0.999993500042252,1.42160050398132e-09,-2.32018169430761e-06,0.000155318913572206
1148153.62149686,1.00231461962194e-08,4.68910979689596e-05,0.00109685705773259,1.7871765872653e-05,0.999993500042251,1.38939008909045e-09,-2.47735131184407e-06,0.000152044307778069
1174897.55493951,1.00242727899305e-08,4.7983331951329e-05,0.00109871773445296,1.93075783156029e-05,0.999993500042251,1.3579163210542e-09,-2.61545912249372e-06,0.000148835409322066
1202264.43461739,1.00254768624523e-08,4.91010073311315e-05,0.00110055545409352,2.06676686694095e-05,0.999993500042252,1.32716576617398e-09,-2.73597183465618e-06,0.000145690777854102
1230268.77081236,1.00267132707042e-08,5.02447167169962e-05,0.00110236880413952,2.19553269243939e-05,0.999993500042251,1.29711573426672e-09,-2.84027270310093e-06,0.000142609036701189
1258925.41179414,1.00280168999283e-08,5.14150665154034e-05,0.00110415655262091,2.31738241414217e-05,0.999993500042251,1.26775458186845e-09,-2.92966416270311e-06,0.000139588868133563
1288249.55169311,1.00293784072735e-08,5.26126772619762e-05,0.00110591764247484,2.43264029469459e-05,0.999993500042251,1.23906516991123e-09,-3.00537056004659e-06,0.000136629008891234
1318256.73855638,1.00307981505893e-08,5.38381839465529e-05,0.00110765118545847,2.54162687391803e-05,0.999993500042252,1.21103201078387e-09,-3.06854096511e-06,0.000133728245971544
1348962.88259163,1.00323152038576e-08,5.50922363498074e-05,0.00110935645568679,2.64465816067246e-05,0.999993500042252,1.18364454348985e-09,-3.12025204318957e-06,0.000130885412676627
1380384.26460286,1.00338622044495e-08,5.63754993851973e-05,0.00111103288286761,2.7420448971211e-05,0.999993500042252,1.15687986967927e-09,-3.16151097015212e-06,0.000128099384917932
1412537.54462273,1.003550408311e-08,5.76886534577881e-05,0.00111268004530388,2.83409189486184e-05,0.999993500042252,1.13073106433603e-09,-3.19325837363431e-06,0.000125369077773522
1445439.7707459,1.0037216209059e-08,5.90323948177485e-05,0.0011142976627304,2.9210974419354e-05,0.999993500042252,1.10518100226997e-09,-3.21637128399477e-06,0.000122693442292494
1479108.38816818,1.00390216097289e-08,6.04074359333851e-05,0.00111588558904813,3.00335277938869e-05,0.999993500042252,1.08021827593951e-09,-3.2316660801341e-06,0.000120071462539653
1513561.24843618,1.00408997299085e-08,6.1814505873059e-05,0.00111744380501573,3.08114164561187e-05,0.999993500042252,1.05582699527762e-09,-3.23990141642493e-06,0.00011750215287252
1548816.61891245,1.00428882671759e-08,6.32543506853267e-05,0.00111897241095345,3.15473988557622e-05,0.999993500042251,1.03199777889973e-09,-3.24178111745195e-06,0.000114984555441914
1584893.19246108,1.00449370231088e-08,6.47277337861851e-05,0.00112047161951018,3.2244151225194e-05,0.999993500042251,1.00871237751487e-09,-3.23795702934615e-06,0.000112517737906559
1621810.0973589,1.00470877425087e-08,6.62354363889506e-05,0.00112194174853982,3.29042648912563e-05,0.999993500042251,9.85962339550284e-10,-3.22903181745923e-06,0.000110100791351629
1659586.90743753,1.00493670901626e-08,6.77782578968333e-05,0.00112338321412861,3.35302441453357e-05,0.999993500042251,9.6373768687652e-10,-3.21556170086208e-06,0.000107732828400709
1698243.65246171,1.00517518675506e-08,6.93570163381452e-05,0.00112479652381035,3.41245046367712e-05,0.999993500042251,9.42023833938599e-10,-3.19805911574098e-06,0.000105412981510339
1737800.82874934,1.00542382987148e-08,7.09725487819668e-05,0.00112618227000203,3.46893722562202e-05,0.999993500042251,9.20808471138734e-10,-3.17699530118514e-06,0.000103140401436146
1778279.41003889,1.00568182949814e-08,7.26257118088824e-05,0.00112754112368814,3.52270824681049e-05,0.999993500042252,9.00079219490202e-10,-3.1528028013225e-06,0.000100914255859507
1819700.85860995,1.00595487090068e-08,7.43173819550691e-05,0.00112887382837735,3.57397800535616e-05,0.999993500042252,8.79829722966186e-10,-3.12587787911832e-06,9.87337281637445e-05
1862087.13666283,1.00623947040058e-08,7.60484561617147e-05,0.00113018119435177,3.6229519229452e-05,0.999993500042251,8.60045604178516e-10,-3.09658283851527e-06,9.65980163489827e-05
1905460.71796321,1.00653743600877e-08,7.78198522635165e-05,0.00113146409322491,3.66982640993317e-05,0.999993500042251,8.40717453987061e-10,-3.0652482516374e-06,9.45063320750181e-05
1949844.59975801,1.00684989725898e-08,7.96325094807315e-05,0.00113272345282092,3.71478894049071e-05,0.999993500042252,8.21835433040263e-10,-3.0321750897255e-06,9.24578998218334e-05
1995262.31496884,1.0071763718304e-08,8.1487388907675e-05,0.00113396025238472,3.75801815371459e-05,0.999993500042252,8.03388591763543e-10,-2.9976367563585e-06,9.04519561577448e-05
2041737.94466949,1.00752015229047e-08,8.33854740314166e-05,0.00113517551812938,3.79968397708048e-05,0.999993500042251,7.85369214106879e-10,-2.96188102257816e-06,8.84877491055493e-05
2089296.130854,1.00787764368207e-08,8.53277712309364e-05,0.00113637031912431,3.83994776901115e-05,0.999993500042252,7.67764352094247e-10,-2.92513186439978e-06,8.65645375974649e-05
2137962.08950219,1.00825546699256e-08,8.7315310349112e-05,0.00113754576352566,3.87896247702647e-05,0.999993500042252,7.50569162377701e-10,-2.88759120340854e-06,8.46815910101136e-05
2187761.62394951,1.00864785044262e-08,8.93491451989803e-05,0.00113870299514755,3.9168728081229e-05,0.999993500042252,7.33769572880405e-10,-2.84944055170692e-06,8.28381887712745e-05
2238721.1385683,1.00905961807609e-08,9.14303541517114e-05,0.00113984319037135,3.95381540841301e-05,0.999993500042251,7.17359671664752e-10,-2.81084256310842e-06,8.10336200306094e-05
2290867.65276773,1.00949124387192e-08,9.35600406837267e-05,0.00114096755538759,3.98991904908553e-05,0.999993500042251,7.01330438168668e-10,-2.77194249275499e-06,7.92671833870546e-05
2344228.81531988,1.00994118886203e-08,9.57393339824364e-05,0.00114207732376431,4.02530481573172e-05,0.999993500042252,6.85671686095901e-10,-2.73286956754644e-06,7.753818666607e-05
2398832.91901944,1.01041629876107e-08,9.79693895644118e-05,0.00114317375433353,4.06008629832362e-05,0.999993500042251,6.70379113332231e-10,-2.69373827011685e-06,7.58459467404145e-05
2454708.91568498,1.01091135059457e-08,0.000100251389794082,0.00114425812938659,4.09436977943168e-05,0.999993500042251,6.55440396402085e-10,-2.65464953941712e-06,7.41897893885896e-05
2511886.43150953,1.01142868909259e-08,0.000102586544638683,0.00114533175316778,4.12825441812204e-05,0.999993500042251,6.40848540900407e-10,-2.61569189093566e-06,7.2569049185561e-05
2570395.78276881,1.01197013581166e-08,0.000104976092231368,0.00114639595065471,4.16183242740825e-05,0.999993500042252,6.26596302621962e-10,-2.57694245992209e-06,7.09830694208078e-05
2630267.99189533,1.0125394012155e-08,0.000107421299542665,0.00114745206661325,4.19518924271853e-05,0.999993500042251,6.12677686362417e-10,-2.53846797072368e-06,6.94312020391938e-05
2691534.80392686,1.01313573239605e-08,0.000109923463035955,0.00114850146491329,4.22840367998697e-05,0.999993500042252,5.99084060137756e-10,-2.5003256360499e-06,6.79128076005365e-05
2754228.70333811,1.0137595304204e-08,0.00011248390941887,0.00114954552809201,4.2615480807003e-05,0.999993500042251,5.85807707897956e-10,-2.46256398913133e-06,6.64272552541788e-05
2818382.9312644,1.01441185950789e-08,0.000115103996250809,0.00115058565714957,4.29468844275873e-05,0.999993500042251,5.7284146870451e-10,-2.42522365262141e-06,6.49739227251981e-05
2884031.50312655,1.01509508486132e-08,0.000117785112742297,0.00115162327156244,4.32788453494522e-05,0.999993500042252,5.60179042041753e-10,-2.38833804735064e-06,6.35521963092718e-05
2951209.22666633,1.01580952818224e-08,0.000120528680465526,0.00115265980949867,4.3611899937216e-05,0.999993500042252,5.47813100437722e-10,-2.35193404449932e-06,6.21614708735175e-05
3019951.72040196,1.01656096837432e-08,0.00012333615408977,0.00115369672821887,4.39465240081416e-05,0.999993500042251,5.35739369533772e-10,-2.31603256447803e-06,6.08011498609459e-05
3090295.43251353,1.01734527912858e-08,0.00012620902217364,0.00115473550464683,4.42831334009288e-05,0.999993500042252,5.23948384678619e-10,-2.2806491257126e-06,5.94706452964519e-05
3162277.66016832,1.01816611448503e-08,0.000129148807946677,0.00115577763609253,4.46220843240628e-05,0.999993500042252,5.12434983335197e-10,-2.24579434649011e-06,5.81693777925246e-05
3235936.56929622,1.01902760878258e-08,0.000132157070140693,0.00115682464111072,4.49636734736991e-05,0.999993500042251,5.01194252766624e-10,-2.21147440305529e-06,5.68967765531086e-05
3311311.21482584,1.01992703115732e-08,0.000135235403753597,0.00115787806047754,4.53081379074099e-05,0.999993500042252,4.90217977322516e-10,-2.17769144681039e-06,5.56522793742745e-05
3388441.56139196,1.02087010615625e-08,0.00013838544097311,0.00115893945826724,4.56556546628036e-05,0.999993500042251,4.79502215711136e-10,-2.14444398347444e-06,5.44353326405614e-05
3467368.50452525,1.02185878158979e-08,0.000141608851979669,0.00116001042301121,4.60063401138453e-05,0.999993500042251,4.69041222528332e-10,-2.11172721708966e-06,5.32453913160384e-05
3548133.89233568,1.02289281006681e-08,0.000144907345873691,0.00116109256892091,4.63602490509394e-05,0.999993500042252,4.58828364191533e-10,-2.07953336128791e-06,5.20819189293287e-05
3630780.54770094,1.0239782952039e-08,0.000148282671556643,0.00116218753715592,4.67173734795135e-05,0.999993500042252,4.48859976964755e-10,-2.04785192050314e-06,5.09443875519507e-05
3715352.29097165,1.02511114419447e-08,0.000151736618690279,0.00116329699711825,4.70776411264631e-05,0.999993500042251,4.3912795621992e-10,-2.01666994341024e-06,4.98322777695217e-05
3801893.96320554,1.02629946214419e-08,0.000155271018574155,0.0011644226477535,4.74409136477704e-05,0.999993500042252,4.29629637421769e-10,-1.98597225091263e-06,4.87450786454518e-05
3890451.44994273,1.02754343157525e-08,0.000158887745211445,0.00116556621883918,4.78069845271305e-05,0.999993500042252,4.20358969854817e-10,-1.95574164070922e-06,4.7682287676901e-05
3981071.70553489,1.02884629864057e-08,0.000162588716232648,0.0011667294722397,4.81755766617048e-05,0.999993500042252,4.11311290582361e-10,-1.92595907060727e-06,4.66434107428358e-05
4073802.77804105,1.03020912879219e-08,0.000166375893943638,0.00116791420310731,4.85463396242418e-05,0.999993500042252,4.02481131756005e-10,-1.89660382232136e-06,4.56279620441379e-05
4168693.83470327,1.03163963491673e-08,0.000170251286366607,0.0011691222410076,4.89188465970731e-05,0.999993500042251,3.93865690062611e-10,-1.86765364764009e-06,4.46354640357698e-05
4265795.18801584,1.03313257480783e-08,0.000174216948259698,0.00117035545094697,4.92925909694328e-05,0.999993500042252,3.85457221696584e-10,-1.83908489855116e-06,4.36654473510703e-05
4365158.32240157,1.03470010979133e-08,0.0001782749822965,0.001171615734279,4.96669825939508e-05,0.999993500042251,3.77254671946048e-10,-1.8108726429738e-06,4.27174507182947e-05
4466835.92150954,1.0363386634668e-08,0.000182427540075025,0.00117290502946566,5.00413436917964e-05,0.999993500042252,3.69251129672676e-10,-1.78299076739276e-06,4.17910208695821e-05
4570881.89614866,1.03805621070182e-08,0.000186676823361154,0.00117422531266744,5.04149044049065e-05,0.999993500042251,3.61443985852361e-10,-1.75541206792215e-06,4.0885712442519e-05
4677351.41287189,1.03985399830397e-08,0.000191025085165108,0.00117557859813604,5.07867979856874e-05,0.999993500042252,3.53828244481491e-10,-1.72810833092156e-06,4.00010878745398e-05
4786300.92322629,1.04173591525378e-08,0.000195474631002668,0.00117696693838075,5.11560556196428e-05,0.999993500042251,3.46399908757178e-10,-1.70105040438243e-06,3.91367172903881e-05
4897788.19368436,1.04370829584156e-08,0.000200027820071114,0.00117839242407864,5.15216008764657e-05,0.999993500042252,3.39155814543801e-10,-1.67420826120471e-06,3.82921783828863e-05
5011872.33627262,1.04577128289559e-08,0.000204687066538867,0.00117985718369607,5.1882243782369e-05,0.999993500042252,3.32090799304297e-10,-1.64755105530159e-06,3.74670562872648e-05
5128613.83991355,1.04793204001594e-08,0.000209454840799594,0.00118136338278733,5.22366745116297e-05,0.999993500042252,3.25202031969951e-10,-1.62104717155863e-06,3.66609434492998e-05
5248074.60249762,1.05019734719905e-08,0.000214333670790268,0.00118291322293325,5.25834566916759e-05,0.999993500042251,3.18486514938598e-10,-1.5946642704652e-06,3.58734394875015e-05
5370317.96370242,1.05256678983844e-08,0.000219326143330534,0.00118450894028024,5.29210203214926e-05,0.999993500042251,3.11939085673174e-10,-1.56836932832659e-06,3.51041510495912e-05
5495408.73857613,1.05504857601477e-08,0.000224434905504722,0.00118615280363757,5.32476542991077e-05,0.999993500042251,3.05557246171873e-10,-1.54212867375306e-06,3.43526916635036e-05
5623413.25190338,1.05764506534616e-08,0.000229662666015429,0.00118784711208636,5.35614985613748e-05,0.999993500042252,2.993367775872e-10,-1.51590802126571e-06,3.36186815831092e-05
5754399.37337145,1.06036771538382e-08,0.000235012196725393,0.00118959419205198,5.38605358365672e-05,0.999993500042251,2.93276070095772e-10,-1.48967250268302e-06,3.29017476288852e-05
5888436.55355577,1.06321637593369e-08,0.000240486334000423,0.00119139639378647,5.41425830144081e-05,0.999993500042252,2.87370238716278e-10,-1.46338669698375e-06,3.22015230237089e-05
6025595.86074345,1.06620290267515e-08,0.000246087980343645,0.00119325608720427,5.44052821425277e-05,0.999993500042251,2.81617729136485e-10,-1.43701465936419e-06,3.15176472239579e-05
6165950.0186147,1.06932526294726e-08,0.000251820105759748,0.00119517565701098,5.4646091057436e-05,0.999993500042251,2.76013267797026e-10,-1.41051995007815e-06,3.08497657460963e-05
6309573.4448018,1.07259712297569e-08,0.000257685749531333,0.00119715749705948,5.48622736687796e-05,0.999993500042252,2.70555744474876e-10,-1.38386566382553e-06,3.0197529988895e-05
6456542.29034642,1.07602245909251e-08,0.000263688021711061,0.00119920400386445,5.50508899122309e-05,0.999993500042251,2.65241495434054e-10,-1.35701446023816e-06,2.95605970514566e-05
6606934.48007582,1.07960935379341e-08,0.000269830104763003,0.00120131756920138,5.52087853991244e-05,0.999993500042251,2.60067911650452e-10,-1.32992859621479e-06,2.89386295472004e-05
6760829.75391968,1.08336552201062e-08,0.000276115255317677,0.00120350057171124,5.53325807934659e-05,0.999993500042251,2.5503227307766e-10,-1.30256996076645e-06,2.83312954139566e-05
6918309.70918922,1.0872987289677e-08,0.000282546805820516,0.00120575536742902,5.54186609529019e-05,0.999993500042251,2.50131859669267e-10,-1.27490011302512e-06,2.77382677203683e-05
7079457.84384123,1.09141875228647e-08,0.000289128166393482,0.00120808427914783,5.54631638834718e-05,0.999993500042251,2.45364395468073e-10,-1.2468803242115e-06,2.7159224468757e-05
7244359.60074975,1.09573077553005e-08,0.000295862826540372,0.0012104895845276,5.54619695623333e-05,0.999993500042251,2.40726549805004e-10,-1.21847162426118e-06,2.65938483946716e-05
7413102.41300902,1.10024697663977e-08,0.000302754357072388,0.00121297350285441,5.54106886944615e-05,0.999993500042251,2.3621654632322e-10,-1.18963485387356e-06,2.60418267633795e-05
7585775.75029168,1.10497490431154e-08,0.000309806411962654,0.00121553818034953,5.53046514844177e-05,0.999993500042252,2.3183155395401e-10,-1.16033072285075e-06,2.55028511635235e-05
7762471.16628676,1.10992826971513e-08,0.000317022730335737,0.00121818567392968,5.51388965117358e-05,0.999993500042251,2.27570018385137e-10,-1.13051987549902e-06,2.49766172983267e-05
7943282.34724265,1.1151107500649e-08,0.000324407138336369,0.00122091793331378,5.49081598182919e-05,0.999993500042252,2.23428275880622e-10,-1.10016296401631e-06,2.44628247746829e-05
8128305.16164082,1.12054113917505e-08,0.000331963551325032,0.00122373678137292,5.46068643286777e-05,0.999993500042251,2.194057158178e-10,-1.06922073074618e-06,2.39611768906017e-05
8317637.71102654,1.12622465577066e-08,0.000339695975746679,0.00122664389261971,5.4229109745157e-05,0.999993500042252,2.15498952016446e-10,-1.03765410027091e-06,2.34713804215231e-05
8511380.38202359,1.13218038258248e-08,0.000347608511511055,0.00122964076973599,5.3768663074644e-05,0.999993500042251,2.11707262831595e-10,-1.00542428227578e-06,2.29931454061364e-05
8709635.89956062,1.13841432863525e-08,0.000355705353861424,0.00123272871804005,5.32189499712503e-05,0.999993500042252,2.08027373105324e-10,-9.72492886242472e-07,2.25261849324042e-05
8912509.38133727,1.14494114897208e-08,0.000363990795932523,0.00123590881780391,5.25730470930143e-05,0.999993500042251,2.04457617503095e-10,-9.38822048903221e-07,2.20702149246815e-05
9120108.3935589,1.15177497361312e-08,0.00037246923074008,0.00123918189433469,5.18236757052632e-05,0.999993500042251,2.00996164156919e-10,-9.04374575581707e-07,2.16249539328539e-05
9332543.00796971,1.15893190506801e-08,0.000381145153639295,0.00124254848575133,5.09631967793514e-05,0.999993500042252,1.9764145875456e-10,-8.69114096369248e-07,2.11901229246728e-05
9549925.86021416,1.16642954082053e-08,0.000390023164761999,0.0012460088083992,4.99836078688359e-05,0.999993500042252,1.94392113517239e-10,-8.33005238190801e-07,2.07654450825577e-05
9772372.2095579,1.17427550825798e-08,0.000399107971333024,0.00124956271986604,4.88765420706003e-05,0.999993500042252,1.91245019820485e-10,-7.96013813735706e-07,2.03506456063476e-05
9999999.99999979,1.18249170809299e-08,0.000408404390228156,0.00125320967958649,4.76332694067373e-05,0.999993500042252,1.88199400508182e-10,-7.58107028171035e-07,1.99454515236804e-05
10232929.9228073,1.19109848709794e-08,0.000417917350532093,0.00125694870704973,4.62447009947916e-05,0.999993500042252,1.85254089846154e-10,-7.1925370452538e-07,1.95495915098624e-05
10471285.4805088,1.20010999653708e-08,0.000427651896146131,0.00126077833766226,4.47013963984533e-05,0.999993500042252,1.82406867388352e-10,-6.7942452845612e-07,1.91627957193639e-05
10715193.0523758,1.20954461540755e-08,0.000437613188466912,0.00126469657635448,4.29935745840039e-05,0.999993500042252,1.79656123311389e-10,-6.38592313063096e-07,1.87847956312446e-05
10964781.9614316,1.21942502892508e-08,0.00044780650908649,0.00126870084907126,4.11111289287886e-05,0.999993500042252,1.77000802903393e-10,-5.96732284154844e-07,1.84153239111206e-05
11220184.5430194,1.22976889328741e-08,0.000458237262648709,0.00127278795233804,3.90436467562549e-05,0.999993500042252,1.74439018785222e-10,-5.53822386233195e-07,1.80541142924819e-05
11481536.2149686,1.24060299231665e-08,0.000468910979662951,0.00127695400115878,3.67804338877233e-05,0.999993500042252,1.7197010482306e-10,-5.09843609138662e-07,1.77009014804514e-05
11748975.549395,1.25194663447403e-08,0.000479833319502632,0.00128119437556908,3.43105447203841e-05,0.999993500042252,1.69592229148918e-10,-4.64780335057028e-07,1.73554210812748e-05
12022644.3461739,1.26382368859943e-08,0.00049101007330421,0.00128550366625169,3.1622818341902e-05,0.999993500042252,1.67304115006317e-10,-4.18620705120704e-07,1.70174095611354e-05
12302687.7081235,1.2762613489608e-08,0.000502447167136211,0.00128987561970071,2.87059211995054e-05,0.999993500042252,1.65104818705686e-10,-3.71357004526009e-07,1.66866042379939e-05
12589254.1179414,1.28928561986507e-08,0.000514150665125612,0.00129430308352005,2.5548396825184e-05,0.999993500042252,1.62993119001698e-10,-3.22986064520415e-07,1.63627433104022e-05
12882495.5169311,1.30292288604374e-08,0.000526126772612656,0.00129877795254338,2.21387230935439e-05,0.999993500042252,1.60967739137874e-10,-2.73509679040789e-07,1.60455659273765e-05
13182567.3855638,1.31720677468023e-08,0.000538381839447766,0.00130329111656373,1.84653774588655e-05,0.999993500042252,1.59028179513854e-10,-2.22935033266316e-07,1.57348123034079e-05
13489628.8259162,1.33215915922087e-08,0.000550922363487416,0.00130783241058117,1.45169105534132e-05,0.999993500042252,1.57172386217041e-10,-1.71275140540546e-07,1.54302238828016e-05
13803842.6460286,1.34781708121134e-08,0.00056375499384842,0.00131239056858419,1.02820284616173e-05,0.999993500042252,1.5540002618053e-10,-1.18549283459759e-07,1.51315435573623e-05
14125375.4462272,1.36421328365489e-08,0.000576886534574328,0.00131695318200121,5.74968388426587e-06,0.999993500042252,1.53710100203597e-10,-6.47834540667827e-08,1.48385159413285e-05
14454397.707459,1.38138213575772e-08,0.000590323948159721,0.00132150666406295,9.09176293841007e-07,0.999993500042252,1.52101664596671e-10,-1.00107873212936e-08,1.45508877070654e-05
14791083.8816817,1.39936178443651e-08,0.000604074359330298,0.00132603622142941,-4.24973897055206e-06,0.999993500042252,1.50574053225938e-10,4.57280189487181e-08,1.42684079846753e-05
15135612.4843617,1.41818815228268e-08,0.000618145058709274,0.00133052583452028,-9.73673288237493e-06,0.999993500042252,1.49126211379524e-10,1.02384305187284e-07,1.39908288279819e-05
15488166.1891245,1.43789941615258e-08,0.000632543506782213,0.0013349582480687,-1.55607765977399e-05,0.999993500042252,1.47757195367859e-10,1.59901080840545e-07,1.37179057486237e-05
15848931.9246108,1.45853947809866e-08,0.000647277337790797,0.00133931497347536,-2.17300076610785e-05,0.999993500042252,1.46466505590581e-10,2.18212694024826e-07,1.34493983190498e-05
16218100.9735889,1.48015738370433e-08,0.000662354363853979,0.00134357630455161,-2.82515894251131e-05,0.999993500042252,1.45253975514237e-10,2.77244550057482e-07,1.31850708439146e-05
16595869.0743752,1.50278867485736e-08,0.000677782578918595,0.00134772134825058,-3.51315648608223e-05,0.999993500042252,1.44117939804289e-10,3.36912889653168e-07,1.29246930982208e-05
16982436.5246171,1.52649096551007e-08,0.000693570163321056,0.00135172807191382,-4.23747062010183e-05,0.999993500042252,1.43058731527646e-10,3.97124637809352e-07,1.26680411288046e-05
17378008.2874934,1.55130702458826e-08,0.000709725487766377,0.00135557336847645,-4.99843621853357e-05,0.999993500042252,1.42075073927828e-10,4.57777334863917e-07,1.24148981141887e-05
17782794.1003888,1.5772950932312e-08,0.000726257118060403,0.00135923314090066,-5.79623049641546e-05,0.999993500042252,1.41166967004835e-10,5.187591610164e-07,1.21650552757586e-05
18197008.5860994,1.60450454470781e-08,0.000743173819500953,0.00136268240691302,-6.63085790488328e-05,0.999993500042252,1.40333411557947e-10,5.79949065533939e-07,1.19183128313871e-05
18620871.3666283,1.63299803277441e-08,0.000760484561538988,0.00136589542481911,-7.50213549619445e-05,0.999993500042252,1.39574407587162e-10,6.41217010984979e-07,1.16744809803135e-05
19054607.179632,1.66283561297272e-08,0.000778198522567664,0.0013688458408497,-8.40967905336609e-05,0.999993500042252,1.38889511003271e-10,7.02424342072126e-07,1.14333809061614e-05
19498445.99758,1.69407830731678e-08,0.000796325094739814,0.00137150685805647,-9.35289029835944e-05,0.999993500042252,1.38278166694761e-10,7.634242869226e-07,1.11948457826441e-05
19952623.1496884,1.72679289550447e-08,0.000814873889012802,0.00137385142632868,-0.000103309455120743,0.999993500042252,1.37740097105876e-10,8.24062597045208e-07,1.09587217647358e-05
20417379.4466949,1.76105025693716e-08,0.000833854740250217,0.00137585245256541,-0.000113427859080332,0.999993500042252,1.37275135703163e-10,8.84178329745844e-07,1.07248689462124e-05
20892961.3085399,1.79692198713152e-08,0.00085327771225252,0.00137748302946767,-0.000123871101022143,0.999993500042252,1.36882949419714e-10,9.4360477400833e-07,1.04931622629947e-05
21379620.8950218,1.83448472214785e-08,0.000873153103441382,0.00137871668082537,-0.000134623690143428,0.999993500042252,1.36563371722076e-10,1.00217051784053e-06,1.02634923207502e-05
21877616.2394951,1.87381820643709e-08,0.000893491451904538,0.00137952762054909,-0.000145667635144004,0.999993500042252,1.36316236076794e-10,1.05970065147327e-06,1.00357661245481e-05
22387211.3856829,1.91500384282764e-08,0.000914303541378558,0.00137989102211289,-0.000156982450992437,0.999993500042252,1.36141264928113e-10,1.11601809728324e-06,9.80990768854058e-06
22908676.5276772,1.95813021916016e-08,0.000935600406734238,0.00137978329448205,-0.000168545198381675,0.999993500042252,1.36038458276033e-10,1.17094505326134e-06,9.58585850418417e-06
23442288.1531987,2.003287960794e-08,0.000957393339774626,0.00137918236010872,-0.000180330557737166,0.999993500042252,1.36007705098251e-10,1.22430453319345e-06,9.36357784709247e-06
23988329.1901944,2.05057804283367e-08,0.000979693895430955,0.00137806793012608,-0.000192310938947077,0.999993500042252,1.36049338461675e-10,1.27592198278579e-06,9.14304290461527e-06
24547089.1568498,2.10009557790535e-08,0.00100251389775963,0.00137642177158207,-0.000204456627263468,0.999993500042252,1.36163025299396e-10,1.32562694782073e-06,8.92424870936119e-06
25118864.3150952,2.15194193360059e-08,0.00102586544628025,0.00137422796133411,-0.000216735964940609,0.999993500042252,1.36348599077962e-10,1.37325476714965e-06,8.70720786727547e-06
25703957.8276881,2.20623591960091e-08,0.00104976092211473,0.00137147312121306,-0.00022911556731665,0.999993500042253,1.36606725931188e-10,1.41864826118214e-06,8.49195007329192e-06
26302679.9189532,2.26308980744082e-08,0.00107421299520638,0.00136814662918341,-0.000241560571114795,0.999993500042252,1.36937350347921e-10,1.46165938480351e-06,8.27852141226682e-06
26915348.0392686,2.32262318026752e-08,0.00109923463023165,0.00136424080153092,-0.000254034911841702,0.999993500042252,1.37340583350465e-10,1.50215081293147e-06,8.06698344805041e-06
27542287.033381,2.38495958010664e-08,0.00112483909396133,0.00135975104158148,-0.000266501626302793,0.999993500042252,1.3781648044997e-10,1.53999742710952e-06,7.85741210886941e-06
28183829.3126439,2.4502334595829e-08,0.0011510399622523,0.00135467595109502,-0.000278923175485591,0.999993500042253,1.38365430224496e-10,1.57508767275654e-06,7.64989638252467e-06
28840315.0312654,2.51858803466921e-08,0.00117785112726665,0.00134901740125305,-0.000291261782393064,0.999993500042252,1.38987987785555e-10,1.60732475880927e-06,7.44453683996341e-06
29512092.2666632,2.59016041781087e-08,0.00120528680443499,0.0013427805610798,-0.000303479778929436,0.999993500042253,1.39684042110844e-10,1.63662767480621e-06,7.24144401056123e-06
30199517.2040195,2.6651057051186e-08,0.00123336154064191,0.0013359738821121,-0.000315539955569978,0.999993500042253,1.40454148311875e-10,1.66293200426644e-06,7.04073663639597e-06
30902954.3251352,2.74358785798377e-08,0.00126209022153034,0.00132860903919953,-0.000327405907432692,0.999993500042253,1.41298972522463e-10,1.68619051813495e-06,6.8425398361732e-06
31622776.6016831,2.82576036363823e-08,0.00129148807926072,0.00132070082836531,-0.0003390423703956,0.999993500042253,1.42218292698004e-10,1.70637353720486e-06,6.64698321173711e-06
32359365.6929621,2.91181073861332e-08,0.00132157070109429,0.00131226702370329,-0.000350415541171032,0.999993500042253,1.43213274572673e-10,1.72346905816269e-06,6.45419893147942e-06
33113112.1482584,3.00191781595966e-08,0.00135235403723755,0.001303328196249,-0.000361493375674409,0.999993500042253,1.44284251213378e-10,1.73748264361143e-06,6.26431982518992e-06
33884415.6139195,3.09626899517387e-08,0.00138385440936872,0.00129390749862425,-0.000372245860618205,0.999993500042253,1.45431611198177e-10,1.74843708204744e-06,6.07747752406639e-06
34673685.0452524,3.19506428567114e-08,0.0014160885194201,0.00128403041999056,-0.000382645254019565,0.999993500042253,1.46655965149733e-10,1.75637182919519e-06,5.89380067780948e-06
35481338.9233568,3.29851840158364e-08,0.00144907345836032,0.00127372451641733,-0.000392666291159678,0.999993500042253,1.47958201246467e-10,1.76134224693772e-06,5.71341327797822e-06
36307805.4770093,3.40684914918771e-08,0.00148282671523248,0.00126301912215874,-0.000402286353428618,0.999993500042253,1.49338930111043e-10,1.76341866013136e-06,5.53643311321682e-06
37153522.9097164,3.5202887282181e-08,0.00151736618644804,0.00125194504757469,-0.000411485598516522,0.999993500042253,1.50798984410727e-10,1.76268525528987e-06,5.36297037794013e-06
38018939.6320553,3.63907143055334e-08,0.00155271018530812,0.00124053426943979,-0.000420247051286693,0.999993500042253,1.52338863745882e-10,1.75923884725279e-06,5.19312645136923e-06
38904514.4994272,3.76344803630933e-08,0.00158887745163838,0.00122881961927692,-0.000428556655654574,0.999993500042254,1.53959345272625e-10,1.75318754185613e-06,5.02699285912185e-06
39810717.0553488,3.89368836032302e-08,0.00162588716176515,0.00121683447505687,-0.000436403288627489,0.999993500042254,1.5566153921398e-10,1.74464932319756e-06,4.86465042467534e-06
40738027.7804104,4.03006985204107e-08,0.00166375893888926,0.00120461246118576,-0.000443778738405127,0.999993500042254,1.57446389259519e-10,1.73375059384256e-06,4.70616861329746e-06
41686938.3470326,4.17287757702574e-08,0.00170251286294842,0.00119218716118875,-0.00045067764913519,0.999993500042254,1.59314672565358e-10,1.72062469552903e-06,4.55160506665969e-06
42657951.8801583,4.32241310868399e-08,0.00174216948192907,0.00117959184688468,-0.000457097435400203,0.999993500042254,1.61267332821069e-10,1.70541043608821e-06,4.40100532229066e-06
43651583.2240156,4.4790016044548e-08,0.00178274982221183,0.00116685922719925,-0.000463038169933575,0.999993500042254,1.63305702294281e-10,1.68825064618983e-06,4.25440270855921e-06
44668359.2150953,4.64296239492735e-08,0.00182427539999708,0.0011540212190846,-0.000468502448318642,0.999993500042254,1.65430391607657e-10,1.6692907868299e-06,4.11181840295089e-06
45708818.9614865,4.81465663089387e-08,0.00186676823278731,0.00114110874233724,-0.000473495234564185,0.999993500042254,1.67643010584584e-10,1.64867762553311e-06,3.97326163910235e-06
46773514.1287188,4.99444054787186e-08,0.0019102508507558,0.00112815153945298,-0.000478023691472745,0.999993500042255,1.69944447403481e-10,1.62655799612477e-06,3.8387300463796e-06
47863009.2322628,5.18269705301554e-08,0.00195474630902481,0.00111517802104634,-0.000482096999636928,0.999993500042255,1.72335978820826e-10,1.60307765376083e-06,3.70821010471122e-06
48977881.9368435,5.37982570736363e-08,0.00200027819971638,0.00110221513680592,-0.000485726168732203,0.999993500042255,1.74818881593097e-10,1.57838023380642e-06,3.58167769687506e-06
50118723.3627261,5.58624863363611e-08,0.00204687066428733,0.00108928827146709,-0.000488923844524754,0.999993500042255,1.77394599010228e-10,1.55260632016576e-06,3.45909874043096e-06
51286138.3991353,5.80239034964385e-08,0.00209454840683065,0.00107642116486741,-0.000491704114746648,0.999993500042255,1.80064074761788e-10,1.5258926260253e-06,3.34042988193223e-06
52480746.0249761,6.02872605776496e-08,0.00214333670663791,0.00106363585480446,-0.000494082316612233,0.999993500042255,1.8282925173807e-10,1.49837128736143e-06,3.22561923684051e-06
53703179.6370241,6.26572435245642e-08,0.00219326143195531,0.00105095264115034,-0.000496074848431131,0.999993500042255,1.856912401621e-10,1.47016926753711e-06,3.11460715967075e-06
54954087.3857612,6.51389658531188e-08,0.00224434905351245,0.00103839006947866,-0.000497698987406215,0.999993500042256,1.88651816390717e-10,1.44140786947276e-06,3.00732703019804e-06
56234132.5190336,6.77375912200278e-08,0.00229662665861952,0.00102596493232885,-0.000498972715315706,0.999993500042256,1.91712257180399e-10,1.41220235030033e-06,2.9037060430124e-06
57543993.7337144,7.04587234719049e-08,0.00235012196560547,0.0010136922861632,-0.000499914553434522,0.999993500042256,1.94874449910287e-10,1.38266163226113e-06,2.8036659892529e-06
58884365.5355576,7.33081534091571e-08,0.00240486333825629,0.00100158548205162,-0.000500543407774966,0.999993500042256,1.98140115426071e-10,1.35288810289282e-06,2.70712402091409e-06
60255958.6074344,7.62918196731208e-08,0.00246087980144694,0.000989656208148786,-0.000500878425301474,0.999993500042256,2.01510697017682e-10,1.32297749661855e-06,2.61399338967661e-06
61659500.1861468,7.94160862280051e-08,0.00251820105546585,0.000977914542086692,-0.000500938861650272,0.999993500042257,2.04988082064261e-10,1.2930188499384e-06,2.52418415369368e-06
63095734.4480179,8.26875852894911e-08,0.00257685749312486,0.000966369011503347,-0.000500743960496376,0.999993500042257,2.08574130189376e-10,1.26309452189782e-06,2.43760384718714e-06
64565422.9034641,8.61133173701744e-08,0.00263688021482267,0.000955026661039569,-0.000500312844590888,0.999993500042257,2.12270895305622e-10,1.23328027182696e-06,2.35415810899676e-06
66069344.8007581,8.97004531501845e-08,0.00269830104508628,0.000943893124263797,-0.000499664418302137,0.999993500042258,2.16080098258686e-10,1.20364538652136e-06,2.27375126740037e-06
67608297.5391967,9.34566835585203e-08,0.00276115255036302,0.00093297269913129,-0.000498817281282695,0.999993500042258,2.20003959494619e-10,1.1742528492124e-06,2.19628687958672e-06
69183097.0918921,9.73899188573221e-08,0.00282546805527772,0.000922268425717135,-0.000497789652872603,0.999993500042258,2.24044421903713e-10,1.14515954337e-06,2.12166822505067e-06
70794578.4384122,1.01508473572769e-07,0.0028912816607658,0.000911782165124922,-0.000496599306609195,0.999993500042258,2.28203567154139e-10,1.11641648451398e-06,2.04979875300627e-06
72443596.0074974,1.05821238944427e-07,0.00295862826209259,0.000901514678591102,-0.000495263514336564,0.999993500042259,2.32483948758855e-10,1.08806907420181e-06,1.98058248451424e-06
74131024.1300901,1.10337166534265e-07,0.00302754356715695,0.000891465705965421,-0.000493798999177417,0.999993500042259,2.3688739858585e-10,1.0601573704823e-06,1.91392437061601e-06
75857757.5029167,1.15065972883773e-07,0.00309806411598856,0.000881634042865808,-0.00049222189670138,0.999993500042259,2.41416553414808e-10,1.03271636991221e-06,1.84973060816872e-06
77624711.6628674,1.20017562939114e-07,0.00317022729922201,0.000872017615925685,-0.000490547723609867,0.99999350004226,2.46073550425052e-10,1.0057762967812e-06,1.78790891540499e-06
79432823.4724264,1.25202614959102e-07,0.00324407137901517,0.00086261355566444,-0.000488791353244409,0.99999350004226,2.50861220685294e-10,9.79362895698012e-07,1.72836876948896e-06
81283051.6164081,1.30631985760017e-07,0.00331963550843284,0.000853418266620707,-0.00048696699720294,0.999993500042261,2.5578181239716e-10,9.5349772414081e-07,1.6710216085217e-06
83176377.1102652,1.36317246732264e-07,0.00339695975253562,0.000844427494466034,-0.000485088192436731,0.999993500042261,2.60838045607059e-10,9.28198442202771e-07,1.61578100052145e-06
85113803.8202357,1.42270419454677e-07,0.00347608510958253,0.000835636389906059,-0.00048316779318118,0.999993500042262,2.660325293391e-10,9.03479097115676e-07,1.56256278196553e-06
87096358.9956061,1.48504186869002e-07,0.00355705353285884,0.000827039569244118,-0.000481217967123566,0.999993500042262,2.7136812241757e-10,8.79350400585774e-07,1.51128516846994e-06
89125093.8133725,1.55031759316024e-07,0.0036399079531293,0.000818631171544163,-0.000479250195245627,0.999993500042262,2.76847628155608e-10,8.55819997349086e-07,1.46186884014044e-06
91201083.9355889,1.61866909437154e-07,0.00372469230069328,0.000810404912382736,-0.000477275274817857,0.999993500042263,2.82473822110774e-10,8.32892723692323e-07,1.41423700405534e-06
93325430.079697,1.69024254027465e-07,0.00381145152937279,0.000802354134224588,-0.000475303325062859,0.999993500042264,2.88249896174264e-10,8.10570854987413e-07,1.36831543624295e-06
95499258.6021414,1.76518823576909e-07,0.0039002316400456,0.000794471853493928,-0.00047334379504607,0.999993500042264,2.94178653659216e-10,7.88854341553703e-07,1.32403250540108e-06
97723722.0955788,1.84366709038067e-07,0.00399107970531531,0.000786750804444864,-0.000471405473390295,0.999993500042265,3.00263564012582e-10,7.6774103238987e-07,1.28131918047962e-06
99999999.9999977,1.92584368173106e-07,0.00408404389361294,0.000779183479954939,-0.000469496499465498,0.999993500042265,3.065075415698e-10,7.47226886542771e-07,1.24010902410376e-06
