frequencyHz,condGc,condG0,backwardResidualMax,pencilSensitivityProxy,logAbsDetRatio,detPhaseRad,mu0_real,mu0_imag,mu1_real,mu1_imag,mu2_real,mu2_imag,mu3_real,mu3_imag,mu4_real,mu4_imag,mu5_real,mu5_imag,mu6_real,mu6_imag,mu7_real,mu7_imag,mu8_real,mu8_imag,mu9_real,mu9_imag
0.01,6.550782984231132e+18,351280324244209.56,1.6337821993585405e-19,3152076.156665364,-1.035589888298972,-0.028216975511378084,1.4283875228248546,0.8902378289802145,1.3867645518130027,-0.8879429435480992,0.18484818413104173,-0.0022948861442418996,1.0000005034388468,-7.890647855268056e-09,0.9999999999761188,9.851915108834715e-12,1.0000000000289266,-1.4421668888414569e-11,1.000000007330481,3.187695728335423e-10,1.0000000000000284,7.571133916006535e-16,0.9999999999999994,-8.017291289174861e-17,0.9999999999999994,6.046098801041377e-18
0.010292065260134145,6.540356381233215e+18,351266984239321.4,1.6383535283077322e-19,8982021.461273713,-1.0358743548510638,-0.02896497923828839,1.4289972810112754,0.8902390950559999,1.3861606567707156,-0.8878776374117853,0.18484232111077034,-0.0023614584270784584,1.0000005013311735,-8.08754454300975e-09,1.0000000000184437,-1.1232791886265035e-11,1.0000000036674717,1.7062973148975784e-10,0.9999999999806666,1.171159793893345e-11,1.0000000000000013,1.3483904391906158e-15,1.0000000000000022,6.042971308793729e-15,1.0000000000000002,-4.908120417111547e-17
0.010592660731886012,6.529317445179188e+18,351252859224649.8,1.6431774360748187e-19,8961373.178259363,-1.0361732325174344,-0.029728681418177118,1.4296248506548503,0.8902394757407271,1.385539282891244,-0.8878095381400656,0.18483612547728734,-0.0024299384604440045,1.000000499082297,-8.284643471921756e-09,0.9999999999999991,1.9333143840648987e-16,1.0000000036760444,6.489903131738954e-11,0.9999999999999903,-3.83533199159571e-14,1.0000000000000009,0.0,1.0000000000000004,8.413767822639798e-17,0.9999999999999994,-1.1572793832040034e-16
0.010902035553103115,6.517751828822241e+18,351237885352465.6,1.6482760321503454e-19,8939652.49289263,-1.0364871665326127,-0.030508075194844674,1.4302707370489434,0.8902387622720166,1.3848999551948236,-0.8877383865523211,0.18482956691530308,-0.002500376662987133,1.0000004967056086,-8.486451672030256e-09,0.9999999999803773,8.910662991295454e-13,1.0000000000241054,-5.858381280775293e-13,0.9999999963213795,-3.0514567211392977e-10,1.0000000000000004,1.194696899423471e-16,1.0000000000000004,1.8475505591166423e-15,0.9999999999999999,-4.461020703823234e-17
0.01122044613808399,6.505311393483099e+18,351222046872409.2,1.653658051080575e-19,3880662.2792354035,-1.036816729378387,-0.03130314104240547,1.430935471584282,0.8902369968850952,1.384242150130363,-0.8876641700508008,0.1848226375886004,-0.002572827868025408,1.0000004942708232,-8.689771809468138e-09,1.0000000000026765,2.177066064108218e-11,1.0000000036925667,-1.5836060133961468e-10,0.9999999999996652,-1.0382136453913436e-11,1.000000000000003,-1.5553800131120397e-16,0.9999999999999999,-1.5177661704571182e-15,1.0,-2.232896081254359e-16
0.011548156390098057,6.492443993589433e+18,351205257270149.44,1.6593391225572495e-19,2477909.618509391,-1.0371625508333828,-0.03211382492198028,1.4316196046241914,0.8902339743164938,1.3835653487298933,-0.8875866283939915,0.1848153060985293,-0.0026473470542941998,1.0000004916104266,-8.894938834655547e-09,0.9999999999992146,-2.3909040304235022e-11,1.0000000000007234,2.3915708579339356e-11,1.000000000001277,-2.0053578350088424e-12,0.999999999998047,2.0128684027457097e-12,1.0000000000045273,-2.769626655238337e-12,0.9999999999935616,1.1737127632470409e-12
0.011885437920112435,6.479015873715771e+18,351187478098636.1,1.6653358721737179e-19,8867583.520025855,-1.0375252256644067,-0.03294003823772756,1.432323689467538,0.8902296710748498,1.3828690108066597,-0.8875056816712092,0.18480755933635049,-0.0027239906414846036,1.0000004889912817,-9.106695340827472e-09,1.000000000013383,1.0203205865999662e-11,0.9999999999699516,-1.705786439096995e-11,1.00000001102612,5.406983623655585e-10,0.9999999999999999,1.4810575516164793e-16,1.0000000000000013,1.8153773871225456e-16,1.0,0.0
0.012232570271907021,6.464799023839257e+18,351168640317436.56,1.6716648649004214e-19,8841097.556014996,-1.0379054127520675,-0.033781663852258205,1.4330483145033321,0.8902238975844644,1.3821525820494973,-0.8874210818942475,0.18479936322054605,-0.0028028170430464115,1.0000004860857112,-9.3162203910852e-09,0.999999999999998,-3.8474517602757674e-16,1.0000000036539267,3.389428231035196e-10,1.0000000000000007,9.502370144165626e-16,0.9999999999999993,5.154503199023974e-16,1.0000000000000022,-1.5337570084114726e-15,0.9999999999999996,3.475617014352874e-16
0.012589841153764394,6.45019069319106e+18,351148694930133.56,1.6783448972831533e-19,4984516.878122323,-1.038303711661996,-0.034638546120896216,1.4337940635959752,0.8902165932370525,1.3814154946275408,-0.8873327094063709,0.18479070172004392,-0.002883885307892207,1.0000004831278935,-9.529342991292141e-09,0.9999999999998342,-5.620696790320958e-14,1.000000000001592,-6.782606547935019e-13,0.9999999963418478,-3.514639303080884e-10,0.9999999999999994,-2.2142455747667637e-16,0.9999999999999994,3.7196719322284204e-16,0.9999999999999998,1.0876420328211913e-16
0.01295754667692657,6.434463418054986e+18,351127568832307.5,1.685388867332084e-19,4521489.794720058,-1.038720761265182,-0.03551049459568641,1.4345615445810869,0.8902076085243366,1.3806571690945957,-0.8872403542987818,0.18478154644700148,-0.0029672558370247835,1.0000004799895286,-9.743673441096438e-09,0.9999999999858682,-1.2646926488147382e-11,1.0000000000135674,2.4642241846123103e-11,1.0000000036741687,-9.232236437172677e-11,1.0000000000026295,1.0474333890627118e-11,1.000000000020619,-3.147657084587246e-11,0.9999999999999999,6.281394970607024e-17
0.013335991601016258,6.418157179580794e+18,351105191941418.3,1.6928211359294593e-19,1516418.1569771504,-1.0391571870207486,-0.036397288766513575,1.4353513921062,0.8901968059163968,1.3798770004953902,-0.8871438161131064,0.18477186770662254,-0.003052991559807994,1.000000476754313,-9.958630453235539e-09,1.0000000000010794,4.961269040159411e-11,0.9999999999989916,-4.9627702860116876e-11,0.9999999999972087,-1.4803545347678067e-12,1.0000000000007019,-2.9700171934237974e-13,1.0000000000000806,-9.225620338516213e-15,1.0000000000000002,3.569434620386069e-17
0.013725489586626016,6.400926688211891e+18,351081492752953.75,1.7006584572116997e-19,8721507.956760272,-1.0396135983166097,-0.03729865774540818,1.4361642427236228,0.8901840538182275,1.3790743769469673,-0.8870428998871834,0.18476164083251723,-0.0031411558440210424,1.0000004733500631,-1.0173928021410618e-08,0.9999999999939946,-5.881261026679769e-11,1.0000000000056253,5.927356778562028e-11,1.0000000110298077,4.570784148188169e-10,1.000000000000001,1.6192554855147767e-16,1.0,1.6565080090726002e-16,0.9999999999999993,7.217381851347126e-18
0.014126363455284657,6.383117956397283e+18,351056400921784.06,1.7089200244223423e-19,8687945.291979527,-1.0400906022604097,-0.038214302448643295,1.4370007621461403,0.8901691841294644,1.378248667679161,-0.8869373723382185,0.18475083087844008,-0.003231813873064228,1.0000004697411964,-1.038782740601999e-08,1.0000000000000009,4.101410410629838e-17,1.0000000036491905,3.9124911465484183e-10,0.9999999999999998,-1.8654729429323022e-16,1.0000000000000013,-1.5002254920118816e-16,1.0,4.955130643521281e-16,1.0000000000000002,-1.6384666923281588e-16
0.014538945457016375,6.364190643802506e+18,351029816129980.7,1.7176295837132047e-19,301204.04962584487,-1.0405887876476108,-0.03914387514066527,1.4378616274740235,0.8901520387903502,1.377399224836173,-0.8868270086529154,0.18473940860256471,-0.0033250324012009556,1.000000466117828,-1.0608938177632205e-08,0.9999999999977927,-2.4833859646800633e-11,1.0000000000022626,2.4818119184803595e-11,1.000000000000296,-1.6357436065153912e-12,0.999999999997326,-3.7621212918968165e-13,1.0000000000000082,8.186746965928977e-14,1.0,6.594414290300364e-16
0.014963577545714339,6.344434234996682e+18,351001658483951.94,1.726806206190118e-19,8616066.735392734,-1.0411087474499467,-0.0400869922376936,1.4387475353241572,0.8901324496536169,1.3765253849080235,-0.8867115725202488,0.18472734089876996,-0.0034208795929733275,1.0000004622329173,-1.0828541524759643e-08,1.000000000000871,1.7740823484144605e-14,1.0000000036728838,1.8433893415620184e-10,0.9999999999977779,1.78787577057861e-12,1.0000000000000002,4.450627363941283e-17,1.0000000000000004,-7.886354290573899e-16,1.0,-2.5876552306364547e-17
0.015400611662556988,6.323980540563562e+18,350971839340531.1,1.7364749306302657e-19,8577651.077208046,-1.041651027191616,-0.041043230395719485,1.4396592024852854,0.8901102053179939,1.375626467271888,-0.8865907827742915,0.18471459159961298,-0.003519425214014152,1.0000004581927582,-1.104475792476582e-08,0.99999999998052,-3.0649218625118037e-13,1.0000000000197102,4.2452999775098715e-13,1.0000000036449757,4.2605745828937496e-10,0.9999999999999994,-1.199147556946277e-16,0.9999999999999993,-6.918036060913976e-16,0.9999999999999998,5.774082878174215e-17
0.015850410027701954,6.30229597124592e+18,350940262991824.56,1.7466579254372279e-19,5157962.956339453,-1.0422161573702091,-0.04201212845650849,1.4405973696407597,0.8900851370736302,1.374701769191004,-0.8864643989455769,0.18470112275910072,-0.0036207410249210394,1.0000004540352079,-1.1260237411131137e-08,1.0000000000050753,8.214727073276956e-11,0.9999999999949867,-8.21986558181386e-11,1.000000000000002,-5.102731194314062e-17,1.0000000036724366,2.1128933717465471e-10,0.9999999999993318,2.289492511079648e-13,0.9999999999999993,-6.389485839188359e-17
0.016313345440499318,6.279649921482195e+18,350906822269261.0,1.7573816096708508e-19,639075.815394727,-1.0428046504972421,-0.04299317535578626,1.4415627856092466,0.8900570042538504,1.3737505812158477,-0.8863321080620143,0.1846868950076442,-0.003724899332084382,1.0000004496513282,-1.147450481091757e-08,0.9999999999999893,1.044431204752138e-14,0.999999999998319,-3.2743146789770495e-12,0.9999999999995121,1.0778138372712662e-12,1.0000000000000009,-1.1577429720153152e-15,1.0,3.3640143269137883e-16,1.0000000000000002,-3.330725887529016e-17
0.016789801588473076,6.256345476018898e+18,350871402852989.1,1.7686697886206806e-19,1915115.3047155729,-1.0434169494870602,-0.04398583590183314,1.4425562271560073,0.8900256456675485,1.3727721615713246,-0.8861936737829367,0.18467187335792107,-0.00383197528585595,1.0000004451205868,-1.1688391241126119e-08,0.999999999990522,6.718630689532377e-12,1.0000000000099822,-6.377168643504937e-12,1.0000000147043109,7.338778451720345e-10,1.0000000000000102,2.258605825152344e-15,1.0000000000000007,-1.0173624103907128e-16,1.0,-6.814100014050542e-17
0.017280173365326883,6.231826326259541e+18,350833886384480.5,1.7805500563205046e-19,1438473.758052649,-1.0440535087378926,-0.044989529065563034,1.4435784956644493,0.889990709700161,1.371765764989459,-0.8860486686516064,0.18465600168825871,-0.003942044729922726,1.000000440446037,-1.1903994981865415e-08,1.0000000000121536,-3.229813141663506e-12,0.9999999999876441,3.750104144417788e-12,0.9999999999382441,4.518901719936187e-10,1.0000000000003506,-5.758650101665479e-13,0.9999999999995861,6.318587101849972e-13,0.999999999999998,-1.6220530153651647e-15
0.017784867198237613,6.206491776794676e+18,350794164676601.44,1.7930493066615675e-19,1274070.7358805183,-1.0447147363190297,-0.046003637506437677,1.4446303985594604,0.8899520107020736,1.370730620939903,-0.8858968295447239,0.1846392431098167,-0.004055185138755999,1.0000004356100183,-1.2116577981278204e-08,1.00000000000787,7.545732216727557e-12,0.9999999999894563,-8.582077385397839e-12,1.0000000000315667,-2.2890101540755835e-10,1.0000000000000009,-1.9811214405631144e-15,0.999999999999999,0.0,1.0000000000000002,-7.827609676537789e-17
0.018304301384708063,6.179919239500327e+18,350752091745682.94,1.806192297271273e-19,8309531.167344253,-1.0454008960659316,-0.04702752886937476,1.4457127833431127,0.8899093140717346,1.3696659266198328,-0.8857378409217888,0.1846215529208337,-0.004171477452486868,1.0000004305507502,-1.2321472584373233e-08,0.9999999999995403,3.230428824467384e-14,1.0000000000003406,1.9499317701856336e-13,0.9999999963597445,-5.113762022724289e-10,1.0000000000000033,1.9960186246965493e-16,1.000000000000003,-1.5805599677182003e-15,1.0000000000000002,4.542401110864561e-17
0.018838906439257917,6.152196150597052e+18,350707541178848.75,1.8200175645203356e-19,8258179.721054914,-1.0461123662907816,-0.04806051688053889,1.4468264997974158,0.8898622698938732,1.3685708892792148,-0.8855712734400437,0.18460287409096293,-0.0042910010996029075,1.0000004252904326,-1.2519749882053839e-08,1.0,6.438186461286398e-17,1.0000000037001862,6.64864628972401e-11,1.000000000000003,-1.266795862585487e-15,0.9999999999999937,1.350074159780836e-17,0.9999999999999992,-1.4215057820195592e-16,1.0000000000000002,-3.866338544183279e-16
0.019389125450240383,6.123619429172211e+18,350660355946411.25,1.8345477648432246e-19,4128868.291950808,-1.0468493465423911,-0.04910190821248762,1.4479724349130585,0.8898105701102456,1.367444676431052,-0.8853967356061276,0.18458315211401416,-0.004413839516613989,1.0000004199633126,-1.2723344006092507e-08,0.9999999999980889,2.6207787402842863e-11,1.0000000000023548,-2.62477128544557e-11,1.0000000036656276,3.089331278084043e-10,1.0000000000000022,-1.097211190996656e-15,1.0000000000000007,-3.497104755585596e-16,1.0,-4.9341678339389975e-18
0.019955414447080187,6.093673013749725e+18,350610394933500.25,1.849815196648516e-19,1269121.5239887426,-1.0476119770400238,-0.050150988707084954,1.4491514921539537,0.8897539411231746,1.3662864329078424,-0.8852138683995203,0.1845623386939087,-0.004540078127640384,1.0000004143780825,-1.2920026425583721e-08,1.000000000091306,-8.806822879375506e-11,0.9999999999015478,-3.376395181363169e-13,1.0000000000047253,8.757995425941072e-11,0.9999999999999997,-1.119827835069976e-15,0.9999999999999988,6.246005493872061e-16,0.9999999999999988,-2.0040614333768005e-16
0.0205382427782373,6.062653639768522e+18,350557491586045.7,1.8658534588304222e-19,8092009.721666135,-1.0484004108964164,-0.05120702098671485,1.4503645952780864,0.8896920014372584,1.3650952986392824,-0.8850222049811537,0.18454037014389052,-0.004669802277371383,1.000000408673268,-1.311029521587605e-08,1.0000000000030824,-2.4832577212484956e-12,0.9999999999969524,2.46772750350035e-12,1.0000000036999195,1.1370864293264895e-10,1.0000000000000002,-1.8677570232924335e-16,1.000000000000002,7.889831883248588e-15,1.0000000000000007,-8.09915101898586e-17
0.021138093500209707,6.030634850210007e+18,350501456133037.94,1.8826947545253044e-19,994740.3228563991,-1.0492146699531233,-0.05226926266010646,1.4516126930970512,0.8896243737272296,1.363870387914237,-0.8848212801330075,0.18451718336141457,-0.0048030998599350215,1.000000402755405,-1.3296196946427004e-08,0.999999999995742,-5.929350560979672e-11,1.000000000004243,5.930844385463437e-11,0.9999999999245697,4.506661566291649e-10,1.0000000000000002,-4.3639800057059667e-16,0.9999999999999998,1.544312580307411e-17,1.0000000000000004,6.609420366675427e-17
0.02175546377789757,5.997547333182637e+18,350442135550317.44,1.9003716533115452e-19,7970901.405925044,-1.0500547310404116,-0.053336966992991355,1.4528967597016715,0.8895506856226671,1.3626107900308297,-0.8846106314170554,0.1844927149579077,-0.004940060944294942,1.000000396670142,-1.3471425955314018e-08,1.0000000000020703,3.199747798858019e-11,0.9999999999976997,-3.2074835191645384e-11,0.9999999962552943,7.736354169898084e-11,1.0000000000000002,8.844246275806339e-15,1.0000000000052285,-4.5449017238259774e-12,0.9999999999999996,-3.984820136229983e-17
0.02239086529666063,5.962925049973238e+18,350379311913463.44,1.918923025281297e-19,119506.42457263282,-1.0509205073386063,-0.05440938752760327,1.4542177844568616,0.8894705219139976,1.3613155850116951,-0.8843897531286822,0.18446689554649295,-0.005080776026556939,1.0000003904326276,-1.3643250228318391e-08,1.0000000000111966,1.072041759426917e-11,0.9999999999888152,-1.0879525839782468e-11,0.9999999999999819,-4.251342224630064e-15,0.9999999999979086,-2.8378158232369164e-12,1.0000000000000033,1.7275703027617422e-15,1.0000000000000007,-4.9067562595855817e-17
0.023044824686410406,5.927521476635281e+18,350312788323045.25,1.93838227024299e-19,7841403.39135445,-1.0518117756130394,-0.05548580128472417,1.455576793601728,0.8893834593467621,1.3599838144333927,-0.8841581276077259,0.18443965730985953,-0.005225339513852894,1.0000003840671314,-1.3805535240294549e-08,0.9999999999997864,3.6721591583326596e-11,1.0000000000000862,-3.6658554191314654e-11,1.0000000037783427,-2.686105797072659e-10,1.0000000000000007,-4.1278255011311507e-16,1.0000000000000013,-1.0969517756489261e-15,1.0000000000000004,-1.1072177878860271e-16
0.023717883958088628,5.890905674313899e+18,350242351420513.2,1.9587894971599135e-19,1866983.1090224164,-1.052728339428512,-0.05656547902981769,1.4569748211215439,0.8892889912307199,1.3586145291361207,-0.8839151556148277,0.1844109154210667,-0.0053738439565679495,1.0000003774654707,-1.3962926218113945e-08,0.9999999999142981,3.5226659182210073e-11,1.000000000073809,-3.5594395206536014e-11,1.0000000000140121,-9.042922802539397e-12,0.999999999999997,-4.106531947545518e-16,1.000000000000001,1.041575042462965e-15,1.0000000000000004,-1.620924967368605e-16
0.02441060095289369,5.852951946424879e+18,350167776182244.56,1.9801784293322886e-19,7703505.659381185,-1.053669845124979,-0.05764774352326194,1.4584129410803912,0.8891866623347812,1.357206728379579,-0.8836602840760421,0.18438059655765454,-0.00552638719877933,1.0000003707905958,-1.4113369515552578e-08,0.9999999999549628,2.02526519150867e-12,1.0000000000453277,-2.432478832685021e-12,1.0000000036965968,2.2244351919880542e-10,0.9999999999999989,-1.6471154264393966e-16,0.9999999999999992,1.1743411840886727e-16,1.0000000000000007,9.101188591900671e-17
0.025123549804627457,5.814072471674686e+18,350088812598756.94,2.002591150318783e-19,596637.6871420635,-1.0546358773036708,-0.058731937886452965,1.459892239748625,0.8890759184502267,1.355759412900535,-0.8833928617727017,0.1843486137097493,-0.005683066251812204,1.000000363952045,-1.425092637927996e-08,1.0000000000045681,4.9175958892997815e-11,0.9999999999953633,-4.9182254428060216e-11,0.9999999999117574,4.4878951424752385e-10,1.0000000000054738,-4.331829286321226e-12,0.9999999999932625,3.684377223011848e-12,0.9999999999999999,-8.462511407049707e-16
0.02585732141554562,5.773890241952247e+18,350005205895763.94,2.0260655271348705e-19,1603820.494009116,-1.055625988253059,-0.05981744660530011,1.4614138301061106,0.8889562197909071,1.354271559437506,-0.8831122500218801,0.18431487716014955,-0.005843980013606371,1.0000003569539517,-1.4382809978221533e-08,0.9999999999676863,1.6479135922952194e-12,1.0000000000323652,-1.609167147628252e-12,1.0000000027642517,9.759470123967846e-10,0.999999999650934,-5.645265366923036e-10,1.000000002215582,5.747055843534127e-10,0.9999999999999998,1.441500441328301e-17
0.026612523946105974,5.732734191435161e+18,349916693683878.7,2.050643417908708e-19,7481131.957513785,-1.0566395952876348,-0.06090371523783986,1.46297885406639,0.8888269855594353,1.3527421178138739,-0.8828177667050938,0.184279295169334,-0.006009229806756575,1.0000003498291645,-1.4498887766783342e-08,1.0000000000000098,-3.354407434901248e-15,1.0000000000891844,-4.5347597249072407e-10,1.0000000000008242,-4.3544700356084306e-13,0.9999999999999928,-9.728697396953469e-16,1.0000000000000004,-1.0934026809474415e-16,1.0000000000000002,-5.863095800978034e-18
0.027389783319020533,5.690554173110668e+18,349822975728127.44,2.0763669927778849e-19,7402970.709020364,-1.0576761121489326,-0.061990236933699615,1.4645884646841028,0.8886875781496657,1.3511700338548083,-0.8825086733530377,0.18424176885929136,-0.006178916495036945,1.0000003425887405,-1.4608490091738504e-08,0.9999999999670548,6.961865082365372e-12,1.0000000000363864,-7.682468073138e-12,1.0000000110663245,9.507518612344313e-10,0.9999999999998169,-6.59313889882885e-13,1.0000000000001228,8.591548568958131e-13,1.0000000000000004,-5.325436440307553e-16
0.02818974373802929,5.64714549257366e+18,349723764179420.2,2.1032789630006628e-19,7322854.394013373,-1.0587348308363858,-0.06307658949251653,1.4662438587160103,0.888537319621418,1.3495542192391237,-0.8821841881320787,0.18420218978923952,-0.006353143973807696,1.0000003352326206,-1.4704536028464282e-08,0.9999999999963604,2.1952529131434456e-12,1.0000000000035354,-2.1315357777071897e-12,1.0000000036912213,3.27371829227986e-10,0.9999999999999996,-7.900039386888225e-16,1.0000000000000022,5.571253765439891e-16,0.9999999999999997,6.666557473177027e-17
0.02901306822182553,5.602550926168844e+18,349618729354923.5,2.131423549075738e-19,562953.5568511396,-1.0598150088894123,-0.06416242084633055,1.4679462440741193,0.8883755462911673,1.3478935706677,-0.8818435426672442,0.1841604533482047,-0.006532016935247781,1.0000003277392377,-1.4784075333343357e-08,0.9999999999447348,3.5081407550811036e-12,1.0000000000553029,-3.576152264435108e-12,0.9999999998972943,4.451169348252938e-10,1.0000000000000022,-2.4357647898117633e-16,0.9999999999999996,9.872059891714312e-17,1.0000000000000002,1.6571887501062247e-16
0.029860439153575245,5.557246073773055e+18,349507546571343.3,2.1608444106186796e-19,7156957.561991325,-1.0609158787868687,-0.06524745187347246,1.4696968451811996,0.8882015100684928,1.3461869794352215,-0.8814858845567217,0.18411644381868633,-0.006715639691824355,1.0000003202201715,-1.485938081947907e-08,1.0000000000007523,2.5700431077788598e-12,1.0000000074793896,3.015859677607663e-10,1.0000000000011602,-8.315201802148428e-13,1.0,2.0533077521740007e-15,0.9999999999999998,-2.4247185100324045e-16,0.9999999999999997,-4.0018443127856694e-16
0.03073255884648612,5.510863614037156e+18,349389844828672.9,2.1915861734448936e-19,7071294.761036625,-1.0620365714065088,-0.06633151484357304,1.4714969242101268,0.8880144146498323,1.3444333074952008,-0.8811103109820583,0.18407003707065145,-0.006904118759588926,1.0000003125712529,-1.4918575378358454e-08,1.000000000034633,-8.946972078462483e-12,0.999999999964691,1.3897653196704848e-12,1.0000000073748483,8.074804612263409e-10,0.9999999999999998,-1.5590857788950615e-16,0.9999999999999978,5.918224043256722e-16,0.9999999999999998,-1.8493979995659654e-17
0.03163015012589481,5.463682316811163e+18,349265249515208.5,2.223706188023108e-19,2502464.5594917936,-1.0631762527627693,-0.06741452591155354,1.473347760653075,0.887813395019212,1.3426314069964531,-0.8807158503685041,0.18402110146218925,-0.007097560698593475,1.0000003048786303,-1.4970746460136643e-08,0.9999999999797929,-3.997365480810974e-12,1.0000000001085008,-4.3213170719601267e-10,1.000000000018595,-1.0329815994798792e-11,0.9999999999999994,1.7933459448142518e-16,1.0,-1.0872021847546874e-16,0.9999999999999994,1.0038321462757475e-16
0.032553956928354964,5.415484782361251e+18,349133371759910.94,2.2572395044968317e-19,3083579.491393233,-1.0643339744493545,-0.06849651652419794,1.4752506496922113,0.8875976582003607,1.3407801084079862,-0.8803016021064013,0.1839695113431073,-0.007296073142656601,1.0000002971130988,-1.5003004122273974e-08,0.9999999999913586,-5.282123234744341e-11,1.0000000000089717,5.266748372638535e-11,1.000000003891948,-4.27227398694077e-10,0.9999999999999987,1.4035830171573591e-15,1.0000000000000002,-1.2533789797180024e-16,1.0000000000000002,-1.0860703697872692e-16
0.033504744918222536,5.366405905783052e+18,348993789083028.4,2.2922386601015985e-19,492750.55364519684,-1.0655088446221477,-0.06957762477848056,1.4772069197664182,0.8873662083422843,1.3388782334819165,-0.8798664630062484,0.18391511651870646,-0.007499763431471536,1.0000002892807156,-1.502138327388798e-08,1.0000000000169131,3.725753043337914e-12,0.9999999999836134,4.787523758662239e-12,0.9999999999972702,-1.280490312498891e-11,1.000000000000004,-1.8652306714022026e-15,1.0,4.2934752126805433e-16,0.9999999999999994,-5.59985289293775e-17
0.03448330212224942,5.316619550724044e+18,348846054181693.7,2.328754752088877e-19,6712229.768689192,-1.066699946919094,-0.07065808854090956,1.4792178997763796,0.8871180950601517,1.3369245995389538,-0.8794093764732822,0.18385777076891205,-0.007708737775573488,1.0000002814853732,-1.5042563497293408e-08,1.0000000000000004,2.673706550343051e-17,1.0000000073538595,1.0090205392903694e-09,1.0000000000000164,-1.0579467651350859e-13,0.9999999999999997,2.5638844393629216e-16,0.9999999999999991,-8.855733650506774e-17,1.0,-1.2845086805727394e-16
0.03549043958271133,5.266217565870711e+18,348689701994505.06,2.366842511906031e-19,6618781.7402053755,-1.0679063442189332,-0.07173827989430956,1.4812849610271315,0.8868522720798954,1.3349179947111152,-0.8789291882400494,0.18379731465253915,-0.007923104169605701,1.0000002736000715,-1.5029116438539707e-08,1.0000000000096743,3.6973939809449455e-11,0.9999999999903277,-3.70335455462809e-11,1.0000000036726986,5.301533315202486e-10,0.9999999999999992,2.28743323393095e-16,0.9999999999999994,-1.3097175263407748e-16,1.0,1.0413894974976296e-16
0.0365269920296113,5.215034201406113e+18,348524233533024.9,2.406549414021216e-19,6524049.10081649,-1.069127157281514,-0.0728186813929656,1.4834094775930688,0.8865676360814091,1.3328572116980055,-0.8784246894975076,0.18373358139608104,-0.008142968102855369,1.0000002657190288,-1.5008877336534944e-08,1.0000000000215288,1.840752455539286e-11,0.9999999999778363,-2.111848134396159e-11,1.0000000037965648,1.1516707650716193e-10,0.9999999999999876,-1.6680606737517647e-15,0.999999999999999,3.2492830494678374e-16,0.9999999999999992,-1.3963607054825932e-16
0.037593818572515925,5.163311977609078e+18,348349130844984.6,2.447924691647756e-19,6428134.126914205,-1.0703615025051825,-0.0738998939004721,1.4855928551905997,0.8862630485724512,1.3307410183755857,-0.8778946351553037,0.18366639740529442,-0.008368436174185381,1.0000002578445657,-1.4978581939197865e-08,0.9999999999650858,3.092916841199879e-12,1.0000000000350395,-2.7494458220595645e-12,0.9999999999999897,-4.8802341932635556e-14,1.000000003665376,5.878649637923886e-10,1.0000000000001406,5.4220051703602755e-14,0.9999999999999992,-8.763197760765138e-17
0.038691803412597696,5.110971343129412e+18,348163836408482.5,2.4910403260058153e-19,6331143.323631432,-1.0716085339885737,-0.07498263514479428,1.4878364901217744,0.885937280929439,1.3285682006764705,-0.8773376943582905,0.18359558044409433,-0.008599610615665438,1.0000002500152028,-1.4934982988097773e-08,1.0000000000153482,1.0499192575070482e-10,1.0000000036549574,6.173666650721201e-10,0.9999999999909517,-1.0489496582744525e-10,0.9999999999999999,3.470983262063306e-15,1.0000000000000009,1.346881319100301e-16,0.9999999999999998,1.1042187023785687e-16
0.03982185657547365,5.058401448622797e+18,347967781343067.3,2.535933392787283e-19,6233186.592170966,-1.0728675109477877,-0.07606773556039755,1.4901418194277385,0.885589036443996,1.3263375192668916,-0.8767524679835904,0.1835209328026401,-0.008836593842652533,1.0000002422267815,-1.4880093124572348e-08,1.000000000008061,-8.159121656853241e-12,0.9999999999911143,7.48097147772111e-12,0.9999999924061237,-4.327164790234102e-10,0.9999999999999994,-3.6998101364759334e-16,0.9999999999999564,-4.4289465827452486e-13,1.0000000000000002,-9.040932954694685e-17
0.04098491466544768,5.005044238502126e+18,347760345377343.25,2.5826754204719277e-19,748946.1302538539,-1.0741376878362345,-0.07715614099466946,1.4925102684000138,0.8852169996206887,1.3240477439866076,-0.8761375410688325,0.18344225935149547,-0.009079485321900765,1.000000234420398,-1.4799783361263693e-08,1.0000000001295126,-7.56039649524037e-11,0.9999999998756376,-1.1029087097421818e-10,1.0000000000136222,1.831890269442009e-10,1.0,-3.0830163947071496e-16,1.0000000000000016,3.213384910514585e-16,0.9999999999999998,7.93814671711984e-17
0.04218194164178165,4.951611301198956e+18,347540886852614.06,2.6313096660035155e-19,6034828.34432617,-1.0754184481982278,-0.07824890740430145,1.4949432987772109,0.8848197234763777,1.3216976297629461,-0.8754913689976855,0.18335934342133026,-0.00932838268737394,1.000000226716511,-1.4717197089747922e-08,0.9999999999757836,-3.31928954935834e-11,1.0000000000375253,5.018291792904308e-11,1.0000000074353974,9.83431728948684e-10,0.9999999999999998,-1.3854490752142446e-16,1.0000000000000004,-1.9101512271800397e-16,1.0,8.912868711980226e-17
0.04341392961763867,4.89795022599337e+18,347308724883738.3,2.6819162232770286e-19,5934658.756296377,-1.0767092612485705,-0.0793471754196852,1.4974423415814515,0.8843956625816642,1.319285971409058,-0.8748123160394964,0.1832719591744591,-0.009583376240735414,1.0000002190991475,-1.4625743434468119e-08,0.9999999999714553,-4.800003739457368e-11,1.0000000000266982,4.85531149008229e-11,1.0000000076136768,6.286810683310577e-10,1.0000000000000022,-4.959979616766775e-15,0.9999999999999954,6.308554099210451e-16,1.0000000000000009,4.266025958725746e-15
0.04468189968236078,4.844069436521057e+18,347063142297781.8,2.734539282761016e-19,5833985.425395045,-1.078009679399095,-0.0804521992691772,1.5000088795589779,0.8839432617875567,1.3168115188187286,-0.8740987351125515,0.18317987397004232,-0.009844557915106475,1.0000002114980462,-1.4508891472516634e-08,1.000000000008889,-3.127368608673144e-11,1.0000000037338908,4.925619733061355e-10,1.0000000000067055,1.1520536886599643e-12,0.9999999999999991,-3.174011935681458e-17,1.000000000000002,-6.589143215460736e-16,0.9999999999999999,2.357578552829306e-18
0.045986902747762425,4.79008876358028e+18,346803379514832.7,2.789247968301756e-19,5732926.712601976,-1.0793193701807624,-0.08156530110602392,1.502644356552609,0.8834608192006581,1.3142730761508223,-0.8733488422118539,0.18308283980427764,-0.010112009822426151,1.0000002040725366,-1.4395304090740466e-08,0.999999999996118,1.3998099806979091e-11,1.0000000000064766,-1.5164435530176438e-11,0.9999999927250948,-1.6505027100931851e-09,0.9999999999999998,4.917183407604157e-16,0.9999999999999998,1.4243867747198173e-16,0.9999999999999998,-1.0042490738385074e-17
0.047330020419141305,4.736102419020017e+18,346528643835118.94,2.8461109859187343e-19,5631600.566919202,-1.0806380990503577,-0.08268790033555112,1.5053502265414698,0.8829466559316137,1.3116694365294552,-0.8725608789557951,0.1829806095762294,-0.010385811454044698,1.0000001966897165,-1.4255876014569105e-08,0.9999999999915025,1.285808044484498e-11,1.0000000000091884,-1.298466309673236e-11,1.0000000037831762,4.229913805122894e-10,1.0000000000000004,-1.2918977227926008e-16,1.0000000000000002,-1.6373140369406414e-16,1.0000000000000002,-2.6196430964971225e-17
0.04871236589172839,4.682153168735733e+18,346238102915046.56,2.90519593910059e-19,5530124.358835249,-1.0819658273434563,-0.08382146369100495,1.5081279549903774,0.8823988438477476,1.3089994146434527,-0.8717328451816004,0.18287290312680873,-0.01066603484138871,1.0000001894168316,-1.4109927745526109e-08,1.0000000000000002,3.117835980032343e-16,1.0000000037807337,4.6195335698366927e-10,0.9999999999999996,4.083306537760153e-16,1.0000000000000002,-3.359660897299654e-16,0.9999999999999991,-5.630947238812869e-16,0.9999999999999998,-8.583321408556255e-17
0.05013508487332012,4.628144244214785e+18,345930877329392.5,2.9665642999469334e-19,3304175.4828760736,-1.0833025746332616,-0.08496751615600841,1.5109789699298535,0.8818154879099153,1.3062618556041126,-0.870862780999572,0.18275944731432905,-0.010952744834704401,1.0000001822698592,-1.3952610487761078e-08,1.0000000000371632,-9.39368481967565e-12,0.9999999999628886,9.41470668110516e-12,1.0000000037777257,5.014981982448355e-10,0.9999999999999925,1.9434619719121845e-15,0.9999999999999998,1.2773785921284278e-16,0.9999999999999999,1.1079959605828171e-17
0.051599356533857485,4.5744834637185603e+18,345606030862457.44,3.030294883817569e-19,3584881.5908961347,-1.0846485420108714,-0.08612764698835369,1.5139047181624548,0.8811945241826746,1.303455608467301,-0.8699485638169351,0.18263994627828764,-0.011246000091595952,1.0000001752808063,-1.3789494157396318e-08,1.0000000000028149,2.7563463227233983e-11,0.999999999997129,-2.7601240032114598e-11,1.00000000034183,-8.634055890303087e-10,0.9999999999842678,-2.061728872843227e-12,1.0000000000232947,2.653882156616848e-12,0.9999999999999998,-2.7015839446506543e-17
0.05310639448273904,4.5210222813974216e+18,345262599826879.5,3.0964507205644953e-19,5225946.039343977,-1.0860040897977434,-0.0873034563777933,1.5169065964069939,0.88053383527868,1.3005795807556573,-0.8689880297591894,0.1825140957772178,-0.011545847098491793,1.0000001684199546,-1.36128175327728e-08,1.0000000000552494,-1.1164624462769092e-11,0.9999999999446207,1.1371785236087488e-11,1.0000000034072511,1.4382374414057268e-09,1.0000000000000002,-1.985687799900896e-16,0.9999999999999994,-1.4410102364659845e-15,0.9999999999999996,3.7837225895345285e-17
0.054657447774677806,4.467722321399194e+18,344899558460968.8,3.165123973138017e-19,5125009.168588849,-1.0873697265452407,-0.08849655004059727,1.51998598135579,0.8798311570270533,1.2976327157741323,-0.8679788781318026,0.1823815758118741,-0.011852322379785734,1.0000001616857233,-1.3425324397664299e-08,1.0000000000078635,-1.2126052309021175e-11,0.9999999999925293,1.2655694086000316e-11,0.9999999999983006,-1.7405947377277783e-12,1.0000000069114403,1.706796267792458e-09,1.00000000078303,-5.566095804747676e-10,0.9999999999999999,-2.0159796499939946e-16
0.056253801944935775,4.414866505559936e+18,344515831714868.2,3.2363752617113296e-19,5024478.993731628,-1.08874604537462,-0.08970860517201854,1.5231442626026923,0.8790842074039488,1.2946139464554471,-0.8669187947630903,0.1822420638538555,-0.012165458083054347,1.0000001551098265,-1.3231154834845322e-08,0.999999999975246,5.99972379399495e-12,1.0000000000253602,-6.312655917720297e-12,1.0000000075156896,1.3577374503122079e-09,1.0000000000000133,5.7794054391198645e-15,0.9999999999999938,-2.569050169728513e-15,1.0000000000000004,-1.568249642024616e-15
0.057896780074794006,4.362313912853762e+18,344110291330908.0,3.3103013206389127e-19,657405.3054834383,-1.0901339395326701,-0.09094120815686665,1.5263827246224282,0.8782904157964726,1.2915223432449265,-0.8658052006534851,0.18209520498112383,-0.012485262595071227,1.0000001487010266,-1.3029441649166511e-08,1.000000000012918,1.1166090396445617e-11,0.9999999999891627,-1.6685452427009565e-11,0.999999999995356,-1.5177542524821587e-12,0.9999999999999999,-3.847269248784964e-16,0.9999999999999988,3.1228270865349983e-15,0.9999999999999997,-1.8054198200908494e-16
0.05958774388814141,4.3101820494273556e+18,343681762273832.56,3.386973129768664e-19,693309.8319759816,-1.0915343443863783,-0.09219598970857029,1.5297026733316657,0.8774472981920252,1.2883569483260024,-0.8646356065422963,0.18194065109447646,-0.012811741163286034,1.0000001424480924,-1.2817579149168449e-08,0.9999999999958371,-7.18201928702682e-12,1.0000000000206222,8.142809709549669e-13,0.999999999985575,6.4419343464968225e-12,1.000000003741058,7.670873288248641e-10,1.0000000000020788,7.063548476491194e-13,1.000000000000001,1.3680203376879964e-16
0.06132809488009109,4.258668575180293e+18,343228998036230.9,3.4664843321440614e-19,1921367.8886353287,-1.0929483979331422,-0.09347452962842495,1.5331053167779827,0.8765521541939286,1.2851169240084723,-0.8634073288256964,0.18177803183353095,-0.013144876994749404,1.0000001363651976,-1.2601359281994523e-08,1.0000000000120453,6.245964907096232e-11,0.9999999999874924,-6.346989764407444e-11,1.0000000000004436,9.892184426154087e-13,1.0000000032976244,1.6722790620617256e-09,1.000000000029932,-2.953785552811911e-11,0.9999999999999991,-5.78338079917602e-17
0.06311927547855962,4.2076141134719017e+18,342750691908035.94,3.5489215647260564e-19,1356722.9865831616,-1.094377398872421,-0.0947783468019211,1.5365918355042334,0.8756021574307777,1.2818014705036114,-0.8621175694605666,0.18160696644334443,-0.013484641761387951,1.0000001304329706,-1.2377860288584363e-08,0.9999999999999994,-4.91739814455327e-17,1.0000000028769858,2.5190678920463344e-09,0.9999999999999992,0.0,0.9999999999999999,-2.491023043316306e-16,1.0000000000000002,7.009704358105159e-17,1.0000000000000007,-3.6299566955509455e-16
0.06496277023977205,4.1570886782034534e+18,342245500552306.2,3.6343809133989095e-19,4531366.166619883,-1.0958227960511522,-0.096108944289746,1.540163362571586,0.8745944211959097,1.2784098470999405,-0.8607634866766817,0.18142706257312627,-0.01383099052673364,1.0000001246938723,-1.21490479819931e-08,0.9999999999428325,-7.225223015882216e-11,1.0000000043338682,7.124280172743871e-11,1.0000000000595037,3.5139760746524196e-10,1.0000000000000013,-3.997244661537231e-16,0.9999999999999999,-9.406349007770828e-16,0.9999999999999994,2.2091283791910083e-17
0.06686010707868342,4.107058409796341e+18,341711982702329.0,3.7229518336872347e-19,2340545.5975629655,-1.097286239223056,-0.09746769536012939,1.5438208943454108,0.8735258398521553,1.274941467408716,-0.8593420463902652,0.18123791024442537,-0.014183851736407611,1.0000001191115513,-1.1909791937028548e-08,0.9999999999776857,-1.0522757161773656e-11,1.000000003303717,1.9018385196989643e-09,0.9999999999797927,-1.3837701625563598e-10,1.0000000000000013,-4.557101414453499e-16,0.9999999999999986,4.0167187957371873e-16,0.9999999999999991,2.0995262940182143e-16
0.06881285853533667,4.057647391967413e+18,341148660482099.5,3.814757467441361e-19,4340217.749063516,-1.0987694577131641,-0.09885593983866649,1.5475654029086903,0.8723932866124906,1.2713957697966929,-0.8578502049114075,0.18103909900594134,-0.014543142294001886,1.0000001137228827,-1.167310573473186e-08,0.9999999999999998,4.930054215823147e-17,0.999999995838734,-2.3328868810645985e-10,0.9999999999999999,-1.5887034704115562e-16,0.9999999999999998,3.4737226990194464e-16,0.9999999999999997,2.9928147546036105e-17,1.0000000000000009,-9.339601959487002e-17
0.07082264307820639,4.00890180232816e+18,340553974876838.9,3.9098829664829507e-19,4246259.4663965525,-1.1002743783874465,-0.10027490959980288,1.5513977482475105,0.8711934862666031,1.2677723230026292,-0.856284796817168,0.18083020013372259,-0.014908752410682204,1.0000001084954826,-1.1426349391186132e-08,1.0000000000003861,2.8963130029441797e-15,0.9999999999991822,3.5402665160418907e-12,1.0000000036878005,1.067338668138802e-09,1.0,6.318112147868086e-17,1.0000000000000022,4.886538605169942e-16,0.9999999999999999,5.2825330745696214e-17
0.07289112644560879,3.960866907964636e+18,339926305280146.6,4.008424015441867e-19,4153466.5963667464,-1.1018030909276213,-0.10172571385607687,1.5553186833331347,0.8699229875596914,1.2640708113403294,-0.8546425032982965,0.18061077633995432,-0.015280549641465727,1.0000001034362331,-1.1175667826785887e-08,0.9999999999807362,3.7421483771263567e-11,1.0000000000189435,-3.869007813024966e-11,1.0000000083147058,6.932566071854462e-10,1.0000000000011207,1.6997593439659459e-12,0.9999999999986746,-1.7343286105402748e-12,1.0000000000000004,-1.498544737261421e-16
0.07502002302628955,3.9132883896313083e+18,339263939148358.1,4.110559176766014e-19,192466.07018640402,-1.1033577684943232,-0.10320936544837563,1.5593288566131909,0.8685782256201989,1.2602910379909467,-0.8529199180399606,0.1803803759926325,-0.01565837542940375,1.0000000985622517,-1.0923731093171918e-08,0.9999999999994795,-3.4429073673724517e-12,1.0000000000005627,3.417567648842965e-12,0.9999999999976678,-9.828135438396575e-12,0.9999999999999983,2.113601807790744e-15,1.000000000000001,-1.0877536595395554e-15,0.9999999999999994,1.1876016160416651e-15
0.07721109728033382,3.8664369149164605e+18,338565140373216.44,4.2163244464612005e-19,3971611.0454954305,-1.1049407705547267,-0.1047267245347867,1.563428781623962,0.8671555792082815,1.256432937464154,-0.851113603568058,0.18013855104736945,-0.016042046008097815,1.0000000938686717,-1.0673152294894952e-08,1.0000000000081168,4.258323361961474e-11,0.9999999999919039,-4.25941201559962e-11,0.9999999969086855,-2.0082185685610725e-09,1.0000000000111795,-1.414929452845998e-11,0.9999999999630281,-1.4344490823512716e-11,1.0000000000000007,-1.450445666046576e-16
0.07946616520157616,3.819979487807718e+18,337828056362884.6,4.3259090068884837e-19,223645.38324971867,-1.1065545661524077,-0.10627850901134624,1.5676188192417877,0.8656512518503767,1.2524966121939092,-0.8492199797599748,0.17988483819282688,-0.016431345025289736,1.000000089343091,-1.041488667564371e-08,1.0000000000000004,-2.1646650942663125e-16,1.000000003622225,1.3134468208833077e-09,0.9999999999993517,3.992963175691861e-13,0.9999999999999498,6.818389051489619e-14,0.9999999999999888,7.315759854231496e-15,1.0,-7.445464333600659e-16
0.08178709582272228,3.774366293897424e+18,337050776476618.6,4.4394583498589e-19,3795068.0566041833,-1.1082017346348252,-0.1078653098970123,1.5718992325426244,0.8640612943193584,1.2484822702297118,-0.8472353381334361,0.1796187662994263,-0.01682603173743657,1.0000000849748043,-1.0152771614225599e-08,1.0000000000107003,-5.515270393581952e-13,0.9999999953145358,1.3584266974932557e-10,0.9999999999894341,-1.063492237438728e-12,0.9999999999999994,-6.350913692733372e-16,1.0000000000000016,0.0,1.0000000000000004,1.1024174268242295e-18
0.08417581276443024,3.729215927292659e+18,336231325306641.3,4.557069172951606e-19,3708897.3904116456,-1.1098849801676032,-0.10948753046439795,1.5762700774133942,0.8623817463609204,1.2443903217890655,-0.8451559948930095,0.17933986926440032,-0.017225829684144392,1.0000000807860363,-9.894750023408828e-09,1.0000000000198734,-1.6734187971897822e-11,0.9999999999801265,1.6757102696115356e-11,0.9999999937789917,-1.0471799281722414e-09,0.9999999999895599,4.693815334470882e-12,1.0000000000206466,-9.79818431078849e-12,1.0,1.0842807327817306e-15
0.08663429582963487,3.684826371555422e+18,335367645718140.44,4.67890852554579e-19,549391.7887636882,-1.1116071115241049,-0.11114541030454253,1.5807312454266604,0.8606084502737884,1.240221349785483,-0.842978101809933,0.17904767260029392,-0.01763042939225334,1.0000000767650385,-9.636273838692401e-09,1.000000000002968,-2.9670860904435364e-11,0.999999999997044,2.9701057447082424e-11,0.9999999984995477,-1.1495498979951905e-09,0.9999999999988818,-3.782963186055666e-12,1.000000000000767,1.0203824936935574e-11,1.000000000000002,-8.552053559065897e-16
0.08916458264443695,3.640796442000931e+18,334457600528435.25,4.805097022026745e-19,704332.0647831257,-1.113371034027388,-0.11283899387921714,1.58528243713393,0.8587371411233454,1.2359761303939416,-0.8406977398875151,0.17874169957830124,-0.01803948492347752,1.000000072899698,-9.377878035213476e-09,0.999999999981321,-4.621023704650748e-11,1.000000000018765,4.622146336850454e-11,1.000000000000435,-4.3973592392704443e-13,1.0000000000007578,5.90555366053923e-14,0.9999999999969326,-1.1601521870077491e-11,1.00000000000001,1.7949692681665e-14
0.09176877034691694,3.5971070536060196e+18,333498996491687.3,4.9358604656703125e-19,2345820.1333053457,-1.1151797132702725,-0.11456813605196398,1.5899231599665276,0.8567635235035277,1.2316556250401478,-0.8383109935479996,0.17842148134086658,-0.018452616449123594,1.0000000691854867,-9.11408274866277e-09,0.9999999999886509,-1.1052083449430251e-11,1.0000000000112692,1.1198904850135596e-11,1.0000000026488718,-2.791337971838859e-10,0.9999999999999988,8.832859812978273e-17,0.9999999999999991,-3.0051768909552277e-16,0.9999999999999999,-2.2635806914196643e-17
0.09444901732527322,3.5541379644218056e+18,332489557946924.75,5.071307618676192e-19,3378988.382555726,-1.1170362390366542,-0.11633248885700762,1.5946526953020501,0.8546831315645367,1.2272610229584875,-0.8358138177541559,0.17808654727511186,-0.018869403155460172,1.0000000656459407,-8.85589033955358e-09,1.000000000010868,1.636775332487979e-11,0.9999999999891466,-1.63460700135055e-11,1.0000000081929015,1.998183592101333e-09,0.9999999999999996,-2.0507183883722838e-16,1.0000000000000002,-2.1409984056720748e-16,0.9999999999999999,-1.028863265645533e-16
0.09720754500672525,3.511526266835549e+18,331426926689621.5,5.211702664654544e-19,3300325.108815232,-1.1189437178279675,-0.11813148015084395,1.5994700848553598,0.8524914434108829,1.2227937444839032,-0.8332021513264923,0.17773643532904757,-0.019289384326406325,1.00000006225103,-8.599402531820818e-09,0.9999999999919141,-4.220024785419922e-11,1.0000000000080893,4.203762628668649e-11,1.0000000075387327,2.8711311973153458e-09,1.0000000000000009,-1.3744643880067897e-15,0.9999999999999996,-4.534376698422017e-16,1.0000000000000004,-2.0286269404309577e-17
0.10004663969866433,3.4691908332196224e+18,330308701646053.9,5.357177563695497e-19,1538947.985319218,-1.1209053318592304,-0.11996432725662656,1.6043741514838386,0.8501838898877778,1.2182554180863214,-0.8304719233087527,0.17737069417471682,-0.019712061762997307,1.0000000589991467,-8.338363022826146e-09,0.9999999999891989,-2.924213724551145e-11,1.0000000000101081,3.023540307058644e-11,1.0000000000009406,-1.2038944352247803e-12,1.000000002662618,-1.2889864672585858e-10,1.000000000010121,6.250276948500769e-12,1.0000000000000009,6.46460050881604e-17
0.10296865448357807,3.4272675793263027e+18,329132408401860.5,5.507933013241112e-19,3147687.2740421463,-1.1229242954799972,-0.12183001454816376,1.609363430235314,0.8477558377916092,1.2136479449990902,-0.8276190432235893,0.1769888875305831,-0.02013689273691465,1.000000055893307,-8.083076509405234e-09,0.9999999999917106,-6.58851661761774e-12,0.9999999986592194,1.3579307797554478e-09,1.000000000020128,2.8389461548469487e-12,0.9999999999999989,-8.395468492788508e-16,1.0000000000000018,-1.0468462885428928e-15,0.9999999999999999,-1.0181774431799486e-16
0.10597601116931898,3.385606981952792e+18,327895505751617.9,5.664236547615315e-19,3073729.8837820464,-1.1250038327404859,-0.12372727657010218,1.6144361985262057,0.845202622024522,1.2089734672738532,-0.824639428702192,0.17659059592890708,-0.02056329451876108,1.0000000529287876,-7.830640399240387e-09,0.9999999999923713,2.1347910445440002e-11,1.0000000000075737,-2.1300272528111296e-11,1.000000004026953,1.3311051220064202e-09,1.0000000000002294,-5.203543162322808e-13,0.9999999999997817,2.87173786671502e-12,1.0000000000000004,1.2490803149097364e-16
0.1090712022963336,3.3442065567913436e+18,326595398515539.2,5.826300042769873e-19,3001352.5318669854,-1.1271472003876184,-0.12565460657060118,1.619590446528245,0.8425195415282699,1.204234397802375,-0.8215290067829506,0.17617541630401717,-0.02099063901126577,1.0000000500957869,-7.578192475119216e-09,0.9999999999936382,-1.773515806784195e-11,1.0000000000090037,1.717829783317472e-11,0.9999999998343652,-1.0442195071690039e-10,1.0000000012890284,2.6101606312310505e-10,1.0000000011593446,-9.528037256418231e-11,0.9999999999999993,-1.4119644390364943e-16
0.11225679320351586,3.3029635270056156e+18,325229423318210.9,5.994367401042242e-19,202951.5647716814,-1.129357626131135,-0.12761025607405108,1.6248238649301248,0.8397017493897883,1.1994334380737555,-0.8182836041133995,0.1757429564757902,-0.021418252652671277,1.000000047393628,-7.3251735983107625e-09,0.9999999999675463,-1.808194149069805e-11,1.0000000000324534,1.807403688717784e-11,1.0000000000000053,5.100670938199516e-15,0.9999999999976458,-1.46771964193244e-11,0.9999999999999993,-4.49527825313552e-16,0.999999999999999,1.1340818114143685e-16
0.11553542415439684,3.261897034557076e+18,323794912933699.5,6.168679276987066e-19,2861337.662576114,-1.1316383374042545,-0.12959217775672777,1.6301338156841632,0.8367446900414428,1.1945735601198053,-0.8148993770179184,0.17529288246285404,-0.02184542354936099,1.0000000448258999,-7.080688506550016e-09,1.0000000000098335,1.1136447079640239e-11,0.9999999999833185,-1.4816116499396825e-11,1.0000000000063383,3.1572370740172633e-12,1.00000000269804,1.6531194211049364e-10,0.9999999999983917,4.112120260377684e-12,1.0,-1.488886880799839e-16
0.1189098125254331,3.2208550157433667e+18,322289123419681.25,6.349543070213953e-19,2793692.296207863,-1.1339925214999909,-0.13159808766551154,1.6355173793879274,0.8336435815348973,1.1896580139259039,-0.8113723002216958,0.17482486367996714,-0.02227139502742861,1.0000000423720843,-6.836850620973237e-09,0.9999999999580534,1.2713795890171595e-11,1.0000000000419593,-1.2660603862328395e-11,1.0000000054011033,4.909328698128291e-10,0.9999999999925163,1.5040907986169713e-11,1.0000000000053977,-1.8305918646361795e-11,0.9999999999999996,4.312107940750949e-16
0.12238275505820741,3.179755441135732e+18,320709283611480.5,6.537328086933139e-19,2727612.17976861,-1.136423259854169,-0.13362543273301836,1.6409712624818436,0.8303938280629752,1.1846903726323617,-0.8076985789355903,0.17433862054572052,-0.02269536606729513,1.0000000400396707,-6.595359776906659e-09,0.9999999999862325,-1.3357589503383816e-11,1.0000000000137608,1.3331806079770981e-11,1.0000000038922765,1.804073346774414e-09,1.0000000000002969,-6.142538244790499e-13,0.9999999999966852,1.6787185303298988e-12,1.0000000000000002,1.7397910443863609e-16
0.12595713017740828,3.1387260490027003e+18,319052622147035.5,6.732233413514604e-19,2663087.29647277,-1.138933612609243,-0.13567136961736542,1.6464918536119801,0.8269908658866308,1.1796744931656733,-0.8038744901189981,0.1738339074883763,-0.023116495969091207,1.000000037822136,-6.359079697287867e-09,0.9999999999767181,-2.8396512226009618e-11,1.0000000077436038,3.975008798840239e-09,1.0000000000119824,-7.657443827633199e-11,1.0000000000000004,4.352867399841241e-16,1.0,7.957626646329533e-17,0.9999999999999993,1.199986254290639e-16
0.1296359003765098,3.0975364302200494e+18,317316340457940.8,6.934577316878442e-19,2600105.3956440818,-1.1415265007086504,-0.13773277564461137,1.6520751940954137,0.8234302283260341,1.174614534010758,-0.7998964472639977,0.17331052470471228,-0.023533904560765137,1.000000035708931,-6.123397502069181e-09,0.9999999999999983,-2.9974062241861056e-16,1.000000005385384,8.86316089532779e-10,0.9999999999999997,2.6139614577857063e-16,0.9999999999999997,4.822354111544727e-16,0.9999999999999997,-3.794502039497925e-16,1.0000000000000004,0.0
0.13342211467312873,3.056207634754927e+18,315497644512791.94,7.145172125520249e-19,1367089.6681766915,-1.1442047509594637,-0.13980627094937986,1.6577169798874192,0.8197075872927538,1.169514949445486,-0.7957610395734134,0.17276832196239028,-0.023946674548377983,1.0000000337043455,-5.891756814920427e-09,0.9999999999993574,-1.893409864786477e-13,1.0000000064586323,2.633811195210223e-09,1.0000000000008578,7.008357429976505e-14,1.0000000000000007,-4.1847971119195493e-16,0.9999999999999996,4.042689262758799e-16,0.9999999999999993,-4.750594062000442e-16
0.13731891113609423,3.014645841585328e+18,313593768554854.1,7.363832419238167e-19,2478711.5937802326,-1.146971015052877,-0.14188816606940635,1.6634125339012222,0.8158187872202746,1.1643805122632689,-0.7914650649772591,0.1722072035538994,-0.024353852435435513,1.000000031802978,-5.665014154465655e-09,0.9999999999499399,-1.475360701631936e-11,1.0000000000500384,1.4750545911120735e-11,0.9999999983588925,1.0254369398258141e-09,0.9999999999999998,2.464526736874818e-16,1.0000000000000007,4.2242137951486184e-15,0.9999999999999994,-1.4684871012236065e-16
0.14132951948632433,2.972840300157696e+18,311601955599072.56,7.591237896662359e-19,1152890.2892868659,-1.1498277913260253,-0.14397454145234434,1.669156861051662,0.8117598520098531,1.1592162547367637,-0.787005529407328,0.17162713229408266,-0.024754456188958503,1.0000000299991432,-5.444991407634615e-09,1.0000000000000033,4.7115167252044604e-15,0.9999999999977423,-1.8523926105435474e-11,0.9999999999999108,2.844485941336495e-14,0.9999999999999996,-1.0044885612325344e-15,0.9999999999999986,6.646372089237099e-16,0.9999999999999996,-1.329945770340162e-16
0.14545726377366502,2.9306407110161495e+18,309519509470938.8,7.827974794860391e-19,471864.2635254546,-1.1527773906976897,-0.146061175311977,1.6749445926541655,0.8075270240288762,1.1540275224909653,-0.782379688568353,0.17102813124222943,-0.025147472470410947,1.0000000282811612,-5.224672070957015e-09,1.0000000000302007,-1.813886286162524e-11,0.9999999999698115,1.8110163949318896e-11,1.0000000026607634,7.274978333544463e-10,1.0000000000000007,9.541545342967863e-17,0.9999999999999999,1.9649136876721224e-16,1.0000000000000007,1.249320175697871e-16
0.14970556513191066,2.8881625716321613e+18,307343786451929.56,8.074162300005916e-19,2307779.2069310467,-1.1558218953578319,-0.14814358032728128,1.6807700221852526,0.8031167661887862,1.1488199345535959,-0.7775850417173918,0.1704102878936436,-0.025531864934101114,1.0000000266565081,-5.011667148022034e-09,0.9999999999552062,2.297125345964514e-11,1.0000000000447835,-2.3120716390891753e-11,0.9999999964322913,-2.5960497463708727e-09,0.999999999992524,-1.5813382896762654e-11,1.000000000008977,2.453108315958179e-11,1.0000000000000009,7.267399054097262e-16
0.15407794461428873,2.845237600157404e+18,305072234522691.7,8.330781884248173e-19,1509420.6754190691,-1.158963153052511,-0.15021701714990368,1.6866270866877233,0.798525876325481,1.1435993895119092,-0.7726194434880163,0.16977376662104604,-0.02590657677929976,1.0000000251195622,-4.803812161987671e-09,0.9999999999735626,-6.905065010131055e-12,0.9999999973524567,-9.261231489975737e-10,1.0000000001463099,6.714564013775832e-11,1.0000000000000004,-7.48606190156896e-16,1.0000000000000004,-9.994891219295252e-17,0.9999999999999998,-3.7017919449370774e-17
0.1585780261117594,2.8018701435247734e+18,302702398378255.94,8.598364151222442e-19,886279.4094406032,-1.162202735959447,-0.15227650939492107,1.6925094291321803,0.7937514557771866,1.1383720105534139,-0.7674810633970529,0.1691188012676407,-0.026270539826638552,1.000000023658664,-4.599783727081383e-09,1.000000000025571,5.8194851769155685e-12,0.9999999999744601,-5.800784161227677e-12,1.000000005232232,1.9500016957280115e-09,1.0000000000000004,-2.2512893055071156e-16,1.0000000000000013,-2.621207869780096e-16,1.0000000000000004,-2.1582217031183369e-16
0.16320953935654842,2.7579003635929743e+18,300231935180556.94,8.877153386551038e-19,2149731.898998841,-1.165541922736221,-0.15431687334278793,1.6984104001777978,0.7887909189921598,1.1331441396932296,-0.7621683914935088,0.16844569915908728,-0.0266226784753338,1.0000000222776209,-4.399594139104178e-09,1.0000000000361855,-1.7057297227334343e-13,0.9999999999638232,1.4867478891633203e-13,1.0000000070242347,1.3509118060443642e-09,1.0,1.5242409768139462e-16,0.9999999999999992,-1.1048604536667648e-15,0.9999999999999994,2.6724521913952194e-17
0.16797632301340285,2.713399760653478e+18,297658653473861.1,9.16821187369757e-19,2099802.1029501813,-1.1689816916300657,-0.15633264936316188,1.7043229975166698,0.7836420566151178,1.12792239176047,-0.756680302906601,0.16775484777536712,-0.026961908239971077,1.0000000209730415,-4.203349669461832e-09,1.0000000000021845,1.5521571631124401e-12,0.9999999992862522,-1.8986722542457306e-09,0.9999999999988417,1.1795319544173553e-11,0.9999999999999981,3.729220342398651e-16,0.999999999999999,1.1829551829013133e-17,0.9999999999999996,-3.789466917716932e-17
0.1728823278611315,2.668353643227263e+18,294980547599136.2,9.472020236178527e-19,2051205.8532404327,-1.1725226220930907,-0.15831823194754635,1.7102399807337574,0.7783031824735267,1.1227135268532002,-0.7510161831662375,0.1670467274378242,-0.027287157415116746,1.0000000197379695,-4.01353592045754e-09,1.000000000003669,6.646694177370392e-11,1.000000004375062,5.501456693855486e-10,1.0000000000558542,-8.356863266412871e-11,1.0000000000000007,8.582168661652113e-16,1.0000000000000013,-1.3530669663005706e-15,0.9999999999999991,-4.854094210937872e-17
0.17793162006706728,2.622679231736521e+18,292195784146598.4,9.789965642234444e-19,256938.08849539486,-1.1761650144127351,-0.160267850697617,1.7161539099436518,0.7727728927696773,1.1175244417341743,-0.745175691220413,0.16632188126882194,-0.027597363256342867,1.0000000185714213,-3.8292303101378235e-09,0.9999999999884053,-1.2957402331691256e-11,0.9999999999840833,3.2997146183418e-11,1.0000000000273643,-1.9845386481832798e-11,0.9999999999978347,-2.3195056785701848e-11,0.99999999999994,1.9027870720180492e-14,1.0000000000000007,-1.1640707386922492e-16
0.18312838455716507,2.576399890721243e+18,289302758370873.2,1.0122052482887697e-18,1957906.4483816568,-1.1799086899577027,-0.16217555462357677,1.7220576535105883,0.7670499769539111,1.112361695969937,-0.7391586149337687,0.16558088133632176,-0.02789152735958173,1.0000000174750587,-3.6384238330336864e-09,1.0000000000581746,4.644062917120386e-11,0.9999999999508199,-5.881418357673704e-11,0.9999999997219896,1.6613745433230394e-10,1.0000000010131502,7.257012131246526e-10,1.0000000023596352,4.318764277156966e-10,1.0,-2.0123841371111547e-16
0.1884769284845285,2.529424612647655e+18,286300097993201.6,1.046969866574489e-18,1913147.4625569405,-1.183753133078966,-0.16403527937146783,1.7279415533270808,0.7611352317359301,1.107234022259028,-0.7329669093214245,0.1648246530659357,-0.02816849138412727,1.0000000164317673,-3.4754714047538957e-09,1.0000000000267466,-2.6479438027596416e-11,0.9999999999733563,2.6215584520418305e-11,0.9999999926446604,-4.535518117265476e-09,1.0000000000000053,-1.4859484567917264e-14,1.000000000000022,-6.236449877808901e-14,0.9999999999999996,-9.132935527179283e-17
0.19398168479924033,2.481763873932972e+18,283186735640983.44,1.0833633643480321e-18,351644.20071421855,-1.1876973480040434,-0.16584090340993587,1.733799381736183,0.7550276716958731,1.1021470528816608,-0.7266004294908636,0.16405379182373775,-0.02842741483577083,1.0000000154476867,-3.3058940051010724e-09,0.9999999999784099,4.75036311169577e-11,1.0000000000215798,-4.753276934745226e-11,0.9999999979944647,3.831693351199168e-10,1.000000000000001,9.618471097450495e-17,0.9999999999999993,-8.100669309304715e-16,1.0000000000000002,-7.395699759700012e-17
0.1996472159224553,2.4334993678000973e+18,279961855190711.1,1.1215285272415046e-18,1184738.0160827518,-1.19173990934123,-0.16758619612010323,1.7396223797975185,0.7487283522792726,1.0971085971530348,-0.7200612207823827,0.16326924724181507,-0.028667307810403452,1.0000000145212786,-3.1422546235440647e-09,0.9999999999319636,-1.5465496089243832e-11,1.0000000000683136,1.5686040358473124e-11,1.0000000000890095,8.744305945548959e-11,0.9999999999319106,-5.078499669071817e-10,0.9999999996334805,-1.6123625757192104e-09,1.0000000000000002,2.1443540074324318e-16
0.20547821752780027,2.3844382574305024e+18,276625008829174.22,1.1615617743249116e-18,141370.85864226508,-1.1958789476395744,-0.16926496614089775,1.7454023712101616,0.7422385470718728,1.0921258741160953,-0.7133514464523762,0.16247197658090298,-0.028887280636000153,1.000000013647442,-2.983454745767687e-09,1.0000000000499158,-2.7280226173859545e-11,0.9999999999500839,2.7267169154411822e-11,1.0000000000001648,9.785772646323266e-12,1.0000000000047329,-1.7326499511419935e-11,0.9999999999928707,-1.9124612952314596e-11,0.9999999999999998,-2.631379641555141e-16
0.211479522433216,2.3347831189791386e+18,273176070962574.4,1.203624559639085e-18,1746052.3340257348,-1.2001121250246847,-0.1708709945405681,1.7511311075713263,0.7355600574283091,1.0872060985586698,-0.706473741766432,0.16166301346006093,-0.02908649940256361,1.0000000128226816,-2.830100558226468e-09,1.000000000064127,6.967896925446175e-11,1.0000000022595052,1.8345464860819196e-09,0.999999999940362,-6.758638478634242e-11,0.9999999999998177,-5.234452660084887e-13,1.000000000000178,5.248844966021519e-13,1.000000000000003,3.63234134391591e-15
0.21765610460646617,2.2843316555528243e+18,269615301171231.22,1.247786287738378e-18,1019730.7648747698,-1.2044366072179216,-0.17239811922731846,1.7568003608963578,0.7286952920737355,1.0823563959009652,-0.6994312857143642,0.16084346044666267,-0.029264193846706393,1.000000012047401,-2.681293877454571e-09,1.0000000000146305,4.6177863079492654e-11,0.9999999999817992,1.1744991683390985e-09,1.000000000068338,-3.99463561216622e-10,1.0000000000000002,-1.579946921686718e-15,0.9999999999999998,2.467687627211303e-16,1.0000000000000002,1.182383010881706e-16
0.2240130832876334,2.2333009060278902e+18,265943364554109.16,1.2943192016279273e-18,1669259.3460193707,-1.2088490859895948,-0.17384033523666986,1.7624020173303245,0.7216472735142738,1.0775837113966176,-0.6922277931872771,0.1600144861466033,-0.02941967158375345,1.0000000113152223,-2.537734069643947e-09,1.000000000009279,2.596295135348085e-11,1.0000000021236857,-1.2667774262776717e-10,0.9999999999736195,1.658651295511764e-11,0.999999999999999,-1.7445932681364124e-17,1.0000000000000004,-1.884815367050334e-15,1.0000000000000002,-7.797253761040796e-17
0.23055572723201884,2.1816548095765699e+18,262161341510654.88,1.3432527685922948e-18,1632448.0951256773,-1.2133458061715103,-0.1751916929784275,1.7679279963963235,0.7144195302135935,1.0728949017232072,-0.6848674158788312,0.15917731436212298,-0.029552309385114085,1.000000010626687,-2.4002077095286227e-09,1.0000000000463038,-4.8806675967712366e-11,0.9999999999537207,4.8748843653255676e-11,1.0000000021157762,1.037077267882799e-09,0.9999999999981594,-2.3661276462108443e-12,0.9999999999945098,2.3747341058451912e-11,1.0000000000000002,-9.445026641328943e-17
0.23728945907696247,2.1293898731783247e+18,258270751323710.12,1.3947843678996269e-18,1596654.151602586,-1.2179224958403019,-0.17644649023455913,1.7733704365110665,0.7070162429687139,1.0682965501939203,-0.6773548667718065,0.15833322336751315,-0.02966157506768431,1.0000000099790418,-2.2670708990509054e-09,1.0000000000445346,4.396790508065474e-11,0.9999999999554802,-4.3953127893768564e-11,0.999999997971739,-2.280676161407658e-09,1.000000000000001,1.6651388681509798e-16,1.0000000000000018,6.473040439496325e-16,1.0000000000000009,-1.821122567007955e-16
0.2442198598362028,2.0765328122091428e+18,254273577719721.97,1.449265752924445e-18,1561847.9869868218,-1.222574446229494,-0.17759925176817562,1.778721658568773,0.6994421391116509,1.0637950134865026,-0.6696953181566478,0.1574835355949388,-0.02974702367377823,1.0000000093692203,-2.1383853646842974e-09,0.9999999999901885,-4.442140643820374e-11,1.0000000000097817,4.433577898921339e-11,0.9999999958956013,-2.5711650520600176e-09,1.0000000000000002,3.705533794956754e-16,1.0,8.30771629809258e-17,1.0000000000000002,-8.162011823878515e-17
0.2513526735255013,2.0232121861475837e+18,250172271956722.47,1.5067111510547308e-18,1528000.204949016,-1.2272965076312303,-0.1786447227625174,1.7839742240395873,0.6917024968721475,1.059396372786041,-0.6618944029522892,0.1566296083935172,-0.029808300516841055,1.0000000087959098,-2.0155425466283575e-09,1.0000000000269214,2.3174874270301623e-11,0.9999999999731742,-2.312578166358467e-11,0.9999999958280597,-1.6704254320908434e-09,0.9999999999972414,6.7757949166244116e-12,1.0000000000020701,-7.45688892155808e-12,0.9999999999999997,3.015225190286928e-16
0.2586938119233651,1.9693618083576978e+18,245969770624236.9,1.567451639547624e-18,1495081.5822057233,-1.2320830956385755,-0.17957801444552507,1.789121004876179,0.6838031372599873,1.0551063704175567,-0.6539581962733473,0.1557728274899851,-0.029845151494266236,1.0000000082565217,-1.898187024732178e-09,1.0000000000150504,-5.330975982323033e-11,1.0000000004854166,4.77178377525398e-11,1.0000000013619816,1.376094683350678e-09,1.0000000000000007,2.403530285180997e-16,1.0000000000000004,6.26610623441845e-17,1.000000000000001,4.3836469439905753e-16
0.2662493594708142,1.9151285485954568e+18,241669507813859.16,1.6316488832101969e-18,1463063.0823703972,-1.236928206771566,-0.18039456244564167,1.7941552238703924,0.6757504072058284,1.0509303789049733,-0.6458931990157892,0.15491459757185438,-0.029857422645609366,1.0000000077495406,-1.78568872606583e-09,0.999999999969497,4.590622178921932e-11,1.000000000030486,-4.588792434670774e-11,1.0000000021661954,4.21893218563371e-10,1.0000000000040865,-1.7715321208248243e-12,0.999999999993394,3.2546059895135298e-12,1.0000000000000002,1.5947472858292885e-15
0.27402557831425345,1.8605584138280177e+18,237275391132393.56,1.6997210779111642e-18,1431915.9918925564,-1.2418254744002368,-0.18109021753469076,1.7990704642980775,0.6675511300041167,1.0468734008063287,-0.6377062901320103,0.1540563328096053,-0.02984505831506911,1.0000000072735948,-1.6779373258547605e-09,0.9999999999575928,-5.789167686759361e-12,1.0000000000422686,5.963814982158615e-12,1.0000000040519081,2.147136313284344e-09,0.9999999999999991,-8.009978687097023e-17,1.0000000000000007,3.2773471070932173e-16,1.0000000000000009,9.21387795300917e-17
0.28202891349562964,1.8056834613994944e+18,232791838842540.7,1.7718538725726493e-18,1401611.883123739,-1.2467682064090155,-0.1816612358123412,1.8038607459096068,0.6592125780010789,1.0429400042607269,-0.6294046956202073,0.15319944531728308,-0.029808104856454604,1.0000000068265475,-1.5728949539071215e-09,0.9999999999851897,-2.8036795335401837e-11,1.0000000000147837,2.7919615994874634e-11,0.9999999959976101,-2.405004608156709e-09,0.9999999999999994,1.465477886160786e-16,0.9999999999999992,0.0,0.9999999999999999,1.348034709574315e-17
0.29026599829417477,1.7505974547274173e+18,228223739507849.94,1.848325738956477e-18,1372122.7368829672,-1.2517493697399722,-0.18210434489392263,1.808520506407526,0.65074247300892,1.039134342155007,-0.6209959896039647,0.15234534451079607,-0.02974670996004438,1.000000006406632,-1.4751595739388743e-09,1.000000000007748,-3.103391842009119e-11,0.9999999999917635,3.035499701866672e-11,0.9999999962445968,-3.1312313727032852e-09,0.9999999999999996,5.8810501483562e-16,1.0000000000000002,-3.3303205287061606e-16,1.0000000000000002,4.8421078143652736e-17
0.2987436597241633,1.6954147768413617e+18,223576462323789.78,1.9294226752366225e-18,1343420.8831758176,-1.2567616828848323,-0.1824167729196323,1.8130447003832528,0.6421489107597546,1.035460072666161,-0.6124880186966328,0.15149541762529267,-0.029661122749410285,1.0000000060121406,-1.3814990741507588e-09,1.0000000000959526,-7.594286866110305e-11,1.00000000192537,1.4149483651032235e-09,0.999999999862647,1.9789093408287177e-11,1.0000000000000004,1.25566588738691e-16,0.9999999999999996,4.66354441892528e-17,0.9999999999999998,2.1734467977549075e-16
0.3074689241932397,1.6401377777583562e+18,218855815993306.2,2.0159500803959337e-18,1315479.0805918803,-1.2617976517621514,-0.1825962388568682,1.817428783761428,0.6334402861284204,1.0319203827616064,-0.6038888350529661,0.15065102177167886,-0.02955168595216017,1.0000000056421843,-1.2917359145017424e-09,0.999999999953277,-2.704269777528036e-11,1.0000000000466864,2.6798623224814062e-11,0.9999999981020419,-1.5070884977351674e-09,0.9999999999999996,-1.7130962296985757e-16,1.0000000000000004,-1.2031161639679769e-15,1.0000000000000002,-4.1798360498210926e-16
0.3164490233260061,1.5849634231554616e+18,214068060029553.56,2.1078283383708234e-18,1288270.5955557355,-1.266849590074603,-0.18264102630567147,1.8216687294297533,0.624625355048014,1.0285179708549124,-0.5952067547276694,0.14981348565354086,-0.029418839448469097,1.000000005294549,-1.2073843702585626e-09,0.9999999999815918,2.3017614889496242e-11,1.0000000057194163,4.470163059270518e-09,0.9999999999725778,-9.614011064157844e-11,1.0000000000000007,1.4403984732695088e-16,0.9999999999999993,-2.864560499120616e-16,1.0000000000000007,1.6895344732129821e-16
0.3256913999576967,1.5298520074324603e+18,209219844586328.72,2.205610256676674e-18,572313.7090709826,-1.271909698025489,-0.1825499573614163,1.8257611013479538,0.6157130628106399,1.025254997222288,-0.5864501950553676,0.1489840850368398,-0.02926311120647143,1.0000000049689062,-1.1253125009825746e-09,1.0000000000123574,-2.0654403640467283e-12,0.9999999964114239,-3.326545602645345e-09,0.9999999998959371,1.126043613584315e-10,0.9999999999999998,1.3560362890503504e-16,1.0000000000000016,-1.281929784720477e-16,1.0000000000000002,-6.662658635662377e-16
0.3352037143029065,1.4749891546512896e+18,204318197520323.3,2.3098899105411232e-18,1235948.9240671862,-1.2769700825335093,-0.18232241242640368,1.8297029578871402,0.6067126205727565,1.0221331681447925,-0.5776277549491561,0.14816405527428583,-0.029085113470853498,1.0000000046633217,-1.0482757738946474e-09,0.9999999999600969,-2.103103728969801e-11,1.0000000000397236,2.113565558056129e-11,0.9999999963325407,-3.292845392581271e-09,0.9999999999939311,-2.781102207098538e-12,1.0000000000066902,2.3991025479216195e-12,1.0000000000000002,3.887410276988861e-17
0.3449938503044875,1.4204838930722655e+18,199370475206860.2,2.421126342437075e-18,1210784.8519532923,-1.2820228313490531,-0.18195835341917424,1.8334919733244943,0.5976333541227948,1.019153639389415,-0.5687480689092377,0.14735456632418512,-0.02888553753744689,1.0000000043763273,-9.752423308986665e-10,0.9999999999999982,-2.67227307516728e-16,0.9999999981315195,-1.6409976738286276e-09,1.0000000000000007,-3.206355028055649e-16,0.9999999999999996,6.568003960240916e-16,0.9999999999999998,1.428835609873225e-15,0.9999999999999993,-6.565356795404242e-17
0.35506992216787353,1.3663430701976453e+18,194384338386034.7,2.53988202056797e-18,1186252.3024273587,-1.2870600716420029,-0.18145828536620884,1.8371263702065341,0.5884847013964659,1.016317080586838,-0.5598198120624078,0.14655672601242664,-0.028665146221699578,1.0000000041071482,-9.066057562604017e-10,1.000000000069842,3.276969161177275e-11,1.000000001809182,1.6321130720630154e-09,0.9999999997407522,-1.0155208031001611e-10,1.0,1.768808361104174e-16,1.0000000000000004,-6.476939820478557e-16,1.0000000000000002,-7.450271245634301e-16
0.3654402810862506,1.3127511660724357e+18,189367681665457.5,2.6667019146856992e-18,215530.9784146334,-1.2920739817111198,-0.18082328083655558,1.8406049450022688,0.5792761751705912,1.0136236574715825,-0.5508516691440867,0.1457715721378587,-0.02842476757345082,1.0000000038553056,-8.412024820556219e-10,0.9999999999858779,-5.191638111946594e-12,1.00000000001414,5.1979257950889425e-12,0.9999999999975989,-4.751693650464293e-11,1.0000000000000002,1.9044453371000398e-16,0.999999999999989,-4.838947923871648e-15,0.9999999999999997,5.762104677933115e-16
0.37611352216214566,1.2597319907678487e+18,184328603581111.5,2.8025472054384977e-18,1138986.2915394146,-1.2970568835431138,-0.18005499239661574,1.8439270653652624,0.5700173090856627,1.0110730363045166,-0.5418522852094705,0.1450000707889478,-0.028165290182750047,1.0000000036185606,-7.800847920292825e-10,1.0000000000022622,4.717821147184984e-11,0.9999999999983107,-4.665393858697371e-11,1.0000000036780758,3.4423126662945344e-09,1.000000000000001,3.1808892822908147e-16,0.9999999999999996,-8.911522807453457e-17,1.0000000000000002,6.944478758876871e-17
0.3870984915311713,1.2074207453558218e+18,179275354272302.06,2.94774684718635e-18,1116206.7184960665,-1.3020012638922474,-0.1791555546725581,1.847092627338864,0.5607175729247149,1.008664435800882,-0.532830194147189,0.14424310720884886,-0.027887649953958718,1.0000000033969048,-7.206603673971307e-10,0.999999999966438,1.4906154296840584e-11,1.0000000000333207,-1.4570877395690603e-11,1.0000000018410888,1.7401081943078957e-09,1.0,5.983257888080566e-16,0.9999999999999997,-2.400336604904803e-16,1.0000000000000002,-2.1711978946289755e-16
0.39840429369382996,1.155879045380373e+18,174216269673549.94,3.1033402137666166e-18,1093966.4729617056,-1.306899820599174,-0.1781276421271247,1.8501021249652985,0.5513863198888853,1.0063965639526171,-0.5237937707382041,0.1435014793638583,-0.02759282531628933,1.0000000031909622,-6.621957550196256e-10,1.0000000000276794,-3.5179067148947045e-11,0.9999999999702333,4.255793099541528e-11,1.0000000000028537,-7.517866880140211e-12,0.9999999963293265,-3.764178066079287e-09,1.0000000000000147,1.1504262763683334e-13,1.0000000000000004,-2.7205628985701963e-17
0.41004029906145484,1.1052081699860361e+18,169159734729382.28,3.270076670420867e-18,166762.7063038857,-1.3117455425159719,-0.17697443925683423,1.8529563432480418,0.5420331529894042,1.004267876140452,-0.5147515978243301,0.14277594687710438,-0.027281836437917425,1.000000002994066,-6.129007393299808e-10,0.9999999999688632,1.3505164262485844e-11,1.0000000000462086,-2.233687665776385e-11,0.9999999999849439,8.429106520812405e-12,0.9999999999975839,-5.3254628577989054e-11,0.9999999999999989,1.9529612196580417e-15,0.9999999999999996,-2.585844516295624e-16
0.4220161517225415,1.0554881350952301e+18,164114103028988.06,3.4489260552630843e-18,1051018.7030969546,-1.3165316856379405,-0.17569953002884464,1.8556568885323954,0.532666928162861,1.0022761589973663,-0.505711495082863,0.14206711676587522,-0.02695571959454984,1.0000000028116582,-5.642013511565857e-10,1.000000000011134,3.4332500243793205e-11,0.9999999999878915,-3.4756302286456507e-11,1.0000000036576724,3.886137632320308e-09,0.9999999999999992,-6.299523085784145e-16,1.0000000000000004,-2.1978958366889863e-16,0.9999999999999996,-5.0259049623612325e-17
0.43434177743590696,1.006795656019939e+18,159087668114081.84,3.640615193934322e-18,1030270.4385049111,-1.3212518652794785,-0.17430696855999459,1.858205625916298,0.5232967570926249,1.000418973833628,-0.49668150793008564,0.14137556262600606,-0.02661554106011999,1.000000002640094,-5.176417618746604e-10,0.9999999999659203,2.1037428926624658e-11,1.0000000000340483,-2.103312878846191e-11,1.000000001905935,1.922254650627928e-09,1.0,-3.1335963127521337e-16,1.000000000000003,-2.1382565382832067e-15,1.0,1.9329932486950577e-16
0.44702739185730145,9.591943174825098e+17,154088591995913.03,3.847113435874433e-18,270022.2078252861,-1.3259000439375157,-0.1728011660891878,1.8606048916232396,0.513931378780566,0.9986935096550335,-0.48766930422174376,0.1407017592284135,-0.026262371988431725,1.0000000024794182,-4.734685837370889e-10,0.9999999999669997,-2.643972431989141e-11,1.0000000000342255,2.8089560251802452e-11,1.0000000000060967,1.577377682555664e-11,0.9999999999925846,-1.6508804594522246e-11,1.0000000001406495,-1.5617348108437279e-10,1.0,1.1495698322002249e-16
0.4600835090062905,9.127474893106601e+17,149124860852500.12,4.068313371939286e-18,990128.4535345624,-1.330470608077615,-0.17118691058186744,1.8628574381587524,0.5045793206556075,0.9970966168456852,-0.47868233102291063,0.1400461036843467,-0.0258972927505822,1.0000000023288957,-4.326010754467203e-10,0.9999999999823288,3.0900955964257463e-12,1.0000000000176201,-2.9916285181542526e-12,1.0000000010413121,9.494820539713811e-10,1.00000000000001,-5.2775841822094607e-14,1.0000000000001668,9.919237247445878e-14,0.9999999999999991,1.7252769484133622e-16
0.47352094998042576,8.675208163920682e+17,144204228382421.1,4.307032197981619e-18,970698.1193177137,-1.3349583353958465,-0.16946927558673058,1.864966399981704,0.4952488407863075,0.9956248445466346,-0.4697277683746247,0.13940891239458872,-0.025521381383620485,1.0000000021878177,-3.9402020400006415e-10,0.999999999973323,-1.5887292317269855e-11,1.0000000000261138,1.5963496708300652e-11,1.0000000017200903,2.255935126212183e-09,1.0,1.2060983754080163e-15,0.9999999999999989,1.3543971784612622e-16,1.0000000000000002,-1.6041511331735347e-16
0.4873508519239258,8.235649550077373e+17,139334177233480.23,4.563548413562838e-18,951671.6834581915,-1.3393584537982548,-0.16765360428744433,1.8669352421606278,0.48594790066591786,0.9942744877858655,-0.46081250843247173,0.13879042526306884,-0.025135707233991667,1.0000000020553745,-3.5766224376286294e-10,1.0000000000293785,1.6329676980429467e-11,0.9999999999711028,-1.6111056587864604e-11,1.000000001971865,2.2004251427059488e-09,1.000000000000001,-4.0467859188570327e-16,1.0000000000000002,-2.0879858138156028e-16,0.9999999999999999,6.593993976970468e-17
0.5015846772583016,7.809316033185153e+17,134521869746324.08,4.8389829437463435e-18,933032.5962398022,-1.3436666291748054,-0.16574548500351752,1.868767753972421,0.4766841710145163,0.9930415903322156,-0.4519431630989952,0.1381908092442067,-0.024741329128103926,1.000000001931299,-3.231357769894897e-10,1.000000000022851,-6.5571830485348994e-12,0.99999999997735,6.679084737183346e-12,1.0000000006159335,1.2828386469536297e-09,0.9999999999999998,-1.9726784731304952e-16,1.0000000000000009,6.457335454142432e-16,0.9999999999999998,3.7923323935546535e-16
0.5162342231825763,7.396539492730829e+17,129774107206715.19,5.137235811602688e-18,914765.0656515557,-1.347878999505177,-0.16375065077110276,1.8704679828247552,0.4674649671765387,0.9919220102349636,-0.44312601207211594,0.13761015888133155,-0.024339282721927497,1.0000000018143338,-2.8956591125557863e-10,1.0000000000000004,9.546694878997361e-17,0.9999999972338769,-3.831002754719806e-09,1.000000000000001,-1.2058191124164752e-16,0.9999999999999997,-8.542460308381429e-17,1.0000000000000004,2.624369972275998e-16,0.9999999999999998,1.8860002844536577e-16
0.531311631450973,6.997623587659716e+17,125097304943010.95,5.458056187837689e-18,411820.4766248838,-1.35199214697586,-0.1616749961105822,1.8720401925412424,0.45829730002293345,0.9909114517371513,-0.43436705204126946,0.13704850610674146,-0.02393058220309273,1.000000001705385,-2.602413326034323e-10,1.0,-2.9178698365759417e-16,0.9999999999975695,-6.893566275226739e-11,0.9999999999999983,-1.991232033441826e-15,0.9999999999999993,1.2591307373029484e-16,1.0,-4.928765516824002e-16,0.9999999999999996,-3.1295578712874483e-16
0.5468293984361755,6.612821298909023e+17,120497452246121.95,5.803987651000981e-18,879285.0201377044,-1.3560031326700326,-0.15952451657149672,1.87348890934499,0.4491878164385414,0.9900054242095913,-0.42567194257068086,0.1365058153267875,-0.023516214904158856,1.0000000016029154,-2.3177704628647629e-10,0.9999999999303983,-2.8729512067156522e-11,1.0000000000048703,4.719850831756699e-11,0.9999999996855784,3.2007588190912767e-11,1.0000000000000009,-2.0166038618285688e-16,0.9999999999999987,8.072364144983655e-16,1.0000000000000002,3.696786064838295e-16
0.5628003854865015,6.242299482573185e+17,115980093791962.4,6.177238663225814e-18,403106.5405822254,-1.35990946495005,-0.15730524481810146,1.8748187805808292,0.4401428206404351,0.9891993713784765,-0.41704603401744744,0.1359819954698656,-0.023097134693236633,1.0000000015067698,-2.047585654014018e-10,0.9999999999748952,-2.018627405936376e-11,1.0000000000251001,2.0188022221696026e-11,0.9999999999975254,-7.308028057925834e-11,1.0000000000000002,-2.6851028946632637e-16,1.0000000000000007,1.0078289877740998e-15,1.0,2.6072477980921483e-16
0.5792378295855727,5.886173871867743e+17,111550311679634.19,6.580032076918764e-18,845119.0857442754,-1.3637091021122032,-0.15502325733196648,1.87603462224814,0.4311682714324391,0.9884886227736384,-0.40849436329166966,0.13547690100628185,-0.022674263474009065,1.000000001416221,-1.7901029659681945e-10,1.0000000000180855,-6.041590057963799e-12,0.9999999999820185,5.9821129777925286e-12,0.9999999984784096,-3.0696308280285e-09,1.0000000000000002,-5.588396533277249e-16,1.0000000000000002,-3.44746609027508e-16,1.0000000000000007,1.1383680468661569e-16
0.5961553543233175,5.5444833862948474e+17,107212703372630.4,7.015426054014208e-18,828496.6045845103,-1.3674004378929858,-0.15268458797973303,1.8771415787521444,0.42226973100239446,0.9878682473747067,-0.4000215970987456,0.134990318551103,-0.022248496744905533,1.0000000013297075,-1.4781832571801257e-10,0.9999999999930849,-4.8987863566727026e-11,1.0000000000108271,5.431023443459761e-11,0.9999999998995783,8.814158214058337e-11,0.9999999938284019,-6.88809966011517e-10,1.000000000252702,-6.721924076602657e-11,1.0000000000000004,1.2053375696019303e-16
0.6135669811873977,5.217215429705545e+17,102971382955638.66,7.48543255747873e-18,812166.0123533184,-1.3709822930852127,-0.15029524434801378,1.8781438604795635,0.41345254380687557,0.9873342166603913,-0.39163227675138,0.13452206623404817,-0.021820637634814965,1.0000000012524566,-1.339967599677964e-10,1.0000000000252223,-9.758941454447446e-12,0.9999999999748823,1.0007914731723395e-11,1.0000000019197548,1.3527699780962388e-09,0.9999999999999998,-2.969124047416705e-16,0.9999999999999986,-3.001210632774552e-16,1.0000000000000002,-9.6985763987029e-17
0.6314871411844196,4.904324736094477e+17,98829969415616.86,7.993700422939461e-18,796115.5871980997,-1.3744538996828624,-0.14786113450891122,1.8790472921116892,0.40472151034430665,0.9868810458639885,-0.3833303577599545,0.1340718041440946,-0.021391531167923722,1.0000000011777583,-1.1246315066366652e-10,0.9999999999999977,1.3067067050921477e-15,0.9999999999976027,-8.187554687427686e-11,0.9999999999999988,-3.792721107526264e-15,0.9999999999999998,-1.0500152226548852e-16,0.9999999999999997,5.586494429489621e-17,0.9999999999999999,-2.4013901314933214e-16
0.6499306868005591,4.605602128527906e+17,94791592328304.28,8.54347313487132e-18,780335.3443954141,-1.377814874310559,-0.14538805531901217,1.8798567152317363,0.3960810599643037,0.9865042032971899,-0.37511952936681303,0.13363922237950485,-0.02096191745374197,1.0000000011113486,-8.946339808759524e-11,0.9999999999769609,1.4064078258959354e-12,1.0000000000235088,-2.633510725764741e-12,1.000000001608874,-1.286191859727776e-10,0.9999999998855216,-6.071687707424047e-11,1.000000000118113,1.3233923985625853e-10,0.9999999999999996,-1.8179364687281961e-16
0.668912904311516,4.320919710646272e+17,90858892983233.39,9.137228056756275e-18,446438.27912034583,-1.3810651981983355,-0.14288167501730625,1.880576949127899,0.38753586759437325,0.9861991763551456,-0.36700373064371133,0.13322401426744773,-0.020532532349415236,1.0000000010423038,-7.394574739689195e-11,0.9999999999868371,2.7370702584123212e-11,1.0000000000130251,-2.7302355981588745e-11,1.0000000000504528,1.717033532754906e-09,1.0000000000000002,-1.3367189823312092e-16,0.9999999999999994,-2.9185718737326357e-16,0.9999999999999999,-8.205398301023071e-16
0.6884495264519989,4.050006274448441e+17,87034036572201.38,9.782074099272836e-18,749547.0533691669,-1.3842051948491871,-0.1403475007064394,1.8812132253087435,0.37908937114182495,0.9859611510508323,-0.3589857422463476,0.13282576227374246,-0.020104033124838893,1.0000000009805694,-5.677471425064476e-11,1.0000000000051141,2.912084035904516e-11,1.0000000016944341,2.9334241785104454e-09,1.0000000000139089,-6.614566984594487e-11,1.0000000000000004,3.8868811326726915e-16,1.0,-2.740491920641249e-16,1.0,1.6668234657844305e-16
0.708556745455242,3.792638112176596e+17,83318723809377.33,1.0478757689404431e-17,734521.6644702195,-1.3872355175042799,-0.13779085915119005,1.8817704310685155,0.3707452856380359,0.9857856267869883,-0.3510686418025628,0.132444079703769,-0.01967705719157277,1.0000000009224614,-3.971572457523106e-11,0.9999999999885003,7.328994180599912e-12,1.00000000001142,-7.356391447167792e-12,1.0000000008536167,1.8334963331777571e-09,0.9999999999999999,7.702981398739559e-17,1.000000000000001,2.355789609204158e-16,1.0000000000000002,-2.009268999466201e-16
0.7292512264733608,3.5484660453339994e+17,79714207448847.72,1.1229792680694815e-17,719731.497118768,-1.3901571118529823,-0.13521687835833024,1.8822534452846227,0.3625068659918783,0.9856681437894521,-0.34325509584611547,0.13207854745300704,-0.019252192933766486,1.0000000008678005,-2.379454730217073e-11,1.0000000000000007,-5.686312568157256e-16,1.000000000879024,9.442946993435818e-10,0.9999999999999998,-1.3134231623557463e-15,1.0000000000000002,-1.4402556979006913e-16,1.0000000000000002,1.27268642205647e-16,1.0000000000000002,-7.014620655518177e-17
0.7505501213896695,3.317156643162513e+17,76221309859317.92,1.2050219757306672e-17,705169.3464300506,-1.392971191199905,-0.13263047661170188,1.882667054733148,0.3543770734899556,0.9856043514809117,-0.335547520011694,0.1317287293209055,-0.018829986013553252,1.0000000008165861,-8.704824906037825e-12,1.000000000009643,7.621097023598305e-13,0.9999999999906011,-9.425148259580344e-13,1.0000000008599077,9.967340904219673e-10,0.9999999999999998,-1.3668365645850054e-16,1.0000000000000009,-2.7198001716892763e-16,1.0000000000000004,1.8303624989635053e-16
0.7724710830344083,3.0983425883371475e+17,72840445170603.22,1.2935405801969796e-17,690828.5747108312,-1.3956792258727404,-0.13003635054985127,1.8830159425896127,0.34635857654971164,0.9855900159718074,-0.3279480788072558,0.13139417602026882,-0.018410940350583122,1.0000000007683996,5.499119653620028e-12,1.0000000000117324,-2.7701461708065264e-12,1.0000000006889276,1.0989745383887282e-09,1.0000000000390856,-1.4128583208025433e-11,0.9999999999999993,4.689394720733246e-16,1.0,-7.148328754745884e-17,0.9999999999999993,2.864650442816811e-17
0.7950322798156632,2.8916316000433446e+17,69571642501720.28,1.3896311434266475e-17,676703.0937415699,-1.398282901064544,-0.1274389709651664,1.8833046803285753,0.33845376027126517,0.985621025826079,-0.3204586930348298,0.1310744275110223,-0.017995520254245913,1.000000000723098,1.9848880009109502e-11,1.000000000018408,1.1370770612072503e-11,0.9999999999815861,-1.130234903484651e-11,0.9999999989845132,-2.955408491337661e-10,1.0000000000000002,8.447441457219375e-16,0.9999999999999993,-2.1874605519714265e-16,0.9999999999999994,2.378678659660621e-16
0.8182524107776035,2.696607027753212e+17,66414570443361.68,1.4936892851978212e-17,662787.3679421389,-1.400784108251809,-0.12484256698123936,1.8835376866426623,0.33066475850471133,0.9856934279680122,-0.3130810730092636,0.13076901817479197,-0.017584149268603595,1.000000000680548,3.2566414427509166e-11,0.9999999999953197,6.148331636509153e-12,1.000000000004674,-6.151502303161078e-12,0.9999999999975694,-1.0606785048559001e-10,0.9999999999999999,-5.723169343875489e-16,0.9999999999999986,-5.880225507336449e-16,0.9999999999999997,1.4991554909405001e-16
0.8421507210985186,2.512850385518672e+17,63368561244970.39,1.606695483195844e-17,649076.3831100754,-1.403184897043797,-0.12225112241287764,1.8837192319109155,0.3229934399384283,0.9858034223449869,-0.305816701704995,0.1304774776830276,-0.017177213119142536,1.0000000006410201,4.4649601602982224e-11,0.9999999999853337,-1.4793890901229334e-11,1.0000000005344853,2.2925157928503282e-09,1.0000000000270644,3.037284789614583e-11,0.9999999999999997,-5.009941457885538e-16,1.0000000000000002,5.854729997902303e-16,0.9999999999999996,6.79523030289615e-17
0.8667470180414982,2.339897228975543e+17,60432639713051.625,1.7291445400284954e-17,635565.576959911,-1.4054874927246175,-0.11966838491139893,1.8838534653208179,0.31544143513344525,0.9859473339357321,-0.2986668595502613,0.13019933187011615,-0.01677506195110852,1.000000000602295,5.7575703141864794e-11,1.000000000035019,1.3096170018387273e-11,0.9999999999659147,-1.4574664329909457e-11,0.9999999985042848,-2.860813583748778e-09,1.0000000000000009,-5.626742430825152e-16,0.9999999999999992,-9.584459184599928e-16,0.9999999999999997,1.3495678975057235e-16
0.8920616873709767,2.177338313580055e+17,57605547372543.85,1.8620370313167582e-17,622250.9332698014,-1.4076942316612673,-0.11709785626909999,1.8839443245904635,0.3080101332549548,0.9861216965455932,-0.29163262353467434,0.12993410920834528,-0.01637800794795933,1.0000000005669338,6.831413002299337e-11,0.9999999999969303,-9.787103888871553e-12,1.0000000000030218,9.748452511235259e-12,1.0000000007115142,-2.2666267448562235e-09,1.0,-5.364344971322074e-17,1.0000000000000007,-4.141824320238961e-16,0.9999999999999994,1.2255222183781772e-16
0.9181157102487475,2.0247056547398224e+17,54885771019334.59,2.0061203294427436e-17,609128.8133057395,-1.4098075714022151,-0.11454279862289361,1.8839956248734482,0.3007007157931997,0.9863231667268191,-0.2847148937743331,0.1296813379904651,-0.015986332497441302,1.0000000005345253,7.923499319996974e-11,0.9999999999868702,4.545400971784257e-12,1.000000000013026,-4.259707371812213e-12,0.9999999995973965,9.710698205534923e-10,1.0000000000015172,2.884803261607966e-14,0.9999999999984662,-9.421899067099289e-14,0.9999999999999994,-9.757782616579009e-17
0.944930680623452,1.8815553702546746e+17,52271566904130.25,2.162732634590792e-17,596196.0510058703,-1.4118300496901917,-0.11200622544555866,1.8840109761326065,0.29351415070957604,0.9865486006180124,-0.27791439025217907,0.12944055211550964,-0.015600283588513725,1.0000000005031378,8.93994357300118e-11,0.9999999999999997,4.516327694256484e-16,1.000000001430344,1.0964014810648307e-09,1.0,-9.356530736318846e-16,1.0000000000000002,-1.4850989210912857e-15,0.9999999999999993,-5.088626448267656e-16,1.0000000000000004,0.0
0.9725288231279543,1.7474344113039994e+17,49760988414244.66,2.3328571770117426e-17,583449.8445749469,-1.4137642838126538,-0.109490935993944,1.8839938362871154,0.28645120939505464,0.9867950022421205,-0.27123166564212525,0.1292112896385446,-0.01522007995114354,1.0000000004736844,9.994595829130996e-11,0.9999999999807555,-2.065189254009191e-11,1.000000000019103,2.0728350270342163e-11,1.0000000003110354,6.772309051270039e-10,0.9999999999999997,2.4738385120890536e-16,1.0000000000000002,4.173033722131443e-16,1.0000000000000002,-1.4127933439372302e-16
1.0009330114994361,1.6219040808855837e+17,47351910543650.31,2.5170963835265658e-17,570887.7969931287,-1.4156129398380983,-0.10699947742673738,1.8839474682255288,0.27951246859287726,0.9870595634478392,-0.2646671084707435,0.12899309582091562,-0.014845909813117378,1.000000000446034,1.1020979015805768e-10,1.0000000000067228,-3.649861929847061e-12,0.9999999999934709,3.7212110544619995e-12,0.9999999997289951,4.350769713795522e-10,0.9999999999991376,4.708494432322898e-13,1.0000000000009261,-5.0628613253685e-13,1.0,1.9812726884223194e-16
1.0301667875374796,1.50452981141846e+17,45042053736823.97,2.7180859325089403e-17,558507.8417287425,-1.4173787221014003,-0.10453419371673055,1.8838749622869064,0.2726983384310951,0.9873396399598224,-0.2582209652978779,0.1287855245971812,-0.014477936754290176,1.0000000004202503,1.1953431680242996e-10,1.0000000000046132,1.5327430335268393e-11,1.000000000277139,2.1607846781032424e-09,0.9999999999899221,-2.5631260856725016e-11,1.0000000000000628,-2.5789476194409307e-14,0.9999999999999368,2.4808665997204047e-14,0.9999999999999996,-1.5097499521371278e-16
1.0602543806158486,1.3948829609391971e+17,42829006468346.08,2.935946221321625e-17,546308.2258538877,-1.4190643583195524,-0.10209720090528174,1.8837792373008053,0.2660090490311955,0.9876327516414881,-0.25189332933676994,0.12858813727504526,-0.01411629769758757,1.0000000003940708,1.3015439234738725e-10,0.9999999999936658,-1.5375804610966384e-11,1.000000000006397,1.531565889938006e-11,0.9999999989561958,-3.706141706905551e-09,0.9999999999998989,5.829477298480206e-13,1.0000000000000957,-5.810308303069991e-13,0.9999999999999996,-6.399712398733721e-16
1.0912207277641421,1.292543936439313e+17,40710248961289.43,3.17274210989904e-17,534287.583285073,-1.4206725881173767,-0.09969041633268333,1.883662978512798,0.25944461259679746,0.9879366399469435,-0.2456841055452464,0.1284005071463785,-0.013761099896838323,1.0000000003743426,1.3780123810206458e-10,1.0000000000046467,-2.9714070880226013e-12,0.9999999999951745,2.948016624050705e-12,1.0000000003354619,-7.226745771048327e-10,1.0000000000000158,4.285284017703411e-15,1.0000000000001994,-6.638709260817013e-14,1.0,-2.1555372618952247e-17
1.1230914943359627,1.1971104851528608e+17,38683171247522.23,3.430340112715517e-17,522444.530261534,-1.4222061451097474,-0.09731555625243297,1.8835288661979444,0.2530051184132095,0.9882490438681909,-0.2395932759294445,0.12822221495244068,-0.01341245065011361,1.0000000003510099,1.4732500557647254e-10,1.0000000000029436,-5.955915358051131e-12,0.9999999998282714,2.65104823780205e-09,1.0000000000019553,7.197798995902064e-12,0.9999999999999984,-6.452595460886744e-16,0.9999999999999996,1.6512702937874997e-16,0.9999999999999989,2.189632863333505e-16
1.1558930952807305,1.1081880639700718e+17,36745093984912.56,3.710365981973815e-17,510778.2830680557,-1.423667751028752,-0.09497414849902862,1.883379187680556,0.24669019348882162,0.9885680811833399,-0.23362041105012102,0.12805285558372687,-0.013070406415383573,1.00000000032975,1.5654421968827478e-10,1.0000000000034799,4.695282436614588e-12,0.9999999999965263,-4.691160698294741e-12,1.0000000005899006,2.4092656402632794e-10,1.0,2.0734803877695473e-17,1.0000000000000004,-8.998804422162162e-17,0.9999999999999997,-1.5349718613017123e-16
1.1896527170367732,1.0253990120055269e+17,34893286079798.695,4.0148191874682516e-17,499288.05208841787,-1.4250601038572768,-0.09266753937294017,1.883216192779844,0.2404995256163217,0.9888918971129007,-0.22776514311009977,0.1278920339993627,-0.012735022796638287,1.0000000003100988,1.6581320933520722e-10,0.9999999999869548,6.348321243999077e-12,1.000000000011532,-6.0228515991667864e-12,0.9999999996393351,-2.176049121911329e-09,0.9999999999999992,1.83223423530219e-16,1.0,8.08168830815478e-17,0.9999999999999997,1.4273179587035152e-16
1.224398340063837,9.483771627322632e+16,33124980719620.492,4.3458779627995093e-17,487973.2734760157,-1.426385871304067,-0.09039690831340559,1.8830419316489662,0.23443265680385977,0.9892188227728569,-0.22202697864689006,0.12773936892848273,-0.012406335276495106,1.0000000002924156,1.7302033260513938e-10,0.9999999999895138,3.872635528932986e-12,1.0000000000105638,-3.70235605305385e-12,1.0000000003279776,3.3702764633118034e-10,0.9999999999661087,6.295527140180968e-11,1.000000000038828,-6.912238531217825e-11,1.0,1.2899978672121782e-16
1.260158762033693,8.767725152847014e+16,31437390592485.16,4.7059151368246964e-17,476833.4853057696,-1.4276476775713611,-0.0881632664375014,1.8828583720846557,0.22848895980056314,0.9895472664000926,-0.2164052720911948,0.12759448433768522,-0.01208436219320171,1.0000000002744494,1.836031943388898e-10,1.0000000000012157,2.9941569036171543e-12,0.9999999999986486,-2.896610877362779e-12,0.9999999994910687,-2.011577956098036e-09,1.0000000000000002,9.070777844239893e-18,1.0000000000000007,-1.4226746545283883e-16,0.9999999999999999,-2.422069983740724e-16
1.2969636216980622,8.102485282507987e+16,29827721996649.105,5.097516762602377e-17,465868.4553103475,-1.4288481047829258,-0.08596748220118197,1.8826671957811396,0.22266774207018408,0.9898758991428174,-0.21089932897354213,0.12745702738107004,-0.011769105489312539,1.0000000002586795,1.922365231406092e-10,1.000000000009665,1.6090435904398615e-12,0.9999999999903899,-1.6448069305520732e-12,0.9999999993874032,-6.655404648182776e-10,0.9999999999999999,0.0,1.0000000000000013,-4.822695544260426e-16,1.0000000000000007,5.302425633748583e-16
1.3348434234536388,7.484853822898165e+16,28293186587128.44,5.5235017194624637e-17,455077.9750733073,-1.4299896798409328,-0.08381027268804028,1.8824700283778246,0.21696818559261266,0.9902034426871938,-0.20550834101070978,0.1273266507339541,-0.011460555444908592,1.0000000002426421,2.0081799635477502e-10,1.0000000000081861,-3.2984204281610827e-12,0.9999999999916435,1.7617186347611982e-12,0.9999999998209329,-2.4481519763764814e-09,0.9999999999999987,3.189181456283594e-16,1.000000000000001,-1.415451985692497e-16,0.9999999999999998,-2.7553391623617674e-16
1.3738295626245727,6.9117894854154984e+16,26831012992205.055,5.986940873075768e-17,444461.93157074635,-1.4310748738884378,-0.08169222913747658,1.8822683416309363,0.21138936161679195,0.9905287594726044,-0.2002314029603361,0.12720302019608987,-0.011158688566569526,1.0000000002293001,2.092361999740497e-10,0.999999999985054,-6.903363320110189e-12,1.000000000014933,6.889447583143081e-12,0.9999999999977741,-1.7789581219595564e-10,1.0000000000000004,-4.716150056824665e-16,0.9999999999999987,-3.1225105643248244e-15,1.0,-1.0954697830489315e-16
1.413954351483365,6.380373862530036e+16,25438456260124.15,6.491294688009571e-17,434020.2549618562,-1.4321060966416148,-0.0796138121411111,1.8820634673147207,0.20593027854193424,0.9908508382063194,-0.19506755659885855,0.12708581528717025,-0.010863471493272334,1.0000000002161347,2.1777704226481164e-10,1.0000000000000004,-2.31509339760743e-17,1.000000000327739,7.112583032774195e-10,1.0000000000000004,-8.162447421645571e-16,0.9999999999999998,4.319393151933224e-16,1.0000000000000002,-1.378593245252092e-16,1.0000000000000002,-1.6928821357546091e-16
1.4552510460317445,5.8878738995038904e+16,24112806919137.227,7.040187308073602e-17,423752.9022888136,-1.4330856950514175,-0.07757537229111257,1.881856622872979,0.20058983304435896,0.9911687712259256,-0.1900157432900933,0.12697472622405312,-0.010574859554938235,1.000000000203198,2.274979285860979e-10,1.0000000000008196,1.3346722230346896e-12,0.9999999999991187,-1.8431732147577902e-12,0.9999999993734617,-7.999046640429155e-10,1.0000000000000557,-1.1871695648142539e-14,0.9999999999999609,1.2213582671584433e-14,1.0000000000000009,2.2865059941448724e-16
1.4977538735637193,5.431679350802684e+16,22851398423495.6,7.637559784055299e-17,413659.84828122106,-1.434015947857084,-0.0755771490746948,1.8816488789799388,0.1953668890108283,0.9914817822313262,-0.1850748784063868,0.12686945863162186,-0.010292801280087383,1.0000000001903886,2.356893791483146e-10,0.9999999999995935,-6.2405089300223586e-12,1.0000000000003693,6.47297276358776e-12,1.0000000003061167,7.993549182204072e-10,1.0000000000029259,3.737481705104941e-12,0.9999999999970439,-4.0754299293565895e-12,1.0,-3.3243093910303324e-17
1.5414980610336502,5.009329172404659e+16,21651613698860.01,8.287749666057274e-17,403741.07731414115,-1.4348990657101517,-0.07361928461109285,1.88144120235958,0.19026012802842276,0.9917891906256151,-0.1802437104512175,0.12676972637909759,-0.010017229770915686,1.0000000001796836,2.4440991295375397e-10,1.0000000000084408,-1.372069728831866e-12,0.9999999999915676,1.367039001293621e-12,0.9999999999978292,-1.9961871705198722e-10,0.9999999999999993,6.245149944487993e-17,0.9999999999999999,-1.6753802556384405e-15,1.000000000000001,1.320154663435235e-16
1.5865198642528573,4.618501100246728e+16,20510890919729.78,8.995496238416434e-17,393996.4852309227,-1.435737187783598,-0.07170182846004972,1.8812344853419058,0.18526828212705035,0.9920903772204113,-0.17552103682370468,0.1266752563247227,-0.009748079675966297,1.000000000169712,2.533299348895207e-10,0.9999999999969209,-3.946119940865919e-12,1.0000000000029763,3.998344351469477e-12,1.0000000002791964,8.176390440972051e-10,0.9999999999999983,3.3487667524742518e-16,1.0000000000000002,1.1294070915380102e-16,1.0,9.09426825423577e-17
1.632856597938957,4.2570129279946104e+16,19426727953078.74,9.7659568514382e-17,384425.82027707837,-1.4365323831168055,-0.06982474717618706,1.881029705076432,0.18038988838860318,0.9923846425157259,-0.17090547053866972,0.12658577081422495,-0.009485275093933355,1.000000000161302,2.760690769023902e-10,1.0000000000096378,1.3033754856090139e-12,0.9999999999937144,8.456663343283237e-12,0.9999999999977823,-9.387359821646512e-12,1.0000000002134546,5.020519927987173e-10,0.9999999999994285,6.344526514332157e-12,0.9999999999999998,-2.1190485680460557e-16
1.6805466666428366,3.922810758021587e+16,18396686486766.797,1.0604770163770551e-16,375029.33082325384,-1.4372866500729167,-0.06798793314563824,1.880826877889105,0.17562375001601072,0.9926721693187659,-0.16639589781632966,0.1265010707252844,-0.009228732985063484,1.0000000001496956,2.716423959178007e-10,0.9999999999999841,-6.557580329065172e-15,1.000000000448742,7.12710690822626e-10,0.9999999999990168,1.4972733627716774e-13,0.9999999999999898,-4.046647850502355e-14,1.000000000000006,3.856804946202352e-14,1.0,-5.075787909451167e-16
1.7296295965788975,3.61396040376703e+16,17418395031414.174,1.1518056326934084e-16,365806.34374515293,-1.4380019124913233,-0.06619120309588228,1.8806272497748306,0.17096811922178934,0.9929520020100339,-0.1619906575247181,0.12642086566794897,-0.008978366754100905,1.0000000001403035,2.814840531487335e-10,1.0000000000026559,-6.488298193545032e-12,0.9999999999974369,6.478509037402034e-12,0.9999999996765154,-6.266855864770498e-10,0.9999999999999996,0.0,1.0000000000000022,-2.3506679567364512e-15,1.0000000000000009,1.7142272781339344e-16
1.7801460683849506,3.3286514111562388e+16,16489551508626.812,1.251250715404721e-16,356756.66191866645,-1.438680024682462,-0.06443431725352702,1.8804311121829764,0.16642154703843906,0.9932240605064527,-0.15768839152446268,0.12634494427785856,-0.008734085577605334,1.0000000001322709,2.907187605526843e-10,0.9999999999943571,1.8929927810598597e-11,0.9999999999647863,4.4019354187928464e-11,1.0000000000363058,1.4756924003321201e-10,1.0000000000000009,7.040466497536187e-16,0.9999999999999998,3.408866659236871e-16,0.9999999999999994,2.368332192548954e-16
1.832137950838913,3.0651920568497076e+16,15607924965966.586,1.3595412342949074e-16,347879.85626434203,-1.4393227702898344,-0.06271697135011627,1.8802388973736979,0.1619824489587767,0.9934881306191062,-0.1534876109483182,0.1262730884836624,-0.008495793836657238,1.000000000124149,3.0039729135058405e-10,0.9999999999999997,-2.6862523781113286e-17,0.9999999997792126,-7.538939344070874e-11,0.9999999999999999,-2.331728892524423e-16,0.9999999999999997,1.0544673398126683e-16,0.9999999999999994,-3.0730616301879384e-16,0.9999999999999994,-1.8070800678099975e-16
1.8856483355602536,2.8219944961570004e+16,14771356936344.506,1.4774718799373692e-16,339175.3919065272,-1.4399318608529441,-0.06103881536635913,1.8800509788435367,0.15764920011677122,0.993744047439172,-0.1493867890309948,0.12620508969520572,-0.00826339345079962,1.0000000001167595,3.102669393236914e-10,1.0000000000022202,2.7501073665804113e-12,0.9999999999980224,-2.644954020868788e-12,0.9999999997701379,-8.182494870692964e-11,1.0000000000000018,9.486266006709583e-17,1.000000000000001,-5.378060552970651e-17,1.0000000000000002,-1.3961417289069705e-16
1.9407215727249458,2.5975780425795744e+16,13977762160055.754,5.028211970447259e-18,349551.0387435566,-1.4405089418929222,-0.05939944903159968,1.8715176292742193,0.08218693176473105,1.002857345276169,-0.07909979339645408,0.12562502579821147,-0.0030871383817204843,1.000000000108405,3.2079866934972177e-10,1.000000000002425,-2.40320886888788e-11,0.999999999991683,-9.083415053790833e-10,0.9999999999909274,3.9853338926790895e-11,1.0000000000000007,3.8368805294453553e-16,0.9999999999999998,1.9644663452401206e-16,0.9999999999999999,8.938411541401167e-17
1.9974033078235316,2.390555928488522e+16,13225128916785.473,5.46874706603207e-18,339821.2096078284,-1.4410555879650602,-0.0577984332153933,1.8717295160522287,0.07990166952934716,1.0026759431013064,-0.07689763107148208,0.12559454119512828,-0.003004038475534111,1.0000000001014022,3.308473725075247e-10,0.999999999998656,-2.446312917828859e-12,1.000000000000822,2.480961924849138e-12,0.9999999997620632,-2.169329697366442e-09,1.0000000000000044,-1.1623504875772793e-14,0.9999999999999946,1.1797003563322061e-14,1.0000000000000002,-1.7166345044934817e-16
2.0557405194927596,2.1996409792897336e+16,12511519068500.824,5.9484669138466265e-18,330353.6069008636,-1.441573309974899,-0.056235289584739695,1.8719297835023847,0.07767731688040973,1.0025045587677457,-0.07475448587402503,0.12556565807660203,-0.0029228310279205746,1.0000000000967555,3.408009826779864e-10,0.9999999999985454,1.3785675595673335e-13,1.0000000000014169,-1.5403160882085762e-13,1.000000000197893,3.2777999457857036e-10,0.9999999999999999,-6.55513888138951e-17,0.9999999999999971,1.944995376375931e-15,1.0000000000000002,-4.858810334504432e-17
2.115781558452155,2.023629696506227e+16,11835067461827.797,6.470596803248691e-18,321141.8819543326,-1.442063551775064,-0.05470950863348498,1.8721190548421462,0.07551245638599557,1.002342647753428,-0.07266896106321066,0.12553829775153932,-0.0028434953489943726,1.0000000000901565,3.5177236400901773e-10,0.9999999999973372,1.710857621496592e-12,1.0000000000022842,-1.781846945189241e-12,0.9999999999985519,-2.7384980107082395e-10,0.9999999999999978,-1.4919109003421014e-15,1.0000000000000016,-2.5864565343106137e-15,1.0000000000000002,-1.853841811598943e-16
2.1775761875777904,1.861403401859612e+16,11193981402621.12,7.037211730693723e-18,312179.7884997493,-1.4425276955063033,-0.053220551296407216,1.872297922680219,0.07340568629792564,1.0021896929325793,-0.07063967769984457,0.12551238473257056,-0.0027660086283451987,1.0000000000860139,3.623392396827623e-10,1.0000000000098213,-1.2561895576307812e-11,1.0000000001699594,5.603097925157666e-10,0.9999999999862543,3.4131733966708974e-11,0.9999999999999994,2.5442572476787384e-16,1.0000000000000007,5.089505115569815e-17,1.0000000000000002,1.5397901331993694e-16
2.241175623146473,1.711922127494056e+16,10586539580371.082,7.658765070111467e-18,303461.1816271991,-1.442967062449334,-0.05176785687421539,1.872466950139937,0.07135562351389735,1.0020452034556535,-0.06866527688673477,0.1254878467512718,-0.002690346661137836,1.000000000078951,3.728023641260411e-10,1.0000000000000486,-1.1457523805204482e-13,0.9999999996930504,-2.4359835427888747e-09,1.0000000000000755,1.9756819344513822e-14,1.0,1.148809469025989e-16,1.0000000000000004,-8.44199763539612e-17,0.9999999999999989,1.8673223597055418e-16
2.3066325772845304,1.5742177936242128e+16,10011090949224.95,8.333156567042318e-18,294980.02618072764,-1.4433829131745775,-0.05035084182885124,1.8726266695689766,0.06936090189173669,1.0019087160100366,-0.06674441830766566,0.1254646147518726,-0.0026164836165739652,1.0000000000896518,3.784295999519387e-10,0.9999999999976248,8.616414671676008e-13,1.0000000000025089,-7.202593442274394e-13,0.9999999997550286,4.4612376293263853e-10,0.9999999999946001,1.225121810756175e-12,1.000000000006645,-1.891881288639759e-12,1.0000000000000004,-4.461428089409017e-16
2.37400130165638,1.4473925977021316e+16,9466053237421.703,9.066732738937263e-18,286730.393546036,-1.4437764505596036,-0.04896890214508595,1.8727775838334528,0.06742017436174864,1.0017797937712676,-0.06487578235255126,0.12544262274757872,-0.002544392055642366,1.0000000000632496,3.9961688656737645e-10,1.0000000000146065,7.268050702967008e-13,0.9999999999856085,-7.984339358256826e-13,1.0000000000780132,-2.949051686078063e-10,0.9999999999837037,1.5623307687034832e-11,1.000000000004861,-2.2128400160137956e-11,1.0000000000000002,3.2749636496572934e-17
2.443337632429087,1.3306124752352466e+16,8949911535509.006,9.86806303187416e-18,278706.462783231,-1.4441488226560324,-0.047621422396053145,1.8729201724191868,0.06553211505070544,1.0016580203178074,-0.06305807131401293,0.1254218076081799,-0.0024740437851319356,1.0000000000656435,4.091719479705123e-10,0.9999999999999973,1.6622584615381372e-15,1.0000000001714562,4.040421230755398e-10,0.9999999999999997,-2.6672167113281227e-16,1.0000000000000038,3.5019812698039635e-16,0.9999999999999998,1.6960349602946345e-16,1.0000000000000004,1.1958556394126006e-16
2.5146990365501813,1.223104802232473e+16,8461216551102.312,1.0732344919876303e-17,270902.52333559754,-1.4445011238137049,-0.046307773412146466,1.8730548884312943,0.06369541908610657,1.001543002766071,-0.06129000963741613,0.12540210914773697,-0.002405409501923281,1.000000000061226,4.2182777017468113e-10,0.9999999999984636,2.2128763669035728e-14,1.0000000000013285,-2.6774798329699045e-14,1.0000000000002105,8.753991241427404e-11,1.0000000000000004,0.0,1.0000000000000009,2.253294755959831e-16,1.0,3.5443045175353804e-16
2.5881446593770923,1.124152793878033e+16,7998582870028.709,1.168781864017803e-17,263312.97628981294,-1.4448343962031096,-0.045027315000513615,1.8731821607294434,0.06190880339265725,1.001434369680595,-0.05957034454941691,0.12538346993500052,-0.002338458900691339,1.0000000000570337,4.3415879101255594e-10,0.9999999999977726,1.7019938716889084e-12,1.0000000000019205,-1.638796757055747e-12,1.0000000001655864,6.54462659806249e-12,0.9999999999999997,9.303918545647184e-16,1.0,-4.84298531108445e-16,0.9999999999999994,-4.866032041089801e-16
2.6637353736976688,1.033092745706653e+16,7560687081731.88,1.2720307457796321e-17,255932.33342102228,-1.4451496314826358,-0.04377940212894496,1.8733023950542662,0.060171007166342945,1.0013317699940176,-0.0578978458295515,0.1253658352971437,-0.002273161398981222,1.0000000000526001,4.473162498184446e-10,1.000000000000648,2.746461517546803e-14,0.9999999999994258,-1.1241305509852384e-13,1.0000000000862723,-3.8344308566123196e-10,0.9999999999999869,2.3609804367620422e-14,1.0000000000000124,-2.6697534643374272e-14,1.0000000000000004,4.395787108891457e-17
2.741533830182422,9493100926336054.0,7146265900129.319,1.384399900729812e-17,248755.21771430696,-1.445447774777005,-0.042563382759541774,1.8734159770680612,0.0584807925608243,1.0012348702255727,-0.05627130701352775,0.1253491530486518,-0.002209485614246357,1.0000000000518996,4.60815891913198e-10,0.9999999999990995,-8.291488897356345e-13,1.0000000000006546,9.717953168155829e-13,1.0000000003729146,1.6577354265699147e-09,1.0000000000000377,-5.355669977682463e-14,0.9999999999999613,5.3431607871278657e-14,0.9999999999999991,7.258496736738734e-16
2.8216045093103004,8722362421092221.0,6754114157979.051,1.5068891586769746e-17,241776.36397916416,-1.4457297236993547,-0.04137860085269032,1.8735232698243014,0.05683694482600114,1.0011433569410577,-0.0546895452044295,0.12533337357812488,-0.0021473996930952083,1.000000000047051,4.744207491044574e-10,1.0000000000000002,-1.4471543621220343e-16,1.0000000003125644,8.531943681270632e-10,1.0000000000000007,5.343860222907976e-16,1.0000000000000004,5.748456184965927e-16,1.0000000000000004,5.498398012706827e-16,1.0000000000000004,-2.511816479844607e-16
2.9040137748110393,8013452319326311.0,6383082880138.961,1.6395201865144385e-17,234990.6184104351,-1.4459963327498642,-0.04022439877857716,1.8736246183021812,0.055238272443925415,1.0010569324351697,-0.05315140102748028,0.12531844960575197,-0.002086871491831089,1.0000000000439546,4.876328687694094e-10,1.0000000000092943,6.26839540359605e-12,0.999999999991294,1.188687071944829e-12,1.0000000001268154,4.401981306194911e-10,0.9999999999999478,1.1691737305297714e-14,1.0000000000000517,-1.1835400020483122e-14,0.9999999999999997,-1.570033914895524e-17
2.988829928668372,7361509413932094.0,6032077250307.837,1.7847779748131974e-17,228392.93783044798,-1.446248414038429,-0.039100120301140164,1.8737203491592223,0.05368360825756295,1.0009753150120257,-0.0516557395085013,0.12530433617186298,-0.002027868830398662,1.0000000000406364,5.032775904109445e-10,0.9999999999988884,-7.089590959339529e-13,1.000000000131347,4.916590460762346e-10,1.0000000000005203,1.2925875448030557e-12,0.9999999999999994,-9.481629196438574e-16,1.000000000000001,4.033546378595331e-15,0.9999999999999994,1.1238480404944216e-17
3.0761232677296966,6762042501103461.0,5700054626461.768,1.9424076230256145e-17,221978.39024766345,-1.4464867383691598,-0.03800510749196001,1.8738107702021338,0.05217180792057045,1.0008982395820358,-0.05020144895476652,0.125290990559837,-0.0019703590523742712,1.0000000000365799,5.18509915180763e-10,1.0000000000000002,2.100376377613134e-17,0.9999999999350841,-8.580118070134923e-10,1.0000000000000007,-3.2576922920042607e-16,0.9999999999999998,-9.101843325232804e-17,1.0000000000000004,-3.34449717341507e-16,1.0000000000000009,-3.551714114286858e-16
3.1659661419691134,6210901156225807.0,5386022551975.9375,2.1137239268768463e-17,215742.15296756467,-1.4467120386659005,-0.036938707084859836,1.873896173937553,0.0507017518270537,1.0008254542832151,-0.04878744222410196,0.12527837212134157,-0.0019143096940821137,1.0000000000354636,5.334423335779372e-10,1.0,1.1248657485359314e-17,1.000000000180747,1.0112226922508694e-09,1.0000000000000004,-1.938794194443387e-16,1.0000000000000009,-3.660988345686449e-16,0.9999999999999994,2.7704166494638197e-16,1.0,2.733147980226991e-16
3.2584330144521236,5704254372774119.0,5089036774599.966,2.301018350770521e-17,209679.51217577484,-1.4469250099693767,-0.035900268814077575,1.873976835906444,0.049272343483213674,1.0007567221550564,-0.04741265529735159,0.12526644228599024,-0.0018596882833631452,1.0000000000272027,5.505451989917979e-10,0.9999999999994648,4.926126027471414e-13,1.00000000000039,-3.8250371086326534e-13,0.9999999998308241,-8.665169064957996e-10,1.0000000000000002,-4.847591328300437e-16,1.0000000000000002,-3.260199490198226e-16,1.0000000000000002,7.751165414179322e-17
3.353600523051688,5238566157233863.0,4808199335145.155,2.502856643418866e-17,203785.86262764645,-1.4471263127339853,-0.03488914696752974,1.8740530178622894,0.04788251081760867,1.0006918181174838,-0.04607604855242275,0.12525516435897607,-0.001806462365478533,1.0000000000331868,5.644241164939039e-10,0.9999999999990874,7.340910141830341e-13,1.0000000000007714,-6.60746446580708e-13,1.0000000001644973,5.495533993049508e-10,0.9999999999999993,-1.7427638633966344e-16,0.9999999999999989,0.0,0.9999999999999994,4.174898402842851e-17
3.451547543966797,4810574316036208.0,4542656621551.067,2.7235641658826183e-17,198056.7052336312,-1.4473165731771829,-0.03390470043419073,1.8741249665745217,0.04653120489580499,1.0006305302141767,-0.044776605457390484,0.12524450355362887,-0.001754599548384892,1.000000000026967,5.855711325908345e-10,0.9999999999997162,4.987216286614904e-13,1.000000000000337,-1.671404404333282e-12,0.9999999999431081,-4.0321090529177007e-10,1.0000000000000255,-1.4178817667714496e-15,0.9999999999999744,1.2465205649431254e-15,0.9999999999999988,-1.0735427429396576e-16
3.5523552570962003,4417269801985594.0,4291597517967.6343,2.963319198763011e-17,192487.6472770808,-1.4474963854208767,-0.032946295362440786,1.8741929157049866,0.04521740063767814,1.0005726578196805,-0.043513333025407525,0.12523442681777272,-0.0017040677244868241,1.0000000000243192,5.996752225162243e-10,1.0000000000009361,-4.951039815798993e-13,0.9999999999991981,4.184843169441094e-13,0.9999999999381682,-4.3860714304766123e-10,1.000000000000102,-6.974909660186736e-14,0.9999999999998948,6.728832469609213e-14,0.999999999999999,1.2566287070632942e-16
3.65610721332147,4055878432547449.0,4054251570477.1743,3.218352658817901e-17,187074.40037563603,-1.4476663125785763,-0.032013305497482984,1.8742570859080911,0.04394009640254549,1.0005180116081036,-0.042285261395537795,0.12522490283116638,-0.0016548351253438628,1.0000000000169629,6.18055909184615e-10,1.000000000078028,1.8308110996874657e-10,0.9999999999981845,8.004312560773523e-12,0.999999999998477,-1.3975216335080992e-11,1.0000000000000013,1.990494668861189e-16,0.9999999999999998,-1.35880983847503e-16,0.9999999999999999,1.159361969486784e-16
3.7628894037551754,3723843052256226.0,3829887206009.6294,3.5031096042839e-17,181812.7789548638,-1.447826888929768,-0.031105110633907324,1.8743176861934217,0.0426983134231622,1.0004664123117584,-0.041091443511827384,0.12521590183541448,-0.0016068700339128231,1.000000000021384,6.349686231310464e-10,1.000000000000004,1.561383168631962e-14,1.0000000001819929,3.1252560251285093e-10,0.9999999999997045,-6.586253258916408e-14,1.0000000000000013,-2.7401004232209144e-16,1.0000000000000013,5.129839089285019e-16,1.0000000000000009,1.176714134119957e-16
3.8727903310115526,3418806423451579.0,3617809995660.057,3.79187902814522e-17,176698.69899362512,-1.4479786210382564,-0.03022109908807429,1.874374914255509,0.04149109606916692,1.0004176904671032,-0.03993095511128091,0.1252073956173188,-0.0015601410865124135,1.0000000000197702,6.540855042747809e-10,0.999999999998481,1.229516672466658e-12,1.0000000000014835,-1.23310638953844e-12,0.999999999967363,1.014670272382114e-10,1.0000000000000009,-1.2336616814147806e-17,1.0000000000000009,3.7631174816100655e-16,0.9999999999999998,1.320161351390331e-16
3.9859010825587413,3138597537659557.5,3417360974945.276,4.1282630528881684e-17,171728.17724750657,-1.448121987824866,-0.029360669867869324,1.8744289559386154,0.04031751134416142,1.0003716869026877,-0.038802893914232466,0.12519935750152678,-0.0015146175642469506,1.000000000014684,6.732961633818436e-10,1.0000000000001086,-6.310064266640245e-12,0.9999999999995738,6.185960499608107e-12,0.9999999999849785,-8.141136380394229e-10,1.0,-8.93705110484468e-17,1.0000000000000013,2.2484685197679147e-15,1.0,3.7825704111344437e-17
4.10231540621339,2881216751954352.5,3227915018203.6772,4.4809255385347945e-17,166897.3283017224,-1.4482574443361038,-0.028523227415993117,1.874479988146838,0.0391766484981994,1.000328250094106,-0.03770638003538311,0.1251917621001554,-0.0014702686028447705,1.0000000000142835,6.929520766240395e-10,0.9999999999999991,9.581795028061775e-17,0.9999999999736949,-1.147339487681218e-09,1.0000000000000002,1.5489686240232017e-16,1.000000000000001,-1.5619697780965887e-16,0.9999999999999991,-3.4820702453482483e-16,1.0000000000000002,-1.0082195751922195e-16
4.222129787840192,2644822430881969.0,3048879263801.0234,4.86366974527526e-17,162202.3638917957,-1.4483854211422198,-0.027708188821567982,1.8745281777851015,0.03806761906538683,1.000287237148387,-0.036640555022813756,0.12518458540643357,-0.0014270641886143115,1.00000000001339,7.133889089615781e-10,1.000000000000139,-5.6675468518137285e-14,0.9999999999998036,2.9067066470813405e-13,1.0000000000679947,3.8032653275979885e-10,1.0000000000000684,-1.0217403487198405e-14,0.9999999999999277,9.848918948674817e-15,1.0000000000000002,1.8302157058453023e-16
4.3454435313207584,2427719247683670.0,2879691589198.7744,5.2833882920328365e-17,157639.59109039351,-1.4485063256142219,-0.02691497935950232,1.8745736820007108,0.03698955609433019,1.000248513651951,-0.03560458171621146,0.1251778046872044,-0.0013849745302850945,1.0000000000114346,7.343969545488435e-10,0.9999999999994961,1.8205718774340675e-12,1.0000000001446114,-5.076750628954099e-11,1.0000000000033966,1.5473657565088824e-12,1.0,-1.888888309131249e-16,0.9999999999999986,-1.1278021208574448e-15,0.9999999999999997,1.226402414133184e-16
4.472358840858102,2228346544638910.5,2719819155360.8345,5.741786238551732e-17,153205.41043550163,-1.448620543958949,-0.026143034379011512,1.8746166498483128,0.03594161409791743,1.0002119521108774,-0.03459764396856222,0.12517139838800892,-0.001343970286029821,1.0000000000021316,7.542692050939205e-10,0.9999999999957062,2.404405362427075e-13,1.0000000000042488,-2.0020188676746684e-13,1.0000000000313958,-5.872937836130341e-10,1.0000000000000258,-1.6507311169373983e-13,0.9999999999999746,1.6520998103713365e-13,0.9999999999999999,1.1316700554689887e-17
4.602980905684948,2045268375911762.0,2568756995617.5977,6.198088572984133e-17,148896.31433270455,-1.4487284417273543,-0.025391799284255688,1.8746572222155427,0.03492296865860043,1.000177432040971,-0.03361894626161745,0.12516534608185387,-0.0013040225596366371,1.00000000000903,7.760897266018176e-10,0.9999999999999877,-1.3942376897127021e-13,0.9999999999999343,5.162394368302528e-13,1.0000000000441833,-2.5310685470410304e-10,1.0000000000000004,7.133203293464521e-17,1.0000000000000004,1.1309680870046648e-15,0.9999999999999992,-6.804608302618884e-17
4.7374179872460855,1877163318238696.2,2426026657575.508,6.661635007059237e-17,144708.88529370408,-1.44883036466846,-0.02466073020842529,1.8746955318354437,0.033932816007200474,1.000144840028922,-0.03266771318961628,0.12515962847410006,-0.0012651029880939618,1.0000000000070373,8.003030975606455e-10,0.9999999999999982,-9.309811161677772e-16,1.000000000000588,-7.914606947675874e-10,0.9999999999999997,1.5991743349475504e-16,1.0000000000000002,2.2925443394457325e-15,0.9999999999999991,-3.325592654614179e-16,1.0000000000000009,-4.15524233124757e-17
4.875781508927006,1722815740000188.8,2291174909871.364,7.221776541099572e-17,140639.79424278747,-1.448926640231118,-0.02394929269280977,1.874731704318083,0.03297037261550772,1.0001140687612795,-0.03174318924779649,0.12515422725649938,-0.001227183552478857,1.0000000000077771,8.314446567823255e-10,0.9999999999997866,-4.938158905204961e-13,1.0000000000001241,6.213099536913864e-13,1.00000000004319,-9.303397981840888e-11,1.0,-1.7782379678889963e-16,1.0000000000000007,0.0,1.0000000000000004,-1.4800313814554947e-16
5.018186148403208,1581107593684586.0,2163772492041.934,7.78797357040286e-17,136685.79850087632,-1.4490175782511336,-0.023256963522225546,1.8747658584312445,0.032034874930080295,1.0000850167918303,-0.030844638305496302,0.12514912511844345,-0.0011902368079286104,1.0000000000002653,8.474338541751201e-10,0.999999999999103,2.516623432946257e-13,1.000000000000669,-2.431459582433256e-13,1.0000000000017406,-6.491115860711088e-10,0.9999999999999964,6.493980367325841e-16,1.0000000000000002,-1.1940035004749848e-15,0.9999999999999991,2.4632668222827327e-16
5.164749932686703,1451010554580747.5,2043412923501.5247,8.400208333119303e-17,132843.74027243405,-1.4491034719800027,-0.022583229810120297,1.8747981064887513,0.031125579019248485,1.000057588194672,-0.02997134340630784,0.12514430565375262,-0.0011542358033986792,1.0000000000027691,8.725086561681932e-10,1.0000000000000002,2.0514290061708417e-17,0.9999999999621961,-1.0455173669520078e-09,0.9999999999999982,-3.3457794405330965e-16,0.9999999999999992,-5.087368093923407e-16,0.9999999999999998,-8.109406386845687e-16,1.0,-5.700128204191146e-17
5.315594335948497,1331579206173914.5,1929711358484.0198,9.012872460443412e-17,129110.54490783706,-1.4491845985232459,-0.02192758884984836,1.874828554144462,0.03024175990386559,1.0000316928189426,-0.029122606073405062,0.1251397533785288,-0.0011191540265395323,0.9999999999961899,8.966758476874096e-10,1.0000000000062341,-4.588427472214738e-11,1.0000000000001183,7.849738362216436e-13,1.0000000000017029,-1.2179338340204578e-11,0.9999999999999983,-1.9637755230224967e-16,1.0000000000000007,1.2014715305668643e-16,1.0000000000000002,-2.7773210016779436e-16
5.470844380198136,1221944199498160.0,1822303494984.119,9.665560157638544e-17,125483.21883912853,-1.4492612201996842,-0.02128954832544902,1.8748573015069785,0.029382711494959135,1.0000072452256437,-0.028297746252849667,0.12513545360904707,-0.0010849654458616178,0.9999999999946318,9.234604723265501e-10,0.9999999999999362,1.2658432915512946e-12,0.9999999999998983,-1.2755725511447586e-12,1.0000000000414593,-3.0559632262263745e-10,1.0000000000000149,-9.603307825641568e-15,0.9999999999999833,7.416787723126339e-15,1.0,1.837478194017022e-16
5.630628738903734,1121306382198052.1,1720844531427.119,1.0308397218477877e-16,121958.84798403428,-1.4493335853152765,-0.020668626673889155,1.874884443346503,0.028547746060349263,0.999984164539796,-0.027496101706254463,0.1251313924484999,-0.001051644565656466,0.9999999999996748,9.509704985424571e-10,0.9999999999999998,-3.589934621664438e-16,1.0000000000023372,-7.301097787231854e-10,0.9999999999999987,-1.450952276696812e-16,1.0000000000000007,-1.3946355564210399e-16,0.9999999999999993,7.678087122397007e-17,0.9999999999999993,-1.5405782680521833e-16
5.795079843638406,1028931277399595.2,1625008167685.2456,1.0986017963727118e-16,118534.59613356963,-1.4494019282054644,-0.020064352459283483,1.8749100686150664,0.027736193751325917,0.9999623749265051,-0.02671702761205404,0.12512755679645063,-0.0010191663583052073,0.999999999994616,9.78769484818974e-10,1.0000000000000808,-5.263580796718178e-12,0.9999999999995013,5.227632952011295e-12,0.9999999999767505,-7.619232860903207e-10,0.9999999999997803,-2.4144836901869644e-13,1.000000000000269,2.6402490548878454e-13,1.0,7.695577266602128e-17
5.964333993841445,944143823997850.6,1534485658011.5251,1.1769345035590958e-16,115207.70293198011,-1.4494664709381766,-0.019476264710067734,1.8749342619249705,0.02694740242391741,0.9999418041990896,-0.02595989634826891,0.1251239342126822,-0.0009875062990960582,0.9999999999940441,1.004155175029045e-09,1.0000000000001403,1.5403828906171459e-13,0.9999999999998965,-1.31831885311039e-13,1.0000000000782139,-1.2324663725732868e-10,0.9999999999999999,-6.413968031307532e-17,1.0,7.917837447697682e-17,1.0000000000000004,-3.0249715077502466e-17
6.138531469785267,866323633226456.8,1448984900985.454,1.2368698787367076e-16,111975.48226626727,-1.4495274233045343,-0.018903912029448074,1.8749571028881766,0.026180736994978998,0.9999223844972832,-0.025224096949667395,0.12512051294703802,-0.0009566402791416345,0.9999999999964194,1.0361240869462687e-09,0.9999999999965796,-3.324728545032541e-13,1.0000000000033258,2.7217811743682466e-13,1.000000000049617,-1.2080135516329303e-10,1.0000000000000009,1.260986432149921e-16,1.0000000000000002,-2.2995378414240054e-16,0.9999999999999997,2.0724947944166595e-16
6.317816648841713,794900706865029.2,1368229577060.0583,1.3373816430846847e-16,108835.32063105522,-1.4495849835320591,-0.018346853575933967,1.8749786666849315,0.025435579242143576,0.9999040517405601,-0.024509034758586814,0.12511728190917304,-0.0009265447257760272,0.9999999999923513,1.0667764495959723e-09,1.0000000000011433,-5.2429969991838454e-14,0.9999999999990058,3.764162843618249e-14,1.000000000031887,-8.207472411799992e-10,1.0000000000000002,-6.621722670428964e-17,0.9999999999999993,2.3893692658985676e-16,0.9999999999999998,1.298152539676251e-16
6.5023381251440915,729351331451354.6,1291958325875.264,1.3696480783622774e-16,105784.67534916515,-1.4496393391124087,-0.01780465909366023,1.8749990243592898,0.024711327433636673,0.9998867453908735,-0.023814131047040374,0.1251142306032303,-0.0008971966304061679,0.9999999999716883,1.091351788769486e-09,0.9999999999963272,-8.835591777901045e-11,1.0000000000016498,3.459186476682472e-13,0.9999999999976519,-2.7925337918009495e-13,1.0000000000000007,-5.756868527915079e-16,1.000000000000001,1.1960122827518803e-16,1.0000000000000004,-2.297996700037984e-16
6.692248832744129,669194379434193.8,1219923962720.4036,1.4458054639165252e-16,102821.07285587123,-1.449690667317089,-0.01727690655552444,1.8750182430844964,0.02400739567781938,0.9998704081808951,-0.023138822680396093,0.12511134906384966,-0.0008685732557165058,0.9999999999938712,1.1294642643024717e-09,0.9999999999999987,2.348546649720396e-16,1.0000000000453504,-3.796825277835634e-10,1.0000000000000002,-9.31103974401283e-16,1.0000000000000016,7.114781754268854e-16,0.9999999999999996,1.0176536556078544e-16,1.0000000000000007,8.906569764372137e-17
6.887706172365913,613987878587485.5,1151892733677.0994,1.4919883044560381e-16,99942.10711118246,-1.449739135680204,-0.01676318482864866,1.875036386209783,0.02332321388995851,0.9998549861804995,-0.02248256168784166,0.12510862793966931,-0.0008406524692668022,0.999999999991144,1.162710692152408e-09,1.0000000000001095,2.4456735786130646e-13,1.0000000000432956,-9.60266662466554e-12,0.9999999999988296,-4.13341391858687e-13,0.9999999999999996,-1.3966571850190154e-16,1.0000000000000009,1.4133429541010077e-16,0.9999999999999996,5.694525151069885e-17
7.088872141861874,563325874408707.6,1087643606980.7869,1.546685924009625e-16,97145.4379830534,-1.449784902481401,-0.016263091745519053,1.8750535135609805,0.022658227185013993,0.9998404284239383,-0.021844814923407778,0.12510605835877797,-0.0008134125366066945,0.9999999999753335,1.1957225978093345e-09,0.9999999999978393,-2.971159184190842e-13,1.0000000000015,2.0518732254032042e-13,1.0000000000225187,-5.185843394658672e-10,1.0000000000000082,-3.647421290885386e-15,0.9999999999999926,1.0730413110133006e-15,0.9999999999999994,2.228400574841431e-16
7.295913470478931,516835499045258.1,1026967599715.7847,1.6250005289980678e-16,94428.78958408827,-1.4498281173567769,-0.015776235171363135,1.8750696816766395,0.022011895681199843,0.9998266867453752,-0.021225063704554428,0.12510363191036386,-0.0007868322605166209,0.9999999999845198,1.2304778568026976e-09,0.9999999999979711,-4.4838686858411235e-13,1.000000000001907,3.7885196887703737e-13,1.0000000000371856,-5.392422622891384e-10,1.0000000000000009,0.0,1.0000000000000002,1.8410372566740413e-16,1.0,-9.613572523012485e-17
7.509001757046095,474174334906569.1,969667137806.3566,1.6437780605423048e-16,91789.9487067601,-1.4498689217478997,-0.015302230777883447,1.8750849439325787,0.021383693850684116,0.9998137157385646,-0.020622803446054074,0.12510134071473092,-0.0007608906962514788,0.999999999928847,1.2650050577927726e-09,0.9999999999945759,7.897761306302082e-11,1.0000000000007923,2.228683970966537e-12,1.000000000000209,-2.880905803833965e-12,1.000000000000001,2.1485167291439766e-16,0.9999999999999997,-1.0775419861561252e-16,1.0000000000000004,2.412687931950299e-16
7.728313612198036,435027916157118.94,915555448158.7317,1.775711896229959e-16,89226.76331490013,-1.4499074492240638,-0.014840704495710932,1.875099350710122,0.02077311051321543,0.9998014724291018,-0.020037543312544818,0.1250991771865367,-0.0007355675034442318,0.9999999999866819,1.3035730174987385e-09,1.0000000000004385,4.0275542950391445e-13,1.000000000000091,-2.699950435183158e-14,1.000000000005804,-1.8484646428434444e-10,0.9999999999999996,8.716381639124499e-17,0.9999999999999996,8.259776542588673e-16,1.0000000000000004,5.529619251119231e-17
7.954030804752523,399107477982485.4,864455981872.6064,1.7677986308222864e-16,86737.1409631776,-1.449943825991383,-0.014391290970117187,1.8751129495167498,0.020179648298262506,0.999789916486383,-0.01946880586908954,0.12509713437160616,-0.0007108427389788243,0.9999999999353728,1.3390327725144818e-09,1.0000000000025582,-1.84224974883283e-11,0.9999999999996693,1.85107985563103e-12,1.0000000000038474,-9.644243293283183e-11,0.9999999999997209,-3.090148164970008e-13,1.0000000000002862,3.048852037898304e-13,0.9999999999999998,-6.270503372663779e-18
8.186340412363027,366147886557128.44,816201866546.6013,1.8100106106865763e-16,84319.04730753037,-1.449978171370681,-0.01395363279805459,1.8751257853259418,0.019602823218166657,0.9997790095522744,-0.0189161267489861,0.12509520548203812,-0.0006866967885889626,0.9999999999474186,1.3778173863056011e-09,1.0000000000011438,5.549257925308054e-15,0.9999999999994023,-4.1686695405350053e-14,1.0000000000315945,-7.493473846466254e-10,1.0000000000000016,1.0350075591328238e-16,1.0,-2.0065633754584737e-16,0.9999999999999996,8.324500505971128e-17
8.425434976571374,335905693130362.0,770635386207.9899,1.807989798790589e-16,81970.50462138448,-1.4500105980694826,-0.01352738163787628,1.875137900575856,0.01904216450637015,0.9997687155947467,-0.01837905432135183,0.12509338429963604,-0.0006631105126627332,0.9999999998349407,1.4163357368871758e-09,1.00000000000279,-1.0781237470931931e-13,0.9999999999977527,-6.536360030813389e-14,1.000000000039705,-7.764165374183909e-10,1.000000000000392,7.957428275738901e-13,0.9999999999996076,-7.894312952657139e-13,1.0000000000000002,3.3087932770093766e-17
8.671512662388938,308157394485872.56,727607489008.8876,1.865713433430761e-16,79689.5904040719,-1.4500412125042317,-0.01311219703319991,1.8751493352614126,0.018497214144461146,0.9997590004522944,-0.01785714936455159,0.12509166469252866,-0.0006400651184794758,0.9999999998963001,1.4581606573417775e-09,1.0000000000168685,-2.175488786413977e-10,0.9999999999999976,9.800993772024639e-14,1.0000000000000178,-3.3313332394889615e-13,0.9999999999999991,-6.939793545976364e-16,1.0000000000000033,4.521803861374184e-16,1.0,2.7979638643083733e-16
8.924777422538654,282697793279842.94,686977319192.6971,1.8118319269063779e-16,77474.43589912342,-1.4500701152493427,-0.012707747115377642,1.875160127185482,0.017967526639466536,0.9997498320329421,-0.017349984732829955,0.12509004110006616,-0.0006175422589093514,0.9999999999812927,1.503629155347016e-09,1.0000000000000004,-2.84612160021205e-17,1.0000000000089955,-1.3187208521718732e-09,0.9999999999999998,5.273316414757292e-16,1.0,-1.0384120202716782e-16,0.9999999999999989,9.793990911557663e-17,0.9999999999999998,5.575201143294791e-16
9.185439166493962,259338524766759.34,648611774594.3527,1.8740907097992444e-16,75323.22475229608,-1.4500974012604786,-0.012313707486219062,1.8751703119873953,0.017452668583816326,0.9997411800818925,-0.016857145047400046,0.1250885082618185,-0.0005955238986692357,0.9999999999658269,1.5465384187667816e-09,1.0000000000008644,1.373369596847108e-13,0.999999999999384,-1.8662934581430364e-13,1.000000000010725,-1.1576441265005772e-09,1.000000000000001,5.231528819576197e-16,1.0000000000000002,5.698276264315427e-16,0.9999999999999999,1.3699725086793448e-16
9.453713934454804,237906666721472.3,612385086171.2797,1.8883838551698e-16,73234.1916138395,-1.4501231602879656,-0.011929761671703724,1.875179923360773,0.016952218435010397,0.9997330158990367,-0.016378226409101585,0.1250870610854227,-0.0005739923991651195,0.9999999999487258,1.5914692473888167e-09,0.9999999999961338,-2.3957750211911934e-13,1.0000000000029172,4.805596126455691e-14,1.0000000000118034,-1.1149441209623866e-09,0.9999999999999999,1.94004968085227e-16,1.0,-5.5167914003328996e-17,1.0000000000000013,1.4816928515928963e-16
9.729824076404837,218243494676585.34,578178420128.9249,1.8828679252491934e-16,71205.62082018625,-1.450147477093294,-0.011555600899195434,1.8751889931450392,0.016465766185295994,0.9997253123790601,-0.01591283607489166,0.12508569479256884,-0.0005529304944465139,0.9999999999741658,1.6371239156551661e-09,1.0000000000001237,9.947325120228355e-15,1.0000000000192146,-8.825255332146604e-10,1.0000000000000007,-5.211926874048176e-15,1.0000000000000002,9.70701398478571e-16,0.9999999999999987,-5.321729531989896e-16,0.9999999999999999,-1.2441721675204537e-17
10.013998436398301,200203311484061.22,545879500886.9051,1.9926655008863258e-16,69235.84511124827,-1.4501704316327757,-0.011190923314314066,1.8751975512270262,0.015992912971715012,0.9997180441572097,-0.015460592161144794,0.1250844049275117,-0.0005323212065160022,0.9999999999758269,1.6849898918185112e-09,1.0000000000005276,3.1204258698260815e-13,0.999999999947114,-1.0443301359405665e-10,0.9999999999993555,-1.601481580080807e-13,0.9999999999999996,-7.982293593563545e-16,1.0000000000000009,4.844051847080738e-16,0.9999999999999993,-6.328098711907739e-16
10.30647254222926,183652391535532.88,515382254029.40546,1.140670240841224e-19,1908656.1745570533,-1.450192099528655,-0.010835434603271228,1.87520663252623,0.01553321385082847,0.12508312259532367,-0.0005121451175122099,0.9997102450718196,-0.01502106870024321,0.9999999997919189,1.301718844232176e-09,1.0000000000487197,-2.432322358281776e-10,0.9999999999999173,-1.9343195507125524e-13,1.0000000000000662,3.3895593749504386e-14,0.999999999999999,5.064057024025183e-16,1.0000000000000049,-5.236089250717972e-16,0.9999999999999999,2.485159145909031e-16
10.60748880064042,168467995375252.2,486586467949.3729,1.1396049953855123e-19,797057.6322895786,-1.4502125521698357,-0.010488847261437612,1.8752141900593782,0.015086407493545862,0.12508197703220475,-0.0004923915988718311,0.999703832970455,-0.014594015886723998,0.9999999999222813,1.365423237898325e-09,1.0000000000002411,1.450578937579348e-12,0.99999999999999,-4.0896571967304064e-13,0.9999999999996392,-8.247548156468038e-11,0.9999999999999998,1.1203558705670702e-14,1.000000000000001,-1.1099924892303471e-14,1.000000000000001,1.2454917857144574e-16
10.917296698233326,154537474425655.78,459397473693.153,1.1384334343636874e-19,3374556.971633889,-1.4502318569320778,-0.01015088050007434,1.8752213197641907,0.014652067950985854,0.12508089581496667,-0.0004730417776321789,0.9996977847402614,-0.014179026117900173,0.9999999996637146,1.358812762424588e-09,1.0000000000499631,-5.660535872543989e-10,0.9999999999997644,-1.0978962230561704e-13,1.0000000000002245,4.777806348574647e-14,0.9999999999999999,-1.5686037355286914e-16,1.000000000000002,-1.3969914959822706e-15,1.0,-2.740561103015673e-16
11.236153008246442,141757444041255.78,433725841852.1118,1.2862166024723518e-19,11344693.959752401,-1.4502500774484872,-0.009821260366036305,1.8752280457215427,0.014229838418632571,0.12507987483624927,-0.0004540800991598462,0.9996920794419382,-0.0137757583194516,0.9999999999823738,1.4545429188360328e-09,1.000000000000003,1.766309650226515e-15,1.0000000000171803,-1.4541364602635007e-09,0.9999999999999982,-2.8386479784652743e-16,1.0000000000000002,2.931242475339482e-16,0.999999999999999,4.956850968849188e-17,1.0000000000000002,-7.891490967157172e-17
11.564322003372496,130033025051092.1,409487095371.40564,1.13600651196281e-19,1513583.18456213,-1.4502672737774809,-0.009499719096659821,1.8752343894614982,0.01381937171902535,0.1250789113784846,-0.00043549106054845685,0.9996866993863552,-0.013383880643548136,0.9999999997545386,1.4828399337481097e-09,1.0000000000318072,-2.5876934560925306e-10,0.9999999999999968,6.308559914679658e-14,1.0000000000000033,-3.2083717132358245e-13,1.0000000000000002,6.539370518923655e-16,0.9999999999999999,2.2948208222239645e-16,0.9999999999999968,6.364052556768175e-16
11.902075674791496,119277145100241.81,386601438392.19977,1.1347139358502102e-19,5300348.8938391805,-1.4502835026754415,-0.00918599555620424,1.875240372536561,0.013420330329125197,0.1250780016954723,-0.00041725965815084856,0.9996816257679403,-0.01300307067092489,0.9999999999796308,1.5407179005013467e-09,1.0000000000008473,1.8588798776209024e-13,1.000000000028956,1.7041851328150952e-10,0.9999999999991507,-7.055469006770599e-14,0.9999999999999993,0.0,1.0000000000000007,-3.0172652313409873e-16,1.0,-2.137289272993929e-16
12.24969395760092,109409900090360.17,364993498866.8852,1.1333643736479267e-19,10309703.79750807,-1.4502988176540619,-0.008879833980269411,1.8752460142852392,0.013032385862239716,0.12507714318269192,-0.00039937097681424746,0.9996768425322989,-0.012633014885438826,0.9999999999780117,1.5857620589961735e-09,1.0000000000000002,-1.6955313348661778e-17,0.9999999999953815,-1.5809657364522284e-09,1.0000000000000007,1.040710768672949e-16,1.0000000000000007,1.5439536761712834e-16,0.9999999999999999,6.942815784621972e-17,0.9999999999999997,-3.482787445489867e-16
12.607464962829956,100357964942974.95,344592085685.80304,2.4175594016483326e-19,7070262.995185264,-1.4503132692985865,-0.00858098521335919,1.8752513335014926,0.012655219036436693,0.1250763328779116,-0.00038181049824105064,0.9996723336213775,-0.012273408539295032,0.9999999999760231,1.6331661356876562e-09,0.9999999999999957,6.779222890694881e-16,1.0000000000097635,-1.868948966249502e-09,1.000000000000004,-4.786379663294802e-15,0.9999999999999941,3.953634076600135e-15,1.0000000000000004,-5.458306665893299e-16,0.9999999999999999,-3.3782433547110186e-16
12.97568521623006,92054054097394.27,325329958723.2008,3.987864941224928e-19,12900533.4837956,-1.4503269052974233,-0.008289205278713185,1.8752563476637012,0.012288519252925446,0.1250755682049122,-0.0003645638641186504,0.9996680842907464,-0.0119239553770382,0.9999999998158898,1.6685456835157724e-09,1.000000000000894,-4.678814591545247e-13,0.999999999999652,-6.672548488934484e-14,1.0000000000507845,-9.515509964169942e-10,1.0,1.4788491527194819e-16,1.0000000000000002,9.049811702315237e-17,1.0000000000000004,-3.706946310764845e-17
13.35465990403976,84436425201561.67,307143610981.19434,1.7198864288622593e-19,12403700.889425043,-1.4503397706486396,-0.008004256091839692,1.8752610735838966,0.011931984479328304,0.12507484636789898,-0.00034761703837252384,0.9996640800481813,-0.01158436744096577,0.9999999999736797,1.7287951351977878e-09,1.0000000000000009,-4.401078650049193e-16,1.0000000000295877,-1.6070460887018899e-09,1.0000000000000007,-1.536577131504001e-17,0.9999999999999994,1.624226182653967e-16,1.0,1.0567058568655348e-16,1.0000000000000002,-8.556406478595711e-17
13.7447031259274,77448423995552.42,289973063189.3142,1.1273351307682712e-19,116498.63526774329,-1.4503519079003517,-0.00772590475444421,1.8752655266668092,0.011585320953039676,0.12507416526260448,-0.0003309561719649787,0.9996603080775885,-0.011254364830006705,0.9999999999651266,1.8282349603994097e-09,1.000000000000108,7.365467656808935e-13,1.0000000000019222,-3.724631714094193e-12,1.0000000000012692,-7.925957140988936e-13,1.0000000000000038,7.728766741855997e-17,1.0000000000000009,-7.314536294281309e-17,1.0000000000000004,2.272725668919791e-16
14.146138155321458,71038065711053.38,273761668979.10208,1.1257160904479616e-19,3941532.7053854535,-1.4503633571029777,-0.007453923656062436,1.8752697216674818,0.01124824285875004,0.12507352253923948,-0.0003145675631145745,0.9996567557938437,-0.010933675287757818,0.9999999999695309,1.823363506160019e-09,1.000000000000042,-1.817696004752476e-14,0.999999999620222,-1.601011860789969e-10,1.000000000000036,-2.436917737468293e-15,0.9999999999999986,1.4034377553579174e-15,0.9999999999999996,-6.888042748654297e-16,1.0000000000000004,6.317018255935658e-16
14.559297707344209,65157651426499.41,258455930980.10086,2.173130521995391e-19,12135094.800607637,-1.4503741561168777,-0.007188090105133113,1.8752736725032186,0.010920472372079767,0.12507291608839707,-0.0002984378833815692,0.9996534114086366,-0.01062203448861616,0.9999999999679497,1.8846398579219598e-09,1.0000000000000016,-1.513290823469625e-16,1.0000000000307336,-1.886464954014397e-09,0.9999999999999969,-2.81421734781245e-15,0.9999999999999994,5.316653674855547e-16,1.0000000000000009,2.7807604657245176e-15,1.0000000000000004,-6.978013929701761e-16
14.984524214570802,59763415491155.37,244005326831.74594,1.122120345697383e-19,96275.0062027346,-1.4503843406237777,-0.006928186446749747,1.8752773919796886,0.010601739149954839,0.12507234413754745,-0.0002825538753832754,0.9996502642921418,-0.010319185252776827,0.9999999995567164,1.919663063338543e-09,1.0000000000019578,1.1937322705840241e-11,0.9999999999999979,-1.9093202265043202e-13,0.9999999999999707,-3.4709038004392865e-12,1.0,-1.960651019848123e-15,1.0000000000000002,2.781102434124523e-17,1.0000000000000002,1.4310750244320372e-16
15.422170110842304,54815201830073.15,230362144739.59222,2.5927333669678098e-19,3902241.1356502087,-1.4503939443081375,-0.006673999609922294,1.8752808929152325,0.010291780280634901,0.12507180432889037,-0.00026690254787578577,0.9996473031634852,-0.010024877717898817,0.9999999995563489,1.983290464275593e-09,1.0000000000031635,-1.586015540543169e-12,0.9999999999994256,-8.442234582413878e-15,1.0000000000809475,-4.188994326600945e-10,1.0000000000000873,4.58981014516542e-14,0.9999999999999977,2.2709331555604224e-15,1.0000000000000007,3.026303158710578e-16
15.872598123367922,50276166826297.37,217481327857.19574,1.1180318101969124e-19,965431.56263722,-1.4504029989033924,-0.006425321149779883,1.8752841867969385,0.009990339912172524,0.12507129493720667,-0.00025147095135960227,0.9996445183625694,-0.009738868782464619,0.999999999864229,1.8767966242467922e-09,1.0000000000916207,-8.984787875587733e-12,1.0000000000001277,-2.6030728684492192e-14,0.9999999999998458,2.922114285978601e-14,0.9999999999999998,-2.299394867911114e-16,1.0000000000000009,-1.4784424589194462e-16,1.0000000000000002,-8.905090255690891e-18
16.33618157335854,46112506648515.414,205320327466.0173,6.015643262774084e-19,12642049.163456878,-1.4504115343682216,-0.006181946922762353,1.8752872839553425,0.009697169575436957,0.12507081487446417,-0.00023624668522342313,0.9996419016858532,-0.00946092286836804,0.9999999994435416,2.095211772252849e-09,0.9999999999978983,-2.3873182035932877e-12,0.9999999999999053,9.775492206059451e-15,1.0000000000150315,-1.2856645508336679e-09,0.9999999999999944,1.4715333585262982e-15,1.0000000000000004,0.0,0.9999999999999999,1.0251973802358512e-16
16.8133046854407,42293207004778.28,193838963937.82224,1.9888318819525583e-19,6242134.33453336,-1.4504195789260308,-0.0059436769802210495,1.875290195534468,0.009412026954731006,0.12507036165815658,-0.00022121696177103777,0.9996394429043232,-0.00919080996706852,0.9999999998596676,2.151050001968541e-09,1.0000000000001186,-4.3486638661845193e-13,0.999999999808711,-8.358573427546739e-10,0.9999999999999941,4.82796986809288e-15,1.0000000000000049,-5.194709042646353e-15,1.0000000000000002,2.302769451321035e-16,1.0000000000000002,-2.3303172586164165e-16
17.304362906107485,38789813226179.14,182999295483.84244,6.487754358952611e-19,9030435.560522083,-1.4504271591998705,-0.0057103156922480745,1.875292930516083,0.009134676794355649,0.12506993445114717,-0.00020636954629962539,0.9996371350316096,-0.008928307243246156,0.9999999999551552,2.2352461891460252e-09,1.000000000000022,7.909173758829168e-15,1.0000000000404783,-2.1630121311990067e-09,1.000000000000001,3.3611662752790873e-17,1.0000000000000002,3.782302145185922e-16,1.0000000000000009,0.0,0.9999999999999996,-2.4353792162443075e-16
17.809763231470278,35576219395529.79,172765494048.8541,1.1088484191423084e-19,14605989.162016394,-1.450434300276715,-0.005481671208056633,1.87529549810034,0.008864890051667134,0.1250695317150531,-0.00019169220197349742,0.9996349701841061,-0.008673197849706984,0.9999999999516432,2.3054927707091856e-09,1.0000000000000002,3.3637739538031323e-16,0.9999999997842047,-2.3475842012767417e-09,0.9999999999999998,1.3347352967365335e-16,1.0000000000000007,1.8504078268741859e-16,1.0000000000000004,2.2326189089965668e-17,1.0000000000000004,0.0
18.329924544582965,32628474776734.16,163103727991.28336,1.1062681973867816e-19,2134706.6740001426,-1.4504410257799574,-0.005257555423795023,1.8752979063554387,0.008602443740187003,0.1250691525342485,-0.0001771726469967795,0.9996329419411291,-0.00842527074370371,0.9999999991154396,2.0275058351093098e-09,1.0000000001341875,-2.496139103357296e-10,1.0000000000000133,2.8548146039961505e-14,0.9999999999999828,-4.2662288083889655e-14,1.0000000000000002,-1.3826796511288983e-15,0.9999999999999998,4.008886895535148e-16,0.999999999999999,-4.066017324015017e-17
18.86527796261825,29924606208853.566,153982051344.11826,2.5241361154114543e-19,6265599.287317501,-1.4504473579903951,-0.005037783917109598,1.8753001646843148,0.008347121646104102,0.12506879428032608,-0.00016279953914394865,0.9996310411170894,-0.008184322113245653,0.9999999998631597,2.448823812200407e-09,1.0000000000006275,-4.355451749698486e-13,0.9999999999642551,-1.4999436855394074e-09,1.000000000000007,-7.327277515210546e-15,0.9999999999999896,1.0712619838904371e-14,1.0000000000000004,5.080538853119106e-17,1.0000000000000009,4.3899635348336903e-17
19.416267194183757,27444454939178.098,145370299035.34482,1.1007222954259455e-19,1358200.5622409598,-1.4504533178616974,-0.004822175865472947,1.8753022788260472,0.00809871216990372,0.1250684574828127,-0.00014856027302007554,0.9996292644512705,-0.007950151624445574,0.999999999179754,2.2450514713290695e-09,1.0000000000813796,-3.947108847988492e-10,1.0000000000001177,-3.912993614844294e-14,0.999999999999878,1.666828686312066e-14,0.9999999999999998,-4.164266447821099e-17,0.9999999999999999,-2.0053652128167255e-16,1.0000000000000002,1.1615897520750467e-16
19.98334890707409,25169527093107.316,137239987978.30353,4.779214516656106e-19,307822.9539979268,-1.4504589251395021,-0.004610553752544223,1.875304257166552,0.007857010708698634,0.1250681396790842,-0.00013444378716208583,0.9996276036589203,-0.007722566890360316,0.9999999994330153,2.558450957319739e-09,1.0000000000027935,-3.1822024548364004e-12,0.9999999999989501,1.081125782904862e-13,1.0000000000030012,-1.4338074104801402e-10,0.9999999999999996,3.2210903309452053e-16,1.0000000000000007,-2.9971821651929916e-16,1.0,-4.623363938798081e-17
20.56699310676369,23082856348015.223,129564223596.18085,1.0953892155573488e-19,451002.667710668,-1.4504641983959345,-0.004402743116495078,1.8753061058855598,0.007621817155729304,0.1250678402013811,-0.00012043801343849359,0.9996260539001719,-0.007501379155330739,0.9999999999469478,2.6753635969874137e-09,0.9999999999997456,2.480778696159064e-13,1.0000000000134173,-2.344072571778672e-12,1.0000000000003129,-3.2329515290292884e-13,1.0000000000000329,1.779155679644967e-14,0.9999999999999678,-1.7763614865803098e-14,0.9999999999999993,1.0468313689741904e-16
21.1676835259541,21168877818765.387,122317611467.2069,5.888758054058365e-19,1145586.9055656146,-1.4504691550998654,-0.004198572891788456,1.875307829255856,0.0073929372493312705,0.12506755991583401,-0.00010653139537159195,0.9996246132906756,-0.007286405685468792,0.9999999974660572,2.5860340652266775e-09,1.0000000000101423,-1.3124610874639507e-11,1.0000000000004694,-2.8871007823538937e-14,1.0000000000259561,-4.7065314967246125e-11,0.9999999999999957,-1.4868669094182823e-15,1.000000000000006,1.8684498311402754e-15,0.9999999999999994,3.985776001486582e-16
21.785918025498603,19413312520839.855,115476173931.50699,4.745375317834838e-19,208826.83101832657,-1.4504738116914755,-0.003997874717512748,1.8753094375942527,0.007170180645081786,0.1250672932815799,-9.271142250096243e-05,0.9996232689983272,-0.007077466788317837,1.0000000000368263,3.845849897999328e-10,1.0000000000144187,1.7833842083810667e-12,0.9999999999325733,-1.3064494201813286e-10,1.0000000000000244,-1.0243781915912097e-13,0.9999999999999861,-2.0302883878270417e-14,1.0000000000000124,2.1460672683693472e-14,0.9999999999999986,-1.2601050552686588e-16
22.422209007036443,17803061223294.68,109017271240.78198,7.353713260736987e-19,7884253.030417746,-1.4504781836038614,-0.0038004832689528738,1.8753109319338177,0.00695336731476892,0.12506704388916073,-7.897055282217246e-05,0.9996220241769115,-0.006874396761950311,0.9999999999211617,2.902557457578715e-09,0.9999999999999999,-5.360918485718432e-16,1.000000000077707,-2.8510159968281783e-09,1.0000000000000018,-2.4539374583740785e-16,0.9999999999999992,-3.534024305518494e-16,1.0,8.605222254905818e-16,0.9999999999999993,6.36181447272882e-16
23.077083837678668,16326107045009.156,102919527093.9012,1.0806445458025284e-19,1440320.893029103,-1.4504822853420034,-0.0036062355174006373,1.8753123169110644,0.006742312977758928,0.12506681105939044,-6.529232183210056e-05,0.9996208751937482,-0.0066770188793057045,0.9999999967397295,1.2303490078998516e-09,1.0000000000979765,-1.006354558852872e-09,1.0000000000000362,1.7780503620550712e-14,0.9999999999999298,-8.878007756897373e-14,1.0000000000000044,1.0004009506960038e-14,0.999999999999999,-1.9663640071823462e-16,0.9999999999999992,3.4992484407810215e-17
23.751085287097577,14971426152238.451,97162758314.93546,1.052297056728256e-18,510019.21559672087,-1.4504861304983958,-0.0034149714924304807,1.8753136003592026,0.006536847449178393,0.12506659096444528,-5.166976824821961e-05,0.999619812643755,-0.006485177405747461,0.9999999959405539,2.825342720626378e-09,0.9999999999975354,-2.598870372170823e-11,0.999999999999928,-7.058826360117058e-14,0.999999999996975,-8.31858706547815e-11,1.0000000000001,-1.0229711955588213e-13,0.9999999999999004,1.0140416711708314e-13,1.0000000000000007,6.0255211505927146e-18
24.44477197738202,13728905735651.021,91727908408.01854,1.3935537099988777e-18,476158.2189500988,-1.4504897318563135,-0.003226533341137025,1.8753147850747989,0.006336798185521337,0.12506638427092628,-3.808882388601681e-05,0.9996188355531336,-0.006298708961606448,0.9999999950022818,2.797291016232645e-09,0.9999999999980346,-3.354562171771861e-11,1.0000000000001594,3.4957894174368133e-14,1.000000000016684,-1.0335770453485735e-10,1.0000000000000007,-1.8465739085375438e-16,0.9999999999999993,1.805210254970045e-16,0.9999999999999991,-5.139400546618253e-17
25.158718846031412,12589268811306.887,86596984783.18735,1.0681610247175297e-19,840933.8573290698,-1.450493101366014,-0.003040765552213017,1.875315877901376,0.006142000916390775,0.1250661874677405,-2.4539400844264428e-05,0.9996179356246544,-0.006117461312848476,0.9999999989043445,3.060922784631154e-09,0.9999999999951638,-2.2510317547084346e-10,1.000000000000007,2.887402595142789e-14,0.9999999999999956,-4.181375444241538e-14,1.0,3.7942515964881793e-16,1.0000000000000016,-3.404268213002462e-16,1.0,6.470356719694964e-16
25.89351762247221,11544005194718.615,81752999503.84355,2.9446988061888e-18,756326.4552507299,-1.4504962502463865,-0.0028575150031552128,1.8753168744843909,0.005952294441978477,0.12506600789823513,-1.1009753463933676e-05,0.999617123879391,-0.005941284098269554,0.9999999936247512,2.8062120807842277e-09,1.0000000000171874,-4.264585914556519e-11,1.0000000000000229,-2.574703507231945e-15,1.000000000006323,-2.215818125882962e-10,1.0000000000000002,5.2526800772336645e-18,1.0000000000000002,-1.938092906370417e-16,0.9999999999999998,-1.8300992857710023e-16
26.64977731849175,10585308158586.795,77179913283.22287,3.810503404628254e-18,924150.5367918786,-1.4504991889311363,-0.002676630241991468,1.8753177875705287,0.005767522392825466,0.12506583560826337,2.510597496759136e-06,0.9996163811308677,-0.005770032581750052,0.9999999955725799,3.0727809244284464e-09,1.0000000000080238,-3.131261095180282e-11,1.000000000000017,2.9454874842416044e-14,1.0000000000085503,-2.5751169133114563e-10,0.9999999999999992,-4.224147528273373e-17,1.0000000000000004,-8.198211519742402e-17,0.9999999999999992,1.6591961318568738e-16
27.428124732995983,9706016333265.195,72862582606.03291,1.0542508249671548e-19,1623433.8082674711,-1.4505019272486628,-0.00249796218952761,1.8753186148669143,0.005587530008616619,0.1250656753252227,1.603514907198913e-05,0.9996157142647581,-0.0056035614441095165,0.9999999953930889,-1.3125403364045165e-10,1.0000000002163796,-1.1305254256443838e-09,0.9999999999999921,5.540492228840244e-16,0.9999999999999518,8.107110368320804e-16,1.0000000000000062,-2.967298357806542e-16,1.0000000000000002,1.401533729613595e-16,0.9999999999999996,-1.6865801360142002e-16
28.229204971509407,8899560410994.025,68786709793.1794,6.499030238320317e-19,7335303.822585612,-1.4505044742978868,-0.002321363309940688,1.8753193631820668,0.0054121745181237415,0.12506552273955213,2.9569059235896605e-05,0.9996151140839105,-0.005441743577539243,0.9999999998678257,3.654487067764043e-09,0.9999999999999964,-3.888048850412545e-14,1.00000000017379,-2.8250909434799793e-09,0.9999999999999977,-1.2387219947875855e-14,0.9999999999999988,2.4978854640486048e-14,1.000000000000004,-8.685931475276371e-15,1.0,2.2722324620258242e-17
29.053681980847806,8159914212782.592,64938795829.36094,1.0690300030180903e-19,1348298.037078901,-1.4505068385768993,-0.0021466878263781256,1.875320029721736,0.005241305130828556,0.125065382470256,4.312968023119444e-05,0.9996145878086118,-0.005284434812340035,0.9999999998651034,3.762291835291011e-09,0.9999999999999707,-1.7189340583308559e-15,1.0000000000538056,-2.19514280134797e-11,1.0000000000000222,-8.901316561421106e-15,1.0000000000000058,2.315603619555679e-16,0.9999999999999931,-1.3642114683772016e-16,1.0000000000000004,3.332843933306205e-16
29.90223909940691,7481549823486.331,61306095828.02416,7.946202425656013e-19,30122.5945243826,-1.4505090280050013,-0.0019737915750522453,1.8753206184615978,0.005074782150394497,0.1250652524312934,5.672678989131316e-05,0.9996141307046069,-0.005131507709541513,0.9999999982487823,2.65243750664441e-09,1.0000000000229103,-1.6168948292636233e-11,0.9999999999995984,-1.0173799393905514e-13,1.000000000000574,-4.678298632945715e-12,1.000000000000088,4.2213314835455284e-14,0.9999999999999573,-5.7837668529969255e-15,1.0000000000000007,-7.554035386181217e-17
30.775579623523075,6859396419042.736,57876576942.99437,3.2384652649336344e-18,56671.53760728567,-1.4505110498838754,-0.00180253197813541,1.8753211284014812,0.004912469443940613,0.1250651352734234,7.037042297138977e-05,0.9996137465097704,-0.00498283829140585,0.99999998964309,2.4938244445359585e-09,1.0000000000100644,-8.738488177549238e-11,1.0000000000001237,-5.981679750638112e-14,0.9999999999980685,-4.0859593260084893e-11,0.9999999999999998,-1.605721604902479e-16,1.0000000000000009,-2.5243422243525106e-16,1.0000000000000002,-1.614349345364047e-16
31.67442739037541,6288802492058.92,54638878657.64515,9.841654564303209e-19,36748.777531229054,-1.4505129110236847,-0.0016327675883083947,1.8753215734903383,0.00475423279496897,0.1250650184839044,8.407171275291165e-05,0.9996134125817042,-0.00483830358094416,0.9999999952720409,3.212601106998945e-09,0.9999999999981894,-4.099067969952259e-11,0.9999999999999433,-5.644477035309734e-13,1.0000000000034337,-1.1245308210531165e-12,0.9999999999999942,1.5878426599812086e-15,1.0000000000000009,1.262871522655135e-16,0.9999999999999994,-2.720088917133918e-17
32.599527377912416,5765501208824.661,51582275269.46707,1.0198621340612008e-19,1572138.3939363826,-1.4505146176831865,-0.0014643583460719283,1.8753219432232406,0.004599940089955324,0.12506491369400513,9.784399280823022e-05,0.9996131488706151,-0.004697781435144395,0.9999999940133306,1.6221699102770563e-09,0.9999999997922528,-6.187797420478544e-10,0.999999999999983,-6.281521702465175e-15,1.000000000000014,5.8490064817064495e-15,1.0000000000000033,-1.3101710279137502e-15,0.9999999999999994,-5.690752268757063e-16,1.0000000000000004,-5.968487290620778e-17
33.551646322300435,5285578600288.281,48696640444.26384,7.792093894185645e-18,4174155.908986633,-1.4505161756083425,-0.0012971653153350442,1.8753222467789372,0.004449467692038383,0.12506481288374716,0.00011169479301882817,0.9996129407272677,-0.00456116238079479,0.9999999994287431,4.242511914969849e-09,1.0000000000011449,-3.5957697102297006e-12,0.9999999999040435,-1.8485756784424944e-09,1.000000000000014,-1.5651668759177885e-14,0.9999999999999846,1.590632599467956e-14,1.0000000000000007,8.752407936237166e-17,0.9999999999999996,5.0878196889430286e-17
34.531573353405584,4845444405975.572,45972413775.78818,1.3230627428719975e-19,359268.01522728824,-1.4505175900900014,-0.0011310505836089535,1.8753224765242735,0.004302687250134338,0.1250647243418648,0.00012564018304265297,0.9996128026666042,-0.004428326155885199,0.9999999962605904,3.2252228512881587e-09,1.0000000000333635,-1.5806419602240872e-10,0.9999999999999946,1.752394129447359e-14,1.000000000000015,-3.74138057498196e-14,1.0000000000000007,7.678285021113312e-17,0.9999999999999997,-2.1069624940057214e-17,0.999999999999999,3.698187843238565e-17
35.54012064883595,4441805318094.813,43400569185.77087,1.680393379946142e-18,33796.16862096965,-1.4505188659539208,-0.00096587710150685,1.8753226381461197,0.004159480222351978,0.1250646431118927,0.00013968914863800896,0.9996127257771416,-0.004299167590422337,0.9999999927372014,2.887242162055936e-09,1.0000000000054907,-7.493178995393999e-11,1.0000000000002036,6.938375081496949e-13,0.9999999999998063,2.493554968731316e-12,1.000000000000004,2.4528377829374674e-14,0.9999999999999996,3.0334818644451473e-16,1.0000000000000007,3.6523841401581464e-17
36.57812410708607,4071640428404.111,40972585092.86746,1.8079568776220289e-19,4191115.1253103204,-1.4505200075698195,-0.0008015087596353053,1.8753227386507385,0.004019729468569847,0.12506456270319705,0.0001538523085238113,0.999612698646423,-0.0041735817770560055,0.9999999997852641,4.735008869595344e-09,1.0000000000000004,-1.493937061248665e-16,1.0000000015507915,-4.945256977316425e-09,1.0000000000000007,2.5677225368426537e-16,0.9999999999999997,1.1058783655781421e-16,0.9999999999999994,-1.11874038336517e-16,0.9999999999999997,-4.587721206818072e-16
37.64644404034158,3732178709526.9595,38680416238.546844,1.1485625470031481e-17,26788.728036609245,-1.450521018892566,-0.0006378099042998138,1.8753227562396988,0.003883314112508696,0.1250645049088812,0.00016814799937695318,0.9996127600362459,-0.004051454917954403,0.9999999784855749,-2.1094036149838934e-09,1.0000000001243226,-2.0545880355296424e-10,1.000000000000013,-2.167787385638897e-15,0.999999999995749,-4.225861862177341e-11,1.0000000000000049,-8.492773531707092e-16,1.000000000000001,-3.164099246768946e-16,0.9999999999999997,9.134059706116137e-17
38.745965887518366,3420878361458.497,36516467091.48817,6.055144143401919e-18,20841.96989809824,-1.4505219034560195,-0.0004746456968898598,1.8753227271637574,0.00375013327599732,0.12506443410588816,0.00018257551870703583,0.999612847110505,-0.0039327067879958415,0.9999999913458303,3.0959675871292625e-09,1.0000000000458267,-8.47832103261355e-11,0.9999999999997919,5.722286523753973e-14,1.000000000000345,-7.534685589834088e-12,0.9999999999999996,1.8878890911281355e-16,1.0000000000000013,-2.0962547382020398e-16,0.9999999999999992,1.8280110016161505e-18
39.87760094812704,3135407851474.578,34473566724.850296,1.5179247141160244e-17,27880.810325919836,-1.4505226644014364,-0.0003118816674220059,1.8753226259892668,0.0036200680774925533,0.125064375249007,0.00019715708589940247,0.999613004636592,-0.00381722306589183,0.9999999938379563,3.1263252324484744e-09,1.0000000000261602,-6.446747442782908e-11,0.9999999999951558,-1.0279759935699623e-12,0.9999999999875149,-2.0927270098298822e-11,1.000000000000403,-4.154541494232812e-14,0.9999999999996346,-4.418564750451078e-16,1.0,1.2226741583713718e-16
41.04228713757107,2873628533675.7803,32544945104.169773,9.254406190061619e-18,20010.606935109234,-1.450523304481262,-0.00014938378120868225,1.8753224507925847,0.003493012130127836,0.12506433003422598,0.00021190440983362115,0.9996132361660796,-0.003704909684667692,0.9999999826315846,-1.3604313895771048e-09,1.0000000000862506,-1.8716477935708953e-10,0.9999999999998316,1.7103258441838572e-13,1.0000000000008187,-8.27019102732289e-12,1.000000000000014,1.4260681360853138e-14,0.9999999999999843,-1.2197327539451205e-14,1.0000000000000007,-4.34581001548128e-16
42.24098976450457,2633578698352.441,30724210689.237846,5.834803174301422e-18,19617.69955317184,-1.4505238260781965,1.2981788262827607e-05,1.8753222142264523,0.00336886559904057,0.12506428561278907,0.0002268248488555145,0.9996135196199247,-0.003595682411225076,0.9999999801269205,-2.354976798743421e-09,1.0000000001689289,-2.0380184449212052e-10,0.9999999999999157,1.0986765350995763e-14,1.000000000000501,-3.4092706801432746e-12,1.0000000000000007,1.023499572863276e-15,0.9999999999999982,-9.50858784909994e-16,1.0000000000000007,-1.7375984475420676e-16
43.47470233089395,2413458939348.441,29005329287.474598,8.605486105964166e-18,1132192.058680257,-1.4505242312097533,0.000175348675347069,1.8753219234493752,0.003247529788451728,0.12506423441486636,0.0002419274307544816,0.9996138423668983,-0.0034894572134101165,0.9999999994644623,5.62480681075525e-09,1.0000000000004539,-2.7921780977677736e-12,1.0000000000711151,-7.933055312299183e-10,1.000000000000002,-1.1885185913839398e-15,1.0000000000000013,-3.7573882241749943e-16,0.9999999999999977,1.1881411692786011e-15,0.9999999999999996,2.442639944982636e-16
44.74444735544665,2211618735105.38,27382604096.84005,2.1900852127269465e-17,4046053.4657591926,-1.450524521532401,0.0003378504585007863,1.8753215543581017,0.0031288961156443504,0.1250641994023572,0.00025723467917673217,0.9996142462385188,-0.003386130794645231,0.9999999996789551,5.792013817191887e-09,1.0000000000000027,4.475504106286863e-15,1.0000000003998517,-5.736739780663339e-09,1.0000000000000047,6.716727746330823e-16,0.9999999999999916,-1.3411533794793524e-14,1.0000000000000036,1.2822248623895827e-14,0.9999999999999994,-1.7333409580841876e-16
46.05127722108936,2026544131902.0452,25850656836.95555,9.186641872679045e-20,7376575.43289942,-1.4505246983805318,0.0005006207497736231,1.8753211168229678,0.00301286826562083,0.12506416988764169,0.0002727581855743281,0.9996147135408602,-0.003285620073923101,0.9999999993254692,-4.260305100385431e-10,1.000000000497574,-5.725223449851081e-09,0.9999999999999992,-4.8777849212625216e-17,1.0000000000000042,1.536582984067848e-14,0.9999999999999958,-1.5227397759129877e-14,1.0000000000000002,4.783029172639458e-17,1.0,-5.6773644939155e-17
47.39627504719807,1856846452795.495,24404409969.64081,2.3509558482351862e-17,18188.189990928142,-1.4505247627310291,0.0006637933200781972,1.8753206051428795,0.0028993605500665497,0.12506415084414096,0.0002885019378428908,0.9996152537687586,-0.0031878589024897223,0.9999999898137688,2.6699846419120316e-09,1.000000000076109,-1.1805039318946736e-10,1.000000000000025,1.2335515590312662e-14,0.9999999999994882,-1.0877468607709635e-11,0.9999999999999993,1.8141323789130798e-17,0.9999999999999988,1.1318439007549487e-16,1.0000000000000002,1.1930430782360359e-16
48.780555587303006,1701251934017.677,23039069880.197712,4.5519667628315034e-18,3722571.570038782,-1.4505247152318272,0.0008275022579616448,1.8753200344372882,0.002788275220276958,0.12506412586216498,0.00030448353764491023,0.9996158396997247,-0.0030927587581010465,0.9999999996175493,6.314861769938436e-09,0.9999999999999993,-3.9869718481990785e-16,1.0000000003813125,-6.189837610086684e-09,1.0000000000000004,5.889181088754972e-16,1.0,-9.139608802108341e-16,1.0000000000000009,-3.4870895196522975e-17,1.0,4.987016610934971e-16
50.20526615301238,1558592221967.142,21750111009.280586,4.989425451488454e-18,3494726.2539699245,-1.4505245562405404,0.0009918819381696694,1.8753193867867144,0.002679519795236292,0.12506411136800852,0.0003207188311924096,0.9996165018453217,-0.00300023862641359,0.9999999995938138,6.499100889810328e-09,1.000000000000001,4.71924409564281e-16,1.0000000004369554,-6.422045959739001e-09,0.9999999999999991,-1.2592370154242025e-15,0.9999999999999996,9.865046134734314e-16,0.9999999999999999,2.5352566482948145e-16,1.0000000000000002,-2.5890443190281427e-16
51.671587564920735,1427795653248.355,20533260878.21951,8.756296927238337e-20,6409950.219038303,-1.4505242857729108,0.0011570671944587684,1.8753186660683068,0.002573003595820459,0.12506410193859827,0.000337223330085919,0.9996172324161698,-0.002910219504372552,0.9999999990393161,-7.466377534552725e-10,1.0000000008690302,-6.182737221241435e-09,0.9999999999999994,-1.1620639296368386e-16,1.0000000000000013,-2.351299446821254e-15,0.9999999999999981,1.6443917591644207e-15,1.0000000000000009,-9.051790858985842e-17,1.0000000000000007,-2.8424218388732693e-18
53.180735131290014,1307879257512.0505,19384485936.99749,6.1574915336011544e-18,593021.386985645,-1.4505239035343278,0.0013231934537907568,1.8753178717661336,0.002468652999615189,0.12506409693934875,0.0003539979385982206,0.9996180313129603,-0.0028226509307477214,0.9999999995253787,6.877073638757662e-09,1.000000000000229,-3.0898611081729765e-13,0.9999999999434984,-3.6794069009596086e-10,0.9999999999999475,5.056606655597571e-14,0.9999999999999668,2.3150850487243863e-15,1.0000000000000018,-3.741867418088638e-15,0.9999999999999991,4.208292967795237e-16
54.73395965531454,1197941420083.2273,18299978210.64645,3.826847314738008e-18,58980.91651566257,-1.4505234089507804,0.0014903968763957834,1.875316990596923,0.002366362763316171,0.12506410703088192,0.0003710776087209185,0.9996189203720159,-0.0027374257797518555,0.9999999812406459,-7.2791345608624656e-09,1.0000000001347602,-3.7290585967594395e-10,1.0000000000001217,4.3150590884759376e-13,0.9999999999998576,-6.829761896761474e-13,0.9999999999999977,1.1185149115197513e-14,1.0000000000000007,1.3485317094116772e-16,0.9999999999999999,2.3422392978613714e-17
56.332548471804664,1097155151880.7505,17276142691.08382,3.146009151027291e-17,2784316.1603327547,-1.4505228011375095,0.0016588142766905678,1.8753160526205053,0.0022660788483115568,0.12506410152715133,0.000388446868610439,0.9996198458528275,-0.002654525716779559,0.999999999487525,7.292180925322378e-09,1.0000000000000009,-1.1722558759678349e-15,1.0000000005038072,-7.304365435896787e-09,1.0000000000000004,7.108841424963495e-16,0.9999999999999992,-4.1028827218106523e-16,1.0000000000000002,-8.908612350314722e-16,0.9999999999999994,7.616655154096065e-17
57.977826514148354,1004761916357.736,16309585426.678787,9.673032925259463e-18,25909.10261541523,-1.4505220789027184,0.0018285835613074425,1.8753150047712757,0.0021676762094178983,0.125064129408042,0.000406165968574497,0.9996208987875506,-0.002573806376256685,0.99999996580129,-2.7892196902360195e-08,1.0000000004808955,-5.23879523115766e-10,1.000000000000073,-3.550656592952169e-13,1.0000000000000218,-1.1208794457120857e-13,0.9999999999999424,-4.887863706302026e-14,1.0000000000000016,-6.826977642649406e-17,1.0000000000000007,-4.4421720514610725e-17
59.67115741243506,920065966251.8346,15397102286.946722,7.066519659569694e-17,2474512.172316846,-1.4505212407986496,0.001999843386888692,1.8753139137770716,0.0020711440286742514,0.12506412489350388,0.0004241791543888319,0.9996219613299553,-0.0024953231827880558,0.9999999994246757,7.724248478714504e-09,1.0000000000000027,-8.469821486537047e-16,1.0000000005620282,-7.749697798782294e-09,1.0000000000000002,1.9807392876471467e-18,1.0000000000000007,-3.9567207599823283e-17,0.9999999999999997,1.4502473038916421e-16,0.9999999999999994,7.201149156884891e-17
61.41394462365189,842429148428.5371,14535668349.570383,5.850544182289631e-17,725211.1519094849,-1.4505202850587917,0.0021727336817082615,1.8753127188682837,0.00197634490794848,0.12506414370050878,0.0004425631975531629,0.9996231376447967,-0.0024189080198150194,0.9999999991750981,7.867752082667555e-09,1.000000000002296,-3.319121580261701e-12,0.9999999999618443,-1.4340353881218513e-09,0.9999999999999885,1.2340669148115708e-15,0.9999999999999997,-1.4684317552078924e-15,0.9999999999999996,9.474483314278406e-16,0.9999999999999992,1.0201883095859678e-16
63.20763259488898,771266138847.0592,13722427876.541983,7.903467355587306e-20,4490418.322415913,-1.4505192096870196,0.002347395447486219,1.875311437549004,0.0018832186200250308,0.1250641666357921,0.000461317149479747,0.9996243954055434,-0.0023445274855536037,0.999999999621166,-1.4356056566487354e-10,1.0000000008059977,-8.038442033350742e-09,1.0000000000000084,1.7692563141471056e-14,0.9999999999999862,-2.021032141667574e-14,1.0000000000000049,2.5132845153812187e-15,0.9999999999999996,-1.0424242664570128e-16,0.9999999999999998,-1.1800523847692662e-16
65.05370796051794,706040071933.6173,12954684860.064497,7.972411642587247e-20,4265421.601496554,-1.450518012352524,0.0025239712003279,1.875310066663721,0.001791700193940091,0.12506419467697558,0.000480447460992839,0.999625738272083,-0.002272138853848763,0.9999999995467693,-4.2601678267603813e-10,1.000000000972222,-8.24935518866684e-09,1.0000000000000002,-6.207036280435968e-16,0.999999999999999,8.4127702258465215e-16,0.9999999999999996,-3.8600786647069836e-16,0.9999999999999998,-2.9600377476822733e-16,0.9999999999999997,-1.0577468258506543e-16
66.95370077433587,646258530045.0011,12229894086.005384,8.734860626812807e-20,4135670.0600866536,-1.4505166904895805,0.002702604668415349,1.875308603912611,0.001701712928341879,0.12506422731523953,0.0004999740182053371,0.9996271682199784,-0.002201677971436553,0.9999999996640673,-3.606489612022893e-10,1.000000000868289,-8.462944367065556e-09,0.9999999999999994,6.962786574297582e-17,1.0000000000000004,1.4200172997723066e-16,1.0,-1.2917918329314697e-16,1.0000000000000002,-1.349607637142824e-16,1.0000000000000009,8.991895670542234e-17
68.90918577769588,591469866050.7616,11545652706.797047,1.1478835798389758e-19,4080241.3524910705,-1.450515241272874,0.0028834412067570317,1.875307046329639,0.0016131854475239453,0.125064264755821,0.0005199132540863662,0.9996286883320253,-0.0021330892190527533,0.9999999996370897,-6.21079028159813e-10,1.0000000008656882,-7.75746156260076e-09,0.9999999999999826,-2.0842155042410727e-14,1.0000000000000167,2.0877092663916232e-14,0.9999999999999966,-3.5906665596262174e-15,1.0000000000000033,3.3477027548806073e-15,1.0000000000000002,-2.690422274417743e-16
70.92178370467536,541259829761.9603,10899692275.961082,7.065753374596051e-17,1757619.1637589799,-1.4505136615937504,0.003066627844472586,1.8753053909393367,0.0015260541455030534,0.12506430739332644,0.0005402756802061083,0.9996303016665194,-0.002066329825848634,0.9999999991877855,9.18114266653523e-09,1.000000000000002,-1.6415040447395292e-15,1.0000000008178176,-9.034844353731187e-09,0.9999999999999918,1.3592161050442022e-15,1.0000000000000082,-1.504841137717178e-15,0.9999999999999992,-1.1319991999710874e-16,1.0000000000000002,6.592245910094715e-17
72.99316262536372,495248472341.04956,10289871235.506111,1.2506177895322699e-19,3394358.114187377,-1.450511948093311,0.0032523133277206524,1.8753036354224153,0.0014402342284645616,0.1250643539285739,0.0005610944721437932,0.9996320099021522,-0.002001319229883027,0.9999999996982346,-9.063494503186112e-11,1.0000000010503214,-9.175494893018392e-09,1.0000000000000062,-6.658606016400965e-16,0.9999999999999977,2.4483759988936333e-15,1.0000000000000024,-1.0884812228557641e-15,1.0000000000000002,-1.6380065234835078e-15,1.0000000000000002,1.6909705026553516e-16
75.1250393283828,453087308297.152,9714167818.602371,5.201464298761686e-19,220402.11061419285,-1.4505100971796967,0.003440648281580027,1.875301775760384,0.0013556807468694972,0.1250644063284315,0.0005823651743708251,0.9996338179108349,-0.0019380459212915353,0.9999999990877602,9.7252501233003e-09,0.9999999999999742,-5.780330289684397e-14,1.0000000003589191,-5.529622311663877e-10,0.999999999999895,3.292815835669704e-14,1.000000000000117,-8.647008082154255e-15,0.9999999999999998,0.0,0.9999999999999999,1.398789524340409e-16
77.31918074378599,414456710984.5958,9170673352.094976,1.5956838917490697e-19,3000934.719250898,-1.450508104991128,0.0036317853581861632,1.875299810011741,0.0012723061064667995,0.1250644625382333,0.0006041270696171335,0.9996357265549578,-0.0018764231778461192,0.9999999997198005,-7.251879349553037e-11,1.0000000011770436,-9.862755909060828e-09,0.9999999999999999,-2.1411257269454283e-16,0.9999999999999992,5.360937004633987e-16,0.9999999999999999,-1.8225771338274493e-17,0.9999999999999993,2.303247587270893e-17,0.9999999999999998,6.561934964174734e-17
79.57740540751527,379063524311.3749,8657585928.613447,1.802557060736621e-19,2823431.185080482,-1.4505059674340108,0.003825879239160461,1.875297734122517,0.0011900629746302883,0.125064524268114,0.0006263813943762677,0.9996377406379955,-0.0018164341259941314,0.9999999997278367,-3.284439708765186e-11,1.0000000012436094,-1.0155466132887591e-08,0.9999999999999991,3.326291037156987e-16,0.9999999999999993,7.429212727303577e-16,1.0000000000000007,-9.27334071949403e-16,1.0000000000000004,3.449417823319671e-16,1.0000000000000007,-6.820012748672434e-17
81.90158496862989,346638871509.2738,8173204437.771427,2.0791556768953589e-19,2680119.9132767166,-1.4505036801861868,0.004023086899601425,1.8752955452223599,0.001108882714910529,0.1250645910321214,0.0006491519966005054,0.999639862705992,-0.0017580241160906507,0.9999999997214245,-9.346028967952759e-11,1.0000000013402883,-1.0448163852763687e-08,0.9999999999999997,3.270115495425441e-16,0.9999999999999918,-1.620284781921326e-14,1.000000000000008,1.705774939365221e-14,0.9999999999999996,-4.2979903709595237e-16,0.9999999999999994,-2.726216128500646e-16
84.29364574055606,316936145382.7545,7715922928.727589,2.350709447846624e-19,2532993.2498945175,-1.4505012386984077,0.004223567633079483,1.8752932401585172,0.0010287036677646382,0.12506466287503826,0.0006724574333533197,0.9996420958240784,-0.0017011502247972184,0.9999999997474024,-7.466001191334089e-11,1.0000000013751014,-1.0696235433308741e-08,0.9999999999999918,-1.042059049080119e-15,1.0000000000000109,1.3559935274369472e-14,0.9999999999999972,-8.974646252668406e-15,0.9999999999999994,0.0,0.9999999999999999,-6.42339340420453e-17
86.75557029764315,289729164887.88025,7284225286.821813,2.674960829806868e-19,2396097.6833090405,-1.4504986381858727,0.004427483250196501,1.875290815727596,0.0009494651596592806,0.12506473989012976,0.000696316854677401,0.9996444431525754,-0.0016457708315184743,0.9999999997528655,-7.299008724130472e-11,1.0000000014672072,-1.0995340378908146e-08,1.0000000000000153,8.981530404930474e-15,0.9999999999999906,-5.8718618885239264e-15,0.999999999999995,-2.5154730389178943e-15,0.9999999999999996,5.24707409191609e-17,1.0000000000000004,3.0729048308921483e-16
89.28939911834986,264810484043.73846,6876680210.796119,3.0177553179019562e-19,2243290.209220367,-1.4504958736859015,0.004634998087271647,1.8752882688060657,0.0008711076865967824,0.1250648221266918,0.0007207497897457896,0.9996469077368831,-0.0015918459654662247,0.999999999766657,-8.485585427565127e-11,1.0000000015585897,-1.1419983393883433e-08,1.0000000000000013,1.329506031789068e-15,0.9999999999999972,2.845849987458259e-15,0.9999999999999997,-4.3925417944987395e-15,0.9999999999999999,7.15711119111736e-17,1.0000000000000007,-2.03574624398064e-16
91.89723227642209,241989840719.0366,6491936466.973569,3.412542927490146e-19,2116118.724406841,-1.4504929399926958,0.0048462793356059556,1.875285596289486,0.0007935728342969031,0.1250649096657093,0.0007457762046460295,0.9996494926174476,-0.0015393372573190161,0.9999999997733356,-3.0037151658347496e-11,1.000000001653671,-1.170532660861365e-08,1.0000000000000122,-5.454611089265066e-15,0.999999999999988,4.7139916334205676e-15,1.0000000000000002,4.671027047853322e-17,0.9999999999999998,4.1526745921246794e-16,1.0000000000000004,-3.261308389243532e-16
94.5812311814642,221092733984.92654,6128718411.95479,3.8960363574357433e-19,1993568.396291442,-1.4504898317429626,0.005061496930006994,1.8752827951800433,0.0007168031093995221,0.1250650025548616,0.0007714166369197826,0.9996522007211134,-0.0014882076353233838,0.9999999997932806,-2.5948155122443303e-11,1.000000001730557,-1.205160605351007e-08,0.9999999999999772,3.2000700621902606e-14,1.0000000000000218,-3.4110287009832026e-14,1.0000000000000018,-4.448430321221744e-15,0.9999999999999977,5.159874531810803e-15,0.9999999999999997,-4.7339061550335197e-17
97.3436203703464,201959118858.07556,5785821764.841241,1.9833552793090174e-16,931075.5322670151,-1.4504865433554737,0.005280823867544078,1.875279861838928,0.0006407493058696767,0.12506510195021386,0.0007976849918431623,0.999655036211378,-0.0014384342973407752,0.9999999984655418,1.260127839795289e-08,1.000000000000001,1.796974324881814e-15,1.0000000015611412,-1.2571899933494579e-08,0.999999999999998,-8.878308839717982e-16,1.000000000000003,2.525103416116865e-16,0.9999999999999984,2.4062116438164807e-16,0.9999999999999997,1.414299034084979e-16
100.18668935093287,184442209400.1884,5462109615.791658,8.865203346303622e-19,172476.06314232267,-1.450483069099683,0.005504436289437304,1.8752767948576932,0.0005653416497227523,0.12506520582705533,0.0008246166515974888,0.9996579993148949,-0.0013899583013288954,0.9999999983759663,1.2963473300090102e-08,0.9999999999994389,6.41067316732259e-12,1.0000000001200213,-8.337198986265688e-10,0.9999999999999722,-2.196969860209559e-14,1.0000000000000004,-1.714871496642605e-16,1.0000000000000004,-1.0120184166481554e-16,1.0,-2.6897852865334694e-16
103.11279449965876,168407380446.45044,5156508655.793421,5.67769454948967e-19,1682879.634881374,-1.4504794030564048,0.005732513671444192,1.875273591771576,0.0004905248329051058,0.1250653140331213,0.0008522342413511502,0.9996610923229363,-0.0013427458800251318,0.9999999997949995,-5.343241921114075e-11,1.0000000020666997,-1.3123312507891918e-08,1.000000000000002,6.98630943036938e-16,0.9999999999999974,-8.92517522307021e-16,0.999999999999999,1.170911539464896e-16,0.9999999999999998,5.4993361465369954e-17,1.0000000000000007,3.795673207065521e-16
106.1243610145289,153731297576.83252,4868005621.39259,1.9268239090647768e-17,77038.57537944737,-1.4504755397418947,0.005965237503941932,1.8752702400077952,0.0004162463528310295,0.12506543732642578,0.0008805606195478757,0.9996643360241,-0.001296767036546184,0.999999983475256,-2.6298609233702442e-08,1.0000000011696881,-1.310697659122282e-09,1.0000000000000153,-1.5735267045354809e-13,1.0000000000000024,7.598361329884105e-14,0.9999999999999998,-2.5567038444529387e-16,1.0,2.587108636534756e-16,0.9999999999999994,5.265106712089228e-16
109.22388492515672,140300432041.0153,4595643933.992015,5.12245361958258e-18,587603.2452338067,-1.4504714718010883,0.00620279708380293,1.8752667620432844,0.00034247905723739475,0.1250655515847745,0.0009095901393563764,0.9996676882765801,-0.0012520393128386078,0.9999999952315385,-1.6079135127999855e-08,1.000000001657751,-3.912564994902699e-09,1.0000000000000275,-1.1240724852449664e-13,0.9999999999999902,8.93360276718299e-14,0.9999999999999866,4.951648126038408e-15,0.9999999999999991,-6.389907188218151e-16,1.0000000000000009,1.0447404610981219e-16
112.4139351615095,128011076153.30165,4338520530.647715,8.253274094480423e-19,1443000.5917743933,-1.45046719346223,0.0064453812575928655,1.875263136509592,0.0002691544511946856,0.12506567570823235,0.0009393645301013289,0.9996711855183573,-0.0012085046717505252,0.999999999801779,-2.7063649466330125e-11,1.000000002460617,-1.4266040119396967e-08,1.0000000000000118,1.5954230153141746e-15,0.9999999999999871,-8.694869338874325e-15,1.0000000000000002,8.69445856129207e-15,0.9999999999999996,-4.051857858556314e-16,0.9999999999999999,-3.5839629467324695e-16
115.69715568307441,116767976036.63132,4095782869.3731985,1.5999137742606395e-16,671709.9530128245,-1.4504626982577618,0.0066931842022670985,1.8752593620981335,0.00019621694628612092,0.1250658091466052,0.0009699119645552427,0.999674828753922,-0.0011661289112288675,0.9999999978333807,1.4978296559853344e-08,0.9999999999999992,-1.118202493745459e-16,1.0000000021681628,-1.4926214826646392e-08,0.9999999999999998,-4.048543463125904e-16,1.0000000000000009,3.0313512605953804e-16,0.9999999999999994,-1.3112915026088937e-16,0.9999999999999996,2.5558469972312673e-16
119.07626767021019,106483770235.83702,3866626104.2212086,5.707226383043864e-18,1044548.6851664755,-1.450457979606746,0.006946404226385514,1.8752554419602119,0.00012358960772336933,0.125065945966573,0.0010012822708892512,0.9996786113019825,-0.0011248407306255735,0.9999999974551484,-1.624694296277924e-08,1.0000000019736177,-5.301006433311142e-09,1.000000000000066,-5.0765981363680716e-14,0.9999999999999418,3.565554763052121e-14,0.999999999999994,-1.5469471493065299e-15,0.9999999999999997,-6.127152296940048e-16,0.9999999999999984,-2.6235262349791204e-16
122.55407177950048,97078335833.9761,3650290415.123895,1.2078874613422254e-18,1216133.8483270854,-1.4504530307906087,0.0072052438834176455,1.8752513761669742,5.127552727637461e-05,0.12506608841037412,0.0010334489521211594,0.9996825326916103,-0.0010847089205608927,0.9999999998130708,-4.520881614987306e-11,1.000000002918715,-1.547429464684461e-08,1.0000000000000089,-5.490190725850312e-15,0.9999999999999921,7.892261977339063e-15,0.9999999999999964,-1.9608115072096387e-14,1.000000000000003,1.935255856137086e-14,0.9999999999999996,-2.0771998587087629e-16
126.13345046497832,88478188798.53958,3446058491.1870027,1.365913990157956e-18,1143475.262233704,-1.4504478450300902,0.00746991026683457,1.87524716099907,-2.0811701955265464e-05,0.12506623730899907,0.0010664738104412125,0.9996865987818538,-0.0010456461349249513,0.9999999998234231,-2.8544089982240282e-11,1.0000000030856435,-1.5952574706789474e-08,0.9999999999999867,8.553893517700488e-15,1.0000000000000129,-8.473442697842279e-15,1.0000000000000018,6.896864635153237e-15,0.9999999999999978,-6.64010764182482e-15,0.9999999999999994,1.5064224852308856e-16
129.81737036714543,80615933954.82623,3253253152.0755982,1.5339904461884732e-17,300066.8044817141,-1.4504424154077253,0.007740615059999847,1.875242794375289,-9.272479186070604e-05,0.12506639426205102,0.0011003868997083522,0.9996908131229044,-0.0010076243153624485,0.9999999941104847,-2.1630180316754195e-08,1.0000000018316966,-3.2283752296693776e-09,1.000000000000019,-9.227817930144153e-14,0.9999999999999913,4.3481838101430194e-14,1.0000000000000007,-7.921875189376118e-17,1.0000000000000004,2.8880037690315643e-16,0.9999999999999994,-8.97088799500593e-17
133.60888477176653,73429760526.6734,3071235102.0042515,2.9674366014562634e-18,2183073.1425993927,-1.450436734930658,0.008017574858408932,1.8752382871558035,-0.00016447866738659978,0.12506655130738947,0.0011351820750213448,0.9996951572961136,-0.0009706819935907434,1.0000000006356866,-4.699900234271256e-09,1.0000000028157459,-1.242778646517539e-08,1.0000000000000122,-9.268606145445775e-14,0.9999999999999843,8.489295254515558e-14,1.0000000000000033,2.9169048381614094e-15,1.0000000000000007,6.949688363063577e-16,1.0000000000000004,-1.9748290631293584e-16
137.51113614047642,66862979531.69789,2899400812.3743916,3.1581510735286017e-18,1780407.8062379947,-1.450430796500703,0.008301011315440504,1.875233629049187,-0.0002361535481622448,0.12506671707503056,0.0011709186126005707,0.9996996497655766,-0.0009347440095682635,1.0000000003260772,-3.853263291980714e-09,1.0000000030112677,-1.3030187142311556e-08,0.9999999999999726,-1.1753346594485928e-13,1.0000000000000289,1.1261576181395181e-13,0.999999999999994,7.992038255211916e-15,1.0000000000000064,-7.516993766676205e-15,0.9999999999999994,-2.8812019101866536e-16
141.52735871529742,60863599460.86184,2737180519.1034417,3.286089777299502e-18,1441449.0114570763,-1.4504245929265196,0.008591151350565875,1.875228825376355,-0.00030778911529206506,0.1250668882562866,0.001207616610534114,0.9997042824188372,-0.0008998067833093045,0.9999999999738044,-3.007683421796532e-09,1.0000000034084382,-1.3951681941111188e-08,1.0000000000000981,-5.971304035572655e-14,0.9999999999999025,5.5244269836714414e-14,1.0000000000000002,-3.8252604138553345e-16,1.000000000000001,-4.6359486920973873e-17,0.9999999999999996,-1.9106474186046891e-16
145.6608811992256,55383937222.05532,2584036334.4964604,2.562463746754875e-18,857671.6501688389,-1.4504181168939527,0.008888227430620349,1.8752238782241952,-0.0003794329293682245,0.1250670646663506,0.0012453049022930745,0.9997090531751915,-0.0008658536804224784,0.9999999998460614,-2.7721297215994964e-11,1.0000000040869734,-1.8265264026170684e-08,0.9999999999999885,8.921487738773796e-15,1.0000000000000147,-1.1585090094477762e-14,0.9999999999999983,1.845739323794919e-15,0.9999999999999998,2.403542549019971e-16,1.0000000000000004,1.7099110911501648e-16
149.91512951510765,50380261327.658966,2439460464.3191905,2.905619223399475e-18,810721.5673637949,-1.4504113609843496,0.009192477707191574,1.8752187900268922,-0.0004511367047271102,0.1250672460254801,0.0012840171236221977,0.9997139597726222,-0.0008328616300889479,0.9999999998515919,-2.653808123968441e-11,1.0000000043203807,-1.8741535520202264e-08,0.9999999999999942,-1.461659417941095e-16,1.000000000000004,-9.97658761335533e-16,1.0000000000000013,1.2894588447823234e-15,0.9999999999999991,-4.095396306802407e-16,1.0000000000000002,4.1477015668486954e-16
154.29362964509505,45812464656.95219,2302973523.0943155,3.2950466680481623e-18,765038.5516297738,-1.4504043176414185,0.009504146339102824,1.8752135638270517,-0.0005229476301290804,0.12506743235068457,0.0013237833272351732,0.9997189993977793,-0.0008008163978513386,0.9999999998525873,-2.800458396626642e-11,1.0000000045718336,-1.926554417689583e-08,0.9999999999999992,6.345915996353313e-15,0.9999999999999979,-2.1446427827670176e-15,1.0000000000000029,-2.9450365460870157e-15,1.0000000000000004,-1.0547071181310495e-16,1.0000000000000004,-2.868669425144417e-16
158.80001055302864,41643764480.90074,2174122946.71058,7.90621307232693e-18,2517208.380801053,-1.4503969791566107,0.009823483697056552,1.8752082037350195,-0.0005949187029495852,0.1250676227869995,0.001364639743173072,0.9997241678117994,-0.0007696946426556259,1.0000000005676424,-6.834838340647988e-09,1.000000003484956,-1.1904131932885979e-08,1.0000000000000027,-6.946198899035523e-14,1.000000000000013,4.9459618704435715e-14,0.9999999999999855,5.044314718680287e-15,1.0000000000000016,8.459043205138291e-17,0.9999999999999992,-6.840895518342333e-16
163.43800719217617,37840427295.56303,2052481489.7497156,6.840566453823379e-18,1303663.055140828,-1.4503893376255432,0.01015074659638784,1.875202713263316,-0.0006670902184059926,0.1250678186118185,0.0014066112629959084,0.9997294624120622,-0.0007394963126849904,1.0000000004240028,-4.573268706423692e-09,1.0000000041803865,-1.488395430331609e-08,1.0000000000000935,-6.642967065505588e-15,0.9999999999999086,-2.241315824782337e-15,1.0000000000000095,1.2209887081878717e-14,0.9999999999999888,-1.2324753152293483e-14,0.9999999999999994,1.522306116809136e-16
168.21146360081508,34371516604.07938,1937645810.630942,4.809340248365826e-18,645178.3630481677,-1.4503813849452287,0.010486198596251016,1.875197097628033,-0.0007395158722837724,0.12506801908074225,0.001449735985035569,0.9997348780259242,-0.0007101992176701765,0.99999999986269,-2.7911033432799465e-11,1.0000000054025686,-2.085332846751504e-08,1.000000000000005,1.85983010048653e-15,0.9999999999999948,-2.056079075522842e-15,0.9999999999999999,-4.096486162558754e-16,1.0000000000000004,2.0395201545372747e-16,1.0,3.510390644364117e-16
173.1243360882268,31208683275.504875,1829235133.5082881,5.45598137042698e-18,622289.1015588174,-1.4503731131073716,0.010830109612051119,1.8751913635519768,-0.0008122495023246576,0.12506822309598542,0.0014940528700315488,0.9997404077799739,-0.0006817819142524301,0.9999999998613306,-3.110334482754612e-11,1.0000000057099547,-2.1431871509668894e-08,0.9999999999999982,-4.652388211698515e-16,1.0000000000000007,-1.372363831768697e-16,0.9999999999999994,1.1938677992689677e-16,0.9999999999999988,2.4408294920558805e-16,0.9999999999999998,-1.4006314578081704e-16
178.1806965137427,28325864406.514057,1726889986.128916,7.044556364415178e-18,688533.4240100153,-1.4503645127282963,0.011182758739593643,1.8751855161551245,-0.0008853421061804338,0.12506843042464919,0.0015395976559487005,0.9997460468094572,-0.0006542304960785243,1.0000000004490606,-3.208350059662812e-09,1.0000000061559302,-2.1807430231211754e-08,1.0000000000000002,4.1291125019050623e-17,1.0000000000000002,-2.1360789448193818e-17,1.0,-1.5498316686916103e-16,1.0000000000000002,-4.99493902290795e-17,1.0000000000000007,0.0
183.38473566155963,25699226414.347443,1630271008.136255,7.022076037676323e-18,554103.5156044957,-1.4503555751669315,0.011544430665516164,1.875179561922404,-0.0009588394487807677,0.1250686421007215,0.0015864026451360698,0.9997517897286672,-0.0006275406025548216,0.9999999998707936,-2.6595759315855238e-11,1.0000000063751964,-2.2565595989659298e-08,1.0000000000000007,-1.8621430138535332e-15,1.0000000000000004,1.95472631911402e-15,1.0000000000000002,2.2922188532858765e-16,0.9999999999999998,1.9166546394155825e-16,1.0000000000000013,1.0936436364707061e-16
188.74076671412212,23306892330.59586,1539057825.4944196,9.72836705981932e-18,658244.9723561574,-1.4503462909898217,0.011915418549139384,1.8751735094405484,-0.0010328006719051036,0.12506885616902774,0.0016345124032948086,0.9997576273987596,-0.0006016866464542963,1.000000000167809,-2.0244749017500334e-09,1.0000000061636245,-2.02277165405225e-08,0.9999999999999998,-2.4612311838425193e-14,1.0000000000000002,1.8980234500314137e-14,0.9999999999999992,3.8322730412880975e-15,1.000000000000002,-2.326839263324896e-15,0.9999999999999997,-1.364103268953945e-15
194.2532288269499,21128802746.56453,1452947988.462265,1.0731417911294268e-17,599616.5096043852,-1.4503366502804147,0.012296023643013942,1.8751673661089343,-0.0011072749133096329,0.12506907322453512,0.0016839625290013696,0.9997635532955759,-0.0005766622675900023,1.000000000183157,-1.677391814596595e-09,1.000000006539369,-2.10864241728374e-08,1.0000000000000007,-2.943528028197769e-14,1.000000000000001,2.2937321009708206e-14,1.0,8.46252016012663e-16,0.9999999999999991,-2.92178444228698e-16,0.9999999999999993,-1.118718175360613e-16
199.92669080787397,19146565982.22394,1371655968.9989493,1.0270876824644103e-17,466825.9774921663,-1.4503266425779204,0.01268655565205111,1.8751611404764048,-0.0011823173063630157,0.12506929284634216,0.0017347943194374715,0.9997695592711826,-0.0005524525915074803,0.9999999998861795,-5.3352215778445445e-11,1.0000000075198976,-2.4354042276777374e-08,0.9999999999999991,1.231556733226589e-16,1.0000000000000016,-8.218286671846046e-16,1.0000000000000004,2.5555829239352633e-16,0.999999999999999,-3.2105461935375397e-16,0.9999999999999993,-8.360142468941253e-17
205.76585490373,17343320718.341717,1294912213.775932,1.1644903843556932e-17,439877.3453171679,-1.4503162567643617,0.013087332908439867,1.8751548419497703,-0.0012579851697393184,0.1250695141595906,0.0017870511399030063,0.9997756360671985,-0.000529040952257248,0.9999999998832216,-2.5095985601632624e-11,1.000000007940157,-2.5013534120546978e-08,0.999999999999989,8.275876616414619e-15,1.0000000000000133,-2.333614342850204e-15,1.0000000000000058,9.743800237036886e-15,0.999999999999992,-1.1080655074038172e-14,1.0000000000000013,7.937354481627743e-16
211.77556069764825,15703610049.283451,1222462250.6415434,1.3217121319942156e-17,416215.7838595563,-1.4503054809813287,0.013498682817026906,1.8751484798875226,-0.0013343345410679092,0.12506973696272938,0.001840775270314471,0.9997817748787081,-0.0005064150783283405,0.9999999998868695,-2.4332398356965547e-11,1.0000000083839164,-2.561079296157053e-08,0.9999999999999946,9.199316578470401e-15,1.0000000000000098,-3.053634400512611e-15,0.9999999999999994,-6.889842054868294e-16,1.0000000000000004,2.8318371908414503e-16,0.9999999999999991,-1.7403558763472484e-16
217.96078912016955,14213265992.483866,1154065844.5866685,1.52132205337429e-17,399325.57276135014,-1.4502943025350739,0.013920942028477516,1.8751420642341559,-0.0014114237726229192,0.1250699607774811,0.0018960111049385851,0.9997879661993424,-0.0004845608971497737,0.9999999999317744,-1.7488430688389993e-10,1.0000000087805045,-2.601754252488057e-08,0.9999999999999817,3.605449448433832e-14,1.0000000000000204,-3.275306482054982e-14,0.9999999999999989,-4.529013065112866e-15,0.9999999999999988,1.6704841753439543e-15,1.0,0.0
224.32666657751213,12859310691.942928,1089496201.5713565,1.7028936821061676e-17,379335.0382527586,-1.4502827080099072,0.014354456421253074,1.875135605576293,-0.0014893121452776903,0.12507018522362878,0.0019528039933247204,0.9997941999682616,-0.00046346489942993425,0.9999999998891566,-2.3308059674171886e-11,1.000000009342574,-2.6921188830701438e-08,1.0000000000000009,1.6660283251470789e-15,1.000000000000011,8.062037507695762e-16,0.9999999999999936,-1.6700387095907335e-15,0.9999999999999991,4.643624014111395e-17,1.0000000000000009,-8.687662126643095e-17
230.8784692004108,11629830035.645344,1028539216.3644938,1.9330939068672136e-17,357769.6271309726,-1.4502706822464608,0.014799583018003345,1.8751291137328985,-0.0015680615841453045,0.12507040973492226,0.0020112012012105662,0.999800466780019,-0.00044311200511438695,0.9999999998930164,-2.266676833129037e-11,1.0000000098589865,-2.7592935050953892e-08,1.0000000000000027,-9.276461055324376e-15,1.0000000000000067,1.0302932099859703e-14,0.9999999999999993,-1.0917865198797492e-15,0.9999999999999997,5.518436023285618e-16,0.9999999999999986,1.1791529950982997e-16
237.6216272170499,10513929880.563242,970992762.6445595,2.1944219161361815e-17,337825.7752621053,-1.450258209589376,0.015256687820779987,1.8751225998558834,-0.0016477346693163496,0.12507063384481626,0.0020712509162743404,0.9998067559999971,-0.000423487962988328,0.9999999998972481,-2.1440444465577196e-11,1.0000000104016318,-2.8254131082831324e-08,1.000000000000006,9.23902293289315e-16,0.9999999999999919,-3.0017120696936337e-15,0.9999999999999999,1.5565104114593669e-15,0.9999999999999999,2.5367531813217604e-16,1.000000000000001,9.780303835620117e-17
244.56172945371455,9501623119.13211,916666022.8574878,2.5062974713088098e-17,321018.4379230914,-1.450245272831486,0.015726147801385246,1.8751160748705928,-0.0017283960091697297,0.12507085703632848,0.0021330028927445347,0.9998130572008884,-0.00040457784439380584,0.9999999999160722,-1.010277100032664e-10,1.0000000109420344,-2.8834250260638366e-08,0.9999999999999281,-3.679620132161228e-16,1.0000000000000706,2.060264313794579e-15,1.0000000000000007,-8.055801948312651e-16,0.9999999999999993,3.734136010819753e-16,0.9999999999999997,-5.272142579858423e-16
251.70452796689008,8583762785.013888,865378855.4308612,2.8276452832643796e-17,301598.7721486071,-1.450231853332994,0.016208350803698583,1.8751095497467252,-0.0018101117839680314,0.12507107883488144,0.0021965081762238717,0.9998193599432244,-0.0003863667375229945,0.9999999999037933,-2.008464151824715e-11,1.0000000115715006,-2.9629884425053075e-08,1.000000000000005,-5.376468738277209e-15,0.9999999999999956,5.393694411867446e-15,1.0000000000000002,7.247272867439924e-16,1.0,-1.3244229162344547e-15,0.9999999999999993,1.1066575417003449e-15
259.05594281064924,7751976859.466441,816961197.4895827,3.20936553492035e-17,291410.2952173195,-1.4502179309850622,0.01670369551102082,1.8751030358182716,-0.0018929501402352494,0.1250712986876132,0.0022618194970191207,0.9998256533905806,-0.0003688390044718179,0.9999999999033111,-1.985570614113554e-11,1.000000012200162,-3.034160552590632e-08,1.0000000000000009,-1.8254460718023788e-15,0.9999999999999969,6.093325471131104e-16,1.0000000000000016,1.5843019314663472e-15,1.0,0.0,1.0000000000000002,1.0360579681427725e-16
266.62206694327807,6998590198.488236,771252501.2747695,3.6442539902908244e-17,275078.1681213771,-1.4502034834870425,0.017212593078896186,1.8750965433909106,-0.0019769812781833254,0.1250715160853857,0.002328991079554908,0.9998319277541994,-0.00035197873917952897,0.9999999999093933,-2.616502155873996e-11,1.0000000128564825,-3.1016995794190235e-08,0.999999999999932,-1.1899284565075185e-14,1.0000000000000786,1.372787917904173e-14,0.9999999999999893,-2.1748511935134958e-15,0.9999999999999996,-2.1390379008731627e-16,1.0000000000000013,-3.017165224959565e-16
274.40917127720724,6316589683.124924,728101201.1547045,4.1460558448562613e-17,260395.25349836293,-1.4501884871313235,0.017735465523410147,1.8750900836075137,-0.0020622770259424244,0.1250717304895975,0.002398078689583198,0.9998381724045179,-0.00033576979873401976,0.9999999999424468,-1.294056468541317e-10,1.0000000135559204,-3.173067172977566e-08,1.0000000000000009,6.851219816470179e-17,1.0000000000000002,-2.0843837751354197e-16,0.9999999999999999,2.7122992466795556e-16,0.9999999999999993,2.412238709405029e-16,0.9999999999999993,9.118764471333113e-17
282.4237098764345,5699554982.868035,687364211.755198,4.693941336436845e-17,245609.9819830887,-1.4501729159964576,0.01827274731606287,1.8750836670220679,-0.0021489110682033938,0.12507194144446004,0.0024691395698316796,0.9998443773391178,-0.00032019600984861457,0.9999999999177301,-3.117734130789148e-11,1.0000000142699814,-3.2410035662907094e-08,0.9999999999999546,5.0375811458756896e-14,1.0000000000000473,-5.216632307957267e-14,0.999999999999998,4.2532139014940066e-16,1.0,4.522148395193973e-16,0.9999999999999994,2.6409417085910883e-16
290.6723253057456,5141613772.876645,648906453.047791,5.331131192648056e-17,232697.00254489869,-1.4501567419536459,0.018824885433301,1.875077304031513,-0.002236959453438942,0.12507214835987002,0.0025422329432230723,0.9998505326309622,-0.00030524022506616056,0.9999999999399757,-9.214203038421425e-11,1.000000015033824,-3.315185754789823e-08,0.9999999999999989,-6.100206632220335e-15,1.000000000000002,5.642093743790071e-15,0.9999999999999996,-2.833990845285115e-16,0.9999999999999983,3.5662673123218425e-16,0.9999999999999996,-1.2336045994467804e-16
299.1618541361675,4637398527.873946,612600402.7892013,6.057278720284799e-17,224784.21403886308,-1.4501399346094246,0.019392339400262998,1.8750710048316965,-0.002326499838187992,0.12507235077986995,0.0026174194462433645,0.9998566286185616,-0.00029088562356398485,0.9999999999378865,-8.986360571787089e-11,1.0000000157974136,-3.38052064807427e-08,0.9999999999999238,-2.3606648859728658e-14,1.0000000000000773,2.3621170158803054e-14,0.9999999999999993,-2.469692495757436e-16,1.0000000000000002,3.5434296953036503e-16,0.9999999999999993,-1.1998578461420461e-16
307.8993326112168,4181997927.5666814,578325673.370689,6.83676741790959e-17,211193.39446997736,-1.4501224607145566,0.01997558264814448,1.8750647785687264,-0.0024176122464741254,0.125072548197352,0.0026947616734271447,0.9998626566521552,-0.0002771147853802771,0.9999999999226734,-1.485060316311616e-11,1.0000000166590495,-3.4629440499602664e-08,0.9999999999999983,2.2032438378434803e-15,1.0000000000000013,-4.911545542753834e-15,1.0000000000000016,2.305740282628909e-15,0.9999999999999989,6.672826395443407e-16,0.9999999999999996,-4.2400467495522616e-16
316.89200247863926,3770930142.9311357,545968612.9089994,7.762323951314324e-17,200256.97953512246,-1.4501042846398686,0.02057510134566173,1.8750586346921074,-0.002510378643330166,0.1250727400894294,0.002774324027096879,0.9998686077529912,-0.0002639099899434704,0.9999999999370901,-4.796606338242671e-11,1.0000000175074546,-3.529444437625633e-08,0.9999999999999712,-1.0747169338258139e-15,1.0000000000000282,-5.063959787227525e-16,0.9999999999999993,4.805536722347078e-16,0.9999999999999998,2.539750389623482e-16,1.0,6.807820143444007e-17
326.1473169924746,3400101165.7731285,515421928.1018757,8.78301488834121e-17,193290.7636988375,-1.4500853678396286,0.021191395564931808,1.8750525820618358,-0.002604882895652929,0.12507292601126993,0.0028561726301436284,0.9998744735593793,-0.0002512536293800255,0.9999999999327702,-3.5092641351373637e-11,1.0000000184223021,-3.6041173059146495e-08,1.0000000000000022,-8.363977376823972e-15,0.9999999999999887,3.2024705371179166e-14,1.000000000000007,-2.906590753144579e-14,1.0000000000000029,5.731891461699323e-15,1.0,4.687588334908007e-16
335.6729470904206,3065770091.3558416,486584328.85539764,9.933940718606998e-17,182276.87944914514,-1.4500656684708249,0.021824980204578345,1.8750466284613585,-0.0027012112137630787,0.12507310547237718,0.0029403756983503123,0.9998802467491428,-0.0002391276645476451,0.999999999936939,-3.021548044590487e-11,1.000000019376535,-3.6787608769777645e-08,0.999999999999988,-1.835407329198199e-15,1.0000000000000135,8.399953116533743e-16,0.999999999999998,8.097933347156119e-16,1.0000000000000016,4.2896841733214054e-16,1.0,6.745043297058294e-17
345.4767877516165,2764526671.641005,459360192.1743221,2.9778348492786264e-18,86228.26890700491,-1.450045141692371,0.022476384104187893,1.8750407707779881,-0.0027994255956667203,0.12507329000160644,0.003026984470963173,0.9998859392132902,-0.00022755887449213882,0.999999979622072,3.753156512150031e-08,1.00000002035658,-3.7480957240445085e-08,0.9999999999999784,4.017481526768434e-15,1.000000000000021,-9.142939717496637e-15,0.9999999999999987,5.8490507661380625e-15,1.0,-5.232442830060641e-16,0.9999999999999991,-1.0823700398060377e-16
355.56696454011495,2493259794.9800916,433659244.9577243,2.1556343742728034e-18,83270.05480267302,-1.4500237392044601,0.0231461510648481,1.875035037373698,-0.002899667699629064,0.1250734557427258,0.003116108555827687,0.9998915068747767,-0.00021644085660170922,0.9999999785936873,3.82454857047603e-08,1.0000000213914841,-3.819893038493913e-08,1.000000000000035,8.163804725395871e-15,0.9999999999999662,-8.795734509818078e-15,0.9999999999999984,3.95212260253759e-16,1.0000000000000004,3.281825840499024e-16,1.0000000000000002,7.483803118330373e-16
365.9518403394666,2249130867.36314,409396264.98425716,3.20930331444252e-18,78652.69406092016,-1.4500014089320912,0.023834840786294748,1.8750294240354677,-0.0030020046210003587,0.12507361370702821,0.003207803603476618,0.9998969622490597,-0.00020579898154399372,0.9999999775205264,3.8948657764351434e-08,1.0000000224616934,-3.891462161987134e-08,0.9999999999999488,-2.484909626373671e-15,1.000000000000053,3.1993783396626695e-15,1.0000000000000002,9.77313837261539e-17,1.0000000000000009,2.2580389457812057e-16,1.0000000000000002,-7.481314710052554e-17
376.6400222839982,2029555650.042453,386490798.1649205,1.7646977070602543e-18,76165.37870982708,-1.4499780951855934,0.02454302795325883,1.8750239368660135,-0.0031065307811161055,0.12507376348314575,0.003302145943945381,0.9999022996414632,-0.0001956151620526813,0.9999999764060667,3.964134631769754e-08,1.0000000235755435,-3.9607619288525906e-08,1.0000000000000022,8.639013622109166e-15,0.999999999999998,-8.762722025459357e-15,0.9999999999999996,0.0,1.0,-3.0149835787840023e-16,1.0000000000000007,5.559330349823496e-16
387.6403688925288,1832177905.4584465,364866891.7227749,2.5583411441733423e-18,71900.1931855078,-1.4499537380921463,0.025271304100677072,1.8750185807447404,-0.0032133428476685067,0.12507390465282162,0.003399214209015379,0.9999075145924035,-0.00018587136028993615,0.9999999752461528,4.0318268398788475e-08,1.0000000247164746,-4.02530877149629e-08,0.9999999999999974,5.1030713349597035e-14,1.0000000000000029,-5.1066586458907e-14,0.9999999999999994,-3.3098422924793323e-16,1.0000000000000004,2.3774159855394475e-16,1.0000000000000004,4.4274343411084435e-16
398.961997410438,1654853832.8338757,344452842.4761765,3.1223681901700704e-18,68154.95259258684,-1.4499282736717323,0.026020276764628224,1.8750133603605752,-0.0033225395450879056,0.12507403682331664,0.003499089228197078,0.999912602803762,-0.0001765496838406451,0.9999999740444107,4.098922254476111e-08,1.0000000259291304,-4.09355862265653e-08,1.0000000000000024,-4.405973531638305e-15,0.999999999999991,7.079565281465589e-15,1.0000000000000009,-1.1927454058118096e-15,0.9999999999999997,4.067366290906725e-17,1.0000000000000004,-4.710263668881671e-16
410.61429136616977,1495632170.169165,325180958.9728423,3.1616759389840114e-18,65744.9090417526,-1.4499016334774808,0.02679057050434384,1.875008279744931,-0.0034342217728580626,0.12507415961299437,0.0036018541709485737,0.9999175606292797,-0.00016763239807794953,0.9999999727972987,4.163385082735431e-08,1.000000027170227,-4.158094949957534e-08,0.9999999999999936,5.4517223547365136e-14,1.0000000000000058,-5.46524309809052e-14,1.0000000000000002,6.104504022125928e-17,0.9999999999999999,2.821858258435452e-16,0.9999999999999994,0.0
422.6069083484355,1352737294.6971736,306987337.1035895,3.1938884744476007e-18,63746.02600427584,-1.4498737443560437,0.027582827611682546,1.8750033420776502,-0.003548492652896603,0.1250742726370769,0.0037075946492332573,0.9999223852706337,-0.00015910199734531244,0.9999999715072525,4.22588387574824e-08,1.0000000284577635,-4.219894197246762e-08,1.0000000000000044,-2.5763592301725113e-15,0.9999999999999957,2.5680450027415493e-15,1.0000000000000004,-1.026556049954875e-16,1.0000000000000002,0.0,1.0,1.313783797687357e-16
434.94978801056277,1224554934.0205035,289811648.1708572,2.7952036426116686e-18,60202.912516979275,-1.4498445282755963,0.028397708246570442,1.8749985499763009,-0.003665457510683242,0.1250743755165192,0.003816398743463398,0.9999270744909831,-0.00015094123431686217,0.9999999701701979,4.286164730584201e-08,1.0000000297871938,-4.2792767633049e-08,0.9999999999999981,5.1596601721563496e-15,1.0000000000000049,-5.784448433695381e-15,0.9999999999999999,-1.0740074017811256e-15,1.0,-4.2768781425804255e-16,1.0000000000000002,-1.4063663691212559e-16
447.6531603086224,1109618668.7890964,273596938.809728,3.0302321634794372e-18,58321.10401907034,-1.4498139020705398,0.02923589049089643,1.874993905783275,-0.0037852238708263072,0.12507446789729795,0.003928357016670588,0.9999316263015214,-0.0001431331480092572,0.9999999687913391,4.343311910518796e-08,1.0000000311600528,-4.3357372075635544e-08,0.9999999999999823,1.8802688234364086e-14,1.000000000000016,-1.9492079019158196e-14,1.0000000000000027,8.611319591144523e-16,0.9999999999999981,6.766398889179154e-16,1.0000000000000004,-1.1841393900618358e-16
460.72755398016335,1006595760.5924478,258289442.2714675,4.241409520200388e-18,55256.88705380582,-1.4497817771578667,0.030098071849356894,1.874989410901074,-0.003907901597508271,0.12507454940110774,0.004043562724284434,0.9999360396780267,-0.0001356611296853411,0.9999999673660391,4.397578146048985e-08,1.0000000325755563,-4.388957321291691e-08,1.0000000000000027,-2.834894858688898e-15,0.9999999999999966,2.3849016924530327e-15,1.0000000000000007,1.1141509446598247e-16,0.9999999999999993,4.3169912944301357e-16,0.9999999999999993,-1.633867143368912e-16
474.1838052705818,914276962.7571555,243838399.92063382,3.918279227262591e-18,53456.64637510617,-1.449748059266419,0.0309849686184437,1.8749850665721426,-0.004033602828245595,0.12507461967851596,0.004162111736579811,0.9999403137281335,-0.0001285089111816573,0.9999999658999981,4.447891487793799e-08,1.00000003403299,-4.4389857611376675e-08,1.0000000000000018,8.784446821306096e-16,0.9999999999999991,-2.7998524623855456e-15,0.9999999999999993,-3.580296685341136e-16,1.0000000000000002,5.01282919063351e-16,1.0000000000000002,4.3365161339088696e-16
488.0330669143569,831564764.0458479,230195893.1547272,4.419277443599544e-18,51846.14379870771,-1.449712648170614,0.031897317387619716,1.8749808732830797,-0.004162442114665393,0.12507467835684,0.0042841027494417375,0.9999444483356084,-0.00012166064011074368,0.999999964393634,4.494218802459619e-08,1.0000000355314744,-4.483659488588125e-08,0.9999999999999653,7.2054100239491e-15,1.0000000000000342,-7.186959788821952e-15,1.0000000000000042,-2.533127858933183e-15,0.9999999999999982,5.308337382245043e-16,0.9999999999999974,1.985614839889122e-15
502.2868173785975,757464283.417006,217316684.36307317,6.272698106718435e-18,42998.04959211603,-1.4496754373772518,0.03283587505446028,1.8749768311292765,-0.004294536430530171,0.12507472506354986,0.004409637294544795,0.9999484437805102,-0.00011510087004720817,0.9999999628072926,4.539619839001832e-08,1.00000003706672,-4.524550051900977e-08,0.9999999999999952,-3.333481117019319e-15,1.0,3.7690101686436767e-16,1.0000000000000038,2.0265009605394585e-15,0.9999999999999998,-4.163714478955597e-16,1.0000000000000004,-1.3157176048082952e-16
516.9568703765607,691074343.5412079,205158066.97510654,5.7866228571431965e-18,47719.43076521306,-1.4496363137996493,0.0338014194258251,1.8749729398086008,-0.004430005240214387,0.1250747594211575,0.004538819829090543,0.9999523007413219,-0.00010881459566377548,0.9999999612543116,4.572622824409371e-08,1.0000000386435326,-4.5602388827760716e-08,0.9999999999999799,2.4876716715760756e-15,1.0000000000000193,-2.902160594142684e-15,0.9999999999999993,4.1924358436633903e-16,0.9999999999999999,1.337201138221999e-16,0.9999999999999996,1.5937765696706822e-16
532.055384659027,631579450.1389941,193679723.8677573,7.021566203555378e-18,46296.03051609581,-1.4495951573911174,0.03479474973712702,1.8749691986854717,-0.004568970567020782,0.1250747810501792,0.004671757814901169,0.9999560202324824,-0.00010278725622892979,0.9999999596305111,4.603224002564883e-08,1.0000000402541258,-4.5897781912278874e-08,1.0000000000000024,-3.083845204795788e-15,0.9999999999999996,6.008452682874573e-17,1.0000000000000016,-2.4563431904788243e-16,1.0000000000000004,7.651108748086075e-16,1.0000000000000002,-4.13188024677094e-16
547.5948740916481,578242362.9584537,182843593.6296178,8.227446499753511e-18,44972.75417521154,-1.4495518408468246,0.03581668753730219,1.8749656066657359,-0.004711557088319869,0.12507478954446882,0.004808561847764993,0.9999596037552108,-9.70047688289878e-05,0.9999999579720685,4.627167498890417e-08,1.0000000418973918,-4.61291946518701e-08,0.9999999999999747,2.3775466942086743e-15,1.000000000000024,-2.986282373663904e-15,0.9999999999999992,1.992484045207858e-15,1.0000000000000002,-1.3345011373110985e-15,0.9999999999999994,2.395474573149522e-16
563.5882180266182,530397617.93138623,172613744.36047402,8.413765294514063e-18,43735.31133599957,-1.4495062291673069,0.03686807700521304,1.874962162382246,-0.0048578921974038935,0.125074784487075,0.004949345710113558,0.9999630530926276,-9.145352410981935e-05,0.9999999562821187,4.643745566479064e-08,1.0000000435712073,-4.628363117299885e-08,0.9999999999999732,2.0056293022454306e-15,1.0000000000000253,-2.6185202312068327e-15,0.9999999999999958,5.0219724662624695e-15,1.0000000000000036,-4.454151952420561e-15,1.0000000000000004,-3.110509922835848e-17
580.0486719772665,487445448.36304456,162956254.59209138,9.638522581177747e-18,42578.56710476089,-1.4494581792708239,0.03794978566705249,1.8749588641879646,-0.005008106100119699,0.12507476544058518,0.005094226478741591,0.9999663703283777,-8.612039426253246e-05,0.9999999545640598,4.6520760548095386e-08,1.000000045272708,-4.634821657635974e-08,0.9999999999999958,3.238551286889749e-16,1.0000000000000027,-7.356462441929947e-16,1.0000000000000007,-5.677025876491575e-16,1.0000000000000007,6.223278782286082e-16,1.0000000000000004,-1.6562118399441218e-16
596.9898786044171,448846277.2598053,153839100.73780912,1.139634092317273e-17,41504.24308091225,-1.4494075395523787,0.03906270501216012,1.8749557101906895,-0.005162331907047292,0.1250747319448161,0.005243324619632183,0.9999695578178491,-8.099273007398145e-05,0.9999999528196222,4.6506728375383165e-08,1.0000000469971368,-4.632570712832623e-08,1.0000000000000016,3.240972937742027e-16,0.9999999999999974,9.76798889519878e-17,1.0,5.728187920424089e-16,0.9999999999999993,-6.456487417799787e-16,1.0,6.143532858678169e-17
614.4258790236221,414115668.1525096,145232050.91810572,1.1891424305717072e-17,40530.17094340634,-1.4493541494290465,0.04020775115646794,1.8749526982890639,-0.005320705735790135,0.12507468351241674,0.005396764089980844,0.9999726181457902,-7.605837727803673e-05,0.9999999510545617,4.638624146839686e-08,1.0000000487428091,-4.6185657226100934e-08,1.000000000000004,1.0291617773837825e-16,0.9999999999999994,3.165012707174205e-16,0.9999999999999962,-2.095959309099309e-16,1.0,1.898024368071372e-16,1.0,2.3727055310120934e-16
632.3711244426405,382819672.5516836,137106564.7303373,1.3234668396798218e-17,39679.96157872435,-1.4492978388444477,0.04138586549550472,1.8749498262057709,-0.005483366815597967,0.12507461962614663,0.005554672439899753,0.9999755541123583,-7.130564810224712e-05,0.9999999492701096,4.613656734485273e-08,1.000000050503322,-4.593480582332952e-08,0.9999999999999986,-2.682361099192295e-16,1.0000000000000004,3.9069543961352136e-16,1.0000000000000002,-1.9558071632422346e-16,1.0000000000000004,-6.840835635520361e-16,0.9999999999999993,-1.1862897868624089e-16
650.8404881388067,354570524.6008015,129435698.59806813,1.438401484552754e-17,39679.6532647705,-1.4492384277118475,0.04259801530768183,1.8749470915525899,-0.005650457595729585,0.1250745397431404,0.005717180908471612,0.9999783686432752,-6.672334076687047e-05,0.9999999474834348,4.573703137877793e-08,1.000000052278263,-4.5532304628648396e-08,1.0000000000000082,-1.87873923801678e-14,0.999999999999992,1.8014233802499265e-14,1.0000000000000053,5.909744761900928e-15,0.9999999999999951,-5.7836736706729336e-15,1.0000000000000004,4.66762217470005e-16
669.8492777862161,329022601.1386009,122194016.44236065,1.6218500335588045e-17,38912.14134381875,-1.4491757255337046,0.04384519482395473,1.874944491734678,-0.005822123885127321,0.1250744432553303,0.005884424583776344,0.9999810649422116,-6.230073323563117e-05,0.9999999456733695,4.517706988235735e-08,1.0000000540642757,-4.49583684329771e-08,0.9999999999999979,-9.727574345232418e-17,1.0000000000000075,2.8775250491349443e-16,0.9999999999999966,3.118175138580438e-16,1.0000000000000007,-7.228771404662971e-17,1.0000000000000002,1.407979448797115e-16
689.4132481429461,305868705.10815936,115357505.34214905,2.005109402784175e-17,33490.07693912834,-1.4491095305216088,0.045128425300390955,1.8749420241921118,-0.0059985149357925215,0.12507432954616413,0.006056542430344315,0.9999836461849207,-5.802753896517865e-05,0.9999999437435815,4.4475591707070116e-08,1.0000000558593904,-4.418181054856676e-08,0.999999999999959,-8.941373870690684e-15,1.0000000000000424,9.08293417167845e-15,0.9999999999999989,-1.6148202583484962e-16,0.9999999999999998,-1.2751167033110917e-16,1.0,-1.4436555050435928e-16
709.5486141088256,284836502.8383771,108903495.86071375,1.872076476937554e-17,38610.079442820075,-1.4490396292596444,0.04644875634748049,1.874939686234052,-0.006179783608120383,0.1250741979283234,0.006233677486857101,0.9999861157570021,-5.3893926142258926e-05,0.9999999420352154,4.340683993600357e-08,1.0000000576672248,-4.3183783176079513e-08,1.0000000000000004,0.0,0.9999999999999996,-4.3422422141125554e-17,0.9999999999999993,1.8774386989102346e-16,1.0000000000000009,0.0,1.0000000000000002,-6.521742566407395e-17
730.2720641645773,265685226.70590836,102810586.95406961,2.0176568454766002e-17,39122.9069956267,-1.4489657958252042,0.04780726624315158,1.8749374751964232,-0.006366086477322497,0.1250740476826868,0.0064159769293661295,0.9999884770333399,-4.98905075839585e-05,0.9999999402009258,4.2108481056947554e-08,1.00000005949504,-4.1891886984789514e-08,0.9999999999999983,4.786951376197759e-17,1.0000000000000004,-4.004572314338224e-16,0.9999999999999993,-2.915671979105053e-16,0.9999999999999991,3.0817667448086273e-16,0.9999999999999997,7.050998523335451e-17
751.6007742034699,248202553.80382437,97058574.94669145,2.1539935628467238e-17,38833.91977087723,-1.4488877913201463,0.04920506309402212,1.8749353883564348,-0.006557583997003653,0.12507387801025574,0.006603592249590227,0.9999907335394749,-4.600831661108398e-05,0.9999999383106077,4.046250134545613e-08,1.000000061360309,-4.025131022137736e-08,0.9999999999999953,1.1295968753208512e-14,1.0000000000000047,-1.1189364253335602e-14,1.0000000000000002,2.2863381545132604e-16,0.9999999999999999,2.2317542800615203e-16,0.9999999999999998,-5.332691236241687e-17
773.5524217669459,232201691.26215518,91628386.55628069,2.267174217932836e-17,39526.28316956446,-1.448805362802453,0.05064328506495446,1.8749334230916193,-0.006754440607164942,0.12507368808754685,0.006796679311541946,0.9999928887199478,-4.2238780138842e-05,0.9999999363651718,3.8371273356942785e-08,1.0000000633013224,-3.8174019029571605e-08,0.9999999999999983,2.1353890653683633e-15,0.9999999999999998,-2.3449000855063204e-15,1.0000000000000004,2.809169007450097e-17,0.9999999999999994,-3.1822083684558564e-17,1.0,4.1322003680843476e-16
796.145200696022,217518652.83432582,86502015.65754345,2.3759493831356962e-17,40394.494876426914,-1.448718242844805,0.052123101717745805,1.874931576765155,-0.006956824917555931,0.12507347699877291,0.006995398557444414,0.9999949461283928,-3.8573730374209576e-05,0.9999999342793608,3.5731551022767946e-08,1.000000065386129,-3.555278652574797e-08,1.0000000000000038,2.1678329003896265e-15,0.9999999999999974,-6.903795533496309e-15,1.0000000000000018,2.359686792014261e-15,0.9999999999999983,-5.757110353371901e-16,1.0000000000000004,-1.6902913078113036e-16
819.3978362106054,204009733.00281897,81662463.57774268,2.4851752729476348e-17,41374.72136531881,-1.4486261484935792,0.05364571446938684,1.8749298468288167,-0.007164909838220789,0.12507324376876844,0.007199915099521105,0.9999969092854772,-3.5005374719762944e-05,0.999999931926919,3.240831523475068e-08,1.0000000677434155,-3.224501738145199e-08,0.9999999999999928,-3.7641898893024175e-16,1.0000000000000073,5.165100563352644e-16,0.9999999999999992,8.056663158674665e-16,1.0000000000000004,-5.523024288312512e-16,0.9999999999999989,3.341163622904108e-16
843.3296004292259,191549177.2594562,77093682.68113004,2.6151597655993105e-17,42357.53303506161,-1.4485287804368454,0.055212357478753145,1.874928230821273,-0.0073788727414045765,0.1250729873485021,0.007410398871280771,0.9999987817095048,-3.152626774244587e-05,0.9999999290771735,2.823701922397458e-08,1.0000000705958716,-2.8103611925375696e-08,0.999999999999996,-3.7607353725863875e-15,1.0000000000000016,1.4904017471825002e-16,0.9999999999999986,1.4993849328842546e-16,1.0000000000000004,-2.42068144929062e-16,1.0000000000000007,2.7625876206469184e-17
867.9603283420445,180027049.68969658,72780523.25305822,2.786607081463025e-17,43132.93841190132,-1.4484258220653565,0.05682429845531883,1.8749267263855813,-0.0075988956220814936,0.12507270661035022,0.007627024771468339,1.0000005668723506,-2.812933235950711e-05,0.9999999253304942,2.3081939486587316e-08,1.000000074355364,-2.2962728378028933e-08,0.9999999999999936,-1.9964255199478378e-15,0.9999999999999991,6.1820915609586466e-15,1.0000000000000056,-4.124655517456412e-15,1.0,2.194191629526275e-16,0.9999999999999998,1.7763241799371784e-16
893.3104342503782,169347293.2705636,68708683.15982588,3.0330244055829426e-17,43965.14980895309,-1.4483169384256929,0.05848283941746762,1.8749253312955518,-0.007825165259311134,0.12507240035204573,0.007849972804828163,1.0000022682295828,-2.4807773774139632e-05,0.9999999200162005,1.6919049833906206e-08,1.000000079676083,-1.6839051696161602e-08,0.9999999999999998,-2.202731044559081e-16,1.0000000000000022,1.369992347181913e-16,0.9999999999999983,-1.3553352628469496e-15,1.0,8.063049959932783e-16,0.9999999999999994,-1.3925163090292225e-16
919.4009286863665,159425985.8019314,64864660.49503623,3.585214995287051e-17,42713.73491430066,-1.448201775411933,0.06018931780993895,1.8749240434333754,-0.008057873407847721,0.1250720672514462,0.00807942827267535,1.0000038891683112,-2.1555198541222755e-05,0.9999999120994421,1.0188076735441048e-08,1.0000000876048563,-1.0089694284309212e-08,1.0000000000000036,1.2461388925645408e-16,0.9999999999999963,-4.708156414254916e-16,1.0000000000000007,-2.354138873083119e-16,0.9999999999999996,2.1903825693972697e-16,0.9999999999999994,-6.294741692638514e-17
946.2534358268023,150189765.78189707,61235708.78301843,4.482774758131335e-17,40786.18704784516,-1.4480799582295631,0.06194510682352061,1.874922860868301,-0.008297216933656966,0.12507170593116304,0.008315581864609877,1.000005433015483,-1.8365414095206046e-05,0.9999999005212132,4.2729416917068006e-09,1.0000000991962024,-4.1285321960979135e-09,0.9999999999999981,-4.4937896839420374e-15,0.999999999999999,2.545728807560866e-15,1.0000000000000004,-2.2273539647512977e-15,0.9999999999999981,1.910982487805302e-15,0.9999999999999997,2.024835535133065e-16
973.8902114155605,141574446.9755425,57809794.71652153,5.885832370845797e-17,38033.49088315127,-1.4479510906546729,0.06375161676496074,1.8749217818087092,-0.00854339803468885,0.12507131488147857,0.008558629889658808,1.0000069029503322,-1.52325724931854e-05,0.9999998852539168,1.9363331301677946e-09,1.0000001145583965,-1.6429349204437932e-09,1.000000000000009,-9.42726143585727e-16,0.9999999999999913,8.344101117979856e-16,0.9999999999999993,2.5701145049393327e-16,1.0000000000000007,-3.3128195762602134e-16,0.9999999999999991,3.0738324830034424e-16
1002.3341612094788,133523783.03224902,54575558.25298992,7.681509602913094e-17,35416.55781954482,-1.447814753546183,0.06561029558935157,1.8749208046485772,-0.008796624400000666,0.12507089249490333,0.008808774404167954,1.0000083021085824,-1.2150917707021038e-05,0.9999998690062266,5.901292953268782e-09,1.0000001310440298,-5.4574283779647114e-09,1.0000000000000024,-6.62614809626415e-16,0.9999999999999938,1.921144682093041e-15,1.0000000000000004,-3.1579892274129226e-16,1.0000000000000004,1.1490451678382605e-16,1.0,-1.5858283545302296e-16
1031.6088599629775,125988387.53225186,51522274.944079675,9.579872193569198e-17,33320.23773214085,-1.4476705035959085,0.06752262984568395,1.8749199279701867,-0.009057109407855691,0.1250704370494509,0.009066223398022048,1.0000096336158792,-9.114813803072598e-06,0.9999998564332064,1.5682521670293175e-08,1.0000001440295745,-1.5292335042625034e-08,0.9999999999999971,3.642231985955483e-15,1.0000000000000024,-2.6022850715653616e-15,1.0000000000000044,7.526069517468305e-15,0.999999999999995,-8.006524313212178e-15,1.0000000000000004,9.76060287833179e-17
1061.738570967155,118924789.2487204,48639820.38261711,2.364563033540174e-18,272512.9937648224,-1.4475178718800201,0.06949014544810542,1.8749191505576317,-0.009325072312850792,0.1250699467120556,0.009331190963886087,1.0000109027155097,-6.118652604156441e-06,0.9999999829397275,4.411668409928392e-09,1.0000000170596317,-4.414645975245695e-09,1.0000000000000013,7.03308862229712e-16,0.999999999999998,-1.1937544404306764e-15,0.9999999999999988,-5.858494230843212e-16,0.9999999999999997,2.711418544069e-16,0.9999999999999992,-2.312891171271942e-16
1092.7482661595527,112294614.63068868,45918636.62151927,2.1533956601255187e-18,240225.26553437716,-1.4473563626563966,0.071514408789362,1.8749184713957698,-0.009600738468340598,0.12506941949054526,0.009603897515207124,1.0000121090856517,-3.1590298102544467e-06,0.9999999831617407,7.457467036274755e-09,1.000000016845643,-7.469120780657342e-09,1.0000000000000049,1.3165089731705247e-14,0.999999999999997,-2.454843760796174e-15,0.9999999999999986,-2.5646050184114674e-15,1.0000000000000024,2.816084793370535e-15,1.0,1.9865315814868972e-16
1124.6636468212553,106063873.58670942,43349700.488333724,2.5058987148005793e-18,212052.79920759116,-1.4471854513626958,0.07359702713084043,1.874917889698867,-0.009884339493069716,0.12506885329821238,0.009884569920243181,1.0000132569865787,-2.3040062417621e-07,0.9999999843004237,9.796263875033413e-09,1.000000015690995,-9.808081012618634e-09,1.0000000000000027,-1.6528517815552853e-15,0.9999999999999961,2.4125201089014315e-15,0.9999999999999981,-9.48454033336378e-17,0.9999999999999989,-4.679633046793221e-16,1.0000000000000004,-5.975213066656196e-17
1157.5111648784818,100202353.04153542,40924493.66293323,3.156107084656034e-18,183900.7283971384,-1.44700458344375,0.0757396498932086,1.8749174049024797,-0.01017611352038867,0.1250682458742857,0.010173441755243946,1.0000143492222284,2.67178831882085e-06,0.999999985790313,1.1278714874286665e-08,1.0000000141813907,-1.1275383835088831e-08,0.9999999999999988,-2.5007535370569745e-15,1.0000000000000027,2.246530121913012e-15,0.9999999999999972,-5.673712150934917e-16,1.0000000000000016,4.706244697658278e-16,0.9999999999999994,-3.0447161937884796e-16
1191.3180448263229,94683089.78532296,38634974.424500786,4.705214877259939e-18,158171.59805902716,-1.446813172368465,0.07794396922133594,1.874917016681666,-0.01047630539197177,0.12506759481721838,0.010470753474650173,1.0000153885124319,5.551928395418405e-06,0.9999999872556691,1.2063170029879787e-08,1.0000000126991853,-1.203222900611793e-08,0.9999999999999981,-4.3425443132667706e-15,1.0000000000000044,7.328659579310088e-15,1.0,-8.454920311328878e-16,0.9999999999999998,8.531803396010926e-16,0.9999999999999996,-3.324344372589167e-16
1226.112306292793,89481921.97697738,36473550.99830772,4.022935717305289e-18,138439.36704844463,-1.4466105978109702,0.08021172082217805,1.8749167249559409,-0.010785166882609054,0.12506689757650735,0.010776752623797087,1.0000163774762427,8.414272913065632e-06,0.9999999885446985,1.2369119020144562e-08,1.000000011409517,-1.2316017361605307e-08,0.9999999999999946,1.2421023636813937e-15,1.000000000000005,-1.2198921621165672e-15,0.9999999999999999,1.1361574557353764e-16,1.0,3.2000224276416483e-16,0.9999999999999998,-5.3229471465709436e-17
1261.922787261901,84577107.15925467,34433056.36798016,4.702121608021475e-18,121679.75671340371,-1.44639620393788,0.08254468492258013,1.8749165298993486,-0.011102956942081223,0.12506615141331515,0.011091694074124294,1.0000173186943737,1.1262883942179147e-05,0.99999998964524,1.235963681721729e-08,1.0000000103077795,-1.2277129289655692e-08,0.9999999999999863,-2.480394357914214e-15,1.0000000000000129,2.804199114447067e-15,1.0000000000000013,-2.42650343266882e-15,1.0,2.0073111569863455e-15,1.0000000000000004,-6.947218503401064e-17
1298.7791679749862,79948994.67592493,32506724.523537233,5.191010565365391e-18,107441.891071587,-1.4461692971868878,0.08494468688165896,1.8749164319479494,-0.011429941916000027,0.1250653534226561,0.011415840226251077,1.0000182146382615,1.4101699017354385e-05,0.9999999906049666,1.2122827811980464e-08,1.0000000093439103,-1.1997260180874873e-08,1.0,4.106671805115695e-16,1.0000000000000009,-3.106716522926409e-16,1.0000000000000004,-2.6648113856034767e-16,1.000000000000001,-7.030251466455205e-16,1.0000000000000009,-1.4989895444236867e-16
1336.7119955301284,75579748.57202987,30688168.016303867,6.05942663892089e-18,95786.98147231627,-1.4459291442056568,0.08741359800880094,1.8749164318077014,-0.011766395793213789,0.12506450051384976,0.011749461248171474,1.0000190676858924,1.6934555812417227e-05,0.9999999914850356,1.1690146796150693e-08,1.0000000084642273,-1.1517798412930565e-08,1.000000000000002,4.2645299574534276e-16,1.0000000000000095,0.0,0.9999999999999883,6.378381946085231e-16,0.9999999999999998,-4.9937463827189095e-16,0.9999999999999996,0.0
1375.7527092000223,71453111.62779057,28971356.786976654,6.7827682157839906e-18,87987.54384045712,-1.4456749695390592,0.08995333623081654,1.87491653045898,-0.012112600448967243,0.12506358941177037,0.01209283530628992,1.0000198801377966,1.9765146634331167e-05,0.999999992278057,1.1142805388293603e-08,1.0000000076724236,-1.0918583960408719e-08,1.0000000000000009,2.4372805223831547e-15,0.9999999999999978,-2.5230246141905136e-15,1.0000000000000007,-3.188873377158973e-16,0.9999999999999983,2.4476043649706056e-16,0.9999999999999997,8.234942584692838e-17
1415.933666489298,67554205.79696234,27350598.15681889,1.1298305853968024e-17,81823.18480958349,-1.445405953475241,0.09256586694882511,1.8749167291734747,-0.012468845916118174,0.12506261661555731,0.012446248830565084,1.0000206542189292,2.259708846557753e-05,0.9999999930561729,1.0444966675317445e-08,1.000000006899361,-1.0168253407262833e-08,0.9999999999999984,0.0,1.000000000000002,-3.5476846291552906e-15,0.9999999999999973,4.923723073885186e-15,0.9999999999999999,-5.635699385023449e-16,0.9999999999999999,-6.914469576253676e-17
1457.288169952887,63869361.57242337,25820517.964924615,7.497528559556107e-18,77250.6680740366,-1.4451212293520044,0.09525320352946633,1.874917029514414,-0.012835430634323276,0.1250615784199221,0.012809996749452263,1.000021392072818,2.5433888670831142e-05,0.9999999938316118,9.610646614762152e-09,1.0000000061315601,-9.28208170337408e-09,1.0000000000000016,-1.2467529974971063e-14,0.9999999999999987,1.1378137201255118e-14,0.9999999999999978,3.978465221641367e-16,1.0000000000000013,-2.230490718966974e-16,1.0000000000000013,1.7514598624691933e-17
1499.8504947976571,60385973.794377655,24376042.7424678,6.656738371464486e-18,74882.47500260253,-1.4448198809402015,0.09801740791278225,1.8749174333425382,-0.013212661721522788,0.12506047090467054,0.013184382752534097,1.0000220957592567,2.827897380991806e-05,0.9999999945326438,8.749305321665451e-09,1.0000000054395433,-8.380226126877268e-09,1.0000000000000056,-3.578001366417709e-15,0.9999999999999921,6.785632399002667e-15,0.9999999999999998,-1.9327469986348417e-15,0.9999999999999999,-1.703115370948728e-16,1.0000000000000009,-1.1991084282493142e-16
1543.6559172901975,57092379.384736024,23012382.883328192,8.86106475524204e-18,79202.49712868608,-1.4445009399016229,0.10086059131943503,1.8749179428372176,-0.013600855267962243,0.12505928989234566,0.013569719579011059,1.0000227672759692,3.113569068314598e-05,0.9999999961314512,7.570495693895642e-09,1.0000000039052102,-7.223080887821905e-09,1.0000000000000022,3.0142514646882517e-16,0.9999999999999978,-3.482987855594271e-16,1.0000000000000004,3.930360601125008e-17,1.0000000000000002,-1.982695678682371e-16,1.0000000000000004,1.8796006241035739e-16
1588.740743994295,53977752.399344705,21725016.770174034,4.284019350344337e-18,87729.9411851213,-1.4441633826176492,0.10378491454402622,1.874918560487946,-0.014000336606378507,0.1250580309789248,0.013966329274961392,1.000023408537763,3.400732981194703e-05,0.9999999969349789,6.073072885434191e-09,1.0000000031023073,-5.774223199131452e-09,0.9999999999999997,-6.395594768715014e-17,1.0000000000000007,0.0,0.9999999999999988,-3.423863245406432e-16,0.9999999999999994,-1.5734530605919147e-16,1.0000000000000009,-1.554447350332561e-16
1635.1423418623358,51032015.46175388,20509675.77981406,6.12311746108096e-18,99679.27851280142,-1.4438061274315181,0.10679258857948201,1.8749192891219795,-0.01441144062773036,0.1250566894800137,0.014374543505131454,1.0000240214011422,3.689712400395885e-05,0.9999999976426702,4.712966456266142e-09,1.000000002392403,-4.470866730038094e-09,1.0000000000000007,9.74499339491257e-16,0.9999999999999973,-2.5335247619324593e-15,1.0000000000000009,9.5620341968957e-16,0.9999999999999999,0.0,1.0000000000000002,2.9431266601786373e-16
1682.8991692055736,48245763.27236308,19362330.117586304,5.1680845710535184e-18,75454.17490964472,-1.4434280312484589,0.10988587480997201,1.8749201318992124,-0.014834512073362303,0.12505526045030713,0.014794703834412707,1.0000246076561423,3.9808239291259044e-05,0.9999999969408627,5.352471748629738e-09,1.0000000030729528,-4.90166776210727e-09,1.0000000000000004,1.6885967252934923e-16,0.9999999999999991,-9.45492048331705e-16,1.0000000000000002,-6.233840705703419e-16,1.0000000000000002,1.0245095759821222e-15,0.9999999999999998,4.222478501006653e-16
1732.0508075689297,45610197.44917636,18279175.47291831,5.701691940958811e-18,77372.00559527098,-1.4430278861868757,0.11306708528954691,1.8749210923202158,-0.015269905853699783,0.12505373867094166,0.015227162039528933,1.0000251690142805,4.274381435884162e-05,0.9999999973713556,4.663016471805752e-09,1.000000002649581,-4.211489561626067e-09,0.9999999999999974,-1.4435562140704055e-15,1.0000000000000042,2.504515782768589e-15,0.9999999999999989,-1.7589113449097334e-15,0.9999999999999996,1.0717581737266629e-16,1.0000000000000007,-1.6717399695287946e-16
1782.637994536747,43117070.449451536,17256620.384253524,5.501985766244675e-18,79806.48694087772,-1.442604416211612,0.11633858299148654,1.8749221742478293,-0.015717987382217566,0.12505211861521107,0.01567228043770242,1.000025707141999,4.5706946867263835e-05,0.9999999977242955,4.080326252950149e-09,1.0000000023021745,-3.6341029612492814e-09,0.9999999999999908,-1.5188520163302948e-15,1.0000000000000075,1.420521724553591e-16,1.000000000000001,0.0,1.0000000000000007,-2.0299444698127372e-16,1.0000000000000002,0.0
1834.7026574966856,40758637.02515975,16291274.344200209,5.88178923712636e-18,82521.21228055037,-1.4421562734568028,0.11970278186613972,1.8749233819190962,-0.016179132912997968,0.12505039443484894,0.016130432217254003,1.000026223651084,4.870069571934408e-05,0.9999999980489097,3.535759154883298e-09,1.0000000019816013,-3.095316864721631e-09,1.0000000000000004,1.956670432625447e-15,0.999999999999999,-1.8157445950785632e-15,1.000000000000001,-8.188487961967333e-16,0.9999999999999991,5.601264250805775e-16,0.9999999999999997,8.686596729130402e-17
1888.2879483897432,38527611.93589376,15379936.544793453,4.683540304664365e-18,85603.66016461482,-1.441682034162099,0.12316214664597878,1.8749247199367416,-0.01665372987729522,0.1250485599775706,0.01660200176589971,1.0000267200905164,5.1728112063867765e-05,0.9999999983111431,3.086530513095221e-09,1.0000000017222472,-2.6554889682013277e-09,0.9999999999999934,4.1730104979658435e-15,1.000000000000006,-4.281920144223177e-15,1.0000000000000024,-1.0983107561541305e-15,0.9999999999999988,1.175513256756234e-15,1.0000000000000004,1.617049542706979e-16
1943.4382794752053,36417133.41683203,14519585.273749294,2.0858472678778406e-17,88892.31417387418,-1.4411801949302863,0.1267191928336028,1.874926193307177,-0.017142177260362105,0.12504660872963344,0.01708738504411286,1.0000271979678876,5.4792216864837015e-05,0.9999999985568051,2.663960180496663e-09,1.0000000014786552,-2.2426824220950603e-09,1.0000000000000027,-5.694353604689851e-15,0.9999999999999944,8.93581234867002e-15,1.0000000000000002,-4.816801044371676e-15,1.0000000000000007,3.897040887004658e-15,1.0000000000000016,1.055900171505356e-16
2000.1993601401632,34420730.78274203,13707367.886468263,6.028838466528169e-18,92461.45046791308,-1.4406491682296583,0.13037648617986905,1.8749278074251305,-0.017644885957409664,0.12504453384319508,0.01758698993291321,1.000027658736235,5.78960250729442e-05,0.9999999987562932,2.3165203984551032e-09,1.0000000012803234,-1.9060486452265413e-09,0.9999999999999994,-3.1926087952973476e-15,1.0000000000000013,1.624646224794385e-15,1.0000000000000013,-8.833036953412244e-16,0.9999999999999998,-3.9567088286744876e-16,1.0,-8.840866713446305e-17
2058.618234784112,32532296.129443772,12940591.349447895,1.1458308506859065e-17,96267.53868966954,-1.440087278212392,0.1341366423228947,1.87492956810745,-0.018162279171799217,0.1250423280879657,0.018101236628297112,1.000028103809188,6.104254094634768e-05,0.9999999989210102,2.027631364557363e-09,1.0000000011159318,-1.6275601434794533e-09,1.0,-3.430774620345159e-16,0.9999999999999996,1.5791970024915162e-16,0.9999999999999992,-2.2496696099692907e-16,0.9999999999999991,-5.4198866153368125e-17,1.0000000000000007,-1.048857474624149e-17
2118.743321810023,30746059.07499127,12216713.306775797,5.731476658462349e-18,100300.70579375378,-1.439492756054804,0.13800232606626614,1.8749314815998646,-0.018694792809818537,0.12503998384509554,0.01863055803010248,1.0000285345594158,6.423477946597727e-05,0.9999999990548057,1.7902420800833608e-09,1.0000000009821817,-1.4021573800835977e-09,0.9999999999999951,4.5605758369261495e-15,1.000000000000005,-4.7305762735715736e-15,1.0000000000000002,6.475714515828982e-17,1.0000000000000004,0.0,1.0000000000000002,8.521279952098668e-17
2180.6244537542157,29056564.28106528,11533333.651516588,1.326229283768135e-17,104482.16026100043,-1.438863735246695,0.14197625054722987,1.874933554599024,-0.019242875896835508,0.1250374930790961,0.019175400153469344,1.0000289523261965,6.747574230482847e-05,0.9999999991897202,1.5549773399856247e-09,1.0000000008469874,-1.177621940343433e-09,0.9999999999999953,1.9383654675893353e-15,1.0000000000000042,-1.7613897715126047e-15,1.0000000000000002,9.233841925681104e-17,0.9999999999999997,3.550207569843638e-16,0.9999999999999997,-7.558989577455383e-17
2244.312918588276,27458651.20014681,10888186.566526793,5.741205951174316e-18,108871.39991720182,-1.4381982463964427,0.1460611760380454,1.8749357942439575,-0.019806990995425478,0.12503484735158465,0.019736222540832845,1.00002935840873,7.076845270724163e-05,0.9999999993013465,1.360140964939887e-09,1.0000000007347494,-9.934251732688465e-10,1.0000000000000064,1.7827304701914352e-15,0.9999999999999942,-2.098803879683358e-15,0.9999999999999949,2.7882961058915604e-16,1.000000000000004,-3.397780754630527e-16,1.0,-4.917851612707397e-16
2309.8615022272666,25947435.87564289,10279133.007130262,2.373815497560844e-17,113462.71633467956,-1.4374942122689305,0.15025990875691467,1.8749382081549608,-0.020387614659392306,0.1250320377702893,0.020313498712572493,1.000029754078891,7.41159457150035e-05,0.9999999993957799,1.1952396245710343e-09,1.000000000639542,-8.392867985241443e-10,1.0000000000000002,1.857707271605578e-15,0.9999999999999994,-1.538702582241221e-15,1.0000000000000009,-1.7668861296144084e-15,0.9999999999999991,1.2269281430618772e-15,1.0000000000000002,3.1204930998184297e-16
2377.324532279452,24518294.354929823,9704153.612545263,2.5498380446416057e-17,118245.02336449311,-1.436749442334822,0.15457529926555766,1.874940804442302,-0.020985237890452958,0.12502905498008388,0.02090771661866496,1.0000301405816974,7.752127066617578e-05,0.9999999994767936,1.05426574222751e-09,1.000000000557563,-7.086013512758729e-10,1.0,2.5208707828043134e-16,1.0000000000000029,-1.6562045582949408e-15,1.0000000000000007,2.542578157284864e-16,1.0,1.9338460187845916e-16,0.9999999999999994,1.0679404854923749e-15
2446.7579230738,23166847.535867203,9161342.005735552,2.4839015691588185e-17,123220.73432421984,-1.4359616271915918,0.15901024063416463,1.8749435917233672,-0.02160036661558568,0.12502588914258286,0.021519379111669314,1.0000305191380634,8.098750319677609e-05,0.9999999995468961,9.32371484919056e-10,1.0000000004864045,-5.967571992108015e-10,1.0000000000000004,1.7127901254835096e-16,0.9999999999999929,1.6135590311330436e-15,1.0000000000000062,-1.9910375923194196e-15,0.9999999999999996,-1.9752905905544418e-16,0.9999999999999993,4.892937947820447e-17
2518.219222002583,21888947.255027357,8648898.469772164,1.1385960681356753e-17,128369.19459592298,-1.4351283327840036,0.1635676663123926,1.8749465791404203,-0.022233522182893272,0.1250225299150772,0.022149004438365004,1.000030890948473,8.451774295011181e-05,0.9999999996085722,8.267757600920279e-10,1.0000000004235774,-5.006518678438455e-10,0.9999999999999997,5.303169444384108e-16,1.0000000000000009,-8.467363703302295e-16,0.9999999999999992,1.3075009859891562e-16,1.0000000000000004,-5.841314925325428e-16,1.0,4.892388524001349e-16
2591.767657217482,20680663.467787184,8165123.9850045405,7.536542064126279e-18,133691.27473220185,-1.434246994427749,0.16825054767786857,1.8749497763791017,-0.022885241876439692,0.12501896642873,0.022797126750418326,1.0000312571960313,8.811512658186332e-05,0.9999999996629763,7.346545288493281e-10,1.0000000003680451,-4.182270172628034e-10,0.9999999999999987,-1.342326138710841e-15,1.000000000000001,1.2241349422659197e-15,0.999999999999998,-6.36329711163639e-16,1.0000000000000022,2.823486073431045e-15,1.0000000000000004,2.707649034562273e-16
2667.4641867187306,19538272.332147658,7708414.588291677,7.877570303456643e-18,139247.7040551294,-1.4333149105650271,0.17306189120341928,1.8749531936785002,-0.023556079448775222,0.1250151872770244,0.023464296632738416,1.0000316190482892,9.178281705420101e-05,0.9999999997052769,6.613920278650205e-10,1.000000000324533,-3.5407822813135775e-10,0.9999999999999998,2.5143416054604363e-15,0.999999999999998,-1.7548023058360374e-15,1.0000000000000013,3.0570539436669303e-16,1.0000000000000002,3.385981747648673e-16,1.0000000000000004,2.4617585892079193e-16
2745.3715488779826,18458245.166937314,7277256.059060767,1.8330677659513233e-17,144931.69014609192,-1.4323292366201201,0.17800473539987588,1.8749568418774023,-0.024246605686149218,0.12501118046057752,0.024151081665462162,1.0000319776658404,9.552401994047347e-05,0.9999999997436989,5.970681844651104e-10,1.0000000002848635,-2.982173228450229e-10,1.0000000000000007,-9.73377448903168e-17,0.9999999999999991,-1.0716559752999751e-16,1.0000000000000004,7.014657478424658e-16,1.0,-9.740183376893951e-17,1.0000000000000002,-5.591788714049116e-16
2825.5543144367753,17437238.090031542,6870218.895582966,1.2574207949492954e-17,150779.32579292275,-1.4312869782389797,0.1830821471320422,1.8749607324079407,-0.02495740897908435,0.1250069333960086,0.024858066989979357,1.0000323341997994,9.934198880835392e-05,0.9999999997796112,5.367143322304465e-10,1.0000000002477738,-2.4637432889948996e-10,0.9999999999999974,2.9350650449966547e-15,1.0000000000000029,-3.1414914961225008e-15,0.9999999999999998,-1.0118310519777267e-16,1.0000000000000004,-4.909348207760332e-17,1.0000000000000002,1.0634584735444433e-16
2908.0789400236886,16472082.334616784,6485953.573188981,2.4198616787079794e-17,156666.47570040214,-1.4301849846445691,0.18829721765298252,1.8749648773247547,-0.025689095928281946,0.12500243288141552,0.025585855911406056,1.0000326897975682,0.00010324001565229463,0.9999999998134558,4.813952615530686e-10,1.0000000002127536,-1.9909513976087116e-10,1.0000000000000007,1.0643658399328525e-16,1.0,-1.0815625502825509e-16,0.9999999999999997,7.675927125094925e-16,1.0000000000000002,-8.428196932384229e-16,0.9999999999999999,-4.705928544251897e-16
2993.013823234553,15559775.152352665,6123186.071630015,2.585918317085932e-17,162688.6498898051,-1.4290199416847003,0.19365305810326827,1.8749692893161958,-0.026442291970641064,0.1249976650832051,0.02633507052074511,1.000033045604313,0.00010722144865826761,0.999999999840345,4.369491499861418e-10,1.0000000001847147,-1.625794937955884e-10,1.0,-4.2392901423912255e-17,0.9999999999999999,1.53469376079513e-16,1.0000000000000004,-1.1426704520730554e-16,1.0000000000000002,1.1263475397069584e-16,1.0000000000000007,3.3814200059794887e-16
3080.429359321362,14697471.243395112,5780713.648512313,3.9101824553982704e-17,168548.60198590762,-1.4277883649470233,0.19915279462601923,1.874973981743466,-0.027217642039733994,0.12499261549049498,0.02710635235218433,1.00003340276972,0.00011128968678198114,0.9999999998634289,4.018525541489696e-10,1.0000000001605052,-1.3523159799944787e-10,0.9999999999999987,3.084718615548852e-15,1.0000000000000024,-2.670264718700991e-15,1.0000000000000009,-7.414307216953116e-17,0.9999999999999993,3.475721939126984e-16,1.0,2.4730238834327613e-17
3170.397999536867,13882474.671774587,5457400.853267632,4.623932626347041e-17,174406.1612896984,-1.4264865925971009,0.20479956287481627,1.87497896866139,-0.028015811248401443,0.12498726889131555,0.027900363062052465,1.0000337624509166,0.00011544818656579186,0.9999999998853404,3.6614079350567084e-10,1.000000000137531,-1.070802035201139e-10,0.9999999999999997,3.9203916131943174e-15,0.9999999999999978,-8.792922256554662e-15,0.9999999999999976,2.317321848973196e-15,1.0000000000000007,-2.7735032364377623e-16,0.9999999999999994,-2.2950430948464703e-16
3262.9943111832176,13112231.201578619,5152175.7570013,2.9944879149743316e-17,179990.87005517754,-1.4251107778908079,0.21059650185689538,1.874984264810346,-0.028837485594943004,0.12498160938116906,0.028717785131167236,1.0000341258120986,0.00011970046400920595,0.9999999999041131,3.3671407352294e-10,1.000000000117709,-8.48788326067752e-11,0.9999999999999998,1.094540809970251e-15,0.999999999999998,-8.851308420754064e-16,1.000000000000002,9.60776992456633e-17,1.0000000000000002,-1.2209329583382926e-16,1.0000000000000004,5.81991381223372e-16
3358.2950394144136,12384321.079296144,4864026.4037393555,3.5146947540883915e-17,185434.4140166966,-1.4236568820250142,0.21654674739418053,1.8749898856637703,-0.029683372715562695,0.12497562030786676,0.029559322614219338,1.0000344940319548,0.0001240501005580689,0.9999999999195649,3.109104166659566e-10,1.0000000001012428,-6.598865761741104e-11,1.0,2.9295944691879103e-16,0.9999999999999982,-3.63193047024703e-15,1.0000000000000024,3.0248140750538413e-15,0.9999999999999991,-1.4159088463024174e-15,0.9999999999999987,0.0
3456.3791708437916,11696452.162872547,4591997.451459701,2.7347663095279282e-17,188933.313551672,-1.4221206666400548,0.22265342480529507,1.8749958474373856,-0.03055420266026198,0.12496928426016518,0.030425701912162265,1.0000348683060267,0.00012850074757298697,0.9999999999350514,2.907213975349855e-10,1.0000000000847864,-5.264025384006665e-11,0.999999999999999,-2.501243743939572e-15,1.0000000000000022,2.5598340221106235e-15,1.0000000000000002,8.752318598991396e-17,1.0000000000000002,-4.167015030586089e-16,0.9999999999999993,1.8228840118549257e-16
3557.3279990092647,11046453.417012868,4335187.005571481,8.282650107835097e-17,190919.86876553856,-1.4204976863603562,0.22891964095397077,1.8750021671062087,-0.03145072870689926,0.12496258304708564,0.031317672582875,1.0000352498502494,0.0001330561243093602,0.9999999999487015,2.729958005798954e-10,1.0000000000702125,-4.160928826297925e-11,0.9999999999999994,-8.398946029368109e-17,0.9999999999999994,0.0,0.9999999999999996,6.613018053462338e-16,0.9999999999999998,-2.1214393382159313e-16,1.0,3.996031591103072e-16
3661.2251917505764,10432268.730976202,4092743.626950999,3.396409229164177e-17,192757.55077592566,-1.4187832813385484,0.2353484755951906,1.8750088624200658,-0.032373728213376606,0.12495549767868962,0.03223600819004671,1.0000356399048005,0.0001377200222476829,0.9999999999596332,2.5567072472532287e-10,1.0000000000583853,-3.0603083568201826e-11,1.0000000000000004,1.7016294896242871e-15,1.0000000000000007,-5.41248540861512e-15,0.9999999999999987,3.803398506259849e-15,1.0000000000000007,-2.561226386871346e-16,1.0000000000000002,2.285311646267085e-16
3768.156860554408,9851951.053226933,3863863.510489672,2.5152899633349593e-17,193631.10478758713,-1.4169725697707989,0.24194297194337222,1.8750159519068683,-0.03332400350797576,0.12494800835986869,0.03318150719004043,1.000036039736768,0.00014249631854109846,0.9999999999681399,2.4136426145271164e-10,1.0000000000490472,-2.2700436623332516e-11,1.0000000000000002,-4.426389213113687e-15,0.9999999999999997,3.657357818650599e-16,0.9999999999999996,3.973690836229969e-15,1.0000000000000002,3.7795492514657495e-16,1.0000000000000007,-1.1722157479268849e-16
3878.2116319248166,9303656.815728007,3647787.820047165,4.5810883626050434e-17,189895.1152945495,-1.4150604407806142,0.24870612660406644,1.8750234549124873,-0.03430238282984553,0.12494009444379238,0.034154993869359634,1.0000364506472244,0.00014738896053675203,0.9999999999767318,2.303530935810499e-10,1.0000000000396403,-1.7733164313069445e-11,1.000000000000001,9.963830997934222e-16,0.9999999999999991,-1.968473026863168e-15,0.9999999999999999,8.577615563124501e-16,0.9999999999999999,0.0,0.9999999999999994,1.3442997092279248e-16
3991.4807208381553,8785640.621754797,3443800.169538132,8.26218803252636e-17,186142.42237426076,-1.4130415469456281,0.25564087845330397,1.8750313915685388,-0.035309721301782206,0.12493173446381091,0.035157319313836935,1.0000368739711527,0.00015240198681723644,0.9999999999833769,2.2010915301070405e-10,1.0000000000322202,-1.3331080893419828e-11,1.0000000000000009,1.3747384652208544e-15,0.9999999999999982,-2.3891575396913507e-15,1.0000000000000013,1.6237617348788168e-15,1.0,-3.5295045325262957e-16,1.0000000000000002,2.5651444736282985e-16
4108.058006343357,8296250.216583681,3251224.251969159,8.900952912253332e-17,179523.02839340313,-1.4109102975078116,0.26275009691742546,1.8750397828247396,-0.03634690196443362,0.124922906094232,0.03618936243967171,1.000037311084509,0.00015753952453272758,0.9999999999892831,2.1224240773495254e-10,1.0000000000255864,-1.1298947000687408e-11,1.0000000000000002,9.268624779211854e-16,0.9999999999999997,-4.514938081408673e-16,0.9999999999999998,-1.4874064325829995e-16,0.9999999999999994,-1.892077451035347e-16,0.9999999999999993,-2.883495067170761e-16
4228.04010937024,7833921.682409359,3069421.593253839,7.360495496644415e-17,177397.10032068973,-1.4086608515541386,0.27003656924653857,1.8750486504373343,-0.03741483685466402,0.12491358615860636,0.03725203106856245,1.0000377634075446,0.00016280578525210314,0.999999999992563,2.0168977265003386e-10,1.000000000021617,-6.32768820695037e-12,1.0000000000000002,1.9148791911176696e-16,0.9999999999999981,2.461360801028635e-15,1.000000000000001,-1.4925290751405478e-15,0.9999999999999988,-2.304051876772586e-16,0.9999999999999997,-4.491617835624711e-16
4351.526472810322,7397174.886699456,2897789.4385146564,5.601753328626615e-17,168178.15604495935,-1.4062871115846107,0.2775029869189427,1.8750580169611293,-0.0385144681401399,0.12490375063330739,0.03834626305885173,1.0000382324090038,0.00016820508138943306,0.9999999999969212,1.9562397792434552e-10,1.0000000000166058,-5.791745356779667e-12,0.9999999999999951,1.3217704475993236e-15,1.0000000000000044,1.4978519199752634e-15,1.0,1.8712399157582034e-15,0.999999999999999,-8.437472172792206e-17,1.0000000000000009,-4.708468462253001e-16
4478.619443936518,6984609.1386647085,2735758.7508221427,7.555405450027138e-17,160793.2071110036,-1.4037827174717705,0.285151931131526,1.8750679057351394,-0.03964676931286941,0.1248933746573744,0.03947302749591847,1.000038719610926,0.00017374181706573066,0.9999999999992301,1.8813060354818895e-10,1.0000000000136697,-3.628513912339276e-12,1.000000000000001,7.602917941316437e-16,0.9999999999999994,-7.724448726359791e-16,0.9999999999999996,8.058382536517083e-16,1.0000000000000009,-9.800750309670252e-16,0.9999999999999997,8.507669590426984e-17
4609.424359230034,6594899.072330966,2582792.327222387,3.3640788961567265e-17,151647.3752938731,-1.4011410408180751,0.29298585731033516,1.8750783408495224,-0.04081274644322582,0.12488243256144888,0.04063332594269488,1.0000392265924507,0.00017942050032105977,1.0000000000018028,1.827898948042862e-10,1.0000000000105105,-3.463097334707175e-12,0.9999999999999971,3.233871660364741e-16,1.0000000000000027,3.837633481274921e-15,1.000000000000001,-2.5263121797895704e-15,0.999999999999998,5.879137292039948e-16,1.000000000000001,1.277451645339358e-16
4744.049631684752,6226790.721351001,2438383.0158303287,3.977626429577792e-17,146045.89878867235,-1.3983551800732954,0.3010070787813917,1.8750893471341044,-0.042013439505403496,0.12487089787314991,0.04182819376205649,1.0000397549961746,0.00018524574279598393,1.0000000000028966,1.7588488170359493e-10,1.000000000008853,-1.6027526409708465e-12,1.000000000000001,-5.628318977719207e-15,0.9999999999999991,3.020758252813006e-15,0.9999999999999988,9.899608597994781e-17,1.0,-5.870990418834701e-16,1.0000000000000002,2.845361954504008e-16
4882.606840661482,5879097.795388162,2302052.0360441185,8.295815554672467e-17,136981.42063976152,-1.3954179560851507,0.3092177493771378,1.87510095010545,-0.04324992376939915,0.12485874336563049,0.043058701505304,1.0000403065323389,0.00019122226353967113,1.0000000000045024,1.7158558403356113e-10,1.0000000000067237,-2.239564928512302e-12,0.9999999999999972,1.6237337503896265e-15,1.0000000000000016,-3.9423218141390705e-15,1.0000000000000002,2.3514759796304956e-15,1.0,4.6162842489240665e-17,0.9999999999999999,5.800386805323414e-17
5025.210824366537,5550698.133490605,2173347.38986689,5.437831146465897e-17,131072.92846241596,-1.3923219084566654,0.31761984511904,1.8751131759114383,-0.0445233112699761,0.12484594110779404,0.044325956377890975,1.000040882984179,0.00019735489152431114,1.000000000005198,1.6528560950407034e-10,1.0000000000055358,-7.527153892732821e-13,0.9999999999999998,4.064793593261924e-17,1.0000000000000007,5.163324502185629e-17,1.0,7.215715651192051e-17,0.9999999999999997,4.6136980492457e-16,0.9999999999999999,8.754920761153249e-17
5171.97977503129,5240530.340163407,2051842.364752784,8.853036996265574e-17,124790.89732838422,-1.3890592926729894,0.3262151449194938,1.8751260512509698,-0.04583475235612334,0.1248324625395673,0.045631103785389565,1.0000414862128493,0.00020364857091584516,1.000000000005772,1.605538996586981e-10,1.000000000004494,-7.473719937380725e-13,0.9999999999999996,-5.232235501505163e-16,1.0000000000000009,3.6464612391062014e-16,0.9999999999999993,-3.2435800468125575e-17,1.0,2.0383064133291636e-16,0.9999999999999994,2.1375834134093138e-16
5323.035336871595,4947590.584581613,1937134.1183983802,3.870406764981901e-17,116999.03031916021,-1.38562207843826,0.3350052105055424,1.8751396033184915,-0.04718543733288793,0.1248182785202644,0.04697532897213769,1.0000421181646375,0.00021010835998570555,1.0000000000064477,1.5568178985952882e-10,1.0000000000033658,-4.139797925916157e-13,0.9999999999999987,2.2748811887841442e-15,1.0000000000000029,-3.1185306418750605e-15,1.0000000000000002,2.3630992904804082e-15,0.9999999999999998,-1.710538786465684e-15,1.0000000000000007,-2.885677227211079e-16
5478.50270690826,4670929.560363463,1828842.3430775418,1.7610572904520824e-16,4560496.505203919,-1.3820019485911317,0.34399136518557627,1.875153859656805,-0.04857659818663427,0.12480335947177307,0.04835985874295493,1.0000427808714185,0.0002167394430845594,1.0000000000000124,3.294769513659497e-14,0.9999999999999839,-8.004395415538264e-15,1.0000000000000002,-4.292837488803424e-15,1.0,1.68550513746389e-15,0.9999999999999987,3.644328748486644e-15,1.0000000000000002,-1.9590218447830957e-15,0.9999999999999994,4.718186712429378e-16
5638.510738732138,4409649.601355058,1726608.005863915,9.072631895319105e-19,4678205.766786583,-1.3781902995850572,0.3531746719831519,1.8751688480499633,-0.05000951041862517,0.12478767547843095,0.04978596329331128,1.0000434764716075,0.00022354712551503293,1.0000000000010016,3.7311217305223855e-12,0.9999999999989994,-3.736470907007862e-12,0.9999999999999958,-1.2087825015626552e-15,1.0000000000000029,1.963001642304111e-15,1.0000000000000016,-1.6582709188269239e-15,0.9999999999999998,1.7413422649017434e-15,1.0,1.8493099499911122e-16
5803.192049299834,4162901.938234779,1630092.1575933313,1.7898756630054934e-16,3478748.9361667195,-1.374178243191679,0.3625559109488506,1.8751845963844,-0.05148549498416529,0.12477119641895737,0.051254958145183806,1.000044207196632,0.00023053683939601834,1.0000000000000069,-6.563705198104763e-15,0.9999999999999906,-5.045946332223633e-15,1.0000000000000022,7.794245025580598e-17,0.9999999999999976,-5.579444965806334e-16,1.0000000000000004,1.7734456388126345e-16,1.0000000000000004,-1.1434573644033052e-16,1.0,1.5115120510810955e-16
5972.68312884855,3929884.096220076,1538974.809356492,1.7625382168698704e-16,3847527.472745523,-1.3699566093921476,0.3721355556248199,1.8752011324499551,-0.053005920342544866,0.12475389215940871,0.05276820619348342,1.0000449753906369,0.00023771414948729457,1.000000000000011,-5.388298008757177e-15,0.9999999999999881,-6.413447140393022e-15,1.0000000000000002,-2.6268313132341434e-16,0.9999999999999994,4.1506587477875633e-16,0.9999999999999994,-7.776486931144051e-17,0.9999999999999997,-2.4345080070891256e-16,0.9999999999999996,1.355563865139604e-16
6147.124454021146,3709837.428143419,1452953.8730277661,1.7710310615971991e-16,3631355.8697313205,-1.3655159508326804,0.3819137489018396,1.8752184837185275,-0.05457220463253467,0.12473573276758265,0.05432711987787845,1.000045783513884,0.0002450847553138487,1.000000000000009,-1.1943308723505045e-14,0.9999999999999898,-5.654252304191861e-15,0.9999999999999989,-3.1540277513301906e-16,1.0000000000000027,5.738550522795913e-15,0.9999999999999996,-1.1156619013705781e-15,0.9999999999999997,0.0,0.9999999999999999,4.15437095819976e-16
6326.660604295211,3502044.7664307808,1371744.1583130376,7.413643311439941e-17,4288300.066135982,-1.3608465490985608,0.3918902784492086,1.8752366771202653,-0.05618581798242195,0.12471668872853005,0.05593316348964538,1.0000466341511964,0.00025265449277466276,1.0000000000022224,-4.779658548936915e-13,0.9999999999977772,4.798654864675279e-13,1.0000000000000013,7.052569218029484e-16,0.9999999999999979,-1.7485351168826618e-15,1.0000000000000013,-7.119251613740586e-16,0.9999999999999998,1.29302245953507e-15,0.9999999999999992,0.0
6511.440381812603,3305828.2015420627,1295076.4283381891,1.4515642517628308e-16,3496514.393148571,-1.3559384222454938,0.4020645514456195,1.8752557387038797,-0.0578482849558862,0.12469673127786352,0.05758785561376141,1.0000475300182485,0.0002604293421224921,1.0000000000008156,7.779086217372533e-13,0.9999999999991833,-7.763846037289257e-13,0.9999999999999986,4.033172676272774e-16,1.0000000000000022,3.8380521292770867e-17,0.999999999999999,7.311014354136716e-17,1.0000000000000009,-7.822605160166106e-16,0.9999999999999993,7.719646119820285e-16
6701.61693470881,3120546.9722303064,1222696.5070665947,1.0499850490216928e-16,3446002.8128690156,-1.3507813347703888,0.41243556938624387,1.875275693353521,-0.05956118715965004,0.1246758326749083,0.05929277173321349,1.0000484739715783,0.0002684154264353828,1.0000000000013707,-2.3241406718730834e-13,0.9999999999986278,2.340604727188765e-13,1.0000000000000007,-8.059725105284072e-16,0.9999999999999996,1.9631799158920547e-15,1.000000000000001,-1.0250647061797467e-15,0.9999999999999989,-2.156296477698676e-16,0.9999999999999999,0.0
6897.347884044321,2945595.4664641144,1154364.4373555826,1.228211186566929e-16,2634668.647582974,-1.345364808790407,0.42300190232497115,1.8752965643385908,-0.06132616600570089,0.12465396664584681,0.06104954698736955,1.0000494690155677,0.0002766190188203508,1.0000000000013325,-3.195214857091585e-13,0.9999999999986668,3.0934202996064513e-13,1.0,1.0921013958811497e-16,0.9999999999999996,-2.409439932698372e-16,0.9999999999999986,-8.818427284979688e-17,1.0000000000000002,9.43786565762743e-16,0.9999999999999988,1.071087251473897e-16
7098.7954544432305,2780401.3223157455,1089853.684655702,1.7670042713702739e-16,2692646.0158105046,-1.3396781376258673,0.4337616633880553,1.8753183728744893,-0.06314492565592457,0.12463110881331949,0.06285987911329544,1.000050518312194,0.00028504654237575646,1.0000000000000053,1.0753777576400416e-14,0.999999999999994,-3.4438551762534132e-15,1.0000000000000009,5.947860689123612e-16,0.9999999999999988,-5.641364444867925e-16,1.000000000000002,1.099332164118622e-15,0.9999999999999973,-1.881152534037383e-15,1.0000000000000007,-2.1708349301411469e-16
7306.126608547335,2624423.63250741,1028950.3871627303,1.9119805496293753e-16,2651934.7781692757,-1.3337104013312526,0.44471248343874176,1.8753411376022957,-0.06501923615618398,0.12460723720699103,0.06472553157601763,1.0000516251907006,0.00029370458068196745,1.0000000000002924,-9.352993477946275e-13,0.9999999999997075,9.259459842305438e-13,1.0000000000000016,-7.389895058780947e-16,0.9999999999999996,1.2270382651319646e-15,0.999999999999999,7.258607093509312e-16,0.9999999999999998,6.680569971500579e-16,1.0000000000000004,-7.799553400464211e-16
7519.5131853971725,2477151.2395542674,971452.6466861963,2.1912946200920476e-16,2177544.5815902473,-1.327450484154248,0.4558514860373896,1.8753648739664426,-0.06695093677278001,0.1245823328761547,0.06664833690138024,1.0000527931574112,0.00030259987073304184,0.9999999999997501,2.8860346542007684e-13,1.0000000000002471,-2.7348009172051647e-13,0.9999999999999991,6.969728401644573e-16,1.0000000000000004,-3.140644522292361e-16,1.0000000000000009,2.7982779187272587e-16,0.9999999999999982,-1.082689794078539e-15,0.9999999999999992,4.1833682770123495e-16
7739.132042854688,2338101.120922894,917169.8594521522,2.170028048421159e-16,2186508.7513622995,-1.320887094011077,0.46717526293795497,1.8753895934902718,-0.06894193954828613,0.12455638060405191,0.06863020022819098,1.0000540259056758,0.0003117393195459,1.000000000000005,8.041946587045995e-13,0.9999999999999952,-7.919862274383504e-13,0.9999999999999954,5.876779830714922e-16,1.0000000000000013,1.625182956414576e-16,1.0000000000000007,3.8335100878064845e-17,1.0,2.4395574314777234e-16,0.9999999999999996,-9.260509505057228e-17
7965.165204185572,2206816.859488811,865922.084501477,1.9965752251870439e-16,2262576.7392476182,-1.3140087844377106,0.4786798506690762,1.8754153030226768,-0.0709942330997543,0.1245293696489932,0.07067310310284904,1.000055327328324,0.00032112999690323045,0.9999999999997534,-2.2080744555183016e-13,1.0000000000002456,2.2216455162909186e-13,1.000000000000003,-1.4774769387526226e-15,0.9999999999999963,2.145851232548157e-15,1.000000000000001,-1.1836171727953574e-15,1.0000000000000007,0.0,1.0000000000000004,-5.4576889475813814e-17
8197.800008922763,2082867.1954810808,817539.44773,2.0130073772295044e-16,1915404.8528950654,-1.3068039779735159,0.4903607077210532,1.8754420037603177,-0.07310988666441079,0.12450129471146254,0.07277910752109912,1.0000567015282114,0.000330779143309471,1.0000000000002345,7.490348395494159e-13,0.9999999999997645,-7.48068670410934e-13,0.9999999999999993,2.6855137542046493e-16,0.9999999999999997,-8.471409545688664e-16,1.0000000000000007,-5.964853359476758e-16,0.999999999999999,-2.1928135613283243e-16,1.0000000000000002,-2.0171331335630319e-16
8437.229268136134,1965844.6530193908,771861.5784690344,1.5970535994884997e-16,2079681.505011168,-1.2992609919245126,0.5022126932642026,1.875469690211319,-0.07529105442551849,0.12447215695757947,0.07495036025040278,1.0000581528310961,0.0003406941754119122,1.0000000000000817,-8.890011050948367e-14,0.9999999999999182,8.529572772034516e-14,0.9999999999999988,-1.6784091405110313e-15,1.000000000000001,1.1604891025907204e-15,1.0000000000000004,-3.0805138568550927e-16,0.9999999999999993,4.260937823953638e-16,1.0000000000000009,-4.1010211163356805e-16
8683.651424237094,1855364.2422197876,728737.078618527,1.6295054564073688e-16,1725139.0119219925,-1.2913680658731224,0.5142300472537396,1.8754983489864154,-0.07753998013279355,0.12444196521476776,0.07718909744642025,1.0000596857988082,0.00035088268637089106,1.00000000000048,-4.194067737323218e-14,0.9999999999995183,4.325204009255858e-14,0.9999999999999992,-6.712397316655678e-16,1.0000000000000013,2.076219742179603e-15,0.999999999999999,-3.724096407588233e-16,1.000000000000002,0.0,0.9999999999999994,-1.4096654129642987e-16
8937.270715450499,1751062.2281599087,688023.0205862051,1.7834175998023976e-16,1688248.2231969472,-1.2831133909240862,0.5264063722258323,1.875527957418878,-0.0798590020414567,0.12441073733796333,0.07949764958850646,1.000061305243178,0.0003613524526357729,1.0000000000000018,7.308010183019836e-15,0.9999999999999969,-1.7449340247571987e-15,0.9999999999999983,1.4057373266948678e-15,0.9999999999999998,0.0,1.0000000000000022,-7.650595336956096e-16,0.9999999999999991,4.835994955891758e-16,0.9999999999999998,-5.667472259292434e-17
9198.29734509023,1652594.967337874,649584.4739846868,1.3760972082120527e-16,1937380.9438219573,-1.2744851405764948,0.5387346170389928,1.875558482001017,-0.08225055819549218,0.12437850175820851,0.08187844675914988,1.00006301624079,0.00037211143618009844,1.0000000000003082,-4.995487697460183e-14,0.9999999999996904,5.3152754287440545e-14,1.0,2.1471784999245003e-15,1.0000000000000004,-2.0874251742131303e-15,0.9999999999999999,-3.5157724493180863e-16,0.9999999999999999,4.3308536132777005e-16,0.9999999999999993,-4.2642846540891906e-16
9466.94765577873,1559637.8056706365,613294.0584763772,1.8948322670137032e-16,1485284.5800507923,-1.2654715028046297,0.551207062583979,1.8755898765681402,-0.08471719207896829,0.12434529928340875,0.08433402429161746,1.0000648241484733,0.0003831677873513169,1.0000000000000588,4.193087292195891e-13,0.9999999999999404,-4.1830883726883316e-13,0.9999999999999999,-1.006297033483738e-15,1.0000000000000002,7.694007434914182e-16,1.0000000000000009,1.3248093706055533e-16,0.9999999999999994,-2.0088691854618544e-16,1.0000000000000007,-2.905504892735213e-17
9743.444308754864,1471884.0359373419,579031.5217113399,2.3992209735880655e-16,1189863.1351514973,-1.2560607134976465,0.5638153099392219,1.875622080276368,-0.08726155866766101,0.12431118510364057,0.0868670288179812,1.0000667346200072,0.00039452984985224556,0.9999999999997816,1.0389519625995038e-13,1.0000000000002178,-1.048200836712979e-13,1.0000000000000013,-6.539753681627405e-16,0.9999999999999983,-1.22099305956916e-15,1.0,1.6752915691462247e-15,0.9999999999999998,-8.392203767928269e-17,0.9999999999999997,6.107040853149968e-17
10028.016468418768,1389043.9121631787,546683.3411463078,2.0321230940089828e-16,1168994.75581082,-1.2462410904539354,0.576550270686093,1.875655015232501,-0.08988643090689974,0.1242762311442078,0.08948022474316299,1.0000687536232773,0.0004062061639988744,1.000000000000028,-1.9861194019160828e-13,0.9999999999999708,1.9667105050925256e-13,0.9999999999999984,-2.6824316870844282e-16,1.0000000000000009,4.813241955475571e-16,0.9999999999999991,-2.3749832291824776e-16,1.0000000000000009,-1.9830892918183716e-16,0.9999999999999996,-1.5880410039287323e-16
10320.899992266588,1310843.7160650988,516142.347652749,1.7617659904037219e-16,1315964.1094874912,-1.2360010684758649,0.5894021601964645,1.8756885839123447,-0.09259470665418962,0.12424052862784349,0.0921765011843189,1.000070887459827,0.0004182054695076214,1.000000000000012,2.480836875435314e-13,0.999999999999987,-2.4327162702477114e-13,0.9999999999999986,1.475024674828973e-15,1.0000000000000004,-6.9652763731495e-16,0.9999999999999991,3.315423896007338e-16,1.0000000000000004,1.1571929493448615e-16,1.0,-2.4510691403283436e-16
10622.337626372571,1237024.875341807,487307.3706316076,2.0713543586860952e-16,1042281.7314020823,-1.225329234188834,0.6023604930922769,1.8757226661070927,-0.09538941611369595,0.12420419110898906,0.09495887940174301,1.000073142783911,0.00043053671213796516,0.9999999999999818,-1.2185829563896462e-13,1.000000000000017,1.2113177974208123e-13,0.9999999999999993,1.809873116141142e-15,1.0000000000000004,-1.6945968163908292e-15,1.0000000000000007,-7.905033395225306e-17,1.0000000000000002,-4.517431790180426e-16,0.9999999999999984,6.596037975223271e-17
10932.579206580493,1167343.1299359002,460082.9029777045,1.9691028574211289e-16,1025126.8460878952,-1.2142143610271035,0.615414081561718,1.875757115512464,-0.09827372980581535,0.12416735786335628,0.09783052076503698,1.0000755266241705,0.0004432090408724921,1.000000000000044,1.1824274379525598e-13,0.9999999999999547,-1.1813354342710757e-13,1.0000000000000004,-1.7424552894173696e-15,0.9999999999999986,1.955779675090484e-15,1.0000000000000004,6.884830313598237e-17,0.9999999999999993,-1.2322638266719196e-15,0.9999999999999999,6.509392900438121e-16
11251.8818655712,1101567.7427806084,434378.7843763105,1.902462326451142e-16,989657.0943989672,-1.2026454437071692,0.6285510362445074,1.8757917558405952,-0.10125096710760957,0.12413019775357541,0.10079473529066285,1.000078046405829,0.00045623181684644425,1.000000000000054,1.3065249876743779e-13,0.9999999999999448,-1.2873985616739552e-13,1.0000000000000004,4.020140351094855e-16,0.999999999999998,3.1447570490152493e-16,1.0000000000000004,-2.3112253188600824e-16,0.9999999999999992,2.523281725402913e-16,0.9999999999999999,2.8210700089707533e-16
11580.510245977872,1039480.7548237286,410109.902732319,1.674899494799175e-16,1069343.804355604,-1.190611731820141,0.6417587696070987,1.8758263763921736,-0.10432460540696267,0.1240929136331918,0.1038549907930763,1.0000807099746347,0.0004696146136810493,1.0000000000000417,4.3472157393706594e-14,0.9999999999999586,-4.0781992587866636e-14,1.0,-6.028814917892419e-16,1.0000000000000018,2.7573307765706337e-16,1.0000000000000002,-2.266177853307917e-16,0.9999999999999992,4.802608089364896e-16,1.0000000000000002,2.558865293824813e-16
11918.736719725637,980876.2807242866,387195.9122120621,1.8868844966750358e-16,903853.629503776,-1.1781027623536104,0.6550240018481678,1.8758607270623286,-0.10749828991479453,0.12405574731503044,0.10701492269425156,1.000083525622642,0.0004833672205420762,1.0000000000000537,-5.379377962434753e-14,0.9999999999999457,5.4332204492904024e-14,1.0000000000000004,1.3394195330286346e-16,0.9999999999999977,1.3258884538632365e-15,1.0000000000000004,-7.192460267896953e-16,1.0000000000000009,1.1159660102184772e-15,1.0000000000000002,-7.558834335432612e-17
12266.841613777342,925559.8426068794,365560.9667702313,1.582044584525537e-16,976330.0343190309,-1.1651083904906372,0.6683327688588109,1.8758945126346056,-0.1107758441790552,0.12401898525021417,0.1102783445356199,1.0000865021151706,0.0004974996435409108,1.000000000000099,-1.1475155975402421e-14,0.9999999999998993,1.1170659034907096e-14,0.9999999999999998,4.3520641906748533e-16,1.0000000000000007,-2.9995131263834296e-15,0.9999999999999998,8.226233232304264e-16,0.9999999999999996,-1.8846525336055761e-16,0.9999999999999991,0.0
12625.113442472564,873347.7420166341,345133.46914578765,2.056738811027163e-16,744185.1535965836,-1.1516188184811753,0.6816704321030488,1.8759273863046786,-0.11416128135085878,0.12398296497544986,0.11364925924182165,1.000089648719886,0.0005120221089272339,0.9999999999999996,1.1442411296518558e-15,0.9999999999999992,6.48985702915085e-16,0.9999999999999988,6.024454125425456e-16,1.000000000000001,-2.6435545798308205e-16,0.9999999999999996,-6.011754329994566e-16,1.0,1.1637593479871726e-16,0.9999999999999997,-9.730051147405433e-17
12993.849146652448,824066.4647972052,325845.83318179246,1.7873109889991966e-16,804305.3933257265,-1.1376246223864044,0.6950216902215128,1.8759589423652314,-0.11765881625093456,0.12394808239721741,0.11713187118616224,1.000092975237553,0.0005269450646578209,0.9999999999999968,4.5455399343282123e-14,1.0000000000000029,-4.3549498072876337e-14,0.9999999999999994,-4.684519926511936e-16,1.0,7.67532399375676e-16,0.9999999999999999,0.0,1.000000000000001,-1.7938751670037412e-16,1.0000000000000002,0.0
13373.354339768535,777552.120221934,307634.2599337789,1.898160093875828e-16,725692.4008595265,-1.1231167760594118,0.7083705915925512,1.875988707846166,-0.12127287828813259,0.12391480011881481,0.12073059910794837,1.0000964920350186,0.0005422791803008335,0.9999999999999877,-4.4732257379482965e-14,1.0000000000000107,4.4856810547090686e-14,1.0000000000000009,1.338096414328729e-15,0.9999999999999987,-8.439826289144165e-16,0.9999999999999999,6.246352488504983e-16,1.000000000000001,1.280652316038494e-15,0.9999999999999997,-2.5617910449453384e-16
13763.943561179594,733649.9104534356,290438.5259846069,2.0205320785054145e-16,634735.0175406856,-1.1080866726714405,0.7217005479842278,1.876016133123472,-0.12500812528225053,0.12388365679609617,0.12445008993528603,1.0001002100804337,0.0005580353468424004,1.0000000000000002,2.5836709846096648e-15,0.9999999999999998,-1.018380115695909e-15,0.999999999999999,-7.357652912654781e-16,1.0000000000000007,1.0282618256122554e-15,1.000000000000001,-1.1002132307513667e-15,1.0000000000000002,-7.189827261783953e-16,1.0000000000000004,1.6725609352800785e-16
14165.940536846354,692213.6302104872,274201.7838696019,1.9865224322782844e-16,608883.6949628147,-1.0925261428133268,0.734994347904322,1.876040581134995,-0.12886945824306317,0.12385527788468623,0.128295233564191,1.0001041409803295,0.0005742246788097583,1.0000000000000024,4.178221224228152e-14,0.9999999999999966,-4.077841214962894e-14,1.0000000000000002,-4.3465858437776215e-16,1.0000000000000004,7.42277626771215e-16,0.9999999999999999,-5.093097817929697e-16,0.9999999999999993,-2.1433212319549203e-16,1.0000000000000007,7.125653897157603e-16
14579.678447640239,653105.1930828113,258870.37319500712,2.0343159258288083e-16,565543.9586257342,-1.076427469923047,0.7482341700401246,1.8760613152687502,-0.13286203715750655,0.12383038771165024,0.1322711786476172,1.0001082970196018,0.0005908585098888107,0.9999999999999842,1.5975015928538816e-14,1.0000000000000142,-1.4603473056233235e-14,1.0000000000000022,-1.0027989235777552e-15,0.9999999999999992,2.906321615419604e-16,1.0000000000000004,-2.9197209094355205e-16,1.0,6.455113592299671e-16,1.0,7.04980415908572e-17
15005.50020548846,616194.1849486681,244393.6426010011,1.8100348918045575e-16,603050.1411553858,-1.059783402387147,0.7614015954802767,1.8760774855641031,-0.13699129783528724,0.12380982323176706,0.13638334944335773,1.0001126912041483,0.0006079483916010585,0.9999999999999828,-2.720053487283775e-14,1.0000000000000149,2.9956573641100793e-14,1.0000000000000013,-2.6734372767321624e-16,0.9999999999999983,-9.430637676963906e-16,1.0000000000000009,1.1818590403420335e-15,0.9999999999999996,-6.107301093781718e-16,1.0000000000000013,8.959950151726017e-16
15443.758737584356,581357.4421792406,230723.78164598663,2.0212838292987574e-16,518589.02564017876,-1.0425871625817322,0.7744776182950894,1.8760881130658793,-0.14126296986079098,0.12379454962895965,0.14063746376893851,1.0001173373051597,0.0006255060919200194,0.9999999999999748,-1.0348402177862938e-15,1.000000000000023,1.5030867885975963e-15,1.0000000000000007,2.6727446158734053e-16,0.9999999999999989,1.1317255867240101e-15,1.0,-1.1400201865955738e-15,1.0,0.0,0.9999999999999996,-7.090326219323433e-16
15894.81727889851,548478.6524414744,217815.66174204487,1.9334204306111682e-16,501936.7252118475,-1.0248324531686421,0.7874426540200165,1.8760920721401055,-0.14568309569042895,0.12378567795138568,0.14503955210473082,1.0001222499085012,0.0006435435859064633,0.9999999999999869,-1.1442136478671686e-14,1.0000000000000127,1.1457304635209552e-14,0.9999999999999999,8.01616415681043e-16,1.0000000000000004,-1.0949420152200323e-15,1.0000000000000002,8.896364819216425e-16,0.9999999999999996,-1.3548211686031009e-15,1.0000000000000002,-1.4955062221294337e-16
16359.049673233128,517447.9783638277,205626.68623663427,1.9316496454662032e-16,476697.8824147601,-1.0065134603063655,0.8002765445668654,1.8760880702840543,-0.1502580509353117,0.12378448525127832,0.1495959778824003,1.0001274444646688,0.000662073052910981,1.0000000000000004,2.2338386121990122e-14,0.9999999999999971,-2.169519879568334e-14,1.0000000000000018,-1.335684991912316e-16,0.9999999999999998,3.800683979625955e-16,0.9999999999999996,1.924657586099488e-16,1.0000000000000004,1.394749064273193e-16,0.9999999999999997,4.1189796323148485e-16
16836.84068306915,488161.7017106354,194116.64872534684,1.964894624332586e-16,445539.2952175985,-0.9876248551044995,0.8129585601417976,1.8760746254324971,-0.15499456584844368,0.12379243722375641,0.1543134589801952,1.000132937343748,0.0006811068682479969,0.9999999999999987,-8.69635013751071e-16,0.9999999999999998,1.5658736173097274e-15,0.9999999999999998,1.6024158109718933e-15,1.0000000000000004,-4.843788051719545e-16,1.000000000000001,1.9913900773279733e-15,0.9999999999999998,-1.1885850896448479e-15,0.9999999999999998,6.099043643661719e-16
17328.586308462924,460521.88703434996,183247.59917735742,1.950619452581596e-16,424671.0399005641,-0.9681617928512622,0.8254673962359216,1.8760500401000229,-0.15989974803098228,0.12381121400693476,0.15919909043923258,1.000138745893046,0.0007006575920561728,0.9999999999999939,-1.549766102051096e-14,1.0000000000000049,1.5178631985418103e-14,1.000000000000001,-3.3375330186902345e-17,0.9999999999999994,-1.7592458579139842e-16,0.9999999999999996,-1.0666360816512318e-15,1.0000000000000007,3.8189929551854384e-16,1.000000000000001,0.0
17834.694115256745,434436.0637900596,172983.7174850087,1.7783301341972652e-16,441373.9373523936,-0.9481199110348726,0.8377811655648331,1.876012372094877,-0.1649811063493379,0.12384273940684894,0.1642603683928489,1.0001448884982893,0.0007207379564121161,0.999999999999999,5.231685974411539e-16,0.9999999999999989,-1.3346865090837708e-16,1.0,6.803603426050135e-16,0.9999999999999994,5.142812878681594e-17,1.0000000000000007,-8.278190211651056e-16,0.9999999999999998,4.985021323055491e-16,1.0,-2.3687513114038384e-16
18355.58357287528,409816.92626785324,163291.1941916381,1.8574806230803323e-16,400652.5748947796,-0.9274953269950146,0.849877384536665,1.8759594014118512,-0.17024657603033969,0.12388921393917869,0.16950521517577782,1.0001513846489516,0.0007413608547202665,0.9999999999999857,-1.2446186974058064e-15,1.0000000000000135,3.9082911888764493e-16,1.0000000000000007,3.335919703148356e-16,0.9999999999999991,-2.7754142371905216e-16,0.9999999999999994,4.0197951684479566e-16,1.0000000000000002,-2.5824507966584587e-16,1.0,-1.7870058245259848e-17
18891.686401987863,386582.04918133945,154138.1175406884,1.9771049034632569e-16,351959.19066253316,-0.90628463557902,0.8617329529701186,1.8758885926234683,-0.17570454487443718,0.12395315236930791,0.17494200555518033,1.0001582550072305,0.0007625393191731921,1.0000000000000138,7.352596347000327e-15,0.9999999999999851,-6.782385618417168e-15,0.9999999999999994,2.584739030446349e-16,1.0000000000000016,-5.300762343723518e-16,0.9999999999999982,-5.123276025419294e-16,1.0000000000000004,1.890811520272053e-16,1.0000000000000002,1.098469209191603e-16
19443.44693232479,364653.6197179584,145494.36718290992,2.011665196911745e-16,326642.0855612545,-0.8844849083307622,0.8733241274245463,1.8757970524306364,-0.18136388048260751,0.12403742608797706,0.1805795939766669,1.0001655214813878,0.000784286505940145,1.0000000000000115,-1.3150115077945673e-14,0.999999999999988,1.3610408831061337e-14,0.9999999999999989,-6.66880506091824e-17,1.0000000000000007,3.199347477515309e-16,0.9999999999999999,5.162698062023333e-16,0.9999999999999996,-7.070053030368835e-16,0.9999999999999999,-4.483272167154998e-16
20011.32247094418,343958.18318600307,137331.5133998743,1.846213553657488e-16,341205.47251208505,-0.8620936946277098,0.8846264866344554,1.875681481465344,-0.18723395834883733,0.12414531123128149,0.1864273426808193,1.0001732073033702,0.0008066156678828896,1.0000000000000004,-1.0214804170699378e-14,0.9999999999999982,1.0735781048964801e-14,1.0,2.5336043839672714e-15,1.0,-9.721926279097859e-16,0.9999999999999996,-1.2752590249394805e-15,1.0000000000000002,1.1341488706875833e-15,1.0000000000000009,1.416112256851155e-16
20595.783681254634,324426.4029188123,129622.72212015449,1.5836766675154203e-16,375023.4265685025,-0.839109026586371,0.8956148896927818,1.8755381198978776,-0.1933246905994217,0.12428054299099145,0.19249515046935287,1.0001813371111357,0.0008295401302070151,0.9999999999999999,1.4834314166682573e-16,0.999999999999999,-6.666027474559098e-17,1.0,-4.1210016938460413e-16,1.0000000000000004,5.976625338223667e-16,0.9999999999999993,-1.8452863982406446e-16,1.0000000000000016,4.3321857034919434e-16,0.9999999999999998,1.8855213934269815e-16
21197.314973107856,305992.83312066674,122342.66520190104,1.7831145841533367e-16,325511.3472236847,-0.8155294285211809,0.9062634258147748,1.8753626858186745,-0.19964655509274848,0.12444737714565433,0.19879348183571668,1.0001899370356724,0.0008530732569838765,0.9999999999999979,-8.563471180037772e-15,1.0000000000000016,8.479084695169566e-15,0.9999999999999996,0.0,1.0000000000000007,-9.931274759000257e-16,0.9999999999999997,7.727571786744653e-16,0.9999999999999998,1.263074719444731e-15,0.9999999999999989,0.0
21816.41490428447,288595.70397950674,115467.43571869172,1.7105139009929516e-16,320354.9416723147,-0.7913539327555839,0.9165453561239849,1.8751503056705512,-0.2062106244854179,0.12465065953600638,0.20533339606629306,1.000199034793431,0.0008772284190724457,1.0000000000000004,6.151575875314532e-15,0.9999999999999991,-5.96403343306582e-15,0.9999999999999998,1.9990725702232883e-16,1.0000000000000002,5.10440532127616e-16,0.9999999999999997,-1.658044447627564e-16,0.9999999999999991,6.10368808883686e-16,1.0000000000000007,9.861219810744193e-17
22453.596593705897,272176.71799742756,108974.467827025,1.9563078261646574e-16,266379.7117847719,-0.7665821031629534,0.9264330470965877,1.8748954356648608,-0.21302859475723376,0.12489590455139857,0.21212657580631525,1.0002086597837414,0.0009020189508170752,0.9999999999999958,4.633455476466153e-15,1.0000000000000042,-3.4314440822689368e-15,0.9999999999999989,-1.0993114239346004e-15,0.9999999999999994,1.3550925084700988e-15,1.0000000000000007,-1.0522575948382503e-15,0.999999999999999,2.4003516063456926e-16,1.0000000000000004,3.979233813902369e-16
23109.388146714682,256680.8576909388,102842.46127452316,1.5544328647927132e-16,318165.2581660273,-0.7412140681617672,0.9358978958178239,1.8745917731116921,-0.22011281254117285,0.12518938369623317,0.21918535443492185,1.0002188431920753,0.0009274581064068039,0.9999999999999996,-1.2265509938591996e-16,0.9999999999999994,4.66306420196674e-16,0.9999999999999994,-3.8738584373307517e-16,1.0000000000000018,6.734668556245039e-16,1.0000000000000004,7.41349299385268e-16,1.0000000000000007,1.3936582492812281e-16,0.9999999999999994,-6.048694751997555e-17
23784.333092775796,242056.20333875908,97051.3100158502,1.8685688211516171e-16,249242.31461607653,-0.7152505650049932,0.9449102473481467,1.8742321564883901,-0.22747630041978656,0.12553822541233411,0.22652274141334475,1.000229618099289,0.000953559006283768,1.0000000000000002,1.0677632427617407e-15,0.9999999999999997,8.462317499750272e-18,0.9999999999999989,-4.079657391596426e-16,0.9999999999999991,-4.384405020695222e-16,0.9999999999999998,6.514329391054616e-16,0.9999999999999998,-1.7552030433575342e-16,0.9999999999999997,1.71178626412771e-16
24478.990835961667,228253.7605799598,91582.03485046967,1.8619155902533165e-16,237296.7087983805,-0.6886929972771441,0.9534393045597858,1.8738084529300816,-0.2351327791351617,0.12595052747305543,0.234152444553008,1.0002410195968645,0.0009803345820428855,0.9999999999999984,1.7790031440251747e-15,1.000000000000002,-1.2576675214437537e-15,1.0000000000000002,5.993943803401573e-16,1.0000000000000002,-3.239129246934593e-16,0.9999999999999986,-1.0377595571147468e-16,1.0000000000000007,-3.64698452192596e-16,1.0,-1.5450781960189335e-16
25193.937118594316,215227.2972546981,86416.71983142891,1.6075249112204927e-16,262338.3716797053,-0.6615435077517375,0.961453031249338,1.8733114317931117,-0.24309668539113144,0.12643548329787127,0.2420888878831545,1.0002530849090112,0.001007797507974993,0.9999999999999925,4.854691964447674e-15,1.000000000000006,-4.284927565629923e-15,0.9999999999999999,-9.32308638372645e-16,1.0000000000000009,4.2459955601027594e-16,0.9999999999999991,8.811495588071011e-17,1.0000000000000004,0.0,0.9999999999999998,-3.2858102321398634e-16
25929.76449842887,202933.1890774129,81538.45227067516,1.621023177055415e-16,243836.86632462792,-0.6338050687815695,0.9689180493129288,1.8727306227758085,-0.25138318360964645,0.12700352370270332,0.25034722348031635,1.0002658535214883,0.0010359601293886969,0.9999999999999991,3.593841144882362e-16,1.0,1.9976713528498982e-16,1.0000000000000018,-4.584173721708576e-16,0.9999999999999989,3.6994748111915015e-16,0.9999999999999989,-1.7908978775142339e-16,1.0000000000000016,1.7813667969509824e-16,0.9999999999999994,-9.394002494074794e-17
26687.082839773942,191330.27352398424,76931.2660822963,2.02221766786152e-16,184369.8410628624,-0.605481592598629,0.9757995311977475,1.8720541570480542,-0.26000816961907436,0.12766647563428654,0.2589433352389188,1.0002793673176567,0.0010648343802151501,0.9999999999999994,-9.193340538695751e-17,0.9999999999999993,0.0,0.9999999999999989,2.6634475782490147e-16,1.0,2.168294228962369e-16,0.9999999999999996,-5.511734669172928e-16,1.0000000000000007,3.1315772744793415e-16,0.9999999999999993,-3.4794979294396944e-16
27466.519818955945,180379.71159517733,72580.08831704661,1.8027637804499627e-16,196639.01478449884,-0.5765780640816232,0.9820610893074653,1.871268589840548,-0.26898826379487845,0.12843773943724798,0.26789383210416856,1.0002936707222092,0.0010944316906167197,0.9999999999999923,-6.589364511657203e-15,1.000000000000007,7.716632880213183e-15,0.9999999999999989,7.157888452313669e-16,1.000000000000001,5.116435652294219e-16,0.9999999999999999,-2.801034629403638e-16,1.0000000000000009,4.1508446400468307e-16,0.9999999999999996,1.3714268859308758e-16
28268.721444546245,170044.85718474715,68470.68876661888,1.7964252138897696e-16,188511.79754206078,-0.5471006985646696,0.9876646641616562,1.8703587028635151,-0.2783407906394588,0.1293324862835598,0.2772160277542087,1.0003088108529203,0.001124762885215642,0.9999999999999956,-3.913685314319413e-15,1.000000000000003,3.85213977301284e-15,1.0000000000000004,-1.664640151648916e-16,0.9999999999999992,2.3086889164280224e-16,0.9999999999999998,0.0,0.9999999999999998,0.0,0.9999999999999997,4.3320893335956425e-17
29094.35259278235,160291.13343768608,64589.63237930849,1.6014048453736077e-16,199036.9395345795,-0.5170571275104692,0.9925704139485918,1.8693072851126997,-0.28808374114901575,0.1303678772064519,0.28692790308181826,1.0003248376808538,0.001155838067131256,0.9999999999999994,2.9502565996473765e-16,0.9999999999999992,9.9882129083967e-17,1.0000000000000009,3.7004019937506676e-16,0.9999999999999991,1.9328737222968943e-16,0.9999999999999994,1.959733688157418e-16,0.9999999999999993,2.599399918297575e-16,0.9999999999999999,-1.8540265391559934e-16
29944.0975586269,151085.91591432746,60924.23439999369,1.7210731889886196e-16,177394.14119542576,-0.4864566147617424,0.9967366081210665,1.8680948906044057,-0.2982357135921506,0.13156330519644496,0.2970480471006668,1.0003418041991523,0.0011876664914495922,1.0000000000000062,-6.517819605500733e-15,0.9999999999999927,5.843802212755667e-15,0.9999999999999996,1.231962277237059e-15,1.0000000000000009,-3.922584814639778e-16,1.000000000000001,-3.1624637026399607e-16,0.9999999999999998,1.3024869339538315e-16,0.9999999999999994,8.113769846720801e-17
30818.660622921157,142398.42206189092,57462.51802377416,1.6592958185235798e-16,174618.09926533428,-0.45531030643861214,1.0001195293250837,1.8666995722001696,-0.3088158274683461,0.13294066119863251,0.30759557104681845,1.0003597666012036,0.0012202564214580166,1.0000000000000024,2.690086607454428e-15,0.9999999999999959,-2.916603176087748e-15,0.9999999999999991,1.9979736027937397e-16,0.9999999999999997,-1.6203972406707775e-16,1.0,1.3682081298359555e-16,0.9999999999999992,5.518366042163721e-16,0.9999999999999986,-5.315991149605029e-16
31718.766636103097,134199.6069241747,54193.17452250434,2.049132747340552e-16,135041.4383861671,-0.4236315170446616,1.0026733872424407,1.8650965906398436,-0.31984360448661875,0.13452462489178257,0.31858998951545975,1.0003787844683778,0.0012536149711229478,0.9999999999999932,3.7412017388991665e-15,1.0000000000000029,-3.697577078629659e-15,1.0000000000000004,3.3303946059161646e-17,1.0000000000000002,2.0521392630516792e-16,1.0000000000000002,-7.822522985521064e-17,1.0000000000000002,-2.985312855297426e-17,1.0000000000000007,1.1873139019175271e-16
32645.161618973863,126462.06446830832,51105.525585581665,1.703042310739679e-16,153364.5539587187,-0.39143605471767984,1.0043502504530741,1.8632580991339627,-0.3313388093225262,0.13634297989840682,0.330051061395193,1.000398920967639,0.0012877479272590125,0.9999999999999997,1.8755795773934886e-16,0.9999999999999997,0.0,1.0000000000000004,-1.0665844797066775e-16,0.9999999999999994,-1.759763813272395e-16,1.0000000000000002,-1.607742250513561e-16,0.9999999999999994,-2.1220702613221305e-16,1.0000000000000002,0.0
33598.613381010546,119159.93446246206,48189.48783820759,2.0292829239513557e-16,121810.925907277,-0.3587425879297754,1.0051000023520968,1.8611528044580061,-0.34332124178644846,0.13842695248248976,0.3419985822331508,1.0004202430595097,0.0013226595533389267,1.0000000000000027,-1.878491030088262e-15,0.9999999999999976,1.998040373858544e-15,0.9999999999999986,5.663762476669572e-16,1.0000000000000013,5.150652514170599e-16,0.9999999999999999,-8.391263153536554e-17,1.0000000000000009,-1.0650665254401577e-16,1.0000000000000004,1.325789001313701e-16
34579.912156737686,112268.81455188247,45435.53938656908,1.7832843156327248e-16,134028.7921917123,-0.32557305554145444,1.0048703284451443,1.8587456068357187,-0.3558104708312292,0.14081157144753595,0.3544521184617376,1.000442821716752,0.001358352369451739,0.9999999999999997,1.6753202643350617e-16,0.9999999999999997,-1.6662141770060787e-16,0.9999999999999996,6.315787563997179e-16,1.0000000000000002,-7.359716911087886e-16,1.0000000000000002,-3.7462371411344975e-16,0.9999999999999994,3.703149733551823e-16,0.9999999999999999,2.4613342563369265e-16
35589.87126068503,105765.67728870598,42834.688284899414,1.6591815858757845e-16,136964.99382270296,-0.2919531215299429,1.003606744248056,1.8559972228858097,-0.36882549961884686,0.14353604496012345,0.3674306727088939,1.0004667321540823,0.0013948269099156626,0.9999999999999946,4.715817973894941e-15,1.0000000000000047,-4.469009571421891e-15,0.9999999999999999,-7.666739671348091e-16,1.0000000000000002,4.358107631217572e-16,0.9999999999999993,4.097904767684809e-16,0.9999999999999984,9.09383702649949e-17,0.9999999999999999,0.0
36629.3277614743,99628.79180026069,40378.44279018793,1.733661570688165e-16,128390.46768969596,-0.2579126744159055,1.0012526733020988,1.8528637977637907,-0.3823843497575147,0.1466441481673838,0.38095226830674245,1.0004920540688222,0.001432081450726961,0.9999999999999999,1.1624392192222826e-16,0.999999999999999,8.362021656826232e-17,0.9999999999999988,-1.333776453058313e-16,1.0000000000000007,-1.7165246392079368e-16,0.999999999999999,1.3466805527661073e-16,1.0000000000000002,-5.408874576531039e-18,0.9999999999999997,-2.137979110739299e-16
37699.14317559368,93837.64993848582,38058.78333753298,1.8127279917655915e-16,115220.58387072182,-0.2234863702671248,0.9977495877929914,1.8492965161275055,-0.39650355189726605,0.15018461197910965,0.39503344018878905,1.0005188718933855,0.0014701117084772546,0.9999999999999992,2.963335478376548e-17,0.9999999999999996,1.6678314310877425e-17,0.9999999999999999,3.9054502582797333e-16,1.0,-5.767072060709462e-16,1.0,2.374555868486087e-16,0.9999999999999997,1.5885351423705455e-16,1.0000000000000002,4.076944854349133e-16
38800.20418143509,88372.89656261512,35868.13609048854,2.0480203347034844e-16,98031.52574047225,-0.18871421580712422,0.9930372237238071,1.8452412243660565,-0.41119752935970116,0.1542115005755596,0.40968861885636854,1.000547275058368,0.0015089105033719277,0.9999999999999959,4.315072243540338e-15,1.0000000000000024,-4.644198541655074e-15,1.0000000000000016,-2.0022220344915236e-16,0.9999999999999996,6.758761984121571e-16,0.9999999999999997,-1.7024733574480452e-16,0.9999999999999997,4.7048138370720506e-17,0.9999999999999998,-2.0048994754924717e-16
39933.423354185965,83216.26390796744,33799.348046263796,1.6039327903622154e-16,116987.17572766793,-0.1536421859583399,0.9870538858766289,1.8406380816840435,-0.42647786155711137,0.1587845600479675,0.42492939417087805,1.0005773582679958,0.0015484673861377134,1.0000000000000004,1.3851600869185652e-16,0.9999999999999993,2.5039269185051457e-16,1.0000000000000007,2.591153915939036e-16,0.9999999999999999,-3.419913254969972e-17,1.0000000000000004,-3.812231006575184e-16,1.0000000000000002,-7.068991093976712e-17,0.9999999999999997,1.1907059702544179e-16
41099.739922184686,78350.50968346452,31845.663548859477,1.8603340639872066e-16,97466.96083378806,-0.11832286658746938,0.9797368569788719,1.8354212619874584,-0.44235241497415123,0.16396951622645828,0.440763646751115,1.000609221786075,0.001588768223083302,0.9999999999999997,3.7627089109736033e-16,0.9999999999999996,-6.790204491711098e-17,1.0000000000000002,-3.006240640968483e-16,1.0,2.5148683449195504e-16,1.0000000000000004,1.974745533014108e-16,1.0000000000000004,4.095331819177386e-16,0.9999999999999996,-1.6723973625430987e-16
42300.12054536654,73759.3586547964,30000.702111978473,1.889897221485212e-16,92473.44989623074,-0.0828161094390154,0.9710229273963621,1.829518734914162,-0.4588243317833891,0.1698382933532204,0.45719453705310975,1.0006429717326193,0.0016297947302259857,0.9999999999999986,3.352668467352887e-16,1.0000000000000004,-8.056256591636679e-16,0.9999999999999999,-5.013206987799354e-16,0.9999999999999999,4.231614501857524e-16,0.9999999999999997,0.0,1.0000000000000004,-2.262687047313632e-16,1.0,1.9031680486531668e-16
43535.560116445355,69427.4477601429,28258.437571210994,2.0274925025785857e-16,80751.16829078352,-0.047189681310996434,0.9608490601304727,1.8228521600881349,-0.47589087020121607,0.1764691195206991,0.4742193462396053,1.000678720391166,0.0016715239616387546,1.0000000000000016,-3.628796599574013e-16,0.9999999999999984,1.49265449797955e-16,0.9999999999999996,4.681864004263237e-16,1.0,-1.8709389211456331e-16,0.9999999999999993,-2.088735914535874e-16,0.9999999999999997,8.571720962548695e-17,1.000000000000001,-2.1974678478983206e-16
44807.082585494885,65340.27426290669,26613.178366237004,1.9233308155710034e-16,93533.35076633997,-0.01151988417135641,0.9491532050192115,1.8153369353275233,-0.4935420968907134,0.18394647814797827,0.49182816915766064,1.0007165865245107,0.0017139277330306022,0.9999999999999986,1.9845444208686377e-16,0.9999999999999999,8.544989265716436e-17,0.9999999999999991,7.242897422439514e-16,1.000000000000001,-7.292552003210537e-17,1.0,-3.1321884249631533e-16,1.0000000000000004,5.020081692869038e-17,1.0,-1.6577943692763466e-16
46115.74180861335,61484.1470367903,25059.54899452533,1.7795951045318422e-16,96587.65231811797,0.024107883074918846,0.9358752728982551,1.8068824454048686,-0.5117594405861101,0.19236085889595644,0.5100024686001378,1.0007566956991762,0.0017569719860014218,0.9999999999999997,1.1776108693932938e-16,0.9999999999999991,-3.34885995969691e-17,1.0,2.025543703404579e-16,0.9999999999999998,-5.601032485726687e-16,1.0000000000000004,-3.221032274560231e-16,0.9999999999999999,1.6546206101692252e-16,1.0,-1.9267745998201192e-16
47462.622421374515,57846.14058035974,23592.472475862516,1.8499524267396722e-16,94808.50849241669,0.05959865655604801,0.9209582745669945,1.7973925620650457,-0.5305141279052157,0.2018082573197969,0.52871351183017,1.0007991806151537,0.0018006160750425777,0.9999999999999986,-2.394979203643221e-16,1.0000000000000002,2.0527917312201237e-16,0.9999999999999999,2.945305027465835e-16,0.9999999999999991,6.650615594002462e-17,1.0000000000000009,-8.762741007588712e-17,0.9999999999999993,3.3762995230867395e-16,0.9999999999999996,-7.761851733766354e-17
48848.84073778926,54414.051838567306,22207.153863615444,2.0045825755169206e-16,76295.74102262282,0.09484757406849553,0.9043496223729429,1.7867664481928272,-0.549765537218616,0.21238937036625463,0.5479207252396215,1.0008441814409061,0.0018448119789886291,0.9999999999999963,8.049138059455877e-16,1.000000000000003,-6.626057057657976e-16,1.0000000000000002,5.995892256307668e-16,0.9999999999999998,-4.505906478702566e-16,0.9999999999999999,-2.9615684208587153e-16,1.0,3.1756149067091087e-16,1.0,-1.6254687458592427e-16
50275.54567552264,51176.35941139621,20899.06463667655,1.8918443832312384e-16,76026.59251610377,0.1297397215581242,0.8860025816896863,1.7748997168711873,-0.5694595240824257,0.2242084369808045,0.5675700206649519,1.0008918461480099,0.0018895034174740402,0.9999999999999987,-7.068216711531792e-17,0.9999999999999998,-4.039389175965673e-17,1.0000000000000002,-8.4193811374906e-17,0.9999999999999997,5.415348827287096e-16,1.0,3.7433650395984324e-16,0.9999999999999998,2.618818264452533e-16,0.9999999999999996,-5.655370966740682e-17
51743.9197081334,48122.18527443202,19663.92802812843,1.739539178943047e-16,81597.9978906562,0.16415020629515453,0.8658778454110387,1.7616859877742914,-0.5895267911842755,0.23737168138060807,0.5875921663125405,1.000942330845105,0.0019346248717560539,0.9999999999999982,-2.1539598514339785e-16,1.0000000000000002,-3.780802218982602e-17,0.9999999999999998,-2.8544072855288873e-17,0.9999999999999998,1.9322552162324076e-17,0.9999999999999991,1.8875703279859219e-16,1.0000000000000004,-1.0642293324414258e-16,1.0,1.300657983733483e-16
53255.17984512503,45241.258619181724,18497.705137094614,1.9051084847596787e-16,70315.19451164454,0.1979445013446295,0.8439451901411933,1.7470188690801016,-0.609881395366119,0.2519853308165336,0.6079012948766713,1.0009958001033628,0.0019801004894814725,0.999999999999997,2.6015175725476063e-15,1.0000000000000022,-2.85131000031785e-15,1.0000000000000002,-2.85961316970437e-16,1.0,3.7031517801918757e-16,1.0000000000000007,-3.141189568607547e-16,1.0000000000000004,1.795639172828679e-16,1.0,6.829173409292934e-17
54810.57864062074,42523.881903765636,17396.58186691402,1.9726854816391346e-16,68036.30142344779,0.2309790980773343,0.8201851538703963,1.7307943687931935,-0.630419501182182,0.26815320393542563,0.6283936583137764,1.001052427271388,0.0020258428683692853,0.9999999999999981,-3.8931496922426225e-15,1.0000000000000007,3.139126290219762e-15,0.9999999999999997,7.409682297314899e-16,1.0000000000000002,-2.6300326457489064e-16,0.9999999999999998,-3.914437121133176e-16,0.9999999999999999,1.551995433026131e-16,0.9999999999999997,-6.191443030514814e-17
56411.40523149833,39960.89881541737,16356.956575024162,1.9358606862722193e-16,64926.70214826284,0.2631024887501141,0.7945906595055069,1.7129137084342345,-0.6510185013060608,0.28597389679586016,0.6489467496075654,1.0011123947699128,0.0020717516984995266,0.9999999999999992,3.75481028144414e-17,0.9999999999999999,9.115159679731397e-17,0.9999999999999999,8.684751228972789e-17,0.9999999999999998,1.205677789804242e-16,1.0,2.785798171404104e-16,1.0000000000000002,1.2277122937857775e-16,0.9999999999999998,-1.7240200224337737e-16
58058.986405845346,37543.66407807986,15375.428414233847,2.027352389681307e-16,62256.82754717316,0.2941564781816126,0.7671684929186537,1.69328647202299,-0.6715366242389295,0.30553763361842745,0.669418911992007,1.0011758943585833,0.0021177122469217577,0.9999999999999977,-2.9664095024848114e-15,1.0000000000000013,2.7894669533286224e-15,1.0,4.051675820249327e-16,1.0000000000000002,3.6866533211923286e-17,1.0000000000000002,1.0805975950348691e-16,0.9999999999999998,8.079475277688051e-17,1.0000000000000007,2.9308102541753013e-17
59754.68770262015,35264.01503791379,14448.786345796703,1.9176426721907106e-16,71296.9519954592,0.3239777926990328,0.7379405382924367,1.671833981678107,-0.6918131354319099,0.3269228909559824,0.6896495417610615,1.0012431273659141,0.0021635936708297,1.0,-3.862227370271598e-16,1.0000000000000004,1.6904952404710276e-16,0.9999999999999997,3.3477354885633985e-16,0.9999999999999983,-6.539522197598427e-16,1.0000000000000004,-6.638518221969165e-17,0.9999999999999994,-1.4845931200542817e-16,1.0,9.151194843592225e-17
61499.914543430175,33114.24484488594,13573.998757536727,1.9632500686405082e-16,58545.4423524601,0.3523999165221312,0.706944675509967,1.6484927501482265,-0.7116692052849595,0.3501929449837975,0.7094599581515746,1.0013143048679738,0.0022092471334045015,1.000000000000002,-2.1343277565907902e-15,0.9999999999999976,1.7803354215644154e-15,0.9999999999999994,-1.3543502486916727e-16,1.0000000000000002,4.7419542841019846e-17,0.9999999999999998,7.914907497567351e-17,1.0,3.7887639557433103e-16,1.0,4.3963851855217365e-17
63296.11339736563,31087.07715112631,12748.203662446876,1.9105211941277666e-16,71473.07245404662,0.3792550444800895,0.6742352634476328,1.6232178316354984,-0.7309094662485528,0.3753925205634557,0.728654962548153,1.001389647801046,0.002254503700399542,0.9999999999999978,-2.5986898802312487e-15,1.0000000000000004,2.5310498095166854e-15,0.9999999999999997,-2.1618026407909107e-16,1.0,2.1104343306179639e-16,1.0,1.627821973384575e-16,1.0,-9.905831134935135e-17,0.9999999999999997,-6.528676362671734e-17
65144.77297985382,29175.642223619372,11968.699443575844,1.984365512850013e-16,56285.51034167827,0.40437600063816603,0.6398831697176726,1.5959858831405984,-0.7493242142256684,0.40254472987051565,0.7470250422341859,1.001469386988887,0.002299171991482713,0.9999999999999986,-3.215268407999562e-16,0.9999999999999999,-1.8166974767732683e-16,0.9999999999999999,-5.756892574147022e-17,0.9999999999999999,-1.7438562152139912e-16,0.9999999999999999,-3.75874747789902e-16,1.0,1.6327394065535576e-16,1.0000000000000007,-8.24405615986937e-17
67047.42548652789,27373.454377927254,11232.936114457241,1.87101132117288e-16,57510.41421413096,0.42759794316398114,0.6039753650410198,1.5667977696210105,-0.7666921351591964,0.4316484673173403,0.7643490996040911,1.0015537630616511,0.0023430355551046903,0.9999999999999984,-2.8491153088601534e-16,1.0,-1.0099593651103484e-19,1.0,2.3816743015133187e-16,0.9999999999999983,2.3267402746054133e-16,0.9999999999999997,-6.40413021758912e-17,0.9999999999999994,3.9181952811801415e-16,1.0000000000000002,-1.2510328466596753e-16
69005.64786313263,25674.390616722456,10538.507054121228,1.8212055941008815e-16,61457.22526539961,0.4487596655967252,0.5666141759219728,1.5356806023652196,-0.7827833693301917,0.46267637139878665,0.7803975193985597,1.0016430262360072,0.002385849931601209,0.9999999999999971,1.3286126496278969e-15,1.000000000000001,-1.820252805491709e-15,1.0000000000000004,6.817115333891277e-17,0.999999999999999,4.4325196412813624e-17,0.9999999999999998,3.2547516240939977e-16,1.0,-1.1264336833860058e-16,1.0,-6.312872344136879e-17
71021.06311251973,24072.670431481813,9883.14120534098,1.8807233277992262e-16,55102.802792336624,0.4677043246254229,0.5279163801764685,1.502689193279807,-0.7973626822888535,0.49557337079727304,0.7949353429203121,1.001737435922926,0.002427339368518955,0.9999999999999984,-2.9193203904822026e-16,1.0000000000000013,-1.3190056783869808e-16,0.9999999999999997,2.227076870239363e-16,1.0000000000000004,0.0,0.9999999999999997,-2.484568974604438e-16,1.0000000000000002,0.0,1.0000000000000002,8.585934293924177e-17
73095.34163981589,22562.836633640363,9264.69568496093,1.6690394598461283e-16,68640.19056356684,0.48427948250941455,0.48801242241355874,1.4679070265302996,-0.8101925111173386,0.5302557133540681,0.8077253179785722,1.0018372601156345,0.0024671931387985767,0.999999999999999,-4.641633837876372e-16,1.0000000000000004,8.267495453418037e-17,1.0,2.445757145355729e-16,0.9999999999999998,0.0,1.0000000000000002,-1.494029380198287e-16,1.0,-1.3300096942587698e-16,1.0,-3.3904158810870553e-16
75230.20263687859,21139.737203221674,8681.14880230555,2.0264402317399378e-16,49030.44593151925,0.49833645618073774,0.44704610984634013,1.4314469766426414,-0.8210357161194424,0.5666102488520007,0.8185306547028377,1.0019427745053588,0.0025050614166054553,0.9999999999999987,-4.695081059117255e-16,1.0000000000000009,3.8983838038835093e-16,0.999999999999999,-1.481190230732447e-16,1.0000000000000007,-1.2306624656853632e-16,0.9999999999999993,4.64722034149543e-16,0.9999999999999996,-5.791082242917191e-17,0.9999999999999999,-9.556966850251749e-17
77427.41550718702,19798.508065662547,8130.593445525411,2.048076233298275e-16,52736.36904282447,0.5097291156250279,0.4051752006566309,1.3934521068372527,-0.8296579993616604,0.6044936319089135,0.8271174487102375,1.00205426125384,0.0025405506514268802,0.9999999999999991,1.7264921474057688e-16,0.9999999999999997,3.0341012691932835e-17,1.0000000000000002,-1.1623381934830359e-16,0.9999999999999992,1.666222504941924e-16,1.0000000000000004,-1.279250182666003e-16,1.0000000000000002,-2.4328809272476427e-17,1.0000000000000002,-7.006404450571626e-17
79688.80133234913,18534.556754865236,7611.230808881413,2.069543097749544e-16,44373.30687456061,0.5183124684580349,0.3625732980997951,1.354096928495838,-0.8358301504650203,0.6437310641697864,0.8332569320911757,1.0021720073343812,0.002573218373832511,0.9999999999999991,4.363602834561698e-17,0.9999999999999998,-1.9458345356164562e-16,1.0,5.194596402576278e-16,1.0000000000000007,-2.266886321792598e-16,1.0000000000000004,4.605070828165365e-16,0.9999999999999999,-2.994116394770896e-16,0.9999999999999999,4.5214305394263054e-17
82016.2343814402,17343.546985867193,7121.364451812084,1.838160031747703e-16,51767.802292475004,0.5239415912257002,0.31943338549378114,1.3135894500925258,-0.8393305237787186,0.6841142475722999,0.8367279564113997,1.0022963023351759,0.002602567367336878,0.9999999999999963,-1.8273706852044998e-16,1.0000000000000018,3.501311969059248e-16,1.0000000000000004,-2.0720243464201882e-16,1.0000000000000004,-2.683823453545476e-16,0.9999999999999997,-7.472087759653786e-17,0.9999999999999999,1.7382801472493305e-16,0.9999999999999998,5.097944253642376e-17
84411.64366442403,16221.384122349313,6659.394652740251,1.8326226397831454e-16,55143.513954591945,0.5264716972496828,0.2759731568127288,1.2721741588697122,-0.8399483973284978,0.7253984055471139,0.8373203582059265,1.0024274355831708,0.00262803912258663,1.0000000000000002,-1.7826408491569904e-16,1.0,5.774955126093586e-17,0.9999999999999987,-3.301310611348471e-16,1.0000000000000004,1.7545906700109127e-16,1.0,0.0,0.9999999999999992,-1.276056976912024e-16,0.9999999999999991,-1.3344698912786162e-16
86877.0145309441,15164.201601837365,6223.813036482506,2.0837243794428523e-16,41321.26898654609,0.5257603245299265,0.23244199131809343,1.2301357410722646,-0.8374890454643654,0.7672985665159838,0.8348400389746311,1.0025656924117585,0.0026490064897192953,0.9999999999999987,-2.251133751910279e-16,1.0000000000000007,-2.524457255232643e-17,1.0,5.536755161872339e-16,1.0,2.6542598226829737e-17,1.0000000000000002,-5.92959054082165e-17,0.9999999999999998,9.10670106279663e-17,0.9999999999999997,-1.7548469489606912e-16
89414.3903158099,14168.34845908097,5813.197466364481,2.006060843019727e-16,47387.22461736159,0.5216727227345714,0.1891289771321376,1.1878028677783425,-0.8317813846035356,0.8094857828689045,0.8291166191594059,1.0027113493527537,0.0026647654441303175,1.0,-5.002147827548638e-16,0.9999999999999996,3.012225257393578e-16,1.0000000000000009,-2.9970228413029343e-16,0.9999999999999998,3.8570582365202084e-17,1.0000000000000002,2.557918741581946e-16,0.9999999999999991,1.13572942291964e-16,1.0000000000000004,7.018835855220452e-17
92025.8740325422,13230.378064765919,5426.207160630381,2.09012849224258e-16,45898.6796934139,0.5140914344689733,0.14637082621964073,1.1455508169774007,-0.8226888288399654,0.851584515062131,0.8200143029700658,1.0028646679604594,0.0026745258699372755,0.9999999999999991,-1.836818717730224e-16,1.0000000000000002,-6.630613495005037e-17,1.0000000000000007,-8.835507437691446e-17,0.9999999999999994,2.9763065980725436e-16,1.0000000000000009,-2.5495903742376047e-16,1.0,-8.511620285027617e-17,1.0000000000000007,-5.872933736173741e-17
94713.63011638084,12347.038347951055,5061.578034191024,2.0655296952621407e-16,39359.83406316613,0.5029307052731369,0.10455790376452057,1.1038011956165061,-0.8101234378571589,0.8931729174714282,0.807446036567358,1.0030258869120594,0.00267740128980717,0.9999999999999992,-6.490700310361087e-16,0.9999999999999996,1.3871074015538206e-16,1.0000000000000004,2.1134772457218235e-16,0.9999999999999999,4.379019329619205e-16,0.9999999999999994,-8.847920033363763e-17,1.0,-2.8529727151724696e-16,0.9999999999999998,3.7756357259793246e-16
97479.88621819983,11515.263709500443,4718.118229445134,2.0050560153376313e-16,47990.266145151414,0.48815564173222015,0.06413605353348878,1.0630167686951841,-0.7940625435519295,0.9337880193903229,0.7913901460769354,1.0031952119145002,0.002672397474989709,0.9999999999999984,-1.9158726517647884e-15,1.0000000000000007,1.620883568471657e-15,1.000000000000001,-6.588064437509067e-16,1.0000000000000009,7.969500643407826e-17,1.0000000000000004,2.3115835424206855e-16,1.0000000000000002,-3.046994166947217e-16,1.0,1.7147145838415253e-16
100326.93505081636,10732.168889303337,4394.703831037856,1.73136313617638e-16,51530.852257759696,0.46980494849997,0.0256016412333895,1.0236896269700655,-0.7745659146902835,0.9729375701938449,0.7719075147672997,1.0033728028360949,0.0026583999229587898,0.9999999999999994,-1.8893016183996922e-16,0.9999999999999998,-2.006429902132887e-16,1.0,-2.2785813555473035e-16,1.0000000000000004,1.7306286361694007e-16,1.0000000000000007,-1.111256468371176e-16,1.0000000000000002,0.0,1.0,1.36380336207217e-16
103257.13628922417,9995.044899424985,4090.2747434382927,1.8736356085598257e-16,47589.10718000059,0.4480147255947955,-0.010512489772845048,0.986321812097817,-0.7517904450808985,1.0101194305833014,0.7491562848234254,1.0035587573188862,0.0026341602574821528,0.9999999999999989,-9.532377862041809e-16,0.9999999999999999,3.3042678823039163e-16,1.0,6.456152366650372e-16,0.9999999999999997,-7.677083874480093e-16,1.0000000000000004,1.946463413178278e-16,1.0,-6.450793939577232e-17,0.9999999999999998,-5.2797892643703266e-17
106272.91852632609,9301.356908624482,3803.8307203597037,1.745928057791113e-16,49328.8210469549,0.4230394745537751,-0.043661446772902596,0.9513990627290458,-0.725998748500416,1.0448478473274738,0.7234004667717302,1.0037530899434832,0.002598281728706949,0.999999999999999,-9.617554554453508e-17,1.0000000000000009,-1.3839568130933e-16,1.0,-3.195352032474901e-16,0.9999999999999992,-5.0458159293569706e-17,0.9999999999999999,-4.744125724674832e-16,0.9999999999999999,-4.0937542704468437e-16,1.0,-6.060939079857639e-17
109376.78128578671,8648.743526228574,3534.4275307620865,1.75868921814271e-16,43216.28116226617,0.39526558113666965,-0.07332260774141064,1.0766840439174883,0.6950091336068552,0.9193602502930006,-0.6975583377869389,1.003955705789509,0.0025492041800909224,0.9999999999999997,-8.246788280152266e-16,1.0000000000000002,1.890472261618701e-16,1.0000000000000004,0.0,0.9999999999999997,3.1349015178197113e-16,1.0,-2.1124461544074035e-16,0.9999999999999994,1.9418492453013305e-16,0.9999999999999993,-9.69658685385537e-17
112571.29709367358,8035.016372696222,3281.173259197181,2.1133949982875278e-16,38289.92097156206,0.3652125882727617,-0.09903700970131595,1.105266879043952,0.664444266990549,0.8905667539693286,-0.6669294561382014,1.0041663669867271,0.002485189147635285,0.9999999999999993,-2.935827322929558e-16,0.9999999999999997,-2.5376860293643797e-16,0.9999999999999997,1.1169452688435653e-16,1.0000000000000002,-6.69455428211871e-16,1.0000000000000002,1.7700044341338727e-16,1.0000000000000002,0.0,0.9999999999999999,2.65707012534823e-17
115859.11361060376,7458.158145153873,3043.2247288058566,1.9996295425783683e-16,40604.04189645363,0.3335188706460599,-0.12045264887000338,1.1303385475289922,0.6322375889056333,0.8652768019069106,-0.6346418950939317,1.0043846505641008,0.00240430618829137,0.9999999999999998,-7.895664173703801e-16,1.0,4.166388915786274e-16,1.0000000000000007,-3.866319435329236e-16,0.9999999999999998,-7.244740993867555e-17,1.0000000000000002,9.783595644382124e-17,0.9999999999999994,2.693644780687944e-16,0.9999999999999997,-2.295148262209165e-16
119242.955826163,6916.316932105401,2819.7840520329946,1.7436234296676188e-16,44389.046188808396,0.3009108438505592,-0.1373629269015558,1.1517608692521983,0.5989591937389567,0.8436292350989008,-0.6012636159217611,1.0046098956489022,0.0023044221827847808,0.9999999999999997,-7.962106824630266e-16,0.9999999999999994,6.576200211006526e-17,0.9999999999999997,5.417457095503563e-17,1.0,-2.662354342522601e-16,1.0,-2.1286938886201606e-16,0.9999999999999997,1.790606730673881e-16,1.0000000000000002,0.0
122725.62831741627,6407.794508509195,2610.095309390517,2.068269342133712e-16,31329.27405681247,0.2681581149686849,-0.14973325703639545,1.1695195636280515,0.5651826444043223,0.8256392985161525,-0.5673658406678334,1.0048411378557938,0.0021831962635197287,1.0000000000000002,-4.0141240259622334e-16,1.0,2.744727190919275e-17,0.9999999999999991,-2.8978951000281945e-16,1.0000000000000004,-6.085777017747475e-16,0.9999999999999998,-6.068246379465125e-17,1.0000000000000007,1.3554428058522955e-16,0.9999999999999999,2.117857982601829e-16
126310.01757338151,5931.027144572146,2413.441370345327,2.0495999157310471e-16,37564.78068514669,0.2360201757018885,-0.1577103386491419,1.1837164393192854,0.5314517752601294,0.8112065319988986,-0.5334898595453097,1.0050770286818231,0.0020380842851684634,0.9999999999999998,-6.070599026373521e-16,1.0000000000000007,-2.455904669516325e-16,0.9999999999999997,3.235816682430378e-16,0.9999999999999999,-5.421962565199224e-16,1.0,2.675257891303658e-16,0.9999999999999994,0.0,0.9999999999999997,-3.118788702532229e-16
129999.09438739331,5484.559066282856,2229.1408688040697,1.8645393967501473e-16,39773.22839710029,0.20519241090913454,-0.16161162208909374,1.1945517844931148,0.4982536359733106,0.800132477496521,-0.5001199944144848,1.005315738010362,0.0018663584411597715,0.9999999999999994,-8.159799768053148e-16,1.0000000000000004,-7.238997430802473e-17,1.0000000000000004,8.131054684621549e-17,1.0000000000000002,-7.500092123715538e-17,0.9999999999999999,0.0,0.9999999999999999,-1.4391967250022023e-16,0.9999999999999999,-1.4661650791203955e-16
133795.91631933904,5067.010845949683,2056.5453653678287,2.1553637498706027e-16,34432.25092539693,0.1762596256271891,-0.16189629911915707,1.202300720733834,0.46600023638281235,0.7921444405159153,-0.46766538618672004,1.0055548387502538,0.0016651498039249094,0.9999999999999996,-1.0281608942144704e-15,1.0000000000000002,-1.4209599134777185e-16,1.0000000000000007,-6.623493905961055e-17,0.9999999999999997,-1.2875288217532827e-16,0.9999999999999993,2.3596275844957493e-16,1.0,5.417982778404119e-17,1.0000000000000002,-1.639335770499579e-16
137703.63022980845,4677.0468244088315,1895.03672922056,2.112462343596232e-16,38963.20650604177,0.14966376499393164,-0.15912272205452785,1.2072876146511005,0.43501970307730276,0.7869212108278573,-0.43645122724501845,1.0057911745210448,0.0014315241677065583,0.9999999999999998,-4.576065714538134e-16,1.0000000000000002,-3.5633681687993395e-16,0.9999999999999988,3.3209048463224513e-16,1.0000000000000004,0.0,0.9999999999999993,1.06289318541766e-16,1.0,0.0,0.9999999999999998,6.592677411286537e-17
141725.47488825695,4313.346426644272,1744.0247847970966,1.8435148353221873e-16,38669.19036189795,0.12568943565843682,-0.15389946518451084,1.2098620083701594,0.40555576293455586,0.7841172769024409,-0.4067183673379377,1.0060207147273992,0.0011626044033738203,0.9999999999999993,-1.1489283235180124e-15,0.9999999999999993,3.358153667960298e-17,1.0000000000000002,1.684810015448333e-17,0.9999999999999992,2.2902845743573694e-17,1.0,-2.567862618414922e-16,1.0000000000000002,-1.4238412541116895e-16,0.9999999999999994,1.1295160183862217e-16
145864.78365734435,3974.5835036638796,1602.9452874017693,2.1269278515104239e-16,36896.9349444714,0.10446716000507195,-0.1468376930881392,1.210378367245828,0.37777345917192,0.7833832257379685,-0.3786292142139554,1.0062384070162063,0.0008557550420350158,0.9999999999999989,-1.3684051933513288e-15,1.0,-3.8409112265747795e-17,0.9999999999999999,3.1180550908106984e-16,1.0,0.0,1.0,7.021159868210505e-17,1.0000000000000004,2.669351966412906e-16,0.9999999999999992,-2.1277761695137775e-16
150124.98725567365,3659.415834446852,1471.2582877120913,2.206794639211763e-16,33927.69268145855,0.08599109206099342,-0.13851113959407027,1.2091806994124574,0.3517687039898709,0.7843812550422656,-0.3522775498685022,1.0064380455452755,0.0005088458786170065,0.9999999999999991,-1.5911208285807218e-15,0.9999999999999994,-6.593389753023193e-17,0.9999999999999994,1.803529970923688e-17,1.0000000000000007,-2.8325515697325365e-17,1.0,-1.0742019104287962e-16,1.0000000000000002,-4.062450953014916e-16,1.0,-3.443318463702693e-16
154509.61660121998,3366.4846325037142,1348.4469690908238,2.191396177680284e-16,34194.78869467358,0.07014600691897499,-0.12942746563751834,1.2065920794616343,0.3275794945482646,0.7867957353239796,-0.3277001037443426,1.006612185214387,0.00012060919607212744,0.9999999999999993,-9.61978093693077e-16,0.9999999999999998,-2.006168055650201e-17,0.9999999999999997,-4.469001341819334e-16,1.0,-6.133333215993034e-17,1.0000000000000002,1.9851953801727067e-16,1.0,2.5402007483317743e-16,1.0000000000000002,-4.904001998618489e-17
159022.3057378062,3094.4220780110686,1234.017024447991,2.282257874754984e-16,28231.240735404033,0.056738004265653785,-0.12001196860892326,1.202908432941523,0.30519712485529943,0.7903394208211791,-0.30488822180761993,1.006752146237299,-0.0003089030476776882,0.9999999999999991,-9.692738528378523e-16,0.9999999999999998,-1.3228218120702644e-16,1.0000000000000004,-1.2903847208415577e-16,1.0,-9.411452134690955e-17,1.0,0.0,1.0,-1.076819242283943e-16,0.9999999999999998,1.7241931834263127e-16
163666.79484705057,2841.864186630584,1127.496631389747,2.561840590679201e-16,25440.244348619282,0.045524254841680545,-0.11060234922775017,1.1983955958939203,0.28457631120229027,0.7947562362127762,-0.2837985377815077,1.0068481678933046,-0.0007777734207741636,0.9999999999999984,-1.5733442696089968e-15,1.0000000000000009,-9.277200859221029e-17,0.9999999999999991,7.71055395624116e-17,1.0000000000000002,0.0,1.0,0.0,1.0000000000000004,0.0,1.0,2.562703966645623e-16
168446.9333482831,2607.466581453794,1028.4370392247592,2.246041781211192e-16,26365.937929665495,0.036238677566657884,-0.10145191675100278,1.193288577654517,0.265643689540935,0.7998216429392078,-0.26436206346139973,1.0068897794062828,-0.0012816260795149707,0.9999999999999998,-1.8036891442082855e-15,0.9999999999999998,-8.039458052946451e-17,0.9999999999999996,1.6270054097091609e-16,0.9999999999999999,1.3638086418346171e-16,1.0000000000000007,5.784903172964965e-17,0.9999999999999996,0.0,0.9999999999999998,4.1558423507751094e-17
173366.68308899962,2389.9215584677986,936.4137103988014,2.5470787724929467e-16,28279.964781139228,0.028612070785271726,-0.09273823515906318,1.1877920399750366,0.24830458640716643,0.8053415094208966,-0.24649151554086807,1.0068664506040672,-0.0018130708663134953,0.9999999999999984,-7.15784620166221e-16,1.0000000000000007,-4.928208553256517e-16,1.0000000000000007,5.538268061972467e-16,0.9999999999999998,-8.333908399344447e-17,1.0,3.1976734013747386e-17,1.0,9.944100926134094e-17,0.9999999999999998,0.0
178430.12162849787,2187.9756426566723,851.0278373824601,2.54257029901285e-16,28982.636399963307,0.022386533030903877,-0.08457452511437805,1.182081198459066,0.23244829969976188,0.8111502480020968,-0.23008698215245166,1.0067685535388367,-0.0023613175473065216,0.9999999999999982,-1.5529437956849922e-15,1.0000000000000009,1.5185878234370308e-16,1.0000000000000004,3.7104988976140656e-16,0.9999999999999996,1.0368609399094504e-16,1.0000000000000004,2.4698318925747e-16,1.0000000000000004,-1.0656761634685046e-16,1.0000000000000004,-5.16321381655044e-17
183641.4456174173,2000.4472729894453,771.9079096271395,2.8930158139527717e-16,30217.23314611855,0.017324837461224263,-0.07702180304128728,1.1763026162183807,0.21795235186402376,0.817108784584943,-0.21504021987874122,1.006588599196679,-0.0029121319852692534,0.9999999999999987,-1.8993360403365653e-15,1.0000000000000009,2.2061188018156657e-16,0.9999999999999998,1.3677988130461247e-16,1.0000000000000007,-2.6766387803746285e-16,0.9999999999999998,0.0,0.9999999999999999,1.2146857093222697e-16,1.0,-2.414421476477287e-16
189004.97427598343,1826.2441311801194,698.710845633069,2.6217020209973626e-16,31364.31329222653,0.013215793424578237,-0.07010047740101347,1.1705746725224309,0.20468628706535322,0.8231027151351084,-0.2012379792181558,1.0063226123424645,-0.0034483078471888645,0.9999999999999983,-1.5190647344046915e-15,0.9999999999999999,-1.2010381049633945e-16,0.9999999999999998,0.0,1.0,2.0798692001804477e-16,1.0,0.0,0.9999999999999999,-1.728870492111128e-16,1.0,3.6982795238142434e-17
194525.15297383966,1664.3789725143572,631.1220696038408,2.594358430700629e-16,32394.88255309037,0.009876655645321364,-0.06380075356470291,1.164987819030621,0.1925155534605077,0.8290407857021961,-0.18856478971747598,1.0059713952671854,-0.0039507637430285895,0.9999999999999982,-2.4363025262132347e-15,0.9999999999999998,3.678251452808048e-17,0.9999999999999998,1.2427185857352075e-16,1.0,6.699778722572317e-17,1.0000000000000002,-1.3378605997078433e-16,1.0,-1.5125762671210902e-16,1.0,-1.6539064306147948e-16
200206.55691443355,1513.9820116564624,568.8539186909619,2.590045120160662e-16,33282.541299115095,0.007153467266547864,-0.058091639728890435,1.1596050205062827,0.18130582492354336,0.8348536241768139,-0.17690559001178854,1.0055413553169072,-0.004400234911756495,0.9999999999999983,-1.8541988949811248e-15,1.0000000000000002,-3.6492502779134606e-16,1.0,-1.2619179643606067e-16,1.0,-1.4843461017488172e-16,1.0000000000000002,0.0,1.0,2.619779027758353e-16,1.0000000000000004,-3.368330291886965e-17
206053.89492701108,1374.3072500944336,511.64193795559993,2.928574679103672e-16,34005.84963369066,0.004919972178967669,-0.05292858641671002,1.1544629328727896,0.17092779387934764,0.8404924791311212,-0.16614845692774474,1.0050445879960945,-0.004779336951596086,0.9999999999999978,-2.0679477150192786e-15,1.0,1.2666666561752337e-17,0.9999999999999997,7.761177519109723e-17,1.0,1.659771545688513e-16,1.0000000000000004,2.6959066465393913e-16,1.0000000000000009,1.9374317344740702e-16,0.9999999999999999,1.4617547384263413e-16
212072.0133693622,1244.730207428578,459.2390425761076,2.6969256570259456e-16,34550.24971074634,0.003075501688527993,-0.048259863570162174,1.1495743199409576,0.16126209037433153,0.8459276302623944,-0.1561874829848137,1.0044980497966496,-0.005074607389516578,0.999999999999998,-2.4577778194883104e-15,0.9999999999999999,-6.266720722936857e-17,1.0,-4.5557804169726876e-17,0.9999999999999997,1.2710857139395915e-16,1.0000000000000002,6.162651326899311e-17,1.0000000000000002,-1.180223324244607e-16,0.9999999999999999,4.3322654044514554e-17
218265.90014455165,1124.7355391740048,411.40809886048123,2.8423544393079947e-16,34909.18839387463,0.0015420913515811208,-0.04403174443559756,1.1449319372952815,0.15220368562152223,0.8511461673007665,-0.14692561878843693,1.0039218954039548,-0.005278066833080839,0.9999999999999981,-2.1538778218695974e-15,1.0000000000000004,3.595623667985632e-17,1.0,1.8152226607431225e-16,0.9999999999999993,-1.3165705810696897e-16,0.9999999999999999,-3.8370722759317254e-16,1.0000000000000002,-1.7026015498594102e-16,0.9999999999999997,5.734131122990305e-17
224640.68883496482,1013.8949983632722,367.91405319460887,2.7950594777567185e-16,35084.26680744944,0.0002610368421258613,-0.04019249845040239,1.1405136956533943,0.14366505188530682,0.8561490017055639,-0.13827711399068598,1.0033373026410455,-0.005387937894621373,0.9999999999999972,-1.5874396000905984e-15,0.9999999999999998,-4.6448928491292e-17,0.9999999999999998,8.659311035083801e-17,1.0000000000000007,-8.240859076007755e-17,0.9999999999999999,-9.31793787419303e-17,1.0,1.1640432927308648e-16,1.0000000000000004,2.123685697558333e-16
231201.66295709455,911.8385214450717,328.51706179372104,2.6808079932249496e-16,35084.466245750715,-0.0008108699555933185,-0.03669516378543585,1.1362885148060364,0.13557752937897274,0.8609472299193517,-0.13016913798525587,1.0027642552746077,-0.005408391393722474,0.9999999999999972,-1.3119245252890763e-15,0.9999999999999988,1.5930144677488269e-16,0.9999999999999997,8.180807379440405e-17,1.0000000000000002,1.6063934135237716e-16,1.0000000000000002,-2.34582544034798e-16,1.0,0.0,1.0000000000000002,1.1450992091910428e-16
237954.26034059562,818.2230685543217,292.96797569597624,3.0862397004891125e-16,34924.68247806515,-0.0017051263886713741,-0.033499109552180134,1.1322220535935286,0.12789073353277086,0.8655582116423753,-0.12254227510305027,1.0022197347640975,-0.005348458429721896,0.9999999999999968,-1.4238688668721269e-15,0.9999999999999998,5.005519736994078e-17,0.9999999999999999,0.0,0.9999999999999998,0.0,1.0,6.923761616486855e-17,1.0,-5.58197348169843e-17,0.9999999999999998,7.933589162066499e-17
244904.07763523603,732.7044294381063,261.0069940140541,2.8071169456101066e-16,34623.892239834095,-0.0024450067882142434,-0.030570498895027283,1.128281535382201,0.1205702706915993,0.8700018569658039,-0.1153498294020418,1.0017166076519997,-0.005220441289553857,0.999999999999997,-1.7308977363932883e-15,0.9999999999999997,-3.6607654510020676e-17,0.9999999999999999,-7.185958491460072e-17,1.000000000000001,-1.5989997196992136e-16,0.9999999999999999,-1.364714790169072e-16,1.0000000000000002,0.0,1.0,2.605831010177701e-16
252056.8749494808,654.9162918198816,232.36551478434112,3.2058079568629467e-16,34203.272222164895,-0.00304848299066407,-0.027881881255611102,1.124439147723449,0.11359435409111486,0.8742975806291701,-0.10855614136568947,1.00126327164738,-0.005038212725426616,0.9999999999999967,-1.98117475596298e-15,1.0000000000000002,-3.427271949349089e-17,0.9999999999999997,0.0,0.9999999999999999,1.353465369458998e-16,0.9999999999999994,-1.7568927682918193e-16,0.9999999999999994,9.387496635791518e-18,0.9999999999999994,-6.184307438526647e-17
259418.58062455276,584.4588354571694,206.77047675129603,3.1595872542598725e-16,33684.51952960432,-0.0035304216845872816,-0.025411221455939152,1.1206738584678317,0.10695002914189289,0.8784622063440332,-0.10213430669535284,1.0008639351881388,-0.0048157224465385645,0.9999999999999969,-1.2075496817330167e-15,1.0000000000000002,-7.50066406317248e-17,1.0,9.292075019613144e-17,1.0000000000000002,3.263976764473961e-17,1.0,-3.697853906556411e-17,1.0000000000000002,-5.0440597105750274e-17,1.0,9.151252943899293e-17
266995.2961479268,520.8967966584479,183.9500530557451,2.952069868974218e-16,33088.52256400028,-0.0039040404680577012,-0.02314068332884507,1.1169718197405352,0.10062963148019155,0.8825088738130937,-0.09606373905285934,1.0005193064463713,-0.004565892427331598,0.9999999999999973,-1.3963089724388199e-15,0.9999999999999997,-6.5741413655458394e-18,1.0000000000000004,-7.924595198625478e-18,1.0,-6.51769751547173e-17,1.000000000000001,-8.413251996346041e-17,1.0000000000000004,-2.1912825692609745e-16,1.000000000000001,4.304304629478816e-17
274793.30121033057,463.7651189124233,163.63951065865663,3.0175208232791674e-16,32434.43499256042,-0.004181720846666792,-0.021055429896231312,1.1133257354031383,0.09462789019893425,0.88644680494477,-0.09032794504493544,1.0002274596520901,-0.004299945154001956,0.999999999999997,-8.544062737362439e-16,0.9999999999999999,-4.2171341628161807e-17,0.9999999999999999,7.141295235480048e-17,1.0000000000000004,0.0,1.0,0.0,1.0000000000000004,0.0,0.9999999999999998,2.0556972898273685e-16
282819.0589104421,412.5793837840903,145.58630634395752,3.0123309475864017e-16,31739.132139905156,-0.004375342602962462,-0.019142609316817185,1.1097336264928714,0.08893984971039884,0.890281676424933,-0.08491273741251346,0.9999846970822008,-0.0040271122978853095,0.9999999999999961,-3.6801251339230426e-16,0.9999999999999996,2.426090081954662e-16,1.0000000000000002,-5.925731588485966e-17,1.0000000000000004,0.0,0.9999999999999992,4.195966250607479e-17,1.0,-1.5492230901276852e-16,1.0000000000000007,6.968321478059688e-17
291079.22111159936,366.848192466812,129.55388752569561,3.049991036493908e-16,31016.98526314131,-0.004496316650659082,-0.0173906004888165,1.1061973767729623,0.08355958995361516,0.8940163275728144,-0.07980496455526953,0.9997862956542235,-0.003754625398347164,0.9999999999999961,-6.779682548439672e-16,1.0,-6.006747994734126e-17,0.9999999999999998,-6.88656845411343e-17,1.0000000000000004,-4.057105009406362e-17,1.0,0.0,1.0,-8.454721398169238e-17,0.9999999999999993,-5.020523916404467e-16
299580.6339549597,326.08524545644747,115.32404832405227,3.1660309970963563e-16,30279.871896162327,-0.00455546771822668,-0.015788518526068326,1.1027213322590022,0.07847960732900933,0.8976515772222396,-0.07499172304597475,0.9996270905187662,-0.0034878842830323646,0.9999999999999961,3.0958038167258063e-16,1.0000000000000004,2.448509407290013e-16,1.0,2.0349390503016382e-17,0.9999999999999999,0.0,1.0,1.6580434742672513e-16,1.0000000000000002,5.975011113606952e-17,0.9999999999999997,1.0422224328770851e-16
308330.3435336804,289.8196736723903,102.69796449691746,2.822021050238264e-16,29537.34199489187,-0.004562874755286828,-0.014325936954938381,1.0993111122128325,0.07369067400109913,0.9011869953340087,-0.07045995820271705,0.9995018924531583,-0.0032307157983829456,0.9999999999999968,-9.949513743706336e-16,1.0000000000000002,-3.124390718713168e-16,1.0000000000000002,-2.1764774098929068e-17,0.9999999999999996,6.380913739302081e-17,1.0,4.2418710973049307e-17,0.9999999999999998,1.6244700199051575e-17,1.0000000000000004,-2.0943543649249236e-16
317335.6017328219,257.60394259842036,91.49617740059986,2.8254317473154035e-16,28796.872234377475,-0.004527732967581244,-0.012992767216374842,1.0959726940536605,0.06918199960083533,0.9046215455153239,-0.06619633934144944,0.9994057604310145,-0.0029856602593871804,0.9999999999999968,-1.2488387249922543e-16,1.0,2.44109793434513e-16,0.9999999999999997,2.699159883668034e-16,0.9999999999999993,1.2815680804903218e-16,1.0000000000000004,2.1724853357722447e-17,1.0000000000000002,0.0,1.0,1.31069064109476e-16
326603.8722398141,229.01922452072233,81.55783581236571,2.504506020666944e-16,28064.15727631335,-0.0044582663247965115,-0.011779237982850937,1.0927117705435418,0.06494155235387196,0.9079540691910472,-0.0621873057028369,0.9993341602654138,-0.002754246651034488,0.9999999999999964,-5.64036339408877e-16,1.0,-1.6380586414289158e-16,1.0000000000000002,-3.3080435399841035e-16,0.9999999999999996,2.420825130818311e-16,1.0,-2.1928738727495148e-16,1.0000000000000004,-3.612615630274369e-16,1.0,-4.200072211428846e-16
336142.8367304681,203.6784909557269,72.73947784424185,2.312484861813939e-16,27343.403129933806,-0.00436169615155535,-0.010675927931629789,1.0895333427759484,0.06095643744578907,0.9111836168221614,-0.0584192013502436,0.9992830404018942,-0.002537236095546194,0.9999999999999966,4.403131636876023e-16,0.9999999999999993,-4.9091682448493687e-17,0.9999999999999999,-2.1931953857620094e-16,1.0000000000000002,-6.493248933708125e-17,1.0000000000000002,3.613092819754235e-17,0.9999999999999997,1.2246284239886806e-16,1.0000000000000002,0.0
345960.40123565943,181.22774351138975,64.91357647607661,2.543108574974493e-16,26637.60120084339,-0.004244258612864371,-0.009673819217712125,1.086441498885635,0.057213267833466995,0.9143096495481735,-0.05487844214259216,0.9992488515661888,-0.002334825690876379,0.9999999999999963,-3.1551163524842504e-16,0.9999999999999999,1.5727203100633716e-16,0.9999999999999992,2.1488047111871707e-16,1.0000000000000002,-2.1070157139299353e-16,0.9999999999999997,0.0,0.9999999999999998,0.0,0.9999999999999997,-5.712355784674394e-17
356064.70269396005,161.3458410087819,57.967008846702996,2.3358322711320143e-16,25948.771870742967,-0.00411125873534246,-0.008764351232010368,1.0834393283868267,0.053698491926014065,0.9173321405377584,-0.051551679464941914,0.9992285310754203,-0.00214681246107181,0.9999999999999973,0.0,1.0,-1.0611406774373593e-16,1.0,2.428739364951671e-17,0.9999999999999997,1.5578226170399988e-16,1.0,1.7831763467516363e-16,1.0,-6.720481900653591e-17,1.0000000000000002,5.690348939267881e-18
366464.1156956499,143.7433432849759,51.79955309511074,2.1128982157200768e-16,25278.173418241415,-0.003967148020272759,-0.0079394637160145,1.0805289286122814,0.0503986629003747,0.9202516044423524,-0.04842594173435492,0.9992194669453707,-0.001972721166020076,0.9999999999999973,6.347430220906558e-16,1.0,1.4967618004518383e-16,1.0000000000000002,1.3867442267343221e-16,0.9999999999999996,2.414418035700016e-16,0.9999999999999991,7.403968612840928e-17,1.0000000000000002,-9.014398134596177e-17,1.0,4.443105023302929e-17
377167.2594236978,128.1607214316772,46.322473226356564,2.2280996453002785e-16,24626.47648794905,-0.0038156144756626986,-0.007191624809389454,1.077711468823133,0.04730064717814362,0.923069079004614,-0.045488745796805535,0.9992194521722548,-0.001811901381337693,0.9999999999999973,-4.453454807722523e-16,1.0000000000000002,1.1863676632140811e-16,0.9999999999999993,7.281001115861139e-17,1.0000000000000002,-1.0758898684035498e-16,1.0000000000000004,1.900715708395387e-16,0.9999999999999993,4.078644445143014e-17,1.0000000000000004,8.527643792328732e-17
388183.00479746424,114.36620540167972,41.45722193812388,2.1622872584483855e-16,23993.906787883083,-0.0036596764845029384,-0.00651384358591254,1.0749872864526382,0.04439177669572685,0.9257860776223615,-0.042728177154575345,0.9992266359250045,-0.0016635995411511408,0.999999999999997,-1.9121167820631548e-16,1.0000000000000004,-1.4469629888136838e-16,0.9999999999999998,-6.63083928154746e-17,1.0000000000000007,0.0,0.9999999999999997,-3.261600494498896e-17,1.0000000000000004,-3.3911174338704947e-16,1.0,-2.8043917395346717e-16
399520.48182504677,102.15346747701743,37.13427159533589,3.251197988362216e-17,23380.359863077643,-0.0035017745341576756,-0.0058996687816013004,1.0723559977129056,0.04165995288413743,0.9284045265352662,-0.0401329416803267,0.9992394757518327,-0.0015270112038125536,0.9999999999999968,1.4671085375931347e-15,1.0000000000000007,1.5111549638396005e-16,1.0000000000000004,-2.313029902477525e-16,1.0,-1.3879667155317238e-16,0.9999999999999997,-1.7286494184905691e-16,0.9999999999999998,4.0710674380783196e-17,0.9999999999999999,-1.524537934832399e-17
411189.0871703619,91.33927945013212,33.292071643623785,6.536327462149951e-17,22785.4921148388,-0.003343857019743268,-0.005343176332830279,1.069816610759538,0.03909371123476303,0.9309266961367006,-0.03769239317419133,0.9992566931037655,-0.0014013180605709258,0.9999999999999962,0.0,1.0000000000000007,6.433672732964979e-17,1.0000000000000002,1.7569069198243198e-16,1.0,1.65321178813224e-17,1.0,-1.1610552167618727e-17,0.9999999999999992,-1.6424061868614353e-16,0.9999999999999992,-1.6028118374701374e-16
423198.4919412352,81.76123460337165,29.87612451496108,1.4645060872048872e-16,22208.79211565457,-0.003187458041431057,-0.004838948526312359,1.0673676341596716,0.036682254923473316,0.9333551325562826,-0.03539654152430972,0.9992772332840468,-0.0012857133991655315,0.9999999999999983,1.1533229282006572e-15,0.9999999999999994,-8.023285109357143e-17,1.0,-3.2154135782985596e-17,0.9999999999999998,4.332007432532201e-16,0.9999999999999998,0.0,0.9999999999999996,-1.5243123702953853e-16,0.9999999999999996,-5.121025027744139e-18
435558.64970495465,73.27559047094576,26.83816916439665,3.478748813177349e-17,21649.635856355933,-0.0030337663225097344,-0.00438204735217072,1.0650071765698266,0.034415464987644015,0.9356925932402846,-0.033236046012277136,0.9993002301898916,-0.0011794189753670196,0.9999999999999966,1.2804377300187374e-16,1.0,3.0764492743363536e-16,1.0,0.0,1.0000000000000002,-1.7255516980534484e-16,0.9999999999999998,-3.092391428628426e-16,1.0,2.4002164031850427e-16,1.0,-1.3769389487119557e-16
448279.80473793007,65.75526361227405,24.135460659616477,4.460690497759646e-17,21107.329085311718,-0.002883685181444662,-0.00396798425675799,1.0627330356546372,0.032283893312620764,0.937941988577546,-0.031202197724129424,0.9993249757678189,-0.0010816955884913402,0.9999999999999976,3.8444849987632075e-16,1.0000000000000002,3.405089033895618e-16,1.0,-4.116735701896833e-17,1.0000000000000004,1.5949628080594084e-16,0.9999999999999998,-4.885932685600047e-17,0.9999999999999997,-7.251104737544551e-17,1.0,0.0
461372.5005162968,59.08799055267249,21.730134634680024,5.038555005716549e-17,20581.13939649149,-0.002737883994313961,-0.003592688054190143,1.0605427756831622,0.030278743463177802,0.9401063304572373,-0.02928689434824741,0.9993508938596002,-0.0009918491149305726,0.9999999999999979,0.0,1.000000000000001,-5.121102082019065e-17,0.9999999999999998,-6.265199176694157e-17,0.9999999999999999,-9.777723299369721e-17,1.0000000000000002,1.3616378283148526e-16,1.0000000000000002,-6.701846884914069e-17,1.0000000000000004,-1.1238593470232633e-16
474847.5884545001,53.17465770088208,19.588646340461967,1.0761736553322798e-16,20070.320249037268,-0.0025968418607007493,-0.003252472339282589,1.0584337940824293,0.028391843308029997,0.9421886879171102,-0.027482609986829745,0.9993775180004622,-0.0009092333211998968,0.9999999999999979,-8.334819181695556e-16,0.9999999999999997,-4.959831790992605e-17,0.9999999999999994,-7.331228061626393e-17,1.0,1.881534546053376e-16,0.9999999999999999,2.4334304281366476e-17,1.0000000000000004,1.6153921376464836e-16,0.9999999999999998,-1.4980964056056086e-16
488716.23689910356,47.92779588188082,17.681275156199817,8.558363561519451e-17,19574.12868716329,-0.0024608843114251044,-0.002944003381359473,1.0564033776941355,0.026615612458672545,0.9441921496118153,-0.02578236201856633,0.9994044726940537,-0.0008332504401084681,0.9999999999999944,2.188451540907606e-15,1.0000000000000009,3.4550739258729296e-17,0.9999999999999998,1.1810023964831693e-16,0.9999999999999999,3.317746677895839e-17,1.0000000000000007,-9.300028645814526e-17,0.9999999999999998,-8.372032825491337e-17,0.9999999999999996,1.1959520853443403e-16
502989.94038527523,43.27023085218926,15.981686569411677,5.547174731996269e-17,19091.838176930767,-0.002330213927550062,-0.0026642691803462916,1.0544487497291097,0.024943026780398145,0.9461197925747257,-0.024179676545945706,0.9994314576961709,-0.0007633502344548863,0.999999999999994,2.537821479601364e-15,1.0000000000000004,1.3647083742447108e-17,0.9999999999999997,5.020780552177783e-17,0.9999999999999994,-3.004761096309417e-16,1.0000000000000009,-1.6970430463967766e-16,1.0000000000000007,-8.366967731549613e-17,1.0000000000000009,5.656319745265298e-17
517680.5291636236,39.133878821771184,14.46654467399277,9.163119121183632e-17,18622.74768115876,-0.002204935705911737,-0.002410550130880022,1.052567108474999,0.023367581639330972,0.9479746566521106,-0.02266855356310783,0.9994582348728932,-0.000699028076222803,0.9999999999999974,0.0,1.0000000000000004,-1.6286795194576237e-16,1.0,-4.792462642080531e-17,0.9999999999999997,-5.061838134698109e-17,1.0000000000000002,-3.293192253633361e-17,1.0000000000000007,-1.5130322516283765e-16,1.0000000000000007,1.659348635034926e-17
532800.1790052791,35.4586750087873,13.54325668044405,6.855514391778703e-17,18166.18785379643,-0.0020850779480170445,-0.002180391560898309,1.0507556588413267,0.02188325506934605,0.9497597239170684,-0.021243432647394086,0.9994846172416063,-0.0006398224219519111,0.9999999999999969,2.5436118902284075e-16,0.9999999999999996,2.971659965700377e-17,0.9999999999999997,-5.306667322667691e-17,1.0,-6.633382739378561e-17,0.9999999999999998,4.655012213317251e-17,1.0,1.624225652768014e-17,0.9999999999999994,-2.9541877863307285e-17
548361.4212933487,32.19162304534832,12.987284358395002,5.945751007278887e-17,17721.525042779285,-0.001970609363361575,-0.0019715782761925886,1.049011637711979,0.02048447169502498,0.9514779024352937,-0.019899159739846694,0.9995104598527325,-0.0005853119551792019,0.9999999999999962,8.74920514551923e-16,1.0000000000000002,-1.877773898437245e-16,1.0,-5.0335850526002175e-17,0.9999999999999997,-9.214871186934788e-18,1.0000000000000002,-6.968409142024092e-17,0.9999999999999997,6.522827695963002e-17,1.0000000000000002,-6.838715379159539e-18
564377.1534091057,29.285953400847447,12.4601463583824,7.69352232762575e-17,17288.163632585718,-0.0018614529982343697,-0.0017821111478977215,1.0473323340228082,0.019166067976131285,0.9531320137614091,-0.01863095538978943,0.999535652215788,-0.0005351125863434219,0.9999999999999964,1.310909229175965e-15,1.0,1.298989109151148e-16,0.9999999999999996,-2.8735186471396935e-17,0.9999999999999997,-5.795807874612122e-17,0.9999999999999996,0.0,0.9999999999999996,1.0025540716040582e-16,0.9999999999999997,4.090860093445885e-17
580860.6494215255,26.700379636195866,11.960790062177686,9.999843592060422e-17,16865.547139857714,-0.0017574975174454721,-0.0016101857111576025,1.0457151043613169,0.017923259133570263,0.9547247836217947,-0.017434384692700453,0.9995601120168915,-0.000488874440869701,0.9999999999999971,-3.738457010447509e-16,0.9999999999999996,-1.0477370021594922e-16,1.0000000000000002,9.93341728206184e-17,1.0,0.0,1.0,1.1641219197954667e-17,1.000000000000001,-1.6802543471933986e-16,1.0,-5.730052103013264e-17
597825.5710890242,24.398442104479333,11.488161499572579,7.168281732975028e-17,16453.15837667696,-0.001658606291215392,-0.0014541726991170656,1.0441573848003058,0.01675160797216492,0.9562588352863269,-0.016305329048928112,0.9995837799133697,-0.00044627892323897413,0.9999999999999982,2.1202827303911205e-15,0.999999999999999,4.199689920092495e-17,0.9999999999999997,3.2386048077733936e-17,1.0,-6.061375085395447e-17,0.9999999999999991,1.6923052260856678e-16,1.0,-2.208108519772158e-16,0.9999999999999997,3.653835081473257e-19
615285.9791825201,22.34792958392979,11.041207039128814,1.0295219565659192e-16,16050.518922044563,-0.0015646246694984711,-0.0013126004077770649,1.0426566995684028,0.015646995714249146,0.9577366852061698,-0.015239959800650954,0.999606615225434,-0.0004070359135975663,0.9999999999999968,-1.2287020088897478e-16,0.9999999999999999,1.2543576354824197e-18,1.0000000000000004,3.2114126810972624e-17,1.0000000000000002,3.3717402013313184e-17,0.9999999999999996,-3.065834938351491e-17,1.0000000000000002,1.1207796021950794e-17,1.0000000000000002,-1.3765702064674351e-17
633256.3451392035,20.520370218617593,10.618875609977266,6.450824197110283e-17,15657.188086936461,-0.0014753857674563164,-0.0011841387700665634,1.041210667086331,0.01460559486759943,0.9591607405401198,-0.01423471373658615,0.9996285923735492,-0.00037088113101155267,0.9999999999999999,-1.3181274795858662e-15,1.0000000000000009,3.998489646774662e-16,1.0000000000000004,-4.1519921283438744e-17,1.0000000000000002,-7.00582538480292e-17,0.9999999999999999,-2.3724221750965333e-17,0.9999999999999999,-3.69765577309347e-17,0.9999999999999998,-6.425840554580121e-17
651751.5630566714,18.89058397503649,10.220121245858586,8.717155528413124e-17,15272.761509135144,-0.0013907150316896377,-0.0010675850113313055,1.039817003817369,0.013623844116832262,0.9605332982471582,-0.013286270434996071,0.9996496979354766,-0.0003375736818386335,0.9999999999999953,2.484118393441466e-15,0.9999999999999994,5.83048503537533e-17,1.0,-7.181158028824096e-17,1.0,-5.726436603620044e-17,0.9999999999999998,-5.4876178788413337e-17,1.0000000000000002,5.226335888551244e-17,1.0000000000000002,3.123632500052924e-17
670786.9620373696,17.43628962038357,9.84390580864466,1.2208043109406414e-16,14896.869484538813,-0.0013104338126339599,-0.0009618507556502793,1.0384735263087936,0.012698425179547022,0.9618565454735052,-0.012391531379115937,0.9996699282177081,-0.0003068938004335276,0.9999999999999954,2.26426822565862e-15,1.0000000000000004,-3.4436461115777308e-18,0.9999999999999996,-3.995465591927946e-18,0.9999999999999992,-3.3848699412902675e-17,1.0000000000000013,-1.6332869054521813e-16,0.9999999999999998,4.361160864390697e-17,0.9999999999999998,-7.680231205245177e-18
690378.3188935732,16.13775994633486,9.489201793609613,1.0867000343601696e-16,14529.175115662632,-0.001234362131114608,-0.0008659504548239229,1.037178151755392,0.0118262415373619,0.9631325609909778,-0.011547600755604332,0.9996892872536279,-0.00027864078175740347,0.9999999999999999,-6.236163323242612e-17,1.0000000000000007,-7.168529106791166e-17,1.0000000000000004,-3.1880108843531976e-17,1.0000000000000004,-3.4217556372016124e-17,0.9999999999999999,1.674887345889848e-16,1.0000000000000009,2.322996199122394e-17,0.9999999999999999,-1.2657651887837551e-16
710541.8712234357,14.977519594015357,9.154995145749126,9.745203314227365e-17,14169.372335866594,-0.0011623207928934676,-0.0007789910185825236,1.0359288973520595,0.01100439896039675,0.9643633174920917,-0.010751767859862293,0.9997077851558495,-0.0002526311005343779,0.9999999999999996,-6.289354608333863e-17,1.0,-2.4892975392639735e-17,1.0,-1.6365396288702118e-17,0.9999999999999997,-7.734041671746331e-17,0.9999999999999998,8.884983251358837e-17,0.9999999999999996,-1.346606315792217e-16,1.0000000000000002,-5.139058090095214e-17
731294.3308689432,13.940080413833497,8.84028803659936,1.0586739515535429e-16,13817.183858128217,-0.001094132979517326,-0.0007001625298859716,1.0347238786685478,0.010230187712108738,0.9655506845693371,-0.010001491004028727,0.9997254367621197,-0.00022869670808272862,0.9999999999999954,3.085565213490515e-15,1.0000000000000004,1.9857346849629476e-17,1.0000000000000002,2.1887430900908265e-17,1.0000000000000002,5.557910241580847e-17,1.0000000000000009,-1.554287249268233e-17,0.999999999999999,1.5408103149897282e-17,0.9999999999999998,-2.725885836676782e-19
752652.8977669296,13.011709789429888,8.544101559688619,1.2851322847874456e-16,13472.359084300793,-0.001029625420578384,-0.0006287299379854873,1.0335613072426921,0.009501066329532418,0.9666964322325754,-0.00929438283350725,0.9997422605247297,-0.00020668349602340742,1.0000000000000027,-1.816314907605664e-15,0.9999999999999997,5.990605189786022e-17,0.9999999999999997,9.720487787270859e-17,1.0000000000000002,-4.992909996121938e-17,0.9999999999999998,-1.8054521266542316e-17,1.0,7.872536863483237e-17,1.0000000000000002,-1.4565624946169206e-16
774635.2742046312,12.180227803234036,8.26547830786379,1.3884688467813025e-16,13134.672004224924,-0.0009686292333412894,-0.0005640256300479003,1.032439487554209,0.008814646873445466,0.9678022348440317,-0.00862819695839835,0.9997582776017624,-0.00018644991504832643,0.9999999999999966,1.423759941134663e-15,0.9999999999999993,-1.2225467483357605e-16,0.9999999999999993,8.887983675199296e-17,0.9999999999999994,1.6525172502687825e-16,0.9999999999999989,-1.6195047579363715e-16,1.0,7.89025139996451e-18,0.9999999999999993,5.386327323997913e-17
797259.6794915972,11.434829529612827,8.003484798353082,1.8307799086995255e-16,12803.919109086113,-0.0009109805002012195,-0.0005054427903351502,1.0313568135171614,0.008168681543007523,0.96886967536715,-0.008000815806671448,0.9997735111156872,-0.00016786573633789407,0.9999999999999993,1.4203413419858416e-15,1.0,4.3835400972322764e-17,0.9999999999999998,5.94194960939021e-17,1.0,0.0,1.0000000000000007,1.3182131298443795e-16,0.9999999999999998,4.208278161575913e-17,1.0000000000000002,-7.1198150647067e-17
820544.865060115,10.765929123617413,7.757213713093615,1.899182272887897e-16,12479.917339268075,-0.0008565206411361714,-0.0004524294641023736,1.0303117646082085,0.007561050553910878,0.9699002498411342,-0.007410239610514098,0.9997879855506604,-0.00015081094339607833,0.9999999999999981,-1.0304453408549912e-15,1.0000000000000002,5.034674523398419e-17,0.9999999999999994,9.33021027875768e-18,1.0,4.1646761602854155e-17,1.0000000000000004,-1.0523668758693585e-17,1.0000000000000002,2.2865436628555802e-17,0.9999999999999998,-3.3007826637205925e-17
844510.1300066669,10.165022740816827,7.525785924015124,1.1968060133195655e-16,12162.502084408237,-0.0008050966280706007,-0.0004044832512426262,1.0293029017252096,0.006989751187504251,0.9708953720099606,-0.00685457644517668,0.9998017262648302,-0.00013517474232712206,0.999999999999999,-4.282835122420996e-16,1.0000000000000002,2.894388021951782e-17,0.9999999999999994,-1.0424579607807513e-16,0.9999999999999999,3.8448124933035496e-17,1.0,1.4354834167667878e-16,1.0,5.940804261343332e-17,0.9999999999999997,1.6398707150616596e-17
869175.3370872986,9.624567684094314,7.308352276967534,2.2159475293280486e-16,11851.525251104127,-0.0007565610783260013,-0.00036114656158990296,1.0283288628640859,0.006452887915320286,0.9718563780379768,-0.006332033236293483,0.9998147590979319,-0.00012085467902585154,1.0000000000000042,-5.980854144173562e-16,1.0,-1.0768521715753047e-17,1.0000000000000007,1.8154886678673002e-18,1.0,-1.5210111101476782e-17,0.9999999999999993,-3.079815029861354e-17,0.9999999999999992,-7.526987102355013e-17,0.9999999999999998,1.2758416254444894e-16
894560.9291801571,9.1378755210265,7.104095112263432,1.1272970606924348e-16,11546.853411348633,-0.0007107722576975561,-0.00032200237140160153,1.02738835867647,0.005948663526933247,0.9727845312655858,-0.0058409076742216865,0.9998271100579502,-0.00010775585271521658,0.9999999999999949,3.2384856345340758e-15,1.0000000000000004,1.458458613534058e-16,1.0000000000000002,5.680775313458024e-17,1.0000000000000002,-5.3304650727793844e-17,0.9999999999999999,-3.4444541233424585e-17,1.0000000000000002,-1.0140728690859332e-16,0.9999999999999999,9.490136284665278e-17
920687.9462288416,8.699017254232666,6.912229507460382,1.1932348031314078e-16,11248.366044196735,-0.0006675940173934691,-0.0002866704254367253,1.0264801679751527,0.0054753711690697805,0.9736810269516571,-0.00537958095348725,0.9998388050731947,-9.57902155837127e-05,0.9999999999999973,1.0200586527912858e-15,0.9999999999999997,-6.317604657960586e-17,1.0,-5.784915715061383e-18,0.9999999999999999,1.3046432812479336e-17,1.0000000000000007,5.144742585302068e-17,1.0000000000000002,-8.297993787604813e-17,1.0,1.429319932559553e-17
947578.0426806114,8.30273893532067,6.7320042341770625,2.204734676990521e-16,10955.953879775703,-0.0006268956838226813,-0.00025480383618186036,1.0256031332316347,0.005031387237624325,0.9745469969695676,-0.004946511288103,0.9998498697988056,-8.487594952276589e-05,0.9999999999999934,1.3565767111927256e-15,0.9999999999999991,-1.9646533345490162e-17,1.0000000000000004,-6.63868332024417e-18,0.9999999999999996,-8.222478516270357e-17,1.0000000000000002,0.0,1.0000000000000004,-2.26150209573357e-16,0.9999999999999999,-3.932099513944058e-17
975253.505433903,7.944386394556207,6.5627024295149425,1.4228320064141233e-16,10669.517353955629,-0.0005885519168771225,-0.00022608603588486565,1.0247561561145953,0.00461516504885733,0.9753835144171915,-0.004540228137458171,0.9998603294682119,-7.493691139890906e-05,1.000000000000001,1.691344839955237e-16,1.0000000000000002,-1.1863990285329131e-18,0.9999999999999997,-3.014804287754354e-17,0.9999999999999999,2.641609728305763e-16,1.0000000000000002,-3.61170345891126e-17,1.0000000000000007,1.6319566353795548e-16,1.0,6.110714163869636e-17
1003737.2723100319,7.61983799588567,6.403641989867305,1.8968430590000117e-16,10388.96517922416,-0.0005524425480842865,-0.00020022804232497162,1.0239381931056515,0.00422522923325097,0.9761915981124268,-0.0041593270939130796,0.9998702087819198,-6.59021393391032e-05,1.0000000000000018,1.0121866354221179e-15,1.0000000000000007,-1.1102833626828188e-16,1.0000000000000004,-1.2955003247326827e-17,1.0,4.746684914841297e-18,1.0,5.739135085484382e-17,0.9999999999999996,1.404432101204005e-17,0.9999999999999999,-1.6886784133247722e-17
1033052.9510643885,7.325444523330459,6.254175702346962,3.383197894982476e-16,10114.213035610364,-0.0005184524082864073,-0.0001769660029012942,1.0231482512288939,0.0038601707873322576,0.9769722169439718,-0.003802465374229157,0.9998795318271304,-5.770541310224227e-05,1.0000000000000036,-1.1357728835706866e-15,0.9999999999999998,3.344680694802419e-17,1.0,-3.6781228508262257e-17,1.0000000000000002,4.1669356661762947e-17,0.9999999999999996,-5.31894362203731e-17,1.0000000000000002,6.384895187034781e-17,0.9999999999999994,-1.0814330430521654e-16
1063224.838952885,7.057975456184911,6.113691134443229,1.5391044852972165e-16,9845.182382421921,-0.000486471151489809,-0.00015605898628276416,1.022385383922369,0.003518642740951414,0.977726294054681,-0.0034683578784443607,0.9998883220229534,-5.0284862509017205e-05,0.9999999999999959,1.930041498693305e-15,0.9999999999999999,4.969069096027994e-17,1.0,1.9801922024683083e-17,0.9999999999999999,4.244530676136306e-17,1.0000000000000007,-5.664364108102046e-17,1.0,-2.0989815842101454e-16,1.0,1.676217203270974e-17
1094277.942869871,6.814571006323382,5.9816103076830505,1.349618171232536e-16,9581.799389941905,-0.00045639307996481193,-0.00013728699340875538,1.021648687080793,0.0031993563825598024,0.9784547108326834,-0.003155773764164086,0.9998966020865256,-4.3582618394916e-05,0.9999999999999967,-2.9294891840615797e-16,1.0000000000000002,-7.166629708026739e-17,1.0000000000000002,1.4697240455137363e-16,1.0000000000000004,0.0,1.0,6.387360678294618e-17,1.0000000000000002,-1.0802983705866375e-16,0.9999999999999998,5.5065139787380216e-18
1126238.0000742055,6.5926993733919925,5.85738918391069,3.246404904186572e-16,9323.99398747363,-0.00042811697442601826,-0.0001204491629848442,1.0209372952956024,0.0029010779922357716,0.9791583106879901,-0.002863533490842932,0.9999043940164096,-3.754450139539432e-05,0.9999999999999976,2.003664887357434e-15,0.9999999999999997,-6.136777611046391e-17,0.9999999999999994,7.161289524621123e-17,0.9999999999999994,-9.167278107608493e-17,0.9999999999999998,-2.4312667878756247e-16,1.0,-1.0972922095990964e-16,1.0000000000000002,1.454891172722154e-17
1159131.4995206685,6.390118732521649,5.740516994125101,8.604693186163148e-17,9071.699022099025,-0.00040154593183672205,-0.00010536214977771792,1.0202503783115238,0.002622626044549257,0.9798379025985905,-0.0025905063003534607,0.9999117190898862,-3.2119744197253086e-05,0.9999999999999989,1.040925223524162e-15,0.9999999999999999,4.6414670297195275e-19,1.0,7.790324710549379e-17,0.9999999999999997,1.7468885064908177e-16,0.9999999999999998,-1.6377591788319287e-16,1.0,-2.565934679016759e-16,1.0000000000000004,-8.870689277095329e-17
1192985.703814387,6.204843512683473,5.630515440221853,3.109038866260955e-16,8824.849520645332,-0.0003765872119032565,-9.185865580726239e-05,1.0195871377230323,0.0023628688281908017,0.9804942644055129,-0.0023356080844810223,0.999918597871452,-2.7260743709835547e-05,1.0000000000000018,-7.475734594377493e-16,1.0000000000000002,-3.392122542634788e-17,1.0,4.152658635376596e-17,1.0000000000000004,9.206810728299887e-17,0.9999999999999987,-2.1612736456674462e-17,0.9999999999999998,-1.6725024393628061e-16,1.0000000000000007,9.156123571769207e-17
1227828.6718064735,6.03511455557707,5.526937798396076,1.8624904801241872e-16,8583.382045681445,-0.0003531520936306265,-7.978609725772414e-05,1.0189468039262535,0.0021207224420415264,0.9811281458437197,-0.00209779960228603,0.9999250502300325,-2.2922839756866253e-05,0.999999999999995,9.942620989928955e-16,1.0000000000000002,-3.983749235813561e-17,1.0000000000000004,1.4773887042695466e-16,1.0000000000000002,-3.165611278742544e-17,1.0000000000000002,-2.1322954609526414e-17,1.0,8.883072116195074e-18,1.0000000000000004,3.937866945473297e-17
1263689.2818496055,5.879372771732649,5.429367950550615,1.5243622690645741e-16,8347.234135278184,-0.00033115574135678116,-6.900539169247322e-05,1.018328633341463,0.0018951491221963716,0.9817402712956781,-0.0018760850047081527,0.9999310953628624,-1.9064117489020275e-05,0.9999999999999961,3.719177321408943e-16,1.0,2.7980433235192155e-17,1.0000000000000002,-2.7532837850942817e-17,1.0000000000000007,-7.638421233481916e-17,0.9999999999999994,-1.5234996802730806e-16,1.0000000000000002,4.806329479464386e-17,0.9999999999999998,1.3341881017024996e-16
1300597.255732819,5.7362359341407565,5.337419366377804,3.6686874473031317e-16,8116.343815350053,-0.00031051708048579485,-5.938985209652442e-05,1.0177319059180352,0.001685155858124213,0.9823313422578754,-0.0016695106271236743,0.9999367518240916,-1.5645231001186617e-05,0.9999999999999979,3.297732109144583e-16,1.0000000000000002,-1.6903271923431098e-16,1.0000000000000002,1.4639980326723843e-17,1.0000000000000002,3.777786444019437e-17,0.9999999999999993,-5.295784260497834e-18,1.0000000000000002,7.116000337390919e-17,1.0000000000000002,5.1332181863516504e-18
1338583.183315355,5.604478272499804,5.2507340542730025,3.6502349656014025e-16,7890.649173249274,-0.00029115868203177797,-5.08241757591904e-05,1.0171559229296812,0.0014897932532474789,0.9829020395138187,-0.0014771640074122021,0.9999420375564971,-1.262924583426496e-05,1.0000000000000016,-6.990386863799422e-16,1.0000000000000004,-8.577798434963291e-17,0.9999999999999998,2.503391737979051e-18,1.0,-4.586704781998445e-18,1.0000000000000002,-3.372080759381161e-17,0.9999999999999998,6.646393851634918e-18,1.0000000000000004,-1.9357932922684364e-17
1377678.5478799741,5.483012553304677,5.168981493717188,1.9372584684923637e-16,7670.08798135014,-0.0002730066549574417,-4.3203517605298506e-05,1.01660000506543,0.001308154589109712,0.9834530250098112,-0.0012981730907081273,0.9999469699247632,-9.98149840106195e-06,0.9999999999999949,2.461136844975964e-16,0.9999999999999999,-2.0870466568571992e-16,0.9999999999999998,-1.315514297487289e-16,1.0000000000000004,-1.516059920646615e-17,0.999999999999999,-1.2993730837940556e-16,0.9999999999999999,1.20948788054222e-16,0.9999999999999999,-3.9013899408975635e-18
1417915.7522267536,5.370874352939332,5.091857555516107,1.4738456329194945e-16,7454.597360057043,-0.00025599054506386665,-3.643263878812601e-05,1.0160634908171033,0.0011393750497965724,0.9839849434338738,-0.0011317055793565978,0.9999515657490212,-7.66947043810776e-06,1.000000000000001,-1.5958273428087734e-15,1.0000000000000004,1.1749434996644984e-17,0.9999999999999993,-1.0814290627811039e-16,0.9999999999999998,-1.674814283235602e-17,1.0000000000000004,0.0,0.9999999999999992,6.783848516652121e-17,1.0000000000000004,5.163581417199825e-17
1459328.1455289945,5.267208251964955,5.019083409112398,1.1745340609199017e-16,7244.1134705544255,-0.00024004323973514374,-3.042512255253166e-05,1.0155457351610304,0.000982631065054564,0.9844984235014755,-0.000976968388263552,0.9999558413374967,-5.662676790191642e-06,0.9999999999999973,-6.122840851549041e-16,1.0,-1.2146192955688472e-17,1.0,-5.421996341854959e-18,0.9999999999999998,8.403985415461165e-17,1.0000000000000002,-7.231215672284481e-17,0.9999999999999996,7.271404624004549e-17,1.0,8.379096054836016e-17
1501950.050973495,5.171255698601504,4.950404408203577,1.6942213650249498e-16,7038.571229304504,-0.00022510087678284663,-2.51026505191784e-05,1.0150461085262585,0.0008371397341735157,0.9849940789565688,-0.0008332071692696151,0.9999598125171715,-3.932564902252854e-06,1.0000000000000016,-1.3030307170223046e-15,1.0,-5.560354648939563e-17,1.0000000000000002,1.1077746065824905e-17,1.0000000000000004,3.494691300783329e-18,1.0000000000000002,9.534423461248119e-17,1.0,1.0217231308605981e-16,1.0,6.241658293756977e-17
1545816.7942081015,5.082344307618053,4.885588937210474,2.3529201736046535e-16,6837.904037660655,-0.00021110275628188901,-2.039433333456827e-05,1.0145639960392554,0.0007021582904034775,0.9854725092990798,-0.0006997058658884832,0.9999634946616641,-2.452424515188129e-06,0.9999999999999991,8.124168861857778e-17,0.9999999999999999,-2.0633513638542183e-17,1.0000000000000007,-1.257267243302885e-17,0.9999999999999997,-5.377733098233169e-17,0.9999999999999997,4.509483561834714e-17,0.9999999999999998,-4.9798658633490894e-17,0.9999999999999996,1.923664421927358e-17
1590964.7326201133,4.999878377098413,4.824427191860838,2.2187918574725608e-16,6642.04352209284,-0.00019799125468722423,-1.623609053599793e-05,1.014098797029582,0.0005769835699955039,0.9859343002548511,-0.0005757862639123021,0.9999669027155705,-1.19730608261889e-06,0.9999999999999971,-7.293998149001217e-16,1.0000000000000002,7.773540910966363e-19,1.0000000000000004,3.1122215087760527e-18,1.0,-1.6493128287770837e-16,1.0000000000000009,6.12811639372906e-17,1.0000000000000002,8.360503212721509e-19,1.0,-1.70329134729048e-16
1637431.2854698077,4.923330420101095,4.7667298578299695,1.4246352355075534e-16,6450.919282508054,-0.00018571173950476805,-1.2570075220549983e-05,1.0136499247777417,0.0004609514534207925,0.986380024007489,-0.00046080750689298953,0.9999700512147699,-1.439465275222084e-07,0.9999999999999992,-1.212710142069816e-16,0.9999999999999998,1.4177062246326962e-17,0.9999999999999998,-2.3682167962921204e-17,1.0000000000000002,1.8476819640012613e-17,1.0000000000000002,-5.1126927338775563e-17,0.9999999999999997,1.5795000525241512e-17,1.0000000000000007,-6.805311029557345e-17
1685254.9649040604,4.852233521762149,4.712326642942894,1.7743319077524553e-16,6264.4586479741765,-0.0001742124840973247,-9.344139626409578e-06,1.0132168064829323,0.00035343624509381227,0.9868102392147644,-0.0003541655441368284,0.999972954302308,7.29299042765591e-07,0.9999999999999973,1.2097521331276822e-16,0.9999999999999996,-1.2143471783269352e-17,0.9999999999999998,6.823070628851208e-17,1.0000000000000002,-4.4804394100073956e-17,1.0,-1.387486765550243e-16,1.0,2.0593664318371503e-16,0.9999999999999998,9.224720418668124e-17
1734475.4078757667,4.786174345960197,4.661064612258396,3.259249658329829e-16,6082.586441600868,-0.00016344458176575927,-6.511338450263377e-06,1.0127988834242028,0.00025384996772656625,0.9872254908361078,-0.00025529248861156013,0.9999756257396919,1.4425208863763366e-06,0.9999999999999994,-1.367692503748972e-15,0.9999999999999999,-6.225260090546604e-17,1.0,3.058143541548412e-17,0.9999999999999999,6.17273882503398e-17,1.0,2.9263433617395336e-16,1.0000000000000002,9.733681466648148e-17,1.0,7.088847361905575e-17
1785133.408995518,4.72478663150245,4.612806273810875,2.8050730740024863e-16,5905.224757584086,-0.0001533618582101326,-4.029467007417742e-06,1.0123956112863421,0.0001616415446040651,0.987626309800009,-0.00016365585928371392,0.9999780789136496,2.014314680032961e-06,0.9999999999999993,-5.617785454717711e-16,0.9999999999999997,3.49644430679984e-18,0.9999999999999997,-4.916711474700205e-17,1.0000000000000004,1.5532995941794535e-16,0.9999999999999993,5.268788218015912e-18,1.0000000000000007,-9.893620552967345e-18,0.9999999999999997,3.001437062035107e-17
1837270.9543427608,4.667745038231965,4.567427368629943,1.7901357989339918e-16,5732.292755845279,-0.00014392078221447946,-1.8606319065789279e-06,1.0120064606190708,7.629585332340933e-05,0.988013212542495,-7.875769249557201e-05,0.9999803268384364,2.4618391727523424e-06,0.9999999999999973,-5.203543858454516e-16,1.0000000000000002,-9.170713040098972e-19,0.9999999999999997,-7.985315795999217e-17,1.0,-6.46996560295444e-17,0.9999999999999998,-6.976104417834633e-17,1.0,-1.1785611087152228e-16,0.9999999999999999,-1.3114215182529032e-17
1890931.2562644635,4.614759231798199,4.524814335453216,2.157258463532264e-16,5563.706480326617,-0.0001350803739796902,2.9147910201888846e-08,1.0116309173956866,-2.667366243601211e-06,0.9883867004501999,-1.335061636866943e-07,0.999982382154116,2.8008724077349583e-06,0.9999999999999981,-1.1978019102769763e-16,1.0,-3.104389573414639e-17,1.0000000000000002,-1.0645183023375711e-16,0.9999999999999999,2.8554955118220074e-17,0.9999999999999996,8.346422845047599e-17,1.0000000000000002,-1.674250926974715e-16,1.0,1.0607352188371933e-16
1946158.78919013,4.565568134677756,4.484861451277172,2.5642207196241743e-16,5399.37870886482,-0.00012680211111870676,1.6703115259315881e-06,1.0112684836366357,-7.569475868568717e-05,0.9887472592421024,7.264889129298175e-05,0.9999842571212647,3.0458673929992907e-06,0.9999999999999972,-1.5930103236948906e-16,0.9999999999999998,-4.73141326733567e-17,0.9999999999999999,1.1068492328620474e-16,1.0000000000000007,-8.878023603267255e-17,0.9999999999999997,-1.6156004015459647e-16,0.9999999999999999,3.205843521548796e-17,0.9999999999999997,4.926146954156056e-17
2002999.3264928467,4.519934322030859,4.447467695213057,2.4465757020464157e-16,5239.218843093524,-0.00011904983210087039,3.090099358296189e-06,1.0109186780616564,-0.00014320075852578102,0.9890953583256396,0.00013999075061637864,0.9999859636127063,3.2100079093816785e-06,0.9999999999999977,-1.5889059002319315e-16,1.0000000000000002,-1.7502669207180126e-16,0.9999999999999997,-1.5655093563480988e-16,1.0000000000000004,0.0,1.0000000000000007,-9.73109313272986e-17,1.0000000000000002,-2.039486713440416e-17,1.0000000000000004,-1.2911622439130509e-17
2061499.9784269116,4.4776386027698925,4.412533443211728,1.6615700886427643e-16,5083.132847535836,-0.00011178963718805335,4.312870849134922e-06,1.0105810367350152,-0.000205569155820218,0.9894314501620324,0.0002022638908039591,0.999987513102954,3.30526501620349e-06,0.9999999999999981,-3.961869739902502e-16,1.0,-5.7587332241876534e-18,0.9999999999999997,3.181723462823566e-17,1.0000000000000004,-1.0228967477263106e-16,0.9999999999999999,-7.214137415269407e-17,1.0,-7.170184681584258e-17,1.0000000000000004,2.4937655802303534e-17
2121709.2311734906,4.438474893161969,4.379957168162148,2.442973367788244e-16,4931.023247354495,-0.00010498978738127107,5.360397742069636e-06,1.0102551136679996,-0.0002631548158739601,0.9897559696758682,0.00025981236124479525,0.9999889166561333,3.3424546301456004e-06,0.999999999999999,-8.692904492598221e-16,1.0000000000000002,-3.882438649040672e-17,1.0000000000000002,-3.668905007365264e-17,0.9999999999999998,-9.109431565667765e-17,0.9999999999999999,1.2102670232746337e-16,1.0000000000000002,0.0,0.9999999999999998,-1.2116908002009887e-16
2183676.9870266607,4.402245551712152,4.349632380767961,4.7482489188986e-16,4782.789194431134,-9.862060120724436e-05,6.252134074976337e-06,1.0099404813444235,-0.00031628554228754286,0.9900693337424207,0.0003129542459019099,0.999990184913156,3.331296386106104e-06,0.9999999999999986,-6.304952444890674e-16,1.0000000000000007,5.698667839713877e-18,1.0,0.0,0.9999999999999998,-2.7703109929016635e-17,1.0,9.571472558125093e-17,0.9999999999999994,0.0,1.0000000000000002,8.306952511179118e-17
2247454.6057531494,4.368757385186656,4.321445083927031,2.401662512306222e-16,4638.326611076758,-9.265435013361412e-05,7.005463925406881e-06,1.0096367311366157,-0.0003652640685299738,0.9903719407844929,0.00036198359469031535,0.9999913280788919,3.2804738403237793e-06,0.9999999999999989,-8.645282074862689e-16,1.0000000000000007,5.481122027504912e-17,1.0000000000000002,2.6047947940796214e-17,1.0000000000000004,1.7944619112604962e-16,1.0000000000000002,0.0,0.9999999999999997,-6.046862474669125e-17,1.0000000000000004,1.8570794015963525e-17
2313094.947160047,4.3378185410130605,4.295272009262297,2.2376031364723426e-16,4497.528420307493,-8.706515281176053e-05,7.63592788303767e-06,1.0093434735818552,-0.0004103701579930106,0.9906641705080727,0.00040717246208399013,0.9999923559100735,3.197695909993757e-06,0.9999999999999987,-1.0971894993800584e-15,1.0,4.9342168206853504e-17,0.9999999999999998,3.3963181670880963e-18,1.0000000000000002,0.0,0.9999999999999997,-6.829896405379453e-17,1.0000000000000002,-4.979932413061474e-18,1.0,4.5002267828577795e-17
2380652.4149057744,4.309236460522979,4.270979847751343,1.9967921930252852e-16,4360.284870958621,-8.182886890040209e-05,8.157429145650566e-06,1.0090603384923194,-0.00045186278654712976,0.9909463838030733,0.0004487730272243832,0.9999932777046092,3.0897593235231284e-06,0.9999999999999988,-8.5957396698101685e-16,0.9999999999999996,-3.865030001039639e-17,1.0000000000000002,1.110391094733113e-16,0.9999999999999996,-1.8512397560887621e-16,0.9999999999999998,0.0,0.9999999999999999,2.206846540957106e-16,1.0,-6.004915420892421e-17
2450183.001590618,4.282816980900829,4.248425579127588,3.061355916877397e-16,4226.48396463312,-7.692299280392945e-05,8.58242016319381e-06,1.0087869748756748,-0.0004899823799798831,0.9912189228314932,0.00048701976824381177,0.9999941022928351,2.9626117374060743e-06,0.999999999999998,-9.349231967705045e-16,0.9999999999999998,1.4877999231831192e-16,1.0,1.6599546055872468e-16,1.0,-7.527444421016516e-18,1.0,-6.749965875004837e-17,1.0000000000000002,5.1134954197518363e-17,1.0000000000000004,0.0
2521744.3351642,4.258364555298897,4.227457865126841,2.0179706634965934e-16,4096.011990156087,-7.232654822075801e-05,8.922070684251541e-06,1.0085230506476983,-0.0005249530720973722,0.9914821113210914,0.000522131656996099,0.9999948380312118,2.8214151022044608e-06,0.9999999999999988,-9.320613378389486e-16,1.0000000000000004,0.0,0.9999999999999994,-6.383097743656414e-17,1.0000000000000002,1.3784361794110085e-16,0.9999999999999997,6.627821639446661e-17,0.9999999999999997,-3.6422521754523573e-16,1.0000000000000007,8.670327893679467e-17
2595395.726688354,4.2356834358158935,4.207919330446576,2.9442965480217e-16,3968.7541691514975,-6.801998402039544e-05,9.186418115078848e-06,1.0082682521238906,-0.0005569849483773315,0.9917362550773436,0.0005543143395898428,0.9999954927987672,2.670608788088166e-06,0.9999999999999981,-1.006553446094003e-15,1.0000000000000004,-1.5063254702493507e-16,0.9999999999999998,-8.758861046423468e-17,1.0000000000000002,2.223854996214246e-16,0.9999999999999994,7.662504357443949e-17,1.0000000000000002,1.032143612492784e-18,1.0,1.4050059305147254e-17
2671198.2194949817,4.214579561957747,4.189649445668234,3.9036709729128027e-16,3844.59541381795,-6.398507207450166e-05,9.384501055341212e-06,1.0080222832825732,-0.0005862762350491965,0.9919816427208887,0.0005837622630847618,0.9999960739965406,2.513971966010063e-06,0.9999999999999979,-1.0032888301273748e-15,0.9999999999999997,-1.7367018516465357e-16,1.0,-7.504255885940492e-17,1.0,-1.1069449353884647e-16,1.0000000000000002,2.5228542015113346e-16,1.0000000000000002,-2.0792347279103413e-16,1.0,1.3843930002930349e-16
2749214.6397796483,4.194862840630517,4.172487672363297,1.392263610559909e-16,3723.4211946286086,-6.020480790880356e-05,9.524476961053495e-06,1.007784864798813,-0.0006130153935700652,0.9922185466510586,0.0006106607088494648,0.9999965885501303,2.3546847211341713e-06,0.9999999999999988,-8.460977452777477e-16,0.9999999999999998,-1.1169671050090543e-17,1.0,4.165106860296712e-17,1.0,-5.12541409658362e-17,1.0000000000000002,-2.49569019896128e-16,0.9999999999999998,-1.105464182730989e-16,0.9999999999999994,-9.080130513736475e-17
2829509.648672832,4.1763495017046415,4.156276539043953,2.966939958464949e-16,3605.1185117398986,-5.6663314758509387e-05,9.61372486606355e-06,1.007555732855561,-0.0006373830781666704,0.9924472242291155,0.0006351876907616578,0.9999970429153249,2.1953874059980375e-06,0.9999999999999974,-8.815038044972033e-16,1.0000000000000004,-3.7468680210008996e-17,0.9999999999999996,1.407436385795184e-17,1.0000000000000002,-6.694234507519546e-17,1.0,-3.2989554296720426e-16,1.0000000000000002,1.0409168692552232e-16,1.0,3.098744088527352e-17
2912149.7958320025,4.158864259443678,4.140864376906394,1.968245766370277e-16,3489.5769589143993,-5.3345751688027576e-05,9.65893416800623e-06,1.007334637746074,-0.0006595539147827711,0.992667919167196,0.000657515677018246,0.9999974430867311,2.0382377650660943e-06,0.9999999999999987,-9.165507976094593e-16,0.9999999999999996,2.434764307509326e-17,0.9999999999999999,-5.779589117700568e-17,1.0000000000000004,-7.777216903572099e-17,1.0000000000000002,-9.183877331866171e-17,1.0,6.25075833324535e-17,0.9999999999999999,7.205778370745397e-17
2997203.5745989294,4.142242087267549,4.126107534591979,1.9030416617246234e-16,3376.6898631251925,-5.023822637184594e-05,9.666180496737301e-06,1.0071213422898138,-0.0006796980600582897,0.9928808631009858,0.0006778130946287724,0.9999977946092026,1.8849654305354075e-06,0.9999999999999984,-1.2936618808949083e-15,0.9999999999999998,-7.955434179084391e-17,0.9999999999999999,-7.499798927695784e-17,1.0,-1.0089630285875683e-16,0.9999999999999998,-1.2859959125515783e-16,1.0,-5.2550261771586425e-17,1.0000000000000004,-2.4834906928186332e-17
3084741.478767952,4.126329500434202,4.111871987377675,6.343251281567772e-16,3266.3554766279535,-4.732771327553564e-05,9.640989774732518e-06,1.0069156200923095,-0.0006979825044569405,0.9930862773158836,0.0006962455810155812,0.9999981025918072,1.73692344269499e-06,0.9999999999999981,-1.212922982897417e-15,1.0000000000000009,2.6491449192106856e-17,0.9999999999999998,0.0,1.0,-9.963558746626447e-17,1.0000000000000002,-4.8026422782522864e-17,1.0000000000000002,-1.9341384922093068e-16,1.0,-2.708255058400887e-17
3174836.0610122466,4.1109853204293465,4.0980343394025125,2.561264901091004e-16,3158.4781915127346,-4.460197759925677e-05,9.588391576075666e-06,1.006717253687572,-0.0007145720848172437,0.9932843745883901,0.0007129769482981517,0.9999983717240376,1.5951365197705882e-06,0.9999999999999982,-1.1326296306388688e-15,0.9999999999999998,-8.971294703160154e-17,1.0000000000000002,-9.180393966960425e-17,0.9999999999999998,-1.6272025436393045e-16,0.9999999999999993,-1.9076480121766032e-16,1.0000000000000002,2.4907152740020293e-16,1.0,2.6910141691856032e-17
3267561.993016527,4.096080955187042,4.084482277403244,2.1016486825031295e-16,3052.9697399144006,-4.204950547403996e-05,9.512962977656039e-06,1.006526032609373,-0.0007296301817577148,0.9934753610967427,0.0007281698358692858,0.999998606293886,1.4603458891434736e-06,0.9999999999999978,-9.024031741511946e-16,0.9999999999999998,-3.899089534854936e-17,0.9999999999999998,2.4913633234680173e-17,0.9999999999999997,0.0,1.0,0.0,0.9999999999999996,-1.5439955671789947e-16,0.9999999999999997,4.975915199614798e-17
3362996.1273660087,4.081500267127062,4.071114568890231,3.2402095811362646e-16,2949.7503368476096,-3.96594407163775e-05,9.41886409388272e-06,1.006341751444419,-0.0007433190821599908,0.9936594383481092,0.0007419860316118156,0.9999988102074735,1.3330505488538335e-06,0.999999999999999,-1.2729976342589253e-15,1.0,-7.932401275603783e-18,0.9999999999999992,1.0269688067070318e-16,1.0000000000000007,2.2395045466888036e-16,0.9999999999999997,5.859675176623963e-17,1.0,2.3844888884252596e-17,1.0000000000000002,-9.131061397416239e-17
3461217.561242936,4.0671391182465015,4.057840710215588,2.6609435161650725e-16,2848.7497174908763,-3.742152841823554e-05,9.309866543566673e-06,1.0061642079257798,-0.0007558000004132852,0.993836805064412,0.0007545864555036458,0.9999989870098099,1.2135449108576623e-06,0.9999999999999984,-1.192866761417049e-15,0.9999999999999992,0.0,1.0000000000000004,4.584378674726392e-17,1.0000000000000002,7.45503874887382e-17,1.0,-3.1454608242064007e-16,1.0000000000000004,0.0,0.9999999999999998,-6.073023852075651e-17
3562307.701983465,4.052904683028211,4.044580326717106,2.070399405752043e-16,2749.9080177859955,-3.53260654009091e-05,9.189376072795546e-06,1.0059932011281234,-0.0007672327617388087,0.9940076589655167,0.0007661308088995264,0.9999991399063614,1.1019528406588258e-06,0.999999999999998,-1.3173313281766076e-15,1.0,-9.760848828189576e-17,1.0,-6.979888781856252e-17,1.0000000000000002,1.902691320240813e-16,1.0,2.0960689061385698e-16,1.0000000000000004,-6.936739487092619e-17,1.0000000000000007,1.0840389043228829e-16
3666350.3345492315,4.038714611291271,4.031262414367517,1.8153708173981187e-16,2653.1764468190286,-3.3363857532719976e-05,9.060450569915064e-06,1.0058285298270708,-0.0007777751651209975,0.9941721983878624,0.0007767769069633927,0.9999992717850692,9.982581592674898e-07,0.9999999999999972,-1.4773396377362115e-15,1.0,1.2436659797218287e-17,0.9999999999999998,0.0,1.0,8.832263490187235e-17,1.0,9.736063028931446e-17,1.0000000000000002,-1.3147633537867889e-16,1.0,-2.741145244781839e-16
3773431.690969534,4.024496109263556,4.01782449537369,2.205172723782013e-16,2558.5177027181644,-3.152618369739457e-05,8.925814654954911e-06,1.005669991082642,-0.0007875820565380007,0.994330623678857,0.0007866797248079351,0.9999993852385035,9.023317314295936e-07,0.9999999999999986,-1.3047552747825623e-15,1.0,-3.83279946533008e-17,1.0000000000000004,3.3828699037830637e-17,1.0000000000000004,-1.4069777023334698e-16,1.0000000000000004,9.661921634133428e-17,1.0000000000000002,-8.593529163831454e-17,0.9999999999999999,1.1612924886454447e-16
3883640.5218116785,4.010184991748314,4.00421174259429,2.2103513548371013e-16,2465.9060907797616,-2.980476595126902e-05,8.78787198167067e-06,1.005517379101107,-0.000796804156969309,0.9944831383130133,0.0007959902016770823,0.9999994825858816,8.139552934251061e-07,0.9999999999999979,-1.3895978164037507e-15,0.9999999999999998,1.282572608221814e-16,1.0,-1.6676816746764904e-16,0.9999999999999998,1.0330549142910052e-16,0.9999999999999998,2.3763097426321777e-16,1.0000000000000002,-2.097823087940163e-16,0.9999999999999998,-9.053498033992655e-17
3997068.1697387216,3.9957247436384637,3.99037611167164,2.9875352141460774e-16,2375.3273137025485,-2.819174572010752e-05,8.64871628068558e-06,1.0053704844204623,-0.0008055867021703886,0.9946299496848596,0.0008048538599535576,0.9999995658946813,7.328422184338426e-07,0.9999999999999978,-1.536949145905738e-15,1.0000000000000002,7.1193643468631e-17,1.0000000000000007,6.970543415787724e-17,0.9999999999999992,-1.2804800587239718e-16,1.0,1.644965026640237e-16,1.0,-4.960286614037375e-17,1.0,0.0
4113808.6452155863,3.9810656164107323,3.9762755064030606,2.4979289162066827e-16,2286.7779184969563,-2.6679665033668698e-05,8.510142081555663e-06,1.0052290934524166,-0.0008140679616338871,0.9947712695459208,0.0008134093062130325,0.9999996370016645,6.586554221056878e-07,0.9999999999999988,-1.2934709598991973e-15,0.9999999999999997,-6.025300226395558e-17,0.9999999999999997,1.1117820543167427e-16,1.0,-1.7633755875837528e-16,1.0,0.0,0.9999999999999998,1.3923128309914948e-16,0.9999999999999996,3.924008248855023e-17
4233958.704426285,3.9661637751074124,3.961872992413665,3.8001758989961444e-16,2200.2644023375,-2.5261452371694304e-05,8.37365589445774e-06,1.0050929883987394,-0.0008223777112271145,0.9949073140681471,0.000821786688586631,0.9999996975331154,5.910226420753004e-07,0.9999999999999978,-1.5650805668335031e-15,0.9999999999999996,-4.117020697979198e-17,1.0000000000000009,1.792708437755006e-17,1.0000000000000002,0.0,1.0000000000000002,3.584829298831354e-17,1.0000000000000002,1.7748199338970056e-16,0.9999999999999999,-2.671155787762088e-18
4357617.929466833,3.950980503614114,3.9471360664068125,3.810338273065313e-16,2115.801998774637,-2.393041223314185e-05,8.240488495288439e-06,1.0049619475427207,-0.0008306357384824098,0.9950383035331151,0.0008301061891630934,0.9999997489241671,5.295493204910159e-07,0.9999999999999989,-1.4487278730455843e-15,0.9999999999999994,-4.1084212467686075e-17,1.0,-2.273151569142831e-16,1.0,-1.360643463769352e-16,0.9999999999999986,2.1837735147217835e-16,0.9999999999999997,-6.404165950249236e-17,0.9999999999999999,6.136620311816332e-17
4484888.810880328,3.9354814705355854,3.9320359828147384,2.2831521365856693e-16,2033.4131848906848,-2.268021757600991e-05,8.111608755475886e-06,1.0048357458987234,-0.0008389504577737978,0.9951644616641626,0.0008384766284507793,0.9999997924371169,4.7382932480216057e-07,0.9999999999999981,-1.6000923617880354e-15,1.0000000000000002,3.5115917342128484e-17,1.0,7.85966808822329e-17,1.0000000000000002,2.503993714710087e-16,1.0,6.201970695188466e-17,0.9999999999999999,2.5185312025457697e-16,1.0000000000000007,8.671822566159722e-17
4615876.832602575,3.9196360542599473,3.916547136076326,2.1387851469918274e-16,1953.1259672600845,-2.1504904211155917e-05,7.987739329816107e-06,1.0047141561851858,-0.0008474177086999498,0.9952860146361728,0.000846994254965159,0.9999998291786427,4.234537366292396e-07,0.9999999999999981,-1.5239752789950228e-15,0.9999999999999993,1.6327079233446303e-16,1.0000000000000007,0.0,0.9999999999999997,3.617666043139552e-16,1.0,-2.280413551037997e-16,0.9999999999999998,-1.2728479597451566e-16,0.9999999999999996,-1.1001196560816941e-16
4750690.5593887,3.9034167235108583,3.9006464946122446,3.744483083611282e-16,1874.9720183096645,-2.039886651772349e-05,7.869374278075314e-06,1.0045969500707648,-0.0008561197995389744,0.9954031898133435,0.0008557417816096018,0.9999998601158941,3.780179314057348e-07,0.999999999999998,-1.6766925895923906e-15,1.0,1.445457004400825e-17,0.9999999999999991,7.946453965540649e-17,1.0000000000000007,-2.5930193408321858e-17,1.0000000000000007,1.234716059779416e-16,1.0,0.0,1.0000000000000007,1.2718713602657881e-16
4889441.726793168,3.886798468466259,3.8843130814732905,3.8026452270763585e-16,1798.9847433955915,-1.9356853364627113e-05,7.756798579677053e-06,1.0044838996301788,-0.0008651248462335964,0.9955162142784054,0.0008647877190755169,0.9999998860914189,3.3712716028345637e-07,0.9999999999999973,-1.7703622506570866e-15,0.9999999999999999,-8.961519340752678e-17,1.0000000000000004,6.042785133389156e-17,1.0,9.49814460458354e-17,1.0000000000000004,8.481156255529431e-17,1.0000000000000009,-1.242918584128732e-16,0.9999999999999998,2.276044611124389e-17
5032245.333777827,3.8697582770998626,3.8675274963226487,2.2595960866718124e-16,1725.1973618294846,-1.8373963776241453e-05,7.650109322105047e-06,1.0043747789374182,-0.000874486439401868,0.9956253132256456,0.0008741860385735045,0.9999999078369386,3.00400829963522e-07,0.9999999999999977,-1.738932058030528e-15,0.9999999999999998,1.6163430783132215e-18,0.9999999999999997,1.2211939263990972e-16,1.0000000000000004,8.756198654071512e-17,1.0000000000000007,-9.165276888918709e-17,1.0000000000000004,-5.04046303183096e-17,0.9999999999999994,-4.842587228094459e-17
5179219.738024693,3.8522746515359936,3.850271473631171,3.274102635196363e-16,1653.6410819319217,-1.744564166017426e-05,7.54923821060472e-06,1.0042693657192958,-0.0008842436547031594,0.9957307082947281,0.0008839761790382912,0.9999999259859778,2.674756664804143e-07,0.9999999999999978,-1.7720286212467418e-15,1.0000000000000007,-1.5521900569637933e-16,0.9999999999999992,4.84711697136315e-17,0.9999999999999994,1.1950471651662646e-16,0.9999999999999998,0.0,0.9999999999999996,2.1800656583378453e-16,0.9999999999999993,1.0383930205402283e-16
5330486.754032501,3.8343271597326076,3.832527472550739,2.782053997734169e-16,1584.3434414371484,-1.6567669007372388e-05,7.453974983647085e-06,1.0041674429924692,-0.0008944214037337502,0.9958326159221379,0.0008941833958042376,0.9999999410853948,2.3800793143490315e-07,0.9999999999999978,-1.7423147596246135e-15,1.0,2.786212100128011e-17,1.0000000000000004,-1.6110266472118166e-16,1.0,-3.2306739424373884e-16,1.0000000000000002,0.0,1.0000000000000002,5.91802808423383e-17,0.9999999999999997,9.850511368010775e-17
5486171.754078313,3.8158960186002506,3.814278294765415,3.392039774783466e-16,1517.32687129746,-1.5736157415346952e-05,7.363991201989971e-06,1.0040688006118188,-0.0009050311047844964,0.9959312457823558,0.0009048194299450327,0.9999999536058263,2.116748411393307e-07,0.9999999999999979,-1.7761978581044934e-15,0.9999999999999994,-1.2475098551641592e-17,0.9999999999999996,5.4400357434354235e-17,0.9999999999999997,2.390869507270927e-16,0.9999999999999992,-1.1238077569340997e-16,0.9999999999999994,3.89167192889494e-16,1.0000000000000002,1.235566922732822e-16
5646403.77212786,3.796961705628018,3.7955067276088754,2.529234215147582e-16,1452.6075246152238,-1.4947537529508281e-05,7.2788638962534714e-06,1.0039732366666079,-0.0009160716384231675,0.996026799382256,0.000915883463097073,0.9999999639511381,1.8817532799627906e-07,0.9999999999999979,-1.808106166262378e-15,1.0000000000000002,1.2764899144879095e-16,1.0000000000000002,1.4161600111867098e-16,0.9999999999999998,1.5243570314905498e-16,1.0000000000000002,0.0,0.9999999999999999,-1.255159120484517e-16,1.0000000000000002,5.4167203248179927e-17
5811315.610780754,3.7775045971482646,3.7761952108102728,2.8941765926048067e-16,1390.1943947220057,-1.4198546651300603e-05,7.198098519129196e-06,1.0038805586726227,-0.0009275305404311348,0.99611946886049,0.0009273633101659352,0.9999999724668894,1.672302665291122e-07,0.9999999999999976,-1.6783676690123502e-15,0.9999999999999996,-5.617520538949165e-17,0.9999999999999996,2.1814433495444154e-17,0.9999999999999994,-6.088488037430555e-17,0.9999999999999999,-1.126295595113241e-16,0.9999999999999998,5.607218307757538e-17,0.9999999999999996,1.1821212832629937e-16
5981043.951339183,3.7575046325095114,3.756325526371457,1.7155079131454297e-16,1330.0887289985692,-1.3486214143654252e-05,7.121150709139577e-06,1.0037905845222208,-0.0009393853763819124,0.9962094360298596,0.0009392367941129422,0.9999999794479212,1.4858227095853464e-07,0.9999999999999982,-1.7842865040957626e-15,1.0000000000000004,-4.454236649899884e-17,1.0000000000000002,-8.724218139450877e-17,1.0000000000000002,-1.7860723255359744e-16,1.0000000000000004,-1.0795904240562204e-16,0.9999999999999998,8.318245516979383e-17,1.0000000000000002,-9.15346743861517e-17
6155729.467091346,3.736941004572939,3.735878512220894,4.045111601617788e-16,1272.2837292624793,-1.2807845308770993e-05,7.047446410796838e-06,1.003703143168769,-0.0009516052380246306,0.9962968716861443,0.0009514732428679374,0.9999999851450899,1.3199515851698609e-07,0.999999999999998,-1.7458522008091344e-15,1.0000000000000007,-6.648683748516849e-17,1.0000000000000004,-4.657854600871761e-17,1.0000000000000004,-3.289182277551717e-16,1.0,1.9163965682209663e-16,0.9999999999999993,-2.592692667218342e-16,0.9999999999999998,-3.8795597906071287e-16
6335516.939903491,3.7157918781052155,3.71483380143864,2.500020877368999e-16,1216.7645165189788,-1.2161003652977342e-05,6.976399989661504e-06,1.0036180750365302,-0.0009641523002475256,0.9963819351922265,0.0009640350470892645,0.9999999897712454,1.172531603258081e-07,0.9999999999999973,-1.8426574326216655e-15,0.9999999999999994,-5.133808885868409e-17,1.0000000000000002,2.7723418505371686e-17,1.0000000000000004,0.0,1.0000000000000002,5.0923683875238836e-17,1.0000000000000007,2.0914070744449326e-16,1.0000000000000002,5.125759257976941e-17
6520555.38021721,3.6940341387882105,3.693169589983052,2.4440905049167904e-16,1163.5083281259508,-1.1543492107080056e-05,6.907430049938643e-06,1.0035352321604105,-0.0009769833804987107,0.996464774333095,0.0009768792205528893,0.9999999935064975,1.0415994793313594e-07,0.999999999999997,-2.0930915152501592e-15,0.9999999999999999,-1.6670541743022773e-16,1.0000000000000002,-5.824167352212302e-17,1.0000000000000002,-1.6334813246376984e-16,0.9999999999999998,2.7108850029792763e-16,1.0000000000000002,0.0,1.0,9.280379596452446e-17
6710998.150551434,3.671643176648676,3.670862436919222,3.345109712819347e-16,1112.4849092192974,-1.0953333593022307e-05,6.839972784359764e-06,1.003454478071582,-0.0009900514477852395,0.9965455254255843,0.0009899589102519036,0.9999999965028359,9.253753508197225e-08,0.9999999999999976,-1.9161278958345697e-15,1.0000000000000004,1.27169908223633e-16,1.0000000000000009,8.033834109208441e-17,1.0000000000000007,-6.149867703062917e-17,1.0000000000000002,5.75461999553479e-17,1.0,-2.1394544863344239e-16,0.9999999999999998,-6.58765185648944e-17
6907003.092611491,3.648592708789135,3.647887102213358,1.996679624797974e-16,1063.6570573641816,-1.0388751093159954e-05,6.773492768452345e-06,1.0033756874546091,-0.0010033070351992595,0.9966243136572128,0.001003224810099435,0.9999999988881798,8.222510163769041e-08,0.9999999999999969,-1.7850040682163583e-15,1.0,-6.522509662480916e-18,0.9999999999999998,-1.1328704943964668e-16,1.0,1.6167235941312675e-16,1.0000000000000002,-1.5770401059498452e-17,0.9999999999999993,-1.3261927378565548e-16,0.9999999999999998,1.32459278351291e-16
7108732.658110582,3.624854647243781,3.6242164280853495,2.869625792314896e-16,1016.9812794012304,-9.848148017965741e-06,6.707491207482672e-06,1.0032987456085747,-0.0010166995191800744,0.996701253621524,0.0010166264414021894,1.000000000769904,7.307777972578422e-08,0.9999999999999977,-1.6917530360055269e-15,0.9999999999999993,3.574698954495442e-17,1.0000000000000007,-1.0746313313648131e-16,1.0,8.210177021384802e-17,0.9999999999999998,1.3160432206459238e-16,1.0000000000000009,1.0952508036768654e-16,0.9999999999999998,-7.903194741394827e-18
7316354.043412098,3.600399018676016,3.5998212707908213,3.2921940127354514e-16,972.4085217869098,-9.33008895032117e-06,6.641511738298315e-06,1.0032235477494262,-0.0010301782374897515,0.9967764500126851,0.0010301132720587785,1.0000000022378905,6.4965432700743e-08,0.9999999999999984,-1.985403622469134e-15,0.9999999999999998,-1.6480681113228563e-16,0.9999999999999999,-3.209709995044829e-16,0.9999999999999999,1.3342114279004276e-16,0.9999999999999997,-4.2473925741749946e-17,1.0,-1.2662107907066967e-16,0.9999999999999992,-6.704579228768195e-17
7530039.328104363,3.575193943352969,3.574670490408957,3.85365622561283e-16,929.8849396977529,-8.833281349041044e-06,6.575143946150686e-06,1.0031499981930576,-0.001043693427325011,0.996849998439764,0.0010436356558742037,1.0000000033671808,5.777145313106983e-08,0.9999999999999977,-1.9156482960882464e-15,1.0000000000000002,-2.1905636564992378e-16,1.0000000000000007,1.4162969632826297e-16,1.0,1.8071960389084244e-16,1.0000000000000007,2.6283438434999427e-17,0.9999999999999996,2.5027974265947152e-17,0.9999999999999996,1.996659330450819e-17
7749965.617622676,3.549205681402159,3.548731006769673,3.0429262404649532e-16,889.3526751543797,-8.356558218736154e-06,6.5080248298653e-06,1.0030780094590235,-0.001057196973606966,0.9969219863207296,0.001057145582013676,1.0000000042202501,5.139159575078514e-08,0.9999999999999977,-2.069336689598467e-15,1.0000000000000004,3.0810692522474007e-17,0.9999999999999999,2.1571454490202607e-16,1.0000000000000007,1.4270191588873973e-16,0.9999999999999993,3.0841252192911637e-17,0.9999999999999996,1.3017096261927534e-17,0.9999999999999998,9.239603331144024e-17
7976315.190036841,3.522398754668532,3.521967929954646,2.8281972183750897e-16,850.7506198631482,-7.898862250499405e-06,6.439838481398224e-06,1.0030075013333608,-0.0010706429659083836,0.9969924938176705,0.0010705972330470137,1.0000000048489706,4.573286309457962e-08,0.9999999999999982,-1.820911717647062e-15,1.0,-7.976719003331716e-17,0.9999999999999992,-1.1067955677403824e-16,1.0,0.0,1.0,-1.547001980125833e-16,1.0,5.625356788838126e-17,1.0,0.0
8209275.647125845,3.4947361525470173,3.494344773852765,2.0082728276299257e-16,814.0151439265189,-7.4592315186805536e-06,6.370314282166448e-06,1.0029383999265935,-0.0010839880687234288,0.9970615947771236,0.0010839473562755087,1.000000005296285,4.071244971047587e-08,0.9999999999999976,-2.04201696609755e-15,0.9999999999999997,-1.2813070214252302e-16,0.9999999999999994,-1.415937880910532e-16,0.9999999999999997,-3.064535055739599e-16,1.0000000000000002,-2.567210203393679e-16,0.9999999999999994,1.9938276009791607e-16,1.0,-1.95336532474827e-16
8449040.069864916,3.4661796298352914,3.4658237609098936,4.480046128501174e-16,779.080776697401,-7.036786776382087e-06,6.299223915108396e-06,1.0028706367591076,-0.0010971917166540729,0.9971293576432592,0.001097155459904531,1.0000000055976357,3.6256751832195506e-08,0.9999999999999972,-1.8688420207750853e-15,1.0000000000000002,1.2599152312477845e-16,0.999999999999999,1.3552669273027082e-16,0.9999999999999999,0.0,1.0000000000000002,1.3653011069551455e-16,1.0000000000000002,2.939409622659263e-16,1.0000000000000004,2.015933597114454e-16
8695807.178453807,3.436690103912267,3.4363662254643264,3.708163026347481e-16,745.8808306257278,-6.6307204633631045e-06,6.226377526501332e-06,1.0028041479021452,-0.0011102161499660437,0.9971958463156658,0.0011101838495214868,1.0000000057821914,3.2300446579397735e-08,0.9999999999999972,-1.837413645719888e-15,1.0000000000000007,-9.486917529367947e-17,1.0000000000000004,7.222028706019393e-17,0.9999999999999999,-6.438816856318161e-17,1.0000000000000007,0.0,1.0000000000000002,4.557546585884154e-17,1.000000000000001,0.0
8949781.497018954,3.406228157282835,3.405933121786009,4.2187926756006653e-16,714.3479628499531,-6.2402874831946065e-06,6.1516193235873254e-06,1.0027388731978872,-0.0011230263102591051,0.9972611209282476,0.0011229975246164472,1.0000000058738685,2.8785644387707967e-08,0.9999999999999969,-1.8394907895482084e-15,0.9999999999999993,5.851466293514745e-17,1.0,2.506174259140839e-18,0.9999999999999997,2.8911640824607304e-17,0.9999999999999999,0.0,0.9999999999999997,-1.600445635136247e-16,0.9999999999999994,-5.711246972187733e-17
9211173.523126014,3.3747546496822136,3.3744856410825625,2.8087103636425667e-16,684.4146724955881,-5.864797444132819e-06,6.074822897509485e-06,1.0026747555773203,-0.0011355896184123077,0.9973252385304628,0.001135563957308181,1.00000000589222,2.5661106156217957e-08,0.999999999999998,-2.0469302593745227e-15,0.9999999999999997,2.138272165492979e-17,1.0000000000000002,0.0,1.0000000000000004,7.204361865704382e-17,0.9999999999999996,1.6948506011709742e-16,1.0,5.822959743681486e-18,1.0,-1.2416687578329682e-16
9480199.902243268,3.342231441409761,3.3419859392048457,1.8822445105304968e-16,656.0137341340218,-5.503608740298205e-06,5.995886536675298e-06,1.002611740489819,-0.0011478756588092724,0.9973882536570193,0.0011478527772796159,1.0000000058531637,2.288153191355319e-08,0.9999999999999977,-1.8056703758783023e-15,0.9999999999999998,-1.5003208778093246e-16,1.0000000000000002,1.3178597537289118e-16,0.9999999999999997,1.6745070053637652e-17,0.9999999999999994,8.673614820234966e-17,0.9999999999999999,-2.274307132747191e-16,1.0,1.1540529701694176e-16
9757083.607300505,3.3086222263711806,3.308397973587425,2.36363073700824e-16,629.0785697400229,-5.156123727090289e-06,5.914728754940057e-06,1.002549775453547,-0.0011598557948305245,0.9974502187768423,0.001159835387918392,1.0000000057696128,2.0406914118690357e-08,0.9999999999999976,-1.94737932793076e-15,1.0000000000000002,2.4601721158210022e-17,1.0,-5.667426509213503e-17,1.0000000000000002,6.6572981666183e-17,1.0000000000000004,-5.661237035851931e-16,0.9999999999999998,0.0,1.0000000000000004,0.0
10042054.123492187,3.2738934693402197,3.2736884439858907,2.0008751459652306e-16,603.5435627965155,-4.821785367425946e-06,5.8312842251470104e-06,1.0024888097312332,-0.0011715027408300293,0.9975111846167732,0.001171484538881262,1.000000005651996,1.8201951111853795e-08,0.9999999999999974,-2.0867904514217053e-15,0.9999999999999998,9.541514849007208e-18,1.0,2.6042407403098975e-16,0.9999999999999998,1.2097011827076653e-16,0.9999999999999987,-1.3243253575140027e-16,1.0000000000000002,-8.503380056171644e-17,1.0000000000000002,6.459151916221516e-17
10335347.638478078,3.2380154373287238,3.23782782694548,2.3042959115178243e-16,858.8825361288929,-4.500074808788668e-06,5.745500279213056e-06,1.0024287941313261,-0.0011827901156056214,0.9975712003599813,0.0011827738800880329,1.0000000055086955,1.62355195787143e-08,0.9999999999999963,-2.0483615765185215e-15,0.9999999999999998,2.916581942438936e-17,0.9999999999999999,0.0,0.9999999999999999,-6.738090883859554e-17,1.0000000000000002,7.797858105298248e-17,1.0000000000000002,-8.99784838084244e-17,0.9999999999999997,7.780572538328564e-17
10637207.23813897,3.200963309702493,3.2007914886794704,3.456769479475842e-16,556.4178788885483,-4.190509955037669e-06,5.6573340885302655e-06,1.0023696809304936,-0.001193692001053414,0.9976303137230931,0.001193677520855993,1.0000000053464158,1.4480199382116154e-08,0.999999999999998,-1.9306167750882155e-15,0.9999999999999998,3.053825552632213e-17,1.0000000000000004,-3.811098666440028e-17,1.0000000000000004,-4.4286142955580046e-17,0.9999999999999996,-1.548155972175577e-16,0.9999999999999997,8.472095267323215e-17,1.0,-5.076367526050687e-17
10947883.108049756,3.162718345989749,3.162560855340887,2.492441350394618e-16,549.635491898619,-3.892644606651174e-06,5.566750603903577e-06,1.002311423909322,-0.0012041825284193433,0.9976885709201908,0.001204169616572288,1.000000005170491,1.2911848760552628e-08,0.9999999999999967,-2.1261405365410013e-15,1.0,1.1275164958491737e-16,1.0000000000000004,2.3744227083811664e-16,0.9999999999999996,-7.022460989800833e-17,1.0000000000000004,-1.3177519423172905e-16,0.9999999999999999,6.350463175726786e-17,0.9999999999999997,1.7837552281349046e-16
11267632.74083683,3.123269084404995,3.123124613743249,1.811637662224634e-16,514.1397211278554,-3.6060679704519316e-06,5.473721287743719e-06,1.0022539784894764,-0.0012142355123029172,0.9977460165253875,0.0012142240030818996,1.0000000049851383,1.1509222949670886e-08,0.9999999999999978,-2.0993729375711216e-15,0.9999999999999999,-2.9315871479537864e-17,1.0,-4.164888956110808e-18,1.0,-5.713780527047357e-17,1.0,6.232055236051697e-17,1.0000000000000004,-1.6560867529528721e-16,1.0000000000000002,-1.6131641734570806e-17
11596721.149591682,3.0826125383584575,3.0824799098299733,2.5382623058791236e-16,494.6705947464896,-3.3304045814475103e-06,5.378223639073371e-06,1.0021973019573496,-0.0012238241498324885,0.9978026932489767,0.0012238138961990052,1.0000000047936755,1.025363577536894e-08,0.9999999999999969,-2.3423250325906836e-15,1.0,1.0185773422414106e-17,1.0000000000000007,-1.0857078028180701e-16,1.0,-1.3509599304688507e-16,0.9999999999999997,-6.499747512559726e-17,0.9999999999999994,2.004162881787787e-16,1.0,-7.693647788955726e-17
11935421.087517545,3.0407553528952196,3.0406335068629025,4.1314937447467463e-16,476.23962190683505,-3.065314125194618e-06,5.280241473671007e-06,1.0021413537563684,-0.0012329207992296965,0.9978586416449465,0.0012329116705758214,1.0000000045986888,9.128656168982255e-09,0.9999999999999972,-2.105595913131651e-15,1.0,3.681894328708216e-17,0.9999999999999991,1.3766276454538412e-16,0.9999999999999996,1.82934695185115e-16,1.0000000000000007,-2.22178306261543e-16,0.9999999999999999,-3.1112349399101695e-16,1.0000000000000002,5.926527269284684e-17
12284013.27399118,2.9977148787672716,2.997602861056557,4.3099432868795485e-16,458.79286495430773,-2.81049122463628e-06,5.17976587482816e-06,1.0020860958279774,-0.0012414968481777873,0.9979138997698375,0.0012414887283394495,1.000000004402187,8.119840506917053e-09,0.9999999999999987,-2.1411752660425186e-15,1.0,9.507625560270234e-18,0.9999999999999993,8.84772665632256e-17,1.0,0.0,0.9999999999999996,7.807062751753494e-17,1.0000000000000004,7.026479263555006e-17,1.0000000000000007,1.009241886516402e-16
12642786.627227133,2.9535201189585267,2.9534170694989044,5.858721200338558e-16,442.2783592089841,-2.565664814824231e-06,5.076796725718445e-06,1.002031492979785,-0.0012495226783051086,0.9979685028144987,0.0012495154638155093,1.0000000042057184,7.214491830099445e-09,0.9999999999999977,-2.2034469299292412e-15,0.9999999999999989,1.4855021840239e-17,1.0,1.079128460173524e-16,1.0,-1.0848437052262177e-16,1.0000000000000002,-7.591490779935036e-17,1.0000000000000004,1.794697388520734e-17,0.9999999999999996,1.31684406011518e-16
13012038.503737291,2.908212501652164,2.9081176443664933,3.7445869397765275e-16,426.6461214063267,-2.33059719079165e-06,4.9713446671323155e-06,1.0019775132587059,-0.001256967727535809,0.9980224827308277,0.0012569613260888363,1.000000004010469,6.401448688303041e-09,0.9999999999999969,-2.1926165901740783e-15,0.9999999999999994,-1.9872280564058368e-17,0.9999999999999998,2.810445176771547e-17,1.0000000000000002,3.3024997407162946e-17,1.0,9.446018034265006e-17,0.9999999999999998,1.659205897767282e-16,1.0000000000000002,6.739975226539261e-17
13392074.944784245,2.8618464350726356,2.861759068882384,2.7149536953131266e-16,411.8481445495203,-2.105082600678543e-06,4.8634333584224306e-06,1.0019241283072575,-0.0012638006474412183,0.998075867875403,0.0012637949765465066,1.0000000038173427,5.670896709558967e-09,0.9999999999999974,-2.2055970795948993e-15,0.9999999999999998,5.2624762207269697e-17,1.0000000000000007,-9.232155572716105e-17,0.9999999999999999,-7.158392281824352e-17,1.0000000000000007,0.0,1.0000000000000004,3.4167784065447136e-17,1.0000000000000004,-5.309394536338796e-17
13783210.930032682,2.8144896037830835,2.8144090946119427,3.632372745946668e-16,397.8383819093007,-1.8889451141035352e-06,4.753101845654912e-06,1.0018713136824033,-0.001269989548251725,0.9981286826905698,0.0012699845340529343,0.9999999999999971,-2.2833655211040616e-15,1.0000000036270293,5.014201154291019e-09,1.0000000000000004,1.8189590778182949e-16,1.0000000000000002,0.0,1.0000000000000002,0.0,1.0000000000000007,8.06118664884782e-17,1.0000000000000004,0.0,1.0000000000000004,4.3751788844132055e-17
14185770.63860906,2.7662229729117898,2.7661487465825827,5.042050402105416e-16,384.5727225315589,-1.6820360997371608e-06,4.640406896235382e-06,1.0018190491187058,-0.001275502319865827,0.99818094744124,0.0012754978961087827,0.999999999999996,-2.247707130641299e-15,1.000000003440057,4.423759397428841e-09,0.9999999999999996,-1.1680252006531999e-17,0.9999999999999998,5.463867490569719e-17,1.0000000000000004,-5.3067503392735e-17,1.0000000000000004,2.033447197950745e-16,1.0000000000000002,-2.988308804590858e-16,0.9999999999999999,-1.7889212235959272e-17
14600087.717785925,2.717140476326905,2.717072012257703,1.921738752276037e-16,372.0089602634559,-1.4842310278595505e-06,4.525425122825777e-06,1.001767318720736,-0.0012803070136629974,0.9982326780224345,0.001280303120794709,0.9999999999999972,-2.174930648017728e-15,1.0000000032568315,3.89287047759492e-09,1.0000000000000002,-9.283381166978952e-17,1.0,-2.5874611621525473e-17,1.0000000000000002,-5.5450306469256105e-17,1.0000000000000009,-3.58579357391876e-17,1.0000000000000007,6.705573920219525e-17,1.0000000000000004,8.851999357024731e-17
15026505.559513573,2.6673483766651587,2.667285202280243,3.9957387898440873e-16,360.1067579791422,-1.2954259034358984e-06,4.4082547515671e-06,1.0017161110738775,-0.0012843722670233169,0.9982838858484534,0.0012843688514068245,0.9999999999999979,-2.1915361468878148e-15,1.000000003077671,3.4156189897656917e-09,0.9999999999999993,1.1791070594606212e-17,1.0000000000000002,-6.45514489534809e-17,1.0,-1.9629706469393867e-16,1.0000000000000009,1.2834752884833347e-16,0.9999999999999996,-9.202575803345735e-17,0.9999999999999998,-1.5977579911047366e-16
15465377.585028222,2.6169642986848634,2.6169059844650544,3.3652881221700807e-16,353.23285314700826,-1.1155332231282955e-06,4.289016921181277e-06,1.0016654192671475,-0.001287667750831135,0.9983345778300198,0.0012876647640605475,0.9999999999999976,-2.3595770460742484e-15,1.0000000029028357,2.9867733055251734e-09,0.9999999999999999,-1.9271453433636167e-16,1.0000000000000002,-1.0208689429006774e-16,1.0000000000000002,1.9705402619984785e-16,1.0,9.573955312871736e-17,1.0000000000000004,-1.7543352430763017e-17,0.9999999999999993,6.205870075669597e-17
15917067.537772626,2.566115952031108,2.5660621071361063,3.8558830377647893e-16,362.56250690166684,-9.444777262501702e-07,4.16785640206114e-06,1.0016152408267698,-0.001290164619593948,0.9983847564406968,0.0012901620178999602,0.9999999999999986,-2.3107714120568195e-15,1.000000002732536,2.6016962503552983e-09,1.0000000000000002,-1.1032119280213392e-16,1.0000000000000002,-5.29505904974072e-17,1.0000000000000004,1.4401667410361405e-16,0.9999999999999992,5.971177964235476e-17,1.0000000000000002,-1.8945145519502043e-16,0.9999999999999994,2.6639464366913316e-16
16381949.784871856,2.514939574156174,2.5148898425591906,5.023853867634154e-16,327.99333677789934,-7.821920746664546e-07,4.04494169882136e-06,1.001565577563975,-0.0012918359445739855,0.9984344198690694,0.0012918336883108116,0.9999999999999973,-2.4078776751409738e-15,1.0000000025669582,2.2562657797737482e-09,1.0000000000000009,8.261195849642608e-17,1.0,8.843726256702913e-17,0.9999999999999998,5.103506004668816e-17,1.0000000000000004,-6.245976237577335e-17,0.9999999999999999,-2.7489157730336185e-17,0.9999999999999998,5.846206527956683e-17
16860409.627414163,2.4635781383895767,2.46353219545875,3.4704086397023316e-16,328.2684741910968,-6.286124261123405e-07,3.920464499247059e-06,1.0015164353451391,-0.0012926571122265176,0.9984835622485937,0.0012926551654226337,0.9999999999999976,-2.3031918542712206e-15,1.000000002406268,1.94680617805532e-09,1.0000000000000004,1.476095400665941e-17,1.0000000000000002,5.2024776960928284e-17,1.0000000000000002,-1.2102185699540757e-16,0.9999999999999998,5.159711108966561e-17,0.9999999999999998,-1.223221032139522e-16,0.9999999999999999,1.2675548802830068e-16
17352843.61979406,2.4131319713711186,2.4131100878744234,3.6159782778281205e-16,309.23307483142014,-4.836743627834039e-07,3.794638501171396e-06,1.0014678237960406,-0.0012926061732521086,0.9985321739533429,0.001292604503225905,0.999999999999998,-2.4048954277630746e-15,1.000000002250619,1.6700285561836935e-09,1.0000000000000004,1.8969692122827322e-17,1.0000000000000007,-1.0087918956913305e-16,1.0000000000000009,-5.696963347883196e-17,1.0000000000000002,-5.4242536631155607e-17,1.0,1.850515916543899e-18,1.0,-5.87956652932638e-17
17859659.898382287,2.3675009378613874,2.367480795944849,4.988471648030879e-16,300.5526524467948,-3.4730889808542997e-07,3.6676976574325517e-06,1.0014197559549574,-0.0012916641312330757,0.9985802419448945,0.0012916627082571058,0.9999999999999976,-2.4578552057321305e-15,1.0000000021001514,1.4229784622037094e-09,1.0000000000000004,4.2810731588230286e-17,1.0,-1.0034899056385053e-16,0.9999999999999996,-1.0385679656876098e-16,0.9999999999999999,0.0,1.0000000000000002,-5.827372223263633e-17,1.0000000000000002,-1.5403192150672357e-16
18381278.519795123,2.3215888076424034,2.3215702756220247,3.9999824011058515e-16,292.30026937886635,-2.194391157672726e-07,3.5398939313352293e-06,1.001372247890879,-0.0012898151642720505,0.9986277501541264,0.0012898139612842158,0.9999999999999982,-2.38748459527522e-15,1.0000000019549966,1.2029906641238705e-09,1.0,4.8719507351603316e-17,0.9999999999999996,1.0017253409405134e-16,0.9999999999999996,5.1789591855947406e-17,1.0000000000000007,0.0,1.0,-1.2872277608551409e-16,1.0000000000000002,-2.4047798843536966e-16
18918131.809043337,2.275564561350126,2.275547517811042,2.373617172187403e-16,314.02316131939887,-9.997709327080884e-08,3.411494651391158e-06,1.0013253183036497,-0.0012870467773026771,0.9986746798810687,0.0012870457696545247,0.9999999999999971,-2.458044458676096e-15,1.000000001815284,1.007650666042478e-09,1.0,7.574196697253315e-17,0.9999999999999998,0.0,1.0000000000000004,0.0,1.0,2.807560165251698e-16,1.0,3.005219667085429e-17,1.0000000000000004,-1.3897489234963293e-16
19470664.717849363,2.229595068623806,2.2295794012597483,3.9597704770443623e-16,276.9734716725678,1.1178478587225982e-08,3.2827795825987553e-06,1.0012789881220683,-0.0012833498870704764,0.9987210101968104,0.001283349052311077,0.9999999999999973,-2.5073390122815802e-15,1.0000000016811244,8.347619461842429e-10,0.9999999999999998,-1.416509695874179e-16,1.0,-1.9970098642808398e-16,1.0000000000000009,-3.200817288806782e-16,0.9999999999999993,0.0,1.0,-8.856076694773262e-17,1.0,-3.717650907645989e-17
20039335.1934297,2.1838428972917394,2.183828502219004,2.776175985111374e-16,288.9921112908606,1.1414423539690688e-07,3.1540378362907197e-06,1.001233280114225,-0.00127871884543958,0.9987667183331579,0.0012787181631233558,0.9999999999999976,-2.4383671359997388e-15,1.0000000015526198,6.823182107639755e-10,1.0000000000000002,3.053996447761649e-17,1.0000000000000004,7.48532506438168e-17,0.9999999999999998,0.0,1.0000000000000002,8.398377585424743e-19,1.0,-1.1932765401434646e-16,0.9999999999999998,1.2128063419630484e-16
20624614.558048137,2.1384642983201045,2.138451079463096,4.1328795121975145e-16,282.5062225472458,2.0905341102661623e-07,3.025564712505611e-06,1.0011882185217924,-0.0012731514096167918,0.998811780048353,0.0012731508611400788,0.9999999999999969,-2.5985522792731266e-15,1.0000000014298567,5.484788279854261e-10,1.0000000000000004,-3.1693050335901138e-18,1.0000000000000004,-9.988357316022714e-17,1.0000000000000004,1.5142920591612625e-16,0.9999999999999998,1.0537615042832807e-16,1.0000000000000004,2.458351504535024e-17,1.0000000000000009,1.2229356695686654e-16
21226987.899654415,2.093607413696578,2.093595282226,5.041715407400454e-16,263.9043026874451,2.960568039611644e-07,2.897658586414105e-06,1.0011438287268235,-0.0012666486699627808,0.9988561699602742,0.001266648238415527,0.9999999999999974,-2.5637365660242944e-15,1.000000001312903,4.315500456401645e-10,0.999999999999999,5.5351453131623195e-17,1.0,-3.7547327244582026e-17,0.9999999999999996,-1.1370273201139018e-16,1.0,-9.824164500939576e-17,1.0000000000000002,0.0,0.9999999999999996,-1.4652764681813426e-16
21846954.473932106,2.0494107426590555,2.0493996164729813,3.0131344799329753e-16,250.36918886286617,3.7532298335918313e-07,2.7706179120354373e-06,1.0011001369562855,-0.0012592149470540882,0.9988998618419059,0.001259214617088767,0.9999999999999981,-2.666368360270906e-15,1.0000000012018109,3.299681409183752e-10,1.0000000000000004,9.957721301958559e-17,1.0,5.006895713323688e-17,1.0,-5.1193403368037546e-17,0.9999999999999996,-5.119321009258368e-17,0.9999999999999998,5.076985278305955e-17,1.0000000000000004,-1.2809337603240054e-16
22485028.118088886,2.006001889306205,2.0059916925469015,4.820680318081862e-16,265.5266304835834,4.4703837431825377e-07,2.6447384072417732e-06,1.0010571700262212,-0.001250857669809305,0.9989428288771759,0.0012508574275266594,0.9999999999999973,-2.699867791518539e-15,1.0000000010966033,2.4228559033322847e-10,0.9999999999999992,-5.70350115740078e-17,1.0000000000000002,2.0079936947716525e-16,0.9999999999999998,5.020601746241575e-17,1.0000000000000002,1.1256031710177258e-16,1.0,-1.4273308873588537e-16,1.0000000000000004,1.3997208377079e-16
23141737.676732205,1.9634966021741032,1.9634872647751025,3.3871465384186535e-16,339.8107964502779,5.114068173384112e-07,2.520310457466328e-06,1.001014955124372,-0.001241587245733111,0.9989850438783426,0.0012415870785758955,0.9999999999999976,-2.736342698927429e-15,1.0000000009972874,1.6715987854244924e-10,0.9999999999999997,-4.239579906241878e-17,1.0000000000000004,5.030193434895512e-17,1.0000000000000007,2.6177394549234927e-17,1.0,-2.6994650838018313e-17,0.9999999999999993,3.0778170680124496e-18,0.9999999999999998,1.5625612238758679e-16
23817627.440183297,1.921998104976345,1.9219895622356835,3.550426917900189e-16,248.53455816016844,5.686488933065448e-07,2.397616759059604e-06,1.0009735196275453,-0.0012314169328983572,0.9990264794686158,0.0012314168295568214,0.9999999999999987,-2.7892615044640972e-15,1.000000000903841,1.0334456523416235e-10,1.0000000000000004,-1.7378203575883216e-16,0.9999999999999993,-1.5137333762049902e-16,0.9999999999999996,1.0457105711541385e-16,1.0,7.061051752340544e-17,1.0,1.3814866660064234e-16,0.9999999999999994,1.8032803646005784e-17
24513257.595592823,1.8815967078286695,1.8815889000052766,3.466702464811719e-16,249.02526668100603,6.190012271645173e-07,2.276930214490158e-06,1.0009328909480615,-0.0012203627213717117,0.9990671082357243,0.0012203626716933594,0.9999999999999976,-2.8326065309816166e-15,1.0000000008162158,4.968141155465385e-11,0.9999999999999998,5.501901956214075e-17,1.0000000000000002,0.0,0.9999999999999993,1.5919174944473418e-16,0.9999999999999991,1.8485122472196885e-16,0.9999999999999998,-1.8725639373067083e-16,0.9999999999999998,2.3519034572339613e-17
25229204.691232033,1.8423696800746685,1.8423625520058795,4.0991622774930574e-16,232.78047745965634,6.627153013027964e-07,2.1585120550734263e-06,1.0008930964022678,-0.0012084432295794523,0.9991069028633947,0.0012084432244886178,0.9999999999999983,-2.8945112082406587e-15,1.0000000007343397,5.093659845807698e-12,1.0000000000000002,3.853379948204821e-17,0.9999999999999997,-7.601781305431922e-17,0.9999999999999991,1.0144380969543337e-16,1.0000000000000002,2.0958327210515497e-16,1.0000000000000002,5.416241108367234e-17,0.9999999999999994,4.5081359767596806e-17
25966062.114344258,1.8043813597022949,1.804374860441155,2.669032019413943e-16,226.06218355643765,7.00056475011479e-07,2.0426101893555765e-06,1.0008541630935093,-0.0011956796188039096,0.9991458362483782,0.0011956796502246851,0.999999999999998,-3.0399793305310993e-15,1.0000000006581145,-3.1417689529780797e-11,1.0000000000000004,1.277929322204298e-16,1.0000000000000004,-5.086732777078268e-17,1.0000000000000007,5.114870310356254e-17,0.9999999999999991,-1.5927214536094132e-16,1.0000000000000002,2.574660661765245e-17,1.0,1.3577072814537707e-16
26724440.58295279,1.767683470148187,1.767677552619842,3.9713326711139105e-16,271.13241360530276,7.313027552413587e-07,1.9294577399136458e-06,1.000816117801896,-0.0011820955267787825,0.9991838816106888,0.0011820955875613262,0.9999999999999978,-2.9783270050952173e-15,1.0000000005874166,-6.07799960722564e-11,1.0,-3.0585966230022474e-17,0.9999999999999993,-1.0200354042801131e-16,1.0000000000000007,1.05426180610131e-16,1.0000000000000002,2.4041080019726093e-16,0.9999999999999996,2.003197526877811e-16,1.0000000000000002,-4.702611312293456e-17
27504968.652032748,1.7323156128514703,1.7323102335283047,4.1428039939769284e-16,267.5215053871739,7.567435531541378e-07,1.8192717593178132e-06,1.0007789868736863,-0.0011677170193300148,0.9992210126042168,0.001167717103183375,0.9999999999999981,-2.970044316759386e-15,1.0000000005220988,-8.385082764678139e-11,0.9999999999999994,-6.543286941332959e-17,0.9999999999999996,0.0,1.0000000000000004,5.12105818347346e-17,0.9999999999999992,-2.2103491391162605e-16,1.0,8.037490197494131e-17,1.0,-1.2923040745622072e-16
28308293.23446649,1.6983059032440453,1.698301021839562,3.0583067409691683e-16,237.8468019194089,7.766783838292213e-07,1.7122520891497352e-06,1.0007427961040103,-0.001152572557333773,0.9992572034339985,0.0011525726587584884,0.9999999999999981,-3.0849194683513116e-15,1.0000000004619936,-1.0142168771118715e-10,1.0000000000000002,8.131919243376622e-17,1.0000000000000002,-1.0264426101016886e-16,1.0000000000000007,0.0,0.9999999999999998,2.175292414295642e-17,0.9999999999999998,-7.409671151256276e-17,1.0,-1.122155971747271e-16
29135080.1372143,1.6656717183688,1.6656672975504376,3.5465260091571455e-16,226.36613576442667,7.914155730759376e-07,1.6085803497794974e-06,1.0007075706078772,-0.0011366929749054488,0.9992924289852136,0.001136693089130325,0.9999999999999992,-3.2319346613035082e-15,1.0000000004069103,-1.142215383072378e-10,1.0,-9.059118684772912e-18,1.0,5.1501499383120885e-17,1.0,2.0706082446015172e-16,1.0000000000000004,1.7045269073656214e-16,1.0,-1.4429040091862742e-16,1.0000000000000004,6.519503316139588e-17
29986014.613144763,1.6344205260073474,1.6344165311284964,2.48109607380824e-16,222.76713671777873,8.012708150317849e-07,1.508419052634167e-06,1.0006733346757686,-0.0011201114638080569,0.9993266649675888,0.0011201115867286308,0.9999999999999981,-3.02525811444175e-15,1.0000000003566432,-1.229175961978162e-10,1.0000000000000004,-3.0778730260153426e-17,1.0,0.0,0.9999999999999998,1.3035979812317812e-16,0.9999999999999996,-3.2420872822666413e-16,1.0000000000000004,2.108153292377294e-16,0.9999999999999999,1.6988861477755623e-16
30861801.928982202,1.6045507675555863,1.604547166407127,2.3855300230947703e-16,250.16761124306637,8.065657652878144e-07,1.4119108259234622e-06,1.0006401116115513,-0.001102863558543098,0.9993598880774787,0.0011028636866649592,0.9999999999999986,-3.170408991221643e-15,1.0000000003109708,-1.2811884287645453e-10,1.0,1.4632898202427685e-16,0.9999999999999996,7.76718434298106e-17,1.0000000000000002,9.45578498637184e-17,1.0000000000000009,2.057554653644356e-16,1.0000000000000004,-3.645006288788017e-19,0.9999999999999996,-1.2131765882925416e-16
31763167.949841864,1.5760527698227784,1.5760495324044237,3.1964047706649684e-16,211.09681494114562,8.07626520327176e-07,1.3191777498887128e-06,1.0006079235519216,-0.001084987116357924,0.9993920761784207,0.0010849872467396386,0.9999999999999986,-3.2854894644949726e-15,1.0000000002696585,-1.3037866659790224e-10,0.9999999999999998,-2.85866000285176e-17,1.0,4.8662990373841284e-17,0.9999999999999996,5.846946271145952e-17,1.0000000000000009,-1.428718047568526e-16,0.9999999999999999,-2.294120150600429e-16,1.0000000000000004,-1.9019484754385761e-16
32690859.740837373,1.5489096640707705,1.548906762382434,2.599577212591606e-16,259.4216550880732,8.047820614365264e-07,1.2303208168456752e-06,0.9994232084996635,0.001066522416771143,1.000576791267874,-0.0010665222865724063,0.9999999999999983,-3.291004405852122e-15,1.0000000002324638,-1.301955598458169e-10,0.9999999999999996,3.850140688247941e-18,1.0000000000000002,-7.807891473507873e-17,0.9999999999999996,0.0,0.9999999999999997,-1.6085481916186436e-16,0.9999999999999997,-7.462987811467799e-17,0.9999999999999998,-6.595238729315916e-17
33645646.186259024,1.523098293919425,1.5230957017727016,3.190869853401917e-16,269.70817403601933,7.98362627563165e-07,1.1454195250322009e-06,0.9994532658509266,0.0010475115919867106,1.00054673394994,-0.001047511463965502,0.9999999999999986,-3.4933783244729836e-15,1.000000000199134,-1.2801731990808795e-10,1.0,-9.992558041375049e-17,1.0000000000000002,6.523621713905268e-17,1.0000000000000004,1.050251429143291e-16,1.0000000000000004,-1.577238595835282e-16,1.0,7.735750941372269e-17,1.0000000000000004,-6.311235970018701e-17
34628318.626836136,1.4985900969438566,1.4985877897935465,2.361823002889821e-16,229.91305464938984,7.88697981590758e-07,1.0645316154929911e-06,0.9994822308506961,0.0010279993458386573,1.000517768979887,-0.0010279992215927074,0.9999999999999993,-3.3281842322446816e-15,1.0000000001694165,-1.2424235402856826e-10,1.0000000000000002,1.2052300013723053e-16,0.9999999999999999,0.0,1.0,-2.11399570024743e-16,1.0,-1.559599213982358e-16,1.0,3.0244583117085556e-17,1.0000000000000004,1.2624324377459455e-16
35639691.515611626,1.4753519478465027,1.475349902641976,3.147313262136989e-16,238.89659096817243,7.761157192476276e-07,9.876929772709884e-07,0.9995100881644816,0.001008032338302126,1.0004899116924637,-0.001008032219075444,0.9999999999999991,-3.3489531199741186e-15,1.000000000143056,-1.192230942537646e-10,0.9999999999999998,3.363606223074895e-17,0.9999999999999993,-1.0461224984922042e-16,0.9999999999999996,-5.067706717319224e-17,1.0000000000000002,1.348909504856512e-16,0.9999999999999994,2.9768696702805705e-17,1.0000000000000002,2.07827427746518e-16
36680603.092972405,1.4533469539628616,1.4533451490187665,3.583541025894072e-16,232.32980609777633,7.609394501173483e-07,9.149177262108578e-07,0.9995368247488929,0.0009876591965321557,1.0004631751313116,-0.0009876590832603018,0.999999999999999,-3.5970128041722474e-15,1.0000000001197955,-1.1326787398990023e-10,0.9999999999999996,2.9918294936487583e-16,0.9999999999999993,1.0473608805865032e-16,0.9999999999999994,2.886908152680493e-16,1.0,6.872599640690631e-17,0.9999999999999991,1.0138464848026953e-16,0.9999999999999996,1.7310052602343114e-17
37751916.08139504,1.4325351963594077,1.4325336112450784,3.635957654428218e-16,190.59722805635315,7.434869360167795e-07,8.461984809332997e-07,0.9995624300969367,0.0009669303655998715,1.0004375698036758,-0.0009669302589514284,0.9999999999999997,-3.5128542645738963e-15,1.0000000000993883,-1.0664500860636091e-10,1.0,-5.295776683688367e-17,1.0000000000000007,0.0,1.0,6.559276241652661e-18,0.9999999999999994,7.49335313638244e-17,1.0,-2.4586389097612426e-17,1.0000000000000002,-1.3345024240635948e-16
38854518.40048254,1.412874412105388,1.4128730275519974,5.095479983513454e-16,182.65101116030547,7.240683643772172e-07,7.815068437644763e-07,0.9995868964796991,0.0009458979278732267,1.0004131034387138,-0.0009458978282851343,0.9999999999999982,-3.741739377883822e-15,1.0000000000815872,-9.958414632727286e-11,0.9999999999999996,4.847718577863511e-18,0.9999999999999998,-5.2418282292609834e-17,1.0000000000000004,-2.0967864994488385e-16,1.0000000000000007,-2.2194292432586358e-16,1.0000000000000002,1.648275992522124e-16,0.9999999999999999,3.703103071806499e-16
39989323.90288492,1.3943206152170855,1.3943194130413956,6.275822438318058e-16,197.31106315220836,7.029844724115719e-07,7.20794087221659e-07,0.9996102191794605,0.0009246153904021347,1.0003897807543816,-0.000924615298117941,1.0,-3.6542445522013605e-15,1.0000000000661582,-9.228086090935193e-11,0.9999999999999997,9.151475000562707e-17,1.0000000000000002,1.8344017598276984e-16,0.9999999999999988,-1.0482185429725339e-16,1.0,-1.8250224876179896e-17,1.0000000000000002,-2.0230455312676032e-16,0.9999999999999998,5.553706017276319e-18
41157273.13171339,1.3768286554643956,1.3768276185076813,7.2689664802185195e-16,178.2395960316176,6.805249910257771e-07,6.639920593445618e-07,0.9996323967093382,0.0009031374404517285,1.0003676032377888,-0.0009031373555493039,1.0000000000000009,-3.567877513103241e-15,1.0000000000528735,-8.489881994045361e-11,0.9999999999999996,-2.1178268826474167e-17,1.0000000000000002,2.619260165538701e-17,1.0000000000000004,-1.04872347909369e-16,1.000000000000001,5.622839493270189e-18,1.0000000000000004,-6.359443223801093e-17,0.9999999999999999,5.219104111047799e-17
42359334.10007598,1.360352715583915,1.3603518276644095,3.0561857428187683e-16,256.69007032770855,6.569667903022491e-07,6.110142907475061e-07,0.9996534310146263,0.000881519669970606,1.0003465689438578,-0.0008815195923943367,0.9999999999999997,-3.591097984343118e-15,1.0000000000415177,-7.757261117176469e-11,1.0000000000000004,5.69174854348871e-17,0.9999999999999998,1.0464357859798115e-16,1.0000000000000002,1.3081353861554483e-17,1.0,-3.5551562002483073e-17,1.0000000000000004,3.7913945723191065e-17,0.9999999999999999,-2.0379672474846068e-17
43596503.093380764,1.344846748571707,1.344845994448752,6.250532811364977e-16,242.17996162827674,6.325725365741164e-07,5.617573018962915e-07,0.9996733276512111,0.0008598182704321084,1.0003266723169042,-0.000859818200016833,1.000000000000001,-3.751306004771012e-15,1.0000000000318854,-7.041154783832231e-11,0.9999999999999998,-3.436674514879832e-17,0.9999999999999996,-6.52979715438174e-17,1.0000000000000002,-9.925946759935034e-17,1.0000000000000009,-2.166014465679848e-17,0.9999999999999999,9.670466265242562e-17,0.9999999999999999,7.944713593344956e-17
44869805.49507149,1.330264857594702,1.330264222942602,4.447281512365011e-16,226.59673163428386,6.075893423940215e-07,5.161020947442219e-07,0.9996920959366333,0.0008380896999959853,1.0003079040395793,-0.0008380896364906689,1.0000000000000002,-3.843542292877445e-15,1.000000000023787,-6.350160961008431e-11,1.0000000000000002,-9.836373947887955e-17,0.9999999999999996,-1.8244883333996492e-16,0.9999999999999998,-2.0881753387485505e-16,1.000000000000001,1.4699654982701587e-16,1.0000000000000004,1.5213398071557915e-17,1.0000000000000004,-7.642412282494314e-17
46180296.636480145,1.3165616217192704,1.3165610931087766,4.767278911711038e-16,183.07107182157324,5.822474662409149e-07,4.739157969735244e-07,0.9997097490696009,0.0008163903254462686,1.0002902509133555,-0.0008163902685336868,1.0000000000000007,-3.737895079884982e-15,1.0000000000170417,-5.690864372970063e-11,0.9999999999999991,8.937011329939025e-17,0.9999999999999991,1.299779580335312e-16,1.0,5.2029018849074646e-17,0.9999999999999997,1.8795612251272355e-16,1.0,1.7510977475336707e-16,1.0000000000000002,1.9087031351748584e-16
47529062.6715007,1.303692371119774,1.3036919360050765,3.8090846174973046e-16,207.58247539129937,5.567594740796267e-07,4.3505344165452095e-07,0.9997263042139654,0.0007947760417910391,1.0002736957745462,-0.0007947759911058921,1.0000000000000002,-3.987559670967933e-15,1.000000000011488,-5.0681556420700195e-11,0.9999999999999996,-1.5853475216729712e-16,0.9999999999999994,1.8138097011403854e-16,1.0000000000000002,3.0932772212660167e-16,1.0000000000000007,-3.374808353979871e-17,1.0000000000000002,2.245639012329033e-17,0.9999999999999999,4.214485545618006e-18
48917221.47680909,1.2916134192364308,1.2916130660982887,3.312257689072184e-16,238.0932532331588,5.313194435530022e-07,3.993598561433736e-07,0.9997417825433739,0.0007733018728526617,1.0002582174496533,-0.0007733018279953162,1.0000000000000009,-4.103316845885131e-15,1.0000000000069718,-4.485361985119639e-11,1.0000000000000004,-2.028540906132621e-17,0.9999999999999996,3.2267603409044178e-18,1.0000000000000007,-1.0325874943540593e-16,0.9999999999999997,3.3310148169011854e-17,1.0000000000000004,1.659886292860039e-16,1.0000000000000002,1.6202127138737178e-16
50345923.57837547,1.2802822390482893,1.2802819569158725,3.186577254376212e-16,261.56476016306425,5.061024097585687e-07,3.6667161121482255e-07,0.9997562092430126,0.0007520215566282693,1.0002437907536303,-0.0007520215171789658,1.0000000000000013,-3.778192963819102e-15,1.000000000003356,-3.944525653385448e-11,0.9999999999999993,1.097881483489277e-17,0.9999999999999993,-1.2851143239088353e-17,0.9999999999999996,-6.428258757765755e-17,0.9999999999999997,1.3967420063903915e-16,0.9999999999999999,8.327209280527129e-17,1.0000000000000004,8.884298925816742e-17
51816353.105036676,1.2696576188730577,1.2696573977976953,6.427210630546994e-16,180.9443731923905,4.812641307694321e-07,3.368190088404057e-07,0.9997696134649825,0.0007309871196999447,1.0002303865345021,-0.000730987085229478,0.9999999999999999,-3.891044773549399e-15,1.0000000000005134,-3.446651030705881e-11,0.9999999999999996,2.1226545115635008e-17,0.9999999999999992,1.02305031197489e-16,0.9999999999999998,-2.5606901771271692e-17,0.9999999999999998,-1.0936472594583492e-16,0.9999999999999993,-7.445370737664921e-18,1.0000000000000002,-1.5301632195494765e-17
53329728.7699192,1.259699776271954,1.2596996071517068,4.990173718665474e-16,221.709875207284,4.5694109473970457e-07,3.096280691643676e-07,0.9997820282340923,0.0007102484455601341,1.0002179717675743,-0.000710248415638327,1.0000000000000013,-3.6464545449362544e-15,0.9999999999983316,-2.9918004385041696e-11,0.9999999999999996,-5.0165818190792335e-17,1.0000000000000002,2.0347706013976793e-16,1.0000000000000002,-9.221966012989515e-17,1.0,-6.401178553811921e-17,0.9999999999999996,-8.847275628089661e-17,1.0,1.229749177204447e-16
54887304.880526185,1.2503704400236972,1.2503703145896006,4.7537999740680175e-16,185.59180782250854,4.332506193804875e-07,2.849224790734753e-07,0.9997934903010611,0.0006898528424073717,1.0002065097022281,-0.0006898528166097678,1.0000000000000013,-3.810747797282957e-15,0.9999999999967095,-2.5793658036489018e-11,1.0,5.923546681689246e-17,0.9999999999999998,1.5126615014181907e-16,1.0000000000000002,3.755071150978123e-17,0.9999999999999997,-1.2559906329142984e-17,0.9999999999999989,7.420928734660719e-17,1.0000000000000002,1.598302218864572e-17
56490372.378325485,1.2416329073098247,1.2416328181079075,4.090192039132646e-16,170.79250619474206,4.1029139197235054e-07,2.625254730988275e-07,0.9998040399405237,0.000669844616780998,1.0001959600639212,-0.0006698445946964187,1.0000000000000018,-3.565692117558083e-15,0.9999999999955527,-2.2081012488424734e-11,0.9999999999999997,5.871320757443033e-17,0.9999999999999998,-4.786623000906711e-17,1.0,-2.00881345554419e-16,1.0000000000000002,-2.4920645514771924e-16,0.9999999999999992,1.0342264885734998e-16,0.9999999999999989,8.513095733196387e-17
58140259.90870052,1.2334520780519818,1.2334520184203566,4.657463841893648e-16,160.74925182219096,3.8814410174836667e-07,2.4226160815562347e-07,0.9998137206917534,0.0006502646603297157,1.0001862793134604,-0.0006502646415627236,1.0000000000000027,-3.720141599685423e-15,0.9999999999947848,-1.8763374181851826e-11,1.0,1.9022878930059167e-17,1.0,-7.789673577691766e-19,1.0000000000000007,7.393017883528685e-17,0.9999999999999992,-2.0260078589323135e-16,0.9999999999999998,1.6943934097302557e-17,0.999999999999999,8.140238393016345e-18
59838334.92215066,1.2257944697135204,1.2257944337542634,4.616832616516521e-16,236.89753099499063,3.668721433314204e-07,2.2395841569635687e-07,0.9998225790408621,0.0006311500580034284,1.000177420964805,-0.0006311500421791875,1.0000000000000022,-3.4614672203565256e-15,0.9999999999943303,-1.582065386814252e-11,0.9999999999999997,-3.07467036078339e-17,1.0000000000000004,-9.42840103351059e-17,0.9999999999999996,-9.586447524865788e-17,0.9999999999999998,-9.746463155077811e-17,0.9999999999999998,9.110491844089737e-18,1.0,-1.0353060674714573e-16
61586004.80765386,1.2186282155789854,1.2186281981247726,2.189255881799153e-16,181.53397520868296,3.4652286018399536e-07,2.0744789750381905e-07,0.9998306640443912,0.0006125337269789039,1.0001693359614747,-0.0006125337137455349,1.0000000000000027,-3.515980174074751e-15,0.9999999999941314,-1.3229846063677145e-11,0.9999999999999998,-8.292687573665278e-17,0.9999999999999999,-1.118730033620009e-16,1.0000000000000004,-1.1116861076580193e-16,1.0000000000000002,-4.245353755870093e-17,0.9999999999999998,1.1957468590497914e-16,1.0000000000000002,-7.38816455464137e-17
63384718.05913087,1.2119230492635782,1.2119230458393717,2.393405636097737e-16,141.89290656034834,3.271284469974489e-07,1.9256785019738022e-07,0.9998380268957936,0.0005944440965344593,1.0001619731100735,-0.0005944440855649113,1.0000000000000029,-3.3111938175820173e-15,0.9999999999941306,-1.0966426887023697e-11,1.0000000000000002,9.368026966589236e-19,1.0,1.1430442455341403e-16,0.9999999999999997,1.8766401020080873e-16,0.9999999999999998,8.267689379691009e-18,0.9999999999999999,-5.859832407745091e-18,1.0000000000000002,-3.649038985262148e-17
65235965.475977816,1.205650277896085,1.2056502846764052,2.5655658613716675e-16,229.4885815094289,3.087074134100476e-07,1.791630077453924e-07,0.9998447204382898,0.0005769048397413345,1.0001552795674247,-0.000576904830732904,1.0000000000000033,-3.057455191913896e-15,0.9999999999942829,-9.0050123003808e-12,1.0,-2.804486262464584e-17,1.0,2.0626308769429472e-16,0.9999999999999998,1.4056123063498335e-17,1.0000000000000007,2.019713057780107e-18,0.9999999999999997,8.131700041502793e-18,1.0000000000000007,-1.7974584443510397e-17
67141281.39866216,1.1997827461698964,1.1997827599324047,2.479890325268766e-16,147.21152469554056,2.912657564024812e-07,1.6708599260762566e-07,0.9998507986300592,0.0005599346680753119,1.0001492013753897,-0.0005599346607527718,1.000000000000003,-3.105211092424084e-15,0.9999999999945479,-7.319540564380002e-12,1.0000000000000002,-9.169732066493943e-17,1.0000000000000002,-1.9053013631885655e-16,1.0000000000000007,-1.4273922104259346e-17,0.9999999999999999,0.0,0.9999999999999996,0.0,1.0000000000000004,-1.190717950598509e-16
69102244.98040617,1.1942947931777332,1.194294811253994,2.6555116178301984e-16,170.80377654337263,2.7479843112132585e-07,1.5619806297487785e-07,0.9998563159704098,0.0005435471996689329,1.000143684034695,-0.0005435471937820557,1.0000000000000033,-2.8228935058067804e-15,0.9999999999948915,-5.883802713119034e-12,1.0000000000000004,-1.9757165461351645e-16,0.9999999999999996,-1.987476700821094e-16,0.9999999999999997,-1.8072627199675285e-16,1.0000000000000002,-2.4274321086394543e-17,0.9999999999999999,-3.992769848531182e-17,0.9999999999999998,-4.305697278645366e-17
71120481.49601173,1.1891622036997207,1.1891622239240969,4.31932828393787e-16,170.12758798813178,2.592907648590881e-07,1.4636967490068183e-07,1.0001386731061936,-0.0005277509060714546,0.9998613268985155,0.0005277509107465408,1.0000000000000036,-2.448542468596998e-15,0.9999999999952867,-4.671996564044248e-12,1.0000000000000004,5.306360615359679e-18,0.9999999999999992,-1.1044643200352287e-16,0.9999999999999992,2.2607272312428327e-16,0.9999999999999994,1.3380710761946248e-16,0.9999999999999998,7.120697026655211e-17,0.9999999999999998,1.8810260891247455e-17
73197663.68891156,1.1843621553980779,1.1843621760557628,4.744357663160477e-16,163.3772302395323,2.4471984261253965e-07,1.3748085062460895e-07,1.000134114825225,-0.0005125491740808751,0.9998658851790623,0.000512549177742675,1.0000000000000042,-2.341883779365392e-15,0.9999999999957085,-3.659508754460089e-12,1.0,-3.956681728512888e-17,0.9999999999999996,-9.166123142973857e-17,1.0,-2.300848942459832e-16,1.0000000000000002,-5.444770085504896e-17,0.9999999999999998,-6.419951222418673e-17,1.000000000000001,1.1803939413618114e-16
75335513.15756291,1.1798731631418522,1.1798731829169842,3.2084153814460933e-16,221.87977443311902,2.3105588553562484e-07,1.2942136621658318e-07,1.0001299567123438,-0.000497940411788452,0.999870043291511,0.0004979404146129519,1.0000000000000044,-2.146873960284505e-15,0.9999999999961406,-2.8222996748989624e-12,1.0000000000000002,3.7713883342387835e-18,0.9999999999999994,-1.0391248304812084e-16,0.9999999999999998,-5.0139793438972464e-17,1.0,-2.5970058959411652e-17,0.9999999999999993,6.35362891602457e-17,1.0000000000000004,1.2624407943370642e-16
77535801.7823332,1.1756750215180878,1.1756750394428805,3.62264208600193e-16,161.39709114630867,2.1826355123266694e-07,1.2209078138654076e-07,1.0001261481620973,-0.00048391830393074403,0.9998738518413306,0.0004839183060700572,1.0000000000000047,-1.6655472686776716e-15,0.9999999999965676,-2.1376692570519184e-12,0.9999999999999997,-1.5550947660115298e-17,0.9999999999999996,-5.209986070380401e-18,0.9999999999999997,-1.604145431660497e-16,1.0,-7.719995575724372e-17,1.0000000000000009,-2.9252567311373726e-17,0.9999999999999998,-4.766080179744009e-17
79800353.19405985,1.1717487463950755,1.1717487618007674,4.490409152173077e-16,190.43178787100143,2.0630320562986526e-07,1.1539831198903225e-07,1.0001226409909472,-0.0004704721315223121,0.999877359012069,0.0004704721331086877,1.0000000000000053,-1.4258909847111994e-15,0.9999999999969784,-1.584828823537027e-12,1.0000000000000007,-6.967830458550066e-17,0.9999999999999997,-1.1065047102594926e-16,1.0000000000000002,-1.3618452526264493e-16,0.9999999999999998,-1.3297392909849356e-16,0.9999999999999997,-1.27777621512893e-16,1.0000000000000002,-5.980786493672371e-17
82131044.28550182,1.1680765162629216,1.1680765287332482,4.263638984000938e-16,156.44363107979683,1.9513205273824497e-07,1.0926257699456682e-07,1.0001193899261536,-0.0004575871814251069,0.9998806100764746,0.00045758718256981384,1.0000000000000049,-1.1972893339239315e-15,0.9999999999973663,-1.143919302238896e-12,0.9999999999999996,-8.534328480876351e-17,1.0,4.792787631848489e-17,1.0000000000000007,4.7031018288295623e-17,0.9999999999999996,-7.549541226351992e-17,0.9999999999999997,2.056160013378658e-16,0.9999999999999997,-8.715970123506664e-17
84529806.76693523,1.1646416139507454,1.1646416232785093,3.873846525581316e-16,214.81927754706604,1.8470527862746167e-07,1.0361123305975513e-07,1.0001163530194486,-0.00044524522732752186,0.9998836469828235,0.00044524522812538066,1.0000000000000058,-6.842964238648745e-16,0.9999999999977225,-7.977254998963683e-13,0.9999999999999997,2.6925457417800357e-17,0.9999999999999993,-5.728289317601543e-17,0.9999999999999996,-4.775077881328742e-17,0.9999999999999997,3.28163824791e-17,1.0000000000000002,-4.1033270814912847e-17,0.9999999999999999,1.904738279419086e-16
86998628.76718262,1.1614283691904734,1.1614283753376269,3.439939072439524e-16,179.0596698401059,1.7497685433909282e-07,9.838051353961071e-08,1.0001134919726338,-0.000433425065748129,0.9998865080293107,0.0004334250662778855,1.0000000000000062,-5.552367699783946e-17,0.9999999999980483,-5.300815431775485e-13,1.0000000000000004,-3.664321486157518e-17,0.9999999999999998,-1.8436965365386374e-17,0.9999999999999997,-8.842355087989178e-17,0.9999999999999997,1.2956216296266479e-17,1.0000000000000004,-7.488108375306238e-17,0.9999999999999993,-1.6609919439901278e-16
89539556.48140272,1.1584221024095134,1.1584221054710515,3.410847444058005e-16,175.81701552555737,1.6590049511933103e-07,9.351469946698927e-08,1.0001107723665328,-0.0004221030879641131,0.9998892276351196,0.0004221030882906185,1.000000000000007,7.516615489095886e-16,0.9999999999983413,-3.2704252929027154e-13,1.0000000000000002,-8.292163039637428e-17,1.0000000000000007,-3.8570843986058164e-17,1.0000000000000007,-1.1695517115927845e-17,1.0000000000000002,9.255573477446981e-18,1.0000000000000007,7.90273034779576e-17,1.0000000000000004,-2.8915233598754064e-17
92154695.8670064,1.155609070044961,1.1556090702167854,3.3465261950725963e-16,231.27745021908706,1.574303283291556e-07,8.896553885865086e-08,1.0001081637895557,-0.0004112538673884366,0.9998918362118372,0.00041125386756349824,1.000000000000007,1.3704870848676031e-15,0.9999999999985995,-1.7628157263491065e-13,1.0000000000000004,-4.9428773410499573e-17,1.0000000000000004,-1.0024401085771919e-16,1.0000000000000002,-2.456029753021256e-16,1.0000000000000004,9.452862057421953e-17,1.0000000000000002,-8.315189420213453e-17,0.9999999999999999,1.4025621954647368e-16
94846214.38910443,1.1529764116029486,1.1529764091537231,5.664359514080024e-16,133.88743439050558,1.4952152582736744e-07,8.469162527599951e-08,1.0001056398672268,-0.0004008507419668185,0.9998943601339402,0.0004008507420323033,1.0000000000000069,1.9863514326570553e-15,0.9999999999988264,-6.740457096612799e-14,1.0000000000000007,2.3549159526582707e-17,1.0000000000000002,8.797226838441617e-17,1.0,-7.955579997225075e-17,1.0000000000000013,-1.0188642635397645e-16,1.0000000000000002,-1.0601964401933633e-16,0.9999999999999998,3.632399788812732e-17
97616342.81693369,1.1505120986255013,1.150512093872456,2.471994207541116e-16,138.3557736600271,1.4213076582336726e-07,8.065776483770764e-08,1.000103178198667,-0.0003908663726023363,0.9998968218023025,0.00039086637259097757,1.000000000000008,2.6225407270319413e-15,0.9999999999990221,8.58356474166741e-15,0.9999999999999999,-1.400490033550207e-16,0.9999999999999999,-7.569879679106776e-18,1.0,-9.710200215509219e-17,1.0,5.227355345327413e-17,1.0,-1.0954644168890128e-16,0.9999999999999994,-1.199944748795482e-16
100467377.07275085,1.1482048856746792,1.1482048789631891,3.510313877767302e-16,104.32331985628103,1.352166805190791e-07,7.683433710361552e-08,1.0001007602100267,-0.00038127326119958974,0.9998992397907741,0.0003812732611367523,1.0000000000000084,3.663156941205432e-15,0.9999999999991902,5.928524026734709e-14,1.0000000000000002,6.954927615839907e-17,0.9999999999999998,2.8896292339286447e-19,0.9999999999999992,1.183777118827248e-16,1.0000000000000007,4.0387660416425544e-17,0.9999999999999992,-1.0314495794726047e-17,1.0000000000000002,-7.841328517817637e-17
103401680.13472566,1.1460442634126249,1.14604425509935,3.8908081337715984e-16,188.27799406878955,1.2874004085006163e-07,7.319666710262466e-08,1.000098370937784,-0.00037204421535768126,0.9999016290628756,0.00037204421526220306,1.000000000000008,4.5755252961744455e-15,0.9999999999993333,9.049770736804963e-14,1.0,-9.172435431040061e-17,0.9999999999999996,1.1548593667898638e-16,0.9999999999999998,-1.1621521124431255e-16,0.9999999999999997,9.412874945372632e-18,1.0000000000000002,-1.5264272477095818e-16,1.0000000000000002,-1.09311178033886e-16
106421683.99541129,1.1440204138064356,1.1440204042457371,4.636675644191021e-16,141.18894992760593,1.2266414728401287e-07,6.972441631673595e-08,1.0000959987566902,-0.00036315275058994035,0.9999040012438475,0.0003631527504767263,1.0000000000000087,5.6321980720735815e-15,0.9999999999994532,1.0744905583607593e-13,0.9999999999999997,-1.1011871299733463e-16,1.0000000000000002,4.0028667240978884e-17,0.999999999999999,9.712004749914636e-17,1.0000000000000002,-8.95484976881796e-17,1.0,-7.063443361724509e-17,1.0000000000000002,-1.489527309614021e-16
109529891.67741464,1.1421241674749572,1.1421241570082887,3.302609370318699e-16,112.51303294914915,1.1695479429363331e-07,6.640100535011076e-08,1.0000936350677712,-0.00035457342490916147,0.9999063649326666,0.00035457342478843577,1.0000000000000095,6.832417174240292e-15,0.9999999999995542,1.1404056967958058e-13,0.9999999999999997,2.861010710849881e-16,1.0000000000000004,1.4148211540281856e-16,1.0000000000000002,0.0,0.9999999999999996,-2.0869379551865214e-17,1.0,-6.468639069449674e-17,0.9999999999999996,-3.0176143368555463e-18
112728879.30793752,1.1403469631638554,1.1403469521117924,3.7686147783936506e-16,140.0582945141203,1.1158035562175428e-07,6.321307206134032e-08,1.000091273961438,-0.0003462821042771445,0.9999087260389155,0.0003462821041560623,1.0000000000000087,8.005411844835479e-15,0.9999999999996373,1.1307133038932629e-13,0.9999999999999999,2.1360151996770453e-17,0.9999999999999999,7.136096454488326e-17,1.0000000000000002,-4.583571716085049e-17,1.0,3.451122075703761e-17,1.0,1.7527561828716067e-17,1.0,8.330971737839976e-17
116021298.25390786,1.138680809321445,1.138680797978025,4.637046918177831e-16,140.97063673278402,1.0651190507360297e-07,6.014996900679258e-08,1.0000889118696161,-0.0003382561606128757,0.9999110881306681,0.0003382561604957268,1.0000000000000093,9.404286919056455e-15,0.9999999999997067,1.0729871122217898e-13,1.0000000000000004,-1.8031983757352875e-17,0.9999999999999999,1.5607563861091273e-17,1.0,-3.30562071101708e-17,0.9999999999999994,4.276105886468882e-17,1.0000000000000007,-1.6741638042043513e-16,1.0000000000000002,1.3180511020610387e-16
119409877.31947073,1.1371182477331767,1.1371182363621979,4.86054620078973e-16,186.4713995519633,1.0172303888111855e-07,5.720331053486038e-08,1.0000865472190068,-0.00033047460658412715,0.9999134527812206,0.0003304746064749081,1.0000000000000098,1.1075268436790551e-14,0.9999999999997639,9.829667788051471e-14,1.0000000000000004,-6.966047428048762e-17,1.0000000000000002,-9.053386103544601e-18,1.0000000000000004,-6.596503663048659e-17,0.9999999999999994,2.7371138759338082e-17,1.0000000000000002,2.2448235379761988e-17,1.0000000000000002,6.848923189265051e-17
122897425.00766048,1.1356523191628713,1.1356523079958538,3.3774281875666684e-16,154.0745112032348,9.718986149209741e-08,5.436655984290536e-08,1.0000841800955176,-0.00032291817325419143,0.9999158199046635,0.0003229181731539969,1.00000000000001,1.2588270947929958e-14,0.9999999999998088,8.753513289174651e-14,1.0000000000000004,3.388184734038191e-18,1.0000000000000002,4.0419257850051064e-17,1.0,-1.2457360138698556e-17,0.9999999999999999,-1.0632975364554147e-16,1.0000000000000007,6.368067079617854e-17,0.9999999999999999,7.220603607340486e-17
126486831.84812836,1.1342765309425922,1.134276520178093,4.147745734206832e-16,130.61338695748898,9.289081503993657e-08,5.1634666717266386e-08,1.000081811927672,-0.0003155693378091735,0.9999181880724716,0.00031556933771872687,1.0000000000000113,1.4266078784538536e-14,0.9999999999998457,7.580393845954154e-14,1.0000000000000007,2.5277564599363118e-17,1.0,-7.249298417372165e-18,1.0,2.1162923179542397e-16,0.9999999999999997,-1.832708641420119e-17,1.0000000000000009,-9.736884256127376e-17,1.0000000000000002,-6.856059382512034e-17
130181072.7928551,1.1329848264413833,1.1329848162453897,3.59139194277326e-16,175.60647459160975,8.880661539478751e-08,4.9003747325764e-08,1.0000794451946518,-0.0003084123091584988,0.9999205548054602,0.0003084123090785657,1.0000000000000118,1.617584821896769e-14,0.9999999999998754,6.3794280961623e-14,0.9999999999999997,6.264272154854543e-17,1.0,-4.6972783269216414e-17,1.0000000000000004,6.300208388343763e-17,1.0000000000000002,-1.0996905917581321e-16,0.9999999999999994,-1.7898312943596076e-16,1.0000000000000002,9.145535586572494e-17
133983209.68183382,1.13177155634798,1.13177154685514,2.9640866054518376e-16,104.1150585331848,8.49200247898807e-08,4.6470810681798014e-08,1.0000770831626251,-0.00030143297925777813,0.9999229168374628,0.00030143297918726076,1.000000000000013,1.8036805999578668e-14,0.9999999999998972,5.237877360522761e-14,0.9999999999999996,3.6441823251621967e-17,0.9999999999999999,2.0787634867243338e-16,1.0000000000000004,2.5382256140749483e-16,0.9999999999999999,2.1525778561369156e-16,1.0000000000000002,2.0407332737396153e-17,0.9999999999999999,-1.9452695540717323e-17
137896393.78076705,1.1306314516951448,1.1306314430106175,3.368789724118536e-16,130.87409851823026,8.121574524011521e-08,4.403352387212019e-08,1.0000747296512957,-0.0002946188476754365,0.9999252703487743,0.00029461884761447293,1.0000000000000147,2.0015544443402947e-14,0.9999999999999154,4.1308950312061607e-14,1.0000000000000004,-3.3309770385872416e-16,1.0000000000000004,-7.151228535645296e-17,1.0000000000000004,-8.37621128196389e-17,1.0,7.022827605708397e-18,1.0000000000000002,-2.392259679890122e-17,1.0000000000000002,-8.321573973897541e-18
141923868.39288107,1.1296266759847127,1.1296265726862171,2.676887767505261e-16,107.76904633172337,7.768018406295596e-08,4.1690016941544364e-08,1.0000723888311867,-0.00028795892633592577,0.9999276111688677,0.0002879589262829106,1.0000000000000173,2.063831751592557e-14,0.9999999999999291,3.192419793938941e-14,0.9999999999999997,2.4035729128399604e-17,0.9999999999999998,9.783659818322771e-17,1.0000000000000004,-1.15356770491286e-17,1.0000000000000007,3.7386231028629646e-17,0.9999999999999997,-1.0841191655899325e-16,0.9999999999999998,-3.05746577058701e-17
146068971.54702216,1.128691439994285,1.1286913424458225,3.8824646692448115e-16,168.4956962369434,7.430140414044217e-08,3.943872170580569e-08,1.0000700650510446,-0.0002814436306035282,0.9999299349489974,0.0002814436305584709,1.00000000000002,2.143751043484652e-14,0.9999999999999386,2.3690979217408534e-14,1.0000000000000002,-9.566389555702421e-17,1.0,2.008355159403376e-17,1.0000000000000007,3.5728401446365477e-17,1.0000000000000004,-1.681066081642916e-16,1.0000000000000007,-1.4879564617510337e-17,1.0,5.626462276898683e-17
150335138.76426297,1.1278068747533159,1.1278067828516825,3.961354677744243e-16,126.54946624729605,7.106878285867424e-08,3.727824251333514e-08,1.000067762693888,-0.0002750646620402919,0.999932237306145,0.00027506466200191395,1.000000000000022,2.137053510236784e-14,0.9999999999999462,1.7076355131193597e-14,0.9999999999999997,6.878255604570231e-17,0.9999999999999998,1.6083325941568926e-17,0.9999999999999999,3.9035235422145796e-17,1.0000000000000007,-3.4238759716720595e-17,0.9999999999999997,4.063466086395999e-17,0.9999999999999996,1.3516499442345714e-16
154725905.9053117,1.126969768123351,1.1269696817325392,2.434887602311934e-16,161.48677884120457,6.797302631866842e-08,3.5207253139425306e-08,1.0000654860596776,-0.00026881488729233865,0.9999345139403472,0.00026881488726012673,1.0000000000000238,2.041625802579058e-14,0.9999999999999516,1.2002839889627102e-14,1.0,-1.0190463251195876e-16,0.9999999999999998,6.637128376102633e-17,1.0,-4.210280351276936e-17,1.0000000000000002,-3.5581540044333056e-17,0.9999999999999997,-1.519393515172826e-16,1.0000000000000002,-2.0520466529347577e-16
159244912.1010843,1.1261771240390503,1.1261770429987519,4.499454218735637e-16,131.14553132454196,6.500589222468989e-08,3.322442126153888e-08,1.000063239272196,-0.00026268821674456995,0.9999367607278219,0.00026268821671685346,1.0000000000000249,1.907914200341116e-14,0.9999999999999554,8.261872273528024e-15,1.0,1.3412678879643606e-16,0.9999999999999993,3.5621785433552406e-17,0.9999999999999998,-1.2008725508549672e-16,0.9999999999999993,-5.817030231370235e-17,0.9999999999999999,-7.94508977363732e-18,0.9999999999999999,6.746546447136703e-17
163895902.7688685,1.1254261446295515,1.12542606876009,2.1052242410820108e-16,86.20055794524907,6.216016146254333e-08,3.132834923890208e-08,1.0000610262075338,-0.0002566794858010906,0.9999389737924805,0.0002566794857778093,1.0000000000000258,1.770339659181518e-14,0.9999999999999593,5.173937703274951e-15,1.0000000000000002,9.08750998354034e-18,1.0000000000000002,9.345002442224401e-17,0.9999999999999999,-1.2498454006266911e-16,0.9999999999999997,1.7731277591476178e-16,1.0,-6.188868634963493e-17,0.9999999999999999,-1.8435402727812963e-16
168682732.7165795,1.1247142152392042,1.1247141443456512,3.626053195261303e-16,76.49911224897556,5.942941072589747e-08,2.9517536820367124e-08,0.9999411495584722,0.0002507843409547785,1.0000588504415384,-0.000250784340974151,0.9999999999999629,3.10129973916066e-15,1.000000000000027,1.6286655252137514e-14,1.0,-1.5046070567700778e-17,1.0000000000000004,8.661535486580356e-18,1.0000000000000007,-1.003548393403544e-16,0.9999999999999996,1.200910649625471e-17,1.0000000000000002,-1.6157386235375646e-17,1.0000000000000004,-1.294320418110563e-16
173609369.3376801,1.1240388910774717,1.1240388249533575,5.148529512539698e-16,103.62607650983244,5.680794856743887e-08,2.7790354761182022e-08,0.9999432847863692,0.0002449991323353768,1.000056715213639,-0.00024499913235153336,0.9999999999999653,1.1384480501887221e-15,1.0000000000000264,1.470648416490225e-14,1.0000000000000004,7.751901755343097e-18,1.0000000000000007,2.0570863429875696e-16,1.0000000000000007,4.594283113515465e-17,0.9999999999999999,-1.597897904218642e-16,1.000000000000001,2.2336662020128497e-17,1.0000000000000004,-1.9492773482704928e-16
178679895.89941353,1.123397885149117,1.1233978235798054,2.9873248335045376e-16,75.4241730771213,5.4290730133743637e-08,2.6145033932259272e-08,0.9999453765954469,0.00023932081350258998,1.0000546234045589,-0.00023932081351600373,0.9999999999999674,-5.744568038467728e-17,1.000000000000026,1.3344519964394654e-14,1.0000000000000004,1.3303506414673419e-16,1.0000000000000004,1.4014971089317428e-17,0.9999999999999998,1.9877035150524487e-17,1.0000000000000004,7.54537739297524e-18,1.0000000000000004,-6.021119620355818e-17,0.9999999999999999,1.457598863064587e-16
183898514.92707393,1.1227890572932904,1.1227890000590113,6.663854182105302e-16,84.90014498097884,5.187319374044819e-08,2.457966073496132e-08,0.9999474224743594,0.00023374684955372864,1.0000525775256446,-0.00023374684956490636,0.9999999999999702,-9.325865609189033e-16,1.0000000000000262,1.1780950445186883e-14,0.9999999999999998,7.605865035980617e-17,0.9999999999999996,3.696969647854185e-17,1.0000000000000016,-4.538985352936238e-17,1.0000000000000002,-1.3579599811482797e-16,1.0000000000000002,2.354541126882021e-16,1.0,2.589386196937087e-16
189269551.68711978,1.1222104042107632,1.122210351089312,3.996597313345334e-16,101.50502569915683,4.955122534511247e-08,2.3092182409155193e-08,0.9999494202822996,0.00022827513352982997,1.0000505797177028,-0.00022827513353862239,0.9999999999999712,-1.4821268857796173e-15,1.000000000000025,1.0425600986040113e-14,1.0,-1.3873011036243055e-16,1.0000000000000007,-1.1835660200864555e-16,1.0000000000000004,-4.4470116508012855e-17,0.9999999999999998,-1.3266652368372404e-17,0.9999999999999991,-1.143958830448133e-18,1.0,-2.799626932440873e-17
194797457.77201694,1.1216600503790386,1.1216600011481281,3.406386941184485e-16,75.54056516317932,4.732109459837375e-08,2.1680417026536742e-08,0.999951368242511,0.00022290391129112634,1.0000486317574913,-0.0002229039112981637,0.9999999999999734,-2.0603796489556407e-15,1.0000000000000242,9.442423058500796e-15,1.0000000000000002,1.846370161236846e-17,0.9999999999999994,-1.501108152812997e-16,1.0000000000000002,2.0970590487885566e-17,0.9999999999999992,9.098590867707768e-17,1.0,-2.6177180776521285e-19,0.9999999999999998,-2.580240177885404e-17
200486814.78978235,1.121136239766875,1.1211361942061666,2.693077273931393e-16,68.01182320500922,4.5179398000527726e-08,2.0342066059719445e-08,0.9999532649298085,0.00021763171467845984,1.0000467350701927,-0.00021763171468481188,0.9999999999999751,-2.422537844648774e-15,1.0000000000000235,8.572725698371264e-15,0.9999999999999999,8.256592122027754e-18,1.0000000000000002,3.894779255723854e-18,1.0,4.652596992415717e-17,0.9999999999999996,1.3721733356192595e-16,1.0000000000000004,-3.040199025530939e-17,1.0000000000000004,-3.4727032476038095e-17
206342338.16128674,1.1206373282678186,1.120637286160637,5.476673505528252e-16,66.75328702757893,4.312292389840877e-08,1.907473274189929e-08,0.9999551092535455,0.00021245730263723476,1.0000448907464554,-0.00021245730264212123,0.9999999999999761,-2.662665144782168e-15,1.0000000000000222,7.847477827955486e-15,1.0,-1.6815502509873771e-16,1.0000000000000004,-8.558013497971716e-17,1.0,-8.30730842522551e-17,1.0000000000000002,3.743616169301738e-16,0.9999999999999989,2.5747632026070617e-16,1.0000000000000002,1.310779419297182e-16
212368881.02846313,1.1201617767818293,1.1201617379165816,4.551157283054408e-16,77.71959277292349,4.114872353966348e-08,1.787594030263126e-08,0.9999569004372575,0.00020737960987539562,1.0000430995627445,-0.0002073796098793241,0.9999999999999774,-2.9480687989625485e-15,1.0000000000000209,7.024000383484582e-15,1.0,-1.1328877302749185e-16,0.9999999999999999,-1.400476754774808e-16,0.9999999999999991,-1.8093354086098835e-16,0.9999999999999999,-9.178036756551635e-17,1.0,5.942485557487484e-17,0.9999999999999992,1.742356484838029e-16
218571438.27666065,1.1197081448722714,1.119708109043597,4.69282989805333e-16,59.358276142265176,3.925400449134031e-08,1.674314824770858e-08,1.0000413620039734,-0.00020239770256062425,0.999958637996027,0.00020239770255726385,0.9999999999999789,-2.9196777760357895e-15,1.0000000000000207,6.2931232083228685e-15,1.0000000000000002,9.170307759639593e-17,0.9999999999999994,1.0917670507491219e-16,1.0000000000000002,1.3891605165747964e-16,0.9999999999999992,4.813898303749836e-17,0.999999999999999,-8.415760653701379e-17,0.9999999999999998,4.669278506108448e-18
224955150.67447734,1.1192750849448112,1.1192750519544872,2.77871361054604e-16,70.21231101043875,3.743612353446224e-08,1.5673775389604983e-08,0.9999603217124687,0.00019751074049022044,1.000039678287531,-0.00019751074049287773,0.9999999999999798,-3.0961310415860923e-15,1.0000000000000193,5.77293611173477e-15,0.9999999999999998,-9.699532647424041e-18,0.9999999999999998,9.953022283879334e-18,0.9999999999999996,1.3902977016825504e-16,1.0000000000000004,-9.843704976625485e-17,1.0000000000000002,2.864130530960149e-17,0.9999999999999994,8.369811007127174e-17
231525309.13450304,1.118861336883689,1.1188613065413175,3.4771180962562614e-16,85.90552075602353,3.569252982060789e-08,1.4665213967213899e-08,1.0000380483879765,-0.00019271794523592186,0.999961951612024,0.00019271794523376392,0.9999999999999803,-2.8790811384374508e-15,1.0000000000000182,5.2935201817493835e-15,0.9999999999999997,8.536136143512782e-17,0.9999999999999996,2.360368596725673e-18,1.0000000000000002,2.8336503422862244e-16,1.0000000000000004,2.0557853415663694e-16,1.0,2.1947026784329206e-17,0.9999999999999997,6.043453684471703e-17
238287359.0985037,1.118465723101277,1.1184656952247696,3.514469178217573e-16,58.72238566998222,3.402077197733888e-08,1.371484960521007e-08,1.000036472061808,-0.0001880185735745577,0.9999635279381913,0.00018801857357316187,0.9999999999999825,-3.080982817432708e-15,1.0000000000000184,4.667991954226885e-15,1.0,-1.585810085788004e-16,1.0000000000000007,-8.447652517339981e-17,0.9999999999999996,-1.376876963223127e-16,1.0000000000000004,-1.1162650810597343e-16,0.9999999999999993,2.590114117061001e-17,1.0,-3.432740128493776e-17
245246905.05068198,1.1180871439453872,1.118087118361305,3.6247608100443316e-16,80.2017877430505,3.24184910027725e-08,1.2820077399659412e-08,1.0000349488718618,-0.00018341189579351561,0.9999650511281377,0.00018341189579219888,0.9999999999999832,-2.7736849575304603e-15,1.0000000000000173,4.351280908783158e-15,1.0,-1.6898685567016484e-16,0.9999999999999998,-3.183182592090549e-17,0.9999999999999997,3.275301018781507e-17,0.9999999999999993,1.0908905337635434e-16,1.0000000000000002,2.3255478089523016e-17,0.9999999999999994,5.830817001529524e-17
252409715.16275412,1.117724573428607,1.1177245499723256,2.7210818148607923e-16,66.80765272916393,3.088339894929959e-08,1.1978314499527143e-08,1.0000334782109248,-0.00017889717821884598,0.9999665217890751,0.00017889717821774519,0.9999999999999839,-2.8074764199608175e-15,1.0000000000000164,3.869517346434818e-15,1.0000000000000002,-1.4995478551407186e-17,1.0,-1.0167271072988548e-16,0.9999999999999999,-2.6274262473175318e-17,1.0000000000000002,-1.410099123592762e-16,1.0,1.6633685782398406e-17,1.0000000000000007,1.6192594410902008e-17
259781726.07469362,1.117377055230542,1.1173770337463182,3.2438083202655685e-16,73.2061297789817,2.9413257607302512e-08,1.1187015728992137e-08,1.0000320593243304,-0.00017447366951849812,0.9999679406756701,0.00017447366951752814,0.9999999999999847,-2.6378155775522048e-15,1.000000000000015,3.599421747350153e-15,0.9999999999999998,-7.578772395508814e-17,0.9999999999999998,2.477352662995887e-17,0.9999999999999996,2.0943899854517836e-17,0.9999999999999999,-4.6057323053941374e-17,0.9999999999999994,5.218856267555725e-17,0.9999999999999993,-2.1358616788826825e-17
267369047.81510386,1.1170436989509063,1.1170436792918268,2.806220339362982e-16,76.32740315990752,2.800585718887305e-08,1.0443682159985279e-08,1.0000306913312826,-0.00017014059028783537,0.9999693086687169,0.00017014059028732663,1.0000000000000147,3.448398885939818e-15,0.9999999999999855,-2.384771613159386e-15,1.0000000000000002,5.2747236915955907e-17,0.9999999999999996,1.2490953000691123e-17,0.9999999999999996,5.98556570774286e-17,1.0000000000000002,4.720740331153188e-18,0.9999999999999996,1.5496855322979672e-16,0.9999999999999999,6.170165828467117e-17
275177968.86529756,1.1167236765629494,1.1167236585908056,5.721990921615287e-16,82.0466062537979,2.6659066065803927e-08,9.745873446705307e-09,1.0000293732448102,-0.00016589712546993265,0.9999706267551897,0.0001658971254692643,0.9999999999999866,-2.448950482188672e-15,1.0000000000000142,3.0594210089391854e-15,1.0000000000000004,6.671105956764723e-17,1.0000000000000004,-2.1440938311228616e-17,0.9999999999999996,-2.7809609928300264e-17,1.0,8.788144744140709e-17,0.9999999999999988,-9.493828260689817e-17,1.0000000000000002,-2.648412251622968e-17
283214961.37128043,1.1164162190556957,1.1164162026407833,2.483134399648365e-16,62.712387285902544,2.537078103159729e-08,9.091214340072891e-09,1.0000281039902124,-0.00016174241921027179,0.9999718960097874,0.00016174241920982133,0.9999999999999867,-2.3300713097016116e-15,1.0000000000000135,2.8337423275030124e-15,1.0000000000000002,-6.048516249701642e-17,1.0,-4.819303392210493e-17,0.9999999999999997,2.9439139164207274e-17,0.9999999999999996,-5.961147871408717e-17,0.9999999999999997,1.2009032433382053e-16,0.9999999999999996,-1.4587307701869733e-16
291486686.5079589,1.116120613225966,1.1161205982468392,5.081331284584188e-16,47.648518042422886,2.413892730146472e-08,8.477402344765616e-09,1.0000268824219876,-0.0001576755717729068,0.9999731175780128,0.0001576755717718264,0.9999999999999876,-2.287960505224353e-15,1.0000000000000122,2.4416642478062606e-15,1.0,5.575446163820945e-17,1.0,-3.884815077456248e-17,1.0,8.193203434750151e-18,0.999999999999999,-1.059025046232117e-16,1.0000000000000009,5.755968787230946e-17,1.0000000000000002,-6.735886871055478e-17
300000000.0000176,1.1158361986043233,1.1158361849474985,2.846335430106279e-16,57.93275509750702,2.2961486934036657e-08,7.90221168282661e-09,1.0000257073392038,-0.00015369563817541326,0.9999742926607957,0.00015369563817481852,0.999999999999988,-2.0099995154434373e-15,1.0000000000000118,2.4166504241270618e-15,1.0,1.247663447065381e-16,0.9999999999999999,1.254996100238206e-16,1.0000000000000007,-9.856385931504878e-18,1.0,-1.809620296666681e-17,0.9999999999999998,7.484282408538451e-18,0.9999999999999998,-1.0325137832651422e-16
