frequencyHz,condGc,condG0,backwardResidualMax,pencilSensitivityProxy,logAbsDetRatio,detPhaseRad,mu0_real,mu0_imag,mu1_real,mu1_imag,mu2_real,mu2_imag,mu3_real,mu3_imag,mu4_real,mu4_imag,mu5_real,mu5_imag,mu6_real,mu6_imag,mu7_real,mu7_imag,mu8_real,mu8_imag,mu9_real,mu9_imag
0.01,6.662552403174008e+18,351280322882855.0,1.5939031653453478e-19,9207778.8796056,-1.0344315983943204,-0.028964668461267686,1.4283847293532195,0.8902406453050236,1.3867625091601126,-0.8879429781410203,0.1848530196366034,-0.0022976673652032723,1.000000644154368,-1.009713399054671e-08,1.000000000000013,3.549417101739929e-15,1.0000000073368263,3.269527771416693e-10,0.9999999999999739,-4.122884347338392e-16,1.0000000000000127,-3.8233516595272654e-15,1.0000000000000004,3.641193404582771e-15,1.0000000000000007,-2.4288770025264514e-16
0.010292065260134145,6.651460589962416e+18,351266983016378.4,1.5985941518812813e-19,5632448.951255825,-1.0347331172432348,-0.029727644533148877,1.4289945200410397,0.8902419673828044,1.3861586424284686,-0.8878776712527906,0.1848470958141766,-0.002364296392089292,1.000000641521861,-1.0348855169657653e-08,1.0000000000000149,1.6067305441062834e-15,1.0000000036670318,1.7090184935090095e-10,0.9999999999999823,-2.487829155741422e-14,1.0000000000000187,3.041970759841729e-14,0.9999999999999883,-8.635810694637267e-15,1.0000000000000042,1.4393423823145796e-15
0.010592660731886012,6.639705225375475e+18,351252858495225.7,1.6035478509252034e-19,9164592.298588486,-1.0350498070301164,-0.030506233355301813,1.4296221149287427,0.8902423478119033,1.3855373122348194,-0.8878095167613369,0.18484083125991696,-0.0024328313797000963,1.000000638756733,-1.0604393939931312e-08,0.9999999999999959,4.60513385749376e-15,0.9999999963291754,-1.8209956531429464e-10,1.000000000000011,9.313443290066194e-15,0.9999999999999918,-1.5389731593883105e-14,1.0000000000000084,-1.0597467374721624e-15,0.9999999999999994,-2.0573526810116033e-16
0.010902035553103115,6.627160447266065e+18,351237891200625.8,1.6087785114918146e-19,4253181.763677897,-1.035382279785754,-0.031300402001275526,1.4302680288394216,0.8902417139771251,1.3848980211541755,-0.8877383896420502,0.1848342085775664,-0.002503324737819189,1.000000635852437,-1.0863723548342955e-08,0.9999999999984832,-6.847953959609135e-12,1.0000000000014864,3.4843282065584935e-12,0.9999999999979007,1.9000430578686866e-12,1.0000000000000016,4.1013262631353646e-15,1.000000000000002,-5.076273225169399e-16,0.9999999999999981,-1.1064919281094617e-15
0.01122044613808399,6.614143439174791e+18,351222046371048.0,1.6142996902577569e-19,9116837.791966636,-1.0357311558015816,-0.03211008731667651,1.4309327931691718,0.8902399727846378,1.38424025807359,-0.8876641429955825,0.1848272074834641,-0.002575830272560343,1.0000006328037634,-1.1126670993391969e-08,0.9999999999999952,2.3005265837849538e-14,1.0000000073536226,1.66141340473475e-10,0.9999999999999942,-1.0270065259794449e-14,0.9999999999999993,5.669551340506966e-15,1.0000000000000018,-5.469772463176356e-15,1.0000000000000009,-4.1574572108247827e-16
0.011548156390098057,6.600398914630163e+18,351205253210784.2,1.62012898682983e-19,9091125.844886119,-1.0360970617807617,-0.03293519418680341,1.431616957072126,0.8902369865524622,1.3835635000526907,-0.8875865840713629,0.18481980176126883,-0.002650403053203329,1.0000006296080155,-1.139279734576842e-08,0.9999999999999166,5.292823127200197e-14,0.9999999963202124,-9.455980076443729e-11,1.0000000000000788,-3.527203247421339e-14,1.0000000000000064,1.427707103236015e-14,0.9999999999999963,-1.4832122306148935e-14,1.0000000000000004,-1.5586218762900265e-16
0.011885437920112435,6.585865929338618e+18,351187476211406.5,1.6262789906408833e-19,9064123.996156279,-1.0364806287656911,-0.03377559386098051,1.4323210757481115,0.8902327210529737,1.3828672052178332,-0.887505622207084,0.18481197809043365,-0.0027270995147235027,1.000000626254355,-1.166213810209687e-08,0.999999999999979,-1.6456731236060664e-14,1.000000011009903,5.341626413443529e-10,1.000000000000014,-3.0034676301290504e-15,0.999999999999945,-3.59092256043344e-14,1.0000000000000002,-2.6351796424344917e-16,1.0000000000000144,7.651509222588068e-16
0.012232570271907021,6.570621796284043e+18,351168642794678.94,1.6327722057103013e-19,9035781.37982205,-1.036882489864901,-0.03463112236392299,1.433045732702706,0.890226989998403,1.3821508230092237,-0.8874210132934179,0.1848037035195249,-0.002805977479688434,1.000000622743075,-1.1934367179102861e-08,1.000000000000077,1.819242249537708e-14,1.0000000036752599,1.1044676606975227e-10,0.9999999999999638,-2.6851221327851405e-14,0.9999999999999944,3.6568778002224185e-15,1.0000000000000069,-3.260108200236138e-15,0.9999999999999989,-2.0514974882542554e-16
0.012589841153764394,6.554978453233051e+18,351148694460822.06,1.6396195108119223e-19,3405892.160974286,-1.0373032776761697,-0.03550157901304741,1.4337915171875408,0.8902197106104339,1.3814137842274072,-0.8873326154357554,0.1847949579996386,-0.002887096064815892,1.0000006190657946,-1.2209156746039504e-08,0.9999999999992898,1.7347014801180131e-12,0.9999999999987425,-3.295781681114258e-12,0.9999999999997788,-1.239329372262543e-13,1.0000000000000027,-1.0464596741541347e-14,0.9999999999999942,1.7804511615331394e-14,0.9999999999999991,-1.1691457214330288e-15
0.01295754667692657,6.53834695487023e+18,351127570346685.9,1.6468423407459265e-19,2295776.2298173932,-1.0377436214918845,-0.0363867250777264,1.4345590391262781,0.8902107622949518,1.3806555041020236,-0.8872402472973311,0.18478571637777122,-0.002970516013493193,1.0000006152167502,-1.24863671172821e-08,1.000000000005307,2.433479992866717e-12,0.9999999999926594,-4.225271266762542e-12,0.9999999999998274,5.111958537150588e-14,1.000000000000003,2.7722752111388464e-15,0.9999999999999989,6.236371283540513e-16,0.9999999999999983,-7.90127197073432e-16
0.013335991601016258,6.520709647808178e+18,351105193704890.2,1.6544583713416124e-19,1656867.5053290408,-1.038204144233056,-0.03728628261049262,1.4353489246999602,0.8902000059854331,1.3798753842190967,-0.8871437078167372,0.18477595088661514,-0.0030562993213635536,1.000000611190455,-1.2765472095179106e-08,0.9999999999983217,-4.714681513430727e-12,0.999999999999671,2.9267210015970992e-12,0.9999999999999754,-8.847746904474793e-15,1.0000000000000004,3.212993013402831e-15,1.000000000000007,-3.0511262763933633e-15,0.9999999999999994,-9.62261059626265e-16
0.013725489586626016,6.502287107894001e+18,351081494175222.1,1.662488192989345e-19,1101672.129648481,-1.0386854591714219,-0.03819993348937339,1.4361618180887785,0.8901872837723644,1.379072810858448,-0.8870427756467987,0.18476563106608643,-0.003144509426873222,1.0000006069824552,-1.304640739834169e-08,1.0000000000004734,8.079224644716668e-13,0.9999999999973948,-2.601931126928346e-12,1.0000000000000153,-4.964263063714604e-14,1.0000000000000002,-2.4623315888519727e-15,1.0000000000000075,6.613959812083784e-15,0.9999999999999951,-1.2630374040223473e-14
0.014126363455284657,6.483064365964419e+18,351056399915314.44,1.6709517677963912e-19,8872140.702664286,-1.0391881663241804,-0.039127318696468585,1.4369983796669121,0.890172457118501,1.3782471519199373,-0.8869372471810181,0.1847547286429061,-0.003235211400066477,1.0000006025867911,-1.3328511452248959e-08,1.0000000000000246,1.3600719552205829e-14,1.0000000036738474,1.6302140249012966e-10,0.9999999999999901,1.7613006008480814e-15,1.0000000000000007,1.3067691556743101e-15,0.9999999999999979,2.383871886727737e-16,0.9999999999999948,-4.71148806798652e-15
0.014538945457016375,6.463071815098812e+18,351029815300835.7,1.6798706465184235e-19,8834662.950048883,-1.039712848714455,-0.04006803788661155,1.4378592897790232,0.8901553434455992,1.3773977612230834,-0.8868268734101238,0.18474320945199216,-0.0033284716728947433,1.0000005979993476,-1.3611723040918675e-08,0.9999999999999833,2.6562578621412975e-14,1.0000000036733319,1.7448265840241447e-10,0.9999999999999982,-1.9599492886011072e-14,1.0000000000000002,1.5935206351526542e-15,0.9999999999999946,-4.856730321139672e-15,0.999999999999999,1.3112101690555585e-16
0.014963577545714339,6.442100755975161e+18,351001658855100.1,1.689266932344442e-19,522953.2166114577,-1.0402600683278607,-0.04102164927324544,1.4387452458617271,0.8901357794797218,1.3765239733361967,-0.8867114229234763,0.18473104148872488,-0.003424358382973695,1.0000005932149685,-1.3895183938017193e-08,0.9999999999990118,3.038060679090954e-12,0.9999999999988276,-4.972198299617072e-12,1.0000000000000098,-8.752713159981935e-14,1.0000000000000033,-8.431797745168192e-15,0.9999999999999996,8.957211338568327e-15,0.9999999999999992,6.61006349450474e-17
0.015400611662556988,6.420211293868263e+18,350971845247232.94,1.699163649229685e-19,8754548.229838485,-1.040830361920083,-0.041987669879674346,1.4396569622520548,0.8901135892051181,1.3756251078157755,-0.8865906502725522,0.18471819086122704,-0.0035229409638608904,1.0000005882281628,-1.4178828181016508e-08,0.9999999999999907,4.471251008363424e-16,1.000000007347157,3.9890223863462884e-10,1.000000000000017,-6.9251045122832976e-15,1.0000000000000278,3.87798599448388e-14,0.9999999999999993,-6.11234052191255e-16,1.0000000000000047,5.633307515266838e-15
0.015850410027701954,6.397516803375044e+18,350940264280913.94,1.7095846178927263e-19,2025277.7683088519,-1.0414242366341142,-0.042965576193734346,1.4405951785567188,0.8900885427529532,1.3747004661185656,-0.8864642543118197,0.18470461650308617,-0.003624290693489628,1.00000058303667,-1.4461897826388534e-08,1.0000000000000147,-2.0845095223647975e-16,0.9999999999704631,2.2577248556670497e-10,0.9999999999999795,2.4567734050312677e-15,1.0000000000000038,1.5071215194926822e-15,0.9999999999999998,-5.451856186802408e-15,0.9999999999999996,-2.2606499949416438e-15
0.016313345440499318,6.373281514602353e+18,350906817205573.56,1.7205546287642073e-19,5271662.993609779,-1.0420421654675245,-0.04395480526352928,1.4415606478579535,0.8900604473992404,1.3737493317673382,-0.8863319696338288,0.1846902818117553,-0.0037284802561853196,1.0000005776354621,-1.4743959640860315e-08,0.9999999999988065,-2.6161108175460957e-12,0.9999999999990424,4.3881846490806157e-13,0.999999999999949,-4.865982451049942e-15,1.0000000000000155,-1.2360977197528711e-14,0.9999999999999855,1.2717509718260224e-14,1.0000000000000009,8.083592090910554e-17
0.016789801588473076,6.348432039444082e+18,350871400056836.44,1.7320992723025148e-19,8620751.689890314,-1.0426845826803337,-0.04495475627572932,1.4425541444878873,0.8900290907923534,1.3727709698465482,-0.8861935094995426,0.1846751473704748,-0.00383558404034909,1.0000005720202345,-1.502451662930374e-08,1.000000000000015,-2.7842848798882234e-14,1.0000000036415728,4.6471614099378026e-10,0.999999999999992,6.78043859047001e-15,0.9999999999999994,1.0563558267686944e-15,1.0000000000000027,-9.168966400008493e-15,1.0000000000000002,-6.688003771846048e-16
0.017280173365326883,6.322184408199555e+18,350833889599736.7,1.7442446958834438e-19,8572338.163144868,-1.0433518790970204,-0.045964792647470554,1.4435764662500228,0.8899942141505885,1.3717646281670195,-0.8860485391034333,0.1846591675641981,-0.003945678071045665,1.0000005661889064,-1.5302931697292487e-08,0.9999999999999912,-4.979211254068257e-15,1.0000000073421074,5.034623516242216e-10,1.0000000000000069,1.4143472869489082e-15,1.0000000000000029,1.032861865686105e-15,0.99999999999999,8.458546660045276e-16,1.0,-8.71026395849571e-16
0.017784867198237613,6.295297904785892e+18,350794165200204.56,1.7570206407257675e-19,8521948.406872394,-1.044044397447383,-0.04698424467039101,1.4446284296745264,0.8899555628597939,1.3707295355784763,-0.8858967261821332,0.184642297012227,-0.004058839998639635,1.000000560140042,-1.557857493670181e-08,0.9999999999999903,-8.412814582250734e-16,1.0000000036693486,2.6456389717998234e-10,1.0000000000000155,-3.312733578438785e-15,0.999999999999991,8.552932545805411e-15,0.9999999999999938,-1.1746724494321967e-14,1.0000000000000018,-2.4461700827480704e-15
0.018304301384708063,6.267025209020313e+18,350752089072808.3,1.7704530536277054e-19,8469545.345761139,-1.0447624277704648,-0.04801241272634885,1.4457108724443974,0.8899128535922048,1.3696649037334565,-0.8857377082494688,0.18462448637902612,-0.0041751489826858355,1.0000005538710695,-1.585072756248334e-08,1.0000000000000038,-5.890293214491911e-15,0.9999999963272982,-2.838710553097399e-10,1.0000000000000138,-2.6164773003493348e-15,0.9999999999999958,4.160315300782365e-15,0.9999999999999987,1.4825565476427221e-15,1.0000000000000038,-2.3830802552056478e-15
0.018838906439257917,6.237678730333719e+18,350707539333888.4,1.7845722907186074e-19,2492407.467878629,-1.0455062029189364,-0.049048571097204376,1.446824651036215,0.8898658482406556,1.3685699200829977,-0.8855711659167187,0.18460569173905333,-0.004294686305759024,1.00000054737843,-1.61189802430404e-08,0.9999999999999928,1.502299764628153e-14,1.0000000000309037,-2.2986824118829675e-10,1.0000000000000155,3.22447430367456e-14,0.9999999999999986,4.977730381944048e-16,1.0000000000000036,-1.6320907978306802e-15,0.999999999999999,-5.691241212628158e-17
0.019389125450240383,6.207332546878463e+18,350660360086482.8,1.799407802259749e-19,8358569.020910049,-1.0462758942980308,-0.050091972383348005,1.447970649637182,0.889814177829749,1.3674437612756345,-0.8853966479096294,0.18458585225348892,-0.004417534268065104,1.0000005406649148,-1.6382532902245842e-08,1.0000000000000062,9.68963253492693e-16,0.9999999962621032,1.401045154987268e-10,0.9999999999999851,3.882829890910277e-15,0.9999999999999944,-2.972438803606585e-15,1.0000000000000075,-1.1034677114307921e-15,0.9999999999999988,-5.964875898111817e-17
0.019955414447080187,6.175720351853855e+18,350610394356145.44,1.8149920098990353e-19,8299940.277863535,-1.0470716078601612,-0.0511418525386995,1.4491497704785514,0.8897575524603009,1.3662855762506778,-0.8852137796133699,0.1845649167531747,-0.004543777586533324,1.000000533728546,-1.6640624236788516e-08,1.000000000000028,-8.548781847775586e-15,0.9999999962957382,-1.0303820984731952e-10,0.9999999999999781,2.3240905920308658e-14,0.999999999999999,-7.629980117536722e-15,1.000000000000001,1.2203048313890436e-14,0.9999999999999998,2.975367423719558e-16
0.0205382427782373,6.142946855525885e+18,350557491324001.7,1.8313558285835249e-19,8239188.349425129,-1.0478933804819697,-0.052197436505182146,1.4503629367637314,0.8896956450228917,1.3650944980148276,-0.8850221478916854,0.184542829028663,-0.004673502289031972,1.0000005265686676,-1.6892648104123975e-08,0.9999999999999994,-4.245865800335281e-15,1.0000000073304136,6.844548743742916e-10,1.0000000000000069,8.153814545170627e-15,1.0000000000000029,3.873011640414595e-15,0.9999999999999956,-4.793710652786614e-15,0.9999999999999991,2.757562284087123e-15
0.021138093500209707,6.109089581296029e+18,350501458885817.8,1.8485340951056304e-19,2183762.8522425853,-1.048741176771948,-0.053257944438482585,1.451611102627924,0.8896280226666193,1.363869642433016,-0.8848212322344251,0.18451951907549546,-0.004806796036514417,1.0000005191916195,-1.7137669795119133e-08,0.9999999999999762,-9.057319503315823e-14,0.99999999996111,2.239723176785232e-10,0.9999999999999992,3.9999464408087094e-14,1.0000000000000022,5.392207952393258e-15,1.0000000000000004,-5.405876731428995e-15,0.999999999999996,8.086839741173215e-16
0.02175546377789757,6.073834431561238e+18,350442133672465.7,1.8665578672655569e-19,8111255.99278595,-1.0496148864331083,-0.0543225984987717,1.4528952339285324,0.8895543634755603,1.3626100999406763,-0.8846106210483763,0.18449493060470973,-0.004943748507134038,1.0000005115952029,-1.737516930190708e-08,1.000000000000001,4.443253902684149e-15,1.0000000073625148,5.25397711851948e-10,0.9999999999999956,2.056247375098453e-16,1.000000000000003,-1.4558514428417311e-15,0.9999999999999983,-1.0874775099747891e-15,1.0000000000000004,1.1551938043676813e-17
0.02239086529666063,6.037580059875643e+18,350379314978513.06,1.8854663990260388e-19,8044059.81717354,-1.050514322227464,-0.05539063015978093,1.4542163285797163,0.8894742216728679,1.361314945036135,-0.8843897773914634,0.1844689912009906,-0.005084450867603168,1.0000005037849369,-1.7604397804265272e-08,1.0000000000000013,-1.5716285288330994e-14,1.0000000110226033,9.559155811159805e-10,1.0000000000000113,1.0161194051106545e-14,0.9999999999999856,-6.986224525555338e-15,1.0000000000000104,5.338986440179656e-15,1.0000000000000016,-1.727273197073557e-15
0.023044824686410406,6.000136447293942e+18,350312790100787.8,1.905292071576292e-19,7974709.545311767,-1.0514392186530266,-0.05646128798021587,1.4555754081745877,0.8893871252508021,1.3599832322734615,-0.8841581364262279,0.18444162471428438,-0.005228995949308281,1.0000004957671578,-1.7824108230605527e-08,1.0000000000000178,-5.471282117014511e-15,0.9999999926773072,-8.296374474943568e-10,0.9999999999999779,3.750090954852276e-15,1.000000000000021,-7.597803113208136e-15,0.999999999999993,-1.4844186802226349e-15,1.0000000000000004,3.364770698840919e-15
0.023717883958088628,5.961460385616339e+18,350242353968819.3,1.9260740244675413e-19,2456646.241858777,-1.0523892314234438,-0.05753384577364277,1.4569735062787066,0.8892926801918378,1.3586139947415394,-0.8839152097077061,0.1844127644952916,-0.005377478180132813,1.0000004875424398,-1.803428634113334e-08,0.9999999999987844,2.546442569173604e-12,0.9999999999988748,-5.745930269456936e-12,1.0000000000002447,1.965447016494181e-14,1.0,-1.024104236749783e-15,0.9999999999999994,1.884976603671074e-16,1.0000000000000002,-7.303862976796576e-17
0.02441060095289369,5.921595386073093e+18,350167774282078.5,1.947847042945038e-19,7829581.865810088,-1.053363937779455,-0.05860761110001491,1.4584116947136947,0.8891903454636594,1.3572062464463106,-0.8836603599588356,0.1843823247121584,-0.005529993806657087,1.0000004791197858,-1.823380797258812e-08,1.0000000000000244,-1.44803097375679e-14,1.0000000036966372,2.2203154776235008e-10,0.9999999999999827,2.344129132108108e-14,1.0000000000000033,-3.254586392472168e-14,0.9999999999999865,3.3685811496923676e-14,0.9999999999999999,6.559046727931747e-16
0.025123549804627457,5.880454879857833e+18,350088812239716.25,1.9706547368792024e-19,2517295.9146828204,-1.0543628377422998,-0.0596819339692606,1.4598910634460815,0.8890796039000358,1.35575898068799,-0.8833929721975129,0.18435022209714708,-0.005686640646074231,1.0000004705066026,-1.8421769508658075e-08,0.9999999999999858,-5.114183234526065e-16,1.0000000000849343,-4.5471408538805134e-10,1.000000000000014,1.4730018758660172e-15,0.999999999999996,-6.852967606485866e-15,1.0000000000000056,7.972327675470366e-15,0.9999999999999989,4.80501501662242e-17
0.02585732141554562,5.838360807589804e+18,350005206191879.7,1.9945300286510562e-19,7676010.465013108,-1.0553853563455853,-0.06075621567506485,1.4614127229743639,0.8889599134846332,1.3542711738717754,-0.8831124054111773,0.18431636974735424,-0.005847517695455178,1.0000004617097533,-1.859789048397158e-08,1.0000000000000413,9.003869998685617e-16,1.0000000036054664,7.133173641572742e-10,0.9999999999999627,-1.7156595788028951e-15,0.9999999999999811,7.833346512728444e-15,1.000000000000019,-1.1250806560978796e-14,0.9999999999999991,1.2566636950997747e-15
0.026612523946105974,5.794965095679513e+18,349916690575996.9,2.0195219022524138e-19,7596131.393492322,-1.056430846885661,-0.06182991761936882,1.4629778160666316,0.88883066528599,1.3527417792527112,-0.8828179496660551,0.18428067163743603,-0.0060127259588403275,1.000000452739637,-1.8761059406916243e-08,1.0000000000000175,-2.1306465363062585e-15,1.0000000037861232,-1.6703061585447565e-10,0.9999999999999886,3.335304800504383e-15,1.0000000000000069,-4.3862317005396305e-15,0.9999999999999977,1.5186796622258376e-15,1.0000000000000013,6.873304459206557e-16
0.027389783319020533,5.750620283824677e+18,349822973731827.2,2.045666621484862e-19,1097488.4675643968,-1.0574985952015048,-0.06290257002184522,1.46458750078912,0.8886912343917344,1.3511697372956044,-0.882508878502462,0.18424302923532493,-0.006182366984378001,1.0000004436066359,-1.8910768855525086e-08,1.000000000000932,3.450594953296386e-13,0.9999999999969008,-3.925100128560402e-12,1.0000000000000366,-7.325748099428519e-14,1.0000000000000027,3.792456254036522e-15,0.9999999999999972,-3.716679536737087e-15,1.0000000000000007,5.401589990470093e-16
0.02818974373802929,5.705205659760584e+18,349723762337563.5,2.0730068537233953e-19,406184.80039603653,-1.0585878250360992,-0.0639737803754988,1.466242964324404,0.8885409789852879,1.3495539622256687,-0.8821844463299849,0.18420334113331013,-0.00635654454714793,1.0000004343201807,-1.9046447463829482e-08,1.0000000000000382,-1.1209968614981176e-13,0.9999999999978426,-3.647053056014703e-12,1.000000000000007,-1.5608169708997044e-14,0.9999999999999949,6.177917484902215e-15,0.9999999999999986,4.647256863406279e-16,0.9999999999999977,-4.173990829384136e-15
0.02901306822182553,5.658546651547535e+18,349618730299155.5,2.1015864056926736e-19,7344641.4249821585,-1.0596977044264122,-0.06504324151345665,1.4679454152398177,0.8883791840886908,1.347893356749863,-0.8818438340337809,0.18416149605506804,-0.006535362785151748,1.000000424893543,-1.9167484330740284e-08,1.000000000000009,-2.7596165685847763e-15,0.999999996205771,9.0907158921917e-11,0.9999999999999918,4.816742883731786e-15,0.9999999999999961,-7.488081707209021e-15,1.0000000000000056,7.09130749034365e-15,1.000000000000002,-2.7507965318581188e-15
0.029860439153575245,5.611199504400221e+18,349507540100112.4,2.1314524177229858e-19,2106616.211590394,-1.0608273530917849,-0.06611073916325949,1.4696960855732384,0.8882051264944798,1.3461868018853818,-0.8814862127487123,0.184117380945811,-0.006718927357027185,1.0000004153379012,-1.927321893892484e-08,1.0000000000000302,9.281333652267743e-14,0.9999999998946442,4.443543899885498e-10,1.0000000000000142,-1.402724393226951e-13,0.9999999999999953,-8.40774596237973e-15,1.0000000000000027,7.237781583842951e-15,1.0000000000000002,1.6784231111487137e-16
0.03073255884648612,5.562589240339389e+18,349389840045778.94,2.1626460945807361e-19,7167679.921485348,-1.061975850849386,-0.06717615883328912,1.4714962312800866,0.8880180033828211,1.3444331655403925,-0.881110673583613,0.18407087193976887,-0.006907344335190456,1.0000004056683927,-1.93632806567782e-08,1.0000000000000033,8.606695230383835e-15,1.0000000035795469,8.458223145558575e-10,0.9999999999999958,-9.913733745717637e-15,1.000000000000005,3.586866227915592e-15,0.9999999999999968,-2.96292621527461e-15,0.9999999999999976,5.661147561782339e-16
0.03163015012589481,5.51320095155814e+18,349265253947479.3,2.1952171568149397e-19,7076617.737846179,-1.0631422468697558,-0.06823949193884409,1.4733471332941301,0.8878170010821169,1.3426312928802848,-0.8807162952844666,0.18402184293655924,-0.00710072130326611,1.0000003958982047,-1.9436958231773536e-08,1.0000000000000004,-1.0434171140417877e-16,1.000000003902518,-4.710878150194688e-10,1.0000000000000082,5.589772881336324e-15,0.9999999999999927,-3.848210542992368e-15,1.0000000000000018,2.0872790867684873e-15,0.9999999999999994,-4.098097474579393e-16
0.032553956928354964,5.462918093700764e+18,349133370764079.7,2.229211827336926e-19,6983942.764913266,-1.0643255697892968,-0.06930084100837862,1.475250088821523,0.8876012012104376,1.340780026713616,-0.8803020530266816,0.1839701539187315,-0.007299164704583653,1.0000003860446507,-1.94939685827508e-08,0.9999999999999925,2.7632679781194577e-14,0.9999999926308805,-9.103451054198523e-10,1.0000000000000289,-3.6260926241844154e-14,0.9999999999999962,1.7490529791074932e-15,1.0000000000000042,4.9127391545296825e-16,0.9999999999999993,-2.2279748689597e-16
0.033504744918222536,5.411934557500539e+18,348993791361283.7,2.26468114612421e-19,6889743.7756684795,-1.0655248385395453,-0.07036042389688665,1.4772064142656391,0.8873697492875876,1.3388781835362313,-0.8798669841088685,0.1839156719906427,-0.007502782760672188,1.0000003761183003,-1.953444005994354e-08,1.0000000000000286,-3.715060287385544e-15,1.0000000073595818,9.545828888778156e-10,0.9999999999999859,2.5710421817553876e-15,0.9999999999999991,4.198781873008184e-16,1.0000000000000016,-1.1796238694799262e-15,1.0,-3.3318952585658414e-17
0.03448330212224942,5.360117842032907e+18,348846056149787.5,2.301671235791931e-19,3390253.8686548537,-1.066739073755972,-0.07141857689122438,1.4792174605630943,0.8871215935144329,1.3369245711956468,-0.8794099290782847,0.18385823836106882,-0.007711683126906191,1.0000003661402181,-1.9557361972280794e-08,1.000000000000022,2.8596806419526684e-15,0.999999999878871,4.402965170572439e-10,0.9999999999999925,-8.213233367530189e-15,0.9999999999999962,1.090202852403998e-16,1.0000000000000036,1.4723947904936195e-14,1.000000000000002,-3.7901655813670484e-15
0.03549043958271133,5.307646258623653e+18,348689701868022.25,2.3402336078280587e-19,6697156.295221794,-1.067967309687944,-0.07247575664366318,1.481284581367938,0.8868557436993355,1.3349179878284814,-0.8789297906353049,0.18379770124199699,-0.007925972911355578,1.000000356123192,-1.9563018216244048e-08,1.0000000000000093,-2.6878275077082625e-14,1.000000003795109,8.603029584257162e-11,0.9999999999999918,2.850646190964278e-14,1.000000000000001,-1.5622971087428983e-14,0.9999999999999926,9.467224913145181e-15,1.0000000000000007,-8.513236526583054e-16
0.0365269920296113,5.254396911633805e+18,348524231732833.0,2.3804204012664737e-19,6598971.547050588,-1.0692086064247341,-0.07353254085996018,1.4834091587558735,0.8865710862146396,1.3328572197664956,-0.8784253484983696,0.18373389222281913,-0.008145758768731422,1.000000346085148,-1.9551072362026948e-08,0.9999999999999825,8.545733784818412e-16,1.0000000037952497,1.1558002211896463e-10,1.0000000000000306,-2.0856691131285963e-14,0.9999999999999946,-6.828039243298739e-16,1.0000000000000058,4.235108984541662e-15,1.000000000000002,6.507912878645873e-16
0.037593818572515925,5.200812193169558e+18,348349126994214.25,2.422284629700432e-19,6499669.434630502,-1.0704620623014591,-0.07458962772252657,1.485592587635725,0.8862664519063463,1.330741048401126,-0.877895328331583,0.18366663500132896,-0.00837114588160437,1.0000003360434941,-1.9521347399765016e-08,1.0000000000000222,4.522136745786842e-15,0.9999999962006381,-1.5595464437218344e-10,0.9999999999999614,1.5667350883004855e-14,1.0000000000000147,-1.0419254542855549e-14,0.9999999999999879,8.245516596875435e-15,1.0000000000000002,-3.7501866141496395e-16
0.038691803412597696,5.146550894754863e+18,348163837751334.56,2.465878847838308e-19,6399361.759035174,-1.0717268263589972,-0.0756478340068147,1.4878362757996766,0.885940669225261,1.3285682435314863,-0.8773384541132485,0.1835957519881699,-0.008602238722509389,1.0000003260117838,-1.9474426140780922e-08,0.9999999999999795,-4.3619141905547126e-14,1.0000000073252358,1.2422100326628602e-09,1.0000000000000047,7.769692928717012e-14,1.000000000000007,-1.0867420482214247e-14,0.9999999999999954,9.773888199945284e-15,1.0,9.770663141163255e-17
0.03982185657547365,5.09202570293614e+18,347967783437402.3,2.5112593455028206e-19,6298163.734513828,-1.0730021106759153,-0.07670809192840236,1.4901416533797742,0.8855924075814096,1.3263375736584708,-0.8767532931633429,0.18352104454544493,-0.008839139382648598,1.0000003160096034,-1.940970610952538e-08,1.0000000000000044,-6.224273210711312e-15,1.0000000074534126,8.644326146773773e-10,0.9999999999999784,9.470909365828635e-15,1.0000000000000207,5.638360514698333e-15,1.0000000000000007,1.2186773134294866e-15,1.0,-2.3588647698319584e-16
0.04098491466544768,5.037033543778898e+18,347760349263583.5,2.558492856961335e-19,6196192.76638523,-1.0742872024349666,-0.077771444692938,1.4925101565345724,0.885220313577006,1.3240478050094515,-0.8761383922965893,0.18344231028656727,-0.009081947649696028,1.000000306053096,-1.9327443742704452e-08,1.0000000000000147,5.565591233563345e-15,1.000000003793137,2.425167363952202e-10,1.0000000000000104,9.40860662037901e-15,0.9999999999999978,4.944685701121871e-15,0.9999999999999954,-3.267909616766429e-15,1.0000000000000018,-1.9038156725322303e-15
0.04218194164178165,4.981761001126506e+18,347540887928335.3,2.6076211289940314e-19,6093567.965811194,-1.0755814755952287,-0.07883904086229179,1.4949432265802878,0.8848229790981925,1.3216977063865205,-0.8754922467352522,0.18335933909323415,-0.009330760187476536,1.000000296157,-1.922828685447431e-08,1.0000000000000007,-2.4269983466627596e-14,1.0000000072964976,1.4348829633060034e-09,1.0000000000000024,1.6172395533947272e-14,0.9999999999999946,-3.5389778354773336e-15,1.0000000000000018,6.373961629330173e-15,1.0000000000000029,-2.1514898463879434e-15
0.04341392961763867,4.926378277811695e+18,347308723949899.75,2.6587150292512423e-19,5990409.873099325,-1.076884402021971,-0.07991212751215089,1.4974423232193008,0.8843988750149253,1.319286044428693,-0.8748132335881295,0.18327190462059084,-0.009585670758152202,1.0000002863386348,-1.9111828032841867e-08,0.9999999999948544,-5.215295152264559e-12,1.000000000003062,-7.509967048448766e-13,1.0000000000000369,2.352944926211012e-13,1.0000000000000038,-5.569025745043341e-15,0.9999999999999725,1.5686477970354305e-14,1.0000000000000007,2.608789427344964e-15
0.04468189968236078,4.870862964475553e+18,347063138376244.56,2.711826149789565e-19,5886839.342347797,-1.0781955619609995,-0.08099204234504724,1.5000088984481794,0.8839464366529962,1.3168115985651687,-0.8740996992562843,0.18317977544390507,-0.00984676828592689,1.0000002766113245,-1.8979083234859936e-08,1.0000000000000024,4.088597716170172e-14,1.000000003788689,3.4759784695274025e-10,1.0000000000000002,-9.893593554228371e-15,0.9999999999999928,5.772741507012507e-16,0.9999999999999989,1.3365456008673595e-15,1.0000000000000002,1.7343271770457227e-15
0.045986902747762425,4.815267182090487e+18,346803376641905.9,2.767025025120457e-19,5782977.257004885,-1.079514653750774,-0.08208020479104698,1.5026444134146149,0.8834639844608012,1.3142731543070187,-0.8733498796944458,0.18308270490181705,-0.010114137264957442,1.000000266990763,-1.8830147867160155e-08,1.0000000000000258,-4.1248598026360186e-14,1.0000000075750095,7.754649694871872e-10,0.999999999999982,1.8117501712766825e-14,1.0000000000000049,2.7122903444292442e-15,0.9999999999999994,-1.0452478843875671e-14,0.9999999999999968,3.599923764461709e-15
0.047330020419141305,4.759709323938034e+18,346528641863098.75,2.8243857397638797e-19,1736091.552665805,-1.080841502684251,-0.08317810620452772,1.5053503283335024,0.882949738256511,1.3116695113192434,-0.8725619159489285,0.18298043311161047,-0.010387856467617185,1.0000002574924247,-1.8665298000766162e-08,0.9999999999999608,1.7507331524752846e-14,1.0000000003213523,-8.717865388479859e-10,1.0000000000000284,-3.295958333297755e-14,0.9999999999999946,-1.3704730987318534e-15,1.0000000000000047,3.2411713977632195e-15,1.0000000000000009,-1.3351032584791386e-15
0.04871236589172839,4.704206955012887e+18,346238101026039.3,2.8839523391729907e-19,5574858.008094444,-1.0821760689397344,-0.0842872993122563,1.5081280901923626,0.8824018873687588,1.308999486695699,-0.8717339247249712,0.18287269599243167,-0.010667998516663169,1.0000002481272963,-1.8485460947221613e-08,1.0000000000000195,-4.507325287994514e-15,0.9999999958821665,3.877087804648832e-10,1.0000000000000113,8.501230915052422e-15,0.9999999999999952,-1.4875842607953174e-15,1.000000000000004,-2.526515583398919e-17,0.9999999999999974,-3.4609555265424256e-15
0.05013508487332012,4.648849391188922e+18,345930874498864.9,2.9458084498063165e-19,5470836.821092682,-1.0835184545355538,-0.08540938695507996,1.5109791436372553,0.8818184943688642,1.306261916165538,-0.870863902888711,0.18275921316871635,-0.010954629117626466,1.0000002389074052,-1.829106851795715e-08,0.9999999999999317,-2.497289823807303e-14,1.0000000037771983,5.022076185476421e-10,1.0000000000000449,3.5965217978274184e-14,0.9999999999999919,-6.57545290050427e-15,1.0000000000000075,7.220185035451306e-15,1.0000000000000009,9.729353022125463e-17
0.051599356533857485,4.593754845680948e+18,345606030046847.4,3.0100264127934506e-19,752728.9476370639,-1.0848689092685646,-0.08654601030201081,1.5139049192211174,0.8811974890648131,1.303455666245842,-0.8699497233885027,0.18263968756622664,-0.011247805130428681,1.000000229846799,-1.808242603805114e-08,0.9999999999991723,4.633699348604125e-13,0.9999999999986166,-7.277351736668127e-12,1.0000000000000597,1.271569191997216e-14,0.9999999999999962,-7.792866004165541e-15,1.0000000000000036,5.900095995308508e-15,1.0000000000000004,2.4531830496923203e-16
0.05310639448273904,4.538888410796002e+18,345262600017487.06,3.076666525331903e-19,5263444.938317999,-1.0862278355968265,-0.08769883661191437,1.5169068220158446,0.8805367676918064,1.3005796329625974,-0.8689892341624081,0.1825138180884958,-0.011547574851577001,1.0000002209536958,-1.786070508588855e-08,1.000000000000006,-3.93350990454056e-15,1.000000007539406,1.1792925954726949e-09,0.9999999999999949,5.485644559916831e-15,0.9999999999999962,-1.7221054946251906e-15,1.0000000000000047,-8.238224948406715e-16,1.000000000000001,2.3933940681394416e-16
0.054657447774677806,4.4843861526326784e+18,344899558210127.8,3.1458141968810745e-19,5160295.046010357,-1.0875957924954953,-0.08886954667921428,1.5199862454496147,0.8798340555578837,1.2976327451772924,-0.8679801221677967,0.18238128244188073,-0.011853976632512524,1.0000002122403044,-1.7625855569005104e-08,1.0000000000000213,3.0217294738938162e-15,1.0000000041348502,-2.1866816445745182e-10,1.0000000000000047,-1.0703928238358556e-14,0.9999999999999998,1.9670734992099475e-15,0.9999999999999961,4.88131023968959e-16,1.000000000000001,1.333222116545641e-15
0.056253801944935775,4.4303524999547305e+18,344515830133656.1,3.217546905485468e-19,5057650.556458132,-1.0889734982500379,-0.09005982204864055,1.5231445422371144,0.8790870167772824,1.2946139792769116,-0.8669200247977837,0.1822417515241794,-0.012167037193784178,1.0000002037146736,-1.737898875090848e-08,0.9999999999999988,7.232076112624583e-15,0.9999999962379447,-6.895570984435589e-10,1.000000000000005,7.377260145374634e-15,0.9999999999999912,-4.8486868501949394e-15,1.00000000000001,2.5341451511709256e-15,0.9999999999999998,2.721717493619442e-16
0.057896780074794006,4.3767550138324526e+18,344110295978896.7,3.291929905422342e-19,4955612.641508432,-1.0903618322538833,-0.09127133210843671,1.5263830314077018,0.8782932196509039,1.2915223563823044,-0.8658064953974983,0.18209488518627887,-0.012486771490703881,1.0000001953825792,-1.7121107618578923e-08,0.9999999999999897,-5.324423565626864e-15,1.0000000041434693,-1.1939487881496954e-10,1.0,-1.6017929506692656e-14,1.0000000000000169,-1.3443198442914169e-15,0.9999999999999846,2.1634203738540165e-15,0.9999999999999997,-4.1012151837049033e-16
0.05958774388814141,4.323646278335322e+18,343681767404281.9,3.369065372770598e-19,4854278.080940801,-1.0917618357952037,-0.0925057211407063,1.529702995622227,0.8774500815852132,1.2883569515373663,-0.864636950045273,0.1819403257204341,-0.012813180851619227,1.0000001872520576,-1.685268435978816e-08,0.9999999999999905,-9.840210869942186e-16,1.0000000120430512,6.487751245033358e-10,1.0000000000000113,-3.2735637007141728e-15,1.0000000000000049,-4.589458691328596e-15,0.9999999999999997,2.8607254441438282e-15,1.0000000000000002,1.4938963736139747e-16
0.06132809488009109,4.2710014078990223e+18,343229002157101.1,3.4490542197510865e-19,4753739.2431102125,-1.0931747119145392,-0.09376459541681242,1.5331056602156017,0.8765548942544671,1.2851169108238842,-0.8634086951499588,0.18177770170778565,-0.013146250541619662,1.0000001793302808,-1.6574596006977498e-08,1.0000000000000064,9.87250393798309e-15,1.0000000149519546,3.2918045350340312e-09,0.9999999999999771,3.99461378798227e-16,0.999999999999993,1.2543131919337037e-15,1.0000000000000115,3.48884999349609e-16,0.999999999999998,1.4109597621490624e-15
0.06311927547855962,4.218877716648358e+18,342750697201823.2,3.531950933062612e-19,4654083.575317144,-1.0946018243434175,-0.09504951038155274,1.5365922070459401,0.8756048491970038,1.281801434351997,-0.8621189511196166,0.18160663117860162,-0.013485951691404287,1.0000001716224036,-1.6286998723440178e-08,0.9999999999999756,-1.6106381480965558e-14,1.000000010761833,3.4431910984947243e-09,0.9999999999999937,3.2502784061429095e-14,1.0000000000000044,-4.243782110877258e-15,0.9999999999999952,3.735544244804338e-15,0.9999999999999996,-8.620888285711589e-17
0.06496277023977205,4.1675171326423726e+18,342245502023758.44,3.617868731268583e-19,4555393.651028889,-1.0960446955849115,-0.09636195800778041,1.540163738554964,0.874597057873495,1.2784098085980826,-0.8607648766854831,0.1814267252151838,-0.013832237029667734,1.000000164130311,-1.5991203172408933e-08,1.000000000000013,-8.086430354898543e-15,1.000000010721679,3.592179997271011e-09,1.0000000000000073,1.77217237524612e-14,1.0000000000000064,5.670006274582047e-15,0.9999999999999939,-5.5826958070021634e-15,1.0000000000000004,1.2769802002819992e-17
0.06686010707868342,4.116696657240389e+18,341711984775813.3,3.7068782752452506e-19,4457746.945470492,-1.0975050041936676,-0.09770335433275017,1.5438212953008656,0.8735284457162724,1.2749414019175138,-0.8593434635880496,0.18123757490120468,-0.014185040248578779,1.0000001568587968,-1.5687445375532547e-08,0.9999999999999775,8.790152453366195e-15,1.0000000037076229,9.70693652060409e-10,1.0000000000000189,-1.3932030929898784e-14,0.9999999999999899,-7.54125419177928e-16,1.0000000000000104,-3.058187479947945e-15,1.0000000000000013,-7.599444066112246e-16
0.06881285853533667,4.0666511402200515e+18,341148661233149.6,3.7991399018572794e-19,515057.6803579437,-1.098984581282192,-0.09907502723236311,1.5475658229838345,0.8723958571053255,1.2713956834099083,-0.8578516435290745,0.18103876543677197,-0.014544274025411212,1.0000001498090951,-1.5377081626649363e-08,1.0000000000016294,3.754243310990694e-13,0.9999999999964777,-9.551975217028461e-12,0.9999999999996725,1.5104058008772722e-13,0.9999999999999933,-5.509920084935217e-16,1.0000000000000075,9.135728851660198e-16,1.0,-6.92779436282371e-17
0.07082264307820639,4.017046448969898e+18,340553973459828.9,3.8946990154277206e-19,4265867.363617369,-1.1004854063146432,-0.10047820443714418,1.5513981805415866,0.8711960074583344,1.2677722204322845,-0.8562862406985181,0.18082987052657454,-0.01490982958761053,1.0000001429819847,-1.5060870312862647e-08,0.9999999999998941,-7.850938673900423e-14,1.0000000046298612,-5.263645570810528e-10,1.0000000000000793,6.764724247690409e-14,0.9999999999999989,3.154171074660061e-15,1.0000000000000044,-1.9511916734090961e-16,0.9999999999999998,-4.80883961677113e-16
0.07289112644560879,3.968236173172681e+18,339926300529636.94,3.9936870739637405e-19,4171763.506944789,-1.102009602213954,-0.1019140018112356,1.555319126226368,0.8699254701697167,1.2640706932629817,-0.8546439610873312,0.18061045163762915,-0.015281574338270541,1.0000001363787605,-1.4739574383501648e-08,0.9999999999999972,1.1614775970731374e-14,1.000000007342395,2.2829314996732055e-09,1.0000000000000213,-2.8467600272663575e-14,0.9999999999999913,-3.281759743073492e-15,1.0000000000000064,5.8222387718764145e-15,1.0000000000000018,-4.2096207732040927e-16
0.07502002302628955,3.920073249890594e+18,339263942314979.6,4.09625018790381e-19,4078960.933134859,-1.1035594298272642,-0.10338341189699117,1.5593293093382936,0.8685806791123193,1.2602909022829756,-0.8529213962921297,0.1803800590866664,-0.015659350554452875,1.0000001300005599,-1.4412927450421993e-08,0.9999999999999578,1.2225976281435518e-14,1.000000000496535,-7.995614134913488e-10,0.9999999999999736,1.3463571851308145e-14,1.0000000000000013,9.395173249945652e-16,0.9999999999999966,-1.1754017073526282e-15,1.0000000000000016,6.235557456651721e-16
0.07721109728033382,3.8726822449401426e+18,338565136184919.56,4.2024566179214387e-19,3987511.224980391,-1.105137281761202,-0.10488729272106448,1.5634292394663516,0.8671579851431543,1.256432790434001,-0.8511150826284906,0.18013824034300352,-0.01604297277598213,1.00000012384541,-1.4082580751552468e-08,0.9999999999999987,2.3982497206707975e-14,0.9999999958444439,-4.921939212740167e-10,1.0000000000000338,-6.971930239473128e-14,1.0000000000000004,7.407726180667374e-17,1.0000000000000004,-3.173637375558772e-16,1.0000000000000004,3.4808956358666604e-16
0.07946616520157616,3.8257616575436416e+18,337828052127009.1,4.312474277432555e-19,3897460.8904437744,-1.1067456756139116,-0.1064263568625167,1.567619296603539,0.8656536199947746,1.2524964371002163,-0.8492214649211769,0.1798845360292652,-0.0164322279103409,1.000000117910532,-1.3749398734635641e-08,1.0000000000000127,-6.8395355842426706e-15,0.9999999994724181,7.642886166732738e-10,0.9999999999999858,1.4224635568562893e-14,1.0000000000000018,1.8178572946102317e-15,0.9999999999999989,-2.1489230862468748e-15,1.0000000000000004,-7.956728397673203e-16
0.08178709582272228,3.7796502870519506e+18,337050776169990.4,4.426417350325929e-19,3808851.4636114696,-1.1083872466076805,-0.10800116078119754,1.571899721921934,0.864063652133449,1.248482071736161,-0.8472368549229097,0.17961847551544532,-0.01682687267163209,1.0000001121955988,-1.3412992117590904e-08,0.9999999999999976,4.914988890546032e-15,0.9999999917097899,-1.2544954464540345e-09,1.000000000000024,-2.2356682229223545e-14,0.999999999999998,-5.1337405628272416e-15,1.0000000000000047,4.538437375335965e-15,0.9999999999999992,2.3580215417092665e-15
0.08417581276443024,3.7339563786933033e+18,336231326316972.25,4.544428680316731e-19,3721719.686919396,-1.1100647396187782,-0.10961209438362664,1.5762705721269359,0.8623840779813728,1.2443901064086158,-0.8451575258761262,0.1793395900308399,-0.017226630237826036,1.0000001066962312,-1.307522855517998e-08,1.0000000000000164,2.65200602625779e-16,0.9999999979290347,-3.5834091752889464e-10,0.9999999999999809,1.4514866829215082e-15,1.000000000000006,-4.668866961681929e-16,0.9999999999999957,-5.151672245229113e-15,0.9999999999999993,4.511628409010559e-16
0.08663429582963487,3.6889899237510646e+18,335367644945556.7,4.666659195829094e-19,2394270.674569876,-1.1117810005942808,-0.11125937084756515,1.580731747233825,0.8606107388711528,1.2402211179825353,-0.8429796284824284,0.1790474026918001,-0.01763119124034329,1.000000101411077,-1.2735814894692498e-08,1.0000000000000087,-2.420254672919718e-14,0.9999999979328537,-3.960235644663941e-10,1.0000000000000135,2.602100479098934e-14,0.9999999999999971,-3.622250828394518e-15,1.000000000000005,2.6555346802075536e-15,0.9999999999999993,3.3387118993951346e-17
0.08916458264443695,3.644566831558767e+18,334457603496141.56,4.793261653823066e-19,3552012.7721465654,-1.1135389673430751,-0.11294301668372358,1.585282948016405,0.8587394123974937,1.23597587754398,-0.8406992850177287,0.1787414416386825,-0.018040210997028565,1.0000000963353262,-1.239582358270551e-08,0.9999999999999688,8.563451682087845e-15,1.000000002639398,-3.281887864438804e-10,1.000000000000035,-4.823643320735186e-15,1.0000000000000022,-6.388759187143901e-16,0.9999999999999968,1.487366569641504e-16,0.9999999999999999,1.2492207189475851e-16
0.09176877034691694,3.6006404919125e+18,333498996973086.2,4.924385460516752e-19,3469488.2970234016,-1.1153416596648924,-0.1146628620451975,1.5899236749257517,0.8567657521955682,1.2316553577538334,-0.8383125309447739,0.17842123375771504,-0.018453307679691017,1.0000000914655585,-1.2055710345584072e-08,0.9999999999999758,-2.4463467049967167e-14,1.000000006162773,1.3749616278226906e-09,1.0000000000000198,2.7284596985325888e-14,0.9999999999999926,-3.6818144460447285e-15,1.0000000000000073,4.351080533548432e-15,1.0000000000000009,-2.8249085011071655e-16
0.09444901732527322,3.557334689569532e+18,332489553276857.7,5.06026551201717e-19,3388543.2350185025,-1.1171921687877777,-0.11641853131865965,1.5946532136460372,0.8546853249788293,1.2272607413810284,-0.8358153526398191,0.17808631059489977,-0.01887006162510175,1.00000008679751,-1.1715836203081677e-08,1.0000000000000182,-2.113113237446806e-14,1.0000000102416757,2.500764411062782e-09,1.000000000000013,1.8323795115776293e-14,1.0000000000000038,1.9259434305138988e-15,0.999999999999996,-4.917041837504019e-15,1.0000000000000027,9.743332312003383e-16
0.09720754500672525,3.5144459172085356e+18,331426925873510.9,5.200991144648858e-19,3309192.625885068,-1.1190936460765997,-0.11820943399274107,1.5994706168056,0.8524936038299206,1.2227934387740618,-0.8332036829920199,0.17773620917131674,-0.019290013026427844,1.0000000823276256,-1.1376334461556245e-08,0.9999999999999895,-7.113147367784827e-15,1.0000000061227237,1.6190806454628372e-09,0.9999999999999971,2.981550921954461e-15,1.0,3.214671385370358e-15,0.9999999999999986,-1.917532381652982e-15,1.000000000000001,-2.413769382674841e-15
0.10004663969866433,3.4718115858543084e+18,330308703926746.0,5.346856753250386e-19,2238589.5578230782,-1.1210492909640095,-0.12003475584423073,1.604374689945614,0.8501860337349417,1.218255092486086,-0.8304734664524449,0.17737048139307543,-0.01971266241742166,1.0000000780493656,-1.1038232546333557e-08,0.9999999999999994,3.852915177643431e-14,1.000000004065021,1.1594029262507085e-09,0.999999999999998,-3.9645773638668615e-14,0.9999999999999964,5.226318774453826e-15,1.0000000000000036,-4.130055464704875e-15,0.9999999999999996,1.9262372023253515e-16
0.10296865448357807,3.4294870767651425e+18,329132411473698.94,5.497950738197104e-19,3155316.0445737117,-1.1230623380600804,-0.12189345050869514,1.6093639766512207,0.8477579682974166,1.213647598094735,-0.8276205991213919,0.17698868809637225,-0.020137467300429368,1.0000000739580301,-1.070207681986841e-08,0.9999999999999999,6.864490165564064e-15,1.000000004047041,1.2457442154890653e-09,0.9999999999999964,-1.2478736864531556e-14,1.0000000000000029,4.81722250180224e-15,0.9999999999999974,-1.9631682182782786e-15,0.9999999999999994,-2.01828577990144e-15
0.10597601116931898,3.3877854858871137e+18,327895505162622.5,5.654668481697685e-19,916624.249974852,-1.1251360433967434,-0.12378423146537663,1.614436756360258,0.8452047031742861,1.208973101072393,-0.8246409610954961,0.1765904043689984,-0.02056384323542471,1.0000000700496443,-1.0367637529519923e-08,1.000000000000046,-5.300181437753547e-15,0.9999999973106894,-1.677704488809762e-11,0.9999999999999538,4.765662538862453e-15,1.000000000000004,-6.171323293513857e-15,0.9999999999999976,4.6190479166529574e-15,0.9999999999999993,4.78454531517568e-16
0.1090712022963336,3.346149620225138e+18,326595392148035.3,5.817064955594587e-19,3007906.725468269,-1.12727366975043,-0.1257055645216599,1.6195910129043154,0.8425215469045679,1.2042340175795536,-0.8215304882707255,0.1761752302193373,-0.020991162864086785,1.0000000663175252,-1.0035887742677423e-08,1.0000000000000138,-1.1584939125457488e-14,0.9999999932994815,-1.5146935352112475e-09,0.9999999999999934,-4.5571176922725866e-15,0.9999999999999667,-2.8469483860065474e-14,1.0000000000000002,2.2691834973806237e-14,0.999999999999999,7.286359698053304e-16
0.11225679320351586,3.304585751924934e+18,325229428636465.9,5.985477738584371e-19,2936628.1874975273,-1.1294784710175847,-0.12765566089622382,1.6248244299313075,0.8397037978069988,1.1994330403779168,-0.8182851497905856,0.1757427892384744,-0.021418755359741016,1.000000062754861,-9.708048388184015e-09,1.0000000000000002,4.3754367111779646e-14,1.000000003979348,1.5166512941678739e-09,1.0000000000000002,-6.260765274262768e-14,0.9999999999999875,4.943285466987886e-15,1.0000000000000109,-4.349113150540235e-15,1.0000000000000007,-2.822499246530867e-16
0.11553542415439684,3.263264116657339e+18,323794916195384.5,6.160175631998383e-19,2866961.707407111,-1.1317536750569843,-0.12963247079463772,1.6301343927344056,0.8367466998764027,1.1945731409386635,-0.8149009044722904,0.1752927246585193,-0.021845905900563598,1.000000059358642,-9.382972935330646e-09,0.9999999999999458,1.4275567985733e-14,1.0000000039520316,1.611016541516015e-09,1.0000000000000815,-2.0278805998591887e-14,0.9999999999999929,-8.286281982346239e-15,1.0000000000000089,3.900630901114405e-15,0.9999999999999998,-9.005098912869545e-17
0.1189098125254331,3.2221930652114606e+18,322289118395289.1,6.341459858994108e-19,388633.5434935422,-1.1341024682390746,-0.131633678699202,1.635517957003629,0.8336455640579093,1.1896575840268235,-0.811373820847575,0.17482471602448785,-0.022271856898564278,1.0000000561238502,-9.061161324640874e-09,0.9999999999975068,-1.549515172270054e-11,1.000000000000299,-2.5385994675153218e-14,0.9999999999999967,2.1979685436533967e-14,0.9999999999999993,-4.14572409262481e-16,1.000000000000001,4.611077650811458e-16,1.0000000000000007,-7.842025969389837e-17
0.12238275505820741,3.1809704915937e+18,320709281903182.4,6.52953857797424e-19,2732433.293449404,-1.1365279734625489,-0.13365669774832564,1.6409718402405287,0.8303957900664893,1.1846899321710602,-0.8077000980367051,0.17433848330742951,-0.02269580894608274,1.000000053042709,-8.744147061304844e-09,1.0000000000000047,-7.615077235009225e-14,1.0000000050802853,3.31207317235843e-09,1.000000000000028,5.508482162091349e-14,0.999999999999999,-1.6734071007345315e-15,0.9999999999999971,2.8402061277965107e-15,1.000000000000002,-5.65391278361306e-16
0.12595713017740828,3.139867788082595e+18,319052619167265.8,6.724728903138549e-19,2667549.5580421193,-1.1390332326972512,-0.13569866708187328,1.6464924389510047,0.8269927987864737,1.1796740357459188,-0.8038759972019218,0.17383377962529298,-0.023116921765685618,1.0000000501109438,-8.430811102597149e-09,1.0000000000000027,-1.040973854264172e-14,1.0000000053917388,7.481065207983814e-10,1.0000000000000173,2.3472336793722566e-14,1.0000000000000007,-1.6142859551272975e-15,1.0000000000000002,9.0599031365253e-16,0.9999999999999998,-4.4044541900747254e-17
0.1296359003765098,3.098596197885357e+18,317316336077179.3,6.927655032134326e-19,2604234.7129631406,-1.1416211857093685,-0.13775644942796772,1.6520757864369473,0.82343213713334,1.1746140602007957,-0.7998979462863322,0.1733104062266517,-0.023534314327559303,1.0000000473231043,-8.122126093941971e-09,0.9999999999999781,-1.5011593351413117e-14,1.0000000026916185,4.347558519760485e-10,1.0000000000000215,-4.946522987014413e-15,0.9999999999999978,-8.433267720679023e-16,0.9999999999999999,9.126615832765634e-16,1.0000000000000002,-1.4519315436293374e-15
0.13342211467312873,3.057133394272859e+18,315497643989206.6,7.138263588199953e-19,2542472.7725667227,-1.1442946483756522,-0.13982663031075665,1.6577175761119567,0.8197094801996863,1.169514462201656,-0.7957625376926866,0.17276821303262938,-0.023947069320340984,1.0000000446734068,-7.818268322543956e-09,1.0000000000000038,-2.381713295115139e-15,1.000000002686677,5.052007276169432e-10,0.9999999999999997,2.7345552049974825e-14,1.0000000000000027,1.0072645866463936e-14,0.9999999999999968,-8.986961204074363e-15,1.0000000000000002,9.162164265496354e-17
0.13731891113609423,3.015331758598681e+18,313593764353083.6,7.357440264753126e-19,2482245.9715106166,-1.1470562900832597,-0.1419055187963356,1.663413144386569,0.8158206421027737,1.1643800038028143,-0.7914665389596531,0.17220710157683414,-0.024354233322209116,1.0000000421579371,-7.518869109867992e-09,0.9999999999999969,-8.446182283132375e-15,0.9999999892685079,-2.399879770801267e-09,1.000000000000029,-2.6416007015873878e-14,0.9999999999999983,3.6531564753026286e-15,0.9999999999999998,-4.110504285465424e-15,1.0000000000000002,-1.130063644030345e-16
0.14132951948632433,2.9735000899669985e+18,311601954045016.8,7.585103377388394e-19,2423534.8939906494,-1.149908610301349,-0.1439891500052192,1.6691574756906469,0.8117616935330648,1.1592157331589712,-0.7870070033065895,0.1716270392790609,-0.02475482380112488,1.000000039767741,-7.2258212412718935e-09,1.0000000000000389,-4.422994812835259e-14,0.9999999963221907,-2.360388070602581e-09,0.9999999999999596,5.505337416078334e-14,1.0000000000000004,5.8929151390407795e-15,1.0000000000000018,-9.201837901335082e-15,1.0,4.3582015682731215e-16
0.14545726377366502,2.931301786499036e+18,309519508386903.06,7.822190650763889e-19,2366318.72942267,-1.1528539144333578,-0.1460732895244812,1.6749452041136752,0.8075288373105252,1.1540269964492897,-0.7823811475577678,0.1710280458682783,-0.025147826752585957,1.0000000375003841,-6.938374851876604e-09,1.000000000000004,4.0703069121358396e-14,0.9999999990393086,-1.7235447549692037e-09,1.0000000000000568,-4.7711763608879365e-14,1.0000000000000047,-1.828304533053366e-15,0.9999999999999946,2.7566802858671573e-15,0.9999999999999998,3.376447616171846e-17
0.14970556513191066,2.8887112569395e+18,307343786986520.2,8.068882522442271e-19,2310575.2862535347,-1.1558942890953112,-0.14815343992233881,1.6807706309208066,0.8031185613237403,1.1488194028493013,-0.7775864949887803,0.17041021090456254,-0.02553220678853346,1.0000000353507839,-6.656153852992356e-09,0.9999999999999958,-1.5235863788578663e-14,0.9999999973476225,-8.438946636027445e-10,0.9999999999999968,7.008852235866302e-15,0.9999999999999973,-2.9059135532927615e-15,1.000000000000003,6.97081922911579e-15,0.9999999999999992,-1.1482662194815684e-15
0.15407794461428873,2.8456647050828093e+18,305072234263590.7,8.325825317927844e-19,2256281.19521924,-1.1590315769937263,-0.15022484953975665,1.6866277043160993,0.7985276475973666,1.1435988425694523,-0.7726208837733903,0.16977369597515068,-0.025906907758346014,1.0000000333134602,-6.3799932751358775e-09,0.9999999999999952,8.21629947080501e-15,0.9999999973627506,-9.24141927470346e-10,1.0000000000000058,-9.67813243003906e-15,1.000000000000001,2.385562561448915e-15,0.9999999999999983,-2.4236996816751733e-15,0.999999999999999,1.4252850612055808e-16
0.1585780261117594,2.8022047178618854e+18,302702392309607.8,8.593662480378842e-19,2203411.967999761,-1.1622673516021393,-0.1522825236827278,1.6925100617801458,0.7937531876867112,1.1383714442457842,-0.7674824743222443,0.16911873496444246,-0.026270860805745866,1.0000000313834772,-6.1097306101998425e-09,1.000000000000024,-1.4943915704590472e-14,0.9999999965645111,-2.807293167286908e-09,0.9999999999999787,3.674010861599108e-14,0.9999999999999925,-5.246393720228578e-15,1.0000000000000064,5.189760237451234e-15,1.0000000000000002,-1.837539458433994e-15
0.16320953935654842,2.7583273309410447e+18,300231929379180.1,8.872931802403674e-19,150478.70293013574,-1.1656028918770787,-0.15432123840455225,1.6984110190332191,0.7887926250913242,1.1331435807860375,-0.7621697884756748,0.16844563924615022,-0.026622987587849638,1.0000000295559628,-5.84634008772784e-09,0.9999999999977487,-2.143088743586499e-11,1.0000000000000866,1.5914337154219447e-13,0.9999999999998902,6.941438041938196e-14,1.0000000000000024,-1.4318440414287153e-15,0.9999999999999984,-7.332355363106211e-16,0.9999999999999992,6.77383160903025e-16
0.16797632301340285,2.7136866190960753e+18,297658654603509.3,9.164286768599723e-19,2101845.5837826966,-1.1690391572762096,-0.15633555694885196,1.7043236170018168,0.7836437715290742,1.127921822810153,-0.7566817170071365,0.16775479727511425,-0.026962209048792752,1.000000027826657,-5.589156700053984e-09,0.9999999999999328,-1.1168856887025523e-14,1.00000000328232,2.9939446453178653e-09,1.0000000000000178,-1.6377065101668697e-15,0.9999999999999973,-1.1826255750360644e-15,1.0000000000000024,1.6839968812406531e-15,0.9999999999999986,1.0355816165021188e-16
0.1728823278611315,2.6686469371997486e+18,294980548018360.0,9.468535041631629e-19,2053095.0505734112,-1.1725767633754103,-0.15831984899387427,1.7102406163797303,0.7783048622597049,1.122712938297909,-0.7510175703141463,0.1670466803799501,-0.02728745005020076,1.00000002619082,-5.338402902933019e-09,1.0000000000000064,-1.307077455013833e-14,1.0000000069867543,1.7998610023363296e-09,0.9999999999999929,1.2696280739019326e-14,0.9999999999999997,5.126279347192238e-16,1.0000000000000016,-7.797730367777841e-16,0.9999999999999999,4.932573359482072e-16
0.17793162006706728,2.6229612408577556e+18,292195783935907.9,9.78647301014149e-19,2005662.9205613052,-1.1762159584059404,-0.16026831271032377,1.716154537678494,0.7727745604828565,1.117523854649684,-0.7451770752073503,0.16632184065002512,-0.027597646979732497,1.000000024644936,-5.094154148946293e-09,1.0000000000000069,2.3081410058709114e-15,1.000000007554257,3.9540740658988835e-09,0.999999999999986,-2.5741908075931424e-15,1.000000000000003,-3.7099397706789687e-16,0.9999999999999993,5.598248517041212e-16,0.9999999999999997,-3.2413955432455634e-17
0.18312838455716507,2.576592545018024e+18,289302757874195.0,1.0118918906731596e-18,1959520.9030936696,-1.1799566010570643,-0.1621749996884955,1.7220576886415468,0.7670520172644992,1.112361627106632,-0.7391604262423334,0.1655809151037121,-0.027891756347548657,1.0000000231840924,-4.8563894292598174e-09,1.0000000000000036,5.742184006867595e-15,1.0000000074574762,4.219009471382221e-09,1.0000000000000007,-3.5342880354297695e-15,0.9999999999999958,2.247668602277643e-15,1.0000000000000022,-4.5424515522034266e-15,1.0000000000000009,-1.5601928365164047e-15
0.1884769284845285,2.5296784025761096e+18,286300101183000.7,1.0466868825919681e-18,838671.328086522,-1.1837981399075446,-0.16403384269686117,1.727942190685455,0.7611368513122945,1.1072334172460785,-0.7329682605614815,0.16482462074858364,-0.028168759719119838,1.0000000218055853,-4.624504143225502e-09,1.0000000000000033,-3.407172949584377e-15,0.9999999980202197,4.488778646831176e-10,0.9999999999999898,2.0171269802399362e-15,1.0000000000000098,-3.3455158763686172e-15,0.9999999999999928,1.6197660720873991e-15,0.9999999999999993,5.602673253417513e-16
0.19398168479924033,2.4819768883102797e+18,283186732742773.5,1.0831471376834537e-18,51468.96864647424,-1.1877395948600906,-0.16583868619915884,1.7338000126077773,0.7550292588878512,1.1021464507720673,-0.7266017562647091,0.1640537630881881,-0.02842767525398677,1.000000020502936,-4.4004133163587505e-09,0.9999999999976122,-2.5313496473118834e-11,1.0000000000000386,1.1981895596268958e-13,1.0000000000000553,-3.258473124090911e-14,0.9999999999999964,1.6879800286648908e-15,1.0000000000000027,-5.944165354370898e-16,1.0000000000000022,1.8828583133141383e-15
0.1996472159224553,2.433634472985733e+18,279961856772330.12,1.1213504955291025e-18,160264.96251795493,-1.191779540964859,-0.16758331950815827,1.7396230207753196,0.7487299128915661,1.0971079827845927,-0.7200625279305164,0.16326922065710392,-0.02866756127500736,1.0000000192740583,-4.18305724154157e-09,0.9999999999977203,-2.6054614759064116e-11,0.9999999999999374,3.553012970636534e-14,0.9999999999999934,7.171970403590493e-14,1.0000000000000064,2.8394342835407407e-15,0.9999999999999954,-1.4797426931359414e-15,1.0000000000000013,-3.937538939332342e-16
0.20547821752780027,2.3845295343536543e+18,276625007542021.56,1.1614306600214006e-18,99850.16661019422,-1.1959160950093093,-0.1692615123971992,1.7454030093351978,0.7422400733418679,1.0921252596432223,-0.713352726208116,0.16247195295216155,-0.028887527151526413,1.000000018114914,-3.9726020987674355e-09,0.9999999999979295,-2.7015784952060735e-11,0.9999999999998459,2.4970966105500692e-14,0.9999999999999039,3.1843277921299547e-13,0.9999999999999992,-2.3026010746489433e-15,1.0,2.9322339225662257e-15,0.9999999999999996,-1.6983685864445444e-15
0.211479522433216,2.3348888524099594e+18,273176070290657.38,1.2035167633320038e-18,1747143.0419662942,-1.2001469052444023,-0.17086705293498136,1.751131742965482,0.7355615695114206,1.087205483098989,-0.70647501378335,0.16166299354808858,-0.02908673947047857,1.0000000170216499,-3.769443585423625e-09,0.9999999999999551,3.245465109685486e-14,1.0000000042415056,6.098407023459212e-10,1.0000000000000453,-4.0392142848670406e-14,1.0000000000000033,-4.3018478199688675e-15,0.9999999999999951,5.0420966509330854e-15,1.0000000000000009,-1.0525624073054245e-16
0.21765610460646617,2.2844655635424146e+18,269615301219928.72,1.2477441001946555e-18,1708126.056642271,-1.204469144601358,-0.1723937872329751,1.7568010136322156,0.7286967800572871,1.0823557615184456,-0.6994325383906718,0.1608434421139325,-0.029264429156704384,1.0000000159926707,-3.5719109796083897e-09,0.9999999999999925,-2.0000568586204967e-14,0.9999999956896293,-1.86995961640225e-09,0.9999999999999378,5.481597686686368e-14,1.0000000000000069,2.5702729053183745e-15,0.9999999999999931,-3.4348366990239663e-15,1.0000000000000002,1.5734880947652302e-16
0.2240130832876334,2.2334238078771643e+18,265943365035759.06,1.2942264690329048e-18,1670191.9124149748,-1.2088795077183079,-0.17383566077653215,1.7624026545892695,0.7216487252051044,1.0775830904265737,-0.6922290171199923,0.16001446987694054,-0.02941989934460383,1.0000000150227175,-3.3825394684840953e-09,0.9999999999999974,4.9214116415923356e-14,0.9999999978884044,1.916387824405241e-11,1.000000000000003,-9.552544862368677e-14,0.9999999999999949,-4.851054331281744e-15,1.0000000000000049,3.0311257118500066e-15,1.0,7.853626184345399e-16
0.23055572723201884,2.1817704883456968e+18,262161340192531.53,1.3432165124606975e-18,1633310.4591797825,-1.2133742120627318,-0.17518676091128418,1.767928639681022,0.7144209700605539,1.0728942719551748,-0.684868632629259,0.15917730086401433,-0.029552532484863156,1.000000014108976,-3.1996687473555243e-09,0.9999999999999539,-1.1300096501569678e-14,1.0000000000129263,-1.0923923313847922e-09,1.0000000000000366,4.9393385620857957e-14,0.9999999999999953,-5.730115067717459e-15,1.0000000000000038,5.8898208168790554e-15,1.0,-3.2266898203952326e-16
0.23728945907696247,2.1294745075689016e+18,258270751597241.3,1.394868721010893e-18,1597451.671533457,-1.2179490033847138,-0.17644136004599356,1.7733710779767535,0.7070176654650503,1.0682959196158848,-0.6773560714287694,0.15833321249738086,-0.029661792909917044,1.0000000132491818,-3.023647951312387e-09,0.9999999999999956,-2.0814274638173565e-14,0.9999999978598804,-1.4264064821318564e-10,1.000000000000026,-1.0205075965561226e-13,1.000000000000001,2.1314723215394055e-15,1.0000000000000002,-2.476950031857214e-15,1.0,-4.424471719480283e-16
0.2442198598362028,2.0766050221167242e+18,254273577006652.75,1.4493301512191328e-18,1562585.5885300264,-1.2225991656832136,-0.17759395905106665,1.7787222914995693,0.6994435377005137,1.06379438968047,-0.669696505346526,0.15748352648724664,-0.029747235075612662,1.0000000124400896,-2.8545456271982996e-09,1.0000000000000102,2.8272419211447912e-15,1.000000000095322,-1.1061306902399988e-09,0.9999999999999691,5.0741076091951466e-14,1.0000000000000033,-2.5548345451616413e-15,0.9999999999999968,5.027081591497414e-15,1.0000000000000004,-3.5756344715948544e-16
0.2513526735255013,2.0233085541664678e+18,250172271864219.28,1.5068547300966854e-18,68131.96378563113,-1.2273195357943436,-0.1786393303401634,1.7839748560614286,0.6917038713816369,1.0593957484432983,-0.6618955708290165,0.15662960073051413,-0.02980850715261094,1.0000000116792367,-2.6920942383780666e-09,0.9999999999999957,6.191660792557969e-16,0.9999999999976467,-3.268928603460358e-11,0.999999999999994,5.777992903246536e-15,1.0000000000000049,3.446777266852436e-16,0.9999999999999973,1.221284917770874e-16,1.0,-1.137888022258218e-15
0.2586938119233651,1.9694654073742382e+18,245969773029198.7,1.567608328609377e-18,1495712.6086451751,-1.2321045226494327,-0.1795725600466317,1.7891216455571481,0.6838044868960842,1.055105736804039,-0.6539593432137706,0.15577282043699608,-0.029845354194590033,1.0000000109639386,-2.535624413559556e-09,0.9999999999999677,1.0692449498783432e-14,0.9999999960414875,-2.9336704804002106e-09,1.000000000000003,-2.6236923462656427e-15,0.9999999999999992,4.627660340721296e-15,0.9999999999999997,-4.7400845054657895e-15,0.9999999999999996,6.681156127089113e-16
0.2662493594708142,1.9151783423961516e+18,241669506884512.2,1.6318416013814823e-18,330699.1683582131,-1.2369481311631425,-0.18038908873019097,1.7941558577652694,0.6757517341135435,1.0509297507676532,-0.6458943286751281,0.15491459182799536,-0.02985761989806322,1.0000000102913327,-2.386827173973103e-09,0.9999999999975835,-3.4713955725889947e-11,1.0000000000000129,3.455477183894043e-14,0.9999999999999623,2.842873376822082e-14,1.0,-2.9551215662361187e-16,1.0000000000000022,1.783796912489022e-15,0.9999999999999997,-2.3776654200937126e-16
0.27402557831425345,1.8605894270627436e+18,237275393730114.2,1.70001052074237e-18,1432456.0246942465,-1.2418439906351892,-0.18108475002796853,1.79907108726124,0.6675524453627436,1.0468727813488135,-0.6377074135090655,0.1540563293175973,-0.02984525029969256,1.0000000096585937,-2.2453993372084963e-09,0.9999999999999791,-4.608971331082651e-14,1.0000000099953228,5.962931663497761e-09,1.000000000000025,1.082108639840244e-13,1.000000000000001,3.8381643329786315e-15,0.999999999999998,-7.662408105513385e-15,0.9999999999999993,4.816621405456921e-16
0.28202891349562964,1.8057237232891382e+18,232791839469962.66,1.7721691033410615e-18,1402111.5196078965,-1.246785387467849,-0.18165580667276138,1.8038613586020906,0.6592138702981014,1.0429393936157318,-0.6294058008595251,0.15319944328270957,-0.029808291917005063,1.000000009065411,-2.1079179056425166e-09,1.0000000000000324,5.507877711735665e-14,1.000000003836675,2.87192572974976e-09,0.9999999999999603,8.380698154752515e-15,0.9999999999999964,1.4151952022709095e-15,1.0000000000000016,-2.1356316699562932e-15,0.9999999999999993,1.939529906607105e-16
0.29026599829417477,1.750630936968717e+18,228223739461788.38,1.8487229796890338e-18,1372585.0084542395,-1.2517653019112984,-0.1820989833232091,1.8085211194682256,0.6507437398966516,1.0391337310503201,-0.6209970735910748,0.15234534256649657,-0.02974689286444928,1.0000000085081413,-1.9767565214102093e-09,1.0000000000000038,2.155359629015268e-14,0.9999999978436116,-7.77072998933165e-10,1.0,-2.5608674434751004e-14,1.0000000000000002,-3.1940032697824626e-15,0.999999999999968,2.557186483557116e-14,1.0000000000000182,-1.2356497359666976e-14
0.2987436597241633,1.695431005626731e+18,223576460008341.47,1.9300333733159336e-18,118442.47341029833,-1.2567764484757227,-0.18241149569426332,1.8130453102303417,0.6421501451999369,1.03545946525569,-0.6124890752627101,0.15149541519953838,-0.029661300628043747,1.0000000079845057,-1.8526378118115562e-09,0.999999999999963,-2.2190996410588415e-14,0.9999999999976378,-3.882287553631736e-11,1.0000000000000213,-1.2509678506557482e-15,1.0000000000000042,2.095044409696157e-15,0.9999999999999921,-2.652418532375318e-15,1.0000000000000007,2.4173773757874515e-16
0.3074689241932397,1.6401527474477507e+18,218855817341491.7,2.016405694921822e-18,1315874.893874029,-1.261811319572665,-0.18259107551098602,1.8174293878487207,0.6334415083442207,1.0319197796087558,-0.603889883227006,0.1506510208477767,-0.029551859997502577,1.0000000074929372,-1.7345729366804558e-09,1.0000000000000353,4.183275581249103e-14,1.0000000018933197,1.4274050054663848e-09,0.999999999999919,-9.892016545827767e-14,0.9999999999999977,4.69220123328363e-15,0.9999999999999997,-4.169035441809258e-15,1.0000000000000004,-9.672628209634591e-17
0.3164490233260061,1.5849529754984517e+18,214068061136320.06,2.108388366695888e-18,1288636.8697953548,-1.2668622318795641,-0.18263599088479351,1.8216693352954108,0.6246265521622619,1.028517366432621,-0.5952077820152257,0.1498134842198543,-0.029419009279420576,1.0000000070316681,-1.6225376599616277e-09,0.9999999999999873,3.189993418457476e-14,1.0000000058145375,4.119496162548994e-09,1.0000000000000162,-3.930186393782873e-14,0.999999999999999,-3.734516363645232e-15,1.0000000000000002,1.3021610936937787e-15,0.9999999999999991,1.8483175505529624e-15
0.3256913999576967,1.529865648153794e+18,209219845877067.47,2.2062880433071483e-18,1262108.0822558363,-1.27192137485806,-0.18254506176896168,1.8257616966398762,0.6157142445002577,1.0252544019484775,-0.5864512108723695,0.1489840850279481,-0.029263277082641845,1.0000000065991184,-1.5145158944845404e-09,0.9999999999999802,-3.7818628433267354e-14,0.999999999713629,4.800582529794707e-10,0.9999999999999802,6.271056490823153e-14,1.000000000000001,2.886026214134029e-15,0.9999999999999984,-3.4512035497591914e-15,1.0000000000000004,-6.527823451714028e-17
0.3352037143029065,1.4749972582931162e+18,204318196841770.9,2.3106341724029684e-18,1236262.6360171451,-1.276980860821208,-0.1823176702302542,1.829703552630679,0.6067137742306291,1.0221325740066705,-0.577628746772625,0.14816405467736296,-0.029085275309539114,1.0000000061932193,-1.4121337083920791e-09,0.99999999999999,-1.9936483019364592e-14,0.9999999963344329,-3.294616219866536e-09,0.9999999999999976,5.927621731469867e-14,1.0000000000000004,1.5164660688983292e-15,0.9999999999999999,-9.199913155068407e-16,0.9999999999999984,-1.7562535563254967e-16
0.3449938503044875,1.420482045645255e+18,199370478585494.0,2.421643357485199e-18,1211075.2224082642,-1.282032775908391,-0.18195376537938007,1.8334925531825366,0.5976344892280182,1.0191530592274762,-0.5687490466837507,0.14735456663619856,-0.028885694871628537,1.000000005812161,-1.3168918250521922e-09,0.9999999999999959,2.4102910861499685e-15,1.000000001528293,2.0598079437802295e-09,1.0000000000000067,-3.562128143428754e-15,0.9999999999999977,5.295295360515023e-15,1.000000000000001,-2.7322560167235205e-15,1.0,-8.716711858680696e-16
0.35506992216787353,1.3663513528496888e+18,194384339494747.62,2.540712805617629e-18,1186521.0444117226,-1.287069231283681,-0.18145386286405416,1.8371269456727217,0.5884858164844159,1.0163165051256549,-0.5598207738331978,0.1465567260149712,-0.02866529954309415,1.000000005454865,-1.2255419971822739e-09,1.0000000000000016,-3.184816116400447e-14,1.000000001816548,1.6498716026657422e-09,0.9999999999999951,6.176636949559472e-14,0.9999999999999984,1.9669108234657398e-15,0.9999999999999858,1.380334474115183e-15,1.0000000000000018,-3.0105600512230823e-16
0.3654402810862506,1.312754557066443e+18,189367680135745.62,2.6677062457661305e-18,1162575.9729918446,-1.2920824139162832,-0.1808190389497604,1.8406055194748736,0.5792772684894621,1.0136230830158974,-0.5508526124102426,0.14577157212806158,-0.02842491763003396,1.0000000051199653,-1.1389344589613287e-09,0.9999999999999921,5.365088534184012e-15,1.000000001958695,1.5032302380947191e-09,0.9999999999999872,-1.4128602954007672e-14,0.999999999999997,-1.3664181464308946e-15,1.000000000000003,1.0416851517154522e-15,1.000000000000001,-1.0407401813845705e-16
0.37611352216214566,1.2597462860868902e+18,184328604320574.12,2.8034879747924427e-18,1139216.5264255484,-1.297064636255449,-0.1800509192922739,1.8439276278137509,0.5700183743922316,1.0110724743328807,-0.5418532048184576,0.14500007031857784,-0.02816543588498386,1.000000004805894,-1.0572880092535218e-09,0.9999999999999929,-1.4381213124263607e-14,1.0000000018639494,1.6671089371810591e-09,1.0000000000000224,-3.253794602803394e-14,1.0000000000000009,-1.4682526277374955e-16,0.9999999999999988,1.733799182765404e-15,0.9999999999999978,-9.838954736499357e-16
0.3870984915311713,1.207425098970255e+18,179275354851691.2,2.9489024904180037e-18,121449.71889659153,-1.3020083841795156,-0.17915166260301518,1.847093180401626,0.5607186272594216,1.008663882494691,-0.5328311067001353,0.14424310745841828,-0.02788779174019558,1.0000000045113464,-9.798052374578139e-10,0.99999999999999,-2.0030394732982384e-14,1.0000000000250806,-7.945176265930675e-11,1.0000000000000113,2.6956345401090295e-14,1.000000000000006,4.817375999099244e-15,0.9999999999999944,3.7506170941524247e-16,1.0,3.5603566300432194e-16
0.39840429369382996,1.155900484300668e+18,174216270738569.03,3.1045848584582573e-18,1094163.6592717404,-1.3069063626159476,-0.17812393948421604,1.8501026180523996,0.5513874498121372,1.006396059667544,-0.5237947607417375,0.14350149056942643,-0.027592965238005692,1.0000000042351938,-9.059777893442935e-10,0.9999999999999946,-3.3053808620483968e-15,0.9999999963307354,-3.757697867856557e-09,1.000000000000015,5.2944676054440094e-15,0.9999999999999983,1.151203700195274e-15,1.0000000000000042,-6.147944064663483e-16,0.9999999999999994,2.845852369174649e-16
0.41004029906145484,1.1052219116144534e+18,169159734256994.44,3.271456521203176e-18,1072426.5712640132,-1.3117515382783083,-0.17697090680637217,1.8529568706614117,0.5420341735548987,1.0042673476547261,-0.5147524841446347,0.14277594795490248,-0.027281970685816375,1.0000000039761925,-8.393416135780285e-10,1.0000000000000115,-2.1270711113470844e-15,1.0000000054695017,5.699758969703688e-09,0.9999999999999659,1.0932323085893643e-14,0.9999999999999979,3.349955443360168e-15,1.0000000000000009,-1.049952452921876e-15,0.9999999999999998,-6.032831966365743e-16
0.4220161517225415,1.0554994459791859e+18,164114103456063.1,3.4504036910883682e-18,1051187.6678860586,-1.3165371790382991,-0.17569617804791693,1.855657412655441,0.5326679386792686,1.0022756332951697,-0.505712373986095,0.14206711835036268,-0.026955851211468016,1.0000000037334198,-7.742015671965787e-10,1.0000000000000164,-1.1815843253979533e-14,1.0000000035298324,3.995289173620124e-09,0.9999999999999394,2.5540768636078785e-14,0.9999999999999989,-4.321140281271611e-15,1.0000000000000022,4.6576276146270884e-15,1.0000000000000002,3.5501517717040403e-16
0.43434177743590696,1.0067953365637996e+18,159087668686398.84,3.642533498068312e-18,1030426.8448938236,-1.3212568895141317,-0.17430379008985947,1.8582061349874024,0.5232977418657926,1.000418463678938,-0.49668236557754175,0.14137556371427293,-0.026615668188782377,1.000000003505767,-7.136940555631241e-10,1.0000000000000102,1.4146495252899731e-15,1.0000000054498828,6.084321633286535e-09,0.9999999999999373,1.0058050966506707e-14,1.0000000000000036,-1.833499761594056e-15,0.9999999999999942,1.287644193260528e-15,0.9999999999999998,-1.5025615644237192e-16
0.44702739185730145,9.591991864148308e+17,154088591746028.3,3.8488551713548875e-18,1010124.6389927657,-1.3259046425304248,-0.17279816699808162,1.860605403207914,0.5139323347774726,0.9986929984198263,-0.48767013596618636,0.14070175888332753,-0.026262496245562206,1.0000000032922194,-6.540193559925824e-10,0.9999999999999948,4.340541705791262e-15,0.9999999962956416,-4.241720541710388e-09,1.0000000000000124,-9.966595910932653e-15,0.9999999999999991,-1.2392920370839787e-15,1.0000000000000016,9.354767261566967e-16,1.0,5.634187436823754e-17
0.4600835090062905,9.127503147493481e+17,149124860805362.6,4.070508376454652e-18,990262.3986085475,-1.330474806194509,-0.1711840813496943,1.8628579368128664,0.5045802646854648,0.9970961180113759,-0.4786831541104835,0.1400461038686241,-0.02589741369657278,1.0000000030922171,-6.012145159114827e-10,0.9999999999999932,1.465827177603571e-15,1.0000000010414989,9.496194026623973e-10,1.0000000000000135,8.723169514881798e-15,0.9999999999999982,4.005044223803758e-16,1.000000000000003,8.083650045931333e-16,1.0,-4.3100683456927884e-16
0.47352094998042576,8.675280785394657e+17,144204228703652.3,4.308585867895759e-18,970822.0621547973,-1.3349621664091842,-0.16946661369799815,1.8649668906107257,0.4952497678936095,0.9956243539357081,-0.46972857768714965,0.1394089123802863,-0.025521499182294797,1.0000000029047063,-5.503298104737374e-10,0.9999999999999939,4.546170307494435e-15,1.0000000007027332,1.1854353647092271e-09,1.000000000000017,-1.2468940782985841e-14,0.9999999999999991,-4.677126086473152e-15,1.0000000000000024,3.793277773066853e-15,1.0000000000000004,1.920191829967523e-16
0.4873508519239258,8.235758139822419e+17,139334177687000.48,4.565427912579509e-18,951786.3502126929,-1.3393619447322962,-0.1676511107522031,1.8669357303091385,0.48594881566186854,0.9942739996906043,-0.460813307799061,0.13879042521360144,-0.02513582286792159,1.0000000027284983,-5.020409576786396e-10,0.9999999999999993,-6.458412599922572e-15,0.9999999983471588,-2.4930543938192704e-09,0.9999999999999895,3.9593446386533516e-14,1.000000000000003,1.5501430746101085e-15,0.999999999999999,7.307685741769426e-16,0.9999999999999997,-5.07237825581876e-16
0.5015846772583016,7.809379528411255e+17,134521869184806.28,4.8419541352770615e-18,933138.7010537747,-1.343669811562087,-0.16574314286443687,1.8687682245482125,0.4766850658934743,0.9930411196809115,-0.4519439463536136,0.13819080932319838,-0.02474144075612309,1.0000000025635751,-4.577876702954415e-10,0.9999999999999968,-5.0951715809163235e-15,1.0000000003345968,-2.196720199097333e-10,1.0000000000000002,1.9678906731588894e-15,0.9999999999999988,-8.444968815860287e-16,0.9999999999999983,-1.3658491084582539e-15,1.0000000000000009,5.2140137126937325e-17
0.5162342231825763,7.396578758532707e+17,129774106892420.8,5.139952312704202e-18,914863.2264535315,-1.347881894759066,-0.16374846135145,1.8704684390567328,0.46746584573171424,0.9919215536620816,-0.44312678211940454,0.13761015922528844,-0.02433939123316969,1.0000000024086204,-4.1479907103709346e-10,0.9999999999999952,6.4995975969094345e-15,0.9999999972337795,-3.830672885926339e-09,1.0000000000000289,-4.64209033190127e-14,1.0000000000000013,2.416299804586259e-15,0.9999999999999983,-2.167556546487512e-15,0.9999999999999997,4.816195525380633e-16
0.531311631450973,6.99763433678625e+17,125097304643652.55,5.4608542484244256e-18,176455.2180885745,-1.3519947837286246,-0.1616729562634701,1.8720406441263426,0.45829816123291955,0.9909110002363981,-0.4343678077782371,0.1370485060251938,-0.023930687679367454,1.0000000022637465,-3.7618167086941964e-10,1.0,1.8493684263480542e-15,0.9999999999975377,-6.891148135106136e-11,1.0000000000000009,-7.519835750245529e-15,1.0000000000000007,6.188191520433651e-17,1.0000000000000007,-1.2497616361162787e-15,0.9999999999999991,-4.431147051892902e-16
0.5468293984361755,6.612827595083506e+17,120497452303017.25,5.806103768255805e-18,879368.9919552802,-1.3560055293033386,-0.15952261499498577,1.873489348366377,0.44918866312174366,0.9900049852832716,-0.42567268686918786,0.13650581523433414,-0.023516317291641855,1.0000000021275166,-3.3941748342363877e-10,1.0000000000000002,-4.5588124865553205e-15,1.0000000012164452,1.1877368827043086e-09,0.9999999999999988,2.69300541083337e-14,0.999999999999999,1.6663530869715348e-16,1.0000000000000022,7.350178856022008e-16,0.9999999999999996,-2.948899008537929e-16
0.5628003854865015,6.242348003549254e+17,115980094565981.86,6.179204091000849e-18,862122.0265310749,-1.3599116396331112,-0.15730348221251444,1.8748192134294468,0.4401436537694358,0.9891989387112835,-0.4170467671325308,0.1359819952908474,-0.023097234710213157,1.0000000019997402,-3.0433699031777284e-10,1.0000000000000004,1.706844444400821e-15,0.9999999999975661,-7.299623049221708e-11,0.9999999999999993,-3.201135194621297e-15,1.0000000000000069,4.719484787538178e-15,0.9999999999999931,-5.483966104610961e-15,0.9999999999999988,3.9794233005741836e-17
0.5792378295855727,5.886177296132332e+17,111550311599181.97,6.5824848554072925e-18,845190.8839429229,-1.3637110722604397,-0.1550216215983665,1.876035037466344,0.4311690879521135,0.9884882074412795,-0.4084950829903258,0.13547690112221394,-0.02267436029750011,1.0000000018799624,-2.7155440048664366e-10,0.9999999999999967,-1.0285796864673179e-15,0.9999999992036183,1.0611720760756527e-10,1.0000000000000033,2.5769249570090658e-15,0.9999999999999998,7.092433977517754e-16,1.0000000000000016,-1.9101193255750228e-16,0.9999999999999997,-4.045348989470143e-16
0.5961553543233175,5.5444984153673555e+17,107212703802783.1,7.018007311380967e-18,828563.2107514045,-1.3674022229401572,-0.1526830795737582,1.877141727153798,0.4222705671992782,0.9878680795053129,-0.40002235258242674,0.134990338019395,-0.022248577452316173,1.0000000017671682,-2.4120416294106866e-10,0.9999999999999976,-2.627490364282476e-15,1.0000000008141865,-2.2966543691719526e-10,1.0000000000000064,6.881929638195627e-15,0.9999999999999983,9.22337922696349e-16,1.000000000000001,-2.3210635137484774e-16,0.9999999999999991,-5.952144834118274e-16
0.6135669811873977,5.2172342268019904e+17,102971383297566.88,7.490071343189138e-18,812227.3451901029,-1.3709839113912778,-0.15029385142272922,1.8781442607155903,0.41345333174084886,0.9873338166839277,-0.3916329728655521,0.1345220659758471,-0.021820729456965816,1.0000000016622128,-2.1323192692837712e-10,1.0000000000000004,1.6091294844746359e-15,1.0000000024100268,4.708199145594664e-09,1.0000000000000207,-4.016877120884189e-14,0.999999999999999,-8.020185669842335e-16,1.0000000000000002,-6.912303556015629e-16,0.9999999999999996,5.699363219428694e-17
0.6314871411844196,4.9043221200387744e+17,98829969751638.22,7.99642852198526e-18,221866.56670917323,-1.3744553644365816,-0.1478598499847539,1.879047681497306,0.4047222810916611,0.9868806569080717,-0.3833310393235731,0.13407180371605804,-0.021391620354366293,1.0000000015625514,-1.852000359165471e-10,1.0000000000000022,-6.063002820016911e-16,0.9999999999975774,-8.192533806402787e-11,0.9999999999999932,-5.56772558457969e-15,1.0000000000000009,3.5733925626074304e-15,1.0000000000000007,8.63076558016304e-16,1.0000000000000002,-3.3570386814550787e-16
0.6499306868005591,4.6056128747799386e+17,94791592192537.34,8.548900918006875e-18,780387.6520782027,-1.3778161969049023,-0.14538687709254883,1.8798570150712095,0.3960819699154633,0.986503889645047,-0.3751203469696312,0.13363923619718943,-0.020962009801206376,1.0000000014700055,-1.6039649800807477e-10,0.9999999999999992,3.8582082445678444e-16,1.0000000011166161,3.3820324811925236e-09,1.000000000000001,-3.1000360416650674e-15,1.0000000000000016,1.974182506336786e-15,0.9999999999999999,-2.5174232210948033e-15,1.0000000000000007,-3.3104108617771904e-16
0.668912904311516,4.3209343196572026e+17,90858892679752.44,9.14376013358093e-18,764863.8089963982,-1.3810663906863283,-0.14288059786808094,1.8805773163470942,0.3875366157466643,0.9861988093157901,-0.3670043944009312,0.13322401408907694,-0.020532616746819356,1.0000000013822936,-1.362725616508795e-10,1.0000000000000004,-2.038527575072471e-15,1.0000000009522683,1.6907796526865686e-09,0.9999999999999994,3.945961977387674e-15,1.0000000000000009,2.458241612412981e-16,1.0000000000000007,1.6628818924098288e-15,1.0000000000000002,3.315577164445673e-16
0.6884495264519989,4.050016638028897e+17,87034036846689.97,9.78809450670072e-18,749591.7026262245,-1.3842062723258124,-0.14034651793293873,1.881213581777479,0.3790901052177264,0.9859607947687968,-0.35898639430279816,0.13282576208804814,-0.020104115146294975,1.0000000013005388,-1.1454478669106292e-10,1.0000000000000022,3.9330416794663874e-16,1.0000000027250397,4.543442550203001e-09,0.9999999999999982,-2.1852262648462795e-15,1.0000000000000004,-4.0351080509589647e-16,0.9999999999999992,-9.836140999686411e-17,0.9999999999999999,9.978297979145715e-17
0.708556745455242,3.7926450418679123e+17,83318724006112.9,1.0484167990390419e-17,734562.8685974915,-1.3872364895212037,-0.13778996354765954,1.8817707833035675,0.37074600420486353,0.9857852750601976,-0.3510692803414201,0.13244407919699325,-0.019677137222535838,1.0000000012227253,-9.205835190831978e-11,0.9999999999999981,1.3466965208729138e-15,0.9999999990989306,-1.0759300625249218e-09,1.0000000000000993,-7.73466665844369e-14,0.999999999999999,-7.748788974758391e-17,1.0000000000000016,-7.902346617191308e-17,1.0000000000000004,8.814261453917824e-17
0.7292512264733608,3.548476889836978e+17,79714207533301.23,1.1240446149526176e-17,719769.5198110744,-1.390157986875817,-0.13521606464741182,1.8822537880052026,0.3625075719411912,0.9856678017508965,-0.34325572408945015,0.13207854677248082,-0.019252270642965915,1.0000000011499723,-7.164013893415975e-11,1.0000000000000007,-3.69576682290802e-16,0.9999999983133361,-3.1323944039033478e-09,0.9999999999999988,-7.76906305013195e-16,0.9999999999999988,6.101430405925224e-16,1.000000000000004,-1.104515114551108e-15,0.9999999999999993,4.862843314259729e-16
0.7505501213896695,3.31716070443884e+17,76221309916481.02,1.2057808021943851e-17,705204.427690221,-1.3929719812437789,-0.13262974069361058,1.8826673849899973,0.3543777669203918,0.9856040217578738,-0.33554813815261464,0.13172872878832095,-0.018830061305525524,1.0000000010820584,-5.3500778300745415e-11,1.0000000000000009,1.0674979657704204e-16,1.0000000001132516,-1.0756285932494073e-09,0.9999999999999957,6.201363138844501e-15,0.9999999999999992,1.3315518308646485e-15,1.0000000000000004,4.159532508516579e-16,1.0,-3.938169784676707e-16
0.7724710830344083,3.0983530299941734e+17,72840445128095.98,1.2943886179485676e-17,690860.9277569449,-1.3956799369335116,-0.13003568926946463,1.8830162648068376,0.34635925426204506,0.9855896945011616,-0.3279486832846305,0.1313941752744006,-0.01841101358761666,1.0000000010184658,-3.599809308496609e-11,1.0000000000000002,4.0298366717076286e-16,1.000000000840118,1.0494955769418633e-09,0.999999999999986,-3.150198677576515e-14,1.0000000000000016,2.314637841846017e-16,0.9999999999999981,9.337735286597363e-16,1.0000000000000013,0.0
0.7950322798156632,2.8916485601289043e+17,69571642477722.445,1.3905458789536274e-17,676732.9183051378,-1.3982835411030443,-0.1274383772318485,1.8833049929159886,0.33845442855658364,0.9856207139124973,-0.3204592901074023,0.1310744268382709,-0.01799559146926218,1.000000000957772,-1.8244269166483775e-11,0.9999999999999991,3.057079089428038e-16,0.9999999983561785,-2.513946384235137e-09,1.0000000000000124,-8.83000152931581e-15,1.0,4.3898107185026003e-16,1.0000000000000022,-1.3889284876219076e-15,1.0000000000000002,2.3444868583293346e-16
0.8182524107776035,2.6966239349557805e+17,66414570254299.31,1.4947194226257775e-17,662814.8662293195,-1.4007846795033743,-0.12484203434470406,1.883537981368421,0.3306654143622478,0.9856931333923432,-0.31308165992007486,0.13076901802534277,-0.017584218216867127,1.0000000009016268,-3.1340045599330978e-12,1.0000000000000002,1.4717176729088896e-16,1.0000000010271588,1.2612402714912296e-10,0.9999999999999856,-1.0882387674660007e-14,1.0000000000000016,-1.913417826210438e-15,1.0000000000000002,-1.5061271439847607e-15,1.0,5.07833348324394e-17
0.8421507210985186,2.5128528693856723e+17,63368561265658.75,1.607723008123278e-17,649101.7115490899,-1.403185412862591,-0.12225064914729444,1.8837195219454543,0.3229940823235279,0.9858031327715805,-0.3058172769984412,0.13047747722266018,-0.01717728021253227,1.0000000008486913,1.1920835569023086e-11,0.9999999999999996,3.884111131636483e-16,1.000000000770252,1.2092499842204412e-09,1.0000000000000038,-1.3426227519570293e-16,1.0000000000000002,-1.9070063846445632e-16,0.9999999999999998,8.661690098530035e-16,1.0000000000000007,1.599587579185958e-16
0.8667470180414982,2.3399072402020477e+17,60432639670158.72,1.7298501590739683e-17,635588.9109242595,-1.4054879540320826,-0.11966796693019734,1.883853741767604,0.31544206029269667,0.9859470579302351,-0.2986674200804323,0.1301993314285199,-0.016775126581413027,1.0000000007985663,2.712888966156372e-11,0.9999999999999987,-3.462703881665318e-16,0.9999999989367737,-4.267837812771639e-10,1.0000000000000042,-1.2671888871788543e-15,0.9999999999999984,1.0157728760915543e-15,0.9999999999999994,1.3426447955760194e-16,1.000000000000001,2.464522042487052e-17
0.8920616873709767,2.177346238533965e+17,57605547488912.39,1.8619559492587345e-17,469841.6812686971,-1.4076946460669078,-0.11709748960856531,1.8839445966527704,0.3080107483059013,0.9861214251514349,-0.2916331754769614,0.1299341085398445,-0.016378071058126758,1.0000000007515037,4.0677525603486426e-11,0.9999999999999991,1.74536078923669e-16,0.9999999999975931,-1.156509522332888e-10,1.0000000000000107,4.1017917493427796e-14,0.9999999999999991,-2.91660023916238e-15,0.9999999999999997,2.5128164984330622e-15,1.0000000000000004,4.928930060671258e-17
0.9181157102487475,2.0247122106691587e+17,54885771024812.38,2.0076266247115627e-17,609148.5781023675,-1.409807941352927,-0.11454247730715447,1.883995883144479,0.30070132014796963,0.9863229087968869,-0.28471543684942974,0.12968133764927714,-0.015986393778035762,1.0000000007078655,5.3278217927119405e-11,0.9999999999999994,2.4698965876015225e-16,1.0000000008314793,2.6612060928272052e-09,0.9999999999999993,-8.083326737004407e-15,1.0,7.353750171534852e-16,1.0000000000000004,-1.5804589558059115e-16,0.9999999999999998,-5.4933833524926286e-17
0.944930680623452,1.8815597351776054e+17,52271566897139.21,2.163648283832801e-17,596214.2180418663,-1.4118303818777562,-0.11200595146257004,1.8840112321865314,0.2935147473557385,0.9865483451606144,-0.27791492681066027,0.12944055151946887,-0.015600343678036257,1.0000000006654284,6.636316084792785e-11,0.9999999999999998,2.5478959084075777e-16,1.0000000002200111,-6.740821087477216e-10,1.000000000000003,-3.823206451228256e-16,0.9999999999999996,-1.4759667748919707e-16,1.0000000000000009,1.9655668524089124e-16,1.0000000000000002,6.6280188464996575e-16
0.9725288231279543,1.7474384995925123e+17,49760988415603.7,2.3344208348740777e-17,583466.5495710021,-1.4137645807084631,-0.109490699258106,1.8839940808117295,0.28645179307763147,0.9867947582603122,-0.27123219135067617,0.12921128909566407,-0.015220137926425351,1.0000000006268237,7.838646504337997e-11,1.0,-3.043916023761683e-16,1.0000000000658864,1.2355470618884456e-09,0.999999999999999,1.8757126801066677e-16,1.0,2.2636565318519524e-15,0.9999999999999982,-1.3143943053672302e-15,1.0000000000000002,-9.787829248263705e-17
1.0009330114994361,1.6219092424345398e+17,47351910512466.89,2.5190522317488066e-17,570903.1418665443,-1.4156132047139423,-0.10699927921460048,1.8839477059925909,0.27951304442805225,0.9870593260926173,-0.26466762745350203,0.12899309540976148,-0.014845966667006723,1.0000000005892469,9.063167765330702e-11,0.9999999999999993,1.4522288726005964e-16,0.9999999994047147,-1.7949867660795197e-09,0.9999999999999868,4.125737034533094e-15,1.000000000000006,2.398785137062863e-15,0.9999999999999998,2.9842777280089044e-16,0.9999999999999991,3.527626339727706e-16
1.0301667875374796,1.5045343817222285e+17,45042053571321.086,2.719946077296112e-17,558521.942435489,-1.4173789585748118,-0.10453402774713273,1.883875186632907,0.2726988973197431,0.9873394159895104,-0.2582214695448497,0.12878552422101483,-0.014477991396670116,1.0000000005560052,1.0100005960454818e-10,1.0,-4.6368139582176155e-16,1.0000000008208414,3.886164661845199e-09,1.000000000000024,-1.2850428165176717e-14,1.0000000000000002,4.939956114559897e-16,1.000000000000002,-3.908828132485043e-16,0.9999999999999998,-3.5922224647397624e-16
1.0602543806158486,1.3948852241580923e+17,42829006582634.23,2.9374360467874476e-17,546321.1735658344,-1.4190645700658635,-0.10209706654001623,1.8837794516129414,0.26600959494757853,0.9876325375975247,-0.2518938223943922,0.12858813700598423,-0.014116350556669939,1.0000000005220517,1.1266991825659883e-10,1.0000000000000007,-3.0360781521793586e-16,0.9999999997369838,-1.0293535121540607e-09,1.0000000000000056,9.048132385530748e-15,1.0000000000000013,-1.2374331068209421e-15,0.999999999999999,2.6237421719660354e-15,1.0000000000000002,6.376249217511396e-16
1.0912207277641421,1.292546650189128e+17,40710248904357.01,3.174784815422266e-17,534299.3950196244,-1.4206727766130314,-0.09969031057679247,1.8836632255530996,0.25944520275779076,0.987936393853487,-0.24568463903626772,0.12840050620193438,-0.013761156569081452,1.0000000004913143,1.2345821334711942e-10,0.9999999999999997,-6.443535570571599e-17,0.999999999755973,-1.0634743612087853e-09,0.9999999999999978,7.184952574614087e-15,1.0000000000000002,1.8061094844497743e-16,0.9999999999999986,7.768122933534225e-17,1.000000000000001,4.533571624603942e-16
1.1230914943359627,1.1971133693114914e+17,38683171201675.695,3.432150904619409e-17,522455.41184746707,-1.4222063130960727,-0.09731547668650208,1.8835290705314436,0.2530056465423274,0.9882488400494526,-0.23959375368531272,0.12822221443779305,-0.013412501024533001,1.0000000004630605,1.3342583861425172e-10,0.9999999999999998,-2.5100626063968577e-16,0.999999999854336,1.394084054270406e-09,0.9999999999999969,-1.5257039364437212e-14,1.0000000000000007,4.59117431439435e-16,0.9999999999999999,2.047567293444326e-15,1.0000000000000002,0.0
1.1558930952807305,1.108191195504474e+17,36745093940258.7,3.711420111434331e-17,510788.2545782654,-1.423667900859435,-0.09497409247687669,1.8833793832459393,0.2466907102715692,0.9885678861160103,-0.2336208790130958,0.12805285508541148,-0.013070455235845522,1.0000000004353964,1.4344816077057024e-10,1.0000000000000004,-1.9087434083927567e-16,1.0000000005899117,2.409271580928278e-10,0.9999999999999992,3.5179905977428415e-15,0.9999999999999999,-2.1146669702172403e-16,0.9999999999999993,1.7058236076181614e-16,0.9999999999999998,7.952865939449581e-16
1.1896527170367732,1.0254012873171566e+17,34893286024875.688,4.015750917203946e-17,499297.17586182675,-1.425060237897263,-0.09266750553049055,1.8832163867055154,0.2405000366673332,0.988891703905448,-0.22776560619167904,0.1278920332806103,-0.012735070766800971,1.0000000004095984,1.539247959694427e-10,0.9999999999999989,-2.6371077032179245e-16,0.9999999994006283,-5.70744604305424e-10,0.9999999999999998,1.2553864303176572e-14,0.9999999999999998,1.9404506175651866e-16,1.0000000000000007,2.0009112843580864e-16,0.9999999999999998,-5.772438307287204e-17
1.224398340063837,9.483800732835803e+16,33124980656060.39,4.346540809694234e-17,487981.609086522,-1.4263859901512568,-0.09039689276446952,1.8830421375874924,0.23443314738708756,0.9892186192135157,-0.22202742266285047,0.12773936654867404,-0.012406381845573442,1.000000000385818,1.6327047909057979e-10,1.000000000000001,1.171010234938894e-16,1.0000000001562979,8.861489122445363e-10,0.9999999999999947,-5.191120100780403e-15,1.0000000000000013,-4.7728893465178635e-16,0.9999999999999982,3.8603707769409495e-17,0.9999999999999999,1.0685073090297066e-16
1.260158762033693,8.767747682715752e+16,31437390635124.08,4.705914535616628e-17,476841.1281300944,-1.42764778386913,-0.08816326985630238,1.8828585448071942,0.2284894439230359,0.989547094113843,-0.21640571162901678,0.12759448390007544,-0.01208440677768214,1.0000000003630616,1.7287109587488708e-10,0.999999999999999,-8.99902017449402e-16,1.00000000013374,9.129691533398822e-10,1.0000000000000036,-3.0913091526543673e-15,0.9999999999999994,9.552091848397044e-16,1.0000000000000018,-2.3858517130458132e-15,1.0000000000000009,4.519481335035357e-16
1.2969636216980622,8.102507472971707e+16,29827722006833.434,5.097520635261524e-17,465875.43780264555,-1.428848198958331,-0.0859675006539677,1.8826673610303544,0.2226682160760484,0.9898757342774315,-0.21089975961650806,0.12745702699702097,-0.011769148852335785,1.0000000003408704,1.8274905152325963e-10,1.0000000000000004,1.8894728857648483e-16,0.9999999998850326,-1.2759175640335192e-09,1.0000000000000004,-8.630041138816088e-17,0.9999999999999992,1.230069210032994e-16,1.000000000000001,-1.6492794583521994e-16,0.9999999999999996,-1.0756601447686153e-16
1.3348434234536388,7.48487593048694e+16,28293186652112.05,5.523510158801596e-17,455084.3531444981,-1.4299897632806982,-0.08381030649764752,1.8824701871161298,0.21696864417313802,0.9902032844905287,-0.20550875777825245,0.12732665019067213,-0.011460597257514703,1.0000000003211684,1.917394439607946e-10,1.0000000000000004,7.708468448930229e-17,1.000000000612004,3.527593234862811e-10,0.9999999999999979,-1.2834846155458336e-15,1.000000000000001,-4.657184490548393e-16,1.0000000000000042,3.820793575032085e-15,1.0000000000000002,-1.1537323668955776e-16
1.3738295626245727,6.911802040646168e+16,26831013002772.688,5.986955138195203e-17,444467.7455022896,-1.4310749478142348,-0.08169227539311755,1.8822684951385413,0.2113898172061027,0.9905286063782376,-0.20023181751219898,0.1272030197825029,-0.011158729604052195,1.0000000003017864,2.0122822545093722e-10,0.9999999999999992,2.822196953029608e-16,1.0000000002749183,-4.869388678667464e-10,0.9999999999999981,-1.972918040270197e-15,1.0000000000000004,-3.086675521561406e-16,1.0000000000000038,-6.140584280221391e-15,0.9999999999999997,-2.811109009403866e-17
1.413954351483365,6.380393576809103e+16,25438456258140.977,6.491314865867541e-17,434025.5510539742,-1.4321061626194656,-0.07961387098233802,1.882063616299878,0.20593072526119346,0.9908506897266642,-0.19506796331157283,0.12708581478145822,-0.01086351150006797,1.0000000002839717,2.1073369413355116e-10,0.9999999999999992,1.4279237581950146e-17,0.9999999999977776,-1.8313837466058784e-10,0.9999999999999988,-6.36955689296024e-16,1.0000000000000002,-1.2455103241547253e-16,0.9999999999999988,6.677385233357685e-16,0.9999999999999999,-3.0717402747965033e-16
1.4552510460317445,5.887890790795643e+16,24112806944095.05,7.040214478487728e-17,423757.7312675002,-1.4330857535519357,-0.07757544127279416,1.8818567560958706,0.20059027668952412,0.9911686376424791,-0.19001614784228424,0.1269747265839828,-0.010574898646836613,1.0000000002673781,2.1983796798540556e-10,0.9999999999999991,7.644048006674774e-16,1.0000000003163634,7.374139375625533e-10,0.9999999999999934,-1.3303074843082855e-15,1.0000000000000018,-8.531164153287245e-16,0.9999999999999987,4.330261738039425e-16,1.0000000000000002,2.3008961897994573e-16
1.4977538735637193,5.4316900842135064e+16,22851398429067.53,7.637592220406199e-17,413664.24896749336,-1.4340159996461068,-0.07557722708332405,1.881649004430344,0.19536729907615147,0.991481656970018,-0.18507525215341517,0.1268694584411665,-0.010292837597955398,1.0000000002512142,2.2950230568651502e-10,0.9999999999999998,-3.29377972014456e-16,0.9999999996759684,1.2028156452244673e-10,1.0000000000000009,-9.072428103347799e-15,1.0000000000000027,3.2802931377399574e-15,0.9999999999999996,-9.360152521713807e-16,1.0,-2.68343395833662e-16
1.5414980610336502,5.0093396100536536e+16,21651613739254.992,8.287791600796336e-17,403745.06494513946,-1.434899111122057,-0.07361937018671601,1.8814413323235255,0.19026054351516292,0.9917890611233571,-0.1802440894089065,0.12676972591648134,-0.010017266299646402,1.000000000236314,2.3877981525805174e-10,0.9999999999999996,-1.6535422674974034e-17,0.9999999999762693,4.5351808729789254e-10,0.9999999999999997,1.0540223445377016e-15,0.9999999999999999,4.957167992344547e-16,1.0,6.673791883921556e-17,1.0,1.5997465633656076e-16
1.5865198642528573,4.618515689731808e+16,20510890930541.02,8.995547755305165e-17,394000.1020566158,-1.4357372279470333,-0.07170192112295441,1.8812346090803322,0.1852686951041372,0.99209025369793,-0.1755214138655781,0.12667525610884678,-0.009748115610968031,1.0000000002218326,2.4822528271258196e-10,1.0000000000000004,1.0012520348457732e-16,0.9999999999978554,-2.0543641327221026e-10,0.9999999999999981,2.5329151381400674e-15,1.000000000000001,-7.350897573594504e-16,1.0000000000000004,-8.001099474679428e-16,0.9999999999999999,-7.294493840302358e-17
1.632856597938957,4.257024921010249e+16,19426727942113.555,9.766022131134593e-17,384429.24086424836,-1.4365324188990485,-0.06982484666751908,1.8810296028908584,0.18039037265348146,0.9923847278631586,-0.17090592032308902,0.12658578765682613,-0.009485309560578234,1.0000000002082168,2.57880859126208e-10,1.0000000000000002,-1.2502561811604927e-16,0.999999999863845,-7.401868382952636e-10,0.9999999999999963,-1.0098223122573443e-15,0.9999999999999997,-6.714162868174306e-16,1.000000000000003,-1.7155452179063546e-15,1.0000000000000007,2.108166396537731e-17
1.6805466666428366,3.922820123885175e+16,18396686466248.586,1.0604841375824489e-16,375032.3024022473,-1.4372866810798826,-0.06798803694910938,1.8808269879224147,0.17562413769383506,0.9926720594654884,-0.1663962520933564,0.12650107054492163,-0.009228766385323559,1.0000000001957465,2.6731899238564365e-10,1.0,-2.651993302496718e-16,1.0000000001908265,-3.776638919469094e-10,1.0000000000000013,-4.21895435116048e-15,0.9999999999999998,-4.978193268347952e-16,0.9999999999999994,1.2058590008605918e-16,0.9999999999999994,5.076952639139155e-17
1.7296295965788975,3.613967719741862e+16,17418395020002.514,1.1518139442833772e-16,365809.030699224,-1.4380019398255932,-0.0661913122049258,1.8806273542232366,0.1709684993332138,0.992951897654077,-0.16199100507152023,0.12642086557449964,-0.008978399317458356,1.0000000001840896,2.768740027720037e-10,0.999999999999999,7.93383468872792e-16,1.0000000003193015,1.7876414724576294e-10,0.9999999999999983,1.8298979064680676e-16,1.0000000000000022,-5.852251367784716e-16,1.0000000000000002,-3.147612823223279e-16,1.0000000000000002,9.253216905476838e-16
1.7801460683849506,3.328659303318436e+16,16489551501826.58,1.2512603206507192e-16,356759.0871127568,-1.4386800489691574,-0.06443442917787841,1.8804312115776243,0.16642191765431766,0.9932239612037155,-0.15768873064342154,0.12634494418495348,-0.008734117073390594,1.0000000001732445,2.867084492636144e-10,0.9999999999999998,-4.81237960377044e-16,1.0000000002231058,9.31961647741277e-10,1.0000000000000009,-2.657696728758371e-15,0.9999999999999963,2.723347483700974e-16,1.000000000000004,5.229827208609896e-16,1.0000000000000004,-4.3234981829751564e-16
1.832137950838913,3.065201059542572e+16,15607924964228.008,1.3595523019710204e-16,347882.0376441424,-1.4393227914108913,-0.06271708715403887,1.8802389966796718,0.16198281188736124,0.9934880316458529,-0.15348794299249163,0.12627308815059238,-0.008495824720246277,1.0000000001618137,2.9705838530662665e-10,1.0000000000000004,1.079455719285136e-16,0.9999999998930486,-8.3665801387825e-10,1.0000000000000009,4.583542240631294e-15,0.9999999999999966,-3.3634140611946253e-15,1.0000000000000004,-7.296098920498038e-16,1.0000000000000002,-4.07029115864318e-16
1.8856483355602536,2.8220020786032628e+16,14771356940239.535,1.4774845610132323e-16,339177.3524489815,-1.4399318799553242,-0.06103893364062669,1.8800510745101409,0.1576495565054536,0.9937439521153308,-0.14938711531176233,0.12620508935223196,-0.008263423557793996,1.0000000001518021,3.0719376765726687e-10,1.0,-6.12820550861587e-17,0.9999999999009845,-8.620190946017137e-10,1.0000000000000062,-7.051788108265804e-15,0.999999999999996,-1.3344044291114497e-15,1.0000000000000007,1.065004986983465e-15,1.0000000000000004,3.338319382037855e-16
1.9407215727249458,2.5975837471267068e+16,13977762158466.156,5.80083152874657e-18,349553.00474283256,-1.4405089583801924,-0.05939956970463709,1.8715176599138341,0.08218703150606792,1.0028573165920973,-0.07909988285032733,0.1256250238415533,-0.0030871486688600503,1.000000000142123,3.1772425889679777e-10,0.9999999999999998,-1.0089265616336339e-17,0.9999999995832014,-1.3620188818804065e-09,0.9999999999999999,-1.930561151231216e-16,1.0000000000000002,7.219432379992887e-16,1.0000000000000007,4.555168198868918e-16,0.9999999999999999,-1.4280570674425689e-16
1.9974033078235316,2.3905613768454828e+16,13225128932047.43,6.307884527842585e-18,339822.9692640653,-1.4410556027003167,-0.057798554963799306,1.8717295449664337,0.07990177179978315,1.0026759159951595,-0.07689772303556486,0.12559453938497636,-0.003004048781545291,1.0000000001338847,3.2803750087317854e-10,0.9999999999999991,5.727460941044681e-17,0.999999999751728,-9.521665902234597e-11,0.9999999999999939,1.6157190654729863e-15,1.0000000000000007,-2.6862515350620473e-16,1.0000000000000002,-6.205018074910316e-17,1.0000000000000007,1.3843552175650264e-16
2.0557405194927596,2.1996458432435736e+16,12511519064819.309,6.86190011743344e-18,330355.1781506419,-1.441573322596824,-0.056235412252768395,1.8719298101460489,0.07767742111760982,1.0025045337628142,-0.07475457976610375,0.12556565643821554,-0.002922841373507074,1.0000000001247351,3.389617261888609e-10,0.9999999999999998,-2.4744058927926663e-16,0.9999999995986527,-1.4540634810526746e-09,0.999999999999999,-1.1040806782869492e-15,1.0000000000000038,1.3010439405959343e-15,0.9999999999999994,-1.4215051883860538e-16,1.0000000000000002,-2.9534597977350575e-16
2.115781558452155,2.023634290940813e+16,11835067463168.178,7.463869895636767e-18,321143.28175295977,-1.442063562983524,-0.0547096319681642,1.872119080063624,0.07551256234663128,1.0023426240399527,-0.07266905667298248,0.1255382962426224,-0.002843505699730429,1.0000000001174505,3.495496466095378e-10,1.0000000000000004,2.0026660717499527e-16,0.9999999999981595,-2.739400785004412e-10,1.0000000000000058,6.671461648649619e-16,1.0,1.813657687465398e-15,1.0,-6.363341368943186e-17,0.9999999999999999,-1.7441019708660111e-16
2.1775761875777904,1.861407827922373e+16,11193981403492.87,8.119393732510967e-18,312181.03112147364,-1.4425277056847072,-0.05322067611236764,1.872297947139717,0.07340579412736203,1.0021896698656005,-0.07063977507618764,0.1255123833402127,-0.0027660190815945685,1.0000000001103968,3.606039792851608e-10,1.0,5.944145077034014e-16,1.0000000000516964,4.346146846570678e-10,1.000000000000003,-1.4022306641200219e-15,0.9999999999999999,-4.542376736257847e-16,0.9999999999999997,2.2281114161254924e-16,1.0,3.234823121231796e-16
2.241175623146473,1.711926235584301e+16,10586539590150.916,8.833688711134589e-18,303462.28247638256,-1.4429670712014442,-0.05176798204201742,1.8724669731106185,0.07135573224471374,1.0020451817372773,-0.06866537514986032,0.12548784549742836,-0.002690357129678704,1.00000000010331,3.7199811474875975e-10,1.0,1.3585785445221762e-16,1.000000000185385,3.6481316760244684e-10,1.0000000000000002,-2.8087545830580364e-15,1.0000000000000007,4.336571098146989e-16,1.0,6.765499019303748e-16,0.9999999999999997,2.1203436468727574e-16
2.3066325772845304,1.5742212540341182e+16,10011090945973.502,9.61235807949629e-18,294980.99794000987,-1.4433829205458473,-0.050350965937665866,1.8726266904792195,0.06936101085036038,1.001908696241389,-0.06674451693812349,0.12546461362379557,-0.0026164939512915955,1.0000000000973148,3.8339034627973463e-10,1.0000000000000002,-1.8360681288268655e-16,1.000000000380599,1.4333643518786035e-09,0.9999999999999979,-3.1280707980337887e-16,0.9999999999999993,1.0583903246605238e-16,1.0000000000000004,4.645602188477696e-16,1.0000000000000007,1.476906913774911e-16
2.37400130165638,1.4473960849165102e+16,9466053233514.508,1.0459053681192943e-17,286731.2468892019,-1.4437764571248088,-0.048969026008467836,1.8727776039133406,0.06742028353073647,1.0017797747454817,-0.06487588123158883,0.12544262168641243,-0.0025444023431623742,1.000000000089944,3.9579604012494026e-10,0.9999999999999999,-1.9331944996094863e-16,0.9999999999983415,-3.0738094671560526e-10,1.0000000000000007,5.180853883562052e-16,0.999999999999998,-1.577888511565178e-15,1.0000000000000007,-1.241692554261392e-16,0.9999999999999999,-2.2352265296100287e-16
2.443337632429087,1.330615741090806e+16,8949911533232.143,1.1380886680367192e-17,278707.208853668,-1.4441488286575819,-0.04762154544603186,1.872920191592187,0.06553222422926556,1.0016580021339245,-0.06305817030878437,0.12542180661888486,-0.00247405396902616,1.000000000083989,4.07985400383849e-10,1.0000000000000007,2.7171720081533184e-16,0.9999999999984062,-3.162766240459045e-10,1.0,2.4909192628298584e-16,1.000000000000001,-3.3788158984376934e-16,0.9999999999999986,-3.432403331429527e-16,0.9999999999999998,-9.072317677845515e-17
2.5146990365501813,1.2231075933070996e+16,8461216550460.164,1.2377936752675716e-17,270903.172422293,-1.4445011291124636,-0.046307895140546076,1.873054906499083,0.06369552803805345,1.0015429856156695,-0.061290108566331554,0.12540210822978504,-0.0024054195246936893,1.0000000000785894,4.203977558836279e-10,0.9999999999999996,9.088509223178817e-17,1.0000000001649607,4.408690759510032e-12,1.0000000000000018,1.6023221165194534e-15,0.9999999999999981,-2.112197557572235e-16,1.0000000000000018,-1.0943732669340935e-15,1.0000000000000004,1.3149183573181868e-16
2.5881446593770923,1.1241554946453952e+16,7998582867479.46,1.3478632791847286e-17,263313.53715954034,-1.4448344006498601,-0.045027436169775545,1.8731821776625435,0.06190891186281422,1.0014343535743735,-0.05957044303146944,0.12538346910759063,-0.002338468889084917,1.0000000000730547,4.3341702423543786e-10,1.0000000000000004,1.213303328256435e-16,0.9999999999985614,-3.3505273302805434e-10,1.0000000000000007,7.550069941419132e-16,0.9999999999999984,-3.287749082869307e-15,1.0,1.1219323207046378e-15,0.9999999999999997,-2.2071007038320817e-16
2.6637353736976688,1.0330950913616638e+16,7560687083582.012,1.4660062551319967e-17,255932.81431774655,-1.4451496355615738,-0.043779522081084855,1.8733024113462131,0.060171114980742235,1.0013317544730416,-0.057897943779432685,0.12536583452472144,-0.002273171263590636,1.000000000068324,4.4645955982645206e-10,0.9999999999999996,1.0251145664444433e-15,1.0000000000772846,5.0418828509601154e-11,1.0000000000000013,-6.855310209618453e-15,1.0000000000000027,-2.849994538605459e-16,1.000000000000002,2.0168562033332388e-15,0.9999999999999993,-4.317465056992324e-17
2.741533830182422,9493123377231864.0,7146265897476.826,1.596143387490199e-17,248755.6262145914,-1.4454477781959483,-0.04256350097376621,1.8734159921883873,0.05848089949334444,1.0012348558133186,-0.0562714042601974,0.1253491523416604,-0.0022094953000822088,1.000000000063934,4.599243853041652e-10,1.0000000000000009,-6.09034928673076e-18,1.0000000000590892,5.020239231234115e-10,0.9999999999999983,4.3214038175410557e-16,1.0,1.4781687509884446e-15,1.0000000000000002,1.7030663114244534e-16,1.0000000000000007,-5.2283584256704413e-17
2.8216045093103004,8722381842997925.0,6754114158858.023,1.737414751846806e-17,241776.70705420335,-1.445729726861515,-0.04137871739559157,1.8735232842920768,0.05683705068511844,1.0011433431402366,-0.0546896415389402,0.12533337291052093,-0.0021474092176222257,1.0000000000597293,4.735684800473735e-10,0.9999999999999998,1.2463256902632205e-17,1.000000000312571,8.53145223794785e-10,0.9999999999999999,-8.332672212976972e-16,1.0000000000000002,-1.7460075190992211e-16,1.0000000000000007,6.315102167211104e-16,0.9999999999999994,-3.254526070356261e-16
2.9040137748110393,8013470433467261.0,6383082881314.691,1.8908866954371363e-17,234990.90201746867,-1.4459963357018601,-0.0402245140675658,1.8736246322674237,0.055238377297438974,1.001056919096501,-0.05315149646459074,0.1253184489795304,-0.0020868809095452344,1.000000000054596,4.882498637110507e-10,0.9999999999999998,5.6728706037860665e-18,0.9999999999010111,-3.3408043065962975e-10,0.9999999999999986,1.9919653658217343e-15,1.0000000000000013,-2.0621323360343261e-16,1.0,4.577941375977546e-16,0.9999999999999999,-5.061774885534702e-17
2.988829928668372,7361527513484033.0,6032077252725.222,2.0565571898025734e-17,228393.16819169655,-1.4462484165356955,-0.039100233441942356,1.8737203622253058,0.05368371172143967,1.000975302519644,-0.051655833762737115,0.12530433559792387,-0.0020278780400673265,1.0000000000508993,5.026493198363152e-10,1.0000000000000009,-1.884919432271334e-16,1.0000000000659193,5.929485799423014e-11,0.9999999999999978,4.807483277933102e-15,1.000000000000001,-8.489728260225455e-16,0.9999999999999992,-2.914149653779282e-16,0.9999999999999993,1.3522336628732614e-17
3.0761232677296966,6762058210994572.0,5700054628220.681,2.238261067503712e-17,221978.57238935307,-1.4464867406581483,-0.03800521911861583,1.8738107827297834,0.052171910125653885,1.0008982275894545,-0.050201542078366565,0.1252909900233429,-0.0019703681335730434,1.0000000000471194,5.176748897362932e-10,0.9999999999999979,9.865634249865767e-16,1.0000000000628833,6.15545412140434e-11,1.0000000000000073,1.3542085492096083e-15,1.0000000000000027,1.0142202886950518e-15,0.999999999999997,-2.1908726966081647e-15,1.0000000000000007,-1.9386328432962996e-16
3.1659661419691134,6210915261674110.0,5386022551042.589,2.435344060655545e-17,215742.2917011049,-1.4467120405982357,-0.03693881711314791,1.8738961857020515,0.050701852513865636,1.0008254430102768,-0.04878753395098459,0.1252783716295409,-0.0019143186540464267,1.000000000043954,5.329930998255534e-10,0.9999999999999996,1.632088026723692e-17,1.0000000001203118,5.374293240685453e-10,1.0000000000000087,4.450309602402669e-15,1.000000000000002,-6.44012550850575e-17,0.9999999999999966,-4.0079816467008324e-16,1.0000000000000002,2.7826950188511204e-16
3.2584330144521236,5704267543428031.0,5089036775792.035,2.649338757668353e-17,209679.61190216863,-1.4469250118298511,-0.035900376998437414,1.8739768472852874,0.04927244272693163,1.000756711240038,-0.04741274574565665,0.1252664418170808,-0.001859697077705178,1.0000000000397236,5.490487933635192e-10,0.9999999999999998,3.419106586267179e-17,0.9999999999990381,-4.219509509408037e-10,1.0000000000000047,3.735455177631234e-15,1.0000000000000004,-5.108736041081157e-16,0.9999999999999997,0.0,0.9999999999999992,2.589065421316755e-16
3.353600523051688,5238578114182257.0,4808199335844.841,2.875175927479559e-17,203785.92724429435,-1.4471263144342572,-0.034889252927674745,1.8740530286649626,0.0478826083948237,1.000691807751887,-0.04607613753821275,0.1252551639250105,-0.0018064709581630321,1.0000000000367415,5.65301334651628e-10,1.0,-4.489605317790079e-16,0.9999999999686191,-1.6175310770776404e-10,0.9999999999999972,2.1601831131173548e-14,0.9999999999999993,-2.9146524900316133e-15,0.9999999999999996,2.479872357056773e-15,1.0000000000000004,3.006707788444835e-16
3.451547543966797,4810585622984400.0,4542656621996.6045,3.133105927979905e-17,198056.7385900905,-1.4473165747109498,-0.03390480454114408,1.8741249768544694,0.046531300835887655,1.0006305203408503,-0.044776692957657946,0.12524450314625002,-0.0017546079849338745,1.0000000000336644,5.819670979627201e-10,0.9999999999999989,1.8391445192020575e-16,1.000000000024445,-1.8809851137809214e-10,0.9999999999999978,2.292324284862793e-15,0.9999999999999983,4.343140017766832e-16,0.9999999999999993,7.805027575713176e-16,0.9999999999999999,2.327132825856194e-17
3.5523552570962003,4417280371050345.5,4291597518578.545,3.410668629601364e-17,192487.6526436803,-1.4474963867370434,-0.03294639777375567,1.8741929254381866,0.045217494917985074,1.0005726484591906,-0.0435134189943064,0.1252344264440966,-0.0017040760357847073,1.0000000000305393,5.992816928118573e-10,0.9999999999999993,1.168811384528065e-16,0.9999999999381888,-4.3877234044967555e-10,0.9999999999999946,-5.7748720267912155e-15,1.0000000000000009,1.7153874111589608e-15,0.9999999999999933,6.6614048390424866e-15,1.0000000000000002,-3.3260601327329846e-17
3.65610721332147,4055888214515855.5,4054251571355.8135,3.7045723961520774e-17,187074.38063939495,-1.4476663138731176,-0.03201340556881581,1.8742570952808724,0.04394018888327976,1.0005180025891671,-0.04228534577741302,0.1252249024719404,-0.0016548432235031906,1.000000000026946,6.171042747144857e-10,0.9999999999999993,4.255040498531263e-16,0.9999999998723443,-1.275468095264503e-09,1.0000000000000018,-1.2797522586748436e-16,0.9999999999999998,-1.4890166027160369e-16,0.9999999999999994,-5.316380072763623e-17,0.9999999999999998,8.039104000833992e-17
3.7628894037551754,3723851765632575.5,3829887206259.7036,4.02459724369367e-17,181812.73699354744,-1.4478268902156195,-0.031105208501590643,1.8743176951988874,0.04269840413665795,1.0004664036460684,-0.041091526322109724,0.12521590149502967,-0.0016068779372270649,1.0000000000259885,6.34876459936544e-10,1.0000000000000004,-7.110620701570212e-16,1.000000000123425,3.39044385345151e-10,0.9999999999999979,-2.767442142903983e-15,0.9999999999999997,3.516803035854924e-15,1.0000000000000013,-1.0650477263672476e-15,0.9999999999999997,3.85607928779991e-17
3.8727903310115526,3418814499117589.5,3617809995429.335,4.3708074607391305e-17,176698.63749697636,-1.4479786219955955,-0.03022119532167452,1.874374922605674,0.04149118500210433,1.0004176824177335,-0.03993103625134505,0.12520739531617847,-0.0015601488789977267,1.0000000000235434,6.535483344399903e-10,0.9999999999999997,3.5332134247904805e-16,1.0000000001196123,3.4991266121270757e-10,0.9999999999999998,-2.4486925153586165e-15,0.9999999999999992,4.700633412851877e-16,1.0000000000000002,6.355996361007875e-17,1.0000000000000004,0.0
3.9859010825587413,3138604893395579.0,3417360974977.7056,4.7537757505653404e-17,171728.09820742748,-1.4481219889241537,-0.02936076342653773,1.8744289641136942,0.040317598460674814,1.0003716790246326,-0.038802973499080594,0.12519935720210257,-0.0015146250958277424,1.0000000000199596,6.730703476919921e-10,1.0000000000000013,-4.1879766303956587e-16,0.9999999999148668,-7.947158177889658e-10,1.0000000000000053,3.969225732709014e-15,0.9999999999999996,4.881174965171885e-15,1.0000000000000018,1.1149281935081176e-15,1.0000000000000007,-5.583350068758458e-16
4.10231540621339,2881223622687715.5,3227915018667.397,5.1587831769715116e-17,166897.2338989713,-1.4482574454845896,-0.02852331926226852,1.874479996111801,0.03917673385896486,1.0003282424139137,-0.03770645799122552,0.12519176181371325,-0.0014702760074955508,1.0000000000183256,6.925980803740434e-10,0.9999999999999996,-9.496309472464012e-16,1.000000000085131,-2.442276326531456e-10,1.0000000000000004,-3.0729125728277922e-15,1.000000000000002,4.668424097246225e-15,0.9999999999999981,-1.0191345771707638e-15,1.0000000000000004,-5.698351153202363e-17
4.222129787840192,2644828594918916.5,3048879263785.18,5.576604401141514e-17,162202.25606562238,-1.4483854221726062,-0.02770827866659957,1.8745281853176237,0.03806770259976122,1.000287229881204,-0.0366406313142506,0.12518458513944056,-0.0014270714310476058,1.0000000000169353,7.128192110155268e-10,1.0000000000000007,7.955477590149848e-17,1.0000000001073248,3.836089643704448e-10,1.0000000000000042,5.1122181651001565e-15,1.0,4.0520956144908577e-16,1.0000000000000002,-7.358200193338885e-17,1.0000000000000009,0.0
4.3454435313207584,2427724898044132.0,2879691589398.828,6.062954759978851e-17,157639.47148762524,-1.4485063266848393,-0.026915067151435778,1.8745736892946077,0.0369896378151281,1.0002485066141036,-0.03560465636565937,0.12517780443024512,-0.0013849816011659913,1.0000000000137772,7.338723692686995e-10,0.9999999999999994,-8.140473503391323e-16,1.0000000000385016,-5.732336236906674e-10,0.9999999999999967,4.740641211506356e-15,1.0000000000000082,-8.17580466567252e-15,0.9999999999999997,-2.2428436488311374e-15,1.0,-5.25843200974044e-17
4.472358840858102,2228351799974768.2,2719819156267.8765,6.54055049936947e-17,153205.2806617282,-1.4486205450570822,-0.02614312013733877,1.8746166569412304,0.0359416940266437,1.0002119452597493,-0.03459771699662372,0.1251713981371239,-0.0013439771877842908,1.0000000000122293,7.553354737201544e-10,1.0,-7.949766737216403e-16,1.0000000000464666,-2.537996773999259e-10,1.0000000000000013,-1.4313097651566473e-17,1.0000000000000098,7.185015770864281e-15,0.9999999999999976,1.130626903463726e-16,1.0000000000000024,-2.2863885901409433e-15
4.602980905684948,2045273220516697.5,2568756995643.4565,7.098446631025379e-17,148896.17579525177,-1.4487284427529517,-0.025391883139501695,1.874657228965444,0.03492304679037257,1.0001774255200193,-0.0336190176435828,0.125165345852602,-0.0013040293108233067,1.000000000009933,7.774802004426566e-10,1.000000000000001,5.665232949734513e-17,1.0000000000417757,-6.068739212944615e-10,0.9999999999999962,3.1199530114847332e-15,0.9999999999999993,-2.1144427740856075e-16,1.0000000000000002,-7.178260902176395e-17,1.0,-2.379779229567783e-16
4.7374179872460855,1877167727487206.2,2426026657500.3076,7.608758012033338e-17,144708.7392813014,-1.4488303657054438,-0.02466081190998451,1.8746955383222355,0.03393289233275598,1.0001448337629923,-0.03266778295133457,0.12515962825303345,-0.0012651095519799853,1.000000000007457,8.003934754798282e-10,0.9999999999999994,-4.81184354852547e-16,0.9999999999567116,-1.137311166327499e-09,0.9999999999999969,-2.0414350075611557e-15,1.0000000000000004,-3.6428319654659636e-16,1.000000000000001,2.3911823508714924e-15,1.0000000000000007,0.0
4.875781508927006,1722819779767349.2,2291174909830.8774,8.186290796593668e-17,140639.64190612565,-1.4489266413106847,-0.023949372545187496,1.8747317106342727,0.032970447180721334,1.0001140626578104,-0.031743257393078844,0.12515422704426307,-0.0012271899644673867,1.0000000000071403,8.235710947513865e-10,1.0000000000000009,2.822815878588969e-17,1.0000000000429439,-9.269267651772747e-11,0.9999999999999973,-6.560190862447715e-15,1.0000000000000009,-1.3510494811465733e-15,1.0000000000000002,1.4073022102108455e-16,0.9999999999999994,-1.54515603547534e-16
5.018186148403208,1581111284592460.0,2163772492372.871,8.722856503630064e-17,136685.64089180666,-1.4490175793772089,-0.02325704155025291,1.8747658645947807,0.03203494777648373,1.0000850108308432,-0.030844704879856334,0.12514912491013075,-0.0011902430801305442,1.000000000005537,8.476668679231056e-10,1.0000000000000022,2.3477426875088807e-15,0.9999999999963851,-8.454537985123403e-11,0.9999999999999971,-1.0346688486370171e-14,0.9999999999999978,-3.00996217915254e-15,0.9999999999999984,3.5442711698474115e-15,1.0000000000000004,-5.816576033178683e-17
5.164749932686703,1451013974856913.2,2043412923767.795,9.471962674921437e-17,132843.5783983378,-1.4491034730314496,-0.02258330588246605,1.874798112337747,0.0311256500996384,1.000057582535832,-0.029971408374805702,0.12514430546188215,-0.001154241915066538,1.0000000000036804,8.724016224387538e-10,1.000000000000001,-1.9090956087598087e-15,1.0000000000414013,-2.9126824888108977e-10,0.9999999999999957,-1.4816891892213603e-15,1.0000000000000022,4.488955194443013e-16,0.999999999999999,7.202822352974084e-16,0.9999999999999998,1.514544167025625e-16
5.315594335948497,1331582341171485.0,1929711358483.7534,1.0058190769812969e-16,129110.37953069803,-1.4491845995801818,-0.02192766295796825,1.8748285597989973,0.03024182927537662,1.0000316873458017,-0.029122669499617025,0.1251397531911878,-0.0011191599730537623,1.0000000000010254,8.97992680070394e-10,0.9999999999999979,1.5128139808456416e-15,0.9999999999899533,-1.0837864611252595e-09,0.999999999999998,4.435242881400383e-15,1.0000000000000013,4.451937825071681e-16,1.0,-7.703489164597007e-16,0.9999999999999994,1.086676832793534e-16
5.470844380198136,1221947062245414.8,1822303495001.9868,1.0595204400513066e-16,125483.05075064323,-1.4492612213330318,-0.02128962063345105,1.8748573070502998,0.02938277918278582,1.000007239859708,-0.028297808139795332,0.1251354534244792,-0.0010849712472821196,1.000000000000417,9.24130707186737e-10,1.000000000000001,1.0769838724119155e-16,0.9999999999964062,-5.030577733388224e-10,1.0000000000000016,-9.787793803928853e-16,0.9999999999999994,3.9885390695792225e-16,1.0000000000000013,-9.50465425650098e-16,0.9999999999999997,8.465957529263315e-17
5.630628738903734,1121309023786265.6,1720844531085.3276,1.1504686450552023e-16,121958.67792253608,-1.4493335863850447,-0.020668697169513278,1.8748844486272622,0.02854781206425973,0.9999841594267712,-0.027496162054729576,0.1251313922804313,-0.0010516502210924704,0.9999999999983452,9.511345097372064e-10,1.0000000000000009,2.5783430986227825e-16,0.9999999999838012,-9.37892574862916e-10,0.9999999999999933,-4.100391014195094e-16,0.9999999999999992,0.0,1.0000000000000004,1.139002043059546e-15,0.9999999999999992,2.1171348977178486e-16
5.795079843638406,1028933705879479.2,1625008167728.4304,1.2431402977211944e-16,118534.42469971173,-1.449401929361926,-0.02006442116788117,1.874910073822254,0.027736258131686925,0.9999623698829768,-0.02671708648372994,0.12512755662792358,-0.0010191718667538945,0.9999999999975693,9.787119138635115e-10,0.9999999999999979,3.990894821173053e-16,1.0000000000461564,-5.44122432763373e-10,1.0000000000000069,-4.762012298550185e-15,1.000000000000005,1.0345401911185398e-14,0.9999999999999869,-9.74318944771503e-16,0.9999999999999998,-1.2356721393967031e-17
5.964333993841445,944146041351356.2,1534485658139.8806,1.2873652557540957e-16,115207.53067493763,-1.449466472127952,-0.01947633149436262,1.8749342669791553,0.0269474651747363,0.9999417993045634,-0.025959953757376756,0.12512393404757788,-0.0009875116436428729,0.9999999999973355,1.0071719466299483e-09,0.9999999999999996,1.1028935427246587e-16,1.0000000000678622,1.0014027580897924e-10,0.9999999999999991,3.3852320112901887e-15,1.0000000000000013,-3.9099059216010484e-16,0.9999999999999996,7.617177201770673e-16,0.9999999999999987,5.040138176569774e-16
6.138531469785267,866325668699597.4,1448984901005.867,1.3548136546197047e-16,111975.30969624328,-1.4495274244605447,-0.018903977182479246,1.8749571077626175,0.02618079816958933,0.9999223797742826,-0.025224152908906266,0.12512051279436198,-0.0009566454947582027,0.9999999999952739,1.0365849590975252e-09,0.9999999999999994,-9.621131725683365e-17,1.000000000034012,-3.453657937627509e-10,0.9999999999999983,-4.375694158053427e-16,1.0000000000000009,4.582099838133447e-16,0.9999999999999993,-1.3010779460582362e-15,1.0000000000000002,3.6189529445537806e-16
6.317816648841713,794902578172133.1,1368229577192.4478,1.4626647870132822e-16,108835.14821483204,-1.449584984689583,-0.018346917322921406,1.8749786714105374,0.025435638889826726,0.9999040471586887,-0.024509089289120583,0.12511728176157694,-0.0009265498426531451,0.9999999999936214,1.066720689261212e-09,0.9999999999999974,9.98766831803279e-16,1.0000000000455047,-5.936736626264276e-10,0.9999999999999987,2.1974088264012597e-15,1.0000000000000002,-1.3809964134802209e-16,0.9999999999999994,-3.366645896132353e-16,0.9999999999999993,-9.512068312352277e-17
6.5023381251440915,729353053119321.5,1291958325974.9075,1.5088423732864213e-16,105784.5034574546,-1.4496393403065717,-0.017804720941970522,1.8749990289814085,0.024711385520622603,0.9998867409003694,-0.023814184186153494,0.12511423044776093,-0.0008972015844453735,0.9999999999927548,1.0977366720248031e-09,0.9999999999999979,-4.680315751055177e-18,1.0000000000604299,-3.7090943395169884e-10,1.000000000000001,-1.7813485950019997e-15,0.9999999999999992,-3.348651326082655e-16,1.0000000000000004,5.507231172270676e-16,0.9999999999999992,-1.295117759104285e-16
6.692248832744129,669195950321365.2,1219923962823.31,1.538787572554987e-16,102820.90184185101,-1.4496906685416988,-0.01727696686801937,1.8750182475844421,0.024007452276822806,0.9998704038197175,-0.023138874449090664,0.12511134892441264,-0.0008685780860327776,0.9999999999915595,1.1297251461942796e-09,1.0000000000000007,-2.7998470133190433e-16,1.0000000000308358,-3.7693952632395215e-10,1.0000000000000009,3.1940643564266545e-16,0.9999999999999987,-7.438520727912579e-16,0.9999999999999988,-1.4954769543231452e-16,1.0000000000000004,-1.0618514371397571e-16
6.887706172365913,613989318994120.5,1151892733680.9043,1.6616041938480936e-16,99941.93729621878,-1.4497391369119903,-0.016763243584990175,1.8750363905945155,0.023323269021593103,0.9998549819284294,-0.022482612113027125,0.1251086278056484,-0.0008406571753758268,0.9999999999893485,1.1626525594567489e-09,0.9999999999999998,6.960883888869531e-16,1.0000000000217346,-8.92229197620897e-10,1.0000000000000078,-7.441878031174114e-16,0.9999999999999983,3.6784960801869653e-16,0.9999999999999996,9.956397009786666e-16,1.0000000000000004,-1.8825338304643484e-16
7.088872141861874,563327192168358.0,1087643607019.6652,1.6404464734074525e-16,97145.26964610464,-1.4497849037419996,-0.016263149084035294,1.875053517855932,0.022658280895489828,0.9998404242520528,-0.021844864035141312,0.1251060582188316,-0.0008134171357412659,0.9999999999888873,1.1963716292033582e-09,1.0000000000000002,4.972069217373374e-16,1.0000000000217855,-5.280122373365919e-10,0.9999999999999969,1.513285077423941e-14,1.00000000000002,-2.1317179129607815e-14,0.9999999999999853,8.557863434080973e-15,1.0,-2.9537053394862197e-16
7.295913470478931,516836714620629.9,1026967599764.7747,1.6835475653105728e-16,94428.62296347872,-1.449828118657475,-0.015776290699411177,1.8750696858832452,0.02201194794226832,0.9998266826645534,-0.021225111528645924,0.125103631777921,-0.0007868366977353124,0.9999999999877016,1.231006570134427e-09,0.9999999999999976,2.784861420043058e-15,1.0000000000195326,-5.438135740591225e-10,1.0000000000000013,8.768688347213328e-16,1.0000000000000002,-1.8945750563415693e-16,0.9999999999999991,-6.78595721334052e-16,0.9999999999999987,3.696121326804264e-17
7.509001757046095,474175447326778.56,969667137799.7821,1.8206954040079104e-16,91789.78402681097,-1.4498689230531028,-0.015302284944968674,1.875084948038861,0.021383744746589658,0.9998137117297228,-0.02062285000825376,0.125101340556791,-0.0007608950316103769,0.9999999999857088,1.2668812127299627e-09,0.9999999999999993,1.5970488195283888e-15,1.000000000024578,-9.772508158652918e-10,0.9999999999999972,-1.768746565824334e-14,0.9999999999999923,1.018077492991004e-14,1.0000000000000087,7.45945208877002e-15,0.9999999999999999,-1.9662369528936037e-15
7.728313612198036,435028934962399.3,915555448180.4506,1.7933180980442767e-16,89226.60076172082,-1.4499074505367062,-0.014840757342875767,1.8750993547064019,0.02077316007406823,0.999801468552275,-0.020037588638371247,0.12509917706462953,-0.0007355717382950335,0.9999999999853747,1.3037287412938565e-09,1.0000000000000013,-9.697250280163761e-16,1.0000000000362335,-5.804685584825722e-10,0.9999999999999976,5.399431541386504e-15,1.0000000000000038,-2.0327333255244556e-15,0.9999999999999977,-2.7015526175342894e-16,0.9999999999999999,2.1974207539910432e-16
7.954030804752523,399108416837558.0,864455981951.4619,1.8240457280558276e-16,86736.9806862021,-1.4499438273503067,-0.014391342247028295,1.8751129534615474,0.02017969651669035,0.9997899126377762,-0.01946884998797391,0.1250971342228736,-0.0007108468407776904,0.9999999999840118,1.3415472128405498e-09,1.000000000000002,-1.1749242867070112e-15,1.0000000000340659,-5.915842567142154e-10,0.9999999999999872,-1.7882707755626934e-14,1.0000000000000135,-1.51558155054757e-14,0.9999999999999795,2.4405269567996206e-14,0.9999999999999993,-2.2513275407680382e-17
8.186340412363027,366148745737137.56,816201866592.818,1.8924188630134945e-16,84318.88944510098,-1.4499781727678709,-0.013953682663684025,1.875125789219629,0.019602870144421646,0.9997790057589034,-0.018916169690993995,0.1250952053423212,-0.0006867007750272359,0.9999999999828049,1.3802993485566574e-09,0.9999999999999997,9.54801199228731e-16,1.0000000000558333,-6.170443149464251e-10,0.9999999999999798,6.543254075930654e-15,1.0000000000000433,-1.2094785966228382e-14,0.9999999999999797,2.2730771504909152e-15,1.0000000000000018,4.218192328826086e-16
8.425434976571374,335906481153054.44,770635386253.2644,1.9590641100458164e-16,81970.34929740813,-1.450010599473849,-0.013527430069142733,1.8751379043868155,0.01904221016278598,0.9997687118306393,-0.01837909611397575,0.1250933841025701,-0.0006631143807474414,0.9999999999809954,1.4207385568775617e-09,0.9999999999999973,-2.373016845152884e-15,1.0000000000236735,-1.1002765246244738e-09,0.9999999999999987,-1.1610889527983145e-15,1.0000000000000002,1.0985980040876243e-16,0.9999999999999997,4.1299936687137816e-16,1.0,2.7748770057804297e-16
8.671512662388938,308158116201262.25,727607488988.8463,1.876786841732128e-16,79689.4377129028,-1.4500412139217183,-0.013112244226524138,1.8751493389952076,0.018497258577149057,0.9997589967922618,-0.017857190028036513,0.12509166453288548,-0.0006400688904497833,0.9999999999779333,1.4611467331098428e-09,1.0000000000000016,-5.0298881408572e-15,0.999999999963169,-1.4003801095650932e-09,0.9999999999999966,4.1966999000753557e-16,0.9999999999999997,-1.4179512547432986e-15,0.9999999999999997,1.895309039310425e-15,1.0000000000000009,-3.5169238139927054e-16
8.924777422538654,282698456702489.75,686977319227.5016,2.4486951670864253e-17,1690179.2357150163,-1.4500701166708012,-0.012707792997987029,1.8751615261615875,0.017967501017676076,0.12508996922842788,-0.0006175438067616535,0.9997485046351287,-0.017349957211583007,0.99999999997796,1.5039614855344955e-09,0.9999999999999992,1.2522088549056545e-15,1.0000000000183014,-1.1495187585752067e-09,1.0000000000000162,-2.97871261106869e-14,1.000000000000002,4.769235604614692e-14,0.9999999999999731,-2.1757042395724727e-14,1.0000000000000004,1.0239978943777622e-16
9.185439166493962,259339132779610.72,648611774633.9226,2.9026379660513924e-17,2157632.981306737,-1.4500974027086038,-0.012313752158134659,1.875171627541779,0.017452643754454055,0.12508844301608177,-0.0005955255049938862,0.9997399294698793,-0.016857118250556552,0.9999999999770232,1.5477356871792696e-09,1.0000000000000018,-4.727222079813216e-15,1.0000000000340312,-1.0196776344315353e-09,0.9999999999999911,4.438435488782637e-15,1.000000000000002,2.1352439788202365e-15,0.9999999999999987,-3.264459929782162e-15,1.0000000000000004,-5.313769765156503e-17
9.453713934454804,237907225411092.38,612385086198.945,3.439576718770249e-17,3747856.6399939256,-1.450123161754803,-0.011929805206931718,1.875181160993785,0.016952194325672094,0.12508700215261093,-0.0005739941079869627,0.9997318368848489,-0.016378200219025616,0.9999999999753135,1.5924550733548844e-09,1.0000000000000004,8.161026748337358e-17,1.0000000000135307,-1.2232972031983383e-09,0.9999999999999881,1.7067540975752114e-15,1.00000000000001,-1.5846929481724463e-15,1.0,-1.3290749302763939e-16,0.9999999999999994,-3.457742473861249e-16
9.729824076404837,218244006547669.78,578178420135.4259,4.078369213227148e-17,4347546.680514095,-1.4501474785480752,-0.011555643181101232,1.8751901579380759,0.016465742688591276,0.12508564192968588,-0.0005529323376734557,0.9997242001677062,-0.01591281035361032,0.9999999999732146,1.6397992699404586e-09,1.0000000000000029,-7.686040699067713e-15,1.0000000000182414,-1.090330394126998e-09,1.000000000000008,-2.987210131244428e-14,0.9999999999999755,7.265997535994467e-15,1.0000000000000322,-5.694014950665207e-15,1.0,-2.952472429757755e-16
10.013998436398301,200203781248913.25,545879500896.70886,4.82843545235172e-17,2489909.7344219843,-1.4501704331177123,-0.011190964465824522,1.875198647976469,0.015992890018395874,0.12508435783443325,-0.0005323232517934817,0.9997169942287085,-0.015460566769193376,0.9999999999716115,1.6864184258778245e-09,0.9999999999999969,-1.655851344852976e-15,1.0000000000229423,-1.2864562281163132e-09,0.9999999999999989,-1.1461290503459383e-15,1.0000000000000002,-9.603614714747167e-16,1.0000000000000002,1.3647008156814956e-16,0.9999999999999999,2.9606138134507147e-16
10.30647254222926,183652821923191.0,515382254035.0116,5.715265441925121e-17,2547571.5960139325,-1.450192101042326,-0.01083547460823208,1.875206659118512,0.015533248394609653,0.12508314567326878,-0.0005121502525926378,0.9997101952517945,-0.015021098144837939,0.9999999999708111,1.7345928947202058e-09,1.0000000000000007,-1.3564193517991128e-15,1.0000000000068272,-1.3399897544709951e-09,1.0000000000000104,3.3459892427285895e-14,1.0000000000000278,-2.8811670047508234e-14,0.9999999999999779,-1.3452664893416224e-14,1.0000000000000007,4.807915422077991e-17
10.60748880064042,168468390207600.34,486586467966.88916,1.1396891229022292e-19,5113472.925563568,-1.4502125536925803,-0.01048888613130954,1.8752141934522104,0.015086444089025769,0.1250819768977976,-0.0004923947098918271,0.9997038296517181,-0.014594049380308425,0.9999999999826097,1.3743709585572339e-09,0.9999999999999893,-1.1464726415372967e-14,1.0000000000217932,-1.281487012030886e-09,0.9999999999999476,-2.0598810500248988e-14,1.0000000000000409,2.46672335196336e-14,1.0000000000000004,-2.4427715392551912e-15,0.9999999999999998,-1.7146775277709914e-16
10.917296698233326,154537836466469.88,459397473726.95264,1.1388983957981042e-19,3314878.797075339,-1.4502318584611125,-0.01015091834673582,1.8752213232579031,0.014652103556846874,0.12508089553524723,-0.00047304483662266285,0.9996977812076943,-0.014179058718710785,0.9999999999823997,1.411786036309085e-09,1.0000000000000016,-9.786832082981566e-16,0.9999999999928945,-1.5094941884980743e-09,1.0000000000000007,-6.355163141125985e-16,0.9999999999999984,-5.111613524977387e-15,1.0000000000000004,5.7880818007158996e-15,1.0000000000000004,8.121176091180245e-17
11.236153008246442,141757776719175.12,433725841848.25757,1.1372663690141223e-19,2225573.550482367,-1.4502500789815507,-0.009821297172723573,1.8752280488561002,0.014229873033811126,0.12507987486634478,-0.0004540830510928855,0.9996920764985077,-0.013775789998132813,0.9999999997612343,1.4706650795601331e-09,1.0000000000114755,-1.454537256157245e-09,0.9999999999999996,3.0846925813691047e-16,0.9999999999999999,6.052713363706563e-17,0.9999999999999991,1.662290977291844e-16,1.0000000000000002,-2.0305027156472433e-16,1.0000000000000004,-9.543456058995876e-17
11.564322003372496,130033329690917.06,409487095397.05615,1.136027574235986e-19,5949225.592514265,-1.45026727533328,-0.009499754950687271,1.8752343928222923,0.013819405366425293,0.12507891115313532,-0.0004354939418773437,0.9996866960254404,-0.013383911424521605,0.9999999999800246,1.4970146360154774e-09,0.9999999999999999,1.1111613653845503e-16,1.0000000000050433,-1.7101422880519075e-09,1.0000000000000009,3.1335195793655784e-16,1.0,9.494809550215662e-17,1.0000000000000007,1.4888154019679546e-16,1.0000000000000002,0.0
11.902075674791496,119277424635337.61,386601438399.18195,1.1347349913345659e-19,7379066.020679312,-1.4502835042370013,-0.009186030263921152,1.87524037572496,0.0134203630162041,0.1250780016009688,-0.00041726243032575024,0.9996816226741257,-0.013003100585832475,0.9999999999795529,1.5407116854530848e-09,1.0,-4.407988388989103e-16,1.000000000020874,-1.442638139202123e-09,1.0000000000000009,-1.6062218614434266e-17,0.999999999999999,4.0852572781764746e-17,0.9999999999999989,0.0,1.0000000000000004,0.0
12.24969395760092,109410156465779.98,364993498874.51373,1.13338534103301e-19,4911195.053180905,-1.4502988192385704,-0.008879867759326187,1.8752460174474992,0.013032417639856454,0.12507714308798365,-0.00039937367714107836,0.9996768394639536,-0.012633043962679287,0.9999999999788092,1.5857245342692457e-09,1.0,3.0039792561386186e-16,1.0000000000331792,-1.2515908007515143e-09,1.0,-2.29754153645897e-16,1.0000000000000002,1.149170357553104e-16,1.0000000000000004,-8.245050847006322e-17,1.0000000000000007,4.856682945472779e-17
12.607464962829956,100358199930467.36,344592085718.07697,1.1319752108600138e-19,4052550.3778284416,-1.45031327088296,-0.008581017970220851,1.8752513366260608,0.012655249913314213,0.12507633278535712,-0.0003818131121157292,0.9996723305888745,-0.012273436801181585,0.9999999999765097,1.632052815697099e-09,0.9999999999999999,-9.58095009234298e-17,1.0000000000232023,-1.6320394525677917e-09,1.0000000000000007,-4.058556689293707e-16,1.0000000000000009,1.5191204200159143e-16,1.0000000000000009,-1.4603535563003523e-16,0.9999999999999998,3.6272724017371405e-17
12.97568521623006,92054269616562.22,325329958726.68744,1.1305008943890903e-19,6278301.660480907,-1.4503269068787148,-0.008289237140436976,1.875256350835669,0.012288549267066238,0.1250755680221531,-0.0003645664160611259,0.9996680811414721,-0.011923982850981476,0.9999999999759791,1.6797068817270232e-09,0.9999999999999996,-7.386013249885488e-17,1.0000000000294222,-1.3177925417520277e-09,0.9999999999999989,-1.546964438070986e-16,1.000000000000001,-3.833432070540156e-16,1.0000000000000002,-1.3151298514197588e-16,1.0000000000000004,1.3594440187471678e-17
13.35465990403976,84436622852467.39,307143610991.155,1.1289587641872268e-19,5097478.03536519,-1.45033977225342,-0.008004287053059226,1.8752610766478126,0.011932013645664088,0.1250748462766795,-0.0003476195108068974,0.9996640770750754,-0.011584394134841598,0.9999999999740874,1.7287743390979338e-09,0.9999999999999998,1.271074638093095e-16,1.0000000000327023,-1.485874352865724e-09,1.0000000000000002,-3.6718027104919085e-16,0.9999999999999993,-5.69910477684344e-16,1.0000000000000009,-4.8001617569447384e-17,0.9999999999999994,-4.640958399156564e-16
13.7447031259274,77448605209464.84,289973063189.95544,1.1273448883116878e-19,5313174.200208035,-1.4503519095004762,-0.0077259348581865195,1.875265529684515,0.011585349269475034,0.12507416516829897,-0.00033095854900437084,0.9996603051472499,-0.011254390720448572,0.9999999999718782,1.7792532267305562e-09,0.9999999999999999,3.8513149341590147e-17,0.9999999999360044,-1.764201311365685e-09,1.0000000000000002,1.5875367127254638e-16,0.9999999999999998,-6.840703675056566e-16,1.0000000000000007,9.305289829704255e-17,0.9999999999999999,1.4912976982140018e-16
14.146138155321458,71038231953768.92,273761668978.38458,1.125655584912252e-19,5877358.4627203755,-1.4503633587177287,-0.0074539529054382095,1.875269724669559,0.011248270404979914,0.12507352244972633,-0.0003145699041939722,0.9996567528811415,-0.010933700500776031,0.9999999999696983,1.8312284456850165e-09,0.9999999999999993,-2.538484745896309e-16,1.0000000000285112,-1.8955426933304873e-09,1.0000000000000007,-5.189273377180875e-17,0.9999999999999991,-4.1770671670335216e-17,1.0,2.658869659226218e-16,0.9999999999999984,2.915790841637784e-16
14.559297707344209,65157803834493.664,258455930985.01648,1.1238857420144604e-19,9303840.279872414,-1.4503741577385743,-0.007188118577816956,1.875273675476758,0.010920499139621252,0.1250729159997031,-0.0002984401608510278,0.9996534085239648,-0.010622058978760571,0.999999999967776,1.884710092747994e-09,0.9999999999999997,-7.900281788477277e-17,1.0000000000305533,-1.9509066815800013e-09,0.9999999999999999,1.1420295081659688e-16,0.9999999999999999,-1.8482061359842045e-16,0.9999999999999998,-3.317113593989988e-16,1.0000000000000004,2.9661417317171885e-16
14.984524214570802,59763555233588.766,244005326852.725,1.1220317463230752e-19,9863853.56454958,-1.45038434225558,-0.006928214127860097,1.8752773951754482,0.010601765162226107,0.12507234381611196,-0.00028255610449844467,0.9996502610082119,-0.010319209057741448,0.9999999999663937,1.939775325824958e-09,1.0,4.6535316637033587e-17,1.0000000001138647,-1.8005103097696446e-09,1.0000000000000002,1.4180116521706008e-16,1.000000000000001,6.615828408090286e-16,0.9999999999999997,1.9389194529720682e-16,1.0000000000000002,-2.7382626389770216e-16
15.422170110842304,54815329946357.94,230362144743.03482,1.12008883575037e-19,5929138.833891862,-1.450393945937364,-0.006674026516513707,1.8752808960734342,0.010291805549188975,0.12507180400944035,-0.0002669047119154299,0.99964729991663,-0.01002490083728211,0.999999999964503,1.996425808900279e-09,1.0,-3.3000811691464534e-16,1.000000000038994,-1.7860032225447931e-09,1.0000000000000007,1.8321764562941703e-16,0.9999999999999993,3.8400522090705123e-16,1.0000000000000002,2.1826312202195069e-16,1.0000000000000009,9.491968177420213e-17
15.872598123367922,50276284311501.38,217481327861.43158,1.1180524783704116e-19,10802052.056366976,-1.4504030005388415,-0.006425347254046862,1.875284189757437,0.009990364555685274,0.12507129479662923,-0.0002514731413790733,0.9996445154461203,-0.009738891414302155,0.9999999999615361,2.0547189196887976e-09,1.0,3.961606633170217e-16,0.9999999999292808,-2.0066932927547776e-09,1.0,2.025611245290614e-16,0.9999999999999994,0.0,1.0000000000000004,2.297743507939299e-16,0.9999999999999999,1.5780574134150308e-16
16.33618157335854,46112614356606.51,205320327466.70883,1.115917541787049e-19,10953687.918747215,-1.4504115360053067,-0.0061819722433822675,1.8752872871311972,0.009697193412179929,0.12507081449525198,-0.00023624872298546795,0.9996418983737264,-0.009460944689175185,0.9999999999591235,2.114710378357106e-09,0.9999999999999997,-5.790999039746419e-17,1.0000000000544444,-2.2532658737113344e-09,0.9999999999999993,3.1413473442270397e-16,0.9999999999999992,-7.002253887541779e-17,1.0,-2.2165371269304586e-16,0.9999999999999998,1.0750512447608079e-16
16.8133046854407,42293305754629.77,193838963941.6157,1.1136804389321076e-19,15711895.756645005,-1.4504195805707596,-0.005943701626202645,1.8752901984514474,0.00941205012657439,0.1250703615180053,-0.00022121894906430785,0.9996394400309859,-0.009190831177515294,0.999999999956295,2.176497580316079e-09,0.9999999999999992,-4.7808163489749276e-17,1.0000000000379046,-2.25260453476016e-09,1.0,-6.768460971616409e-17,1.0000000000000007,-2.64577373181528e-16,1.0,8.038980090905302e-17,0.9999999999999997,1.5163602994552744e-16
17.304362906107485,38789903760429.984,182999295493.73822,1.1113325703583825e-19,8828356.057075862,-1.4504271608504453,-0.005710339630771094,1.8752929333616801,0.009134699290672942,0.12506993436753785,-0.00020637146460674965,0.9996371322715214,-0.008928327826051395,0.9999999999532796,2.2400425957828617e-09,0.9999999999999991,-3.540499950977913e-17,0.9999999999121388,-2.440434793203629e-09,1.0000000000000007,4.070255163537875e-17,0.9999999999999999,-4.821399524148456e-17,1.0,4.3788972912801426e-16,0.9999999999999998,2.193929041883477e-16
17.809763231470278,35576302405131.51,172765494053.39862,1.1088689468181504e-19,5416308.175655527,-1.450434301928567,-0.005481694422506736,1.8752955003831837,0.008864911710441662,0.12506953216353794,-0.00019169385287668708,0.999634968386523,-0.008673217505178347,0.9999999990161056,1.9576684939598005e-09,1.0000000000171223,-1.4215121787045808e-09,1.0000000000000004,-1.9776683186714623e-16,1.0000000000000013,-1.0077182968076296e-15,1.0000000000000002,-5.702416206138204e-16,0.9999999999999998,1.0212714963137537e-16,0.9999999999999991,0.0
18.329924544582965,32628550871711.547,163103727997.64325,1.1062893133002354e-19,10384705.177351244,-1.4504410274405064,-0.005257577956358154,1.8752979096491145,0.008602465130248338,0.12506915197803165,-0.00017717465054775683,0.9996329383733202,-0.008425290479695414,0.9999999999476265,2.3728039763269577e-09,0.9999999999999993,1.4006211356186783e-16,1.0000000000491422,-2.455987744692764e-09,1.0000000000000004,-5.490446551827476e-17,1.0,-1.2764194294715359e-16,0.9999999999999996,3.778251801509732e-17,1.0000000000000004,-6.034698300495195e-16
18.86527796261825,29924675947540.137,153982051347.89316,1.103578620369257e-19,9738162.89383418,-1.4504473596507985,-0.005037805832727381,1.875300167524455,0.008347142239126137,0.1250687941512002,-0.0001628012892310372,0.9996310383241334,-0.008184340949913221,0.9999999999450766,2.4421337721854167e-09,1.0,-8.478104701890625e-17,0.9999999998620551,-2.3095255621410905e-09,1.0,7.619956160410387e-17,1.0000000000000004,2.238942532222185e-16,0.9999999999999999,-2.2397314370318006e-16,0.9999999999999994,-2.9269324628544474e-16
19.416267194183757,27444518868961.555,145370299038.06503,1.1007382269283425e-19,13770349.361729207,-1.4504533195264102,-0.004822197153595448,1.8753022820407002,0.008098732311559982,0.1250684569670534,-0.00014856213525974067,0.9996292609916408,-0.007950170176330616,0.9999999999420497,2.5134725860200103e-09,0.9999999999999992,-2.80636994789521e-16,1.0000000000610278,-2.3370132941457415e-09,0.9999999999999998,-4.637931284442822e-16,0.9999999999999996,-6.680578300160229e-17,1.0,-3.477229752028367e-16,0.9999999999999996,-5.1238104268183825e-17
19.98334890707409,25169585699465.746,137239987984.20285,1.097762023427039e-19,14388925.712639617,-1.4504589268057924,-0.0046105743822938295,1.875304260216622,0.007857030130424792,0.12506813930965208,-0.0001344454558676501,0.9996276004734588,-0.007722584674569272,0.9999999999380881,2.5868585866600875e-09,1.0000000000000004,5.3832830296568146e-17,1.0000000000647096,-2.496135023577e-09,0.9999999999999997,-5.309137409418391e-16,0.9999999999999993,0.0,0.9999999999999984,-1.2539067692233698e-16,0.9999999999999999,-3.4723875297631424e-16
20.56699310676369,23082910054485.715,129564223597.2499,1.0946356381789161e-19,12463834.512833081,-1.4504642000641095,-0.004402763205224584,1.8753061086224931,0.007621836003568213,0.12506784012739763,-0.00012043961492004982,0.9996260512506343,-0.007501396388635568,0.9999999999334584,2.66238755891343e-09,0.9999999999999994,2.206126102775647e-16,1.0000000000635723,-2.7557498156393778e-09,1.0000000000000002,4.522512272384408e-17,1.0,-1.4626741028445245e-16,0.9999999999999994,2.2571855019335455e-16,1.0000000000000004,1.9864885512445552e-16
21.1676835259541,21168927046635.496,122317611470.87288,1.0913600218503345e-19,6855531.215942723,-1.4504691567745844,-0.004198592395291973,1.8753078334020001,0.00739295560289075,0.1250675584295808,-0.00010653306372588732,0.9996246081680922,-0.007286422539190024,0.999999999930245,2.7401830423497143e-09,1.0000000000000004,1.6397159114406287e-16,1.0000000000709415,-2.643982137133506e-09,0.9999999999999999,-2.0169728024815942e-16,1.0,-7.607756043687369e-17,0.9999999999999989,1.4097252849463285e-16,0.9999999999999997,-4.3099091672108806e-17
21.785918025498603,19413357629203.945,115476173936.35658,1.0879257090710143e-19,16354012.479117826,-1.4504738133661519,-0.003997893676964671,1.875309440292727,0.0071701998073697626,0.12506729328311036,-9.271433187296706e-05,0.9996232664244953,-0.007077485475488756,0.9999999999252797,2.820176817350539e-09,1.0000000000000004,9.657208477573773e-17,1.0000000011207464,-2.014067633042597e-09,0.9999999999999998,-1.3790897438602176e-16,0.9999999999999997,0.0,1.0000000000000007,-1.0950179402265218e-16,0.9999999999999998,1.3912140389782363e-16
22.422209007036443,17803102564936.6,109017271243.14526,1.0843542230157216e-19,9925501.582488008,-1.4504781852778716,-0.0038005015945351064,1.875310934645512,0.006953384551115674,0.12506704380944325,-7.897201818638758e-05,0.9996220215441639,-0.006874412532974351,0.9999999999219309,2.902602550873709e-09,0.9999999999999997,1.5191491951306968e-16,0.9999999997738501,-2.6700532479058265e-09,1.0000000000000002,2.2210904682631907e-17,1.0000000000000007,2.5359410209082812e-17,0.9999999999999994,-2.0794237812846236e-16,1.0000000000000004,-7.031466085001798e-17
23.077083837678668,16326144928492.383,102919527096.35492,1.0805731861638904e-19,11758458.807852725,-1.450482287010244,-0.003606253381000632,1.8753123214424023,0.006742330674468158,0.1250668091816588,-6.529478163520032e-05,0.9996208693757728,-0.0066770358928407774,0.9999999999163861,2.987334707501843e-09,1.0,-1.5312299727119936e-17,1.0000000000864575,-2.9350253204668522e-09,0.9999999999999998,-8.118517264684812e-17,1.0000000000000002,-2.6361500463556756e-16,1.0,8.687855012909448e-17,0.9999999999999994,1.1470977707588341e-16
23.751085287097577,14971460862281.861,97162758318.80023,1.076600468467671e-19,10944219.748977218,-1.4504861321730953,-0.0034149888295206604,1.8753136053135466,0.006536863779615261,0.12506658862173836,-5.167133228536733e-05,0.9996198060650755,-0.00648519244731648,0.9999999999107411,3.0745641623249285e-09,1.0000000000000004,-1.7906215308187904e-16,0.9999999998877044,-3.096009926616225e-09,0.9999999999999987,8.000342986021212e-16,1.0000000000000004,7.697300497811033e-17,1.0000000000000004,1.5691333325007573e-16,0.9999999999999993,1.3020222480298238e-16
24.44477197738202,13728937539168.994,91727908410.03825,1.0724778848964101e-19,10565481.474329717,-1.4504897335309348,-0.003226550166300508,1.875314790552922,0.00633681408973483,0.12506638139798842,-3.809042229333427e-05,0.9996188280494614,-0.006298723667425877,0.9999999999053082,3.164358306821604e-09,0.9999999999999998,-8.189809870626019e-18,0.999999999861498,-3.433237652801588e-09,0.9999999999999996,3.162016365829412e-17,0.9999999999999996,-2.4769542306709174e-16,1.0,-9.331297532152295e-17,0.9999999999999988,4.8153266305673434e-17
25.158718846031412,12589297951068.9,86596984786.48175,1.0681234189921708e-19,8898618.900287418,-1.450493103045428,-0.003040781925499967,1.875315881133068,0.006142016312238214,0.1250661868225988,-2.4540836905797883e-05,0.9996179320447179,-0.006117475475314296,0.9999999998995528,3.2567767636770602e-09,1.00000000020017,-2.9989645008623775e-09,0.9999999999999997,-3.4887292052866705e-17,1.0000000000000004,9.073878164908074e-17,0.999999999999999,-3.5056570131904376e-17,0.9999999999999997,-2.126039733696137e-16,1.0000000000000007,9.653082464930994e-17
25.89351762247221,11544031888494.586,81752999507.0439,1.0637243868469405e-19,11203791.9805197,-1.450496251915295,-0.0028575308254576047,1.8753168807187661,0.005952309505247416,0.1250660042493648,-1.1011385457324418e-05,0.9996171150319437,-0.005941298119789663,0.9999999998937794,3.3519165118400584e-09,1.0000000000000002,0.0,0.9999999998928568,-3.0724266122490796e-09,0.9999999999999996,-6.888631020110191e-17,1.0000000000000007,1.6499089001178707e-16,1.0000000000000002,7.897624352575029e-17,1.0,1.7606518342181508e-16
26.64977731849175,10585332610075.662,77179913284.60461,1.0589143607312723e-19,12746990.182121543,-1.4504991906137956,-0.002676645646600503,1.8753177926798128,0.005767536947832063,0.1250658330715177,2.5091076141208404e-06,0.9996163742487395,-0.005770046055442708,0.9999999998873405,3.449807940354322e-09,0.9999999999999992,-3.3616264017235573e-17,1.0000000001135327,-3.4498502062561797e-09,1.0000000000000004,-8.808175720691091e-17,0.9999999999999997,0.0,0.9999999999999998,-1.0332807430838716e-16,0.9999999999999998,-1.66601466158425e-17
27.428124732995983,9706038729618.42,72862582606.6394,1.0538658401049757e-19,7203415.903829002,-1.4505019289237868,-0.0024979771111543745,1.8753186184023254,0.0055875451672180165,0.1250656743861599,1.6032718028710326e-05,0.9996157101427042,-0.005603576319565161,0.9999999969359155,2.0062530502766645e-09,1.000000000441883,-2.1037358175380574e-09,1.0000000000000007,-1.9694491022015067e-16,0.9999999999999993,1.5290779763896767e-16,0.9999999999999999,-3.505389050650967e-17,1.0000000000000007,4.104795214904701e-17,1.0000000000000002,1.2722618642899887e-16
28.229204971509407,8899580925038.107,68786709792.06943,1.0487399408014208e-19,11189039.435490841,-1.4505044759706198,-0.0023213777634351553,1.8753193658025322,0.005412188049104749,0.12506552266013662,2.9567899285707567e-05,0.999615111537394,-0.005441755948386251,0.9999999998732929,3.654266003327944e-09,1.0000000000000004,6.849669250552714e-17,0.9999999998219229,-3.1738964712082124e-09,0.9999999999999997,-1.5633666660603817e-16,1.0000000000000007,-5.1948877964276404e-17,0.9999999999999998,-2.257461046935977e-16,1.0000000000000009,3.210235577062862e-17
29.053681980847806,8159932998476.004,64938795830.52541,1.0434961795348889e-19,9917079.127829943,-1.450506840253107,-0.002146701853075362,1.8753200323314427,0.00524131825150433,0.12506538239264145,4.3128554419504106e-05,0.9996145852759762,-0.005284446805919089,0.9999999998656389,3.760992883998826e-09,1.0000000000000002,-5.903572964125353e-17,1.0000000001353302,-3.76103680025479e-09,0.9999999999999996,-8.733668458051664e-17,0.9999999999999998,-2.2655610837738896e-17,1.0,1.355774095249926e-16,1.0000000000000002,1.4950945945383362e-16
29.90223909940691,7481567024409.448,61306095827.187614,1.0378538436833309e-19,11026897.432291562,-1.4505090296721317,-0.001973805217601975,1.8753206219898302,0.005074795554977533,0.1250652514491432,5.672498227698011e-05,0.9996141265608661,-0.00513152053728346,0.9999999998577462,3.870873289151991e-09,0.9999999999999999,6.119413244073447e-17,1.0000000002563763,-3.8938732259873705e-09,0.9999999999999992,3.111086270347813e-16,1.0,0.0,0.9999999999999998,-1.7569739919035093e-16,0.9999999999999996,1.9373136821941383e-16
30.775579623523075,6859412168770.032,57876576941.56906,1.0323460085310403e-19,9301562.421565268,-1.4505110515578306,-0.0018025451680937295,1.8753211368342806,0.004912482516503094,0.12506512939197142,7.036841790746723e-05,0.9996137337735735,-0.004982850934433712,0.9999999998491674,3.983922115904591e-09,1.0,-9.154147548661872e-17,1.0000000001826619,-3.5893595660550032e-09,0.9999999999999999,1.0815579616554126e-16,0.9999999999999993,-1.1401655453140719e-16,1.0000000000000007,-1.370602589821104e-16,0.9999999999999983,2.8786599368467996e-16
31.67442739037541,6288816913083.956,54638878658.15852,1.0258834586326714e-19,9335778.643491378,-1.4505129126945366,-0.0016327803743638705,1.8753215786856683,0.004754245205528702,0.12506501581240329,8.407013542262197e-05,0.9996134055022223,-0.004838315340926336,0.9999999998395966,4.100229833396259e-09,0.9999999999999996,-5.3641586328096335e-17,1.0000000001598965,-4.136204233158223e-09,0.9999999999999998,1.8241332617338892e-16,1.0000000000000007,-1.790204027874353e-16,0.9999999999999999,1.3472670048844766e-16,1.0,-1.9379891485699757e-17
32.599527377912416,5765514409525.365,51582275268.84734,1.0198714378804563e-19,8492682.480591772,-1.4505146193444247,-0.0014643707529806592,1.8753219491367656,0.004599953097747829,0.12506491032925732,9.784145703040137e-05,0.999613140534544,-0.004697794554739104,0.999999999829683,4.219969808171446e-09,0.9999999999999992,1.1569146927504062e-16,0.9999999997815656,-3.77522244444709e-09,0.9999999999999999,-1.971887541856877e-16,0.9999999999999998,-3.2296216068194894e-16,1.0,1.0903345153303108e-16,0.9999999999999999,2.7695476984669202e-17
33.551646322300435,5285590682631.435,48696640443.9617,1.0128225763075565e-19,7127970.519919137,-1.4505161772692645,-0.0012971773544599812,1.8753222495589126,0.004449478970246545,0.12506481258756444,0.00011169376226464118,0.9996129378541194,-0.00456117273245804,0.9999999998194424,4.343207541475695e-09,1.0000000000000009,2.4641876915617747e-16,1.000000000196712,-3.2256341772146246e-09,1.0,-9.991570814924465e-18,0.9999999999999994,-3.7358329484638595e-16,0.9999999999999996,8.272228665697642e-17,1.0000000000000016,-1.3879666655554606e-16
34.531573353405584,4845455463847.467,45972413775.95348,1.0052523528991512e-19,16692641.55341577,-1.4505175917508577,-0.0011310622530274587,1.875322480673529,0.0043026959951048376,0.12506472259336956,0.00012564130983066783,0.9996127973635363,-0.004428332380763023,0.9999999991311139,-4.531810318751695e-10,0.9999999999393682,-4.451383218326936e-09,1.0,-2.928812240529821e-16,0.9999999999999994,2.403297185028227e-16,0.9999999999999999,3.097481396371543e-17,1.0000000000000007,1.3166984521314667e-16,0.9999999999999994,2.5056460532811896e-18
35.54012064883595,4441815436658.969,43400569186.44612,9.979543457114964e-20,15161510.391014256,-1.4505188676098726,-0.0009658884365454205,1.875322644346204,0.0041594890275671445,0.12506463932548867,0.00013968983118856697,0.9996127168817286,-0.004299174222696115,0.99999999919816,-3.5157596910568625e-11,1.0000000000825875,-4.327322735727105e-09,1.0000000000000004,-1.653188592825697e-17,0.9999999999999997,-1.0102589916728142e-16,1.0,2.9516283210004065e-17,1.0000000000000007,-7.083361264741081e-17,1.0000000000000007,-2.9639780972572e-16
36.57812410708607,4071649685375.279,40972585093.021034,9.903676265335809e-20,15072891.401478512,-1.4505200092234691,-0.0008015196969559993,1.875322740512819,0.004019736671188059,0.1250645631839006,0.00015385443463857815,0.9996126973215635,-0.004173585844195453,0.9999999987128941,-5.226459502951965e-10,1.0000000002681395,-4.780480882152957e-09,1.0000000000000004,1.0994657870385644e-16,0.9999999999999997,1.0222426669476514e-16,1.0,-8.474662319978034e-17,1.0000000000000002,7.220512090918618e-17,0.9999999999999993,-1.2220420718597957e-16
37.64644404034158,3732187178845.3657,38680416238.64396,9.825169362989184e-20,19482073.70144239,-1.450521020541455,-0.0006378205221713353,1.875322770160748,0.003883324047642244,0.12506449346883888,0.00016814668550748323,0.9996127376255002,-0.0040514641638095044,0.999999998447664,-1.691456768753204e-09,0.9999999999825937,-4.2969881261889335e-09,0.9999999999999999,-1.8466467465763456e-16,1.0000000000000004,-1.0582886153782173e-16,1.0,-5.466185211732423e-16,1.0000000000000002,5.190820102430594e-16,0.9999999999999998,4.332945194904569e-17
38.745965887518366,3420886107993.0786,36516467091.13782,9.763027600518515e-20,6830574.975467351,-1.4505219051015033,-0.0004746559885211174,1.8753227344890557,0.003750143858660452,0.1250644292622037,0.00018257349953289587,0.9996128362480462,-0.00393271735828777,0.9999999997598367,5.0157709841627634e-09,0.9999999999999996,0.0,1.000000000241456,-4.927740552832744e-09,1.0000000000000002,-2.190247840493482e-16,0.9999999999999994,0.0,0.9999999999999998,1.3793560856267783e-16,1.0000000000000002,3.754024779898601e-17
39.87760094812704,3135414935618.774,34473566724.91846,9.719169791238043e-20,6406316.237801998,-1.4505226660428043,-0.00031189165309858044,1.8753226318711034,0.0036200784438469523,0.12506437183595365,0.00019715505063589705,0.9996129962925897,-0.0038172334945303925,0.9999999997450689,5.16221364003984e-09,1.0000000000000004,-4.694439716079355e-17,1.0000000002559057,-5.1169234273039085e-09,1.0000000000000002,-3.5724169039134e-16,0.9999999999999998,-2.4361008219323055e-16,1.0,5.122357272010918e-17,0.9999999999999996,-6.180231173365498e-17
41.04228713757107,2873635011551.2686,32544945104.46777,9.631380540064837e-20,5686626.594377611,-1.4505233061191767,-0.00014939344787848877,1.8753224630941303,0.003493024754103486,0.12506432030519976,0.00021189962621695965,0.9996132166007013,-0.003704924380310606,0.9999999997294017,5.312930104114288e-09,1.0,1.456931160577375e-16,1.0000000003222829,-4.368451361130337e-09,0.9999999999999996,-1.4202402841580381e-16,1.0000000000000004,-3.6127877319890934e-17,0.9999999999999996,8.059074398450593e-18,0.9999999999999996,-1.414821211031987e-16
42.24098976450457,2633584620044.2524,30724210689.304127,9.478494235893823e-20,10241901.012298305,-1.4505238277106312,1.2972426869272535e-05,1.8753222272050554,0.003368875333919014,0.12506427511069068,0.00022682265003621163,0.9996134988344252,-0.0035956922975832633,0.9999999984946797,-2.1454817719719386e-10,1.0000000003552345,-5.495795094430866e-09,1.0000000000000002,-1.639899761341586e-17,0.9999999999999997,-3.113978868543097e-16,0.9999999999999999,-4.593167850026801e-17,1.0000000000000002,-1.8381544968353706e-17,0.9999999999999994,-2.702568779127103e-17
43.47470233089395,2413464352170.079,29005329288.719578,9.383693038179193e-20,10254495.034411607,-1.4505242328344128,0.00017533960779892842,1.8753219257018199,0.0032475350283879445,0.12506423443486103,0.00024192982383274402,0.9996138403084217,-0.0034894593625913652,0.9999999991841687,1.335171640915612e-10,1.0000000003714529,-5.524489593400009e-09,0.9999999999999993,-1.159323554272046e-16,0.9999999999999998,2.7518782273240467e-16,1.0000000000000002,-7.381283830243232e-17,0.9999999999999991,-1.757080441182856e-16,0.9999999999999993,-1.4692304489331312e-16
44.74444735544665,2211623681031.646,27382604096.06766,9.286730204438111e-20,11727943.645891111,-1.4505245231548667,0.0003378416740708199,1.875321556379198,0.0031289003063632074,0.1250641996102354,0.00025723786973300014,0.9996142445682862,-0.003386131335035989,0.9999999990344572,-1.055332863280291e-09,1.000000000392743,-5.763954112529673e-09,1.0000000000000004,-1.2571175481151192e-16,0.9999999999999991,-1.761883520934107e-16,1.0000000000000007,-1.476828825320123e-16,1.0,9.870840061340107e-17,1.0000000000000004,1.619780061567976e-16
46.05127722108936,2026548650837.895,25850656836.98132,9.186746192525397e-20,10553116.0452799,-1.4505246999926182,0.0005006122522124836,1.8753211189199173,0.0030128756050487645,0.12506417013020596,0.00027275799062700566,0.9996147117594495,-0.0032856263543361223,0.999999998755194,-1.2847909125201712e-09,1.000000000434319,-6.008785184936154e-09,1.0,-8.018546728154794e-17,0.9999999999999996,3.1945250224750065e-16,1.0000000000000004,-3.53674682519201e-16,0.9999999999999998,-1.7889447787898277e-16,0.9999999999999999,2.565429488491445e-16
47.39627504719807,1856850580222.8909,24404409969.87168,9.082441895609587e-20,10480490.691787656,-1.4505247643331076,0.0006637851208864198,1.8753206128648716,0.0028993660274439148,0.12506414541891567,0.00028850315102864815,0.9996152421148065,-0.0031878621998187463,0.9999999991473313,-8.534970466517165e-10,1.0000000005137293,-5.708350071878276e-09,0.9999999999999997,-4.1934466153366414e-17,1.0000000000000004,5.420359835852694e-17,0.9999999999999992,2.6893146176159557e-16,0.9999999999999999,1.8724152483102057e-17,1.0000000000000002,-1.2207278909184012e-16
48.780555587303006,1701255703236.1902,23039069879.512363,8.974233551130728e-20,8500281.62798851,-1.4505247168340585,0.000827494315788287,1.8753200367096077,0.002788278924696671,0.1250641257905092,0.0003044864738496807,0.9996158375634562,-0.0030927591149796044,0.999999999468201,1.7035820225479642e-11,1.0000000004691383,-6.189914809712493e-09,0.9999999999999997,2.4357703893887826e-17,0.9999999999999991,-3.224618511873388e-16,0.9999999999999998,1.9929762067354264e-16,0.9999999999999997,2.022530073915791e-17,1.0000000000000002,-1.0637757941799677e-17
50.20526615301238,1558595662879.9978,21750111009.10847,8.864603751989762e-20,8046976.670726334,-1.4505245578327708,0.0009918742340377555,1.875319389016011,0.0026795230230391965,0.12506411131552736,0.0003207220116954508,0.9996164997716462,-0.0030002383526032037,0.9999999993976014,-1.9854938750975175e-10,1.0000000003619882,-6.598581636904507e-09,1.0000000000000002,-2.0844531033373667e-16,0.9999999999999999,-1.4554742908137992e-16,0.9999999999999998,0.0,0.9999999999999994,-5.455093138886435e-17,1.0000000000000004,-4.194940246126194e-17
51.671587564920735,1427798793877.0344,20533260878.290047,8.752510764505677e-20,7687645.230901096,-1.450524287352513,0.0011570597389907982,1.8753186686108458,0.002573010724346666,0.12506410171245563,0.00033722239567679664,0.9996172298174633,-0.00291022626432166,0.9999999993304786,-1.8331077697838144e-10,1.0000000006890957,-6.322519143403271e-09,0.9999999999999992,5.815106974013023e-17,0.9999999999999997,-5.775827028406745e-17,0.9999999999999999,-3.552465439783444e-16,0.9999999999999994,2.463125592426568e-16,0.9999999999999999,-3.040404062261365e-16
53.180735131290014,1307882123018.3806,19384485937.292477,8.637552712859314e-20,7628774.49987406,-1.4505239051085486,0.0013231862649662177,1.875317873938037,0.002468655397394743,0.12506409689886222,0.00035400150024998494,0.9996180293126548,-0.0028226496105171906,0.9999999992867628,-4.216435911623397e-10,1.0000000005522949,-6.54179449150984e-09,1.0,-9.762971742324092e-17,1.0000000000000002,5.4733890026778555e-17,1.0000000000000007,3.100369011777072e-16,0.9999999999999999,1.0231550737591415e-16,1.0000000000000002,-2.4478119780027565e-16
54.73395965531454,1197944033848.8145,18299978211.38975,8.520511669104098e-20,7646975.540839729,-1.4505234105136733,0.0014903899223071757,1.8753170032299813,0.0023663726357296857,0.12506409687183528,0.0003710731351824499,0.9996189001126463,-0.002737437822163617,0.9999999991812824,-8.845501264969308e-10,1.0000000006045824,-7.048678580368688e-09,1.0000000000000002,-1.353611286947324e-16,1.0000000000000004,4.061595496153106e-17,0.9999999999999997,8.376773930039504e-17,0.9999999999999994,2.929452084992626e-16,0.9999999999999994,2.1532928377318605e-16
56.332548471804664,1097157535188.3417,17276142690.63273,8.400431934612956e-20,7008375.350055979,-1.4505228026834978,0.00165880760244008,1.875316054936865,0.0022660803641252726,0.1250641012918133,0.00038845087540525575,0.9996198435708886,-0.0026545232467537773,0.999999999564498,-7.297532007296217e-10,1.000000000635371,-7.326931140168401e-09,1.0000000000000004,0.0,1.0000000000000002,0.0,1.0000000000000009,1.234059549155554e-16,1.0,1.0626813693601732e-16,0.9999999999999999,1.2757040157552416e-16
57.977826514148354,1004764088944.8096,16309585426.133808,8.276637292932778e-20,6174361.388767054,-1.4505220804411358,0.001828577083690615,1.8753150265260377,0.002167697736686457,0.1250641106395682,0.0004061491549196264,0.9996208626308134,-0.002573839265463493,0.999999999539429,-1.5067061366819127e-10,1.0000000004988918,-7.312991799793016e-09,0.9999999999999994,4.729167353364518e-16,0.9999999999999999,-5.63222672307773e-16,1.0000000000000004,2.548637772439862e-16,0.9999999999999996,1.000954005012001e-16,1.0000000000000002,4.008927534362089e-16
59.67115741243506,920067945922.5782,15397102286.9272,8.152354536346323e-20,5806575.407899762,-1.4505212423220826,0.0019998371372406867,1.8753139160734613,0.0020711451765393746,0.125064124642162,0.00042418312148460017,0.9996219590562798,-0.0024953204275455273,0.9999999995241609,-1.7892288385923177e-10,1.0000000007035448,-7.725400831691415e-09,0.9999999999999999,-2.1974079845768903e-17,1.0000000000000004,-8.728890210817004e-17,0.9999999999999998,1.4374187538403026e-16,1.0,-1.2676127264964305e-16,0.999999999999999,2.309793486608195e-16
61.41394462365189,842430951552.6018,14535668349.315372,8.02966660022512e-20,5752512.235079336,-1.4505202865784206,0.0021727276342046343,1.8753127212537377,0.0019763456076345907,0.12506414333066077,0.00044256740986356696,0.999623135200848,-0.002418904653321163,0.9999999994643908,-4.5069275659355594e-10,1.0000000007507432,-7.878650543329252e-09,0.9999999999999998,-4.0647493229241664e-17,1.0,0.0,1.0000000000000002,-3.8247348707669334e-16,0.9999999999999997,3.3029695935105794e-16,1.0,-1.3473599974464817e-16
63.20763259488898,771267780754.5297,13722427876.737898,7.904631870304174e-20,5336462.061765748,-1.4505192111833711,0.0023473896525080164,1.8753114397324042,0.001883223737731345,0.12506416663145095,0.0004613167988648974,0.9996243933337019,-0.002344532030971074,0.9999999995096188,-3.6428988305591695e-10,1.0000000007927763,-8.159263900964751e-09,1.0000000000000004,5.71370777644605e-17,0.9999999999999998,2.245306680866665e-16,0.9999999999999998,2.5573464088050013e-17,1.0000000000000004,-3.9260633515386333e-16,0.9999999999999999,-1.6660120672103665e-16
65.05370796051794,706041566158.3324,12954684860.044327,7.781726508894677e-20,4970749.217878002,-1.4505180138354543,0.0025239655853884317,1.8753100688391722,0.0017917053533069375,0.12506419467030647,0.0004804468848673752,0.9996257361997011,-0.0022721436332567876,0.9999999994534723,-2.2723834866709897e-10,1.0000000009163728,-8.186007612063727e-09,0.9999999999999994,0.0,1.0000000000000002,1.2454081728412178e-16,1.0000000000000009,-1.5664345028148636e-16,1.0000000000000007,4.9348267479441435e-17,1.0000000000000007,2.137093021777433e-16
66.95370077433587,646259889308.8224,12229894086.31269,8.277191939873399e-20,4610328.800704275,-1.4505166919629913,0.002702599250544806,1.8753086060530861,0.001701717980746242,0.12506422732630618,0.0004999733696381442,0.9996271661930882,-0.0022016827257063548,0.9999999995453145,-6.2330519089820036e-12,1.0000000008833647,-8.53409165872888e-09,1.0000000000000002,-7.711205329911267e-17,0.9999999999999994,-4.7196318702525696e-17,1.0,-3.871521115664376e-16,0.9999999999999997,1.5716521111707013e-16,0.9999999999999999,-2.1164593455925682e-16
68.90918577769588,591471102090.0155,11545652706.7406,9.459391388879483e-20,4318163.250986004,-1.450515242728402,0.0028834360002905632,1.8753070484795693,0.0016131904373751593,0.125064264741855,0.0005199124915478507,0.9996286862721908,-0.002133094026527683,0.9999999995716509,-3.654249040304395e-11,1.0000000009383623,-8.877842396367297e-09,0.9999999999999998,2.678312267157794e-16,0.9999999999999986,5.123116143324452e-16,1.0000000000000002,1.3501842901577272e-16,1.0000000000000004,5.209646228546968e-16,1.0000000000000002,-1.295127939045439e-16
70.92178370467536,541260953068.3553,10899692275.849276,1.0771337706095152e-19,4099276.5809214474,-1.4505136630329218,0.0030666228331546344,1.8753053932779602,0.0015260533347057994,0.1250643069307369,0.0005402804763348989,0.9996302992175862,-0.0020663246401847637,0.9999999995836097,-5.0316618022219596e-11,1.0000000009988887,-9.110163624618815e-09,0.9999999999999993,1.6512174028082801e-16,1.0000000000000002,-1.8153839362730452e-16,0.9999999999999998,-2.0315021267539686e-16,0.9999999999999999,1.125919298372497e-16,1.0,1.7832298300017256e-16
72.99316262536372,495249492778.58765,10289871235.513336,1.2687017684858745e-19,4004591.5956557845,-1.4505119495214078,0.003252308506363395,1.8753036374931584,0.0014402383871199513,0.12506435392818877,0.000561094196749433,0.9996320079411459,-0.002001322890966252,0.9999999995837681,-3.1186975065928627e-10,1.0000000010168901,-9.270766363559083e-09,0.9999999999999997,-1.907370317734921e-16,1.0000000000000004,0.0,0.9999999999999997,1.2807811057098492e-16,0.9999999999999998,0.0,1.0000000000000002,-1.5101871402056257e-16
75.1250393283828,453088234615.5816,9714167818.90392,1.4312852509251418e-19,3758211.1408788706,-1.4505100985874329,0.0034406436507763744,1.8753017781485646,0.0013556791200974696,0.1250644057423816,0.0005823704373875041,0.9996338153336474,-0.0019380396113363658,0.9999999996605056,-2.973589140550671e-10,1.000000001114889,-9.62748154328408e-09,1.0000000000000002,6.634640376197391e-17,0.9999999999999999,-2.3253326605879067e-16,0.9999999999999999,0.0,1.0000000000000002,2.6073950980177894e-16,0.9999999999999993,-4.469441008635628e-17
77.31918074378599,414457551491.52905,9170673352.241863,1.5933897702319674e-19,3487069.705104569,-1.4505081063789032,0.003631780886493778,1.8752998120366333,0.0012723100385415133,0.1250644625402518,0.0006041266976986103,0.9996357246336366,-0.0018764267321564082,0.999999999613402,-7.61328139715366e-11,1.0000000011739976,-9.856144217454125e-09,1.0,8.385147203878275e-17,0.9999999999999999,0.0,0.9999999999999997,-1.2691529556295373e-16,0.9999999999999996,8.556168312646307e-17,1.0,1.8095752904650327e-16
79.57740540751527,379064286467.3373,8657585928.614422,1.8032038073230935e-19,3263463.8801363627,-1.450505968803805,0.003825874941172669,1.8752977361239977,0.0011900667242359646,0.12506452426620626,0.0006263810485706845,0.9996377387371896,-0.0018164375012914204,0.9999999996277783,-5.937965853962644e-11,1.0000000012450205,-1.022342367643217e-08,1.0000000000000002,4.556141696856826e-17,1.0000000000000004,1.527598745960496e-16,0.9999999999999997,-1.273306889858507e-16,1.0000000000000002,1.722635665351133e-16,0.9999999999999998,2.6498340938654527e-16
81.90158496862989,346639562128.1787,8173204437.80451,2.0499268672221724e-19,3074414.454437141,-1.4505036815366212,0.004023082770282728,1.875295547223053,0.0011088863386340868,0.12506459100664394,0.0006491516236097726,0.9996398607839915,-0.001758027408729702,0.9999999996687678,-5.003430733188943e-11,1.0000000013174253,-1.0538323073357444e-08,0.9999999999999998,3.489594708728914e-17,0.9999999999999996,-1.395747194761972e-16,1.0000000000000002,-6.978606707561671e-17,1.0,1.4511971710276212e-16,1.0,3.410970202905609e-17
84.29364574055606,316936770800.3066,7715922928.678616,2.3282305783843447e-19,2928157.991910545,-1.4505012400251118,0.00422356367944156,1.8752932421130797,0.0010287071132457743,0.12506466286619886,0.0006724570908404146,0.9996420939587356,-0.0017011533415677539,0.9999999996667197,-5.886291655443747e-11,1.0000000013955297,-1.0755842761235764e-08,1.0000000000000002,-1.5176779494183298e-17,1.0000000000000002,-9.809356026181652e-17,1.0,6.033546591526115e-17,1.0,-2.2328391331951687e-16,1.0000000000000002,0.0
86.75557029764315,289729730852.9334,7284225287.007255,2.6526601772099755e-19,2760662.4139063135,-1.4504986394976767,0.004427479449817037,1.8752908176522307,0.0009494684546731155,0.1250647398825193,0.0006963165181376551,0.9996444413181607,-0.0016457738132807421,0.9999999996701443,-4.752976790983761e-11,1.0000000014698995,-1.1072553382287829e-08,1.0000000000000007,1.8981118734525495e-16,0.9999999999999996,1.0254901946955079e-16,1.0000000000000007,2.836811598883682e-17,0.9999999999999996,-2.0343901772346767e-16,1.0000000000000007,-4.532708845468579e-17
89.28939911834986,264810995787.48584,6876680210.707461,2.998083919995705e-19,2606977.7571790335,-1.4504958749711414,0.0046349944660764985,1.8752882706923062,0.0008711108394956164,0.1250648221272708,0.0007207494551247196,0.9996469059422898,-0.001591848831091977,0.9999999996747829,-3.47861787668808e-11,1.0000000015635868,-1.1378095217195111e-08,1.0000000000000002,-2.0027602622880811e-16,1.0000000000000002,3.4541197287063226e-16,1.0000000000000002,1.4061391511375773e-16,1.0,9.165953881655214e-17,0.9999999999999998,-9.83478146615005e-17
91.89723227642209,241990303102.39932,6491936466.793471,3.428220782840469e-19,2472341.498056229,-1.4504929412591023,0.004846275847465668,1.8752855981588832,0.0007935757760113173,0.12506490964903436,0.0007457759420430126,0.9996494908289348,-0.0015393398721319333,0.9999999997069015,-9.329734824620724e-11,1.0000000016452655,-1.1718796370118053e-08,1.0000000000000004,-3.022004726496478e-17,1.0,-2.3337085962634063e-16,0.9999999999999993,8.13270100401987e-17,1.0000000000000009,-6.080905308891419e-17,0.9999999999999996,-1.3923820816144406e-16
94.5812311814642,221093151387.46704,6128718411.941284,3.87292559073079e-19,2313631.490133064,-1.450489832980821,0.005061493582337423,1.8752827969973627,0.0007168059245798888,0.12506500255775943,0.0007714163687848303,0.9996521989962099,-0.0014882101467261733,0.99999999969611,-5.945065686330929e-11,1.0000000017522952,-1.212742290156203e-08,0.9999999999999994,3.898491774038083e-17,1.0,3.426174610396609e-16,0.9999999999999997,0.0,1.0000000000000002,3.9081441276971936e-16,1.0000000000000002,-4.02704421546661e-17
97.3436203703464,201959495380.65924,5785821765.141176,4.397397293578692e-19,2188358.353163723,-1.4504865445703525,0.005280820666703118,1.8752798643373785,0.0006407447523738649,0.12506510087301956,0.000797691780289277,0.9996550332183968,-0.0014384240442712254,0.99999999971619,-5.880767981488018e-11,1.0000000018549604,-1.2456843167513902e-08,1.0000000000000007,-1.366193116635691e-16,0.9999999999999993,-2.7698252179726475e-17,0.9999999999999999,2.13493698435239e-16,0.9999999999999999,4.0809232492291196e-17,0.9999999999999994,0.0
100.18668935093287,184442548664.3367,5462109615.916895,4.98265415944612e-19,2068755.8192349,-1.4504830702862854,0.005504433246178844,1.8752767973690698,0.0005653367570271791,0.12506520468548915,0.000824623636964101,0.9996579962696521,-0.0013899475738638502,0.9999999997126783,-3.817387156725294e-11,1.0000000019628343,-1.2778054634468813e-08,0.9999999999999997,1.1463414127514328e-16,1.0000000000000004,1.90116477178461e-16,0.9999999999999994,-3.821651599340195e-17,1.0000000000000002,-1.5971949183190655e-16,0.9999999999999996,9.614933910811037e-17
103.11279449965876,168407685859.88843,5156508655.805054,5.650589662669806e-19,1953192.7357471804,-1.4504794042215474,0.005732510762889711,1.8752735934943345,0.0004905272647673923,0.12506531402852747,0.0008522339778051976,0.9996610906791756,-0.0013427480664490465,0.9999999997202375,-3.2974880002708696e-11,1.0000000020777218,-1.3143148537835076e-08,0.9999999999999996,-1.201507725335318e-16,0.9999999999999999,1.898098001999886e-16,1.0000000000000007,-2.6131019569468345e-16,1.0000000000000002,-4.107117684965941e-17,1.0000000000000002,0.0
106.1243610145289,153731617905.22006,4868005621.193532,6.41372171788626e-19,1842093.0289176744,-1.450475541069947,0.005965234259005612,1.875270251429096,0.000416263979265758,0.12506542892647585,0.0008805452074354427,0.9996643177186878,-0.0012967956351771122,0.999999999726524,-3.7802703532830425e-11,1.000000002199022,-1.3543818176074086e-08,1.0,-1.0674401786845458e-17,1.0,-3.2385865338610196e-16,1.0000000000000007,1.0216561039268519e-16,0.9999999999999992,0.0,1.0000000000000002,8.108358074675439e-17
109.22388492515672,140300720058.28885,4595643933.86295,7.278504544878971e-19,1745859.316052357,-1.4504714730961892,0.006202793998749741,1.8752667666575435,0.00034249073965744714,0.12506554947914852,0.0009095807892799183,0.9996676817984077,-0.001252057592944013,0.9999999997372545,-4.2126355924664316e-11,1.000000002327601,-1.3886122020366319e-08,1.0000000000000002,-9.06602437268043e-17,1.0,-2.721828708863988e-16,1.0000000000000004,-2.3282759019360438e-17,0.9999999999999999,2.7403857411118674e-16,1.0000000000000004,-2.8891870912659554e-16
112.4139351615095,128011334828.73575,4338520530.517864,8.257489534512644e-19,1648933.918182296,-1.4504671947263592,0.006445378315674547,1.875263138401474,0.00026915683017387896,0.12506567568959331,0.0009393642785040171,0.999671183701873,-0.0012085067831022534,0.9999999997437395,-4.1554069250358734e-11,1.0000000024623892,-1.428211653922148e-08,0.9999999999999997,8.937265770545323e-17,0.9999999999999999,-3.743283529436967e-16,1.0000000000000004,0.0,1.000000000000001,-2.3298015517755964e-16,1.0000000000000002,-2.644158078201644e-16
115.69715568307441,116768208107.22444,4095782869.5348716,9.363326541145642e-19,1560877.2317318963,-1.450462699489993,0.0066931814013395955,1.875259365010175,0.00019621059734444137,0.12506580757904132,0.0009699200117319895,0.9996748250585356,-0.0011661158861320433,0.9999999997454669,-3.853012173768761e-11,1.0000000026068272,-1.4651601232851948e-08,0.9999999999999996,-3.2187337805461386e-16,1.0000000000000004,-9.077575913252666e-17,1.0000000000000007,-1.2454360146042267e-16,1.0000000000000002,1.6806376941546467e-16,0.9999999999999997,1.4656849201062137e-16
119.07626767021019,106483978183.28719,3866626104.21561,1.061692535168922e-18,1469179.6505743968,-1.450457980798812,0.006946401553004825,1.8752554451717058,0.0001236009972772949,0.12506594514626596,0.001001272952306018,0.9996786071687749,-0.0011248588202840974,0.9999999997550474,-3.4569723119246704e-11,1.0000000027581752,-1.512005799502281e-08,0.9999999999999999,0.0,1.0,5.607892688840107e-17,0.9999999999999987,4.4979883141079095e-17,1.0000000000000004,-9.300945517143055e-17,0.9999999999999999,-2.957843701588849e-16
122.55407177950048,97078521933.34454,3650290415.0728736,1.2058741605094445e-18,1394982.6079156285,-1.4504530319543079,0.0072052413531181305,1.875251377919467,5.127751835734693e-05,0.12506608839319833,0.001033448726982883,0.9996825310063299,-0.0010847106813010397,0.9999999997620139,-4.878600791145226e-11,1.000000002920113,-1.5480232613955544e-08,1.0000000000000007,-5.599009784060857e-17,0.9999999999999994,0.0,0.9999999999999998,5.195791271704518e-17,1.0000000000000007,0.0,1.0000000000000002,-2.481778184652021e-17
126.13345046497832,88478355126.32675,3446058491.231272,1.3657627940245695e-18,1314529.5393421566,-1.4504478461541526,0.00746990785492026,1.8752471626979,-2.080983442454376e-05,0.125066237297028,0.0010664735966695248,0.9996865971502883,-0.001045647779139466,0.9999999997668099,-3.6308443458595033e-11,1.0000000030879004,-1.59467963439371e-08,0.9999999999999996,-1.2898383921322085e-16,1.0,0.0,1.0000000000000002,8.519858016649457e-17,1.0000000000000007,3.9675139751794415e-16,0.999999999999999,1.644135677424595e-16
129.81737036714543,80616082405.06895,3253253151.9529004,1.5488866044234597e-18,1243172.3605690927,-1.4504424164964536,0.007740612775772354,1.8752427993815115,-9.271070019845741e-05,0.12506639181830476,0.0011003745670926644,0.9996908057604796,-0.0010076474413151972,0.999999999772702,-3.678769017220789e-11,1.0000000032670013,-1.637958676878914e-08,1.0000000000000002,-1.1204062043816306e-16,1.0000000000000002,-1.1996810164174446e-16,1.0000000000000004,1.535538840664375e-16,1.0,-7.977394741244612e-17,1.0000000000000002,1.7621337866808758e-16
133.60888477176653,73429892838.20421,3071235101.970834,1.756916283873286e-18,1175391.7036000271,-1.4504367359824129,0.008017572695662197,1.8752382883119354,-0.00016447435736085308,0.12506655190112798,0.0011351793350787406,0.9996951565520805,-0.0009706880951746654,0.9999999997785753,-4.1004769048315795e-11,1.000000003456276,-1.6832065005898286e-08,0.9999999999999994,-6.818841298677333e-17,1.0000000000000004,1.9234577359367502e-16,1.0000000000000002,7.689570977088417e-17,1.0,2.2143145876922616e-16,0.9999999999999997,7.06173780090214e-17
137.51113614047642,66863097269.717804,2899400812.309847,1.992360413993703e-18,1111677.2115734739,-1.4504307975157897,0.008301009265573641,1.8752336303284054,-0.0002361498329831617,0.12506671747151268,0.0011709163426552908,0.9996996487614802,-0.0009347491632522303,0.9999999997824706,-4.0992981360135304e-11,1.0000000036561192,-1.7285926950014634e-08,0.9999999999999994,-3.1185780220051557e-17,0.9999999999999996,2.6389533228168813e-16,0.9999999999999993,1.6140492732017997e-16,1.0000000000000007,1.8902947150912866e-16,0.9999999999999999,9.253732216653453e-17
141.52735871529742,60863704066.73784,2737180518.941614,2.2590770445016e-18,1049691.8060929498,-1.4504245938997469,0.008591149420364935,1.8752288268032191,-0.00030778598905346606,0.12506688843059294,0.001207614804719528,0.9997042811115336,-0.0008998109980084197,0.9999999997876445,-3.7217195281089334e-11,1.000000003866742,-1.777911474787134e-08,0.9999999999999992,1.828730661115579e-16,0.9999999999999994,-6.072612381235246e-17,1.0,-9.7835112465296e-17,0.9999999999999998,0.0,0.9999999999999993,-1.653894521808148e-16
145.6608811992256,55384030009.681526,2584036334.427526,2.5617481140828613e-18,992886.5016324895,-1.4504181178298232,0.00888822560137264,1.8752238796601024,-0.00037943161024084137,0.12506706466211104,0.0012453047363217558,0.9997090517963882,-0.0008658548222005915,0.99999999979147,-3.721029284198667e-11,1.0000000040899542,-1.8256342341401772e-08,1.0,0.0,0.9999999999999998,3.9568931332817877e-16,0.9999999999999996,5.4301673157241155e-17,0.9999999999999996,4.545249236145587e-16,1.0,1.3180460259092295e-16
149.91512951510765,50380343478.76196,2439460464.1253657,2.9056951841194963e-18,938959.068907851,-1.450411361882894,0.009192475984662789,1.8752187914089633,-0.00045113548428899966,0.12506724602189415,0.0012840169682129862,0.9997139584460419,-0.0008328626801760516,0.9999999997977769,-3.969221966960456e-11,1.0000000043253472,-1.875342662361766e-08,0.9999999999999998,-2.1312804176442776e-16,0.9999999999999992,0.0,1.0000000000000007,-8.719179613375406e-17,0.9999999999999999,-1.2492451964694571e-16,1.0000000000000002,-1.5748319181044023e-16
154.29362964509505,45812537266.77532,2302973523.1788964,3.2957238716574933e-18,887757.6794784691,-1.4504043185015343,0.009504144718452132,1.875213565155264,-0.0005229465017886023,0.12506743234732365,0.0013237831801274772,0.9997189981217903,-0.0008008173644745125,0.9999999998017982,-4.0896431797707796e-11,1.0000000045737014,-1.9266634627304897e-08,0.9999999999999991,-4.8358069671277816e-17,0.9999999999999998,-2.646627403224499e-16,0.9999999999999994,-9.304042320559034e-17,0.9999999999999992,1.775846135922578e-16,0.9999999999999997,1.570073481135374e-16
158.80001055302864,41643828526.0316,2174122946.7045674,3.737361736648388e-18,838988.6033465875,-1.4503969799731915,0.009823482166023263,1.8752082046261724,-0.0005949137565300669,0.12506762344668965,0.0013646359301199204,0.9997241672847391,-0.0007697023417509379,0.9999999998064746,-3.8403404212844265e-11,1.000000004835926,-1.9799065236732373e-08,0.9999999999999997,-7.649903719576106e-17,0.999999999999999,-2.480189721971775e-16,1.0,0.0,1.0,8.934050425377941e-17,0.9999999999999999,0.0
163.43800719217617,37840483671.78913,2052481489.7527707,4.238958572967748e-18,793702.2588417246,-1.4503893384037503,0.010150745157627,1.8752027141739984,-0.0006670866509669801,0.12506781910586093,0.0014066086883285872,0.9997294617978487,-0.0007395016743580451,0.9999999998096386,-3.7529496838129594e-11,1.000000005112646,-2.032547392488251e-08,0.9999999999999999,9.916933951388596e-17,0.9999999999999991,-1.2691364669595314e-16,1.0,-3.702757098258986e-16,1.0000000000000004,-1.6815619248349153e-16,0.9999999999999998,-1.0419873581342335e-16
168.21146360081508,34371566121.10973,1937645810.6243646,4.808923704123298e-18,751067.0033253465,-1.4503813856849672,0.010486197247839066,1.8751970987891122,-0.0007395149921535936,0.12506801908176607,0.0014497358586340716,0.9997348769103502,-0.0007101999593812428,0.9999999998141353,-3.812417647247735e-11,1.0000000054045588,-2.086147385201384e-08,0.9999999999999992,-2.9591659608790033e-16,1.0000000000000002,-1.4001872519662843e-16,0.9999999999999998,-8.720839483097691e-17,1.0000000000000002,-3.72330810439449e-16,1.0000000000000002,-1.5634588965416793e-16
173.1243360882268,31208748338.37158,1829235133.477738,5.454017412744337e-18,815050.4965038887,-1.450373114155174,0.010830107719629068,1.8751913651922618,-0.0008122482954978641,0.12506822311539093,0.0014940526928309045,0.9997404062166021,-0.0006817829244306524,0.9999999997608475,-4.653819945169678e-11,1.000000005714862,-2.1444776031482646e-08,0.9999999999999994,-1.0501715474292967e-16,0.9999999999999996,0.0,0.9999999999999998,-1.1767106209475829e-16,1.0000000000000002,-1.6785531018609849e-16,0.9999999999999997,-1.4002770843013721e-16
178.1806965137427,28325921592.28431,1726889986.150806,6.187604307877529e-18,771782.6477316285,-1.4503645137247385,0.011182756962399733,1.875185517398314,-0.0008853391752550457,0.12506843090057268,0.0015395958092185372,0.9997460458955105,-0.0006542345947111887,0.999999999765839,-4.619931571756111e-11,1.0000000060397296,-2.1993052411558748e-08,0.9999999999999999,9.631951927632441e-17,1.0000000000000002,1.0971455591354863e-16,1.0,6.601579787180941e-16,1.0000000000000004,-5.989856340800361e-17,1.0,6.027879275219635e-17
183.38473566155963,25699276571.13007,1630271008.1345134,7.020769201157942e-18,730190.0411744716,-1.450355576108096,0.011544428992332054,1.8751795634124426,-0.000958838440022876,0.1250686421238225,0.001586402489193982,0.9997517883098783,-0.0006275414307071138,0.9999999997716299,-4.734143136226687e-11,1.0000000063822105,-2.2577623717327428e-08,0.9999999999999993,1.7334010830334006e-16,0.9999999999999998,1.7781836921635844e-16,0.9999999999999998,-2.4802686081882556e-17,1.0,-1.378001240688744e-16,1.0000000000000002,0.0
188.74076671412212,23306936227.668156,1539057825.493802,7.966231703720875e-18,691248.2485756736,-1.4503462918770884,0.011915416972214325,1.87517351069663,-0.001032798603256714,0.12506885644291935,0.001634511204153039,0.9997576263395023,-0.0006016893938682544,0.9999999997778628,-4.634736309601754e-11,1.0000000067430888,-2.3160680598069823e-08,1.0000000000000002,1.8131442764025188e-17,0.9999999999999996,-6.99431332112136e-17,0.9999999999999998,2.0913438186700872e-16,0.9999999999999997,9.777215130917435e-17,1.0,5.243808923179745e-17
194.2532288269499,21128841076.588615,1452947988.5005026,9.03906394390114e-18,653752.8325222253,-1.4503366511204714,0.012296022173186613,1.8751673672837739,-0.0011072731274159948,0.12506907349070293,0.0016839615277379743,0.999763552320059,-0.000576664594251324,0.9999999997822139,-4.441646573242244e-11,1.0000000071232003,-2.3782313017278696e-08,0.9999999999999994,1.5288962677357915e-17,1.0,0.0,0.9999999999999998,2.083491576907395e-16,1.0,-5.061611275683032e-16,1.0,-1.5929292542278304e-16
199.92669080787397,19146599371.26719,1371655969.0589268,1.0258885993405235e-17,619458.4382799255,-1.4503266433669135,0.012686554267216477,1.8751611417442862,-0.0011823165321613648,0.1250692928765438,0.0017347941729172897,0.9997695580678958,-0.0005524532215668128,0.9999999997873058,-4.5543918559995935e-11,1.0000000075239464,-2.4373522715800512e-08,0.9999999999999994,9.75882588047029e-17,1.0000000000000007,1.4439281262949995e-16,1.0000000000000002,5.68793078196502e-16,0.9999999999999996,-1.6570977367218637e-16,1.0000000000000002,-2.1209876189334443e-16
205.76585490373,17343349730.1848,1294912213.8565986,1.1642110438960928e-17,586352.9571617987,-1.450316257500163,0.013087331624456149,1.875154843148404,-0.0012579844858066553,0.12506951418723206,0.0017870510164154283,0.9997756349261427,-0.0005290414912819065,0.9999999997926299,-4.257929578923577e-11,1.0000000079455789,-2.5004041681184128e-08,0.9999999999999996,2.2928924085483084e-16,1.0000000000000002,2.5665320271948103e-16,1.0,1.090445005959011e-16,1.0,2.344313663082474e-16,0.9999999999999999,-3.116002967017798e-16
211.77556069764825,15703635189.22361,1222462250.6649258,1.3214238329628209e-17,555751.6491421476,-1.4503054816660237,0.013498681612535719,1.875148481015335,-0.0013343339246402169,0.12506973699154805,0.0018407751532766759,0.9997817738058254,-0.0005064155564714345,0.9999999997976139,-4.164772375359385e-11,1.0000000083895573,-2.5615307517147512e-08,0.9999999999999996,1.4476027809602078e-16,1.0000000000000002,-1.1363031144415815e-16,0.9999999999999999,8.801274725194937e-17,1.0,-2.230799505715063e-16,0.9999999999999997,-8.183788343847687e-17
217.96078912016955,14213287716.894176,1154065844.6001856,1.4998932351618738e-17,526292.4406349383,-1.4502943031716526,0.013920940901805966,1.8751420652691906,-0.0014114231323900548,0.1250699608368815,0.0018960109182332807,0.9997879652342401,-0.00048456147044729077,0.9999999998028607,-4.070833845396611e-11,1.000000008856825,-2.6266960285336114e-08,0.9999999999999993,-1.2001199557459767e-17,1.0000000000000002,-2.0271736225285397e-17,0.9999999999999992,3.459590670920852e-16,1.0,1.711837811028178e-16,0.9999999999999998,-4.882322060641369e-17
224.32666657751213,12859331774.558699,1089496201.5615954,1.702533299046287e-17,498308.25400847214,-1.4502827086748828,0.014354455241836506,1.8751356067012377,-0.0014893115870993536,0.12507018524969707,0.00195280387467718,0.9997941988927316,-0.0004634653190121176,0.9999999998082036,-3.9612792734896455e-11,1.000000009348095,-2.694088150500644e-08,1.0000000000000004,-4.382386241152883e-17,1.0,-2.2007176631195188e-16,1.0000000000000004,-2.691793138636682e-16,0.9999999999999997,0.0,1.0000000000000002,-4.487406974038042e-17
230.8784692004108,11629848184.619827,1028539216.3592958,1.9326913184871818e-17,472595.7206854029,-1.4502706828594576,0.014799581915625578,1.8751291147837057,-0.0015680610864716202,0.12507040976335193,0.002011201090210494,0.9998004657746399,-0.0004431123722248779,0.9999999998133223,-3.8562966804783185e-11,1.0000000098649773,-2.758067371769579e-08,1.0,7.779159141070523e-17,0.9999999999999998,8.479118599628239e-17,1.000000000000001,7.648319520825772e-17,0.9999999999999997,1.2205275513460884e-16,1.0000000000000004,0.0
237.6216272170499,10513945455.636694,970992762.6496811,2.1939350200947446e-17,447964.06853581936,-1.4502582101527466,0.015256686793609916,1.875122600835549,-0.0016477342268857553,0.12507063387447834,0.0020712508120922317,0.999806755063544,-0.000423488281572773,0.9999999998183589,-3.744165981971936e-11,1.0000000104080653,-2.8253556051184027e-08,0.9999999999999999,2.1245009765356924e-16,1.0000000000000007,9.451001744223999e-17,1.0000000000000002,-1.2710535929802052e-16,1.0000000000000007,-2.450094781456931e-16,1.0000000000000004,-6.963973856462e-17
244.56172945371455,9501636440.977243,916666022.8301026,2.4904631913727024e-17,424724.9826917642,-1.450245273351042,0.015726146847745277,1.8751160757723686,-0.001728395572031556,0.1250708570795241,0.0021330027561425194,0.9998130563461269,-0.0004045781996860109,0.9999999998233531,-3.626141702592648e-11,1.0000000109786238,-2.8935158478623707e-08,0.9999999999999999,-2.9357452647904352e-16,0.9999999999999993,-1.0514663234072269e-16,1.0000000000000009,-1.0446229427304666e-16,1.0000000000000007,0.0,0.9999999999999998,1.9632856301840713e-16
251.70452796689008,8583774139.388188,865378855.4013913,2.8269293556192227e-17,402594.00287148805,-1.4502318537999077,0.016208349911208914,1.8751095505905286,-0.0018101114375889025,0.12507107886618424,0.0021965080839133184,0.999819359137008,-0.00038636697288574735,0.9999999998286826,-3.5196546056804523e-11,1.000000011577569,-2.9642702676067573e-08,0.9999999999999999,2.637429241340569e-16,1.0000000000000009,-2.731066636958355e-16,0.9999999999999993,0.0,1.0000000000000004,-1.7179832897162688e-16,1.0000000000000002,3.3190610139935076e-16
259.05594281064924,7751988909.119354,816961197.5154091,3.2088253800809823e-17,361566.3583355832,-1.450217931518596,0.016703694481419225,1.8751030368148043,-0.0018929497569266833,0.12507129870793568,0.002261819384084028,0.9998256524213984,-0.00036883926172980546,0.999999999851034,-3.0444186485832254e-11,1.0000000122047898,-3.0344166582537477e-08,1.0000000000000009,-1.64086317247314e-16,1.0,-3.322622262996275e-16,1.0000000000000007,-4.6363412789116504e-17,1.0,0.0,1.0000000000000007,6.685988092978944e-17
266.62206694327807,6998600444.336021,771252501.2399772,3.641786755591989e-17,343152.35652173276,-1.4502034839705558,0.01721259212294718,1.875096544312755,-0.001976980936897457,0.12507151610844305,0.0023289909700517047,0.9998319268588118,-0.0003519789644553139,0.9999999998555209,-2.9416111310847305e-11,1.0000000128644366,-3.104400787486764e-08,1.0000000000000004,-1.294142572307126e-16,1.0000000000000007,0.0,0.9999999999999997,4.721831255830626e-16,1.0,1.3901295793350932e-16,0.9999999999999998,0.0
274.40917127720724,6316598363.443647,728101201.1537125,4.132536333914585e-17,325778.7635038984,-1.4501884875664715,0.017735464630492005,1.8750900844412353,-0.0020622766659399083,0.12507173053542964,0.0023980785369637912,0.9998381716073297,-0.0003357700935069107,0.9999999998599467,-2.80207180752053e-11,1.0000000135560334,-3.174949555767006e-08,0.9999999999999994,5.915061957001474e-17,1.0000000000000002,1.7713789343569959e-16,1.0,5.131515328182404e-17,0.9999999999999996,-1.1966569860224755e-16,1.0000000000000004,0.0
282.4237098764345,5699562307.218112,687364211.7430311,4.6886149902850213e-17,309475.1931881091,-1.4501729163849397,0.018272746488927263,1.875083667803411,-0.0021489108022090817,0.1250719414712917,0.0024691394697890483,0.9998443765800566,-0.0003201961760967369,0.9999999998643561,-2.6851893152421072e-11,1.0000000142808532,-3.244958622351836e-08,1.0,-6.665001907779047e-17,1.0000000000000009,4.494085685262681e-16,0.9999999999999994,3.601997863549791e-17,0.9999999999999994,-4.944150654905796e-17,1.0000000000000002,9.945239571297937e-17
290.6723253057456,5141619926.972812,648906453.0684162,5.318086461765002e-17,293906.0598104658,-1.4501567422986605,0.018824884662706855,1.8750773047362794,-0.0022369591854759963,0.1250721484011295,0.002542232820579164,0.9998505319540855,-0.0003052404257283721,0.9999999998688573,-2.5644777609049508e-11,1.0000000150396204,-3.317857246399691e-08,1.0000000000000002,-1.6664796002436984e-16,1.0000000000000009,4.849514804109018e-16,1.0000000000000004,-2.941968525834413e-16,1.0000000000000007,7.59422018398095e-17,1.0000000000000002,-1.0596701482369869e-16
299.1618541361675,4637402505.384913,612600402.7972028,6.030828532699899e-17,256853.5470029201,-1.4501399348453177,0.019392338848811762,1.8750710053327053,-0.002326499645191914,0.12507235080948614,0.0026174193479862238,0.99985662813327,-0.0002908857774359746,0.9999999998928749,-2.0759980256866922e-11,1.0000000158316364,-3.389929726598055e-08,0.9999999999999997,-1.734196150979085e-16,1.0000000000000009,-3.5471427138182375e-16,0.9999999999999993,1.0761825156379787e-16,1.0000000000000002,0.0,1.0000000000000002,-7.598440821073349e-17
307.8993326112168,4182001204.6819925,578325673.3704083,6.836006593138597e-17,244151.22554315004,-1.450122460918566,0.019975582143679314,1.8750647790292219,-0.002417612118328321,0.12507254821353914,0.0026947616141957307,0.9998626561984877,-0.00027711484799311395,0.9999999998965992,-1.9779819659883664e-11,1.0000000166621128,-3.4630822568596234e-08,1.0000000000000002,-2.1792174910872274e-16,1.0000000000000002,-6.993482164703324e-17,0.9999999999999999,0.0,1.0,-2.1203889412377526e-16,1.0000000000000002,1.2670118542032023e-16
316.89200247863926,3770932824.0513406,545968612.8766818,7.745379243412299e-17,232211.9774799083,-1.4501042848151515,0.020575100889017258,1.8750586350979583,-0.0025103785154155693,0.12507274011343902,0.002774323957872967,0.9998686073581424,-0.0002639100718326628,0.9999999999002815,-1.884226972473005e-11,1.000000017530129,-3.535738803089989e-08,1.0000000000000004,3.145213348130745e-16,0.9999999999999991,-2.1418644806061634e-16,0.9999999999999997,7.910125287555077e-17,0.9999999999999999,2.536541864881461e-16,1.0,1.837463852115887e-16
326.1473169924746,3400103342.623486,515421928.1082541,8.770800248293629e-17,236803.55035580462,-1.4500853679870058,0.02119139514727976,1.8750525824166848,-0.0026048827938356454,0.1250729260383015,0.0028561725734503243,0.9998744732166175,-0.00025125368425984356,0.9999999998896285,-2.0444651040696726e-11,1.0000000184387308,-3.6069115328996574e-08,1.0000000000000007,7.424438858893109e-17,1.0000000000000007,2.1590711349804433e-16,1.0000000000000002,-4.301409470405344e-16,1.0000000000000002,1.2878913245042046e-17,1.0,-2.258694983076486e-16
335.6729470904206,3065771843.168942,486584328.902152,9.926522924392099e-17,225449.72811278678,-1.4500656685925257,0.021824979830842767,1.8750466287720915,-0.0027012111299232716,0.12507310549956793,0.0029403756488124416,0.9998802464498061,-0.0002391277051396357,0.9999999998937723,-1.9348201994155674e-11,1.0000000193847232,-3.679142518651847e-08,1.0,9.7780500136989e-17,1.0,4.198891111933403e-16,0.9999999999999994,-7.28737519403245e-17,0.9999999999999998,1.1428409196121984e-16,0.9999999999999999,-3.2180422909443516e-16
345.4767877516165,2764528066.6081743,459360192.1799912,1.5888240703156507e-18,107430.21955700163,-1.4500451417921596,0.02247638376692203,1.8750407710727501,-0.002799425530937221,0.1250732900082318,0.003026984427198809,0.9998859389116252,-0.0002275588957894409,0.9999999796243095,3.752656405840721e-08,1.0000000203712809,-3.7506230028891135e-08,1.0000000000000002,-1.1130103639985117e-16,1.0,5.097394918482356e-17,1.0000000000000004,2.7338526832137558e-17,1.0000000000000002,-1.177102923237943e-16,0.9999999999999999,-3.199019383221133e-17
355.56696454011495,2493261804.2683434,433659244.96217227,2.888769669020698e-18,109799.31189538668,-1.4500237393513586,0.0231461505132358,1.8750350378420337,-0.0028996676020714963,0.12507345575504875,0.0031161084837410613,0.999891506393823,-0.00021644088243856347,0.9999999785958934,3.823644389011945e-08,1.0000000214012552,-3.8205688165420576e-08,0.9999999999999999,6.536744158348075e-17,1.0,-3.040458464283044e-16,0.9999999999999994,-2.046786704101057e-16,1.0,0.0,0.9999999999999999,2.0200073223497586e-16
365.9518403394666,2249132490.5845394,409396264.9896875,1.5296520282145366e-18,104702.61726073317,-1.450001409051234,0.02383484028366533,1.8750294244535126,-0.0030020045389785727,0.12507361371984757,0.003207803537385988,0.9998969618188455,-0.00020579899668000427,0.9999999775236353,3.893590527374662e-08,1.000000022470256,-3.8927801347166183e-08,1.0000000000000002,-5.606332185617356e-17,0.9999999999999998,2.0195191914582383e-16,1.0000000000000009,7.262201469926382e-17,1.0000000000000009,1.4371652213061966e-16,1.0000000000000002,0.0
376.6400222839982,2029557275.811819,386490798.1435616,3.507749281197169e-18,94607.43118601503,-1.4499780953033223,0.02454302738177387,1.8750239373296484,-0.0031065306952615533,0.1250737634995559,0.003302145868366886,0.9999022991617695,-0.00019561517189253076,0.9999999764103549,3.962945743843317e-08,1.0000000235806645,-3.961284043453029e-08,0.9999999999999991,-1.540450614997448e-16,0.9999999999999992,-1.9744468242642773e-16,1.0,4.44593172639735e-16,0.9999999999999993,6.401581692571579e-17,1.0000000000000002,1.1543954107459337e-16
387.6403688925288,1832179210.8921015,364866891.7079987,1.6987557313120918e-18,90364.05780391613,-1.4499537381823533,0.025271303572906315,1.875018581157767,-0.0032133427747518648,0.12507390466968826,0.003399214138854805,0.9999075141621457,-0.00018587136352782093,0.9999999752536197,4.0308446429694364e-08,1.0000000247359104,-4.0284994606602094e-08,1.0000000000000002,8.232603906683784e-17,0.999999999999999,-6.562428241283669e-17,1.0000000000000002,3.177996580097522e-17,1.0000000000000004,6.990949329975795e-17,0.9999999999999991,0.0
398.961997410438,1654854871.8024626,344452842.45817107,2.399152275091696e-18,86376.43342282118,-1.4499282737375756,0.026020276283282278,1.8750133607262394,-0.0033225394838971144,0.12507403684038051,0.003499089163917008,0.9999126024218471,-0.00017654967969611807,0.9999999740528589,4.097145398049435e-08,1.0000000259345194,-4.0944596597838816e-08,0.9999999999999996,-7.598552541997206e-17,0.9999999999999992,-1.5572855698126236e-16,0.9999999999999992,5.604399813494318e-16,1.0000000000000002,-6.603191641950412e-17,0.9999999999999994,7.15261847260531e-17
410.61429136616977,1495632988.9011202,325180958.96557224,1.8769905160075652e-18,87287.1626238842,-1.4499016335227175,0.026790570063969503,1.8750082800664438,-0.003434221721260134,0.12507415962994622,0.0036018541119021545,0.9999175602908309,-0.00016763239063116803,0.9999999728092138,4.161305740562793e-08,1.0000000271785578,-4.158598188958511e-08,0.9999999999999993,5.1228937214350153e-17,1.0000000000000002,-5.4898192424535816e-17,0.9999999999999997,3.8862611088368157e-16,1.0000000000000004,1.5889741240246359e-16,1.0000000000000007,-4.6052617902495866e-17
422.6069083484355,1352738091.7835793,306987337.09948224,2.3585152490230964e-18,79129.31127548355,-1.449873744389322,0.0275828271126542,1.8750033424278936,-0.0035484925989149783,0.1250742726579907,0.003707594582094529,0.999922384899492,-0.00015910198418874144,0.9999999715194601,4.2239812605025085e-08,1.0000000284629862,-4.2200629408956764e-08,0.9999999999999997,4.0477382290276375e-16,0.9999999999999992,8.141147192006351e-17,1.0000000000000002,-8.913388207246228e-17,0.9999999999999997,1.6229566016393445e-16,1.0000000000000009,1.9686305837794238e-16
434.94978801056277,1224555556.1349957,289811648.16770124,2.440560291882834e-18,75843.95968392781,-1.4498445282884038,0.028397707792167555,1.8749985502830953,-0.0036654574652108932,0.1250743755373238,0.0038163986821589968,0.999927074163659,-0.00015094121813244324,0.999999970186319,4.283798944211363e-08,1.0000000297925655,-4.2796330020977156e-08,0.9999999999999993,-3.7288710189827313e-16,0.9999999999999996,3.0125814458655615e-16,1.0000000000000004,8.397029238762009e-17,0.9999999999999988,0.0,0.9999999999999999,-3.053660394242675e-16
447.6531603086224,1109619039.8957152,273596938.823346,4.040607578836259e-18,66913.50418875832,-1.4498139020685823,0.029235890172130012,1.874993905989601,-0.0037852238411780837,0.12507446791291296,0.003928356973563387,0.9999316260790485,-0.00014313313532249484,0.999999968804665,4.3417079819681856e-08,1.0000000311634432,-4.335460976469597e-08,0.9999999999999993,2.5611423107512276e-16,1.0000000000000004,1.563535784396508e-16,1.0000000000000002,2.0298806093997584e-16,1.0000000000000004,8.281429757595636e-17,0.9999999999999999,7.671038409487217e-17
460.72755398016335,1006596036.1015679,258289442.26481017,4.981952067942119e-18,64276.59886009642,-1.4497817771453843,0.030098071568390422,1.8749894110744276,-0.003907901573090534,0.12507454941588453,0.004043562686224073,0.9999360394896231,-0.0001356611164667211,0.9999999673834228,4.395561817651e-08,1.0000000325789649,-4.388887203553348e-08,0.9999999999999996,4.3608287343391914e-17,0.9999999999999993,-3.091169597262907e-16,1.0000000000000004,1.3992662443835106e-16,0.9999999999999998,1.673008393939623e-16,0.9999999999999993,0.0
474.1838052705818,914277198.86498,243838399.9230875,5.056788573630723e-18,61821.961372027385,-1.449748059243758,0.030984968333958918,1.8749850667411654,-0.00403360280514789,0.12507461969452277,0.00416211169798716,0.9999403135421605,-0.00012850889709219,0.9999999659198132,4.445803654094722e-08,1.0000000340363988,-4.438411867006672e-08,0.9999999999999997,2.1347948362548079e-16,0.9999999999999993,1.7130738095000512e-16,0.9999999999999994,1.6500540301481056e-16,0.9999999999999999,1.3451126031158025e-16,0.999999999999999,1.0633787820804516e-16
488.0330669143569,831565021.990256,230195893.15415418,3.583565968049931e-18,68405.11564708536,-1.4497126481273739,0.031897317014993244,1.8749808734942472,-0.004162442086129285,0.1250746783791231,0.004284102698848407,0.999944448102209,-0.00012166061804396086,0.9999999644289826,4.490228096363715e-08,1.0000000355385017,-4.483865942334047e-08,0.9999999999999998,-1.8116016365537127e-16,0.9999999999999993,-6.916568582338235e-16,1.0000000000000004,-4.9878381388600024e-17,1.0,1.388699306726557e-16,1.0000000000000002,0.0
502.2868173785975,757464472.7905784,217316684.36303627,4.748687767739586e-18,57429.374597995346,-1.449675437326988,0.03283587472189999,1.874976831307625,-0.004294536406216959,0.12507472508448603,0.004409637249376357,0.999948443580167,-0.00011510085088756372,0.9999999628699592,4.5335110598233176e-08,1.0000000370722972,-4.523971065943987e-08,1.0000000000000002,5.385531686503958e-18,1.0000000000000007,-1.606335408395244e-17,1.0,2.9101887003972626e-17,1.0000000000000002,1.6820924331177015e-16,1.0,0.0
516.9568703765607,691074498.1993208,205158066.98351565,4.5513952194899416e-18,63738.38466489252,-1.449636313737905,0.03380141909729855,1.8749729399772948,-0.004430005217373707,0.1250747594431255,0.004538819784465069,0.9999523005503225,-0.00010881457449159798,0.999999961305198,4.5675882370671504e-08,1.0000000386507015,-4.5601728795372924e-08,0.9999999999999997,-4.379027313858398e-16,0.9999999999999996,6.222832371716693e-17,1.0000000000000002,-1.6387552538876422e-16,1.0000000000000004,0.0,0.9999999999999994,1.890621560872479e-16
532.055384659027,631579589.3377008,193679723.86930558,5.880282476033086e-18,58395.007224678215,-1.449595157310151,0.03479474937484938,1.8749691988627832,-0.004568970542852113,0.12507478107572698,0.004671757765704932,0.9999560200283256,-0.0001027872332775644,0.999999959680857,4.598722168106203e-08,1.000000040259847,-4.589140969962222e-08,1.0000000000000007,4.1039484229108573e-16,1.0000000000000002,-2.9008840000557324e-16,0.9999999999999997,-2.6244917835951834e-16,0.9999999999999999,2.0214259242839132e-16,1.0000000000000004,3.0995087882572037e-16
547.5948740916481,578242449.7311628,182843593.620864,6.982751017980214e-18,48975.884730245125,-1.449551840773541,0.03581668725568452,1.8749656067958813,-0.004711557070037371,0.12507478956534354,0.004808561809554466,0.9999596036042332,-9.700474888619246e-05,0.9999999579964037,4.625035091629458e-08,1.000000041899012,-4.6129609720364425e-08,1.0000000000000004,6.516243176050466e-17,0.9999999999999997,2.7182240258752215e-16,1.0000000000000002,-1.8168480001619063e-16,0.9999999999999991,5.590153845066521e-16,0.9999999999999996,-8.295163786505554e-17
563.5882180266182,530397676.45296687,172613744.35897088,7.666009876282698e-18,50574.864135494965,-1.4495062290974943,0.03686807676770918,1.8749621624867845,-0.004857892182417409,0.12507478450551937,0.004949345677917258,0.9999630529697257,-9.145350686731744e-05,0.9999999563258942,4.6400762835681624e-08,1.0000000435740484,-4.6284220085369834e-08,1.0,2.6609752132127445e-16,1.0000000000000002,2.123928506901866e-16,0.9999999999999994,8.752528996495515e-17,0.9999999999999998,-5.714727326938447e-17,0.9999999999999999,0.0
580.0486719772665,487445506.5857728,162956254.59601104,7.435007527862266e-18,56588.53763879819,-1.4494581791715362,0.03794978536504895,1.8749588643132378,-0.005008106081315761,0.12507476546508653,0.005094226437860879,0.999966370178773,-8.612037211751105e-05,0.9999999546470948,4.645378877449207e-08,1.0000000452791702,-4.634948375146397e-08,0.9999999999999993,-1.9306892776398438e-16,1.0000000000000004,-2.4502118500704987e-16,0.9999999999999997,1.3085199002925832e-16,0.9999999999999996,2.0109217569089615e-16,0.9999999999999996,0.0
596.9898786044171,448846310.2892491,153839100.73899713,1.0000377121273511e-17,48083.82717801565,-1.449407539471924,0.039062704789903493,1.8749557102776904,-0.0051623318933390235,0.12507473196359847,0.00524332458959511,0.9999695577121884,-8.099271369259204e-05,0.9999999528754964,4.646475432783018e-08,1.0000000469998906,-4.6326228801771167e-08,0.9999999999999999,-8.287332758767528e-17,1.0000000000000002,0.0,0.9999999999999993,1.0847965577878054e-16,1.0000000000000004,-1.5900954900803998e-16,0.9999999999999999,1.441588024154652e-16
614.4258790236221,414115699.43374175,145232050.91828176,9.013591539188238e-18,54087.61839266266,-1.4493541493174025,0.040207750875048597,1.8749526983916658,-0.005320705718315952,0.12507468353714696,0.005396764052032118,0.9999726180194703,-7.605835550660729e-05,0.9999999511598244,4.630967955584156e-08,1.0000000487487284,-4.618985460881761e-08,0.9999999999999999,1.1660492235589517e-16,1.0000000000000007,4.109487308012e-16,0.9999999999999998,1.820980971372628e-16,1.0000000000000004,-1.0456454234982547e-16,1.0000000000000002,3.580317534202901e-16
632.3711244426405,382819697.0712555,137106564.72993025,1.0425742505424807e-17,50281.17709344222,-1.4492978387153972,0.04138586519677582,1.8749498263086362,-0.005483366797122189,0.12507461965355957,0.005554672399703959,0.9999755539831817,-7.130562493369604e-05,0.9999999493714693,4.6067523235377595e-08,1.0000000505076103,-4.593882749705506e-08,1.0,1.8082164709895112e-16,0.9999999999999994,-5.853776339346002e-17,1.0,-2.582604067617667e-16,0.9999999999999992,-7.948539272483133e-17,1.0,-2.3645008577943566e-16
650.8404881388067,354570537.2893475,129435698.59948191,1.2527531257810175e-17,45551.15468550395,-1.4492384276102026,0.042598015089504504,1.8749470916230062,-0.005650457582147081,0.1250745397639489,0.005717180879188065,0.999978368552712,-6.672332422788225e-05,0.9999999475529456,4.5693159503681953e-08,1.0000000522805221,-4.553448623547823e-08,0.9999999999999991,2.4165314908477424e-16,1.0,-1.9182657089714348e-16,0.9999999999999999,2.2834691571264867e-16,1.0000000000000004,-6.03452564091133e-17,1.0,2.370797133000924e-16
669.8492777862161,329022611.4439278,122194016.446213,1.1989725683951235e-17,51769.63821913019,-1.4491757254013606,0.043845194560313494,1.8749444918142548,-0.005822123868566502,0.12507444328152187,0.005884424548490632,0.9999810648379159,-6.230071263630066e-05,0.9999999458105162,4.509588421088644e-08,1.0000000540695992,-4.496285923939279e-08,0.9999999999999998,-2.852358401133476e-16,1.0,3.0868918643686033e-16,1.0000000000000002,2.3763742016196954e-16,1.0000000000000004,2.0885079490375432e-16,1.0,2.884640965643626e-16
689.4132481429461,305868710.942673,115357505.33856675,1.4934016848134736e-17,44752.57301634723,-1.4491095303908637,0.045128425055394245,1.87494202426072,-0.005998514920117842,0.12507432957130785,0.006056542397651779,0.9999836460942254,-5.8027517859318014e-05,0.9999999439468811,4.43656229875739e-08,1.0000000558621809,-4.418986508710122e-08,1.0,-3.0090184741719675e-16,1.0000000000000007,-3.7457616953321815e-16,0.9999999999999999,-2.884187362636476e-16,1.0000000000000002,1.2551196105352343e-16,1.0,-9.763855956111136e-17
709.5486141088256,284836505.5615783,108903495.85854073,1.7184070879154495e-17,42017.154388549854,-1.4490396291331233,0.046448756124831556,1.8749396862922802,-0.00617978359370481,0.12507419795204863,0.00623367745724054,0.9999861156703227,-5.3893918060232925e-05,0.99999994209472,4.338400921582775e-08,1.0000000576714603,-4.317048965834951e-08,1.0000000000000002,1.709994652746922e-16,1.0000000000000002,0.0,1.0000000000000002,5.312516847342297e-17,1.0000000000000004,5.517894830912547e-17,0.9999999999999991,-1.8198620603593635e-16
730.2720641645773,265685227.56929317,102810586.95354119,1.5093998408624637e-17,51469.41952132963,-1.4489657956703397,0.04780726598529558,1.8749374752587789,-0.006366086460289356,0.1250740477110729,0.006415976895182936,0.999988476943148,-4.989049002321631e-05,0.9999999403606088,4.20402596003353e-08,1.000000059500523,-4.189279462392225e-08,1.0000000000000002,-6.451676572152198e-17,0.9999999999999994,3.123727598939467e-16,0.9999999999999989,6.516797069951905e-17,1.0,1.8068955268895932e-16,0.9999999999999987,-4.299025597852309e-16
751.6007742034699,248202553.22848332,97058574.94383316,1.8473535386310238e-17,45174.72843558447,-1.4488877912093692,0.04920506291984224,1.8749353883956457,-0.006557583985351174,0.12507387803015824,0.006603592226582539,0.9999907334807547,-4.6008304933252494e-05,0.9999999384184894,4.0423353672446335e-08,1.0000000613627784,-4.0251788253431094e-08,1.0,-7.165542425803584e-17,0.9999999999999994,1.403525860572052e-16,0.9999999999999999,9.678190289978959e-17,1.0000000000000007,2.6190918249858462e-17,1.0,-4.102433458290867e-17
773.5524217669459,232201688.7529425,91628386.55676597,1.5782344192776987e-17,56605.8747519313,-1.448805362592866,0.050643284751934504,1.8749334231560977,-0.006754440585729969,0.12507368812448957,0.0067966792703567465,0.9999928886160677,-4.2238764081789936e-05,0.9999999365808732,3.8310519861131844e-08,1.0000000633110777,-3.8168417753656973e-08,0.9999999999999992,7.648537130131055e-17,0.9999999999999994,2.972127452531195e-16,1.0000000000000004,-7.377261975258767e-17,0.9999999999999998,6.149070508950789e-17,0.9999999999999998,-1.2229446482009208e-16
796.145200696022,217518651.17907545,86502015.66203982,1.909898481214665e-17,50091.280646952655,-1.448718242741144,0.05212310157000951,1.8749315767929253,-0.006956824907203217,0.12507347701674565,0.00699539853808437,0.9999949460793509,-3.857372575696245e-05,0.9999999344311845,3.570256667122133e-08,1.0000000653926067,-3.554616018240704e-08,0.9999999999999994,0.0,1.0000000000000018,-1.4908628694201743e-16,1.0000000000000002,3.8485220452678476e-16,1.0000000000000002,2.336407866904051e-16,1.000000000000001,6.360250491060928e-17
819.3978362106054,204009729.66629592,81662463.57457128,1.9684578913918836e-17,52104.27381045388,-1.4486261483115204,0.05364571422078323,1.8749298468713522,-0.007164909820421293,0.1250732437998828,0.007199915067076157,0.99999690921094,-3.500536116526238e-05,0.999999932087998,3.2391154108563615e-08,1.0000000677485927,-3.224324950433569e-08,0.9999999999999992,1.78718258204352e-16,1.0000000000000004,0.0,0.9999999999999996,-5.406374870311426e-16,1.0000000000000004,-3.7512230431200385e-17,0.9999999999999999,1.6234602597611444e-16
843.3296004292259,191549174.52663043,77093682.68600391,2.3864997534542568e-17,46263.19395783308,-1.4485287802926408,0.055212357290105624,1.8749282308502957,-0.007378872727573765,0.12507298737280814,0.0074103988467696886,0.9999987816564789,-3.152625663422433e-05,0.9999999291482337,2.823741766249477e-08,1.0000000705970917,-2.810388809248207e-08,0.9999999999999997,7.268103702355814e-17,1.0000000000000004,3.0249293161011725e-16,0.999999999999999,6.916303417807644e-16,0.9999999999999997,1.6220164397914733e-16,0.9999999999999998,-1.325170452612144e-17
867.9603283420445,180027046.6335596,72780523.25232331,2.073719205934159e-17,57766.04526454131,-1.4484258219043067,0.05682429825411963,1.8749267264136151,-0.007598895607110071,0.12507270663716794,0.007627024745448942,1.0000005668182523,-2.812931982057409e-05,0.9999999255220098,2.3111773924903438e-08,1.0000000743606807,-2.2963818148526497e-08,0.9999999999999999,-6.626447235815838e-17,0.9999999999999998,3.451034822286606e-16,1.0000000000000004,2.0325211416657332e-16,0.9999999999999998,3.069386810626136e-16,0.9999999999999998,1.3948360436695548e-16
893.3104342503782,169347289.69088396,68708683.15871547,2.4135400800821675e-17,55124.74355847172,-1.448316938229878,0.058482839182669145,1.8749253313247718,-0.007825165241523407,0.12507240038429615,0.007849972774610125,1.000002268164302,-2.480776384173799e-05,0.9999999201696251,1.697310583687379e-08,1.0000000796833641,-1.683548969751241e-08,1.0,-1.7360181602410893e-16,1.0000000000000007,1.6720870480120574e-16,0.9999999999999999,-2.241031437063012e-16,0.9999999999999996,2.0153578804545562e-16,1.0,2.755680414091144e-16
919.4009286863665,159425983.9895312,64864660.49355895,2.8661606052396266e-17,53309.637235851456,-1.4482017753060408,0.06018931768705886,1.8749240434466097,-0.008057873398289653,0.1250720672687092,0.00807942825693664,1.0000038891474312,-2.155518296008347e-05,0.9999999122525015,1.026692537355736e-08,1.0000000876007857,-1.0097519697115067e-08,1.0,-2.6505010297190263e-16,0.9999999999999996,-1.7683161192718286e-16,0.9999999999999999,-1.9134688376689142e-16,1.0000000000000002,2.1165044241751938e-16,1.0,1.16744360305318e-16
946.2534358268023,150189762.99862882,61235708.78352924,3.3572007532403576e-17,54303.37574180784,-1.4480799580536488,0.06194510662839337,1.8749228608868342,-0.00829721691832538,0.1250717059595745,0.008315581839757462,1.0000054329666899,-1.8365402573337426e-05,0.9999999007206064,4.419189988629056e-09,1.0000000992026445,-4.1282778772559055e-09,1.0,0.0,1.0000000000000002,-5.831978965998597e-17,1.0,-9.746635478722681e-17,0.9999999999999996,-3.7452904466840584e-16,1.0000000000000002,-4.1461781997981036e-16
973.8902114155605,141574444.9723212,57809794.716720454,5.084998154335523e-17,43937.66295293207,-1.447951090516014,0.06375161661423187,1.8749217818207562,-0.00854339802252593,0.12507131490371368,0.008558629870548725,1.0000069029166958,-1.5232562538072182e-05,0.9999998853888863,2.041623414904845e-09,1.0000001145601298,-1.643339886236602e-09,0.9999999999999997,-7.658437493667033e-17,1.0,-1.7363739158281292e-16,0.9999999999999994,2.3852991425240226e-16,1.0000000000000002,-2.619045253173769e-16,0.9999999999999998,1.588552031425558e-16
1002.3341612094788,133523780.37595558,54575558.25190423,6.093990247787529e-17,44521.38079233379,-1.4478147533421932,0.06561029537693633,1.8749208046627674,-0.008796624382667116,0.12507089252734363,0.008808774377402356,1.0000083020571462,-1.215090452080194e-05,0.9999998692605129,6.073577634817475e-09,1.0000001310512308,-5.457565286291658e-09,1.0000000000000002,2.353741193174236e-16,0.9999999999999999,3.0696860230193356e-17,0.9999999999999993,-5.094314771476923e-16,1.0000000000000004,-7.505650672719012e-17,0.9999999999999998,2.862885861858686e-16
1031.6088599629775,125988385.43682846,51522274.943672344,7.158225208751132e-17,44422.99061461323,-1.4476705034157682,0.06752262966425132,1.8749199279799174,-0.00905710939282473,0.12507043707789867,0.009066223375294632,1.000009633586006,-9.114798358170424e-06,0.9999998568180368,1.586678935498181e-08,1.0000001440319073,-1.5293263303612076e-08,1.0000000000000004,4.544489994381435e-16,0.9999999999999997,-3.343071181727853e-16,1.0,-4.631114173580486e-16,1.0,9.145775730640136e-17,1.0000000000000002,-8.91182092002594e-17
1061.738570967155,118924787.68322468,48639820.38156104,9.836187590588944e-17,36412.15262287455,-1.447517871728536,0.06949014530140582,1.8749191505636804,-0.009325072300587893,0.12506994673581548,0.00933119094563253,1.0000109008476363,-6.118932590691295e-06,0.9999998501157703,2.731251428199567e-08,1.000000150891817,-2.727560863895433e-08,0.9999999999999997,2.3926271553719793e-16,1.0000000000000004,-5.973449633676349e-16,0.9999999999999991,1.8101930633712435e-16,0.9999999999999999,-1.6198848393740492e-16,0.9999999999999997,3.8401022219895674e-16
1092.7482661595527,112294612.75763848,45918636.620907925,1.6095059100215415e-18,302509.8245227658,-1.4473563624506767,0.07151440859569534,1.8749184714012785,-0.009600738451894904,0.12506941952263123,0.009603897491256844,1.0000121090631862,-3.1590284117763205e-06,0.999999983118277,7.474232645000722e-09,1.0000000168816083,-7.484962357094143e-09,0.9999999999999996,2.0698052712222838e-16,0.9999999999999998,3.200542669966316e-17,0.9999999999999999,0.0,0.9999999999999996,2.8909255759502753e-16,0.9999999999999998,1.9679737360213632e-16
1124.6636468212553,106063872.07644105,43349700.489230186,1.7657459707269534e-18,280588.9986152638,-1.4471854511731657,0.07359702695814636,1.87491788970167,-0.00988433947824569,0.12506885332761103,0.00988456989903372,1.000013256958778,-2.303973773914435e-07,0.9999999842430096,9.828469173238928e-09,1.0000000157546904,-9.844181611830508e-09,0.9999999999999983,1.554388903595522e-16,0.9999999999999996,-1.122572870743523e-16,1.0,-1.879014567498795e-16,0.9999999999999997,1.4930139440336855e-16,0.9999999999999992,-2.8749088103414123e-16
1157.5111648784818,100202351.71592465,40924493.66300277,2.542608013119086e-18,243045.5879650256,-1.4470045832535092,0.0757396497242988,1.8749174049031874,-0.010176113505701023,0.12506824590365853,0.010173441734636456,1.000014349192165,2.6717942192502037e-06,0.9999999857113032,1.1332711528525737e-08,1.0000000142729122,-1.134070342816384e-08,1.0000000000000007,1.6115870405818192e-16,1.0000000000000002,-1.0331875018933008e-16,1.0000000000000002,-1.0584679766145765e-16,1.0000000000000004,-5.995327118427487e-17,1.0000000000000002,-1.345356313785784e-16
1191.3180448263229,94683088.6619879,38634974.42492137,4.442316913012275e-18,209370.53797479943,-1.446813172183095,0.07794396906229731,1.8749170166804927,-0.010476305378050265,0.12506759484569882,0.01047075345539823,1.0000153884794487,5.55194144938813e-06,0.9999999871403649,1.2153805083557152e-08,1.0000000128346511,-1.2147145292868814e-08,0.9999999999999996,-7.321645247630206e-17,0.9999999999999998,-1.9512125155263931e-16,1.0,-4.567104876956606e-16,0.9999999999999993,8.006405068563009e-17,0.9999999999999998,-2.820563801287571e-16
1226.112306292793,89481920.93624268,36473550.997070275,3.918437307124695e-18,180631.59858741701,-1.4466105976135353,0.08021172065615953,1.8749167249528134,-0.010785166867888222,0.12506689760673337,0.010776752603836006,1.0000163774469175,8.414282033007218e-06,0.9999999883805808,1.2514069261467291e-08,1.000000011591095,-1.2491268472006873e-08,0.9999999999999992,1.0012840703546061e-16,0.9999999999999994,4.705671551483814e-16,0.9999999999999989,3.5057429430004866e-16,1.0,-1.3805023789129725e-16,0.9999999999999997,-8.269150590443207e-17
1261.922787261901,84577106.12981413,34433056.36716712,3.8896126957862115e-18,148908.92917551752,-1.4463962037116112,0.0825446847370719,1.8749165298937827,-0.011102956925488771,0.12506615144782976,0.01109169405199011,1.000017318667918,1.1262883718822839e-05,0.9999999894507065,1.2549234716996898e-08,1.0000000105129208,-1.2495168717819225e-08,0.9999999999999996,5.4684386741160454e-17,1.0000000000000002,-3.9622607841252915e-16,1.0000000000000004,0.0,0.9999999999999999,3.0017610823916926e-16,0.9999999999999993,1.517085964358706e-16
1298.7791679749862,79948993.87931462,32506724.522478316,4.106675529693661e-18,137236.77146520224,-1.446169296984305,0.08494468671973317,1.8749164319413691,-0.011429941901421731,0.12506535345345635,0.011415840207085939,1.0000182146152699,1.4101699873001183e-05,0.9999999902791913,1.2463671715278469e-08,1.0000000096844106,-1.2387867127513038e-08,0.9999999999999996,-1.411992655432616e-16,1.0000000000000004,1.0005681396457731e-16,1.0000000000000002,-7.330747745649634e-17,1.000000000000001,6.50371617455112e-16,1.0,-1.0215826375211825e-16
1336.7119955301284,75579747.91725777,30688168.017248724,4.730317779243976e-18,121487.13930993639,-1.4459291440107478,0.08741359785795863,1.8749164317999356,-0.011766395779603674,0.12506450054337673,0.011749461230487307,1.0000190676650969,1.6934556307345785e-05,0.9999999910303569,1.2196072852587986e-08,1.0000000089335201,-1.209028580717157e-08,0.9999999999999998,-3.560379396875776e-16,1.0000000000000002,-3.6763523585911436e-16,1.0000000000000009,-1.4916016229752057e-16,0.9999999999999999,-2.525338022563957e-16,1.0000000000000009,1.9996986036327074e-16
1375.7527092000223,71453111.0388737,28971356.786190372,6.28943464135591e-18,108950.83412939239,-1.4456749693363093,0.08995333607764051,1.8749165304495152,-0.012112600435082601,0.12506358944239968,0.012092835288490924,1.000019880115543,1.9765154037638234e-05,0.999999991712786,1.180491436253527e-08,1.0000000082516387,-1.1662304761155549e-08,1.0,1.097244665510914e-16,0.9999999999999986,-3.944600368626912e-16,0.9999999999999999,1.1642893377220352e-16,1.0,1.488756628495842e-16,1.0,9.961955236562559e-17
1415.933666489298,67554205.23536743,27350598.156472832,6.256683547974483e-18,95273.77373265437,-1.4454059532490575,0.09256586678316032,1.8749167291614781,-0.012468845901099822,0.1250626166496225,0.012446248811516479,1.0000206541967225,2.2597092530718043e-05,0.9999999924840403,1.1150966504480613e-08,1.0000000074792492,-1.0947968344115818e-08,0.9999999999999999,-3.323382176011014e-16,1.0000000000000004,4.527079301799264e-17,1.0000000000000004,8.241740213711825e-16,0.9999999999999997,2.890491177544562e-16,1.0000000000000004,3.22868567135116e-17
1457.288169952887,63869361.11246756,25820517.96578218,6.8178519605785915e-18,88566.9977958748,-1.4451212291343083,0.09525320337238459,1.8749170295015773,-0.012835430619998546,0.12506157845265387,0.012809996731541234,1.000021392052764,2.5433892299592686e-05,0.999999993150759,1.049379199405311e-08,1.000000006816894,-1.0244882004285334e-08,1.0000000000000002,-2.141603890936252e-17,1.0000000000000002,2.859838820355549e-16,0.9999999999999996,2.8456630760124357e-16,0.9999999999999998,2.762114506175445e-16,0.9999999999999998,0.0
1499.8504947976571,60385973.47253644,24376042.74207395,1.118686919224729e-17,77789.53236713621,-1.4448198807631591,0.09801740778770575,1.8749174333311152,-0.013212661710093181,0.12506047093123754,0.01318438273841321,1.00002209574433,2.8278974901653667e-05,0.9999999942612214,9.133004057186656e-09,1.0000000057113017,-8.790525857982076e-09,1.0000000000000004,0.0,0.9999999999999992,2.261095848211542e-16,1.0000000000000002,-3.0563274689957666e-16,0.9999999999999999,2.325784666843922e-16,1.0,9.602117523886308e-17
1543.6559172901975,57092379.151943095,23012382.882975,8.251059383426432e-18,77833.654058477,-1.4445009397515705,0.10086059121615526,1.8749179428267708,-0.01360085525854015,0.12505928991481205,0.013569719567483469,1.0000227672649256,3.113569226488979e-05,0.9999999947301131,8.529234501762922e-09,1.0000000052502465,-8.167387356493793e-09,0.9999999999999992,7.193462233291985e-17,1.0,4.056684856378509e-17,1.0000000000000013,0.0,0.9999999999999988,3.521333066246717e-16,1.0000000000000002,-7.321002497440707e-17
1588.740743994295,53977752.09603395,21725016.770348523,7.957178953724066e-18,80476.9814087144,-1.4441633823868862,0.10378491438938037,1.8749185604707903,-0.014000336592321201,0.12505803101340657,0.013966329257911868,1.0000234085219775,3.400733284919343e-05,0.9999999957742435,8.234654701616602e-09,1.000000004265869,-7.879140511987059e-09,0.9999999999999996,-1.40772966550781e-16,1.0,-6.120383566465563e-17,1.0,2.776963561078969e-16,1.0000000000000004,-2.9711077539325946e-17,1.0000000000000002,-3.1165010295100214e-17
1635.1423418623358,51032015.280591354,20509675.7786897,7.833715781148085e-18,92084.58584831421,-1.443806127272488,0.1067925884730578,1.874919289109428,-0.014411440617988045,0.12505668950377646,0.014374543493484652,1.0000240213909009,3.689712436191616e-05,0.9999999970385659,5.8568203041641585e-09,1.0000000030001328,-5.572071993788094e-09,1.0000000000000002,6.574732930900785e-17,0.9999999999999997,1.8275942875139048e-16,1.0000000000000007,-2.344918469918484e-16,0.9999999999999998,-1.8263375595290659e-16,0.9999999999999997,-6.367993737883507e-17
1682.8991692055736,48245763.08824944,19362330.11803221,4.4968801301545006e-18,96497.87094104447,-1.4434280310540082,0.10988587468463513,1.8749201318830813,-0.014834512062019318,0.12505526047928794,0.014794703820916364,1.000024607641334,3.980824242946508e-05,0.9999999971206662,5.667836885938554e-09,1.000000002918668,-5.3954918205785125e-09,0.9999999999999999,-3.727825834112395e-16,1.0000000000000002,8.518449371824499e-17,0.9999999999999999,0.0,0.9999999999999993,0.0,1.0000000000000007,-1.015792194523197e-16
1732.0508075689297,45610197.29202648,18279175.472856168,5.752684435147004e-18,81015.1428134683,-1.443027885993061,0.11306708516547942,1.8749210923033715,-0.015269905842452195,0.12505373869982328,0.015227162026296705,1.0000251690022157,4.274381565504793e-05,0.9999999965910388,5.8497578725534616e-09,1.0000000034216616,-5.437312762804733e-09,0.9999999999999996,-2.819709730649946e-17,0.9999999999999999,-1.9473768193009723e-16,1.0000000000000002,2.028725544834175e-16,0.9999999999999998,-1.7312284261758356e-16,0.9999999999999997,-1.4072864692540485e-16
1782.637994536747,43117070.32546667,17256620.384331953,5.689114355338457e-18,80499.79954060477,-1.442604416030779,0.11633858287829664,1.8749221742314544,-0.015717987372025413,0.12505211864212468,0.015672280425799982,1.0000257071314527,4.57069485962324e-05,0.9999999975368465,4.3725464938714104e-09,1.000000002487595,-3.933846679508224e-09,0.9999999999999999,-4.1825550885807633e-17,0.9999999999999991,6.78134117230317e-17,1.0000000000000004,0.0,1.000000000000001,-5.050302614996141e-16,0.9999999999999998,3.842867416324283e-16
1834.7026574966856,40758636.89057914,16291274.342890019,5.409902377480119e-18,84235.57187274363,-1.4421562732313973,0.119702781726531,1.8749233818979028,-0.01617913290045614,0.12505039446839153,0.01613043220274391,1.0000262236387605,4.870069697240955e-05,0.9999999975640321,4.293710250777049e-09,1.0000000024613296,-3.8703490643885e-09,1.0000000000000007,-9.376430163411626e-18,1.0000000000000002,0.0,1.0,2.1396640036817096e-16,1.0000000000000002,0.0,1.0,6.234302327676016e-17
1888.2879483897432,38527611.81995547,15379936.544210661,5.169796474466299e-18,86936.50966705523,-1.4416820339300678,0.1231621465059976,1.8749247199142063,-0.016653729864866604,0.1250485600120534,0.01660200175159606,1.0000267200784818,5.1728114738430166e-05,0.9999999978943166,3.74192395795079e-09,1.0000000021348807,-3.3238089076287323e-09,1.000000000000001,2.3538174884540954e-16,0.9999999999999998,-1.6341069101715394e-17,0.9999999999999993,3.1118203896560074e-17,0.9999999999999994,-1.7744547238381566e-16,0.9999999999999992,0.0
1943.4382794752053,36417133.32259611,14519585.2733732,9.441305463996082e-18,89992.65527370456,-1.441180194706682,0.12671919270030518,1.8749261932847645,-0.01714217724859394,0.12504660876286025,0.017087385030675098,1.0000271979571587,5.47922162676988e-05,0.9999999981795106,3.2594560064091197e-09,1.0000000018521502,-2.8472526856765787e-09,0.9999999999999991,2.0717055608466503e-16,1.0000000000000004,-2.990811578248979e-16,0.9999999999999992,3.1087337368788173e-16,1.0000000000000002,6.608242299012371e-17,1.0,-2.621762164216862e-17
2000.1993601401632,34420730.72197174,13707367.886840347,7.285677883846162e-18,92768.0617365071,-1.4406491680548115,0.1303764860769144,1.874927807407101,-0.01764488594838872,0.12504453386917563,0.017586989922682417,1.0000276587282733,5.789602629298172e-05,0.9999999986380821,2.503767025690509e-09,1.0000000013974384,-2.095788169349906e-09,1.0000000000000002,-4.015287263412629e-16,1.0000000000000002,2.585037641323063e-16,0.9999999999999999,-6.502804273561524e-17,0.9999999999999996,1.0753963728787248e-16,1.0000000000000004,4.6712540241692705e-17
2058.618234784112,32532296.06826314,12940591.34939068,1.5714765959385635e-17,97204.45006989114,-1.440087278007809,0.1341366422050328,1.8749295680858304,-0.01816227916161261,0.1250423281183441,0.018101236616801738,1.0000281038003527,6.104254306025802e-05,0.9999999985598762,2.5953728584144687e-09,1.0000000014739268,-2.2025057848419368e-09,1.0,-3.4203970105578056e-16,0.9999999999999996,1.736364061238768e-16,0.9999999999999996,-3.8682836203189996e-16,0.9999999999999999,-1.1506020294279505e-16,1.0000000000000002,-2.0876062702835375e-16
2118.743321810023,30746059.014332492,12216713.30672471,1.1347012661728865e-17,100880.26529998048,-1.4394927558148396,0.13800232592822678,1.8749314815738705,-0.018694792797937884,0.12503998388076595,0.018630558016799897,1.0000285345497895,6.423477933870386e-05,0.9999999988191173,2.159777667593383e-09,1.0000000012158499,-1.7751825268339066e-09,0.9999999999999992,1.3788930228205855e-16,0.9999999999999997,-3.0498715740979526e-17,0.9999999999999996,-1.4807058031299703e-16,0.9999999999999994,2.301468725802586e-16,1.0,2.3994832269405677e-16
2180.6244537542157,29056564.246899143,11533333.651537113,1.418194780780167e-17,104792.50093222062,-1.4388637350857216,0.1419762504575343,1.8749335545812271,-0.01924287588928691,0.12503749310298984,0.019175400145038837,1.0000289523200574,6.747574398868425e-05,0.9999999990609802,1.7557539872823213e-09,1.0000000009747492,-1.3803809683435869e-09,0.9999999999999997,-1.370419676536357e-16,1.0,-7.65002858737767e-16,0.9999999999999994,-1.4324366755978502e-16,0.9999999999999999,-4.082562026965973e-16,1.0,-1.293711446061016e-16
2244.312918588276,27458651.170684118,10888186.566004585,5.8177403821982275e-18,109160.4769097242,-1.4381982462395086,0.14606117595113047,1.8749357942262457,-0.019806990988175652,0.12503484737489937,0.019736222532790493,1.000029358403045,7.07684551110833e-05,0.9999999991858357,1.5384657738608927e-09,1.0000000008494656,-1.1735170522186917e-09,1.0000000000000009,9.442018525473178e-17,0.9999999999999994,1.8735494653163737e-16,0.9999999999999999,2.536898817470625e-16,1.0,6.002970767299563e-17,0.9999999999999996,0.0
2309.8615022272666,25947435.85265887,10279133.00733081,2.9810956428366796e-18,113732.53497644486,-1.4374942121136343,0.15025990867135272,1.874938208137089,-0.020387614652331725,0.12503203779338384,0.020313498704780417,1.0000297540736731,7.41159464543333e-05,0.9999999992938157,1.3513313692065661e-09,1.000000000740794,-9.96472204246637e-10,0.9999999999999998,1.7060672238938787e-16,0.9999999999999994,-2.002218695694629e-16,0.9999999999999999,-4.879298666031205e-21,0.9999999999999996,-2.7238146694547233e-16,0.9999999999999999,-3.535126972642699e-16
2377.324532279452,24518294.336637266,9704153.613116922,6.978637220209474e-18,118515.11222471438,-1.4367494421799343,0.15457529918115415,1.8749408044241624,-0.020985237883594764,0.12502905500313174,0.020907716611127454,1.0000301405766912,7.752127382176626e-05,0.9999999993870844,1.189351739983994e-09,1.000000000646757,-8.450349276962261e-10,1.0000000000000004,-4.402477077301056e-16,0.9999999999999992,-1.539277566625076e-16,0.9999999999999996,1.210865327228054e-16,0.9999999999999998,3.311819641156242e-16,0.9999999999999996,2.5539709534497893e-16
2446.7579230738,23166847.513996553,9161342.00566136,4.443326294775156e-18,123741.45567024991,-1.435961626989176,0.15901024052593277,1.8749435916992891,-0.021600366606974775,0.12502588917269875,0.021519379102243143,1.0000305191320353,8.098750360534548e-05,0.9999999993837895,1.176684781843366e-09,1.0000000006484862,-8.424209730439008e-10,1.0,0.0,1.0000000000000002,-2.3656368471359815e-16,0.9999999999999998,1.9629505944279518e-16,0.9999999999999998,2.496752281234682e-17,0.9999999999999999,-8.571533535873882e-17
2518.219222002583,21888947.238134265,8648898.4702204,2.19974383577397e-17,128932.66390215288,-1.4351283325840498,0.16356766620591062,1.8749465791162547,-0.022233522174541425,0.12502252994486776,0.02214900442926059,1.000030890942809,8.451774498694834e-05,0.9999999994644704,1.0391191543100384e-09,1.0000000005668646,-7.143547872215567e-10,1.0,0.0,0.9999999999999993,-5.548685051468234e-17,1.0000000000000004,1.237036672780901e-16,0.9999999999999994,6.874838232573003e-17,1.0000000000000007,2.2852712133802284e-16
2591.767657217482,20680663.45294338,8165123.984962742,7.518756247166469e-18,134332.776664685,-1.4342469942333622,0.16825054757474647,1.8749497763552567,-0.02288524186846501,0.1250189664577333,0.022797126741769785,1.0000312571908614,8.811512769631956e-05,0.999999999534878,9.20182412305568e-10,1.0000000004954464,-6.047342225572679e-10,0.9999999999999998,-1.1444744031378765e-16,0.9999999999999994,4.597604946575717e-16,0.9999999999999996,-8.412029535925706e-17,1.0000000000000002,3.577704784602107e-16,0.9999999999999997,1.4088832573125691e-16
2667.4641867187306,19538272.31939735,7708414.588490758,1.5445477046532838e-17,139957.1341016298,-1.4333149103569198,0.17306189109441417,1.8749531936526336,-0.023556079440539043,0.12501518730809547,0.023464296623829855,1.0000316190430845,9.178281729337573e-05,0.9999999995960165,8.170846963683961e-10,1.0000000004332175,-5.104032039890595e-10,1.0000000000000004,6.095575244725978e-17,1.0000000000000002,5.60576359581866e-17,0.9999999999999996,-1.961875500239215e-16,1.0000000000000002,-1.303112257742005e-16,1.0000000000000002,1.985409947967629e-16
2745.3715488779826,18458245.156042255,7277256.059305189,1.7978069270907308e-17,145779.83367764248,-1.4323292364046338,0.17800473528873564,1.874956841850293,-0.024246605677977155,0.1250111804927643,0.0241510816566433,1.0000319776607576,9.552402059259394e-05,0.9999999996495713,7.279754558758003e-10,1.000000000378533,-4.2967698910937375e-10,0.9999999999999997,-2.3626710868440816e-16,0.9999999999999998,-3.693400121507518e-16,0.9999999999999998,-3.0673979498429163e-16,0.9999999999999998,0.0,1.0000000000000002,2.3224799380937174e-16
2825.5543144367753,17437238.08005461,6870218.895438506,1.990305052496093e-17,151816.4479367042,-1.4312869780246444,0.18308214702226064,1.8749607323806488,-0.024957408971186226,0.12500693342806793,0.02485806698148911,1.00003233419508,9.934198849381707e-05,0.9999999996963735,6.505320534474338e-10,1.0000000003306104,-3.6051132216795603e-10,0.9999999999999998,0.0,1.0000000000000002,-6.417202447644772e-17,1.0000000000000002,-2.665463457110812e-16,1.0000000000000002,2.1230453311258648e-16,1.0000000000000007,0.0
2908.0789400236886,16472082.328424651,6485953.5730484305,4.656271636400886e-17,157502.7774292768,-1.4301849844895713,0.18829721757312928,1.8749648773047656,-0.025689095922610875,0.12500243290466195,0.025585855905337546,1.0000326897943232,0.00010324001605244286,0.9999999997764717,5.300331432418876e-10,1.000000000249579,-2.4791389072625557e-10,0.9999999999999996,-3.086311015024142e-16,0.9999999999999991,-2.74589377151067e-16,0.9999999999999993,-2.2077931167265948e-16,0.9999999999999986,-1.2636654722865298e-16,0.999999999999999,-4.663093409169707e-16
2993.013823234553,15559775.145418566,6123186.071422171,5.729460643212213e-18,164444.66395875707,-1.4290199414815632,0.19365305799960186,1.8749692892897225,-0.026442291963483123,0.12499766511370965,0.026335070513103236,1.0000330456002715,0.00010722145009573534,0.9999999997734172,5.248536477467753e-10,1.0000000002513802,-2.509148763156041e-10,1.0000000000000009,3.9661610951770906e-16,1.000000000000001,4.848402122753014e-16,1.0000000000000004,1.0248734864582395e-16,1.0000000000000009,2.1617778967817847e-16,1.0000000000000004,1.0396164302331858e-16
3080.429359321362,14697471.238380345,5780713.648751291,3.07509861210765e-17,170963.63411617125,-1.4277883647340808,0.19915279451682258,1.8749739817153854,-0.027217642032326485,0.12499261552256223,0.027106352344296435,1.0000334027657232,0.00011128968726485094,0.9999999998053584,4.744026485297385e-10,1.0000000002183613,-2.0803185912650287e-10,1.0000000000000004,-1.1307227740045615e-16,0.9999999999999993,-8.577267012216421e-17,1.0000000000000004,8.331859595435253e-17,0.9999999999999994,2.980569107036778e-16,0.9999999999999993,-1.6120958316737917e-16
3170.397999536867,13882474.66754929,5457400.852984298,2.7339256415255595e-17,176483.16747122994,-1.4264865924385326,0.20479956279273515,1.874978968640236,-0.028015811242898106,0.12498726891527716,0.02790036305622549,1.0000337624481126,0.00011544818689101948,0.9999999998595632,3.955000374998967e-10,1.0000000001632232,-1.36541053644079e-10,0.9999999999999991,1.7701178359400007e-17,0.9999999999999997,-1.773693709861452e-16,0.9999999999999998,-3.3200762188510327e-16,1.0,3.4141044416636427e-16,0.9999999999999999,-4.1886465117274894e-16
3262.9943111832176,13112231.197366573,5152175.756830095,1.8476281092110397e-17,184349.59362597726,-1.4251107776862,0.21059650175279937,1.8749842647828274,-0.028837485588255066,0.12498160941210522,0.02871778512408754,1.0000341258086947,0.0001197004633908819,0.999999999857335,3.9155874346906744e-10,1.000000000164327,-1.397919290653088e-10,0.9999999999999996,-1.4878588429368045e-16,1.0000000000000002,2.413299950791078e-16,0.9999999999999994,1.1670026004350891e-16,1.0000000000000004,2.973879534560717e-16,0.9999999999999998,1.4464884662741372e-16
3358.2950394144136,12384321.075514892,4864026.403641104,4.326016850536189e-17,190338.68114402838,-1.423656881795928,0.21654674727925316,1.8749898856327107,-0.029683372708490044,0.12497562034253942,0.029559322606736063,1.0000344940283536,0.00012405010045249708,0.9999999998872089,3.47420779377039e-10,1.0000000001334977,-1.025618403305496e-10,1.0000000000000004,4.8053864728335305e-17,1.0000000000000009,-2.3551372423826006e-16,1.0,-7.113525813091659e-17,0.9999999999999996,-1.1946645543010441e-16,0.9999999999999996,0.0
3456.3791708437916,11696452.160186086,4591997.451442458,2.458526193788858e-17,197017.5228886382,-1.422120666434651,0.22265342470132019,1.8749958474092479,-0.030554202653983457,0.12496928429136649,0.03042570190553836,1.0000348683029703,0.00012850074792017282,0.9999999998985862,3.3001352765467903e-10,1.0000000001211498,-9.205524223828191e-11,0.9999999999999996,-9.410567488292252e-17,1.0000000000000007,1.1858729037058022e-16,1.0000000000000002,2.5872829592608067e-16,1.0000000000000004,0.0,1.0000000000000002,0.0
3557.3279990092647,11046453.414585862,4335187.005272309,3.860552842071269e-17,198633.30403122967,-1.4204976862052519,0.22891964087467986,1.8750021670847459,-0.031450728702192184,0.12496258307073989,0.03131767257793338,1.0000352498480747,0.00013305612427409928,0.9999999999321422,2.869785206343455e-10,1.0000000000867337,-5.5619643450667726e-11,1.0000000000000002,-7.485630213300742e-17,0.9999999999999994,-1.127786426396975e-16,1.0000000000000002,-7.934516420311599e-17,0.9999999999999992,3.673450393348808e-16,1.0,-1.533267517911238e-16
3661.2251917505764,10432268.72876212,4092743.6267582984,2.860609885948351e-17,208365.58394261703,-1.4187832811456467,0.2353484754957288,1.8750088623931092,-0.032373728207604154,0.12495549770822564,0.032236008183996835,1.0000356399021988,0.0001377200236346163,0.9999999999293097,2.824418617324285e-10,1.0000000000886544,-5.755994313584142e-11,1.0,-2.2348002030146924e-16,0.9999999999999997,8.204945480543538e-17,1.0000000000000002,2.3824959160642654e-16,0.9999999999999998,-2.902839374427266e-17,0.9999999999999998,1.1949545556927176e-16
3768.156860554408,9851951.052288996,3863863.5105630094,4.222088801336957e-17,203926.13319953348,-1.4169725696192899,0.24194297186538274,1.875015951885517,-0.033324003503620275,0.1249480083831299,0.03318150718547419,1.0000360397348722,0.00014249631875307272,0.9999999999569863,2.5278084491476304e-10,1.0000000000601714,-3.414962692212375e-11,1.0,-1.2853722732625602e-16,1.0000000000000002,-3.4474248983173356e-16,1.0000000000000002,-6.810497204211888e-16,0.9999999999999998,4.83185015509574e-17,0.9999999999999998,-1.0662454272478339e-16
3878.2116319248166,9303656.814213023,3647787.8198017986,6.574026901825735e-17,206213.45279823997,-1.415060440636509,0.24870612652925075,1.875023454891994,-0.03430238282575977,0.12494009446601198,0.03415499386509857,1.0000364506455068,0.00014738895984012725,0.9999999999648465,2.369906401007295e-10,1.000000000051508,-2.433629239079856e-11,1.0000000000000004,-7.538889708917483e-17,1.0,3.8909016759068755e-16,0.9999999999999996,1.7284861711730273e-16,1.0000000000000007,1.5605400108347778e-16,1.0,1.6150393851576015e-16
3991.4807208381553,8785640.621207763,3443800.1696133926,3.539584507000813e-17,203709.22392174078,-1.4130415468010682,0.2556408783787159,1.8750313915478305,-0.03530972129791705,0.12493173448615388,0.035157319309794335,1.0000368739695116,0.00015240198759048604,0.9999999999739094,2.2603738048802502e-10,1.0000000000416793,-1.9327064406058973e-11,0.9999999999999991,-5.117820219878324e-17,1.0000000000000002,-5.014530468068283e-17,0.9999999999999993,-2.2060511281993057e-16,0.9999999999999996,-7.04769514287205e-17,0.9999999999999999,9.2108850494899e-17
4108.058006343357,8296250.215730001,3251224.2519578664,8.143462085938415e-17,220263.7149562908,-1.4109102973130412,0.26275009681703,1.8750397827966234,-0.03634690195945696,0.12492290612443016,0.036189362434476104,1.0000373110824214,0.00015753952505697934,0.9999999999701935,2.1818311196532935e-10,1.0000000000446692,-1.7306527655639485e-11,1.0000000000000004,2.0576757222162559e-16,1.0000000000000007,-9.242659250578086e-17,1.0000000000000004,-9.705181672655725e-17,0.9999999999999999,-7.94068298313695e-17,1.0000000000000004,-1.514179435400634e-16
4228.04010937024,7833921.682355945,3069421.593473189,2.728950168727609e-17,185636.17253474973,-1.4086608513790893,0.2700365691558653,1.8750486504118533,-0.03741483685035064,0.12491358618585559,0.037252031064052435,1.0000377634057769,0.0001628057860749983,0.9999999999898637,2.0608647562815152e-10,1.000000000024309,-1.0771231150125392e-11,1.0,-5.2107143072616777e-17,1.0000000000000002,-1.2668340981246227e-16,0.9999999999999991,-4.857353160686836e-16,0.9999999999999997,7.424897944741281e-17,0.9999999999999991,2.9011796929768324e-16
4351.526472810322,7397174.886371024,2897789.438556916,4.345274324502392e-17,187669.12602028484,-1.406287111433766,0.2775029868403124,1.8750580169389899,-0.038514468136535786,0.12490375065689292,0.03834626305509553,1.0000382324075623,0.00016820508186277897,0.9999999999917661,1.992559533819321e-10,1.000000000021754,-9.45531995423109e-12,0.9999999999999992,-2.3960457611431114e-16,1.0000000000000002,5.933482574703788e-17,0.9999999999999997,1.14030191494881e-16,1.0000000000000002,-1.9915401465983054e-16,1.0,-1.7040268864472062e-16
4478.619443936518,6984609.138503635,2735758.7509311037,4.7427328358335615e-17,199289.76046491798,-1.4037827172856936,0.2851519310307046,1.8750679057074604,-0.03964676930815794,0.12489337468674902,0.03947302749102556,1.0000387196092384,0.0001737418165895034,0.9999999999906934,1.9528787346979168e-10,1.000000000022195,-1.076857351779663e-11,1.0000000000000004,9.562157707970672e-17,1.0,-4.3692290737695192e-16,1.0,4.528834610415762e-16,0.9999999999999999,3.642481169367257e-16,0.9999999999999997,1.342265533981803e-16
4609.424359230034,6594899.071809574,2582792.327177648,5.682671108840503e-17,188472.1830567893,-1.4011410406087847,0.29298585719844344,1.8750783408182308,-0.04081274643839224,0.1248824325945449,0.04063332593768014,1.000039226590657,0.00017942050117788266,0.9999999999953274,1.8448603938866471e-10,1.0000000000169864,-5.209712336798956e-12,1.0000000000000004,-1.8148367384217637e-16,1.0000000000000002,-1.3051985316582303e-16,1.0000000000000004,-9.648404536177191e-17,1.0000000000000002,-1.8582701374038107e-16,0.9999999999999999,-3.9111940849898455e-16
4744.049631684752,6226790.721233432,2438383.015875411,4.919292109280041e-17,167932.04298095332,-1.3983551799276235,0.301007078703653,1.8750893471121715,-0.04201343950226165,0.12487089789626976,0.04182819375879094,1.0000397549949747,0.00018524574361193335,1.0000000000001008,1.7703295835233897e-10,1.0000000000116576,-2.793426645838359e-12,1.0000000000000004,-2.0674292329899703e-16,0.9999999999999992,2.599215176849524e-16,1.0000000000000007,2.1604941423667535e-16,0.9999999999999999,-3.7024735097216367e-16,1.0000000000000002,4.143615149089047e-16
4882.606840661482,5879097.794835586,2302052.035928063,7.825756798576706e-17,179638.3770416128,-1.3954179558894637,0.3092177492736777,1.8751009500758316,-0.0432499237655693,0.12485874339676199,0.04305870150133143,1.0000403065308145,0.00019122226439255384,0.999999999999205,1.7288632886316045e-10,1.0000000000120262,-3.585173747316045e-12,0.9999999999999996,2.120463027518116e-16,1.0000000000000004,1.4858691430629966e-16,1.0000000000000002,2.4689992013770695e-16,0.9999999999999992,4.802258692083905e-16,1.0000000000000002,-1.7386232093872614e-16
5025.210824366537,5550698.133124032,2173347.3898019195,6.083466612627579e-17,170913.21210878537,-1.3923219082642717,0.31761984501214335,1.8751131758818589,-0.044523311265811355,0.12484594113879227,0.044325956373590096,1.0000408829827518,0.0001973548920250673,1.000000000001392,1.6724052805392112e-10,1.0000000000093416,-2.7318722871614366e-12,0.9999999999999996,1.2368972226327913e-16,1.0,-2.920493330006918e-16,1.0000000000000004,4.3923609601031376e-17,1.000000000000001,-4.037990757295234e-16,0.9999999999999999,-2.9788605139601817e-16
5171.97977503129,5240530.33988704,2051842.3647122376,4.142677944008186e-17,163336.96393033172,-1.3890592924706624,0.32621514480827224,1.8751260512197025,-0.04583475235220887,0.12483246257224394,0.045631103781337994,1.0000414862114302,0.00020364857123975096,1.0000000000024127,1.6132157198322687e-10,1.0000000000078517,-1.5290246530407662e-12,1.0000000000000002,-1.6430193064810145e-16,0.999999999999999,-9.453536996943656e-17,0.9999999999999997,-2.4912840239674747e-17,0.9999999999999996,2.677059261072293e-16,1.0,1.6526361535091443e-16
5323.035336871595,4947590.584101678,1937134.1182799402,8.202809290993037e-17,166899.92108510435,-1.385622078177832,0.33500521035986375,1.8751396032778322,-0.047185437327916135,0.124818278562648,0.04697532896700736,1.0000421181629031,0.00021010836052818917,1.0000000000026303,1.560396293018838e-10,1.0000000000071911,-7.948322922463373e-13,1.0000000000000004,5.676446207515248e-17,1.0,-6.979651276315615e-17,1.0,0.0,1.0000000000000002,-1.4838119417701267e-16,1.0000000000000002,-1.4314783851496305e-16
5478.50270690826,4670929.560216933,1828842.3430604027,4.733971080284226e-17,146116.81300753032,-1.3820019484061348,0.34399136508267497,1.8751538596277468,-0.04857659818348515,0.12480335950198873,0.0483598587396929,1.0000427808736387,0.00021673944341034831,1.000000000004557,1.5169894398133543e-10,1.0000000000048412,-9.202717159621498e-13,1.0000000000000002,1.0779043710658103e-16,0.9999999999999992,5.949127453189087e-17,0.9999999999999999,-3.216661730968815e-16,0.9999999999999996,-6.042887827088896e-17,1.0000000000000009,0.0
5638.510738732138,4409649.6011530105,1726608.0058153656,6.288570723366026e-17,137681.85612801707,-1.378190299396941,0.3531746718731,1.875168848019914,-0.050009510415019186,0.12478767550960931,0.049785963289599604,1.000043476473844,0.00022354712523881147,1.0000000000050713,1.4735099487462865e-10,1.0000000000039315,-9.422814193948264e-13,1.0000000000000002,2.0642855279742723e-16,0.9999999999999998,2.4616227194291286e-16,0.9999999999999998,-9.459082268866141e-17,0.9999999999999996,0.0,1.0,-3.371307475675909e-16
5803.192049299834,4162901.9378257655,1630092.157458133,1.8102364468238137e-16,4346881.055373675,-1.3741782429921656,0.3625559108299483,1.875184596352179,-0.051485494980387014,0.124771196452321,0.051254958141311695,1.0000442071954894,0.00023053683928115796,1.0000000000000133,3.539741609127876e-15,0.9999999999999849,-8.175231615064883e-15,1.0000000000000004,2.396013601562319e-16,1.0000000000000002,-5.467462233820373e-17,1.0000000000000002,-2.7293317893860984e-16,1.0000000000000004,-1.896746927586721e-16,0.9999999999999997,1.126069690163509e-16
5972.68312884855,3929884.096361598,1538974.8094244404,1.763259882080392e-16,4767765.808525873,-1.3699566092668434,0.37213555555064726,1.8752011324295963,-0.0530059203404818,0.12475389218044194,0.05276820619134323,1.0000449753899567,0.00023771414977820675,1.0000000000000164,-8.525078034941872e-15,0.9999999999999809,-9.77987652368073e-15,1.0,-9.450719679878739e-17,1.0000000000000002,2.662507264121317e-16,1.0000000000000009,2.8033980445621636e-16,1.0000000000000004,3.9156025844630063e-16,1.0000000000000002,-3.006707270122418e-16
6147.124454021146,3709837.4282354037,1452953.8730783109,1.7770193379883264e-16,4782653.448149155,-1.365515950639427,0.38191374878548506,1.8752184836867856,-0.05457220462944345,0.12473573280031469,0.05432711987468094,1.0000457835128933,0.0002450847549806546,1.0000000000000178,5.6239284809407325e-15,0.9999999999999813,-1.0207490667188352e-14,0.9999999999999996,2.118845704598186e-16,1.0000000000000004,-1.8495559786250723e-16,0.9999999999999999,2.1470047296607392e-16,1.0000000000000002,-3.0953592638194516e-16,1.0000000000000002,1.1570531854679674e-16
6326.660604295211,3502044.7663394706,1371744.1582868304,1.7869071606602957e-16,4489780.7503317855,-1.3608465489184383,0.3918902783384025,1.875236677090318,-0.056185817979564255,0.12471668875936223,0.05593316348670523,1.0000466341503211,0.00025265449285754476,1.0000000000000162,1.128816851889676e-14,0.9999999999999827,-9.542474302060344e-15,1.0000000000000002,-4.0713749340118223e-16,0.9999999999999997,4.887274558794702e-16,1.0000000000000002,-1.0896349226299586e-16,1.0000000000000002,8.976824398352753e-17,0.9999999999999997,0.0
6511.440381812603,3305828.2013645144,1295076.428276561,1.8037955290557897e-16,3982669.864371596,-1.3559384220387187,0.40206455131659147,1.8752557386691278,-0.05784828495276609,0.12469673131358144,0.05758785561055845,1.0000475300173055,0.0002604293422068869,1.0000000000000133,9.276039783190233e-15,0.9999999999999852,-7.339846668906603e-15,1.0000000000000004,-1.2443807241053837e-16,0.9999999999999997,1.3304767273134752e-16,0.9999999999999996,-9.898694469515065e-17,0.9999999999999997,-6.118451489167022e-17,1.0000000000000004,2.127730080565056e-16
6701.61693470881,3120546.972275584,1222696.5070880558,1.905140563007039e-16,4946313.511070273,-1.3507813346527868,0.4124355693135839,1.875275693333654,-0.059561187158219515,0.12467583269529388,0.059292771731726694,1.0000484739710627,0.0002684154262531427,1.000000000000168,2.1957655874528377e-12,0.9999999999998306,-2.188100872733024e-12,1.0000000000000002,7.554459961952181e-17,1.0,1.0868913778719839e-16,1.0000000000000002,4.28579896559551e-17,1.0,-2.7818914388081064e-16,1.0,-1.1661838301634516e-16
6897.347884044321,2945595.4662987115,1154364.4372932762,2.317948213809893e-16,2800232.314382851,-1.3453648086381236,0.42300190222766504,1.8752965643124522,-0.061326166003728,0.1246539666726294,0.061049546985347626,1.0000494690149186,0.00027661901862371263,0.999999999999669,-1.395690679131811e-12,1.000000000000331,1.3912339713677742e-12,1.000000000000001,-1.67538384304883e-16,0.9999999999999994,-1.2393599779479843e-16,1.0000000000000002,-1.7502230726226e-16,1.0000000000000002,-4.0589932376454958e-16,1.0000000000000004,1.5163453825510112e-16
7098.7954544432305,2780401.3223239807,1089853.6846582966,1.5607804524359854e-16,3097390.731078818,-1.3396781374922853,0.4337616632963286,1.8753183728509288,-0.06314492565366543,0.124631108837423,0.06285987911098165,1.0000505183116384,0.00028504654280810853,1.0000000000007199,5.809537855343168e-13,0.9999999999992798,-5.819857494410052e-13,1.0000000000000004,4.0314978908188886e-16,0.9999999999999994,6.490013053898694e-16,1.0000000000000002,1.248898829497401e-16,0.9999999999999993,4.489911783251619e-16,1.0000000000000002,1.5746346611733286e-16
7306.126608547335,2624423.632623202,1028950.3872076179,2.2542037632328267e-16,2909737.100348147,-1.333710401192313,0.44471248334468,1.875341137577685,-0.06501923615433251,0.12460723723213374,0.06472553157409985,1.000051625190163,0.0002937045804887418,0.9999999999996709,-1.6080292504544565e-12,1.0000000000003288,1.6041041676304979e-12,1.0,4.701128744224114e-16,1.0,-1.4481493228142095e-16,1.0000000000000007,2.1525227433726793e-16,0.9999999999999991,-2.1653716136170022e-16,0.9999999999999999,-1.852062084977822e-16
7519.5131853971725,2477151.239652396,971452.6467238191,1.0892827015755323e-16,3752157.2479056492,-1.32745048398138,0.45585148591996516,1.8753648739355413,-0.06695093677082338,0.12458233290768579,0.06664833689934807,1.000052793156783,0.00030259987120838394,1.0000000000009768,1.5162861576544714e-13,0.9999999999990217,-1.4451532535020237e-13,1.0,2.1831436534283473e-16,0.9999999999999996,-7.110136950137327e-17,0.9999999999999993,1.5780722705063924e-16,0.9999999999999996,0.0,0.9999999999999999,-3.963597311770618e-16
7739.132042854688,2338101.1209200076,917169.859449449,1.6012747152489183e-16,3007757.9233799083,-1.3208870938871655,0.4671752628505721,1.8753895934676932,-0.06894193954675497,0.12455638062706703,0.0686302002266161,1.0000540259052368,0.0003117393204108757,1.0000000000002347,-2.434163490489483e-13,0.9999999999997654,2.398986838703168e-13,1.0000000000000007,-1.0075263924860166e-16,1.0,1.0272907947858509e-16,0.9999999999999998,0.0,1.0000000000000009,-8.06940141242408e-17,1.0000000000000013,-7.463723018564504e-17
7965.165204185572,2206816.8595639407,865922.0845277084,2.318745063827455e-16,2454398.8066452616,-1.3140087842384673,0.4786798505257966,1.8754153029858331,-0.0709942330974366,0.12452936968650173,0.0706731031004529,1.0000553273276696,0.0003211299967009367,0.9999999999997415,2.8062495496347934e-13,1.0000000000002576,-2.7428416355908497e-13,0.9999999999999993,2.0147432964172307e-16,0.9999999999999993,4.483141678233106e-16,1.000000000000001,-1.7418937910894386e-16,1.0000000000000002,0.0,1.0,-3.729099549155162e-16
8197.800008922763,2082867.1954128526,817539.4477002048,1.9670933020350855e-16,2676007.240482422,-1.3068039778617333,0.4903607076355801,1.8754420037390511,-0.07310988666272304,0.12450129473309539,0.0727791075193859,1.00005670152786,0.0003307791434810798,0.9999999999998456,-1.144592911745103e-12,1.000000000000154,1.1434781381086598e-12,0.9999999999999999,5.4559515200201244e-17,1.0000000000000004,1.517082682382191e-16,1.0000000000000007,-1.0562452835834567e-16,1.0000000000000002,6.852497562819038e-17,1.0000000000000004,-8.607604946141614e-17
8437.229268136134,1965844.6530589159,771861.5784812031,2.700726434985757e-16,2317070.112006664,-1.2992609917626794,0.502212693142696,1.8754696901804282,-0.07529105442381617,0.12447215698896706,0.07495036024864346,1.0000581528306158,0.000340694174725612,0.9999999999994041,2.5078211829282966e-13,1.0000000000005942,-2.4261827926438555e-13,0.9999999999999997,1.5104903750526127e-16,1.0000000000000013,-7.245635963105004e-17,0.9999999999999998,5.49497080803367e-16,1.0000000000000004,-2.5069633887901103e-16,1.0000000000000002,2.4987780287542954e-16
8683.651424237094,1855364.2422583876,728737.0786309902,1.786601730633432e-16,2275146.8499432974,-1.291368065694158,0.5142300471199833,1.8754983489519927,-0.07753998013147907,0.12444196524971031,0.07718909744504542,1.0000596857982975,0.00035088268643220785,1.0000000000000044,4.37132392143398e-15,0.9999999999999953,-3.070960456911099e-15,1.0000000000000009,3.225135909426057e-17,0.999999999999999,-1.0302972591139878e-16,0.9999999999999997,-1.6221569309056096e-16,0.9999999999999999,-1.7527384947996411e-16,0.9999999999999997,3.7722235834598036e-16
8937.270715450499,1751062.2282005323,688023.0205979126,2.1678366616809615e-16,2116920.8619286413,-1.2831133907599437,0.5264063720947822,1.8755279573862578,-0.07985900203964251,0.12441073737104795,0.07949764958663685,1.0000613052427003,0.0003613524528474182,0.9999999999999564,5.371220068552181e-13,1.0000000000000422,-5.338469737778158e-13,1.0000000000000009,2.348866046616293e-16,1.0,1.7660022234713642e-16,0.9999999999999991,-5.230276845198232e-17,1.0000000000000002,-1.0206072619749482e-16,0.9999999999999996,9.502568623265305e-17
9198.29734509023,1652594.9673594425,649584.4739889342,1.431292346380022e-16,2271413.6874738066,-1.2744851404104196,0.5387346169037908,1.8755584819674416,-0.0822505581938079,0.12437850179223255,0.08187844675741496,1.0000630162403201,0.0003721114362292643,1.0000000000003983,1.355875482556613e-13,0.9999999999996008,-1.3230018583091975e-13,1.0000000000000004,5.20030608857083e-16,1.0,6.689381105977353e-17,1.0000000000000004,0.0,1.0000000000000007,2.5491523064883597e-17,0.9999999999999998,3.131109640991144e-16
9466.94765577873,1559637.8056605204,613294.0584697145,1.4571919701480935e-16,2194303.3511953983,-1.2654715026727317,0.551207062476396,1.8755898765411867,-0.0847171920779992,0.12434529931070182,0.08433402429061551,1.0000648241481174,0.0003831677872162222,1.0000000000001035,3.4179674106858384e-13,0.9999999999998952,-3.383449750336846e-13,0.9999999999999993,1.341729977742046e-16,1.0,1.7388835568064019e-16,0.9999999999999999,2.607697416669633e-16,0.9999999999999993,-6.000328923461876e-16,0.9999999999999998,-7.001600135377589e-17
9743.444308754864,1471884.035969307,579031.5217212017,1.80197528727708e-16,1896473.793547093,-1.2560607133471393,0.563815309815015,1.8756220802451524,-0.08726155866685617,0.12431118513522668,0.08686702881712828,1.000066734619632,0.00039452984972774034,1.000000000000003,3.5046623988808706e-15,0.9999999999999957,-2.246993456171683e-15,1.0000000000000013,0.0,1.0000000000000007,-8.217210479286744e-17,1.0000000000000007,2.4751162993775597e-16,1.0000000000000004,-6.426974795242948e-17,1.0000000000000007,3.6182746116931197e-16
10028.016468418768,1389043.9121335861,546683.3411320389,1.7217868915494208e-16,1575668.5433509236,-1.2462410903380174,0.5765502705859324,1.8756550152077534,-0.0898864309060703,0.12427623116923457,0.08948022474231371,1.0000687536230104,0.0004062061636672811,1.0000000000001252,2.339432123195991e-13,0.9999999999998737,-2.31897422495517e-13,0.9999999999999993,-6.706084691973861e-17,0.9999999999999999,-2.5529720777868073e-16,0.9999999999999996,5.481405980575857e-17,1.0,3.995275138292296e-16,1.0,1.1188909526479245e-16
10320.899992266588,1310843.7159862448,516142.34761901095,1.7646862776445215e-16,1731294.894630928,-1.2360010683223948,0.5894021600639597,1.875688583879235,-0.0925947066536119,0.12424052866130833,0.09217650118372915,1.0000708874594582,0.0004182054698817586,1.000000000000002,2.954754357031232e-15,0.9999999999999962,-1.9443562922837935e-15,1.0000000000000002,5.631486354162024e-17,1.0000000000000004,-2.607460687165548e-16,0.9999999999999989,3.86979744893584e-17,1.0,-2.0211854074538714e-16,1.0,-1.0835588576966802e-16
10622.337626372571,1237024.8753631313,487307.37063834176,1.75143117832661e-16,1480952.8808903988,-1.225329234066301,0.6023604929854414,1.8757226660802437,-0.09538941611355796,0.1242041911361032,0.09495887940156815,1.0000731427836542,0.00043053671198847255,0.9999999999999964,-1.8098340487103287e-13,1.000000000000003,1.817544364204418e-13,1.0000000000000004,2.0109645923156088e-16,1.0000000000000002,-1.603218793237712e-16,1.000000000000001,3.879119740936698e-16,0.9999999999999999,2.293826685970545e-16,1.0000000000000004,-4.0824188603724716e-17
10932.579206580493,1167343.129931688,460082.9029740154,1.7690630226660303e-16,1551128.626078593,-1.214214360871857,0.6154140814233786,1.8757571154777353,-0.09827372980581423,0.12416735789840838,0.0978305207650015,1.0000755266238581,0.0004432090408116691,0.9999999999999988,1.352614756580553e-15,0.9999999999999999,-3.524709716804322e-16,1.0000000000000004,-4.021052164796053e-16,1.0000000000000004,0.0,1.0000000000000004,-2.0780400949094787e-16,1.0,-1.850056916835901e-16,1.0,8.286533158835189e-17
11251.8818655712,1101567.742776321,434378.7843730897,1.957308872211475e-16,1165045.899145831,-1.2026454435904412,0.6285510361378708,1.875791755813882,-0.10125096710771558,0.12413019778052392,0.10079473529074508,1.0000780464056052,0.0004562318167730062,0.9999999999999845,1.2528569929969872e-13,1.0000000000000142,-1.2252005791013167e-13,0.9999999999999994,-4.0201411274843443e-16,0.9999999999999996,2.64675642797779e-16,1.0,5.396579043360538e-17,1.0000000000000004,-2.5698503466274034e-16,1.0000000000000002,3.039670158639491e-16
11580.510245977872,1039480.7548479394,410109.9027389464,1.6868968987063874e-16,1246242.2803440092,-1.1906117317073281,0.6417587694927612,1.875826376364718,-0.10432460540610553,0.12409291366087274,0.10385499079218463,1.0000807099744096,0.00046961461381774547,1.0000000000000482,4.2397437775798816e-14,0.9999999999999504,-4.066976705704607e-14,1.0000000000000007,-1.6328041809264002e-16,1.0,9.295997739562752e-17,1.0000000000000002,1.2808465988706894e-16,1.0000000000000002,-5.846102182106853e-17,0.9999999999999997,-2.0555454603911675e-16
11918.736719725637,980876.280662174,387195.9121845123,1.9832906807647365e-16,1165003.0251156432,-1.1781027622080273,0.6550240017000599,1.8758607270263798,-0.10749828991417178,0.12405574735126691,0.10701492269362924,1.0000835256223422,0.00048336722053992764,1.0000000000000457,1.217103118023684e-13,0.9999999999999529,-1.205901154936072e-13,1.0,0.0,1.0,1.4507131005060032e-16,0.9999999999999999,0.0,1.0000000000000002,-1.2109427882045305e-16,1.0000000000000002,0.0
12266.841613777342,925559.8426602391,365560.9667885176,1.718926040301375e-16,1276097.7056686718,-1.1651083903490118,0.6683327687118694,1.875894512598799,-0.11077584417874652,0.12401898528627538,0.11027834453525374,1.00008650211492,0.0004974996437070551,1.0000000000000007,-9.861259633193972e-17,0.9999999999999981,-7.950886076486579e-16,0.9999999999999997,-4.8060736211767345e-16,0.9999999999999997,3.540028881448267e-16,0.9999999999999994,6.08155249265613e-17,0.9999999999999999,-1.4620215034540205e-16,1.0,1.4497866843840685e-16
12625.113442472564,873347.7420490548,345133.4691560594,1.96305156237698e-16,1057699.2530470826,-1.1516188183417242,0.681670431954635,1.875927386268471,-0.11416128135069563,0.12398296501190287,0.11364925924161078,1.000089648719634,0.0005120221088621089,1.0000000000000249,1.3373401248930713e-13,0.9999999999999747,-1.3162250063322787e-13,1.0,-3.3469126560117427e-16,1.0000000000000002,-5.333056453864075e-16,0.999999999999999,-1.7973183062324102e-16,0.9999999999999999,-9.553275889899289e-17,1.0,2.3893827810852026e-16
12993.849146652448,824066.4648160135,325845.83318745793,2.058856375717677e-16,836038.064088235,-1.1376246222830844,0.695021690108987,1.8759589423376932,-0.11765881625096503,0.12394808242493166,0.11713187118616084,1.000092975237377,0.0005269450645752039,0.9999999999999994,2.546854188729261e-15,0.9999999999999996,-1.4492836190863665e-16,0.9999999999999991,-3.3460859152248235e-16,0.9999999999999992,-2.6102638897180923e-16,0.9999999999999998,-7.3606817955563e-17,1.0,-6.120316707196131e-17,0.9999999999999998,6.306953571386313e-17
13373.354339768535,777552.1202017866,307634.25992343697,1.520711386004257e-16,1237356.0972619362,-1.1231167759256167,0.7083705914408598,1.875988707809186,-0.12127287828804828,0.12391480015602306,0.12073059910785303,1.0000964920347926,0.0005422791800770291,0.9999999999999788,2.8076808839930283e-14,1.000000000000019,-2.6263395754423376e-14,0.9999999999999999,-1.0035723255661588e-16,1.0,9.44224869955577e-17,0.9999999999999998,-5.450830058812471e-17,0.9999999999999996,6.912176648914193e-17,0.9999999999999997,-6.874152590928604e-17
13763.943561179594,733649.9104782847,290438.5259919463,1.9014836411511063e-16,929205.3987802432,-1.1080866725486231,0.7217005478371273,1.8760161330879115,-0.12500812528185226,0.12388365683185695,0.12445008993484703,1.0001002100802425,0.0005580353467639407,0.9999999999999996,2.376977306524604e-15,0.9999999999999996,0.0,0.9999999999999993,1.0869259454730991e-16,1.0000000000000002,1.6438287792282054e-16,1.0000000000000007,9.752927657848952e-17,1.0,-7.182918674811595e-17,0.9999999999999996,2.18310912285427e-16
14165.940536846354,692213.630206978,274201.783866981,1.7812339073084694e-16,894138.7273765708,-1.0925261426775492,0.7349943477491291,1.8760405810961585,-0.12886945824419682,0.12385527792373127,0.1282952335653022,1.000104140980111,0.0005742246788935001,1.0000000000000009,9.55230186385438e-16,0.999999999999999,-6.018349677038015e-16,1.0000000000000002,0.0,0.9999999999999989,-1.819360217034347e-16,0.9999999999999993,-5.206767931400971e-16,0.9999999999999994,6.728916162582617e-17,1.0,1.206516388012666e-16
14579.678447640239,653105.1930603366,258870.37318316402,1.7002694400351365e-16,941168.6568810231,-1.0764274698136518,0.7482341698941724,1.876061315233863,-0.1328620371564724,0.1238303877467197,0.1322711786465852,1.0001082970194106,0.0005908585099491926,0.9999999999999833,-1.400592731028741e-14,1.0000000000000155,1.406848918669539e-14,1.0000000000000007,2.8412636221585897e-16,0.9999999999999993,-1.8169936263284237e-16,0.9999999999999998,-3.9915609092628735e-17,1.0,0.0,1.0,-3.0856629967543933e-16
15005.50020548846,616194.1849736437,244393.6426095628,1.8157086426325615e-16,724358.86996531,-1.0597834022986135,0.7614015953676473,1.8760774855362319,-0.13699129783563915,0.12380982325976515,0.1363833494436701,1.0001126912039926,0.0006079483920334988,1.0000000000000004,6.714502508784057e-16,0.9999999999999984,-4.0101559194907154e-16,1.0000000000000007,-1.9381925340521315e-16,0.9999999999999998,-1.0528128320447939e-16,1.0000000000000002,-3.0070999531393564e-16,1.0,0.0,1.0000000000000004,3.2894657147019674e-16
15443.758737584356,581357.4421828648,230723.7816455434,2.0441357206305833e-16,610324.5162972873,-1.0425871624885232,0.7744776181673917,1.8760881130346099,-0.1412629698606016,0.12379454966036836,0.14063746376873,1.000117337305022,0.0006255060918712333,1.000000000000004,3.878480670749791e-14,0.9999999999999952,-3.8322076922218964e-14,0.9999999999999998,3.758547242380135e-16,0.9999999999999998,-5.573962113177846e-17,0.9999999999999998,3.3093144007867914e-16,1.0000000000000004,4.0137370983226635e-16,1.0000000000000004,1.635565816182013e-16
15894.81727889851,548478.6524189004,217815.66173145987,1.7829085794782953e-16,762645.7437152342,-1.0248324530616273,0.7874426538732953,1.8760920721035745,-0.14568309569082027,0.12378567798807714,0.14503955210513106,1.0001222499083509,0.000643543585899198,0.9999999999999915,-7.933578193769428e-15,1.000000000000008,7.785325096506365e-15,1.0,-1.3360273650348728e-16,0.9999999999999999,-4.1104978680615815e-17,1.0000000000000004,-1.7659231463181813e-16,1.0,-1.751639135055137e-16,0.9999999999999998,-9.952452279567552e-17
16359.049673233128,517447.97836335807,205626.6862347936,1.682310625903824e-16,667297.115511211,-1.0065134602249088,0.8002765444454495,1.8760880702541127,-0.15025805093500597,0.12378448528133905,0.14959597788208284,1.0001274444645496,0.0006620730529224063,1.0000000000000009,1.0894823155523398e-15,0.9999999999999986,6.678425044809386e-17,1.0,-2.7334073284635568e-17,0.9999999999999999,7.51943921773894e-17,0.9999999999999998,5.2766840005635635e-17,1.0000000000000002,-4.854833894211509e-17,0.9999999999999996,-1.528268101655632e-16
16836.84068306915,488161.7017291403,194116.6487318641,1.721098599402797e-16,706759.6450077234,-0.9876248549919495,0.8129585599865748,1.8760746253925356,-0.15499456585024407,0.12379243726385876,0.15431345898195017,1.0001329373435988,0.0006811068684407333,1.0000000000000009,4.969342936962617e-16,0.9999999999999987,-5.675222675428243e-16,0.9999999999999994,2.0029865071217822e-16,1.000000000000001,0.0,1.0000000000000004,-2.128518216094939e-16,1.0000000000000002,8.46334594480955e-17,1.0000000000000007,-1.8451504926335734e-17
17328.586308462924,460521.88702952326,183247.59917447294,1.763033032087635e-16,573941.9623961988,-0.9681617927672548,0.8254673961106115,1.876050040067972,-0.1598997480317909,0.12381121403909687,0.15919909044003525,1.0001387458929267,0.0007006575918308835,1.0000000000000044,-1.4742610291817176e-14,0.999999999999995,1.5238337985874448e-14,0.9999999999999993,5.006299543637284e-17,1.0000000000000002,-1.1851924238338544e-16,0.9999999999999998,-1.3915186077295302e-16,0.9999999999999994,-4.989595695593718e-17,0.9999999999999996,9.323795706285511e-17
17834.694115256745,434436.0638000884,172983.7174875413,1.978351538000037e-16,488954.9453514978,-0.9481199109540555,0.8377811654333057,1.876012372061429,-0.16498110634947324,0.12384273944040329,0.16426036839295607,1.0001448884981732,0.0007207379565958681,0.9999999999999936,-6.212592808709922e-15,1.0000000000000056,6.799654071313734e-15,0.9999999999999996,1.0010148825824597e-16,0.9999999999999996,-4.0173979265416114e-17,0.9999999999999999,-2.1030370661103892e-16,1.0000000000000004,-7.184042693316955e-17,1.0000000000000002,2.2028641013449465e-16
18355.58357287528,409816.92622801935,163291.19417451296,1.7545511335250373e-16,594129.6051339594,-0.9274953269003845,0.849877384382452,1.875959401371899,-0.1702465760311104,0.12388921397926822,0.16950521517660613,1.0001513846488437,0.0007413608545050636,1.0000000000000007,4.695978187229591e-16,0.999999999999999,-1.3343678797956688e-16,1.0000000000000002,3.058428724511102e-16,0.9999999999999993,-7.369174542348484e-17,0.9999999999999997,7.070833951642325e-17,0.9999999999999996,1.6919510698909723e-16,0.9999999999999994,6.8036960444875e-17
18891.686401987863,386582.0491861718,154138.11754208774,1.8395362120493546e-16,474012.7715095729,-0.9062846354975633,0.8617329528405903,1.8758885925890003,-0.17570454487616777,0.12395315240387134,0.17494200555688788,1.0001582550071397,0.0007625393192811075,0.9999999999999996,6.880778038600741e-16,0.9999999999999998,-2.0010882753083872e-16,0.9999999999999993,-1.0647862600106288e-16,1.0000000000000002,-2.429419051208696e-16,0.9999999999999998,0.0,0.9999999999999999,-4.649400741778382e-16,1.0000000000000002,-5.8234876692190356e-18
19443.44693232479,364653.6197352573,145494.36718902257,2.016949594851617e-16,411517.0786977973,-0.8844849082569084,0.8733241272973125,1.875797052396769,-0.18136388048372978,0.12403742612192657,0.1805795939777413,1.0001655214813117,0.0007842865059029534,0.9999999999999996,6.350676925550299e-16,0.9999999999999999,0.0,1.0000000000000004,-7.502405682891617e-17,1.0000000000000004,-6.109426227634794e-17,0.9999999999999998,1.0155122812061537e-16,1.0,1.343405960526886e-16,1.0,1.207966501658036e-16
20011.32247094418,343958.1831809634,137331.51339752885,1.6276739032246685e-16,444997.180914894,-0.8620936945767639,0.8846264865468799,1.8756814814415512,-0.1872339583500333,0.12414531125513821,0.18642734268201838,1.0001732073033203,0.0008066156679266223,0.9999999999999997,8.682131497190116e-16,0.9999999999999988,-1.3334759917735245e-16,0.9999999999999997,3.1175503921654177e-16,1.0000000000000004,6.115899182712515e-17,1.0000000000000002,8.413551920444002e-17,1.0000000000000004,-9.643303720077365e-17,1.0000000000000002,0.0
20595.783681254634,324426.4029050839,129622.72211366985,1.7617060897669469e-16,406585.08852096956,-0.8391090265100445,0.8956148895475097,1.8755381198584542,-0.19332469060037955,0.12428054303051758,0.1924951504703355,1.0001813371110198,0.000829540130087227,1.0,2.2251471256870873e-16,0.999999999999999,-1.1665548081129624e-16,0.999999999999999,6.277610366806435e-17,0.9999999999999992,0.0,0.9999999999999997,1.86131379072935e-16,1.0000000000000007,-1.603458350250716e-16,0.9999999999999997,-1.2369957851808083e-16
21197.314973107856,305992.8331324048,122342.6652062287,1.6591131014038532e-16,424818.27720335673,-0.8155294284735248,0.9062634257252716,1.8753626857937655,-0.19964655509397872,0.12444737717060915,0.19879348183690676,1.0001899370356169,0.0008530732571641509,1.0000000000000002,3.8012081319517594e-16,1.0,-1.3329512529868074e-16,1.0000000000000004,-3.0657974377749776e-16,0.9999999999999999,-3.822819783131358e-17,1.0000000000000009,7.455348143784612e-17,1.0000000000000007,-5.339069257826125e-16,1.0000000000000007,8.801623347818756e-17
21816.41490428447,288595.70398614916,115467.43572055627,1.54582748171066e-16,406685.76103106287,-0.791353932706123,0.9165453560183793,1.875150305641218,-0.20621062448585548,0.12465065956539724,0.2053333960667053,1.0001990347933851,0.0008772284191005541,1.0000000000000004,7.934152119149715e-15,0.9999999999999987,-7.352319414206828e-15,1.0000000000000009,8.329469038064498e-17,1.0000000000000007,-1.194402853147852e-16,0.9999999999999998,9.765957423448215e-17,1.0,-1.1264009611627508e-16,1.0000000000000009,2.554137041358917e-16
22453.596593705897,272176.7180084131,108974.46783075228,1.6499696470761161e-16,308568.06216562627,-0.7665821031289397,0.9264330470172388,1.8748954356426217,-0.2130285947572341,0.12489590457367368,0.21212657580627628,1.0002086597837054,0.0009020189509064514,0.9999999999999999,7.583275205628824e-16,0.9999999999999993,-3.6643714127613034e-16,1.0,-1.986154413365475e-16,0.9999999999999998,-1.9675767808419954e-16,1.0000000000000002,-3.3548724555291e-16,0.999999999999999,-2.0871527854308928e-16,1.0,-2.4531982787659775e-16
23109.388146714682,256680.85770300106,102842.46127895328,2.0070988211714634e-16,325547.90744213935,-0.741214068096113,0.9358978956799997,1.8745917730714796,-0.22011281254343784,0.12518938373650756,0.21918535443713258,1.00021884319199,0.0009274581065066142,1.0000000000000009,-4.812272545382696e-15,0.9999999999999986,3.88099903206038e-15,0.9999999999999994,6.494982283718337e-16,0.9999999999999996,-1.9129115107140484e-16,1.0000000000000004,-1.566336950074005e-16,0.9999999999999989,1.1616171669623355e-16,1.0000000000000004,-1.5120360189174369e-16
23784.333092775796,242056.20334217063,97051.31001675676,1.970691337802513e-16,316865.88579154515,-0.7152505649438297,0.9449102472112046,1.8742321564479043,-0.2274763004217333,0.12553822545288731,0.22652274141526965,1.0002296180991979,0.0009535590064599478,0.9999999999999987,5.443498885840854e-16,0.9999999999999996,2.87353451655276e-16,0.9999999999999999,-1.6651662782792222e-17,1.0000000000000009,-1.872843298383615e-16,0.9999999999999998,5.1402084906409765e-17,0.9999999999999998,2.0174420147262883e-16,0.9999999999999999,-3.764210741151792e-17
24478.990835961667,228253.76057828922,91582.03484955926,1.598834499684725e-16,372859.5860534713,-0.6886929972160871,0.9534393044229224,1.873808452888647,-0.2351327791378191,0.12595052751455674,0.23415244455566242,1.0002410195967988,0.0009803345820459974,0.9999999999999997,3.4300561146073377e-16,1.0000000000000007,1.9979812677878244e-16,1.0000000000000007,-2.5344700471990693e-17,0.9999999999999992,2.2312432199101425e-16,1.0000000000000002,-1.3285226350773575e-16,1.0000000000000002,0.0,1.0000000000000002,-9.548730374147603e-17
25193.937118594316,215227.2972650154,86416.7198352092,1.769553863577198e-16,281044.7142967651,-0.6615435077063694,0.9614530311381512,1.873311431759007,-0.24309668539282475,0.12643548333201368,0.24208888788479407,1.0002530849089866,0.0010077975080326454,0.9999999999999987,2.3258302146706373e-15,0.9999999999999998,-1.7865247375707585e-15,0.9999999999999994,9.98902108908903e-17,1.0000000000000009,-3.979482948831954e-16,1.0,1.2842402582854444e-16,1.0000000000000002,1.8220852991988708e-16,0.9999999999999998,1.543399344958911e-16
25929.76449842887,202933.18910107054,81538.4522801966,1.8168402503337209e-16,279637.2265938325,-0.6338050687396972,0.9689180492165365,1.8727306227452245,-0.2513831836124265,0.12700352373329327,0.2503472234829665,1.0002658535215103,0.0010359601292309665,0.9999999999999982,2.2356200976698743e-15,1.0000000000000016,-1.736196598041619e-15,1.000000000000001,8.323630632308864e-18,1.0,-1.324361399045243e-16,0.9999999999999999,-1.9218027498767484e-16,1.0000000000000004,1.6217976662147667e-16,1.0000000000000004,1.3660200938939291e-17
26687.082839773942,191330.27353724136,76931.26608705333,2.074611947110533e-16,233833.61764812176,-0.6054815925681325,0.975799531100976,1.8720541570176445,-0.2600081696190934,0.1276664756647172,0.2589433352388644,1.0002793673176427,0.001064834380291165,0.999999999999997,2.222563288249105e-15,1.0000000000000016,-2.2272310044040155e-15,1.0000000000000009,1.3317237890038708e-16,1.0000000000000004,3.032857155974408e-17,1.0000000000000002,-1.5251142690171312e-16,0.9999999999999997,0.0,1.0000000000000007,8.818538344660348e-17
27466.519818955945,180379.71159936435,72580.0883183717,2.0498289767092898e-16,213288.02621142007,-0.5765780640442628,0.982061089197959,1.8712685898049686,-0.2689882637962586,0.12843773947286352,0.2678938321055192,1.000293670722164,0.0010944316906748904,0.9999999999999986,4.232070461625729e-16,1.0000000000000007,6.014064033650012e-17,1.0000000000000009,-3.329250437203713e-17,0.9999999999999999,-2.0616101853417113e-16,1.0000000000000004,0.0,1.0000000000000004,-5.166024872608379e-16,1.0000000000000007,3.297905100557816e-17
28268.721444546245,170044.85718485314,68470.68876654007,1.6741123436390183e-16,265048.5082202809,-0.5471006985292277,0.9876646640594842,1.8703587028293767,-0.27834079064147355,0.12933248631773492,0.277216027756217,1.0003088108528893,0.0011247628852564123,0.9999999999999988,2.6388061392866203e-15,1.0000000000000009,-2.777585837886724e-15,1.0,-2.6634242439183056e-16,1.0,-3.0518650491701827e-16,0.9999999999999998,-1.6899686277641914e-16,1.0000000000000004,-2.1406109229168279e-16,0.9999999999999999,5.049118590784549e-17
29094.35259278235,160291.13344160985,64589.63238046828,1.639259524835089e-16,259496.0871829841,-0.5170571274833762,0.9925704138481332,1.8693072850788615,-0.28808374114915763,0.13036787724031978,0.2869279030819316,1.00032483768082,0.0011558380671245893,0.9999999999999988,8.45125588573298e-17,0.9999999999999999,1.9976425817067545e-16,1.0000000000000004,-2.283099278591149e-16,1.0000000000000004,-3.792124129161807e-16,1.0000000000000004,-1.0702667127367557e-16,0.9999999999999996,9.958301142417893e-17,1.0000000000000007,0.0
29944.0975586269,151085.9159117602,60924.23439833608,1.697687608607725e-16,227404.81182467053,-0.48645661473261015,0.9967366079963368,1.8680948905615797,-0.298235713591471,0.13156330523932297,0.29704804710001015,1.0003418041991032,0.0011876664913937024,0.9999999999999984,-3.0156724042229005e-16,0.9999999999999999,3.662590510666435e-16,1.0000000000000009,-9.674255871997782e-17,0.9999999999999996,1.331601020580393e-16,1.0000000000000002,0.0,1.0000000000000002,-3.9715058727102814e-16,1.0,-1.2148881882120467e-17
30818.660622921157,142398.42206894152,57462.518026059966,1.8058732192053412e-16,216493.07053493505,-0.45531030641494397,1.000119529213184,1.8666995721607826,-0.30881582746754715,0.13294066123804396,0.30759557104596186,1.0003597666011668,0.0012202564216893422,0.999999999999999,3.338487195544264e-16,0.9999999999999994,-2.890193133475871e-16,0.9999999999999998,-3.3299559949712365e-16,1.0000000000000004,0.0,1.0000000000000004,7.897143770854552e-17,1.0,1.403873013230354e-16,0.9999999999999993,-4.7870667099370844e-17
31718.766636103097,134199.6069333823,54193.174526334216,1.8990830183311e-16,172784.2077287176,-0.4236315170175047,1.0026733871579365,1.8650965906084778,-0.31984360448969373,0.13452462492314507,0.318589989518441,1.0003787844683745,0.0012536149712138,0.9999999999999983,9.811272509267543e-16,1.0000000000000013,-1.064765878962578e-15,1.0,0.0,1.0000000000000002,1.5296345210465093e-17,0.9999999999999998,1.5985526813811837e-16,1.0,-2.6055655954879746e-16,0.9999999999999998,-1.0910840198724108e-16
32645.161618973863,126462.06447613638,51105.52558895089,1.8063499188251057e-16,185961.61280595243,-0.39143605469175924,1.004350250376947,1.8632580991047858,-0.3313388093263031,0.13634297992757646,0.3300510613988814,1.000398920967639,0.001287747927422145,0.9999999999999991,3.483219215815651e-16,0.9999999999999996,6.661897973413996e-17,1.0000000000000002,-1.542317903848368e-16,0.9999999999999998,-1.0686523922221318e-16,0.9999999999999998,7.153021377035542e-17,1.0000000000000002,0.0,0.9999999999999994,-1.3049471179399105e-16
33598.613381010546,119159.9344624071,48189.48783793635,1.8895350378684654e-16,183694.89358669118,-0.3587425879064341,1.0051000022381278,1.8611528044142271,-0.34332124178705087,0.13842695252630124,0.341998582233753,1.0004202430594589,0.0013226595533328014,0.9999999999999998,3.2827667839452955e-16,0.9999999999999998,1.3326499940897773e-16,1.0,-5.3041461697656596e-17,1.0000000000000002,4.318494461619196e-16,0.9999999999999996,3.6697693623304275e-16,1.0000000000000002,-1.0294867307726237e-16,0.9999999999999997,-4.0882864172197414e-17
34579.912156737686,112268.81455325123,45435.539386748635,1.8325720620071523e-16,183433.80420178382,-0.32557305552144555,1.0048703283207574,1.8587456067868326,-0.3558104708304707,0.1408115714964509,0.35445211846096536,1.000442821716727,0.0013583523694268103,0.9999999999999991,1.2744303341217032e-15,0.9999999999999991,-9.832038496597954e-16,1.000000000000001,-3.9989140251036e-16,0.9999999999999998,5.1872713428647326e-17,0.9999999999999994,-2.2755782602725225e-16,1.0000000000000002,-3.0484291541664276e-16,1.0,-2.4183032930239544e-17
35589.87126068503,105765.67729170606,42834.688286111246,1.6550356866009488e-16,171284.4365862008,-0.2919531215078166,1.0036067441481333,1.8559972228448904,-0.36882549962116,0.1435360450010533,0.36743067271116214,1.0004667321540448,0.0013948269101624218,1.0,-1.5669700129153938e-16,1.0,2.250021400005931e-16,0.9999999999999998,0.0,1.0,-7.594272232034464e-17,1.0000000000000002,-2.426531461648194e-16,1.0000000000000004,0.0,1.0000000000000002,-1.88805116270116e-17
36629.3277614743,99628.79180670454,40378.44279281234,1.9966250033966434e-16,126554.90732868433,-0.2579126743978861,1.0012526732144142,1.852863797726826,-0.38238434975953134,0.146644148204334,0.38095226830866125,1.0004920540688393,0.00143208145087031,0.999999999999999,8.718294146270803e-17,0.9999999999999998,0.0,1.0,-6.668882243479194e-17,1.0000000000000004,0.0,1.0000000000000009,-1.1162951736143435e-16,1.0,0.0,0.9999999999999998,0.0
37699.14317559368,93837.64993952261,38058.78333778176,1.8661044433112063e-16,139979.28060848438,-0.22348637025861962,0.9977495877215651,1.8492965160968493,-0.39650355189666825,0.15018461200978037,0.3950334401881753,1.000518871893395,0.0014701117084104523,0.9999999999999991,4.4450032185891864e-17,0.9999999999999999,1.0423946442794541e-16,0.9999999999999998,-9.767947434168655e-17,1.0,1.2035019856326416e-16,0.9999999999999996,1.5807416248437448e-16,0.9999999999999998,1.637089311388361e-16,0.9999999999999999,-5.992438094862034e-18
38800.20418143509,88372.89656273487,35868.13609024955,1.7202156146123883e-16,137793.3628963834,-0.18871421580183778,0.9930372236374025,1.8452412243280514,-0.411197529357178,0.1542115006135882,0.40968861885385005,1.0005472750583608,0.0015089105033281448,0.9999999999999993,6.041395619450762e-17,0.9999999999999996,2.3359256820463516e-16,0.9999999999999998,7.422666499283285e-17,1.0000000000000007,-2.1835289998893397e-16,1.0000000000000002,3.184371152073548e-16,1.0,1.2505095664013087e-16,0.9999999999999998,1.5309604532795707e-16
39933.423354185965,83216.26391605908,33799.34804952197,1.9854133669901462e-16,123531.05256342153,-0.15364218594817203,0.9870538857972901,1.8406380816476056,-0.42647786155763523,0.1587845600843622,0.4249293941712502,1.0005773582680222,0.0015484673863804853,0.9999999999999988,2.0007867925119529e-16,1.0000000000000002,-1.9196773044231856e-16,1.0,-4.9003513424969225e-17,0.9999999999999993,-3.754464523023064e-16,1.0,9.768969118029129e-17,0.9999999999999999,-5.824576475697495e-17,0.9999999999999999,-3.476731348127138e-17
41099.739922184686,78350.50968512891,31845.663549465036,2.01810777825637e-16,117918.4861447515,-0.11832286657979552,0.979736856890288,1.8354212619457027,-0.4423524149733384,0.16396951626821768,0.44076364675026664,1.0006092217860914,0.0015887682230501473,0.9999999999999988,2.3516930696950456e-16,1.0000000000000002,-2.4216937959475847e-16,1.0000000000000002,-9.994385016646383e-17,1.0,-1.0656336178256585e-16,0.9999999999999998,-2.3536553974945786e-17,0.9999999999999999,8.60246914273087e-17,0.9999999999999999,-1.8408590987845477e-16
42300.12054536654,73759.35865801439,30000.702113190746,1.5024394883532756e-16,153193.5297833984,-0.08281610943225104,0.9710229272991546,1.8295187348668696,-0.45882433178214743,0.16983829340050424,0.4571945370517982,1.0006429717326173,0.0016297947303181965,0.9999999999999989,7.771849993950954e-16,1.0000000000000004,-7.176839188005806e-16,0.9999999999999992,2.0052827926996785e-16,1.0000000000000004,0.0,1.0000000000000002,1.0251761328792779e-16,1.0,9.989821192828585e-17,0.9999999999999998,3.0598392712635635e-16
43535.560116445355,69427.4477608673,28258.437571464583,1.9755080591763804e-16,114191.66562686757,-0.04718968130542578,0.9608490600328934,1.8228521600391474,-0.47589087019970294,0.17646911956969422,0.4742193462380726,1.000678720391147,0.0016715239616522598,0.9999999999999986,3.2503623640237326e-17,1.0000000000000004,6.270353576524537e-18,0.9999999999999998,0.0,0.9999999999999998,-3.0482331233792417e-16,1.0000000000000009,5.748937788671359e-17,1.0000000000000002,-4.298421989272309e-16,1.0000000000000004,-4.362113829903579e-17
44807.082585494885,65340.27426705956,26613.1783679632,1.899528869662344e-16,115517.58379970177,-0.011519884164520988,0.9491532049282241,1.8153369352801714,-0.493542096890575,0.183946478195295,0.49182816915740785,1.0007165865245353,0.0017139277331105944,0.9999999999999991,8.250957343365909e-16,1.0000000000000007,-1.0559299547104817e-15,1.0000000000000004,-1.3385706485872816e-16,1.0000000000000009,-3.586677701325062e-16,0.9999999999999998,-1.0567079222344379e-16,1.0,-5.213933279642609e-17,0.9999999999999996,-1.3866314249338155e-16
46115.74180861335,61484.14703810105,25059.54899515233,1.6003101256639014e-16,128515.50949333681,0.024107883082258752,0.9358752727890899,1.8068824453462335,-0.5117594405858401,0.19236085895458307,0.5100024685998216,1.000756695699185,0.0017569719859900313,0.9999999999999992,-1.0093807453208111e-16,1.0000000000000004,6.279112424176487e-17,1.0,-1.4902623202730864e-16,0.9999999999999996,-3.489929826679371e-16,1.0000000000000004,-1.8836132427759676e-16,0.9999999999999994,3.9241091586162783e-16,1.0000000000000007,-7.792850818082274e-17
47462.622421374515,57846.14058089713,23592.472476143063,1.805258497883367e-16,116612.81525773836,0.059598656560069685,0.9209582744841184,1.797392562019098,-0.5305141279044454,0.20180825736574431,0.5287135118293755,1.0007991806151686,0.0018006160749825279,0.9999999999999987,2.3949792042105453e-16,0.9999999999999993,-1.319651827099691e-16,1.0000000000000004,-4.508780718918375e-17,1.0000000000000004,1.5646754499600117e-16,1.0000000000000007,0.0,0.9999999999999993,8.467113169523086e-17,0.9999999999999999,4.590703619119171e-16
48848.84073778926,54414.05183803846,22207.15386318197,1.9306990862628252e-16,88721.99526123586,0.09484757405672894,0.9043496222868801,1.7867664481440912,-0.5497655372089426,0.21238937041502348,0.5479207252299775,1.0008441814408953,0.001844811978936814,0.9999999999999999,-6.955831850818645e-17,0.9999999999999999,1.1740208441126555e-16,1.0,0.0,1.0000000000000004,-2.0269941741707164e-16,0.9999999999999997,1.8315202622188875e-16,0.9999999999999993,1.172993424266079e-16,1.0,0.0
50275.54567552264,51176.35941284734,20899.06463735507,1.9306683790350711e-16,94589.28363644076,0.12973972155883473,0.8860025815987965,1.7748997168174385,-0.5694595240799957,0.22420843703453178,0.5675700206624601,1.0008918461480352,0.0018895034175721167,0.999999999999999,-3.5341083562712613e-17,1.0,1.1750950330087997e-16,0.9999999999999994,2.9769506837692996e-16,0.9999999999999993,-8.22596072595485e-17,0.9999999999999996,1.8745458565668308e-16,0.9999999999999998,2.893528540540838e-16,1.0,-1.634433241187409e-16
51743.9197081334,48122.18527014531,19663.928026262787,1.7323328428668656e-16,105694.72002003822,0.16415020628366506,0.8658778453177969,1.7616859877178568,-0.5895267911743245,0.23737168143715046,0.5875921663027667,1.0009423308449854,0.0019346248716573416,0.9999999999999993,-7.179866172328177e-17,1.0000000000000002,-1.522823116077142e-16,1.0000000000000007,1.1236910179452623e-16,0.9999999999999998,0.0,0.9999999999999992,1.461923179289115e-16,0.9999999999999997,5.863875959525442e-17,0.9999999999999999,3.3909252406755406e-17
53255.17984512503,45241.25861632229,18497.705135986926,1.8833649217599701e-16,98197.48655197812,0.19794450133799302,0.8439451900362482,1.7470188690141815,-0.6098813953588588,0.25198533088252284,0.6079012948695273,1.0009958001032944,0.0019801004893485736,0.9999999999999991,-7.483808751272647e-17,0.9999999999999993,-5.351842382719063e-17,1.0000000000000007,2.691400605827606e-16,1.0,-6.735023203702311e-17,0.9999999999999998,1.0944489482965826e-16,1.0,7.92531268690241e-17,1.0000000000000004,2.5550151266488996e-16
54810.57864062074,42523.88190554845,17396.581867587083,1.9189715209479853e-16,76209.37941085556,0.23097909806801198,0.8201851538098134,1.7307943687539182,-0.630419501174506,0.2681532039746661,0.6283936583060198,1.0010524272714065,0.002025842868556567,0.9999999999999997,-2.5902241352548715e-16,0.9999999999999999,1.768219481837495e-16,0.9999999999999994,-3.5769590018031567e-17,0.9999999999999998,8.438856915937473e-17,1.0000000000000002,-8.918331764697427e-17,0.9999999999999998,-1.4266487935012524e-16,0.9999999999999998,-2.5654656942571185e-16
56411.40523149833,39960.89881538561,16356.956574964805,1.7313008332137987e-16,97483.96431908284,0.2631024887341127,0.7945906594205541,1.7129137083775234,-0.6510185012930416,0.2859738968525833,0.6489467495945533,1.001112394769891,0.0020717516985074525,0.9999999999999999,7.509620563496093e-17,0.9999999999999996,-2.3183065081820726e-16,1.0000000000000002,0.0,1.0,1.5027955302106933e-16,1.0000000000000002,0.0,0.9999999999999998,1.0640718244795538e-16,1.0,-2.4334597053561957e-17
58058.986405845346,37543.66407682977,15375.42841378212,1.8898999235304213e-16,67160.82245514533,0.29415647817313584,0.7671684928564204,1.693286471980066,-0.6715366242313833,0.3055376336613872,0.6694189119845241,1.0011758943585525,0.002117712246820881,0.9999999999999993,-3.808788588677109e-16,1.0000000000000002,1.5166335795223765e-18,0.999999999999999,3.376396406416568e-16,0.9999999999999998,-8.671521680133096e-17,1.0000000000000004,-5.3611307306407016e-17,1.0000000000000004,2.7467676940267477e-16,0.9999999999999998,0.0
59754.68770262015,35264.015036937824,14448.786345304232,1.9282575726658246e-16,89194.4441830301,0.32397779267262194,0.7379405382034346,1.6718339816151566,-0.6918131354106603,0.3269228910189856,0.6896495417398829,1.0012431273658624,0.0021635936707585252,0.9999999999999992,-4.2484501077232313e-16,0.9999999999999997,-3.684150614779175e-17,0.9999999999999999,1.0988219064734626e-16,0.9999999999999994,-1.5964356254097777e-16,0.9999999999999999,-2.2399874132111297e-16,1.0,7.939180556356287e-17,0.9999999999999994,4.019335414879084e-17
61499.914543430175,33114.24484388045,13573.998757110136,1.8273248893761677e-16,82349.97296360794,0.35239991650501423,0.7069446754477637,1.6484927501028588,-0.7116692052706605,0.35019294502921167,0.7094599581373445,1.0013143048679418,0.002209247133256267,0.9999999999999983,-1.5660410363191297e-16,1.0000000000000002,1.8926514933055617e-16,0.9999999999999993,-7.212174301844256e-17,0.9999999999999998,0.0,0.9999999999999987,0.0,1.0000000000000004,-1.3097503463234538e-16,0.9999999999999992,1.7964045555820612e-16
63296.11339736563,31087.077149972836,12748.20366193218,1.740666085072706e-16,87348.20757613528,0.37925504445890823,0.6742352633816353,1.6232178315860355,-0.7309094662306578,0.37539252061298695,0.7286549625303438,1.0013896478009823,0.0022545037003403176,0.9999999999999982,-4.760872864473903e-16,1.0,-6.888096363383329e-18,0.9999999999999999,-2.081718653324311e-16,1.0000000000000002,1.0110219343188836e-16,1.0000000000000002,1.9326891931534866e-16,0.9999999999999999,-8.069829765046569e-17,0.9999999999999999,0.0
65144.77297985382,29175.64222399685,11968.699443659545,2.0305974797929605e-16,70388.0029313324,0.4043760006125581,0.6398831696576239,1.5959858830943923,-0.7493242142039945,0.4025447299167186,0.7470250422124942,1.0014693869888982,0.002299171991507486,0.9999999999999987,-2.411451306546457e-16,1.0,-1.4539882031216052e-16,0.9999999999999994,0.0,1.0000000000000004,0.0,1.0000000000000002,8.047428666325128e-17,0.9999999999999991,-2.2051699254795528e-16,0.9999999999999997,-1.5816670844488301e-16
67047.42548652789,27373.45437867359,11232.93611472655,1.5363542654824504e-16,76842.87799324858,0.42759794313770527,0.6039753649768528,1.5667977695702158,-0.7666921351362693,0.4316484673681046,0.7643490995811041,1.0015537630616842,0.002343035555142865,0.9999999999999997,-1.6280658912396146e-16,0.9999999999999996,-1.4513326865510675e-16,1.0,1.5818106243352375e-16,0.9999999999999996,8.308021642973304e-17,0.9999999999999999,-4.815720222804846e-17,0.9999999999999997,5.786393748586306e-17,0.9999999999999996,-6.446075957259796e-17
69005.64786313263,25674.390618294678,10538.507054746724,1.8958374563802824e-16,63009.92726687862,0.44875966557241753,0.5666141758698315,1.5356806023228662,-0.7827833693086079,0.46267637144104584,0.7803975193768354,1.0016430262360911,0.0023858499317871372,0.9999999999999983,-6.180935266358455e-16,1.0000000000000007,1.600424233756778e-16,1.0,0.0,1.0000000000000007,2.9350704342151334e-17,1.0,0.0,1.0000000000000002,1.2447966338648805e-16,1.0000000000000002,5.607051144162771e-17
71021.06311251973,24072.670432325678,9883.141205702306,1.6566954251764913e-16,79294.69180167359,0.46770432459933176,0.5279163801197078,1.5026891932326034,-0.7973626822649944,0.49557337084441827,0.7949353428963647,1.0017374359229856,0.0024273393686073843,0.9999999999999989,-5.83864078249349e-16,1.0,1.0045120360740896e-16,1.0000000000000002,1.983352789859872e-16,1.0,1.4567137891736003e-16,1.0000000000000009,-1.4304893677906098e-16,1.0000000000000002,-1.0897344775190543e-16,0.9999999999999998,8.527010201499957e-17
73095.34163981589,22562.83663424873,9264.695685166736,1.5976028821609426e-16,94320.82440188923,0.4842794824674712,0.48801242234562625,1.4679070264728875,-0.8101925110787314,0.530255713411446,0.8077253179399085,1.0018372601156595,0.0024671931388314454,0.999999999999999,-5.063600551324012e-16,0.9999999999999993,8.554886159494007e-17,1.0,-2.6014109860342326e-16,0.9999999999999999,7.226701729851638e-17,0.9999999999999996,4.24805587894121e-16,0.9999999999999996,-2.935339652368017e-16,1.0,-7.505532569838524e-18
75230.20263687859,21139.73720330159,8681.148802345984,1.6370171191495116e-16,67566.76366664194,0.4983364561508239,0.44704610979822035,1.4314469766011058,-0.8210357160912208,0.5666102488935296,0.8185306546746051,1.001942774505374,0.002505061416573424,0.9999999999999996,-5.121906613795711e-16,1.0000000000000004,-5.3313521276420694e-17,0.9999999999999997,-2.245943065679809e-16,1.0,-1.6900933677858792e-16,0.9999999999999998,-3.0391308487011684e-16,1.0,-2.0136531402249924e-16,1.0000000000000004,-2.8032488688014583e-16
77427.41550718702,19798.508064693986,8130.5934451618705,1.9184591420854017e-16,80986.42613134705,0.5097291155722914,0.4051752005786571,1.393452106768826,-0.8296579993109732,0.6044936319774336,0.8271174486596683,1.0020542612537415,0.002540550651322629,0.9999999999999992,-3.4529842950457035e-16,0.999999999999999,5.745997093828368e-17,0.9999999999999998,1.234888897551175e-16,0.9999999999999994,-1.1580979174170072e-16,1.0,-9.916666714531398e-17,1.0000000000000007,6.717274503087854e-17,1.0,8.707272116162185e-17
79688.80133234913,18534.556754482233,7611.23080872905,2.0732379513137067e-16,50378.813272123465,0.5183124684094125,0.3625732980406964,1.3540969284432527,-0.8358301504178316,0.6437310642224154,0.8332569320440417,1.0021720073343365,0.002573218373777246,0.9999999999999992,-2.6181617000556855e-16,1.0000000000000004,-4.064671391135779e-16,1.0,-1.8127266172523826e-16,0.9999999999999999,-1.2953474196808733e-16,1.0,0.0,1.0000000000000007,-1.3740001236382392e-16,1.0000000000000002,5.457661038323032e-17
82016.2343814402,17343.546985877296,7121.364451848896,1.600447499681503e-16,66321.03095182336,0.5239415911793017,0.3194333854403667,1.3135894500441452,-0.8393305237329679,0.6841142476206649,0.8367279563656442,1.0022963023351927,0.0026025673672865632,0.9999999999999994,-2.646232492591048e-16,1.0000000000000002,-1.65923793063117e-17,1.0000000000000002,-1.437383115257318e-16,1.0,-2.8714727497424827e-16,0.9999999999999999,5.106176788633506e-17,0.9999999999999998,-9.685402355454279e-17,1.0,-3.9096414261397375e-17
84411.64366442403,16221.384121559106,6659.394652481402,1.9876907763004443e-16,64669.744738599824,0.5264716971778469,0.2759731567374261,1.2721741588006632,-0.8399483972567275,0.7253984056162526,0.8373203581342689,1.0024274355830736,0.002628039122487479,0.9999999999999988,-4.456602120907342e-16,0.9999999999999998,-8.993782577977597e-17,0.9999999999999999,-7.235753765020174e-17,1.0,-3.9381488864179357e-16,1.0,-2.695835853067793e-16,1.0000000000000002,-8.011748846144235e-17,1.0000000000000002,6.362070964763296e-17
86877.0145309441,15164.201602434145,6223.813036713831,2.0079933786642927e-16,53295.872319201415,0.5257603245000269,0.2324419912962536,1.2301357410521145,-0.8374890454344923,0.7672985665360411,0.8348400389446612,1.0025656924118254,0.00264900648989547,0.9999999999999983,-1.3506802527161837e-16,1.0000000000000002,1.0239212447285244e-16,0.9999999999999996,-1.7358027375207614e-16,1.0,0.0,0.9999999999999993,6.153704309327868e-17,1.0000000000000007,-1.3557903266322661e-16,0.9999999999999993,4.140070612764727e-17
89414.3903158099,14168.348459286328,5813.19746644154,1.9562313973446936e-16,62367.27802681992,0.5216727226681357,0.18912897708932663,1.187802867738566,-0.8317813845364793,0.8094857829086467,0.8291166190923185,1.0027113493527928,0.002664765444156581,0.9999999999999991,-4.547407115356042e-16,1.0,-1.5571096705490138e-17,0.9999999999999998,2.9766774715316697e-16,1.0000000000000002,-6.196555798150116e-17,1.0000000000000004,1.2026942465868226e-16,0.9999999999999998,-1.806997250057836e-16,1.0000000000000002,-4.410007711040082e-17
92025.8740325422,13230.378065357878,5426.207160891338,1.9015911321660409e-16,58240.29093144672,0.514091434409508,0.14637082618499886,1.1455508169446638,-0.8226888287794343,0.8515845150947288,0.8200143029094169,1.0028646679606041,0.0026745258700120946,0.9999999999999989,-3.214432762807333e-16,0.9999999999999999,-3.250328305716162e-16,1.0,5.4826947627317537e-17,0.9999999999999999,-9.869544974725439e-17,1.0000000000000002,0.0,1.0000000000000002,-6.049201771604986e-17,1.0000000000000002,-1.3881840611297952e-16
94713.63011638084,12347.03834837747,5061.578034380713,1.9060676679915533e-16,49394.597044935166,0.5029307052100833,0.10455790373465637,1.1038011955879945,-0.8101234377926422,0.893172917499829,0.8074460365027448,1.0030258869121782,0.0026774012898854995,0.9999999999999997,-2.318107255622257e-16,0.9999999999999998,-5.990675901905039e-17,1.0000000000000002,9.464503943652602e-17,0.9999999999999999,-3.3962027203951115e-17,1.0000000000000004,6.965361833984354e-17,1.0000000000000002,0.0,1.0000000000000004,1.8215455230719587e-16
97479.88621819983,11515.263709848952,4718.118229579576,1.9271476490698505e-16,68456.60955552143,0.48815564165799685,0.06413605351070283,1.0630167686733554,-0.7940625434756922,0.9337880194120661,0.7913901460006249,1.003195211914575,0.002672397475061421,0.9999999999999991,-4.2119459166741e-16,1.0000000000000002,5.95413040604795e-17,0.9999999999999997,4.069825684020587e-17,0.9999999999999997,1.2221125719595653e-16,1.0,6.398508955062274e-17,0.9999999999999998,-1.6914058923543543e-16,0.9999999999999991,4.6095707582876613e-17
100326.93505081636,10732.168888743472,4394.703830831149,1.9049931772686108e-16,52530.27776171051,0.46980494844345344,0.025601641218092257,1.023689626955008,-0.7745659146318744,0.972937570209055,0.7719075147090301,1.0033728028359385,0.0026583999228330796,0.9999999999999999,-7.557206469730226e-16,1.0,2.3997631505927913e-16,1.0,1.229563287087114e-16,1.0000000000000002,3.7913994763041214e-17,0.9999999999999997,7.474583981294793e-17,0.9999999999999996,-6.32870097483953e-17,1.0,2.3624748797156466e-17
103257.13628922417,9995.044899246184,4090.274743389569,2.062282883262097e-16,48716.11451593377,0.4480147255284308,-0.01051248978338007,0.9863218120867213,-0.7517904450119658,1.0101194305944365,0.7491562847545393,1.003558757318842,0.0026341602574272904,0.9999999999999993,-1.429856686397575e-16,0.9999999999999993,-1.1707128743515233e-17,0.9999999999999996,-5.2649168434376886e-17,0.9999999999999994,8.606403800222589e-17,0.9999999999999996,-5.15441553729092e-17,0.9999999999999998,-1.1104701528891118e-16,0.9999999999999999,-2.384976432232382e-16
106272.91852632609,9301.356908621512,3803.830720324454,2.0806562657761243e-16,51000.667272265804,0.42303947448115053,-0.043661446767924925,0.9513990627329046,-0.7259987484243091,1.0448478473236669,0.7234004666956307,1.0037530899434244,0.0025982817287052732,1.0,-7.717307263046536e-16,0.999999999999999,1.793756130866634e-17,0.9999999999999992,1.952714462898757e-16,1.0,1.493764594459486e-16,0.9999999999999992,1.3959232605165236e-16,1.0000000000000007,-1.147615609820907e-16,1.0000000000000002,0.0
109376.78128578671,8648.74352587575,3534.4275306597556,1.7010797616857808e-16,53198.764121822765,0.39526558104892473,-0.07332260773717482,1.0766840439164342,0.6950091335142301,0.9193602502941617,-0.6975583376942037,1.0039557057894,0.0025492041799768717,0.9999999999999992,-2.910631163299604e-16,0.9999999999999999,-1.1411697427449266e-16,0.9999999999999997,-3.108278436500429e-17,0.9999999999999999,-1.0996281452034364e-16,0.9999999999999998,-5.818328681913439e-17,1.0000000000000002,-3.330149830547401e-17,0.9999999999999997,4.454260230543713e-17
112571.29709367358,8035.016372675678,3281.1732592025924,2.0551416690304714e-16,54891.682039236504,0.3652125881916817,-0.0990370096850761,1.1052668790317364,0.6644442669034353,0.890566753981547,-0.6669294560510874,1.004166366986713,0.002485189147681513,0.9999999999999986,-9.296786479321802e-16,0.9999999999999997,3.0066703707691497e-16,1.0,1.5104603960250707e-16,0.9999999999999996,-5.053423430875848e-17,1.0000000000000004,2.3248432043354133e-16,1.0000000000000007,1.2807402233565963e-16,1.0000000000000002,8.487055463394578e-17
115859.11361060376,7458.158144785824,3043.224728661317,2.095517960257041e-16,45427.62583509961,0.33351887059243523,-0.12045264885104913,1.130338547513586,0.6322375888466897,0.8652768019225244,-0.6346418950348583,1.0043846505638854,0.0024043061881925715,0.9999999999999992,-8.38914320182123e-16,1.0000000000000002,1.390667099442214e-16,0.9999999999999993,1.0212918312850904e-16,0.9999999999999996,-1.6974049416764104e-16,0.9999999999999993,-1.7911853468035222e-17,0.9999999999999998,1.1650049637720281e-16,0.9999999999999998,5.575544030644565e-17
119242.955826163,6916.316931588307,2819.784051842096,1.9974691387085e-16,46276.140987386745,0.30091084380650557,-0.13736292688211824,1.1517608692366779,0.5989591936893015,0.8436292351147237,-0.6012636158719119,1.004609895648602,0.0023044221826283556,0.999999999999999,-7.962106801371803e-16,1.0000000000000002,-2.402518946823748e-16,0.9999999999999999,-5.655211325738384e-17,1.0,-1.8957831971470998e-16,0.9999999999999997,-1.9848113137825218e-16,1.0,0.0,0.9999999999999996,0.0
122725.62831741627,6407.794508705041,2610.0953094905676,2.0274097603016432e-16,37100.56712995888,0.2681581149323904,-0.1497332570158018,1.1695195636112297,0.5651826443615179,0.8256392985327887,-0.5673658406250826,1.0048411378559783,0.002183196263582893,0.9999999999999993,-5.017655009994519e-16,1.0,-9.775350188601629e-17,1.0000000000000007,0.0,1.0,-3.2188081507675744e-17,0.9999999999999998,1.295940616057076e-16,1.0000000000000002,2.103461638323276e-16,1.0000000000000004,4.4251700057802606e-17
126310.01757338151,5931.027144486182,2413.441370321356,2.1979440668154622e-16,36578.69236551515,0.23602017566715716,-0.15771033862221664,1.1837164392965323,0.5314517752166935,0.8112065320217073,-0.5334898595018358,1.0050770286817585,0.002038084285151466,0.9999999999999996,-3.035299557722708e-16,0.9999999999999999,-2.325021282911038e-16,1.0000000000000002,-2.533569340319151e-16,0.9999999999999998,-2.584337695288486e-16,1.0000000000000002,6.485872547700295e-17,1.0000000000000002,-9.870122269728135e-17,0.9999999999999998,0.0
129999.09438739331,5484.559066250741,2229.1408687824037,2.0302061239440641e-16,42883.24568374662,0.20519241089093043,-0.16161162206765584,1.1945517844736853,0.4982536359479362,0.8001324775160158,-0.5001199943891014,1.0053157380102995,0.0018663584411896747,0.9999999999999997,-8.159799753472381e-16,1.0000000000000004,5.3713296342796654e-17,1.0,1.7355069473904679e-16,0.9999999999999999,2.1944194152437962e-16,1.0000000000000009,-1.8773674167800283e-17,0.9999999999999998,1.9334203880801676e-16,1.0,8.43887232138063e-17
133795.91631933904,5067.01084577579,2056.545365311156,2.293695960350497e-16,43816.44413496633,0.1762596255973321,-0.16189629908123138,1.2023007206997802,0.46600023633830734,0.7921444405501271,-0.46766538614211034,1.0055548387500932,0.0016651498038221006,0.999999999999998,-1.1309769788161334e-15,0.9999999999999999,-1.5897988240613154e-17,1.0,-1.205788276777215e-16,1.0000000000000002,1.515248131350169e-16,1.0000000000000004,-3.5137182820846444e-16,1.0000000000000009,0.0,0.9999999999999994,1.428891922930289e-16
137703.63022980845,4677.0468242635,1895.0367291734276,2.122083533998672e-16,47370.92541258441,0.14966376496870737,-0.1591227220143394,1.2072876146137799,0.4350197030348631,0.7869212108653356,-0.436451227202485,1.0057911745208836,0.0014315241676066042,0.9999999999999993,-1.3472267550746481e-15,0.9999999999999999,1.0738499734748058e-16,1.0000000000000002,1.602695166434914e-16,0.9999999999999996,1.2082345290774064e-16,0.9999999999999997,-7.203900934729344e-17,1.0000000000000002,-6.763073449560592e-17,0.9999999999999996,-7.511109776254302e-17
141725.47488825695,4313.346426712128,1744.0247848171762,2.2325898283377217e-16,38865.40237440151,0.12568943564811974,-0.1538994651588702,1.2098620083443783,0.40555576291238155,0.7841172769281711,-0.4067183673157814,1.0060207147274487,0.0011626044034263486,0.9999999999999996,-1.1489283208476443e-15,0.9999999999999998,3.1340631684774655e-16,1.0,-6.895464039054804e-17,0.9999999999999996,4.254668372431972e-17,1.0000000000000002,5.1963754958336114e-17,1.0000000000000002,3.459680648120617e-17,0.9999999999999993,1.6522982917358458e-17
145864.78365734435,3974.5835037099073,1602.9452874231433,1.9369440827932512e-16,55380.21263407543,0.10446715999526646,-0.14683769305961533,1.210378367216416,0.37777345914733496,0.7833832257673218,-0.3786292141893423,1.006238407016264,0.0008557550420089199,0.9999999999999986,-1.2631432749558085e-15,1.0000000000000002,1.4939328762314668e-16,0.9999999999999996,2.6844093324715886e-17,0.9999999999999996,5.2187722480022776e-17,1.0000000000000002,1.1019214453565532e-16,1.0000000000000002,7.471096002639329e-17,1.0000000000000002,8.57682545183665e-17
150124.98725567365,3659.415834724065,1471.2582878306466,2.2082628225632455e-16,42061.448610130974,0.08599109205450617,-0.13851113957047934,1.2091806993869514,0.3517687039697171,0.7843812550672818,-0.3522775498483514,1.0064380455457675,0.0005088458786415613,0.9999999999999988,-1.591120869316717e-15,0.9999999999999994,2.774520607867005e-16,0.9999999999999998,1.290672071297871e-16,1.0,-1.291325143478321e-16,0.9999999999999997,2.041972747309056e-17,0.9999999999999993,3.304005811938658e-16,1.0,7.28180242410742e-17
154509.61660121998,3366.4846323525976,1348.446969045235,2.0628722043002386e-16,52065.566742285475,0.07014600691167061,-0.12942746560587312,1.2065920794268505,0.3275794945208251,0.7867957353590279,-0.32770010371683467,1.0066121852141252,0.00012060919601392202,0.9999999999999987,-9.619780978099066e-16,1.0000000000000002,-8.617637108170887e-17,1.0,-1.7034946631826084e-16,0.9999999999999998,-5.379589639031312e-17,1.0000000000000004,-2.0730030513982528e-16,0.9999999999999998,1.4754018226169887e-16,1.0000000000000002,-1.9790003223906632e-16
159022.3057378062,3094.422078069593,1234.0170244633841,2.3389161633179945e-16,41216.68945742902,0.05673800426559694,-0.12001196859281416,1.2029084329210837,0.30519712484468486,0.7903394208415664,-0.30488822179703445,1.0067521462373505,-0.0003089030476488955,0.9999999999999991,-1.6154563355050793e-15,1.0000000000000007,2.1520450274888118e-16,1.0000000000000002,1.8672809418928827e-16,1.0000000000000004,0.0,1.0000000000000002,0.0,0.9999999999999999,-6.785094571198673e-17,0.9999999999999993,1.6776045513053975e-16
163666.79484705057,2841.864186588213,1127.496631372854,2.0720086182857858e-16,37249.097785024875,0.04552425484172318,-0.11060234920919199,1.1983955958698116,0.2845763111888883,0.7947562362370341,-0.2837985377681052,1.0068481678931547,-0.0007777734207671811,0.9999999999999996,-1.0850653698156013e-15,0.9999999999999996,-6.312543653951444e-17,1.0000000000000007,2.7905587345235875e-17,1.0000000000000002,2.0806274984789408e-16,1.0000000000000002,1.1877963641007913e-16,1.0,1.9646864305814642e-16,1.0,1.3953849539922542e-16
168446.9333482831,2607.4665814158793,1028.4370392111286,2.606456928532317e-16,28637.439900858044,0.036238677567652644,-0.10145191673307456,1.1932885776298134,0.26564368952790385,0.7998216429640598,-0.2643620634484004,1.0068897794061307,-0.0012816260794865275,0.9999999999999982,-1.967660638821342e-15,1.0000000000000004,8.277467916104679e-17,1.0000000000000002,-7.718157849500279e-17,0.9999999999999999,2.3302005063260772e-17,1.0,1.6507367988290843e-16,1.0000000000000002,1.2932121306038423e-16,0.9999999999999998,7.740754984262295e-17
173366.68308899962,2389.92155873406,936.413710505779,2.5583907956553708e-16,36079.62504743219,0.028612070787758626,-0.0927382351445413,1.1877920399524002,0.24830458639795946,0.805341509442867,-0.2464915155313617,1.006866450604734,-0.0018130708665956175,0.9999999999999987,-1.0516785119958522e-15,0.9999999999999998,-2.8873639431849956e-16,1.0000000000000009,1.9248963191596036e-16,1.0,-2.1488458964217498e-16,1.0000000000000002,-2.162285934716977e-16,1.0000000000000004,2.680845494626471e-17,1.0000000000000009,-1.36478550600235e-16
178430.12162849787,2187.975642720456,851.0278374133569,2.646374134402046e-16,28982.636401174215,0.02238653303238891,-0.08457452510463022,1.1820811984436939,0.23244829969263542,0.8111502480173254,-0.23008698214512485,1.0067685535389843,-0.002361317547500372,0.9999999999999982,-1.4974825026949776e-15,0.9999999999999998,4.9100648812836086e-17,0.9999999999999998,2.050623069865535e-16,0.9999999999999993,-9.623986285536134e-17,0.9999999999999996,3.359078509852664e-17,0.9999999999999993,1.0373406657538981e-16,1.0000000000000002,4.57213978997466e-17
183641.4456174173,2000.4472731186884,771.9079096770802,2.348087139482876e-16,40579.46984465902,0.017324837464123277,-0.077021803032283,1.1763026162019763,0.2179523518590325,0.8171087846010604,-0.21504021987348618,1.006588599196965,-0.002912131985546586,0.9999999999999987,-1.899338048613174e-15,1.0000000000000002,-5.852609537149124e-17,1.0000000000000004,-3.520962418291239e-17,1.0,-5.3024232444113086e-17,0.9999999999999998,-8.912487487940144e-17,1.0000000000000002,6.715141322864811e-17,0.9999999999999996,0.0
189004.97427598343,1826.2441312306485,698.7108456542154,2.5086915917006584e-16,31711.50626363731,0.013215793426837763,-0.07010047739403145,1.170574672509298,0.2046862870609833,0.8231027151481775,-0.201237979213606,1.0063226123425282,-0.0034483078473732634,0.9999999999999981,-1.969157344282963e-15,0.9999999999999999,-8.324991130592212e-17,1.0,-3.009372283900263e-17,0.9999999999999993,-1.2726586070344002e-16,0.9999999999999993,5.634794584653303e-17,0.9999999999999991,9.717859025707931e-17,0.9999999999999989,4.6406526868895334e-17
194525.15297383966,1664.3789726015534,631.1220696314919,2.505121312914958e-16,32394.88255495417,0.009876655649158295,-0.06380075355797517,1.164987819015403,0.1925155534584042,0.8290407857173134,-0.18856478971519333,1.0059713952672833,-0.003950763743205628,0.9999999999999989,-2.6062806724237906e-15,0.9999999999999998,-7.5645591334927e-17,1.0000000000000004,0.0,1.0000000000000007,0.0,0.9999999999999998,1.6125474477086583e-16,0.9999999999999997,-7.267557441489058e-17,1.0000000000000002,-1.9063238506240034e-17
200206.55691443355,1513.9820116403432,568.8539186794952,2.78725876819606e-16,33282.541299804354,0.007153467269986891,-0.05809163972301181,1.1596050204924344,0.18130582492124522,0.8348536241907916,-0.1769055900097456,1.0055413553167802,-0.004400234911485795,0.9999999999999978,-1.7400947166428849e-15,0.9999999999999997,-1.3537904286293806e-16,0.9999999999999998,-1.2632522365087903e-16,1.0000000000000004,-1.7616033015836885e-17,0.9999999999999998,5.642171209758546e-17,0.9999999999999999,-8.88522338047292e-17,1.0,-4.036817891990627e-17
206053.89492701108,1374.3072502692867,511.64193801862746,2.9236790667887275e-16,34005.84963716486,0.004919972182619858,-0.052928586411757864,1.1544629328592872,0.17092779387881762,0.8404924791443784,-0.16614845692656058,1.0050445879963366,-0.004779336952259588,0.9999999999999982,-1.8381814593399143e-15,0.9999999999999998,7.298691838200962e-17,0.9999999999999998,5.806983408547309e-17,1.0,3.247518339164663e-16,1.0,9.037360238439996e-17,1.0,1.0093254728159503e-17,1.0000000000000002,-5.707580381066737e-17
212072.0133693622,1244.730207473575,459.2390425952576,3.038814094051274e-16,34550.249712029676,0.0030755016899206566,-0.048259863566997865,1.1495743199334674,0.1612620903721142,0.845927630269906,-0.1561874829823286,1.004498049796627,-0.0050746073897877325,0.9999999999999973,-1.6915319933242e-15,1.0000000000000002,-1.6471854454055997e-16,1.0000000000000002,-1.2355095437133516e-16,0.9999999999999999,-3.8274728526195116e-17,1.0,1.118078966288628e-16,0.9999999999999999,2.0468742818963644e-17,1.0000000000000007,1.7791467179712386e-16
218265.90014455165,1124.7355390711461,411.40809882627684,3.0337567773218444e-16,34909.188392766744,0.001542091353215369,-0.04403174443043586,1.1449319372837614,0.15220368561585382,0.8511461673125401,-0.1469256187832688,1.0039218954036988,-0.005278066832584662,0.9999999999999972,-2.474046196665577e-15,0.9999999999999997,-8.067776103148938e-17,0.9999999999999998,-8.909520326522441e-17,0.9999999999999997,-1.7535810325199645e-16,0.9999999999999994,2.1619942477908931e-16,1.0,-9.903208521975239e-17,0.9999999999999998,1.4831478754437046e-16
224640.68883496482,1013.894998421575,367.9140532117382,3.0063531727411643e-16,35084.26680946882,0.00026103684504619196,-0.040192498447843894,1.1405136956437456,0.1436650518862735,0.8561490017151779,-0.13827711399159762,1.0033373026410817,-0.0053879378946718876,0.9999999999999978,-2.2502545453571613e-15,0.9999999999999997,-8.26489716479877e-17,0.9999999999999999,-2.3332499777508803e-16,1.0000000000000004,-9.411327354717375e-17,0.9999999999999987,2.0700592096801738e-16,1.0000000000000002,3.753076515249078e-17,0.9999999999999998,2.408755308235822e-16
231201.66295709455,911.8385213969253,328.5170617763356,3.031498046327316e-16,35084.46624570694,-0.0008108699529500996,-0.036695163781479946,1.136288514793861,0.13557752937643047,0.8609472299315054,-0.1301691379832327,1.0027642552746365,-0.005408391393198278,0.9999999999999972,-1.695181844166283e-15,1.0000000000000002,4.952625723490213e-17,0.9999999999999996,2.813181080605121e-17,1.0,6.953539101602118e-17,0.9999999999999998,-1.3772397118067463e-16,1.0,3.600581397884635e-17,1.0,1.5031421952108905e-16
237954.26034059562,818.2230685841773,292.9679757078702,2.89833917440133e-16,34924.682479188006,-0.00170512638785425,-0.033499109550543034,1.132222053588874,0.12789073353131908,0.8655582116471869,-0.12254227510137843,1.0022197347639412,-0.005348458429941119,0.9999999999999966,-1.512871716291311e-15,0.9999999999999992,2.2280233659955213e-17,1.0,-1.3355283113043327e-16,0.9999999999999998,0.0,1.0000000000000002,3.046254276150954e-16,0.9999999999999994,1.3395078386815943e-16,1.0000000000000002,-1.0476320881046106e-17
244904.07763523603,732.7044294899468,261.00699403328747,3.4799361486757254e-16,34623.892241718735,-0.0024450067871484293,-0.030570498893607884,1.128281535377316,0.12057027069095669,0.8700018569708754,-0.11534982940109294,1.0017166076518091,-0.005220441289865636,0.9999999999999969,-1.4623161371860842e-15,1.0000000000000009,-4.440475296752306e-17,0.9999999999999998,-2.439552215753566e-16,0.9999999999999993,1.636050812257755e-16,1.0000000000000002,0.0,1.0000000000000009,5.704363314382868e-17,1.0000000000000007,-1.9921887449227062e-16
252056.8749494808,654.9162918848749,232.36551480662092,2.833393065902538e-16,34203.27222467822,-0.0030484829892998278,-0.027881881254696473,1.1244391477187057,0.11359435409204757,0.8742975806340714,-0.10855614136632849,1.00126327164723,-0.005038212725714678,0.9999999999999978,-1.0506533608667114e-15,0.9999999999999996,-2.082097880208421e-16,1.0,6.94829104963921e-18,0.9999999999999998,-1.3481657327592489e-17,0.9999999999999996,0.0,0.9999999999999993,-3.5737779648276056e-17,0.9999999999999997,2.424680060568894e-16
259418.58062455276,584.4588354727756,206.77047675527027,3.373530438342698e-16,33684.519530619895,-0.003530421683450413,-0.02541122145540835,1.1206738584640406,0.10695002914301832,0.878462206347763,-0.10213430669653663,1.0008639351881965,-0.004815722446482745,0.9999999999999957,-1.0867918527776117e-15,0.9999999999999999,-1.2916973272825398e-16,1.0000000000000002,-4.0356848827632417e-16,0.9999999999999998,5.3284655162824484e-17,0.9999999999999993,-4.740582812809225e-17,0.9999999999999997,3.2771820877617463e-17,1.0,1.4690930467994767e-16
266995.2961479268,520.8967966096158,183.9500530388578,3.4256208058806643e-16,33088.522562970975,-0.003904040466544245,-0.02314068332641713,1.116971819731597,0.10062963147722077,0.8825088738218926,-0.09606373905029805,1.000519306446519,-0.0045658924269190255,0.9999999999999966,-9.106349105269012e-16,1.0000000000000002,-8.828515609291786e-17,0.9999999999999997,0.0,0.9999999999999999,7.251137162931847e-17,0.9999999999999996,1.5434165085142752e-16,0.9999999999999997,0.0,0.9999999999999993,1.1681195215144084e-16
274793.30121033057,463.7651189378037,163.63951066710877,3.438344531361048e-16,32434.434993894607,-0.004181720846062831,-0.021055429895426872,1.1133257353999344,0.09462789019822646,0.8864468049481932,-0.0903279450441093,1.000227459651883,-0.004299945154111754,0.999999999999996,-1.3426232955753193e-15,1.0000000000000002,-2.2727984492514913e-16,0.9999999999999998,-3.754503739623933e-17,1.0000000000000002,1.1123634691182605e-16,1.0000000000000004,-9.228909667885073e-17,1.0,0.0,1.0,-1.670878961917303e-17
282819.0589104421,412.57938377825593,145.58630634057045,3.390210563703189e-16,31739.132140259917,-0.004375342601719012,-0.019142609315617693,1.1097336264867461,0.08893984970978704,0.8902816764310068,-0.08491273741206302,0.9999846970822523,-0.00402711229772393,0.9999999999999961,-1.2267731778188753e-16,1.0000000000000002,1.8247616917566785e-16,0.9999999999999996,-3.250352211900219e-17,0.9999999999999994,-6.73870530236552e-17,1.0000000000000002,0.0,0.9999999999999992,0.0,1.0000000000000004,-8.364596628338966e-18
291079.22111159936,366.84819247506823,129.5538875285856,3.6033693667413557e-16,31016.985263990202,-0.004496316649934329,-0.01739060048785786,1.106197376768742,0.08355958995244349,0.8940163275771326,-0.07980496455411806,0.9997862956541235,-0.0037546253983286064,0.9999999999999957,-5.547027526260572e-16,1.0000000000000004,1.5621631479750296e-16,1.0000000000000007,-7.433154397200549e-17,1.0000000000000007,-2.31848908426351e-16,1.0,-6.940721815739314e-17,0.9999999999999996,1.0718439792154635e-16,1.0,1.005722029547486e-16
299580.6339549597,326.0852454524448,115.32404832229672,3.3165163626865614e-16,30279.871896490542,-0.004555467717366923,-0.015788518525340075,1.102721332254588,0.07847960732873192,0.8976515772265602,-0.07499172304580806,0.9996270905188556,-0.003487884282921708,0.9999999999999961,-4.334421314117305e-16,0.9999999999999999,-5.948211651140395e-17,1.0,1.806930962271286e-16,1.0,6.802138011392032e-17,1.0000000000000002,0.0,1.0000000000000002,-1.5822668551277538e-16,1.0000000000000002,5.657788483784496e-17
308330.3435336804,289.8196736763519,102.69796449844905,2.989679879458879e-16,29537.341995600524,-0.004562874754640234,-0.014325936954137836,1.0993111122087793,0.07369067400005208,0.901186995338104,-0.07045995820171709,0.9995018924531197,-0.00323071579833645,0.9999999999999961,1.0571656765331014e-15,0.9999999999999999,-3.4476292241671297e-16,1.0000000000000004,1.338957254615044e-16,1.0,4.615008891732136e-16,0.9999999999999999,0.0,0.9999999999999999,-5.757933645187248e-17,1.0,-2.934773130010935e-17
317335.6017328219,257.60394260518075,91.49617740376331,2.973053753851913e-16,28796.87223529322,-0.004527732967041231,-0.012992767215602134,1.0959726940499048,0.06918199959951693,0.9046215455191524,-0.0661963393401546,0.9994057604309432,-0.00298566025936223,0.999999999999998,-1.0184459133518427e-15,0.9999999999999998,-7.288336987315638e-17,0.9999999999999998,-1.3965271610496638e-16,1.0,-5.54513671650153e-17,1.0000000000000002,-2.4753929706239914e-16,0.9999999999999998,2.2316261558472134e-16,1.0000000000000007,1.1554887205847175e-16
326603.8722398141,229.01922451967792,81.55783581278433,2.9029082141014155e-16,28064.157276660695,-0.004458266324341764,-0.011779237982321509,1.0927117705405425,0.06494155235306895,0.9079540691940168,-0.062187305702074674,0.9993341602654464,-0.002754246650992337,0.999999999999996,-9.401564700917342e-16,1.0000000000000002,-1.1435874517108613e-16,1.0000000000000004,6.303598625204339e-17,1.0000000000000004,6.656554153222572e-17,1.0000000000000004,-1.385403269421154e-16,0.9999999999999997,5.5009925711463735e-17,1.0,-1.836617119555472e-16
336142.8367304681,203.67849095661782,72.73947784440983,3.0714124163143675e-16,27343.403130714196,-0.004361696150681382,-0.010675927931220932,1.0895333427714895,0.060956437446430936,0.9111836168264702,-0.0584192013509577,0.9992830404020502,-0.00253723609547092,0.9999999999999964,-5.661082554618775e-16,1.0000000000000004,8.483468464356555e-17,1.0000000000000004,2.1410245439759147e-17,1.0000000000000004,-8.977062835564136e-17,0.9999999999999991,8.989557760165725e-17,1.0,-1.1445026957941062e-16,1.0000000000000007,8.724315454193189e-17
345960.40123565943,181.22774350706396,64.91357647453225,2.7405425103261045e-16,26637.601200958154,-0.004244258612274621,-0.009673819217148922,1.0864414988817421,0.05721326783270261,0.9143096495519984,-0.0548784421419024,0.9992488515662659,-0.002334825690801901,0.9999999999999963,1.6450937461469736e-15,0.9999999999999999,-3.9855948364852646e-16,0.9999999999999989,3.4741133668069638e-16,0.9999999999999997,5.997779402636112e-17,0.9999999999999997,9.253725749753542e-17,0.9999999999999997,6.478398653977405e-17,1.0000000000000002,1.0679474290730754e-16
356064.70269396005,161.3458410060778,57.967008845629934,2.810393611720473e-16,25948.771870908247,-0.004111258734852186,-0.008764351231517096,1.0834393283833554,0.05369849192522517,0.9173321405411898,-0.051551679464217376,0.9992285310754605,-0.0021468124610084936,0.9999999999999968,9.494063835505845e-16,1.0000000000000002,1.2064000371726937e-16,1.0,7.498919167486052e-17,1.0000000000000004,2.0474545041248894e-16,1.0000000000000002,9.287992325158743e-17,1.0,-6.690059559359354e-17,1.0000000000000004,-2.0833744888488528e-17
366464.1156956499,143.74334329189958,51.79955309788653,3.6140608014401296e-17,25278.173419259972,-0.003967148020080913,-0.007939463715742548,1.0805289286107624,0.05039866289964068,0.9202516044439321,-0.04842594173363126,0.9992194669453064,-0.001972721166010276,0.9999999999999959,5.075522264195248e-16,1.0000000000000007,-1.2989588318835806e-16,1.0000000000000004,-1.9743706037561624e-16,1.0,1.0898427031517921e-16,0.9999999999999998,6.898965296247866e-17,1.0,1.4595846579153977e-16,0.9999999999999993,5.772023764259856e-18
377167.2594236978,128.16072143326775,46.32247322671322,2.8714195931313104e-17,24626.476488391814,-0.0038156144754566412,-0.007191624809260764,1.0777114688217462,0.04730064717813756,0.9230690790059805,-0.045488745796821245,0.9992194521722751,-0.0018119013813158431,0.999999999999997,-1.0178561311998815e-15,1.0000000000000004,-8.031315840036606e-17,0.9999999999999998,-6.721429394454113e-17,0.9999999999999998,-6.46074067316056e-17,1.0000000000000004,-2.2048615525173395e-17,1.0000000000000009,9.040880615906615e-17,1.0,1.3263296313020062e-16
388183.00479746424,114.36620539705557,41.4572219368315,2.242962295892339e-16,23993.906787653388,-0.0036596764841405616,-0.006513843585473543,1.0749872864495822,0.04439177669455064,0.9257860776253787,-0.04272817715344741,0.9992266359250402,-0.0016635995411037636,0.9999999999999976,6.376443026783437e-17,0.9999999999999999,-2.7108942271885125e-16,1.0,8.7156352485302e-17,0.9999999999999997,-1.5453792682418394e-17,0.9999999999999997,-5.925879969287105e-17,1.0,-1.1568796958240843e-16,0.9999999999999998,7.032920783424525e-17
399520.48182504677,102.15346747873112,37.134271595945776,1.883533732025997e-16,23380.359863651775,-0.00350177453390188,-0.005899668781457141,1.0723559977111465,0.0416599528841291,0.9284045265369966,-0.04013294168033864,0.9992394757518629,-0.001527011203790203,0.9999999999999966,1.277232549104265e-16,0.9999999999999993,5.579727327178254e-17,1.0000000000000002,-1.3214482023205893e-16,0.9999999999999999,-2.0222371584021337e-16,1.0000000000000007,0.0,0.9999999999999996,-6.419547405599571e-18,1.0,-1.5581326971436884e-16
411189.0871703619,91.33927945022224,33.29207164339712,2.0399126485327033e-16,22785.492115236557,-0.0033438570194306294,-0.005343176332723854,1.069816610757397,0.039093711235154656,0.930926696138769,-0.03769239317460826,0.9992566931038351,-0.0014013180605459148,0.9999999999999984,-7.679681308565898e-16,0.9999999999999997,1.4272707125047281e-16,0.9999999999999997,-1.0374904032323406e-16,0.9999999999999996,-9.250563268291627e-17,0.9999999999999998,7.270425261693923e-17,1.0,1.4165076902618985e-16,0.9999999999999992,6.832970386504989e-17
423198.4919412352,81.76123460515709,29.87612451562406,4.519744763315553e-17,22208.792116349425,-0.0031874580411539455,-0.004838948526118663,1.067367634157446,0.03668225492321395,0.9333551325584802,-0.035396541524077924,0.9992772332840779,-0.0012857133991354209,0.9999999999999966,3.2003882920250874e-16,0.9999999999999996,7.934071365449228e-17,0.9999999999999997,-7.6686327336413e-17,1.0000000000000007,5.657376047637705e-17,1.0,0.0,0.9999999999999993,0.0,1.0000000000000002,5.904680359919906e-18
435558.64970495465,73.27559047188117,26.838169164681496,5.496319038576181e-17,21649.63585674547,-0.0030337663223818367,-0.0043820473521004304,1.0650071765688474,0.034415464987606025,0.9356925932412441,-0.033236046012251816,0.999300230189907,-0.001179418975352967,0.9999999999999969,-1.2169725653081453e-15,0.9999999999999998,1.9971165129353437e-17,0.9999999999999998,5.202024105013257e-17,1.0,1.9928575646954534e-16,0.9999999999999993,0.0,0.9999999999999996,0.0,0.999999999999999,2.8168589522692737e-16
448279.80473793007,65.75526361018731,24.135460659016182,1.104246489078129e-16,21107.329085307276,-0.002883685181096496,-0.003967984256506372,1.062733035651661,0.03228389331210125,0.9379419885804672,-0.031202197723643296,0.9993249757678756,-0.0010816955884582944,0.9999999999999958,5.123911034696394e-16,0.9999999999999997,-3.4864978674882986e-17,1.0,-7.324390088645928e-17,0.9999999999999997,0.0,1.0,9.238935093696719e-17,1.0,8.318068468730974e-17,0.9999999999999993,2.5774320116279508e-18
461372.5005162968,59.08799055237766,21.730134634552766,3.702783805648337e-17,20581.13939682039,-0.0027378839940439548,-0.003592688054009875,1.060542775680652,0.030278743462901665,0.9401063304597023,-0.029286894348001268,0.9993508938596496,-0.0009918491149015795,0.9999999999999963,1.280663253084828e-15,1.0000000000000002,-7.111704555479245e-17,0.9999999999999999,2.3980743250152002e-17,0.9999999999999999,2.949527276392237e-17,0.9999999999999997,0.0,0.9999999999999993,-7.626794400739699e-17,1.0000000000000002,-1.5850661052971644e-17
474847.5884545001,53.174657699593595,19.588646340056883,7.162465841936557e-17,20070.320249087497,-0.0025968418604236376,-0.003252472339188952,1.0584337940802528,0.028391843308254804,0.9421886879192249,-0.027482609987067218,0.9993775180005272,-0.0009092333211884663,0.999999999999997,8.986060675386788e-16,1.0000000000000004,1.3473648698891165e-16,0.9999999999999993,-9.8476815844749e-17,1.0000000000000002,1.8959290622298357e-16,0.9999999999999996,1.3190022267695757e-16,1.0000000000000004,-5.643683717863637e-17,0.9999999999999994,-1.436761584474047e-18
488716.23689910356,47.92779588212387,17.681275156268526,5.568447192414483e-17,19574.128687348188,-0.0024608843113611556,-0.0029440033812502247,1.0564033776933675,0.02661561245805221,0.94419214961259,-0.025782362017966205,0.9994044726940442,-0.0008332504400868578,0.9999999999999963,5.74210651137527e-16,1.0000000000000002,-4.633220391444886e-16,1.0000000000000002,-1.528693687028573e-16,1.0000000000000004,3.930189251528259e-17,0.9999999999999999,9.670053497579247e-17,0.9999999999999994,-3.4827311399016066e-17,0.9999999999999993,-2.1693366097389167e-16
502989.94038527523,43.270230852423346,15.981686569537276,1.3519304499457424e-16,19091.838177251466,-0.002330213927400848,-0.0026642691802579786,1.0544487497277302,0.02494302678019981,0.946119792576082,-0.02417967654576328,0.9994314576961892,-0.0007633502344352516,0.9999999999999989,-1.1271904332168233e-15,0.9999999999999999,7.287928702341415e-17,1.0000000000000007,-3.421124407765236e-17,0.9999999999999999,-2.063898539370531e-16,1.000000000000001,-2.1001665421830256e-17,0.9999999999999997,7.475680892536473e-17,0.9999999999999999,2.1595860215715197e-17
517680.5291636236,39.13387882139352,14.46654467377052,1.1936705015721871e-16,18622.747681339864,-0.002204935705712785,-0.0024105501307796016,1.0525671084730153,0.0233675816392288,0.9479746566540507,-0.02266855356302625,0.9994582348729306,-0.0006990280762017245,1.0000000000000007,-5.773615791187757e-16,0.9999999999999998,2.9180737404104025e-16,0.9999999999999998,1.0369362138047627e-16,1.0000000000000007,0.0,0.9999999999999999,0.0,0.9999999999999998,7.829111220995204e-17,0.9999999999999996,0.0
532800.1790052791,35.45867500907754,13.543256680513032,3.829931963341725e-17,18166.18785408348,-0.0020850779479317794,-0.002180391560840981,1.0507556588403395,0.02188325506919154,0.9497597239180391,-0.021243432647254448,0.999484617241624,-0.0006398224219384845,0.9999999999999971,1.0818779090363403e-15,0.9999999999999996,-1.1343221927154146e-16,1.0000000000000002,-1.9187178062748798e-17,0.9999999999999997,0.0,0.9999999999999994,1.223839804171747e-16,1.0,1.0415691598808952e-16,1.0,-1.1808239865389571e-16
548361.4212933487,32.19162304517313,12.987284358382876,8.791249521125515e-17,17721.525042960377,-0.001970609363226572,-0.0019715782761150786,1.049011637710398,0.02048447169487232,0.9514779024368422,-0.0198991597397119,0.9995104598527627,-0.0005853119551641873,0.9999999999999953,2.765325819969563e-15,0.9999999999999998,1.7145726764628284e-16,0.9999999999999994,1.8171632591097812e-16,0.9999999999999996,-6.665440567118776e-17,0.9999999999999999,-1.1703149250824634e-16,1.0,0.0,1.0,6.007400133018218e-17
564377.1534091057,29.285953401005163,12.460146358398513,8.684789506809502e-17,17288.163632845215,-0.00186145299815621,-0.0017821111478242804,1.0473323340216887,0.0191660679757923,0.9531320137625113,-0.018630955389465142,0.9995356522158017,-0.000535112586327248,0.9999999999999986,5.746029705957686e-16,0.9999999999999992,1.007101182569224e-16,0.9999999999999994,-3.34837658999776e-17,1.0,-1.3541873383096192e-16,1.0000000000000002,-1.4470299072914861e-16,0.9999999999999997,8.736606811165969e-17,1.0000000000000004,-3.6995172284413353e-17
580860.6494215255,26.700379635043728,11.960790061832766,8.72906741325234e-17,16865.547139611703,-0.0017574975172962581,-0.0016101857110620112,1.045715104359338,0.017923259133278416,0.9547247836237447,-0.01743438469242275,0.9995601120169182,-0.0004888744408553305,0.9999999999999989,-2.5479140948679824e-16,0.9999999999999998,2.4410687706424917e-16,0.9999999999999998,5.927263707987803e-17,1.0,3.036505004354177e-17,1.0000000000000004,-3.371509011060423e-17,1.0000000000000002,1.240176393513474e-16,0.9999999999999998,9.689997996130084e-17
597825.5710890242,24.39844210459316,11.48816149959639,8.979602753760814e-17,16453.15837683847,-0.0016586062911727595,-0.0014541726990610169,1.0441573847997017,0.016751607971748246,0.9562588352869238,-0.016305329048522974,0.9995837799133745,-0.00044627892322637305,0.9999999999999992,1.4384033279981417e-15,1.0,-7.514078583701853e-17,0.9999999999999994,2.778175960207187e-17,1.0000000000000002,1.190100002850119e-16,1.0000000000000002,7.280829880175812e-17,1.0000000000000002,2.540838627427372e-16,1.0000000000000002,-5.759221962189998e-17
615285.9791825201,22.34792958386783,11.041207039095838,7.429690318629002e-17,16050.518922197078,-0.0015646246694274168,-0.0013126004077551718,1.0426566995674642,0.015646995714325807,0.9577366852070816,-0.015239959800733598,0.9996066152254529,-0.00040703591359308626,0.9999999999999993,6.989999407024646e-16,0.9999999999999994,7.847133660445615e-17,1.0,-7.995573453855798e-17,0.9999999999999997,-1.0471999164470552e-16,0.9999999999999999,-9.02731469989132e-17,0.9999999999999991,-1.8928312246380377e-17,1.0,-1.2137972120442903e-17
633256.3451392035,20.520370218812417,10.61887561000992,1.656312256828423e-16,15657.188087218581,-0.001475385767399473,-0.0011841387700508932,1.0412106670856087,0.014605594867654965,0.959160740540824,-0.014234713736648473,0.9996285923735715,-0.00037088113100586896,0.9999999999999968,-4.255383289887681e-16,1.0000000000000009,-1.9756233342244348e-16,1.0000000000000002,-5.73202931209747e-17,1.0000000000000002,-5.996744601155102e-17,1.0000000000000004,0.0,0.9999999999999996,7.724283249087864e-17,0.9999999999999998,2.798974888513117e-17
651751.5630566714,18.890583974384615,10.220121245646295,7.210496250239815e-17,15272.761508945125,-0.0013907150315546346,-0.0010675850112952935,1.0398170038158863,0.013623844116875151,0.9605332982486169,-0.013286270435044236,0.9996496979355004,-0.0003375736818310413,0.999999999999998,1.2353366826784828e-16,1.0000000000000002,5.912981833554866e-17,0.9999999999999998,1.7042644636392297e-17,0.9999999999999998,1.1526650348643697e-16,1.0,1.0201120074704776e-16,0.9999999999999996,0.0,1.0000000000000002,-5.129190432805094e-17
670786.9620373696,17.436289620533515,9.84390580871636,7.2802508273765e-17,14896.869484771385,-0.0013104338125771164,-0.0009618507556667309,1.03847352630825,0.012698425179934945,0.9618565454740248,-0.01239153137950331,0.9996699282177253,-0.0003068938004318147,0.9999999999999996,-1.2439317552062444e-16,0.9999999999999998,-3.0926082428488173e-16,0.9999999999999997,1.2272097415514787e-16,0.9999999999999999,0.0,1.0,-2.436542578109234e-16,0.9999999999999999,-2.8800691027512035e-16,0.9999999999999996,-6.08766240638656e-17
690378.3188935732,16.13775994649007,9.489201793628464,1.7270942527356814e-16,14529.175115898586,-0.0012343621310932917,-0.0008659504548200165,1.037178151755059,0.011826241537411783,0.9631325609912991,-0.011547600755657828,0.999689287253639,-0.00027864078175374987,1.0000000000000004,0.0,1.0,-7.678653652131977e-17,1.0000000000000002,-5.5027257970836264e-17,1.0000000000000002,-5.459500672779771e-17,1.0,-1.0378852956939903e-16,1.0000000000000002,5.715889924209253e-17,1.0000000000000004,-1.182860181470287e-16
710541.8712234357,14.977519593913575,9.154995145726797,1.5106745533091292e-16,14169.372335930268,-0.0011623207928224133,-0.0007789910185633775,1.0359288973510254,0.011004398960437388,0.964363317493106,-0.010751767859910829,0.9997077851558738,-0.0002526311005285826,0.9999999999999943,2.1557369339715387e-15,1.0000000000000009,4.7946733997709157e-17,1.0000000000000007,-1.3094920405949255e-16,0.9999999999999991,1.3196381560242476e-16,0.9999999999999996,-9.783954912816048e-17,1.0,-6.958850277741174e-17,0.9999999999999998,-7.408380439065711e-17
731294.3308689432,13.940080414001411,8.840288036672167,1.0325343291919267e-16,13817.183858409147,-0.0010941329794533772,-0.0007001625298966374,1.0347238786678798,0.010230187712456158,0.9655506845699774,-0.010001491004377033,0.9997254367621425,-0.00022869670807956687,0.9999999999999997,0.0,0.9999999999999996,-2.5255435936026096e-16,1.0000000000000007,-6.856035531432568e-17,0.999999999999999,0.0,0.9999999999999998,-2.425418971396738e-16,0.9999999999999999,5.959981661724461e-17,0.9999999999999997,5.81998295983429e-17
752652.8977669296,13.011709789538916,8.544101559706453,9.6387069690893e-17,13472.359084526388,-0.0010296254205428568,-0.0006287299379822464,1.033561307242271,0.009501066329599456,0.9666964322329881,-0.00929438283357918,0.9997422605247409,-0.00020668349602032246,1.0,5.611335728822779e-17,0.9999999999999996,5.163306210290737e-17,1.0,0.0,0.9999999999999998,-4.856414855077487e-17,1.0,0.0,1.0000000000000002,-7.780544157648417e-17,0.9999999999999999,0.0
774635.2742046312,12.180227803241655,8.265478307883512,1.9282245114066543e-16,13134.672004318725,-0.0009686292332986568,-0.0005640256300432578,1.032439487553569,0.008814646873541528,0.9678022348446521,-0.008628196958496561,0.9997582776017765,-0.0001864499150421469,1.0000000000000027,-2.6163180480291666e-15,0.999999999999999,-1.3291195619942997e-16,0.9999999999999999,-1.3968717692395427e-16,0.9999999999999991,9.020058882471725e-17,1.0000000000000004,6.208765211531478e-17,0.9999999999999996,-2.3550673669315538e-17,0.9999999999999998,-1.888160385504139e-16
797259.6794915972,11.434829529798957,8.003484798426808,1.6324908083332166e-16,12803.919109297423,-0.0009109805002012195,-0.000505442790321579,1.0313568135173163,0.00816868154274201,0.9688696753669941,-0.008000815806410717,0.9997735111156906,-0.00016786573633126759,0.9999999999999982,4.304064672723485e-17,1.0000000000000002,2.0219367593905178e-16,1.0000000000000002,0.0,1.0000000000000002,8.716257498454032e-17,0.9999999999999996,1.302429021220134e-16,1.0,7.905164566214288e-17,0.9999999999999998,-1.676530620702404e-17
820544.865060115,10.76592912367132,7.757213713111313,1.7224619414097518e-16,12479.917339418846,-0.0008565206411219606,-0.00045242946409850216,1.0303117646077735,0.007561050553949293,0.9699002498415549,-0.007410239610555735,0.9997879855506677,-0.0001508109433930783,1.000000000000002,-5.1522267042933245e-16,0.9999999999999999,3.391402136117634e-17,0.999999999999999,-4.4112860041530944e-17,0.9999999999999999,6.035927023219313e-17,0.9999999999999999,-3.403508688842311e-17,0.9999999999999994,-9.022143821113491e-17,0.9999999999999998,-1.0177368131157995e-17
844510.1300066669,10.165022740716674,7.525785923949966,2.8621649398837176e-16,12162.502084401975,-0.000805096628042179,-0.00040448325122367643,1.0293029017244733,0.006989751187349745,0.9708953720106839,-0.006854576445028312,0.9998017262648402,-0.00013517474231997868,1.0000000000000002,-1.3276788879430394e-15,1.0,5.7947381065088944e-18,1.0000000000000002,-1.132060074821423e-16,1.0000000000000002,-1.4387077897619033e-16,1.0000000000000002,0.0,1.0,0.0,0.9999999999999999,5.0336155078050734e-17
869175.3370872986,9.62456768406,7.308352276931705,1.0596728475402063e-16,11851.525251201852,-0.0007565610782904741,-0.00036114656160145947,1.0283288628635452,0.006452887915645876,0.9718563780385103,-0.006332033236620643,0.9998147590979458,-0.00012085467902697354,0.9999999999999986,1.7942562432631917e-15,0.9999999999999999,8.741241547978361e-17,0.9999999999999996,6.598131882524897e-17,0.9999999999999998,-2.4959110912479307e-16,0.9999999999999998,-4.376098951612412e-17,1.0000000000000002,-3.896352797482255e-17,1.0,7.940253176951201e-17
894560.9291801571,9.137875520948894,7.104095112214334,1.2930538914897268e-16,11546.853411338063,-0.0007107722576762399,-0.0003220023713938209,1.0273883586758497,0.005948663526922491,0.972784531266191,-0.005840907674212224,0.9998271100579588,-0.0001077558527102326,0.9999999999999988,3.8350487777182715e-16,0.9999999999999999,-7.170490389138876e-17,0.9999999999999998,8.725679488877727e-17,1.0,-3.4552973850189483e-16,1.0000000000000002,-2.8271202482538327e-16,1.0000000000000002,-6.412380091238493e-17,0.9999999999999998,1.171844470367446e-16
920687.9462288416,8.69901725421336,6.912229507457065,1.7276979873849703e-16,11248.366044195764,-0.0006675940173863637,-0.00028667042542924017,1.0264801679747217,0.005475371169015916,0.9736810269520834,-0.005379580953436945,0.9998388050731977,-9.579021557663565e-05,0.999999999999998,-1.4025806475784211e-15,0.9999999999999999,9.559131715313091e-17,0.9999999999999998,0.0,0.9999999999999996,0.0,0.9999999999999993,1.046538453624211e-17,1.0000000000000009,3.969612695576852e-17,1.0000000000000009,-7.707088092896002e-17
947578.0426806114,8.302738935296937,6.732004234172338,1.8217626049979973e-16,10955.95387974411,-0.0006268956838297868,-0.0002548038361705631,1.0256031332312758,0.005031387237465858,0.9745469969699178,-0.00494651128794779,0.9998498697988051,-8.487594951693292e-05,1.000000000000001,-1.4413627556273873e-15,1.0000000000000007,1.57637427706592e-17,0.9999999999999997,-6.339741537831023e-17,1.0000000000000002,-1.443804435418562e-16,1.0,1.489042386979172e-17,0.9999999999999996,7.898826227236961e-17,1.0000000000000002,-8.762943713305486e-17
975253.505433903,7.9443863945955,6.562702429542207,1.7372822421584033e-16,10669.517354040803,-0.0005885519168629116,-0.0002260860358878568,1.0247561561144174,0.004615165048944187,0.9753835144173637,-0.004540228137548,0.999860329468216,-7.49369113962621e-05,1.0000000000000007,-4.2283620998994396e-17,0.9999999999999998,1.2338142602937109e-17,1.0,1.2890818018018332e-16,0.9999999999999999,-9.53114960403388e-17,0.9999999999999997,5.733038387512422e-17,0.9999999999999998,1.5887276751069816e-16,1.0000000000000004,-4.879862217040383e-17
1003737.2723100319,7.619837995803324,6.4036419898103825,1.7401214045816253e-16,10388.965179152776,-0.0005524425480629702,-0.00020022804231773246,1.0239381931052105,0.004225229233178985,0.9761915981128644,-0.004159327093842338,0.9998702087819279,-6.590213933662726e-05,0.9999999999999979,-4.2174443142297696e-17,1.0000000000000007,-2.407424647362141e-17,0.9999999999999998,6.246176719308813e-17,1.0000000000000002,-2.446592176805764e-16,1.0000000000000004,-1.955571415274969e-16,1.0000000000000002,1.2102892439121239e-16,1.0000000000000004,-5.1812284955390766e-17
1033052.9510643885,7.325444523366216,6.254175702364702,1.4228716443436453e-16,10114.213035722227,-0.0005184524082793018,-0.00017696600290522296,1.0231482512287051,0.003860170787446919,0.9769722169441556,-0.0038024653743456457,0.9998795318271413,-5.770541310048682e-05,0.9999999999999992,-4.20656623548349e-16,1.0,5.3702041229233765e-17,1.0,-2.047402984801091e-17,0.9999999999999999,8.009365950253488e-17,1.0000000000000002,-4.989461685993573e-17,1.0,-3.6696009586286453e-17,1.0000000000000007,1.0308385773801647e-17
1063224.838952885,7.057975456129112,6.1136911344144105,2.829009033815194e-16,9845.182382361836,-0.0004864711514827036,-0.0001560589862940907,1.0223853839218762,0.003518642741289069,0.9777262940551639,-0.003468357878781882,0.9998883220229554,-5.028486250394794e-05,1.0000000000000033,-3.1468067913159546e-15,0.9999999999999994,-1.1546563803838749e-16,1.0000000000000004,-1.3399686493756176e-16,0.9999999999999998,-3.503632277957171e-16,0.9999999999999994,-2.9000276254319193e-16,0.9999999999999996,-6.896261648950493e-17,0.9999999999999996,-6.222599547286142e-17
1094277.942869871,6.814571006363741,5.9816103077201355,9.75480712550581e-17,9581.799389979895,-0.00045639307996481193,-0.00013728699340871634,1.021648687080703,0.003199356382573278,0.9784547108327677,-0.0031557737641772768,0.9998966020865305,-4.35826183969477e-05,0.9999999999999991,1.2136455191101956e-15,1.0,-1.8703442659228476e-18,1.0000000000000002,-3.4155313193222715e-17,1.0000000000000004,-4.1921022509834655e-17,1.0,7.501007817771351e-18,1.0000000000000002,-9.09445004570443e-18,0.9999999999999998,1.0210590670291123e-16
1126238.0000742055,6.592699373409001,5.857389183934637,1.4008378876781927e-16,9323.993987454565,-0.0004281169744118074,-0.00012044916298512068,1.020937295295342,0.0029010779922758988,0.9791583106882467,-0.0028635334908818175,0.9999043940164131,-3.754450139210802e-05,0.9999999999999992,-1.5027486655062825e-15,1.0000000000000004,-5.963174886140805e-17,1.0000000000000004,6.343130643742758e-17,1.0,-1.3201920512046815e-16,1.0000000000000002,8.058676263298367e-17,1.0000000000000004,7.547892706631022e-17,1.0000000000000002,1.0777860872871932e-17
1159131.4995206685,6.390118732468695,5.740516994079797,3.4387246515425347e-16,9071.699022066174,-0.00040154593181540577,-0.00010536214977652012,1.0202503783112706,0.002622626044556143,0.9798379025988422,-0.002590506300360401,0.999911719089891,-3.2119744195882505e-05,0.9999999999999989,1.249110268225651e-16,1.0,-1.1337954684750829e-17,1.0000000000000007,9.039250503366941e-17,1.0000000000000007,-2.1815275453299706e-16,1.0000000000000002,0.0,0.9999999999999993,8.52324576396109e-17,0.9999999999999999,-1.1384647080186688e-17
1192985.703814387,6.204843512585779,5.630515440146686,2.6557119847803535e-16,8824.849520502317,-0.0003765872118961511,-9.185865580572005e-05,1.0195871377225665,0.0023628688282051635,0.9804942644059806,-0.002335608084495883,0.999918597871459,-2.7260743710016117e-05,0.9999999999999948,1.2459557657136332e-15,0.9999999999999991,-7.032200587070304e-17,1.0000000000000002,8.993144448354312e-17,0.9999999999999997,-2.162251718266739e-17,1.0000000000000002,-5.477960001989218e-17,1.0,0.0,0.9999999999999997,1.1206432505077244e-16
1227828.6718064735,6.035114555530497,5.5269377983638295,2.0209653802495146e-16,8583.382045587072,-0.00035315209362352107,-7.978609725522187e-05,1.0189468039259622,0.0021207224420140285,0.9811281458440075,-0.002097799602258888,0.9999250502300349,-2.2922839754160098e-05,0.9999999999999963,-1.1185448613534533e-15,1.0000000000000004,-1.934234470855544e-17,1.0,1.5535276236340567e-16,1.0000000000000002,3.1353223999852787e-16,0.9999999999999998,-2.7134004993839982e-17,0.9999999999999998,-1.091097528701295e-16,0.9999999999999998,-1.022500881512979e-16
1263689.2818496055,5.879372771731842,5.429367950548188,2.1736670656517423e-16,8347.234135298744,-0.0003311557413425703,-6.900539169333397e-05,1.0183286333413493,0.001895149122239178,0.9817402712957871,-0.001876085004749925,0.9999310953628661,-1.9064117488547532e-05,0.999999999999998,-9.91780619043821e-16,1.0,4.405428047191961e-17,1.0000000000000002,1.343806745102349e-16,0.9999999999999999,1.9494702456200795e-17,0.9999999999999997,-1.0034984836158081e-16,1.0000000000000002,7.719809622195662e-17,1.0000000000000002,-5.271887625837799e-17
1300597.255732819,5.736235934179556,5.337419366406869,1.412890775258342e-16,8116.343815434029,-0.0003105170804786894,-5.9389852092687353e-05,1.0177319059181704,0.001685155857993742,0.982331342257741,-0.0016695106269935945,0.999936751824094,-1.5645231000148575e-05,0.9999999999999948,-1.2366495409404792e-16,0.9999999999999998,-9.137078460930952e-17,1.0000000000000002,1.3715136077921296e-16,1.0,-1.6845608398078894e-16,0.9999999999999994,9.765373796948302e-17,0.9999999999999997,-8.007545193496398e-17,0.9999999999999998,1.7197469781385423e-16
1338583.183315355,5.604478272496724,5.250734054265412,1.8681536835750353e-16,7890.649173288554,-0.0002911586820388834,-5.082417575930091e-05,1.0171559229296097,0.0014897932532612248,0.982902039513886,-0.0014771640074271277,0.999942037556508,-1.2629245834957372e-05,0.9999999999999957,9.046383000297183e-16,1.0000000000000004,1.111127800545182e-16,1.0000000000000002,0.0,1.0000000000000007,-3.5378570647531865e-16,0.9999999999999998,-1.0194618536070068e-16,1.0000000000000009,-1.1293804559463657e-16,1.0,-2.6247292452936643e-17
1377678.5478799741,5.483012553318462,5.168981493736004,2.6435348725152337e-16,7670.087981303392,-0.0002730066549361254,-4.320351760710939e-05,1.0166000050652142,0.001308154589186411,0.9834530250100186,-0.001298173090784807,0.9999469699247663,-9.981498401172672e-06,1.0000000000000016,-6.563031586537598e-16,1.0,-7.977883255670443e-17,1.0,-7.376271508054305e-17,1.0000000000000009,-1.8598573276539864e-16,1.0,-1.179383631223551e-16,0.9999999999999997,-6.160954831255675e-17,1.0000000000000009,-8.355395762232929e-17
1417915.7522267536,5.370874352909048,5.091857555484274,2.1376062241684953e-16,7454.597360066166,-0.00025599054506386665,-3.643263878801077e-05,1.0160634908169899,0.0011393750497984848,0.9839849434339853,-0.001131705579358556,0.9999515657490258,-7.669470439248279e-06,0.9999999999999988,-4.501051479742915e-16,1.0000000000000002,-1.805378695337979e-18,1.0000000000000007,3.439383178028738e-16,0.9999999999999998,7.887681018624956e-17,0.9999999999999998,-6.468972215749316e-17,1.0000000000000002,1.4325579550504364e-16,1.0,-4.689216323869557e-17
1459328.1455289945,5.2672082519383165,5.019083409087775,2.555800753535135e-16,7244.1134705266095,-0.00024004323974224917,-3.0425122553340598e-05,1.015545735160886,0.0009826310650858376,0.984498423501621,-0.0009769683882955263,0.9999558413374999,-5.662676791119925e-06,0.999999999999995,9.796545362464452e-16,1.0000000000000002,5.394343336088457e-18,1.0,2.3684758788525263e-16,1.0,5.4111270345087307e-17,1.0000000000000004,3.055251646497871e-16,1.0000000000000002,1.0099704047552014e-16,1.0000000000000004,1.2192402473497356e-16
1501950.050973495,5.171255698609851,4.950404408211562,1.6381551359266567e-16,7038.5712293058905,-0.00022510087676863577,-2.510265051954655e-05,1.0150461085262068,0.0008371397341877222,0.9849940789566216,-0.0008332071692851835,0.9999598125171734,-3.932564901484204e-06,0.9999999999999974,-1.0179927476733197e-15,1.0,-1.0743548259973383e-17,1.0000000000000002,-5.833303551134574e-17,1.0000000000000002,0.0,1.0000000000000002,-2.390563561877702e-16,0.9999999999999991,-7.405587207793905e-17,1.0000000000000002,-2.8419480995043765e-16
1545816.7942081015,5.082344307568198,4.8855889371663945,3.3668976510008633e-16,6837.904037567366,-0.00021110275626057273,-2.039433333538387e-05,1.0145639960389818,0.0007021582904478389,0.9854725092993508,-0.000699705865931442,0.9999634946616647,-2.4524245140675494e-06,1.0000000000000016,-1.8279379938960423e-15,0.9999999999999998,4.3707503337209265e-17,0.9999999999999996,-8.660090441436372e-17,1.0000000000000002,-4.373718203089896e-16,1.0000000000000004,-5.056632438710128e-17,1.0,4.9707080849022735e-17,1.0,-1.2277036040254138e-16
1590964.7326201133,4.999878377119501,4.824427191881326,1.1755254993319158e-16,6642.043522108924,-0.0001979912546801188,-1.6236090539293163e-05,1.0140987970295317,0.0005769835701192405,0.9859343002548954,-0.000575786264034159,0.9999669027155722,-1.1973060844261402e-06,1.0000000000000007,-6.078331790838402e-16,1.0,-2.051465378129076e-16,1.0,1.666461974415518e-16,0.9999999999999998,3.716181528334408e-16,1.0,6.639803226133684e-17,0.9999999999999999,0.0,0.9999999999999996,2.6674530798825013e-16
1637431.2854698077,4.923330420060598,4.7667298577938295,3.721267988801116e-16,6450.919282425873,-0.00018571173949766262,-1.257007522225914e-05,1.0136499247775101,0.00046095145349355583,0.9863800240077187,-0.00046080750696505954,0.9999700512147699,-1.4394652744201537e-07,1.0000000000000009,-1.2127101420555164e-15,1.0000000000000002,1.2163387815506293e-16,1.0000000000000007,7.92437486527299e-17,1.0000000000000002,1.3202864611900106e-16,0.9999999999999997,1.219588858880375e-16,1.0000000000000007,7.427778893146394e-17,1.0000000000000007,3.534090623613568e-17
1685254.9649040604,4.852233521753338,4.712326642937371,1.7513204630667576e-16,6264.4586479043555,-0.0001742124840973247,-9.34413962781222e-06,1.0132168064827456,0.00035343624515185085,0.9868102392149498,-0.00035416554419483664,0.9999729543023076,7.292990429778178e-07,0.9999999999999976,-1.209752133112613e-16,1.0,-7.055190849960675e-18,0.9999999999999999,-5.775328514519286e-17,1.0,-1.0324827003327364e-16,1.0000000000000004,-1.5877807113243218e-16,1.0000000000000004,2.94923038816626e-16,0.9999999999999996,1.9624075944632977e-17
1734475.4078757667,4.786174345971146,4.6610646122690955,2.9124803115467287e-16,6082.586441602903,-0.0001634445817728647,-6.511338450434986e-06,1.0127988834241746,0.0002538499677487156,0.987225490836135,-0.00025529248863435743,0.9999756257396928,1.442520886504349e-06,0.9999999999999983,-7.240725019844038e-16,1.0,-3.91016689527621e-17,1.0000000000000004,-3.740787947271712e-17,0.9999999999999999,0.0,1.0000000000000002,0.0,1.0,1.8753033990613958e-16,0.9999999999999998,1.5473890352577364e-16
1785133.408995518,4.724786631511858,4.61280627382167,2.9454798811580306e-16,5905.224757543287,-0.00015336185821723802,-4.029467007340685e-06,1.0123956112862353,0.00016164154460555327,0.9876263098001119,-0.0001636558592851068,0.9999780789136519,2.014314680770604e-06,0.9999999999999999,-1.2038111688590806e-15,0.9999999999999999,5.592589819117566e-17,0.9999999999999998,2.9562186727990705e-17,0.9999999999999997,1.4256305698253975e-16,1.0000000000000004,-3.5391732136266957e-17,1.0000000000000002,-4.0222253457471466e-17,1.0000000000000004,-1.464062125904347e-16
1837270.9543427608,4.667745038251544,4.56742736864957,1.496727141558728e-16,5732.292755833273,-0.00014392078221447946,-1.8606319080472345e-06,1.0120064606190158,7.629585338170717e-05,0.9880132125425484,-7.875769255370573e-05,0.9999803268384372,2.46183917238047e-06,0.9999999999999981,-4.402998649448168e-16,1.0,-1.551418779683507e-16,1.0000000000000002,-2.100919100353833e-16,1.0000000000000002,-6.433136731447736e-17,1.0000000000000002,-1.1738540473643823e-17,0.9999999999999993,-7.673319761809022e-17,0.9999999999999992,5.041301680289709e-17
1890931.2562644635,4.614759231841962,4.524814335495453,3.4381043867679236e-16,5563.706480365761,-0.00013508037398679562,2.914790944968051e-08,1.011630917395749,-2.6673662124724516e-06,0.9883867004501362,-1.3350619437172342e-07,0.9999823821541155,2.8008724074657666e-06,0.9999999999999991,-5.190474944546346e-16,0.9999999999999997,9.394867277218873e-17,0.9999999999999998,1.7461919382083474e-16,0.9999999999999999,-1.2086900233519514e-16,0.9999999999999994,-1.5525895385658457e-16,1.0000000000000007,1.980003785316161e-17,1.0000000000000002,1.1125500244505164e-16
1946158.78919013,4.565568134700776,4.484861451300537,1.6579172770820242e-16,5399.378708844261,-0.0001268021111258122,1.6703115241895838e-06,1.0112684836365724,-7.569475862629091e-05,0.9887472592421634,7.264889123475539e-05,0.9999842571212675,3.0458673925499813e-06,0.999999999999997,-4.779030971065145e-16,1.0,-1.214055046793229e-16,1.0000000000000002,-1.8050402188413263e-16,1.0000000000000004,5.113492622467395e-16,1.0000000000000007,0.0,0.9999999999999994,2.0449772489378437e-17,1.0000000000000004,3.2886090147176095e-17
2002999.3264928467,4.519934322067899,4.44746769524972,3.6591656476238416e-16,5239.218843102652,-0.00011904983210797582,3.090099357559619e-06,1.0109186780616564,-0.0001432007584786862,0.9890953583256372,0.00013999075057040365,0.999985963612708,3.210007908634617e-06,0.9999999999999991,-4.76671770069231e-16,1.0,-3.437887549457533e-18,0.999999999999999,-3.5574092241397055e-17,1.0000000000000002,-6.64632267838907e-17,1.0000000000000004,0.0,1.0000000000000004,-7.203482693631323e-17,1.0000000000000002,-6.093111986457107e-17
2061499.9784269116,4.477638602795015,4.4125334432370185,2.4810696744880653e-16,5083.132847521841,-0.00011178963718805335,4.312870849679546e-06,1.0105810367349835,-0.00020556915583635278,0.9894314501620636,0.000202263890820423,0.9999875131029555,3.3052650163657896e-06,0.9999999999999987,-1.0300861323695619e-15,1.0000000000000002,6.881061569869215e-17,0.9999999999999998,-2.973236951316032e-16,1.0,7.091650901382063e-16,1.0,8.202528497355106e-17,1.0000000000000007,-7.649740198597114e-17,1.0000000000000007,3.256893441505169e-17
2121709.2311734906,4.43847489319804,4.379957168198485,3.194144260431359e-16,4931.023247337169,-0.0001049897873883765,5.360397741958569e-06,1.0102551136679605,-0.0002631548158588275,0.9897559696759057,0.00025981236122991084,0.9999889166561338,3.3424546302070565e-06,0.9999999999999992,-6.322112358205688e-16,1.0000000000000009,-1.3592978669464723e-17,1.0000000000000004,5.722722505746338e-17,1.0000000000000002,-2.2910677256948447e-16,1.0,-1.1868589330410509e-16,1.0000000000000004,0.0,1.0000000000000009,-1.9913926616599793e-16
2183676.9870266607,4.402245551736595,4.349632380792943,3.741048833623476e-16,4782.789194398384,-9.862060120013894e-05,6.252134073627986e-06,1.0099404813443504,-0.00031628554221808296,0.9900693337424923,0.0003129542458330206,0.9999901849131586,3.3312963854559617e-06,0.9999999999999981,-2.364357166816147e-16,0.9999999999999991,-7.275955457774752e-17,1.0000000000000002,2.867694107159353e-17,1.0,-1.3808509243317141e-16,1.0000000000000004,1.1529666050585038e-16,1.0000000000000007,-3.2813758868887377e-16,1.0,-6.047043173174631e-17
2247454.6057531494,4.368757385223934,4.321445083963143,4.26668289238843e-16,4638.326611122585,-9.265435013361412e-05,7.005463925043733e-06,1.0096367311367112,-0.0003652640685093712,0.9903719407843987,0.0003619835946703251,0.9999913280788912,3.2804738397228014e-06,0.9999999999999978,-7.85934734084845e-16,0.9999999999999991,-2.704915705272251e-17,0.9999999999999998,0.0,1.0000000000000013,3.5722545563826063e-17,1.0000000000000002,-2.0294833183200617e-16,1.0000000000000004,7.397638396752949e-17,0.9999999999999996,-1.584062063476821e-16
2313094.947160047,4.3378185410212255,4.295272009270725,2.518626725225873e-16,4497.528420288606,-8.706515281886595e-05,7.635927881437497e-06,1.009343473581806,-0.0004103701579105515,0.9906641705081196,0.0004071724620020088,0.9999923559100738,3.1976959096448184e-06,0.9999999999999988,-8.620774637947324e-16,0.9999999999999999,-1.1647347917732064e-16,1.0000000000000004,-1.4303337873962115e-17,0.9999999999999999,-1.3680595109219076e-16,0.9999999999999997,-3.095070092298592e-16,1.0,1.2729330925017513e-16,0.9999999999999997,-9.374108054553729e-17
2380652.4149057744,4.309236460508089,4.2709798477372924,2.1950962273068362e-16,4360.284870904922,-8.182886889329666e-05,8.15742914617957e-06,1.0090603384922046,-0.0004518627865602829,0.9909463838031874,0.0004487730272379482,0.9999932777046093,3.0897593230428497e-06,0.999999999999998,-5.470016153457196e-16,0.9999999999999996,8.859024144828476e-17,1.0000000000000004,-1.6820691186467386e-17,0.9999999999999999,1.546727274171119e-16,0.9999999999999996,-7.132647947415368e-17,1.0,2.5167396440880657e-16,1.0000000000000002,1.5639805893784621e-16
2450183.001590618,4.2828169809061825,4.248425579132455,1.9126692441167056e-16,4226.483964657114,-7.692299280392945e-05,8.582420163960463e-06,1.0087869748757183,-0.0004899823800257819,0.9912189228314479,0.00048701976828918877,0.9999941022928359,2.962611737584935e-06,0.999999999999999,-1.012833463173692e-15,1.0000000000000002,2.7932215362331653e-17,1.0,0.0,1.000000000000001,-2.43956953775644e-16,1.0000000000000002,-1.7610082517669867e-16,1.0,-1.8718867223221149e-16,1.0000000000000002,5.949627744862336e-17
2521744.3351642,4.258364555292059,4.227457865120078,2.1852799537658956e-16,4096.011990140462,-7.232654823496887e-05,8.922070683715314e-06,1.008523050647672,-0.0005249530720677667,0.991482111321118,0.0005221316569670669,0.9999948380312123,2.8214151021978078e-06,0.9999999999999983,-8.543895596841336e-16,0.9999999999999994,1.3242463455183973e-16,1.0,-8.2420098798748e-17,1.0,-9.433360718238159e-17,1.0,-1.0606726386030932e-16,0.9999999999999993,-1.849006025911161e-16,0.9999999999999992,-2.4258521207185697e-16
2595395.726688354,4.2356834357975,4.2079193304281794,2.353123260550235e-16,3968.754169142627,-6.801998402039544e-05,9.186418115448753e-06,1.008268252123873,-0.0005569849483895837,0.9917362550773601,0.0005543143396025324,0.9999954927987669,2.6706087881013386e-06,0.9999999999999982,-1.2388350105780222e-15,1.0000000000000002,-1.9097826100448426e-17,1.0000000000000004,-6.548855073289514e-17,1.0000000000000004,1.3626972622164796e-16,1.0000000000000002,-1.815744365944187e-16,1.0000000000000004,5.555867094893033e-17,1.0000000000000004,1.3071202583526275e-16
2671198.2194949817,4.214579562017913,4.189649445727648,2.5616176959569447e-16,3844.595413870076,-6.39850720602908e-05,9.384501055355567e-06,1.0080222832826868,-0.0005862762350340886,0.9919816427207748,0.0005837622630693968,0.9999960739965413,2.5139719659220587e-06,0.9999999999999987,-1.1576409578490737e-15,1.0000000000000007,2.505205112501217e-17,1.0000000000000004,-7.491187404492005e-17,1.0000000000000004,-4.641617654842574e-17,0.9999999999999999,0.0,0.9999999999999998,-7.13538912145441e-17,0.9999999999999996,-6.441444849341167e-17
2749214.6397796483,4.194862840630347,4.172487672363282,4.563571683798464e-16,3723.4211946145697,-6.0204807894592705e-05,9.524476960079532e-06,1.0077848647987777,-0.0006130153934968502,0.9922185466510917,0.0006106607087767523,0.99999658855013,2.3546847211925967e-06,0.9999999999999997,-1.0383926873820071e-15,1.0000000000000007,3.235787534172522e-17,0.9999999999999994,-1.5679120891489402e-17,1.0000000000000007,2.6480961842224034e-17,1.0,1.1343732617524677e-16,1.0000000000000004,-1.8692367710567986e-16,1.0000000000000002,4.070655877453844e-17
2829509.648672832,4.176349501689328,4.156276539029066,2.6978297107308234e-16,3605.11851169854,-5.666331475140396e-05,9.613724865606636e-06,1.0075557328554732,-0.000637383078139138,0.9924472242292047,0.000635187690734232,0.9999970429153248,2.195387405751245e-06,0.999999999999998,-1.0539719401492478e-15,1.0,-2.200374176689489e-17,1.0000000000000007,4.2007456314146846e-17,0.9999999999999997,6.595845361067212e-17,1.0000000000000002,1.5484168297142388e-16,1.0000000000000007,8.1053450740454e-17,1.0,-5.779288832241431e-17
2912149.7958320025,4.158864259463598,4.1408643769260225,2.396234983792016e-16,3489.5769589359325,-5.334575167381672e-05,9.658934168569465e-06,1.0073346377461248,-0.0006595539148105667,0.992667919167146,0.0006575156770468797,0.9999974430867311,2.0382377648575497e-06,0.9999999999999979,-1.0693092638827021e-15,0.9999999999999996,3.0347824914433884e-17,0.9999999999999994,-1.5793891551486028e-16,1.0000000000000007,0.0,0.9999999999999997,-1.687030090018646e-16,1.0000000000000002,-1.8955156428811452e-16,0.9999999999999996,-8.579340294498734e-17
2997203.5745989294,4.1422420872541545,4.1261075345786145,2.7789416621279456e-16,3376.68986311737,-5.023822635052966e-05,9.66618049700549e-06,1.0071213422897975,-0.0006796980600606995,0.9928808631010003,0.0006778130946310279,0.9999977946092026,1.8849654307256086e-06,0.9999999999999981,-1.2175641231945195e-15,1.0000000000000004,2.643145747814657e-17,1.0,1.3456436491817418e-16,1.0000000000000013,1.7970774318134365e-16,1.0000000000000004,1.9241355657088012e-16,1.0000000000000002,7.523782223239441e-17,1.0000000000000002,0.0
3084741.478767952,4.126329500452998,4.111871987396252,1.3703374562777898e-16,3266.3554766515617,-4.732771326132479e-05,9.640989775168112e-06,1.006915620092355,-0.0006979825044748385,0.9930862773158378,0.0006962455810335373,0.9999981025918087,1.7369234425630952e-06,0.9999999999999981,-9.85499923609e-16,1.0,-1.177696924629777e-16,0.9999999999999998,0.0,0.9999999999999996,4.645878701599904e-17,1.0000000000000002,1.8022800638620224e-16,1.0,0.0,0.9999999999999998,-3.561400391574932e-17
3174836.0610122466,4.1109853204300615,4.098034339403562,3.628408207220714e-16,3158.4781914662904,-4.46019776063622e-05,9.588391575506251e-06,1.0067172536874807,-0.0007145720847833929,0.9932843745884836,0.0007129769482647,0.9999983717240378,1.5951365195406446e-06,0.9999999999999986,-8.305950624566468e-16,0.9999999999999999,-1.4353980103118477e-16,0.9999999999999991,5.584473479826481e-17,1.0,-3.3401257467491405e-17,0.9999999999999997,-5.678730673122207e-17,1.0000000000000002,-2.7593840505514577e-17,0.9999999999999996,-2.25516349284743e-16
3267561.993016527,4.096080955181592,4.084482277397792,3.156485998737696e-16,3052.969739912351,-4.204950548114539e-05,9.512962977731789e-06,1.0065260326093661,-0.0007296301817676099,0.9934753610967497,0.0007281698358800065,0.9999986062938869,1.4603458891771668e-06,0.9999999999999987,-1.2408043644576603e-15,0.9999999999999999,-2.8051287598022596e-17,1.0,9.578340820968427e-17,1.0000000000000002,-6.590567514722571e-17,1.0000000000000002,-6.89628604485652e-17,1.0000000000000004,-3.3420847490776864e-16,1.0,2.4196262323281797e-16
3362996.1273660087,4.081500267111525,4.0711145688747274,1.8757433306163918e-16,2949.750336841263,-3.96594407163775e-05,9.418864094266893e-06,1.0063417514443995,-0.0007433190821791124,0.9936594383481278,0.0007419860316313267,0.9999988102074734,1.3330505486858633e-06,0.9999999999999983,-1.3478798480379394e-15,0.9999999999999998,-6.348629593422861e-18,0.9999999999999996,-2.680252312624936e-17,1.0000000000000009,1.9195251640683229e-16,0.9999999999999992,2.4839896872488437e-17,1.0,4.538098272168236e-17,1.0000000000000002,-1.1605469954730283e-16
3461217.561242936,4.067139118262361,4.057840710231575,3.298107331074443e-16,2848.749717468528,-3.742152841113011e-05,9.309866543360227e-06,1.006164207925738,-0.0007558000003668574,0.9938368050644539,0.0007545864554572079,0.99999898700981,1.2135449106775916e-06,0.9999999999999988,-1.4538063654632859e-15,1.0000000000000002,4.20133600711501e-17,0.9999999999999992,2.1680715675276648e-16,0.9999999999999998,-1.8665338172046638e-16,0.9999999999999994,6.943510982725569e-17,0.9999999999999998,3.0210655036472104e-17,0.9999999999999997,-7.652912148011348e-18
3562307.701983465,4.052904683017524,4.044580326706595,3.0709595563224114e-16,2749.908017755843,-3.5326065393803674e-05,9.189376072675384e-06,1.0059932011280628,-0.000767232761671197,0.9940076589655783,0.000766130808831806,0.9999991399063612,1.1019528405425759e-06,0.9999999999999984,-1.4657630271116203e-15,0.9999999999999999,3.482478305047986e-17,1.0000000000000002,-1.3461354993925885e-16,0.9999999999999999,0.0,1.0000000000000002,-1.794497757973897e-16,1.0000000000000004,-1.574314832565857e-16,1.0000000000000002,4.170325653939692e-18
3666350.3345492315,4.038714611302546,4.031262414378834,1.7641696721242788e-16,2653.176446811395,-3.3363857532719976e-05,9.06045056982003e-06,1.0058285298270517,-0.0007777751651196129,0.9941721983878806,0.000776776906961566,0.999999271785069,9.982581593664936e-07,0.9999999999999978,-1.292672183013279e-15,0.9999999999999998,1.7816162317613118e-17,0.9999999999999994,2.2983354155213e-16,0.9999999999999996,7.377519759410179e-17,0.9999999999999999,-2.306376416122463e-16,0.9999999999999997,4.2450760058475187e-17,0.9999999999999997,-5.1623606839060143e-17
3773431.690969534,4.024496109290929,4.0178244954009585,1.8379944325634426e-16,2558.5177027379327,-3.15261837045e-05,8.925814655562176e-06,1.005669991082681,-0.0007875820565667985,0.9943306236788181,0.0007866797248363568,0.9999993852385038,9.023317312753499e-07,0.9999999999999981,-1.4701467884935402e-15,0.9999999999999999,5.968222202369553e-17,1.0000000000000002,1.806183116730772e-16,0.9999999999999994,-9.901174216978557e-17,1.0,1.53356693609368e-16,0.9999999999999998,4.848750941521718e-17,0.9999999999999997,0.0
3883640.5218116785,4.0101849917778205,4.004211742623794,3.4279418424361737e-16,2465.906090780051,-2.9804765958374446e-05,8.787871981749433e-06,1.0055173791011096,-0.000796804156952307,0.9944831383130122,0.0007959902016600518,0.999999482585881,8.139552933828796e-07,0.999999999999998,-1.3530294528096712e-15,0.9999999999999999,-3.9169372888735117e-17,1.0000000000000007,1.1606049486295962e-16,1.0000000000000009,-2.1296855240764783e-16,1.0000000000000002,-2.9523237017507297e-16,0.9999999999999994,-4.763141222945508e-17,1.0000000000000007,-9.217051284724833e-17
3997068.1697387216,3.9957247436791565,3.990376111712226,2.6030172710269666e-16,2375.327313726268,-2.8191745713002092e-05,8.648716280701477e-06,1.0053704844205105,-0.000805586702192761,0.9946299496848104,0.0008048538599760821,0.9999995658946812,7.328422185544564e-07,0.9999999999999983,-1.3186841784457068e-15,1.0000000000000002,5.1688163707463276e-17,1.0000000000000007,2.930485436587165e-16,0.9999999999999997,3.369610131855726e-16,1.0000000000000002,3.1861488640610016e-16,0.9999999999999998,1.5647132704902335e-16,1.0,2.1130479652154746e-17
4113808.6452155863,3.9810656164055866,3.9762755063979442,5.00376472475887e-16,2286.7779184906303,-2.6679665047879553e-05,8.510142081382041e-06,1.005229093452398,-0.0008140679616285149,0.9947712695459389,0.0008134093062080688,0.9999996370016636,6.586554220837681e-07,0.999999999999997,-1.5919642583332887e-15,0.9999999999999992,3.2906706166158424e-17,0.9999999999999993,0.0,0.9999999999999991,-2.9230227717654383e-16,0.9999999999999991,2.9196576413128484e-17,0.9999999999999998,4.821734650460601e-17,0.9999999999999991,1.434597933658328e-17
4233958.704426285,3.966163775095795,3.9618729924020615,3.58380672351191e-16,2200.264402335337,-2.5261452364588877e-05,8.373655895040955e-06,1.0050929883987272,-0.0008223777112351888,0.9949073140681601,0.0008217866885945529,0.9999996975331154,5.910226418630466e-07,0.9999999999999987,-1.5470911350290477e-15,1.0000000000000002,5.718101645193804e-17,0.9999999999999997,-2.317639709297013e-16,1.0000000000000007,6.347451059279494e-17,0.9999999999999989,0.0,0.9999999999999994,0.0,0.9999999999999997,1.701349518047988e-16
4357617.929466833,3.950980503638153,3.9471360664308426,1.6105472976741593e-16,2115.8019987788252,-2.393041223314185e-05,8.240488495256428e-06,1.004961947542723,-0.0008306357384796065,0.995038303533112,0.0008301061891606427,0.9999997489241671,5.295493205252361e-07,0.9999999999999981,-1.6275831660099797e-15,0.9999999999999998,-1.8279134041072523e-16,0.9999999999999992,1.2495333608091709e-16,0.9999999999999998,-2.914057377740648e-16,0.9999999999999998,6.793295148908855e-17,1.0,4.706868927117011e-17,1.0000000000000004,-1.2080361609778046e-16
4484888.810880328,3.9354814705520145,3.9320359828312355,1.6526391938026131e-16,2033.41318487076,-2.268021756890448e-05,8.111608754968354e-06,1.0048357458986763,-0.0008389504577422925,0.9951644616642082,0.0008384766284190014,0.9999997924371167,4.738293247441726e-07,0.9999999999999987,-1.5689794547337938e-15,0.9999999999999998,-1.299171995658044e-16,1.0,0.0,0.9999999999999998,0.0,1.0000000000000002,1.1551098325378568e-16,1.0000000000000004,1.0865274835630163e-16,1.0000000000000004,1.5125448524318577e-16
4615876.832602575,3.919636054276,3.916547136092452,2.3881763234078463e-16,1953.125967235607,-2.1504904218261345e-05,7.987739328777187e-06,1.0047141561851303,-0.0008474177086542828,0.9952860146362282,0.0008469942549190707,0.9999998291786424,4.2345373653947925e-07,0.9999999999999981,-1.541644557568473e-15,0.9999999999999997,-2.783933438066227e-17,1.0000000000000007,1.8454272738662155e-16,1.0000000000000002,1.4411910190776088e-16,1.0000000000000004,6.499217095564664e-17,1.0,0.0,0.9999999999999999,5.4764828036094785e-17
4750690.5593887,3.9034167235271484,3.90064649462853,2.538404900291584e-16,1874.9720183095299,-2.0398866524828918e-05,7.869374278013134e-06,1.0045969500707608,-0.0008561197995428775,0.9954031898133469,0.000855741781613393,0.999999860115895,3.780179313655257e-07,0.9999999999999982,-1.6196323705706338e-15,1.0000000000000004,-1.4928378889280726e-16,0.9999999999999994,3.270213571929906e-17,1.0,-2.7950736527878015e-16,0.9999999999999993,5.342717381570794e-17,0.9999999999999993,2.077909184381981e-16,1.0,5.518407109084487e-17
4889441.726793168,3.8867984684913273,3.8843130814983264,2.8121387474153966e-16,1798.9847434089572,-1.9356853364627113e-05,7.75679858022402e-06,1.0044838996302021,-0.0008651248462594391,0.9955162142783803,0.0008647877191002569,0.9999998860914191,3.3712716030455215e-07,0.9999999999999969,-1.8183277303592044e-15,1.0,3.6301785507746086e-17,1.0000000000000004,1.8200397395340049e-16,0.999999999999999,-1.2843649434662649e-16,0.9999999999999989,3.53842658574224e-17,0.9999999999999992,-1.0054211475418916e-16,0.9999999999999993,-6.163674663865781e-17
5032245.333777827,3.869758277133484,3.867527496356259,1.6325251773833678e-16,1725.197361835339,-1.8373963790452308e-05,7.650109322136328e-06,1.0043747789374278,-0.0008744864394033178,0.9956253132256354,0.0008741860385742431,0.9999999078369387,3.004008299049578e-07,0.9999999999999982,-1.570019604072281e-15,0.9999999999999998,-7.763965130662148e-17,1.0,-1.1464000113006405e-16,0.9999999999999998,0.0,0.9999999999999994,-1.4884963386742883e-16,0.9999999999999999,8.199611434007454e-17,1.0000000000000002,-5.855153791934509e-17
5179219.738024693,3.8522746515668387,3.8502714736619934,2.140804534121617e-16,1653.6410819424675,-1.7445641674385115e-05,7.549238210483289e-06,1.0042693657193187,-0.0008842436547013819,0.995730708294705,0.0008839761790368053,0.9999999259859785,2.6747566646880924e-07,0.9999999999999977,-1.5849333663352572e-15,0.9999999999999993,-1.8609839439666848e-17,0.9999999999999996,6.739546524889607e-17,1.0000000000000002,-4.5979803248209346e-17,1.0,1.258887769043752e-16,1.0000000000000004,-9.134559739336377e-17,0.9999999999999996,1.4338142187412354e-16
5330486.754032501,3.8343271597403583,3.8325274725584944,2.3442921044562273e-16,1584.3434414352962,-1.6567669007372388e-05,7.453974983406409e-06,1.0041674429924599,-0.0008944214037307832,0.9958326159221486,0.0008941833958010179,0.9999999410853947,2.3800793144786153e-07,0.9999999999999976,-1.7359091906475463e-15,1.0000000000000002,4.5683463746274046e-17,1.0000000000000007,1.671648611711467e-16,1.0000000000000002,4.0326965048730685e-16,1.0000000000000004,-9.873574885118688e-17,1.0000000000000004,-5.575676520665563e-17,0.9999999999999999,-1.9224365981322096e-17
5486171.754078313,3.8158960186189588,3.814278294784141,6.160291263464066e-16,1517.3268712889244,-1.5736157401136097e-05,7.363991201381292e-06,1.0040688006118004,-0.0009050311047445806,0.9959312457823746,0.0009048194299049666,0.9999999536058255,2.116748410040067e-07,0.9999999999999974,-1.7157901743708698e-15,0.9999999999999994,-1.350853742192829e-17,0.9999999999999997,1.195356422325371e-16,0.9999999999999991,-7.937035498072087e-17,1.0,-2.0177937411918788e-16,0.9999999999999991,6.622143729113794e-17,0.9999999999999998,-5.119843508739973e-17
5646403.77212786,3.796961705645934,3.795506727626823,2.5697195696355245e-16,1452.607524599439,-1.4947537536613709e-05,7.278863896335823e-06,1.003973236666563,-0.0009160716383970356,0.9960267993822992,0.0009158834630710246,0.9999999639511384,1.88175327956552e-07,0.9999999999999973,-1.7670845603696962e-15,0.9999999999999998,4.404304842932029e-17,1.0,-2.6925512522543283e-17,0.9999999999999997,-3.704602872470568e-17,1.0000000000000002,1.8248633989640474e-16,0.9999999999999999,4.640374856895958e-17,1.0000000000000004,3.9673952819656926e-16
5811315.610780754,3.7775045971731407,3.7761952108351604,2.4557384758223945e-16,1390.1943947181876,-1.4198546651300603e-05,7.198098519341214e-06,1.0038805586726074,-0.0009275305404220028,0.9961194688605046,0.0009273633101572716,0.9999999724668902,1.6723026660945572e-07,0.9999999999999976,-1.7806562458411998e-15,1.0000000000000002,1.1160199911533222e-16,1.0000000000000002,-1.526634532500161e-16,0.9999999999999999,0.0,1.0,0.0,0.9999999999999993,-7.875682672484997e-17,1.0,-1.1211191057559282e-16
5981043.951339183,3.757504632552625,3.756325526414566,2.48152809469847e-16,1330.0887290022122,-1.3486214143654252e-05,7.121150708994058e-06,1.003790584522228,-0.0009393853763832313,0.9962094360298529,0.0009392367941142921,0.9999999794479211,1.4858227100278084e-07,0.9999999999999973,-1.860918658066279e-15,1.0000000000000004,0.0,0.9999999999999996,0.0,1.0,-3.973435529451862e-16,1.0000000000000013,-7.36194964349034e-17,1.0,-2.819459329497925e-17,1.0000000000000002,1.1120879131315439e-16
6155729.467091346,3.73694100461416,3.735878512262113,2.755936161302686e-16,1272.2837292628847,-1.280784531587642e-05,7.047446410535772e-06,1.0037031431687642,-0.0009516052380273373,0.9962968716861486,0.000951473242870831,0.9999999851450897,1.3199515849787374e-07,0.9999999999999978,-1.852688699111357e-15,0.9999999999999999,-8.477552396194518e-17,1.0000000000000007,-8.834274347175247e-17,1.0000000000000002,9.548780407740383e-17,1.0000000000000004,-3.8947140581543634e-16,1.0000000000000007,2.5877107750382846e-16,1.0000000000000002,1.4935366613270383e-16
6335516.939903491,3.715791878140375,3.7148338014738256,1.8597867397111824e-16,1216.7645165093954,-1.2161003638766488e-05,6.976399989721345e-06,1.0036180750365047,-0.0009641523002094144,0.9963819351922522,0.0009640350470510059,0.9999999897712455,1.1725316028421686e-07,0.9999999999999983,-1.825336350841424e-15,1.0,-5.025636452681216e-17,1.0,-1.9188211869355393e-16,0.9999999999999999,-9.19006192109372e-17,1.0,-1.0607448626235929e-16,1.0,6.769381139662089e-17,1.0000000000000002,2.492449966639861e-17
6520555.38021721,3.694034138820747,3.693169590015603,3.459788416320347e-16,1163.5083281171355,-1.1543492114185483e-05,6.907430049516474e-06,1.003535232160383,-0.0009769833804763781,0.9964647743331216,0.0009768792205302854,0.9999999935064972,1.0415994793974855e-07,0.9999999999999971,-1.9576948157092526e-15,1.0000000000000007,1.0900594628450974e-16,0.9999999999999997,0.0,0.9999999999999997,1.546946814974198e-16,0.9999999999999999,0.0,0.999999999999999,0.0,0.9999999999999996,9.461378969629617e-17
6710998.150551434,3.6716431766911493,3.6708624369617024,3.74492582778786e-16,1112.484909213415,-1.0953333600127735e-05,6.839972783958962e-06,1.003454478071564,-0.0009900514477687874,0.9965455254256034,0.0009899589102357928,0.9999999965028359,9.25375350536271e-08,0.9999999999999976,-1.8009097478267446e-15,0.9999999999999997,4.626606527390197e-17,0.9999999999999993,1.8681301068773073e-16,1.0000000000000004,1.0742604983220449e-16,1.0,1.12287728158035e-16,1.0,5.035879935167272e-17,0.9999999999999997,8.962109430293262e-17
6907003.092611491,3.6485927088055847,3.6478871022298214,3.616779687752625e-16,1063.6570573554409,-1.0388751093159954e-05,6.773492768024822e-06,1.0033756874545752,-0.001003307035189096,0.9966243136572458,0.001003224810089169,0.9999999988881803,8.22251017080034e-08,0.9999999999999971,-1.8575167543214314e-15,0.9999999999999997,-9.657836696654503e-17,1.0000000000000004,0.0,1.0,-7.749746482533211e-17,0.9999999999999997,-4.966979693003301e-16,1.0000000000000002,-5.850377201734843e-17,1.0000000000000004,-1.7023910723401444e-16
7108732.658110582,3.62485464728236,3.6242164281239293,3.392579927810732e-16,1016.981279401819,-9.848148017965741e-06,6.707491207429918e-06,1.0032987456085734,-0.0010166995191763538,0.9967012536215252,0.0010166264413984812,1.0000000007699046,7.307777969230645e-08,0.9999999999999977,-1.9271016830261858e-15,1.0000000000000002,-9.628930637088847e-18,1.0000000000000009,4.7383013929032185e-17,1.0000000000000002,-4.5936349856210814e-17,1.0000000000000004,7.921438353832458e-17,1.0000000000000007,1.0803577483210472e-16,1.0,1.2682329327290514e-16
7316354.043412098,3.6003990187053763,3.599821270820184,2.745188214484967e-16,972.4085217832417,-9.330088936110315e-06,6.641511738571836e-06,1.0032235477494102,-0.001030178237482377,0.9967764500127009,0.0010301132720515894,1.0000000022378903,6.496543268437628e-08,0.9999999999999979,-1.895601688693846e-15,0.9999999999999997,-1.1077680719939284e-16,0.9999999999999993,-2.1591820110788636e-16,0.9999999999999989,-2.7121210565186415e-16,0.9999999999999998,-2.021467840597054e-16,0.9999999999999996,-8.518003269933321e-17,1.0,9.427043477528417e-17
7530039.328104363,3.5751939433898956,3.574670490445886,1.2064702793162008e-16,929.8849396955045,-8.833281349041044e-06,6.575143945940326e-06,1.003149998193053,-0.0010436934273030053,0.9968499984397693,0.001043635655851766,1.0000000033671805,5.777145310431967e-08,0.999999999999997,-1.9872432323890894e-15,1.0000000000000002,9.959690244057098e-17,0.9999999999999998,4.1889770508273946e-17,0.9999999999999993,-1.1850539471862817e-16,0.9999999999999998,-2.0463418743214595e-16,0.9999999999999994,9.165575199291593e-17,1.0,1.4391744523939646e-17
7749965.617622676,3.5492056814253865,3.548731006792908,2.9889202276609086e-16,889.3526751474549,-8.356558218736154e-06,6.508024829588528e-06,1.0030780094589993,-0.0010571969735841157,0.9969219863207517,0.0010571455819905224,1.0000000042202504,5.1391595660401765e-08,0.9999999999999979,-1.8890608333936495e-15,1.0000000000000007,2.1528366210566887e-18,0.9999999999999993,7.8588117983724e-17,0.9999999999999998,-1.4307278274857808e-16,0.9999999999999997,-1.186943608132273e-17,1.0,-3.5004875031306e-16,0.9999999999999997,-6.273812533664046e-17
7976315.190036841,3.5223987547292617,3.5219679300153723,3.2834225893370743e-16,850.7506198665516,-7.898862243393978e-06,6.439838482018432e-06,1.0030075013333686,-0.0010706429659120642,0.9969924938176622,0.0010705972330505317,1.000000004848972,4.5732863221647065e-08,0.9999999999999981,-2.0965194410829917e-15,1.0,7.798268874328786e-17,1.0000000000000002,-1.5914061797326743e-16,1.0000000000000004,0.0,1.0,-8.873714235753527e-17,1.0,1.9870218778546593e-17,1.0000000000000007,-5.8598244478639e-17
8209275.647125845,3.4947361525961504,3.494344773901898,2.809631207335613e-16,814.0151439264599,-7.4592315186805536e-06,6.370314281877854e-06,1.0029383999265964,-0.0010839880687028521,0.9970615947771204,0.0010839473562550884,1.0000000052962854,4.071244964818974e-08,0.9999999999999976,-1.7029366580559762e-15,0.9999999999999998,-1.515024915739484e-16,1.0000000000000002,-3.399867371177701e-17,1.0,-1.2070041974141481e-16,1.0,9.381348392196234e-17,0.9999999999999999,-1.995608825611526e-17,1.0,1.7142295772823493e-16
8449040.069864916,3.4661796299039604,3.465823760978564,1.9988847303412843e-16,779.0807766945309,-7.0367867692766595e-06,6.299223914496858e-06,1.002870636759101,-0.0010971917166275173,0.9971293576432656,0.001097155459877697,1.0000000055976368,3.625675189287932e-08,0.9999999999999973,-2.035002799804402e-15,1.0000000000000002,2.5174829556924465e-16,1.0000000000000002,1.1107881137405682e-16,1.0,-5.3437131286753034e-17,1.0000000000000002,-7.58076341030232e-17,0.9999999999999999,-6.353123569357725e-17,1.0000000000000002,-5.599624802725244e-17
8695807.178453807,3.4366901039353013,3.436366225487364,2.648367083551479e-16,745.8808306220425,-6.6307204633631045e-06,6.226377526673852e-06,1.0028041479021321,-0.001110216149952939,0.99719584631568,0.0011101838495080067,1.0000000057821907,3.230044657539313e-08,0.9999999999999972,-2.040953928686241e-15,0.9999999999999999,-4.0469972178748624e-17,0.9999999999999997,-3.2923747684023177e-17,0.9999999999999994,-2.1448209080783548e-16,1.0000000000000002,-2.5760460524333947e-16,0.9999999999999997,0.0,1.0000000000000007,-1.393624381608334e-16
8949781.497018954,3.4062281573103963,3.405933121813568,2.210874397225798e-16,714.3479628504936,-6.240287476089179e-06,6.1516193235209985e-06,1.0027388731978883,-0.0011230263102542182,0.9972611209282446,0.0011229975246114022,1.0000000058738685,2.8785644548948652e-08,0.9999999999999966,-1.9715379847982765e-15,1.0,3.088588371894539e-17,1.0,-5.069071493079291e-17,0.9999999999999996,6.344024745754869e-17,1.0000000000000007,8.757170883241584e-17,0.999999999999999,-1.1459955711379637e-16,1.0,-2.328007402599182e-16
9211173.523126014,3.374754649715029,3.3744856411153847,2.562741885400881e-16,684.4146724852227,-5.864797451238246e-06,6.074822897093516e-06,1.0026747555772855,-0.0011355896183759687,0.9973252385304977,0.0011355639572717211,1.00000000589222,2.5661106123392628e-08,0.9999999999999964,-2.0741984243833186e-15,1.0000000000000002,-3.115603713638536e-17,1.0,5.248782496936418e-17,1.0000000000000002,-4.5388335518509534e-17,0.9999999999999994,-1.5477790773687208e-16,1.0,-4.334515143426773e-17,0.9999999999999998,-6.967531866758718e-17
9480199.902243268,3.3422314414622405,3.3419859392573277,2.8496000856269814e-16,656.0137341304606,-5.503608740298205e-06,5.995886536440637e-06,1.0026117404898085,-0.0011478756587838142,0.9973882536570294,0.0011478527772542178,1.0000000058531635,2.288153179452571e-08,0.999999999999998,-2.119229902220822e-15,1.0,-1.1523312830053405e-16,1.0000000000000002,-1.2376463244743743e-16,1.0000000000000002,0.0,1.0,0.0,1.0,-6.165800901674744e-17,0.9999999999999994,6.842915267989575e-17
9757083.607300505,3.3086222264195406,3.3083979736357874,2.8514135183537693e-16,629.0785697388992,-5.156123734195717e-06,5.9147287550369845e-06,1.0025497754535468,-0.0011598557948114979,0.9974502187768417,0.0011598353878990834,1.0000000057696132,2.0406913817391152e-08,0.9999999999999974,-1.886635385541449e-15,1.0000000000000004,-1.366478412845804e-17,1.0000000000000004,-6.402175569936451e-17,0.9999999999999996,9.222290050708876e-17,1.0000000000000002,-6.337603901520326e-17,0.9999999999999993,-1.436235696089195e-16,1.0000000000000007,-6.481047259017638e-17
10042054.123492187,3.273893469387619,3.2736884440332927,3.266019397239453e-16,603.5435627925775,-4.8217853603205185e-06,5.831284225465136e-06,1.0024888097312201,-0.0011715027408078357,0.9975111846167865,0.0011714845388587577,1.0000000056519964,1.8201951170860436e-08,0.9999999999999979,-2.125762768855247e-15,0.9999999999999994,-1.636458673994195e-18,0.9999999999999999,1.8855139738520183e-16,0.9999999999999997,2.1885062153101097e-16,1.0,2.710760507067295e-16,1.0000000000000002,-2.2471442846098468e-17,0.9999999999999992,-3.30653507299326e-17
10335347.638478078,3.2380154373541763,3.2378278269709297,3.436520045089344e-16,579.3443190480205,-4.500074794577813e-06,5.7455002796506e-06,1.0024287941313226,-0.00118279011560215,0.997571200359985,0.0011827738800848182,1.0000000055086964,1.6235519553185094e-08,0.9999999999999976,-1.988632336683486e-15,1.0000000000000004,-7.920503000576661e-18,0.9999999999999997,0.0,0.9999999999999998,0.0,1.0000000000000002,7.319113230373719e-17,1.0000000000000004,0.0,0.9999999999999999,1.20911202097857e-16
10637207.23813897,3.200963309782961,3.2007914887599407,3.6145128866252287e-16,556.4178788841161,-4.190509955037669e-06,5.657334088390607e-06,1.0023696809304874,-0.0011936920010079243,0.9976303137230992,0.0011936775208109711,1.0000000053464164,1.4480199476334019e-08,0.9999999999999972,-2.0700114879950607e-15,1.0,1.0342542019795375e-16,1.0,-5.935099634571041e-17,1.0,8.77980796337994e-17,1.0000000000000002,7.2465930815602e-17,0.9999999999999998,-7.220956859697238e-17,1.0000000000000002,4.0152360445523017e-17
10947883.108049756,3.1627183460602004,3.1625608554113405,2.2886762803239665e-16,534.7028865284025,-3.89264459244032e-06,5.566750603514812e-06,1.0023114239093096,-0.001204182528400309,0.9976885709202035,0.0012041696165538825,1.0000000051704907,1.2911848774784764e-08,0.9999999999999967,-2.0915691456643234e-15,0.9999999999999996,-2.880446529306116e-17,1.0,8.59445699802793e-17,0.9999999999999998,1.6347205550503291e-16,0.9999999999999993,-5.917116918984593e-17,1.0000000000000002,-6.527757827262626e-17,0.9999999999999998,-5.179546918173124e-17
11267632.74083683,3.123269084445082,3.1231246137833315,3.553874231541508e-16,514.1397211323839,-3.6060679633465043e-06,5.4737212877640555e-06,1.0022539784894937,-0.0012142355123140216,0.9977460165253685,0.0012142240030930235,1.0000000049851387,1.150922282670015e-08,0.9999999999999967,-2.1542585045026393e-15,0.9999999999999997,-4.216129771339002e-17,0.9999999999999992,-5.695768078909707e-17,0.9999999999999991,-1.25728269311791e-16,1.0000000000000002,7.811828557010515e-17,0.9999999999999998,-2.298633359673622e-16,0.9999999999999999,5.1284872336576946e-17
11596721.149591682,3.082612538404136,3.082479909875651,3.654293378800984e-16,494.67059474094054,-3.330404574342083e-06,5.378223639170904e-06,1.0021973019573351,-0.001223824149798572,0.9978026932489933,0.0012238138961646336,1.000000004793676,1.0253635569821755e-08,0.9999999999999973,-2.063152572305681e-15,1.0000000000000004,7.765012440374708e-17,0.9999999999999999,-1.1475380127681227e-16,0.9999999999999999,-5.877950543114316e-17,0.9999999999999999,7.880627726567826e-17,0.9999999999999997,-2.3650317330981726e-16,1.0000000000000004,-6.276622307591729e-17
11935421.087517545,3.0407553529564626,3.040633506924146,1.9273134345211136e-16,476.2396219023237,-3.0653141323000455e-06,5.280241473084013e-06,1.0021413537563537,-0.001232920799200659,0.99785864164496,0.0012329116705465189,1.0000000045986885,9.12865617902228e-09,0.9999999999999978,-2.1799508250083766e-15,1.0,6.079085748240854e-17,0.9999999999999998,6.278267474238704e-17,1.0,1.3903635967916137e-16,0.9999999999999994,1.0400859408941181e-16,1.0000000000000007,-1.9858650577188346e-17,0.9999999999999999,1.4203669824775762e-16
12284013.27399118,2.9977148788390395,2.9976028611283287,2.231228453024792e-16,458.7928649483041,-2.81049122463628e-06,5.1797658749722986e-06,1.0020860958279612,-0.0012414968481357968,0.997913899769854,0.001241488728297415,1.000000004402187,8.119840489970104e-09,0.9999999999999972,-2.268706081183723e-15,1.0000000000000004,8.929271604195804e-17,1.0000000000000002,2.288835714522443e-16,0.9999999999999999,-7.305244396560003e-17,1.0,6.795122828970774e-17,1.0,1.0839511718627776e-16,1.0000000000000002,2.4452569505659977e-16
12642786.627227133,2.953520119025837,2.953417069566218,1.7085955333932324e-16,442.2783592036187,-2.565664814824231e-06,5.076796725033752e-06,1.0020314929797733,-0.0012495226782643638,0.9979685028145114,0.0012495154637747422,1.0000000042057187,7.214491749525346e-09,0.9999999999999968,-2.1234428052798215e-15,1.0,-1.3317108515240192e-16,0.9999999999999997,-1.136987517766682e-16,0.9999999999999998,-2.936970265962002e-17,1.0000000000000007,-1.543588288429203e-16,0.9999999999999997,2.3243443465840016e-16,1.0000000000000007,-8.881933488915282e-17
13012038.503737291,2.908212501707778,2.908117644422109,2.2528858711111284e-16,426.64612140085217,-2.3305971978970774e-06,4.971344666914702e-06,1.0019775132586934,-0.001256967727493174,0.9980224827308407,0.0012569613260468237,1.000000004010469,6.4014486116252844e-09,0.9999999999999977,-2.252234563881629e-15,0.9999999999999996,-1.540178335148336e-17,1.0,0.0,1.0000000000000004,2.4035473004899e-16,1.0,6.092211462921861e-17,0.9999999999999999,1.057749796946561e-16,0.9999999999999996,6.927620557252815e-17
13392074.944784245,2.861846435104715,2.8617590689144627,3.659134425260839e-16,411.84814454986997,-2.10508260778397e-06,4.863433358580422e-06,1.0019241283072562,-0.0012638006474425282,0.9980758678754036,0.0012637949765480954,1.0000000038173424,5.670896742492969e-09,0.999999999999997,-2.1924293358628045e-15,0.9999999999999993,5.196625771577473e-17,1.0000000000000004,1.0632217159614058e-16,0.9999999999999997,-2.1636244282307715e-16,0.9999999999999997,-1.626525468041732e-16,0.9999999999999994,3.486206405508889e-16,0.9999999999999996,-8.541988481885815e-18
13783210.930032682,2.8144896038315315,2.8144090946603884,4.503574555676689e-16,397.8383819110615,-1.8889451212089625e-06,4.75310184540585e-06,1.0018713136824102,-0.001269989548254742,0.9981286826905619,0.0012699845340559805,0.9999999999999963,-2.2348594815489243e-15,1.0000000036270296,5.014201045808611e-09,1.0000000000000002,-5.259411127391755e-17,0.9999999999999998,0.0,0.9999999999999993,-5.588578938137408e-17,0.9999999999999996,-2.137636509216484e-16,0.999999999999999,8.573672352619325e-17,0.9999999999999999,1.4994849281215115e-16
14185770.63860906,2.7662229729434524,2.7661487466142454,4.2302918913578083e-16,438.1822939983338,-1.6820360997371608e-06,4.6404068963629715e-06,1.0018190491187098,-0.0012755023198599356,0.9981809474412376,0.0012754978961025164,0.9999999999999971,-2.2445522397529743e-15,1.0000000034400574,4.423759443736226e-09,0.9999999999999994,4.051458442737543e-17,1.0000000000000007,3.249905461389068e-17,1.0000000000000004,7.342802971877643e-17,1.0,-1.987779285991011e-16,1.0,-2.281393351545153e-16,0.9999999999999998,-1.419948802005372e-17
14600087.717785925,2.717140476364714,2.7170720122955094,2.5217888748204793e-16,372.0089602598708,-1.4842310349649779e-06,4.525425122572389e-06,1.0017673187207237,-0.0012803070136410953,0.9982326780224472,0.0012803031207728225,0.9999999999999979,-2.143339476561678e-15,1.000000003256831,3.892870465355566e-09,1.0,-5.0921080072117343e-17,1.0,-5.1626232911031236e-17,0.9999999999999999,-5.166391858629544e-17,0.9999999999999997,-6.850098498144063e-17,0.9999999999999998,1.0220750029225238e-16,0.9999999999999999,-9.847507274346995e-17
15026505.559513573,2.6673483766920976,2.667285202307185,2.8489764827258e-16,360.106757977676,-1.2954259105413257e-06,4.408254751729897e-06,1.0017161110738755,-0.0012843722670090624,0.9982838858484551,0.001284368851392444,0.999999999999998,-2.1059709967277947e-15,1.0000000030776726,3.4156190444367235e-09,0.9999999999999997,-7.933206192905298e-18,1.0000000000000004,4.486688487193001e-17,1.0000000000000002,-5.489342276397259e-17,0.9999999999999998,-1.5815061964625848e-16,1.0000000000000009,2.2048725138062027e-17,0.9999999999999999,-3.9651786203080796e-17
15465377.585028222,2.6169642987019937,2.616905984482186,2.8249759803315085e-16,348.8276083879409,-1.1155332160228681e-06,4.289016921298657e-06,1.0016654192671468,-0.0012876677508320508,0.9983345778300193,0.0012876647640608862,0.9999999999999973,-2.345426207610311e-15,1.0000000029028357,2.9867732846601682e-09,0.9999999999999998,-1.2821550098404465e-16,1.0,-2.0785247534515632e-16,1.0000000000000004,0.0,1.0000000000000002,-6.517514027381644e-17,0.9999999999999999,-1.2756416142301562e-16,1.0000000000000002,-2.687549661693268e-16
15917067.537772626,2.566115952076836,2.5660621071818333,4.726785427250522e-16,338.1347925231835,-9.444777333555976e-07,4.167856402025895e-06,1.0016152408267731,-0.0012901646195771568,0.9983847564406932,0.0012901620178830755,0.9999999999999976,-2.357764729618764e-15,1.000000002732535,2.601696279154591e-09,1.0000000000000002,-4.4148484518604056e-17,0.9999999999999992,-2.5398472772942198e-17,0.9999999999999994,2.0416367676827964e-16,0.9999999999999998,1.9209039447331318e-16,0.9999999999999996,-1.2875207744413052e-16,0.9999999999999992,-1.7630972417558762e-16
16381949.784871856,2.5149395741902194,2.514889842593236,4.1785403558720596e-16,327.9933367794178,-7.821920675610272e-07,4.044941698473937e-06,1.0015655775639805,-0.0012918359445785773,0.9984344198690625,0.0012918336883151725,0.9999999999999966,-2.2712442455385055e-15,1.0000000025669584,2.256265734687398e-09,1.0,-9.223345422221309e-17,1.0000000000000009,5.1203793117390296e-17,1.0000000000000002,-1.6416817185609826e-18,0.9999999999999996,-6.065542256361085e-17,0.9999999999999998,-4.70960235150499e-17,1.0000000000000002,-1.3979268684174338e-16
16860409.627414163,2.4635781383909796,2.463532195460153,2.2152284487533284e-16,367.36076685254585,-6.286124261123405e-07,3.920464498976897e-06,1.0015164353451382,-0.0012926571122294963,0.9984835622485956,0.0012926551654253824,0.9999999999999976,-2.404164580238065e-15,1.0000000024062685,1.9468061651840762e-09,0.9999999999999998,1.3146817946674627e-17,1.0000000000000004,7.978943008787797e-17,0.9999999999999996,7.724935320190407e-17,0.9999999999999999,0.0,0.9999999999999999,7.303562051986184e-17,1.0000000000000004,-1.0777667395995829e-16
17352843.61979406,2.4131319713816377,2.4131100878849416,5.182729982074142e-16,335.5102063899534,-4.836743698888313e-07,3.7946385010772255e-06,1.0014678237960453,-0.0012926061732381874,0.9985321739533382,0.0012926045032120677,0.9999999999999978,-2.3379660794529186e-15,1.0000000022506195,1.6700285776761018e-09,1.0000000000000002,7.876480988844817e-17,1.0000000000000004,0.0,1.0,-1.5217806548066517e-16,1.0000000000000002,-1.1953962364439695e-16,0.9999999999999992,-1.8834400456354144e-17,1.0,2.1711225934560424e-16
17859659.898382287,2.367500937862845,2.36748079594631,2.1494204043090652e-16,300.5526524444323,-3.4730889808542997e-07,3.6676976574892898e-06,1.0014197559549542,-0.0012916641312097376,0.9985802419448969,0.0012916627082341045,0.9999999999999976,-2.408367523878303e-15,1.0000000021001503,1.4229784333729348e-09,1.0000000000000002,-1.1660122982619495e-16,0.9999999999999998,1.0021242784300298e-16,1.0000000000000002,1.0094573059474039e-16,1.0000000000000007,0.0,1.0,-3.02157067263706e-17,1.0,1.3649135423609974e-17
18381278.519795123,2.3215888076503197,2.3215702756299397,5.418619663809451e-16,320.6190589183813,-2.1943910866184524e-07,3.539893931518684e-06,1.0013722478908842,-0.0012898151642540437,0.9986277501541206,0.0012898139612662685,0.9999999999999981,-2.348935328340781e-15,1.0000000019549968,1.2029905917051128e-09,0.999999999999999,1.1612844422668452e-17,0.9999999999999996,-1.2528559889401345e-16,0.9999999999999989,-1.0564216178678641e-16,1.0000000000000004,2.339659664806664e-16,1.0000000000000007,-1.1555292858084006e-16,0.9999999999999997,1.1656870851316512e-16
18918131.809043337,2.2755645613635336,2.275547517824452,5.418345550284593e-16,288.3391738735398,-9.997708616538148e-08,3.4114946516808413e-06,1.0013253183036508,-0.0012870467772998179,0.9986746798810668,0.0012870457696513966,0.9999999999999986,-2.5265840888028126e-15,1.000000001815284,1.0076505458639486e-09,0.9999999999999992,-4.880040814207122e-17,0.9999999999999994,1.5009008016781934e-16,1.0000000000000002,5.2762272068931917e-17,1.0000000000000002,9.42801842802106e-17,0.9999999999999999,-7.033577618537563e-18,1.0000000000000004,1.099412560356062e-16
19470664.717849363,2.2295950686231247,2.2295794012590697,2.507457619926063e-16,277.44313634919547,1.1178478587225982e-08,3.2827795826509325e-06,1.0012789881220634,-0.001283349887049384,0.9987210101968136,0.0012833490522895824,0.9999999999999971,-2.553639587033912e-15,1.0000000016811248,8.347619881090763e-10,1.0000000000000002,6.6064636526471516e-18,0.9999999999999999,0.0,0.9999999999999998,-2.0179530962857197e-16,0.9999999999999998,3.290857077332918e-16,0.9999999999999998,-2.0585053641426198e-17,0.9999999999999998,-1.1161180016104536e-17
20039335.1934297,2.183842897280552,2.183828502207818,6.00427784706047e-16,273.5275369947482,1.1414422829147952e-07,3.154037836403044e-06,1.001233280114217,-0.0012787188454133794,0.9987667183331648,0.0012787181630977982,0.9999999999999986,-2.438268408665341e-15,1.0000000015526196,6.823181975056664e-10,0.9999999999999988,8.883998539688212e-17,1.0000000000000002,0.0,1.0,0.0,0.9999999999999996,-1.355923386453608e-16,1.0000000000000004,1.8726327909762353e-16,0.9999999999999993,1.9790449687344962e-16
20624614.558048137,2.138464298306672,2.1384510794496654,3.834446929920884e-16,269.83796721515176,2.0905340392118887e-07,3.025564712545857e-06,1.0011882185217864,-0.0012731514095969633,0.998811780048359,0.0012731508611206863,0.9999999999999978,-2.5764268531230898e-15,1.0000000014298571,5.484787427590167e-10,0.9999999999999999,-2.7702294628274504e-17,1.0000000000000007,-4.9989257046787655e-17,1.0,2.4542798825974064e-16,0.9999999999999993,-4.806159458755933e-17,1.0,3.1712125981593597e-17,0.9999999999999991,9.21986529743685e-17
21226987.899654415,2.0936074136870375,2.09359528221646,4.749977255403375e-16,281.9286273888802,2.9605679685573705e-07,2.897658586561592e-06,1.0011438287268204,-0.0012666486699399132,0.9988561699602774,0.0012666482383924397,0.9999999999999971,-2.6595319130802996e-15,1.0000000013129036,4.3155006031124256e-10,0.9999999999999992,3.369576405159751e-17,1.0000000000000002,1.0000798964075526e-16,1.0,2.024394854860882e-16,1.0000000000000002,-5.194670682792599e-17,0.9999999999999997,-4.212340114758291e-17,1.0000000000000002,-1.9577058044371505e-16
21846954.473932106,2.0494107426736057,2.049399616487533,3.5300171043094836e-16,377.4716010562325,3.753229904646105e-07,2.7706179119994324e-06,1.0011001369562935,-0.001259214947048134,0.9988998618418992,0.0012592146170828766,0.9999999999999979,-2.6911137788696662e-15,1.00000000120181,3.299680860360647e-10,0.9999999999999997,-1.79954175448277e-17,0.9999999999999998,-5.0063177945041884e-17,0.9999999999999999,0.0,1.0000000000000004,1.0237718793799825e-16,1.0,-1.5907649344117005e-17,1.0000000000000002,4.5520711399441396e-17
22485028.118088886,2.006001889310762,2.005991692551458,2.555300432222286e-16,262.18715112260577,4.4703838142368113e-07,2.6447384075965792e-06,1.0010571700262272,-0.0012508576697956586,0.99894282887717,0.00125085742751285,0.9999999999999976,-2.713449413576901e-15,1.000000001096604,2.422855241842442e-10,0.9999999999999996,1.5212708976557928e-17,1.0000000000000004,-5.017556434737866e-17,0.9999999999999999,-5.025436297404086e-17,0.999999999999999,0.0,1.0000000000000004,-1.1997613470961679e-16,1.0,2.0059917682538188e-16
23141737.676732205,1.9634966021809093,1.9634872647819095,3.4450575108489435e-16,271.8078343749338,5.114068102329838e-07,2.520310456945032e-06,1.001014955124377,-0.0012415872457217808,0.9989850438783378,0.0012415870785646346,0.9999999999999971,-2.697210942371647e-15,1.0000000009972885,1.671598595961003e-10,1.0000000000000002,-3.23912013996275e-17,1.0,3.0162500251525494e-16,1.0000000000000004,5.973637823196177e-17,0.9999999999999991,0.0,1.0,1.7122635629654204e-17,0.9999999999999992,2.790101698831038e-18
23817627.440183297,1.9219981049784447,1.9219895622377843,4.15801568781269e-16,247.17158744504908,5.686488862011174e-07,2.397616758901626e-06,1.000973519627551,-0.0012314169328829455,0.9990264794686108,0.0012314168295411356,0.9999999999999982,-2.578661064086895e-15,1.0000000009038403,1.0334458998508192e-10,0.9999999999999996,-1.238595608870532e-16,0.999999999999999,5.040720473074092e-17,1.0000000000000004,-2.559623716831442e-17,1.0000000000000009,1.3104647011818613e-16,1.0000000000000002,-7.17681745046958e-17,1.0000000000000009,-1.5497630441033925e-16
24513257.595592823,1.881596707831835,1.8815889000084414,3.407053194973452e-16,245.8370787474928,6.1900122005909e-07,2.276930214412476e-06,1.000932890948068,-0.0012203627213661168,0.999067108235718,0.0012203626716879824,0.9999999999999983,-2.887273492957388e-15,1.000000000816215,4.9681311669852615e-11,0.9999999999999998,1.3947395021659118e-16,1.0000000000000004,-1.5162988606531527e-16,1.0,-1.0139161963105171e-16,0.9999999999999993,9.470825328881843e-17,0.9999999999999998,2.3427804219399444e-16,1.0000000000000002,-1.3504694857607003e-16
25229204.691232033,1.8423696800619584,1.84236255199317,2.6773874673280444e-16,262.09044121282784,6.627153013027964e-07,2.158512055161558e-06,1.000893096402259,-0.0012084432295639423,0.9991069028634022,0.0012084432244735249,0.9999999999999976,-2.8883109699669617e-15,1.0000000007343395,5.0936503433643515e-12,0.9999999999999996,-4.852032355432736e-18,0.9999999999999996,0.0,0.9999999999999997,-1.021079745796282e-16,1.0,0.0,0.9999999999999997,-1.1015074314765901e-16,0.9999999999999998,-4.0456124738759994e-17
25966062.114344258,1.804381359711522,1.804374860450382,3.831774823588039e-16,243.0045385947126,7.00056475011479e-07,2.0426101893774575e-06,1.0008541630935124,-0.0011956796188024013,0.9991458362483749,0.0011956796502232848,0.9999999999999988,-2.9273837897854377e-15,1.0000000006581142,-3.1417760571198404e-11,0.9999999999999996,-1.9810437489730473e-17,1.0000000000000007,0.0,1.0000000000000002,7.68491710066294e-17,0.9999999999999998,-9.098996131242383e-17,1.0000000000000002,-7.39502749224038e-17,1.0,-8.648092109749683e-17
26724440.58295279,1.767683470154981,1.7676775526266384,2.955248254455946e-16,229.91881340540672,7.313027552413587e-07,1.929457740086719e-06,1.0008161178018977,-0.0011820955267819876,0.9991838816106868,0.001182095587565051,0.9999999999999978,-3.04095772566976e-15,1.0000000005874163,-6.078006020954588e-11,1.0,-3.971081307909155e-17,1.0,0.0,0.9999999999999998,1.0200867995492986e-16,0.9999999999999997,-2.474541750295414e-16,1.0000000000000004,6.829878829510766e-17,1.0000000000000002,1.8833924543802856e-16
27504968.652032748,1.7323156128500408,1.7323102335268763,3.8323484934092124e-16,210.4844522994986,7.567435389432831e-07,1.8192717595769462e-06,1.0007789868736854,-0.0011677170193116547,0.9992210126042176,0.0011677171031656604,0.9999999999999981,-3.0771973547889253e-15,1.0000000005220995,-8.385076849651285e-11,1.0000000000000002,-3.6101479061196194e-17,0.9999999999999998,-5.117046894640571e-17,1.0000000000000002,-5.117131320553239e-17,0.9999999999999997,0.0,1.0000000000000002,1.7488146094791575e-16,1.0000000000000009,1.7191483346977273e-16
28308293.23446649,1.6983059032392311,1.6983010218347487,3.2551705327351534e-16,213.52165883009405,7.766783909346486e-07,1.712252089103836e-06,1.0007427961040136,-0.0011525725573192029,0.9992572034339938,0.0011525726587438524,0.9999999999999989,-3.175329849775834e-15,1.000000000461993,-1.0142191055912135e-10,1.0,-1.2183485525490188e-16,0.9999999999999998,-2.0525595749614348e-16,0.9999999999999997,-1.0264596798155147e-16,1.000000000000001,-8.701188013382407e-17,1.0000000000000002,1.2066781231923978e-17,0.9999999999999999,9.85723276758949e-18
29135080.1372143,1.6656717183788077,1.6656672975604447,3.145224667311481e-16,255.88760028770088,7.914155872867923e-07,1.6085803496719274e-06,1.0007075706078878,-0.0011366929749088408,0.9992924289852032,0.0011366930891336267,0.9999999999999983,-3.2439434494292258e-15,1.0000000004069098,-1.1422150210396497e-10,1.0000000000000007,3.7422274801221495e-17,1.0000000000000002,-1.1581007532171857e-16,1.0,-3.8621044231346866e-17,1.0000000000000002,6.418467085622449e-17,1.0000000000000002,2.3140154375980953e-17,0.9999999999999997,-1.537187090362837e-16
29986014.613144763,1.6344205260089524,1.6344165311301064,4.0641046600609554e-16,302.59566489151575,8.012708292426396e-07,1.5084190525883066e-06,1.0006733346757728,-0.0011201114638071312,0.9993266649675855,0.0011201115867278046,0.9999999999999992,-3.1839020525618573e-15,1.0000000003566436,-1.229176303273379e-10,1.0,-1.3685601607392221e-17,1.0,-9.495963655004635e-17,0.9999999999999998,1.234934611146791e-16,1.0000000000000007,2.7779210915086986e-16,0.9999999999999997,3.97595007703001e-17,0.9999999999999999,2.4934073248348617e-16
30861801.928982202,1.6045507675689537,1.604547166420495,4.807634976930495e-16,257.37952022935616,8.065657723932418e-07,1.4119108257256414e-06,1.0006401116115582,-0.0011028635585384396,0.9993598880774716,0.0011028636866605543,0.9999999999999988,-3.2230607351417723e-15,1.0000000003109708,-1.2811893620806363e-10,0.9999999999999991,5.1890908801688546e-17,1.0000000000000004,1.8279783293016157e-16,0.9999999999999998,6.515994796620106e-18,0.9999999999999997,-7.47668137803521e-17,1.0,1.8972909815794963e-16,1.0000000000000004,-7.710141826057747e-17
31763167.949841864,1.5760527698267877,1.5760495324084323,3.565125364376755e-16,265.1564078051747,8.07626520327176e-07,1.3191777497976756e-06,1.0006079235519223,-0.001084987116355211,0.9993920761784202,0.0010849872467373104,0.9999999999999988,-3.2992685255535744e-15,1.0000000002696596,-1.303785508236252e-10,1.0000000000000002,1.1215657829197497e-16,0.9999999999999991,0.0,1.0000000000000004,-2.450640148184579e-16,1.0,0.0,1.0,2.0438950484145419e-16,0.9999999999999998,6.614348229200857e-17
32690859.740837373,1.5489096640665179,1.5489067623781827,4.0362165190875924e-16,238.05566060192467,8.047820614365264e-07,1.230320816765982e-06,0.999423208499663,0.0010665224167579021,1.0005767912678756,-0.0010665222865592343,0.9999999999999981,-3.2658455418139904e-15,1.0000000002324643,-1.3019558590964833e-10,0.9999999999999996,-4.8427657809970316e-17,0.9999999999999996,5.2024581596450003e-17,0.9999999999999999,3.2182258497957575e-16,1.0,3.382723560161857e-17,1.0000000000000007,7.944102852732748e-17,1.0,3.572101364367157e-16
33645646.186259024,1.5230982939235773,1.5230957017768523,4.721591950419845e-16,275.8024673714879,7.983626133523103e-07,1.1454195247862248e-06,0.9994532658509212,0.0010475115919825163,1.0005467339499452,-0.0010475114639618452,0.9999999999999983,-3.3786330688176108e-15,1.0000000001991336,-1.2801729379372692e-10,0.9999999999999998,1.0901631954817525e-17,0.9999999999999998,5.213463517334181e-17,1.0,-5.214825452734344e-17,0.9999999999999997,-1.982424793020963e-16,1.0,2.528522156625161e-16,0.9999999999999998,5.285185408763974e-17
34628318.626836136,1.4985900969420132,1.4985877897917024,4.46075153791602e-16,208.34840720782847,7.886979744853306e-07,1.0645316156403922e-06,0.9994822308506945,0.0010279993458315072,1.0005177689798896,-0.0010279992215856066,0.9999999999999998,-3.3916944999399047e-15,1.0000000001694178,-1.2424240031424433e-10,0.9999999999999998,5.588512928911593e-17,1.0000000000000009,-2.6114959981255048e-17,1.0000000000000007,1.0460750896748393e-16,0.9999999999999992,8.793203826827081e-17,1.0000000000000004,9.180631978015051e-17,0.9999999999999997,1.7210692965941942e-16
35639691.515611626,1.4753519478537669,1.4753499026492387,3.9197290127624053e-16,223.10212736780858,7.761157263530549e-07,9.8769297747077e-07,0.9995100881644751,0.0010080323382991828,1.0004899116924708,-0.001008032219072796,0.9999999999999992,-3.586028965702688e-15,1.0000000001430558,-1.1922306105478376e-10,0.9999999999999994,-1.3800958584941332e-16,1.0000000000000004,2.0924017069642753e-16,1.0000000000000009,5.285067427598038e-17,0.9999999999999997,9.549286422567583e-17,1.0000000000000004,-6.734682174586627e-17,0.9999999999999999,-1.311100089324347e-16
36680603.092972405,1.453346953956307,1.453345149012213,3.6061977948023007e-16,235.73209175578907,7.609394572227757e-07,9.149177259598311e-07,0.9995368247488964,0.0009876591965339303,1.0004631751313084,-0.0009876590832622201,0.9999999999999986,-3.406522243711411e-15,1.000000000119796,-1.13267961011725e-10,0.9999999999999996,1.1172653676618727e-17,0.9999999999999998,-2.6183985157445428e-17,0.9999999999999998,-1.3314977958085169e-17,1.0000000000000002,-4.130688965916251e-16,1.0000000000000004,5.683781536869761e-17,1.0000000000000002,-1.7206442950634654e-16
37751916.08139504,1.4325351963552038,1.4325336112408746,4.2721395188360255e-16,200.6057845403374,7.434869431222069e-07,8.461984809915909e-07,0.9995624300969393,0.0009669303655912335,1.0004375698036732,-0.0009669302589421202,0.9999999999999991,-3.577954735038186e-15,1.0000000000993883,-1.0664504584299124e-10,0.9999999999999997,-1.0281939159330542e-16,1.0000000000000002,1.637645877700542e-18,1.0,0.0,0.9999999999999998,2.2495290394175597e-16,1.0000000000000013,1.496233402226226e-16,1.0000000000000007,9.537473030695119e-17
38854518.40048254,1.4128744121072296,1.4128730275538386,2.973644083292712e-16,227.52917960137097,7.240683501663625e-07,7.815068434335357e-07,0.9995868964796913,0.0009458979278662792,1.0004131034387218,-0.0009458978282782568,0.9999999999999996,-3.625214977591258e-15,1.000000000081588,-9.958421216929079e-11,1.0,-1.3983503668706018e-16,1.0,2.6209053154006125e-17,0.9999999999999998,0.0,1.0000000000000002,1.849264660043795e-16,1.0000000000000009,3.376532315606078e-17,0.9999999999999997,-7.867276240916364e-17
39989323.90288492,1.394320615226078,1.3943194130503882,3.782929190495423e-16,192.29923318850746,7.029844866224266e-07,7.207940873457758e-07,0.9996102191794554,0.0009246153904031158,1.0003897807543864,-0.0009246152981187199,0.9999999999999994,-3.592459795425847e-15,1.0000000000661584,-9.228087799639439e-11,0.9999999999999996,5.3110674909729374e-17,0.9999999999999996,2.0313244841577853e-16,1.0000000000000004,-5.896444953979172e-17,0.999999999999999,-1.368704357833926e-17,0.999999999999999,1.7719344738528515e-16,0.9999999999999998,-2.7397265893748786e-17
41157273.13171339,1.3768286554619231,1.3768276185052086,3.6376428453286737e-16,232.26679980680424,6.805249910257771e-07,6.639920592406125e-07,0.9996323967093348,0.0009031374404521163,1.000367603237792,-0.0009031373555495217,0.9999999999999996,-3.762828905156771e-15,1.0000000000528735,-8.489884160669298e-11,1.0000000000000002,9.802626679112761e-17,0.9999999999999993,-8.347893790718632e-17,0.9999999999999998,1.571379134964948e-16,0.9999999999999997,-7.204298376244579e-17,0.9999999999999999,-5.363304368143843e-17,0.9999999999999998,-8.173781662181451e-17
42359334.10007598,1.3603527155766602,1.3603518276571596,7.320902069047718e-16,243.21814214620267,6.569667831968218e-07,6.110142909066951e-07,0.9996534310146233,0.0008815196699601178,1.00034656894386,-0.0008815195923837201,0.9999999999999998,-3.829177860803377e-15,1.0000000000415186,-7.757257705432048e-11,0.9999999999999998,6.4814711598256e-17,1.0000000000000004,1.3081162711964494e-17,1.0000000000000002,1.0792762639083769e-16,1.0000000000000002,-1.1553464859535023e-16,0.9999999999999999,-1.6144358460591284e-16,1.0,-1.9899507780071689e-16
43596503.093380764,1.3448467485662134,1.3448459944432578,3.9016615894144687e-16,220.03817717946367,6.325725507849711e-07,5.617573019785531e-07,0.9996733276512095,0.0008598182704229192,1.0003266723169046,-0.0008598182000078082,1.0,-3.749770180522134e-15,1.0000000000318852,-7.04113854794089e-11,0.9999999999999993,1.4422283995198183e-16,1.0000000000000002,7.836264440817865e-17,1.0000000000000002,1.0449905583301046e-16,1.0,7.016901772959807e-17,1.0,7.018286171645007e-17,0.9999999999999996,7.017891184349881e-17
44869805.49507149,1.330264857594702,1.3302642229426018,3.668346711989983e-16,225.78793500185603,6.075893352885942e-07,5.161020949887784e-07,0.999692095936629,0.0008380896999914224,1.0003079040395835,-0.0008380896364860328,1.0,-3.580918453155829e-15,1.0000000000237859,-6.350153293697226e-11,1.0,2.086606646512757e-17,0.9999999999999994,2.6063819761448072e-17,1.0000000000000004,5.212758748627053e-17,0.9999999999999998,0.0,0.9999999999999998,1.6641405334757288e-16,0.9999999999999998,1.879299987025919e-16
46180296.636480145,1.3165616217300111,1.3165610931195186,4.3509777461938523e-16,219.01102205453114,5.822474591354876e-07,4.7391579681609877e-07,0.9997097490695909,0.0008163903254533798,1.0002902509133669,-0.0008163902685407436,1.0000000000000004,-3.8257964221062584e-15,1.0000000000170424,-5.690868566583123e-11,1.0000000000000002,5.3535959829892626e-17,1.0000000000000002,-4.549080110941181e-17,1.0000000000000004,-2.6006803897735687e-17,0.9999999999999987,1.538194071386611e-16,1.0000000000000002,1.0682754521828749e-16,1.0000000000000002,1.8520127087339305e-16
47529062.6715007,1.3036923711316981,1.3036919360169996,4.4116888931212905e-16,291.15038358611434,5.567594740796267e-07,4.35053441852399e-07,0.9997263042139614,0.0007947760417960488,1.0002736957745504,-0.0007947759911104702,0.9999999999999998,-3.780685281447554e-15,1.0000000000114875,-5.068151817263326e-11,1.0,2.432798327242877e-16,0.9999999999999991,1.1660073782465413e-16,1.0,2.6309309882560525e-16,0.9999999999999999,1.0103756494469245e-16,0.9999999999999999,-1.5548883210619667e-16,1.0000000000000004,1.9944931134398646e-17
48917221.47680909,1.29161341924416,1.291613066106018,4.153269936685434e-16,204.00298054683995,5.313194293421475e-07,3.993598560517842e-07,0.9997417825433683,0.0007733018728503799,1.0002582174496584,-0.000773301827992789,1.0000000000000009,-3.688172480060609e-15,1.0000000000069715,-4.485362740574164e-11,1.0,1.3132645593095643e-16,1.0,-5.1628810860100554e-17,0.9999999999999998,-1.0332103488779158e-16,1.0000000000000007,2.5383103676346146e-16,1.0000000000000002,1.6482290826581002e-16,0.9999999999999998,-1.3395594200771251e-16
50345923.57837547,1.2802822390469446,1.280281956914527,3.35305065527145e-16,175.46016107171755,5.061024026531413e-07,3.6667161112492233e-07,0.9997562092430123,0.0007520215566254035,1.0002437907536301,-0.0007520215171761591,1.0000000000000004,-3.764051664672775e-15,1.0000000000033569,-3.94453684198679e-11,1.0,-7.040095095729773e-17,1.0,0.0,1.0,-2.0723013105774941e-16,1.0000000000000007,1.1005321749045048e-16,1.0,2.0569241746676113e-16,0.9999999999999994,-8.707139358995941e-17
51816353.105036676,1.269657618876339,1.2696573978009782,3.8006404825011444e-16,164.42152326630944,4.812641236640047e-07,3.3681900890937306e-07,0.9997696134649839,0.0007309871197022277,1.0002303865345012,-0.0007309870852319702,1.000000000000001,-3.8305116240118276e-15,1.0000000000005134,-3.4466372945946944e-11,0.9999999999999996,1.0539526879511376e-16,1.0,1.7922728105297265e-16,1.0,5.197016406438509e-17,0.9999999999999994,-2.5630955422135603e-16,1.0000000000000002,5.686694278401342e-17,0.9999999999999999,2.7106473090441826e-17
53329728.7699192,1.2596997762657247,1.259699607145478,3.14644510981516e-16,193.55926750611897,4.569410876342772e-07,3.0962806893308237e-07,0.9997820282340906,0.000710248445555136,1.0002179717675757,-0.0007102484156330103,1.0000000000000013,-3.69131085462832e-15,0.9999999999983329,-2.991791685422454e-11,1.0000000000000002,9.43620081629e-17,1.0000000000000004,3.0525273697430426e-16,1.0000000000000004,5.092883653373757e-17,0.9999999999999994,2.3977935857492376e-17,1.0000000000000002,2.2448506279975874e-16,0.9999999999999998,-8.386682964852142e-17
54887304.880526185,1.2503704400252558,1.250370314591159,2.410125018560499e-16,173.46496870409885,4.332506122750601e-07,2.8492247914558747e-07,0.9997934903010542,0.0006898528424054009,1.0002065097022357,-0.000689852816607607,1.0000000000000016,-3.846096859728361e-15,0.9999999999967093,-2.579372677281829e-11,0.9999999999999998,-8.708655816888105e-17,1.0000000000000004,-2.5279826455092254e-17,1.0000000000000004,-5.0566073030031426e-17,0.9999999999999999,2.5560275750513336e-16,1.0000000000000004,1.4524872003532034e-16,1.0,-1.503745505765206e-16
56490372.378325485,1.2416329072973686,1.2416328180954515,5.293759003061377e-16,335.15630231385853,4.1029140618320525e-07,2.625254731440745e-07,0.9998040399405216,0.0006698446167777613,1.0001959600639243,-0.0006698445946929317,1.000000000000001,-3.6728075830689366e-15,0.9999999999955522,-2.2081080303814915e-11,0.9999999999999998,-2.237188899772758e-17,0.9999999999999997,-1.9872287373276605e-16,1.0,2.63614824050142e-17,1.0,2.590162811604962e-16,1.0000000000000007,3.8587208113143363e-16,1.0000000000000002,-6.088343945565571e-17
58140259.90870052,1.233452078039789,1.233452018408164,3.4784629104178283e-16,235.8179649343986,3.8814407332665724e-07,2.422616081571571e-07,0.9998137206917539,0.0006502646603219666,1.0001862793134608,-0.0006502646415546419,1.0000000000000016,-3.664518830328811e-15,0.9999999999947843,-1.8763448640586614e-11,1.0000000000000002,2.1548759301477272e-17,1.0000000000000007,-3.894838526220096e-18,1.0000000000000004,-1.17082389971897e-18,1.0000000000000007,-8.626442934454861e-17,1.0000000000000002,4.1120774790317005e-17,1.0,2.2031163724403483e-17
59838334.92215066,1.2257944697187853,1.225794433759529,3.7025699961245554e-16,178.70655653881002,3.668721575422751e-07,2.2395841563895827e-07,0.9998225790408538,0.0006311500580035945,1.0001774209648133,-0.0006311500421791682,1.0000000000000024,-3.5156036728468238e-15,0.9999999999943306,-1.582060299758146e-11,0.9999999999999994,-3.026271635137964e-17,0.9999999999999998,9.273963445429392e-17,1.0,-7.5464428979479e-17,1.0000000000000007,9.048966750525878e-17,1.0,-1.501241885380343e-17,0.9999999999999999,3.374577980825056e-16
61586004.80765386,1.2186282155737096,1.2186281981194969,4.2342987968542257e-16,179.7858025750602,3.4652286018399536e-07,2.0744789736818014e-07,0.9998306640443926,0.0006125337269809476,1.0001693359614736,-0.000612533713747481,1.0000000000000024,-3.373627263058274e-15,0.9999999999941305,-1.3229776316187533e-11,1.0000000000000002,5.165111998723183e-17,0.9999999999999996,-1.5325125243046267e-18,1.0,-5.676536974225126e-17,1.0,3.5235414560995173e-16,0.9999999999999996,1.4967215776985044e-16,0.9999999999999993,1.275018082072029e-16
63384718.05913087,1.2119230492526354,1.2119230458284282,4.487147040738878e-16,162.1132106221531,3.271284469974489e-07,1.925678500209897e-07,0.999838026895799,0.0005944440965324004,1.0001619731100677,-0.0005944440855631735,1.0000000000000029,-3.3058001815050687e-15,0.9999999999941308,-1.0966355773918036e-11,0.9999999999999998,2.16175381762698e-16,1.0000000000000009,5.4668539969226537e-17,1.0000000000000004,7.900997128178454e-17,0.9999999999999993,-2.7812040077038256e-17,1.0000000000000007,2.8336791016498857e-16,0.9999999999999996,-4.6403134901805906e-17
65235965.475977816,1.205650277898404,1.2056502846787251,2.505640183698763e-16,317.33518322317207,3.0870740630462024e-07,1.7916300748284557e-07,0.999844720438286,0.0005769048397473904,1.0001552795674284,-0.0005769048307393398,1.000000000000003,-3.090511687755295e-15,0.9999999999942831,-9.005128728585306e-12,1.0,-3.230129053005965e-16,0.9999999999999994,-5.1695002919579034e-18,0.9999999999999996,-3.101301241869197e-17,0.9999999999999999,3.183132369017043e-17,0.9999999999999997,-1.5660186717262648e-16,0.9999999999999996,-2.29352573035063e-16
67141281.39866216,1.1997827461747834,1.1997827599372917,4.4261362620212003e-16,177.44806478886807,2.9126574929705384e-07,1.6708599260526774e-07,0.999850798630061,0.0005599346680760774,1.0001492013753874,-0.0005599346607538325,1.000000000000003,-2.9120398165705234e-15,0.9999999999945482,-7.319566738376095e-12,1.0000000000000009,-1.5020066299095504e-16,1.0000000000000007,-2.9768174703340353e-18,1.0000000000000004,5.340680110931815e-18,1.0,3.400931052664535e-17,0.9999999999999999,4.471619951303287e-17,1.0000000000000002,6.974783378410161e-17
69102244.98040617,1.1942947931740802,1.194294811250339,3.3071832977314563e-16,150.35631485461468,2.7479843112132585e-07,1.561980630264927e-07,0.9998563159704087,0.0005435471996655118,1.0001436840346953,-0.000543547193778934,1.0000000000000038,-2.73109180859682e-15,0.9999999999948918,-5.883700392378175e-12,0.9999999999999994,2.1949551436642754e-17,0.9999999999999994,-9.495783966388689e-17,1.0000000000000007,5.052024750763632e-17,0.9999999999999998,-2.666769133610398e-16,1.0,0.0,1.0000000000000004,4.253919032567725e-17
71120481.49601173,1.1891622036980543,1.1891622239224304,4.872061693479518e-16,159.60526307288674,2.5929077196451544e-07,1.4636967499586642e-07,1.0001386731061934,-0.0005277509060676078,0.9998613268985163,0.0005277509107424412,1.000000000000004,-2.6178599646723067e-15,0.9999999999952861,-4.672072942449547e-12,0.9999999999999991,-1.1207274095824767e-16,0.9999999999999996,-6.403684212041592e-17,0.9999999999999992,-8.233970208969661e-17,1.0000000000000004,1.810869077205597e-16,1.0,1.5102048016328859e-16,0.9999999999999991,1.572421065110259e-16
73197663.68891156,1.1843621554013204,1.1843621760590053,5.685528927474166e-16,203.87449525243153,2.44719849717967e-07,1.37480850632833e-07,1.0001341148252336,-0.0005125491740813412,0.9998658851790535,0.0005125491777432235,1.0000000000000036,-2.361626964953615e-15,0.9999999999957079,-3.65963499877131e-12,1.0,-1.4298552338440394e-16,0.9999999999999991,-1.9038786580468636e-16,0.9999999999999992,-3.8157795140595504e-16,1.0000000000000009,-1.066975141973071e-16,1.0000000000000002,-3.7928053948835004e-17,1.0000000000000002,-2.1965974219772475e-16
75335513.15756291,1.179873163124399,1.179873182899531,3.1324674107226156e-16,151.7830157216559,2.3105588553562484e-07,1.294213659703617e-07,1.0001299567123427,-0.0004979404117844824,0.9998700432915119,0.0004979404146087233,1.0000000000000044,-2.0830254707980897e-15,0.9999999999961406,-2.8221372718052354e-12,0.9999999999999999,5.956307461302293e-17,1.0000000000000002,2.271406215281308e-16,0.9999999999999996,3.1832496628831195e-17,1.0000000000000002,-8.687166540234331e-17,0.9999999999999998,-1.9388386683549572e-16,1.0000000000000002,1.2126303874220933e-16
77535801.7823332,1.1756750215277558,1.175675039452549,4.866204292432626e-16,172.4787724309472,2.1826355123266694e-07,1.220907812160527e-07,1.0001261481620987,-0.0004839183039295402,0.9998738518413285,0.00048391830606894657,1.0000000000000049,-1.5729441445140685e-15,0.9999999999965673,-2.1377384365229305e-12,0.9999999999999997,-7.24656300689798e-19,0.9999999999999996,3.666145003638177e-17,0.9999999999999996,2.778320091540771e-17,1.0000000000000002,1.7092436629362376e-16,0.999999999999999,8.036727670761837e-17,1.0,1.7306080975498922e-16
79800353.19405985,1.1717487463963263,1.1717487618020177,3.242414209936045e-16,224.2611408599121,2.0630320562986526e-07,1.1539831180303748e-07,1.0001226409909474,-0.00047047213152767893,0.9998773590120684,0.00047047213311388763,1.000000000000005,-1.2991395376521566e-15,0.9999999999969782,-1.584785116983503e-12,0.9999999999999996,6.867411509870407e-18,0.9999999999999994,-4.236024342380966e-17,0.9999999999999996,-6.325187627010055e-17,1.0000000000000002,1.0305061993912586e-16,0.9999999999999994,-6.248463209437722e-17,0.9999999999999996,4.602262709134193e-17
82131044.28550182,1.1680765162467563,1.168076528717083,4.785514619813471e-16,158.24597615346786,1.9513206694909968e-07,1.0926257704232886e-07,1.000119389926155,-0.0004575871814242262,0.9998806100764737,0.00045758718256914065,1.000000000000006,-8.066567202793717e-16,0.9999999999973648,-1.1439657069387163e-12,0.9999999999999996,-2.0705898292199e-17,0.9999999999999994,5.575974732826179e-18,0.9999999999999998,3.0739743891806004e-17,1.0000000000000009,1.364477893586848e-16,1.0,-1.3980581327109592e-16,0.999999999999999,2.3726681899000357e-16
84529806.76693523,1.1646416139598423,1.1646416232876062,3.3578982632021277e-16,182.4517639961131,1.847052715220343e-07,1.0361123300782024e-07,1.000116353019446,-0.0004452452273259737,0.9998836469828248,0.00044524522812417605,1.0000000000000058,-6.417038062695147e-16,0.9999999999977227,-7.976594204498138e-13,1.0000000000000004,7.750105471020051e-18,0.9999999999999998,-7.983984606226295e-18,0.9999999999999999,1.465097326199066e-16,1.0000000000000004,8.801481449722066e-17,0.9999999999999993,5.899037358809996e-17,0.9999999999999992,-1.171982267525145e-16
86998628.76718262,1.1614283692014449,1.1614283753485983,3.9322180583169524e-16,182.11250946900128,1.7497684723366547e-07,9.83805135124712e-08,1.0001134919726349,-0.0004334250657437786,0.9998865080293099,0.00043342506627397294,1.0000000000000062,9.688691867460353e-17,0.9999999999980491,-5.301218098513483e-13,0.9999999999999997,-8.537986596892687e-17,1.0,5.693162284346221e-17,1.0000000000000002,1.7996010468860152e-16,1.0,1.3547939542604927e-16,1.0000000000000007,-2.3448688443975385e-16,1.0,-5.849487047630426e-17
89539556.48140272,1.1584221024300634,1.1584221054916022,2.669632537864647e-16,174.99210900286099,1.6590048801390367e-07,9.351469992145854e-08,1.0001107723665315,-0.0004221030879654857,0.9998892276351207,0.00042210308829175824,1.0000000000000069,5.392390562828484e-16,0.9999999999983411,-3.270657193744834e-13,0.9999999999999999,2.0531803996949513e-17,1.0000000000000004,-7.98285611126565e-17,0.9999999999999994,-7.523680808357998e-17,1.0,-1.4048315397985204e-17,1.0,-5.458954272693452e-17,0.9999999999999998,4.0560150146027636e-17
92154695.8670064,1.1556090700293173,1.1556090702011403,1.8648567120615808e-16,268.3633982915533,1.5743032122372824e-07,8.89655389966023e-08,1.0001081637895552,-0.0004112538673891474,0.999891836211838,0.0004112538675641861,1.000000000000007,1.3937698986665253e-15,0.9999999999985996,-1.7636030958812946e-13,0.9999999999999999,-1.1509226184931415e-16,1.0000000000000002,-1.1220826601586842e-16,0.9999999999999998,7.112789830630381e-17,1.0000000000000002,1.771351030992429e-16,0.9999999999999998,-5.0177412759929496e-17,0.9999999999999998,-1.7220041484468154e-16
94846214.38910443,1.1529764115938979,1.1529764091446717,4.1988863282870405e-16,144.49286917225788,1.495215329327948e-07,8.469162549290411e-08,1.000105639867231,-0.00040085074196638786,0.9998943601339362,0.0004008507420317359,1.0000000000000073,2.1239624663376666e-15,0.9999999999988262,-6.740018646045398e-14,1.0000000000000007,8.049223097843303e-17,1.0000000000000002,6.353144226463877e-17,1.0000000000000002,1.6296099554792698e-17,0.9999999999999997,-6.288216745661785e-17,1.0000000000000009,-6.952591565121221e-17,0.9999999999999993,-4.1320471507695436e-17
97616342.81693369,1.150512098633977,1.150512093880932,2.7774524180403377e-16,177.7653456935916,1.4213076582336726e-07,8.065776483927097e-08,1.0001031781986698,-0.000390866372604976,0.9998968218023006,0.0003908663725934102,1.000000000000007,2.590666307668088e-15,0.9999999999990221,8.665462504812585e-15,1.0000000000000002,8.564072609348497e-17,0.9999999999999999,4.472075950968127e-17,0.9999999999999999,-4.022354564898822e-17,1.0000000000000004,3.161400401120642e-17,1.0000000000000004,-7.27134779214059e-17,0.9999999999999998,5.8570721465854586e-18
100467377.07275085,1.148204885684249,1.148204878972759,4.998012650206516e-16,142.64984838216364,1.352166805190791e-07,7.683433720198451e-08,1.0001007602100283,-0.0003812732612007634,0.999899239790773,0.00038127326113816275,1.0000000000000089,3.441678854869354e-15,0.9999999999991902,5.9241993325541e-14,0.9999999999999997,9.057152621229372e-19,1.000000000000001,1.0614868228602594e-17,1.0000000000000004,8.692357513755333e-17,0.9999999999999996,-5.57055399535228e-17,1.0000000000000002,1.8085346753658563e-16,1.0000000000000002,2.1622041079175146e-16
103401680.13472566,1.1460442634265027,1.146044255113227,3.8798804753054507e-16,202.12194335489673,1.28740047955489e-07,7.319666701058407e-08,1.0000983709377829,-0.00037204421535837147,0.9999016290628748,0.00037204421526346296,1.0000000000000084,4.4351145904162704e-15,0.999999999999334,9.053140620574749e-14,1.0,-6.269324812371352e-17,1.0000000000000004,1.5817280718628542e-17,0.9999999999999998,1.8401109983670461e-16,0.9999999999999998,5.191996284488363e-17,0.9999999999999998,9.439685089321584e-17,0.9999999999999998,1.2023588429581317e-17
106421683.99541129,1.1440204137908685,1.1440204042301692,3.668711745582981e-16,134.9234210352432,1.2266415438944023e-07,6.972441615700733e-08,1.000095998756691,-0.0003631527505919531,0.9999040012438466,0.00036315275047877504,1.0000000000000089,5.5331364879109635e-15,0.9999999999994537,1.0756100453203518e-13,0.9999999999999999,9.200319452548581e-17,0.9999999999999999,1.0984993038096221e-16,0.9999999999999998,-2.245616179638826e-16,0.9999999999999994,-8.556104860116411e-17,0.9999999999999993,5.2029925087455856e-17,0.9999999999999998,1.1823944391081576e-16
109529891.67741464,1.1421241674679226,1.142124157001253,3.2168058416262763e-16,124.22098715806405,1.1695478718820596e-07,6.640100526246142e-08,1.0000936350677705,-0.0003545734249110115,0.9999063649326665,0.0003545734247899657,1.000000000000009,6.865413113840836e-15,0.9999999999995547,1.1402967333750153e-13,1.0000000000000002,6.299246703651745e-17,1.0,1.8708213236791114e-16,1.0,-1.6555375737094856e-17,1.0000000000000002,-6.932623530561341e-17,0.9999999999999993,1.0106938909382085e-16,1.0000000000000002,-1.3683871292141377e-16
112728879.30793752,1.1403469631775434,1.1403469521254812,3.957181603129252e-16,148.02576296462243,1.1158035562175428e-07,6.32130717821838e-08,1.0000912739614374,-0.0003462821042768521,0.9999087260389142,0.0003462821041555728,1.00000000000001,8.125471642084527e-15,0.9999999999996374,1.1300825432605891e-13,0.9999999999999993,-1.6718302557649682e-16,0.9999999999999998,-1.6725883435034052e-16,1.0000000000000002,-2.0000660202897358e-16,1.0000000000000002,3.0011358306352807e-16,1.0,-2.1015291784762072e-16,1.0000000000000004,7.525676488325145e-17
116021298.25390786,1.1386808093371275,1.1386807979937064,2.9401542013961653e-16,222.3216848127619,1.0651190507360297e-07,6.014996890643916e-08,1.0000889118696166,-0.00033825616061245405,0.9999110881306673,0.00033825616049598314,1.0000000000000102,9.384808538885832e-15,0.9999999999997068,1.0728168905872278e-13,0.9999999999999999,-1.162886378340491e-16,1.0000000000000002,-5.4588513631390775e-17,0.9999999999999999,-7.113775015531725e-17,0.9999999999999996,6.708686690680279e-17,1.0,-7.669327143674851e-17,1.0,9.919715585747606e-17
119409877.31947073,1.137118247734258,1.137118236363279,4.2300308094577757e-16,185.34757106400826,1.0172304598654591e-07,5.7203310482570604e-08,1.0000865472190055,-0.00033047460658401737,0.9999134527812217,0.00033047460647497645,1.0000000000000098,1.1026956901525632e-14,0.9999999999997637,9.83299222178359e-14,1.0000000000000004,-7.228670171568551e-17,1.0000000000000007,4.77780497481143e-17,1.0000000000000002,1.3653172870946809e-16,0.9999999999999997,-6.352463504548052e-17,1.0,7.822647296176779e-17,1.0,3.7658474930744134e-17
122897425.00766048,1.1356523191457368,1.1356523079787195,2.9911350653403997e-16,140.5487370403613,9.718984017581533e-08,5.4366559761195106e-08,1.0000841800955167,-0.00032291817324968896,0.9999158199046648,0.0003229181731493688,1.000000000000011,1.2293384408127304e-14,0.9999999999998087,8.751018636810455e-14,1.0,-4.079819806273422e-17,1.0,1.921686423729662e-17,1.0,-2.80623687247933e-17,0.9999999999999998,-9.307155016549196e-17,0.9999999999999999,-1.0472628003351074e-16,1.0000000000000002,1.2210272751460655e-16
126486831.84812836,1.1342765309350098,1.1342765201705114,4.865628498445742e-16,99.30188931107595,9.289081503993657e-08,5.163466677268138e-08,1.0000818119276704,-0.0003155693378073915,0.9999181880724733,0.0003155693377174234,1.0000000000000115,1.445145639683264e-14,0.9999999999998457,7.587248112691723e-14,0.9999999999999997,7.498920608306858e-17,0.9999999999999999,-5.3631455510382577e-17,0.9999999999999997,-4.194496354368398e-18,0.9999999999999989,2.344216178591481e-17,1.0000000000000002,1.8906042880885088e-16,1.0,5.0342935420465565e-17
130181072.7928551,1.1329848264276245,1.1329848162316323,3.43072961956332e-16,106.35362364492853,8.880661539478751e-08,4.900374727029928e-08,1.0000794451946518,-0.0003084123091600352,0.9999205548054608,0.00030841230908020705,1.0000000000000118,1.611326068582832e-14,0.9999999999998748,6.37373083831421e-14,1.0000000000000002,-1.2556231371047518e-16,1.0000000000000002,-9.513720596330798e-17,1.0,9.432800185050568e-17,0.9999999999999994,6.278306740464342e-18,1.0000000000000002,4.6000000869832875e-17,0.9999999999999998,-7.496711563050119e-17
133983209.68183382,1.1317715563404027,1.1317715468475624,4.907417288692653e-16,130.26313555201708,8.49200247898807e-08,4.647081059962285e-08,1.0000770831626262,-0.0003014329792562404,0.9999229168374625,0.00030143297918577155,1.0000000000000133,1.792231136224713e-14,0.9999999999998974,5.2294616311415994e-14,1.0000000000000004,1.9229540514912866e-16,0.999999999999999,-9.594546254644312e-17,0.9999999999999998,4.39849951795317e-17,1.0000000000000007,-2.5947255848878497e-16,1.0000000000000002,-3.7911738445375017e-16,0.9999999999999999,-3.201940398973716e-17
137896393.78076705,1.130631451680244,1.1306314429957156,2.6926339355196583e-16,126.03912665447565,8.121573813468785e-08,4.403352387220117e-08,1.0000747296512942,-0.0002946188476753018,0.9999252703487754,0.0002946188476143537,1.000000000000015,1.981121209437288e-14,0.9999999999999157,4.147896439754448e-14,0.9999999999999997,5.4753382493744176e-17,0.9999999999999998,1.2204049422333153e-17,0.9999999999999997,5.646232443367504e-17,0.9999999999999996,7.735748577399076e-17,1.0000000000000002,-1.6259773063887086e-17,0.9999999999999996,5.571477105956151e-17
141923868.39288107,1.1296266759873343,1.129626572688839,2.581629851771452e-16,159.1179516808002,7.768019827381067e-08,4.169001699294687e-08,1.000072388831187,-0.00028795892633496587,0.9999276111688672,0.0002879589262822129,1.0000000000000169,2.0932645480603282e-14,0.9999999999999283,3.189199123160233e-14,1.0000000000000002,3.3421725175773395e-17,1.0,3.9949326244209285e-17,0.9999999999999997,-2.831854924125381e-17,1.0000000000000002,-2.2876739119536973e-17,0.9999999999999999,-1.8932077932424996e-16,0.9999999999999997,-6.375205742968296e-17
146068971.54702216,1.128691439998357,1.1286913424498932,3.2995717789876895e-16,88.34249853943578,7.430139703501482e-08,3.9438721902537e-08,1.000070065051046,-0.00028144363060438326,0.9999299349489967,0.00028144363055965406,1.0000000000000198,2.1387634817627735e-14,0.9999999999999384,2.3660796444877955e-14,0.9999999999999998,-1.9720922802098624e-16,0.9999999999999999,1.0215145012767661e-16,0.9999999999999997,-1.1860162458316496e-16,1.0000000000000007,2.6743438525441946e-16,0.9999999999999998,-1.8692149251594294e-17,0.9999999999999999,3.0585921401888703e-16
150335138.76426297,1.1278068747696315,1.1278067828679978,2.2498570845110713e-16,294.91687175007525,7.106879706952896e-08,3.7278242328637874e-08,1.0000677626938872,-0.0002750646620399189,0.9999322373061452,0.00027506466200189004,1.0000000000000215,2.141848782099978e-14,0.9999999999999459,1.6854142212973036e-14,1.0000000000000002,-5.040842199469777e-17,1.0000000000000002,-1.1093691720385706e-16,1.0000000000000002,-3.6222876821512774e-18,1.0000000000000002,2.1809385129803466e-16,1.0000000000000002,1.701980217036507e-16,0.9999999999999998,2.5443841384750754e-16
154725905.9053117,1.1269697681541946,1.1269696817633825,2.820896257148819e-16,154.78188392756522,6.79730121078137e-08,3.520725330967419e-08,1.0000654860596774,-0.00026881488729010714,0.9999345139403474,0.0002688148872574125,1.0000000000000238,2.0587386406877675e-14,0.9999999999999513,1.1921006953631138e-14,0.9999999999999998,4.50791606352864e-18,1.0000000000000002,-3.150338980757708e-18,1.0,-3.5971460339207176e-16,0.9999999999999994,-2.7239479389199334e-16,0.9999999999999999,-1.583607427079789e-16,0.9999999999999997,5.907580432363643e-17
159244912.1010843,1.1261771240487335,1.1261770430084352,3.268960458318553e-16,164.9091809052793,6.500589222468989e-08,3.3224421261102484e-08,1.0000632392721975,-0.0002626882167447584,0.9999367607278211,0.00026268821671712885,1.000000000000025,1.9148962852523476e-14,0.9999999999999553,8.017954680657385e-15,0.9999999999999998,7.49353564932448e-17,0.9999999999999996,-5.760035861192018e-17,0.9999999999999993,-6.607362455052215e-17,0.9999999999999996,-6.920254295968376e-17,0.9999999999999996,4.026140835418098e-17,0.9999999999999994,8.533158598812179e-17
163895902.7688685,1.1254261446104379,1.125426068740977,3.374822551797681e-16,150.37402911859527,6.216016146254333e-08,3.132834923922642e-08,1.0000610262075356,-0.0002566794858025209,0.9999389737924785,0.00025667948577973404,1.0000000000000266,1.7969232897771743e-14,0.9999999999999596,5.286165067023188e-15,1.0,2.0338514472188025e-17,0.9999999999999998,9.137525981492704e-17,0.9999999999999999,-1.1456302668530353e-16,1.0000000000000004,-2.556470554538409e-16,0.9999999999999994,-3.4888368086021267e-16,0.9999999999999999,-1.557114465284011e-16
168682732.7165795,1.124714215254967,1.1247141443614141,3.159657746991421e-16,93.00003429085676,5.942941072589747e-08,2.95175368210155e-08,0.999941149558474,0.0002507843409516818,1.0000588504415373,-0.0002507843409709577,0.9999999999999629,3.1839165695642073e-15,1.0000000000000264,1.608063737297593e-14,0.9999999999999993,1.1409291778215278e-16,1.0000000000000007,1.0075137312804612e-16,0.9999999999999999,1.8496201209479203e-17,0.9999999999999996,7.009714758062118e-17,1.0,2.784657241501131e-17,0.9999999999999998,1.3434330383280303e-17
173609369.3376801,1.1240388910790022,1.1240388249548885,3.1543910791657197e-16,86.69512485338247,5.6807962778293586e-08,2.7790354562696785e-08,0.9999432847863681,0.0002449991323343206,1.0000567152136395,-0.00024499913235028045,0.9999999999999655,1.3514479481829095e-15,1.0000000000000269,1.4643695309828398e-14,1.0000000000000002,-9.070071123172385e-17,1.0,-3.4154603084667774e-17,0.9999999999999998,-1.084633353849856e-16,1.0000000000000007,-1.5681710201030895e-16,1.0,-7.087343818663355e-17,1.0,1.5166442078205868e-17
178679895.89941353,1.123397885139998,1.1233978235706854,2.0275791799494996e-16,154.03649181854738,5.4290730133743637e-08,2.614503382905225e-08,0.9999453765954474,0.00023932081350096126,1.0000546234045593,-0.00023932081351425572,0.9999999999999677,1.2348475081316196e-16,1.0000000000000262,1.31961387448439e-14,1.0000000000000002,1.380651090917557e-16,0.9999999999999999,-1.9165396224322853e-16,1.0000000000000002,-2.8186773258488385e-16,1.0000000000000002,-1.7731545635822629e-16,1.0000000000000002,-1.473673527793829e-16,1.0000000000000002,-7.389331368080572e-17
183898514.92707393,1.1227890573034198,1.1227890000691416,3.1448673389989945e-16,151.27037462544124,5.187318663502083e-08,2.4579660628167545e-08,0.9999474224743607,0.00023374684955285198,1.0000525775256444,-0.00023374684956398045,0.9999999999999697,-7.605868416096074e-16,1.0000000000000258,1.1953513823502721e-14,0.9999999999999998,4.613859234454623e-17,1.0000000000000002,5.706701719964966e-17,1.0000000000000002,-2.0119681585544996e-17,0.9999999999999998,7.755239679118155e-17,0.9999999999999997,-9.055869606228157e-18,0.9999999999999996,5.687778829902787e-18
189269551.68711978,1.12221040421783,1.1222103510963775,2.9055622912909576e-16,113.05900935107884,4.955122534511247e-08,2.309218246371693e-08,0.9999494202822984,0.00022827513353112816,1.0000505797177046,-0.00022827513354007936,0.9999999999999714,-1.458671197345834e-15,1.0000000000000255,1.069098224973975e-14,0.9999999999999996,-8.302795331762615e-19,0.9999999999999999,-4.5288367290239854e-18,1.0,-5.1604360054966627e-17,1.0,1.0176698925612931e-16,1.0,-1.6689430918768952e-18,1.0000000000000007,7.234308469151991e-17
194797457.77201694,1.1216600503511742,1.1216600011202629,3.9858919337020384e-16,69.98598447954444,4.732110880922846e-08,2.168041692982647e-08,0.9999513682425119,0.00022290391129025974,1.0000486317574913,-0.00022290391129755588,0.9999999999999734,-2.102751443156763e-15,1.0000000000000246,9.456670705602747e-15,0.9999999999999998,-2.4755968187065597e-16,1.0000000000000007,-3.482454195619171e-17,1.0,-3.33406288149048e-17,1.0000000000000009,2.2035592544782669e-16,0.9999999999999999,2.0471967365976867e-16,0.9999999999999998,-1.400365081508962e-17
200486814.78978235,1.1211362397593814,1.1211361941986728,2.7817606666142684e-16,99.26080884385489,4.5179398000527726e-08,2.034206611348962e-08,0.999953264929807,0.00021763171468175126,1.000046735070195,-0.0002176317146880073,0.9999999999999749,-2.4829485457300345e-15,1.000000000000023,8.544520948129755e-15,1.0000000000000002,1.2724663571402489e-16,1.0,-1.9175147689424728e-16,1.0,2.5312533544701672e-17,0.9999999999999993,2.8538346029749696e-17,0.9999999999999998,1.4719868226126175e-16,1.0000000000000004,-1.2530198921869036e-17
206342338.16128674,1.1206373282644548,1.120637286157273,3.5710171567091216e-16,83.67114182922653,4.3122916792981414e-08,1.9074732921797592e-08,0.9999551092535439,0.00021245730263990667,1.0000448907464572,-0.00021245730264463878,0.9999999999999762,-2.7507021134053283e-15,1.0000000000000229,7.954876449212014e-15,1.0000000000000002,-7.279087445113416e-17,0.9999999999999998,-1.243882293463318e-16,1.0000000000000002,1.463647913744079e-16,0.9999999999999998,1.3055784121018389e-16,0.9999999999999994,9.556349206769941e-17,1.0,2.466286646478622e-16
212368881.02846313,1.120161776800634,1.1201617379353872,4.0086569726325345e-16,64.77137921120129,4.114872353966348e-08,1.7875940466931784e-08,1.000043099562744,-0.00020737960987923028,0.9999569004372573,0.0002073796098750541,0.9999999999999776,-2.9325594559406115e-15,1.0000000000000213,6.932861068148732e-15,0.9999999999999996,2.949903348494413e-17,1.0000000000000004,1.2441657609631264e-17,0.9999999999999993,-1.803175285410796e-18,0.9999999999999991,-3.742356318762679e-17,1.0000000000000002,-1.6225880200490996e-17,0.9999999999999999,6.408244851698678e-17
218571438.27666065,1.1197081448855541,1.1197081090568795,4.068480153154921e-16,109.67501045669253,3.925400449134031e-08,1.674314830156794e-08,1.0000413620039736,-0.00020239770255833304,0.9999586379960277,0.0002023977025556334,0.9999999999999787,-2.9086061382620653e-15,1.00000000000002,6.4663197633048016e-15,0.9999999999999998,-4.104433148353162e-17,1.0000000000000002,3.859678899133315e-17,1.0,-5.152582607608238e-17,0.9999999999999999,4.650876175107547e-17,0.9999999999999994,-1.1838047272557502e-16,0.9999999999999993,-1.3179350595469172e-16
224955150.67447734,1.1192750849512385,1.1192750519609147,2.5116145063101793e-16,74.24330449542431,3.743612353446224e-08,1.567377538941208e-08,1.0000396782875298,-0.00019751074049043757,0.9999603217124707,0.00019751074048796074,0.9999999999999802,-3.012453493777173e-15,1.00000000000002,5.727736606026465e-15,1.0000000000000004,1.4158889876086134e-17,1.0,-3.126564403722918e-17,0.9999999999999996,3.622527017365349e-17,0.9999999999999997,5.5358115917052166e-18,1.0,3.83007707229919e-17,0.9999999999999998,8.94014916070684e-17
231525309.13450304,1.1188613369063745,1.1188613065640003,3.5894560488409666e-16,76.08045152766807,3.569252271518053e-08,1.4665214120239536e-08,1.000038048387976,-0.00019271794523563634,0.9999619516120248,0.00019271794523362032,0.9999999999999808,-3.026966842303215e-15,1.0000000000000187,5.216678759770365e-15,0.9999999999999998,1.1033057401502565e-16,0.9999999999999998,-2.218552228990739e-17,1.0000000000000004,-8.881390279320963e-17,0.9999999999999993,-2.61068584052771e-17,1.0000000000000007,-5.529526844736689e-17,0.9999999999999992,8.745382711051123e-17
238287359.0985037,1.1184657230999762,1.1184656952234693,5.048247071212774e-16,153.74117971167937,3.402077197733888e-08,1.3714849359526584e-08,1.0000364720618098,-0.00018801857357810483,0.9999635279381894,0.0001880185735763409,0.9999999999999825,-2.8128877797094427e-15,1.0000000000000187,4.893736184855964e-15,1.0000000000000002,5.127635353354665e-17,1.0000000000000002,4.155009689603507e-18,1.0,5.5015243102295475e-18,1.0000000000000004,-2.0374385603768038e-17,0.9999999999999997,1.022602249148276e-16,0.9999999999999999,1.1020024216806481e-16
245246905.05068198,1.118087143962761,1.118087118378678,8.260070964994805e-16,75.12570963467387,3.2418498108199856e-08,1.2820077305183646e-08,1.0000349488718618,-0.0001834118957931496,0.9999650511281385,0.00018341189579181624,0.9999999999999829,-2.8534085079195326e-15,1.000000000000017,4.299079755191769e-15,1.0,-5.470891599256396e-17,1.0000000000000002,-2.4159385169226325e-17,1.0000000000000016,4.8966410216349636e-17,1.0000000000000004,7.732057926719618e-17,0.9999999999999998,1.3235158023157077e-16,1.0,-2.0570728710958794e-16
252409715.16275412,1.117724573424889,1.1177245499686084,2.970330070535462e-16,73.76996450842604,3.0883413160154305e-08,1.197831476874435e-08,1.0000334782109237,-0.00017889717821768415,0.9999665217890759,0.00017889717821652153,0.9999999999999836,-2.8010153007807707e-15,1.000000000000016,3.862081698915529e-15,1.0,2.3586554571989248e-17,1.0,2.4677825380683656e-17,1.0,9.41394445668817e-17,0.9999999999999999,-4.58915008058262e-17,0.9999999999999996,1.2746840334626855e-16,0.9999999999999996,-4.733113968508725e-18
259781726.07469362,1.1173770552573359,1.1173770337731113,3.0691983528396586e-16,49.78963202500184,2.9413257607302512e-08,1.1187015729004964e-08,1.0000320593243297,-0.00017447366951855794,0.9999679406756701,0.0001744736695175749,0.9999999999999848,-2.6456001432417764e-15,1.0000000000000153,3.5408432872309112e-15,0.9999999999999997,1.058659464762593e-16,1.0000000000000004,1.1592404364414871e-17,1.0000000000000002,-7.610128955444946e-17,0.9999999999999994,-1.9512598463774713e-17,1.0000000000000002,4.5089042252747816e-17,0.9999999999999994,1.2791492485250281e-17
267369047.81510386,1.1170436989607762,1.1170436793016967,4.502630350287919e-16,74.55428783231365,2.800585718887305e-08,1.0443682080209628e-08,1.000030691331282,-0.0001701405902878482,0.999969308668717,0.00017014059028699454,1.0000000000000149,3.2320796045090204e-15,0.9999999999999856,-2.584192625754439e-15,0.9999999999999991,-9.478036896642326e-18,0.9999999999999998,1.094670943461341e-17,1.0000000000000007,4.374029017070351e-17,0.9999999999999997,1.24204276918249e-16,0.9999999999999993,8.793368494021403e-17,0.9999999999999998,1.83356184609766e-16
275177968.86529756,1.1167236765678885,1.1167236585957447,2.5184855847745817e-16,106.78008279488532,2.6659066065803927e-08,9.745873528966743e-09,1.000029373244811,-0.00016589712546970277,0.9999706267551896,0.00016589712546870216,0.9999999999999859,-2.341359592780761e-15,1.000000000000014,3.0655946240597785e-15,1.0,-4.4118713450837444e-17,0.9999999999999999,1.28270433339253e-16,0.9999999999999998,-1.1798668411862346e-16,0.9999999999999998,-1.4016436037551578e-16,0.9999999999999999,-2.5399620347696068e-16,1.0000000000000002,-1.3437702805655472e-16
283214961.37128043,1.116416219055436,1.1164162026405242,4.846466747434548e-16,50.91098464544571,2.537078103159729e-08,9.091214601496754e-09,1.0000281039902124,-0.0001617424192104533,0.9999718960097868,0.00016174241920993674,0.9999999999999871,-2.301633091849901e-15,1.000000000000013,2.8389795045717893e-15,0.9999999999999999,-1.9607690486727965e-18,0.9999999999999996,-5.04059420573277e-17,0.9999999999999999,6.836172108767175e-18,1.0000000000000009,-8.69078925058211e-17,1.0000000000000002,-1.2300767035109707e-16,1.0000000000000002,-3.279261619262916e-17
291486686.5079589,1.116120613238461,1.1161205982593334,4.3623928237212806e-16,81.30300596434667,2.413892019603736e-08,8.477402435997833e-09,1.000026882421988,-0.00015767557177256492,0.9999731175780122,0.00015767557177230124,0.9999999999999875,-2.266754206836842e-15,1.0000000000000124,2.592329938466368e-15,0.9999999999999997,-2.1313078872346272e-16,0.9999999999999993,-1.5805366281629958e-16,1.0000000000000002,1.3037184194806193e-16,1.0,-2.128206756400732e-16,0.9999999999999999,-1.9408409715209318e-16,0.9999999999999997,1.394295690701232e-16
300000000.0000176,1.1158361986257799,1.1158361849689546,2.8407280317840543e-16,78.86882379940349,2.2961486934036657e-08,7.902211587564794e-09,1.0000257073392051,-0.0001536956381761718,0.9999742926607954,0.00015369563817588475,0.9999999999999883,-1.937758610209417e-15,1.000000000000012,2.5811246740459705e-15,1.0,-1.1053604756064579e-16,1.0,1.5728208758392265e-16,1.0000000000000002,-1.600438215192025e-16,0.9999999999999999,-9.26407100994052e-18,1.0,-8.321283608745845e-17,0.9999999999999997,-7.283462397075492e-17
