Note: gnd in a subcircuit is not set to 0 automatically

Note: Compatibility modes selected: ps a


Circuit: tian_blank_p6

Reducing trtol to 1 for xspice 'A' devices
Doing analysis at TEMP = 27.000000 and TNOM = 27.000000

Using SPARSE 1.3 as Direct Linear Solver

DC solution failed -

Last Node Voltages
------------------

Node                                   Last Voltage        Previous Iter
----                                   ------------        -------------
v5                                                5                    5
ref                                             2.5                  2.5
vcm_cmd                                   -nan(ind)            -nan(ind)
xcm.n3294772                              -nan(ind)            -nan(ind)
xcm.n3294776                              -nan(ind)            -nan(ind)
xcm.n3294626                              -nan(ind)            -nan(ind)
xcm.n3294630                              -nan(ind)            -nan(ind)
xcm.mid                                   -nan(ind)            -nan(ind)
xcm.n47456861                             -nan(ind)            -nan(ind)
xcm.n4736080                              -nan(ind)            -nan(ind)
xcm.n3294524                              -nan(ind)            -nan(ind)
xcm.n47492651                             -nan(ind)            -nan(ind)
xcm.n47965841                             -nan(ind)            -nan(ind)
xcm.n4797748                              -nan(ind)            -nan(ind)
xcm.n4797760                              -nan(ind)            -nan(ind)
xcm.n48001371                             -nan(ind)            -nan(ind)
xcm.n4809008                              -nan(ind)            -nan(ind)
xcm.n2991553                              -nan(ind)            -nan(ind)
xcm.n4817896                              -nan(ind)            -nan(ind)
xcm.n2991581                              -nan(ind)            -nan(ind)
xcm.n2992397                              -nan(ind)            -nan(ind)
xcm.n2992375                              -nan(ind)            -nan(ind)
xcm.n2992413                              -nan(ind)            -nan(ind)
xcm.n2991741                              -nan(ind)            -nan(ind)
xcm.n2991765                              -nan(ind)            -nan(ind)
xcm.n2991811                              -nan(ind)            -nan(ind)
xcm.n2991831                              -nan(ind)            -nan(ind)
xcm.n2991907                              -nan(ind)            -nan(ind)
xcm.n2991925                              -nan(ind)            -nan(ind)
xcm.n2991969                              -nan(ind)            -nan(ind)
xcm.n2992033                              -nan(ind)            -nan(ind)
xcm.n2992029                              -nan(ind)            -nan(ind)
xcm.n2992093                              -nan(ind)            -nan(ind)
xcm.n2992099                              -nan(ind)            -nan(ind)
xcm.sw_ol_opax388                         -nan(ind)            -nan(ind)
xcm.vimon                                 -nan(ind)            -nan(ind)
xcm.vout_s                                -nan(ind)            -nan(ind)
xcm.n2991657                              -nan(ind)            -nan(ind)
xcm.clamp                                 -nan(ind)            -nan(ind)
xcm.vclp                                  -nan(ind)            -nan(ind)
xcm.n4031911                              -nan(ind)            -nan(ind)
xcm.n3827259                              -nan(ind)            -nan(ind)
xcm.n3828449                              -nan(ind)            -nan(ind)
xcm.n3850714                              -nan(ind)            -nan(ind)
xcm.n3850724                              -nan(ind)            -nan(ind)
xcm.n4243633                              -nan(ind)            -nan(ind)
xcm.n2991579                              -nan(ind)            -nan(ind)
xcm.esdp                                  -nan(ind)            -nan(ind)
xcm.esdn                                  -nan(ind)            -nan(ind)
xcm.n2992163                              -nan(ind)            -nan(ind)
cmdrv                                     -nan(ind)            -nan(ind)
xcm.n3294618                              -nan(ind)            -nan(ind)
xcm.cl_clamp                              -nan(ind)            -nan(ind)
xcm.claw_clamp                            -nan(ind)            -nan(ind)
xcm.n3201092                              -nan(ind)            -nan(ind)
xcm.vcc_b                                 -nan(ind)            -nan(ind)
xcm.vee_b                                 -nan(ind)            -nan(ind)
xcm.n2991563                              -nan(ind)            -nan(ind)
xcm.n2991555                              -nan(ind)            -nan(ind)
xcm.vcc_clp                               -nan(ind)            -nan(ind)
xcm.vee_clp                               -nan(ind)            -nan(ind)
xcm.n2992299                              -nan(ind)            -nan(ind)
xcm.n2992295                              -nan(ind)            -nan(ind)
xcm.n2992323                              -nan(ind)            -nan(ind)
xcm.n2992331                              -nan(ind)            -nan(ind)
xcm.n2992235                              -nan(ind)            -nan(ind)
xcm.vsense                                -nan(ind)            -nan(ind)
xcm.n2991587                              -nan(ind)            -nan(ind)
xcm.n2991583                              -nan(ind)            -nan(ind)
xcm.n4747399                              -nan(ind)            -nan(ind)
xcm.n4745674                              -nan(ind)            -nan(ind)
xcm.n4796554                              -nan(ind)            -nan(ind)
xcm.n4749239                              -nan(ind)            -nan(ind)
xcm.n4796572                              -nan(ind)            -nan(ind)
xcm.n4798545                              -nan(ind)            -nan(ind)
xcm.n4800105                              -nan(ind)            -nan(ind)
xcm.n2991573                              -nan(ind)            -nan(ind)
xcm.n2991619                              -nan(ind)            -nan(ind)
xcm.n2991623                              -nan(ind)            -nan(ind)
xcm.n2991635                              -nan(ind)            -nan(ind)
xcm.n2991643                              -nan(ind)            -nan(ind)
xcm.n2991667                              -nan(ind)            -nan(ind)
xcm.n3294682                              -nan(ind)            -nan(ind)
xcm.n2991729                              -nan(ind)            -nan(ind)
xcm.n2991763                              -nan(ind)            -nan(ind)
xcm.n2991807                              -nan(ind)            -nan(ind)
xcm.n2991809                              -nan(ind)            -nan(ind)
xcm.n2991837                              -nan(ind)            -nan(ind)
xcm.n2991849                              -nan(ind)            -nan(ind)
xcm.n2991901                              -nan(ind)            -nan(ind)
xcm.n2991905                              -nan(ind)            -nan(ind)
xcm.n2991931                              -nan(ind)            -nan(ind)
xcm.n2991943                              -nan(ind)            -nan(ind)
xcm.n2991997                              -nan(ind)            -nan(ind)
xcm.n2992001                              -nan(ind)            -nan(ind)
xcm.v11                                   -nan(ind)            -nan(ind)
xcm.v12                                   -nan(ind)            -nan(ind)
xcm.n2992105                              -nan(ind)            -nan(ind)
cmfb                                      -nan(ind)            -nan(ind)
xcm.n2992151                              -nan(ind)            -nan(ind)
xcm.n2992287                              -nan(ind)            -nan(ind)
xcm.n2992267                              -nan(ind)            -nan(ind)
xcm.x_u10.gvo+_int1                       -nan(ind)            -nan(ind)
xcm.x_u10.gvo-_int1                       -nan(ind)            -nan(ind)
xcm.x_u11.gvo+_int1                       -nan(ind)            -nan(ind)
xcm.x_u11.gvo-_int1                       -nan(ind)            -nan(ind)
xcm.x_u12.gvo+_int1                       -nan(ind)            -nan(ind)
xcm.x_u12.gvo-_int1                       -nan(ind)            -nan(ind)
xcm.x_u16.gsw+_int1                       -nan(ind)            -nan(ind)
xcm.x_u18.g1_int1                         -nan(ind)            -nan(ind)
xcm.x_u18.g1_int2                         -nan(ind)            -nan(ind)
xcm.x_u19.g1_int1                         -nan(ind)            -nan(ind)
xcm.x_u19.g1_int2                         -nan(ind)            -nan(ind)
xcm.x_u22.g1_int1                         -nan(ind)            -nan(ind)
xcm.x_u23.g1_int1                         -nan(ind)            -nan(ind)
xcm.x_u26.g1_int1                         -nan(ind)            -nan(ind)
xcm.x_u27.g1_int1                         -nan(ind)            -nan(ind)
xcm.x_u30.g1_int1                         -nan(ind)            -nan(ind)
xcm.x_u31.g1_int1                         -nan(ind)            -nan(ind)
xcm.x_u32.g1_int1                         -nan(ind)            -nan(ind)
xcm.x_u35.g1_int1                         -nan(ind)            -nan(ind)
xcm.x_u38.3                                       0                    0
xcm.x_u38.5                                       0                    0
xcm.x_u39.3                                       0                    0
xcm.x_u39.5                                       0                    0
xcm.x_u4.e1_int1                       -3.00202e-07         -3.00202e-07
xcm.x_u40.5                                       0                    0
xcm.x_u6.g1_int1                          -nan(ind)            -nan(ind)
vcm                                       -nan(ind)            -nan(ind)
vexcmd                                    -nan(ind)            -nan(ind)
xex.n3294772                              -nan(ind)            -nan(ind)
xex.n3294776                              -nan(ind)            -nan(ind)
xex.n3294626                              -nan(ind)            -nan(ind)
xex.n3294630                              -nan(ind)            -nan(ind)
xex.mid                                   -nan(ind)            -nan(ind)
xex.n47456861                             -nan(ind)            -nan(ind)
xex.n4736080                              -nan(ind)            -nan(ind)
xex.n3294524                              -nan(ind)            -nan(ind)
xex.n47492651                             -nan(ind)            -nan(ind)
xex.n47965841                             -nan(ind)            -nan(ind)
xex.n4797748                              -nan(ind)            -nan(ind)
xex.n4797760                              -nan(ind)            -nan(ind)
xex.n48001371                             -nan(ind)            -nan(ind)
xex.n4809008                              -nan(ind)            -nan(ind)
xex.n2991553                              -nan(ind)            -nan(ind)
xex.n4817896                              -nan(ind)            -nan(ind)
xex.n2991581                              -nan(ind)            -nan(ind)
xex.n2992397                              -nan(ind)            -nan(ind)
xex.n2992375                              -nan(ind)            -nan(ind)
xex.n2992413                              -nan(ind)            -nan(ind)
xex.n2991741                              -nan(ind)            -nan(ind)
xex.n2991765                              -nan(ind)            -nan(ind)
xex.n2991811                              -nan(ind)            -nan(ind)
xex.n2991831                              -nan(ind)            -nan(ind)
xex.n2991907                              -nan(ind)            -nan(ind)
xex.n2991925                              -nan(ind)            -nan(ind)
xex.n2991969                              -nan(ind)            -nan(ind)
xex.n2992033                              -nan(ind)            -nan(ind)
xex.n2992029                              -nan(ind)            -nan(ind)
xex.n2992093                              -nan(ind)            -nan(ind)
xex.n2992099                              -nan(ind)            -nan(ind)
xex.sw_ol_opax388                         -nan(ind)            -nan(ind)
xex.vimon                                 -nan(ind)            -nan(ind)
xex.vout_s                                -nan(ind)            -nan(ind)
xex.n2991657                              -nan(ind)            -nan(ind)
xex.clamp                                 -nan(ind)            -nan(ind)
xex.vclp                                  -nan(ind)            -nan(ind)
xex.n4031911                              -nan(ind)            -nan(ind)
xex.n3827259                              -nan(ind)            -nan(ind)
xex.n3828449                              -nan(ind)            -nan(ind)
xex.n3850714                              -nan(ind)            -nan(ind)
xex.n3850724                              -nan(ind)            -nan(ind)
xex.n4243633                              -nan(ind)            -nan(ind)
xex.n2991579                              -nan(ind)            -nan(ind)
xex.esdp                                  -nan(ind)            -nan(ind)
xex.esdn                                  -nan(ind)            -nan(ind)
xex.n2992163                              -nan(ind)            -nan(ind)
exdrv                                     -nan(ind)            -nan(ind)
xex.n3294618                              -nan(ind)            -nan(ind)
xex.cl_clamp                              -nan(ind)            -nan(ind)
xex.claw_clamp                            -nan(ind)            -nan(ind)
xex.n3201092                              -nan(ind)            -nan(ind)
xex.vcc_b                                 -nan(ind)            -nan(ind)
xex.vee_b                                 -nan(ind)            -nan(ind)
xex.n2991563                              -nan(ind)            -nan(ind)
xex.n2991555                              -nan(ind)            -nan(ind)
xex.vcc_clp                               -nan(ind)            -nan(ind)
xex.vee_clp                               -nan(ind)            -nan(ind)
xex.n2992299                              -nan(ind)            -nan(ind)
xex.n2992295                              -nan(ind)            -nan(ind)
xex.n2992323                              -nan(ind)            -nan(ind)
xex.n2992331                              -nan(ind)            -nan(ind)
xex.n2992235                              -nan(ind)            -nan(ind)
xex.vsense                                -nan(ind)            -nan(ind)
xex.n2991587                              -nan(ind)            -nan(ind)
xex.n2991583                              -nan(ind)            -nan(ind)
xex.n4747399                              -nan(ind)            -nan(ind)
xex.n4745674                              -nan(ind)            -nan(ind)
xex.n4796554                              -nan(ind)            -nan(ind)
xex.n4749239                              -nan(ind)            -nan(ind)
xex.n4796572                              -nan(ind)            -nan(ind)
xex.n4798545                              -nan(ind)            -nan(ind)
xex.n4800105                              -nan(ind)            -nan(ind)
xex.n2991573                              -nan(ind)            -nan(ind)
xex.n2991619                              -nan(ind)            -nan(ind)
xex.n2991623                              -nan(ind)            -nan(ind)
xex.n2991635                              -nan(ind)            -nan(ind)
xex.n2991643                              -nan(ind)            -nan(ind)
xex.n2991667                              -nan(ind)            -nan(ind)
xex.n3294682                              -nan(ind)            -nan(ind)
xex.n2991729                              -nan(ind)            -nan(ind)
xex.n2991763                              -nan(ind)            -nan(ind)
xex.n2991807                              -nan(ind)            -nan(ind)
xex.n2991809                              -nan(ind)            -nan(ind)
xex.n2991837                              -nan(ind)            -nan(ind)
xex.n2991849                              -nan(ind)            -nan(ind)
xex.n2991901                              -nan(ind)            -nan(ind)
xex.n2991905                              -nan(ind)            -nan(ind)
xex.n2991931                              -nan(ind)            -nan(ind)
xex.n2991943                              -nan(ind)            -nan(ind)
xex.n2991997                              -nan(ind)            -nan(ind)
xex.n2992001                              -nan(ind)            -nan(ind)
xex.v11                                   -nan(ind)            -nan(ind)
xex.v12                                   -nan(ind)            -nan(ind)
xex.n2992105                              -nan(ind)            -nan(ind)
exfb                                      -nan(ind)            -nan(ind)
xex.n2992151                              -nan(ind)            -nan(ind)
xex.n2992287                              -nan(ind)            -nan(ind)
xex.n2992267                              -nan(ind)            -nan(ind)
xex.x_u10.gvo+_int1                       -nan(ind)            -nan(ind)
xex.x_u10.gvo-_int1                       -nan(ind)            -nan(ind)
xex.x_u11.gvo+_int1                       -nan(ind)            -nan(ind)
xex.x_u11.gvo-_int1                       -nan(ind)            -nan(ind)
xex.x_u12.gvo+_int1                       -nan(ind)            -nan(ind)
xex.x_u12.gvo-_int1                       -nan(ind)            -nan(ind)
xex.x_u16.gsw+_int1                       -nan(ind)            -nan(ind)
xex.x_u18.g1_int1                         -nan(ind)            -nan(ind)
xex.x_u18.g1_int2                         -nan(ind)            -nan(ind)
xex.x_u19.g1_int1                         -nan(ind)            -nan(ind)
xex.x_u19.g1_int2                         -nan(ind)            -nan(ind)
xex.x_u22.g1_int1                         -nan(ind)            -nan(ind)
xex.x_u23.g1_int1                         -nan(ind)            -nan(ind)
xex.x_u26.g1_int1                         -nan(ind)            -nan(ind)
xex.x_u27.g1_int1                         -nan(ind)            -nan(ind)
xex.x_u30.g1_int1                         -nan(ind)            -nan(ind)
xex.x_u31.g1_int1                         -nan(ind)            -nan(ind)
xex.x_u32.g1_int1                         -nan(ind)            -nan(ind)
xex.x_u35.g1_int1                         -nan(ind)            -nan(ind)
xex.x_u38.3                                       0                    0
xex.x_u38.5                                       0                    0
xex.x_u39.3                                       0                    0
xex.x_u39.5                                       0                    0
xex.x_u4.e1_int1                       -3.00202e-07         -3.00202e-07
xex.x_u40.5                                       0                    0
xex.x_u6.g1_int1                          -nan(ind)            -nan(ind)
vexc                                      -nan(ind)            -nan(ind)
sel0                                              0                    0
ns0                                               1                    1
cmd0                                      -nan(ind)            -nan(ind)
xr0.n3294772                              -nan(ind)            -nan(ind)
xr0.n3294776                              -nan(ind)            -nan(ind)
xr0.n3294626                              -nan(ind)            -nan(ind)
xr0.n3294630                              -nan(ind)            -nan(ind)
xr0.mid                                   -nan(ind)            -nan(ind)
xr0.n47456861                             -nan(ind)            -nan(ind)
xr0.n4736080                              -nan(ind)            -nan(ind)
xr0.n3294524                              -nan(ind)            -nan(ind)
xr0.n47492651                             -nan(ind)            -nan(ind)
xr0.n47965841                             -nan(ind)            -nan(ind)
xr0.n4797748                              -nan(ind)            -nan(ind)
xr0.n4797760                              -nan(ind)            -nan(ind)
xr0.n48001371                             -nan(ind)            -nan(ind)
xr0.n4809008                              -nan(ind)            -nan(ind)
xr0.n2991553                              -nan(ind)            -nan(ind)
xr0.n4817896                              -nan(ind)            -nan(ind)
xr0.n2991581                              -nan(ind)            -nan(ind)
xr0.n2992397                              -nan(ind)            -nan(ind)
xr0.n2992375                              -nan(ind)            -nan(ind)
xr0.n2992413                              -nan(ind)            -nan(ind)
xr0.n2991741                              -nan(ind)            -nan(ind)
xr0.n2991765                              -nan(ind)            -nan(ind)
xr0.n2991811                              -nan(ind)            -nan(ind)
xr0.n2991831                              -nan(ind)            -nan(ind)
xr0.n2991907                              -nan(ind)            -nan(ind)
xr0.n2991925                              -nan(ind)            -nan(ind)
xr0.n2991969                              -nan(ind)            -nan(ind)
xr0.n2992033                              -nan(ind)            -nan(ind)
xr0.n2992029                              -nan(ind)            -nan(ind)
xr0.n2992093                              -nan(ind)            -nan(ind)
xr0.n2992099                              -nan(ind)            -nan(ind)
xr0.sw_ol_opa4388                         -nan(ind)            -nan(ind)
xr0.vimon                                 -nan(ind)            -nan(ind)
xr0.vout_s                                -nan(ind)            -nan(ind)
xr0.n2991657                              -nan(ind)            -nan(ind)
xr0.clamp                                 -nan(ind)            -nan(ind)
xr0.vclp                                  -nan(ind)            -nan(ind)
xr0.n4031911                              -nan(ind)            -nan(ind)
xr0.n3827259                              -nan(ind)            -nan(ind)
xr0.n3828449                              -nan(ind)            -nan(ind)
xr0.n3850714                              -nan(ind)            -nan(ind)
xr0.n3850724                              -nan(ind)            -nan(ind)
xr0.n4243633                              -nan(ind)            -nan(ind)
xr0.n2991579                              -nan(ind)            -nan(ind)
xr0.esdp                                  -nan(ind)            -nan(ind)
xr0.esdn                                  -nan(ind)            -nan(ind)
xr0.n2992163                              -nan(ind)            -nan(ind)
drv0                                      -nan(ind)            -nan(ind)
xr0.n3294618                              -nan(ind)            -nan(ind)
xr0.cl_clamp                              -nan(ind)            -nan(ind)
xr0.claw_clamp                            -nan(ind)            -nan(ind)
xr0.n3201092                              -nan(ind)            -nan(ind)
xr0.vcc_b                                 -nan(ind)            -nan(ind)
xr0.vee_b                                 -nan(ind)            -nan(ind)
xr0.n2991563                              -nan(ind)            -nan(ind)
xr0.n2991555                              -nan(ind)            -nan(ind)
xr0.vcc_clp                               -nan(ind)            -nan(ind)
xr0.vee_clp                               -nan(ind)            -nan(ind)
xr0.n2992299                              -nan(ind)            -nan(ind)
xr0.n2992295                              -nan(ind)            -nan(ind)
xr0.n2992323                              -nan(ind)            -nan(ind)
xr0.n2992331                              -nan(ind)            -nan(ind)
xr0.n2992235                              -nan(ind)            -nan(ind)
xr0.vsense                                -nan(ind)            -nan(ind)
xr0.n2991587                              -nan(ind)            -nan(ind)
xr0.n2991583                              -nan(ind)            -nan(ind)
xr0.n4747399                              -nan(ind)            -nan(ind)
xr0.n4745674                              -nan(ind)            -nan(ind)
xr0.n4796554                              -nan(ind)            -nan(ind)
xr0.n4749239                              -nan(ind)            -nan(ind)
xr0.n4796572                              -nan(ind)            -nan(ind)
xr0.n4798545                              -nan(ind)            -nan(ind)
xr0.n4800105                              -nan(ind)            -nan(ind)
xr0.n2991573                              -nan(ind)            -nan(ind)
xr0.n2991619                              -nan(ind)            -nan(ind)
xr0.n2991623                              -nan(ind)            -nan(ind)
xr0.n2991635                              -nan(ind)            -nan(ind)
xr0.n2991643                              -nan(ind)            -nan(ind)
xr0.n2991667                              -nan(ind)            -nan(ind)
xr0.n3294682                              -nan(ind)            -nan(ind)
xr0.n2991729                              -nan(ind)            -nan(ind)
xr0.n2991763                              -nan(ind)            -nan(ind)
xr0.n2991807                              -nan(ind)            -nan(ind)
xr0.n2991809                              -nan(ind)            -nan(ind)
xr0.n2991837                              -nan(ind)            -nan(ind)
xr0.n2991849                              -nan(ind)            -nan(ind)
xr0.n2991901                              -nan(ind)            -nan(ind)
xr0.n2991905                              -nan(ind)            -nan(ind)
xr0.n2991931                              -nan(ind)            -nan(ind)
xr0.n2991943                              -nan(ind)            -nan(ind)
xr0.n2991997                              -nan(ind)            -nan(ind)
xr0.n2992001                              -nan(ind)            -nan(ind)
xr0.v11                                   -nan(ind)            -nan(ind)
xr0.v12                                   -nan(ind)            -nan(ind)
xr0.n2992105                              -nan(ind)            -nan(ind)
fb0                                       -nan(ind)            -nan(ind)
xr0.n2992151                              -nan(ind)            -nan(ind)
xr0.n2992287                              -nan(ind)            -nan(ind)
xr0.n2992267                              -nan(ind)            -nan(ind)
xr0.x_u10.gvo+_int1                       -nan(ind)            -nan(ind)
xr0.x_u10.gvo-_int1                       -nan(ind)            -nan(ind)
xr0.x_u11.gvo+_int1                       -nan(ind)            -nan(ind)
xr0.x_u11.gvo-_int1                       -nan(ind)            -nan(ind)
xr0.x_u12.gvo+_int1                       -nan(ind)            -nan(ind)
xr0.x_u12.gvo-_int1                       -nan(ind)            -nan(ind)
xr0.x_u16.gsw+_int1                       -nan(ind)            -nan(ind)
xr0.x_u18.g1_int1                         -nan(ind)            -nan(ind)
xr0.x_u18.g1_int2                         -nan(ind)            -nan(ind)
xr0.x_u19.g1_int1                         -nan(ind)            -nan(ind)
xr0.x_u19.g1_int2                         -nan(ind)            -nan(ind)
xr0.x_u22.g1_int1                         -nan(ind)            -nan(ind)
xr0.x_u23.g1_int1                         -nan(ind)            -nan(ind)
xr0.x_u26.g1_int1                         -nan(ind)            -nan(ind)
xr0.x_u27.g1_int1                         -nan(ind)            -nan(ind)
xr0.x_u30.g1_int1                         -nan(ind)            -nan(ind)
xr0.x_u31.g1_int1                         -nan(ind)            -nan(ind)
xr0.x_u32.g1_int1                         -nan(ind)            -nan(ind)
xr0.x_u35.g1_int1                         -nan(ind)            -nan(ind)
xr0.x_u38.3                                       0                    0
xr0.x_u38.5                                       0                    0
xr0.x_u39.3                                       0                    0
xr0.x_u39.5                                       0                    0
xr0.x_u4.e1_int1                          -4.67e-06            -4.67e-06
xr0.x_u40.5                                       0                    0
xr0.x_u6.g1_int1                          -nan(ind)            -nan(ind)
row0                                      -nan(ind)            -nan(ind)
sel1                                              0                    0
ns1                                               1                    1
cmd1                                      -nan(ind)            -nan(ind)
xr1.n3294772                              -nan(ind)            -nan(ind)
xr1.n3294776                              -nan(ind)            -nan(ind)
xr1.n3294626                              -nan(ind)            -nan(ind)
xr1.n3294630                              -nan(ind)            -nan(ind)
xr1.mid                                   -nan(ind)            -nan(ind)
xr1.n47456861                             -nan(ind)            -nan(ind)
xr1.n4736080                              -nan(ind)            -nan(ind)
xr1.n3294524                              -nan(ind)            -nan(ind)
xr1.n47492651                             -nan(ind)            -nan(ind)
xr1.n47965841                             -nan(ind)            -nan(ind)
xr1.n4797748                              -nan(ind)            -nan(ind)
xr1.n4797760                              -nan(ind)            -nan(ind)
xr1.n48001371                             -nan(ind)            -nan(ind)
xr1.n4809008                              -nan(ind)            -nan(ind)
xr1.n2991553                              -nan(ind)            -nan(ind)
xr1.n4817896                              -nan(ind)            -nan(ind)
xr1.n2991581                              -nan(ind)            -nan(ind)
xr1.n2992397                              -nan(ind)            -nan(ind)
xr1.n2992375                              -nan(ind)            -nan(ind)
xr1.n2992413                              -nan(ind)            -nan(ind)
xr1.n2991741                              -nan(ind)            -nan(ind)
xr1.n2991765                              -nan(ind)            -nan(ind)
xr1.n2991811                              -nan(ind)            -nan(ind)
xr1.n2991831                              -nan(ind)            -nan(ind)
xr1.n2991907                              -nan(ind)            -nan(ind)
xr1.n2991925                              -nan(ind)            -nan(ind)
xr1.n2991969                              -nan(ind)            -nan(ind)
xr1.n2992033                              -nan(ind)            -nan(ind)
xr1.n2992029                              -nan(ind)            -nan(ind)
xr1.n2992093                              -nan(ind)            -nan(ind)
xr1.n2992099                              -nan(ind)            -nan(ind)
xr1.sw_ol_opa4388                         -nan(ind)            -nan(ind)
xr1.vimon                                 -nan(ind)            -nan(ind)
xr1.vout_s                                -nan(ind)            -nan(ind)
xr1.n2991657                              -nan(ind)            -nan(ind)
xr1.clamp                                 -nan(ind)            -nan(ind)
xr1.vclp                                  -nan(ind)            -nan(ind)
xr1.n4031911                              -nan(ind)            -nan(ind)
xr1.n3827259                              -nan(ind)            -nan(ind)
xr1.n3828449                              -nan(ind)            -nan(ind)
xr1.n3850714                              -nan(ind)            -nan(ind)
xr1.n3850724                              -nan(ind)            -nan(ind)
xr1.n4243633                              -nan(ind)            -nan(ind)
xr1.n2991579                              -nan(ind)            -nan(ind)
xr1.esdp                                  -nan(ind)            -nan(ind)
xr1.esdn                                  -nan(ind)            -nan(ind)
xr1.n2992163                              -nan(ind)            -nan(ind)
drv1                                      -nan(ind)            -nan(ind)
xr1.n3294618                              -nan(ind)            -nan(ind)
xr1.cl_clamp                              -nan(ind)            -nan(ind)
xr1.claw_clamp                            -nan(ind)            -nan(ind)
xr1.n3201092                              -nan(ind)            -nan(ind)
xr1.vcc_b                                 -nan(ind)            -nan(ind)
xr1.vee_b                                 -nan(ind)            -nan(ind)
xr1.n2991563                              -nan(ind)            -nan(ind)
xr1.n2991555                              -nan(ind)            -nan(ind)
xr1.vcc_clp                               -nan(ind)            -nan(ind)
xr1.vee_clp                               -nan(ind)            -nan(ind)
xr1.n2992299                              -nan(ind)            -nan(ind)
xr1.n2992295                              -nan(ind)            -nan(ind)
xr1.n2992323                              -nan(ind)            -nan(ind)
xr1.n2992331                              -nan(ind)            -nan(ind)
xr1.n2992235                              -nan(ind)            -nan(ind)
xr1.vsense                                -nan(ind)            -nan(ind)
xr1.n2991587                              -nan(ind)            -nan(ind)
xr1.n2991583                              -nan(ind)            -nan(ind)
xr1.n4747399                              -nan(ind)            -nan(ind)
xr1.n4745674                              -nan(ind)            -nan(ind)
xr1.n4796554                              -nan(ind)            -nan(ind)
xr1.n4749239                              -nan(ind)            -nan(ind)
xr1.n4796572                              -nan(ind)            -nan(ind)
xr1.n4798545                              -nan(ind)            -nan(ind)
xr1.n4800105                              -nan(ind)            -nan(ind)
xr1.n2991573                              -nan(ind)            -nan(ind)
xr1.n2991619                              -nan(ind)            -nan(ind)
xr1.n2991623                              -nan(ind)            -nan(ind)
xr1.n2991635                              -nan(ind)            -nan(ind)
xr1.n2991643                              -nan(ind)            -nan(ind)
xr1.n2991667                              -nan(ind)            -nan(ind)
xr1.n3294682                              -nan(ind)            -nan(ind)
xr1.n2991729                              -nan(ind)            -nan(ind)
xr1.n2991763                              -nan(ind)            -nan(ind)
xr1.n2991807                              -nan(ind)            -nan(ind)
xr1.n2991809                              -nan(ind)            -nan(ind)
xr1.n2991837                              -nan(ind)            -nan(ind)
xr1.n2991849                              -nan(ind)            -nan(ind)
xr1.n2991901                              -nan(ind)            -nan(ind)
xr1.n2991905                              -nan(ind)            -nan(ind)
xr1.n2991931                              -nan(ind)            -nan(ind)
xr1.n2991943                              -nan(ind)            -nan(ind)
xr1.n2991997                              -nan(ind)            -nan(ind)
xr1.n2992001                              -nan(ind)            -nan(ind)
xr1.v11                                   -nan(ind)            -nan(ind)
xr1.v12                                   -nan(ind)            -nan(ind)
xr1.n2992105                              -nan(ind)            -nan(ind)
fb1                                       -nan(ind)            -nan(ind)
xr1.n2992151                              -nan(ind)            -nan(ind)
xr1.n2992287                              -nan(ind)            -nan(ind)
xr1.n2992267                              -nan(ind)            -nan(ind)
xr1.x_u10.gvo+_int1                       -nan(ind)            -nan(ind)
xr1.x_u10.gvo-_int1                       -nan(ind)            -nan(ind)
xr1.x_u11.gvo+_int1                       -nan(ind)            -nan(ind)
xr1.x_u11.gvo-_int1                       -nan(ind)            -nan(ind)
xr1.x_u12.gvo+_int1                       -nan(ind)            -nan(ind)
xr1.x_u12.gvo-_int1                       -nan(ind)            -nan(ind)
xr1.x_u16.gsw+_int1                       -nan(ind)            -nan(ind)
xr1.x_u18.g1_int1                         -nan(ind)            -nan(ind)
xr1.x_u18.g1_int2                         -nan(ind)            -nan(ind)
xr1.x_u19.g1_int1                         -nan(ind)            -nan(ind)
xr1.x_u19.g1_int2                         -nan(ind)            -nan(ind)
xr1.x_u22.g1_int1                         -nan(ind)            -nan(ind)
xr1.x_u23.g1_int1                         -nan(ind)            -nan(ind)
xr1.x_u26.g1_int1                         -nan(ind)            -nan(ind)
xr1.x_u27.g1_int1                         -nan(ind)            -nan(ind)
xr1.x_u30.g1_int1                         -nan(ind)            -nan(ind)
xr1.x_u31.g1_int1                         -nan(ind)            -nan(ind)
xr1.x_u32.g1_int1                         -nan(ind)            -nan(ind)
xr1.x_u35.g1_int1                         -nan(ind)            -nan(ind)
xr1.x_u38.3                                       0                    0
xr1.x_u38.5                                       0                    0
xr1.x_u39.3                                       0                    0
xr1.x_u39.5                                       0                    0
xr1.x_u4.e1_int1                          -4.67e-06            -4.67e-06
xr1.x_u40.5                                       0                    0
xr1.x_u6.g1_int1                          -nan(ind)            -nan(ind)
row1                                      -nan(ind)            -nan(ind)
sel2                                              0                    0
ns2                                               1                    1
cmd2                                      -nan(ind)            -nan(ind)
xr2.n3294772                              -nan(ind)            -nan(ind)
xr2.n3294776                              -nan(ind)            -nan(ind)
xr2.n3294626                              -nan(ind)            -nan(ind)
xr2.n3294630                              -nan(ind)            -nan(ind)
xr2.mid                                   -nan(ind)            -nan(ind)
xr2.n47456861                             -nan(ind)            -nan(ind)
xr2.n4736080                              -nan(ind)            -nan(ind)
xr2.n3294524                              -nan(ind)            -nan(ind)
xr2.n47492651                             -nan(ind)            -nan(ind)
xr2.n47965841                             -nan(ind)            -nan(ind)
xr2.n4797748                              -nan(ind)            -nan(ind)
xr2.n4797760                              -nan(ind)            -nan(ind)
xr2.n48001371                             -nan(ind)            -nan(ind)
xr2.n4809008                              -nan(ind)            -nan(ind)
xr2.n2991553                              -nan(ind)            -nan(ind)
xr2.n4817896                              -nan(ind)            -nan(ind)
xr2.n2991581                              -nan(ind)            -nan(ind)
xr2.n2992397                              -nan(ind)            -nan(ind)
xr2.n2992375                              -nan(ind)            -nan(ind)
xr2.n2992413                              -nan(ind)            -nan(ind)
xr2.n2991741                              -nan(ind)            -nan(ind)
xr2.n2991765                              -nan(ind)            -nan(ind)
xr2.n2991811                              -nan(ind)            -nan(ind)
xr2.n2991831                              -nan(ind)            -nan(ind)
xr2.n2991907                              -nan(ind)            -nan(ind)
xr2.n2991925                              -nan(ind)            -nan(ind)
xr2.n2991969                              -nan(ind)            -nan(ind)
xr2.n2992033                              -nan(ind)            -nan(ind)
xr2.n2992029                              -nan(ind)            -nan(ind)
xr2.n2992093                              -nan(ind)            -nan(ind)
xr2.n2992099                              -nan(ind)            -nan(ind)
xr2.sw_ol_opa4388                         -nan(ind)            -nan(ind)
xr2.vimon                                 -nan(ind)            -nan(ind)
xr2.vout_s                                -nan(ind)            -nan(ind)
xr2.n2991657                              -nan(ind)            -nan(ind)
xr2.clamp                                 -nan(ind)            -nan(ind)
xr2.vclp                                  -nan(ind)            -nan(ind)
xr2.n4031911                              -nan(ind)            -nan(ind)
xr2.n3827259                              -nan(ind)            -nan(ind)
xr2.n3828449                              -nan(ind)            -nan(ind)
xr2.n3850714                              -nan(ind)            -nan(ind)
xr2.n3850724                              -nan(ind)            -nan(ind)
xr2.n4243633                              -nan(ind)            -nan(ind)
xr2.n2991579                              -nan(ind)            -nan(ind)
xr2.esdp                                  -nan(ind)            -nan(ind)
xr2.esdn                                  -nan(ind)            -nan(ind)
xr2.n2992163                              -nan(ind)            -nan(ind)
drv2                                      -nan(ind)            -nan(ind)
xr2.n3294618                              -nan(ind)            -nan(ind)
xr2.cl_clamp                              -nan(ind)            -nan(ind)
xr2.claw_clamp                            -nan(ind)            -nan(ind)
xr2.n3201092                              -nan(ind)            -nan(ind)
xr2.vcc_b                                 -nan(ind)            -nan(ind)
xr2.vee_b                                 -nan(ind)            -nan(ind)
xr2.n2991563                              -nan(ind)            -nan(ind)
xr2.n2991555                              -nan(ind)            -nan(ind)
xr2.vcc_clp                               -nan(ind)            -nan(ind)
xr2.vee_clp                               -nan(ind)            -nan(ind)
xr2.n2992299                              -nan(ind)            -nan(ind)
xr2.n2992295                              -nan(ind)            -nan(ind)
xr2.n2992323                              -nan(ind)            -nan(ind)
xr2.n2992331                              -nan(ind)            -nan(ind)
xr2.n2992235                              -nan(ind)            -nan(ind)
xr2.vsense                                -nan(ind)            -nan(ind)
xr2.n2991587                              -nan(ind)            -nan(ind)
xr2.n2991583                              -nan(ind)            -nan(ind)
xr2.n4747399                              -nan(ind)            -nan(ind)
xr2.n4745674                              -nan(ind)            -nan(ind)
xr2.n4796554                              -nan(ind)            -nan(ind)
xr2.n4749239                              -nan(ind)            -nan(ind)
xr2.n4796572                              -nan(ind)            -nan(ind)
xr2.n4798545                              -nan(ind)            -nan(ind)
xr2.n4800105                              -nan(ind)            -nan(ind)
xr2.n2991573                              -nan(ind)            -nan(ind)
xr2.n2991619                              -nan(ind)            -nan(ind)
xr2.n2991623                              -nan(ind)            -nan(ind)
xr2.n2991635                              -nan(ind)            -nan(ind)
xr2.n2991643                              -nan(ind)            -nan(ind)
xr2.n2991667                              -nan(ind)            -nan(ind)
xr2.n3294682                              -nan(ind)            -nan(ind)
xr2.n2991729                              -nan(ind)            -nan(ind)
xr2.n2991763                              -nan(ind)            -nan(ind)
xr2.n2991807                              -nan(ind)            -nan(ind)
xr2.n2991809                              -nan(ind)            -nan(ind)
xr2.n2991837                              -nan(ind)            -nan(ind)
xr2.n2991849                              -nan(ind)            -nan(ind)
xr2.n2991901                              -nan(ind)            -nan(ind)
xr2.n2991905                              -nan(ind)            -nan(ind)
xr2.n2991931                              -nan(ind)            -nan(ind)
xr2.n2991943                              -nan(ind)            -nan(ind)
xr2.n2991997                              -nan(ind)            -nan(ind)
xr2.n2992001                              -nan(ind)            -nan(ind)
xr2.v11                                   -nan(ind)            -nan(ind)
xr2.v12                                   -nan(ind)            -nan(ind)
xr2.n2992105                              -nan(ind)            -nan(ind)
fb2                                       -nan(ind)            -nan(ind)
xr2.n2992151                              -nan(ind)            -nan(ind)
xr2.n2992287                              -nan(ind)            -nan(ind)
xr2.n2992267                              -nan(ind)            -nan(ind)
xr2.x_u10.gvo+_int1                       -nan(ind)            -nan(ind)
xr2.x_u10.gvo-_int1                       -nan(ind)            -nan(ind)
xr2.x_u11.gvo+_int1                       -nan(ind)            -nan(ind)
xr2.x_u11.gvo-_int1                       -nan(ind)            -nan(ind)
xr2.x_u12.gvo+_int1                       -nan(ind)            -nan(ind)
xr2.x_u12.gvo-_int1                       -nan(ind)            -nan(ind)
xr2.x_u16.gsw+_int1                       -nan(ind)            -nan(ind)
xr2.x_u18.g1_int1                         -nan(ind)            -nan(ind)
xr2.x_u18.g1_int2                         -nan(ind)            -nan(ind)
xr2.x_u19.g1_int1                         -nan(ind)            -nan(ind)
xr2.x_u19.g1_int2                         -nan(ind)            -nan(ind)
xr2.x_u22.g1_int1                         -nan(ind)            -nan(ind)
xr2.x_u23.g1_int1                         -nan(ind)            -nan(ind)
xr2.x_u26.g1_int1                         -nan(ind)            -nan(ind)
xr2.x_u27.g1_int1                         -nan(ind)            -nan(ind)
xr2.x_u30.g1_int1                         -nan(ind)            -nan(ind)
xr2.x_u31.g1_int1                         -nan(ind)            -nan(ind)
xr2.x_u32.g1_int1                         -nan(ind)            -nan(ind)
xr2.x_u35.g1_int1                         -nan(ind)            -nan(ind)
xr2.x_u38.3                                       0                    0
xr2.x_u38.5                                       0                    0
xr2.x_u39.3                                       0                    0
xr2.x_u39.5                                       0                    0
xr2.x_u4.e1_int1                          -4.67e-06            -4.67e-06
xr2.x_u40.5                                       0                    0
xr2.x_u6.g1_int1                          -nan(ind)            -nan(ind)
row2                                      -nan(ind)            -nan(ind)
sel3                                              0                    0
ns3                                               1                    1
cmd3                                      -nan(ind)            -nan(ind)
xr3.n3294772                              -nan(ind)            -nan(ind)
xr3.n3294776                              -nan(ind)            -nan(ind)
xr3.n3294626                              -nan(ind)            -nan(ind)
xr3.n3294630                              -nan(ind)            -nan(ind)
xr3.mid                                   -nan(ind)            -nan(ind)
xr3.n47456861                             -nan(ind)            -nan(ind)
xr3.n4736080                              -nan(ind)            -nan(ind)
xr3.n3294524                              -nan(ind)            -nan(ind)
xr3.n47492651                             -nan(ind)            -nan(ind)
xr3.n47965841                             -nan(ind)            -nan(ind)
xr3.n4797748                              -nan(ind)            -nan(ind)
xr3.n4797760                              -nan(ind)            -nan(ind)
xr3.n48001371                             -nan(ind)            -nan(ind)
xr3.n4809008                              -nan(ind)            -nan(ind)
xr3.n2991553                              -nan(ind)            -nan(ind)
xr3.n4817896                              -nan(ind)            -nan(ind)
xr3.n2991581                              -nan(ind)            -nan(ind)
xr3.n2992397                              -nan(ind)            -nan(ind)
xr3.n2992375                              -nan(ind)            -nan(ind)
xr3.n2992413                              -nan(ind)            -nan(ind)
xr3.n2991741                              -nan(ind)            -nan(ind)
xr3.n2991765                              -nan(ind)            -nan(ind)
xr3.n2991811                              -nan(ind)            -nan(ind)
xr3.n2991831                              -nan(ind)            -nan(ind)
xr3.n2991907                              -nan(ind)            -nan(ind)
xr3.n2991925                              -nan(ind)            -nan(ind)
xr3.n2991969                              -nan(ind)            -nan(ind)
xr3.n2992033                              -nan(ind)            -nan(ind)
xr3.n2992029                              -nan(ind)            -nan(ind)
xr3.n2992093                              -nan(ind)            -nan(ind)
xr3.n2992099                              -nan(ind)            -nan(ind)
xr3.sw_ol_opa4388                         -nan(ind)            -nan(ind)
xr3.vimon                                 -nan(ind)            -nan(ind)
xr3.vout_s                                -nan(ind)            -nan(ind)
xr3.n2991657                              -nan(ind)            -nan(ind)
xr3.clamp                                 -nan(ind)            -nan(ind)
xr3.vclp                                  -nan(ind)            -nan(ind)
xr3.n4031911                              -nan(ind)            -nan(ind)
xr3.n3827259                              -nan(ind)            -nan(ind)
xr3.n3828449                              -nan(ind)            -nan(ind)
xr3.n3850714                              -nan(ind)            -nan(ind)
xr3.n3850724                              -nan(ind)            -nan(ind)
xr3.n4243633                              -nan(ind)            -nan(ind)
xr3.n2991579                              -nan(ind)            -nan(ind)
xr3.esdp                                  -nan(ind)            -nan(ind)
xr3.esdn                                  -nan(ind)            -nan(ind)
xr3.n2992163                              -nan(ind)            -nan(ind)
drv3                                      -nan(ind)            -nan(ind)
xr3.n3294618                              -nan(ind)            -nan(ind)
xr3.cl_clamp                              -nan(ind)            -nan(ind)
xr3.claw_clamp                            -nan(ind)            -nan(ind)
xr3.n3201092                              -nan(ind)            -nan(ind)
xr3.vcc_b                                 -nan(ind)            -nan(ind)
xr3.vee_b                                 -nan(ind)            -nan(ind)
xr3.n2991563                              -nan(ind)            -nan(ind)
xr3.n2991555                              -nan(ind)            -nan(ind)
xr3.vcc_clp                               -nan(ind)            -nan(ind)
xr3.vee_clp                               -nan(ind)            -nan(ind)
xr3.n2992299                              -nan(ind)            -nan(ind)
xr3.n2992295                              -nan(ind)            -nan(ind)
xr3.n2992323                              -nan(ind)            -nan(ind)
xr3.n2992331                              -nan(ind)            -nan(ind)
xr3.n2992235                              -nan(ind)            -nan(ind)
xr3.vsense                                -nan(ind)            -nan(ind)
xr3.n2991587                              -nan(ind)            -nan(ind)
xr3.n2991583                              -nan(ind)            -nan(ind)
xr3.n4747399                              -nan(ind)            -nan(ind)
xr3.n4745674                              -nan(ind)            -nan(ind)
xr3.n4796554                              -nan(ind)            -nan(ind)
xr3.n4749239                              -nan(ind)            -nan(ind)
xr3.n4796572                              -nan(ind)            -nan(ind)
xr3.n4798545                              -nan(ind)            -nan(ind)
xr3.n4800105                              -nan(ind)            -nan(ind)
xr3.n2991573                              -nan(ind)            -nan(ind)
xr3.n2991619                              -nan(ind)            -nan(ind)
xr3.n2991623                              -nan(ind)            -nan(ind)
xr3.n2991635                              -nan(ind)            -nan(ind)
xr3.n2991643                              -nan(ind)            -nan(ind)
xr3.n2991667                              -nan(ind)            -nan(ind)
xr3.n3294682                              -nan(ind)            -nan(ind)
xr3.n2991729                              -nan(ind)            -nan(ind)
xr3.n2991763                              -nan(ind)            -nan(ind)
xr3.n2991807                              -nan(ind)            -nan(ind)
xr3.n2991809                              -nan(ind)            -nan(ind)
xr3.n2991837                              -nan(ind)            -nan(ind)
xr3.n2991849                              -nan(ind)            -nan(ind)
xr3.n2991901                              -nan(ind)            -nan(ind)
xr3.n2991905                              -nan(ind)            -nan(ind)
xr3.n2991931                              -nan(ind)            -nan(ind)
xr3.n2991943                              -nan(ind)            -nan(ind)
xr3.n2991997                              -nan(ind)            -nan(ind)
xr3.n2992001                              -nan(ind)            -nan(ind)
xr3.v11                                   -nan(ind)            -nan(ind)
xr3.v12                                   -nan(ind)            -nan(ind)
xr3.n2992105                              -nan(ind)            -nan(ind)
fb3                                       -nan(ind)            -nan(ind)
xr3.n2992151                              -nan(ind)            -nan(ind)
xr3.n2992287                              -nan(ind)            -nan(ind)
xr3.n2992267                              -nan(ind)            -nan(ind)
xr3.x_u10.gvo+_int1                       -nan(ind)            -nan(ind)
xr3.x_u10.gvo-_int1                       -nan(ind)            -nan(ind)
xr3.x_u11.gvo+_int1                       -nan(ind)            -nan(ind)
xr3.x_u11.gvo-_int1                       -nan(ind)            -nan(ind)
xr3.x_u12.gvo+_int1                       -nan(ind)            -nan(ind)
xr3.x_u12.gvo-_int1                       -nan(ind)            -nan(ind)
xr3.x_u16.gsw+_int1                       -nan(ind)            -nan(ind)
xr3.x_u18.g1_int1                         -nan(ind)            -nan(ind)
xr3.x_u18.g1_int2                         -nan(ind)            -nan(ind)
xr3.x_u19.g1_int1                         -nan(ind)            -nan(ind)
xr3.x_u19.g1_int2                         -nan(ind)            -nan(ind)
xr3.x_u22.g1_int1                         -nan(ind)            -nan(ind)
xr3.x_u23.g1_int1                         -nan(ind)            -nan(ind)
xr3.x_u26.g1_int1                         -nan(ind)            -nan(ind)
xr3.x_u27.g1_int1                         -nan(ind)            -nan(ind)
xr3.x_u30.g1_int1                         -nan(ind)            -nan(ind)
xr3.x_u31.g1_int1                         -nan(ind)            -nan(ind)
xr3.x_u32.g1_int1                         -nan(ind)            -nan(ind)
xr3.x_u35.g1_int1                         -nan(ind)            -nan(ind)
xr3.x_u38.3                                       0                    0
xr3.x_u38.5                                       0                    0
xr3.x_u39.3                                       0                    0
xr3.x_u39.5                                       0                    0
xr3.x_u4.e1_int1                          -4.67e-06            -4.67e-06
xr3.x_u40.5                                       0                    0
xr3.x_u6.g1_int1                          -nan(ind)            -nan(ind)
row3                                      -nan(ind)            -nan(ind)
xt0.n3294772                              -nan(ind)            -nan(ind)
xt0.n3294776                              -nan(ind)            -nan(ind)
xt0.n3294626                              -nan(ind)            -nan(ind)
xt0.n3294630                              -nan(ind)            -nan(ind)
xt0.mid                                   -nan(ind)            -nan(ind)
xt0.n47456861                             -nan(ind)            -nan(ind)
xt0.n4736080                              -nan(ind)            -nan(ind)
xt0.n3294524                              -nan(ind)            -nan(ind)
xt0.n47492651                             -nan(ind)            -nan(ind)
xt0.n47965841                             -nan(ind)            -nan(ind)
xt0.n4797748                              -nan(ind)            -nan(ind)
xt0.n4797760                              -nan(ind)            -nan(ind)
xt0.n48001371                             -nan(ind)            -nan(ind)
xt0.n4809008                              -nan(ind)            -nan(ind)
xt0.n2991553                              -nan(ind)            -nan(ind)
xt0.n4817896                              -nan(ind)            -nan(ind)
xt0.n2991581                              -nan(ind)            -nan(ind)
xt0.n2992397                              -nan(ind)            -nan(ind)
xt0.n2992375                              -nan(ind)            -nan(ind)
xt0.n2992413                              -nan(ind)            -nan(ind)
xt0.n2991741                              -nan(ind)            -nan(ind)
xt0.n2991765                              -nan(ind)            -nan(ind)
xt0.n2991811                              -nan(ind)            -nan(ind)
xt0.n2991831                              -nan(ind)            -nan(ind)
xt0.n2991907                              -nan(ind)            -nan(ind)
xt0.n2991925                              -nan(ind)            -nan(ind)
xt0.n2991969                              -nan(ind)            -nan(ind)
xt0.n2992033                              -nan(ind)            -nan(ind)
xt0.n2992029                              -nan(ind)            -nan(ind)
xt0.n2992093                              -nan(ind)            -nan(ind)
xt0.n2992099                              -nan(ind)            -nan(ind)
xt0.sw_ol_opa4388                         -nan(ind)            -nan(ind)
xt0.vimon                                 -nan(ind)            -nan(ind)
xt0.vout_s                                -nan(ind)            -nan(ind)
xt0.n2991657                              -nan(ind)            -nan(ind)
xt0.clamp                                 -nan(ind)            -nan(ind)
xt0.vclp                                  -nan(ind)            -nan(ind)
xt0.n4031911                              -nan(ind)            -nan(ind)
xt0.n3827259                              -nan(ind)            -nan(ind)
xt0.n3828449                              -nan(ind)            -nan(ind)
xt0.n3850714                              -nan(ind)            -nan(ind)
xt0.n3850724                              -nan(ind)            -nan(ind)
xt0.n4243633                              -nan(ind)            -nan(ind)
xt0.n2991579                              -nan(ind)            -nan(ind)
xt0.esdp                                  -nan(ind)            -nan(ind)
xt0.esdn                                  -nan(ind)            -nan(ind)
xt0.n2992163                              -nan(ind)            -nan(ind)
tdrv0                                     -nan(ind)            -nan(ind)
xt0.n3294618                              -nan(ind)            -nan(ind)
xt0.cl_clamp                              -nan(ind)            -nan(ind)
xt0.claw_clamp                            -nan(ind)            -nan(ind)
xt0.n3201092                              -nan(ind)            -nan(ind)
xt0.vcc_b                                 -nan(ind)            -nan(ind)
xt0.vee_b                                 -nan(ind)            -nan(ind)
xt0.n2991563                              -nan(ind)            -nan(ind)
xt0.n2991555                              -nan(ind)            -nan(ind)
xt0.vcc_clp                               -nan(ind)            -nan(ind)
xt0.vee_clp                               -nan(ind)            -nan(ind)
xt0.n2992299                              -nan(ind)            -nan(ind)
xt0.n2992295                              -nan(ind)            -nan(ind)
xt0.n2992323                              -nan(ind)            -nan(ind)
xt0.n2992331                              -nan(ind)            -nan(ind)
xt0.n2992235                              -nan(ind)            -nan(ind)
xt0.vsense                                -nan(ind)            -nan(ind)
xt0.n2991587                              -nan(ind)            -nan(ind)
xt0.n2991583                              -nan(ind)            -nan(ind)
xt0.n4747399                              -nan(ind)            -nan(ind)
xt0.n4745674                              -nan(ind)            -nan(ind)
xt0.n4796554                              -nan(ind)            -nan(ind)
xt0.n4749239                              -nan(ind)            -nan(ind)
xt0.n4796572                              -nan(ind)            -nan(ind)
xt0.n4798545                              -nan(ind)            -nan(ind)
xt0.n4800105                              -nan(ind)            -nan(ind)
xt0.n2991573                              -nan(ind)            -nan(ind)
xt0.n2991619                              -nan(ind)            -nan(ind)
xt0.n2991623                              -nan(ind)            -nan(ind)
xt0.n2991635                              -nan(ind)            -nan(ind)
xt0.n2991643                              -nan(ind)            -nan(ind)
xt0.n2991667                              -nan(ind)            -nan(ind)
xt0.n3294682                              -nan(ind)            -nan(ind)
xt0.n2991729                              -nan(ind)            -nan(ind)
xt0.n2991763                              -nan(ind)            -nan(ind)
xt0.n2991807                              -nan(ind)            -nan(ind)
xt0.n2991809                              -nan(ind)            -nan(ind)
xt0.n2991837                              -nan(ind)            -nan(ind)
xt0.n2991849                              -nan(ind)            -nan(ind)
xt0.n2991901                              -nan(ind)            -nan(ind)
xt0.n2991905                              -nan(ind)            -nan(ind)
xt0.n2991931                              -nan(ind)            -nan(ind)
xt0.n2991943                              -nan(ind)            -nan(ind)
xt0.n2991997                              -nan(ind)            -nan(ind)
xt0.n2992001                              -nan(ind)            -nan(ind)
xt0.v11                                   -nan(ind)            -nan(ind)
xt0.v12                                   -nan(ind)            -nan(ind)
xt0.n2992105                              -nan(ind)            -nan(ind)
e6                                        -nan(ind)            -nan(ind)
xt0.n2992151                              -nan(ind)            -nan(ind)
xt0.n2992287                              -nan(ind)            -nan(ind)
xt0.n2992267                              -nan(ind)            -nan(ind)
xt0.x_u10.gvo+_int1                       -nan(ind)            -nan(ind)
xt0.x_u10.gvo-_int1                       -nan(ind)            -nan(ind)
xt0.x_u11.gvo+_int1                       -nan(ind)            -nan(ind)
xt0.x_u11.gvo-_int1                       -nan(ind)            -nan(ind)
xt0.x_u12.gvo+_int1                       -nan(ind)            -nan(ind)
xt0.x_u12.gvo-_int1                       -nan(ind)            -nan(ind)
xt0.x_u16.gsw+_int1                       -nan(ind)            -nan(ind)
xt0.x_u18.g1_int1                         -nan(ind)            -nan(ind)
xt0.x_u18.g1_int2                         -nan(ind)            -nan(ind)
xt0.x_u19.g1_int1                         -nan(ind)            -nan(ind)
xt0.x_u19.g1_int2                         -nan(ind)            -nan(ind)
xt0.x_u22.g1_int1                         -nan(ind)            -nan(ind)
xt0.x_u23.g1_int1                         -nan(ind)            -nan(ind)
xt0.x_u26.g1_int1                         -nan(ind)            -nan(ind)
xt0.x_u27.g1_int1                         -nan(ind)            -nan(ind)
xt0.x_u30.g1_int1                         -nan(ind)            -nan(ind)
xt0.x_u31.g1_int1                         -nan(ind)            -nan(ind)
xt0.x_u32.g1_int1                         -nan(ind)            -nan(ind)
xt0.x_u35.g1_int1                         -nan(ind)            -nan(ind)
xt0.x_u38.3                                       0                    0
xt0.x_u38.5                                       0                    0
xt0.x_u39.3                                       0                    0
xt0.x_u39.5                                       0                    0
xt0.x_u4.e1_int1                          -4.67e-06            -4.67e-06
xt0.x_u40.5                                       0                    0
xt0.x_u6.g1_int1                          -nan(ind)            -nan(ind)
col0                                      -nan(ind)            -nan(ind)
minus0                                    -nan(ind)            -nan(ind)
tap0                                      -nan(ind)            -nan(ind)
ain0                                      -nan(ind)            -nan(ind)
xt1.n3294772                              -nan(ind)            -nan(ind)
xt1.n3294776                              -nan(ind)            -nan(ind)
xt1.n3294626                              -nan(ind)            -nan(ind)
xt1.n3294630                              -nan(ind)            -nan(ind)
xt1.mid                                   -nan(ind)            -nan(ind)
xt1.n47456861                             -nan(ind)            -nan(ind)
xt1.n4736080                              -nan(ind)            -nan(ind)
xt1.n3294524                              -nan(ind)            -nan(ind)
xt1.n47492651                             -nan(ind)            -nan(ind)
xt1.n47965841                             -nan(ind)            -nan(ind)
xt1.n4797748                              -nan(ind)            -nan(ind)
xt1.n4797760                              -nan(ind)            -nan(ind)
xt1.n48001371                             -nan(ind)            -nan(ind)
xt1.n4809008                              -nan(ind)            -nan(ind)
xt1.n2991553                              -nan(ind)            -nan(ind)
xt1.n4817896                              -nan(ind)            -nan(ind)
xt1.n2991581                              -nan(ind)            -nan(ind)
xt1.n2992397                              -nan(ind)            -nan(ind)
xt1.n2992375                              -nan(ind)            -nan(ind)
xt1.n2992413                              -nan(ind)            -nan(ind)
xt1.n2991741                              -nan(ind)            -nan(ind)
xt1.n2991765                              -nan(ind)            -nan(ind)
xt1.n2991811                              -nan(ind)            -nan(ind)
xt1.n2991831                              -nan(ind)            -nan(ind)
xt1.n2991907                              -nan(ind)            -nan(ind)
xt1.n2991925                              -nan(ind)            -nan(ind)
xt1.n2991969                              -nan(ind)            -nan(ind)
xt1.n2992033                              -nan(ind)            -nan(ind)
xt1.n2992029                              -nan(ind)            -nan(ind)
xt1.n2992093                              -nan(ind)            -nan(ind)
xt1.n2992099                              -nan(ind)            -nan(ind)
xt1.sw_ol_opa4388                         -nan(ind)            -nan(ind)
xt1.vimon                                 -nan(ind)            -nan(ind)
xt1.vout_s                                -nan(ind)            -nan(ind)
xt1.n2991657                              -nan(ind)            -nan(ind)
xt1.clamp                                 -nan(ind)            -nan(ind)
xt1.vclp                                  -nan(ind)            -nan(ind)
xt1.n4031911                              -nan(ind)            -nan(ind)
xt1.n3827259                              -nan(ind)            -nan(ind)
xt1.n3828449                              -nan(ind)            -nan(ind)
xt1.n3850714                              -nan(ind)            -nan(ind)
xt1.n3850724                              -nan(ind)            -nan(ind)
xt1.n4243633                              -nan(ind)            -nan(ind)
xt1.n2991579                              -nan(ind)            -nan(ind)
xt1.esdp                                  -nan(ind)            -nan(ind)
xt1.esdn                                  -nan(ind)            -nan(ind)
xt1.n2992163                              -nan(ind)            -nan(ind)
tdrv1                                     -nan(ind)            -nan(ind)
xt1.n3294618                              -nan(ind)            -nan(ind)
xt1.cl_clamp                              -nan(ind)            -nan(ind)
xt1.claw_clamp                            -nan(ind)            -nan(ind)
xt1.n3201092                              -nan(ind)            -nan(ind)
xt1.vcc_b                                 -nan(ind)            -nan(ind)
xt1.vee_b                                 -nan(ind)            -nan(ind)
xt1.n2991563                              -nan(ind)            -nan(ind)
xt1.n2991555                              -nan(ind)            -nan(ind)
xt1.vcc_clp                               -nan(ind)            -nan(ind)
xt1.vee_clp                               -nan(ind)            -nan(ind)
xt1.n2992299                              -nan(ind)            -nan(ind)
xt1.n2992295                              -nan(ind)            -nan(ind)
xt1.n2992323                              -nan(ind)            -nan(ind)
xt1.n2992331                              -nan(ind)            -nan(ind)
xt1.n2992235                              -nan(ind)            -nan(ind)
xt1.vsense                                -nan(ind)            -nan(ind)
xt1.n2991587                              -nan(ind)            -nan(ind)
xt1.n2991583                              -nan(ind)            -nan(ind)
xt1.n4747399                              -nan(ind)            -nan(ind)
xt1.n4745674                              -nan(ind)            -nan(ind)
xt1.n4796554                              -nan(ind)            -nan(ind)
xt1.n4749239                              -nan(ind)            -nan(ind)
xt1.n4796572                              -nan(ind)            -nan(ind)
xt1.n4798545                              -nan(ind)            -nan(ind)
xt1.n4800105                              -nan(ind)            -nan(ind)
xt1.n2991573                              -nan(ind)            -nan(ind)
xt1.n2991619                              -nan(ind)            -nan(ind)
xt1.n2991623                              -nan(ind)            -nan(ind)
xt1.n2991635                              -nan(ind)            -nan(ind)
xt1.n2991643                              -nan(ind)            -nan(ind)
xt1.n2991667                              -nan(ind)            -nan(ind)
xt1.n3294682                              -nan(ind)            -nan(ind)
xt1.n2991729                              -nan(ind)            -nan(ind)
xt1.n2991763                              -nan(ind)            -nan(ind)
xt1.n2991807                              -nan(ind)            -nan(ind)
xt1.n2991809                              -nan(ind)            -nan(ind)
xt1.n2991837                              -nan(ind)            -nan(ind)
xt1.n2991849                              -nan(ind)            -nan(ind)
xt1.n2991901                              -nan(ind)            -nan(ind)
xt1.n2991905                              -nan(ind)            -nan(ind)
xt1.n2991931                              -nan(ind)            -nan(ind)
xt1.n2991943                              -nan(ind)            -nan(ind)
xt1.n2991997                              -nan(ind)            -nan(ind)
xt1.n2992001                              -nan(ind)            -nan(ind)
xt1.v11                                   -nan(ind)            -nan(ind)
xt1.v12                                   -nan(ind)            -nan(ind)
xt1.n2992105                              -nan(ind)            -nan(ind)
minus1                                    -nan(ind)            -nan(ind)
xt1.n2992151                              -nan(ind)            -nan(ind)
xt1.n2992287                              -nan(ind)            -nan(ind)
xt1.n2992267                              -nan(ind)            -nan(ind)
xt1.x_u10.gvo+_int1                       -nan(ind)            -nan(ind)
xt1.x_u10.gvo-_int1                       -nan(ind)            -nan(ind)
xt1.x_u11.gvo+_int1                       -nan(ind)            -nan(ind)
xt1.x_u11.gvo-_int1                       -nan(ind)            -nan(ind)
xt1.x_u12.gvo+_int1                       -nan(ind)            -nan(ind)
xt1.x_u12.gvo-_int1                       -nan(ind)            -nan(ind)
xt1.x_u16.gsw+_int1                       -nan(ind)            -nan(ind)
xt1.x_u18.g1_int1                         -nan(ind)            -nan(ind)
xt1.x_u18.g1_int2                         -nan(ind)            -nan(ind)
xt1.x_u19.g1_int1                         -nan(ind)            -nan(ind)
xt1.x_u19.g1_int2                         -nan(ind)            -nan(ind)
xt1.x_u22.g1_int1                         -nan(ind)            -nan(ind)
xt1.x_u23.g1_int1                         -nan(ind)            -nan(ind)
xt1.x_u26.g1_int1                         -nan(ind)            -nan(ind)
xt1.x_u27.g1_int1                         -nan(ind)            -nan(ind)
xt1.x_u30.g1_int1                         -nan(ind)            -nan(ind)
xt1.x_u31.g1_int1                         -nan(ind)            -nan(ind)
xt1.x_u32.g1_int1                         -nan(ind)            -nan(ind)
xt1.x_u35.g1_int1                         -nan(ind)            -nan(ind)
xt1.x_u38.3                                       0                    0
xt1.x_u38.5                                       0                    0
xt1.x_u39.3                                       0                    0
xt1.x_u39.5                                       0                    0
xt1.x_u4.e1_int1                          -4.67e-06            -4.67e-06
xt1.x_u40.5                                       0                    0
xt1.x_u6.g1_int1                          -nan(ind)            -nan(ind)
col1                                      -nan(ind)            -nan(ind)
tap1                                      -nan(ind)            -nan(ind)
ain1                                      -nan(ind)            -nan(ind)
xt2.n3294772                              -nan(ind)            -nan(ind)
xt2.n3294776                              -nan(ind)            -nan(ind)
xt2.n3294626                              -nan(ind)            -nan(ind)
xt2.n3294630                              -nan(ind)            -nan(ind)
xt2.mid                                   -nan(ind)            -nan(ind)
xt2.n47456861                             -nan(ind)            -nan(ind)
xt2.n4736080                              -nan(ind)            -nan(ind)
xt2.n3294524                              -nan(ind)            -nan(ind)
xt2.n47492651                             -nan(ind)            -nan(ind)
xt2.n47965841                             -nan(ind)            -nan(ind)
xt2.n4797748                              -nan(ind)            -nan(ind)
xt2.n4797760                              -nan(ind)            -nan(ind)
xt2.n48001371                             -nan(ind)            -nan(ind)
xt2.n4809008                              -nan(ind)            -nan(ind)
xt2.n2991553                              -nan(ind)            -nan(ind)
xt2.n4817896                              -nan(ind)            -nan(ind)
xt2.n2991581                              -nan(ind)            -nan(ind)
xt2.n2992397                              -nan(ind)            -nan(ind)
xt2.n2992375                              -nan(ind)            -nan(ind)
xt2.n2992413                              -nan(ind)            -nan(ind)
xt2.n2991741                              -nan(ind)            -nan(ind)
xt2.n2991765                              -nan(ind)            -nan(ind)
xt2.n2991811                              -nan(ind)            -nan(ind)
xt2.n2991831                              -nan(ind)            -nan(ind)
xt2.n2991907                              -nan(ind)            -nan(ind)
xt2.n2991925                              -nan(ind)            -nan(ind)
xt2.n2991969                              -nan(ind)            -nan(ind)
xt2.n2992033                              -nan(ind)            -nan(ind)
xt2.n2992029                              -nan(ind)            -nan(ind)
xt2.n2992093                              -nan(ind)            -nan(ind)
xt2.n2992099                              -nan(ind)            -nan(ind)
xt2.sw_ol_opa4388                         -nan(ind)            -nan(ind)
xt2.vimon                                 -nan(ind)            -nan(ind)
xt2.vout_s                                -nan(ind)            -nan(ind)
xt2.n2991657                              -nan(ind)            -nan(ind)
xt2.clamp                                 -nan(ind)            -nan(ind)
xt2.vclp                                  -nan(ind)            -nan(ind)
xt2.n4031911                              -nan(ind)            -nan(ind)
xt2.n3827259                              -nan(ind)            -nan(ind)
xt2.n3828449                              -nan(ind)            -nan(ind)
xt2.n3850714                              -nan(ind)            -nan(ind)
xt2.n3850724                              -nan(ind)            -nan(ind)
xt2.n4243633                              -nan(ind)            -nan(ind)
xt2.n2991579                              -nan(ind)            -nan(ind)
xt2.esdp                                  -nan(ind)            -nan(ind)
xt2.esdn                                  -nan(ind)            -nan(ind)
xt2.n2992163                              -nan(ind)            -nan(ind)
tdrv2                                     -nan(ind)            -nan(ind)
xt2.n3294618                              -nan(ind)            -nan(ind)
xt2.cl_clamp                              -nan(ind)            -nan(ind)
xt2.claw_clamp                            -nan(ind)            -nan(ind)
xt2.n3201092                              -nan(ind)            -nan(ind)
xt2.vcc_b                                 -nan(ind)            -nan(ind)
xt2.vee_b                                 -nan(ind)            -nan(ind)
xt2.n2991563                              -nan(ind)            -nan(ind)
xt2.n2991555                              -nan(ind)            -nan(ind)
xt2.vcc_clp                               -nan(ind)            -nan(ind)
xt2.vee_clp                               -nan(ind)            -nan(ind)
xt2.n2992299                              -nan(ind)            -nan(ind)
xt2.n2992295                              -nan(ind)            -nan(ind)
xt2.n2992323                              -nan(ind)            -nan(ind)
xt2.n2992331                              -nan(ind)            -nan(ind)
xt2.n2992235                              -nan(ind)            -nan(ind)
xt2.vsense                                -nan(ind)            -nan(ind)
xt2.n2991587                              -nan(ind)            -nan(ind)
xt2.n2991583                              -nan(ind)            -nan(ind)
xt2.n4747399                              -nan(ind)            -nan(ind)
xt2.n4745674                              -nan(ind)            -nan(ind)
xt2.n4796554                              -nan(ind)            -nan(ind)
xt2.n4749239                              -nan(ind)            -nan(ind)
xt2.n4796572                              -nan(ind)            -nan(ind)
xt2.n4798545                              -nan(ind)            -nan(ind)
xt2.n4800105                              -nan(ind)            -nan(ind)
xt2.n2991573                              -nan(ind)            -nan(ind)
xt2.n2991619                              -nan(ind)            -nan(ind)
xt2.n2991623                              -nan(ind)            -nan(ind)
xt2.n2991635                              -nan(ind)            -nan(ind)
xt2.n2991643                              -nan(ind)            -nan(ind)
xt2.n2991667                              -nan(ind)            -nan(ind)
xt2.n3294682                              -nan(ind)            -nan(ind)
xt2.n2991729                              -nan(ind)            -nan(ind)
xt2.n2991763                              -nan(ind)            -nan(ind)
xt2.n2991807                              -nan(ind)            -nan(ind)
xt2.n2991809                              -nan(ind)            -nan(ind)
xt2.n2991837                              -nan(ind)            -nan(ind)
xt2.n2991849                              -nan(ind)            -nan(ind)
xt2.n2991901                              -nan(ind)            -nan(ind)
xt2.n2991905                              -nan(ind)            -nan(ind)
xt2.n2991931                              -nan(ind)            -nan(ind)
xt2.n2991943                              -nan(ind)            -nan(ind)
xt2.n2991997                              -nan(ind)            -nan(ind)
xt2.n2992001                              -nan(ind)            -nan(ind)
xt2.v11                                   -nan(ind)            -nan(ind)
xt2.v12                                   -nan(ind)            -nan(ind)
xt2.n2992105                              -nan(ind)            -nan(ind)
minus2                                    -nan(ind)            -nan(ind)
xt2.n2992151                              -nan(ind)            -nan(ind)
xt2.n2992287                              -nan(ind)            -nan(ind)
xt2.n2992267                              -nan(ind)            -nan(ind)
xt2.x_u10.gvo+_int1                       -nan(ind)            -nan(ind)
xt2.x_u10.gvo-_int1                       -nan(ind)            -nan(ind)
xt2.x_u11.gvo+_int1                       -nan(ind)            -nan(ind)
xt2.x_u11.gvo-_int1                       -nan(ind)            -nan(ind)
xt2.x_u12.gvo+_int1                       -nan(ind)            -nan(ind)
xt2.x_u12.gvo-_int1                       -nan(ind)            -nan(ind)
xt2.x_u16.gsw+_int1                       -nan(ind)            -nan(ind)
xt2.x_u18.g1_int1                         -nan(ind)            -nan(ind)
xt2.x_u18.g1_int2                         -nan(ind)            -nan(ind)
xt2.x_u19.g1_int1                         -nan(ind)            -nan(ind)
xt2.x_u19.g1_int2                         -nan(ind)            -nan(ind)
xt2.x_u22.g1_int1                         -nan(ind)            -nan(ind)
xt2.x_u23.g1_int1                         -nan(ind)            -nan(ind)
xt2.x_u26.g1_int1                         -nan(ind)            -nan(ind)
xt2.x_u27.g1_int1                         -nan(ind)            -nan(ind)
xt2.x_u30.g1_int1                         -nan(ind)            -nan(ind)
xt2.x_u31.g1_int1                         -nan(ind)            -nan(ind)
xt2.x_u32.g1_int1                         -nan(ind)            -nan(ind)
xt2.x_u35.g1_int1                         -nan(ind)            -nan(ind)
xt2.x_u38.3                                       0                    0
xt2.x_u38.5                                       0                    0
xt2.x_u39.3                                       0                    0
xt2.x_u39.5                                       0                    0
xt2.x_u4.e1_int1                          -4.67e-06            -4.67e-06
xt2.x_u40.5                                       0                    0
xt2.x_u6.g1_int1                          -nan(ind)            -nan(ind)
col2                                      -nan(ind)            -nan(ind)
tap2                                      -nan(ind)            -nan(ind)
ain2                                      -nan(ind)            -nan(ind)
xt3.n3294772                              -nan(ind)            -nan(ind)
xt3.n3294776                              -nan(ind)            -nan(ind)
xt3.n3294626                              -nan(ind)            -nan(ind)
xt3.n3294630                              -nan(ind)            -nan(ind)
xt3.mid                                   -nan(ind)            -nan(ind)
xt3.n47456861                             -nan(ind)            -nan(ind)
xt3.n4736080                              -nan(ind)            -nan(ind)
xt3.n3294524                              -nan(ind)            -nan(ind)
xt3.n47492651                             -nan(ind)            -nan(ind)
xt3.n47965841                             -nan(ind)            -nan(ind)
xt3.n4797748                              -nan(ind)            -nan(ind)
xt3.n4797760                              -nan(ind)            -nan(ind)
xt3.n48001371                             -nan(ind)            -nan(ind)
xt3.n4809008                              -nan(ind)            -nan(ind)
xt3.n2991553                              -nan(ind)            -nan(ind)
xt3.n4817896                              -nan(ind)            -nan(ind)
xt3.n2991581                              -nan(ind)            -nan(ind)
xt3.n2992397                              -nan(ind)            -nan(ind)
xt3.n2992375                              -nan(ind)            -nan(ind)
xt3.n2992413                              -nan(ind)            -nan(ind)
xt3.n2991741                              -nan(ind)            -nan(ind)
xt3.n2991765                              -nan(ind)            -nan(ind)
xt3.n2991811                              -nan(ind)            -nan(ind)
xt3.n2991831                              -nan(ind)            -nan(ind)
xt3.n2991907                              -nan(ind)            -nan(ind)
xt3.n2991925                              -nan(ind)            -nan(ind)
xt3.n2991969                              -nan(ind)            -nan(ind)
xt3.n2992033                              -nan(ind)            -nan(ind)
xt3.n2992029                              -nan(ind)            -nan(ind)
xt3.n2992093                              -nan(ind)            -nan(ind)
xt3.n2992099                              -nan(ind)            -nan(ind)
xt3.sw_ol_opa4388                         -nan(ind)            -nan(ind)
xt3.vimon                                 -nan(ind)            -nan(ind)
xt3.vout_s                                -nan(ind)            -nan(ind)
xt3.n2991657                              -nan(ind)            -nan(ind)
xt3.clamp                                 -nan(ind)            -nan(ind)
xt3.vclp                                  -nan(ind)            -nan(ind)
xt3.n4031911                              -nan(ind)            -nan(ind)
xt3.n3827259                              -nan(ind)            -nan(ind)
xt3.n3828449                              -nan(ind)            -nan(ind)
xt3.n3850714                              -nan(ind)            -nan(ind)
xt3.n3850724                              -nan(ind)            -nan(ind)
xt3.n4243633                              -nan(ind)            -nan(ind)
xt3.n2991579                              -nan(ind)            -nan(ind)
xt3.esdp                                  -nan(ind)            -nan(ind)
xt3.esdn                                  -nan(ind)            -nan(ind)
xt3.n2992163                              -nan(ind)            -nan(ind)
tdrv3                                     -nan(ind)            -nan(ind)
xt3.n3294618                              -nan(ind)            -nan(ind)
xt3.cl_clamp                              -nan(ind)            -nan(ind)
xt3.claw_clamp                            -nan(ind)            -nan(ind)
xt3.n3201092                              -nan(ind)            -nan(ind)
xt3.vcc_b                                 -nan(ind)            -nan(ind)
xt3.vee_b                                 -nan(ind)            -nan(ind)
xt3.n2991563                              -nan(ind)            -nan(ind)
xt3.n2991555                              -nan(ind)            -nan(ind)
xt3.vcc_clp                               -nan(ind)            -nan(ind)
xt3.vee_clp                               -nan(ind)            -nan(ind)
xt3.n2992299                              -nan(ind)            -nan(ind)
xt3.n2992295                              -nan(ind)            -nan(ind)
xt3.n2992323                              -nan(ind)            -nan(ind)
xt3.n2992331                              -nan(ind)            -nan(ind)
xt3.n2992235                              -nan(ind)            -nan(ind)
xt3.vsense                                -nan(ind)            -nan(ind)
xt3.n2991587                              -nan(ind)            -nan(ind)
xt3.n2991583                              -nan(ind)            -nan(ind)
xt3.n4747399                              -nan(ind)            -nan(ind)
xt3.n4745674                              -nan(ind)            -nan(ind)
xt3.n4796554                              -nan(ind)            -nan(ind)
xt3.n4749239                              -nan(ind)            -nan(ind)
xt3.n4796572                              -nan(ind)            -nan(ind)
xt3.n4798545                              -nan(ind)            -nan(ind)
xt3.n4800105                              -nan(ind)            -nan(ind)
xt3.n2991573                              -nan(ind)            -nan(ind)
xt3.n2991619                              -nan(ind)            -nan(ind)
xt3.n2991623                              -nan(ind)            -nan(ind)
xt3.n2991635                              -nan(ind)            -nan(ind)
xt3.n2991643                              -nan(ind)            -nan(ind)
xt3.n2991667                              -nan(ind)            -nan(ind)
xt3.n3294682                              -nan(ind)            -nan(ind)
xt3.n2991729                              -nan(ind)            -nan(ind)
xt3.n2991763                              -nan(ind)            -nan(ind)
xt3.n2991807                              -nan(ind)            -nan(ind)
xt3.n2991809                              -nan(ind)            -nan(ind)
xt3.n2991837                              -nan(ind)            -nan(ind)
xt3.n2991849                              -nan(ind)            -nan(ind)
xt3.n2991901                              -nan(ind)            -nan(ind)
xt3.n2991905                              -nan(ind)            -nan(ind)
xt3.n2991931                              -nan(ind)            -nan(ind)
xt3.n2991943                              -nan(ind)            -nan(ind)
xt3.n2991997                              -nan(ind)            -nan(ind)
xt3.n2992001                              -nan(ind)            -nan(ind)
xt3.v11                                   -nan(ind)            -nan(ind)
xt3.v12                                   -nan(ind)            -nan(ind)
xt3.n2992105                              -nan(ind)            -nan(ind)
minus3                                    -nan(ind)            -nan(ind)
xt3.n2992151                              -nan(ind)            -nan(ind)
xt3.n2992287                              -nan(ind)            -nan(ind)
xt3.n2992267                              -nan(ind)            -nan(ind)
xt3.x_u10.gvo+_int1                       -nan(ind)            -nan(ind)
xt3.x_u10.gvo-_int1                       -nan(ind)            -nan(ind)
xt3.x_u11.gvo+_int1                       -nan(ind)            -nan(ind)
xt3.x_u11.gvo-_int1                       -nan(ind)            -nan(ind)
xt3.x_u12.gvo+_int1                       -nan(ind)            -nan(ind)
xt3.x_u12.gvo-_int1                       -nan(ind)            -nan(ind)
xt3.x_u16.gsw+_int1                       -nan(ind)            -nan(ind)
xt3.x_u18.g1_int1                         -nan(ind)            -nan(ind)
xt3.x_u18.g1_int2                         -nan(ind)            -nan(ind)
xt3.x_u19.g1_int1                         -nan(ind)            -nan(ind)
xt3.x_u19.g1_int2                         -nan(ind)            -nan(ind)
xt3.x_u22.g1_int1                         -nan(ind)            -nan(ind)
xt3.x_u23.g1_int1                         -nan(ind)            -nan(ind)
xt3.x_u26.g1_int1                         -nan(ind)            -nan(ind)
xt3.x_u27.g1_int1                         -nan(ind)            -nan(ind)
xt3.x_u30.g1_int1                         -nan(ind)            -nan(ind)
xt3.x_u31.g1_int1                         -nan(ind)            -nan(ind)
xt3.x_u32.g1_int1                         -nan(ind)            -nan(ind)
xt3.x_u35.g1_int1                         -nan(ind)            -nan(ind)
xt3.x_u38.3                                       0                    0
xt3.x_u38.5                                       0                    0
xt3.x_u39.3                                       0                    0
xt3.x_u39.5                                       0                    0
xt3.x_u4.e1_int1                          -4.67e-06            -4.67e-06
xt3.x_u40.5                                       0                    0
xt3.x_u6.g1_int1                          -nan(ind)            -nan(ind)
col3                                      -nan(ind)            -nan(ind)
tap3                                      -nan(ind)            -nan(ind)
ain3                                      -nan(ind)            -nan(ind)
b.xt3.x_u6.bg1#branch                     -nan(ind)            -nan(ind)
b.xt3.x_u4.be1#branch                             0                    0
b.xt3.x_u35.bg1#branch                    -nan(ind)            -nan(ind)
b.xt3.x_u32.bg1#branch                    -nan(ind)            -nan(ind)
b.xt3.x_u31.bg1#branch                    -nan(ind)            -nan(ind)
b.xt3.x_u30.bg1#branch                    -nan(ind)            -nan(ind)
b.xt3.x_u27.bg1#branch                    -nan(ind)            -nan(ind)
b.xt3.x_u26.bg1#branch                    -nan(ind)            -nan(ind)
b.xt3.x_u23.bg1#branch                    -nan(ind)            -nan(ind)
b.xt3.x_u22.bg1#branch                    -nan(ind)            -nan(ind)
b.xt3.x_u19.bg1#branch                    -nan(ind)            -nan(ind)
b.xt3.x_u18.bg1#branch                    -nan(ind)            -nan(ind)
b.xt3.x_u16.bgsw+#branch                  -nan(ind)            -nan(ind)
b.xt3.x_u12.bgvo-#branch                  -nan(ind)            -nan(ind)
b.xt3.x_u12.bgvo+#branch                  -nan(ind)            -nan(ind)
b.xt3.x_u11.bgvo-#branch                  -nan(ind)            -nan(ind)
b.xt3.x_u11.bgvo+#branch                  -nan(ind)            -nan(ind)
b.xt3.x_u10.bgvo-#branch                  -nan(ind)            -nan(ind)
b.xt3.x_u10.bgvo+#branch                  -nan(ind)            -nan(ind)
b.xt2.x_u6.bg1#branch                     -nan(ind)            -nan(ind)
b.xt2.x_u4.be1#branch                             0                    0
b.xt2.x_u35.bg1#branch                    -nan(ind)            -nan(ind)
b.xt2.x_u32.bg1#branch                    -nan(ind)            -nan(ind)
b.xt2.x_u31.bg1#branch                    -nan(ind)            -nan(ind)
b.xt2.x_u30.bg1#branch                    -nan(ind)            -nan(ind)
b.xt2.x_u27.bg1#branch                    -nan(ind)            -nan(ind)
b.xt2.x_u26.bg1#branch                    -nan(ind)            -nan(ind)
b.xt2.x_u23.bg1#branch                    -nan(ind)            -nan(ind)
b.xt2.x_u22.bg1#branch                    -nan(ind)            -nan(ind)
b.xt2.x_u19.bg1#branch                    -nan(ind)            -nan(ind)
b.xt2.x_u18.bg1#branch                    -nan(ind)            -nan(ind)
b.xt2.x_u16.bgsw+#branch                  -nan(ind)            -nan(ind)
b.xt2.x_u12.bgvo-#branch                  -nan(ind)            -nan(ind)
b.xt2.x_u12.bgvo+#branch                  -nan(ind)            -nan(ind)
b.xt2.x_u11.bgvo-#branch                  -nan(ind)            -nan(ind)
b.xt2.x_u11.bgvo+#branch                  -nan(ind)            -nan(ind)
b.xt2.x_u10.bgvo-#branch                  -nan(ind)            -nan(ind)
b.xt2.x_u10.bgvo+#branch                  -nan(ind)            -nan(ind)
b.xt1.x_u6.bg1#branch                     -nan(ind)            -nan(ind)
b.xt1.x_u4.be1#branch                             0                    0
b.xt1.x_u35.bg1#branch                    -nan(ind)            -nan(ind)
b.xt1.x_u32.bg1#branch                    -nan(ind)            -nan(ind)
b.xt1.x_u31.bg1#branch                    -nan(ind)            -nan(ind)
b.xt1.x_u30.bg1#branch                    -nan(ind)            -nan(ind)
b.xt1.x_u27.bg1#branch                    -nan(ind)            -nan(ind)
b.xt1.x_u26.bg1#branch                    -nan(ind)            -nan(ind)
b.xt1.x_u23.bg1#branch                    -nan(ind)            -nan(ind)
b.xt1.x_u22.bg1#branch                    -nan(ind)            -nan(ind)
b.xt1.x_u19.bg1#branch                    -nan(ind)            -nan(ind)
b.xt1.x_u18.bg1#branch                    -nan(ind)            -nan(ind)
b.xt1.x_u16.bgsw+#branch                  -nan(ind)            -nan(ind)
b.xt1.x_u12.bgvo-#branch                  -nan(ind)            -nan(ind)
b.xt1.x_u12.bgvo+#branch                  -nan(ind)            -nan(ind)
b.xt1.x_u11.bgvo-#branch                  -nan(ind)            -nan(ind)
b.xt1.x_u11.bgvo+#branch                  -nan(ind)            -nan(ind)
b.xt1.x_u10.bgvo-#branch                  -nan(ind)            -nan(ind)
b.xt1.x_u10.bgvo+#branch                  -nan(ind)            -nan(ind)
b.xt0.x_u6.bg1#branch                     -nan(ind)            -nan(ind)
b.xt0.x_u4.be1#branch                             0                    0
b.xt0.x_u35.bg1#branch                    -nan(ind)            -nan(ind)
b.xt0.x_u32.bg1#branch                    -nan(ind)            -nan(ind)
b.xt0.x_u31.bg1#branch                    -nan(ind)            -nan(ind)
b.xt0.x_u30.bg1#branch                    -nan(ind)            -nan(ind)
b.xt0.x_u27.bg1#branch                    -nan(ind)            -nan(ind)
b.xt0.x_u26.bg1#branch                    -nan(ind)            -nan(ind)
b.xt0.x_u23.bg1#branch                    -nan(ind)            -nan(ind)
b.xt0.x_u22.bg1#branch                    -nan(ind)            -nan(ind)
b.xt0.x_u19.bg1#branch                    -nan(ind)            -nan(ind)
b.xt0.x_u18.bg1#branch                    -nan(ind)            -nan(ind)
b.xt0.x_u16.bgsw+#branch                  -nan(ind)            -nan(ind)
b.xt0.x_u12.bgvo-#branch                  -nan(ind)            -nan(ind)
b.xt0.x_u12.bgvo+#branch                  -nan(ind)            -nan(ind)
b.xt0.x_u11.bgvo-#branch                  -nan(ind)            -nan(ind)
b.xt0.x_u11.bgvo+#branch                  -nan(ind)            -nan(ind)
b.xt0.x_u10.bgvo-#branch                  -nan(ind)            -nan(ind)
b.xt0.x_u10.bgvo+#branch                  -nan(ind)            -nan(ind)
b.xr3.x_u6.bg1#branch                     -nan(ind)            -nan(ind)
b.xr3.x_u4.be1#branch                             0                    0
b.xr3.x_u35.bg1#branch                    -nan(ind)            -nan(ind)
b.xr3.x_u32.bg1#branch                    -nan(ind)            -nan(ind)
b.xr3.x_u31.bg1#branch                    -nan(ind)            -nan(ind)
b.xr3.x_u30.bg1#branch                    -nan(ind)            -nan(ind)
b.xr3.x_u27.bg1#branch                    -nan(ind)            -nan(ind)
b.xr3.x_u26.bg1#branch                    -nan(ind)            -nan(ind)
b.xr3.x_u23.bg1#branch                    -nan(ind)            -nan(ind)
b.xr3.x_u22.bg1#branch                    -nan(ind)            -nan(ind)
b.xr3.x_u19.bg1#branch                    -nan(ind)            -nan(ind)
b.xr3.x_u18.bg1#branch                    -nan(ind)            -nan(ind)
b.xr3.x_u16.bgsw+#branch                  -nan(ind)            -nan(ind)
b.xr3.x_u12.bgvo-#branch                  -nan(ind)            -nan(ind)
b.xr3.x_u12.bgvo+#branch                  -nan(ind)            -nan(ind)
b.xr3.x_u11.bgvo-#branch                  -nan(ind)            -nan(ind)
b.xr3.x_u11.bgvo+#branch                  -nan(ind)            -nan(ind)
b.xr3.x_u10.bgvo-#branch                  -nan(ind)            -nan(ind)
b.xr3.x_u10.bgvo+#branch                  -nan(ind)            -nan(ind)
bns3#branch                                       0                    0
b.xr2.x_u6.bg1#branch                     -nan(ind)            -nan(ind)
b.xr2.x_u4.be1#branch                             0                    0
b.xr2.x_u35.bg1#branch                    -nan(ind)            -nan(ind)
b.xr2.x_u32.bg1#branch                    -nan(ind)            -nan(ind)
b.xr2.x_u31.bg1#branch                    -nan(ind)            -nan(ind)
b.xr2.x_u30.bg1#branch                    -nan(ind)            -nan(ind)
b.xr2.x_u27.bg1#branch                    -nan(ind)            -nan(ind)
b.xr2.x_u26.bg1#branch                    -nan(ind)            -nan(ind)
b.xr2.x_u23.bg1#branch                    -nan(ind)            -nan(ind)
b.xr2.x_u22.bg1#branch                    -nan(ind)            -nan(ind)
b.xr2.x_u19.bg1#branch                    -nan(ind)            -nan(ind)
b.xr2.x_u18.bg1#branch                    -nan(ind)            -nan(ind)
b.xr2.x_u16.bgsw+#branch                  -nan(ind)            -nan(ind)
b.xr2.x_u12.bgvo-#branch                  -nan(ind)            -nan(ind)
b.xr2.x_u12.bgvo+#branch                  -nan(ind)            -nan(ind)
b.xr2.x_u11.bgvo-#branch                  -nan(ind)            -nan(ind)
b.xr2.x_u11.bgvo+#branch                  -nan(ind)            -nan(ind)
b.xr2.x_u10.bgvo-#branch                  -nan(ind)            -nan(ind)
b.xr2.x_u10.bgvo+#branch                  -nan(ind)            -nan(ind)
bns2#branch                                       0                    0
b.xr1.x_u6.bg1#branch                     -nan(ind)            -nan(ind)
b.xr1.x_u4.be1#branch                             0                    0
b.xr1.x_u35.bg1#branch                    -nan(ind)            -nan(ind)
b.xr1.x_u32.bg1#branch                    -nan(ind)            -nan(ind)
b.xr1.x_u31.bg1#branch                    -nan(ind)            -nan(ind)
b.xr1.x_u30.bg1#branch                    -nan(ind)            -nan(ind)
b.xr1.x_u27.bg1#branch                    -nan(ind)            -nan(ind)
b.xr1.x_u26.bg1#branch                    -nan(ind)            -nan(ind)
b.xr1.x_u23.bg1#branch                    -nan(ind)            -nan(ind)
b.xr1.x_u22.bg1#branch                    -nan(ind)            -nan(ind)
b.xr1.x_u19.bg1#branch                    -nan(ind)            -nan(ind)
b.xr1.x_u18.bg1#branch                    -nan(ind)            -nan(ind)
b.xr1.x_u16.bgsw+#branch                  -nan(ind)            -nan(ind)
b.xr1.x_u12.bgvo-#branch                  -nan(ind)            -nan(ind)
b.xr1.x_u12.bgvo+#branch                  -nan(ind)            -nan(ind)
b.xr1.x_u11.bgvo-#branch                  -nan(ind)            -nan(ind)
b.xr1.x_u11.bgvo+#branch                  -nan(ind)            -nan(ind)
b.xr1.x_u10.bgvo-#branch                  -nan(ind)            -nan(ind)
b.xr1.x_u10.bgvo+#branch                  -nan(ind)            -nan(ind)
bns1#branch                                       0                    0
b.xr0.x_u6.bg1#branch                     -nan(ind)            -nan(ind)
b.xr0.x_u4.be1#branch                             0                    0
b.xr0.x_u35.bg1#branch                    -nan(ind)            -nan(ind)
b.xr0.x_u32.bg1#branch                    -nan(ind)            -nan(ind)
b.xr0.x_u31.bg1#branch                    -nan(ind)            -nan(ind)
b.xr0.x_u30.bg1#branch                    -nan(ind)            -nan(ind)
b.xr0.x_u27.bg1#branch                    -nan(ind)            -nan(ind)
b.xr0.x_u26.bg1#branch                    -nan(ind)            -nan(ind)
b.xr0.x_u23.bg1#branch                    -nan(ind)            -nan(ind)
b.xr0.x_u22.bg1#branch                    -nan(ind)            -nan(ind)
b.xr0.x_u19.bg1#branch                    -nan(ind)            -nan(ind)
b.xr0.x_u18.bg1#branch                    -nan(ind)            -nan(ind)
b.xr0.x_u16.bgsw+#branch                  -nan(ind)            -nan(ind)
b.xr0.x_u12.bgvo-#branch                  -nan(ind)            -nan(ind)
b.xr0.x_u12.bgvo+#branch                  -nan(ind)            -nan(ind)
b.xr0.x_u11.bgvo-#branch                  -nan(ind)            -nan(ind)
b.xr0.x_u11.bgvo+#branch                  -nan(ind)            -nan(ind)
b.xr0.x_u10.bgvo-#branch                  -nan(ind)            -nan(ind)
b.xr0.x_u10.bgvo+#branch                  -nan(ind)            -nan(ind)
bns0#branch                                       0                    0
b.xex.x_u6.bg1#branch                     -nan(ind)            -nan(ind)
b.xex.x_u4.be1#branch                             0                    0
b.xex.x_u35.bg1#branch                    -nan(ind)            -nan(ind)
b.xex.x_u32.bg1#branch                    -nan(ind)            -nan(ind)
b.xex.x_u31.bg1#branch                    -nan(ind)            -nan(ind)
b.xex.x_u30.bg1#branch                    -nan(ind)            -nan(ind)
b.xex.x_u27.bg1#branch                    -nan(ind)            -nan(ind)
b.xex.x_u26.bg1#branch                    -nan(ind)            -nan(ind)
b.xex.x_u23.bg1#branch                    -nan(ind)            -nan(ind)
b.xex.x_u22.bg1#branch                    -nan(ind)            -nan(ind)
b.xex.x_u19.bg1#branch                    -nan(ind)            -nan(ind)
b.xex.x_u18.bg1#branch                    -nan(ind)            -nan(ind)
b.xex.x_u16.bgsw+#branch                  -nan(ind)            -nan(ind)
b.xex.x_u12.bgvo-#branch                  -nan(ind)            -nan(ind)
b.xex.x_u12.bgvo+#branch                  -nan(ind)            -nan(ind)
b.xex.x_u11.bgvo-#branch                  -nan(ind)            -nan(ind)
b.xex.x_u11.bgvo+#branch                  -nan(ind)            -nan(ind)
b.xex.x_u10.bgvo-#branch                  -nan(ind)            -nan(ind)
b.xex.x_u10.bgvo+#branch                  -nan(ind)            -nan(ind)
b.xcm.x_u6.bg1#branch                     -nan(ind)            -nan(ind)
b.xcm.x_u4.be1#branch                             0                    0
b.xcm.x_u35.bg1#branch                    -nan(ind)            -nan(ind)
b.xcm.x_u32.bg1#branch                    -nan(ind)            -nan(ind)
b.xcm.x_u31.bg1#branch                    -nan(ind)            -nan(ind)
b.xcm.x_u30.bg1#branch                    -nan(ind)            -nan(ind)
b.xcm.x_u27.bg1#branch                    -nan(ind)            -nan(ind)
b.xcm.x_u26.bg1#branch                    -nan(ind)            -nan(ind)
b.xcm.x_u23.bg1#branch                    -nan(ind)            -nan(ind)
b.xcm.x_u22.bg1#branch                    -nan(ind)            -nan(ind)
b.xcm.x_u19.bg1#branch                    -nan(ind)            -nan(ind)
b.xcm.x_u18.bg1#branch                    -nan(ind)            -nan(ind)
b.xcm.x_u16.bgsw+#branch                  -nan(ind)            -nan(ind)
b.xcm.x_u12.bgvo-#branch                  -nan(ind)            -nan(ind)
b.xcm.x_u12.bgvo+#branch                  -nan(ind)            -nan(ind)
b.xcm.x_u11.bgvo-#branch                  -nan(ind)            -nan(ind)
b.xcm.x_u11.bgvo+#branch                  -nan(ind)            -nan(ind)
b.xcm.x_u10.bgvo-#branch                  -nan(ind)            -nan(ind)
b.xcm.x_u10.bgvo+#branch                  -nan(ind)            -nan(ind)
h.xt3.x_h3.h_h3#branch                    -nan(ind)            -nan(ind)
v.xt3.x_h3.vh_h3#branch                   -nan(ind)            -nan(ind)
h.xt3.x_h2.h_h2#branch                    -nan(ind)            -nan(ind)
v.xt3.x_h2.vh_h2#branch                   -nan(ind)            -nan(ind)
h.xt3.x_h1.h_h1#branch                    -nan(ind)            -nan(ind)
v.xt3.x_h1.vh_h1#branch                   -nan(ind)            -nan(ind)
h.xt2.x_h3.h_h3#branch                    -nan(ind)            -nan(ind)
v.xt2.x_h3.vh_h3#branch                   -nan(ind)            -nan(ind)
h.xt2.x_h2.h_h2#branch                    -nan(ind)            -nan(ind)
v.xt2.x_h2.vh_h2#branch                   -nan(ind)            -nan(ind)
h.xt2.x_h1.h_h1#branch                    -nan(ind)            -nan(ind)
v.xt2.x_h1.vh_h1#branch                   -nan(ind)            -nan(ind)
h.xt1.x_h3.h_h3#branch                    -nan(ind)            -nan(ind)
v.xt1.x_h3.vh_h3#branch                   -nan(ind)            -nan(ind)
h.xt1.x_h2.h_h2#branch                    -nan(ind)            -nan(ind)
v.xt1.x_h2.vh_h2#branch                   -nan(ind)            -nan(ind)
h.xt1.x_h1.h_h1#branch                    -nan(ind)            -nan(ind)
v.xt1.x_h1.vh_h1#branch                   -nan(ind)            -nan(ind)
h.xt0.x_h3.h_h3#branch                    -nan(ind)            -nan(ind)
v.xt0.x_h3.vh_h3#branch                   -nan(ind)            -nan(ind)
h.xt0.x_h2.h_h2#branch                    -nan(ind)            -nan(ind)
v.xt0.x_h2.vh_h2#branch                   -nan(ind)            -nan(ind)
h.xt0.x_h1.h_h1#branch                    -nan(ind)            -nan(ind)
v.xt0.x_h1.vh_h1#branch                   -nan(ind)            -nan(ind)
h.xr3.x_h3.h_h3#branch                    -nan(ind)            -nan(ind)
v.xr3.x_h3.vh_h3#branch                   -nan(ind)            -nan(ind)
h.xr3.x_h2.h_h2#branch                    -nan(ind)            -nan(ind)
v.xr3.x_h2.vh_h2#branch                   -nan(ind)            -nan(ind)
h.xr3.x_h1.h_h1#branch                    -nan(ind)            -nan(ind)
v.xr3.x_h1.vh_h1#branch                   -nan(ind)            -nan(ind)
h.xr2.x_h3.h_h3#branch                    -nan(ind)            -nan(ind)
v.xr2.x_h3.vh_h3#branch                   -nan(ind)            -nan(ind)
h.xr2.x_h2.h_h2#branch                    -nan(ind)            -nan(ind)
v.xr2.x_h2.vh_h2#branch                   -nan(ind)            -nan(ind)
h.xr2.x_h1.h_h1#branch                    -nan(ind)            -nan(ind)
v.xr2.x_h1.vh_h1#branch                   -nan(ind)            -nan(ind)
h.xr1.x_h3.h_h3#branch                    -nan(ind)            -nan(ind)
v.xr1.x_h3.vh_h3#branch                   -nan(ind)            -nan(ind)
h.xr1.x_h2.h_h2#branch                    -nan(ind)            -nan(ind)
v.xr1.x_h2.vh_h2#branch                   -nan(ind)            -nan(ind)
h.xr1.x_h1.h_h1#branch                    -nan(ind)            -nan(ind)
v.xr1.x_h1.vh_h1#branch                   -nan(ind)            -nan(ind)
h.xr0.x_h3.h_h3#branch                    -nan(ind)            -nan(ind)
v.xr0.x_h3.vh_h3#branch                   -nan(ind)            -nan(ind)
h.xr0.x_h2.h_h2#branch                    -nan(ind)            -nan(ind)
v.xr0.x_h2.vh_h2#branch                   -nan(ind)            -nan(ind)
h.xr0.x_h1.h_h1#branch                    -nan(ind)            -nan(ind)
v.xr0.x_h1.vh_h1#branch                   -nan(ind)            -nan(ind)
h.xex.x_h3.h_h3#branch                    -nan(ind)            -nan(ind)
v.xex.x_h3.vh_h3#branch                   -nan(ind)            -nan(ind)
h.xex.x_h2.h_h2#branch                    -nan(ind)            -nan(ind)
v.xex.x_h2.vh_h2#branch                   -nan(ind)            -nan(ind)
h.xex.x_h1.h_h1#branch                    -nan(ind)            -nan(ind)
v.xex.x_h1.vh_h1#branch                   -nan(ind)            -nan(ind)
h.xcm.x_h3.h_h3#branch                    -nan(ind)            -nan(ind)
v.xcm.x_h3.vh_h3#branch                   -nan(ind)            -nan(ind)
h.xcm.x_h2.h_h2#branch                    -nan(ind)            -nan(ind)
v.xcm.x_h2.vh_h2#branch                   -nan(ind)            -nan(ind)
h.xcm.x_h1.h_h1#branch                    -nan(ind)            -nan(ind)
v.xcm.x_h1.vh_h1#branch                   -nan(ind)            -nan(ind)
e.xt3.x_u40.e3#branch                     -nan(ind)            -nan(ind)
e.xt3.x_u4.e1#branch                      -nan(ind)            -nan(ind)
e.xt3.x_u39.e1#branch                             0                    0
e.xt3.x_u38.e1#branch                             0                    0
e.xt3.e_e4#branch                         -nan(ind)            -nan(ind)
e.xt3.e_e3#branch                         -nan(ind)            -nan(ind)
e.xt3.e_e1#branch                         -nan(ind)            -nan(ind)
e.xt2.x_u40.e3#branch                     -nan(ind)            -nan(ind)
e.xt2.x_u4.e1#branch                      -nan(ind)            -nan(ind)
e.xt2.x_u39.e1#branch                             0                    0
e.xt2.x_u38.e1#branch                             0                    0
e.xt2.e_e4#branch                         -nan(ind)            -nan(ind)
e.xt2.e_e3#branch                         -nan(ind)            -nan(ind)
e.xt2.e_e1#branch                         -nan(ind)            -nan(ind)
e.xt1.x_u40.e3#branch                     -nan(ind)            -nan(ind)
e.xt1.x_u4.e1#branch                      -nan(ind)            -nan(ind)
e.xt1.x_u39.e1#branch                             0                    0
e.xt1.x_u38.e1#branch                             0                    0
e.xt1.e_e4#branch                         -nan(ind)            -nan(ind)
e.xt1.e_e3#branch                         -nan(ind)            -nan(ind)
e.xt1.e_e1#branch                         -nan(ind)            -nan(ind)
e.xt0.x_u40.e3#branch                     -nan(ind)            -nan(ind)
e.xt0.x_u4.e1#branch                      -nan(ind)            -nan(ind)
e.xt0.x_u39.e1#branch                             0                    0
e.xt0.x_u38.e1#branch                             0                    0
e.xt0.e_e4#branch                         -nan(ind)            -nan(ind)
e.xt0.e_e3#branch                         -nan(ind)            -nan(ind)
e.xt0.e_e1#branch                         -nan(ind)            -nan(ind)
e.xr3.x_u40.e3#branch                     -nan(ind)            -nan(ind)
e.xr3.x_u4.e1#branch                      -nan(ind)            -nan(ind)
e.xr3.x_u39.e1#branch                             0                    0
e.xr3.x_u38.e1#branch                             0                    0
e.xr3.e_e4#branch                         -nan(ind)            -nan(ind)
e.xr3.e_e3#branch                         -nan(ind)            -nan(ind)
e.xr3.e_e1#branch                         -nan(ind)            -nan(ind)
e.xr2.x_u40.e3#branch                     -nan(ind)            -nan(ind)
e.xr2.x_u4.e1#branch                      -nan(ind)            -nan(ind)
e.xr2.x_u39.e1#branch                             0                    0
e.xr2.x_u38.e1#branch                             0                    0
e.xr2.e_e4#branch                         -nan(ind)            -nan(ind)
e.xr2.e_e3#branch                         -nan(ind)            -nan(ind)
e.xr2.e_e1#branch                         -nan(ind)            -nan(ind)
e.xr1.x_u40.e3#branch                     -nan(ind)            -nan(ind)
e.xr1.x_u4.e1#branch                      -nan(ind)            -nan(ind)
e.xr1.x_u39.e1#branch                             0                    0
e.xr1.x_u38.e1#branch                             0                    0
e.xr1.e_e4#branch                         -nan(ind)            -nan(ind)
e.xr1.e_e3#branch                         -nan(ind)            -nan(ind)
e.xr1.e_e1#branch                         -nan(ind)            -nan(ind)
e.xr0.x_u40.e3#branch                     -nan(ind)            -nan(ind)
e.xr0.x_u4.e1#branch                      -nan(ind)            -nan(ind)
e.xr0.x_u39.e1#branch                             0                    0
e.xr0.x_u38.e1#branch                             0                    0
e.xr0.e_e4#branch                         -nan(ind)            -nan(ind)
e.xr0.e_e3#branch                         -nan(ind)            -nan(ind)
e.xr0.e_e1#branch                         -nan(ind)            -nan(ind)
e.xex.x_u40.e3#branch                     -nan(ind)            -nan(ind)
e.xex.x_u4.e1#branch                      -nan(ind)            -nan(ind)
e.xex.x_u39.e1#branch                             0                    0
e.xex.x_u38.e1#branch                             0                    0
e.xex.e_e4#branch                         -nan(ind)            -nan(ind)
e.xex.e_e3#branch                         -nan(ind)            -nan(ind)
e.xex.e_e1#branch                         -nan(ind)            -nan(ind)
e.xcm.x_u40.e3#branch                     -nan(ind)            -nan(ind)
e.xcm.x_u4.e1#branch                      -nan(ind)            -nan(ind)
e.xcm.x_u39.e1#branch                             0                    0
e.xcm.x_u38.e1#branch                             0                    0
e.xcm.e_e4#branch                         -nan(ind)            -nan(ind)
e.xcm.e_e3#branch                         -nan(ind)            -nan(ind)
e.xcm.e_e1#branch                         -nan(ind)            -nan(ind)
vt6#branch                                -nan(ind)            -nan(ind)
v.xt3.v_v_orp#branch                      -nan(ind)            -nan(ind)
v.xt3.v_v_orn#branch                      -nan(ind)            -nan(ind)
v.xt3.v_v_iscp#branch                     -nan(ind)            -nan(ind)
v.xt3.v_v_iscn#branch                     -nan(ind)            -nan(ind)
v.xt3.v_v_grp#branch                      -nan(ind)            -nan(ind)
v.xt3.v_v_grn#branch                      -nan(ind)            -nan(ind)
v.xt3.v_vcm_min#branch                    -nan(ind)            -nan(ind)
v.xt3.v_vcm_max#branch                    -nan(ind)            -nan(ind)
v.xt2.v_v_orp#branch                      -nan(ind)            -nan(ind)
v.xt2.v_v_orn#branch                      -nan(ind)            -nan(ind)
v.xt2.v_v_iscp#branch                     -nan(ind)            -nan(ind)
v.xt2.v_v_iscn#branch                     -nan(ind)            -nan(ind)
v.xt2.v_v_grp#branch                      -nan(ind)            -nan(ind)
v.xt2.v_v_grn#branch                      -nan(ind)            -nan(ind)
v.xt2.v_vcm_min#branch                    -nan(ind)            -nan(ind)
v.xt2.v_vcm_max#branch                    -nan(ind)            -nan(ind)
v.xt1.v_v_orp#branch                      -nan(ind)            -nan(ind)
v.xt1.v_v_orn#branch                      -nan(ind)            -nan(ind)
v.xt1.v_v_iscp#branch                     -nan(ind)            -nan(ind)
v.xt1.v_v_iscn#branch                     -nan(ind)            -nan(ind)
v.xt1.v_v_grp#branch                      -nan(ind)            -nan(ind)
v.xt1.v_v_grn#branch                      -nan(ind)            -nan(ind)
v.xt1.v_vcm_min#branch                    -nan(ind)            -nan(ind)
v.xt1.v_vcm_max#branch                    -nan(ind)            -nan(ind)
v.xt0.v_v_orp#branch                      -nan(ind)            -nan(ind)
v.xt0.v_v_orn#branch                      -nan(ind)            -nan(ind)
v.xt0.v_v_iscp#branch                     -nan(ind)            -nan(ind)
v.xt0.v_v_iscn#branch                     -nan(ind)            -nan(ind)
v.xt0.v_v_grp#branch                      -nan(ind)            -nan(ind)
v.xt0.v_v_grn#branch                      -nan(ind)            -nan(ind)
v.xt0.v_vcm_min#branch                    -nan(ind)            -nan(ind)
v.xt0.v_vcm_max#branch                    -nan(ind)            -nan(ind)
v.xr3.v_v_orp#branch                      -nan(ind)            -nan(ind)
v.xr3.v_v_orn#branch                      -nan(ind)            -nan(ind)
v.xr3.v_v_iscp#branch                     -nan(ind)            -nan(ind)
v.xr3.v_v_iscn#branch                     -nan(ind)            -nan(ind)
v.xr3.v_v_grp#branch                      -nan(ind)            -nan(ind)
v.xr3.v_v_grn#branch                      -nan(ind)            -nan(ind)
v.xr3.v_vcm_min#branch                    -nan(ind)            -nan(ind)
v.xr3.v_vcm_max#branch                    -nan(ind)            -nan(ind)
vsel3#branch                                      0                    0
v.xr2.v_v_orp#branch                      -nan(ind)            -nan(ind)
v.xr2.v_v_orn#branch                      -nan(ind)            -nan(ind)
v.xr2.v_v_iscp#branch                     -nan(ind)            -nan(ind)
v.xr2.v_v_iscn#branch                     -nan(ind)            -nan(ind)
v.xr2.v_v_grp#branch                      -nan(ind)            -nan(ind)
v.xr2.v_v_grn#branch                      -nan(ind)            -nan(ind)
v.xr2.v_vcm_min#branch                    -nan(ind)            -nan(ind)
v.xr2.v_vcm_max#branch                    -nan(ind)            -nan(ind)
vsel2#branch                                      0                    0
v.xr1.v_v_orp#branch                      -nan(ind)            -nan(ind)
v.xr1.v_v_orn#branch                      -nan(ind)            -nan(ind)
v.xr1.v_v_iscp#branch                     -nan(ind)            -nan(ind)
v.xr1.v_v_iscn#branch                     -nan(ind)            -nan(ind)
v.xr1.v_v_grp#branch                      -nan(ind)            -nan(ind)
v.xr1.v_v_grn#branch                      -nan(ind)            -nan(ind)
v.xr1.v_vcm_min#branch                    -nan(ind)            -nan(ind)
v.xr1.v_vcm_max#branch                    -nan(ind)            -nan(ind)
vsel1#branch                                      0                    0
v.xr0.v_v_orp#branch                      -nan(ind)            -nan(ind)
v.xr0.v_v_orn#branch                      -nan(ind)            -nan(ind)
v.xr0.v_v_iscp#branch                     -nan(ind)            -nan(ind)
v.xr0.v_v_iscn#branch                     -nan(ind)            -nan(ind)
v.xr0.v_v_grp#branch                      -nan(ind)            -nan(ind)
v.xr0.v_v_grn#branch                      -nan(ind)            -nan(ind)
v.xr0.v_vcm_min#branch                    -nan(ind)            -nan(ind)
v.xr0.v_vcm_max#branch                    -nan(ind)            -nan(ind)
vsel0#branch                                      0                    0
v.xex.v_v_orp#branch                      -nan(ind)            -nan(ind)
v.xex.v_v_orn#branch                      -nan(ind)            -nan(ind)
v.xex.v_v_iscp#branch                     -nan(ind)            -nan(ind)
v.xex.v_v_iscn#branch                     -nan(ind)            -nan(ind)
v.xex.v_v_grp#branch                      -nan(ind)            -nan(ind)
v.xex.v_v_grn#branch                      -nan(ind)            -nan(ind)
v.xex.v_vcm_min#branch                    -nan(ind)            -nan(ind)
v.xex.v_vcm_max#branch                    -nan(ind)            -nan(ind)
v.xcm.v_v_orp#branch                      -nan(ind)            -nan(ind)
v.xcm.v_v_orn#branch                      -nan(ind)            -nan(ind)
v.xcm.v_v_iscp#branch                     -nan(ind)            -nan(ind)
v.xcm.v_v_iscn#branch                     -nan(ind)            -nan(ind)
v.xcm.v_v_grp#branch                      -nan(ind)            -nan(ind)
v.xcm.v_v_grn#branch                      -nan(ind)            -nan(ind)
v.xcm.v_vcm_min#branch                    -nan(ind)            -nan(ind)
v.xcm.v_vcm_max#branch                    -nan(ind)            -nan(ind)
vref#branch                               -nan(ind)            -nan(ind)
v5#branch                                 -nan(ind)            -nan(ind)
a.xt3.x_u19.ag1#branch_1_0                -nan(ind)            -nan(ind)
a.xt3.x_u18.ag1#branch_1_0                -nan(ind)            -nan(ind)
a.xt2.x_u19.ag1#branch_1_0                -nan(ind)            -nan(ind)
a.xt2.x_u18.ag1#branch_1_0                -nan(ind)            -nan(ind)
a.xt1.x_u19.ag1#branch_1_0                -nan(ind)            -nan(ind)
a.xt1.x_u18.ag1#branch_1_0                -nan(ind)            -nan(ind)
a.xt0.x_u19.ag1#branch_1_0                -nan(ind)            -nan(ind)
a.xt0.x_u18.ag1#branch_1_0                -nan(ind)            -nan(ind)
a.xr3.x_u19.ag1#branch_1_0                -nan(ind)            -nan(ind)
a.xr3.x_u18.ag1#branch_1_0                -nan(ind)            -nan(ind)
a.xr2.x_u19.ag1#branch_1_0                -nan(ind)            -nan(ind)
a.xr2.x_u18.ag1#branch_1_0                -nan(ind)            -nan(ind)
a.xr1.x_u19.ag1#branch_1_0                -nan(ind)            -nan(ind)
a.xr1.x_u18.ag1#branch_1_0                -nan(ind)            -nan(ind)
a.xr0.x_u19.ag1#branch_1_0                -nan(ind)            -nan(ind)
a.xr0.x_u18.ag1#branch_1_0                -nan(ind)            -nan(ind)
a.xex.x_u19.ag1#branch_1_0                -nan(ind)            -nan(ind)
a.xex.x_u18.ag1#branch_1_0                -nan(ind)            -nan(ind)
a.xcm.x_u19.ag1#branch_1_0                -nan(ind)            -nan(ind)
a.xcm.x_u18.ag1#branch_1_0                -nan(ind)            -nan(ind)

Reducing trtol to 1 for xspice 'A' devices
Doing analysis at TEMP = 27.000000 and TNOM = 27.000000

Using SPARSE 1.3 as Direct Linear Solver

AC operating point failed -

Last Node Voltages
------------------

Node                                   Last Voltage        Previous Iter
----                                   ------------        -------------
v5                                                5                    5
ref                                             2.5                  2.5
vcm_cmd                                   -nan(ind)            -nan(ind)
xcm.n3294772                              -nan(ind)            -nan(ind)
xcm.n3294776                              -nan(ind)            -nan(ind)
xcm.n3294626                              -nan(ind)            -nan(ind)
xcm.n3294630                              -nan(ind)            -nan(ind)
xcm.mid                                   -nan(ind)            -nan(ind)
xcm.n47456861                             -nan(ind)            -nan(ind)
xcm.n4736080                              -nan(ind)            -nan(ind)
xcm.n3294524                              -nan(ind)            -nan(ind)
xcm.n47492651                             -nan(ind)            -nan(ind)
xcm.n47965841                             -nan(ind)            -nan(ind)
xcm.n4797748                              -nan(ind)            -nan(ind)
xcm.n4797760                              -nan(ind)            -nan(ind)
xcm.n48001371                             -nan(ind)            -nan(ind)
xcm.n4809008                              -nan(ind)            -nan(ind)
xcm.n2991553                              -nan(ind)            -nan(ind)
xcm.n4817896                              -nan(ind)            -nan(ind)
xcm.n2991581                              -nan(ind)            -nan(ind)
xcm.n2992397                              -nan(ind)            -nan(ind)
xcm.n2992375                              -nan(ind)            -nan(ind)
xcm.n2992413                              -nan(ind)            -nan(ind)
xcm.n2991741                              -nan(ind)            -nan(ind)
xcm.n2991765                              -nan(ind)            -nan(ind)
xcm.n2991811                              -nan(ind)            -nan(ind)
xcm.n2991831                              -nan(ind)            -nan(ind)
xcm.n2991907                              -nan(ind)            -nan(ind)
xcm.n2991925                              -nan(ind)            -nan(ind)
xcm.n2991969                              -nan(ind)            -nan(ind)
xcm.n2992033                              -nan(ind)            -nan(ind)
xcm.n2992029                              -nan(ind)            -nan(ind)
xcm.n2992093                              -nan(ind)            -nan(ind)
xcm.n2992099                              -nan(ind)            -nan(ind)
xcm.sw_ol_opax388                         -nan(ind)            -nan(ind)
xcm.vimon                                 -nan(ind)            -nan(ind)
xcm.vout_s                                -nan(ind)            -nan(ind)
xcm.n2991657                              -nan(ind)            -nan(ind)
xcm.clamp                                 -nan(ind)            -nan(ind)
xcm.vclp                                  -nan(ind)            -nan(ind)
xcm.n4031911                              -nan(ind)            -nan(ind)
xcm.n3827259                              -nan(ind)            -nan(ind)
xcm.n3828449                              -nan(ind)            -nan(ind)
xcm.n3850714                              -nan(ind)            -nan(ind)
xcm.n3850724                              -nan(ind)            -nan(ind)
xcm.n4243633                              -nan(ind)            -nan(ind)
xcm.n2991579                              -nan(ind)            -nan(ind)
xcm.esdp                                  -nan(ind)            -nan(ind)
xcm.esdn                                  -nan(ind)            -nan(ind)
xcm.n2992163                              -nan(ind)            -nan(ind)
cmdrv                                     -nan(ind)            -nan(ind)
xcm.n3294618                              -nan(ind)            -nan(ind)
xcm.cl_clamp                              -nan(ind)            -nan(ind)
xcm.claw_clamp                            -nan(ind)            -nan(ind)
xcm.n3201092                              -nan(ind)            -nan(ind)
xcm.vcc_b                                 -nan(ind)            -nan(ind)
xcm.vee_b                                 -nan(ind)            -nan(ind)
xcm.n2991563                              -nan(ind)            -nan(ind)
xcm.n2991555                              -nan(ind)            -nan(ind)
xcm.vcc_clp                               -nan(ind)            -nan(ind)
xcm.vee_clp                               -nan(ind)            -nan(ind)
xcm.n2992299                              -nan(ind)            -nan(ind)
xcm.n2992295                              -nan(ind)            -nan(ind)
xcm.n2992323                              -nan(ind)            -nan(ind)
xcm.n2992331                              -nan(ind)            -nan(ind)
xcm.n2992235                              -nan(ind)            -nan(ind)
xcm.vsense                                -nan(ind)            -nan(ind)
xcm.n2991587                              -nan(ind)            -nan(ind)
xcm.n2991583                              -nan(ind)            -nan(ind)
xcm.n4747399                              -nan(ind)            -nan(ind)
xcm.n4745674                              -nan(ind)            -nan(ind)
xcm.n4796554                              -nan(ind)            -nan(ind)
xcm.n4749239                              -nan(ind)            -nan(ind)
xcm.n4796572                              -nan(ind)            -nan(ind)
xcm.n4798545                              -nan(ind)            -nan(ind)
xcm.n4800105                              -nan(ind)            -nan(ind)
xcm.n2991573                              -nan(ind)            -nan(ind)
xcm.n2991619                              -nan(ind)            -nan(ind)
xcm.n2991623                              -nan(ind)            -nan(ind)
xcm.n2991635                              -nan(ind)            -nan(ind)
xcm.n2991643                              -nan(ind)            -nan(ind)
xcm.n2991667                              -nan(ind)            -nan(ind)
xcm.n3294682                              -nan(ind)            -nan(ind)
xcm.n2991729                              -nan(ind)            -nan(ind)
xcm.n2991763                              -nan(ind)            -nan(ind)
xcm.n2991807                              -nan(ind)            -nan(ind)
xcm.n2991809                              -nan(ind)            -nan(ind)
xcm.n2991837                              -nan(ind)            -nan(ind)
xcm.n2991849                              -nan(ind)            -nan(ind)
xcm.n2991901                              -nan(ind)            -nan(ind)
xcm.n2991905                              -nan(ind)            -nan(ind)
xcm.n2991931                              -nan(ind)            -nan(ind)
xcm.n2991943                              -nan(ind)            -nan(ind)
xcm.n2991997                              -nan(ind)            -nan(ind)
xcm.n2992001                              -nan(ind)            -nan(ind)
xcm.v11                                   -nan(ind)            -nan(ind)
xcm.v12                                   -nan(ind)            -nan(ind)
xcm.n2992105                              -nan(ind)            -nan(ind)
cmfb                                      -nan(ind)            -nan(ind)
xcm.n2992151                              -nan(ind)            -nan(ind)
xcm.n2992287                              -nan(ind)            -nan(ind)
xcm.n2992267                              -nan(ind)            -nan(ind)
xcm.x_u10.gvo+_int1                       -nan(ind)            -nan(ind)
xcm.x_u10.gvo-_int1                       -nan(ind)            -nan(ind)
xcm.x_u11.gvo+_int1                       -nan(ind)            -nan(ind)
xcm.x_u11.gvo-_int1                       -nan(ind)            -nan(ind)
xcm.x_u12.gvo+_int1                       -nan(ind)            -nan(ind)
xcm.x_u12.gvo-_int1                       -nan(ind)            -nan(ind)
xcm.x_u16.gsw+_int1                       -nan(ind)            -nan(ind)
xcm.x_u18.g1_int1                         -nan(ind)            -nan(ind)
xcm.x_u18.g1_int2                         -nan(ind)            -nan(ind)
xcm.x_u19.g1_int1                         -nan(ind)            -nan(ind)
xcm.x_u19.g1_int2                         -nan(ind)            -nan(ind)
xcm.x_u22.g1_int1                         -nan(ind)            -nan(ind)
xcm.x_u23.g1_int1                         -nan(ind)            -nan(ind)
xcm.x_u26.g1_int1                         -nan(ind)            -nan(ind)
xcm.x_u27.g1_int1                         -nan(ind)            -nan(ind)
xcm.x_u30.g1_int1                         -nan(ind)            -nan(ind)
xcm.x_u31.g1_int1                         -nan(ind)            -nan(ind)
xcm.x_u32.g1_int1                         -nan(ind)            -nan(ind)
xcm.x_u35.g1_int1                         -nan(ind)            -nan(ind)
xcm.x_u38.3                                       0                    0
xcm.x_u38.5                                       0                    0
xcm.x_u39.3                                       0                    0
xcm.x_u39.5                                       0                    0
xcm.x_u4.e1_int1                       -3.00202e-07         -3.00202e-07
xcm.x_u40.5                                       0                    0
xcm.x_u6.g1_int1                          -nan(ind)            -nan(ind)
vcm                                       -nan(ind)            -nan(ind)
vexcmd                                    -nan(ind)            -nan(ind)
xex.n3294772                              -nan(ind)            -nan(ind)
xex.n3294776                              -nan(ind)            -nan(ind)
xex.n3294626                              -nan(ind)            -nan(ind)
xex.n3294630                              -nan(ind)            -nan(ind)
xex.mid                                   -nan(ind)            -nan(ind)
xex.n47456861                             -nan(ind)            -nan(ind)
xex.n4736080                              -nan(ind)            -nan(ind)
xex.n3294524                              -nan(ind)            -nan(ind)
xex.n47492651                             -nan(ind)            -nan(ind)
xex.n47965841                             -nan(ind)            -nan(ind)
xex.n4797748                              -nan(ind)            -nan(ind)
xex.n4797760                              -nan(ind)            -nan(ind)
xex.n48001371                             -nan(ind)            -nan(ind)
xex.n4809008                              -nan(ind)            -nan(ind)
xex.n2991553                              -nan(ind)            -nan(ind)
xex.n4817896                              -nan(ind)            -nan(ind)
xex.n2991581                              -nan(ind)            -nan(ind)
xex.n2992397                              -nan(ind)            -nan(ind)
xex.n2992375                              -nan(ind)            -nan(ind)
xex.n2992413                              -nan(ind)            -nan(ind)
xex.n2991741                              -nan(ind)            -nan(ind)
xex.n2991765                              -nan(ind)            -nan(ind)
xex.n2991811                              -nan(ind)            -nan(ind)
xex.n2991831                              -nan(ind)            -nan(ind)
xex.n2991907                              -nan(ind)            -nan(ind)
xex.n2991925                              -nan(ind)            -nan(ind)
xex.n2991969                              -nan(ind)            -nan(ind)
xex.n2992033                              -nan(ind)            -nan(ind)
xex.n2992029                              -nan(ind)            -nan(ind)
xex.n2992093                              -nan(ind)            -nan(ind)
xex.n2992099                              -nan(ind)            -nan(ind)
xex.sw_ol_opax388                         -nan(ind)            -nan(ind)
xex.vimon                                 -nan(ind)            -nan(ind)
xex.vout_s                                -nan(ind)            -nan(ind)
xex.n2991657                              -nan(ind)            -nan(ind)
xex.clamp                                 -nan(ind)            -nan(ind)
xex.vclp                                  -nan(ind)            -nan(ind)
xex.n4031911                              -nan(ind)            -nan(ind)
xex.n3827259                              -nan(ind)            -nan(ind)
xex.n3828449                              -nan(ind)            -nan(ind)
xex.n3850714                              -nan(ind)            -nan(ind)
xex.n3850724                              -nan(ind)            -nan(ind)
xex.n4243633                              -nan(ind)            -nan(ind)
xex.n2991579                              -nan(ind)            -nan(ind)
xex.esdp                                  -nan(ind)            -nan(ind)
xex.esdn                                  -nan(ind)            -nan(ind)
xex.n2992163                              -nan(ind)            -nan(ind)
exdrv                                     -nan(ind)            -nan(ind)
xex.n3294618                              -nan(ind)            -nan(ind)
xex.cl_clamp                              -nan(ind)            -nan(ind)
xex.claw_clamp                            -nan(ind)            -nan(ind)
xex.n3201092                              -nan(ind)            -nan(ind)
xex.vcc_b                                 -nan(ind)            -nan(ind)
xex.vee_b                                 -nan(ind)            -nan(ind)
xex.n2991563                              -nan(ind)            -nan(ind)
xex.n2991555                              -nan(ind)            -nan(ind)
xex.vcc_clp                               -nan(ind)            -nan(ind)
xex.vee_clp                               -nan(ind)            -nan(ind)
xex.n2992299                              -nan(ind)            -nan(ind)
xex.n2992295                              -nan(ind)            -nan(ind)
xex.n2992323                              -nan(ind)            -nan(ind)
xex.n2992331                              -nan(ind)            -nan(ind)
xex.n2992235                              -nan(ind)            -nan(ind)
xex.vsense                                -nan(ind)            -nan(ind)
xex.n2991587                              -nan(ind)            -nan(ind)
xex.n2991583                              -nan(ind)            -nan(ind)
xex.n4747399                              -nan(ind)            -nan(ind)
xex.n4745674                              -nan(ind)            -nan(ind)
xex.n4796554                              -nan(ind)            -nan(ind)
xex.n4749239                              -nan(ind)            -nan(ind)
xex.n4796572                              -nan(ind)            -nan(ind)
xex.n4798545                              -nan(ind)            -nan(ind)
xex.n4800105                              -nan(ind)            -nan(ind)
xex.n2991573                              -nan(ind)            -nan(ind)
xex.n2991619                              -nan(ind)            -nan(ind)
xex.n2991623                              -nan(ind)            -nan(ind)
xex.n2991635                              -nan(ind)            -nan(ind)
xex.n2991643                              -nan(ind)            -nan(ind)
xex.n2991667                              -nan(ind)            -nan(ind)
xex.n3294682                              -nan(ind)            -nan(ind)
xex.n2991729                              -nan(ind)            -nan(ind)
xex.n2991763                              -nan(ind)            -nan(ind)
xex.n2991807                              -nan(ind)            -nan(ind)
xex.n2991809                              -nan(ind)            -nan(ind)
xex.n2991837                              -nan(ind)            -nan(ind)
xex.n2991849                              -nan(ind)            -nan(ind)
xex.n2991901                              -nan(ind)            -nan(ind)
xex.n2991905                              -nan(ind)            -nan(ind)
xex.n2991931                              -nan(ind)            -nan(ind)
xex.n2991943                              -nan(ind)            -nan(ind)
xex.n2991997                              -nan(ind)            -nan(ind)
xex.n2992001                              -nan(ind)            -nan(ind)
xex.v11                                   -nan(ind)            -nan(ind)
xex.v12                                   -nan(ind)            -nan(ind)
xex.n2992105                              -nan(ind)            -nan(ind)
exfb                                      -nan(ind)            -nan(ind)
xex.n2992151                              -nan(ind)            -nan(ind)
xex.n2992287                              -nan(ind)            -nan(ind)
xex.n2992267                              -nan(ind)            -nan(ind)
xex.x_u10.gvo+_int1                       -nan(ind)            -nan(ind)
xex.x_u10.gvo-_int1                       -nan(ind)            -nan(ind)
xex.x_u11.gvo+_int1                       -nan(ind)            -nan(ind)
xex.x_u11.gvo-_int1                       -nan(ind)            -nan(ind)
xex.x_u12.gvo+_int1                       -nan(ind)            -nan(ind)
xex.x_u12.gvo-_int1                       -nan(ind)            -nan(ind)
xex.x_u16.gsw+_int1                       -nan(ind)            -nan(ind)
xex.x_u18.g1_int1                         -nan(ind)            -nan(ind)
xex.x_u18.g1_int2                         -nan(ind)            -nan(ind)
xex.x_u19.g1_int1                         -nan(ind)            -nan(ind)
xex.x_u19.g1_int2                         -nan(ind)            -nan(ind)
xex.x_u22.g1_int1                         -nan(ind)            -nan(ind)
xex.x_u23.g1_int1                         -nan(ind)            -nan(ind)
xex.x_u26.g1_int1                         -nan(ind)            -nan(ind)
xex.x_u27.g1_int1                         -nan(ind)            -nan(ind)
xex.x_u30.g1_int1                         -nan(ind)            -nan(ind)
xex.x_u31.g1_int1                         -nan(ind)            -nan(ind)
xex.x_u32.g1_int1                         -nan(ind)            -nan(ind)
xex.x_u35.g1_int1                         -nan(ind)            -nan(ind)
xex.x_u38.3                                       0                    0
xex.x_u38.5                                       0                    0
xex.x_u39.3                                       0                    0
xex.x_u39.5                                       0                    0
xex.x_u4.e1_int1                       -3.00202e-07         -3.00202e-07
xex.x_u40.5                                       0                    0
xex.x_u6.g1_int1                          -nan(ind)            -nan(ind)
vexc                                      -nan(ind)            -nan(ind)
sel0                                              0                    0
ns0                                               1                    1
cmd0                                      -nan(ind)            -nan(ind)
xr0.n3294772                              -nan(ind)            -nan(ind)
xr0.n3294776                              -nan(ind)            -nan(ind)
xr0.n3294626                              -nan(ind)            -nan(ind)
xr0.n3294630                              -nan(ind)            -nan(ind)
xr0.mid                                   -nan(ind)            -nan(ind)
xr0.n47456861                             -nan(ind)            -nan(ind)
xr0.n4736080                              -nan(ind)            -nan(ind)
xr0.n3294524                              -nan(ind)            -nan(ind)
xr0.n47492651                             -nan(ind)            -nan(ind)
xr0.n47965841                             -nan(ind)            -nan(ind)
xr0.n4797748                              -nan(ind)            -nan(ind)
xr0.n4797760                              -nan(ind)            -nan(ind)
xr0.n48001371                             -nan(ind)            -nan(ind)
xr0.n4809008                              -nan(ind)            -nan(ind)
xr0.n2991553                              -nan(ind)            -nan(ind)
xr0.n4817896                              -nan(ind)            -nan(ind)
xr0.n2991581                              -nan(ind)            -nan(ind)
xr0.n2992397                              -nan(ind)            -nan(ind)
xr0.n2992375                              -nan(ind)            -nan(ind)
xr0.n2992413                              -nan(ind)            -nan(ind)
xr0.n2991741                              -nan(ind)            -nan(ind)
xr0.n2991765                              -nan(ind)            -nan(ind)
xr0.n2991811                              -nan(ind)            -nan(ind)
xr0.n2991831                              -nan(ind)            -nan(ind)
xr0.n2991907                              -nan(ind)            -nan(ind)
xr0.n2991925                              -nan(ind)            -nan(ind)
xr0.n2991969                              -nan(ind)            -nan(ind)
xr0.n2992033                              -nan(ind)            -nan(ind)
xr0.n2992029                              -nan(ind)            -nan(ind)
xr0.n2992093                              -nan(ind)            -nan(ind)
xr0.n2992099                              -nan(ind)            -nan(ind)
xr0.sw_ol_opa4388                         -nan(ind)            -nan(ind)
xr0.vimon                                 -nan(ind)            -nan(ind)
xr0.vout_s                                -nan(ind)            -nan(ind)
xr0.n2991657                              -nan(ind)            -nan(ind)
xr0.clamp                                 -nan(ind)            -nan(ind)
xr0.vclp                                  -nan(ind)            -nan(ind)
xr0.n4031911                              -nan(ind)            -nan(ind)
xr0.n3827259                              -nan(ind)            -nan(ind)
xr0.n3828449                              -nan(ind)            -nan(ind)
xr0.n3850714                              -nan(ind)            -nan(ind)
xr0.n3850724                              -nan(ind)            -nan(ind)
xr0.n4243633                              -nan(ind)            -nan(ind)
xr0.n2991579                              -nan(ind)            -nan(ind)
xr0.esdp                                  -nan(ind)            -nan(ind)
xr0.esdn                                  -nan(ind)            -nan(ind)
xr0.n2992163                              -nan(ind)            -nan(ind)
drv0                                      -nan(ind)            -nan(ind)
xr0.n3294618                              -nan(ind)            -nan(ind)
xr0.cl_clamp                              -nan(ind)            -nan(ind)
xr0.claw_clamp                            -nan(ind)            -nan(ind)
xr0.n3201092                              -nan(ind)            -nan(ind)
xr0.vcc_b                                 -nan(ind)            -nan(ind)
xr0.vee_b                                 -nan(ind)            -nan(ind)
xr0.n2991563                              -nan(ind)            -nan(ind)
xr0.n2991555                              -nan(ind)            -nan(ind)
xr0.vcc_clp                               -nan(ind)            -nan(ind)
xr0.vee_clp                               -nan(ind)            -nan(ind)
xr0.n2992299                              -nan(ind)            -nan(ind)
xr0.n2992295                              -nan(ind)            -nan(ind)
xr0.n2992323                              -nan(ind)            -nan(ind)
xr0.n2992331                              -nan(ind)            -nan(ind)
xr0.n2992235                              -nan(ind)            -nan(ind)
xr0.vsense                                -nan(ind)            -nan(ind)
xr0.n2991587                              -nan(ind)            -nan(ind)
xr0.n2991583                              -nan(ind)            -nan(ind)
xr0.n4747399                              -nan(ind)            -nan(ind)
xr0.n4745674                              -nan(ind)            -nan(ind)
xr0.n4796554                              -nan(ind)            -nan(ind)
xr0.n4749239                              -nan(ind)            -nan(ind)
xr0.n4796572                              -nan(ind)            -nan(ind)
xr0.n4798545                              -nan(ind)            -nan(ind)
xr0.n4800105                              -nan(ind)            -nan(ind)
xr0.n2991573                              -nan(ind)            -nan(ind)
xr0.n2991619                              -nan(ind)            -nan(ind)
xr0.n2991623                              -nan(ind)            -nan(ind)
xr0.n2991635                              -nan(ind)            -nan(ind)
xr0.n2991643                              -nan(ind)            -nan(ind)
xr0.n2991667                              -nan(ind)            -nan(ind)
xr0.n3294682                              -nan(ind)            -nan(ind)
xr0.n2991729                              -nan(ind)            -nan(ind)
xr0.n2991763                              -nan(ind)            -nan(ind)
xr0.n2991807                              -nan(ind)            -nan(ind)
xr0.n2991809                              -nan(ind)            -nan(ind)
xr0.n2991837                              -nan(ind)            -nan(ind)
xr0.n2991849                              -nan(ind)            -nan(ind)
xr0.n2991901                              -nan(ind)            -nan(ind)
xr0.n2991905                              -nan(ind)            -nan(ind)
xr0.n2991931                              -nan(ind)            -nan(ind)
xr0.n2991943                              -nan(ind)            -nan(ind)
xr0.n2991997                              -nan(ind)            -nan(ind)
xr0.n2992001                              -nan(ind)            -nan(ind)
xr0.v11                                   -nan(ind)            -nan(ind)
xr0.v12                                   -nan(ind)            -nan(ind)
xr0.n2992105                              -nan(ind)            -nan(ind)
fb0                                       -nan(ind)            -nan(ind)
xr0.n2992151                              -nan(ind)            -nan(ind)
xr0.n2992287                              -nan(ind)            -nan(ind)
xr0.n2992267                              -nan(ind)            -nan(ind)
xr0.x_u10.gvo+_int1                       -nan(ind)            -nan(ind)
xr0.x_u10.gvo-_int1                       -nan(ind)            -nan(ind)
xr0.x_u11.gvo+_int1                       -nan(ind)            -nan(ind)
xr0.x_u11.gvo-_int1                       -nan(ind)            -nan(ind)
xr0.x_u12.gvo+_int1                       -nan(ind)            -nan(ind)
xr0.x_u12.gvo-_int1                       -nan(ind)            -nan(ind)
xr0.x_u16.gsw+_int1                       -nan(ind)            -nan(ind)
xr0.x_u18.g1_int1                         -nan(ind)            -nan(ind)
xr0.x_u18.g1_int2                         -nan(ind)            -nan(ind)
xr0.x_u19.g1_int1                         -nan(ind)            -nan(ind)
xr0.x_u19.g1_int2                         -nan(ind)            -nan(ind)
xr0.x_u22.g1_int1                         -nan(ind)            -nan(ind)
xr0.x_u23.g1_int1                         -nan(ind)            -nan(ind)
xr0.x_u26.g1_int1                         -nan(ind)            -nan(ind)
xr0.x_u27.g1_int1                         -nan(ind)            -nan(ind)
xr0.x_u30.g1_int1                         -nan(ind)            -nan(ind)
xr0.x_u31.g1_int1                         -nan(ind)            -nan(ind)
xr0.x_u32.g1_int1                         -nan(ind)            -nan(ind)
xr0.x_u35.g1_int1                         -nan(ind)            -nan(ind)
xr0.x_u38.3                                       0                    0
xr0.x_u38.5                                       0                    0
xr0.x_u39.3                                       0                    0
xr0.x_u39.5                                       0                    0
xr0.x_u4.e1_int1                          -4.67e-06            -4.67e-06
xr0.x_u40.5                                       0                    0
xr0.x_u6.g1_int1                          -nan(ind)            -nan(ind)
row0                                      -nan(ind)            -nan(ind)
sel1                                              0                    0
ns1                                               1                    1
cmd1                                      -nan(ind)            -nan(ind)
xr1.n3294772                              -nan(ind)            -nan(ind)
xr1.n3294776                              -nan(ind)            -nan(ind)
xr1.n3294626                              -nan(ind)            -nan(ind)
xr1.n3294630                              -nan(ind)            -nan(ind)
xr1.mid                                   -nan(ind)            -nan(ind)
xr1.n47456861                             -nan(ind)            -nan(ind)
xr1.n4736080                              -nan(ind)            -nan(ind)
xr1.n3294524                              -nan(ind)            -nan(ind)
xr1.n47492651                             -nan(ind)            -nan(ind)
xr1.n47965841                             -nan(ind)            -nan(ind)
xr1.n4797748                              -nan(ind)            -nan(ind)
xr1.n4797760                              -nan(ind)            -nan(ind)
xr1.n48001371                             -nan(ind)            -nan(ind)
xr1.n4809008                              -nan(ind)            -nan(ind)
xr1.n2991553                              -nan(ind)            -nan(ind)
xr1.n4817896                              -nan(ind)            -nan(ind)
xr1.n2991581                              -nan(ind)            -nan(ind)
xr1.n2992397                              -nan(ind)            -nan(ind)
xr1.n2992375                              -nan(ind)            -nan(ind)
xr1.n2992413                              -nan(ind)            -nan(ind)
xr1.n2991741                              -nan(ind)            -nan(ind)
xr1.n2991765                              -nan(ind)            -nan(ind)
xr1.n2991811                              -nan(ind)            -nan(ind)
xr1.n2991831                              -nan(ind)            -nan(ind)
xr1.n2991907                              -nan(ind)            -nan(ind)
xr1.n2991925                              -nan(ind)            -nan(ind)
xr1.n2991969                              -nan(ind)            -nan(ind)
xr1.n2992033                              -nan(ind)            -nan(ind)
xr1.n2992029                              -nan(ind)            -nan(ind)
xr1.n2992093                              -nan(ind)            -nan(ind)
xr1.n2992099                              -nan(ind)            -nan(ind)
xr1.sw_ol_opa4388                         -nan(ind)            -nan(ind)
xr1.vimon                                 -nan(ind)            -nan(ind)
xr1.vout_s                                -nan(ind)            -nan(ind)
xr1.n2991657                              -nan(ind)            -nan(ind)
xr1.clamp                                 -nan(ind)            -nan(ind)
xr1.vclp                                  -nan(ind)            -nan(ind)
xr1.n4031911                              -nan(ind)            -nan(ind)
xr1.n3827259                              -nan(ind)            -nan(ind)
xr1.n3828449                              -nan(ind)            -nan(ind)
xr1.n3850714                              -nan(ind)            -nan(ind)
xr1.n3850724                              -nan(ind)            -nan(ind)
xr1.n4243633                              -nan(ind)            -nan(ind)
xr1.n2991579                              -nan(ind)            -nan(ind)
xr1.esdp                                  -nan(ind)            -nan(ind)
xr1.esdn                                  -nan(ind)            -nan(ind)
xr1.n2992163                              -nan(ind)            -nan(ind)
drv1                                      -nan(ind)            -nan(ind)
xr1.n3294618                              -nan(ind)            -nan(ind)
xr1.cl_clamp                              -nan(ind)            -nan(ind)
xr1.claw_clamp                            -nan(ind)            -nan(ind)
xr1.n3201092                              -nan(ind)            -nan(ind)
xr1.vcc_b                                 -nan(ind)            -nan(ind)
xr1.vee_b                                 -nan(ind)            -nan(ind)
xr1.n2991563                              -nan(ind)            -nan(ind)
xr1.n2991555                              -nan(ind)            -nan(ind)
xr1.vcc_clp                               -nan(ind)            -nan(ind)
xr1.vee_clp                               -nan(ind)            -nan(ind)
xr1.n2992299                              -nan(ind)            -nan(ind)
xr1.n2992295                              -nan(ind)            -nan(ind)
xr1.n2992323                              -nan(ind)            -nan(ind)
xr1.n2992331                              -nan(ind)            -nan(ind)
xr1.n2992235                              -nan(ind)            -nan(ind)
xr1.vsense                                -nan(ind)            -nan(ind)
xr1.n2991587                              -nan(ind)            -nan(ind)
xr1.n2991583                              -nan(ind)            -nan(ind)
xr1.n4747399                              -nan(ind)            -nan(ind)
xr1.n4745674                              -nan(ind)            -nan(ind)
xr1.n4796554                              -nan(ind)            -nan(ind)
xr1.n4749239                              -nan(ind)            -nan(ind)
xr1.n4796572                              -nan(ind)            -nan(ind)
xr1.n4798545                              -nan(ind)            -nan(ind)
xr1.n4800105                              -nan(ind)            -nan(ind)
xr1.n2991573                              -nan(ind)            -nan(ind)
xr1.n2991619                              -nan(ind)            -nan(ind)
xr1.n2991623                              -nan(ind)            -nan(ind)
xr1.n2991635                              -nan(ind)            -nan(ind)
xr1.n2991643                              -nan(ind)            -nan(ind)
xr1.n2991667                              -nan(ind)            -nan(ind)
xr1.n3294682                              -nan(ind)            -nan(ind)
xr1.n2991729                              -nan(ind)            -nan(ind)
xr1.n2991763                              -nan(ind)            -nan(ind)
xr1.n2991807                              -nan(ind)            -nan(ind)
xr1.n2991809                              -nan(ind)            -nan(ind)
xr1.n2991837                              -nan(ind)            -nan(ind)
xr1.n2991849                              -nan(ind)            -nan(ind)
xr1.n2991901                              -nan(ind)            -nan(ind)
xr1.n2991905                              -nan(ind)            -nan(ind)
xr1.n2991931                              -nan(ind)            -nan(ind)
xr1.n2991943                              -nan(ind)            -nan(ind)
xr1.n2991997                              -nan(ind)            -nan(ind)
xr1.n2992001                              -nan(ind)            -nan(ind)
xr1.v11                                   -nan(ind)            -nan(ind)
xr1.v12                                   -nan(ind)            -nan(ind)
xr1.n2992105                              -nan(ind)            -nan(ind)
fb1                                       -nan(ind)            -nan(ind)
xr1.n2992151                              -nan(ind)            -nan(ind)
xr1.n2992287                              -nan(ind)            -nan(ind)
xr1.n2992267                              -nan(ind)            -nan(ind)
xr1.x_u10.gvo+_int1                       -nan(ind)            -nan(ind)
xr1.x_u10.gvo-_int1                       -nan(ind)            -nan(ind)
xr1.x_u11.gvo+_int1                       -nan(ind)            -nan(ind)
xr1.x_u11.gvo-_int1                       -nan(ind)            -nan(ind)
xr1.x_u12.gvo+_int1                       -nan(ind)            -nan(ind)
xr1.x_u12.gvo-_int1                       -nan(ind)            -nan(ind)
xr1.x_u16.gsw+_int1                       -nan(ind)            -nan(ind)
xr1.x_u18.g1_int1                         -nan(ind)            -nan(ind)
xr1.x_u18.g1_int2                         -nan(ind)            -nan(ind)
xr1.x_u19.g1_int1                         -nan(ind)            -nan(ind)
xr1.x_u19.g1_int2                         -nan(ind)            -nan(ind)
xr1.x_u22.g1_int1                         -nan(ind)            -nan(ind)
xr1.x_u23.g1_int1                         -nan(ind)            -nan(ind)
xr1.x_u26.g1_int1                         -nan(ind)            -nan(ind)
xr1.x_u27.g1_int1                         -nan(ind)            -nan(ind)
xr1.x_u30.g1_int1                         -nan(ind)            -nan(ind)
xr1.x_u31.g1_int1                         -nan(ind)            -nan(ind)
xr1.x_u32.g1_int1                         -nan(ind)            -nan(ind)
xr1.x_u35.g1_int1                         -nan(ind)            -nan(ind)
xr1.x_u38.3                                       0                    0
xr1.x_u38.5                                       0                    0
xr1.x_u39.3                                       0                    0
xr1.x_u39.5                                       0                    0
xr1.x_u4.e1_int1                          -4.67e-06            -4.67e-06
xr1.x_u40.5                                       0                    0
xr1.x_u6.g1_int1                          -nan(ind)            -nan(ind)
row1                                      -nan(ind)            -nan(ind)
sel2                                              0                    0
ns2                                               1                    1
cmd2                                      -nan(ind)            -nan(ind)
xr2.n3294772                              -nan(ind)            -nan(ind)
xr2.n3294776                              -nan(ind)            -nan(ind)
xr2.n3294626                              -nan(ind)            -nan(ind)
xr2.n3294630                              -nan(ind)            -nan(ind)
xr2.mid                                   -nan(ind)            -nan(ind)
xr2.n47456861                             -nan(ind)            -nan(ind)
xr2.n4736080                              -nan(ind)            -nan(ind)
xr2.n3294524                              -nan(ind)            -nan(ind)
xr2.n47492651                             -nan(ind)            -nan(ind)
xr2.n47965841                             -nan(ind)            -nan(ind)
xr2.n4797748                              -nan(ind)            -nan(ind)
xr2.n4797760                              -nan(ind)            -nan(ind)
xr2.n48001371                             -nan(ind)            -nan(ind)
xr2.n4809008                              -nan(ind)            -nan(ind)
xr2.n2991553                              -nan(ind)            -nan(ind)
xr2.n4817896                              -nan(ind)            -nan(ind)
xr2.n2991581                              -nan(ind)            -nan(ind)
xr2.n2992397                              -nan(ind)            -nan(ind)
xr2.n2992375                              -nan(ind)            -nan(ind)
xr2.n2992413                              -nan(ind)            -nan(ind)
xr2.n2991741                              -nan(ind)            -nan(ind)
xr2.n2991765                              -nan(ind)            -nan(ind)
xr2.n2991811                              -nan(ind)            -nan(ind)
xr2.n2991831                              -nan(ind)            -nan(ind)
xr2.n2991907                              -nan(ind)            -nan(ind)
xr2.n2991925                              -nan(ind)            -nan(ind)
xr2.n2991969                              -nan(ind)            -nan(ind)
xr2.n2992033                              -nan(ind)            -nan(ind)
xr2.n2992029                              -nan(ind)            -nan(ind)
xr2.n2992093                              -nan(ind)            -nan(ind)
xr2.n2992099                              -nan(ind)            -nan(ind)
xr2.sw_ol_opa4388                         -nan(ind)            -nan(ind)
xr2.vimon                                 -nan(ind)            -nan(ind)
xr2.vout_s                                -nan(ind)            -nan(ind)
xr2.n2991657                              -nan(ind)            -nan(ind)
xr2.clamp                                 -nan(ind)            -nan(ind)
xr2.vclp                                  -nan(ind)            -nan(ind)
xr2.n4031911                              -nan(ind)            -nan(ind)
xr2.n3827259                              -nan(ind)            -nan(ind)
xr2.n3828449                              -nan(ind)            -nan(ind)
xr2.n3850714                              -nan(ind)            -nan(ind)
xr2.n3850724                              -nan(ind)            -nan(ind)
xr2.n4243633                              -nan(ind)            -nan(ind)
xr2.n2991579                              -nan(ind)            -nan(ind)
xr2.esdp                                  -nan(ind)            -nan(ind)
xr2.esdn                                  -nan(ind)            -nan(ind)
xr2.n2992163                              -nan(ind)            -nan(ind)
drv2                                      -nan(ind)            -nan(ind)
xr2.n3294618                              -nan(ind)            -nan(ind)
xr2.cl_clamp                              -nan(ind)            -nan(ind)
xr2.claw_clamp                            -nan(ind)            -nan(ind)
xr2.n3201092                              -nan(ind)            -nan(ind)
xr2.vcc_b                                 -nan(ind)            -nan(ind)
xr2.vee_b                                 -nan(ind)            -nan(ind)
xr2.n2991563                              -nan(ind)            -nan(ind)
xr2.n2991555                              -nan(ind)            -nan(ind)
xr2.vcc_clp                               -nan(ind)            -nan(ind)
xr2.vee_clp                               -nan(ind)            -nan(ind)
xr2.n2992299                              -nan(ind)            -nan(ind)
xr2.n2992295                              -nan(ind)            -nan(ind)
xr2.n2992323                              -nan(ind)            -nan(ind)
xr2.n2992331                              -nan(ind)            -nan(ind)
xr2.n2992235                              -nan(ind)            -nan(ind)
xr2.vsense                                -nan(ind)            -nan(ind)
xr2.n2991587                              -nan(ind)            -nan(ind)
xr2.n2991583                              -nan(ind)            -nan(ind)
xr2.n4747399                              -nan(ind)            -nan(ind)
xr2.n4745674                              -nan(ind)            -nan(ind)
xr2.n4796554                              -nan(ind)            -nan(ind)
xr2.n4749239                              -nan(ind)            -nan(ind)
xr2.n4796572                              -nan(ind)            -nan(ind)
xr2.n4798545                              -nan(ind)            -nan(ind)
xr2.n4800105                              -nan(ind)            -nan(ind)
xr2.n2991573                              -nan(ind)            -nan(ind)
xr2.n2991619                              -nan(ind)            -nan(ind)
xr2.n2991623                              -nan(ind)            -nan(ind)
xr2.n2991635                              -nan(ind)            -nan(ind)
xr2.n2991643                              -nan(ind)            -nan(ind)
xr2.n2991667                              -nan(ind)            -nan(ind)
xr2.n3294682                              -nan(ind)            -nan(ind)
xr2.n2991729                              -nan(ind)            -nan(ind)
xr2.n2991763                              -nan(ind)            -nan(ind)
xr2.n2991807                              -nan(ind)            -nan(ind)
xr2.n2991809                              -nan(ind)            -nan(ind)
xr2.n2991837                              -nan(ind)            -nan(ind)
xr2.n2991849                              -nan(ind)            -nan(ind)
xr2.n2991901                              -nan(ind)            -nan(ind)
xr2.n2991905                              -nan(ind)            -nan(ind)
xr2.n2991931                              -nan(ind)            -nan(ind)
xr2.n2991943                              -nan(ind)            -nan(ind)
xr2.n2991997                              -nan(ind)            -nan(ind)
xr2.n2992001                              -nan(ind)            -nan(ind)
xr2.v11                                   -nan(ind)            -nan(ind)
xr2.v12                                   -nan(ind)            -nan(ind)
xr2.n2992105                              -nan(ind)            -nan(ind)
fb2                                       -nan(ind)            -nan(ind)
xr2.n2992151                              -nan(ind)            -nan(ind)
xr2.n2992287                              -nan(ind)            -nan(ind)
xr2.n2992267                              -nan(ind)            -nan(ind)
xr2.x_u10.gvo+_int1                       -nan(ind)            -nan(ind)
xr2.x_u10.gvo-_int1                       -nan(ind)            -nan(ind)
xr2.x_u11.gvo+_int1                       -nan(ind)            -nan(ind)
xr2.x_u11.gvo-_int1                       -nan(ind)            -nan(ind)
xr2.x_u12.gvo+_int1                       -nan(ind)            -nan(ind)
xr2.x_u12.gvo-_int1                       -nan(ind)            -nan(ind)
xr2.x_u16.gsw+_int1                       -nan(ind)            -nan(ind)
xr2.x_u18.g1_int1                         -nan(ind)            -nan(ind)
xr2.x_u18.g1_int2                         -nan(ind)            -nan(ind)
xr2.x_u19.g1_int1                         -nan(ind)            -nan(ind)
xr2.x_u19.g1_int2                         -nan(ind)            -nan(ind)
xr2.x_u22.g1_int1                         -nan(ind)            -nan(ind)
xr2.x_u23.g1_int1                         -nan(ind)            -nan(ind)
xr2.x_u26.g1_int1                         -nan(ind)            -nan(ind)
xr2.x_u27.g1_int1                         -nan(ind)            -nan(ind)
xr2.x_u30.g1_int1                         -nan(ind)            -nan(ind)
xr2.x_u31.g1_int1                         -nan(ind)            -nan(ind)
xr2.x_u32.g1_int1                         -nan(ind)            -nan(ind)
xr2.x_u35.g1_int1                         -nan(ind)            -nan(ind)
xr2.x_u38.3                                       0                    0
xr2.x_u38.5                                       0                    0
xr2.x_u39.3                                       0                    0
xr2.x_u39.5                                       0                    0
xr2.x_u4.e1_int1                          -4.67e-06            -4.67e-06
xr2.x_u40.5                                       0                    0
xr2.x_u6.g1_int1                          -nan(ind)            -nan(ind)
row2                                      -nan(ind)            -nan(ind)
sel3                                              0                    0
ns3                                               1                    1
cmd3                                      -nan(ind)            -nan(ind)
xr3.n3294772                              -nan(ind)            -nan(ind)
xr3.n3294776                              -nan(ind)            -nan(ind)
xr3.n3294626                              -nan(ind)            -nan(ind)
xr3.n3294630                              -nan(ind)            -nan(ind)
xr3.mid                                   -nan(ind)            -nan(ind)
xr3.n47456861                             -nan(ind)            -nan(ind)
xr3.n4736080                              -nan(ind)            -nan(ind)
xr3.n3294524                              -nan(ind)            -nan(ind)
xr3.n47492651                             -nan(ind)            -nan(ind)
xr3.n47965841                             -nan(ind)            -nan(ind)
xr3.n4797748                              -nan(ind)            -nan(ind)
xr3.n4797760                              -nan(ind)            -nan(ind)
xr3.n48001371                             -nan(ind)            -nan(ind)
xr3.n4809008                              -nan(ind)            -nan(ind)
xr3.n2991553                              -nan(ind)            -nan(ind)
xr3.n4817896                              -nan(ind)            -nan(ind)
xr3.n2991581                              -nan(ind)            -nan(ind)
xr3.n2992397                              -nan(ind)            -nan(ind)
xr3.n2992375                              -nan(ind)            -nan(ind)
xr3.n2992413                              -nan(ind)            -nan(ind)
xr3.n2991741                              -nan(ind)            -nan(ind)
xr3.n2991765                              -nan(ind)            -nan(ind)
xr3.n2991811                              -nan(ind)            -nan(ind)
xr3.n2991831                              -nan(ind)            -nan(ind)
xr3.n2991907                              -nan(ind)            -nan(ind)
xr3.n2991925                              -nan(ind)            -nan(ind)
xr3.n2991969                              -nan(ind)            -nan(ind)
xr3.n2992033                              -nan(ind)            -nan(ind)
xr3.n2992029                              -nan(ind)            -nan(ind)
xr3.n2992093                              -nan(ind)            -nan(ind)
xr3.n2992099                              -nan(ind)            -nan(ind)
xr3.sw_ol_opa4388                         -nan(ind)            -nan(ind)
xr3.vimon                                 -nan(ind)            -nan(ind)
xr3.vout_s                                -nan(ind)            -nan(ind)
xr3.n2991657                              -nan(ind)            -nan(ind)
xr3.clamp                                 -nan(ind)            -nan(ind)
xr3.vclp                                  -nan(ind)            -nan(ind)
xr3.n4031911                              -nan(ind)            -nan(ind)
xr3.n3827259                              -nan(ind)            -nan(ind)
xr3.n3828449                              -nan(ind)            -nan(ind)
xr3.n3850714                              -nan(ind)            -nan(ind)
xr3.n3850724                              -nan(ind)            -nan(ind)
xr3.n4243633                              -nan(ind)            -nan(ind)
xr3.n2991579                              -nan(ind)            -nan(ind)
xr3.esdp                                  -nan(ind)            -nan(ind)
xr3.esdn                                  -nan(ind)            -nan(ind)
xr3.n2992163                              -nan(ind)            -nan(ind)
drv3                                      -nan(ind)            -nan(ind)
xr3.n3294618                              -nan(ind)            -nan(ind)
xr3.cl_clamp                              -nan(ind)            -nan(ind)
xr3.claw_clamp                            -nan(ind)            -nan(ind)
xr3.n3201092                              -nan(ind)            -nan(ind)
xr3.vcc_b                                 -nan(ind)            -nan(ind)
xr3.vee_b                                 -nan(ind)            -nan(ind)
xr3.n2991563                              -nan(ind)            -nan(ind)
xr3.n2991555                              -nan(ind)            -nan(ind)
xr3.vcc_clp                               -nan(ind)            -nan(ind)
xr3.vee_clp                               -nan(ind)            -nan(ind)
xr3.n2992299                              -nan(ind)            -nan(ind)
xr3.n2992295                              -nan(ind)            -nan(ind)
xr3.n2992323                              -nan(ind)            -nan(ind)
xr3.n2992331                              -nan(ind)            -nan(ind)
xr3.n2992235                              -nan(ind)            -nan(ind)
xr3.vsense                                -nan(ind)            -nan(ind)
xr3.n2991587                              -nan(ind)            -nan(ind)
xr3.n2991583                              -nan(ind)            -nan(ind)
xr3.n4747399                              -nan(ind)            -nan(ind)
xr3.n4745674                              -nan(ind)            -nan(ind)
xr3.n4796554                              -nan(ind)            -nan(ind)
xr3.n4749239                              -nan(ind)            -nan(ind)
xr3.n4796572                              -nan(ind)            -nan(ind)
xr3.n4798545                              -nan(ind)            -nan(ind)
xr3.n4800105                              -nan(ind)            -nan(ind)
xr3.n2991573                              -nan(ind)            -nan(ind)
xr3.n2991619                              -nan(ind)            -nan(ind)
xr3.n2991623                              -nan(ind)            -nan(ind)
xr3.n2991635                              -nan(ind)            -nan(ind)
xr3.n2991643                              -nan(ind)            -nan(ind)
xr3.n2991667                              -nan(ind)            -nan(ind)
xr3.n3294682                              -nan(ind)            -nan(ind)
xr3.n2991729                              -nan(ind)            -nan(ind)
xr3.n2991763                              -nan(ind)            -nan(ind)
xr3.n2991807                              -nan(ind)            -nan(ind)
xr3.n2991809                              -nan(ind)            -nan(ind)
xr3.n2991837                              -nan(ind)            -nan(ind)
xr3.n2991849                              -nan(ind)            -nan(ind)
xr3.n2991901                              -nan(ind)            -nan(ind)
xr3.n2991905                              -nan(ind)            -nan(ind)
xr3.n2991931                              -nan(ind)            -nan(ind)
xr3.n2991943                              -nan(ind)            -nan(ind)
xr3.n2991997                              -nan(ind)            -nan(ind)
xr3.n2992001                              -nan(ind)            -nan(ind)
xr3.v11                                   -nan(ind)            -nan(ind)
xr3.v12                                   -nan(ind)            -nan(ind)
xr3.n2992105                              -nan(ind)            -nan(ind)
fb3                                       -nan(ind)            -nan(ind)
xr3.n2992151                              -nan(ind)            -nan(ind)
xr3.n2992287                              -nan(ind)            -nan(ind)
xr3.n2992267                              -nan(ind)            -nan(ind)
xr3.x_u10.gvo+_int1                       -nan(ind)            -nan(ind)
xr3.x_u10.gvo-_int1                       -nan(ind)            -nan(ind)
xr3.x_u11.gvo+_int1                       -nan(ind)            -nan(ind)
xr3.x_u11.gvo-_int1                       -nan(ind)            -nan(ind)
xr3.x_u12.gvo+_int1                       -nan(ind)            -nan(ind)
xr3.x_u12.gvo-_int1                       -nan(ind)            -nan(ind)
xr3.x_u16.gsw+_int1                       -nan(ind)            -nan(ind)
xr3.x_u18.g1_int1                         -nan(ind)            -nan(ind)
xr3.x_u18.g1_int2                         -nan(ind)            -nan(ind)
xr3.x_u19.g1_int1                         -nan(ind)            -nan(ind)
xr3.x_u19.g1_int2                         -nan(ind)            -nan(ind)
xr3.x_u22.g1_int1                         -nan(ind)            -nan(ind)
xr3.x_u23.g1_int1                         -nan(ind)            -nan(ind)
xr3.x_u26.g1_int1                         -nan(ind)            -nan(ind)
xr3.x_u27.g1_int1                         -nan(ind)            -nan(ind)
xr3.x_u30.g1_int1                         -nan(ind)            -nan(ind)
xr3.x_u31.g1_int1                         -nan(ind)            -nan(ind)
xr3.x_u32.g1_int1                         -nan(ind)            -nan(ind)
xr3.x_u35.g1_int1                         -nan(ind)            -nan(ind)
xr3.x_u38.3                                       0                    0
xr3.x_u38.5                                       0                    0
xr3.x_u39.3                                       0                    0
xr3.x_u39.5                                       0                    0
xr3.x_u4.e1_int1                          -4.67e-06            -4.67e-06
xr3.x_u40.5                                       0                    0
xr3.x_u6.g1_int1                          -nan(ind)            -nan(ind)
row3                                      -nan(ind)            -nan(ind)
xt0.n3294772                              -nan(ind)            -nan(ind)
xt0.n3294776                              -nan(ind)            -nan(ind)
xt0.n3294626                              -nan(ind)            -nan(ind)
xt0.n3294630                              -nan(ind)            -nan(ind)
xt0.mid                                   -nan(ind)            -nan(ind)
xt0.n47456861                             -nan(ind)            -nan(ind)
xt0.n4736080                              -nan(ind)            -nan(ind)
xt0.n3294524                              -nan(ind)            -nan(ind)
xt0.n47492651                             -nan(ind)            -nan(ind)
xt0.n47965841                             -nan(ind)            -nan(ind)
xt0.n4797748                              -nan(ind)            -nan(ind)
xt0.n4797760                              -nan(ind)            -nan(ind)
xt0.n48001371                             -nan(ind)            -nan(ind)
xt0.n4809008                              -nan(ind)            -nan(ind)
xt0.n2991553                              -nan(ind)            -nan(ind)
xt0.n4817896                              -nan(ind)            -nan(ind)
xt0.n2991581                              -nan(ind)            -nan(ind)
xt0.n2992397                              -nan(ind)            -nan(ind)
xt0.n2992375                              -nan(ind)            -nan(ind)
xt0.n2992413                              -nan(ind)            -nan(ind)
xt0.n2991741                              -nan(ind)            -nan(ind)
xt0.n2991765                              -nan(ind)            -nan(ind)
xt0.n2991811                              -nan(ind)            -nan(ind)
xt0.n2991831                              -nan(ind)            -nan(ind)
xt0.n2991907                              -nan(ind)            -nan(ind)
xt0.n2991925                              -nan(ind)            -nan(ind)
xt0.n2991969                              -nan(ind)            -nan(ind)
xt0.n2992033                              -nan(ind)            -nan(ind)
xt0.n2992029                              -nan(ind)            -nan(ind)
xt0.n2992093                              -nan(ind)            -nan(ind)
xt0.n2992099                              -nan(ind)            -nan(ind)
xt0.sw_ol_opa4388                         -nan(ind)            -nan(ind)
xt0.vimon                                 -nan(ind)            -nan(ind)
xt0.vout_s                                -nan(ind)            -nan(ind)
xt0.n2991657                              -nan(ind)            -nan(ind)
xt0.clamp                                 -nan(ind)            -nan(ind)
xt0.vclp                                  -nan(ind)            -nan(ind)
xt0.n4031911                              -nan(ind)            -nan(ind)
xt0.n3827259                              -nan(ind)            -nan(ind)
xt0.n3828449                              -nan(ind)            -nan(ind)
xt0.n3850714                              -nan(ind)            -nan(ind)
xt0.n3850724                              -nan(ind)            -nan(ind)
xt0.n4243633                              -nan(ind)            -nan(ind)
xt0.n2991579                              -nan(ind)            -nan(ind)
xt0.esdp                                  -nan(ind)            -nan(ind)
xt0.esdn                                  -nan(ind)            -nan(ind)
xt0.n2992163                              -nan(ind)            -nan(ind)
tdrv0                                     -nan(ind)            -nan(ind)
xt0.n3294618                              -nan(ind)            -nan(ind)
xt0.cl_clamp                              -nan(ind)            -nan(ind)
xt0.claw_clamp                            -nan(ind)            -nan(ind)
xt0.n3201092                              -nan(ind)            -nan(ind)
xt0.vcc_b                                 -nan(ind)            -nan(ind)
xt0.vee_b                                 -nan(ind)            -nan(ind)
xt0.n2991563                              -nan(ind)            -nan(ind)
xt0.n2991555                              -nan(ind)            -nan(ind)
xt0.vcc_clp                               -nan(ind)            -nan(ind)
xt0.vee_clp                               -nan(ind)            -nan(ind)
xt0.n2992299                              -nan(ind)            -nan(ind)
xt0.n2992295                              -nan(ind)            -nan(ind)
xt0.n2992323                              -nan(ind)            -nan(ind)
xt0.n2992331                              -nan(ind)            -nan(ind)
xt0.n2992235                              -nan(ind)            -nan(ind)
xt0.vsense                                -nan(ind)            -nan(ind)
xt0.n2991587                              -nan(ind)            -nan(ind)
xt0.n2991583                              -nan(ind)            -nan(ind)
xt0.n4747399                              -nan(ind)            -nan(ind)
xt0.n4745674                              -nan(ind)            -nan(ind)
xt0.n4796554                              -nan(ind)            -nan(ind)
xt0.n4749239                              -nan(ind)            -nan(ind)
xt0.n4796572                              -nan(ind)            -nan(ind)
xt0.n4798545                              -nan(ind)            -nan(ind)
xt0.n4800105                              -nan(ind)            -nan(ind)
xt0.n2991573                              -nan(ind)            -nan(ind)
xt0.n2991619                              -nan(ind)            -nan(ind)
xt0.n2991623                              -nan(ind)            -nan(ind)
xt0.n2991635                              -nan(ind)            -nan(ind)
xt0.n2991643                              -nan(ind)            -nan(ind)
xt0.n2991667                              -nan(ind)            -nan(ind)
xt0.n3294682                              -nan(ind)            -nan(ind)
xt0.n2991729                              -nan(ind)            -nan(ind)
xt0.n2991763                              -nan(ind)            -nan(ind)
xt0.n2991807                              -nan(ind)            -nan(ind)
xt0.n2991809                              -nan(ind)            -nan(ind)
xt0.n2991837                              -nan(ind)            -nan(ind)
xt0.n2991849                              -nan(ind)            -nan(ind)
xt0.n2991901                              -nan(ind)            -nan(ind)
xt0.n2991905                              -nan(ind)            -nan(ind)
xt0.n2991931                              -nan(ind)            -nan(ind)
xt0.n2991943                              -nan(ind)            -nan(ind)
xt0.n2991997                              -nan(ind)            -nan(ind)
xt0.n2992001                              -nan(ind)            -nan(ind)
xt0.v11                                   -nan(ind)            -nan(ind)
xt0.v12                                   -nan(ind)            -nan(ind)
xt0.n2992105                              -nan(ind)            -nan(ind)
e6                                        -nan(ind)            -nan(ind)
xt0.n2992151                              -nan(ind)            -nan(ind)
xt0.n2992287                              -nan(ind)            -nan(ind)
xt0.n2992267                              -nan(ind)            -nan(ind)
xt0.x_u10.gvo+_int1                       -nan(ind)            -nan(ind)
xt0.x_u10.gvo-_int1                       -nan(ind)            -nan(ind)
xt0.x_u11.gvo+_int1                       -nan(ind)            -nan(ind)
xt0.x_u11.gvo-_int1                       -nan(ind)            -nan(ind)
xt0.x_u12.gvo+_int1                       -nan(ind)            -nan(ind)
xt0.x_u12.gvo-_int1                       -nan(ind)            -nan(ind)
xt0.x_u16.gsw+_int1                       -nan(ind)            -nan(ind)
xt0.x_u18.g1_int1                         -nan(ind)            -nan(ind)
xt0.x_u18.g1_int2                         -nan(ind)            -nan(ind)
xt0.x_u19.g1_int1                         -nan(ind)            -nan(ind)
xt0.x_u19.g1_int2                         -nan(ind)            -nan(ind)
xt0.x_u22.g1_int1                         -nan(ind)            -nan(ind)
xt0.x_u23.g1_int1                         -nan(ind)            -nan(ind)
xt0.x_u26.g1_int1                         -nan(ind)            -nan(ind)
xt0.x_u27.g1_int1                         -nan(ind)            -nan(ind)
xt0.x_u30.g1_int1                         -nan(ind)            -nan(ind)
xt0.x_u31.g1_int1                         -nan(ind)            -nan(ind)
xt0.x_u32.g1_int1                         -nan(ind)            -nan(ind)
xt0.x_u35.g1_int1                         -nan(ind)            -nan(ind)
xt0.x_u38.3                                       0                    0
xt0.x_u38.5                                       0                    0
xt0.x_u39.3                                       0                    0
xt0.x_u39.5                                       0                    0
xt0.x_u4.e1_int1                          -4.67e-06            -4.67e-06
xt0.x_u40.5                                       0                    0
xt0.x_u6.g1_int1                          -nan(ind)            -nan(ind)
col0                                      -nan(ind)            -nan(ind)
minus0                                    -nan(ind)            -nan(ind)
tap0                                      -nan(ind)            -nan(ind)
ain0                                      -nan(ind)            -nan(ind)
xt1.n3294772                              -nan(ind)            -nan(ind)
xt1.n3294776                              -nan(ind)            -nan(ind)
xt1.n3294626                              -nan(ind)            -nan(ind)
xt1.n3294630                              -nan(ind)            -nan(ind)
xt1.mid                                   -nan(ind)            -nan(ind)
xt1.n47456861                             -nan(ind)            -nan(ind)
xt1.n4736080                              -nan(ind)            -nan(ind)
xt1.n3294524                              -nan(ind)            -nan(ind)
xt1.n47492651                             -nan(ind)            -nan(ind)
xt1.n47965841                             -nan(ind)            -nan(ind)
xt1.n4797748                              -nan(ind)            -nan(ind)
xt1.n4797760                              -nan(ind)            -nan(ind)
xt1.n48001371                             -nan(ind)            -nan(ind)
xt1.n4809008                              -nan(ind)            -nan(ind)
xt1.n2991553                              -nan(ind)            -nan(ind)
xt1.n4817896                              -nan(ind)            -nan(ind)
xt1.n2991581                              -nan(ind)            -nan(ind)
xt1.n2992397                              -nan(ind)            -nan(ind)
xt1.n2992375                              -nan(ind)            -nan(ind)
xt1.n2992413                              -nan(ind)            -nan(ind)
xt1.n2991741                              -nan(ind)            -nan(ind)
xt1.n2991765                              -nan(ind)            -nan(ind)
xt1.n2991811                              -nan(ind)            -nan(ind)
xt1.n2991831                              -nan(ind)            -nan(ind)
xt1.n2991907                              -nan(ind)            -nan(ind)
xt1.n2991925                              -nan(ind)            -nan(ind)
xt1.n2991969                              -nan(ind)            -nan(ind)
xt1.n2992033                              -nan(ind)            -nan(ind)
xt1.n2992029                              -nan(ind)            -nan(ind)
xt1.n2992093                              -nan(ind)            -nan(ind)
xt1.n2992099                              -nan(ind)            -nan(ind)
xt1.sw_ol_opa4388                         -nan(ind)            -nan(ind)
xt1.vimon                                 -nan(ind)            -nan(ind)
xt1.vout_s                                -nan(ind)            -nan(ind)
xt1.n2991657                              -nan(ind)            -nan(ind)
xt1.clamp                                 -nan(ind)            -nan(ind)
xt1.vclp                                  -nan(ind)            -nan(ind)
xt1.n4031911                              -nan(ind)            -nan(ind)
xt1.n3827259                              -nan(ind)            -nan(ind)
xt1.n3828449                              -nan(ind)            -nan(ind)
xt1.n3850714                              -nan(ind)            -nan(ind)
xt1.n3850724                              -nan(ind)            -nan(ind)
xt1.n4243633                              -nan(ind)            -nan(ind)
xt1.n2991579                              -nan(ind)            -nan(ind)
xt1.esdp                                  -nan(ind)            -nan(ind)
xt1.esdn                                  -nan(ind)            -nan(ind)
xt1.n2992163                              -nan(ind)            -nan(ind)
tdrv1                                     -nan(ind)            -nan(ind)
xt1.n3294618                              -nan(ind)            -nan(ind)
xt1.cl_clamp                              -nan(ind)            -nan(ind)
xt1.claw_clamp                            -nan(ind)            -nan(ind)
xt1.n3201092                              -nan(ind)            -nan(ind)
xt1.vcc_b                                 -nan(ind)            -nan(ind)
xt1.vee_b                                 -nan(ind)            -nan(ind)
xt1.n2991563                              -nan(ind)            -nan(ind)
xt1.n2991555                              -nan(ind)            -nan(ind)
xt1.vcc_clp                               -nan(ind)            -nan(ind)
xt1.vee_clp                               -nan(ind)            -nan(ind)
xt1.n2992299                              -nan(ind)            -nan(ind)
xt1.n2992295                              -nan(ind)            -nan(ind)
xt1.n2992323                              -nan(ind)            -nan(ind)
xt1.n2992331                              -nan(ind)            -nan(ind)
xt1.n2992235                              -nan(ind)            -nan(ind)
xt1.vsense                                -nan(ind)            -nan(ind)
xt1.n2991587                              -nan(ind)            -nan(ind)
xt1.n2991583                              -nan(ind)            -nan(ind)
xt1.n4747399                              -nan(ind)            -nan(ind)
xt1.n4745674                              -nan(ind)            -nan(ind)
xt1.n4796554                              -nan(ind)            -nan(ind)
xt1.n4749239                              -nan(ind)            -nan(ind)
xt1.n4796572                              -nan(ind)            -nan(ind)
xt1.n4798545                              -nan(ind)            -nan(ind)
xt1.n4800105                              -nan(ind)            -nan(ind)
xt1.n2991573                              -nan(ind)            -nan(ind)
xt1.n2991619                              -nan(ind)            -nan(ind)
xt1.n2991623                              -nan(ind)            -nan(ind)
xt1.n2991635                              -nan(ind)            -nan(ind)
xt1.n2991643                              -nan(ind)            -nan(ind)
xt1.n2991667                              -nan(ind)            -nan(ind)
xt1.n3294682                              -nan(ind)            -nan(ind)
xt1.n2991729                              -nan(ind)            -nan(ind)
xt1.n2991763                              -nan(ind)            -nan(ind)
xt1.n2991807                              -nan(ind)            -nan(ind)
xt1.n2991809                              -nan(ind)            -nan(ind)
xt1.n2991837                              -nan(ind)            -nan(ind)
xt1.n2991849                              -nan(ind)            -nan(ind)
xt1.n2991901                              -nan(ind)            -nan(ind)
xt1.n2991905                              -nan(ind)            -nan(ind)
xt1.n2991931                              -nan(ind)            -nan(ind)
xt1.n2991943                              -nan(ind)            -nan(ind)
xt1.n2991997                              -nan(ind)            -nan(ind)
xt1.n2992001                              -nan(ind)            -nan(ind)
xt1.v11                                   -nan(ind)            -nan(ind)
xt1.v12                                   -nan(ind)            -nan(ind)
xt1.n2992105                              -nan(ind)            -nan(ind)
minus1                                    -nan(ind)            -nan(ind)
xt1.n2992151                              -nan(ind)            -nan(ind)
xt1.n2992287                              -nan(ind)            -nan(ind)
xt1.n2992267                              -nan(ind)            -nan(ind)
xt1.x_u10.gvo+_int1                       -nan(ind)            -nan(ind)
xt1.x_u10.gvo-_int1                       -nan(ind)            -nan(ind)
xt1.x_u11.gvo+_int1                       -nan(ind)            -nan(ind)
xt1.x_u11.gvo-_int1                       -nan(ind)            -nan(ind)
xt1.x_u12.gvo+_int1                       -nan(ind)            -nan(ind)
xt1.x_u12.gvo-_int1                       -nan(ind)            -nan(ind)
xt1.x_u16.gsw+_int1                       -nan(ind)            -nan(ind)
xt1.x_u18.g1_int1                         -nan(ind)            -nan(ind)
xt1.x_u18.g1_int2                         -nan(ind)            -nan(ind)
xt1.x_u19.g1_int1                         -nan(ind)            -nan(ind)
xt1.x_u19.g1_int2                         -nan(ind)            -nan(ind)
xt1.x_u22.g1_int1                         -nan(ind)            -nan(ind)
xt1.x_u23.g1_int1                         -nan(ind)            -nan(ind)
xt1.x_u26.g1_int1                         -nan(ind)            -nan(ind)
xt1.x_u27.g1_int1                         -nan(ind)            -nan(ind)
xt1.x_u30.g1_int1                         -nan(ind)            -nan(ind)
xt1.x_u31.g1_int1                         -nan(ind)            -nan(ind)
xt1.x_u32.g1_int1                         -nan(ind)            -nan(ind)
xt1.x_u35.g1_int1                         -nan(ind)            -nan(ind)
xt1.x_u38.3                                       0                    0
xt1.x_u38.5                                       0                    0
xt1.x_u39.3                                       0                    0
xt1.x_u39.5                                       0                    0
xt1.x_u4.e1_int1                          -4.67e-06            -4.67e-06
xt1.x_u40.5                                       0                    0
xt1.x_u6.g1_int1                          -nan(ind)            -nan(ind)
col1                                      -nan(ind)            -nan(ind)
tap1                                      -nan(ind)            -nan(ind)
ain1                                      -nan(ind)            -nan(ind)
xt2.n3294772                              -nan(ind)            -nan(ind)
xt2.n3294776                              -nan(ind)            -nan(ind)
xt2.n3294626                              -nan(ind)            -nan(ind)
xt2.n3294630                              -nan(ind)            -nan(ind)
xt2.mid                                   -nan(ind)            -nan(ind)
xt2.n47456861                             -nan(ind)            -nan(ind)
xt2.n4736080                              -nan(ind)            -nan(ind)
xt2.n3294524                              -nan(ind)            -nan(ind)
xt2.n47492651                             -nan(ind)            -nan(ind)
xt2.n47965841                             -nan(ind)            -nan(ind)
xt2.n4797748                              -nan(ind)            -nan(ind)
xt2.n4797760                              -nan(ind)            -nan(ind)
xt2.n48001371                             -nan(ind)            -nan(ind)
xt2.n4809008                              -nan(ind)            -nan(ind)
xt2.n2991553                              -nan(ind)            -nan(ind)
xt2.n4817896                              -nan(ind)            -nan(ind)
xt2.n2991581                              -nan(ind)            -nan(ind)
xt2.n2992397                              -nan(ind)            -nan(ind)
xt2.n2992375                              -nan(ind)            -nan(ind)
xt2.n2992413                              -nan(ind)            -nan(ind)
xt2.n2991741                              -nan(ind)            -nan(ind)
xt2.n2991765                              -nan(ind)            -nan(ind)
xt2.n2991811                              -nan(ind)            -nan(ind)
xt2.n2991831                              -nan(ind)            -nan(ind)
xt2.n2991907                              -nan(ind)            -nan(ind)
xt2.n2991925                              -nan(ind)            -nan(ind)
xt2.n2991969                              -nan(ind)            -nan(ind)
xt2.n2992033                              -nan(ind)            -nan(ind)
xt2.n2992029                              -nan(ind)            -nan(ind)
xt2.n2992093                              -nan(ind)            -nan(ind)
xt2.n2992099                              -nan(ind)            -nan(ind)
xt2.sw_ol_opa4388                         -nan(ind)            -nan(ind)
xt2.vimon                                 -nan(ind)            -nan(ind)
xt2.vout_s                                -nan(ind)            -nan(ind)
xt2.n2991657                              -nan(ind)            -nan(ind)
xt2.clamp                                 -nan(ind)            -nan(ind)
xt2.vclp                                  -nan(ind)            -nan(ind)
xt2.n4031911                              -nan(ind)            -nan(ind)
xt2.n3827259                              -nan(ind)            -nan(ind)
xt2.n3828449                              -nan(ind)            -nan(ind)
xt2.n3850714                              -nan(ind)            -nan(ind)
xt2.n3850724                              -nan(ind)            -nan(ind)
xt2.n4243633                              -nan(ind)            -nan(ind)
xt2.n2991579                              -nan(ind)            -nan(ind)
xt2.esdp                                  -nan(ind)            -nan(ind)
xt2.esdn                                  -nan(ind)            -nan(ind)
xt2.n2992163                              -nan(ind)            -nan(ind)
tdrv2                                     -nan(ind)            -nan(ind)
xt2.n3294618                              -nan(ind)            -nan(ind)
xt2.cl_clamp                              -nan(ind)            -nan(ind)
xt2.claw_clamp                            -nan(ind)            -nan(ind)
xt2.n3201092                              -nan(ind)            -nan(ind)
xt2.vcc_b                                 -nan(ind)            -nan(ind)
xt2.vee_b                                 -nan(ind)            -nan(ind)
xt2.n2991563                              -nan(ind)            -nan(ind)
xt2.n2991555                              -nan(ind)            -nan(ind)
xt2.vcc_clp                               -nan(ind)            -nan(ind)
xt2.vee_clp                               -nan(ind)            -nan(ind)
xt2.n2992299                              -nan(ind)            -nan(ind)
xt2.n2992295                              -nan(ind)            -nan(ind)
xt2.n2992323                              -nan(ind)            -nan(ind)
xt2.n2992331                              -nan(ind)            -nan(ind)
xt2.n2992235                              -nan(ind)            -nan(ind)
xt2.vsense                                -nan(ind)            -nan(ind)
xt2.n2991587                              -nan(ind)            -nan(ind)
xt2.n2991583                              -nan(ind)            -nan(ind)
xt2.n4747399                              -nan(ind)            -nan(ind)
xt2.n4745674                              -nan(ind)            -nan(ind)
xt2.n4796554                              -nan(ind)            -nan(ind)
xt2.n4749239                              -nan(ind)            -nan(ind)
xt2.n4796572                              -nan(ind)            -nan(ind)
xt2.n4798545                              -nan(ind)            -nan(ind)
xt2.n4800105                              -nan(ind)            -nan(ind)
xt2.n2991573                              -nan(ind)            -nan(ind)
xt2.n2991619                              -nan(ind)            -nan(ind)
xt2.n2991623                              -nan(ind)            -nan(ind)
xt2.n2991635                              -nan(ind)            -nan(ind)
xt2.n2991643                              -nan(ind)            -nan(ind)
xt2.n2991667                              -nan(ind)            -nan(ind)
xt2.n3294682                              -nan(ind)            -nan(ind)
xt2.n2991729                              -nan(ind)            -nan(ind)
xt2.n2991763                              -nan(ind)            -nan(ind)
xt2.n2991807                              -nan(ind)            -nan(ind)
xt2.n2991809                              -nan(ind)            -nan(ind)
xt2.n2991837                              -nan(ind)            -nan(ind)
xt2.n2991849                              -nan(ind)            -nan(ind)
xt2.n2991901                              -nan(ind)            -nan(ind)
xt2.n2991905                              -nan(ind)            -nan(ind)
xt2.n2991931                              -nan(ind)            -nan(ind)
xt2.n2991943                              -nan(ind)            -nan(ind)
xt2.n2991997                              -nan(ind)            -nan(ind)
xt2.n2992001                              -nan(ind)            -nan(ind)
xt2.v11                                   -nan(ind)            -nan(ind)
xt2.v12                                   -nan(ind)            -nan(ind)
xt2.n2992105                              -nan(ind)            -nan(ind)
minus2                                    -nan(ind)            -nan(ind)
xt2.n2992151                              -nan(ind)            -nan(ind)
xt2.n2992287                              -nan(ind)            -nan(ind)
xt2.n2992267                              -nan(ind)            -nan(ind)
xt2.x_u10.gvo+_int1                       -nan(ind)            -nan(ind)
xt2.x_u10.gvo-_int1                       -nan(ind)            -nan(ind)
xt2.x_u11.gvo+_int1                       -nan(ind)            -nan(ind)
xt2.x_u11.gvo-_int1                       -nan(ind)            -nan(ind)
xt2.x_u12.gvo+_int1                       -nan(ind)            -nan(ind)
xt2.x_u12.gvo-_int1                       -nan(ind)            -nan(ind)
xt2.x_u16.gsw+_int1                       -nan(ind)            -nan(ind)
xt2.x_u18.g1_int1                         -nan(ind)            -nan(ind)
xt2.x_u18.g1_int2                         -nan(ind)            -nan(ind)
xt2.x_u19.g1_int1                         -nan(ind)            -nan(ind)
xt2.x_u19.g1_int2                         -nan(ind)            -nan(ind)
xt2.x_u22.g1_int1                         -nan(ind)            -nan(ind)
xt2.x_u23.g1_int1                         -nan(ind)            -nan(ind)
xt2.x_u26.g1_int1                         -nan(ind)            -nan(ind)
xt2.x_u27.g1_int1                         -nan(ind)            -nan(ind)
xt2.x_u30.g1_int1                         -nan(ind)            -nan(ind)
xt2.x_u31.g1_int1                         -nan(ind)            -nan(ind)
xt2.x_u32.g1_int1                         -nan(ind)            -nan(ind)
xt2.x_u35.g1_int1                         -nan(ind)            -nan(ind)
xt2.x_u38.3                                       0                    0
xt2.x_u38.5                                       0                    0
xt2.x_u39.3                                       0                    0
xt2.x_u39.5                                       0                    0
xt2.x_u4.e1_int1                          -4.67e-06            -4.67e-06
xt2.x_u40.5                                       0                    0
xt2.x_u6.g1_int1                          -nan(ind)            -nan(ind)
col2                                      -nan(ind)            -nan(ind)
tap2                                      -nan(ind)            -nan(ind)
ain2                                      -nan(ind)            -nan(ind)
xt3.n3294772                              -nan(ind)            -nan(ind)
xt3.n3294776                              -nan(ind)            -nan(ind)
xt3.n3294626                              -nan(ind)            -nan(ind)
xt3.n3294630                              -nan(ind)            -nan(ind)
xt3.mid                                   -nan(ind)            -nan(ind)
xt3.n47456861                             -nan(ind)            -nan(ind)
xt3.n4736080                              -nan(ind)            -nan(ind)
xt3.n3294524                              -nan(ind)            -nan(ind)
xt3.n47492651                             -nan(ind)            -nan(ind)
xt3.n47965841                             -nan(ind)            -nan(ind)
xt3.n4797748                              -nan(ind)            -nan(ind)
xt3.n4797760                              -nan(ind)            -nan(ind)
xt3.n48001371                             -nan(ind)            -nan(ind)
xt3.n4809008                              -nan(ind)            -nan(ind)
xt3.n2991553                              -nan(ind)            -nan(ind)
xt3.n4817896                              -nan(ind)            -nan(ind)
xt3.n2991581                              -nan(ind)            -nan(ind)
xt3.n2992397                              -nan(ind)            -nan(ind)
xt3.n2992375                              -nan(ind)            -nan(ind)
xt3.n2992413                              -nan(ind)            -nan(ind)
xt3.n2991741                              -nan(ind)            -nan(ind)
xt3.n2991765                              -nan(ind)            -nan(ind)
xt3.n2991811                              -nan(ind)            -nan(ind)
xt3.n2991831                              -nan(ind)            -nan(ind)
xt3.n2991907                              -nan(ind)            -nan(ind)
xt3.n2991925                              -nan(ind)            -nan(ind)
xt3.n2991969                              -nan(ind)            -nan(ind)
xt3.n2992033                              -nan(ind)            -nan(ind)
xt3.n2992029                              -nan(ind)            -nan(ind)
xt3.n2992093                              -nan(ind)            -nan(ind)
xt3.n2992099                              -nan(ind)            -nan(ind)
xt3.sw_ol_opa4388                         -nan(ind)            -nan(ind)
xt3.vimon                                 -nan(ind)            -nan(ind)
xt3.vout_s                                -nan(ind)            -nan(ind)
xt3.n2991657                              -nan(ind)            -nan(ind)
xt3.clamp                                 -nan(ind)            -nan(ind)
xt3.vclp                                  -nan(ind)            -nan(ind)
xt3.n4031911                              -nan(ind)            -nan(ind)
xt3.n3827259                              -nan(ind)            -nan(ind)
xt3.n3828449                              -nan(ind)            -nan(ind)
xt3.n3850714                              -nan(ind)            -nan(ind)
xt3.n3850724                              -nan(ind)            -nan(ind)
xt3.n4243633                              -nan(ind)            -nan(ind)
xt3.n2991579                              -nan(ind)            -nan(ind)
xt3.esdp                                  -nan(ind)            -nan(ind)
xt3.esdn                                  -nan(ind)            -nan(ind)
xt3.n2992163                              -nan(ind)            -nan(ind)
tdrv3                                     -nan(ind)            -nan(ind)
xt3.n3294618                              -nan(ind)            -nan(ind)
xt3.cl_clamp                              -nan(ind)            -nan(ind)
xt3.claw_clamp                            -nan(ind)            -nan(ind)
xt3.n3201092                              -nan(ind)            -nan(ind)
xt3.vcc_b                                 -nan(ind)            -nan(ind)
xt3.vee_b                                 -nan(ind)            -nan(ind)
xt3.n2991563                              -nan(ind)            -nan(ind)
xt3.n2991555                              -nan(ind)            -nan(ind)
xt3.vcc_clp                               -nan(ind)            -nan(ind)
xt3.vee_clp                               -nan(ind)            -nan(ind)
xt3.n2992299                              -nan(ind)            -nan(ind)
xt3.n2992295                              -nan(ind)            -nan(ind)
xt3.n2992323                              -nan(ind)            -nan(ind)
xt3.n2992331                              -nan(ind)            -nan(ind)
xt3.n2992235                              -nan(ind)            -nan(ind)
xt3.vsense                                -nan(ind)            -nan(ind)
xt3.n2991587                              -nan(ind)            -nan(ind)
xt3.n2991583                              -nan(ind)            -nan(ind)
xt3.n4747399                              -nan(ind)            -nan(ind)
xt3.n4745674                              -nan(ind)            -nan(ind)
xt3.n4796554                              -nan(ind)            -nan(ind)
xt3.n4749239                              -nan(ind)            -nan(ind)
xt3.n4796572                              -nan(ind)            -nan(ind)
xt3.n4798545                              -nan(ind)            -nan(ind)
xt3.n4800105                              -nan(ind)            -nan(ind)
xt3.n2991573                              -nan(ind)            -nan(ind)
xt3.n2991619                              -nan(ind)            -nan(ind)
xt3.n2991623                              -nan(ind)            -nan(ind)
xt3.n2991635                              -nan(ind)            -nan(ind)
xt3.n2991643                              -nan(ind)            -nan(ind)
xt3.n2991667                              -nan(ind)            -nan(ind)
xt3.n3294682                              -nan(ind)            -nan(ind)
xt3.n2991729                              -nan(ind)            -nan(ind)
xt3.n2991763                              -nan(ind)            -nan(ind)
xt3.n2991807                              -nan(ind)            -nan(ind)
xt3.n2991809                              -nan(ind)            -nan(ind)
xt3.n2991837                              -nan(ind)            -nan(ind)
xt3.n2991849                              -nan(ind)            -nan(ind)
xt3.n2991901                              -nan(ind)            -nan(ind)
xt3.n2991905                              -nan(ind)            -nan(ind)
xt3.n2991931                              -nan(ind)            -nan(ind)
xt3.n2991943                              -nan(ind)            -nan(ind)
xt3.n2991997                              -nan(ind)            -nan(ind)
xt3.n2992001                              -nan(ind)            -nan(ind)
xt3.v11                                   -nan(ind)            -nan(ind)
xt3.v12                                   -nan(ind)            -nan(ind)
xt3.n2992105                              -nan(ind)            -nan(ind)
minus3                                    -nan(ind)            -nan(ind)
xt3.n2992151                              -nan(ind)            -nan(ind)
xt3.n2992287                              -nan(ind)            -nan(ind)
xt3.n2992267                              -nan(ind)            -nan(ind)
xt3.x_u10.gvo+_int1                       -nan(ind)            -nan(ind)
xt3.x_u10.gvo-_int1                       -nan(ind)            -nan(ind)
xt3.x_u11.gvo+_int1                       -nan(ind)            -nan(ind)
xt3.x_u11.gvo-_int1                       -nan(ind)            -nan(ind)
xt3.x_u12.gvo+_int1                       -nan(ind)            -nan(ind)
xt3.x_u12.gvo-_int1                       -nan(ind)            -nan(ind)
xt3.x_u16.gsw+_int1                       -nan(ind)            -nan(ind)
xt3.x_u18.g1_int1                         -nan(ind)            -nan(ind)
xt3.x_u18.g1_int2                         -nan(ind)            -nan(ind)
xt3.x_u19.g1_int1                         -nan(ind)            -nan(ind)
xt3.x_u19.g1_int2                         -nan(ind)            -nan(ind)
xt3.x_u22.g1_int1                         -nan(ind)            -nan(ind)
xt3.x_u23.g1_int1                         -nan(ind)            -nan(ind)
xt3.x_u26.g1_int1                         -nan(ind)            -nan(ind)
xt3.x_u27.g1_int1                         -nan(ind)            -nan(ind)
xt3.x_u30.g1_int1                         -nan(ind)            -nan(ind)
xt3.x_u31.g1_int1                         -nan(ind)            -nan(ind)
xt3.x_u32.g1_int1                         -nan(ind)            -nan(ind)
xt3.x_u35.g1_int1                         -nan(ind)            -nan(ind)
xt3.x_u38.3                                       0                    0
xt3.x_u38.5                                       0                    0
xt3.x_u39.3                                       0                    0
xt3.x_u39.5                                       0                    0
xt3.x_u4.e1_int1                          -4.67e-06            -4.67e-06
xt3.x_u40.5                                       0                    0
xt3.x_u6.g1_int1                          -nan(ind)            -nan(ind)
col3                                      -nan(ind)            -nan(ind)
tap3                                      -nan(ind)            -nan(ind)
ain3                                      -nan(ind)            -nan(ind)
b.xt3.x_u6.bg1#branch                     -nan(ind)            -nan(ind)
b.xt3.x_u4.be1#branch                             0                    0
b.xt3.x_u35.bg1#branch                    -nan(ind)            -nan(ind)
b.xt3.x_u32.bg1#branch                    -nan(ind)            -nan(ind)
b.xt3.x_u31.bg1#branch                    -nan(ind)            -nan(ind)
b.xt3.x_u30.bg1#branch                    -nan(ind)            -nan(ind)
b.xt3.x_u27.bg1#branch                    -nan(ind)            -nan(ind)
b.xt3.x_u26.bg1#branch                    -nan(ind)            -nan(ind)
b.xt3.x_u23.bg1#branch                    -nan(ind)            -nan(ind)
b.xt3.x_u22.bg1#branch                    -nan(ind)            -nan(ind)
b.xt3.x_u19.bg1#branch                    -nan(ind)            -nan(ind)
b.xt3.x_u18.bg1#branch                    -nan(ind)            -nan(ind)
b.xt3.x_u16.bgsw+#branch                  -nan(ind)            -nan(ind)
b.xt3.x_u12.bgvo-#branch                  -nan(ind)            -nan(ind)
b.xt3.x_u12.bgvo+#branch                  -nan(ind)            -nan(ind)
b.xt3.x_u11.bgvo-#branch                  -nan(ind)            -nan(ind)
b.xt3.x_u11.bgvo+#branch                  -nan(ind)            -nan(ind)
b.xt3.x_u10.bgvo-#branch                  -nan(ind)            -nan(ind)
b.xt3.x_u10.bgvo+#branch                  -nan(ind)            -nan(ind)
b.xt2.x_u6.bg1#branch                     -nan(ind)            -nan(ind)
b.xt2.x_u4.be1#branch                             0                    0
b.xt2.x_u35.bg1#branch                    -nan(ind)            -nan(ind)
b.xt2.x_u32.bg1#branch                    -nan(ind)            -nan(ind)
b.xt2.x_u31.bg1#branch                    -nan(ind)            -nan(ind)
b.xt2.x_u30.bg1#branch                    -nan(ind)            -nan(ind)
b.xt2.x_u27.bg1#branch                    -nan(ind)            -nan(ind)
b.xt2.x_u26.bg1#branch                    -nan(ind)            -nan(ind)
b.xt2.x_u23.bg1#branch                    -nan(ind)            -nan(ind)
b.xt2.x_u22.bg1#branch                    -nan(ind)            -nan(ind)
b.xt2.x_u19.bg1#branch                    -nan(ind)            -nan(ind)
b.xt2.x_u18.bg1#branch                    -nan(ind)            -nan(ind)
b.xt2.x_u16.bgsw+#branch                  -nan(ind)            -nan(ind)
b.xt2.x_u12.bgvo-#branch                  -nan(ind)            -nan(ind)
b.xt2.x_u12.bgvo+#branch                  -nan(ind)            -nan(ind)
b.xt2.x_u11.bgvo-#branch                  -nan(ind)            -nan(ind)
b.xt2.x_u11.bgvo+#branch                  -nan(ind)            -nan(ind)
b.xt2.x_u10.bgvo-#branch                  -nan(ind)            -nan(ind)
b.xt2.x_u10.bgvo+#branch                  -nan(ind)            -nan(ind)
b.xt1.x_u6.bg1#branch                     -nan(ind)            -nan(ind)
b.xt1.x_u4.be1#branch                             0                    0
b.xt1.x_u35.bg1#branch                    -nan(ind)            -nan(ind)
b.xt1.x_u32.bg1#branch                    -nan(ind)            -nan(ind)
b.xt1.x_u31.bg1#branch                    -nan(ind)            -nan(ind)
b.xt1.x_u30.bg1#branch                    -nan(ind)            -nan(ind)
b.xt1.x_u27.bg1#branch                    -nan(ind)            -nan(ind)
b.xt1.x_u26.bg1#branch                    -nan(ind)            -nan(ind)
b.xt1.x_u23.bg1#branch                    -nan(ind)            -nan(ind)
b.xt1.x_u22.bg1#branch                    -nan(ind)            -nan(ind)
b.xt1.x_u19.bg1#branch                    -nan(ind)            -nan(ind)
b.xt1.x_u18.bg1#branch                    -nan(ind)            -nan(ind)
b.xt1.x_u16.bgsw+#branch                  -nan(ind)            -nan(ind)
b.xt1.x_u12.bgvo-#branch                  -nan(ind)            -nan(ind)
b.xt1.x_u12.bgvo+#branch                  -nan(ind)            -nan(ind)
b.xt1.x_u11.bgvo-#branch                  -nan(ind)            -nan(ind)
b.xt1.x_u11.bgvo+#branch                  -nan(ind)            -nan(ind)
b.xt1.x_u10.bgvo-#branch                  -nan(ind)            -nan(ind)
b.xt1.x_u10.bgvo+#branch                  -nan(ind)            -nan(ind)
b.xt0.x_u6.bg1#branch                     -nan(ind)            -nan(ind)
b.xt0.x_u4.be1#branch                             0                    0
b.xt0.x_u35.bg1#branch                    -nan(ind)            -nan(ind)
b.xt0.x_u32.bg1#branch                    -nan(ind)            -nan(ind)
b.xt0.x_u31.bg1#branch                    -nan(ind)            -nan(ind)
b.xt0.x_u30.bg1#branch                    -nan(ind)            -nan(ind)
b.xt0.x_u27.bg1#branch                    -nan(ind)            -nan(ind)
b.xt0.x_u26.bg1#branch                    -nan(ind)            -nan(ind)
b.xt0.x_u23.bg1#branch                    -nan(ind)            -nan(ind)
b.xt0.x_u22.bg1#branch                    -nan(ind)            -nan(ind)
b.xt0.x_u19.bg1#branch                    -nan(ind)            -nan(ind)
b.xt0.x_u18.bg1#branch                    -nan(ind)            -nan(ind)
b.xt0.x_u16.bgsw+#branch                  -nan(ind)            -nan(ind)
b.xt0.x_u12.bgvo-#branch                  -nan(ind)            -nan(ind)
b.xt0.x_u12.bgvo+#branch                  -nan(ind)            -nan(ind)
b.xt0.x_u11.bgvo-#branch                  -nan(ind)            -nan(ind)
b.xt0.x_u11.bgvo+#branch                  -nan(ind)            -nan(ind)
b.xt0.x_u10.bgvo-#branch                  -nan(ind)            -nan(ind)
b.xt0.x_u10.bgvo+#branch                  -nan(ind)            -nan(ind)
b.xr3.x_u6.bg1#branch                     -nan(ind)            -nan(ind)
b.xr3.x_u4.be1#branch                             0                    0
b.xr3.x_u35.bg1#branch                    -nan(ind)            -nan(ind)
b.xr3.x_u32.bg1#branch                    -nan(ind)            -nan(ind)
b.xr3.x_u31.bg1#branch                    -nan(ind)            -nan(ind)
b.xr3.x_u30.bg1#branch                    -nan(ind)            -nan(ind)
b.xr3.x_u27.bg1#branch                    -nan(ind)            -nan(ind)
b.xr3.x_u26.bg1#branch                    -nan(ind)            -nan(ind)
b.xr3.x_u23.bg1#branch                    -nan(ind)            -nan(ind)
b.xr3.x_u22.bg1#branch                    -nan(ind)            -nan(ind)
b.xr3.x_u19.bg1#branch                    -nan(ind)            -nan(ind)
b.xr3.x_u18.bg1#branch                    -nan(ind)            -nan(ind)
b.xr3.x_u16.bgsw+#branch                  -nan(ind)            -nan(ind)
b.xr3.x_u12.bgvo-#branch                  -nan(ind)            -nan(ind)
b.xr3.x_u12.bgvo+#branch                  -nan(ind)            -nan(ind)
b.xr3.x_u11.bgvo-#branch                  -nan(ind)            -nan(ind)
b.xr3.x_u11.bgvo+#branch                  -nan(ind)            -nan(ind)
b.xr3.x_u10.bgvo-#branch                  -nan(ind)            -nan(ind)
b.xr3.x_u10.bgvo+#branch                  -nan(ind)            -nan(ind)
bns3#branch                                       0                    0
b.xr2.x_u6.bg1#branch                     -nan(ind)            -nan(ind)
b.xr2.x_u4.be1#branch                             0                    0
b.xr2.x_u35.bg1#branch                    -nan(ind)            -nan(ind)
b.xr2.x_u32.bg1#branch                    -nan(ind)            -nan(ind)
b.xr2.x_u31.bg1#branch                    -nan(ind)            -nan(ind)
b.xr2.x_u30.bg1#branch                    -nan(ind)            -nan(ind)
b.xr2.x_u27.bg1#branch                    -nan(ind)            -nan(ind)
b.xr2.x_u26.bg1#branch                    -nan(ind)            -nan(ind)
b.xr2.x_u23.bg1#branch                    -nan(ind)            -nan(ind)
b.xr2.x_u22.bg1#branch                    -nan(ind)            -nan(ind)
b.xr2.x_u19.bg1#branch                    -nan(ind)            -nan(ind)
b.xr2.x_u18.bg1#branch                    -nan(ind)            -nan(ind)
b.xr2.x_u16.bgsw+#branch                  -nan(ind)            -nan(ind)
b.xr2.x_u12.bgvo-#branch                  -nan(ind)            -nan(ind)
b.xr2.x_u12.bgvo+#branch                  -nan(ind)            -nan(ind)
b.xr2.x_u11.bgvo-#branch                  -nan(ind)            -nan(ind)
b.xr2.x_u11.bgvo+#branch                  -nan(ind)            -nan(ind)
b.xr2.x_u10.bgvo-#branch                  -nan(ind)            -nan(ind)
b.xr2.x_u10.bgvo+#branch                  -nan(ind)            -nan(ind)
bns2#branch                                       0                    0
b.xr1.x_u6.bg1#branch                     -nan(ind)            -nan(ind)
b.xr1.x_u4.be1#branch                             0                    0
b.xr1.x_u35.bg1#branch                    -nan(ind)            -nan(ind)
b.xr1.x_u32.bg1#branch                    -nan(ind)            -nan(ind)
b.xr1.x_u31.bg1#branch                    -nan(ind)            -nan(ind)
b.xr1.x_u30.bg1#branch                    -nan(ind)            -nan(ind)
b.xr1.x_u27.bg1#branch                    -nan(ind)            -nan(ind)
b.xr1.x_u26.bg1#branch                    -nan(ind)            -nan(ind)
b.xr1.x_u23.bg1#branch                    -nan(ind)            -nan(ind)
b.xr1.x_u22.bg1#branch                    -nan(ind)            -nan(ind)
b.xr1.x_u19.bg1#branch                    -nan(ind)            -nan(ind)
b.xr1.x_u18.bg1#branch                    -nan(ind)            -nan(ind)
b.xr1.x_u16.bgsw+#branch                  -nan(ind)            -nan(ind)
b.xr1.x_u12.bgvo-#branch                  -nan(ind)            -nan(ind)
b.xr1.x_u12.bgvo+#branch                  -nan(ind)            -nan(ind)
b.xr1.x_u11.bgvo-#branch                  -nan(ind)            -nan(ind)
b.xr1.x_u11.bgvo+#branch                  -nan(ind)            -nan(ind)
b.xr1.x_u10.bgvo-#branch                  -nan(ind)            -nan(ind)
b.xr1.x_u10.bgvo+#branch                  -nan(ind)            -nan(ind)
bns1#branch                                       0                    0
b.xr0.x_u6.bg1#branch                     -nan(ind)            -nan(ind)
b.xr0.x_u4.be1#branch                             0                    0
b.xr0.x_u35.bg1#branch                    -nan(ind)            -nan(ind)
b.xr0.x_u32.bg1#branch                    -nan(ind)            -nan(ind)
b.xr0.x_u31.bg1#branch                    -nan(ind)            -nan(ind)
b.xr0.x_u30.bg1#branch                    -nan(ind)            -nan(ind)
b.xr0.x_u27.bg1#branch                    -nan(ind)            -nan(ind)
b.xr0.x_u26.bg1#branch                    -nan(ind)            -nan(ind)
b.xr0.x_u23.bg1#branch                    -nan(ind)            -nan(ind)
b.xr0.x_u22.bg1#branch                    -nan(ind)            -nan(ind)
b.xr0.x_u19.bg1#branch                    -nan(ind)            -nan(ind)
b.xr0.x_u18.bg1#branch                    -nan(ind)            -nan(ind)
b.xr0.x_u16.bgsw+#branch                  -nan(ind)            -nan(ind)
b.xr0.x_u12.bgvo-#branch                  -nan(ind)            -nan(ind)
b.xr0.x_u12.bgvo+#branch                  -nan(ind)            -nan(ind)
b.xr0.x_u11.bgvo-#branch                  -nan(ind)            -nan(ind)
b.xr0.x_u11.bgvo+#branch                  -nan(ind)            -nan(ind)
b.xr0.x_u10.bgvo-#branch                  -nan(ind)            -nan(ind)
b.xr0.x_u10.bgvo+#branch                  -nan(ind)            -nan(ind)
bns0#branch                                       0                    0
b.xex.x_u6.bg1#branch                     -nan(ind)            -nan(ind)
b.xex.x_u4.be1#branch                             0                    0
b.xex.x_u35.bg1#branch                    -nan(ind)            -nan(ind)
b.xex.x_u32.bg1#branch                    -nan(ind)            -nan(ind)
b.xex.x_u31.bg1#branch                    -nan(ind)            -nan(ind)
b.xex.x_u30.bg1#branch                    -nan(ind)            -nan(ind)
b.xex.x_u27.bg1#branch                    -nan(ind)            -nan(ind)
b.xex.x_u26.bg1#branch                    -nan(ind)            -nan(ind)
b.xex.x_u23.bg1#branch                    -nan(ind)            -nan(ind)
b.xex.x_u22.bg1#branch                    -nan(ind)            -nan(ind)
b.xex.x_u19.bg1#branch                    -nan(ind)            -nan(ind)
b.xex.x_u18.bg1#branch                    -nan(ind)            -nan(ind)
b.xex.x_u16.bgsw+#branch                  -nan(ind)            -nan(ind)
b.xex.x_u12.bgvo-#branch                  -nan(ind)            -nan(ind)
b.xex.x_u12.bgvo+#branch                  -nan(ind)            -nan(ind)
b.xex.x_u11.bgvo-#branch                  -nan(ind)            -nan(ind)
b.xex.x_u11.bgvo+#branch                  -nan(ind)            -nan(ind)
b.xex.x_u10.bgvo-#branch                  -nan(ind)            -nan(ind)
b.xex.x_u10.bgvo+#branch                  -nan(ind)            -nan(ind)
b.xcm.x_u6.bg1#branch                     -nan(ind)            -nan(ind)
b.xcm.x_u4.be1#branch                             0                    0
b.xcm.x_u35.bg1#branch                    -nan(ind)            -nan(ind)
b.xcm.x_u32.bg1#branch                    -nan(ind)            -nan(ind)
b.xcm.x_u31.bg1#branch                    -nan(ind)            -nan(ind)
b.xcm.x_u30.bg1#branch                    -nan(ind)            -nan(ind)
b.xcm.x_u27.bg1#branch                    -nan(ind)            -nan(ind)
b.xcm.x_u26.bg1#branch                    -nan(ind)            -nan(ind)
b.xcm.x_u23.bg1#branch                    -nan(ind)            -nan(ind)
b.xcm.x_u22.bg1#branch                    -nan(ind)            -nan(ind)
b.xcm.x_u19.bg1#branch                    -nan(ind)            -nan(ind)
b.xcm.x_u18.bg1#branch                    -nan(ind)            -nan(ind)
b.xcm.x_u16.bgsw+#branch                  -nan(ind)            -nan(ind)
b.xcm.x_u12.bgvo-#branch                  -nan(ind)            -nan(ind)
b.xcm.x_u12.bgvo+#branch                  -nan(ind)            -nan(ind)
b.xcm.x_u11.bgvo-#branch                  -nan(ind)            -nan(ind)
b.xcm.x_u11.bgvo+#branch                  -nan(ind)            -nan(ind)
b.xcm.x_u10.bgvo-#branch                  -nan(ind)            -nan(ind)
b.xcm.x_u10.bgvo+#branch                  -nan(ind)            -nan(ind)
h.xt3.x_h3.h_h3#branch                    -nan(ind)            -nan(ind)
v.xt3.x_h3.vh_h3#branch                   -nan(ind)            -nan(ind)
h.xt3.x_h2.h_h2#branch                    -nan(ind)            -nan(ind)
v.xt3.x_h2.vh_h2#branch                   -nan(ind)            -nan(ind)
h.xt3.x_h1.h_h1#branch                    -nan(ind)            -nan(ind)
v.xt3.x_h1.vh_h1#branch                   -nan(ind)            -nan(ind)
h.xt2.x_h3.h_h3#branch                    -nan(ind)            -nan(ind)
v.xt2.x_h3.vh_h3#branch                   -nan(ind)            -nan(ind)
h.xt2.x_h2.h_h2#branch                    -nan(ind)            -nan(ind)
v.xt2.x_h2.vh_h2#branch                   -nan(ind)            -nan(ind)
h.xt2.x_h1.h_h1#branch                    -nan(ind)            -nan(ind)
v.xt2.x_h1.vh_h1#branch                   -nan(ind)            -nan(ind)
h.xt1.x_h3.h_h3#branch                    -nan(ind)            -nan(ind)
v.xt1.x_h3.vh_h3#branch                   -nan(ind)            -nan(ind)
h.xt1.x_h2.h_h2#branch                    -nan(ind)            -nan(ind)
v.xt1.x_h2.vh_h2#branch                   -nan(ind)            -nan(ind)
h.xt1.x_h1.h_h1#branch                    -nan(ind)            -nan(ind)
v.xt1.x_h1.vh_h1#branch                   -nan(ind)            -nan(ind)
h.xt0.x_h3.h_h3#branch                    -nan(ind)            -nan(ind)
v.xt0.x_h3.vh_h3#branch                   -nan(ind)            -nan(ind)
h.xt0.x_h2.h_h2#branch                    -nan(ind)            -nan(ind)
v.xt0.x_h2.vh_h2#branch                   -nan(ind)            -nan(ind)
h.xt0.x_h1.h_h1#branch                    -nan(ind)            -nan(ind)
v.xt0.x_h1.vh_h1#branch                   -nan(ind)            -nan(ind)
h.xr3.x_h3.h_h3#branch                    -nan(ind)            -nan(ind)
v.xr3.x_h3.vh_h3#branch                   -nan(ind)            -nan(ind)
h.xr3.x_h2.h_h2#branch                    -nan(ind)            -nan(ind)
v.xr3.x_h2.vh_h2#branch                   -nan(ind)            -nan(ind)
h.xr3.x_h1.h_h1#branch                    -nan(ind)            -nan(ind)
v.xr3.x_h1.vh_h1#branch                   -nan(ind)            -nan(ind)
h.xr2.x_h3.h_h3#branch                    -nan(ind)            -nan(ind)
v.xr2.x_h3.vh_h3#branch                   -nan(ind)            -nan(ind)
h.xr2.x_h2.h_h2#branch                    -nan(ind)            -nan(ind)
v.xr2.x_h2.vh_h2#branch                   -nan(ind)            -nan(ind)
h.xr2.x_h1.h_h1#branch                    -nan(ind)            -nan(ind)
v.xr2.x_h1.vh_h1#branch                   -nan(ind)            -nan(ind)
h.xr1.x_h3.h_h3#branch                    -nan(ind)            -nan(ind)
v.xr1.x_h3.vh_h3#branch                   -nan(ind)            -nan(ind)
h.xr1.x_h2.h_h2#branch                    -nan(ind)            -nan(ind)
v.xr1.x_h2.vh_h2#branch                   -nan(ind)            -nan(ind)
h.xr1.x_h1.h_h1#branch                    -nan(ind)            -nan(ind)
v.xr1.x_h1.vh_h1#branch                   -nan(ind)            -nan(ind)
h.xr0.x_h3.h_h3#branch                    -nan(ind)            -nan(ind)
v.xr0.x_h3.vh_h3#branch                   -nan(ind)            -nan(ind)
h.xr0.x_h2.h_h2#branch                    -nan(ind)            -nan(ind)
v.xr0.x_h2.vh_h2#branch                   -nan(ind)            -nan(ind)
h.xr0.x_h1.h_h1#branch                    -nan(ind)            -nan(ind)
v.xr0.x_h1.vh_h1#branch                   -nan(ind)            -nan(ind)
h.xex.x_h3.h_h3#branch                    -nan(ind)            -nan(ind)
v.xex.x_h3.vh_h3#branch                   -nan(ind)            -nan(ind)
h.xex.x_h2.h_h2#branch                    -nan(ind)            -nan(ind)
v.xex.x_h2.vh_h2#branch                   -nan(ind)            -nan(ind)
h.xex.x_h1.h_h1#branch                    -nan(ind)            -nan(ind)
v.xex.x_h1.vh_h1#branch                   -nan(ind)            -nan(ind)
h.xcm.x_h3.h_h3#branch                    -nan(ind)            -nan(ind)
v.xcm.x_h3.vh_h3#branch                   -nan(ind)            -nan(ind)
h.xcm.x_h2.h_h2#branch                    -nan(ind)            -nan(ind)
v.xcm.x_h2.vh_h2#branch                   -nan(ind)            -nan(ind)
h.xcm.x_h1.h_h1#branch                    -nan(ind)            -nan(ind)
v.xcm.x_h1.vh_h1#branch                   -nan(ind)            -nan(ind)
e.xt3.x_u40.e3#branch                     -nan(ind)            -nan(ind)
e.xt3.x_u4.e1#branch                      -nan(ind)            -nan(ind)
e.xt3.x_u39.e1#branch                             0                    0
e.xt3.x_u38.e1#branch                             0                    0
e.xt3.e_e4#branch                         -nan(ind)            -nan(ind)
e.xt3.e_e3#branch                         -nan(ind)            -nan(ind)
e.xt3.e_e1#branch                         -nan(ind)            -nan(ind)
e.xt2.x_u40.e3#branch                     -nan(ind)            -nan(ind)
e.xt2.x_u4.e1#branch                      -nan(ind)            -nan(ind)
e.xt2.x_u39.e1#branch                             0                    0
e.xt2.x_u38.e1#branch                             0                    0
e.xt2.e_e4#branch                         -nan(ind)            -nan(ind)
e.xt2.e_e3#branch                         -nan(ind)            -nan(ind)
e.xt2.e_e1#branch                         -nan(ind)            -nan(ind)
e.xt1.x_u40.e3#branch                     -nan(ind)            -nan(ind)
e.xt1.x_u4.e1#branch                      -nan(ind)            -nan(ind)
e.xt1.x_u39.e1#branch                             0                    0
e.xt1.x_u38.e1#branch                             0                    0
e.xt1.e_e4#branch                         -nan(ind)            -nan(ind)
e.xt1.e_e3#branch                         -nan(ind)            -nan(ind)
e.xt1.e_e1#branch                         -nan(ind)            -nan(ind)
e.xt0.x_u40.e3#branch                     -nan(ind)            -nan(ind)
e.xt0.x_u4.e1#branch                      -nan(ind)            -nan(ind)
e.xt0.x_u39.e1#branch                             0                    0
e.xt0.x_u38.e1#branch                             0                    0
e.xt0.e_e4#branch                         -nan(ind)            -nan(ind)
e.xt0.e_e3#branch                         -nan(ind)            -nan(ind)
e.xt0.e_e1#branch                         -nan(ind)            -nan(ind)
e.xr3.x_u40.e3#branch                     -nan(ind)            -nan(ind)
e.xr3.x_u4.e1#branch                      -nan(ind)            -nan(ind)
e.xr3.x_u39.e1#branch                             0                    0
e.xr3.x_u38.e1#branch                             0                    0
e.xr3.e_e4#branch                         -nan(ind)            -nan(ind)
e.xr3.e_e3#branch                         -nan(ind)            -nan(ind)
e.xr3.e_e1#branch                         -nan(ind)            -nan(ind)
e.xr2.x_u40.e3#branch                     -nan(ind)            -nan(ind)
e.xr2.x_u4.e1#branch                      -nan(ind)            -nan(ind)
e.xr2.x_u39.e1#branch                             0                    0
e.xr2.x_u38.e1#branch                             0                    0
e.xr2.e_e4#branch                         -nan(ind)            -nan(ind)
e.xr2.e_e3#branch                         -nan(ind)            -nan(ind)
e.xr2.e_e1#branch                         -nan(ind)            -nan(ind)
e.xr1.x_u40.e3#branch                     -nan(ind)            -nan(ind)
e.xr1.x_u4.e1#branch                      -nan(ind)            -nan(ind)
e.xr1.x_u39.e1#branch                             0                    0
e.xr1.x_u38.e1#branch                             0                    0
e.xr1.e_e4#branch                         -nan(ind)            -nan(ind)
e.xr1.e_e3#branch                         -nan(ind)            -nan(ind)
e.xr1.e_e1#branch                         -nan(ind)            -nan(ind)
e.xr0.x_u40.e3#branch                     -nan(ind)            -nan(ind)
e.xr0.x_u4.e1#branch                      -nan(ind)            -nan(ind)
e.xr0.x_u39.e1#branch                             0                    0
e.xr0.x_u38.e1#branch                             0                    0
e.xr0.e_e4#branch                         -nan(ind)            -nan(ind)
e.xr0.e_e3#branch                         -nan(ind)            -nan(ind)
e.xr0.e_e1#branch                         -nan(ind)            -nan(ind)
e.xex.x_u40.e3#branch                     -nan(ind)            -nan(ind)
e.xex.x_u4.e1#branch                      -nan(ind)            -nan(ind)
e.xex.x_u39.e1#branch                             0                    0
e.xex.x_u38.e1#branch                             0                    0
e.xex.e_e4#branch                         -nan(ind)            -nan(ind)
e.xex.e_e3#branch                         -nan(ind)            -nan(ind)
e.xex.e_e1#branch                         -nan(ind)            -nan(ind)
e.xcm.x_u40.e3#branch                     -nan(ind)            -nan(ind)
e.xcm.x_u4.e1#branch                      -nan(ind)            -nan(ind)
e.xcm.x_u39.e1#branch                             0                    0
e.xcm.x_u38.e1#branch                             0                    0
e.xcm.e_e4#branch                         -nan(ind)            -nan(ind)
e.xcm.e_e3#branch                         -nan(ind)            -nan(ind)
e.xcm.e_e1#branch                         -nan(ind)            -nan(ind)
vt6#branch                                -nan(ind)            -nan(ind)
v.xt3.v_v_orp#branch                      -nan(ind)            -nan(ind)
v.xt3.v_v_orn#branch                      -nan(ind)            -nan(ind)
v.xt3.v_v_iscp#branch                     -nan(ind)            -nan(ind)
v.xt3.v_v_iscn#branch                     -nan(ind)            -nan(ind)
v.xt3.v_v_grp#branch                      -nan(ind)            -nan(ind)
v.xt3.v_v_grn#branch                      -nan(ind)            -nan(ind)
v.xt3.v_vcm_min#branch                    -nan(ind)            -nan(ind)
v.xt3.v_vcm_max#branch                    -nan(ind)            -nan(ind)
v.xt2.v_v_orp#branch                      -nan(ind)            -nan(ind)
v.xt2.v_v_orn#branch                      -nan(ind)            -nan(ind)
v.xt2.v_v_iscp#branch                     -nan(ind)            -nan(ind)
v.xt2.v_v_iscn#branch                     -nan(ind)            -nan(ind)
v.xt2.v_v_grp#branch                      -nan(ind)            -nan(ind)
v.xt2.v_v_grn#branch                      -nan(ind)            -nan(ind)
v.xt2.v_vcm_min#branch                    -nan(ind)            -nan(ind)
v.xt2.v_vcm_max#branch                    -nan(ind)            -nan(ind)
v.xt1.v_v_orp#branch                      -nan(ind)            -nan(ind)
v.xt1.v_v_orn#branch                      -nan(ind)            -nan(ind)
v.xt1.v_v_iscp#branch                     -nan(ind)            -nan(ind)
v.xt1.v_v_iscn#branch                     -nan(ind)            -nan(ind)
v.xt1.v_v_grp#branch                      -nan(ind)            -nan(ind)
v.xt1.v_v_grn#branch                      -nan(ind)            -nan(ind)
v.xt1.v_vcm_min#branch                    -nan(ind)            -nan(ind)
v.xt1.v_vcm_max#branch                    -nan(ind)            -nan(ind)
v.xt0.v_v_orp#branch                      -nan(ind)            -nan(ind)
v.xt0.v_v_orn#branch                      -nan(ind)            -nan(ind)
v.xt0.v_v_iscp#branch                     -nan(ind)            -nan(ind)
v.xt0.v_v_iscn#branch                     -nan(ind)            -nan(ind)
v.xt0.v_v_grp#branch                      -nan(ind)            -nan(ind)
v.xt0.v_v_grn#branch                      -nan(ind)            -nan(ind)
v.xt0.v_vcm_min#branch                    -nan(ind)            -nan(ind)
v.xt0.v_vcm_max#branch                    -nan(ind)            -nan(ind)
v.xr3.v_v_orp#branch                      -nan(ind)            -nan(ind)
v.xr3.v_v_orn#branch                      -nan(ind)            -nan(ind)
v.xr3.v_v_iscp#branch                     -nan(ind)            -nan(ind)
v.xr3.v_v_iscn#branch                     -nan(ind)            -nan(ind)
v.xr3.v_v_grp#branch                      -nan(ind)            -nan(ind)
v.xr3.v_v_grn#branch                      -nan(ind)            -nan(ind)
v.xr3.v_vcm_min#branch                    -nan(ind)            -nan(ind)
v.xr3.v_vcm_max#branch                    -nan(ind)            -nan(ind)
vsel3#branch                                      0                    0
v.xr2.v_v_orp#branch                      -nan(ind)            -nan(ind)
v.xr2.v_v_orn#branch                      -nan(ind)            -nan(ind)
v.xr2.v_v_iscp#branch                     -nan(ind)            -nan(ind)
v.xr2.v_v_iscn#branch                     -nan(ind)            -nan(ind)
v.xr2.v_v_grp#branch                      -nan(ind)            -nan(ind)
v.xr2.v_v_grn#branch                      -nan(ind)            -nan(ind)
v.xr2.v_vcm_min#branch                    -nan(ind)            -nan(ind)
v.xr2.v_vcm_max#branch                    -nan(ind)            -nan(ind)
vsel2#branch                                      0                    0
v.xr1.v_v_orp#branch                      -nan(ind)            -nan(ind)
v.xr1.v_v_orn#branch                      -nan(ind)            -nan(ind)
v.xr1.v_v_iscp#branch                     -nan(ind)            -nan(ind)
v.xr1.v_v_iscn#branch                     -nan(ind)            -nan(ind)
v.xr1.v_v_grp#branch                      -nan(ind)            -nan(ind)
v.xr1.v_v_grn#branch                      -nan(ind)            -nan(ind)
v.xr1.v_vcm_min#branch                    -nan(ind)            -nan(ind)
v.xr1.v_vcm_max#branch                    -nan(ind)            -nan(ind)
vsel1#branch                                      0                    0
v.xr0.v_v_orp#branch                      -nan(ind)            -nan(ind)
v.xr0.v_v_orn#branch                      -nan(ind)            -nan(ind)
v.xr0.v_v_iscp#branch                     -nan(ind)            -nan(ind)
v.xr0.v_v_iscn#branch                     -nan(ind)            -nan(ind)
v.xr0.v_v_grp#branch                      -nan(ind)            -nan(ind)
v.xr0.v_v_grn#branch                      -nan(ind)            -nan(ind)
v.xr0.v_vcm_min#branch                    -nan(ind)            -nan(ind)
v.xr0.v_vcm_max#branch                    -nan(ind)            -nan(ind)
vsel0#branch                                      0                    0
v.xex.v_v_orp#branch                      -nan(ind)            -nan(ind)
v.xex.v_v_orn#branch                      -nan(ind)            -nan(ind)
v.xex.v_v_iscp#branch                     -nan(ind)            -nan(ind)
v.xex.v_v_iscn#branch                     -nan(ind)            -nan(ind)
v.xex.v_v_grp#branch                      -nan(ind)            -nan(ind)
v.xex.v_v_grn#branch                      -nan(ind)            -nan(ind)
v.xex.v_vcm_min#branch                    -nan(ind)            -nan(ind)
v.xex.v_vcm_max#branch                    -nan(ind)            -nan(ind)
v.xcm.v_v_orp#branch                      -nan(ind)            -nan(ind)
v.xcm.v_v_orn#branch                      -nan(ind)            -nan(ind)
v.xcm.v_v_iscp#branch                     -nan(ind)            -nan(ind)
v.xcm.v_v_iscn#branch                     -nan(ind)            -nan(ind)
v.xcm.v_v_grp#branch                      -nan(ind)            -nan(ind)
v.xcm.v_v_grn#branch                      -nan(ind)            -nan(ind)
v.xcm.v_vcm_min#branch                    -nan(ind)            -nan(ind)
v.xcm.v_vcm_max#branch                    -nan(ind)            -nan(ind)
vref#branch                               -nan(ind)            -nan(ind)
v5#branch                                 -nan(ind)            -nan(ind)
a.xt3.x_u19.ag1#branch_1_0                -nan(ind)            -nan(ind)
a.xt3.x_u18.ag1#branch_1_0                -nan(ind)            -nan(ind)
a.xt2.x_u19.ag1#branch_1_0                -nan(ind)            -nan(ind)
a.xt2.x_u18.ag1#branch_1_0                -nan(ind)            -nan(ind)
a.xt1.x_u19.ag1#branch_1_0                -nan(ind)            -nan(ind)
a.xt1.x_u18.ag1#branch_1_0                -nan(ind)            -nan(ind)
a.xt0.x_u19.ag1#branch_1_0                -nan(ind)            -nan(ind)
a.xt0.x_u18.ag1#branch_1_0                -nan(ind)            -nan(ind)
a.xr3.x_u19.ag1#branch_1_0                -nan(ind)            -nan(ind)
a.xr3.x_u18.ag1#branch_1_0                -nan(ind)            -nan(ind)
a.xr2.x_u19.ag1#branch_1_0                -nan(ind)            -nan(ind)
a.xr2.x_u18.ag1#branch_1_0                -nan(ind)            -nan(ind)
a.xr1.x_u19.ag1#branch_1_0                -nan(ind)            -nan(ind)
a.xr1.x_u18.ag1#branch_1_0                -nan(ind)            -nan(ind)
a.xr0.x_u19.ag1#branch_1_0                -nan(ind)            -nan(ind)
a.xr0.x_u18.ag1#branch_1_0                -nan(ind)            -nan(ind)
a.xex.x_u19.ag1#branch_1_0                -nan(ind)            -nan(ind)
a.xex.x_u18.ag1#branch_1_0                -nan(ind)            -nan(ind)
a.xcm.x_u19.ag1#branch_1_0                -nan(ind)            -nan(ind)
a.xcm.x_u18.ag1#branch_1_0                -nan(ind)            -nan(ind)

ngspice-47 done
