frequency,ip0,ip0,ip1,ip1,ip2,ip2,ip3,ip3,ip4,ip4,ip5,ip5,ip6,ip6,ip7,ip7,ip8,ip8,ip9,ip9,v(e0),v(e0),v(e1),v(e1),v(e2),v(e2),v(e3),v(e3),v(e4),v(e4),v(e5),v(e5),v(e6),v(e6),v(e7),v(e7),v(e8),v(e8),v(e9),v(e9)
1.000000000000000000e+00,-9.999999999976199039e-01,6.099396815661137575e-12,3.535094772466607083e-09,-1.269755271727884377e-07,-9.470631170786780739e-09,-6.808835439908733633e-10,-9.474110664823426342e-09,-6.476467695470944363e-10,-9.471277174436659729e-09,-6.748801378853030997e-10,-9.470631170353099870e-09,-6.808835856242367868e-10,3.976576512521035056e-09,-1.409293172746929330e-07,3.976576512521035056e-09,-1.409293172746929330e-07,3.976576512521035056e-09,-1.409293172746929330e-07,3.976576512521035056e-09,-1.409293172746963212e-07,2.405206561046681346e-04,6.090114571081725083e-04,-4.491000095127779787e+03,1.918700863381194235e-02,-1.384105818764511220e+01,3.350627737582199188e+02,-1.266278876734767778e+01,3.351529640023138654e+02,-1.362821337686013834e+01,3.350796836743747349e+02,-1.384105818769423024e+01,3.350627737586538615e+02,-4.989995130726641946e+03,3.549008929028985709e-02,-4.989995130726641946e+03,3.549008929028985709e-02,-4.989995130726641946e+03,3.549008929028985709e-02,-4.989995130726641037e+03,3.549008929028994036e-02
1.029207941669011861e+00,-9.999999999976215692e-01,6.277547623535068271e-12,3.535061909865078178e-09,-1.306842209638932239e-07,-9.471985313713043864e-09,-6.645087535783744670e-10,-9.475275629215740292e-09,-6.322040391193439746e-10,-9.472596178804193467e-09,-6.586735462610349146e-10,-9.471985314580405602e-09,-6.645087535783744670e-10,3.976514117987051122e-09,-1.450457806267763594e-07,3.976514117987051122e-09,-1.450457806267763594e-07,3.976514117987051122e-09,-1.450457806267763594e-07,3.976514173498202354e-09,-1.450457806267729712e-07,2.405206024173028173e-04,6.267994264601678932e-04,-4.491000095129143119e+03,1.974742165997944721e-02,-1.311739445404986171e+01,3.255809842917097967e+02,-1.200479839025259032e+01,3.256638942841460675e+02,-1.291640886669834742e+01,3.255965282832702314e+02,-1.311739445410079163e+01,3.255809842915775789e+02,-4.989995129906453258e+03,3.650586928945939030e-02,-4.989995129906453258e+03,3.650586928945939030e-02,-4.989995129906454167e+03,3.650586928923202357e-02,-4.989995129906452348e+03,3.650586928945936255e-02
1.059268987194564193e+00,-9.999999999976230125e-01,6.460901846283540438e-12,3.535027603973617261e-09,-1.345012380669213047e-07,-9.473263004773635476e-09,-6.486790410376030991e-10,-9.476374665442349743e-09,-6.172809347004815095e-10,-9.473840685038370513e-09,-6.430074528385176791e-10,-9.473263003906273738e-09,-6.486790271598152913e-10,3.976447449094422382e-09,-1.492824715262192591e-07,3.976447449094422382e-09,-1.492824715262158709e-07,3.976447449094422382e-09,-1.492824715262192591e-07,3.976447338072119919e-09,-1.492824715262192591e-07,2.405205438705450977e-04,6.451069456242308287e-04,-4.491000095130571026e+03,2.032420319720635096e-02,-1.243411079504157613e+01,3.163660281405182104e+02,-1.138354108319073710e+01,3.164422538160795852e+02,-1.224432625413866838e+01,3.163803180259060923e+02,-1.243411079499610672e+01,3.163660281406745867e+02,-4.989995129125166386e+03,3.755190565597472246e-02,-4.989995129125166386e+03,3.755190565620209614e-02,-4.989995129125166386e+03,3.755190565597472246e-02,-4.989995129125166386e+03,3.755190565574734879e-02
1.090208053984336400e+00,-9.999999999976246778e-01,6.649611474651576440e-12,3.534991299680712018e-09,-1.384297423828444065e-07,-9.474468443300410048e-09,-6.333817637038663406e-10,-9.477411393003787321e-09,-6.028653409817508191e-10,-9.475014787086594170e-09,-6.278693120975731290e-10,-9.474468442866729179e-09,-6.333817706427602445e-10,3.976375839709334059e-09,-1.536429017363301678e-07,3.976375784198182828e-09,-1.536429017363233915e-07,3.976375839709334059e-09,-1.536429017363301678e-07,3.976375839709334059e-09,-1.536429017363267796e-07,2.405204840591358001e-04,6.639491902025656611e-04,-4.491000095132104434e+03,2.091783133660887750e-02,-1.178895987365530473e+01,3.074105178588094986e+02,-1.079697057546174577e+01,3.074806061967446453e+02,-1.160975444499719345e+01,3.074236562734699305e+02,-1.178895987361164899e+01,3.074105178586947318e+02,-4.989995128380212918e+03,3.862906570121548561e-02,-4.989995128380212009e+03,3.862906570144288704e-02,-4.989995128380212918e+03,3.862906570098811193e-02,-4.989995128380212918e+03,3.862906570144283153e-02
1.122050787232197866e+00,-9.999999999976263432e-01,6.843832923437282150e-12,3.534952885964059988e-09,-1.424729902236797737e-07,-9.475605598774361482e-09,-6.186046536127420836e-10,-9.478389227136896356e-09,-5.889456769492262822e-10,-9.476122346443321964e-09,-6.132469879127633305e-10,-9.475605597906999744e-09,-6.186046605516359875e-10,3.976299067787181230e-09,-1.581306855872983909e-07,3.976299067787181230e-09,-1.581306855872983909e-07,3.976299067787181230e-09,-1.581306855872983909e-07,3.976299067787181230e-09,-1.581306855872983909e-07,2.405204188889627226e-04,6.833417782782650381e-04,-4.491000095133711511e+03,2.152879813297775904e-02,-1.117981879186550742e+01,2.987072603913748026e+02,-1.024315410983403751e+01,2.987717134341382916e+02,-1.101060482057912715e+01,2.987193415386889797e+02,-1.117981879186187477e+01,2.987072603915260629e+02,-4.989995127669138128e+03,3.973824251075087910e-02,-4.989995127669137219e+03,3.973824251075090686e-02,-4.989995127669138128e+03,3.973824251075087910e-02,-4.989995127669137219e+03,3.973824251006878583e-02
1.154823581175344671e+00,-9.999999999976282306e-01,7.043727177181513879e-12,3.534911585667543932e-09,-1.466343330116063945e-07,-9.476678211259303986e-09,-6.043359077056997819e-10,-9.479311392692618687e-09,-5.755107709837226082e-10,-9.477167012533066481e-09,-5.991287604922845844e-10,-9.476678211692984855e-09,-6.043359215834875897e-10,3.976217133327963893e-09,-1.627495429722105246e-07,3.976217133327963893e-09,-1.627495429722105246e-07,3.976217077816812662e-09,-1.627495429722003602e-07,3.976217077816812662e-09,-1.627495429721969721e-07,2.405203492678795185e-04,7.033007835015339616e-04,-4.491000095135425909e+03,2.215761001065873551e-02,-1.060468226893670263e+01,2.902492528102041547e+02,-9.720266196906891309e+00,2.903085313539456820e+02,-1.044490451739353354e+01,2.902603631581316108e+02,-1.060468226893397592e+01,2.902492528103680911e+02,-4.989995126989596429e+03,4.088035568934367953e-02,-4.989995126989596429e+03,4.088035568934367953e-02,-4.989995126989594610e+03,4.088035568979842688e-02,-4.989995126989593700e+03,4.088035568979839912e-02
1.188553600972313440e+00,-9.999999999976302290e-01,7.249459933316446461e-12,3.534868509014188476e-09,-1.509172200569518530e-07,-9.477689815254319861e-09,-5.905640698689040846e-10,-9.480180927605441621e-09,-5.625497082051289510e-10,-9.478152225312480583e-09,-5.855032708668161945e-10,-9.477689815254319861e-09,-5.905640490522223729e-10,3.976129703264774662e-09,-1.675033024302436074e-07,3.976129703264774662e-09,-1.675033024302402193e-07,3.976129703264774662e-09,-1.675033024302436074e-07,3.976129703264774662e-09,-1.675033024302402193e-07,2.405202774248427905e-04,7.238427503865291039e-04,-4.491000095137241260e+03,2.280478818912470493e-02,-1.006165618759964708e+01,2.820296780695519487e+02,-9.226582707907679648e+00,2.820842050474531675e+02,-9.910790071427312498e+00,2.820398969800800160e+02,-1.006165618750141455e+01,2.820296780692355014e+02,-4.989995126339345916e+03,4.205635212719645299e-02,-4.989995126339344097e+03,4.205635212719650851e-02,-4.989995126339345916e+03,4.205635212719645299e-02,-4.989995126339345006e+03,4.205635212719640442e-02
1.223268805220006694e+00,-9.999999999976323384e-01,7.461201716515021131e-12,3.534822545780968994e-09,-1.553252014173054564e-07,-9.478643743163206459e-09,-5.772779892998514129e-10,-9.481000702625877463e-09,-5.500520247614382185e-10,-9.479081231533389995e-09,-5.723595347673082756e-10,-9.478643742946366024e-09,-5.772779823609575089e-10,3.976036444530706149e-09,-1.723959043202468518e-07,3.976036389019554917e-09,-1.723959043202468518e-07,3.976036444530706149e-09,-1.723959043202468518e-07,3.976036389019554917e-09,-1.723959043202468518e-07,2.405202014092409912e-04,7.449847056921997390e-04,-4.491000095139160294e+03,2.347086911028649012e-02,-9.548951485102902481e+00,2.740419007842103269e+02,-8.760475288066643884e+00,2.740920643809654393e+02,-9.406501403465043154e+00,2.740513011009729212e+02,-9.548951485151100371e+00,2.740419007838987682e+02,-4.989995125716243820e+03,4.326720678147552568e-02,-4.989995125716242910e+03,4.326720678124815200e-02,-4.989995125716243820e+03,4.326720678147552568e-02,-4.989995125716244729e+03,4.326720678147541466e-02
1.258997969128394567e+00,-9.999999999976347809e-01,7.679128039627205506e-12,3.534774029034792875e-09,-1.598619308401073047e-07,-9.479543135919657471e-09,-5.644670009186114612e-10,-9.481773418935218745e-09,-5.380076245620202258e-10,-9.479957093416410685e-09,-5.596869218083000419e-10,-9.479543136787019209e-09,-5.644670009186114612e-10,3.975937024058850966e-09,-1.774314040868464788e-07,3.975937024058850966e-09,-1.774314040868430907e-07,3.975936968547699735e-09,-1.774314040868464788e-07,3.975937079570002197e-09,-1.774314040868464788e-07,2.405201195938046210e-04,7.667441738069434229e-04,-4.491000095141194834e+03,2.415640488392321872e-02,-9.064878377155427103e+00,2.662794630456949108e+02,-8.320406073321231943e+00,2.663256195507924531e+02,-8.930376130506555654e+00,2.662881116279658045e+02,-9.064878377210904503e+00,2.662794630458630536e+02,-4.989995125118239230e+03,4.451392348793721532e-02,-4.989995125118239230e+03,4.451392348793721532e-02,-4.989995125118240139e+03,4.451392348793715981e-02,-4.989995125118240139e+03,4.451392348816458899e-02
1.295770708372101065e+00,-9.999999999976371123e-01,7.903419545134495773e-12,3.534722625708752730e-09,-1.645311687912781218e-07,-9.480390962936582899e-09,-5.521207796510552157e-10,-9.482501629179060365e-09,-5.264066890720009440e-10,-9.480782698625608851e-09,-5.474752803880100771e-10,-9.480390963153423334e-09,-5.521207657732674079e-10,3.975831053271150495e-09,-1.826139756218553116e-07,3.975830997759999264e-09,-1.826139756218485353e-07,3.975831053271150495e-09,-1.826139756218553116e-07,3.975831053271150495e-09,-1.826139756218417591e-07,2.405200333573109805e-04,7.891391915117825688e-04,-4.491000095143343970e+03,2.486196374578573606e-02,-8.607840891497916758e+00,2.587360802745407682e+02,-7.904922694796909788e+00,2.587785567044120398e+02,-8.480844184140414299e+00,2.587440384891555709e+02,-8.607840891303283115e+00,2.587360802745012052e+02,-4.989995124543351267e+03,4.579753579713143757e-02,-4.989995124543350357e+03,4.579753579735886676e-02,-4.989995124543351267e+03,4.579753579713143757e-02,-4.989995124543351267e+03,4.579753579713132655e-02
1.333617503638647506e+00,-9.999999999976395548e-01,8.134262144910352991e-12,3.534667669669033785e-09,-1.693367855721615879e-07,-9.481190017769300371e-09,-5.402293334899610500e-10,-9.483187736599937856e-09,-5.152398854790796179e-10,-9.481560770026320473e-09,-5.357146601325801782e-10,-9.481190017335619502e-09,-5.402293334899610500e-10,3.975718254611848579e-09,-1.879479147241347025e-07,3.975718254611848579e-09,-1.879479147241279262e-07,3.975718254611848579e-09,-1.879479147241347025e-07,3.975718365634151041e-09,-1.879479147241279262e-07,2.405199424902020044e-04,8.121883217918442937e-04,-4.491000095145629530e+03,2.558813053133883464e-02,-8.176331698247340185e+00,2.514056371189242043e+02,-7.512653554108663201e+00,2.514447336221889771e+02,-8.056422721307631818e+00,2.514129612898270238e+02,-8.176331698251889435e+00,2.514056371188840444e+02,-4.989995123989685453e+03,4.711910782759262672e-02,-4.989995123989685453e+03,4.711910782759257121e-02,-4.989995123989685453e+03,4.711910782759262672e-02,-4.989995123989685453e+03,4.711910782759262672e-02
1.372569725893698411e+00,-9.999999999976421083e-01,8.371847177768331275e-12,3.534609938071753277e-09,-1.742827645276717911e-07,-9.481942936546972067e-09,-5.287830451283781485e-10,-9.483834006313029974e-09,-5.044980891377726095e-10,-9.482293875659811300e-09,-5.243955755740437041e-10,-9.481942935679610329e-09,-5.287830520672720525e-10,3.975598295014037831e-09,-1.934376426601923946e-07,3.975598295014037831e-09,-1.934376426601923946e-07,3.975598295014037831e-09,-1.934376426601856183e-07,3.975598239502886599e-09,-1.934376426601788421e-07,2.405198433274285258e-04,8.359106690667743528e-04,-4.491000095148048786e+03,2.633550715264919989e-02,-7.768927222494422580e+00,2.442821834016172886e+02,-7.142303358526604029e+00,2.443181754707726157e+02,-7.655711311255828377e+00,2.442889252281412666e+02,-7.768927222474412808e+00,2.442821834013879254e+02,-4.989995123455412795e+03,4.847973514773009501e-02,-4.989995123455412795e+03,4.847973514773009501e-02,-4.989995123455411886e+03,4.847973514795752420e-02,-4.989995123455412795e+03,4.847973514818467583e-02
1.412659662384253112e+00,-9.999999999976446619e-01,8.616371581409766091e-12,3.534548764783096431e-09,-1.793732053480225744e-07,-9.482652202743094283e-09,-5.177726719596265070e-10,-9.484442571811371736e-09,-4.941725917362305154e-10,-9.482984434814809016e-09,-5.135088465557657855e-10,-9.482652202743094283e-09,-5.177726650207326031e-10,3.975470841410810863e-09,-1.990877098290467508e-07,3.975470841410810863e-09,-1.990877098290467508e-07,3.975470841410810863e-09,-1.990877098290467508e-07,3.975470730388508400e-09,-1.990877098290331983e-07,2.405197414314507592e-04,8.603258980105232562e-04,-4.491000095150610832e+03,2.710471310821491522e-02,-7.384283020741473358e+00,2.373599301223793532e+02,-6.792648898473116148e+00,2.373930706203009038e+02,-7.277387385215699389e+00,2.373661370556549457e+02,-7.384283020697807842e+00,2.373599301219584277e+02,-4.989995122938768873e+03,4.988054569598016075e-02,-4.989995122938767054e+03,4.988054569575284258e-02,-4.989995122938768873e+03,4.988054569598016075e-02,-4.989995122938767963e+03,4.988054569620748585e-02
1.453920543401338472e+00,-9.999999999976477705e-01,8.868038038960474132e-12,3.534484038780760784e-09,-1.846123274669339340e-07,-9.483320159101721325e-09,-5.071892281161005656e-10,-9.485015445157354841e-09,-4.842549486405722803e-10,-9.483634726050599317e-09,-5.030456398658067485e-10,-9.483320159101721325e-09,-5.071892281161005656e-10,3.975335116646050437e-09,-2.049027995339696004e-07,3.975335172157201669e-09,-2.049027995339628241e-07,3.975335116646050437e-09,-2.049027995339696004e-07,3.975335172157201669e-09,-2.049027995339628241e-07,2.405196324415208309e-04,8.854542451203073353e-04,-4.491000095153314760e+03,2.789638598527708138e-02,-7.021129409610727734e+00,2.306332455138862656e+02,-6.462535057014385131e+00,2.306637665350866655e+02,-6.920201933763545199e+00,2.306389611088249012e+02,-7.021129409637109298e+00,2.306332455140822901e+02,-4.989995122438042927e+03,5.132270069961075709e-02,-4.989995122438042017e+03,5.132270069983813077e-02,-4.989995122438042927e+03,5.132270069961075709e-02,-4.989995122438042017e+03,5.132270069961081260e-02
1.496386569824382784e+00,-9.999999999976506571e-01,9.127055165318001713e-12,3.534415426997838949e-09,-1.900044735590971271e-07,-9.483949009805869856e-09,-4.970241856971924221e-10,-9.485554517633248972e-09,-4.747371315505510836e-10,-9.484246897388526332e-09,-4.929974553591343067e-10,-9.483949010456391160e-09,-4.970241787582985182e-10,3.975191231742059017e-09,-2.108877318644246835e-07,3.975191176230907786e-09,-2.108877318644314597e-07,3.975191231742059017e-09,-2.108877318644246835e-07,3.975191231742059017e-09,-2.108877318644179072e-07,2.405195165720696443e-04,9.113165402952853053e-04,-4.491000095156184216e+03,2.871118199919067346e-02,-6.678267333894031488e+00,2.240966511620365793e+02,-6.150871038125037771e+00,2.241247657410710588e+02,-6.582975437882352843e+00,2.241019153962748476e+02,-6.678267333864015498e+00,2.240966511620490280e+02,-4.989995121951586043e+03,5.280739565364471477e-02,-4.989995121951584224e+03,5.280739565387225498e-02,-4.989995121951586043e+03,5.280739565364471477e-02,-4.989995121951585134e+03,5.280739565387209539e-02
1.540092941470106114e+00,-9.999999999976543208e-01,9.393637634206566858e-12,3.534342596367423539e-09,-1.955541131398046590e-07,-9.484540832403742794e-09,-4.872692319080051959e-10,-9.486061571884266130e-09,-4.656113342105250297e-10,-9.484822971516163048e-09,-4.833561120798357535e-10,-9.484540832620583228e-09,-4.872692180302173881e-10,3.975038020964660745e-09,-2.170474676913933146e-07,3.975038020964660745e-09,-2.170474676913933146e-07,3.975038020964660745e-09,-2.170474676913933146e-07,3.975038020964660745e-09,-2.170474676913865383e-07,2.405193958288504019e-04,9.379342190755350249e-04,-4.491000095159238299e+03,2.954977652598431495e-02,-6.354564459104257601e+00,2.177448181849778734e+02,-5.856626801247374559e+00,2.177707218646561671e+02,-6.264594025059630589e+00,2.177496677540110568e+02,-6.354564459095163542e+00,2.177448181849995592e+02,-4.989995121477777502e+03,5.433586130196244729e-02,-4.989995121477777502e+03,5.433586130196244729e-02,-4.989995121477777502e+03,5.433586130196244729e-02,-4.989995121477777502e+03,5.433586130196239178e-02
1.585075886269421863e+00,-9.999999999976576515e-01,9.668006430592877582e-12,3.534265768934119478e-09,-2.012658462696843527e-07,-9.485097581278176260e-09,-4.779164702872762405e-10,-9.486538282569081937e-09,-4.568701736373803612e-10,-9.485364849039917834e-09,-4.741138107111630973e-10,-9.485097580844495391e-09,-4.779164702872762405e-10,3.974875539825006854e-09,-2.233871127794753958e-07,3.974875539825006854e-09,-2.233871127794821720e-07,3.974875539825006854e-09,-2.233871127794753958e-07,3.974875539825006854e-09,-2.233871127794753958e-07,2.405192648560899871e-04,9.653293456519361233e-04,-4.491000095162460639e+03,3.041286467314210581e-02,-6.048951478700675288e+00,2.115725634781432802e+02,-5.578829691710770255e+00,2.115964357499006780e+02,-5.964005833065012752e+00,2.115770320641278204e+02,-6.048951478708858964e+00,2.115725634779936968e+02,-4.989995121015062068e+03,5.590936466368356256e-02,-4.989995121015062978e+03,5.590936466391088072e-02,-4.989995121015062068e+03,5.590936466368356256e-02,-4.989995121015062978e+03,5.590936466391088072e-02
1.631372690296536421e+00,-9.999999999976614262e-01,9.950388981976238719e-12,3.534184167541809529e-09,-2.071444073676647482e-07,-9.485621094585533486e-09,-4.689582888683929696e-10,-9.486986226334495620e-09,-4.485064680759265343e-10,-9.485874323230183980e-09,-4.652629670420793673e-10,-9.485621094368693051e-09,-4.689582819294990657e-10,3.974703066678131336e-09,-2.299119220189167431e-07,3.974703066678131336e-09,-2.299119220189167431e-07,3.974703066678131336e-09,-2.299119220189167431e-07,3.974703066678131336e-09,-2.299119220189031905e-07,2.405191272470859343e-04,9.935246280461035914e-04,-4.491000095165878520e+03,3.130116184905833848e-02,-5.760418623266104099e+00,2.055748460258739954e+02,-5.316561257412268482e+00,2.055968516508591790e+02,-5.680217575404237884e+00,2.055789645478813839e+02,-5.760418623297032248e+00,2.055748460261001469e+02,-4.989995120561908152e+03,5.752921008472051956e-02,-4.989995120561908152e+03,5.752921008472051956e-02,-4.989995120561908152e+03,5.752921008472063058e-02,-4.989995120561908152e+03,5.752921008472051956e-02
1.679021728675136549e+00,-9.999999999976653120e-01,1.024101934050063558e-11,3.534097681168191230e-09,-2.131946691353024635e-07,-9.486113103579843497e-09,-4.603873740571806650e-10,-9.487406884200674795e-09,-4.405134035323499120e-10,-9.486353075467690577e-09,-4.567964131951818274e-10,-9.486113104013524366e-09,-4.603873671182867611e-10,3.974520046412521879e-09,-2.366273037813845380e-07,3.974519990901370647e-09,-2.366273037813913143e-07,3.974520046412521879e-09,-2.366273037813845380e-07,3.974520046412521879e-09,-2.366273037813845380e-07,2.405189809291975733e-04,1.022543436209118195e-03,-4.491000095169487395e+03,3.221540435709945027e-02,-5.488012360879326756e+00,1.997467632812996783e+02,-5.068954239201897138e+00,1.997670535007777062e+02,-5.412291293088774324e+00,1.997505601203916115e+02,-5.488012360956634694e+00,1.997467632813521448e+02,-4.989995120116813268e+03,5.919674031218621207e-02,-4.989995120116812359e+03,5.919674031241364126e-02,-4.989995120116813268e+03,5.919674031218621207e-02,-4.989995120116813268e+03,5.919674031218626759e-02
1.728062497387283347e+00,-9.999999999976691978e-01,1.054013841250066265e-11,3.534005754701752267e-09,-2.194216465957444544e-07,-9.486575234130684153e-09,-4.521967453263719960e-10,-9.487801647307426978e-09,-4.328844435685930137e-10,-9.486802689554971191e-09,-4.487072241543543782e-10,-9.486575233697003284e-09,-4.521967522652659000e-10,3.974325812894363708e-09,-2.435388244030281145e-07,3.974325812894363708e-09,-2.435388244030281145e-07,3.974325868405514939e-09,-2.435388244030213382e-07,3.974325812894363708e-09,-2.435388244030213382e-07,2.405188262830943585e-04,1.052409824099380994e-03,-4.491000095173325462e+03,3.315635000576187125e-02,-5.230832279026574660e+00,1.940835476140326818e+02,-4.835189728489061700e+00,1.941022612642237561e+02,-5.159341286927844550e+00,1.940870488233356923e+02,-5.230832279096613746e+00,1.940835476142674452e+02,-4.989995119678302217e+03,6.091333761541187913e-02,-4.989995119678302217e+03,6.091333761541187913e-02,-4.989995119678303126e+03,6.091333761575288414e-02,-4.989995119678301307e+03,6.091333761541182362e-02
1.778535646011378146e+00,-9.999999999976739717e-01,1.084799413891954136e-11,3.533908832231702490e-09,-2.258305012506489295e-07,-9.487009013228395182e-09,-4.443797343989253079e-10,-9.488171820925747624e-09,-4.256133362412484189e-10,-9.487224650849002128e-09,-4.409888079703883079e-10,-9.487009013445235617e-09,-4.443797482767131157e-10,3.974119699989842047e-09,-2.506522127981454496e-07,3.974119699989842047e-09,-2.506522127981522258e-07,3.974119699989842047e-09,-2.506522127981454496e-07,3.974119699989842047e-09,-2.506522127981454496e-07,2.405186669826985674e-04,1.083148547692954714e-03,-4.491000095177378171e+03,3.412477874187529181e-02,-4.988028137983956611e+00,1.885805628276785910e+02,-4.614494480640945362e+00,1.885978273598209114e+02,-4.920531217155853732e+00,1.885837923232894013e+02,-4.988028137965768494e+00,1.885805628277616677e+02,-4.989995119244919806e+03,6.268042493401332349e-02,-4.989995119244919806e+03,6.268042493424080819e-02,-4.989995119244919806e+03,6.268042493401332349e-02,-4.989995119244920716e+03,6.268042493401325410e-02
1.830483011416336847e+00,-9.999999999976783016e-01,1.116484169266779682e-11,3.533806358646529588e-09,-2.324265453584945564e-07,-9.487415875597711434e-09,-4.369299852480246216e-10,-9.488518629336729904e-09,-4.186941765516039027e-10,-9.487620355585341114e-09,-4.336348571887249648e-10,-9.487415875489291217e-09,-4.369299783091307177e-10,3.973901041565142123e-09,-2.579733652080970995e-07,3.973901041565142123e-09,-2.579733652080970995e-07,3.973901041565142123e-09,-2.579733652080970995e-07,3.973901041565142123e-09,-2.579733652080835470e-07,2.405184917325577793e-04,1.114785085864665286e-03,-4.491000095181688266e+03,3.512149328651651553e-02,-4.758797085549085537e+00,1.832333007480922618e+02,-4.406138376886318930e+00,1.832492331647265189e+02,-4.695071362627351697e+00,1.832362804851520082e+02,-4.758797085547264771e+00,1.832333007480252149e+02,-4.989995118815247224e+03,6.449946704584506862e-02,-4.989995118815247224e+03,6.449946704584506862e-02,-4.989995118815247224e+03,6.449946704584506862e-02,-4.989995118815247224e+03,6.449946704584497148e-02
1.883947652439902365e+00,-9.999999999976834086e-01,1.149094371579248300e-11,3.533697445767813861e-09,-2.392152463379032610e-07,-9.487797166191427878e-09,-4.298413569525649791e-10,-9.488843220710474480e-09,-4.121212399121887415e-10,-9.487991111745489037e-09,-4.266393627272435651e-10,-9.487797166083007661e-09,-4.298413569525649791e-10,3.973669226997600390e-09,-2.655083500884694646e-07,3.973669171486449159e-09,-2.655083500884694646e-07,3.973669226997600390e-09,-2.655083500884694646e-07,3.973669338019902852e-09,-2.655083500884694646e-07,2.405183087515003898e-04,1.147345662995487205e-03,-4.491000095186233011e+03,3.614731981264592692e-02,-4.542381026388853549e+00,1.780373778823457940e+02,-4.209432026450120823e+00,1.780520855996023499e+02,-4.482216032701847652e+00,1.780401280173448697e+02,-4.542381026346110851e+00,1.780373778824506701e+02,-4.989995118387844741e+03,6.637197179440039452e-02,-4.989995118387843831e+03,6.637197179451413687e-02,-4.989995118387844741e+03,6.637197179440039452e-02,-4.989995118387844741e+03,6.637197179440039452e-02
1.938973885579838852e+00,-9.999999999976885157e-01,1.182657049820113465e-11,3.533581871550950382e-09,-2.462022312995578745e-07,-9.488154145828250896e-09,-4.231080694139244258e-10,-9.489146667756610809e-09,-4.058892111302725425e-10,-9.488338145453682759e-09,-4.199966277540490012e-10,-9.488154145828250896e-09,-4.231080763528183297e-10,3.973423701175704537e-09,-2.732634131392646499e-07,3.973423701175704537e-09,-2.732634131392646499e-07,3.973423701175704537e-09,-2.732634131392646499e-07,3.973423701175704537e-09,-2.732634131392646499e-07,2.405181156784966245e-04,1.180857266574902560e-03,-4.491000095191060609e+03,3.720310861980265921e-02,-4.338064135126685095e+00,1.729885321481029052e+02,-4.023724501567965461e+00,1.730021137831852229e+02,-4.281261119622948641e+00,1.729910711856981607e+02,-4.338064135136693089e+00,1.729885321482188090e+02,-4.989995117961307187e+03,6.829949133276949635e-02,-4.989995117961307187e+03,6.829949133265580952e-02,-4.989995117961307187e+03,6.829949133276949635e-02,-4.989995117961307187e+03,6.829949133299687003e-02
1.995607321727592032e+00,-9.999999999976941778e-01,1.217200025633560691e-11,3.533459635995939152e-09,-2.533932917104398796e-07,-9.488487995638027195e-09,-4.167246756003883945e-10,-9.489429975964233654e-09,-3.999929415465786064e-10,-9.488662604446342075e-09,-4.137011982985328018e-10,-9.488487995638027195e-09,-4.167246617226005867e-10,3.973162854276068856e-09,-2.812449824818641950e-07,3.973162854276068856e-09,-2.812449824818709712e-07,3.973162854276068856e-09,-2.812449824818574187e-07,3.973162965298371319e-09,-2.812449824818574187e-07,2.405179085821947116e-04,1.215347676254951428e-03,-4.491000095196158327e+03,3.828973484589389548e-02,-4.145170507570357543e+00,1.680826196730274091e+02,-3.848401196540583324e+00,1.680951657686102862e+02,-4.091541787439261668e+00,1.680849646021510466e+02,-4.145170507591280362e+00,1.680826196731559605e+02,-4.989995117534216661e+03,7.028362341178777395e-02,-4.989995117534216661e+03,7.028362341190151630e-02,-4.989995117534216661e+03,7.028362341167408711e-02,-4.989995117534215751e+03,7.028362341178782946e-02
2.053894903974864405e+00,-9.999999999976999510e-01,1.252751930003756595e-11,3.533330406035872784e-09,-2.607943881943657690e-07,-9.488799819663829016e-09,-4.106858811359082040e-10,-9.489694081758759392e-09,-3.944276016909498139e-10,-9.488965562517298613e-09,-4.077479118236304600e-10,-9.488799819880669451e-09,-4.106858811359082040e-10,3.972886575276390886e-09,-2.894596739873135454e-07,3.972886575276390886e-09,-2.894596739873135454e-07,3.972886575276390886e-09,-2.894596739873067691e-07,3.972886575276390886e-09,-2.894596739873203217e-07,2.405176909657212592e-04,1.250845478900664779e-03,-4.491000095201585282e+03,3.940809918494601188e-02,-3.963061941254716114e+00,1.633156116670504616e+02,-3.682881807140959030e+00,1.633272053556908645e+02,-3.912430288466688388e+00,1.633177780866570572e+02,-3.963061941289280909e+00,1.633156116671884490e+02,-4.989995117105157988e+03,7.232601270054424270e-02,-4.989995117105156169e+03,7.232601270043066688e-02,-4.989995117105157078e+03,7.232601270065792953e-02,-4.989995117105157078e+03,7.232601270031696616e-02
2.113884946524442920e+00,-9.999999999977060572e-01,1.289342232731595459e-11,3.533193404514634040e-09,-2.684116554727065100e-07,-9.489090649632443697e-09,-4.049868149169633114e-10,-9.489939859657660348e-09,-3.891886465878791057e-10,-9.489248021469359751e-09,-4.021319457980787604e-10,-9.489090649632443697e-09,-4.049868149169633114e-10,3.972593864975948463e-09,-2.979142967601082210e-07,3.972593864975948463e-09,-2.979142967601082210e-07,3.972593864975948463e-09,-2.979142967601149973e-07,3.972593809464797232e-09,-2.979142967601014448e-07,2.405174609382970674e-04,1.287380099933082720e-03,-4.491000095207313279e+03,4.055912864744237040e-02,-3.791135838500609534e+00,1.586835913614895333e+02,-3.526618420200429593e+00,1.586943089760373198e+02,-3.743333899853013236e+00,1.586855935932657360e+02,-3.791135838480597098e+00,1.586835913613662967e+02,-4.989995116672712356e+03,7.442835216346085914e-02,-4.989995116672712356e+03,7.442835216346085914e-02,-4.989995116672712356e+03,7.442835216323348546e-02,-4.989995116672710537e+03,7.442835216346069260e-02
2.175627174737531089e+00,-9.999999999977127185e-01,1.327001262001160312e-11,3.533048076320710607e-09,-2.762514074494194002e-07,-9.489361447556458884e-09,-3.996227411484643000e-10,-9.490168123137826539e-09,-3.842717428981234917e-10,-9.489510916426899256e-09,-3.968486511629620850e-10,-9.489361447881719536e-09,-3.996227480873582039e-10,3.972283446618263270e-09,-3.066158587822792755e-07,3.972283446618263270e-09,-3.066158587822928280e-07,3.972283446618263270e-09,-3.066158587822792755e-07,3.972283446618263270e-09,-3.066158587822792755e-07,2.405172174814052682e-04,1.324981821690026382e-03,-4.491000095213394161e+03,4.174377730915131840e-02,-3.628823225642832995e+00,1.541827510210781327e+02,-3.379093710002326834e+00,1.541926626540803511e+02,-3.583692974770106510e+00,1.541846022161829239e+02,-3.628823225654656870e+00,1.541827510211073218e+02,-4.989995116235445494e+03,7.659238444248234190e-02,-4.989995116235444584e+03,7.659238444248245292e-02,-4.989995116235445494e+03,7.659238444248228639e-02,-4.989995116235447313e+03,7.659238444270966006e-02
2.239172766350781885e+00,-9.999999999977197129e-01,1.365760234195282675e-11,3.532893977364892635e-09,-2.843201424446054564e-07,-9.489613109962651005e-09,-3.945893334300620836e-10,-9.490379627779751970e-09,-3.796728972882412734e-10,-9.489755117570580767e-09,-3.918937153957191555e-10,-9.489613110071071223e-09,-3.945893334300620836e-10,3.971954321002613142e-09,-3.155715727222029466e-07,3.971954321002613142e-09,-3.155715727222029466e-07,3.971954321002613142e-09,-3.155715727222029466e-07,3.971954321002613142e-09,-3.155715727221961703e-07,2.405169557944206865e-04,1.363681812513155766e-03,-4.491000095219826107e+03,4.296302712111052524e-02,-3.475586881766629332e+00,1.498093890227721658e+02,-3.239819234463534148e+00,1.498185590395506495e+02,-3.432979101253683663e+00,1.498111012574909182e+02,-3.475586881793920391e+00,1.498093890229485226e+02,-4.989995115791912212e+03,7.881990332351783424e-02,-4.989995115791912212e+03,7.881990332351783424e-02,-4.989995115791913122e+03,7.881990332329040505e-02,-4.989995115791913122e+03,7.881990332340398087e-02
2.304574393897195428e+00,-9.999999999977271514e-01,1.405651275748992599e-11,3.532731107647180124e-09,-2.926245485809105109e-07,-9.489846469409868313e-09,-3.898824318948612699e-10,-9.490575073652779414e-09,-3.753883454082895810e-10,-9.489981432522602567e-09,-3.872630896517570420e-10,-9.489846469409868313e-09,-3.898824249559673660e-10,3.971605599950578380e-09,-3.247888619131353814e-07,3.971605599950578380e-09,-3.247888619131421577e-07,3.971605599950578380e-09,-3.247888619131353814e-07,3.971605599950578380e-09,-3.247888619131218289e-07,2.405166835531269420e-04,1.403512150711178985e-03,-4.491000095226641861e+03,4.421788871075447297e-02,-3.330919571151208292e+00,1.455599070052061847e+02,-3.108333825669848949e+00,1.455683945154359265e+02,-3.290693363343178746e+00,1.455614913692386949e+02,-3.330919571150301017e+00,1.455599070052678314e+02,-4.989995115340631855e+03,8.111275520826030649e-02,-4.989995115340631855e+03,8.111275520803293282e-02,-4.989995115340631855e+03,8.111275520826030649e-02,-4.989995115340631855e+03,8.111275520826019547e-02
2.371886268366043105e+00,-9.999999999977349230e-01,1.446707452965078407e-11,3.532558801033758300e-09,-3.011715093272847006e-07,-9.490062297958477833e-09,-3.854981958650860463e-10,-9.490755107917185629e-09,-3.714145345445896140e-10,-9.490190610683506278e-09,-3.829529922338981152e-10,-9.490062297958477833e-09,-3.854981958650860463e-10,3.971236062216831897e-09,-3.342753665064191067e-07,3.971236062216831897e-09,-3.342753665064191067e-07,3.971236062216831897e-09,-3.342753665064191067e-07,3.971236062216831897e-09,-3.342753665064123305e-07,2.405163889581188319e-04,1.444505850825276126e-03,-4.491000095233864158e+03,4.550940222263814144e-02,-3.194342373426457105e+00,1.414308070830206248e+02,-2.984202069986367167e+00,1.414386663731910971e+02,-3.156364697965758026e+00,1.414322737607919862e+02,-3.194342373462839557e+00,1.414308070830985002e+02,-4.989995114880126494e+03,8.347284064985187324e-02,-4.989995114880126494e+03,8.347284064985187324e-02,-4.989995114880126494e+03,8.347284064985187324e-02,-4.989995114880125584e+03,8.347284064973806150e-02
2.441164184138008508e+00,-9.999999999977431386e-01,1.488962795392196042e-11,3.532375947301602537e-09,-3.099681092046268927e-07,-9.490261310314551668e-09,-3.814330205853533329e-10,-9.490920326233644178e-09,-3.677482138253473920e-10,-9.490383343991118381e-09,-3.789598530812288146e-10,-9.490261310422971885e-09,-3.814330136464594290e-10,3.970844320022592910e-09,-3.440389498042604847e-07,3.970844320022592910e-09,-3.440389498042808135e-07,3.970844320022592910e-09,-3.440389498042604847e-07,3.970844320022592910e-09,-3.440389498042604847e-07,2.405160860830639347e-04,1.486696892313045526e-03,-4.491000095241517556e+03,4.683863818797619899e-02,-3.065403106421752621e+00,1.374186891321798214e+02,-2.867012872170636939e+00,1.374259700616812552e+02,-3.029548343553806422e+00,1.374200474772808604e+02,-3.065403106423566282e+00,1.374186891320361212e+02,-4.989995114408846348e+03,8.590211593384358690e-02,-4.989995114408844529e+03,8.590211593384380895e-02,-4.989995114408846348e+03,8.590211593384358690e-02,-4.989995114408846348e+03,8.590211593384357303e-02
2.512465565232792297e+00,-9.999999999977521314e-01,1.532452330045000130e-11,3.532182546450712834e-09,-3.190216396581235005e-07,-9.490444165456170256e-09,-3.776835892643770620e-10,-9.491071276232672382e-09,-3.643863891178433789e-10,-9.490560270498417383e-09,-3.752804213219551599e-10,-9.490444165456170256e-09,-3.776835927338240140e-10,3.970429540700592952e-09,-3.540877047776888999e-07,3.970429540700592952e-09,-3.540877047776888999e-07,3.970429540700592952e-09,-3.540877047776888999e-07,3.970429540700592952e-09,-3.540877047776821236e-07,2.405157565337316672e-04,1.530120247424163020e-03,-4.491000095249612968e+03,4.820669839846340732e-02,-2.943674836527778726e+00,1.335202481356976989e+02,-2.756378099704760221e+00,1.335269965014679201e+02,-2.909824374352805609e+00,1.335215067392244350e+02,-2.943674836542339524e+00,1.335202481359240210e+02,-4.989995113925253463e+03,8.840259468821730360e-02,-4.989995113925253463e+03,8.840259468833110146e-02,-4.989995113925253463e+03,8.840259468821730360e-02,-4.989995113925253463e+03,8.840259468821719258e-02
2.585849512907512526e+00,-9.999999999977614573e-01,1.577212103257594027e-11,3.531977488258064568e-09,-3.283396051010504851e-07,-9.490611468042885190e-09,-3.742468245027108509e-10,-9.491208457297790890e-09,-3.613262952728568678e-10,-9.490721976650358382e-09,-3.719116854761228552e-10,-9.490611467934464973e-09,-3.742468175638169470e-10,3.969989670338236465e-09,-3.644299607746375727e-07,3.969989670338236465e-09,-3.644299607746375727e-07,3.969989670338236465e-09,-3.644299607746240201e-07,3.969989614827085234e-09,-3.644299607746375727e-07,2.405154129706404964e-04,1.574811909497608482e-03,-4.491000095258200417e+03,4.961471683305648112e-02,-2.828754471670495541e+00,1.297322716008870316e+02,-2.651931302181645300e+00,1.297385294707341643e+02,-2.796796316480980593e+00,1.297334383543536376e+02,-2.828754471690519079e+00,1.297322716012390629e+02,-4.989995113427726210e+03,9.097634956539780993e-02,-4.989995113427726210e+03,9.097634956539780993e-02,-4.989995113427726210e+03,9.097634956539780993e-02,-4.989995113427726210e+03,9.097634956539769890e-02
2.661376854645357781e+00,-9.999999999977713383e-01,1.623279217444759722e-11,3.531760217612145425e-09,-3.379297291351664791e-07,-9.490763771885166178e-09,-3.711199125788766651e-10,-9.491332323709709973e-09,-3.585654204107946441e-10,-9.490868996741771979e-09,-3.688508803945111936e-10,-9.490763771885166178e-09,-3.711199091094297131e-10,3.969523543201347593e-09,-3.750742904241362178e-07,3.969523598712498824e-09,-3.750742904241497703e-07,3.969523543201347593e-09,-3.750742904241362178e-07,3.969523487690196362e-09,-3.750742904241091127e-07,2.405150452991396126e-04,1.620808923046370299e-03,-4.491000095267281722e+03,5.106386058794510491e-02,-2.720261432369239785e+00,1.260516370348039175e+02,-2.553326501885203381e+00,1.260574430549373943e+02,-2.690089840123997433e+00,1.260527191867724781e+02,-2.720261432388340506e+00,1.260516370348365882e+02,-4.989995112914625679e+03,9.362551394989424014e-02,-4.989995112914624769e+03,9.362551395000814902e-02,-4.989995112914625679e+03,9.362551394989424014e-02,-4.989995112914624769e+03,9.362551395000758003e-02
2.739110194575097523e+00,-9.999999999977817744e-01,1.670691857868198977e-11,3.531530068379140630e-09,-3.477999609527470445e-07,-9.490901581570704293e-09,-3.683002756937892030e-10,-9.491443285730531698e-09,-3.561015024522440342e-10,-9.491001818229954923e-09,-3.660954907280800086e-10,-9.490901581570704293e-09,-3.683002791632361550e-10,3.969029882533448017e-09,-3.860295167421517537e-07,3.969029882533448017e-09,-3.860295167421382012e-07,3.969029882533448017e-09,-3.860295167421517537e-07,3.969029882533448017e-09,-3.860295167421517537e-07,2.405146596186451269e-04,1.668149414830042343e-03,-4.491000095276906904e+03,5.255533084748017364e-02,-2.617836396437311031e+00,1.224753094864661165e+02,-2.460237051722822699e+00,1.224806991620181407e+02,-2.589351525154901079e+00,1.224763136967905410e+02,-2.617836396446412195e+00,1.224753094866259602e+02,-4.989995112384244749e+03,9.635228373100949983e-02,-4.989995112384243839e+03,9.635228373078234820e-02,-4.989995112384244749e+03,9.635228373100949983e-02,-4.989995112384243839e+03,9.635228373100938881e-02
2.819113965363242880e+00,-9.999999999977929876e-01,1.719489322113279886e-11,3.531285930336025558e-09,-3.579584819255675717e-07,-9.491025353331773717e-09,-3.657856240124601754e-10,-9.491541710579531888e-09,-3.539325187096320491e-10,-9.491120880433627505e-09,-3.636432613363105304e-10,-9.491025353548614152e-09,-3.657856274819071274e-10,3.968506800955395875e-09,-3.973047204448030070e-07,3.968506745444244643e-09,-3.973047204448030070e-07,3.968506800955395875e-09,-3.973047204448030070e-07,3.968506689933093412e-09,-3.973047204447894545e-07,2.405142480408749978e-04,1.716872624775651066e-03,-4.491000095287105069e+03,5.409036388403191259e-02,-2.521140113925954829e+00,1.190003391488698128e+02,-2.372354556714732166e+00,1.190053451017561201e+02,-2.494247694789004210e+00,1.190012715359173399e+02,-2.521140113921410464e+00,1.190003391489428708e+02,-4.989995111834827185e+03,9.915891912653067297e-02,-4.989995111834826275e+03,9.915891912653078399e-02,-4.989995111834827185e+03,9.915891912664447083e-02,-4.989995111834827185e+03,9.915891912653056195e-02
2.901454481621869252e+00,-9.999999999978045340e-01,1.769712060577211758e-11,3.531027914505102672e-09,-3.684137123864879190e-07,-9.491135496888375433e-09,-3.635739001528470737e-10,-9.491627924384724024e-09,-3.520566858872253846e-10,-9.491226577731329966e-09,-3.614922007566523376e-10,-9.491135496996795651e-09,-3.635738932139531698e-10,3.967952522110351765e-09,-4.089092474754478469e-07,3.967952522110351765e-09,-4.089092474754478469e-07,3.967952522110351765e-09,-4.089092474754478469e-07,3.967952522110351765e-09,-4.089092474754342944e-07,2.405138139773208006e-04,1.767018939750551439e-03,-4.491000095297913504e+03,5.567023207748186819e-02,-2.429852287363250873e+00,1.156238590234621455e+02,-2.289387855294951812e+00,1.156285112298045590e+02,-2.404463314479289959e+00,1.156247252091965976e+02,-2.429852287393267751e+00,1.156238590235539192e+02,-4.989995111264552179e+03,1.020477465540639700e-01,-4.989995111264552179e+03,1.020477465540639700e-01,-4.989995111264552179e+03,1.020477465540639700e-01,-4.989995111264551269e+03,1.020477465540638451e-01
2.986199994876373776e+00,-9.999999999978169685e-01,1.821401700863593993e-11,3.530754355551835033e-09,-3.791743186089225823e-07,-9.491232376695069722e-09,-3.616632791858531704e-10,-9.491702212508119907e-09,-3.504724635505773733e-10,-9.491319259995103369e-09,-3.596405326322660301e-10,-9.491232376803489940e-09,-3.616632757164062184e-10,3.967365325152627520e-09,-4.208527167514025755e-07,3.967365325152627520e-09,-4.208527167514025755e-07,3.967365325152627520e-09,-4.208527167514161281e-07,3.967365325152627520e-09,-4.208527167513890230e-07,2.405133528510013802e-04,1.818629924945126559e-03,-4.491000095309348580e+03,5.729624496801449807e-02,-2.343670514721133635e+00,1.123430826432247045e+02,-2.211062057484054488e+00,1.123474086500019524e+02,-2.319700951815432788e+00,1.123438877934897278e+02,-2.343670514707486330e+00,1.123430826431416563e+02,-4.989995110671527073e+03,1.050211605511627982e-01,-4.989995110671527073e+03,1.050211605511627982e-01,-4.989995110671527073e+03,1.050211605511627982e-01,-4.989995110671527073e+03,1.050211605511626872e-01
3.073420750138726287e+00,-9.999999999978300691e-01,1.874601088439997558e-11,3.530464809387012792e-09,-3.902492199903170568e-07,-9.491316313784119857e-09,-3.600521998603500862e-10,-9.491764821009402581e-09,-3.491785818821036003e-10,-9.491399234379423178e-09,-3.580867338759397001e-10,-9.491316313784119857e-09,-3.600521929214561823e-10,3.966743045147325120e-09,-4.331450281369749692e-07,3.966743045147325120e-09,-4.331450281369749692e-07,3.966743045147325120e-09,-4.331450281369614167e-07,3.966743045147325120e-09,-4.331450281369614167e-07,2.405128628096900312e-04,1.871748360898458155e-03,-4.491000095321483059e+03,5.896975034962733536e-02,-2.262309290709392684e+00,1.091553018531902097e+02,-2.137117636811550980e+00,1.091593269784753630e+02,-2.239679794270576618e+00,1.091560507156316078e+02,-2.262309290688471641e+00,1.091553018531325847e+02,-4.989995110053791905e+03,1.080816257759110027e-01,-4.989995110053791905e+03,1.080816257759110027e-01,-4.989995110053793724e+03,1.080816257761378213e-01,-4.989995110053790995e+03,1.080816257759107807e-01
3.163189044133108752e+00,-9.999999999978439469e-01,1.929354320519282868e-11,3.530157832720703937e-09,-4.016475964453495565e-07,-9.491387585494441559e-09,-3.587393611337308386e-10,-9.491815956971186991e-09,-3.481739480060142000e-10,-9.491466764779098175e-09,-3.568295520173236923e-10,-9.491387585440231450e-09,-3.587393611337308386e-10,3.966084072271058858e-09,-4.457963706493297358e-07,3.966084072271058858e-09,-4.457963706493432883e-07,3.966084072271058858e-09,-4.457963706493297358e-07,3.966084127782210089e-09,-4.457963706493432883e-07,2.405123463329814082e-04,1.926418277254841535e-03,-4.491000095334324214e+03,6.069213537812265941e-02,-2.185499064086664500e+00,1.060578846515676616e+02,-2.067309572236061044e+00,1.060616321662037222e+02,-2.164134721877295942e+00,1.060585815899478632e+02,-2.185499064084853060e+00,1.060578846517187088e+02,-4.989995109409289398e+03,1.112316790355796642e-01,-4.989995109409288489e+03,1.112316790354660884e-01,-4.989995109409289398e+03,1.112316790354659773e-01,-4.989995109409289398e+03,1.112316790355797752e-01
3.255579285222205854e+00,-9.999999999978589349e-01,1.985706781126763808e-11,3.529832870441396153e-09,-4.133788960151024174e-07,-9.491446428127898322e-09,-3.577236666607586102e-10,-9.491855789800062587e-09,-3.474577674189571752e-10,-9.491522075461347741e-09,-3.558679601001202286e-10,-9.491446428073688213e-09,-3.577236735996525141e-10,3.965385630966267172e-09,-4.588172309043827808e-07,3.965385630966267172e-09,-4.588172309043827808e-07,3.965385630966267172e-09,-4.588172309043827808e-07,3.965385630966267172e-09,-4.588172309043827808e-07,2.405118009120976036e-04,1.982684989306550492e-03,-4.491000095347924798e+03,6.246482772726134891e-02,-2.112985347311832296e+00,1.030482730839733279e+02,-2.001406538521669276e+00,1.030517643803972874e+02,-2.092815431105260693e+00,1.030489221091256127e+02,-2.112985347298184990e+00,1.030482730838754861e+02,-4.989995108735882241e+03,1.144739313966990218e-01,-4.989995108735881331e+03,1.144739313968128336e-01,-4.989995108735882241e+03,1.144739313970400962e-01,-4.989995108735882241e+03,1.144739313968694411e-01
3.350668055083819485e+00,-9.999999999978743670e-01,2.043705180233129897e-11,3.529488368236854967e-09,-4.254528426985034178e-07,-9.491493036569830649e-09,-3.570043288769753076e-10,-9.491884451172383219e-09,-3.470294607232915496e-10,-9.491565349331078372e-09,-3.552011705598712155e-10,-9.491493036569830649e-09,-3.570043288769753076e-10,3.964646000387261893e-09,-4.722184018087416044e-07,3.964646000387261893e-09,-4.722184018087416044e-07,3.964646000387261893e-09,-4.722184018087416044e-07,3.964646000387261893e-09,-4.722184018087280518e-07,2.405112206305681788e-04,2.040595136096480522e-03,-4.491000095362322099e+03,6.428929677116586305e-02,-2.044527875505517844e+00,1.001239811939284863e+02,-1.939190141326680106e+00,1.001272359397266456e+02,-2.025485607998156024e+00,1.001245859932279956e+02,-2.044527875500961489e+00,1.001239811937706889e+02,-4.989995108031347627e+03,1.178110703498537609e-01,-4.989995108031345808e+03,1.178110703498539830e-01,-4.989995108031347627e+03,1.178110703498537609e-01,-4.989995108031344898e+03,1.178110703497970285e-01
3.448534172188929325e+00,-9.999999999978910203e-01,2.103397592887368446e-11,3.529123437928660678e-09,-4.378794445124778515e-07,-9.491527564505896492e-09,-3.565807371597173869e-10,-9.491902036010049087e-09,-3.468886636270873680e-10,-9.491596729611397054e-09,-3.548286456322991000e-10,-9.491527564560106600e-09,-3.565807371597173869e-10,3.963862404976481457e-09,-4.860109915059182117e-07,3.963862404976481457e-09,-4.860109915059182117e-07,3.963862404976481457e-09,-4.860109915059317642e-07,3.963862460487632688e-09,-4.860109915059182117e-07,2.405106050065060341e-04,2.100196719286310122e-03,-4.491000095377593425e+03,6.616705480107347437e-02,-1.979899812611417786e+00,9.728259302660512731e+01,-1.880454195031304510e+00,9.728562930654373986e+01,-1.961922146938749334e+00,9.728315699047928433e+01,-1.979899812612329502e+00,9.728259302664619668e+01,-4.989995107293343608e+03,1.212458620366025086e-01,-4.989995107293342699e+03,1.212458620367163065e-01,-4.989995107293343608e+03,1.212458620364888218e-01,-4.989995107293343608e+03,1.212458620367159734e-01
3.549258757133817888e+00,-9.999999999979085619e-01,2.164833496655620831e-11,3.528736969293788661e-09,-4.506690017875215513e-07,-9.491550126644685698e-09,-3.564525584420774607e-10,-9.491908602426296637e-09,-3.470352893941708317e-10,-9.491616320006241586e-09,-3.547500938838599183e-10,-9.491550126590475589e-09,-3.564525584420774607e-10,3.963032457754422921e-09,-5.002064325840786937e-07,3.963032457754422921e-09,-5.002064325840786937e-07,3.963032457754422921e-09,-5.002064325840786937e-07,3.963032402243271690e-09,-5.002064325840786937e-07,2.405099541773602495e-04,2.161539141825684525e-03,-4.491000095393756965e+03,6.809965828266623111e-02,-1.918887001587020080e+00,9.452176068707987611e+01,-1.825004040880187972e+00,9.452459513166634508e+01,-1.901914413349657273e+00,9.452228693267387882e+01,-1.918887001578820417e+00,9.452176068681683319e+01,-4.989995106519420005e+03,1.247811535429907692e-01,-4.989995106519420005e+03,1.247811535429907692e-01,-4.989995106519420005e+03,1.247811535429907692e-01,-4.989995106519420005e+03,1.247811535429904223e-01
3.652925299880411814e+00,-9.999999999979268805e-01,2.228063816175115518e-11,3.528327741086911828e-09,-4.638321157055693800e-07,-9.491560797254047083e-09,-3.566197094573286819e-10,-9.491904171996749101e-09,-3.474694594551852589e-10,-9.491624185025641230e-09,-3.549654493950615830e-10,-9.491560797199836974e-09,-3.566197129267756338e-10,3.962152939074314872e-09,-5.148164915521328449e-07,3.962152939074314872e-09,-5.148164915521599499e-07,3.962152939074314872e-09,-5.148164915521192923e-07,3.962152939074314872e-09,-5.148164915521328449e-07,2.405092640694241751e-04,2.224673250212024639e-03,-4.491000095410884569e+03,7.008870912859992142e-02,-1.861287256383194810e+00,9.183920244654443366e+01,-1.772655903020480483e+00,9.184185035205902636e+01,-1.845263547010794980e+00,9.183969384139612657e+01,-1.861287256385919520e+00,9.183920244647464415e+01,-4.989995105707013863e+03,1.284198752444027092e-01,-4.989995105707012954e+03,1.284198752444029312e-01,-4.989995105707012954e+03,1.284198752445161740e-01,-4.989995105707012044e+03,1.284198752444594416e-01
3.759619728960576612e+00,-9.999999999979466425e-01,2.293140962287090225e-11,3.527894310018098167e-09,-4.773796970872776560e-07,-9.491559611570551253e-09,-3.570823289833491287e-10,-9.491888729867836716e-09,-3.481915519798484127e-10,-9.491620350582027910e-09,-3.554749272716151154e-10,-9.491559611570551253e-09,-3.570823255139021768e-10,3.961221406445503135e-09,-5.298532785930136187e-07,3.961221406445503135e-09,-5.298532785930136187e-07,3.961221406445503135e-09,-5.298532785930136187e-07,3.961221406445503135e-09,-5.298532785930271712e-07,2.405085361003988370e-04,2.289651376134012577e-03,-4.491000095429012617e+03,7.213585605783087717e-02,-1.806909693435598818e+00,8.923270090344735195e+01,-1.723236280619100169e+00,8.923517634063270521e+01,-1.791781804670981915e+00,8.923316008418336764e+01,-1.806909693429225250e+00,8.923270090332975712e+01,-4.989995104853427620e+03,1.321650432663763475e-01,-4.989995104853427620e+03,1.321650432663763475e-01,-4.989995104853427620e+03,1.321650432663763475e-01,-4.989995104853427620e+03,1.321650432663764863e-01
3.869430482701723406e+00,-9.999999999979678478e-01,2.360118876421318356e-11,3.527434788708205815e-09,-4.913229754359304565e-07,-9.491546565365809734e-09,-3.578408160065382759e-10,-9.491862224539956289e-09,-3.492021637130360290e-10,-9.491604804044446314e-09,-3.562789542554956057e-10,-9.491546565365809734e-09,-3.578408194759852279e-10,3.960234418176611371e-09,-5.453292576017358369e-07,3.960234418176611371e-09,-5.453292576017358369e-07,3.960234418176611371e-09,-5.453292576017358369e-07,3.960234418176611371e-09,-5.453292576017222844e-07,2.405077614006882053e-04,2.356527379307340499e-03,-4.491000095448229331e+03,7.424279593286041423e-02,-1.755574100404446503e+00,8.670010118939751464e+01,-1.676581373778756490e+00,8.670241710367700705e+01,-1.741291939047016513e+00,8.670053058253702716e+01,-1.755574100405364435e+00,8.670010118953723577e+01,-4.989995103955838204e+03,1.360197619535151170e-01,-4.989995103955838204e+03,1.360197619535151170e-01,-4.989995103955837294e+03,1.360197619536291369e-01,-4.989995103955836385e+03,1.360197619536290259e-01
3.982448582532771564e+00,-9.999999999979898302e-01,2.429053077860547465e-11,3.526948733068024922e-09,-5.056735082454406286e-07,-9.491521615325945738e-09,-3.588958193134761387e-10,-9.491824568030101522e-09,-3.505021516081452404e-10,-9.491577493479612382e-09,-3.573781756638361173e-10,-9.491521615163315412e-09,-3.588958193134761387e-10,3.959189032176624323e-09,-5.612572565166367182e-07,3.959188976665473092e-09,-5.612572565166367182e-07,3.959189032176624323e-09,-5.612572565166367182e-07,3.959188976665473092e-09,-5.612572565166096131e-07,2.405069404838137970e-04,2.425356692922996365e-03,-4.491000095468582003e+03,7.641127518816455411e-02,-1.707110340079281530e+00,8.423930922656779785e+01,-1.632536541463918800e+00,8.424147753001417982e+01,-1.693626612501626827e+00,8.423971106361726413e+01,-1.707110340082916178e+00,8.423930922651202025e+01,-4.989995103011262472e+03,1.399872264668539368e-01,-4.989995103011261563e+03,1.399872264668540478e-01,-4.989995103011262472e+03,1.399872264666832955e-01,-4.989995103011263382e+03,1.399872264666829347e-01
4.098767708431227952e+00,-9.999999999980130339e-01,2.500000702534608231e-11,3.526433145495388999e-09,-5.204431905803855971e-07,-9.491484678238442524e-09,-3.602482132047946095e-10,-9.491775635329761929e-09,-3.520925946631781045e-10,-9.491538328031384059e-09,-3.587735560028892934e-10,-9.491484678184232415e-09,-3.602482166742415615e-10,3.958081640220711961e-09,-5.776504779522414514e-07,3.958081640220711961e-09,-5.776504779522278988e-07,3.958081640220711961e-09,-5.776504779522821089e-07,3.958081695731863192e-09,-5.776504779522821089e-07,2.405060710664094076e-04,2.496196369102609593e-03,-4.491000095490147942e+03,7.864309125542624790e-02,-1.661357787602867786e+00,8.184829002905229345e+01,-1.590955789794589625e+00,8.185032168470989689e+01,-1.648627843390741976e+00,8.184866636439797105e+01,-1.661357787616513759e+00,8.184829002909822293e+01,-4.989995102016565397e+03,1.440707254059320208e-01,-4.989995102016565397e+03,1.440707254059889753e-01,-4.989995102016565397e+03,1.440707254059323539e-01,-4.989995102016566307e+03,1.440707254059890863e-01
4.218484276573916780e+00,-9.999999999980377918e-01,2.573020561126874647e-11,3.525887359856483272e-09,-5.356442649356758518e-07,-9.491435631696874820e-09,-3.618991217813061212e-10,-9.491715264079662179e-09,-3.539748147374233156e-10,-9.491487178029181515e-09,-3.604662193734675668e-10,-9.491435631805295037e-09,-3.618991183118591692e-10,3.956908356528288095e-09,-5.945225101429966368e-07,3.956908356528288095e-09,-5.945225101429966368e-07,3.956908356528288095e-09,-5.945225101429966368e-07,3.956908245505985633e-09,-5.945225101430101893e-07,2.405051513260543505e-04,2.569105126275499518e-03,-4.491000095512983535e+03,8.094009407752299212e-02,-1.618164798998929621e+00,7.952506605267780060e+01,-1.551701288733603468e+00,7.952697115271226380e+01,-1.606146483452245644e+00,7.952541877718807939e+01,-1.618164798999843557e+00,7.952506605275232232e+01,-4.989995100968456427e+03,1.482736435659572360e-01,-4.989995100968456427e+03,1.482736435659572360e-01,-4.989995100968456427e+03,1.482736435659572360e-01,-4.989995100968456427e+03,1.482736435659571250e-01
4.341697519255731663e+00,-9.999999999980641041e-01,2.648173177868373002e-11,3.525309377749863415e-09,-5.512893313842790128e-07,-9.491374313016706643e-09,-3.638499241481740754e-10,-9.491643253973450906e-09,-3.561503869597970606e-10,-9.491423873253263671e-09,-3.624576073307794744e-10,-9.491374313070916752e-09,-3.638499258828975513e-10,3.955665517363371464e-09,-6.118873382065181075e-07,3.955665517363371464e-09,-6.118873382065181075e-07,3.955665517363371464e-09,-6.118873382065181075e-07,3.955665517363371464e-09,-6.118873382065316601e-07,2.405041776817364030e-04,2.644143398548752001e-03,-4.491000095537172456e+03,8.330418762638192032e-02,-1.577388209387160733e+00,7.726771558824100339e+01,-1.514642915931720957e+00,7.726950342380000336e+01,-1.566041724114583866e+00,7.726804644186968574e+01,-1.577388209397172059e+00,7.726771558834380471e+01,-4.989995099863459473e+03,1.525994647197917720e-01,-4.989995099863459473e+03,1.525994647198487264e-01,-4.989995099863459473e+03,1.525994647197917720e-01,-4.989995099863459473e+03,1.525994647197918830e-01
4.468509567142646688e+00,-9.999999999980920817e-01,2.725520845594923448e-11,3.524696534640270329e-09,-5.673913580214189783e-07,-9.491300518530559893e-09,-3.661022492107424142e-10,-9.491559366161389510e-09,-3.586211067690969756e-10,-9.491348203856300042e-09,-3.647493591885098141e-10,-9.491300518422139676e-09,-3.661022561496363181e-10,3.954349181434224647e-09,-6.297593557352300364e-07,3.954349181434224647e-09,-6.297593557352300364e-07,3.954349181434224647e-09,-6.297593557352300364e-07,3.954349181434224647e-09,-6.297593557352029314e-07,2.405031452778552681e-04,2.721373384031661093e-03,-4.491000095562798379e+03,8.573733147914097685e-02,-1.538892859217346976e+00,7.507437119770892764e+01,-1.479657825899989509e+00,7.507605032506073428e+01,-1.528180630600856071e+00,7.507468178299693307e+01,-1.538892859218247589e+00,7.507437119757908306e+01,-4.989995098697902904e+03,1.570517745086408290e-01,-4.989995098697901994e+03,1.570517745087547379e-01,-4.989995098697901994e+03,1.570517745088114703e-01,-4.989995098697903813e+03,1.570517745086974504e-01
4.599025533927170173e+00,-9.999999999981212806e-01,2.805127677924369560e-11,3.524047831326981850e-09,-5.839636917136086793e-07,-9.491214003262953697e-09,-3.686579826134295246e-10,-9.491463322166149991e-09,-3.613890471598768528e-10,-9.491259918845487698e-09,-3.673434022244403963e-10,-9.491214003317163805e-09,-3.686579791439825726e-10,3.952954741315295450e-09,-6.481533767278336612e-07,3.952954741315295450e-09,-6.481533767278336612e-07,3.952954741315295450e-09,-6.481533767278336612e-07,3.952954741315295450e-09,-6.481533767278201087e-07,2.405020502614600014e-04,2.800859098396565796e-03,-4.491000095589935881e+03,8.824154245737272917e-02,-1.502551146914511637e+00,7.294321819397120521e+01,-1.446630043262803422e+00,7.294479649413946731e+01,-1.492437701781616388e+00,7.294350998710126532e+01,-1.502551146912694424e+00,7.294321819400401807e+01,-4.989995097467926826e+03,1.616342634282506296e-01,-4.989995097467926826e+03,1.616342634283075841e-01,-4.989995097467926826e+03,1.616342634282506296e-01,-4.989995097467926826e+03,1.616342634283072510e-01
4.733353603456411207e+00,-9.999999999981524779e-01,2.887059662789060593e-11,3.523360936341646266e-09,-6.010200691619252801e-07,-9.491114480605043757e-09,-3.715192251063648143e-10,-9.491354803774394722e-09,-3.644564806198902218e-10,-9.491158725377819849e-09,-3.702418649442762444e-10,-9.491114480496623540e-09,-3.715192233716413384e-10,3.951477256514124292e-09,-6.670846478680730711e-07,3.951477256514124292e-09,-6.670846478680866236e-07,3.951477256514124292e-09,-6.670846478680730711e-07,3.951477367536426755e-09,-6.670846478680459660e-07,2.405008956717497037e-04,2.882666427097676544e-03,-4.491000095618706837e+03,9.081889628564221439e-02,-1.468242606518776805e+00,7.087249316234452579e+01,-1.415450078763837105e+00,7.087397789578864149e+01,-1.458694454902367488e+00,7.087276752267365509e+01,-1.468242606511492632e+00,7.087249316222398932e+01,-4.989995096169444878e+03,1.663507298740372342e-01,-4.989995096169443059e+03,1.663507298741513651e-01,-4.989995096169444878e+03,1.663507298740372342e-01,-4.989995096169443968e+03,1.663507298740372342e-01
4.871605119404972761e+00,-9.999999999981854515e-01,2.971384706820377926e-11,3.522632852082097088e-09,-6.185746282881861974e-07,-9.491001619929377575e-09,-3.746883671384981795e-10,-9.491233450705741787e-09,-3.678259832134989082e-10,-9.491044287621673570e-09,-3.734471690219898221e-10,-9.491001620037797792e-09,-3.746883671384981795e-10,3.949912730227822522e-09,-6.865688611626158573e-07,3.949912730227822522e-09,-6.865688611626158573e-07,3.949912730227822522e-09,-6.865688611626158573e-07,3.949912730227822522e-09,-6.865688611625887523e-07,2.404996672874006036e-04,2.966863179409443604e-03,-4.491000095649151262e+03,9.347152931258510822e-02,-1.435853508840724491e+00,6.886048252070195019e+01,-1.386014566733918763e+00,6.886188037841202458e+01,-1.426839033135490986e+00,6.886074070087629195e+01,-1.435853508856183680e+00,6.886048252067773490e+01,-4.989995094798166065e+03,1.712050832895516128e-01,-4.989995094798166065e+03,1.712050832895516128e-01,-4.989995094798166065e+03,1.712050832895516128e-01,-4.989995094798166065e+03,1.712050832895513908e-01
5.013894677567012792e+00,-9.999999999982206456e-01,3.058172710565260771e-11,3.521861469124587529e-09,-6.366419199538261083e-07,-9.490875047457256186e-09,-3.781680298770018211e-10,-9.491098860775395302e-09,-3.715003339677114269e-10,-9.490916226268918815e-09,-3.769619755233932779e-10,-9.490875047403046078e-09,-3.781680298770018211e-10,3.948254945207452238e-09,-7.066221669481859190e-07,3.948254945207452238e-09,-7.066221669481859190e-07,3.948254945207452238e-09,-7.066221669481859190e-07,3.948255000718603469e-09,-7.066221669481859190e-07,2.404983694697000740e-04,3.053519145585758491e-03,-4.491000095681407402e+03,9.620164029307100295e-02,-1.405276485015469756e+00,6.690552112163678089e+01,-1.358225922679140663e+00,6.690683827036414755e+01,-1.396765835368829256e+00,6.690576427590492870e+01,-1.405276485018198906e+00,6.690552112164753851e+01,-4.989995093349529270e+03,1.762013474206356733e-01,-4.989995093349529270e+03,1.762013474206356733e-01,-4.989995093349529270e+03,1.762013474206356733e-01,-4.989995093349530180e+03,1.762013474205788299e-01
5.160340220843958825e+00,-9.999999999982573939e-01,3.147495611515479901e-11,3.521044900089975727e-09,-6.552369200209718812e-07,-9.490734343006127643e-09,-3.819611224531449523e-10,-9.490950587237850095e-09,-3.754825842611220210e-10,-9.490774116312303971e-09,-3.807892005186497286e-10,-9.490734343006127643e-09,-3.819611207184214763e-10,3.946499183005158784e-09,-7.272611872783567646e-07,3.946499238516310015e-09,-7.272611872783838697e-07,3.946499183005158784e-09,-7.272611872783567646e-07,3.946499183005158784e-09,-7.272611872783296596e-07,2.404969918540986185e-04,3.142706153826999201e-03,-4.491000095715579846e+03,9.901149219119340095e-02,-1.376410170883230366e+00,6.500599089018697896e+01,-1.331992020170497115e+00,6.500723301559740719e+01,-1.368375166489826267e+00,6.500622008267392005e+01,-1.376410170885953743e+00,6.500599089011893739e+01,-4.989995091818736000e+03,1.813436636277678538e-01,-4.989995091818734181e+03,1.813436636278251413e-01,-4.989995091818735091e+03,1.813436636277680758e-01,-4.989995091818736000e+03,1.813436636277676317e-01
5.311063137006624579e+00,-9.999999999982968069e-01,3.239427448143328454e-11,3.520179481242280417e-09,-6.743750417658764360e-07,-9.490579039826956692e-09,-3.860707795122486630e-10,-9.490788138515841160e-09,-3.797760474155698063e-10,-9.490617486557564875e-09,-3.849320358989549717e-10,-9.490579039826956692e-09,-3.860707795122486630e-10,3.944639115349701797e-09,-7.485030297015927200e-07,3.944639115349701797e-09,-7.485030297015927200e-07,3.944639115349701797e-09,-7.485030297015927200e-07,3.944639115349701797e-09,-7.485030297015656149e-07,2.404955333032664233e-04,3.234498131259581476e-03,-4.491000095751786830e+03,1.019034140846803022e-01,-1.349158871436142215e+00,6.316031950124873617e+01,-1.307225885691363665e+00,6.316149184667266070e+01,-1.341572907206526111e+00,6.316053571336997408e+01,-1.349158871436144214e+00,6.316031950127310068e+01,-4.989995090200706727e+03,1.866362943517873019e-01,-4.989995090200706727e+03,1.866362943517873019e-01,-4.989995090200706727e+03,1.866362943518439232e-01,-4.989995090200706727e+03,1.866362943517302364e-01
5.466188359312753597e+00,-9.999999999983387733e-01,3.334044420210367787e-11,3.519263214180057275e-09,-6.940721486548522131e-07,-9.490408623140551836e-09,-3.905004149901136756e-10,-9.490610976086149425e-09,-3.843842813489040111e-10,-9.490445817400810363e-09,-3.893938990695566815e-10,-9.490408623140551836e-09,-3.905004132553901997e-10,3.942668636014445838e-09,-7.703653014412309864e-07,3.942668636014445838e-09,-7.703653014412309864e-07,3.942668636014445838e-09,-7.703653014412038813e-07,3.942668747036748300e-09,-7.703653014412038813e-07,2.404939903579220162e-04,3.328971163574995142e-03,-4.491000095790132036e+03,1.048798030617456162e-01,-1.323432243820159115e+00,6.136697909252040972e+01,-1.283845410465865866e+00,6.136808649528052939e+01,-1.316270202390854793e+00,6.136718322886984822e+01,-1.323432243824711474e+00,6.136697909258008821e+01,-4.989995088490082708e+03,1.920836266082747990e-01,-4.989995088490081798e+03,1.920836266083889299e-01,-4.989995088490082708e+03,1.920836266083314203e-01,-4.989995088490083617e+03,1.920836266083313926e-01
5.625844470063392500e+00,-9.999999999983825161e-01,3.431424957546502785e-11,3.518292546189627501e-09,-7.143445674934547924e-07,-9.490222527535480124e-09,-3.952537065005090611e-10,-9.490418512040146859e-09,-3.893111041874952605e-10,-9.490258539581689773e-09,-3.941784988692464964e-10,-9.490222527535480124e-09,-3.952537047657855851e-10,3.940581749795057931e-09,-7.928661239904014231e-07,3.940581749795057931e-09,-7.928661239904014231e-07,3.940581749795057931e-09,-7.928661239903743180e-07,3.940581805306209162e-09,-7.928661239903743180e-07,2.404923538316776355e-04,3.426203558357541253e-03,-4.491000095830742794e+03,1.079431262330978608e-01,-1.299144998222380609e+00,5.962448501246621646e+01,-1.261773078532671510e+00,5.962553193584528799e+01,-1.292383166751867485e+00,5.962467790819211189e+01,-1.299144998225107983e+00,5.962448501245741284e+01,-4.989995086681182329e+03,1.976901756530039522e-01,-4.989995086681182329e+03,1.976901756530039522e-01,-4.989995086681182329e+03,1.976901756530037302e-01,-4.989995086681182329e+03,1.976901756530608234e-01
5.790163807183937195e+00,-9.999999999984291454e-01,3.531649775954156384e-11,3.517264146601917219e-09,-7.352091019595621726e-07,-9.490020135775444760e-09,-4.003345936004487626e-10,-9.490210108053804411e-09,-3.945606098787468596e-10,-9.490055031960778487e-09,-3.992898147536783071e-10,-9.490020135938075085e-09,-4.003345901310018107e-10,3.938371129219575550e-09,-8.160241481324956823e-07,3.938371129219575550e-09,-8.160241481324956823e-07,3.938371129219575550e-09,-8.160241481324956823e-07,3.938371129219575550e-09,-8.160241481324685773e-07,2.404906217383321471e-04,3.526275911623240160e-03,-4.491000095873768259e+03,1.110959227740049571e-01,-1.276216615286672074e+00,5.793139460410405661e+01,-1.240935709903048023e+00,5.793238516814810879e+01,-1.269832607018770654e+00,5.793157702974215084e+01,-1.276216615293940926e+00,5.793139460403181573e+01,-4.989995084768013839e+03,2.034605887207035502e-01,-4.989995084768012021e+03,2.034605887207608377e-01,-4.989995084768012930e+03,2.034605887206471508e-01,-4.989995084768012930e+03,2.034605887206469288e-01
5.959282573918189385e+00,-9.999999999984786614e-01,3.634801951069542569e-11,3.516174795770155015e-09,-7.566830465319438989e-07,-9.489800776956141409e-09,-4.057472934027028799e-10,-9.489985073327707882e-09,-4.001371473744130824e-10,-9.489834619730644349e-09,-4.047320742439630692e-10,-9.489800777010351518e-09,-4.057472916679794039e-10,3.936029058237977551e-09,-8.398585694006975664e-07,3.936029058237977551e-09,-8.398585694006975664e-07,3.936029058237977551e-09,-8.398585694006433563e-07,3.936029058237977551e-09,-8.398585694006162512e-07,2.404887858025988451e-04,3.629271172055398027e-03,-4.491000095919341220e+03,1.143408060098798362e-01,-1.254571079478619788e+00,5.628630602121744886e+01,-1.221264218179200833e+00,5.628724403009742616e+01,-1.248543759570571066e+00,5.628647868805816756e+01,-1.254571079477716289e+00,5.628630602128358618e+01,-4.989995082744228966e+03,2.093996488553119817e-01,-4.989995082744227147e+03,2.093996488553124258e-01,-4.989995082744228966e+03,2.093996488554256685e-01,-4.989995082744228966e+03,2.093996488553683810e-01
6.133340951726350632e+00,-9.999999999985310639e-01,3.740966985108862622e-11,3.515020607913754702e-09,-7.787842008255279767e-07,-9.489563723198441575e-09,-4.114963023105211448e-10,-9.489742661415766570e-09,-4.060453535903452149e-10,-9.489596571759552346e-09,-4.105098049683730821e-10,-9.489563723198441575e-09,-4.114963023105211448e-10,3.933548375911755102e-09,-8.643891439888396443e-07,3.933548375911755102e-09,-8.643891439888396443e-07,3.933548375911755102e-09,-8.643891439888396443e-07,3.933548264889452639e-09,-8.643891439888125392e-07,2.404868415693955930e-04,3.735274712279852954e-03,-4.491000095967619927e+03,1.176804656105841645e-01,-1.234136627189106994e+00,5.468785707827137799e+01,-1.202693381538932904e+00,5.468874604584720345e+01,-1.228446042798796434e+00,5.468802064313191380e+01,-1.234136627180917767e+00,5.468785707823164444e+01,-4.989995080603115639e+03,2.155122789067953348e-01,-4.989995080603115639e+03,2.155122789067953348e-01,-4.989995080603115639e+03,2.155122789067953348e-01,-4.989995080603115639e+03,2.155122789069083833e-01
6.312483216480536008e+00,-9.999999999985865751e-01,3.850232877341446328e-11,3.513798363385944867e-09,-8.015308843452917983e-07,-9.489308188699715693e-09,-4.175863821398451137e-10,-9.489482068246544305e-09,-4.122901135078516077e-10,-9.489340098721215852e-09,-4.166277860900846619e-10,-9.489308188699715693e-09,-4.175863804051216377e-10,3.930920589034769819e-09,-8.896362051278704913e-07,3.930920589034769819e-09,-8.896362051278433863e-07,3.930920589034769819e-09,-8.896362051278433863e-07,3.930920589034769819e-09,-8.896362051278433863e-07,2.404847811891056009e-04,3.844374397588253781e-03,-4.491000096018756267e+03,1.211176697905577693e-01,-1.214845509098509746e+00,5.313472413137003514e+01,-1.185161626743055585e+00,5.313556730456087251e+01,-1.209472823245225648e+00,5.313487920139642995e+01,-1.214845509100333176e+00,5.313472413141671780e+01,-4.989995078337575251e+03,2.218035455794240829e-01,-4.989995078337574341e+03,2.218035455794811484e-01,-4.989995078337574341e+03,2.218035455793672395e-01,-4.989995078337574341e+03,2.218035455794240829e-01
6.496857858054116086e+00,-9.999999999986453059e-01,3.962690195240519547e-11,3.512503954361534397e-09,-8.249419516713131669e-07,-9.489033325559654772e-09,-4.240225861401603069e-10,-9.489202429629594454e-09,-4.188766156848489075e-10,-9.489064349869295173e-09,-4.230911003488824207e-10,-9.489033325776495206e-09,-4.240225861401603069e-10,3.928137204400883320e-09,-9.156206799389100988e-07,3.928137259912034551e-09,-9.156206799389100988e-07,3.928137204400883320e-09,-9.156206799389100988e-07,3.928137315423185782e-09,-9.156206799389643089e-07,2.404825997910382124e-04,3.956660659953006171e-03,-4.491000096072930319e+03,1.246552676288610190e-01,-1.196633765652664438e+00,5.162562099180366459e+01,-1.168610825037635026e+00,5.162642137172623791e+01,-1.191561194882144070e+00,5.162576812768106294e+01,-1.196633765656305748e+00,5.162562099184393105e+01,-4.989995075940091738e+03,2.282786636575431793e-01,-4.989995075940090828e+03,2.282786636574863359e-01,-4.989995075940091738e+03,2.282786636575431793e-01,-4.989995075940091738e+03,2.282786636576004669e-01
6.686617703404022173e+00,-9.999999999987073673e-01,4.078432157153619869e-11,3.511132162792307554e-09,-8.490368080871075443e-07,-9.488738222804488434e-09,-4.308102520556023052e-10,-9.488902818409429216e-09,-4.258103123572221094e-10,-9.488768411031623523e-09,-4.299051045708601748e-10,-9.488738222777383380e-09,-4.308102537903257812e-10,3.925188618580932598e-09,-9.423641067801593729e-07,3.925188674092083829e-09,-9.423641067801593729e-07,3.925188618580932598e-09,-9.423641067801864779e-07,3.925188674092083829e-09,-9.423641067801593729e-07,2.404802881628888972e-04,4.072226573220192637e-03,-4.491000096130302154e+03,1.282961914255671687e-01,-1.179441015163252171e+00,5.015929786774638899e+01,-1.152986099565727285e+00,5.016005822975079553e+01,-1.174651770639833170e+00,5.015943758791803475e+01,-1.179441015159608863e+00,5.015929786769495280e+01,-4.989995073402722483e+03,2.349430003248936805e-01,-4.989995073402721573e+03,2.349430003248370591e-01,-4.989995073402722483e+03,2.349430003248936805e-01,-4.989995073402721573e+03,2.349430003247802157e-01
6.881920043248029195e+00,-9.999999999987734256e-01,4.197554694983034705e-11,3.509679880053795387e-09,-8.738354256646210891e-07,-9.488421901291234709e-09,-4.379550160027445571e-10,-9.488582240833442344e-09,-4.330969732152523122e-10,-9.488451300463133717e-09,-4.370754539545496087e-10,-9.488421901291234709e-09,-4.379550160027445571e-10,3.922065339168057108e-09,-9.698886530998881029e-07,3.922065339168057108e-09,-9.698886530998609978e-07,3.922065339168057108e-09,-9.698886530998881029e-07,3.922065450190359570e-09,-9.698886530998881029e-07,2.404778399275747658e-04,4.191167928521546092e-03,-4.491000096191076409e+03,1.320434591058214091e-01,-1.163210253764939583e+00,4.873454033697795040e+01,-1.138235643499756700e+00,4.873526324830405798e+01,-1.158688485658741829e+00,4.873467312093822557e+01,-1.163210253766753244e+00,4.873454033692618736e+01,-4.989995070717045564e+03,2.418020795823360158e-01,-4.989995070717044655e+03,2.418020795823933033e-01,-4.989995070717045564e+03,2.418020795823360158e-01,-4.989995070717045564e+03,2.418020795823362379e-01
7.082926762442021129e+00,-9.999999999988432586e-01,4.320156553119249530e-11,3.508141110941664920e-09,-8.993583598188763586e-07,-9.488083312433762476e-09,-4.454627916539166677e-10,-9.488239633787193608e-09,-4.407426264230185353e-10,-9.488111966677453823e-09,-4.446080951320263708e-10,-9.488083312298237204e-09,-4.454627933886401436e-10,3.918757096599279066e-09,-9.982171338104091785e-07,3.918757096599279066e-09,-9.982171338104362836e-07,3.918757096599279066e-09,-9.982171338104633886e-07,3.918757096599279066e-09,-9.982171338104362836e-07,2.404752504689671583e-04,4.313583316084862451e-03,-4.491000096255456810e+03,1.359001767640527492e-01,-1.147887666510979399e+00,4.735016834773966821e+01,-1.124310548361202589e+00,4.735085618457696910e+01,-1.143618411506496013e+00,4.735029463926856153e+01,-1.147887666510974514e+00,4.735016834768934757e+01,-4.989995067874150664e+03,2.488615868745938375e-01,-4.989995067874150664e+03,2.488615868745085724e-01,-4.989995067874150664e+03,2.488615868745654158e-01,-4.989995067874151573e+03,2.488615868745651938e-01
7.289804474165310744e+00,-9.999999999989171995e-01,4.446339351799012338e-11,3.506511081496910265e-09,-9.256267663463619156e-07,-9.487721332835990715e-09,-4.533398153400147734e-10,-9.487873861026806244e-09,-4.487536158642724260e-10,-9.487749284299833857e-09,-4.525092661689100737e-10,-9.487721332890200823e-09,-4.533398136052912974e-10,3.915252344555142372e-09,-1.027373030199654454e-06,3.915252344555142372e-09,-1.027373030199654454e-06,3.915252344555142372e-09,-1.027373030199654454e-06,3.915252455577444834e-09,-1.027373030199654454e-06,2.404725021577357874e-04,4.439574205102977088e-03,-4.491000096323666185e+03,1.398695412066922883e-01,-1.133422449052998715e+00,4.600503524749680651e+01,-1.111164641904733186e+00,4.600569020974378986e+01,-1.129391580771664572e+00,4.600515545730294065e+01,-1.133422449055716763e+00,4.600503524740940264e+01,-4.989995064864619962e+03,2.561273737667614792e-01,-4.989995064864619962e+03,2.561273737667614792e-01,-4.989995064864619962e+03,2.561273737667614792e-01,-4.989995064864620872e+03,2.561273737667614792e-01
7.502724658025233140e+00,-9.999999999989958033e-01,4.576207681634210551e-11,3.504784129582105834e-09,-9.526624189607014255e-07,-9.487334762475849864e-09,-4.615926182949259271e-10,-9.487483709682414945e-09,-4.571365837952034994e-10,-9.487362050814539260e-09,-4.607855364630042416e-10,-9.487334762502954918e-09,-4.615926182949259271e-10,3.911540202850005699e-09,-1.057380509394365573e-06,3.911540202850005699e-09,-1.057380509394365573e-06,3.911540202850005699e-09,-1.057380509394311363e-06,3.911540202850005699e-09,-1.057380509394284258e-06,2.404695922521554036e-04,4.569245028779153964e-03,-4.491000096395894616e+03,1.439548426180324026e-01,-1.119766639303210631e+00,4.469802683855006364e+01,-1.098754335130026405e+00,4.469865096409495919e+01,-1.115960821525429969e+00,4.469814134698181363e+01,-1.119766639300481703e+00,4.469802683854596381e+01,-4.989995061678471757e+03,2.636054628132089572e-01,-4.989995061678471757e+03,2.636054628131805355e-01,-4.989995061678471757e+03,2.636054628132089572e-01,-4.989995061678471757e+03,2.636054628132085131e-01
7.721863802195491289e+00,-9.999999999990785149e-01,4.709869192719737079e-11,3.502954815104430963e-09,-9.804877273410046918e-07,-9.486922319365586123e-09,-4.702280387985924293e-10,-9.487067885731621797e-09,-4.658984812527799946e-10,-9.486948981523310800e-09,-4.694437529678685550e-10,-9.486922319311376015e-09,-4.702280387985924293e-10,3.907607848407934625e-09,-1.088264444391759097e-06,3.907607903919085857e-09,-1.088264444391759097e-06,3.907607848407934625e-09,-1.088264444391759097e-06,3.907608014941388319e-09,-1.088264444391786202e-06,2.404665107072819635e-04,4.702703270556436548e-03,-4.491000096472419500e+03,1.481594672825043979e-01,-1.106874958449250324e+00,4.342806046054600699e+01,-1.087038477809362913e+00,4.342865563810227059e+01,-1.103281600901176773e+00,4.342816961996358316e+01,-1.106874958443788914e+00,4.342806046050852586e+01,-4.989995058305134080e+03,2.713020525437117025e-01,-4.989995058305133171e+03,2.713020525437119246e-01,-4.989995058305134080e+03,2.713020525437117025e-01,-4.989995058305135899e+03,2.713020525437112584e-01
7.947403549706071324e+00,-9.999999999991667776e-01,4.847434668155950130e-11,3.501018142060274840e-09,-1.009125755706937659e-06,-9.486482635350478032e-09,-4.792532447284170161e-10,-9.486625010367418995e-09,-4.750465767283662544e-10,-9.486508707051699574e-09,-4.784911078470344137e-10,-9.486482635377583086e-09,-4.792532447284170161e-10,3.903442680197599657e-09,-1.120050434677094487e-06,3.903442680197599657e-09,-1.120050434677094487e-06,3.903442680197599657e-09,-1.120050434677067382e-06,3.903442680197599657e-09,-1.120050434677040277e-06,2.404632470138605427e-04,4.840059552403534228e-03,-4.491000096553463663e+03,1.524869003715690341e-01,-1.094704660924398443e+00,4.219408409827410367e+01,-1.075978222061116263e+00,4.219465207894999281e+01,-1.091311877619496773e+00,4.219418823534051199e+01,-1.094704660923489614e+00,4.219408409827978801e+01,-4.989995054733425604e+03,2.792235225783764041e-01,-4.989995054733425604e+03,2.792235225783764041e-01,-4.989995054733425604e+03,2.792235225783764041e-01,-4.989995054733425604e+03,2.792235225783759600e-01
8.179530849005983484e+00,-9.999999999992597033e-01,4.989018142294472657e-11,3.498965672754650313e-09,-1.038600241936567741e-06,-9.486014252747809739e-09,-4.886757162120280995e-10,-9.486153614712703255e-09,-4.845884544329992494e-10,-9.486039767087799460e-09,-4.879350933711945615e-10,-9.486014252802019847e-09,-4.886757144773046235e-10,3.899030431853134360e-09,-1.152764827442649036e-06,3.899030431853134360e-09,-1.152764827442621931e-06,3.899030431853134360e-09,-1.152764827442621931e-06,3.899030431853134360e-09,-1.152764827442540616e-06,2.404597896760538728e-04,4.981427728328565938e-03,-4.491000096639326330e+03,1.569407288705234049e-01,-1.083215392762356677e+00,4.099507551438703956e+01,-1.065536893616676917e+00,4.099561792279111216e+01,-1.080011962546668647e+00,4.099517493213352282e+01,-1.083215392765995766e+00,4.099507551439906905e+01,-4.989995050951492885e+03,2.873764389589975043e-01,-4.989995050951491976e+03,2.873764389589979484e-01,-4.989995050951492885e+03,2.873764389589411050e-01,-4.989995050951492885e+03,2.873764389590541257e-01
8.418438108923632868e+00,-9.999999999993584021e-01,5.134736967484388598e-11,3.496792078117039182e-09,-1.068935617242539385e-06,-9.485515618058498397e-09,-4.985032716481319071e-10,-9.485652135646097452e-09,-4.945320351140702897e-10,-9.485540606397804136e-09,-4.977835504904604136e-10,-9.485515618004288288e-09,-4.985032716481319071e-10,3.894356559452916144e-09,-1.186434739426043281e-06,3.894356559452916144e-09,-1.186434739426016176e-06,3.894356559452916144e-09,-1.186434739426043281e-06,3.894356559452916144e-09,-1.186434739425989071e-06,2.404561246992335810e-04,5.126924977995601755e-03,-4.491000096730281257e+03,1.615246445409329601e-01,-1.072369057807582182e+00,3.983004140676786875e+01,-1.055679870255221697e+00,3.983055975074422150e+01,-1.069344387228701398e+00,3.983013638617509855e+01,-1.072369057808485016e+00,3.983004140671769733e+01,-4.989995046946806724e+03,2.957675595781812383e-01,-4.989995046946804905e+03,2.957675595781532607e-01,-4.989995046946806724e+03,2.957675595781812383e-01,-4.989995046946806724e+03,2.957675595781807942e-01
8.664323358153261267e+00,-9.999999999994627631e-01,5.284711927235844625e-11,3.494489364541664145e-09,-1.100157026422958104e-06,-9.484985077847125912e-09,-5.087440538287246738e-10,-9.485118910136994264e-09,-5.048855526365580992e-10,-9.485009570001307413e-09,-5.080446402114247029e-10,-9.484985077820020857e-09,-5.087440555634481498e-10,3.889405797430356415e-09,-1.221088079387812027e-06,3.889405797430356415e-09,-1.221088079387812027e-06,3.889405797430356415e-09,-1.221088079387812027e-06,3.889405797430356415e-09,-1.221088079387784922e-06,2.404522449039169646e-04,5.276671902689889122e-03,-4.491000096826623121e+03,1.662424469519270809e-01,-1.062129691467495585e+00,3.869801658898033025e+01,-1.046374467032885391e+00,3.869851226897059604e+01,-1.059273779656350056e+00,3.869810739115671794e+01,-1.062129691467490256e+00,3.869801658893985774e+01,-4.989995042706076674e+03,3.044038397499914117e-01,-4.989995042706076674e+03,3.044038397499914117e-01,-4.989995042706076674e+03,3.044038397499914117e-01,-4.989995042706076674e+03,3.044038397499911897e-01
8.917390409399658324e+00,-9.999999999995737854e-01,5.439067333459432496e-11,3.492049760467352826e-09,-1.132290348703713571e-06,-9.484420872480671394e-09,-5.194065594293917343e-10,-9.484552169634809932e-09,-5.156575947490305012e-10,-9.484444896557669979e-09,-5.187268748221840475e-10,-9.484420872345146122e-09,-5.194065602967534723e-10,3.884161658973539488e-09,-1.256753571244673736e-06,3.884161714484690719e-09,-1.256753571244673736e-06,3.884161658973539488e-09,-1.256753571244646631e-06,3.884161603462388257e-09,-1.256753571244592421e-06,2.404481354924947051e-04,5.430792626569890848e-03,-4.491000096928664789e+03,1.710980466578039816e-01,-1.052463341500313065e+00,3.759806319435364230e+01,-1.037589827931707065e+00,3.759853751159400304e+01,-1.049766747041895432e+00,3.759815006169164775e+01,-1.052463341496671534e+00,3.759806319432330213e+01,-4.989995038215247405e+03,3.132924380053110913e-01,-4.989995038215246495e+03,3.132924380052828917e-01,-4.989995038215247405e+03,3.132924380053106472e-01,-4.989995038215247405e+03,3.132924380052526936e-01
9.177849028317210056e+00,-9.999999999996905808e-01,5.597931130820648152e-11,3.489466271489050087e-09,-1.165362219189646604e-06,-9.483821130788815459e-09,-5.304996329377753561e-10,-9.483950035000339104e-09,-5.268570987468357281e-10,-9.483844713595529843e-09,-5.298391144228919991e-10,-9.483821130815920514e-09,-5.304996329377753561e-10,3.878606658069827517e-09,-1.293460777877878396e-06,3.878606602558676286e-09,-1.293460777877851291e-06,3.878606658069827517e-09,-1.293460777877878396e-06,3.878606602558676286e-09,-1.293460777877824186e-06,2.404437831628452454e-04,5.589414899973261727e-03,-4.491000097036763691e+03,1.760954684541195803e-01,-1.043337955489208824e+00,3.652926990171754085e+01,-1.029296823594764154e+00,3.652972406622801316e+01,-1.040791765124223778e+00,3.652935305971116264e+01,-1.043337955493744307e+00,3.652926990163372523e+01,-4.989995033459415026e+03,3.224407220421878772e-01,-4.989995033459414117e+03,3.224407220421596776e-01,-4.989995033459415026e+03,3.224407220421878772e-01,-4.989995033459414117e+03,3.224407220421594555e-01
9.445915107383296316e+00,-9.999999999998152589e-01,5.761434997706219030e-11,3.486729571733349076e-09,-1.199400050942181723e-06,-9.483183864317668715e-09,-5.420324735924686443e-10,-9.483310509078969955e-09,-5.384933497373789457e-10,-9.483207030492593267e-09,-5.413905686604825185e-10,-9.483183864290563661e-09,-5.420324718577451684e-10,3.872722309505860494e-09,-1.331240125638101079e-06,3.872722309505860494e-09,-1.331240125638101079e-06,3.872722309505860494e-09,-1.331240125638101079e-06,3.872722309505860494e-09,-1.331240125637992659e-06,2.404391678448233871e-04,5.752670202937844139e-03,-4.491000097151277259e+03,1.812388546401786371e-01,-1.034723274601093257e+00,3.549075118339968782e+01,-1.021467954740060913e+00,3.549118632078599944e+01,-1.032319073670991294e+00,3.549083084152150747e+01,-1.034723274600182430e+00,3.549075118338981127e+01,-4.989995028422822543e+03,3.318562747505698907e-01,-4.989995028422822543e+03,3.318562747505698907e-01,-4.989995028422822543e+03,3.318562747505983124e-01,-4.989995028422821633e+03,3.318562747505974242e-01
9.721810844850185873e+00,-9.999999999999465983e-01,5.929714460742958534e-11,3.483830335326842942e-09,-1.234432057701927859e-06,-9.482506959279570630e-09,-5.540146431892711831e-10,-9.482631471279673319e-09,-5.505760014568039651e-10,-9.482529732783573362e-09,-5.533908253516073295e-10,-9.482506959306675684e-09,-5.540146466587181351e-10,3.866489184378707478e-09,-1.370122929565177096e-06,3.866489184378707478e-09,-1.370122929565122886e-06,3.866489184378707478e-09,-1.370122929565177096e-06,3.866489184378707478e-09,-1.370122929565122886e-06,2.404342843178031153e-04,5.920693857273217134e-03,-4.491000097272562016e+03,1.865324685563468365e-01,-1.026590733249689080e+00,3.448164657384167242e+01,-1.014077261015919440e+00,3.448206373201362851e+01,-1.024320577838945479e+00,3.448172292727480936e+01,-1.026590733249702625e+00,3.448164657393177635e+01,-4.989995023088751623e+03,3.415469006131868213e-01,-4.989995023088750713e+03,3.415469006131583996e-01,-4.989995023088751623e+03,3.415469006131868213e-01,-4.989995023088751623e+03,3.415469006131863772e-01
1.000576492892373714e+01,-1.000000000000086153e+00,6.102909003895609641e-11,3.480759458440729759e-09,-1.270487277274675274e-06,-9.481788171213393832e-09,-5.664560799589768436e-10,-9.481910669687431889e-09,-5.631150701984610762e-10,-9.481810574353934443e-09,-5.658498287985924691e-10,-9.481788171240498886e-09,-5.664560799589768436e-10,3.859886688051261672e-09,-1.410141419345148838e-06,3.859886688051261672e-09,-1.410141419345203049e-06,3.859886688051261672e-09,-1.410141419345148838e-06,3.859886577028959209e-09,-1.410141419345094628e-06,2.404291100686507116e-04,6.093625136628504600e-03,-4.491000097401041785e+03,1.919806980359288207e-01,-1.018913364438477798e+00,3.350111995946905807e+01,-1.007100234927693183e+00,3.350152011454364498e+01,-1.016769755041045498e+00,3.350119318973762716e+01,-1.018913364433927216e+00,3.350111995944949683e+01,-4.989995017439527146e+03,3.515206320824477149e-01,-4.989995017439525327e+03,3.515206320824770247e-01,-4.989995017439527146e+03,3.515206320824477149e-01,-4.989995017439526237e+03,3.515206320824472708e-01
1.029801272732158601e+01,-1.000000000000233813e+00,6.281162181630446650e-11,3.477506727023182975e-09,-1.307595595600975161e-06,-9.481025116256716623e-09,-5.793671055062676878e-10,-9.481145713853295770e-09,-5.761209564969504981e-10,-9.481047170202842531e-09,-5.787779162186312831e-10,-9.481025116283821677e-09,-5.793671055062676878e-10,3.852892838107635498e-09,-1.451328766025169938e-06,3.852892893618786729e-09,-1.451328766025169938e-06,3.852892838107635498e-09,-1.451328766025169938e-06,3.852892782596484267e-09,-1.451328766025115728e-06,2.404236284869916418e-04,6.271607382797686134e-03,-4.491000097537132206e+03,1.975880590958331851e-01,-1.011665710364799020e+00,3.254835888756945650e+01,-1.000513740595476930e+00,3.254874294933048162e+01,-1.009641567000416851e+00,3.254842916393945274e+01,-1.011665710362983139e+00,3.254835888758788798e+01,-4.989995011456405337e+03,3.617857362991665493e-01,-4.989995011456404427e+03,3.617857362991954151e-01,-4.989995011456405337e+03,3.617857362991949710e-01,-4.989995011456405337e+03,3.617857362992225045e-01
1.059879648236793592e+01,-1.000000000000389910e+00,6.464621747664283172e-11,3.474061149866258802e-09,-1.345787771527977338e-06,-9.480215264125613911e-09,-5.927584152687348507e-10,-9.480334067015231889e-09,-5.896044433933989026e-10,-9.480236988772434981e-09,-5.921858082028053083e-10,-9.480215264044298748e-09,-5.927584170034583266e-10,3.845484375375463060e-09,-1.493719109507652635e-06,3.845484375375463060e-09,-1.493719109507652635e-06,3.845484375375463060e-09,-1.493719109507652635e-06,3.845484319864311828e-09,-1.493719109507598425e-06,2.404178219247866261e-04,6.454788123826804211e-03,-4.491000097681305306e+03,2.033591996319644157e-01,-1.004823738001507705e+00,3.162257389536831909e+01,-9.942959370592359125e-01,3.162294271259349898e+01,-1.002912376788946069e+00,3.162264137567471778e+01,-1.004823737995132360e+00,3.162257389531208318e+01,-4.989995005119548296e+03,3.723507218904562599e-01,-4.989995005119547386e+03,3.723507218904567040e-01,-4.989995005119548296e+03,3.723507218904562599e-01,-4.989995005119547386e+03,3.723507218903989724e-01
1.090836551178666625e+01,-1.000000000000555778e+00,6.653439768128073875e-11,3.470411180650501137e-09,-1.385095462305657276e-06,-9.479355928763413472e-09,-6.066411305585828195e-10,-9.479473037587136941e-09,-6.035767207215880781e-10,-9.479377343192887939e-09,-6.060846234612338179e-10,-9.479355928682098309e-09,-6.066411305585828195e-10,3.837637096992807528e-09,-1.537347586849733411e-06,3.837637096992807528e-09,-1.537347586849733411e-06,3.837637096992807528e-09,-1.537347586849733411e-06,3.837637096992807528e-09,-1.537347586849679201e-06,2.404116709706794613e-04,6.643319197051301452e-03,-4.491000097834006738e+03,2.092989033041046110e-01,-9.983647594429917449e-01,3.072299785764360891e+01,-9.884262058497579329e-01,3.072335222250568521e+01,-9.965598704184305268e-01,3.072306268927087203e+01,-9.983647594420789195e-01,3.072299785762294988e+01,-4.989994998407943058e+03,3.832243460583275030e-01,-4.989994998407943058e+03,3.832243460582990813e-01,-4.989994998407943058e+03,3.832243460583275030e-01,-4.989994998407943058e+03,3.832243460583270589e-01
1.122697641535919111e+01,-1.000000000000731415e+00,6.847772747605417043e-11,3.466544939989546492e-09,-1.425551249827070109e-06,-9.478444260615755471e-09,-6.210267560619042726e-10,-9.478559770241274524e-09,-6.180493668933584317e-10,-9.478465382744324236e-09,-6.204858918334998918e-10,-9.478444260642860525e-09,-6.210267560619042726e-10,3.829324357607077900e-09,-1.582250361387084643e-06,3.829324357607077900e-09,-1.582250361387084643e-06,3.829324357607077900e-09,-1.582250361387084643e-06,3.829324357607077900e-09,-1.582250361387030433e-06,2.404051590354280149e-04,6.837356874645423091e-03,-4.491000097995763099e+03,2.154120934926182229e-01,-9.922673567025264152e-01,2.984888535282707522e+01,-9.828850826627464343e-01,2.984922600526867242e+01,-9.905629829020815569e-01,2.984894767331973142e+01,-9.922673567034471231e-01,2.984888535289110223e+01,-4.989994991299326102e+03,3.944156218293953797e-01,-4.989994991299326102e+03,3.944156218293953797e-01,-4.989994991299326102e+03,3.944156218293953797e-01,-4.989994991299326102e+03,3.944156218293380367e-01
1.155489328761837342e+01,-1.000000000000917266e+00,7.047781769401210636e-11,3.462449549296309215e-09,-1.467188667635277867e-06,-9.477477236439092040e-09,-6.359272258088521923e-10,-9.477591236204665689e-09,-6.330343931340576269e-10,-9.477498082936363505e-09,-6.354015577580973684e-10,-9.477477236493302148e-09,-6.359272266762139303e-10,3.820519067776473321e-09,-1.628464652709692324e-06,3.820519067776473321e-09,-1.628464652709692324e-06,3.820519067776473321e-09,-1.628464652709692324e-06,3.820519067776473321e-09,-1.628464652709692324e-06,2.403982558558080684e-04,7.037061993573485476e-03,-4.491000098167110991e+03,2.217038373985671662e-01,-9.865113106741245641e-01,2.899951204687300432e+01,-9.776541927926021280e-01,2.899983967849972188e+01,-9.849018283987179823e-01,2.899957198453173746e+01,-9.865113106759554329e-01,2.899951204693952889e+01,-4.989994983770133331e+03,4.059338255455541278e-01,-4.989994983770132421e+03,4.059338255455545719e-01,-4.989994983770133331e+03,4.059338255455541278e-01,-4.989994983770133331e+03,4.059338255455536837e-01
1.189238793675478689e+01,-1.000000000001114220e+00,7.253632610060506761e-11,3.458111130782981490e-09,-1.510042228719223533e-06,-9.476451649217607076e-09,-6.513548997041929134e-10,-9.476564223691004776e-09,-6.485442244005823476e-10,-9.476472236346613828e-09,-6.508439915481334381e-10,-9.476451649244712130e-09,-6.513549005715546514e-10,3.811191973124294918e-09,-1.676028767512178358e-06,3.811192028635446150e-09,-1.676028767512178358e-06,3.811191973124294918e-09,-1.676028767512178358e-06,3.811191973124294918e-09,-1.676028767512178358e-06,2.403909481334780274e-04,7.242600087504890566e-03,-4.491000098348604297e+03,2.281793501881421438e-01,-9.810775341320192577e-01,2.817417409408381346e+01,-9.727161902364651613e-01,2.817448935194514092e+01,-9.795576343092211591e-01,2.817423176918756411e+01,-9.810775341311176456e-01,2.817417409412621510e+01,-4.989994975795383652e+03,4.177885044916416213e-01,-4.989994975795382743e+03,4.177885044916704871e-01,-4.989994975795383652e+03,4.177885044916416213e-01,-4.989994975795383652e+03,4.177885044916416213e-01
1.223974010991678085e+01,-1.000000000001322498e+00,7.465495901321211186e-11,3.453516583817872743e-09,-1.554147454121245625e-06,-9.475364097944610764e-09,-6.673225756703704548e-10,-9.475475326706271975e-09,-6.645917306064008656e-10,-9.475384440694447838e-09,-6.668260006670312379e-10,-9.475364097971715818e-09,-6.673225765377321927e-10,3.801311987405853188e-09,-1.724982131346721164e-06,3.801311931894701956e-09,-1.724982131346775374e-06,3.801311987405853188e-09,-1.724982131346721164e-06,3.801311931894701956e-09,-1.724982131346721164e-06,2.403832017663434795e-04,7.454141525970692413e-03,-4.491000098540856015e+03,2.348439993801848535e-01,-9.759480084237226460e-01,2.737218755565400485e+01,-9.680547001706754084e-01,2.737249104535530009e+01,-9.745126790062509370e-01,2.737224308066923228e+01,-9.759480084246262566e-01,2.737218755562337691e+01,-4.989994967348646242e+03,4.299894848802072178e-01,-4.989994967348645332e+03,4.299894848802076619e-01,-4.989994967348646242e+03,4.299894848802356395e-01,-4.989994967348644423e+03,4.299894848802356395e-01
1.259723772509109452e+01,-1.000000000001543654e+00,7.683547246665816885e-11,3.448648699944101281e-09,-1.599540902380234815e-06,-9.474210975967366222e-09,-6.838434931169534714e-10,-9.474320934423552040e-09,-6.811902162132121852e-10,-9.474231088622397240e-09,-6.833608444736793963e-10,-9.474210975940261167e-09,-6.838434939843152094e-10,3.790846525575375381e-09,-1.775365321300909158e-06,3.790846525575375381e-09,-1.775365321300909158e-06,3.790846525575375381e-09,-1.775365321300963369e-06,3.790846525575375381e-09,-1.775365321300909158e-06,2.403750012095560301e-04,7.671861654456290681e-03,-4.491000098744498246e+03,2.417033092684063300e-01,-9.711057237530478226e-01,2.659288783362194408e+01,-9.636542646617475283e-01,2.659318012268881759e+01,-9.697502330905238832e-01,2.659294131392914196e+01,-9.711057237521454333e-01,2.659288783365849085e+01,-4.989994958401894110e+03,4.425468799662332642e-01,-4.989994958401894110e+03,4.425468799662332642e-01,-4.989994958401893200e+03,4.425468799662061747e-01,-4.989994958401894110e+03,4.425468799662048425e-01
1.296517710975623139e+01,-1.000000000001777467e+00,7.907967386662235337e-11,3.443493046262346979e-09,-1.646260199834759393e-06,-9.472988459115075713e-09,-7.009313624309343460e-10,-9.473097218389448654e-09,-6.983534549254155621e-10,-9.473008355363353103e-09,-7.004622342224320342e-10,-9.472988459196390876e-09,-7.009313624309343460e-10,3.779760615607585805e-09,-1.827220099632890539e-06,3.779760560096434574e-09,-1.827220099632944749e-06,3.779760615607585805e-09,-1.827220099632890539e-06,3.779760615607585805e-09,-1.827220099632836329e-06,2.403663113284860986e-04,7.895940939373406048e-03,-4.491000098960228570e+03,2.487629654793946377e-01,-9.665346227744956442e-01,2.583562912171675663e+01,-9.595002914138459627e-01,2.583591074215615180e+01,-9.652545039419224704e-01,2.583568065595473584e+01,-9.665346227744919805e-01,2.583562912170053494e+01,-4.989994948925467725e+03,4.554710984055067580e-01,-4.989994948925465906e+03,4.554710984055360679e-01,-4.989994948925467725e+03,4.554710984055067580e-01,-4.989994948925467725e+03,4.554710984055063694e-01
1.334386324650639999e+01,-1.000000000002025491e+00,8.138942331100936303e-11,3.438031526137308447e-09,-1.694344071811489235e-06,-9.471692493501606205e-09,-7.186003554357500711e-10,-9.471800120624965583e-09,-7.160956784144079101e-10,-9.471712186136715603e-09,-7.181443616860461177e-10,-9.471692493474501151e-09,-7.186003554357500711e-10,3.768017675653823062e-09,-1.880589448386804467e-06,3.768017675653823062e-09,-1.880589448386804467e-06,3.768017675653823062e-09,-1.880589448386804467e-06,3.768017675653823062e-09,-1.880589448386696047e-06,2.403571081510316038e-04,8.126565118816379135e-03,-4.491000099188725471e+03,2.560288197260147669e-01,-9.622195473587528136e-01,2.509978387073908834e+01,-9.555790054001401801e-01,2.510005532174078979e+01,-9.610105833454862800e-01,2.509983355165857333e+01,-9.622195473578378788e-01,2.509978387071244299e+01,-4.989994938887935859e+03,4.687728529278169520e-01,-4.989994938887934950e+03,4.687728529278036849e-01,-4.989994938887935859e+03,4.687728529278169520e-01,-4.989994938887936769e+03,4.687728529278155643e-01
1.373361002584963053e+01,-1.000000000002287948e+00,8.376663535855427209e-11,3.432245820889079368e-09,-1.743832374724037888e-06,-9.470318781105600478e-09,-7.368651288100491747e-10,-9.470425339585088545e-09,-7.344316075436063684e-10,-9.470338282433236540e-09,-7.364218922167875547e-10,-9.470318781159810587e-09,-7.368651288100491747e-10,3.755578625863620346e-09,-1.935517605019827087e-06,3.755578681374771577e-09,-1.935517605019772876e-06,3.755578625863620346e-09,-1.935517605019772876e-06,3.755578736885922808e-09,-1.935517605019718666e-06,2.403473621134313842e-04,8.363925355323306721e-03,-4.491000099430782029e+03,2.635068946159958569e-01,-9.581461883260011803e-01,2.438474226960741120e+01,-9.518774031590128137e-01,2.438500401987777622e+01,-9.570043980503804004e-01,2.438479018409113408e+01,-9.581461883260012913e-01,2.438474226960849123e+01,-4.989994928256012827e+03,4.824631691686842583e-01,-4.989994928256011917e+03,4.824631691687131241e-01,-4.989994928256013736e+03,4.824631691686984691e-01,-4.989994928256013736e+03,4.824631691686553370e-01
1.413474050638960300e+01,-1.000000000002565947e+00,8.621328039762777423e-11,3.426117611837753429e-09,-1.794766129109971568e-06,-9.468862766624525779e-09,-7.557408362307560523e-10,-9.468968316009946859e-09,-7.533764549705335156e-10,-9.468882087920391100e-09,-7.553099916346450726e-10,-9.468862766651630833e-09,-7.557408353633943143e-10,3.742402499007368988e-09,-1.992050099070485306e-06,3.742402499007368988e-09,-1.992050099070485306e-06,3.742402499007368988e-09,-1.992050099070539516e-06,3.742402610029671450e-09,-1.992050099070485306e-06,2.403370337869421836e-04,8.608218395583617025e-03,-4.491000099687178590e+03,2.712033886874161692e-01,-9.543010380185658059e-01,2.368991174077006079e+01,-9.483832097168760633e-01,2.369016423095354185e+01,-9.532226631284879126e-01,2.368995797051648822e+01,-9.543010380167512574e-01,2.368991174079149786e+01,-4.989994916994442974e+03,4.965533948561516864e-01,-4.989994916994442065e+03,4.965533948561805522e-01,-4.989994916994442974e+03,4.965533948561232647e-01,-4.989994916994444793e+03,4.965533948561805522e-01
1.454758718260685058e+01,-1.000000000002861045e+00,8.873138629286823204e-11,3.419626470879677527e-09,-1.847187553632446391e-06,-9.467319621455586726e-09,-7.752431379140500844e-10,-9.467424218260979060e-09,-7.729459364225199636e-10,-9.467338773670123248e-09,-7.748243253599684799e-10,-9.467319621347166508e-09,-7.752431370466883465e-10,3.728445385764445064e-09,-2.050233789896861291e-06,3.728445385764445064e-09,-2.050233789896807081e-06,3.728445385764445064e-09,-2.050233789896861291e-06,3.728445385764445064e-09,-2.050233789896861291e-06,2.403260957368827389e-04,8.859646732696901950e-03,-4.491000099958774626e+03,2.791246815254391778e-01,-9.506713455010007419e-01,2.301471645000723498e+01,-9.450848378499540070e-01,2.301496009446285029e+01,-9.496528379229350891e-01,2.301476107182406139e+01,-9.506713455000854740e-01,2.301471644998088451e+01,-4.989994905065878811e+03,5.110552091930983254e-01,-4.989994905065877902e+03,5.110552091930850027e-01,-4.989994905065878811e+03,5.110552091930699037e-01,-4.989994905065877902e+03,5.110552091931276353e-01
1.497249226046129600e+01,-1.000000000003172795e+00,9.132304035029811459e-11,3.412749971509754232e-09,-1.901140100074825707e-06,-9.465684227947688753e-09,-7.953882144931534448e-10,-9.465787925678429554e-09,-7.931562915133860692e-10,-9.465703221706077766e-09,-7.949810887711294960e-10,-9.465684228029003916e-09,-7.953882144931534448e-10,3.713661156368175398e-09,-2.110116905517864239e-06,3.713661156368175398e-09,-2.110116905517864239e-06,3.713661156368175398e-09,-2.110116905517918449e-06,3.713661156368175398e-09,-2.110116905517918449e-06,2.403145086403712938e-04,9.118418773625699622e-03,-4.491000100246455077e+03,2.872773390262789439e-01,-9.472450742935721868e-01,2.235859682972655449e+01,-9.419713496950254950e-01,2.235883201855057223e+01,-9.462830844628263849e-01,2.235863991598176526e+01,-9.472450742944902302e-01,2.235859682976442997e+01,-4.989994892430758227e+03,5.259806325099650737e-01,-4.989994892430758227e+03,5.259806325099650737e-01,-4.989994892430758227e+03,5.259806325099508628e-01,-4.989994892430758227e+03,5.259806325099362079e-01
1.540980794104458163e+01,-1.000000000003503420e+00,9.399039061836660450e-11,3.405466353356700893e-09,-1.956668489357835615e-06,-9.463951163029985306e-09,-8.161927800287571699e-10,-9.464054011857530105e-09,-8.140242837434419343e-10,-9.463970008062941308e-09,-8.157970020003513234e-10,-9.463951162975775197e-09,-8.161927791613954319e-10,3.698000516916266633e-09,-2.171749082588631842e-06,3.698000572427417865e-09,-2.171749082588631842e-06,3.698000516916266633e-09,-2.171749082588686052e-06,3.698000516916266633e-09,-2.171749082588577632e-06,2.403022343993518883e-04,9.384749012670964494e-03,-4.491000100551199466e+03,2.956681188741168143e-01,-9.440108624479214283e-01,2.172100911607815732e+01,-9.390324204630193794e-01,2.172123621678869299e+01,-9.431022282064097650e-01,2.172105073482474324e+01,-9.440108624497439704e-01,2.172100911609194895e+01,-4.989994879047188988e+03,5.413420362657904716e-01,-4.989994879047188078e+03,5.413420362658051266e-01,-4.989994879047188988e+03,5.413420362657771490e-01,-4.989994879047188078e+03,5.413420362657762608e-01
1.585989671251728694e+01,-1.000000000003853806e+00,9.673564801569636135e-11,3.397750858447068367e-09,-2.013818748608213623e-06,-9.462114679238339821e-09,-8.376740976215324430e-10,-9.462216726759163990e-09,-8.355672317245099734e-10,-9.462133384951316659e-09,-8.372893428934546911e-10,-9.462114679238339821e-09,-8.376740984888941810e-10,3.681411953060376163e-09,-2.235181407543021179e-06,3.681411897549224932e-09,-2.235181407543021179e-06,3.681411953060376163e-09,-2.235181407543021179e-06,3.681411897549224932e-09,-2.235181407542966969e-06,2.402892334968497606e-04,9.658858209678398976e-03,-4.491000100873999145e+03,3.043039761440632374e-01,-9.409579848960529791e-01,2.110142489868785987e+01,-9.362583042058990612e-01,2.110164425785469433e+01,-9.400997210058934517e-01,2.110146511421489279e+01,-9.409579848951389325e-01,2.110142489866889903e+01,-4.989994864870782294e+03,5.571521533041559060e-01,-4.989994864870781385e+03,5.571521533041563501e-01,-4.989994864870782294e+03,5.571521533041559060e-01,-4.989994864870781385e+03,5.571521533041696728e-01
1.632313165057304616e+01,-1.000000000004224399e+00,9.956108802514941625e-11,3.389577840628987815e-09,-2.072638249310434621e-06,-9.460168686500729229e-09,-8.598499937235992707e-10,-9.460269977519487547e-09,-8.578030113483292585e-10,-9.460187261702869554e-09,-8.594759409383256887e-10,-9.460168686473624175e-09,-8.598499950246418777e-10,3.663839953649272729e-09,-2.300466458938425600e-06,3.663839953649272729e-09,-2.300466458938425600e-06,3.663839953649272729e-09,-2.300466458938425600e-06,3.663839953649272729e-09,-2.300466458938371390e-06,2.402754611331454210e-04,9.940973571276262924e-03,-4.491000101215933682e+03,3.131920690286261744e-01,-9.380763178666610136e-01,2.049933068346788545e+01,-9.336398015098535952e-01,2.049954262805154315e+01,-9.372656061084526646e-01,2.049936955629245361e+01,-9.380763178675688430e-01,2.049933068346036436e+01,-4.989994849854522727e+03,5.734240883627992336e-01,-4.989994849854522727e+03,5.734240883627992336e-01,-4.989994849854522727e+03,5.734240883627992336e-01,-4.989994849854523636e+03,5.734240883628272112e-01
1.679989672767858622e+01,-1.000000000004617640e+00,1.024690524082218571e-10,3.380920987616775619e-09,-2.133175746572651098e-06,-9.458106731347667301e-09,-8.827388724499951600e-10,-9.458207308148244494e-09,-8.807500770369180998e-10,-9.458125184522853113e-09,-8.823752115257044171e-10,-9.458106731374772355e-09,-8.827388724499951600e-10,3.645226342996465974e-09,-2.367658351037774719e-06,3.645226342996465974e-09,-2.367658351037828929e-06,3.645226342996465974e-09,-2.367658351037774719e-06,3.645226342996465974e-09,-2.367658351037828929e-06,2.402608711903654604e-04,1.023132894205265771e-02,-4.491000101578133581e+03,3.223397648370345814e-01,-9.353563053332609734e-01,1.991422746742135885e+01,-9.311682289884766206e-01,1.991443230625972660e+01,-9.345904851720173712e-01,1.991426505481918241e+01,-9.353563053341724665e-01,1.991422746742918548e+01,-4.989994833948619998e+03,5.901713290088537178e-01,-4.989994833948619089e+03,5.901713290088546060e-01,-4.989994833948619998e+03,5.901713290088537178e-01,-4.989994833948619089e+03,5.901713290088400621e-01
1.729058713134604730e+01,-1.000000000005033751e+00,1.054619516173936622e-10,3.371750656455674289e-09,-2.195481419539570180e-06,-9.455921975851577441e-09,-9.063597251196542359e-10,-9.456021878441033673e-09,-9.044274708498722948e-10,-9.455940315104219979e-09,-9.060061537807806431e-10,-9.455921975878682495e-09,-9.063597251196542359e-10,3.625509781279845356e-09,-2.436812778662815655e-06,3.625509781279845356e-09,-2.436812778662869865e-06,3.625509781279845356e-09,-2.436812778662869865e-06,3.625509836790996587e-09,-2.436812778662815655e-06,2.402454225962896012e-04,1.053016499502340379e-02,-4.491000101961802102e+03,3.317546460216095894e-01,-9.327889273160157035e-01,1.934563032553952411e+01,-9.288353904758521740e-01,1.934582835062747108e+01,-9.320654870672122616e-01,1.934566668159618530e+01,-9.327889273169317486e-01,1.934563032556421547e+01,-4.989994817100316141e+03,6.074077567275227851e-01,-4.989994817100316141e+03,6.074077567275374401e-01,-4.989994817100316141e+03,6.074077567275236733e-01,-4.989994817100315231e+03,6.074077567275246725e-01
1.779560959170137124e+01,-1.000000000005474954e+00,1.085422661581576798e-10,3.362036871124018944e-09,-2.259606912985437301e-06,-9.453607174939862232e-09,-9.307321597457063334e-10,-9.453706441048433107e-09,-9.288548450357703157e-10,-9.453625408076217138e-09,-9.303883852576633195e-10,-9.453607174912757177e-09,-9.307321601793872023e-10,3.604624598807504299e-09,-2.507987063358682600e-06,3.604624598807504299e-09,-2.507987063358682600e-06,3.604624598807504299e-09,-2.507987063358682600e-06,3.604624598807504299e-09,-2.507987063358682600e-06,2.402290534580710929e-04,1.083772943231799991e-02,-4.491000102368204352e+03,3.414445164866451998e-01,-9.303656699824724985e-01,1.879306800951093948e+01,-9.266335498730002840e-01,1.879325949699859066e+01,-9.296822385083857165e-01,1.879310318540941438e+01,-9.303656699815560094e-01,1.879306800948630851e+01,-4.989994799253753627e+03,6.251476584539047421e-01,-4.989994799253753627e+03,6.251476584538767645e-01,-4.989994799253753627e+03,6.251476584539047421e-01,-4.989994799253753627e+03,6.251476584539047421e-01
1.831538271862029177e+01,-1.000000000005941692e+00,1.117125492995250588e-10,3.351747324131792993e-09,-2.325605380122078465e-06,-9.451154652081669716e-09,-9.558764062396474248e-10,-9.451253317406711763e-09,-9.540524728741950344e-10,-9.451172786230366274e-09,-9.555421458425084058e-10,-9.451154652081669716e-09,-9.558764066733282938e-10,3.582501406640403729e-09,-2.581240200906834408e-06,3.582501406640403729e-09,-2.581240200906834408e-06,3.582501406640403729e-09,-2.581240200906780198e-06,3.582501462151554961e-09,-2.581240200906834408e-06,2.402117138938716923e-04,1.115427719407264401e-02,-4.491000102798694570e+03,3.514174081605730970e-01,-9.280784974156816025e-01,1.825608255716129236e+01,-9.245554054753999385e-01,1.825626776858814893e+01,-9.274328362218764443e-01,1.825611660131592373e+01,-9.280784974129504539e-01,1.825608255715165740e+01,-4.989994780349734356e+03,6.434057385287864639e-01,-4.989994780349733446e+03,6.434057385287584863e-01,-4.989994780349734356e+03,6.434057385287860198e-01,-4.989994780349736175e+03,6.434057385287864639e-01
1.885033734871138122e+01,-1.000000000006436407e+00,1.149754287951961981e-10,3.340847931632140444e-09,-2.393531526657678146e-06,-9.448556274242823211e-09,-9.818133363606595942e-10,-9.448654372340393667e-09,-9.800412729618623864e-10,-9.448574316532490705e-09,-9.814883111976258068e-10,-9.448556274215718156e-09,-9.818133346259361183e-10,3.559067207614674544e-09,-2.656632910225662555e-06,3.559067207614674544e-09,-2.656632910225662555e-06,3.559067207614674544e-09,-2.656632910225662555e-06,3.559067207614674544e-09,-2.656632910225608345e-06,2.401933502919496172e-04,1.148007066400005653e-02,-4.491000103254706119e+03,3.616815874949894649e-01,-9.259198249550527615e-01,1.773422891363967224e+01,-9.225940657693986191e-01,1.773440809680063524e+01,-9.253098208226168131e-01,1.773426187204027826e+01,-9.259198249577855755e-01,1.773422891365482812e+01,-4.989994760325574134e+03,6.621971307092340275e-01,-4.989994760325574134e+03,6.621971307092198167e-01,-4.989994760325574134e+03,6.621971307092340275e-01,-4.989994760325575044e+03,6.621971307092188175e-01
1.940091690243373890e+01,-1.000000000006960432e+00,1.183336089028872926e-10,3.329303277510575754e-09,-2.463441656141380294e-06,-9.445803424482611399e-09,-1.008564479761803190e-09,-9.445900987119833919e-09,-1.006842819187281357e-09,-9.445821381526883082e-09,-1.008248421818097595e-09,-9.445803424455506345e-09,-1.008564480629164928e-09,3.534244119585139288e-09,-2.734227683697041788e-06,3.534244119585139288e-09,-2.734227683697041788e-06,3.534244119585139288e-09,-2.734227683697041788e-06,3.534244230607441750e-09,-2.734227683697095998e-06,2.401738945299637662e-04,1.181537988953762670e-02,-4.491000103737739664e+03,3.722455623862228058e-01,-9.238824940723215917e-01,1.722707456267916015e+01,-9.207430265801324065e-01,1.722724795255252062e+01,-9.233061519983218890e-01,1.722710647885351776e+01,-9.238824940732406343e-01,1.722707456271036008e+01,-4.989994739114872573e+03,6.815374107881767562e-01,-4.989994739114872573e+03,6.815374107881767562e-01,-4.989994739114872573e+03,6.815374107881483345e-01,-4.989994739114871663e+03,6.815374107881785326e-01
1.996757775164536852e+01,-1.000000000007515544e+00,1.217898732303610357e-10,3.317073393738212417e-09,-2.535393716633516244e-06,-9.442886973791636898e-09,-1.036152050878230702e-09,-9.442984030946701551e-09,-1.034479363715840039e-09,-9.442904852041515695e-09,-1.035844696909565821e-09,-9.442886973791636898e-09,-1.036152050878230702e-09,3.507949486447614618e-09,-2.814088838967937836e-06,3.507949486447614618e-09,-2.814088838967937836e-06,3.507949486447614618e-09,-2.814088838967937836e-06,3.507949486447614618e-09,-2.814088838967937836e-06,2.401532845561146767e-04,1.216048280675509526e-02,-4.491000104249404103e+03,3.831180892601614429e-01,-9.219597486110254758e-01,1.673419916847995026e+01,-9.189961495047034301e-01,1.673436698809833700e+01,-9.214151852210722415e-01,1.673423008374912158e+01,-9.219597486101136496e-01,1.673419916847185007e+01,-4.989994716647283894e+03,7.014426095400251304e-01,-4.989994716647283894e+03,7.014426095400251304e-01,-4.989994716647283894e+03,7.014426095400251304e-01,-4.989994716647282985e+03,7.014426095400251304e-01
2.055078959788688664e+01,-1.000000000008103296e+00,1.253470864023874601e-10,3.304119200464583628e-09,-2.609447348738051331e-06,-9.439797250544420051e-09,-1.064598951962952844e-09,-9.439893830569213648e-09,-1.062973855204402129e-09,-9.439815056234068455e-09,-1.064300046964977708e-09,-9.439797250544420051e-09,-1.064598951529271975e-09,3.480096710806179772e-09,-2.896282572258188776e-06,3.480096710806179772e-09,-2.896282572258188776e-06,3.480096710806179772e-09,-2.896282572258080355e-06,3.480096766317331003e-09,-2.896282572258080355e-06,2.401314544747280150e-04,1.251566546851888215e-02,-4.491000104791396552e+03,3.943081802672455116e-01,-9.201452123909674707e-01,1.625519422749570353e+01,-9.173476415502768155e-01,1.625535668876375794e+01,-9.196306496946518028e-01,1.625522418117625278e+01,-9.201452123882337686e-01,1.625519422747951737e+01,-4.989994692848305021e+03,7.219292259358232045e-01,-4.989994692848303202e+03,7.219292259358240926e-01,-4.989994692848303202e+03,7.219292259358098818e-01,-4.989994692848304112e+03,7.219292259358098818e-01
2.115103586171410299e+01,-1.000000000008726353e+00,1.290081967170392599e-10,3.290397065924821618e-09,-2.685663935038449905e-06,-9.436524008515434839e-09,-1.093928806913946339e-09,-9.436620138108435876e-09,-1.092349951811733000e-09,-9.436541747499544580e-09,-1.093638104989608228e-09,-9.436524008569644947e-09,-1.093928806046584601e-09,3.450593089038278549e-09,-2.980877013231868558e-06,3.450593089038278549e-09,-2.980877013231868558e-06,3.450593089038278549e-09,-2.980877013231868558e-06,3.450593089038278549e-09,-2.980877013231760138e-06,2.401083340671014005e-04,1.288122228433440618e-02,-4.491000105365502350e+03,4.058251108350336978e-01,-9.184328680672239065e-01,1.578966273032293444e+01,-9.157920359338894700e-01,1.578982003459142192e+01,-9.179466275545600240e-01,1.578969175974437356e+01,-9.184328680663099709e-01,1.578966273030953538e+01,-4.989994667639006366e+03,7.430142409083988486e-01,-4.989994667639004547e+03,7.430142409084281585e-01,-4.989994667639006366e+03,7.430142409083988486e-01,-4.989994667639006366e+03,7.430142409083979604e-01
2.176881408340222634e+01,-1.000000000009386047e+00,1.327762387613295320e-10,3.275861359952614293e-09,-2.764106650977236857e-06,-9.433056393079106150e-09,-1.124165972983537376e-09,-9.433152097258279759e-09,-1.122632051989841395e-09,-9.433074070941318418e-09,-1.123883231271549654e-09,-9.433056393106211204e-09,-1.124165972549856507e-09,3.419340588450836549e-09,-3.067942281465355081e-06,3.419340588450836549e-09,-3.067942281465355081e-06,3.419340588450836549e-09,-3.067942281465355081e-06,3.419340643961987780e-09,-3.067942281465246661e-06,2.400838387001599794e-04,1.325745626053494337e-02,-4.491000105973656900e+03,4.176784272381400820e-01,-9.168170371810235864e-01,1.533721883265448760e+01,-9.143241739496726916e-01,1.533737117151563645e+01,-9.163575342600229767e-01,1.533724697339740217e+01,-9.168170371782888850e-01,1.533721883263624441e+01,-4.989994640935798088e+03,7.647151312941961043e-01,-4.989994640935798088e+03,7.647151312941961043e-01,-4.989994640935798088e+03,7.647151312941961043e-01,-4.989994640935796269e+03,7.647151312941811163e-01
2.240463633535380339e+01,-1.000000000010084600e+00,1.366543356067211751e-10,3.260464342957902772e-09,-2.844840517222027424e-06,-9.429382904590881409e-09,-1.155335565064530279e-09,-9.429478207479725926e-09,-1.153845305326001158e-09,-9.429400526860627282e-09,-1.155060550678266296e-09,-9.429382904509566246e-09,-1.155335564630849410e-09,3.386236069324866094e-09,-3.157550544570161821e-06,3.386236124836017325e-09,-3.157550544570270241e-06,3.386236069324866094e-09,-3.157550544570161821e-06,3.386235958302563631e-09,-3.157550544570161821e-06,2.400578922226743322e-04,1.364467925604043348e-02,-4.491000106617833808e+03,4.298779546490365533e-01,-9.152923613106757061e-01,1.489748753585501895e+01,-9.129391878596017085e-01,1.489763509175332423e+01,-9.148581000549873554e-01,1.489751482175595854e+01,-9.152923613079400056e-01,1.489748753583338470e+01,-4.989994612650114505e+03,7.870498844700374308e-01,-4.989994612650113595e+03,7.870498844700525298e-01,-4.989994612650114505e+03,7.870498844700374308e-01,-4.989994612650114505e+03,7.870498844700356544e-01
2.305902964655223997e+01,-1.000000000010825119e+00,1.406457014789747398e-10,3.244155166726159223e-09,-2.927932453560241400e-06,-9.425491360955150569e-09,-1.187463473904804001e-09,-9.425586284942440857e-09,-1.186015641165688583e-09,-9.425508933188966182e-09,-1.187195959161807535e-09,-9.425491360955150569e-09,-1.187463474338484870e-09,3.351169342025173137e-09,-3.249776078008154850e-06,3.351169286514021906e-09,-3.249776078008263271e-06,3.351169342025173137e-09,-3.249776078008154850e-06,3.351169342025173137e-09,-3.249776078008154850e-06,2.400304101732222278e-04,1.404321223797168165e-02,-4.491000107300196760e+03,4.424338051971403729e-01,-9.138537843276169914e-01,1.447010437618046375e+01,-9.116324847566131817e-01,1.447024732296558192e+01,-9.134433525207658056e-01,1.447013083963441638e+01,-9.138537843257966697e-01,1.447010437617687373e+01,-4.989994582688164883e+03,8.100370131654157646e-01,-4.989994582688163973e+03,8.100370131654166528e-01,-4.989994582688164883e+03,8.100370131654299755e-01,-4.989994582688163973e+03,8.100370131654157646e-01
2.373253643941275470e+01,-1.000000000011609158e+00,1.447536445499690225e-10,3.226878653173059774e-09,-3.013451334369325737e-06,-9.421368857320030349e-09,-1.220576389092398184e-09,-9.421463423574813825e-09,-1.219169783791412831e-09,-9.421386384369720424e-09,-1.220316152381745178e-09,-9.421368857265820240e-09,-1.220576389959759922e-09,3.314024166201079424e-09,-3.344695326657431099e-06,3.314024166201079424e-09,-3.344695326657431099e-06,3.314024166201079424e-09,-3.344695326657322679e-06,3.314024166201079424e-09,-3.344695326657322679e-06,2.400013005020452256e-04,1.445338554552316225e-02,-4.491000108023002213e+03,4.553563862894596803e-01,-9.124965356225305246e-01,1.405471512316681704e+01,-9.103997313404752489e-01,1.405485362653332793e+01,-9.121086000557165896e-01,1.405474079487825989e+01,-9.124965356216228063e-01,1.405471512317079963e+01,-4.989994550950579651e+03,8.336955707365909518e-01,-4.989994550950579651e+03,8.336955707365625301e-01,-4.989994550950579651e+03,8.336955707365749646e-01,-4.989994550950579651e+03,8.336955707365890644e-01
2.442571497939282210e+01,-1.000000000012439827e+00,1.489815697430741867e-10,3.208578402968953469e-09,-3.101468045705081124e-06,-9.417001722221386359e-09,-1.254701827678450510e-09,-9.417095950828508269e-09,-1.253335283647738496e-09,-9.417019209264016269e-09,-1.254448651726025599e-09,-9.417001722221386359e-09,-1.254701828112131379e-09,3.274677584652607720e-09,-3.442386968174285938e-06,3.274677584652607720e-09,-3.442386968174285938e-06,3.274677584652607720e-09,-3.442386968174394359e-06,3.274677529141456489e-09,-3.442386968174069098e-06,2.399704635149858822e-04,1.487553916970231309e-02,-4.491000108788650323e+03,4.686564094074897047e-01,-9.112161142765002886e-01,1.365097548584559561e+01,-9.092368395260024272e-01,1.365110970391364376e+01,-9.108494163431206658e-01,1.365100039522977227e+01,-9.112161142755940135e-01,1.365097548585334408e+01,-4.989994517332118448e+03,8.580451671452085094e-01,-4.989994517332118448e+03,8.580451671452085094e-01,-4.989994517332118448e+03,8.580451671452236084e-01,-4.989994517332119358e+03,8.580451671452352658e-01
2.513913983773483807e+01,-1.000000000013319346e+00,1.533329811048440156e-10,3.189193464869788386e-09,-3.192055544060134250e-06,-9.412375473591329950e-09,-1.289868143284494950e-09,-9.412469383388803040e-09,-1.288540527749626463e-09,-9.412392925316074091e-09,-1.289621819923481016e-09,-9.412375473510014787e-09,-1.289868144151856688e-09,3.232998979640910875e-09,-3.542931978206672813e-06,3.232998979640910875e-09,-3.542931978206672813e-06,3.232998979640910875e-09,-3.542931978206564393e-06,3.232998868618608412e-09,-3.542931978206564393e-06,2.399377956858739225e-04,1.531002303140326266e-02,-4.491000109599676762e+03,4.823448988756026679e-01,-9.100082741410858711e-01,1.325855082773326465e+01,-9.081399529110030233e-01,1.325868091153492401e+01,-9.096616256694158853e-01,1.325857500293188096e+01,-9.100082741392723218e-01,1.325855082774612903e+01,-4.989994481721299053e+03,8.831059850869551475e-01,-4.989994481721298143e+03,8.831059850869560357e-01,-4.989994481721298143e+03,8.831059850869551475e-01,-4.989994481721297234e+03,8.831059850869542593e-01
2.587340236772453039e+01,-1.000000000014251711e+00,1.578114851795951734e-10,3.168660112073951041e-09,-3.285288916836072914e-06,-9.407474769589649691e-09,-1.326104565133739976e-09,-9.407568378548124971e-09,-1.324814777846350378e-09,-9.407492190956733003e-09,-1.325864889666766855e-09,-9.407474769508334528e-09,-1.326104565567420845e-09,3.188850017377120594e-09,-3.646413697512280831e-06,3.188849961865969362e-09,-3.646413697512280831e-06,3.188850017377120594e-09,-3.646413697512389251e-06,3.188850017377120594e-09,-3.646413697512280831e-06,2.399031944664720833e-04,1.575719727046733312e-02,-4.491000110458779091e+03,4.964332009747038921e-01,-9.088690097607711182e-01,1.287711588962612019e+01,-9.071054339828664714e-01,1.287724198339622106e+01,-9.085412890630926164e-01,1.287713935750339722e+01,-9.088690097580295335e-01,1.287711588959283837e+01,-4.989994444000019030e+03,9.088987966891720616e-01,-4.989994444000018120e+03,9.088987966891729497e-01,-4.989994444000019030e+03,9.088987966892146941e-01,-4.989994444000019030e+03,9.088987966892005943e-01
2.662911119485990241e+01,-1.000000000015238921e+00,1.624207938418853817e-10,3.146909510753914674e-09,-3.381245444583548965e-06,-9.402283358622091219e-09,-1.363441214964622450e-09,-9.402376683600912471e-09,-1.362188186034007931e-09,-9.402300754158057772e-09,-1.363207988332171272e-09,-9.402283358649196274e-09,-1.363441214097260712e-09,3.142084370466591281e-09,-3.752917901036199357e-06,3.142084314955440050e-09,-3.752917901036199357e-06,3.142084370466591281e-09,-3.752917901036199357e-06,3.142084370466591281e-09,-3.752917901036199357e-06,2.398665449429484425e-04,1.621743254643089396e-02,-4.491000111368792204e+03,5.109329934072460722e-01,-9.077945430884997169e-01,1.250635451996619096e+01,-9.061298520420402181e-01,1.250647676173926826e+01,-9.074846912376799413e-01,1.250637730628617739e+01,-9.077945430894079903e-01,1.250635451996336656e+01,-4.989994404043185568e+03,9.354449807916136450e-01,-4.989994404043184659e+03,9.354449807916154214e-01,-4.989994404043185568e+03,9.354449807916136450e-01,-4.989994404043185568e+03,9.354449807916288551e-01
2.740689272133700172e+01,-1.000000000016284529e+00,1.671647273322795016e-10,3.123869385390776188e-09,-3.480004665059273686e-06,-9.396784025021828399e-09,-1.401909130883255417e-09,-9.396877081904557449e-09,-1.400691822511096474e-09,-9.396801399226117207e-09,-1.401682160531020349e-09,-9.396784025021828399e-09,-1.401909130883255417e-09,3.092547051775085265e-09,-3.862532869004764967e-06,3.092547051775085265e-09,-3.862532869004764967e-06,3.092546996263934034e-09,-3.862532869004656547e-06,3.092547107286236496e-09,-3.862532869004656547e-06,2.398277210640537005e-04,1.669111034645074168e-02,-4.491000112332742901e+03,5.258562950021932192e-01,-9.067813109649698333e-01,1.214595941316475880e+01,-9.052099718334651879e-01,1.214607793487868648e+01,-9.064883282919522500e-01,1.214598154253593876e+01,-9.067813109667859361e-01,1.214595941315788430e+01,-4.989994361718299842e+03,9.627665406901927403e-01,-4.989994361718299842e+03,9.627665406901927403e-01,-4.989994361718298933e+03,9.627665406902211620e-01,-4.989994361718299842e+03,9.627665406901918521e-01
2.820739164527067899e+01,-1.000000000017392310e+00,1.720472174286408890e-10,3.099464351841163534e-09,-3.581648439154508758e-06,-9.390958531722273447e-09,-1.441540302491578496e-09,-9.391051335579320494e-09,-1.440357705936173849e-09,-9.390975889229848800e-09,-1.441319400635743264e-09,-9.390958531749378502e-09,-1.441540302491578496e-09,3.040073914828411716e-09,-3.975349460102052361e-06,3.040073914828411716e-09,-3.975349460102160781e-06,3.040073914828411716e-09,-3.975349460102052361e-06,3.040073859317260485e-09,-3.975349460101943941e-06,2.397865959749851533e-04,1.717862329702840238e-02,-4.491000113353817142e+03,5.412154755441960230e-01,-9.058259532785849499e-01,1.179563185472732911e+01,-9.043427428281368696e-01,1.179574678280284594e+01,-9.055488960600706072e-01,1.179565335079760757e+01,-9.058259532804127101e-01,1.179563185474745168e+01,-4.989994316885008629e+03,9.908861222223245280e-01,-4.989994316885008629e+03,9.908861222222961063e-01,-4.989994316885008629e+03,9.908861222223103171e-01,-4.989994316885008629e+03,9.908861222223085408e-01
2.903127149508071625e+01,-1.000000000018565371e+00,1.770723107122904386e-10,3.073612364623556914e-09,-3.686261018749466202e-06,-9.384787560409117019e-09,-1.482367688668273509e-09,-9.384880125362215358e-09,-1.481218824244540100e-09,-9.384804905583892659e-09,-1.482152672295511397e-09,-9.384787560463327127e-09,-1.482367688885113943e-09,2.984490266033645867e-09,-4.091461186771293106e-06,2.984490266033645867e-09,-4.091461186771184685e-06,2.984490266033645867e-09,-4.091461186771293106e-06,2.984490321544797098e-09,-4.091461186771184685e-06,2.397430312422732523e-04,1.768037549498168229e-02,-4.491000114435417345e+03,5.570232661815435193e-01,-9.049253018603786725e-01,1.145508147399702992e+01,-9.035252890937446324e-01,1.145519292947831147e+01,-9.046632791746789248e-01,1.145510235943515909e+01,-9.049253018594711762e-01,1.145508147400180476e+01,-4.989994269394627736e+03,1.019827032703862324e+00,-4.989994269394626826e+03,1.019827032703863212e+00,-4.989994269394627736e+03,1.019827032703862324e+00,-4.989994269394626826e+03,1.019827032703863212e+00
2.987921517948628036e+01,-1.000000000019808155e+00,1.822441719696909004e-10,3.046228047587362653e-09,-3.793929116548776085e-06,-9.378250646956088829e-09,-1.524425251612712695e-09,-9.378342986422240346e-09,-1.523309166306940909e-09,-9.378267984107768393e-09,-1.524215942913867416e-09,-9.378250646983193883e-09,-1.524425251179031826e-09,2.925612641035968409e-09,-4.210964292731210999e-06,2.925612641035968409e-09,-4.210964292730994159e-06,2.925612641035968409e-09,-4.210964292731210999e-06,2.925612641035968409e-09,-4.210964292731102579e-06,2.396968860081689218e-04,1.819678283883104097e-02,-4.491000115581124192e+03,5.732927698900408542e-01,-9.040763699373499662e-01,1.112402600341043168e+01,-9.027548997658479957e-01,1.112413410236151279e+01,-9.038285407285526762e-01,1.112404629998159145e+01,-9.040763699382582397e-01,1.112402600340791814e+01,-4.989994219089672697e+03,1.049613260143273941e+00,-4.989994219089670878e+03,1.049613260143275717e+00,-4.989994219089672697e+03,1.049613260143273052e+00,-4.989994219089672697e+03,1.049613260143273052e+00
3.075192555356456836e+01,-1.000000000021125102e+00,1.875670875128160331e-10,3.017221250622981188e-09,-3.904741977957314290e-06,-9.371326113852057257e-09,-1.567747983299491721e-09,-9.371418240543532424e-09,-1.566663752937749732e-09,-9.371343447263239326e-09,-1.567544208585375243e-09,-9.371326113797847149e-09,-1.567747983950013024e-09,2.863245363027289159e-09,-4.333957832739908540e-06,2.863245363027289159e-09,-4.333957832739908540e-06,2.863245363027289159e-09,-4.333957832739908540e-06,2.863245363027289159e-09,-4.333957832739800120e-06,2.396480067797211733e-04,1.872827337572923953e-02,-4.491000116794733003e+03,5.900374723815359213e-01,-9.032763422666043596e-01,1.080219104474807246e+01,-9.020290200559814009e-01,1.080229589849148653e+01,-9.030419125378476020e-01,1.080221077329761847e+01,-9.032763422656925334e-01,1.080219104474265990e+01,-4.989994165803323085e+03,1.080269493171197137e+00,-4.989994165803323085e+03,1.080269493171197137e+00,-4.989994165803323085e+03,1.080269493171197137e+00,-4.989994165803323085e+03,1.080269493171196249e+00
3.165012600134287624e+01,-1.000000000022519542e+00,1.930454689332006257e-10,2.986494496148850430e-09,-4.018791455054991483e-06,-9.363990997830534332e-09,-1.612371938004494853e-09,-9.364082923673557046e-09,-1.611318662698979498e-09,-9.364008332054868031e-09,-1.612173527705887399e-09,-9.363990997830534332e-09,-1.612371938004494853e-09,2.797181597458120450e-09,-4.460543754702690072e-06,2.797181652969271681e-09,-4.460543754702690072e-06,2.797181652969271681e-09,-4.460543754702906913e-06,2.797181652969271681e-09,-4.460543754702906913e-06,2.395962278674175494e-04,1.927528765509137557e-02,-4.491000118080268294e+03,6.072712532594906065e-01,-9.025225657645070676e-01,1.048930984159086499e+01,-9.013452427684701673e-01,1.048941155692275906e+01,-9.023007859669162078e-01,1.048932902228290942e+01,-9.025225657644980748e-01,1.048930984157259694e+01,-4.989994109358878632e+03,1.111821141471842411e+00,-4.989994109358877722e+03,1.111821141471843299e+00,-4.989994109358877722e+03,1.111821141471830865e+00,-4.989994109358877722e+03,1.111821141471837970e+00
3.257456103540697256e+01,-1.000000000023997027e+00,1.986838565307298687e-10,2.953947197958939341e-09,-4.136172082732966879e-06,-9.356220974598939907e-09,-1.658334257675225798e-09,-9.356312710923422871e-09,-1.657311064426347791e-09,-9.356238313946128871e-09,-1.658141048728120626e-09,-9.356220974626044962e-09,-1.658334257892066232e-09,2.727202297325703739e-09,-4.590826984166430751e-06,2.727202352836854971e-09,-4.590826984166430751e-06,2.727202297325703739e-09,-4.590826984166430751e-06,2.727202130792250045e-09,-4.590826984166322330e-06,2.395413842218863110e-04,1.983827909114022070e-02,-4.491000119442008327e+03,6.250083974430743483e-01,-9.018125407396658799e-01,1.018512305848615718e+01,-9.007013003447668087e-01,1.018522173804985620e+01,-9.016027032574908118e-01,1.018514171060019002e+01,-9.018125407414930850e-01,1.018512305850254585e+01,-4.989994049569148046e+03,1.144294356747267649e+00,-4.989994049569147137e+03,1.144294356747268537e+00,-4.989994049569148046e+03,1.144294356747267649e+00,-4.989994049569146227e+03,1.144294356747280084e+00
3.352599691402280513e+01,-1.000000000025561553e+00,2.044869232980823376e-10,2.919470887263742043e-09,-4.256981157052666187e-06,-9.347990277415018506e-09,-1.705673211178926341e-09,-9.348081834819037955e-09,-1.704679252791108102e-09,-9.348007626221871424e-09,-1.705485042470880619e-09,-9.347990277469228615e-09,-1.705673210745245472e-09,2.653075259484438675e-09,-4.724915511290154850e-06,2.653075259484438675e-09,-4.724915511290263270e-06,2.653075259484438675e-09,-4.724915511290154850e-06,2.653075314995589906e-09,-4.724915511290154850e-06,2.394832891752952247e-04,2.041771434500168347e-02,-4.491000120884443277e+03,6.432636071903100605e-01,-9.011439125798001992e-01,9.889378565976452151e+00,-9.000950573095832796e-01,9.889474308287542925e+00,-9.009453494149382013e-01,9.889396708135604896e+00,-9.011439125797953142e-01,9.889378565967271939e+00,-4.989993986235865123e+03,1.177716054587990557e+00,-4.989993986235863304e+03,1.177716054588007433e+00,-4.989993986235865123e+03,1.177716054587990557e+00,-4.989993986235864213e+03,1.177716054588020977e+00
3.450522227628305671e+01,-1.000000000027219338e+00,2.104594783495193633e-10,2.882950989047117218e-09,-4.381318815893848508e-06,-9.339271611895653621e-09,-1.754428222491832834e-09,-9.339363000489394814e-09,-1.753462674320901971e-09,-9.339288974580294347e-09,-1.754244938548255028e-09,-9.339271611895653621e-09,-1.754428222058151965e-09,2.574555069134731866e-09,-4.862920480348635610e-06,2.574555069134731866e-09,-4.862920480348635610e-06,2.574555069134731866e-09,-4.862920480348635610e-06,2.574555069134731866e-09,-4.862920480348527190e-06,2.394217463571272214e-04,2.101407370609369857e-02,-4.491000122412378005e+03,6.620520141289828464e-01,-9.005144639547932872e-01,9.601831231623309648e+00,-8.995245032162494381e-01,9.601924131402640228e+00,-9.003265444875829804e-01,9.601848881757328869e+00,-9.005144639547850716e-01,9.601831231608381145e+00,-4.989993919149010253e+03,1.212113936600479391e+00,-4.989993919149010253e+03,1.212113936600479391e+00,-4.989993919149010253e+03,1.212113936600479391e+00,-4.989993919149010253e+03,1.212113936600479391e+00
3.551304879580501961e+01,-1.000000000028974823e+00,2.166064716913745913e-10,2.844266711043985651e-09,-4.509288121958915591e-06,-9.330036065648616636e-09,-1.804639903658922240e-09,-9.330127294945953637e-09,-1.803701966431037196e-09,-9.330053446656274077e-09,-1.804461354426231678e-09,-9.330036065675721690e-09,-1.804639904526283978e-09,2.491381267955006251e-09,-5.004956281854777006e-06,2.491381212443855020e-09,-5.004956281854777006e-06,2.491381267955006251e-09,-5.004956281854885426e-06,2.491381212443855020e-09,-5.004956281854668586e-06,2.393565591279813581e-04,2.162785149117762637e-02,-4.491000124030872030e+03,6.813891918208344611e-01,-8.999221074704862877e-01,9.322242716954765029e+00,-8.989877459752968480e-01,9.322332865332265683e+00,-8.997442363797050202e-01,9.322259892344737509e+00,-8.999221074668450893e-01,9.322242716948933250e+00,-4.989993848086106482e+03,1.247516513382293191e+00,-4.989993848086105572e+03,1.247516513382279868e+00,-4.989993848086106482e+03,1.247516513382286085e+00,-4.989993848086106482e+03,1.247516513382273873e+00
3.655031185352166290e+01,-1.000000000030834668e+00,2.229329975288706078e-10,2.803289156361188361e-09,-4.640995148200426513e-06,-9.320253012158044234e-09,-1.856350099896722505e-09,-9.320344091022329802e-09,-1.855438994721042567e-09,-9.320270415933947297e-09,-1.856176134670817213e-09,-9.320253012185149288e-09,-1.856350099246201202e-09,2.403277521434432629e-09,-5.151140647368756924e-06,2.403277576945583860e-09,-5.151140647368648504e-06,2.403277521434432629e-09,-5.151140647368756924e-06,2.403277576945583860e-09,-5.151140647368540083e-06,2.392875065409180713e-04,2.225955645780738901e-02,-4.491000125745295009e+03,7.012911687864934462e-01,-8.993648787172205950e-01,9.050381279939827550e+00,-8.984830055577903707e-01,9.050468764563335711e+00,-8.991964940128570616e-01,9.050397997259167937e+00,-8.993648787208694539e-01,9.050381279958900294e+00,-4.989993772811502822e+03,1.283953128271711153e+00,-4.989993772811501913e+03,1.283953128271719146e+00,-4.989993772811502822e+03,1.283953128271711153e+00,-4.989993772811503732e+03,1.283953128271699606e+00
3.761787123012351941e+01,-1.000000000032805092e+00,2.294442988468731182e-10,2.759883432901233391e-09,-4.776549065744784559e-06,-9.309890009411535272e-09,-1.909601908458430364e-09,-9.309980946380861516e-09,-1.908716880947083916e-09,-9.309907440536438136e-09,-1.909432385425666179e-09,-9.309890009411535272e-09,-1.909601907807909060e-09,2.309952118473290739e-09,-5.301594747078282668e-06,2.309952118473290739e-09,-5.301594747078499509e-06,2.309952118473290739e-09,-5.301594747078282668e-06,2.309952173984441970e-09,-5.301594747078391089e-06,2.392143641032178081e-04,2.290971222119754513e-02,-4.491000127561325826e+03,7.217744416491380655e-01,-8.988409298059445440e-01,8.786021582982193934e+00,-8.980086081326599246e-01,8.786106488210071674e+00,-8.986815009410782373e-01,8.786037858295753011e+00,-8.988409298059422126e-01,8.786021582978282396e+00,-4.989993693075575720e+03,1.321453981499400854e+00,-4.989993693075573901e+03,1.321453981499404406e+00,-4.989993693075575720e+03,1.321453981499400854e+00,-4.989993693075577539e+03,1.321453981499420616e+00
3.871661181872536872e+01,-1.000000000034891867e+00,2.361457716382794197e-10,2.713904989626314546e-09,-4.916062234383355512e-06,-9.298912692157559889e-09,-1.964439733277700828e-09,-9.299003495255022886e-09,-1.963580049642657532e-09,-9.298930155374847059e-09,-1.964274511491795328e-09,-9.298912692184664944e-09,-1.964439732844019959e-09,2.211095417870012625e-09,-5.456443290229756084e-06,2.211095362358861394e-09,-5.456443290229647664e-06,2.211095417870012625e-09,-5.456443290229756084e-06,2.211095417870012625e-09,-5.456443290229864504e-06,2.391368862849092142e-04,2.357885769029473277e-02,-4.491000129484986246e+03,7.428559888635603015e-01,-8.983485231831420670e-01,8.528944506101963086e+00,-8.975629804691803715e-01,8.529026913211215088e+00,-8.981975493168447011e-01,8.528960354950349654e+00,-8.983485231831473961e-01,8.528944506110860857e+00,-4.989993608613906872e+03,1.360050155268986982e+00,-4.989993608613905963e+03,1.360050155268981653e+00,-4.989993608613906872e+03,1.360050155268986982e+00,-4.989993608613907782e+03,1.360050155268988759e+00
3.984744435834847565e+01,-1.000000000037102321e+00,2.430429695660877437e-10,2.665201503937453253e-09,-5.059650295707358728e-06,-9.287284658335281939e-09,-2.020909311423180199e-09,-9.287375335150296896e-09,-2.020074260210974471e-09,-9.287302158523863191e-09,-2.020748255142021388e-09,-9.287284658335281939e-09,-2.020909311423180199e-09,2.106379626276577710e-09,-5.615814628485049816e-06,2.106379626276577710e-09,-5.615814628485049816e-06,2.106379626276577710e-09,-5.615814628485049816e-06,2.106379626276577710e-09,-5.615814628484832975e-06,2.390548126011624031e-04,2.426754751555479372e-02,-4.491000131522660013e+03,7.645532848225173872e-01,-8.978860259094909591e-01,8.278936965449997132e+00,-8.971446447630854193e-01,8.279016952732085599e+00,-8.977430342451834244e-01,8.278952402866107008e+00,-8.978860259094936236e-01,8.278936965454324337e+00,-4.989993519146425569e+03,1.399773639542018167e+00,-4.989993519146425569e+03,1.399773639542018167e+00,-4.989993519146425569e+03,1.399773639542018167e+00,-4.989993519146425569e+03,1.399773639542016390e+00
4.101130618882631040e+01,-1.000000000039444004e+00,2.501416083815211078e-10,2.613611216339961629e-09,-5.207432268961937260e-06,-9.274967348023386432e-09,-2.079057763839167738e-09,-9.275057905521952306e-09,-2.078246651810930490e-09,-9.274984889845331107e-09,-2.078900739489047966e-09,-9.274967347914966215e-09,-2.079057764272848607e-09,1.995457299397429551e-09,-5.779840862306026561e-06,1.995457299397429551e-09,-5.779840862306026561e-06,1.995457299397429551e-09,-5.779840862306026561e-06,1.995457243886278320e-09,-5.779840862305809721e-06,2.389678780944648473e-04,2.497635254630770768e-02,-4.491000133681111038e+03,7.868843142776708044e-01,-8.974519042321149609e-01,8.035791736718250533e+00,-8.967522137008828720e-01,8.035869379614789310e+00,-8.973164484350032444e-01,8.035806777171826454e+00,-8.974519042321034146e-01,8.035791736699659182e+00,-4.989993424376429175e+03,1.440657358467815063e+00,-4.989993424376429175e+03,1.440657358467815063e+00,-4.989993424376429175e+03,1.440657358467815063e+00,-4.989993424376428266e+03,1.440657358467800631e+00
4.220916202775953252e+01,-1.000000000041924464e+00,2.574475706674118208e-10,2.558963485554954786e-09,-5.359530649701426926e-06,-9.261919915287382746e-09,-2.138933627871680843e-09,-9.262010360462603550e-09,-2.138145782388384264e-09,-9.261937504001071381e-09,-2.138780504372557456e-09,-9.261919915233172637e-09,-2.138933627546420191e-09,1.877961119944870916e-09,-5.948657950440201791e-06,1.877961119944870916e-09,-5.948657950440201791e-06,1.877961119944870916e-09,-5.948657950440201791e-06,1.877961119944870916e-09,-5.948657950440201791e-06,2.388757898296300225e-04,2.570586030396549218e-02,-4.491000135967505230e+03,8.098675872425790123e-01,-8.970447184939986940e-01,7.799307283298210436e+00,-8.963843858877068582e-01,7.799382654570010232e+00,-8.969163772250751121e-01,7.799321940878632731e+00,-8.970447184940021357e-01,7.799307283303088312e+00,-4.989993323989659075e+03,1.482735197650973724e+00,-4.989993323989659075e+03,1.482735197650959513e+00,-4.989993323989659075e+03,1.482735197650973724e+00,-4.989993323989659075e+03,1.482735197650973724e+00
4.344200477016420336e+01,-1.000000000044551918e+00,2.649669106357960963e-10,2.501076346028696662e-09,-5.516071511324374763e-06,-9.248099093684325131e-09,-2.200586901178643029e-09,-9.248189432905888629e-09,-2.199821669984260153e-09,-9.248116734439718045e-09,-2.200437553522005540e-09,-9.248099093711430185e-09,-2.200586901937584550e-09,1.753500844525746061e-09,-6.122405822603285003e-06,1.753500789014594829e-09,-6.122405822603068162e-06,1.753500789014594829e-09,-6.122405822603068162e-06,1.753500789014594829e-09,-6.122405822602851322e-06,2.387782419665286648e-04,2.645667547493093727e-02,-4.491000138389390486e+03,8.335221545095653495e-01,-8.966631183615988432e-01,7.569287589442082798e+00,-8.960399415078121876e-01,7.569360759270229444e+00,-8.965414938751080642e-01,7.569301877721768435e+00,-8.966631183615947354e-01,7.569287589435854002e+00,-4.989993217653226566e+03,1.526042032412894489e+00,-4.989993217653225656e+03,1.526042032412889160e+00,-4.989993217653225656e+03,1.526042032412873173e+00,-4.989993217653225656e+03,1.526042032412892713e+00
4.471085631147609263e+01,-1.000000000047334803e+00,2.727058594947148057e-10,2.439758728378649266e-09,-5.677184609576154360e-06,-9.233459052118133878e-09,-2.264069092036864739e-09,-9.233549291159416639e-09,-2.263325840981544879e-09,-9.233476750227821717e-09,-2.263923396732085702e-09,-9.233459052118133878e-09,-2.264069092145284956e-09,1.621664080797557972e-09,-6.301228495452382977e-06,1.621664080797557972e-09,-6.301228495452382977e-06,1.621664080797557972e-09,-6.301228495452599818e-06,1.621664080797557972e-09,-6.301228495452599818e-06,2.386749132060207029e-04,2.722942040239819533e-02,-4.491000140954824928e+03,8.578676231658101115e-01,-8.963058383560327247e-01,7.345541997673684875e+00,-8.957177382932298704e-01,7.345613033755788557e+00,-8.961905551771432998e-01,7.345555929833554210e+00,-8.963058383560297271e-01,7.345541997669383427e+00,-4.989993105014499633e+03,1.570613756373017811e+00,-4.989993105014499633e+03,1.570613756373017811e+00,-4.989993105014500543e+03,1.570613756372973402e+00,-4.989993105014498724e+03,1.570613756372991165e+00
4.601676839459325663e+01,-1.000000000050282667e+00,2.806708300289676578e-10,2.374806906679793883e-09,-5.843003490101956890e-06,-9.217951242753135571e-09,-2.329433258807002416e-09,-9.218041387550144489e-09,-2.328711371196549862e-09,-9.217969003773654468e-09,-2.329291095616060903e-09,-9.217951242671820408e-09,-2.329433259457523719e-09,1.482013567422058031e-09,-6.485274191953514789e-06,1.482013622933209263e-09,-6.485274191953514789e-06,1.482013567422058031e-09,-6.485274191953514789e-06,1.482013622933209263e-09,-6.485274191953731629e-06,2.385654605523840344e-04,2.802473560920465748e-02,-4.491000143672300510e+03,8.829241730527477294e-01,-8.959716936426200817e-01,7.127885050840834680e+00,-8.954167077390066121e-01,7.127954018564844674e+00,-8.958623973250334771e-01,7.127898639646920387e+00,-8.959716936407994270e-01,7.127885050838278502e+00,-4.989992985699966994e+03,1.616487311407725613e+00,-4.989992985699966084e+03,1.616487311407720284e+00,-4.989992985699966994e+03,1.616487311407725613e+00,-4.989992985699968813e+03,1.616487311407723837e+00
4.736082348165896150e+01,-1.000000000053405502e+00,2.888684222650695493e-10,2.306005275620748307e-09,-6.013665599143155297e-06,-9.201524240606351671e-09,-2.396734060565799962e-09,-9.201614296417467281e-09,-2.396032937595354850e-09,-9.201542070338183249e-09,-2.396595310876978302e-09,-9.201524240552141562e-09,-2.396734060348959527e-09,1.334086341397977549e-09,-6.674695464218682178e-06,1.334086341397977549e-09,-6.674695464218465338e-06,1.334086341397977549e-09,-6.674695464218682178e-06,1.334086341397977549e-09,-6.674695464218682178e-06,2.384495177837793467e-04,2.884328032784886850e-02,-4.491000146550858517e+03,9.087125734644095898e-01,-8.956595761058877558e-01,6.916136338461878807e+00,-8.951358515400922311e-01,6.916203300928029485e+00,-8.955559320622361597e-01,6.916149596283327483e+00,-8.956595761040690995e-01,6.916136338462276711e+00,-4.989992859313975714e+03,1.663700718214347729e+00,-4.989992859313975714e+03,1.663700718214340624e+00,-4.989992859313975714e+03,1.663700718214347729e+00,-4.989992859313975714e+03,1.663700718214347729e+00
4.874413565130762294e+01,-1.000000000056713745e+00,2.973054290006816452e-10,2.233125795392254531e-09,-6.189312397464862003e-06,-9.184123572623026019e-09,-2.466027803293101284e-09,-9.184213544516893479e-09,-2.465346864914501335e-09,-9.184141477056387282e-09,-2.465892353590432018e-09,-9.184123572650131073e-09,-2.466027802859420415e-09,1.177391628637280974e-09,-6.869649319943358506e-06,1.177391684148432205e-09,-6.869649319943358506e-06,1.177391628637280974e-09,-6.869649319943358506e-06,1.177391573126129742e-09,-6.869649319943358506e-06,2.383267057561849062e-04,2.968573303877138775e-02,-4.491000149600019540e+03,9.352542001272923233e-01,-8.953684506845598357e-01,6.710120347143814001e+00,-8.948742383029337777e-01,6.710185365292754334e+00,-8.952701430668450477e-01,6.710133285994133168e+00,-8.953684506845598357e-01,6.710120347143997854e+00,-4.989992725437413355e+03,1.712293107536791092e+00,-4.989992725437412446e+03,1.712293107536778658e+00,-4.989992725437413355e+03,1.712293107536764447e+00,-4.989992725437413355e+03,1.712293107536782211e+00
5.016785152211741661e+01,-1.000000000060217387e+00,3.059888412527272950e-10,2.155926881464154121e-09,-6.370089477612692020e-06,-9.165691537184068177e-09,-2.537372492347235442e-09,-9.165781430039597263e-09,-2.536711173799569008e-09,-9.165709522634436779e-09,-2.537240230741054370e-09,-9.165691537265383340e-09,-2.537372492238815225e-09,1.011409844764443733e-09,-7.070297352534385057e-06,1.011409844764443733e-09,-7.070297352534385057e-06,1.011409844764443733e-09,-7.070297352534385057e-06,1.011409844764443733e-09,-7.070297352534601898e-06,2.381966138555822315e-04,3.055279204744273946e-02,-4.491000152829899889e+03,9.625710533453323281e-01,-8.950973519219678209e-01,6.509666315160858474e+00,-8.946310004487822987e-01,6.509729447908455313e+00,-8.950040825874771011e-01,6.509678946716817016e+00,-8.950973519255995825e-01,6.509666315153189053e+00,-4.989992583626343730e+03,1.762304753045054406e+00,-4.989992583626343730e+03,1.762304753045054406e+00,-4.989992583626343730e+03,1.762304753045054406e+00,-4.989992583626343730e+03,1.762304753045070616e+00
5.163315120303506944e+01,-1.000000000063928640e+00,3.149258541120837640e-10,2.074153071518480829e-09,-6.556146684594005725e-06,-9.146167013069630633e-09,-2.610827885536712994e-09,-9.146256831386260361e-09,-2.610185638484731341e-09,-9.146185085988009500e-09,-2.610698703498382650e-09,-9.146167013123840742e-09,-2.610827885590923103e-09,8.355903191592517487e-10,-7.276805875027587620e-06,8.355903191592517487e-10,-7.276805875027587620e-06,8.355903191592517487e-10,-7.276805875027587620e-06,8.355903191592517487e-10,-7.276805875027804460e-06,2.380588114134080113e-04,3.144517605263359716e-02,-4.491000156251202498e+03,9.906857759297368338e-01,-8.948453807894514167e-01,6.314608090959739961e+00,-8.944053313289545004e-01,6.314669395212246350e+00,-8.947568682893994874e-01,6.314620426562072453e+00,-8.948453807912702951e-01,6.314608090959806574e+00,-4.989992433410517151e+03,1.813777104344939772e+00,-4.989992433410517151e+03,1.813777104344932667e+00,-4.989992433410517151e+03,1.813777104344927338e+00,-4.989992433410517151e+03,1.813777104344920454e+00
5.314124927156058931e+01,-1.000000000067860162e+00,3.241238722730133137e-10,1.987531805802689178e-09,-6.747638240083486325e-06,-9.125485256279621676e-09,-2.686455545541401035e-09,-9.125575004312845573e-09,-2.685831837858677906e-09,-9.125503423469379441e-09,-2.686329336656478189e-09,-9.125485256306726731e-09,-2.686455545270350492e-09,6.493505733118354328e-10,-7.489346057928253364e-06,6.493505733118354328e-10,-7.489346057928253364e-06,6.493505733118354328e-10,-7.489346057928470204e-06,6.493506288229866641e-10,-7.489346057928253364e-06,2.379128401256806746e-04,3.236362474162336050e-02,-4.491000159875297868e+03,1.019621671955537101e+00,-8.946117016723310611e-01,6.124783995425831407e+00,-8.941964825637923608e-01,6.124843526225231649e+00,-8.945276803460064929e-01,6.124796046086170342e+00,-8.946117016723384996e-01,6.124783995434887274e+00,-4.989992274291817012e+03,1.866752821286441488e+00,-4.989992274291816102e+03,1.866752821286429054e+00,-4.989992274291817012e+03,1.866752821286446817e+00,-4.989992274291817921e+03,1.866752821286447039e+00
5.469339578050274753e+01,-1.000000000072024831e+00,3.335905168907419421e-10,1.895776646776425878e-09,-6.944722870256566207e-06,-9.103577685849566226e-09,-2.764318895694724970e-09,-9.103667367719352546e-09,-2.763713210433664524e-09,-9.103595954466437226e-09,-2.764195556692952693e-09,-9.103577685876671280e-09,-2.764318895369464318e-09,4.520729346424445794e-10,-7.708094071067926253e-06,4.520729346424445794e-10,-7.708094071067926253e-06,4.520729346424445794e-10,-7.708094071067926253e-06,4.520729346424445794e-10,-7.708094071067709413e-06,2.377582163895254619e-04,3.330889941077860156e-02,-4.491000163714181326e+03,1.049402726291560173e+00,-8.943955396266484170e-01,5.940036687911896429e+00,-8.940037615457750997e-01,5.940094498449041360e+00,-8.943157587001266950e-01,5.940048464341143308e+00,-8.943955396248324252e-01,5.940036687915585922e+00,-4.989992105742604508e+03,1.921275809522533962e+00,-4.989992105742604508e+03,1.921275809522533962e+00,-4.989992105742604508e+03,1.921275809522533962e+00,-4.989992105742604508e+03,1.921275809522539291e+00
5.629087729413985386e+01,-1.000000000076436191e+00,3.433336316258864956e-10,1.798583171286338711e-09,-7.147563937357712940e-06,-9.080371656249464768e-09,-2.844483280536359848e-09,-9.080461275804731225e-09,-2.843895115765566334e-09,-9.080390033638918723e-09,-2.844362708906422732e-09,-9.080371656276569822e-09,-2.844483280319519414e-09,2.431028156557601960e-10,-7.933231229603722109e-06,2.431028156557601960e-10,-7.933231229603288429e-06,2.431028156557601960e-10,-7.933231229603722109e-06,2.431028156557601960e-10,-7.933231229603288429e-06,2.375944273528239614e-04,3.428178359071755443e-02,-4.491000167780601259e+03,1.080053624314240013e+00,-8.941961777890127250e-01,5.760213035849713670e+00,-8.938265291505012033e-01,5.760269177589978362e+00,-8.941204005502582097e-01,5.760224548473050987e+00,-8.941961777881010098e-01,5.760213035847291607e+00,-4.989991927203967862e+03,1.977391256674120523e+00,-4.989991927203965133e+03,1.977391256674109865e+00,-4.989991927203967862e+03,1.977391256674120523e+00,-4.989991927203967862e+03,1.977391256674116971e+00
5.793501795464459292e+01,-1.000000000081109119e+00,3.533612885533565090e-10,1.695629414655286382e-09,-7.356329575110070670e-06,-9.055790216582490851e-09,-2.927016023003894962e-09,-9.055879777509524831e-09,-2.926444891130546358e-09,-9.055808710659203620e-09,-2.926898120706811560e-09,-9.055790216582490851e-09,-2.927016023302050560e-09,2.174749269556741638e-11,-8.164944144284846592e-06,2.174754820671864763e-11,-8.164944144285063432e-06,2.174749269556741638e-11,-8.164944144284846592e-06,2.174760371786987889e-11,-8.164944144284846592e-06,2.374209319823891717e-04,3.528308369390290716e-02,-4.491000172088032741e+03,1.111599772314900036e+00,-8.940129550129261027e-01,5.585163987808520858e+00,-8.936641976194188430e-01,5.585218510528962454e+00,-8.939409580341955985e-01,5.585175246789232162e+00,-8.940129550156574734e-01,5.585163987811772479e+00,-4.989991738083881501e+03,2.035145669679247149e+00,-4.989991738083880591e+03,2.035145669679241820e+00,-4.989991738083881501e+03,2.035145669679247149e+00,-4.989991738083882410e+03,2.035145669679254254e+00
5.962718057965700780e+01,-1.000000000086058938e+00,3.636817955078239240e-10,1.586574316370104043e-09,-7.571192828081409459e-06,-9.029751855607745167e-09,-3.011986489403649034e-09,-9.029841361213363296e-09,-3.011431916550080801e-09,-9.029770474584548207e-09,-3.011871159050959201e-09,-9.029751855661955276e-09,-3.011986488915758056e-09,-2.127271137020159131e-10,-8.403424876103626762e-06,-2.127271137020159131e-10,-8.403424876103626762e-06,-2.127271137020159131e-10,-8.403424876103626762e-06,-2.127271137020159131e-10,-8.403424876103843602e-06,2.372371503324595399e-04,3.631362969447702455e-02,-4.491000176650752110e+03,1.144067318889719465e+00,-8.938452636806551999e-01,5.414744450045828827e+00,-8.935162286054668668e-01,5.414797401905795837e+00,-8.937768360563375092e-01,5.414755465276918756e+00,-8.938452636797471484e-01,5.414744450047533242e+00,-4.989991537755233367e+03,2.094586913659832739e+00,-4.989991537755230638e+03,2.094586913659839844e+00,-4.989991537755233367e+03,2.094586913659832739e+00,-4.989991537755233367e+03,2.094586913659830962e+00
6.136876779191526765e+01,-1.000000000091302299e+00,3.743037026973563414e-10,1.471054500434831880e-09,-7.792331795120006942e-06,-9.002170231475759010e-09,-3.099466150790065704e-09,-9.002259685120988023e-09,-3.098927678162576027e-09,-9.002188983917849482e-09,-3.099353298435651195e-09,-9.002170231529969119e-09,-3.099466151291509208e-09,-4.610987702768909458e-10,-8.648871095457907887e-06,-4.610987702768909458e-10,-8.648871095457907887e-06,-4.610987702768909458e-10,-8.648871095457907887e-06,-4.610987702768909458e-10,-8.648871095457691047e-06,2.370424789068601573e-04,3.737427579814195377e-02,-4.491000181483906999e+03,1.177483176091546513e+00,-8.936925476580513950e-01,5.248813166172459077e+00,-8.933821313925858210e-01,5.248864593811664925e+00,-8.936274903343836007e-01,5.248823947289240621e+00,-8.936925476580537264e-01,5.248813166174982392e+00,-4.989991325553735805e+03,2.155764250960965800e+00,-4.989991325553735805e+03,2.155764250960958694e+00,-4.989991325553735805e+03,2.155764250960972905e+00,-4.989991325553735805e+03,2.155764250960964024e+00
6.316122318188066487e+01,-1.000000000096855857e+00,3.852358098862564140e-10,1.348688827285116076e-09,-8.019929776979778770e-06,-8.972953885255175246e-09,-3.189528654373979116e-09,-8.973043289975781225e-09,-3.189005835430350731e-09,-8.972972780269851401e-09,-3.189418188114765155e-09,-8.972953885282280301e-09,-3.189528654899139544e-09,-7.241907074018172352e-10,-8.901486245963810204e-06,-7.241907629129684665e-10,-8.901486245964027044e-06,-7.241907074018172352e-10,-8.901486245963810204e-06,-7.241907074018172352e-10,-8.901486245963810204e-06,2.368362650817263521e-04,3.846590116666694786e-02,-4.491000186603526345e+03,1.211875042215630804e+00,-8.935543004897230634e-01,5.087232600164182550e+00,-8.932614612599701909e-01,5.087282548702696694e+00,-8.934924255845337893e-01,5.087243156587767601e+00,-8.935543004897247288e-01,5.087232600165895846e+00,-4.989991100775760060e+03,2.218728382456005566e+00,-4.989991100775759151e+03,2.218728382456005566e+00,-4.989991100775760060e+03,2.218728382456005566e+00,-4.989991100775760060e+03,2.218728382456000237e+00
6.500603250432047275e+01,-1.000000000102739151e+00,3.964871732255355330e-10,1.219069734048616738e-09,-8.254175428258826068e-06,-8.942005938196396705e-09,-3.282249889692827761e-09,-8.942095296946830571e-09,-3.281742289701870818e-09,-8.942024985297532605e-09,-3.282141717988269671e-09,-8.942005938087976488e-09,-3.282249889645393916e-09,-1.002875504862998923e-09,-9.161479713054587748e-06,-1.002875504862998923e-09,-9.161479713054587748e-06,-1.002875504862998923e-09,-9.161479713054370907e-06,-1.002875504862998923e-09,-9.161479713053720386e-06,2.366178306287894384e-04,3.958941063835303559e-02,-4.491000192026573131e+03,1.247271424519194927e+00,-8.934300636936484130e-01,4.929868822345855328e+00,-8.931538180159932505e-01,4.929917335503795073e+00,-8.933711938733264191e-01,4.929879163249389684e+00,-8.934300636918205418e-01,4.929868822336787026e+00,-4.989990862675956123e+03,2.283531489241100054e+00,-4.989990862675956123e+03,2.283531489241100054e+00,-4.989990862675956123e+03,2.283531489241100054e+00,-4.989990862675955213e+03,2.283531489241094725e+00
6.690472490984055298e+01,-1.000000000108970832e+00,4.080671133573250675e-10,1.081769007704735941e-09,-8.495262913773508201e-06,-8.909223770130116765e-09,-3.377708060337404443e-09,-8.909313085675094057e-09,-3.377215260119454006e-09,-8.909242979427897668e-09,-3.377602095580578556e-09,-8.909223770075906657e-09,-3.377708060256089280e-09,-1.298077645373041378e-09,-9.429066997490272509e-06,-1.298077589861890146e-09,-9.429066997490489349e-06,-1.298077645373041378e-09,-9.429066997490706190e-06,-1.298077645373041378e-09,-9.429066997490055668e-06,2.363864487523962415e-04,4.074573547968512316e-02,-4.491000197771039893e+03,1.283701662898578677e+00,-8.933194252425091797e-01,4.776591398409601119e+00,-8.930588446658613844e-01,4.776638518495169627e+00,-8.932633931427195195e-01,4.776601532776539649e+00,-8.933194252415956882e-01,4.776591398405594546e+00,-4.989990610464812562e+03,2.350227275869445798e+00,-4.989990610464810743e+03,2.350227275869451127e+00,-4.989990610464812562e+03,2.350227275869456456e+00,-4.989990610464811652e+03,2.350227275869444021e+00
6.885887421238845718e+01,-1.000000000115571774e+00,4.199852224350854313e-10,9.363302355680502842e-10,-8.743392069501668747e-06,-8.874498679678358495e-09,-3.475983761811124798e-09,-8.874587954701279591e-09,-3.475505352127294598e-09,-8.874518061662440421e-09,-3.475879918065456417e-09,-8.874498679651253441e-09,-3.475983761865334906e-09,-1.610775290927790593e-09,-9.704469893946372078e-06,-1.610775290927790593e-09,-9.704469893946372078e-06,-1.610775290927790593e-09,-9.704469893946372078e-06,-1.610775290927790593e-09,-9.704469893946155237e-06,2.361413482238807621e-04,4.193583415711508999e-02,-4.491000203855988730e+03,1.321195954208734591e+00,-8.932220182086357818e-01,4.627273281339788547e+00,-8.929762262312918031e-01,4.627319049347027757e+00,-8.931686658749538044e-01,4.627283217929485382e+00,-8.932220182077242887e-01,4.627273281337730637e+00,-4.989990343306040813e+03,2.418871014788909424e+00,-4.989990343306039904e+03,2.418871014788898766e+00,-4.989990343306040813e+03,2.418871014788902318e+00,-4.989990343306040813e+03,2.418871014788911200e+00
7.087010019377773062e+01,-1.000000000122564403e+00,4.322513724448577566e-10,7.822715808458724496e-10,-8.998768568226447103e-06,-8.837715523811462415e-09,-3.577160057126023765e-09,-8.837804760697572093e-09,-3.576695641104108564e-09,-8.837735089649127740e-09,-3.577058249972821236e-09,-8.837715523784357360e-09,-3.577160057098918711e-09,-1.942006055966061240e-09,-9.987916674796546226e-06,-1.942006055966061240e-09,-9.987916674796763067e-06,-1.942006055966061240e-09,-9.987916674796546226e-06,-1.942006055966061240e-09,-9.987916674796979907e-06,2.358817232746071579e-04,4.316069313360788862e-02,-4.491000210301574953e+03,1.359785377351519831e+00,-8.931375195400654832e-01,4.481790706125599932e+00,-8.929056886984051422e-01,4.481835161766823283e+00,-8.930866979077906054e-01,4.481800453509751314e+00,-8.931375195382367238e-01,4.481790706116701273e+00,-4.989990060313784852e+03,2.489519592137191317e+00,-4.989990060313783943e+03,2.489519592137193094e+00,-4.989990060313784852e+03,2.489519592137191317e+00,-4.989990060313783033e+03,2.489519592137194870e+00
7.294006994631462248e+01,-1.000000000129971145e+00,4.448757236620408395e-10,6.190825629914797901e-10,-9.261604090017366495e-06,-8.798752335856556070e-09,-3.681322558531270606e-09,-8.798841537072414273e-09,-3.680871752688961995e-09,-8.798772097419818583e-09,-3.681222705083277841e-09,-8.798752335829451016e-09,-3.681322558585480714e-09,-2.292868117592661292e-09,-1.027964227928767141e-05,-2.292868062081510061e-09,-1.027964227928767141e-05,-2.292868117592661292e-09,-1.027964227928767141e-05,-2.292868006570358830e-09,-1.027964227928745457e-05,2.356067072968731635e-04,4.442132768023839690e-02,-4.491000217129178054e+03,1.399501918864243466e+00,-8.930656489830027800e-01,4.340023087162922621e+00,-8.928469981120931154e-01,4.340066268913909120e+00,-8.930172173797069624e-01,4.340032653752772696e+00,-8.930656489802639708e-01,4.340023087153880965e+00,-4.989989760549694438e+03,2.562231554610606921e+00,-4.989989760549693528e+03,2.562231554610598039e+00,-4.989989760549694438e+03,2.562231554610606921e+00,-4.989989760549694438e+03,2.562231554610601147e+00
7.507049925464022522e+01,-1.000000000137817091e+00,4.578687318613355872e-10,4.462207270350404542e-10,-9.532116497692924399e-06,-8.757479922093030708e-09,-3.788559509946415327e-09,-8.757569089807041782e-09,-3.788121939447917225e-09,-8.757499891714690121e-09,-3.788461530325037269e-09,-8.757479922065925654e-09,-3.788559510596936630e-09,-2.664524600959339296e-09,-1.057988850820508822e-05,-2.664524600959339296e-09,-1.057988850820552190e-05,-2.664524600959339296e-09,-1.057988850820508822e-05,-2.664524489937036833e-09,-1.057988850820617242e-05,2.353153903878520831e-04,4.571878272564899870e-02,-4.491000224361466280e+03,1.440378499663805156e+00,-8.930061681584959832e-01,4.201852918395514003e+00,-8.927999598082374533e-01,4.201894863554803905e+00,-8.929599938365017087e-01,4.201862312395239663e+00,-8.930061681585030886e-01,4.201852918401375980e+00,-4.989989443019821010e+03,2.637067158148652446e+00,-4.989989443019821010e+03,2.637067158148641788e+00,-4.989989443019821010e+03,2.637067158148652446e+00,-4.989989443019821010e+03,2.637067158148659551e+00
7.726315401793335980e+01,-1.000000000146127555e+00,4.712411583998252218e-10,2.631134199404527862e-10,-9.810530017404222192e-06,-8.713761432571111298e-09,-3.898961877803978210e-09,-8.713850568951679587e-09,-3.898537179983663920e-09,-8.713781623288698736e-09,-3.898865692103514746e-09,-8.713761432544006244e-09,-3.898961877803978210e-09,-3.058208408734941486e-09,-1.088890422424205334e-05,-3.058208464246092717e-09,-1.088890422424183650e-05,-3.058208408734941486e-09,-1.088890422424227018e-05,-3.058208353223790255e-09,-1.088890422424205334e-05,2.350068018875696441e-04,4.705413371614202561e-02,-4.491000232022408454e+03,1.482449002160275198e+00,-8.929588797813249323e-01,4.067165675935481950e+00,-8.927644177516731450e-01,4.067206420622746066e+00,-8.929148374721070924e-01,4.067174905380824157e+00,-8.929588797795030564e-01,4.067165675932835178e+00,-4.989989106671318950e+03,2.714088417576700163e+00,-4.989989106671318041e+03,2.714088417576700163e+00,-4.989989106671318950e+03,2.714088417576693057e+00,-4.989989106671320769e+03,2.714088417576700163e+00
7.951985171365303984e+01,-1.000000000154931179e+00,4.850040779690208137e-10,6.915412686936406317e-11,-1.009707542449871358e-05,-8.667451908105083813e-09,-4.012623437297732631e-09,-8.667541015239298499e-09,-4.012211260440417399e-09,-8.667472333959017408e-09,-4.012528968322989081e-09,-8.667451908077978759e-09,-4.012623437351942740e-09,-3.475224719107217197e-09,-1.120694555821108961e-05,-3.475224663596065966e-09,-1.120694555821087277e-05,-3.475224719107217197e-09,-1.120694555821108961e-05,-3.475224719107217197e-09,-1.120694555821022224e-05,2.346799267948229684e-04,4.842848751580775685e-02,-4.491000240137402216e+03,1.525748298595407171e+00,-8.929236269785435498e-01,3.935849723093650887e+00,-8.927402540403801545e-01,3.935889302343635432e+00,-8.928815984953374363e-01,3.935858795888841133e+00,-8.929236269803600967e-01,3.935849723091608965e+00,-4.989988750388944936e+03,2.793359158171892176e+00,-4.989988750388944027e+03,2.793359158171892176e+00,-4.989988750388944936e+03,2.793359158171892176e+00,-4.989988750388944936e+03,2.793359158171903278e+00
8.184246290403389423e+01,-1.000000000164256386e+00,4.991688877563696392e-10,-1.363013035771132309e-10,-1.039199023480718654e-05,-8.618397799809102491e-09,-4.129640870150635967e-09,-8.618486879540107268e-09,-4.129240872190534373e-09,-8.618418475219271138e-09,-4.129548042929032103e-09,-8.618397799781997437e-09,-4.129640870150635967e-09,-3.916956592409093219e-09,-1.153427612126441820e-05,-3.916956592409093219e-09,-1.153427612126441820e-05,-3.916956592409093219e-09,-1.153427612126441820e-05,-3.916956592409093219e-09,-1.153427612126441820e-05,2.343336712771551533e-04,4.984298330384194509e-02,-4.491000248733380431e+03,1.570312279367598096e+00,-8.929002927984269755e-01,3.807796217978195230e+00,-8.927273884816341321e-01,3.807834665746212988e+00,-8.928601666223763278e-01,3.807805141855576725e+00,-8.929002927993254790e-01,3.807796217969600772e+00,-4.989988372991378128e+03,2.874945067792299191e+00,-4.989988372991377219e+03,2.874945067792302744e+00,-4.989988372991378128e+03,2.874945067792299191e+00,-4.989988372991377219e+03,2.874945067792270770e+00
8.423291278658318504e+01,-1.000000000174134041e+00,5.137473179078061447e-10,-3.539334381130743168e-10,-1.069551890152235524e-05,-8.566436460145585019e-09,-4.250113863168807071e-09,-8.566525514343628633e-09,-4.249725713803727267e-09,-8.566457400751605056e-09,-4.250022603595124404e-09,-8.566436460118479965e-09,-4.250113863494067723e-09,-4.384868412810050131e-09,-1.187116722332513460e-05,-4.384868412810050131e-09,-1.187116722332513460e-05,-4.384868412810050131e-09,-1.187116722332470092e-05,-4.384868468321201362e-09,-1.187116722332513460e-05,2.339668912308082854e-04,5.129879354319787088e-02,-4.491000257838817561e+03,1.616177883488612688e+00,-8.928887998025358819e-01,3.682899023254239790e+00,-8.927257783605720975e-01,3.682936372471515618e+00,-8.928504707289920406e-01,3.682907805835863080e+00,-8.928887998007113413e-01,3.682899023249976089e+00,-4.989987973227304792e+03,2.958913751969292516e+00,-4.989987973227303883e+03,2.958913751969296069e+00,-4.989987973227304792e+03,2.958913751969296069e+00,-4.989987973227304792e+03,2.958913751969300066e+00
8.669318278986466453e+01,-1.000000000184597448e+00,5.287514396592682409e-10,-5.844649209052477090e-10,-1.100791301782415733e-05,-8.511395603886997424e-09,-4.374145209668639511e-09,-8.511484634368118515e-09,-4.373768585697913880e-09,-8.511416825951901438e-09,-4.374055444776071833e-09,-8.511395603859892370e-09,-4.374145209560219294e-09,-4.880512050053908979e-09,-1.221789809787744707e-05,-4.880512050053908979e-09,-1.221789809787788075e-05,-4.880512050053908979e-09,-1.221789809787788075e-05,-4.880511994542757748e-09,-1.221789809787657971e-05,2.335783710054311485e-04,5.279712493917913113e-02,-4.491000267483926109e+03,1.663383128820802970e+00,-8.928891098102506030e-01,3.561054618224504864e+00,-8.927354182656239701e-01,3.561090900813774773e+00,-8.928524785949221165e-01,3.561063266963112817e+00,-8.928891098111569891e-01,3.561054618222207591e+00,-4.989987549771256454e+03,3.045334789366926032e+00,-4.989987549771256454e+03,3.045334789366918926e+00,-4.989987549771256454e+03,3.045334789366918926e+00,-4.989987549771257363e+03,3.045334789366922479e+00
8.922531221589201778e+01,-1.000000000195680805e+00,5.441936766123998959e-10,-8.286596964168779778e-10,-1.132943152542766800e-05,-8.453092737256305209e-09,-4.501840917192287406e-09,-8.453181745646807035e-09,-4.501475507124631792e-09,-8.453114257991802688e-09,-4.501752576616113721e-09,-8.453092737256305209e-09,-4.501840917409127840e-09,-5.405530523194812531e-09,-1.257475613331872355e-05,-5.405530578705963762e-09,-1.257475613331872355e-05,-5.405530523194812531e-09,-1.257475613331915723e-05,-5.405530578705963762e-09,-1.257475613331828987e-05,2.331668175578009011e-04,5.433921944431421153e-02,-4.491000277700723927e+03,1.711967143727113783e+00,-8.929012237807264496e-01,3.442162013076925486e+00,-8.927563401023915768e-01,3.442197260002714199e+00,-8.928661968060035425e-01,3.442170535325070446e+00,-8.929012237816393860e-01,3.442162013079345773e+00,-4.989987101219232500e+03,3.134279789438831010e+00,-4.989987101219231590e+03,3.134279789438834563e+00,-4.989987101219232500e+03,3.134279789438838115e+00,-4.989987101219234319e+03,3.134279789438827457e+00
9.183139993049316274e+01,-1.000000000207421191e+00,5.600868140586898192e-10,-1.087327561322126712e-09,-1.166034092921740001e-05,-8.391334553213211644e-09,-4.633310318638388103e-09,-8.391423541139397466e-09,-4.632955819656135732e-09,-8.391356390942319304e-09,-4.633223332881249157e-09,-8.391334553213211644e-09,-4.633310318638388103e-09,-5.961665716647246427e-09,-1.294203711107132226e-05,-5.961665716647246427e-09,-1.294203711107132226e-05,-5.961665716647246427e-09,-1.294203711107218963e-05,-5.961665605624943964e-09,-1.294203711107088858e-05,2.327308676774580976e-04,5.592635527758967745e-02,-4.491000288523029667e+03,1.761970199211305932e+00,-8.929251818064923851e-01,3.326122665192564831e+00,-8.927886131727158503e-01,3.326156906491952725e+00,-8.928916707785661266e-01,3.326131068171982008e+00,-8.929251818083175918e-01,3.326122665196839634e+00,-4.989986626084039926e+03,3.225822451275512925e+00,-4.989986626084039017e+03,3.225822451275512925e+00,-4.989986626084039926e+03,3.225822451275505820e+00,-4.989986626084039926e+03,3.225822451275512481e+00
9.451360610304671184e+01,-1.000000000219857466e+00,5.764440089541314483e-10,-1.361326273929819308e-09,-1.200091551815517677e-05,-8.325916290934619324e-09,-4.768666190873779853e-09,-8.326005259995687344e-09,-4.768322308399200460e-09,-8.325938465064556052e-09,-4.768580491197257909e-09,-8.325916290988829432e-09,-4.768666190982200070e-09,-6.550760933698995814e-09,-1.332004545063309939e-05,-6.550760878187844582e-09,-1.332004545063266571e-05,-6.550760933698995814e-09,-1.332004545063266571e-05,-6.550760933698995814e-09,-1.332004545063266571e-05,2.322690771810066029e-04,5.755984800429169573e-02,-4.491000299986808386e+03,1.813433742890071532e+00,-8.929610632533918624e-01,3.212840397547203075e+00,-8.928323444109975693e-01,3.212873662340177017e+00,-8.929289849039968585e-01,3.212848688373468597e+00,-8.929610632543047988e-01,3.212840397549559857e+00,-4.989986122790371155e+03,3.320038625149843270e+00,-4.989986122790369336e+03,3.320038625149850375e+00,-4.989986122790371155e+03,3.320038625149850375e+00,-4.989986122790370246e+03,3.320038625149850375e+00
9.727415399703245669e+01,-1.000000000233030484e+00,5.932788024959681494e-10,-1.651565106897123769e-09,-1.235143759263884582e-05,-8.256621057510645997e-09,-4.908024871610495998e-09,-8.256710009170269149e-09,-4.907691321257359740e-09,-8.256643588397307582e-09,-4.907940393287721359e-09,-8.256621057510645997e-09,-4.908024871610495998e-09,-7.174769500739586192e-09,-1.370909446177411006e-05,-7.174769445228434961e-09,-1.370909446177411006e-05,-7.174769500739586192e-09,-1.370909446177411006e-05,-7.174769389717283730e-09,-1.370909446177411006e-05,2.317799075719217949e-04,5.924105159769724183e-02,-4.491000312130020575e+03,1.866400432519777164e+00,-8.930089870111178607e-01,3.102221319012610667e+00,-8.928876787421262673e-01,3.102253635563539724e+00,-8.929782628201829997e-01,3.102229504708545527e+00,-8.930089870111190820e-01,3.102221319013478862e+00,-4.989985589669582623e+03,3.417006374249280665e+00,-4.989985589669580804e+03,3.417006374249273559e+00,-4.989985589669582623e+03,3.417006374249280665e+00,-4.989985589669583533e+03,3.417006374249273559e+00
1.001153318128802567e+02,-1.000000000246984433e+00,6.106051302057734220e-10,-1.959005735407970406e-09,-1.271219769849950797e-05,-8.183219108901743782e-09,-5.051506395147876971e-09,-8.183308044542279835e-09,-5.051182900553050081e-09,-8.183242018256278727e-09,-5.051423072476197984e-09,-8.183219109010164000e-09,-5.051506395798398275e-09,-7.835760762464616391e-09,-1.410950660410675156e-05,-7.835760762464616391e-09,-1.410950660410631788e-05,-7.835760762464616391e-09,-1.410950660410675156e-05,-7.835760762464616391e-09,-1.410950660410631788e-05,2.312617425827244444e-04,6.097135958748898382e-02,-4.491000324992957758e+03,1.920914172113439067e+00,-8.930691118891397329e-01,2.994173746613460363e+00,-8.929547995546421868e-01,2.994205142340919501e+00,-8.930396678373891950e-01,2.994181834080931193e+00,-8.930691118927820416e-01,2.994173746616342058e+00,-4.989985024954160508e+03,3.516806039986119181e+00,-4.989985024954160508e+03,3.516806039986104970e+00,-4.989985024954160508e+03,3.516806039986119181e+00,-4.989985024954160508e+03,3.516806039986115628e+00
1.030394945846446291e+02,-1.000000000261765720e+00,6.284373321209513197e-10,-2.284667899310477424e-09,-1.308349486783778534e-05,-8.105467089425085273e-09,-5.199234618573703171e-09,-8.105556010401786943e-09,-5.198920910529786221e-09,-8.105490399961529091e-09,-5.199152385958888400e-09,-8.105467089425085273e-09,-5.199234618573703171e-09,-8.535926798725057552e-09,-1.452161375420455564e-05,-8.535926798725057552e-09,-1.452161375420412195e-05,-8.535926798725057552e-09,-1.452161375420455564e-05,-8.535926909747360014e-09,-1.452161375420498932e-05,2.307128565294976064e-04,6.275220621039534485e-02,-4.491000338618276146e+03,1.977020148207751848e+00,-8.931416371666702769e-01,2.888608129591018869e+00,-8.930339293198608086e-01,2.888638631101246634e+00,-8.931134034619667705e-01,2.888616125658180156e+00,-8.931416371666732745e-01,2.888608129592791673e+00,-4.989984426771885410e+03,3.619520308193482361e+00,-4.989984426771883591e+03,3.619520308193489466e+00,-4.989984426771885410e+03,3.619520308193496572e+00,-4.989984426771884500e+03,3.619520308193503677e+00
1.060490661320773995e+02,-1.000000000277422751e+00,6.467901672688354531e-10,-2.629631956629907563e-09,-1.346563686689114048e-05,-8.023119896422882535e-09,-5.351294012946594680e-09,-8.023208801082341510e-09,-5.350989832004007796e-09,-8.023130961193943728e-09,-5.351256158678263652e-09,-8.023119896368672427e-09,-5.351294012946594680e-09,-9.277588808309644719e-09,-1.494575748050295042e-05,-9.277588808309644719e-09,-1.494575748050295042e-05,-9.277588808309644719e-09,-1.494575748050295042e-05,-9.277588808309644719e-09,-1.494575748050295042e-05,2.301314354801863721e-04,6.458506757239125540e-02,-4.491000353051165803e+03,2.034764866553801177e+00,-8.932123421302231581e-01,2.785441198687726327e+00,-8.931108689540886436e-01,2.785470830818336019e+00,-8.931997140905091337e-01,2.785444886658991592e+00,-8.932123421302150534e-01,2.785441198682907515e+00,-4.989983793140562739e+03,3.725234280018024702e+00,-4.989983793140563648e+03,3.725234280018021149e+00,-4.989983793140562739e+03,3.725234280018031807e+00,-4.989983793140562739e+03,3.725234280018024702e+00
1.091465410697162923e+02,-1.000000000294007929e+00,6.656788229908276733e-10,-2.995041659126229661e-09,-1.385894045114252756e-05,-7.935879139242671063e-09,-5.507904529602342114e-09,-7.935968032165641520e-09,-5.507609623792500408e-09,-7.935890657047610028e-09,-5.507866321667262421e-09,-7.935879139269776117e-09,-5.507904529602342114e-09,-1.006320582419562015e-08,-1.538228932635886045e-05,-1.006320582419562015e-08,-1.538228932635929413e-05,-1.006320576868446892e-08,-1.538228932635972782e-05,-1.006320576868446892e-08,-1.538228932635929413e-05,2.295155413681079087e-04,6.647146292212594010e-02,-4.491000368339488887e+03,2.094196192110212795e+00,-8.933112700325388511e-01,2.684578879658490624e+00,-8.932156829582387214e-01,2.684607668510797573e+00,-8.932988857702859331e-01,2.684582609862328439e+00,-8.933112700352745517e-01,2.684578879662770312e+00,-4.989983121957617186e+03,3.834035529699049150e+00,-4.989983121957616277e+03,3.834035529699049150e+00,-4.989983121957618096e+03,3.834035529699045597e+00,-4.989983121957618096e+03,3.834035529699056699e+00
1.123344868746549707e+02,-1.000000000311576098e+00,6.851189289286060968e-10,-3.382108926253124537e-09,-1.426373162788125305e-05,-7.843468268999747098e-09,-5.669157657640228054e-09,-7.843557151243326156e-09,-5.668871783451323587e-09,-7.843480266726777714e-09,-5.669119072185951902e-09,-7.843468268945536989e-09,-5.669157658073908923e-09,-1.089538281817681309e-08,-1.583157110106097817e-05,-1.089538281817681309e-08,-1.583157110106097817e-05,-1.089538281817681309e-08,-1.583157110106097817e-05,-1.089538281817681309e-08,-1.583157110106011081e-05,2.288631374084797165e-04,6.841295585661058554e-02,-4.491000384533954275e+03,2.155363387174737966e+00,-8.934233991458679913e-01,2.585941927356737668e+00,-8.933333688259262884e-01,2.585969897229518644e+00,-8.934112472161797047e-01,2.585945702918429845e+00,-8.934233991440496681e-01,2.585941927357029879e+00,-4.989982410998921296e+03,3.946014196355681403e+00,-4.989982410998921296e+03,3.946014196355681403e+00,-4.989982410998921296e+03,3.946014196355681403e+00,-4.989982410998923115e+03,3.946014196355666748e+00
1.156155460147082721e+02,-1.000000000330185213e+00,7.051265696550804152e-10,-3.792116842760151485e-09,-1.468034592642936250e-05,-7.745580928784868632e-09,-5.835194018298864305e-09,-7.745669801460363518e-09,-5.834916937640099999e-09,-7.745593435002718144e-09,-5.835155030171901291e-09,-7.745580928730658524e-09,-5.835194018732545174e-09,-1.177687897202517320e-08,-1.629397517963378228e-05,-1.177687897202517320e-08,-1.629397517963378228e-05,-1.177687897202517320e-08,-1.629397517963378228e-05,-1.177687897202517320e-08,-1.629397517963334860e-05,2.281720548375949786e-04,7.041115565969817414e-02,-4.491000401688263992e+03,2.218317153449493873e+00,-8.935491011158197550e-01,2.489448594993986852e+00,-8.934643166354725441e-01,2.489475769466508392e+00,-8.935371708431858462e-01,2.489452419070056433e+00,-8.935491011158085417e-01,2.489448594987807351e+00,-4.989981657907567751e+03,4.061263045429880592e+00,-4.989981657907567751e+03,4.061263045429880592e+00,-4.989981657907567751e+03,4.061263045429880592e+00,-4.989981657907568660e+03,4.061263045429880592e+00
1.189924381387368300e+02,-1.000000000349897666e+00,7.257182969258764438e-10,-4.226426097986291097e-09,-1.510912867626557294e-05,-7.641892612740737445e-09,-6.006158823545701408e-09,-7.641981477122085711e-09,-6.005890306349376262e-09,-7.641905657779961628e-09,-6.006119408243082436e-09,-7.641892612686527336e-09,-6.006158823762541843e-09,-1.271061744745338729e-08,-1.676988481123407523e-05,-1.271061744745338729e-08,-1.676988481123407523e-05,-1.271061744745338729e-08,-1.676988481123407523e-05,-1.271061744745338729e-08,-1.676988481123364155e-05,2.274400011474386751e-04,7.246771859779334302e-02,-4.491000419859302383e+03,2.283109672967976067e+00,-8.936887925810470534e-01,2.395018913713073960e+00,-8.936089604223631522e-01,2.395045315686412213e+00,-8.936770740248776157e-01,2.395022789516389139e+00,-8.936887925810395039e-01,2.395018913709006103e+00,-4.989980860187019061e+03,4.179877547553528139e+00,-4.989980860187019061e+03,4.179877547553528139e+00,-4.989980860187019061e+03,4.179877547553528139e+00,-4.989980860187019971e+03,4.179877547553532580e+00
1.224679623309465626e+02,-1.000000000370778519e+00,7.469111443160654507e-10,-4.686476429149877276e-09,-1.555043529327128880e-05,-7.532059591482120897e-09,-6.182202054103025368e-09,-7.532148448734839880e-09,-6.181941878758215325e-09,-7.532073207516419219e-09,-6.182162188856504814e-09,-7.532059591509225951e-09,-6.182202053669344499e-09,-1.369969393483216891e-08,-1.725969443655984287e-05,-1.369969387932101768e-08,-1.725969443656027655e-05,-1.369969393483216891e-08,-1.725969443655984287e-05,-1.369969393483216891e-08,-1.725969443655940919e-05,2.266645440764467750e-04,7.458434932104794635e-02,-4.491000439107333477e+03,2.349794652174372889e+00,-8.938429365419421346e-01,2.302574626434191085e+00,-8.937677796069967151e-01,2.302600278134892875e+00,-8.938314204665891438e-01,2.302578557225049671e+00,-8.938429365419481298e-01,2.302574626437273508e+00,-4.989980015192860265e+03,4.301955958164910498e+00,-4.989980015192859355e+03,4.301955958164924709e+00,-4.989980015192860265e+03,4.301955958164910498e+00,-4.989980015192860265e+03,4.301955958164952243e+00
1.260449994310315986e+02,-1.000000000392896382e+00,7.687226400137497917e-10,-5.173792949619837600e-09,-1.600463157433516630e-05,-7.415717773846201150e-09,-6.363478647014933487e-09,-7.415806625027387966e-09,-6.363226598199087092e-09,-7.415731994702681393e-09,-6.363438307755223122e-09,-7.415717773846201150e-09,-6.363478647231773921e-09,-1.474738758888705092e-08,-1.776381001452470576e-05,-1.474738753337589969e-08,-1.776381001452513944e-05,-1.474738758888705092e-08,-1.776381001452470576e-05,-1.474738758888705092e-08,-1.776381001452470576e-05,2.258431109612001747e-04,7.676280228113635529e-02,-4.491000459496205622e+03,2.418427366585295335e+00,-8.940120438980048156e-01,2.212039123093929138e+00,-8.939413005921067468e-01,2.212064046093343617e+00,-8.940007217300094400e-01,2.212043112148522894e+00,-8.940120438970995398e-01,2.212039123096143367e+00,-4.989979120124013207e+03,4.427599398637685368e+00,-4.989979120124012297e+03,4.427599398637678263e+00,-4.989979120124013207e+03,4.427599398637685368e+00,-4.989979120124012297e+03,4.427599398637692474e+00
1.297265144220837954e+02,-1.000000000416325641e+00,7.911708218904731083e-10,-5.689992699231538609e-09,-1.647209400056618865e-05,-7.292481501178444195e-09,-6.550148691454246719e-09,-7.292570347399406072e-09,-6.549904558398461640e-09,-7.292496362879723540e-09,-6.550107855629941356e-09,-7.292481501151339141e-09,-6.550148691454246719e-09,-1.585717207541748053e-08,-1.828264935844038999e-05,-1.585717207541748053e-08,-1.828264935844038999e-05,-1.585717207541748053e-08,-1.828264935844038999e-05,-1.585717201990632930e-08,-1.828264935844038999e-05,2.249729776063642828e-04,7.900488315384851523e-02,-4.491000481093523376e+03,2.489064705701604208e+00,-8.941966751345076236e-01,2.123337377243246227e+00,-8.941300985040094851e-01,2.123361592482969407e+00,-8.941855389554940192e-01,2.123341427913509882e+00,-8.941966751354184506e-01,2.123337377243894153e+00,-4.989978172013487892e+03,4.556911938574931042e+00,-4.989978172013487892e+03,4.556911938574931042e+00,-4.989978172013487892e+03,4.556911938574923937e+00,-4.989978172013486983e+03,4.556911938574916832e+00
1.335155588882482505e+02,-1.000000000441143344e+00,8.142742518668991125e-10,-6.236786753710532594e-09,-1.695321004936180005e-05,-7.161942270901382190e-09,-6.742377631685156358e-09,-7.162031113137901084e-09,-6.742141213161509383e-09,-7.161957811665587217e-09,-6.742336277395372113e-09,-7.161942270847172082e-09,-6.742377631034635055e-09,-1.703272717312742657e-08,-1.881664248201382963e-05,-1.703272717312742657e-08,-1.881664248201382963e-05,-1.703272717312742657e-08,-1.881664248201382963e-05,-1.703272717312742657e-08,-1.881664248201382963e-05,2.240512511947432422e-04,8.131245036728135256e-02,-4.491000503970911268e+03,2.561765221080083865e+00,-8.943974421838051247e-01,2.036395884020694158e+00,-8.943347990839228823e-01,2.036419411834796467e+00,-8.943864846804416846e-01,2.036399999694407104e+00,-8.943974421819714804e-01,2.036395884013503021e+00,-4.989977167718554483e+03,4.690000682525078624e+00,-4.989977167718555393e+03,4.690000682525071518e+00,-4.989977167718554483e+03,4.690000682525064413e+00,-4.989977167718553574e+03,4.690000682525057307e+00
1.374152735441617210e+02,-1.000000000467431649e+00,8.380520304411206989e-10,-6.815988995434452136e-09,-1.744837851559049354e-05,-7.023667383701352740e-09,-6.940336485421541579e-09,-7.023756223173156094e-09,-6.940107586707322529e-09,-7.023683643969224483e-09,-6.940294591632756305e-09,-7.023667383728457794e-09,-6.940336485638382014e-09,-1.827795037545598689e-08,-1.936623195540609910e-05,-1.827795037545598689e-08,-1.936623195540609910e-05,-1.827795037545598689e-08,-1.936623195540609910e-05,-1.827795043096713812e-08,-1.936623195540609910e-05,2.230748758521739622e-04,8.368741661258183306e-02,-4.491000528204262991e+03,2.636589174019425830e+00,-8.946150104333876474e-01,1.951142599337680750e+00,-8.945560807805941206e-01,1.951165459469742736e+00,-8.946042248975324407e-01,1.951146783478484803e+00,-8.946150104361185740e-01,1.951142599338833827e+00,-4.989976103910325037e+03,4.826975857202991271e+00,-4.989976103910325037e+03,4.826975857202991271e+00,-4.989976103910325037e+03,4.826975857202991271e+00,-4.989976103910325037e+03,4.826975857202976172e+00
1.414288908382709167e+02,-1.000000000495278707e+00,8.625238131143228570e-10,-7.429520110235898755e-09,-1.795800984215746403e-05,-6.877198512083475615e-09,-7.144202077147276952e-09,-6.877287349712135275e-09,-7.143980506555541732e-09,-6.877215534545474615e-09,-7.144159622609128069e-09,-6.877198512029265506e-09,-7.144202077147276952e-09,-1.959697010223138136e-08,-1.993187327169101269e-05,-1.959697015774253259e-08,-1.993187327169057901e-05,-1.959697010223138136e-08,-1.993187327169101269e-05,-1.959696999120907890e-08,-1.993187327168971165e-05,2.220406094068424346e-04,8.613175046319934691e-02,-4.491000553873916033e+03,2.713598586496152265e+00,-8.948501009610894119e-01,1.867506880360785937e+00,-8.947946769664094635e-01,1.867529091979882150e+00,-8.948394812470555904e-01,1.867511136479422129e+00,-8.948501009619966862e-01,1.867506880359627530e+00,-4.989974977062764992e+03,4.967950903280228481e+00,-4.989974977062763173e+03,4.967950903280228481e+00,-4.989974977062764992e+03,4.967950903280228481e+00,-4.989974977062764992e+03,4.967950903280206276e+00
1.455597376321881882e+02,-1.000000000524775556e+00,8.877098257864535213e-10,-8.079414470785195590e-09,-1.848252646022513577e-05,-6.722050182380191058e-09,-7.354157271653380401e-09,-6.722139019277014252e-09,-7.353942847255004467e-09,-6.722068012464388342e-09,-7.354114235982867065e-09,-6.722050182380191058e-09,-7.354157271653380401e-09,-2.099415891132494494e-08,-2.051403522396536006e-05,-2.099415896683609617e-08,-2.051403522396536006e-05,-2.099415891132494494e-08,-2.051403522396492637e-05,-2.099415891132494494e-08,-2.051403522396405901e-05,2.209450107334108571e-04,8.864747796738990659e-02,-4.491000581065022743e+03,2.792857291453006763e+00,-8.951034928763909049e-01,1.785419427097453049e+00,-8.950513783896485442e-01,1.785441008812847175e+00,-8.950930333846627285e-01,1.785423758761321089e+00,-8.951034928773051735e-01,1.785419427099538492e+00,-4.989973783441004343e+03,5.113042567437302566e+00,-4.989973783441002524e+03,5.113042567437313224e+00,-4.989973783441004343e+03,5.113042567437320329e+00,-4.989973783441004343e+03,5.113042567437314112e+00
1.498112379583058100e+02,-1.000000000556021451e+00,9.136308805855752890e-10,-8.767827908151559768e-09,-1.902236313937170388e-05,-6.557708169183367602e-09,-7.570391235764417637e-09,-6.557797006405451448e-09,-7.570183778449202094e-09,-6.557726855055444684e-09,-7.570347600530102916e-09,-6.557708169183367602e-09,-7.570391236631779375e-09,-2.247414931932922855e-08,-2.111320029346769669e-05,-2.247414931932922855e-08,-2.111320029346726301e-05,-2.247414931932922855e-08,-2.111320029346769669e-05,-2.247414931932922855e-08,-2.111320029346682933e-05,2.197844503852592474e-04,9.123668437560424060e-02,-4.491000609867772255e+03,2.874430987107885915e+00,-8.953760259305106883e-01,1.704812225147811944e+00,-8.953270357764396836e-01,1.704833195042799288e+00,-8.953657216023958032e-01,1.704816635994259810e+00,-8.953760259314229586e-01,1.704812225149060501e+00,-4.989972519088961235e+03,5.262370999890121581e+00,-4.989972519088959416e+03,5.262370999890121581e+00,-4.989972519088961235e+03,5.262370999890121581e+00,-4.989972519088961235e+03,5.262370999890128687e+00
1.541869158579544603e+02,-1.000000000589118532e+00,9.403083928898395283e-10,-9.497042374739805837e-09,-1.957796734797549124e-05,-6.383627793282416543e-09,-7.793099704184874854e-09,-6.383716631751332887e-09,-7.792899041781514713e-09,-6.383647385764350257e-09,-7.793055450955321817e-09,-6.383627793255311489e-09,-7.793099703751193985e-09,-2.404184801241271430e-08,-2.172986504897760768e-05,-2.404184795690156307e-08,-2.172986504897804136e-05,-2.404184801241271430e-08,-2.172986504897760768e-05,-2.404184801241271430e-08,-2.172986504897760768e-05,2.185550715852521003e-04,9.390151582419208054e-02,-4.491000640377675154e+03,2.958387290130902070e+00,-8.956686032838453437e-01,1.625618489534655264e+00,-8.956225626417543273e-01,1.625638865155930812e+00,-8.956584495651868094e-01,1.625622983274750188e+00,-8.956686032820243559e-01,1.625618489533773969e+00,-4.989971179816303447e+03,5.416059851689994709e+00,-4.989971179816300719e+03,5.416059851689980498e+00,-4.989971179816303447e+03,5.416059851689994709e+00,-4.989971179816303447e+03,5.416059851689987603e+00
1.586903983024584477e+02,-1.000000000624177821e+00,9.677644000841839622e-10,-1.026947660243138216e-08,-2.014979962412951058e-05,-6.199232119693176210e-09,-8.022485267246415308e-09,-6.199320960547337334e-09,-8.022291234956180350e-09,-6.199252672940865072e-09,-8.022440379975431801e-09,-6.199232119638966101e-09,-8.022485267246415308e-09,-2.570245188904252132e-08,-2.236454055786667519e-05,-2.570245188904252132e-08,-2.236454055786624151e-05,-2.570245188904252132e-08,-2.236454055786667519e-05,-2.570245194455367255e-08,-2.236454055786667519e-05,2.172527938792603169e-04,9.664418112040321085e-02,-4.491000672695914545e+03,3.044795791881195424e+00,-8.959821944850024922e-01,1.547772609561308466e+00,-8.959389383194676926e-01,1.547792407950887572e+00,-8.959721873317088026e-01,1.547777189974738121e+00,-8.959821944822754514e-01,1.547772609561735901e+00,-4.989969761184531308e+03,5.574236376479642097e+00,-4.989969761184528579e+03,5.574236376479642097e+00,-4.989969761184531308e+03,5.574236376479642097e+00,-4.989969761184532217e+03,5.574236376479656307e+00
1.633254181995089027e+02,-1.000000000661314337e+00,9.960215767391630837e-10,-1.108769309698942607e-08,-2.073833395738861572e-05,-6.003910049489193448e-09,-8.258757673833966306e-09,-6.003998893785696470e-09,-8.258570109460211528e-09,-6.003931620640091948e-09,-8.258712133873274963e-09,-6.003910049462088394e-09,-8.258757673833966306e-09,-2.746146626764200960e-08,-2.301775280909822141e-05,-2.746146626764200960e-08,-2.301775280909822141e-05,-2.746146626764200960e-08,-2.301775280909822141e-05,-2.746146615661970714e-08,-2.301775280909735405e-05,2.158732815372814418e-04,9.946695359935626979e-02,-4.491000706929674379e+03,3.133728116859791690e+00,-8.963178386878193349e-01,1.471210094688897518e+00,-8.962772112020852555e-01,1.471229332400831868e+00,-8.963079745341299143e-01,1.471214765626015275e+00,-8.963178386878115633e-01,1.471210094685844849e+00,-4.989968258492347559e+03,5.737031535794302251e+00,-4.989968258492345740e+03,5.737031535794302251e+00,-4.989968258492347559e+03,5.737031535794302251e+00,-4.989968258492347559e+03,5.737031535794302251e+00
1.680958174873471194e+02,-1.000000000700652425e+00,1.025103254885528781e-09,-1.195440357815158450e-08,-2.134405818166517851e-05,-5.797014298117037640e-09,-8.502134143852785320e-09,-5.797103146967189785e-09,-8.501952892571440490e-09,-5.797036947805152274e-09,-8.502087939059321808e-09,-5.797014298062827531e-09,-8.502134144720147058e-09,-2.932472215055881293e-08,-2.369004314855659848e-05,-2.932472209504766170e-08,-2.369004314855746585e-05,-2.932472215055881293e-08,-2.369004314855573112e-05,-2.932472209504766170e-08,-2.369004314855659848e-05,2.144119674228010114e-04,1.023721730055269230e-01,-4.491000743192505979e+03,3.225257982013141955e+00,-8.966766480839913900e-01,1.395867521310361736e+00,-8.966385021860983073e-01,1.395886214424472804e+00,-8.966669238389708418e-01,1.395872286706021148e+00,-8.966766480839927222e-01,1.395867521310721671e+00,-4.989966666760053158e+03,5.904580106414894836e+00,-4.989966666760052249e+03,5.904580106414880625e+00,-4.989966666760053158e+03,5.904580106414901941e+00,-4.989966666760054068e+03,5.904580106414887730e+00
1.730055503193224240e+02,-1.000000000742321760e+00,1.055033440494103358e-09,-1.287248363457393907e-08,-2.196747437960473205e-05,-5.577871918418641356e-09,-8.752814767247485417e-09,-5.577960771795337572e-09,-8.752639677703927257e-09,-5.577883048052097517e-09,-8.752792836439621249e-09,-5.577871918418641356e-09,-8.752814766813804548e-09,-3.129839631910158460e-08,-2.438196872701393902e-05,-3.129839631910158460e-08,-2.438196872701393902e-05,-3.129839631910158460e-08,-2.438196872701393902e-05,-3.129839631910158460e-08,-2.438196872701307166e-05,2.128639863523580644e-04,1.053622473791644143e-01,-4.491000781604668191e+03,3.319461256323377629e+00,-8.970547092022879143e-01,1.321685069177899186e+00,-8.970189059342352778e-01,1.321703233096631180e+00,-8.970502246220702913e-01,1.321687344382119988e+00,-8.970547092013780865e-01,1.321685069177763294e+00,-4.989964980714127705e+03,6.077020791189337245e+00,-4.989964980714127705e+03,6.077020791189323035e+00,-4.989964980714127705e+03,6.077020791189337245e+00,-4.989964980714126796e+03,6.077020791189351456e+00
1.780586863414644938e+02,-1.000000000786460674e+00,1.085836835268243206e-09,-1.384497760881231443e-08,-2.260909929877280393e-05,-5.345731382241144386e-09,-9.011083519552126608e-09,-5.345820242339894071e-09,-9.010914448631668350e-09,-5.345743721790014932e-09,-9.011060042671964476e-09,-5.345731382214039332e-09,-9.011083519985807477e-09,-3.338903115102098695e-08,-2.509410296122616124e-05,-3.338903120653213819e-08,-2.509410296122616124e-05,-3.338903115102098695e-08,-2.509410296122616124e-05,-3.338903126204328942e-08,-2.509410296122702860e-05,2.112242006086315765e-04,1.084396551324609409e-01,-4.491000822293556666e+03,3.416416026031407593e+00,-8.974638115199714550e-01,1.248596042033053299e+00,-8.974302199066908070e-01,1.248613692157084287e+00,-8.974591468669690375e-01,1.248598493054519976e+00,-8.974638115208899425e-01,1.248596042036221654e+00,-4.989963194765797198e+03,6.254496327129198008e+00,-4.989963194765796288e+03,6.254496327129190902e+00,-4.989963194765797198e+03,6.254496327129190902e+00,-4.989963194765797198e+03,6.254496327129198008e+00
1.832594140657868707e+02,-1.000000000833215941e+00,1.117538854424754424e-09,-1.487511003261943188e-08,-2.326946477999565586e-05,-5.099836155155260120e-09,-9.277156350420701081e-09,-5.099925023222895773e-09,-9.276993156309698563e-09,-5.099849776827409739e-09,-9.277131337009220102e-09,-5.099836155236575283e-09,-9.277156350420701081e-09,-3.560355704701478885e-08,-2.582703600827272045e-05,-3.560355704701478885e-08,-2.582703600827272045e-05,-3.560355704701478885e-08,-2.582703600827272045e-05,-3.560355704701478885e-08,-2.582703600827272045e-05,2.094871589746888363e-04,1.116069470466602709e-01,-4.491000865394126777e+03,3.516202657729602166e+00,-8.978998742237516151e-01,1.176542570866436765e+00,-8.978683705173222673e-01,1.176559721922058710e+00,-8.978950454126006786e-01,1.176545199796552588e+00,-8.978998742246671050e-01,1.176542570868592597e+00,-4.989961302998515748e+03,6.437153612749671794e+00,-4.989961302998515748e+03,6.437153612749671794e+00,-4.989961302998515748e+03,6.437153612749671794e+00,-4.989961302998516658e+03,6.437153612749693110e+00
1.886120443421176560e+02,-1.000000000882742324e+00,1.150165647510574540e-09,-1.596629717326436548e-08,-2.394911819821661948e-05,-4.839371505008802435e-09,-9.551284000687554343e-09,-4.839460381994000956e-09,-9.551126546342852963e-09,-4.839386484996538798e-09,-9.551257462887818850e-09,-4.839371505035907489e-09,-9.551284000687554343e-09,-3.794931452416605566e-08,-2.658137525385351196e-05,-3.794931452416605566e-08,-2.658137525385351196e-05,-3.794931452416605566e-08,-2.658137525385351196e-05,-3.794931452416605566e-08,-2.658137525385264460e-05,2.076470906033842101e-04,1.148667483833108321e-01,-4.491000911049328352e+03,3.618903864912328849e+00,-8.983643419932770824e-01,1.105464985455032023e+00,-8.983348093652514521e-01,1.105481651751109018e+00,-8.983593643943859064e-01,1.105467794542968507e+00,-8.983643419960160026e-01,1.105464985458638916e+00,-4.989959299144455144e+03,6.625143819900467079e+00,-4.989959299144455144e+03,6.625143819900467079e+00,-4.989959299144455144e+03,6.625143819900467079e+00,-4.989959299144455144e+03,6.625143819900474185e+00
1.941210139313353125e+02,-1.000000000935204358e+00,1.183744119219454216e-09,-1.712215913496351050e-08,-2.464862291622820032e-05,-4.563474471138556643e-09,-9.833726607750420401e-09,-4.563563358315255586e-09,-9.833574766970887282e-09,-4.563490890242046655e-09,-9.833698561608622546e-09,-4.563474471111451589e-09,-9.833726609051463008e-09,-4.043407875187199352e-08,-2.735774581470468841e-05,-4.043407875187199352e-08,-2.735774581470382105e-05,-4.043407875187199352e-08,-2.735774581470468841e-05,-4.043407886289429598e-08,-2.735774581470382105e-05,2.056978767333277752e-04,1.182217611125560980e-01,-4.491000959410579526e+03,3.724604778069698252e+00,-8.988587535388530281e-01,1.035304429386249669e+00,-8.988310816991547103e-01,1.035320624818422353e+00,-8.988536420221937551e-01,1.035307421038335285e+00,-8.988587535415792917e-01,1.035304429385449199e+00,-4.989957176564778820e+03,6.818622521125171865e+00,-4.989957176564777910e+03,6.818622521125178970e+00,-4.989957176564778820e+03,6.818622521125164759e+00,-4.989957176564777910e+03,6.818622521125171865e+00
1.997908891829711990e+02,-1.000000000990775240e+00,1.218301949774958093e-09,-1.834652696430794094e-08,-2.536855875165584286e-05,-4.271231014002768028e-09,-1.012475417914993070e-08,-4.271319912536484728e-09,-1.012460782356602862e-08,-4.271248958145033858e-09,-1.012472463767649655e-08,-4.271231013840137702e-09,-1.012475417914993070e-08,-4.306608580861848168e-08,-2.815679105563559381e-05,-4.306608580861848168e-08,-2.815679105563559381e-05,-4.306608580861848168e-08,-2.815679105563559381e-05,-4.306608580861848168e-08,-2.815679105563472645e-05,2.036330431841350264e-04,1.216747660886436655e-01,-4.491001010638273328e+03,3.833393013427043972e+00,-8.993847466789200995e-01,9.660028117024286320e-01,-8.993588315020646373e-01,9.660185497719310233e-01,-8.993795156796604573e-01,9.660059884839375943e-01,-8.993847466779983924e-01,9.660028116983699897e-01,-4.989954928227702112e+03,7.017749814696873756e+00,-4.989954928227702112e+03,7.017749814696873756e+00,-4.989954928227702112e+03,7.017749814696880861e+00,-4.989954928227703022e+03,7.017749814696880861e+00
2.056263698202274384e+02,-1.000000001049640153e+00,1.253867618674492368e-09,-1.964346219018864304e-08,-2.610952245758909034e-05,-3.961672995271515660e-09,-1.042464706354703785e-08,-3.961761906409082615e-09,-1.042450607216180436e-08,-3.961692555417119579e-09,-1.042461604582392565e-08,-3.961672995190200497e-09,-1.042464706311335698e-08,-4.585405916079920985e-08,-2.897917312158840297e-05,-4.585405916079920985e-08,-2.897917312158927033e-05,-4.585405916079920985e-08,-2.897917312158840297e-05,-4.585405921631036108e-08,-2.897917312158840297e-05,2.014457237723317473e-04,1.252286254086277806e-01,-4.491001064902324288e+03,3.945358747148897560e+00,-8.999440637383255837e-01,8.975027592310169666e-01,-8.999198069305442971e-01,8.975180530552845370e-01,-8.999387272879574295e-01,8.975061238816112175e-01,-8.999440637355914374e-01,8.975027592291344725e-01,-4.989952546685298330e+03,7.222690457017340471e+00,-4.989952546685296511e+03,7.222690457017354682e+00,-4.989952546685298330e+03,7.222690457017340471e+00,-4.989952546685296511e+03,7.222690457017340471e+00
2.116322928355473039e+02,-1.000000001111993386e+00,1.290470424421784335e-09,-2.101726548353610724e-08,-2.687212821724383870e-05,-3.633774981490287687e-09,-1.073369648892097405e-08,-3.633863906586957612e-09,-1.073356074377321279e-08,-3.633796254160328101e-09,-1.073366401663222724e-08,-3.633774981463182632e-09,-1.073369648892097405e-08,-4.880723947220388936e-08,-2.982557348515935125e-05,-4.880723941669273813e-08,-2.982557348515935125e-05,-4.880723947220388936e-08,-2.982557348515848389e-05,-4.880723941669273813e-08,-2.982557348515935125e-05,1.991286462839966104e-04,1.288862847331748718e-01,-4.491001122382715039e+03,4.060594788628821838e+00,-9.005385573160243906e-01,8.297475695721999722e-01,-9.005158660869270193e-01,8.297624318921210662e-01,-9.005331291033898955e-01,8.297511249827052016e-01,-9.005385573178477099e-01,8.297475695735218038e-01,-4.989950024048874184e+03,7.433613995317942980e+00,-4.989950024048873274e+03,7.433613995317950085e+00,-4.989950024048874184e+03,7.433613995317942980e+00,-4.989950024048874184e+03,7.433613995317950085e+00
2.178136364999672026e+02,-1.000000001178042552e+00,1.328140510114053652e-09,-2.247249342168800013e-08,-2.765700815308112532e-05,-3.286450858306332046e-09,-1.105220511854812515e-08,-3.286539798636042495e-09,-1.105207450948289538e-08,-3.286473945470023278e-09,-1.105217121381146805e-08,-3.286450858279226991e-09,-1.105220511768076341e-08,-5.193541419146185945e-08,-3.069669351000482715e-05,-5.193541419146185945e-08,-3.069669351000482715e-05,-5.193541419146185945e-08,-3.069669351000482715e-05,-5.193541413595070821e-08,-3.069669351000395979e-05,1.966741098702352863e-04,1.326507757795184483e-01,-4.491001183270086585e+03,4.179196658935576458e+00,-9.011701963962239770e-01,7.626811646508050435e-01,-9.011489831414031260e-01,7.626956078467416189e-01,-9.011646897986755889e-01,7.626849138830895658e-01,-9.011701963962219786e-01,7.626811646501799880e-01,-4.989947351962953690e+03,7.650694907434073322e+00,-4.989947351962953690e+03,7.650694907434073322e+00,-4.989947351962953690e+03,7.650694907434073322e+00,-4.989947351962953690e+03,7.650694907434043124e+00
2.241755244895736041e+02,-1.000000001248006587e+00,1.366908884150273840e-09,-2.401397081186473770e-08,-2.846481285079325695e-05,-2.918562922642285035e-09,-1.138046974626799601e-08,-2.918651878963977528e-09,-1.138034416399771875e-08,-2.918575255414892003e-09,-1.138045233571582937e-08,-2.918562922642285035e-09,-1.138046974713535775e-08,-5.524895013708785996e-08,-3.159325503062412194e-05,-5.524895013708785996e-08,-3.159325503062498930e-05,-5.524895019259901119e-08,-3.159325503062498930e-05,-5.524895019259901119e-08,-3.159325503062412194e-05,1.940739473077646854e-04,1.365252187861073496e-01,-4.491001247766383131e+03,4.301262668631861352e+00,-9.018382485362439471e-01,6.962500451946258551e-01,-9.018184304858806177e-01,6.962640812013133340e-01,-9.018355009759960739e-01,6.962519911536276807e-01,-9.018382485362443912e-01,6.962500451947645219e-01,-4.989944521578682725e+03,7.874112743703352457e+00,-4.989944521578682725e+03,7.874112743703373773e+00,-4.989944521578684544e+03,7.874112743703359563e+00,-4.989944521578684544e+03,7.874112743703352457e+00
2.307232301324852131e+02,-1.000000001322117082e+00,1.406807448203588329e-09,-2.564681045313932373e-08,-2.929621189860039023e-05,-2.528867380151116062e-09,-1.171885423553384320e-08,-2.528956354551879782e-09,-1.171873357640879076e-08,-2.528881748215146275e-09,-1.171883475025239929e-08,-2.528867380178221116e-09,-1.171885423553384320e-08,-5.875882858052960955e-08,-3.251600094898027260e-05,-5.875882858052960955e-08,-3.251600094898113996e-05,-5.875882858052960955e-08,-3.251600094898027260e-05,-5.875882858052960955e-08,-3.251600094897853788e-05,1.913195080211725629e-04,1.405128251342432077e-01,-4.491001316085537837e+03,4.426894000324953282e+00,-9.025507716824546778e-01,6.303951877219686750e-01,-9.025322708331655619e-01,6.304088283189162034e-01,-9.025477840449691591e-01,6.303973905079656159e-01,-9.025507716824492377e-01,6.303951877204658771e-01,-4.989941523520682495e+03,8.104052268200021558e+00,-4.989941523520681585e+03,8.104052268200042874e+00,-4.989941523520682495e+03,8.104052268200028664e+00,-4.989941523520682495e+03,8.104052268200021558e+00
2.374621807798808391e+02,-1.000000001400620286e+00,1.447869016628529348e-09,-2.737642723626976249e-08,-3.015189444229536553e-05,-2.116086382752653886e-09,-1.206768068763228174e-08,-2.116175376750371873e-09,-1.206756484930376905e-08,-2.116102907701380986e-09,-1.206765917792854137e-08,-2.116086382861074103e-09,-1.206768068763228174e-08,-6.247668066228229122e-08,-3.346569584836145417e-05,-6.247668060677113999e-08,-3.346569584836058681e-05,-6.247668066228229122e-08,-3.346569584836145417e-05,-6.247668066228229122e-08,-3.346569584836058681e-05,1.884016343609937888e-04,1.446168999907083974e-01,-4.491001388454148582e+03,4.556194792024213847e+00,-9.033071020606070478e-01,5.650641724090506024e-01,-9.032898447033854694e-01,5.650774289540311246e-01,-9.033038975746321420e-01,5.650666339976140318e-01,-9.033071020606074919e-01,5.650641724092139162e-01,-4.989938347862048431e+03,8.340703617028458083e+00,-4.989938347862047522e+03,8.340703617028458083e+00,-4.989938347862048431e+03,8.340703617028458083e+00,-4.989938347862048431e+03,8.340703617028472294e+00
2.443979623046959375e+02,-1.000000001483775769e+00,1.490127347577620276e-09,-2.920855679544587247e-08,-3.103256975650863902e-05,-1.678853070696513863e-09,-1.242730390382112970e-08,-1.678942085863279268e-09,-1.242719279131304644e-08,-1.678871881495786270e-09,-1.242728042390520149e-08,-1.678853070669408809e-09,-1.242730390425481057e-08,-6.641482652725017033e-08,-3.444312662513257517e-05,-6.641482652725017033e-08,-3.444312662513344253e-05,-6.641482652725017033e-08,-3.444312662513257517e-05,-6.641482641622786787e-08,-3.444312662513257517e-05,1.853106114013767375e-04,1.488408450386010939e-01,-4.491001465112241931e+03,4.689272223255104954e+00,-9.041097438726021229e-01,5.002029650588019072e-01,-9.040936604248304143e-01,5.002158485775157759e-01,-9.041063450551675151e-01,5.002056876580519562e-01,-9.041097438707811351e-01,5.002029650582403564e-01,-4.989934984087697558e+03,8.584262446263551283e+00,-4.989934984087697558e+03,8.584262446263544177e+00,-4.989934984087698467e+03,8.584262446263544177e+00,-4.989934984087698467e+03,8.584262446263558388e+00
2.515363237317168625e+02,-1.000000001571860198e+00,1.533617163384376481e-09,-3.114927527025912468e-08,-3.193896783265539989e-05,-1.215719741239421059e-09,-1.279809355540784122e-08,-1.215808779282852303e-09,-1.279798707547880054e-08,-1.215740974634237775e-09,-1.279806816165823813e-08,-1.215719741185210950e-09,-1.279809355454047948e-08,-7.058631512624202742e-08,-3.544910313874223562e-05,-7.058631512624202742e-08,-3.544910313874310298e-05,-7.058631512624202742e-08,-3.544910313874310298e-05,-7.058631501521972496e-08,-3.544910313874223562e-05,1.820361559843261534e-04,1.531881613371216255e-01,-4.491001546314111692e+03,4.826236605112532274e+00,-9.049613544204274662e-01,4.357579315411202470e-01,-9.049463791949264868e-01,4.357704527523566518e-01,-9.049577831407427109e-01,4.357609175901682175e-01,-9.049613544176948743e-01,4.357579315399224829e-01,-4.989931421060676257e+03,8.834930093219080405e+00,-4.989931421060675348e+03,8.834930093219087510e+00,-4.989931421060676257e+03,8.834930093219059088e+00,-4.989931421060676257e+03,8.834930093219078628e+00
2.588831820029105302e+02,-1.000000001665164895e+00,1.578374182222008759e-09,-3.320501862358327116e-08,-3.287183998406208781e-05,-7.251657706394340486e-10,-1.318042048680662104e-08,-7.252548326979434135e-10,-1.318031855358781090e-08,-7.251768793206832264e-10,-1.318040777128354213e-08,-7.251657705852239399e-10,-1.318042048507189756e-08,-7.500496829182523584e-08,-3.648445888058005765e-05,-7.500496834733638707e-08,-3.648445888058005765e-05,-7.500496834733638707e-08,-3.648445888058005765e-05,-7.500496834733638707e-08,-3.648445888058005765e-05,1.785673676641414548e-04,1.576624521599097051e-01,-4.491001632329082895e+03,4.967201469915552892e+00,-9.058627677997502792e-01,3.716775285784849059e-01,-9.058488387353391680e-01,3.716896978447560285e-01,-9.058610304119957268e-01,3.716790464675203132e-01,-9.058627677979332882e-01,3.716775285788184169e-01,-4.989927646986465334e+03,9.092913738434857507e+00,-4.989927646986466243e+03,9.092913738434864612e+00,-4.989927646986466243e+03,9.092913738434864612e+00,-4.989927646986468062e+03,9.092913738434893034e+00
2.664446268819397119e+02,-1.000000001763999835e+00,1.624435139570626352e-09,-3.538260373581181284e-08,-3.383195946876659845e-05,-2.055417971241757513e-10,-1.357471637007667820e-08,-2.056308854745877990e-10,-1.357461889769928653e-08,-2.055556234123803727e-10,-1.357470124242060594e-08,-2.055417970157555341e-10,-1.357471636747459298e-08,-7.968542620195862014e-08,-3.755005166219960167e-05,-7.968542620195862014e-08,-3.755005166219960167e-05,-7.968542620195862014e-08,-3.755005166219960167e-05,-7.968542620195862014e-08,-3.755005166219960167e-05,1.748926993401893337e-04,1.622674260210393571e-01,-4.491001723442455841e+03,5.112283666509135571e+00,-9.068210851596489874e-01,3.079052747948040070e-01,-9.068081437562846014e-01,3.079171022865496710e-01,-9.068190766479071740e-01,3.079071104281084770e-01,-9.068210851605533751e-01,3.079052747935386858e-01,-4.989923649370161002e+03,9.358426569475044587e+00,-4.989923649370160092e+03,9.358426569475037482e+00,-4.989923649370161002e+03,9.358426569475044587e+00,-4.989923649370161002e+03,9.358426569475037482e+00
2.742269260019290300e+02,-1.000000001868692534e+00,1.671837822261185158e-09,-3.768925282976454127e-08,-3.482012213051606346e-05,3.448594834178086987e-10,-1.398138558400541243e-08,3.447703668239300578e-10,-1.398129249267215934e-08,3.448427764044317834e-10,-1.398136813268724410e-08,3.448594834178086987e-10,-1.398138558400541243e-08,-8.464319578571632974e-08,-3.864676432345677537e-05,-8.464319573020517851e-08,-3.864676432345590801e-05,-8.464319578571632974e-08,-3.864676432345677537e-05,-8.464319567469402728e-08,-3.864676432345937745e-05,1.709999111460681204e-04,1.670068997877225958e-01,-4.491001819956464715e+03,5.261603458307409831e+00,-9.078373440775675540e-01,2.443902611641264877e-01,-9.078253350646992015e-01,2.444017567181626382e-01,-9.078350926737058790e-01,2.443924163021249929e-01,-9.078373440766490665e-01,2.443902611620402121e-01,-4.989919414981309274e+03,9.631687961339139292e+00,-4.989919414981307455e+03,9.631687961339153503e+00,-4.989919414981309274e+03,9.631687961339132187e+00,-4.989919414981311093e+03,9.631687961339167714e+00
2.822365300606658138e+02,-1.000000001979590492e+00,1.720621091568994010e-09,-4.013261523105882134e-08,-3.583714705848576633e-05,9.278597370141784817e-10,-1.440086630152825897e-08,9.277705903336895543e-10,-1.440077751230922631e-08,9.278399767248535213e-10,-1.440084661848833880e-08,9.278597370683885903e-10,-1.440086630066089723e-08,-8.989470073883509826e-08,-3.977550546116134789e-05,-8.989470073883509826e-08,-3.977550546116134789e-05,-8.989470073883509826e-08,-3.977550546115961316e-05,-8.989470068332394703e-08,-3.977550546116048052e-05,1.668760394989820400e-04,1.718848017121144267e-01,-4.491001922191256199e+03,5.415284619238656560e+00,-9.089149076589755349e-01,1.810800224901834010e-01,-9.089037788611199487e-01,1.810911956628351305e-01,-9.089124407972341002e-01,1.810824991801703587e-01,-9.089149076580698150e-01,1.810800224910494582e-01,-4.989914929806393047e+03,9.912923643940594332e+00,-4.989914929806393047e+03,9.912923643940594332e+00,-4.989914929806393047e+03,9.912923643940622753e+00,-4.989914929806393957e+03,9.912923643940610319e+00
2.904800781675420467e+02,-1.000000002097060747e+00,1.770824915306098979e-09,-4.272079379141757727e-08,-3.688387726627365484e-05,1.545388297256693189e-09,-1.483361640811087234e-08,1.545299118483819956e-09,-1.483353184988239759e-08,1.545365300244412599e-09,-1.483359460350414105e-08,1.545388297256693189e-09,-1.483361640724351060e-08,-9.545733825611080192e-08,-4.093721017874550616e-05,-9.545733825611080192e-08,-4.093721017874550616e-05,-9.545733825611080192e-08,-4.093721017874550616e-05,-9.545733820059965069e-08,-4.093721017874550616e-05,1.625073420610263081e-04,1.769051748474879393e-01,-4.491002030485923569e+03,5.573454541044982946e+00,-9.100573414556024643e-01,1.179222796906843618e-01,-9.100470436113542450e-01,1.179331397658651692e-01,-9.100546858520491833e-01,1.179250802674468718e-01,-9.100573414546996309e-01,1.179222796921507582e-01,-4.989910179003734811e+03,1.020236588988311333e+01,-4.989910179003734811e+03,1.020236588988311333e+01,-4.989910179003734811e+03,1.020236588988311333e+01,-4.989910179003734811e+03,1.020236588988312754e+01
2.989644033466695987e+02,-1.000000002221493878e+00,1.822490395576858990e-09,-4.546237108993267384e-08,-3.796118039073163343e-05,2.199475794854507948e-09,-1.528010326948270325e-08,2.199386581929266282e-09,-1.528002286938640042e-08,2.199462080618597853e-09,-1.528009091044529866e-08,2.199475794908718057e-09,-1.528010326948270325e-08,-1.013495334878378173e-07,-4.213284085765722081e-05,-1.013495335433489686e-07,-4.213284085765548609e-05,-1.013495334878378173e-07,-4.213284085765461873e-05,-1.013495334323266661e-07,-4.213284085765288400e-05,1.578792646545132405e-04,1.820721802553743884e-01,-4.491002145199748156e+03,5.736244334798752398e+00,-9.112670694050775122e-01,5.486640230689050768e-02,-9.112575559823645754e-01,5.487695827803296816e-02,-9.112656069322105923e-01,5.486802504273075032e-02,-9.112670694032499741e-01,5.486640230495308523e-02,-4.989905146855696330e+03,1.050025369708702705e+01,-4.989905146855695421e+03,1.050025369708701284e+01,-4.989905146855696330e+03,1.050025369708700573e+01,-4.989905146855697240e+03,1.050025369708703415e+01
3.076965382007300605e+02,-1.000000002353301776e+00,1.875659800653489695e-09,-4.836644029726500094e-08,-3.906994941120728662e-05,2.892311724486933827e-09,-1.574085141658326803e-08,2.892222474861448622e-09,-1.574077510956700676e-08,2.892294378011115580e-09,-1.574083658643227190e-08,2.892311724486933827e-09,-1.574085141745062977e-08,-1.075908034886552400e-07,-4.336338795095026621e-05,-1.075908034886552400e-07,-4.336338795095026621e-05,-1.075908034331440888e-07,-4.336338795094939885e-05,-1.075908034886552400e-07,-4.336338795094939885e-05,1.529763770541613110e-04,1.873901005835919287e-01,-4.491002266713215249e+03,5.903788943397920264e+00,-9.125509148980762708e-01,-8.142692643851584880e-03,-9.125421420245521942e-01,-8.132431975964969292e-03,-9.125492097813101555e-01,-8.140698366255007257e-03,-9.125509148971550077e-01,-8.142692646368267922e-03,-4.989899816713033033e+03,1.080683298044839624e+01,-4.989899816713033033e+03,1.080683298044839624e+01,-4.989899816713032124e+03,1.080683298044835361e+01,-4.989899816713033033e+03,1.080683298044841223e+01
3.166837207402538752e+02,-1.000000002492921647e+00,1.930376594032681692e-09,-5.144263082179634239e-08,-4.021110338980351216e-05,3.626175286365780626e-09,-1.621637344198512132e-08,3.626085997600596994e-09,-1.621630116386413301e-08,3.626154089020686144e-09,-1.621635628210049695e-08,3.626175286311570517e-09,-1.621637344198512132e-08,-1.142018186128801460e-07,-4.462987079986192873e-05,-1.142018186128801460e-07,-4.462987079986192873e-05,-1.142018186128801460e-07,-4.462987079986279609e-05,-1.142018185573689948e-07,-4.462987079986453082e-05,1.477823276635759076e-04,1.928633434788251111e-01,-4.491002395429435637e+03,6.076227249553624254e+00,-9.139116567449547812e-01,-7.115542840428411286e-02,-9.139035829747756967e-01,-7.114545451104344054e-02,-9.139097399835501845e-01,-7.115306056244900812e-02,-9.139116567431303517e-01,-7.115542840535134250e-02,-4.989894170946239683e+03,1.112235676966702158e+01,-4.989894170946239683e+03,1.112235676966702158e+01,-4.989894170946239683e+03,1.112235676966703579e+01,-4.989894170946239683e+03,1.112235676966705000e+01
3.259334003831608584e+02,-1.000000002640816676e+00,1.986685468479548744e-09,-5.470114594618991077e-08,-4.138558823326213276e-05,4.403481020575847338e-09,-1.670720935209590863e-08,4.403391690285720500e-09,-1.670714104388959509e-08,4.403468471098331144e-09,-1.670719975560563952e-08,4.403481020467427121e-09,-1.670720935209590863e-08,-1.212044734577588656e-07,-4.593333847388927915e-05,-1.212044734022477144e-07,-4.593333847388927915e-05,-1.212044734577588656e-07,-4.593333847388927915e-05,-1.212044734577588656e-07,-4.593333847388754443e-05,1.422797995299790452e-04,1.984964453856551680e-01,-4.491002531775378884e+03,6.253702195223728388e+00,-9.153527384116939558e-01,-1.342223741012984750e-01,-9.153453245917967385e-01,-1.342126787224468265e-01,-9.153516968661447040e-01,-1.342210120382766603e-01,-9.153527384126023403e-01,-1.342223741014279270e-01,-4.989888190884655160e+03,1.144708541250662037e+01,-4.989888190884653341e+03,1.144708541250662037e+01,-4.989888190884655160e+03,1.144708541250662037e+01,-4.989888190884655160e+03,1.144708541250660616e+01
3.354532441295349372e+02,-1.000000002797477361e+00,2.044632374216884263e-09,-5.815279047194366058e-08,-4.259437747710401005e-05,5.226824978854429510e-09,-1.721395562898075937e-08,5.226735604437274252e-09,-1.721389123517796937e-08,5.226808106825481942e-09,-1.721394347203863973e-08,5.226824978908639618e-09,-1.721395562898075937e-08,-1.286219564744506272e-07,-4.727487063504141884e-05,-1.286219564744506272e-07,-4.727487063504141884e-05,-1.286219564744506272e-07,-4.727487063504141884e-05,-1.286219563634283247e-07,-4.727487063504141884e-05,1.364504347046019417e-04,2.042940751527627385e-01,-4.491002676203361261e+03,6.436360895763987955e+00,-9.168811302536858943e-01,-1.973983034299520711e-01,-9.168743394714212736e-01,-1.973888784916115469e-01,-9.168798482636432157e-01,-1.973965241714208119e-01,-9.168811302518645734e-01,-1.973983034304618023e-01,-4.989881856752239401e+03,1.178128677460536267e+01,-4.989881856752237582e+03,1.178128677460532003e+01,-4.989881856752239401e+03,1.178128677460536267e+01,-4.989881856752240310e+03,1.178128677460536444e+01
3.452511429167511778e+02,-1.000000002963422840e+00,2.104264553836471263e-09,-6.180901102048608209e-08,-4.383847309268312092e-05,6.098916790109494557e-09,-1.773720688207081064e-08,6.098827368475334687e-09,-1.773714634369094600e-08,6.098895334399022372e-09,-1.773719235636378455e-08,6.098916790055284448e-09,-1.773720688293817238e-08,-1.364788283497730959e-07,-4.865557842705266201e-05,-1.364788284052842471e-07,-4.865557842705092728e-05,-1.364788283497730959e-07,-4.865557842705266201e-05,-1.364788282387507934e-07,-4.865557842705266201e-05,1.302747735276738733e-04,2.102610379876699020e-01,-4.491002829192521858e+03,6.624354764447540234e+00,-9.185007344278693919e-01,-2.607338284498083580e-01,-9.184945318114959845e-01,-2.607246661237898611e-01,-9.184992461483109105e-01,-2.607316300369177942e-01,-9.185007344260478490e-01,-2.607338284502720982e-01,-4.989875147608754560e+03,1.212523645962607688e+01,-4.989875147608753650e+03,1.212523645962604846e+01,-4.989875147608754560e+03,1.212523645962607688e+01,-4.989875147608756379e+03,1.212523645962606267e+01
3.553352181602233486e+02,-1.000000003139203786e+00,2.165630579595637095e-09,-6.568193389178134112e-08,-4.511890631781552592e-05,7.022626733550665218e-09,-1.827759025987280017e-08,7.022537261988995305e-09,-1.827753353354777399e-08,7.022613168229923514e-09,-1.827758165911380628e-08,7.022626733550665218e-09,-1.827759025987280017e-08,-1.448011026083939612e-07,-5.007660539011957179e-05,-1.448011026083939612e-07,-5.007660539011957179e-05,-1.448011026639051124e-07,-5.007660539012130652e-05,-1.448011026639051124e-07,-5.007660539011957179e-05,1.237322024433690215e-04,2.164022794897720869e-01,-4.491002991250377818e+03,6.817839639552179420e+00,-9.202160994542376571e-01,-3.242798155908874214e-01,-9.202104520574292401e-01,-3.242709082848921343e-01,-9.202152431888612760e-01,-3.242784650720529904e-01,-9.202160994542359918e-01,-3.242798155912128277e-01,-4.989868041278155033e+03,1.247921802621141829e+01,-4.989868041278155033e+03,1.247921802621141829e+01,-4.989868041278155943e+03,1.247921802621137566e+01,-4.989868041278155943e+03,1.247921802621137566e+01
3.657138284851927779e+02,-1.000000003325403286e+00,2.228780379221265151e-09,-6.978440192373369655e-08,-4.643673851167560117e-05,8.001033451933165647e-09,-1.883579005615421131e-08,8.000943927137169065e-09,-1.883573709157704279e-08,8.001014739525240393e-09,-1.883577898514898763e-08,8.001033452041585864e-09,-1.883579005528684958e-08,-1.536163303228477162e-07,-5.153912840192946543e-05,-1.536163303228477162e-07,-5.153912840192946543e-05,-1.536163303228477162e-07,-5.153912840192946543e-05,-1.536163303228477162e-07,-5.153912840192946543e-05,1.168008682990995251e-04,2.227228896097280808e-01,-4.491003162914566019e+03,7.016975909638922815e+00,-9.220345811137907743e-01,-3.880911176661296924e-01,-9.220294578840847466e-01,-3.880824579678915365e-01,-9.220335102286888462e-01,-3.880893076008264386e-01,-9.220345811128812796e-01,-3.880911176661744899e-01,-4.989860514272993896e+03,1.284352320528737934e+01,-4.989860514272991168e+03,1.284352320528735092e+01,-4.989860514272993896e+03,1.284352320528736513e+01,-4.989860514272993896e+03,1.284352320528737934e+01
3.763955766551392799e+02,-1.000000003522637959e+00,2.293765272555828294e-09,-7.413002123257683706e-08,-4.779306203467445675e-05,9.037344693289036529e-09,-1.941249274522993673e-08,9.037255112114526978e-09,-1.941244349556309201e-08,9.037333288512174045e-09,-1.941248647420457107e-08,9.037344693343246638e-09,-1.941249274522993673e-08,-1.629536919289797936e-07,-5.304435864575927917e-05,-1.629536919289797936e-07,-5.304435864575754445e-05,-1.629536919289797936e-07,-5.304435864575580972e-05,-1.629536919289797936e-07,-5.304435864575580972e-05,1.094576180763664336e-04,2.292281069510653801e-01,-4.491003344754601130e+03,7.221928649042452797e+00,-9.239606441668579695e-01,-4.522176911409130917e-01,-9.239560157352069147e-01,-4.522092718765496899e-01,-9.239600548928604828e-01,-4.522166192455220890e-01,-9.239606441677711279e-01,-4.522176911402973065e-01,-4.989852541724608272e+03,1.321845213691121579e+01,-4.989852541724606453e+03,1.321845213691121579e+01,-4.989852541724607363e+03,1.321845213691123000e+01,-4.989852541724609182e+03,1.321845213691121579e+01
3.873893167025566981e+02,-1.000000003731562614e+00,2.360638013407592717e-09,-7.873320195805888488e-08,-4.918900115403980131e-05,1.013500992077262866e-08,-2.000845190051891986e-08,1.013492027942489854e-08,-2.000840632933320595e-08,1.013499273454189151e-08,-2.000844316445149484e-08,1.013500992066420844e-08,-2.000845190138628160e-08,-1.728440929826824402e-07,-5.459354260622939492e-05,-1.728440929826824402e-07,-5.459354260622939492e-05,-1.728440929826824402e-07,-5.459354260622939492e-05,-1.728440930381935914e-07,-5.459354260622939492e-05,1.016779041955011287e-04,2.359233231441675016e-01,-4.491003537373767358e+03,7.432867755790414144e+00,-9.260020389916781003e-01,-5.167146546324934420e-01,-9.259978776800924516e-01,-5.167064687980081894e-01,-9.260012411560148982e-01,-5.167130852166148536e-01,-9.260020389944211283e-01,-5.167146546300409593e-01,-4.989844097293838786e+03,1.360431360136687040e+01,-4.989844097293838786e+03,1.360431360136687040e+01,-4.989844097293838786e+03,1.360431360136689882e+01,-4.989844097293837876e+03,1.360431360136688284e+01
3.987041612680033609e+02,-1.000000003952870475e+00,2.429452816655672254e-09,-8.360921133210297285e-08,-5.062571297586378367e-05,1.129764218141997636e-08,-2.062443844267486392e-08,1.129755247632115850e-08,-2.062439650833691740e-08,1.129761886288754152e-08,-2.062442753907045567e-08,1.129764218141997636e-08,-2.062443843920541697e-08,-1.833202654677457133e-07,-5.618796309376714038e-05,-1.833202654677457133e-07,-5.618796309376714038e-05,-1.833202654677457133e-07,-5.618796309376714038e-05,-1.833202653567234108e-07,-5.618796309376714038e-05,9.343572046525971952e-05,2.428140872045550236e-01,-4.491003741411128431e+03,7.649968089415938088e+00,-9.281647773089690689e-01,-5.816337235042755571e-01,-9.281610569638144570e-01,-5.816257643066837790e-01,-9.281638101816518382e-01,-5.816316545158297657e-01,-9.281647773080621278e-01,-5.816337235039691356e-01,-4.989835153092024484e+03,1.400142526123588382e+01,-4.989835153092024484e+03,1.400142526123588382e+01,-4.989835153092024484e+03,1.400142526123588382e+01,-4.989835153092026303e+03,1.400142526123586961e+01
4.103494891535115130e+02,-1.000000004187294289e+00,2.500265396197104417e-09,-8.877421830977283435e-08,-5.210438840437081436e-05,1.252906818918764209e-08,-2.126126755902513210e-08,1.252897841648881877e-08,-2.126122922684048344e-08,1.252905115886517734e-08,-2.126126028619695907e-08,1.252906818918764209e-08,-2.126126755729040863e-08,-1.944168760981135335e-07,-5.782894029822925608e-05,-1.944168760981135335e-07,-5.782894029822752135e-05,-1.944168760981135335e-07,-5.782894029822925608e-05,-1.944168760981135335e-07,-5.782894029822925608e-05,8.470349641967293841e-05,2.499061102131610590e-01,-4.491003957543624892e+03,7.873409618431002954e+00,-9.304555291029344977e-01,-6.470270482142507218e-01,-9.304522250149552809e-01,-6.470193090560012461e-01,-9.304549022770227662e-01,-6.470255800412920699e-01,-9.304555291011135099e-01,-6.470270482144739876e-01,-4.989825679587037484e+03,1.441011390926693281e+01,-4.989825679587036575e+03,1.441011390926693281e+01,-4.989825679587037484e+03,1.441011390926693281e+01,-4.989825679587038394e+03,1.441011390926697722e+01
4.223349530966161183e+02,-1.000000004435612544e+00,2.573133000942362525e-09,-9.424535241109310846e-08,-5.362625312923022768e-05,1.383336644615162231e-08,-2.191981157608630104e-08,1.383327660162440506e-08,-2.191977681569728942e-08,1.383335532820044456e-08,-2.191980727310471888e-08,1.383336644615162231e-08,-2.191981157521893930e-08,-2.061706401157437085e-07,-5.951783287268773426e-05,-2.061706401157437085e-07,-5.951783287268773426e-05,-2.061706401157437085e-07,-5.951783287268946898e-05,-2.061706400047214061e-07,-5.951783287268773426e-05,7.545201075670124324e-05,2.572052700496065825e-01,-4.491004186488363302e+03,8.103377569700111138e+00,-9.328824404164085538e-01,-7.129493898684797770e-01,-9.328795292790155180e-01,-7.129418643239170406e-01,-9.328820801591389822e-01,-7.129484585960893517e-01,-9.328824404173287066e-01,-7.129493898668415319e-01,-4.989815645504967506e+03,1.483071572093143686e+01,-4.989815645504967506e+03,1.483071572093143686e+01,-4.989815645504967506e+03,1.483071572093140844e+01,-4.989815645504968415e+03,1.483071572093143686e+01
4.346704877714469148e+02,-1.000000004698647915e+00,2.648114457316080861e-09,-1.000407580109552441e-07,-5.519256864170395127e-05,1.521485496066513760e-08,-2.260098917218622550e-08,1.521476503991850762e-08,-2.260095795410255182e-08,1.521483654175074043e-08,-2.260098277626076957e-08,1.521485496077355781e-08,-2.260098916958414028e-08,-2.186204411391834412e-07,-6.125603904818567591e-05,-2.186204411391834412e-07,-6.125603904818567591e-05,-2.186204411391834412e-07,-6.125603904818220646e-05,-2.186204410836722900e-07,-6.125603904818914536e-05,6.565028674372641593e-05,2.647176161766139901e-01,-4.491004429004980011e+03,8.340062579673237053e+00,-9.354538739413118531e-01,-7.794557698723142414e-01,-9.354513337659500216e-01,-7.794484516923151363e-01,-9.354533535956636170e-01,-7.794542708258302977e-01,-9.354538739403993608e-01,-7.794557698727083705e-01,-4.989805017730351210e+03,1.526357651242237701e+01,-4.989805017730351210e+03,1.526357651242237701e+01,-4.989805017730351210e+03,1.526357651242236280e+01,-4.989805017730353029e+03,1.526357651242236280e+01
4.473663180235162713e+02,-1.000000004977272816e+00,2.725270193543183339e-09,-1.061796552903615520e-07,-5.680463328049741197e-05,1.667806678575184734e-08,-2.330575706987331186e-08,1.667797678439478584e-08,-2.330572937154357094e-08,1.667805344578252719e-08,-2.330575296291548248e-08,1.667806678586026756e-08,-2.330575706727122665e-08,-2.318074596718844305e-07,-6.304499778032705837e-05,-2.318074597273955817e-07,-6.304499778032705837e-05,-2.318074596718844305e-07,-6.304499778032705837e-05,-2.318074596163732792e-07,-6.304499778032358892e-05,5.526549850628538485e-05,2.724493747433632818e-01,-4.491004685898156822e+03,8.583660855223881114e+00,-9.381775300861130429e-01,-8.465984759771708612e-01,-9.381753400766656981e-01,-8.465913590972117264e-01,-9.381772054632554481e-01,-8.465974210899396279e-01,-9.381775300861082689e-01,-8.465984759778282243e-01,-4.989793761201491179e+03,1.570905201047597011e+01,-4.989793761201490270e+03,1.570905201047599853e+01,-4.989793761201491179e+03,1.570905201047599853e+01,-4.989793761201492089e+03,1.570905201047595590e+01
4.604329673450277483e+02,-1.000000005272411618e+00,2.804662289522183438e-09,-1.126824014097138615e-07,-5.846378330816412623e-05,1.822785452903954301e-08,-2.403514546243934458e-08,1.822776444192208967e-08,-2.403512125697532253e-08,1.822783297949137279e-08,-2.403513967279974350e-08,1.822785452909375312e-08,-2.403514546330670631e-08,-2.457753089379899336e-07,-6.488618992832491383e-05,-2.457753089379899336e-07,-6.488618992832664856e-05,-2.457753089379899336e-07,-6.488618992832317911e-05,-2.457753089379899336e-07,-6.488618992832144439e-05,4.426284555542059351e-05,2.804069537202698026e-01,-4.491004958020287631e+03,8.834374335803104827e+00,-9.410630640898216548e-01,-9.144344328987923376e-01,-9.410612046500995698e-01,-9.144275114045234965e-01,-9.410626192701858628e-01,-9.144327772022229350e-01,-9.410630640880047748e-01,-9.144344328984906900e-01,-4.989781838789437643e+03,1.616750812107057556e+01,-4.989781838789435824e+03,1.616750812107053292e+01,-4.989781838789438552e+03,1.616750812107061819e+01,-4.989781838789438552e+03,1.616750812107060398e+01
4.738812665977313827e+02,-1.000000005585042206e+00,2.886354508700728072e-09,-1.195705625622878188e-07,-6.017139401896885037e-05,1.986930345845546245e-08,-2.479022850540579803e-08,1.986921328037344683e-08,-2.479020777112345142e-08,1.986928604698172396e-08,-2.479022450253137722e-08,1.986930345829283212e-08,-2.479022850800788325e-08,-2.605701760471923478e-07,-6.678113946780896149e-05,-2.605701760471923478e-07,-6.678113946780722676e-05,-2.605701760471923478e-07,-6.678113946780722676e-05,-2.605701759361700454e-07,-6.678113946780722676e-05,3.260543752732145140e-05,2.885969481665067171e-01,-4.491005246274354249e+03,9.092410859842752657e+00,-9.441194071255764042e-01,-9.830170099100681291e-01,-9.441178597244995752e-01,-9.830102780645978422e-01,-9.441191083388826844e-01,-9.830157101305405654e-01,-9.441194071273959487e-01,-9.830170099099514447e-01,-4.989769211185680433e+03,1.663932120965589334e+01,-4.989769211185678614e+03,1.663932120965585071e+01,-4.989769211185680433e+03,1.663932120965589334e+01,-4.989769211185680433e+03,1.663932120965583650e+01
4.877223629905553821e+02,-1.000000005916202861e+00,2.970412330818503199e-09,-1.268669833631719257e-07,-6.192888087912500755e-05,2.160783787069934722e-08,-2.557215587374594978e-08,2.160774759623175847e-08,-2.557213859416540558e-08,2.160782408962237319e-08,-2.557215323523154282e-08,2.160783787064513711e-08,-2.557215587374594978e-08,-2.762409749279548521e-07,-6.873141473782463928e-05,-2.762409749279548521e-07,-6.873141473782463928e-05,-2.762409749279548521e-07,-6.873141473782463928e-05,-2.762409749834660033e-07,-6.873141473782810873e-05,2.025417372096376123e-05,2.970261457008955275e-01,-4.491005551616873163e+03,9.357984337468673530e+00,-9.473569378959131315e-01,-1.052403133139678815e+00,-9.473556850440190136e-01,-1.052396585358398751e+00,-9.473567466225691902e-01,-1.052402133558436814e+00,-9.473569378959094678e-01,-1.052403133139931724e+00,-4.989755836767605615e+03,1.712487838406327967e+01,-4.989755836767607434e+03,1.712487838406327967e+01,-4.989755836767605615e+03,1.712487838406327967e+01,-4.989755836767606525e+03,1.712487838406331875e+01
5.019677293194561685e+02,-1.000000006266990260e+00,3.056903001563693323e-09,-1.345958587917195359e-07,-6.373770070035376760e-05,2.344920017926035993e-08,-2.638214423658635788e-08,2.344910980276934676e-08,-2.638213039696246653e-08,2.344917660886776042e-08,-2.638214062662680437e-08,2.344920017920614982e-08,-2.638214423311691093e-08,-2.928395064771827094e-07,-7.073862972330723087e-05,-2.928395064771827094e-07,-7.073862972330896559e-05,-2.928395064771827094e-07,-7.073862972330723087e-05,-2.928395064771827094e-07,-7.073862972330723087e-05,7.167589706185556464e-06,3.057015322346960939e-01,-4.491005875061069673e+03,9.631314931221295339e+00,-9.507864555520317840e-01,-1.122650204444813227e+00,-9.507854807587128310e-01,-1.122643835295094039e+00,-9.507862012961595388e-01,-1.122648543349149985e+00,-9.507864555520224581e-01,-1.122650204445848177e+00,-4.989741671466864318e+03,1.762457779076182618e+01,-4.989741671466862499e+03,1.762457779076182618e+01,-4.989741671466863409e+03,1.762457779076178355e+01,-4.989741671466864318e+03,1.762457779076175513e+01
5.166291734771451729e+02,-1.000000006638567918e+00,3.145895554907546243e-09,-1.427828237865469418e-07,-6.559935284774511509e-05,2.539943076332708619e-08,-2.722147804043451025e-08,2.539934027863269619e-08,-2.722146762688948396e-08,2.539940969473099969e-08,-2.722147561182164388e-08,2.539943076338129629e-08,-2.722147803696506330e-08,-3.104206269255449513e-07,-7.280444537385334647e-05,-3.104206268700338001e-07,-7.280444537385334647e-05,-3.104206269255449513e-07,-7.280444537385334647e-05,-3.104206269810561025e-07,-7.280444537384987702e-05,-6.698254224042285432e-06,3.146302975039387273e-01,-4.491006217680311238e+03,9.912629231446761224e+00,-9.544189331481102156e-01,-1.193813499560784086e+00,-9.544182208170093329e-01,-1.193807303760223704e+00,-9.544187672592489013e-01,-1.193812056901724095e+00,-9.544189331481164329e-01,-1.193813499560106850e+00,-4.989726668630055428e+03,1.813882890525004754e+01,-4.989726668630054519e+03,1.813882890525001912e+01,-4.989726668630055428e+03,1.813882890525004754e+01,-4.989726668630055428e+03,1.813882890525004754e+01
5.317188482405754257e+02,-1.000000007032168625e+00,3.237460863194513427e-09,-1.514550274084314196e-07,-6.751538048290536137e-05,2.746496478725837798e-08,-2.809152841939943634e-08,2.746487418763855770e-08,-2.809152143019855163e-08,2.746494560967351062e-08,-2.809152694141503481e-08,2.746496478714995776e-08,-2.809152842113415982e-08,-3.290424286928050890e-07,-7.493057095951487223e-05,-3.290424286928050890e-07,-7.493057095951834168e-05,-3.290424286928050890e-07,-7.493057095951487223e-05,-3.290424285817827865e-07,-7.493057095951487223e-05,-2.138994798063162395e-05,3.238198413332705750e-01,-4.491006580611613572e+03,1.020216045329313559e+01,-9.582665019195232281e-01,-1.265951728199166126e+00,-9.582660373349236593e-01,-1.265945700609106606e+00,-9.582664035554747661e-01,-1.265950452309047014e+00,-9.582665019186031863e-01,-1.265951728200301218e+00,-4.989710778862027837e+03,1.866805284531344000e+01,-4.989710778862026928e+03,1.866805284531342579e+01,-4.989710778862027837e+03,1.866805284531344000e+01,-4.989710778862028747e+03,1.866805284531338316e+01
5.472492613443002938e+02,-1.000000007449097339e+00,3.331671664680985190e-09,-1.606412307619820012e-07,-6.948737184346012383e-05,2.965260142799835269e-08,-2.899374997381021224e-08,2.965251070683946888e-08,-2.899374639507568130e-08,2.965258349290917500e-08,-2.899374926430831056e-08,2.965260142799835269e-08,-2.899374997034076529e-08,-3.487664295698245098e-07,-7.711876546500663621e-05,-3.487664295143133586e-07,-7.711876546500490148e-05,-3.487664295698245098e-07,-7.711876546500663621e-05,-3.487664295143133586e-07,-7.711876546500143204e-05,-3.695689069557750450e-05,3.332777795196631976e-01,-4.491006965059467802e+03,1.050014862321028453e+01,-9.623418175427612686e-01,-1.339123366746995725e+00,-9.623415868168632148e-01,-1.339117502366948154e+00,-9.623417719091259537e-01,-1.339122207372791085e+00,-9.623418175445844769e-01,-1.339123366746539423e+00,-4.989693949870878896e+03,1.921268267520814277e+01,-4.989693949870879806e+03,1.921268267520814277e+01,-4.989693949870878896e+03,1.921268267520814277e+01,-4.989693949870880715e+03,1.921268267520814277e+01
5.632332858480544928e+02,-1.000000007890736509e+00,3.428602607553898896e-09,-1.703718991441505182e-07,-7.151696155993517504e-05,3.196953862272602920e-08,-2.992968980639054699e-08,3.196944777287234751e-08,-2.992968963985709330e-08,3.196952123982101795e-08,-2.992968977516552442e-08,3.196953862283444942e-08,-2.992968980985999394e-08,-3.696577735023964806e-07,-7.937083902299912896e-05,-3.696577734468853293e-07,-7.937083902299912896e-05,-3.696577735023964806e-07,-7.937083902299912896e-05,-3.696577734468853293e-07,-7.937083902300086369e-05,-5.345145335504744577e-05,3.430119503332586528e-01,-4.491007372299748567e+03,1.080684078378518542e+01,-9.666582793933387041e-01,-1.413387630184389732e+00,-9.666582694007409549e-01,-1.413381924153565894e+00,-9.666582774620784413e-01,-1.413386538402730430e+00,-9.666582793942479768e-01,-1.413387630184402610e+00,-4.989676126298759300e+03,1.977316372932565258e+01,-4.989676126298758390e+03,1.977316372932562416e+01,-4.989676126298759300e+03,1.977316372932565258e+01,-4.989676126298757481e+03,1.977316372932563837e+01
5.796841708071503945e+02,-1.000000008358550740e+00,3.528330277252633707e-09,-1.806793027414599351e-07,-7.360583201113492582e-05,3.442339619006296730e-08,-3.090099474391261314e-08,3.442330520305771080e-08,-3.090099798958023669e-08,3.442337862533725173e-08,-3.090099537014778797e-08,3.442339619006296730e-08,-3.090099474217788966e-08,-3.917854433099776656e-07,-8.168865438760823661e-05,-3.917854433099776656e-07,-8.168865438760823661e-05,-3.917854433099776656e-07,-8.168865438760823661e-05,-3.917854433654888169e-07,-8.168865438760650188e-05,-7.092915538063453151e-05,3.530304208065469518e-01,-4.491007803684071405e+03,1.112249119298160949e+01,-9.712300735242559435e-01,-1.488804510652026902e+00,-9.712302718893175424e-01,-1.488798958235941328e+00,-9.712301117989267096e-01,-1.488803438766824305e+00,-9.712300735260792628e-01,-1.488804510651656310e+00,-4.989657249544173283e+03,2.034995392987773855e+01,-4.989657249544172373e+03,2.034995392987771012e+01,-4.989657249544173283e+03,2.034995392987773855e+01,-4.989657249544174192e+03,2.034995392987775276e+01
5.966155522545351459e+02,-1.000000008854091238e+00,3.630933242005501826e-09,-1.915976256539053679e-07,-7.575571471914481145e-05,3.702224025980450917e-08,-3.190941909488043127e-08,3.702214912838352329e-08,-3.190942574754496164e-08,3.702222173252410486e-08,-3.190942044449529558e-08,3.702224025980450917e-08,-3.190941909314570779e-08,-4.152224861164732772e-07,-8.407412844911761607e-05,-4.152224861164732772e-07,-8.407412844911935079e-05,-4.152224861164732772e-07,-8.407412844911761607e-05,-4.152224861164732772e-07,-8.407412844911761607e-05,-8.944887967766296244e-05,3.633414935518419209e-01,-4.491008260644216534e+03,1.144736153917456001e+01,-9.760722181464662750e-01,-1.565434815694998427e+00,-9.760726131686588980e-01,-1.565429412291865718e+00,-9.760722984356554610e-01,-1.565433717148004611e+00,-9.760722181455603330e-01,-1.565434815694486170e+00,-4.989637257574267096e+03,2.094352412189455848e+01,-4.989637257574265277e+03,2.094352412189459045e+01,-4.989637257574267096e+03,2.094352412189455848e+01,-4.989637257574267096e+03,2.094352412189458690e+01
6.140414645036108823e+02,-1.000000009379001575e+00,3.736492073646430212e-09,-2.031630780274795711e-07,-7.796839178510856991e-05,3.977460908517142096e-08,-3.295683309416375106e-08,3.977451780022740746e-08,-3.295684315902935868e-08,3.977458876375326163e-08,-3.295683533195703507e-08,3.977460908517142096e-08,-3.295683309416375106e-08,-4.400462494946744130e-07,-8.652923379098842460e-05,-4.400462494946744130e-07,-8.652923379099015933e-05,-4.400462494946744130e-07,-8.652923379098842460e-05,-4.400462494946744130e-07,-8.652923379098842460e-05,-1.090730361878681359e-04,3.739537136058015410e-01,-4.491008744696900067e+03,1.178172115752378879e+01,-9.812006116302534053e-01,-1.643340206193145692e+00,-9.812011922715143664e-01,-1.643334947322589779e+00,-9.812007408676342024e-01,-1.643339035466520048e+00,-9.812006116293487956e-01,-1.643340206192782649e+00,-4.989616084726440022e+03,2.155435840919435009e+01,-4.989616084726438203e+03,2.155435840919432167e+01,-4.989616084726440022e+03,2.155435840919435009e+01,-4.989616084726439112e+03,2.155435840919435009e+01
6.319763517811869633e+02,-1.000000009935022582e+00,3.845089393585132687e-09,-2.154140148480365724e-07,-8.024569736697195060e-05,4.268954030192933374e-08,-3.404523209182830357e-08,4.268944885446341458e-08,-3.404524558277277624e-08,4.268951730090550511e-08,-3.404523548147797563e-08,4.268954030171249331e-08,-3.404523208835885661e-08,-4.663386349856857294e-07,-8.905600029014346108e-05,-4.663386349856857294e-07,-8.905600029014346108e-05,-4.663386349856857294e-07,-8.905600029014519581e-05,-4.663386349856857294e-07,-8.905600029014172636e-05,-1.298678247049090545e-04,3.848758755051785996e-01,-4.491009257448820790e+03,1.212584725359221416e+01,-9.866320832450019562e-01,-1.722583233879597442e+00,-9.866328390778764668e-01,-1.722578115181561564e+00,-9.866322733285666224e-01,-1.722581946404990960e+00,-9.866320832450143907e-01,-1.722583233878268505e+00,-4.989593661498924121e+03,2.218295449758505811e+01,-4.989593661498924121e+03,2.218295449758505811e+01,-4.989593661498924121e+03,2.218295449758508653e+01,-4.989593661498924121e+03,2.218295449758508653e+01
6.504350802002068122e+02,-1.000000010523996563e+00,3.956809896225876866e-09,-2.283910662814747639e-07,-8.258951920043404796e-05,4.577658666308961205e-08,-3.517674886793775713e-08,4.577649504334396768e-08,-3.517676580230832961e-08,4.577657309635940752e-08,-3.517675137981735034e-08,4.577658666308961205e-08,-3.517674887140720408e-08,-4.941863634422283269e-07,-9.165651676174002560e-05,-4.941863634422283269e-07,-9.165651676174002560e-05,-4.941863634422283269e-07,-9.165651676174002560e-05,-4.941863634422283269e-07,-9.165651676173482143e-05,-1.519034329512721632e-04,3.961170306432906241e-01,-4.491009800601994357e+03,1.248002513566779470e+01,-9.923845780127854566e-01,-1.803226668290306645e+00,-9.923854991777059098e-01,-1.803221685522555351e+00,-9.923847143980430996e-01,-1.803225930472825089e+00,-9.923845780109622483e-01,-1.803226668290676349e+00,-4.989569914330541906e+03,2.282982404642673302e+01,-4.989569914330541906e+03,2.282982404642673302e+01,-4.989569914330541906e+03,2.282982404642673302e+01,-4.989569914330541906e+03,2.282982404642670460e+01
6.694329500821735337e+02,-1.000000011147878620e+00,4.071740381059868463e-09,-2.421372697902768323e-07,-8.500180016436870503e-05,4.904589863830976365e-08,-3.635365533258272386e-08,4.904580683652657452e-08,-3.635367570517522573e-08,4.904588047087606040e-08,-3.635365936061063508e-08,4.904589863830976365e-08,-3.635365533084800038e-08,-5.236812551934200144e-07,-9.433293264928671595e-05,-5.236812551934200144e-07,-9.433293264928324651e-05,-5.236812551934200144e-07,-9.433293264928671595e-05,-5.236812550823977119e-07,-9.433293264928324651e-05,-1.752542766999907325e-04,4.076864945266541196e-01,-4.491010375959433077e+03,1.284454844480769964e+01,-9.984767104466144572e-01,-1.885336392502612979e+00,-9.984777876610320124e-01,-1.885331541534846833e+00,-9.984769236035679896e-01,-1.885335432497843744e+00,-9.984767104475277266e-01,-1.885336392502392933e+00,-4.989544765363001716e+03,2.349549301682387181e+01,-4.989544765362999897e+03,2.349549301682387181e+01,-4.989544765363001716e+03,2.349549301682387181e+01,-4.989544765363002625e+03,2.349549301682390023e+01
6.889857086394881662e+02,-1.000000011808736655e+00,4.189969778686103430e-09,-2.566982143514806580e-07,-8.748453989200575404e-05,5.250817824390286576e-08,-3.757838713466798986e-08,5.250808624902326971e-08,-3.757841096803382630e-08,5.250815440587495997e-08,-3.757839330854884086e-08,5.250817824401128597e-08,-3.757838713293326638e-08,-5.549205301380588651e-07,-9.708745976160296220e-05,-5.549205301380588651e-07,-9.708745976159949276e-05,-5.549205301380588651e-07,-9.708745976160296220e-05,-5.549205301380588651e-07,-9.708745976159602331e-05,-1.999992880044737520e-04,4.195938547988768419e-01,-4.491010985431071276e+03,1.321971940767266851e+01,-1.004928543953670594e+00,-1.968977121467765823e+00,-1.004929768436564563e+00,-1.968972398280456781e+00,-1.004928861218487457e+00,-1.968975897570113931e+00,-1.004928543950928344e+00,-1.968977121468938885e+00,-4.989518132200564651e+03,2.418050204186593533e+01,-4.989518132200562832e+03,2.418050204186587848e+01,-4.989518132200564651e+03,2.418050204186593533e+01,-4.989518132200565560e+03,2.418050204186590335e+01
7.091095630282131879e+02,-1.000000012508762248e+00,4.311589179000624439e-09,-2.721221916690552689e-07,-9.003979642924252527e-05,5.617475192540126450e-08,-3.885355217940478223e-08,5.617465972560745785e-08,-3.885357950303425234e-08,5.617473441564459907e-08,-3.885355736622797540e-08,5.617475192529284428e-08,-3.885355217940478223e-08,-5.880071197728042875e-07,-9.992237405733253586e-05,-5.880071197728042875e-07,-9.992237405733253586e-05,-5.880071197728042875e-07,-9.992237405733253586e-05,-5.880071197728042875e-07,-9.992237405732906641e-05,-2.262221537762849899e-04,4.318489789783337418e-01,-4.491011631040208158e+03,1.360584908174406138e+01,-1.011761392398505599e+00,-2.054214679679655209e+00,-1.011762755854090479e+00,-2.054210080355845403e+00,-1.011761651313127341e+00,-2.054213806209765902e+00,-1.011761392399417314e+00,-2.054214679679627231e+00,-4.989489927646695833e+03,2.488540678696693575e+01,-4.989489927646694923e+03,2.488540678696696418e+01,-4.989489927646695833e+03,2.488540678696693575e+01,-4.989489927646694923e+03,2.488540678696691089e+01
7.298211937820797175e+02,-1.000000013250276432e+00,4.436691857651053894e-09,-2.884603539365926395e-07,-9.266968794141095325e-05,6.005763262379414102e-08,-4.018193564513106164e-08,6.005754020770200097e-08,-4.018196646422833584e-08,6.005762028719972140e-08,-4.018193975642569971e-08,6.005763262379414102e-08,-4.018193564513106164e-08,-6.230500019244189502e-07,-1.028400174782340137e-04,-6.230500018689077990e-07,-1.028400174782340137e-04,-6.230500019244189502e-07,-1.028400174782340137e-04,-6.230500018133966478e-07,-1.028400174782374832e-04,-2.540116348096841531e-04,4.444620227244431843e-01,-4.491012314930157117e+03,1.400325761647826361e+01,-1.018997448870007982e+00,-2.141117306648961716e+00,-1.018998943464963558e+00,-2.141112827377101624e+00,-1.018997648367521380e+00,-2.141116708707155425e+00,-1.018997448870006206e+00,-2.141117306649190422e+00,-4.989460059427306078e+03,2.561077832537049304e+01,-4.989460059427305168e+03,2.561077832537052146e+01,-4.989460059427306078e+03,2.561077832537049304e+01,-4.989460059427306987e+03,2.561077832537052146e+01
7.511377686388752863e+02,-1.000000014035738571e+00,4.565373281240764358e-09,-3.057668874761887423e-07,-9.537639446999647899e-05,6.416953138830856079e-08,-4.156651972446467891e-08,6.416943874269082082e-08,-4.156655407545895020e-08,6.416950978980866249e-08,-4.156652773541769097e-08,6.416953138820014058e-08,-4.156651972793412586e-08,-6.601645503034880846e-07,-1.058427998326984254e-04,-6.601645503034880846e-07,-1.058427998326984254e-04,-6.601645503034880846e-07,-1.058427998326984254e-04,-6.601645503034880846e-07,-1.058427998326949560e-04,-2.834618567572472214e-04,4.574434381237250102e-01,-4.491013039371412560e+03,1.441227451572354212e+01,-1.026660130250544478e+00,-2.229754275709236122e+00,-1.026661748592175405e+00,-2.229749912782283960e+00,-1.026660507505362752e+00,-2.229753258567311214e+00,-1.026660130247813774e+00,-2.229754275709514566e+00,-4.989428429903206961e+03,2.635720351067780598e+01,-4.989428429903206961e+03,2.635720351067780598e+01,-4.989428429903206961e+03,2.635720351067780598e+01,-4.989428429903206961e+03,2.635720351067778111e+01
7.730769567706712451e+02,-1.000000014867752807e+00,4.697731144191752417e-09,-3.240991895969713710e-07,-9.816215974071430816e-05,6.852385745056890215e-08,-4.301051610873518616e-08,6.852376456198145532e-08,-4.301055400897368930e-08,6.852383844472165891e-08,-4.301052386121440030e-08,6.852385745078574258e-08,-4.301051610700046268e-08,-6.994729079834449692e-07,-1.089332007303649152e-04,-6.994729079279338180e-07,-1.089332007303649152e-04,-6.994729079834449692e-07,-1.089332007303649152e-04,-6.994729078724226667e-07,-1.089332007303614458e-04,-3.146726403302248232e-04,4.708039825972266113e-01,-4.491013806769179610e+03,1.483323891880100831e+01,-1.034774903620707454e+00,-2.320194114532533103e+00,-1.034776638727114895e+00,-2.320189864331979379e+00,-1.034775258615080684e+00,-2.320193244888206330e+00,-1.034774903618880915e+00,-2.320194114533308927e+00,-4.989394935767717470e+03,2.712528536516924760e+01,-4.989394935767716561e+03,2.712528536516927602e+01,-4.989394935767717470e+03,2.712528536516924760e+01,-4.989394935767717470e+03,2.712528536516921918e+01
7.956569434296861800e+02,-1.000000015749078264e+00,4.833865366142553466e-09,-3.435180599975495852e-07,-1.010292930244648113e-04,7.313483927902202086e-08,-4.451735574791115813e-08,7.313474613271971764e-08,-4.451739723382308611e-08,7.313482146048457672e-08,-4.451736368427106072e-08,7.313483927847991978e-08,-4.451735574964588160e-08,-7.411043793092986220e-07,-1.121137715687919867e-04,-7.411043793092986220e-07,-1.121137715687919867e-04,-7.411043793092986220e-07,-1.121137715687919867e-04,-7.411043793092986220e-07,-1.121137715687919867e-04,-3.477498469033855899e-04,4.845547275598432457e-01,-4.491014619671345827e+03,1.526649987515795459e+01,-1.043368031528205231e+00,-2.412508415604940115e+00,-1.043369876797229034e+00,-2.412504274611449340e+00,-1.043368384491458745e+00,-2.412507623451479954e+00,-1.043368031528196571e+00,-2.412508415605352674e+00,-4.989359467718152700e+03,2.791564345923444890e+01,-4.989359467718149972e+03,2.791564345923447732e+01,-4.989359467718152700e+03,2.791564345923444890e+01,-4.989359467718152700e+03,2.791564345923445245e+01
8.188964450219247055e+02,-1.000000016682637716e+00,4.973878104958667778e-09,-3.640879023825149829e-07,-1.039801710527323529e-04,7.801751607001018024e-08,-4.609072611592990310e-08,7.801742265146471150e-08,-4.609077122220972544e-08,7.801749793911409020e-08,-4.609073487454873330e-08,7.801751607011860046e-08,-4.609072611766462657e-08,-7.851958449545115570e-07,-1.153871375740404825e-04,-7.851958449545115570e-07,-1.153871375740404825e-04,-7.851958449545115570e-07,-1.153871375740404825e-04,-7.851958449545115570e-07,-1.153871375740335437e-04,-3.828057522865802031e-04,4.987070675986453594e-01,-4.491015480777003177e+03,1.571241663477261064e+01,-1.052467524958963008e+00,-2.506769329688673498e+00,-1.052469474160109941e+00,-2.506765294473209060e+00,-1.052467903235194679e+00,-2.506768546524583030e+00,-1.052467524959862510e+00,-2.506769329689348957e+00,-4.989321910120511347e+03,2.872891429962062659e+01,-4.989321910120512257e+03,2.872891429962062659e+01,-4.989321910120511347e+03,2.872891429962062659e+01,-4.989321910120509528e+03,2.872891429962056620e+01
8.428147246210862704e+02,-1.000000017671526908e+00,5.117873759334645722e-09,-3.858769374032178234e-07,-1.070172399890109184e-04,8.318779750932005917e-08,-4.773458762465099259e-08,8.318770380183471147e-08,-4.773463638252373187e-08,8.318777746285557079e-08,-4.773459805380853016e-08,8.318779750975374004e-08,-4.773458762291626911e-08,-8.318922004590945107e-07,-1.187559998954874907e-04,-8.318922004590945107e-07,-1.187559998954909601e-04,-8.318922004590945107e-07,-1.187559998954909601e-04,-8.318922005146056620e-07,-1.187559998954840212e-04,-4.199594344386423095e-04,5.132727302349737730e-01,-4.491016392945371990e+03,1.617135895621575870e+01,-1.062103017184381271e+00,-2.603050232393380625e+00,-1.062105064427923962e+00,-2.603046299614129921e+00,-1.062103455114165929e+00,-2.603049391061535545e+00,-1.062103017182553177e+00,-2.603050232394099162e+00,-4.989282140650449946e+03,2.956575173247585298e+01,-4.989282140650448127e+03,2.956575173247585298e+01,-4.989282140650449946e+03,2.956575173247579613e+01,-4.989282140650449037e+03,2.956575173247588140e+01
8.674316079356032105e+02,-1.000000018719024109e+00,5.265958973130896448e-09,-4.089574315857547049e-07,-1.101430174579088629e-04,8.866251284610042471e-08,-4.945319620301702468e-08,8.866241883254480372e-08,-4.945324865758549127e-08,8.866248916907654154e-08,-4.945320942160991162e-08,8.866251284588358428e-08,-4.945319620648647163e-08,-8.813468196366969210e-07,-1.222231377568210042e-04,-8.813468195811857697e-07,-1.222231377568210042e-04,-8.813468196366969210e-07,-1.222231377568210042e-04,-8.813468196366969210e-07,-1.222231377568210042e-04,-4.593371789022079182e-04,5.282637851519759176e-01,-4.491017359205300636e+03,1.664370740008410010e+01,-1.072305855217756676e+00,-2.701425750641561763e+00,-1.072307994942020892e+00,-2.701421917043052012e+00,-1.072306394053844647e+00,-2.701424785173585530e+00,-1.072305855216851622e+00,-2.701425750641298862e+00,-4.989240029916407366e+03,3.042682732258863965e+01,-4.989240029916406456e+03,3.042682732258855438e+01,-4.989240029916407366e+03,3.042682732258863965e+01,-4.989240029916408275e+03,3.042682732258866807e+01
8.927674997420434693e+02,-1.000000019828604092e+00,5.418242613689644438e-09,-4.334059323651828777e-07,-1.133600946336080911e-04,9.445944913408221844e-08,-5.125113589597718455e-08,9.445935479656698830e-08,-5.125119208193584797e-08,9.445943343787052693e-08,-5.125114524960616702e-08,9.445944913408221844e-08,-5.125113589944663151e-08,-9.337220436278492741e-07,-1.257914106637739171e-04,-9.337220435723381229e-07,-1.257914106637739171e-04,-9.337220436278492741e-07,-1.257914106637739171e-04,-9.337220436278492741e-07,-1.257914106637669782e-04,-5.010729227072057562e-04,5.436926545622214890e-01,-4.491018382765374554e+03,1.712985365621305789e+01,-1.083109513555609471e+00,-2.801971254515724929e+00,-1.083111740500713349e+00,-2.801967516920583101e+00,-1.083109884054245242e+00,-2.801970632640502945e+00,-1.083109513557442005e+00,-2.801971254514835863e+00,-4.989195441063623548e+03,3.131283076134053189e+01,-4.989195441063622638e+03,3.131283076134056031e+01,-4.989195441063623548e+03,3.131283076134053189e+01,-4.989195441063623548e+03,3.131283076134053189e+01
9.188434007984986920e+02,-1.000000021003945472e+00,5.574835767064439951e-09,-4.593035268785072844e-07,-1.166711383894557599e-04,1.005974593734811073e-07,-5.313331393960729621e-08,1.005973646937916716e-07,-5.313337390032424334e-08,1.005974362990567916e-07,-5.313332854944841088e-08,1.005974593736979478e-07,-5.313331393960729621e-08,-9.891896970981584047e-07,-1.294637606700545229e-04,-9.891896970981584047e-07,-1.294637606700579924e-04,-9.891896970981584047e-07,-1.294637606700545229e-04,-9.891896972091807072e-07,-1.294637606700510535e-04,-5.453087177663684670e-04,5.595721234886773532e-01,-4.491019467024511869e+03,1.763020086926092134e+01,-1.094548437952884035e+00,-2.904765023428136583e+00,-1.094550747156043169e+00,-2.904761378748074829e+00,-1.094549000698165520e+00,-2.904764135162582139e+00,-1.094548437950154662e+00,-2.904765023428241832e+00,-4.989148229351718328e+03,3.222447026636979928e+01,-4.989148229351716509e+03,3.222447026636977085e+01,-4.989148229351718328e+03,3.222447026636979928e+01,-4.989148229351718328e+03,3.222447026636979928e+01
9.456809252519777829e+02,-1.000000022248945797e+00,5.735851708963540796e-09,-4.867361088622956800e-07,-1.200788935104522837e-04,1.070964257036347705e-07,-5.510504525775561380e-08,1.070963306605207666e-07,-5.510510903833365504e-08,1.070964066943180804e-07,-5.510505800623843875e-08,1.070964257036347705e-07,-5.510504525255144337e-08,-1.047931635189680577e-06,-1.332432147029202762e-04,-1.047931635189680577e-06,-1.332432147029168068e-04,-1.047931635245191728e-06,-1.332432147029133374e-04,-1.047931635300702879e-06,-1.332432147029098679e-04,-5.921952230050001043e-04,5.759153500453174646e-01,-4.491020615583314793e+03,1.814516396519327657e+01,-1.106660360628091144e+00,-3.009884523277998269e+00,-1.106662747395706026e+00,-3.009880968493248155e+00,-1.106660837965458555e+00,-3.009883812293620231e+00,-1.106660360629002859e+00,-3.009884523277846391e+00,-4.989098241722773309e+03,3.316247296550186974e+01,-4.989098241722772400e+03,3.316247296550181289e+01,-4.989098241722774219e+03,3.316247296550184132e+01,-4.989098241722773309e+03,3.316247296550174894e+01
9.733023185542347164e+02,-1.000000023567733320e+00,5.901405880463783671e-09,-5.157946625367060278e-07,-1.235861849704770511e-04,1.139774137919827984e-07,-5.717202723742875747e-08,1.139773183644107041e-07,-5.717209489858321447e-08,1.139773967056070814e-07,-5.717203935620696065e-08,1.139774137919827984e-07,-5.717202724089820443e-08,-1.110140318449914787e-06,-1.371328869486550250e-04,-1.110140318449914787e-06,-1.371328869486550250e-04,-1.110140318449914787e-06,-1.371328869486550250e-04,-1.110140318449914787e-06,-1.371328869486480861e-04,-6.418922311237501566e-04,5.927358766950590052e-01,-4.491021832255995832e+03,1.867517000693414175e+01,-1.119484180282660502e+00,-3.117410139357542853e+00,-1.119486640173779080e+00,-3.117406671529804552e+00,-1.119484620690125665e+00,-3.117409518444057781e+00,-1.119484180281744568e+00,-3.117410139357944310e+00,-4.989045316330782953e+03,3.412758530935715129e+01,-4.989045316330781134e+03,3.412758530935720813e+01,-4.989045316330782953e+03,3.412758530935715129e+01,-4.989045316330782953e+03,3.412758530935715129e+01
1.001730475900880833e+03,-1.000000024964681433e+00,6.071615830764709454e-09,-5.465755664735283403e-07,-1.271959202762203318e-04,1.212626823429534262e-07,-5.934040643237881163e-08,1.212625865077213150e-07,-5.934047802441666519e-08,1.212626648823111192e-07,-5.934041947749935098e-08,1.212626823427365857e-07,-5.934040643237881163e-08,-1.176019419957263779e-06,-1.411359813002638353e-04,-1.176019420012774930e-06,-1.411359813002638353e-04,-1.176019419957263779e-06,-1.411359813002638353e-04,-1.176019419957263779e-06,-1.411359813002568964e-04,-6.945692031001208383e-04,6.100476412891180367e-01,-4.491023121083032493e+03,1.922065854468776891e+01,-1.133061362102068648e+00,-3.227423073462637237e+00,-1.133063890927690665e+00,-3.227419689721673812e+00,-1.133061822793487439e+00,-3.227422456978215948e+00,-1.133061362102075531e+00,-3.227423073461870739e+00,-4.988989282059763354e+03,3.512057345845971668e+01,-4.988989282059765173e+03,3.512057345845971668e+01,-4.988989282059763354e+03,3.512057345845983036e+01,-4.988989282059762445e+03,3.512057345845977352e+01
1.030988961209065337e+03,-1.000000026444422208e+00,6.246601181626731947e-09,-5.791809125632596533e-07,-1.309110918796701530e-04,1.289757630951703093e-07,-6.161680745145337035e-08,1.289756668290762548e-07,-6.161688302641632475e-08,1.289757427969540765e-07,-6.161682338662322067e-08,1.289757630953871498e-07,-6.161680745145337035e-08,-1.245784467751587243e-06,-1.452557938675311244e-04,-1.245784467751587243e-06,-1.452557938675311244e-04,-1.245784467751587243e-06,-1.452557938675276550e-04,-1.245784467751587243e-06,-1.452557938675276550e-04,-7.504058691988856056e-04,6.278649886952317738e-01,-4.491024486344625075e+03,1.978208198427774889e+01,-1.147435744703849680e+00,-3.340005887183699063e+00,-1.147438338497724919e+00,-3.340002584733793967e+00,-1.147436291577743406e+00,-3.340005190837991744e+00,-1.147435744702945959e+00,-3.340005887183470357e+00,-4.988929958011407507e+03,3.614222367857551887e+01,-4.988929958011406598e+03,3.614222367857554730e+01,-4.988929958011407507e+03,3.614222367857566098e+01,-4.988929958011408416e+03,3.614222367857568941e+01
1.061102026649454956e+03,-1.000000028011862163e+00,6.426483551043304931e-09,-6.137188439669927220e-07,-1.347347796612904589e-04,1.371415169497316316e-07,-6.400838455447588338e-08,1.371414202271884625e-07,-6.400846416440564290e-08,1.371415049515167101e-07,-6.400839442852190864e-08,1.371415169495147912e-07,-6.400838455447588338e-08,-1.319663521015534968e-06,-1.494957155511282554e-04,-1.319663521071046119e-06,-1.494957155511282554e-04,-1.319663521015534968e-06,-1.494957155511282554e-04,-1.319663521015534968e-06,-1.494957155511213165e-04,-8.095928445546237556e-04,6.462026825644606731e-01,-4.491025932574879334e+03,2.035990596054941904e+01,-1.162654049050572569e+00,-3.455242049346400890e+00,-1.162656704054822576e+00,-3.455238825456634189e+00,-1.162654378363825014e+00,-3.455241649436485485e+00,-1.162654049046913718e+00,-3.455242049347491129e+00,-4.988867152969369272e+03,3.719334272391562735e+01,-4.988867152969367453e+03,3.719334272391562735e+01,-4.988867152969369272e+03,3.719334272391562735e+01,-4.988867152969369272e+03,3.719334272391552076e+01
1.092094632748702452e+03,-1.000000029672198920e+00,6.611386486020387476e-09,-6.503039159388990242e-07,-1.386701534858850518e-04,1.457862624282182246e-07,-6.652282038416279519e-08,1.457861652232050886e-07,-6.652290410191774583e-08,1.457862421712016743e-07,-6.652283782507262266e-08,1.457862624284350650e-07,-6.652282038069334824e-08,-1.397897883892440518e-06,-1.538592346813950906e-04,-1.397897883892440518e-06,-1.538592346813916212e-04,-1.397897883892440518e-06,-1.538592346813950906e-04,-1.397897883947951669e-06,-1.538592346813881517e-04,-8.723322833017830430e-04,6.650759177041024595e-01,-4.491027464576876810e+03,2.095460972937835820e+01,-1.178764510412682931e+00,-3.573217787319655780e+00,-1.178767223091415239e+00,-3.573214639327328523e+00,-1.178765075673830820e+00,-3.573217131291511972e+00,-1.178764510412687594e+00,-3.573217787319377337e+00,-4.988800664830868300e+03,3.827475822692735363e+01,-4.988800664830866481e+03,3.827475822692729679e+01,-4.988800664830868300e+03,3.827475822692735363e+01,-4.988800664830868300e+03,3.827475822692729679e+01
1.123992469079067405e+03,-1.000000031430938741e+00,6.801435355890950163e-09,-6.890574750784139724e-07,-1.427204758333239579e-04,1.549377562552831794e-07,-6.916845211174527108e-08,1.549376585385266181e-07,-6.916854000324490492e-08,1.549377386105433435e-07,-6.916846798099562932e-08,1.549377562552831794e-07,-6.916845211174527108e-08,-1.480742856441175093e-06,-1.583499397236343142e-04,-1.480742856441175093e-06,-1.583499397236343142e-04,-1.480742856441175093e-06,-1.583499397236343142e-04,-1.480742856496686244e-06,-1.583499397236273754e-04,-9.388385838100879455e-04,6.845003326719854009e-01,-4.491029087438584611e+03,2.156668656720802346e+01,-1.195819661626418728e+00,-3.694018857403700729e+00,-1.195822428623993572e+00,-3.694015782708397921e+00,-1.195820161213339672e+00,-3.694018302214662874e+00,-1.195819661629156760e+00,-3.694018857403318812e+00,-4.988730280023414707e+03,3.938731906732000709e+01,-4.988730280023414707e+03,3.938731906732000709e+01,-4.988730280023414707e+03,3.938731906732006394e+01,-4.988730280023413798e+03,3.938731906731994314e+01
1.156821975552337335e+03,-1.000000033293912738e+00,6.996757248231566528e-09,-7.301080593435926858e-07,-1.468891045063340159e-04,1.646253706645214865e-07,-7.195424274811235144e-08,1.646252724063143602e-07,-7.195433487927616056e-08,1.646253524991477674e-07,-7.195425977962743858e-08,1.646253706645214865e-07,-7.195424275158179839e-08,-1.568468530610545031e-06,-1.629715220497311712e-04,-1.568468530610545031e-06,-1.629715220497311712e-04,-1.568468530610545031e-06,-1.629715220497311712e-04,-1.568468530610545031e-06,-1.629715220497277017e-04,-1.009339102538442737e-03,7.044920225709536687e-01,-4.491030806549779300e+03,2.219664417758049879e+01,-1.213873827991579057e+00,-3.817733743546357861e+00,-1.213876646128104753e+00,-3.817730739609546564e+00,-1.213874348952277415e+00,-3.817733188189642579e+00,-1.213873827991574839e+00,-3.817733743546638081e+00,-4.988655772876541960e+03,4.053189573816838021e+01,-4.988655772876541050e+03,4.053189573816832336e+01,-4.988655772876541960e+03,4.053189573816838021e+01,-4.988655772876541960e+03,4.053189573816852231e+01
1.190610364335700979e+03,-1.000000035267298193e+00,7.197480852635940174e-09,-7.735918297058219650e-07,-1.511794954176222741e-04,1.748801228143928577e-07,-7.488988274656493971e-08,1.748800239830764630e-07,-7.488997919372075707e-08,1.748801007523965306e-07,-7.488990427795272353e-08,1.748801228139591768e-07,-7.488988275697328056e-08,-1.661360622295937617e-06,-1.677277787782774365e-04,-1.661360622295937617e-06,-1.677277787782809060e-04,-1.661360622295937617e-06,-1.677277787782774365e-04,-1.661360622184915314e-06,-1.677277787782774365e-04,-1.084074964945058728e-03,7.250675526682291983e-01,-4.491032627619912091e+03,2.284500512271784700e+01,-1.232984807720558074e+00,-3.944451818113637653e+00,-1.232987673988309663e+00,-3.944448882457249894e+00,-1.232985447498823550e+00,-3.944451162787776966e+00,-1.232984807717831366e+00,-3.944451818113513308e+00,-4.988576904976594051e+03,4.170938070609942372e+01,-4.988576904976593141e+03,4.170938070609939530e+01,-4.988576904976594051e+03,4.170938070609942372e+01,-4.988576904976594051e+03,4.170938070609933845e+01
1.225385642407739169e+03,-1.000000037357639204e+00,7.403736305457153666e-09,-8.196530176807215184e-07,-1.555952054586567240e-04,1.857347629995610011e-07,-7.798585342430608414e-08,1.857346635619587516e-07,-7.798595425337340181e-08,1.857347475739661719e-07,-7.798586906457294354e-08,1.857347630002115224e-07,-7.798585342430608414e-08,-1.759721354910315227e-06,-1.726226156834181902e-04,-1.759721354910315227e-06,-1.726226156834181902e-04,-1.759721354910315227e-06,-1.726226156834181902e-04,-1.759721354910315227e-06,-1.726226156834112513e-04,-1.163301858615477594e-03,7.462439717867883626e-01,-4.491034556697059088e+03,2.351230724983028963e+01,-1.253214074387256183e+00,-4.074263373537109878e+00,-1.253216985946210338e+00,-4.074260503739627559e+00,-1.253214525995720807e+00,-4.074262928364870362e+00,-1.253214074389082500e+00,-4.074263373537005961e+00,-4.988493424486448021e+03,4.292068874167354409e+01,-4.988493424486447111e+03,4.292068874167360093e+01,-4.988493424486448021e+03,4.292068874167354409e+01,-4.988493424486448021e+03,4.292068874167348724e+01
1.261176634773229125e+03,-1.000000039571867561e+00,7.615655015467959199e-09,-8.684444070539143468e-07,-1.601398954525585713e-04,1.972239096947794174e-07,-8.125345053733301626e-08,1.972238096144621200e-07,-8.125355582463966719e-08,1.972238971635707078e-07,-8.125346370735364587e-08,1.972239096954299387e-07,-8.125345051998578150e-08,-1.863870385088173265e-06,-1.776600501734275361e-04,-1.863870385088173265e-06,-1.776600501734275361e-04,-1.863870385088173265e-06,-1.776600501734275361e-04,-1.863870385088173265e-06,-1.776600501734205972e-04,-1.247290942413587997e-03,7.680388267198459129e-01,-4.491036600187973818e+03,2.419910414833173107e+01,-1.274625718009750441e+00,-4.207260841762554548e+00,-1.274628672158546694e+00,-4.207258035458609768e+00,-1.274626087879819902e+00,-4.207260490369841399e+00,-1.274625718008840725e+00,-4.207260841762511916e+00,-4.988405065429910792e+03,4.416675725760897109e+01,-4.988405065429910792e+03,4.416675725760897109e+01,-4.988405065429910792e+03,4.416675725760897109e+01,-4.988405065429909882e+03,4.416675725760891424e+01
1.298013008356006367e+03,-1.000000041917324278e+00,7.833369486918984048e-09,-9.201278383663691329e-07,-1.648173331935138403e-04,2.093841043097031951e-07,-8.470489588560670136e-08,2.093840035495911356e-07,-8.470500571094996545e-08,2.093840906288065018e-07,-8.470491079035080695e-08,2.093841043088358334e-07,-8.470489588213725440e-08,-1.974145779348734919e-06,-1.828442143400471620e-04,-1.974145779404246070e-06,-1.828442143400436926e-04,-1.974145779348734919e-06,-1.828442143400436926e-04,-1.974145779404246070e-06,-1.828442143400402231e-04,-1.336329753035860046e-03,7.904701766993937895e-01,-4.491038764879353948e+03,2.490596561003573228e+01,-1.297287846066217387e+00,-4.343537497029489103e+00,-1.297290840257699696e+00,-4.343534751907434099e+00,-1.297288252550728549e+00,-4.343537124321686704e+00,-1.297287846065309447e+00,-4.343537497029122285e+00,-4.988311546951060336e+03,4.544854661158166920e+01,-4.988311546951061246e+03,4.544854661158166920e+01,-4.988311546951060336e+03,4.544854661158172604e+01,-4.988311546951061246e+03,4.544854661158166209e+01
1.335925296589687150e+03,-1.000000044401787802e+00,8.057013074075358716e-09,-9.748747475946117902e-07,-1.696313965753358868e-04,2.222539264304726481e-07,-8.835340115434520136e-08,2.222538249508840269e-07,-8.835351562180848717e-08,2.222539072318542586e-07,-8.835342281063307546e-08,2.222539264304726481e-07,-8.835340116128409527e-08,-2.090905041163271250e-06,-1.881793580792157083e-04,-2.090905041163271250e-06,-1.881793580792157083e-04,-2.090905041163271250e-06,-1.881793580792226472e-04,-2.090905041218782401e-06,-1.881793580792157083e-04,-1.430723182111834357e-03,8.135566083104261992e-01,-4.491041057960291255e+03,2.563347810371267954e+01,-1.321272371800314982e+00,-4.483187842720689709e+00,-1.321275403615173261e+00,-4.483185156523018300e+00,-1.321272945322549353e+00,-4.483187334526022916e+00,-1.321272371803954071e+00,-4.483187842720863792e+00,-4.988212572535765503e+03,4.676704039304704708e+01,-4.988212572535765503e+03,4.676704039304704708e+01,-4.988212572535765503e+03,4.676704039304699023e+01,-4.988212572535766412e+03,4.676704039304699023e+01
1.374944924726636145e+03,-1.000000047033495321e+00,8.286719771315176342e-09,-1.032866736028204002e-06,-1.745860768117765693e-04,2.358740849020199426e-07,-9.221326826430731316e-08,2.358739826608877155e-07,-9.221338743981011277e-08,2.358740700276334978e-07,-9.221328559766428512e-08,2.358740849007189000e-07,-9.221326827124620706e-08,-2.214526191535171051e-06,-1.936698522839730430e-04,-2.214526191535171051e-06,-1.936698522839730430e-04,-2.214526191535171051e-06,-1.936698522839730430e-04,-2.214526191646193354e-06,-1.936698522839661041e-04,-1.530794553242724454e-03,8.373172509078303793e-01,-4.491043487046199516e+03,2.638224526573008788e+01,-1.346655649573082592e+00,-4.626307186414760686e+00,-1.346658716709139503e+00,-4.626304556931016165e+00,-1.346656095736080250e+00,-4.626306803870952500e+00,-1.346655649572157332e+00,-4.626307186414917894e+00,-4.988107829201846471e+03,4.812324568645502154e+01,-4.988107829201846471e+03,4.812324568645502154e+01,-4.988107829201846471e+03,4.812324568645490785e+01,-4.988107829201845561e+03,4.812324568645495759e+01
1.415104235886155720e+03,-1.000000049821174297e+00,8.522623897409820071e-09,-1.094296170567332638e-06,-1.796854817512835711e-04,2.502875714391339379e-07,-9.629993005799697414e-08,2.502874683930900179e-07,-9.630005404215324916e-08,2.502875559948908313e-07,-9.629994863688540185e-08,2.502875714387002570e-07,-9.629993006493586805e-08,-2.345408906034851526e-06,-1.993201921096435236e-04,-2.345408906034851526e-06,-1.993201921096435236e-04,-2.345408906034851526e-06,-1.993201921096435236e-04,-2.345408906034851526e-06,-1.993201921096435236e-04,-1.636886677093187664e-03,8.617717925228486342e-01,-4.491046060204001151e+03,2.715288840646042701e+01,-1.373517379930296212e+00,-4.772992719658168070e+00,-1.373520480217073070e+00,-4.772990144727095263e+00,-1.373517844522490261e+00,-4.772992333750027072e+00,-1.373517379933026472e+00,-4.772992719657779936e+00,-4.987996986649690371e+03,4.951819331391575929e+01,-4.987996986649690371e+03,4.951819331391575929e+01,-4.987996986649691280e+03,4.951819331391592982e+01,-4.987996986649690371e+03,4.951819331391592982e+01
1.456436517863490053e+03,-1.000000052774068005e+00,8.764859790212631285e-09,-1.159366825209673380e-06,-1.849338392890401486e-04,2.655397320383036386e-07,-1.006300964744022419e-07,2.655396281400768110e-07,-1.006302253574176131e-07,2.655397107181184380e-07,-1.006301229185269097e-07,2.655397320383036386e-07,-1.006300964813411358e-07,-2.483975708511554359e-06,-2.051350003130225641e-04,-2.483975708511554359e-06,-2.051350003130225641e-04,-2.483975708511554359e-06,-2.051350003130225641e-04,-2.483975708511554359e-06,-2.051350003130225641e-04,-1.749363065747034859e-03,8.869404961542312060e-01,-4.491048785978860906e+03,2.794604702952442565e+01,-1.401942116667778793e+00,-4.923342291054066955e+00,-1.401945248030156188e+00,-4.923339768563993246e+00,-1.401942759158528062e+00,-4.923341773430255586e+00,-1.401942116665032323e+00,-4.923342291054551012e+00,-4.987879696385780335e+03,5.095293803808020527e+01,-4.987879696385780335e+03,5.095293803808020527e+01,-4.987879696385780335e+03,5.095293803808020527e+01,-4.987879696385780335e+03,5.095293803808037580e+01
1.498976030721865527e+03,-1.000000055901967722e+00,9.013561459714214408e-09,-1.228294555621900486e-06,-1.903355008791652106e-04,2.816783856774730810e-07,-1.052218638990243260e-07,2.816782808771900459e-07,-1.052219977780433080e-07,2.816783676549972082e-07,-1.052218869188048522e-07,2.816783856770394001e-07,-1.052218639024937730e-07,-2.630673225645363544e-06,-2.111190306649038395e-04,-2.630673225589852393e-06,-2.111190306649038395e-04,-2.630673225645363544e-06,-2.111190306649038395e-04,-2.630673225700874696e-06,-2.111190306649107784e-04,-1.868609150666781377e-03,9.128442164840995243e-01,-4.491051673422544809e+03,2.876237936509317095e+01,-1.432019514876917476e+00,-5.077454362835083224e+00,-1.432022675356301900e+00,-5.077451890715285465e+00,-1.432020058331080481e+00,-5.077453937693917396e+00,-1.432019514876009758e+00,-5.077454362835199575e+00,-4.987755590807314547e+03,5.242855873279773249e+01,-4.987755590807313638e+03,5.242855873279773249e+01,-4.987755590807314547e+03,5.242855873279773249e+01,-4.987755590807316366e+03,5.242855873279790302e+01
1.542758035190436658e+03,-1.000000059215245152e+00,9.268862181249781784e-09,-1.301308016343760698e-06,-1.958949451499464312e-04,2.987539927373078497e-07,-1.100947740091673399e-07,2.987538869824932219e-07,-1.100949129848038943e-07,2.987539720190716952e-07,-1.100948012304481249e-07,2.987539927381752114e-07,-1.100947740091673399e-07,-2.785973506336247851e-06,-2.172771714364710172e-04,-2.785973506336247851e-06,-2.172771714364710172e-04,-2.785973506336247851e-06,-2.172771714364710172e-04,-2.785973506225225549e-06,-2.172771714364710172e-04,-1.995033603673273051e-03,9.395044174185669394e-01,-4.491054732123349822e+03,2.960256292891201824e+01,-1.463843220906882792e+00,-5.235428986558003928e+00,-1.463846408631088503e+00,-5.235426562785315596e+00,-1.463843845325998094e+00,-5.235428511722790113e+00,-1.463843220905982179e+00,-5.235428986557518982e+00,-4.987624282247379597e+03,5.394615853101400660e+01,-4.987624282247379597e+03,5.394615853101394976e+01,-4.987624282247379597e+03,5.394615853101400660e+01,-4.987624282247379597e+03,5.394615853101400660e+01
1.587818821891678226e+03,-1.000000062724887062e+00,9.530894052277305573e-09,-1.378649420624711297e-06,-2.016167816253650741e-04,3.168197240011223770e-07,-1.152700128334571694e-07,3.168196172353976436e-07,-1.152701570202030457e-07,3.168197092811263216e-07,-1.152700327099187572e-07,3.168197239998213344e-07,-1.152700128369266164e-07,-2.950375402044347339e-06,-2.236144489607752583e-04,-2.950375401988836188e-06,-2.236144489607891361e-04,-2.950375402044347339e-06,-2.236144489607752583e-04,-2.950375402044347339e-06,-2.236144489607683195e-04,-2.129069745320880461e-03,9.669431895388140852e-01,-4.491057972237939794e+03,3.046729508071383918e+01,-1.497512907265781790e+00,-5.397366270114734021e+00,-1.497516120460209654e+00,-5.397363892706628974e+00,-1.497513350187276160e+00,-5.397365942357189361e+00,-1.497512907261219661e+00,-5.397366270115062648e+00,-4.987485361994500636e+03,5.550686490190030753e+01,-4.987485361994498817e+03,5.550686490190025069e+01,-4.987485361994500636e+03,5.550686490190019384e+01,-4.987485361994501545e+03,5.550686490190025069e+01
1.634195741422449601e+03,-1.000000066442530589e+00,9.799787502318135779e-09,-1.460575343892323019e-06,-2.075057545558312011e-04,3.359316537521542245e-07,-1.207704671372933358e-07,3.359315459187071917e-07,-1.207706166322930486e-07,3.359316382281138380e-07,-1.207704886548033318e-07,3.359316537521542245e-07,-1.207704671338238889e-07,-3.124406018850667266e-06,-2.301360312680494902e-04,-3.124406018795156115e-06,-2.301360312680425513e-04,-3.124406018850667266e-06,-2.301360312680494902e-04,-3.124406018850667266e-06,-2.301360312680494902e-04,-2.271177022182727101e-03,9.951832685188825023e-01,-4.491061404525051330e+03,3.135729361265310899e+01,-1.533132715034239757e+00,-5.563367650013982590e+00,-1.533135952009208713e+00,-5.563365317028942769e+00,-1.533133180961705033e+00,-5.563367314160516663e+00,-1.533132715035154581e+00,-5.563367650013784527e+00,-4.987338399266344823e+03,5.711182970675959325e+01,-4.987338399266343004e+03,5.711182970675959325e+01,-4.987338399266344823e+03,5.711182970675959325e+01,-4.987338399266343913e+03,5.711182970675959325e+01
1.681927235313664141e+03,-1.000000070380502759e+00,1.007567071182463581e-08,-1.547357577069696788e-06,-2.135667468615761594e-04,3.561488522989438021e-07,-1.266209281661212493e-07,3.561487433348907439e-07,-1.266210830734582071e-07,3.561488285440742030e-07,-1.266209619273095388e-07,3.561488522980764404e-07,-1.266209281626518024e-07,-3.308622238074043764e-06,-2.368472317962125318e-04,-3.308622238074043764e-06,-2.368472317962125318e-04,-3.308622238074043764e-06,-2.368472317962125318e-04,-3.308622238129554916e-06,-2.368472317962264095e-04,-2.421842569793429892e-03,1.024248054142843145e+00,-4.491065040380939536e+03,3.227329735723406401e+01,-1.570812873201082871e+00,-5.733534708733376561e+00,-1.570816132341865901e+00,-5.733532418270860909e+00,-1.570813583577993500e+00,-5.733534209422377792e+00,-1.570812873198341730e+00,-5.733534708733622587e+00,-4.987182940158499150e+03,5.876222919532910538e+01,-4.987182940158499150e+03,5.876222919532910538e+01,-4.987182940158499150e+03,5.876222919532910538e+01,-4.987182940158500060e+03,5.876222919532916222e+01
1.731052867894228029e+03,-1.000000074551862239e+00,1.035866905012977623e-08,-1.639284026966336683e-06,-2.198047841918890355e-04,3.775335271779221846e-07,-1.328482522600094029e-07,3.775334170173436088e-07,-1.328484127045836960e-07,3.775335027794701759e-07,-1.328482877836767440e-07,3.775335271774885038e-07,-1.328482522530705090e-07,-3.503612307886871946e-06,-2.437535131759108187e-04,-3.503612307886871946e-06,-2.437535131759177576e-04,-3.503612307886871946e-06,-2.437535131759108187e-04,-3.503612307886871946e-06,-2.437535131759038798e-04,-2.581582922413647868e-03,1.054161629403058464e+00,-4.491068891877349415e+03,3.321606679989374555e+01,-1.610669984138014987e+00,-5.907969048767859555e+00,-1.610673263909667696e+00,-5.907966798961941102e+00,-1.610670710410804229e+00,-5.907968550497177063e+00,-1.610669984138015431e+00,-5.907969048767871989e+00,-4.987018506556232751e+03,6.045926393407406607e+01,-4.987018506556232751e+03,6.045926393407383870e+01,-4.987018506556232751e+03,6.045926393407406607e+01,-4.987018506556232751e+03,6.045926393407400923e+01
1.781613359085658431e+03,-1.000000078970439965e+00,1.064890432084242278e-08,-1.736659675288798610e-06,-2.262250391038287192e-04,4.001512002417897951e-07,-1.394814869021265835e-07,4.001510888191998905e-07,-1.394816530053688552e-07,4.001511825636565323e-07,-1.394815132456372897e-07,4.001512002422234759e-07,-1.394814868986571366e-07,-3.709997512979512635e-06,-2.508604910894038365e-04,-3.709997512979512635e-06,-2.508604910894038365e-04,-3.709997512924001484e-06,-2.508604910894038365e-04,-3.709997512924001484e-06,-2.508604910893899587e-04,-2.750945743662663867e-03,1.084948780819779302e+00,-4.491072971801325366e+03,3.418638472928902416e+01,-1.652826374011406418e+00,-6.086772773822199945e+00,-1.652829672946035888e+00,-6.086770562844876054e+00,-1.652826897319010557e+00,-6.086772423042875246e+00,-1.652826374013218080e+00,-6.086772773822140437e+00,-4.986844595010664307e+03,6.220415869630896566e+01,-4.986844595010664307e+03,6.220415869630896566e+01,-4.986844595010666126e+03,6.220415869630885197e+01,-4.986844595010666126e+03,6.220415869630891592e+01
1.833650618154564654e+03,-1.000000083650887106e+00,1.094649406188641372e-08,-1.839807591275111065e-06,-2.328328353637960230e-04,4.240708587560995668e-07,-1.465520496936323358e-07,4.240707459960378622e-07,-1.465522215630954417e-07,4.240708388458108713e-07,-1.465520800270070367e-07,4.240708587574006094e-07,-1.465520496866934419e-07,-3.928433916444706853e-06,-2.581739382043132802e-04,-3.928433916444706853e-06,-2.581739382043132802e-04,-3.928433916444706853e-06,-2.581739382043132802e-04,-3.928433916444706853e-06,-2.581739382043202191e-04,-2.930511764608228521e-03,1.116635018461229922e+00,-4.491077293697717323e+03,3.518505688145421573e+01,-1.697410363091863328e+00,-6.270048262667618388e+00,-1.697413679781455631e+00,-6.270046088728268074e+00,-1.697410948686331134e+00,-6.270047878777416095e+00,-1.697410363090956498e+00,-6.270048262667757832e+00,-4.986660675587794685e+03,6.399816225248612511e+01,-4.986660675587795595e+03,6.399816225248606827e+01,-4.986660675587794685e+03,6.399816225248612511e+01,-4.986660675587794685e+03,6.399816225248618906e+01
1.887207778450970636e+03,-1.000000088608724136e+00,1.125155065732214021e-08,-1.949070002171815474e-06,-2.396336523757137266e-04,4.493650616116048879e-07,-1.540939973954102982e-07,4.493649474381772313e-07,-1.540941751629332224e-07,4.493650459114900686e-07,-1.540940218341946277e-07,4.493650616142069731e-07,-1.540939973954102982e-07,-4.159614186816096293e-06,-2.656997881811465345e-04,-4.159614186816096293e-06,-2.656997881811465345e-04,-4.159614186816096293e-06,-2.656997881811465345e-04,-4.159614186871607444e-06,-2.656997881811465345e-04,-3.120896765160136380e-03,1.149246597543468029e+00,-4.491081871913943360e+03,3.621291263230086344e+01,-1.744557971664578488e+00,-6.457897010315533315e+00,-1.744561304764896015e+00,-6.457894871655292413e+00,-1.744558429988391390e+00,-6.457896716187547348e+00,-1.744557971668236451e+00,-6.457897010315146069e+00,-4.986466190693150565e+03,6.584254711147046635e+01,-4.986466190693148747e+03,6.584254711147063688e+01,-4.986466190693150565e+03,6.584254711147046635e+01,-4.986466190693149656e+03,6.584254711147046635e+01
1.942329233161271986e+03,-1.000000093860389239e+00,1.156418044656604138e-08,-2.064809434876302419e-06,-2.466331297396769096e-04,4.761101606923223706e-07,-1.621441424459746372e-07,4.761100450218283542e-07,-1.621443262364574700e-07,4.761101388200614237e-07,-1.621441772028942019e-07,4.761101606940570941e-07,-1.621441424598524250e-07,-4.404269499880264505e-06,-2.734441397534426166e-04,-4.404269499880264505e-06,-2.734441397534426166e-04,-4.404269499880264505e-06,-2.734441397534495555e-04,-4.404269499880264505e-06,-2.734441397534426166e-04,-3.322753727038874755e-03,1.182810539785039028e+00,-4.491086721647598097e+03,3.727080568581913411e+01,-1.794411334689250959e+00,-6.650420635203259323e+00,-1.794414682909785563e+00,-6.650418530099677206e+00,-1.794411967666247554e+00,-6.650420237167137927e+00,-1.794411334689234083e+00,-6.650420635203378339e+00,-4.986260553860846812e+03,6.773860916463182491e+01,-4.986260553860846812e+03,6.773860916463182491e+01,-4.986260553860846812e+03,6.773860916463148385e+01,-4.986260553860845903e+03,6.773860916463164017e+01
1.999060672105463027e+03,-1.000000099423297373e+00,1.188448264452524050e-08,-2.187409916754035066e-06,-2.538370719447798074e-04,5.043863966483139172e-07,-1.707423819760633954e-07,5.043862793983541759e-07,-1.707425719005284392e-07,5.043863738922113593e-07,-1.707424188285289191e-07,5.043863966491812789e-07,-1.707423819760633954e-07,-4.663171529806220406e-06,-2.814132608816230507e-04,-4.663171529861731557e-06,-2.814132608816161119e-04,-4.663171529806220406e-06,-2.814132608816230507e-04,-4.663171529917242708e-06,-2.814132608816161119e-04,-3.536775100752856393e-03,1.217354656178357919e+00,-4.491091858996659539e+03,3.835961480616655450e+01,-1.847120902681748555e+00,-6.847719380690060476e+00,-1.847124264787956882e+00,-6.847717307448951019e+00,-1.847121555087536393e+00,-6.847718978311952753e+00,-1.847120902683559551e+00,-6.847719380689870405e+00,-4.986043148531878614e+03,6.968766725195668243e+01,-4.986043148531876795e+03,6.968766725195668243e+01,-4.986043148531878614e+03,6.968766725195668243e+01,-4.986043148531877705e+03,6.968766725195668243e+01
2.057449119609134868e+03,-1.000000105315893784e+00,1.221254822443562649e-08,-2.317278253949339728e-06,-2.612514532004065609e-04,5.342781104981236817e-07,-1.799318696329987866e-07,5.342779915732884244e-07,-1.799320658510406012e-07,5.342780916807107761e-07,-1.799319006637323248e-07,5.342781104963889582e-07,-1.799318696329987866e-07,-4.937134520488495326e-06,-2.896135929779108942e-04,-4.937134520488495326e-06,-2.896135929779108942e-04,-4.937134520488495326e-06,-2.896135929779108942e-04,-4.937134520599517629e-06,-2.896135929779039553e-04,-3.763695239630801374e-03,1.252907569599526427e+00,-4.491097301012972821e+03,3.948024454819153561e+01,-1.902844330421770147e+00,-7.049892737729923198e+00,-1.902847705223172259e+00,-7.049890694689252335e+00,-1.902844864274753300e+00,-7.049892414484906666e+00,-1.902844330422679198e+00,-7.049892737729798853e+00,-4.985813326803791824e+03,7.169106261842595984e+01,-4.985813326803791824e+03,7.169106261842595984e+01,-4.985813326803791824e+03,7.169106261842573247e+01,-4.985813326803790915e+03,7.169106261842590300e+01
2.117542973481638455e+03,-1.000000111557717286e+00,1.254845866278941902e-08,-2.454845382415804522e-06,-2.688824224098430166e-04,5.658739096912543398e-07,-1.897592771735179262e-07,5.658737889996032222e-07,-1.897594798030977081e-07,5.658738819252703833e-07,-1.897593237681904910e-07,5.658739096903869781e-07,-1.897592771596401384e-07,-5.227017445930126627e-06,-2.980517552029354755e-04,-5.227017445874615476e-06,-2.980517552029424144e-04,-5.227017445930126627e-06,-2.980517552029354755e-04,-5.227017445930126627e-06,-2.980517552029493533e-04,-4.004292974576465977e-03,1.289498738919408805e+00,-4.491103065758567936e+03,4.063362603458803335e+01,-1.961746783212141576e+00,-7.257039096478034246e+00,-1.961750169558473145e+00,-7.257037082006754680e+00,-1.961747562097078124e+00,-7.257038633043884523e+00,-1.961746783208484501e+00,-7.257039096478488105e+00,-4.985570408170444352e+03,7.375015828773689464e+01,-4.985570408170442533e+03,7.375015828773689464e+01,-4.985570408170444352e+03,7.375015828773689464e+01,-4.985570408170443443e+03,7.375015828773689464e+01
2.179392045132716248e+03,-1.000000118169464658e+00,1.289228451599455649e-08,-2.600567803212605611e-06,-2.767363082908091965e-04,5.992667657965175532e-07,-2.002751948518288749e-07,5.992666432374366137e-07,-2.002754040525411838e-07,5.992667497529274856e-07,-2.002752222188264319e-07,5.992667657956501914e-07,-2.002751948518288749e-07,-5.533726257445081842e-06,-3.067345488334191628e-04,-5.533726257389570691e-06,-3.067345488334261017e-04,-5.533726257389570691e-06,-3.067345488334122239e-04,-5.533726257500592993e-06,-3.067345488334191628e-04,-4.259394367051748051e-03,1.327158483193928706e+00,-4.491109172365536324e+03,4.182071773875409804e+01,-2.024003185055739618e+00,-7.469254236964876448e+00,-2.024006581844907338e+00,-7.469252249458154580e+00,-2.024003629585518826e+00,-7.469253976813216234e+00,-2.024003185058030230e+00,-7.469254236964625093e+00,-4.985313678260762572e+03,7.586633829558300590e+01,-4.985313678260761662e+03,7.586633829558300590e+01,-4.985313678260761662e+03,7.586633829558300590e+01,-4.985313678260761662e+03,7.586633829558300590e+01
2.243047600860861166e+03,-1.000000125173059029e+00,1.324408388861386676e-08,-2.754929095072355949e-06,-2.848196246470410808e-04,6.345543012891211032e-07,-2.115342375152984289e-07,6.345541767576595715e-07,-2.115344534189822490e-07,6.345542822869601474e-07,-2.115342704403500029e-07,6.345543012899884650e-07,-2.115342375014206411e-07,-5.858216219012390980e-06,-3.156689616974003854e-04,-5.858216219012390980e-06,-3.156689616973934465e-04,-5.858216219012390980e-06,-3.156689616974003854e-04,-5.858216219123413282e-06,-3.156689616974003854e-04,-4.529875640820990070e-03,1.365918006463278100e+00,-4.491115641099580898e+03,4.304250628883718832e+01,-2.089795164031838404e+00,-7.686632952379228279e+00,-2.089798570187634930e+00,-7.686630990264409213e+00,-2.089795683629116940e+00,-7.686632653003107940e+00,-2.089795164031395203e+00,-7.686632952379255812e+00,-4.985042387557428810e+03,7.804100682169868719e+01,-4.985042387557426991e+03,7.804100682169857350e+01,-4.985042387557428810e+03,7.804100682169868719e+01,-4.985042387557428810e+03,7.804100682169868719e+01
2.308562404347622305e+03,-1.000000132591723156e+00,1.360390075415274236e-08,-2.918441528110271577e-06,-2.931390757956852527e-04,6.718388350351184313e-07,-2.235955775045650462e-07,6.718387084176519197e-07,-2.235958002638760433e-07,6.718388148082427014e-07,-2.235956130872129854e-07,6.718388350325163461e-07,-2.235955775115039401e-07,-6.201494334889812166e-06,-3.248621726808370580e-04,-6.201494334889812166e-06,-3.248621726808231802e-04,-6.201494334889812166e-06,-3.248621726808370580e-04,-6.201494334889812166e-06,-3.248621726808439969e-04,-4.816666303950948441e-03,1.405809424088686033e+00,-4.491122493426855726e+03,4.430000731998640617e+01,-2.159314753148640964e+00,-7.909266616650132420e+00,-2.159318167634223240e+00,-7.909264678379640756e+00,-2.159315298431558450e+00,-7.909266307047307265e+00,-2.159314753149081945e+00,-7.909266616650369564e+00,-4.984755750144082413e+03,8.027558718924080949e+01,-4.984755750144080594e+03,8.027558718924069581e+01,-4.984755750144082413e+03,8.027558718924080949e+01,-4.984755750144081503e+03,8.027558718924052528e+01
2.375990760393081473e+03,-1.000000140450056918e+00,1.397176305206748737e-08,-3.091647763575622321e-06,-3.017015621551294435e-04,7.112276158944760840e-07,-2.365231822273883289e-07,7.112274870756454814e-07,-2.365234119811043811e-07,7.112275952894306363e-07,-2.365232189757704440e-07,7.112276158953434457e-07,-2.365231822412661167e-07,-6.564621863269781699e-06,-3.343215562996298962e-04,-6.564621863269781699e-06,-3.343215562996437740e-04,-6.564621863269781699e-06,-3.343215562996229573e-04,-6.564621863269781699e-06,-3.343215562996229573e-04,-5.120752464751415420e-03,1.446865789122238732e+00,-4.491129752085229484e+03,4.559426633150246033e+01,-2.232762778635220435e+00,-8.137243864453212794e+00,-2.232766200443381699e+00,-8.137241948505709033e+00,-2.232763325797076703e+00,-8.137243558016654887e+00,-2.232762778635212442e+00,-8.137243864453235886e+00,-4.984452942448761860e+03,8.257152072569006407e+01,-4.984452942448760041e+03,8.257152072568989354e+01,-4.984452942448761860e+03,8.257152072569000723e+01,-4.984452942448761860e+03,8.257152072569004986e+01
2.445388559928753693e+03,-1.000000148774115249e+00,1.434768063558744533e-08,-3.275122660406637465e-06,-3.105141859981643687e-04,7.528329673224185004e-07,-2.503862221100994212e-07,7.528328361755889930e-07,-2.503864590247539823e-07,7.528329461726698812e-07,-2.503862603087103622e-07,7.528329673215511386e-07,-2.503862221239772090e-07,-6.948716922472453206e-06,-3.440546873396330141e-04,-6.948716922527964357e-06,-3.440546873396330141e-04,-6.948716922472453206e-06,-3.440546873396468919e-04,-6.948716922472453206e-06,-3.440546873396399530e-04,-5.443180409254156325e-03,1.489121119693341155e+00,-4.491137441159517948e+03,4.692635957755058485e+01,-2.310349658854455868e+00,-8.370649799645571321e+00,-2.310353087004052952e+00,-8.370647904525618799e+00,-2.310350211481170035e+00,-8.370649494077362363e+00,-2.310349658854465194e+00,-8.370649799645462963e+00,-4.984133102019601210e+03,8.493026547362717338e+01,-4.984133102019599391e+03,8.493026547362705969e+01,-4.984133102019600301e+03,8.493026547362683232e+01,-4.984133102019600301e+03,8.493026547362693179e+01
2.516813326345221867e+03,-1.000000157591499850e+00,1.473164299922724574e-08,-3.469475188810910993e-06,-3.195842573754346938e-04,7.967724448875238008e-07,-2.652594766894278422e-07,7.967723112843258515e-07,-2.652597208760432146e-07,7.967724218885599563e-07,-2.652595187044304303e-07,7.967724448892585243e-07,-2.652594766824889483e-07,-7.354957185123911501e-06,-3.540693455629240205e-04,-7.354957185123911501e-06,-3.540693455629170816e-04,-7.354957185123911501e-06,-3.540693455629240205e-04,-7.354957185179422652e-06,-3.540693455629101427e-04,-5.785060367779926160e-03,1.532610427059779346e+00,-4.491145586161446772e+03,4.829739498141955067e+01,-2.392295714475621615e+00,-8.609565448343561300e+00,-2.392299148009009002e+00,-8.609563572582217716e+00,-2.392296305394099765e+00,-8.609565125443770839e+00,-2.392295714477004953e+00,-8.609565448343280636e+00,-4.983795326334235142e+03,8.735329474263872385e+01,-4.983795326334234232e+03,8.735329474263861016e+01,-4.983795326334234232e+03,8.735329474263849647e+01,-4.983795326334234232e+03,8.735329474263836858e+01
2.590324263172904921e+03,-1.000000166931448220e+00,1.512361674955997604e-08,-3.675350455312198505e-06,-3.289193002144492201e-04,8.431689880765078082e-07,-2.812237685917429175e-07,8.431688518807656241e-07,-2.812240202584859183e-07,8.431689606088962896e-07,-2.812238193428129307e-07,8.431689880773751700e-07,-2.812237686125595992e-07,-7.784582661485295318e-06,-3.643735204790637949e-04,-7.784582661485295318e-06,-3.643735204790499171e-04,-7.784582661429784167e-06,-3.643735204790707338e-04,-7.784582661374273016e-06,-3.643735204790637949e-04,-6.147570558168137349e-03,1.577369745059091777e+00,-4.491154214113715170e+03,4.970851309484669400e+01,-2.478831469666666454e+00,-8.854067167261090887e+00,-2.478834907645927732e+00,-8.854065309412863627e+00,-2.478832162832791397e+00,-8.854066792587493850e+00,-2.478831469664839471e+00,-8.854067167260554427e+00,-4.983438671656486804e+03,8.984209551396938309e+01,-4.983438671656486804e+03,8.984209551396926940e+01,-4.983438671656488623e+03,8.984209551396926940e+01,-4.983438671656486804e+03,8.984209551396938309e+01
2.665982303155485170e+03,-1.000000176824928921e+00,1.552354286088464264e-08,-3.893431849255613031e-06,-3.385270585994307885e-04,8.921510644428060077e-07,-2.983664274189279375e-07,8.921509255053333698e-07,-2.983666866837597631e-07,8.921510284039257943e-07,-2.983664946359931847e-07,8.921510644445407312e-07,-2.983664274189279375e-07,-8.238898567436425679e-06,-3.749754161825810672e-04,-8.238898567436425679e-06,-3.749754161825880061e-04,-8.238898567436425679e-06,-3.749754161825810672e-04,-8.238898567436425679e-06,-3.749754161826088228e-04,-6.531961517622281166e-03,1.623436159278110358e+00,-4.491163353640053174e+03,5.116088805400902118e+01,-2.570197941115730966e+00,-9.104226005062358240e+00,-2.570201382620934005e+00,-9.104224163705815442e+00,-2.570198833520340731e+00,-9.104225527462688206e+00,-2.570197941114365836e+00,-9.104226005062185934e+00,-4.983062151956173693e+03,9.239816663407677311e+01,-4.983062151956171874e+03,9.239816663407677311e+01,-4.983062151956173693e+03,9.239816663407677311e+01,-4.983062151956175512e+03,9.239816663407677311e+01
2.743850158756668407e+03,-1.000000187304746380e+00,1.593133366548094010e-08,-4.124443319653003925e-06,-3.484155032375414046e-04,9.438527840219951281e-07,-3.167818220170537380e-07,9.438526421857995619e-07,-3.167820890673245238e-07,9.438527538326024757e-07,-3.167818788396559171e-07,9.438527840185256812e-07,-3.167818220239926319e-07,-8.719278279778475138e-06,-3.858834562554258607e-04,-8.719278279833986289e-06,-3.858834562554258607e-04,-8.719278279778475138e-06,-3.858834562554258607e-04,-8.719278279611941684e-06,-3.858834562554397385e-04,-6.939560675583186615e-03,1.670847838629842430e+00,-4.491173035059457106e+03,5.265572861013851735e+01,-2.666647402234267439e+00,-9.360106754243114224e+00,-2.666650846361609872e+00,-9.360104927980071210e+00,-2.666648135021656874e+00,-9.360106365575253662e+00,-2.666647402235181818e+00,-9.360106754242709215e+00,-4.982664737907628478e+03,9.502301687097721583e+01,-4.982664737907625749e+03,9.502301687097744320e+01,-4.982664737907628478e+03,9.502301687097721583e+01,-4.982664737907627568e+03,9.502301687097721583e+01
2.823992374142142125e+03,-1.000000198405649909e+00,1.634686942059149217e-08,-4.369151784033853403e-06,-3.585928381173164592e-04,9.984140818472542200e-07,-3.365717757067288041e-07,9.984139369596800595e-07,-3.365720506881553220e-07,9.984140506499872281e-07,-3.365718348954938044e-07,9.984140818437847731e-07,-3.365717757275454858e-07,-9.227166369363271059e-06,-3.971062887345583325e-04,-9.227166369363271059e-06,-3.971062887345583325e-04,-9.227166369363271059e-06,-3.971062887345583325e-04,-9.227166369363271059e-06,-3.971062887345444548e-04,-7.371777298577604845e-03,1.719644065977812053e+00,-4.491183290487194427e+03,5.419427913791862039e+01,-2.768442165111864028e+00,-9.621767996670241629e+00,-2.768445610970390103e+00,-9.621766184126785859e+00,-2.768442906735693487e+00,-9.621767606462722000e+00,-2.768442165110023723e+00,-9.621767996669923662e+00,-4.982245355977464897e+03,9.771816272951971882e+01,-4.982245355977465806e+03,9.771816272951960514e+01,-4.982245355977464897e+03,9.771816272951971882e+01,-4.982245355977464897e+03,9.771816272951984672e+01
2.906475378679820096e+03,-1.000000210164447623e+00,1.676999472621787390e-08,-4.628369685732991456e-06,-3.690675073648955890e-04,1.055980746423115790e-06,-3.578462764788903350e-07,1.055980598315894858e-06,-3.578465595649449327e-07,1.055980726345426279e-06,-3.578463148509736236e-07,1.055980746419646343e-06,-3.578462764927681228e-07,-9.764081716712169623e-06,-4.086527911478649022e-04,-9.764081716656658472e-06,-4.086527911478649022e-04,-9.764081716656658472e-06,-4.086527911478649022e-04,-9.764081716601147320e-06,-4.086527911478649022e-04,-7.830107711195476855e-03,1.769865272260991551e+00,-4.491194153940269643e+03,5.577782075062000899e+01,-2.875856772494812308e+00,-9.889260265326877075e+00,-2.875860219202343249e+00,-9.889258465151730348e+00,-2.875857239579992619e+00,-9.889260021303705628e+00,-2.875856772492489721e+00,-9.889260265327207478e+00,-4.981802887640121298e+03,1.004851261306249199e+02,-4.981802887640120389e+03,1.004851261306246926e+02,-4.981802887640122208e+03,1.004851261306246926e+02,-4.981802887640122208e+03,1.004851261306248205e+02
2.991367542002719347e+03,-1.000000222620128554e+00,1.720051442249959095e-08,-4.902957696617527006e-06,-3.798482023046473310e-04,1.116704592922859729e-06,-3.807239176353838239e-07,1.116704441422519678e-06,-3.807242089787221673e-07,1.116704573495691522e-06,-3.807239549805108147e-07,1.116704592926329176e-06,-3.807239176353838239e-07,-1.033162069585813470e-05,-4.205320756169028673e-04,-1.033162069585813470e-05,-4.205320756169028673e-04,-1.033162069585813470e-05,-4.205320756169028673e-04,-1.033162069596915700e-05,-4.205320756169167451e-04,-8.316140925639771073e-03,1.821553068366040584e+00,-4.491205661451005653e+03,5.740767235597036944e+01,-2.989176235457239539e+00,-1.016262623422804623e+01,-2.989179682144575967e+00,-1.016262444509264640e+01,-2.989176677270195093e+00,-1.016262600482014022e+01,-2.989176235457722264e+00,-1.016262623422780109e+01,-4.981336168717001783e+03,1.033254318016359008e+02,-4.981336168717001783e+03,1.033254318016359008e+02,-4.981336168717001783e+03,1.033254318016360145e+02,-4.981336168717001783e+03,1.033254318016360287e+02
3.078739230680110268e+03,-1.000000235813994109e+00,1.763818914708725760e-08,-5.193827587235411158e-06,-3.909438687299572612e-04,1.180743473190928872e-06,-4.053326448996696918e-07,1.180743318103180672e-06,-4.053329446668252345e-07,1.180743441239057168e-06,-4.053327066488865427e-07,1.180743473192663595e-06,-4.053326449135474796e-07,-1.093146043090742481e-05,-4.327534940322397272e-04,-1.093146043085191366e-05,-4.327534940322397272e-04,-1.093146043090742481e-05,-4.327534940322397272e-04,-1.093146043096293596e-05,-4.327534940322119716e-04,-8.831564607153211469e-03,1.874750280956821724e+00,-4.491217851185646396e+03,5.908519183253812201e+01,-3.108697673419289043e+00,-1.044189903749586534e+01,-3.108701119216724873e+00,-1.044189725809586022e+01,-3.108698383129774534e+00,-1.044189867089157708e+01,-3.108697673418366669e+00,-1.044189903749546033e+01,-4.980843988889470893e+03,1.062406045294679444e+02,-4.980843988889469983e+03,1.062406045294679444e+02,-4.980843988889470893e+03,1.062406045294678307e+02,-4.980843988889472712e+03,1.062406045294679444e+02
3.168662866543913424e+03,-1.000000249789791740e+00,1.808273042934460673e-08,-5.501945266495056330e-06,-4.023637143911011627e-04,1.248261321393911993e-06,-4.318104301001546297e-07,1.248261162526201340e-06,-4.318107384645997193e-07,1.248261283278567779e-06,-4.318105040548858575e-07,1.248261321390442546e-06,-4.318104301070935236e-07,-1.156536211122105584e-05,-4.453266433021713100e-04,-1.156536211127656699e-05,-4.453266433021574322e-04,-1.156536211122105584e-05,-4.453266433021574322e-04,-1.156536211133207814e-05,-4.453266433021574322e-04,-9.378171493452189950e-03,1.929500987497300590e+00,-4.491230763570963973e+03,6.081177718923292730e+01,-3.234730441011299806e+00,-1.072710131474865669e+01,-3.234733885055846248e+00,-1.072709954380058939e+01,-3.234731266997795895e+00,-1.072710088988800692e+01,-3.234730441011755442e+00,-1.072710131474844708e+01,-4.980325091395618074e+03,1.092321661445625836e+02,-4.980325091395615345e+03,1.092321661445626972e+02,-4.980325091395616255e+03,1.092321661445625836e+02,-4.980325091395618074e+03,1.092321661445625978e+02
3.261212986718691809e+03,-1.000000264593862154e+00,1.853379531444043771e-08,-5.828334001756196869e-06,-4.141172167067969090e-04,1.319428218803792019e-06,-4.603058919722124998e-07,1.319428055954890988e-06,-4.603062090935416961e-07,1.319428179042195226e-06,-4.603059693755739978e-07,1.319428218807261466e-06,-4.603058919652736058e-07,-1.223517436799159697e-05,-4.582613706806404341e-04,-1.223517436793608582e-05,-4.582613706806265563e-04,-1.223517436799159697e-05,-4.582613706806265563e-04,-1.223517436804710812e-05,-4.582613706806126785e-04,-9.957866215967045576e-03,1.985850553459975965e+00,-4.491244441427767015e+03,6.258886779471949779e+01,-3.367595226112648277e+00,-1.101824469732213352e+01,-3.367598667543552970e+00,-1.101824293356542839e+01,-3.367596066083073492e+00,-1.101824426669243806e+01,-3.367595226115849272e+00,-1.101824469732152600e+01,-4.979778172937753880e+03,1.123016323254517346e+02,-4.979778172937752970e+03,1.123016323254516209e+02,-4.979778172937753880e+03,1.123016323254516209e+02,-4.979778172937753880e+03,1.123016323254516209e+02
3.356466305404995182e+03,-1.000000280275292752e+00,1.899098046008462770e-08,-6.174077830989332938e-06,-4.262141307063496698e-04,1.394420363027421006e-06,-4.909790798091062669e-07,1.394420195980489163e-06,-4.909794058399752359e-07,1.394420323954509433e-06,-4.909791560328558013e-07,1.394420363032625176e-06,-4.909790797952284791e-07,-1.294283669139861814e-05,-4.715677791804345764e-04,-1.294283669134310699e-05,-4.715677791804345764e-04,-1.294283669139861814e-05,-4.715677791804345764e-04,-1.294283669134310699e-05,-4.715677791804206986e-04,-1.057267259720440916e-02,2.043845669790502750e+00,-4.491258930112739108e+03,6.441794562130158397e+01,-3.507624568298277623e+00,-1.131532847053426671e+01,-3.507628006242696994e+00,-1.131532671273324553e+01,-3.507625372211612635e+00,-1.131532805936029362e+01,-3.507624568296021206e+00,-1.131532847053454915e+01,-4.979201883846118108e+03,1.154505091446625613e+02,-4.979201883846116289e+03,1.154505091446627887e+02,-4.979201883846118108e+03,1.154505091446625613e+02,-4.979201883846119017e+03,1.154505091446625755e+02
3.454501777467267857e+03,-1.000000296886080164e+00,1.945381557580394549e-08,-6.540325181769723883e-06,-4.386644972098341366e-04,1.473420023309635063e-06,-5.240022548647083056e-07,1.473419851833954186e-06,-5.240025899855282887e-07,1.473419984686016870e-06,-5.240023302904850411e-07,1.473420023307900339e-06,-5.240022548508305178e-07,-1.369038289222856974e-05,-4.852562330794618628e-04,-1.369038289217305859e-05,-4.852562330794757406e-04,-1.369038289222856974e-05,-4.852562330794618628e-04,-1.369038289222856974e-05,-4.852562330794618628e-04,-1.122474149321470507e-02,2.103534391966013661e+00,-4.491274277668436298e+03,6.630053654227370430e+01,-3.655162825429300266e+00,-1.161833843280212442e+01,-3.655166259027609943e+00,-1.161833667974202378e+01,-3.655163598488035070e+00,-1.161833803797170184e+01,-3.655162825429739915e+00,-1.161833843280223100e+01,-4.978594828522148418e+03,1.186802894097834553e+02,-4.978594828522147509e+03,1.186802894097833416e+02,-4.978594828522148418e+03,1.186802894097834553e+02,-4.978594828522148418e+03,1.186802894097839243e+02
3.555400663879029707e+03,-1.000000314481302555e+00,1.992175630884107651e-08,-6.928292703101135430e-06,-4.514786512534937901e-04,1.556615456282939292e-06,-5.595607102185096160e-07,1.556615280146056435e-06,-5.595610546096918547e-07,1.556615414873355197e-06,-5.595607911190736417e-07,1.556615456281204568e-06,-5.595607101907540404e-07,-1.447994459324863925e-05,-4.993373635291120660e-04,-1.447994459330415040e-05,-4.993373635291259438e-04,-1.447994459324863925e-05,-4.993373635291120660e-04,-1.447994459335966155e-05,-4.993373635291259438e-04,-1.191635911341781817e-02,2.164966180483200553e+00,-4.491290534981862038e+03,6.823821167833196455e+01,-3.810566071554094769e+00,-1.192724569559756276e+01,-3.810569499930458459e+00,-1.192724394608857885e+01,-3.810566877192950397e+00,-1.192724528433159925e+01,-3.810566071553660450e+00,-1.192724569559778658e+01,-4.977955566200260364e+03,1.219924487937022946e+02,-4.977955566200255817e+03,1.219924487937024082e+02,-4.977955566200260364e+03,1.219924487937022946e+02,-4.977955566200259454e+03,1.219924487937019535e+02
3.659246599079574480e+03,-1.000000333119303919e+00,2.039417638585727666e-08,-7.339269327943931387e-06,-4.646672307684496933e-04,1.644200751566710084e-06,-5.978536787853983014e-07,1.644200570529233407e-06,-5.978540326204151434e-07,1.644200726416689129e-06,-5.978537279197060350e-07,1.644200751568444807e-06,-5.978536787853983014e-07,-1.531375473867724324e-05,-5.138220742774146643e-04,-1.531375473862173209e-05,-5.138220742774007865e-04,-1.531375473867724324e-05,-5.138220742774007865e-04,-1.531375473856622094e-05,-5.138220742774007865e-04,-1.264995596912687169e-02,2.228191941926526809e+00,-4.491307755952970183e+03,7.023258876886586677e+01,-3.974202405009053418e+00,-1.224200517656477771e+01,-3.974205827284361447e+00,-1.224200342944005904e+01,-3.974202880187181375e+00,-1.224200493388998723e+01,-3.974202405008167460e+00,-1.224200517656430698e+01,-4.977282612071190670e+03,1.253884417286524666e+02,-4.977282612071188851e+03,1.253884417286529214e+02,-4.977282612071189760e+03,1.253884417286524666e+02,-4.977282612071188851e+03,1.253884417286527935e+02
3.766125660298020648e+03,-1.000000352861884600e+00,2.087035892717192809e-08,-7.774620579548141563e-06,-4.782411855203914930e-04,1.736375756114169611e-06,-6.390950278226115167e-07,1.736375569910686423e-06,-6.390953912333019460e-07,1.736375711250751075e-06,-6.390951153498192205e-07,1.736375756112434887e-06,-6.390950278434281984e-07,-1.619415111603350610e-05,-5.287215475181794577e-04,-1.619415111614452840e-05,-5.287215475181655799e-04,-1.619415111603350610e-05,-5.287215475181655799e-04,-1.619415111614452840e-05,-5.287215475181794577e-04,-1.342811641253399343e-02,2.293264072033639689e+00,-4.491325997672357516e+03,7.228533360941054298e+01,-4.146449731084512536e+00,-1.256255528171693214e+01,-4.146453146371589682e+00,-1.256255353583660295e+01,-4.146450553513917114e+00,-1.256255486113546738e+01,-4.146449731083093226e+00,-1.256255528171736735e+01,-4.976574438789604756e+03,1.288696971380406353e+02,-4.976574438789602027e+03,1.288696971380402942e+02,-4.976574438789604756e+03,1.288696971380405216e+02,-4.976574438789604756e+03,1.288696971380406353e+02
3.876126438902173959e+03,-1.000000373774509121e+00,2.134948694741678477e-08,-8.235793135136226795e-06,-4.922117863188808784e-04,1.833345633989874601e-06,-6.835145940561893063e-07,1.833345442348033316e-06,-6.835149672090867767e-07,1.833345608388825543e-06,-6.835146438705086425e-07,1.833345633986405154e-06,-6.835145940631282002e-07,-1.712357987282420169e-05,-5.440472498914883381e-04,-1.712357987282420169e-05,-5.440472498915022159e-04,-1.712357987287971284e-05,-5.440472498914744603e-04,-1.712357987271317938e-05,-5.440472498914605826e-04,-1.425358886055774418e-02,2.360236499743072258e+00,-4.491345320609943883e+03,7.439816152630864110e+01,-4.327699299685143330e+00,-1.288881454682123184e+01,-4.327702707086748646e+00,-1.288881280106831717e+01,-4.327699754600998538e+00,-1.288881431365847341e+01,-4.327699299686020851e+00,-1.288881454682140593e+01,-4.975829478460343125e+03,1.324376139295667087e+02,-4.975829478460341306e+03,1.324376139295662540e+02,-4.975829478460344035e+03,1.324376139295669361e+02,-4.975829478460344944e+03,1.324376139295668224e+02
3.989340113831343388e+03,-1.000000395926522456e+00,2.183063296454235136e-08,-8.724319663366841837e-06,-5.065906345046028436e-04,1.935320834468151618e-06,-7.313586370960578620e-07,1.935320665256284878e-06,-7.313589655624785912e-07,1.935320810112634016e-06,-7.313586843360475598e-07,1.935320834468151618e-06,-7.313586371029967559e-07,-1.810459902806815791e-05,-5.598109386406174837e-04,-1.810459902806815791e-05,-5.598109386406174837e-04,-1.810459902806815791e-05,-5.598109386406174837e-04,-1.810459902806815791e-05,-5.598109386406036059e-04,-1.512929671178733088e-02,2.429164733112485930e+00,-4.491365788813991458e+03,7.657283891464075509e+01,-4.518350366284863640e+00,-1.322068271044192578e+01,-4.518353280526801186e+00,-1.322068121276557662e+01,-4.518350785558535421e+00,-1.322068249486995839e+01,-4.518350366286293607e+00,-1.322068271044133958e+01,-4.975046125059796395e+03,1.360935563971077613e+02,-4.975046125059796395e+03,1.360935563971077613e+02,-4.975046125059796395e+03,1.360935563971077613e+02,-4.975046125059796395e+03,1.360935563971076476e+02
4.105860527173977971e+03,-1.000000419391380735e+00,2.231274742747757500e-08,-9.241823947681027107e-06,-5.213896717239062395e-04,2.042516549508738288e-06,-7.828911920554348924e-07,2.042516346164452434e-06,-7.828915851298967610e-07,2.042516502098745690e-06,-7.828912836349566362e-07,2.042516549515677182e-06,-7.828911920693126802e-07,-1.913988194574001156e-05,-5.760246679683694859e-04,-1.913988194574001156e-05,-5.760246679683556081e-04,-1.913988194568450041e-05,-5.760246679683556081e-04,-1.913988194574001156e-05,-5.760246679683417304e-04,-1.605835006448504826e-02,2.500105904921855693e+00,-4.491387470123677303e+03,7.881118477655493848e+01,-4.718813017913238816e+00,-1.355803751336165774e+01,-4.718816406798002738e+00,-1.355803576462272275e+01,-4.718813807649486769e+00,-1.355803710567328757e+01,-4.718813017912393271e+00,-1.355803751336086371e+01,-4.974222737453713307e+03,1.398388493578019620e+02,-4.974222737453713307e+03,1.398388493578018483e+02,-4.974222737453713307e+03,1.398388493578015073e+02,-4.974222737453713307e+03,1.398388493578017346e+02
4.225784261952773704e+03,-1.000000444246894604e+00,2.279464612550685665e-08,-9.790026324618672504e-06,-5.366211899993818257e-04,2.155152273284471898e-06,-8.383951074220075128e-07,2.155152063611914803e-06,-8.383955107243989957e-07,2.155152231016199682e-06,-8.383951886903329154e-07,2.155152273284471898e-06,-8.383951074358853006e-07,-2.023222078767483723e-05,-5.927007956042090742e-04,-2.023222078767483723e-05,-5.927007956042090742e-04,-2.023222078761932607e-05,-5.927007956042368297e-04,-2.023222078761932607e-05,-5.927007956042090742e-04,-1.704405821411784580e-02,2.573118822605839906e+00,-4.491410436391337498e+03,8.111507239467042041e+01,-4.929507449582688494e+00,-1.390073320034669280e+01,-4.929510827806396378e+00,-1.390073144854921416e+01,-4.929508130214954598e+00,-1.390073284725102809e+01,-4.929507449581755019e+00,-1.390073320034654181e+01,-4.973357642963149374e+03,1.436747733062865677e+02,-4.973357642963149374e+03,1.436747733062865677e+02,-4.973357642963150283e+03,1.436747733062862267e+02,-4.973357642963150283e+03,1.436747733062863404e+02
4.349210722181718666e+03,-1.000000470575487244e+00,2.327499637119756493e-08,-1.037074944643112673e-05,-5.522978421063674814e-04,2.273451435965551104e-06,-8.981728134155320120e-07,2.273451219652472544e-06,-8.981732270707531995e-07,2.273451393402375897e-06,-8.981728947671241414e-07,2.273451435958612210e-06,-8.981728134432875876e-07,-2.138452991551353932e-05,-6.098519896211712643e-04,-2.138452991551353932e-05,-6.098519896211851421e-04,-2.138452991551353932e-05,-6.098519896211851421e-04,-2.138452991551353932e-05,-6.098519896211851421e-04,-1.808994300909584629e-02,2.648264018588354585e+00,-4.491434763718827526e+03,8.348643102735974253e+01,-5.150860699424527844e+00,-1.424860024014463811e+01,-5.150864066032879940e+00,-1.424859848428449638e+01,-5.150861361371889657e+00,-1.424859989475565492e+01,-5.150860699424481659e+00,-1.424860024014492588e+01,-4.972449141573484667e+03,1.476025594493738140e+02,-4.972449141573485576e+03,1.476025594493739277e+02,-4.972449141573484667e+03,1.476025594493737003e+02,-4.972449141573483757e+03,1.476025594493737003e+02
4.476242215261443562e+03,-1.000000498464469034e+00,2.375230168452646673e-08,-1.098592438153467299e-05,-5.684326522657698333e-04,2.397640694956626461e-06,-9.625476090485696190e-07,2.397640471683837315e-06,-9.625480331953983892e-07,2.397640640139364621e-06,-9.625477131319781776e-07,2.397640694956626461e-06,-9.625476090902029824e-07,-2.259984922853286449e-05,-6.274912355417328058e-04,-2.259984922853286449e-05,-6.274912355417328058e-04,-2.259984922853286449e-05,-6.274912355417328058e-04,-2.259984922858837564e-05,-6.274912355417189280e-04,-1.919975323280501481e-02,2.725603800315059555e+00,-4.491460532709628751e+03,8.592724760588887989e+01,-5.383307585877774137e+00,-1.460144278436819398e+01,-5.383310939900283643e+00,-1.460144102347058670e+01,-5.383308408938844103e+00,-1.460144235206127661e+01,-5.383307585878219115e+00,-1.460144278436894716e+01,-4.971495510849200400e+03,1.516233846308888928e+02,-4.971495510849200400e+03,1.516233846308888928e+02,-4.971495510849200400e+03,1.516233846308888928e+02,-4.971495510849201310e+03,1.516233846308890065e+02
4.606984036781168470e+03,-1.000000528006327993e+00,2.422488506320652490e-08,-1.163759709632561368e-05,-5.850390271625593996e-04,2.527949243904398235e-06,-1.031864750797306662e-06,2.527949013314545468e-06,-1.031865185560643106e-06,2.527949189957967580e-06,-1.031864852452102355e-06,2.527949243897459342e-06,-1.031864750797306662e-06,-2.388134745096026634e-05,-6.456318437697422530e-04,-2.388134745096026634e-05,-6.456318437697422530e-04,-2.388134745096026634e-05,-6.456318437697422530e-04,-2.388134745096026634e-05,-6.456318437697422530e-04,-2.037747989531361534e-02,2.805202305716048006e+00,-4.491487828731923400e+03,8.843956859947506643e+01,-5.627289541206650370e+00,-1.495903711095044386e+01,-5.627292881651261958e+00,-1.495903534407346491e+01,-5.627290322189126393e+00,-1.495903669767359112e+01,-5.627289541207511903e+00,-1.495903711095045807e+01,-4.970495011577842888e+03,1.557383664008101789e+02,-4.970495011577843798e+03,1.557383664008102926e+02,-4.970495011577842888e+03,1.557383664008104063e+02,-4.970495011577842888e+03,1.557383664008104063e+02
4.741544557797541529e+03,-1.000000559299036862e+00,2.469087051135132604e-08,-1.232793531358300498e-05,-6.021307673019851703e-04,2.664608092031034436e-06,-1.106492421645843827e-06,2.664607853770234458e-06,-1.106492867081199094e-06,2.664608046258620799e-06,-1.106492507174650086e-06,2.664608092037973330e-06,-1.106492421618088251e-06,-2.523232534057395782e-05,-6.642874573966339735e-04,-2.523232534057395782e-05,-6.642874573966200957e-04,-2.523232534057395782e-05,-6.642874573966339735e-04,-2.523232534068498012e-05,-6.642874573966200957e-04,-2.162737264075142302e-02,2.887125557387828501e+00,-4.491516742200105909e+03,9.102550185454754228e+01,-5.883252324708053038e+00,-1.532113057567655545e+01,-5.883255650562373873e+00,-1.532112880191170312e+01,-5.883252963385597667e+00,-1.532113023489549697e+01,-5.883252324709088654e+00,-1.532113057567613623e+01,-4.969445894200114708e+03,1.599485580735997985e+02,-4.969445894200113798e+03,1.599485580735994574e+02,-4.969445894200114708e+03,1.599485580735997985e+02,-4.969445894200113798e+03,1.599485580735995427e+02
4.880035314662713063e+03,-1.000000592446377956e+00,2.514816281953824451e-08,-1.305923579297818549e-05,-6.197220787136671627e-04,2.807849149036312220e-06,-1.186822876059201448e-06,2.807848902733334207e-06,-1.186823332374742357e-06,2.807849111548937904e-06,-1.186822945475896063e-06,2.807849149036312220e-06,-1.186822876059201448e-06,-2.665621882658175679e-05,-6.834720604378813347e-04,-2.665621882658175679e-05,-6.834720604378813347e-04,-2.665621882658175679e-05,-6.834720604378813347e-04,-2.665621882647073448e-05,-6.834720604378813347e-04,-2.295395732597882432e-02,2.971441520079145970e+00,-4.491547368871239087e+03,9.368721854105238833e+01,-6.151644995202428134e+00,-1.568743983330846170e+01,-6.151648305437215747e+00,-1.568743805178269035e+01,-6.151645498712591476e+00,-1.568743956219594260e+01,-6.151644995201912103e+00,-1.568743983330874059e+01,-4.968346406087375726e+03,1.642549439688990560e+02,-4.968346406087375726e+03,1.642549439688990560e+02,-4.968346406087375726e+03,1.642549439688990560e+02,-4.968346406087375726e+03,1.642549439688988286e+02
5.022571101476099102e+03,-1.000000627558290001e+00,2.559442534993960905e-08,-1.383393204945626564e-05,-6.378275850155885884e-04,2.957904232037816827e-06,-1.273273518551110151e-06,2.957903977314491062e-06,-1.273273985816225640e-06,2.957904194342275694e-06,-1.273273587662493433e-06,2.957904232041286274e-06,-1.273273518551110151e-06,-2.815660208110859486e-05,-7.031999865562271745e-04,-2.815660208105308371e-05,-7.031999865562410523e-04,-2.815660208110859486e-05,-7.031999865562271745e-04,-2.815660208110859486e-05,-7.031999865562132968e-04,-2.436205475329809855e-02,3.058220160887181294e+00,-4.491579810157720203e+03,9.642695518887789774e+01,-6.432918212866243657e+00,-1.605764934507931940e+01,-6.432921506430938408e+00,-1.605764755495690466e+01,-6.432918700030823445e+00,-1.605764908016557513e+01,-6.432918212869491725e+00,-1.605764934507953612e+01,-4.967194799698283532e+03,1.686584349060017018e+02,-4.967194799698282623e+03,1.686584349060013608e+02,-4.967194799698283532e+03,1.686584349060017018e+02,-4.967194799698283532e+03,1.686584349060015882e+02
5.169270065236477421e+03,-1.000000664751232948e+00,2.602705548304662386e-08,-1.465460252902950344e-05,-6.564623398506372332e-04,3.115003960687395823e-06,-1.366287962170642523e-06,3.115003697130858118e-06,-1.366288440468599319e-06,3.115003903896018667e-06,-1.366288065143828057e-06,3.115003960697804164e-06,-1.366287962142886947e-06,-2.973719051024836801e-05,-7.234859283395678187e-04,-2.973719051019285686e-05,-7.234859283395816965e-04,-2.973719051024836801e-05,-7.234859283395678187e-04,-2.973719051030387917e-05,-7.234859283395955742e-04,-2.585680083111000643e-02,3.147533508871986463e+00,-4.491614173461226528e+03,9.924701571941982081e+01,-6.727522343327675181e+00,-1.643140994231623253e+01,-6.727525619148583935e+00,-1.643140814280172890e+01,-6.727523048817608320e+00,-1.643140955457515062e+01,-6.727522343329654930e+00,-1.643140994231585950e+01,-4.965989341664341737e+03,1.731598639285420518e+02,-4.965989341664339918e+03,1.731598639285413697e+02,-4.965989341664341737e+03,1.731598639285420518e+02,-4.965989341664341737e+03,1.731598639285423928e+02
5.320253803773273830e+03,-1.000000704148577002e+00,2.644315772598604397e-08,-1.552397928994420084e-05,-6.756418397072111448e-04,3.279376497088842823e-06,-1.466337127220551650e-06,3.279376224307045673e-06,-1.466337616606860905e-06,3.279376428865637960e-06,-1.466337249511617813e-06,3.279376497102720611e-06,-1.466337127165040499e-06,-3.140184370353793497e-05,-7.443449472044477710e-04,-3.140184370353793497e-05,-7.443449472044477710e-04,-3.140184370353793497e-05,-7.443449472044477710e-04,-3.140184370342691267e-05,-7.443449472044477710e-04,-2.744366801380632853e-02,3.239455720177314646e+00,-4.491650572521959475e+03,1.021497736485341505e+02,-7.035905821932141535e+00,-1.680833720955405752e+01,-7.035909078914298398e+00,-1.680833539989150083e+01,-7.035906636054067853e+00,-1.680833675697638796e+01,-7.035905821932719739e+00,-1.680833720955364186e+01,-4.964728322833982929e+03,1.777599825454468601e+02,-4.964728322833982929e+03,1.777599825454468601e+02,-4.964728322833982929e+03,1.777599825454468601e+02,-4.964728322833983839e+03,1.777599825454466327e+02
5.475647466538222034e+03,-1.000000745881012731e+00,2.683951423609887144e-08,-1.644495720942718009e-05,-6.953820371379017262e-04,3.451246239329075483e-06,-1.573920163755460067e-06,3.451245956874460230e-06,-1.573920664368899658e-06,3.451246197074681055e-06,-1.573920238612247502e-06,3.451246239315197695e-06,-1.573920163769337854e-06,-3.315456834157570754e-05,-7.657924840028806912e-04,-3.315456834157570754e-05,-7.657924840028806912e-04,-3.315456834157570754e-05,-7.657924840028806912e-04,-3.315456834152019638e-05,-7.657924840028806912e-04,-2.912848825565497041e-02,3.334063144488491393e+00,-4.491689127789096347e+03,1.051376743404240415e+02,-7.358512369485098681e+00,-1.718801047800156567e+01,-7.358515606511225826e+00,-1.718800865747793694e+01,-7.358512853332922710e+00,-1.718801020574189664e+01,-7.358512369486389204e+00,-1.718801047800177528e+01,-4.963410069296257461e+03,1.824594574718521756e+02,-4.963410069296257461e+03,1.824594574718521756e+02,-4.963410069296257461e+03,1.824594574718519482e+02,-4.963410069296257461e+03,1.824594574718524029e+02
5.635579858340943247e+03,-1.000000790086986724e+00,2.721255227058905213e-08,-1.742060373499665360e-05,-7.156993543898197696e-04,3.630832485147783562e-06,-1.689565164025852440e-06,3.630832192590138785e-06,-1.689565675866422367e-06,3.630832414412699105e-06,-1.689565287718575171e-06,3.630832485147783562e-06,-1.689565164025852440e-06,-3.499952108476644952e-05,-7.878443704168597295e-04,-3.499952108476644952e-05,-7.878443704168597295e-04,-3.499952108476644952e-05,-7.878443704168319739e-04,-3.499952108476644952e-05,-7.878443704168597295e-04,-3.091747764540745541e-02,3.431434392415896983e+00,-4.491729966814314139e+03,1.082132373005609338e+02,-7.695777095344260132e+00,-1.756997247588629918e+01,-7.695780311278837438e+00,-1.756997064383526919e+01,-7.695777872401403208e+00,-1.756997203297581933e+01,-7.695777095344318752e+00,-1.756997247588621036e+01,-4.962032954401484858e+03,1.872588679723129133e+02,-4.962032954401483039e+03,1.872588679723129133e+02,-4.962032954401484858e+03,1.872588679723124585e+02,-4.962032954401484858e+03,1.872588679723133396e+02
5.800183546114423734e+03,-1.000000836913164548e+00,2.755830839570871937e-08,-1.845416923862419623e-05,-7.366106974605705904e-04,3.818347527377585759e-06,-1.813830594596388401e-06,3.818347224265883355e-06,-1.813831117761233180e-06,3.818347483683370847e-06,-1.813830669952776198e-06,3.818347527377585759e-06,-1.813830594596388401e-06,-3.694101148216111241e-05,-8.105168412463753524e-04,-3.694101148216111241e-05,-8.105168412463753524e-04,-3.694101148216111241e-05,-8.105168412463892302e-04,-3.694101148216111241e-05,-8.105168412464031080e-04,-3.281726261485955198e-02,3.531650407107896239e+00,-4.491773224665834277e+03,1.113790586032766754e+02,-8.048127450817270656e+00,-1.795372627484379535e+01,-8.048130644500725239e+00,-1.795372443064561452e+01,-8.048127910861659018e+00,-1.795372600904465443e+01,-8.048127450816348727e+00,-1.795372627484390193e+01,-4.960595411843446527e+03,1.921587039842086426e+02,-4.960595411843445618e+03,1.921587039842086426e+02,-4.960595411843446527e+03,1.921587039842090974e+02,-4.960595411843446527e+03,1.921587039842090974e+02
5.969594968798895934e+03,-1.000000886514920362e+00,2.787238938609104544e-08,-1.954909799606330267e-05,-7.581334705948385155e-04,4.013995362164846092e-06,-1.947305351537864659e-06,4.013995048054996850e-06,-1.947305885999228714e-06,4.013995302545869670e-06,-1.947305452915104595e-06,4.013995362164846092e-06,-1.947305351523986872e-06,-3.898350495840086083e-05,-8.338265476564299394e-04,-3.898350495834534968e-05,-8.338265476564576950e-04,-3.898350495834534968e-05,-8.338265476564576950e-04,-3.898350495828983853e-05,-8.338265476564576950e-04,-3.483490801336845688e-02,3.634794538223892868e+00,-4.491819044366453454e+03,1.146378133998330497e+02,-8.415975690876081217e+00,-1.833873709757976656e+01,-8.415978861131168998e+00,-1.833873524066598648e+01,-8.415976292211347243e+00,-1.833873674516303964e+01,-8.415975690875606929e+00,-1.833873709757988379e+01,-4.959095949662048952e+03,1.971593652112622408e+02,-4.959095949662046223e+03,1.971593652112624682e+02,-4.959095949662048042e+03,1.971593652112626955e+02,-4.959095949662047133e+03,1.971593652112629229e+02
6.143954550435200872e+03,-1.000000939056855831e+00,2.814992901278845494e-08,-2.070903983697469641e-05,-7.802855912371099711e-04,4.217969493701401174e-06,-2.090610094512834749e-06,4.217969168100743627e-06,-2.090610640242962504e-06,4.217969446725089444e-06,-2.090610173172136044e-06,4.217969493701401174e-06,-2.090610094471201386e-06,-4.113162591146135583e-05,-8.577905715276556986e-04,-4.113162591140584468e-05,-8.577905715276556986e-04,-4.113162591146135583e-05,-8.577905715276556986e-04,-4.113162591146135583e-05,-8.577905715276001875e-04,-3.697794703007041550e-02,3.740952619228192777e+00,-4.491867577355717913e+03,1.179922585346407402e+02,-8.799719846078914998e+00,-1.872442938675751378e+01,-8.799722991705843711e+00,-1.872442751661056803e+01,-8.799720299636181409e+00,-1.872442911695289780e+01,-8.799719846079966601e+00,-1.872442938675726154e+01,-4.957533165321895467e+03,2.022611612107068026e+02,-4.957533165321895467e+03,2.022611612107063479e+02,-4.957533165321897286e+03,2.022611612107065753e+02,-4.957533165321897286e+03,2.022611612107063763e+02
6.323406816561372580e+03,-1.000000994713350355e+00,2.838554063674947336e-08,-2.193786250326290599e-05,-8.030855054568311613e-04,4.430451309767047263e-06,-2.244397281137011646e-06,4.430450972203736626e-06,-2.244397838191414252e-06,4.430451240919341949e-06,-2.244397394657315914e-06,4.430451309773986157e-06,-2.244397281123133858e-06,-4.339016101884141108e-05,-8.824264409760529393e-04,-4.339016101895243338e-05,-8.824264409760529393e-04,-4.339016101884141108e-05,-8.824264409760529393e-04,-4.339016101884141108e-05,-8.824264409760251837e-04,-3.925441316008421166e-02,3.850213047914359699e+00,-4.491918983978021060e+03,1.214452352667514674e+02,-9.199737204648974043e+00,-1.911018831393478479e+01,-9.199740324428770322e+00,-1.911018643009362350e+01,-9.199737840560405999e+00,-1.911018792972368985e+01,-9.199737204650382694e+00,-1.911018831393461781e+01,-4.955905761656372306e+03,2.074643127595567762e+02,-4.955905761656369577e+03,2.074643127595567762e+02,-4.955905761656372306e+03,2.074643127595567762e+02,-4.955905761656372306e+03,2.074643127595574867e+02
6.508100514008929167e+03,-1.000001053669146600e+00,2.857326519140057641e-08,-2.323966475370475848e-05,-8.265522038629208312e-04,4.651607776864907784e-06,-2.409352052409885481e-06,4.651607426825465907e-06,-2.409352620705296211e-06,4.651607727668150005e-06,-2.409352132234920951e-06,4.651607776871846678e-06,-2.409352052396007693e-06,-4.576406280298872531e-05,-9.077521471903826633e-04,-4.576406280298872531e-05,-9.077521471903826633e-04,-4.576406280298872531e-05,-9.077521471903549077e-04,-4.576406280287770301e-05,-9.077521471903549077e-04,-4.167287434626548021e-02,3.962666868709244561e+00,-4.491973434000229645e+03,1.249996720543407349e+02,-9.616383496290451305e+00,-1.949535813576304832e+01,-9.616386588989916717e+00,-1.949535623782280425e+01,-9.616383930707598893e+00,-1.949535786900943890e+01,-9.616383496289046207e+00,-1.949535813576238752e+01,-4.954212563769950975e+03,2.127689544894639653e+02,-4.954212563769949156e+03,2.127689544894641926e+02,-4.954212563769950975e+03,2.127689544894639653e+02,-4.954212563769950975e+03,2.127689544894639653e+02
6.698188734198168277e+03,-1.000001116119968447e+00,2.870651395758816449e-08,-2.461879028714530904e-05,-8.507052380249610635e-04,4.881589599374513977e-06,-2.586192033623979647e-06,4.881589236373218288e-06,-2.586192613174276289e-06,4.881589542378439450e-06,-2.586192124579000939e-06,4.881589599388391765e-06,-2.586192033637857435e-06,-4.825845360645342197e-05,-9.337861626627086409e-04,-4.825845360645342197e-05,-9.337861626627086409e-04,-4.825845360645342197e-05,-9.337861626627086409e-04,-4.825845360661995542e-05,-9.337861626626808853e-04,-4.424246924576206996e-02,4.078407861623950303e+00,-4.492031107153482480e+03,1.286585875426997632e+02,-1.004998654188003115e+01,-1.987924406046917269e+01,-1.004998960624785909e+01,-1.987924214808592183e+01,-1.004998702271516464e+01,-1.987924376021094020e+01,-1.004998654188104368e+01,-1.987924406046876058e+01,-4.952452536677181342e+03,2.181751392011669282e+02,-4.952452536677181342e+03,2.181751392011669282e+02,-4.952452536677181342e+03,2.181751392011669282e+02,-4.952452536677182252e+03,2.181751392011669282e+02
6.893829040034660466e+03,-1.000001182273179356e+00,2.877800573883315671e-08,-2.607984249802797194e-05,-8.755647374203874567e-04,5.120528775361121721e-06,-2.775667836546480416e-06,5.120528398856738495e-06,-2.775668427199007304e-06,5.120528709601224193e-06,-2.775667939602932677e-06,5.120528775347243933e-06,-2.775667836574235992e-06,-5.087863003677695062e-05,-9.605474609611641679e-04,-5.087863003677695062e-05,-9.605474609611641679e-04,-5.087863003683246177e-05,-9.605474609611919234e-04,-5.087863003683246177e-05,-9.605474609611641679e-04,-4.697294604704014415e-02,4.197532631278459547e+00,-4.492092193710596803e+03,1.324250935648232144e+02,-1.050084466878334233e+01,-2.026111151678591682e+01,-1.050084770355477382e+01,-2.026110958967729303e+01,-1.050084519835139218e+01,-2.026111118029693969e+01,-1.050084466878284495e+01,-2.026111151678600208e+01,-4.950624803715683811e+03,2.236828437108101184e+02,-4.950624803715683811e+03,2.236828437108101184e+02,-4.950624803715681992e+03,2.236828437108105732e+02,-4.950624803715682901e+03,2.236828437108105732e+02
7.095183596512132681e+03,-1.000001252348479142e+00,2.877969786097001048e-08,-2.762770015274362834e-05,-9.011514269255636866e-04,5.368536476667296053e-06,-2.978562740202361780e-06,5.368536086160224929e-06,-2.978563341887729976e-06,5.368536374714127923e-06,-2.978562897160141887e-06,5.368536476660357160e-06,-2.978562740174606205e-06,-5.363006807945769339e-05,-9.880555381251709957e-04,-5.363006807951320454e-05,-9.880555381251709957e-04,-5.363006807945769339e-05,-9.880555381251709957e-04,-5.363006807956871569e-05,-9.880555381251432401e-04,-4.987470361383680023e-02,4.320140703756890410e+00,-4.492156895089185127e+03,1.363023983787671796e+02,-1.096922147555034144e+01,-2.064018795253388916e+01,-1.096922447945097012e+01,-2.064018601048092805e+01,-1.096922225920996574e+01,-2.064018744556850038e+01,-1.096922147554990090e+01,-2.064018795253352323e+01,-4.948728665483473378e+03,2.292919767037101906e+02,-4.948728665483472469e+03,2.292919767037099632e+02,-4.948728665483473378e+03,2.292919767037101906e+02,-4.948728665483474288e+03,2.292919767037101906e+02
7.302419305129988970e+03,-1.000001326578642269e+00,2.870271050350869935e-08,-2.926753402787696245e-05,-9.274866448722510204e-04,5.625700573892722378e-06,-3.195692668864213992e-06,5.625700168862546313e-06,-3.195693281429767829e-06,5.625700491763974131e-06,-3.195692792987148145e-06,5.625700573892722378e-06,-3.195692668864213992e-06,-5.651842899517811603e-05,-1.016330435814227773e-03,-5.651842899512260487e-05,-1.016330435814227773e-03,-5.651842899517811603e-05,-1.016330435814227773e-03,-5.651842899517811603e-05,-1.016330435814200017e-03,-5.295883531685834089e-02,4.446334626135719503e+00,-4.492225424490199657e+03,1.402938099916636361e+02,-1.145534314588808300e+01,-2.101566340946429534e+01,-1.145534611763707034e+01,-2.101566145231691252e+01,-1.145534374806379674e+01,-2.101566301262344538e+01,-1.145534314588805813e+01,-2.101566340946442324e+01,-4.946763619239381114e+03,2.350023885195193145e+02,-4.946763619239380205e+03,2.350023885195190871e+02,-4.946763619239381114e+03,2.350023885195190871e+02,-4.946763619239381114e+03,2.350023885195188598e+02
7.515707942236891540e+03,-1.000001405210305672e+00,2.853724343290786614e-08,-3.100482455120623371e-05,-9.545923616912782572e-04,5.892083579546458783e-06,-3.427905277283982421e-06,5.892083159445005158e-06,-3.427905900618699597e-06,5.892083487814281373e-06,-3.427905413300180726e-06,5.892083579553397676e-06,-3.427905277256226846e-06,-5.954956617681972375e-05,-1.045392766287817077e-03,-5.954956617681972375e-05,-1.045392766287817077e-03,-5.954956617681972375e-05,-1.045392766287817077e-03,-5.954956617681972375e-05,-1.045392766287789321e-03,-5.623717577637908638e-02,4.576220067751155973e+00,-4.492298007575872361e+03,1.444027395426769260e+02,-1.195939230390868246e+01,-2.138669374430568482e+01,-1.195939524221325279e+01,-2.138669177198059401e+01,-1.195939294506531070e+01,-2.138669331364696902e+01,-1.195939230390982644e+01,-2.138669374430604364e+01,-4.944729378503591761e+03,2.408138830276785427e+02,-4.944729378503590851e+03,2.408138830276783153e+02,-4.944729378503591761e+03,2.408138830276785427e+02,-4.944729378503590851e+03,2.408138830276782869e+02
7.735226301415075795e+03,-1.000001488504798974e+00,2.827248492265344026e-08,-3.284538057668484612e-05,-9.824911991617515938e-04,6.167720038231794266e-06,-3.676079671097176593e-06,6.167719602510890464e-06,-3.676080305006768079e-06,6.167719931178539117e-06,-3.676079826667177919e-06,6.167720038217916478e-06,-3.676079671069421018e-06,-6.272953321945218264e-05,-1.075263739336945745e-03,-6.272953321956320494e-05,-1.075263739336917990e-03,-6.272953321945218264e-05,-1.075263739336945745e-03,-6.272953321945218264e-05,-1.075263739336917990e-03,-5.972235010172663450e-02,4.709905933741666217e+00,-4.492374883171365582e+03,1.486327050491942146e+02,-1.248150617103896565e+01,-2.175240154707251605e+01,-1.248150907460726877e+01,-2.175239955955885307e+01,-1.248150688376115092e+01,-2.175240105887797526e+01,-1.248150617103712534e+01,-2.175240154707259421e+01,-4.942625892740414201e+03,2.467262319771986370e+02,-4.942625892740412382e+03,2.467262319771984096e+02,-4.942625892740414201e+03,2.467262319771986370e+02,-4.942625892740413292e+03,2.467262319771988643e+02
7.961156340023413577e+03,-1.000001576739031561e+00,2.789651154869177141e-08,-3.479535927430887909e-05,-1.011206450294600823e-03,6.452614332505546280e-06,-3.941125301595849173e-06,6.452613880651714151e-06,-3.941125945858270363e-06,6.452614229837672077e-06,-3.941125447853854880e-06,6.452614332505546280e-06,-3.941125301540338022e-06,-6.606459334229652924e-05,-1.105965191223773347e-03,-6.606459334229652924e-05,-1.105965191223773347e-03,-6.606459334229652924e-05,-1.105965191223773347e-03,-6.606459334229652924e-05,-1.105965191223773347e-03,-6.342782653960575556e-02,4.847504476404798979e+00,-4.492456304016491231e+03,1.529873350966705914e+02,-1.302177179029700049e+01,-2.211187947320389924e+01,-1.302177465783900878e+01,-2.211187747056319708e+01,-1.302177244133237188e+01,-2.211187901821755375e+01,-1.302177179029669674e+01,-2.211187947320375358e+01,-4.940453366816993366e+03,2.527391915239305149e+02,-4.940453366816993366e+03,2.527391915239305149e+02,-4.940453366816993366e+03,2.527391915239305149e+02,-4.940453366816993366e+03,2.527391915239302875e+02
8.193685330020702168e+03,-1.000001670206430271e+00,2.739617843694475141e-08,-3.686128727364845759e-05,-1.040762099870966295e-03,6.746738510150784851e-06,-4.223980701725804643e-06,6.746738041608912884e-06,-4.223981356146766508e-06,6.746738391419371261e-06,-4.223980867412713280e-06,6.746738510129968169e-06,-4.223980701753560218e-06,-6.956123045542828010e-05,-1.137519615703935782e-03,-6.956123045542828010e-05,-1.137519615703908027e-03,-6.956123045542828010e-05,-1.137519615703908027e-03,-6.956123045542828010e-05,-1.137519615703908027e-03,-6.736797208690965821e-02,4.989131415032067807e+00,-4.492542537552149042e+03,1.574703727801159516e+02,-1.358022184443341374e+01,-2.246419381012964323e+01,-1.358022467465950101e+01,-2.246419179249853926e+01,-1.358022256088517210e+01,-2.246419329901881667e+01,-1.358022184443278668e+01,-2.246419381013031469e+01,-4.938212280004237073e+03,2.588525213165490868e+02,-4.938212280004235254e+03,2.588525213165484047e+02,-4.938212280004237073e+03,2.588525213165488594e+02,-4.938212280004237073e+03,2.588525213165486321e+02
8.433006013194184561e+03,-1.000001769217936376e+00,2.675699901227845956e-08,-3.905008314419866622e-05,-1.071182845660177685e-03,7.050029944333235932e-06,-4.525612358627362219e-06,7.050029458555151507e-06,-4.525613022929309004e-06,7.050029879031305402e-06,-4.525612447778271097e-06,7.050029944326297038e-06,-4.525612358613484432e-06,-7.322616214000543522e-05,-1.169950197185548602e-03,-7.322616214000543522e-05,-1.169950197185548602e-03,-7.322616214000543522e-05,-1.169950197185548602e-03,-7.322616214000543522e-05,-1.169950197185520846e-03,-7.155811116207778932e-02,5.134906065471264824e+00,-4.492633866740345184e+03,1.620856799326278690e+02,-1.415683229354760542e+01,-2.280838740240526263e+01,-1.415683508518439204e+01,-2.280838536999249655e+01,-1.415683266834061271e+01,-2.280838712934493273e+01,-1.415683229354766048e+01,-2.280838740240477591e+01,-4.935903404258590854e+03,2.650660062135734734e+02,-4.935903404258590854e+03,2.650660062135734734e+02,-4.935903404258590854e+03,2.650660062135734734e+02,-4.935903404258590854e+03,2.650660062135723365e+02
8.679316760921987225e+03,-1.000001874103066957e+00,2.596301307972170846e-08,-4.136908123553162397e-05,-1.102494120348622431e-03,7.362389724888118714e-06,-4.847012516975834906e-06,7.362389221374221471e-06,-4.847013190839577490e-06,7.362389595519380769e-06,-4.847012689920826567e-06,7.362389724888118714e-06,-4.847012516906445967e-06,-7.706635475518419653e-05,-1.203280846029164408e-03,-7.706635475518419653e-05,-1.203280846029136653e-03,-7.706635475512868538e-05,-1.203280846029108897e-03,-7.706635475512868538e-05,-1.203280846029108897e-03,-7.601458801213399619e-02,5.284951469684926018e+00,-4.492730590938543173e+03,1.668372413582600871e+02,-1.475151664513181160e+01,-2.314348566394017226e+01,-1.475151939691240344e+01,-2.314348361703457968e+01,-1.475151735156555866e+01,-2.314348513807372498e+01,-1.475151664513005123e+01,-2.314348566394042450e+01,-4.933527821415194012e+03,2.713794803744058868e+02,-4.933527821415192193e+03,2.713794803744067963e+02,-4.933527821415194012e+03,2.713794803744072510e+02,-4.933527821415195831e+03,2.713794803744067963e+02
8.932821738601873221e+03,-1.000001985211037558e+00,2.499664221444763967e-08,-4.382605703279196518e-05,-1.134722114202860177e-03,7.683680120149083415e-06,-5.189198271443595800e-06,7.683679598344261841e-06,-5.189198954549945064e-06,7.683680037839923926e-06,-5.189198379051962462e-06,7.683680120135205627e-06,-5.189198271429718012e-06,-8.108904100734282139e-05,-1.237536236046415938e-03,-8.108904100734282139e-05,-1.237536236046415938e-03,-8.108904100734282139e-05,-1.237536236046388183e-03,-8.108904100739833254e-05,-1.237536236046388183e-03,-8.075483237909220069e-02,5.439394536303209904e+00,-4.492833026810400952e+03,1.717291693872409439e+02,-1.536412694182794070e+01,-2.346849846370381698e+01,-1.536412965250667817e+01,-2.346849640267108228e+01,-1.536412736888813235e+01,-2.346849813874801782e+01,-1.536412694182838656e+01,-2.346849846370368198e+01,-4.931086939134155728e+03,2.777928539563646382e+02,-4.931086939134155728e+03,2.777928539563646382e+02,-4.931086939134156637e+03,2.777928539563644108e+02,-4.931086939134155728e+03,2.777928539563644108e+02
9.193731074882638495e+03,-1.000002102911961233e+00,2.383853178744566037e-08,-4.642925410847098533e-05,-1.167893798498284563e-03,8.013723778121928376e-06,-5.553208364414419229e-06,8.013723237540459898e-06,-5.553209056485819417e-06,8.013723650723836300e-06,-5.553208527339648093e-06,8.013723778149683952e-06,-5.553208364414419229e-06,-8.530174030069170854e-05,-1.272741844079772200e-03,-8.530174030074721969e-05,-1.272741844079744444e-03,-8.530174030074721969e-05,-1.272741844079772200e-03,-8.530174030080273084e-05,-1.272741844079716689e-03,-8.579742875472026742e-02,5.598366188525218057e+00,-4.492941509281747130e+03,1.767657086473104471e+02,-1.599444643595380811e+01,-2.378242885975933518e+01,-1.599444910430702294e+01,-2.378242678504128094e+01,-1.599444706423372864e+01,-2.378242837087666572e+01,-1.599444643595433746e+01,-2.378242885975913978e+01,-4.928582504997046271e+03,2.843061423519538380e+02,-4.928582504997046271e+03,2.843061423519542927e+02,-4.928582504997046271e+03,2.843061423519540654e+02,-4.928582504997047181e+03,2.843061423519542927e+02
9.462261035838391763e+03,-1.000002227598116189e+00,2.246737763889061767e-08,-4.918741274906324179e-05,-1.202036949745549643e-03,8.352301529498951105e-06,-5.940102003221259253e-06,8.352300969571846423e-06,-5.940102703744232215e-06,8.352301426914343629e-06,-5.940102131424263021e-06,8.352301529512828893e-06,-5.940102003165748101e-06,-8.971228210441495321e-05,-1.308923991734073367e-03,-8.971228210441495321e-05,-1.308923991734073367e-03,-8.971228210441495321e-05,-1.308923991734073367e-03,-8.971228210441495321e-05,-1.308923991734045611e-03,-9.116218951779009316e-02,5.762001517640528370e+00,-4.493056392548214717e+03,1.819512410008642291e+02,-1.664219177301125896e+01,-2.408427558489974984e+01,-1.664219439784197974e+01,-2.408427349701732467e+01,-1.664219225359206433e+01,-2.408427520232490338e+01,-1.664219177301051289e+01,-2.408427558490096132e+01,-4.926016618773641312e+03,2.909194976382322579e+02,-4.926016618773639493e+03,2.909194976382318032e+02,-4.926016618773642222e+03,2.909194976382318032e+02,-4.926016618773641312e+03,2.909194976382315190e+02
9.738634204230123942e+03,-1.000002359685301156e+00,2.085973664633922198e-08,-5.210980041991941647e-05,-1.237180174743064687e-03,8.699151936727989032e-06,-6.350955584086270811e-06,8.699151356997281148e-06,-6.350956292783260793e-06,8.699151779797964501e-06,-6.350955775738520437e-06,8.699151936741866820e-06,-6.350955584072393023e-06,-9.432883275478642915e-05,-1.346109889055868702e-03,-9.432883275478642915e-05,-1.346109889055868702e-03,-9.432883275478642915e-05,-1.346109889055868702e-03,-9.432883275467540685e-05,-1.346109889055896458e-03,-9.687023156912875910e-02,5.930439949108415654e+00,-4.493178051122363286e+03,1.872902908488488833e+02,-1.730700796318613754e+01,-2.437304178715949377e+01,-1.730701054333039224e+01,-2.437303968670731180e+01,-1.730700866106946023e+01,-2.437304121856386629e+01,-1.730700796318563661e+01,-2.437304178715953995e+01,-4.923391742179395806e+03,2.976332424205086795e+02,-4.923391742179395806e+03,2.976332424205086795e+02,-4.923391742179395806e+03,2.976332424205086795e+02,-4.923391742179393987e+03,2.976332424205086795e+02
1.002307966400312034e+04,-1.000002499614269347e+00,1.898981953629697017e-08,-5.520624412458374763e-05,-1.273352936496011112e-03,9.053969855718491111e-06,-6.786860967181174153e-06,9.053969255684579664e-06,-6.786861683566458581e-06,9.053969732664146619e-06,-6.786861113938780221e-06,9.053969855746246687e-06,-6.786860967153418578e-06,-9.915992588988009615e-05,-1.384327680166552721e-03,-9.915992588993560730e-05,-1.384327680166580476e-03,-9.915992588988009615e-05,-1.384327680166552721e-03,-9.915992588999111845e-05,-1.384327680166552721e-03,-1.029440572794882713e-01,6.103825412571111997e+00,-4.493306880941421696e+03,1.927875305517244726e+02,-1.798847044689377839e+01,-2.464773911055393540e+01,-1.798847298122655403e+01,-2.464773699820474206e+01,-1.798847096629335951e+01,-2.464773867727850032e+01,-1.798847044689468078e+01,-2.464773911055461753e+01,-4.920710706129618302e+03,3.044479054545015515e+02,-4.920710706129617392e+03,3.044479054545017789e+02,-4.920710706129618302e+03,3.044479054545015515e+02,-4.920710706129617392e+03,3.044479054545017789e+02
1.031583319017318172e+04,-1.000002647852258342e+00,1.682926441953780383e-08,-5.848716484635474444e-05,-1.310585581030664082e-03,9.416406614420891330e-06,-7.248922074182262421e-06,9.416405993598053747e-06,-7.248922797686851993e-06,9.416406445320046892e-06,-7.248922271010926899e-06,9.416406614407013542e-06,-7.248922074196140208e-06,-1.042144969292668755e-04,-1.423606490596002194e-03,-1.042144969291558532e-04,-1.423606490596029950e-03,-1.042144969292668755e-04,-1.423606490596002194e-03,-1.042144969292668755e-04,-1.423606490595974439e-03,-1.094076391338524995e-01,6.282306525226042382e+00,-4.493443300517957141e+03,1.984477862414795197e+02,-1.868608185472085381e+01,-2.490739681462496335e+01,-1.868608434215957459e+01,-2.490739469112432047e+01,-1.868608253150086185e+01,-2.490739623637132993e+01,-1.868608185472145067e+01,-2.490739681462350319e+01,-4.917976714900405568e+03,3.113642591608472117e+02,-4.917976714900406478e+03,3.113642591608476664e+02,-4.917976714900405568e+03,3.113642591608472117e+02,-4.917976714900406478e+03,3.113642591608463590e+02
1.061713744425901677e+04,-1.000002804894615238e+00,1.434688930851413247e-08,-6.196361417842854991e-05,-1.348909365147636652e-03,9.786069241776718108e-06,-7.738253069350387037e-06,9.786068599748620755e-06,-7.738253799502436969e-06,9.786069116071716145e-06,-7.738253212166701367e-06,9.786069241832229260e-06,-7.738253069308753673e-06,-1.095019218214088319e-04,-1.463976476261230619e-03,-1.095019218214643431e-04,-1.463976476261258375e-03,-1.095019218214088319e-04,-1.463976476261258375e-03,-1.095019218214643431e-04,-1.463976476261202864e-03,-1.162865086828134970e-01,6.466036783264454080e+00,-4.493587752147449464e+03,2.042760438723704226e+02,-1.939927538388225869e+01,-2.515106632807477638e+01,-1.939927782338796547e+01,-2.515106419424413176e+01,-1.939927586119879876e+01,-2.515106591020197868e+01,-1.939927538388123551e+01,-2.515106632807411913e+01,-4.915193347216822986e+03,3.183833584447856992e+02,-4.915193347216822076e+03,3.183833584447854719e+02,-4.915193347216822076e+03,3.183833584447859266e+02,-4.915193347216822076e+03,3.183833584447856992e+02
1.092724217542281622e+04,-1.000002971266527707e+00,1.150842190988932146e-08,-6.564731330838124990e-05,-1.388356485147949904e-03,1.016252145404072937e-05,-8.255974928011999836e-06,1.016252079032164968e-05,-8.255975664381298706e-06,1.016252126882777329e-05,-8.255975133250603726e-06,1.016252145404072937e-05,-8.255974927984244260e-06,-1.150320604104693167e-04,-1.505468873776533156e-03,-1.150320604104693167e-04,-1.505468873776533156e-03,-1.150320604104693167e-04,-1.505468873776533156e-03,-1.150320604105248279e-04,-1.505468873776533156e-03,-1.236078494881657358e-01,6.655174766453489710e+00,-4.493740703163801300e+03,2.102774556594017099e+02,-2.012741317879569181e+01,-2.537783073772581588e+01,-2.012741556939241150e+01,-2.537782859445189843e+01,-2.012741384520093035e+01,-2.537783013972645918e+01,-2.012741317879444480e+01,-2.537783073772554943e+01,-4.912364553756185160e+03,3.255065806825568870e+02,-4.912364553756185160e+03,3.255065806825568870e+02,-4.912364553756185160e+03,3.255065806825568870e+02,-4.912364553756184250e+03,3.255065806825573418e+02
1.124640442748573150e+04,-1.000003147524868741e+00,8.276204853385760174e-09,-6.955069451863860053e-05,-1.428960106577330247e-03,1.054528363364504173e-05,-8.803213735877890578e-06,1.054528294784640163e-05,-8.803214477826060147e-06,1.054528345266481093e-05,-8.803213931443676366e-06,1.054528363367279731e-05,-8.803213735836257214e-06,-1.208153046292070876e-04,-1.548116051994868902e-03,-1.208153046292070876e-04,-1.548116051994868902e-03,-1.208153046291515764e-04,-1.548116051994868902e-03,-1.208153046290960653e-04,-1.548116051994868902e-03,-1.314005944715507246e-01,6.849884353081761468e+00,-4.493902647251363305e+03,2.164573468264790392e+02,-2.086979120371261587e+01,-2.558680948219519635e+01,-2.086979354447804980e+01,-2.558680733043847866e+01,-2.086979182081795514e+01,-2.558680891439739113e+01,-2.086979120371309548e+01,-2.558680948219668494e+01,-4.909494651178393724e+03,3.327356662874466906e+02,-4.909494651178393724e+03,3.327356662874466906e+02,-4.909494651178393724e+03,3.327356662874462359e+02,-4.909494651178394633e+03,3.327356662874469180e+02
1.157488875198985079e+04,-1.000003334260151533e+00,4.608873713229932889e-09,-7.368694533338437935e-05,-1.470754395032337902e-03,1.093383448347307052e-05,-9.381097679075911522e-06,1.093383377522016975e-05,-9.381098426089473641e-06,1.093383435032957429e-05,-9.381097819394224047e-06,1.093383448348694831e-05,-9.381097679117544885e-06,-1.268626317751375687e-04,-1.591951564431426380e-03,-1.268626317751930799e-04,-1.591951564431454136e-03,-1.268626317751375687e-04,-1.591951564431426380e-03,-1.268626317753041022e-04,-1.591951564431398625e-03,-1.396955277920086391e-01,7.050334945291742095e+00,-4.494074105816764131e+03,2.228212226678138848e+02,-2.162564004989325994e+01,-2.577716722099571811e+01,-2.162564233996729968e+01,-2.577716506177072020e+01,-2.162564047989441107e+01,-2.577716681517985364e+01,-2.162564004989376798e+01,-2.577716722099556179e+01,-4.906588312302630584e+03,3.400727594611295785e+02,-4.906588312302631493e+03,3.400727594611295785e+02,-4.906588312302630584e+03,3.400727594611295785e+02,-4.906588312302629674e+03,3.400727594611309428e+02
1.191296742748327233e+04,-1.000003532098626247e+00,4.610063372711969976e-10,-7.807005557780577476e-05,-1.513774548069925230e-03,1.132761247975289098e-05,-9.990754969574355826e-06,1.132761174865715148e-05,-9.990755720917787741e-06,1.132761230268619634e-05,-9.990755151276231594e-06,1.132761247976676877e-05,-9.990754969546600250e-06,-1.331856631200944996e-04,-1.637010202388905489e-03,-1.331856631199834773e-04,-1.637010202388905489e-03,-1.331856631200944996e-04,-1.637010202388905489e-03,-1.331856631199834773e-04,-1.637010202388877733e-03,-1.485253909586913557e-01,7.256701710804100536e+00,-4.494255629407390188e+03,2.293747761010266117e+02,-2.239412909116046890e+01,-2.594812041648931000e+01,-2.239413132975326448e+01,-2.594811825087483470e+01,-2.239412963273291268e+01,-2.594811989206207770e+01,-2.239412909116021666e+01,-2.594812041648878065e+01,-4.903650552543034792e+03,3.475204487858603670e+02,-4.903650552543032973e+03,3.475204487858612765e+02,-4.903650552543034792e+03,3.475204487858612765e+02,-4.903650552543036611e+03,3.475204487858610491e+02
1.226092068521004148e+04,-1.000003741704500904e+00,-4.217259569339049108e-09,-8.271486748223644270e-05,-1.558056828271696392e-03,1.172601739003742427e-05,-1.063331238029818770e-05,1.172601663580741249e-05,-1.063331313540250012e-05,1.172601723868627044e-05,-1.063331253159383039e-05,1.172601739000966869e-05,-1.063331238028430992e-05,-1.397967279981315869e-04,-1.683328048520726927e-03,-1.397967279982426092e-04,-1.683328048520699172e-03,-1.397967279982426092e-04,-1.683328048520699172e-03,-1.397967279982981204e-04,-1.683328048520726927e-03,-1.579249936623743356e-01,7.469165837195368418e+00,-4.494447799188100362e+03,2.361238956053728941e+02,-2.317437238769931085e+01,-2.609894269851911019e+01,-2.317437457409650037e+01,-2.609894052764849803e+01,-2.317437282582866587e+01,-2.609894226306620268e+01,-2.317437238769920427e+01,-2.609894269851921322e+01,-4.900686712603684100e+03,3.550818070433213052e+02,-4.900686712603685010e+03,3.550818070433210778e+02,-4.900686712603683191e+03,3.550818070433208504e+02,-4.900686712603685010e+03,3.550818070433206231e+02
1.261903694139203799e+04,-1.000003963782313043e+00,-9.480643076154038340e-09,-8.763712906856291340e-05,-1.603638597513168396e-03,1.212841320180624294e-05,-1.130989306558083385e-05,1.212841242408113640e-05,-1.130989382386315967e-05,1.212841298596500916e-05,-1.130989327578768577e-05,1.212841320180624294e-05,-1.130989306558083385e-05,-1.467089335313032095e-04,-1.730942530514006927e-03,-1.467089335313032095e-04,-1.730942530514006927e-03,-1.467089335313032095e-04,-1.730942530514006927e-03,-1.467089335313032095e-04,-1.730942530514006927e-03,-1.679313294258549805e-01,7.687914799514780739e+00,-4.494651228476795040e+03,2.430746735736135236e+02,-2.396543220052172174e+01,-2.622897291113530471e+01,-2.396543433408362489e+01,-2.622897073619139618e+01,-2.396543279196887966e+01,-2.622897230759415876e+01,-2.396543220052357981e+01,-2.622897291113560314e+01,-4.897702437403543627e+03,3.627604297850546118e+02,-4.897702437403543627e+03,3.627604297850539297e+02,-4.897702437403543627e+03,3.627604297850546118e+02,-4.897702437403544536e+03,3.627604297850543844e+02
1.298761303629532267e+04,-1.000004199079462142e+00,-1.538917359517055772e-08,-9.285355109378556904e-05,-1.650558352485516356e-03,1.253413016003013247e-05,-1.202161609226148897e-05,1.253412935856013100e-05,-1.202161685306957217e-05,1.253412994231539734e-05,-1.202161629863807146e-05,1.253413016004401026e-05,-1.202161609226148897e-05,-1.539362401682398129e-04,-1.779892474733535401e-03,-1.539362401681287906e-04,-1.779892474733507646e-03,-1.539362401681287906e-04,-1.779892474733479890e-03,-1.539362401681287906e-04,-1.779892474733507646e-03,-1.785836957664401481e-01,7.913142647993494094e+00,-4.494866564321308033e+03,2.502334152805713359e+02,-2.476632713711451217e+01,-2.633761895957523080e+01,-2.476632921728294789e+01,-2.633761678178665377e+01,-2.476632770150048302e+01,-2.633761836807694934e+01,-2.476632713711342504e+01,-2.633761895957635701e+01,-4.894703651587644345e+03,3.705604723353372378e+02,-4.894703651587644345e+03,3.705604723353370105e+02,-4.894703651587644345e+03,3.705604723353365557e+02,-4.894703651587645254e+03,3.705604723353367831e+02
1.336695448027913517e+04,-1.000004448388901457e+00,-2.200868481211371019e-08,-9.838186768440504437e-05,-1.698855761535979225e-03,1.294246829078304906e-05,-1.276959528283272416e-05,1.294246746540161919e-05,-1.276959604533389747e-05,1.294246805917664833e-05,-1.276959549643963410e-05,1.294246829083856021e-05,-1.276959528279109080e-05,-1.614935430085395751e-04,-1.830218159504515274e-03,-1.614935430085395751e-04,-1.830218159504515274e-03,-1.614935430085395751e-04,-1.830218159504515274e-03,-1.614935430084840640e-04,-1.830218159504487518e-03,-1.899238200640366858e-01,8.145050304700628629e+00,-4.495094489151677408e+03,2.576066481523070024e+02,-2.557603758908155456e+01,-2.642436443963043402e+01,-2.557603961537762061e+01,-2.642436226026203272e+01,-2.557603815700415950e+01,-2.642436382813607665e+01,-2.557603758908120994e+01,-2.642436443963052284e+01,-4.891696531704227709e+03,3.784866844096573573e+02,-4.891696531704227709e+03,3.784866844096571299e+02,-4.891696531704227709e+03,3.784866844096573573e+02,-4.891696531704227709e+03,3.784866844096566751e+02
1.375737570703146412e+04,-1.000004712552018837e+00,-2.941135177764175879e-08,-1.042409011337008806e-04,-1.748571702865714395e-03,1.335270032863655754e-05,-1.355493948572428220e-05,1.335269947906614352e-05,-1.355494024933567854e-05,1.335270009622524512e-05,-1.355493969430743295e-05,1.335270032869206869e-05,-1.355493948565489326e-05,-1.693967591886447188e-04,-1.881961367890316872e-03,-1.693967591887002300e-04,-1.881961367890316872e-03,-1.693967591886447188e-04,-1.881961367890316872e-03,-1.693967591886447188e-04,-1.881961367890289116e-03,-2.019959896354621420e-01,8.383845888742650132e+00,-4.495335722450871799e+03,2.652011319142152388e+02,-2.639351433206731201e+01,-2.648877208336612910e+01,-2.639351630410811822e+01,-2.648876990371580220e+01,-2.639351487099569127e+01,-2.648877148702780104e+01,-2.639351433206931219e+01,-2.648877208336513434e+01,-4.888687475484462993e+03,3.865444424977381459e+02,-4.888687475484463903e+03,3.865444424977379185e+02,-4.888687475484463903e+03,3.865444424977376912e+02,-4.888687475484463903e+03,3.865444424977376912e+02
1.415920033420111940e+04,-1.000004992461698272e+00,-3.767627560630204542e-08,-1.104506308966524131e-04,-1.799748304171157331e-03,1.376407529007916963e-05,-1.437875303954283535e-05,1.376407441608384907e-05,-1.437875380352893195e-05,1.376407508477117680e-05,-1.437875321874670931e-05,1.376407529005141406e-05,-1.437875303955671313e-05,-1.776629211059921332e-04,-1.935165439769265250e-03,-1.776629211058811109e-04,-1.935165439769265250e-03,-1.776629211059921332e-04,-1.935165439769265250e-03,-1.776629211058811109e-04,-1.935165439769265250e-03,-2.148471884819340982e-01,8.629745047579657324e+00,-4.495591022512942800e+03,2.730238689759291333e+02,-2.721768648822371617e+01,-2.653048764096667256e+01,-2.721768840570575421e+01,-2.653048546236093586e+01,-2.721768693807431205e+01,-2.653048712925845010e+01,-2.721768648822352432e+01,-2.653048764096532608e+01,-4.885683068603135325e+03,3.947397789035451865e+02,-4.885683068603133506e+03,3.947397789035451865e+02,-4.885683068603135325e+03,3.947397789035451865e+02,-4.885683068603135325e+03,3.947397789035451865e+02
1.457276143164231871e+04,-1.000005289065608149e+00,-4.689011864206227287e-08,-1.170322673930135338e-04,-1.852428983759202286e-03,1.417582208132484034e-05,-1.524213703169019496e-05,1.417582118284910209e-05,-1.524213779537098024e-05,1.417582193333211116e-05,-1.524213715722866347e-05,1.417582208129708476e-05,-1.524213703166243938e-05,-1.863102758370427381e-04,-1.989875323060746881e-03,-1.863102758371537604e-04,-1.989875323060746881e-03,-1.863102758369872269e-04,-1.989875323060746881e-03,-1.863102758369872269e-04,-1.989875323060719126e-03,-2.285272383314754796e-01,8.882971322218509158e+00,-4.495861188202784433e+03,2.810821158709694032e+02,-2.804747030575227384e+01,-2.654924257038272728e+01,-2.804747216846847735e+01,-2.654924039416547643e+01,-2.804747061211342185e+01,-2.654924221203018675e+01,-2.804747030575229871e+01,-2.654924257038265623e+01,-4.882690049326239205e+03,4.030794079680489972e+02,-4.882690049326237386e+03,4.030794079680483151e+02,-4.882690049326239205e+03,4.030794079680487698e+02,-4.882690049326238295e+03,4.030794079680482582e+02
1.499840179749415256e+04,-1.000005603369686025e+00,-5.714779567622674250e-08,-1.240083306967010301e-04,-1.906658493233508167e-03,1.458715330851512171e-05,-1.614619118274485121e-05,1.458715238542018788e-05,-1.614619194534316904e-05,1.458715310265201737e-05,-1.614619135249795168e-05,1.458715330851512171e-05,-1.614619118273097342e-05,-1.953583904891753598e-04,-2.046137624047428272e-03,-1.953583904889533152e-04,-2.046137624047456027e-03,-1.953583904891753598e-04,-2.046137624047428272e-03,-1.953583904891198486e-04,-2.046137624047428272e-03,-2.430889467681766614e-01,9.143756522796390840e+00,-4.496147060791194235e+03,2.893833950798017440e+02,-2.888177807504310834e+01,-2.654485609190790285e+01,-2.888177988287717568e+01,-2.654485391943391548e+01,-2.888177847761785699e+01,-2.654485560753072093e+01,-2.888177807504287742e+01,-2.654485609190849260e+01,-4.879715271647316513e+03,4.115707484547319837e+02,-4.879715271647315603e+03,4.115707484547319837e+02,-4.879715271647316513e+03,4.115707484547319837e+02,-4.879715271647316513e+03,4.115707484547323816e+02
1.543647424232376397e+04,-1.000005936441883403e+00,-6.855322454146772770e-08,-1.314027346400736818e-04,-1.962482961799794090e-03,1.499726855677674386e-05,-1.709201695088147233e-05,1.499726760897934774e-05,-1.709201771173118889e-05,1.499726827045022581e-05,-1.709201718033681594e-05,1.499726855680449944e-05,-1.709201695083983896e-05,-2.048282636995524264e-04,-2.104000656770493860e-03,-2.048282636994969153e-04,-2.104000656770521616e-03,-2.048282636996079376e-04,-2.104000656770466104e-03,-2.048282636994969153e-04,-2.104000656770521616e-03,-2.585882612630314159e-01,9.412341131079529077e+00,-4.496449525813293803e+03,2.979355077292757983e+02,-2.971952837736012398e+01,-2.651723501004705241e+01,-2.971953013028491952e+01,-2.651723284268054215e+01,-2.971952890619109056e+01,-2.651723435533767770e+01,-2.971952837735812381e+01,-2.651723501004668293e+01,-4.876765667463860154e+03,4.202219424279122109e+02,-4.876765667463858335e+03,4.202219424279122109e+02,-4.876765667463859245e+03,4.202219424279113014e+02,-4.876765667463858335e+03,4.202219424279114719e+02
1.588734188156876007e+04,-1.000006289416156990e+00,-8.122014195921511970e-08,-1.392408767338926268e-04,-2.019949942262080911e-03,1.540535806129894603e-05,-1.808072101486257743e-05,1.540535708885459876e-05,-1.808072177326980334e-05,1.540535789554264845e-05,-1.808072114392600405e-05,1.540535806132670160e-05,-1.808072101486257743e-05,-2.147424433386890819e-04,-2.163514491480944546e-03,-2.147424433386335707e-04,-2.163514491480916790e-03,-2.147424433385780596e-04,-2.163514491480889035e-03,-2.147424433385780596e-04,-2.163514491480833524e-03,-2.750844296400300482e-01,9.688974729623488713e+00,-4.496769514947084645e+03,3.067465471743379908e+02,-3.055965538451877350e+01,-2.646637375054624286e+01,-3.055965708260350056e+01,-2.646637158964845682e+01,-3.055965567353787193e+01,-2.646637338226186742e+01,-3.055965538451807717e+01,-2.646637375054588759e+01,-4.873848208313725081e+03,4.290418705008887628e+02,-4.873848208313725081e+03,4.290418705008876259e+02,-4.873848208313725081e+03,4.290418705008878533e+02,-4.873848208313725081e+03,4.290418705008869438e+02
1.635137843652126867e+04,-1.000006663496740389e+00,-9.527298938660777594e-08,-1.475497343429443831e-04,-2.079108458780905277e-03,1.581060677702250672e-05,-1.911341917186504258e-05,1.581060577976467485e-05,-1.911341992708037729e-05,1.581060658947808228e-05,-1.911341931365440061e-05,1.581060677696699557e-05,-1.911341917192055373e-05,-2.251251504925000368e-04,-2.224731002231472576e-03,-2.251251504925000368e-04,-2.224731002231472576e-03,-2.251251504925555480e-04,-2.224731002231500332e-03,-2.251251504924445257e-04,-2.224731002231472576e-03,-2.926401673857635943e-01,9.973916459341717555e+00,-4.497108007902889767e+03,3.158249135263079665e+02,-3.140111730359779330e+01,-2.639235457974028520e+01,-3.140111894699968431e+01,-2.639235242666461900e+01,-3.140111761212137509e+01,-2.639235417497111058e+01,-3.140111730359764053e+01,-2.639235457973996546e+01,-4.870969867277750382e+03,4.380401634830847684e+02,-4.870969867277750382e+03,4.380401634830843136e+02,-4.870969867277750382e+03,4.380401634830843136e+02,-4.870969867277749472e+03,4.380401634830834041e+02
1.682896854410312153e+04,-1.000007059962705114e+00,-1.108478760447617617e-07,-1.563579674428439148e-04,-2.140009056488811900e-03,1.621219653341610112e-05,-2.019124240681957616e-05,1.621219551148356253e-05,-2.019124315806586356e-05,1.621219621908420727e-05,-2.019124263751004289e-05,1.621219653338834554e-05,-2.019124240688896510e-05,-2.360024097255997155e-04,-2.287703913891131480e-03,-2.360024097255997155e-04,-2.287703913891159235e-03,-2.360024097255997155e-04,-2.287703913891103724e-03,-2.360024097254886932e-04,-2.287703913891131480e-03,-3.113218335756693933e-01,1.026743549545258460e+01,-4.497466034359165860e+03,3.251793288502929045e+02,-3.224290769931356948e+01,-2.629534309406859549e+01,-3.224290928828004610e+01,-2.629534095015435824e+01,-3.224290818729884478e+01,-2.629534243470642707e+01,-3.224290769931405976e+01,-2.629534309406798442e+01,-4.868137581866852997e+03,4.472272102145939243e+02,-4.868137581866851178e+03,4.472272102145934696e+02,-4.868137581866852997e+03,4.472272102145948338e+02,-4.868137581866853907e+03,4.472272102145938675e+02
1.732050807568892196e+04,-1.000007480172847574e+00,-1.280936240549701566e-07,-1.656960287020892153e-04,-2.202703853011606094e-03,1.660930885558076220e-05,-2.131534296830051023e-05,1.660930780897351688e-05,-2.131534371489773871e-05,1.660930862668053010e-05,-2.131534313128125024e-05,1.660930885546973990e-05,-2.131534296836989917e-05,-2.474021860347508373e-04,-2.352488848628792040e-03,-2.474021860346953261e-04,-2.352488848628792040e-03,-2.474021860346953261e-04,-2.352488848628819795e-03,-2.474021860346398149e-04,-2.352488848628792040e-03,-3.311996140431668345e-01,1.056981156162973612e+01,-4.497844675868645936e+03,3.348188536222952507e+02,-3.308406453240858980e+01,-2.617558517032906451e+01,-3.308406606727547228e+01,-2.617558303689170174e+01,-3.308406486746941511e+01,-2.617558470390254755e+01,-3.308406453240909428e+01,-2.617558517032819410e+01,-4.865358218205276899e+03,4.566141623557298885e+02,-4.865358218205276899e+03,4.566141623557296612e+02,-4.865358218205276899e+03,4.566141623557303433e+02,-4.865358218205276899e+03,4.566141623557296612e+02
1.782640446524129220e+04,-1.000007925570922884e+00,-1.471729031421453726e-07,-1.755962814513623016e-04,-2.267246591971042169e-03,1.700112809926990209e-05,-2.248690079975634859e-05,1.700112702815448351e-05,-2.248690154092736204e-05,1.700112787830776462e-05,-2.248690095234262554e-05,1.700112809924214652e-05,-2.248690079974247080e-05,-2.593545287589704706e-04,-2.419143372148713222e-03,-2.593545287589704706e-04,-2.419143372148713222e-03,-2.593545287590259818e-04,-2.419143372148740978e-03,-2.593545287590814930e-04,-2.419143372148713222e-03,-3.523477124235609992e-01,1.088133548303779108e+01,-4.498245067721120904e+03,3.447529044805219200e+02,-3.392367786951341913e+01,-2.603340444456419434e+01,-3.392367935069977847e+01,-2.603340232289470890e+01,-3.392367817456099743e+01,-2.603340400693186396e+01,-3.392367786951330544e+01,-2.603340444456379643e+01,-4.862638537099081077e+03,4.662129364027541669e+02,-4.862638537099081077e+03,4.662129364027541669e+02,-4.862638537099081987e+03,4.662129364027541669e+02,-4.862638537099081077e+03,4.662129364027537122e+02
1.834707704703027412e+04,-1.000008397691242390e+00,-1.682634631627877297e-07,-1.860931259151099582e-04,-2.333692698582273684e-03,1.738684228566600432e-05,-2.370713215164854670e-05,1.738684119015343477e-05,-2.370713288685211140e-05,1.738684196234130397e-05,-2.370713236821142544e-05,1.738684228572151547e-05,-2.370713215166242449e-05,-2.718917225649764013e-04,-2.487727040152321045e-03,-2.718917225649208902e-04,-2.487727040152321045e-03,-2.718917225649764013e-04,-2.487727040152321045e-03,-2.718917225649764013e-04,-2.487727040152321045e-03,-3.748445517017640061e-01,1.120230976309237469e+01,-4.498668400818016380e+03,3.549912728434827613e+02,-3.476089990457185763e+01,-2.586919520912971393e+01,-3.476090133257764592e+01,-2.586919310048600096e+01,-3.476090032533234364e+01,-2.586919458681358108e+01,-3.476089990457086998e+01,-2.586919520913098580e+01,-4.859985162748284893e+03,4.760362128339947390e+02,-4.859985162748283983e+03,4.760362128339947390e+02,-4.859985162748286712e+03,4.760362128339951937e+02,-4.859985162748284893e+03,4.760362128339947958e+02
1.888295740321680205e+04,-1.000008898164678861e+00,-1.915594719514857047e-07,-1.972231346369923699e-04,-2.402099337389940192e-03,1.776564411229419882e-05,-2.497729842609874851e-05,1.776564299243998946e-05,-2.497729915465485284e-05,1.776564383143552917e-05,-2.497729860845288030e-05,1.776564411229419882e-05,-2.497729842612650408e-05,-2.850484462256774876e-04,-2.558301445228200466e-03,-2.850484462256774876e-04,-2.558301445228200466e-03,-2.850484462256774876e-04,-2.558301445228144955e-03,-2.850484462256774876e-04,-2.558301445228172710e-03,-3.987729847455263044e-01,1.153304920602065131e+01,-4.499115923463182298e+03,3.655441450509670176e+02,-3.559495301571370618e+01,-2.568341629970353424e+01,-3.559495439112136950e+01,-2.568341420529621288e+01,-3.559495336006900601e+01,-2.568341577445072588e+01,-3.559495301571352854e+01,-2.568341629970356266e+01,-4.857404554281921264e+03,4.860974334565942172e+02,-4.857404554281921264e+03,4.860974334565942172e+02,-4.857404554281921264e+03,4.860974334565939898e+02,-4.857404554281921264e+03,4.860974334565942172e+02
1.943448972158839388e+04,-1.000009428725102234e+00,-2.172729673122208993e-07,-2.090251977536761174e-04,-2.472525472232423027e-03,1.813673203793220168e-05,-2.629871537930539294e-05,1.813673089393064153e-05,-2.629871610046463637e-05,1.813673169906437899e-05,-2.629871559244045809e-05,1.813673203790444610e-05,-2.629871537933314851e-05,-2.988619396644964787e-04,-2.630930264585357170e-03,-2.988619396644964787e-04,-2.630930264585301659e-03,-2.988619396644964787e-04,-2.630930264585357170e-03,-2.988619396643854564e-04,-2.630930264585246148e-03,-4.242205151988777123e-01,1.187388158159438767e+01,-4.499588943071291396e+03,3.764221239352075372e+02,-3.642513628688107730e+01,-2.547658568628212095e+01,-3.642513761034244624e+01,-2.547658360728477334e+01,-3.642513667814221634e+01,-2.547658507057746391e+01,-3.642513628688089966e+01,-2.547658568628171949e+01,-4.854902980535650386e+03,4.964107973041880655e+02,-4.854902980535650386e+03,4.964107973041878381e+02,-4.854902980535650386e+03,4.964107973041880655e+02,-4.854902980535651295e+03,4.964107973041878381e+02
2.000213116374355741e+04,-1.000009991216284977e+00,-2.456354332158738885e-07,-2.215406789122242870e-04,-2.545031928512561659e-03,1.849930881731021159e-05,-2.767276435772236809e-05,1.849930764935558969e-05,-2.767276507084637238e-05,1.849930851904879603e-05,-2.767276453942424386e-05,1.849930881733796717e-05,-2.767276435773624588e-05,-3.133721799953304021e-04,-2.705679309170289093e-03,-3.133721799953304021e-04,-2.705679309170289093e-03,-3.133721799953304021e-04,-2.705679309170289093e-03,-3.133721799952748910e-04,-2.705679309170289093e-03,-4.512795294654683986e-01,1.222514833495952047e+01,-4.500088827768934607e+03,3.876362519194797756e+02,-3.725083361326747422e+01,-2.524927107502508150e+01,-3.725083488550632183e+01,-2.524926901255679823e+01,-3.725083393754269423e+01,-2.524927054836690843e+01,-3.725083361326801423e+01,-2.524927107502566415e+01,-4.852486498516897882e+03,5.069912557492691008e+02,-4.852486498516897882e+03,5.069912557492691008e+02,-4.852486498516897882e+03,5.069912557492691008e+02,-4.852486498516898791e+03,5.069912557492697829e+02
2.058635224403010216e+04,-1.000010587599317491e+00,-2.768995099738935650e-07,-2.348135827572317424e-04,-2.619681457842068517e-03,1.885258086400942723e-05,-2.910090324845238108e-05,1.885257967235154375e-05,-2.910090395297215693e-05,1.885258054171168318e-05,-2.910090343852256289e-05,1.885258086403718281e-05,-2.910090324845238108e-05,-3.286220673943685000e-04,-2.782616574449336966e-03,-3.286220673943129889e-04,-2.782616574449309210e-03,-3.286220673943685000e-04,-2.782616574449336966e-03,-3.286220673943685000e-04,-2.782616574449253699e-03,-4.800475400660549341e-01,1.258720534825575577e+01,-4.500617007842794010e+03,3.991980358500093189e+02,-3.807151891779437136e+01,-2.500208318818702224e+01,-3.807152013959660763e+01,-2.500208114331384124e+01,-3.807151924758193218e+01,-2.500208263517961527e+01,-3.807151891779459163e+01,-2.500208318818471653e+01,-4.850160935546304245e+03,5.178545075261507691e+02,-4.850160935546302426e+03,5.178545075261503143e+02,-4.850160935546304245e+03,5.178545075261507691e+02,-4.850160935546304245e+03,5.178545075261512238e+02
2.118763721955146320e+04,-1.000011219960573294e+00,-3.113408501426162545e-07,-2.488907349594837726e-04,-2.696538805126255656e-03,1.919575516115545888e-05,-3.058467923360008722e-05,1.919575394598860285e-05,-3.058467992890501197e-05,1.919575505399118143e-05,-3.058467929473174252e-05,1.919575516118321445e-05,-3.058467923360008722e-05,-3.446576218498198507e-04,-2.861812293438542598e-03,-3.446576218498198507e-04,-2.861812293438542598e-03,-3.446576218498198507e-04,-2.861812293438570354e-03,-3.446576218497643396e-04,-2.861812293438487087e-03,-5.106274410199567182e-01,1.296042375853041584e+01,-4.501174976993975179e+03,4.111194737019717422e+02,-3.888676237978972239e+01,-2.473566586143699908e+01,-3.888676355200213663e+01,-2.473566383516904921e+01,-3.888676248293126037e+01,-2.473566568279106193e+01,-3.888676237978929606e+01,-2.473566586143673973e+01,-4.847931875369674344e+03,5.290169944434813942e+02,-4.847931875369674344e+03,5.290169944434813942e+02,-4.847931875369674344e+03,5.290169944434813942e+02,-4.847931875369675254e+03,5.290169944434811669e+02
2.180648449156430797e+04,-1.000011890520264402e+00,-3.492601325510991117e-07,-2.638219757115090047e-04,-2.775670778177780074e-03,1.952803624491461498e-05,-3.212574169406123836e-05,1.952803500640531986e-05,-3.212574237958232271e-05,1.952803616639409157e-05,-3.212574173737381411e-05,1.952803624488685941e-05,-3.212574169403348279e-05,-3.615281917512258580e-04,-2.943338992357602546e-03,-3.615281917511703469e-04,-2.943338992357574790e-03,-3.615281917512813692e-04,-2.943338992357602546e-03,-3.615281917512258580e-04,-2.943338992357547035e-03,-5.431277769315411286e-01,1.334519082857898020e+01,-4.501764293394672677e+03,4.234130830700555066e+02,-3.969623462897849464e+01,-2.445068778456311165e+01,-3.969623575250176373e+01,-2.445068577784519448e+01,-3.969623470004044208e+01,-2.445068765737542904e+01,-3.969623462897982336e+01,-2.445068778456352021e+01,-4.845804648187103339e+03,5.404958982123602027e+02,-4.845804648187105158e+03,5.404958982123599753e+02,-4.845804648187103339e+03,5.404958982123606575e+02,-4.845804648187104249e+03,5.404958982123611122e+02
2.244340701860012996e+04,-1.000012601641660837e+00,-3.909852446942752024e-07,-2.796603682392317936e-04,-2.857146319843684168e-03,1.984862135151477247e-05,-3.372585640644409910e-05,1.984862008991283844e-05,-3.372585708164010931e-05,1.984862114992602677e-05,-3.372585651401083240e-05,1.984862135151477247e-05,-3.372585640640246574e-05,-3.792866760683466509e-04,-3.027271549289139996e-03,-3.792866760684021621e-04,-3.027271549289112240e-03,-3.792866760683466509e-04,-3.027271549289139996e-03,-3.792866760683466509e-04,-3.027271549289112240e-03,-5.776630231523245396e-01,1.374191089861654902e+01,-4.502386580381407839e+03,4.360919322627132715e+02,-4.049971095440483992e+01,-2.414783271794179598e+01,-4.049971203018631627e+01,-2.414783073165541083e+01,-4.049971112592055533e+01,-2.414783240056452840e+01,-4.049971095440457702e+01,-2.414783271794204822e+01,-4.843784324455344176e+03,5.523091398536854513e+02,-4.843784324455342357e+03,5.523091398536854513e+02,-4.843784324455344176e+03,5.523091398536854513e+02,-4.843784324455343267e+03,5.523091398536842007e+02
2.309893274165329422e+04,-1.000013355841001372e+00,-4.368736519627658410e-07,-2.964624231038825997e-04,-2.941036582775807817e-03,2.015669391974839186e-05,-3.538692082928618365e-05,2.015669263527586352e-05,-3.538692149357425265e-05,2.015669379773488146e-05,-3.538692089213868464e-05,2.015669391966512514e-05,-3.538692082928618365e-05,-3.979897611066651741e-04,-3.113687256387720481e-03,-3.979897611066651741e-04,-3.113687256387692726e-03,-3.979897611067206853e-04,-3.113687256387692726e-03,-3.979897611066651741e-04,-3.113687256387692726e-03,-6.143538816307273498e-01,1.415100639547270056e+01,-4.503043526868821573e+03,4.491696733261733812e+02,-4.129707506448324494e+01,-2.382778891543906141e+01,-4.129707609351302011e+01,-2.382778695039928962e+01,-4.129707516197039752e+01,-2.382778872884707511e+01,-4.129707506448353627e+01,-2.382778891543869904e+01,-4.841875712521011337e+03,5.644753815271213853e+02,-4.841875712521008609e+03,5.644753815271213853e+02,-4.841875712521009518e+03,5.644753815271204758e+02,-4.841875712521012247e+03,5.644753815271221811e+02
2.377360502178793104e+04,-1.000014155798182092e+00,-4.873149636874796187e-07,-3.142883402031948492e-04,-3.027415006782899209e-03,2.045141752254897582e-05,-3.711097934608331705e-05,2.045141621556667566e-05,-3.711097999899160005e-05,2.045141725900978535e-05,-3.711097947731167856e-05,2.045141752254897582e-05,-3.711097934606943927e-05,-4.176981739783536263e-04,-3.202665885762984166e-03,-4.176981739783536263e-04,-3.202665885762956410e-03,-4.176981739784091374e-04,-3.202665885762956410e-03,-4.176981739783536263e-04,-3.202665885762956410e-03,-6.533275887657813419e-01,1.457291893360932633e+01,-4.503736887271010346e+03,4.626605780001208359e+02,-4.208832063460088335e+01,-2.349124117961648039e+01,-4.208832161790677873e+01,-2.349123923657034396e+01,-4.208832083241409094e+01,-2.349124078778379143e+01,-4.208832063460136652e+01,-2.349124117961603631e+01,-4.840083359544312771e+03,5.770140322956563068e+02,-4.840083359544312771e+03,5.770140322956558521e+02,-4.840083359544313680e+03,5.770140322956556247e+02,-4.840083359544315499e+03,5.770140322956559658e+02
2.446798309052643890e+04,-1.000015004368280058e+00,-5.427337143038002409e-07,-3.332022697428715929e-04,-3.116357398815244872e-03,2.073192542556556717e-05,-3.890024103940514788e-05,2.073192409635105093e-05,-3.890024168042016672e-05,2.073192523682765298e-05,-3.890024113011036899e-05,2.073192542556556717e-05,-3.890024103941902567e-05,-4.384769545314470829e-04,-3.294289759611462864e-03,-4.384769545315303496e-04,-3.294289759611435109e-03,-4.384769545313638162e-04,-3.294289759611435109e-03,-4.384769545315858608e-04,-3.294289759611462864e-03,-6.947182375690410527e-01,1.500811050024289628e+01,-4.504468480921444097e+03,4.765795763808403080e+02,-4.287355467641621232e+01,-2.313885827600353551e+01,-4.287355561505389545e+01,-2.313885635562584042e+01,-4.287355480931374530e+01,-2.313885800341061483e+01,-4.287355467641567941e+01,-2.313885827600456579e+01,-4.838411555722153935e+03,5.899452581884456777e+02,-4.838411555722153935e+03,5.899452581884445408e+02,-4.838411555722155754e+03,5.899452581884454503e+02,-4.838411555722153935e+03,5.899452581884452229e+02
2.518264251339290422e+04,-1.000015904593990701e+00,-6.035923762609529675e-07,-3.532725939111580615e-04,-3.207942015562306737e-03,2.099731182500508275e-05,-4.075709676419625449e-05,2.099731047366937275e-05,-4.075709739283228661e-05,2.099731155669193328e-05,-4.075709688855511104e-05,2.099731182503283833e-05,-4.075709676419625449e-05,-4.603957476961018092e-04,-3.388643824592030285e-03,-4.603957476961018092e-04,-3.388643824592030285e-03,-4.603957476961018092e-04,-3.388643824592030285e-03,-4.603957476961573203e-04,-3.388643824592030285e-03,-7.386671141842346966e-01,1.545706473331494735e+01,-4.505240190893999170e+03,4.909422985444836627e+02,-4.365299766102813805e+01,-2.277128530196030098e+01,-4.365299855607964474e+01,-2.277128340485612057e+01,-4.365299783821226498e+01,-2.277128492540219895e+01,-4.365299766102736356e+01,-2.277128530196062073e+01,-4.836864341157889612e+03,6.032899971014433049e+02,-4.836864341157889612e+03,6.032899971014433049e+02,-4.836864341157889612e+03,6.032899971014433049e+02,-4.836864341157889612e+03,6.032899971014439870e+02
2.591817566699566305e+04,-1.000016859719065732e+00,-6.703946211217282070e-07,-3.745722313719390684e-04,-3.302249648563876372e-03,2.124661816652051449e-05,-4.268413894159550637e-05,2.124661679328565533e-05,-4.268413955745009591e-05,2.124661798563742821e-05,-4.268413902240586477e-05,2.124661816652051449e-05,-4.268413894160938415e-05,-4.835291190166401964e-04,-3.485815730830066350e-03,-4.835291190167512188e-04,-3.485815730830066350e-03,-4.835291190166401964e-04,-3.485815730830066350e-03,-4.835291190166124409e-04,-3.485815730830121861e-03,-7.853230465185737641e-01,1.592028831337006345e+01,-4.506053962041675732e+03,5.057651197394532119e+02,-4.442698558257816188e+01,-2.238913127172973816e+01,-4.442698643514746948e+01,-2.238912939842954586e+01,-4.442698569452837631e+01,-2.238913102505393482e+01,-4.442698558257770713e+01,-2.238913127173162820e+01,-4.835445515137298571e+03,6.170699797387110266e+02,-4.835445515137298571e+03,6.170699797387107992e+02,-4.835445515137298571e+03,6.170699797387107992e+02,-4.835445515137298571e+03,6.170699797387114813e+02
2.667519223004447485e+04,-1.000017873202849739e+00,-7.436888465328639342e-07,-3.971789665078162557e-04,-3.399363711768840779e-03,2.147882035530290779e-05,-4.468418114178529521e-05,2.147881896044645522e-05,-4.468418174434496404e-05,2.147882009653767632e-05,-4.468418125311290900e-05,2.147882035530290779e-05,-4.468418114177141742e-05,-5.079568956451174788e-04,-3.585895915440895365e-03,-5.079568956449787009e-04,-3.585895915440950876e-03,-5.079568956451174788e-04,-3.585895915440895365e-03,-5.079568956449509454e-04,-3.585895915440923121e-03,-8.348427658406131213e-01,1.639831247077693632e+01,-4.506911798166533117e+03,5.210652091812733033e+02,-4.519596953249190818e+01,-2.199296076677671863e+01,-4.519597034369041211e+01,-2.199295891774074718e+01,-4.519596968246363389e+01,-2.199296042391097572e+01,-4.519596953249148186e+01,-2.199296076677734035e+01,-4.834158647129166638e+03,6.313077567967483219e+02,-4.834158647129168457e+03,6.313077567967483219e+02,-4.834158647129166638e+03,6.313077567967483219e+02,-4.834158647129166638e+03,6.313077567967484356e+02
2.745431968870929268e+04,-1.000018948736011160e+00,-8.240719901603243969e-07,-4.211758058266790172e-04,-3.499370331379508814e-03,2.169281132002875978e-05,-4.676028015590527609e-05,2.169280990382826957e-05,-4.676028074479532393e-05,2.169281099337339036e-05,-4.676028029114431828e-05,2.169281132008427093e-05,-4.676028015589139830e-05,-5.337645359221876440e-04,-3.688977690764982942e-03,-5.337645359221876440e-04,-3.688977690764955186e-03,-5.337645359221876440e-04,-3.688977690764982942e-03,-5.337645359221876440e-04,-3.688977690765010697e-03,-8.873912796698379957e-01,1.689169462392986532e+01,-4.507815758140030994e+03,5.368605828943565257e+02,-4.596051662907484570e+01,-2.158328199111658918e+01,-4.596051740002499031e+01,-2.158328016673630145e+01,-4.596051680631806846e+01,-2.158328157036542549e+01,-4.596051662907540702e+01,-2.158328199111716117e+01,-4.833007089155757967e+03,6.460267332877454010e+02,-4.833007089155757058e+03,6.460267332877454010e+02,-4.833007089155757967e+03,6.460267332877454010e+02,-4.833007089155757058e+03,6.460267332877447188e+02
2.825620385673951751e+04,-1.000020090257584426e+00,-9.121936502959338000e-07,-4.466513638929914265e-04,-3.602358437816879921e-03,2.188738291578062878e-05,-4.891575865542674428e-05,2.188738147826385649e-05,-4.891575923027247086e-05,2.188738263061984490e-05,-4.891575876896092634e-05,2.188738291572511763e-05,-4.891575865544062207e-05,-5.610435304159167025e-04,-3.795157337092430749e-03,-5.610435304158611913e-04,-3.795157337092430749e-03,-5.610435304158334358e-04,-3.795157337092458505e-03,-5.610435304158889469e-04,-3.795157337092486260e-03,-9.431422563187312758e-01,1.740102015264410440e+01,-4.508767950848230612e+03,5.531701607075308402e+02,-4.672130950238051383e+01,-2.116053717046597882e+01,-4.672131023420611484e+01,-2.116053537105861793e+01,-4.672130964701459277e+01,-2.116053681365453798e+01,-4.672130950238074831e+01,-2.116053717046462168e+01,-4.831993988857519071e+03,6.612512102242759511e+02,-4.831993988857518161e+03,6.612512102242759511e+02,-4.831993988857520890e+03,6.612512102242764058e+02,-4.831993988857519980e+03,6.612512102242762921e+02
2.908150941077487369e+04,-1.000021301973475385e+00,-1.008760528803387402e-06,-4.737002822718938688e-04,-3.708419859380529537e-03,2.206120476280770681e-05,-5.115422959858784147e-05,2.206120330430771936e-05,-5.115423015891740199e-05,2.206120443210002335e-05,-5.115422972506999955e-05,2.206120476289097354e-05,-5.115422959860171925e-05,-5.898918386724461005e-04,-3.904534199562909036e-03,-5.898918386723905893e-04,-3.904534199562881280e-03,-5.898918386724461005e-04,-3.904534199562909036e-03,-5.898918386722795670e-04,-3.904534199562909036e-03,-1.002278413961489312e+00,1.792690434879608219e+01,-4.509770528567360998e+03,5.700138286059037682e+02,-4.747914588697435789e+01,-2.072509222796815109e+01,-4.747914658079516670e+01,-2.072509045378860648e+01,-4.747914604372994773e+01,-2.072509182570788866e+01,-4.747914588697284444e+01,-2.072509222796893624e+01,-4.831122302511424095e+03,6.770064351869314123e+02,-4.831122302511422276e+03,6.770064351869311849e+02,-4.831122302511424095e+03,6.770064351869314123e+02,-4.831122302511424095e+03,6.770064351869307302e+02
2.993092044129160422e+04,-1.000022588376532573e+00,-1.114541224964127331e-06,-5.024236836655981975e-04,-3.817649417448318316e-03,2.221279921785224154e-05,-5.347962266261108155e-05,2.221279773850781680e-05,-5.347962320806365355e-05,2.221279887015814580e-05,-5.347962279017570708e-05,2.221279921787999712e-05,-5.347962266262495934e-05,-6.204143645762161263e-04,-4.017210789141884009e-03,-6.204143645762161263e-04,-4.017210789141884009e-03,-6.204143645762161263e-04,-4.017210789141884009e-03,-6.204143645760773484e-04,-4.017210789141856253e-03,-1.064991919997411163e+00,1.846999451645989510e+01,-4.510825678810716454e+03,5.874125056060214547e+02,-4.823493849957179691e+01,-2.027722522080030743e+01,-4.823493915650261954e+01,-2.027722347202820075e+01,-4.823493865337332664e+01,-2.027722480983830522e+01,-4.823493849957171875e+01,-2.027722522079855239e+01,-4.830394807690477137e+03,6.933186610319221472e+02,-4.830394807690477137e+03,6.933186610319221472e+02,-4.830394807690478046e+03,6.933186610319221472e+02,-4.830394807690478046e+03,6.933186610319228294e+02
3.080514101964068323e+04,-1.000023954268390636e+00,-1.230371391380824520e-06,-5.329296658773685635e-04,-3.930145022465844629e-03,2.234051388239066682e-05,-5.589621210787265593e-05,2.234051238231282710e-05,-5.589621263805966134e-05,2.234051356167499058e-05,-5.589621222061580408e-05,2.234051388244617797e-05,-5.589621210787265593e-05,-6.527234757822131250e-04,-4.133292886762479634e-03,-6.527234757821576139e-04,-4.133292886762479634e-03,-6.527234757822131250e-04,-4.133292886762479634e-03,-6.527234757821576139e-04,-4.133292886762479634e-03,-1.131484788284239595e+00,1.903097228842072752e+01,-4.511935614032800004e+03,6.053882170647794965e+02,-4.898971430683395312e+01,-1.981711574426509515e+01,-4.898971492797458893e+01,-1.981711402102040509e+01,-4.898971443907265666e+01,-1.981711537592494210e+01,-4.898971430683393891e+01,-1.981711574426525502e+01,-4.829814114446701751e+03,7.102152148302635624e+02,-4.829814114446700842e+03,7.102152148302642445e+02,-4.829814114446701751e+03,7.102152148302635624e+02,-4.829814114446701751e+03,7.102152148302644719e+02
3.170489578164803243e+04,-1.000025404783232652e+00,-1.357159280457320705e-06,-5.653338385884776329e-04,-4.046007770315246388e-03,2.244248974778151329e-05,-5.840864684426849696e-05,2.244248822702576973e-05,-5.840864735882911329e-05,2.244248939864412762e-05,-5.840864696170233739e-05,2.244248974780926886e-05,-5.840864684425461917e-05,-6.869395710983883241e-04,-4.252889650202817950e-03,-6.869395710982773018e-04,-4.252889650202845706e-03,-6.869395710983328129e-04,-4.252889650202817950e-03,-6.869395710983328129e-04,-4.252889650202817950e-03,-1.201969277857053653e+00,1.961055613847065615e+01,-4.513102559131712042e+03,6.239641737820800245e+02,-4.974461402175234781e+01,-1.934483336740271753e+01,-4.974461460818653791e+01,-1.934483166973498669e+01,-4.974461415581929202e+01,-1.934483297764636234e+01,-4.974461402175224123e+01,-1.934483336740277792e+01,-4.829382674651945308e+03,7.277245764650494948e+02,-4.829382674651947127e+03,7.277245764650494948e+02,-4.829382674651947127e+03,7.277245764650499495e+02,-4.829382674651946218e+03,7.277245764650499495e+02
3.263093052826050916e+04,-1.000026945413699853e+00,-1.495891691793982403e-06,-5.997599080560522822e-04,-4.165342038082137099e-03,2.251662454624825394e-05,-6.102198277956050187e-05,2.251662300492562885e-05,-6.102198327809227330e-05,2.251662410529542413e-05,-6.102198292129434876e-05,2.251662454619274278e-05,-6.102198277953274630e-05,-7.231917019703548721e-04,-4.376113722509011872e-03,-7.231917019703548721e-04,-4.376113722509011872e-03,-7.231917019703548721e-04,-4.376113722509011872e-03,-7.231917019703271166e-04,-4.376113722509011872e-03,-1.276668282016065969e+00,2.020950414314768295e+01,-4.514328736141827903e+03,6.431648584029094309e+02,-5.050089172313408881e+01,-1.886032522939727940e+01,-5.050089227592195584e+01,-1.886032355730022658e+01,-5.050089188051504152e+01,-1.886032475119322172e+01,-5.050089172313360564e+01,-1.886032522939726164e+01,-4.829102788467796927e+03,7.458764685442946529e+02,-4.829102788467796927e+03,7.458764685442946529e+02,-4.829102788467796927e+03,7.458764685442946529e+02,-4.829102788467796017e+03,7.458764685442943119e+02
3.358401284373552335e+04,-1.000028582039144576e+00,-1.647640346491563434e-06,-6.363403139073575687e-04,-4.288255578394684076e-03,2.256053081331477195e-05,-6.374171753995017120e-05,2.256052925153628763e-05,-6.374171802209227522e-05,2.256053052573925299e-05,-6.374171762815739051e-05,2.256053081334252752e-05,-6.374171753996404899e-05,-7.616182533244919561e-04,-4.503081340906267549e-03,-7.616182533244642006e-04,-4.503081340906239793e-03,-7.616182533244919561e-04,-4.503081340906267549e-03,-7.616182533243809338e-04,-4.503081340906267549e-03,-1.355815707051854835e+00,2.082861699015711920e+01,-4.515616345868472308e+03,6.630161189746672790e+02,-5.125991451804959098e+01,-1.836340289034635731e+01,-5.125991503822856998e+01,-1.836340124375209015e+01,-5.125991461337263644e+01,-1.836340258715121010e+01,-5.125991451805010968e+01,-1.836340289034576756e+01,-4.828976607340189730e+03,7.647019575108824938e+02,-4.828976607340187911e+03,7.647019575108824938e+02,-4.828976607340189730e+03,7.647019575108824938e+02,-4.828976607340190640e+03,7.647019575108821527e+02
3.456493273188669264e+04,-1.000030320956523777e+00,-1.813568693165290568e-06,-6.752169243020578193e-04,-4.414859610860411010e-03,2.257148917883533557e-05,-6.657382732047634200e-05,2.257148759646221414e-05,-6.657382778582632277e-05,2.257148878825887550e-05,-6.657382743457951335e-05,2.257148917891860229e-05,-6.657382732046246421e-05,-8.023676912833899166e-04,-4.633912444312937584e-03,-8.023676912833899166e-04,-4.633912444312909829e-03,-8.023676912833899166e-04,-4.633912444312937584e-03,-8.023676912833344055e-04,-4.633912444312909829e-03,-1.439656825924259032e+00,2.146874129418367971e+01,-4.516967545688582504e+03,6.835452713403867619e+02,-5.202316183260850124e+01,-1.785372961740780084e+01,-5.202316232118221251e+01,-1.785372799619316098e+01,-5.202316195258974574e+01,-1.785372921721679518e+01,-5.202316183260801807e+01,-1.785372961740738873e+01,-4.829006132311787951e+03,7.842335677469696975e+02,-4.829006132311788861e+03,7.842335677469692428e+02,-4.829006132311787951e+03,7.842335677469696975e+02,-4.829006132311787951e+03,7.842335677469696975e+02
3.557450327091295912e+04,-1.000032168914158026e+00,-1.994939168248333061e-06,-7.165417943212348817e-04,-4.545268909388611167e-03,2.254639188853380105e-05,-6.952480733246613198e-05,2.254639028553828695e-05,-6.952480778063541145e-05,2.254639137946878868e-05,-6.952480747372813408e-05,2.254639188858931220e-05,-6.952480733245225419e-05,-8.455993841372244635e-04,-4.768730777967966628e-03,-8.455993841373077302e-04,-4.768730777967994383e-03,-8.455993841372244635e-04,-4.768730777967966628e-03,-8.455993841372799746e-04,-4.768730777967966628e-03,-1.528448607288204641e+00,2.213077320627215983e+01,-4.518384423264124962e+03,7.047812098704742994e+02,-5.279222573148633302e+01,-1.733080360304989753e+01,-5.279222618942932854e+01,-1.733080200703647833e+01,-5.279222587609415029e+01,-1.733080309626588189e+01,-5.279222573148614828e+01,-1.733080360305018530e+01,-4.829193207162684303e+03,8.045054083042606408e+02,-4.829193207162682484e+03,8.045054083042602997e+02,-4.829193207162684303e+03,8.045054083042606408e+02,-4.829193207162683393e+03,8.045054083042596176e+02
3.661356128735385573e+04,-1.000034133148755444e+00,-2.193120901022860281e-06,-7.604779959083929342e-04,-4.679601883054135270e-03,2.248168047602749908e-05,-7.260171429693262901e-05,2.248167861837457870e-05,-7.260171478908061804e-05,2.248168015661633490e-05,-7.260171438097651198e-05,2.248168047591647678e-05,-7.260171429698814016e-05,-8.914845063941190251e-04,-4.907663992021277233e-03,-8.914845063941190251e-04,-4.907663992021221722e-03,-8.914845063941190251e-04,-4.907663992021277233e-03,-8.914845063941190251e-04,-4.907663992021277233e-03,-1.622459995410419298e+00,2.281566240912536969e+01,-4.519868964993569534e+03,7.267545290869542214e+02,-5.356881040021671225e+01,-1.679394231441408181e+01,-5.356881088978884975e+01,-1.679394051705930124e+01,-5.356881048395631240e+01,-1.679394200537700499e+01,-5.356881040021735885e+01,-1.679394231441501262e+01,-4.829539504647868853e+03,8.255533149079627719e+02,-4.829539504647867943e+03,8.255533149079624309e+02,-4.829539504647868853e+03,8.255533149079627719e+02,-4.829539504647868853e+03,8.255533149079627719e+02
3.768296804972967948e+04,-1.000036221425979477e+00,-2.409597878810787464e-06,-8.072005252540703779e-04,-4.817980648649411446e-03,2.237327267151645316e-05,-7.581221224899070688e-05,2.237327102694308678e-05,-7.581221266150794946e-05,2.237327253951093553e-05,-7.581221228178391947e-05,2.237327267151645316e-05,-7.581221224897682909e-05,-9.402070337094781127e-04,-5.050843731641996293e-03,-9.402070337094781127e-04,-5.050843731641996293e-03,-9.402070337094781127e-04,-5.050843731642024048e-03,-9.402070337095891350e-04,-5.050843731641996293e-03,-1.721972140739853163e+00,2.352441647684548798e+01,-4.521423018874176705e+03,7.494976554131590092e+02,-5.435473201093192586e+01,-1.624226384972663340e+01,-5.435473241038014436e+01,-1.624226230337738741e+01,-5.435473204278057580e+01,-1.624226372564083221e+01,-5.435473201093215323e+01,-1.624226384972651616e+01,-4.830046505241633895e+03,8.474150066063441500e+02,-4.830046505241633895e+03,8.474150066063441500e+02,-4.830046505241633895e+03,8.474150066063442637e+02,-4.830046505241632985e+03,8.474150066063434679e+02
3.878360998244141956e+04,-1.000038442085033896e+00,-2.645977546678057735e-06,-8.568972973999056109e-04,-4.960531091686204430e-03,2.221647894062872552e-05,-7.916462106421356948e-05,2.221647727507214398e-05,-7.916462145819702645e-05,2.221647871702980837e-05,-7.916462111661609624e-05,2.221647894068423668e-05,-7.916462106422050837e-05,-9.919648406060410650e-04,-5.198405714328085958e-03,-9.919648406061243318e-04,-5.198405714328058203e-03,-9.919648406060410650e-04,-5.198405714328058203e-03,-9.919648406060133095e-04,-5.198405714328058203e-03,-1.827278553269423345e+00,2.425810568987076010e+01,-4.523048250422052661e+03,7.730449914953373991e+02,-5.515191822471771133e+01,-1.567466702229144460e+01,-5.515191859621805293e+01,-1.567466550031090833e+01,-5.515191827422962945e+01,-1.567466681802820183e+01,-5.515191822471745553e+01,-1.567466702228969133e+01,-4.830715466518669928e+03,8.701302597603464619e+02,-4.830715466518669928e+03,8.701302597603464619e+02,-4.830715466518669928e+03,8.701302597603464619e+02,-4.830715466518671747e+03,8.701302597603462345e+02
3.991639940052227757e+04,-1.000040804087703128e+00,-2.903999826359138225e-06,-9.097702369277316237e-04,-5.107382912534180752e-03,2.200590364631604956e-05,-8.266796843420243235e-05,2.200590195949869710e-05,-8.266796880914556445e-05,2.200590328721441225e-05,-8.266796851320173944e-05,2.200590364631604956e-05,-8.266796843421631014e-05,-1.046970912349814986e-03,-5.350489789898965620e-03,-1.046970912349731719e-03,-5.350489789899021131e-03,-1.046970912349814986e-03,-5.350489789898965620e-03,-1.046970912349731719e-03,-5.350489789898937865e-03,-1.938685163120732691e+00,2.501786833182637437e+01,-4.524746090710939825e+03,7.974330736498419583e+02,-5.596240795058757556e+01,-1.508980686498573398e+01,-5.596240829494548308e+01,-1.508980536701189479e+01,-5.596240802335174891e+01,-1.508980654604772020e+01,-5.596240795058789530e+01,-1.508980686498538049e+01,-4.831547381796048285e+03,8.937411001869093070e+02,-4.831547381796047375e+03,8.937411001869095344e+02,-4.831547381796048285e+03,8.937411001869093070e+02,-4.831547381796049194e+03,8.937411001869104439e+02
4.108227526584971201e+04,-1.000043317072328408e+00,-3.185546523037929845e-06,-9.660364747698935162e-04,-5.258669653662784160e-03,2.173533280053208117e-05,-8.633204395368937467e-05,2.173533109234293548e-05,-8.633204430900931481e-05,2.173533253768678009e-05,-8.633204400777111376e-05,2.173533280058759232e-05,-8.633204395371713025e-05,-1.105454683723416931e-03,-5.507239977435102185e-03,-1.105454683723416931e-03,-5.507239977435102185e-03,-1.105454683723416931e-03,-5.507239977435102185e-03,-1.105454683723416931e-03,-5.507239977435102185e-03,-2.056510268348366477e+00,2.580491650614128218e+01,-4.526517675399772997e+03,8.227007432688765221e+02,-5.678835005616187459e+01,-1.448606914101043053e+01,-5.678835037413256970e+01,-1.448606766663753653e+01,-5.678835010467897604e+01,-1.448606891417855813e+01,-5.678835005616245013e+01,-1.448606914101040566e+01,-4.832542926303738568e+03,9.182920144918462029e+02,-4.832542926303736749e+03,9.182920144918457481e+02,-4.832542926303738568e+03,9.182920144918462029e+02,-4.832542926303738568e+03,9.182920144918462029e+02
4.228220396544493997e+04,-1.000045991413411217e+00,-3.492651035774674284e-06,-1.025929664757563309e-03,-5.414528702239768121e-03,2.139760363395470932e-05,-9.016745553951099890e-05,2.139760190372763660e-05,-9.016745587456936883e-05,2.139760325553519138e-05,-9.016745561189060121e-05,2.139760363401022047e-05,-9.016745553946936553e-05,-1.167663521704359608e-03,-5.668804471251787103e-03,-1.167663521704304097e-03,-5.668804471251759347e-03,-1.167663521704331853e-03,-5.668804471251703836e-03,-1.167663521704331853e-03,-5.668804471251731592e-03,-2.181084325505275423e+00,2.662054258810157847e+01,-4.528363772701924972e+03,8.488893351977028487e+02,-5.763200137939614365e+01,-1.386154121785098781e+01,-5.763200167168126598e+01,-1.386153976663924325e+01,-5.763200144275860026e+01,-1.386154090038592912e+01,-5.763200137939702472e+01,-1.386154121785124715e+01,-4.833702388135036017e+03,9.438301841080619852e+02,-4.833702388135033289e+03,9.438301841080609620e+02,-4.833702388135036017e+03,9.438301841080609620e+02,-4.833702388135035108e+03,9.438301841080610757e+02
4.351718011250491691e+04,-1.000048838287381336e+00,-3.827508323228645537e-06,-1.089701430792011649e-03,-5.575101262662529589e-03,2.098445055981335017e-05,-9.418568796760312667e-05,2.098444880721528349e-05,-9.418568828178930374e-05,2.098445014736549652e-05,-9.418568804052396271e-05,2.098445055970232787e-05,-9.418568796762394335e-05,-1.233864366719766847e-03,-5.835335607873637365e-03,-1.233864366719766847e-03,-5.835335607873692876e-03,-1.233864366719766847e-03,-5.835335607873637365e-03,-1.233864366719711336e-03,-5.835335607873637365e-03,-2.312749567367291093e+00,2.746612630446416148e+01,-4.530284699260311754e+03,8.760428824744896019e+02,-5.849572402672885829e+01,-1.321397687258463804e+01,-5.849572429397418460e+01,-1.321397544405745172e+01,-5.849572408898668385e+01,-1.321397653644458003e+01,-5.849572402672934857e+01,-1.321397687258477482e+01,-4.835025582238327843e+03,9.704057418010203264e+02,-4.835025582238328752e+03,9.704057418010202127e+02,-4.835025582238327843e+03,9.704057418010203264e+02,-4.835025582238328752e+03,9.704057418010202127e+02
4.478822737083084212e+04,-1.000051869745392175e+00,-4.192484977127985957e-06,-1.157622961463822264e-03,-5.740532290800459680e-03,2.048632844248166052e-05,-9.839916146010818654e-05,2.048632666717953299e-05,-9.839916175261032016e-05,2.048632811757489236e-05,-9.839916151284378021e-05,2.048632844237063821e-05,-9.839916146013594211e-05,-1.304345553542807234e-03,-6.006989782025240476e-03,-1.304345553542723968e-03,-6.006989782025295987e-03,-1.304345553542807234e-03,-6.006989782025240476e-03,-1.304345553542696212e-03,-6.006989782025268232e-03,-2.451859388600353462e+00,2.834314257690574834e+01,-4.532280221281448576e+03,9.042083408885278004e+02,-5.938198052837523733e+01,-1.254075840442894041e+01,-5.938198077116744855e+01,-1.254075699808393551e+01,-5.938198057230539462e+01,-1.254075814711157832e+01,-5.938198052837491758e+01,-1.254075840442902567e+01,-4.836511743681313419e+03,9.980720545951595568e+02,-4.836511743681313419e+03,9.980720545951597842e+02,-4.836511743681313419e+03,9.980720545951595568e+02,-4.836511743681313419e+03,9.980720545951600116e+02
4.609639930333651137e+04,-1.000055098793959152e+00,-4.590129254633534828e-06,-1.229986768191970725e-03,-5.910970380970353988e-03,1.989220536935398798e-05,-1.028212896283589584e-04,1.989220357068166578e-05,-1.028212898983513202e-04,1.989220500492328014e-05,-1.028212896821215083e-04,1.989220536940949913e-05,-1.028212896283450806e-04,-1.379418833010320755e-03,-6.183927298149594076e-03,-1.379418833010487289e-03,-6.183927298149621832e-03,-1.379418833010487289e-03,-6.183927298149621832e-03,-1.379418833010320755e-03,-6.183927298149621832e-03,-2.598777452754189810e+00,2.925317019280737085e+01,-4.534349438708090020e+03,9.334358346181418256e+02,-6.029332693214733041e+01,-1.183885226927728596e+01,-6.029332715100995443e+01,-1.183885088458851520e+01,-6.029332697594218615e+01,-1.183885198871345779e+01,-6.029332693214701777e+01,-1.183885226927735523e+01,-4.838159396814171487e+03,1.026886035014178333e+03,-4.838159396814169668e+03,1.026886035014177651e+03,-4.838159396814169668e+03,1.026886035014177423e+03,-4.838159396814171487e+03,1.026886035014177651e+03
4.744278024533983989e+04,-1.000058539484422582e+00,-5.023180861263298880e-06,-1.307108625426600668e-03,-6.086567594609987308e-03,1.918932020966712670e-05,-1.074665344697398051e-04,1.918931838723603178e-05,-1.074665347162717666e-04,1.918932016120589168e-05,-1.074665344761513430e-04,1.918932020972263786e-05,-1.074665344697398051e-04,-1.459421618775824658e-03,-6.366312140423574517e-03,-1.459421618775824658e-03,-6.366312140423574517e-03,-1.459421618775852414e-03,-6.366312140423574517e-03,-1.459421618775741392e-03,-6.366312140423574517e-03,-2.753876459709111657e+00,3.019790139293187892e+01,-4.536490649663844124e+03,9.637789248442674079e+02,-6.123240284199639660e+01,-1.110475786759774763e+01,-6.123240303738955959e+01,-1.110475650401026826e+01,-6.123240284711905446e+01,-1.110475783133741956e+01,-6.123240284199615502e+01,-1.110475786759723782e+01,-4.839966196032201879e+03,1.056908483142055047e+03,-4.839966196032201879e+03,1.056908483142055047e+03,-4.839966196032201879e+03,1.056908483142055729e+03,-4.839966196032202788e+03,1.056908483142055502e+03
4.882848620336147724e+04,-1.000062207012283766e+00,-5.494580221476752513e-06,-1.389329712939813000e-03,-6.267479217632793143e-03,1.836289970008619932e-05,-1.123504552827982172e-04,1.836289785300815325e-05,-1.123504555048497611e-04,1.836289969420201729e-05,-1.123504552834851677e-04,1.836289970008619932e-05,-1.123504552827982172e-04,-1.544719485529533198e-03,-6.554311640561388819e-03,-1.544719485529533198e-03,-6.554311640561388819e-03,-1.544719485529533198e-03,-6.554311640561388819e-03,-1.544719485529533198e-03,-6.554311640561361063e-03,-2.917536506755323167e+00,3.117915245740966768e+01,-4.538701192168590751e+03,9.952949028680061474e+02,-6.220191721671462659e+01,-1.033444916866653429e+01,-6.220191738902686041e+01,-1.033444782561154085e+01,-6.220191721725527856e+01,-1.033444916438343775e+01,-6.220191721671503160e+01,-1.033444916866729990e+01,-4.841928733260071567e+03,1.088204461673348078e+03,-4.841928733260071567e+03,1.088204461673348078e+03,-4.841928733260071567e+03,1.088204461673347851e+03,-4.841928733260070658e+03,1.088204461673348305e+03
5.025466578017541178e+04,-1.000066117827858037e+00,-6.007476823222113183e-06,-1.477018987172895592e-03,-6.453863428765221899e-03,1.739582939791484151e-05,-1.174897471727491538e-04,1.739582752580126623e-05,-1.174897473691025040e-04,1.739582922377636010e-05,-1.174897471905578250e-04,1.739582939808137496e-05,-1.174897471727387455e-04,-1.635708952810899230e-03,-6.748096015525811842e-03,-1.635708952810899230e-03,-6.748096015525811842e-03,-1.635708952810843719e-03,-6.748096015525811842e-03,-1.635708952810788208e-03,-6.748096015525839597e-03,-3.090142923555796894e+00,3.219887549881579503e+01,-4.540977258182388141e+03,1.028045112714244624e+03,-6.320462844207650477e+01,-9.523309046491153396e+00,-6.320462859162380909e+01,-9.523307723383720003e+00,-6.320462845572694022e+01,-9.523308923419087080e+00,-6.320462844207699504e+01,-9.523309046491208463e+00,-4.844042304715999308e+03,1.120843709688331501e+03,-4.844042304715999308e+03,1.120843709688331501e+03,-4.844042304715998398e+03,1.120843709688330591e+03,-4.844042304715999308e+03,1.120843709688331046e+03
5.172250112687845831e+04,-1.000070289759458664e+00,-6.565236239458593914e-06,-1.570575803660378966e-03,-6.645880860927960709e-03,1.626826559847360798e-05,-1.229022642232659168e-04,1.626826370021428048e-05,-1.229022643926130920e-04,1.626826555328753088e-05,-1.229022642271863919e-04,1.626826559847360798e-05,-1.229022642233040807e-04,-1.732820584575855971e-03,-6.947837744639001611e-03,-1.732820584575911482e-03,-6.947837744639001611e-03,-1.732820584575855971e-03,-6.947837744639001611e-03,-1.732820584575744949e-03,-6.947837744638973856e-03,-3.272083508744976221e+00,3.325917147790251960e+01,-4.543313676762308205e+03,1.062095302501464175e+03,-6.424331746976528734e+01,-8.666051680094525977e+00,-6.424331759678634057e+01,-8.666050376337430805e+00,-6.424331747272508153e+01,-8.666051649021129677e+00,-6.424331746976575630e+01,-8.666051680095179677e+00,-4.846300630969795748e+03,1.154901095074834529e+03,-4.846300630969795748e+03,1.154901095074834529e+03,-4.846300630969795748e+03,1.154901095074834529e+03,-4.846300630969795748e+03,1.154901095074834075e+03
5.323320892276772793e+04,-1.000074742150873774e+00,-7.171445194825709635e-06,-1.670432822506118242e-03,-6.843694030833263886e-03,1.495718586463912203e-05,-1.286070186890045375e-04,1.495718393951239733e-05,-1.286070188297981642e-04,1.495718580751814741e-05,-1.286070186929839931e-04,1.495718586447258858e-05,-1.286070186889837208e-04,-1.836522444634836049e-03,-7.153710744404351285e-03,-1.836522444634891560e-03,-7.153710744404351285e-03,-1.836522444634836049e-03,-7.153710744404351285e-03,-1.836522444634780538e-03,-7.153710744404323529e-03,-3.463745015865020704e+00,3.436230465659116362e+01,-4.545703660218057848e+03,1.097516009287829093e+03,-6.532075104466595405e+01,-7.756636918758508692e+00,-6.532075114931615190e+01,-7.756635633752079428e+00,-6.532075104768050267e+01,-7.756636880690480851e+00,-6.532075104466632354e+01,-7.756636918758748500e+00,-4.848695520325920370e+03,1.190457110710980942e+03,-4.848695520325921279e+03,1.190457110710981397e+03,-4.848695520325920370e+03,1.190457110710980942e+03,-4.848695520325921279e+03,1.190457110710980714e+03
5.478804138383825193e+04,-1.000079496014982805e+00,-7.829913924589648744e-06,-1.777059229526978257e-03,-7.047466608039648639e-03,1.343586050478462468e-05,-1.346241468654866408e-04,1.343585855212436897e-05,-1.346241469760856707e-04,1.343586023744292035e-05,-1.346241468798328039e-04,1.343586050472911353e-05,-1.346241468655057227e-04,-1.947323949808066335e-03,-7.365889291096910929e-03,-1.947323949807983068e-03,-7.365889291096966440e-03,-1.947323949808066335e-03,-7.365889291096938685e-03,-1.947323949807983068e-03,-7.365889291096938685e-03,-3.665508733164426491e+00,3.551071864123258592e+01,-4.548138507071485037e+03,1.134382980051613913e+03,-6.643963288166807502e+01,-6.788170290644562677e+00,-6.643963296402026231e+01,-6.788169023791271961e+00,-6.643963289254797644e+01,-6.788170117158291106e+00,-6.643963288166926873e+01,-6.788170290645656912e+00,-4.851216464818005988e+03,1.227598417536560191e+03,-4.851216464818005079e+03,1.227598417536559737e+03,-4.851216464818005988e+03,1.227598417536560419e+03,-4.851216464818005988e+03,1.227598417536560419e+03
5.638828730073681072e+04,-1.000084574205629462e+00,-8.544674866828305682e-06,-1.890964309720910563e-03,-7.257362488520879840e-03,1.167323770107087100e-05,-1.409748273125815965e-04,1.167323571982237240e-05,-1.409748273910578845e-04,1.167323735024039522e-05,-1.409748273253587023e-04,1.167323770118189330e-05,-1.409748273125651166e-04,-2.065780165891539788e-03,-7.584546628727317774e-03,-2.065780165891539788e-03,-7.584546628727317774e-03,-2.065780165891539788e-03,-7.584546628727317774e-03,-2.065780165891512032e-03,-7.584546628727317774e-03,-3.877744967349709526e+00,3.670705419396340830e+01,-4.550607254436365110e+03,1.172777631820291617e+03,-6.760253873735814523e+01,-5.752790788000653244e+00,-6.760253879738975513e+01,-5.752789538701032157e+00,-6.760253874746994995e+01,-5.752790566703408714e+00,-6.760253873735865682e+01,-5.752790787999791711e+00,-4.853850155683261619e+03,1.266418437267740501e+03,-4.853850155683261619e+03,1.266418437267740501e+03,-4.853850155683261619e+03,1.266418437267740501e+03,-4.853850155683260709e+03,1.266418437267739137e+03
5.803527310703221156e+04,-1.000090001610154378e+00,-9.319976475269386995e-06,-2.012701413871997858e-03,-7.473544630411943501e-03,9.633228772065738355e-06,-1.476811334060531156e-04,9.633226466909672325e-06,-1.476811334557869872e-04,9.633228293282058985e-06,-1.476811334150307433e-04,9.633228772065738355e-06,-1.476811334060396715e-04,-2.192496594983633917e-03,-7.809853185034215661e-03,-2.192496594983689429e-03,-7.809853185034215661e-03,-2.192496594983633917e-03,-7.809853185034215661e-03,-2.192496594983633917e-03,-7.809853185034187906e-03,-4.100806201923776761e+00,3.795416900994680276e+01,-4.553096271104975131e+03,1.212787554110463134e+03,-6.881183096040322766e+01,-4.641544918574471268e+00,-6.881183100305838707e+01,-4.641543505958921401e+00,-6.881183096864165805e+01,-4.641544625097582255e+00,-6.881183096040209080e+01,-4.641544918574060929e+00,-4.856579902564050826e+03,1.307017997126290084e+03,-4.856579902564049917e+03,1.307017997126290084e+03,-4.856579902564050826e+03,1.307017997126290993e+03,-4.856579902564050826e+03,1.307017997126290993e+03
5.973036397868757922e+04,-1.000095805365329271e+00,-1.016027062911151191e-05,-2.142872363390502244e-03,-7.696173600715228158e-03,7.273876997060391147e-06,-1.547657963608959145e-04,7.273874955582293467e-06,-1.547657963684393595e-04,7.273876503233189794e-06,-1.547657963611266327e-04,7.273876997004879996e-06,-1.547657963609193332e-04,-2.328134504837819918e-03,-8.041974299685922256e-03,-2.328134504837681140e-03,-8.041974299685922256e-03,-2.328134504837792162e-03,-8.041974299685922256e-03,-2.328134504837681140e-03,-8.041974299685894501e-03,-4.335018655148470401e+00,3.925515967472269097e+01,-4.555588781121105967e+03,1.254507056800837745e+03,-7.006954689358236976e+01,-3.444244604940441601e+00,-7.006954690851515011e+01,-3.444243389031954816e+00,-7.006954689645746726e+01,-3.444244310817748289e+00,-7.006954689358217081e+01,-3.444244604940520205e+00,-4.859384937572074705e+03,1.349506027904823213e+03,-4.859384937572074705e+03,1.349506027904823213e+03,-4.859384937572074705e+03,1.349506027904823213e+03,-4.859384937572075614e+03,1.349506027904823213e+03
6.147496496564592962e+04,-1.000102015099852082e+00,-1.107019169038769846e-05,-2.282132344573639671e-03,-7.925405770088822521e-03,4.546398868654488723e-06,-1.622518470487995662e-04,4.546396795701568294e-06,-1.622518470168563681e-04,4.546398345128821461e-06,-1.622518470389359285e-04,4.546398868654488723e-06,-1.622518470487908926e-04,-2.473416852660947907e-03,-8.281067345126902346e-03,-2.473416852660947907e-03,-8.281067345126902346e-03,-2.473416852660947907e-03,-8.281067345126902346e-03,-2.473416852661003418e-03,-8.281067345126846835e-03,-4.580671893166054609e+00,4.061338606567775145e+01,-4.558064305320423955e+03,1.298037767344711938e+03,-7.137725381448252904e+01,-2.149310744632969783e+00,-7.137725380642581285e+01,-2.149309544612443279e+00,-7.137725381166411864e+01,-2.149310441551840700e+00,-7.137725381448190376e+01,-2.149310744634633785e+00,-4.862239581100928262e+03,1.394000315902840612e+03,-4.862239581100926443e+03,1.394000315902839930e+03,-4.862239581100928262e+03,1.394000315902840612e+03,-4.862239581100927353e+03,1.394000315902840157e+03
6.327052215646706463e+04,-1.000108663206928927e+00,-1.205452479785540376e-05,-2.431195346941028568e-03,-8.161391080271307441e-03,1.394081990291340389e-06,-1.701620956135151130e-04,1.394079575389728376e-06,-1.701620955270356783e-04,1.394081567684946066e-06,-1.701620955970872817e-04,1.394081990235829238e-06,-1.701620956135393992e-04,-2.629134851938524919e-03,-8.527278093214157861e-03,-2.629134851938608186e-03,-8.527278093214102350e-03,-2.629134851938413897e-03,-8.527278093214157861e-03,-2.629134851938330630e-03,-8.527278093214157861e-03,-4.838006097534920613e+00,4.203249844778165567e+01,-4.560498006583093229e+03,1.343489280102544399e+03,-7.273586154009282723e+01,-7.436016874947569688e-01,-7.273586150350256219e+01,-7.436003287213202029e-01,-7.273586153313591751e+01,-7.436014497031970816e-01,-7.273586154009247196e+01,-7.436016874944273436e-01,-4.865112242389847779e+03,1.440628305807272682e+03,-4.865112242389846870e+03,1.440628305807272227e+03,-4.865112242389848689e+03,1.440628305807272909e+03,-4.865112242389847779e+03,1.440628305807272909e+03
6.511852387698107486e+04,-1.000115785150884840e+00,-1.311816039306634707e-05,-2.590840204575228789e-03,-8.404270293039528550e-03,-2.248970872809064048e-06,-1.785183956533563376e-04,-2.248973011709232139e-06,-1.785183955328763228e-04,-2.248971289475765190e-06,-1.785183956284006057e-04,-2.248970872809064048e-06,-1.785183956533563376e-04,-2.796155223660584666e-03,-8.780736147282919291e-03,-2.796155223660640177e-03,-8.780736147282891535e-03,-2.796155223660584666e-03,-8.780736147282919291e-03,-2.796155223660445888e-03,-8.780736147282863779e-03,-5.107196509883747737e+00,4.351646752092669601e+01,-4.562859922188405108e+03,1.390979859906640058e+03,-7.414538161647409709e+01,7.877708196658805839e-01,-7.414538156096979549e+01,7.877719893105777915e-01,-7.414538160503511222e+01,7.877710474960365472e-01,-7.414538161647526238e+01,7.877708196657750017e-01,-4.867964223069514446e+03,1.489527947719484018e+03,-4.867964223069512627e+03,1.489527947719482881e+03,-4.867964223069514446e+03,1.489527947719484018e+03,-4.867964223069514446e+03,1.489527947719483791e+03
6.702050192395209160e+04,-1.000123419812489312e+00,-1.426603109949686754e-05,-2.761917308842898322e-03,-8.654171607199168115e-03,-6.459255102952976557e-06,-1.873406246987313617e-04,-6.459257275992502656e-06,-1.873406245282982496e-04,-6.459255638580074788e-06,-1.873406246547526521e-04,-6.459255102897465406e-06,-1.873406246987313617e-04,-2.975428164430887756e-03,-9.041549215414418361e-03,-2.975428164430832245e-03,-9.041549215414390606e-03,-2.975428164430776734e-03,-9.041549215414446117e-03,-2.975428164430832245e-03,-9.041549215414390606e-03,-5.388334432978401978e+00,4.506961778671560381e+01,-4.565114062043037848e+03,1.440637203943041868e+03,-7.560461962591143958e+01,2.461632615907249910e+00,-7.560461954569760223e+01,2.461633770936469734e+00,-7.560461960532721548e+01,2.461632900641143706e+00,-7.560461962591142537e+01,2.461632615907444421e+00,-4.870748284595940277e+03,1.540848578882709944e+03,-4.870748284595940277e+03,1.540848578882709944e+03,-4.870748284595941186e+03,1.540848578882710171e+03,-4.870748284595940277e+03,1.540848578882709944e+03
6.897803283477478544e+04,-1.000131609877971339e+00,-1.550302624891974901e-05,-2.945356059770531942e-03,-8.911206509222335814e-03,-1.132543535020680281e-05,-1.966452940347848677e-04,-1.132543755805182073e-05,-1.966452938099716441e-04,-1.132543566512156374e-05,-1.966452940014989936e-04,-1.132543535026231396e-05,-1.966452940347848677e-04,-3.167996035589620840e-03,-9.309795955676769541e-03,-3.167996035589676351e-03,-9.309795955676769541e-03,-3.167996035589620840e-03,-9.309795955676769541e-03,-3.167996035589454307e-03,-9.309795955676714030e-03,-5.681404095211483707e+00,4.669666449901267669e+01,-4.567217349698957150e+03,1.492599261867506129e+03,-7.711078433025548406e+01,4.296939742503619541e+00,-7.711078422449490688e+01,4.296940883181761706e+00,-7.711078431469152861e+01,4.296939905200391152e+00,-7.711078433025596723e+01,4.296939742503134596e+00,-4.873406936271345330e+03,1.594751819968058726e+03,-4.873406936271345330e+03,1.594751819968058726e+03,-4.873406936271345330e+03,1.594751819968058726e+03,-4.873406936271346240e+03,1.594751819968058271e+03
7.099273919425607892e+04,-1.000140402277483798e+00,-1.683387807493996746e-05,-3.142173130576519924e-03,-9.175464691805190753e-03,-1.695005023438778125e-05,-2.064436790680246325e-04,-1.695005247764891365e-05,-2.064436787838491716e-04,-1.695005069340949078e-05,-2.064436790079823836e-04,-1.695005023433227009e-05,-2.064436790680107547e-04,-3.375002744097577168e-03,-9.585517066036636225e-03,-3.375002744097577168e-03,-9.585517066036691736e-03,-3.375002744097577168e-03,-9.585517066036636225e-03,-3.375002744097577168e-03,-9.585517066036663980e-03,-5.986254503675222161e+00,4.840275454632392638e+01,-4.569118377514808344e+03,1.547015114805928761e+03,-7.865899457547256191e+01,6.314957681403706502e+00,-7.865899444318165479e+01,6.314958807881979830e+00,-7.865899454768681665e+01,6.314957911992829409e+00,-7.865899457547210716e+01,6.314957681402173506e+00,-4.875870392907622772e+03,1.651412457630835206e+03,-4.875870392907621863e+03,1.651412457630834751e+03,-4.875870392907622772e+03,1.651412457630835206e+03,-4.875870392907621863e+03,1.651412457630834751e+03
7.306629097956528130e+04,-1.000149848679349640e+00,-1.826301213442294014e-05,-3.353481620791631812e-03,-9.447007839547716390e-03,-2.345130812303475309e-05,-2.167393358100261347e-04,-2.345131074027451135e-05,-2.167393354076674328e-04,-2.345130875669454440e-05,-2.167393357102725959e-04,-2.345130812303475309e-05,-2.167393358100400125e-04,-3.597703728460716066e-03,-9.868704230079267115e-03,-3.597703728460716066e-03,-9.868704230079267115e-03,-3.597703728460799333e-03,-9.868704230079239359e-03,-3.597703728460799333e-03,-9.868704230079239359e-03,-6.302565240772551647e+00,5.019351158746149366e+01,-4.570755942502509242e+03,1.604045911222270661e+03,-8.024166202110467339e+01,8.539409315805276179e+00,-8.024166183687682974e+01,8.539410593294610052e+00,-8.024166197564314018e+01,8.539409625111588298e+00,-8.024166202110427548e+01,8.539409315804977751e+00,-4.878054145670241269e+03,1.711019270353026741e+03,-4.878054145670239450e+03,1.711019270353026059e+03,-4.878054145670241269e+03,1.711019270353026968e+03,-4.878054145670241269e+03,1.711019270353026513e+03
7.520040694446746784e+04,-1.000160006047229100e+00,-1.979435258919748364e-05,-3.580501175491468402e-03,-9.725862035605492562e-03,-3.096488877735170675e-05,-2.275248418430464437e-04,-3.096489143600278382e-05,-2.275248413587810381e-04,-3.096488923404194793e-05,-2.275248417581698934e-04,-3.096488877740721790e-05,-2.275248418430741992e-04,-3.837476382631460625e-03,-1.015928646205799257e-02,-3.837476382631516136e-03,-1.015928646205804808e-02,-3.837476382631460625e-03,-1.015928646205796482e-02,-3.837476382631460625e-03,-1.015928646205796482e-02,-6.629804916250479963e+00,5.207508578868832672e+01,-4.572057322395663505e+03,1.663865855983908659e+03,-8.184772580091053840e+01,1.099656190587207760e+01,-8.184772558336280213e+01,1.099656316726860084e+01,-8.184772576292431268e+01,1.099656212250924092e+01,-8.184772580091041050e+01,1.099656190587211491e+01,-4.879856084269099483e+03,1.773775737142466596e+03,-4.879856084269101302e+03,1.773775737142467960e+03,-4.879856084269099483e+03,1.773775737142466369e+03,-4.879856084269100393e+03,1.773775737142466596e+03
7.739685604398742726e+04,-1.000170937267702342e+00,-2.143107081703510275e-05,-3.824569139195377332e-03,-1.001200849351718825e-02,-3.964560993052756999e-05,-2.387775735150504675e-04,-3.964561262981280976e-05,-2.387775729408153635e-04,-3.964561053887427633e-05,-2.387775733831976055e-04,-3.964560993058308114e-05,-2.387775735151059786e-04,-4.095830627656171785e-03,-1.045711333537124865e-02,-4.095830627656227296e-03,-1.045711333537113763e-02,-4.095830627656171785e-03,-1.045711333537124865e-02,-4.095830627656116274e-03,-1.045711333537122090e-02,-6.967180769179090127e+00,5.405420838136945605e+01,-4.572936245918038367e+03,1.726663242581777467e+03,-8.346171482432340838e+01,1.371521118140883289e+01,-8.346171457179018205e+01,1.371521242629434845e+01,-8.346171476654686217e+01,1.371521146206979935e+01,-8.346171482432397681e+01,1.371521118140994311e+01,-4.881153109200717154e+03,1.839900541666313529e+03,-4.881153109200716244e+03,1.839900541666312165e+03,-4.881153109200717154e+03,1.839900541666313529e+03,-4.881153109200717154e+03,1.839900541666312620e+03
7.965745890068511653e+04,-1.000182711856669071e+00,-2.317526276862658108e-05,-4.087152809059801939e-03,-1.030537224972866150e-02,-4.966873622452849801e-05,-2.504543107002543678e-04,-4.966873860656750850e-05,-2.504543101162215457e-04,-4.966873671935490009e-05,-2.504543105765894007e-04,-4.966873622458400916e-05,-2.504543107002543678e-04,-4.374419183752642493e-03,-1.076193452499860093e-02,-4.374419183752642493e-03,-1.076193452499860093e-02,-4.374419183752642493e-03,-1.076193452499865644e-02,-4.374419183752586981e-03,-1.076193452499860093e-02,-7.313577537035912179e+00,5.613825129691058180e+01,-4.573290500652497030e+03,1.792641515930324431e+03,-8.506261620354931097e+01,1.672650350389101703e+01,-8.506261595236668427e+01,1.672650457172311533e+01,-8.506261615056511971e+01,1.672650372573073696e+01,-8.506261620354881359e+01,1.672650350389055163e+01,-4.881797175118264022e+03,1.909627756566091875e+03,-4.881797175118264022e+03,1.909627756566091875e+03,-4.881797175118263112e+03,1.909627756566091421e+03,-4.881797175118264022e+03,1.909627756566092103e+03
8.198408931375804241e+04,-1.000195406753158656e+00,-2.502753704214377706e-05,-4.369862829724180386e-03,-1.060580837703262169e-02,-6.123059293627886035e-05,-2.624844568605011474e-04,-6.123059534923758207e-05,-2.624844561822659017e-04,-6.123059331486491175e-05,-2.624844567522266470e-04,-6.123059293638988265e-05,-2.624844568604733919e-04,-4.675046874840743660e-03,-1.107337508044461960e-02,-4.675046874840688149e-03,-1.107337508044459184e-02,-4.675046874840743660e-03,-1.107337508044464736e-02,-4.675046874840771416e-03,-1.107337508044456409e-02,-7.667483365750757507e+00,5.833529194031263643e+01,-4.572999113443199349e+03,1.862020343572296952e+03,-8.662253698970842208e+01,2.006351435581437315e+01,-8.662253670489823776e+01,2.006351540733931671e+01,-8.662253694438354046e+01,2.006351452084655307e+01,-8.662253698970904736e+01,2.006351435581557041e+01,-4.881610722157691271e+03,1.983206553128027736e+03,-4.881610722157692180e+03,1.983206553128027963e+03,-4.881610722157691271e+03,1.983206553128027736e+03,-4.881610722157691271e+03,1.983206553128027508e+03
8.437867581222135050e+04,-1.000209107209599324e+00,-2.698649104498906937e-05,-4.674467746923482991e-03,-1.091308518038341946e-02,-7.454800332157285325e-05,-2.747616882257386539e-04,-7.454800612921586023e-05,-2.747616873245983804e-04,-7.454800411260675830e-05,-2.747616879681669122e-04,-7.454800332135080865e-05,-2.747616882257108983e-04,-4.999678026940096442e-03,-1.139090588468513743e-02,-4.999678026939929909e-03,-1.139090588468513743e-02,-4.999678026940151954e-03,-1.139090588468513743e-02,-4.999678026939985420e-03,-1.139090588468513743e-02,-8.026900021296347276e+00,6.065418306570052920e+01,-4.571919024927526152e+03,1.935036665108737452e+03,-8.810516324957136192e+01,2.376047806605578927e+01,-8.810516288049731770e+01,2.376047925563167595e+01,-8.810516314437063556e+01,2.376047840137949407e+01,-8.810516324957175982e+01,2.376047806605595980e+01,-4.880381479171184765e+03,2.060900241064378406e+03,-4.880381479171186584e+03,2.060900241064378861e+03,-4.880381479171184765e+03,2.060900241064378406e+03,-4.880381479171186584e+03,2.060900241064379316e+03
8.684320325345317542e+04,-1.000223907786951472e+00,-2.904804736986177360e-05,-5.002909682658041035e-03,-1.122686372849446279e-02,-8.985587061061117709e-05,-2.871339315959064997e-04,-8.985587307391851297e-05,-2.871339307009557196e-04,-8.985587137466666263e-05,-2.871339313140763849e-04,-8.985587061050015478e-05,-2.871339315959342553e-04,-5.350440684167179217e-03,-1.171380890527326524e-02,-5.350440684167179217e-03,-1.171380890527326524e-02,-5.350440684167179217e-03,-1.171380890527326524e-02,-5.350440684167068195e-03,-1.171380890527326524e-02,-8.389234189775846673e+00,6.310462732049662549e+01,-4.569881169290541038e+03,2.011945672605867003e+03,-8.946405272410603970e+01,2.785153055509399067e+01,-8.946405236658377191e+01,2.785153156964855015e+01,-8.946405261181682533e+01,2.785153086995889637e+01,-8.946405272410653708e+01,2.785153055509486819e+01,-4.877856676281543514e+03,2.142984395497546757e+03,-4.877856676281543514e+03,2.142984395497546757e+03,-4.877856676281543514e+03,2.142984395497546757e+03,-4.877856676281543514e+03,2.142984395497546757e+03
8.937971446843017475e+04,-1.000239913462608099e+00,-3.120461547456709894e-05,-5.357321031195905192e-03,-1.154667293158861963e-02,-1.074020123491559175e-04,-2.993917430007819735e-04,-1.074020152047050480e-04,-2.993917418253611018e-04,-1.074020135546915888e-04,-2.993917424982117659e-04,-1.074020123492114287e-04,-2.993917430007819735e-04,-5.729626014711247661e-03,-1.204113713484133985e-02,-5.729626014711192150e-03,-1.204113713484131210e-02,-5.729626014711247661e-03,-1.204113713484133985e-02,-5.729626014711247661e-03,-1.204113713484131210e-02,-8.751165917948833695e+00,6.569725575839800058e+01,-4.566685852559830892e+03,2.093021659563565208e+03,-9.064084781646606359e+01,3.236880242049137735e+01,-9.064084735899513134e+01,3.236880356395226244e+01,-9.064084762134348239e+01,3.236880290347509970e+01,-9.064084781646525357e+01,3.236880242049187473e+01,-4.873736780357715361e+03,2.229743794889365290e+03,-4.873736780357713542e+03,2.229743794889363471e+03,-4.873736780357715361e+03,2.229743794889365290e+03,-4.873736780357715361e+03,2.229743794889364381e+03
9.199031195501702314e+04,-1.000257240857133079e+00,-3.344403533739326306e-05,-5.740041970942355576e-03,-1.187187921130261614e-02,-1.274381364198551303e-04,-3.112554634821518285e-04,-1.274381392859513795e-04,-3.112554621507723773e-04,-1.274381369642529904e-04,-3.112554632262731769e-04,-1.274381364199106415e-04,-3.112554634821240729e-04,-6.139680947790715493e-03,-1.237166962894045708e-02,-6.139680947790715493e-03,-1.237166962894045708e-02,-6.139680947790659982e-03,-1.237166962894045708e-02,-6.139680947790771004e-03,-1.237166962894045708e-02,-9.108489461539642562e+00,6.844370905202386268e+01,-4.562097305752880857e+03,2.178558650994169966e+03,-9.156357113808756765e+01,3.733968475092063244e+01,-9.156357063320672296e+01,3.733968586682682655e+01,-9.156357104123424051e+01,3.733968496301914541e+01,-9.156357113808677184e+01,3.733968475092090245e+01,-4.867668980560471937e+03,2.321467877898081952e+03,-4.867668980560471937e+03,2.321467877898081952e+03,-4.867668980560471937e+03,2.321467877898081952e+03,-4.867668980560471937e+03,2.321467877898081497e+03
9.467715962071336980e+04,-1.000276019581766818e+00,-3.574825010105309175e-05,-6.153638423676666136e-03,-1.220164963005709868e-02,-1.502056556071384996e-04,-3.223620235426882807e-04,-1.502056584716249255e-04,-3.223620220421663518e-04,-1.502056560541698005e-04,-3.223620233059054652e-04,-1.502056556073605442e-04,-3.223620235427715475e-04,-6.583191876395361186e-03,-1.270386284315891401e-02,-6.583191876395305675e-03,-1.270386284315905279e-02,-6.583191876395472208e-03,-1.270386284315891401e-02,-6.583191876395305675e-03,-1.270386284315902503e-02,-9.455921058867378548e+00,7.135671913688574364e+01,-4.555837276402743555e+03,2.268870689034472889e+03,-9.214527543482216743e+01,4.278308973162115336e+01,-9.214527488062685734e+01,4.278309081602595398e+01,-9.214527534752937754e+01,4.278308990092336472e+01,-9.214527543482125793e+01,4.278308973162095441e+01,-4.859240806096003325e+03,2.418444451071071853e+03,-4.859240806096000597e+03,2.418444451071070944e+03,-4.859240806096002416e+03,2.418444451071071398e+03,-4.859240806096002416e+03,2.418444451071072763e+03
9.744248457630288613e+04,-1.000296393704068754e+00,-3.809164160573086377e-05,-6.600919894371060082e-03,-1.253490710827109833e-02,-1.759150389676333859e-04,-3.322529647364902416e-04,-1.759150418146893102e-04,-3.322529630542803147e-04,-1.759150396243858161e-04,-3.322529643441374247e-04,-1.759150389675778747e-04,-3.322529647365457528e-04,-7.062857402743455415e-03,-1.303580051413277818e-02,-7.062857402743566437e-03,-1.303580051413283369e-02,-7.062857402743510926e-03,-1.303580051413277818e-02,-7.062857402743483171e-03,-1.303580051413277818e-02,-9.786866918273492644e+00,7.445018817372189801e+01,-4.547577496730129496e+03,2.364291611439774897e+03,-9.228345177425168799e+01,4.870459183723578889e+01,-9.228345116921504143e+01,4.870459288541287179e+01,-9.228345163338879331e+01,4.870459207918731437e+01,-9.228345177425124746e+01,4.870459183723570362e+01,-4.847974424587410795e+03,2.520951492868572132e+03,-4.847974424587408976e+03,2.520951492868570767e+03,-4.847974424587410795e+03,2.520951492868572586e+03,-4.847974424587412614e+03,2.520951492868572132e+03
1.002885789818911289e+05,-1.000318523319568609e+00,-4.043894840621842235e-05,-7.084956308244905188e-03,-1.287027611932523019e-02,-2.047176625192825838e-04,-3.403661728297313616e-04,-2.047176653303117710e-04,-3.403661709537320057e-04,-2.047176631121416790e-04,-3.403661724297735169e-04,-2.047176625193936061e-04,-3.403661728296203393e-04,-7.581448779000993232e-03,-1.336514559947671321e-02,-7.581448779000965477e-03,-1.336514559947665770e-02,-7.581448779000854454e-03,-1.336514559947671321e-02,-7.581448779000854454e-03,-1.336514559947671321e-02,-1.009314371558108903e+01,7.773925994914502269e+01,-4.536930854794939478e+03,2.465174096631441898e+03,-9.186075343770154689e+01,5.509045686591543500e+01,-9.186075278087345453e+01,5.509045787232815883e+01,-9.186075329792086563e+01,5.509045707830386363e+01,-9.186075343770129109e+01,5.509045686591587554e+01,-4.833322339613773693e+03,2.629247113045814785e+03,-4.833322339613773693e+03,2.629247113045814785e+03,-4.833322339613775512e+03,2.629247113045815240e+03,-4.833322339613775512e+03,2.629247113045815695e+03
1.032178019468622952e+05,-1.000342586203923911e+00,-4.274266859460862378e-05,-7.609092536325912093e-03,-1.320601698335266416e-02,-2.366699326590282482e-04,-3.460348427345993905e-04,-2.366699350426215709e-04,-3.460348409361491129e-04,-2.366699328937293956e-04,-3.460348425552983720e-04,-2.366699326592502928e-04,-3.460348427345993905e-04,-8.141758230470419466e-03,-1.368909898475773046e-02,-8.141758230470419466e-03,-1.368909898475773046e-02,-8.141758230470530489e-03,-1.368909898475773046e-02,-8.141758230470363955e-03,-1.368909898475767495e-02,-1.036464273063643482e+01,8.124037666857282147e+01,-4.523441083423141208e+03,2.571887671882058839e+03,-9.074772033283774419e+01,6.190080814866825420e+01,-9.074771971980392493e+01,6.190080897865057352e+01,-9.074772027182331158e+01,6.190080823048702285e+01,-9.074772033283784367e+01,6.190080814866799130e+01,-4.814665295944161699e+03,2.743558087764571610e+03,-4.814665295944161699e+03,2.743558087764571610e+03,-4.814665295944161699e+03,2.743558087764571610e+03,-4.814665295944158970e+03,2.743558087764570701e+03
1.062325814853298652e+05,-1.000368779500868888e+00,-4.493982936815132945e-05,-8.176958723747462798e-03,-1.353994659260682187e-02,-2.716909602206718510e-04,-3.484980931333647725e-04,-2.716909628865393778e-04,-3.484980908428636504e-04,-2.716909607913819968e-04,-3.484980926375391697e-04,-2.716909602205053176e-04,-3.484980931333092613e-04,-8.746537940636872621e-03,-1.400437024982570389e-02,-8.746537940636761599e-03,-1.400437024982570389e-02,-8.746537940636872621e-03,-1.400437024982570389e-02,-8.746537940636761599e-03,-1.400437024982570389e-02,-1.058892748234891101e+01,8.497131128554732982e+01,-4.506570774958841866e+03,2.684815283972744965e+03,-8.880823451205273500e+01,6.906253641901599849e+01,-8.880823375235594597e+01,6.906253732225916053e+01,-8.880823434783533799e+01,6.906253661264372568e+01,-8.880823451205344554e+01,6.906253641901626850e+01,-4.791313104226886935e+03,2.864067893105881467e+03,-4.791313104226886026e+03,2.864067893105881012e+03,-4.791313104226886935e+03,2.864067893105881467e+03,-4.791313104226887845e+03,2.864067893105880557e+03
1.093354165287019277e+05,-1.000397321372241466e+00,-4.694798381188469705e-05,-8.792473728550298517e-03,-1.386934315856669375e-02,-3.095174088759700126e-04,-3.469279350257759020e-04,-3.095174110820386737e-04,-3.469279328630059389e-04,-3.095174089586816280e-04,-3.469279349438414428e-04,-3.095174088759700126e-04,-3.469279350258869243e-04,-9.398436010540314745e-03,-1.430716497626904893e-02,-9.398436010540314745e-03,-1.430716497626904893e-02,-9.398436010540314745e-03,-1.430716497626904893e-02,-9.398436010540425767e-03,-1.430716497626899342e-02,-1.075075389554755745e+01,8.895116142512411272e+01,-4.485687548167225032e+03,2.804347899395443619e+03,-8.590829712458355516e+01,7.646303115606659162e+01,-8.590829642635488028e+01,7.646303188319795652e+01,-8.590829709812368264e+01,7.646303118335143267e+01,-8.590829712458319989e+01,7.646303115606589529e+01,-4.762508691201758666e+03,2.990905716652222509e+03,-4.762508691201757756e+03,2.990905716652222509e+03,-4.762508691201759575e+03,2.990905716652223418e+03,-4.762508691201761394e+03,2.990905716652223418e+03
1.125288789970293728e+05,-1.000428452496370246e+00,-4.866027224836866338e-05,-9.459837914564062089e-03,-1.419083238470597585e-02,-3.496620943216344202e-04,-3.404763613992223270e-04,-3.496620963971408536e-04,-3.404763590553194774e-04,-3.496620945851458551e-04,-3.404763610976302424e-04,-3.496620943216899313e-04,-3.404763613992778382e-04,-1.009993952335452860e-02,-1.459318985472668473e-02,-1.009993952335452860e-02,-1.459318985472668473e-02,-1.009993952335458411e-02,-1.459318985472674024e-02,-1.009993952335441758e-02,-1.459318985472674024e-02,-1.083150148425169945e+01,9.320028584084924717e+01,-4.460048233357138997e+03,2.930876440859034574e+03,-8.192829485709970072e+01,8.394629098753058827e+01,-8.192829412084404339e+01,8.394629165340187171e+01,-8.192829476248209630e+01,8.394629107223042297e+01,-8.192829485710019810e+01,8.394629098752973562e+01,-4.727434833860359504e+03,3.124138360109795485e+03,-4.727434833860359504e+03,3.124138360109795485e+03,-4.727434833860359504e+03,3.124138360109796395e+03,-4.727434833860359504e+03,3.124138360109794576e+03
1.158156159308539063e+05,-1.000462437245467129e+00,-4.993936371022744680e-05,-1.018351013382901016e-02,-1.450025243871522207e-02,-3.913858407610382173e-04,-3.283434880918534304e-04,-3.913858429770988856e-04,-3.283434851730215875e-04,-3.913858411688231342e-04,-3.283434875478996595e-04,-3.913858407609271950e-04,-3.283434880917424081e-04,-1.085333738292940109e-02,-1.485767052439301850e-02,-1.085333738292940109e-02,-1.485767052439301850e-02,-1.085333738292940109e-02,-1.485767052439301850e-02,-1.085333738292931782e-02,-1.485767052439307401e-02,-1.080850438087033005e+01,9.774015765862610294e+01,-4.428781025895753373e+03,3.064780167809517025e+03,-7.677814173210927606e+01,9.131329498538383405e+01,-7.677814084023478358e+01,9.131329567793250135e+01,-7.677814156609970553e+01,9.131329511308690883e+01,-7.677814173210950344e+01,9.131329498538471512e+01,-4.685221745801641191e+03,3.263766929799935951e+03,-4.685221745801641191e+03,3.263766929799935951e+03,-4.685221745801641191e+03,3.263766929799935951e+03,-4.685221745801641191e+03,3.263766929799936406e+03
1.191983516853229667e+05,-1.000499564296110977e+00,-5.061007769768810505e-05,-1.096816189965377220e-02,-1.479249537618809729e-02,-4.336936983836692239e-04,-3.098627252116625819e-04,-4.336937003801832891e-04,-3.098627221062022485e-04,-4.336936986885087109e-04,-3.098627247309360122e-04,-4.336936983836414683e-04,-3.098627252116070707e-04,-1.166071447890593138e-02,-1.509536797157151611e-02,-1.166071447890591750e-02,-1.509536797157140509e-02,-1.166071447890588975e-02,-1.509536797157146060e-02,-1.166071447890586199e-02,-1.509536797157151611e-02,-1.065427312067345511e+01,1.025931000061021194e+02,-4.390865716123117636e+03,3.206410366821679418e+03,-7.041360890695661112e+01,9.832840843510980733e+01,-7.041360798379946573e+01,9.832840904302993579e+01,-7.041360876422747594e+01,9.832840852814136667e+01,-7.041360890695688113e+01,9.832840843511075946e+01,-4.634952184344255329e+03,3.409729359487411784e+03,-4.634952184344254420e+03,3.409729359487410875e+03,-4.634952184344256239e+03,3.409729359487411784e+03,-4.634952184344257148e+03,3.409729359487411330e+03
1.226798901883902436e+05,-1.000540146326973190e+00,-5.045048052432221652e-05,-1.181859946276597739e-02,-1.506132337377841246e-02,-4.753653188922235540e-04,-2.845925619678890683e-04,-4.753653206355790140e-04,-2.845925586999475954e-04,-4.753653191224838093e-04,-2.845925615293509736e-04,-4.753653188921957984e-04,-2.845925619678335572e-04,-1.252398152575540796e-02,-1.530056947546781787e-02,-1.252398152575571327e-02,-1.530056947546770685e-02,-1.252398152575545653e-02,-1.530056947546770685e-02,-1.252398152575546347e-02,-1.530056947546792889e-02,-1.033560207773771289e+01,1.077818593697557787e+02,-4.345112342615830130e+03,3.356067948434142181e+03,-6.285104707423986525e+01,1.047328176704653231e+02,-6.285104612917759681e+01,1.047328181881665330e+02,-6.285104694755418819e+01,1.047328177390620993e+02,-6.285104707423966630e+01,1.047328176704653231e+02,-4.575659560031325782e+03,3.561907865970596504e+03,-4.575659560031323963e+03,3.561907865970593775e+03,-4.575659560031324872e+03,3.561907865970596049e+03,-4.575659560031323053e+03,3.561907865970594685e+03
1.262631172649735236e+05,-1.000584518326754546e+00,-4.918126677044831752e-05,-1.273964167665586622e-02,-1.529915960264838226e-02,-5.150239094660336026e-04,-2.523986304484582277e-04,-5.150239109265875026e-04,-2.523986270495104378e-04,-5.150239096247399839e-04,-2.523986300723146670e-04,-5.150239094660336026e-04,-2.523986304483472054e-04,-1.344493049129852347e-02,-1.546702374064640173e-02,-1.344493049129853041e-02,-1.546702374064645724e-02,-1.344493049129849571e-02,-1.546702374064640173e-02,-1.344493049129850612e-02,-1.546702374064651275e-02,-9.812565197900946501e+00,1.133289594683962918e+02,-4.290138996546289491e+03,3.513973247675064158e+03,-5.417702419586590423e+01,1.102644779664607881e+02,-5.417702323974789635e+01,1.102644783901001944e+02,-5.417702409020256482e+01,1.102644780126404243e+02,-5.417702419586562712e+01,1.102644779664605466e+02,-4.506314470583268303e+03,3.720137507764099155e+03,-4.506314470583268303e+03,3.720137507764097791e+03,-4.506314470583266484e+03,3.720137507764098700e+03,-4.506314470583266484e+03,3.720137507764098700e+03
1.299510030289964780e+05,-1.000633033868738142e+00,-4.645328951824456709e-05,-1.373593820535001786e-02,-1.549685620295671029e-02,-5.512390201250078059e-04,-2.135071901037122188e-04,-5.512390212791679067e-04,-2.135071866127269402e-04,-5.512390204410605454e-04,-2.135071891252726672e-04,-5.512390201249939281e-04,-2.135071901038232411e-04,-1.442528587543367991e-02,-1.558779211788080543e-02,-1.442528587543388460e-02,-1.558779211788086094e-02,-1.442528587543369205e-02,-1.558779211788097196e-02,-1.442528587543379093e-02,-1.558779211788086094e-02,-9.037415809081698725e+00,1.192557639384955763e+02,-4.224350076439768600e+03,3.680226026614375769e+03,-4.454967847901757239e+01,1.146821025117353798e+02,-4.454967752368571610e+01,1.146821028396416153e+02,-4.454967821141856632e+01,1.146821026020225531e+02,-4.454967847901690448e+01,1.146821025117350246e+02,-4.425796873916959157e+03,3.884208825767499093e+03,-4.425796873916958248e+03,3.884208825767500002e+03,-4.425796873916959157e+03,3.884208825767498638e+03,-4.425796873916960067e+03,3.884208825767500002e+03
1.337466043452970043e+05,-1.000686058507497478e+00,-4.183320876782747888e-05,-1.481170896516870172e-02,-1.564344601564870985e-02,-5.826480094623942563e-04,-1.685144980537733872e-04,-5.826480102942843686e-04,-1.685144945139382955e-04,-5.826480095678931992e-04,-1.685144975898111852e-04,-5.826480094623109895e-04,-1.685144980538844095e-04,-1.546670296813504319e-02,-1.565500204709857623e-02,-1.546670296813516809e-02,-1.565500204709857623e-02,-1.546670296813513340e-02,-1.565500204709857623e-02,-1.546670296813511952e-02,-1.565500204709857623e-02,-7.953425906266640588e+00,1.255811610246851018e+02,-4.145917083075921255e+03,3.854753438591605573e+03,-3.419007671157077510e+01,1.177890134225905001e+02,-3.419007576926208003e+01,1.177890136555177207e+02,-3.419007658810360084e+01,1.177890134523996295e+02,-3.419007671157117301e+01,1.177890134225912817e+02,-4.332854889976981212e+03,4.053855337696957122e+03,-4.332854889976978484e+03,4.053855337696955303e+03,-4.332854889976979393e+03,4.053855337696958031e+03,-4.332854889976977574e+03,4.053855337696957122e+03
1.376530673634428531e+05,-1.000743959215658618e+00,-3.478742765505860035e-05,-1.597038200087319559e-02,-1.572589142977598442e-02,-6.080735219889700505e-04,-1.183461069153013412e-04,-6.080735224918958765e-04,-1.183461033723576250e-04,-6.080735220864129376e-04,-1.183461061894375277e-04,-6.080735219888781101e-04,-1.183461069150792966e-04,-1.657065323901103088e-02,-1.565951437531681867e-02,-1.657065323901103088e-02,-1.565951437531676316e-02,-1.657065323901103088e-02,-1.565951437531681867e-02,-1.657065323901094761e-02,-1.565951437531670765e-02,-6.493731551537448965e+00,1.323197681826087830e+02,-4.052765195349816167e+03,4.037243603292396983e+03,-2.336430946484103899e+01,1.194520307345372032e+02,-2.336430854751035469e+01,1.194520308756868019e+02,-2.336430927694372528e+01,1.194520307623664905e+02,-2.336430946484144400e+01,1.194520307345364500e+02,-4.226056310768496587e+03,4.228716654344133531e+03,-4.226056310768496587e+03,4.228716654344133531e+03,-4.226056310768496587e+03,4.228716654344133531e+03,-4.226056310768498406e+03,4.228716654344133531e+03
1.416736301255548606e+05,-1.000807088529243716e+00,-2.466480788476665964e-05,-1.721410416276636379e-02,-1.572885344753616188e-02,-6.266135464786590226e-04,-6.417313567053106738e-05,-6.266135466765840323e-04,-6.417313166728888518e-05,-6.266135464862779281e-04,-6.417313549089698199e-05,-6.266135464787145337e-04,-6.417313567053106738e-05,-1.773814014693533836e-02,-1.559054654923175409e-02,-1.773814014693529673e-02,-1.559054654923175409e-02,-1.773814014693557428e-02,-1.559054654923175409e-02,-1.773814014693533836e-02,-1.559054654923180960e-02,-4.580294559241750996e+00,1.394795441824994953e+02,-3.942570361878254971e+03,4.227062643721105815e+03,-1.235959190622848602e+01,1.196114954021321068e+02,-1.235959089790829424e+01,1.196114954641386703e+02,-1.235959186094206252e+01,1.196114954046847458e+02,-1.235959190622814141e+01,1.196114954021319789e+02,-4.103743713914962427e+03,4.408270746756525114e+03,-4.103743713914961518e+03,4.408270746756524204e+03,-4.103743713914962427e+03,4.408270746756526023e+03,-4.103743713914962427e+03,4.408270746756526023e+03
1.458116252502992284e+05,-1.000875761840881228e+00,-1.067916582031536166e-05,-1.854309833605161106e-02,-1.563451805019755447e-02,-6.376876967732897361e-04,-7.304015515907646972e-06,-6.376876966342759356e-04,-7.304012105413537626e-06,-6.376876967468247948e-04,-7.304014973341654837e-06,-6.376876967733730028e-04,-7.304015515907646972e-06,-1.896920630835781385e-02,-1.543532055009888548e-02,-1.896920630835764732e-02,-1.543532055009888548e-02,-1.896920630835781385e-02,-1.543532055009888548e-02,-1.896920630835764732e-02,-1.543532055009882997e-02,-2.123152956286278314e+00,1.470586957014368465e+02,-3.812773607182658907e+03,4.423153772714551451e+03,-1.459240958844080671e+00,1.182807995118201205e+02,-1.459240123197978578e+00,1.182807994877278475e+02,-1.459240825878248327e+00,1.182807995071787701e+02,-1.459240958843667002e+00,1.182807995118196942e+02,-3.964007195229064564e+03,4.591733804482998494e+03,-3.964007195229064564e+03,4.591733804482996675e+03,-3.964007195229064564e+03,4.591733804482998494e+03,-3.964007195229064564e+03,4.591733804482997584e+03
1.500704826952737931e+05,-1.000950226155292277e+00,8.106716070988007061e-06,-1.995484502678546157e-02,-1.542253535557214228e-02,-6.410356520302196159e-04,5.092452685623305442e-05,-6.410356515263587740e-04,5.092453061894541833e-05,-6.410356518131432590e-04,5.092452839194905323e-05,-6.410356520301641048e-04,5.092452685617754327e-05,-2.026222006634431638e-02,-1.517882109859230999e-02,-2.026222006634420536e-02,-1.517882109859236550e-02,-2.026222006634431638e-02,-1.517882109859230999e-02,-2.026222006634439965e-02,-1.517882109859236550e-02,9.797875220251185402e-01,1.550417862034439622e+02,-3.660621523569714554e+03,4.623918665922584296e+03,9.078600808501450459e+00,1.155365562928368206e+02,9.078601705382371989e+00,1.155365561840106920e+02,9.078601174670671625e+00,1.155365562463601350e+02,9.078600808500850050e+00,1.155365562928360674e+02,-3.804689361390172962e+03,4.777931818685218786e+03,-3.804689361390174781e+03,4.777931818685220605e+03,-3.804689361390172962e+03,4.777931818685218786e+03,-3.804689361390171598e+03,4.777931818685217877e+03
1.544537326000778121e+05,-1.001030618721766352e+00,3.279281330881289591e-05,-2.144307832035607930e-02,-1.507014998058564537e-02,-6.366762453620944395e-04,1.092360711426598741e-04,-6.366762446545770615e-04,1.092360742592779488e-04,-6.366762452586216536e-04,1.092360715805318350e-04,-6.366762453619834172e-04,1.092360711427153852e-04,-2.161295907858867826e-02,-1.480375583836102127e-02,-2.161295907858876153e-02,-1.480375583836091025e-02,-2.161295907858867826e-02,-1.480375583836102127e-02,-2.161295907858873377e-02,-1.480375583836091025e-02,4.842069712125825376e+00,1.633950105842316134e+02,-3.483244356797296405e+03,4.827084368618622648e+03,1.903512779666499455e+01,1.115027056568380459e+02,1.903512851932415728e+01,1.115027055020596407e+02,1.903512789824838336e+01,1.115027056343818117e+02,1.903512779666293397e+01,1.115027056568368948e+02,-3.623435900389106791e+03,4.965153201044901834e+03,-3.623435900389104063e+03,4.965153201044899106e+03,-3.623435900389106791e+03,4.965153201044901834e+03,-3.623435900389105882e+03,4.965153201044900015e+03
1.589650082124220498e+05,-1.001116914482778064e+00,6.464530469107998556e-05,-2.299661132553448839e-02,-1.455262585917616036e-02,-6.248439804608096892e-04,1.664699731626084755e-04,-6.248439795110138917e-04,1.664699760844934318e-04,-6.248439803031302642e-04,1.664699736332875268e-04,-6.248439804608929560e-04,1.664699731626639867e-04,-2.301353699278135823e-02,-1.429080850761166310e-02,-2.301353699278135823e-02,-1.429080850761166310e-02,-2.301353699278135823e-02,-1.429080850761166310e-02,-2.301353699278138598e-02,-1.429080850761166310e-02,9.586653232496159305e+00,1.720607100171328909e+02,-3.277785017419136693e+03,5.029563874432713419e+03,2.823680892657198527e+01,1.063327236347749221e+02,2.823680958574194122e+01,1.063327234295224599e+02,2.823680903280484955e+01,1.063327236008972534e+02,2.823680892657106156e+01,1.063327236347743252e+02,-3.417802690550995976e+03,5.150996059134235111e+03,-3.417802690550995521e+03,5.150996059134235111e+03,-3.417802690550995976e+03,5.150996059134235111e+03,-3.417802690550995067e+03,5.150996059134233292e+03
1.636080488997044740e+05,-1.001208862474566530e+00,1.050863059957052315e-04,-2.459804938220261361e-02,-1.384409037264289211e-02,-6.059218455084780519e-04,2.216014684178202465e-04,-6.059218443490999029e-04,2.216014711213243338e-04,-6.059218450829295666e-04,2.216014693848800121e-04,-6.059218455085058075e-04,2.216014684178757577e-04,-2.445124875355914051e-02,-1.361927286479411303e-02,-2.445124875355919603e-02,-1.361927286479405752e-02,-2.445124875355902949e-02,-1.361927286479411303e-02,-2.445124875355908500e-02,-1.361927286479411303e-02,1.534198886154358021e+01,1.809513874908335538e+02,-3.041592795318871140e+03,5.227325664669981052e+03,3.655410953060540891e+01,1.001936509165612676e+02,3.655411012404542959e+01,1.001936506708539980e+02,3.655410974309713623e+01,1.001936508268026387e+02,3.655410953060436441e+01,1.001936509165602445e+02,-3.185427733712583631e+03,5.332227839673578274e+03,-3.185427733712582722e+03,5.332227839673575545e+03,-3.185427733712584541e+03,5.332227839673578274e+03,-3.185427733712585450e+03,5.332227839673578274e+03
1.683867032485478849e+05,-1.001305913466378206e+00,1.556631707273492538e-04,-2.622251463172087238e-02,-1.291893083532702491e-02,-5.803860848024866570e-04,2.737328974799502213e-04,-5.803860834679430702e-04,2.737328999470878266e-04,-5.803860845102204458e-04,2.737328980079722918e-04,-5.803860848025976793e-04,2.737328974800612436e-04,-2.590744677839632026e-02,-1.276814828255617984e-02,-2.590744677839632026e-02,-1.276814828255617984e-02,-2.590744677839632026e-02,-1.276814828255609657e-02,-2.590744677839632026e-02,-1.276814828255606882e-02,2.223561989678464812e+01,1.899437616437959093e+02,-2.772492910106548152e+03,5.415296875596932296e+03,4.389534422605912312e+01,9.325435824975926380e+01,4.389534475312175488e+01,9.325435797329231491e+01,4.389534433899994070e+01,9.325435818944289679e+01,4.389534422605966313e+01,9.325435824975862431e+01,-2.924272711366862950e+03,5.504679943564843597e+03,-2.924272711366862950e+03,5.504679943564843597e+03,-2.924272711366862040e+03,5.504679943564841778e+03,-2.924272711366862950e+03,5.504679943564841778e+03
1.733049322548686760e+05,-1.001407144439137475e+00,2.179900159413605820e-04,-2.783659239720300688e-02,-1.175385514114002383e-02,-5.487724503804858323e-04,3.220677836134333560e-04,-5.487724489058876109e-04,3.220677858324361154e-04,-5.487724503100976925e-04,3.220677837171281865e-04,-5.487724503805413434e-04,3.220677836135443783e-04,-2.735660896427624666e-02,-1.171775867525803871e-02,-2.735660896427635769e-02,-1.171775867525792769e-02,-2.735660896427624666e-02,-1.171775867525798320e-02,-2.735660896427635769e-02,-1.171775867525809423e-02,3.038481894118310933e+01,1.988737616969710871e+02,-2.469135168640655593e+03,5.587335373132604218e+03,5.019844925888583020e+01,8.567893924758240587e+01,5.019844972028401742e+01,8.567893894950780975e+01,5.019844928048054555e+01,8.567893923339212847e+01,5.019844925888419596e+01,8.567893924758173796e+01,-2.632932971204644673e+03,5.663205918492581077e+03,-2.632932971204645128e+03,5.663205918492580167e+03,-2.632932971204646037e+03,5.663205918492579258e+03,-2.632932971204645582e+03,5.663205918492580167e+03
1.783668126071209263e+05,-1.001511189930039958e+00,2.936549930341314507e-04,-2.939780747004813732e-02,-1.033065740350624928e-02,-5.116667389777340702e-04,3.658810565482784050e-04,-5.116667371449779012e-04,3.658810588206273806e-04,-5.116667383394113422e-04,3.658810573249904330e-04,-5.116667389777340702e-04,3.658810565482784050e-04,-2.876581750759976686e-02,-1.045190999373424301e-02,-2.876581750759971134e-02,-1.045190999373440954e-02,-2.876581750759976686e-02,-1.045190999373424301e-02,-2.876581750759965583e-02,-1.045190999373435403e-02,3.988405763296123752e+01,2.075337770539192377e+02,-2.131409809930674783e+03,5.736315266956074993e+03,5.542317605058875785e+01,7.762482398840282372e+01,5.542317651075043727e+01,7.762482362741036468e+01,5.542317620818780455e+01,7.762482386298061954e+01,5.542317605058967445e+01,7.762482398840323583e+01,-2.311004085072840553e+03,5.801737647757433479e+03,-2.311004085072839644e+03,5.801737647757433479e+03,-2.311004085072840553e+03,5.801737647757434388e+03,-2.311004085072841463e+03,5.801737647757434388e+03
1.835765400654372934e+05,-1.001616195231504136e+00,3.840901618585856880e-04,-3.085501999072154389e-02,-8.639589942277536849e-03,-4.697164901307782081e-04,4.044975859264499096e-04,-4.697164882130344665e-04,4.044975879056722512e-04,-4.697164899605810184e-04,4.044975860987010119e-04,-4.697164901307782081e-04,4.044975859264776652e-04,-3.009491961573193541e-02,-8.960512640757284375e-03,-3.009491961573193541e-02,-8.960512640757284375e-03,-3.009491961573187990e-02,-8.960512640757339886e-03,-3.009491961573193541e-02,-8.960512640757506420e-03,5.078967160640740985e+01,2.156738274085222713e+02,-1.760895108260436245e+03,5.854373640426460042e+03,5.954552761523340365e+01,6.924432343369694820e+01,5.954552800560171733e+01,6.924432306568547801e+01,5.954552764929477604e+01,6.924432340111405892e+01,5.954552761523297022e+01,6.924432343369713294e+01,-1.959476337529060629e+03,5.913476272945555138e+03,-1.959476337529060629e+03,5.913476272945555138e+03,-1.959476337529061539e+03,5.913476272945556047e+03,-1.959476337529062903e+03,5.913476272945558776e+03
1.889384329394676024e+05,-1.001719810549440481e+00,4.904075144673836206e-04,-3.215014958271711354e-02,-6.683029767703851931e-03,-4.236560960507729234e-04,4.372882002694755688e-04,-4.236560940865663483e-04,4.372882019581803004e-04,-4.236560954314905203e-04,4.372882007911416125e-04,-4.236560960507729234e-04,4.372882002695033243e-04,-3.129765752644200760e-02,-7.242456882767839277e-03,-3.129765752644189658e-02,-7.242456882767867032e-03,-3.129765752644200760e-02,-7.242456882767839277e-03,-3.129765752644173005e-02,-7.242456882767867032e-03,6.310294987972795866e+01,2.230084333726927923e+02,-1.361271338638445968e+03,5.933357002613365694e+03,6.255541753937252736e+01,6.068784683565935012e+01,6.255541786393820303e+01,6.068784646857478293e+01,6.255541763993925031e+01,6.068784672015638648e+01,6.255541753937269789e+01,6.068784683565957039e+01,-1.581106358004188451e+03,5.991248370549229548e+03,-1.581106358004187541e+03,5.991248370549228639e+03,-1.581106358004188451e+03,5.991248370549229548e+03,-1.581106358004187996e+03,5.991248370549230458e+03
1.944569356677980686e+05,-1.001819246232896976e+00,6.132148176742902024e-04,-3.322153305154129654e-02,-4.478868033048977182e-03,-3.743343659566300552e-04,4.636880646116392501e-04,-3.743343639827645397e-04,4.636880660175424218e-04,-3.743343654601383186e-04,4.636880649575014779e-04,-3.743343659566300552e-04,4.636880646116392501e-04,-3.232399596085375193e-02,-5.308355634122921551e-03,-3.232399596085386295e-02,-5.308355634122810529e-03,-3.232399596085383520e-02,-5.308355634122796651e-03,-3.232399596085383520e-02,-5.308355634122796651e-03,7.675395296668931167e+01,2.292306097165293579e+02,-9.386061859921161386e+02,5.965477700220388215e+03,6.445766889712660941e+01,5.210691158402138257e+01,6.445766916065664986e+01,5.210691122487236271e+01,6.445766896219780051e+01,5.210691149384349785e+01,6.445766889712633940e+01,5.210691158402133283e+01,-1.180692239933811834e+03,6.028037865530855015e+03,-1.180692239933810697e+03,6.028037865530855015e+03,-1.180692239933811607e+03,6.028037865530855925e+03,-1.180692239933811834e+03,6.028037865530856834e+03
2.001366225019179110e+05,-1.001911404435456010e+00,7.524369510580886100e-04,-3.400894718874858391e-02,-2.062820853682145739e-03,-3.227321373433511553e-04,4.832368757903271472e-04,-3.227321353942436133e-04,4.832368769265293906e-04,-3.227321369177471588e-04,4.832368760321475998e-04,-3.227321373432956442e-04,4.832368757903687806e-04,-3.312370590075761068e-02,-3.182605439245048129e-03,-3.312370590075758292e-02,-3.182605439245186907e-03,-3.312370590075752741e-02,-3.182605439245075885e-03,-3.312370590075755517e-02,-3.182605439245075885e-03,9.158936715395427086e+01,2.340333737847651605e+02,-5.014004142219750406e+02,5.944140971093132976e+03,6.527564534349338032e+01,4.365525597820122528e+01,6.527564555139531421e+01,4.365525563300131751e+01,6.527564538797162186e+01,4.365525590293834313e+01,6.527564534349362191e+01,4.365525597820191450e+01,-7.651641308004675466e+02,6.017667880305594736e+03,-7.651641308004666371e+02,6.017667880305594736e+03,-7.651641308004675466e+02,6.017667880305593826e+03,-7.651641308004677740e+02,6.017667880305595645e+03
2.059822012977869890e+05,-1.001993090158599831e+00,9.071787239214312848e-04,-3.445988635213281803e-02,5.112206432249521981e-04,-2.699584512391717261e-04,4.956342666912888495e-04,-2.699584490642448209e-04,4.956342677029657029e-04,-2.699584508060737242e-04,4.956342668874097468e-04,-2.699584512392272373e-04,4.956342666912333383e-04,-3.365097846774356416e-02,-9.041378032247360252e-04,-3.365097846774348089e-02,-9.041378032248470475e-04,-3.365097846774339763e-02,-9.041378032246458196e-04,-3.365097846774345314e-02,-9.041378032248470475e-04,1.073681863043238423e+02,2.371374320745296700e+02,-6.029536008046582651e+01,5.864839193413957219e+03,6.505609746017418615e+01,3.548687043878834402e+01,6.505609764135563466e+01,3.548687006397467059e+01,6.505609749551742027e+01,3.548687036422896313e+01,6.505609746017414352e+01,3.548687043878852165e+01,-3.434081945167695267e+02,5.955557996418304356e+03,-3.434081945167702088e+02,5.955557996418304356e+03,-3.434081945167708909e+02,5.955557996418304356e+03,-3.434081945167711183e+02,5.955557996418304356e+03
2.119985174181474140e+05,-1.002061285316296235e+00,1.075668433204279850e-03,-3.453617194919256228e-02,3.173488047736094941e-03,-2.172177986924372917e-04,5.007982034135605165e-04,-2.172177968829958061e-04,5.007982040669406443e-04,-2.172177982074918745e-04,5.007982035820091049e-04,-2.172177986924372917e-04,5.007982034135050053e-04,-3.386949389561239032e-02,1.474676110736379553e-03,-3.386949389561239032e-02,1.474676110736476697e-03,-3.386949389561233481e-02,1.474676110736330981e-03,-3.386949389561236257e-02,1.474676110736247714e-03,1.237684666098104884e+02,2.383215960428603353e+02,3.726026512750691495e+02,5.725950827594509065e+03,6.387335189243257361e+01,2.775057935407996723e+01,6.387335200712556826e+01,2.775057905057292018e+01,6.387335192228729142e+01,2.775057927282774273e+01,6.387335189243243150e+01,2.775057935408044685e+01,7.422212894144959705e+01,5.839434597443178063e+03,7.422212894145010864e+01,5.839434597443176244e+03,7.422212894145096129e+01,5.839434597443177154e+03,7.422212894144914230e+01,5.839434597443178063e+03
2.181905577488136478e+05,-1.002113447897696075e+00,1.255312918719386772e-03,-3.421958082914788868e-02,5.843446966775633911e-03,-1.657478943311585518e-04,4.989108469261559209e-04,-1.657478926278543874e-04,4.989108473741378502e-04,-1.657478940856327299e-04,4.989108469874090068e-04,-1.657478943310475294e-04,4.989108469261940848e-04,-3.375707220398421748e-02,3.891198445327342936e-03,-3.375707220398410646e-02,3.891198445327096606e-03,-3.375707220398416197e-02,3.891198445327329059e-03,-3.375707220398416197e-02,3.891198445327207628e-03,1.404065548759868420e+02,2.374506739352536329e+02,7.847349696773840151e+02,5.529255895696507650e+03,6.183095206464169280e+01,2.058181849099469929e+01,6.183095214223397562e+01,2.058181821300626524e+01,6.183095207539992799e+01,2.058181845096443752e+01,6.183095206464203386e+01,2.058181849099462113e+01,4.766877961574450637e+02,5.669845481994677357e+03,4.766877961574450637e+02,5.669845481994677357e+03,4.766877961574443816e+02,5.669845481994677357e+03,4.766877961574444384e+02,5.669845481994677357e+03
2.245634548322701594e+05,-1.002147782602579085e+00,1.442873428737057040e-03,-3.351513607418254992e-02,8.437141136043213585e-03,-1.167358895377557104e-04,4.904371834778984904e-04,-1.167358877081636770e-04,4.904371837872361153e-04,-1.167358888523872817e-04,4.904371835856551759e-04,-1.167358895377834660e-04,4.904371834778889494e-04,-3.330892966091270058e-02,6.277526493176433138e-03,-3.330892966091270058e-02,6.277526493176421862e-03,-3.330892966091275609e-02,6.277526493176456557e-03,-3.330892966091270058e-02,6.277526493176461761e-03,1.568672973309298868e+02,2.344949649145078752e+02,1.164290963603090859e+03,5.280012297657915042e+03,5.905939626510789964e+01,1.409320516854104355e+01,5.905939631891871500e+01,1.409320487799074684e+01,5.905939628426984456e+01,1.409320505975086668e+01,5.905939626510806306e+01,1.409320516854158178e+01,8.532388039484915225e+02,5.450344525198946030e+03,8.532388039484919773e+02,5.450344525198945121e+03,8.532388039484917499e+02,5.450344525198946940e+03,8.532388039484912952e+02,5.450344525198947849e+03
2.311224911220028880e+05,-1.002163427696008524e+00,1.634742190937732431e-03,-3.245113041356151307e-02,1.087547817199441269e-02,-7.122816544771759517e-05,4.761073914565511211e-04,-7.122816376950447115e-05,4.761073915933600881e-04,-7.122816544710697251e-05,4.761073914565754073e-04,-7.122816544780086190e-05,4.761073914565545906e-04,-3.253875977858697310e-02,8.566566375603282268e-03,-3.253875977858697310e-02,8.566566375603282268e-03,-3.253875977858697310e-02,8.566566375603282268e-03,-3.253875977858705637e-02,8.566566375603594519e-03,1.727406724723113314e+02,2.295366542493024156e+02,1.501371862667126834e+03,4.986531090307567865e+03,5.570963968419849976e+01,8.366052440827953518e+00,5.570963970949875943e+01,8.366052181506834273e+00,5.570963968420808499e+01,8.366052440720597616e+00,5.570963968419878398e+01,8.366052440827649761e+00,1.194416072322925402e+03,5.187274203856431996e+03,1.194416072322925402e+03,5.187274203856431996e+03,1.194416072322925402e+03,5.187274203856431996e+03,1.194416072322925402e+03,5.187274203856429267e+03
2.378731033610910526e+05,-1.002160518839260828e+00,1.827272434097304554e-03,-3.107576025058556013e-02,1.309180583577312929e-02,-3.005187590479629911e-05,4.568630640421900146e-04,-3.005187438576140124e-05,4.568630640385158703e-04,-3.005187551327614948e-05,4.568630640362086881e-04,-3.005187590479629911e-05,4.568630640422351175e-04,-3.147733252499065881e-02,1.069808428262686122e-02,-3.147733252499065881e-02,1.069808428262686122e-02,-3.147733252499065881e-02,1.069808428262686122e-02,-3.147733252499068657e-02,1.069808428262653335e-02,1.876582596916106240e+02,2.227612702071558886e+02,1.788885216586298384e+03,4.659316550663651469e+03,5.194322806074979582e+01,3.444872890157440359e+00,5.194322806388675673e+01,3.444872661770253863e+00,5.194322806098514889e+01,3.444872831291665882e+00,5.194322806074973897e+01,3.444872890157553158e+00,1.492893029563792652e+03,4.889168095445935251e+03,1.492893029563792197e+03,4.889168095445934341e+03,1.492893029563792652e+03,4.889168095445935251e+03,1.492893029563792197e+03,4.889168095445935251e+03
2.448208870886886434e+05,-1.002140119934438189e+00,2.017100645275826665e-03,-2.945113674185195762e-02,1.503730529224731050e-02,6.236245099405790526e-06,4.337768322586268988e-04,6.236246457208549643e-06,4.337768321450788389e-04,6.236245641721982480e-06,4.337768322058774273e-04,6.236245099516812829e-06,4.337768322586407765e-04,-3.016890483710855941e-02,1.262362624801399366e-02,-3.016890483710858717e-02,1.262362624801410121e-02,-3.016890483710853166e-02,1.262362624801400060e-02,-3.016890483710855941e-02,1.262362624801400060e-02,2.013228690806940051e+02,2.144359739328920966e+02,2.023004824287860401e+03,4.309949111522935709e+03,4.792087224823792724e+01,-6.638484936838292549e-01,4.792087223490539571e+01,-6.638486923240489723e-01,4.792087224209243601e+01,-6.638485730338284929e-01,4.792087224823802671e+01,-6.638484936839101902e-01,1.744005008014650230e+03,4.565888484743332810e+03,1.744005008014649547e+03,4.565888484743330991e+03,1.744005008014649320e+03,4.565888484743331901e+03,1.744005008014649775e+03,4.565888484743331901e+03
2.519716012781308091e+05,-1.002104042866622802e+00,2.201404662598327455e-03,-2.764605258814767375e-02,1.668337753201775547e-02,3.736566535630925223e-05,4.079611322983789368e-04,3.736566673617769396e-05,4.079611320712064892e-04,3.736566555717635296e-05,4.079611322627199610e-04,3.736566535633700781e-05,4.079611322983858757e-04,-2.866623674909203612e-02,1.430951866876876630e-02,-2.866623674909203612e-02,1.430951866876887038e-02,-2.866623674909206387e-02,1.430951866876876630e-02,-2.866623674909205000e-02,1.430951866876888426e-02,2.135265942276746216e+02,2.048794713930853675e+02,2.203149178471447158e+03,3.949941543538247515e+03,4.379161115735161758e+01,-3.988469600762267309e+00,4.379161112845144999e+01,-3.988469797189134525e+00,4.379161115286574812e+01,-3.988469629369439939e+00,4.379161115735159626e+01,-3.988469600762146960e+00,1.945895571613161792e+03,4.227670937387694721e+03,1.945895571613161792e+03,4.227670937387693812e+03,1.945895571613161792e+03,4.227670937387694721e+03,1.945895571613162247e+03,4.227670937387695631e+03
2.593311731105099607e+05,-1.002054600664354478e+00,2.378061966580635733e-03,-2.572900171005398917e-02,1.802103434040236429e-02,6.333338059649751273e-05,3.804827987946707291e-04,6.333338180700143205e-05,3.804827985012040892e-04,6.333338081535022646e-05,3.804827987385350774e-04,6.333338059649751273e-05,3.804827987946568513e-04,-2.702523317573267414e-02,1.573768280593148758e-02,-2.702523317573267414e-02,1.573768280593148758e-02,-2.702523317573256312e-02,1.573768280593137309e-02,-2.702523317573261863e-02,1.573768280593148411e-02,2.241556900255788776e+02,1.944296931167271509e+02,2.331551494846702099e+03,3.589775382029225511e+03,3.968436807084336237e+01,-6.585521784094772180e+00,3.968436803326358131e+01,-6.585521951777726812e+00,3.968436806372380943e+01,-6.585521814439129429e+00,3.968436807084355422e+01,-6.585521784094870767e+00,2.099303242158006924e+03,3.884249453666933277e+03,2.099303242158006924e+03,3.884249453666933277e+03,2.099303242158006469e+03,3.884249453666933277e+03,2.099303242158006469e+03,3.884249453666933732e+03
2.669057028876781696e+05,-1.001994345467670744e+00,2.545699952160140889e-03,-2.376260573380006846e-02,1.905799089126111734e-02,8.435915403021132519e-05,3.522962606232540872e-04,8.435915508200886315e-05,3.522962602875018279e-04,8.435915420562656308e-05,3.522962605645579837e-04,8.435915403021132519e-05,3.522962606232540872e-04,-2.530014088253880467e-02,1.690451106940448964e-02,-2.530014088253880467e-02,1.690451106940437515e-02,-2.530014088253880467e-02,1.690451106940448964e-02,-2.530014088253880467e-02,1.690451106940421208e-02,2.331837765241804163e+02,1.834148388408765982e+02,2.412572643216374217e+03,3.238245430416641739e+03,3.570290081743164023e+01,-8.531120280682662482e+00,3.570290077491668512e+01,-8.531120422466718978e+00,3.570290081005929750e+01,-8.531120304356372586e+00,3.570290081743188892e+01,-8.531120280682493728e+00,2.207085441950052427e+03,3.544189390549171094e+03,2.207085441950051973e+03,3.544189390549169730e+03,2.207085441950052427e+03,3.544189390549170184e+03,2.207085441950052427e+03,3.544189390549171549e+03
2.747014690887480974e+05,-1.001925834659933345e+00,2.703653757020196835e-03,-2.180001685116883525e-02,1.981448767794768973e-02,1.008266800799489937e-04,3.242016313848988807e-04,1.008266809859187374e-04,3.242016310267131773e-04,1.008266802373369853e-04,3.242016313199369559e-04,1.008266800799628715e-04,3.242016313848711251e-04,-2.353991549221302881e-02,1.781839404490116047e-02,-2.353991549221301494e-02,1.781839404490116047e-02,-2.353991549221304269e-02,1.781839404490116047e-02,-2.353991549221301494e-02,1.781839404490105638e-02,2.406569225705433723e+02,1.721314861344998235e+02,2.451927115070214768e+03,2.902144334640016041e+03,3.192424051503765625e+01,-9.912103855939594865e+00,3.192424047050032954e+01,-9.912103974781990345e+00,3.192424050702461003e+01,-9.912103876611771724e+00,3.192424051503751770e+01,-9.912103855939305319e+00,2.273609004852229191e+03,3.214485432936478446e+03,2.273609004852227827e+03,3.214485432936476627e+03,2.273609004852229191e+03,3.214485432936478446e+03,2.273609004852228736e+03,3.214485432936478901e+03
2.827249335742841358e+05,-1.001851451853916553e+00,2.851860953538953858e-03,-1.988329974584912563e-02,2.031883547773016829e-02,1.132223756416111948e-04,2.968276011411363768e-04,1.132223764156864432e-04,2.968276007764281132e-04,1.132223757619316151e-04,2.968276010821280231e-04,1.132223756416528282e-04,2.968276011411363768e-04,-2.178598874724173295e-02,1.849659361723536566e-02,-2.178598874724167744e-02,1.849659361723536566e-02,-2.178598874724171908e-02,1.849659361723541423e-02,-2.178598874724174683e-02,1.849659361723530321e-02,2.466748014073859849e+02,1.608311437947504601e+02,2.455961832571552804e+03,2.586242129407201901e+03,2.840001572222059423e+01,-1.081819964959424318e+01,2.840001567783552971e+01,-1.081819974841047483e+01,2.840001571508716083e+01,-1.081819966498087915e+01,2.840001572222050541e+01,-1.081819964959410285e+01,2.304128665793304208e+03,2.900416058517957936e+03,2.304128665793303298e+03,2.900416058517957026e+03,2.304128665793305117e+03,2.900416058517958390e+03,2.304128665793305117e+03,2.900416058517958390e+03
2.909827469424970914e+05,-1.001773291621374407e+00,2.990725169591645916e-03,-1.804341488701910468e-02,2.060340947380040477e-02,1.220805518136608425e-04,2.706345909166477104e-04,1.220805525696394556e-04,2.706345905008622488e-04,1.220805520087131502e-04,2.706345908056045912e-04,1.220805518136747203e-04,2.706345909166338326e-04,-2.007134505819754139e-02,1.896207015971518306e-02,-2.007134505819750669e-02,1.896207015971512755e-02,-2.007134505819754139e-02,1.896207015971518306e-02,-2.007134505819748588e-02,1.896207015971523857e-02,2.513715811981159050e+02,1.497146962338015328e+02,2.431073355306029043e+03,2.293474541102290004e+03,2.515971093083290100e+01,-1.133595675767180921e+01,2.515971088145812473e+01,-1.133595685162115885e+01,2.515971091772298607e+01,-1.133595678196025602e+01,2.515971093083286547e+01,-1.133595675767189803e+01,2.304241211899274731e+03,2.605602105577480415e+03,2.304241211899273821e+03,2.605602105577479506e+03,2.304241211899274731e+03,2.605602105577480415e+03,2.304241211899273821e+03,2.605602105577480870e+03
2.994817540418824065e+05,-1.001693103149056130e+00,3.120975534417480546e-03,-1.630127152954519154e-02,2.070148151525086355e-02,1.279398419622157501e-04,2.459316713789849729e-04,1.279398425149541607e-04,2.459316710344758294e-04,1.279398420638566680e-04,2.459316713130724197e-04,1.279398419622435057e-04,2.459316713790057896e-04,-1.842062394340345660e-02,1.924068142989076788e-02,-1.842062394340348436e-02,1.924068142989076788e-02,-1.842062394340346354e-02,1.924068142989076788e-02,-1.842062394340348436e-02,1.924068142989077482e-02,2.548990650248533143e+02,1.389330269959295094e+02,2.383295006630505668e+03,2.025247055731728551e+03,2.221488495491123061e+01,-1.154466042051945784e+01,2.221488491496677398e+01,-1.154466048735074502e+01,2.221488494731464769e+01,-1.154466043284325139e+01,2.221488495491128035e+01,-1.154466042051952712e+01,2.279461573186128135e+03,2.332199505386023247e+03,2.279461573186128135e+03,2.332199505386023247e+03,2.279461573186128135e+03,2.332199505386022793e+03,2.279461573186128135e+03,2.332199505386023247e+03
3.082289996448710444e+05,-1.001612280333595173e+00,3.243540091868502007e-03,-1.466934040312134480e-02,2.064499203059705357e-02,1.313123038253899422e-04,2.229008322519668295e-04,1.313123043636052478e-04,2.229008318729713833e-04,1.313123038556157640e-04,2.229008322299289024e-04,1.313123038253968811e-04,2.229008322519807073e-04,-1.685090137650664677e-02,1.935896540579279054e-02,-1.685090137650664677e-02,1.935896540579279054e-02,-1.685090137650664677e-02,1.935896540579279054e-02,-1.685090137650659819e-02,1.935896540579274197e-02,2.574133564942077896e+02,1.285917279116796976e+02,2.318045831376240130e+03,1.781777288630607018e+03,1.956355914566846010e+01,-1.151405658488717521e+01,1.956355910286896460e+01,-1.151405664825723285e+01,1.956355914318903544e+01,-1.151405658846020152e+01,1.956355914566836063e+01,-1.151405658488705086e+01,2.234931546746543518e+03,2.081159444431704742e+03,2.234931546746543518e+03,2.081159444431704742e+03,2.234931546746543518e+03,2.081159444431704742e+03,2.234931546746543063e+03,2.081159444431705197e+03
3.172317342871963046e+05,-1.001531883551967095e+00,3.359442546349233893e-03,-1.315343120382667097e-02,2.046317599632346829e-02,1.326642382113232821e-04,2.016234600709584934e-04,1.326642386613244295e-04,2.016234597187888111e-04,1.326642382974141388e-04,2.016234600010699540e-04,1.326642382113163432e-04,2.016234600709723712e-04,-1.537283068723974133e-02,1.934255408617003430e-02,-1.537283068723976909e-02,1.934255408617004124e-02,-1.537283068723974827e-02,1.934255408617003430e-02,-1.537283068723977603e-02,1.934255408616992328e-02,2.590653314211905354e+02,1.187579683157077142e+02,2.240011677259529279e+03,1.562422574915912037e+03,1.719424822840883849e+01,-1.130351566635649618e+01,1.719424818966403734e+01,-1.130351571793237930e+01,1.719424822075820103e+01,-1.130351567625812237e+01,1.719424822840888467e+01,-1.130351566635653349e+01,2.175248201322320710e+03,1.852503909484508767e+03,2.175248201322320256e+03,1.852503909484508540e+03,2.175248201322319801e+03,1.852503909484508085e+03,2.175248201322320710e+03,1.852503909484508767e+03
3.264974202778161853e+05,-1.001452679632084397e+00,3.469724860233558417e-03,-1.175437869165762983e-02,2.018186816238859427e-02,1.324065246094754955e-04,1.821055495948922798e-04,1.324065250409567351e-04,1.821055492209067150e-04,1.324065247197483974e-04,1.821055494960130416e-04,1.324065246094546788e-04,1.821055495948992187e-04,-1.399189687991696240e-02,1.921515948871654195e-02,-1.399189687991691383e-02,1.921515948871659746e-02,-1.399189687991691383e-02,1.921515948871659399e-02,-1.399189687991692077e-02,1.921515948871653154e-02,2.599945591339251223e+02,1.094680407093863153e+02,2.153121854173988140e+03,1.365963308421672991e+03,1.508935615341210834e+01,-1.096220994907890756e+01,1.508935611337083138e+01,-1.096220999724465628e+01,1.508935614287080185e+01,-1.096220996143739512e+01,1.508935615341213321e+01,-1.096220994907884716e+01,2.104387382119413815e+03,1.645582495658345579e+03,2.104387382119413360e+03,1.645582495658345351e+03,2.104387382119413815e+03,1.645582495658345124e+03,2.104387382119413815e+03,1.645582495658345351e+03
3.360337378843734623e+05,-1.001375189538078025e+00,3.575393887741085130e-03,-1.046950188347067767e-02,1.982329470987936881e-02,1.308919308074321664e-04,1.642997089044487269e-04,1.308919311660897145e-04,1.642997085641098587e-04,1.308919308645392632e-04,1.642997088482922585e-04,1.308919308074321664e-04,1.642997089044764825e-04,-1.270962129331836346e-02,1.899802244845982466e-02,-1.270962129331833571e-02,1.899802244845982466e-02,-1.270962129331836346e-02,1.899802244845982466e-02,-1.270962129331841550e-02,1.899802244845976568e-02,2.603260119739066454e+02,1.007346007280189326e+02,2.060587330279128309e+03,1.190830691665860513e+03,1.322784910125456825e+01,-1.052991877484494232e+01,1.322784906577956399e+01,-1.052991881382928163e+01,1.322784909542258625e+01,-1.052991878108096913e+01,1.322784910125457358e+01,-1.052991877484502226e+01,2.025695193517607322e+03,1.459292336739227949e+03,2.025695193517607322e+03,1.459292336739227721e+03,2.025695193517607322e+03,1.459292336739227949e+03,2.025695193517606867e+03,1.459292336739227721e+03
3.458485916993202409e+05,-1.001299736590857137e+00,3.677388050276508835e-03,-9.293787776201378747e-03,1.940617985138065604e-02,1.284170458666494818e-04,1.481231859132500772e-04,1.284170462062875218e-04,1.481231855606363057e-04,1.284170459599845437e-04,1.481231858130177548e-04,1.284170458666564207e-04,1.481231859132361994e-04,-1.152462566818942061e-02,1.870970297280006786e-02,-1.152462566818940673e-02,1.870970297279995684e-02,-1.152462566818939285e-02,1.870970297280006786e-02,-1.152462566818935469e-02,1.870970297280008521e-02,2.601688310265285509e+02,9.255305392002601650e+01,1.964973180523193832e+03,1.035279241885664305e+03,1.158723885962128719e+01,-1.003815678709575998e+01,1.158723882386939508e+01,-1.003815682306390400e+01,1.158723884949643690e+01,-1.003815679702371355e+01,1.158723885962130140e+01,-1.003815678709573156e+01,1.941923084209359104e+03,1.292254836104323886e+03,1.941923084209358876e+03,1.292254836104323886e+03,1.941923084209358876e+03,1.292254836104323886e+03,1.941923084209359331e+03,1.292254836104323886e+03
3.559501171919839107e+05,-1.001226490931078184e+00,3.776559445088978340e-03,-8.220804527651309757e-03,1.894603351625900878e-02,1.252269374070538732e-04,1.334719051484661856e-04,1.252269376505327214e-04,1.334719048759688831e-04,1.252269374378278677e-04,1.334719051125018985e-04,1.252269374070469343e-04,1.334719051484523078e-04,-1.043351799175230160e-02,1.836610228179871851e-02,-1.043351799175233630e-02,1.836610228179877055e-02,-1.043351799175229119e-02,1.836610228179874973e-02,-1.043351799175230854e-02,1.836610228179872545e-02,2.596164847572395615e+02,8.490686351258432296e+01,1.868285731798504003e+03,8.975106271341802540e+02,1.014497247049054884e+01,-9.511410027917413856e+00,1.014497244358722483e+01,-9.511410053008741983e+00,1.014497246695513333e+01,-9.511410031110298036e+00,1.014497247049057549e+01,-9.511410027917476029e+00,1.855287268086551194e+03,1.142950363005750887e+03,1.855287268086551876e+03,1.142950363005751342e+03,1.855287268086550739e+03,1.142950363005750432e+03,1.855287268086550739e+03,1.142950363005750887e+03
3.663466874520053389e+05,-1.001155508098937164e+00,3.873667056392887664e-03,-7.243376516943095256e-03,1.845552483524193210e-02,1.215211353295213292e-04,1.202309262985368221e-04,1.215211355603956767e-04,1.202309260178446859e-04,1.215211353626302615e-04,1.202309262566189640e-04,1.215211353295109209e-04,1.202309262985576388e-04,-9.431596932622073742e-03,1.798062767992676669e-02,-9.431596932622111906e-03,1.798062767992679792e-02,-9.431596932622108437e-03,1.798062767992677016e-02,-9.431596932622118845e-03,1.798062767992676669e-02,2.587477843126280277e+02,7.777176082166872106e+01,1.772061667336930668e+03,7.757578191517386585e+02,8.879345951326010677e+00,-8.968342583657655354e+00,8.879345924374849375e+00,-8.968342606849022403e+00,8.879345947314799758e+00,-8.968342587005567523e+00,8.879345951326047981e+00,-8.968342583657653577e+00,1.767538624023836974e+03,1.009816039365342363e+03,1.767538624023836292e+03,1.009816039365341453e+03,1.767538624023836746e+03,1.009816039365342363e+03,1.767538624023837201e+03,1.009816039365342590e+03
3.770469201297392137e+05,-1.001086761063625596e+00,3.969377442078175777e-03,-6.354063874655369037e-03,1.794487901198349444e-02,1.174599984962616805e-04,1.082819133956247626e-04,1.174599986848087751e-04,1.082819131488152453e-04,1.174599985231464250e-04,1.082819133587792360e-04,1.174599984962512722e-04,1.082819133956317015e-04,-8.513390950573691829e-03,1.756443426954045622e-02,-8.513390950573664073e-03,1.756443426954045622e-02,-8.513390950573702237e-03,1.756443426954040071e-02,-8.513390950573723054e-03,1.756443426954040418e-02,2.576283572439112390e+02,7.111895611097365588e+01,1.677451636650877163e+03,6.683386698975596119e+02,7.770056872303175766e+00,-8.422896793735150212e+00,7.770056849247209740e+00,-8.422896812181678072e+00,7.770056868874370970e+00,-8.422896796387075113e+00,7.770056872303268136e+00,-8.422896793735104026e+00,1.680033949094998889e+03,8.913132598276483805e+02,1.680033949094998434e+03,8.913132598276486078e+02,1.680033949094998434e+03,8.913132598276480394e+02,1.680033949094998206e+03,8.913132598276484941e+02
3.880596845793692046e+05,-1.001020165911554072e+00,4.064270084620125179e-03,-5.545489169117207018e-03,1.742226012901246235e-02,1.131708779904226636e-04,9.750823396240115848e-05,1.131708781672777220e-04,9.750823371206668311e-05,1.131708780227509703e-04,9.750823391457830169e-05,1.131708779904330719e-04,9.750823396238728069e-05,-7.673056777590569338e-03,1.712669787497123064e-02,-7.673056777590572808e-03,1.712669787497120635e-02,-7.673056777590569338e-03,1.712669787497123411e-02,-7.673056777590600563e-03,1.712669787497124105e-02,2.563123042629568999e+02,6.491749960939858966e+01,1.585294631406647795e+03,5.736869802878007931e+02,6.798495730928221015e+00,-7.885251776334759377e+00,6.798495708191725662e+00,-7.885251793207599391e+00,6.798495726599707467e+00,-7.885251779443573916e+00,6.798495730928149960e+00,-7.885251776334744278e+00,1.593803112826464030e+03,7.859716256667619518e+02,1.593803112826463575e+03,7.859716256667618381e+02,1.593803112826464030e+03,7.859716256667619518e+02,1.593803112826463575e+03,7.859716256667617245e+02
3.993941092106585857e+05,-1.000955601859059296e+00,4.158845352124074246e-03,-4.810549085383836188e-03,1.689411989114214530e-02,1.087537537848778935e-04,8.779825208513405976e-05,1.087537539283204430e-04,8.779825186736381348e-05,1.087537538356428413e-04,8.779825200410512620e-05,1.087537537848709546e-04,8.779825208514099866e-05,-6.904663928583779434e-03,1.667488976100113193e-02,-6.904663928583765556e-03,1.667488976100113540e-02,-6.904663928583765556e-03,1.667488976100113193e-02,-6.904663928583793311e-03,1.667488976100113193e-02,2.548438615195545083e+02,5.913595417514465424e+01,1.496181792211412358e+03,4.903676632316811492e+02,5.947856585267722984e+00,-7.362632049805596601e+00,5.947856566025386371e+00,-7.362632063140273964e+00,5.947856578133071892e+00,-7.362632054571109919e+00,5.947856585267664364e+00,-7.362632049805625023e+00,1.509609276596301925e+03,6.924152488449352632e+02,1.509609276596301697e+03,6.924152488449350358e+02,1.509609276596301925e+03,6.924152488449352632e+02,1.509609276596302152e+03,6.924152488449350358e+02
4.110595890554304351e+05,-1.000892926436468100e+00,4.253533647260776540e-03,-4.142542269857392434e-03,1.636550374943959718e-02,1.042861971232589974e-04,7.904729369794319394e-05,1.042861972564146367e-04,7.904729347986069743e-05,1.042861971786174929e-04,7.904729360270340566e-05,1.042861971232555279e-04,7.904729369794666338e-05,-6.202390168113755889e-03,1.621503574120759100e-02,-6.202390168113735072e-03,1.621503574120757019e-02,-6.202390168113755889e-03,1.621503574120761876e-02,-6.202390168113783644e-03,1.621503574120762570e-02,2.532589633715037678e+02,5.374353070792044917e+01,1.410509746307976457e+03,4.170811147739177613e+02,5.203128716419281652e+00,-6.859973428460611089e+00,5.203128697683008674e+00,-6.859973440539667067e+00,5.203128708261734126e+00,-6.859973433532926101e+00,5.203128716419341160e+00,-6.859973428460582667e+00,1.428001078593349348e+03,6.093763596971690504e+02,1.428001078593348666e+03,6.093763596971690504e+02,1.428001078593349348e+03,6.093763596971690504e+02,1.428001078593349121e+03,6.093763596971695051e+02
4.230657935550494585e+05,-1.000831986708411891e+00,4.348704805755998493e-03,-3.535237840694337164e-03,1.584031278435563128e-02,9.982762413814245950e-05,7.115866514341082083e-05,9.982762424524949108e-05,7.115866495564088234e-05,9.982762416029140884e-05,7.115866510232909947e-05,9.982762413815113312e-05,7.115866514341082083e-05,-5.560649479016268465e-03,1.575195056220489095e-02,-5.560649479016275404e-03,1.575195056220489442e-02,-5.560649479016271934e-03,1.575195056220486667e-02,-5.560649479016271934e-03,1.575195056220486667e-02,2.515866507502236118e+02,4.871081692470399105e+01,1.328524337999428326e+03,3.526605974666034058e+02,4.551014472333855920e+00,-6.380461371888267230e+00,4.551014456642731076e+00,-6.380461381358250250e+00,4.551014468912074840e+00,-6.380461373869879438e+00,4.551014472333880789e+00,-6.380461371888243249e+00,1.349356746153242511e+03,5.357001046325856350e+02,1.349356746153242284e+03,5.357001046325855214e+02,1.349356746153242511e+03,5.357001046325856350e+02,1.349356746153242739e+03,5.357001046325855214e+02
4.354226745753595605e+05,-1.000772627325844599e+00,4.444677164288007853e-03,-2.982903118566339329e-03,1.532152366557693046e-02,9.542287044514256855e-05,6.404402007872955771e-05,9.542287053043198297e-05,6.404401991893377000e-05,9.542287045170502746e-05,6.404402006560810934e-05,9.542287044514083383e-05,6.404402007873649660e-05,-4.974170182795247669e-03,1.528944394474429300e-02,-4.974170182795294506e-03,1.528944394474427912e-02,-4.974170182795301445e-03,1.528944394474432075e-02,-4.974170182795315323e-03,1.528944394474423749e-02,2.498503034169540911e+02,4.401020668402794200e+01,1.250355953038728558e+03,2.960653686602819334e+02,3.979805373238305854e+00,-5.925959821247177572e+00,3.979805360248014789e+00,-5.925959828596716328e+00,3.979805372174401779e+00,-5.925959821821024320e+00,3.979805373238316513e+00,-5.925959821247200665e+00,1.273920695083292458e+03,4.703434769759937240e+02,1.273920695083292003e+03,4.703434769759933829e+02,1.273920695083292685e+03,4.703434769759936671e+02,1.273920695083292685e+03,4.703434769759938376e+02
4.481404746557218023e+05,-1.000714696098461642e+00,4.541725965760551320e-03,-2.480304265363674626e-03,1.481137091965786801e-02,9.110515125981561574e-05,5.762329344667638242e-05,9.110515134933168391e-05,5.762329326407245045e-05,9.110515127713075811e-05,5.762329340925492760e-05,9.110515125981214629e-05,5.762329344667638242e-05,-4.438037162380599129e-03,1.483049802102831723e-02,-4.438037162380616477e-03,1.483049802102830335e-02,-4.438037162380599129e-03,1.483049802102834498e-02,-4.438037162380651171e-03,1.483049802102833110e-02,2.480686947781239553e+02,3.961611466619125821e+01,1.176047717168038162e+03,2.463714589671141937e+02,3.479238246939675872e+00,-5.497348739123592232e+00,3.479238232514603180e+00,-5.497348746674699527e+00,3.479238243991233048e+00,-5.497348740604174999e+00,3.479238246939641677e+00,-5.497348739123609107e+00,1.201833458330831263e+03,4.123705415564379564e+02,1.201833458330830808e+03,4.123705415564377290e+02,1.201833458330831263e+03,4.123705415564379564e+02,1.201833458330831490e+03,4.123705415564379564e+02
4.612297354989894084e+05,-1.000658047660260896e+00,4.640090938202265369e-03,-2.022689681889757590e-03,1.431149645356938338e-02,8.689848474641333198e-05,5.182436228753917185e-05,8.689848481753786186e-05,5.182436213213223453e-05,8.689848475767342206e-05,5.182436226122688616e-05,8.689848474641333198e-05,5.182436228754611074e-05,-3.947708894148522010e-03,1.437741784159160888e-02,-3.947708894148560174e-03,1.437741784159160714e-02,-3.947708894148522010e-03,1.437741784159160714e-02,-3.947708894148560174e-03,1.437741784159162449e-02,2.462568796794157038e+02,3.550504163951829639e+01,1.105577788876621980e+03,2.027613877703548724e+02,3.040345762868241319e+00,-5.094787068582426137e+00,3.040345750927193613e+00,-5.094787074436126773e+00,3.040345760851404400e+00,-5.094787069524418399e+00,3.040345762868251089e+00,-5.094787068582411038e+00,1.133155878509485092e+03,3.609454937246171653e+02,1.133155878509485547e+03,3.609454937246172790e+02,1.133155878509484864e+03,3.609454937246170516e+02,1.133155878509485319e+03,3.609454937246175064e+02
4.747013067094576545e+05,-1.000602545692073519e+00,4.739982990925262207e-03,-1.605763115509022121e-03,1.382307128235800431e-02,8.281965814899497347e-05,4.658254673836279003e-05,8.281965821296029956e-05,4.658254658717123076e-05,8.281965816580444395e-05,4.658254669576145091e-05,8.281965814899497347e-05,4.658254673836279003e-05,-3.499017330765451586e-03,1.393195758383991914e-02,-3.499017330765484546e-03,1.393195758383992088e-02,-3.499017330765451586e-03,1.393195758383991914e-02,-3.499017330765507097e-03,1.393195758383989138e-02,2.444269314848814076e+02,3.165553937739210610e+01,1.038876836911415012e+03,1.645136559980059019e+02,2.655310369978364893e+00,-4.717915724698399593e+00,2.655310358683321326e+00,-4.717915729847353745e+00,2.655310366804049860e+00,-4.717915726075482041e+00,2.655310369978369334e+00,-4.717915724698414692e+00,1.067888477782426207e+03,3.153246219845333371e+02,1.067888477782425753e+03,3.153246219845332234e+02,1.067888477782426207e+03,3.153246219845333371e+02,1.067888477782426207e+03,3.153246219845335077e+02
4.885663547860311810e+05,-1.000548064068680798e+00,4.841590038942578111e-03,-1.225651262103855457e-03,1.334689405644173821e-02,7.887981193915091088e-05,4.184002870830094700e-05,7.887981198921503040e-05,4.184002858135388303e-05,7.887981195517194954e-05,4.184002866415570399e-05,7.887981193915264561e-05,4.184002870830788590e-05,-3.088156540513231282e-03,1.349542546898228890e-02,-3.088156540513233017e-03,1.349542546898230277e-02,-3.088156540513231282e-03,1.349542546898231665e-02,-3.088156540513257303e-03,1.349542546898230451e-02,2.425885470755466145e+02,2.804811137523935471e+01,9.758416407038474745e+02,1.309925395768603664e+02,2.317326848735004940e+00,-4.366012991811829558e+00,2.317326839510406966e+00,-4.366012995746030967e+00,2.317326845535276458e+00,-4.366012993098594919e+00,2.317326848735014266e+00,-4.366012991811841992e+00,1.005986841113456876e+03,2.748478928378142427e+02,1.005986841113456762e+03,2.748478928378141291e+02,1.005986841113456990e+03,2.748478928378143564e+02,1.005986841113456990e+03,2.748478928378142996e+02
5.028363723780633300e+05,-1.000494487218285711e+00,4.945082004020315281e-03,-8.788690912763710145e-04,1.288347044871918090e-02,7.508570856479051744e-05,3.754524140927792408e-05,7.508570860920854573e-05,3.754524128685501894e-05,7.508570857325379960e-05,3.754524138382259180e-05,7.508570856479528793e-05,3.754524140927445464e-05,-2.711664374150110114e-03,1.306877038819640076e-02,-2.711664374150126594e-03,1.306877038819638862e-02,-2.711664374150108379e-03,1.306877038819641637e-02,-2.711664374150136135e-03,1.306877038819641464e-02,2.407495384475914761e+02,2.466507553387796747e+01,9.163455982180926185e+02,1.016384898385066151e+02,2.020476276842872121e+00,-4.038112471090055777e+00,2.020476268193841296e+00,-4.038112474508876559e+00,2.020476275048884052e+00,-4.038112471757097310e+00,2.020476276842838370e+00,-4.038112471090054889e+00,9.473737447312704489e+02,2.389306242430618852e+02,9.473737447312702216e+02,2.389306242430618283e+02,9.473737447312703353e+02,2.389306242430619420e+02,9.473737447312704489e+02,2.389306242430618568e+02
5.175231878115393338e+05,-1.000441709916814803e+00,5.050615060717682236e-03,-5.622850031168861312e-04,1.243307689221030687e-02,7.144074383971799058e-05,3.365226337087232067e-05,7.144074387869028819e-05,3.365226325370042348e-05,7.144074384854426363e-05,3.365226334174631351e-05,7.144074383971755690e-05,3.365226337087752484e-05,-2.366400183535972285e-03,1.265265304797104362e-02,-2.366400183535976622e-03,1.265265304797104362e-02,-2.366400183535972285e-03,1.265265304797104362e-02,-2.366400183535986163e-03,1.265265304797104362e-02,2.389162284854354255e+02,2.149040736771793192e+01,8.602467857063221572e+02,7.595930010250951625e+01,1.759612476218155974e+00,-3.733091829568674580e+00,1.759612468169120092e+00,-3.733091832510460506e+00,1.759612474221436740e+00,-3.733091830252891707e+00,1.759612476218163968e+00,-3.733091829568687459e+00,8.919486534288711255e+02,2.070555348839517080e+02,8.919486534288706707e+02,2.070555348839515375e+02,8.919486534288711255e+02,2.070555348839517080e+02,8.919486534288711255e+02,2.070555348839517364e+02
5.326389748934998643e+05,-1.000389636687565753e+00,5.158335203846002581e-03,-2.730871380447917260e-04,1.199581160677574976e-02,6.794574968295137921e-05,3.012023847018784062e-05,6.794574971676547656e-05,3.012023835881512401e-05,6.794574968889627656e-05,3.012023844853849164e-05,6.794574968295051184e-05,3.012023847019131007e-05,-2.049520689469509251e-03,1.224750415574413220e-02,-2.049520689469509251e-03,1.224750415574413220e-02,-2.049520689469509251e-03,1.224750415574413220e-02,-2.049520689469509251e-03,1.224750415574413220e-02,2.370937667740072641e+02,1.850957660642451330e+01,8.073940914397505821e+02,5.352210134724942492e+01,1.530261040524979022e+00,-3.449738915484751534e+00,1.530261033086035116e+00,-3.449738917990754938e+00,1.530261039081600494e+00,-3.449738915938707517e+00,1.530261040524987459e+00,-3.449738915484750201e+00,8.395951073373030340e+02,1.787653323956847657e+02,8.395951073373030340e+02,1.787653323956847657e+02,8.395951073373030340e+02,1.787653323956847657e+02,8.395951073373030340e+02,1.787653323956847942e+02
5.481962630028314888e+05,-1.000338180936097388e+00,5.268381214497706855e-03,-8.751620659577753411e-06,1.157163535103748753e-02,6.459962894860265398e-05,2.691283368886840388e-05,6.459962897758684749e-05,2.691283358370079315e-05,6.459962895353273810e-05,2.691283366887918527e-05,6.459962894859918453e-05,2.691283368887013860e-05,-1.758455420681143480e-03,1.185357184310963791e-02,-1.758455420681153888e-03,1.185357184310962056e-02,-1.758455420681143480e-03,1.185357184310963791e-02,-1.758455420681149552e-03,1.185357184310962403e-02,2.352863793760018325e+02,1.570938586751259969e+01,7.576318418561221506e+02,3.394618912923189669e+01,1.328530363861165853e+00,-3.186800452028501152e+00,1.328530357030883069e+00,-3.186800454141106798e+00,1.328530362565566447e+00,-3.186800452400591954e+00,1.328530363861175179e+00,-3.186800452028494490e+00,7.901864262988509608e+02,1.536559200125853408e+02,7.901864262988514156e+02,1.536559200125853692e+02,7.901864262988509608e+02,1.536559200125853408e+02,7.901864262988510745e+02,1.536559200125853408e+02
5.642079474757885328e+05,-1.000287263918699487e+00,5.380887098599004825e-03,2.329868490816581952e-04,1.116040389888722090e-02,6.139985558899804623e-05,2.399774086817886565e-05,6.139985561075906803e-05,2.399774078206719230e-05,6.139985559553209904e-05,2.399774083844397055e-05,6.139985558899696202e-05,2.399774086818060037e-05,-1.490882657535779962e-03,1.147096020577869496e-02,-1.490882657535779962e-03,1.147096020577869496e-02,-1.490882657535779962e-03,1.147096020577869496e-02,-1.490882657535779962e-03,1.147096020577868108e-02,2.334975645742265726e+02,1.307781702067208762e+01,7.108032529807271658e+02,1.689664722255167817e+01,1.151033799021450754e+00,-2.943017382214564215e+00,1.151033793581521136e+00,-2.943017383769415130e+00,1.151033797146604476e+00,-2.943017382703176033e+00,1.151033799021451420e+00,-2.943017382214569988e+00,7.435900801257116655e+02,1.313702459779132425e+02,7.435900801257116655e+02,1.313702459779132425e+02,7.435900801257116655e+02,1.313702459779132425e+02,7.435900801257118928e+02,1.313702459779132425e+02
5.806873002948543290e+05,-1.000236813618164078e+00,5.495984066914892663e-03,4.541618928551060565e-04,1.076189387070378839e-02,5.834286731938630524e-05,2.134622434197402940e-05,5.834286733759678177e-05,2.134622426150714625e-05,5.834286732142308744e-05,2.134622433143731901e-05,5.834286731938543788e-05,2.134622434197402940e-05,-1.244706461839129811e-03,1.109966054749590009e-02,-1.244706461839150628e-03,1.109966054749588621e-02,-1.244706461839136750e-03,1.109966054749590009e-02,-1.244706461839157566e-03,1.109966054749588621e-02,2.317302447895457931e+02,1.060388865255290192e+01,6.667529704392337635e+02,2.078712706799858534e+00,9.948218909403676591e-01,-2.717150048674331408e+00,9.948218859973805284e-01,-2.717150049958825697e+00,9.948218902943042341e-01,-2.717150048825924369e+00,9.948218909403804266e-01,-2.717150048674339846e+00,6.996710058910434782e+02,1.115927847984244323e+02,6.996710058910437056e+02,1.115927847984243613e+02,6.996710058910434782e+02,1.115927847984244181e+02,6.996710058910437056e+02,1.115927847984243755e+02
5.976479810898024589e+05,-1.000186763581723426e+00,5.613802119240354771e-03,6.565998326981854760e-04,1.037582323899480241e-02,5.542437270242847949e-05,1.893271385314081179e-05,5.542437271740629882e-05,1.893271377847831338e-05,5.542437270743489144e-05,1.893271382321683183e-05,5.542437270242869633e-05,1.893271385314254651e-05,-1.018035129734039517e-03,1.073957665247420729e-02,-1.018035129734027808e-03,1.073957665247419341e-02,-1.018035129734039517e-03,1.073957665247420729e-02,-1.018035129734040384e-03,1.073957665247419167e-02,2.299868832598587289e+02,8.277526473332802226e+00,6.253289052572583842e+02,-1.076718252425081879e+01,8.573235966363411675e-01,-2.507995674686750665e+00,8.573235921762119016e-01,-2.507995675733140750e+00,8.573235948516600979e-01,-2.507995675060025853e+00,8.573235966363367266e-01,-2.507995674686749332e+00,6.582940975680057818e+02,9.404461839684918800e+01,6.582940975680055544e+02,9.404461839684914537e+01,6.582940975680057818e+02,9.404461839684918800e+01,6.582940975680057818e+02,9.404461839684907432e+01
6.151040484600760974e+05,-1.000137051762256979e+00,5.734471288445269072e-03,8.419416300327114619e-04,1.000186756925906806e-02,5.263959023466316910e-05,1.673444056794586021e-05,5.263959024673847079e-05,1.673444049915887022e-05,5.263959023678343487e-05,1.673444055297693134e-05,5.263959023466338594e-05,1.673444056794759494e-05,-8.091612489893166595e-04,1.039054517791372645e-02,-8.091612489893166595e-04,1.039054517791372645e-02,-8.091612489893305372e-04,1.039054517791370563e-02,-8.091612489893444150e-04,1.039054517791370043e-02,2.282695726103635536e+02,6.089447436472370967e+00,5.863835276505656111e+02,-2.186976102901101271e+01,7.362954288378747991e-01,-2.314400049417361327e+00,7.362954248417873382e-01,-2.314400050256442132e+00,7.362954279694766679e-01,-2.314400049577220564e+00,7.362954288378800172e-01,-2.314400049417365324e+00,6.193260473190271114e+02,7.847907440310065397e+01,6.193260473190271114e+02,7.847907440310065397e+01,6.193260473190271114e+02,7.847907440310062555e+01,6.193260473190271114e+02,7.847907440310065397e+01
6.330699716278710403e+05,-1.000087619391201832e+00,5.858122595513045455e-03,1.011662549188843685e-03,9.639672857489262059e-03,4.998343356157929681e-05,1.473111328712667367e-05,4.998343357108037729e-05,1.473111322421519209e-05,4.998343356350017780e-05,1.473111327059389158e-05,4.998343356157962207e-05,1.473111328712667367e-05,-6.165434003751130501e-04,1.005235207873897765e-02,-6.165434003751182543e-04,1.005235207873898459e-02,-6.165434003751130501e-04,1.005235207873897765e-02,-6.165434003751338668e-04,1.005235207873898112e-02,2.265801012810947554e+02,4.031057527197958734e+00,5.497747461819774344e+02,-3.143070753971449349e+01,6.297775397351890181e-01,-2.135264881959620276e+00,6.297775361808617411e-01,-2.135264882620345972e+00,6.297775388023310050e-01,-2.135264882108261819e+00,6.297775397351897952e-01,-2.135264881959617167e+00,5.826366817422922395e+02,6.467787179709227985e+01,5.826366817422922395e+02,6.467787179709235090e+01,5.826366817422922395e+02,6.467787179709227985e+01,5.826366817422921258e+02,6.467787179709236511e+01
6.515606424315809272e+05,-1.000038409904683956e+00,5.984888759074259018e-03,1.167089705648222640e-03,9.288865645937637028e-03,4.745065404590292826e-05,1.290463126898261370e-05,4.745065405315450607e-05,1.290463121188765994e-05,4.745065404679940082e-05,1.290463125911290448e-05,4.745065404590238616e-05,1.290463126898434842e-05,-4.387895007634205063e-04,9.724745798091953553e-03,-4.387895007633914497e-04,9.724745798091972634e-03,-4.387895007634066286e-04,9.724745798091963961e-03,-4.387895007634274452e-04,9.724745798091953553e-03,2.249200026436022029e+02,2.094362743825134654e+00,5.153664709124732326e+02,-3.962799705738582645e+01,5.360558303089104637e-01,-1.969551946288446320e+00,5.360558271716112655e-01,-1.969551946797674757e+00,5.360558297671516037e-01,-1.969551946361508321e+00,5.360558303089063559e-01,-1.969551946288450761e+00,5.480999055228613770e+02,5.244772491317488772e+01,5.480999055228613770e+02,5.244772491317494456e+01,5.480999055228612633e+02,5.244772491317483087e+01,5.480999055228613770e+02,5.244772491317490193e+01
6.705913876695464132e+05,-9.999893679361712140e-01,6.114904699280339362e-03,1.309417699563125530e-03,8.949060970816456739e-03,4.503594965289876330e-05,1.123883024386866658e-05,4.503594965871686321e-05,1.123883018492102814e-05,4.503594965321231457e-05,1.123883023909470757e-05,4.503594965289865488e-05,1.123883024386779922e-05,-2.746417101858137505e-04,9.407447835562769353e-03,-2.746417101858003064e-04,9.407447835562743332e-03,-2.746417101858137505e-04,9.407447835562769353e-03,-2.746417101858137505e-04,9.407447835562769353e-03,2.232905908121642824e+02,2.718924122818534572e-01,4.830289377774372497e+02,-4.661880198399143893e+01,4.536292842159442840e-01,-1.816284873509905307e+00,4.536292810662220232e-01,-1.816284873936775623e+00,4.536292839610605032e-01,-1.816284873538078992e+00,4.536292842159437289e-01,-1.816284873509908637e+00,5.155943420815854097e+02,4.161735638698563378e+01,5.155943420815851823e+02,4.161735638698569772e+01,5.155943420815854097e+02,4.161735638698563378e+01,5.155943420815854097e+02,4.161735638698564088e+01
6.901779818043402629e+05,-9.999404383849548328e-01,6.248307869852188362e-03,1.439722512208681769e-03,8.619868579833211975e-03,4.273404724700806488e-05,9.719258033887706594e-06,4.273404725070099300e-05,9.719257988040699847e-06,4.273404724732470612e-05,9.719258026124819039e-06,4.273404724700912197e-05,9.719258033888573955e-06,-1.229628194741498939e-04,9.100161183780935623e-03,-1.229628194741577002e-04,9.100161183780916541e-03,-1.229628194741577002e-04,9.100161183780921745e-03,-1.229628194741563992e-04,9.100161183780944296e-03,2.216929863521160087e+02,-1.443366167655007581e+00,4.526388537506988996e+02,-5.254203009793280899e+01,3.811818039983617679e-01,-1.674549243236283402e+00,3.811818016154064903e-01,-1.674549243513975050e+00,3.811818035952624917e-01,-1.674549243271084453e+00,3.811818039983619344e-01,-1.674549243236282292e+00,4.850037412027229493e+02,3.203487373226045776e+01,4.850037412027229493e+02,3.203487373226050039e+01,4.850037412027229493e+02,3.203487373226045776e+01,4.850037412027229493e+02,3.203487373226042934e+01
7.103366600381177850e+05,-9.998915655648125123e-01,6.385238448664471572e-03,1.558973851661778383e-03,8.300897773179924388e-03,4.053976393715812002e-05,8.332976719438618673e-06,4.053976393951029664e-05,8.332976678948438021e-06,4.053976393727994369e-05,8.332976711609811626e-06,4.053976393715856726e-05,8.332976719438618673e-06,1.727599528077768815e-05,8.802577038995541836e-03,1.727599528078245864e-05,8.802577038995514080e-03,1.727599528077768815e-05,8.802577038995541836e-03,1.727599528076988189e-05,8.802577038995527958e-03,2.201281344897226688e+02,-3.058022876094608655e+00,4.240794091329433968e+02,-5.752054050676657937e+01,3.175579363092465024e-01,-1.543491467220822644e+00,3.175579342624036405e-01,-1.543491467413929064e+00,3.175579359136515567e-01,-1.543491467245409421e+00,3.175579363092428942e-01,-1.543491467220820423e+00,4.562172090149705923e+02,2.356546688261304112e+01,4.562172090149704218e+02,2.356546688261305533e+01,4.562172090149705923e+02,2.356546688261304112e+01,4.562172090149705923e+02,2.356546688261302336e+01
7.310841317698718049e+05,-9.998426924344432365e-01,6.525839412934433467e-03,1.668046115710673100e-03,7.991761149074957243e-03,3.844805195468900663e-05,7.068388045981463530e-06,3.844805195591356555e-05,7.068388004808669189e-06,3.844805195458151476e-05,7.068388034929540265e-06,3.844805195468941998e-05,7.068388045983198253e-06,1.470061642325983138e-04,8.514380113183867005e-03,1.470061642326247683e-04,8.514380113183867005e-03,1.470061642326115411e-04,8.514380113183887822e-03,1.470061642326130590e-04,8.514380113183880883e-03,2.185968178849165895e+02,-4.578330872774657223e+00,3.972401926309479450e+02,-6.166307892578828387e+01,2.617419274487119973e-01,-1.422316839675054290e+00,2.617419254243147919e-01,-1.422316839812265865e+00,2.617419269054346298e-01,-1.422316839695681567e+00,2.617419274487119973e-01,-1.422316839675054512e+00,4.291293035717273483e+02,1.608938833380199185e+01,4.291293035717271209e+02,1.608938833380199895e+01,4.291293035717272346e+02,1.608938833380196698e+01,4.291293035717272346e+02,1.608938833380202027e+01
7.524375944457463920e+05,-9.997937599090174210e-01,6.670256521436032648e-03,1.767728123423200140e-03,7.692077478538974361e-03,3.645403057440271041e-05,5.915079573873098517e-06,3.645403057449313287e-05,5.915079532752345881e-06,3.645403057419126388e-05,5.915079567855342779e-06,3.645403057440264264e-05,5.915079573873965879e-06,2.670715707345828766e-04,8.235252813447557774e-03,2.670715707345828766e-04,8.235252813447557774e-03,2.670715707345895987e-04,8.235252813447562978e-03,2.670715707345757209e-04,8.235252813447543896e-03,2.170996655855017536e+02,-6.010224765153159510e+00,3.720170366780828886e+02,-6.506596848747329886e+01,2.128396527068812383e-01,-1.310287032305376353e+00,2.128396507402396387e-01,-1.310287032387644990e+00,2.128396524190546979e-01,-1.310287032309324085e+00,2.128396527068902588e-01,-1.310287032305372579e+00,4.036400298203436705e+02,9.500181595904789944e+00,4.036400298203436705e+02,9.500181595904793497e+00,4.036400298203436137e+02,9.500181595904733101e+00,4.036400298203436137e+02,9.500181595904798826e+00
7.744147478138894076e+05,-9.997447062499098536e-01,6.818638223290878972e-03,1.858731759775254615e-03,7.401473889772660492e-03,3.455300789559470663e-05,4.863689013005420558e-06,3.455300789488314475e-05,4.863688977426242066e-06,3.455300789514579272e-05,4.863689005616365912e-06,3.455300789559508610e-05,4.863689013007155282e-06,3.782373665804602322e-04,7.964878506746127587e-03,3.782373665804526428e-04,7.964878506746113709e-03,3.782373665804532933e-04,7.964878506746127587e-03,3.782373665804608827e-04,7.964878506746134526e-03,2.156371594302815708e+02,-7.359351932190622669e+00,3.483118141077597443e+02,-6.781458810085435118e+01,1.700630099437596132e-01,-1.206717243925880867e+00,1.700630082885269678e-01,-1.206717243958926211e+00,1.700630095999206837e-01,-1.206717243922210470e+00,1.700630099437612508e-01,-1.206717243925882865e+00,3.796547604432001890e+02,3.703127072628978222e+00,3.796547604432000753e+02,3.703127072628987104e+00,3.796547604432001890e+02,3.703127072628976446e+00,3.796547604432002458e+02,3.703127072629035066e+00
7.970338085956600262e+05,-9.996954665287055564e-01,6.971135509720033374e-03,1.941699657471945666e-03,7.119587505728587618e-03,3.274049469021182365e-05,3.905784542709671292e-06,3.274049468856231847e-05,3.905784507857775617e-06,3.274049468970734438e-05,3.905784536884903541e-06,3.274049469021250128e-05,3.905784542708803930e-06,4.811978560774346839e-04,7.702944045570254798e-03,4.811978560774277450e-04,7.702944045570254798e-03,4.811978560774346839e-04,7.702944045570254798e-03,4.811978560774277450e-04,7.702944045570246992e-03,2.142096388592905782e+02,-8.631098007853294618e+00,3.260322022609996111e+02,-6.998466597518068966e+01,1.327164295326240251e-01,-1.110973158961124918e+00,1.327164279552931203e-01,-1.110973158952059059e+00,1.327164292689417546e-01,-1.110973158951827688e+00,1.327164295326244969e-01,-1.110973158961122476e+00,3.570841030688096680e+02,-1.386121650975620012e+00,3.570841030688096680e+02,-1.386121650975623565e+00,3.570841030688096680e+02,-1.386121650975620012e+00,3.570841030688097248e+02,-1.386121650975618236e+00
8.203135255853524432e+05,-9.996459721603431214e-01,7.127901722678519313e-03,2.017212030340438493e-03,6.846066650000908610e-03,3.101221207441626302e-05,3.033759217135282432e-06,3.101221207236853038e-05,3.033759187520950612e-06,3.101221207353784242e-05,3.033759209362853898e-06,3.101221207441653407e-05,3.033759217136149794e-06,5.765835459336395279e-04,7.449141698196277105e-03,5.765835459336390943e-04,7.449141698196270166e-03,5.765835459336325890e-04,7.449141698196276237e-03,5.765835459336471173e-04,7.449141698196282309e-03,2.128173048510529100e+02,-9.830607452295886617e+00,3.050914267684428864e+02,-7.164341248586417521e+01,1.001852045867569763e-01,-1.022467828186391703e+00,1.001852032828289552e-01,-1.022467828150795732e+00,1.001852042442670510e-01,-1.022467828165813497e+00,1.001852045867550473e-01,-1.022467828186394811e+00,3.358437297949621438e+02,-5.842735078352283118e+00,3.358437297949620870e+02,-5.842735078352286671e+00,3.358437297949621438e+02,-5.842735078352286671e+00,3.358437297949622575e+02,-5.842735078352343514e+00
8.442731951909508789e+05,-9.995961504998700509e-01,7.289092331790984931e-03,2.085792756550281131e-03,6.580571713116656341e-03,2.936409439208647167e-05,2.240737769403436386e-06,2.936409438985816515e-05,2.240737744646763979e-06,2.936409439179335761e-05,2.240737767302252575e-06,2.936409439208679693e-05,2.240737769403436386e-06,6.649674464529531977e-04,7.203170599579549263e-03,6.649674464529527641e-04,7.203170599579534518e-03,6.649674464529672924e-04,7.203170599579554467e-03,6.649674464529531977e-04,7.203170599579542324e-03,2.114602235038881588e+02,-1.096280004109756767e+01,2.854079942351334580e+02,-7.285051320574424949e+01,7.192538671724459098e-02,-9.406585537050609069e-01,7.192538565687424390e-02,-9.406585536539904258e-01,7.192538662711213393e-02,-9.406585536973768313e-01,7.192538671724368893e-02,-9.406585537050613510e-01,3.158541812834088205e+02,-9.733759491118521012e+00,3.158541812834089342e+02,-9.733759491118521012e+00,3.158541812834088773e+02,-9.733759491118528118e+00,3.158541812834088205e+02,-9.733759491118524565e+00
8.689326774287984008e+05,-9.995459244965433365e-01,7.454864689104419642e-03,2.147914803932577527e-03,6.322775752788003037e-03,2.779228841379990326e-05,1.520494273964285992e-06,2.779228841101279894e-05,1.520494250278371651e-06,2.779228841315756768e-05,1.520494270113199875e-06,2.779228841380033694e-05,1.520494273964719673e-06,7.468707072959832396e-04,6.964737818156301746e-03,7.468707072959769513e-04,6.964737818156301746e-03,7.468707072959691450e-04,6.964737818156295675e-03,7.468707072959691450e-04,6.964737818156302614e-03,2.101383296267974572e+02,-1.203238402112141792e+01,2.669054207384123174e+02,-7.365900038680474893e+01,4.745502674256286968e-02,-8.650438365449515388e-01,4.745502575542671214e-02,-8.650438364718047168e-01,4.745502658178083616e-02,-8.650438365271525543e-01,4.745502674256549952e-02,-8.650438365449532041e-01,2.970406548915582334e+02,-1.311904156125246423e+01,2.970406548915583471e+02,-1.311904156125249266e+01,2.970406548915582903e+02,-1.311904156125243226e+01,2.970406548915582903e+02,-1.311904156125245891e+01
8.943124123854370555e+05,-9.994952123994291782e-01,7.625377768920502813e-03,2.204005070957438910e-03,6.072364887401954237e-03,2.629314972471704075e-05,8.673794345917008874e-07,2.629314972207212955e-05,8.673794153223925163e-07,2.629314972435253198e-05,8.673794327208016186e-07,2.629314972471649865e-05,8.673794345921345683e-07,8.227676547680644933e-04,6.733559114703974689e-03,8.227676547680644933e-04,6.733559114703974689e-03,8.227676547680644933e-04,6.733559114703974689e-03,8.227676547680757690e-04,6.733559114703980761e-03,2.088514305693323649e+02,-1.304386657351892964e+01,2.495119612470967922e+02,-7.411601838189149305e+01,2.634657618388188891e-02,-7.951604271314548500e-01,2.634657540261762035e-02,-7.951604270579811784e-01,2.634657610787000462e-02,-7.951604271210692687e-01,2.634657618388328362e-02,-7.951604271314544059e-01,2.793327839780847057e+02,-1.605204167946763150e+01,2.793327839780847057e+02,-1.605204167946763150e+01,2.793327839780847057e+02,-1.605204167946763150e+01,2.793327839780847626e+02,-1.605204167946760307e+01
9.204334371602642350e+05,-9.994439275080723162e-01,7.800791898668916688e-03,2.254448717263731090e-03,5.829038529767302870e-03,2.486323700292463260e-05,2.762563141699841962e-07,2.486323699994231768e-05,2.762562960915634913e-07,2.486323700140609903e-05,2.762563073624955956e-07,2.486323700292495786e-05,2.762563141704178771e-07,8.930903002740135828e-04,6.509359456563421770e-03,8.930903002740203048e-04,6.509359456563414831e-03,8.930903002740140165e-04,6.509359456563428709e-03,8.930903002740135828e-04,6.509359456563414831e-03,2.075992104339790671e+02,-1.400156215483480082e+01,2.331603436830218925e+02,-7.426349681521588764e+01,8.220287441179953414e-03,-7.305805057573735439e-01,8.220286727882105543e-03,-7.305805056717317170e-01,8.220287171912277549e-03,-7.305805057134777680e-01,8.220287441182040286e-03,-7.305805057573722117e-01,2.626644138600150882e+02,-1.858055018995035823e+01,2.626644138600150313e+02,-1.858055018995032981e+01,2.626644138600150882e+02,-1.858055018995037955e+01,2.626644138600150882e+02,-1.858055018995038665e+01
9.473174033030492719e+05,-9.993919779624951261e-01,7.981268484975143074e-03,2.299593042006397876e-03,5.592509499144514631e-03,2.349930474079906916e-05,-2.575564693988070808e-07,2.349930473691892643e-05,-2.575564887422748805e-07,2.349930474006967215e-05,-2.575564722905911152e-07,2.349930474079928600e-05,-2.575564693983733999e-07,9.582323751549132618e-04,6.291873337601727734e-03,9.582323751549164060e-04,6.291873337601720795e-03,9.582323751549167313e-04,6.291873337601720795e-03,9.582323751549169481e-04,6.291873337601734673e-03,2.063812347307725759e+02,-1.490959918967423548e+01,2.177875102763105986e+02,-7.413874316332932324e+01,-7.261524007670498021e-03,-6.709090097919264695e-01,-7.261524750713466321e-03,-6.709090096790228941e-01,-7.261524119033381346e-03,-6.709090097707732792e-01,-7.261524007669913419e-03,-6.709090097919269136e-01,2.469733784504008725e+02,-2.074731858436265952e+01,2.469733784504008156e+02,-2.074731858436265952e+01,2.469733784504008156e+02,-2.074731858436264531e+01,2.469733784504008156e+02,-2.074731858436264531e+01
9.749865947607645066e+05,-9.993392665668777708e-01,8.166969737906894927e-03,2.339750964816867274e-03,5.362504041825524523e-03,2.219829485391186866e-05,-7.383349564633011342e-07,2.219829485053208522e-05,-7.383349718110502474e-07,2.219829485278131684e-05,-7.383349604715965658e-07,2.219829485391208550e-05,-7.383349564628674533e-07,1.018552944826571624e-03,6.080844945344016789e-03,1.018552944826575310e-03,6.080844945344013319e-03,1.018552944826571624e-03,6.080844945344016789e-03,1.018552944826574876e-03,6.080844945344016789e-03,2.051969554830705817e+02,-1.577192551858805203e+01,2.033343680449046929e+02,-7.377496499993038981e+01,-2.039947343907012878e-02,-6.157811170140887747e-01,-2.039947401263828008e-02,-6.157811169153833974e-01,-2.039947358936788913e-02,-6.157811169813995900e-01,-2.039947343907050001e-02,-6.157811170140892187e-01,2.322012805707318535e+02,-2.259061631060449216e+01,2.322012805707318535e+02,-2.259061631060447795e+01,2.322012805707318535e+02,-2.259061631060450637e+01,2.322012805707318535e+02,-2.259061631060448860e+01
1.003463946348605445e+06,-9.992856906418587926e-01,8.358058395155350956e-03,2.375204155447616268e-03,5.138761784850724712e-03,2.095732754173824843e-05,-1.169994190722885991e-06,2.095732753829281656e-05,-1.169994204620406278e-06,2.095732754117310805e-05,-1.169994192526998406e-06,2.095732754173841106e-05,-1.169994190722018629e-06,1.074379646979884903e-03,5.876028208738302838e-03,1.074379646979881217e-03,5.876028208738306308e-03,1.074379646979881217e-03,5.876028208738306308e-03,1.074379646979874061e-03,5.876028208738300236e-03,2.040457167513509944e+02,-1.659231293062687129e+01,1.897455496101121923e+02,-7.320173070507070179e+01,-3.146145657109804261e-02,-5.648598891623130003e-01,-3.146145707661225643e-02,-5.648598890621353563e-01,-3.146145663699986134e-02,-5.648598891461198424e-01,-3.146145657110016591e-02,-5.648598891623136664e-01,2.182932780829395654e+02,-2.414472238063071075e+01,2.182932780829395369e+02,-2.414472238063071075e+01,2.182932780829395654e+02,-2.414472238063072496e+01,2.182932780829395654e+02,-2.414472238063070719e+01
1.032773062760511995e+06,-9.992311419006135731e-01,8.554697447067282495e-03,2.406205856684101932e-03,4.921035641766985727e-03,1.977369167161451653e-05,-1.556127436095526909e-06,1.977369166751644916e-05,-1.556127450479853971e-06,1.977369167053730746e-05,-1.556127439219980729e-06,1.977369167161446232e-05,-1.556127436095093228e-06,1.126011597857777720e-03,5.677186753865273022e-03,1.126011597857780322e-03,5.677186753865262614e-03,1.126011597857777720e-03,5.677186753865266083e-03,1.126011597857770781e-03,5.677186753865269553e-03,2.029267605189538415e+02,-1.737436105439322631e+01,1.769691850617437865e+02,-7.244537642247819065e+01,-4.068644480947643943e-02,-5.178340751029949507e-01,-4.068644531907213840e-02,-5.178340749852068381e-01,-4.068644492061440632e-02,-5.178340750724634844e-01,-4.068644480947491981e-02,-5.178340751029938405e-01,2.051978773571693750e+02,-2.544035993619738178e+01,2.051978773571692898e+02,-2.544035993619740665e+01,2.051978773571694035e+02,-2.544035993619741731e+01,2.051978773571693750e+02,-2.544035993619741021e+01
1.062938238134947838e+06,-9.991755063447663732e-01,8.757049862438977261e-03,2.432983435561859691e-03,4.709091686244800019e-03,1.864483492901346587e-05,-1.900040781226911696e-06,1.864483492501286827e-05,-1.900040793992958596e-06,1.864483492754073985e-05,-1.900040785125269027e-06,1.864483492901346587e-05,-1.900040781226044334e-06,1.173722001016916025e-03,5.484093789455246615e-03,1.173722001016919494e-03,5.484093789455244013e-03,1.173722001016916025e-03,5.484093789455246615e-03,1.173722001016916025e-03,5.484093789455246615e-03,2.018392328625119774e+02,-1.812150081731260798e+01,1.649566852482836339e+02,-7.152936585481376142e+01,-4.828779827056358526e-02,-4.744160709290556333e-01,-4.828779871087047343e-02,-4.744160708154895878e-01,-4.828779840569618481e-02,-4.744160708879026633e-01,-4.828779827056524365e-02,-4.744160709290559108e-01,1.928667350679277206e+02,-2.650508069701624692e+01,1.928667350679277206e+02,-2.650508069701623270e+01,1.928667350679277206e+02,-2.650508069701624692e+01,1.928667350679277206e+02,-2.650508069701625047e+01
1.093984476192155620e+06,-9.991186641766235388e-01,8.965278314377102611e-03,2.455740695989139678e-03,4.502709005901944436e-03,1.756835391730852394e-05,-2.204783665736261347e-06,1.756835391347581505e-05,-2.204783676944743406e-06,1.756835391665756895e-05,-2.204783667316377593e-06,1.756835391730836131e-05,-2.204783665736261347e-06,1.217760491253896959e-03,5.296531940099192225e-03,1.217760491253896959e-03,5.296531940099192225e-03,1.217760491253896526e-03,5.296531940099192225e-03,1.217760491253893490e-03,5.296531940099186153e-03,2.007821903237935430e+02,-1.883699763854993492e+01,1.536625365912187249e+02,-7.047460870682270695e+01,-5.445616183785269987e-02,-4.343400318227844115e-01,-5.445616221420977732e-02,-4.343400317155790558e-01,-5.445616189119632800e-02,-4.343400318048987185e-01,-5.445616183785288028e-02,-4.343400318227845225e-01,1.812544689433343024e+02,-2.736360541248750522e+01,1.812544689433343592e+02,-2.736360541248751943e+01,1.812544689433342739e+02,-2.736360541248751233e+01,1.812544689433343024e+02,-2.736360541248748390e+01
1.125937510959580541e+06,-9.990604897247219451e-01,9.179544905021002135e-03,2.474659983958032820e-03,4.301679545397225739e-03,1.654198434284694097e-05,-2.473175823451082694e-06,1.654198433859632635e-05,-2.473175834624653444e-06,1.654198434179613222e-05,-2.473175825799898281e-06,1.654198434284704939e-05,-2.473175823451082694e-06,1.258355244669635961e-03,5.114293041431031139e-03,1.258355244669635961e-03,5.114293041431031139e-03,1.258355244669635744e-03,5.114293041431031139e-03,1.258355244669635744e-03,5.114293041431031139e-03,1.997546063986355023e+02,-1.952395448238474174e+01,1.430441073050771479e+02,-6.929974288861471621e+01,-5.936200112411727653e-02,-3.973601288254592356e-01,-5.936200148971085971e-02,-3.973601287088290857e-01,-5.936200120141329334e-02,-3.973601287970825457e-01,-5.936200112411795654e-02,-3.973601288254587915e-01,1.703184777986892300e+02,-2.803812571821321953e+01,1.703184777986892300e+02,-2.803812571821321598e+01,1.703184777986892300e+02,-2.803812571821321953e+01,1.703184777986892016e+02,-2.803812571821320887e+01
1.158823828102640342e+06,-9.990008513806144519e-01,9.400010887333739781e-03,2.489904109264549047e-03,4.105807946918160582e-03,1.556359141651256477e-05,-2.707830997125291669e-06,1.556359141255501000e-05,-2.707831006771872079e-06,1.556359141472590801e-05,-2.707831000812880098e-06,1.556359141651256477e-05,-2.707830997125508510e-06,1.295714878063325502e-03,4.937177908866902803e-03,1.295714878063318129e-03,4.937177908866888926e-03,1.295714878063325502e-03,4.937177908866902803e-03,1.295714878063321815e-03,4.937177908866902803e-03,1.987553780577263183e+02,-2.018531485613563703e+01,1.330614647918254150e+02,-6.802138479670891513e+01,-6.315782462525765251e-02,-3.632489434718116916e-01,-6.315782493259958219e-02,-3.632489433651527877e-01,-6.315782474353481835e-02,-3.632489434244938198e-01,-6.315782462525830476e-02,-3.632489434718120802e-01,1.600187709574756241e+02,-2.854857195919129609e+01,1.600187709574756241e+02,-2.854857195919130675e+01,1.600187709574756241e+02,-2.854857195919129609e+01,1.600187709574756241e+02,-2.854857195919129964e+01
1.192670686878523324e+06,-9.989396115451698588e-01,9.626836381954950034e-03,2.501618108881711530e-03,3.914911393230409258e-03,1.463116055626655391e-05,-2.911177816450772476e-06,1.463116055264396340e-05,-2.911177824684420615e-06,1.463116055585916495e-05,-2.911177817229012796e-06,1.463116055626671654e-05,-2.911177816450338796e-06,1.330030162312806265e-03,4.764996089094162245e-03,1.330030162312813638e-03,4.764996089094158775e-03,1.330030162312809735e-03,4.764996089094158775e-03,1.330030162312813204e-03,4.764996089094163112e-03,1.977833322230846989e+02,-2.082386581436897544e+01,1.236772038439382442e+02,-6.665435156704582198e+01,-6.598013459115847912e-02,-3.317959920865957701e-01,-6.598013484660041061e-02,-3.317959919907796928e-01,-6.598013461551624492e-02,-3.317959920760177317e-01,-6.598013459115924240e-02,-3.317959920865954926e-01,1.503178070061880760e+02,-2.891285110531895697e+01,1.503178070061881328e+02,-2.891285110531897473e+01,1.503178070061880476e+02,-2.891285110531897828e+01,1.503178070061880192e+02,-2.891285110531896407e+01
1.227506142731211614e+06,-9.988766265833558533e-01,9.860180086830641275e-03,2.509930873662533438e-03,3.728819457039984388e-03,1.374278846310661786e-05,-3.085478157805777999e-06,1.374278845925152020e-05,-3.085478165806431090e-06,1.374278846193481216e-05,-3.085478159882675681e-06,1.374278846310683470e-05,-3.085478157805561158e-06,1.361475570701516005e-03,4.597565601497242277e-03,1.361475570701516005e-03,4.597565601497242277e-03,1.361475570701516005e-03,4.597565601497242277e-03,1.361475570701516005e-03,4.597565601497242277e-03,1.968372321311164512e+02,-2.144224100485045170e+01,1.148562852228976681e+02,-6.521185866256456620e+01,-6.795114229914692161e-02,-3.028063715327083405e-01,-6.795114254114893726e-02,-3.028063714330266887e-01,-6.795114236251888207e-02,-3.028063715029294944e-01,-6.795114229914724080e-02,-3.028063715327081740e-01,1.411803417019810354e+02,-2.914705832512117922e+01,1.411803417019810354e+02,-2.914705832512117567e+01,1.411803417019810354e+02,-2.914705832512117922e+01,1.411803417019810638e+02,-2.914705832512117567e+01
1.263359070546458475e+06,-9.988117467873548483e-01,1.010019897707938041e-02,2.514956655310871588e-03,3.547373960314788559e-03,1.289667461947506272e-05,-3.232843274020421806e-06,1.289667461544725165e-05,-3.232843281696898448e-06,1.289667461763641847e-05,-3.232843277049574256e-06,1.289667461947511693e-05,-3.232843274020313386e-06,1.390210677773706096e-03,4.434712675570490550e-03,1.390210677773709349e-03,4.434712675570487081e-03,1.390210677773706096e-03,4.434712675570490550e-03,1.390210677773698941e-03,4.434712675570487081e-03,1.959157835209782377e+02,-2.204292376780091089e+01,1.065658841636069951e+02,-6.370569565347781804e+01,-6.918027878667067088e-02,-2.760995179950721523e-01,-6.918027901311180061e-02,-2.760995178932917349e-01,-6.918027887683397825e-02,-2.760995179493503371e-01,-6.918027878667075414e-02,-2.760995179950718748e-01,1.325732847702876427e+02,-2.926566524288411131e+01,1.325732847702876143e+02,-2.926566524288411841e+01,1.325732847702876427e+02,-2.926566524288411131e+01,1.325732847702876711e+02,-2.926566524288410065e+01
1.300259188585996395e+06,-9.987448163480174834e-01,1.034704799263509549e-02,2.516796473760423650e-03,3.370428843939198438e-03,1.209111325465683610e-05,-3.355247949143880248e-06,1.209111325162172054e-05,-3.355247954728171958e-06,1.209111325332267112e-05,-3.355247951188685546e-06,1.209111325465678189e-05,-3.355247949143663408e-06,1.416381428024414500e-03,4.276271488500267039e-03,1.416381428024414283e-03,4.276271488500270508e-03,1.416381428024411030e-03,4.276271488500260100e-03,1.416381428024411247e-03,4.276271488500260100e-03,1.950176406008365859e+02,-2.262825029325420090e+01,9.877524827369795446e+01,-6.214638283942094432e+01,-6.976552766803745254e-02,-2.515080707585259367e-01,-6.976552782823276788e-02,-2.515080706831967494e-01,-6.976552772743814523e-02,-2.515080707260923254e-01,-6.976552766803821581e-02,-2.515080707585261588e-01,1.244655652649208264e+02,-2.928168769834862672e+01,1.244655652649207838e+02,-2.928168769834862672e+01,1.244655652649208548e+02,-2.928168769834863383e+01,1.244655652649208548e+02,-2.928168769834863383e+01
1.338237083120812895e+06,-9.986756733356982885e-01,1.060087971104864933e-02,2.515539438892309878e-03,3.197850048936170999e-03,1.132448579865065778e-05,-3.454542912007950613e-06,1.132448579549644261e-05,-3.454542917346995791e-06,1.132448579807239855e-05,-3.454542912833245306e-06,1.132448579865060357e-05,-3.454542912007625352e-06,1.440121286643757928e-03,4.122083906615173036e-03,1.440121286643757928e-03,4.122083906615173036e-03,1.440121286643761831e-03,4.122083906615179975e-03,1.440121286643761614e-03,4.122083906615179975e-03,1.941414117520209572e+02,-2.320041282188360299e+01,9.145556433132472307e+01,-6.054331089641922858e+01,-6.979460335474652055e-02,-2.288768328792787632e-01,-6.979460350419210146e-02,-2.288768328028810695e-01,-6.979460337816167925e-02,-2.288768328655361450e-01,-6.979460335474661770e-02,-2.288768328792790963e-01,1.168280051273681721e+02,-2.920683532257303483e+01,1.168280051273681721e+02,-2.920683532257303483e+01,1.168280051273682005e+02,-2.920683532257302062e+01,1.168280051273681721e+02,-2.920683532257303483e+01
1.377324233783914242e+06,-9.986041496918010019e-01,1.086184400296846125e-02,2.511264001993562464e-03,3.029515408273042963e-03,1.059525383111841260e-05,-3.532465729548018608e-06,1.059525382788098491e-05,-3.532465734607014365e-06,1.059525383027132544e-05,-3.532465730675263607e-06,1.059525383111857523e-05,-3.532465729548235449e-06,1.461552286268042334e-03,3.971999233189031815e-03,1.461552286268046020e-03,3.971999233189031815e-03,1.461552286268042551e-03,3.971999233189028346e-03,1.461552286268046020e-03,3.971999233189031815e-03,1.932856649435614429e+02,-2.376146287101112975e+01,8.457983345050115531e+01,-5.890486554372456851e+01,-6.934599507052977008e-02,-2.080618208719725304e-01,-6.934599520873582779e-02,-2.080618207954631760e-01,-6.934599510175654125e-02,-2.080618208523016266e-01,-6.934599507052990885e-02,-2.080618208719727802e-01,1.096332005551300597e+02,-2.905164505410249731e+01,1.096332005551300597e+02,-2.905164505410248310e+01,1.096332005551300881e+02,-2.905164505410249021e+01,1.096332005551300455e+02,-2.905164505410249021e+01
1.417553039663591189e+06,-9.985300712330636985e-01,1.113008766790242812e-02,2.504039149989584559e-03,2.865314547780470171e-03,9.901952541037243108e-06,-3.590650347679068613e-06,9.901952538234092601e-06,-3.590650351832863976e-06,9.901952541151951698e-06,-3.590650347536929708e-06,9.901952541037243108e-06,-3.590650347679177033e-06,1.480785981028249175e-03,3.825873964513033711e-03,1.480785981028249175e-03,3.825873964513033278e-03,1.480785981028249175e-03,3.825873964513033711e-03,1.480785981028248958e-03,3.825873964513033711e-03,1.924489328388989975e+02,-2.431331445991897766e+01,7.812275409904074763e+01,-5.723853894750920546e+01,-6.848989344652692268e-02,-1.889293963393624542e-01,-6.848989355707255089e-02,-1.889293962745548783e-01,-6.848989344267576718e-02,-1.889293963419640399e-01,-6.848989344652733902e-02,-1.889293963393622322e-01,1.028554107779928302e+02,-2.882560042372202602e+01,1.028554107779928728e+02,-2.882560042372203313e+01,1.028554107779928302e+02,-2.882560042372202602e+01,1.028554107779928302e+02,-2.882560042372202957e+01
1.458956846158815781e+06,-9.984532576711160345e-01,1.140575404804162682e-02,2.493925554579847891e-03,2.705148793678587796e-03,9.243184683172325777e-06,-3.630635462571795216e-06,9.243184680312471497e-06,-3.630635466488909245e-06,9.243184681958344605e-06,-3.630635463975240718e-06,9.243184683172434198e-06,-3.630635462571686796e-06,1.497924318252419947e-03,3.683571555537960319e-03,1.497924318252423200e-03,3.683571555537956850e-03,1.497924318252419947e-03,3.683571555537960319e-03,1.497924318252416261e-03,3.683571555537956850e-03,1.916297175861788276e+02,-2.485774730542458855e+01,7.206061246139147158e+01,-5.555102937359148996e+01,-6.728901513487263453e-02,-1.713554723414343617e-01,-6.728901523670006990e-02,-1.713554722769690675e-01,-6.728901517202606763e-02,-1.713554723145484515e-01,-6.728901513487256514e-02,-1.713554723414345837e-01,9.647045383787852302e+01,-2.853723822227928508e+01,9.647045383787848039e+01,-2.853723822227927087e+01,9.647045383787852302e+01,-2.853723822227928508e+01,9.647045383787849460e+01,-2.853723822227929574e+01
1.501569972619028063e+06,-9.983735226504526494e-01,1.168898261812669273e-02,2.480976686640904046e-03,2.548931083792272539e-03,8.617615025554941320e-06,-3.653871862719499080e-06,8.617615022652857365e-06,-3.653871866397871791e-06,8.617615025276680833e-06,-3.653871863019064140e-06,8.617615025554941320e-06,-3.653871862719390660e-06,1.513060436211419082e-03,3.544962196155777845e-03,1.513060436211422551e-03,3.544962196155774375e-03,1.513060436211418865e-03,3.544962196155777845e-03,1.513060436211419082e-03,3.544962196155777845e-03,1.908264952918721917e+02,-2.539640995575570059e+01,6.637117966366959365e+01,-5.384833039738605720e+01,-6.579933813782207208e-02,-1.552247880822195669e-01,-6.579933823126742076e-02,-1.552247880184421114e-01,-6.579933814558758254e-02,-1.552247880762013532e-01,-6.579933813782189167e-02,-1.552247880822197890e-01,9.045560897568091718e+01,-2.819424394924754651e+01,9.045560897568090297e+01,-2.819424394924752875e+01,9.045560897568091718e+01,-2.819424394924754651e+01,9.045560897568093139e+01,-2.819424394924753940e+01
1.545427740791224409e+06,-9.982906738082583109e-01,1.197990854968742670e-02,2.465239907385117276e-03,2.396585877115830175e-03,8.023965268501808117e-06,-3.661728882516914960e-06,8.023965265985483295e-06,-3.661728885540917449e-06,8.023965267960682813e-06,-3.661728883059503937e-06,8.023965268501916537e-06,-3.661728882516969170e-06,1.526279398099389135e-03,3.409922598079534808e-03,1.526279398099390869e-03,3.409922598079531339e-03,1.526279398099387617e-03,3.409922598079534808e-03,1.526279398099380678e-03,3.409922598079527870e-03,1.900377201864653216e+02,-2.593082283443390068e+01,6.103361536255908959e+01,-5.213581087278695492e+01,-6.407075919260288299e-02,-1.404302457414137173e-01,-6.407075926750699368e-02,-1.404302456873660065e-01,-6.407075920636114141e-02,-1.404302457299964058e-01,-6.407075919260292463e-02,-1.404302457414137451e-01,8.478952522590374485e+01,-2.780353734214317640e+01,8.478952522590371643e+01,-2.780353734214316930e+01,8.478952522590374485e+01,-2.780353734214317285e+01,8.478952522590377328e+01,-2.780353734214317285e+01
1.590566504097927362e+06,-9.982045128603709294e-01,1.227866224821129448e-02,2.446757543254258777e-03,2.248049057867145765e-03,7.461009416747494370e-06,-3.655500078078208724e-06,7.461009414176579969e-06,-3.655500080929931488e-06,7.461009415728073278e-06,-3.655500079028837189e-06,7.461009416747548580e-06,-3.655500078078317144e-06,1.537658867183508285e-03,3.278335793083366617e-03,1.537658867183506551e-03,3.278335793083367051e-03,1.537658867183511755e-03,3.278335793083363148e-03,1.537658867183510020e-03,3.278335793083363148e-03,1.892618284961166353e+02,-2.646238116083903691e+01,5.602837727159819536e+01,-5.041828662537548666e+01,-6.214768270383427134e-02,-1.268723038327105868e-01,-6.214768277295418947e-02,-1.268723037789088182e-01,-6.214768272745144206e-02,-1.268723038117200719e-01,-6.214768270383407706e-02,-1.268723038327106145e-01,7.945213585010154134e+01,-2.737134902320066487e+01,7.945213585010154134e+01,-2.737134902320065777e+01,7.945213585010155555e+01,-2.737134902320065777e+01,7.945213585010156976e+01,-2.737134902320066487e+01
1.637023677770303795e+06,-9.981148357178155628e-01,1.258536886228787607e-02,2.425567953808465370e-03,2.103267826948047176e-03,6.927569578331273670e-06,-3.636408235348036460e-06,6.927569576078355766e-06,-3.636408237711380356e-06,6.927569577492426450e-06,-3.636408236074072445e-06,6.927569578331436301e-06,-3.636408235347873830e-06,1.547269731550808634e-03,3.150090942012583745e-03,1.547269731550808417e-03,3.150090942012573336e-03,1.547269731550808634e-03,3.150090942012583745e-03,1.547269731550805164e-03,3.150090942012578540e-03,1.884972420420792787e+02,-2.699235772197398830e+01,5.133713616908189437e+01,-4.870008479684017999e+01,-6.006954965655377648e-02,-1.144584218154914290e-01,-6.006954971246328961e-02,-1.144584217694392947e-01,-6.006954967425370134e-02,-1.144584217986351071e-01,-6.006954965655360995e-02,-1.144584218154914568e-01,7.442457823778427439e+01,-2.690328928167197020e+01,7.442457823778427439e+01,-2.690328928167197020e+01,7.442457823778427439e+01,-2.690328928167197020e+01,7.442457823778427439e+01,-2.690328928167197020e+01
1.684837769861410139e+06,-9.980214326389870161e-01,1.290014776416587711e-02,2.401706598870624945e-03,1.962200574045653775e-03,6.422512167066475684e-06,-3.605609797806817209e-06,6.422512164728691854e-06,-3.605609800057891969e-06,6.422512166719558093e-06,-3.605609798085131906e-06,6.422512167066313053e-06,-3.605609797807034049e-06,1.555176683860763718e-03,3.025083154314445362e-03,1.555176683860763718e-03,3.025083154314445362e-03,1.555176683860763718e-03,3.025083154314445362e-03,1.555176683860763718e-03,3.025083154314445362e-03,1.877423715939799251e+02,-2.752190546954200556e+01,4.694269598154183143e+01,-4.698510160424929438e+01,-5.787131358358466038e-02,-1.031025512274356126e-01,-5.787131363580341054e-02,-1.031025511809024880e-01,-5.787131359024202254e-02,-1.031025512206365929e-01,-5.787131358358467426e-02,-1.031025512274353767e-01,6.968911892876910485e+01,-2.640440983418419307e+01,6.968911892876910485e+01,-2.640440983418419307e+01,6.968911892876910485e+01,-2.640440983418419307e+01,6.968911892876910485e+01,-2.640440983418419307e+01
1.734048413165270351e+06,-9.979240884229951813e-01,1.322311200167176209e-02,2.375207110106290244e-03,1.824816722731386828e-03,5.944744476669164496e-06,-3.564198797039683795e-06,5.944744474568848048e-06,-3.564198798939395736e-06,5.944744476145467742e-06,-3.564198797427909488e-06,5.944744476669056076e-06,-3.564198797039683795e-06,1.561438761018158058e-03,2.903213317703091673e-03,1.561438761018158058e-03,2.903213317703091673e-03,1.561438761018160010e-03,2.903213317703091240e-03,1.561438761018156540e-03,2.903213317703091240e-03,1.869956200076577204e+02,-2.805205992003832804e+01,4.282891855947828219e+01,-4.527685418255624228e+01,-5.558386986550471753e-02,-9.272466886722846580e-02,-5.558386990859107840e-02,-9.272466882642418917e-02,-5.558386987463864726e-02,-9.272466885721343532e-02,-5.558386986550477998e-02,-9.272466886722852131e-02,6.522908342902924517e+01,-2.587925931120499001e+01,6.522908342902920253e+01,-2.587925931120498646e+01,6.522908342902923096e+01,-2.587925931120499001e+01,6.522908342902924517e+01,-2.587925931120499357e+01
1.784696398068244103e+06,-9.978225826500576323e-01,1.355436772202439286e-02,2.346102371424594723e-03,1.691096539575746936e-03,5.493211603253741462e-06,-3.513210351587024802e-06,5.493211601338064643e-06,-3.513210353208178101e-06,5.493211602767178632e-06,-3.513210351919278558e-06,5.493211603253768567e-06,-3.513210351587024802e-06,1.566109848878658979e-03,2.784387937173952304e-03,1.566109848878658979e-03,2.784387937173950570e-03,1.566109848878658979e-03,2.784387937173952304e-03,1.566109848878658979e-03,2.784387937173950570e-03,1.862553851822657975e+02,-2.858374134032960256e+01,3.898065277650648142e+01,-4.357852710259975737e+01,-5.323444360173776313e-02,-8.325034814370932401e-02,-5.323444363772570492e-02,-8.325034810739623259e-02,-5.323444360943838105e-02,-8.325034813463011441e-02,-5.323444360173762435e-02,-8.325034814370935177e-02,6.102879050594422239e+01,-2.533193314816556097e+01,6.102879050594421528e+01,-2.533193314816555031e+01,6.102879050594422239e+01,-2.533193314816556097e+01,6.102879050594422949e+01,-2.533193314816555386e+01
1.836823706359917065e+06,-9.977166899752069051e-01,1.389401356871752986e-02,2.314425611009022186e-03,1.561030897448893555e-03,5.066893684275530600e-06,-3.453623797633714569e-06,5.066893682202752887e-06,-3.453623799218736830e-06,5.066893683777556542e-06,-3.453623797945693744e-06,5.066893684275611915e-06,-3.453623797633687464e-06,1.569239156550824871e-03,2.668518982410505308e-03,1.569239156550824871e-03,2.668518982410505308e-03,1.569239156550823137e-03,2.668518982410503573e-03,1.569239156550829859e-03,2.668518982410510079e-03,1.855200628743308755e+02,-2.911775670530379756e+01,3.538366760799644339e+01,-4.189301407383484133e+01,-5.084694075467562774e-02,-7.461036490573402791e-02,-5.084694078937024991e-02,-7.461036486749395014e-02,-5.084694076181323075e-02,-7.461036489666762750e-02,-5.084694075467554447e-02,-7.461036490573406954e-02,5.707349066618421318e+01,-2.476611848020369777e+01,5.707349066618421318e+01,-2.476611848020369777e+01,5.707349066618421318e+01,-2.476611848020368711e+01,5.707349066618419897e+01,-2.476611848020370843e+01
1.890473546031535603e+06,-9.976061804819865708e-01,1.424214005334034638e-02,2.280211505660895838e-03,1.434620982907268329e-03,4.664803426388306308e-06,-3.386365501768551526e-06,4.664803424686705209e-06,-3.386365503004270952e-06,4.664803426437637507e-06,-3.386365501740335165e-06,4.664803426388170783e-06,-3.386365501768605736e-06,1.570871663745625462e-03,2.555523742776388222e-03,1.570871663745627414e-03,2.555523742776389957e-03,1.570871663745628932e-03,2.555523742776388222e-03,1.570871663745621993e-03,2.555523742776388222e-03,1.847880494086670069e+02,-2.965480141788014734e+01,3.202458887956193223e+01,-4.022295525890971390e+01,-4.844226654070737936e-02,-6.674033449613180069e-02,-4.844226656712802281e-02,-6.674033446546344395e-02,-4.844226654006751620e-02,-6.674033449700962628e-02,-4.844226654070735161e-02,-6.674033449613191171e-02,5.334930854110266552e+01,-2.418513455711606497e+01,5.334930854110269394e+01,-2.418513455711607918e+01,5.334930854110266552e+01,-2.418513455711606497e+01,5.334930854110266552e+01,-2.418513455711607207e+01
1.945690387090834789e+06,-9.974908201031349453e-01,1.459882890500040220e-02,2.243497296560459462e-03,1.311877936743168199e-03,4.285983900666754439e-06,-3.312311396613462633e-06,4.285983898998899132e-06,-3.312311397720080685e-06,4.285983900142949264e-06,-3.312311396885678693e-06,4.285983900666727334e-06,-3.312311396613462633e-06,1.571048544581835809e-03,2.445324688881220752e-03,1.571048544581835809e-03,2.445324688881220752e-03,1.571048544581835809e-03,2.445324688881219018e-03,1.571048544581834074e-03,2.445324688881220752e-03,1.840577443279680949e+02,-3.019546078660133759e+01,2.889083939748895702e+01,-3.857077057001970388e+01,-4.603861446808951013e-02,-5.958037718401329452e-02,-4.603861449140730228e-02,-5.958037715471796447e-02,-4.603861447419732578e-02,-5.958037717493575719e-02,-4.603861446808954483e-02,-5.958037718401330840e-02,4.984318891988866085e+01,-2.359196914461061922e+01,4.984318891988864664e+01,-2.359196914461061567e+01,4.984318891988865374e+01,-2.359196914461061922e+01,4.984318891988865374e+01,-2.359196914461061567e+01
2.002519998422940960e+06,-9.973703711154549012e-01,1.496415240087978563e-02,2.204323913596261796e-03,1.192822416190160309e-03,3.929506572210485086e-06,-3.232289281798343726e-06,3.929506570531896177e-06,-3.232289282804673078e-06,3.929506571851587061e-06,-3.232289281966367958e-06,3.929506572210512191e-06,-3.232289281798235306e-06,1.569807571061745304e-03,2.337849339528951312e-03,1.569807571061748773e-03,2.337849339528951312e-03,1.569807571061745304e-03,2.337849339528951312e-03,1.569807571061745304e-03,2.337849339528951312e-03,1.833275530241809577e+02,-3.074021126121076364e+01,2.597058219786958233e+01,-3.693868926195089841e+01,-4.365172915797678466e-02,-5.307480919523444723e-02,-4.365172917895637772e-02,-5.307480916650625380e-02,-4.365172916173237772e-02,-5.307480918916526041e-02,-4.365172915797674996e-02,-5.307480919523439172e-02,4.654284618591451306e+01,-2.298931132911174657e+01,4.654284618591448464e+01,-2.298931132911173592e+01,4.654284618591451306e+01,-2.298931132911174657e+01,4.654284618591450595e+01,-2.298931132911175723e+01
2.061009485727907857e+06,-9.972445927162908452e-01,1.533817268241778435e-02,2.162737103167948222e-03,1.077484066955410481e-03,3.594469549538268716e-06,-3.147080916742452041e-06,3.594469548024343012e-06,-3.147080917578033103e-06,3.594469549253828276e-06,-3.147080916861443229e-06,3.594469549538241611e-06,-3.147080916742465593e-06,1.567183499184302822e-03,2.233030132687996872e-03,1.567183499184302822e-03,2.233030132687996872e-03,1.567183499184302822e-03,2.233030132687996872e-03,1.567183499184301087e-03,2.233030132687996872e-03,1.825958893954760640e+02,-3.128942143172558588e+01,2.325266667799287035e+01,-3.532877608604176345e+01,-4.129514546541837583e-02,-4.717185713777084788e-02,-4.129514548258721163e-02,-4.717185711249122226e-02,-4.129514546807715875e-02,-4.717185713307787270e-02,-4.129514546541838277e-02,-4.717185713777093808e-02,4.343671692647888705e+01,-2.237958109839229337e+01,4.343671692647888705e+01,-2.237958109839229337e+01,4.343671692647888705e+01,-2.237958109839229337e+01,4.343671692647888705e+01,-2.237958109839229692e+01
2.121207330566328950e+06,-9.971132416892448669e-01,1.572094106261704566e-02,2.118788551435997047e-03,9.659008940064196802e-04,3.279996026817820183e-06,-3.057423934598642594e-06,3.279996025400252948e-06,-3.057423935308103838e-06,3.279996026460927933e-06,-3.057423934730481578e-06,3.279996026817874393e-06,-3.057423934598629042e-06,1.563208439543300370e-03,2.130804299477792423e-03,1.563208439543300370e-03,2.130804299477792423e-03,1.563208439543300370e-03,2.130804299477792423e-03,1.563208439543305574e-03,2.130804299477795892e-03,1.818611785726182291e+02,-3.184335280024153292e+01,2.072657741424626110e+01,-3.374295421482218416e+01,-3.898040628309538957e-02,-4.182339360541282441e-02,-3.898040629753762865e-02,-4.182339358232633336e-02,-3.898040628606106589e-02,-4.182339359966328468e-02,-3.898040628309538264e-02,-4.182339360541285217e-02,4.051391550728968127e+01,-2.176495601368518606e+01,4.051391550728968127e+01,-2.176495601368518606e+01,4.051391550728968127e+01,-2.176495601368518606e+01,4.051391550728968127e+01,-2.176495601368518962e+01
2.183163430545390584e+06,-9.969760731666783560e-01,1.611249733112914140e-02,2.072536992991444969e-03,8.581185195871737954e-04,2.985232902025003509e-06,-2.964013598972826133e-06,2.985232900826905898e-06,-2.964013599528642377e-06,2.985232901685295863e-06,-2.964013599081896872e-06,2.985232902025003509e-06,-2.964013598972826133e-06,1.557912215060480113e-03,2.031113739519255917e-03,1.557912215060478379e-03,2.031113739519254183e-03,1.557912215060480113e-03,2.031113739519255917e-03,1.557912215060481848e-03,2.031113739519259387e-03,1.811218597585283305e+02,-3.240216034162682490e+01,1.838238548618647172e+01,-3.218302512205035981e+01,-3.671726103506458422e-02,-3.698469211671025214e-02,-3.671726104620927356e-02,-3.698469209765758298e-02,-3.671726103755555692e-02,-3.698469211136978796e-02,-3.671726103506454952e-02,-3.698469211671021745e-02,3.776419240921043752e+01,-2.114739527508251271e+01,3.776419240921045173e+01,-2.114739527508251626e+01,3.776419240921043752e+01,-2.114739527508251271e+01,3.776419240921043041e+01,-2.114739527508251271e+01
2.246929140678680036e+06,-9.968328414965875739e-01,1.651286906495278567e-02,2.024049291560789388e-03,7.541893186669285098e-04,2.709349554444652084e-06,-2.867504421723776013e-06,2.709349553215207478e-06,-2.867504422217765627e-06,2.709349554224531938e-06,-2.867504421783935681e-06,2.709349554444665637e-06,-2.867504421723735355e-06,1.551322707218473615e-03,1.933904896471292777e-03,1.551322707218473615e-03,1.933904896471291043e-03,1.551322707218473615e-03,1.933904896471292777e-03,1.551322707218473615e-03,1.933904896471292777e-03,1.803763892237632831e+02,-3.296589287286262504e+01,1.621070217241496891e+01,-3.065068555784781168e+01,-3.451384665210194963e-02,-3.261419970920472616e-02,-3.451384666208401342e-02,-3.261419969015246639e-02,-3.451384665351493047e-02,-3.261419970582619954e-02,-3.451384665210192881e-02,-3.261419970920480943e-02,3.517789514586219468e+01,-2.052866143035419810e+01,3.517789514586218047e+01,-2.052866143035419100e+01,3.517789514586219468e+01,-2.052866143035419810e+01,3.517789514586219468e+01,-2.052866143035419455e+01
2.312557315954025835e+06,-9.966833012211835374e-01,1.692207095388801805e-02,1.973401476993476029e-03,6.541714226017359898e-04,2.451536765773749786e-06,-2.768511658808832170e-06,2.451536764624766534e-06,-2.768511659214479637e-06,2.451536765499934527e-06,-2.768511658870787548e-06,2.451536765773736234e-06,-2.768511658808818618e-06,1.543466192824998438e-03,1.839128631956052796e-03,1.543466192824999956e-03,1.839128631956054531e-03,1.543466192824998438e-03,1.839128631956052796e-03,1.543466192825001908e-03,1.839128631956052796e-03,1.796232434995383755e+02,-3.353449325723494923e+01,1.420263490381401006e+01,-2.914754174212509952e+01,-3.237685263886764392e-02,-2.867332567264757257e-02,-3.237685264711045313e-02,-2.867332565527691557e-02,-3.237685264039024541e-02,-2.867332566854360887e-02,-3.237685263886766474e-02,-2.867332567264758644e-02,3.274593158596386644e+01,-1.991033996711928822e+01,3.274593158596386644e+01,-1.991033996711929177e+01,3.274593158596386644e+01,-1.991033996711928822e+01,3.274593158596386644e+01,-1.991033996711928111e+01
2.380102355144657660e+06,-9.965272081742315713e-01,1.734010415124314156e-02,1.920679719426095309e-03,5.581275846334722264e-04,2.211005771869510193e-06,-2.667612697367945486e-06,2.211005770881802014e-06,-2.667612697679782360e-06,2.211005771623247222e-06,-2.667612697412133501e-06,2.211005771869496640e-06,-2.667612697367965815e-06,1.534367672111802434e-03,1.746740096591812338e-03,1.534367672111798964e-03,1.746740096591810820e-03,1.534367672111802434e-03,1.746740096591812338e-03,1.534367672111798964e-03,1.746740096591812338e-03,1.788609228079050126e+02,-3.410779847392662845e+01,1.234974540730658710e+01,-2.767512086884836364e+01,-3.031167165261531779e-02,-2.512624507445204367e-02,-3.031167165895563842e-02,-2.512624505987067977e-02,-3.031167165378539224e-02,-2.512624507084729522e-02,-3.031167165261531779e-02,-2.512624507445203326e-02,3.045973552396037576e+01,-1.929385698534037985e+01,3.045973552396036865e+01,-1.929385698534037274e+01,3.045973552396037576e+01,-1.929385698534037985e+01,3.045973552396037221e+01,-1.929385698534038340e+01
2.449620245900000446e+06,-9.963643207036815275e-01,1.776695566173465413e-02,1.865981219168694975e-03,4.661239027401383210e-04,1.986987434608164299e-06,-2.565348346295012749e-06,1.986987433706704402e-06,-2.565348346539114092e-06,1.986987434372282564e-06,-2.565348346326278429e-06,1.986987434608191404e-06,-2.565348346294999196e-06,1.524051189523244762e-03,1.656698596279556181e-03,1.524051189523246497e-03,1.656698596279556181e-03,1.524051189523246497e-03,1.656698596279556181e-03,1.524051189523248232e-03,1.656698596279557916e-03,1.780879547664349900e+02,-3.468553958934839443e+01,1.064400999640628598e+01,-2.623488000802365860e+01,-2.832253687227559436e-02,-2.193971588240254539e-02,-2.832253687733553640e-02,-2.193971586941370275e-02,-2.832253687321618918e-02,-2.193971587902904599e-02,-2.832253687227559436e-02,-2.193971588240253151e-02,2.831123434703118136e+01,-1.868049514011461554e+01,2.831123434703118136e+01,-1.868049514011461198e+01,2.831123434703118136e+01,-1.868049514011461198e+01,2.831123434703118136e+01,-1.868049514011461554e+01
2.521168611153478269e+06,-9.961944010254812909e-01,1.820259778001400222e-02,1.809414988051639929e-03,3.782283992740855666e-04,1.778731523236566680e-06,-2.462224040936991101e-06,1.778731522359379359e-06,-2.462224041127620948e-06,1.778731523082637076e-06,-2.462224040950177710e-06,1.778731523236580232e-06,-2.462224040936977548e-06,1.512540147635299537e-03,1.568967452252694600e-03,1.512540147635297802e-03,1.568967452252695467e-03,1.512540147635299537e-03,1.568967452252694600e-03,1.512540147635294333e-03,1.568967452252697202e-03,1.773028984017262815e+02,-3.526734167155254340e+01,9.077782008507830014e+00,-2.482821247920054120e+01,-2.641264731415956038e-02,-1.908290858423049990e-02,-2.641264731832865600e-02,-1.908290857189698028e-02,-2.641264731466191201e-02,-1.908290858207966484e-02,-2.641264731415955344e-02,-1.908290858423051378e-02,2.629281866246741473e+01,-1.807140801343677339e+01,2.629281866246741473e+01,-1.807140801343676628e+01,2.629281866246741473e+01,-1.807140801343677339e+01,2.629281866246741828e+01,-1.807140801343676628e+01
2.594806756885792594e+06,-9.960172167135342702e-01,1.864698759478702894e-02,1.751102496075288961e-03,2.945094603856237029e-04,1.585506097506167293e-06,-2.358710971657916806e-06,1.585506096710118953e-06,-2.358710971795796829e-06,1.585506097367728228e-06,-2.358710971663253113e-06,1.585506097506167293e-06,-2.358710971657906641e-06,1.499857614861384303e-03,1.483513853005205205e-03,1.499857614861384303e-03,1.483513853005206939e-03,1.499857614861384303e-03,1.483513853005206939e-03,1.499857614861384303e-03,1.483513853005205205e-03,1.765043485025210259e+02,-3.585272369449356233e+01,7.643756415658391923e+00,-2.345645177486865407e+01,-2.458428213475571944e-02,-1.652724733637769144e-02,-2.458428213797292372e-02,-1.652724732544837496e-02,-2.458428213511244451e-02,-1.652724733448671796e-02,-2.458428213475572985e-02,-1.652724733637764634e-02,2.439731375498950428e+01,-1.746763306484466938e+01,2.439731375498949717e+01,-1.746763306484466938e+01,2.439731375498950428e+01,-1.746763306484466938e+01,2.439731375498950428e+01,-1.746763306484466938e+01
2.670595721283270512e+06,-9.958325423297382795e-01,1.910006657505315675e-02,1.691178155515362736e-03,2.150341433761503770e-04,1.406596985494871989e-06,-2.255247145062066599e-06,1.406596984818045230e-06,-2.255247145155511273e-06,1.406596985407241348e-06,-2.255247145061266999e-06,1.406596985494899094e-06,-2.255247145062049658e-06,1.486026626899154433e-03,1.400308696478036767e-03,1.486026626899152698e-03,1.400308696478035249e-03,1.486026626899154433e-03,1.400308696478036767e-03,1.486026626899152698e-03,1.400308696478036767e-03,1.756909403389254578e+02,-3.644109848357637560e+01,6.334936673453563927e+00,-2.212087311658160971e+01,-2.283890486557902874e-02,-1.424626175741962493e-02,-2.283890486792287261e-02,-1.424626174834128095e-02,-2.283890486574747386e-02,-1.424626175624896240e-02,-2.283890486557903221e-02,-1.424626175741964748e-02,2.261795275655543236e+01,-1.687010328815659577e+01,2.261795275655543236e+01,-1.687010328815658866e+01,2.261795275655543236e+01,-1.687010328815659577e+01,2.261795275655543236e+01,-1.687010328815659221e+01
2.748598325332025066e+06,-9.956401611965980392e-01,1.956176025654300307e-02,1.629789613993806513e-03,1.398663651989869830e-04,1.241307349275137220e-06,-2.152238386470844045e-06,1.241307348653347274e-06,-2.152238386527913737e-06,1.241307349103779067e-06,-2.152238386461035403e-06,1.241307349275123668e-06,-2.152238386470857598e-06,1.471070481871820110e-03,1.319326420624249629e-03,1.471070481871816641e-03,1.319326420624247027e-03,1.471070481871820110e-03,1.319326420624249629e-03,1.471070481871821845e-03,1.319326420624247027e-03,1.748613547693555859e+02,-3.703177275933751389e+01,5.144603897306631701e+00,-2.082269274427040884e+01,-2.117725844314594097e-02,-1.221544855594768400e-02,-2.117725844488672557e-02,-1.221544854780037132e-02,-2.117725844336805843e-02,-1.221544855370878223e-02,-2.117725844314593056e-02,-1.221544855594765971e-02,2.094835141710492721e+01,-1.627965769282633346e+01,2.094835141710493076e+01,-1.627965769282632991e+01,2.094835141710492721e+01,-1.627965769282633346e+01,2.094835141710492366e+01,-1.627965769282632991e+01
2.828879224889866542e+06,-9.954398673133821873e-01,2.003197804795847636e-02,1.567097828151031410e-03,6.906499171937303288e-05,1.088957334192551443e-06,-2.050059291397447232e-06,1.088957333653743620e-06,-2.050059291426503850e-06,1.088957334119828582e-06,-2.050059291389698575e-06,1.088957334192537890e-06,-2.050059291397447232e-06,1.455013028374871039e-03,1.240544820856720378e-03,1.455013028374871039e-03,1.240544820856722113e-03,1.455013028374871039e-03,1.240544820856720378e-03,1.455013028374874508e-03,1.240544820856722113e-03,1.740143237510901315e+02,-3.762394734009225061e+01,4.066288486032923366e+00,-1.956306505964310816e+01,-1.959945181305391623e-02,-1.041214227807415148e-02,-1.959945181426837879e-02,-1.041214227117506774e-02,-1.959945181310451465e-02,-1.041214227714403959e-02,-1.959945181305392317e-02,-1.041214227807415495e-02,1.938248437720219286e+01,-1.569705070931738611e+01,1.938248437720218931e+01,-1.569705070931738788e+01,1.938248437720219286e+01,-1.569705070931738611e+01,1.938248437720218575e+01,-1.569705070931738788e+01
2.911504964279129170e+06,-9.952314674147723084e-01,2.051061317806979548e-02,1.503276891110554275e-03,2.681852923158604496e-06,9.488837956271145135e-07,-1.949054134327792817e-06,9.488837951177698854e-07,-1.949054134328634768e-06,9.488837955703158722e-07,-1.949054134318893889e-06,9.488837956271348423e-07,-1.949054134327791123e-06,1.437878945959847636e-03,1.163944852311637806e-03,1.437878945959845901e-03,1.163944852311638023e-03,1.437878945959847636e-03,1.163944852311637806e-03,1.437878945959847636e-03,1.163944852311638673e-03,1.731486362639813308e+02,-3.821671756958618005e+01,3.093744321766291439e+00,-1.834307777788529492e+01,-1.810503883018270768e-02,-8.815394492811339314e-03,-1.810503883099814221e-02,-8.815394486436468197e-03,-1.810503883018935514e-02,-8.815394492099920543e-03,-1.810503883018273544e-02,-8.815394492811337579e-03,1.791466284465759529e+01,-1.512296061741163733e+01,1.791466284465758818e+01,-1.512296061741163555e+01,1.791466284465759529e+01,-1.512296061741163733e+01,1.791466284465758818e+01,-1.512296061741164444e+01
2.996544031444832217e+06,-9.950147831688619382e-01,2.099754280606782805e-02,1.438513589507789360e-03,-5.924028332979174553e-05,8.204400991158102572e-07,-1.849537741946908549e-06,8.204400986582904929e-07,-1.849537741927004969e-06,8.204400990262754865e-07,-1.849537741928234861e-06,8.204400991157967046e-07,-1.849537741946913631e-06,1.419694016397806281e-03,1.089510415718977603e-03,1.419694016397807148e-03,1.089510415718979337e-03,1.419694016397807148e-03,1.089510415718977603e-03,1.419694016397806281e-03,1.089510415718975868e-03,1.722631446495262253e+02,-3.880907403848963355e+01,2.220925698352604893e+00,-1.716374527352855495e+01,-1.669309010355120998e-02,-7.405860808408764630e-03,-1.669309010403046550e-02,-7.405860802809606340e-03,-1.669309010351140848e-02,-7.405860807310172059e-03,-1.669309010355120651e-02,-7.405860808408773303e-03,1.653951359326730852e+01,-1.455799707343995131e+01,1.653951359326730497e+01,-1.455799707343995308e+01,1.653951359326730852e+01,-1.455799707343995841e+01,1.653951359326730497e+01,-1.455799707343994953e+01
3.084066914723898750e+06,-9.947896535087746850e-01,2.149262831876141283e-02,1.373006670252664967e-03,-1.166697407048503235e-04,7.029959901595021743e-07,-1.751796338678007477e-06,7.029959897674953264e-07,-1.751796338646092969e-06,7.029959901306895016e-07,-1.751796338670444320e-06,7.029959901595292794e-07,-1.751796338678005783e-06,1.400485384279035600e-03,1.017228125284560733e-03,1.400485384279036467e-03,1.017228125284558131e-03,1.400485384279035600e-03,1.017228125284559866e-03,1.400485384279035600e-03,1.017228125284559866e-03,1.713567713595733153e+02,-3.939990367261329141e+01,1.441967123825546704e+00,-1.602600035042057414e+01,-1.536225838506397046e-02,-6.165695166905539419e-03,-1.536225838529360101e-02,-6.165695162213757734e-03,-1.536225838503541864e-02,-6.165695166558642429e-03,-1.536225838506398954e-02,-6.165695166905535082e-03,1.525195920314818032e+01,-1.400270781313382962e+01,1.525195920314817855e+01,-1.400270781313382606e+01,1.525195920314818032e+01,-1.400270781313382962e+01,1.525195920314817855e+01,-1.400270781313382784e+01
3.174146161272483878e+06,-9.945559370893334306e-01,2.199571583918760037e-02,1.306965802954267522e-03,-1.695879226829315385e-04,5.959375280628026830e-07,-1.656088371871625247e-06,5.959375276938757887e-07,-1.656088371820981147e-06,5.959375280147318692e-07,-1.656088371856369337e-06,5.959375280627891304e-07,-1.656088371871632023e-06,1.380281805035807026e-03,9.470870572230766400e-04,1.380281805035807894e-03,9.470870572230757727e-04,1.380281805035807894e-03,9.470870572230766400e-04,1.380281805035808761e-03,9.470870572230766400e-04,1.704285161000762230e+02,-3.998799126314785468e+01,7.511661351951155474e-01,-1.493068470859439323e+01,-1.411083804909367065e-02,-5.078450882785868689e-03,-1.411083804909193593e-02,-5.078450878463834639e-03,-1.411083804902031613e-02,-5.078450882218635797e-03,-1.411083804909368800e-02,-5.078450882785866087e-03,1.404719946972904765e+01,-1.345758459752809877e+01,1.404719946972904765e+01,-1.345758459752810410e+01,1.404719946972904765e+01,-1.345758459752809699e+01,1.404719946972904943e+01,-1.345758459752809699e+01
3.266856437199848704e+06,-9.943135148571373705e-01,2.250663697192100202e-02,1.240610231322188464e-03,-2.179912100791350847e-04,4.986670807194943495e-07,-1.562645323948103732e-06,4.986670804305273655e-07,-1.562645323902170830e-06,4.986670806139066104e-07,-1.562645323908423203e-06,4.986670807194943495e-07,-1.562645323948091874e-06,1.359113877797215458e-03,8.790784782069498843e-04,1.359113877797213724e-03,8.790784782069516190e-04,1.359113877797215458e-03,8.790784782069498843e-04,1.359113877797215458e-03,8.790784782069516190e-04,1.694774633456757726e+02,-4.057202151551077662e+01,1.429692477148060969e-01,-1.387853842480326705e+01,-1.293681915995607140e-02,-4.128987962898214049e-03,-1.293681915987391316e-02,-4.128987959588179511e-03,-1.293681915973910086e-02,-4.128987961674593886e-03,-1.293681915995606620e-02,-4.128987962898208845e-03,1.292069391866934680e+01,-1.292306845832228035e+01,1.292069391866934325e+01,-1.292306845832227502e+01,1.292069391866934680e+01,-1.292306845832228035e+01,1.292069391866934502e+01,-1.292306845832228035e+01
3.362274589458617847e+06,-9.940622927189003422e-01,2.302520981075472858e-02,1.174167115739766128e-03,-2.618927147707667772e-04,4.106033747635685384e-07,-1.471672518610802100e-06,4.106033744754214823e-07,-1.471672518544069668e-06,4.106033747189468427e-07,-1.471672518591305519e-06,4.106033747635820909e-07,-1.471672518610793629e-06,1.337014260451257000e-03,8.131955529857661825e-04,1.337014260451257867e-03,8.131955529857653152e-04,1.337014260451258735e-03,8.131955529857661825e-04,1.337014260451258735e-03,8.131955529857661825e-04,1.685027901906202601e+02,-4.115058169459427262e+01,-3.880388769045265973e-01,-1.287018880742916060e+01,-1.183793658329495603e-02,-3.303386253620151092e-03,-1.183793658301944551e-02,-3.303386250382634934e-03,-1.183793658317981029e-02,-3.303386253111852393e-03,-1.183793658329495603e-02,-3.303386253620155429e-03,1.186814536668743969e+01,-1.239955429841708323e+01,1.186814536668744147e+01,-1.239955429841708501e+01,1.186814536668744324e+01,-1.239955429841708323e+01,1.186814536668744147e+01,-1.239955429841708145e+01
3.460479709542726167e+06,-9.938022042892196151e-01,2.355124023443396289e-02,1.107869579252900027e-03,-3.013238345573921481e-04,3.311815962803925199e-07,-1.383349928161196735e-06,3.311815960069160744e-07,-1.383349928080035521e-06,3.311815962136327712e-07,-1.383349928127727499e-06,3.311815962803925199e-07,-1.383349928161194194e-06,1.314017863941801569e-03,7.494330308155393349e-04,1.314017863941799834e-03,7.494330308155367328e-04,1.314017863941801569e-03,7.494330308155384675e-04,1.314017863941801569e-03,7.494330308155384675e-04,1.675037744904910255e+02,-4.172216494341672188e+01,-8.471430040823748620e-01,-1.190613902382443001e+01,-1.081171455658545832e-02,-2.588864007438266331e-03,-1.081171455616556677e-02,-2.588864004423202438e-03,-1.081171455637806693e-02,-2.588864006690274385e-03,-1.081171455658545312e-02,-2.588864007438262428e-03,1.088548447422219922e+01,-1.188739489823712958e+01,1.088548447422219567e+01,-1.188739489823712603e+01,1.088548447422219922e+01,-1.188739489823712958e+01,1.088548447422219922e+01,-1.188739489823712958e+01
3.561553199045849033e+06,-9.935332136950246751e-01,2.408452351566792160e-02,1.041954480301202557e-03,-3.363355536158053232e-04,2.598535373226875311e-07,-1.297832988555122426e-06,2.598535371025267274e-07,-1.297832988482718897e-06,2.598535372679996959e-07,-1.297832988523951402e-06,2.598535373226739786e-07,-1.297832988555123273e-06,1.290162022185660506e-03,6.877869113489178989e-04,1.290162022185657037e-03,6.877869113489178989e-04,1.290162022185657037e-03,6.877869113489170315e-04,1.290162022185658772e-03,6.877869113489170315e-04,1.664798032377517529e+02,-4.228517435014317982e+01,-1.239501654665392305e+00,-1.098675692771631596e+01,-9.855507096215465612e-03,-1.973701493375957291e-03,-9.855507095810515233e-03,-1.973701490999520136e-03,-9.855507096016492830e-03,-1.973701492772590108e-03,-9.855507096215460408e-03,-1.973701493375955556e-03,9.968855246217199095e+00,-1.138690436962554031e+01,9.968855246217202648e+00,-1.138690436962554031e+01,9.968855246217200872e+00,-1.138690436962554031e+01,9.968855246217199095e+00,-1.138690436962554031e+01
3.665578837134662550e+06,-9.932553184097533405e-01,2.462484626767550908e-02,9.766599469049628071e-04,-3.669994361036522826e-04,1.960877817926171701e-07,-1.215253428663107446e-06,1.960877815985280406e-07,-1.215253428588689249e-06,1.960877817859222217e-07,-1.215253428658799436e-06,1.960877817926137820e-07,-1.215253428663110410e-06,1.265486634299694711e-03,6.282540905058841109e-04,1.265486634299694711e-03,6.282540905058841109e-04,1.265486634299694711e-03,6.282540905058841109e-04,1.265486634299696446e-03,6.282540905058845446e-04,1.654303811021910349e+02,-4.283792783536736692e+01,-1.570148276055052250e+00,-1.011226453319957663e+01,-8.966534586046438771e-03,-1.447169291629278121e-03,-8.966534585601497812e-03,-1.447169289573258270e-03,-8.966534586018436864e-03,-1.447169291556392847e-03,-8.966534586046435301e-03,-1.447169291629276386e-03,9.114601435965331788e+00,-1.089836110363999033e+01,9.114601435965331788e+00,-1.089836110363998856e+01,9.114601435965331788e+00,-1.089836110363999033e+01,9.114601435965324683e+00,-1.089836110363998678e+01
3.772642849992855918e+06,-9.929685520861022408e-01,2.517198875096950464e-02,9.122227184196867724e-04,-3.934082650123237024e-04,1.393699245009264430e-07,-1.135720119558978022e-06,1.393699243364021514e-07,-1.135720119488194443e-06,1.393699244604043868e-07,-1.135720119529641883e-06,1.393699245009332192e-07,-1.135720119558977175e-06,1.240034275337736870e-03,5.708319879620051170e-04,1.240034275337737737e-03,5.708319879620051170e-04,1.240034275337736870e-03,5.708319879620051170e-04,1.240034275337736870e-03,5.708319879620059843e-04,1.643551390552362648e+02,-4.337866392603131516e+01,-1.843989414586638009e+00,-9.282728585394721676e+00,-8.141916858716510136e-03,-9.994609452391668616e-04,-8.141916858277305907e-03,-9.994609435295355102e-04,-8.141916858524098077e-03,-9.994609448032761717e-04,-8.141916858716511871e-03,-9.994609452391707647e-04,8.319253816202984098e+00,-1.042201025136123249e+01,8.319253816202984098e+00,-1.042201025136123249e+01,8.319253816202984098e+00,-1.042201025136123249e+01,8.319253816202982321e+00,-1.042201025136123249e+01
3.882833982293461915e+06,-9.926729873518496117e-01,2.572572756090206469e-02,8.488753516107447718e-04,-4.156762861076115294e-04,8.920281686273267879e-08,-1.059319949388281609e-06,8.920281671032095840e-08,-1.059319949311010605e-06,8.920281686915996480e-08,-1.059319949393503991e-06,8.920281686273606693e-08,-1.059319949388281609e-06,1.213850271768777663e-03,5.155181585691853089e-04,1.213850271768777663e-03,5.155181585691844415e-04,1.213850271768777663e-03,5.155181585691853089e-04,1.213850271768777663e-03,5.155181585691853089e-04,1.632538429850815476e+02,-4.390554847550335182e+01,-2.065800128405824498e+00,-8.498052665522656923e+00,-7.378703053542366198e-03,-6.216296672596253277e-04,-7.378703053048943188e-03,-6.216296656994299953e-04,-7.378703053576689437e-03,-6.216296673280845633e-04,-7.378703053542362729e-03,-6.216296672596216414e-04,7.579518285421215751e+00,-9.958065776390712998e+00,7.579518285421216639e+00,-9.958065776390712998e+00,7.579518285421215751e+00,-9.958065776390712998e+00,7.579518285421215751e+00,-9.958065776390712998e+00
3.996243570758746471e+06,-9.923687385289312601e-01,2.628583871363767213e-02,7.868433568960967297e-04,-4.339390273043790746e-04,4.510683145789892126e-08,-9.861187286158581047e-07,4.510683132279038991e-08,-9.861187285379412380e-07,4.510683142667051056e-08,-9.861187285875354406e-07,4.510683145790569753e-08,-9.861187286158614929e-07,1.186982738207755395e-03,4.623098904343000731e-04,1.186982738207754528e-03,4.623098904342996395e-04,1.186982738207755395e-03,4.623098904343000731e-04,1.186982738207754528e-03,4.623098904343000731e-04,1.621264021978205676e+02,-4.441668238061642171e+01,-2.240216963203144118e+00,-7.757971236759068745e+00,-6.673898507170271215e-03,-3.055288177159774018e-04,-6.673898506665999243e-03,-3.055288163537332085e-04,-6.673898506983943699e-03,-3.055288173860505065e-04,-6.673898507170266010e-03,-3.055288177159780523e-04,6.892264778143540660e+00,-9.506712119620212675e+00,6.892264778143539772e+00,-9.506712119620212675e+00,6.892264778143540660e+00,-9.506712119620212675e+00,6.892264778143540660e+00,-9.506712119620214452e+00
4.112965619868631475e+06,-9.920559642319083382e-01,2.685210114462049935e-02,7.263423378168432304e-04,-4.483526759661498684e-04,6.620137692255208782e-09,-9.161621296135965563e-07,6.620137577458527506e-09,-9.161621295403951220e-07,6.620137655138225033e-09,-9.161621295759518710e-07,6.620137692255208782e-09,-9.161621296135940152e-07,1.159482571893172449e-03,4.112037936095369866e-04,1.159482571893172449e-03,4.112037936095365529e-04,1.159482571893172449e-03,4.112037936095365529e-04,1.159482571893172449e-03,4.112037936095369866e-04,1.609728776885899038e+02,-4.491011033488580040e+01,-2.371728885610757231e+00,-7.062045987763795551e+00,-6.024488907539271750e-03,-4.375589009710575944e-05,-6.024488907063011225e-03,-4.375588895786653701e-05,-6.024488907292787493e-03,-4.375588970713811956e-05,-6.024488907539270882e-03,-4.375589009710891041e-05,6.254516954714481436e+00,-9.068105513246047522e+00,6.254516954714480548e+00,-9.068105513246047522e+00,6.254516954714481436e+00,-9.068105513246047522e+00,6.254516954714481436e+00,-9.068105513246045746e+00
4.233096879780406132e+06,-9.917348697979886385e-01,2.742430062931592791e-02,6.675752110944030296e-04,-4.590930112218174651e-04,-2.670101981795905562e-08,-8.494766639951695060e-07,-2.670101991120721872e-08,-8.494766639314412881e-07,-2.670101983233151067e-08,-8.494766639788556514e-07,-2.670101981795905562e-08,-8.494766639951678119e-07,1.131403401999393635e-03,3.621953837412126317e-04,1.131403401999393635e-03,3.621953837412121980e-04,1.131403401999393635e-03,3.621953837412126317e-04,1.131403401999393635e-03,3.621953837412134449e-04,1.597934900566532406e+02,-4.538383064462771443e+01,-2.464666639298144890e+00,-6.409664762433565421e+00,-5.427461921024030224e-03,1.704002329901154497e-04,-5.427461920609080032e-03,1.704002338988853623e-04,-5.427461920917931934e-03,1.704002331408141578e-04,-5.427461921024032826e-03,1.704002329901156936e-04,5.663442645139158849e+00,-8.642374984297809704e+00,5.663442645139159737e+00,-8.642374984297809704e+00,5.663442645139158849e+00,-8.642374984297809704e+00,5.663442645139157960e+00,-8.642374984297809704e+00
4.356736926524308510e+06,-9.914057094973358630e-01,2.800223413095591363e-02,6.107295858875385307e-04,-4.663539037040014142e-04,-5.528204926476102971e-08,-7.860706996589879189e-07,-5.528204935559853704e-08,-7.860706995846167321e-07,-5.528204927856258455e-08,-7.860706996414179145e-07,-5.528204926475425345e-08,-7.860706996589904600e-07,1.102801491327903751e-03,3.152786659049989474e-04,1.102801491327903751e-03,3.152786659049980800e-04,1.102801491327903751e-03,3.152786659049989474e-04,1.102801491327903751e-03,3.152786659049989474e-04,1.585886269295155273e+02,-4.583580611926567627e+01,-2.523191040896138659e+00,-5.800043280447395588e+00,-4.879826478714384408e-03,3.430089801418656796e-04,-4.879826478232095720e-03,3.430089810250943369e-04,-4.879826478601086148e-03,3.430089802868169506e-04,-4.879826478714384408e-03,3.430089801418656796e-04,5.116345024171105038e+00,-8.229623087428503680e+00,5.116345024171105038e+00,-8.229623087428501904e+00,5.116345024171105038e+00,-8.229623087428503680e+00,5.116345024171105038e+00,-8.229623087428503680e+00
4.483988244541460648e+06,-9.910687884694094896e-01,2.858571457428139492e-02,5.559753786266990062e-04,-4.703454108787963155e-04,-7.952975511602772068e-08,-7.259355186756396368e-07,-7.952975519121544727e-08,-7.259355186086427188e-07,-7.952975513009185574e-08,-7.259355186554590768e-07,-7.952975511602263848e-08,-7.259355186756387898e-07,1.073735588615924589e-03,2.704457245669684528e-04,1.073735588615924589e-03,2.704457245669680192e-04,1.073735588615924589e-03,2.704457245669684528e-04,1.073735588615924589e-03,2.704457245669684528e-04,1.573588497541815912e+02,-4.626397603016977200e+01,-2.551280768215911099e+00,-5.232229756526911579e+00,-4.378629890725152692e-03,4.795449500136709088e-04,-4.378629890293275068e-03,4.795449507356004779e-04,-4.378629890596479578e-03,4.795449501623054315e-04,-4.378629890725153559e-03,4.795449500136725351e-04,4.610654495677069420e+00,-7.829926407448254189e+00,4.610654495677067644e+00,-7.829926407448250636e+00,4.610654495677069420e+00,-7.829926407448254189e+00,4.610654495677069420e+00,-7.829926407448254189e+00
4.614956311632562429e+06,-9.907244643288021235e-01,2.917457603786873313e-02,5.034627339140227472e-04,-4.712915115073720330e-04,-9.983210646299295126e-08,-6.690464159383255140e-07,-9.983210652853127852e-08,-6.690464158726042276e-07,-9.983210647878333946e-08,-6.690464159126782034e-07,-9.983210646299295126e-08,-6.690464159383246670e-07,1.044266730622642973e-03,2.276863259976442727e-04,1.044266730622642973e-03,2.276863259976442727e-04,1.044266730622641238e-03,2.276863259976438390e-04,1.044266730622642105e-03,2.276863259976438390e-04,1.561048998086731672e+02,-4.666626911332842553e+01,-2.552720208626634957e+00,-4.705112420998941225e+00,-3.920972940334176843e-03,5.849321150619452448e-04,-3.920972939914404987e-03,5.849321156881069107e-04,-3.920972940172471992e-03,5.849321152307970480e-04,-3.920972940334177710e-03,5.849321150619463290e-04,4.143921262680575701e+00,-7.443335873925808421e+00,4.143921262680575701e+00,-7.443335873925808421e+00,4.143921262680577478e+00,-7.443335873925807533e+00,4.143921262680576589e+00,-7.443335873925807533e+00
4.749749686387764290e+06,-9.903731483824523840e-01,2.976867935068996940e-02,4.533203127921058050e-04,-4.694275365278525992e-04,-1.165580398425612615e-07,-6.153638368207738318e-07,-1.165580398966866669e-07,-6.153638367615120187e-07,-1.165580398524817114e-07,-6.153638368023923698e-07,-1.165580398425629556e-07,-6.153638368207763729e-07,1.014457994080146617e-03,1.869875400304688332e-04,1.014457994080146617e-03,1.869875400304688332e-04,1.014457994080145749e-03,1.869875400304683724e-04,1.014457994080145749e-03,1.869875400304683724e-04,1.548277032848359056e+02,-4.704061757129953492e+01,-2.531087925787788517e+00,-4.217429836615860239e+00,-3.504023092212673902e-03,6.635855412127059007e-04,-3.504023091837789317e-03,6.635855417255348294e-04,-3.504023092098217280e-03,6.635855413207757039e-04,-3.504023092212673468e-03,6.635855412127070934e-04,3.713808559456255765e+00,-7.069876930010907223e+00,3.713808559456255765e+00,-7.069876930010907223e+00,3.713808559456256653e+00,-7.069876930010908112e+00,3.713808559456256653e+00,-7.069876930010908112e+00
4.888480098170185462e+06,-9.900153063995894565e-01,3.036791807109217797e-02,4.056539973876881872e-04,-4.649973653140651109e-04,-1.300573057288543339e-07,-5.648345510454515241e-07,-1.300573057711831114e-07,-5.648345509969190774e-07,-1.300573057330988160e-07,-5.648345510363721780e-07,-1.300573057288577220e-07,-5.648345510454506771e-07,9.843741987407581082e-04,1.483333881765613199e-04,9.843741987407581082e-04,1.483333881765613199e-04,9.843741987407581082e-04,1.483333881765613199e-04,9.843741987407589756e-04,1.483333881765615367e-04,1.535283752938986481e+02,-4.738497200797451825e+01,-2.489746271313685977e+00,-3.767783801415264477e+00,-3.125025937888216334e-03,7.194507751755125973e-04,-3.125025937584001781e-03,7.194507755699552139e-04,-3.125025937832423290e-03,7.194507752231111327e-04,-3.125025937888214599e-03,7.194507751755098868e-04,3.318086519228358178e+00,-6.709549598633544498e+00,3.318086519228358178e+00,-6.709549598633544498e+00,3.318086519228358178e+00,-6.709549598633544498e+00,3.318086519228356845e+00,-6.709549598633544498e+00
5.031262539727665484e+06,-9.896514588761275988e-01,3.097222481865378324e-02,3.605460463409050176e-04,-4.582504648384612325e-04,-1.406603676167332632e-07,-5.173928582947823356e-07,-1.406603676542932452e-07,-5.173928582443991218e-07,-1.406603676227124688e-07,-5.173928582797669826e-07,-1.406603676167307221e-07,-5.173928582947823356e-07,9.540815638944726354e-04,1.117045252635176175e-04,9.540815638944726354e-04,1.117045252635176175e-04,9.540815638944726354e-04,1.117045252635176175e-04,9.540815638944726354e-04,1.117045252635176175e-04,1.522082226502904803e+02,-4.769731720784965034e+01,-2.431832612631347423e+00,-3.354654531478321822e+00,-2.781314988471219815e-03,7.560410367663198544e-04,-2.781314988159989607e-03,7.560410371208178609e-04,-2.781314988380220992e-03,7.560410368363583390e-04,-2.781314988471219815e-03,7.560410367663187702e-04,2.954626649278157213e+00,-6.362328488536050486e+00,2.954626649278157213e+00,-6.362328488536050486e+00,2.954626649278157213e+00,-6.362328488536050486e+00,2.954626649278157213e+00,-6.362328488536050486e+00
5.178215362509516068e+06,-9.892821807367796483e-01,3.158157792142859271e-02,3.180547191517620271e-04,-4.494388544704087376e-04,-1.486783619860519275e-07,-4.729618197074830537e-07,-1.486783620172278222e-07,-4.729618196606849068e-07,-1.486783619900931217e-07,-4.729618196953488832e-07,-1.486783619860544686e-07,-4.729618197074805126e-07,9.236473219758666378e-04,7.707796148885418582e-05,9.236473219758675052e-04,7.707796148885375214e-05,9.236473219758666378e-04,7.707796148885418582e-05,9.236473219758666378e-04,7.707796148885396898e-05,1.508687452965700686e+02,-4.797568864913414188e+01,-2.360252574307320383e+00,-2.976417735197915082e+00,-2.470319915223604269e-03,7.764723380959718483e-04,-2.470319914938353713e-03,7.764723383917704986e-04,-2.470319915151101501e-03,7.764723381461757215e-04,-2.470319915223604269e-03,7.764723380959718483e-04,2.621396881497752851e+00,-6.028162782230615413e+00,2.621396881497752407e+00,-6.028162782230614525e+00,2.621396881497752851e+00,-6.028162782230615413e+00,2.621396881497754183e+00,-6.028162782230616301e+00
5.329460374767275527e+06,-9.889081004208807313e-01,3.219600833319723882e-02,2.782143706726888216e-04,-4.388140804993037191e-04,-1.544031264684840401e-07,-4.314545081547691817e-07,-1.544031264929209406e-07,-4.314545081158857107e-07,-1.544031264716824365e-07,-4.314545081429107204e-07,-1.544031264684857341e-07,-4.314545081547674876e-07,8.931392940748249720e-04,4.442683141016639858e-05,8.931392940748249720e-04,4.442683141016618852e-05,8.931392940748249720e-04,4.442683141016639858e-05,8.931392940748249720e-04,4.442683141016639858e-05,1.495116362433934398e+02,-4.821818961811641913e+01,-2.277675599740256018e+00,-2.631363127299762628e+00,-2.189573331425471482e-03,7.834966362679612320e-04,-2.189573331191222230e-03,7.834966364975994805e-04,-2.189573331355581208e-03,7.834966363113335473e-04,-2.189573331425472349e-03,7.834966362679627499e-04,2.316457163356339777e+00,-5.706976246175460510e+00,2.316457163356339777e+00,-5.706976246175457845e+00,2.316457163356339777e+00,-5.706976246175460510e+00,2.316457163356339777e+00,-5.706976246175461398e+00
5.485122942520787939e+06,-9.885298983017105634e-01,3.281560676767902168e-02,2.410360003314856807e-04,-4.266242820529863406e-04,-1.581073024815253509e-07,-3.927752687531358917e-07,-1.581073025010299785e-07,-3.927752687195628938e-07,-1.581073024850752659e-07,-3.927752687360796128e-07,-1.581073024815278920e-07,-3.927752687531350447e-07,8.626254333188059691e-04,1.372021576250069616e-05,8.626254333188060775e-04,1.372021576250049117e-05,8.626254333188059691e-04,1.372021576250069616e-05,8.626254333188059691e-04,1.372021576250069616e-05,1.481387799134261343e+02,-4.842300877190386643e+01,-2.186533039364014108e+00,-2.317713889168667940e+00,-1.936716201830431926e-03,7.795331136336695367e-04,-1.936716201630743570e-03,7.795331138165966694e-04,-1.936716201731299635e-03,7.795331136885045795e-04,-1.936716201830431710e-03,7.795331136336697535e-04,2.037955550811237249e+00,-5.398667301002832097e+00,2.037955550811235472e+00,-5.398667301002828545e+00,2.037955550811237249e+00,-5.398667301002832097e+00,2.037955550811236805e+00,-5.398667301002832986e+00
5.645332093473293819e+06,-9.881483043943095623e-01,3.344053098937100482e-02,2.065082251814646973e-04,-4.131114241194164759e-04,-1.600445171547641125e-07,-3.568209801815517677e-07,-1.600445171704693739e-07,-3.568209801515206381e-07,-1.600445171559436059e-07,-3.568209801735816112e-07,-1.600445171547632655e-07,-3.568209801815543088e-07,8.321733431545760059e-04,-1.507697892546452845e-05,8.321733431545751385e-04,-1.507697892546462840e-05,8.321733431545751385e-04,-1.507697892546442003e-05,8.321733431545751385e-04,-1.507697892546442003e-05,1.467522487962592947e+02,-4.858843797705564072e+01,-2.089018866088784510e+00,-2.033646563585795874e+00,-1.709501962895069657e-03,7.666976663322394884e-04,-1.709501962718929088e-03,7.666976664809586331e-04,-1.709501962849367500e-03,7.666976663546151444e-04,-1.709501962895070091e-03,7.666976663322411147e-04,1.784124760967475298e+00,-5.103109186506751271e+00,1.784124760967474632e+00,-5.103109186506748607e+00,1.784124760967476409e+00,-5.103109186506751271e+00,1.784124760967476409e+00,-5.103109186506751271e+00
5.810220623961661942e+06,-9.877640953127718726e-01,3.407101319415151153e-02,1.745986324341597406e-04,-3.985087642602400007e-04,-1.604496478099561718e-07,-3.234823065019338667e-07,-1.604496478225680689e-07,-3.234823064743358392e-07,-1.604496478111788639e-07,-3.234823064882161682e-07,-1.604496478099570189e-07,-3.234823065019355608e-07,8.018497784453423524e-04,-4.200407894711070283e-05,8.018497784453423524e-04,-4.200407894711069605e-05,8.018497784453423524e-04,-4.200407894711070283e-05,8.018497784453432198e-04,-4.200407894711070283e-05,1.453542983436513509e+02,-4.871289023613218916e+01,-1.987093013855222967e+00,-1.777310877245652065e+00,-1.505799434171965897e-03,7.468306708862043142e-04,-1.505799434012484962e-03,7.468306710086718885e-04,-1.505799434094399255e-03,7.468306709194978861e-04,-1.505799434171966114e-03,7.468306708862033384e-04,1.553279139628614747e+00,-4.820150251724808044e+00,1.553279139628613859e+00,-4.820150251724806267e+00,1.553279139628614747e+00,-4.820150251724808044e+00,1.553279139628614747e+00,-4.820150251724807156e+00
5.979925209030424245e+06,-9.873780904453285379e-01,3.470736740697728112e-02,1.452554562434050394e-04,-3.830386080805472200e-04,-1.595391705744280107e-07,-2.926449285237131536e-07,-1.595391705844035177e-07,-2.926449284979294707e-07,-1.595391705746130874e-07,-2.926449285176424684e-07,-1.595391705744275872e-07,-2.926449285237144241e-07,7.717201380160290973e-04,-6.710463763253046168e-05,7.717201380160282299e-04,-6.710463763253067852e-05,7.717201380160282299e-04,-6.710463763253078694e-05,7.717201380160282299e-04,-6.710463763253078694e-05,1.439473600590073090e+02,-4.879491750029149699e+01,-1.882487237330886742e+00,-1.546849011255883255e+00,-1.323594599596234411e-03,7.215230893112462886e-04,-1.323594599449530364e-03,7.215230894125775583e-04,-1.323594599562365453e-03,7.215230893238365863e-04,-1.323594599596234411e-03,7.215230893112467223e-04,1.343811995728812825e+00,-4.549614395801009792e+00,1.343811995728812825e+00,-4.549614395801011568e+00,1.343811995728813269e+00,-4.549614395801010680e+00,1.343811995728813047e+00,-4.549614395801011568e+00
6.154586515720838681e+06,-9.869911473233954347e-01,3.534999681937259913e-02,1.184095157442022797e-04,-3.669103952484577377e-04,-1.575115928306380854e-07,-2.641907436815975995e-07,-1.575115928383003454e-07,-2.641907436573682221e-07,-1.575115928304123511e-07,-2.641907436734381312e-07,-1.575115928306376619e-07,-2.641907436815988701e-07,7.418479577447397583e-04,-9.042636386189317559e-05,7.418479577447393246e-04,-9.042636386189328401e-05,7.418479577447397583e-04,-9.042636386189355506e-05,7.418479577447406256e-04,-9.042636386189328401e-05,1.425340327627208978e+02,-4.883322815733554734e+01,-1.776713303735991678e+00,-1.340413886096798901e+00,-1.160991338514381129e-03,6.921409644910178106e-04,-1.160991338378626440e-03,6.921409645746331085e-04,-1.160991338469474343e-03,6.921409645052328937e-04,-1.160991338514380695e-03,6.921409644910178106e-04,1.154193253045438183e+00,-4.291301679574633710e+00,1.154193253045437961e+00,-4.291301679574631933e+00,1.154193253045438627e+00,-4.291301679574633710e+00,1.154193253045438405e+00,-4.291301679574633710e+00
6.334349319668900222e+06,-9.866041561695716444e-01,3.599940098583603865e-02,9.397634682464534733e-05,-3.503191437411377852e-04,-1.545479673701553051e-07,-2.379990233125933170e-07,-1.545479673757800274e-07,-2.379990232898856342e-07,-1.545479673698626552e-07,-2.379990233091806212e-07,-1.545479673701548816e-07,-2.379990233125933170e-07,7.122944135244853054e-04,-1.120209850352821165e-04,7.122944135244857391e-04,-1.120209850352822250e-04,7.122944135244857391e-04,-1.120209850352820081e-04,7.122944135244853054e-04,-1.120209850352821707e-04,1.411170720440961475e+02,-4.882670397915453719e+01,-1.671073255901293075e+00,-1.156186088967539938e+00,-1.016211186361243215e-03,6.598483517016067368e-04,-1.016211186235921153e-03,6.598483517699908372e-04,-1.016211186342685360e-03,6.598483517064946454e-04,-1.016211186361243432e-03,6.598483517016063031e-04,9.829673685778458347e-01,-4.044989121789249076e+00,9.829673685778459458e-01,-4.044989121789250852e+00,9.829673685778467229e-01,-4.044989121789249964e+00,9.829673685778458347e-01,-4.044989121789249076e+00
6.519362625108934008e+06,-9.862180336184410701e-01,3.665618279618226838e-02,7.185845876233453312e-05,-3.334442658340989432e-04,-1.508124843164185504e-07,-2.139475167361150108e-07,-1.508124843202755150e-07,-2.139475167150306667e-07,-1.508124843157631587e-07,-2.139475167315770318e-07,-1.508124843164183387e-07,-2.139475167361171284e-07,6.831178433540980493e-04,-1.319440462559019907e-04,6.831178433540971819e-04,-1.319440462559018823e-04,6.831178433540980493e-04,-1.319440462559020449e-04,6.831178433540989166e-04,-1.319440462559019636e-04,1.396993779412383958e+02,-4.877441631311934600e+01,-1.566671431361884137e+00,-9.923891434021511193e-01,-8.875922071037165365e-04,6.256287274222449785e-04,-8.875922069890426411e-04,6.256287274774054987e-04,-8.875922070793332633e-04,6.256287274274144545e-04,-8.875922071037168617e-04,6.256287274222447617e-04,8.287514663069514009e-01,-3.810431687597116923e+00,8.287514663069515120e-01,-3.810431687597117811e+00,8.287514663069509568e-01,-3.810431687597116923e+00,8.287514663069509568e-01,-3.810431687597117367e+00
6.709779788382251747e+06,-9.858337156134571178e-01,3.732105513993398682e-02,5.194764862405325365e-05,-3.164487558364626895e-04,-1.464531351101991266e-07,-1.919134922229465269e-07,-1.464531351130834856e-07,-1.919134922061409697e-07,-1.464531351091845929e-07,-1.919134922179661850e-07,-1.464531351101995502e-07,-1.919134922229490680e-07,6.543732974955521501e-04,-1.502546488430047712e-04,6.543732974955530175e-04,-1.502546488430046357e-04,6.543732974955521501e-04,-1.502546488430048525e-04,6.543732974955521501e-04,-1.502546488430048525e-04,1.382839809205842982e+02,-4.867564130615443219e+01,-1.464427886113891741e+00,-8.473028995464910729e-01,-7.735870610782632746e-04,5.903049137063430540e-04,-7.735870609880184058e-04,5.903049137479251347e-04,-7.735870610517931291e-04,5.903049137106315073e-04,-7.735870610782626241e-04,5.903049137063429456e-04,6.902336366722940930e-01,-3.587363470336016658e+00,6.902336366722933159e-01,-3.587363470336013993e+00,6.902336366722940930e-01,-3.587363470336016658e+00,6.902336366722939820e-01,-3.587363470336016658e+00
6.905758645053234883e+06,-9.854521494921891778e-01,3.799484717947701484e-02,3.412731059245196542e-05,-2.994787374121080960e-04,-1.416024413423291180e-07,-1.717747060258069037e-07,-1.416024413440998404e-07,-1.717747060106365436e-07,-1.416024413411066377e-07,-1.717747060211835861e-07,-1.416024413423293298e-07,-1.717747060258064802e-07,6.261121250237417510e-04,-1.670151328132601042e-04,6.261121250237413173e-04,-1.670151328132600500e-04,6.261121250237417510e-04,-1.670151328132601042e-04,6.261121250237417510e-04,-1.670151328132602126e-04,1.368740262576762063e+02,-4.852987396072062865e+01,-1.365092854375974385e+00,-7.192749028306227865e-01,-6.727603539390529823e-04,5.545575553239447163e-04,-6.727603538587204317e-04,5.545575553566491327e-04,-6.727603539147233771e-04,5.545575553266990235e-04,-6.727603539390530907e-04,5.545575553239447163e-04,5.661713533587314773e-01,-3.375499061404887424e+00,5.661713533587313663e-01,-3.375499061404885648e+00,5.661713533587314773e-01,-3.375499061404887424e+00,5.661713533587316993e-01,-3.375499061404887868e+00
7.107461640738224611e+06,-9.850742852809195593e-01,3.867851015055429748e-02,1.827468385777353835e-05,-2.826633479069136736e-04,-1.363782398421843441e-07,-1.534102918663203560e-07,-1.363782398431355621e-07,-1.534102918529639170e-07,-1.363782398411666341e-07,-1.534102918632062394e-07,-1.363782398421854029e-07,-1.534102918663207795e-07,5.983816042551724172e-04,-1.822907091607476942e-04,5.983816042551724172e-04,-1.822907091607476400e-04,5.983816042551728508e-04,-1.822907091607479111e-04,5.983816042551724172e-04,-1.822907091607476400e-04,1.354727569488337053e+02,-4.833684083696784484e+01,-1.269261875213963942e+00,-6.067296758414199020e-01,-5.837853534398130834e-04,5.189421872595047702e-04,-5.837853533700139907e-04,5.189421872847838112e-04,-5.837853534235742286e-04,5.189421872605659873e-04,-5.837853534398125413e-04,5.189421872595043365e-04,4.553899623974179689e-01,-3.174535096908369436e+00,4.553899623974179134e-01,-3.174535096908369436e+00,4.553899623974181909e-01,-3.174535096908369436e+00,4.553899623974179689e-01,-3.174535096908369436e+00
7.315055965755646117e+06,-9.847010662276405313e-01,3.937312261174791272e-02,4.262990645250489178e-06,-2.661149287894687496e-04,-1.308845143986553495e-07,-1.367015648400987737e-07,-1.308845143990869128e-07,-1.367015648286744168e-07,-1.308845143982396681e-07,-1.367015648390353238e-07,-1.308845143986568318e-07,-1.367015648400991972e-07,5.712246234604409934e-04,-1.961490489522039527e-04,5.712246234604414271e-04,-1.961490489522040612e-04,5.712246234604418608e-04,-1.961490489522042780e-04,5.712246234604418608e-04,-1.961490489522040612e-04,1.340834953086439896e+02,-4.809651123508761117e+01,-1.177391231755810397e+00,-5.081759186669427830e-01,-5.054401619312834989e-04,4.839049318608078178e-04,-5.054401618723645918e-04,4.839049318800977260e-04,-5.054401619257739087e-04,4.839049318609083775e-04,-5.054401619312833905e-04,4.839049318608078178e-04,3.567812019583360139e-01,-2.984151964375750143e+00,3.567812019583361249e-01,-2.984151964375749699e+00,3.567812019583361249e-01,-2.984151964375750588e+00,3.567812019583360694e-01,-2.984151964375751032e+00
7.528713693708994426e+06,-9.843334186096852623e-01,4.007989506865055479e-02,-8.036575066700842927e-06,-2.499294852068991530e-04,-1.252122636766287624e-07,-1.215327353016473571e-07,-1.252122636768400971e-07,-1.215327352922152217e-07,-1.252122636763772995e-07,-1.215327353011008091e-07,-1.252122636766281271e-07,-1.215327353016490511e-07,5.446794170500609969e-04,-2.086598370234334023e-04,5.446794170500614306e-04,-2.086598370234332396e-04,5.446794170500622980e-04,-2.086598370234336733e-04,5.446794170500622980e-04,-2.086598370234336733e-04,1.327096234298393256e+02,-4.780910671564840442e+01,-1.089813375689499875e+00,-4.222116950474128494e-01,-4.366034320952612443e-04,4.497968676587488050e-04,-4.366034320472568920e-04,4.497968676734357329e-04,-4.366034320924488238e-04,4.497968676586692246e-04,-4.366034320952611901e-04,4.497968676587489677e-04,2.693017164716625111e-01,-2.804015647976118242e+00,2.693017164716627332e-01,-2.804015647976119574e+00,2.693017164716620671e-01,-2.804015647976118242e+00,2.693017164716622336e-01,-2.804015647976118242e+00
7.748611924117537215e+06,-9.839722408582440849e-01,4.080017390329672422e-02,-1.875303830752274046e-05,-2.341873737865496309e-04,-1.194403944821282578e-07,-1.077915300347908517e-07,-1.194403944817610690e-07,-1.077915300261341750e-07,-1.194403944814979594e-07,-1.077915300335988646e-07,-1.194403944821277284e-07,-1.077915300347906399e-07,5.187793610291818389e-04,-2.198942988146920579e-04,5.187793610291818389e-04,-2.198942988146922477e-04,5.187793610291818389e-04,-2.198942988146920579e-04,5.187793610291822725e-04,-2.198942988146923290e-04,1.313545626994092004e+02,-4.747510884321050639e+01,-1.006752046326139016e+00,-3.475277226602175862e-01,-3.762497124706883989e-04,4.168871155386011558e-04,-3.762497124271642411e-04,4.168871155495211859e-04,-3.762497124645945864e-04,4.168871155381475798e-04,-3.762497124706885073e-04,4.168871155386006137e-04,1.919715333891477138e-01,-2.633779686878736648e+00,1.919715333891476861e-01,-2.633779686878736204e+00,1.919715333891477138e-01,-2.633779686878736648e+00,1.919715333891474085e-01,-2.633779686878736204e+00
7.974932929212971590e+06,-9.836183920468735131e-01,4.153544454472196668e-02,-2.801403426481437770e-05,-2.189541760128843801e-04,-1.136366293676624374e-07,-9.536971973328608334e-08,-1.136366293663805060e-07,-9.536971972465693519e-08,-1.136366293662897147e-07,-9.536971973100904702e-08,-1.136366293676628609e-07,-9.536971973328693038e-08,4.935528300833211647e-04,-2.299247091995656675e-04,4.935528300833202974e-04,-2.299247091995658572e-04,4.935528300833211647e-04,-2.299247091995656675e-04,4.935528300833207311e-04,-2.299247091995657488e-04,1.300217525769907638e+02,-4.709526506835307202e+01,-9.283368361156296711e-01,-2.829089257960742954e-01,-3.234445070085037455e-04,3.853746919352904368e-04,-3.234445069654955053e-04,3.853746919426341718e-04,-3.234445069968949218e-04,3.853746919338929544e-04,-3.234445070085037455e-04,3.853746919352902742e-04,1.238724769613416266e-01,-2.473087218400282339e+00,1.238724769613420429e-01,-2.473087218400281895e+00,1.238724769613416266e-01,-2.473087218400282339e+00,1.238724769613416821e-01,-2.473087218400282339e+00
8.207864305023705587e+06,-9.832726797947379804e-01,4.228733382201462637e-02,-3.594441199776054699e-05,-2.042817145739972819e-04,-1.078584177601129038e-07,-8.416355356033940453e-08,-1.078584177594292423e-07,-8.416355355395997588e-08,-1.078584177596365536e-07,-8.416355355964060234e-08,-1.078584177601133802e-07,-8.416355356033982804e-08,4.690231172125786173e-04,-2.388238922348044180e-04,4.690231172125794846e-04,-2.388238922348044180e-04,4.690231172125786173e-04,-2.388238922348044180e-04,4.690231172125799183e-04,-2.388238922348043638e-04,1.287146288481583269e+02,-4.667059269440971292e+01,-8.546170004861901592e-01,-2.272344370124024793e-01,-2.773391298320680926e-04,3.553991829571042770e-04,-2.773391298007814331e-04,3.553991829629944222e-04,-2.773391298285086569e-04,3.553991829565126279e-04,-2.773391298320677673e-04,3.553991829571043312e-04,6.414649956923866581e-02,-2.321573075677912268e+00,6.414649956923866581e-02,-2.321573075677912712e+00,6.414649956923866581e-02,-2.321573075677912268e+00,6.414649956923855478e-02,-2.321573075677912268e+00
8.447599126872003078e+06,-9.829358476374927545e-01,4.305761144651322481e-02,-4.266505503214885369e-05,-1.902091716947914624e-04,-1.021538402602001087e-07,-7.407410308250242040e-08,-1.021538402591636050e-07,-7.407410307666297526e-08,-1.021538402587822284e-07,-7.407410308065482979e-08,-1.021538402602000028e-07,-7.407410308250263216e-08,4.452084153669228200e-04,-2.466647206922069303e-04,4.452084153669228200e-04,-2.466647206922068761e-04,4.452084153669228200e-04,-2.466647206922068761e-04,4.452084153669219526e-04,-2.466647206922066593e-04,1.274366015662889140e+02,-4.620238090733781178e+01,-7.855743566143637002e-01,-1.794762514804773557e-01,-2.371654317237999762e-04,3.270502975658033315e-04,-2.371654316954161055e-04,3.270502975696233552e-04,-2.371654317143815662e-04,3.270502975638037916e-04,-2.371654317238002202e-04,3.270502975658033857e-04,1.199391675257346739e-02,-2.178865908785973193e+00,1.199391675257341187e-02,-2.178865908785973193e+00,1.199391675257346739e-02,-2.178865908785973193e+00,1.199391675257385423e-02,-2.178865908785974526e+00
8.694336109412876889e+06,-9.826085619199612653e-01,4.384819057458669983e-02,-4.829191625987685853e-05,-1.767642713386940979e-04,-9.656249645606187562e-08,-6.500751934461310238e-08,-9.656249645440285571e-08,-6.500751933890198274e-08,-9.656249645530303998e-08,-6.500751934373017641e-08,-9.656249645606198150e-08,-6.500751934461289062e-08,4.221218592252858298e-04,-2.535196237376995208e-04,4.221218592252862635e-04,-2.535196237376994666e-04,4.221218592252858298e-04,-2.535196237376993581e-04,4.221218592252858298e-04,-2.535196237376995208e-04,1.261910328917422675e+02,-4.569219087781265642e+01,-7.211351608144023206e-01,-1.386967453176560783e-01,-2.022304696708876243e-04,3.003763616567220246e-04,-2.022304696432214140e-04,3.003763616583229575e-04,-2.022304696663712446e-04,3.003763616555540136e-04,-2.022304696708875429e-04,3.003763616567219704e-04,-3.332846152615273616e-02,-2.044590298312791710e+00,-3.332846152615268065e-02,-2.044590298312790821e+00,-3.332846152615284718e-02,-2.044590298312791710e+00,-3.332846152615273616e-02,-2.044590298312791710e+00
8.948279771347392350e+06,-9.822913982648692199e-01,4.466112740637949441e-02,-5.293525890992086739e-05,-1.639644909257622859e-04,-9.111636754361376925e-08,-5.687520809930042348e-08,-9.111636754264375771e-08,-5.687520809508198765e-08,-9.111636754290167924e-08,-5.687520809855778735e-08,-9.111636754361379572e-08,-5.687520809930052936e-08,3.997716240136065663e-04,-2.594601105704421110e-04,3.997716240136065663e-04,-2.594601105704421110e-04,3.997716240136070000e-04,-2.594601105704420025e-04,3.997716240136065663e-04,-2.594601105704423278e-04,1.249812150268028859e+02,-4.514185397384429876e+01,-6.611808962037382109e-01,-1.040452679259737667e-01,-1.719111846856142558e-04,2.753918182012538127e-04,-1.719111846655927279e-04,2.753918182029412107e-04,-1.719111846817914131e-04,2.753918182000858559e-04,-1.719111846856143642e-04,2.753918182012537043e-04,-7.250930558847427931e-02,-1.918368831532961005e+00,-7.250930558847430707e-02,-1.918368831532961005e+00,-7.250930558847422380e-02,-1.918368831532960339e+00,-7.250930558847433482e-02,-1.918368831532960561e+00
9.209640604946905747e+06,-9.819848276714009394e-01,4.549861977871796914e-02,-5.669909085073599907e-05,-1.518182725761823713e-04,-8.584064610207405499e-08,-4.959392922113014795e-08,-8.584064610097524150e-08,-4.959392921736445122e-08,-8.584064610127908810e-08,-4.959392922038846472e-08,-8.584064610207408146e-08,-4.959392922113046558e-08,3.781610772347780485e-04,-2.645563169646851769e-04,3.781610772347793496e-04,-2.645563169646850143e-04,3.781610772347784822e-04,-2.645563169646850685e-04,3.781610772347784822e-04,-2.645563169646851227e-04,1.238103484294635450e+02,-4.455346814812572376e+01,-6.055579397373211936e-01,-7.475401036331881521e-02,-1.456491462477666377e-04,2.520838010840616671e-04,-1.456491462300182210e-04,2.520838010847654769e-04,-1.456491462439048180e-04,2.520838010826989876e-04,-1.456491462477667190e-04,2.520838010840616671e-04,-1.061848434869357011e-01,-1.799824113228844391e+00,-1.061848434869358121e-01,-1.799824113228845501e+00,-1.061848434869356733e-01,-1.799824113228844391e+00,-1.061848434869357011e-01,-1.799824113228844613e+00
9.478635250528758392e+06,-9.816892022961707376e-01,4.636300471198690626e-02,-5.968077622099383743e-05,-1.403262085362324153e-04,-8.075452657316139923e-08,-4.308582710606811322e-08,-8.075452657171453460e-08,-4.308582710250401034e-08,-8.075452657266932602e-08,-4.308582710565656109e-08,-8.075452657316129335e-08,-4.308582710606832498e-08,3.572889782683549256e-04,-2.688765807946835924e-04,3.572889782683549256e-04,-2.688765807946835924e-04,3.572889782683549256e-04,-2.688765807946835924e-04,3.572889782683549256e-04,-2.688765807946837550e-04,1.226815204697590787e+02,-4.392939258707910000e+01,-5.540861099913074739e-01,-5.013333815364056506e-02,-1.229454144141104593e-04,2.304178519818903513e-04,-1.229454143972812834e-04,2.304178519813721568e-04,-1.229454144119399679e-04,2.304178519810195472e-04,-1.229454144141104322e-04,2.304178519818902971e-04,-1.349410338696267475e-01,-1.688580685856789332e+00,-1.349410338696267475e-01,-1.688580685856789332e+00,-1.349410338696267475e-01,-1.688580685856789332e+00,-1.349410338696271083e-01,-1.688580685856789110e+00
9.755486676028041169e+06,-9.814047409686028622e-01,4.725675487073259518e-02,-6.197080614432945000e-05,-1.294821801676826305e-04,-7.587195124088251210e-08,-3.727839944835999248e-08,-7.587195123973234724e-08,-3.727839944546695145e-08,-7.587195124056562914e-08,-3.727839944812239974e-08,-7.587195124088292238e-08,-3.727839944836009836e-08,3.371497201995078533e-04,-2.724870514753381743e-04,3.371497201995078533e-04,-2.724870514753382827e-04,3.371497201995074197e-04,-2.724870514753379575e-04,3.371497201995082870e-04,-2.724870514753382827e-04,1.215976846689920023e+02,-4.327224072506643893e+01,-5.065661237380801873e-01,-2.956675983099776514e-02,-1.033555633195038523e-04,2.103428503833442537e-04,-1.033555633060521560e-04,2.103428503828726529e-04,-1.033555633182252391e-04,2.103428503827683527e-04,-1.033555633195038252e-04,2.103428503833441995e-04,-1.593158226554508006e-01,-1.584266836961913061e+00,-1.593158226554507173e-01,-1.584266836961913283e+00,-1.593158226554506895e-01,-1.584266836961913283e+00,-1.593158226554508006e-01,-1.584266836961913061e+00
1.004042436181429029e+07,-9.811315144921659570e-01,4.818247389633673744e-02,-6.365270909751501963e-05,-1.192744344425387032e-04,-7.120230776665916202e-08,-3.210441206851961171e-08,-7.120230776519714345e-08,-3.210441206578036010e-08,-7.120230776549643725e-08,-3.210441206774261780e-08,-7.120230776665914879e-08,-3.210441206851992935e-08,3.177336077521653816e-04,-2.754513372215553293e-04,3.177336077521649479e-04,-2.754513372215557088e-04,3.177336077521645142e-04,-2.754513372215555461e-04,3.177336077521645142e-04,-2.754513372215556546e-04,1.205616406369522622e+02,-4.258487173953449201e+01,-4.627860105081239017e-01,-1.250568271631148642e-02,-8.648490212863814300e-05,1.917952267221076975e-04,-8.648490211577599513e-05,1.917952267206837064e-04,-8.648490212435664217e-05,1.917952267199626577e-04,-8.648490212863818366e-05,1.917952267221077246e-04,-1.798014692296485695e-01,-1.486516275356167816e+00,-1.798014692296484307e-01,-1.486516275356166483e+00,-1.798014692296486250e-01,-1.486516275356167593e+00,-1.798014692296486250e-01,-1.486516275356167593e+00
1.033368449090628698e+07,-9.808694307831444803e-01,4.914289056737043693e-02,-6.480308111570482019e-05,-1.096865861601142140e-04,-6.675107556265494361e-08,-2.750176757422518684e-08,-6.675107556143553380e-08,-2.750176757196583233e-08,-6.675107556204237997e-08,-2.750176757386143913e-08,-6.675107556265512890e-08,-2.750176757422534566e-08,2.990271649844546413e-04,-2.778301928866099110e-04,2.990271649844546413e-04,-2.778301928866099110e-04,2.990271649844546413e-04,-2.778301928866099110e-04,2.990271649844546413e-04,-2.778301928866099110e-04,1.195760147960250919e+02,-4.187038064975884311e+01,-4.225265501377475363e-01,1.535913350435764470e-03,-7.198392217180954119e-05,1.747025275491960819e-04,-7.198392216133052391e-05,1.747025275479203283e-04,-7.198392216974039556e-05,1.747025275480517607e-04,-7.198392217180948698e-05,1.747025275491961090e-04,-1.968469254885727715e-01,-1.394969661424131369e+00,-1.968469254885728270e-01,-1.394969661424131147e+00,-1.968469254885727715e-01,-1.394969661424131369e+00,-1.968469254885727715e-01,-1.394969661424131369e+00
1.063551014474265091e+07,-9.806182199008329770e-01,5.014085173895305864e-02,-6.549171633584205724e-05,-1.006985379768547998e-04,-6.252041946019995308e-08,-2.341333554616387666e-08,-6.252041945933306780e-08,-2.341333554436652568e-08,-6.252041945996132802e-08,-2.341333554603867460e-08,-6.252041946020012514e-08,-2.341333554616366490e-08,2.810134663882722823e-04,-2.796812500468609779e-04,2.810134663882720655e-04,-2.796812500468605985e-04,2.810134663882722823e-04,-2.796812500468609779e-04,2.810134663882722823e-04,-2.796812500468609779e-04,1.186432419542219066e+02,-4.113208714134389510e+01,-3.855658092604241638e-01,1.298677454184649777e-02,-5.954399199430982501e-05,1.589863998263566056e-04,-5.954399198619411096e-05,1.589863998255098437e-04,-5.954399199356951822e-05,1.589863998259073664e-04,-5.954399199430985889e-05,1.589863998263565514e-04,-2.108602495605881588e-01,-1.309275980882576240e+00,-2.108602495605881033e-01,-1.309275980882576018e+00,-2.108602495605881588e-01,-1.309275980882576240e+00,-2.108602495605881588e-01,-1.309275980882576240e+00
1.094615150467047840e+07,-9.803774190266153488e-01,5.117931400743876147e-02,-6.578181924815898940e-05,-9.228731374051065512e-05,-5.850973018266264096e-08,-1.978675165402903944e-08,-5.850973018166304944e-08,-1.978675165239183064e-08,-5.850973018199643631e-08,-1.978675165372426640e-08,-5.850973018266228362e-08,-1.978675165402941002e-08,2.636724851883118421e-04,-2.810587899870791622e-04,2.636724851883129263e-04,-2.810587899870790538e-04,2.636724851883118421e-04,-2.810587899870791622e-04,2.636724851883118421e-04,-2.810587899870789453e-04,1.177655477642337161e+02,-4.037352323373048080e+01,-3.516828593670579539e-01,2.222355434376018998e-02,-4.889331537556234296e-05,1.445650587981509548e-04,-4.889331536806869669e-05,1.445650587968733039e-04,-4.889331537366419634e-05,1.445650587968929550e-04,-4.889331537556237684e-05,1.445650587981510632e-04,-2.222110353494263779e-01,-1.229093755218331863e+00,-2.222110353494267110e-01,-1.229093755218331863e+00,-2.222110353494263779e-01,-1.229093755218331863e+00,-2.222110353494264057e-01,-1.229093755218332085e+00
1.126586605931906030e+07,-9.801463574552312652e-01,5.226133404114082642e-02,-6.573028129704767616e-05,-8.442780352117046827e-05,-5.471611209726330543e-08,-1.657419270473570853e-08,-5.471611209627898697e-08,-1.657419270330692277e-08,-5.471611209659681623e-08,-1.657419270447228129e-08,-5.471611209726359660e-08,-1.657419270473592029e-08,2.469814529515842387e-04,-2.820135593189518428e-04,2.469814529515844555e-04,-2.820135593189519512e-04,2.469814529515848892e-04,-2.820135593189521681e-04,2.469814529515846724e-04,-2.820135593189519512e-04,1.169449320830575942e+02,-3.959841989743911483e+01,-3.206607620722583540e-01,2.957580712612637580e-02,-3.979316139750756508e-05,1.313553007044838473e-04,-3.979316139093982068e-05,1.313553007030925719e-04,-3.979316139575775764e-05,1.313553007032220799e-04,-3.979316139750750409e-05,1.313553007044838202e-04,-2.312328390313495574e-01,-1.154092085752776331e+00,-2.312328390313495574e-01,-1.154092085752776109e+00,-2.312328390313497795e-01,-1.154092085752776109e+00,-2.312328390313497795e-01,-1.154092085752776331e+00
1.159491881803055108e+07,-9.799241416702569873e-01,5.339005751202097888e-02,-6.538800601509939345e-05,-7.709342113354587106e-05,-5.113481954013109887e-08,-1.373213410331267790e-08,-5.113481953927131411e-08,-1.373213410210465010e-08,-5.113481953977236056e-08,-1.373213410319234629e-08,-5.113481954013088049e-08,-1.373213410331257203e-08,2.309152250856059908e-04,-2.825926271458078544e-04,2.309152250856062077e-04,-2.825926271458078544e-04,2.309152250856059908e-04,-2.825926271458080712e-04,2.309152250856064245e-04,-2.825926271458080712e-04,1.161831532275293029e+02,-3.881069271182502689e+01,-2.922889072356411599e-01,3.533074076696458149e-02,-3.203437025586828804e-05,1.192741178751578871e-04,-3.203437025036391558e-05,1.192741178738924198e-04,-3.203437025500024190e-05,1.192741178744788919e-04,-3.203437025586828126e-05,1.192741178751578464e-04,-2.382255841511728700e-01,-1.083951531741781160e+00,-2.382255841511728700e-01,-1.083951531741780938e+00,-2.382255841511727590e-01,-1.083951531741781382e+00,-2.382255841511727867e-01,-1.083951531741780938e+00
1.193358253052451462e+07,-9.797096405867912194e-01,5.456870655826707994e-02,-6.480026858926386996e-05,-7.025667685714056642e-05,-4.775964368350805619e-08,-1.122109559814464288e-08,-4.775964368285018290e-08,-1.122109559714583222e-08,-4.775964368312107463e-08,-1.122109559803693735e-08,-4.775964368350818192e-08,-1.122109559814466935e-08,2.154466473554098071e-04,-2.828392820207163575e-04,2.154466473554095902e-04,-2.828392820207164659e-04,2.154466473554098071e-04,-2.828392820207163575e-04,2.154466473554095902e-04,-2.828392820207162490e-04,1.154817131069809193e+02,-3.801442663544767697e+01,-2.663647872284856666e-01,3.973769048290297368e-02,-2.543413377984421822e-05,1.082399696460382044e-04,-2.543413377542652127e-05,1.082399696450687650e-04,-2.543413377897992274e-05,1.082399696453064357e-04,-2.543413377984419789e-05,1.082399696460381908e-04,-2.434579280794569867e-01,-1.018364826006928681e+00,-2.434579280794568479e-01,-1.018364826006928459e+00,-2.434579280794569867e-01,-1.018364826006928681e+00,-2.434579280794569867e-01,-1.018364826006928681e+00
1.228213791297841445e+07,-9.795014710589542428e-01,5.580056570359746837e-02,-6.400709754420945722e-05,-6.388966952328372186e-05,-4.458325246771527206e-08,-9.005380534750503491e-09,-4.458325246693822521e-08,-9.005380533851192729e-09,-4.458325246732347300e-08,-9.005380534663338507e-09,-4.458325246771527206e-08,-9.005380534750477022e-09,2.005469191765818407e-04,-2.827929664220956959e-04,2.005469191765820575e-04,-2.827929664220956959e-04,2.005469191765818407e-04,-2.827929664220952622e-04,2.005469191765818407e-04,-2.827929664220953706e-04,1.148418432048182751e+02,-3.721385993791721347e+01,-2.426952864930457532e-01,4.301228933494374851e-02,-1.983304566972041090e-05,9.817375822539477974e-05,-1.983304566557484531e-05,9.817375822413431340e-05,-1.983304566891368317e-05,9.817375822465662779e-05,-1.983304566972044478e-05,9.817375822539477974e-05,-2.471695741069803720e-01,-9.570374342675165291e-01,-2.471695741069803165e-01,-9.570374342675163071e-01,-2.471695741069802610e-01,-9.570374342675167512e-01,-2.471695741069802610e-01,-9.570374342675167512e-01
1.264087388071144745e+07,-9.792979837662287856e-01,5.708896615744118302e-02,-6.304366800653672263e-05,-5.796450319585313862e-05,-4.159748652448114783e-08,-7.052813163740799605e-09,-4.159748652385419786e-08,-7.052813162986966751e-09,-4.159748652412349478e-08,-7.052813163680554386e-09,-4.159748652448126694e-08,-7.052813163740773135e-09,1.861859501195365209e-04,-2.824892460824370596e-04,1.861859501195363040e-04,-2.824892460824367344e-04,1.861859501195365209e-04,-2.824892460824370596e-04,1.861859501195365209e-04,-2.824892460824371680e-04,1.142644913783237257e+02,-3.641336731936702620e+01,-2.210975601358459164e-01,4.534032212838430553e-02,-1.509241316381598931e-05,8.899955417707133126e-05,-1.509241316042440671e-05,8.899955417604296550e-05,-1.509241316313553556e-05,8.899955417639918013e-05,-1.509241316381596051e-05,8.899955417707131771e-05,-2.495735152252404609e-01,-8.996879665668426895e-01,-2.495735152252401834e-01,-8.996879665668431336e-01,-2.495735152252404609e-01,-8.996879665668426895e-01,-2.495735152252404609e-01,-8.996879665668428006e-01
1.301008778766460344e+07,-9.790972496126035818e-01,5.843726842084653178e-02,-6.194069773657422649e-05,-5.245363437058760911e-05,-3.879361430338272299e-08,-5.334477870760771856e-09,-3.879361430279746292e-08,-5.334477870113188698e-09,-3.879361430310871445e-08,-5.334477870729272818e-09,-3.879361430338302077e-08,-5.334477870760560098e-09,1.723327067320460163e-04,-2.819598112820675419e-04,1.723327067320457994e-04,-2.819598112820673251e-04,1.723327067320460163e-04,-2.819598112820676503e-04,1.723327067320464499e-04,-2.819598112820677588e-04,1.137503094490463411e+02,-3.561744221870186067e+01,-2.013995690787149795e-01,4.688125872682290946e-02,-1.109181923927968716e-05,8.064511172472017147e-05,-1.109181923634867026e-05,8.064511172373132488e-05,-1.109181923879881978e-05,8.064511172420762845e-05,-1.109181923927964481e-05,8.064511172472010371e-05,-2.508581977068943814e-01,-8.460484509322748758e-01,-2.508581977068942703e-01,-8.460484509322748758e-01,-2.508581977068943814e-01,-8.460484509322746538e-01,-2.508581977068944924e-01,-8.460484509322745428e-01
1.339008567287543416e+07,-9.788970467945026233e-01,5.984884312728695061e-02,-6.072483872828873569e-05,-4.733015601487763489e-05,-3.616254977750233811e-08,-3.824463537886495525e-09,-3.616254977687945787e-08,-3.824463537326897915e-09,-3.616254977724493936e-08,-3.824463537870772476e-09,-3.616254977750223223e-08,-3.824463537886654344e-09,1.589555474548932522e-04,-2.812325071205839903e-04,1.589555474548926017e-04,-2.812325071205838819e-04,1.589555474548932522e-04,-2.812325071205839903e-04,1.589555474548932522e-04,-2.812325071205842072e-04,1.132996415658651443e+02,-3.483067828819640255e+01,-1.834403326386618294e-01,4.777147025045577061e-02,-7.726922469314707214e-06,7.304220968657278894e-05,-7.726922466655533674e-06,7.304220968548467009e-05,-7.726922468897999191e-06,7.304220968609347671e-05,-7.726922469314713990e-06,7.304220968657280249e-05,-2.511895947251793770e-01,-7.958644806973572683e-01,-2.511895947251792660e-01,-7.958644806973572683e-01,-2.511895947251793770e-01,-7.958644806973572683e-01,-2.511895947251793770e-01,-7.958644806973570462e-01
1.378118251415185072e+07,-9.786948487165895161e-01,6.132705005629601747e-02,-5.941905865929105585e-05,-4.256802491287733328e-05,-3.369503617166946099e-08,-2.499615621268076593e-09,-3.369503617119026534e-08,-2.499615620794108719e-09,-3.369503617146532605e-08,-2.499615621266250178e-09,-3.369503617166947423e-08,-2.499615621268129532e-09,1.460225440228184310e-04,-2.803313898098539207e-04,1.460225440228179973e-04,-2.803313898098535955e-04,1.460225440228184310e-04,-2.803313898098539207e-04,1.460225440228184310e-04,-2.803313898098538123e-04,1.129125133392988403e+02,-3.405774999206140308e+01,-1.670699526219568687e-01,4.812713742636104408e-02,-4.907480258067459594e-06,6.612684962082104108e-05,-4.907480255919471284e-06,6.612684961997849402e-05,-4.907480257763082540e-06,6.612684962044292558e-05,-4.907480258067468064e-06,6.612684962082105464e-05,-2.507131824401890308e-01,-7.488952477474560832e-01,-2.507131824401888087e-01,-7.488952477474559721e-01,-2.507131824401890308e-01,-7.488952477474560832e-01,-2.507131824401890308e-01,-7.488952477474560832e-01
1.418370248915520497e+07,-9.784878129598972851e-01,6.287521527111764041e-02,-5.804300780175763921e-05,-3.814223872245253342e-05,-3.138179913517366833e-08,-1.339297952765715896e-09,-3.138179913475077390e-08,-1.339297952359788591e-09,-3.138179913508570926e-08,-1.339297952769540779e-09,-3.138179913517379406e-08,-1.339297952765689426e-09,1.335017883041096057e-04,-2.792768061730155110e-04,1.335017883041096057e-04,-2.792768061730155110e-04,1.335017883041096057e-04,-2.792768061730155110e-04,1.335017883041098225e-04,-2.792768061730156195e-04,1.125886217670310714e+02,-3.330339226799339514e+01,-1.521494563389446386e-01,4.804686468592274384e-02,-2.555580285311861113e-06,5.983933874741298095e-05,-2.555580283485098190e-06,5.983933874665775960e-05,-2.555580285190878550e-06,5.983933874725045227e-05,-2.555580285311851372e-06,5.983933874741297418e-05,-2.495558131166108473e-01,-7.049134743763419975e-01,-2.495558131166108473e-01,-7.049134743763419975e-01,-2.495558131166108473e-01,-7.049134743763419975e-01,-2.495558131166108473e-01,-7.049134743763421085e-01
1.459797924410906807e+07,-9.782727715301013927e-01,6.449660635092435701e-02,-5.661336817196101879e-05,-3.402896893399697437e-05,-2.921367268504590394e-08,-3.251657491577220123e-10,-2.921367268470858630e-08,-3.251657488059254066e-10,-2.921367268494887234e-08,-3.251657491671717237e-10,-2.921367268504590724e-08,-3.251657491578014217e-10,1.213616840130611363e-04,-2.780854937602603985e-04,1.213616840130607026e-04,-2.780854937602606153e-04,1.213616840130611363e-04,-2.780854937602605069e-04,1.213616840130609195e-04,-2.780854937602605069e-04,1.123273259985459873e+02,-3.257237918101827745e+01,-1.385504995470783207e-01,4.761401666349680817e-02,-6.040645413914152804e-07,5.412428145831983179e-05,-6.040645398812644851e-07,5.412428145770979866e-05,-6.040645412689681976e-07,5.412428145814168382e-05,-6.040645413914069160e-07,5.412428145831984534e-05,-2.478274818637574428e-01,-6.637052564875058902e-01,-2.478274818637572763e-01,-6.637052564875057792e-01,-2.478274818637574151e-01,-6.637052564875058902e-01,-2.478274818637574151e-01,-6.637052564875058902e-01
1.502435617035645247e+07,-9.780462226390135294e-01,6.619440571243860594e-02,-5.514418270325157484e-05,-3.020565558800926035e-05,-2.718170109455630171e-08,5.590491492258484743e-10,-2.718170109415562866e-08,5.590491495147925885e-10,-2.718170109449259226e-08,5.590491492162796490e-10,-2.718170109455639767e-08,5.590491492258617092e-10,1.095712231192714565e-04,-2.767706992980170297e-04,1.095712231192716733e-04,-2.767706992980169213e-04,1.095712231192714565e-04,-2.767706992980170297e-04,1.095712231192716733e-04,-2.767706992980168128e-04,1.121276390168880397e+02,-3.186950149028951884e+01,-1.261549643380886210e-01,4.689879574413555186e-02,1.004869735154699043e-06,4.893049977392341848e-05,1.004869736563312081e-06,4.893049977318851914e-05,1.004869735228470742e-06,4.893049977380683964e-05,1.004869735154728265e-06,4.893049977392339815e-05,-2.456229854796374845e-01,-6.250698305996289506e-01,-2.456229854796373735e-01,-6.250698305996287285e-01,-2.456229854796374845e-01,-6.250698305996289506e-01,-2.456229854796375400e-01,-6.250698305996288395e-01
1.546318668899468146e+07,-9.778043242922725975e-01,6.797168204709262695e-02,-5.364716307477469543e-05,-2.665106919294738829e-05,-2.527721970918142109e-08,1.327740190723834762e-09,-2.527721970890968233e-08,1.327740190986295862e-09,-2.527721970914331453e-08,1.327740190716118821e-09,-2.527721970918126558e-08,1.327740190723927406e-09,9.810024706711699502e-05,-2.753423135337906532e-04,9.810024706711699502e-05,-2.753423135337905447e-04,9.810024706711699502e-05,-2.753423135337906532e-04,9.810024706711699502e-05,-2.753423135337906532e-04,1.119882203506120675e+02,-3.119954305388208127e+01,-1.148544814776576301e-01,4.596008041375107545e-02,2.320907665344095536e-06,4.421089996759939108e-05,2.320907666455739459e-06,4.421089996709387504e-05,2.320907665384266074e-06,4.421089996753021221e-05,2.320907665344082407e-06,4.421089996759940463e-05,-2.430234735614284491e-01,-5.888192765602007217e-01,-2.430234735614285324e-01,-5.888192765602008327e-01,-2.430234735614284491e-01,-5.888192765602007217e-01,-2.430234735614284491e-01,-5.888192765602007217e-01
1.591483454382387921e+07,-9.775428899753395573e-01,6.983135993626808646e-02,-5.213197552739729212e-05,-2.334534482095451918e-05,-2.349191744387482072e-08,1.993614892184211118e-09,-2.349191744353593806e-08,1.993614892386281415e-09,-2.349191744367643634e-08,1.993614892132184766e-09,-2.349191744387470491e-08,1.993614892184211118e-09,8.691969311863504983e-05,-2.738070209145471016e-04,8.691969311863461615e-05,-2.738070209145471016e-04,8.691969311863504983e-05,-2.738070209145467763e-04,8.691969311863504983e-05,-2.738070209145469932e-04,1.119073699636568193e+02,-3.056725600421187750e+01,-1.045499017329964697e-01,4.484704455636794734e-02,3.386707847375214733e-06,3.992229975631499984e-05,3.386707848421534203e-06,3.992229975568289642e-05,3.386707847566519241e-06,3.992229975595444841e-05,3.386707847375220238e-06,3.992229975631501340e-05,-2.400978934910851792e-01,-5.547781671118052760e-01,-2.400978934910849016e-01,-5.547781671118049429e-01,-2.400978934910851237e-01,-5.547781671118051650e-01,-2.400978934910849849e-01,-5.547781671118050539e-01
1.637967410285186209e+07,-9.772573867416682880e-01,7.177618774993768658e-02,-5.060650456188135369e-05,-2.026999286348426054e-05,-2.181788347220346387e-08,2.567870482837372410e-09,-2.181788347189348951e-08,2.567870483004780531e-09,-2.181788347215701933e-08,2.567870482822443454e-09,-2.181788347220341093e-08,2.567870482837332705e-09,7.600182620493850939e-05,-2.721684629224784403e-04,7.600182620493850939e-05,-2.721684629224786572e-04,7.600182620493850939e-05,-2.721684629224783319e-04,7.600182620493872623e-05,-2.721684629224784403e-04,1.118830235066447187e+02,-2.997733464716754881e+01,-9.515073629269236999e-02,4.360057768472201667e-02,4.238861277518959525e-06,3.602522795726595303e-05,4.238861278418801588e-06,3.602522795668375001e-05,4.238861277559588307e-06,3.602522795718168341e-05,4.238861277518951054e-06,3.602522795726594625e-05,-2.369043321614557329e-01,-5.227831745034861033e-01,-2.369043321614557884e-01,-5.227831745034859923e-01,-2.369043321614557329e-01,-5.227831745034861033e-01,-2.369043321614557329e-01,-5.227831745034859923e-01
1.685809066860538349e+07,-9.769429360147896535e-01,7.380870398111370745e-02,-4.907709485169673948e-05,-1.740789043309978995e-05,-2.024764036667936655e-08,3.060356627663341792e-09,-2.024764036641276623e-08,3.060356627806966816e-09,-2.024764036660603864e-08,3.060356627635237503e-09,-2.024764036667935993e-08,3.060356627663328557e-09,6.532045667158652375e-05,-2.704274142563894501e-04,6.532045667158609006e-05,-2.704274142563894501e-04,6.532045667158674059e-05,-2.704274142563895585e-04,6.532045667158652375e-05,-2.704274142563894501e-04,1.119127491454519117e+02,-2.943438806345637815e+01,-8.657458249958223384e-02,4.225452549593193552e-02,4.908731553256082318e-06,3.248370632325723429e-05,4.908731554016248648e-06,3.248370632275194187e-05,4.908731553314104922e-06,3.248370632312391808e-05,4.908731553256092482e-06,3.248370632325722074e-05,-2.334912582644147194e-01,-4.926826432986295967e-01,-2.334912582644146084e-01,-4.926826432986293747e-01,-2.334912582644147194e-01,-4.926826432986294857e-01,-2.334912582644147194e-01,-4.926826432986295967e-01
1.735048079750492424e+07,-9.765943174148647987e-01,7.593120222012048059e-02,-4.754877203116671748e-05,-1.474325691092764731e-05,-1.877416569404170367e-08,3.479725612455090695e-09,-1.877416569382622312e-08,3.479725612585553621e-09,-1.877416569398286466e-08,3.479725612428680472e-09,-1.877416569404175330e-08,3.479725612455011285e-09,5.485114420746671498e-05,-2.685819713786133920e-04,5.485114420746606446e-05,-2.685819713786131752e-04,5.485114420746628130e-05,-2.685819713786132836e-04,5.485114420746628130e-05,-2.685819713786132836e-04,1.119937462119540044e+02,-2.894291142714392251e+01,-7.874654775320111266e-02,4.083676924340435416e-02,5.423188940052477210e-06,2.926502136756658909e-05,5.423188940685861342e-06,2.926502136715317603e-05,5.423188940094190194e-06,2.926502136745944959e-05,5.423188940052485680e-06,2.926502136756661281e-05,-2.298986696882927283e-01,-4.643361374164552968e-01,-2.298986696882927006e-01,-4.643361374164552968e-01,-2.298986696882926728e-01,-4.643361374164552968e-01,-2.298986696882926728e-01,-4.643361374164553523e-01
1.785725262856775895e+07,-9.762059759096534117e-01,7.814569502713505922e-02,-4.602544325451733324e-05,-1.226161666881224653e-05,-1.739090382523532747e-08,3.833570495282592463e-09,-1.739090382503560306e-08,3.833570495390006829e-09,-1.739090382516962948e-08,3.833570495248730998e-09,-1.739090382523538041e-08,3.833570495282599081e-09,4.457138803425091431e-05,-2.666277532346120736e-04,4.457138803425069747e-05,-2.666277532346119652e-04,4.457138803425091431e-05,-2.666277532346120736e-04,4.457138803425091431e-05,-2.666277532346123988e-04,1.121228459450045563e+02,-2.850725610191594228e+01,-7.159868155749962715e-02,3.937016131359861310e-02,5.805249932100742914e-06,2.633949236856995008e-05,5.805249932647229936e-06,2.633949236818484824e-05,5.805249932141984101e-06,2.633949236845013558e-05,5.805249932100739525e-06,2.633949236856994669e-05,-2.261591511246698050e-01,-4.376139682767211658e-01,-2.261591511246696939e-01,-4.376139682767210548e-01,-2.261591511246698050e-01,-4.376139682767211658e-01,-2.261591511246698882e-01,-4.376139682767212213e-01
1.837882622171177343e+07,-9.757720325725763866e-01,8.045387701646318501e-02,-4.451007857125064679e-05,-9.949751569464555201e-06,-1.609176948684173400e-08,4.128551802434322575e-09,-1.609176948666708309e-08,4.128551802527264589e-09,-1.609176948679041902e-08,4.128551802404100704e-09,-1.609176948684178032e-08,4.128551802434302723e-09,3.446080322202610776e-05,-2.645581141591886367e-04,3.446080322202589092e-05,-2.645581141591885283e-04,3.446080322202632460e-05,-2.645581141591886367e-04,3.446080322202567408e-05,-2.645581141591888535e-04,1.122965146037238213e+02,-2.813159862358288521e+01,-6.506942326954893996e-02,3.787333313901780629e-02,6.074632959691536393e-06,2.368024037072166910e-05,6.074632960156742981e-06,2.368024037038196145e-05,6.074632959719828141e-06,2.368024037062742482e-05,6.074632959691538934e-06,2.368024037072168265e-05,-2.222988471929820964e-01,-4.123967098281342558e-01,-2.222988471929819854e-01,-4.123967098281341448e-01,-2.222988471929820409e-01,-4.123967098281340893e-01,-2.222988471929819854e-01,-4.123967098281340338e-01
1.891563390594043583e+07,-9.752862991991384511e-01,8.285708752119640141e-02,-4.300487424963507797e-05,-7.795645446411362669e-06,-1.487114436585150707e-08,4.370513391589042538e-09,-1.487114436567795796e-08,4.370513391656123576e-09,-1.487114436582255574e-08,4.370513391569746068e-09,-1.487114436585151037e-08,4.370513391589035920e-09,2.450128265791135708e-05,-2.623643691234937717e-04,2.450128265791179076e-05,-2.623643691234938801e-04,2.450128265791157392e-05,-2.623643691234938801e-04,2.450128265791135708e-05,-2.623643691234937717e-04,1.125108592410651482e+02,-2.781990873682090992e+01,-5.910307107891624862e-02,3.636139027702190579e-02,6.248239935182082729e-06,2.126296185240305773e-05,6.248239935588085949e-06,2.126296185206522711e-05,6.248239935195764852e-06,2.126296185234968449e-05,6.248239935182076800e-06,2.126296185240306790e-05,-2.183383565308945062e-01,-3.885747051364838445e-01,-2.183383565308945617e-01,-3.885747051364839000e-01,-2.183383565308945617e-01,-3.885747051364837890e-01,-2.183383565308945062e-01,-3.885747051364838445e-01
1.946812063769752532e+07,-9.747422969942424187e-01,8.535627325874141358e-02,-4.151139920890127018e-05,-5.788422417194481127e-06,-1.372386788513324853e-08,4.564588112912478855e-09,-1.372386788499502004e-08,4.564588112980115759e-09,-1.372386788510273880e-08,4.564588112889496469e-09,-1.372386788513322206e-08,4.564588112912465620e-09,1.467714388119085673e-05,-2.600360315183419748e-04,1.467714388119085673e-05,-2.600360315183419748e-04,1.467714388119074831e-05,-2.600360315183418663e-04,1.467714388119063989e-05,-2.600360315183419748e-04,1.127616364190872247e+02,-2.757591671242668241e+01,-5.364927609288256544e-02,3.484650814707356686e-02,6.340572388634183002e-06,1.906570978533270996e-05,6.340572388973508636e-06,1.906570978506029061e-05,6.340572388646301503e-06,1.906570978527580968e-05,6.340572388634179614e-06,1.906570978533270996e-05,-2.142935521568503920e-01,-3.660475682391063357e-01,-2.142935521568503920e-01,-3.660475682391063357e-01,-2.142935521568504476e-01,-3.660475682391064467e-01,-2.142935521568503920e-01,-3.660475682391063357e-01
2.003674436968868226e+07,-9.741332794907989756e-01,8.795195146520040641e-02,-4.003072570827154007e-05,-3.918280571433183837e-06,-1.264522309770060835e-08,4.715293887542804485e-09,-1.264522309757518130e-08,4.715293887598678881e-09,-1.264522309768505073e-08,4.715293887529589447e-09,-1.264522309770060835e-08,4.715293887542834263e-09,4.975259627992857094e-06,-2.575610636185804653e-04,4.975259627993073935e-06,-2.575610636185804653e-04,4.975259627992857094e-06,-2.575610636185804653e-04,4.975259627993073088e-06,-2.575610636185804653e-04,1.130442641295456525e+02,-2.740308023542923266e+01,-4.866256405872598778e-02,3.333844061555961413e-02,6.364090051201017216e-06,1.706868404531787303e-05,6.364090051491322513e-06,1.706868404506971609e-05,6.364090051206034193e-06,1.706868404528829464e-05,6.364090051201015522e-06,1.706868404531786964e-05,-2.101763331862686046e-01,-3.447236840711319639e-01,-2.101763331862686046e-01,-3.447236840711319084e-01,-2.101763331862686046e-01,-3.447236840711319639e-01,-2.101763331862686324e-01,-3.447236840711320749e-01
2.062197643047545105e+07,-9.734522598021868589e-01,9.064417400639547540e-02,-3.856354539610348635e-05,-2.176422313393557741e-06,-1.163091850107650663e-08,4.826620788619701113e-09,-1.163091850094959562e-08,4.826620788652599741e-09,-1.163091850106147841e-08,4.826620788605321406e-09,-1.163091850107656619e-08,4.826620788619711040e-09,-4.614829404869024245e-06,-2.549261397244163277e-04,-4.614829404868807405e-06,-2.549261397244163277e-04,-4.614829404869024245e-06,-2.549261397244163277e-04,-4.614829404869024245e-06,-2.549261397244163277e-04,1.133538371515510477e+02,-2.730455121198668778e+01,-4.410188618982161662e-02,3.184495235779712108e-02,6.329518904187561142e-06,1.525403251825191902e-05,6.329518904438737751e-06,1.525403251800010629e-05,6.329518904191242348e-06,1.525403251822284038e-05,6.329518904187559448e-06,1.525403251825190886e-05,-2.059953125903112858e-01,-3.245197085209936549e-01,-2.059953125903112858e-01,-3.245197085209935994e-01,-2.059953125903112858e-01,-3.245197085209936549e-01,-2.059953125903112303e-01,-3.245197085209935439e-01
2.122430191515651718e+07,-9.726920422407746569e-01,9.343249300467253160e-02,-3.711027175517635435e-05,-5.549824174150603750e-07,-1.067706645352173048e-08,4.902109666130510843e-09,-1.067706645341514330e-08,4.902109666163323443e-09,-1.067706645349781173e-08,4.902109666104725969e-09,-1.067706645352176026e-08,4.902109666130537313e-09,-1.410082138727945854e-05,-2.521169217263618308e-04,-1.410082138727967538e-05,-2.521169217263618308e-04,-1.410082138727945854e-05,-2.521169217263618308e-04,-1.410082138727945854e-05,-2.521169217263618308e-04,1.136851460343604856e+02,-2.728314290220001581e+01,-3.993019972948187724e-02,3.037218474196364329e-02,6.246114935810917024e-06,1.360566376434531614e-05,6.246114936022748105e-06,1.360566376413232463e-05,6.246114935814866738e-06,1.360566376429791957e-05,6.246114935810914482e-06,1.360566376434530767e-05,-2.017564452191419611e-01,-3.053600700488756647e-01,-2.017564452191419055e-01,-3.053600700488756647e-01,-2.017564452191419611e-01,-3.053600700488756647e-01,-2.017564452191419611e-01,-3.053600700488756647e-01
2.184422008745990694e+07,-9.718452582577581378e-01,9.631592854070886167e-02,-3.567112989941029753e-05,9.530453269373160846e-07,-9.780158777604055028e-09,4.944922804714225545e-09,-9.780158777517244077e-09,4.944922804750863028e-09,-9.780158777584880981e-09,4.944922804690859347e-09,-9.780158777604048410e-09,4.944922804714205692e-09,-2.348758186611705009e-05,-2.491183464989129453e-04,-2.348758186611705009e-05,-2.491183464989127285e-04,-2.348758186611705009e-05,-2.491183464989129453e-04,-2.348758186611705009e-05,-2.491183464989129453e-04,1.140326998367645217e+02,-2.734129783775813038e+01,-3.611407824969081748e-02,2.892496388179343486e-02,6.121889140094769208e-06,1.210907172997984779e-05,6.121889140273734564e-06,1.210907172980553518e-05,6.121889140096317584e-06,1.210907172994071317e-05,6.121889140094770902e-06,1.210907172997985118e-05,-1.974635997959384992e-01,-2.871764738172873366e-01,-1.974635997959385270e-01,-2.871764738172873366e-01,-1.974635997959384992e-01,-2.871764738172873366e-01,-1.974635997959384992e-01,-2.871764738172873366e-01
2.248224479357949272e+07,-9.709044065830857440e-01,9.929293899658536704e-02,-3.424623459125718358e-05,2.353882141793096790e-06,-8.937040064992600212e-09,4.957907046573455376e-09,-8.937040064913194182e-09,4.957907046602423241e-09,-8.937040064985109265e-09,4.957907046563195027e-09,-8.937040064992573742e-09,4.957907046573471919e-09,-3.277709623064411441e-05,-2.459149241111529063e-04,-3.277709623064433125e-05,-2.459149241111527979e-04,-3.277709623064411441e-05,-2.459149241111529063e-04,-3.277709623064422283e-05,-2.459149241111529063e-04,1.143907526857233989e+02,-2.748105701943720192e+01,-3.262335121241851515e-02,2.750705849559409444e-02,5.963798651389784078e-06,1.075117271496547229e-05,5.963798651541826492e-06,1.075117271480558296e-05,5.963798651389711233e-06,1.075117271494971239e-05,5.963798651389778996e-06,1.075117271496547567e-05,-1.931190780064022117e-01,-2.699074089745910343e-01,-1.931190780064023504e-01,-2.699074089745912008e-01,-1.931190780064022117e-01,-2.699074089745910343e-01,-1.931190780064022117e-01,-2.699074089745910898e-01
2.313890488809880987e+07,-9.698618973581932812e-01,1.023613946007427833e-01,-3.283565726230775069e-05,3.653038330931738707e-06,-8.144879145987604763e-09,4.943649759712787330e-09,-8.144879145908380713e-09,4.943649759724266943e-09,-8.144879145975527926e-09,4.943649759693810153e-09,-8.144879145987576639e-09,4.943649759712815455e-09,-4.196844852660473453e-05,-2.424910453488857587e-04,-4.196844852660473453e-05,-2.424910453488854335e-04,-4.196844852660473453e-05,-2.424910453488853250e-04,-4.196844852660462611e-05,-2.424910453488853250e-04,1.147533341400589109e+02,-2.770403092275708090e+01,-2.943077198020391597e-02,2.612139430057511258e-02,5.777908339174863233e-06,9.520154594282393334e-06,5.777908339302749961e-06,9.520154594120938690e-06,5.777908339173542708e-06,9.520154594255630481e-06,5.777908339174864927e-06,9.520154594282391640e-06,-1.887240832583676753e-01,-2.534976595431058244e-01,-1.887240832583677863e-01,-2.534976595431059354e-01,-1.887240832583677308e-01,-2.534976595431058799e-01,-1.887240832583677586e-01,-2.534976595431059354e-01
2.381474467235521227e+07,-9.687100999730109407e-01,1.055185547150792880e-01,-3.143948273927895889e-05,4.855386841554467071e-06,-7.401139155850375588e-09,4.904527983641282471e-09,-7.401139155782022345e-09,4.904527983652972187e-09,-7.401139155846688016e-09,4.904527983634532677e-09,-7.401139155850355735e-09,4.904527983641252692e-09,-5.105782902063636902e-05,-2.388312965040488296e-04,-5.105782902063636902e-05,-2.388312965040488296e-04,-5.105782902063658586e-05,-2.388312965040491548e-04,-5.105782902063636902e-05,-2.388312965040488296e-04,1.151142832599794872e+02,-2.801137285370536389e+01,-2.651171322928127030e-02,2.477023085794845952e-02,5.569526684136711560e-06,8.405338141476851588e-06,5.569526684244430434e-06,8.405338141337097927e-06,5.569526684135875538e-06,8.405338141468088185e-06,5.569526684136704784e-06,8.405338141476853282e-06,-1.842791411560733561e-01,-2.378978193216086112e-01,-1.842791411560733561e-01,-2.378978193216086390e-01,-1.842791411560733006e-01,-2.378978193216085557e-01,-1.842791411560733561e-01,-2.378978193216086112e-01
2.451032434560777247e+07,-9.674413942396191679e-01,1.087610493703541903e-01,-3.005785630678994158e-05,5.965235819081070892e-06,-6.703546615023642469e-09,4.842751046404050637e-09,-6.703546614965327890e-09,4.842751046418289724e-09,-6.703546615014414442e-09,4.842751046384510976e-09,-6.703546615023642469e-09,4.842751046404050637e-09,-6.003857280437462806e-05,-2.349207788186855755e-04,-6.003857280437473648e-05,-2.349207788186854671e-04,-6.003857280437473648e-05,-2.349207788186852503e-04,-6.003857280437484490e-05,-2.349207788186854671e-04,1.154672861942106579e+02,-2.840375519575486862e+01,-2.384388856792925976e-02,2.345530606302764776e-02,5.343319315760652549e-06,7.397050193736645004e-06,5.343319315851812776e-06,7.397050193618241657e-06,5.343319315757340650e-06,7.397050193713272824e-06,5.343319315760656784e-06,7.397050193736645851e-06,-1.797844732533382950e-01,-2.230638112964256070e-01,-1.797844732533382672e-01,-2.230638112964256070e-01,-1.797844732533382672e-01,-2.230638112964256625e-01,-1.797844732533382672e-01,-2.230638112964256625e-01
2.522622046938284487e+07,-9.660482244631335425e-01,1.120848655088742124e-01,-2.869102168091447637e-05,6.986399688194907646e-06,-6.050059937342253631e-09,4.760396919329159575e-09,-6.050059937288582844e-09,4.760396919336667067e-09,-6.050059937336468329e-09,4.760396919314530059e-09,-6.050059937342227161e-09,4.760396919329162884e-09,-6.890123148516786331e-05,-2.307454294020319717e-04,-6.890123148516764647e-05,-2.307454294020320801e-04,-6.890123148516786331e-05,-2.307454294020318633e-04,-6.890123148516786331e-05,-2.307454294020319717e-04,1.158059170064759797e+02,-2.888134907076045010e+01,-2.140709907506798196e-02,2.217795284087512725e-02,5.103403208645443250e-06,6.486508322489795929e-06,5.103403208720979107e-06,6.486508322379556285e-06,5.103403208642382073e-06,6.486508322473643858e-06,5.103403208645444097e-06,6.486508322489795082e-06,-1.752403252444084125e-01,-2.089564122500310872e-01,-1.752403252444083570e-01,-2.089564122500310039e-01,-1.752403252444084403e-01,-2.089564122500310872e-01,-1.752403252444083848e-01,-2.089564122500311150e-01
2.596302644538221136e+07,-9.645231559036185898e-01,1.154853383345660484e-01,-2.733935042383627031e-05,7.922268313859049044e-06,-5.438837785398101106e-09,4.659442563380521748e-09,-5.438837785349747436e-09,4.659442563384141490e-09,-5.438837785390186642e-09,4.659442563355990880e-09,-5.438837785398115995e-09,4.659442563380520093e-09,-7.763367966398663806e-05,-2.262923398833821618e-04,-7.763367966398663806e-05,-2.262923398833821618e-04,-7.763367966398663806e-05,-2.262923398833818365e-04,-7.763367966398652964e-05,-2.262923398833821618e-04,1.161236813757871005e+02,-2.944380790468162701e+01,-1.918300342946757317e-02,2.093919205740501707e-02,4.853424204740161221e-06,5.665716619303724056e-06,4.853424204802507081e-06,5.665716619203491259e-06,4.853424204734177780e-06,5.665716619278698468e-06,4.853424204740157833e-06,5.665716619303725750e-06,-1.706472504637876475e-01,-1.955407835150969609e-01,-1.706472504637876475e-01,-1.955407835150969609e-01,-1.706472504637875920e-01,-1.955407835150969609e-01,-1.706472504637876475e-01,-1.955407835150969609e-01
2.672135300734994560e+07,-9.628589330723796857e-01,1.189571481020460092e-01,-2.600336330340990328e-05,8.775873802733369339e-06,-4.868207702149749122e-09,4.541788520996552783e-09,-4.868207702109040255e-09,4.541788521007519544e-09,-4.868207702146076440e-09,4.541788520981866191e-09,-4.868207702149764011e-09,4.541788520996552783e-09,-8.622125739822273120e-05,-2.215500685692462738e-04,-8.622125739822273120e-05,-2.215500685692461654e-04,-8.622125739822273120e-05,-2.215500685692462738e-04,-8.622125739822283962e-05,-2.215500685692463822e-04,1.164140627233654044e+02,-3.009025533514649453e+01,-1.715491029035465589e-02,1.973980517508843249e-02,4.596620242677128845e-06,4.927372167226739684e-06,4.596620242731039104e-06,4.927372167145919188e-06,4.596620242673107980e-06,4.927372167212894084e-06,4.596620242677125457e-06,4.927372167226742225e-06,-1.660063493607251139e-01,-1.827860091652134533e-01,-1.660063493607250307e-01,-1.827860091652133978e-01,-1.660063493607251139e-01,-1.827860091652134533e-01,-1.660063493607250584e-01,-1.827860091652134256e-01
2.750182872730569914e+07,-9.610485392600367494e-01,1.224943226004536617e-01,-2.468374408890094864e-05,9.549954510684010011e-06,-4.336635456774408859e-09,4.409278022638432117e-09,-4.336635456736496690e-09,4.409278022640193185e-09,-4.336635456771555913e-09,4.409278022622728920e-09,-4.336635456774422094e-09,4.409278022638445352e-09,-9.464694925160422939e-05,-2.165089414411741988e-04,-9.464694925160422939e-05,-2.165089414411741988e-04,-9.464694925160412097e-05,-2.165089414411741988e-04,-9.464694925160412097e-05,-2.165089414411741988e-04,1.166705702470343056e+02,-3.081927783727421399e+01,-1.530759159825059897e-02,1.858038976823021826e-02,4.335872429417456909e-06,4.264781734674966079e-06,4.335872429459977963e-06,4.264781734596486783e-06,4.335872429412736395e-06,4.264781734661222970e-06,4.335872429417457756e-06,4.264781734674963538e-06,-1.613194655476277717e-01,-1.706646432866026908e-01,-1.613194655476277717e-01,-1.706646432866026908e-01,-1.613194655476277717e-01,-1.706646432866026908e-01,-1.613194655476277717e-01,-1.706646432866026353e-01
2.830510053656399995e+07,-9.590852566712365634e-01,1.260902455078262152e-01,-2.338134627797095993e-05,1.024701582517813655e-05,-3.842695548463305842e-09,4.263710904541193264e-09,-3.842695548429833151e-09,4.263710904544002369e-09,-3.842695548461285867e-09,4.263710904523944066e-09,-3.842695548463265310e-09,4.263710904541206499e-09,-1.028915998211318926e-04,-2.111613370140278973e-04,-1.028915998211317841e-04,-2.111613370140278973e-04,-1.028915998211317841e-04,-2.111613370140281141e-04,-1.028915998211318926e-04,-2.111613370140281141e-04,1.168867882839010406e+02,-3.162892236053005135e+01,-1.362711548634994857e-02,1.746140065372914219e-02,4.073745874384778085e-06,3.671788199781617238e-06,4.073745874420152722e-06,3.671788199713650891e-06,4.073745874379191902e-06,3.671788199767628066e-06,4.073745874384775544e-06,3.671788199781619356e-06,-1.565893390671785623e-01,-1.591522683441900787e-01,-1.565893390671784791e-01,-1.591522683441900232e-01,-1.565893390671785901e-01,-1.591522683441900787e-01,-1.565893390671785346e-01,-1.591522683441900510e-01
2.913183426197147742e+07,-9.569627265205152833e-01,1.297376707098244486e-01,-2.209719326483796300e-05,1.086938729862248784e-05,-3.385043309206936232e-09,4.106852673594816764e-09,-3.385043309177266918e-09,4.106852673599406789e-09,-3.385043309207009024e-09,4.106852673595954137e-09,-3.385043309206949467e-09,4.106852673594815937e-09,-1.109341648390274159e-04,-2.055019498672658123e-04,-1.109341648390272533e-04,-2.055019498672657039e-04,-1.109341648390274159e-04,-2.055019498672658123e-04,-1.109341648390275786e-04,-2.055019498672657039e-04,1.170564263769299913e+02,-3.251669918722748776e+01,-1.210069751885796061e-02,1.638317908107676107e-02,3.812522017345759756e-06,3.142706183704210996e-06,3.812522017375467319e-06,3.142706183646020679e-06,3.812522017346165485e-06,3.142706183705092334e-06,3.812522017345760603e-06,3.142706183704210149e-06,-1.518197176844480745e-01,-1.482270669925984663e-01,-1.518197176844480745e-01,-1.482270669925984941e-01,-1.518197176844480745e-01,-1.482270669925984663e-01,-1.518197176844480467e-01,-1.482270669925985218e-01
2.998271517780646309e+07,-9.546750084469485254e-01,1.334287425964046925e-01,-2.083247248604403677e-05,1.141927572283892928e-05,-2.962389033638242838e-09,3.940439101853119713e-09,-2.962389033611664698e-09,3.940439101853894781e-09,-2.962389033638313149e-09,3.940439101849652172e-09,-2.962389033638243666e-09,3.940439101853118886e-09,-1.187519960969914861e-04,-1.995280276069671998e-04,-1.187519960969917029e-04,-1.995280276069669829e-04,-1.187519960969914861e-04,-1.995280276069671998e-04,-1.187519960969914319e-04,-1.995280276069669829e-04,1.171733693919773742e+02,-3.347959012410859714e+01,-1.071656899996932706e-02,1.534597215315850437e-02,3.554224011014198982e-06,2.672266340472809236e-06,3.554224011037270466e-06,2.672266340419272518e-06,3.554224011012936903e-06,2.672266340470380369e-06,3.554224011014197712e-06,2.672266340472808389e-06,-1.470154272837615739e-01,-1.378694099699803721e-01,-1.470154272837615184e-01,-1.378694099699803721e-01,-1.470154272837615739e-01,-1.378694099699803721e-01,-1.470154272837615461e-01,-1.378694099699803166e-01
3.085844857379842922e+07,-9.522166386115056280e-01,1.371550222729391866e-01,-1.958852411352267890e-05,1.189881375689963691e-05,-2.573474537993823315e-09,3.766176785479519873e-09,-2.573474537969812744e-09,3.766176785483252112e-09,-2.573474537994312179e-09,3.766176785473792475e-09,-2.573474537993819180e-09,3.766176785479533108e-09,-1.263211575449404035e-04,-1.932395761127973582e-04,-1.263211575449404035e-04,-1.932395761127973582e-04,-1.263211575449403492e-04,-1.932395761127970329e-04,-1.263211575449404035e-04,-1.932395761127972498e-04,1.172317270198399939e+02,-3.451406204452099047e+01,-9.463861123595792083e-03,1.434994440767751490e-02,3.300636563161856952e-06,2.255567718965953462e-06,3.300636563181607643e-06,2.255567718921002271e-06,3.300636563159680501e-06,2.255567718962226941e-06,3.300636563161856952e-06,2.255567718965953886e-06,-1.421824028031571652e-01,-1.280614629315540154e-01,-1.421824028031571652e-01,-1.280614629315540154e-01,-1.421824028031571652e-01,-1.280614629315539876e-01,-1.421824028031571929e-01,-1.280614629315540154e-01
3.175976033973813429e+07,-9.495826858647737900e-01,1.409075195517015544e-01,-1.836682490212038961e-05,1.231010375526155303e-05,-2.217052509874815442e-09,3.585740155746052014e-09,-2.217052509854127655e-09,3.585740155743163086e-09,-2.217052509876117424e-09,3.585740155737850932e-09,-2.217052509874813788e-09,3.585740155746065663e-09,-1.336167690357361638e-04,-1.866395281840070022e-04,-1.336167690357361638e-04,-1.866395281840068938e-04,-1.336167690357361638e-04,-1.866395281840070022e-04,-1.336167690357361096e-04,-1.866395281840070022e-04,1.172258820031733251e+02,-3.561608569838255534e+01,-8.332503756340104914e-03,1.339518327391968182e-02,3.053321495957411290e-06,1.888037579362559341e-06,3.053321495970872761e-06,1.888037579319336732e-06,3.053321495954167577e-06,1.888037579357594881e-06,3.053321495957413408e-06,1.888037579362559341e-06,-1.373276815790545335e-01,-1.187868151940603412e-01,-1.373276815790545058e-01,-1.187868151940603412e-01,-1.373276815790545335e-01,-1.187868151940603412e-01,-1.373276815790545335e-01,-1.187868151940603273e-01
3.268739756716300175e+07,-9.467688053983721597e-01,1.446767305256296821e-01,-1.716896783695491961e-05,1.265525648746712597e-05,-1.891868955652271618e-09,3.400765479557327843e-09,-1.891868955633132313e-09,3.400765479558080577e-09,-1.891868955652145887e-09,3.400765479557883295e-09,-1.891868955652279063e-09,3.400765479557327429e-09,-1.406133733187638860e-04,-1.797338711250882242e-04,-1.406133733187639944e-04,-1.797338711250883326e-04,-1.406133733187640486e-04,-1.797338711250882242e-04,-1.406133733187640486e-04,-1.797338711250882242e-04,1.171505364494662302e+02,-3.678115961617390894e+01,-7.313137667164317651e-03,1.248169992253194555e-02,2.813630138681303222e-06,1.565398014500157574e-06,2.813630138693138390e-06,1.565398014464357726e-06,2.813630138681523451e-06,1.565398014500461023e-06,2.813630138681302375e-06,1.565398014500157150e-06,-1.324593614467606262e-01,-1.100301333800091236e-01,-1.324593614467605984e-01,-1.100301333800091375e-01,-1.324593614467605984e-01,-1.100301333800090958e-01,-1.324593614467605984e-01,-1.100301333800090958e-01
3.364212916861649603e+07,-9.437712893270946424e-01,1.484526804704032199e-01,-1.599663826150463011e-05,1.293642449746165981e-05,-1.596648983630415749e-09,3.212842429738714852e-09,-1.596648983613279876e-09,3.212842429739015119e-09,-1.596648983631708632e-09,3.212842429734441637e-09,-1.596648983630419058e-09,3.212842429738707821e-09,-1.472853210859573659e-04,-1.725317293982033136e-04,-1.472853210859574201e-04,-1.725317293982030968e-04,-1.472853210859574201e-04,-1.725317293982032052e-04,-1.472853210859573117e-04,-1.725317293982034221e-04,1.170007556272881857e+02,-3.800433884673392271e+01,-6.397039035600107261e-03,1.160942684456506800e-02,2.582713531525853215e-06,1.283638697738029505e-06,2.582713531534956278e-06,1.283638697706584889e-06,2.582713531524043106e-06,1.283638697735789103e-06,2.582713531525854909e-06,1.283638697738028658e-06,-1.275865264449723702e-01,-1.017768428463493580e-01,-1.275865264449723702e-01,-1.017768428463493857e-01,-1.275865264449723979e-01,-1.017768428463494135e-01,-1.275865264449723702e-01,-1.017768428463493302e-01
3.462474651499480754e+07,-9.405871136934592647e-01,1.522249717749619147e-01,-1.485158719826988732e-05,1.315582991736127088e-05,-1.330086080672924473e-09,3.023503836835719721e-09,-1.330086080657440479e-09,3.023503836835962085e-09,-1.330086080673972097e-09,3.023503836832961487e-09,-1.330086080672918269e-09,3.023503836835719307e-09,-1.536071681601217001e-04,-1.650453992197474593e-04,-1.536071681601217001e-04,-1.650453992197474593e-04,-1.536071681601215916e-04,-1.650453992197474593e-04,-1.536071681601215374e-04,-1.650453992197474593e-04,1.167720086928117951e+02,-3.928026818566053890e+01,-5.576055088896685920e-03,1.077821332572960304e-02,2.361531281144005381e-06,1.038995055852732719e-06,2.361531281150994673e-06,1.038995055825335015e-06,2.361531281142806829e-06,1.038995055851394196e-06,2.361531281144004957e-06,1.038995055852731661e-06,-1.227191434656099839e-01,-9.401283956599375269e-02,-1.227191434656099839e-01,-9.401283956599375269e-02,-1.227191434656100255e-01,-9.401283956599373881e-02,-1.227191434656100255e-01,-9.401283956599375269e-02
3.563606409150909632e+07,-9.372139814104218924e-01,1.559828365578521947e-01,-1.373560259312460937e-05,1.331578662761707572e-05,-1.090834949251993364e-09,2.834214252053804249e-09,-1.090834949239097619e-09,2.834214252051510063e-09,-1.090834949254026988e-09,2.834214252049399098e-09,-1.090834949251992951e-09,2.834214252053804249e-09,-1.595540783343236577e-04,-1.572903328286775484e-04,-1.595540783343235493e-04,-1.572903328286774400e-04,-1.595540783343235493e-04,-1.572903328286777652e-04,-1.595540783343236577e-04,-1.572903328286776568e-04,1.164602058507332032e+02,-4.060321949676400521e+01,-4.842549737260266537e-03,9.987819820374754451e-03,2.150859773025932868e-06,8.279311498999093646e-07,2.150859773030077400e-06,8.279311498749572563e-07,2.150859773023946152e-06,8.279311498979047553e-07,2.150859773025933715e-06,8.279311498999095764e-07,-1.178679336578161430e-01,-8.672423478525487228e-02,-1.178679336578161568e-01,-8.672423478525487228e-02,-1.178679336578161707e-01,-8.672423478525484453e-02,-1.178679336578161707e-01,-8.672423478525488616e-02
3.667692017280706018e+07,-9.336503607127061288e-01,1.597151935967289493e-01,-1.265047922776924099e-05,1.341871673778110244e-05,-8.775078767425725382e-10,2.646357951498745926e-09,-8.775078767307616398e-10,2.646357951497127547e-09,-8.775078767441888491e-10,2.646357951495802404e-09,-8.775078767425692295e-10,2.646357951498745099e-09,-1.651022249147445495e-04,-1.492850711687487418e-04,-1.651022249147446851e-04,-1.492850711687487418e-04,-1.651022249147445495e-04,-1.492850711687487418e-04,-1.651022249147446309e-04,-1.492850711687488503e-04,1.160617315219238606e+02,-4.196713266178285551e+01,-4.189358100203648128e-03,9.237912075356185734e-03,1.951300311393429254e-06,6.471265426852167802e-07,1.951300311396495937e-06,6.471265426638145869e-07,1.951300311392062990e-06,6.471265426839682536e-07,1.951300311393429677e-06,6.471265426852152978e-07,-1.130442227947691253e-01,-7.989713435241425910e-02,-1.130442227947690698e-01,-7.989713435241425910e-02,-1.130442227947691253e-01,-7.989713435241425910e-02,-1.130442227947690975e-01,-7.989713435241424522e-02
3.774817751781341434e+07,-9.298955187133818301e-01,1.634107091681717139e-01,-1.159798804113681095e-05,1.346716145111802517e-05,-6.886745103993866757e-10,2.461226994823046776e-09,-6.886745103896623404e-10,2.461226994820140477e-09,-6.886745103999756283e-10,2.461226994822140599e-09,-6.886745103993837806e-10,2.461226994823053807e-09,-1.702291837517879954e-04,-1.410511247803710149e-04,-1.702291837517878870e-04,-1.410511247803709065e-04,-1.702291837517879412e-04,-1.410511247803710149e-04,-1.702291837517879954e-04,-1.410511247803709065e-04,1.155734731597064666e+02,-4.336565966079067636e+01,-3.609748843927076088e-03,8.528055706476108180e-03,1.763287626295139657e-06,4.934664381897602953e-07,1.763287626296469499e-06,4.934664381706960188e-07,1.763287626294699623e-06,4.934664381893970240e-07,1.763287626295140080e-06,4.934664381897593423e-07,-1.082597751441570916e-01,-7.351745407101063778e-02,-1.082597751441570638e-01,-7.351745407101062391e-02,-1.082597751441570916e-01,-7.351745407101063778e-02,-1.082597751441571193e-01,-7.351745407101063778e-02
3.885072408486521244e+07,-9.259495496962408811e-01,1.670578613693629588e-01,-1.057984558538064093e-05,1.346378646612708923e-05,-5.228648162627135764e-10,2.280009915160759659e-09,-5.228648162535529647e-10,2.280009915158759950e-09,-5.228648162631255123e-10,2.280009915160210411e-09,-5.228648162627123356e-10,2.280009915160772480e-09,-1.749143104469953400e-04,-1.326128038264357217e-04,-1.749143104469953129e-04,-1.326128038264357217e-04,-1.749143104469953129e-04,-1.326128038264357217e-04,-1.749143104469953129e-04,-1.326128038264357217e-04,1.149928454289082111e+02,-4.479221125656194857e+01,-3.097393283983531937e-03,7.857711789024860935e-03,1.587099061124373976e-06,3.640343985677775967e-07,1.587099061125259973e-06,3.640343985515986850e-07,1.587099061124099537e-06,3.640343985675731970e-07,1.587099061124372706e-06,3.640343985677771202e-07,-1.035266156116022296e-01,-6.757077182858634012e-02,-1.035266156116022435e-01,-6.757077182858634012e-02,-1.035266156116022296e-01,-6.757077182858634012e-02,-1.035266156116022018e-01,-6.757077182858634012e-02
3.998547376773483306e+07,-9.218133978119187333e-01,1.706450074709517650e-01,-9.597684313495712249e-06,1.341138215704670583e-05,-3.785749118299770669e-10,2.103781563215964349e-09,-3.785749118223992653e-10,2.103781563213343427e-09,-3.785749118300767422e-10,2.103781563215852266e-09,-3.785749118299795485e-10,2.103781563215964349e-09,-1.791390945185106741e-04,-1.239969993371381842e-04,-1.791390945185106199e-04,-1.239969993371380758e-04,-1.791390945185106470e-04,-1.239969993371380758e-04,-1.791390945185106199e-04,-1.239969993371379674e-04,1.143178095348681467e+02,-4.624000573474284437e+01,-2.646340249335529717e-03,7.226233889963340311e-03,1.422864634620992039e-06,2.561069782668222386e-07,1.422864634620869643e-06,2.561069782526447070e-07,1.422864634620933382e-06,2.561069782667824280e-07,1.422864634620991828e-06,2.561069782668223445e-07,-9.885684504295697006e-02,-6.204221660012784051e-02,-9.885684504295699782e-02,-6.204221660012784745e-02,-9.885684504295697006e-02,-6.204221660012785439e-02,-9.885684504295695618e-02,-6.204221660012784745e-02
4.115336715315063298e+07,-9.174888738669552124e-01,1.741604538235862198e-01,-8.653024350867352863e-06,1.331285886148460089e-05,-2.542753845405852237e-10,1.933494557593232969e-09,-2.542753845331962260e-10,1.933494557591459080e-09,-2.542753845414835418e-10,1.933494557592319761e-09,-2.542753845405850169e-10,1.933494557593232555e-09,-1.828874836087495488e-04,-1.152329188786899584e-04,-1.828874836087495488e-04,-1.152329188786899584e-04,-1.828874836087495488e-04,-1.152329188786901752e-04,-1.828874836087496572e-04,-1.152329188786901752e-04,1.135468875575896561e+02,-4.770211915090247601e+01,-2.250995753079485916e-03,6.632866843455364862e-03,1.270578061693034198e-06,1.671496613481056852e-07,1.270578061692823287e-06,1.671496613361597149e-07,1.270578061692550966e-06,1.671496613478134588e-07,1.270578061693033775e-06,1.671496613481053940e-07,-9.426245357381674017e-02,-5.691639373645791117e-02,-9.426245357381674017e-02,-5.691639373645791117e-02,-9.426245357381674017e-02,-5.691639373645790423e-02,-9.426245357381675405e-02,-5.691639373645788341e-02
4.235537230044328421e+07,-9.129786659323213538e-01,1.775925278169583066e-01,-7.747247347728803278e-06,1.317123768211401095e-05,-1.484216452421054022e-10,1.769972709126291011e-09,-1.484216452369605456e-10,1.769972709123281314e-09,-1.484216452434410921e-10,1.769972709125120550e-09,-1.484216452421074702e-10,1.769972709126284393e-09,-1.861461713021415421e-04,-1.063517809547316406e-04,-1.861461713021415421e-04,-1.063517809547316406e-04,-1.861461713021414879e-04,-1.063517809547316406e-04,-1.861461713021414879e-04,-1.063517809547316406e-04,1.126791717134131972e+02,-4.917153653171828864e+01,-1.906106573375874417e-03,6.076747454633181326e-03,1.130108719694683866e-06,9.481354715058549326e-08,1.130108719693393835e-06,9.481354713996277366e-08,1.130108719694031650e-06,9.481354715023172465e-08,1.130108719694684501e-06,9.481354715058583736e-08,-8.975513678686837526e-02,-5.217734526989853405e-02,-8.975513678686837526e-02,-5.217734526989853405e-02,-8.975513678686837526e-02,-5.217734526989853405e-02,-8.975513678686837526e-02,-5.217734526989852017e-02
4.359248554396390915e+07,-9.082863435203082370e-01,1.809296513587862754e-01,-6.881572939836567523e-06,1.298963728006062027e-05,-5.946582000505820294e-11,1.613906691979155763e-09,-5.946581999981677298e-11,1.613906691976992893e-09,-5.946582000609466024e-11,1.613906691978345540e-09,-5.946582000505716896e-11,1.613906691979145837e-09,-1.889048427985703731e-04,-9.738647343907781012e-05,-1.889048427985704273e-04,-9.738647343907802696e-05,-1.889048427985703731e-04,-9.738647343907802696e-05,-1.889048427985702105e-04,-9.738647343907802696e-05,1.117143285259650582e+02,-5.064120349206319815e+01,-1.606746913429439767e-03,5.556907210197564034e-03,1.001214462986253813e-06,3.693229817589186922e-08,1.001214462985129377e-06,3.693229816700585833e-08,1.001214462985789639e-06,3.693229817566734593e-08,1.001214462986254449e-06,3.693229817589245156e-08,-8.534611919475784680e-02,-4.780854330343133757e-02,-8.534611919475786068e-02,-4.780854330343133063e-02,-8.534611919475786068e-02,-4.780854330343131675e-02,-8.534611919475787456e-02,-4.780854330343133757e-02
4.486573231893924624e+07,-9.034163551154956728e-01,1.841604153102613384e-01,-6.057038266580932772e-06,1.277125719680094267e-05,1.413034253480120208e-11,1.465852133100352589e-09,1.413034253924233479e-11,1.465852133098193028e-09,1.413034253314560009e-11,1.465852133099244788e-09,1.413034253480161567e-11,1.465852133100355898e-09,-1.911563735283954945e-04,-8.837118223477666474e-05,-1.911563735283955488e-04,-8.837118223477633948e-05,-1.911563735283955217e-04,-8.837118223477677316e-05,-1.911563735283954132e-04,-8.837118223477666474e-05,1.106525979445389254e+02,-5.210407774174880302e+01,-1.348307382252255868e-03,5.072276979637505359e-03,8.835551204807935147e-07,-8.481059104229793641e-09,8.835551204794558379e-07,-8.481059111821837629e-09,8.835551204801149354e-07,-8.481059104521748693e-09,8.835551204807935147e-07,-8.481059104230357779e-09,-8.104598920450863109e-02,-4.379291393870690663e-02,-8.104598920450864497e-02,-4.379291393870694826e-02,-8.104598920450858945e-02,-4.379291393870690663e-02,-8.104598920450865884e-02,-4.379291393870691357e-02
4.617616801144832373e+07,-8.983740188836070173e-01,1.872736542801630155e-01,-5.274480908624446933e-06,1.251935828828202326e-05,7.388207709016505001e-11,1.326230188327347018e-09,7.388207709395705274e-11,1.326230188325273483e-09,7.388207708876008374e-11,1.326230188326546721e-09,7.388207709016401604e-11,1.326230188327350327e-09,-1.928969767874743550e-04,-7.934099709327232380e-05,-1.928969767874743550e-04,-7.934099709327243222e-05,-1.928969767874743550e-04,-7.934099709327232380e-05,-1.928969767874743279e-04,-7.934099709327221538e-05,1.094947874987636567e+02,-5.355317997448702272e+01,-1.126485616325105521e-03,4.621693608660616334e-03,7.767064593798810859e-07,-4.323780819794012988e-08,7.767064593784398593e-07,-4.323780820439234380e-08,7.767064593793498904e-07,-4.323780819814191563e-08,7.767064593798810859e-07,-4.323780819793967328e-08,-7.686454925768325397e-02,-4.011288865086760219e-02,-7.686454925768321234e-02,-4.011288865086760913e-02,-7.686454925768325397e-02,-4.011288865086760219e-02,-7.686454925768329560e-02,-4.011288865086762995e-02
4.752487883322519809e+07,-8.931655064207032479e-01,1.902585211406205568e-01,-4.534525513952714776e-06,1.223724088759629944e-05,1.212682355371537519e-10,1.195330572660102941e-09,1.212682355396603160e-10,1.195330572657784767e-09,1.212682355370886115e-10,1.195330572660073163e-09,1.212682355371531315e-10,1.195330572660102941e-09,-1.941262975795385163e-04,-7.033150208905499889e-05,-1.941262975795383808e-04,-7.033150208905499889e-05,-1.941262975795384079e-04,-7.033150208905489047e-05,-1.941262975795384621e-04,-7.033150208905505311e-05,1.082422616227549952e+02,-5.498164365686837129e+01,-9.372779450895949403e-04,4.203908237479597743e-03,6.801743638607801130e-07,-6.897793540834138847e-08,6.801743638590495188e-07,-6.897793541388727052e-08,6.801743638607574549e-07,-6.897793540834891912e-08,6.801743638607802189e-07,-6.897793540834133553e-08,-7.281068429110984508e-02,-3.675047955780948866e-02,-7.281068429110983120e-02,-3.675047955780947478e-02,-7.281068429110984508e-02,-3.675047955780951642e-02,-7.281068429110985896e-02,-3.675047955780951642e-02
4.891298272201289982e+07,-8.877978194710803850e-01,1.931045605971327961e-01,-3.837574286353618899e-06,1.192822133065102663e-05,1.577184298554555494e-10,1.073316918187320026e-09,1.577184298582975351e-10,1.073316918185517807e-09,1.577184298549426974e-10,1.073316918187108475e-09,1.577184298554543086e-10,1.073316918187323335e-09,-1.948474510539265222e-04,-6.137835863868214119e-05,-1.948474510539265764e-04,-6.137835863868208698e-05,-1.948474510539265764e-04,-6.137835863868214119e-05,-1.948474510539265764e-04,-6.137835863868214119e-05,1.068969263268746914e+02,-5.638276325111122134e+01,-7.769715888496769168e-04,3.817596121376153843e-03,5.934089597760487278e-07,-8.717540306835560268e-08,5.934089597746152304e-07,-8.717540307295251666e-08,5.934089597758835563e-07,-8.717540306840278507e-08,5.934089597760487278e-07,-8.717540306835533799e-08,-6.889225104245491615e-02,-3.368737467722533047e-02,-6.889225104245487452e-02,-3.368737467722533740e-02,-6.889225104245491615e-02,-3.368737467722533740e-02,-6.889225104245491615e-02,-3.368737467722533740e-02
5.034163026821483672e+07,-8.822787595880237088e-01,1.958017811035594191e-01,-3.183801412186820265e-06,1.159560748196146617e-05,1.846011155126034815e-10,9.602342496320698695e-10,1.846011155151015670e-10,9.602342496304198510e-10,1.846011155119857844e-10,9.602342496318616268e-10,1.846011155126024475e-10,9.602342496320698695e-10,-1.950670051754690700e-04,-5.251688910012424969e-05,-1.950670051754690700e-04,-5.251688910012419548e-05,-1.950670051754690700e-04,-5.251688910012424969e-05,-1.950670051754691242e-04,-5.251688910012430390e-05,1.054612094294694344e+02,-5.775004044041852325e+01,-6.421369638144737262e-04,3.461367689572684460e-03,5.158184144405782450e-07,-9.914438648170058444e-08,5.158184144392139925e-07,-9.914438648555752250e-08,5.158184144403936977e-07,-9.914438648174563601e-08,5.158184144405784567e-07,-9.914438648170012122e-08,-6.511599006110796450e-02,-3.090504901456994635e-02,-6.511599006110793675e-02,-3.090504901456994635e-02,-6.511599006110796450e-02,-3.090504901456994635e-02,-6.511599006110793675e-02,-3.090504901456993941e-02
5.181200566861181706e+07,-8.766168908022107242e-01,1.983407243923631380e-01,-2.573151407859100418e-06,1.124267388596910647e-05,2.032129823298446713e-10,8.560182977859865528e-10,2.032129823320618255e-10,8.560182977844836691e-10,2.032129823290500609e-10,8.560182977857732436e-10,2.032129823298454985e-10,8.560182977859865528e-10,-1.947949085340749638e-04,-4.378166896330157570e-05,-1.947949085340749096e-04,-4.378166896330162991e-05,-1.947949085340749096e-04,-4.378166896330141307e-05,-1.947949085340749367e-04,-4.378166896330157570e-05,1.039380366013750461e+02,-5.907722794158858193e+01,-5.296197544640647353e-04,3.133780550583218413e-03,4.467821527907058970e-07,-1.060464860610801528e-07,4.467821527894338124e-07,-1.060464860643046617e-07,4.467821527904839215e-07,-1.060464860611269646e-07,4.467821527907058970e-07,-1.060464860610805631e-07,-6.148746159105050041e-02,-2.838488720070895047e-02,-6.148746159105050735e-02,-2.838488720070893659e-02,-6.148746159105048653e-02,-2.838488720070895047e-02,-6.148746159105050041e-02,-2.838488720070894353e-02
5.332532770793513954e+07,-8.708214954299993149e-01,2.007125318612480724e-01,-2.005341279093701342e-06,1.087263714266716650e-05,2.147699455376977317e-10,7.605063174574282996e-10,2.147699455392081635e-10,7.605063174559618118e-10,2.147699455372437129e-10,7.605063174573357588e-10,2.147699455376977317e-10,7.605063174574317117e-10,-1.940443654384213458e-04,-3.520613536722459925e-05,-1.940443654384212645e-04,-3.520613536722476188e-05,-1.940443654384213187e-04,-3.520613536722449083e-05,-1.940443654384213729e-04,-3.520613536722465346e-05,1.023308035059612280e+02,-6.035837052589537421e+01,-4.365324959106630666e-04,2.833352137310597273e-03,3.856632554408262031e-07,-1.088988634342365960e-07,3.856632554395358543e-07,-1.088988634369457382e-07,3.856632554407081479e-07,-1.088988634342572954e-07,3.856632554408261501e-07,-1.088988634342366886e-07,-5.801100579942949226e-02,-2.610831338772609880e-02,-5.801100579942951307e-02,-2.610831338772608839e-02,-5.801100579942949226e-02,-2.610831338772610227e-02,-5.801100579942950614e-02,-2.610831338772609880e-02
5.488285076910945028e+07,-8.649025232603810842e-01,2.029090070549524893e-01,-1.479866300222628159e-06,1.048863206724385931e-05,2.203999486138715981e-10,6.734490405127004505e-10,2.203999486152464757e-10,6.734490405113927813e-10,2.203999486127041360e-10,6.734490405125302581e-10,2.203999486138732524e-10,6.734490405127038626e-10,-1.928316616231739696e-04,-2.682221922415841029e-05,-1.928316616231739696e-04,-2.682221922415841029e-05,-1.928316616231739696e-04,-2.682221922415841029e-05,-1.928316616231740238e-04,-2.682221922415841029e-05,1.006433443540233554e+02,-6.158784289031036252e+01,-3.602454869944232804e-04,2.558572682291786280e-03,3.318198380251929939e-07,-1.085831979888439049e-07,3.318198380240360528e-07,-1.085831979910914142e-07,3.318198380249086026e-07,-1.085831979888849860e-07,3.318198380251926233e-07,-1.085831979888443152e-07,-5.468972714863949008e-02,-2.405692422067099573e-02,-5.468972714863949008e-02,-2.405692422067099573e-02,-5.468972714863949008e-02,-2.405692422067099573e-02,-5.468972714863949008e-02,-2.405692422067100961e-02
5.648586587300267816e+07,-8.588705344478519965e-01,2.049226734778682724e-01,-9.960091463989425743e-07,1.009368914200263366e-05,2.211377061375928924e-10,5.945233765281178206e-10,2.211377061388567210e-10,5.945233765269422935e-10,2.211377061366759627e-10,5.945233765280435811e-10,2.211377061375917551e-10,5.945233765281179240e-10,-1.911759449734049985e-04,-1.866000756302479231e-05,-1.911759449734049714e-04,-1.866000756302484652e-05,-1.911759449734049714e-04,-1.866000756302468389e-05,-1.911759449734049714e-04,-1.866000756302468389e-05,9.887989722122294722e+01,-6.276038405852746394e+01,-2.983769270161093739e-04,2.307918221487869227e-03,2.846152519777365319e-07,-1.058553197046978051e-07,2.846152519767091339e-07,-1.058553197065576777e-07,2.846152519775265736e-07,-1.058553197047223823e-07,2.846152519777366907e-07,-1.058553197046979242e-07,-5.152550207601624965e-02,-2.221262091998397678e-02,-5.152550207601626353e-02,-2.221262091998396290e-02,-5.152550207601624271e-02,-2.221262091998397678e-02,-5.152550207601626353e-02,-2.221262091998397678e-02
5.813570174854496866e+07,-8.527366365458850517e-01,2.067468269935496816e-01,-5.528520472219448053e-07,9.690713707900730693e-06,2.179214329199177518e-10,5.233454730720333419e-10,2.179214329210829908e-10,5.233454730709718623e-10,2.179214329196571899e-10,5.233454730720268278e-10,2.179214329199182688e-10,5.233454730720349962e-10,-1.890989666172025513e-04,-1.074744187088435180e-05,-1.890989666172026597e-04,-1.074744187088429759e-05,-1.890989666172026055e-04,-1.074744187088440601e-05,-1.890989666172026055e-04,-1.074744187088429759e-05,9.704506650658279909e+01,-6.387112802334090844e+01,-2.487822339020224973e-04,2.079863342484569288e-03,2.434269918477355548e-07,-1.013553454817549295e-07,2.434269918468308177e-07,-1.013553454832902561e-07,2.434269918476794918e-07,-1.013553454817599984e-07,2.434269918477355019e-07,-1.013553454817549692e-07,-4.851900857053152716e-02,-2.055773682358078350e-02,-4.851900857053153410e-02,-2.055773682358079391e-02,-4.851900857053151328e-02,-2.055773682358077656e-02,-4.851900857053150634e-02,-2.055773682358079391e-02
5.983372593410354108e+07,-8.465124162296285837e-01,2.083755821089553206e-01,-1.492915784817046879e-07,9.282467274335576813e-06,2.115915287500261613e-10,4.594837633571519608e-10,2.115915287508342651e-10,4.594837633561963087e-10,2.115915287495092251e-10,4.594837633571669018e-10,2.115915287500261096e-10,4.594837633571503065e-10,-1.866247885236037329e-04,-3.110057249569350047e-06,-1.866247885236037329e-04,-3.110057249569295837e-06,-1.866247885236038142e-04,-3.110057249569350047e-06,-1.866247885236037871e-04,-3.110057249569295837e-06,9.514378294126548496e+01,-6.491563037567759409e+01,-2.095425585256630637e-04,1.872893418271842766e-03,2.076542407112789088e-07,-9.561812936944069358e-08,2.076542407104332788e-07,-9.561812937070912542e-08,2.076542407111738238e-07,-9.561812936944802571e-08,2.076542407112788559e-07,-9.561812936944070682e-08,-4.566977573384105316e-02,-1.907515713939790525e-02,-4.566977573384106009e-02,-1.907515713939791566e-02,-4.566977573384105316e-02,-1.907515713939790178e-02,-4.566977573384106009e-02,-1.907515713939792953e-02
6.158134591102647781e+07,-8.402098663474419915e-01,2.098039114876896483e-01,2.159443318200773687e-07,8.871551251051694619e-06,2.028911194777468382e-10,4.024716588059830961e-10,2.028911194785132728e-10,4.024716588051232935e-10,2.028911194774510178e-10,4.024716588060054816e-10,2.028911194777459593e-10,4.024716588059831478e-10,-1.837794643352020599e-04,4.229233896910577595e-06,-1.837794643352020328e-04,4.229233896910631805e-06,-1.837794643352020599e-04,4.229233896910686015e-06,-1.837794643352020328e-04,4.229233896910740225e-06,9.318126157881417271e+01,-6.588989071335196002e+01,-1.789525578639317974e-04,1.685516099389950230e-03,1.767240307435303297e-07,-8.908383149995467353e-08,1.767240307427990491e-07,-8.908383150099648435e-08,1.767240307434735521e-07,-8.908383149995755874e-08,1.767240307435304886e-07,-8.908383149995454119e-08,-4.297625100250591218e-02,-1.774842812260650493e-02,-4.297625100250589830e-02,-1.774842812260650146e-02,-4.297625100250591218e-02,-1.774842812260650493e-02,-4.297625100250591912e-02,-1.774842812260651187e-02
6.338001027029497921e+07,-8.338413090490400803e-01,2.110276781162203630e-01,5.442776329185643372e-07,8.460393328609786502e-06,1.924682970040622852e-10,3.518195854120861229e-10,1.924682970045895094e-10,3.518195854113346293e-10,1.924682970037086138e-10,3.518195854121324967e-10,1.924682970040618199e-10,3.518195854120853474e-10,-1.805907005656104370e-04,1.125031107916005338e-05,-1.805907005656104370e-04,1.125031107916005338e-05,-1.805907005656104641e-04,1.125031107916016180e-05,-1.805907005656104099e-04,1.125031107916010759e-05,9.116295822347611022e+01,-6.679037066301540904e+01,-1.555075285512635345e-04,1.516271873294535886e-03,1.500960384909522887e-07,-8.210841484341684719e-08,1.500960384902875531e-07,-8.210841484427240341e-08,1.500960384908885230e-07,-8.210841484341909712e-08,1.500960384909524475e-07,-8.210841484341674131e-08,-4.043588239054821121e-02,-1.656185340705215031e-02,-4.043588239054821121e-02,-1.656185340705214337e-02,-4.043588239054819733e-02,-1.656185340705214684e-02,-4.043588239054821815e-02,-1.656185340705214684e-02
6.523120991325112432e+07,-8.274193158239314672e-01,2.120436596368319437e-01,8.372600788544192195e-07,8.051236655255079497e-06,1.808798549152174771e-10,3.070261125922866540e-10,1.808798549157328623e-10,3.070261125916070735e-10,1.808798549150247440e-10,3.070261125923222745e-10,1.808798549152178907e-10,3.070261125922875329e-10,-1.770875054777282037e-04,1.793596646940383917e-05,-1.770875054777282037e-04,1.793596646940394759e-05,-1.770875054777282579e-04,1.793596646940383917e-05,-1.770875054777282308e-04,1.793596646940389338e-05,8.909452477067672760e+01,-6.761400739960180317e+01,-1.378900320857141815e-04,1.363743538716860777e-03,1.272660720845370572e-07,-7.497389170436764641e-08,1.272660720839698893e-07,-7.497389170506779855e-08,1.272660720845038641e-07,-7.497389170436854639e-08,1.272660720845369778e-07,-7.497389170436767288e-08,-3.804521289570494263e-02,-1.550057576448633442e-02,-3.804521289570493570e-02,-1.550057576448633789e-02,-3.804521289570494957e-02,-1.550057576448633095e-02,-3.804521289570494957e-02,-1.550057576448633095e-02
6.713647928739643097e+07,-8.209566253618150178e-01,2.128495644712379842e-01,1.096552317054395976e-06,7.646131881032430639e-06,1.685962838249255093e-10,2.675879783586450015e-10,1.685962838252800079e-10,2.675879783580596678e-10,1.685962838246649216e-10,2.675879783587053857e-10,1.685962838249250182e-10,2.675879783586441743e-10,-1.732998329381209236e-04,2.427197699744245969e-05,-1.732998329381209236e-04,2.427197699744245969e-05,-1.732998329381210049e-04,2.427197699744240548e-05,-1.732998329381210591e-04,2.427197699744256811e-05,8.698176394753944862e+01,-6.835822259938323953e+01,-1.249561635137731469e-04,1.226564482931332377e-03,1.077683393199186811e-07,-6.789816140016788333e-08,1.077683393194132142e-07,-6.789816140074055701e-08,1.077683393198759192e-07,-6.789816140016870390e-08,1.077683393199186679e-07,-6.789816140016783039e-08,-3.579998409905599255e-02,-1.455064311604706631e-02,-3.579998409905599255e-02,-1.455064311604706631e-02,-3.579998409905599255e-02,-1.455064311604706978e-02,-3.579998409905599255e-02,-1.455064311604705590e-02
6.909739765828552842e+07,-8.144660601984907711e-01,2.134440394749940184e-01,1.323902588480117340e-06,7.246932066339166477e-06,1.560077710605723670e-10,2.330088719790551924e-10,1.560077710608074931e-10,2.330088719785583153e-10,1.560077710603011035e-10,2.330088719791305175e-10,1.560077710605723929e-10,2.330088719790560196e-10,-1.692582283145974641e-04,3.024712875628835645e-05,-1.692582283145974099e-04,3.024712875628841066e-05,-1.692582283145974370e-04,3.024712875628841066e-05,-1.692582283145974370e-04,3.024712875628835645e-05,8.483058394571700944e+01,-6.902092682158706793e+01,-1.157216275869838449e-04,1.103425689726621629e-03,9.117661041598842649e-08,-6.104430493978965076e-08,9.117661041554256952e-08,-6.104430494025757029e-08,9.117661041594618072e-08,-6.104430493979041838e-08,9.117661041598842649e-08,-6.104430493978971694e-08,-3.369524597236338986e-02,-1.369905816413362343e-02,-3.369524597236338292e-02,-1.369905816413361996e-02,-3.369524597236338292e-02,-1.369905816413362343e-02,-3.369524597236336905e-02,-1.369905816413362169e-02
7.111559041856925189e+07,-8.079604431664653141e-01,2.138266690099651923e-01,1.521125466379367614e-06,6.855290384635095233e-06,1.434309425703365639e-10,2.028068919262231775e-10,1.434309425705848990e-10,2.028068919257705029e-10,1.434309425700834467e-10,2.028068919263038534e-10,1.434309425703365639e-10,2.028068919262235911e-10,-1.649934830835317519e-04,3.585319573664715672e-05,-1.649934830835317248e-04,3.585319573664721093e-05,-1.649934830835317519e-04,3.585319573664715672e-05,-1.649934830835317519e-04,3.585319573664715672e-05,8.264695344376258390e+01,-6.960051936456568455e+01,-1.093477906055167451e-04,9.930814440732922861e-04,7.710440702434819447e-08,-5.452922990603940805e-08,7.710440702397350151e-08,-5.452922990642123462e-08,7.710440702431060739e-08,-5.452922990604010950e-08,7.710440702434820771e-08,-5.452922990603939482e-08,-3.172546998201815349e-02,-1.293381152847008185e-02,-3.172546998201814655e-02,-1.293381152847008532e-02,-3.172546998201815349e-02,-1.293381152847008185e-02,-3.172546998201816043e-02,-1.293381152847008358e-02
7.319273043527215719e+07,-8.014525146602621275e-01,2.139979654389866093e-01,1.690081028335478331e-06,6.472660487528043104e-06,1.311160897355039974e-10,1.765206502601834339e-10,1.311160897356721477e-10,1.765206502598002166e-10,1.311160897353956368e-10,1.765206502602219236e-10,1.311160897355039974e-10,1.765206502601826326e-10,-1.605363042219252892e-04,4.108487587595774875e-05,-1.605363042219252350e-04,4.108487587595769454e-05,-1.605363042219253163e-04,4.108487587595764033e-05,-1.605363042219253163e-04,4.108487587595774875e-05,8.043685749896945936e+01,-7.009588371228508663e+01,-1.051278734919811368e-04,8.943537351155472857e-04,6.520435977540562906e-08,-4.843158742240285414e-08,6.520435977507925667e-08,-4.843158742271460859e-08,6.520435977539023688e-08,-4.843158742240317840e-08,6.520435977540564229e-08,-4.843158742240281444e-08,-2.988466273995316752e-02,-1.224389874250622970e-02,-2.988466273995316058e-02,-1.224389874250623317e-02,-2.988466273995317099e-02,-1.224389874250622970e-02,-2.988466273995316752e-02,-1.224389874250622449e-02
7.533053943642129004e+07,-7.949548517501048295e-01,2.139593512151336807e-01,1.832654814755096238e-06,6.100299348967622092e-06,1.192546383523471499e-10,1.537140426219424964e-10,1.192546383525281732e-10,1.537140426215923147e-10,1.192546383522387893e-10,1.537140426219863370e-10,1.192546383523471758e-10,1.537140426219424964e-10,-1.559170037645438438e-04,4.593968820665610044e-05,-1.559170037645438167e-04,4.593968820665599202e-05,-1.559170037645438709e-04,4.593968820665610044e-05,-1.559170037645438980e-04,4.593968820665599202e-05,7.820625478169550604e+01,-7.050637873302497383e+01,-1.024734429694478313e-04,8.061353908776020200e-04,5.516688077422746283e-08,-4.279891144161094998e-08,5.516688077395505571e-08,-4.279891144186538412e-08,5.516688077421254711e-08,-4.279891144161143967e-08,5.516688077422752239e-08,-4.279891144161091027e-08,-2.816647767651351067e-02,-1.161932188676002148e-02,-2.816647767651351067e-02,-1.161932188676000413e-02,-2.816647767651351067e-02,-1.161932188676001454e-02,-2.816647767651351761e-02,-1.161932188676001454e-02
7.753078943817548454e+07,-7.884797901361803030e-01,2.137131328700356547e-01,1.950738880365612266e-06,5.739272362006995386e-06,1.079866396318016103e-10,1.339797441278326921e-10,1.079866396319284791e-10,1.339797441275374920e-10,1.079866396316752585e-10,1.339797441278889403e-10,1.079866396318015715e-10,1.339797441278318649e-10,-1.511652130807065151e-04,5.041783555496101766e-05,-1.511652130807065422e-04,5.041783555496101766e-05,-1.511652130807065151e-04,5.041783555496101766e-05,-1.511652130807065151e-04,5.041783555496099056e-05,7.596103659613096681e+01,-7.083182585395550745e+01,-1.009013442124488561e-04,7.273920056874760886e-04,4.671829570102000483e-08,-3.765395738405863863e-08,4.671829570078500612e-08,-3.765395738426674404e-08,4.671829570100317666e-08,-3.765395738405949890e-08,4.671829570101999821e-08,-3.765395738405864525e-08,-2.656432249605340454e-02,-1.105107698993791979e-02,-2.656432249605340454e-02,-1.105107698993792326e-02,-2.656432249605339760e-02,-1.105107698993791979e-02,-2.656432249605340801e-02,-1.105107698993791111e-02
7.979530421363815665e+07,-7.820393498682355338e-01,2.132624673246343860e-01,2.046214194583726003e-06,5.390460428165624925e-06,9.740809144437170602e-11,1.169415247027331374e-10,9.740809144445743554e-11,1.169415247024850608e-10,9.740809144426006249e-11,1.169415247027873177e-10,9.740809144437127951e-11,1.169415247027327238e-10,-1.463096255230515535e-04,5.452203774175255101e-05,-1.463096255230515535e-04,5.452203774175260522e-05,-1.463096255230515535e-04,5.452203774175255101e-05,-1.463096255230515535e-04,5.452203774175252391e-05,7.370698809275729957e+01,-7.107249249329345275e+01,-1.000212010618564104e-04,6.571627441900077752e-04,3.961857345644986088e-08,-3.300024132244368330e-08,3.961857345624810822e-08,-3.300024132261422147e-08,3.961857345643552087e-08,-3.300024132244468253e-08,3.961857345644988073e-08,-3.300024132244368991e-08,-2.507146050384859506e-02,-1.053112861153598402e-02,-2.507146050384858812e-02,-1.053112861153598749e-02,-2.507146050384859506e-02,-1.053112861153598402e-02,-2.507146050384860200e-02,-1.053112861153598055e-02
8.212596080457115173e+07,-7.756451657198953908e-01,2.126113211095803368e-01,2.120934592556476514e-06,5.054568757477415636e-06,8.757793005082925688e-11,1.022555023350827549e-10,8.757793005097207478e-11,1.022555023348303097e-10,8.757793005078913862e-11,1.022555023351034215e-10,8.757793005082967047e-11,1.022555023350829487e-10,-1.413777701965925775e-04,5.825734053331218241e-05,-1.413777701965925504e-04,5.825734053331220951e-05,-1.413777701965926047e-04,5.825734053331212820e-05,-1.413777701965926047e-04,5.825734053331220951e-05,7.144975205028289622e+01,-7.122907206537729508e+01,-9.952359005555316709e-05,5.945601234728508126e-04,3.365878065861474286e-08,-2.882680170974478514e-08,3.365878065845294634e-08,-2.882680170988392023e-08,3.365878065860982610e-08,-2.882680170974522189e-08,3.365878065861470316e-08,-2.882680170974479507e-08,-2.368110423914998250e-02,-1.005237323382528365e-02,-2.368110423914997556e-02,-1.005237323382528886e-02,-2.368110423914997556e-02,-1.005237323382528018e-02,-2.368110423914997209e-02,-1.005237323382528018e-02
8.452469107726262510e+07,-7.693084229738756941e-01,2.117644231536039701e-01,2.176712425878271439e-06,4.732137083108878384e-06,7.852456634751292479e-11,8.961046940227842458e-11,7.852456634761977326e-11,8.961046940206486981e-11,7.852456634745441469e-11,8.961046940231027103e-11,7.852456634751292479e-11,8.961046940227821778e-11,-1.363958186358936767e-04,6.163090575763107955e-05,-1.363958186358936767e-04,6.163090575763113376e-05,-1.363958186358936767e-04,6.163090575763110666e-05,-1.363958186358937038e-04,6.163090575763116087e-05,6.919479554330132487e+01,-7.130266093036406971e+01,-9.916897310175710187e-05,5.387688878350884499e-04,2.865837480204832216e-08,-2.511222270802473719e-08,2.865837480191000102e-08,-2.511222270813916274e-08,2.865837480204133083e-08,-2.511222270802554783e-08,2.865837480204834532e-08,-2.511222270802474050e-08,-2.238650021733534778e-02,-9.608593226262927139e-03,-2.238650021733534431e-02,-9.608593226262923670e-03,-2.238650021733535125e-02,-9.608593226262920201e-03,-2.238650021733534085e-02,-9.608593226262923670e-03
8.699348332383856177e+07,-7.630397992943084295e-01,2.107272119221266504e-01,2.215306009170765102e-06,4.423550991328913141e-06,7.025187423456189934e-11,7.872743611728325288e-11,7.025187423464170935e-11,7.872743611710317307e-11,7.025187423449511743e-11,7.872743611732149705e-11,7.025187423456189934e-11,7.872743611728325288e-11,-1.313884252898218019e-04,6.465178797173606613e-05,-1.313884252898217205e-04,6.465178797173609323e-05,-1.313884252898217747e-04,6.465178797173612034e-05,-1.313884252898217476e-04,6.465178797173612034e-05,6.694737976912414013e+01,-7.129473268343942038e+01,-9.877745167601643288e-05,4.890440986255455581e-04,2.446243458694079725e-08,-2.182797126096784276e-08,2.446243458682289423e-08,-2.182797126106227701e-08,2.446243458693311770e-08,-2.182797126096897103e-08,2.446243458694080717e-08,-2.182797126096785599e-08,-2.118100394031234568e-02,-9.194403215380380495e-03,-2.118100394031233527e-02,-9.194403215380380495e-03,-2.118100394031235609e-02,-9.194403215380383965e-03,-2.118100394031234915e-02,-9.194403215380383965e-03
8.953438391034539044e+07,-7.568494132280381148e-01,2.095057777507311203e-01,2.238408909449529759e-06,4.129054071897607520e-06,6.274457071044378843e-11,6.935853706408503815e-11,6.274457071050272505e-11,6.935853706393287569e-11,6.274457071041050734e-11,6.935853706410425717e-11,6.274457071044380136e-11,6.935853706408502522e-11,-1.263786018526995563e-04,6.733070290670611457e-05,-1.263786018526995292e-04,6.733070290670608747e-05,-1.263786018526995834e-04,6.733070290670608747e-05,-1.263786018526995563e-04,6.733070290670611457e-05,6.471253324576056798e+01,-7.120711020864871443e+01,-9.821938379000516356e-05,4.447085651824584903e-04,2.093890976686036612e-08,-1.894110927955745946e-08,2.093890976676008536e-08,-1.894110927963563795e-08,2.093890976685670667e-08,-1.894110927955814106e-08,2.093890976686033634e-08,-1.894110927955748593e-08,-2.005814468113592194e-02,-8.805190695956720270e-03,-2.005814468113592194e-02,-8.805190695956718536e-03,-2.005814468113591847e-02,-8.805190695956715066e-03,-2.005814468113591847e-02,-8.805190695956723740e-03
9.214949897296966612e+07,-7.507467797502997975e-01,2.081068012762695707e-01,2.247641079766987829e-06,3.848760606038022392e-06,5.597295644175141370e-11,6.128544277506791869e-11,5.597295644181713578e-11,6.128544277492588920e-11,5.597295644171252329e-11,6.128544277509171306e-11,5.597295644175120044e-11,6.128544277506791869e-11,-1.213876247077302564e-04,6.967979262292147487e-05,-1.213876247077302293e-04,6.967979262292147487e-05,-1.213876247077302022e-04,6.967979262292150198e-05,-1.213876247077302564e-04,6.967979262292147487e-05,6.249502853481892828e+01,-7.104193593758493819e+01,-9.740688440851518165e-05,4.051497424285685944e-04,1.797595668361876601e-08,-1.641644790525437870e-08,1.797595668353597185e-08,-1.641644790531883261e-08,1.797595668361462018e-08,-1.641644790525527536e-08,1.797595668361878255e-08,-1.641644790525438863e-08,-1.901167986836804075e-02,-8.437052665616196281e-03,-1.901167986836803381e-02,-8.437052665616203220e-03,-1.901167986836805116e-02,-8.437052665616198016e-03,-1.901167986836804422e-02,-8.437052665616194547e-03
9.484099616380083561e+07,-7.447407731348995030e-01,2.065374889003852577e-01,2.244541798168431725e-06,3.582668527403538661e-06,4.989701103728739908e-11,5.431740952448913460e-11,4.989701103731943294e-11,5.431740952438069639e-11,4.989701103725669000e-11,5.431740952450877367e-11,4.989701103728729568e-11,5.431740952448871454e-11,-1.164349740699476704e-04,7.171239190566645514e-05,-1.164349740699476975e-04,7.171239190566642803e-05,-1.164349740699476704e-04,7.171239190566642803e-05,-1.164349740699476704e-04,7.171239190566640093e-05,6.029936258248492464e+01,-7.080164076063162781e+01,-9.628621108855644410e-05,3.698162167507506193e-04,1.547941014475278315e-08,-1.421821317739410227e-08,1.547941014468050080e-08,-1.421821317744829749e-08,1.547941014474953729e-08,-1.421821317739490298e-08,1.547941014475278315e-08,-1.421821317739410061e-08,-1.803563918228764246e-02,-8.086729963136394389e-03,-1.803563918228764940e-02,-8.086729963136396124e-03,-1.803563918228764246e-02,-8.086729963136389185e-03,-1.803563918228764940e-02,-8.086729963136390920e-03
9.761110644758410752e+07,-7.388395972931081079e-01,2.048055062300771223e-01,2.230564338352984778e-06,3.330672414569757375e-06,4.446985855326951546e-11,4.828908818405945325e-11,4.446985855329255373e-11,4.828908818396786239e-11,4.446985855324532042e-11,4.828908818407569314e-11,4.446985855326951546e-11,4.828908818405955019e-11,-1.115383028438894126e-04,7.344279994900379960e-05,-1.115383028438894397e-04,7.344279994900379960e-05,-1.115383028438894126e-04,7.344279994900377250e-05,-1.115383028438894669e-04,7.344279994900374539e-05,5.812974071173899659e+01,-7.048891203677844430e+01,-9.483101980139712196e-05,3.382138950115700336e-04,1.337042797745287868e-08,-1.231129204209071221e-08,1.337042797739156970e-08,-1.231129204213610292e-08,1.337042797745042857e-08,-1.231129204209143020e-08,1.337042797745287040e-08,-1.231129204209071221e-08,-1.712435872273396220e-02,-7.751540849563970728e-03,-1.712435872273396220e-02,-7.751540849563974198e-03,-1.712435872273396220e-02,-7.751540849563968993e-03,-1.712435872273395526e-02,-7.751540849563962922e-03
1.004621259509528577e+08,-7.330507635959071511e-01,2.029189104329954529e-01,2.207072269723029549e-06,3.092576300429163478e-06,3.964063566149775409e-11,4.305819829300414084e-11,3.964063566152751967e-11,4.305819829291689267e-11,3.964063566149071659e-11,4.305819829300879373e-11,3.964063566149776055e-11,4.305819829300403744e-11,-1.067134327582374141e-04,7.488606083075292495e-05,-1.067134327582373870e-04,7.488606083075287074e-05,-1.067134327582374141e-04,7.488606083075292495e-05,-1.067134327582374277e-04,7.488606083075287074e-05,5.599006424234113410e+01,-7.010666113671153710e+01,-9.303646150191793407e-05,3.099020025105192738e-04,1.158333183191163718e-08,-1.066212502380802316e-08,1.158333183186098560e-08,-1.066212502384572274e-08,1.158333183191096882e-08,-1.066212502380823823e-08,1.158333183191162395e-08,-1.066212502380801985e-08,-1.627250581268843352e-02,-7.429315202063403040e-03,-1.627250581268843005e-02,-7.429315202063399570e-03,-1.627250581268843352e-02,-7.429315202063399570e-03,-1.627250581268843005e-02,-7.429315202063396968e-03
1.033964178656732142e+08,-7.273810760599538350e-01,2.008860824025349157e-01,2.175337262183330981e-06,2.868106112763492473e-06,3.535680749283161085e-11,3.850315751839926257e-11,3.535680749286634598e-11,3.850315751831677069e-11,3.535680749282353938e-11,3.850315751840443245e-11,3.535680749283161085e-11,3.850315751839905577e-11,-1.019743749946937542e-04,7.605775570798382792e-05,-1.019743749946937271e-04,7.605775570798377371e-05,-1.019743749946937542e-04,7.605775570798385503e-05,-1.019743749946937542e-04,7.605775570798382792e-05,5.388392165767701414e+01,-6.965799093782331397e+01,-9.091407814810939340e-05,2.844889851095135525e-04,1.006365682546898844e-08,-9.239307576451960953e-09,1.006365682542709174e-08,-9.239307576483286283e-09,1.006365682546822744e-08,-9.239307576452227305e-09,1.006365682546896032e-08,-9.239307576451952681e-09,-1.547509516354886837e-02,-7.118330500830792607e-03,-1.547509516354886490e-02,-7.118330500830785668e-03,-1.547509516354886837e-02,-7.118330500830785668e-03,-1.547509516354886663e-02,-7.118330500830788270e-03
1.064164144074785709e+08,-7.218366236761742938e-01,1.987156595990603736e-01,2.136538254585737959e-06,2.656921590786546425e-06,3.156598466012168673e-11,3.452074036982703136e-11,3.156598466013894767e-11,3.452074036976335138e-11,3.156598466011051980e-11,3.452074036983478618e-11,3.156598466012179013e-11,3.452074036982692796e-11,-9.733337231375293220e-05,7.697380906925467700e-05,-9.733337231375293220e-05,7.697380906925470410e-05,-9.733337231375289154e-05,7.697380906925470410e-05,-9.733337231375290509e-05,7.697380906925470410e-05,5.181458319350939945e+01,-6.914616365997071057e+01,-8.848744763979820291e-05,2.616283990209331261e-04,8.766413507287639872e-09,-8.013956639685416831e-09,8.766413507251098341e-09,-8.013956639712232372e-09,8.766413507286617477e-09,-8.013956639685850273e-09,8.766413507287631600e-09,-8.013956639685423448e-09,-1.472749724333385218e-02,-6.817250592137717724e-03,-1.472749724333384871e-02,-6.817250592137721193e-03,-1.472749724333385045e-02,-6.817250592137715989e-03,-1.472749724333385392e-02,-6.817250592137719459e-03
1.095246188321176022e+08,-7.164227795417136280e-01,1.964164703500472509e-01,2.091761835269948312e-06,2.458627552419319055e-06,2.821729982752146465e-11,3.102382416176094982e-11,2.821729982753448951e-11,3.102382416170647222e-11,2.821729982750978395e-11,3.102382416176911823e-11,2.821729982752146465e-11,3.102382416176094982e-11,-9.280095955324997364e-05,7.765031080403718715e-05,-9.280095955324993299e-05,7.765031080403718715e-05,-9.280095955324998720e-05,7.765031080403716004e-05,-9.280095955324996009e-05,7.765031080403718715e-05,4.978499867446967642e+01,-6.857456940326102313e+01,-8.578852039855536986e-05,2.410148596454825720e-04,7.654558362040565461e-09,-6.959892722522074682e-09,7.654558362009484977e-09,-6.959892722544783271e-09,7.654558362039524868e-09,-6.959892722522544520e-09,7.654558362040557189e-09,-6.959892722522074682e-09,-1.402543976658445803e-02,-6.525068009269599165e-03,-1.402543976658445456e-02,-6.525068009269600899e-03,-1.402543976658445456e-02,-6.525068009269597430e-03,-1.402543976658445456e-02,-6.525068009269599165e-03
1.127236075102868527e+08,-7.111442063753146137e-01,1.939974703275288148e-01,2.042003677808225913e-06,2.272784416623285255e-06,2.526240390082911942e-11,2.793926539148390269e-11,2.526240390084632866e-11,2.793926539143169337e-11,2.526240390081769076e-11,2.793926539149186753e-11,2.526240390082911619e-11,2.793926539148390269e-11,-8.838603936181531112e-05,7.810335529309364578e-05,-8.838603936181531112e-05,7.810335529309367288e-05,-8.838603936181532467e-05,7.810335529309361867e-05,-8.838603936181527046e-05,7.810335529309367288e-05,4.779779839003469988e+01,-6.794669571005964315e+01,-8.285458595957550122e-05,2.223801086237374414e-04,6.697663557937956138e-09,-6.053681307608375145e-09,6.697663557912131559e-09,-6.053681307627316754e-09,6.697663557936981719e-09,-6.053681307608864009e-09,6.697663557937946212e-09,-6.053681307608375973e-09,-1.336500326141456738e-02,-6.241050439334893708e-03,-1.336500326141456738e-02,-6.241050439334893708e-03,-1.336500326141456738e-02,-6.241050439334895443e-03,-1.336500326141456738e-02,-6.241050439334896310e-03
1.160160320631678998e+08,-7.060048679197588051e-01,1.914676818321904561e-01,1.988170874527639152e-06,2.098917912785309339e-06,2.265614106261201899e-11,2.520593634393742956e-11,2.265614106262561901e-11,2.520593634389246130e-11,2.265614106261145677e-11,2.520593634393789484e-11,2.265614106261202546e-11,2.520593634393748449e-11,-8.409597009261427121e-05,7.834889821089357793e-05,-8.409597009261427121e-05,7.834889821089357793e-05,-8.409597009261425766e-05,7.834889821089360503e-05,-8.409597009261425766e-05,7.834889821089360503e-05,4.585529677030668694e+01,-6.726609843401378441e+01,-7.972580572654897025e-05,2.054892464450313986e-04,5.870772716107514791e-09,-5.274570852230769397e-09,5.870772716085486971e-09,-5.274570852246851442e-09,5.870772716107458543e-09,-5.274570852230798348e-09,5.870772716107517272e-09,-5.274570852230771878e-09,-1.274261167380709263e-02,-5.964691740495231369e-03,-1.274261167380709263e-02,-5.964691740495231369e-03,-1.274261167380709089e-02,-5.964691740495233971e-03,-1.274261167380709263e-02,-5.964691740495233971e-03
1.194046215603391230e+08,-7.010080456745283461e-01,1.888361364170093870e-01,1.931085013821144845e-06,1.936527934618929000e-06,2.035695902967375420e-11,2.277294011343492873e-11,2.035695902968430076e-11,2.277294011339600600e-11,2.035695902966134973e-11,2.277294011344387585e-11,2.035695902967360234e-11,2.277294011343488026e-11,-7.993666291853603913e-05,7.840263126739793233e-05,-7.993666291853603913e-05,7.840263126739790522e-05,-7.993666291853607979e-05,7.840263126739790522e-05,-7.993666291853607979e-05,7.840263126739790522e-05,4.395949859753673650e+01,-6.653637415703946090e+01,-7.644324770435233652e-05,1.901371668085092247e-04,5.153426934111998196e-09,-4.604358408253243693e-09,5.153426934093179837e-09,-4.604358408266913680e-09,5.153426934111020468e-09,-4.604358408253828510e-09,5.153426934111998196e-09,-4.604358408253241212e-09,-1.215501894529892428e-02,-5.695667746767441031e-03,-1.215501894529892081e-02,-5.695667746767441031e-03,-1.215501894529891734e-02,-5.695667746767439296e-03,-1.215501894529891561e-02,-5.695667746767440164e-03
1.228921847818839401e+08,-6.961563603707751069e-01,1.861118213052951054e-01,1.871485854018535126e-06,1.785096519009845318e-06,1.832710661260036786e-11,2.059801246813271021e-11,1.832710661260869459e-11,2.059801246809890567e-11,1.832710661259380857e-11,2.059801246813767330e-11,1.832710661260037432e-11,2.059801246813276191e-11,-7.591268542920859069e-05,7.827987471058529541e-05,-7.591268542920855003e-05,7.827987471058530896e-05,-7.591268542920859069e-05,7.827987471058529541e-05,-7.591268542920859069e-05,7.827987471058530896e-05,4.211210747703072599e+01,-6.576113434921576584e+01,-7.304736029233624243e-05,1.761452186610271663e-04,4.528843916890217729e-09,-4.027208076999102807e-09,4.528843916874119140e-09,-4.027208077010731312e-09,4.528843916889717285e-09,-4.027208076999432025e-09,4.528843916890228482e-09,-4.027208076999106943e-09,-1.159929245186966905e-02,-5.433796950005425307e-03,-1.159929245186966731e-02,-5.433796950005428776e-03,-1.159929245186966905e-02,-5.433796950005425307e-03,-1.159929245186966905e-02,-5.433796950005424439e-03
1.264816125465706289e+08,-6.914517975540465100e-01,1.833036299267882530e-01,1.810035455982615821e-06,1.644094949840846278e-06,1.653266543026618383e-11,1.864611108031885193e-11,1.653266543027678208e-11,1.864611108028628493e-11,1.653266543026427098e-11,1.864611108032019610e-11,1.653266543026623553e-11,1.864611108031874530e-11,-7.202736919483429773e-05,7.799548706933878792e-05,-7.202736919483429773e-05,7.799548706933881503e-05,-7.202736919483431128e-05,7.799548706933878792e-05,-7.202736919483431128e-05,7.799548706933878792e-05,4.031453627353659641e+01,-6.494398142812350727e+01,-6.957682474180155834e-05,1.633581127175942952e-04,3.983232631310856316e-09,-3.529442283836001688e-09,3.983232631297384025e-09,-3.529442283845674324e-09,3.983232631310723140e-09,-3.529442283836098468e-09,3.983232631310857143e-09,-3.529442283836002101e-09,-1.107279412892762764e-02,-5.179006019610293311e-03,-1.107279412892762764e-02,-5.179006019610294179e-03,-1.107279412892762764e-02,-5.179006019610291577e-03,-1.107279412892762764e-02,-5.179006019610293311e-03
1.301758801080334187e+08,-6.868957366555318300e-01,1.804203168456338102e-01,1.747322647814713213e-06,1.512990004063138589e-06,1.494345686481679116e-11,1.688818652214404763e-11,1.494345686482149251e-11,1.688818652211856336e-11,1.494345686481011878e-11,1.688818652214911088e-11,1.494345686481679439e-11,1.688818652214399593e-11,-6.828291906248939666e-05,7.756379133298480584e-05,-6.828291906248938311e-05,7.756379133298473808e-05,-6.828291906248939666e-05,7.756379133298476518e-05,-6.828291906248938311e-05,7.756379133298475163e-05,3.856791922627636637e+01,-6.408848682558254950e+01,-6.606772945992910918e-05,1.516410811942660395e-04,3.505226194758450449e-09,-3.099321257365459769e-09,3.505226194746616390e-09,-3.099321257373871782e-09,3.505226194757962413e-09,-3.099321257365810907e-09,3.505226194758450863e-09,-3.099321257365461837e-09,-1.057316002682327782e-02,-4.931300016877848517e-03,-1.057316002682327435e-02,-4.931300016877847650e-03,-1.057316002682327782e-02,-4.931300016877847650e-03,-1.057316002682327782e-02,-4.931300016877848517e-03
1.339780496209411472e+08,-6.824889829119042961e-01,1.774704572234013233e-01,1.683867707642371520e-06,1.391249370759990847e-06,1.353285944717823837e-11,1.530012492586317110e-11,1.353285944718490752e-11,1.530012492583846231e-11,1.353285944717392152e-11,1.530012492586647982e-11,1.353285944717819152e-11,1.530012492586312263e-11,-6.468052221892730549e-05,7.699851654734925688e-05,-6.468052221892727838e-05,7.699851654734925688e-05,-6.468052221892729194e-05,7.699851654734925688e-05,-6.468052221892730549e-05,7.699851654734925688e-05,3.687312544938586001e+01,-6.319817113509120787e+01,-6.255301357640193397e-05,1.408772927342382168e-04,3.085416538841831104e-09,-2.726822164104150499e-09,3.085416538831897079e-09,-2.726822164111129422e-09,3.085416538841527943e-09,-2.726822164104378388e-09,3.085416538841833999e-09,-2.726822164104150086e-09,-1.009827895807472592e-02,-4.690737074634374580e-03,-1.009827895807472592e-02,-4.690737074634377182e-03,-1.009827895807472592e-02,-4.690737074634376315e-03,-1.009827895807472592e-02,-4.690737074634371978e-03
1.378912726791975796e+08,-6.782318015284131141e-01,1.744624109117820232e-01,1.620127163678627678e-06,1.278346285091593040e-06,1.227756607008523845e-11,1.386184914265672417e-11,1.227756607009045680e-11,1.386184914263506238e-11,1.227756607007877449e-11,1.386184914266163555e-11,1.227756607008521260e-11,1.386184914265672417e-11,-6.122045535249471052e-05,7.631275364534861254e-05,-6.122045535249468341e-05,7.631275364534861254e-05,-6.122045535249471052e-05,7.631275364534861254e-05,-6.122045535249468341e-05,7.631275364534858543e-05,3.523077354016882623e+01,-6.227648637124438835e+01,-5.906213194860073879e-05,1.309655188370383591e-04,2.715975588201193977e-09,-2.403426056242634294e-09,2.715975588192647547e-09,-2.403426056248555253e-09,2.715975588200753504e-09,-2.403426056242986673e-09,2.715975588201193977e-09,-2.403426056242634294e-09,-9.646270806077853963e-03,-4.457407250607237255e-03,-9.646270806077852228e-03,-4.457407250607237255e-03,-9.646270806077853963e-03,-4.457407250607237255e-03,-9.646270806077860901e-03,-4.457407250607233785e-03
1.419187929282774031e+08,-6.741239534830679725e-01,1.714042911503564359e-01,1.556498624193619800e-06,1.173763426889752614e-06,1.115730498695680788e-11,1.255656338433027166e-11,1.115730498696078545e-11,1.255656338431132567e-11,1.115730498695437803e-11,1.255656338433200357e-11,1.115730498695680626e-11,1.255656338433029751e-11,-5.790218851891838048e-05,7.551892422419376324e-05,-5.790218851891838048e-05,7.551892422419376324e-05,-5.790218851891839404e-05,7.551892422419377679e-05,-5.790218851891836693e-05,7.551892422419377679e-05,3.364124702109918275e+01,-6.132680034309938577e+01,-5.562089873405481443e-05,1.218180436545163268e-04,2.390349117096596805e-09,-2.121918108479301760e-09,2.390349117089240274e-09,-2.121918108484319024e-09,2.390349117096439227e-09,-2.121918108479432454e-09,2.390349117096593910e-09,-2.121918108479300105e-09,-9.215464977443526759e-03,-4.231415216307767360e-03,-9.215464977443526759e-03,-4.231415216307767360e-03,-9.215464977443528494e-03,-4.231415216307764758e-03,-9.215464977443526759e-03,-4.231415216307766493e-03
1.460639487538630962e+08,-6.701647324277996143e-01,1.683039378225389959e-01,1.493325563276601194e-06,1.076996139585710041e-06,1.015454357236733141e-11,1.137012548462336831e-11,1.015454357237030086e-11,1.137012548460682470e-11,1.015454357236285946e-11,1.137012548462701307e-11,1.015454357236727809e-11,1.137012548462341839e-11,-5.472448460032901485e-05,7.462876092201549199e-05,-5.472448460032902163e-05,7.462876092201550554e-05,-5.472448460032900130e-05,7.462876092201546489e-05,-5.472448460032902840e-05,7.462876092201547844e-05,3.210471036694490721e+01,-6.035238310782999349e+01,-5.225147173024951300e-05,1.133588055229940998e-04,2.103010978579387176e-09,-1.876204485404899757e-09,2.103010978573049731e-09,-1.876204485409146089e-09,2.103010978579093940e-09,-1.876204485405150393e-09,2.103010978579388003e-09,-1.876204485404900998e-09,-8.804379390923279189e-03,-4.012866417195932664e-03,-8.804379390923279189e-03,-4.012866417195937001e-03,-8.804379390923277454e-03,-4.012866417195932664e-03,-8.804379390923279189e-03,-4.012866417195930062e-03
1.503301760490114689e+08,-6.663530021638830458e-01,1.651688951256275462e-01,1.430902000958743448e-06,9.875550283706859701e-07,9.254189418420086241e-12,1.029053085278741637e-11,9.254189418422231741e-12,1.029053085277289062e-11,9.254189418417914892e-12,1.029053085278917413e-11,9.254189418420112091e-12,1.029053085278741637e-11,-5.168549349215493394e-05,7.365329802966101645e-05,-5.168549349215495426e-05,7.365329802966103000e-05,-5.168549349215494749e-05,7.365329802966100290e-05,-5.168549349215496782e-05,7.365329802966101645e-05,3.062112537948120305e+01,-5.935639544871170870e+01,-4.897244460494448596e-05,1.055217561416379725e-04,1.849266950818983071e-09,-1.661147536511905501e-09,1.849266950813520784e-09,-1.661147536515493190e-09,1.849266950818839969e-09,-1.661147536512028130e-09,1.849266950818981417e-09,-1.661147536511905294e-09,-8.411700315563510472e-03,-3.801856325208345655e-03,-8.411700315563510472e-03,-3.801856325208347390e-03,-8.411700315563512206e-03,-3.801856325208347390e-03,-8.411700315563512206e-03,-3.801856325208344788e-03
1.547210110621432662e+08,-6.626872342247540626e-01,1.620063934797781324e-01,1.369477028177910453e-06,9.049679981115685066e-07,8.443299527055094193e-12,9.307492722493094165e-12,8.443299527056515909e-12,9.307492722480300331e-12,8.443299527050544699e-12,9.307492722496868177e-12,8.443299527055120042e-12,9.307492722493068316e-12,-4.878284039063754738e-05,7.260287099098736250e-05,-4.878284039063756771e-05,7.260287099098732184e-05,-4.878284039063756093e-05,7.260287099098734894e-05,-4.878284039063755415e-05,7.260287099098734894e-05,2.919026769698634283e+01,-5.834187929699018582e+01,-4.579901888583670801e-05,9.824942162069986095e-05,1.625098947124760494e-09,-1.472419785652271558e-09,1.625098947120050321e-09,-1.472419785655296144e-09,1.625098947124469120e-09,-1.472419785652532120e-09,1.625098947124758012e-09,-1.472419785652271144e-09,-8.036263294393115875e-03,-3.598462404726876333e-03,-8.036263294393112405e-03,-3.598462404726875466e-03,-8.036263294393115875e-03,-3.598462404726875466e-03,-8.036263294393114140e-03,-3.598462404726876333e-03
1.592400933282168806e+08,-6.591655451407134603e-01,1.588233354423559396e-01,1.309259137992539660e-06,8.287817913938130653e-07,7.710805152162947616e-12,8.412104247632752573e-12,7.710805152163852345e-12,8.412104247621613099e-12,7.710805152161655146e-12,8.412104247633864096e-12,7.710805152162921767e-12,8.412104247632805887e-12,-4.601370775942879718e-05,7.148712349035433739e-05,-4.601370775942879041e-05,7.148712349035436450e-05,-4.601370775942879041e-05,7.148712349035435095e-05,-4.601370775942877685e-05,7.148712349035433739e-05,2.781174324474543624e+01,-5.731175000039957723e+01,-4.274323200084105816e-05,9.149164868217622031e-05,1.427041743253786245e-09,-1.306376301095130314e-09,1.427041743249724581e-09,-1.306376301097675549e-09,1.427041743253704974e-09,-1.306376301095204347e-09,1.427041743253787693e-09,-1.306376301095129487e-09,-7.677035322763189895e-03,-3.402738421825419416e-03,-7.677035322763191630e-03,-3.402738421825421584e-03,-7.677035322763190762e-03,-3.402738421825418982e-03,-7.677035322763187293e-03,-3.402738421825420283e-03
1.638911686855154335e+08,-6.557857330280556507e-01,1.556262854010591890e-01,1.250420334325135281e-06,7.585630858092272778e-07,7.047257205954243961e-12,7.596569220528217351e-12,7.047257205955923364e-12,7.596569220517360605e-12,7.047257205953054081e-12,7.596569220529251326e-12,7.047257205954269003e-12,7.596569220528165652e-12,-4.337491074442148314e-05,7.031502089432402477e-05,-4.337491074442148992e-05,7.031502089432399767e-05,-4.337491074442148314e-05,7.031502089432402477e-05,-4.337491074442148314e-05,7.031502089432402477e-05,2.648500446239460615e+01,-5.626879032365474842e+01,-3.981422174811794385e-05,8.520451891320947292e-05,1.252085659175195740e-09,-1.159944433716871887e-09,1.252085659171768731e-09,-1.159944433718937150e-09,1.252085659175122328e-09,-1.159944433716939302e-09,1.252085659175196154e-09,-1.159944433716871060e-09,-7.333098389743165392e-03,-3.214710745163345922e-03,-7.333098389743163657e-03,-3.214710745163344187e-03,-7.333098389743165392e-03,-3.214710745163345922e-03,-7.333098389743164525e-03,-3.214710745163345922e-03
1.686780923805481493e+08,-6.525453131626902659e-01,1.524214627166232683e-01,1.193099998197726556e-06,6.938992069145616081e-07,6.444595048626565744e-12,6.853989558832330146e-12,6.444595048627739468e-12,6.853989558822829686e-12,6.444595048625194918e-12,6.853989558833583842e-12,6.444595048626552011e-12,6.853989558832368112e-12,-4.086296594791420791e-05,6.909486889723051909e-05,-4.086296594791420791e-05,6.909486889723051909e-05,-4.086296594791420791e-05,6.909486889723051909e-05,-4.086296594791422146e-05,6.909486889723051909e-05,2.520936615323556751e+01,-5.521564606176016810e+01,-3.701851120425801907e-05,7.934941414324155323e-05,1.097599775665215697e-09,-1.030529539420174903e-09,1.097599775662260801e-09,-1.030529539421901436e-09,1.097599775665128222e-09,-1.030529539420255967e-09,1.097599775665214456e-09,-1.030529539420173869e-09,-7.003634442396919346e-03,-3.034376307229150627e-03,-7.003634442396918479e-03,-3.034376307229151495e-03,-7.003634442396919346e-03,-3.034376307229150627e-03,-7.003634442396919346e-03,-3.034376307229149760e-03
1.736048322636393905e+08,-6.494415522911964889e-01,1.492147380671383916e-01,1.137408499026692893e-06,6.343985104543602365e-07,5.895939834929168220e-12,6.178199143017352418e-12,5.895939834928973542e-12,6.178199143009818128e-12,5.895939834927475085e-12,6.178199143018851683e-12,5.895939834929153680e-12,6.178199143017378268e-12,-3.847415362391140071e-05,6.783433631607527789e-05,-3.847415362391140071e-05,6.783433631607526434e-05,-3.847415362391141426e-05,6.783433631607526434e-05,-3.847415362391140749e-05,6.783433631607526434e-05,2.398402083996327150e+01,-5.415482313221102117e+01,-3.436030138254727863e-05,7.389221645833777532e-05,9.612712662986355947e-10,-9.159350994359641853e-10,9.612712662960322505e-10,-9.159350994374586939e-10,9.612712662985375738e-10,-9.159350994360612756e-10,9.612712662986370423e-10,-9.159350994359652193e-10,-6.687911787033669515e-03,-2.861701925006219106e-03,-6.687911787033667781e-03,-2.861701925006218238e-03,-6.687911787033669515e-03,-2.861701925006219106e-03,-6.687911787033668648e-03,-2.861701925006219973e-03
1.786754720778543651e+08,-6.464715014473200183e-01,1.460116326585763902e-01,1.083430544960228441e-06,5.796904834394143588e-07,5.395412377461643546e-12,5.563634998402915632e-12,5.395412377461229148e-12,5.563634998396362810e-12,5.395412377460635420e-12,5.563634998403859135e-12,5.395412377461656471e-12,5.563634998402928556e-12,-3.620457344823053189e-05,6.654048108032390297e-05,-3.620457344823051833e-05,6.654048108032391653e-05,-3.620457344823053189e-05,6.654048108032390297e-05,-3.620457344823053866e-05,6.654048108032394363e-05,2.280805351932881209e+01,-5.308868601423444034e+01,-3.184176175292272547e-05,6.880262719756238278e-05,8.410572825591360015e-10,-8.142955823163676499e-10,8.410572825568931013e-10,-8.142955823176129703e-10,8.410572825590744799e-10,-8.142955823164256560e-10,8.410572825591354845e-10,-8.142955823163680635e-10,-6.385272909216348040e-03,-2.696624705806481732e-03,-6.385272909216348908e-03,-2.696624705806481299e-03,-6.385272909216348040e-03,-2.696624705806481732e-03,-6.385272909216348908e-03,-2.696624705806480865e-03
1.838942148439874947e+08,-6.436320271054977171e-01,1.428173200022689326e-01,1.031228271632296892e-06,5.294256097603627393e-07,4.937974603967463605e-12,5.005238165697910476e-12,4.937974603967605777e-12,5.005238165691527291e-12,4.937974603965628298e-12,5.005238165699656117e-12,4.937974603967451488e-12,5.005238165697911283e-12,-3.405019411000961523e-05,6.521977856591411825e-05,-3.405019411000962201e-05,6.521977856591411825e-05,-3.405019411000961523e-05,6.521977856591411825e-05,-3.405019411000962878e-05,6.521977856591413181e-05,2.168045573547739124e+01,-5.201945739890661002e+01,-2.946331119475651327e-05,6.405359023753589437e-05,7.351465544496240550e-10,-7.240204110236830688e-10,7.351465544477351881e-10,-7.240204110246771331e-10,7.351465544495150740e-10,-7.240204110237906022e-10,7.351465544496240550e-10,-7.240204110236833790e-10,-6.095123665658598588e-03,-2.539053295845650812e-03,-6.095123665658596854e-03,-2.539053295845648209e-03,-6.095123665658598588e-03,-2.539053295845650812e-03,-6.095123665658598588e-03,-2.539053295845651245e-03
1.892653863444194198e+08,-6.409198405414737731e-01,1.396366299515660048e-01,9.808440730953937951e-07,4.832750417390181225e-07,4.519293094422547306e-12,4.498377849626675410e-12,4.519293094421862297e-12,4.498377849621661435e-12,4.519293094421849372e-12,4.498377849627386268e-12,4.519293094422534381e-12,4.498377849626688335e-12,-3.200689703316837221e-05,6.387815152577212775e-05,-3.200689703316835866e-05,6.387815152577211420e-05,-3.200689703316839254e-05,6.387815152577210065e-05,-3.200689703316839932e-05,6.387815152577212775e-05,2.060013890882604670e+01,-5.094921891596739982e+01,-2.722388400925130901e-05,5.962080599314663597e-05,6.419284713201248194e-10,-6.437474816280119224e-10,6.419284713184637373e-10,-6.437474816288693985e-10,6.419284713200830468e-10,-6.437474816280530747e-10,6.419284713201243024e-10,-6.437474816280113020e-10,-5.816923780722869919e-03,-2.388869759103427748e-03,-5.816923780722869919e-03,-2.388869759103428182e-03,-5.816923780722869051e-03,-2.388869759103426013e-03,-5.816923780722870786e-03,-2.388869759103426881e-03
1.947934387087302208e+08,-6.383315253107699760e-01,1.364740546986981107e-01,9.323031821798139300e-07,4.409301147672753802e-07,4.135622818941997903e-12,4.038793558698144655e-12,4.135622818941751526e-12,4.038793558693246195e-12,4.135622818941403367e-12,4.038793558698726267e-12,4.135622818941984979e-12,4.038793558698130923e-12,-3.007051458348992257e-05,6.252100096877231028e-05,-3.007051458348993273e-05,6.252100096877231028e-05,-3.007051458348991240e-05,6.252100096877232383e-05,-3.007051458348993951e-05,6.252100096877231028e-05,1.956594687507740105e+01,-4.987991280619256429e+01,-2.512117733333391561e-05,5.548232374743569483e-05,5.599679015544256407e-10,-5.723048019969724643e-10,5.599679015530286361e-10,-5.723048019976499252e-10,5.599679015543905890e-10,-5.723048019970066889e-10,5.599679015544265713e-10,-5.723048019969730846e-10,-5.550178565248125445e-03,-2.245931903590426063e-03,-5.550178565248125445e-03,-2.245931903590425629e-03,-5.550178565248127180e-03,-2.245931903590428231e-03,-5.550178565248125445e-03,-2.245931903590425629e-03
2.004829541040410399e+08,-6.358635627919676514e-01,1.333337564441318124e-01,8.856160102110284027e-07,4.021017379946337143e-07,3.783709010711684463e-12,3.622550940414687497e-12,3.783709010711308839e-12,3.622550940410409423e-12,3.783709010710818509e-12,3.622550940415604747e-12,3.783709010711684463e-12,3.622550940414687497e-12,-2.823686314777090761e-05,6.115323743395639571e-05,-2.823686314777090422e-05,6.115323743395639571e-05,-2.823686314777092794e-05,6.115323743395638216e-05,-2.823686314777091439e-05,6.115323743395639571e-05,1.857666760476697121e+01,-4.881334441296692006e+01,-2.315187769652927508e-05,5.161820113318586409e-05,4.879844091318844977e-10,-5.086789620095434444e-10,4.879844091306846722e-10,-5.086789620101000336e-10,4.879844091318319717e-10,-5.086789620095952466e-10,4.879844091318840841e-10,-5.086789620095433410e-10,-5.294431765566019049e-03,-2.110075900088500146e-03,-5.294431765566018182e-03,-2.110075900088499278e-03,-5.294431765566019049e-03,-2.110075900088499278e-03,-5.294431765566018182e-03,-2.110075900088500146e-03
2.063386485331430435e+08,-6.335123557740083289e-01,1.302195764651852550e-01,8.407802579957723774e-07,3.665196899951510171e-07,3.460705055401072248e-12,3.246007874143728120e-12,3.460705055400606152e-12,3.246007874139992479e-12,3.460705055401033474e-12,3.246007874143760432e-12,3.460705055401084365e-12,3.246007874143714791e-12,-2.650177148879389943e-05,5.977931219550356432e-05,-2.650177148879389943e-05,5.977931219550356432e-05,-2.650177148879391637e-05,5.977931219550359143e-05,-2.650177148879391298e-05,5.977931219550359143e-05,1.763104408781053323e+01,-4.775118537282631337e+01,-2.131186558280281774e-05,4.801022078431344187e-05,4.248348437086352964e-10,-4.519892980543381180e-10,4.248348437076058702e-10,-4.519892980547938945e-10,4.248348437086322979e-10,-4.519892980543397723e-10,4.248348437086346761e-10,-4.519892980543375493e-10,-5.049259444969722045e-03,-1.981119064369771601e-03,-5.049259444969720310e-03,-1.981119064369769867e-03,-5.049259444969721178e-03,-1.981119064369771601e-03,-5.049259444969722913e-03,-1.981119064369772469e-03
2.123653757435618341e+08,-6.312742500951428193e-01,1.271350453275247594e-01,7.977828113539317842e-07,3.339318445435949267e-07,3.164104322922593134e-12,2.905788113373516461e-12,3.164104322922043431e-12,2.905788113370291749e-12,3.164104322922160157e-12,2.905788113373988213e-12,3.164104322922599597e-12,2.905788113373509999e-12,-2.486110478655792797e-05,5.840324801518175245e-05,-2.486110478655792120e-05,5.840324801518169824e-05,-2.486110478655792797e-05,5.840324801518172534e-05,-2.486110478655793136e-05,5.840324801518169824e-05,1.672778437983830102e+01,-4.669497739183229612e+01,-1.959639773676016331e-05,4.464165532811277439e-05,3.694985317219170996e-10,-4.014667645448481309e-10,3.694985317210349632e-10,-4.014667645452202070e-10,3.694985317218918189e-10,-4.014667645448731014e-10,3.694985317219170996e-10,-4.014667645448481309e-10,-4.814264797798700757e-03,-1.858862697593888441e-03,-4.814264797798698155e-03,-1.858862697593887140e-03,-4.814264797798701624e-03,-1.858862697593887574e-03,-4.814264797798701624e-03,-1.858862697593889309e-03
2.185681312507975698e+08,-6.291455543655245508e-01,1.240833940018613440e-01,7.566014353297556467e-07,3.041033480838574250e-07,2.891683978607672638e-12,2.598760379120422446e-12,2.891683978607097489e-12,2.598760379117611728e-12,2.891683978607427069e-12,2.598760379120674478e-12,2.891683978607672638e-12,2.598760379120415984e-12,-2.331078477321751235e-05,5.702866913295622084e-05,-2.331078477321750218e-05,5.702866913295622084e-05,-2.331078477321751235e-05,5.702866913295623439e-05,-2.331078477321751912e-05,5.702866913295623439e-05,1.586557081772754429e+01,-4.564613650247914478e+01,-1.800026762126708010e-05,4.149707297986166867e-05,3.210644909077300337e-10,-3.564366676558846206e-10,3.210644909069749212e-10,-3.564366676561871102e-10,3.210644909077167988e-10,-3.564366676558987861e-10,3.210644909077304473e-10,-3.564366676558845689e-10,-4.589073797049987580e-03,-1.743094900779796176e-03,-4.589073797049986712e-03,-1.743094900779795960e-03,-4.589073797049987580e-03,-1.743094900779795743e-03,-4.589073797049988447e-03,-1.743094900779796827e-03
2.249520564790757895e+08,-6.271225578260755107e-01,1.210675656679664064e-01,7.172062816407160604e-07,2.768157672212371282e-07,2.641458964676646762e-12,2.322021308115710700e-12,2.641458964676019106e-12,2.322021308113287320e-12,2.641458964676252155e-12,2.322021308116156602e-12,2.641458964676639895e-12,2.322021308115704238e-12,-2.184680635936451436e-05,5.565883025236902668e-05,-2.184680635936451436e-05,5.565883025236902668e-05,-2.184680635936450758e-05,5.565883025236902668e-05,-2.184680635936451436e-05,5.565883025236902668e-05,1.504306842072393913e+01,-4.460595770410900940e+01,-1.651794492478992490e-05,3.856217701501043886e-05,2.787202400163873569e-10,-3.163045475576390572e-10,2.787202400157416391e-10,-3.163045475578838510e-10,2.787202400163642476e-10,-3.163045475576608224e-10,2.787202400163870984e-10,-3.163045475576387470e-10,-4.373331579349862622e-03,-1.633593297991301364e-03,-4.373331579349862622e-03,-1.633593297991301364e-03,-4.373331579349862622e-03,-1.633593297991301580e-03,-4.373331579349861754e-03,-1.633593297991301364e-03
2.315224430230408907e+08,-6.252015464133369171e-01,1.180902280087412215e-01,6.795612239992549003e-07,2.518662216189895437e-07,2.411644520257749918e-12,2.072881065789064951e-12,2.411644520257349253e-12,2.072881065786712656e-12,2.411644520257581897e-12,2.072881065789265284e-12,2.411644520257742648e-12,2.072881065789071414e-12,-2.046525113385910151e-05,5.429664433559193112e-05,-2.046525113385909813e-05,5.429664433559194467e-05,-2.046525113385909474e-05,5.429664433559193112e-05,-2.046525113385910490e-05,5.429664433559194467e-05,1.425893250097928622e+01,-4.357561989833634186e+01,-1.514369536092952936e-05,3.582367332321016799e-05,2.417418884548509424e-10,-2.805446130325509418e-10,2.417418884543124996e-10,-2.805446130327363337e-10,2.417418884548409129e-10,-2.805446130325608680e-10,2.417418884548513560e-10,-2.805446130325509418e-10,-4.166699475688960715e-03,-1.530127619164724966e-03,-4.166699475688961582e-03,-1.530127619164726050e-03,-4.166699475688961582e-03,-1.530127619164725616e-03,-4.166699475688959847e-03,-1.530127619164725183e-03
2.382847370339249969e+08,-6.233788171139724721e-01,1.151537858193212721e-01,6.436250357419878808e-07,2.290665150334492615e-07,2.200625794993500332e-12,1.848850757696416557e-12,2.200625794992887217e-12,1.848850757694594175e-12,2.200625794993391280e-12,1.848850757696545804e-12,2.200625794993494273e-12,1.848850757696410094e-12,-1.916229810004900657e-05,5.294470907395307046e-05,-1.916229810004900657e-05,5.294470907395307046e-05,-1.916229810004902351e-05,5.294470907395307046e-05,-1.916229810004900996e-05,5.294470907395307046e-05,1.351181551351305288e+01,-4.255619103950737525e+01,-1.387168222697049499e-05,3.326916108875603893e-05,2.094852747729412335e-10,-2.486902357252529968e-10,2.094852747724708779e-10,-2.486902357254117121e-10,2.094852747729341766e-10,-2.486902357252591490e-10,2.094852747729411559e-10,-2.486902357252531002e-10,-3.968852602039796632e-03,-1.432462107484858485e-03,-3.968852602039795764e-03,-1.432462107484858051e-03,-3.968852602039795764e-03,-1.432462107484856750e-03,-3.968852602039795764e-03,-1.432462107484858268e-03
2.452445437338277102e+08,-6.216506906998643389e-01,1.122603937647492361e-01,6.093524237814591920e-07,2.082422748551960230e-07,2.006933297319627145e-12,1.647631026170604459e-12,2.006933297319026147e-12,1.647631026169047033e-12,2.006933297319355727e-12,1.647631026170934039e-12,2.006933297319620683e-12,1.647631026170597997e-12,-1.793423198748093710e-05,5.160533194339821550e-05,-1.793423198748093033e-05,5.160533194339818840e-05,-1.793423198748094727e-05,5.160533194339822906e-05,-1.793423198748093372e-05,5.160533194339821550e-05,1.280037317891510540e+01,-4.154863342906932644e+01,-1.269605131344890901e-05,3.088704239532438377e-05,1.813779846982498810e-10,-2.203261005913386511e-10,1.813779846978490861e-10,-2.203261005914653390e-10,1.813779846982334924e-10,-2.203261005913535404e-10,1.813779846982498810e-10,-2.203261005913385477e-10,-3.779477930591936680e-03,-1.340357727735009110e-03,-3.779477930591935379e-03,-1.340357727735008893e-03,-3.779477930591935812e-03,-1.340357727735008676e-03,-3.779477930591936246e-03,-1.340357727735009110e-03
2.524076320618487895e+08,-6.200135229542227400e-01,1.094119691838670305e-01,5.766949323282700092e-07,1.892321085095255008e-07,1.829223095151434722e-12,1.467101414500912427e-12,1.829223095150859573e-12,1.467101414499568460e-12,1.829223095151260238e-12,1.467101414501125684e-12,1.829223095151441184e-12,1.467101414500915658e-12,-1.677744945854994305e-05,5.028055379240291945e-05,-1.677744945854994644e-05,5.028055379240290590e-05,-1.677744945854994305e-05,5.028055379240289235e-05,-1.677744945854994644e-05,5.028055379240289235e-05,1.212326992057346686e+01,-4.055380908954963814e+01,-1.161100081759089631e-05,2.866644721245256911e-05,1.569121242060900228e-10,-1.950816849552677495e-10,1.569121242057490176e-10,-1.950816849553685363e-10,1.569121242060791919e-10,-1.950816849552771846e-10,1.569121242060897643e-10,-1.950816849552676720e-10,-3.598272768805927790e-03,-1.253574162643813052e-03,-3.598272768805928657e-03,-1.253574162643813486e-03,-3.598272768805927790e-03,-1.253574162643812618e-03,-3.598272768805925188e-03,-1.253574162643811534e-03
2.597799394559246898e+08,-6.184637144782624274e-01,1.066102047611262316e-01,5.456017291129893649e-07,1.718867831595726589e-07,1.666260853505319307e-12,1.305310225672467089e-12,1.666260853504876838e-12,1.305310225671158665e-12,1.666260853505206418e-12,1.305310225672606029e-12,1.666260853505322740e-12,1.305310225672467291e-12,-1.568846349478132240e-05,4.897217093955006306e-05,-1.568846349478132579e-05,4.897217093955000885e-05,-1.568846349478131223e-05,4.897217093955003595e-05,-1.568846349478131562e-05,4.897217093955003595e-05,1.147918364992660401e+01,-3.957248516477238809e+01,-1.061083788866777401e-05,2.659717081626638093e-05,1.356377546754484870e-10,-1.726258025651690817e-10,1.356377546751658238e-10,-1.726258025652423130e-10,1.356377546754418178e-10,-1.726258025651750529e-10,1.356377546754483577e-10,-1.726258025651689783e-10,-3.424943581519884067e-03,-1.171871590392609261e-03,-3.424943581519883200e-03,-1.171871590392608827e-03,-3.424943581519884501e-03,-1.171871590392609694e-03,-3.424943581519884067e-03,-1.171871590392609044e-03
2.673675767743327618e+08,-6.169977192075072336e-01,1.038565810429309400e-01,5.160202861014945744e-07,1.560684337568116041e-07,1.516908939945385844e-12,1.160464712908499166e-12,1.516908939944852296e-12,1.160464712907516687e-12,1.516908939945250135e-12,1.160464712908680112e-12,1.516908939945389277e-12,1.160464712908499166e-12,-1.466390623536533481e-05,4.768175578636101231e-05,-1.466390623536532803e-05,4.768175578636101231e-05,-1.466390623536533142e-05,4.768175578636101231e-05,-1.466390623536533142e-05,4.768175578636102587e-05,1.086680995001717775e+01,-3.860533929610792825e+01,-9.690023410766530491e-06,2.466962118618607077e-05,1.171569196670574947e-10,-1.526620015603187094e-10,1.171569196668114344e-10,-1.526620015603812133e-10,1.171569196670491971e-10,-1.526620015603262316e-10,1.171569196670575464e-10,-1.526620015603188128e-10,-3.259205097005030572e-03,-1.095012245327486432e-03,-3.259205097005029705e-03,-1.095012245327485999e-03,-3.259205097005030572e-03,-1.095012245327485999e-03,-3.259205097005031006e-03,-1.095012245327486432e-03
2.751768333609425426e+08,-6.156120517328161901e-01,1.011523786653426016e-01,4.878969658475782479e-07,1.416498030155501497e-07,1.380115963878990327e-12,1.030921513701470023e-12,1.380115963878492928e-12,1.030921513700629918e-12,1.380115963878847954e-12,1.030921513701660461e-12,1.380115963878987096e-12,1.030921513701466792e-12,-1.370053050288641262e-05,4.641067596983182420e-05,-1.370053050288641262e-05,4.641067596983182420e-05,-1.370053050288641601e-05,4.641067596983183775e-05,-1.370053050288641601e-05,4.641067596983185130e-05,1.028486569408593887e+01,-3.765296493558137314e+01,-8.843206524019350299e-06,2.287477437082416552e-05,1.011182078269331186e-10,-1.349246488938508326e-10,1.011182078267246174e-10,-1.349246488938996621e-10,1.011182078269243815e-10,-1.349246488938583290e-10,1.011182078269332866e-10,-1.349246488938510911e-10,-3.100779645929334014e-03,-1.022761766482449628e-03,-3.100779645929334014e-03,-1.022761766482449628e-03,-3.100779645929333146e-03,-1.022761766482448761e-03,-3.100779645929333580e-03,-1.022761766482449411e-03
2.832141822584123611e+08,-6.143032935378032189e-01,9.849869023961270453e-02,4.611775238072284526e-07,1.285135158433710347e-07,1.254908229866327310e-12,9.151772930693963543e-13,1.254908229865861819e-12,9.151772930686854959e-13,1.254908229866210785e-12,9.151772930695482195e-13,1.254908229866330339e-12,9.151772930693963543e-13,-1.279521023315720939e-05,4.516011209712363122e-05,-1.279521023315720939e-05,4.516011209712361766e-05,-1.279521023315720939e-05,4.516011209712363122e-05,-1.279521023315722294e-05,4.516011209712364477e-05,9.732092143261903416e+00,-3.671587656105302244e+01,-8.065250298077672507e-06,2.120413617952798024e-05,8.721180683829644401e-11,-1.191755687390503309e-10,8.721180683811987972e-11,-1.191755687390880451e-10,8.721180683828973609e-11,-1.191755687390560953e-10,8.721180683829646986e-11,-1.191755687390504601e-10,-2.949396687981678099e-03,-9.548903434809498597e-04,-2.949396687981677232e-03,-9.548903434809496429e-04,-2.949396687981678099e-03,-9.548903434809498597e-04,-2.949396687981676365e-03,-9.548903434809496429e-04
2.914862855736529827e+08,-6.130680982626979247e-01,9.589643186648411088e-02,4.358075361039444867e-07,1.165513898188790320e-07,1.140382684558124447e-12,8.118595961522200473e-13,1.140382684557698134e-12,8.118595961516126875e-13,1.140382684558082442e-12,8.118595961522879019e-13,1.140382684558127678e-12,8.118595961522216629e-13,-1.194494000256209596e-05,4.393107411815986874e-05,-1.194494000256208580e-05,4.393107411815986874e-05,-1.194494000256209935e-05,4.393107411815988229e-05,-1.194494000256209257e-05,4.393107411815988229e-05,9.207257567462038494e+00,-3.579451476459260562e+01,-7.351249858520534185e-06,1.964970887121209004e-05,7.516501015907291834e-11,-1.052011306697979226e-10,7.516501015892366394e-11,-1.052011306698269644e-10,7.516501015906985519e-11,-1.052011306698004429e-10,7.516501015907295712e-11,-1.052011306697980001e-10,-2.804792486974671054e-03,-8.911736721133850080e-04,-2.804792486974670186e-03,-8.911736721133843575e-04,-2.804792486974671054e-03,-8.911736721133845743e-04,-2.804792486974671054e-03,-8.911736721133843575e-04
3.000000000000051856e+08,-6.119031960908262180e-01,9.334635422229008161e-02,4.117327614046410375e-07,1.056637825009900004e-07,1.035701021561500571e-12,7.197179303863676059e-13,1.035701021561157663e-12,7.197179303857779166e-13,1.035701021561451901e-12,7.197179303864516165e-13,1.035701021561500369e-12,7.197179303863675050e-13,-1.114683382076432613e-05,4.272441640096350061e-05,-1.114683382076432613e-05,4.272441640096350061e-05,-1.114683382076432951e-05,4.272441640096350061e-05,-1.114683382076432951e-05,4.272441640096350061e-05,8.709159428428661087e+00,-3.488925119164347421e+01,-6.696544141857072083e-06,1.820396177956958906e-05,6.473814272397385721e-11,-9.280970593980178761e-11,6.473814272385118891e-11,-9.280970593982092909e-11,6.473814272397049679e-11,-9.280970593980435962e-11,6.473814272397387014e-11,-9.280970593980168421e-11,-2.666709901126795759e-03,-8.313937330966991637e-04,-2.666709901126795759e-03,-8.313937330966993805e-04,-2.666709901126795325e-03,-8.313937330966990552e-04,-2.666709901126795325e-03,-8.313937330966990552e-04
