Note: gnd in a subcircuit is not set to 0 automatically

Note: Compatibility modes selected: ps a


Circuit: full_monolithic_short_final

Reducing trtol to 1 for xspice 'A' devices
Doing analysis at TEMP = 27.000000 and TNOM = 27.000000

Using SPARSE 1.3 as Direct Linear Solver

DC solution failed -

Last Node Voltages
------------------

Node                                   Last Voltage        Previous Iter
----                                   ------------        -------------
v5                                                5                    5
ref                                             2.5                  2.5
vcm_cmd                                   -nan(ind)            -nan(ind)
xcm.n3294772                              -nan(ind)            -nan(ind)
xcm.n3294776                              -nan(ind)            -nan(ind)
xcm.n3294626                              -nan(ind)            -nan(ind)
xcm.n3294630                              -nan(ind)            -nan(ind)
xcm.mid                                   -nan(ind)            -nan(ind)
xcm.n47456861                             -nan(ind)            -nan(ind)
xcm.n4736080                              -nan(ind)            -nan(ind)
xcm.n3294524                              -nan(ind)            -nan(ind)
xcm.n47492651                             -nan(ind)            -nan(ind)
xcm.n47965841                             -nan(ind)            -nan(ind)
xcm.n4797748                              -nan(ind)            -nan(ind)
xcm.n4797760                              -nan(ind)            -nan(ind)
xcm.n48001371                             -nan(ind)            -nan(ind)
xcm.n4809008                              -nan(ind)            -nan(ind)
xcm.n2991553                              -nan(ind)            -nan(ind)
xcm.n4817896                              -nan(ind)            -nan(ind)
xcm.n2991581                              -nan(ind)            -nan(ind)
xcm.n2992397                              -nan(ind)            -nan(ind)
xcm.n2992375                              -nan(ind)            -nan(ind)
xcm.n2992413                              -nan(ind)            -nan(ind)
xcm.n2991741                              -nan(ind)            -nan(ind)
xcm.n2991765                              -nan(ind)            -nan(ind)
xcm.n2991811                              -nan(ind)            -nan(ind)
xcm.n2991831                              -nan(ind)            -nan(ind)
xcm.n2991907                              -nan(ind)            -nan(ind)
xcm.n2991925                              -nan(ind)            -nan(ind)
xcm.n2991969                              -nan(ind)            -nan(ind)
xcm.n2992033                              -nan(ind)            -nan(ind)
xcm.n2992029                              -nan(ind)            -nan(ind)
xcm.n2992093                              -nan(ind)            -nan(ind)
xcm.n2992099                              -nan(ind)            -nan(ind)
xcm.sw_ol_opax388                         -nan(ind)            -nan(ind)
xcm.vimon                                 -nan(ind)            -nan(ind)
xcm.vout_s                                -nan(ind)            -nan(ind)
xcm.n2991657                              -nan(ind)            -nan(ind)
xcm.clamp                                 -nan(ind)            -nan(ind)
xcm.vclp                                  -nan(ind)            -nan(ind)
xcm.n4031911                              -nan(ind)            -nan(ind)
xcm.n3827259                              -nan(ind)            -nan(ind)
xcm.n3828449                              -nan(ind)            -nan(ind)
xcm.n3850714                              -nan(ind)            -nan(ind)
xcm.n3850724                              -nan(ind)            -nan(ind)
xcm.n4243633                              -nan(ind)            -nan(ind)
xcm.n2991579                              -nan(ind)            -nan(ind)
xcm.esdp                                  -nan(ind)            -nan(ind)
xcm.esdn                                  -nan(ind)            -nan(ind)
xcm.n2992163                              -nan(ind)            -nan(ind)
cmdrv                                     -nan(ind)            -nan(ind)
xcm.n3294618                              -nan(ind)            -nan(ind)
xcm.cl_clamp                              -nan(ind)            -nan(ind)
xcm.claw_clamp                            -nan(ind)            -nan(ind)
xcm.n3201092                              -nan(ind)            -nan(ind)
xcm.vcc_b                                 -nan(ind)            -nan(ind)
xcm.vee_b                                 -nan(ind)            -nan(ind)
xcm.n2991563                              -nan(ind)            -nan(ind)
xcm.n2991555                              -nan(ind)            -nan(ind)
xcm.vcc_clp                               -nan(ind)            -nan(ind)
xcm.vee_clp                               -nan(ind)            -nan(ind)
xcm.n2992299                              -nan(ind)            -nan(ind)
xcm.n2992295                              -nan(ind)            -nan(ind)
xcm.n2992323                              -nan(ind)            -nan(ind)
xcm.n2992331                              -nan(ind)            -nan(ind)
xcm.n2992235                              -nan(ind)            -nan(ind)
xcm.vsense                                -nan(ind)            -nan(ind)
xcm.n2991587                              -nan(ind)            -nan(ind)
xcm.n2991583                              -nan(ind)            -nan(ind)
xcm.n4747399                              -nan(ind)            -nan(ind)
xcm.n4745674                              -nan(ind)            -nan(ind)
xcm.n4796554                              -nan(ind)            -nan(ind)
xcm.n4749239                              -nan(ind)            -nan(ind)
xcm.n4796572                              -nan(ind)            -nan(ind)
xcm.n4798545                              -nan(ind)            -nan(ind)
xcm.n4800105                              -nan(ind)            -nan(ind)
xcm.n2991573                              -nan(ind)            -nan(ind)
xcm.n2991619                              -nan(ind)            -nan(ind)
xcm.n2991623                              -nan(ind)            -nan(ind)
xcm.n2991635                              -nan(ind)            -nan(ind)
xcm.n2991643                              -nan(ind)            -nan(ind)
xcm.n2991667                              -nan(ind)            -nan(ind)
xcm.n3294682                              -nan(ind)            -nan(ind)
xcm.n2991729                              -nan(ind)            -nan(ind)
xcm.n2991763                              -nan(ind)            -nan(ind)
xcm.n2991807                              -nan(ind)            -nan(ind)
xcm.n2991809                              -nan(ind)            -nan(ind)
xcm.n2991837                              -nan(ind)            -nan(ind)
xcm.n2991849                              -nan(ind)            -nan(ind)
xcm.n2991901                              -nan(ind)            -nan(ind)
xcm.n2991905                              -nan(ind)            -nan(ind)
xcm.n2991931                              -nan(ind)            -nan(ind)
xcm.n2991943                              -nan(ind)            -nan(ind)
xcm.n2991997                              -nan(ind)            -nan(ind)
xcm.n2992001                              -nan(ind)            -nan(ind)
xcm.v11                                   -nan(ind)            -nan(ind)
xcm.v12                                   -nan(ind)            -nan(ind)
xcm.n2992105                              -nan(ind)            -nan(ind)
cmfb                                      -nan(ind)            -nan(ind)
xcm.n2992151                              -nan(ind)            -nan(ind)
xcm.n2992287                              -nan(ind)            -nan(ind)
xcm.n2992267                              -nan(ind)            -nan(ind)
xcm.x_u10.gvo+_int1                       -nan(ind)            -nan(ind)
xcm.x_u10.gvo-_int1                       -nan(ind)            -nan(ind)
xcm.x_u11.gvo+_int1                       -nan(ind)            -nan(ind)
xcm.x_u11.gvo-_int1                       -nan(ind)            -nan(ind)
xcm.x_u12.gvo+_int1                       -nan(ind)            -nan(ind)
xcm.x_u12.gvo-_int1                       -nan(ind)            -nan(ind)
xcm.x_u16.gsw+_int1                       -nan(ind)            -nan(ind)
xcm.x_u18.g1_int1                         -nan(ind)            -nan(ind)
xcm.x_u18.g1_int2                         -nan(ind)            -nan(ind)
xcm.x_u19.g1_int1                         -nan(ind)            -nan(ind)
xcm.x_u19.g1_int2                         -nan(ind)            -nan(ind)
xcm.x_u22.g1_int1                         -nan(ind)            -nan(ind)
xcm.x_u23.g1_int1                         -nan(ind)            -nan(ind)
xcm.x_u26.g1_int1                         -nan(ind)            -nan(ind)
xcm.x_u27.g1_int1                         -nan(ind)            -nan(ind)
xcm.x_u30.g1_int1                         -nan(ind)            -nan(ind)
xcm.x_u31.g1_int1                         -nan(ind)            -nan(ind)
xcm.x_u32.g1_int1                         -nan(ind)            -nan(ind)
xcm.x_u35.g1_int1                         -nan(ind)            -nan(ind)
xcm.x_u38.3                                       0                    0
xcm.x_u38.5                                       0                    0
xcm.x_u39.3                                       0                    0
xcm.x_u39.5                                       0                    0
xcm.x_u4.e1_int1                       -3.00202e-07         -3.00202e-07
xcm.x_u40.5                                       0                    0
xcm.x_u6.g1_int1                          -nan(ind)            -nan(ind)
vcm                                       -nan(ind)            -nan(ind)
vexcmd                                    -nan(ind)            -nan(ind)
xex.n3294772                              -nan(ind)            -nan(ind)
xex.n3294776                              -nan(ind)            -nan(ind)
xex.n3294626                              -nan(ind)            -nan(ind)
xex.n3294630                              -nan(ind)            -nan(ind)
xex.mid                                   -nan(ind)            -nan(ind)
xex.n47456861                             -nan(ind)            -nan(ind)
xex.n4736080                              -nan(ind)            -nan(ind)
xex.n3294524                              -nan(ind)            -nan(ind)
xex.n47492651                             -nan(ind)            -nan(ind)
xex.n47965841                             -nan(ind)            -nan(ind)
xex.n4797748                              -nan(ind)            -nan(ind)
xex.n4797760                              -nan(ind)            -nan(ind)
xex.n48001371                             -nan(ind)            -nan(ind)
xex.n4809008                              -nan(ind)            -nan(ind)
xex.n2991553                              -nan(ind)            -nan(ind)
xex.n4817896                              -nan(ind)            -nan(ind)
xex.n2991581                              -nan(ind)            -nan(ind)
xex.n2992397                              -nan(ind)            -nan(ind)
xex.n2992375                              -nan(ind)            -nan(ind)
xex.n2992413                              -nan(ind)            -nan(ind)
xex.n2991741                              -nan(ind)            -nan(ind)
xex.n2991765                              -nan(ind)            -nan(ind)
xex.n2991811                              -nan(ind)            -nan(ind)
xex.n2991831                              -nan(ind)            -nan(ind)
xex.n2991907                              -nan(ind)            -nan(ind)
xex.n2991925                              -nan(ind)            -nan(ind)
xex.n2991969                              -nan(ind)            -nan(ind)
xex.n2992033                              -nan(ind)            -nan(ind)
xex.n2992029                              -nan(ind)            -nan(ind)
xex.n2992093                              -nan(ind)            -nan(ind)
xex.n2992099                              -nan(ind)            -nan(ind)
xex.sw_ol_opax388                         -nan(ind)            -nan(ind)
xex.vimon                                 -nan(ind)            -nan(ind)
xex.vout_s                                -nan(ind)            -nan(ind)
xex.n2991657                              -nan(ind)            -nan(ind)
xex.clamp                                 -nan(ind)            -nan(ind)
xex.vclp                                  -nan(ind)            -nan(ind)
xex.n4031911                              -nan(ind)            -nan(ind)
xex.n3827259                              -nan(ind)            -nan(ind)
xex.n3828449                              -nan(ind)            -nan(ind)
xex.n3850714                              -nan(ind)            -nan(ind)
xex.n3850724                              -nan(ind)            -nan(ind)
xex.n4243633                              -nan(ind)            -nan(ind)
xex.n2991579                              -nan(ind)            -nan(ind)
xex.esdp                                  -nan(ind)            -nan(ind)
xex.esdn                                  -nan(ind)            -nan(ind)
xex.n2992163                              -nan(ind)            -nan(ind)
exdrv                                     -nan(ind)            -nan(ind)
xex.n3294618                              -nan(ind)            -nan(ind)
xex.cl_clamp                              -nan(ind)            -nan(ind)
xex.claw_clamp                            -nan(ind)            -nan(ind)
xex.n3201092                              -nan(ind)            -nan(ind)
xex.vcc_b                                 -nan(ind)            -nan(ind)
xex.vee_b                                 -nan(ind)            -nan(ind)
xex.n2991563                              -nan(ind)            -nan(ind)
xex.n2991555                              -nan(ind)            -nan(ind)
xex.vcc_clp                               -nan(ind)            -nan(ind)
xex.vee_clp                               -nan(ind)            -nan(ind)
xex.n2992299                              -nan(ind)            -nan(ind)
xex.n2992295                              -nan(ind)            -nan(ind)
xex.n2992323                              -nan(ind)            -nan(ind)
xex.n2992331                              -nan(ind)            -nan(ind)
xex.n2992235                              -nan(ind)            -nan(ind)
xex.vsense                                -nan(ind)            -nan(ind)
xex.n2991587                              -nan(ind)            -nan(ind)
xex.n2991583                              -nan(ind)            -nan(ind)
xex.n4747399                              -nan(ind)            -nan(ind)
xex.n4745674                              -nan(ind)            -nan(ind)
xex.n4796554                              -nan(ind)            -nan(ind)
xex.n4749239                              -nan(ind)            -nan(ind)
xex.n4796572                              -nan(ind)            -nan(ind)
xex.n4798545                              -nan(ind)            -nan(ind)
xex.n4800105                              -nan(ind)            -nan(ind)
xex.n2991573                              -nan(ind)            -nan(ind)
xex.n2991619                              -nan(ind)            -nan(ind)
xex.n2991623                              -nan(ind)            -nan(ind)
xex.n2991635                              -nan(ind)            -nan(ind)
xex.n2991643                              -nan(ind)            -nan(ind)
xex.n2991667                              -nan(ind)            -nan(ind)
xex.n3294682                              -nan(ind)            -nan(ind)
xex.n2991729                              -nan(ind)            -nan(ind)
xex.n2991763                              -nan(ind)            -nan(ind)
xex.n2991807                              -nan(ind)            -nan(ind)
xex.n2991809                              -nan(ind)            -nan(ind)
xex.n2991837                              -nan(ind)            -nan(ind)
xex.n2991849                              -nan(ind)            -nan(ind)
xex.n2991901                              -nan(ind)            -nan(ind)
xex.n2991905                              -nan(ind)            -nan(ind)
xex.n2991931                              -nan(ind)            -nan(ind)
xex.n2991943                              -nan(ind)            -nan(ind)
xex.n2991997                              -nan(ind)            -nan(ind)
xex.n2992001                              -nan(ind)            -nan(ind)
xex.v11                                   -nan(ind)            -nan(ind)
xex.v12                                   -nan(ind)            -nan(ind)
xex.n2992105                              -nan(ind)            -nan(ind)
exfb                                      -nan(ind)            -nan(ind)
xex.n2992151                              -nan(ind)            -nan(ind)
xex.n2992287                              -nan(ind)            -nan(ind)
xex.n2992267                              -nan(ind)            -nan(ind)
xex.x_u10.gvo+_int1                       -nan(ind)            -nan(ind)
xex.x_u10.gvo-_int1                       -nan(ind)            -nan(ind)
xex.x_u11.gvo+_int1                       -nan(ind)            -nan(ind)
xex.x_u11.gvo-_int1                       -nan(ind)            -nan(ind)
xex.x_u12.gvo+_int1                       -nan(ind)            -nan(ind)
xex.x_u12.gvo-_int1                       -nan(ind)            -nan(ind)
xex.x_u16.gsw+_int1                       -nan(ind)            -nan(ind)
xex.x_u18.g1_int1                         -nan(ind)            -nan(ind)
xex.x_u18.g1_int2                         -nan(ind)            -nan(ind)
xex.x_u19.g1_int1                         -nan(ind)            -nan(ind)
xex.x_u19.g1_int2                         -nan(ind)            -nan(ind)
xex.x_u22.g1_int1                         -nan(ind)            -nan(ind)
xex.x_u23.g1_int1                         -nan(ind)            -nan(ind)
xex.x_u26.g1_int1                         -nan(ind)            -nan(ind)
xex.x_u27.g1_int1                         -nan(ind)            -nan(ind)
xex.x_u30.g1_int1                         -nan(ind)            -nan(ind)
xex.x_u31.g1_int1                         -nan(ind)            -nan(ind)
xex.x_u32.g1_int1                         -nan(ind)            -nan(ind)
xex.x_u35.g1_int1                         -nan(ind)            -nan(ind)
xex.x_u38.3                                       0                    0
xex.x_u38.5                                       0                    0
xex.x_u39.3                                       0                    0
xex.x_u39.5                                       0                    0
xex.x_u4.e1_int1                       -3.00202e-07         -3.00202e-07
xex.x_u40.5                                       0                    0
xex.x_u6.g1_int1                          -nan(ind)            -nan(ind)
vexc                                      -nan(ind)            -nan(ind)
sel0                                              0                    0
ns0                                               1                    1
cmd0                                      -nan(ind)            -nan(ind)
xr0.n3294772                              -nan(ind)            -nan(ind)
xr0.n3294776                              -nan(ind)            -nan(ind)
xr0.n3294626                              -nan(ind)            -nan(ind)
xr0.n3294630                              -nan(ind)            -nan(ind)
xr0.mid                                   -nan(ind)            -nan(ind)
xr0.n47456861                             -nan(ind)            -nan(ind)
xr0.n4736080                              -nan(ind)            -nan(ind)
xr0.n3294524                              -nan(ind)            -nan(ind)
xr0.n47492651                             -nan(ind)            -nan(ind)
xr0.n47965841                             -nan(ind)            -nan(ind)
xr0.n4797748                              -nan(ind)            -nan(ind)
xr0.n4797760                              -nan(ind)            -nan(ind)
xr0.n48001371                             -nan(ind)            -nan(ind)
xr0.n4809008                              -nan(ind)            -nan(ind)
xr0.n2991553                              -nan(ind)            -nan(ind)
xr0.n4817896                              -nan(ind)            -nan(ind)
xr0.n2991581                              -nan(ind)            -nan(ind)
xr0.n2992397                              -nan(ind)            -nan(ind)
xr0.n2992375                              -nan(ind)            -nan(ind)
xr0.n2992413                              -nan(ind)            -nan(ind)
xr0.n2991741                              -nan(ind)            -nan(ind)
xr0.n2991765                              -nan(ind)            -nan(ind)
xr0.n2991811                              -nan(ind)            -nan(ind)
xr0.n2991831                              -nan(ind)            -nan(ind)
xr0.n2991907                              -nan(ind)            -nan(ind)
xr0.n2991925                              -nan(ind)            -nan(ind)
xr0.n2991969                              -nan(ind)            -nan(ind)
xr0.n2992033                              -nan(ind)            -nan(ind)
xr0.n2992029                              -nan(ind)            -nan(ind)
xr0.n2992093                              -nan(ind)            -nan(ind)
xr0.n2992099                              -nan(ind)            -nan(ind)
xr0.sw_ol_opa4388                         -nan(ind)            -nan(ind)
xr0.vimon                                 -nan(ind)            -nan(ind)
xr0.vout_s                                -nan(ind)            -nan(ind)
xr0.n2991657                              -nan(ind)            -nan(ind)
xr0.clamp                                 -nan(ind)            -nan(ind)
xr0.vclp                                  -nan(ind)            -nan(ind)
xr0.n4031911                              -nan(ind)            -nan(ind)
xr0.n3827259                              -nan(ind)            -nan(ind)
xr0.n3828449                              -nan(ind)            -nan(ind)
xr0.n3850714                              -nan(ind)            -nan(ind)
xr0.n3850724                              -nan(ind)            -nan(ind)
xr0.n4243633                              -nan(ind)            -nan(ind)
xr0.n2991579                              -nan(ind)            -nan(ind)
xr0.esdp                                  -nan(ind)            -nan(ind)
xr0.esdn                                  -nan(ind)            -nan(ind)
xr0.n2992163                              -nan(ind)            -nan(ind)
drv0                                      -nan(ind)            -nan(ind)
xr0.n3294618                              -nan(ind)            -nan(ind)
xr0.cl_clamp                              -nan(ind)            -nan(ind)
xr0.claw_clamp                            -nan(ind)            -nan(ind)
xr0.n3201092                              -nan(ind)            -nan(ind)
xr0.vcc_b                                 -nan(ind)            -nan(ind)
xr0.vee_b                                 -nan(ind)            -nan(ind)
xr0.n2991563                              -nan(ind)            -nan(ind)
xr0.n2991555                              -nan(ind)            -nan(ind)
xr0.vcc_clp                               -nan(ind)            -nan(ind)
xr0.vee_clp                               -nan(ind)            -nan(ind)
xr0.n2992299                              -nan(ind)            -nan(ind)
xr0.n2992295                              -nan(ind)            -nan(ind)
xr0.n2992323                              -nan(ind)            -nan(ind)
xr0.n2992331                              -nan(ind)            -nan(ind)
xr0.n2992235                              -nan(ind)            -nan(ind)
xr0.vsense                                -nan(ind)            -nan(ind)
xr0.n2991587                              -nan(ind)            -nan(ind)
xr0.n2991583                              -nan(ind)            -nan(ind)
xr0.n4747399                              -nan(ind)            -nan(ind)
xr0.n4745674                              -nan(ind)            -nan(ind)
xr0.n4796554                              -nan(ind)            -nan(ind)
xr0.n4749239                              -nan(ind)            -nan(ind)
xr0.n4796572                              -nan(ind)            -nan(ind)
xr0.n4798545                              -nan(ind)            -nan(ind)
xr0.n4800105                              -nan(ind)            -nan(ind)
xr0.n2991573                              -nan(ind)            -nan(ind)
xr0.n2991619                              -nan(ind)            -nan(ind)
xr0.n2991623                              -nan(ind)            -nan(ind)
xr0.n2991635                              -nan(ind)            -nan(ind)
xr0.n2991643                              -nan(ind)            -nan(ind)
xr0.n2991667                              -nan(ind)            -nan(ind)
xr0.n3294682                              -nan(ind)            -nan(ind)
xr0.n2991729                              -nan(ind)            -nan(ind)
xr0.n2991763                              -nan(ind)            -nan(ind)
xr0.n2991807                              -nan(ind)            -nan(ind)
xr0.n2991809                              -nan(ind)            -nan(ind)
xr0.n2991837                              -nan(ind)            -nan(ind)
xr0.n2991849                              -nan(ind)            -nan(ind)
xr0.n2991901                              -nan(ind)            -nan(ind)
xr0.n2991905                              -nan(ind)            -nan(ind)
xr0.n2991931                              -nan(ind)            -nan(ind)
xr0.n2991943                              -nan(ind)            -nan(ind)
xr0.n2991997                              -nan(ind)            -nan(ind)
xr0.n2992001                              -nan(ind)            -nan(ind)
xr0.v11                                   -nan(ind)            -nan(ind)
xr0.v12                                   -nan(ind)            -nan(ind)
xr0.n2992105                              -nan(ind)            -nan(ind)
fb0                                       -nan(ind)            -nan(ind)
xr0.n2992151                              -nan(ind)            -nan(ind)
xr0.n2992287                              -nan(ind)            -nan(ind)
xr0.n2992267                              -nan(ind)            -nan(ind)
xr0.x_u10.gvo+_int1                       -nan(ind)            -nan(ind)
xr0.x_u10.gvo-_int1                       -nan(ind)            -nan(ind)
xr0.x_u11.gvo+_int1                       -nan(ind)            -nan(ind)
xr0.x_u11.gvo-_int1                       -nan(ind)            -nan(ind)
xr0.x_u12.gvo+_int1                       -nan(ind)            -nan(ind)
xr0.x_u12.gvo-_int1                       -nan(ind)            -nan(ind)
xr0.x_u16.gsw+_int1                       -nan(ind)            -nan(ind)
xr0.x_u18.g1_int1                         -nan(ind)            -nan(ind)
xr0.x_u18.g1_int2                         -nan(ind)            -nan(ind)
xr0.x_u19.g1_int1                         -nan(ind)            -nan(ind)
xr0.x_u19.g1_int2                         -nan(ind)            -nan(ind)
xr0.x_u22.g1_int1                         -nan(ind)            -nan(ind)
xr0.x_u23.g1_int1                         -nan(ind)            -nan(ind)
xr0.x_u26.g1_int1                         -nan(ind)            -nan(ind)
xr0.x_u27.g1_int1                         -nan(ind)            -nan(ind)
xr0.x_u30.g1_int1                         -nan(ind)            -nan(ind)
xr0.x_u31.g1_int1                         -nan(ind)            -nan(ind)
xr0.x_u32.g1_int1                         -nan(ind)            -nan(ind)
xr0.x_u35.g1_int1                         -nan(ind)            -nan(ind)
xr0.x_u38.3                                       0                    0
xr0.x_u38.5                                       0                    0
xr0.x_u39.3                                       0                    0
xr0.x_u39.5                                       0                    0
xr0.x_u4.e1_int1                          -4.67e-06            -4.67e-06
xr0.x_u40.5                                       0                    0
xr0.x_u6.g1_int1                          -nan(ind)            -nan(ind)
row0                                      -nan(ind)            -nan(ind)
sel1                                              0                    0
ns1                                               1                    1
cmd1                                      -nan(ind)            -nan(ind)
xr1.n3294772                              -nan(ind)            -nan(ind)
xr1.n3294776                              -nan(ind)            -nan(ind)
xr1.n3294626                              -nan(ind)            -nan(ind)
xr1.n3294630                              -nan(ind)            -nan(ind)
xr1.mid                                   -nan(ind)            -nan(ind)
xr1.n47456861                             -nan(ind)            -nan(ind)
xr1.n4736080                              -nan(ind)            -nan(ind)
xr1.n3294524                              -nan(ind)            -nan(ind)
xr1.n47492651                             -nan(ind)            -nan(ind)
xr1.n47965841                             -nan(ind)            -nan(ind)
xr1.n4797748                              -nan(ind)            -nan(ind)
xr1.n4797760                              -nan(ind)            -nan(ind)
xr1.n48001371                             -nan(ind)            -nan(ind)
xr1.n4809008                              -nan(ind)            -nan(ind)
xr1.n2991553                              -nan(ind)            -nan(ind)
xr1.n4817896                              -nan(ind)            -nan(ind)
xr1.n2991581                              -nan(ind)            -nan(ind)
xr1.n2992397                              -nan(ind)            -nan(ind)
xr1.n2992375                              -nan(ind)            -nan(ind)
xr1.n2992413                              -nan(ind)            -nan(ind)
xr1.n2991741                              -nan(ind)            -nan(ind)
xr1.n2991765                              -nan(ind)            -nan(ind)
xr1.n2991811                              -nan(ind)            -nan(ind)
xr1.n2991831                              -nan(ind)            -nan(ind)
xr1.n2991907                              -nan(ind)            -nan(ind)
xr1.n2991925                              -nan(ind)            -nan(ind)
xr1.n2991969                              -nan(ind)            -nan(ind)
xr1.n2992033                              -nan(ind)            -nan(ind)
xr1.n2992029                              -nan(ind)            -nan(ind)
xr1.n2992093                              -nan(ind)            -nan(ind)
xr1.n2992099                              -nan(ind)            -nan(ind)
xr1.sw_ol_opa4388                         -nan(ind)            -nan(ind)
xr1.vimon                                 -nan(ind)            -nan(ind)
xr1.vout_s                                -nan(ind)            -nan(ind)
xr1.n2991657                              -nan(ind)            -nan(ind)
xr1.clamp                                 -nan(ind)            -nan(ind)
xr1.vclp                                  -nan(ind)            -nan(ind)
xr1.n4031911                              -nan(ind)            -nan(ind)
xr1.n3827259                              -nan(ind)            -nan(ind)
xr1.n3828449                              -nan(ind)            -nan(ind)
xr1.n3850714                              -nan(ind)            -nan(ind)
xr1.n3850724                              -nan(ind)            -nan(ind)
xr1.n4243633                              -nan(ind)            -nan(ind)
xr1.n2991579                              -nan(ind)            -nan(ind)
xr1.esdp                                  -nan(ind)            -nan(ind)
xr1.esdn                                  -nan(ind)            -nan(ind)
xr1.n2992163                              -nan(ind)            -nan(ind)
drv1                                      -nan(ind)            -nan(ind)
xr1.n3294618                              -nan(ind)            -nan(ind)
xr1.cl_clamp                              -nan(ind)            -nan(ind)
xr1.claw_clamp                            -nan(ind)            -nan(ind)
xr1.n3201092                              -nan(ind)            -nan(ind)
xr1.vcc_b                                 -nan(ind)            -nan(ind)
xr1.vee_b                                 -nan(ind)            -nan(ind)
xr1.n2991563                              -nan(ind)            -nan(ind)
xr1.n2991555                              -nan(ind)            -nan(ind)
xr1.vcc_clp                               -nan(ind)            -nan(ind)
xr1.vee_clp                               -nan(ind)            -nan(ind)
xr1.n2992299                              -nan(ind)            -nan(ind)
xr1.n2992295                              -nan(ind)            -nan(ind)
xr1.n2992323                              -nan(ind)            -nan(ind)
xr1.n2992331                              -nan(ind)            -nan(ind)
xr1.n2992235                              -nan(ind)            -nan(ind)
xr1.vsense                                -nan(ind)            -nan(ind)
xr1.n2991587                              -nan(ind)            -nan(ind)
xr1.n2991583                              -nan(ind)            -nan(ind)
xr1.n4747399                              -nan(ind)            -nan(ind)
xr1.n4745674                              -nan(ind)            -nan(ind)
xr1.n4796554                              -nan(ind)            -nan(ind)
xr1.n4749239                              -nan(ind)            -nan(ind)
xr1.n4796572                              -nan(ind)            -nan(ind)
xr1.n4798545                              -nan(ind)            -nan(ind)
xr1.n4800105                              -nan(ind)            -nan(ind)
xr1.n2991573                              -nan(ind)            -nan(ind)
xr1.n2991619                              -nan(ind)            -nan(ind)
xr1.n2991623                              -nan(ind)            -nan(ind)
xr1.n2991635                              -nan(ind)            -nan(ind)
xr1.n2991643                              -nan(ind)            -nan(ind)
xr1.n2991667                              -nan(ind)            -nan(ind)
xr1.n3294682                              -nan(ind)            -nan(ind)
xr1.n2991729                              -nan(ind)            -nan(ind)
xr1.n2991763                              -nan(ind)            -nan(ind)
xr1.n2991807                              -nan(ind)            -nan(ind)
xr1.n2991809                              -nan(ind)            -nan(ind)
xr1.n2991837                              -nan(ind)            -nan(ind)
xr1.n2991849                              -nan(ind)            -nan(ind)
xr1.n2991901                              -nan(ind)            -nan(ind)
xr1.n2991905                              -nan(ind)            -nan(ind)
xr1.n2991931                              -nan(ind)            -nan(ind)
xr1.n2991943                              -nan(ind)            -nan(ind)
xr1.n2991997                              -nan(ind)            -nan(ind)
xr1.n2992001                              -nan(ind)            -nan(ind)
xr1.v11                                   -nan(ind)            -nan(ind)
xr1.v12                                   -nan(ind)            -nan(ind)
xr1.n2992105                              -nan(ind)            -nan(ind)
fb1                                       -nan(ind)            -nan(ind)
xr1.n2992151                              -nan(ind)            -nan(ind)
xr1.n2992287                              -nan(ind)            -nan(ind)
xr1.n2992267                              -nan(ind)            -nan(ind)
xr1.x_u10.gvo+_int1                       -nan(ind)            -nan(ind)
xr1.x_u10.gvo-_int1                       -nan(ind)            -nan(ind)
xr1.x_u11.gvo+_int1                       -nan(ind)            -nan(ind)
xr1.x_u11.gvo-_int1                       -nan(ind)            -nan(ind)
xr1.x_u12.gvo+_int1                       -nan(ind)            -nan(ind)
xr1.x_u12.gvo-_int1                       -nan(ind)            -nan(ind)
xr1.x_u16.gsw+_int1                       -nan(ind)            -nan(ind)
xr1.x_u18.g1_int1                         -nan(ind)            -nan(ind)
xr1.x_u18.g1_int2                         -nan(ind)            -nan(ind)
xr1.x_u19.g1_int1                         -nan(ind)            -nan(ind)
xr1.x_u19.g1_int2                         -nan(ind)            -nan(ind)
xr1.x_u22.g1_int1                         -nan(ind)            -nan(ind)
xr1.x_u23.g1_int1                         -nan(ind)            -nan(ind)
xr1.x_u26.g1_int1                         -nan(ind)            -nan(ind)
xr1.x_u27.g1_int1                         -nan(ind)            -nan(ind)
xr1.x_u30.g1_int1                         -nan(ind)            -nan(ind)
xr1.x_u31.g1_int1                         -nan(ind)            -nan(ind)
xr1.x_u32.g1_int1                         -nan(ind)            -nan(ind)
xr1.x_u35.g1_int1                         -nan(ind)            -nan(ind)
xr1.x_u38.3                                       0                    0
xr1.x_u38.5                                       0                    0
xr1.x_u39.3                                       0                    0
xr1.x_u39.5                                       0                    0
xr1.x_u4.e1_int1                          -4.67e-06            -4.67e-06
xr1.x_u40.5                                       0                    0
xr1.x_u6.g1_int1                          -nan(ind)            -nan(ind)
row1                                      -nan(ind)            -nan(ind)
sel2                                              0                    0
ns2                                               1                    1
cmd2                                      -nan(ind)            -nan(ind)
xr2.n3294772                              -nan(ind)            -nan(ind)
xr2.n3294776                              -nan(ind)            -nan(ind)
xr2.n3294626                              -nan(ind)            -nan(ind)
xr2.n3294630                              -nan(ind)            -nan(ind)
xr2.mid                                   -nan(ind)            -nan(ind)
xr2.n47456861                             -nan(ind)            -nan(ind)
xr2.n4736080                              -nan(ind)            -nan(ind)
xr2.n3294524                              -nan(ind)            -nan(ind)
xr2.n47492651                             -nan(ind)            -nan(ind)
xr2.n47965841                             -nan(ind)            -nan(ind)
xr2.n4797748                              -nan(ind)            -nan(ind)
xr2.n4797760                              -nan(ind)            -nan(ind)
xr2.n48001371                             -nan(ind)            -nan(ind)
xr2.n4809008                              -nan(ind)            -nan(ind)
xr2.n2991553                              -nan(ind)            -nan(ind)
xr2.n4817896                              -nan(ind)            -nan(ind)
xr2.n2991581                              -nan(ind)            -nan(ind)
xr2.n2992397                              -nan(ind)            -nan(ind)
xr2.n2992375                              -nan(ind)            -nan(ind)
xr2.n2992413                              -nan(ind)            -nan(ind)
xr2.n2991741                              -nan(ind)            -nan(ind)
xr2.n2991765                              -nan(ind)            -nan(ind)
xr2.n2991811                              -nan(ind)            -nan(ind)
xr2.n2991831                              -nan(ind)            -nan(ind)
xr2.n2991907                              -nan(ind)            -nan(ind)
xr2.n2991925                              -nan(ind)            -nan(ind)
xr2.n2991969                              -nan(ind)            -nan(ind)
xr2.n2992033                              -nan(ind)            -nan(ind)
xr2.n2992029                              -nan(ind)            -nan(ind)
xr2.n2992093                              -nan(ind)            -nan(ind)
xr2.n2992099                              -nan(ind)            -nan(ind)
xr2.sw_ol_opa4388                         -nan(ind)            -nan(ind)
xr2.vimon                                 -nan(ind)            -nan(ind)
xr2.vout_s                                -nan(ind)            -nan(ind)
xr2.n2991657                              -nan(ind)            -nan(ind)
xr2.clamp                                 -nan(ind)            -nan(ind)
xr2.vclp                                  -nan(ind)            -nan(ind)
xr2.n4031911                              -nan(ind)            -nan(ind)
xr2.n3827259                              -nan(ind)            -nan(ind)
xr2.n3828449                              -nan(ind)            -nan(ind)
xr2.n3850714                              -nan(ind)            -nan(ind)
xr2.n3850724                              -nan(ind)            -nan(ind)
xr2.n4243633                              -nan(ind)            -nan(ind)
xr2.n2991579                              -nan(ind)            -nan(ind)
xr2.esdp                                  -nan(ind)            -nan(ind)
xr2.esdn                                  -nan(ind)            -nan(ind)
xr2.n2992163                              -nan(ind)            -nan(ind)
drv2                                      -nan(ind)            -nan(ind)
xr2.n3294618                              -nan(ind)            -nan(ind)
xr2.cl_clamp                              -nan(ind)            -nan(ind)
xr2.claw_clamp                            -nan(ind)            -nan(ind)
xr2.n3201092                              -nan(ind)            -nan(ind)
xr2.vcc_b                                 -nan(ind)            -nan(ind)
xr2.vee_b                                 -nan(ind)            -nan(ind)
xr2.n2991563                              -nan(ind)            -nan(ind)
xr2.n2991555                              -nan(ind)            -nan(ind)
xr2.vcc_clp                               -nan(ind)            -nan(ind)
xr2.vee_clp                               -nan(ind)            -nan(ind)
xr2.n2992299                              -nan(ind)            -nan(ind)
xr2.n2992295                              -nan(ind)            -nan(ind)
xr2.n2992323                              -nan(ind)            -nan(ind)
xr2.n2992331                              -nan(ind)            -nan(ind)
xr2.n2992235                              -nan(ind)            -nan(ind)
xr2.vsense                                -nan(ind)            -nan(ind)
xr2.n2991587                              -nan(ind)            -nan(ind)
xr2.n2991583                              -nan(ind)            -nan(ind)
xr2.n4747399                              -nan(ind)            -nan(ind)
xr2.n4745674                              -nan(ind)            -nan(ind)
xr2.n4796554                              -nan(ind)            -nan(ind)
xr2.n4749239                              -nan(ind)            -nan(ind)
xr2.n4796572                              -nan(ind)            -nan(ind)
xr2.n4798545                              -nan(ind)            -nan(ind)
xr2.n4800105                              -nan(ind)            -nan(ind)
xr2.n2991573                              -nan(ind)            -nan(ind)
xr2.n2991619                              -nan(ind)            -nan(ind)
xr2.n2991623                              -nan(ind)            -nan(ind)
xr2.n2991635                              -nan(ind)            -nan(ind)
xr2.n2991643                              -nan(ind)            -nan(ind)
xr2.n2991667                              -nan(ind)            -nan(ind)
xr2.n3294682                              -nan(ind)            -nan(ind)
xr2.n2991729                              -nan(ind)            -nan(ind)
xr2.n2991763                              -nan(ind)            -nan(ind)
xr2.n2991807                              -nan(ind)            -nan(ind)
xr2.n2991809                              -nan(ind)            -nan(ind)
xr2.n2991837                              -nan(ind)            -nan(ind)
xr2.n2991849                              -nan(ind)            -nan(ind)
xr2.n2991901                              -nan(ind)            -nan(ind)
xr2.n2991905                              -nan(ind)            -nan(ind)
xr2.n2991931                              -nan(ind)            -nan(ind)
xr2.n2991943                              -nan(ind)            -nan(ind)
xr2.n2991997                              -nan(ind)            -nan(ind)
xr2.n2992001                              -nan(ind)            -nan(ind)
xr2.v11                                   -nan(ind)            -nan(ind)
xr2.v12                                   -nan(ind)            -nan(ind)
xr2.n2992105                              -nan(ind)            -nan(ind)
fb2                                       -nan(ind)            -nan(ind)
xr2.n2992151                              -nan(ind)            -nan(ind)
xr2.n2992287                              -nan(ind)            -nan(ind)
xr2.n2992267                              -nan(ind)            -nan(ind)
xr2.x_u10.gvo+_int1                       -nan(ind)            -nan(ind)
xr2.x_u10.gvo-_int1                       -nan(ind)            -nan(ind)
xr2.x_u11.gvo+_int1                       -nan(ind)            -nan(ind)
xr2.x_u11.gvo-_int1                       -nan(ind)            -nan(ind)
xr2.x_u12.gvo+_int1                       -nan(ind)            -nan(ind)
xr2.x_u12.gvo-_int1                       -nan(ind)            -nan(ind)
xr2.x_u16.gsw+_int1                       -nan(ind)            -nan(ind)
xr2.x_u18.g1_int1                         -nan(ind)            -nan(ind)
xr2.x_u18.g1_int2                         -nan(ind)            -nan(ind)
xr2.x_u19.g1_int1                         -nan(ind)            -nan(ind)
xr2.x_u19.g1_int2                         -nan(ind)            -nan(ind)
xr2.x_u22.g1_int1                         -nan(ind)            -nan(ind)
xr2.x_u23.g1_int1                         -nan(ind)            -nan(ind)
xr2.x_u26.g1_int1                         -nan(ind)            -nan(ind)
xr2.x_u27.g1_int1                         -nan(ind)            -nan(ind)
xr2.x_u30.g1_int1                         -nan(ind)            -nan(ind)
xr2.x_u31.g1_int1                         -nan(ind)            -nan(ind)
xr2.x_u32.g1_int1                         -nan(ind)            -nan(ind)
xr2.x_u35.g1_int1                         -nan(ind)            -nan(ind)
xr2.x_u38.3                                       0                    0
xr2.x_u38.5                                       0                    0
xr2.x_u39.3                                       0                    0
xr2.x_u39.5                                       0                    0
xr2.x_u4.e1_int1                          -4.67e-06            -4.67e-06
xr2.x_u40.5                                       0                    0
xr2.x_u6.g1_int1                          -nan(ind)            -nan(ind)
row2                                      -nan(ind)            -nan(ind)
sel3                                              0                    0
ns3                                               1                    1
cmd3                                      -nan(ind)            -nan(ind)
xr3.n3294772                              -nan(ind)            -nan(ind)
xr3.n3294776                              -nan(ind)            -nan(ind)
xr3.n3294626                              -nan(ind)            -nan(ind)
xr3.n3294630                              -nan(ind)            -nan(ind)
xr3.mid                                   -nan(ind)            -nan(ind)
xr3.n47456861                             -nan(ind)            -nan(ind)
xr3.n4736080                              -nan(ind)            -nan(ind)
xr3.n3294524                              -nan(ind)            -nan(ind)
xr3.n47492651                             -nan(ind)            -nan(ind)
xr3.n47965841                             -nan(ind)            -nan(ind)
xr3.n4797748                              -nan(ind)            -nan(ind)
xr3.n4797760                              -nan(ind)            -nan(ind)
xr3.n48001371                             -nan(ind)            -nan(ind)
xr3.n4809008                              -nan(ind)            -nan(ind)
xr3.n2991553                              -nan(ind)            -nan(ind)
xr3.n4817896                              -nan(ind)            -nan(ind)
xr3.n2991581                              -nan(ind)            -nan(ind)
xr3.n2992397                              -nan(ind)            -nan(ind)
xr3.n2992375                              -nan(ind)            -nan(ind)
xr3.n2992413                              -nan(ind)            -nan(ind)
xr3.n2991741                              -nan(ind)            -nan(ind)
xr3.n2991765                              -nan(ind)            -nan(ind)
xr3.n2991811                              -nan(ind)            -nan(ind)
xr3.n2991831                              -nan(ind)            -nan(ind)
xr3.n2991907                              -nan(ind)            -nan(ind)
xr3.n2991925                              -nan(ind)            -nan(ind)
xr3.n2991969                              -nan(ind)            -nan(ind)
xr3.n2992033                              -nan(ind)            -nan(ind)
xr3.n2992029                              -nan(ind)            -nan(ind)
xr3.n2992093                              -nan(ind)            -nan(ind)
xr3.n2992099                              -nan(ind)            -nan(ind)
xr3.sw_ol_opa4388                         -nan(ind)            -nan(ind)
xr3.vimon                                 -nan(ind)            -nan(ind)
xr3.vout_s                                -nan(ind)            -nan(ind)
xr3.n2991657                              -nan(ind)            -nan(ind)
xr3.clamp                                 -nan(ind)            -nan(ind)
xr3.vclp                                  -nan(ind)            -nan(ind)
xr3.n4031911                              -nan(ind)            -nan(ind)
xr3.n3827259                              -nan(ind)            -nan(ind)
xr3.n3828449                              -nan(ind)            -nan(ind)
xr3.n3850714                              -nan(ind)            -nan(ind)
xr3.n3850724                              -nan(ind)            -nan(ind)
xr3.n4243633                              -nan(ind)            -nan(ind)
xr3.n2991579                              -nan(ind)            -nan(ind)
xr3.esdp                                  -nan(ind)            -nan(ind)
xr3.esdn                                  -nan(ind)            -nan(ind)
xr3.n2992163                              -nan(ind)            -nan(ind)
drv3                                      -nan(ind)            -nan(ind)
xr3.n3294618                              -nan(ind)            -nan(ind)
xr3.cl_clamp                              -nan(ind)            -nan(ind)
xr3.claw_clamp                            -nan(ind)            -nan(ind)
xr3.n3201092                              -nan(ind)            -nan(ind)
xr3.vcc_b                                 -nan(ind)            -nan(ind)
xr3.vee_b                                 -nan(ind)            -nan(ind)
xr3.n2991563                              -nan(ind)            -nan(ind)
xr3.n2991555                              -nan(ind)            -nan(ind)
xr3.vcc_clp                               -nan(ind)            -nan(ind)
xr3.vee_clp                               -nan(ind)            -nan(ind)
xr3.n2992299                              -nan(ind)            -nan(ind)
xr3.n2992295                              -nan(ind)            -nan(ind)
xr3.n2992323                              -nan(ind)            -nan(ind)
xr3.n2992331                              -nan(ind)            -nan(ind)
xr3.n2992235                              -nan(ind)            -nan(ind)
xr3.vsense                                -nan(ind)            -nan(ind)
xr3.n2991587                              -nan(ind)            -nan(ind)
xr3.n2991583                              -nan(ind)            -nan(ind)
xr3.n4747399                              -nan(ind)            -nan(ind)
xr3.n4745674                              -nan(ind)            -nan(ind)
xr3.n4796554                              -nan(ind)            -nan(ind)
xr3.n4749239                              -nan(ind)            -nan(ind)
xr3.n4796572                              -nan(ind)            -nan(ind)
xr3.n4798545                              -nan(ind)            -nan(ind)
xr3.n4800105                              -nan(ind)            -nan(ind)
xr3.n2991573                              -nan(ind)            -nan(ind)
xr3.n2991619                              -nan(ind)            -nan(ind)
xr3.n2991623                              -nan(ind)            -nan(ind)
xr3.n2991635                              -nan(ind)            -nan(ind)
xr3.n2991643                              -nan(ind)            -nan(ind)
xr3.n2991667                              -nan(ind)            -nan(ind)
xr3.n3294682                              -nan(ind)            -nan(ind)
xr3.n2991729                              -nan(ind)            -nan(ind)
xr3.n2991763                              -nan(ind)            -nan(ind)
xr3.n2991807                              -nan(ind)            -nan(ind)
xr3.n2991809                              -nan(ind)            -nan(ind)
xr3.n2991837                              -nan(ind)            -nan(ind)
xr3.n2991849                              -nan(ind)            -nan(ind)
xr3.n2991901                              -nan(ind)            -nan(ind)
xr3.n2991905                              -nan(ind)            -nan(ind)
xr3.n2991931                              -nan(ind)            -nan(ind)
xr3.n2991943                              -nan(ind)            -nan(ind)
xr3.n2991997                              -nan(ind)            -nan(ind)
xr3.n2992001                              -nan(ind)            -nan(ind)
xr3.v11                                   -nan(ind)            -nan(ind)
xr3.v12                                   -nan(ind)            -nan(ind)
xr3.n2992105                              -nan(ind)            -nan(ind)
fb3                                       -nan(ind)            -nan(ind)
xr3.n2992151                              -nan(ind)            -nan(ind)
xr3.n2992287                              -nan(ind)            -nan(ind)
xr3.n2992267                              -nan(ind)            -nan(ind)
xr3.x_u10.gvo+_int1                       -nan(ind)            -nan(ind)
xr3.x_u10.gvo-_int1                       -nan(ind)            -nan(ind)
xr3.x_u11.gvo+_int1                       -nan(ind)            -nan(ind)
xr3.x_u11.gvo-_int1                       -nan(ind)            -nan(ind)
xr3.x_u12.gvo+_int1                       -nan(ind)            -nan(ind)
xr3.x_u12.gvo-_int1                       -nan(ind)            -nan(ind)
xr3.x_u16.gsw+_int1                       -nan(ind)            -nan(ind)
xr3.x_u18.g1_int1                         -nan(ind)            -nan(ind)
xr3.x_u18.g1_int2                         -nan(ind)            -nan(ind)
xr3.x_u19.g1_int1                         -nan(ind)            -nan(ind)
xr3.x_u19.g1_int2                         -nan(ind)            -nan(ind)
xr3.x_u22.g1_int1                         -nan(ind)            -nan(ind)
xr3.x_u23.g1_int1                         -nan(ind)            -nan(ind)
xr3.x_u26.g1_int1                         -nan(ind)            -nan(ind)
xr3.x_u27.g1_int1                         -nan(ind)            -nan(ind)
xr3.x_u30.g1_int1                         -nan(ind)            -nan(ind)
xr3.x_u31.g1_int1                         -nan(ind)            -nan(ind)
xr3.x_u32.g1_int1                         -nan(ind)            -nan(ind)
xr3.x_u35.g1_int1                         -nan(ind)            -nan(ind)
xr3.x_u38.3                                       0                    0
xr3.x_u38.5                                       0                    0
xr3.x_u39.3                                       0                    0
xr3.x_u39.5                                       0                    0
xr3.x_u4.e1_int1                          -4.67e-06            -4.67e-06
xr3.x_u40.5                                       0                    0
xr3.x_u6.g1_int1                          -nan(ind)            -nan(ind)
row3                                      -nan(ind)            -nan(ind)
xt0.n3294772                              -nan(ind)            -nan(ind)
xt0.n3294776                              -nan(ind)            -nan(ind)
xt0.n3294626                              -nan(ind)            -nan(ind)
xt0.n3294630                              -nan(ind)            -nan(ind)
xt0.mid                                   -nan(ind)            -nan(ind)
xt0.n47456861                             -nan(ind)            -nan(ind)
xt0.n4736080                              -nan(ind)            -nan(ind)
xt0.n3294524                              -nan(ind)            -nan(ind)
xt0.n47492651                             -nan(ind)            -nan(ind)
xt0.n47965841                             -nan(ind)            -nan(ind)
xt0.n4797748                              -nan(ind)            -nan(ind)
xt0.n4797760                              -nan(ind)            -nan(ind)
xt0.n48001371                             -nan(ind)            -nan(ind)
xt0.n4809008                              -nan(ind)            -nan(ind)
xt0.n2991553                              -nan(ind)            -nan(ind)
xt0.n4817896                              -nan(ind)            -nan(ind)
xt0.n2991581                              -nan(ind)            -nan(ind)
xt0.n2992397                              -nan(ind)            -nan(ind)
xt0.n2992375                              -nan(ind)            -nan(ind)
xt0.n2992413                              -nan(ind)            -nan(ind)
xt0.n2991741                              -nan(ind)            -nan(ind)
xt0.n2991765                              -nan(ind)            -nan(ind)
xt0.n2991811                              -nan(ind)            -nan(ind)
xt0.n2991831                              -nan(ind)            -nan(ind)
xt0.n2991907                              -nan(ind)            -nan(ind)
xt0.n2991925                              -nan(ind)            -nan(ind)
xt0.n2991969                              -nan(ind)            -nan(ind)
xt0.n2992033                              -nan(ind)            -nan(ind)
xt0.n2992029                              -nan(ind)            -nan(ind)
xt0.n2992093                              -nan(ind)            -nan(ind)
xt0.n2992099                              -nan(ind)            -nan(ind)
xt0.sw_ol_opa4388                         -nan(ind)            -nan(ind)
xt0.vimon                                 -nan(ind)            -nan(ind)
xt0.vout_s                                -nan(ind)            -nan(ind)
xt0.n2991657                              -nan(ind)            -nan(ind)
xt0.clamp                                 -nan(ind)            -nan(ind)
xt0.vclp                                  -nan(ind)            -nan(ind)
xt0.n4031911                              -nan(ind)            -nan(ind)
xt0.n3827259                              -nan(ind)            -nan(ind)
xt0.n3828449                              -nan(ind)            -nan(ind)
xt0.n3850714                              -nan(ind)            -nan(ind)
xt0.n3850724                              -nan(ind)            -nan(ind)
xt0.n4243633                              -nan(ind)            -nan(ind)
xt0.n2991579                              -nan(ind)            -nan(ind)
xt0.esdp                                  -nan(ind)            -nan(ind)
xt0.esdn                                  -nan(ind)            -nan(ind)
xt0.n2992163                              -nan(ind)            -nan(ind)
tdrv0                                     -nan(ind)            -nan(ind)
xt0.n3294618                              -nan(ind)            -nan(ind)
xt0.cl_clamp                              -nan(ind)            -nan(ind)
xt0.claw_clamp                            -nan(ind)            -nan(ind)
xt0.n3201092                              -nan(ind)            -nan(ind)
xt0.vcc_b                                 -nan(ind)            -nan(ind)
xt0.vee_b                                 -nan(ind)            -nan(ind)
xt0.n2991563                              -nan(ind)            -nan(ind)
xt0.n2991555                              -nan(ind)            -nan(ind)
xt0.vcc_clp                               -nan(ind)            -nan(ind)
xt0.vee_clp                               -nan(ind)            -nan(ind)
xt0.n2992299                              -nan(ind)            -nan(ind)
xt0.n2992295                              -nan(ind)            -nan(ind)
xt0.n2992323                              -nan(ind)            -nan(ind)
xt0.n2992331                              -nan(ind)            -nan(ind)
xt0.n2992235                              -nan(ind)            -nan(ind)
xt0.vsense                                -nan(ind)            -nan(ind)
xt0.n2991587                              -nan(ind)            -nan(ind)
xt0.n2991583                              -nan(ind)            -nan(ind)
xt0.n4747399                              -nan(ind)            -nan(ind)
xt0.n4745674                              -nan(ind)            -nan(ind)
xt0.n4796554                              -nan(ind)            -nan(ind)
xt0.n4749239                              -nan(ind)            -nan(ind)
xt0.n4796572                              -nan(ind)            -nan(ind)
xt0.n4798545                              -nan(ind)            -nan(ind)
xt0.n4800105                              -nan(ind)            -nan(ind)
xt0.n2991573                              -nan(ind)            -nan(ind)
xt0.n2991619                              -nan(ind)            -nan(ind)
xt0.n2991623                              -nan(ind)            -nan(ind)
xt0.n2991635                              -nan(ind)            -nan(ind)
xt0.n2991643                              -nan(ind)            -nan(ind)
xt0.n2991667                              -nan(ind)            -nan(ind)
xt0.n3294682                              -nan(ind)            -nan(ind)
xt0.n2991729                              -nan(ind)            -nan(ind)
xt0.n2991763                              -nan(ind)            -nan(ind)
xt0.n2991807                              -nan(ind)            -nan(ind)
xt0.n2991809                              -nan(ind)            -nan(ind)
xt0.n2991837                              -nan(ind)            -nan(ind)
xt0.n2991849                              -nan(ind)            -nan(ind)
xt0.n2991901                              -nan(ind)            -nan(ind)
xt0.n2991905                              -nan(ind)            -nan(ind)
xt0.n2991931                              -nan(ind)            -nan(ind)
xt0.n2991943                              -nan(ind)            -nan(ind)
xt0.n2991997                              -nan(ind)            -nan(ind)
xt0.n2992001                              -nan(ind)            -nan(ind)
xt0.v11                                   -nan(ind)            -nan(ind)
xt0.v12                                   -nan(ind)            -nan(ind)
xt0.n2992105                              -nan(ind)            -nan(ind)
minus0                                    -nan(ind)            -nan(ind)
xt0.n2992151                              -nan(ind)            -nan(ind)
xt0.n2992287                              -nan(ind)            -nan(ind)
xt0.n2992267                              -nan(ind)            -nan(ind)
xt0.x_u10.gvo+_int1                       -nan(ind)            -nan(ind)
xt0.x_u10.gvo-_int1                       -nan(ind)            -nan(ind)
xt0.x_u11.gvo+_int1                       -nan(ind)            -nan(ind)
xt0.x_u11.gvo-_int1                       -nan(ind)            -nan(ind)
xt0.x_u12.gvo+_int1                       -nan(ind)            -nan(ind)
xt0.x_u12.gvo-_int1                       -nan(ind)            -nan(ind)
xt0.x_u16.gsw+_int1                       -nan(ind)            -nan(ind)
xt0.x_u18.g1_int1                         -nan(ind)            -nan(ind)
xt0.x_u18.g1_int2                         -nan(ind)            -nan(ind)
xt0.x_u19.g1_int1                         -nan(ind)            -nan(ind)
xt0.x_u19.g1_int2                         -nan(ind)            -nan(ind)
xt0.x_u22.g1_int1                         -nan(ind)            -nan(ind)
xt0.x_u23.g1_int1                         -nan(ind)            -nan(ind)
xt0.x_u26.g1_int1                         -nan(ind)            -nan(ind)
xt0.x_u27.g1_int1                         -nan(ind)            -nan(ind)
xt0.x_u30.g1_int1                         -nan(ind)            -nan(ind)
xt0.x_u31.g1_int1                         -nan(ind)            -nan(ind)
xt0.x_u32.g1_int1                         -nan(ind)            -nan(ind)
xt0.x_u35.g1_int1                         -nan(ind)            -nan(ind)
xt0.x_u38.3                                       0                    0
xt0.x_u38.5                                       0                    0
xt0.x_u39.3                                       0                    0
xt0.x_u39.5                                       0                    0
xt0.x_u4.e1_int1                          -4.67e-06            -4.67e-06
xt0.x_u40.5                                       0                    0
xt0.x_u6.g1_int1                          -nan(ind)            -nan(ind)
col0                                      -nan(ind)            -nan(ind)
tap0                                      -nan(ind)            -nan(ind)
ain0                                      -nan(ind)            -nan(ind)
xt1.n3294772                              -nan(ind)            -nan(ind)
xt1.n3294776                              -nan(ind)            -nan(ind)
xt1.n3294626                              -nan(ind)            -nan(ind)
xt1.n3294630                              -nan(ind)            -nan(ind)
xt1.mid                                   -nan(ind)            -nan(ind)
xt1.n47456861                             -nan(ind)            -nan(ind)
xt1.n4736080                              -nan(ind)            -nan(ind)
xt1.n3294524                              -nan(ind)            -nan(ind)
xt1.n47492651                             -nan(ind)            -nan(ind)
xt1.n47965841                             -nan(ind)            -nan(ind)
xt1.n4797748                              -nan(ind)            -nan(ind)
xt1.n4797760                              -nan(ind)            -nan(ind)
xt1.n48001371                             -nan(ind)            -nan(ind)
xt1.n4809008                              -nan(ind)            -nan(ind)
xt1.n2991553                              -nan(ind)            -nan(ind)
xt1.n4817896                              -nan(ind)            -nan(ind)
xt1.n2991581                              -nan(ind)            -nan(ind)
xt1.n2992397                              -nan(ind)            -nan(ind)
xt1.n2992375                              -nan(ind)            -nan(ind)
xt1.n2992413                              -nan(ind)            -nan(ind)
xt1.n2991741                              -nan(ind)            -nan(ind)
xt1.n2991765                              -nan(ind)            -nan(ind)
xt1.n2991811                              -nan(ind)            -nan(ind)
xt1.n2991831                              -nan(ind)            -nan(ind)
xt1.n2991907                              -nan(ind)            -nan(ind)
xt1.n2991925                              -nan(ind)            -nan(ind)
xt1.n2991969                              -nan(ind)            -nan(ind)
xt1.n2992033                              -nan(ind)            -nan(ind)
xt1.n2992029                              -nan(ind)            -nan(ind)
xt1.n2992093                              -nan(ind)            -nan(ind)
xt1.n2992099                              -nan(ind)            -nan(ind)
xt1.sw_ol_opa4388                         -nan(ind)            -nan(ind)
xt1.vimon                                 -nan(ind)            -nan(ind)
xt1.vout_s                                -nan(ind)            -nan(ind)
xt1.n2991657                              -nan(ind)            -nan(ind)
xt1.clamp                                 -nan(ind)            -nan(ind)
xt1.vclp                                  -nan(ind)            -nan(ind)
xt1.n4031911                              -nan(ind)            -nan(ind)
xt1.n3827259                              -nan(ind)            -nan(ind)
xt1.n3828449                              -nan(ind)            -nan(ind)
xt1.n3850714                              -nan(ind)            -nan(ind)
xt1.n3850724                              -nan(ind)            -nan(ind)
xt1.n4243633                              -nan(ind)            -nan(ind)
xt1.n2991579                              -nan(ind)            -nan(ind)
xt1.esdp                                  -nan(ind)            -nan(ind)
xt1.esdn                                  -nan(ind)            -nan(ind)
xt1.n2992163                              -nan(ind)            -nan(ind)
tdrv1                                     -nan(ind)            -nan(ind)
xt1.n3294618                              -nan(ind)            -nan(ind)
xt1.cl_clamp                              -nan(ind)            -nan(ind)
xt1.claw_clamp                            -nan(ind)            -nan(ind)
xt1.n3201092                              -nan(ind)            -nan(ind)
xt1.vcc_b                                 -nan(ind)            -nan(ind)
xt1.vee_b                                 -nan(ind)            -nan(ind)
xt1.n2991563                              -nan(ind)            -nan(ind)
xt1.n2991555                              -nan(ind)            -nan(ind)
xt1.vcc_clp                               -nan(ind)            -nan(ind)
xt1.vee_clp                               -nan(ind)            -nan(ind)
xt1.n2992299                              -nan(ind)            -nan(ind)
xt1.n2992295                              -nan(ind)            -nan(ind)
xt1.n2992323                              -nan(ind)            -nan(ind)
xt1.n2992331                              -nan(ind)            -nan(ind)
xt1.n2992235                              -nan(ind)            -nan(ind)
xt1.vsense                                -nan(ind)            -nan(ind)
xt1.n2991587                              -nan(ind)            -nan(ind)
xt1.n2991583                              -nan(ind)            -nan(ind)
xt1.n4747399                              -nan(ind)            -nan(ind)
xt1.n4745674                              -nan(ind)            -nan(ind)
xt1.n4796554                              -nan(ind)            -nan(ind)
xt1.n4749239                              -nan(ind)            -nan(ind)
xt1.n4796572                              -nan(ind)            -nan(ind)
xt1.n4798545                              -nan(ind)            -nan(ind)
xt1.n4800105                              -nan(ind)            -nan(ind)
xt1.n2991573                              -nan(ind)            -nan(ind)
xt1.n2991619                              -nan(ind)            -nan(ind)
xt1.n2991623                              -nan(ind)            -nan(ind)
xt1.n2991635                              -nan(ind)            -nan(ind)
xt1.n2991643                              -nan(ind)            -nan(ind)
xt1.n2991667                              -nan(ind)            -nan(ind)
xt1.n3294682                              -nan(ind)            -nan(ind)
xt1.n2991729                              -nan(ind)            -nan(ind)
xt1.n2991763                              -nan(ind)            -nan(ind)
xt1.n2991807                              -nan(ind)            -nan(ind)
xt1.n2991809                              -nan(ind)            -nan(ind)
xt1.n2991837                              -nan(ind)            -nan(ind)
xt1.n2991849                              -nan(ind)            -nan(ind)
xt1.n2991901                              -nan(ind)            -nan(ind)
xt1.n2991905                              -nan(ind)            -nan(ind)
xt1.n2991931                              -nan(ind)            -nan(ind)
xt1.n2991943                              -nan(ind)            -nan(ind)
xt1.n2991997                              -nan(ind)            -nan(ind)
xt1.n2992001                              -nan(ind)            -nan(ind)
xt1.v11                                   -nan(ind)            -nan(ind)
xt1.v12                                   -nan(ind)            -nan(ind)
xt1.n2992105                              -nan(ind)            -nan(ind)
minus1                                    -nan(ind)            -nan(ind)
xt1.n2992151                              -nan(ind)            -nan(ind)
xt1.n2992287                              -nan(ind)            -nan(ind)
xt1.n2992267                              -nan(ind)            -nan(ind)
xt1.x_u10.gvo+_int1                       -nan(ind)            -nan(ind)
xt1.x_u10.gvo-_int1                       -nan(ind)            -nan(ind)
xt1.x_u11.gvo+_int1                       -nan(ind)            -nan(ind)
xt1.x_u11.gvo-_int1                       -nan(ind)            -nan(ind)
xt1.x_u12.gvo+_int1                       -nan(ind)            -nan(ind)
xt1.x_u12.gvo-_int1                       -nan(ind)            -nan(ind)
xt1.x_u16.gsw+_int1                       -nan(ind)            -nan(ind)
xt1.x_u18.g1_int1                         -nan(ind)            -nan(ind)
xt1.x_u18.g1_int2                         -nan(ind)            -nan(ind)
xt1.x_u19.g1_int1                         -nan(ind)            -nan(ind)
xt1.x_u19.g1_int2                         -nan(ind)            -nan(ind)
xt1.x_u22.g1_int1                         -nan(ind)            -nan(ind)
xt1.x_u23.g1_int1                         -nan(ind)            -nan(ind)
xt1.x_u26.g1_int1                         -nan(ind)            -nan(ind)
xt1.x_u27.g1_int1                         -nan(ind)            -nan(ind)
xt1.x_u30.g1_int1                         -nan(ind)            -nan(ind)
xt1.x_u31.g1_int1                         -nan(ind)            -nan(ind)
xt1.x_u32.g1_int1                         -nan(ind)            -nan(ind)
xt1.x_u35.g1_int1                         -nan(ind)            -nan(ind)
xt1.x_u38.3                                       0                    0
xt1.x_u38.5                                       0                    0
xt1.x_u39.3                                       0                    0
xt1.x_u39.5                                       0                    0
xt1.x_u4.e1_int1                          -4.67e-06            -4.67e-06
xt1.x_u40.5                                       0                    0
xt1.x_u6.g1_int1                          -nan(ind)            -nan(ind)
col1                                      -nan(ind)            -nan(ind)
tap1                                      -nan(ind)            -nan(ind)
ain1                                      -nan(ind)            -nan(ind)
xt2.n3294772                              -nan(ind)            -nan(ind)
xt2.n3294776                              -nan(ind)            -nan(ind)
xt2.n3294626                              -nan(ind)            -nan(ind)
xt2.n3294630                              -nan(ind)            -nan(ind)
xt2.mid                                   -nan(ind)            -nan(ind)
xt2.n47456861                             -nan(ind)            -nan(ind)
xt2.n4736080                              -nan(ind)            -nan(ind)
xt2.n3294524                              -nan(ind)            -nan(ind)
xt2.n47492651                             -nan(ind)            -nan(ind)
xt2.n47965841                             -nan(ind)            -nan(ind)
xt2.n4797748                              -nan(ind)            -nan(ind)
xt2.n4797760                              -nan(ind)            -nan(ind)
xt2.n48001371                             -nan(ind)            -nan(ind)
xt2.n4809008                              -nan(ind)            -nan(ind)
xt2.n2991553                              -nan(ind)            -nan(ind)
xt2.n4817896                              -nan(ind)            -nan(ind)
xt2.n2991581                              -nan(ind)            -nan(ind)
xt2.n2992397                              -nan(ind)            -nan(ind)
xt2.n2992375                              -nan(ind)            -nan(ind)
xt2.n2992413                              -nan(ind)            -nan(ind)
xt2.n2991741                              -nan(ind)            -nan(ind)
xt2.n2991765                              -nan(ind)            -nan(ind)
xt2.n2991811                              -nan(ind)            -nan(ind)
xt2.n2991831                              -nan(ind)            -nan(ind)
xt2.n2991907                              -nan(ind)            -nan(ind)
xt2.n2991925                              -nan(ind)            -nan(ind)
xt2.n2991969                              -nan(ind)            -nan(ind)
xt2.n2992033                              -nan(ind)            -nan(ind)
xt2.n2992029                              -nan(ind)            -nan(ind)
xt2.n2992093                              -nan(ind)            -nan(ind)
xt2.n2992099                              -nan(ind)            -nan(ind)
xt2.sw_ol_opa4388                         -nan(ind)            -nan(ind)
xt2.vimon                                 -nan(ind)            -nan(ind)
xt2.vout_s                                -nan(ind)            -nan(ind)
xt2.n2991657                              -nan(ind)            -nan(ind)
xt2.clamp                                 -nan(ind)            -nan(ind)
xt2.vclp                                  -nan(ind)            -nan(ind)
xt2.n4031911                              -nan(ind)            -nan(ind)
xt2.n3827259                              -nan(ind)            -nan(ind)
xt2.n3828449                              -nan(ind)            -nan(ind)
xt2.n3850714                              -nan(ind)            -nan(ind)
xt2.n3850724                              -nan(ind)            -nan(ind)
xt2.n4243633                              -nan(ind)            -nan(ind)
xt2.n2991579                              -nan(ind)            -nan(ind)
xt2.esdp                                  -nan(ind)            -nan(ind)
xt2.esdn                                  -nan(ind)            -nan(ind)
xt2.n2992163                              -nan(ind)            -nan(ind)
tdrv2                                     -nan(ind)            -nan(ind)
xt2.n3294618                              -nan(ind)            -nan(ind)
xt2.cl_clamp                              -nan(ind)            -nan(ind)
xt2.claw_clamp                            -nan(ind)            -nan(ind)
xt2.n3201092                              -nan(ind)            -nan(ind)
xt2.vcc_b                                 -nan(ind)            -nan(ind)
xt2.vee_b                                 -nan(ind)            -nan(ind)
xt2.n2991563                              -nan(ind)            -nan(ind)
xt2.n2991555                              -nan(ind)            -nan(ind)
xt2.vcc_clp                               -nan(ind)            -nan(ind)
xt2.vee_clp                               -nan(ind)            -nan(ind)
xt2.n2992299                              -nan(ind)            -nan(ind)
xt2.n2992295                              -nan(ind)            -nan(ind)
xt2.n2992323                              -nan(ind)            -nan(ind)
xt2.n2992331                              -nan(ind)            -nan(ind)
xt2.n2992235                              -nan(ind)            -nan(ind)
xt2.vsense                                -nan(ind)            -nan(ind)
xt2.n2991587                              -nan(ind)            -nan(ind)
xt2.n2991583                              -nan(ind)            -nan(ind)
xt2.n4747399                              -nan(ind)            -nan(ind)
xt2.n4745674                              -nan(ind)            -nan(ind)
xt2.n4796554                              -nan(ind)            -nan(ind)
xt2.n4749239                              -nan(ind)            -nan(ind)
xt2.n4796572                              -nan(ind)            -nan(ind)
xt2.n4798545                              -nan(ind)            -nan(ind)
xt2.n4800105                              -nan(ind)            -nan(ind)
xt2.n2991573                              -nan(ind)            -nan(ind)
xt2.n2991619                              -nan(ind)            -nan(ind)
xt2.n2991623                              -nan(ind)            -nan(ind)
xt2.n2991635                              -nan(ind)            -nan(ind)
xt2.n2991643                              -nan(ind)            -nan(ind)
xt2.n2991667                              -nan(ind)            -nan(ind)
xt2.n3294682                              -nan(ind)            -nan(ind)
xt2.n2991729                              -nan(ind)            -nan(ind)
xt2.n2991763                              -nan(ind)            -nan(ind)
xt2.n2991807                              -nan(ind)            -nan(ind)
xt2.n2991809                              -nan(ind)            -nan(ind)
xt2.n2991837                              -nan(ind)            -nan(ind)
xt2.n2991849                              -nan(ind)            -nan(ind)
xt2.n2991901                              -nan(ind)            -nan(ind)
xt2.n2991905                              -nan(ind)            -nan(ind)
xt2.n2991931                              -nan(ind)            -nan(ind)
xt2.n2991943                              -nan(ind)            -nan(ind)
xt2.n2991997                              -nan(ind)            -nan(ind)
xt2.n2992001                              -nan(ind)            -nan(ind)
xt2.v11                                   -nan(ind)            -nan(ind)
xt2.v12                                   -nan(ind)            -nan(ind)
xt2.n2992105                              -nan(ind)            -nan(ind)
minus2                                    -nan(ind)            -nan(ind)
xt2.n2992151                              -nan(ind)            -nan(ind)
xt2.n2992287                              -nan(ind)            -nan(ind)
xt2.n2992267                              -nan(ind)            -nan(ind)
xt2.x_u10.gvo+_int1                       -nan(ind)            -nan(ind)
xt2.x_u10.gvo-_int1                       -nan(ind)            -nan(ind)
xt2.x_u11.gvo+_int1                       -nan(ind)            -nan(ind)
xt2.x_u11.gvo-_int1                       -nan(ind)            -nan(ind)
xt2.x_u12.gvo+_int1                       -nan(ind)            -nan(ind)
xt2.x_u12.gvo-_int1                       -nan(ind)            -nan(ind)
xt2.x_u16.gsw+_int1                       -nan(ind)            -nan(ind)
xt2.x_u18.g1_int1                         -nan(ind)            -nan(ind)
xt2.x_u18.g1_int2                         -nan(ind)            -nan(ind)
xt2.x_u19.g1_int1                         -nan(ind)            -nan(ind)
xt2.x_u19.g1_int2                         -nan(ind)            -nan(ind)
xt2.x_u22.g1_int1                         -nan(ind)            -nan(ind)
xt2.x_u23.g1_int1                         -nan(ind)            -nan(ind)
xt2.x_u26.g1_int1                         -nan(ind)            -nan(ind)
xt2.x_u27.g1_int1                         -nan(ind)            -nan(ind)
xt2.x_u30.g1_int1                         -nan(ind)            -nan(ind)
xt2.x_u31.g1_int1                         -nan(ind)            -nan(ind)
xt2.x_u32.g1_int1                         -nan(ind)            -nan(ind)
xt2.x_u35.g1_int1                         -nan(ind)            -nan(ind)
xt2.x_u38.3                                       0                    0
xt2.x_u38.5                                       0                    0
xt2.x_u39.3                                       0                    0
xt2.x_u39.5                                       0                    0
xt2.x_u4.e1_int1                          -4.67e-06            -4.67e-06
xt2.x_u40.5                                       0                    0
xt2.x_u6.g1_int1                          -nan(ind)            -nan(ind)
col2                                      -nan(ind)            -nan(ind)
tap2                                      -nan(ind)            -nan(ind)
ain2                                      -nan(ind)            -nan(ind)
xt3.n3294772                              -nan(ind)            -nan(ind)
xt3.n3294776                              -nan(ind)            -nan(ind)
xt3.n3294626                              -nan(ind)            -nan(ind)
xt3.n3294630                              -nan(ind)            -nan(ind)
xt3.mid                                   -nan(ind)            -nan(ind)
xt3.n47456861                             -nan(ind)            -nan(ind)
xt3.n4736080                              -nan(ind)            -nan(ind)
xt3.n3294524                              -nan(ind)            -nan(ind)
xt3.n47492651                             -nan(ind)            -nan(ind)
xt3.n47965841                             -nan(ind)            -nan(ind)
xt3.n4797748                              -nan(ind)            -nan(ind)
xt3.n4797760                              -nan(ind)            -nan(ind)
xt3.n48001371                             -nan(ind)            -nan(ind)
xt3.n4809008                              -nan(ind)            -nan(ind)
xt3.n2991553                              -nan(ind)            -nan(ind)
xt3.n4817896                              -nan(ind)            -nan(ind)
xt3.n2991581                              -nan(ind)            -nan(ind)
xt3.n2992397                              -nan(ind)            -nan(ind)
xt3.n2992375                              -nan(ind)            -nan(ind)
xt3.n2992413                              -nan(ind)            -nan(ind)
xt3.n2991741                              -nan(ind)            -nan(ind)
xt3.n2991765                              -nan(ind)            -nan(ind)
xt3.n2991811                              -nan(ind)            -nan(ind)
xt3.n2991831                              -nan(ind)            -nan(ind)
xt3.n2991907                              -nan(ind)            -nan(ind)
xt3.n2991925                              -nan(ind)            -nan(ind)
xt3.n2991969                              -nan(ind)            -nan(ind)
xt3.n2992033                              -nan(ind)            -nan(ind)
xt3.n2992029                              -nan(ind)            -nan(ind)
xt3.n2992093                              -nan(ind)            -nan(ind)
xt3.n2992099                              -nan(ind)            -nan(ind)
xt3.sw_ol_opa4388                         -nan(ind)            -nan(ind)
xt3.vimon                                 -nan(ind)            -nan(ind)
xt3.vout_s                                -nan(ind)            -nan(ind)
xt3.n2991657                              -nan(ind)            -nan(ind)
xt3.clamp                                 -nan(ind)            -nan(ind)
xt3.vclp                                  -nan(ind)            -nan(ind)
xt3.n4031911                              -nan(ind)            -nan(ind)
xt3.n3827259                              -nan(ind)            -nan(ind)
xt3.n3828449                              -nan(ind)            -nan(ind)
xt3.n3850714                              -nan(ind)            -nan(ind)
xt3.n3850724                              -nan(ind)            -nan(ind)
xt3.n4243633                              -nan(ind)            -nan(ind)
xt3.n2991579                              -nan(ind)            -nan(ind)
xt3.esdp                                  -nan(ind)            -nan(ind)
xt3.esdn                                  -nan(ind)            -nan(ind)
xt3.n2992163                              -nan(ind)            -nan(ind)
tdrv3                                     -nan(ind)            -nan(ind)
xt3.n3294618                              -nan(ind)            -nan(ind)
xt3.cl_clamp                              -nan(ind)            -nan(ind)
xt3.claw_clamp                            -nan(ind)            -nan(ind)
xt3.n3201092                              -nan(ind)            -nan(ind)
xt3.vcc_b                                 -nan(ind)            -nan(ind)
xt3.vee_b                                 -nan(ind)            -nan(ind)
xt3.n2991563                              -nan(ind)            -nan(ind)
xt3.n2991555                              -nan(ind)            -nan(ind)
xt3.vcc_clp                               -nan(ind)            -nan(ind)
xt3.vee_clp                               -nan(ind)            -nan(ind)
xt3.n2992299                              -nan(ind)            -nan(ind)
xt3.n2992295                              -nan(ind)            -nan(ind)
xt3.n2992323                              -nan(ind)            -nan(ind)
xt3.n2992331                              -nan(ind)            -nan(ind)
xt3.n2992235                              -nan(ind)            -nan(ind)
xt3.vsense                                -nan(ind)            -nan(ind)
xt3.n2991587                              -nan(ind)            -nan(ind)
xt3.n2991583                              -nan(ind)            -nan(ind)
xt3.n4747399                              -nan(ind)            -nan(ind)
xt3.n4745674                              -nan(ind)            -nan(ind)
xt3.n4796554                              -nan(ind)            -nan(ind)
xt3.n4749239                              -nan(ind)            -nan(ind)
xt3.n4796572                              -nan(ind)            -nan(ind)
xt3.n4798545                              -nan(ind)            -nan(ind)
xt3.n4800105                              -nan(ind)            -nan(ind)
xt3.n2991573                              -nan(ind)            -nan(ind)
xt3.n2991619                              -nan(ind)            -nan(ind)
xt3.n2991623                              -nan(ind)            -nan(ind)
xt3.n2991635                              -nan(ind)            -nan(ind)
xt3.n2991643                              -nan(ind)            -nan(ind)
xt3.n2991667                              -nan(ind)            -nan(ind)
xt3.n3294682                              -nan(ind)            -nan(ind)
xt3.n2991729                              -nan(ind)            -nan(ind)
xt3.n2991763                              -nan(ind)            -nan(ind)
xt3.n2991807                              -nan(ind)            -nan(ind)
xt3.n2991809                              -nan(ind)            -nan(ind)
xt3.n2991837                              -nan(ind)            -nan(ind)
xt3.n2991849                              -nan(ind)            -nan(ind)
xt3.n2991901                              -nan(ind)            -nan(ind)
xt3.n2991905                              -nan(ind)            -nan(ind)
xt3.n2991931                              -nan(ind)            -nan(ind)
xt3.n2991943                              -nan(ind)            -nan(ind)
xt3.n2991997                              -nan(ind)            -nan(ind)
xt3.n2992001                              -nan(ind)            -nan(ind)
xt3.v11                                   -nan(ind)            -nan(ind)
xt3.v12                                   -nan(ind)            -nan(ind)
xt3.n2992105                              -nan(ind)            -nan(ind)
minus3                                    -nan(ind)            -nan(ind)
xt3.n2992151                              -nan(ind)            -nan(ind)
xt3.n2992287                              -nan(ind)            -nan(ind)
xt3.n2992267                              -nan(ind)            -nan(ind)
xt3.x_u10.gvo+_int1                       -nan(ind)            -nan(ind)
xt3.x_u10.gvo-_int1                       -nan(ind)            -nan(ind)
xt3.x_u11.gvo+_int1                       -nan(ind)            -nan(ind)
xt3.x_u11.gvo-_int1                       -nan(ind)            -nan(ind)
xt3.x_u12.gvo+_int1                       -nan(ind)            -nan(ind)
xt3.x_u12.gvo-_int1                       -nan(ind)            -nan(ind)
xt3.x_u16.gsw+_int1                       -nan(ind)            -nan(ind)
xt3.x_u18.g1_int1                         -nan(ind)            -nan(ind)
xt3.x_u18.g1_int2                         -nan(ind)            -nan(ind)
xt3.x_u19.g1_int1                         -nan(ind)            -nan(ind)
xt3.x_u19.g1_int2                         -nan(ind)            -nan(ind)
xt3.x_u22.g1_int1                         -nan(ind)            -nan(ind)
xt3.x_u23.g1_int1                         -nan(ind)            -nan(ind)
xt3.x_u26.g1_int1                         -nan(ind)            -nan(ind)
xt3.x_u27.g1_int1                         -nan(ind)            -nan(ind)
xt3.x_u30.g1_int1                         -nan(ind)            -nan(ind)
xt3.x_u31.g1_int1                         -nan(ind)            -nan(ind)
xt3.x_u32.g1_int1                         -nan(ind)            -nan(ind)
xt3.x_u35.g1_int1                         -nan(ind)            -nan(ind)
xt3.x_u38.3                                       0                    0
xt3.x_u38.5                                       0                    0
xt3.x_u39.3                                       0                    0
xt3.x_u39.5                                       0                    0
xt3.x_u4.e1_int1                          -4.67e-06            -4.67e-06
xt3.x_u40.5                                       0                    0
xt3.x_u6.g1_int1                          -nan(ind)            -nan(ind)
col3                                      -nan(ind)            -nan(ind)
tap3                                      -nan(ind)            -nan(ind)
ain3                                      -nan(ind)            -nan(ind)
b.xt3.x_u6.bg1#branch                     -nan(ind)            -nan(ind)
b.xt3.x_u4.be1#branch                             0                    0
b.xt3.x_u35.bg1#branch                    -nan(ind)            -nan(ind)
b.xt3.x_u32.bg1#branch                    -nan(ind)            -nan(ind)
b.xt3.x_u31.bg1#branch                    -nan(ind)            -nan(ind)
b.xt3.x_u30.bg1#branch                    -nan(ind)            -nan(ind)
b.xt3.x_u27.bg1#branch                    -nan(ind)            -nan(ind)
b.xt3.x_u26.bg1#branch                    -nan(ind)            -nan(ind)
b.xt3.x_u23.bg1#branch                    -nan(ind)            -nan(ind)
b.xt3.x_u22.bg1#branch                    -nan(ind)            -nan(ind)
b.xt3.x_u19.bg1#branch                    -nan(ind)            -nan(ind)
b.xt3.x_u18.bg1#branch                    -nan(ind)            -nan(ind)
b.xt3.x_u16.bgsw+#branch                  -nan(ind)            -nan(ind)
b.xt3.x_u12.bgvo-#branch                  -nan(ind)            -nan(ind)
b.xt3.x_u12.bgvo+#branch                  -nan(ind)            -nan(ind)
b.xt3.x_u11.bgvo-#branch                  -nan(ind)            -nan(ind)
b.xt3.x_u11.bgvo+#branch                  -nan(ind)            -nan(ind)
b.xt3.x_u10.bgvo-#branch                  -nan(ind)            -nan(ind)
b.xt3.x_u10.bgvo+#branch                  -nan(ind)            -nan(ind)
b.xt2.x_u6.bg1#branch                     -nan(ind)            -nan(ind)
b.xt2.x_u4.be1#branch                             0                    0
b.xt2.x_u35.bg1#branch                    -nan(ind)            -nan(ind)
b.xt2.x_u32.bg1#branch                    -nan(ind)            -nan(ind)
b.xt2.x_u31.bg1#branch                    -nan(ind)            -nan(ind)
b.xt2.x_u30.bg1#branch                    -nan(ind)            -nan(ind)
b.xt2.x_u27.bg1#branch                    -nan(ind)            -nan(ind)
b.xt2.x_u26.bg1#branch                    -nan(ind)            -nan(ind)
b.xt2.x_u23.bg1#branch                    -nan(ind)            -nan(ind)
b.xt2.x_u22.bg1#branch                    -nan(ind)            -nan(ind)
b.xt2.x_u19.bg1#branch                    -nan(ind)            -nan(ind)
b.xt2.x_u18.bg1#branch                    -nan(ind)            -nan(ind)
b.xt2.x_u16.bgsw+#branch                  -nan(ind)            -nan(ind)
b.xt2.x_u12.bgvo-#branch                  -nan(ind)            -nan(ind)
b.xt2.x_u12.bgvo+#branch                  -nan(ind)            -nan(ind)
b.xt2.x_u11.bgvo-#branch                  -nan(ind)            -nan(ind)
b.xt2.x_u11.bgvo+#branch                  -nan(ind)            -nan(ind)
b.xt2.x_u10.bgvo-#branch                  -nan(ind)            -nan(ind)
b.xt2.x_u10.bgvo+#branch                  -nan(ind)            -nan(ind)
b.xt1.x_u6.bg1#branch                     -nan(ind)            -nan(ind)
b.xt1.x_u4.be1#branch                             0                    0
b.xt1.x_u35.bg1#branch                    -nan(ind)            -nan(ind)
b.xt1.x_u32.bg1#branch                    -nan(ind)            -nan(ind)
b.xt1.x_u31.bg1#branch                    -nan(ind)            -nan(ind)
b.xt1.x_u30.bg1#branch                    -nan(ind)            -nan(ind)
b.xt1.x_u27.bg1#branch                    -nan(ind)            -nan(ind)
b.xt1.x_u26.bg1#branch                    -nan(ind)            -nan(ind)
b.xt1.x_u23.bg1#branch                    -nan(ind)            -nan(ind)
b.xt1.x_u22.bg1#branch                    -nan(ind)            -nan(ind)
b.xt1.x_u19.bg1#branch                    -nan(ind)            -nan(ind)
b.xt1.x_u18.bg1#branch                    -nan(ind)            -nan(ind)
b.xt1.x_u16.bgsw+#branch                  -nan(ind)            -nan(ind)
b.xt1.x_u12.bgvo-#branch                  -nan(ind)            -nan(ind)
b.xt1.x_u12.bgvo+#branch                  -nan(ind)            -nan(ind)
b.xt1.x_u11.bgvo-#branch                  -nan(ind)            -nan(ind)
b.xt1.x_u11.bgvo+#branch                  -nan(ind)            -nan(ind)
b.xt1.x_u10.bgvo-#branch                  -nan(ind)            -nan(ind)
b.xt1.x_u10.bgvo+#branch                  -nan(ind)            -nan(ind)
b.xt0.x_u6.bg1#branch                     -nan(ind)            -nan(ind)
b.xt0.x_u4.be1#branch                             0                    0
b.xt0.x_u35.bg1#branch                    -nan(ind)            -nan(ind)
b.xt0.x_u32.bg1#branch                    -nan(ind)            -nan(ind)
b.xt0.x_u31.bg1#branch                    -nan(ind)            -nan(ind)
b.xt0.x_u30.bg1#branch                    -nan(ind)            -nan(ind)
b.xt0.x_u27.bg1#branch                    -nan(ind)            -nan(ind)
b.xt0.x_u26.bg1#branch                    -nan(ind)            -nan(ind)
b.xt0.x_u23.bg1#branch                    -nan(ind)            -nan(ind)
b.xt0.x_u22.bg1#branch                    -nan(ind)            -nan(ind)
b.xt0.x_u19.bg1#branch                    -nan(ind)            -nan(ind)
b.xt0.x_u18.bg1#branch                    -nan(ind)            -nan(ind)
b.xt0.x_u16.bgsw+#branch                  -nan(ind)            -nan(ind)
b.xt0.x_u12.bgvo-#branch                  -nan(ind)            -nan(ind)
b.xt0.x_u12.bgvo+#branch                  -nan(ind)            -nan(ind)
b.xt0.x_u11.bgvo-#branch                  -nan(ind)            -nan(ind)
b.xt0.x_u11.bgvo+#branch                  -nan(ind)            -nan(ind)
b.xt0.x_u10.bgvo-#branch                  -nan(ind)            -nan(ind)
b.xt0.x_u10.bgvo+#branch                  -nan(ind)            -nan(ind)
b.xr3.x_u6.bg1#branch                     -nan(ind)            -nan(ind)
b.xr3.x_u4.be1#branch                             0                    0
b.xr3.x_u35.bg1#branch                    -nan(ind)            -nan(ind)
b.xr3.x_u32.bg1#branch                    -nan(ind)            -nan(ind)
b.xr3.x_u31.bg1#branch                    -nan(ind)            -nan(ind)
b.xr3.x_u30.bg1#branch                    -nan(ind)            -nan(ind)
b.xr3.x_u27.bg1#branch                    -nan(ind)            -nan(ind)
b.xr3.x_u26.bg1#branch                    -nan(ind)            -nan(ind)
b.xr3.x_u23.bg1#branch                    -nan(ind)            -nan(ind)
b.xr3.x_u22.bg1#branch                    -nan(ind)            -nan(ind)
b.xr3.x_u19.bg1#branch                    -nan(ind)            -nan(ind)
b.xr3.x_u18.bg1#branch                    -nan(ind)            -nan(ind)
b.xr3.x_u16.bgsw+#branch                  -nan(ind)            -nan(ind)
b.xr3.x_u12.bgvo-#branch                  -nan(ind)            -nan(ind)
b.xr3.x_u12.bgvo+#branch                  -nan(ind)            -nan(ind)
b.xr3.x_u11.bgvo-#branch                  -nan(ind)            -nan(ind)
b.xr3.x_u11.bgvo+#branch                  -nan(ind)            -nan(ind)
b.xr3.x_u10.bgvo-#branch                  -nan(ind)            -nan(ind)
b.xr3.x_u10.bgvo+#branch                  -nan(ind)            -nan(ind)
bns3#branch                                       0                    0
b.xr2.x_u6.bg1#branch                     -nan(ind)            -nan(ind)
b.xr2.x_u4.be1#branch                             0                    0
b.xr2.x_u35.bg1#branch                    -nan(ind)            -nan(ind)
b.xr2.x_u32.bg1#branch                    -nan(ind)            -nan(ind)
b.xr2.x_u31.bg1#branch                    -nan(ind)            -nan(ind)
b.xr2.x_u30.bg1#branch                    -nan(ind)            -nan(ind)
b.xr2.x_u27.bg1#branch                    -nan(ind)            -nan(ind)
b.xr2.x_u26.bg1#branch                    -nan(ind)            -nan(ind)
b.xr2.x_u23.bg1#branch                    -nan(ind)            -nan(ind)
b.xr2.x_u22.bg1#branch                    -nan(ind)            -nan(ind)
b.xr2.x_u19.bg1#branch                    -nan(ind)            -nan(ind)
b.xr2.x_u18.bg1#branch                    -nan(ind)            -nan(ind)
b.xr2.x_u16.bgsw+#branch                  -nan(ind)            -nan(ind)
b.xr2.x_u12.bgvo-#branch                  -nan(ind)            -nan(ind)
b.xr2.x_u12.bgvo+#branch                  -nan(ind)            -nan(ind)
b.xr2.x_u11.bgvo-#branch                  -nan(ind)            -nan(ind)
b.xr2.x_u11.bgvo+#branch                  -nan(ind)            -nan(ind)
b.xr2.x_u10.bgvo-#branch                  -nan(ind)            -nan(ind)
b.xr2.x_u10.bgvo+#branch                  -nan(ind)            -nan(ind)
bns2#branch                                       0                    0
b.xr1.x_u6.bg1#branch                     -nan(ind)            -nan(ind)
b.xr1.x_u4.be1#branch                             0                    0
b.xr1.x_u35.bg1#branch                    -nan(ind)            -nan(ind)
b.xr1.x_u32.bg1#branch                    -nan(ind)            -nan(ind)
b.xr1.x_u31.bg1#branch                    -nan(ind)            -nan(ind)
b.xr1.x_u30.bg1#branch                    -nan(ind)            -nan(ind)
b.xr1.x_u27.bg1#branch                    -nan(ind)            -nan(ind)
b.xr1.x_u26.bg1#branch                    -nan(ind)            -nan(ind)
b.xr1.x_u23.bg1#branch                    -nan(ind)            -nan(ind)
b.xr1.x_u22.bg1#branch                    -nan(ind)            -nan(ind)
b.xr1.x_u19.bg1#branch                    -nan(ind)            -nan(ind)
b.xr1.x_u18.bg1#branch                    -nan(ind)            -nan(ind)
b.xr1.x_u16.bgsw+#branch                  -nan(ind)            -nan(ind)
b.xr1.x_u12.bgvo-#branch                  -nan(ind)            -nan(ind)
b.xr1.x_u12.bgvo+#branch                  -nan(ind)            -nan(ind)
b.xr1.x_u11.bgvo-#branch                  -nan(ind)            -nan(ind)
b.xr1.x_u11.bgvo+#branch                  -nan(ind)            -nan(ind)
b.xr1.x_u10.bgvo-#branch                  -nan(ind)            -nan(ind)
b.xr1.x_u10.bgvo+#branch                  -nan(ind)            -nan(ind)
bns1#branch                                       0                    0
b.xr0.x_u6.bg1#branch                     -nan(ind)            -nan(ind)
b.xr0.x_u4.be1#branch                             0                    0
b.xr0.x_u35.bg1#branch                    -nan(ind)            -nan(ind)
b.xr0.x_u32.bg1#branch                    -nan(ind)            -nan(ind)
b.xr0.x_u31.bg1#branch                    -nan(ind)            -nan(ind)
b.xr0.x_u30.bg1#branch                    -nan(ind)            -nan(ind)
b.xr0.x_u27.bg1#branch                    -nan(ind)            -nan(ind)
b.xr0.x_u26.bg1#branch                    -nan(ind)            -nan(ind)
b.xr0.x_u23.bg1#branch                    -nan(ind)            -nan(ind)
b.xr0.x_u22.bg1#branch                    -nan(ind)            -nan(ind)
b.xr0.x_u19.bg1#branch                    -nan(ind)            -nan(ind)
b.xr0.x_u18.bg1#branch                    -nan(ind)            -nan(ind)
b.xr0.x_u16.bgsw+#branch                  -nan(ind)            -nan(ind)
b.xr0.x_u12.bgvo-#branch                  -nan(ind)            -nan(ind)
b.xr0.x_u12.bgvo+#branch                  -nan(ind)            -nan(ind)
b.xr0.x_u11.bgvo-#branch                  -nan(ind)            -nan(ind)
b.xr0.x_u11.bgvo+#branch                  -nan(ind)            -nan(ind)
b.xr0.x_u10.bgvo-#branch                  -nan(ind)            -nan(ind)
b.xr0.x_u10.bgvo+#branch                  -nan(ind)            -nan(ind)
bns0#branch                                       0                    0
b.xex.x_u6.bg1#branch                     -nan(ind)            -nan(ind)
b.xex.x_u4.be1#branch                             0                    0
b.xex.x_u35.bg1#branch                    -nan(ind)            -nan(ind)
b.xex.x_u32.bg1#branch                    -nan(ind)            -nan(ind)
b.xex.x_u31.bg1#branch                    -nan(ind)            -nan(ind)
b.xex.x_u30.bg1#branch                    -nan(ind)            -nan(ind)
b.xex.x_u27.bg1#branch                    -nan(ind)            -nan(ind)
b.xex.x_u26.bg1#branch                    -nan(ind)            -nan(ind)
b.xex.x_u23.bg1#branch                    -nan(ind)            -nan(ind)
b.xex.x_u22.bg1#branch                    -nan(ind)            -nan(ind)
b.xex.x_u19.bg1#branch                    -nan(ind)            -nan(ind)
b.xex.x_u18.bg1#branch                    -nan(ind)            -nan(ind)
b.xex.x_u16.bgsw+#branch                  -nan(ind)            -nan(ind)
b.xex.x_u12.bgvo-#branch                  -nan(ind)            -nan(ind)
b.xex.x_u12.bgvo+#branch                  -nan(ind)            -nan(ind)
b.xex.x_u11.bgvo-#branch                  -nan(ind)            -nan(ind)
b.xex.x_u11.bgvo+#branch                  -nan(ind)            -nan(ind)
b.xex.x_u10.bgvo-#branch                  -nan(ind)            -nan(ind)
b.xex.x_u10.bgvo+#branch                  -nan(ind)            -nan(ind)
b.xcm.x_u6.bg1#branch                     -nan(ind)            -nan(ind)
b.xcm.x_u4.be1#branch                             0                    0
b.xcm.x_u35.bg1#branch                    -nan(ind)            -nan(ind)
b.xcm.x_u32.bg1#branch                    -nan(ind)            -nan(ind)
b.xcm.x_u31.bg1#branch                    -nan(ind)            -nan(ind)
b.xcm.x_u30.bg1#branch                    -nan(ind)            -nan(ind)
b.xcm.x_u27.bg1#branch                    -nan(ind)            -nan(ind)
b.xcm.x_u26.bg1#branch                    -nan(ind)            -nan(ind)
b.xcm.x_u23.bg1#branch                    -nan(ind)            -nan(ind)
b.xcm.x_u22.bg1#branch                    -nan(ind)            -nan(ind)
b.xcm.x_u19.bg1#branch                    -nan(ind)            -nan(ind)
b.xcm.x_u18.bg1#branch                    -nan(ind)            -nan(ind)
b.xcm.x_u16.bgsw+#branch                  -nan(ind)            -nan(ind)
b.xcm.x_u12.bgvo-#branch                  -nan(ind)            -nan(ind)
b.xcm.x_u12.bgvo+#branch                  -nan(ind)            -nan(ind)
b.xcm.x_u11.bgvo-#branch                  -nan(ind)            -nan(ind)
b.xcm.x_u11.bgvo+#branch                  -nan(ind)            -nan(ind)
b.xcm.x_u10.bgvo-#branch                  -nan(ind)            -nan(ind)
b.xcm.x_u10.bgvo+#branch                  -nan(ind)            -nan(ind)
h.xt3.x_h3.h_h3#branch                    -nan(ind)            -nan(ind)
v.xt3.x_h3.vh_h3#branch                   -nan(ind)            -nan(ind)
h.xt3.x_h2.h_h2#branch                    -nan(ind)            -nan(ind)
v.xt3.x_h2.vh_h2#branch                   -nan(ind)            -nan(ind)
h.xt3.x_h1.h_h1#branch                    -nan(ind)            -nan(ind)
v.xt3.x_h1.vh_h1#branch                   -nan(ind)            -nan(ind)
h.xt2.x_h3.h_h3#branch                    -nan(ind)            -nan(ind)
v.xt2.x_h3.vh_h3#branch                   -nan(ind)            -nan(ind)
h.xt2.x_h2.h_h2#branch                    -nan(ind)            -nan(ind)
v.xt2.x_h2.vh_h2#branch                   -nan(ind)            -nan(ind)
h.xt2.x_h1.h_h1#branch                    -nan(ind)            -nan(ind)
v.xt2.x_h1.vh_h1#branch                   -nan(ind)            -nan(ind)
h.xt1.x_h3.h_h3#branch                    -nan(ind)            -nan(ind)
v.xt1.x_h3.vh_h3#branch                   -nan(ind)            -nan(ind)
h.xt1.x_h2.h_h2#branch                    -nan(ind)            -nan(ind)
v.xt1.x_h2.vh_h2#branch                   -nan(ind)            -nan(ind)
h.xt1.x_h1.h_h1#branch                    -nan(ind)            -nan(ind)
v.xt1.x_h1.vh_h1#branch                   -nan(ind)            -nan(ind)
h.xt0.x_h3.h_h3#branch                    -nan(ind)            -nan(ind)
v.xt0.x_h3.vh_h3#branch                   -nan(ind)            -nan(ind)
h.xt0.x_h2.h_h2#branch                    -nan(ind)            -nan(ind)
v.xt0.x_h2.vh_h2#branch                   -nan(ind)            -nan(ind)
h.xt0.x_h1.h_h1#branch                    -nan(ind)            -nan(ind)
v.xt0.x_h1.vh_h1#branch                   -nan(ind)            -nan(ind)
h.xr3.x_h3.h_h3#branch                    -nan(ind)            -nan(ind)
v.xr3.x_h3.vh_h3#branch                   -nan(ind)            -nan(ind)
h.xr3.x_h2.h_h2#branch                    -nan(ind)            -nan(ind)
v.xr3.x_h2.vh_h2#branch                   -nan(ind)            -nan(ind)
h.xr3.x_h1.h_h1#branch                    -nan(ind)            -nan(ind)
v.xr3.x_h1.vh_h1#branch                   -nan(ind)            -nan(ind)
h.xr2.x_h3.h_h3#branch                    -nan(ind)            -nan(ind)
v.xr2.x_h3.vh_h3#branch                   -nan(ind)            -nan(ind)
h.xr2.x_h2.h_h2#branch                    -nan(ind)            -nan(ind)
v.xr2.x_h2.vh_h2#branch                   -nan(ind)            -nan(ind)
h.xr2.x_h1.h_h1#branch                    -nan(ind)            -nan(ind)
v.xr2.x_h1.vh_h1#branch                   -nan(ind)            -nan(ind)
h.xr1.x_h3.h_h3#branch                    -nan(ind)            -nan(ind)
v.xr1.x_h3.vh_h3#branch                   -nan(ind)            -nan(ind)
h.xr1.x_h2.h_h2#branch                    -nan(ind)            -nan(ind)
v.xr1.x_h2.vh_h2#branch                   -nan(ind)            -nan(ind)
h.xr1.x_h1.h_h1#branch                    -nan(ind)            -nan(ind)
v.xr1.x_h1.vh_h1#branch                   -nan(ind)            -nan(ind)
h.xr0.x_h3.h_h3#branch                    -nan(ind)            -nan(ind)
v.xr0.x_h3.vh_h3#branch                   -nan(ind)            -nan(ind)
h.xr0.x_h2.h_h2#branch                    -nan(ind)            -nan(ind)
v.xr0.x_h2.vh_h2#branch                   -nan(ind)            -nan(ind)
h.xr0.x_h1.h_h1#branch                    -nan(ind)            -nan(ind)
v.xr0.x_h1.vh_h1#branch                   -nan(ind)            -nan(ind)
h.xex.x_h3.h_h3#branch                    -nan(ind)            -nan(ind)
v.xex.x_h3.vh_h3#branch                   -nan(ind)            -nan(ind)
h.xex.x_h2.h_h2#branch                    -nan(ind)            -nan(ind)
v.xex.x_h2.vh_h2#branch                   -nan(ind)            -nan(ind)
h.xex.x_h1.h_h1#branch                    -nan(ind)            -nan(ind)
v.xex.x_h1.vh_h1#branch                   -nan(ind)            -nan(ind)
h.xcm.x_h3.h_h3#branch                    -nan(ind)            -nan(ind)
v.xcm.x_h3.vh_h3#branch                   -nan(ind)            -nan(ind)
h.xcm.x_h2.h_h2#branch                    -nan(ind)            -nan(ind)
v.xcm.x_h2.vh_h2#branch                   -nan(ind)            -nan(ind)
h.xcm.x_h1.h_h1#branch                    -nan(ind)            -nan(ind)
v.xcm.x_h1.vh_h1#branch                   -nan(ind)            -nan(ind)
e.xt3.x_u40.e3#branch                     -nan(ind)            -nan(ind)
e.xt3.x_u4.e1#branch                      -nan(ind)            -nan(ind)
e.xt3.x_u39.e1#branch                             0                    0
e.xt3.x_u38.e1#branch                             0                    0
e.xt3.e_e4#branch                         -nan(ind)            -nan(ind)
e.xt3.e_e3#branch                         -nan(ind)            -nan(ind)
e.xt3.e_e1#branch                         -nan(ind)            -nan(ind)
e.xt2.x_u40.e3#branch                     -nan(ind)            -nan(ind)
e.xt2.x_u4.e1#branch                      -nan(ind)            -nan(ind)
e.xt2.x_u39.e1#branch                             0                    0
e.xt2.x_u38.e1#branch                             0                    0
e.xt2.e_e4#branch                         -nan(ind)            -nan(ind)
e.xt2.e_e3#branch                         -nan(ind)            -nan(ind)
e.xt2.e_e1#branch                         -nan(ind)            -nan(ind)
e.xt1.x_u40.e3#branch                     -nan(ind)            -nan(ind)
e.xt1.x_u4.e1#branch                      -nan(ind)            -nan(ind)
e.xt1.x_u39.e1#branch                             0                    0
e.xt1.x_u38.e1#branch                             0                    0
e.xt1.e_e4#branch                         -nan(ind)            -nan(ind)
e.xt1.e_e3#branch                         -nan(ind)            -nan(ind)
e.xt1.e_e1#branch                         -nan(ind)            -nan(ind)
e.xt0.x_u40.e3#branch                     -nan(ind)            -nan(ind)
e.xt0.x_u4.e1#branch                      -nan(ind)            -nan(ind)
e.xt0.x_u39.e1#branch                             0                    0
e.xt0.x_u38.e1#branch                             0                    0
e.xt0.e_e4#branch                         -nan(ind)            -nan(ind)
e.xt0.e_e3#branch                         -nan(ind)            -nan(ind)
e.xt0.e_e1#branch                         -nan(ind)            -nan(ind)
e.xr3.x_u40.e3#branch                     -nan(ind)            -nan(ind)
e.xr3.x_u4.e1#branch                      -nan(ind)            -nan(ind)
e.xr3.x_u39.e1#branch                             0                    0
e.xr3.x_u38.e1#branch                             0                    0
e.xr3.e_e4#branch                         -nan(ind)            -nan(ind)
e.xr3.e_e3#branch                         -nan(ind)            -nan(ind)
e.xr3.e_e1#branch                         -nan(ind)            -nan(ind)
e.xr2.x_u40.e3#branch                     -nan(ind)            -nan(ind)
e.xr2.x_u4.e1#branch                      -nan(ind)            -nan(ind)
e.xr2.x_u39.e1#branch                             0                    0
e.xr2.x_u38.e1#branch                             0                    0
e.xr2.e_e4#branch                         -nan(ind)            -nan(ind)
e.xr2.e_e3#branch                         -nan(ind)            -nan(ind)
e.xr2.e_e1#branch                         -nan(ind)            -nan(ind)
e.xr1.x_u40.e3#branch                     -nan(ind)            -nan(ind)
e.xr1.x_u4.e1#branch                      -nan(ind)            -nan(ind)
e.xr1.x_u39.e1#branch                             0                    0
e.xr1.x_u38.e1#branch                             0                    0
e.xr1.e_e4#branch                         -nan(ind)            -nan(ind)
e.xr1.e_e3#branch                         -nan(ind)            -nan(ind)
e.xr1.e_e1#branch                         -nan(ind)            -nan(ind)
e.xr0.x_u40.e3#branch                     -nan(ind)            -nan(ind)
e.xr0.x_u4.e1#branch                      -nan(ind)            -nan(ind)
e.xr0.x_u39.e1#branch                             0                    0
e.xr0.x_u38.e1#branch                             0                    0
e.xr0.e_e4#branch                         -nan(ind)            -nan(ind)
e.xr0.e_e3#branch                         -nan(ind)            -nan(ind)
e.xr0.e_e1#branch                         -nan(ind)            -nan(ind)
e.xex.x_u40.e3#branch                     -nan(ind)            -nan(ind)
e.xex.x_u4.e1#branch                      -nan(ind)            -nan(ind)
e.xex.x_u39.e1#branch                             0                    0
e.xex.x_u38.e1#branch                             0                    0
e.xex.e_e4#branch                         -nan(ind)            -nan(ind)
e.xex.e_e3#branch                         -nan(ind)            -nan(ind)
e.xex.e_e1#branch                         -nan(ind)            -nan(ind)
e.xcm.x_u40.e3#branch                     -nan(ind)            -nan(ind)
e.xcm.x_u4.e1#branch                      -nan(ind)            -nan(ind)
e.xcm.x_u39.e1#branch                             0                    0
e.xcm.x_u38.e1#branch                             0                    0
e.xcm.e_e4#branch                         -nan(ind)            -nan(ind)
e.xcm.e_e3#branch                         -nan(ind)            -nan(ind)
e.xcm.e_e1#branch                         -nan(ind)            -nan(ind)
v.xt3.v_v_orp#branch                      -nan(ind)            -nan(ind)
v.xt3.v_v_orn#branch                      -nan(ind)            -nan(ind)
v.xt3.v_v_iscp#branch                     -nan(ind)            -nan(ind)
v.xt3.v_v_iscn#branch                     -nan(ind)            -nan(ind)
v.xt3.v_v_grp#branch                      -nan(ind)            -nan(ind)
v.xt3.v_v_grn#branch                      -nan(ind)            -nan(ind)
v.xt3.v_vcm_min#branch                    -nan(ind)            -nan(ind)
v.xt3.v_vcm_max#branch                    -nan(ind)            -nan(ind)
v.xt2.v_v_orp#branch                      -nan(ind)            -nan(ind)
v.xt2.v_v_orn#branch                      -nan(ind)            -nan(ind)
v.xt2.v_v_iscp#branch                     -nan(ind)            -nan(ind)
v.xt2.v_v_iscn#branch                     -nan(ind)            -nan(ind)
v.xt2.v_v_grp#branch                      -nan(ind)            -nan(ind)
v.xt2.v_v_grn#branch                      -nan(ind)            -nan(ind)
v.xt2.v_vcm_min#branch                    -nan(ind)            -nan(ind)
v.xt2.v_vcm_max#branch                    -nan(ind)            -nan(ind)
v.xt1.v_v_orp#branch                      -nan(ind)            -nan(ind)
v.xt1.v_v_orn#branch                      -nan(ind)            -nan(ind)
v.xt1.v_v_iscp#branch                     -nan(ind)            -nan(ind)
v.xt1.v_v_iscn#branch                     -nan(ind)            -nan(ind)
v.xt1.v_v_grp#branch                      -nan(ind)            -nan(ind)
v.xt1.v_v_grn#branch                      -nan(ind)            -nan(ind)
v.xt1.v_vcm_min#branch                    -nan(ind)            -nan(ind)
v.xt1.v_vcm_max#branch                    -nan(ind)            -nan(ind)
v.xt0.v_v_orp#branch                      -nan(ind)            -nan(ind)
v.xt0.v_v_orn#branch                      -nan(ind)            -nan(ind)
v.xt0.v_v_iscp#branch                     -nan(ind)            -nan(ind)
v.xt0.v_v_iscn#branch                     -nan(ind)            -nan(ind)
v.xt0.v_v_grp#branch                      -nan(ind)            -nan(ind)
v.xt0.v_v_grn#branch                      -nan(ind)            -nan(ind)
v.xt0.v_vcm_min#branch                    -nan(ind)            -nan(ind)
v.xt0.v_vcm_max#branch                    -nan(ind)            -nan(ind)
v.xr3.v_v_orp#branch                      -nan(ind)            -nan(ind)
v.xr3.v_v_orn#branch                      -nan(ind)            -nan(ind)
v.xr3.v_v_iscp#branch                     -nan(ind)            -nan(ind)
v.xr3.v_v_iscn#branch                     -nan(ind)            -nan(ind)
v.xr3.v_v_grp#branch                      -nan(ind)            -nan(ind)
v.xr3.v_v_grn#branch                      -nan(ind)            -nan(ind)
v.xr3.v_vcm_min#branch                    -nan(ind)            -nan(ind)
v.xr3.v_vcm_max#branch                    -nan(ind)            -nan(ind)
vsel3#branch                                      0                    0
v.xr2.v_v_orp#branch                      -nan(ind)            -nan(ind)
v.xr2.v_v_orn#branch                      -nan(ind)            -nan(ind)
v.xr2.v_v_iscp#branch                     -nan(ind)            -nan(ind)
v.xr2.v_v_iscn#branch                     -nan(ind)            -nan(ind)
v.xr2.v_v_grp#branch                      -nan(ind)            -nan(ind)
v.xr2.v_v_grn#branch                      -nan(ind)            -nan(ind)
v.xr2.v_vcm_min#branch                    -nan(ind)            -nan(ind)
v.xr2.v_vcm_max#branch                    -nan(ind)            -nan(ind)
vsel2#branch                                      0                    0
v.xr1.v_v_orp#branch                      -nan(ind)            -nan(ind)
v.xr1.v_v_orn#branch                      -nan(ind)            -nan(ind)
v.xr1.v_v_iscp#branch                     -nan(ind)            -nan(ind)
v.xr1.v_v_iscn#branch                     -nan(ind)            -nan(ind)
v.xr1.v_v_grp#branch                      -nan(ind)            -nan(ind)
v.xr1.v_v_grn#branch                      -nan(ind)            -nan(ind)
v.xr1.v_vcm_min#branch                    -nan(ind)            -nan(ind)
v.xr1.v_vcm_max#branch                    -nan(ind)            -nan(ind)
vsel1#branch                                      0                    0
v.xr0.v_v_orp#branch                      -nan(ind)            -nan(ind)
v.xr0.v_v_orn#branch                      -nan(ind)            -nan(ind)
v.xr0.v_v_iscp#branch                     -nan(ind)            -nan(ind)
v.xr0.v_v_iscn#branch                     -nan(ind)            -nan(ind)
v.xr0.v_v_grp#branch                      -nan(ind)            -nan(ind)
v.xr0.v_v_grn#branch                      -nan(ind)            -nan(ind)
v.xr0.v_vcm_min#branch                    -nan(ind)            -nan(ind)
v.xr0.v_vcm_max#branch                    -nan(ind)            -nan(ind)
vsel0#branch                                      0                    0
v.xex.v_v_orp#branch                      -nan(ind)            -nan(ind)
v.xex.v_v_orn#branch                      -nan(ind)            -nan(ind)
v.xex.v_v_iscp#branch                     -nan(ind)            -nan(ind)
v.xex.v_v_iscn#branch                     -nan(ind)            -nan(ind)
v.xex.v_v_grp#branch                      -nan(ind)            -nan(ind)
v.xex.v_v_grn#branch                      -nan(ind)            -nan(ind)
v.xex.v_vcm_min#branch                    -nan(ind)            -nan(ind)
v.xex.v_vcm_max#branch                    -nan(ind)            -nan(ind)
v.xcm.v_v_orp#branch                      -nan(ind)            -nan(ind)
v.xcm.v_v_orn#branch                      -nan(ind)            -nan(ind)
v.xcm.v_v_iscp#branch                     -nan(ind)            -nan(ind)
v.xcm.v_v_iscn#branch                     -nan(ind)            -nan(ind)
v.xcm.v_v_grp#branch                      -nan(ind)            -nan(ind)
v.xcm.v_v_grn#branch                      -nan(ind)            -nan(ind)
v.xcm.v_vcm_min#branch                    -nan(ind)            -nan(ind)
v.xcm.v_vcm_max#branch                    -nan(ind)            -nan(ind)
vref#branch                               -nan(ind)            -nan(ind)
v5#branch                                 -nan(ind)            -nan(ind)
a.xt3.x_u19.ag1#branch_1_0                -nan(ind)            -nan(ind)
a.xt3.x_u18.ag1#branch_1_0                -nan(ind)            -nan(ind)
a.xt2.x_u19.ag1#branch_1_0                -nan(ind)            -nan(ind)
a.xt2.x_u18.ag1#branch_1_0                -nan(ind)            -nan(ind)
a.xt1.x_u19.ag1#branch_1_0                -nan(ind)            -nan(ind)
a.xt1.x_u18.ag1#branch_1_0                -nan(ind)            -nan(ind)
a.xt0.x_u19.ag1#branch_1_0                -nan(ind)            -nan(ind)
a.xt0.x_u18.ag1#branch_1_0                -nan(ind)            -nan(ind)
a.xr3.x_u19.ag1#branch_1_0                -nan(ind)            -nan(ind)
a.xr3.x_u18.ag1#branch_1_0                -nan(ind)            -nan(ind)
a.xr2.x_u19.ag1#branch_1_0                -nan(ind)            -nan(ind)
a.xr2.x_u18.ag1#branch_1_0                -nan(ind)            -nan(ind)
a.xr1.x_u19.ag1#branch_1_0                -nan(ind)            -nan(ind)
a.xr1.x_u18.ag1#branch_1_0                -nan(ind)            -nan(ind)
a.xr0.x_u19.ag1#branch_1_0                -nan(ind)            -nan(ind)
a.xr0.x_u18.ag1#branch_1_0                -nan(ind)            -nan(ind)
a.xex.x_u19.ag1#branch_1_0                -nan(ind)            -nan(ind)
a.xex.x_u18.ag1#branch_1_0                -nan(ind)            -nan(ind)
a.xcm.x_u19.ag1#branch_1_0                -nan(ind)            -nan(ind)
a.xcm.x_u18.ag1#branch_1_0                -nan(ind)            -nan(ind)

Reducing trtol to 1 for xspice 'A' devices
Doing analysis at TEMP = 27.000000 and TNOM = 27.000000

Using SPARSE 1.3 as Direct Linear Solver

Initial Transient Solution
--------------------------

Node                                   Voltage
----                                   -------
v5                                           5
ref                                        2.5
vcm_cmd                                    2.5
xcm.n3294772                         0.0358019
xcm.n3294776                         0.0357154
xcm.n3294626                          -1.58868
xcm.n3294630                          -1.99355
xcm.mid                              0.0357152
xcm.n47456861                           32.993
xcm.n4736080                           4.66907
xcm.n3294524                           2.52499
xcm.n47492651                          27.8841
xcm.n47965841                          27.8845
xcm.n4797748                           27.8825
xcm.n4797760                           7.42196
xcm.n48001371                          27.8818
xcm.n4809008                         0.0357983
xcm.n2991553                         0.0357154
xcm.n4817896                          0.036215
xcm.n2991581                         0.0357157
xcm.n2992397                                 5
xcm.n2992375                         0.0357152
xcm.n2992413                       3.57509e-08
xcm.n2991741                         0.0357152
xcm.n2991765                         0.0357152
xcm.n2991811                         0.0357152
xcm.n2991831                         0.0357152
xcm.n2991907                         0.0357152
xcm.n2991925                         0.0357152
xcm.n2991969                           2.52555
xcm.n2992033                           4.98489
xcm.n2992029                         0.0230798
xcm.n2992093                         0.0357151
xcm.n2992099                         0.0357151
xcm.sw_ol_opax388                    0.0357152
xcm.vimon                            0.0607154
xcm.vout_s                               2.525
xcm.n2991657                               2.5
xcm.clamp                              2.52555
xcm.vclp                               2.52499
xcm.n4031911                           2.52555
xcm.n3827259                           27.8791
xcm.n3828449                          0.057972
xcm.n3850714                         0.0362186
xcm.n3850724                         0.0357157
xcm.n4243633                         0.0299293
xcm.n2991579                         0.0357151
xcm.esdp                                   2.5
xcm.esdn                                   2.5
xcm.n2992163                             2.525
cmdrv                                    2.525
xcm.n3294618                           2.52499
xcm.cl_clamp                           2.52499
xcm.claw_clamp                         2.52499
xcm.n3201092                          -4.22524
xcm.vcc_b                                    5
xcm.vee_b                          3.57152e-08
xcm.n2991563                               2.5
xcm.n2991555                               2.5
xcm.vcc_clp                            4.98489
xcm.vee_clp                          0.0230798
xcm.n2992299                           -52.475
xcm.n2992295                           -52.475
xcm.n2992323                            57.525
xcm.n2992331                            57.525
xcm.n2992235                             2.525
xcm.vsense                             2.52555
xcm.n2991587                               2.5
xcm.n2991583                               2.5
xcm.n4747399                           27.8757
xcm.n4745674                           27.8757
xcm.n4796554                           27.8837
xcm.n4749239                           27.8837
xcm.n4796572                           27.8845
xcm.n4798545                           27.8818
xcm.n4800105                           27.8818
xcm.n2991573                               2.5
xcm.n2991619                               2.5
xcm.n2991623                               5.1
xcm.n2991635                              -0.1
xcm.n2991643                               2.5
xcm.n2991667                         0.0357224
xcm.n3294682                           27.8554
xcm.n2991729                         0.0357152
xcm.n2991763                         0.0357152
xcm.n2991807                           60.0357
xcm.n2991809                         0.0357152
xcm.n2991837                         0.0357152
xcm.n2991849                          -59.9643
xcm.n2991901                           150.036
xcm.n2991905                         0.0357152
xcm.n2991931                         0.0357152
xcm.n2991943                          -149.964
xcm.n2991997                           4.98489
xcm.n2992001                         0.0230798
xcm.v11                              0.0357151
xcm.v12                              0.0357151
xcm.n2992105                         0.0357152
cmfb                                       2.5
xcm.n2992151                         0.0607154
xcm.n2992287                            57.525
xcm.n2992267                           -52.475
xcm.x_u10.gvo+_int1                          0
xcm.x_u10.gvo-_int1                          0
xcm.x_u11.gvo+_int1                          0
xcm.x_u11.gvo-_int1                          0
xcm.x_u12.gvo+_int1                          0
xcm.x_u12.gvo-_int1                          0
xcm.x_u16.gsw+_int1                          0
xcm.x_u18.g1_int1                  1.51086e-05
xcm.x_u18.g1_int2                    0.0250003
xcm.x_u19.g1_int1                  2.30797e-05
xcm.x_u19.g1_int2                   -0.0250003
xcm.x_u22.g1_int1                            0
xcm.x_u23.g1_int1                            0
xcm.x_u26.g1_int1                  2.50003e-05
xcm.x_u27.g1_int1                            0
xcm.x_u30.g1_int1                   7.3094e-12
xcm.x_u31.g1_int1                  1.82707e-06
xcm.x_u32.g1_int1                      27.8211
xcm.x_u35.g1_int1                            0
xcm.x_u38.3                                  0
xcm.x_u38.5                                  0
xcm.x_u39.3                                  0
xcm.x_u39.5                                  0
xcm.x_u4.e1_int1                  -3.00202e-07
xcm.x_u40.5                                  0
xcm.x_u6.g1_int1                       2.46429
vcm                                        2.5
vexcmd                                    2.25
xex.n3294772                         0.0357931
xex.n3294776                         0.0357154
xex.n3294626                          -2.13024
xex.n3294630                          -2.13809
xex.mid                              0.0357152
xex.n47456861                          29.0231
xex.n4736080                           4.15721
xex.n3294524                           2.24999
xex.n47492651                           24.418
xex.n47965841                          24.4184
xex.n4797748                           24.4166
xex.n4797760                           6.50264
xex.n48001371                           24.416
xex.n4809008                         0.0357895
xex.n2991553                         0.0357154
xex.n4817896                          0.036215
xex.n2991581                         0.0357157
xex.n2992397                                 5
xex.n2992375                         0.0357152
xex.n2992413                       3.57509e-08
xex.n2991741                         0.0357152
xex.n2991765                         0.0357152
xex.n2991811                         0.0357152
xex.n2991831                         0.0357152
xex.n2991907                         0.0357152
xex.n2991925                         0.0357152
xex.n2991969                           2.25048
xex.n2992033                           4.98506
xex.n2992029                         0.0234388
xex.n2992093                         0.0357151
xex.n2992099                         0.0357151
xex.sw_ol_opax388                    0.0357152
xex.vimon                            0.0357151
xex.vout_s                                2.25
xex.n2991657                              2.25
xex.clamp                              2.25048
xex.vclp                               2.24999
xex.n4031911                           2.25048
xex.n3827259                           24.4136
xex.n3828449                         0.0552019
xex.n3850714                         0.0362186
xex.n3850724                         0.0357157
xex.n4243633                         0.0299293
xex.n2991579                         0.0357151
xex.esdp                                  2.25
xex.esdn                                  2.25
xex.n2992163                              2.25
exdrv                                     2.25
xex.n3294618                           2.24999
xex.cl_clamp                           2.24999
xex.claw_clamp                         2.24999
xex.n3201092                          -4.52881
xex.vcc_b                                    5
xex.vee_b                          3.57152e-08
xex.n2991563                              2.25
xex.n2991555                              2.25
xex.vcc_clp                            4.98506
xex.vee_clp                          0.0234388
xex.n2992299                            -52.75
xex.n2992295                            -52.75
xex.n2992323                             57.25
xex.n2992331                             57.25
xex.n2992235                              2.25
xex.vsense                             2.25048
xex.n2991587                              2.25
xex.n2991583                              2.25
xex.n4747399                           24.4099
xex.n4745674                           24.4099
xex.n4796554                           24.4176
xex.n4749239                           24.4176
xex.n4796572                           24.4184
xex.n4798545                            24.416
xex.n4800105                            24.416
xex.n2991573                              2.25
xex.n2991619                              2.25
xex.n2991623                               5.1
xex.n2991635                              -0.1
xex.n2991643                              2.25
xex.n2991667                         0.0357212
xex.n3294682                           24.3928
xex.n2991729                         0.0357152
xex.n2991763                         0.0357152
xex.n2991807                           60.0357
xex.n2991809                         0.0357152
xex.n2991837                         0.0357152
xex.n2991849                          -59.9643
xex.n2991901                           150.036
xex.n2991905                         0.0357152
xex.n2991931                         0.0357152
xex.n2991943                          -149.964
xex.n2991997                           4.98506
xex.n2992001                         0.0234388
xex.v11                              0.0357151
xex.v12                              0.0357151
xex.n2992105                         0.0357152
exfb                                      2.25
xex.n2992151                         0.0357151
xex.n2992287                             57.25
xex.n2992267                            -52.75
xex.x_u10.gvo+_int1                          0
xex.x_u10.gvo-_int1                          0
xex.x_u11.gvo+_int1                          0
xex.x_u11.gvo-_int1                          0
xex.x_u12.gvo+_int1                          0
xex.x_u12.gvo-_int1                          0
xex.x_u16.gsw+_int1                          0
xex.x_u18.g1_int1                  1.49332e-05
xex.x_u18.g1_int2                   -3.304e-08
xex.x_u19.g1_int1                  2.34388e-05
xex.x_u19.g1_int2                    3.304e-08
xex.x_u22.g1_int1                            0
xex.x_u23.g1_int1                            0
xex.x_u26.g1_int1                            0
xex.x_u27.g1_int1                    3.304e-11
xex.x_u30.g1_int1                  6.08468e-12
xex.x_u31.g1_int1                  1.51944e-06
xex.x_u32.g1_int1                      24.3584
xex.x_u35.g1_int1                            0
xex.x_u38.3                                  0
xex.x_u38.5                                  0
xex.x_u39.3                                  0
xex.x_u39.5                                  0
xex.x_u4.e1_int1                  -3.00202e-07
xex.x_u40.5                                  0
xex.x_u6.g1_int1                       2.21429
vexc                                      2.25
sel0                                         0
ns0                                          1
cmd0                                       2.5
xr0.n3294772                         0.0358019
xr0.n3294776                         0.0357154
xr0.n3294626                         -0.711124
xr0.n3294630                         -0.742349
xr0.mid                              0.0357152
xr0.n47456861                          31.8046
xr0.n4736080                           4.62258
xr0.n3294524                           2.50001
xr0.n47492651                          27.1674
xr0.n47965841                          27.1717
xr0.n4797748                           27.1697
xr0.n4797760                           7.23289
xr0.n48001371                          27.1691
xr0.n4809008                         0.0357983
xr0.n2991553                         0.0357154
xr0.n4817896                         0.0377741
xr0.n2991581                         0.0357214
xr0.n2992397                                 5
xr0.n2992375                         0.0357152
xr0.n2992413                       3.57509e-08
xr0.n2991741                         0.0357152
xr0.n2991765                         0.0357152
xr0.n2991811                         0.0357152
xr0.n2991831                         0.0357152
xr0.n2991907                         0.0357152
xr0.n2991925                         0.0357152
xr0.n2991969                           2.50056
xr0.n2992033                           4.98506
xr0.n2992029                         0.0234386
xr0.n2992093                         0.0357151
xr0.n2992099                         0.0357151
xr0.sw_ol_opa4388                    0.0357152
xr0.vimon                            0.0357292
xr0.vout_s                             2.50002
xr0.n2991657                               2.5
xr0.clamp                              2.50056
xr0.vclp                               2.50001
xr0.n4031911                           2.50056
xr0.n3827259                           27.1664
xr0.n3828449                         0.0574023
xr0.n3850714                         0.0377773
xr0.n3850724                         0.0357214
xr0.n4243633                         0.0169433
xr0.n2991579                         0.0357151
xr0.esdp                                   2.5
xr0.esdn                                   2.5
xr0.n2992163                           2.50002
drv0                                   2.50002
xr0.n3294618                           2.50001
xr0.cl_clamp                           2.50001
xr0.claw_clamp                         2.50001
xr0.n3201092                          -1.59776
xr0.vcc_b                                    5
xr0.vee_b                          3.57152e-08
xr0.n2991563                               2.5
xr0.n2991555                               2.5
xr0.vcc_clp                            4.98506
xr0.vee_clp                          0.0234386
xr0.n2992299                             -52.5
xr0.n2992295                             -52.5
xr0.n2992323                              57.5
xr0.n2992331                              57.5
xr0.n2992235                           2.50002
xr0.vsense                             2.50056
xr0.n2991587                               2.5
xr0.n2991583                               2.5
xr0.n4747399                            27.212
xr0.n4745674                            27.212
xr0.n4796554                           27.1697
xr0.n4749239                           27.1697
xr0.n4796572                           27.1717
xr0.n4798545                           27.1691
xr0.n4800105                           27.1691
xr0.n2991573                               2.5
xr0.n2991619                               2.5
xr0.n2991623                               5.1
xr0.n2991635                              -0.1
xr0.n2991643                               2.5
xr0.n2991667                         0.0357199
xr0.n3294682                           27.1433
xr0.n2991729                         0.0357152
xr0.n2991763                         0.0357152
xr0.n2991807                           60.0357
xr0.n2991809                         0.0357152
xr0.n2991837                         0.0357152
xr0.n2991849                          -59.9643
xr0.n2991901                           150.036
xr0.n2991905                         0.0357152
xr0.n2991931                         0.0357152
xr0.n2991943                          -149.964
xr0.n2991997                           4.98506
xr0.n2992001                         0.0234386
xr0.v11                              0.0357151
xr0.v12                              0.0357151
xr0.n2992105                         0.0357152
fb0                                        2.5
xr0.n2992151                         0.0357291
xr0.n2992287                              57.5
xr0.n2992267                             -52.5
xr0.x_u10.gvo+_int1                          0
xr0.x_u10.gvo-_int1                          0
xr0.x_u11.gvo+_int1                          0
xr0.x_u11.gvo-_int1                          0
xr0.x_u12.gvo+_int1                          0
xr0.x_u12.gvo-_int1                          0
xr0.x_u16.gsw+_int1                          0
xr0.x_u18.g1_int1                  1.49333e-05
xr0.x_u18.g1_int2                  1.40226e-05
xr0.x_u19.g1_int1                  2.34385e-05
xr0.x_u19.g1_int2                 -1.40226e-05
xr0.x_u22.g1_int1                            0
xr0.x_u23.g1_int1                            0
xr0.x_u26.g1_int1                  1.40226e-08
xr0.x_u27.g1_int1                            0
xr0.x_u30.g1_int1                  4.79333e-12
xr0.x_u31.g1_int1                  1.19506e-06
xr0.x_u32.g1_int1                       27.109
xr0.x_u35.g1_int1                            0
xr0.x_u38.3                                  0
xr0.x_u38.5                                  0
xr0.x_u39.3                                  0
xr0.x_u39.5                                  0
xr0.x_u4.e1_int1                     -4.67e-06
xr0.x_u40.5                                  0
xr0.x_u6.g1_int1                       2.46429
row0                                       2.5
sel1                                         0
ns1                                          1
cmd1                                       2.5
xr1.n3294772                         0.0358019
xr1.n3294776                         0.0357154
xr1.n3294626                         -0.711124
xr1.n3294630                         -0.742349
xr1.mid                              0.0357152
xr1.n47456861                          31.8046
xr1.n4736080                           4.62258
xr1.n3294524                           2.50001
xr1.n47492651                          27.1674
xr1.n47965841                          27.1717
xr1.n4797748                           27.1697
xr1.n4797760                           7.23289
xr1.n48001371                          27.1691
xr1.n4809008                         0.0357983
xr1.n2991553                         0.0357154
xr1.n4817896                         0.0377741
xr1.n2991581                         0.0357214
xr1.n2992397                                 5
xr1.n2992375                         0.0357152
xr1.n2992413                       3.57509e-08
xr1.n2991741                         0.0357152
xr1.n2991765                         0.0357152
xr1.n2991811                         0.0357152
xr1.n2991831                         0.0357152
xr1.n2991907                         0.0357152
xr1.n2991925                         0.0357152
xr1.n2991969                           2.50056
xr1.n2992033                           4.98506
xr1.n2992029                         0.0234386
xr1.n2992093                         0.0357151
xr1.n2992099                         0.0357151
xr1.sw_ol_opa4388                    0.0357152
xr1.vimon                            0.0357292
xr1.vout_s                             2.50002
xr1.n2991657                               2.5
xr1.clamp                              2.50056
xr1.vclp                               2.50001
xr1.n4031911                           2.50056
xr1.n3827259                           27.1664
xr1.n3828449                         0.0574023
xr1.n3850714                         0.0377773
xr1.n3850724                         0.0357214
xr1.n4243633                         0.0169433
xr1.n2991579                         0.0357151
xr1.esdp                                   2.5
xr1.esdn                                   2.5
xr1.n2992163                           2.50002
drv1                                   2.50002
xr1.n3294618                           2.50001
xr1.cl_clamp                           2.50001
xr1.claw_clamp                         2.50001
xr1.n3201092                          -1.59776
xr1.vcc_b                                    5
xr1.vee_b                          3.57152e-08
xr1.n2991563                               2.5
xr1.n2991555                               2.5
xr1.vcc_clp                            4.98506
xr1.vee_clp                          0.0234386
xr1.n2992299                             -52.5
xr1.n2992295                             -52.5
xr1.n2992323                              57.5
xr1.n2992331                              57.5
xr1.n2992235                           2.50002
xr1.vsense                             2.50056
xr1.n2991587                               2.5
xr1.n2991583                               2.5
xr1.n4747399                            27.212
xr1.n4745674                            27.212
xr1.n4796554                           27.1697
xr1.n4749239                           27.1697
xr1.n4796572                           27.1717
xr1.n4798545                           27.1691
xr1.n4800105                           27.1691
xr1.n2991573                               2.5
xr1.n2991619                               2.5
xr1.n2991623                               5.1
xr1.n2991635                              -0.1
xr1.n2991643                               2.5
xr1.n2991667                         0.0357199
xr1.n3294682                           27.1433
xr1.n2991729                         0.0357152
xr1.n2991763                         0.0357152
xr1.n2991807                           60.0357
xr1.n2991809                         0.0357152
xr1.n2991837                         0.0357152
xr1.n2991849                          -59.9643
xr1.n2991901                           150.036
xr1.n2991905                         0.0357152
xr1.n2991931                         0.0357152
xr1.n2991943                          -149.964
xr1.n2991997                           4.98506
xr1.n2992001                         0.0234386
xr1.v11                              0.0357151
xr1.v12                              0.0357151
xr1.n2992105                         0.0357152
fb1                                        2.5
xr1.n2992151                         0.0357291
xr1.n2992287                              57.5
xr1.n2992267                             -52.5
xr1.x_u10.gvo+_int1                          0
xr1.x_u10.gvo-_int1                          0
xr1.x_u11.gvo+_int1                          0
xr1.x_u11.gvo-_int1                          0
xr1.x_u12.gvo+_int1                          0
xr1.x_u12.gvo-_int1                          0
xr1.x_u16.gsw+_int1                          0
xr1.x_u18.g1_int1                  1.49333e-05
xr1.x_u18.g1_int2                  1.40226e-05
xr1.x_u19.g1_int1                  2.34385e-05
xr1.x_u19.g1_int2                 -1.40226e-05
xr1.x_u22.g1_int1                            0
xr1.x_u23.g1_int1                            0
xr1.x_u26.g1_int1                  1.40226e-08
xr1.x_u27.g1_int1                            0
xr1.x_u30.g1_int1                  4.79334e-12
xr1.x_u31.g1_int1                  1.19507e-06
xr1.x_u32.g1_int1                       27.109
xr1.x_u35.g1_int1                            0
xr1.x_u38.3                                  0
xr1.x_u38.5                                  0
xr1.x_u39.3                                  0
xr1.x_u39.5                                  0
xr1.x_u4.e1_int1                     -4.67e-06
xr1.x_u40.5                                  0
xr1.x_u6.g1_int1                       2.46429
row1                                       2.5
sel2                                         0
ns2                                          1
cmd2                                       2.5
xr2.n3294772                         0.0358019
xr2.n3294776                         0.0357154
xr2.n3294626                         -0.711117
xr2.n3294630                         -0.742345
xr2.mid                              0.0357152
xr2.n47456861                          31.8046
xr2.n4736080                           4.62258
xr2.n3294524                           2.50001
xr2.n47492651                          27.1674
xr2.n47965841                          27.1717
xr2.n4797748                           27.1697
xr2.n4797760                           7.23289
xr2.n48001371                          27.1691
xr2.n4809008                         0.0357983
xr2.n2991553                         0.0357154
xr2.n4817896                         0.0377741
xr2.n2991581                         0.0357214
xr2.n2992397                                 5
xr2.n2992375                         0.0357152
xr2.n2992413                       3.57509e-08
xr2.n2991741                         0.0357152
xr2.n2991765                         0.0357152
xr2.n2991811                         0.0357152
xr2.n2991831                         0.0357152
xr2.n2991907                         0.0357152
xr2.n2991925                         0.0357152
xr2.n2991969                           2.50056
xr2.n2992033                           4.98506
xr2.n2992029                         0.0234386
xr2.n2992093                         0.0357151
xr2.n2992099                         0.0357151
xr2.sw_ol_opa4388                    0.0357152
xr2.vimon                            0.0357292
xr2.vout_s                             2.50002
xr2.n2991657                               2.5
xr2.clamp                              2.50056
xr2.vclp                               2.50001
xr2.n4031911                           2.50056
xr2.n3827259                           27.1664
xr2.n3828449                         0.0574023
xr2.n3850714                         0.0377773
xr2.n3850724                         0.0357214
xr2.n4243633                         0.0169433
xr2.n2991579                         0.0357151
xr2.esdp                                   2.5
xr2.esdn                                   2.5
xr2.n2992163                           2.50002
drv2                                   2.50002
xr2.n3294618                           2.50001
xr2.cl_clamp                           2.50001
xr2.claw_clamp                         2.50001
xr2.n3201092                          -1.59775
xr2.vcc_b                                    5
xr2.vee_b                          3.57152e-08
xr2.n2991563                               2.5
xr2.n2991555                               2.5
xr2.vcc_clp                            4.98506
xr2.vee_clp                          0.0234386
xr2.n2992299                             -52.5
xr2.n2992295                             -52.5
xr2.n2992323                              57.5
xr2.n2992331                              57.5
xr2.n2992235                           2.50002
xr2.vsense                             2.50056
xr2.n2991587                               2.5
xr2.n2991583                               2.5
xr2.n4747399                            27.212
xr2.n4745674                            27.212
xr2.n4796554                           27.1697
xr2.n4749239                           27.1697
xr2.n4796572                           27.1717
xr2.n4798545                           27.1691
xr2.n4800105                           27.1691
xr2.n2991573                               2.5
xr2.n2991619                               2.5
xr2.n2991623                               5.1
xr2.n2991635                              -0.1
xr2.n2991643                               2.5
xr2.n2991667                         0.0357199
xr2.n3294682                           27.1433
xr2.n2991729                         0.0357152
xr2.n2991763                         0.0357152
xr2.n2991807                           60.0357
xr2.n2991809                         0.0357152
xr2.n2991837                         0.0357152
xr2.n2991849                          -59.9643
xr2.n2991901                           150.036
xr2.n2991905                         0.0357152
xr2.n2991931                         0.0357152
xr2.n2991943                          -149.964
xr2.n2991997                           4.98506
xr2.n2992001                         0.0234386
xr2.v11                              0.0357151
xr2.v12                              0.0357151
xr2.n2992105                         0.0357152
fb2                                        2.5
xr2.n2992151                         0.0357291
xr2.n2992287                              57.5
xr2.n2992267                             -52.5
xr2.x_u10.gvo+_int1                          0
xr2.x_u10.gvo-_int1                          0
xr2.x_u11.gvo+_int1                          0
xr2.x_u11.gvo-_int1                          0
xr2.x_u12.gvo+_int1                          0
xr2.x_u12.gvo-_int1                          0
xr2.x_u16.gsw+_int1                          0
xr2.x_u18.g1_int1                  1.49333e-05
xr2.x_u18.g1_int2                  1.40226e-05
xr2.x_u19.g1_int1                  2.34385e-05
xr2.x_u19.g1_int2                 -1.40226e-05
xr2.x_u22.g1_int1                            0
xr2.x_u23.g1_int1                            0
xr2.x_u26.g1_int1                  1.40226e-08
xr2.x_u27.g1_int1                            0
xr2.x_u30.g1_int1                  4.79334e-12
xr2.x_u31.g1_int1                  1.19507e-06
xr2.x_u32.g1_int1                       27.109
xr2.x_u35.g1_int1                            0
xr2.x_u38.3                                  0
xr2.x_u38.5                                  0
xr2.x_u39.3                                  0
xr2.x_u39.5                                  0
xr2.x_u4.e1_int1                     -4.67e-06
xr2.x_u40.5                                  0
xr2.x_u6.g1_int1                       2.46429
row2                                       2.5
sel3                                         0
ns3                                          1
cmd3                                       2.5
xr3.n3294772                         0.0358019
xr3.n3294776                         0.0357154
xr3.n3294626                         -0.711063
xr3.n3294630                         -0.742317
xr3.mid                              0.0357152
xr3.n47456861                          31.8046
xr3.n4736080                           4.62258
xr3.n3294524                           2.50001
xr3.n47492651                          27.1674
xr3.n47965841                          27.1717
xr3.n4797748                           27.1697
xr3.n4797760                           7.23289
xr3.n48001371                          27.1691
xr3.n4809008                         0.0357983
xr3.n2991553                         0.0357154
xr3.n4817896                         0.0377741
xr3.n2991581                         0.0357214
xr3.n2992397                                 5
xr3.n2992375                         0.0357152
xr3.n2992413                       3.57509e-08
xr3.n2991741                         0.0357152
xr3.n2991765                         0.0357152
xr3.n2991811                         0.0357152
xr3.n2991831                         0.0357152
xr3.n2991907                         0.0357152
xr3.n2991925                         0.0357152
xr3.n2991969                           2.50056
xr3.n2992033                           4.98506
xr3.n2992029                         0.0234386
xr3.n2992093                         0.0357151
xr3.n2992099                         0.0357151
xr3.sw_ol_opa4388                    0.0357152
xr3.vimon                            0.0357292
xr3.vout_s                             2.50002
xr3.n2991657                               2.5
xr3.clamp                              2.50056
xr3.vclp                               2.50001
xr3.n4031911                           2.50056
xr3.n3827259                           27.1664
xr3.n3828449                         0.0574023
xr3.n3850714                         0.0377773
xr3.n3850724                         0.0357214
xr3.n4243633                         0.0169433
xr3.n2991579                         0.0357151
xr3.esdp                                   2.5
xr3.esdn                                   2.5
xr3.n2992163                           2.50002
drv3                                   2.50002
xr3.n3294618                           2.50001
xr3.cl_clamp                           2.50001
xr3.claw_clamp                         2.50001
xr3.n3201092                          -1.59769
xr3.vcc_b                                    5
xr3.vee_b                          3.57152e-08
xr3.n2991563                               2.5
xr3.n2991555                               2.5
xr3.vcc_clp                            4.98506
xr3.vee_clp                          0.0234386
xr3.n2992299                             -52.5
xr3.n2992295                             -52.5
xr3.n2992323                              57.5
xr3.n2992331                              57.5
xr3.n2992235                           2.50002
xr3.vsense                             2.50056
xr3.n2991587                               2.5
xr3.n2991583                               2.5
xr3.n4747399                            27.212
xr3.n4745674                            27.212
xr3.n4796554                           27.1697
xr3.n4749239                           27.1697
xr3.n4796572                           27.1717
xr3.n4798545                           27.1691
xr3.n4800105                           27.1691
xr3.n2991573                               2.5
xr3.n2991619                               2.5
xr3.n2991623                               5.1
xr3.n2991635                              -0.1
xr3.n2991643                               2.5
xr3.n2991667                         0.0357199
xr3.n3294682                           27.1433
xr3.n2991729                         0.0357152
xr3.n2991763                         0.0357152
xr3.n2991807                           60.0357
xr3.n2991809                         0.0357152
xr3.n2991837                         0.0357152
xr3.n2991849                          -59.9643
xr3.n2991901                           150.036
xr3.n2991905                         0.0357152
xr3.n2991931                         0.0357152
xr3.n2991943                          -149.964
xr3.n2991997                           4.98506
xr3.n2992001                         0.0234386
xr3.v11                              0.0357151
xr3.v12                              0.0357151
xr3.n2992105                         0.0357152
fb3                                        2.5
xr3.n2992151                         0.0357291
xr3.n2992287                              57.5
xr3.n2992267                             -52.5
xr3.x_u10.gvo+_int1                          0
xr3.x_u10.gvo-_int1                          0
xr3.x_u11.gvo+_int1                          0
xr3.x_u11.gvo-_int1                          0
xr3.x_u12.gvo+_int1                          0
xr3.x_u12.gvo-_int1                          0
xr3.x_u16.gsw+_int1                          0
xr3.x_u18.g1_int1                  1.49333e-05
xr3.x_u18.g1_int2                  1.40193e-05
xr3.x_u19.g1_int1                  2.34385e-05
xr3.x_u19.g1_int2                 -1.40193e-05
xr3.x_u22.g1_int1                            0
xr3.x_u23.g1_int1                            0
xr3.x_u26.g1_int1                  1.40193e-08
xr3.x_u27.g1_int1                            0
xr3.x_u30.g1_int1                  4.79345e-12
xr3.x_u31.g1_int1                  1.19509e-06
xr3.x_u32.g1_int1                       27.109
xr3.x_u35.g1_int1                 -2.07473e-15
xr3.x_u38.3                                  0
xr3.x_u38.5                                  0
xr3.x_u39.3                                  0
xr3.x_u39.5                                  0
xr3.x_u4.e1_int1                     -4.67e-06
xr3.x_u40.5                                  0
xr3.x_u6.g1_int1                       2.46429
row3                                       2.5
xt0.n3294772                         0.0358019
xt0.n3294776                         0.0357154
xt0.n3294626                           2.40453
xt0.n3294630                           2.33605
xt0.mid                              0.0357152
xt0.n47456861                          31.4128
xt0.n4736080                           4.62706
xt0.n3294524                           2.50242
xt0.n47492651                          27.1916
xt0.n47965841                          27.2564
xt0.n4797748                           27.2539
xt0.n4797760                           7.25515
xt0.n48001371                           27.253
xt0.n4809008                         0.0357983
xt0.n2991553                         0.0357154
xt0.n4817896                         0.0377741
xt0.n2991581                         0.0357214
xt0.n2992397                                 5
xt0.n2992375                         0.0357152
xt0.n2992413                       3.57509e-08
xt0.n2991741                         0.0357152
xt0.n2991765                         0.0357152
xt0.n2991811                         0.0357152
xt0.n2991831                         0.0357152
xt0.n2991907                         0.0357152
xt0.n2991925                         0.0357152
xt0.n2991969                           2.50297
xt0.n2992033                           4.98504
xt0.n2992029                         0.0233908
xt0.n2992093                         0.0357151
xt0.n2992099                         0.0357151
xt0.sw_ol_opa4388                    0.0357152
xt0.vimon                            0.0390208
xt0.vout_s                             2.50241
xt0.n2991657                               2.5
xt0.clamp                              2.50297
xt0.vclp                               2.50242
xt0.n4031911                           2.50297
xt0.n3827259                           27.2503
xt0.n3828449                         0.0574694
xt0.n3850714                         0.0377773
xt0.n3850724                         0.0357214
xt0.n4243633                         0.0169433
xt0.n2991579                         0.0357151
xt0.esdp                                   2.5
xt0.esdn                                   2.5
xt0.n2992163                           2.50241
tdrv0                                  2.50241
xt0.n3294618                           2.50242
xt0.cl_clamp                           2.50242
xt0.claw_clamp                         2.50242
xt0.n3201092                           4.86678
xt0.vcc_b                                    5
xt0.vee_b                          3.57152e-08
xt0.n2991563                               2.5
xt0.n2991555                               2.5
xt0.vcc_clp                            4.98504
xt0.vee_clp                          0.0233908
xt0.n2992299                          -52.4976
xt0.n2992295                          -52.4976
xt0.n2992323                           57.5024
xt0.n2992331                           57.5024
xt0.n2992235                           2.50241
xt0.vsense                             2.50297
xt0.n2991587                               2.5
xt0.n2991583                               2.5
xt0.n4747399                           27.7628
xt0.n4745674                           27.7628
xt0.n4796554                           27.2202
xt0.n4749239                           27.2202
xt0.n4796572                           27.2559
xt0.n4798545                            27.253
xt0.n4800105                            27.253
xt0.n2991573                               2.5
xt0.n2991619                               2.5
xt0.n2991623                               5.1
xt0.n2991635                              -0.1
xt0.n2991643                               2.5
xt0.n2991667                         0.0357345
xt0.n3294682                           27.2271
xt0.n2991729                         0.0357152
xt0.n2991763                         0.0357152
xt0.n2991807                           60.0357
xt0.n2991809                         0.0357152
xt0.n2991837                         0.0357152
xt0.n2991849                          -59.9643
xt0.n2991901                           150.036
xt0.n2991905                         0.0357152
xt0.n2991931                         0.0357152
xt0.n2991943                          -149.964
xt0.n2991997                           4.98504
xt0.n2992001                         0.0233908
xt0.v11                              0.0357151
xt0.v12                              0.0357151
xt0.n2992105                         0.0357152
minus0                                     2.5
xt0.n2992151                         0.0390141
xt0.n2992287                           57.5024
xt0.n2992267                          -52.4976
xt0.x_u10.gvo+_int1                          0
xt0.x_u10.gvo-_int1                          0
xt0.x_u11.gvo+_int1                          0
xt0.x_u11.gvo-_int1                          0
xt0.x_u12.gvo+_int1                          0
xt0.x_u12.gvo-_int1                          0
xt0.x_u16.gsw+_int1                          0
xt0.x_u18.g1_int1                  1.49562e-05
xt0.x_u18.g1_int2                    0.0033056
xt0.x_u19.g1_int1                  2.33908e-05
xt0.x_u19.g1_int2                   -0.0033056
xt0.x_u22.g1_int1                            0
xt0.x_u23.g1_int1                            0
xt0.x_u26.g1_int1                   3.3056e-06
xt0.x_u27.g1_int1                            0
xt0.x_u30.g1_int1                  1.93224e-11
xt0.x_u31.g1_int1                  4.84461e-06
xt0.x_u32.g1_int1                      27.1928
xt0.x_u35.g1_int1                            0
xt0.x_u38.3                                  0
xt0.x_u38.5                                  0
xt0.x_u39.3                                  0
xt0.x_u39.5                                  0
xt0.x_u4.e1_int1                     -4.67e-06
xt0.x_u40.5                                  0
xt0.x_u6.g1_int1                       2.46429
col0                                       2.5
tap0                                   2.49911
ain0                                   2.49878
xt1.n3294772                         0.0358019
xt1.n3294776                         0.0357154
xt1.n3294626                           2.40453
xt1.n3294630                           2.33605
xt1.mid                              0.0357152
xt1.n47456861                          31.4128
xt1.n4736080                           4.62706
xt1.n3294524                           2.50242
xt1.n47492651                          27.1916
xt1.n47965841                          27.2564
xt1.n4797748                           27.2539
xt1.n4797760                           7.25515
xt1.n48001371                           27.253
xt1.n4809008                         0.0357983
xt1.n2991553                         0.0357154
xt1.n4817896                         0.0377741
xt1.n2991581                         0.0357214
xt1.n2992397                                 5
xt1.n2992375                         0.0357152
xt1.n2992413                       3.57509e-08
xt1.n2991741                         0.0357152
xt1.n2991765                         0.0357152
xt1.n2991811                         0.0357152
xt1.n2991831                         0.0357152
xt1.n2991907                         0.0357152
xt1.n2991925                         0.0357152
xt1.n2991969                           2.50297
xt1.n2992033                           4.98504
xt1.n2992029                         0.0233908
xt1.n2992093                         0.0357151
xt1.n2992099                         0.0357151
xt1.sw_ol_opa4388                    0.0357152
xt1.vimon                            0.0390208
xt1.vout_s                             2.50241
xt1.n2991657                               2.5
xt1.clamp                              2.50297
xt1.vclp                               2.50242
xt1.n4031911                           2.50297
xt1.n3827259                           27.2503
xt1.n3828449                         0.0574694
xt1.n3850714                         0.0377773
xt1.n3850724                         0.0357214
xt1.n4243633                         0.0169433
xt1.n2991579                         0.0357151
xt1.esdp                                   2.5
xt1.esdn                                   2.5
xt1.n2992163                           2.50241
tdrv1                                  2.50241
xt1.n3294618                           2.50242
xt1.cl_clamp                           2.50242
xt1.claw_clamp                         2.50242
xt1.n3201092                           4.86678
xt1.vcc_b                                    5
xt1.vee_b                          3.57152e-08
xt1.n2991563                               2.5
xt1.n2991555                               2.5
xt1.vcc_clp                            4.98504
xt1.vee_clp                          0.0233908
xt1.n2992299                          -52.4976
xt1.n2992295                          -52.4976
xt1.n2992323                           57.5024
xt1.n2992331                           57.5024
xt1.n2992235                           2.50241
xt1.vsense                             2.50297
xt1.n2991587                               2.5
xt1.n2991583                               2.5
xt1.n4747399                           27.7628
xt1.n4745674                           27.7628
xt1.n4796554                           27.2202
xt1.n4749239                           27.2202
xt1.n4796572                           27.2559
xt1.n4798545                            27.253
xt1.n4800105                            27.253
xt1.n2991573                               2.5
xt1.n2991619                               2.5
xt1.n2991623                               5.1
xt1.n2991635                              -0.1
xt1.n2991643                               2.5
xt1.n2991667                         0.0357345
xt1.n3294682                           27.2271
xt1.n2991729                         0.0357152
xt1.n2991763                         0.0357152
xt1.n2991807                           60.0357
xt1.n2991809                         0.0357152
xt1.n2991837                         0.0357152
xt1.n2991849                          -59.9643
xt1.n2991901                           150.036
xt1.n2991905                         0.0357152
xt1.n2991931                         0.0357152
xt1.n2991943                          -149.964
xt1.n2991997                           4.98504
xt1.n2992001                         0.0233908
xt1.v11                              0.0357151
xt1.v12                              0.0357151
xt1.n2992105                         0.0357152
minus1                                     2.5
xt1.n2992151                         0.0390141
xt1.n2992287                           57.5024
xt1.n2992267                          -52.4976
xt1.x_u10.gvo+_int1                          0
xt1.x_u10.gvo-_int1                          0
xt1.x_u11.gvo+_int1                          0
xt1.x_u11.gvo-_int1                          0
xt1.x_u12.gvo+_int1                          0
xt1.x_u12.gvo-_int1                          0
xt1.x_u16.gsw+_int1                          0
xt1.x_u18.g1_int1                  1.49562e-05
xt1.x_u18.g1_int2                    0.0033056
xt1.x_u19.g1_int1                  2.33908e-05
xt1.x_u19.g1_int2                   -0.0033056
xt1.x_u22.g1_int1                            0
xt1.x_u23.g1_int1                            0
xt1.x_u26.g1_int1                   3.3056e-06
xt1.x_u27.g1_int1                            0
xt1.x_u30.g1_int1                  1.93223e-11
xt1.x_u31.g1_int1                  4.84459e-06
xt1.x_u32.g1_int1                      27.1928
xt1.x_u35.g1_int1                  2.07473e-15
xt1.x_u38.3                                  0
xt1.x_u38.5                                  0
xt1.x_u39.3                                  0
xt1.x_u39.5                                  0
xt1.x_u4.e1_int1                     -4.67e-06
xt1.x_u40.5                                  0
xt1.x_u6.g1_int1                       2.46429
col1                                       2.5
tap1                                   2.49911
ain1                                   2.49878
xt2.n3294772                         0.0358019
xt2.n3294776                         0.0357154
xt2.n3294626                           2.40453
xt2.n3294630                           2.33605
xt2.mid                              0.0357152
xt2.n47456861                          31.4128
xt2.n4736080                           4.62706
xt2.n3294524                           2.50242
xt2.n47492651                          27.1916
xt2.n47965841                          27.2564
xt2.n4797748                           27.2539
xt2.n4797760                           7.25515
xt2.n48001371                           27.253
xt2.n4809008                         0.0357983
xt2.n2991553                         0.0357154
xt2.n4817896                         0.0377741
xt2.n2991581                         0.0357214
xt2.n2992397                                 5
xt2.n2992375                         0.0357152
xt2.n2992413                       3.57509e-08
xt2.n2991741                         0.0357152
xt2.n2991765                         0.0357152
xt2.n2991811                         0.0357152
xt2.n2991831                         0.0357152
xt2.n2991907                         0.0357152
xt2.n2991925                         0.0357152
xt2.n2991969                           2.50297
xt2.n2992033                           4.98504
xt2.n2992029                         0.0233908
xt2.n2992093                         0.0357151
xt2.n2992099                         0.0357151
xt2.sw_ol_opa4388                    0.0357152
xt2.vimon                            0.0390208
xt2.vout_s                             2.50241
xt2.n2991657                               2.5
xt2.clamp                              2.50297
xt2.vclp                               2.50242
xt2.n4031911                           2.50297
xt2.n3827259                           27.2503
xt2.n3828449                         0.0574694
xt2.n3850714                         0.0377773
xt2.n3850724                         0.0357214
xt2.n4243633                         0.0169433
xt2.n2991579                         0.0357151
xt2.esdp                                   2.5
xt2.esdn                                   2.5
xt2.n2992163                           2.50241
tdrv2                                  2.50241
xt2.n3294618                           2.50242
xt2.cl_clamp                           2.50242
xt2.claw_clamp                         2.50242
xt2.n3201092                           4.86678
xt2.vcc_b                                    5
xt2.vee_b                          3.57152e-08
xt2.n2991563                               2.5
xt2.n2991555                               2.5
xt2.vcc_clp                            4.98504
xt2.vee_clp                          0.0233908
xt2.n2992299                          -52.4976
xt2.n2992295                          -52.4976
xt2.n2992323                           57.5024
xt2.n2992331                           57.5024
xt2.n2992235                           2.50241
xt2.vsense                             2.50297
xt2.n2991587                               2.5
xt2.n2991583                               2.5
xt2.n4747399                           27.7628
xt2.n4745674                           27.7628
xt2.n4796554                           27.2202
xt2.n4749239                           27.2202
xt2.n4796572                           27.2559
xt2.n4798545                            27.253
xt2.n4800105                            27.253
xt2.n2991573                               2.5
xt2.n2991619                               2.5
xt2.n2991623                               5.1
xt2.n2991635                              -0.1
xt2.n2991643                               2.5
xt2.n2991667                         0.0357345
xt2.n3294682                           27.2271
xt2.n2991729                         0.0357152
xt2.n2991763                         0.0357152
xt2.n2991807                           60.0357
xt2.n2991809                         0.0357152
xt2.n2991837                         0.0357152
xt2.n2991849                          -59.9643
xt2.n2991901                           150.036
xt2.n2991905                         0.0357152
xt2.n2991931                         0.0357152
xt2.n2991943                          -149.964
xt2.n2991997                           4.98504
xt2.n2992001                         0.0233908
xt2.v11                              0.0357151
xt2.v12                              0.0357151
xt2.n2992105                         0.0357152
minus2                                     2.5
xt2.n2992151                         0.0390141
xt2.n2992287                           57.5024
xt2.n2992267                          -52.4976
xt2.x_u10.gvo+_int1                          0
xt2.x_u10.gvo-_int1                          0
xt2.x_u11.gvo+_int1                          0
xt2.x_u11.gvo-_int1                          0
xt2.x_u12.gvo+_int1                          0
xt2.x_u12.gvo-_int1                          0
xt2.x_u16.gsw+_int1                          0
xt2.x_u18.g1_int1                  1.49562e-05
xt2.x_u18.g1_int2                    0.0033056
xt2.x_u19.g1_int1                  2.33908e-05
xt2.x_u19.g1_int2                   -0.0033056
xt2.x_u22.g1_int1                            0
xt2.x_u23.g1_int1                            0
xt2.x_u26.g1_int1                   3.3056e-06
xt2.x_u27.g1_int1                            0
xt2.x_u30.g1_int1                  1.93224e-11
xt2.x_u31.g1_int1                  4.84461e-06
xt2.x_u32.g1_int1                      27.1928
xt2.x_u35.g1_int1                            0
xt2.x_u38.3                                  0
xt2.x_u38.5                                  0
xt2.x_u39.3                                  0
xt2.x_u39.5                                  0
xt2.x_u4.e1_int1                     -4.67e-06
xt2.x_u40.5                                  0
xt2.x_u6.g1_int1                       2.46429
col2                                       2.5
tap2                                   2.49911
ain2                                   2.49878
xt3.n3294772                         0.0358019
xt3.n3294776                         0.0357154
xt3.n3294626                           2.40453
xt3.n3294630                           2.33605
xt3.mid                              0.0357152
xt3.n47456861                          31.4128
xt3.n4736080                           4.62706
xt3.n3294524                           2.50242
xt3.n47492651                          27.1916
xt3.n47965841                          27.2564
xt3.n4797748                           27.2539
xt3.n4797760                           7.25515
xt3.n48001371                           27.253
xt3.n4809008                         0.0357983
xt3.n2991553                         0.0357154
xt3.n4817896                         0.0377741
xt3.n2991581                         0.0357214
xt3.n2992397                                 5
xt3.n2992375                         0.0357152
xt3.n2992413                       3.57509e-08
xt3.n2991741                         0.0357152
xt3.n2991765                         0.0357152
xt3.n2991811                         0.0357152
xt3.n2991831                         0.0357152
xt3.n2991907                         0.0357152
xt3.n2991925                         0.0357152
xt3.n2991969                           2.50297
xt3.n2992033                           4.98504
xt3.n2992029                         0.0233908
xt3.n2992093                         0.0357151
xt3.n2992099                         0.0357151
xt3.sw_ol_opa4388                    0.0357152
xt3.vimon                            0.0390208
xt3.vout_s                             2.50241
xt3.n2991657                               2.5
xt3.clamp                              2.50297
xt3.vclp                               2.50242
xt3.n4031911                           2.50297
xt3.n3827259                           27.2503
xt3.n3828449                         0.0574694
xt3.n3850714                         0.0377773
xt3.n3850724                         0.0357214
xt3.n4243633                         0.0169433
xt3.n2991579                         0.0357151
xt3.esdp                                   2.5
xt3.esdn                                   2.5
xt3.n2992163                           2.50241
tdrv3                                  2.50241
xt3.n3294618                           2.50242
xt3.cl_clamp                           2.50242
xt3.claw_clamp                         2.50242
xt3.n3201092                           4.86678
xt3.vcc_b                                    5
xt3.vee_b                          3.57152e-08
xt3.n2991563                               2.5
xt3.n2991555                               2.5
xt3.vcc_clp                            4.98504
xt3.vee_clp                          0.0233908
xt3.n2992299                          -52.4976
xt3.n2992295                          -52.4976
xt3.n2992323                           57.5024
xt3.n2992331                           57.5024
xt3.n2992235                           2.50241
xt3.vsense                             2.50297
xt3.n2991587                               2.5
xt3.n2991583                               2.5
xt3.n4747399                           27.7628
xt3.n4745674                           27.7628
xt3.n4796554                           27.2202
xt3.n4749239                           27.2202
xt3.n4796572                           27.2559
xt3.n4798545                            27.253
xt3.n4800105                            27.253
xt3.n2991573                               2.5
xt3.n2991619                               2.5
xt3.n2991623                               5.1
xt3.n2991635                              -0.1
xt3.n2991643                               2.5
xt3.n2991667                         0.0357345
xt3.n3294682                           27.2271
xt3.n2991729                         0.0357152
xt3.n2991763                         0.0357152
xt3.n2991807                           60.0357
xt3.n2991809                         0.0357152
xt3.n2991837                         0.0357152
xt3.n2991849                          -59.9643
xt3.n2991901                           150.036
xt3.n2991905                         0.0357152
xt3.n2991931                         0.0357152
xt3.n2991943                          -149.964
xt3.n2991997                           4.98504
xt3.n2992001                         0.0233908
xt3.v11                              0.0357151
xt3.v12                              0.0357151
xt3.n2992105                         0.0357152
minus3                                     2.5
xt3.n2992151                         0.0390141
xt3.n2992287                           57.5024
xt3.n2992267                          -52.4976
xt3.x_u10.gvo+_int1                          0
xt3.x_u10.gvo-_int1                          0
xt3.x_u11.gvo+_int1                          0
xt3.x_u11.gvo-_int1                          0
xt3.x_u12.gvo+_int1                          0
xt3.x_u12.gvo-_int1                          0
xt3.x_u16.gsw+_int1                          0
xt3.x_u18.g1_int1                  1.49562e-05
xt3.x_u18.g1_int2                    0.0033056
xt3.x_u19.g1_int1                  2.33908e-05
xt3.x_u19.g1_int2                   -0.0033056
xt3.x_u22.g1_int1                            0
xt3.x_u23.g1_int1                            0
xt3.x_u26.g1_int1                   3.3056e-06
xt3.x_u27.g1_int1                            0
xt3.x_u30.g1_int1                  1.93225e-11
xt3.x_u31.g1_int1                  4.84463e-06
xt3.x_u32.g1_int1                      27.1928
xt3.x_u35.g1_int1                 -2.07473e-15
xt3.x_u38.3                                  0
xt3.x_u38.5                                  0
xt3.x_u39.3                                  0
xt3.x_u39.5                                  0
xt3.x_u4.e1_int1                     -4.67e-06
xt3.x_u40.5                                  0
xt3.x_u6.g1_int1                       2.46429
col3                                       2.5
tap3                                   2.49911
ain3                                   2.49878
b.xt3.x_u6.bg1#branch                        0
b.xt3.x_u4.be1#branch                        0
b.xt3.x_u35.bg1#branch                       0
b.xt3.x_u32.bg1#branch                       0
b.xt3.x_u31.bg1#branch                       0
b.xt3.x_u30.bg1#branch                       0
b.xt3.x_u27.bg1#branch                       0
b.xt3.x_u26.bg1#branch                       0
b.xt3.x_u23.bg1#branch                       0
b.xt3.x_u22.bg1#branch                       0
b.xt3.x_u19.bg1#branch                       0
b.xt3.x_u18.bg1#branch                       0
b.xt3.x_u16.bgsw+#branch                     0
b.xt3.x_u12.bgvo-#branch                     0
b.xt3.x_u12.bgvo+#branch                     0
b.xt3.x_u11.bgvo-#branch                     0
b.xt3.x_u11.bgvo+#branch                     0
b.xt3.x_u10.bgvo-#branch                     0
b.xt3.x_u10.bgvo+#branch                     0
b.xt2.x_u6.bg1#branch                        0
b.xt2.x_u4.be1#branch                        0
b.xt2.x_u35.bg1#branch                       0
b.xt2.x_u32.bg1#branch                       0
b.xt2.x_u31.bg1#branch                       0
b.xt2.x_u30.bg1#branch                       0
b.xt2.x_u27.bg1#branch                       0
b.xt2.x_u26.bg1#branch                       0
b.xt2.x_u23.bg1#branch                       0
b.xt2.x_u22.bg1#branch                       0
b.xt2.x_u19.bg1#branch                       0
b.xt2.x_u18.bg1#branch                       0
b.xt2.x_u16.bgsw+#branch                     0
b.xt2.x_u12.bgvo-#branch                     0
b.xt2.x_u12.bgvo+#branch                     0
b.xt2.x_u11.bgvo-#branch                     0
b.xt2.x_u11.bgvo+#branch                     0
b.xt2.x_u10.bgvo-#branch                     0
b.xt2.x_u10.bgvo+#branch                     0
b.xt1.x_u6.bg1#branch                        0
b.xt1.x_u4.be1#branch                        0
b.xt1.x_u35.bg1#branch                       0
b.xt1.x_u32.bg1#branch                       0
b.xt1.x_u31.bg1#branch                       0
b.xt1.x_u30.bg1#branch                       0
b.xt1.x_u27.bg1#branch                       0
b.xt1.x_u26.bg1#branch                       0
b.xt1.x_u23.bg1#branch                       0
b.xt1.x_u22.bg1#branch                       0
b.xt1.x_u19.bg1#branch                       0
b.xt1.x_u18.bg1#branch                       0
b.xt1.x_u16.bgsw+#branch                     0
b.xt1.x_u12.bgvo-#branch                     0
b.xt1.x_u12.bgvo+#branch                     0
b.xt1.x_u11.bgvo-#branch                     0
b.xt1.x_u11.bgvo+#branch                     0
b.xt1.x_u10.bgvo-#branch                     0
b.xt1.x_u10.bgvo+#branch                     0
b.xt0.x_u6.bg1#branch                        0
b.xt0.x_u4.be1#branch                        0
b.xt0.x_u35.bg1#branch                       0
b.xt0.x_u32.bg1#branch                       0
b.xt0.x_u31.bg1#branch                       0
b.xt0.x_u30.bg1#branch                       0
b.xt0.x_u27.bg1#branch                       0
b.xt0.x_u26.bg1#branch                       0
b.xt0.x_u23.bg1#branch                       0
b.xt0.x_u22.bg1#branch                       0
b.xt0.x_u19.bg1#branch                       0
b.xt0.x_u18.bg1#branch                       0
b.xt0.x_u16.bgsw+#branch                     0
b.xt0.x_u12.bgvo-#branch                     0
b.xt0.x_u12.bgvo+#branch                     0
b.xt0.x_u11.bgvo-#branch                     0
b.xt0.x_u11.bgvo+#branch                     0
b.xt0.x_u10.bgvo-#branch                     0
b.xt0.x_u10.bgvo+#branch                     0
b.xr3.x_u6.bg1#branch                        0
b.xr3.x_u4.be1#branch                        0
b.xr3.x_u35.bg1#branch                       0
b.xr3.x_u32.bg1#branch                       0
b.xr3.x_u31.bg1#branch                       0
b.xr3.x_u30.bg1#branch                       0
b.xr3.x_u27.bg1#branch                       0
b.xr3.x_u26.bg1#branch                       0
b.xr3.x_u23.bg1#branch                       0
b.xr3.x_u22.bg1#branch                       0
b.xr3.x_u19.bg1#branch                       0
b.xr3.x_u18.bg1#branch                       0
b.xr3.x_u16.bgsw+#branch                     0
b.xr3.x_u12.bgvo-#branch                     0
b.xr3.x_u12.bgvo+#branch                     0
b.xr3.x_u11.bgvo-#branch                     0
b.xr3.x_u11.bgvo+#branch                     0
b.xr3.x_u10.bgvo-#branch                     0
b.xr3.x_u10.bgvo+#branch                     0
bns3#branch                                  0
b.xr2.x_u6.bg1#branch                        0
b.xr2.x_u4.be1#branch                        0
b.xr2.x_u35.bg1#branch                       0
b.xr2.x_u32.bg1#branch                       0
b.xr2.x_u31.bg1#branch                       0
b.xr2.x_u30.bg1#branch                       0
b.xr2.x_u27.bg1#branch                       0
b.xr2.x_u26.bg1#branch                       0
b.xr2.x_u23.bg1#branch                       0
b.xr2.x_u22.bg1#branch                       0
b.xr2.x_u19.bg1#branch                       0
b.xr2.x_u18.bg1#branch                       0
b.xr2.x_u16.bgsw+#branch                     0
b.xr2.x_u12.bgvo-#branch                     0
b.xr2.x_u12.bgvo+#branch                     0
b.xr2.x_u11.bgvo-#branch                     0
b.xr2.x_u11.bgvo+#branch                     0
b.xr2.x_u10.bgvo-#branch                     0
b.xr2.x_u10.bgvo+#branch                     0
bns2#branch                                  0
b.xr1.x_u6.bg1#branch                        0
b.xr1.x_u4.be1#branch                        0
b.xr1.x_u35.bg1#branch                       0
b.xr1.x_u32.bg1#branch                       0
b.xr1.x_u31.bg1#branch                       0
b.xr1.x_u30.bg1#branch                       0
b.xr1.x_u27.bg1#branch                       0
b.xr1.x_u26.bg1#branch                       0
b.xr1.x_u23.bg1#branch                       0
b.xr1.x_u22.bg1#branch                       0
b.xr1.x_u19.bg1#branch                       0
b.xr1.x_u18.bg1#branch                       0
b.xr1.x_u16.bgsw+#branch                     0
b.xr1.x_u12.bgvo-#branch                     0
b.xr1.x_u12.bgvo+#branch                     0
b.xr1.x_u11.bgvo-#branch                     0
b.xr1.x_u11.bgvo+#branch                     0
b.xr1.x_u10.bgvo-#branch                     0
b.xr1.x_u10.bgvo+#branch                     0
bns1#branch                                  0
b.xr0.x_u6.bg1#branch                        0
b.xr0.x_u4.be1#branch                        0
b.xr0.x_u35.bg1#branch                       0
b.xr0.x_u32.bg1#branch                       0
b.xr0.x_u31.bg1#branch                       0
b.xr0.x_u30.bg1#branch                       0
b.xr0.x_u27.bg1#branch                       0
b.xr0.x_u26.bg1#branch                       0
b.xr0.x_u23.bg1#branch                       0
b.xr0.x_u22.bg1#branch                       0
b.xr0.x_u19.bg1#branch                       0
b.xr0.x_u18.bg1#branch                       0
b.xr0.x_u16.bgsw+#branch                     0
b.xr0.x_u12.bgvo-#branch                     0
b.xr0.x_u12.bgvo+#branch                     0
b.xr0.x_u11.bgvo-#branch                     0
b.xr0.x_u11.bgvo+#branch                     0
b.xr0.x_u10.bgvo-#branch                     0
b.xr0.x_u10.bgvo+#branch                     0
bns0#branch                                  0
b.xex.x_u6.bg1#branch                        0
b.xex.x_u4.be1#branch                        0
b.xex.x_u35.bg1#branch                       0
b.xex.x_u32.bg1#branch                       0
b.xex.x_u31.bg1#branch                       0
b.xex.x_u30.bg1#branch                       0
b.xex.x_u27.bg1#branch                       0
b.xex.x_u26.bg1#branch                       0
b.xex.x_u23.bg1#branch                       0
b.xex.x_u22.bg1#branch                       0
b.xex.x_u19.bg1#branch                       0
b.xex.x_u18.bg1#branch                       0
b.xex.x_u16.bgsw+#branch                     0
b.xex.x_u12.bgvo-#branch                     0
b.xex.x_u12.bgvo+#branch                     0
b.xex.x_u11.bgvo-#branch                     0
b.xex.x_u11.bgvo+#branch                     0
b.xex.x_u10.bgvo-#branch                     0
b.xex.x_u10.bgvo+#branch                     0
b.xcm.x_u6.bg1#branch                        0
b.xcm.x_u4.be1#branch                        0
b.xcm.x_u35.bg1#branch                       0
b.xcm.x_u32.bg1#branch                       0
b.xcm.x_u31.bg1#branch                       0
b.xcm.x_u30.bg1#branch                       0
b.xcm.x_u27.bg1#branch                       0
b.xcm.x_u26.bg1#branch                       0
b.xcm.x_u23.bg1#branch                       0
b.xcm.x_u22.bg1#branch                       0
b.xcm.x_u19.bg1#branch                       0
b.xcm.x_u18.bg1#branch                       0
b.xcm.x_u16.bgsw+#branch                     0
b.xcm.x_u12.bgvo-#branch                     0
b.xcm.x_u12.bgvo+#branch                     0
b.xcm.x_u11.bgvo-#branch                     0
b.xcm.x_u11.bgvo+#branch                     0
b.xcm.x_u10.bgvo-#branch                     0
b.xcm.x_u10.bgvo+#branch                     0
h.xt3.x_h3.h_h3#branch            -3.57147e-14
v.xt3.x_h3.vh_h3#branch             5.5163e-08
h.xt3.x_h2.h_h2#branch            -3.57143e-14
v.xt3.x_h2.vh_h2#branch            -5.5167e-08
h.xt3.x_h1.h_h1#branch             6.69161e-08
v.xt3.x_h1.vh_h1#branch            3.29891e-06
h.xt2.x_h3.h_h3#branch            -3.57152e-14
v.xt2.x_h3.vh_h3#branch             5.5163e-08
h.xt2.x_h2.h_h2#branch            -3.57139e-14
v.xt2.x_h2.vh_h2#branch            -5.5167e-08
h.xt2.x_h1.h_h1#branch             6.69161e-08
v.xt2.x_h1.vh_h1#branch            3.29891e-06
h.xt1.x_h3.h_h3#branch            -3.57152e-14
v.xt1.x_h3.vh_h3#branch             5.5163e-08
h.xt1.x_h2.h_h2#branch            -3.57151e-14
v.xt1.x_h2.vh_h2#branch           -5.51669e-08
h.xt1.x_h1.h_h1#branch              6.6916e-08
v.xt1.x_h1.vh_h1#branch            3.29891e-06
h.xt0.x_h3.h_h3#branch             -3.5715e-14
v.xt0.x_h3.vh_h3#branch             5.5163e-08
h.xt0.x_h2.h_h2#branch            -3.57141e-14
v.xt0.x_h2.vh_h2#branch            -5.5167e-08
h.xt0.x_h1.h_h1#branch             6.69161e-08
v.xt0.x_h1.vh_h1#branch            3.29891e-06
h.xr3.x_h3.h_h3#branch            -3.57149e-14
v.xr3.x_h3.vh_h3#branch            5.51631e-08
h.xr3.x_h2.h_h2#branch            -3.57156e-14
v.xr3.x_h2.vh_h2#branch           -5.51669e-08
h.xr3.x_h1.h_h1#branch             1.29156e-09
v.xr3.x_h1.vh_h1#branch            1.38901e-08
h.xr2.x_h3.h_h3#branch            -3.57145e-14
v.xr2.x_h3.vh_h3#branch            5.51631e-08
h.xr2.x_h2.h_h2#branch            -3.57157e-14
v.xr2.x_h2.vh_h2#branch           -5.51669e-08
h.xr2.x_h1.h_h1#branch             1.29151e-09
v.xr2.x_h1.vh_h1#branch            1.38935e-08
h.xr1.x_h3.h_h3#branch            -3.57164e-14
v.xr1.x_h3.vh_h3#branch            5.51631e-08
h.xr1.x_h2.h_h2#branch            -3.57141e-14
v.xr1.x_h2.vh_h2#branch           -5.51669e-08
h.xr1.x_h1.h_h1#branch             1.29151e-09
v.xr1.x_h1.vh_h1#branch            1.38935e-08
h.xr0.x_h3.h_h3#branch            -3.57152e-14
v.xr0.x_h3.vh_h3#branch            5.51631e-08
h.xr0.x_h2.h_h2#branch            -3.57152e-14
v.xr0.x_h2.vh_h2#branch           -5.51669e-08
h.xr0.x_h1.h_h1#branch             1.29151e-09
v.xr0.x_h1.vh_h1#branch            1.38935e-08
h.xex.x_h3.h_h3#branch            -3.57152e-14
v.xex.x_h3.vh_h3#branch            5.51632e-08
h.xex.x_h2.h_h2#branch            -3.57152e-14
v.xex.x_h2.vh_h2#branch           -5.51668e-08
h.xex.x_h1.h_h1#branch             4.06935e-12
v.xex.x_h1.vh_h1#branch           -3.34469e-11
h.xcm.x_h3.h_h3#branch            -3.57148e-14
v.xcm.x_h3.vh_h3#branch             5.5163e-08
h.xcm.x_h2.h_h2#branch            -3.57142e-14
v.xcm.x_h2.vh_h2#branch            -5.5167e-08
h.xcm.x_h1.h_h1#branch             4.41809e-12
v.xcm.x_h1.vh_h1#branch            2.50003e-05
e.xt3.x_u40.e3#branch              3.97904e-11
e.xt3.x_u4.e1#branch              -7.23739e-12
e.xt3.x_u39.e1#branch                        0
e.xt3.x_u38.e1#branch                        0
e.xt3.e_e4#branch                 -6.46431e-10
e.xt3.e_e3#branch                 -5.90523e-09
e.xt3.e_e1#branch                  5.89966e-09
e.xt2.x_u40.e3#branch              3.97335e-11
e.xt2.x_u4.e1#branch               -7.2374e-12
e.xt2.x_u39.e1#branch                        0
e.xt2.x_u38.e1#branch                        0
e.xt2.e_e4#branch                 -6.46447e-10
e.xt2.e_e3#branch                 -5.90524e-09
e.xt2.e_e1#branch                  6.18754e-09
e.xt1.x_u40.e3#branch              3.97904e-11
e.xt1.x_u4.e1#branch              -7.23739e-12
e.xt1.x_u39.e1#branch                        0
e.xt1.x_u38.e1#branch                        0
e.xt1.e_e4#branch                 -6.46464e-10
e.xt1.e_e3#branch                 -5.90525e-09
e.xt1.e_e1#branch                  5.94746e-09
e.xt0.x_u40.e3#branch              3.97904e-11
e.xt0.x_u4.e1#branch              -7.23739e-12
e.xt0.x_u39.e1#branch                        0
e.xt0.x_u38.e1#branch                        0
e.xt0.e_e4#branch                 -6.46447e-10
e.xt0.e_e3#branch                 -5.90524e-09
e.xt0.e_e1#branch                  5.94223e-09
e.xr3.x_u40.e3#branch              4.04482e-11
e.xr3.x_u4.e1#branch              -7.89896e-12
e.xr3.x_u39.e1#branch                        0
e.xr3.x_u38.e1#branch                        0
e.xr3.e_e4#branch                  2.59084e-10
e.xr3.e_e3#branch                  3.82669e-09
e.xr3.e_e1#branch                 -4.87196e-10
e.xr2.x_u40.e3#branch              3.97541e-11
e.xr2.x_u4.e1#branch              -7.23739e-12
e.xr2.x_u39.e1#branch                        0
e.xr2.x_u38.e1#branch                        0
e.xr2.e_e4#branch                  2.59067e-10
e.xr2.e_e3#branch                  3.82667e-09
e.xr2.e_e1#branch                 -4.85235e-10
e.xr1.x_u40.e3#branch              3.97826e-11
e.xr1.x_u4.e1#branch              -7.23739e-12
e.xr1.x_u39.e1#branch                        0
e.xr1.x_u38.e1#branch                        0
e.xr1.e_e4#branch                  2.59067e-10
e.xr1.e_e3#branch                  3.82668e-09
e.xr1.e_e1#branch                 -5.14367e-10
e.xr0.x_u40.e3#branch              3.97904e-11
e.xr0.x_u4.e1#branch               -7.2374e-12
e.xr0.x_u39.e1#branch                        0
e.xr0.x_u38.e1#branch                        0
e.xr0.e_e4#branch                  2.59067e-10
e.xr0.e_e3#branch                  3.82667e-09
e.xr0.e_e1#branch                 -5.40879e-10
e.xex.x_u40.e3#branch              3.87637e-11
e.xex.x_u4.e1#branch              -6.51366e-12
e.xex.x_u39.e1#branch                        0
e.xex.x_u38.e1#branch                        0
e.xex.e_e4#branch                  1.16478e-10
e.xex.e_e3#branch                  2.45937e-09
e.xex.e_e1#branch                 -5.39293e-10
e.xcm.x_u40.e3#branch               4.0399e-11
e.xcm.x_u4.e1#branch              -7.89896e-12
e.xcm.x_u39.e1#branch                        0
e.xcm.x_u38.e1#branch                        0
e.xcm.e_e4#branch                  1.08301e-10
e.xcm.e_e3#branch                  2.45877e-09
e.xcm.e_e1#branch                 -5.52049e-10
v.xt3.v_v_orp#branch              -5.75025e-11
v.xt3.v_v_orn#branch                         0
v.xt3.v_v_iscp#branch                   -6e-11
v.xt3.v_v_iscn#branch                    6e-11
v.xt3.v_v_grp#branch                  -1.5e-10
v.xt3.v_v_grn#branch                   1.5e-10
v.xt3.v_vcm_min#branch             1.35715e-13
v.xt3.v_vcm_max#branch            -5.06428e-12
v.xt2.v_v_orp#branch              -5.75022e-11
v.xt2.v_v_orn#branch                         0
v.xt2.v_v_iscp#branch                   -6e-11
v.xt2.v_v_iscn#branch                    6e-11
v.xt2.v_v_grp#branch                  -1.5e-10
v.xt2.v_v_grn#branch                   1.5e-10
v.xt2.v_vcm_min#branch             1.35715e-13
v.xt2.v_vcm_max#branch            -5.06428e-12
v.xt1.v_v_orp#branch              -5.75021e-11
v.xt1.v_v_orn#branch                         0
v.xt1.v_v_iscp#branch                   -6e-11
v.xt1.v_v_iscn#branch                    6e-11
v.xt1.v_v_grp#branch                  -1.5e-10
v.xt1.v_v_grn#branch                   1.5e-10
v.xt1.v_vcm_min#branch             1.35715e-13
v.xt1.v_vcm_max#branch            -5.06428e-12
v.xt0.v_v_orp#branch              -5.75024e-11
v.xt0.v_v_orn#branch                         0
v.xt0.v_v_iscp#branch                   -6e-11
v.xt0.v_v_iscn#branch                    6e-11
v.xt0.v_v_grp#branch                  -1.5e-10
v.xt0.v_v_grn#branch                   1.5e-10
v.xt0.v_vcm_min#branch             1.35715e-13
v.xt0.v_vcm_max#branch            -5.06428e-12
v.xr3.v_v_orp#branch              -5.74997e-11
v.xr3.v_v_orn#branch                         0
v.xr3.v_v_iscp#branch                   -6e-11
v.xr3.v_v_iscn#branch                    6e-11
v.xr3.v_v_grp#branch                  -1.5e-10
v.xr3.v_v_grn#branch                   1.5e-10
v.xr3.v_vcm_min#branch             1.35715e-13
v.xr3.v_vcm_max#branch            -5.06428e-12
vsel3#branch                                 0
v.xr2.v_v_orp#branch              -5.75002e-11
v.xr2.v_v_orn#branch                         0
v.xr2.v_v_iscp#branch                   -6e-11
v.xr2.v_v_iscn#branch                    6e-11
v.xr2.v_v_grp#branch                  -1.5e-10
v.xr2.v_v_grn#branch                   1.5e-10
v.xr2.v_vcm_min#branch             1.35715e-13
v.xr2.v_vcm_max#branch            -5.06428e-12
vsel2#branch                                 0
v.xr1.v_v_orp#branch              -5.75002e-11
v.xr1.v_v_orn#branch                         0
v.xr1.v_v_iscp#branch                   -6e-11
v.xr1.v_v_iscn#branch                    6e-11
v.xr1.v_v_grp#branch                  -1.5e-10
v.xr1.v_v_grn#branch                   1.5e-10
v.xr1.v_vcm_min#branch             1.35715e-13
v.xr1.v_vcm_max#branch            -5.06428e-12
vsel1#branch                                 0
v.xr0.v_v_orp#branch              -5.75001e-11
v.xr0.v_v_orn#branch                         0
v.xr0.v_v_iscp#branch                   -6e-11
v.xr0.v_v_iscn#branch                    6e-11
v.xr0.v_v_grp#branch                  -1.5e-10
v.xr0.v_v_grn#branch                   1.5e-10
v.xr0.v_vcm_min#branch             1.35715e-13
v.xr0.v_vcm_max#branch            -5.06428e-12
vsel0#branch                                 0
v.xex.v_v_orp#branch              -5.72497e-11
v.xex.v_v_orn#branch                         0
v.xex.v_v_iscp#branch                   -6e-11
v.xex.v_v_iscn#branch                    6e-11
v.xex.v_v_grp#branch                  -1.5e-10
v.xex.v_v_grn#branch                   1.5e-10
v.xex.v_vcm_min#branch             1.35715e-13
v.xex.v_vcm_max#branch            -5.06428e-12
v.xcm.v_v_orp#branch              -5.75249e-11
v.xcm.v_v_orn#branch                         0
v.xcm.v_v_iscp#branch                   -6e-11
v.xcm.v_v_iscn#branch                    6e-11
v.xcm.v_v_grp#branch                  -1.5e-10
v.xcm.v_v_grn#branch                   1.5e-10
v.xcm.v_vcm_min#branch             1.35715e-13
v.xcm.v_vcm_max#branch            -5.06428e-12
vref#branch                       -3.42099e-11
v5#branch                           -0.0190383
a.xt3.x_u19.ag1#branch_1_0                   0
a.xt3.x_u18.ag1#branch_1_0                   0
a.xt2.x_u19.ag1#branch_1_0                   0
a.xt2.x_u18.ag1#branch_1_0                   0
a.xt1.x_u19.ag1#branch_1_0                   0
a.xt1.x_u18.ag1#branch_1_0                   0
a.xt0.x_u19.ag1#branch_1_0                   0
a.xt0.x_u18.ag1#branch_1_0                   0
a.xr3.x_u19.ag1#branch_1_0                   0
a.xr3.x_u18.ag1#branch_1_0                   0
a.xr2.x_u19.ag1#branch_1_0                   0
a.xr2.x_u18.ag1#branch_1_0                   0
a.xr1.x_u19.ag1#branch_1_0                   0
a.xr1.x_u18.ag1#branch_1_0                   0
a.xr0.x_u19.ag1#branch_1_0                   0
a.xr0.x_u18.ag1#branch_1_0                   0
a.xex.x_u19.ag1#branch_1_0                   0
a.xex.x_u18.ag1#branch_1_0                   0
a.xcm.x_u19.ag1#branch_1_0                   0
a.xcm.x_u18.ag1#branch_1_0                   0

 Reference value :  0.00000e+00 Reference value :  4.20234e-07 Reference value :  1.88391e-06 Reference value :  2.48156e-06 Reference value :  4.33000e-06 Reference value :  6.24523e-06 Reference value :  8.02492e-06 Reference value :  9.32492e-06 Reference value :  1.04030e-05 Reference value :  1.14333e-05 Reference value :  1.27982e-05 Reference value :  1.33986e-05 Reference value :  1.46093e-05 Reference value :  1.70349e-05 Reference value :  1.78716e-05 Reference value :  1.87066e-05 Reference value :  1.99816e-05 Reference value :  2.14792e-05 Reference value :  2.33339e-05 Reference value :  2.47378e-05 Reference value :  2.71144e-05 Reference value :  2.88308e-05 Reference value :  2.95847e-05 Reference value :  3.11728e-05 Reference value :  3.22167e-05 Reference value :  3.38030e-05 Reference value :  3.64687e-05 Reference value :  3.78343e-05 Reference value :  3.89671e-05 Reference value :  4.36655e-05 Reference value :  4.45468e-05 Reference value :  4.61710e-05 Reference value :  4.72794e-05 Reference value :  4.77073e-05 Reference value :  4.98870e-05 Reference value :  5.13898e-05 Reference value :  5.30265e-05 Reference value :  5.48522e-05 Reference value :  5.63256e-05 Reference value :  5.81858e-05 Reference value :  5.95912e-05 Reference value :  6.12084e-05 Reference value :  6.20494e-05 Reference value :  6.31758e-05 Reference value :  6.41860e-05 Reference value :  6.48422e-05 Reference value :  6.62110e-05 Reference value :  7.02641e-05 Reference value :  7.14946e-05 Reference value :  7.27102e-05 Reference value :  7.35656e-05 Reference value :  7.49973e-05 Reference value :  7.62090e-05 Reference value :  7.77270e-05 Reference value :  7.86973e-05 Reference value :  7.94645e-05 Reference value :  8.14645e-05 Reference value :  8.26510e-05 Reference value :  8.47604e-05 Reference value :  8.60018e-05 Reference value :  8.81842e-05 Reference value :  8.93201e-05 Reference value :  9.06139e-05 Reference value :  9.20178e-05 Reference value :  9.41990e-05 Reference value :  9.61537e-05 Reference value :  9.73045e-05 Reference value :  9.77584e-05 Reference value :  9.87819e-05 Reference value :  1.00214e-04 Reference value :  1.11540e-04 Reference value :  1.21048e-04 Reference value :  1.32823e-04 Reference value :  1.37690e-04 Reference value :  1.42022e-04 Reference value :  1.45831e-04 Reference value :  1.49651e-04 Reference value :  1.51691e-04 Reference value :  1.52787e-04 Reference value :  1.56234e-04 Reference value :  1.58818e-04 Reference value :  1.60921e-04 Reference value :  1.64638e-04 Reference value :  1.66428e-04 Reference value :  1.68043e-04 Reference value :  1.69906e-04 Reference value :  1.71791e-04 Reference value :  1.73420e-04 Reference value :  1.73966e-04 Reference value :  1.76245e-04 Reference value :  1.77058e-04 Reference value :  1.78153e-04 Reference value :  1.79706e-04 Reference value :  1.81636e-04 Reference value :  1.82353e-04 Reference value :  1.84556e-04 Reference value :  1.85312e-04 Reference value :  1.86004e-04 Reference value :  1.87032e-04 Reference value :  1.87662e-04 Reference value :  1.89830e-04 Reference value :  1.90810e-04 Reference value :  1.91996e-04 Reference value :  1.93455e-04 Reference value :  1.95568e-04 Reference value :  1.96426e-04 Reference value :  1.98026e-04 Reference value :  1.99632e-04 Reference value :  2.00636e-04 Reference value :  2.02733e-04 Reference value :  2.03470e-04 Reference value :  2.05947e-04 Reference value :  2.07560e-04 Reference value :  2.07999e-04 Reference value :  2.09378e-04 Reference value :  2.11011e-04 Reference value :  2.12083e-04 Reference value :  2.13440e-04 Reference value :  2.14892e-04 Reference value :  2.15672e-04 Reference value :  2.16642e-04 Reference value :  2.18539e-04 Reference value :  2.20117e-04 Reference value :  2.21013e-04 Reference value :  2.22213e-04 Reference value :  2.23966e-04 Reference value :  2.24882e-04 Reference value :  2.25968e-04