field_0,field_1,field_2,field_3,field_4,field_5,field_6,field_7,field_8,field_9,field_10
1.000000000000000000e+00,-2.934437340643659899e-04,1.931831905530319955e-04,2.827327244427093045e-01,4.511320079760445800e-01,-1.541585251761679043e-05,3.242121527769273315e-05,-2.860027002019664977e+01,-4.490567278975709087e+01,-1.428506987172120990e+00,-2.248512435121666986e+00
1.029207941669012083e+00,-3.056146839789336089e-04,2.068891111383579066e-04,2.945839307624387726e-01,4.566370688553851864e-01,-1.431373964397470938e-05,3.227477879471848943e-05,-2.979899229733971922e+01,-4.544112746206207731e+01,-1.488553059999967898e+00,-2.275270132247773969e+00
1.059268987194563971e+00,-3.180656584575879044e-04,2.214286879759599957e-04,3.067177598046134102e-01,4.618905503438983096e-01,-1.321484611972561013e-05,3.208418467967599774e-05,-3.102629085114443086e+01,-4.595050169894832237e+01,-1.550027606577369932e+00,-2.300719388821521161e+00
1.090208053984335956e+00,-3.307845151840711133e-04,2.368370644535837963e-04,3.191236245927043802e-01,4.668748197625138263e-01,-1.212217708477721969e-05,3.184920610972349908e-05,-3.228109356942611186e+01,-4.643199328708497120e+01,-1.612876720175872025e+00,-2.324770072446506131e+00
1.122050787232198088e+00,-3.437575795293584032e-04,2.531494084808187076e-04,3.317895374110371165e-01,4.715726809964715938e-01,-1.103879537567297947e-05,3.156986669766020936e-05,-3.356218656822308333e+01,-4.688384365055502911e+01,-1.677039399768166961e+00,-2.347334257717692996e+00
1.154823581175344893e+00,-3.569696558536251019e-04,2.704007889761981891e-04,3.447021239018208116e-01,4.759675053080884011e-01,-9.967796308931603511e-06,3.124645048669175140e-05,-3.486821561492524779e+01,-4.730435106985928684e+01,-1.742447623715716931e+00,-2.368326888167404221e+00
1.188553600972312996e+00,-3.704040535229338195e-04,2.886260515920050797e-04,3.578466513586294195e-01,4.800433632562082775e-01,-8.912280790421972521e-06,3.087950902613822990e-05,-3.619768898747729224e+01,-4.769188401239784980e+01,-1.809026495427338954e+00,-2.387666443492015844e+00
1.223268805220006916e+00,-3.840426280826586027e-04,3.078596955254926226e-04,3.712070716490408762e-01,4.837851559739854146e-01,-7.875327132811360542e-06,3.046986523584995993e-05,-3.754898181341590657e+01,-4.804489439753272251e+01,-1.876694463138373070e+00,-2.405275603185307087e+00
1.258997969128395011e+00,-3.978658377748743894e-04,3.281357533698627113e-04,3.847660789575215179e-01,4.871787439572479728e-01,-6.859962017640580667e-06,3.001861382229479075e-05,-3.892034190805419769e+01,-4.836193060927904241e+01,-1.945363614732180002e+00,-2.421081897207129074e+00
1.295770708372101065e+00,-4.118528153098347140e-04,3.494876760239716074e-04,3.985051822767947116e-01,4.902110714533947089e-01,-5.869131084374618057e-06,2.952711807619954115e-05,-4.030989710453187769e+01,-4.864165006337025687e+01,-2.014940047191529082e+00,-2.435018334007699181e+00
1.333617503638647950e+00,-4.259814545088009023e-04,3.719482247015330257e-04,4.124047922981465830e-01,4.928702845201453075e-01,-4.905669662186307178e-06,2.899700295722063004e-05,-4.171566404034575726e+01,-4.888283113335680952e+01,-2.085324308858806042e+00,-2.447023996131135970e+00
1.372569725893697967e+00,-4.402285111346013061e-04,3.955493720549674861e-04,4.264443220657171962e-01,4.951458408479582074e-01,-3.972274181762019962e-06,2.843014445420496972e-05,-4.313555833609900247e+01,-4.908438424287602686e+01,-2.156411911238058199e+00,-2.457044593754062145e+00
1.412659662384252890e+00,-4.545697169258910942e-04,4.203222143538921040e-04,4.406023004749161087e-01,4.970286095115237224e-01,-3.071474809809849195e-06,2.782865529709493968e-05,-4.456740607338294780e+01,-4.924536193847634991e+01,-2.228093905630128990e+00,-2.465032966886191002e+00
1.453920543401338028e+00,-4.689799055602233892e-04,4.462968965331326151e-04,4.548564974193011201e-01,4.985109589348509229e-01,-2.205609839336930979e-06,2.719486718539068987e-05,-4.600895645080122875e+01,-4.936496776942937714e+01,-2.300257518497915044e+00,-2.470949527571228987e+00
1.496386569824383006e+00,-4.834331489989066011e-04,4.735025517514823874e-04,4.691840591323270249e-01,4.995868315197625198e-01,-1.376802342568234083e-06,2.653130978603341134e-05,-4.745789547105034245e+01,-4.944256381768755659e+01,-2.372786838156646816e+00,-2.474762634271471917e+00
1.540092941470105892e+00,-4.979029024222399527e-04,5.019672568834989291e-04,4.835616520388338890e-01,5.002518035959850895e-01,-5.869395510553487849e-07,2.584068683550086115e-05,-4.891186048854692103e+01,-4.947767674222848910e+01,-2.445563544217157048e+00,-2.476448891681828801e+00
1.585075886269422085e+00,-5.123621557552726505e-04,5.317180051074532317e-04,4.979656132339105867e-01,5.005031295976519745e-01,1.623446290385799086e-07,2.512584975634251866e-05,-5.036845542713557222e+01,-4.947000222697708693e+01,-2.518467670217972021e+00,-2.475993370474108168e+00
1.631372690296535977e+00,-5.267835896191268123e-04,5.627806964599209056e-04,5.123721055507375333e-01,5.003397696495273106e-01,8.696836291573195599e-07,2.438976926122729877e-05,-5.182526646162766326e+01,-4.941940774967517314e+01,-2.591378389100007951e+00,-2.473389742887580844e+00
1.679021728675136993e+00,-5.411397334268681176e-04,5.951801469094969953e-04,5.267572750697687711e-01,4.997624000488637974e-01,1.533988501126182024e-06,2.363550546860201940e-05,-5.327987794586699977e+01,-4.932593361968052648e+01,-2.664174810632979895e+00,-2.468640331617587780e+00
1.728062497387282903e+00,-5.554031232801622236e-04,6.289401161680279210e-04,5.410974088630879919e-01,4.987734064467354012e-01,2.154454302932817811e-06,2.286617708816690914e-05,-5.472988836409911784e+01,-4.918979226484447764e+01,-2.736736779615684068e+00,-2.461756071065698048e+00
1.778535646011377924e+00,-5.695464573156651389e-04,6.640833541174725324e-04,5.553690907621282591e-01,4.973768598565032062e-01,2.730562513295758942e-06,2.208493025288374095e-05,-5.617292608184863667e+01,-4.901136578037660740e+01,-2.808945663653036995e+00,-2.452756381654761064e+00
1.830483011416337069e+00,-5.835427461985540553e-04,7.006316653942433470e-04,5.695493529843626002e-01,4.955784759370521764e-01,3.262079495955361175e-06,2.129490757494384095e-05,-5.760666467730695217e+01,-4.879120178497778682e+01,-2.880685119562241159e+00,-2.441668959530851168e+00
1.883947652439901921e+00,-5.973654565629030275e-04,7.386059913506834353e-04,5.836158215533371330e-01,4.933855583050538729e-01,3.749051127172747799e-06,2.049921798673303924e-05,-5.902883764422440294e+01,-4.853000766054277904e+01,-2.951841827969268195e+00,-2.428529485523470033e+00
1.938973885579839074e+00,-6.109886453510334891e-04,7.780265083145766498e-04,5.975468535929441272e-01,4.908069269148013780e-01,4.191793787775704994e-06,1.970090789563810896e-05,-6.043725227212396334e+01,-4.822864328049438853e+01,-3.022306186406876982e+00,-2.413381258670137086e+00
1.995607321727592032e+00,-6.243870832009747662e-04,8.189127408007165418e-04,6.113216647658628045e-01,4.878528327981346835e-01,4.590881999347318221e-06,1.890293413422602931e-05,-6.182980252877811722e+01,-4.788811235750519302e+01,-3.091972952189411927e+00,-2.396274760891441868e+00
2.053894903974863961e+00,-6.375363652657308183e-04,8.612836881005613530e-04,6.249204453509920043e-01,4.845348606739133257e-01,4.947133052823904364e-06,1.810813912820133037e-05,-6.320448079264239283e+01,-4.750955256330919951e+01,-3.160741827484094824e+00,-2.377267160494015208e+00
2.113884946524442920e+00,-6.504130081120958152e-04,9.051579624923523871e-04,6.383244637077339911e-01,4.808658211112529779e-01,5.261589032183600079e-06,1.731922863518544847e-05,-6.455938830853590105e+01,-4.709422459098510672e+01,-3.228517980283891919e+00,-2.356421763055830176e+00
2.175627174737531089e+00,-6.629945316313696525e-04,9.505539371784040318e-04,6.515161561477245122e-01,4.768596340598060257e-01,5.535496677075424365e-06,1.653875233157894864e-05,-6.589274426745330970e+01,-4.664350034314914950e+01,-3.295212496370729216e+00,-2.333807418893484975e+00
2.239172766350781885e+00,-6.752595251903314305e-04,9.974899019703398380e-04,6.644792025183153816e-01,4.725312056420680196e-01,5.770285553902131645e-06,1.576908744442898080e-05,-6.720289344009098897e+01,-4.615885043776034280e+01,-3.360742758795440821e+00,-2.309497896716250942e+00
2.304574393897194984e+00,-6.871876975491025916e-04,1.045984224706862946e-03,6.771985870881150893e-01,4.678963001370534114e-01,5.967545016111185637e-06,1.501242554529171927e-05,-6.848831232260437218e+01,-4.564183122671528281e+01,-3.425032752848571782e+00,-2.283571233237395859e+00
2.371886268366043105e+00,-6.987599103643999353e-04,1.096055516400355929e-03,6.896606446049363681e-01,4.629714090733832998e-01,6.129000430524222942e-06,1.427076254351123011e-05,-6.974761378144228274e+01,-4.509407152126671292e+01,-3.488013295912208989e+00,-2.256109068448107102e+00
2.441164184138008952e+00,-7.099581953742105248e-04,1.147722798164989072e-03,7.018530916630764116e-01,4.577736192960100148e-01,6.256489131148401661e-06,1.354589184308918953e-05,-7.097955021107088669e+01,-4.451725921285275689e+01,-3.549622192929804854e+00,-2.227195975979685993e+00
2.512465565232791853e+00,-7.207657556163233649e-04,1.201005668075343091e-03,7.137650437634477374e-01,4.523204817788527010e-01,6.351936532748848355e-06,1.283940055920793077e-05,-7.218301524334432884e+01,-4.391312796862162315e+01,-3.609804319475233836e+00,-2.196918797507688037e+00
2.585849512907512970e+00,-7.311669512627238642e-04,1.255924466235406028e-03,7.253870186713327062e-01,4.466298828308137847e-01,6.417332800240371782e-06,1.215266863205389020e-05,-7.335704406966036117e+01,-4.328344416830894659e+01,-3.668511635517718972e+00,-2.165365989514473011e+00
2.661376854645357781e+00,-7.411472708503741898e-04,1.312500436496704097e-03,7.367109268684117751e-01,4.407199191910073921e-01,6.454710423854648216e-06,1.148687062549682944e-05,-7.450081245644723538e+01,-4.262999423378318653e+01,-3.725703133945041934e+00,-2.132626989954514052e+00
2.739110194575097967e+00,-7.506932888535002317e-04,1.370755883444729024e-03,7.477300500554522333e-01,4.346087783368575153e-01,6.466123000856138781e-06,1.084297995995742000e-05,-7.561363455068554629e+01,-4.195457248515617721e+01,-3.781344728710367864e+00,-2.098791611492079046e+00
2.819113965363242880e+00,-7.597926106716201703e-04,1.430714323467987019e-03,7.584390087882647569e-01,4.283146251424361228e-01,6.453625470338730796e-06,1.022177529873269036e-05,-7.669495958493320131e+01,-4.125896963850883736e+01,-3.835409088100766972e+00,-2.063949467035520957e+00
2.901454481621868808e+00,-7.684338062010203372e-04,1.492400628927241946e-03,7.688337204219751753e-01,4.218554958302290769e-01,6.419255994018213674e-06,9.623848790402816933e-06,-7.774436760067014518e+01,-4.054496204063705278e+01,-3.887875419087590156e+00,-2.028189432308511009e+00
2.986199994876374220e+00,-7.766063332161337197e-04,1.555841164647929920e-03,7.789113485982723795e-01,4.152491999632830222e-01,6.365019622166234736e-06,9.049615859717946575e-06,-7.876156431480599451e+01,-3.981430171637092741e+01,-3.938729209014730781e+00,-1.991599149204952068e+00
3.073420750138725843e+00,-7.843004518131534413e-04,1.621063916160476971e-03,7.886702455388492350e-01,4.085132310316251791e-01,6.292873832122736211e-06,8.499326240290344670e-06,-7.974637525707778707e+01,-3.906870728448892294e+01,-3.987961931019861961e+00,-1.954264572697810953e+00
3.163189044133109196e+00,-7.915071311640330814e-04,1.688098609306856995e-03,7.981098884083899225e-01,4.016646860015596898e-01,6.204715980472064185e-06,7.973075950473001994e-06,-8.069873930607384693e+01,-3.830985577950389143e+01,-4.035570719579462562e+00,-1.916269563135720944e+00
3.255579285222205854e+00,-7.982179497979695944e-04,1.756976821012930972e-03,8.072308109852602831e-01,3.947201940226600092e-01,6.102372665829636222e-06,7.470819927551942422e-06,-8.161870174906587749e+01,-3.753937539901870224e+01,-4.081558022436414745e+00,-1.877695524883616018e+00
3.350668055083819041e+00,-8.044249905733003416e-04,1.827732081191912016e-03,8.160345318310924245e-01,3.876958543280064062e-01,5.987590962715227949e-06,6.992385055904631885e-06,-8.250640698607452350e+01,-3.675883918023590269e+01,-4.125931234927325164e+00,-1.838621091460090007e+00
3.448534172188928881e+00,-8.101207314293545859e-04,1.900399965892478078e-03,8.245234800854328583e-01,3.806071832205957239e-01,5.862031454618998882e-06,6.537483347557326852e-06,-8.336209099201023776e+01,-3.596975959478024265e+01,-4.168702322394432613e+00,-1.799121856605147007e+00
3.549258757133817888e+00,-8.152979329191020882e-04,1.975018181933897894e-03,8.327009199322785715e-01,3.734690699142654835e-01,5.727262968498181284e-06,6.105725060767674961e-06,-8.418607364269780646e+01,-3.517358403838986902e+01,-4.209887435962624380e+00,-1.759270150084643936e+00
3.652925299880411814e+00,-8.199495234233005175e-04,2.051626643379642935e-03,8.405708746953685084e-01,3.662957408916195923e-01,5.584758893201202667e-06,5.696631569275523166e-06,-8.497875100148733907e+01,-3.437169118132524659e+01,-4.249506526504822190e+00,-1.719134856505073028e+00
3.759619728960577056e+00,-8.240684828388879701e-04,2.130267540289867024e-03,8.481380514219436506e-01,3.591007323543534135e-01,5.435894949210041419e-06,5.309647824157381901e-06,-8.574058765331793097e+01,-3.356538813653676101e+01,-4.287582961125721681e+00,-1.678781274974890936e+00
3.869430482701722962e+00,-8.276477254219130088e-04,2.210985400262766888e-03,8.554077667135530083e-01,3.518968702725920883e-01,5.281948267765734784e-06,4.944154277545381726e-06,-8.647210916286437055e+01,-3.275590839567632884e+01,-4.324143145981073744e+00,-1.638271017103561045e+00
3.982448582532772008e+00,-8.306799823512613914e-04,2.293827143325656050e-03,8.623858744601397008e-01,3.446962574884464003e-01,5.124097632432100813e-06,4.599478165109167363e-06,-8.717389472303445075e+01,-3.194441047783961096e+01,-4.359216158731107349e+00,-1.597661940572316919e+00
4.098767708431227952e+00,-8.331576844664222940e-04,2.378842130770276921e-03,8.690786960325513899e-01,3.375102672937085879e-01,4.963424735181243275e-06,4.274904069120205596e-06,-8.784657004985228923e+01,-3.113197723236035941e+01,-4.392833393414978360e+00,-1.557008115334916010e+00
4.218484276573916780e+00,-8.350728455226377614e-04,2.466082208544745791e-03,8.754929533908103467e-01,3.303495428809917756e-01,4.800916301631041883e-06,3.969683707760046643e-06,-8.849080056986029774e+01,-3.031961573489548911e+01,-4.425028220038251803e+00,-1.516359819404873965e+00
4.341697519255731663e+00,-8.364169462016639864e-04,2.555601745818314018e-03,8.816357054725734166e-01,3.232240020599653207e-01,4.637466944755475051e-06,3.683044916932138181e-06,-8.910728493676579376e+01,-2.950825771527017949e+01,-4.455835660695555589e+00,-1.475763561149320058e+00
4.468509567142646688e+00,-8.371808190174174482e-04,2.647457669326685852e-03,8.875142881394627592e-01,3.161428466339964993e-01,4.473882614604295634e-06,3.414199809446960978e-06,-8.969674890527470268e+01,-2.869876045592614844e+01,-4.485292083612248071e+00,-1.435262125030118963e+00
4.599025533927170173e+00,-8.373545341638275429e-04,2.741709494086615097e-03,8.931362578792565454e-01,3.091145758456778081e-01,4.310884519832802741e-06,3.162352112779168167e-06,-9.025993958198428402e+01,-2.789190810115431063e+01,-4.513434916086151105e+00,-1.394894637801501025e+00
4.733353603456411207e+00,-8.369272862679536830e-04,2.838419351040788029e-03,8.985093393898651026e-01,3.021470033207713235e-01,4.149113407243831819e-06,2.926703699491356024e-06,-9.079762006590840429e+01,-2.708841331942763020e+01,-4.540302376946664609e+00,-1.354696652281422109e+00
4.871605119404972761e+00,-8.358872819350301195e-04,2.937652012159053944e-03,9.036413771068613210e-01,2.952472769673680220e-01,3.989134096632485083e-06,2.706460335828372865e-06,-9.131056448470856424e+01,-2.628891926391462164e+01,-4.565933228824550660e+00,-1.314700245953275060e+00
5.013894677567012792e+00,-8.342216279037714113e-04,3.039474913481620983e-03,9.085402906801725020e-01,2.884219013191056113e-01,3.831440179152822978e-06,2.500836682701318002e-06,-9.179955342701440202e+01,-2.549400177950262858e+01,-4.590366550242374721e+00,-1.274934131817881067e+00
5.160340220843958825e+00,-8.319162195696853859e-04,3.143958176545059036e-03,9.132140343571893970e-01,2.816767618467134193e-01,3.676458798299031973e-06,2.309060589655507069e-06,-9.226536976631513198e+01,-2.470417180825070957e+01,-4.613641527291560074e+00,-1.235423779095845997e+00
5.311063137006624579e+00,-8.289556295811135143e-04,3.251174628584139938e-03,9.176705601887351627e-01,2.750171507997873910e-01,3.524555444313349086e-06,2.130376727769999888e-06,-9.270879486776532019e+01,-2.391987794900733988e+01,-4.635797264456292588e+00,-1.196191541571691941e+00
5.466188359312753597e+00,-8.253229961667058433e-04,3.361199821852828892e-03,9.219177849406372527e-01,2.684477941794721767e-01,3.376038702061768128e-06,1.964049609757407146e-06,-9.313060516582838488e+01,-2.314150913085920891e+01,-4.656872613974385011e+00,-1.157256791567945031e+00
5.625844470063391611e+00,-8.209999108135733166e-04,3.474112052356708932e-03,9.259635605665229585e-01,2.619728794817576811e-01,3.231164903472194962e-06,1.809366048212759925e-06,-9.353156909792681972e+01,-2.236939736403579104e+01,-4.676906022988728928e+00,-1.118636057735544975e+00
5.790163807183937195e+00,-8.159663048817591621e-04,3.589992378237866991e-03,9.298156480763993814e-01,2.555960838896377818e-01,3.090142643429050207e-06,1.665637102611638998e-06,-9.391244437712617810e+01,-2.160382053580259054e+01,-4.695935397636475273e+00,-1.080343165042332965e+00
5.959282573918189385e+00,-8.102003347124389328e-04,3.708924638001995146e-03,9.334816946199225862e-01,2.493206026298243061e-01,2.953137127420513153e-06,1.532199565593486902e-06,-9.427397558528510046e+01,-2.084500522267688893e+01,-4.713997983144470716e+00,-1.042389375531383999e+00
6.133340951726350632e+00,-8.036782647635980345e-04,3.830995468726756861e-03,9.369692135924585497e-01,2.431491772455874056e-01,2.820274325840422127e-06,1.408417037822295992e-06,-9.461689206699784904e+01,-2.009312949394024983e+01,-4.731130258944702405e+00,-1.004783528602886999e+00
6.312483216480536008e+00,-7.963743482873972702e-04,3.956294324340666260e-03,9.402855675654456791e-01,2.370841235712508044e-01,2.691644916723300994e-06,1.293680638352404100e-06,-9.494190610397764374e+01,-1.934832568487183124e+01,-4.747367847790373574e+00,-9.675321797454643491e-01
6.496857858054116086e+00,-7.882607050472510962e-04,4.084913494012715196e-03,9.434379538396263642e-01,2.311273592256377907e-01,2.567308004623736206e-06,1.187409395590061090e-06,-9.524971134921732130e+01,-1.861068312135432024e+01,-4.762745437838220575e+00,-9.306397368040939533e-01
6.686617703404022173e+00,-7.793071955594395436e-04,4.216948120645334745e-03,9.464333924198772285e-01,2.252804304712049122e-01,2.447294608264038995e-06,1.089050360685365073e-06,-9.554098150026896974e+01,-1.788025078049910022e+01,-4.777296716663414600e+00,-8.941085930211547517e-01
6.881920043248029195e+00,-7.694812913331080563e-04,4.352496219416237752e-03,9.492787162130881251e-01,2.195445383125833871e-01,2.331610913557102815e-06,9.980784824708405223e-07,-9.581636919124366614e+01,-1.715703987468430114e+01,-4.791054316186772688e+00,-8.579392562242152964e-01
7.082926762442021129e+00,-7.587479405735944246e-04,4.491658696269013734e-03,9.519805632554112496e-01,2.139205637328024101e-01,2.220241292580360938e-06,9.139962799734058230e-07,-9.607650508361346908e+01,-1.644102634890209913e+01,-4.804049767518447034e+00,-8.221304736590149265e-01
7.289804474165310744e+00,-7.470694288064559999e-04,4.634539366207051682e-03,9.545453707817098676e-01,2.084090919875566938e-01,2.113151091984177832e-06,8.363333452929277989e-07,-9.632199713654054563e+01,-1.573215328356750042e+01,-4.816313464754747642e+00,-7.866793520785393401e-01
7.502724658025233140e+00,-7.344052338732647619e-04,4.781244971200935244e-03,9.569793709578992003e-01,2.030104358976290990e-01,2.010289196142934089e-06,7.646457066343148590e-07,-9.655343003824043535e+01,-1.503033319696059067e+01,-4.827874636803917596e+00,-7.515814727997887079e-01
7.721863802195491289e+00,-7.207118747447183562e-04,4.931885197475083596e-03,9.592885881056645303e-01,1.977246580970422885e-01,1.911590373347705076e-06,6.985150781298188338e-07,-9.677136478076128867e+01,-1.433545024326584993e+01,-4.838761326360852877e+00,-7.168310015290924042e-01
7.947403549706071324e+00,-7.059427535917226458e-04,5.086572691895201864e-03,9.614788372585476584e-01,1.925515922098346988e-01,1.816977413575393975e-06,6.375480204375699733e-07,-9.697633836150698983e+01,-1.364736230374839998e+01,-4.849000375197997315e+00,-6.824207928353723807e-01
8.179530849005983484e+00,-6.900479905506481807e-04,5.245423077133437584e-03,9.635557238982901396e-01,1.874908629416625061e-01,1.726363068096925947e-06,5.813750329850680965e-07,-9.716886359581961585e+01,-1.296590296998227920e+01,-4.858617414989247152e+00,-6.483424892192171107e-01
8.418438108923632868e+00,-6.729742506148366204e-04,5.408554965243035986e-03,9.655246447304725033e-01,1.825419050838781865e-01,1.639651801936536923e-06,5.296495965336628364e-07,-9.734942902594870873e+01,-1.229088341923575989e+01,-4.867636862934341835e+00,-6.145866147848743077e-01
8.664323358153261267e+00,-6.546645620804918565e-04,5.576089969227849240e-03,9.673907893686422010e-01,1.777039814374636040e-01,1.556741370409286951e-06,4.820471820911331751e-07,-9.751849891274686399e+01,-1.162209418313631915e+01,-4.876081921501840277e+00,-5.811426635729166623e-01
8.917390409399658324e+00,-6.350581259714419132e-04,5.748152712144609204e-03,9.691591428061989699e-01,1.729761996723752915e-01,1.477524231068005900e-06,4.382642400605624156e-07,-9.767651329743702604e+01,-1.095930681160288955e+01,-4.883974581659127345e+00,-5.479991826543504363e-01
9.177849028317210056e+00,-6.140901158637845740e-04,5.924870833226320022e-03,9.708344885651266631e-01,1.683575281446176020e-01,1.401888802786410916e-06,3.980171815638756080e-07,-9.782388812177593707e+01,-1.030227543475641916e+01,-4.891335629006820618e+00,-5.151438501229133049e-01
9.445915107383296316e+00,-5.916914675283569411e-04,6.106374990463644611e-03,9.724214124201939757e-01,1.638468106988703876e-01,1.329720583177762962e-06,3.610413619806184830e-07,-9.796101539588880769e+01,-9.650738226120770591e+00,-4.898184652282498774e+00,-4.825635481521756143e-01
9.721810844850185873e+00,-5.677886578063105674e-04,6.292798859027186678e-03,9.739243066063641985e-01,1.594427804888700062e-01,1.260903135617829972e-06,3.270900751136535112e-07,-9.808826340396245769e+01,-9.004418770915375347e+00,-4.904540053744206318e+00,-4.502444313083489025e-01
1.000576492892374070e+01,-5.423034721310914397e-04,6.484279124856284077e-03,9.753473744258488454e-01,1.551440728511395972e-01,1.195318956245805954e-06,2.959335649770424873e-07,-9.820597693884866430e+01,-8.363027343634890087e+00,-4.910419060987418760e+00,-4.181719903292773766e-01
1.029801272732158957e+01,-5.151527601090165852e-04,6.680955472679988606e-03,9.766946351794533188e-01,1.509492372701773111e-01,1.132850231691518096e-06,2.673580608821348762e-07,-9.831447755745374195e+01,-7.726262099420814877e+00,-4.915837739790322125e+00,-3.863311115954138897e-01
1.059879648236793948e+01,-4.862481785706784234e-04,6.882970567671503094e-03,9.779699293545822680e-01,1.468567484749850049e-01,1.073379496605020088e-06,2.411648402341273756e-07,-9.841406384956000863e+01,-7.093810183967694805e+00,-4.920811007620586430e+00,-3.547061325303649260e-01
1.090836551178666980e+01,-4.554959215069617090e-04,7.090470029869408788e-03,9.791769240094665427e-01,1.428650167079258959e-01,1.016790201063821897e-06,2.171693227071697097e-07,-9.850501171344703266e+01,-6.465348766882726750e+00,-4.925352647473108192e+00,-3.232808931773005212e-01
1.122697641535918933e+01,-4.227964363069064251e-04,7.303602400426351116e-03,9.803191182998979292e-01,1.389723972074685954e-01,9.629671956709606739e-07,1.952001982717319062e-07,-9.858757463235622254e+01,-5.840546003543114040e+00,-4.929475321741617400e+00,-2.920387842037016068e-01
1.155489328761836987e+01,-3.880441257204107937e-04,7.522519098668174406e-03,9.813998491009232605e-01,1.351771989464561063e-01,9.117971429967175467e-07,1.750985910830422073e-07,-9.866198394646319514e+01,-5.219061930577521657e+00,-4.933190585858278077e+00,-2.609627915909535911e-01
1.189238793675479045e+01,-3.511270349774080831e-04,7.747374368863885197e-03,9.824222966816796854e-01,1.314776926672354129e-01,8.631688626983824442e-07,1.567172603763807873e-07,-9.872844911560447656e+01,-4.600549300146418830e+00,-4.936508901464346621e+00,-2.300355382676453064e-01
1.223974010991678085e+01,-3.119265235072149760e-04,7.978325215518299041e-03,9.833894903967662637e-01,1.278721182543554880e-01,8.169736172777830596e-07,1.399198391047531964e-07,-9.878715796853667541e+01,-3.984654358217044834e+00,-4.939439648901501556e+00,-1.992393229464247129e-01
1.259723772509108919e+01,-2.703169207178815936e-04,8.215531325904695467e-03,9.843043143623270153e-01,1.243586914846410985e-01,7.731053449297475844e-07,1.245801105201684881e-07,-9.883827693499858924e+01,-3.371017572028768949e+00,-4.941991138837983577e+00,-1.685561564242233079e-01
1.296517710975622961e+01,-2.261651653163108120e-04,8.459154978454319282e-03,9.851695130893677321e-01,1.209356101933457966e-01,7.314608454975224383e-07,1.105813225371967980e-07,-9.888195125730186419e+01,-2.759274311929484025e+00,-4.944170622866484344e+00,-1.379677956048586118e-01
1.334386324650639999e+01,-1.793304276764847002e-04,8.709360935511858276e-03,9.859876970507606142e-01,1.176010598938140028e-01,6.919399245519652908e-07,9.781553938700837669e-08,-9.891830517859160921e+01,-2.149055492738654038e+00,-4.945984302931310417e+00,-1.074557755017472999e-01
1.373361002584963053e+01,-1.296637147961678073e-04,8.966316318851906900e-03,9.867613481619427196e-01,1.143532188866822064e-01,6.544455013329786297e-07,8.618302983157827279e-08,-9.894744210530544137e+01,-1.539988179761176967e+00,-4.947437339461864703e+00,-7.700143947685925139e-02
1.413474050638959945e+01,-7.700745742304746801e-05,9.230190466229621846e-03,9.874928251585141092e-01,1.111902628931634024e-01,6.188836838699751652e-07,7.559169098482476645e-08,-9.896944474171547768e+01,-9.316961645432620953e-01,-4.948533858106975991e+00,-4.658596797037573706e-02
1.454758718260685058e+01,-2.119507898039033918e-05,9.501154767110060739e-03,9.881843688567991668e-01,1.081103692454070953e-01,5.851638165271788594e-07,6.595650661137680837e-08,-9.898437519476982516e+01,-3.238005154289074761e-01,-4.949276954981433718e+00,-1.619040597386458072e-02
1.497249226046129955e+01,3.794945401873891052e-05,9.779382475583860146e-03,9.888381072860037424e-01,1.051117206653452985e-01,5.531985029991193237e-07,5.719903874070592087e-08,-9.899227504776094122e+01,2.840798920527334848e-01,-4.949668700351429251e+00,1.420431050162970082e-02
1.540980794104457985e+01,1.006121003095987942e-04,1.006504849833281950e-02,9.894560606828585181e-01,1.021925086618331036e-01,5.229036080453552948e-07,4.924695113858734707e-08,-9.899316540163935940e+01,8.923278599616218942e-01,-4.949710140700115168e+00,4.461732871235819103e-02
1.585989671251729050e+01,1.669892311244859065e-04,1.035832915535681020e-02,9.900401463416642622e-01,9.935093657429867886e-02,4.941982412604017938e-07,4.203356341291041747e-08,-9.898704688307002186e+01,1.501327362889975037e+00,-4.949401299128533438e+00,7.506785397398565984e-02
1.632313165057304971e+01,2.372881364135415096e-04,1.065940191101409987e-02,9.905921833144337718e-01,9.658522228953904387e-02,4.670047253282905153e-07,3.549743421166901003e-08,-9.897389961859738605e+01,2.111463048087518946e+00,-4.948741174060384829e+00,1.055751247098757062e-01
1.679989672767858977e+01,3.117275499864744729e-04,1.096844507275968050e-02,9.911138969573827229e-01,9.389360065675059208e-02,4.412485512875207764e-07,2.958197215571084835e-08,-9.895368317454462215e+01,2.723119735777535855e+00,-4.947727736232265805e+00,1.361583875061121995e-01
1.729058713134605085e+01,3.905381933936455060e-04,1.128563745479252943e-02,9.916069233213832268e-01,9.127432562437318153e-02,4.168583227423527937e-07,2.423507300571003942e-08,-9.892633646253185020e+01,3.336681914657273040e+00,-4.946357923963694780e+00,1.668368719230909070e-01
1.779560959170137124e+01,4.739633382148226732e-04,1.161115800364146029e-02,9.920728133851949293e-01,8.872567212086537869e-02,3.937656911437437124e-07,1.940878171114573947e-08,-9.889177761075764295e+01,3.952533227550271810e+00,-4.944627636714477248e+00,1.976297648121924933e-01
1.831538271862029177e+01,5.622593862518030687e-04,1.194518538253266059e-02,9.925130371313036770e-01,8.624593770011859672e-02,3.719052835068902855e-07,1.505897788151716930e-08,-9.884990380145049471e+01,4.571055942140604955e+00,-4.942531726949770388e+00,2.285561838841856930e-01
1.885033734871138122e+01,6.556964669247758535e-04,1.228789751119004070e-02,9.929289874650839565e-01,8.383344397086189836e-02,3.512146245221448027e-07,1.114508337441560970e-08,-9.880059107517134009e+01,5.192630401671618046e+00,-4.940063990347164591e+00,2.596351502736273242e-01
1.940091690243373890e+01,7.545590509491432573e-04,1.263947105752380971e-02,9.933219839787672534e-01,8.148653782811729474e-02,3.316340537462548173e-07,7.629790606603070735e-09,-9.874369410293071780e+01,5.817634450433918580e+00,-4.937217154394019758e+00,2.908855598406285270e-01
1.996757775164536852e+01,8.591465791169948952e-04,1.300008087746402051e-02,9.936932765623122110e-01,7.920359250352802805e-02,3.131066394768122763e-07,4.478810414557110597e-09,-9.867904592738648262e+01,6.446442828801372649e+00,-4.933982865438495402e+00,3.223261529480486165e-01
2.055078959788689019e+01,9.697741047226561811e-04,1.336989939899725990e-02,9.940440488638416783e-01,7.698300845021312233e-02,2.955780901980897823e-07,1.660638131346924981e-09,-9.860645767470954581e+01,7.079426532500596281e+00,-4.930351674273751428e+00,3.539754824485326079e-01
2.115103586171409944e+01,1.086772947851826930e-03,1.374909594626655927e-02,9.943754216027209658e-01,7.482321407668739155e-02,2.789966642297025956e-07,-8.536632282139799965e-10,-9.852571823904838766e+01,7.716952130721413283e+00,-4.926313020351905436e+00,3.858518796118629024e-01
2.176881408340222990e+01,1.210491359395706075e-03,1.413783599940104940e-02,9.946884557387396519e-01,7.272266634333877933e-02,2.633130787507709236e-07,-3.090663800407733999e-09,-9.843659394189863576e+01,8.359381037595113639e+00,-4.921855214743207085e+00,4.179734177190957967e-01
2.240463633535379984e+01,1.341295192252003974e-03,1.453628038555549069e-02,9.949841555011371685e-01,7.067985123396421099e-02,2.484804183591760030e-07,-5.074752797672166249e-09,-9.833882816908702296e+01,9.007068731487205326e+00,-4.916965421975874939e+00,4.503578730459182888e-01
2.305902964655223997e+01,1.479568576730750078e-03,1.494458439646379963e-02,9.952634712814446560e-01,6.869328411393428591e-02,2.344540441442944088e-07,-6.828310551969946074e-09,-9.823214098852226073e+01,9.660363916475850132e+00,-4.911629640914357608e+00,4.830226829538883937e-01
2.373253643941275115e+01,1.625714596690912934e-03,1.536289682765006916e-02,9.955273023942869948e-01,6.676150998568236572e-02,2.211915033634160020e-07,-8.371867585028197611e-09,-9.811622875234509422e+01,1.031960762031927992e+01,-4.905832684857591275e+00,5.159849008048189578e-01
2.442571497939281855e+01,1.780155962391075097e-03,1.579135893429934115e-02,9.957764997104080473e-01,6.488310365139549063e-02,2.086524404920631071e-07,-9.724251662148603037e-09,-9.799076368763323330e+01,1.098513222316170967e+01,-4.899558161065185047e+00,5.492611474108761715e-01
2.513913983773484162e+01,1.943335675440465088e-03,1.623010329867572918e-02,9.960118681662742945e-01,6.305666979201710043e-02,1.967985097314773045e-07,-1.090272360717778002e-08,-9.785539348039074525e+01,1.165726041119163980e+01,-4.892788449947945040e+00,5.828675587311672457e-01
2.587340236772453039e+01,2.115717680582788942e-03,1.667925260389196973e-02,9.962341691546463540e-01,6.128084297095597738e-02,1.855932891467459989e-07,-1.192310276855109932e-08,-9.770974085817036325e+01,1.233630404945684944e+01,-4.885504684190239644e+00,6.168197295251157675e-01
2.662911119485989886e+01,2.297787498331774203e-03,1.713891830879158903e-02,9.964441228005247453e-01,5.955428757022678682e-02,1.750021970184368046e-07,-1.279988279473744998e-08,-9.755340317735431199e+01,1.302256296806291047e+01,-4.877686728105509850e+00,6.511326526740461862e-01
2.740689272133700172e+01,2.490052831702038814e-03,1.760919921870933089e-02,9.966424101268694935e-01,5.787569766612674083e-02,1.649924101856936874e-07,-1.354633849060330074e-08,-9.738595202184909283e+01,1.371632365604589943e+01,-4.869313157562674022e+00,6.858206538855707857e-01
2.820739164527067899e+01,2.693044139440028874e-03,1.809017994693803977e-02,9.968296751144486434e-01,5.624379685097383175e-02,1.555327850052967962e-07,-1.417462432411891962e-08,-9.720693282073901287e+01,1.441785785732358072e+01,-4.860361240860751941e+00,7.208973215010736624e-01
2.903127149508071980e+01,2.907315167256496139e-03,1.858192926186062049e-02,9.970065266601157994e-01,5.465733800689134836e-02,1.465937802605510056e-07,-1.469586532890435060e-08,-9.701586449329059292e+01,1.512742106330389014e+01,-4.850806920971222347e+00,7.563754311352817172e-01
2.987921517948628036e+01,3.133443427594161113e-03,1.908449831491628931e-02,9.971735404377586320e-01,5.311510303712876913e-02,1.381473830400214986e-07,-1.512024083499471927e-08,-9.681223913060907194e+01,1.584525089697534028e+01,-4.840624799613291174e+00,7.922668648892216003e-01
3.075192555356456836e+01,3.372030617432878949e-03,1.959791874487322103e-02,9.973312606660514890e-01,5.161590255994130683e-02,1.301670368852869951e-07,-1.545706165232557991e-08,-9.659552172421220462e+01,1.657156538363442877e+01,-4.829788123675251121e+00,8.285825248943660126e-01
3.165012600134287979e+01,3.623702962542321802e-03,2.012220065429030924e-02,9.974802017870744164e-01,5.015857556962476788e-02,1.226275724991454917e-07,-1.571484114061897139e-08,-9.636514995281143570e+01,1.730656110383350921e+01,-4.818268774546477395e+00,8.653322409671845294e-01
3.257456103540697256e+01,3.889111475442919193e-03,2.065733045458292144e-02,9.976208500597401052e-01,4.874198906890370164e-02,1.155051412154994982e-07,-1.590136072641968099e-08,-9.612053403966649512e+01,1.805041122467349979e+01,-4.806037260978354375e+00,9.025246721803873440e-01
3.352599691402281223e+01,4.168932113135589632e-03,2.120326857677867077e-02,9.977536650718674682e-01,4.736503767650440677e-02,1.087771508770374053e-07,-1.602373015828148837e-08,-9.586105669400154738e+01,1.880326340623521020e+01,-4.793062716148557278e+00,9.401672021905691512e-01
3.450522227628305671e+01,4.463865819418040386e-03,2.175994704587626977e-02,9.978790811746162115e-01,4.602664321340504960e-02,1.024222042039780020e-07,-1.608844302182152133e-08,-9.558607315113536629e+01,1.956523758075777053e+01,-4.779312899661248615e+00,9.782658282027230090e-01
3.551304879580501961e+01,4.774638435331240993e-03,2.232726691772264974e-02,9.979975088428888474e-01,4.472575427094326733e-02,9.642003998000525655e-08,-1.610142777398390954e-08,-9.529491132717089386e+01,2.033642360315010933e+01,-4.764754205275547605e+00,1.016825043500978021e+00
3.655031185352166290e+01,5.102000459987932057e-03,2.290509557851758138e-02,9.981093359651704855e-01,4.346134576367081254e-02,9.075147627823909602e-08,-1.606809479654663919e-08,-9.498687210529621439e+01,2.111687877257996959e+01,-4.749351675214771085e+00,1.055847713532793053e+00
3.761787123012351941e+01,5.446726642743568263e-03,2.349326390846381146e-02,9.982149290661624930e-01,4.223241846958247780e-02,8.539835640725135235e-08,-1.599337958162888926e-08,-9.466122977195870192e+01,2.190662522624268860e+01,-4.733069021969603440e+00,1.095334945601758925e+00
3.871661181872536872e+01,5.809615386400349829e-03,2.409156331271974927e-02,9.983146344654403315e-01,4.103799856009712754e-02,8.034349721630640317e-08,-1.588178250716553943e-08,-9.431723262235934158e+01,2.270564720798811109e+01,-4.715868658567499594e+00,1.135285952302973911e+00
3.984744435834848275e+01,6.191487939912636296e-03,2.469974262470238033e-02,9.984087793752336459e-01,3.987713712194859705e-02,7.557063941981967403e-08,-1.573740542808003962e-08,-9.395410375585632323e+01,2.351388821629585024e+01,-4.697711738337783771e+00,1.175697908925499080e+00
4.101130618882631040e+01,6.593187357917986401e-03,2.531750488894788861e-02,9.984976729403178819e-01,3.874890967293240229e-02,7.106440044063466743e-08,-1.556398527245705932e-08,-9.357104208293310421e+01,2.433124803815393022e+01,-4.678558205255174407e+00,1.216565805149691926e+00
4.220916202775953252e+01,7.015577203387603905e-03,2.594450403317987916e-02,9.985816072228710372e-01,3.765241567326729766e-02,6.681022930721258746e-08,-1.536492498879251154e-08,-9.316722356634421942e+01,2.515757967772850989e+01,-4.658366855992434274e+00,1.257882291483831017e+00
4.344200477016420336e+01,7.459539968814643367e-03,2.658034144197704909e-02,9.986608581350385760e-01,3.658677803415449903e-02,6.279436357697898430e-08,-1.514332191913068948e-08,-9.274180271986196544e+01,2.599268619132595859e+01,-4.637095414853259712e+00,1.299637521015083896e+00
4.471085631147609263e+01,7.925975190684971319e-03,2.722456244747974846e-02,9.987356863218317393e-01,3.555114262495794736e-02,5.900378835521635779e-08,-1.490199396866898063e-08,-9.229391438866709052e+01,2.683631744305113997e+01,-4.614700622787552220e+00,1.341818987195074975e+00
4.601676839459325663e+01,8.415797231555570759e-03,2.787665275593400119e-02,9.988063379968610267e-01,3.454467778028136316e-02,5.542619724296927282e-08,-1.464350354364075957e-08,-9.182267583579941572e+01,2.768816679876292142e+01,-4.591138341709908310e+00,1.384411358540079906e+00
4.736082348165896150e+01,8.929932703958557913e-03,2.853603483254157913e-02,9.988730457333132584e-01,3.356657380808469870e-02,5.204995504742849328e-08,-1.437017969267533057e-08,-9.132718915916731817e+01,2.854786777941653142e+01,-4.566363675346188700e+00,1.427396311300378029e+00
4.874413565130762294e+01,9.469317510617655462e-03,2.920206427105371053e-02,9.989360292124488394e-01,3.261604249985816661e-02,4.886406243520546866e-08,-1.408413826623628072e-08,-9.080654406333162854e+01,2.941499069865535887e+01,-4.540331107819027601e+00,1.470752361341878922e+00
5.016785152211741661e+01,1.003489347617735061e-02,2.987402617879834910e-02,9.989954959318131378e-01,3.169231664375953689e-02,4.585812221624684830e-08,-1.378730057617453931e-08,-9.025982100958029264e+01,3.028903931355236878e+01,-4.512994661148017173e+00,1.514454696685062052e+00
5.163315120303506944e+01,1.062760454687550031e-02,3.055113161233550048e-02,9.990516418752405370e-01,3.079464954152011033e-02,4.302230714736676731e-08,-1.348141049706610972e-08,-8.968609476661407598e+01,3.116944752167794164e+01,-4.484308072780598842e+00,1.558475012360085010e+00
5.314124927156058931e+01,1.124839253641281983e-02,3.123251410364966119e-02,9.991046521466357966e-01,2.992231452982585874e-02,4.034732969254716699e-08,-1.316805011753775955e-08,-8.908443838240560808e+01,3.205557614214367845e+01,-4.454224994181812392e+00,1.602781349460524973e+00
5.469339578050274753e+01,1.189819239876517033e-02,3.191722632165829715e-02,9.991547015694217659e-01,2.907460450680060884e-02,3.782441275468340081e-08,-1.284865414627814009e-08,-8.845392759539859640e+01,3.294670982288946703e+01,-4.422699211391138086e+00,1.647337940509159049e+00
5.629087729413984675e+01,1.257792701192145084e-02,3.260423691876687680e-02,9.992019552534560090e-01,2.825083146413414834e-02,3.544526233634214711e-08,-1.252452313800326956e-08,-8.779364570011101421e+01,3.384205412117365341e+01,-4.389684888299741239e+00,1.692105063483757998e+00
5.793501795464459292e+01,1.328850146058460982e-02,3.329242761714375221e-02,9.992465691311226417e-01,2.745032602533326038e-02,3.320204116502579290e-08,-1.219683557320342003e-08,-8.710268887832225460e+01,3.474073280890662829e+01,-4.355136833206982416e+00,1.737038907084931028e+00
5.962718057965700780e+01,1.403079681081222975e-02,3.398059059421681960e-02,9.992886904642314105e-01,2.667243699050109162e-02,3.108734396295442792e-08,-1.186665903193072027e-08,-8.638017200230270021e+01,3.564178545903759243e+01,-4.319010788979234405e+00,1.782091450056517923e+00
6.136876779191526765e+01,1.480566337545011039e-02,3.466742623147713032e-02,9.993284583232678875e-01,2.591653088800139129e-02,2.909417375074329850e-08,-1.153496026582053079e-08,-8.562523491092754568e+01,3.654416537353343841e+01,-4.281263746852986607e+00,1.827210357585471900e+00
6.316122318188065776e+01,1.561391347607282015e-02,3.535154129486600683e-02,9.993660040404646061e-01,2.518199153330131015e-02,2.721591937232537006e-08,-1.120261461178516051e-08,-8.483704915296506499e+01,3.744673791744664726e+01,-4.241854283596829589e+00,1.872338898006087993e+00
6.500603250432047275e+01,1.645631371500784132e-02,3.603144761865884060e-02,9.994014516380913538e-01,2.446821959524341991e-02,2.544633415785257924e-08,-1.087041443794886983e-08,-8.401482518432715096e+01,3.834827932698703279e+01,-4.200742921371632299e+00,1.917415883204327987e+00
6.690472490984055298e+01,1.733357677988722062e-02,3.670556136764924204e-02,9.994349182332862291e-01,2.377463216995396103e-02,2.377951571069792156e-08,-1.053907696790117924e-08,-8.315781999760841359e+01,3.924747606222302920e+01,-4.157892509205272091e+00,1.962375636253532951e+00
6.885887421238845718e+01,1.824635281301106859e-02,3.737220295438919287e-02,9.994665144206873464e-01,2.310066236255131980e-02,2.220988667978041065e-08,-1.020925133961205958e-08,-8.226534515285713667e+01,4.014292477684558946e+01,-4.113268624529071715e+00,2.007147989903161900e+00
7.087010019377773062e+01,1.919522038855668924e-02,3.802959768903960841e-02,9.994963446340578983e-01,2.244575887678651113e-02,2.073217648251856839e-08,-9.881525149567707555e-09,-8.133677516827394527e+01,4.103313297813519966e+01,-4.066839992710725049e+00,2.051658319577628120e+00
7.294006994631462248e+01,2.018067715222249953e-02,3.867587723881341782e-02,9.995245074880360070e-01,2.180938561271155915e-02,1.934140397147343979e-08,-9.556430231459807356e-09,-8.037155621852052434e+01,4.191652044966829038e+01,-4.018578921967806750e+00,2.095827614511982961e+00
7.507049925464022522e+01,2.120313019010942879e-02,3.930908197183440728e-02,9.995510961010830586e-01,2.119102127244754108e-02,1.803286096835332917e-08,-9.234448063643804772e-09,-7.936921507668408537e+01,4.279142150717966331e+01,-3.968461750464197024e+00,2.139572590545364861e+00
7.726315401793335980e+01,2.226288620632030021e-02,3.992716425627897830e-02,9.995761984006460432e-01,2.059015897409222084e-02,1.680209676946375907e-08,-8.916014596982782536e-09,-7.832936822386925257e+01,4.365608815416113231e+01,-3.916469301787972146e+00,2.182805847901161833e+00
7.951985171365303984e+01,2.336014160165298878e-02,4.052799277972080061e-02,9.995998974115023472e-01,2.000630587378776984e-02,1.564490325484113928e-08,-8.601524580922545460e-09,-7.725173103810894304e+01,4.450869419803826332e+01,-3.862587344395342015e+00,2.225436076996019086e+00
8.184246290403389423e+01,2.449497255858322856e-02,4.110935794549897687e-02,9.996222715281938287e-01,1.943898279594669098e-02,1.455730079535921983e-08,-8.291335497952884159e-09,-7.613612696208393515e+01,4.534734037997395717e+01,-3.806807049995112990e+00,2.267368314930105822e+00
8.423291278658318504e+01,2.566732525013103866e-02,4.166897839255088998e-02,9.996433947724243652e-01,1.888772387161563940e-02,1.353552522148638080e-08,-7.985771097130875407e-09,-7.498249653734600884e+01,4.617006056137702785e+01,-3.749125445258453038e+00,2.308504254812615120e+00
8.669318278986466453e+01,2.687700630179172892e-02,4.220450867242050985e-02,9.996633370362304483e-01,1.835207618493983964e-02,1.257601486837068070e-08,-7.685124486659158927e-09,-7.379090618172030247e+01,4.697482899797874722e+01,-3.689545850687689033e+00,2.348742609465550135e+00
8.922531221589201778e+01,2.812367364606097042e-02,4.271354810206424296e-02,9.996821643117121958e-01,1.783159942767575945e-02,1.167539902952042017e-08,-7.389660910744542394e-09,-7.256155657673380688e+01,4.775956871787231250e+01,-3.628078299986551070e+00,2.387979530325659017e+00
9.183139993049316274e+01,2.940682791773498866e-02,4.319365079369529709e-02,9.996999389080492016e-01,1.732586556168747016e-02,1.083048641048466935e-08,-7.099620217350562090e-09,-7.129479052370643899e+01,4.852216100325394876e+01,-3.564739932863603133e+00,2.426109081531382827e+00
9.451360610304671184e+01,3.072580454465238115e-02,4.364233684339324792e-02,9.997167196565052150e-01,1.683445848934994951e-02,1.003825462336794037e-08,-6.815218942576167782e-09,-6.999110012100719302e+01,4.926045595690941070e+01,-3.499555353894058918e+00,2.463023768247031065e+00
9.727415399703245669e+01,3.207976669239027967e-02,4.405710463880575800e-02,9.997325621040744625e-01,1.635697373177313896e-02,9.295840132372834574e-09,-6.536652249154988742e-09,-6.865113311136153129e+01,4.997228411399237302e+01,-3.432556949884259190e+00,2.498615117251549833e+00
1.001153318128802994e+02,3.346769922218933296e-02,4.443544422334060745e-02,9.997475186963985516e-01,1.589301811474858050e-02,8.600528796087747452e-09,-6.264095427533245691e-09,-6.727569824743336824e+01,5.065546903768324682e+01,-3.363785158149962040e+00,2.532774306721271795e+00
1.030394945846446006e+02,3.488840381864694723e-02,4.477485163023949694e-02,9.997616389505360468e-01,1.544220946232044075e-02,7.949746874680307940e-09,-5.997705300074193668e-09,-6.586576952657856054e+01,5.130784081432305044e+01,-3.293288678253326829e+00,2.565392840986396195e+00
1.060490661320773995e+02,3.634049543715434788e-02,4.507284407539771665e-02,9.997749696181499335e-01,1.500417629786415970e-02,7.341052821185911625e-09,-5.737621327865909809e-09,-6.442248915200504200e+01,5.192725034012514840e+01,-3.221124620060312971e+00,2.596363264866388132e+00
1.091465410697163065e+02,3.782240021040095268e-02,4.532697587339003936e-02,9.997875548396372158e-01,1.457855755256453993e-02,6.772129308718621843e-09,-5.483966587695870976e-09,-6.294716908781754228e+01,5.251158426818364688e+01,-3.147358581492413876e+00,2.625579911020185175e+00
1.123344868746549992e+02,3.933235493840134267e-02,4.553485491760089765e-02,9.997994362896998055e-01,1.416500228116667967e-02,6.240775882182524609e-09,-5.236848480143392603e-09,-6.144129108969998754e+01,5.305878046191313757e+01,-3.072064650060348789e+00,2.652939672617991906e+00
1.156155460147083005e+02,4.086840826740686938e-02,4.569415954341603248e-02,9.998106533148286568e-01,1.376316938487887054e-02,5.744902199789070352e-09,-4.996359378528839046e-09,-5.990650511130682787e+01,5.356684378000689861e+01,-2.995325323183310129e+00,2.678342792589026189e+00
1.189924381387368015e+02,4.242842363989855065e-02,4.580265557391362263e-02,9.998212430631492342e-01,1.337272734129930050e-02,5.282521579885735008e-09,-4.762577130086077803e-09,-5.834462600864880244e+01,5.403386199925670041e+01,-2.917231343407980848e+00,2.701693659762364863e+00
1.224679623309466052e+02,4.401008407093066899e-02,4.585821333119884796e-02,9.998312406070493097e-01,1.299335394123652017e-02,4.851745019629483124e-09,-4.535565336120320895e-09,-5.675762849057814918e+01,5.445802166590237192e+01,-2.837881445932635138e+00,2.722901601434307040e+00
1.260449994310315986e+02,4.561089877588425656e-02,4.585882438421984980e-02,9.998406790589858817e-01,1.262473603228909079e-02,4.450775747955049155e-09,-4.315373734026760333e-09,-5.514764029244813059e+01,5.483762365429912222e+01,-2.757382017289968790e+00,2.741881661301686979e+00
1.297265144220837954e+02,4.722821164184237697e-02,4.580261779627523705e-02,9.998495896808549110e-01,1.226656926905505922e-02,4.077904118549025014e-09,-4.102038346693626664e-09,-5.351693358152982682e+01,5.517109820426688316e+01,-2.675846665617906073e+00,2.758555351329308181e+00
1.335155588882483073e+02,4.885921150010511665e-02,4.568787563304649302e-02,9.998580019872708169e-01,1.191855786983309073e-02,3.731502822013066378e-09,-3.895581646379350649e-09,-5.186791463606098773e+01,5.545701920606249757e+01,-2.593395704611998198e+00,2.772851365998588946e+00
1.374152735441616926e+02,5.050094412175554909e-02,4.551304749529477139e-02,9.998659438431034552e-01,1.158041437967976921e-02,3.410022660077504794e-09,-3.696012708018745904e-09,-5.020311187399976660e+01,5.569411750491141788e+01,-2.510155554963148905e+00,2.784706247534237900e+00
1.414288908382708883e+02,5.215032582268461225e-02,4.527676384959668232e-02,9.998734415555803334e-01,1.125185943969126030e-02,3.111988534920672875e-09,-3.503327303277549018e-09,-4.852516234168120235e+01,5.588129300567848645e+01,-2.426258068790482003e+00,2.794064991137934051e+00
1.455597376321881882e+02,5.380415853018082756e-02,4.497784794570418992e-02,9.998805199612644801e-01,1.093262156236824052e-02,2.835995646655042890e-09,-3.317508042582905800e-09,-4.683679680559821179e+01,5.601762537260667330e+01,-2.341839784230434152e+00,2.800881579975456948e+00
1.498112379583058100e+02,5.545914613119073966e-02,4.461532613012811344e-02,9.998872025081869674e-01,1.062243691293534957e-02,2.580706398580546038e-09,-3.138524500077670007e-09,-4.514082362139320281e+01,5.610238313893498940e+01,-2.257041118886423892e+00,2.805119440657847019e+00
1.541869158579544887e+02,5.711191189373786281e-02,4.418843639196298051e-02,9.998935113334016522e-01,1.032104909647508020e-02,2.344847108148861992e-09,-2.966333359825067129e-09,-4.344011158183347732e+01,5.613503106625817196e+01,-2.172005512227670909e+00,2.806751811209685865e+00
1.586903983024583908e+02,5.875901672875114695e-02,4.369663500818340290e-02,9.998994673362224805e-01,1.002820895074718957e-02,2.127205300794798859e-09,-2.800878715915854078e-09,-4.173757196910221268e+01,5.611523562312358138e+01,-2.086878528203782057e+00,2.805762014999308995e+00
1.633254181995089027e+02,6.039697804056733121e-02,4.313960119082836664e-02,9.999050902473762825e-01,9.743674344559749567e-03,1.926627121728862887e-09,-2.642092266540510961e-09,-4.003614005533496112e+01,5.604286848580876779e+01,-2.001806930271619045e+00,2.802143635778080899e+00
1.680958174873470909e+02,6.202228890134509065e-02,4.251723967667381254e-02,9.999103986943000955e-01,9.467209981560198440e-03,1.742014914263289931e-09,-2.489893676763283856e-09,-3.833875630831011705e+01,5.591800800055558796e+01,-1.916937741679799911e+00,2.795900590792530949e+00
1.730055503193223956e+02,6.363143727805374572e-02,4.182968124005193022e-02,9.999154102628000640e-01,9.198587209319319946e-03,1.572325138143870966e-09,-2.344190956746118884e-09,-3.664834756607611155e+01,5.574093858469394291e+01,-1.832417304200022912e+00,2.787047100841014924e+00
1.780586863414644938e+02,6.522092504085279241e-02,4.107728115021237747e-02,9.999201415552678718e-01,8.937583833578510717e-03,1.416566225431737032e-09,-2.204880966878448173e-09,-3.496780844482025685e+01,5.551214808293943292e+01,-1.748390348520423965e+00,2.775607558089086879e+00
1.832594140657868991e+02,6.678728648858096861e-02,4.026061563480128752e-02,9.999246082456532125e-01,8.683983937536721154e-03,1.273796818024309077e-09,-2.071849917702814067e-09,-3.329998323842899310e+01,5.523232313352382050e+01,-1.664999089223458961e+00,2.761616294376524117e+00
1.886120443421177129e+02,6.832710614050815923e-02,3.938047644944166203e-02,9.999288251313654952e-01,8.437577706050358728e-03,1.143123928848410949e-09,-1.944973983844348886e-09,-3.164764855616116890e+01,5.490234263557110950e+01,-1.582382356669403078e+00,2.745117254586631805e+00
1.941210139313353125e+02,6.983703556301497362e-02,3.843786368889769850e-02,9.999328061822804203e-01,8.198161254627300831e-03,1.023701318159097944e-09,-1.824119969168810017e-09,-3.001349692709359118e+01,5.452326944318633650e+01,-1.500674777218399036e+00,2.726163581351202847e+00
1.997908891829711990e+02,7.131380902479189654e-02,3.743397700687006030e-02,9.999365645870113006e-01,7.965536463093614294e-03,9.147278420829074719e-10,-1.709146030053846080e-09,-2.840012157712459029e+01,5.409634044212315018e+01,-1.420006012080379909e+00,2.704817118884370153e+00
2.056263698202274099e+02,7.275425780364236372e-02,3.637020543824197316e-02,9.999401127965947822e-01,7.739510813813799128e-03,8.154460232057125779e-10,-1.599902452382485907e-09,-2.681000255714238989e+01,5.362295519082483253e+01,-1.340500063723176982e+00,2.681147845035146915e+00
2.116322928355473039e+02,7.415532300106114638e-02,3.524811603891037093e-02,9.999434625657370734e-01,7.519897234352924432e-03,7.251404685049145371e-10,-1.496232458406393030e-09,-2.524549437040526101e+01,5.310466332847943960e+01,-1.262274657241182041e+00,2.655233241690626134e+00
2.178136364999672026e+02,7.551406675636235244e-02,3.406944157373612697e-02,9.999466249917572380e-01,7.306513944462855736e-03,6.431365648373876809e-10,-1.397973077468632061e-09,-2.370881521425397054e+01,5.254315096806612928e+01,-1.185440702440597960e+00,2.627157614428714982e+00
2.241755244895736041e+02,7.682768178914001211e-02,3.283606749240285116e-02,9.999496105513543398e-01,7.099184307284511775e-03,5.687988968716695126e-10,-1.304955983007747915e-09,-2.220203791703618990e+01,5.194022630199504675e+01,-1.110101840685236985e+00,2.597011372800507978e+00
2.307232301324852131e+02,7.809349923615255262e-02,3.155001843606920764e-02,9.999524291353165673e-01,6.897736684655986217e-03,5.015299772703762926e-10,-1.217008443077806087e-09,-2.072708261660683959e+01,5.129780465185802285e+01,-1.036354078821112967e+00,2.564890282818164113e+00
2.374621807798808106e+02,7.930899478527160540e-02,3.021344451483231122e-02,9.999550900812945731e-01,6.702004296419594720e-03,4.407687617669076019e-10,-1.133954117670670922e-09,-1.928571119297465941e+01,5.061789319221247041e+01,-9.642855108083234761e-01,2.530894703144392910e+00
2.443979623046959091e+02,8.047179314395624949e-02,2.882860758756313965e-02,9.999576022047398371e-01,6.511825083622969391e-03,3.859893307756045999e-10,-1.055614066644561048e-09,-1.787952343549374135e+01,4.990257557158997059e+01,-8.939761260801488696e-01,2.495128816143144856e+00
2.515363237317168910e+02,8.157967091196385856e-02,2.739786776216530939e-02,9.999599738281128580e-01,6.327041575514391614e-03,3.366994461018180118e-10,-9.818074957635564148e-10,-1.650995489523796067e+01,4.915399664257734713e+01,-8.254977021613223442e-01,2.457699864383871002e+00
2.588831820029104733e+02,8.263055795697771266e-02,2.592367031639674843e-02,9.999622128084600936e-01,6.147500760228796768e-03,2.924392186742785782e-10,-9.123526872141171640e-10,-1.517827634648985935e+01,4.837434749749713347e+01,-7.589137777419951991e-01,2.418717402425702989e+00
2.664446268819397119e+02,8.362253741697725506e-02,2.440853321781858917e-02,9.999643265634448053e-01,5.973053959069163366e-03,2.527796166829077151e-10,-8.470677631544631936e-10,-1.388559475811661059e+01,4.756585098763000730e+01,-6.942797012460742989e-01,2.378292572778700098e+00
2.742269260019289732e+02,8.455384447411379290e-02,2.285503539698331005e-02,9.999663220959253973e-01,5.803556704286949586e-03,2.173212304557025928e-10,-7.857714796758244469e-10,-1.263285565632669005e+01,4.673074788283491898e+01,-6.316427489686077257e-01,2.336537413884935965e+00
2.822365300606658138e+02,8.542286406135327081e-02,2.126580590144224944e-02,9.999682060171567466e-01,5.638868620267717402e-03,1.856927389631835013e-10,-7.282839397737897458e-10,-1.142084674507995068e+01,4.587128380559664720e+01,-5.710423060958467190e-01,2.293564206820917217e+00
2.904800781675419898e+02,8.622812767513540755e-02,1.964351403032231144e-02,9.999699845686916833e-01,5.478853308031356173e-03,1.575496191841274910e-10,-6.744272719504465496e-10,-1.025020263929170028e+01,4.498969704971680272e+01,-5.125101033650307780e-01,2.249484866232128955e+00
2.989644033466695987e+02,8.696830947482551977e-02,1.799086052083079951e-02,9.999716636430620031e-01,5.323378232957198808e-03,1.325728415935145935e-10,-6.240262378012784161e-10,-9.121410558830543636e+00,4.408820736975779653e+01,-4.560705017638865266e-01,2.204410379805223030e+00
3.076965382007301173e+02,8.764222185296967338e-02,1.631056982976766129e-02,9.999732488032972988e-01,5.172314615647322089e-03,1.104673366669750966e-10,-5.769088132559496707e-10,-8.034816827949995854e+00,4.316900580358478834e+01,-4.017408175018297167e-01,2.158450299395048955e+00
3.166837207402538752e+02,8.824881065956428905e-02,1.460538352554958952e-02,9.999747453013541065e-01,5.025537325843210112e-03,9.096087771887084727e-11,-5.329066587967876134e-10,-6.990634024914226252e+00,4.223424556747743708e+01,-3.495316794909071878e-01,2.111712285780163789e+00
3.259334003831609152e+02,8.878715025903814728e-02,1.287805477988887039e-02,9.999761580955124352e-01,4.882924779312237430e-03,7.380254740674274672e-11,-4.918555885930625537e-10,-5.988948629814260904e+00,4.128603404175751734e+01,-2.994474117362853072e-01,2.064301707944117048e+00
3.354532441295348804e+02,8.925643859079188114e-02,1.113134392353721039e-02,9.999774918668007384e-01,4.744358837623947368e-03,5.876178710284563067e-11,-4.535959411897105831e-10,-5.029729024509401292e+00,4.032642584506481853e+01,-2.514864333330277812e-01,2.016321296789135076e+00
3.452511429167511778e+02,8.965599239333423010e-02,9.368015007732932720e-03,9.999787510345004016e-01,4.609724710736867737e-03,4.562674543739930755e-11,-4.179728919743996851e-10,-4.112833706835456127e+00,3.935741697757757152e+01,-2.056416691762394111e-01,1.967870852296996098e+00
3.553352181602232918e+02,8.998524273870121826e-02,7.590833292425762380e-03,9.999799397707818116e-01,4.478910862318788433e-03,3.420347338689567287e-11,-3.848367314922274129e-10,-3.238019591256025898e+00,3.838093999779403731e+01,-1.619009649933917105e-01,1.919047002367993082e+00
3.657138284851927779e+02,9.024373100832963623e-02,5.802563564176899807e-03,9.999810620145244133e-01,4.351808917725880077e-03,2.431445322859104863e-11,-3.540430630957768814e-10,-2.404950279567156013e+00,3.739886018406262025e+01,-1.202475008793417038e-01,1.869943010897276103e+00
3.763955766551392799e+02,9.043110542425564224e-02,4.005969170957759951e-03,9.999821214843606088e-01,4.228313574567335587e-03,1.579765485093531975e-11,-3.254529788027094028e-10,-1.613204197692428066e+00,3.641297262089322828e+01,-8.066019813589755949e-02,1.820648632090283048e+00
3.873893167025566981e+02,9.054711823076506960e-02,2.203811647970151024e-03,9.999831216909921272e-01,4.108322515784648687e-03,8.505335324926477369e-12,-2.989331555729168866e-10,-8.622825076544707867e-01,3.542500014116298246e+01,-4.311411487023031341e-02,1.771250007572868101e+00
3.987041612680034177e+02,9.059162360175497530e-02,3.988507981166904853e-04,9.999840659488141714e-01,3.991736325175625211e-03,2.303150725690982932e-12,-2.743559249143017780e-10,-1.516167171464088137e-01,3.443659204855894984e+01,-7.580826473302901790e-03,1.721829602513291979e+00
4.103494891535115130e+02,9.056457632836001359e-02,-1.406154917126386942e-03,9.999849573868944130e-01,3.878458405296142126e-03,-2.930981846116508956e-12,-2.515993043246401124e-10,5.194240775353967665e-01,3.344932353985394258e+01,2.597121223361437137e-02,1.672466176735857069e+00
4.223349530966161183e+02,9.046603132011318826e-02,-3.208447825941798150e-03,9.999857989593333718e-01,3.768394897673472011e-03,-7.307751626051128824e-12,-2.305469769085798964e-10,1.151526366341778074e+00,3.246469574373779210e+01,5.757632574156813787e-02,1.623234786662338891e+00
4.346704877714469148e+02,9.029614393129485606e-02,-5.005270485669698066e-03,9.999865934550479230e-01,3.661454605267130003e-03,-1.092725909757064073e-11,-2.110882534305663897e-10,1.745425856600159031e+00,3.148413629176022965e+01,8.727129941047870321e-02,1.574206813858983978e+00
4.473663180235163281e+02,9.005517110239309730e-02,-6.793865265782271685e-03,9.999873435070053551e-01,3.557548917114947140e-03,-1.387997355939419076e-11,-1.931179931680820916e-10,2.301901586875153782e+00,3.050900033730480843e+01,1.150950851622403043e-01,1.525450015985075014e+00
4.604329673450276914e+02,8.974347328498856469e-02,-8.571474223993949190e-03,9.999880516009433951e-01,3.456591735103542017e-03,-1.624750334272561890e-11,-1.765365072008139895e-10,2.821770538698296082e+00,2.954057194023543076e+01,1.410885320672634058e-01,1.477028596025129925e+00
4.738812665977313827e+02,8.936151709709987123e-02,-1.033533942001312045e-02,9.999887200836018453e-01,3.358499402803998956e-03,-1.810326888396219015e-11,-1.612494332937224922e-10,3.305882750811706128e+00,2.858006573776280845e+01,1.652941420567033137e-01,1.429003285832112002e+00
4.877223629905553821e+02,8.890987863533178492e-02,-1.208270380368169084e-02,9.999893511704930349e-01,3.263190636315443927e-03,-1.951323824744833114e-11,-1.471676010222910946e-10,3.755116930964458088e+00,2.762862882601040937e+01,1.877558505123124999e-01,1.381431440205608041e+00
5.019677293194562253e+02,8.838924735030807833e-02,-1.381081280388279930e-02,9.999899469532389507e-01,3.170586457059921138e-03,-2.053655162592704965e-11,-1.342068769484560961e-10,4.170376551625536443e+00,2.668734278156415840e+01,2.085188310521134958e-01,1.334367137969217909e+00
5.166291734771451729e+02,8.780043037313235710e-02,-1.551691673163843946e-02,9.999905094064972522e-01,3.080610126475091803e-03,-2.122610420762783047e-11,-1.222879833420036959e-10,4.552586408262283335e+00,2.575722575783168011e+01,2.276293234443367008e-01,1.287861286788420934e+00
5.317188482405754257e+02,8.714435716331049575e-02,-1.719827409530191864e-02,9.999910403945011517e-01,2.993187082550419209e-03,-2.162917761561189099e-11,-1.113363468259464954e-10,4.902689612094746074e+00,2.483923459718574023e+01,2.451344832451498867e-01,1.241961728777652985e+00
5.472492613443002938e+02,8.642208433303565085e-02,-1.885215590774545064e-02,9.999915416772322541e-01,2.908244878156441161e-03,-2.178789093587596103e-11,-1.012818971486001030e-10,5.221644983483606950e+00,2.393426690650938937e+01,2.610822514680561923e-01,1.196713344277487989e+00
5.632332858480544928e+02,8.563480048933906630e-02,-2.047585104506489950e-02,9.999920149162514482e-01,2.825713121116040904e-03,-2.173965868434991158e-11,-9.205886855774558786e-11,5.510424807346240961e+00,2.304316305078686966e+01,2.755212423546998801e-01,1.152158151534113051e+00
5.796841708071503945e+02,8.478383092474023330e-02,-2.206667269374857146e-02,9.999924616801967314e-01,2.745523415969535874e-03,-2.151771122393952851e-11,-8.360563630294137738e-11,5.770012908223898229e+00,2.216670802669476004e+01,2.885006471282187124e-01,1.108335400378811064e+00
5.966155522545351459e+02,8.387064197908031260e-02,-2.362196589872874938e-02,9.999928834499834940e-01,2.667609307385799145e-03,-2.115135844249493857e-11,-7.586451692548346060e-11,6.001402999842032848e+00,2.130563318564373176e+01,3.000701514712558193e-01,1.065281658379995999e+00
6.140414645036108823e+02,8.289684489057966288e-02,-2.513911619857752897e-02,9.999932816237070421e-01,2.591906225172995858e-03,-2.066656568100455939e-11,-6.878155033376853744e-11,6.205597262213076171e+00,2.046061778330562930e+01,3.102798643810850132e-01,1.023030888319506948e+00
6.319763517811869633e+02,8.186419895319375917e-02,-2.661555930673569978e-02,9.999936575212722278e-01,2.518351430844556049e-03,-2.008607863368538915e-11,-6.230635018339425457e-11,6.383605098521684340e+00,1.963229034023430941e+01,3.191802560138666811e-01,9.816145162236028510e-01
6.504350802002068122e+02,8.077461380037243011e-02,-2.804879176957278050e-02,9.999940123887670618e-01,2.446883965696089024e-03,-1.942990213166239887e-11,-5.639189115669295724e-11,6.536442024196622569e+00,1.882122980565242898e+01,3.268221021382253233e-01,9.410614895522606549e-01
6.694329500821735337e+02,7.963015064260937914e-02,-2.943638250385259905e-02,9.999943474025888568e-01,2.377444600352163206e-03,-1.871545973752830928e-11,-5.099433375566064797e-11,6.665128641694055389e+00,1.802796652372236963e+01,3.332564328744018756e-01,9.013983255126798433e-01
6.889857086394881662e+02,7.843302229787681157e-02,-3.077598508849081066e-02,9.999946636733409999e-01,2.309975785738215947e-03,-1.795794069003875070e-11,-4.607287034524842895e-11,6.770689656569088832e+00,1.725298300853954103e+01,3.385344834978173956e-01,8.626491498089146059e-01
7.091095630282131879e+02,7.718559187022555612e-02,-3.206535065906052778e-02,9.999949622495124535e-01,2.244421605442691991e-03,-1.717048725424774925e-11,-4.158949226673591681e-11,6.854152893355712983e+00,1.649671454056744935e+01,3.427076452330541922e-01,8.248357264635947095e-01
7.298211937820797175e+02,7.589036995242462447e-02,-3.330234122910782912e-02,9.999952441209501997e-01,2.180727729425401950e-03,-1.636445146058207133e-11,-3.750891611198348130e-11,6.916548273557108217e+00,1.575954960316036058e+01,3.458274141533581036e-01,7.879774796440345286e-01
7.511377686388752863e+02,7.455001025330038056e-02,-3.448494324077049783e-02,9.999955102221380621e-01,2.118841369036617017e-03,-1.554950612714378945e-11,-3.379833695901778754e-11,6.958906722596757355e+00,1.504183018307974962e+01,3.479453365281787169e-01,7.520915086880317624e-01
7.730769567706712451e+02,7.316730357903013238e-02,-3.561128112922948286e-02,9.999957614352938950e-01,2.058711233309972865e-03,-1.473392935436023908e-11,-3.042732515598500775e-11,6.982258977804704614e+00,1.434385196339476032e+01,3.491129492224684938e-01,7.171925977488645687e-01
7.956569434296861800e+02,7.174517012952072448e-02,-3.667963067189883991e-02,9.999959985932909134e-01,2.000287486493113054e-03,-1.392465309724144941e-11,-2.736767670125095041e-11,6.987634275302728071e+00,1.366586444076648021e+01,3.493817140409292143e-01,6.832932216594970187e-01
8.188964450219247055e+02,7.028665010546317204e-02,-3.768843188462921157e-02,9.999962224824174850e-01,1.943521706779193902e-03,-1.312755459892401045e-11,-2.459324801099005097e-11,6.976058899876305119e+00,1.300807100176712972e+01,3.488029452215937742e-01,6.504035497485126660e-01
8.428147246210862704e+02,6.879489265786277452e-02,-3.863630122409132672e-02,9.999964338449816026e-01,1.888366846209744033e-03,-1.234742169620161983e-11,-2.207988175975672863e-11,6.948554588432195089e+00,1.237062899450888942e+01,3.474277296086972222e-01,6.185314494215492509e-01
8.674316079356032105e+02,6.727314324884917096e-02,-3.952204285830700214e-02,9.999966333817713604e-01,1.834777191710601062e-03,-1.158818180302390033e-11,-1.980519741262564924e-11,6.906136784275767049e+00,1.175364983241511929e+01,3.453068393665272851e-01,5.876824913498461811e-01
8.927674997420434693e+02,6.572472952932312262e-02,-4.034465877619834717e-02,9.999968217543759863e-01,1.782708327233762042e-03,-1.085294354385978947e-11,-1.774852617306144076e-11,6.849812746028066002e+00,1.115719916644041021e+01,3.424906374252690844e-01,5.578599580812365621e-01
9.188434007984986920e+02,6.415304587440125161e-02,-4.110335752203474191e-02,9.999969995873789763e-01,1.732117096969632009e-03,-1.014419104272690058e-11,-1.589083682349002092e-11,6.780579521361742579e+00,1.058129716045315938e+01,3.390289761677903746e-01,5.290648578092675969e-01
9.456809252519777829e+02,6.256153675057182784e-02,-4.179756136154146040e-02,9.999971674704255520e-01,1.682961569603901985e-03,-9.463721473146335939e-12,-1.421451324701284042e-11,6.699421801689772416e+00,1.002591890188354995e+01,3.349710901640666205e-01,5.012959449055938155e-01
9.733023185542347164e+02,6.095367911790788157e-02,-4.242691171276202766e-02,9.999973259601790954e-01,1.635201003584330071e-03,-8.812867102747645731e-12,-1.270338305034423970e-11,6.607309679323553731e+00,9.490994976190377130e+00,3.303654840290783934e-01,4.745497486433116752e-01
1.001730475900880947e+03,5.933296409562369839e-02,-4.299127270587488336e-02,9.999974755821642303e-01,1.588795813374566102e-03,-8.192467537693204349e-12,-1.134252674422908992e-11,6.505196333273738141e+00,8.976412229326427905e+00,3.252598167128429862e-01,4.488206113202229952e-01
1.030988961209065110e+03,5.770287813886264966e-02,-4.349073277121676129e-02,9.999976168325082071e-01,1.543707536662275014e-03,-7.602994622768477484e-12,-1.011824565105845993e-11,6.394015673667123423e+00,8.482014737322872477e+00,3.197007837212522130e-01,4.241007367380522086e-01
1.061102026649454956e+03,5.606688398820330876e-02,-4.392560419274971206e-02,9.999977501795860313e-01,1.499898802497678929e-03,-7.044573258063734658e-12,-9.017949581524575819e-12,6.274679977592519720e+00,8.007604996533709496e+00,3.137339989083572922e-01,4.003802497146630168e-01
1.092094632748701997e+03,5.442840166050365303e-02,-4.429642060399671677e-02,9.999978760655707788e-01,1.457333300334650921e-03,-6.517036910125285329e-12,-8.030092216171347275e-12,6.148077550997029128e+00,7.552945342161960340e+00,3.074038775711778193e-01,3.776472670103683260e-01
1.123992469079066950e+03,5.279078975014950964e-02,-4.460393244386706008e-02,9.999979949079014219e-01,1.415975749949504930e-03,-6.019955367531082402e-12,-7.144063118857957306e-12,6.015070451997345913e+00,7.117759596623050911e+00,3.007535226152586727e-01,3.558879797460954841e-01
1.156821975552337108e+03,5.115732730353937663e-02,-4.484910042956422038e-02,9.999981071006641686e-01,1.375791872212761991e-03,-5.552801274344432159e-12,-6.350204216631905041e-12,5.876492310650943907e+00,6.701734943280436063e+00,2.938246155432259754e-01,3.350867470901661149e-01
1.190610364335700979e+03,4.953119651698952713e-02,-4.503308714173157035e-02,9.999982130158997506e-01,1.336748360688700061e-03,-5.114741963296864924e-12,-5.639627653764023307e-12,5.733146278890144387e+00,6.304524015303694995e+00,2.866573139514840274e-01,3.152262007012003875e-01
1.225385642407738942e+03,4.791546648966103772e-02,-4.515724685202693323e-02,9.999983130048355484e-01,1.298812854041375914e-03,-4.704903133756488387e-12,-5.004245282047570242e-12,5.585803142032973234e+00,5.925747184024666048e+00,2.792901571057538890e-01,2.962873591459235789e-01
1.261176634773228898e+03,4.631307823928691031e-02,-4.522311375444879739e-02,9.999984073990508815e-01,1.261953909220902897e-03,-4.322271707213332093e-12,-4.436673251007051375e-12,5.435199620155414024e+00,5.564995026357970609e+00,2.717599810096826829e-01,2.782497512701905817e-01
1.298013008356005912e+03,4.472683116027118683e-02,-4.523238878814612313e-02,9.999984965115745750e-01,1.226140975413070105e-03,-3.965765216218387321e-12,-3.930183435640888234e-12,5.282036883772235569e+00,5.221830946737290979e+00,2.641018441888803858e-01,2.610915472957999195e-01
1.335925296589686923e+03,4.315937107212790974e-02,-4.518692526051484859e-02,9.999985806379232400e-01,1.191344368724144964e-03,-3.634231804383603048e-12,-3.478643588461504828e-12,5.126979303880315975e+00,4.895793925696261262e+00,2.563489651930834223e-01,2.447896962495390016e-01
1.374944924726635918e+03,4.161317997229400933e-02,-4.508871349471418877e-02,9.999986600570816009e-01,1.157535247586106032e-03,-3.326512676427029191e-12,-3.076484379749278020e-12,4.970653451633091358e+00,4.586401364758141419e+00,2.485326725798736869e-01,2.293200682076673991e-01
1.415104235886155948e+03,4.009056757218269762e-02,-4.493986473514170049e-02,9.999987350324253121e-01,1.124685588858254093e-03,-3.041400464809385085e-12,-2.718674244062135870e-12,4.813647357906554625e+00,4.293151995722255698e+00,2.406823678929765897e-01,2.146575997602392094e-01
1.456436517863490053e+03,3.859366466002364660e-02,-4.474259454792817864e-02,9.999988058125959256e-01,1.092768164606517040e-03,-2.777646168627967023e-12,-2.400604021124408001e-12,4.656510037952409142e+00,4.015528821745022015e+00,2.328255018949164923e-01,2.007764410651551035e-01
1.498976030721865982e+03,3.712441829958554318e-02,-4.449920595138744800e-02,9.999988726323236765e-01,1.061756519541712023e-03,-2.534097931494728022e-12,-2.118132058637200998e-12,4.499751281370028444e+00,3.753002057775709055e+00,2.249875640656109899e-01,1.876501028699502083e-01
1.542758035190437113e+03,3.568458884121686325e-02,-4.421207250399936811e-02,9.999989357132061940e-01,1.031624949097031951e-03,-2.309548385870385800e-12,-1.867495741381119956e-12,4.343841702907648816e+00,3.505032038860552923e+00,2.171920851424317123e-01,1.752516019270005110e-01
1.587818821891677999e+03,3.427574869156761739e-02,-4.388362156548734905e-02,9.999989952644439128e-01,1.002348478127746073e-03,-2.102804042003469931e-12,-1.645345318324054062e-12,4.189213045248320277e+00,3.271072066489603802e+00,2.094606522594983089e-01,1.635536033108661025e-01
1.634195741422450055e+03,3.289928276151170977e-02,-4.351631793054522301e-02,9.999990514835312982e-01,9.739028402151461705e-04,-1.912754676869354853e-12,-1.448575634444005036e-12,4.036258721046483977e+00,3.050571165427289788e+00,2.018129360495060920e-01,1.525285582598197021e-01
1.681927235313663914e+03,3.155639048866135804e-02,-4.311264801553608278e-02,9.999991045569147641e-01,9.462644575574108430e-04,-1.738297006337318913e-12,-1.274473582224544947e-12,3.885334578132933814e+00,2.842976726226920992e+00,1.942667289039740064e-01,1.421488363015719902e-01
1.731052867894228029e+03,3.024808931176307947e-02,-4.267510475681392246e-02,9.999991546606075143e-01,9.194104214305109934e-04,-1.578334685170545981e-12,-1.120535955689839062e-12,3.736759869048356109e+00,2.647737011761645221e+00,1.868379934499201922e-01,1.323868505798203865e-01
1.781613359085657976e+03,2.897521945934999898e-02,-4.220617335601172665e-02,9.999992019607757410e-01,8.933184732029531006e-04,-1.431889329328583926e-12,-9.845683296427765185e-13,3.590818403924532998e+00,2.464303509489957023e+00,1.795409201939210941e-01,1.232151754675249039e-01
1.833650618154565109e+03,2.773844990429372853e-02,-4.170831798346266023e-02,9.999992466142882952e-01,8.679669858908667379e-04,-1.297968676983174015e-12,-8.645410776164652589e-13,3.447759864209516856e+00,2.292133114695891205e+00,1.723879932083698940e-01,1.146066557289183024e-01
1.887207778450971091e+03,2.653828532922729994e-02,-4.118396952659517801e-02,9.999992887692363830e-01,8.433349462342865088e-04,-1.175629038563386075e-12,-7.586743733245526755e-13,3.307801253810779052e+00,2.130690133494756111e+00,1.653900626886325997e-01,1.065345066697929027e-01
1.942329233161271986e+03,2.537507394495017166e-02,-4.063551444630920245e-02,9.999993285654261710e-01,8.194019372831373715e-04,-1.064023869012942012e-12,-6.653861489569479204e-13,3.171128463872892933e+00,1.979448097877235080e+00,1.585564231919329992e-01,9.897240488970644734e-02
1.999060672105463027e+03,2.424901600454571968e-02,-4.006528478155153145e-02,9.999993661348403062e-01,7.961481214759369429e-04,-9.623135621694700603e-13,-5.832435229224941509e-13,3.037897927564582989e+00,1.837891388394246039e+00,1.518948963767036975e-01,9.189456941622518860e-02
2.057449119609134868e+03,2.316017285963908878e-02,-3.947554932102281811e-02,9.999994016020776755e-01,7.735542242003345947e-04,-8.697348397035398193e-13,-5.109523915081126688e-13,2.908238341864390897e+00,1.705516663193197946e+00,1.454119170918692083e-01,8.527583315673736841e-02
2.117542973481638001e+03,2.210847641155510093e-02,-3.886850594151625843e-02,9.999994350847645208e-01,7.516015178187784862e-04,-7.855383010735295102e-13,-4.473851844544184992e-13,2.782252434338735814e+00,1.581834094949533087e+00,1.391126217157490075e-01,7.909170474503041115e-02
2.179392045132715793e+03,2.109373881863590983e-02,-3.824627509506550033e-02,9.999994666939462373e-01,7.302718061469870570e-04,-7.090161791012405956e-13,-3.915409663157731757e-13,2.660018754231122884e+00,1.466368419757289043e+00,1.330009377105179080e-01,7.331842098581939360e-02
2.243047600860861166e+03,2.011566233117920849e-02,-3.761089441202228323e-02,9.999994965344544129e-01,7.095474093740672394e-04,-6.395856066987448685e-13,-3.424587002864853957e-13,2.541593468756727869e+00,1.358659804224700007e+00,1.270796734369339931e-01,6.793299020952743572e-02
2.308562404347621850e+03,1.917384913690554915e-02,-3.696431437446637963e-02,9.999995247052546610e-01,6.894111494095689352e-04,-5.765804500512672348e-13,-2.994028636127409932e-13,2.427012147254815844e+00,1.258264538854765080e+00,1.213506073619614045e-01,6.291322694131414039e-02
2.375990760393081018e+03,1.826781111213181957e-02,-3.630839500396487035e-02,9.999995512997754687e-01,6.698463356469286367e-04,-5.194733532221107453e-13,-2.616656891163415821e-13,2.316291517728390037e+00,1.164755567276603898e+00,1.158145758857502955e-01,5.823777836264384250e-02
2.445388559928754148e+03,1.739697938652988093e-02,-3.564490349957567111e-02,9.999995764062179493e-01,6.508367511288137841e-04,-4.678063492136175228e-13,-2.285671651947041028e-13,2.209431182238231983e+00,1.077722862041875951e+00,1.104715591113405032e-01,5.388614310110653727e-02
2.516813326345221867e+03,1.656071364213958924e-02,-3.497551275601015752e-02,9.999996001078468311e-01,6.323666391087612304e-04,-4.210382043012828035e-13,-1.995660581233237913e-13,2.106415279565426957e+00,9.967736585295949858e-01,1.053207639777871962e-01,4.983868292565916264e-02
2.590324263172904921e+03,1.575831107989049060e-02,-3.430180068787026110e-02,9.999996224832687908e-01,6.144206899901805130e-04,-3.787664626386800187e-13,-1.741766453289272931e-13,2.007214085468600029e+00,9.215325590367305919e-01,1.003607042730224053e-01,4.607662795115515658e-02
2.665982303155485170e+03,1.498901499901992944e-02,-3.362525028366494806e-02,9.999996436066912464e-01,5.969840286378369498e-04,-3.406025461671902121e-13,-1.519548376016643942e-13,1.911785542702665985e+00,8.516415193994245625e-01,9.558927713479266342e-02,4.258207596940603856e-02
2.743850158756667952e+03,1.425202294626462009e-02,-3.294725031268529170e-02,9.999996635481700480e-01,5.800422020504347742e-04,-3.061439990403869160e-13,-1.325224652237722012e-13,1.820076714705908927e+00,7.867597305218781978e-01,9.100383573501326373e-02,3.933798652562554149e-02
2.823992374142142125e+03,1.354649440239556052e-02,-3.226909660855820094e-02,9.999996823738406260e-01,5.635811673792567866e-04,-2.750022431996512751e-13,-1.155464612878631922e-13,1.732025158479624904e+00,7.265634070191577809e-01,8.660125792374991083e-02,3.632817035057017696e-02
2.906475378679820096e+03,1.287155798346415955e-02,-3.159199385519068787e-02,9.999997001461378154e-01,5.475872802915282556e-04,-2.469552340400583084e-13,-1.007041672274056054e-13,1.647560213663767037e+00,6.707454948390600968e-01,8.237801068300085183e-02,3.353727474163237937e-02
2.991367542002718892e+03,1.222631814295862054e-02,-3.091705780365210099e-02,9.999997169240029127e-01,5.320472836605194544e-04,-2.216699046542202925e-13,-8.774231341490690284e-14,1.566604206143759948e+00,6.190153092480903396e-01,7.833021030703823939e-02,3.095076546213965107e-02
3.078739230680109813e+03,1.160986136890953917e-02,-3.024531785211892129e-02,9.999997327630794075e-01,5.169482965765581639e-04,-1.989242104372123979e-13,-7.640416077592249167e-14,1.489073565703175950e+00,5.710981139775459514e-01,7.445367828504126373e-02,2.855490569865871964e-02
3.168662866543912969e+03,1.102126187682513081e-02,-2.957771992514536888e-02,9.999997477158968362e-01,5.022778036735120466e-04,-1.784405956328783102e-13,-6.654399253847032014e-14,1.414879858264449952e+00,5.267346516551122404e-01,7.074399291313242244e-02,2.633673258257537841e-02
3.261212986718691809e+03,1.045958680520465978e-02,-2.891512959305635871e-02,9.999997618320457526e-01,4.880236447530327828e-04,-1.599831378484851080e-13,-5.791200852200972804e-14,1.343930734138740979e+00,4.856806349202448247e-01,6.719653670687028568e-02,2.428403174586383009e-02
3.356466305404995182e+03,9.923900925312808402e-03,-2.825833537703850012e-02,9.999997751583414862e-01,4.741740047068954134e-04,-1.434408147815701998e-13,-5.043188089359774216e-14,1.276130794442666971e+00,4.477062068600191069e-01,6.380653972208616409e-02,2.238531034287878987e-02
3.454501777467267857e+03,9.413270880952903999e-03,-2.760805219040607036e-02,9.999997877389796841e-01,4.607174037234985074e-04,-1.285221928881697093e-13,-4.383993168488586889e-14,1.211382378442644958e+00,4.125953786251365107e-01,6.056911892210151832e-02,2.062976893115647109e-02
3.555400663879030162e+03,8.926768977218977469e-03,-2.696492487143013067e-02,9.999997996156837488e-01,4.476426877740303221e-04,-1.151717610170522019e-13,-3.816391647148976239e-14,1.149586275066809993e+00,3.801454513096902965e-01,5.747931375332344939e-02,1.900727256540209881e-02
3.659246599079574025e+03,8.463476539706086405e-03,-2.632953176795283998e-02,9.999998108278416176e-01,4.349390193657542980e-04,-1.031397189876770047e-13,-3.316791286067655165e-14,1.090642362191065917e+00,3.501664284164469065e-01,5.453211810954756295e-02,1.750832142075478895e-02
3.766125660298021103e+03,8.022486867492227905e-03,-2.570238833869280953e-02,9.999998214126382123e-01,4.225958685606657204e-04,-9.235667786100520971e-14,-2.883804306463844114e-14,1.034450177571188068e+00,3.224804244926884889e-01,5.172250887856290336e-02,1.612402122457910064e-02
3.876126438902173959e+03,7.602907804447140740e-03,-2.508395074062327867e-02,9.999998314051765647e-01,4.106030042469455132e-04,-8.266304307724681166e-14,-2.506328478091290890e-14,9.809094254686964165e-01,2.969210748183844228e-01,4.904547127344586338e-02,1.484605374087397990e-02
3.989340113831342933e+03,7.203863954150492577e-03,-2.447461937603313126e-02,9.999998408385961657e-01,3.989504856591886126e-04,-7.400677293212254426e-14,-2.178812685826870026e-14,9.299204231158795242e-01,2.733329503649583048e-01,4.649602115581100842e-02,1.366664751821096077e-02
4.105860527173977971e+03,6.824498563984883123e-03,-2.387474237682880168e-02,9.999998497441821010e-01,3.876286541387163886e-04,-6.620745618413081957e-14,-1.892930256985891901e-14,8.813844911958234052e-01,2.515709816234655838e-01,4.406922455981297782e-02,1.257854908114315086e-02
4.225784261952773704e+03,6.463975103876741686e-03,-2.328461900728644868e-02,9.999998581514690787e-01,3.766281251280089739e-04,-5.921652057594428697e-14,-1.643130076445231995e-14,8.352042924870580753e-01,2.314998943283577137e-01,4.176021462437840698e-02,1.157499471639336988e-02
4.349210722181718666e+03,6.121478564753476265e-03,-2.270450296980857166e-02,9.999998660883386847e-01,3.659397803920105829e-04,-5.295763827461996698e-14,-1.426636586643326154e-14,7.912841227490177154e-01,2.129936595784736875e-01,3.956420613747917842e-02,1.064968297890376940e-02
4.476242215261443562e+03,5.796216501126211576e-03,-2.213460560127361934e-02,9.999998735811130857e-01,3.555547604605636112e-04,-4.736488978807074091e-14,-1.239286451237830988e-14,7.495301578127996356e-01,1.959349603806601892e-01,3.747650789067028670e-02,9.796748019016861958e-03
4.606984036781167561e+03,5.487419841346231723e-03,-2.157509895029826111e-02,9.999998806546410712e-01,3.454644572847275787e-04,-4.234113060164190756e-14,-1.076916333886402002e-14,7.098506606996496382e-01,1.802146762127093127e-01,3.549253303501417878e-02,9.010733810622397269e-03
4.741544557797542438e+03,5.194343488066954610e-03,-2.102611872816669003e-02,9.999998873323805437e-01,3.356605071023754938e-04,-3.788636071533346694e-14,-9.353628982466943853e-15,6.721561524242829488e-01,1.657313868196360895e-01,3.360780762124668253e-02,8.286569340971251807e-03
4.880035314662713063e+03,4.916266730312079773e-03,-2.048776712833404873e-02,9.999998936364783431e-01,3.261347835054050916e-04,-3.383404667545165188e-14,-8.104628079763642745e-15,6.363595499577950898e-01,1.523908961186339894e-01,3.181797749792274199e-02,7.619544805923217715e-03
5.022571101476099102e+03,4.652493487340945977e-03,-1.996011551129580133e-02,9.999998995878408570e-01,3.168793907038502944e-04,-3.023276073932378773e-14,-7.029099524658022347e-15,6.023762746309657690e-01,1.401057767909003882e-01,3.011881373158133840e-02,7.005288839538224670e-03
5.169270065236477421e+03,4.402352403244151613e-03,-1.944320695325157944e-02,9.999999052062047422e-01,3.078866569816152143e-04,-2.700617507400692969e-14,-6.106226635438360972e-15,5.701243340578250329e-01,1.287949358801784017e-01,2.850621670292409829e-02,6.439746794003487623e-03
5.320253803773273830e+03,4.165196809921766288e-03,-1.893705865839644120e-02,9.999999105102030938e-01,2.991491283368120078e-04,-2.413347299778934030e-14,-5.308253836489029709e-15,5.395243804553615519e-01,1.183832014954119966e-01,2.697621902280047945e-02,5.919160074766273601e-03
5.475647466538222034e+03,3.940404574815310583e-03,-1.844166423586544867e-02,9.999999155174250642e-01,2.906595623047015229e-04,-2.156608225334366895e-14,-4.600486658290491626e-15,5.104997480314670266e-01,1.088009305254055981e-01,2.552498740160513008e-02,5.440046526266860416e-03
5.635579858340943247e+03,3.727377848499456928e-03,-1.795699584335897978e-02,9.999999202444769253e-01,2.824109219533855173e-04,-1.925543058334255875e-14,-3.993333441698609931e-15,4.829764719123251782e-01,9.998363711381903773e-02,2.414882359564727091e-02,4.999181855688265147e-03
5.800183546114423734e+03,3.525542726005596785e-03,-1.748300620030177055e-02,9.999999247070354702e-01,2.743963700515549844e-04,-1.719457909388210876e-14,-3.465977505001660969e-15,4.568832908845312235e-01,9.187164151031954051e-02,2.284416454425669887e-02,4.593582075513882174e-03
5.969594968798895934e+03,3.334348834557018977e-03,-1.701963047406101007e-02,9.999999289198993058e-01,2.666092634011075200e-04,-1.534883331544278917e-14,-3.004541060391829888e-15,4.321516360380650013e-01,8.440973880542891605e-02,2.160758180193243089e-02,4.220486940269828000e-03
6.143954550435200872e+03,3.153268859253218794e-03,-1.656678804328121091e-02,9.999999328970402557e-01,2.590431473308841257e-04,-1.371819324802459050e-14,-2.607289384393141063e-15,4.087156072149613073e-01,7.754688696986455909e-02,2.043578036077623936e-02,3.877344348491993959e-03
6.323406816561372580e+03,2.981798017155251959e-03,-1.612438414280498861e-02,9.999999366516473254e-01,2.516917503463945147e-04,-1.223673939954040040e-14,-2.260344689197780038e-15,3.865119389961743090e-01,7.123591355146532966e-02,1.932559694983582849e-02,3.561795677572341095e-03
6.508100514008929167e+03,2.819453489198375795e-03,-1.569231139495297009e-02,9.999999401961726653e-01,2.445489789315303240e-04,-1.092875789865387996e-14,-1.960237527853792017e-15,3.654799577962263846e-01,6.543324033174960364e-02,1.827399788983737061e-02,3.271662016586798175e-03
6.698188734198168277e+03,2.665773818395891174e-03,-1.527045123214829971e-02,9.999999435423708727e-01,2.376089124977442957e-04,-9.752615381941609485e-15,-1.699161644719282943e-15,3.455615314822320094e-01,6.009862520762532939e-02,1.727807657413657147e-02,3.004931260380780053e-03
6.893829040034659556e+03,2.520318281899427970e-03,-1.485867521600293083e-02,9.999999467013389598e-01,2.308657984766981919e-04,-8.708311849403571614e-15,-1.472780231104309026e-15,3.267010127908558936e-01,5.519492053974851126e-02,1.633505063956669154e-02,2.759746026987093103e-03
7.095183596512132681e+03,2.382666243646335176e-03,-1.445684625804670963e-02,9.999999496835535462e-01,2.243140475519239945e-04,-7.771561172376095783e-15,-1.276756478318930021e-15,3.088451776837802254e-01,5.068784719571999692e-02,1.544225888421183086e-02,2.534392359785787863e-03
7.302419305129988970e+03,2.252416493553351974e-03,-1.406481974728675081e-02,9.999999524989033883e-01,2.179482290259465987e-04,-6.931955010003321149e-15,-1.105886215935214917e-15,2.919431596590978950e-01,4.654578351208212700e-02,1.459715798297668045e-02,2.327289175603988996e-03
7.515707942236892450e+03,2.129186578505656065e-03,-1.368244458974307055e-02,9.999999551567264611e-01,2.117630663188916067e-04,-6.189493362285247713e-15,-9.593020822151743232e-16,2.759463809225137232e-01,4.273956840246564276e-02,1.379731904614643970e-02,2.136978420123235994e-03
7.735226301415075795e+03,2.012612129739398906e-03,-1.330956416502391063e-02,9.999999576658362699e-01,2.057534325948517928e-04,-5.523359547510153789e-15,-8.317999067308790018e-16,2.608084812179338741e-01,3.924231784894408048e-02,1.304042406091645949e-02,1.962115892447212871e-03
7.961156340023413577e+03,1.902346190621787957e-03,-1.294601720489212994e-02,9.999999600345537143e-01,1.999143465122935059e-04,-4.926614671774132148e-15,-7.212112851373574509e-16,2.464852450216153124e-01,3.602925402852748260e-02,1.232426225109957071e-02,1.801462701426424957e-03
8.193685330020702168e+03,1.798058548292306037e-03,-1.259163859863272027e-02,9.999999622707345104e-01,1.942409680950261106e-04,-4.390585117697298756e-15,-6.249341322206447558e-16,2.329345277170156991e-01,3.307754634575336278e-02,1.164672638586864914e-02,1.653877317287750105e-03
8.433006013194184561e+03,1.699435072139015039e-03,-1.224626012987294933e-02,9.999999643817941708e-01,1.887285947205636076e-04,-3.920475055707584033e-15,-5.416674053737580152e-16,2.201161812884193103e-01,3.036616366462805902e-02,1.100580906443793076e-02,1.518308183231506037e-03
8.679316760921987225e+03,1.606177061641831045e-03,-1.190971114933168061e-02,9.999999663747335399e-01,1.833726572220071010e-04,-3.493733080617289094e-15,-4.692427002517263190e-16,2.079919799997921870e-01,2.787573705796855122e-02,1.039959900000570966e-02,1.393786852898545999e-03
8.932821738601873221e+03,1.518000605717010005e-03,-1.158181918778873956e-02,9.999999682561626635e-01,1.781687161009070936e-04,-3.120767533282275963e-15,-4.067926551165613129e-16,1.965255464606550928e-01,2.558843241882764047e-02,9.826277323048027146e-03,1.279421620941508918e-03
9.193731074882638495e+03,1.434635955340551102e-03,-1.126241051337189061e-02,9.999999700323201068e-01,1.731124578472630917e-04,-2.782496455466798974e-15,-3.523657060577888917e-16,1.856822784225624912e-01,2.348783230658890026e-02,9.284113921142596315e-03,1.174391615329576895e-03
9.462261035838391763e+03,1.355826910910000937e-03,-1.095131063706317014e-02,9.999999717090963802e-01,1.681996913641785058e-04,-2.484124017598788154e-15,-3.055281722064151002e-16,1.754292765975737911e-01,2.155882642901022980e-02,8.771463829892404973e-03,1.077941321450644977e-03
9.738634204230123942e+03,1.281330225520729057e-03,-1.064834477012626020e-02,9.999999732920518136e-01,1.634263444939345895e-04,-2.210037708394451844e-15,-2.645453300864630819e-16,1.657352737433996082e-01,1.978751019056593924e-02,8.286763687182972793e-03,9.893755095284301020e-04
1.002307966400312034e+04,1.210915025081738027e-03,-1.035333823695980086e-02,9.999999747864367627e-01,1.587884606425623007e-04,-1.975850039137582886e-15,-2.294171796979326889e-16,1.565705652182869112e-01,1.816109076655217022e-02,7.828528260926644403e-03,9.080545383277396345e-04
1.031583319017317990e+04,1.144362245974334981e-03,-1.006611684668473963e-02,9.999999761972063750e-01,1.542821955003264016e-04,-1.759009604640481999e-15,-1.984089975648473114e-16,1.479069411717194027e-01,1.666780019129517065e-02,7.395347058597610303e-03,8.333900095648860348e-04
1.061713744425902041e+04,1.081464090762117086e-03,-9.786507226583552113e-03,9.999999775290393522e-01,1.499038138551913874e-04,-1.568190022283034008e-15,-1.719544645562010032e-16,1.397176205042625075e-01,1.529681497720947018e-02,6.985881025224143295e-03,7.648407488605959590e-04
1.092724217542281986e+04,1.022023502290087069e-03,-9.514337120320369434e-03,9.999999787863522727e-01,1.456496864967322100e-04,-1.397319759899317917e-15,-1.489693784995083092e-16,1.319771867009829069e-01,1.403818180920904032e-02,6.598859335059569821e-03,7.019090904605688498e-04
1.124640442748572968e+04,9.658536563622045204e-04,-9.249435653691523082e-03,9.999999799733155781e-01,1.415162872079495939e-04,-1.249000902703300911e-15,-1.294537393947692048e-16,1.246615256174704034e-01,1.288274888593454043e-02,6.233076280883381379e-03,6.441374442968378486e-04
1.157488875198985079e+04,9.127774730579283659e-04,-8.991633570480319845e-03,9.999999810938641209e-01,1.375001898424078883e-04,-1.113692471577109957e-15,-1.118896642005041069e-16,1.177477652752533938e-01,1.182210250531266944e-02,5.887388263771994174e-03,5.911051252657386181e-04
1.191296742748327051e+04,8.626271466374971003e-04,-8.740763440823707750e-03,9.999999821517150389e-01,1.335980654843440120e-04,-9.931291899967220616e-16,-9.692767422020409640e-17,1.112142177040108953e-01,1.084850851702713961e-02,5.560710885209358897e-03,5.424254258514561201e-04
1.226092068521003966e+04,8.152436938909000345e-04,-8.496659844336184458e-03,9.999999831503764147e-01,1.298066796893547904e-04,-8.847089727481716182e-16,-8.391724815037804319e-17,1.050403228511637976e-01,9.954858288496621146e-03,5.252016142566522799e-03,4.977429144249239301e-04
1.261903694139203981e+04,7.704765207050455695e-04,-8.259159530085749892e-03,9.999999840931595996e-01,1.261228898034125884e-04,-7.884318198314588244e-16,-7.253312533928024664e-17,9.920659456491626171e-02,9.134618853886654691e-03,4.960329728253689424e-03,4.567309426944196767e-04
1.298761303629532085e+04,7.281830065559811039e-04,-8.028101555370615108e-03,9.999999849831915366e-01,1.225436423579212987e-04,-7.042977312465836803e-16,-6.288372600415925717e-17,9.369456864436299937e-02,8.381786937509403887e-03,4.684728432225592973e-03,4.190893468755513252e-04
1.336695448027914063e+04,6.882281065767518026e-04,-7.803327405107613780e-03,9.999999858234236427e-01,1.190659705387620004e-04,-6.271025365656157646e-16,-5.464378949326941731e-17,8.848675293967046829e-02,7.690846563681836764e-03,4.424337646990556157e-03,3.845423281841674830e-04
1.375737570703146048e+04,6.504839708052969228e-04,-7.584681093514662395e-03,9.999999866166424667e-01,1.156869917270948039e-04,-5.594483210025202879e-16,-4.732542482899226854e-17,8.356657947636809969e-02,7.056729984726236617e-03,4.178328973825050363e-03,3.528364992363821956e-04
1.415920033420111940e+04,6.148295801795083905e-04,-7.372009249645865292e-03,9.999999873654781268e-01,1.124039051100057037e-04,-4.987329993433320396e-16,-4.092863201132779238e-17,7.891835857027330869e-02,6.474781677321753137e-03,3.945917928519943399e-03,3.237390838661529258e-04
1.457276143164232053e+04,5.811503988171726502e-04,-7.165161188223910169e-03,9.999999880724149692e-01,1.092139893589197944e-04,-4.458239333260394233e-16,-3.550762114890027021e-17,7.452723489335048856e-02,5.940725174876852581e-03,3.726361744673454927e-03,2.970362587439031817e-04
1.499840179749415074e+04,5.493380420959642109e-04,-6.963988967104923003e-03,9.999999887397963416e-01,1.061146003739320005e-04,-3.985527186056713806e-16,-3.084555180721260115e-17,7.037914544572022868e-02,5.450632520018210310e-03,3.518957272291612943e-03,2.725316260009666230e-04
1.543647424232376034e+04,5.192899600321775966e-04,-6.768347432611589859e-03,9.999999893698359177e-01,1.031031690921198958e-04,-3.547509508372571001e-16,-2.667137344314340908e-17,6.646077938495507931e-02,5.000896136717257641e-03,3.323038969253045826e-03,2.500448068359146961e-04
1.588734188156876007e+04,4.909091354456084902e-04,-6.578094253872943976e-03,9.999999899646224710e-01,1.001771993580863947e-04,-3.139849491518020841e-16,-2.303929616531696922e-17,6.275953966059730216e-02,4.588202936038062590e-03,3.137976983034862933e-03,2.294101468019510892e-04
1.635137843652127049e+04,4.641037963912938926e-04,-6.393089947223309574e-03,9.999999905261296451e-01,9.733426585489986238e-05,-2.810252031082427000e-16,-1.992221491942114089e-17,5.926350639940478060e-02,4.209510483030047025e-03,2.963175319974959039e-03,2.104755241515466084e-04
1.682896854410312153e+04,4.387871423360212774e-04,-6.213197891627580093e-03,9.999999910562189509e-01,9.457201209378280488e-05,-2.506675422786485758e-16,-1.723881454251952050e-17,5.596140198507146279e-02,3.862025064947466075e-03,2.798070099258031206e-03,1.931012532474141077e-04
1.732050807568891832e+04,4.148770835580998032e-04,-6.038284336025728609e-03,9.999999915566480935e-01,9.188814846082873911e-05,-2.229119666630197116e-16,-1.493488492598782050e-17,5.284255777499401868e-02,3.543181512797598069e-03,2.642127888753910935e-03,1.771590756399175090e-04
1.782640446524128856e+04,3.922959932523119113e-04,-5.868218399415399758e-03,9.999999920290769673e-01,8.928045031916667998e-05,-1.994931997373327912e-16,-1.292911090688964038e-17,4.989688239598093905e-02,3.250624639243293850e-03,2.494844119803022939e-03,1.625312319621993870e-04
1.834707704703027048e+04,3.709704718278348124e-04,-5.702872064425930192e-03,9.999999924750718749e-01,8.674675616497044134e-05,-1.778091562876227025e-16,-1.119438743091283020e-17,4.711483156056094773e-02,2.982192166156188030e-03,2.355741578031801849e-03,1.491096083078412987e-04
1.888295740321679841e+04,3.508311228948103925e-04,-5.542120165075694639e-03,9.999999928961124107e-01,8.428496583581151017e-05,-1.578598363138893963e-16,-9.757819552369539906e-18,4.448737934567634916e-02,2.735899024675871125e-03,2.224368967287363059e-03,1.367949512338228894e-04
1.943448972158839024e+04,3.318123404448236049e-04,-5.385840369345844085e-03,9.999999932935943470e-01,8.189303876984669120e-05,-1.405126015541213993e-16,-8.456776945386934585e-18,4.200599087598946152e-02,2.509922919519108793e-03,2.100299543802819965e-03,1.254961459759825013e-04
2.000213116374356105e+04,3.138521067415018032e-04,-5.233913157152181653e-03,9.999999936688364066e-01,7.956899231441241088e-05,-1.253337711393242879e-16,-7.291259609965017319e-18,3.966259635473765033e-02,2.302591057541336812e-03,1.983129817740042922e-03,1.151295528770917935e-04
2.058635224403009852e+04,2.968918004495324221e-04,-5.086221794245834177e-03,9.999999940230821505e-01,7.731090008262359037e-05,-1.121065046350012078e-16,-6.315477654728063328e-18,3.744956638600110965e-02,2.112367948219194113e-03,1.872478319303040074e-03,1.056183974109825986e-04
2.118763721955145957e+04,2.808760145433280208e-04,-4.942652302529729202e-03,9.999999943575070827e-01,7.511689035659776560e-05,-9.974659986866640793e-17,-5.475220971051796621e-18,3.535968853335796219e-02,1.937844190834389071e-03,1.767984426670715908e-03,9.689220954174047895e-05
2.180648449156431161e+04,2.657523835501989927e-04,-4.803093427233902368e-03,9.999999946732200939e-01,7.298514453601316967e-05,-8.868773770931426270e-17,-4.729831977468013093e-18,3.338614506115956948e-02,1.777726169731723991e-03,1.669307253060638933e-03,8.888630848660552543e-05
2.244340701860012996e+04,2.514714196969986904e-04,-4.667436601355515365e-03,9.999999949712680136e-01,7.091389563067284664e-05,-7.936359902593892457e-17,-4.092863201132779238e-18,3.152249180603886730e-02,1.630826585131371024e-03,1.576124590304456069e-03,8.154132925658628061e-05
2.309893274165329058e+04,2.379863575436560129e-04,-4.535575907732281725e-03,9.999999952526394953e-01,6.890142679586916397e-05,-7.047314121155778821e-17,-3.550762114890027021e-18,2.976263812773327980e-02,1.496055752629750013e-03,1.488131906389036051e-03,7.480278763150382062e-05
2.377360502178793104e+04,2.252530067016627908e-04,-4.407408039086105692e-03,9.999999955182674594e-01,6.694606990929842169e-05,-6.288372600415925717e-17,-3.089976191583688022e-18,2.810082788984738858e-02,1.372413609755515022e-03,1.405041394494608957e-03,6.862068048779075373e-05
2.446798309052643890e+04,2.132296122503188037e-04,-4.282832256342069405e-03,9.999999957690325347e-01,6.504620418836806403e-05,-5.594483210025202879e-17,-2.669847849745555054e-18,2.653162142277112889e-02,1.258982372785750039e-03,1.326581071140670899e-03,6.294911863930127401e-05
2.518264251339290058e+04,2.018767224782701925e-04,-4.161750345501179400e-03,9.999999960057667225e-01,6.320025484674203498e-05,-5.030698080332741190e-17,-2.317482143687766113e-18,2.504987842259654915e-02,1.154919791500387061e-03,1.252493921131823951e-03,5.774598957503198807e-05
2.591817566699565941e+04,1.911570635925083882e-04,-4.044066573318099399e-03,9.999999962292549505e-01,6.140669178901145275e-05,-4.466912950640278268e-17,-1.998997755520149185e-18,2.365074174152106967e-02,1.059452953685406911e-03,1.182537087077937957e-03,5.297264768428193297e-05
2.667519223004447122e+04,1.810354210514709961e-04,-3.929687642012826866e-03,9.999999964402384034e-01,5.966402834240770205e-05,-3.968179951296946228e-17,-1.727947212398773077e-18,2.232962202687754916e-02,9.718725950120452040e-04,1.116481101345655940e-03,4.859362975061291791e-05
2.745431968870928904e+04,1.714785271931295110e-04,-3.818522643222038108e-03,9.999999966394169659e-01,5.797082002451462297e-05,-3.534499082302743839e-17,-1.504330514323637017e-18,2.108218316757969057e-02,8.915278734426681584e-04,1.054109158380665042e-03,4.457639367214317794e-05
2.825620385673952114e+04,1.624549548429273004e-04,-3.710483011377093809e-03,9.999999968274506656e-01,5.632566334594130055e-05,-3.187554387107383036e-17,-1.287490079826537093e-18,1.990432850840724924e-02,8.178215705654587461e-04,9.952164254219480425e-04,4.089107852828191856e-05
2.908150941077487005e+04,1.539350166000963069e-04,-3.605482476676784981e-03,9.999999970049635589e-01,5.472719464698480238e-05,-2.818925648462312145e-17,-1.124859753953711043e-18,1.879218779416974919e-02,7.502056852595321602e-04,9.396093897099841137e-04,3.751028426298483982e-05
2.993092044129160058e+04,1.458906695141982057e-04,-3.503437017805358187e-03,9.999999971725438419e-01,5.317408896729870700e-05,-2.515349040166369979e-17,-9.757819552369539906e-19,1.774210480737652834e-02,6.881773878581525991e-04,8.871052403702398914e-04,3.440886939291518956e-05
3.080514101964067959e+04,1.382954248766951903e-04,-3.404264814532910900e-03,9.999999973307478474e-01,5.166505894764429271e-05,-2.244298497044993870e-17,-8.470329472543003391e-19,1.675062566459693120e-02,6.312753055277639394e-04,8.375312832311809959e-04,3.156376527639513993e-05
3.170489578164802879e+04,1.311242628649139045e-04,-3.307886200318241061e-03,9.999999974800998226e-01,5.019885376280686703e-05,-1.994931997373327850e-17,-7.284483346386982916e-19,1.581448773821442916e-02,5.790761119306671919e-04,7.907243869119807804e-04,2.895380559653971844e-05
3.263093052826050916e+04,1.243535517879362047e-04,-3.214223615024745968e-03,9.999999976210952601e-01,4.877425808479616680e-05,-1.788933584601082008e-17,-6.335806445462166536e-19,1.493060917176007064e-02,5.311913964045660496e-04,7.465304585891929020e-04,2.655956982023414023e-05
3.358401284373552335e+04,1.179609716957027033e-04,-3.123201557844735177e-03,9.999999977542013418e-01,4.739009107546837321e-05,-1.582935171828835857e-17,-5.454892180317694184e-19,1.409607895844866045e-02,4.872647898867563197e-04,7.048039479235555620e-04,2.436323949434317059e-05
3.456493273188669264e+04,1.119254421239517037e-04,-3.034746540519743171e-03,9.999999978798599365e-01,4.604520540773746062e-05,-1.420304845956011117e-17,-4.743384504624081899e-19,1.330814755393589996e-02,4.469693266475373837e-04,6.654073776978547839e-04,2.234846633238178130e-05
3.557450327091295912e+04,1.062270537585360998e-04,-2.948787040931780123e-03,9.999999979984875997e-01,4.473848631456507223e-05,-1.257674520083184989e-17,-4.099639464710814123e-19,1.256421799566443016e-02,4.100050225885689976e-04,6.282108997842217714e-04,2.050025112943296016e-05
3.661356128735386301e+04,1.008470038131628984e-04,-2.865253457134122120e-03,9.999999981104775726e-01,4.346885066493569316e-05,-1.116728237660070029e-17,-3.557538378468060943e-19,1.186183750246906990e-02,3.760966524185640775e-04,5.930918751243982037e-04,1.880483262093233943e-05
3.768296804972967948e+04,9.576753492468673286e-05,-2.784078061880169118e-03,9.999999982162015577e-01,4.223524606605821331e-05,-9.974659986866640793e-18,-3.083199928005653234e-19,1.119868952936801942e-02,3.449917094513259785e-04,5.599344764692927275e-04,1.724958547257010041e-05
3.878360998244141956e+04,9.097187737976124451e-05,-2.705194957701809958e-03,9.999999983160100525e-01,4.103664999104431678e-05,-8.998878031629686802e-18,-2.608861477543245044e-19,1.057258625367565007e-02,3.164585330893380111e-04,5.286293126846246899e-04,1.582292665447038966e-05
3.991639940052227757e+04,8.644419449592990144e-05,-2.628540032582915055e-03,9.999999984102339035e-01,3.987206893134201229e-05,-8.023096076392732812e-18,-2.320870275476782929e-19,9.981461469734987518e-03,2.902845902688008252e-04,4.990730734875441178e-04,1.451422951344322916e-05
4.108227526584971201e+04,8.216953098911040693e-05,-2.554050916265955019e-03,9.999999984991854163e-01,3.874053757322426907e-05,-7.047314121155778821e-18,-1.982057096575063034e-19,9.423363870683392277e-03,2.662748982574655800e-04,4.711681935349199143e-04,1.331374491287620939e-05
4.228220396544493997e+04,7.813376416791879516e-05,-2.481666937225783087e-03,9.999999985831602434e-01,3.764111799764626186e-05,-6.234162491791649725e-18,-1.727947212398772932e-19,8.896450696735410876e-03,2.442505772224403109e-04,4.448225348374788748e-04,1.221252886112469929e-05
4.351718011250491691e+04,7.432355780339086561e-05,-2.411329080336688073e-03,9.999999986624362736e-01,3.657289890281070852e-05,-5.637851296924623057e-18,-1.456896669277397065e-19,8.398981730491165629e-03,2.240475219284265894e-04,4.199490865252270065e-04,1.120237609642380044e-05
4.478822737083084212e+04,7.072631853040710185e-05,-2.342979945259126857e-03,9.999999987372766297e-01,3.553499484879586137e-05,-4.933119884809045175e-18,-1.304430738771623004e-19,7.929313620759858780e-03,2.055151827940984071e-04,3.964656810386242916e-04,1.027575913970719040e-05
4.609639930333651137e+04,6.733015464451727855e-05,-2.276563705562192983e-03,9.999999988079294466e-01,3.452654552362035737e-05,-4.499439015814842631e-18,-1.118083490375675966e-19,7.485894517325502630e-03,1.885154473315623020e-04,3.742947258668712258e-04,9.425772366580191684e-06
4.744278024533983989e+04,6.412383716490937179e-05,-2.212026068599837799e-03,9.999999988746289814e-01,3.354671503013629679e-05,-3.957337929572091184e-18,-9.656175598699023865e-20,7.067258999977923256e-03,1.729216137266316965e-04,3.533629499994587878e-04,8.646080686333490988e-06
4.882848620336147724e+04,6.109676304098373627e-05,-2.149314236150987045e-03,9.999999989375963905e-01,3.259469119315959240e-05,-3.415236843329338967e-18,-8.300922883092143323e-20,6.672023285987170593e-03,1.586174489911124942e-04,3.336011642998897128e-04,7.930872449557377392e-06
5.025466578017541178e+04,5.823892038638817055e-05,-2.088376865834401866e-03,9.999999989970409509e-01,3.166968488626336183e-05,-3.198396408832238080e-18,-7.369186641112412950e-20,6.298880701015206578e-03,1.454963247371786122e-04,3.149440350512619133e-04,7.274816236860535738e-06
5.172250112687845831e+04,5.554085563045835813e-05,-2.029164033302043816e-03,9.999999990531595051e-01,3.077092937767629712e-05,-2.927345865710861972e-18,-6.352747104407252543e-20,5.946597399236272161e-03,1.334604241925730890e-04,2.973298699622869815e-04,6.673021209630127780e-06
5.323320892276772793e+04,5.299364248279907821e-05,-1.971627195217547958e-03,9.999999991061377935e-01,2.989767969474373081e-05,-2.547875105340935035e-18,-5.505714157152952204e-20,5.614008319178151983e-03,1.224200145978388986e-04,2.807004159593546266e-04,6.121000729893294421e-06
5.478804138383825193e+04,5.058885261224827710e-05,-1.915719153019367982e-03,9.999999991561515644e-01,2.904921200642469997e-05,-2.222614453595284090e-18,-4.573977915173221831e-20,5.300013362501816011e-03,1.122927796067467010e-04,2.650006681255126961e-04,5.614638980338574257e-06
5.638828730073681072e+04,4.831852794670053806e-05,-1.861394017468644092e-03,9.999999992033672402e-01,2.822482302331327146e-05,-2.005774019098182818e-18,-4.150461441546072263e-20,5.003573783608063728e-03,1.030032067519958978e-04,2.501786891808016090e-04,5.150160337600933301e-06
5.803527310703221156e+04,4.617515450523932249e-05,-1.808607173979595107e-03,9.999999992479411404e-01,2.742382941468634073e-05,-1.761828530288945090e-18,-3.557538378468060822e-20,4.723708778598197273e-03,9.448202544323337055e-05,2.361854389302858921e-04,4.724101272162708006e-06
5.973036397868757922e+04,4.415163767874980179e-05,-1.757315248728586084e-03,9.999999992900210355e-01,2.664556724209554941e-05,-1.572093150103981044e-18,-3.303428494291770721e-20,4.459492262722688019e-03,8.666569133638788781e-05,2.229746131364894121e-04,4.333284566820350352e-06
6.147496496564592962e+04,4.224127887966795924e-05,-1.707476075536860059e-03,9.999999993297460366e-01,2.588939140903286944e-05,-1.355252715606880928e-18,-2.625802136488331051e-20,4.210049826028465676e-03,7.949591325490522223e-05,2.105024913017583890e-04,3.974795662746137960e-06
6.327052215646705736e+04,4.043775348577622003e-05,-1.659048663520890999e-03,9.999999993672487042e-01,2.515467512621439049e-05,-1.301042606982604936e-18,-2.414043899674755966e-20,3.974555857463375752e-03,7.291921915715611122e-05,1.987277928734852066e-04,3.645960957858608125e-06
6.511852387698106759e+04,3.873509000699328748e-05,-1.611993165500571947e-03,9.999999994026527173e-01,2.444080939203891950e-05,-1.111307226797642045e-18,-2.075230720773036132e-20,3.752230828216485039e-03,6.688655793233585318e-05,1.876115414111229009e-04,3.344327896617530086e-06
6.702050192395209160e+04,3.712765040793447266e-05,-1.566270847160326080e-03,9.999999994360759814e-01,2.374720248779023902e-05,-9.757819552369539906e-19,-1.609362599783170945e-20,3.542338725566804031e-03,6.135293407165774021e-05,1.771169362786222080e-04,3.067646703583563959e-06
6.897803283477478544e+04,3.561011152264910662e-05,-1.521844056950736939e-03,9.999999994676291859e-01,2.307327948716564030e-05,-8.944667923005411581e-19,-1.567010952420455928e-20,3.344184628981468951e-03,5.627707250447452106e-05,1.672092314493397059e-04,2.813853625224346081e-06
7.099273919425607892e+04,3.417744750138400681e-05,-1.478676196721999967e-03,9.999999994974165807e-01,2.241848177972300004e-05,-8.131516293641283255e-19,-1.270549420881450960e-20,3.157112420648987110e-03,5.162111111191131053e-05,1.578556210327007007e-04,2.581055555596134987e-06
7.306629097956528130e+04,3.282491323248247706e-05,-1.436731693079188995e-03,9.999999995255375307e-01,2.178226660785242887e-05,-7.318364664277154930e-19,-1.058791184067874972e-20,2.980502623054612134e-03,4.735031863526403329e-05,1.490251311529679115e-04,2.367515931763723098e-06
7.520040694446746784e+04,3.154802868561948256e-05,-1.395975969446034987e-03,9.999999995520851837e-01,2.116410661688791141e-05,-6.505213034913026604e-19,-9.740878893424453899e-21,2.813770356604607982e-03,4.343283588431186780e-05,1.406885178304543031e-04,2.171641794216072049e-06
7.739685604398742726e+04,3.034256412550102085e-05,-1.356375418827241060e-03,9.999999995771471362e-01,2.056348941798646026e-05,-5.421010862427522170e-19,-8.470329472543003391e-21,2.656363410684938874e-03,3.983943832317024970e-05,1.328181705344583957e-04,1.991971916158952010e-06
7.965745890068511653e+04,2.920452614792844865e-05,-1.317897377258235017e-03,9.999999996008069880e-01,1.997991716341235895e-05,-4.607859233063393845e-19,-7.411538288475127967e-21,2.507760421898902036e-03,3.654331826963101297e-05,1.253880210951446872e-04,1.827165913481953032e-06
8.198408931375804241e+04,2.813014449275369952e-05,-1.280510097926741047e-03,9.999999996231428989e-01,1.941290613387442959e-05,-4.743384504624081899e-19,-6.352747104407253295e-21,2.367469153568248046e-03,3.351988508925740769e-05,1.183734576786008014e-04,1.675994254463240030e-06
8.437867581222135050e+04,2.711585959073773862e-05,-1.244182725956646069e-03,9.999999996442289207e-01,1.886198633757421876e-05,-3.794707603699266001e-19,-5.293955920339377119e-21,2.235024870904557190e-03,3.074658189888512897e-05,1.117512435454057066e-04,1.537329094944595008e-06
8.684320325345317542e+04,2.615831080367712940e-05,-1.208885273841188912e-03,9.999999996641353306e-01,1.832670112063283107e-05,-3.523657060577888929e-19,-4.658681209898651865e-21,2.109988806562614148e-03,2.820271741659933156e-05,1.054994403282986042e-04,1.410135870830277947e-06
8.937971446843017475e+04,2.525432531939081996e-05,-1.174588597510007031e-03,9.999999996829280757e-01,1.780660678857356875e-05,-3.252606517456512821e-19,-4.235164736271501695e-21,1.991946711576444116e-03,2.586931170761496966e-05,9.959733557898077039e-05,1.293465585381033933e-06
9.199031195501702314e+04,2.440090766526691849e-05,-1.141264373020222907e-03,9.999999997006688846e-01,1.730127223854632115e-05,-2.710505431213761085e-19,-3.811648262644352278e-21,1.880507486952091075e-03,2.372895467860160120e-05,9.402537434775423328e-05,1.186447733930342047e-06
9.467715962071336980e+04,2.359522980606304103e-05,-1.108885073857468961e-03,9.999999997174172650e-01,1.681027860198934846e-05,-2.439454888092384977e-19,-2.752857078576476102e-21,1.775301891450068023e-03,2.176567626762586865e-05,8.876509457264471334e-05,1.088283813381532931e-06
9.744248457630288613e+04,2.283462179354047949e-05,-1.077423948832250062e-03,9.999999997332285062e-01,1.633321889743176065e-05,-2.168404344971008868e-19,-2.541098841762901017e-21,1.675981321335381913e-03,1.996482736372751077e-05,8.379906606690247961e-05,9.982413681865955977e-07
1.002885789818910998e+05,2.211656293729704075e-05,-1.046855000561323088e-03,9.999999997481552327e-01,1.586969769314920895e-05,-2.168404344971008868e-19,-2.329340604949325932e-21,1.582216658104792020e-03,1.831297056983917937e-05,7.911083290536552026e-05,9.156485284921610071e-07
1.032178019468622952e+05,2.143867346785113156e-05,-1.017152964518432904e-03,9.999999997622465164e-01,1.541933077939311970e-05,-1.761828530288944946e-19,-1.905824131322176139e-21,1.493697180420319954e-03,1.679777999589112005e-05,7.468485902113485605e-05,8.398889997947409519e-07
1.062325814853298943e+05,2.079870666462632078e-05,-9.882932886450992559e-04,9.999999997755495418e-01,1.498174484992171035e-05,-1.626303258728256892e-19,-1.694065894508601054e-21,1.410129536685451055e-03,1.540794933604931990e-05,7.050647683438476766e-05,7.703974668026361217e-07
1.093354165287018986e+05,2.019454142299458954e-05,-9.602521135031801425e-04,9.999999997881081626e-01,1.455657719256885034e-05,-1.490777987167569078e-19,-1.588186776101812948e-21,1.331236774896735068e-03,1.413310754561411921e-05,6.656183874494268264e-05,7.066553772808620052e-07
1.125288789970294019e+05,1.962417523596435054e-05,-9.330062529629905115e-04,9.999999997999640122e-01,1.414347538859425996e-05,-1.219727444046192007e-19,-1.376428539288238051e-21,1.256757426589082908e-03,1.296374148960948014e-05,6.283787132955418473e-05,6.481870744806168801e-07
1.158156159308539063e+05,1.908571756744847849e-05,-9.065331754093053016e-04,9.999999998111567256e-01,1.374209702056597036e-05,-1.084202172485503953e-19,-1.270549420881451073e-21,1.186444641868609953e-03,1.189112498693958926e-05,5.932223209352493977e-05,5.945562493471106048e-07
1.191983516853229958e+05,1.857738359532338119e-05,-8.808109854543803071e-04,9.999999998217229402e-01,1.335210938853264925e-05,-1.084202172485503953e-19,-9.529120656610878815e-22,1.120065372692781967e-03,1.090725372156028932e-05,5.600326863472823740e-05,5.453626860781348292e-07
1.226798901883901999e+05,1.809748830369634957e-05,-8.558184061480886284e-04,9.999999998316978500e-01,1.297318923425077962e-05,-7.453889935837842984e-20,-6.352747104407252543e-22,1.057399601714646958e-03,1.000478553576172916e-05,5.286998008581647791e-05,5.002392767881969325e-07
1.262631172649734945e+05,1.764444090493810099e-05,-8.315347616698588957e-04,9.999999998411150948e-01,1.260502247323804009e-05,-8.809142651444723526e-20,-7.940933880509065679e-22,9.982396141562095530e-04,9.176985660706775774e-06,4.991198070788992799e-05,4.588492830354400197e-07
1.299510030289965071e+05,1.721673957311495098e-05,-8.079399604897410502e-04,9.999999998500052056e-01,1.224730393443058974e-05,-6.776263578034402713e-20,-7.411538288475127967e-22,9.423893103163129758e-04,8.417676476114131445e-06,4.711946551589064712e-05,4.208838238057993753e-07
1.337466043452970043e+05,1.681296647147355138e-05,-7.850144789934446286e-04,9.999999998583977145e-01,1.189973710722886047e-05,-6.098637220230962441e-20,-5.293955920339377119e-22,8.896635564509656645e-04,7.721191424688504901e-06,4.448317782261909111e-05,3.860595712345104248e-07
1.376530673634429113e+05,1.643178305759299994e-05,-7.627393455513816877e-04,9.999999998663205991e-01,1.156203389572176041e-05,-4.743384504624081899e-20,-4.235164736271501695e-22,8.398875718893428384e-04,7.082332737830029184e-06,4.199437859453398298e-05,3.541166368915794921e-07
1.416736301255548897e+05,1.607192565072894120e-05,-7.410961250262946632e-04,9.999999998738005047e-01,1.123391437988585997e-05,-5.421010862427522170e-20,-3.705769144237563983e-22,7.928963503671569105e-04,6.496332657533925678e-06,3.964481751842092847e-05,3.248166328767679111e-07
1.458116252502991993e+05,1.573220124673342082e-05,-7.200669037041352877e-04,9.999999998808616342e-01,1.091510658356148010e-05,-5.421010862427522170e-20,-4.235164736271501695e-22,7.485341136710134922e-04,5.958817865426356921e-06,3.742670568361023797e-05,2.979408932713835229e-07
1.500704826952737931e+05,1.541148356674605863e-05,-6.996342746432918092e-04,9.999999998875275242e-01,1.060534624901337918e-05,-3.388131789017200754e-20,-2.646977960169689030e-22,7.066537957931481873e-04,5.465776853768581640e-06,3.533268978971364286e-05,2.732888426884894119e-07
1.544537326000778121e+05,1.510870932661949028e-05,-6.797813234244807351e-04,9.999999998938209345e-01,1.030437661788927973e-05,-4.065758146820642229e-20,-2.646977960169689030e-22,6.671165558958961966e-04,5.013529995175299407e-06,3.335582779484790863e-05,2.506764997588202075e-07
1.589650082124219916e+05,1.482287471476652031e-05,-6.604916142937132572e-04,9.999999998997618489e-01,1.001194821839447004e-05,-3.388131789017200754e-20,-2.117582368135750848e-22,6.297913184796968128e-04,4.598702087897307912e-06,3.148956592403497279e-05,2.299351043949160958e-07
1.636080488997045031e+05,1.455303206680175004e-05,-6.417491766926395214e-04,9.999999999053705846e-01,9.727818658506247009e-06,-3.726944967918920890e-20,-2.382280164152720174e-22,5.945543392376861870e-04,4.218197171962604367e-06,2.972771696193162867e-05,2.109098585981766940e-07
1.683867032485479140e+05,1.429828672599634028e-05,-6.235384921561142350e-04,9.999999999106654602e-01,9.451752425056750761e-06,-3.049318610115481221e-20,-1.852884572118781992e-22,5.612887951642277131e-04,3.869175428390249638e-06,2.806443975825605953e-05,1.934587714195551936e-07
1.733049322548687051e+05,1.405779407917688051e-05,-6.058444815779358630e-04,9.999999999156637953e-01,9.183520688517609885e-06,-3.049318610115481221e-20,-1.588186776101812901e-22,5.298843975644153053e-04,3.549031989214520119e-06,2.649421987826294005e-05,1.774515994607651124e-07
1.783668126071208972e+05,1.383075675827554050e-05,-5.886524928285961304e-04,9.999999999203826873e-01,8.922901113324602357e-06,-2.371692252312040949e-20,-1.588186776101812901e-22,5.002370266868208862e-04,3.255377500296923067e-06,2.501185133438085147e-05,1.627688750148819881e-07
1.835765400654372934e+05,1.361642199828455071e-05,-5.719482887148664334e-04,9.999999999248373461e-01,8.669677673585137967e-06,-1.016439536705159955e-20,-1.058791184067874954e-22,4.722483867728631221e-04,2.986020291967837100e-06,2.361241933868073997e-05,1.493010145984246934e-07
1.889384329394676024e+05,1.341407914288307078e-05,-5.557180352795921489e-04,9.999999999290427599e-01,8.423640474015815145e-06,-1.016439536705159955e-20,-5.293955920339377119e-23,4.458256803833358884e-04,2.738950024523860158e-06,2.229128401920227833e-05,1.369475012262231041e-07
1.944569356677980977e+05,1.322305728949062948e-05,-5.399482904229526694e-04,9.999999999330132505e-01,8.184585575961541887e-06,-1.694065894508600979e-20,-1.058791184067874954e-22,4.208813009260657071e-04,2.512322686601145201e-06,2.104406504633677975e-05,1.256161343300848892e-07
2.001366225019179110e+05,1.304272306596136016e-05,-5.246259928424245114e-04,9.999999999367612524e-01,7.952314828352093041e-06,-1.355252715606881144e-20,-7.940933880509065679e-23,3.973325423686032863e-04,2.304446834530687921e-06,1.986662711846179049e-05,1.152223417265597991e-07
2.059822012977869890e+05,1.287247853156680072e-05,-5.097384512840052052e-04,9.999999999402997553e-01,7.726635703455984389e-06,-1.355252715606881144e-20,-9.264422860593909959e-23,3.751013251764540946e-04,2.113770970033559795e-06,1.875506625885255010e-05,1.056885485017012964e-07
2.119985174181474140e+05,1.271175919532514915e-05,-4.952733340896904417e-04,9.999999999436399722e-01,7.507361137295458917e-06,-6.776263578034402713e-21,-2.646977960169689147e-23,3.541139375708125207e-04,1.938871962101512154e-06,1.770569687856880851e-05,9.694359810509695823e-08
2.181905577488135896e+05,1.256003214512191012e-05,-4.812186590421612840e-04,9.999999999467937828e-01,7.294309374590375293e-06,-1.694065894508600979e-20,-5.293955920339377119e-23,3.343007912502630042e-04,1.778444426694265046e-06,1.671503956253975924e-05,8.892222133473287701e-08
2.245634548322701885e+05,1.241679428143243930e-05,-4.675627834871919877e-04,9.999999999497707348e-01,7.087303818102390164e-06,-1.355252715606881144e-20,-6.617444900424221399e-23,3.155961907686042202e-04,1.631290985027062032e-06,1.577980953845532994e-05,8.156454925137106399e-08
2.311224911220028880e+05,1.228157064980226981e-05,-4.542943947406868042e-04,9.999999999525809313e-01,6.886172882254679003e-06,-3.388131789017200980e-21,-2.646977960169689147e-23,2.979381158059963902e-04,1.496313327773976072e-06,1.489690579032354084e-05,7.481566638871528371e-08
2.378731033610911109e+05,1.215391286656709077e-05,-4.414025007599073087e-04,9.999999999552342533e-01,6.690749850905746247e-06,-6.776263578034402713e-21,-2.646977960169689147e-23,2.812680156131666751e-04,1.372504018522651044e-06,1.406340078068071948e-05,6.862520092614768234e-08
2.448208870886886143e+05,1.203339763260205974e-05,-4.288764210750804751e-04,9.999999999577392495e-01,6.500872739159469398e-06,-5.082197683525802034e-21,-2.646977960169689147e-23,2.655306149485873188e-04,1.258938975329513985e-06,1.327653074745050009e-05,6.294694876648958792e-08
2.519716012781308091e+05,1.191962533018120022e-05,-4.167057779786498880e-04,9.999999999601035805e-01,6.316384159096865017e-06,-3.388131789017200980e-21,-1.985233470127266126e-23,2.506737308664817865e-04,1.154770574282022929e-06,1.253368654334403932e-05,5.773852871411385726e-08
2.593311731105099898e+05,1.181221869830204011e-05,-4.048804879651754138e-04,9.999999999623362390e-01,6.137131189318286635e-06,-6.776263578034402713e-21,-3.970466940254532839e-23,2.366480997493437962e-04,1.059221323613852095e-06,1.183240498748602918e-05,5.296106618070425676e-08
2.669057028876782279e+05,1.171082158208974940e-05,-3.933907533999599039e-04,9.999999999644434423e-01,5.962965248187803780e-06,-3.388131789017200980e-21,-6.617444900424220664e-24,2.234072140124833102e-04,9.715780611746383705e-07,1.117036070064193999e-05,4.857890305874260835e-08
2.747014690887480974e+05,1.161509775214053068e-05,-3.822270544379748102e-04,9.999999999664327399e-01,5.793741970674886733e-06,-1.694065894508601054e-21,-6.617444900424220664e-24,2.109071679400817954e-04,8.911866319598144672e-07,1.054535839702087051e-05,4.455933159800056086e-08
2.827249335742840776e+05,1.152472978989437057e-05,-3.713801411572965026e-04,9.999999999683109042e-01,5.629321088691140651e-06,-1.694065894508601054e-21,-1.985233470127266126e-23,1.991065121423959028e-04,8.174470059870236102e-07,9.955325607135640079e-06,4.087235029936018685e-08
2.909827469424970914e+05,1.143941803534634965e-05,-3.608410259205221135e-04,9.999999999700841524e-01,5.469566314822980279e-06,-1.694065894508601054e-21,-1.323488980084843986e-23,1.879661161522501944e-04,7.498088000905461843e-07,9.398305807627468320e-06,3.749044000453557176e-08
2.994817540418824065e+05,1.135887959361139916e-05,-3.506009759478181768e-04,9.999999999717579247e-01,5.314345229363883391e-06,0.000000000000000000e+00,0.000000000000000000e+00,1.774490387058645917e-04,6.877671702184190143e-07,8.872451935307352675e-06,3.438835851092853828e-08
3.082289996448709862e+05,1.128284739705228955e-05,-3.406515061036246954e-04,9.999999999733382161e-01,5.163529170552540266e-06,-3.388131789017200980e-21,-1.323488980084843986e-23,1.675204052784661911e-04,6.308590435809607824e-07,8.376020263936639144e-06,3.154295217905498744e-08
3.172317342871963046e+05,1.121106931986422040e-05,-3.309843718820956889e-04,9.999999999748299118e-01,5.016993127925948196e-06,-1.694065894508601054e-21,-3.308722450212110699e-24,1.581472924691238997e-04,5.786596625348925840e-07,7.907364623468778509e-06,2.893298312675100908e-08
3.264974202778161853e+05,1.114330734218324992e-05,-3.215915625931705952e-04,9.999999999762382297e-01,4.874615638699040267e-06,-8.470329472543003391e-22,-3.308722450212110699e-24,1.492986188519017908e-04,5.307794144130070553e-07,7.464930942606970362e-06,2.653897072065621119e-08
3.360337378843735205e+05,1.107933676094936924e-05,-3.124652947399933142e-04,9.999999999775680548e-01,4.736278687084961804e-06,-1.694065894508601054e-21,-9.926167350636332098e-24,1.409450419318103052e-04,4.868609236427494252e-07,7.047252096601732348e-06,2.434304618214283139e-08
3.458485916993201827e+05,1.101894544490986984e-05,-3.035980055809875790e-04,9.999999999788227178e-01,4.601867606472538033e-06,8.470329472543003391e-22,3.308722450212110699e-24,1.330588608642347954e-04,4.465763844540247257e-07,6.652943043222329039e-06,2.232881922270616033e-08
3.559501171919839107e+05,1.096193313129491065e-05,-2.949823468813651058e-04,9.999999999800077699e-01,4.471270984379880365e-06,-1.694065894508601054e-21,-6.617444900424220664e-24,1.256139246155900976e-04,4.096251142716599901e-07,6.280696230789503258e-06,2.048125571358751062e-08
3.663466874520052806e+05,1.090811076183475031e-05,-2.866111788294530200e-04,9.999999999811265416e-01,4.344380570105258135e-06,0.000000000000000000e+00,-6.617444900424220664e-24,1.185855452609539050e-04,3.757313095345466911e-07,5.929277263057134414e-06,1.878656547673146913e-08
3.770469201297392137e+05,1.085729985591883022e-05,-2.784775641339956045e-04,9.999999999821826968e-01,4.221091184998820736e-06,-8.470329472543003391e-22,-3.308722450212110699e-24,1.119504161314341991e-04,3.446419871939289898e-07,5.597520806580621250e-06,1.723209935970025055e-08
3.880596845793692046e+05,1.080933191881929934e-05,-2.705747622843080922e-04,9.999999999831795661e-01,4.101300635280669336e-06,-8.470329472543003391e-22,0.000000000000000000e+00,1.056865345400793049e-04,3.161250965287800746e-07,5.284326727012375605e-06,1.580625482644249046e-08
3.993941092106585857e+05,1.076404788301836022e-05,-2.628962239748233189e-04,9.999999999841205911e-01,3.984909627333100831e-06,0.000000000000000000e+00,-1.654361225106054982e-24,9.977312883029176643e-05,2.899677871870865108e-07,4.988656441522528747e-06,1.449838935935751978e-08
4.110595890554303769e+05,1.072129758078763928e-05,-2.554355856859352801e-04,9.999999999850093246e-01,3.871821685396758413e-06,-8.470329472543003391e-22,-1.654361225106054982e-24,9.419058950502197738e-05,2.659748205276229174e-07,4.709529475258593078e-06,1.329874102638406946e-08
4.230657935550495167e+05,1.068093924627211013e-05,-2.481866644136106214e-04,9.999999999858478761e-01,3.761943071602494957e-06,-8.470329472543003391e-22,0.000000000000000000e+00,8.892040420852396099e-05,2.439671124061139032e-07,4.446020210433274840e-06,1.219835562030837953e-08
4.354226745753596188e+05,1.064283904542806002e-05,-2.411434525603432094e-04,9.999999999866399092e-01,3.655182708272665961e-06,-8.470329472543003391e-22,-3.308722450212110699e-24,8.394509634521747242e-05,2.237803965305577906e-07,4.197254817267554339e-06,1.118901982653036049e-08
4.481404746557218023e+05,1.060687063225740084e-05,-2.343001129539586081e-04,9.999999999873872003e-01,3.551452102427408064e-06,-8.470329472543003391e-22,-1.654361225106054982e-24,7.924816713223921166e-05,2.052639984101980951e-07,3.962408356618266066e-06,1.026319992051216991e-08
4.612297354989894084e+05,1.057291472986739942e-05,-2.276509740248445080e-04,9.999999999880928581e-01,3.450665272433393801e-06,-4.235164736271501695e-22,-1.654361225106054982e-24,7.481404089364344413e-05,1.882797107479434028e-07,3.740702044688126001e-06,9.413985537399247024e-09
4.747013067094577127e+05,1.054085873496739948e-05,-2.211905251030088873e-04,9.999999999887591029e-01,3.352738676734202023e-06,0.000000000000000000e+00,0.000000000000000000e+00,7.062801341494343390e-05,1.727007618830455976e-07,3.531400670752793199e-06,8.635038094154185372e-09
4.885663547860311810e+05,1.051059634449137067e-05,-2.149134118622113082e-04,9.999999999893884883e-01,3.257591144603250945e-06,-1.694065894508601054e-21,-1.654361225106054982e-24,6.667620318682570537e-05,1.584108695852551942e-07,3.333810159346592184e-06,7.920543479264506384e-09
5.028363723780632718e+05,1.048202720310889993e-05,-2.088144318794454921e-04,9.999999999899817915e-01,3.165143808861909891e-06,4.235164736271501695e-22,0.000000000000000000e+00,6.294550537643684015e-05,1.453033731386198971e-07,3.147275268826851106e-06,7.265168656932594128e-09
5.175231878115392756e+05,1.045505657045614998e-05,-2.028885303407834955e-04,9.999999999905427872e-01,3.075320040507015153e-06,-1.270549420881451073e-21,-3.308722450212110699e-24,5.942354837368068283e-05,1.332804372373559000e-07,2.971177418688761941e-06,6.664021861869262255e-09
5.326389748934998643e+05,1.042959500698349074e-05,-1.971307958367463889e-04,9.999999999910715864e-01,2.988045385193546830e-06,-8.470329472543003391e-22,0.000000000000000000e+00,5.609865276849074737e-05,1.222523217521377036e-07,2.804932638429001910e-06,6.112616087608231336e-09
5.481962630028314888e+05,1.040555807737881031e-05,-1.915364563170501085e-04,9.999999999915714088e-01,2.903247501519940846e-06,-8.470329472543003391e-22,-1.654361225106054982e-24,5.295979262310199199e-05,1.121367119167506053e-07,2.647989631159312995e-06,5.606835595838765244e-09
5.642079474757885328e+05,1.038286607058292055e-05,-1.861008751174434057e-04,9.999999999920428095e-01,2.820856101064736041e-06,-4.235164736271501695e-22,8.271806125530276749e-25,4.999655891094425311e-05,1.028581039359547937e-07,2.499827945551190830e-06,5.142905196798872755e-09
5.806873002948543290e+05,1.036144373546919056e-05,-1.808195471379962099e-04,9.999999999924880090e-01,2.740802890124960845e-06,4.235164736271501695e-22,8.271806125530276749e-25,4.719912500096347814e-05,9.434724142903242342e-08,2.359956250051930074e-06,4.717362071452660937e-09
5.976479810898024589e+05,1.034122003131114031e-05,-1.756880950990673089e-04,9.999999999929083394e-01,2.663021513107934194e-06,0.000000000000000000e+00,0.000000000000000000e+00,4.455821407295133737e-05,8.654059850287657010e-08,2.227910703651111955e-06,4.327029925144781913e-09
6.151040484600760974e+05,1.032212789221042986e-05,-1.707022659238423062e-04,9.999999999933053552e-01,2.587447497529516954e-06,0.000000000000000000e+00,-1.654361225106054982e-24,4.206506835586438982e-05,7.937990559648889932e-08,2.103253417796566034e-06,3.968995279825319627e-09
6.330699716278710403e+05,1.030410400470473043e-05,-1.658579272080402131e-04,9.999999999936798334e-01,2.514018200573306988e-06,4.235164736271501695e-22,0.000000000000000000e+00,3.971142008715437295e-05,7.281171455796497963e-08,1.985571004360879182e-06,3.640585727899052174e-09
6.515606424315809272e+05,1.028708859781775036e-05,-1.611510638071984869e-04,9.999999999940335504e-01,2.442672757166395060e-06,-4.235164736271501695e-22,4.135903062765137915e-25,3.748946409683518057e-05,6.678699970785063487e-08,1.874473204844741940e-06,3.339349985393268017e-09
6.705913876695464132e+05,1.027102524485564991e-05,-1.565777744987443014e-04,9.999999999943671725e-01,2.373352029528704792e-06,0.000000000000000000e+00,8.271806125530276749e-25,3.539183192539582801e-05,6.126079191133091850e-08,1.769591596272607997e-06,3.063039595567221070e-09
6.901779818043402629e+05,1.025586067629257916e-05,-1.521342687645218996e-04,9.999999999946825868e-01,2.305998558154063950e-06,-2.117582368135750848e-22,-8.271806125530276749e-25,3.341156738975351688e-05,5.619184292807164701e-08,1.670578369490335019e-06,2.809592146404201082e-09
7.103366600381177850e+05,1.024154460312491981e-05,-1.478168636338215980e-04,9.999999999949801266e-01,2.240556514182387158e-06,-4.235164736271501695e-22,-4.135903062765137915e-25,3.154210351623881796e-05,5.154231753450734756e-08,1.577105175814450911e-06,2.577115876725934907e-09
7.310841317698718049e+05,1.022802955010878020e-05,-1.436219806447195074e-04,9.999999999952607910e-01,2.176971653123491956e-06,0.000000000000000000e+00,-4.135903062765137915e-25,2.977724076413749141e-05,4.727751112065077200e-08,1.488862038209244018e-06,2.363875556033058897e-09
7.524375944457463920e+05,1.021527069832752949e-05,-1.395461428803541903e-04,9.999999999955260233e-01,2.115191269894197093e-06,0.000000000000000000e+00,4.135903062765137915e-25,2.811112646758970906e-05,4.336559065362607067e-08,1.405556323381721959e-06,2.168279532681782058e-09
7.744147478138894076e+05,1.020322573656763930e-05,-1.355859720776948112e-04,9.999999999957763785e-01,2.055164155131403952e-06,0.000000000000000000e+00,-4.135903062765137915e-25,2.653823542768683885e-05,3.977735707452803756e-08,1.326911771386454104e-06,1.988867853726840036e-09
7.970338085956600262e+05,1.019185472100994942e-05,-1.317381858375099091e-04,9.999999999960126340e-01,1.996840552744997052e-06,0.000000000000000000e+00,-2.067951531382568958e-25,2.505335159041828061e-05,3.648602735517862831e-08,1.252667579522908073e-06,1.824301367759334087e-09
8.203135255853524432e+05,1.018111994277109935e-05,-1.279995949003654115e-04,9.999999999962356778e-01,1.940172118675329994e-06,-2.117582368135750848e-22,0.000000000000000000e+00,2.365155074972009894e-05,3.346703458808614307e-08,1.182577537487887012e-06,1.673351729404675083e-09
8.442731951909508789e+05,1.017098580285604926e-05,-1.243671005103839076e-04,9.999999999964463981e-01,1.885111880821152981e-06,2.117582368135750848e-22,0.000000000000000000e+00,2.232818421827569152e-05,3.069784461750559825e-08,1.116409210915561058e-06,1.534892230875617898e-09
8.689326774287984008e+05,1.016141869410693036e-05,-1.208376918361650932e-04,9.999999999966451281e-01,1.831614200104735005e-06,0.000000000000000000e+00,0.000000000000000000e+00,2.107886341192631973e-05,2.815778784295672165e-08,1.053943170597993069e-06,1.407889392148146027e-09
8.943124123854370555e+05,1.015238688975690924e-05,-1.174084434920422962e-04,9.999999999968329778e-01,1.779634732641925899e-06,0.000000000000000000e+00,-2.067951531382568958e-25,1.989944529657878904e-05,2.582790493979829883e-08,9.949722648305227684e-07,1.291395246990199988e-09
9.204334371602642350e+05,1.014386043821946988e-05,-1.140765130954403048e-04,9.999999999970101694e-01,1.729130392985797079e-06,0.000000000000000000e+00,0.000000000000000000e+00,1.878601864935579153e-05,2.369080534533092957e-08,9.393009324692845683e-07,1.184540267266806958e-09
9.473174033030492719e+05,1.013581106376427996e-05,-1.108391389293888948e-04,9.999999999971775910e-01,1.680059318413387903e-06,1.058791184067874954e-22,0.000000000000000000e+00,1.773489108843495998e-05,2.173053745417906878e-08,8.867445544231595159e-07,1.086526872709192991e-09
9.749865947607645066e+05,1.012821207275030986e-05,-1.076936376416288022e-04,9.999999999973354647e-01,1.632380834225968026e-06,0.000000000000000000e+00,0.000000000000000000e+00,1.674257682857005044e-05,1.993246955409853041e-08,8.371288414298346085e-07,9.966234777051464267e-10
1.003463946348604979e+06,1.012103826510518069e-05,-1.046374020254949066e-04,9.999999999974843456e-01,1.586055420034036972e-06,0.000000000000000000e+00,-2.067951531382568958e-25,1.580578512169425961e-05,1.828318061352011855e-08,7.902892560859706337e-07,9.141590306762073252e-10
1.032773062760511995e+06,1.011426585075744935e-05,-1.016678988647496957e-04,9.999999999976252330e-01,1.541044676999128945e-06,1.058791184067874954e-22,0.000000000000000000e+00,1.492140934427677055e-05,1.677036010567166107e-08,7.460704672150258348e-07,8.385180052837676390e-10
1.062938238134948071e+06,1.010787237074444939e-05,-9.878266682015270127e-05,9.999999999977580156e-01,1.497311296005258958e-06,-1.058791184067874954e-22,0.000000000000000000e+00,1.408651669524749947e-05,1.538271612156798008e-08,7.043258347634961062e-07,7.691358060785685762e-10
1.093984476192156086e+06,1.010183662273431030e-05,-9.597931440665622457e-05,9.999999999978833598e-01,1.454819026733641931e-06,0.000000000000000000e+00,0.000000000000000000e+00,1.329833847033005000e-05,1.410989108602585920e-08,6.649169235175608042e-07,7.054945543014482838e-10
1.125937510959581006e+06,1.009613859071500953e-05,-9.325551800003323527e-05,9.999999999980018206e-01,1.413532647615030040e-06,1.058791184067874954e-22,1.033975765691285053e-25,1.255426088053325953e-05,1.294238444760827044e-08,6.277130440276619039e-07,6.471192223805557762e-10
1.158823828102640109e+06,1.009075937861753005e-05,-9.060901991748236271e-05,9.999999999981139531e-01,1.373417936634785022e-06,0.000000000000000000e+00,0.000000000000000000e+00,1.185181638435647964e-05,1.187148176545564948e-08,5.925908192187670051e-07,5.935740882729131274e-10
1.192670686878523091e+06,1.008568114765273054e-05,-8.803762653420199916e-05,9.999999999982193133e-01,1.334441642966466026e-06,0.000000000000000000e+00,1.033975765691285053e-25,1.118867550496649953e-05,1.088918966370698080e-08,5.594337752492153139e-07,5.444594831854687746e-10
1.227506142731212080e+06,1.008088705715442032e-05,-8.553920648767728029e-05,9.999999999983187893e-01,1.296571459410432906e-06,0.000000000000000000e+00,0.000000000000000000e+00,1.056263910521254023e-05,9.988176168009322270e-09,5.281319552614675857e-07,4.994088084005762940e-10
1.263359070546458010e+06,1.007636120873233081e-05,-8.311168889623158848e-05,9.999999999984130472e-01,1.259775995614621982e-06,0.000000000000000000e+00,0.000000000000000000e+00,9.971631094863123913e-06,9.161715978785409718e-09,4.985815547439496538e-07,4.580857989393714123e-10
1.300259188585995929e+06,1.007208859354971010e-05,-8.075306163745560111e-05,9.999999999985017540e-01,1.224024752055275945e-06,0.000000000000000000e+00,-5.169878828456422968e-26,9.413691545882437551e-06,8.403640272777034233e-09,4.706845772948710253e-07,4.201820136389443766e-10
1.338237083120812895e+06,1.006805504255095044e-05,-7.846136970108076364e-05,9.999999999985857979e-01,1.189288094756092948e-06,0.000000000000000000e+00,-1.033975765691285053e-25,8.886970192916318625e-06,7.708290658180790888e-09,4.443485096465232250e-07,3.854145329091246096e-10
1.377324233783914009e+06,1.006424717947400077e-05,-7.623471354119724041e-05,9.999999999986647348e-01,1.155537230724804975e-06,5.293955920339377119e-23,5.169878828456422968e-26,8.389720297435241685e-06,7.070476939694636958e-09,4.194860148724296944e-07,3.535238469848097993e-10
1.417553039663590956e+06,1.006065237649177983e-05,-7.407124753216954205e-05,9.999999999987395638e-01,1.122744184086860943e-06,-5.293955920339377119e-23,-1.033975765691285053e-25,7.920292855187822169e-06,6.485438378231412693e-09,3.960146427600212904e-07,3.242719189116421031e-10
1.458956846158816013e+06,1.005725871233558046e-05,-7.196917841325926565e-05,9.999999999988099519e-01,1.090881772896392900e-06,1.058791184067874954e-22,5.169878828456422968e-26,7.477131127756333398e-06,5.948808156139123663e-09,3.738565563884117106e-07,2.974404078070216959e-10
1.501569972619028063e+06,1.005405493276153980e-05,-6.992676381838817154e-05,9.999999999988765653e-01,1.059923586605288913e-06,0.000000000000000000e+00,-1.033975765691285053e-25,7.058765480080682647e-06,5.456580782694072197e-09,3.529382740045959163e-07,2.728290391347636942e-10
1.545427740791223943e+06,1.005103041322902933e-05,-6.794231082497458540e-05,9.999999999989394039e-01,1.029843964171646034e-06,0.000000000000000000e+00,-5.169878828456422968e-26,6.663808506831643827e-06,5.005082196578840261e-09,3.331904253421125187e-07,2.502541098289972067e-10
1.590566504097926896e+06,1.004817512366735043e-05,-6.601417455439771882e-05,9.999999999989988009e-01,1.000617972789506041e-06,-5.293955920339377119e-23,0.000000000000000000e+00,6.290950431472079271e-06,4.590942342187756598e-09,3.145475215741046130e-07,2.295471171094384068e-10
1.637023677770304028e+06,1.004547959521370937e-05,-6.414075680161220191e-05,9.999999999990546451e-01,9.722213872222105789e-07,0.000000000000000000e+00,0.000000000000000000e+00,5.938954762748984888e-06,4.211070015066940606e-09,2.969477381379218147e-07,2.105535007533934041e-10
1.684837769861409906e+06,1.004293488881232021e-05,-6.232050472298203631e-05,9.999999999991074917e-01,9.446306697222541949e-07,0.000000000000000000e+00,0.000000000000000000e+00,5.606654194212916662e-06,3.862629788733154719e-09,2.803327097110919971e-07,1.931314894367002944e-10
1.734048413165269885e+06,1.004053256557046919e-05,-6.055190954215683798e-05,9.999999999991576738e-01,9.178229505210037750e-07,-5.293955920339377119e-23,0.000000000000000000e+00,5.292946733167099886e-06,3.543020850650991034e-09,2.646473366587762767e-07,1.771510425325886101e-10
1.784696398068244103e+06,1.003826465877314076e-05,-5.883350528713581949e-05,9.999999999992047472e-01,8.917760088720866798e-07,5.293955920339377119e-23,5.169878828456422968e-26,4.996792046209414823e-06,3.249857589398080108e-09,2.498396023108684019e-07,1.624928794699398017e-10
1.836823706359917065e+06,1.003612364746357039e-05,-5.716386760544506934e-05,9.999999999992494892e-01,8.664682546327625382e-07,-5.293955920339377119e-23,-5.169878828456422968e-26,4.717208009248603385e-06,2.980951788119004978e-09,2.358604004628055055e-07,1.490475894059831035e-10
1.890473546031536069e+06,1.003410243150194942e-05,-5.554161254451160288e-05,9.999999999992910116e-01,8.418787103679874266e-07,2.646977960169689147e-23,0.000000000000000000e+00,4.453267450554089647e-06,2.734296291357904010e-09,2.226633725280589074e-07,1.367148145679252892e-10
1.945690387090835022e+06,1.003219430801973032e-05,-5.396539545435233845e-05,9.999999999993307576e-01,8.179869939623577325e-07,2.646977960169689147e-23,2.584939414228210910e-26,4.204095076038973300e-06,2.508050023357317993e-09,2.102047538022831901e-07,1.254025011678935895e-10
2.002519998422940960e+06,1.003039294919130014e-05,-5.243390982510948232e-05,9.999999999993685051e-01,7.947733017255023796e-07,-2.646977960169689147e-23,1.292469707114106029e-26,3.968864566579857392e-06,2.300524245998112132e-09,1.984432283293087070e-07,1.150262122999308950e-10
2.061009485727908090e+06,1.002869238124935084e-05,-5.094588621482954230e-05,9.999999999994033661e-01,7.722183919769297929e-07,2.646977960169689147e-23,1.292469707114106029e-26,3.746795837747918128e-06,2.110169953808224922e-09,1.873397918876939879e-07,1.055084976904344976e-10
2.121207330566328950e+06,1.002708696467453028e-05,-4.950009123816730041e-05,9.999999999994371169e-01,7.503035690967271041e-07,0.000000000000000000e+00,2.584939414228210910e-26,3.537152452864008003e-06,1.935566311955093148e-09,1.768576226434818904e-07,9.677831559777596764e-11
2.183163430545391049e+06,1.002557137549331053e-05,-4.809532647480948674e-05,9.999999999994684252e-01,7.290106680288760702e-07,2.646977960169689147e-23,0.000000000000000000e+00,3.339239180798981164e-06,1.775410050921500077e-09,1.669619590402147883e-07,8.877050254609458478e-11
2.246929140678680036e+06,1.002414058762249916e-05,-4.673042754368695169e-05,9.999999999994981792e-01,7.083220392243572867e-07,2.646977960169689147e-23,0.000000000000000000e+00,3.152399690420620069e-06,1.628505738705482029e-09,1.576199845212818893e-07,8.142528693529207454e-11
2.312557315954025835e+06,1.002278985620149944e-05,-4.540426309168418156e-05,9.999999999995263789e-01,6.882205340115512887e-07,2.646977960169689147e-23,0.000000000000000000e+00,2.976014374041440044e-06,1.493756857934694920e-09,1.488007187023088114e-07,7.468784289675119141e-11
2.380102355144658126e+06,1.002151470185717062e-05,-4.411573387368382799e-05,9.999999999995529132e-01,6.686894903818163440e-07,-2.646977960169689147e-23,-1.292469707114106029e-26,2.809498292649607040e-06,1.370157621293756902e-09,1.404749146327039105e-07,6.850788106470296181e-11
2.449620245899999980e+06,1.002031089584910970e-05,-4.286377184145581312e-05,9.999999999995777822e-01,6.497127191784538300e-07,2.646977960169689147e-23,-2.584939414228210910e-26,2.652299236108920160e-06,1.256785464173822056e-09,1.326149618056570992e-07,6.283927320870493222e-11
2.521168611153477803e+06,1.001917444604617048e-05,-4.164733926017662912e-05,9.999999999996014299e-01,6.312744906776220128e-07,2.646977960169689147e-23,6.462348535570528710e-27,2.503895891895159975e-06,1.152794158508529900e-09,1.251947945949572897e-07,5.763970792543923229e-11
2.594806756885793060e+06,1.001810158368748940e-05,-4.046542784118724193e-05,9.999999999996238564e-01,6.133595215500686395e-07,1.323488980084843986e-23,6.462348535570528710e-27,2.363796116295955876e-06,1.057407496397119097e-09,1.181898058149859013e-07,5.287037481986758964e-11
2.670595721283270977e+06,1.001708875088441954e-05,-3.931705790626360218e-05,9.999999999996448397e-01,5.959529621928771683e-07,-1.323488980084843986e-23,-6.462348535570528710e-27,2.231535302341131178e-06,9.699134963683699092e-10,1.115767651172340997e-07,4.849567481842918160e-11
2.748598325332025066e+06,1.001613258882162933e-05,-3.820127758270804909e-05,9.999999999996646016e-01,5.790403844207263923e-07,-1.323488980084843986e-23,0.000000000000000000e+00,2.106674839051270039e-06,8.896590890401810653e-10,1.053337419527311006e-07,4.448295445201885924e-11
2.828879224889867008e+06,1.001522992661843970e-05,-3.711716201437727334e-05,9.999999999996834754e-01,5.626077695064595679e-07,0.000000000000000000e+00,6.462348535570528710e-27,1.988800656895053963e-06,8.160452425077772998e-10,9.944003284491096362e-08,4.080226212539785153e-11
2.911504964279129170e+06,1.001437777081341996e-05,-3.606381258799347162e-05,9.999999999997011280e-01,5.466414965610527639e-07,1.323488980084843986e-23,0.000000000000000000e+00,1.877521854631803035e-06,7.485224910757794512e-10,9.387609273173958956e-08,3.742612455379721851e-11
2.996544031444832217e+06,1.001357329543729044e-05,-3.504035619541955108e-05,9.999999999997180034e-01,5.311283312433467947e-07,1.323488980084843986e-23,0.000000000000000000e+00,1.772469402985536959e-06,6.865868339599544535e-10,8.862347014941794512e-08,3.432934169800530301e-11
3.084066914723899215e+06,1.001281383264130079e-05,-3.404594448509603227e-05,9.999999999997334355e-01,5.160554147901856717e-07,2.646977960169689147e-23,0.000000000000000000e+00,1.673294920851679906e-06,6.297759733459791905e-10,8.366474604271714887e-08,3.148879866730588716e-11
3.174146161272483878e+06,1.001209686384997933e-05,-3.307975322638478759e-05,9.999999999997486455e-01,5.014102533578720613e-07,-1.323488980084843986e-23,0.000000000000000000e+00,1.579669519978030998e-06,5.776658637255349304e-10,7.898347599902726813e-08,2.888329318628310870e-11
3.266856437199849170e+06,1.001142001140892066e-05,-3.214098153044183775e-05,9.999999999997626343e-01,4.871807076660996912e-07,0.000000000000000000e+00,-3.231174267785263996e-27,1.491282714288725998e-06,5.298675467534895928e-10,7.456413571455497453e-08,2.649337733768031126e-11
3.362274589458617847e+06,1.001078103069984059e-05,-3.122885126100762693e-05,9.999999999997758460e-01,4.733549829357817839e-07,3.970466940254532839e-23,-3.231174267785263996e-27,1.407841390234247066e-06,4.860242480010684738e-10,7.039206951182436812e-08,2.430121240005877968e-11
3.460479709542726167e+06,1.001017780269685066e-05,-3.034260636811170929e-05,9.999999999997883915e-01,4.599216191124342021e-07,-1.323488980084843986e-23,-3.231174267785263996e-27,1.329068834752953985e-06,4.458087139347594934e-10,6.645344173775344602e-08,2.229043569674288993e-11
3.561553199045849033e+06,1.000960832693928985e-05,-2.948151224718564907e-05,9.999999999998002709e-01,4.468694813670105887e-07,1.323488980084843986e-23,0.000000000000000000e+00,1.254703817620628036e-06,4.089207692437635022e-10,6.273519088113123788e-08,2.044603846219268131e-11
3.665578837134663016e+06,1.000907071489764050e-05,-2.864485514793393937e-05,9.999999999998115952e-01,4.341877508663127833e-07,6.617444900424220664e-24,-3.231174267785263996e-27,1.184499725144886899e-06,3.750850762835206220e-10,5.922498625733863293e-08,1.875425381418015989e-11
3.772642849992855918e+06,1.000856318371069044e-05,-2.783194156140409884e-05,9.999999999998220312e-01,4.218659158053310898e-07,6.617444900424220664e-24,3.231174267785263996e-27,1.118223742331617090e-06,3.440490799114611746e-10,5.591118711666980884e-08,1.720245399557685924e-11
3.882833982293461915e+06,1.000808405027309052e-05,-2.704209767358332889e-05,9.999999999998318012e-01,4.098937626940746932e-07,-1.323488980084843986e-23,0.000000000000000000e+00,1.055656080811276972e-06,3.155811223749256862e-10,5.278280404064786767e-08,1.577905611874975847e-11
3.996243570758746006e+06,1.000763172565382082e-05,-2.627466880333317935e-05,9.999999999998413491e-01,3.982613678916776747e-07,-6.617444900424220664e-24,6.462348535570528710e-27,9.965892499647317564e-07,2.894687141804907102e-10,4.982946249831589922e-08,1.447343570902773017e-11
4.112965619868631009e+06,1.000720470982678009e-05,-2.552901882064639874e-05,9.999999999998502309e-01,3.869590893807543821e-07,-6.617444900424220664e-24,0.000000000000000000e+00,9.408273688314505282e-07,2.655169480382066973e-10,4.704136844164738824e-08,1.327584740191325940e-11
4.233096879780406132e+06,1.000680158669640009e-05,-2.480452966556859860e-05,9.999999999998586686e-01,3.759775587751942217e-07,0.000000000000000000e+00,0.000000000000000000e+00,8.881855165182427103e-07,2.435470440421833950e-10,4.440927582598281777e-08,1.217735220211185033e-11
4.356736926524309441e+06,1.000642101940150012e-05,-2.410060081458115089e-05,9.999999999998665512e-01,3.653076735547669911e-07,6.617444900424220664e-24,-1.615587133892631998e-27,8.384891189543029098e-07,2.233950152285275112e-10,4.192445594778187978e-08,1.116975076142882996e-11
4.483988244541460648e+06,1.000606174588187082e-05,-2.341664878994386854e-05,9.999999999998742117e-01,3.549405895201020985e-07,0.000000000000000000e+00,-1.615587133892631998e-27,7.915733699589103613e-07,2.049104435501517996e-10,3.957866849800850820e-08,1.024552217750984954e-11
4.614956311632562429e+06,1.000572257469296921e-05,-2.275210666184690139e-05,9.999999999998810951e-01,3.448677134617871222e-07,6.617444900424220664e-24,-3.231174267785263996e-27,7.472826847018978757e-07,1.879553571321389925e-10,3.736413423515437138e-08,9.397767856609023069e-12
4.749749686387764290e+06,1.000540238105483015e-05,-2.210642360336742169e-05,9.999999999998878675e-01,3.350806960375139149e-07,-6.617444900424220664e-24,-1.615587133892631998e-27,7.054701837444444515e-07,1.724032004273238110e-10,3.527350918727835703e-08,8.620160021368088542e-12
4.888480098170185462e+06,1.000510010312193991e-05,-2.147906441612884937e-05,9.999999999998944178e-01,3.255714248513603859e-07,-6.617444900424220664e-24,-1.615587133892631998e-27,6.659972059491321617e-07,1.581378895851689935e-10,3.329986029750961117e-08,7.906894479260189984e-12
5.031262539727664553e+06,1.000481473846194065e-05,-2.086950906181158079e-05,9.999999999998999689e-01,3.163320177294787886e-07,6.617444900424220664e-24,-8.077935669463160887e-28,6.287328486439682865e-07,1.450529459830643949e-10,3.143664243224844088e-08,7.252647299154819986e-12
5.178215362509516068e+06,1.000454534073125988e-05,-2.027725230928179042e-05,9.999999999999054090e-01,3.073548161866121142e-07,3.308722450212110699e-24,1.615587133892631998e-27,5.935535335154461463e-07,1.330507014525898877e-10,2.967767667581953933e-08,6.652535072630962631e-12
5.329460374767276458e+06,1.000429101653680935e-05,-1.970180324473790154e-05,9.999999999999108491e-01,2.986323790780245147e-07,9.926167350636332098e-24,8.077935669463160887e-28,5.603425967910271227e-07,1.220415692684225067e-10,2.801712983959594845e-08,6.102078463422465626e-12
5.485122942520787939e+06,1.000405092247329080e-05,-1.914268486834915997e-05,9.999999999999158451e-01,2.901574764315846759e-07,-3.308722450212110699e-24,8.077935669463160887e-28,5.289899023520012065e-07,1.119433754584373959e-10,2.644949511764214926e-08,5.597168772923102326e-12
5.645332093473293819e+06,1.000382426232616948e-05,-1.859943373086336832e-05,9.999999999999205080e-01,2.819230834548875955e-07,-3.308722450212110699e-24,-1.615587133892631998e-27,4.993914764937055753e-07,1.026807454437947011e-10,2.496957382472501851e-08,5.134037272190865806e-12
5.810220623961661942e+06,1.000361028443133021e-05,-1.807159955656562953e-05,9.999999999999251710e-01,2.739223747124505188e-07,0.000000000000000000e+00,0.000000000000000000e+00,4.714491631218823079e-07,9.418454143079502551e-11,2.357245815613162903e-08,4.709227071540789290e-12
5.979925209030424245e+06,1.000340827918225934e-05,-1.755874479187333043e-05,9.999999999999292788e-01,2.661487184681516086e-07,-3.308722450212110699e-24,-8.077935669463160887e-28,4.450702982417082862e-07,8.639134635510718935e-11,2.225351491212084080e-08,4.319567317756312341e-12
6.154586515720838681e+06,1.000321757667687040e-05,-1.706044435637002097e-05,9.999999999999331646e-01,2.585956711882278924e-07,0.000000000000000000e+00,0.000000000000000000e+00,4.201674026600384949e-07,7.924299052644721961e-11,2.100837013303535939e-08,3.962149526323233882e-12
6.334349319668900222e+06,1.000303754449591959e-05,-1.657628521938957149e-05,9.999999999999370504e-01,2.512569722002707914e-07,0.000000000000000000e+00,-4.038967834731579995e-28,3.966578918817708064e-07,7.268611744050650245e-11,1.983289459412010156e-08,3.634305872026125888e-12
6.519362625108934008e+06,1.000286758560570990e-05,-1.610586605054876948e-05,9.999999999999404920e-01,2.441265385037950183e-07,-3.308722450212110699e-24,-4.038967834731579995e-28,3.744638022382874216e-07,6.667178551728182008e-11,1.872319011194417142e-08,3.333589275864827146e-12
6.709779788382251747e+06,1.000270713637824978e-05,-1.564879692973373146e-05,9.999999999999438227e-01,2.371984597280787122e-07,-3.308722450212110699e-24,-8.077935669463160887e-28,3.535115323397395077e-07,6.115510279311679970e-11,1.767557661701510151e-08,3.057755139656512877e-12
6.905758645053234883e+06,1.000255566472201921e-05,-1.520469899547196945e-05,9.999999999999470424e-01,2.304669932330947017e-07,0.000000000000000000e+00,0.000000000000000000e+00,3.337315989937687903e-07,5.609489183973832867e-11,1.668657994971499995e-08,2.804744591987535042e-12
7.107461640738224611e+06,1.000241266831747975e-05,-1.477320412379301013e-05,9.999999999999499289e-01,2.239265593494734118e-07,-3.308722450212110699e-24,4.038967834731579995e-28,3.150584067812299800e-07,5.145338240918962278e-11,1.575292033908657846e-08,2.572669120460047968e-12
7.315055965755646117e+06,1.000227767295124028e-05,-1.435395467284423946e-05,9.999999999999527045e-01,2.175717367535506916e-07,-1.654361225106054982e-24,-4.038967834731579995e-28,2.974300305247686085e-07,4.719592951051161264e-11,1.487150152626210003e-08,2.359796475526101093e-12
7.528713693708994426e+06,1.000215023094343018e-05,-1.394660312958432931e-05,9.999999999999555911e-01,2.113972579736674991e-07,-1.654361225106054982e-24,0.000000000000000000e+00,2.807880099288657985e-07,4.329075481385229878e-11,1.403940049646563042e-08,2.164537740693091941e-12
7.748611924117537215e+06,1.000202991966308949e-05,-1.355081182173332928e-05,9.999999999999580336e-01,2.053980050239956912e-07,1.654361225106054982e-24,-4.038967834731579995e-28,2.650771557103240977e-07,3.970870945180187809e-11,1.325385778553729964e-08,1.985435472590531809e-12
7.974932929212971590e+06,1.000191634012660039e-05,-1.316625268763523961e-05,9.999999999999601430e-01,1.995690051622736954e-07,1.654361225106054982e-24,0.000000000000000000e+00,2.502453665762730218e-07,3.642305644746484699e-11,1.251226832883356000e-08,1.821152822373643985e-12
8.207864305023705587e+06,1.000180911567458956e-05,-1.279260699011429977e-05,9.999999999999624745e-01,1.939054267679316092e-07,1.654361225106054982e-24,2.019483917365789998e-28,2.362434564427480056e-07,3.340927114527688769e-11,1.181217282215620044e-08,1.670463557264213062e-12
8.447599126872003078e+06,1.000170789072274942e-05,-1.242956498831030969e-05,9.999999999999645839e-01,1.884025753371917095e-07,0.000000000000000000e+00,-2.019483917365789998e-28,2.230249913208545922e-07,3.064485815494962107e-11,1.115124956606048024e-08,1.532242907747818913e-12
8.694336109412876889e+06,1.000161232958272926e-05,-1.207682578043701062e-05,9.999999999999665823e-01,1.830558895918250065e-07,-1.654361225106054982e-24,0.000000000000000000e+00,2.105461353295906029e-07,2.810918344218317144e-11,1.052730676649629081e-08,1.405459172109467917e-12
8.948279771347392350e+06,1.000152211534883077e-05,-1.173409696908464944e-05,9.999999999999683586e-01,1.778609376983364888e-07,3.308722450212110699e-24,0.000000000000000000e+00,1.987655053246670923e-07,2.578332031284465868e-11,9.938275266249170972e-09,1.289166015642517075e-12
9.209640604946905747e+06,1.000143694884710945e-05,-1.140109448281510074e-05,9.999999999999702460e-01,1.728134135944473945e-07,0.000000000000000000e+00,-4.038967834731579995e-28,1.876440336612371933e-07,2.364990814101286105e-11,9.382201683076793583e-09,1.182495407050903930e-12
9.478635250528758392e+06,1.000135654764319076e-05,-1.107754228384246023e-05,9.999999999999719114e-01,1.679091334198270935e-07,-1.654361225106054982e-24,0.000000000000000000e+00,1.771448386354222897e-07,2.169302278641279103e-11,8.857241931785212953e-09,1.084651139320879062e-12
9.755486676028041169e+06,1.000128064510568033e-05,-1.076317217476669928e-05,9.999999999999733546e-01,1.631440320481184117e-07,0.000000000000000000e+00,2.019483917365789998e-28,1.672331021749832943e-07,1.989805773401441038e-11,8.361655108762474715e-09,9.949028867009394715e-13
1.004042436181429029e+07,1.000120898952195987e-05,-1.045772359758947034e-05,9.999999999999747979e-01,1.585141597173810090e-07,0.000000000000000000e+00,0.000000000000000000e+00,1.578759543735301963e-07,1.825161506860214017e-11,7.893797718689075018e-09,9.125807534303080682e-13
1.033368449090629071e+07,1.000114134326338023e-05,-1.016094337508951010e-05,9.999999999999764633e-01,1.540156787561581084e-07,-1.654361225106054982e-24,-1.009741958682894999e-28,1.490423644853538913e-07,1.674140547053179940e-11,7.452118224279556665e-09,8.370702735267744097e-13
1.063551014474265091e+07,1.000107748199730061e-05,-9.872585479644098764e-06,9.999999999999775735e-01,1.496448604024559086e-07,1.654361225106054982e-24,1.009741958682894999e-28,1.407030380193923080e-07,1.535615648622657066e-11,7.035151900980812284e-09,7.678078243114977454e-13
1.094615150467048027e+07,1.000101719394305985e-05,-9.592410907482119844e-06,9.999999999999789058e-01,1.453980817129966988e-07,0.000000000000000000e+00,1.009741958682894999e-28,1.328303195910680060e-07,1.408552838872838011e-11,6.641515979563969024e-09,7.042764194365743039e-13
1.126586605931906030e+07,1.000096027916974038e-05,-9.320187423720620846e-06,9.999999999999801270e-01,1.412718225601840871e-07,-8.271806125530276749e-25,0.000000000000000000e+00,1.253981012098272049e-07,1.292003700027378975e-11,6.269905060501340345e-09,6.460018500138320831e-13
1.159491881803054921e+07,1.000090654893306002e-05,-9.055689369867207838e-06,9.999999999999810152e-01,1.372626627142918939e-07,-8.271806125530276749e-25,1.009741958682894999e-28,1.183817356982405977e-07,1.185098290082964934e-11,5.919086784921452302e-09,5.925491450416131884e-13
1.193358253052451089e+07,1.000085582504955015e-05,-8.798697533628799545e-06,9.999999999999822364e-01,1.333672790084581917e-07,-8.271806125530276749e-25,1.009741958682894999e-28,1.117579549555391970e-07,1.087038649418943959e-11,5.587897747785852375e-09,5.435193247095916539e-13
1.228213791297841072e+07,1.000080793930554017e-05,-8.548998867708740453e-06,9.999999999999831246e-01,1.295824425841328898e-07,-8.271806125530276749e-25,1.009741958682894999e-28,1.055047927945265038e-07,9.970928446952836380e-12,5.275239639734717101e-09,4.985464223477516789e-13
1.264087388071144931e+07,1.000076273289939986e-05,-8.306386426924015001e-06,9.999999999999841238e-01,1.259050162146980962e-07,8.271806125530276749e-25,0.000000000000000000e+00,9.960151209597581836e-08,9.145895055815599123e-12,4.980075604806715805e-09,4.572947527908808092e-13
1.301008778766459972e+07,1.000072005591486952e-05,-8.070659082959611341e-06,9.999999999999849010e-01,1.223319517050409968e-07,1.654361225106054982e-24,0.000000000000000000e+00,9.402853603893564167e-08,8.389128135381914331e-12,4.701426801954263601e-09,4.194564067691881180e-13
1.339008567287543043e+07,1.000067976682392959e-05,-7.841621471365224598e-06,9.999999999999857891e-01,1.188602873649244013e-07,8.271806125530276749e-25,5.048709793414475555e-29,8.876738317888585729e-08,7.694979052453853755e-12,4.438369158951358145e-09,3.847489526227775767e-13
1.378118251415185072e+07,1.000064173201742918e-05,-7.619083715908762101e-06,9.999999999999865663e-01,1.154871455540607980e-07,0.000000000000000000e+00,5.048709793414475555e-29,8.380060615844766121e-08,7.058266563702306221e-12,4.190030307929051791e-09,3.529133281851931016e-13
1.418370248915519938e+07,1.000060582536199972e-05,-7.402861370688936937e-06,9.999999999999872324e-01,1.122097302968548032e-07,8.271806125530276749e-25,-5.048709793414475555e-29,7.911173384739540939e-08,6.474238142012741814e-12,3.955586692376067134e-09,3.237119071007083886e-13
1.459797924410906993e+07,1.000057192778180033e-05,-7.192775224605122770e-06,9.999999999999880096e-01,1.090253249648368032e-07,8.271806125530276749e-25,0.000000000000000000e+00,7.468521672009198348e-08,5.938534502839423381e-12,3.734260836010542963e-09,2.969267251420366205e-13
1.502435617035645060e+07,1.000053992686359032e-05,-6.988651124377108223e-06,9.999999999999887867e-01,1.059312900248673956e-07,8.271806125530276749e-25,5.048709793414475555e-29,7.050637528920459655e-08,5.447157065786853364e-12,3.525318764465840842e-09,2.723578532894026873e-13
1.546318668899467960e+07,1.000050971648396021e-05,-6.790319844413389780e-06,9.999999999999893419e-01,1.029250608512448015e-07,4.135903062765137915e-25,0.000000000000000000e+00,6.656135142469458956e-08,4.996438108546406842e-12,3.328067571240027073e-09,2.498219054273754235e-13
1.591483454382387921e+07,1.000048119645742001e-05,-6.597617046040867168e-06,9.999999999999900080e-01,1.000041455999036038e-07,0.000000000000000000e+00,5.048709793414475555e-29,6.283706239664188709e-08,4.583013390412226887e-12,3.141853119837093917e-09,2.291506695206617911e-13
1.637967410285186023e+07,1.000045427220407940e-05,-6.410382956497483700e-06,9.999999999999905631e-01,9.716612314294056278e-08,-4.135903062765137915e-25,2.524354896707237777e-29,5.932115748949803671e-08,4.203797041033767101e-12,2.966057874479622886e-09,2.101898520517346971e-13
1.685809066860537976e+07,1.000042885443608968e-05,-6.228462378641653993e-06,9.999999999999910072e-01,9.440864106175812832e-08,0.000000000000000000e+00,0.000000000000000000e+00,5.600197704389008758e-08,3.855958526970548608e-12,2.800098852198961145e-09,1.927979263485698951e-13
1.735048079750492051e+07,1.000040485886150074e-05,-6.051704548099600057e-06,9.999999999999915623e-01,9.172941369715888760e-08,4.135903062765137915e-25,2.524354896707237777e-29,5.286851379014646142e-08,3.536901524123680978e-12,2.643425689511529863e-09,1.768450762062230098e-13
1.785725262856775895e+07,1.000038220590470968e-05,-5.879962937220026282e-06,9.999999999999920064e-01,8.912622025477786640e-08,0.000000000000000000e+00,2.524354896707237777e-29,4.991037634531736854e-08,3.244244538344497800e-12,2.495518817269840962e-09,1.622122269172606904e-13
1.837882622171176970e+07,1.000036082044257955e-05,-5.713095176262733377e-06,9.999999999999923395e-01,8.659690296428011436e-08,0.000000000000000000e+00,2.524354896707237777e-29,4.711775475263614110e-08,2.975803129569347005e-12,2.355887737635556003e-09,1.487901564785001921e-13
1.891563390594043955e+07,1.000034063155535069e-05,-5.550962992244554814e-06,9.999999999999928946e-01,8.413936529079880901e-08,0.000000000000000000e+00,5.048709793414475555e-29,4.448138794914130065e-08,2.729573606798572119e-12,2.224069397460605117e-09,1.364786803399587114e-13
1.946812063769752905e+07,1.000032157229138918e-05,-5.393431937971118212e-06,9.999999999999932276e-01,8.175157019713093569e-08,0.000000000000000000e+00,0.000000000000000000e+00,4.199253305357383228e-08,2.503718072216283852e-12,2.099626652682032927e-09,1.251859036108417889e-13
2.003674436968867853e+07,1.000030357944518967e-05,-5.240371479593588227e-06,9.999999999999936717e-01,7.943153845525015053e-08,0.000000000000000000e+00,-2.524354896707237777e-29,3.964293637269984283e-08,2.296550702817797162e-12,1.982146818638146926e-09,1.148275351409150916e-13
2.062197643047545105e+07,1.000028659334777030e-05,-5.091654732055339629e-06,9.999999999999940048e-01,7.717734700573751490e-08,8.271806125530276749e-25,1.262177448353618889e-29,3.742480602990863111e-08,2.106525167148544962e-12,1.871240301498409075e-09,1.053262583574504040e-13
2.122430191515652090e+07,1.000027055766880072e-05,-4.947158424983874294e-06,9.999999999999944489e-01,7.498712736376977965e-08,0.000000000000000000e+00,0.000000000000000000e+00,3.533078612531500254e-08,1.932223083230910948e-12,1.766539306268560970e-09,9.661115416156681510e-14
2.184422008745991066e+07,1.000025541922978051e-05,-4.806762757880277911e-06,9.999999999999946709e-01,7.285906407034437700e-08,0.000000000000000000e+00,0.000000000000000000e+00,3.335393234167405940e-08,1.772343431527064975e-12,1.667696617086358013e-09,8.861717157637281753e-14
2.248224479357948899e+07,1.000024112782768014e-05,-4.670351414527844187e-06,9.999999999999950040e-01,7.079139318745705805e-08,0.000000000000000000e+00,-1.262177448353618889e-29,3.148768891521177756e-08,1.625692843914418039e-12,1.574384445763094946e-09,8.128464219573879960e-14
2.313890488809880987e+07,1.000022763606848036e-05,-4.537811296000959149e-06,9.999999999999953371e-01,6.878240083598505207e-08,-2.067951531382568958e-25,1.262177448353618889e-29,2.972586689499985852e-08,1.491176696188980026e-12,1.486293344752358001e-09,7.455883480946539193e-14
2.381474467235520855e+07,1.000021489920997982e-05,-4.409032540628587740e-06,9.999999999999956701e-01,6.683042177506355088e-08,-4.135903062765137915e-25,1.262177448353618889e-29,2.806262361877795978e-08,1.367790937609620926e-12,1.403131180941130922e-09,6.838954688049610409e-14
2.451032434560776874e+07,1.000020287501343049e-05,-4.283908376087262680e-06,9.999999999999957812e-01,6.493383802177842041e-08,2.067951531382568958e-25,-1.262177448353618889e-29,2.649244333715959078e-08,1.254614596497618001e-12,1.324622166860088022e-09,6.273072982489473604e-14
2.522622046938284114e+07,1.000019152360345025e-05,-4.162335173030339397e-06,9.999999999999962252e-01,6.309107751003037441e-08,0.000000000000000000e+00,-1.262177448353618889e-29,2.501011892196625114e-08,1.150802905952005928e-12,1.250505946100302919e-09,5.754014529761297875e-14
2.596302644538221136e+07,1.000018080733578920e-05,-4.044212046480852172e-06,9.999999999999963363e-01,6.130061278745955458e-08,-2.067951531382568958e-25,-6.310887241768093743e-30,2.361073459803013908e-08,1.055580998369978002e-12,1.180536729903385978e-09,5.277904991851052729e-14
2.672135300734994933e+07,1.000017069067251935e-05,-3.929441141785090351e-06,9.999999999999964473e-01,5.956095974935019935e-08,-2.067951531382568958e-25,-6.310887241768093743e-30,2.228964964119958053e-08,9.682381217071830558e-13,1.114482482061752998e-09,4.841190608536982955e-14
2.750182872730569914e+07,1.000016114006413950e-05,-3.817927354502467805e-06,9.999999999999967804e-01,5.787067640846549735e-08,0.000000000000000000e+00,-6.310887241768093743e-30,2.104248298848533075e-08,8.881223343071227128e-13,1.052124149425940958e-09,4.440611671536591752e-14
2.830510053656399995e+07,1.000015212383832932e-05,-3.709578223128806938e-06,9.999999999999968914e-01,5.622836169979383032e-08,-2.067951531382568958e-25,-1.262177448353618889e-29,1.986509870931112836e-08,8.146356387009983506e-13,9.932549354671372427e-10,4.073178193505890171e-14
2.913183426197148114e+07,1.000014361209492063e-05,-3.604303909322609908e-06,9.999999999999971134e-01,5.463265431921492014e-08,0.000000000000000000e+00,-6.310887241768093743e-30,1.875359228968741137e-08,7.472295180558709271e-13,9.376796144858630506e-10,3.736147590280178206e-14
2.998271517780645937e+07,1.000013557660676069e-05,-3.502017208727335173e-06,9.999999999999972244e-01,5.308223159512355803e-08,1.033975765691285053e-25,0.000000000000000000e+00,1.770427768382273124e-08,6.854008419544576337e-13,8.852138841925456023e-10,3.427004209773043203e-14
3.085844857379842922e+07,1.000012799072606931e-05,-3.402633308110916799e-06,9.999999999999975575e-01,5.157580839207571879e-08,-1.033975765691285053e-25,-6.310887241768093743e-30,1.671367509023289019e-08,6.286881109466246241e-13,8.356837545129745952e-10,3.143440554733817066e-14
3.175976033973813057e+07,1.000012082929606961e-05,-3.306069771931619907e-06,9.999999999999974465e-01,5.011213604554775679e-08,0.000000000000000000e+00,-6.310887241768093743e-30,1.577849941180994988e-08,5.766680118412904603e-13,7.889249705917534436e-10,2.883340059207088313e-14
3.268739756716300175e+07,1.000011406856760946e-05,-3.212246673006856874e-06,9.999999999999976685e-01,4.869000132692679688e-08,-2.067951531382568958e-25,-3.155443620884046871e-30,1.489564936158196926e-08,5.289522580268716748e-13,7.447824680802841231e-10,2.644761290134941058e-14
3.364212916861650348e+07,1.000010768612032983e-05,-3.121086156685612009e-06,9.999999999999977796e-01,4.730822543787293904e-08,1.033975765691285053e-25,6.310887241768093743e-30,1.406219717803498029e-08,4.851846912358981665e-13,7.031098589028682311e-10,2.425923456180026059e-14
3.462474651499480754e+07,1.000010166078836985e-05,-3.032512717446424953e-06,9.999999999999978906e-01,4.596566303322117936e-08,-1.033975765691285053e-25,0.000000000000000000e+00,1.327537891589079943e-08,4.450386231208930895e-13,6.637689457955965085e-10,2.225193115604957002e-14
3.563606409150909632e+07,1.000009597259014943e-05,-2.946452852047156170e-06,9.999999999999978906e-01,4.466120127161192073e-08,1.033975765691285053e-25,0.000000000000000000e+00,1.253258528014227931e-08,4.082143967986025176e-13,6.266292640081114626e-10,2.041071983993462049e-14
3.667692017280706018e+07,1.000009060266213982e-05,-2.862835396573246070e-06,9.999999999999982236e-01,4.339375889306415895e-08,0.000000000000000000e+00,-3.155443620884046871e-30,1.183135297294926024e-08,3.744371501615352758e-13,5.915676486484047987e-10,1.872185750808089048e-14
3.774817751781340688e+07,1.000008553319623055e-05,-2.781590785188027024e-06,9.999999999999981126e-01,4.216228532272575226e-08,0.000000000000000000e+00,3.155443620884046871e-30,1.116935652469915991e-08,3.434547642618014938e-13,5.584678262358469870e-10,1.717273821309386059e-14
3.885072408486521244e+07,1.000008074738076070e-05,-2.702651959020213895e-06,9.999999999999984457e-01,4.096575980005889250e-08,-1.033975765691285053e-25,0.000000000000000000e+00,1.054440058214214033e-08,3.150359814536531805e-13,5.272200291079459844e-10,1.575179907268613001e-14
3.998547376773483306e+07,1.000007622934469946e-05,-2.625953230318702813e-06,9.999999999999984457e-01,3.980319053273810000e-08,0.000000000000000000e+00,0.000000000000000000e+00,9.954412628025972851e-09,2.889686792482237008e-13,4.977206314020908127e-10,1.444843396241437078e-14
4.115336715315063298e+07,1.000007196410507923e-05,-2.551431166132861795e-06,9.999999999999985567e-01,3.867361387456006730e-08,-1.033975765691285053e-25,1.577721810442023961e-30,9.397436108087290011e-09,2.650582869962423161e-13,4.698718054051122512e-10,1.325291434981503996e-14
4.235537230044327676e+07,1.000006793751724938e-05,-2.479024024024808971e-06,9.999999999999986677e-01,3.757609352668337762e-08,5.169878828456422968e-26,0.000000000000000000e+00,8.871623942606285835e-09,2.431263335805728916e-13,4.435811971310204145e-10,1.215631667903132071e-14
4.359248554396390915e+07,1.000006413622796929e-05,-2.408671615602829077e-06,9.999999999999985567e-01,3.650971976153645294e-08,5.169878828456422968e-26,1.577721810442023961e-30,8.375232401007719582e-09,2.230091152783234963e-13,4.187616200510524902e-10,1.115045576391863038e-14
4.486573231893925369e+07,1.000006054763119996e-05,-2.340315853628855127e-06,9.999999999999988898e-01,3.547360866875025785e-08,5.169878828456422968e-26,-1.577721810442023961e-30,7.906615319194589517e-09,2.045564738492217007e-13,3.953307659603587225e-10,1.022782369246333960e-14
4.617616801144831628e+07,1.000005715982618948e-05,-2.273899907873997109e-06,9.999999999999987788e-01,3.446690142249056956e-08,-5.169878828456422968e-26,-1.577721810442023961e-30,7.464218640437779795e-09,1.876306757297098074e-13,3.732109320224831226e-10,9.381533786487557501e-15
4.752487883322519809e+07,1.000005396157810967e-05,-2.209368840274732189e-06,9.999999999999990008e-01,3.348876356958286858e-08,-5.169878828456422968e-26,0.000000000000000000e+00,7.046575261717860840e-09,1.721053839668799930e-13,3.523287630864538187e-10,8.605269198345899541e-15
4.891298272201289982e+07,1.000005094228073076e-05,-2.146668990866659210e-06,9.999999999999988898e-01,3.253838433783936886e-08,0.000000000000000000e+00,-1.577721810442023961e-30,6.652300168427997845e-09,1.578647152185920052e-13,3.326150084219292155e-10,7.893235760931335122e-15
5.034163026821483672e+07,1.000004809192126949e-05,-2.085748558725072865e-06,9.999999999999988898e-01,3.161497596401520267e-08,0.000000000000000000e+00,3.155443620884046871e-30,6.280085841303574659e-09,1.448023747810676039e-13,3.140042920656785258e-10,7.240118739054971483e-15
5.181200566861181706e+07,1.000004540104718039e-05,-2.026557104138818152e-06,9.999999999999992228e-01,3.071777304083651183e-08,0.000000000000000000e+00,-7.888609052210118054e-31,5.928697920346608372e-09,1.328208631876670921e-13,2.964348960178021804e-10,6.641043159384819993e-15
5.332532770793513954e+07,1.000004286073483921e-05,-1.969045279380328957e-06,9.999999999999991118e-01,2.984603188255923754e-08,0.000000000000000000e+00,-7.888609052210118054e-31,5.596971111365343637e-09,1.218307484567661035e-13,2.798485555687126186e-10,6.091537422839647660e-15
5.488285076910945028e+07,1.000004046255990021e-05,-1.913165640688509075e-06,9.999999999999992228e-01,2.899902990853288921e-08,0.000000000000000000e+00,1.577721810442023961e-30,5.283805321554230199e-09,1.117499985566745953e-13,2.641902660781318935e-10,5.587499927834965120e-15
5.648586587300267816e+07,1.000003819856937961e-05,-1.858871869789978951e-06,9.999999999999993339e-01,2.817606504425791935e-08,0.000000000000000000e+00,0.000000000000000000e+00,4.988162011298602350e-09,1.025033691050031021e-13,2.494081005653271125e-10,5.125168455251283651e-15
5.813570174854496866e+07,1.000003606125529935e-05,-1.806118792349582926e-06,9.999999999999992228e-01,2.737645513944081955e-08,0.000000000000000000e+00,7.888609052210118054e-31,4.709060750105922651e-09,9.402184173216473004e-14,2.354530375056708764e-10,4.701092086609274327e-15
5.983372593410354108e+07,1.000003404352977073e-05,-1.754862909101215934e-06,9.999999999999993339e-01,2.659953740256402968e-08,0.000000000000000000e+00,0.000000000000000000e+00,4.445575965242017313e-09,8.624210891686543208e-14,2.222787982624547128e-10,4.312105445844222181e-15
6.158134591102647781e+07,1.000003213870148080e-05,-1.705061506951812094e-06,9.999999999999993339e-01,2.584466785150236015e-08,5.169878828456422968e-26,0.000000000000000000e+00,4.196833872289975851e-09,7.910610144830836968e-14,2.098416936148327874e-10,3.955305072416289702e-15
6.338001027029497921e+07,1.000003034045353058e-05,-1.656673476416488940e-06,9.999999999999993339e-01,2.511122077973032942e-08,-2.584939414228210910e-26,0.000000000000000000e+00,3.962009577452655367e-09,7.256055498801328060e-14,1.981004788729479965e-10,3.628027749401463935e-15
6.523120991325111687e+07,1.000002864282245068e-05,-1.609658708967622011e-06,9.999999999999994449e-01,2.439858823767798101e-08,2.584939414228210910e-26,-3.944304526105059027e-31,3.740324341989247015e-09,6.655661249599642059e-14,1.870162170997599962e-10,3.327830624800554039e-15
6.713647928739643097e+07,1.000002704017847049e-05,-1.563978120632569091e-06,9.999999999999994449e-01,2.370617952880551924e-08,0.000000000000000000e+00,0.000000000000000000e+00,3.531042999714085811e-09,6.104945955375433450e-14,1.765521499859852993e-10,3.052472977688390176e-15
6.909739765828552842e+07,1.000002552720678015e-05,-1.519593960751957028e-06,9.999999999999995559e-01,2.303342071997858095e-08,2.584939414228210910e-26,-7.888609052210118054e-31,3.333471518993423162e-09,5.599798986204217179e-14,1.666735759499363935e-10,2.799899493102726110e-15
7.111559041856925189e+07,1.000002409888997999e-05,-1.476469325846826032e-06,9.999999999999995559e-01,2.237975416573885098e-08,0.000000000000000000e+00,-3.944304526105059027e-31,3.146954701155130040e-09,5.136449841666621959e-14,1.573477350580069929e-10,2.568224920833876909e-15
7.319273043527215719e+07,1.000002275049139062e-05,-1.434568470184321962e-06,9.999999999999995559e-01,2.174463804607530105e-08,2.584939414228210910e-26,-7.888609052210118054e-31,2.970874007678663996e-09,4.711440007210493228e-14,1.485437003841695874e-10,2.355720003605764817e-15
7.533053943642129004e+07,1.000002147753938958e-05,-1.393856889835122082e-06,9.999999999999997780e-01,2.112754591731306045e-08,-2.584939414228210910e-26,-3.944304526105059027e-31,2.804645508959653996e-09,4.321597139227015766e-14,1.402322754482058938e-10,2.160798569613984907e-15
7.753078943817548454e+07,1.000002027581251036e-05,-1.354300441233602908e-06,9.999999999999995559e-01,2.052796627574757838e-08,-2.584939414228210910e-26,0.000000000000000000e+00,2.647717947846715070e-09,3.964011386154009988e-14,1.323858973925464933e-10,1.982005693077441865e-15
7.979530421363815665e+07,1.000001914132553070e-05,-1.315866734291753088e-06,9.999999999999996669e-01,1.994540213366257996e-08,-2.584939414228210910e-26,-3.944304526105059027e-31,2.499570911528657073e-09,3.636013668863250786e-14,1.249785455766317906e-10,1.818006834432027160e-15
8.212596080457115173e+07,1.000001807031619960e-05,-1.278523627292521099e-06,9.999999999999995559e-01,1.937937060738005914e-08,5.169878828456422968e-26,0.000000000000000000e+00,2.359713105709569167e-09,3.335155758212972721e-14,1.179856552856662077e-10,1.667577879106854009e-15
8.452469107726262510e+07,1.000001705923275038e-05,-1.242240337351723910e-06,9.999999999999995559e-01,1.882940251700113940e-08,2.584939414228210910e-26,1.972152263052529951e-31,2.227680725348533097e-09,3.059192001061173198e-14,1.113840362676038990e-10,1.529596000530923087e-15
8.699348332383856177e+07,1.000001610472217939e-05,-1.206986732639929991e-06,9.999999999999995559e-01,1.829504199750587131e-08,2.584939414228210910e-26,1.972152263052529951e-31,2.103035916560874832e-09,2.806062558339619152e-14,1.051517958282111009e-10,1.403031279170118928e-15
8.953438391034539044e+07,1.000001520361907029e-05,-1.172733591670594075e-06,9.999999999999995559e-01,1.777584612088959146e-08,1.292469707114106029e-26,1.972152263052529951e-31,1.985365324580242131e-09,2.573878030074808120e-14,9.926826622917012130e-11,1.286939015037687971e-15
9.214949897296966612e+07,1.000001435293513998e-05,-1.139452522235135915e-06,9.999999999999996669e-01,1.727138452902282103e-08,0.000000000000000000e+00,0.000000000000000000e+00,1.874278722966157955e-09,2.360905352594483042e-14,9.371393614845702809e-11,1.180452676297501056e-15
9.484099616380083561e+07,1.000001354984929949e-05,-1.107115937868819967e-06,9.999999999999995559e-01,1.678123907693010970e-08,1.292469707114106029e-26,1.972152263052529951e-31,1.769407719511139950e-09,2.165554862654093099e-14,8.847038597569779139e-11,1.082777431327285969e-15
9.761110644758410752e+07,1.000001279169828919e-05,-1.075697034984516101e-06,9.999999999999995559e-01,1.630500348619235930e-08,1.292469707114106029e-26,0.000000000000000000e+00,1.670404534555863960e-09,1.986368431927786980e-14,8.352022672792613887e-11,9.931842159641122016e-16
1.004621259509529024e+08,1.000001207596791031e-05,-1.045169884342214000e-06,9.999999999999997780e-01,1.584228300818531089e-08,0.000000000000000000e+00,1.972152263052529951e-31,1.576940847660901970e-09,1.822008583297705907e-14,7.884704238317061281e-11,9.110042916490536002e-16
1.033964178656731993e+08,1.000001140028459018e-05,-1.015508841028020958e-06,9.999999999999996669e-01,1.539269409687484980e-08,1.292469707114106029e-26,1.972152263052529951e-31,1.488706708810333072e-09,1.671248507703872939e-14,7.443533544063509809e-11,8.356242538521206882e-16
1.064164144074786007e+08,1.000001076240758955e-05,-9.866896603483380516e-07,9.999999999999996669e-01,1.495586409089822044e-08,1.292469707114106029e-26,-1.972152263052529951e-31,1.405409510536470983e-09,1.532962907038709873e-14,7.027047552693539172e-11,7.664814535195240483e-16
1.095246188321176022e+08,1.000001016022155034e-05,-9.586884542693465980e-07,9.999999999999997780e-01,1.453143090466742080e-08,0.000000000000000000e+00,0.000000000000000000e+00,1.326773017557027910e-09,1.406119594736091922e-14,6.633865087795701354e-11,7.030597973682007355e-16
1.127236075102868974e+08,1.000000959172946026e-05,-9.314817853032099392e-07,9.999999999999998890e-01,1.411904272823873937e-08,-1.292469707114106029e-26,0.000000000000000000e+00,1.252536450706708999e-09,1.289771791360312973e-14,6.262682253543513037e-11,6.448858956802985207e-16
1.160160320631678998e+08,1.000000905504604926e-05,-9.050471020167086684e-07,9.999999999999996669e-01,1.371835773569977920e-08,-1.292469707114106029e-26,9.860761315262647568e-32,1.182453622125339029e-09,1.183051057687993020e-14,5.912268110636106909e-11,5.915255288441266723e-16
1.194046215603390932e+08,1.000000854839154019e-05,-8.793627203385044099e-07,9.999999999999996669e-01,1.332904380183215924e-08,1.292469707114106029e-26,9.860761315262647568e-32,1.116292118834572013e-09,1.085160812534259990e-14,5.581460594181742304e-11,5.425804062672494878e-16
1.228921847818838954e+08,1.000000807008572971e-05,-8.544073506495308123e-07,9.999999999999998890e-01,1.295077822681503990e-08,1.292469707114106029e-26,0.000000000000000000e+00,1.053832531995699962e-09,9.953703869392054974e-15,5.269162659986888841e-11,4.976851934697124793e-16
1.264816125465705991e+08,1.000000761854244019e-05,-8.301599664493305961e-07,9.999999999999996669e-01,1.258324746874129999e-08,6.462348535570528710e-27,0.000000000000000000e+00,9.948677292926039481e-10,9.130095703340756295e-15,4.974338646470936764e-11,4.565047851671383748e-16
1.301758801080334038e+08,1.000000719226422919e-05,-8.066009240784017929e-07,9.999999999999998890e-01,1.222614688372470059e-08,6.462348535570528710e-27,0.000000000000000000e+00,9.392021680268427178e-10,8.374636079788755529e-15,4.696010840141687295e-11,4.187318039895300929e-16
1.339780496209411025e+08,1.000000678983743938e-05,-7.837102407561920435e-07,9.999999999999997780e-01,1.187918047338248064e-08,-6.462348535570528710e-27,4.930380657631323784e-32,8.866512466469581630e-10,7.681686123314431732e-15,4.433256233241846148e-11,3.840843061658061919e-16
1.378912726791976094e+08,1.000000640992751953e-05,-7.614692836970067843e-07,9.999999999999997780e-01,1.154206063948423025e-08,6.462348535570528710e-27,0.000000000000000000e+00,8.370406925614816156e-10,7.046073540976937851e-15,4.185203462814069208e-11,3.523036770489246052e-16
1.419187929282774031e+08,1.000000605127460978e-05,-7.398596175143284072e-07,9.999999999999998890e-01,1.121450794556354019e-08,-6.462348535570528710e-27,0.000000000000000000e+00,7.902059842054622154e-10,6.463054015467251031e-15,3.951029921033598942e-11,3.231527007734337857e-16
1.460639487538630962e+08,1.000000571268929968e-05,-7.188631026266833569e-07,9.999999999999998890e-01,1.089625088529493000e-08,0.000000000000000000e+00,4.930380657631323784e-32,7.459918054439587970e-10,5.928275792740131361e-15,3.729959027225730815e-11,2.964137896370718956e-16
1.503301760490114987e+08,1.000000539304876067e-05,-6.984623351576779579e-07,9.999999999999997780e-01,1.058702565744397023e-08,0.000000000000000000e+00,0.000000000000000000e+00,7.042515305031371722e-10,5.437747199803067352e-15,3.521257652521290268e-11,2.718873599902132915e-16
1.547210110621432960e+08,1.000000509129299030e-05,-6.786408598837134310e-07,1.000000000000000000e+00,1.028657594720417028e-08,6.462348535570528710e-27,0.000000000000000000e+00,6.648467377208793803e-10,4.987806850209716958e-15,3.324233688609687885e-11,2.493903425105407921e-16
1.592400933282169104e+08,1.000000480642125981e-05,-6.593814509148529013e-07,9.999999999999997780e-01,9.994652713739242963e-09,6.462348535570528710e-27,4.930380657631323784e-32,6.276467505043693427e-10,4.575096314866645041e-15,3.138233752526841721e-11,2.287548157433826208e-16
1.638911686855154037e+08,1.000000453748889028e-05,-6.406688265601393495e-07,9.999999999999997780e-01,9.711013983754776181e-09,0.000000000000000000e+00,2.465190328815661892e-32,5.925282039723570119e-10,4.196535054163828200e-15,2.962641019866500248e-11,2.098267527082377014e-16
1.686780923805480897e+08,1.000000428360402041e-05,-6.224872486716989077e-07,9.999999999999997780e-01,9.435424650928111854e-09,0.000000000000000000e+00,0.000000000000000000e+00,5.593746358449620714e-10,3.849297424318134786e-15,2.796873179229260847e-11,1.924648712159491998e-16
1.736048322636393905e+08,1.000000404392469944e-05,-6.048218740300154138e-07,1.000000000000000000e+00,9.167656281030234979e-09,0.000000000000000000e+00,0.000000000000000000e+00,5.280761002243168010e-10,3.530791586301383875e-15,2.640380501125786987e-11,1.765395793151081092e-16
1.786754720778543949e+08,1.000000381765609028e-05,-5.876576049836341093e-07,1.000000000000000000e+00,8.907486922578083068e-09,-3.231174267785263996e-27,-2.465190328815661892e-32,4.985288029852267579e-10,3.238640159925688983e-15,2.492644014930100961e-11,1.619320079963202043e-16
1.838942148439874947e+08,1.000000360404783017e-05,-5.709804415538062410e-07,1.000000000000000000e+00,8.654700922860434263e-09,-3.231174267785263996e-27,-2.465190328815661892e-32,4.706347575667248384e-10,2.970662478685050108e-15,2.353173787837368929e-11,1.485331239342853023e-16
1.892653863444193900e+08,1.000000340239153021e-05,-5.547765601468232723e-07,1.000000000000000000e+00,8.409088749184704709e-09,0.000000000000000000e+00,0.000000000000000000e+00,4.443014600230181061e-10,2.724858312900311188e-15,2.221507300118625888e-11,1.362429156450456101e-16
1.947934387087301910e+08,1.000000321201844941e-05,-5.390325294694089227e-07,1.000000000000000000e+00,8.170446815196677520e-09,-6.462348535570528710e-27,-2.465190328815661892e-32,4.194415822562292211e-10,2.499392939674454101e-15,2.097207911284483973e-11,1.249696469837502954e-16
2.004829541040410101e+08,1.000000303229726024e-05,-5.237352993956027116e-07,1.000000000000000000e+00,7.938577312129070161e-09,-3.231174267785263996e-27,0.000000000000000000e+00,3.959726824135945077e-10,2.292583448217807061e-15,1.979863412071123127e-11,1.146291724109155917e-16
2.063386485331430137e+08,1.000000286263195982e-05,-5.088719627759203491e-07,9.999999999999998890e-01,7.713288044839121874e-09,3.231174267785263996e-27,0.000000000000000000e+00,3.738169314887314193e-10,2.102886178323921076e-15,1.869084657446632039e-11,1.051443089162191995e-16
2.123653757435618043e+08,1.000000270245989975e-05,-4.944308817955467714e-07,1.000000000000000000e+00,7.494392272499267271e-09,3.231174267785263996e-27,2.465190328815661892e-32,3.529008552203107932e-10,1.928885198234803175e-15,1.764504276104363149e-11,9.644425991176137664e-17
2.185681312507975996e+08,1.000000255124990057e-05,-4.803996313993403784e-07,1.000000000000000000e+00,7.281708553808877235e-09,-3.231174267785263996e-27,0.000000000000000000e+00,3.331550904322003828e-10,1.769281735892377906e-15,1.665775452163654062e-11,8.846408679463838511e-17
2.249520564790757895e+08,1.000000240850052047e-05,-4.667661262380993925e-07,1.000000000000000000e+00,7.075060596598698621e-09,0.000000000000000000e+00,0.000000000000000000e+00,3.145141550070418750e-10,1.622884484689308943e-15,1.572570775037711919e-11,8.114422423448331486e-17
2.315224430230408907e+08,1.000000227373834937e-05,-4.535197478964083864e-07,1.000000000000000000e+00,6.874277111703439210e-09,-3.231174267785263996e-27,-1.232595164407830946e-32,2.969162307304339838e-10,1.488600711359691938e-15,1.484581153654532877e-11,7.443003556800100519e-17
2.382847370339249969e+08,1.000000214651648927e-05,-4.406495165362923027e-07,1.000000000000000000e+00,6.679191670981269642e-09,-1.615587133892631998e-27,-2.465190328815661892e-32,2.803029582855755946e-10,1.365428099637459969e-15,1.401514791430108937e-11,6.827140498188806569e-17
2.452445437338277102e+08,1.000000202641303986e-05,-4.281440817960987930e-07,1.000000000000000000e+00,6.489642569362589106e-09,0.000000000000000000e+00,-2.465190328815661892e-32,2.646192437185153129e-10,1.252447268802196922e-15,1.323096218594682062e-11,6.262236344012364130e-17
2.524076320618487895e+08,1.000000191302970929e-05,-4.159937603107421783e-07,1.000000000000000000e+00,6.305472690813754160e-09,1.615587133892631998e-27,1.232595164407830946e-32,2.498130757322008257e-10,1.148814911269575907e-15,1.249065378662992076e-11,5.744074556349143439e-17
2.597799394559246898e+08,1.000000180599047931e-05,-4.041880260093877796e-07,9.999999999999998890e-01,6.126529378104586833e-09,0.000000000000000000e+00,-6.162975822039154730e-33,2.358353532034218937e-10,1.053757498004244077e-15,1.179176766018986005e-11,5.268787490022381244e-17
2.673675767743327916e+08,1.000000170494039060e-05,-3.927177755041514832e-07,1.000000000000000000e+00,5.952664306271791065e-09,0.000000000000000000e+00,0.000000000000000000e+00,2.226397223506517886e-10,9.665655047713305885e-16,1.113198611755030951e-11,4.832827523857717905e-17
2.751768333609424829e+08,1.000000160954432983e-05,-3.815725914948484238e-07,9.999999999999998890e-01,5.783733359673336366e-09,0.000000000000000000e+00,6.162975822039154730e-33,2.101824230127910051e-10,8.865881161303487529e-16,1.050912115065627998e-11,4.432940580652721089e-17
2.832141822584124207e+08,1.000000151948594034e-05,-3.707441454931662964e-07,1.000000000000000000e+00,5.619596512531920731e-09,0.000000000000000000e+00,1.232595164407830946e-32,1.984221435290348906e-10,8.132283676412455462e-16,9.921107176467536249e-12,4.066141838207125060e-17
2.914862855736529827e+08,1.000000143446656003e-05,-3.602227795602288103e-07,1.000000000000000000e+00,5.460117712868516671e-09,-3.231174267785263996e-27,0.000000000000000000e+00,1.873198837386083060e-10,7.459386900232087684e-16,9.365994186945322644e-12,3.729693450116865737e-17
3.000000000000051856e+08,1.000000135420424041e-05,-3.499997726033514192e-07,9.999999999999998890e-01,5.305164769729755400e-09,0.000000000000000000e+00,0.000000000000000000e+00,1.768388256460376942e-10,6.842168220071041099e-16,8.841941282315960673e-12,3.421084110036275144e-17
