frequency,ip0,ip0,ip1,ip1,ip2,ip2,ip3,ip3,ip4,ip4,ip5,ip5,ip6,ip6,ip7,ip7,ip8,ip8,ip9,ip9,v(e0),v(e0),v(e1),v(e1),v(e2),v(e2),v(e3),v(e3),v(e4),v(e4),v(e5),v(e5),v(e6),v(e6),v(e7),v(e7),v(e8),v(e8),v(e9),v(e9)
1.000000000000000000e+00,1.297908699800662008e-22,-1.184225772694956213e-22,5.440000370081023881e-24,1.350940074327599226e-23,-9.999999999776337800e-01,6.318053251527702002e-11,5.604423108574007592e-16,-2.166211344410523595e-16,5.606992465973446836e-16,-2.157926584636600738e-16,5.607552634752219277e-16,-2.156097605584184738e-16,-1.473209487917572938e-11,-3.775364269900129393e-11,-1.473209487917572938e-11,-3.775364269900129393e-11,-1.473209487917572938e-11,-3.775364269900129393e-11,-1.473209487917572938e-11,-3.775364269730722803e-11,1.293165084711000734e-14,-1.189612740445286419e-14,4.385141477006654819e-13,-1.749536807118669404e-13,1.120038189513054228e+00,-3.879675663454992263e-01,-3.781226566396780218e-06,-9.930827827091784596e-06,-3.752195712100804073e-06,-9.940727424735071202e-06,-3.745785952261911971e-06,-9.942888002895210927e-06,-1.488722015665861018e-03,-3.769581221149371098e-03,-1.488722015665861018e-03,-3.769581221149371098e-03,-1.488722015665861018e-03,-3.769581221149371098e-03,-1.488722015665861452e-03,-3.769581221149385410e-03
1.029207941669011861e+00,1.388381319097810203e-22,-1.218244020390031683e-22,5.711315359647611032e-24,1.466983536174274856e-23,-9.999999999776421067e-01,6.498343444567237365e-11,5.936060484288096790e-16,-2.228633396099398631e-16,5.938629811702238829e-16,-2.220118700794701346e-16,5.939189988752817396e-16,-2.218239048657960348e-16,-1.472313411182984440e-11,-3.885628872168689395e-11,-1.472313411182984440e-11,-3.885628872168689395e-11,-1.472313411188278396e-11,-3.885628872168689395e-11,-1.472313411452976192e-11,-3.885628872338095985e-11,1.383358561944390752e-14,-1.224167426317778890e-14,4.645551206720659327e-13,-1.800330394275716535e-13,1.119190610387601925e+00,-3.767315844618447374e-01,-3.778946405152752256e-06,-1.021918048553043296e-05,-3.749941442454169819e-06,-1.022879833888484356e-05,-3.743537754447480493e-06,-1.023089747123168680e-05,-1.488738374656684016e-03,-3.879676843205039950e-03,-1.488738374656684016e-03,-3.879676843205039950e-03,-1.488738374656684016e-03,-3.879676843148196531e-03,-1.488738374884028201e-03,-3.879676843205033011e-03
1.059268987194564193e+00,1.484216458782103023e-22,-1.253214096313471312e-22,5.998633612945819172e-24,1.593228964480731762e-23,-9.999999999776508774e-01,6.684019397668440957e-11,6.287353558362218312e-16,-2.292798524134076034e-16,6.289922795820468736e-16,-2.284046816768463930e-16,6.290482970803095771e-16,-2.282114936447846334e-16,-1.471364198671363339e-11,-3.999114254115229304e-11,-1.471364198671363339e-11,-3.999114254115229304e-11,-1.471364198671363339e-11,-3.999114254115229304e-11,-1.471364198703127075e-11,-3.999114254199932598e-11,1.478898072046497969e-14,-1.259723808753204384e-14,4.921395119494051608e-13,-1.852578769803033751e-13,1.118390326291799575e+00,-3.658043135466786944e-01,-3.776524379036346389e-06,-1.051600355875008852e-05,-3.747543860731474338e-06,-1.052534752000533488e-05,-3.741145901176730903e-06,-1.052738690813694547e-05,-1.488755676972746550e-03,-3.992988303149446784e-03,-1.488755676972746550e-03,-3.992988303149446784e-03,-1.488755676972746550e-03,-3.992988303149446784e-03,-1.488755676972746333e-03,-3.992988303149438978e-03
1.090208053984336400e+00,1.585731922562565231e-22,-1.289159781355190330e-22,6.302888068929636943e-24,1.730591588889933959e-23,-9.999999999776603143e-01,6.875235087868596454e-11,6.659467316461455357e-16,-2.358750482233056797e-16,6.662036400891292458e-16,-2.349754537383879224e-16,6.662596552092476883e-16,-2.347768815877190551e-16,-1.470358702315939738e-11,-4.115914483830739393e-11,-1.470358702315939738e-11,-4.115914483830739393e-11,-1.470358702347703473e-11,-4.115914483830739393e-11,-1.470358702350350451e-11,-4.115914483746036098e-11,1.580100448003618521e-14,-1.296310210240620954e-14,5.213587987036124192e-13,-1.906321861217452082e-13,1.117634705608727685e+00,-3.551769910733368896e-01,-3.773952435605381787e-06,-1.082154309989263913e-05,-3.744995020535348829e-06,-1.083062080001183323e-05,-3.738602464807073451e-06,-1.083260210609305596e-05,-1.488773979757104966e-03,-4.109609524574593144e-03,-1.488773979757104966e-03,-4.109609524574593144e-03,-1.488773979757104749e-03,-4.109609524517749725e-03,-1.488773979757101497e-03,-4.109609524631430491e-03
1.122050787232197866e+00,1.693264349804707457e-22,-1.326105151118607773e-22,6.625065321420559661e-24,1.880068978250720650e-23,-9.999999999776704174e-01,7.072149051952749191e-11,7.053635783846742097e-16,-2.426533694131138081e-16,7.056204650107692637e-16,-2.417286050629269809e-16,7.056764768221652560e-16,-2.415244854254800268e-16,-1.469293587321530516e-11,-4.236126376672871060e-11,-1.469293587321530516e-11,-4.236126376672871060e-11,-1.469293587321530516e-11,-4.236126376672871060e-11,-1.469293587379764031e-11,-4.236126376842277649e-11,1.687301300928585711e-14,-1.333955658596837250e-14,5.523098796849901627e-13,-1.961600525680720512e-13,1.116921261606003579e+00,-3.448410760095271255e-01,-3.771222064533939910e-06,-1.113605239384111683e-05,-3.742286453088288817e-06,-1.114487125028582313e-05,-3.735899007579772439e-06,-1.114679609200601008e-05,-1.488793343431167159e-03,-4.229637173581544604e-03,-1.488793343431167159e-03,-4.229637173581544604e-03,-1.488793343431167159e-03,-4.229637173581544604e-03,-1.488793343431163473e-03,-4.229637173467850828e-03
1.154823581175344671e+00,1.807170338054942423e-22,-1.364074633544470426e-22,6.966208515706225674e-24,2.042748461456993545e-23,-9.999999999776815196e-01,7.274924560603680118e-11,7.471166132326605001e-16,-2.496193179133158084e-16,7.473734716312171507e-16,-2.486686164878417685e-16,7.474294781693367380e-16,-2.484587806187717666e-16,-1.468165321722211278e-11,-4.359849576835209649e-11,-1.468165321722211278e-11,-4.359849576835209649e-11,-1.468165321875736000e-11,-4.359849577258726122e-11,-1.468165321875736000e-11,-4.359849577258726122e-11,1.800856142638040230e-14,-1.372689982355138858e-14,5.850953969250959939e-13,-2.018456565250529622e-13,1.116247645645746633e+00,-3.347882493038827345e-01,-3.768324209291254005e-06,-1.145979214954218934e-05,-3.739409177754460588e-06,-1.146835937492572525e-05,-3.733026558537058776e-06,-1.147022932241401123e-05,-1.488813832412101777e-03,-4.353170740699054131e-03,-1.488813832412101777e-03,-4.353170740699054131e-03,-1.488813832639449431e-03,-4.353170740812727091e-03,-1.488813832639449431e-03,-4.353170740812726223e-03
1.188553600972313440e+00,1.927827609938427086e-22,-1.403092926080457771e-22,7.327420725851166838e-24,2.219815224981649439e-23,-9.999999999776935100e-01,7.483729741052276563e-11,7.913443001241887662e-16,-2.567774481803643975e-16,7.916011238845572662e-16,-2.558000230308406069e-16,7.916571240120271062e-16,-2.555842968086286149e-16,-1.466970163723467750e-11,-4.487186639424767037e-11,-1.466970163723467750e-11,-4.487186639424767037e-11,-1.466970163723467750e-11,-4.487186639424767037e-11,-1.466970163720820772e-11,-4.487186639509470332e-11,1.921141545211294512e-14,-1.412543768655050675e-14,6.198240757776238990e-13,-2.076932723032748999e-13,1.115611639529210386e+00,-3.250104034960014099e-01,-3.765249253407272301e-06,-1.179303073268714922e-05,-3.736353661881677721e-06,-1.180135334057170567e-05,-3.729975585146541489e-06,-1.180316992185970156e-05,-1.488835514613519534e-03,-4.480312622286968666e-03,-1.488835514613519534e-03,-4.480312622286968666e-03,-1.488835514613519534e-03,-4.480312622286968666e-03,-1.488835514613519751e-03,-4.480312622343805146e-03
1.223268805220006694e+00,2.055636289511355384e-22,-1.443184981444707836e-22,7.709868307355655707e-24,2.412561129629791220e-23,-9.999999999777062776e-01,7.698737702438408423e-11,8.381933092454053528e-16,-2.641323655423199644e-16,8.384500923705262611e-16,-2.631274060317461212e-16,8.385060845363827053e-16,-2.629056099581992151e-16,-1.465704150105785331e-11,-4.618243113555913762e-11,-1.465704150105785331e-11,-4.618243113555913762e-11,-1.465704150105785331e-11,-4.618243113555913762e-11,-1.465704149878145226e-11,-4.618243113979430235e-11,2.048556414484480184e-14,-1.453548391229301766e-14,6.566110857637837279e-13,-2.137072692227523182e-13,1.115011147461349106e+00,-3.154996442746272889e-01,-3.761986988588130510e-06,-1.213604437858398536e-05,-3.733109760590020841e-06,-1.214412918616190284e-05,-3.726735982451119280e-06,-1.214589388726568670e-05,-1.488858462017456216e-03,-4.611168205299409975e-03,-1.488858462017456216e-03,-4.611168205299409975e-03,-1.488858462017456216e-03,-4.611168205299409975e-03,-1.488858461790105309e-03,-4.611168205356225638e-03
1.258997969128394567e+00,2.191020194760247636e-22,-1.484375979152868905e-22,8.114783880036003400e-24,2.622394328478795744e-23,-9.999999999777198223e-01,7.920126705895143976e-11,8.878190062084533385e-16,-2.716887183406347509e-16,8.880757408401108359e-16,-2.706553914981340142e-16,8.881317234933902357e-16,-2.704273419391562072e-16,-1.464363082042141187e-11,-4.753127631966464839e-11,-1.464363082042141187e-11,-4.753127631966464839e-11,-1.464363081621271692e-11,-4.753127632135871429e-11,-1.464363081848911796e-11,-4.753127631966464839e-11,2.183523281716273702e-14,-1.495736032195656958e-14,6.955784222629834002e-13,-2.198921113018312231e-13,1.114444190526151512e+00,-3.062482776329502610e-01,-3.758526619177093616e-06,-1.248911742097761290e-05,-3.729666726489850853e-06,-1.249697105655062646e-05,-3.723296998782996738e-06,-1.249868531943760017e-05,-1.488882750415846615e-03,-4.745845955007765848e-03,-1.488882750415846615e-03,-4.745845955007765848e-03,-1.488882749961141332e-03,-4.745845955064581512e-03,-1.488882750188489203e-03,-4.745845955121438808e-03
1.295770708372101065e+00,2.334428280477849993e-22,-1.526691309555992129e-22,8.543470444892408723e-24,2.850849755646865364e-23,-9.999999999777341442e-01,8.148080293297757862e-11,9.403859614396335038e-16,-2.794511900719370323e-16,9.406426412705754196e-16,-2.783886405927560222e-16,9.406986130671092796e-16,-2.781541481239870397e-16,-1.462942512037814994e-11,-4.891952001311391943e-11,-1.462942512037814994e-11,-4.891952001311391943e-11,-1.462942512037814994e-11,-4.891952001311391943e-11,-1.462942512043108950e-11,-4.891952001480798532e-11,2.326489737546304510e-14,-1.539139717943659762e-14,7.368553112773378669e-13,-2.262523571842418533e-13,1.113908899734190827e+00,-2.972488125315271845e-01,-3.754856651807080754e-06,-1.285254253991473081e-05,-3.726013129499558081e-06,-1.286017144211463880e-05,-3.719647228989423992e-06,-1.286183667397518626e-05,-1.488908460221009030e-03,-4.884457505208199962e-03,-1.488908460221009030e-03,-4.884457505208199962e-03,-1.488908460221009030e-03,-4.884457505208199962e-03,-1.488908460221008813e-03,-4.884457505151342666e-03
1.333617503638647506e+00,2.486336104065303956e-22,-1.570156459825478827e-22,8.997304810723515224e-24,3.099600555531689900e-23,-9.999999999777495763e-01,8.382787439052035230e-11,9.960685023741619985e-16,-2.874244940113571356e-16,9.963251197529676665e-16,-2.863318409481434832e-16,9.963810788832983968e-16,-2.860907115957296814e-16,-1.461437729933169484e-11,-5.034831293472975117e-11,-1.461437729933169484e-11,-5.034831293472975117e-11,-1.461437729933169484e-11,-5.034831293472975117e-11,-1.461437729930522506e-11,-5.034831293557678411e-11,2.477929897351657265e-14,-1.583793260708700183e-14,7.805786378627747525e-13,-2.327926599226452451e-13,1.113403509311556627e+00,-2.884939469567283088e-01,-3.750964909720540685e-06,-1.322662099229785876e-05,-3.722136857722403574e-06,-1.323403142033279744e-05,-3.715774559736799021e-06,-1.323564898457454730e-05,-1.488935677318322130e-03,-5.027117749951233276e-03,-1.488935677318322130e-03,-5.027117749951233276e-03,-1.488935677318322130e-03,-5.027117749951233276e-03,-1.488935677318318877e-03,-5.027117750008077562e-03
1.372569725893698411e+00,2.647247410649527802e-22,-1.614797023813841797e-22,9.477741883557583330e-24,3.370470549277939460e-23,-9.999999999777662296e-01,8.624442722888992982e-11,1.055051286433840899e-15,-2.956133632863600893e-16,1.055307834846462996e-15,-2.944897012899333552e-16,1.055363779552831795e-15,-2.942417332218052714e-16,-1.459843745288012120e-11,-5.181883941953152172e-11,-1.459843745288012120e-11,-5.181883941953152172e-11,-1.459843745078900862e-11,-5.181883941614338993e-11,-1.459843745293306076e-11,-5.181883942122558762e-11,2.638345980238636321e-14,-1.629731333305339021e-14,8.268934002370421425e-13,-2.395177652863347138e-13,1.112926352232928240e+00,-2.799765742081269382e-01,-3.746838495834146875e-06,-1.361166285583413442e-05,-3.718025058525341978e-06,-1.361886090032422155e-05,-3.711666148378447113e-06,-1.362043211910607670e-05,-1.488964491867452757e-03,-5.173944939772439321e-03,-1.488964491867452757e-03,-5.173944939772439321e-03,-1.488964491640105319e-03,-5.173944939658766361e-03,-1.488964491867452323e-03,-5.173944939715582024e-03
1.412659662384253112e+00,2.817695789198079484e-22,-1.660638638514424588e-22,9.986318364437983571e-24,3.665447808115214903e-23,-9.999999999777833271e-01,8.873246478942678483e-11,1.117529917276614562e-15,-3.040225384690364348e-16,1.117786388244451808e-15,-3.028669369612074970e-16,1.117842317234388969e-15,-3.026119271045247492e-16,-1.458155270753279552e-11,-5.333231838943494445e-11,-1.458155270753279552e-11,-5.333231838943494445e-11,-1.458155270771808398e-11,-5.333231838774087855e-11,-1.458155270742691640e-11,-5.333231838604681266e-11,2.808269961951466301e-14,-1.676989471723140506e-14,8.759531903074353892e-13,-2.464325119744573081e-13,1.112475853651118118e+00,-2.716897690517126596e-01,-3.742463744069418524e-06,-1.400798730960600378e-05,-3.713664080184618295e-06,-1.401497887912442724e-05,-3.707308386094278357e-06,-1.401650504516192894e-05,-1.488994998380180606e-03,-5.325060778384685216e-03,-1.488994998380180606e-03,-5.325060778384685216e-03,-1.488994998380177136e-03,-5.325060778384685216e-03,-1.488994998380176920e-03,-5.325060778441528635e-03
1.453920543401338472e+00,2.998246462986892448e-22,-1.707706916823335288e-22,1.052465782771527394e-23,3.986699479628982910e-23,-9.999999999778024229e-01,9.129404959735748157e-11,1.183711589894049837e-15,-3.126567613722476323e-16,1.183967976437765814e-15,-3.114682612370962355e-16,1.184023887539922228e-15,-3.112059978336220102e-16,-1.456366707827649210e-11,-5.489000437816193411e-11,-1.456366707827649210e-11,-5.489000437816193411e-11,-1.456366707827649210e-11,-5.489000437816193411e-11,-1.456366707568245370e-11,-5.489000437646786822e-11,2.988265358171860595e-14,-1.725604082455306543e-14,9.279207033443287269e-13,-2.535418295179098941e-13,1.112050526587807564e+00,-2.636267856309294499e-01,-3.737826110408160273e-06,-1.441592287364659761e-05,-3.709039474165340218e-06,-1.442271371740957483e-05,-3.702686805566210637e-06,-1.442419608427065803e-05,-1.489027298611460834e-03,-5.480590524841478031e-03,-1.489027298611460834e-03,-5.480590524841478031e-03,-1.489027298611460834e-03,-5.480590524841478031e-03,-1.489027298384116866e-03,-5.480590524784620735e-03
1.496386569824382784e+00,3.189498152791126155e-22,-1.756027338393144713e-22,1.109447459139601615e-23,4.336587929210551498e-23,-9.999999999778221849e-01,9.393130515072825940e-11,1.253815781669039067e-15,-3.215207551972913597e-16,1.254072075258333709e-15,-3.202983725034788720e-16,1.254127966870046939e-15,-3.200286375911217615e-16,-1.454472126224346109e-11,-5.649318854683311065e-11,-1.454472126224346109e-11,-5.649318854683311065e-11,-1.454472126224346109e-11,-5.649318854683311065e-11,-1.454472126237580999e-11,-5.649318855022124244e-11,3.178929082392849038e-14,-1.775612413402638110e-14,9.829682774000292213e-13,-2.608507360861263069e-13,1.111648966807349037e+00,-2.557810562423113443e-01,-3.732910238245406147e-06,-1.483580769859388792e-05,-3.704135900687310516e-06,-1.484240340024070307e-05,-3.697786082578040802e-06,-1.484384318487960224e-05,-1.489061501028370125e-03,-5.640663096963068404e-03,-1.489061501028370125e-03,-5.640663096963068404e-03,-1.489061501028370125e-03,-5.640663096963068404e-03,-1.489061501028366872e-03,-5.640663097019897945e-03
1.540092941470106114e+00,3.392085056186481084e-22,-1.805625231205588696e-22,1.169757864752343321e-23,4.717688332887851601e-23,-9.999999999778435011e-01,9.664641767206916777e-11,1.328074976417330014e-15,-3.306192175028663055e-16,1.328331168780397195e-15,-3.293619381269617369e-16,1.328387039092209652e-15,-3.290845096077272707e-16,-1.452465241091250519e-11,-5.814319980882755312e-11,-1.452465241091250519e-11,-5.814319980882755312e-11,-1.452465241067427717e-11,-5.814319980882755312e-11,-1.452465241101838431e-11,-5.814319981052161902e-11,3.380893424027117817e-14,-1.827052625861361540e-14,1.041278464885260420e-12,-2.683643362717316145e-13,1.111269847947493172e+00,-2.481461812676582779e-01,-3.727699814692668255e-06,-1.526798983844087552e-05,-3.698937099750690856e-06,-1.527439582416508410e-05,-3.692589969085875535e-06,-1.527579420983034977e-05,-1.489097716821797222e-03,-5.805411177662627570e-03,-1.489097716821797222e-03,-5.805411177662627570e-03,-1.489097716821797222e-03,-5.805411177662627570e-03,-1.489097716821793536e-03,-5.805411177662612825e-03
1.585075886269421863e+00,3.606678962682500855e-22,-1.856525634815134601e-22,1.233588071581758359e-23,5.132807900263323604e-23,-9.999999999778660387e-01,9.944163791765644154e-11,1.406735438370085269e-15,-3.399568003527374680e-16,1.406991521028323709e-15,-3.386635820471690017e-16,1.407047367817187497e-15,-3.383782266561244399e-16,-1.450339398751627698e-11,-5.984140585299860000e-11,-1.450339398751627698e-11,-5.984140585299860000e-11,-1.450339398751627698e-11,-5.984140585299860000e-11,-1.450339398759568632e-11,-5.984140585130453410e-11,3.594828152087559870e-14,-1.879963750340848652e-14,1.103044637805260912e-12,-2.760878185871487572e-13,1.110911917841641117e+00,-2.407159285760838985e-01,-3.722177572769152161e-06,-1.571282753776932951e-05,-3.693425819003794105e-06,-1.571904907989032525e-05,-3.687081230843343398e-06,-1.572040721553921090e-05,-1.489136068024387617e-03,-5.974971325735690085e-03,-1.489136068024387617e-03,-5.974971325735690085e-03,-1.489136068024387617e-03,-5.974971325735690085e-03,-1.489136068024390870e-03,-5.974971325735675340e-03
1.631372690296536421e+00,3.833991474366020432e-22,-1.908753240198337295e-22,1.301139737127124506e-23,5.585006755292299985e-23,-9.999999999778900195e-01,1.023192829545876243e-10,1.490058026739990458e-15,-3.495380896362208411e-16,1.490313990232521903e-15,-3.482078640972273650e-16,1.490369811740678220e-15,-3.479143456743078236e-16,-1.448087547881184880e-11,-6.158921433629623889e-11,-1.448087547881184880e-11,-6.158921433629623889e-11,-1.448087547915595593e-11,-6.158921433629623889e-11,-1.448087547881184880e-11,-6.158921433799030478e-11,3.821442731807479453e-14,-1.934385733514095684e-14,1.168471629271892179e-12,-2.840264517712560960e-13,1.110573993691921224e+00,-2.334842268918605745e-01,-3.716325187778658638e-06,-1.617068953308397746e-05,-3.687583795983803614e-06,-1.617673175547661247e-05,-3.681241597283009401e-06,-1.617805075716104737e-05,-1.489176680165486474e-03,-6.149484088346970564e-03,-1.489176680165486474e-03,-6.149484088346970564e-03,-1.489176680165483005e-03,-6.149484088346984442e-03,-1.489176680165486691e-03,-6.149484088346969697e-03
1.679021728675136549e+00,4.074776355227549477e-22,-1.962332227297796483e-22,1.372625641826483158e-23,6.077620768875830808e-23,-9.999999999779153326e-01,1.052817382665054754e-10,1.578319062348042264e-15,-3.593675947284257578e-16,1.578574897369084822e-15,-3.579992589106604323e-16,1.578630691631979713e-15,-3.576973334375852082e-16,-1.445702221802435701e-11,-6.338807404250817838e-11,-1.445702221802435701e-11,-6.338807404250817838e-11,-1.445702221802435701e-11,-6.338807404250817838e-11,-1.445702221802435701e-11,-6.338807404420224428e-11,4.061488670364180218e-14,-1.990359389574254505e-14,1.237776412496388710e-12,-2.921855803337048773e-13,1.110254958949318249e+00,-2.264451628957671048e-01,-3.710123245022286493e-06,-1.664195536023278322e-05,-3.681391653838171844e-06,-1.664782323791402774e-05,-3.675051697725464010e-06,-1.664910419467703867e-05,-1.489219689149699289e-03,-6.329094117965456366e-03,-1.489219689149699289e-03,-6.329094117965456366e-03,-1.489219689149699289e-03,-6.329094117965456366e-03,-1.489219689149699072e-03,-6.329094117965457233e-03
1.728062497387283347e+00,4.329832059706992621e-22,-2.017286196613125082e-22,1.448270243724463310e-23,6.614286436945184553e-23,-9.999999999779423110e-01,1.083314594832392478e-10,1.671811242640402269e-15,-3.694497187117528377e-16,1.672066939160391012e-15,-3.680421368962346276e-16,1.672122703877428399e-15,-3.677315545644587297e-16,-1.443175509317650058e-11,-6.523947605116531528e-11,-1.443175509317650058e-11,-6.523947605116531528e-11,-1.443175509336178904e-11,-6.523947605455344707e-11,-1.443175509283239345e-11,-6.523947605455344707e-11,4.315762034223787701e-14,-2.047926455400129476e-14,1.311188820670563046e-12,-3.005706203624339161e-13,1.109953758712709959e+00,-2.195929757917560454e-01,-3.703551199961961450e-06,-1.712701565894772773e-05,-3.674828845373839980e-06,-1.713271402549031925e-05,-3.668491020800510659e-06,-1.713395799031625929e-05,-1.489265236568907943e-03,-6.513950292307182921e-03,-1.489265236568907943e-03,-6.513950292307182921e-03,-1.489265236568907943e-03,-6.513950292307182921e-03,-1.489265236568911412e-03,-6.513950292307155165e-03
1.778535646011378146e+00,4.600004340865017350e-22,-2.073638015866110770e-22,1.528310196162250606e-23,7.198967960577610148e-23,-9.999999999779709547e-01,1.114709747203096891e-10,1.770844613729014283e-15,-3.797887368691980613e-16,1.771100161485739738e-15,-3.783407402497214290e-16,1.771155894408022329e-15,-3.780212454604355785e-16,-1.440499032360419187e-11,-6.714495501994961670e-11,-1.440499032360419187e-11,-6.714495501994961670e-11,-1.440499032360419187e-11,-6.714495501994961670e-11,-1.440499032085133479e-11,-6.714495501994961670e-11,4.585106052237460377e-14,-2.107129571634234448e-14,1.388952308872529050e-12,-3.091870539245723827e-13,1.109669397684370340e+00,-2.129220534881734739e-01,-3.696587244783559472e-06,-1.762627250743608435e-05,-3.667873615585498996e-06,-1.763180606433825697e-05,-3.661537786000646358e-06,-1.763301405996596554e-05,-1.489313474807339418e-03,-6.704205837464698690e-03,-1.489313474807339418e-03,-6.704205837464698690e-03,-1.489313474807339418e-03,-6.704205837464698690e-03,-1.489313474579995016e-03,-6.704205837436263971e-03
1.830483011416336847e+00,4.886189093733579259e-22,-2.131409642876790855e-22,1.612995089799876319e-23,7.835986833210663423e-23,-9.999999999780012638e-01,1.147028864229197669e-10,1.875747597543129983e-15,-3.903887615291767358e-16,1.876002985809093579e-15,-3.888991552433468485e-16,1.876058684299983173e-15,-3.885704808172131909e-16,-1.437663913845461361e-11,-6.910609041628002543e-11,-1.437663913845461361e-11,-6.910609041628002543e-11,-1.437663913845461361e-11,-6.910609041628002543e-11,-1.437663913845461361e-11,-6.910609041797409133e-11,4.870413954243858314e-14,-2.168012257102382833e-14,1.471324761720470885e-12,-3.180404217511809144e-13,1.109400935207376815e+00,-2.064269294771120811e-01,-3.689208276068932526e-06,-1.814013975511504537e-05,-3.660502904006920141e-06,-1.814551306234426416e-05,-3.654168950501645006e-06,-1.814668608375422340e-05,-1.489364562659922092e-03,-6.900018454884605627e-03,-1.489364562659922092e-03,-6.900018454884605627e-03,-1.489364562659922092e-03,-6.900018454884605627e-03,-1.489364562659921875e-03,-6.900018454884591750e-03
1.883947652439902365e+00,5.189335285441146885e-22,-2.190621988375610483e-22,1.702587945654283106e-23,8.530054026167140121e-23,-9.999999999780335713e-01,1.180298735695108818e-10,1.986868081562217765e-15,-4.012537371024398204e-16,1.987123298394999410e-15,-3.997212799657475423e-16,1.987178960050502351e-15,-3.993831558282960789e-16,-1.434660752315866989e-11,-7.112450784715418708e-11,-1.434660752315866989e-11,-7.112450784715418708e-11,-1.434660752315866989e-11,-7.112450784715418708e-11,-1.434660752358218636e-11,-7.112450784884825298e-11,5.172631883732406170e-14,-2.230618929251718081e-14,1.558579348111702401e-12,-3.271363171886097590e-13,1.109147483759749031e+00,-2.001022769426001602e-01,-3.681389831655859816e-06,-1.866904335707985906e-05,-3.652692255129392489e-06,-1.867426084411302376e-05,-3.646360074802056079e-06,-1.867539986025809420e-05,-1.489418669932740741e-03,-7.101550452211144275e-03,-1.489418669932740741e-03,-7.101550452211144275e-03,-1.489418669932740741e-03,-7.101550452211144275e-03,-1.489418669932733802e-03,-7.101550452239565984e-03
1.938973885579838852e+00,5.510448126926578761e-22,-2.251294740112092677e-22,1.797365846188049190e-23,9.286305149664735798e-23,-9.999999999780678772e-01,1.214546940282085262e-10,2.104574572396875137e-15,-4.123873672901800212e-16,2.104829605647259583e-15,-4.108107957842396777e-16,2.104885228115081004e-15,-4.104629390397009153e-16,-1.431479588255010113e-11,-7.320188041270709982e-11,-1.431479588255010113e-11,-7.320188041270709982e-11,-1.431479588326478518e-11,-7.320188041270709982e-11,-1.431479588059133744e-11,-7.320188040931896803e-11,5.492762078384697328e-14,-2.294994905722472964e-14,1.651005427645955934e-12,-3.364803767638043898e-13,1.108908204773381367e+00,-1.939429059907010755e-01,-3.673105985070493934e-06,-1.921342173484480778e-05,-3.644415778115473517e-06,-1.921848770700622768e-05,-3.638085254488737194e-06,-1.921959365546344151e-05,-1.489475975929420914e-03,-7.308968878245030408e-03,-1.489475975929420914e-03,-7.308968878245030408e-03,-1.489475975929413975e-03,-7.308968878245030408e-03,-1.489475975702066754e-03,-7.308968878273437372e-03
1.995607321727592032e+00,5.850592415737209287e-22,-2.313446113254317537e-22,1.897620665005725688e-23,1.011033873475666200e-22,-9.999999999781040705e-01,1.249801867434378378e-10,2.229257416080565034e-15,-4.237931200471154669e-16,2.229512254426517648e-15,-4.221711297081010617e-16,2.229567834494870327e-15,-4.218132483617187692e-16,-1.428109872211639818e-11,-7.533993006654602764e-11,-1.428109872211639818e-11,-7.533993006654602764e-11,-1.428109872407516187e-11,-7.533993006993415942e-11,-1.428109872227521685e-11,-7.533993006824009353e-11,5.831866185953488344e-14,-2.361186345496523611e-14,1.748909510068939796e-12,-3.460782711317996641e-13,1.108682306725466971e+00,-1.879437589929602581e-01,-3.664329266366034569e-06,-1.977372613582505131e-05,-3.635646014197839177e-06,-1.977864477561514851e-05,-3.629317059186899377e-06,-1.977971856844416897e-05,-1.489536670764493717e-03,-7.522445660750136029e-03,-1.489536670764493717e-03,-7.522445660750136029e-03,-1.489536670991847877e-03,-7.522445660721714319e-03,-1.489536670764496969e-03,-7.522445660721713452e-03
2.053894903974864405e+00,6.210896019342783350e-22,-2.377092697300602829e-22,2.003659717664083417e-23,1.100825796900391312e-22,-9.999999999781428173e-01,1.286092740457824468e-10,2.361330097753727285e-15,-4.354741609934503978e-16,2.361584727012816411e-15,-4.338054035169634696e-16,2.361640262245394951e-15,-4.334372047468008031e-16,-1.424540430145644769e-11,-7.754042909297596039e-11,-1.424540430145644769e-11,-7.754042909297596039e-11,-1.424540429973591201e-11,-7.754042909128189449e-11,-1.424540430198584328e-11,-7.754042909128189449e-11,6.191068755119522117e-14,-2.429240305385337836e-14,1.852616271472212928e-12,-3.559356945959450857e-13,1.108469042347352884e+00,-1.820999079906032991e-01,-3.655030557900247304e-06,-2.035042101472850191e-05,-3.626353889212658252e-06,-2.035519637954144383e-05,-3.620026404687310620e-06,-2.035623890413387833e-05,-1.489600956604911815e-03,-7.742157748898572875e-03,-1.489600956604911815e-03,-7.742157748898572875e-03,-1.489600956377560908e-03,-7.742157748870151165e-03,-1.489600956604911815e-03,-7.742157748898572875e-03
2.113884946524442920e+00,6.592553674486791093e-22,-2.442249106885293904e-22,2.115806368108933786e-23,1.198671624456437675e-22,-9.999999999781832294e-01,1.323449641452259561e-10,2.501230606338113701e-15,-4.474333174325185203e-16,2.501485012798851334e-15,-4.457164089453942677e-16,2.501540500100190785e-15,-4.453375875218051953e-16,-1.420759423310455253e-11,-7.980520149613364728e-11,-1.420759423310455253e-11,-7.980520149613364728e-11,-1.420759423503684644e-11,-7.980520150121584496e-11,-1.420759423278691518e-11,-7.980520150121584496e-11,6.571561008250625972e-14,-2.499204617937539907e-14,1.962469631477043112e-12,-3.660583518618220647e-13,1.108267705804635517e+00,-1.764065485455833526e-01,-3.645179038051514253e-06,-2.094398440855154033e-05,-3.616508586731728505e-06,-2.094862044211871918e-05,-3.610182486713621410e-06,-2.094963255705137124e-05,-1.489669044835911999e-03,-7.968287260709526129e-03,-1.489669044835911999e-03,-7.968287260709526129e-03,-1.489669045063266375e-03,-7.968287260709526129e-03,-1.489669044835915251e-03,-7.968287260709498374e-03
2.175627174737531089e+00,6.996830890075796496e-22,-2.508927850877157237e-22,2.234400861909459932e-23,1.305296674056591715e-22,-9.999999999782267501e-01,1.361903536637804535e-10,2.649422892350529238e-15,-4.596730278927656406e-16,2.649677061287646446e-15,-4.579065472987116977e-16,2.649732496825574128e-15,-4.575167888930634491e-16,-1.416754313715274755e-11,-8.213612461612646021e-11,-1.416754313715274755e-11,-8.213612461612646021e-11,-1.416754313680864041e-11,-8.213612461612646021e-11,-1.416754313908504146e-11,-8.213612461782052610e-11,6.974604750286120586e-14,-2.571128008923021054e-14,2.078833893304806754e-12,-3.764519454150553392e-13,1.108077630965768723e+00,-1.708589998646817820e-01,-3.634742028142648924e-06,-2.155490834072581433e-05,-3.606077457533799682e-06,-2.155940887068434755e-05,-3.599752646869799280e-06,-2.156039141114662452e-05,-1.489741162469466204e-03,-8.201021633619959630e-03,-1.489741162469466204e-03,-8.201021633619959630e-03,-1.489741162469469674e-03,-8.201021633619945753e-03,-1.489741162696810390e-03,-8.201021633705212616e-03
2.239172766350781885e+00,7.425068186813764875e-22,-2.577138877675024282e-22,2.359800903112753666e-23,1.421491656731416220e-22,-9.999999999782724913e-01,1.401486301024699706e-10,2.806398402421419098e-15,-4.721952900153710743e-16,2.806652318357591138e-15,-4.703777740318838347e-16,2.806707699521318241e-15,-4.699767543893762892e-16,-1.412511820058190870e-11,-8.453513057915279950e-11,-1.412511820058190870e-11,-8.453513057915279950e-11,-1.412511819851726590e-11,-8.453513058084686539e-11,-1.412511819796140052e-11,-8.453513058254093129e-11,7.401536586095513491e-14,-2.645059912393330433e-14,2.202094952241272113e-12,-3.871221601792907770e-13,1.107898188579337750e+00,-1.654526965690732154e-01,-3.623684915573811613e-06,-2.218369922205054058e-05,-3.595025901624620444e-06,-2.218806796658535764e-05,-3.588702309852934496e-06,-2.218902174445145815e-05,-1.489817549090850096e-03,-8.440553779155843955e-03,-1.489817549090850096e-03,-8.440553779155843955e-03,-1.489817548863499189e-03,-8.440553779155816200e-03,-1.489817548863499406e-03,-8.440553779184237909e-03
2.304574393897195428e+00,7.878685517288322445e-22,-2.646889368378322878e-22,2.492382423383198060e-23,1.548118569296952824e-22,-9.999999999783212301e-01,1.442230745145664647e-10,2.972677712316611174e-15,-4.850016001700629299e-16,2.972931359367385347e-15,-4.831315433284275470e-16,2.972986682214879265e-15,-4.827189274409126206e-16,-1.408017872184919509e-11,-8.700420798648579070e-11,-1.408017872184919509e-11,-8.700420798648579070e-11,-1.408017872184919509e-11,-8.700420798648579070e-11,-1.408017872227271157e-11,-8.700420799156798838e-11,7.853772342655925409e-14,-2.721050560973695953e-14,2.332661575301728243e-12,-3.980746454629392278e-13,1.107728784629942620e+00,-1.601831893779196436e-01,-3.611971034856250845e-06,-2.283087828141395231e-05,-3.583317278535107407e-06,-2.283511885001778314e-05,-3.576994822561661061e-06,-2.283604465142609723e-05,-1.489898457125286976e-03,-8.687082244188444255e-03,-1.489898457125286976e-03,-8.687082244188444255e-03,-1.489898457125286976e-03,-8.687082244188444255e-03,-1.489898457125280471e-03,-8.687082244245232163e-03
2.371886268366043105e+00,8.359186969060865637e-22,-2.718183299955350987e-22,2.632540336350708069e-23,1.686117128501480216e-22,-9.999999999783728555e-01,1.484170642982574452e-10,3.148812252414263413e-15,-4.980928922437527796e-16,3.149065613027901095e-15,-4.961687427531401041e-16,3.149120873655903313e-15,-4.957441906493860375e-16,-1.403257567125147949e-11,-8.954540350350709364e-11,-1.403257567125147949e-11,-8.954540350350709364e-11,-1.403257567125147949e-11,-8.954540350350709364e-11,-1.403257567156911684e-11,-8.954540350689522542e-11,8.332811748292528684e-14,-2.799150868801109606e-14,2.470966756771131730e-12,-4.093149965696839266e-13,1.107568858452240068e+00,-1.550461388220323866e-01,-3.599561538423773807e-06,-2.349698198612102932e-05,-3.570912745495956369e-06,-2.350109788150595101e-05,-3.564591361893512648e-06,-2.350199647284921951e-05,-1.489984155057871027e-03,-8.940811374426501854e-03,-1.489984155057871027e-03,-8.940811374426501854e-03,-1.489984155057871027e-03,-8.940811374426501854e-03,-1.489984155057871027e-03,-8.940811374398064532e-03
2.441164184138008508e+00,8.868165764072547937e-22,-2.791021112196063270e-22,2.780689183490596677e-23,1.836511777466207184e-22,-9.999999999784272564e-01,1.527340758681878900e-10,3.335386134804665275e-15,-5.114694574040162422e-16,3.335639190860741173e-15,-5.094896221145664969e-16,3.335694385727884692e-15,-5.090527814156323425e-16,-1.398215118236147288e-11,-9.216082360628883967e-11,-1.398215118236147288e-11,-9.216082360628883967e-11,-1.398215118236147288e-11,-9.216082360628883967e-11,-1.398215118204383553e-11,-9.216082360628883967e-11,8.840243428578891797e-14,-2.879412449392978649e-14,2.617469154021934768e-12,-4.208487332194450880e-13,1.107417880433490431e+00,-1.500373132286285938e-01,-3.586415277860989849e-06,-2.418256249339755971e-05,-3.557771186315239757e-06,-2.418655711768729185e-05,-3.551450793477358883e-06,-2.418742923923384520e-05,-1.490074926780336805e-03,-9.201951484007412155e-03,-1.490074926780336805e-03,-9.201951484007412155e-03,-1.490074926780336805e-03,-9.201951484007412155e-03,-1.490074926780340491e-03,-9.201951484035833864e-03
2.512465565232792297e+00,9.407309540068040337e-22,-2.865399168451686658e-22,2.937263903262957488e-23,2.000419329870703720e-22,-9.999999999784854321e-01,1.571776876844500643e-10,3.533018091775078555e-15,-5.251308762702827533e-16,3.533270824765426462e-15,-5.230937148828412455e-16,3.533325949218820338e-15,-5.226442208020768675e-16,-1.392873803899045623e-11,-9.485263627396546028e-11,-1.392873803899045623e-11,-9.485263627396546028e-11,-1.392873803896398645e-11,-9.485263627396546028e-11,-1.392873803864634910e-11,-9.485263627735359207e-11,9.377750169628032276e-14,-2.961887459438291748e-14,2.772654609018276180e-12,-4.326812756346791233e-13,1.107275350780504430e+00,-1.451525851186776794e-01,-3.572488644947045503e-06,-2.488818810764691395e-05,-3.543849004886688647e-06,-2.489206476203644692e-05,-3.537529545889113475e-06,-2.489291113465098471e-05,-1.490171073882336867e-03,-9.470719030320023241e-03,-1.490171073882336867e-03,-9.470719030320023241e-03,-1.490171073882333398e-03,-9.470719030320023241e-03,-1.490171073882340554e-03,-9.470719030319995485e-03
2.585849512907512526e+00,9.978405919953522200e-22,-2.941309377721042944e-22,3.102720437549485617e-23,2.179057299584503062e-22,-9.999999999785468274e-01,1.617515830986142236e-10,3.742363530216186236e-15,-5.390759213065232842e-16,3.742615918530712650e-15,-5.369797471998210183e-16,3.742670969054839279e-15,-5.365172266787701552e-16,-1.387215910577038168e-11,-9.762307283865364390e-11,-1.387215910577038168e-11,-9.762307283865364390e-11,-1.387215910577038168e-11,-9.762307284034770979e-11,-1.387215910847029920e-11,-9.762307284034770979e-11,9.947114487165868587e-14,-3.046628636726990994e-14,2.937037758887827165e-12,-4.448179184351695528e-13,1.107140797408236121e+00,-1.403879271043688703e-01,-3.557735464540707873e-06,-2.561444375239850044e-05,-3.529100040608450821e-06,-2.561820563883550325e-05,-3.522781455127896185e-06,-2.561902696459496170e-05,-1.490272914793137242e-03,-9.747336792988340465e-03,-1.490272914793137242e-03,-9.747336792988340465e-03,-1.490272914793137242e-03,-9.747336792988340465e-03,-1.490272915020487499e-03,-9.747336792959946511e-03
2.661376854645357781e+00,1.058334846868259181e-21,-3.018738634066268014e-22,3.277536520514382908e-23,2.373752986249318051e-22,-9.999999999786118865e-01,1.664595534708098595e-10,3.964116699403984046e-15,-5.533024724488278615e-16,3.964368723138655477e-15,-5.511455477163978635e-16,3.964423693633057842e-15,-5.506696169432562907e-16,-1.381222675955653691e-11,-1.004744297845503159e-10,-1.381222675955653691e-11,-1.004744297845503159e-10,-1.381222675955653691e-11,-1.004744297845503159e-10,-1.381222675897420176e-11,-1.004744297913265794e-10,1.055022455195544811e-13,-3.133689194672034069e-14,3.111163743126275307e-12,-4.572638011516660224e-13,1.107013774831965280e+00,-1.357394107045167830e-01,-3.542106814587121611e-06,-2.636193144960452658e-05,-3.513475374006334258e-06,-2.636558168195505714e-05,-3.507157585248609088e-06,-2.636637863675415377e-05,-1.490380788002223936e-03,-1.003203405832082604e-02,-1.490380788002223936e-03,-1.003203405832082604e-02,-1.490380788002223936e-03,-1.003203405832082604e-02,-1.490380788002223719e-03,-1.003203405834919223e-02
2.739110194575097523e+00,1.122414293215995052e-21,-3.097668227678842289e-22,3.462212260389275537e-23,2.585953373141470851e-22,-9.999999999786809424e-01,1.713055012512315622e-10,4.199012997954810085e-15,-5.678074095719259351e-16,4.199264633948569382e-15,-5.655879499851869282e-16,4.199319520794332302e-15,-5.650982110860800078e-16,-1.374874224004444222e-11,-1.034090707164372078e-10,-1.374874224004444222e-11,-1.034090707164372078e-10,-1.374874224004444222e-11,-1.034090707164372078e-10,-1.374874224007091200e-11,-1.034090707198253396e-10,1.118908043647417393e-13,-3.223122728539233625e-14,3.295610011109579201e-12,-4.700238756424313231e-13,1.106893862261852490e+00,-1.312032015318060074e-01,-3.525550858572098338e-06,-2.713127082485465011e-05,-3.496923193235224111e-06,-2.713481242207714371e-05,-3.490606157801113468e-06,-2.713558566426020551e-05,-1.490495050359827520e-03,-1.032504680989823100e-02,-1.490495050359827520e-03,-1.032504680989823100e-02,-1.490495050359827520e-03,-1.032504680989823100e-02,-1.490495050359827520e-03,-1.032504680984136156e-02
2.819113965363242880e+00,1.190291392480972681e-21,-3.178073161528831576e-22,3.657270721258131611e-23,2.817235926924204454e-22,-9.999999999787538840e-01,1.762934433818233362e-10,4.447831412302091837e-15,-5.825864966839006210e-16,4.448082636670098813e-15,-5.803026601116284497e-16,4.448137434283753154e-15,-5.797987077680560305e-16,-1.368149502018614263e-11,-1.064294282485643301e-10,-1.368149502018614263e-11,-1.064294282485643301e-10,-1.368149502015967285e-11,-1.064294282485643301e-10,-1.368149502018614263e-11,-1.064294282485643301e-10,1.186580076807566012e-13,-3.314983072820202820e-14,3.490988237383199557e-12,-4.831028701773617124e-13,1.106780662602718346e+00,-1.267755562794835589e-01,-3.508012694065940889e-06,-2.792309962531346843e-05,-3.479388610767580479e-06,-2.792653551395681070e-05,-3.473072268378314592e-06,-2.792728568527418954e-05,-1.490616081117798839e-03,-1.062661792406681578e-02,-1.490616081117798839e-03,-1.062661792406681578e-02,-1.490616081117802525e-03,-1.062661792409526525e-02,-1.490616081117802309e-03,-1.062661792409526525e-02
2.901454481621869252e+00,1.262191192775778168e-21,-3.259921574756869164e-22,3.863258425956088248e-23,3.069320364247641148e-22,-9.999999999788311555e-01,1.814275143354328150e-10,4.711397097913447649e-15,-5.976342520588325303e-16,4.711647885736886349e-15,-5.952841500476887359e-16,4.711702588431565400e-15,-5.947655665334414788e-16,-1.361026209685305417e-11,-1.095380060832688244e-10,-1.361026209685305417e-11,-1.095380060832688244e-10,-1.361026209685305417e-11,-1.095380060832688244e-10,-1.361026209653541682e-11,-1.095380060832688244e-10,1.258262973209765557e-13,-3.409324309975178928e-14,3.697946349869773502e-12,-4.965052502805701886e-13,1.106673800814561792e+00,-1.224528201602842065e-01,-3.489434156308345212e-06,-2.873807423598758452e-05,-3.460813465635178997e-06,-2.874140725903863823e-05,-3.454497763863531622e-06,-2.874213497800951991e-05,-1.490744282379862125e-03,-1.093699737091142869e-02,-1.490744282379862125e-03,-1.093699737091142869e-02,-1.490744282379862125e-03,-1.093699737091142869e-02,-1.490744282379869064e-03,-1.093699737091140094e-02
2.986199994876373776e+00,1.338352077709385146e-21,-3.343173916712136150e-22,4.080746066044266273e-23,3.344081482694665458e-22,-9.999999999789134231e-01,1.867119698596968885e-10,4.990584118654381557e-15,-6.129438324315140118e-16,4.990834443463472381e-15,-6.105255136624335818e-16,4.990889044725128817e-15,-6.099918704979541843e-16,-1.353480722485348177e-11,-1.127373810319955757e-10,-1.353480722485348177e-11,-1.127373810319955757e-10,-1.353480722450937464e-11,-1.127373810286074439e-10,-1.353480722519758891e-11,-1.127373810353837075e-10,1.334194453461085127e-13,-3.506200591126760274e-14,3.917170678894259235e-12,-5.102351740019553934e-13,1.106572922954445648e+00,-1.182314254168280038e-01,-3.469753651239897002e-06,-2.957687023374095691e-05,-3.441136170331169227e-06,-2.958010314930371575e-05,-3.434821063753282904e-06,-2.958080901755229573e-05,-1.490880077487001607e-03,-1.125644242162388876e-02,-1.490880077487001607e-03,-1.125644242162388876e-02,-1.490880077487005077e-03,-1.125644242162388876e-02,-1.490880077486998138e-03,-1.125644242162386101e-02
3.073420750138726287e+00,1.419026554853629556e-21,-3.427782035941275425e-22,4.310328570835099427e-23,3.643563151229078236e-22,-9.999999999790004646e-01,1.921511902703058015e-10,5.286318342954402994e-15,-6.285068534992562280e-16,5.286568175280836620e-15,-6.260183153679761715e-16,5.286622670353181919e-15,-6.254691650485532424e-16,-1.345488019679579537e-11,-1.160302052091125458e-10,-1.345488019679579537e-11,-1.160302052091125458e-10,-1.345488019518113881e-11,-1.160302052057244140e-10,-1.345488019713990250e-11,-1.160302052057244140e-10,1.414626327352798981e-13,-3.605665923135075410e-14,4.149388233037936699e-12,-5.242964436156330967e-13,1.106477694872546325e+00,-1.141078854995599967e-01,-3.448905891337056440e-06,-3.044018294832736546e-05,-3.420291458166141521e-06,-3.044331842903960240e-05,-3.413976893364886316e-06,-3.044400303122561560e-05,-1.491023918623846220e-03,-1.158521786200420074e-02,-1.491023918623846220e-03,-1.158521786200420074e-02,-1.491023918396485121e-03,-1.158521786203256694e-02,-1.491023918623842750e-03,-1.158521786200417472e-02
3.163189044133108752e+00,1.504482091837161559e-21,-3.513688421526067983e-22,4.552625659594968022e-23,3.969993556781482805e-22,-9.999999999790923910e-01,1.977496841542311992e-10,5.599580514301460584e-15,-6.443132443381013458e-16,5.599829825710903454e-15,-6.417524288192576308e-16,5.599884207873095141e-15,-6.411873139140124283e-16,-1.337021594533938497e-11,-1.194192081850685254e-10,-1.337021594533938497e-11,-1.194192081850685254e-10,-1.337021594520703607e-11,-1.194192081850685254e-10,-1.337021594533938497e-11,-1.194192081816803936e-10,1.499825329635487951e-13,-3.707774171564322945e-14,4.395369110319236839e-12,-5.386924531267626078e-13,1.106387800985753733e+00,-1.100787944702408122e-01,-3.426821747441411911e-06,-3.132872803047372502e-05,-3.398210212157297951e-06,-3.133176867151314779e-05,-3.391896149493330609e-06,-3.133243257359091089e-05,-1.491176282179689861e-03,-1.192359621172203385e-02,-1.491176282179689861e-03,-1.192359621172203385e-02,-1.491176282179693113e-03,-1.192359621169361214e-02,-1.491176282179690078e-03,-1.192359621172206161e-02
3.255579285222205854e+00,1.595002004011179143e-21,-3.600825090666297042e-22,4.808281851404960255e-23,4.325801833560426538e-22,-9.999999999791900906e-01,2.035120922694658163e-10,5.931409507645218610e-15,-6.603510712133520627e-16,5.931658266911602601e-15,-6.577158532799510405e-16,5.931712528512220007e-15,-6.571343089133793097e-16,-1.328053369441470795e-11,-1.229071992632176959e-10,-1.328053369441470795e-11,-1.229071992632176959e-10,-1.328053369227065580e-11,-1.229071992632176959e-10,-1.328053369200595801e-11,-1.229071992598295641e-10,1.590074002905468717e-13,-3.812578778527536079e-14,4.655929051820936125e-12,-5.534261282526777126e-13,1.106302943515839132e+00,-1.061408241048732715e-01,-3.403427985313297237e-06,-3.224324205474228056e-05,-3.374819207250431825e-06,-3.224619037305755104e-05,-3.368505592426873666e-06,-3.224683412325630831e-05,-1.491337672536558910e-03,-1.227185794992890003e-02,-1.491337672536558910e-03,-1.227185794992890003e-02,-1.491337672309204533e-03,-1.227185794992890003e-02,-1.491337672309211255e-03,-1.227185794990047832e-02
3.350668055083819485e+00,1.690886391616183522e-21,-3.689112499805179804e-22,5.077966790565995613e-23,4.713636185652584107e-22,-9.999999999792935634e-01,2.094431910754568013e-10,6.282905772226164036e-15,-6.766063225126123428e-16,6.283153944607903420e-15,-6.738945291611848367e-16,6.283208078615911341e-15,-6.732960615064608835e-16,-1.318553604268070055e-11,-1.264970698345712231e-10,-1.318553604268070055e-11,-1.264970698345712231e-10,-1.318553604260129121e-11,-1.264970698345712231e-10,-1.318553604291892856e-11,-1.264970698379593549e-10,1.685671638318185288e-13,-3.920132587916529749e-14,4.931932147420582660e-12,-5.684998620689338598e-13,1.106222841295417370e+00,-1.022907206461334123e-01,-3.378647022669951643e-06,-3.318448312515704686e-05,-3.350040865559500428e-06,-3.318734155990947152e-05,-3.343727653076084841e-06,-3.318796569170464743e-05,-1.491508625968259328e-03,-1.263029174813155506e-02,-1.491508625968259328e-03,-1.263029174813155506e-02,-1.491508625968266050e-03,-1.263029174810313335e-02,-1.491508625968262797e-03,-1.263029174810310559e-02
3.448534172188929325e+00,1.792453133648112101e-21,-3.778458409409221041e-22,5.362374576067055433e-23,5.136383649960585538e-22,-9.999999999794032535e-01,2.155478969614941891e-10,6.655234977374156336e-15,-6.930627160127046925e-16,6.655482527716075081e-15,-6.902720882129978201e-16,6.655536526273257696e-15,-6.896562108879214633e-16,-1.308490795330563936e-11,-1.301917957427132459e-10,-1.308490795330563936e-11,-1.301917957427132459e-10,-1.308490795277624377e-11,-1.301917957427132459e-10,-1.308490795232625752e-11,-1.301917957494895094e-10,1.786935263937457241e-13,-4.030487688807124776e-14,5.224293700919022159e-12,-5.839154442259251056e-13,1.106147228894764689e+00,-9.852530170806406140e-02,-3.352396688135568184e-06,-3.415323150742830926e-05,-3.323793013772266418e-06,-3.415600242464499433e-05,-3.317480176635043981e-06,-3.415660745389021796e-05,-1.491689709069452061e-03,-1.299919470961994478e-02,-1.491689709069452061e-03,-1.299919470961994478e-02,-1.491689709069459000e-03,-1.299919470961994478e-02,-1.491689709069455748e-03,-1.299919470967676044e-02
3.549258757133817888e+00,1.900038940987646951e-21,-3.868756501489476689e-22,5.662223840471273426e-23,5.597191634940697621e-22,-9.999999999795191608e-01,2.218312701227336675e-10,7.049631885368055467e-15,-7.097014399721384308e-16,7.049878777894592079e-15,-7.068296765076880695e-16,7.049932632522348110e-15,-7.061958683884734008e-16,-1.297831571320187721e-11,-1.339944397639133457e-10,-1.297831571320187721e-11,-1.339944397639133457e-10,-1.297831571320187721e-11,-1.339944397639133457e-10,-1.297831571373127281e-11,-1.339944397673014775e-10,1.894200697972606922e-13,-4.143695119878496916e-14,5.533983265677808273e-12,-5.996739809241137442e-13,1.106075855749359960e+00,-9.484145460700224572e-02,-3.324589918044201952e-06,-3.515029027353278388e-05,-3.295988613858644459e-06,-3.515297596687834333e-05,-3.289676096169418163e-06,-3.515356239395818597e-05,-1.491881522329380292e-03,-1.337887261529333537e-02,-1.491881522329380292e-03,-1.337887261529333537e-02,-1.491881522329380292e-03,-1.337887261529333537e-02,-1.491881522329373136e-03,-1.337887261529327985e-02
3.652925299880411814e+00,2.014000474807763178e-21,-3.959885009202250064e-22,5.978257099105688871e-23,6.099491412880581388e-22,-9.999999999796419514e-01,2.282985190596355934e-10,7.467404444118597627e-15,-7.265009091128289864e-16,7.467650637470721478e-15,-7.235456318393740464e-16,7.467704341344810871e-15,-7.228933701478739321e-16,-1.286540584096214610e-11,-1.379081541821067063e-10,-1.286540584096214610e-11,-1.379081541821067063e-10,-1.286540584358265428e-11,-1.379081541821067063e-10,-1.286540584085626698e-11,-1.379081541821067063e-10,2.007823663855004152e-13,-4.259804665889296097e-14,5.862027860229204427e-12,-6.157758116512823321e-13,1.106008485358872750e+00,-9.123613377143835468e-02,-3.295134495354185444e-06,-3.617648596878541629e-05,-3.266535460115231919e-06,-3.617908866115943534e-05,-3.260223226281071693e-06,-3.617965697199550945e-05,-1.492084702147744102e-03,-1.376964017721478591e-02,-1.492084702147744102e-03,-1.376964017721478591e-02,-1.492084702375085035e-03,-1.376964017727160157e-02,-1.492084702147740850e-03,-1.376964017724315037e-02
3.759619728960576612e+00,2.134715520201540673e-21,-4.051705100670312285e-22,6.311239547048366147e-23,6.647023721517154454e-22,-9.999999999797722916e-01,2.349550045014216042e-10,7.909938120974419573e-15,-7.434364916504957553e-16,7.910183574206690343e-15,-7.403952430144363414e-16,7.910237116160174828e-15,-7.397239842929883343e-16,-1.274580389556065646e-11,-1.419361832994997692e-10,-1.274580389556065646e-11,-1.419361832994997692e-10,-1.274580389556065646e-11,-1.419361832994997692e-10,-1.274580389521654932e-11,-1.419361832994997692e-10,2.128180966721152573e-13,-4.378864527573992999e-14,6.209515373809515984e-12,-6.322204109616298955e-13,1.105944894464812256e+00,-8.770635817347041674e-02,-3.263932758606311084e-06,-3.723266929969855469e-05,-3.235335868527546365e-06,-3.723519114523645102e-05,-3.229023879687559759e-06,-3.723574181023015049e-05,-1.492299922270734708e-03,-1.417182129969927519e-02,-1.492299922270734708e-03,-1.417182129969927519e-02,-1.492299922270734708e-03,-1.417182129969927519e-02,-1.492299922270738178e-03,-1.417182129969927346e-02
3.869430482701723406e+00,2.262584245795814518e-21,-4.144059165182585688e-22,6.661958526647283717e-23,7.243866676893646123e-22,-9.999999999799101813e-01,2.418062441155778043e-10,8.378700502259854726e-15,-7.604801742865140165e-16,8.378945169877338723e-15,-7.573504421403298053e-16,8.378998541224821870e-15,-7.566596272148398195e-16,-1.261911324468778249e-11,-1.460818662622721462e-10,-1.261911324468778249e-11,-1.460818662622721462e-10,-1.261911324188198585e-11,-1.460818662588840144e-10,-1.261911324222609298e-11,-1.460818662622721462e-10,2.255671747033933504e-13,-4.500921004593623427e-14,6.577598174525407062e-12,-6.490062867319153997e-13,1.105884872296765131e+00,-8.424920836901601817e-02,-3.230881211127082453e-06,-3.831971583608332466e-05,-3.202286377731904497e-06,-3.832215892156028180e-05,-3.195974597697430461e-06,-3.832269239751423892e-05,-1.492527896167800995e-03,-1.458574934748795536e-02,-1.492527896167800995e-03,-1.458574934748795536e-02,-1.492527895940460279e-03,-1.458574934747377226e-02,-1.492527895940456810e-03,-1.458574934747374451e-02
3.982448582532771564e+00,2.398030521543317164e-21,-4.236768978106463052e-22,7.031220963722392154e-23,7.894466210571549212e-22,-9.999999999800565087e-01,2.488579169801887273e-10,8.875246159785271968e-15,-7.776002487064627750e-16,8.875489995672650043e-15,-7.743794439748364754e-16,8.875543186281169346e-15,-7.736684905101532737e-16,-1.248491374303455733e-11,-1.503486397643057863e-10,-1.248491374303455733e-11,-1.503486397643057863e-10,-1.248491374316690623e-11,-1.503486397676939181e-10,-1.248491374316690623e-11,-1.503486397710820498e-10,2.390718800078015945e-13,-4.626018180594192942e-14,6.967496930855426359e-12,-6.661308661279088537e-13,1.105828219910942156e+00,-8.086182522152027263e-02,-3.195870264827155514e-06,-3.943852674035794624e-05,-3.167277394686060364e-06,-3.944089309176110320e-05,-3.160965793365834166e-06,-3.944140981792628917e-05,-1.492769379395045021e-03,-1.501176742234330494e-02,-1.492769379395045021e-03,-1.501176742234330494e-02,-1.492769379395048274e-03,-1.501176742232903857e-02,-1.492769379395048274e-03,-1.501176742232901255e-02
4.098767708431227952e+00,2.541503329008761733e-21,-4.329633587973176771e-22,7.419852243438824202e-23,8.603669244436432024e-22,-9.999999999802111628e-01,2.561158684221895299e-10,9.401221802941520932e-15,-7.947609343857654370e-16,9.401464757881546638e-15,-7.914463852753185027e-16,9.401517756997754136e-15,-7.907147109362908476e-16,-1.234276036253451824e-11,-1.547400408593343612e-10,-1.234276036253451824e-11,-1.547400408593343612e-10,-1.234276036224335067e-11,-1.547400408525580976e-10,-1.234276036224335067e-11,-1.547400408525580976e-10,2.533769981212780110e-13,-4.754197470557138345e-14,7.380504659807675508e-12,-6.835903688998727972e-13,1.105774749613380292e+00,-7.754140632352841955e-02,-3.158783789841827612e-06,-4.059002951542792589e-05,-3.130192814291804640e-06,-4.059232109032057844e-05,-3.123881343633108046e-06,-4.059282149507235281e-05,-1.493025173873549494e-03,-1.545022864726479199e-02,-1.493025173873549494e-03,-1.545022864726479199e-02,-1.493025173873549494e-03,-1.545022864726487526e-02,-1.493025173873549494e-03,-1.545022864726484750e-02
4.218484276573916780e+00,2.693478238313671822e-21,-4.422427152287209187e-22,7.828692936534138111e-23,9.376759861449556927e-22,-9.999999999803752537e-01,2.635861146320014892e-10,9.958371748431732510e-15,-8.119219707896478214e-16,9.958613768657666032e-15,-8.085109409869139271e-16,9.958666564287442841e-15,-8.077579270424436290e-16,-1.219218167058960749e-11,-1.592597099797686891e-10,-1.219218167058960749e-11,-1.592597099797686891e-10,-1.219218167058960749e-11,-1.592597099797686891e-10,-1.219218167032490969e-11,-1.592597099763805573e-10,2.685299689588453837e-13,-4.885497268125894850e-14,7.817991015186117245e-12,-7.013796712491031657e-13,1.105724284117801659e+00,-7.428520386850175072e-02,-3.119498819320664656e-06,-4.177517877256272457e-05,-3.090909653874143183e-06,-4.177739746994977893e-05,-3.084598277627887812e-06,-4.177788196684048566e-05,-1.493296126493996344e-03,-1.590149645927525432e-02,-1.493296126493996344e-03,-1.590149645927525432e-02,-1.493296126493996344e-03,-1.590149645927525432e-02,-1.493296126493996344e-03,-1.590149645930373154e-02
4.341697519255731663e+00,2.854458993944016224e-21,-4.514896478745458629e-22,8.258596176355807773e-23,1.021949874351624171e-21,-9.999999999805488926e-01,2.712748478812549574e-10,1.054854369605994600e-14,-8.290381922023033078e-16,1.054878472780504752e-14,-8.255278527495875222e-16,1.054883730671350384e-14,-8.247528788142151663e-16,-1.203267832523673221e-11,-1.639113938945357864e-10,-1.203267832523673221e-11,-1.639113938945357864e-10,-1.203267832523673221e-11,-1.639113938945357864e-10,-1.203267832470733661e-11,-1.639113938945357864e-10,2.845810442454821783e-13,-5.019952455333795650e-14,8.281406829846570495e-12,-7.194921560698724647e-13,1.105676656192105423e+00,-7.109052459758034848e-02,-3.077885066887214533e-06,-4.299495702704009015e-05,-3.049297637067581343e-06,-4.299710468268824667e-05,-3.042986326006891116e-06,-4.299757367332808836e-05,-1.493583137250569133e-03,-1.636594491071880278e-02,-1.493583137250569133e-03,-1.636594491071880278e-02,-1.493583137250569133e-03,-1.636594491071880278e-02,-1.493583137250569133e-03,-1.636594491074722449e-02
4.468509567142646688e+00,3.024979172738616472e-21,-4.606758223794949750e-22,8.710423477898425057e-23,1.113816615651658509e-21,-9.999999999807333007e-01,2.791884415304481462e-10,1.117369486268894150e-14,-8.460590347272477549e-16,1.117393484515543600e-14,-8.424464789118775665e-16,1.117398719658922387e-14,-8.416488981303641364e-16,-1.186372135781493367e-11,-1.686989488600414318e-10,-1.186372135781493367e-11,-1.686989488600414318e-10,-1.186372135972075780e-11,-1.686989488532651682e-10,-1.186372135818551058e-11,-1.686989488634295636e-10,3.015834539905795215e-13,-5.157593759068825955e-14,8.772288927027307964e-12,-7.379195449959121101e-13,1.105631707935980756e+00,-6.795472398061352948e-02,-3.033804531514562874e-06,-4.425037550821221010e-05,-3.005218765582084251e-06,-4.425245390150831442e-05,-2.998907486855967918e-06,-4.425290777396749585e-05,-1.493887156744610513e-03,-1.684395897901777572e-02,-1.493887156744610513e-03,-1.684395897901777572e-02,-1.493887156971961854e-03,-1.684395897906046380e-02,-1.493887156744607260e-03,-1.684395897904617315e-02
4.599025533927170173e+00,3.205603951332004993e-21,-4.697696190291195074e-22,9.185040300461107934e-23,1.213960882442045493e-21,-9.999999999809280338e-01,2.873334553008801903e-10,1.183589846857701324e-14,-8.629280068917274661e-16,1.183613733848558385e-14,-8.592102502460527837e-16,1.183618944796904255e-14,-8.583893942564633364e-16,-1.168475048030239104e-11,-1.736263437643564660e-10,-1.168475048030239104e-11,-1.736263437643564660e-10,-1.168475048030239104e-11,-1.736263437643564660e-10,-1.168475048032886082e-11,-1.736263437711327295e-10,3.195935832660922969e-13,-5.298447385777280999e-14,9.292265217331348306e-12,-7.566517219709721325e-13,1.105589290383568235e+00,-6.487520700248998462e-02,-2.987111029143750642e-06,-4.554247500461717460e-05,-2.958526883773179647e-06,-4.554448585613037558e-05,-2.952215582045435551e-06,-4.554492498650414951e-05,-1.494209194762728763e-03,-1.733593488618997286e-02,-1.494209194762728763e-03,-1.733593488618997286e-02,-1.494209194762728763e-03,-1.733593488618997286e-02,-1.494209194762731799e-03,-1.733593488617570649e-02
4.733353603456411207e+00,3.396931982460088172e-21,-4.787357905814018603e-22,9.683310288962892368e-23,1.323129102553395263e-21,-9.999999999811345353e-01,2.957166408447398087e-10,1.253735062034784662e-14,-8.795821420531536798e-16,1.253758831359199587e-14,-8.757561041565733559e-16,1.253764016623587437e-14,-8.749112830902770223e-16,-1.149517216739560082e-11,-1.786976634848553951e-10,-1.149517216739560082e-11,-1.786976634848553951e-10,-1.149517216739560082e-11,-1.786976634848553951e-10,-1.149517216932789473e-11,-1.786976634916316586e-10,3.386711590014201863e-13,-5.442534160127699609e-14,9.843060097407888108e-12,-7.756765309993664954e-13,1.105549262925390908e+00,-6.184942450637523348e-02,-2.937649711655279995e-06,-4.687232672433070378e-05,-2.909067135071754833e-06,-4.687427170077408786e-05,-2.902755778290586370e-06,-4.687469645159072611e-05,-1.494550318121694006e-03,-1.784228042683406318e-02,-1.494550318121694006e-03,-1.784228042683406318e-02,-1.494550318121694006e-03,-1.784228042683406318e-02,-1.494550318349051853e-03,-1.784228042680555820e-02
4.871605119404972761e+00,3.599597365534687593e-21,-4.875351318326439073e-22,1.020608888416940002e-22,1.442135029520052596e-21,-9.999999999813531382e-01,3.043449471119060584e-10,1.328037758852554747e-14,-8.959513283828064015e-16,1.328061403438133300e-14,-8.920138411335743579e-16,1.328066561612356089e-14,-8.911443551957729182e-16,-1.129435772204494396e-11,-1.839171122390787297e-10,-1.129435772204494396e-11,-1.839171122390787297e-10,-1.129435772204494396e-11,-1.839171122390787297e-10,-1.129435772135672969e-11,-1.839171122356905979e-10,3.588794482225566495e-13,-5.589869011556986082e-14,1.042650016875203316e-11,-7.949795625638289811e-13,1.105511492853747724e+00,-5.887487184198106349e-02,-2.885256551896576088e-06,-4.824103318617563074e-05,-2.856675482271065264e-06,-4.824291389827531747e-05,-2.850364043897498287e-06,-4.824332462165605885e-05,-1.494911657482113267e-03,-1.836341530651712517e-02,-1.494911657482113267e-03,-1.836341530651712517e-02,-1.494911657482113267e-03,-1.836341530651712517e-02,-1.494911657482120206e-03,-1.836341530651712517e-02
5.013894677567012792e+00,3.814271757240891962e-21,-4.961240905611293015e-22,1.075421567074205763e-22,1.571865816365332849e-21,-9.999999999815850638e-01,3.132255264756906091e-10,1.406744352802488934e-14,-9.119576702824015125e-16,1.406767865328682692e-14,-9.079054762432655154e-16,1.406772994758379195e-14,-9.070106008237423730e-16,-1.108164120718551715e-11,-1.892890171083900456e-10,-1.108164120718551715e-11,-1.892890171083900456e-10,-1.108164120718551715e-11,-1.892890171083900456e-10,-1.108164121025601159e-11,-1.892890171016137820e-10,3.802854677269325754e-13,-5.740460113617882265e-14,1.104452029549136488e-11,-8.145439154625726250e-13,1.105475854988429818e+00,-5.594908653780005653e-02,-2.829757810512070008e-06,-4.964972913464641660e-05,-2.801178200827993846e-06,-4.965154714012446306e-05,-2.794866647451025085e-06,-4.965194417601406150e-05,-1.495294412798589675e-03,-1.889977148946839214e-02,-1.495294412798589675e-03,-1.889977148946839214e-02,-1.495294412798589675e-03,-1.889977148946839214e-02,-1.495294413025926921e-03,-1.889977148948265503e-02
5.160340220843958825e+00,4.041666579164300364e-21,-5.044543545584395926e-22,1.132850487146418904e-22,1.713288636338536155e-21,-9.999999999818305341e-01,3.223657402351637682e-10,1.490115864573268177e-14,-9.275146975994251694e-16,1.490139237223220352e-14,-9.233444549607105047e-16,1.490144336047234191e-14,-9.224234356707470113e-16,-1.085631718839432838e-11,-1.948178315650211760e-10,-1.085631718839432838e-11,-1.948178315650211760e-10,-1.085631718799728168e-11,-1.948178315650211760e-10,-1.085631718789140256e-11,-1.948178315684093078e-10,4.029602063632044424e-13,-5.894308069978910590e-14,1.169917002119919771e-11,-8.343499367374807769e-13,1.105442231177154566e+00,-5.306964617488671432e-02,-2.770969428983743092e-06,-5.109958248123043083e-05,-2.742391245818773067e-06,-5.110133928755901687e-05,-2.736079532038207773e-06,-5.110172296383311811e-05,-1.495699851953321549e-03,-1.945179355668560928e-02,-1.495699851953321549e-03,-1.945179355668560928e-02,-1.495699851953328488e-03,-1.945179355667145393e-02,-1.495699851953324801e-03,-1.945179355667139842e-02
5.311063137006624579e+00,4.282535378457281142e-21,-5.124723940161734884e-22,1.192973521037838319e-22,1.867457901090837807e-21,-9.999999999820909924e-01,3.317731650119472991e-10,1.578428786315673532e-14,-9.425265980035253552e-16,1.578452010569423816e-14,-9.382348408784654256e-16,1.578457077133393765e-14,-9.372869100944531320e-16,-1.061763843393114731e-11,-2.005081392362866293e-10,-1.061763843393114731e-11,-2.005081392362866293e-10,-1.061763843398408687e-11,-2.005081392430628929e-10,-1.061763843345469128e-11,-2.005081392430628929e-10,4.269788605813484743e-13,-6.051404956283261230e-14,1.239262036614321236e-11,-8.543749377857990264e-13,1.105410509949801057e+00,-5.023416648305861765e-02,-2.708696440538592046e-06,-5.259179527844715991e-05,-2.680119662973055288e-06,-5.259349233855309435e-05,-2.673807749101696654e-06,-5.259386297412346550e-05,-1.496129319978824809e-03,-2.001993907423209665e-02,-1.496129319978824809e-03,-2.001993907423209665e-02,-1.496129319978818087e-03,-2.001993907424625199e-02,-1.496129319978828495e-03,-2.001993907424625199e-02
5.466188359312753597e+00,4.537676319850571482e-21,-5.201189708298119045e-22,1.255863756711332734e-22,2.035523130203767327e-21,-9.999999999823665497e-01,3.414555989301668038e-10,1.671975998282781958e-14,-9.568872806180584687e-16,1.671999065289497795e-14,-9.524704703279927723e-16,1.672004097525472323e-14,-9.514948389196273030e-16,-1.036481341916768450e-11,-2.063646576925149290e-10,-1.036481341916768450e-11,-2.063646576925149290e-10,-1.036481341895592626e-11,-2.063646576925149290e-10,-1.036481341892945648e-11,-2.063646576925149290e-10,4.524210837318584654e-13,-6.211733340404188203e-14,1.312717102736892116e-11,-8.745928847513836994e-13,1.105380586138945187e+00,-4.744029981511311417e-02,-2.642732356182914407e-06,-5.412760471047119626e-05,-2.614156929264765804e-06,-5.412924343244431713e-05,-2.607844799306661743e-06,-5.412960133227922807e-05,-1.496584240393709084e-03,-2.060467897288759467e-02,-1.496584240393709084e-03,-2.060467897288759467e-02,-1.496584240393712554e-03,-2.060467897288753916e-02,-1.496584240393712770e-03,-2.060467897288754263e-02
5.625844470063392500e+00,4.807934820448700859e-21,-5.273285951968137832e-22,1.321587967298224581e-22,2.218737530865065548e-21,-9.999999999826580943e-01,3.514210681623223392e-10,1.771067740188159631e-14,-9.704794297254685641e-16,1.771090640766136223e-14,-9.659339068233671664e-16,1.771095636937036044e-14,-9.649297492643971934e-16,-1.009700372640820150e-11,-2.123922423501764349e-10,-1.009700372640820150e-11,-2.123922423501764349e-10,-1.009700372603762459e-11,-2.123922423501764349e-10,-1.009700372863166299e-11,-2.123922423501764349e-10,4.793712501048923185e-13,-6.375265144074093170e-14,1.390525800534615364e-11,-8.949740570018185126e-13,1.105352360569125558e+00,-4.468573214844419328e-02,-2.572858405866856227e-06,-5.570828412983581848e-05,-2.544284315084964921e-06,-5.570986587030417894e-05,-2.537971908790465381e-06,-5.571021133201448328e-05,-1.497066123544249288e-03,-2.120649793821984680e-02,-1.497066123544249288e-03,-2.120649793821984680e-02,-1.497066123544252758e-03,-2.120649793821979129e-02,-1.497066123771590438e-03,-2.120649793824832402e-02
5.790163807183937195e+00,5.094206347819621853e-21,-5.340289345872347600e-22,1.390205143817006289e-22,2.418467350529621210e-21,-9.999999999829672914e-01,3.616778333938438714e-10,1.876032640880288459e-14,-9.831734343955747077e-16,1.876055365186076516e-14,-9.784954385183729426e-16,1.876060322727641730e-14,-9.774619243194634626e-16,-9.813321221834576830e-12,-2.185958904664907221e-10,-9.813321221834576830e-12,-2.185958904664907221e-10,-9.813321221543409254e-12,-2.185958904597144585e-10,-9.813321221543409254e-12,-2.185958904664907221e-10,5.079187350772386737e-13,-6.541960420508386371e-14,1.472946168329221814e-11,-9.154846768372946868e-13,1.105325739636737747e+00,-4.196818218788565119e-02,-2.498842875625560832e-06,-5.733514410732803231e-05,-2.470270104884377211e-06,-5.733667017790415344e-05,-2.463957385693631402e-06,-5.733700348663381635e-05,-1.497576566718544300e-03,-2.182589481231901954e-02,-1.497576566718544300e-03,-2.182589481231901954e-02,-1.497576566718551022e-03,-2.182589481230486420e-02,-1.497576566718551022e-03,-2.182589481230481215e-02
5.959282573918189385e+00,5.397439381378548348e-21,-5.401401703290513429e-22,1.461764325805850920e-22,2.636202074869519391e-21,-9.999999999832949182e-01,3.722343970601407759e-10,1.987218807987586990e-14,-9.948262304327134029e-16,1.987241345350556610e-14,-9.900118986469506478e-16,1.987246262194835687e-14,-9.889481576140972551e-16,-9.512825129351580290e-12,-2.249807453847557127e-10,-9.512825129351580290e-12,-2.249807453847557127e-10,-9.512825129298640731e-12,-2.249807453847557127e-10,-9.512825129113352274e-12,-2.249807453915319763e-10,5.381582111708700754e-13,-6.711766003487902473e-14,1.560251538451682785e-11,-9.360865029033032806e-13,1.105300635108417140e+00,-3.928539945285148410e-02,-2.420440306912683968e-06,-5.900953352876463551e-05,-2.391868834291600140e-06,-5.901100519342773401e-05,-2.385555769270787579e-06,-5.901132662486851740e-05,-1.498117261426567225e-03,-2.246338300730538889e-02,-1.498117261426567225e-03,-2.246338300730538889e-02,-1.498117261426560719e-03,-2.246338300733381060e-02,-1.498117261426567441e-03,-2.246338300731954771e-02
6.133340951726350632e+00,5.718638529966252965e-21,-5.455742992197407584e-22,1.536302652836176282e-22,2.873565543711664599e-21,-9.999999999836418629e-01,3.830995097027370747e-10,2.104994981421774624e-14,-1.005280036443762610e-15,2.105017321254013966e-14,-1.000325381738886359e-15,2.105022194836747006e-14,-9.992305188626662715e-16,-9.194518950033922971e-12,-2.315521007966174667e-10,-9.194518950033922971e-12,-2.315521007966174667e-10,-9.194518950033922971e-12,-2.315521007966174667e-10,-9.194518950192741649e-12,-2.315521008033937303e-10,5.701899623136091019e-13,-6.884614107180142417e-14,1.652731443785091635e-11,-9.567363865467972856e-13,1.105276963713890170e+00,-3.663516170856367937e-02,-2.337390692604136896e-06,-6.073284070828411063e-05,-2.308820503257337261e-06,-6.073425918750906597e-05,-2.302507052930631012e-06,-6.073456900664021797e-05,-1.498690003118865197e-03,-2.311949093103569247e-02,-1.498690003118865197e-03,-2.311949093103569247e-02,-1.498690003118865197e-03,-2.311949093103569247e-02,-1.498690003118857824e-03,-2.311949093104984781e-02
6.312483216480536008e+00,6.058867877013735655e-21,-5.502343474510408027e-22,1.613842603499476645e-22,3.132328071466507127e-21,-9.999999999840090137e-01,3.942821781956554195e-10,2.229751759342257473e-14,-1.014360979063963683e-15,2.229773889401493471e-14,-1.009261911859025474e-15,2.229778717075702515e-14,-1.008135008968958757e-15,-8.857347074073877545e-12,-2.383154049670705224e-10,-8.857347074100347325e-12,-2.383154049670705224e-10,-8.857347077197311538e-12,-2.383154049670705224e-10,-8.857347077567888453e-12,-2.383154049806230496e-10,6.041202162513369572e-13,-7.060420508315821136e-14,1.750692577989731271e-11,-9.773857843502791222e-13,1.105254647011713720e+00,-3.401527378618731529e-02,-2.249418633672928024e-06,-6.250649454894212300e-05,-2.220849731164961852e-06,-6.250786101704759344e-05,-2.214535833669908195e-06,-6.250815948154262846e-05,-1.499296688795316145e-03,-2.379476242483301654e-02,-1.499296688795315928e-03,-2.379476242483301654e-02,-1.499296689022656861e-03,-2.379476242483301654e-02,-1.499296689022653391e-03,-2.379476242484716841e-02
6.496857858054116086e+00,6.419254471646159749e-21,-5.540135650833579976e-22,1.694389258059981634e-22,3.414419660277034574e-21,-9.999999999843982579e-01,4.057916721693149639e-10,2.361902889798654864e-14,-1.021877561018426920e-15,2.361924798090768637e-14,-1.016629877581553759e-15,2.361929577374911846e-14,-1.015469983419935977e-15,-8.500191363347443238e-12,-2.452762654913949285e-10,-8.500191363347443238e-12,-2.452762654913949285e-10,-8.500191363453322356e-12,-2.452762654913949285e-10,-8.500191365253267369e-12,-2.452762654846186649e-10,6.400614969418874851e-13,-7.239083120968916507e-14,1.854459812649246535e-11,-9.979802321815316751e-13,1.105233611000802973e+00,-3.142356526530366845e-02,-2.156232377180146357e-06,-6.433196572480858421e-05,-2.127664745819431415e-06,-6.433328131493610364e-05,-2.121350379971991296e-06,-6.433356867170287609e-05,-1.499939331316149042e-03,-2.448975721441579850e-02,-1.499939331316149042e-03,-2.448975721441579850e-02,-1.499939331316145572e-03,-2.448975721441579850e-02,-1.499939331543507321e-03,-2.448975721443012038e-02
6.686617703404022173e+00,6.800992065516959998e-21,-5.567944822969540097e-22,1.777926866909718510e-22,3.721944404199818827e-21,-9.999999999848109278e-01,4.176375326570436891e-10,2.501886647407492812e-14,-1.027619059700465662e-15,2.501908320035850069e-14,-1.022218409061635520e-15,2.501913048117513361e-14,-1.021024552518427536e-15,-8.121867403611191582e-12,-2.524404538488053684e-10,-8.121867403611191582e-12,-2.524404538488053684e-10,-8.121867403611191582e-12,-2.524404538488053684e-10,-8.121867404034708055e-12,-2.524404538488053684e-10,6.781329976936123186e-13,-7.420479751391921676e-14,1.964377274740794674e-11,-1.018458761321216713e-12,1.105213785925267533e+00,-2.885788950094641744e-02,-2.057522901205743620e-06,-6.621076790880443374e-05,-2.028956550153922096e-06,-6.621203371244738006e-05,-2.022641647521776429e-06,-6.621231019719438313e-05,-1.500620062631283225e-03,-2.520505137383378252e-02,-1.500620062631283225e-03,-2.520505137383378252e-02,-1.500620062631283225e-03,-2.520505137383378252e-02,-1.500620062631283225e-03,-2.520505137381957167e-02
6.881920043248029195e+00,7.205345033840971964e-21,-5.584479135536604226e-22,1.864415091646298798e-22,4.057196195228423779e-21,-9.999999999852475785e-01,4.298295792643652691e-10,2.650167283234381704e-14,-1.031353699102442552e-15,2.650188706881374582e-14,-1.025795621103792543e-15,2.650193380451835507e-14,-1.024566802944814393e-15,-7.721120560796273342e-12,-2.598139101458356651e-10,-7.721120560796273342e-12,-2.598139101458356651e-10,-7.721120560955092019e-12,-2.598139101458356651e-10,-7.721120560769803562e-12,-2.598139101458356651e-10,7.184609765168539670e-13,-7.604466001002109947e-14,2.080809487937258661e-11,-1.038753266579343636e-12,1.105195106054541965e+00,-2.631612066483126830e-02,-1.952962856018791555e-06,-6.814445902806276977e-05,-1.924397787364500161e-06,-6.814567609389537907e-05,-1.918082315700616752e-06,-6.814594193693743055e-05,-1.501341138623460371e-03,-2.594123780281923017e-02,-1.501341138623460371e-03,-2.594123780281923017e-02,-1.501341138623457118e-03,-2.594123780283344102e-02,-1.501341138623460587e-03,-2.594123780281923364e-02
7.082926762442021129e+00,7.633652576078752332e-21,-5.588318978115563787e-22,1.953784654505025989e-22,4.422675843152770440e-21,-9.999999999857098754e-01,4.423779188019588693e-10,2.807236567154986460e-14,-1.032826699323885131e-15,2.807257726765927811e-14,-1.027106606421738036e-15,2.807262342599181979e-14,-1.025841777781973002e-15,-7.296621875492662729e-12,-2.674027481782076734e-10,-7.296621875492662729e-12,-2.674027481782076734e-10,-7.296621875439723170e-12,-2.674027481782076734e-10,-7.296621875545602289e-12,-2.674027481849839370e-10,7.611791748889976753e-13,-7.790873237425241990e-14,2.204142581587474758e-11,-1.058787818969948585e-12,1.105177509463645569e+00,-2.379615325420429695e-02,-1.842205499081374516e-06,-7.013464256237357899e-05,-1.813641717241049392e-06,-7.013581189909445551e-05,-1.807325620561394397e-06,-7.013606731884874511e-05,-1.502104952615227352e-03,-2.669892671843813320e-02,-1.502104952615227352e-03,-2.669892671843813320e-02,-1.502104952615234291e-03,-2.669892671843813320e-02,-1.502104952615230821e-03,-2.669892671843807769e-02
7.289804474165310744e+00,8.087333108314099173e-21,-5.577904739663246434e-22,2.045932333036451912e-22,4.821109741980306726e-21,-9.999999999862002609e-01,4.552929532680976416e-10,2.973615418972476432e-14,-1.031758139136783004e-15,2.973636298996370741e-14,-1.025871311438563595e-15,2.973640853949131825e-14,-1.024569416835550060e-15,-6.846963583230127393e-12,-2.752132604113850106e-10,-6.846963583230127393e-12,-2.752132604113850106e-10,-6.846963583097778495e-12,-2.752132604113850106e-10,-6.846963582965429597e-12,-2.752132604181612742e-10,8.064292612554028723e-13,-7.979505686873640886e-14,2.334785571348892329e-11,-1.078477901504210641e-12,1.105160937799060328e+00,-2.129589934740905299e-02,-1.724883521871726113e-06,-7.218296887447844346e-05,-1.696321051975059422e-06,-7.218409145193735736e-05,-1.690004280712927283e-06,-7.218433665957920060e-05,-1.502914035890843625e-03,-2.747874616056371691e-02,-1.502914035890843625e-03,-2.747874616056371691e-02,-1.502914035890843625e-03,-2.747874616056371691e-02,-1.502914035890847095e-03,-2.747874616054950606e-02
7.502724658025233140e+00,8.567888952243272580e-21,-5.551524112782322648e-22,2.140715414414213035e-22,5.255470219638437577e-21,-9.999999999867196232e-01,4.685853890779197173e-10,3.149855634660745740e-14,-1.027840656423484943e-15,3.149876219215725245e-14,-1.021782216872301608e-15,3.149880708986654060e-14,-1.020442154501463651e-15,-6.370654504951399238e-12,-2.832519232660586465e-10,-6.370654504951399238e-12,-2.832519232660586465e-10,-6.370654504951399238e-12,-2.832519232660586465e-10,-6.370654504951399238e-12,-2.832519232660586465e-10,8.543613009350116125e-13,-8.170137916136067078e-14,2.473171715723922535e-11,-1.097729595262909076e-12,1.105145336130477496e+00,-1.881328752974314664e-02,-1.600607874007424615e-06,-7.429113658719836320e-05,-1.572046711350390298e-06,-7.429221333688068563e-05,-1.565729211571559703e-06,-7.429244853490568200e-05,-1.503771071876912075e-03,-2.828134251274323427e-02,-1.503771071876912075e-03,-2.828134251274323427e-02,-1.503771071876912075e-03,-2.828134251274323427e-02,-1.503771071876912292e-03,-2.828134251274317876e-02
7.721863802195491289e+00,9.076911286066035838e-21,-5.507297844921205188e-22,2.237945092669253760e-22,5.728997722937199161e-21,-9.999999999872692946e-01,4.822662451136293382e-10,3.336541719727522931e-14,-1.020736839249046892e-15,3.336561990119305788e-14,-1.014501796637083485e-15,3.336566411565116007e-14,-1.013122436569704359e-15,-5.866115083293224402e-12,-2.915254024375138128e-10,-5.866115083293224402e-12,-2.915254024375138128e-10,-5.866115083293224402e-12,-2.915254024375138128e-10,-5.866115080672716222e-12,-2.915254024442900764e-10,9.051342537825722695e-13,-8.362511686197725590e-14,2.619759953044583757e-11,-1.116438668865773858e-12,1.105130652713079975e+00,-1.634626053010776112e-02,-1.468966402597713592e-06,-7.646089399597683946e-05,-1.440406586585852425e-06,-7.646192581017320633e-05,-1.434088300065344224e-06,-7.646215119259109467e-05,-1.504678903133479422e-03,-2.910738103779014763e-02,-1.504678903133479422e-03,-2.910738103779014763e-02,-1.504678903133479422e-03,-2.910738103779014763e-02,-1.504678902906131767e-03,-2.910738103778287567e-02
7.947403549706071324e+00,9.616085389621814234e-21,-5.443164324524999131e-22,2.337379384718897543e-22,6.245225005400467633e-21,-9.999999999878518286e-01,4.963468624823164088e-10,3.534292825478748847e-14,-1.010076516017545246e-15,3.534312763178489336e-14,-1.003659728590114138e-15,3.534317111997841772e-14,-1.002239916082058719e-15,-5.331672137678944513e-12,-3.000405585605863540e-10,-5.331672137678944513e-12,-3.000405585605863540e-10,-5.331672137996581868e-12,-3.000405585673626176e-10,-5.331672137996581868e-12,-3.000405585741388811e-10,9.589165014755051438e-13,-8.556332639860506454e-14,2.775036423579955751e-11,-1.134489602596085266e-12,1.105116838852350236e+00,-1.389277454083027996e-02,-1.329522560408897775e-06,-7.869404052281186090e-05,-1.300964115017777179e-06,-7.869502825883329343e-05,-1.294644986589346240e-06,-7.869524401050240084e-05,-1.505640540635242450e-03,-2.995754642918409261e-02,-1.505640540635242450e-03,-2.995754642918409261e-02,-1.505640540635238981e-03,-2.995754642918409261e-02,-1.505640540635238981e-03,-2.995754642918398158e-02
8.179530849005983484e+00,1.018719619639274601e-20,-5.356862865565958312e-22,2.438714728998206286e-22,6.808003494226810950e-21,-9.999999999884685575e-01,5.108389139485153968e-10,3.743764803404345961e-14,-9.954537097930614284e-16,3.743784389552326114e-14,-9.888498802855198299e-16,3.743788661113009338e-14,-9.873883977269264393e-16,-4.765553311726359863e-12,-3.088044527729751250e-10,-4.765553311726359863e-12,-3.088044527729751250e-10,-4.765553311779299422e-12,-3.088044527661988614e-10,-4.765553311620480744e-12,-3.088044527933039157e-10,1.015886405862086393e-12,-8.751266776952409774e-14,2.939516081932175143e-11,-1.151754510399535984e-12,1.105103848758634211e+00,-1.145079634882252215e-02,-1.181813920972693195e-06,-8.099242821727526450e-05,-1.153256878517595678e-06,-8.099337269297828738e-05,-1.146936839160997981e-06,-8.099357899292421788e-05,-1.506659172528327382e-03,-3.083254337853882920e-02,-1.506659172528327382e-03,-3.083254337853882920e-02,-1.506659172528330634e-03,-3.083254337852478488e-02,-1.506659172528327165e-03,-3.083254337853871818e-02
8.418438108923632868e+00,1.079213417209514805e-20,-5.245914994776737344e-22,2.541576416577200007e-22,7.421532039659578266e-21,-9.999999999891224789e-01,5.257544130957136908e-10,3.965652382648462857e-14,-9.764233113792582057e-16,3.965671596234295117e-14,-9.696270068693428683e-16,3.965675786069533820e-14,-9.681226068718477764e-16,-4.165881212441478900e-12,-3.178243527122352578e-10,-4.165881212441478900e-12,-3.178243527122352578e-10,-4.165881212441478900e-12,-3.178243527122352578e-10,-4.165881212441478900e-12,-3.178243527122352578e-10,1.076232900795292161e-12,-8.946936126331302744e-14,3.113744405003864299e-11,-1.168091965097236704e-12,1.105091639367141276e+00,-9.018302611546581346e-03,-1.025350637245565798e-06,-8.335796329640487784e-05,-9.967950310629999877e-07,-8.335886529654348029e-05,-9.904740197654752898e-07,-8.335906231386752555e-05,-1.507738177137081916e-03,-3.173309715990928898e-02,-1.507738177137081916e-03,-3.173309715990928898e-02,-1.507738177137081916e-03,-3.173309715990928898e-02,-1.507738177137081699e-03,-3.173309715990923346e-02
8.664323358153261267e+00,1.143290153405889267e-20,-5.107605061449341288e-22,2.645508264971607501e-22,8.090388254236644964e-21,-9.999999999898145919e-01,5.411057249515328904e-10,4.200691474038352444e-14,-9.524975422950804078e-16,4.200710291900979658e-14,-9.455031379546259708e-16,4.200714395543998534e-14,-9.439545598949756469e-16,-3.530667176506012688e-12,-3.271077385127714281e-10,-3.530667176506012688e-12,-3.271077385127714281e-10,-3.530667176506012688e-12,-3.271077385127714281e-10,-3.530667176506012688e-12,-3.271077385263239552e-10,1.140156118427551670e-12,-9.142915032165618802e-14,3.298299201152246492e-11,-1.183345728720322714e-12,1.105080170181583554e+00,-6.593277577099564135e-03,-8.596138396374508527e-07,-8.579260773642468296e-05,-8.310597096683080772e-07,-8.579346800865268914e-05,-8.247376619081627303e-07,-8.579365590586169796e-05,-1.508881132811339294e-03,-3.265995423054240260e-02,-1.508881132811339294e-03,-3.265995423054240260e-02,-1.508881132811339294e-03,-3.265995423054240260e-02,-1.508881132811339294e-03,-3.265995423054229158e-02
8.917390409399658324e+00,1.211161883821596620e-20,-4.938957752927174592e-22,2.749960225138045313e-22,8.819562682374478021e-21,-9.999999999905482273e-01,5.569055755016028703e-10,4.449661608943690000e-14,-9.231419379857003720e-16,4.449680008749235629e-14,-9.159436766376434665e-16,4.449684020906078756e-14,-9.143496036443027260e-16,-2.857804673849479487e-12,-3.366623090128952923e-10,-2.857804673849479487e-12,-3.366623090128952923e-10,-2.857804673743600369e-12,-3.366623090128952923e-10,-2.857804673849479487e-12,-3.366623090196715559e-10,1.207868053206713942e-12,-9.338724771363408525e-14,3.493792526681158043e-11,-1.197343344326265327e-12,1.105069403173205345e+00,-4.173711653467598696e-03,-6.840539109722494406e-07,-8.829838090328912166e-05,-6.555012988145920719e-07,-8.829920016273328767e-05,-6.491781463051886095e-07,-8.829937909345225689e-05,-1.510091830075040251e-03,-3.361388284996945364e-02,-1.510091830075040251e-03,-3.361388284996945364e-02,-1.510091830075040251e-03,-3.361388284996939813e-02,-1.510091830075036782e-03,-3.361388284998355347e-02
9.177849028317210056e+00,1.283053196130834109e-20,-4.736714769467187901e-22,2.854274718403139311e-22,9.614496050108909601e-21,-9.999999999913249393e-01,5.731670632905250251e-10,4.713388530337123934e-14,-8.877711258926714721e-16,4.713406487766477970e-14,-8.803630882325486686e-16,4.713410402316008816e-14,-8.787221438769782234e-16,-2.145062323147870593e-12,-3.464959881854996239e-10,-2.145062323147870593e-12,-3.464959881854996239e-10,-2.145062323147870593e-12,-3.464959881854996239e-10,-2.145062323253749711e-12,-3.464959881719470967e-10,1.279593265032249330e-12,-9.533828859810626639e-14,3.700872715892743757e-11,-1.209894618459311292e-12,1.105059302632783291e+00,-1.757599937757435603e-03,-4.980886394271012443e-07,-9.087736124083358293e-05,-4.695376111424871120e-07,-9.087814016762401465e-05,-4.632132529340083758e-07,-9.087831027979974394e-05,-1.511374284023082621e-03,-3.459567371647764150e-02,-1.511374284023082621e-03,-3.459567371647764150e-02,-1.511374284023082621e-03,-3.459567371647764150e-02,-1.511374284023082838e-03,-3.459567371647053607e-02
9.445915107383296316e+00,1.359201947831516155e-20,-4.497308386059677642e-22,2.957671269453090983e-22,1.048111987629548732e-20,-9.999999999921479477e-01,5.899036690441665509e-10,4.992746928611433747e-14,-8.457441568465508692e-16,4.992764416863944343e-14,-8.381202184291068250e-16,4.992768228512206988e-14,-8.364310362089347374e-16,-1.390076475864908666e-12,-3.566169317042577197e-10,-1.390076475864908666e-12,-3.566169317042577197e-10,-1.390076475891378446e-12,-3.566169316974814561e-10,-1.390076475891378446e-12,-3.566169317178102469e-10,1.355569623999041013e-12,-9.727626929283477267e-14,3.920226531482804940e-11,-1.220789953091818834e-12,1.105049835086847398e+00,6.570600602539006111e-04,-3.011013256637444458e-07,-9.353168800231936408e-05,-2.725519233341078344e-07,-9.353242724361929272e-05,-2.662263093769777575e-07,-9.353258867548273436e-05,-1.512732746255485063e-03,-3.560614062253907725e-02,-1.512732746255485063e-03,-3.560614062253907725e-02,-1.512732746255484846e-03,-3.560614062252486639e-02,-1.512732746255484846e-03,-3.560614062252464435e-02
9.721810844850185873e+00,1.439860047296456613e-20,-4.216833571618705184e-22,3.059228812183573328e-22,1.142590074767429883e-20,-9.999999999930194727e-01,6.071292678398298309e-10,5.288663343825427235e-14,-7.963593732383792323e-16,5.288680335438698055e-14,-7.885132673432932457e-16,5.288684037899119842e-14,-7.867743748770291714e-16,-5.903434295840427452e-13,-3.670335338621885136e-10,-5.903434295840427452e-13,-3.670335338621885136e-10,-5.903434295840427452e-13,-3.670335338621885136e-10,-5.903434295575729656e-13,-3.670335338757410408e-10,1.436049099344865695e-12,-9.919449012315725870e-14,4.152581442450544381e-11,-1.229798534675200861e-12,1.105040969128852080e+00,3.072269270999240277e-03,-9.243871044236875852e-08,-9.626356303477008906e-05,-6.389099471425930613e-08,-9.626426320396854711e-05,-5.756402618150084368e-08,-9.626441608823576418e-05,-1.514171723958960191e-03,-3.664612112936917188e-02,-1.514171723958960191e-03,-3.664612112936917188e-02,-1.514171723958960191e-03,-3.664612112936917188e-02,-1.514171723958960191e-03,-3.664612112936906085e-02
1.000576492892373714e+01,1.525294282392863616e-20,-3.891016792491523742e-22,3.157865976065709383e-22,1.245588858813477468e-20,-9.999999999939426232e-01,6.248581402735348123e-10,5.602119243477563674e-14,-7.388488437485194821e-16,5.602135707349603684e-14,-7.307741249844585399e-16,5.602139294666484204e-14,-7.289840498906121344e-16,2.567889547325235980e-13,-3.777544344427878446e-10,2.567889547325235980e-13,-3.777544344427878446e-10,2.567889547325235980e-13,-3.777544344427878446e-10,2.567889547325235980e-13,-3.777544344427878446e-10,1.521298595390536026e-12,-1.010854847220536576e-13,4.398708037031216737e-11,-1.236666346950914856e-12,1.105032675361678596e+00,5.490029191614675952e-03,1.285911887822390133e-07,-9.907525261586248248e-05,1.571371516581480457e-07,-9.907591429606810456e-05,1.634655592402684968e-07,-9.907605875730750278e-05,-1.515695986790048608e-03,-3.771647726108880161e-02,-1.515695986790048608e-03,-3.771647726108880161e-02,-1.515695986790048608e-03,-3.771647726108880161e-02,-1.515695986790048392e-03,-3.771647726108880855e-02
1.029801272732158601e+01,1.615787193593589476e-20,-3.515182409449206290e-22,3.252318627276100580e-22,1.357876928106287775e-20,-9.999999999949210627e-01,6.431049838983519257e-10,5.934154273160325031e-14,-6.723723844851892573e-16,5.934170179512632181e-14,-6.640623923938610826e-16,5.934173644737654288e-14,-6.622195994252154475e-16,1.154129956986747139e-12,-3.887885258893153222e-10,1.154129956986747139e-12,-3.887885258893153222e-10,1.154129957304384494e-12,-3.887885258757627950e-10,1.154129959263148185e-12,-3.887885258893153222e-10,1.611600836586258852e-12,-1.029409475976339167e-13,4.659422578662031549e-11,-1.241114013625803157e-12,1.105024926285641751e+00,7.912343670994402903e-03,3.627213666059948859e-07,-1.019690893496885491e-04,3.912654931499288997e-07,-1.019697130910969123e-04,3.975954321169308997e-07,-1.019698492468218990e-04,-1.517310592228413241e-03,-3.881809621912984259e-02,-1.517310592228413241e-03,-3.881809621912984259e-02,-1.517310592228409772e-03,-3.881809621912984259e-02,-1.517310592001065153e-03,-3.881809621912262614e-02
1.059879648236793592e+01,1.711638001835327403e-20,-3.084215898033015763e-22,3.341114435821242424e-22,1.480292204196214474e-20,-9.999999999959569008e-01,6.618849265600888071e-10,6.285869712024506846e-14,-5.960108356604420837e-16,6.285885027438984388e-14,-5.874587377299869884e-16,6.285888362631214201e-14,-5.855616320823211216e-16,2.104655407898453845e-12,-4.001449608874332702e-10,2.104655407898453845e-12,-4.001449608874332702e-10,2.104655407898453845e-12,-4.001449608806570066e-10,2.104655405277945665e-12,-4.001449608738807430e-10,1.707255305423488497e-12,-1.047516530619788267e-13,4.935589713512413545e-11,-1.242834435849391585e-12,1.105017696202412081e+00,1.034122012059162168e-02,6.107282423532609063e-07,-1.049474741118267262e-04,6.392704687714333342e-07,-1.049480604337002792e-04,6.456020310816126498e-07,-1.049481883943215041e-04,-1.519020892458020511e-03,-3.995189111754086225e-02,-1.519020892458020511e-03,-3.995189111754086225e-02,-1.519020892458017259e-03,-3.995189111754807870e-02,-1.519020892685371419e-03,-3.995189111754819666e-02
1.090836551178666625e+01,1.813163590650438503e-20,-2.592523799565361185e-22,3.422544508099372741e-22,1.613748196407941759e-20,-9.999999999970542452e-01,6.812135376458878372e-10,6.658432121969208567e-14,-5.087588948973402150e-16,6.658446812366015264e-14,-4.999576667099963988e-16,6.658450009584518904e-14,-4.980046271093096962e-16,3.111517475094615861e-12,-4.118331598462017171e-10,3.111517475094615861e-12,-4.118331598462017171e-10,3.111517474724038947e-12,-4.118331598462017171e-10,3.111517475147555420e-12,-4.118331598529779806e-10,1.808579235921644999e-12,-1.065073678385335385e-13,5.228125338539417379e-11,-1.241490219352009286e-12,1.105010961139408554e+00,1.277867160015744470e-02,8.734342730762583718e-07,-1.080128780575470901e-04,9.019745119410472266e-07,-1.080134274481707826e-04,9.083078034662469397e-07,-1.080135473177115760e-04,-1.520832560613282966e-03,-4.111880173989802129e-02,-1.520832560613282966e-03,-4.111880173989802129e-02,-1.520832560613279497e-03,-4.111880173989802129e-02,-1.520832560613283183e-03,-4.111880173989791026e-02
1.122697641535919111e+01,1.920699542256864702e-20,-2.033989843227135076e-22,3.494630901608394680e-22,1.759240820783731353e-20,-9.999999999982167598e-01,7.011068418264886776e-10,7.053077224802800714e-14,-4.095172987188047811e-16,7.053091253124245123e-14,-4.004597107160185306e-16,7.053094304097216463e-14,-3.984490497138613841e-16,4.178055176323474149e-12,-4.238628188398593094e-10,4.178055176323474149e-12,-4.238628188398593094e-10,4.178055176217595031e-12,-4.238628188398593094e-10,4.178055174258831341e-12,-4.238628188669643637e-10,1.915908665748751550e-12,-1.081967534752660833e-13,5.537999639532604649e-11,-1.236710863807102061e-12,1.105004698768839777e+00,1.522671818063784342e-02,1.151710658137512873e-06,-1.111678446873359068e-04,1.180248815573735742e-06,-1.111683576043815758e-04,1.186583950339151155e-06,-1.111684694792401554e-04,-1.522751603301301417e-03,-4.231979531811332768e-02,-1.522751603301301417e-03,-4.231979531811332768e-02,-1.522751603301301417e-03,-4.231979531811332768e-02,-1.522751603528655360e-03,-4.231979531810622225e-02
1.155489328761837342e+01,2.034601234705875718e-20,-1.401927361967910525e-22,3.555090416230327065e-22,1.917855834259289516e-20,-9.999999999994481081e-01,7.215813319853391777e-10,7.471113996786957009e-14,-2.970841735471309341e-16,7.471127322666625238e-14,-2.877627678684994712e-16,7.471130219453130398e-14,-2.856927682379202207e-16,5.307805407770572185e-12,-4.362439176444719152e-10,5.307805407770572185e-12,-4.362439176444719152e-10,5.307805407770572185e-12,-4.362439176444719152e-10,5.307805408008800201e-12,-4.362439176715769695e-10,2.029599550913877358e-12,-1.098072622945861472e-13,5.866240309341888834e-11,-1.228089701844051449e-12,1.104998888316801375e+00,1.768738883462009706e-02,1.446480241751156911e-06,-1.144149919737870810e-04,1.475016214617242663e-06,-1.144154688454103794e-04,1.481353299684937750e-06,-1.144155728157266361e-04,-1.524784385794602593e-03,-4.355586733408898376e-02,-1.524784385794602593e-03,-4.355586733408898376e-02,-1.524784385794602593e-03,-4.355586733408898376e-02,-1.524784385794606062e-03,-4.355586733408876865e-02
1.189238793675478689e+01,2.155245006714081721e-20,-6.890275442166348172e-23,3.601293384137615654e-22,2.090776939396055372e-20,-1.000000000000752509e+00,7.426539833674337260e-10,7.913929012658359266e-14,-1.701457150328456006e-16,7.913941597715070892e-14,-1.605528683818436365e-16,7.913944330719814768e-14,-1.584217136342171156e-16,6.504514701352519875e-12,-4.489867281676045152e-10,6.504514701352519875e-12,-4.489867281676045152e-10,6.504514701352519875e-12,-4.489867281676045152e-10,6.504514701987794585e-12,-4.489867281540519880e-10,2.150028946561667958e-12,-1.113250255885041920e-13,6.213935956867695470e-11,-1.215180554558536610e-12,1.104993510522838784e+00,2.016272284540030282e-02,1.758720531274761853e-06,-1.177570145549565147e-04,1.787254221846901530e-06,-1.177574557799789483e-04,1.793593386200245163e-06,-1.177575519279858493e-04,-1.526937649160714028e-03,-4.482804234471013394e-02,-1.526937649160714028e-03,-4.482804234471013394e-02,-1.526937649160714028e-03,-4.482804234471013394e-02,-1.526937649160720533e-03,-4.482804234471024496e-02
1.223974010991678085e+01,2.283029385446546209e-20,1.126978605928786960e-23,3.630217395212432871e-22,2.279294620417130677e-20,-1.000000000002134071e+00,7.643422670505252425e-10,8.382991060634770944e-14,-2.726601373317307940e-17,8.383002856230305950e-14,-1.739384473292420895e-17,8.383005415196248944e-14,-1.519967867495584859e-17,7.772151647487486449e-12,-4.621018228983218845e-10,7.772151647487486449e-12,-4.621018228983218845e-10,7.772151647699244685e-12,-4.621018229118744117e-10,7.772151647408077110e-12,-4.621018229118744117e-10,2.277596257840113736e-12,-1.127347225964453342e-13,6.582239718222540034e-11,-1.197494082372479762e-12,1.104988547535234567e+00,2.265477191475684035e-02,2.089467009496351710e-06,-1.211966859900792448e-04,2.117998295018756005e-06,-1.211970919368594233e-04,2.124339664371733566e-06,-1.211971803391698112e-04,-1.529218533940352809e-03,-4.613737483108271836e-02,-1.529218533940352809e-03,-4.613737483108271836e-02,-1.529218533940352809e-03,-4.613737483108982379e-02,-1.529218533940349990e-03,-4.613737483108982379e-02
1.259723772509109452e+01,2.418376388452823991e-20,1.011977778828832580e-22,3.638395405776332370e-22,2.484815776347711256e-20,-1.000000000003598011e+00,7.866641650155353771e-10,8.879855991347787933e-14,1.331241349872915757e-16,8.879866953476137731e-14,1.432836996195658701e-16,8.879869329469729228e-14,1.455427728858400415e-16,9.114920045122887904e-12,-4.756000838925140972e-10,9.114920045122887904e-12,-4.756000838925140972e-10,9.114920042714137960e-12,-4.756000838925140972e-10,9.114920045546404378e-12,-4.756000838925140972e-10,2.412724564541817037e-12,-1.140194502559044465e-13,6.972373081943105528e-11,-1.174493810097525558e-12,1.104983982926151187e+00,2.516560146087706146e-02,2.439816498105085708e-06,-1.247368610824003087e-04,2.468345264847403547e-06,-1.247372320911534877e-04,2.474688970167860551e-06,-1.247373128175422504e-04,-1.531634603730430482e-03,-4.748495007236518822e-02,-1.531634603730430482e-03,-4.748495007236518822e-02,-1.531634603957795051e-03,-4.748495007234409399e-02,-1.531634603730444143e-03,-4.748495007235097737e-02
1.296517710975623139e+01,2.561732898493746805e-20,2.018349571868899273e-22,3.621856274255213471e-22,2.708874223231251780e-20,-1.000000000005148104e+00,8.096381847832838374e-10,9.406171905919640487e-14,3.127392680888564278e-16,9.406181986935201794e-14,3.231945696424531309e-16,9.406184166721551993e-14,3.255205254243358898e-16,1.053727284363300102e-11,-4.894927117446695036e-10,1.053727284363300102e-11,-4.894927117446695036e-10,1.053727284373888013e-11,-4.894927117446695036e-10,1.053727284326242410e-11,-4.894927117582220308e-10,2.555862024903372475e-12,-1.151605708565822253e-13,7.385629941084185013e-11,-1.145591787332222074e-12,1.104979801538060746e+00,2.769729239397879933e-02,2.810930845728326818e-06,-1.283804782744672995e-04,2.839456966394775423e-06,-1.283808146576343888e-04,2.845803155890892779e-06,-1.283808877705753290e-04,-1.534193871068998934e-03,-4.887188504529697830e-02,-1.534193871068998934e-03,-4.887188504529697830e-02,-1.534193871069002403e-03,-4.887188504529697830e-02,-1.534193871068995465e-03,-4.887188504529686034e-02
1.334386324650639999e+01,2.713572120409743078e-20,3.142232478557459100e-22,3.576059396164714555e-22,2.953142143910558742e-20,-1.000000000006790124e+00,8.332833748101592386e-10,9.963684618333086280e-14,5.134525658471498599e-16,9.963693764303683156e-14,5.242121739132150210e-16,9.963695736964007973e-14,5.266070536924581484e-16,1.204392691483533543e-11,-5.037912350610912124e-10,1.204392691483533543e-11,-5.037912350610912124e-10,1.204392691483533543e-11,-5.037912350610912124e-10,1.204392691449122830e-11,-5.037912351017487939e-10,2.707483362066968539e-12,-1.161375507342641042e-13,7.823380885535416318e-11,-1.110143853519009043e-12,1.104975989513437229e+00,3.025194318743218078e-02,3.204040754877389733e-06,-1.321305621152835705e-04,3.232564090801852788e-06,-1.321308641549244272e-04,3.238912918401928231e-06,-1.321309297106713204e-04,-1.536904823202227916e-03,-5.029932934982109943e-02,-1.536904823202227916e-03,-5.029932934982109943e-02,-1.536904823202227916e-03,-5.029932934982109943e-02,-1.536904823202224447e-03,-5.029932934982077330e-02
1.373361002584963053e+01,2.874395122555046731e-20,4.395008045491344337e-22,3.495819241676019612e-22,3.219442570691583745e-20,-1.000000000008529399e+00,8.576193403987859842e-10,1.055424344437220929e-13,7.373102481045014481e-16,1.055425159971130458e-13,7.483829407236954799e-16,1.055425335267245870e-13,7.508488488477773107e-16,1.363987868665127138e-11,-5.185075201635065342e-10,1.363987868665127138e-11,-5.185075201635065342e-10,1.363987868903355154e-11,-5.185075201364014799e-10,1.363987868945706802e-11,-5.185075201635065342e-10,2.868091439136111322e-12,-1.169277802207279346e-13,8.287077748888593039e-11,-1.067444471270354196e-12,1.104972534209574198e+00,3.283167115785704665e-02,3.620449872449790757e-06,-1.359902257951321888e-04,3.648970271415696210e-06,-1.359904937472870650e-04,3.655321891120630483e-06,-1.359905517954132666e-04,-1.539776450737638481e-03,-5.176846616192608969e-02,-1.539776450737638481e-03,-5.176846616192608969e-02,-1.539776450510284321e-03,-5.176846616192608969e-02,-1.539776450510291477e-03,-5.176846616192586764e-02
1.413474050638960300e+01,3.044732463744428104e-20,5.789107037304881618e-22,3.375221878354867761e-22,3.509762994389655866e-20,-1.000000000010372148e+00,8.826662602863175056e-10,1.117980734691262660e-13,9.865472708492457676e-16,1.117981445471019415e-13,9.979421006861924505e-16,1.117981597539903227e-13,1.000481210985762774e-15,1.533042073640208701e-11,-5.336537806164935727e-10,1.533042073640208701e-11,-5.336537806164935727e-10,1.533042073624326833e-11,-5.336537806300460998e-10,1.533042073865201828e-11,-5.336537806029410455e-10,3.038218927304161819e-12,-1.175063856377796626e-13,8.778258424891769574e-11,-1.016721103962476814e-12,1.104969424166271086e+00,3.543861453633239539e-02,4.061539115127061405e-06,-1.399626737668222681e-04,4.090056415363490634e-06,-1.399629078592179638e-04,4.096411007667534045e-06,-1.399629584419282119e-04,-1.542818275663428336e-03,-5.328051321403684537e-02,-1.542818275663428336e-03,-5.328051321403684537e-02,-1.542818275663424867e-03,-5.328051321403684537e-02,-1.542818275436071140e-03,-5.328051321405105623e-02
1.454758718260685058e+01,3.225145913601056063e-20,7.338105340215772872e-22,3.207530276298490518e-22,3.826270200880260414e-20,-1.000000000012324142e+00,9.084449024737879796e-10,1.184245144285505895e-13,1.263604505102683894e-15,1.184245743826013874e-13,1.275330782902358125e-15,1.184245871211828207e-13,1.277945348617405536e-15,1.712115930557095330e-11,-5.492425881508181118e-10,1.712115930557095330e-11,-5.492425881508181118e-10,1.712115930580918132e-11,-5.492425881508181118e-10,1.712115930480332970e-11,-5.492425881779231661e-10,3.218430073039748043e-12,-1.178460124759019205e-13,9.298551969587966031e-11,-9.571280627103874862e-13,1.104966649077398833e+00,3.807493395068820702e-02,4.528771238324784419e-06,-1.440512044378588065e-04,4.557285278016913273e-06,-1.440514048701821599e-04,4.563643012327616656e-06,-1.440514480236212611e-04,-1.546040386003798848e-03,-5.483672380441678706e-02,-1.546040386003798848e-03,-5.483672380441678706e-02,-1.546040386003802317e-03,-5.483672380440257621e-02,-1.546040386003791909e-03,-5.483672380440968164e-02
1.497249226046129600e+01,3.416230280189443217e-20,9.056827466492317116e-22,2.985077685695662122e-22,4.171326446617944773e-20,-1.000000000014391377e+00,9.349766427659694790e-10,1.254437387666534884e-13,1.571147444435816903e-15,1.254437869681221431e-13,1.583214739023544696e-15,1.254437970928128408e-13,1.585907066333616991e-15,1.901803291231962854e-11,-5.652868827058562390e-10,1.901803291231962854e-11,-5.652868827058562390e-10,1.901803291224021920e-11,-5.652868827194087661e-10,1.901803291202846097e-11,-5.652868827194087661e-10,3.409322570161762970e-12,-1.179165995392680704e-13,9.849684005944481186e-11,-8.877398170208458836e-13,1.104964199727537233e+00,4.074281466307828198e-02,5.023695684142997670e-06,-1.482592129485516463e-04,5.052206286035621787e-06,-1.482593798923762961e-04,5.058567349029954663e-06,-1.482594156468839948e-04,-1.549453467447054270e-03,-5.643838783556896083e-02,-1.549453467447054270e-03,-5.643838783556896083e-02,-1.549453467447050800e-03,-5.643838783556884980e-02,-1.549453467447050800e-03,-5.643838783556162642e-02
1.540980794104458163e+01,3.618615333258332847e-20,1.096146046794027663e-21,2.699147824632414569e-22,4.547507093242215306e-20,-1.000000000016581403e+00,9.622834812512449931e-10,1.328790314191549834e-13,1.912086556921137125e-15,1.328790671665923355e-13,1.924504708437485410e-15,1.328790745119561750e-13,1.927277199475081445e-15,2.102733205532769604e-11,-5.817999834477989227e-10,2.102733205532769604e-11,-5.817999834477989227e-10,2.102733205749821797e-11,-5.817999834206938684e-10,2.102733205469242133e-11,-5.817999834342463955e-10,3.611529542679802771e-12,-1.176851223884609426e-13,1.043348244905841317e-10,-8.075436767056673361e-13,1.104962068010219900e+00,4.344446781717992839e-02,5.547953735808322338e-06,-1.525901940299480069e-04,5.576460710855490447e-06,-1.525903276311046746e-04,5.582825315879391905e-06,-1.525903560080868080e-04,-1.553068837696434685e-03,-5.808683288339092088e-02,-1.553068837696434685e-03,-5.808683288339092088e-02,-1.553068837469090500e-03,-5.808683288338026274e-02,-1.553068837696430999e-03,-5.808683288338736123e-02
1.585989671251728694e+01,3.832967840132923097e-20,1.306967693657433322e-21,2.339840173203862072e-22,4.957619833375044663e-20,-1.000000000018901325e+00,9.903880619256677509e-10,1.407550579193046707e-13,2.289599579304497673e-15,1.407550804649394464e-13,2.302378699205274298e-15,1.407550848853926399e-13,2.305233848747121532e-15,2.315572003748876746e-11,-5.987955998014091175e-10,2.315572003748876746e-11,-5.987955998014091175e-10,2.315572003748876746e-11,-5.987955998014091175e-10,2.315572003510648729e-11,-5.987955998420666989e-10,3.825721645521846236e-12,-1.171153249877676699e-13,1.105188357087826742e-10,-7.154318347807548709e-13,1.104960246849470584e+00,4.618213274178704225e-02,6.103283961145456969e-06,-1.570477449529969970e-04,6.131787113394114736e-06,-1.570478453295409877e-04,6.138155466234853409e-06,-1.570478663455954715e-04,-1.556898487524058152e-03,-5.978342529725157173e-02,-1.556898487524058152e-03,-5.978342529725157173e-02,-1.556898487524058152e-03,-5.978342529725157173e-02,-1.556898487751416215e-03,-5.978342529724423732e-02
1.632313165057304616e+01,4.059993718042960784e-20,1.540077028736080069e-21,1.895918449111526210e-22,5.404725651052019144e-20,-1.000000000021358693e+00,1.019313690473876849e-09,1.490979463946414832e-13,2.707155693840056145e-15,1.490979549840849639e-13,2.720306191366089478e-15,1.490979562811041644e-13,2.723246547128474574e-15,2.541025510965459484e-11,-6.162878435117709330e-10,2.541025510965459484e-11,-6.162878435117709330e-10,2.541025510965459484e-11,-6.162878435117709330e-10,2.541025511388975958e-11,-6.162878435117709330e-10,4.052609289632051595e-12,-1.161674155425314422e-13,1.170693842462768158e-10,-6.101926657857698747e-13,1.104958730205603867e+00,4.895807855136479619e-02,6.691527958080156630e-06,-1.616355685644200253e-04,6.720027076156973413e-06,-1.616356358076384786e-04,6.726399395816684725e-06,-1.616356494721067985e-04,-1.560955116072007846e-03,-6.152957133230227416e-02,-1.560955116072007846e-03,-6.152957133230227416e-02,-1.560955116072007846e-03,-6.152957133230227416e-02,-1.560955115617302562e-03,-6.152957133230570891e-02
1.679989672767858622e+01,4.300440306988781516e-20,1.797580147549915851e-21,1.354639519510211594e-22,5.892161673279873388e-20,-1.000000000023961721e+00,1.049084354164207117e-09,1.579353743614010044e-13,3.168542051009435521e-15,1.579353681740900225e-13,3.182074553777235643e-15,1.579353661557693278e-13,3.185102822295122875e-15,2.779841384895617308e-11,-6.342912397167043206e-10,2.779841384895617308e-11,-6.342912397167043206e-10,2.779841384895617308e-11,-6.342912397167043206e-10,2.779841384699740939e-11,-6.342912397438093750e-10,4.292944999223561890e-12,-1.147977429413160029e-13,1.240081965026549745e-10,-4.905012581994569982e-13,1.104957513049811046e+00,5.177460616877217064e-02,7.314636495577658003e-06,-1.663574764151239918e-04,7.343131324371576164e-06,-1.663575105902718651e-04,7.349507868157139707e-06,-1.663575169049796550e-04,-1.565252175587509642e-03,-6.332671831481211100e-02,-1.565252175587509642e-03,-6.332671831481211100e-02,-1.565252175587509642e-03,-6.332671831481211100e-02,-1.565252175814864236e-03,-6.332671831481555269e-02
1.729058713134604730e+01,4.555098788073300742e-20,2.081775927027824170e-21,7.015617393624733693e-23,6.423566083443470825e-20,-1.000000000026718849e+00,1.079724741472748439e-09,1.672966606275902455e-13,3.677892436293032805e-15,1.672966387569348496e-13,3.691817968965803822e-15,1.672966332446032476e-13,3.694936843539267662e-15,3.032811594023491952e-11,-6.528207398352183985e-10,3.032811594023491952e-11,-6.528207398352183985e-10,3.032811593806439759e-11,-6.528207398216658713e-10,3.032811593557623831e-11,-6.528207398081133442e-10,4.547525908550131164e-12,-1.129584400947730130e-13,1.313582868358443781e-10,-3.549090704335181976e-13,1.104956591343435601e+00,5.463405008918899297e-02,7.974675918148923804e-06,-1.712173919863882649e-04,8.003166240846337767e-06,-1.712173931317667889e-04,8.009547234752315351e-06,-1.712173920924307726e-04,-1.569803917366410307e-03,-6.517635584153484707e-02,-1.569803917366410307e-03,-6.517635584153484707e-02,-1.569803917593764466e-03,-6.517635584152796369e-02,-1.569803917821116241e-03,-6.517635584153884387e-02
1.779560959170137124e+01,4.824806704070378110e-20,2.395173517573750986e-21,-7.967034447963570164e-24,7.002905282552828333e-20,-1.000000000029639846e+00,1.111260263171078011e-09,1.772128626157497961e-13,4.239718855234528744e-15,1.772128241485425899e-13,4.254048713790715682e-15,1.772128148907371742e-13,4.257261059773398014e-15,3.300775047556865320e-11,-6.718917338732061095e-10,3.300775047556865320e-11,-6.718917338732061095e-10,3.300775047572747188e-11,-6.718917338867586367e-10,3.300775047540983453e-11,-6.718917339003111638e-10,4.817196407189817184e-12,-1.105970339630858607e-13,1.391440339297014476e-10,-2.018326604965320102e-13,1.104955962032894368e+00,5.753878030386532644e-02,8.673835066120054858e-06,-1.762193540123592776e-04,8.702320615331246231e-06,-1.762193221387863505e-04,8.708706351988393434e-06,-1.762193137336625585e-04,-1.574625435033062378e-03,-6.708001701408042305e-02,-1.574625435033062378e-03,-6.708001701408042305e-02,-1.574625435033061944e-03,-6.708001701407331763e-02,-1.574625435033058475e-03,-6.708001701407320660e-02
1.831538271862029177e+01,5.110450661746734395e-20,2.740511387535596639e-21,-1.007569625076533697e-22,7.634503501262881106e-20,-1.000000000032733372e+00,1.143717073142942048e-09,1.877168795620070459e-13,4.858945791953137331e-15,1.877168235387185189e-13,4.873691537068981230e-15,1.877168103435333875e-13,4.877000292606417843e-15,3.584620374780487451e-11,-6.915200634474228183e-10,3.584620374780487451e-11,-6.915200634474228183e-10,3.584620374791075363e-11,-6.915200634609753455e-10,3.584620374769899540e-11,-6.915200634609753455e-10,5.102850942006031195e-12,-1.076560224539821071e-13,1.473912616913220829e-10,-2.954139329912633772e-14,1.104955623032928269e+00,6.049120456609886204e-02,9.414432520802961226e-06,-1.813675199036966323e-04,9.442913023037030756e-06,-1.813674549965364194e-04,9.449303773875829021e-06,-1.813674392077434846e-04,-1.579732717616896169e-03,-6.903927970929701896e-02,-1.579732717616896169e-03,-6.903927970929701896e-02,-1.579732717616899639e-03,-6.903927970929335522e-02,-1.579732717616896386e-03,-6.903927970929681079e-02
1.885033734871138122e+01,5.412969160717157621e-20,3.120778079061619335e-21,-2.103078434641229742e-22,8.323075083726460828e-20,-1.000000000036010528e+00,1.177122090068299237e-09,1.988435619024403892e-13,5.540947392566501284e-15,1.988434873106014717e-13,5.556120975347492310e-15,1.988434699067213835e-13,5.559529191081782299e-15,3.885288871195485740e-11,-7.117220353109084130e-10,3.885288871195485740e-11,-7.117220353109084130e-10,3.885288871195485740e-11,-7.117220353109084130e-10,3.885288871121370357e-11,-7.117220353380134673e-10,5.405436985137000571e-12,-1.040724141703701755e-13,1.561273249471206780e-10,1.638559631826676685e-13,1.104955573218495912e+00,6.349376996876046619e-02,1.019892424132496592e-05,-1.866661692806059628e-04,1.022739941175992767e-05,-1.866660712992892991e-04,1.023379547241944801e-05,-1.866660481003228696e-04,-1.585142703160381588e-03,-7.105576788677944733e-02,-1.585142703160381588e-03,-7.105576788677944733e-02,-1.585142703160381588e-03,-7.105576788677944733e-02,-1.585142703160378119e-03,-7.105576788677211986e-02
1.940091690243373890e+01,5.733355588907132364e-20,3.539234884625142402e-21,-3.389875285213710144e-22,9.073759684512071984e-20,-1.000000000039481973e+00,1.211503020083146143e-09,2.106298269592509739e-13,6.291588473496739976e-15,2.106297326474262531e-13,6.307202116363609212e-15,2.106297107966231919e-13,6.310712975285749681e-15,4.203777621577487071e-11,-7.325144349326195153e-10,4.203777621577487071e-11,-7.325144349326195153e-10,4.203777621545723336e-11,-7.325144349190669882e-10,4.203777621545723336e-11,-7.325144349190669882e-10,5.725958178514676413e-12,-9.977722178384932283e-14,1.653812002236830758e-10,3.804258511964987353e-13,1.104955812424656569e+00,6.654896529878147338e-02,1.102991179345615938e-05,-1.921197076102461494e-04,1.105838132821940091e-05,-1.921195764870641757e-04,1.106478300974271832e-05,-1.921195458453434069e-04,-1.590873332823933371e-03,-7.313115293442778997e-02,-1.590873332823933371e-03,-7.313115293442778997e-02,-1.590873332823936840e-03,-7.313115293442423726e-02,-1.590873332823940309e-03,-7.313115293442068454e-02
1.996757775164536852e+01,6.072661392511501296e-20,3.999440547680062690e-21,-4.894719790203137230e-22,9.892160641395245738e-20,-1.000000000043158810e+00,1.246888379818813369e-09,2.231147815951039308e-13,7.117268673062825064e-15,2.231146664383277736e-13,7.133334975630662919e-15,2.231146398626690535e-13,7.136951753375879578e-15,4.541142808905532311e-11,-7.539145407275829949e-10,4.541142808905532311e-11,-7.539145407275829949e-10,4.541142808905532311e-11,-7.539145407275829949e-10,4.541142808953177915e-11,-7.539145407546880492e-10,6.065477664596777225e-12,-9.469491159548916476e-14,1.751835819133318890e-10,6.224258800921037026e-13,1.104956341441847512e+00,6.965932291263025877e-02,1.191015089984644573e-05,-1.977326699612306680e-04,1.193861446031653438e-05,-1.977325056021254034e-04,1.194502211989132373e-05,-1.977324674763746373e-04,-1.596943608800656346e-03,-7.526715505347490731e-02,-1.596943608800656346e-03,-7.526715505347490731e-02,-1.596943608800656346e-03,-7.526715505347490731e-02,-1.596943608800660032e-03,-7.526715505347823798e-02
2.055078959788688664e+01,6.431999403094219043e-20,4.505278163648179602e-21,-6.647839774211259402e-22,1.078438681071054662e-19,-1.000000000047054138e+00,1.283307519820732490e-09,2.363398522856253363e-13,8.024971102935488413e-15,2.363397150398181015e-13,8.041502969221850714e-15,2.363396834746059265e-13,8.045229047304487680e-15,4.898503210834673235e-11,-7.759401391002011122e-10,4.898503210834673235e-11,-7.759401391002011122e-10,4.898503211051725428e-11,-7.759401390730960579e-10,4.898503211009373780e-11,-7.759401391002011122e-10,6.425121614827547417e-12,-8.874280683176026762e-14,1.855669841466855173e-10,8.923221877394528628e-13,1.104957162025924644e+00,7.282742086292703920e-02,1.284256060349133078e-05,-2.035097248682666941e-04,1.287101786806045455e-05,-2.035095271531610405e-04,1.287743185016047703e-05,-2.035094814961346766e-04,-1.603373662552306372e-03,-7.746554468371830149e-02,-1.603373662552306372e-03,-7.746554468371830149e-02,-1.603373662324962621e-03,-7.746554468371119606e-02,-1.603373662324962621e-03,-7.746554468370388247e-02
2.115103586171410299e+01,6.812547379258272263e-20,5.060984555775806459e-21,-8.683366598034348296e-22,1.175709817772179063e-19,-1.000000000051180171e+00,1.320790649322455684e-09,2.503489226299072435e-13,9.022314950206735562e-15,2.503487620245195102e-13,9.039325674658427260e-15,2.503487251521165251e-13,9.043164566941726658e-15,5.277043913654866572e-11,-7.986095387828252498e-10,5.277043913654866572e-11,-7.986095387828252498e-10,5.277043913654866572e-11,-7.986095387828252498e-10,5.277043913750157779e-11,-7.986095388099303041e-10,6.806082967385005286e-12,-8.183043182690425384e-14,1.965658487087399360e-10,1.192808405796676077e-12,1.104958276903381664e+00,7.605588508424845906e-02,1.383023300450189077e-05,-2.094556783239426355e-04,1.385868357734229873e-05,-2.094554471082324290e-04,1.386510425460738192e-05,-2.094553938638050073e-04,-1.610184817639036736e-03,-7.972814397044773738e-02,-1.610184817639036736e-03,-7.972814397044773738e-02,-1.610184817639036736e-03,-7.972814397044773738e-02,-1.610184817639047144e-03,-7.972814397044751533e-02
2.176881408340222634e+01,7.215551719340643983e-20,5.671182298147194076e-21,-1.103982425242443582e-21,1.281755558278413386e-19,-1.000000000055550453e+00,1.359368862212297774e-09,2.651884795298655324e-13,1.011761322121404683e-14,2.651882941487640919e-13,1.013511642253267300e-14,2.651882516382980516e-13,1.013907181493344436e-14,5.678020241952102029e-11,-8.219415872885238797e-10,5.678020241952102029e-11,-8.219415872885238797e-10,5.678020241973277853e-11,-8.219415872885238797e-10,5.678020241867398735e-11,-8.219415873020764068e-10,7.209625386930133960e-12,-7.385879777754513964e-14,2.082166593592999317e-10,1.526826327887681427e-12,1.104959689765624198e+00,7.934739162998233342e-02,1.487644339176021710e-05,-2.155754778938172333e-04,1.490488689866546712e-05,-2.155752130041398206e-04,1.491131467519459803e-05,-2.155751521094154718e-04,-1.617399661278553016e-03,-8.205682827422773606e-02,-1.617399661278553016e-03,-8.205682827422773606e-02,-1.617399661278553016e-03,-8.205682827422773606e-02,-1.617399661278552149e-03,-8.205682827421706405e-02
2.240463633535380339e+01,7.642331388046355424e-20,6.340914614841673922e-21,-1.376067935191243422e-21,1.397367493466716817e-19,-1.000000000060180083e+00,1.399074161590515425e-09,2.809077673237665303e-13,1.131993536903891492e-14,2.809075557375832841e-13,1.133794506297277466e-14,2.809075072317121640e-13,1.134202074066950104e-14,6.102761920414791371e-11,-8.459556862525433041e-10,6.102761920414791371e-11,-8.459556862525433041e-10,6.102761920414791371e-11,-8.459556862525433041e-10,6.102761920330088076e-11,-8.459556862796483584e-10,7.637087459069282015e-12,-6.471962499958027450e-14,2.205580629377064614e-10,1.897588446068623512e-12,1.104961405299805133e+00,8.270466864990794198e-02,1.598466121447012758e-05,-2.218742169564286225e-04,1.601309724687786877e-05,-2.218739181951447082e-04,1.601953253771095062e-05,-2.218738495772787345e-04,-1.625042119323240244e-03,-8.445352772460691659e-02,-1.625042119323240244e-03,-8.445352772460691659e-02,-1.625042119323240244e-03,-8.445352772460691659e-02,-1.625042119323228968e-03,-8.445352772461002522e-02
2.305902964655223997e+01,8.094282057021585325e-20,7.075683456770438952e-21,-1.689495796092714653e-21,1.523408631627132397e-19,-1.000000000065083716e+00,1.439939487253832223e-09,2.975589518723907633e-13,1.263917587670579295e-14,2.975587125723482741e-13,1.265770641649287528e-14,2.975586576607904904e-13,1.266190631686527242e-14,6.552677483683168195e-11,-8.706718082509938561e-10,6.552677483683168195e-11,-8.706718082509938561e-10,6.552677483661992371e-11,-8.706718082238888018e-10,6.552677483714931930e-11,-8.706718082509938561e-10,8.089887133930251517e-12,-5.429449272798744419e-14,2.336309976543824524e-10,2.308602522863565266e-12,1.104963429190289448e+00,8.613049904019365322e-02,1.715856154801668505e-05,-2.283571390799675634e-04,1.718698965739064906e-05,-2.283568062229986335e-04,1.719343292706497516e-05,-2.283567298021069918e-04,-1.633137535897465293e-03,-8.692022881927452538e-02,-1.633137535897465293e-03,-8.692022881927452538e-02,-1.633137535897461823e-03,-8.692022881927807809e-02,-1.633137535897468762e-03,-8.692022881927452538e-02
2.373253643941275470e+01,8.572880477667439766e-20,7.881490912559984625e-21,-2.049793966517411619e-21,1.660819842407444197e-19,-1.000000000070278450e+00,1.481998742908913202e-09,3.151972939096195673e-13,1.408612868358488946e-14,3.151970252281217203e-13,1.410519479965754273e-14,3.151969635800050279e-13,1.410952305199122850e-14,7.029258947079541507e-11,-8.961105139719018065e-10,7.029258947079541507e-11,-8.961105139719018065e-10,7.029258947026601948e-11,-8.961105139990068608e-10,7.029258947079541507e-11,-8.961105139990068608e-10,8.569526433487704804e-12,-4.245392171255596681e-14,2.474788289974790869e-10,2.763698387109299641e-12,1.104965768161192852e+00,8.962772219787544514e-02,1.840203727075031284e-05,-2.350296425393135738e-04,1.843045699559101209e-05,-2.350292753356401812e-04,1.843690870523898628e-05,-2.350291910235031837e-04,-1.641712757480435613e-03,-8.945897606982608496e-02,-1.641712757480435613e-03,-8.945897606982608496e-02,-1.641712757480428674e-03,-8.945897606982586292e-02,-1.641712757480435613e-03,-8.945897606982587680e-02
2.442571497939282210e+01,9.079689082407840137e-20,8.764884617357965696e-21,-2.463193646133900610e-21,1.810626882306340336e-19,-1.000000000075780715e+00,1.525286825337403285e-09,3.338813328485846425e-13,1.567256873216567642e-14,3.338810330518608737e-13,1.569218557185527769e-14,3.338809642701385787e-13,1.569664638484520876e-14,7.534086754000685692e-11,-9.222929696166542318e-10,7.534086754000685692e-11,-9.222929696166542318e-10,7.534086753995391736e-11,-9.222929695895491775e-10,7.534086754011273603e-11,-9.222929695895491775e-10,9.077596438092102967e-12,-2.905634869204027587e-14,2.621474937064082505e-10,3.267057157472189435e-12,1.104968429955876408e+00,9.319923707595395568e-02,1.971921198184296652e-05,-2.418972849727357352e-04,1.974762283714786673e-05,-2.418968831454349996e-04,1.975408348071158867e-05,-2.418967908448641944e-04,-1.650796221613502453e-03,-9.207187369549582612e-02,-1.650796221613502453e-03,-9.207187369549582612e-02,-1.650796221613505923e-03,-9.207187369549604816e-02,-1.650796221613506139e-03,-9.207187369549936495e-02
2.513913983773483807e+01,9.616360837130723341e-20,9.733006886048601771e-21,-2.936716839269239389e-21,1.973948054161759571e-19,-1.000000000081609386e+00,1.569839652259923113e-09,3.536730814536621339e-13,1.741134046314754254e-14,3.536727487285325406e-13,1.743152360391938741e-14,3.536726722838090509e-13,1.743612145095831646e-14,8.068835019295305985e-11,-9.492409651552530941e-10,8.068835019295305985e-11,-9.492409651552530941e-10,8.068835019522946090e-11,-9.492409651552530941e-10,8.068835019522946090e-11,-9.492409651823581485e-10,9.615782569258058651e-12,-1.394704490448502000e-14,2.776856522917647970e-10,3.823243089108583906e-12,1.104971423411313491e+00,9.684800383962921533e-02,2.111445366906556924e-05,-2.489657881892278868e-04,2.114285513440183553e-05,-2.489653514352376537e-04,2.114932525401214605e-05,-2.489652510386405307e-04,-1.660418049340020010e-03,-9.476108736639334007e-02,-1.660418049340020010e-03,-9.476108736639334007e-02,-1.660418049112668670e-03,-9.476108736639311803e-02,-1.660418049112668886e-03,-9.476108736639289598e-02
2.587340236772453039e+01,1.018464435742432869e-19,1.079364863002200451e-20,-3.478274646977767737e-21,2.152002557965380795e-19,-1.000000000087783114e+00,1.615694192910570315e-09,3.746382322385790757e-13,1.931645475439013960e-14,3.746378647056893062e-13,1.933722010458176869e-14,3.746377802141528175e-13,1.934195960464623622e-14,8.635277075206966672e-11,-9.769769330288027159e-10,8.635277075206966672e-11,-9.769769330288027159e-10,8.635277075217554583e-11,-9.769769330016976616e-10,8.635277075228142495e-11,-9.769769330288027159e-10,1.018587018601148869e-11,3.043097220198506389e-15,2.941448506109340678e-10,4.437238320122687064e-12,1.104974758447028638e+00,1.005770469445269738e-01,2.259238920750318439e-05,-2.562410431301548179e-04,2.262078073448714824e-05,-2.562405711205192308e-04,2.262726088877146127e-05,-2.562404625123371042e-04,-1.670610149939326253e-03,-9.752884599750684391e-02,-1.670610149939326253e-03,-9.752884599750684391e-02,-1.670610149939326253e-03,-9.752884599750684391e-02,-1.670610149939322784e-03,-9.752884599751394934e-02
2.662911119485990241e+01,1.078638928734639405e-19,1.195530798788045161e-20,-4.096777694946063906e-21,2.346119595292698579e-19,-1.000000000094322994e+00,1.662888500291934135e-09,3.968463762656115787e-13,2.140319417137452371e-14,3.968459718603188239e-13,2.142455810916206558e-14,3.968458787396341852e-13,2.142944400034262029e-14,9.235291357072522326e-11,-1.005523967204362962e-09,9.235291357072522326e-11,-1.005523967204362962e-09,9.235291357083110238e-11,-1.005523967231468016e-09,9.235291357051346502e-11,-1.005523967231468016e-09,1.078975051337396967e-11,2.209887235728826822e-14,3.115796910365739791e-10,5.114480744536446065e-12,1.104978446128719982e+00,1.043894573016856953e-01,2.415791969204421368e-05,-2.637291149901298129e-04,2.418630069275086206e-05,-2.637286073683746358e-04,2.419279147819472912e-05,-2.637284904237861285e-04,-1.681406322305500304e-03,-1.003774435951101524e-01,-1.681406322305500304e-03,-1.003774435951101524e-01,-1.681406322305503773e-03,-1.003774435951065996e-01,-1.681406322305500521e-03,-1.003774435951065858e-01
2.740689272133700172e+01,1.142355198174702838e-19,1.322725416469739509e-20,-4.802260104561921913e-21,2.557748295481615074e-19,-1.000000000101250786e+00,1.711461740231713657e-09,4.203712344649887696e-13,2.368822787913385118e-14,4.203707910697106616e-13,2.371020713341801409e-14,4.203706887904822806e-13,2.371524448467744972e-14,9.870867629056631783e-11,-1.034905843720580407e-09,9.870867629056631783e-11,-1.034905843720580407e-09,9.870867629056631783e-11,-1.034905843747685461e-09,9.870867629056631783e-11,-1.034905843747685461e-09,1.142942692308174791e-11,4.342217938227797312e-14,3.300480137895156383e-10,5.860905301752679827e-12,1.104982498683763525e+00,1.082883948896822962e-01,2.581623668573409998e-05,-2.714362485028161518e-04,2.584460653516202592e-05,-2.714357048886633273e-04,2.585110858790532707e-05,-2.714355794701781054e-04,-1.692842369018232596e-03,-1.033092411569050406e-01,-1.692842369018232596e-03,-1.033092411569050406e-01,-1.692842369018229126e-03,-1.033092411569085933e-01,-1.692842369018229126e-03,-1.033092411569085795e-01
2.820739164527067899e+01,1.209820145617320319e-19,1.461959728584783383e-20,-5.606018730019566670e-21,2.788468537715431598e-19,-1.000000000108588916e+00,1.761454227269809714e-09,4.452909033273870542e-13,2.618973718180058445e-14,4.452904186127829879e-13,2.621234900426022381e-14,4.452903066191454931e-13,2.621754295735322798e-14,1.054411358513245565e-10,-1.065147040257537550e-09,1.054411358513245565e-10,-1.065147040257537550e-09,1.054411358516421938e-10,-1.065147040257537550e-09,1.054411358538127158e-10,-1.065147040284642604e-09,1.210702158710947296e-11,6.723359307158278890e-14,3.496110890406961458e-10,6.682989019367778730e-12,1.104986929545520358e+00,1.122770914497853434e-01,2.757283943819530527e-05,-2.793688734027679685e-04,2.760119748826788126e-05,-2.793682933871680205e-04,2.760771146742082731e-05,-2.793681593498920047e-04,-1.704956213561414522e-03,-1.063266686277255513e-01,-1.704956213561414522e-03,-1.063266686277255513e-01,-1.704956213561414522e-03,-1.063266686277219986e-01,-1.704956213334062531e-03,-1.063266686277217765e-01
2.903127149508071625e+01,1.281252569270728459e-19,1.614336424805511049e-20,-6.520769693566798797e-21,3.040002749893134584e-19,-1.000000000116361365e+00,1.812907456100187886e-09,4.716881148106960261e-13,2.892755198093778374e-14,4.716875864209556170e-13,2.895081395412399999e-14,4.716874641041040776e-13,2.895616998829495024e-14,1.125726183505471021e-10,-1.096272758606842840e-09,1.125726183505471021e-10,-1.096272758606842840e-09,1.125726183505471021e-10,-1.096272758606842840e-09,1.125726183507588603e-10,-1.096272758633947894e-09,1.282478252667698071e-11,9.377404526097183386e-14,3.703338204225924197e-10,7.587800091675762920e-12,1.104991753412998712e+00,1.163588530929936110e-01,2.943355312597714042e-05,-2.875336100614996082e-04,2.946189867481093663e-05,-2.875329932103674771e-04,2.946842529489520737e-05,-2.875328503950328319e-04,-1.717788027593367952e-03,-1.094322269120843322e-01,-1.717788027593367952e-03,-1.094322269120843322e-01,-1.717788027593367952e-03,-1.094322269120843322e-01,-1.717788027593369687e-03,-1.094322269120841240e-01
2.987921517948628036e+01,1.356883820455194213e-19,1.781058170874143206e-20,-7.560823727196119913e-21,3.314228772530928910e-19,-1.000000000124595445e+00,1.865864138216911938e-09,4.996505121286521370e-13,3.192329977392848502e-14,4.996499374167974250e-13,3.194722997670074611e-14,4.996498041414571304e-13,3.195275378295225682e-14,1.201267730826936542e-10,-1.128308945352787113e-09,1.201267730826936542e-10,-1.128308945352787113e-09,1.201267730822701377e-10,-1.128308945379892167e-09,1.201267730822701377e-10,-1.128308945379892167e-09,1.358509107943838383e-11,1.233066880858631269e-13,3.922849606301825173e-10,8.583051411890385128e-12,1.104996986281957527e+00,1.205370630449240088e-01,3.140454816042299722e-05,-2.959372753111151285e-04,3.143288046443505694e-05,-2.959366211644820000e-04,3.143942048666130662e-05,-2.959364694027638446e-04,-1.731380365102471938e-03,-1.126284899456118371e-01,-1.731380365102471938e-03,-1.126284899456118371e-01,-1.731380365102468469e-03,-1.126284899456116151e-01,-1.731380365102468252e-03,-1.126284899456116151e-01
3.075192555356456836e+01,1.436958500451184121e-19,1.963436639442986917e-20,-8.742283577197655136e-21,3.613193883815747748e-19,-1.000000000133316913e+00,1.920368235741251595e-09,5.292709415007494666e-13,3.520056806592589111e-14,5.292703178462722710e-13,3.522518504036480802e-14,5.292701728183498333e-13,3.523088250160539566e-14,1.281286509789931064e-10,-1.161282315264005466e-09,1.281286509789931064e-10,-1.161282315264005466e-09,1.281286509789931064e-10,-1.161282315264005466e-09,1.281286509789931064e-10,-1.161282315264005466e-09,1.439046981092826239e-11,1.561189081005354780e-13,4.155373398301221080e-10,9.677158951327216680e-12,1.105002645511598436e+00,1.248151845071448218e-01,3.349236063339106702e-05,-3.045868884646372294e-04,3.352067892852205578e-05,-3.045861965339864328e-04,3.352723312142412123e-05,-3.045860356470747837e-04,-1.745778300225351003e-03,-1.159181068267056136e-01,-1.745778300225351003e-03,-1.159181068267056136e-01,-1.745778300225351003e-03,-1.159181068267056136e-01,-1.745778300225351003e-03,-1.159181068267053916e-01
3.165012600134287624e+01,1.521735186756268083e-19,2.162902359416989263e-20,-1.008326526386584947e-20,3.939130090709517825e-19,-1.000000000142555967e+00,1.976464999910859666e-09,5.606477617427819439e-13,3.878508153208824581e-14,5.606470862604762882e-13,3.881040423055601336e-14,5.606469288711667765e-13,3.881628154071410473e-14,1.366047876771293542e-10,-1.195220374143038042e-09,1.366047876771293542e-10,-1.195220374143038042e-09,1.366047876748000136e-10,-1.195220374061722879e-09,1.366047876748000136e-10,-1.195220374061722879e-09,1.524359089554688831e-11,1.925245244026286131e-13,4.401681076417769863e-10,1.087930537496377629e-11,1.105008749859787587e+00,1.291967635228266076e-01,3.570391404648186855e-05,-3.134896775296699750e-04,3.573221748640828001e-05,-3.134889473024482401e-04,3.573878671634279637e-05,-3.134887770943522501e-04,-1.761029577296132015e-03,-1.193038040103768099e-01,-1.761029577296132015e-03,-1.193038040103768099e-01,-1.761029577523493548e-03,-1.193038040103723690e-01,-1.761029577523497017e-03,-1.193038040103759218e-01
3.257456103540697256e+01,1.611487200615225710e-19,2.381015452764809379e-20,-1.160414674307856797e-20,4.294470800475206259e-19,-1.000000000152341917e+00,2.034201009568949170e-09,5.938851723597615104e-13,4.270489490948023643e-14,5.938844420850120792e-13,4.273094273432530266e-14,5.938842714078732075e-13,4.273700640496667978e-14,1.455832914443200106e-10,-1.230151443600349670e-09,1.455832914443200106e-10,-1.230151443600349670e-09,1.455832914443200106e-10,-1.230151443600349670e-09,1.455832914440023733e-10,-1.230151443627454724e-09,1.614728499606274983e-11,2.328661852765081371e-13,4.662589894996906109e-10,1.219950942076690247e-11,1.105015319570377352e+00,1.336854318295052912e-01,3.804654217035241754e-05,-3.226530856398619578e-04,3.807482988921990710e-05,-3.226523165757523614e-04,3.808141503381009125e-05,-3.226521368411829570e-04,-1.777184775283052178e-03,-1.227883875660765178e-01,-1.777184775283052178e-03,-1.227883875660765178e-01,-1.777184775283052178e-03,-1.227883875660765178e-01,-1.777184775283050661e-03,-1.227883875660796403e-01
3.352599691402280513e+01,1.706503406988113088e-19,2.619477361626427858e-20,-1.332784675916076047e-20,4.681868997168036556e-19,-1.000000000162708291e+00,2.093624208460848068e-09,6.290935605117891391e-13,4.699060365019650892e-14,6.290927722682223801e-13,4.701739648022335472e-14,6.290925875621003195e-13,4.702365319496736701e-14,1.550939364965243925e-10,-1.266104685232038313e-09,1.550939364965243925e-10,-1.266104685232038313e-09,1.550939364965243925e-10,-1.266104685232038313e-09,1.550939364935597771e-10,-1.266104685204933258e-09,1.710455067016263994e-11,2.775180008147013323e-13,4.938965582506133000e-10,1.364870157321160350e-11,1.105022376434732889e+00,1.382849099102692325e-01,4.052801347869809971e-05,-3.320847776947029751e-04,4.055628454326246958e-05,-3.320839692274361009e-04,4.056288654478285954e-05,-3.320837797468035820e-04,-1.794297464464682679e-03,-1.263747455013008170e-01,-1.794297464464682679e-03,-1.263747455013008170e-01,-1.794297464464682679e-03,-1.263747455013008170e-01,-1.794297464692024479e-03,-1.263747455013081444e-01
3.450522227628305671e+01,1.807089057432362787e-19,2.880143590507247464e-20,-1.528013848335860302e-20,5.104217059251238153e-19,-1.000000000173688841e+00,2.154783947409463774e-09,6.663898700292522615e-13,5.167557318935768804e-14,6.663890202963874878e-13,5.170313136659193730e-14,6.663888206613097318e-13,5.170958824580929763e-14,1.651682616022900638e-10,-1.303110126423846771e-09,1.651682616022900638e-10,-1.303110126423846771e-09,1.651682616022900638e-10,-1.303110126423846771e-09,1.651682616022900638e-10,-1.303110126423846771e-09,1.811856433721794754e-11,3.268883701155497319e-13,5.231725218993762798e-10,1.523880649431774071e-11,1.105029943855820207e+00,1.429990101280441406e-01,4.315655678823630337e-05,-3.417926472369464349e-04,4.318481022699314858e-05,-3.417917987745584677e-04,4.319143009501518555e-05,-3.417915993121940364e-04,-1.812424395994837378e-03,-1.300658501528460798e-01,-1.812424395994837378e-03,-1.300658501528460798e-01,-1.812424395994837378e-03,-1.300658501528460798e-01,-1.812424395994838245e-03,-1.300658501528460798e-01
3.551304879580501961e+01,1.913566672112384772e-19,3.165037649473479010e-20,-1.749000099239354089e-20,5.564668366385799896e-19,-1.000000000185320426e+00,2.217731024322343314e-09,7.058979906509338110e-13,5.679618925658118074e-14,7.058970760141694540e-13,5.682453357303471060e-14,7.058968603913448185e-13,5.683119805473348704e-14,1.758396747636372599e-10,-1.341198687374901832e-09,1.758396747636372599e-10,-1.341198687374901832e-09,1.758396747633196225e-10,-1.341198687402006887e-09,1.758396747631078643e-10,-1.341198687402006887e-09,1.919269083663973212e-11,3.814231143022966856e-13,5.541840284601897504e-10,1.698283299035648241e-11,1.105038046921928085e+00,1.478316398403805576e-01,4.594088865156377037e-05,-3.517848235557736580e-04,4.596912340979929305e-05,-3.517839344800569642e-04,4.597576219946893788e-05,-3.517837247851855796e-04,-1.831625680117985287e-03,-1.338647606478297614e-01,-1.831625680117985287e-03,-1.338647606478297614e-01,-1.831625680117985287e-03,-1.338647606478315377e-01,-1.831625680117986155e-03,-1.338647606478315377e-01
3.655031185352166290e+01,2.026276961189103702e-19,3.476366225130640113e-20,-1.999001425427297633e-20,6.066660857120573779e-19,-1.000000000197641237e+00,2.282517729294483710e-09,7.477491725937003445e-13,6.239213059412041250e-14,7.477481892943277006e-13,6.242128235796580232e-14,7.477479565720254425e-13,6.242816218455652836e-14,1.871435639233709722e-10,-1.380402208528029237e-09,1.871435639233709722e-10,-1.380402208528029237e-09,1.871435639233709722e-10,-1.380402208528029237e-09,1.871435639253826754e-10,-1.380402208555134291e-09,2.033049461459447460e-11,4.416088607224576504e-13,5.870339889392346238e-10,1.889497202173509770e-11,1.105046712505642903e+00,1.527868046465778451e-01,4.889024217693111834e-05,-3.620696790402279830e-04,4.891845715863977578e-05,-3.620687487067169620e-04,4.892511598967746761e-05,-3.620685285145928793e-04,-1.851964991723279016e-03,-1.377746254363197143e-01,-1.851964991723279016e-03,-1.377746254363197143e-01,-1.851964991723279016e-03,-1.377746254363197143e-01,-1.851964991495931145e-03,-1.377746254363186040e-01
3.761787123012351941e+01,2.145579792152755348e-19,3.816535714753698170e-20,-2.281680246811900285e-20,6.613942713702422271e-19,-1.000000000210692352e+00,2.349197886133275182e-09,7.920824642303077561e-13,6.850666630513398294e-14,7.920814083507994444e-13,6.853664723482539591e-14,7.920811575761074980e-13,6.854375058546996848e-14,1.991174143419304605e-10,-1.420753478298224237e-09,1.991174143419304605e-10,-1.420753478298224237e-09,1.991174143419304605e-10,-1.420753478298224237e-09,1.991174143416128231e-10,-1.420753478298224237e-09,2.153575157617287900e-11,5.079767276040568083e-13,6.218314195261468254e-10,2.099070360126274843e-11,1.105055969352521261e+00,1.578686116276596385e-01,5.201439769110624312e-05,-3.726558367976795993e-04,5.204259171644190431e-05,-3.726548645358572780e-04,5.204927178712705422e-05,-3.726546335613657376e-04,-1.873509778494663680e-03,-1.417986848977601522e-01,-1.873509778494663680e-03,-1.417986848977601522e-01,-1.873509778494663680e-03,-1.417986848977601522e-01,-1.873509778494655874e-03,-1.417986848977636771e-01
3.871661181872536872e+01,2.271855194768570968e-19,4.188170294988332274e-20,-2.601153138732660542e-20,7.210600366437194124e-19,-1.000000000224516628e+00,2.417826899954976516e-09,8.390451769516706429e-13,7.518698004231133764e-14,8.390440442568619271e-13,7.521781233275896979e-14,8.390437740533517529e-13,7.522514775719620024e-14,2.118009328615695381e-10,-1.462286263213471993e-09,2.118009328615695381e-10,-1.462286263213471993e-09,2.118009328615695381e-10,-1.462286263213471993e-09,2.118009328612519007e-10,-1.462286263213471993e-09,2.281246164215006655e-11,5.811063809446834818e-13,6.586918041451131834e-10,2.328691334059799504e-11,1.105065848148587992e+00,1.630812729485454915e-01,5.532371513699933379e-05,-3.835521785200567049e-04,5.535188696187667894e-05,-3.835511636342222078e-04,5.535858951978119761e-05,-3.835509215777043119e-04,-1.896331486602261971e-03,-1.459402740233610440e-01,-1.896331486602261971e-03,-1.459402740233610440e-01,-1.896331486602261971e-03,-1.459402740233610440e-01,-1.896331486602259369e-03,-1.459402740233610440e-01
3.984744435834847565e+01,2.405504419791220993e-19,4.594131581881856167e-20,-2.962046711076359568e-20,7.861089026689111618e-19,-1.000000000239160469e+00,2.488461802829626535e-09,8.887933774782931159e-13,8.248452333972578138e-14,8.887921635742005821e-13,8.251622967553075137e-14,8.887918729360205555e-13,8.252380621319037367e-14,2.252361795922395407e-10,-1.505035337757412370e-09,2.252361795922395407e-10,-1.505035337757412370e-09,2.252361795922395407e-10,-1.505035337757412370e-09,2.252361795918160243e-10,-1.505035337811622478e-09,2.416486205327759742e-11,6.616304180812701336e-13,6.977374785778309110e-10,2.580201951595807830e-11,1.105076381658818052e+00,1.684291091501605719e-01,5.882916841306043627e-05,-3.947678526609332025e-04,5.885731673606465179e-05,-3.947667944307223318e-04,5.886404312724780318e-05,-3.947665409688636798e-04,-1.920505795191873588e-03,-1.502028251764236377e-01,-1.920505795191873588e-03,-1.502028251764236377e-01,-1.920505795191873588e-03,-1.502028251764236377e-01,-1.920505795191870119e-03,-1.502028251764231936e-01
4.101130618882631040e+01,2.546951033525098233e-19,5.037540062814063470e-20,-3.369560314514872841e-20,8.570265977647163442e-19,-1.000000000254672283e+00,2.561161304196445110e-09,9.414924099766714446e-13,9.045540119811393607e-14,9.414911100987347645e-13,9.048800475356828517e-14,9.414907973318189908e-13,9.049583184092672733e-14,2.394677073499413455e-10,-1.549036516326198973e-09,2.394677073499413455e-10,-1.549036516326198973e-09,2.394677073499413455e-10,-1.549036516326198973e-09,2.394677073493060708e-10,-1.549036516380409081e-09,2.559744146696746038e-11,7.502391447623945029e-13,7.390980374509203308e-10,2.855611156378645011e-11,1.105087604810877089e+00,1.739165527970844838e-01,6.254238180922521231e-05,-4.063122828735523631e-04,6.257050523635803232e-05,-4.063111805490944670e-04,6.257725686892544315e-05,-4.063109153451813834e-04,-1.946112869286650750e-03,-1.545898709332304555e-01,-1.946112869286650750e-03,-1.545898709332304555e-01,-1.946112869286650750e-03,-1.545898709332304555e-01,-1.946112869286654220e-03,-1.545898709332264587e-01
4.220916202775953252e+01,2.696642060347344131e-19,5.521798520932947319e-20,-3.829536394276141392e-20,9.343426871708620086e-19,-1.000000000271104028e+00,2.635985837376106367e-09,9.973174482188965474e-13,9.916079196175467262e-14,9.973160576025553927e-13,9.919431633466691575e-14,9.973157214892940103e-13,9.920240395083108762e-14,2.545427093845653276e-10,-1.594326685158253126e-09,2.545427093845653276e-10,-1.594326685158253126e-09,2.545427093845653276e-10,-1.594326685158253126e-09,2.545427093845653276e-10,-1.594326685158253126e-09,2.711495489168184075e-11,8.476858386570876615e-13,7.829107654519205470e-10,3.157110116175772425e-11,1.105099554828631536e+00,1.795481521776990108e-01,6.647566851101697301e-05,-4.181951767740920041e-04,6.650376555715150923e-05,-4.181940295877547599e-04,6.651054392357656070e-05,-4.181937522775290876e-04,-1.973237625061062452e-03,-1.591050470064177269e-01,-1.973237625061062452e-03,-1.591050470064177269e-01,-1.973237625061062452e-03,-1.591050470064177269e-01,-1.973237625061062452e-03,-1.591050470064177547e-01
4.344200477016420336e+01,2.855049175717972946e-19,6.050617495877074637e-20,-4.348539510025503424e-20,1.018634530653413212e-18,-1.000000000288509217e+00,2.712997613238746220e-09,1.056454083635277624e-12,1.086674054044748980e-13,1.056452596986576074e-12,1.087018746426398033e-13,1.056452235727024070e-12,1.087102332431726475e-13,2.705111758623462233e-10,-1.640943836242686818e-09,2.705111758623462233e-10,-1.640943836242686818e-09,2.705111758596992453e-10,-1.640943836242686818e-09,2.705111758593816080e-10,-1.640943836269791872e-09,2.872243951220899667e-11,9.547924096738340326e-13,8.293210942239769968e-10,3.487088684692755844e-11,1.105112271331827767e+00,1.853285750757002193e-01,7.064207139897719034e-05,-4.304265350299147155e-04,7.067014051454819778e-05,-4.304253421842456329e-04,7.067694720687382076e-05,-4.304250523829934640e-04,-2.001970010579627070e-03,-1.637520952535784502e-01,-2.001970010579627070e-03,-1.637520952535784502e-01,-2.001970010806985133e-03,-1.637520952535713448e-01,-2.001970010806974724e-03,-1.637520952535780061e-01
4.471085631147609263e+01,3.022669938569932321e-19,6.628043116208271969e-20,-4.933944986160956883e-20,1.110531597582602050e-18,-1.000000000306945580e+00,2.792260673329868825e-09,1.119098945501278221e-12,1.190479820026324023e-13,1.119097357367441678e-12,1.190834206435356605e-13,1.119096969479291395e-12,1.190920612928050506e-13,2.874260595942120070e-10,-1.688927102501663197e-09,2.874260595942120070e-10,-1.688927102501663197e-09,2.874260595972825014e-10,-1.688927102501663197e-09,2.874260595920944246e-10,-1.688927102501663197e-09,3.042523145638846171e-11,1.072455644633007999e-12,8.784830864766490611e-10,3.848153358706564088e-11,1.105125796498802604e+00,1.912626125325244120e-01,7.505540635101498950e-05,-4.430166607656913641e-04,7.508344586754184757e-05,-4.430154214407788131e-04,7.509028256297735750e-05,-4.430151187397410751e-04,-2.032405306304059522e-03,-1.685348667732859962e-01,-2.032405306304059522e-03,-1.685348667732859962e-01,-2.032405306076725746e-03,-1.685348667732824435e-01,-2.032405306531414116e-03,-1.685348667732859962e-01
4.601676839459325663e+01,3.200029079234971591e-19,7.258487384412865634e-20,-5.594038429456252344e-20,1.210720171873604651e-18,-1.000000000326474847e+00,2.873840943863614772e-09,1.185460360458544791e-12,1.303818374581869352e-13,1.185458664963282184e-12,1.304182703569515923e-13,1.185458248540709490e-12,1.304272047546001123e-13,3.053434516350312197e-10,-1.738316793406437938e-09,3.053434516350312197e-10,-1.738316793406437938e-09,3.053434516350312197e-10,-1.738316793406437938e-09,3.053434516369370438e-10,-1.738316793406437938e-09,3.222898356171768333e-11,1.201653951242902375e-12,9.305599489417816641e-10,4.243146845816768664e-11,1.105140175171662742e+00,1.973551829609337394e-01,7.973030798526475720e-05,-4.559761693361558555e-04,7.975831615819259368e-05,-4.559748826919266538e-04,7.976518463849598638e-05,-4.559745666542344353e-04,-2.064644437676115430e-03,-1.734573250912123665e-01,-2.064644437676115430e-03,-1.734573250912123665e-01,-2.064644437676115430e-03,-1.734573250912123665e-01,-2.064644437448760837e-03,-1.734573250912137266e-01
4.736082348165896150e+01,3.387679817661768837e-19,7.946761253760551555e-20,-6.338127451959911481e-20,1.319948481935597197e-18,-1.000000000347161633e+00,2.957806291667593179e-09,1.255759050946511261e-12,1.427554558335215206e-13,1.255757242001773281e-12,1.427929084276057740e-13,1.255756795138954045e-12,1.428021488291413794e-13,3.243227672315912092e-10,-1.789154432626279684e-09,3.243227672315912092e-10,-1.789154432626279684e-09,3.243227672315912092e-10,-1.789154432626279684e-09,3.243227672315912092e-10,-1.789154432626279684e-09,3.413968420022958441e-11,1.343454769300596358e-12,9.857245759020270105e-10,4.675169407967515678e-11,1.105155455039806167e+00,2.036113361716985481e-01,8.468227820945180046e-05,-4.693159984702363835e-04,8.471025318392495014e-05,-4.693146636392840697e-04,8.471715533156486675e-05,-4.693143338039904976e-04,-2.098794311780396386e-03,-1.785235494388661415e-01,-2.098794311780396386e-03,-1.785235494388661415e-01,-2.098794311780396386e-03,-1.785235494388661415e-01,-2.098794311780396386e-03,-1.785235494388661415e-01
4.874413565130762294e+01,3.586205238432043124e-19,8.698110650690999091e-20,-7.176667002691493685e-20,1.439032294217010997e-18,-1.000000000369074771e+00,3.044226583055059665e-09,1.330228875879771845e-12,1.562631370419561839e-13,1.330226947450448743e-12,1.563016351129253655e-13,1.330226467923921479e-12,1.563111945017749509e-13,3.444269428118625965e-10,-1.841482796707382547e-09,3.444269428118625965e-10,-1.841482796707382547e-09,3.444269428095332559e-10,-1.841482796707382547e-09,3.444269428118625965e-10,-1.841482796707382547e-09,3.616367722609702896e-11,1.499022609127453075e-12,1.044160125127271745e-09,5.147602124085897743e-11,1.105171686765479500e+00,2.100362574848407271e-01,8.992773762732230857e-05,-4.830474187870672652e-04,8.995567744010911089e-05,-4.830460348819349561e-04,8.996261523891943849e-05,-4.830456907565023792e-04,-2.134968172339728534e-03,-1.837377381276684429e-01,-2.134968172339728534e-03,-1.837377381276684429e-01,-2.134968172567093536e-03,-1.837377381276662225e-01,-2.134968172339726800e-03,-1.837377381276706634e-01
5.016785152211741661e+01,3.796219704904167638e-19,9.518255769079945359e-20,-8.121400105475797286e-20,1.568861012130582189e-18,-1.000000000392286204e+00,3.133173742805514528e-09,1.409117616165260511e-12,1.710077018306229734e-13,1.409115561104511794e-12,1.710472714909146602e-13,1.409115046796694133e-12,1.710571637240078472e-13,3.657226446657536336e-10,-1.895345955540712196e-09,3.657226446657536336e-10,-1.895345955540712196e-09,3.657226446657536336e-10,-1.895345955540712196e-09,3.657226446659653918e-10,-1.895345955486502088e-09,3.830768311184916676e-11,1.669627831346301701e-12,1.106060628158350317e-09,5.664132254743446084e-11,1.105188924178899690e+00,2.166352721377249879e-01,9.548407992190071768e-05,-4.971820447399019800e-04,9.551198247998477929e-05,-4.971806108537708390e-04,9.551895806882557051e-05,-4.971802519116377697e-04,-2.173285973212848044e-03,-1.891042120210681132e-01,-2.173285973212848044e-03,-1.891042120210681132e-01,-2.173285973212848044e-03,-1.891042120210681132e-01,-2.173285973212849779e-03,-1.891042120210698896e-01
5.163315120303506944e+01,4.018370311474541762e-19,1.041343392084802248e-19,-9.185515777536487761e-20,1.710404326191803518e-18,-1.000000000416873647e+00,3.224721817482109620e-09,1.492687806329786497e-12,1.871012611510798631e-13,1.492685617702529911e-12,1.871419289234132162e-13,1.492685065966443893e-12,1.871521684532496672e-13,3.882804899345238344e-10,-1.950789313778528850e-09,3.882804899345238344e-10,-1.950789313778528850e-09,3.882804899326180103e-10,-1.950789313724318741e-09,3.882804899330415268e-10,-1.950789313778528850e-09,4.057882134800673719e-11,1.856656226177755073e-12,1.171631637007813805e-09,6.228780895935068464e-11,1.105207224441983271e+00,2.234138495646934841e-01,1.013697295777202028e-04,-5.117318459705895569e-04,1.013975926689210524e-04,-5.117303611764016744e-04,1.014046082697008232e-04,-5.117299868620515425e-04,-2.213874779061273182e-03,-1.946274181075563769e-01,-2.213874779061273182e-03,-1.946274181075563769e-01,-2.213874779288638617e-03,-1.946274181075537124e-01,-2.213874779288641653e-03,-1.946274181075554888e-01
5.314124927156058931e+01,4.253338371937238170e-19,1.139044623794629630e-19,-1.038382622406371721e-19,1.864719465233098294e-18,-1.000000000442918369e+00,3.318947037122751964e-09,1.581217618663612577e-12,2.046660542322376126e-13,1.581215288793612036e-12,2.047078470363784868e-13,1.581214697035219260e-12,2.047184493477792689e-13,4.121752807779126829e-10,-2.007859654256684279e-09,4.121752807779126829e-10,-2.007859654256684279e-09,4.121752807777009247e-10,-2.007859654202474170e-09,4.121752807777009247e-10,-2.007859654202474170e-09,4.298463417676434430e-11,2.061619437610356246e-12,1.241090909456979112e-09,6.845933125836083990e-11,1.105226648238096576e+00,2.303776080868688292e-01,1.076042028949337998e-04,-5.267091591335004187e-04,1.076320241835838215e-04,-5.267076224843457097e-04,1.076390821865566230e-04,-5.267072322004040432e-04,-2.256869182467553976e-03,-2.003119331773955403e-01,-2.256869182467553976e-03,-2.003119331773955403e-01,-2.256869182467547037e-03,-2.003119331773968725e-01,-2.256869182467541833e-03,-2.003119331773990930e-01
5.469339578050274753e+01,4.501840943437053977e-19,1.245670862961530002e-19,-1.173296579524530832e-19,2.032959102983124025e-18,-1.000000000470506745e+00,3.415927883219579964e-09,1.675001798080131025e-12,2.238353629788961068e-13,1.674999319449969122e-12,2.238783079066639244e-13,1.674998684810533392e-12,2.238892893579528314e-13,4.374862523220708762e-10,-2.066605183097432186e-09,4.374862523220708762e-10,-2.066605183097432186e-09,4.374862523220708762e-10,-2.066605183097432186e-09,4.374862523222826344e-10,-2.066605183097432186e-09,4.553311174446088665e-11,2.286166361523732665e-12,1.314669135275187422e-09,7.520370877436768076e-11,1.105247259978108243e+00,2.375323194139789262e-01,1.142081727430421079e-04,-5.421267001733283668e-04,1.142359497545821292e-04,-5.421251107071587902e-04,1.142430526722354125e-04,-5.421247038191630545e-04,-2.302411753671297547e-03,-2.061624676062014105e-01,-2.302411753671297547e-03,-2.061624676062014105e-01,-2.302411753671297547e-03,-2.061624676062014105e-01,-2.302411753671301017e-03,-2.061624676062027428e-01
5.629087729413985386e+01,4.764632389550062771e-19,1.362030728821604740e-19,-1.325161421244591532e-19,2.216379979560737733e-18,-1.000000000499730257e+00,3.515745155288976798e-09,1.774352656638422817e-12,2.447545080163158785e-13,1.774350020460132725e-12,2.447986327551001029e-13,1.774349339869159606e-12,2.448100105913385453e-13,4.642973353585703441e-10,-2.127075575950650860e-09,4.642973353585703441e-10,-2.127075575950650860e-09,4.642973353585703441e-10,-2.127075575950650860e-09,4.642973353566645200e-10,-2.127075575950650860e-09,4.823271875655648412e-11,2.532095517885451789e-12,1.392610705823911749e-09,8.257308766975150526e-11,1.105269128011886259e+00,2.448839135316628890e-01,1.212035370498035252e-04,-5.579975771217963879e-04,1.212312671626136925e-04,-5.579959338552754845e-04,1.212384176503653624e-04,-5.579955096934529572e-04,-2.350653512010150714e-03,-2.121838692482343192e-01,-2.350653512010150714e-03,-2.121838692482343192e-01,-2.350653512010150714e-03,-2.121838692482343192e-01,-2.350653512237507042e-03,-2.121838692482365674e-01
5.793501795464459292e+01,5.042505936800843930e-19,1.489005927422087023e-19,-1.496074703722423013e-19,2.416352302352491578e-18,-1.000000000530685940e+00,3.618482040043669024e-09,1.879601123864112222e-12,2.675819356584825621e-13,1.879598321879122705e-12,2.676272678824377670e-13,1.879597592160238645e-12,2.676390605662970170e-13,4.926974345926098402e-10,-2.189322026837151047e-09,4.926974345926098402e-10,-2.189322026837151047e-09,4.926974345926098402e-10,-2.189322026837151047e-09,4.926974345930333567e-10,-2.189322026837151047e-09,5.109242272480046536e-11,2.801368606120151234e-12,1.475174529655781093e-09,9.062433167542845370e-11,1.105292324851606667e+00,2.524384835968253027e-01,1.286134913977118519e-04,-5.743353034149246234e-04,1.286411718326128397e-04,-5.743336053547190481e-04,1.286483727154653488e-04,-5.743331631968693262e-04,-2.401754426050104786e-03,-2.183811274427089610e-01,-2.401754426050104786e-03,-2.183811274427089610e-01,-2.401754426050104786e-03,-2.183811274427089610e-01,-2.401754426050099582e-03,-2.183811274427120697e-01
5.962718057965700780e+01,5.336295285200906717e-19,1.627557854466004627e-19,-1.688391691476073434e-19,2.634369997110212634e-18,-1.000000000563475933e+00,3.724224186202676479e-09,1.991097866632802191e-12,2.924904019278182574e-13,1.991094889206113474e-12,2.925369693640385754e-13,1.991094106759428448e-12,2.925491964963904281e-13,5.227807233499177301e-10,-2.253397299106178059e-09,5.227807233499177301e-10,-2.253397299106178059e-09,5.227807233499177301e-10,-2.253397299106178059e-09,5.227807233492824554e-10,-2.253397299106178059e-09,5.412172390399355001e-11,3.096125240718973892e-12,1.562634896883653622e-09,9.941944798860089103e-11,1.105316927429091267e+00,2.602022908574219695e-01,1.364626059185993477e-04,-5.911538117560672821e-04,1.364902337141929260e-04,-5.911520578992984819e-04,1.364974879810529633e-04,-5.911515969775885029e-04,-2.455883945488206675e-03,-2.247593771362760007e-01,-2.455883945488206675e-03,-2.247593771362760007e-01,-2.455883945488206675e-03,-2.247593771362760007e-01,-2.455883945488199736e-03,-2.247593771362751125e-01
6.136876779191526765e+01,5.646876198087404230e-19,1.778734793920375553e-19,-1.904756903744043092e-19,2.872061886046921001e-18,-1.000000000598209260e+00,3.833059777566538706e-09,2.109214471204552254e-12,3.196682635128024832e-13,2.109211309124681035e-12,3.197160944045427495e-13,2.109210470138546780e-12,3.197287767376944125e-13,5.546469557871671192e-10,-2.319355776176073441e-09,5.546469557871671192e-10,-2.319355776176073441e-09,5.546469557875906357e-10,-2.319355776176073441e-09,5.546469557869553610e-10,-2.319355776176073441e-09,5.733068701997448584e-11,3.418699016361445706e-12,1.655282395262598530e-09,1.090260516351687397e-10,1.105343017314096787e+00,2.681817700772832769e-01,1.447769066957189097e-04,-6.084674685964143979e-04,1.448044787363005797e-04,-6.084656579259652099e-04,1.448117895534264433e-04,-6.084651774216783514e-04,-2.513221560745513769e-03,-2.313239031250157174e-01,-2.513221560745513769e-03,-2.313239031250157174e-01,-2.513221560745513769e-03,-2.313239031250183819e-01,-2.513221560745510300e-03,-2.313239031250153011e-01
6.316122318188066487e+01,5.975168094991073220e-19,1.943679770716311836e-19,-2.148139525126033468e-19,3.131203877094656219e-18,-1.000000000635001607e+00,3.945079609128307463e-09,2.234344701597200779e-12,3.493208860131865478e-13,2.234341344805630810e-12,3.493700085242922585e-13,2.234340444727245234e-12,3.493831682399190381e-13,5.884017975560625269e-10,-2.387253517912787948e-09,5.884017975560625269e-10,-2.387253517912787948e-09,5.884017975560625269e-10,-2.387253517912787948e-09,5.884017975556390104e-10,-2.387253517966998057e-09,6.072997489387378565e-11,3.771635050465048213e-12,1.753424881104905629e-09,1.195178717079313184e-10,1.105370681028088775e+00,2.763835346312151775e-01,1.535839620569501871e-04,-6.262910892105417971e-04,1.536114750495058397e-04,-6.262892207011277633e-04,1.536188457622950294e-04,-6.262887197398853308e-04,-2.573957399884466233e-03,-2.380801444193224592e-01,-2.573957399884466233e-03,-2.380801444193224592e-01,-2.573957399884466233e-03,-2.380801444193224592e-01,-2.573957399884459294e-03,-2.380801444193229033e-01
6.500603250432047275e+01,6.322135646523657832e-19,2.123639109952950061e-19,-2.421873141958247282e-19,3.413732255929895770e-18,-1.000000000673974432e+00,4.060377169472911829e-09,2.366905832075070126e-12,3.816721784063519484e-13,2.366902269136856619e-12,3.817226207800779384e-13,2.366901303731054986e-12,3.817362814627534598e-13,6.241571760832273117e-10,-2.457148317116814723e-09,6.241571760832273117e-10,-2.457148317116814723e-09,6.241571760800509382e-10,-2.457148317116814723e-09,6.241571760804744546e-10,-2.457148317225234940e-09,6.433088408555008747e-11,4.157709073263376242e-12,1.857388508352063398e-09,1.309753033032782809e-10,1.105400010301187397e+00,2.848143821344326643e-01,1.629129739589906347e-04,-6.446399534338969565e-04,1.629404243936704699e-04,-6.446380260578646370e-04,1.629478585734093457e-04,-6.446375037023751534e-04,-2.638292856909392383e-03,-2.450336987352557394e-01,-2.638292856909392383e-03,-2.450336987352557394e-01,-2.638292857136723991e-03,-2.450336987352579599e-01,-2.638292857136727461e-03,-2.450336987352575158e-01
6.690472490984055298e+01,6.688790311710041703e-19,2.319971773760462252e-19,-2.729700340596219593e-19,3.721758180620579013e-18,-1.000000000715256965e+00,4.179048719273395496e-09,2.507340060423439139e-12,4.169662658844416393e-13,2.507336281280065846e-12,4.170180562581636254e-13,2.507335245252892235e-12,4.170322430277087304e-13,6.620316515672464370e-10,-2.529099757473795423e-09,6.620316515672464370e-10,-2.529099757473795423e-09,6.620316515672464370e-10,-2.529099757473795423e-09,6.620316515668229205e-10,-2.529099757582215641e-09,6.814538266710816352e-11,4.579948283088241805e-12,1.967518819315687915e-09,1.434860092351014581e-10,1.105431102395893150e+00,2.934812999599251127e-01,1.727948747237725131e-04,-6.635298221164838807e-04,1.728222588904234692e-04,-6.635278348443872159e-04,1.728297602924504922e-04,-6.635272900950266867e-04,-2.706441261684523845e-03,-2.521903271158690285e-01,-2.706441261684523845e-03,-2.521903271158690285e-01,-2.706441261684527314e-03,-2.521903271158716930e-01,-2.706441261684520375e-03,-2.521903271158681403e-01
6.885887421238845718e+01,7.076191856640153815e-19,2.534159538647029619e-19,-3.075822738614257602e-19,4.057583488170904624e-18,-1.000000000758986207e+00,4.301193381279697081e-09,2.656116011537903640e-12,4.554693141251004015e-13,2.656112004013271943e-12,4.555224805038452022e-13,2.656110892176649554e-12,4.555372203329653051e-13,7.021508099877661949e-10,-2.603169276492456330e-09,7.021508099877661949e-10,-2.603169276492456330e-09,7.021508099886132278e-10,-2.603169276492456330e-09,7.021508099886132278e-10,-2.603169276546666439e-09,7.218615026585109151e-11,5.041654037502650308e-12,2.084181900831816876e-09,1.571455760177275148e-10,1.105464060400216164e+00,3.023914711506301978e-01,1.832624295882003885e-04,-6.829769542962500556e-04,1.832897435540053945e-04,-6.829749061002183316e-04,1.832973161643192161e-04,-6.829743378882901931e-04,-2.778628585425828908e-03,-2.595559586862343227e-01,-2.778628585425828908e-03,-2.595559586862343227e-01,-2.778628585425839317e-03,-2.595559586862316581e-01,-2.778628585425835847e-03,-2.595559586862325463e-01
7.087010019377773062e+01,7.485449788302549831e-19,2.767818096949035114e-19,-3.464957156245731199e-19,4.423717931700089523e-18,-1.000000000805307598e+00,4.426913222501174805e-09,2.813730327305218428e-12,4.974715177807278608e-13,2.813726079646746185e-12,4.975260880636431764e-13,2.813724885753807030e-12,4.975414095132304674e-13,7.446476793531545970e-10,-2.679420229960427502e-09,7.446476793531545970e-10,-2.679420229960427502e-09,7.446476793531545970e-10,-2.679420229960427502e-09,7.446476793501899817e-10,-2.679420229960427502e-09,7.646662050640648098e-11,5.546426622843362324e-12,2.207765609794133568e-09,1.720582290440761156e-10,1.105498993613564851e+00,3.115522802266685320e-01,1.943503452580129965e-04,-7.029981251666904147e-04,1.943775848563078599e-04,-7.029960150215884681e-04,1.943852329080589855e-04,-7.029954222031448282e-04,-2.855094191073770816e-03,-2.671366955459898440e-01,-2.855094191073770816e-03,-2.671366955459898440e-01,-2.855094191073770816e-03,-2.671366955459898440e-01,-2.855094191301106761e-03,-2.671366955459920089e-01
7.294006994631462248e+01,7.917724708143507705e-19,3.022709159535071334e-19,-3.902398625291036739e-19,4.822897978243589267e-18,-1.000000000854373683e+00,4.556313348098514626e-09,2.980709358551609416e-12,5.432892681946091892e-13,2.980704857630285943e-12,5.433452698837960257e-13,2.980703575857678511e-12,5.433612036323250632e-13,7.896631706584421762e-10,-2.757917957917944973e-09,7.896631706584421762e-10,-2.757917957917944973e-09,7.896631706584421762e-10,-2.757917957917944973e-09,7.896631706622538245e-10,-2.757917957972155082e-09,8.100102600528003839e-11,6.098192254657808364e-12,2.338680872288746284e-09,1.883376122937248921e-10,1.105536017863073539e+00,3.209713194109780066e-01,2.060953849519832381e-04,-7.236106448681810634e-04,2.061225457621306814e-04,-7.236084717615822066e-04,2.061302737341725157e-04,-7.236078531078685540e-04,-2.936091623596272758e-03,-2.749388178032771135e-01,-2.936091623596272758e-03,-2.749388178032771135e-01,-2.936091623596272758e-03,-2.749388178032771135e-01,-2.936091623141567040e-03,-2.749388178032762253e-01
7.507049925464022522e+01,8.374229560612959596e-19,3.300753658371376914e-19,-4.394091105890802416e-19,5.258107308963483562e-18,-1.000000000906348552e+00,4.689501996359840552e-09,3.157610959058555918e-12,5.932675165434286055e-13,3.157606191110095824e-12,5.933249768233506138e-13,3.157604815105073009e-12,5.933415556668783243e-13,8.373465448732205331e-10,-2.838729855618882941e-09,8.373465448732205331e-10,-2.838729855618882941e-09,8.373465448732205331e-10,-2.838729855618882941e-09,8.373465448740675661e-10,-2.838729855618882941e-09,8.580444606495475634e-11,6.701232516419999581e-12,2.477363060802342651e-09,2.061076383429826019e-10,1.105575255922235822e+00,3.306563948773181827e-01,2.185364901667701790e-04,-7.448323781805393611e-04,2.185635675325514865e-04,-7.448301411115673459e-04,2.185713801564695413e-04,-7.448294953120585329e-04,-3.021889454842443482e-03,-2.829687887540335289e-01,-3.021889454842443482e-03,-2.829687887540335289e-01,-3.021889454842443482e-03,-2.829687887540335289e-01,-3.021889454842460829e-03,-2.829687887540304203e-01
7.726315401793335980e+01,8.856230717627355490e-19,3.604046134019461441e-19,-4.946706850224356819e-19,5.732599175813629024e-18,-1.000000000961403623e+00,4.826590631508420604e-09,3.345026388634064892e-12,6.477823511467696333e-13,3.345021340529457494e-12,6.478412966989646521e-13,3.345019862033448061e-12,6.478585555776001097e-13,8.878559076694463883e-10,-2.921925446822820627e-09,8.878559076694463883e-10,-2.921925446822820627e-09,8.878559076707169377e-10,-2.921925446768610518e-09,8.878559076690228718e-10,-2.921925446931240844e-09,9.089285724170245649e-11,7.360216404909622136e-12,2.624273454271401389e-09,2.255034150450542633e-10,1.105616837897543503e+00,3.406155331437299427e-01,2.317149097791848197e-04,-7.666817651347343932e-04,2.317418987458511677e-04,-7.666794631229936589e-04,2.317498010485999631e-04,-7.666787887671317088e-04,-3.112772171152700280e-03,-2.912332602107615687e-01,-3.112772171152700280e-03,-2.912332602107615687e-01,-3.112772171152717628e-03,-2.912332602107606805e-01,-3.112772171152696811e-03,-2.912332602107606805e-01
7.951985171365303984e+01,9.365048894405619731e-19,3.934870438827502527e-19,-5.567735455692033017e-19,6.249920783860777031e-18,-1.000000001019721418e+00,4.967694051255522325e-09,3.543582337097898405e-12,7.072438054078050289e-13,3.543576994437583599e-12,7.073042621461872882e-13,3.543575405192016313e-12,7.073222386734873070e-13,9.413587334108458301e-10,-3.007576460177085326e-09,9.413587334108458301e-10,-3.007576460177085326e-09,9.413587334108458301e-10,-3.007576460177085326e-09,9.413587334104223136e-10,-3.007576460285505543e-09,9.628318695101261980e-11,8.080235368881077292e-12,2.779900786022649562e-09,2.466722558657031399e-10,1.105660901667766316e+00,3.508569878603272074e-01,2.456743366777289694e-04,-7.891778426444125355e-04,2.457012319927536458e-04,-7.891754747342864199e-04,2.457092292955066152e-04,-7.891747703137313302e-04,-3.209041114993383889e-03,-2.997390779850186426e-01,-3.209041114993383889e-03,-2.997390779850186426e-01,-3.209041114993383889e-03,-2.997390779850186426e-01,-3.209041114993376517e-03,-2.997390779850186426e-01
8.184246290403389423e+01,9.902059846191102507e-19,4.295716850037061564e-19,-6.265583776357625330e-19,6.813939883337615727e-18,-1.000000001081496004e+00,5.112930479824959185e-09,3.753943070133666381e-12,7.720989207903131710e-13,3.753937417247534642e-12,7.721609138347035128e-13,3.753935708358563557e-12,7.721796481917935282e-13,9.980324201411833337e-10,-3.095756908905612087e-09,9.980324201411833337e-10,-3.095756908905612087e-09,9.980324201411833337e-10,-3.095756908905612087e-09,9.980324201382187183e-10,-3.095756908905612087e-09,1.019933703073214388e-10,8.866841405296198164e-12,2.944762884983414204e-09,2.697747812544902094e-10,1.105707593347732054e+00,3.613892464962104589e-01,2.604610525315328605e-04,-8.123402671873032523e-04,2.604878486375148089e-04,-8.123378324536039861e-04,2.604959465818171261e-04,-8.123370963467112064e-04,-3.311015487277019134e-03,-3.084932875278528219e-01,-3.311015487277019134e-03,-3.084932875278528219e-01,-3.311015487277019134e-03,-3.084932875278528219e-01,-3.311015487504365053e-03,-3.084932875278466047e-01
8.423291278658318504e+01,1.046869478527500879e-18,4.689300739659464287e-19,-7.049688079026708076e-19,7.428873771596457719e-18,-1.000000001146931661e+00,5.262421685697446505e-09,3.976812708866245901e-12,8.428350846049462755e-13,3.976806730295945943e-12,8.428986380163743577e-13,3.976804892022692164e-12,8.429181735342835776e-13,1.058064877511948033e-09,-3.186543175376713166e-09,1.058064877511948033e-09,-3.186543175376713166e-09,1.058064877510253967e-09,-3.186543175430923275e-09,1.058064877513642098e-09,-3.186543175376713166e-09,1.080424103894341035e-10,9.726088661563392687e-12,3.119408415874919849e-09,2.949861194545160714e-10,1.105757067751315992e+00,3.722210374413789657e-01,2.761240810910918909e-04,-8.361893386465282319e-04,2.761507720936376311e-04,-8.361868362089996606e-04,2.761589766578728829e-04,-8.361860666702605055e-04,-3.419033401325191103e-03,-3.175031397326594229e-01,-3.419033401325191103e-03,-3.175031397326594229e-01,-3.419033401325173756e-03,-3.175031397326611993e-01,-3.419033401097827836e-03,-3.175031397326630311e-01
8.669318278986466453e+01,1.106644050721414316e-18,5.118582930116381345e-19,-7.930639854065461581e-19,8.099320925163051106e-18,-1.000000001216245549e+00,5.416293087645573934e-09,4.212937651317219165e-12,9.199836696568651880e-13,4.212931330545608517e-12,9.200488065169788233e-13,4.212929352300160205e-12,9.200691894384122120e-13,1.121655149445590608e-09,-3.280014098489773128e-09,1.121655149445590608e-09,-3.280014098489773128e-09,1.121655149444320058e-09,-3.280014098489773128e-09,1.121655149444743575e-09,-3.280014098706613562e-09,1.144504421441818067e-10,1.066457873742995042e-11,3.304418724469044818e-09,3.224972155238587287e-10,1.105809488931899898e+00,3.833613372171810196e-01,2.927153506603047536e-04,-8.607460253378446851e-04,2.927419303306340987e-04,-8.607434543485267603e-04,2.927502478362989965e-04,-8.607426495132206121e-04,-3.533453005372244084e-03,-3.267760969050438336e-01,-3.533453005372244084e-03,-3.267760969050438336e-01,-3.533453005372244084e-03,-3.267760969050393927e-01,-3.533453005372230206e-03,-3.267760969050420572e-01
8.922531221589201778e+01,1.169683908386935439e-18,5.586791898781044105e-19,-8.920327027813593983e-19,8.830295500378942701e-18,-1.000000001289667484e+00,5.574673872044480505e-09,4.463109146326241965e-12,1.004124002092171458e-12,4.463102467471452865e-12,1.004190744000310801e-12,4.463100337395348757e-12,1.004212024009044671e-12,1.189014073679421732e-09,-3.376251066374534593e-09,1.189014073679421732e-09,-3.376251066374534593e-09,1.189014073679845249e-09,-3.376251066482954810e-09,1.189014073678998216e-09,-3.376251066482954810e-09,1.212388001493759892e-10,1.168951014190912229e-11,3.500409794354584809e-09,3.525162585171487561e-10,1.105865030700145191e+00,3.948193778811259214e-01,3.102898660609259337e-04,-8.860319903432741992e-04,3.103163277788398115e-04,-8.860293500213524886e-04,3.103247649421370905e-04,-8.860285078739321132e-04,-3.654653670411524367e-03,-3.363198389041580083e-01,-3.654653670411524367e-03,-3.363198389041580083e-01,-3.654653670411520897e-03,-3.363198389041571201e-01,-3.654653670411520897e-03,-3.363198389041552883e-01
9.183139993049316274e+01,1.236148716264461610e-18,6.097447990202018675e-19,-1.003209238705869075e-18,9.627264964420618015e-18,-1.000000001367441049e+00,5.737697109748848834e-09,4.728166025020540337e-12,1.095887686162847562e-12,4.728158969236089708e-12,1.095956053209575331e-12,4.728156674412077359e-12,1.095978283801034257e-12,1.260364980403045650e-09,-3.475338112342990504e-09,1.260364980403045650e-09,-3.475338112342990504e-09,1.260364980403045650e-09,-3.475338112342990504e-09,1.260364980403045650e-09,-3.475338112451410721e-09,1.284300904821212665e-10,1.280873212360283025e-11,3.708034322108616430e-09,3.852702373029735164e-10,1.105923877217459772e+00,4.066046546849663157e-01,3.289058908136304306e-04,-9.120696192454804665e-04,3.289322275915077475e-04,-9.120669088647608003e-04,3.289407915064039892e-04,-9.120660272433539538e-04,-3.783037246266707058e-03,-3.461422694605582051e-01,-3.783037246266707058e-03,-3.461422694605582051e-01,-3.783037246266727875e-03,-3.461422694605555406e-01,-3.783037246266720936e-03,-3.461422694605563732e-01
9.451360610304671184e+01,1.306203467704654551e-18,6.654389823379780354e-19,-1.128091138146849325e-18,1.049619114112710598e-17,-1.000000001449824039e+00,5.905499881209835822e-09,5.008997602114513147e-12,1.195963320532676994e-12,5.008990152459742045e-12,1.196033330664503759e-12,5.008987679335294299e-12,1.196056569278109477e-12,1.335944432220837180e-09,-3.577362016424917579e-09,1.335944432220837180e-09,-3.577362016424917579e-09,1.335944432221684213e-09,-3.577362016424917579e-09,1.335944432217872564e-09,-3.577362016641758014e-09,1.360482669324572385e-10,1.403080343712753074e-11,3.927983918161730886e-09,4.210066367641224360e-10,1.105986223611056918e+00,4.187269339211295294e-01,3.486251402007800528e-04,-9.388820492954853781e-04,3.486513446097159867e-04,-9.388792682147695072e-04,3.486600427967551661e-04,-9.388783447904824929e-04,-3.919029390388356279e-03,-3.562515226751330477e-01,-3.919029390388356279e-03,-3.562515226751330477e-01,-3.919029390388370157e-03,-3.562515226751294950e-01,-3.919029390615688321e-03,-3.562515226751321595e-01
9.727415399703245669e+01,1.380018299380790929e-18,7.261803096928004472e-19,-1.268359162739735340e-18,1.144357498390506006e-17,-1.000000001537089567e+00,6.078223406362492920e-09,5.306546767579989571e-12,1.305101637782000632e-12,5.306538905420173156e-12,1.305173307198431509e-12,5.306536237689905779e-12,1.305197615746998507e-12,1.416003007894587153e-09,-3.682412412649681277e-09,1.416003007894587153e-09,-3.682412412649681277e-09,1.416003007895434186e-09,-3.682412412649681277e-09,1.416003007894587153e-09,-3.682412412649681277e-09,1.441187118417808428e-10,1.536505636277655609e-11,4.160991441150652821e-09,4.599952869200663721e-10,1.106052276590811623e+00,4.311962610189060685e-01,3.695129855421320163e-04,-9.664932002290959083e-04,3.695390497225997358e-04,-9.664903478828901088e-04,3.695478901781336974e-04,-9.664893801472721228e-04,-4.063080982359885442e-03,-3.666559697043706989e-01,-4.063080982359885442e-03,-3.666559697043706989e-01,-4.063080982359885442e-03,-3.666559697043742516e-01,-4.063080982359878503e-03,-3.666559697043724197e-01
1.001153318128802567e+02,1.457768227645136941e-18,7.924252000505070331e-19,-1.425899673334724703e-18,1.247650541441032303e-17,-1.000000001629527402e+00,6.256013173212143785e-09,5.621813263393185545e-12,1.424121109489426512e-12,5.621804970093598978e-12,1.424194451822397996e-12,5.621802091452127734e-12,1.424219896903891752e-12,1.500806132503553359e-09,-3.790581900231168588e-09,1.500806132503553359e-09,-3.790581900231168588e-09,1.500806132503553359e-09,-3.790581900231168588e-09,1.500806132503553359e-09,-3.790581900339588806e-09,1.526683218512420118e-10,1.682166652538281475e-11,4.407833474042014773e-09,5.025303788632310764e-10,1.106122255163655144e+00,4.440229688104727623e-01,3.916386707897878986e-04,-9.949278067054852324e-04,3.916645864062328264e-04,-9.949248826321493381e-04,3.916735775719347662e-04,-9.949238678835191623e-04,-4.215669616883120988e-03,-3.773642256369728609e-01,-4.215669616883120988e-03,-3.773642256369728609e-01,-4.215669616883120988e-03,-3.773642256369728609e-01,-4.215669616883120988e-03,-3.773642256369720283e-01
1.030394945846446291e+02,1.539632804105966208e-18,8.646713476620896766e-19,-1.602829751871838443e-18,1.360271259910850912e-17,-1.000000001727443522e+00,6.439019083117475395e-09,5.955857171616380560e-12,1.553914055086384987e-12,5.955848426848233106e-12,1.553989081267916054e-12,5.955845319084349630e-12,1.554015734562499729e-12,1.590634956754021770e-09,-3.901966162179505704e-09,1.590634956754021770e-09,-3.901966162179505704e-09,1.590634956752327704e-09,-3.901966162179505704e-09,1.590634956753174737e-09,-3.901966162179505704e-09,1.617255988629146845e-10,1.841172897268398613e-11,4.669332950840076104e-09,5.489326624170317234e-10,1.106196391357698428e+00,4.572176860935207587e-01,4.150755417178538897e-04,-1.024211452624200621e-03,4.151012999612107863e-04,-1.024208456468097671e-03,4.151104507850217795e-04,-1.024207391797340733e-03,-4.377301183229508064e-03,-3.883851565669568795e-01,-4.377301183229508064e-03,-3.883851565669568795e-01,-4.377301183229515003e-03,-3.883851565669568795e-01,-4.377301183229522809e-03,-3.883851565669569350e-01
1.060490661320773995e+02,1.625795670735252780e-18,9.434614617566341666e-19,-1.801525403069930260e-18,1.483062606944154414e-17,-1.000000001831147456e+00,6.627397580814126110e-09,6.309804413971085947e-12,1.695438393953214179e-12,6.309793405507386956e-12,1.695530026480373962e-12,6.309791839766983957e-12,1.695543050617789621e-12,1.685787292254875688e-09,-4.016664086840121550e-09,1.685787292254875688e-09,-4.016664086840121550e-09,1.685787292254875688e-09,-4.016664086731701333e-09,1.685787292255722721e-09,-4.016664086840121550e-09,1.713207465517296886e-10,2.014734134328444497e-11,4.946361943667022171e-09,5.995518473794787221e-10,1.106275595870403139e+00,4.707861151861446047e-01,4.398963145712822759e-04,-1.054371203115403530e-03,4.399268814283757516e-04,-1.054367538283709771e-03,4.399312260868695626e-04,-1.054367017253151229e-03,-4.548511126112690477e-03,-3.997278868209068192e-01,-4.548511126112690477e-03,-3.997278868209068192e-01,-4.548511126112690477e-03,-3.997278868209068192e-01,-4.548511126112697416e-03,-3.997278868209068192e-01
1.091465410697162923e+02,1.716444005621310014e-18,1.029387334703319310e-18,-2.024653118859340760e-18,1.616943812060962131e-17,-1.000000001941013794e+00,6.821303882419832432e-09,6.684843645768227295e-12,1.849784103041866395e-12,6.684832037605201649e-12,1.849877868106819789e-12,6.684830309234472776e-12,1.849891824403993902e-12,1.786578582054722979e-09,-4.134777909056870648e-09,1.786578582054722979e-09,-4.134777909056870648e-09,1.786578582058958144e-09,-4.134777908948450431e-09,1.786578582057264078e-09,-4.134777909165290866e-09,1.814857726939504316e-10,2.204169360129566616e-11,5.239844617783663720e-09,6.547691943328996562e-10,1.106358800182424273e+00,4.847501142939283358e-01,4.661932300577988205e-04,-1.085433278134027759e-03,4.662236206334852899e-04,-1.085429522552818242e-03,4.662281441268763499e-04,-1.085428963429538231e-03,-4.729867892653298080e-03,-4.114018066305971111e-01,-4.729867892653298080e-03,-4.114018066305971111e-01,-4.729867892425966037e-03,-4.114018066305971111e-01,-4.729867892425924404e-03,-4.114018066306006083e-01
1.123344868746549707e+02,1.811767833113084403e-18,1.123094300236734681e-18,-2.275205457952476195e-18,1.762917299242591326e-17,-1.000000002057391812e+00,7.020903934184391515e-09,7.082240875908572299e-12,2.018092978556545477e-12,7.082228639247099789e-12,2.018188889314772943e-12,7.082226729187803731e-12,2.018203854798764150e-12,1.893342969312025400e-09,-4.256413333120559472e-09,1.893342969312025400e-09,-4.256413333120559472e-09,1.893342969312025400e-09,-4.256413333120559472e-09,1.893342969312025400e-09,-4.256413333120559472e-09,1.922545978943625346e-10,2.410916769219804764e-11,5.550760371497014685e-09,7.150003935476465312e-10,1.106446944126186160e+00,4.991158700330101117e-01,4.940484810369253233e-04,-1.117426613131879609e-03,4.940786848687274933e-04,-1.117422766374425152e-03,4.940833978147453169e-04,-1.117422166007302816e-03,-4.921972303923321558e-03,-4.234165795456797943e-01,-4.921972303923321558e-03,-4.234165795456797943e-01,-4.921972303923321558e-03,-4.234165795456797943e-01,-4.921972303923286864e-03,-4.234165795456850678e-01
1.156155460147082721e+02,1.911959184926536302e-18,1.225286076255045114e-18,-2.556540807361683276e-18,1.922076233288672519e-17,-1.000000002180667424e+00,7.226366754552876470e-09,7.503337077402786551e-12,2.201625613813461507e-12,7.503324185561329341e-12,2.201723679370567229e-12,7.503322073908191836e-12,2.201739737950576868e-12,2.006434388037212470e-09,-4.381679687701436898e-09,2.006434388037212470e-09,-4.381679687701436898e-09,2.006434388037212470e-09,-4.381679687701436898e-09,2.006434388035518404e-09,-4.381679687809857116e-09,2.036631708113164828e-10,2.636544434281023707e-11,5.880147163697355033e-09,7.806986483923615408e-10,1.106540319935287897e+00,5.138952856341324482e-01,5.235543972397950626e-04,-1.150380572981875163e-03,5.235844032209039387e-04,-1.150376634784428843e-03,5.235893168859462798e-04,-1.150375989755244048e-03,-5.125461214991603939e-03,-4.357821505350584768e-01,-5.125461214991603939e-03,-4.357821505350584768e-01,-5.125461214991603939e-03,-4.357821505350584768e-01,-5.125461214991569245e-03,-4.357821505350628621e-01
1.189924381387368300e+02,2.017211095249442645e-18,1.336730058341722000e-18,-2.872428078021205101e-18,2.095612754140391331e-17,-1.000000002311248748e+00,7.437866545324106626e-09,7.949554639644909257e-12,2.401756322575331228e-12,7.949541063824347139e-12,2.401856547325298619e-12,7.949538728554511558e-12,2.401873790269126757e-12,2.126227739092049617e-09,-4.510690080131163349e-09,2.126227739092049617e-09,-4.510690080131163349e-09,2.126227739092049617e-09,-4.510690080131163349e-09,2.126227739092049617e-09,-4.510690080131163349e-09,2.157495905229508346e-10,2.882762044891136908e-11,6.229105047797944586e-09,8.523580646214352141e-10,1.106639237185466973e+00,5.291006067717354266e-01,5.548087768548434252e-04,-1.184325575463161459e-03,5.548385732238716788e-04,-1.184321545757201482e-03,5.548436995408679000e-04,-1.184320852341308851e-03,-5.341009211348748259e-03,-4.485087540793775140e-01,-5.341009211348748259e-03,-4.485087540793775140e-01,-5.341009211348748259e-03,-4.485087540793775140e-01,-5.341009211348740453e-03,-4.485087540793766814e-01
1.224679623309465626e+02,2.127716387031562611e-18,1.458263090743759745e-18,-3.227096841302707244e-18,2.284826961435694749e-17,-1.000000002449569880e+00,7.655582866424037736e-09,8.422402421387400074e-12,2.619983392199916089e-12,8.422388135329711683e-12,2.620085775560409999e-12,8.422385549338123716e-12,2.620104302129730141e-12,2.253120131637548088e-09,-4.643561556322631234e-09,2.253120131637548088e-09,-4.643561556322631234e-09,2.253120131637548088e-09,-4.643561556322631234e-09,2.253120131634159956e-09,-4.643561556431051451e-09,2.285542363997665586e-10,3.151433678224574971e-11,6.598799922265198184e-09,9.305173395536765524e-10,1.106744023820047440e+00,5.447444317326699537e-01,5.879152102022638503e-04,-1.219293139636344787e-03,5.879447844851841366e-04,-1.219289018557785653e-03,5.879501361051096657e-04,-1.219288272702069922e-03,-5.569330841102097633e-03,-4.616069225404821896e-01,-5.569330841102097633e-03,-4.616069225404821896e-01,-5.569330841102097633e-03,-4.616069225404821896e-01,-5.569330841102021305e-03,-4.616069225404848542e-01
1.260449994310315986e+02,2.243666244209508043e-18,1.590797764965309193e-18,-3.625293585576815421e-18,2.491136718194942169e-17,-1.000000002596088011e+00,7.879700808944428703e-09,8.923481148458595495e-12,2.857940264210228216e-12,8.923466120400045309e-12,2.858044799669682862e-12,8.923463256581650642e-12,2.858064717755316665e-12,2.387532197974738643e-09,-4.780415274242312551e-09,2.387532197974738643e-09,-4.780415274242312551e-09,2.387532197973891610e-09,-4.780415274242312551e-09,2.387532197972197544e-09,-4.780415274459152986e-09,2.421199059553892421e-10,3.444591733662506948e-11,6.990467512018100692e-09,1.015763784023963296e-09,1.106855027230360777e+00,5.608397217624269127e-01,6.229834225040937990e-04,-1.255315937164512346e-03,6.230127614997036170e-04,-1.255311725092847367e-03,6.230183518111350512e-04,-1.255310922392312853e-03,-5.811182978488869597e-03,-4.750874947675427507e-01,-5.811182978488869597e-03,-4.750874947675427507e-01,-5.811182978488855719e-03,-4.750874947675445270e-01,-5.811182978488828831e-03,-4.750874947675445270e-01
1.297265144220837954e+02,2.365248513926614122e-18,1.735329288789787056e-18,-4.072344838010230244e-18,2.716088348986470548e-17,-1.000000002751290307e+00,8.110411189865551762e-09,9.454489144364113494e-12,3.117407719392872249e-12,9.454473346776130728e-12,3.117514394086974745e-12,9.454470173790710313e-12,3.117535821320622759e-12,2.529909486125282117e-09,-4.921376687465686683e-09,2.529909486125282117e-09,-4.921376687465686683e-09,2.529909486124435085e-09,-4.921376687465686683e-09,2.529909486121893986e-09,-4.921376687574106901e-09,2.564919612181207539e-10,3.764452107906888714e-11,7.405417595425661345e-09,1.108737706707301044e-09,1.106972615425989792e+00,5.773998118411297620e-01,6.601296368616674281e-04,-1.292427846942978712e-03,6.601587265854295082e-04,-1.292423544522735722e-03,6.601645697854115376e-04,-1.292422680177204809e-03,-6.067367333240271041e-03,-4.889616249459906583e-01,-6.067367333240271041e-03,-4.889616249459906583e-01,-6.067367333240284918e-03,-4.889616249459853292e-01,-6.067367333467616961e-03,-4.889616249459888819e-01
1.335155588882482505e+02,2.492645722995835728e-18,1.892942982099306194e-18,-4.574227991097883505e-18,2.961368314648948758e-17,-1.000000002915690800e+00,8.347910747646264396e-09,1.001722845772319397e-11,3.400327164039218623e-12,1.001721186138314194e-11,3.400435957692117794e-12,1.001720834365531199e-11,3.400459022134573732e-12,2.680723934750458713e-09,-5.066575737406285584e-09,2.680723934750458713e-09,-5.066575737406285584e-09,2.680723934751305746e-09,-5.066575737297865367e-09,2.680723934751305746e-09,-5.066575737297865367e-09,2.717184841230601738e-10,4.113430755568165608e-11,7.845038492601778460e-09,1.210137193932790119e-09,1.107097178222880229e+00,5.944384216312894598e-01,6.994769588137728263e-04,-1.330664013121235067e-03,6.995057844261751709e-04,-1.330659621291514425e-03,6.995118955643116112e-04,-1.330658690083244425e-03,-6.338733104260492641e-03,-5.032407916956656013e-01,-6.338733104260492641e-03,-5.032407916956656013e-01,-6.338733104260506519e-03,-5.032407916956638250e-01,-6.338733104260520397e-03,-5.032407916956639360e-01
1.374152735441617210e+02,2.626032755089345689e-18,2.064822455304913520e-18,-5.137650775211589880e-18,3.228815953700088390e-17,-1.000000003089834832e+00,8.592402342150889938e-09,1.061361137764612900e-11,3.708815111403004975e-12,1.061359395671950282e-11,3.708925995744976207e-12,1.061359005401519835e-11,3.708950836415522538e-12,2.840475435304386470e-09,-5.216147060398308721e-09,2.840475435304386470e-09,-5.216147060398308721e-09,2.840475435304386470e-09,-5.216147060398308721e-09,2.840475435306080536e-09,-5.216147060289888504e-09,2.878504415531927858e-10,4.494161728378082527e-11,8.310801831849982790e-09,1.320723320214141829e-09,1.107229128562672971e+00,6.119696668087396541e-01,7.411557834209330127e-04,-1.370060906951759772e-03,7.411843291980131252e-04,-1.370056426984939081e-03,7.411907242150515048e-04,-1.370055423233929037e-03,-6.626179789176836997e-03,-5.179368074246271103e-01,-6.626179789176836997e-03,-5.179368074246271103e-01,-6.626179789176836997e-03,-5.179368074246271103e-01,-6.626179789176809241e-03,-5.179368074246262221e-01
1.414288908382709167e+02,2.765574144428137113e-18,2.252258532991636957e-18,-5.770140428104624653e-18,3.520437388381729699e-17,-1.000000003274299498e+00,8.844095173224375550e-09,1.124566739592157286e-11,4.045178969229802667e-12,1.124564912033870290e-11,4.045291907097275398e-12,1.124564478818869417e-11,4.045318675826567917e-12,3.009693486505360654e-09,-5.370230203452855400e-09,3.009693486505360654e-09,-5.370230203452855400e-09,3.009693486505360654e-09,-5.370230203452855400e-09,3.009693486505360654e-09,-5.370230203561275617e-09,3.049418606151185906e-10,4.909516848221328701e-11,8.804267612178538693e-09,1.441325828546144936e-09,1.107368903859405007e+00,6.300080707382698098e-01,7.853042265265524138e-04,-1.410656392627700467e-03,7.853324758228460989e-04,-1.410651826178700068e-03,7.853391716221658301e-04,-1.410650743691015509e-03,-6.930660162746083916e-03,-5.330618279451002639e-01,-6.930660162746083916e-03,-5.330618279451002639e-01,-6.930660162746083916e-03,-5.330618279451002639e-01,-6.930660162746112539e-03,-5.330618279450958230e-01
1.455597376321881882e+02,2.911420929628028531e-18,2.456658989875694603e-18,-6.480143749232667638e-18,3.838420703229706624e-17,-1.000000003469696308e+00,9.103204994496960634e-09,1.191555061050801742e-11,4.411934250143016007e-12,1.191553145570494821e-11,4.412049194102145191e-12,1.191552664540484075e-11,4.412078056061608612e-12,3.188938946556489325e-09,-5.528969859312955759e-09,3.188938946556489325e-09,-5.528969859312955759e-09,3.188938946556489325e-09,-5.528969859312955759e-09,3.188938946558183391e-09,-5.528969859421375976e-09,3.230500148313733909e-10,5.362627153518138360e-11,9.327089581115135922e-09,1.572849322766023801e-09,1.107516967452897738e+00,6.485685764031023925e-01,8.320685814479787841e-04,-1.452489797539813004e-03,8.320965165905566240e-04,-1.452485146656709450e-03,8.321035310892815461e-04,-1.452483978702155199e-03,-7.253183430587206368e-03,-5.486283623582947078e-01,-7.253183430587206368e-03,-5.486283623582947078e-01,-7.253183430587192490e-03,-5.486283623582929314e-01,-7.253183430587164734e-03,-5.486283623582973723e-01
1.498112379583058100e+02,3.063707027110445085e-18,2.679559178136661484e-18,-7.277139362258924375e-18,4.185152513336423417e-17,-1.000000003676673854e+00,9.369954354077059122e-09,1.262554765122107965e-11,4.811823331888416717e-12,1.262552758839869099e-11,4.811940223599808113e-12,1.262552224531485971e-11,4.811971358413366813e-12,3.378805889001657036e-09,-5.692516108772756322e-09,3.378805889001657036e-09,-5.692516108772756322e-09,3.378805889001657036e-09,-5.692516108772756322e-09,3.378805888996574839e-09,-5.692516108989596757e-09,3.422356219606127273e-10,5.856906270157852192e-11,9.881020948354641973e-09,1.716280017908950772e-09,1.107673810171828865e+00,6.676665587461726448e-01,8.816038025299893039e-04,-1.495601987187833480e-03,8.816314048319628905e-04,-1.495597254385873029e-03,8.816387569895119992e-04,-1.495595993636371053e-03,-7.594818568064917730e-03,-5.646492832148193308e-01,-7.594818568064917730e-03,-5.646492832148193308e-01,-7.594818568064917730e-03,-5.646492832148193308e-01,-7.594818568064876096e-03,-5.646492832148175545e-01
1.541869158579544603e+02,3.222545029970025239e-18,2.922633622284381104e-18,-8.171763678343987899e-18,4.563236051035620831e-17,-1.000000003895918033e+00,9.644572831774694821e-09,1.337808611279352449e-11,5.247835908891715833e-12,1.337806512416412448e-11,5.247954677681057904e-12,1.337805918476909833e-11,5.247988281383899614e-12,3.579923568100307511e-09,-5.861024688367036384e-09,3.579923568100307511e-09,-5.861024688367036384e-09,3.579923568102001577e-09,-5.861024688258616167e-09,3.579923568103695643e-09,-5.861024688367036384e-09,3.625630541866121578e-10,6.396075906927501599e-11,1.046792045723227513e-08,1.872693099202990209e-09,1.107839951899373565e+00,6.873178373796599017e-01,9.340740174200869812e-04,-1.540035445238200837e-03,9.341012670485984107e-04,-1.540030633531788403e-03,9.341089769816123727e-04,-1.540029272010822771e-03,-7.956697857415644115e-03,-5.811378369576634118e-01,-7.956697857415644115e-03,-5.811378369576634118e-01,-7.956697857415644115e-03,-5.811378369576634118e-01,-7.956697857415644115e-03,-5.811378369576678526e-01
1.586903983024584477e+02,3.388021374137916165e-18,3.187708674608343306e-18,-9.175952229525847197e-18,4.975510911729495590e-17,-1.000000004128156039e+00,9.927297296274256722e-09,1.417574360118714150e-11,5.723231285953977196e-12,1.417572166218677467e-11,5.723351847382673012e-12,1.417571505871791787e-11,5.723388133162402643e-12,3.792958500434628444e-09,-6.034657263048054388e-09,3.792958500434628444e-09,-6.034657263048054388e-09,3.792958500434628444e-09,-6.034657263048054388e-09,3.792958500436322510e-09,-6.034657263048054388e-09,3.841005615243223942e-10,6.984193624157478360e-11,1.108975883758678553e-08,2.043260744000318464e-09,1.108015943354621946e+00,7.075386895483430916e-01,9.896530693637348684e-04,-1.585834359029524802e-03,9.896799452959487587e-04,-1.585829472007261156e-03,9.896880343370775216e-04,-1.585828001011415625e-03,-8.340020635430735879e-03,-5.981076546545399664e-01,-8.340020635430735879e-03,-5.981076546545399664e-01,-8.340020635430735879e-03,-5.981076546545399664e-01,-8.340020635203292815e-03,-5.981076546545471828e-01
1.633254181995089027e+02,3.560190783185413858e-18,3.476776327639885485e-18,-1.030309825091593066e-17,5.425074612677214422e-17,-1.000000004374157037e+00,1.021837216707774387e-08,1.502125733725230084e-11,6.241562679626874179e-12,1.502123442670514350e-11,6.241684934433250234e-12,1.502122708123542491e-11,6.241724134482774453e-12,4.018616669336513652e-09,-6.213581732255821222e-09,4.018616669336513652e-09,-6.213581732255821222e-09,4.018616669336513652e-09,-6.213581732255821222e-09,4.018616669334819586e-09,-6.213581732255821222e-09,4.069205092765712808e-10,7.625683130926961198e-11,1.174862566520115152e-08,2.229260866977510746e-09,1.108202367877685557e+00,7.283458635772533940e-01,1.048525091584083220e-03,-1.633044711092050856e-03,1.048551571545459395e-03,-1.633039752952947146e-03,1.048560062278504866e-03,-1.633038163027465293e-03,-8.746057257992007755e-03,-6.155727630268340578e-01,-8.746057257992007755e-03,-6.155727630268340578e-01,-8.746057257992007755e-03,-6.155727630268340578e-01,-8.746057257991993877e-03,-6.155727630268341688e-01
1.680958174873471194e+02,3.739069897659997412e-18,3.792009290861813176e-18,-1.156823060571405847e-17,5.915306133083953277e-17,-1.000000004634737705e+00,1.051804969162684067e-08,1.591753447104815198e-11,6.806703710650422725e-12,1.591751057963684173e-11,6.806827542632146568e-12,1.591750240492186778e-11,6.806869910214316603e-12,4.257645859544146802e-09,-6.397972540325182200e-09,4.257645859544146802e-09,-6.397972540325182200e-09,4.257645859544146802e-09,-6.397972540325182200e-09,4.257645859545840868e-09,-6.397972540325182200e-09,4.310996305173746375e-10,8.325367291620742217e-11,1.244673665493224653e-08,2.432086653037213020e-09,1.108399843372061655e+00,7.497565926755379584e-01,1.110885115533086828e-03,-1.681714377020315744e-03,1.110911175912155519e-03,-1.681709352647824986e-03,1.110920092289801719e-03,-1.681707633487003689e-03,-9.176153305224542950e-03,-6.335475957821140591e-01,-9.176153305224542950e-03,-6.335475957821140591e-01,-9.176153305224515194e-03,-6.335475957821140591e-01,-9.176153305224530807e-03,-6.335475957821140591e-01
1.730055503193224240e+02,3.924629966976928857e-18,4.135777449047942697e-18,-1.298821347097039816e-17,6.449891619394764690e-17,-1.000000004910745588e+00,1.082659354528781037e-08,1.686766792982906686e-11,7.422852908633013522e-12,1.686763820320778297e-11,7.423002564796414576e-12,1.686763394602019007e-11,7.423023994200584518e-12,4.510838133309699196e-09,-6.588011018009501396e-09,4.510838133309699196e-09,-6.588011018009501396e-09,4.510838133308005130e-09,-6.588011018009501396e-09,4.510838133311393262e-09,-6.588011018226341831e-09,4.567192944969044225e-10,9.088504144742288111e-11,1.318644141465179213e-08,2.653256957944232528e-09,1.108609698998204607e+00,7.717854003320178125e-01,1.176934730328737296e-03,-1.731894218912825899e-03,1.176965331672725395e-03,-1.731888144408162081e-03,1.176969713553026277e-03,-1.731887274529365700e-03,-9.631733607360547234e-03,-6.520470051765262509e-01,-9.631733607360547234e-03,-6.520470051765262509e-01,-9.631733607360602745e-03,-6.520470051765244746e-01,-9.631733607360562846e-03,-6.520470051765280273e-01
1.780586863414644938e+02,4.116788519048094025e-18,4.510665818655813708e-18,-1.458197017031662011e-17,7.032852462305698662e-17,-1.000000005203127262e+00,1.114426601478077372e-08,1.787492914033755702e-11,8.094661960515862388e-12,1.787489812537916035e-11,8.094813621447430915e-12,1.787489312364960682e-11,8.094838077512079633e-12,4.779032434226043475e-09,-6.783885755879889845e-09,4.779032434226043475e-09,-6.783885755879889845e-09,4.779032434224349409e-09,-6.783885755879889845e-09,4.779032434226043475e-09,-6.783885756096730280e-09,4.838657924541586098e-10,9.920826025150802915e-11,1.397023170177647105e-08,2.894427603109536079e-09,1.108831279079848686e+00,7.944570407680044966e-01,1.246902702273985962e-03,-1.783634272993540404e-03,1.246932833444850753e-03,-1.783628114903575580e-03,1.246937692300868804e-03,-1.783627121811141554e-03,-1.011430864245528929e-02,-6.710862742980034934e-01,-1.011430864245528929e-02,-6.710862742980034934e-01,-1.011430864245527542e-02,-6.710862742980034934e-01,-1.011430864222792950e-02,-6.710862742980017170e-01
1.832594140657868707e+02,4.315399816604905865e-18,4.919494176604520826e-18,-1.637073473542292885e-17,7.668575955013633488e-17,-1.000000005512837298e+00,1.147134785165621063e-08,1.894280878718266259e-11,8.827125922662249700e-12,1.894277647033462599e-11,8.827279432296165169e-12,1.894277061818399341e-11,8.827307220959005300e-12,5.063117381974693637e-09,-6.985792973387625060e-09,5.063117381974693637e-09,-6.985792973387625060e-09,5.063117381974693637e-09,-6.985792973387625060e-09,5.063117381974693637e-09,-6.985792973604465494e-09,5.126306410720725761e-10,1.082858249275313354e-10,1.480075018987171712e-08,3.157403774635872860e-09,1.109065992276772494e+00,8.177869862958873082e-01,1.321015792224591087e-03,-1.836989713993529257e-03,1.321045425162785695e-03,-1.836983478861890177e-03,1.321050789464812579e-03,-1.836982350088292148e-03,-1.062547700019568844e-02,-6.906811288743356370e-01,-1.062547700019568844e-02,-6.906811288743356370e-01,-1.062547700019568844e-02,-6.906811288743356370e-01,-1.062547699996828701e-02,-6.906811288743319732e-01
1.886120443421176560e+02,4.520243989547551525e-18,5.365338463875986028e-18,-1.837833373628784137e-17,8.361848790007262455e-17,-1.000000005840901318e+00,1.180812568080460978e-08,2.007501181111039871e-11,9.625716001583513304e-12,2.007497818305535977e-11,9.625871179819395305e-12,2.007497136359310142e-11,9.625902635976078369e-12,5.364034194187979445e-09,-7.193936945931386773e-09,5.364034194187979445e-09,-7.193936945931386773e-09,5.364034194187979445e-09,-7.193936945931386773e-09,5.364034194182897247e-09,-7.193936946148227207e-09,5.431109059754825139e-10,1.181858685214342634e-10,1.568079981507629539e-08,3.444153451799154855e-09,1.109314616427316214e+00,8.417945555638213229e-01,1.399519455960122416e-03,-1.892017116956069573e-03,1.399548560899155055e-03,-1.892010812323864383e-03,1.399554460840258001e-03,-1.892009534240472876e-03,-1.116693235123004946e-02,-7.108477502098331513e-01,-1.116693235123004946e-02,-7.108477502098331513e-01,-1.116693235123004946e-02,-7.108477502098331513e-01,-1.116693235122999395e-02,-7.108477502098313749e-01
1.941210139313353125e+02,4.731014650257920722e-18,5.851554172350412088e-18,-2.063150270569136676e-17,9.117893649248009341e-17,-1.000000006188408008e+00,1.215489555707327529e-08,2.127547641896419079e-11,1.049639664854623176e-11,2.127544147292588592e-11,1.049655328897273896e-11,2.127543355655596088e-11,1.049658877891207509e-11,5.682779799686456810e-09,-7.408530447320163526e-09,5.682779799686456810e-09,-7.408530447320163526e-09,5.682779799686456810e-09,-7.408530447320163526e-09,5.682779799681374612e-09,-7.408530447320163526e-09,5.754095457961792491e-10,1.289826698358895444e-10,1.661335371613205997e-08,3.756822089287922256e-09,1.109577975473433842e+00,8.664996271357082724e-01,1.482673670177146741e-03,-1.948775556128591125e-03,1.482702215564892564e-03,-1.948769190625893044e-03,1.482708683145617448e-03,-1.948767748325784272e-03,-1.174046862704359630e-02,-7.316027880665876282e-01,-1.174046862704359630e-02,-7.316027880665876282e-01,-1.174046862704359630e-02,-7.316027880665876282e-01,-1.174046862727096997e-02,-7.316027880665858518e-01
1.997908891829711990e+02,4.947304811738249943e-18,6.381801880170675718e-18,-2.316024111761565216e-17,9.942409182429014669e-17,-1.000000006556509113e+00,1.251196335514542790e-08,2.254838958438780926e-11,1.144567000106162618e-11,2.254835332883656793e-11,1.144582786799184100e-11,2.254834415970491390e-11,1.144586779214865600e-11,6.020410131487202764e-09,-7.629795226388527696e-09,6.020410131487202764e-09,-7.629795226388527696e-09,6.020410131490590896e-09,-7.629795226171687261e-09,6.020410131487202764e-09,-7.629795226605368130e-09,6.096357785073625056e-10,1.407572075088862534e-10,1.760156581924024250e-08,4.097748613119746888e-09,1.109856942121908219e+00,8.919226558308165353e-01,1.570753789863657806e-03,-2.007326754225259753e-03,1.570781742267167913e-03,-2.007320337672263352e-03,1.570788811410484204e-03,-2.007318714872663359e-03,-1.234798593840006828e-02,-7.529633739719584495e-01,-1.234798593840006828e-02,-7.529633739719584495e-01,-1.234798593840006828e-02,-7.529633739719566732e-01,-1.234798593840001103e-02,-7.529633739719602259e-01
2.056263698202274384e+02,5.168590858159476753e-18,6.960075135968464983e-18,-2.599821067067095928e-17,1.084161369228967745e-16,-1.000000006946424325e+00,1.287964513079636886e-08,2.389820365898849813e-11,1.248062432464687411e-11,2.389816611340607813e-11,1.248078314967723140e-11,2.389815552549423745e-11,1.248082794543816341e-11,6.378043613753856238e-09,-7.857962515921135260e-09,6.378043613753856238e-09,-7.857962515921135260e-09,6.378043613753856238e-09,-7.857962515921135260e-09,6.378043613753856238e-09,-7.857962515921135260e-09,6.459054715774784880e-10,1.535977638445551529e-10,1.864878211090951515e-08,4.469482857194565749e-09,1.110152440764129889e+00,9.180846895256182805e-01,1.664051456078860817e-03,-2.067735242963143760e-03,1.664078780009680151e-03,-2.067728786508650322e-03,1.664086486699017410e-03,-2.067726965420196676e-03,-1.299149685939871013e-02,-7.749471348809182647e-01,-1.299149685939871013e-02,-7.749471348809182647e-01,-1.299149685939871013e-02,-7.749471348809182647e-01,-1.299149685939871186e-02,-7.749471348809164883e-01
2.116322928355473039e+02,5.394214359408563910e-18,7.590730924394759900e-18,-2.918318214091764703e-17,1.182229287629588561e-16,-1.000000007359447274e+00,1.325826756194692368e-08,2.532965419983941591e-11,1.360898681098275035e-11,2.532961539895416808e-11,1.360914629034605939e-11,2.532960319829159583e-11,1.360919643681411922e-11,6.756864854345272058e-09,-8.093273582993748549e-09,6.756864854345272058e-09,-8.093273582993748549e-09,6.756864854338495794e-09,-8.093273583210588984e-09,6.756864854335107662e-09,-8.093273582993748549e-09,6.843415575683603737e-10,1.676005830445923783e-10,1.975855264694216370e-08,4.874804569933550150e-09,1.110465450537655219e+00,9.450073863604663282e-01,1.762875557003926608e-03,-2.130068535762115380e-03,1.762902214871502971e-03,-2.130062052000171804e-03,1.762910597238729086e-03,-2.130060013185552503e-03,-1.367313306933829777e-02,-7.975722072006968810e-01,-1.367313306933829777e-02,-7.975722072006968810e-01,-1.367313306933827001e-02,-7.975722072006968810e-01,-1.367313306933824225e-02,-7.975722072006914409e-01
2.178136364999672026e+02,5.623361423884928219e-18,8.278522933280351593e-18,-3.275753674580974205e-17,1.289185200921586779e-16,-1.000000007796946422e+00,1.364816836803284250e-08,2.684777913360006721e-11,1.483918113359063460e-11,2.684773911468144123e-11,1.483934092445030999e-11,2.684772508950990060e-11,1.483939694488010079e-11,7.158128554624737776e-09,-8.335980316177132865e-09,7.158128554624737776e-09,-8.335980316177132865e-09,7.158128554624737776e-09,-8.335980316177132865e-09,7.158128554624737776e-09,-8.335980316393973300e-09,7.250744770070281687e-10,1.828705886733808932e-10,2.093464434948158289e-08,5.316744132553549129e-09,1.110797008550963971e+00,9.727130325280225476e-01,1.867553245602474651e-03,-2.194397313630956983e-03,1.867579197522085998e-03,-2.194390816751198847e-03,1.867588296027046730e-03,-2.194388538965589414e-03,-1.439515239261264339e-02,-8.208572511848974962e-01,-1.439515239261264339e-02,-8.208572511848974962e-01,-1.439515239261264339e-02,-8.208572511848974962e-01,-1.439515239261269890e-02,-8.208572511848939435e-01
2.241755244895736041e+02,5.855039269255824824e-18,9.028637908991167893e-18,-3.676882871990773501e-17,1.405837298424113549e-16,-1.000000008260357287e+00,1.404970105534086855e-08,2.845794742942860025e-11,1.618035852600074181e-11,2.845789809822975216e-11,1.618054990600127299e-11,2.845789016491916817e-11,1.618058070930731196e-11,7.583163652921534950e-09,-8.586345852422752611e-09,7.583163652921534950e-09,-8.586345852422752611e-09,7.583163652924923082e-09,-8.586345851989071742e-09,7.583163652918146818e-09,-8.586345852422752611e-09,7.682426502816716903e-10,1.995221662161249971e-10,2.218105464396720002e-08,5.798605153294825197e-09,1.111148890316277171e+00,1.001222082434166882e+00,1.978426021047915723e-03,-2.260796911419375981e-03,1.978456221415366909e-03,-2.260789130047173145e-03,1.978461082291763616e-03,-2.260787877569268769e-03,-1.515994582889760266e-02,-8.448214655984378485e-01,-1.515994582889760266e-02,-8.448214655984378485e-01,-1.515994582867025500e-02,-8.448214655984396249e-01,-1.515994582912492082e-02,-8.448214655984414012e-01
2.307232301324852131e+02,6.088049713094860727e-18,9.846735361703521050e-18,-4.127041615237895807e-17,1.533067669204770529e-16,-1.000000008751246838e+00,1.446321837728775650e-08,3.016584912940401767e-11,1.764259182884764606e-11,3.016579824982894200e-11,1.764278363712921120e-11,3.016578845304587406e-11,1.764282057623604096e-11,8.033377695227723230e-09,-8.844645277674215156e-09,8.033377695227723230e-09,-8.844645277674215156e-09,8.033377695217558834e-09,-8.844645277891055590e-09,8.033377695217558834e-09,-8.844645278324736459e-09,8.139929815346661610e-10,2.176800140474887877e-10,2.350202602115621880e-08,6.323989041584264348e-09,1.111520905543210036e+00,1.030563159864429812e+00,2.095870850992782430e-03,-2.329342427440569355e-03,2.095900259894544187e-03,-2.329334628733927513e-03,2.095905923664978174e-03,-2.329333126786542474e-03,-1.597004713075763499e-02,-8.694846032925181989e-01,-1.597004713075763499e-02,-8.694846032925181989e-01,-1.597004713098500520e-02,-8.694846032925253043e-01,-1.597004713075754825e-02,-8.694846032925235280e-01
2.374621807798808391e+02,6.320959106805433048e-18,1.073899097703818901e-17,-4.632216943730387458e-17,1.671839120652991572e-16,-1.000000009271226897e+00,1.488909819567785231e-08,3.197756657213857937e-11,1.923676288149862428e-11,3.197751422211430727e-11,1.923695466066343185e-11,3.197750228403194866e-11,1.923699839170394917e-11,8.510261496379791521e-09,-9.111166329647119033e-09,8.510261496379791521e-09,-9.111166329647119033e-09,8.510261496379791521e-09,-9.111166329647119033e-09,8.510261496376403390e-09,-9.111166330080799902e-09,8.624813946898023213e-10,2.374800749614056799e-10,2.490206152854485646e-08,6.896821903890875578e-09,1.111914963438875859e+00,1.060757996579685614e+00,2.220271408785339136e-03,-2.400116559430240729e-03,2.220299978737147115e-03,-2.400108762287427814e-03,2.220306493558993170e-03,-2.400106984278777347e-03,-1.682813862886277725e-02,-8.948669861240646783e-01,-1.682813862886277725e-02,-8.948669861240646783e-01,-1.682813862886277725e-02,-8.948669861240646783e-01,-1.682813862886269399e-02,-8.948669861240646783e-01
2.443979623046959375e+02,6.552064329934941284e-18,1.171214403798565975e-17,-5.199126544461231242e-17,1.823202638471808835e-16,-1.000000009822020974e+00,1.532772725583442242e-08,3.389956880066628472e-11,2.097476760757666960e-11,3.389951508183676986e-11,2.097495884421687445e-11,3.389950068566479832e-11,2.097501008526326036e-11,9.015394041624871443e-09,-9.386210202957587234e-09,9.015394041624871443e-09,-9.386210202957587234e-09,9.015394041618095180e-09,-9.386210203174427669e-09,9.015394041618095180e-09,-9.386210203174427669e-09,9.138734068238184159e-10,2.590705475226922262e-10,2.638594134203889532e-08,7.521383749239449500e-09,1.112332369352609929e+00,1.091831578734904662e+00,2.352039330277042040e-03,-2.473204823141823046e-03,2.352067010913543726e-03,-2.473197048730423672e-03,2.352074427872148741e-03,-2.473194965586297724e-03,-1.773706176623062944e-02,-9.209895213126617630e-01,-1.773706176623062944e-02,-9.209895213126617630e-01,-1.773706176645794760e-02,-9.209895213126653157e-01,-1.773706176600311699e-02,-9.209895213126706448e-01
2.515363237317168625e+02,6.779354335162032833e-18,1.277354927313622578e-17,-5.835307882092598051e-17,1.988305545946217527e-16,-1.000000010405454942e+00,1.577950589637389101e-08,3.593874681595413730e-11,2.286957380092458157e-11,3.593869185537432176e-11,2.286976392064596635e-11,3.593867464535889945e-11,2.286982345806243326e-11,9.550447693101871138e-09,-9.670092388945270012e-09,9.550447693101871138e-09,-9.670092388945270012e-09,9.550447693098483007e-09,-9.670092388728429578e-09,9.550447693098483007e-09,-9.670092388945270012e-09,9.683447394543697573e-10,2.826129905440016898e-10,2.795874043486910295e-08,8.202340379035203898e-09,1.112774505892284438e+00,1.123809617079132961e+00,2.491610572574813089e-03,-2.548697072258737564e-03,2.491637310462493926e-03,-2.548689344259742057e-03,2.491645683745825814e-03,-2.548686924150356161e-03,-1.869982604417777527e-02,-9.478737176845744017e-01,-1.869982604417777527e-02,-9.478737176845744017e-01,-1.869982604395034609e-02,-9.478737176845779544e-01,-1.869982604417771976e-02,-9.478737176845813961e-01
2.588831820029105302e+02,7.000466643766261530e-18,1.393123352642793125e-17,-6.549218201699171562e-17,2.168400430577059063e-16,-1.000000011023447266e+00,1.624485364195432657e-08,3.810245414469812068e-11,2.493528099886999669e-11,3.810238721723682633e-11,2.493550599146721552e-11,3.810237767964584025e-11,2.493553805378185146e-11,1.011719370198630656e-08,-9.963143588354733682e-09,1.011719370198630656e-08,-9.963143588354733682e-09,1.011719370197953030e-08,-9.963143588788414551e-09,1.011719370197614216e-08,-9.963143588788414551e-09,1.026081971243236459e-09,3.082835268398694344e-10,2.962584744375394454e-08,8.944778147009035291e-09,1.113243515333808942e+00,1.156716420839728920e+00,2.639441841177082165e-03,-2.626689277986714137e-03,2.639472585529488956e-03,-2.626680134126287060e-03,2.639476966780829846e-03,-2.626678831070709992e-03,-1.971961851424227849e-02,-9.755417023070713789e-01,-1.971961851424227849e-02,-9.755417023070713789e-01,-1.971961851401474175e-02,-9.755417023070731553e-01,-1.971961851401468624e-02,-9.755417023070820370e-01
2.664446268819397119e+02,7.212638239857152982e-18,1.519395771572095033e-17,-7.350346678545677158e-17,2.364854915032857302e-16,-1.000000011678077172e+00,1.672419012999082355e-08,4.039849603287685737e-11,2.718737103880635093e-11,4.039842759092065333e-11,2.718759463888140447e-11,4.039841501925765018e-11,2.718763571690885187e-11,1.071750802890091545e-08,-1.026571071790875755e-08,1.071750802890091545e-08,-1.026571071790875755e-08,1.071750802890091545e-08,-1.026571071790875755e-08,1.071750802889752732e-08,-1.026571071834243842e-08,1.087283236299688957e-09,3.362741531978700607e-10,3.139298485459586965e-08,9.754241784981229210e-09,1.113739593167371256e+00,1.190583568296303296e+00,2.796032124212136614e-03,-2.707277939785646126e-03,2.796061811170290953e-03,-2.707268854420044786e-03,2.796067265041183181e-03,-2.707267185314595013e-03,-2.079981597709887678e-02,-1.004016238148530915e+00,-2.079981597709887678e-02,-1.004016238148530915e+00,-2.079981597709887678e-02,-1.004016238148530915e+00,-2.079981597709882127e-02,-1.004016238148527584e+00
2.742269260019290300e+02,7.412650009524876433e-18,1.657128460667785400e-17,-8.249340326123663725e-17,2.579162347154649176e-16,-1.000000012371499158e+00,1.721796513438206278e-08,4.283522738308910213e-11,2.964260617601119282e-11,4.283515764178435700e-11,2.964282761731690117e-11,4.283514155324055685e-11,2.964287871013252131e-11,1.135337753664129737e-08,-1.057815793466254650e-08,1.135337753664129737e-08,-1.057815793466254650e-08,1.135337753664468550e-08,-1.057815793444570607e-08,1.135337753665146177e-08,-1.057815793444570607e-08,1.152158968274567461e-09,3.667941724616257559e-10,3.326623051470945894e-08,1.063677575501727066e-08,1.114265059933793101e+00,1.225436862706110519e+00,2.961894272789769578e-03,-2.790569219887948250e-03,2.961922838681671933e-03,-2.790560224484222532e-03,2.961929429765641775e-03,-2.790558148964095240e-03,-2.194399355345278552e-02,-1.033320740948501681e+00,-2.194399355345278552e-02,-1.033320740948501681e+00,-2.194399355299798265e-02,-1.033320740948505234e+00,-2.194399355299803817e-02,-1.033320740948503458e+00
2.822365300606658138e+02,7.596764149763503496e-18,1.807365292216882240e-17,-9.258145162116295350e-17,2.812953507748397945e-16,-1.000000013106011609e+00,1.772663986952804915e-08,4.542154848211955604e-11,3.231929728455871202e-11,4.542147770404648347e-11,3.231951571063888638e-11,4.542145754805047061e-11,3.231957791557386243e-11,1.202690651478939120e-08,-1.090086780499051333e-08,1.202690651478939120e-08,-1.090086780499051333e-08,1.202690651477583868e-08,-1.090086780477367290e-08,1.202690651478261494e-08,-1.090086780477367290e-08,1.220932698136864668e-09,4.000717501743259198e-10,3.525204069580792312e-08,1.159896919501090177e-08,1.114821655654842925e+00,1.261305128902525885e+00,3.137576713436994805e-03,-2.876673492147719009e-03,3.137604090664645063e-03,-2.876664621829364606e-03,3.137611887505422671e-03,-2.876662095644016894e-03,-2.315593815148523846e-02,-1.063479297719551742e+00,-2.315593815148523846e-02,-1.063479297719551742e+00,-2.315593815148507192e-02,-1.063479297719555294e+00,-2.315593815148518295e-02,-1.063479297719553296e+00
2.904800781675420467e+02,7.760653394445433719e-18,1.971245840556777823e-17,-1.039016462770282201e-16,3.068009428475598911e-16,-1.000000013884048800e+00,1.825069258394595995e-08,4.816695561285153082e-11,3.523740442225931416e-11,4.816688411988265077e-11,3.523761887850782298e-11,4.816685927810037370e-11,3.523769339877245652e-11,1.274032360261878518e-08,-1.123424253775782977e-08,1.274032360261878518e-08,-1.123424253775782977e-08,1.274032360262556144e-08,-1.123424253754098934e-08,1.274032360261878518e-08,-1.123424253797467021e-08,1.293841906356804773e-09,4.363556130867663350e-10,3.735727473436783391e-08,1.264800496883836108e-08,1.115411223271712826e+00,1.298218027199633973e+00,3.323660242308960639e-03,-2.965707185766863416e-03,3.323686359165092807e-03,-2.965698479546976032e-03,3.323695434489691396e-03,-2.965695454272448180e-03,-2.443966050001511459e-02,-1.094516685081745377e+00,-2.443966050001511459e-02,-1.094516685081745377e+00,-2.443966050001517010e-02,-1.094516685081741825e+00,-2.443966049978768540e-02,-1.094516685081743601e+00
2.989644033466695987e+02,7.899321275402814177e-18,2.150014252941073458e-17,-1.166043731127137507e-16,3.346275430970238614e-16,-1.000000014708173790e+00,1.879062510451445789e-08,5.108159927761767721e-11,3.841864278961088289e-11,5.108151290058584801e-11,3.841889462372928814e-11,5.108149721014753307e-11,3.841894036964942874e-11,1.349598911665477081e-08,-1.157870531441965167e-08,1.349598911665477081e-08,-1.157870531441965167e-08,1.349598911664799455e-08,-1.157870531485333254e-08,1.349598911665477081e-08,-1.157870531528701341e-08,1.371138934859073026e-09,4.759169006902856238e-10,3.958922139980328233e-08,1.379171312695486136e-08,1.116036393225039003e+00,1.336204216748716700e+00,3.520754909878472550e-03,-3.057794936018221662e-03,3.520784708326662408e-03,-3.057784716375649796e-03,3.520790121278874300e-03,-3.057782859966428138e-03,-2.579940791576732645e-02,-1.126458388010170619e+00,-2.579940791576732645e-02,-1.126458388010170619e+00,-2.579940791576715992e-02,-1.126458388010174172e+00,-2.579940791553967522e-02,-1.126458388010176170e+00
3.076965382007300605e+02,8.007012166535924336e-18,2.345028956996821872e-17,-1.308583627503590297e-16,3.649876511170342102e-16,-1.000000015581148372e+00,1.934694094686550958e-08,5.417627420829340505e-11,4.188681272335299745e-11,5.417618709264884584e-11,4.188705961079899074e-11,5.417616607606735857e-11,4.188711917225001753e-11,1.429640279418517221e-08,-1.193470175638033925e-08,1.429640279418517221e-08,-1.193470175638033925e-08,1.429640279419194847e-08,-1.193470175638033925e-08,1.429640279419194847e-08,-1.193470175659717969e-08,1.453091964917641721e-09,5.190511806470748196e-10,4.195562717245155263e-08,1.503862910339618432e-08,1.116697875987295419e+00,1.375298875523357500e+00,3.729522100565440396e-03,-3.153063225245079752e-03,3.729550484562165879e-03,-3.153053210596513597e-03,3.729557332279162616e-03,-3.153050794565555402e-03,-2.723967996233820493e-02,-1.159330619727013012e+00,-2.723967996233820493e-02,-1.159330619727013012e+00,-2.723967996256568963e-02,-1.159330619727009459e+00,-2.723967996233803493e-02,-1.159330619727016343e+00
3.166837207402538752e+02,8.077109828172341857e-18,2.557773284987078406e-17,-1.468529278517754373e-16,3.981134190792469255e-16,-1.000000016505850686e+00,1.992018014082552746e-08,5.746255523207568876e-11,4.566772526302317621e-11,5.746246787926190432e-11,4.566796593282382018e-11,5.746244068611616566e-11,4.566804085606437837e-11,1.514421201584962217e-08,-1.230270144461122206e-08,1.514421201584962217e-08,-1.230270144461122206e-08,1.514421201585639844e-08,-1.230270144461122206e-08,1.514421201584962217e-08,-1.230270144482806249e-08,1.539986061621548624e-09,5.660806501459936287e-10,4.446472644981326011e-08,1.639805728128559688e-08,1.117398539540525260e+00,1.415532402649775756e+00,3.950646566484456064e-03,-3.251651053512854238e-03,3.950673450415976250e-03,-3.251641295640751890e-03,3.950681819721673510e-03,-3.251638257944901821e-03,-2.876524068336169804e-02,-1.193160340633343086e+00,-2.876524068336169804e-02,-1.193160340633343086e+00,-2.876524068336164253e-02,-1.193160340633343086e+00,-2.876524068336169804e-02,-1.193160340633332428e+00
3.259334003831608584e+02,8.102023125279852438e-18,2.789867107290345068e-17,-1.648004719160466511e-16,4.342584995662065261e-16,-1.000000017485329185e+00,2.051090403944189067e-08,6.095281446794596249e-11,4.978951370121570072e-11,6.095271016430883759e-11,4.978979306178730937e-11,6.095269311184154347e-11,4.978983872258063877e-11,1.604222048410197058e-08,-1.268319962943742496e-08,1.604222048410197058e-08,-1.268319962943742496e-08,1.604222048410197058e-08,-1.268319962943742496e-08,1.604222048408841805e-08,-1.268319962943742496e-08,1.632124296073654740e-09,6.173565306867111546e-10,4.712527400115958292e-08,1.788014014271880831e-08,1.118141381744056417e+00,1.456936339993803564e+00,4.184853715689899369e-03,-3.353705633155104095e-03,4.184884035953341692e-03,-3.353694312579520373e-03,4.184888991761722549e-03,-3.353692462270032280e-03,-3.038113551989532132e-02,-1.227975278924134495e+00,-3.038113551989532132e-02,-1.227975278924134495e+00,-3.038113551989532132e-02,-1.227975278924134495e+00,-3.038113551989526928e-02,-1.227975278924131164e+00
3.354532441295349372e+02,8.073057292636859846e-18,3.043079569649144465e-17,-1.849393036953237851e-16,4.737000717526798916e-16,-1.000000018522860801e+00,2.111967710785589425e-08,6.466022721185503766e-11,5.428298546711416827e-11,6.466012292177043992e-11,5.428325701804200324e-11,6.466009864919430340e-11,5.428332021135854962e-11,1.699339741071916520e-08,-1.307671907411524226e-08,1.699339741071916520e-08,-1.307671907411524226e-08,1.699339741071916520e-08,-1.307671907411524226e-08,1.699339741070561268e-08,-1.307671907454892313e-08,1.729828949067092355e-09,6.732616777503894188e-10,4.994657978339530102e-08,1.949593362761229802e-08,1.118927501210917885e+00,1.499548363359552106e+00,4.432927085264974469e-03,-3.459377207030791407e-03,4.432955721388127761e-03,-3.459366209178915252e-03,4.432962385469104913e-03,-3.459363649853214664e-03,-3.209270914243850942e-02,-1.263803951724968400e+00,-3.209270914243850942e-02,-1.263803951724968400e+00,-3.209270914243850942e-02,-1.263803951724968400e+00,-3.209270914221096921e-02,-1.263803951724971952e+00
3.452511429167511778e+02,7.980268795331038402e-18,3.319343046269081025e-17,-2.075367955707369218e-16,5.167410628468510933e-16,-1.000000019621867908e+00,2.174710502476917551e-08,6.859893799245021448e-11,5.918157637591267008e-11,6.859883448502406000e-11,5.918183842270732038e-11,6.859880181326921851e-11,5.918192114775659750e-11,1.800088726026190158e-08,-1.348381199121721774e-08,1.800088726026190158e-08,-1.348381199121721774e-08,1.800088726026190158e-08,-1.348381199143405818e-08,1.800088726026867784e-08,-1.348381199013301557e-08,1.833442799187488083e-09,7.342134296592576998e-10,5.293854620151887503e-08,2.125748939318266875e-08,1.119760177932410450e+00,1.543401917904601461e+00,4.695680713494420483e-03,-3.568830777985234227e-03,4.695707563131516597e-03,-3.568820171603623564e-03,4.695716039272239059e-03,-3.568816823355901516e-03,-3.390562042737017140e-02,-1.300675685281172278e+00,-3.390562042737017140e-02,-1.300675685281172278e+00,-3.390562042737017140e-02,-1.300675685281168725e+00,-3.390562042691564609e-02,-1.300675685281165173e+00
3.553352181602233486e+02,7.812302046214471858e-18,3.620768425252221858e-17,-2.328929254202246163e-16,5.637125861530742098e-16,-1.000000020785975607e+00,2.239381823899988522e-08,7.278408616841094796e-11,6.452172959008584347e-11,7.278396376198567434e-11,6.452203086297628111e-11,7.278394189159497624e-11,6.452208470504908980e-11,1.906802003982408997e-08,-1.390506219152085055e-08,1.906802003982408997e-08,-1.390506219152085055e-08,1.906802003981731370e-08,-1.390506219108716968e-08,1.906802003980376118e-08,-1.390506219152085055e-08,1.943330508967863208e-09,8.006667073093743169e-10,5.611170820947376184e-08,2.317794432279884264e-08,1.120642845962586120e+00,1.588531656988845464e+00,4.973976867510657672e-03,-3.682241512114446495e-03,4.974006860198861360e-03,-3.682229326399520230e-03,4.974012220412188379e-03,-3.682227148649198575e-03,-3.582586227741828971e-02,-1.338620636943378406e+00,-3.582586227741828971e-02,-1.338620636943378406e+00,-3.582586227741845625e-02,-1.338620636943381959e+00,-3.582586227741834523e-02,-1.338620636943378184e+00
3.657138284851927779e+02,7.556205537547532208e-18,3.949661861912557796e-17,-2.613442496978785466e-16,6.149766170577004853e-16,-1.000000022019072787e+00,2.306045224914621272e-08,7.723181857295668452e-11,7.034332217565198841e-11,7.723169767763818881e-11,7.034361150326028740e-11,7.723166573433168196e-11,7.034368795984223836e-11,2.019832219025025381e-08,-1.434108743564310728e-08,2.019832219025025381e-08,-1.434108743564310728e-08,2.019832219025025381e-08,-1.434108743564310728e-08,2.019832219024347755e-08,-1.434108743564310728e-08,2.059880114422662591e-09,8.731173920858072954e-10,5.947727640350752298e-08,2.527161806645455576e-08,1.121577065037062892e+00,1.634978028181927057e+00,5.268743989419026955e-03,-3.799789196247842227e-03,5.268771975438855774e-03,-3.799777502189571020e-03,5.268779371005468011e-03,-3.799774412010630160e-03,-3.785978253128838983e-02,-1.377669817677789732e+00,-3.785978253128838983e-02,-1.377669817677789732e+00,-3.785978253083353146e-02,-1.377669817677786179e+00,-3.785978253083342043e-02,-1.377669817677782405e+00
3.763955766551392799e+02,7.197224790582974278e-18,4.308543139843000727e-17,-2.932683618760528629e-16,6.709289295654893328e-16,-1.000000023325212872e+00,2.374769652885994065e-08,8.195951647463101293e-11,7.668960726422233024e-11,8.195937517937101555e-11,7.668993608580058614e-11,8.195935457275347474e-11,7.668998405708803742e-11,2.139552812883646106e-08,-1.479254187414583144e-08,2.139552812883646106e-08,-1.479254187414583144e-08,2.139552812881613227e-08,-1.479254187501319318e-08,2.139552812881613227e-08,-1.479254187501319318e-08,2.183504621297762073e-09,9.521060122474242296e-10,6.304718321070745021e-08,2.755411948932028085e-08,1.122567283433692831e+00,1.682776283803870676e+00,5.580944420797013562e-03,-3.921673314080666509e-03,5.580975324318050018e-03,-3.921660034335269426e-03,5.580979832809221559e-03,-3.921658097013368434e-03,-4.001410174879606318e-02,-1.417855113315838578e+00,-4.001410174879606318e-02,-1.417855113315838578e+00,-4.001410174879573012e-02,-1.417855113315842130e+00,-4.001410174879573012e-02,-1.417855113315842130e+00
3.873893167025566981e+02,6.718569517148199117e-18,4.700165808643552072e-17,-3.290888911672760927e-16,7.320023235649630488e-16,-1.000000024708754820e+00,2.445624062465123760e-08,8.698571792470919176e-11,8.360794638392293027e-11,8.698557929252078054e-11,8.360826011751505498e-11,8.698554640731363634e-11,8.360833453550046014e-11,2.266359243493603877e-08,-1.526011883870581620e-08,2.266359243493603877e-08,-1.526011883870581620e-08,2.266359243494281504e-08,-1.526011883913949707e-08,2.266359243494281504e-08,-1.526011883957317794e-08,2.314643729201289343e-09,1.038221751736336580e-09,6.683413278010145313e-08,3.004246242819396854e-08,1.123615415461538536e+00,1.731968880583478532e+00,5.911617879866425465e-03,-4.048097329733167486e-03,5.911646528530859271e-03,-4.048084670026387208e-03,5.911653324058729723e-03,-4.048081667205224478e-03,-4.229593860322575921e-02,-1.459209308785558878e+00,-4.229593860322575921e-02,-1.459209308785558878e+00,-4.229593860299838554e-02,-1.459209308785551773e+00,-4.229593860322587023e-02,-1.459209308785544890e+00
3.987041612680033609e+02,6.101151503557476992e-18,5.127539268270408882e-17,-3.692811122628326707e-16,7.986701683610988592e-16,-1.000000026174265644e+00,2.518682508563518940e-08,9.233037133175750304e-11,9.114979308624781543e-11,9.233023687035932410e-11,9.115008901287804824e-11,9.233018964657844878e-11,9.115019295991430234e-11,2.400670276899417605e-08,-1.574455371503372114e-08,2.400670276899417605e-08,-1.574455371503372114e-08,2.400670276899417605e-08,-1.574455371503372114e-08,2.400670276899417605e-08,-1.574455371546740201e-08,2.453765679660016034e-09,1.132106826639681616e-09,7.085165446698948043e-08,3.275519206925395588e-08,1.124725606094579833e+00,1.782594888532636590e+00,6.261849502287073800e-03,-4.179284447410477714e-03,6.261875757925141998e-03,-4.179272517090024813e-03,6.261884980570215850e-03,-4.179268326555843002e-03,-4.471283015182094672e-02,-1.501766110173437641e+00,-4.471283015182094672e-02,-1.501766110173437641e+00,-4.471283015182094672e-02,-1.501766110173437641e+00,-4.471283015182083570e-02,-1.501766110173441193e+00
4.103494891535115130e+02,5.323289880666698487e-18,5.593952999692577320e-17,-4.143782360154720103e-16,8.714502989650093013e-16,-1.000000027726583918e+00,2.594022275453911064e-08,9.801488390175343984e-11,9.937122558959884835e-11,9.801472795282345496e-11,9.937155940824797659e-11,9.801469144909156009e-11,9.937163756313098679e-11,2.542929352161650731e-08,-1.624662717032709924e-08,2.542929352161650731e-08,-1.624662717032709924e-08,2.542929352160295479e-08,-1.624662716989341837e-08,2.542929352158940226e-08,-1.624662717032709924e-08,2.601369251517099135e-09,1.234461248247524484e-09,7.511416058612582702e-08,3.571252248727706739e-08,1.125902205144168500e+00,1.834694713577165404e+00,6.632788482425044062e-03,-4.315472540564965070e-03,6.632817259458426151e-03,-4.315459095857403400e-03,6.632823996857405147e-03,-4.315455948232016503e-03,-4.727275771840489665e-02,-1.545560168929535072e+00,-4.727275771840489665e-02,-1.545560168929535072e+00,-4.727275771840489665e-02,-1.545560168929527967e+00,-4.727275771840456359e-02,-1.545560168929531519e+00
4.223349530966161183e+02,4.360379624780545339e-18,6.103003162222078577e-17,-4.649784657230109330e-16,9.509093003822208892e-16,-1.000000029370866628e+00,2.671722443628454791e-08,1.040621836544499725e-10,1.083334826430331049e-10,1.040620050185895283e-10,1.083338545811294749e-10,1.040619797837839637e-10,1.083339071077601165e-10,2.693606025707328492e-08,-1.676716862575311495e-08,2.693606025707328492e-08,-1.676716862575311495e-08,2.693606025708683745e-08,-1.676716862531943408e-08,2.693606025705973239e-08,-1.676716862575311495e-08,2.757985911217792757e-09,1.346048013506189225e-09,7.963700865516652771e-08,3.893648652345407425e-08,1.127148420433355946e+00,1.888312761600043688e+00,7.025661936188039303e-03,-4.456910443133064656e-03,7.025693089283798626e-03,-4.456895478936951510e-03,7.025697488907106658e-03,-4.456893365663409240e-03,-4.998417378515714743e-02,-1.590627106371977462e+00,-4.998417378515714743e-02,-1.590627106371977462e+00,-4.998417378515714743e-02,-1.590627106371984567e+00,-4.998417378515703641e-02,-1.590627106371977240e+00
4.346704877714469148e+02,3.184518777077216061e-18,6.658621794120482989e-17,-5.217529125407842232e-16,1.037667219735083020e-15,-1.000000031112575849e+00,2.751865523301089134e-08,1.104968950268580413e-10,1.181033092635126031e-10,1.104967233095627104e-10,1.181036570366060209e-10,1.104966790808903365e-10,1.181037466255867861e-10,2.853197499558301001e-08,-1.730705999000714534e-08,2.853197499558301001e-08,-1.730705999000714534e-08,2.853197499556945748e-08,-1.730705999087450708e-08,2.853197499559656253e-08,-1.730705999000714534e-08,2.924182129342513737e-09,1.467698762252850248e-09,8.443656845800149927e-08,4.245109915255276053e-08,1.128467688958153747e+00,1.943494522835824245e+00,7.441768757268095967e-03,-4.603863495129935889e-03,7.441797059541648517e-03,-4.603849518775477573e-03,7.441804350482969684e-03,-4.603845918453557638e-03,-5.285602867704438518e-02,-1.637003537824983646e+00,-5.285602867704438518e-02,-1.637003537824983646e+00,-5.285602867704394109e-02,-1.637003537824990751e+00,-5.285602867704428109e-02,-1.637003537824990751e+00
4.473663180235162713e+02,1.764089282757711753e-18,7.265108880064813245e-17,-5.854544740425209248e-16,1.132402751521985946e-15,-1.000000032957447660e+00,2.834540235169269451e-08,1.173455780855152571e-10,1.287532576367355188e-10,1.173453832272798071e-10,1.287536415158788627e-10,1.173453493188568626e-10,1.287537083175557644e-10,3.022230237560230917e-08,-1.786723970251952176e-08,3.022230237560230917e-08,-1.786723970251952176e-08,3.022230237560230917e-08,-1.786723970208584089e-08,3.022230237557520412e-08,-1.786723970295320263e-08,3.100561879450423261e-09,1.600319941760744358e-09,8.953029439483807157e-08,4.628253549104234278e-08,1.129865728859096752e+00,2.000282872962343195e+00,7.882468555737315655e-03,-4.756622586026373542e-03,7.882498909738914344e-03,-4.756607177128321061e-03,7.882504191895971582e-03,-4.756604495790356033e-03,-5.589779840022941759e-02,-1.684727096850018535e+00,-5.589779840022941759e-02,-1.684727096850018535e+00,-5.589779840022941759e-02,-1.684727096850025641e+00,-5.589779840022919555e-02,-1.684727096850022088e+00
4.604329673450277483e+02,6.328604093395787826e-20,7.927167594534635399e-17,-6.569277901807373133e-16,1.235858949455394611e-15,-1.000000034911622260e+00,2.919835915930757420e-08,1.246366711078164720e-10,1.403626585353894365e-10,1.246364867595658316e-10,1.403630118734893178e-10,1.246364287954071851e-10,1.403631229720247455e-10,3.201261674010678383e-08,-1.844870721988411955e-08,3.201261674010678383e-08,-1.844870721988411955e-08,3.201261674010678383e-08,-1.844870721988411955e-08,3.201261674009323131e-08,-1.844870721988411955e-08,3.287769344269218591e-09,1.744899516678294096e-09,9.493680384223685987e-08,5.045932455648750355e-08,1.131345797575517009e+00,2.058727136489104215e+00,8.349221567458398399e-03,-4.915488159916142803e-03,8.349248713543458780e-03,-4.915473994912183085e-03,8.349257249058902527e-03,-4.915469541200877951e-03,-5.911951846327462290e-02,-1.733836461910838400e+00,-5.911951846327462290e-02,-1.733836461910838400e+00,-5.911951846327384574e-02,-1.733836461910859716e+00,-5.911951846327373472e-02,-1.733836461910856164e+00
4.738812665977313827e+02,-1.958412752688345377e-18,8.649943027920334420e-17,-7.371204131104449833e-16,1.348849514247809990e-15,-1.000000036981539164e+00,3.007849538536055967e-08,1.324009151826895797e-10,1.530176997827778691e-10,1.324007080797458442e-10,1.530180860137081910e-10,1.324006585249302981e-10,1.530181784313554836e-10,3.390882021455092921e-08,-1.905252771782633969e-08,3.390882021455092921e-08,-1.905252771782633969e-08,3.390882021453737669e-08,-1.905252771869370143e-08,3.390882021455092921e-08,-1.905252771826002056e-08,3.486491829094741920e-09,1.902514287975244007e-09,1.006759615272143616e-07,5.501256061957880913e-08,1.132914142699009252e+00,2.118872989364574355e+00,8.843552707354492004e-03,-5.080792111039080482e-03,8.843581538369581219e-03,-5.080776648453890799e-03,8.843588437113258233e-03,-5.080772948680853385e-03,-6.253181302375761252e-02,-1.784371380248557237e+00,-6.253181302375761252e-02,-1.784371380248557237e+00,-6.253181302375772355e-02,-1.784371380248550132e+00,-6.253181302375772355e-02,-1.784371380248553685e+00
4.877223629905553821e+02,-4.346840461761248094e-18,9.439064783093486402e-17,-8.270953311818386924e-16,1.472265727672973668e-15,-1.000000039174067323e+00,3.098679934518400181e-08,1.406713117640804624e-10,1.668125147583436314e-10,1.406710813914475999e-10,1.668129327801145298e-10,1.406710398868331845e-10,1.668130080919314525e-10,3.591716181465748683e-08,-1.967983737733922101e-08,3.591716181465748683e-08,-1.967983737733922101e-08,3.591716181468459189e-08,-1.967983737733922101e-08,3.591716181468459189e-08,-1.967983737733922101e-08,3.697462924739784562e-09,2.074337856955857136e-09,1.067689711359519995e-07,5.997613317826922742e-08,1.134575261459084050e+00,2.180771200650891917e+00,9.367092047999920484e-03,-5.252881391649353617e-03,9.367122366433684039e-03,-5.252864680597834485e-03,9.367127828765829667e-03,-5.252861669959141278e-03,-6.614593236261348541e-02,-1.836372695238480013e+00,-6.614593236261348541e-02,-1.836372695238480013e+00,-6.614593236261370746e-02,-1.836372695238472907e+00,-6.614593236261337439e-02,-1.836372695238476460e+00
5.019677293194561685e+02,-7.153810613567563558e-18,1.030069382824153502e-16,-9.280450173363802621e-16,1.607084095524088545e-15,-1.000000041496479808e+00,3.192430570245208266e-08,1.494834194306401270e-10,1.818496897886154545e-10,1.494832065475435595e-10,1.818500656772734905e-10,1.494831314326617970e-10,1.818501983006101739e-10,3.804425765320832917e-08,-2.033184898697290577e-08,3.804425765320832917e-08,-2.033184898697290577e-08,3.804425765319477664e-08,-2.033184898653922490e-08,3.804425765323543422e-08,-2.033184898740658664e-08,3.921465923061081249e-09,2.261649306775760369e-09,1.132384742539037608e-07,6.538697765745724377e-08,1.136333955969540010e+00,2.244473828531761583e+00,9.921564806114658436e-03,-5.432127357203398940e-03,9.921591294931135507e-03,-5.432112353417681630e-03,9.921600640855801623e-03,-5.432107059971139421e-03,-6.997378803398332514e-02,-1.889882371907452452e+00,-6.997378803398332514e-02,-1.889882371907452452e+00,-6.997378803421069882e-02,-1.889882371907445346e+00,-6.997378803398375535e-02,-1.889882371907434688e+00
5.166291734771451729e+02,-1.043786804040937749e-17,1.124157405493843673e-16,-1.041307184108964319e-15,1.754374779162737819e-15,-1.000000043956433160e+00,3.289212819820863665e-08,1.588757088128583961e-10,1.982407961702962215e-10,1.588754748013719922e-10,1.982411983144345235e-10,1.588754037793534309e-10,1.982413203727292558e-10,4.029711229672661588e-08,-2.100985804992863692e-08,4.029711229672661588e-08,-2.100985804992863692e-08,4.029711229671306336e-08,-2.100985804992863692e-08,4.029711229665885325e-08,-2.100985805036231779e-08,4.159337516144820475e-09,2.465842659013456939e-09,1.201086575307428048e-07,7.128534848819942780e-08,1.138197390148013355e+00,2.310031019164224819e+00,1.050878149298923800e-02,-5.618936685579637054e-03,1.050880902760925779e-02,-5.618920660127117370e-03,1.050881738495102607e-02,-5.618915796276711602e-03,-7.402799009715776979e-02,-1.944943522574777539e+00,-7.402799009715776979e-02,-1.944943522574777539e+00,-7.402799009715776979e-02,-1.944943522574777539e+00,-7.402799009692972998e-02,-1.944943522574784867e+00
5.317188482405754257e+02,-1.426513241319357035e-17,1.226908906764800423e-16,-1.168382450057071541e-15,1.915310906247704011e-15,-1.000000046562085076e+00,3.389140590739914138e-08,1.688895720933854434e-10,2.161076408931836528e-10,1.688893174007425994e-10,2.161080669232275510e-10,1.688892490079143063e-10,2.161081813192622424e-10,4.268314134493571277e-08,-2.171524949570388663e-08,4.268314134493571277e-08,-2.171524949570388663e-08,4.268314134490860771e-08,-2.171524949570388663e-08,4.268314134494926530e-08,-2.171524949613756750e-08,4.411971815145998139e-09,2.688437168171510929e-09,1.274053691288008459e-07,7.771511638852007854e-08,1.140171030882535907e+00,2.377497828243383626e+00,1.113067433308514639e-02,-5.813736485914254917e-03,1.113070267529539005e-02,-5.813719538028521219e-03,1.113071028564326798e-02,-5.813714987459481578e-03,-7.832189043748684354e-02,-2.001600434844376331e+00,-7.832189043748684354e-02,-2.001600434844376331e+00,-7.832189043748662149e-02,-2.001600434844369225e+00,-7.832189043748684354e-02,-2.001600434844372778e+00
5.472492613443002938e+02,-1.871024589314577043e-17,1.339132472455588785e-16,-1.310954153680039057e-15,2.091178850047048850e-15,-1.000000049322057993e+00,3.492334447845191203e-08,1.795697528864169217e-10,2.355828790043335897e-10,1.795694783325455304e-10,2.355833260513824916e-10,1.795694106580011766e-10,2.355834362097113479e-10,4.521019529029495811e-08,-2.244950487052116417e-08,4.521019529029495811e-08,-2.244950487052116417e-08,4.521019529029495811e-08,-2.244950487052116417e-08,4.521019529028140558e-08,-2.244950487052116417e-08,4.680324700648395939e-09,2.931088540635984605e-09,1.351562447894130887e-07,8.472409233614077776e-08,1.142261386491410846e+00,2.446929709601561864e+00,1.178928298341394912e-02,-6.016987993960767542e-03,1.178931187964398809e-02,-6.016970242793810188e-03,1.178931900013959269e-02,-6.016965868829302760e-03,-8.286962410439092930e-02,-2.059898597406092602e+00,-8.286962410439092930e-02,-2.059898597406092602e+00,-8.286962410439092930e-02,-2.059898597406092602e+00,-8.286962410439048521e-02,-2.059898597406096155e+00
5.632332858480544928e+02,-2.385743737398541155e-17,1.461713806562529086e-16,-1.470910571241513206e-15,2.283389591053016786e-15,-1.000000052245485493e+00,3.598921057175463734e-08,1.909646080860711442e-10,2.568110590550870109e-10,1.909643149787900764e-10,2.568115236839987989e-10,1.909642456169560916e-10,2.568116336212520560e-10,4.788658473236801633e-08,-2.321421019432431954e-08,4.788658473236801633e-08,-2.321421019432431954e-08,4.788658473236801633e-08,-2.321421019432431954e-08,4.788658473236801633e-08,-2.321421019432431954e-08,4.965418551050490794e-09,3.195601149619881104e-09,1.433908448712890657e-07,9.236438031374289075e-08,1.144475348279272886e+00,2.518383704231267561e+00,1.248676609787966428e-02,-6.229186356683224027e-03,1.248679527811196940e-02,-6.229167943450963918e-03,1.248680218256418423e-02,-6.229163586844324238e-03,-8.768615524056401489e-02,-2.119884727112777423e+00,-8.768615524056401489e-02,-2.119884727112777423e+00,-8.768615524056401489e-02,-2.119884727112777423e+00,-8.768615524079161061e-02,-2.119884727112770317e+00
5.796841708071503945e+02,-2.980171724415416354e-17,1.595623333631137666e-16,-1.650369830625550196e-15,2.493491279760123158e-15,-1.000000055342039396e+00,3.709033595360178293e-08,2.031264386835769653e-10,2.799496847065210676e-10,2.031261288592536504e-10,2.799501628498435291e-10,2.031260547404826339e-10,2.799502772382549240e-10,5.072110701885221284e-08,-2.401106449258227915e-08,5.072110701885221284e-08,-2.401106449258227915e-08,5.072110701885221284e-08,-2.401106449258227915e-08,5.072110701887931790e-08,-2.401106449258227915e-08,5.268347379406568864e-09,3.483941338377919126e-09,1.521408032488951381e-07,1.006927614803854918e-07,1.146820212897567304e+00,2.591918483884355418e+00,1.322540815072715398e-02,-6.450863448939287911e-03,1.322543732732773918e-02,-6.450844539410510899e-03,1.322544430739111716e-02,-6.450840015824767931e-03,-9.278732518696293508e-02,-2.181606795876251947e+00,-9.278732518696293508e-02,-2.181606795876251947e+00,-9.278732518696293508e-02,-2.181606795876251947e+00,-9.278732518673513119e-02,-2.181606795876259053e+00
5.966155522545351459e+02,-3.665021909315653890e-17,1.741924584655015818e-16,-1.851707847494186352e-15,2.723183136525772593e-15,-1.000000058621962840e+00,3.822812191973945506e-08,2.161118543099254871e-10,3.051703703614864951e-10,2.161115303232112941e-10,3.051708572411067745e-10,2.161114476663481693e-10,3.051709814864405766e-10,5.372307438906813448e-08,-2.484188904930406672e-08,5.372307438906813448e-08,-2.484188904930406672e-08,5.372307438906813448e-08,-2.484188904930406672e-08,5.372307438901392437e-08,-2.484188904930406672e-08,5.590282419353543751e-09,3.798251907198108708e-09,1.614399892560624620e-07,1.097711125220368411e-07,1.149303706045429863e+00,2.667594395647788996e+00,1.400762663661577791e-02,-6.682590934597889068e-03,1.400765550303403190e-02,-6.682571721815377432e-03,1.400766286949981822e-02,-6.682566819136761052e-03,-9.818990329231226666e-02,-2.245114057552678233e+00,-9.818990329231226666e-02,-2.245114057552678233e+00,-9.818990329231226666e-02,-2.245114057552685338e+00,-9.818990329208444889e-02,-2.245114057552692444e+00
6.140414645036108823e+02,-4.452370578450432736e-17,1.901783454260880009e-16,-2.077589648672068595e-15,2.974330840444837286e-15,-1.000000062096105147e+00,3.940404405197717175e-08,2.299821754071134164e-10,3.326600990326747235e-10,2.299818406054825529e-10,3.326605890768100939e-10,2.299817447078003965e-10,3.326607294140758279e-10,5.690234370015400875e-08,-2.570863748187907083e-08,5.690234370015400875e-08,-2.570863748187907083e-08,5.690234370018111380e-08,-2.570863748187907083e-08,5.690234370018111380e-08,-2.570863748187907083e-08,5.932478204882113463e-09,4.140867887601076032e-09,1.713246839588185012e-07,1.196668611894421554e-07,1.151934007471605792e+00,2.745473507596301044e+00,1.483597966638719456e-02,-6.924983593364545872e-03,1.483600789578444663e-02,-6.924964300597342623e-03,1.483601597999064346e-02,-6.924958775957185814e-03,-1.039116406095520195e-01,-2.310457074745793538e+00,-1.039116406095520195e-01,-2.310457074745793538e+00,-1.039116406095520195e-01,-2.310457074745793538e+00,-1.039116406095520195e-01,-2.310457074745797090e+00
6.319763517811869633e+02,-5.355826007717933503e-17,2.076478426825819805e-16,-2.331004492387031758e-15,3.248983577829656234e-15,-1.000000065775955571e+00,4.061965742582773764e-08,2.448038768362382003e-10,3.626225913875709655e-10,2.448035353667639760e-10,3.626230781384422370e-10,2.448034206581741271e-10,3.626232417106687472e-10,6.026934781951619191e-08,-2.661340666679917755e-08,6.026934781951619191e-08,-2.661340666679917755e-08,6.026934781954329697e-08,-2.661340666679917755e-08,6.026934781951619191e-08,-2.661340666679917755e-08,6.296279191776890255e-09,4.514333717660305667e-09,1.818337721758307576e-07,1.304534822950447482e-07,1.154719777457219099e+00,2.825619655460275048e+00,1.571317397818396480e-02,-7.178702936475073182e-03,1.571320122193580263e-02,-7.178683820538394114e-03,1.571321037727283626e-02,-7.178677396967739557e-03,-1.099713266069095030e-01,-2.377687745450491441e+00,-1.099713266069095030e-01,-2.377687745450491441e+00,-1.099713266069092810e-01,-2.377687745450491441e+00,-1.099713266069092810e-01,-2.377687745450498991e+00
6.504350802002068122e+02,-6.390718217795858106e-17,2.267411874407372146e-16,-2.615305243698999117e-15,3.549392940592232728e-15,-1.000000069673665282e+00,4.187661463601888290e-08,2.606491461603016938e-10,3.952796999655324296e-10,2.606487345429469096e-10,3.952802715967283125e-10,2.606486629991560527e-10,3.952803709536930254e-10,6.383512876688380785e-08,-2.755844860256526085e-08,6.383512876688380785e-08,-2.755844860256526085e-08,6.383512876688380785e-08,-2.755844860299894172e-08,6.383512876691091291e-08,-2.755844860343262259e-08,6.683126973968311933e-09,4.921421941765275090e-09,1.930089517709699037e-07,1.422110377356921378e-07,1.157670864574418035e+00,2.908097625162142652e+00,1.664206818310497507e-02,-7.444464878006857786e-03,1.664209926953658450e-02,-7.444442487333822502e-03,1.664210467276236796e-02,-7.444438595742249205e-03,-1.163888486279058693e-01,-2.446859329139599470e+00,-1.163888486279058693e-01,-2.446859329139599470e+00,-1.163888486279056472e-01,-2.446859329139606576e+00,-1.163888486279063134e-01,-2.446859329139592365e+00
6.694329500821735337e+02,-7.574311896893449448e-17,2.476122554764030429e-16,-2.934252517161392346e-15,3.878033895389084851e-15,-1.000000073802152611e+00,4.317662225493401618e-08,2.775961542746249386e-10,4.308734098450457792e-10,2.775957438092349627e-10,4.308739652225264372e-10,2.775956425583045797e-10,4.308741022504344463e-10,6.761137271929376982e-08,-2.854618338151565515e-08,6.761137271929376982e-08,-2.854618338151565515e-08,6.761137271929376982e-08,-2.854618338151565515e-08,6.761137271929376982e-08,-2.854618338281669776e-08,7.094568164313320389e-09,5.365153564803022122e-09,2.048949622508564344e-07,1.550267643041233879e-07,1.160795616210701597e+00,2.992976686162255984e+00,1.762570246053725073e-02,-7.723029148860991420e-03,1.762573180570350256e-02,-7.723007454804066418e-03,1.762573904605173672e-02,-7.723002102543046615e-03,-1.231852569124142621e-01,-2.518026474044229968e+00,-1.231852569124142621e-01,-2.518026474044229968e+00,-1.231852569124142621e-01,-2.518026474044229968e+00,-1.231852569121864444e-01,-2.518026474044222862e+00
6.889857086394881662e+02,-8.926045394556208155e-17,2.704299433446345041e-16,-3.292064166048441239e-15,4.237628051597953479e-15,-1.000000078175047102e+00,4.452152118153418492e-08,2.957300534691580454e-10,4.696670377814942971e-10,2.957296519213309383e-10,4.696675672168968796e-10,2.957295115171496014e-10,4.696677523918516765e-10,7.161044691898614013e-08,-2.957921313049768908e-08,7.161044691898614013e-08,-2.957921313049768908e-08,7.161044691898614013e-08,-2.957921313049768908e-08,7.161044691890482497e-08,-2.957921313353345516e-08,7.532262981231062135e-09,5.848820214635021753e-09,2.175398338776143877e-07,1.689957137169284528e-07,1.164104988443947386e+00,3.080325377974689971e+00,1.866727677350280695e-02,-8.015226065087031546e-03,1.866730395386305766e-02,-8.015205444617390720e-03,1.866731346052726004e-02,-8.015198232816513751e-03,-1.303828287253284424e-01,-2.591245240924656024e+00,-1.303828287253284424e-01,-2.591245240924656024e+00,-1.303828287253284424e-01,-2.591245240924648918e+00,-1.303828287253273321e-01,-2.591245240924656468e+00
7.091095630282131879e+02,-1.046779880379383763e-16,2.953796991937381389e-16,-3.693470756195451160e-15,4.631169516925492681e-15,-1.000000082806785429e+00,4.591325849546967763e-08,3.151434577707001861e-10,5.119474195460773595e-10,3.151429927157308256e-10,5.119480171032576919e-10,3.151428836992023821e-10,5.119481571931898053e-10,7.584543864995723500e-08,-3.066033728640893408e-08,7.584543864995723500e-08,-3.066033728640893408e-08,7.584543864995723500e-08,-3.066033728640893408e-08,7.584543864993012995e-08,-3.066033728640893408e-08,7.997994645732675142e-09,6.376008259178357664e-09,2.309951603306611051e-07,1.842214490975627701e-07,1.167610539821969606e+00,3.170214298907649830e+00,1.977017627295169638e-02,-8.321951004948967626e-03,1.977020607968104499e-02,-8.321927803314853669e-03,1.977021306752704821e-02,-8.321922364289522853e-03,-1.380051401715778614e-01,-2.666573128974121687e+00,-1.380051401715778614e-01,-2.666573128974121687e+00,-1.380051401715778614e-01,-2.666573128974121687e+00,-1.380051401715771953e-01,-2.666573128974121243e+00
7.298211937820797175e+02,-1.222419474010683965e-16,3.226652186729358313e-16,-4.143777748784363834e-15,5.061953639830061494e-15,-1.000000087712685781e+00,4.735386712091671502e-08,3.359370040581814362e-10,5.580272131388370940e-10,3.359364772985559341e-10,5.580278730249368501e-10,3.359363961324707964e-10,5.580279746841371137e-10,8.033019635705885252e-08,-3.179256919793455038e-08,8.033019635705885252e-08,-3.179256919793455038e-08,8.033019635705885252e-08,-3.179256919793455038e-08,8.033019635708595757e-08,-3.179256919706718865e-08,8.493679655819281235e-09,6.950625054801135866e-09,2.453163968731341401e-07,2.008168030200047122e-07,1.171323106786185120e+00,3.262717699147243966e+00,2.093799222064627458e-02,-8.644161534057715618e-03,2.093802420210333012e-02,-8.644135996044874024e-03,2.093802912909899921e-02,-8.644132061936199776e-03,-1.460771414829808434e-01,-2.744069100837403852e+00,-1.460771414829808434e-01,-2.744069100837403852e+00,-1.460771414829808434e-01,-2.744069100837403852e+00,-1.460771414829812875e-01,-2.744069100837396746e+00
7.511377686388752863e+02,-1.422293577172282953e-16,3.525103247067691835e-16,-4.648935199616146832e-15,5.533608979564491773e-15,-1.000000092908970739e+00,4.884549898408196977e-08,3.582202977715602532e-10,6.082469788305262933e-10,3.582198040394434305e-10,6.082475818586924321e-10,3.582196539587577042e-10,6.082477651888094699e-10,8.507937299559952503e-08,-3.297915409511409379e-08,8.507937299559952503e-08,-3.297915409511409379e-08,8.507937299554531492e-08,-3.297915409511409379e-08,8.507937299551820987e-08,-3.297915409511409379e-08,9.021379021765600373e-09,7.576927512838302030e-09,2.605631864445296290e-07,2.189047025005073660e-07,1.175254200156446549e+00,3.357911810117835572e+00,2.217452255173660292e-02,-8.982890817134514885e-03,2.217455094794525128e-02,-8.982867559786663486e-03,2.217455958073074121e-02,-8.982860489774060347e-03,-1.546252346306990488e-01,-2.823793605475698687e+00,-1.546252346306990488e-01,-2.823793605475698687e+00,-1.546252346306990488e-01,-2.823793605475691582e+00,-1.546252346306986047e-01,-2.823793605475691582e+00
7.730769567706712451e+02,-1.649518287605252921e-16,3.851610526429403524e-16,-5.215615877543779895e-15,6.050132895020944881e-15,-1.000000098412769489e+00,5.039047840799115718e-08,3.821130984733465616e-10,6.629773018043043451e-10,3.821125561418673572e-10,6.629779477533239871e-10,3.821124166321528126e-10,6.629781139259416454e-10,9.010847172265983376e-08,-3.422358860194485430e-08,9.010847172265983376e-08,-3.422358860194485430e-08,9.010847172265983376e-08,-3.422358860194485430e-08,9.010847172265983376e-08,-3.422358860194485430e-08,9.583310565571313798e-09,8.259553183004933112e-09,2.767997167096371283e-07,2.386190666819671389e-07,1.179418083415187057e+00,3.455872707953028922e+00,2.348376752163369718e-02,-9.339267389733689820e-03,2.348379707549678314e-02,-9.339242567857087077e-03,2.348380467831506085e-02,-9.339236182819257021e-03,-1.636773547687797037e-01,-2.905808599542452519e+00,-1.636773547687797037e-01,-2.905808599542452519e+00,-1.636773547687797037e-01,-2.905808599542452519e+00,-1.636773547690071051e-01,-2.905808599542459625e+00
7.956569434296861800e+02,-1.907597986800077287e-16,4.208879656600935554e-16,-5.851302810308531911e-15,6.615931207233490033e-15,-1.000000104242270593e+00,5.199122651150522856e-08,4.077457809191281299e-10,7.226221379223263588e-10,4.077451969542855020e-10,7.226228163313426055e-10,4.077450588269287274e-10,7.226229768085107264e-10,9.543389412096847310e-08,-3.552964208952680281e-08,9.543389412096847310e-08,-3.552964208952680281e-08,9.543389412096847310e-08,-3.552964208952680281e-08,9.543389412096847310e-08,-3.552964208952680281e-08,1.018186242193427610e-08,9.003554067797884457e-09,2.940951120242788462e-07,2.601057833989809138e-07,1.183827735439400231e+00,3.556680947641687407e+00,2.486997345159605230e-02,-9.714496667107828595e-03,2.487000360962691309e-02,-9.714470698111240046e-03,2.487001074348317575e-02,-9.714464555607838295e-03,-1.732630602542823139e-01,-2.990177570785289340e+00,-1.732630602542823139e-01,-2.990177570785289340e+00,-1.732630602542823139e-01,-2.990177570785289340e+00,-1.732630602542823139e-01,-2.990177570785289340e+00
8.188964450219247055e+02,-2.200472936615331842e-16,4.599887260005880551e-16,-6.564387394558334760e-15,7.235862406378656275e-15,-1.000000110416717325e+00,5.365032818352433175e-08,4.352607887422909119e-10,7.876212939771261301e-10,4.352601724546710169e-10,7.876219924743757539e-10,4.352600240138410764e-10,7.876221606900368809e-10,1.010729909519509327e-07,-3.690137970017992597e-08,1.010729909519509327e-07,-3.690137970017992597e-08,1.010729909519509327e-07,-3.690137970017992597e-08,1.010729909518967226e-07,-3.690137970017992597e-08,1.081960782025529672e-08,9.814433412195934655e-09,3.125238626835234298e-07,2.835237716739026501e-07,1.188497613087636573e+00,3.660418544856765877e+00,2.633762441460913567e-02,-1.010988549584182147e-02,2.633765458407574464e-02,-1.010985886660007056e-02,2.633766184964483198e-02,-1.010985245407192319e-02,-1.834136229092665493e-01,-3.076965556565539384e+00,-1.834136229092665493e-01,-3.076965556565539384e+00,-1.834136229092665493e-01,-3.076965556565539384e+00,-1.834136229092665493e-01,-3.076965556565546489e+00
8.428147246210862704e+02,-2.532572650457146835e-16,5.027909535580611263e-16,-7.364279331524537547e-15,7.915286983993522181e-15,-1.000000116956486051e+00,5.537052940110531729e-08,4.648137711586817350e-10,8.584537077724942742e-10,4.648131345693761601e-10,8.584544118144215707e-10,4.648129613138689969e-10,8.584546034217445691e-10,1.070441156488552252e-07,-3.834318748532211663e-08,1.070441156488552252e-07,-3.834318748532211663e-08,1.070441156488552252e-07,-3.834318748445475489e-08,1.070441156487468050e-07,-3.834318748618947836e-08,1.149932132002793103e-08,1.069818571785596792e-08,3.321662964222226305e-07,3.090461373461181969e-07,1.193443017479679513e+00,3.767169806863248205e+00,2.789146089303166931e-02,-1.052684627258728203e-02,2.789149043871926720e-02,-1.052681954699636463e-02,2.789149847965287365e-02,-1.052681227412185713e-02,-1.941621255099905130e-01,-3.166239162533717622e+00,-1.941621255099905130e-01,-3.166239162533717622e+00,-1.941621255099909571e-01,-3.166239162533703411e+00,-1.941621255099887366e-01,-3.166239162533710960e+00
8.674316079356032105e+02,-2.908875724480759157e-16,5.496554059862177130e-16,-8.261529806215696973e-15,8.660122517504720481e-15,-1.000000123883151737e+00,5.715474966222489073e-08,4.965749403470706702e-10,9.356408945853441229e-10,4.965742986891199390e-10,9.356415871940206973e-10,4.965740826889421256e-10,9.356418203432275609e-10,1.133666806445512987e-07,-3.985979966231179006e-08,1.133666806445512987e-07,-3.985979966231179006e-08,1.133666806445512987e-07,-3.985979966231179006e-08,1.133666806444970886e-07,-3.985979966404651353e-08,1.222399663778477299e-08,1.166134026142453002e-08,3.531090962359462881e-07,3.368614299159191283e-07,1.198680142604829690e+00,3.877021390377963783e+00,2.953649384799606967e-02,-1.096690597801193434e-02,2.953652208861487494e-02,-1.096687980541338932e-02,2.953653159509802423e-02,-1.096687099584156555e-02,-2.055435640263930386e-01,-3.258066579137939733e+00,-2.055435640263930386e-01,-3.258066579137939733e+00,-2.055435640263930386e-01,-3.258066579137939733e+00,-2.055435640263921504e-01,-3.258066579137925967e+00
8.927674997420434693e+02,-3.334976910952197881e-16,6.009795183274561651e-16,-9.267969493371483333e-15,9.476905224098239367e-15,-1.000000131219544119e+00,5.900611247527942638e-08,5.307307071036534984e-10,1.019750555360048570e-09,5.307299500594865604e-10,1.019751353204098512e-09,5.307297988945986617e-10,1.019751512451374793e-09,1.200612166533747936e-07,-4.145632823138178935e-08,1.200612166533747936e-07,-4.145632823138178935e-08,1.200612166534290037e-07,-4.145632823224915109e-08,1.200612166533205835e-07,-4.145632823224915109e-08,1.299686623573644665e-08,1.271100841671459197e-08,3.754458694419412802e-07,3.671750092506577851e-07,1.204226806300997987e+00,3.990061721889592850e+00,3.127801408076671952e-02,-1.143172111660335603e-02,3.127804568897879500e-02,-1.143169111133506867e-02,3.127805199783102036e-02,-1.143168512289742360e-02,-2.175949548633166197e-01,-3.352517595634310954e+00,-2.175949548633166197e-01,-3.352517595634310954e+00,-2.175949548633166197e-01,-3.352517595634325165e+00,-2.175949548633152875e-01,-3.352517595634318059e+00
9.188434007984986920e+02,-3.817162298496960703e-16,6.572013474171568489e-16,-1.039686316116393125e-14,1.037285881078751561e-14,-1.000000138989884046e+00,6.092789175612955965e-08,5.674848447872939822e-10,1.111401185629852452e-09,5.674841174231615160e-10,1.111401934149479809e-09,5.674838830728619332e-10,1.111402175365828462e-09,1.271494351033370523e-07,-4.313829526144535853e-08,1.271494351033370523e-07,-4.313829526144535853e-08,1.271494351033370523e-07,-4.313829526144535853e-08,1.271494351032828422e-07,-4.313829526144535853e-08,1.382142287931224030e-08,1.385493510497328263e-08,3.992777740495644351e-07,4.002105315221326308e-07,1.210099785887348123e+00,4.106383628154175014e+00,3.312162932558061768e-02,-1.192306803299752159e-02,3.312165813762017047e-02,-1.192304002435316118e-02,3.312166742255438084e-02,-1.192303099917299720e-02,-2.303554501085565698e-01,-3.449663613846784216e+00,-2.303554501085565698e-01,-3.449663613846784216e+00,-2.303554501085565698e-01,-3.449663613846784216e+00,-2.303554501085556816e-01,-3.449663613846791321e+00
9.456809252519777829e+02,-4.362493568975702535e-16,7.188039674826831626e-16,-1.166308285245759485e-14,1.135597150514268949e-14,-1.000000147219750168e+00,6.292364712959241935e-08,6.070612453749988507e-10,1.211265542216049618e-09,6.070604306241712822e-10,1.211266361208818186e-09,6.070602269567931808e-10,1.211266565970562856e-09,1.346542936839527013e-07,-4.491166771380256106e-08,1.346542936839527013e-07,-4.491166771380256106e-08,1.346542936838442811e-07,-4.491166771206783759e-08,1.346542936837900710e-07,-4.491166771293519933e-08,1.470144332173071574e-08,1.510155472465312273e-08,4.247142070319509401e-07,4.362115645364825268e-07,1.216319632825701547e+00,4.226079909389047984e+00,3.507324266723653439e-02,-1.244289022297907603e-02,3.507327329685220457e-02,-1.244285974027585853e-02,3.507328095473018215e-02,-1.244285211979122459e-02,-2.438664536610820055e-01,-3.549577654637542157e+00,-2.438664536610820055e-01,-3.549577654637542157e+00,-2.438664536613080469e-01,-3.549577654637563473e+00,-2.438664536613071587e-01,-3.549577654637570578e+00
9.733023185542347164e+02,-4.978902412396340192e-16,7.863203763454650446e-16,-1.308330185677618568e-14,1.243508236995901283e-14,-1.000000155936274782e+00,6.499712045318628562e-08,6.497050715622513378e-10,1.320076400001011585e-09,6.497041862840724491e-10,1.320077269561647105e-09,6.497039931876655294e-10,1.320077459215712127e-09,1.426000654117611822e-07,-4.678289560432202787e-08,1.426000654117611822e-07,-4.678289560432202787e-08,1.426000654117611822e-07,-4.678289560432202787e-08,1.426000654116527620e-07,-4.678289560779147482e-08,1.564101443138139496e-08,1.646005193975964199e-08,4.518735636985704021e-07,4.754433433846529919e-07,1.222905975729718486e+00,4.349247852946943382e+00,3.713910742931667702e-02,-1.299327489720837787e-02,3.713913902693328356e-02,-1.299324271340512524e-02,3.713914591849429292e-02,-1.299323569462391970e-02,-2.581717500731833814e-01,-3.652334367311197205e+00,-2.581717500731833814e-01,-3.652334367311197205e+00,-2.581717500731833814e-01,-3.652334367311197205e+00,-2.581717500731820492e-01,-3.652334367311190100e+00
1.001730475900880833e+03,-5.675296313103887238e-16,8.603389717314702895e-16,-1.467621194540561960e-14,1.361997802657154942e-14,-1.000000165168166255e+00,6.715232340678833900e-08,6.956855762578657842e-10,1.438631208437604961e-09,6.956846424616396768e-10,1.438632104930500071e-09,6.956844343761377225e-10,1.438632304650704638e-09,1.510124110834921811e-07,-4.875895317536793616e-08,1.510124110834921811e-07,-4.875895317536793616e-08,1.510124110834921811e-07,-4.875895317536793616e-08,1.510124110833837609e-07,-4.875895317623529790e-08,1.664456193785640923e-08,1.794042773636219420e-08,4.808840733057539661e-07,5.181946782764052064e-07,1.229880302553369553e+00,4.475986759072761778e+00,3.932582333460237639e-02,-1.357648728491251365e-02,3.932585498597387236e-02,-1.357645429985225062e-02,3.932586203730045749e-02,-1.357644695208913219e-02,-2.733176347792902194e-01,-3.758010030984451522e+00,-2.733176347792902194e-01,-3.758010030984451522e+00,-2.733176347792897753e-01,-3.758010030984437311e+00,-2.733176347792888872e-01,-3.758010030984423100e+00
1.030988961209065337e+03,-6.461677060205308396e-16,9.415096712057406128e-16,-1.646276663279153469e-14,1.492150117014649519e-14,-1.000000174945818276e+00,6.939354036186728969e-08,7.452985245019055904e-10,1.567797878696821582e-09,7.452975703497836946e-10,1.567798774241039791e-09,7.452973154267478889e-10,1.567799013534623654e-09,1.599184554267399361e-07,-5.084738374707548081e-08,1.599184554267399361e-07,-5.084738374707548081e-08,1.599184554267399361e-07,-5.084738374620811907e-08,1.599184554266315159e-07,-5.084738374707548081e-08,1.771688213880243991e-08,1.955357119090766700e-08,5.118847208740830214e-07,5.647800273322265954e-07,1.237265348216813887e+00,4.606398641800232951e+00,4.164036054239970280e-02,-1.419498034803708467e-02,4.164039126262823742e-02,-1.419494760225787321e-02,4.164039947112888052e-02,-1.419493885339431077e-02,-2.893530534214798222e-01,-3.866682554333722877e+00,-2.893530534214798222e-01,-3.866682554333722877e+00,-2.893530534214807104e-01,-3.866682554333737087e+00,-2.893530534214780459e-01,-3.866682554333765065e+00
1.061102026649454956e+03,-7.349273491317023563e-16,1.030550754364849445e-15,-1.846645354899457970e-14,1.635167238504154662e-14,-1.000000185301392008e+00,7.172537056301941938e-08,7.988692132126790774e-10,1.708520746520535106e-09,7.988680917410569127e-10,1.708521775919675904e-09,7.988679329596487522e-10,1.708521921694046127e-09,1.693468670063138712e-07,-5.305634837547701377e-08,1.693468670063138712e-07,-5.305634837547701377e-08,1.693468670063138712e-07,-5.305634837547701377e-08,1.693468670063680813e-07,-5.305634837634437551e-08,1.886317686334712748e-08,2.131133742583498770e-08,5.450262638403852745e-07,6.155417481122680823e-07,1.245085844879731285e+00,4.740587748811860180e+00,4.409007353230391668e-02,-1.485141696765527285e-02,4.409010784167419206e-02,-1.485137957378977920e-02,4.409011270036809066e-02,-1.485137427879537966e-02,-3.063297472721547843e-01,-3.978431470235740619e+00,-3.063297472721547843e-01,-3.978431470235740619e+00,-3.063297472721547843e-01,-3.978431470235740619e+00,-3.063297472721557280e-01,-3.978431470235733514e+00
1.092094632748702452e+03,-8.350690159926944367e-16,1.128256521766817047e-15,-2.071359937208133820e-14,1.792382702160010944e-14,-1.000000196268983288e+00,7.415267085433829841e-08,8.567549089611142116e-10,1.861827885890214628e-09,8.567538358991190484e-10,1.861828849542658060e-09,8.567535534102430073e-10,1.861829103242578290e-09,1.793279421374209884e-07,-5.539467881100768043e-08,1.793279421374209884e-07,-5.539467881100768043e-08,1.793279421374209884e-07,-5.539467881100768043e-08,1.793279421373125682e-07,-5.539467881187504217e-08,2.008909208072658916e-08,2.322663227314800378e-08,5.804723548705733413e-07,6.708525428760148262e-07,1.253365879015733597e+00,4.878662811637891394e+00,4.668274374292161882e-02,-1.554866329949365113e-02,4.668277494894437774e-02,-1.554862853445412862e-02,4.668278316426850011e-02,-1.554861938317513709e-02,-3.243024083789491918e-01,-4.093337928249709101e+00,-3.243024083789491918e-01,-4.093337928249709101e+00,-3.243024083789491918e-01,-4.093337928249709101e+00,-3.243024083789483036e-01,-4.093337928249694890e+00
1.123992469079067405e+03,-9.480073811179617182e-16,1.235505868167021130e-15,-2.323371115797439453e-14,1.965276903940214779e-14,-1.000000207884619741e+00,7.668072331962205723e-08,9.193496248842154134e-10,2.028837150499585365e-09,9.193484487959088097e-10,2.028838184160995954e-09,9.193481896444845314e-10,2.028838411941707998e-09,1.898936926712389492e-07,-5.787193468886897563e-08,1.898936926712389492e-07,-5.787193468886897563e-08,1.898936926712389492e-07,-5.787193468886897563e-08,1.898936926712389492e-07,-5.787193468973633736e-08,2.140076047461017974e-08,2.531350418912126966e-08,6.184007801922427590e-07,7.311181132914613195e-07,1.262133726158047198e+00,5.020733292324574215e+00,4.942656170156874834e-02,-1.628985012499708021e-02,4.942659422437414851e-02,-1.628981310421887679e-02,4.942660139106337669e-02,-1.628980494724492634e-02,-3.433288370331532557e-01,-4.211484676452637466e+00,-3.433288370331532557e-01,-4.211484676452637466e+00,-3.433288370331550321e-01,-4.211484676452594833e+00,-3.433288370331523676e-01,-4.211484676452630360e+00
1.156821975552337335e+03,-1.075329975820518748e-15,1.353271894964375487e-15,-2.605985837388286498e-14,2.155494416201578573e-14,-1.000000220186488820e+00,7.931511989897610526e-08,9.870867409035588569e-10,2.210765167523357552e-09,9.870855023381020638e-10,2.210766233375408268e-09,9.870852214755292814e-10,2.210766475125387678e-09,2.010779382120029060e-07,-6.049846601116626310e-08,2.010779382120029060e-07,-6.049846601116626310e-08,2.010779382120029060e-07,-6.049846601116626310e-08,2.010779382118944858e-07,-6.049846601203362484e-08,2.280484854428765803e-08,2.758724403398680574e-08,6.590048297854785392e-07,7.967800423562291940e-07,1.271417178089151223e+00,5.166913235578008745e+00,5.233018825968498849e-02,-1.707835073068132356e-02,5.233022084282450831e-02,-1.707831284781170106e-02,5.233022823302244803e-02,-1.707830425654119008e-02,-3.634701138441917556e-01,-4.332956044579844068e+00,-3.634701138441917556e-01,-4.332956044579844068e+00,-3.634701138441917556e-01,-4.332956044579844068e+00,-3.634701138439634938e-01,-4.332956044579858279e+00
1.190610364335700979e+03,-1.218818052925238142e-15,1.482632687408283978e-15,-2.922910040694353153e-14,2.364863478734865131e-14,-1.000000233214995760e+00,8.206187455603308756e-08,1.060444090612150392e-09,2.408935128013023428e-09,1.060442841014936494e-09,2.408936181247671362e-09,1.060442482089807292e-09,2.408936483936589129e-09,2.129164024632220972e-07,-6.328548063025407622e-08,2.129164024632220972e-07,-6.328548063025407622e-08,2.129164024632220972e-07,-6.328548063025407622e-08,2.129164024633305174e-07,-6.328548063025407622e-08,2.430860860054824585e-08,3.006449334562990690e-08,7.024948102310835753e-07,8.683189215821015151e-07,1.281246347942452068e+00,5.317319174907002122e+00,5.540275520084339544e-02,-1.791782772736334392e-02,5.540278648421290836e-02,-1.791779059197357027e-02,5.540279547459532605e-02,-1.791777992112239537e-02,-3.847907746724696376e-01,-4.457837915308664911e+00,-3.847907746724696376e-01,-4.457837915308664911e+00,-3.847907746724696376e-01,-4.457837915308664911e+00,-3.847907746724696931e-01,-4.457837915308650700e+00
1.225385642407739169e+03,-1.380469936345633547e-15,1.624783411985852138e-15,-3.278296489699723531e-14,2.595417961539669458e-14,-1.000000247012892141e+00,8.492745928734279914e-08,1.139948860404572245e-09,2.624785923726062793e-09,1.139947421559869140e-09,2.624787112099735264e-09,1.139947157394009813e-09,2.624787330302198740e-09,2.254468140840690596e-07,-6.624511760325302312e-08,2.254468140840690596e-07,-6.624511760325302312e-08,2.254468140840690596e-07,-6.624511760325302312e-08,2.254468140840690596e-07,-6.624511760498774660e-08,2.591993627616068555e-08,3.276336180225760070e-08,7.490997181912407567e-07,9.462577436912905571e-07,1.291653762076250711e+00,5.472070263460036443e+00,5.865388892696182105e-02,-1.881225820682291480e-02,5.865392322191598923e-02,-1.881221665946495106e-02,5.865392951869135424e-02,-1.881220903199569416e-02,-4.073589958865569405e-01,-4.586217690520611789e+00,-4.073589958865569405e-01,-4.586217690520611789e+00,-4.073589958865569405e-01,-4.586217690520611789e+00,-4.073589958865551641e-01,-4.586217690520611789e+00
1.261176634773229125e+03,-1.562527151796958376e-15,1.781049903923273532e-15,-3.676798284838668422e-14,2.849422130105310480e-14,-1.000000261625462183e+00,8.791877026403938089e-08,1.226182277946647609e-09,2.859882661918511544e-09,1.226180700703537185e-09,2.859883938830843925e-09,1.226180475081065091e-09,2.859884121613777679e-09,2.387090121775889417e-07,-6.939052682279622797e-08,2.387090121775889417e-07,-6.939052682279622797e-08,2.387090121775889417e-07,-6.939052682279622797e-08,2.387090121775889417e-07,-6.939052682453095144e-08,2.764743415537961007e-08,3.570355462592004223e-08,7.990690922979218258e-07,1.031165582376798427e-06,1.302672419558281725e+00,5.631289790687517893e+00,6.209375252900437708e-02,-1.976593942116409985e-02,6.209378833237304274e-02,-1.976589517319616782e-02,6.209379345727526756e-02,-1.976588884023254555e-02,-4.312467898093390040e-01,-4.718184251668892770e+00,-4.312467898093390040e-01,-4.718184251668892770e+00,-4.312467898093390040e-01,-4.718184251668892770e+00,-4.312467898093381158e-01,-4.718184251668879448e+00
1.298013008356006367e+03,-1.767503659048860702e-15,1.952903937948063846e-15,-4.123628713793623169e-14,3.129398583436020015e-14,-1.000000277100614898e+00,9.104323437161832011e-08,1.319786282105890607e-09,3.115926835879623529e-09,1.319784632654915496e-09,3.115928145548414047e-09,1.319784373584806381e-09,3.115928351302881330e-09,2.527450563109823189e-07,-7.273595526487847129e-08,2.527450563109823189e-07,-7.273595526487847129e-08,2.527450563109823189e-07,-7.273595526487847129e-08,2.527450563108738987e-07,-7.273595526574583303e-08,2.950048214278070854e-08,3.890651070437418413e-08,8.526750614389581622e-07,1.123661581689840582e-06,1.314337931881853105e+00,5.795103767132965267e+00,6.573305428817625973e-02,-2.078353748413816135e-02,6.573308996732878107e-02,-2.078349252168484873e-02,6.573309557260187397e-02,-2.078348545880802367e-02,-4.565302061088361008e-01,-4.853827908352033482e+00,-4.565302061088361008e-01,-4.853827908352033482e+00,-4.565302061088361008e-01,-4.853827908352033482e+00,-4.565302061088343244e-01,-4.853827908352033482e+00
1.335925296589687150e+03,-1.998218550814437177e-15,2.141980405495811775e-15,-4.624628181938157942e-14,3.438159799074740979e-14,-1.000000293489055059e+00,9.430882878802560043e-08,1.421469983874882465e-09,3.394768132184908249e-09,1.421468345808030165e-09,3.394769408372180428e-09,1.421467963680974472e-09,3.394769706148307101e-09,2.675993413823801390e-07,-7.629684056591201635e-08,2.675993413823801390e-07,-7.629684056591201635e-08,2.675993413825969794e-07,-7.629684056504465461e-08,2.675993413824885592e-07,-7.629684056591201635e-08,3.148931537884804831e-08,4.239555230049304512e-08,9.102146130694076272e-07,1.224419280119429882e-06,1.326687951136671595e+00,5.963641488767060572e+00,6.958307995158929948e-02,-2.187011162833862876e-02,6.958311373103148734e-02,-2.187006824164497779e-02,6.958312161288211783e-02,-2.187005811945487085e-02,-4.832895443169303862e-01,-4.993240339848633802e+00,-4.832895443169303862e-01,-4.993240339848633802e+00,-4.832895443167056770e-01,-4.993240339848633802e+00,-4.832895443167021243e-01,-4.993240339848676435e+00
1.374944924726636145e+03,-2.257832620259614292e-15,2.350096646050341355e-15,-5.186339043830798285e-14,3.778843768641037166e-14,-1.000000310844425755e+00,9.772415270406509258e-08,1.532017404864277621e-09,3.698416760663364704e-09,1.532015577549936114e-09,3.698418158179636248e-09,1.532015266546542936e-09,3.698418396107803000e-09,2.833187172697091902e-07,-8.008991244246727037e-08,2.833187172697091902e-07,-8.008991244246727037e-08,2.833187172696007700e-07,-8.008991244246727037e-08,2.833187172694923497e-07,-8.008991244333463211e-08,3.362511049632998043e-08,4.619604725231788403e-08,9.720121047298057469e-07,1.334171295448007400e-06,1.339762961731867597e+00,6.137035168881222802e+00,7.365571416514117564e-02,-2.303115548576941535e-02,7.365575010620850627e-02,-2.303110845869243278e-02,7.365575622527065214e-02,-2.303110045326323130e-02,-5.116095746973227110e-01,-5.136514525324793468e+00,-5.116095746973227110e-01,-5.136514525324793468e+00,-5.116095746973218228e-01,-5.136514525324793468e+00,-5.116095746973218228e-01,-5.136514525324736624e+00
1.415104235886155720e+03,-2.549889245128706841e-15,2.579274222337295299e-15,-5.816089252412816458e-14,4.154954285549090317e-14,-1.000000329223526441e+00,1.012983989155669118e-07,1.652294877687362357e-09,4.029057711418880354e-09,1.652292953336926412e-09,4.029059156762020231e-09,1.652292614198486859e-09,4.029059411569859556e-09,2.999526134950768197e-07,-8.413330272044605707e-08,2.999526134950768197e-07,-8.413330272044605707e-08,2.999526134948599793e-07,-8.413330272044605707e-08,2.999526134946431388e-07,-8.413330272218078054e-08,3.592008119006902122e-08,5.033558465505741767e-08,1.038422047133054176e-06,1.453714399034205078e-06,1.353604362459979837e+00,6.315421309659994265e+00,7.796348662650823269e-02,-2.427261025925436105e-02,7.796352274175066821e-02,-2.427256214349747532e-02,7.796352910864720598e-02,-2.427255366213389859e-02,-5.415797707342071554e-01,-5.283744665490724302e+00,-5.415797707342071554e-01,-5.283744665490724302e+00,-5.415797707339780054e-01,-5.283744665490738512e+00,-5.415797707342027145e-01,-5.283744665490738512e+00
1.456436517863490053e+03,-2.878360088077394197e-15,2.831763458430211228e-15,-6.522085840589186525e-14,4.570406508796421710e-14,-1.000000348686444385e+00,1.050414833413115812e-07,1.783261107410425567e-09,4.389064750484367606e-09,1.783259203280360139e-09,4.389066155881433690e-09,1.783258711703095134e-09,4.389066518730019503e-09,3.175531686516221141e-07,-8.844666434144887734e-08,3.175531686516221141e-07,-8.844666434144887734e-08,3.175531686516221141e-07,-8.844666434144887734e-08,3.175531686514052737e-07,-8.844666434144887734e-08,3.838758404331069953e-08,5.484416503957117662e-08,1.109832186456247118e-06,1.583915008803452687e-06,1.368256627963243544e+00,6.498939428126073281e+00,8.251958336646858516e-02,-2.560092656868790187e-02,8.251961748594094370e-02,-2.560088030737301540e-02,8.251962629510940783e-02,-2.560086836516711414e-02,-5.732945482248775759e-01,-5.435026088380537246e+00,-5.732945482248775759e-01,-5.435026088380537246e+00,-5.732945482248775759e-01,-5.435026088380537246e+00,-5.732945482248739122e-01,-5.435026088380551457e+00
1.498976030721865527e+03,-3.247696166648642968e-15,3.110071113749998881e-15,-7.313519368851487509e-14,5.029578532774039709e-14,-1.000000369296739189e+00,1.089641067861246704e-07,1.925977523352471327e-09,4.781016195701986212e-09,1.925975424066014852e-09,4.781017719236431516e-09,1.925974988108321295e-09,4.781018035660835556e-09,3.361753648517410223e-07,-9.305130033686326296e-08,3.361753648517410223e-07,-9.305130033686326296e-08,3.361753648517410223e-07,-9.305130033686326296e-08,3.361753648516326021e-07,-9.305130033859798644e-08,4.104223582233231175e-08,5.975440617958471995e-08,1.186666921114868228e-06,1.725715133644879850e-06,1.383767439172246760e+00,6.687732167189425425e+00,8.733787623700149660e-02,-2.702310801038890209e-02,8.733791217413761077e-02,-2.702305844961061868e-02,8.733791963805563607e-02,-2.702304815771513005e-02,-6.068535157018335457e-01,-5.590455143680824079e+00,-6.068535157018335457e-01,-5.590455143680824079e+00,-6.068535157018335457e-01,-5.590455143680824079e+00,-6.068535157013770220e-01,-5.590455143680809869e+00
1.542758035190436658e+03,-3.662884910020011799e-15,3.416991611718003407e-15,-8.200680596585573009e-14,5.537369788099521909e-14,-1.000000391121694809e+00,1.130777331839749600e-07,2.081618664440988697e-09,5.207712749124822696e-09,2.081616506824455343e-09,5.207714289383086510e-09,2.081615981149032013e-09,5.207714664679668516e-09,3.558771672199957659e-07,-9.797030362142244986e-08,3.558771672199957659e-07,-9.797030362142244986e-08,3.558771672199957659e-07,-9.797030362142244986e-08,3.558771672202126063e-07,-9.797030362142244986e-08,4.390004351267017194e-08,6.510176571648784967e-08,1.269391090320036732e-06,1.880138803582789636e-06,1.400185784861425420e+00,6.881946567157686268e+00,9.243297181379522831e-02,-2.854673200005976297e-02,9.243300711406662873e-02,-2.854668251039832461e-02,9.243301571460614541e-02,-2.854667045467625813e-02,-6.423617363904245980e-01,-5.750129084806535396e+00,-6.423617363904245980e-01,-5.750129084806535396e+00,-6.423617363904245980e-01,-5.750129084806535396e+00,-6.423617363901988897e-01,-5.750129084806536284e+00
1.587818821891678226e+03,-4.129513885799373674e-15,3.755642296416760270e-15,-9.195090767438294698e-14,6.099267199227724025e-14,-1.000000414232458557e+00,1.173947710361722407e-07,2.251486304902586277e-09,5.672194858813840550e-09,2.251483856828290914e-09,5.672196579036112470e-09,2.251483465377096538e-09,5.672196854111756156e-09,3.767196680151338462e-07,-1.032287079531790663e-07,3.767196680151338462e-07,-1.032287079531790663e-07,3.767196680151338462e-07,-1.032287079514443429e-07,3.767196680149170057e-07,-1.032287079549137898e-07,4.697854839815700352e-08,7.092478181397974418e-08,1.358514172458215337e-06,2.048299020679738206e-06,1.417564819981512292e+00,7.081732503017011737e+00,9.782021778562713377e-02,-3.018003304434323242e-02,9.782025608990294052e-02,-3.017997848498847960e-02,9.782026221513520636e-02,-3.017996976177542839e-02,-6.799299963139863179e-01,-5.914145930481115698e+00,-6.799299963139863179e-01,-5.914145930481115698e+00,-6.799299963139845415e-01,-5.914145930481172542e+00,-6.799299963139845415e-01,-5.914145930481101487e+00
1.634195741422449601e+03,-4.653841955109334099e-15,4.129503269970187322e-15,-1.030964706422023247e-13,6.721420188644402719e-14,-1.000000438704332861e+00,1.219285306677808656e-07,2.437022128586388559e-09,6.177763603058611039e-09,2.437019556154104011e-09,6.177765383169500461e-09,2.437019123665857406e-09,6.177765682531272812e-09,3.987672358321363297e-07,-1.088536516410942845e-07,3.987672358321363297e-07,-1.088536516410942845e-07,3.987672358321363297e-07,-1.088536516410942845e-07,3.987672358321363297e-07,-1.088536516410942845e-07,5.029698589500878306e-08,7.726533323675534470e-08,1.454594943221833894e-06,2.231405270967528667e-06,1.435959302723592845e+00,7.287244311784738748e+00,1.035157594109484824e-01,-3.193192183806917855e-02,1.035157979231179498e-01,-3.193186613837974142e-02,1.035158043996523003e-01,-3.193185677300414138e-02,-7.196750866207073383e-01,-6.082604314891791653e+00,-7.196750866207073383e-01,-6.082604314891791653e+00,-7.196750866207073383e-01,-6.082604314891791653e+00,-7.196750866207038966e-01,-6.082604314891834285e+00
1.681927235313664141e+03,-5.242878698883238751e-15,4.542462416242820002e-15,-1.155878494147756600e-13,7.410725727225246533e-14,-1.000000464616954909e+00,1.266933920343604747e-07,2.639824611292904133e-09,6.728001200338230327e-09,2.639822124566801320e-09,6.728002896030428094e-09,2.639821431544772667e-09,6.728003368742575298e-09,4.220876691856355334e-07,-1.148745542144807841e-07,4.220876691856355334e-07,-1.148745542144807841e-07,4.220876691856355334e-07,-1.148745542144807841e-07,4.220876691860692143e-07,-1.148745542110113371e-07,5.387646270345295536e-08,8.416892018880239173e-08,1.558246639339628717e-06,2.430771635978825559e-06,1.455427787974917564e+00,7.498639663430114233e+00,1.095365526781122700e-01,-3.381206926407161889e-02,1.095365883219408670e-01,-3.381201695079451980e-02,1.095365982582506975e-01,-3.381200237031235095e-02,-7.617200918545460331e-01,-6.255603314395088432e+00,-7.617200918545460331e-01,-6.255603314395088432e+00,-7.617200918545460331e-01,-6.255603314395088432e+00,-7.617200918545495858e-01,-6.255603314395130177e+00
1.731052867894228029e+03,-5.904473044167351517e-15,4.998866323474187391e-15,-1.295865924235338046e-13,8.174924835793793808e-14,-1.000000492054540446e+00,1.317048960516875589e-07,2.861666681397423417e-09,7.326793871736676615e-09,2.861664061964974692e-09,7.326795633104420981e-09,2.861663317118082195e-09,7.326796134209112576e-09,4.467523546487165570e-07,-1.213233075201408662e-07,4.467523546487165570e-07,-1.213233075201408662e-07,4.467523546487165570e-07,-1.213233075201408662e-07,4.467523546482828761e-07,-1.213233075218755896e-07,5.774015329201335656e-08,9.168496744347214916e-08,1.670142686786204283e-06,2.647825548025175312e-06,1.476032792122811133e+00,7.716079649997984902e+00,1.159003959955084984e-01,-3.583097025723012974e-02,1.159004319678464401e-01,-3.583091671608300277e-02,1.159004422011582491e-01,-3.583090148776534034e-02,-8.061946894182209222e-01,-6.433242256246203716e+00,-8.061946894182209222e-01,-6.433242256246203716e+00,-8.061946894182209222e-01,-6.433242256246203716e+00,-8.061946894182173695e-01,-6.433242256246161084e+00
1.781613359085658431e+03,-6.647412128023883796e-15,5.503577905628583861e-15,-1.452734620559031934e-13,9.022712124772543958e-14,-1.000000521106178208e+00,1.369797750297441219e-07,3.104514363898996931e-09,7.978357069554869833e-09,3.104511369115756092e-09,7.978359056775479255e-09,3.104510804463264662e-09,7.978359431502855120e-09,4.728364292954593401e-07,-1.282344823487491237e-07,4.728364292954593401e-07,-1.282344823487491237e-07,4.728364292956761805e-07,-1.282344823470144002e-07,4.728364292956761805e-07,-1.282344823487491237e-07,6.191351783576093979e-08,9.986715132502301467e-08,1.791023055445395941e-06,2.884117234423454315e-06,1.497839609760840851e+00,7.939729557238122126e+00,1.226259752357738847e-01,-3.799999259732357582e-02,1.226260146672706330e-01,-3.799993311829999443e-02,1.226260221029161629e-01,-3.799992190429146710e-02,-8.532354595202877867e-01,-6.615620507316847032e+00,-8.532354595202877867e-01,-6.615620507316847032e+00,-8.532354595200586367e-01,-6.615620507316861243e+00,-8.532354595200569713e-01,-6.615620507316875454e+00
1.833650618154564654e+03,-7.481531533461386391e-15,6.062041632410608938e-15,-1.628506868771385027e-13,9.963860174627820439e-14,-1.000000551866100373e+00,1.425360500392769403e-07,3.370548366885689484e-09,8.687261970495487734e-09,3.370545265850635741e-09,8.687264002087071064e-09,3.370544601234704007e-09,8.687264437760161551e-09,5.004189469626912912e-07,-1.356455513069204644e-07,5.004189469626912912e-07,-1.356455513069204644e-07,5.004189469626912912e-07,-1.356455513069204644e-07,5.004189469622576103e-07,-1.356455513069204644e-07,6.642454389335934714e-08,1.087737521627567377e-07,1.921701307252357306e-06,3.141329897225763320e-06,1.520916495103135757e+00,8.169758857885893732e+00,1.297328961531328539e-01,-4.033144842008092035e-02,1.297329353200272761e-01,-4.033138858462273491e-02,1.297329437196887425e-01,-4.033137575485222504e-02,-9.029862029616636532e-01,-6.802837237996149256e+00,-9.029862029616636532e-01,-6.802837237996149256e+00,-9.029862029616636532e-01,-6.802837237996149256e+00,-9.029862029616601005e-01,-6.802837237996149256e+00
1.887207778450970636e+03,-8.417838162306756952e-15,6.680357398561819818e-15,-1.825444716873507704e-13,1.100936081312266659e-13,-1.000000584433916595e+00,1.483932446019742279e-07,3.662189778427110687e-09,9.458462779437983720e-09,3.662186342807266515e-09,9.458465003665188046e-09,3.662185795068328975e-09,9.458465358321271194e-09,5.295830477999082658e-07,-1.435971293279464378e-07,5.295830477999082658e-07,-1.435971293279464378e-07,5.295830477999082658e-07,-1.435971293279464378e-07,5.295830477999082658e-07,-1.435971293296811613e-07,7.130401438621876640e-08,1.184680338996014660e-07,2.063072412773156082e-06,3.421290677219678551e-06,1.545336883752097323e+00,8.406340213858060295e+00,1.372416957817080563e-01,-4.283870317269077715e-02,1.372417374442631566e-01,-4.283863875587071851e-02,1.372417440877414241e-01,-4.283862848592438072e-02,-9.555982655183798968e-01,-6.994991158266091524e+00,-9.555982655183798968e-01,-6.994991158266091524e+00,-9.555982655183798968e-01,-6.994991158266091524e+00,-9.555982655183798968e-01,-6.994991158266077313e+00
1.942329233161271986e+03,-9.468647139593676941e-15,7.365364228541662293e-15,-2.046077939581829549e-13,1.217158566484920805e-13,-1.000000618914984818e+00,1.545723655807518249e-07,3.982124842111939289e-09,1.029732844652631041e-08,3.982121425357212918e-09,1.029733063371445802e-08,3.982120629010717228e-09,1.029733114377737006e-08,5.604161312181693555e-07,-1.521332333321440133e-07,5.604161312181693555e-07,-1.521332333321440133e-07,5.604161312183861959e-07,-1.521332333321440133e-07,5.604161312181693555e-07,-1.521332333321440133e-07,7.658580490286468597e-08,1.290186527414457181e-07,2.216121424722954954e-06,3.725982456460282658e-06,1.571176878706012525e+00,8.649650867874626670e+00,1.451739003242024650e-01,-4.553621934722851955e-02,1.451739401303791255e-01,-4.553615709988696053e-02,1.451739494119457241e-01,-4.553614258882958399e-02,-1.011230874291231929e+00,-7.192180232447249466e+00,-1.011230874291231929e+00,-7.192180232447249466e+00,-1.011230874291006332e+00,-7.192180232447249466e+00,-1.011230874290999004e+00,-7.192180232447263677e+00
1.999060672105463027e+03,-1.064773427608099738e-14,8.124735141115635934e-15,-2.293235177499348912e-13,1.346446861492611133e-13,-1.000000655420656637e+00,1.610961753509276839e-07,4.333337022435594654e-09,1.120967366502402703e-08,4.333333431015898296e-09,1.120967594000544555e-08,4.333332566364665739e-09,1.120967648785280331e-08,5.930100307877366611e-07,-1.613015617341756469e-07,5.930100307877366611e-07,-1.613015617341756469e-07,5.930100307877366611e-07,-1.613015617341756469e-07,5.930100307879535015e-07,-1.613015617376450939e-07,8.230721324709961666e-08,1.405000965526461418e-07,2.381933094001740224e-06,4.057556548598279113e-06,1.598518165332686092e+00,8.899871325737100491e+00,1.535520276714656407e-01,-4.843968942397416932e-02,1.535520678981631693e-01,-4.843962584964617291e-02,1.535520775855349906e-01,-4.843961054309839365e-02,-1.070051476244020305e+00,-7.394501357964658794e+00,-1.070051476244020305e+00,-7.394501357964658794e+00,-1.070051476244020305e+00,-7.394501357964658794e+00,-1.070051476243798261e+00,-7.394501357964616162e+00
2.057449119609134868e+03,-1.197050579134217159e-14,8.967084716749331103e-15,-2.570078598312329296e-13,1.490371327678397694e-13,-1.000000694068662543e+00,1.679892244269010071e-07,4.719138525809997431e-09,1.220179460801381482e-08,4.719134558388987655e-09,1.220179709652885122e-08,4.719133813108414288e-09,1.220179756419945832e-08,6.274611912791827617e-07,-1.711537958720699137e-07,6.274611912791827617e-07,-1.711537958720699137e-07,6.274611912793996021e-07,-1.711537958720699137e-07,6.274611912789659213e-07,-1.711537958738046372e-07,8.850932496652437418e-08,1.529931570626173996e-07,2.561702537724152356e-06,4.418346336499620754e-06,1.627446192123874980e+00,9.157186365099441616e+00,1.623996365698014421e-01,-5.156610213215257615e-02,1.623996793217785950e-01,-5.156603389922891079e-02,1.623996873572073618e-01,-5.156602107738116059e-02,-1.132236087042273631e+00,-7.602050018780633245e+00,-1.132236087042273631e+00,-7.602050018780633245e+00,-1.132236087042271855e+00,-7.602050018780633245e+00,-1.132236087042268080e+00,-7.602050018780619034e+00
2.117542973481638455e+03,-1.345418715180957191e-14,9.902091097753191357e-15,-2.880142458119285496e-13,1.650702891630797277e-13,-1.000000734983462314e+00,1.752779977201579520e-07,5.143206994843996238e-09,1.328050597027312027e-08,5.143203157635667377e-09,1.328050835551789974e-08,5.143202011308710409e-09,1.328050906824530288e-08,6.638708464408882987e-07,-1.817459243085711718e-07,6.638708464408882987e-07,-1.817459243085711718e-07,6.638708464408882987e-07,-1.817459243085711718e-07,6.638708464413219795e-07,-1.817459243085711718e-07,9.523741854607702116e-08,1.665854367468517127e-07,2.756747067254815000e-06,4.810881910927044305e-06,1.658050393263296618e+00,9.421785004053520041e+00,1.717413540572098885e-01,-5.493384606487678595e-02,1.717413938714870969e-01,-5.493378193928068198e-02,1.717414057675127059e-01,-5.493376278401373991e-02,-1.197969643029646702e+00,-7.814919902775316451e+00,-1.197969643029646702e+00,-7.814919902775316451e+00,-1.197969643029646702e+00,-7.814919902775316451e+00,-1.197969643029419329e+00,-7.814919902775315563e+00
2.179392045132716248e+03,-1.511803306184332210e-14,1.094063438686932942e-14,-3.227375978935156290e-13,1.829439877901286578e-13,-1.000000778296537884e+00,1.829912393697119555e-07,5.609629249287394204e-09,1.445317856301159103e-08,5.609624669508997408e-09,1.445318138640957345e-08,5.609623979847995490e-09,1.445318181166077055e-08,7.023451964254748964e-07,-1.931385912867789045e-07,7.023451964254748964e-07,-1.931385912867789045e-07,7.023451964254748964e-07,-1.931385912867789045e-07,7.023451964250412155e-07,-1.931385912902483515e-07,1.025414144451470724e-07,1.813718923471674878e-07,2.968519298884368839e-06,5.237905766791577088e-06,1.690427125636158268e+00,9.693859280360063835e+00,1.816028706807223114e-01,-5.856286959716046348e-02,1.816029164700853904e-01,-5.856279523468537612e-02,1.816029233662112830e-01,-5.856278403779192898e-02,-1.267446354055662860e+00,-8.033202479251139394e+00,-1.267446354055662860e+00,-8.033202479251139394e+00,-1.267446354055890234e+00,-8.033202479251139394e+00,-1.267446354055890234e+00,-8.033202479251112749e+00
2.243047600860861166e+03,-1.698356087352404209e-14,1.209495372711209220e-14,-3.616191004123044135e-13,2.028838538790043530e-13,-1.000000824146907608e+00,1.911598477080667102e-07,6.122941812532374517e-09,1.572778421786587798e-08,6.122937091590854863e-09,1.572778710674967162e-08,6.122936241901612286e-09,1.572778762684145376e-08,7.429955848803522500e-07,-2.053974720792051123e-07,7.429955848803522500e-07,-2.053974720792051123e-07,7.429955848807859309e-07,-2.053974720792051123e-07,7.429955848803522500e-07,-2.053974720792051123e-07,1.104763729874487643e-07,1.974554173023337670e-07,3.198621694071550026e-06,5.702389622403863267e-06,1.724675170463843887e+00,9.973606361653761354e+00,1.920110140155340261e-01,-6.247471925355335687e-02,1.920110595354700689e-01,-6.247464476998722260e-02,1.920110677312381053e-01,-6.247463136260728717e-02,-1.340870065493319885e+00,-8.256986548665027570e+00,-1.340870065493319885e+00,-8.256986548665027570e+00,-1.340870065493547258e+00,-8.256986548665041781e+00,-1.340870065493316332e+00,-8.256986548665013359e+00
2.308562404347622305e+03,-1.907480983798151917e-14,1.337882555825948779e-14,-4.051514926054425449e-13,2.251447783843463853e-13,-1.000000872681400033e+00,1.998173514081158508e-07,6.688186355327356558e-09,1.711293703388050945e-08,6.688181406703380683e-09,1.711294004183680668e-08,6.688180466157996051e-09,1.711294061367213751e-08,7.859386725725045486e-07,-2.185936748399369689e-07,7.859386725725045486e-07,-2.185936748399369689e-07,7.859386725725045486e-07,-2.185936748399369689e-07,7.859386725720708677e-07,-2.185936748382022454e-07,1.191030456540942429e-07,2.149474647318608597e-07,3.448822662911005702e-06,6.207552408961584646e-06,1.760900716741895744e+00,1.026122641032658400e+01,2.029937153898400681e-01,-6.669275261961736534e-02,2.029937614399421053e-01,-6.669267676036993997e-02,2.029937701937673811e-01,-6.669266234365041346e-02,-1.418454611089011497e+00,-8.486357738006384821e+00,-1.418454611089011497e+00,-8.486357738006384821e+00,-1.418454611089011497e+00,-8.486357738006384821e+00,-1.418454611089007944e+00,-8.486357738006370610e+00
2.375990760393081473e+03,-2.141862892288884582e-14,1.480776600168609270e-14,-4.538849441229892960e-13,2.500148702418717774e-13,-1.000000924055153728e+00,2.089999537741027424e-07,7.310962760317604725e-09,1.861794214874342226e-08,7.310957530560005524e-09,1.861794530886749441e-08,7.310956535262411182e-09,1.861794591051838497e-08,8.312966079740413683e-07,-2.328041726149671087e-07,8.312966079740413683e-07,-2.328041726149671087e-07,8.312966079731740066e-07,-2.328041726167018322e-07,8.312966079731740066e-07,-2.328041726167018322e-07,1.284884859804367896e-07,2.339687134080244131e-07,3.721074412916746906e-06,6.756879500230716758e-06,1.799214910012117752e+00,1.055692375209622291e+01,2.145800542101073127e-01,-7.124222933671527092e-02,2.145801012142930508e-01,-7.124215144729116600e-02,2.145801101633372787e-01,-7.124213662192151186e-02,-1.500424171055752876e+00,-8.721397963441761547e+00,-1.500424171055752876e+00,-8.721397963441761547e+00,-1.500424171055745770e+00,-8.721397963441804180e+00,-1.500424171055742217e+00,-8.721397963441832601e+00
2.445388559928753693e+03,-2.404499610872835853e-14,1.639926063169847477e-14,-5.084335726889847266e-13,2.778199535682128989e-13,-1.000000978432040055e+00,2.187467964750999805e-07,7.997491843032486503e-09,2.025284492464750861e-08,7.997486324226588117e-09,2.025284824252299685e-08,7.997485263876863426e-09,2.025284888033202987e-08,8.791971919494719068e-07,-2.481122658454931740e-07,8.791971919494719068e-07,-2.481122658454931740e-07,8.791971919494719068e-07,-2.481122658420237270e-07,8.791971919499055876e-07,-2.481122658454931740e-07,1.387067258464971800e-07,2.546497784493043480e-07,4.017532713465361222e-06,7.354143232068032567e-06,1.839734792459605695e+00,1.086090652692996983e+01,2.268002604962891244e-01,-7.615047120090788491e-02,2.268003084457187735e-01,-7.615039134086341865e-02,2.268003176631425699e-01,-7.615037599324732398e-02,-1.587013622333420360e+00,-8.962184842089866876e+00,-1.587013622333420360e+00,-8.962184842089866876e+00,-1.587013622333427465e+00,-8.962184842089810033e+00,-1.587013622333427687e+00,-8.962184842089810033e+00
2.516813326345221867e+03,-2.698737236801687796e-14,1.817302538381002880e-14,-5.694826693096537604e-13,3.089286853754617487e-13,-1.000001035985130793e+00,2.291002013515841540e-07,8.754684058427664173e-09,2.202848324459267051e-08,8.754678302615170882e-09,2.202848669056664543e-08,8.754677106306493761e-09,2.202848740722428145e-08,9.297740351274334791e-07,-2.646080775239173510e-07,9.297740351274334791e-07,-2.646080775239173510e-07,9.297740351278671600e-07,-2.646080775187131806e-07,9.297740351274334791e-07,-2.646080775187131806e-07,1.498395240597269310e-07,2.771319687578175471e-07,4.340578778556698311e-06,8.003424769741561103e-06,1.882583574307953533e+00,1.117338662965126872e+01,2.396857192776787049e-01,-8.144702040125811893e-02,2.396857676645014479e-01,-8.144693947046693916e-02,2.396857777257907496e-01,-8.144692264683001115e-02,-1.678468882186615829e+00,-9.208791056093545535e+00,-1.678468882186615829e+00,-9.208791056093545535e+00,-1.678468882187074129e+00,-9.208791056093545535e+00,-1.678468882187070577e+00,-9.208791056093545535e+00
2.590324263172904921e+03,-3.028309381540070081e-14,2.015130283036367294e-14,-6.377967019420085191e-13,3.437583792955339893e-13,-1.000001096897182196e+00,2.401059305198738336e-07,9.590215573496846391e-09,2.395654247400917994e-08,9.590209708830454982e-09,2.395654597348853207e-08,9.590208228027127801e-09,2.395654685754698351e-08,9.831667057598469928e-07,-2.823890826921665598e-07,9.831667057598469928e-07,-2.823890826921665598e-07,9.831667057598469928e-07,-2.823890826921665598e-07,9.831667057594133119e-07,-2.823890826956360067e-07,1.619771945815526888e-07,3.015680930090623897e-07,4.692843484519662302e-06,8.709137374639710219e-06,1.927890912779348653e+00,1.149457963677272510e+01,2.532689685448638595e-01,-8.716380818648632178e-02,2.532690162856297000e-01,-8.716372806463623668e-02,2.532690283454306357e-01,-8.716370783107935116e-02,-1.775047241294068545e+00,-9.461283665365245454e+00,-1.775047241294068545e+00,-9.461283665365245454e+00,-1.775047241293603140e+00,-9.461283665365273876e+00,-1.775047241294064992e+00,-9.461283665365243678e+00
2.665982303155485170e+03,-3.397380579198193780e-14,2.235919862735381301e-14,-7.142281745996563305e-13,3.827816323870995439e-13,-1.000001161361148583e+00,2.518134677095829055e-07,1.051261244939052930e-08,2.604961304352110610e-08,1.051260670138429165e-08,2.604961646477527148e-08,1.051260468910505952e-08,2.604961766298130241e-08,1.039520865720768017e-06,-3.015606738661358310e-07,1.039520865720768017e-06,-3.015606738661358310e-07,1.039520865720768017e-06,-3.015606738661358310e-07,1.039520865720768017e-06,-3.015606738661358310e-07,1.752195224626237365e-07,3.281233158776129118e-07,5.077234159972089945e-06,9.476051118180936958e-06,1.975793198443575482e+00,1.182470471851799232e+01,2.675836897444934248e-01,-9.333533437802646326e-02,2.675837350917837365e-01,-9.333525807871506652e-02,2.675837509723710816e-01,-9.333523136763972883e-02,-1.877017682739503535e+00,-9.719723366358573813e+00,-1.877017682739503535e+00,-9.719723366358573813e+00,-1.877017682739503535e+00,-9.719723366358573813e+00,-1.877017682739499760e+00,-9.719723366358573813e+00
2.743850158756668407e+03,-3.810594298679543357e-14,2.482506356392227212e-14,-7.997274251398581410e-13,4.265338650161129883e-13,-1.000001229580690598e+00,2.642763730076325146e-07,1.153134489111085070e-08,2.832124988059970747e-08,1.153133843793952007e-08,2.832125371531437133e-08,1.153133669410874584e-08,2.832125475213690888e-08,1.098988391848992885e-06,-3.222367640012824275e-07,1.098988391848992885e-06,-3.222367640012824275e-07,1.098988391848992885e-06,-3.222367640012824275e-07,1.098988391848992885e-06,-3.222367640030171509e-07,1.896767762266880592e-07,3.569760659488766723e-07,5.496964205790986170e-06,1.030931908382139453e-05,2.026434522444850561e+00,1.216398428070633386e+01,2.826646807229415970e-01,-9.999887315733460569e-02,2.826647301060243311e-01,-9.999878993140703942e-02,2.826647434568297368e-01,-9.999876743831066783e-02,-1.984661182056331574e+00,-9.984163693059224798e+00,-1.984661182056331574e+00,-9.984163693059224798e+00,-1.984661182056331574e+00,-9.984163693059224798e+00,-1.984661182056335127e+00,-9.984163693059196376e+00
2.823992374142142125e+03,-4.273126001061618564e-14,2.758092739811685448e-14,-8.953534520852926268e-13,4.756218990266837081e-13,-1.000001301770794049e+00,2.775524553938479855e-07,1.265692674431127818e-08,3.078603697561884192e-08,1.265691995113414625e-08,3.078604100971828531e-08,1.265691808847481392e-08,3.078604211641765287e-08,1.161727480334176499e-06,-3.445404290220582810e-07,1.161727480334176499e-06,-3.445404290220582810e-07,1.161727480334176499e-06,-3.445404290220582810e-07,1.161727480333309137e-06,-3.445404290237930045e-07,2.054708264718772687e-07,3.883189967343802486e-07,5.955585833115329418e-06,1.121450509698502288e-05,2.079964952628833963e+00,1.251264461541648565e+01,2.985478543015835373e-01,-1.071946310769562177e-01,2.985479047769935557e-01,-1.071945459433130549e-01,2.985479186240856952e-01,-1.071945225960013875e-01,-2.098270987838123158e+00,-1.025465016368226401e+01,-2.098270987838123158e+00,-1.025465016368226401e+01,-2.098270987838123158e+00,-1.025465016368226401e+01,-2.098270987838108947e+00,-1.025465016368229065e+01
2.906475378679820096e+03,-4.790741715170920982e-14,3.066299139538323559e-14,-1.002285866467598261e-12,5.307337144586168981e-13,-1.000001378158270837e+00,2.917043302116950620e-07,1.390103360958232226e-08,3.345964945096566862e-08,1.390102570813372962e-08,3.345965414409740254e-08,1.390102446997484864e-08,3.345965487978278669e-08,1.227902729503040774e-06,-3.686045904789658767e-07,1.227902729503040774e-06,-3.686045904789658767e-07,1.227902729502607093e-06,-3.686045904789658767e-07,1.227902729501739731e-06,-3.686045904807006002e-07,2.227363806037112110e-07,4.223600013391436096e-07,6.457026212398329923e-06,1.219761299706758257e-05,2.136543535812560624e+00,1.287091473570159827e+01,3.152701637316899785e-01,-1.149660206835663584e-01,3.152702207835022530e-01,-1.149659244703089556e-01,3.152702297296502421e-01,-1.149659093880669308e-01,-2.218152869070324940e+00,-1.053121935754475658e+01,-2.218152869070324940e+00,-1.053121935754475658e+01,-2.218152869070094013e+00,-1.053121935754472815e+01,-2.218152869070307176e+00,-1.053121935754487026e+01
2.991367542002719347e+03,-5.369862646799444154e-14,3.411218749562801285e-14,-1.121838073826418617e-12,5.926495460609732404e-13,-1.000001458982445968e+00,3.067995847857996061e-07,1.527662333417577345e-08,3.635892322596335005e-08,1.527661492185111713e-08,3.635892822738797173e-08,1.527661368499327876e-08,3.635892896307335587e-08,1.297685199297404779e-06,-3.945727410671617807e-07,1.297685199297404779e-06,-3.945727410671617807e-07,1.297685199297404779e-06,-3.945727410671617807e-07,1.297685199297404779e-06,-3.945727410706312277e-07,2.416223455982821864e-07,4.593232818602986511e-07,7.005627384587450084e-06,1.326511748111565012e-05,2.196335911578886080e+00,1.323902722675485677e+01,3.328695873739125899e-01,-1.233598259265011460e-01,3.328696464496764262e-01,-1.233597263982119385e-01,3.328696551383407698e-01,-1.233597117645637009e-01,-2.344625335760491591e+00,-1.081389793797102250e+01,-2.344625335760491591e+00,-1.081389793797102250e+01,-2.344625335760491591e+00,-1.081389793797099408e+01,-2.344625335760491591e+00,-1.081389793797105092e+01
3.078739230680110268e+03,-6.017636361897722965e-14,3.797481294396903939e-14,-1.255471796178794661e-12,6.622544987484952242e-13,-1.000001544495727757e+00,3.229113444830344903e-07,1.679807772351701867e-08,3.950192132716381227e-08,1.679806963666985453e-08,3.950192614443669495e-08,1.679806753873865077e-08,3.950192739441337961e-08,1.371252441561589264e-06,-4.225997128591563179e-07,1.371252441561589264e-06,-4.225997128591563179e-07,1.371252441561589264e-06,-4.225997128626257648e-07,1.371252441560288221e-06,-4.225997128730341057e-07,2.622933302754028210e-07,4.994504730318994303e-07,7.606190274705198332e-06,1.442399650267139950e-05,2.259516647770082098e+00,1.361721731388601597e+01,3.513850353910129565e-01,-1.324264866827289666e-01,3.513850906730090484e-01,-1.324263937172072692e-01,3.513851050174722213e-01,-1.324263696033148308e-01,-2.478019814427292911e+00,-1.110270160097854841e+01,-2.478019814427292911e+00,-1.110270160097854841e+01,-2.478019814427292911e+00,-1.110270160097849157e+01,-2.478019814427058432e+00,-1.110270160097843473e+01
3.168662866543913424e+03,-6.742015128540455803e-14,4.230325044823878320e-14,-1.404813053151287616e-12,7.405528869793578213e-13,-1.000001634964267749e+00,3.401187173568409605e-07,1.848135497027267315e-08,4.290800342116041222e-08,1.848134680059246304e-08,4.290800830126281079e-08,1.848134422387757991e-08,4.290800984169725746e-08,1.448788498027535343e-06,-4.528524903228692278e-07,1.448788498027535343e-06,-4.528524903228692278e-07,1.448788498028402705e-06,-4.528524903263386747e-07,1.448788498027101662e-06,-4.528524903263386747e-07,2.849313006346673367e-07,5.430018200016642771e-07,8.264023208827537111e-06,1.568176521978060828e-05,2.326269554942323126e+00,1.400572268252327746e+01,3.708562665191542096e-01,-1.422203517875888501e-01,3.708563209338432420e-01,-1.422202605313928059e-01,3.708563381077992771e-01,-1.422202317408668704e-01,-2.618680779870314890e+00,-1.139763396023366049e+01,-2.618680779870314890e+00,-1.139763396023366049e+01,-2.618680779870329101e+00,-1.139763396023360364e+01,-2.618680779870073305e+00,-1.139763396023366049e+01
3.261212986718691809e+03,-7.551842038256954094e-14,4.715678513357655741e-14,-1.571669727888825850e-12,8.286845282590215838e-13,-1.000001730668684807e+00,3.585071475520340556e-07,2.034415412500122089e-08,4.659789802001317038e-08,2.034414555286516435e-08,4.659790315934830840e-08,2.034414278533069886e-08,4.659790481937025469e-08,1.530483861349012098e-06,-4.855110687859709451e-07,1.530483861349012098e-06,-4.855110687859709451e-07,1.530483861349012098e-06,-4.855110687825014981e-07,1.530483861347277375e-06,-4.855110687859709451e-07,3.097374023944177868e-07,5.902574091041301714e-07,8.984995353561561594e-06,1.704651145610587004e-05,2.396786658855157626e+00,1.440478373622574537e+01,3.913238078156303090e-01,-1.527999094772742872e-01,3.913238634886419542e-01,-1.527998164512054946e-01,3.913238814713698166e-01,-1.527997864150926199e-01,-2.766965835415797326e+00,-1.169868536625019040e+01,-2.766965835415797326e+00,-1.169868536625019040e+01,-2.766965835415577057e+00,-1.169868536625010513e+01,-2.766965835415562847e+00,-1.169868536625007671e+01
3.356466305404995182e+03,-8.456945551885937953e-14,5.260253104468517415e-14,-1.758050849556676279e-12,9.279432493902746290e-13,-1.000001831904758998e+00,3.781689736082061160e-07,2.240610019873731651e-08,5.059377239206852561e-08,2.240609103484371423e-08,5.059377791163336552e-08,2.240608823803579008e-08,5.059377959702564265e-08,1.616535393173662571e-06,-5.207693585564110439e-07,1.616535393173662571e-06,-5.207693585564110439e-07,1.616535393173662571e-06,-5.207693585564110439e-07,1.616535393171927848e-06,-5.207693585598804908e-07,3.369339655461988961e-07,6.415184494536734159e-07,9.775595518421254995e-06,1.852693260793907476e-05,2.471269192458696473e+00,1.481464310570222764e+01,4.128288254166153637e-01,-1.642280786346920762e-01,4.128288835116827316e-01,-1.642279820024126757e-01,4.128289012493120413e-01,-1.642279525103804427e-01,-2.923245729084109179e+00,-1.200583165234484007e+01,-2.923245729084109179e+00,-1.200583165234484007e+01,-2.923245729084109179e+00,-1.200583165234484007e+01,-2.923245729083853384e+00,-1.200583165234486849e+01
3.454501777467267857e+03,-9.468243161477670054e-14,5.871648141953624491e-14,-1.966187731946788422e-12,1.039797897743393200e-12,-1.000001938984173444e+00,3.992039679656667062e-07,2.468894591328360533e-08,5.491930265709345921e-08,2.468893613855049907e-08,5.491930857629521989e-08,2.468893329967553063e-08,5.491931029703248784e-08,1.707146194403902362e-06,-5.588361351345494388e-07,1.707146194403902362e-06,-5.588361351345494388e-07,1.707146194403902362e-06,-5.588361351345494388e-07,1.707146194402167638e-06,-5.588361351380188857e-07,3.667667073513602387e-07,6.971086026972813713e-07,1.064299680890107266e-05,2.013237391543693270e-05,2.549927913365807708e+00,1.523554537949316412e+01,4.354129826157103755e-01,-1.765724959810247852e-01,4.354130431455117134e-01,-1.765723958453996878e-01,4.354130607402676989e-01,-1.765723667499663752e-01,-3.087904300536800317e+00,-1.231903281229302038e+01,-3.087904300536800317e+00,-1.231903281229302038e+01,-3.087904300536800317e+00,-1.231903281229302038e+01,-3.087904300536792768e+00,-1.231903281229296532e+01
3.555400663879029707e+03,-1.059785488156262895e-13,6.558469888853431018e-14,-2.198557113122755348e-12,1.165916185573164516e-12,-1.000002052235280159e+00,4.217199144479488737e-07,2.721679284159103651e-08,5.959974240347942764e-08,2.721678266917257338e-08,5.959974860381481165e-08,2.721677954450191228e-08,5.959975050930012980e-08,1.802525421490570878e-06,-5.999360352289262455e-07,1.802525421490570878e-06,-5.999360352289262455e-07,1.802525421490570878e-06,-5.999360352289262455e-07,1.802525421490570878e-06,-5.999360352323956924e-07,3.995071509679420764e-07,7.573753570040121985e-07,1.159512764256889810e-05,2.187286797851248281e-05,2.632983418606298809e+00,1.566773680949932235e+01,4.591182734889113770e-01,-1.899058145137593745e-01,4.591183350942389940e-01,-1.899057132412557136e-01,4.591183540255397433e-01,-1.899056821335035061e-01,-3.261338348627296657e+00,-1.263823160884294161e+01,-3.261338348627296657e+00,-1.263823160884294161e+01,-3.261338348627296657e+00,-1.263823160884294161e+01,-3.261338348627310868e+00,-1.263823160884274266e+01
3.659246599079574480e+03,-1.185922731071307602e-13,7.330466345838281348e-14,-2.457906446079301570e-12,1.308191735291201679e-12,-1.000002172003876977e+00,4.458332960033395409e-07,3.001633551739588124e-08,6.466198752559226132e-08,3.001632344892465887e-08,6.466199493578884960e-08,3.001632150256491882e-08,6.466199613112174477e-08,1.902888042247183331e-06,-6.443105978436169945e-07,1.902888042247183331e-06,-6.443105978436169945e-07,1.902888042248050693e-06,-6.443105978436169945e-07,1.902888042247183331e-06,-6.443105978436169945e-07,4.354552779384403783e-07,8.226914401142400211e-07,1.264074967190780272e-05,2.375917536070869200e-05,2.720667124392806002e+00,1.611146477043153524e+01,4.839868176959198909e-01,-2.043060317226552958e-01,4.839868892317082949e-01,-2.043059149768354787e-01,4.839869007701180226e-01,-2.043058961533641693e-01,-3.443957408500142314e+00,-1.296335211279970601e+01,-3.443957408500142314e+00,-1.296335211279970601e+01,-3.443957408500383899e+00,-1.296335211279967758e+01,-3.443957408500383899e+00,-1.296335211279973443e+01
3.766125660298020648e+03,-1.326726903720429961e-13,8.198679864956091372e-14,-2.747281496208114852e-12,1.468774740248349509e-12,-1.000002298654124155e+00,4.716696809792253475e-07,3.311711825691038280e-08,7.013464337003900984e-08,3.311710704669360017e-08,7.013465030936659461e-08,3.311710349007679355e-08,7.013465251170646758e-08,2.008454525714332972e-06,-6.922193500798201615e-07,2.008454525714332972e-06,-6.922193500798201615e-07,2.008454525715200334e-06,-6.922193500798201615e-07,2.008454525713465610e-06,-6.922193500798201615e-07,4.749424345094600146e-07,8.934562655095759328e-07,1.378954321021554755e-05,2.580282610028516456e-05,2.813218891361209728e+00,1.656697829597740679e+01,5.100606848414739325e-01,-2.198567314379273052e-01,5.100607499299135705e-01,-2.198566260652266013e-01,5.100607705842390427e-01,-2.198565926427129558e-01,-3.636183434159606431e+00,-1.329429818389076345e+01,-3.636183434159606431e+00,-1.329429818389076345e+01,-3.636183434159613537e+00,-1.329429818389076345e+01,-3.636183434159585115e+00,-1.329429818389084872e+01
3.876126438902173959e+03,-1.483849814504609081e-13,9.175619797115439369e-14,-3.070056398247503861e-12,1.650106698117261637e-12,-1.000002432569217392e+00,4.993649856122051034e-07,3.655184014272547244e-08,7.604807181270205330e-08,3.655182666479142584e-08,7.604808023196560351e-08,3.655182458789374422e-08,7.604808152953876355e-08,2.119450455298141356e-06,-7.439409329262902659e-07,2.119450455298141356e-06,-7.439409329262902659e-07,2.119450455297273994e-06,-7.439409329332291598e-07,2.119450455297273994e-06,-7.439409329366986068e-07,5.183345105360868462e-07,9.700974022584284125e-07,1.505220072413503584e-05,2.801616184526951395e-05,2.910892675166991239e+00,1.703452594542645926e+01,5.373815437502056369e-01,-2.366475651996239882e-01,5.373816204723869117e-01,-2.366474421100758507e-01,5.373816322982137850e-01,-2.366474231449593735e-01,-3.838450356743691394e+00,-1.363095187080103621e+01,-3.838450356743691394e+00,-1.363095187080103621e+01,-3.838450356743428493e+00,-1.363095187080112147e+01,-3.838450356743428493e+00,-1.363095187080109305e+01
3.989340113831343388e+03,-1.659120264549711202e-13,1.027545774128627812e-13,-3.429966338295106443e-12,1.854959742318885510e-12,-1.000002574152501600e+00,5.290655263334720360e-07,4.035664715558093252e-08,8.243445557610563912e-08,4.035663513047779705e-08,8.243446316118403783e-08,4.035663310952494753e-08,8.243446443685631397e-08,2.236106064265955262e-06,-7.997742696892740089e-07,2.236106064265955262e-06,-7.997742696892740089e-07,2.236106064265955262e-06,-7.997742696892740089e-07,2.236106064265087900e-06,-7.997742696962129028e-07,5.660354153727385384e-07,1.053072061425525111e-06,1.644052912194023415e-05,3.041237839380450962e-05,3.013950119206729727e+00,1.751435759194104236e+01,5.659905061469420184e-01,-2.547743700040079329e-01,5.659905733069051648e-01,-2.547742633037645144e-01,5.659905845982203809e-01,-2.547742453735340473e-01,-4.051203539796449427e+00,-1.397317178047044983e+01,-4.051203539796449427e+00,-1.397317178047044983e+01,-4.051203539796449427e+00,-1.397317178047044983e+01,-4.051203539796435216e+00,-1.397317178047039476e+01
4.105860527173977971e+03,-1.854561457256900907e-13,1.151424813950723239e-13,-3.831143008158607071e-12,2.086481136747554087e-12,-1.000002723828226081e+00,5.609293143721272301e-07,4.457150072070467650e-08,8.932782326765559278e-08,4.457148749690761913e-08,8.932783170014640950e-08,4.457148347928804877e-08,8.932783426385086656e-08,2.358655678207956241e-06,-8.600397673405590915e-07,2.358655678207088879e-06,-8.600397673405590915e-07,2.358655678207088879e-06,-8.600397673405590915e-07,2.358655678207088879e-06,-8.600397673440285384e-07,6.184908695071395934e-07,1.142868584344104873e-06,1.796756140623878082e-05,3.300556820010084122e-05,3.122665510861910132e+00,1.800672246046573477e+01,5.959276487827758206e-01,-2.743397463444891549e-01,5.959277213231046755e-01,-2.743396323274598925e-01,5.959277433740437502e-01,-2.743395976851115137e-01,-4.274899080225238457e+00,-1.432079136912179607e+01,-4.274899080225011083e+00,-1.432079136912179607e+01,-4.274899080225025294e+00,-1.432079136912165396e+01,-4.274899080225231351e+00,-1.432079136912173745e+01
4.225784261952773704e+03,-2.072409853880568367e-13,1.291017737446885344e-13,-4.278152989921809552e-12,2.348243582709602949e-12,-1.000002882042481112e+00,5.951269331783137773e-07,4.924052767136047337e-08,9.676409340182538787e-08,4.924051318381736375e-08,9.676410274808179557e-08,4.924050952832131900e-08,9.676410510752256333e-08,2.487337061467947974e-06,-9.250805508044523950e-07,2.487337061467947974e-06,-9.250805508044523950e-07,2.487337061466213251e-06,-9.250805508044523950e-07,2.487337061464478527e-06,-9.250805508079218420e-07,6.761925374880106343e-07,1.240007920917265448e-06,1.964767845968736707e-05,3.581076248512291677e-05,3.237326030483517858e+00,1.851186869276068947e+01,6.272317702429567321e-01,-2.954531964789806620e-01,6.272318483642775888e-01,-2.954530751060888139e-01,6.272318680840421878e-01,-2.954530444831119373e-01,-4.510002969510818360e+00,-1.467361719764522654e+01,-4.510002969510818360e+00,-1.467361719764522654e+01,-4.510002969510839677e+00,-1.467361719764522654e+01,-4.510002969510811255e+00,-1.467361719764522832e+01
4.349210722181718666e+03,-2.315135548889331934e-13,1.448384483804113907e-13,-4.776039217065068703e-12,2.644302051929899937e-12,-1.000003049264296395e+00,6.318420643219857524e-07,5.441243478270657574e-08,1.047810840974772173e-07,5.441241944991945245e-08,1.047810941133368867e-07,5.441241569814625478e-08,1.047810965662358818e-07,2.622390659700636617e-06,-9.952637246950224448e-07,2.622390659700636617e-06,-9.952637246950224448e-07,2.622390659701503979e-06,-9.952637246950224448e-07,2.622390659701503979e-06,-9.952637246950224448e-07,7.396825260355630170e-07,1.345045082157348114e-06,2.149674168673489189e-05,3.884397247410479762e-05,3.358228654948966163e+00,1.903004392102241482e+01,6.599399146729986176e-01,-3.182315664830053237e-01,6.599399960085224892e-01,-3.182314416786393707e-01,6.599400159238805186e-01,-3.182314111344317076e-01,-4.756990099839025987e+00,-1.503142716018941805e+01,-4.756990099839025987e+00,-1.503142716018941805e+01,-4.756990099839025987e+00,-1.503142716018941805e+01,-4.756990099839025987e+00,-1.503142716018941805e+01
4.476242215261443562e+03,-2.585464231218390624e-13,1.625857977610700904e-13,-5.330365639382379479e-12,2.979257930858089446e-12,-1.000003225986545674e+00,6.712727602664614324e-07,6.014094292927998908e-08,1.134185145619179269e-07,6.014092778687876728e-08,1.134185245860175328e-07,6.014092286373354246e-08,1.134185278475145081e-07,2.764058726270092470e-06,-1.070981653122221600e-06,2.764058726270092470e-06,-1.070981653122221600e-06,2.764058726270092470e-06,-1.070981653122221600e-06,2.764058726267490385e-06,-1.070981653125691047e-06,8.095582698459680930e-07,1.458570546462580772e-06,2.353223719850305141e-05,4.212222914238392840e-05,3.485683044012918952e+00,1.956149390753753536e+01,6.940869234799003085e-01,-3.427993629192576663e-01,6.940870025730532245e-01,-3.427992431536033280e-01,6.940870283066039592e-01,-3.427992042073451651e-01,-5.016343086125134576e+00,-1.539396867160529503e+01,-5.016343086125134576e+00,-1.539396867160529503e+01,-5.016343086125134576e+00,-1.539396867160529503e+01,-5.016343086125076844e+00,-1.539396867160532523e+01
4.606984036781168470e+03,-2.886400795577626638e-13,1.826079817257702285e-13,-5.947265214134397844e-12,3.358331357869586181e-12,-1.000003412726976348e+00,7.136324854661868500e-07,6.648526118535613705e-08,1.227179835369598265e-07,6.648524502553959659e-08,1.227179943876551688e-07,6.648524009458811612e-08,1.227179977005433270e-07,2.912584327747526347e-06,-1.152653252543128781e-06,2.912584327747526347e-06,-1.152653252543128781e-06,2.912584327747526347e-06,-1.152653252543128781e-06,2.912584327747526347e-06,-1.152653252543128781e-06,8.864778314007541054e-07,1.581211599768261251e-06,2.577343234194173961e-05,4.566362086401335818e-05,3.620011729741038131e+00,2.010646201885584716e+01,7.297049090085176992e-01,-3.692891060303234996e-01,7.297049921890160773e-01,-3.692889818431885907e-01,7.297050175829500329e-01,-3.692889439505156468e-01,-5.288550905657076306e+00,-1.576095684861351209e+01,-5.288550905657076306e+00,-1.576095684861351209e+01,-5.288550905656848933e+00,-1.576095684861351209e+01,-5.288550905656848933e+00,-1.576095684861351209e+01
4.741544557797541529e+03,-3.221254655601100128e-13,2.052040437676148332e-13,-6.633491319880448930e-12,3.787442721765649713e-12,-1.000003610029321699e+00,7.591510439997062321e-07,7.351058863621501294e-08,1.327229302114808079e-07,7.351057073430242172e-08,1.327229424143930997e-07,7.351056647815837342e-08,1.327229453165854750e-07,3.068210220178238523e-06,-1.240725288467747767e-06,3.068210220178238523e-06,-1.240725288467747767e-06,3.068210220178238523e-06,-1.240725288467747767e-06,3.068210220178238523e-06,-1.240725288467747767e-06,9.711656395478178074e-07,1.713633585176178784e-06,2.824154533260122594e-05,4.948732822211203511e-05,3.761548953902036363e+00,2.066518908215126160e+01,7.668227200628457974e-01,-3.978416040234736273e-01,7.668228109507029266e-01,-3.978414703480775971e-01,7.668228325628909658e-01,-3.978414385777943596e-01,-5.574107341305565733e+00,-1.613207269646736108e+01,-5.574107341305565733e+00,-1.613207269646736108e+01,-5.574107341305565733e+00,-1.613207269646736108e+01,-5.574107341305778895e+00,-1.613207269646744635e+01
4.880035314662713063e+03,-3.593666797781599486e-13,2.307124258864037150e-13,-7.396472659068018560e-12,4.273304386347548469e-12,-1.000003818464367589e+00,8.080758174544566685e-07,8.128866201342899167e-08,1.434785625593470310e-07,8.128864228658730373e-08,1.434785762207280851e-07,8.128863874818509361e-08,1.434785786731933993e-07,3.231177586897684972e-06,-1.335673664591002785e-06,3.231177586897684972e-06,-1.335673664591002785e-06,3.231177586897684972e-06,-1.335673664591002785e-06,3.231177586895950249e-06,-1.335673664591002785e-06,1.064418690681933902e-06,1.856541033924725577e-06,3.095992872811111193e-05,5.361365512343075398e-05,3.910641472414430275e+00,2.123791259611866522e+01,8.054653081677145554e-01,-4.286062775804527769e-01,8.054654070331861426e-01,-4.286061344532029471e-01,8.054654247773235243e-01,-4.286061087779593493e-01,-5.873509209177649737e+00,-1.650696130961631880e+01,-5.873509209177649737e+00,-1.650696130961631880e+01,-5.873509209177649737e+00,-1.650696130961631880e+01,-5.873509209177664836e+00,-1.650696130961623354e+01
5.022571101476099102e+03,-4.007638602014825852e-13,2.595160391578119410e-13,-8.244371685851775687e-12,4.823523817594404059e-12,-1.000004038631070458e+00,8.606729920285216551e-07,8.989833971337346519e-08,1.550317557394778611e-07,8.989831890796745606e-08,1.550317703907354988e-07,8.989831529714054081e-08,1.550317729355748381e-07,3.401724631871966276e-06,-1.438004693384009602e-06,3.401724631871966276e-06,-1.438004693384009602e-06,3.401724631871966276e-06,-1.438004693384009602e-06,3.401724631871966276e-06,-1.438004693390948496e-06,1.167113237337139723e-06,2.010678647534905347e-06,3.395426751233749117e-05,5.806405529503479146e-05,4.067648662355129119e+00,2.182486613189496794e+01,8.456530495248407719e-01,-4.617414414713139070e-01,8.456531525423209850e-01,-4.617412947904555587e-01,8.456531704336368582e-01,-4.617412693289258963e-01,-6.187254364672361007e+00,-1.688523011275874808e+01,-6.187254364672361007e+00,-1.688523011275874808e+01,-6.187254364672361007e+00,-1.688523011275874808e+01,-6.187254364672332585e+00,-1.688523011275874808e+01
5.169270065236477421e+03,-4.467562434328409184e-13,2.920479516952882685e-13,-9.186146550884381705e-12,5.446719401851311895e-12,-1.000004271157708402e+00,9.172288557013352772e-07,9.942622577769483216e-08,1.674309140463348111e-07,9.942620567658655428e-08,1.674309284480091087e-07,9.942620016363534763e-08,1.674309324027449530e-07,3.580085021869308659e-06,-1.548256334957254232e-06,3.580085021869308659e-06,-1.548256334957254232e-06,3.580085021869308659e-06,-1.548256334957254232e-06,3.580085021869308659e-06,-1.548256334953784785e-06,1.280211987392214803e-06,2.176832097013386854e-06,3.725279251718347922e-05,6.286115311609538462e-05,4.232942595273941677e+00,2.242627871700002373e+01,8.874010064463393466e-01,-4.974145589267934819e-01,8.874011048314084382e-01,-4.974144212555141054e-01,8.874011318496222156e-01,-4.974143834699890077e-01,-6.515839475514995982e+00,-1.726644716271039925e+01,-6.515839475514995982e+00,-1.726644716271039925e+01,-6.515839475514995982e+00,-1.726644716271039925e+01,-6.515839475514754398e+00,-1.726644716271039570e+01
5.320253803773273830e+03,-4.978253993564695185e-13,3.287977622206042923e-13,-1.023161650286778265e-11,6.152650364864447968e-12,-1.000004516703025370e+00,9.780512688073450533e-07,1.099673383915533709e-07,1.807257882843055219e-07,1.099673182514138148e-07,1.807258029834848956e-07,1.099673115380339627e-07,1.807258078849460770e-07,3.766486171537589134e-06,-1.666999388607454113e-06,3.766486171537589134e-06,-1.666999388607454113e-06,3.766486171537589134e-06,-1.666999388600515219e-06,3.766486171537589134e-06,-1.666999388607454113e-06,1.404771835818042065e-06,2.355828601328165393e-06,4.088650987716304784e-05,6.802875762275068861e-05,4.406908732988821242e+00,2.304237400464048235e+01,9.307181078296434817e-01,-5.358024875745658333e-01,9.307182053949574208e-01,-5.358023535134950333e-01,9.307182379282595841e-01,-5.358023088378151000e-01,-6.859757551457032143e+00,-1.765013953388159962e+01,-6.859757551457032143e+00,-1.765013953388159962e+01,-6.859757551457017932e+00,-1.765013953388168488e+01,-6.859757551457259517e+00,-1.765013953388159962e+01
5.475647466538222034e+03,-5.544986369814548236e-13,3.703187331334440651e-13,-1.139153062936645985e-11,6.952362335306261894e-12,-1.000004775957466396e+00,1.043471022893482925e-06,1.216258125619901209e-07,1.949672505216666629e-07,1.216257886323471316e-07,1.949672683238326543e-07,1.216257844273774258e-07,1.949672714541411667e-07,3.961147368265402480e-06,-1.794838622466016220e-06,3.961147368265402480e-06,-1.794838622466016220e-06,3.961147368265402480e-06,-1.794838622466016220e-06,3.961147368265402480e-06,-1.794838622459077326e-06,1.541952150203091479e-06,2.548537244848224972e-06,4.488944719560874672e-05,7.359186843826949216e-05,4.589945264256864554e+00,2.367336983601687805e+01,9.756063004913031467e-01,-5.770916354906371337e-01,9.756064153039206710e-01,-5.770914807167237814e-01,9.756064354913623893e-01,-5.770914535179402227e-01,-7.219495228882808036e+00,-1.803579182025327299e+01,-7.219495228882808036e+00,-1.803579182025327299e+01,-7.219495228882808036e+00,-1.803579182025327299e+01,-7.219495228882579774e+00,-1.803579182025335825e+01
5.635579858340943247e+03,-6.173525738327846045e-13,4.172357640312376575e-13,-1.267763974623156985e-11,7.858350232635761650e-12,-1.000005049644510979e+00,1.113843055774998980e-06,1.345156343890777095e-07,2.102070225879285048e-07,1.345156120458393390e-07,2.102070395413810355e-07,1.345156049274015553e-07,2.102070449476467484e-07,4.164277734194227198e-06,-1.932413823284295784e-06,4.164277734194227198e-06,-1.932413823284295784e-06,4.164277734195961922e-06,-1.932413823280826337e-06,4.164277734192492475e-06,-1.932413823284295784e-06,1.693023628762856382e-06,2.755868989569953017e-06,4.929891703287995867e-05,7.957667225596139996e-05,4.782461097187148624e+00,2.431947819165589664e+01,1.022059680293800010e+00,-6.214780131621149284e-01,1.022059786536538839e+00,-6.214778727446367279e-01,1.022059820406220121e+00,-6.214778280082077222e-01,-7.595529806966550446e+00,-1.842284478404032555e+01,-7.595529806966550446e+00,-1.842284478404032555e+01,-7.595529806966564657e+00,-1.842284478404032555e+01,-7.595529806966522024e+00,-1.842284478404043568e+01
5.800183546114423734e+03,-6.870168568744410249e-13,4.702542915108077387e-13,-1.410277114435093838e-11,8.884740281695629344e-12,-1.000005338521683607e+00,1.189548875638046788e-06,1.487614603125006485e-07,2.264973104687192929e-07,1.487614339212850467e-07,2.264973309137364998e-07,1.487614294803929482e-07,2.264973343575962805e-07,4.376074018874742677e-06,-2.080400741837074019e-06,4.376074018874742677e-06,-2.080400741837074019e-06,4.376074018876477401e-06,-2.080400741830135125e-06,4.376074018874742677e-06,-2.080400741837074019e-06,1.859377742323762336e-06,2.978776330995628437e-06,5.415579812041896273e-05,8.601052828572405655e-05,4.984881035867360310e+00,2.498090294066015815e+01,1.070063343480099238e+00,-6.691675141175309482e-01,1.070063467961025694e+00,-6.691673529668960008e-01,1.070063488920822259e+00,-6.691673258482471187e-01,-7.988326010544828826e+00,-1.881069415812951817e+01,-7.988326010544828826e+00,-1.881069415812951817e+01,-7.988326010544843037e+00,-1.881069415812957502e+01,-7.988326010545056199e+00,-1.881069415812951817e+01
5.969594968798895934e+03,-7.641780208520088640e-13,5.301702125282692137e-13,-1.568090585451881872e-11,1.004749317075551479e-11,-1.000005643382168907e+00,1.270997225633063721e-06,1.644994027287863259e-07,2.438904266287289513e-07,1.644993766021160542e-07,2.438904473079338275e-07,1.644993704880831631e-07,2.438904521521491342e-07,4.596718235678337594e-06,-2.239511925659215530e-06,4.596718235680072318e-06,-2.239511925659215530e-06,4.596718235678337594e-06,-2.239511925659215530e-06,4.596718235678337594e-06,-2.239511925659215530e-06,2.042536782328815382e-06,3.218252554145596714e-06,5.950483501444435355e-05,9.292194127716470577e-05,5.197639095456256797e+00,2.565784119435246780e+01,1.119592527289186235e+00,-7.203756621513528469e-01,1.119592649625554825e+00,-7.203755071294187795e-01,1.119592678278055864e+00,-7.203754708439541465e-01,-8.398332533519264231e+00,-1.919868969281669990e+01,-8.398332533519292653e+00,-1.919868969281664306e+01,-8.398332533519250021e+00,-1.919868969281669990e+01,-8.398332533519264231e+00,-1.919868969281669990e+01
6.143954550435200872e+03,-8.495834616944525842e-13,5.978809297715271458e-13,-1.742725790503337646e-11,1.136463042900646874e-11,-1.000005965055844603e+00,1.358626812122953886e-06,1.818779317873039925e-07,2.624382769767820422e-07,1.818779029509956513e-07,2.624383003166190498e-07,1.818778980937699186e-07,2.624383042505382124e-07,4.826375129931767538e-06,-2.410497401541394913e-06,4.826375129931767538e-06,-2.410497401541394913e-06,4.826375129930032815e-06,-2.410497401551803254e-06,4.826375129928298091e-06,-2.410497401555272701e-06,2.244164511682819680e-06,3.475330526552043963e-06,6.539495617434817236e-05,1.003405201461608076e-04,5.421184242934757869e+00,2.635048086812036061e+01,1.170611309456143667e+00,-7.753277806529825789e-01,1.170611443603832624e+00,-7.753276144054623842e-01,1.170611466217049923e+00,-7.753275863979068872e-01,-8.825978302525163244e+00,-1.958613441203077699e+01,-8.825978302525163244e+00,-1.958613441203077699e+01,-8.825978302524680075e+00,-1.958613441203077699e+01,-8.825978302524649877e+00,-1.958613441203077699e+01
6.323406816561372580e+03,-9.440455011406800741e-13,6.743976320167379435e-13,-1.935835500895840346e-11,1.285648637830773998e-11,-1.000006304410869795e+00,1.452907425578131573e-06,2.010587432628788140e-07,2.821918188081196099e-07,2.010587152540335709e-07,2.821918420087450585e-07,2.010587080844214447e-07,2.821918479523413681e-07,5.065189500023589697e-06,-2.594145201161718317e-06,5.065189500023589697e-06,-2.594145201161718317e-06,5.065189500023589697e-06,-2.594145201161718317e-06,5.065189500021854974e-06,-2.594145201165187764e-06,2.466077435744187454e-06,3.751080981535746547e-06,7.187961104391104737e-05,1.082969206842711258e-04,5.655975618117470738e+00,2.705900145189900741e+01,1.223071578204283583e+00,-8.342586522228989665e-01,1.223071707773022876e+00,-8.342584952961223932e-01,1.223071740964285059e+00,-8.342584551230947110e-01,-9.271668535808940348e+00,-1.997228418544721151e+01,-9.271668535808940348e+00,-1.997228418544721151e+01,-9.271668535808940348e+00,-1.997228418544721151e+01,-9.271668535808883505e+00,-1.997228418544726836e+01
6.508100514008929167e+03,-1.048445508803873765e-12,7.608589242383894419e-13,-2.149211989587784301e-11,1.454598807381713415e-11,-1.000006662354867792e+00,1.554342581533418866e-06,2.222177166661190584e-07,3.032003808045059812e-07,2.222176851149684773e-07,3.032004075712892155e-07,2.222176799593703067e-07,3.032004119488639071e-07,5.313283367875884511e-06,-2.791281692744035370e-06,5.313283367875884511e-06,-2.791281692744035370e-06,5.313283367879353958e-06,-2.791281692744035370e-06,5.313283367875884511e-06,-2.791281692747504817e-06,2.710256682816029323e-06,4.046610225579055087e-06,7.901712590610463990e-05,1.168227702440518493e-04,5.902486213369815715e+00,2.778357220342729406e+01,1.276911668461372606e+00,-8.974124341247924352e-01,1.276911813701834486e+00,-8.974122623648577157e-01,1.276911837450217080e+00,-8.974122342978049227e-01,-9.735780558190910483e+00,-2.035634759918065839e+01,-9.735780558190910483e+00,-2.035634759918065839e+01,-9.735780558190938905e+00,-2.035634759918065839e+01,-9.735780558190882061e+00,-2.035634759918060155e+01
6.698188734198168277e+03,-1.163738045181689221e-12,8.585459361260549104e-13,-2.384795142547150223e-11,1.645896593158611277e-11,-1.000007039836557254e+00,1.663470903301433879e-06,2.455458430758797328e-07,3.255109309995701805e-07,2.455458108117578031e-07,3.255109590543855957e-07,2.455458048078798527e-07,3.255109642785053436e-07,5.570753023105556867e-06,-3.002771708532359085e-06,5.570753023105556867e-06,-3.002771708532359085e-06,5.570753023105556867e-06,-3.002771708532359085e-06,5.570753023105556867e-06,-3.002771708539297979e-06,2.978860500378976352e-06,4.363057218297196141e-06,8.687107876715514053e-05,1.259505726886318670e-04,6.161198698549222641e+00,2.852435275917001789e+01,1.332055218829577781e+00,-9.650421378712797926e-01,1.332055366735402924e+00,-9.650419672093256684e-01,1.332055394278825577e+00,-9.650419354490262780e-01,-1.021865944297501194e+01,-2.073748621484194032e+01,-1.021865944297501194e+01,-2.073748621484194032e+01,-1.021865944297501194e+01,-2.073748621484194032e+01,-1.021865944297495510e+01,-2.073748621484211085e+01
6.893829040034660466e+03,-1.290954977745033508e-12,9.688990406486523904e-13,-2.644680437385631058e-11,1.862449781512097913e-11,-1.000007437847032055e+00,1.780868877643282389e-06,2.712502288520005078e-07,3.491671918091909799e-07,2.712501959512350624e-07,3.491672211572427464e-07,2.712501889993307325e-07,3.491672273649507052e-07,5.837665945952752455e-06,-3.229518432453643006e-06,5.837665945952752455e-06,-3.229518432453643006e-06,5.837665945952752455e-06,-3.229518432446704113e-06,5.837665945952752455e-06,-3.229518432457112453e-06,3.274237346725493120e-06,4.701589957882183020e-06,9.551069275100721909e-05,1.357135914158203219e-04,6.432608373895088327e+00,2.928149157770684852e+01,1.388409732319769274e+00,-1.037409298992817641e+00,1.388409882662910988e+00,-1.037409129869862667e+00,1.388409914462466421e+00,-1.037409094122535125e+00,-1.072061346133659221e+01,-2.111481521116703064e+01,-1.072061346133659221e+01,-2.111481521116703064e+01,-1.072061346133647852e+01,-2.111481521116691695e+01,-1.072061346133659221e+01,-2.111481521116703064e+01
7.095183596512132681e+03,-1.431209518333843174e-12,1.093536328471681577e-12,-2.931126666796454643e-11,2.107528964354636893e-11,-1.000007857421358892e+00,1.907152785363130931e-06,2.995550743662908633e-07,3.742086729235927223e-07,2.995550437111249575e-07,3.742087009966227340e-07,2.995550328916546379e-07,3.742087109131694844e-07,6.114057638572506503e-06,-3.472463036287287697e-06,6.114057638572506503e-06,-3.472463036287287697e-06,6.114057638572506503e-06,-3.472463036287287697e-06,6.114057638569037056e-06,-3.472463036294226590e-06,3.598939572202572529e-06,5.063401119191385420e-06,1.050112479020713359e-04,1.461457086445028372e-04,6.717220899251859834e+00,3.005512601315874122e+01,1.445865291731626368e+00,-1.114783296769956467e+00,1.445865431451681671e+00,-1.114783143653576003e+00,1.445865480801022729e+00,-1.114783089615092093e+00,-1.124190941286009782e+01,-2.148740448562239536e+01,-1.124190941286009782e+01,-2.148740448562239536e+01,-1.124190941286009782e+01,-2.148740448562239536e+01,-1.124190941285989886e+01,-2.148740448562234207e+01
7.302419305129988970e+03,-1.585700118499481270e-12,1.234273988307779865e-12,-3.246563258117467259e-11,2.384809568749086715e-11,-1.000008299639990161e+00,2.042981482042183217e-06,3.307026928819553624e-07,4.006695506495253079e-07,3.307026585006034303e-07,4.006695830003834113e-07,3.307026497654033670e-07,4.006695912281768579e-07,6.399928381587566273e-06,-3.732584035132102684e-06,6.399928381587566273e-06,-3.732584035132102684e-06,6.399928381587566273e-06,-3.732584035139041578e-06,6.399928381584096826e-06,-3.732584035139041578e-06,3.955737662069020181e-06,5.449702881666099368e-06,1.154545106368890921e-04,1.572812588300489742e-04,7.015553886575826681e+00,3.084538122304251218e+01,1.504293100002883854e+00,-1.197440710167678946e+00,1.504293256449068084e+00,-1.197440543307432881e+00,1.504293296232073196e+00,-1.197440500907869243e+00,-1.178276784779207631e+01,-2.185428022523246483e+01,-1.178276784779207631e+01,-2.185428022523246483e+01,-1.178276784779213315e+01,-2.185428022523257852e+01,-1.178276784779207631e+01,-2.185428022523252167e+01
7.515707942236891540e+03,-1.755714153406534912e-12,1.393148757458814873e-12,-3.593597024525183399e-11,2.698418200808955879e-11,-1.000008765630530316e+00,2.189058276508282219e-06,3.649544820464450945e-07,4.285774571986117332e-07,3.649544470423274345e-07,4.285774910716896868e-07,3.649544372732321795e-07,4.285775005346062483e-07,6.695239951812897994e-06,-4.010896352678317012e-06,6.695239951812897994e-06,-4.010896352678317012e-06,6.695239951805959100e-06,-4.010896352678317012e-06,6.695239951809428547e-06,-4.010896352685255906e-06,4.347635023848144450e-06,5.861720897624311589e-06,1.269291803910279248e-04,1.691548344224085834e-04,7.328133329256653283e+00,3.165237072436521615e+01,1.563544223125703070e+00,-1.285664295281985225e+00,1.563544382291450097e+00,-1.285664130188437948e+00,1.563544426745936633e+00,-1.285664084114617411e+00,-1.234335826121364121e+01,-2.221442700962001382e+01,-1.234335826121364121e+01,-2.221442700962001382e+01,-1.234335826121327173e+01,-2.221442700962001382e+01,-1.234335826121361279e+01,-2.221442700962001382e+01
7.735226301415075795e+03,-1.942631311903515661e-12,1.572442610420855687e-12,-3.975018152159787625e-11,3.052983658175264080e-11,-1.000009256569145411e+00,2.346134227171337017e-06,4.025919429200691679e-07,4.579520746315207669e-07,4.025919078734507828e-07,4.579521095358918270e-07,4.025918964728480987e-07,4.579521209009326799e-07,6.999912323214091403e-06,-4.308450067207203471e-06,6.999912323214091403e-06,-4.308450067207203471e-06,6.999912323214091403e-06,-4.308450067207203471e-06,6.999912323207152509e-06,-4.308450067214142365e-06,4.777883276857618666e-06,6.300687341355319532e-06,1.395313522538900951e-04,1.818010618494601133e-04,7.655496464703070103e+00,3.247619498040354813e+01,1.623448063234687266e+00,-1.379742103237961537e+00,1.623448222595040624e+00,-1.379741942622161543e+00,1.623448274474844855e+00,-1.379741890377399915e+00,-1.292379427125732327e+01,-2.256679044011435664e+01,-1.292379427125732327e+01,-2.256679044011435664e+01,-1.292379427125732327e+01,-2.256679044011435664e+01,-1.292379427125755065e+01,-2.256679044011441349e+01
7.961156340023413577e+03,-2.147926604657801294e-12,1.774709870555929898e-12,-4.393805211791443366e-11,3.453692999862433678e-11,-1.000009773682287939e+00,2.515010682713203494e-06,4.439176362770053119e-07,4.888036177416732464e-07,4.439175990758603696e-07,4.888036559090591648e-07,4.439175881523066414e-07,4.888036671292506075e-07,7.313820397154835451e-06,-4.626328837777082814e-06,7.313820397154835451e-06,-4.626328837777082814e-06,7.313820397154835451e-06,-4.626328837777082814e-06,7.313820397158304898e-06,-4.626328837777082814e-06,5.249998019831330056e-06,6.767833000026335191e-06,1.533649948943951297e-04,1.952543461603290908e-04,7.998190134426101494e+00,3.331694143694885923e+01,1.683811034965646769e+00,-1.479966233524888652e+00,1.683811204283291563e+00,-1.479966067857915402e+00,1.683811254050560757e+00,-1.479966019204648209e+00,-1.352412888353513765e+01,-2.291028035478455038e+01,-1.352412888353513765e+01,-2.291028035478455038e+01,-1.352412888353513765e+01,-2.291028035478455038e+01,-1.352412888353502218e+01,-2.291028035478455038e+01
8.193685330020702168e+03,-2.373172889521502316e-12,2.002806935535402298e-12,-4.853128951106573528e-11,3.906353075832390203e-11,-1.000010318248437224e+00,2.696542073243879400e-06,4.892561085607927129e-07,5.211311591823281075e-07,4.892560713648519410e-07,5.211311985345301601e-07,4.892560587603511646e-07,5.211312118823599460e-07,7.636790797026921096e-06,-4.965647996929556385e-06,7.636790797026921096e-06,-4.965647996929556385e-06,7.636790797030390543e-06,-4.965647996936495279e-06,7.636790797030390543e-06,-4.965647996922617491e-06,5.767775033951236241e-06,7.264378362412120840e-06,1.685424425097143233e-04,2.095485825744276300e-04,8.356769818204821121e+00,3.417468440513454908e+01,1.744415254323683273e+00,-1.586631449488224765e+00,1.744415423940029353e+00,-1.586631288513151716e+00,1.744415481473541973e+00,-1.586631233959608256e+00,-1.414434989175391522e+01,-2.324377463165246382e+01,-1.414434989175391522e+01,-2.324377463165246382e+01,-1.414434989175394364e+01,-2.324377463165235014e+01,-1.414434989175405732e+01,-2.324377463165252067e+01
8.433006013194184561e+03,-2.620042802455561795e-12,2.259924819988466367e-12,-5.356354596735292486e-11,4.417457942361392706e-11,-1.000010891599696805e+00,2.891639440699700359e-06,5.389547972200342540e-07,5.549207642520023742e-07,5.389547526567228797e-07,5.549208129162000458e-07,5.389547457473192749e-07,5.549208204683186985e-07,7.968598768670620558e-06,-5.327552303542593126e-06,7.968598768674090005e-06,-5.327552303542593126e-06,7.968598768670620558e-06,-5.327552303542593126e-06,7.968598768667151111e-06,-5.327552303549532020e-06,6.335306877367289999e-06,7.791523670134676077e-06,1.851848994600692455e-04,2.247168333893076453e-04,8.731801234466747275e+00,3.504948416526722355e+01,1.805017149723441516e+00,-1.700033746094223419e+00,1.805017353526419344e+00,-1.700033558686196988e+00,1.805017385151893361e+00,-1.700033529628073525e+00,-1.478437547969202548e+01,-2.356612358471975810e+01,-1.478437547969205390e+01,-2.356612358471975810e+01,-1.478437547969202548e+01,-2.356612358471975810e+01,-1.478437547969202548e+01,-2.356612358471959112e+01
8.679316760921987225e+03,-2.890309975414241000e-12,2.549624735511522939e-12,-5.907042372799682444e-11,4.994262625787116624e-11,-1.000011495123861671e+00,3.101272818578637569e-06,5.933848099739374993e-07,5.901435277243932687e-07,5.933847704812228452e-07,5.901435722668879613e-07,5.933847568462963240e-07,5.901435876660282576e-07,8.308965240629018201e-06,-5.713213370353575904e-06,8.308965240629018201e-06,-5.713213370353575904e-06,8.308965240615140413e-06,-5.713213370360514798e-06,8.308965240625548754e-06,-5.713213370346637010e-06,6.956999843232718927e-06,8.350437914051452823e-06,2.034229566746379510e-04,2.407909691706856033e-04,9.123856278621902405e+00,3.594138795448531454e+01,1.865346434756885774e+00,-1.820468472705365937e+00,1.865346616017001358e+00,-1.820468311320821320e+00,1.865346678670259051e+00,-1.820468255591007001e+00,-1.544405013996463083e+01,-2.387615498024931071e+01,-1.544405013996463083e+01,-2.387615498024931071e+01,-1.544405013996497189e+01,-2.387615498024936755e+01,-1.544405013996491505e+01,-2.387615498024925387e+01
8.932821738601873221e+03,-3.185849404645632777e-12,2.875876929716232768e-12,-6.508945897732879799e-11,5.644863698148299771e-11,-1.000012130265746313e+00,3.326476187198723622e-06,6.529417403994958180e-07,6.267533136823655315e-07,6.529416942679944214e-07,6.267533674969572033e-07,6.529416856464187457e-07,6.267533775670269813e-07,8.657554075655604642e-06,-6.123826751663896673e-06,8.657554075655604642e-06,-6.123826751663896673e-06,8.657554075648665748e-06,-6.123826751670835566e-06,8.657554075645196301e-06,-6.123826751670835566e-06,7.637591215511022966e-06,8.942246745389379527e-06,2.233971177698164303e-04,2.578012727284464825e-04,9.533519119909334094e+00,3.685042768461099172e+01,1.925104634981408713e+00,-1.948228773435617400e+00,1.925104847757469262e+00,-1.948228590236201319e+00,1.925104887576642110e+00,-1.948228555981930121e+00,-1.612314092242000996e+01,-2.417267961418957611e+01,-1.612314092242000996e+01,-2.417267961418957611e+01,-1.612314092241992469e+01,-2.417267961418946243e+01,-1.612314092241992824e+01,-2.417267961418951927e+01
9.193731074882638495e+03,-3.508636833006119658e-12,3.243103045553115324e-12,-7.166008114833688027e-11,6.378287206373345392e-11,-1.000012798529648306e+00,3.568349298016526561e-06,7.180462274023607927e-07,6.646845034201376290e-07,7.180461843152990964e-07,6.646845554462293970e-07,7.180461710533381225e-07,6.646845714802784855e-07,9.013969587419456975e-06,-6.560608746111751266e-06,9.013969587419456975e-06,-6.560608746111751266e-06,9.013969587422926422e-06,-6.560608746111751266e-06,9.013969587415987528e-06,-6.560608746111751266e-06,8.382166829546534279e-06,9.568019318014978617e-06,2.452583348776079999e-04,2.757760056818640338e-04,9.961378487325024622e+00,3.777662222795236602e+01,1.983964472991483596e+00,-2.083603186799433793e+00,1.983964672854884759e+00,-2.083603020529698924e+00,1.983964734455096135e+00,-2.083602969334530819e+00,-1.682133420727259221e+01,-2.445449750533953903e+01,-1.682133420727259221e+01,-2.445449750533953903e+01,-1.682133420727253537e+01,-2.445449750533948219e+01,-1.682133420727242168e+01,-2.445449750533948219e+01
9.462261035838391763e+03,-3.860746983731242709e-12,3.656222244439283614e-12,-7.882354345060501230e-11,7.204584463619477215e-11,-1.000013501480676581e+00,3.828063245725488173e-06,7.891445729397289499e-07,7.038493733662470886e-07,7.891445256442281009e-07,7.038494325584815359e-07,7.891445150502718331e-07,7.038494458360550210e-07,9.377754341077099154e-06,-7.024792892385001153e-06,9.377754341077099154e-06,-7.024792892385001153e-06,9.377754341077099154e-06,-7.024792892391940047e-06,9.377754341070160260e-06,-7.024792892391940047e-06,9.196178855175595216e-06,1.022875403908946959e-05,2.691685515284529756e-04,2.947409362519916656e-04,1.040803449733362029e+01,3.871997493911823796e+01,2.041568584031371980e+00,-2.226873787002344951e+00,2.041568804979828844e+00,-2.226873609620891870e+00,2.041568854537707534e+00,-2.226873569873458525e+00,-1.753823295884608768e+01,-2.472040458177518829e+01,-1.753823295884608768e+01,-2.472040458177518829e+01,-1.753823295884583189e+01,-2.472040458177513145e+01,-1.753823295884605926e+01,-2.472040458177496092e+01
9.738634204230123942e+03,-4.244350488657483427e-12,4.120701397255290733e-12,-8.662282052952257057e-11,8.134936325880910646e-11,-1.000014240747159500e+00,4.106863136371652345e-06,8.667090763327806036e-07,7.441354797424470924e-07,8.667090330115312380e-07,7.441355359873863540e-07,8.667090169549307443e-07,7.441355568595792169e-07,9.748387314118672764e-06,-7.517626237733832095e-06,9.748387314118672764e-06,-7.517626237733832095e-06,9.748387314118672764e-06,-7.517626237733832095e-06,9.748387314122142211e-06,-7.517626237733832095e-06,1.008546383603562445e-05,1.092536326824147786e-05,2.953012532318704066e-04,3.147188286801558179e-04,1.087409302056458671e+01,3.968047533984357500e+01,2.097529098738548647e+00,-2.378313558295106489e+00,2.097529302743938118e+00,-2.378313400396742328e+00,2.097529378448021120e+00,-2.378313341868227848e+00,-1.827335467364004629e+01,-2.496919989784302629e+01,-1.827335467364004629e+01,-2.496919989784302629e+01,-1.827335467364004629e+01,-2.496919989784302629e+01,-1.827335467364033050e+01,-2.496919989784296945e+01
1.002307966400312034e+04,-4.661709324613884721e-12,4.642609630593485302e-12,-9.510246844132894502e-11,9.181766544678800020e-11,-1.000015018022144320e+00,4.406073748325356476e-06,9.512383528798712407e-07,7.854027074000874409e-07,9.512383045400668591e-07,7.854027726031387324e-07,9.512382920882217485e-07,7.854027894264870024e-07,1.012528243710467124e-05,-8.040365378408909081e-06,1.012528243710467124e-05,-8.040365378408909081e-06,1.012528243710467124e-05,-8.040365378408909081e-06,1.012528243709773235e-05,-8.040365378415847974e-06,1.105626092722455495e-05,1.165865696541396060e-05,3.238420236579766945e-04,3.357288934888667505e-04,1.136017074936367699e+01,4.065809721016889711e+01,2.151426764815636439e+00,-2.538184147049483919e+00,2.151426994594318742e+00,-2.538183975833296468e+00,2.151427053873646411e+00,-2.538183931709749430e+00,-1.902612999287006446e+01,-2.519969324931289734e+01,-1.902612999287006446e+01,-2.519969324931289734e+01,-1.902612999287006446e+01,-2.519969324931289734e+01,-1.902612999287035223e+01,-2.519969324931284049e+01
1.031583319017318172e+04,-5.115170575732460993e-12,5.228677580683138850e-12,-1.043084420613114462e-10,1.035886491216078446e-10,-1.000015835065818592e+00,4.727102807050576061e-06,1.043257354374840795e-06,8.274803174300460196e-07,1.043257309154069223e-06,8.274803808671488126e-07,1.043257292261332014e-06,8.274804046051048578e-07,1.050778757760717497e-05,-8.594272362869026516e-06,1.050778757760717497e-05,-8.594272362869026516e-06,1.050778757760717497e-05,-8.594272362869026516e-06,1.050778757759676663e-05,-8.594272362869026516e-06,1.211523038853886899e-05,1.242932534014473989e-05,3.549891075869499816e-04,3.577861992714276664e-04,1.186689042010472939e+01,4.165280002085982858e+01,2.202810879334778704e+00,-2.706732996183690787e+00,2.202811096591109408e+00,-2.706732840504215698e+00,2.202811177869722581e+00,-2.706732782333299614e+00,-1.979590216077649245e+01,-2.541071317460036383e+01,-1.979590216077649245e+01,-2.541071317460036383e+01,-1.979590216077649245e+01,-2.541071317460036383e+01,-1.979590216077654574e+01,-2.541071317460025014e+01
1.061713744425901677e+04,-5.607158308919926307e-12,5.886361699231828853e-12,-1.142878642777761241e-10,1.168152089381771774e-10,-1.000016693706985205e+00,5.071447272492202174e-06,1.143317335807261803e-06,8.701636550357411126e-07,1.143317284849759696e-06,8.701637295091546598e-07,1.143317272463834078e-06,8.701637476404844307e-07,1.089518398003988531e-05,-9.180610474716910385e-06,1.089518398003988531e-05,-9.180610474716910385e-06,1.089518398003988531e-05,-9.180610474703032597e-06,1.089518398003294641e-05,-9.180610474709971491e-06,1.326947230850358617e-05,1.323792051815301398e-05,3.889539793179886697e-04,3.809010456091092129e-04,1.239488602723658595e+01,4.266452689112874452e+01,2.251198789671412293e+00,-2.884190854952046301e+00,2.251199037464822528e+00,-2.884190684469730037e+00,2.251199097792965009e+00,-2.884190643011619315e+00,-2.058192729493572415e+01,-2.560111519407640657e+01,-2.058192729493572415e+01,-2.560111519407640657e+01,-2.058192729493578099e+01,-2.560111519407623604e+01,-2.058192729493555362e+01,-2.560111519407629288e+01
1.092724217542281622e+04,-6.140163352221428953e-12,6.623914034739255729e-12,-1.250887411902490026e-10,1.316666859818714927e-10,-1.000017595845491991e+00,5.440697147945927625e-06,1.251995480233691893e-06,9.132108902427243935e-07,1.251995433739633290e-06,9.132109611200561750e-07,1.251995415783510590e-06,9.132109885390954362e-07,1.128668621182271625e-05,-9.800640005545868672e-06,1.128668621182271625e-05,-9.800640005545868672e-06,1.128668621182271625e-05,-9.800640005545868672e-06,1.128668621181577736e-05,-9.800640005552807565e-06,1.452654566490955267e-05,1.408483728877429650e-05,4.259619189243748355e-04,4.050782980470479929e-04,1.294479828193512105e+01,4.369320588806056804e+01,2.296076281490203819e+00,-3.070768712532516709e+00,2.296076510636923640e+00,-3.070768561348945713e+00,2.296076599288106923e+00,-3.070768502938185041e+00,-2.138337563401168850e+01,-2.576979024455442158e+01,-2.138337563401168850e+01,-2.576979024455442158e+01,-2.138337563401168850e+01,-2.576979024455442158e+01,-2.138337563401185903e+01,-2.576979024455447842e+01
1.124640442748573150e+04,-6.716730728451504216e-12,7.450457907797179080e-12,-1.367596166204599438e-10,1.483304391400112736e-10,-1.000018543453607300e+00,5.836542477100081783e-06,1.369894439018706778e-06,9.563394110182615870e-07,1.369894390829823339e-06,9.563394877711017816e-07,1.369894373588406711e-06,9.563395152820813871e-07,1.168144261195352973e-05,-1.045561404532102667e-05,1.168144261195352973e-05,-1.045561404532102667e-05,1.168144261194659084e-05,-1.045561404531408778e-05,1.168144261194659084e-05,-1.045561404532796557e-05,1.589448773684607963e-05,1.497029295181558092e-05,4.662525960028775923e-04,4.303166847540763895e-04,1.351727996485718286e+01,4.473874775169971940e+01,2.336897522519652437e+00,-3.266655142326452932e+00,2.336897763649080861e+00,-3.266654990032599848e+00,2.336897850061586457e+00,-3.266654935531100534e+00,-2.219933370111874282e+01,-2.591567313907084724e+01,-2.219933370111874282e+01,-2.591567313907084724e+01,-2.219933370111891335e+01,-2.591567313907050618e+01,-2.219933370111891335e+01,-2.591567313907079040e+01
1.157488875198985079e+04,-7.339444497790946167e-12,8.376069996708228969e-12,-1.493491590031246158e-10,1.670135483663357847e-10,-1.000019538578228673e+00,6.260778156796931171e-06,1.497641507409303019e-06,9.992222599463501664e-07,1.497641453589507177e-06,9.992223496887997491e-07,1.497641441155009301e-06,9.992223704586439270e-07,1.207853627232385874e-05,-1.114677441396011437e-05,1.207853627232385874e-05,-1.114677441396011437e-05,1.207853627232385874e-05,-1.114677441396705326e-05,1.207853627232385874e-05,-1.114677441396705326e-05,1.738183403203627330e-05,1.589430632437317570e-05,5.100806647889107644e-04,4.566080556547964212e-04,1.411299280384528565e+01,4.580104651356402456e+01,2.373085865094202607e+00,-3.472013181930979187e+00,2.373086139038995235e+00,-3.472013016603971103e+00,2.373086202425061408e+00,-3.472012978400516037e+00,-2.302880751806451087e+01,-2.603775098154822132e+01,-2.302880751806451087e+01,-2.603775098154822132e+01,-2.302880751806479509e+01,-2.603775098154799394e+01,-2.302880751806473825e+01,-2.603775098154822132e+01
1.191296742748327233e+04,-8.010909718830532455e-12,9.411869366286725405e-12,-1.629056726811799698e-10,1.879446602253332540e-10,-1.000020583342557723e+00,6.715310363031301577e-06,1.635887602775831784e-06,1.041484358355743156e-06,1.635887552043843729e-06,1.041484447052154483e-06,1.635887535869282039e-06,1.041484475387127739e-06,1.247698653432383065e-05,-1.187534778691878845e-05,1.247698653433076954e-05,-1.187534778693266624e-05,1.247698653433076954e-05,-1.187534778693266624e-05,1.247698653431689175e-05,-1.187534778693266624e-05,1.899763882398472655e-05,1.685667592113558299e-05,5.577163723789652127e-04,4.839366034698486057e-04,1.473260871139752837e+01,4.687997843297016942e+01,2.404034609302905245e+00,-3.686977405215027481e+00,2.404034872397429634e+00,-3.686977253745083338e+00,2.404034956442317572e+00,-3.686977205430065130e+00,-2.387072681254447559e+01,-2.613507136908215500e+01,-2.387072681254430506e+01,-2.613507136908215500e+01,-2.387072681254458928e+01,-2.613507136908221185e+01,-2.387072681254441875e+01,-2.613507136908209461e+01
1.226092068521004148e+04,-8.733731219953367534e-12,1.057011405186251508e-11,-1.774765249497758886e-10,2.113759876424792869e-10,-1.000021679947383113e+00,7.202164000880140193e-06,1.785305997441602455e-06,1.082698558391159693e-06,1.785305943561091291e-06,1.082698657395297914e-06,1.785305930068412095e-06,1.082698682233068643e-06,1.287575098836424292e-05,-1.264254210507631537e-05,1.287575098836424292e-05,-1.264254210507631537e-05,1.287575098836424292e-05,-1.264254210508325427e-05,1.287575098836424292e-05,-1.264254210506937648e-05,2.075149647119470988e-05,1.785695732783630377e-05,6.094461839558368158e-04,5.122780462431321706e-04,1.537681283005469979e+01,4.797540004480356401e+01,2.429107867278968769e+00,-3.911651082241508259e+00,2.429108152638604690e+00,-3.911650925862756534e+00,2.429108224220934975e+00,-3.911650886693524676e+00,-2.472395022621568828e+01,-2.620675025466053754e+01,-2.472395022621568828e+01,-2.620675025466053754e+01,-2.472395022621568828e+01,-2.620675025466048069e+01,-2.472395022621568828e+01,-2.620675025466064767e+01
1.261903694139203799e+04,-9.510488837703098220e-12,1.186430590576033636e-11,-1.931074792759095746e-10,2.375854774935376197e-10,-1.000022830672947061e+00,7.723488563315950017e-06,1.946590668750955433e-06,1.122381757267393310e-06,1.946590619856039539e-06,1.122381851879211689e-06,1.946590601122760722e-06,1.122381888204321276e-06,1.327372795715403564e-05,-1.344954338089454637e-05,1.327372795715403564e-05,-1.344954338089454637e-05,1.327372795715403564e-05,-1.344954338089454637e-05,1.327372795714015785e-05,-1.344954338090148527e-05,2.265356376051259562e-05,1.889443977475180735e-05,6.655734308254084757e-04,5.415987705430789015e-04,1.604630061500274607e+01,4.908714821958151475e+01,2.447642181010859286e+00,-4.146103092215054353e+00,2.447642445984476556e+00,-4.146102954275723285e+00,2.447642547721555761e+00,-4.146102901405903651e+00,-2.558727154940611470e+01,-2.625197935149993356e+01,-2.558727154940611470e+01,-2.625197935149993356e+01,-2.558727154940622839e+01,-2.625197935149970618e+01,-2.558727154940611470e+01,-2.625197935149964934e+01
1.298761303629532267e+04,-1.034370872587216606e-11,1.330930444793793687e-11,-2.098419236830552228e-10,2.668791602291027602e-10,-1.000024037879675864e+00,8.281566801937589872e-06,2.120454456472006810e-06,1.159990722632980864e-06,2.120454407155553112e-06,1.159990823406537030e-06,2.120454388814321800e-06,1.159990860966769732e-06,1.366975940565035019e-05,-1.429751294688974550e-05,1.366975940565035019e-05,-1.429751294690362329e-05,1.366975940565035019e-05,-1.429751294689668439e-05,1.366975940564341130e-05,-1.429751294689668439e-05,2.471458345461802826e-05,1.996812186350863279e-05,7.264189851537602690e-04,5.718549329738132269e-04,1.674178206646047684e+01,5.021503727801903239e+01,2.458947805063774084e+00,-4.390365234447211051e+00,2.458948079269534848e+00,-4.390365099206560373e+00,2.458948181481382278e+00,-4.390365048887221455e+00,-2.645942685470024713e+01,-2.627003290953537729e+01,-2.645942685470047451e+01,-2.627003290953554782e+01,-2.645942685470019029e+01,-2.627003290953549097e+01,-2.645942685470019029e+01,-2.627003290953571479e+01
1.336695448027913517e+04,-1.123583030051749676e-11,1.492145062051722226e-11,-2.277199822439764232e-10,2.995936986915662625e-10,-1.000025304009502181e+00,8.878821562113836663e-06,2.307626799600073775e-06,1.194918036167419428e-06,2.307626751052102576e-06,1.194918141208395346e-06,2.307626732171372264e-06,1.194918182158277720e-06,1.406263423725517825e-05,-1.518758527276065085e-05,1.406263423725517825e-05,-1.518758527276065085e-05,1.406263423725517825e-05,-1.518758527276065085e-05,1.406263423725517825e-05,-1.518758527276065085e-05,2.694590938601527599e-05,2.107668640471257871e-05,7.923219699019289726e-04,6.029915176991710625e-04,1.746397937505007647e+01,5.135885831880359831e+01,2.462310799320961863e+00,-4.644429326838340977e+00,2.462311077066480003e+00,-4.644429197407210275e+00,2.462311185353566856e+00,-4.644429147044893291e+00,-2.733910255172404291e+01,-2.626027376546333159e+01,-2.733910255172404291e+01,-2.626027376546333159e+01,-2.733910255172404291e+01,-2.626027376546333159e+01,-2.733910255172449766e+01,-2.626027376546349856e+01
1.375737570703146412e+04,-1.218916830656933926e-11,1.671870139151044003e-11,-2.467774956127157969e-10,3.360991539910387623e-10,-1.000026631586231174e+00,9.517824674093455783e-06,2.508851217426430469e-06,1.226487833915629322e-06,2.508851168769171691e-06,1.226487945756721265e-06,2.508851150499064042e-06,1.226487987861929474e-06,1.445109189437271402e-05,-1.612086639204979299e-05,1.445109189437271402e-05,-1.612086639204979299e-05,1.445109189436577513e-05,-1.612086639204285410e-05,1.445109189436577513e-05,-1.612086639204285410e-05,2.935953335487899779e-05,2.221847424769437837e-05,8.636405098564630843e-04,6.349413454734662184e-04,1.821362921432660187e+01,5.251837644289773266e+01,2.456994953960959904e+00,-4.908244637496111729e+00,2.456995241301614730e+00,-4.908244511376126162e+00,2.456995349486227109e+00,-4.908244463991294992e+00,-2.822494420434577123e+01,-2.622215851554128818e+01,-2.822494420434577123e+01,-2.622215851554128818e+01,-2.822494420434577123e+01,-2.622215851554140187e+01,-2.822494420434588491e+01,-2.622215851554128818e+01
1.415920033420111940e+04,-1.320586942983909203e-11,1.872077631894274623e-11,-2.670448548559177073e-10,3.768019893541462235e-10,-1.000028023215848716e+00,1.020130540982377987e-05,2.724882410114551345e-06,1.253951574312073269e-06,2.724882359481442529e-06,1.253951698386435165e-06,2.724882343988627165e-06,1.253951736467084910e-06,1.483382618939349529e-05,-1.709843303227681632e-05,1.483382618939349529e-05,-1.709843303227681632e-05,1.483382618939349529e-05,-1.709843303227681632e-05,1.483382618938655639e-05,-1.709843303227681632e-05,3.196811421187460022e-05,2.339145696688891657e-05,9.407525331400961926e-04,6.676240291224542480e-04,1.899148252528274483e+01,5.369332858667875996e+01,2.442244150324093699e+00,-5.181715348159940504e+00,2.442244460120135408e+00,-5.181715220546097456e+00,2.442244555187951693e+00,-5.181715181469034981e+00,-2.911556605218425275e+01,-2.615524171553925470e+01,-2.911556605218425275e+01,-2.615524171553925470e+01,-2.911556605218425275e+01,-2.615524171553936839e+01,-2.911556605218402538e+01,-2.615524171553925115e+01
1.457276143164231871e+04,-1.428786277026172331e-11,2.094931729464861268e-11,-2.885456702897296735e-10,4.221483347426921961e-10,-1.000029481586313551e+00,1.093215952230330856e-05,2.956483013924135483e-06,1.276483757188529022e-06,2.956482959594330939e-06,1.276483899748104278e-06,2.956482948920577392e-06,1.276483927843685695e-06,1.520948926896775744e-05,-1.812133249897568410e-05,1.520948926896775744e-05,-1.812133249897568410e-05,1.520948926897469633e-05,-1.812133249897568410e-05,1.520948926896775744e-05,-1.812133249897568410e-05,3.478500949253157074e-05,2.459320819412775304e-05,1.024056632025648148e-03,7.009448681866090871e-04,1.979830469961123285e+01,5.488342082302272473e+01,2.417284883148612895e+00,-5.464698206620437482e+00,2.417285229009773051e+00,-5.464698073454936633e+00,2.417285297166216207e+00,-5.464698047268651493e+00,-3.000956109528480198e+01,-2.605917900351525063e+01,-3.000956109528480198e+01,-2.605917900351525063e+01,-3.000956109528480198e+01,-2.605917900351519378e+01,-3.000956109528463500e+01,-2.605917900351519378e+01
1.499840179749415256e+04,-1.543680339628191055e-11,2.342806283964428182e-11,-3.112952544285472446e-10,4.726275378116887803e-10,-1.000031009466948451e+00,1.171345839467985428e-05,3.204419981150258279e-06,1.293177651531807193e-06,3.204419931736660065e-06,1.293177790958471851e-06,3.204419917609072077e-06,1.293177830943847972e-06,1.557669560897645411e-05,-1.919058336745382842e-05,1.557669560897645411e-05,-1.919058336745382842e-05,1.557669560897645411e-05,-1.919058336745382842e-05,1.557669560896257632e-05,-1.919058336746770621e-05,3.782431001566738247e-05,2.582087333926876561e-05,1.113972993081693884e-03,7.347936740039328219e-04,2.063487494428712665e+01,5.608832559850750954e+01,2.381329036179792968e+00,-5.757000338694587604e+00,2.381329364858016273e+00,-5.757000220907141141e+00,2.381329459132842441e+00,-5.757000187206227082e+00,-3.090551161363763200e+01,-2.593372906811803702e+01,-3.090551161363751831e+01,-2.593372906811798018e+01,-3.090551161363763200e+01,-2.593372906811803702e+01,-3.090551161363746147e+01,-2.593372906811809386e+01
1.543647424232376397e+04,-1.665400805105640711e-11,2.618303847507382971e-11,-3.352988947909991796e-10,5.287760292873013952e-10,-1.000032609706865916e+00,1.254845944920202072e-05,3.469460617012282144e-06,1.303040919657660890e-06,3.469460573883587085e-06,1.303041051177455945e-06,3.469460555299494486e-06,1.303041108083324850e-06,1.593402592561105058e-05,-2.030717700617079569e-05,1.593402592561105058e-05,-2.030717700617079569e-05,1.593402592561798947e-05,-2.030717700617079569e-05,1.593402592560411168e-05,-2.030717700618467347e-05,4.110087785805404043e-05,2.707113736261526239e-05,1.210944406504505444e-03,7.690435141304359946e-04,2.150198760734951264e+01,5.730767772240105273e+01,2.333576590664933725e+00,-6.058377342501199969e+00,2.333576891955126076e+00,-6.058377242520447403e+00,2.333577022303263693e+00,-6.058377199396184132e+00,-3.180199995268748836e+01,-2.577875439860837758e+01,-3.180199995268748836e+01,-2.577875439860837758e+01,-3.180199995268743152e+01,-2.577875439860832074e+01,-3.180199995268748836e+01,-2.577875439860826745e+01
1.588734188156876007e+04,-1.794038194326406214e-11,2.924276489265264302e-11,-3.605498886164060985e-10,5.911815346009038966e-10,-1.000034285233138309e+00,1.344061591257439403e-05,3.752368188180560393e-06,1.304991341172928587e-06,3.752368138798187203e-06,1.304991505180624900e-06,3.752368128691688232e-06,1.304991538862015910e-06,1.628003088810503485e-05,-2.147207997396649581e-05,1.628003088810503485e-05,-2.147207997396649581e-05,1.628003088809809595e-05,-2.147207997395955692e-05,1.628003088809115706e-05,-2.147207997398037360e-05,4.463038819582287653e-05,2.834019019870961240e-05,1.315437366609694672e-03,8.035493629864913154e-04,2.240045081997519816e+01,5.854107102141258423e+01,2.273218711932383673e+00,-6.368531495333853876e+00,2.273219076999410060e+00,-6.368531383939933121e+00,2.273219151972757590e+00,-6.368531361127174328e+00,-3.269761945209414478e+01,-2.559422078731920536e+01,-3.269761945209420162e+01,-2.559422078731903483e+01,-3.269761945209420162e+01,-2.559422078731892114e+01,-3.269761945209425136e+01,-2.559422078731903483e+01
1.635137843652126867e+04,-1.929633535358872944e-11,3.263848583914099893e-11,-3.870273070314777732e-10,6.604876667025712770e-10,-1.000036039048751935e+00,1.439358573140925301e-05,4.053897097584108211e-06,1.297852685131634098e-06,4.053897051391891493e-06,1.297852853354708458e-06,4.053897040745893521e-06,1.297852892288842153e-06,1.661323450953544612e-05,-2.268623730217189660e-05,1.661323450953544612e-05,-2.268623730217189660e-05,1.661323450953544612e-05,-2.268623730217883550e-05,1.661323450951462943e-05,-2.268623730218577439e-05,4.842937549573082232e-05,2.962368934233537793e-05,1.427943275024682592e-03,8.381466429112557079e-04,2.333108250909089776e+01,5.978805574455355298e+01,2.199441225204791905e+00,-6.687110115351088346e+00,2.199441589112750783e+00,-6.687110013942985987e+00,2.199441673331594238e+00,-6.687109990548859351e+00,-3.359098535856755774e+01,-2.538019556818857581e+01,-3.359098535856744405e+01,-2.538019556818851896e+01,-3.359098535856750090e+01,-2.538019556818851896e+01,-3.359098535856755774e+01,-2.538019556818846212e+01
1.682896854410312153e+04,-2.072168858647880830e-11,3.640441776437631262e-11,-4.146934510683564997e-10,7.373989372208098236e-10,-1.000037874228512091e+00,1.541124358145351536e-05,4.374787740606816966e-06,1.280350289074860815e-06,4.374787703315466403e-06,1.280350439267219365e-06,4.374787686847736445e-06,1.280350505936111993e-06,1.693213708463953138e-05,-2.395057661035843166e-05,1.693213708463953138e-05,-2.395057661035843166e-05,1.693213708462565359e-05,-2.395057661035843166e-05,1.693213708462565359e-05,-2.395057661036537056e-05,5.251528445366021261e-05,3.091671902246522494e-05,1.548979755398040802e-03,8.726496371690002597e-04,2.429471262816460353e+01,6.104813285187834992e+01,2.111427447524099499e+00,-7.013704375152590487e+00,2.111427763235050659e+00,-7.013704295474186168e+00,2.111427903389578642e+00,-7.013704260250434253e+00,-3.448074549406726419e+01,-2.513684459041601826e+01,-3.448074549406726419e+01,-2.513684459041601826e+01,-3.448074549406715050e+01,-2.513684459041624564e+01,-3.448074549406693023e+01,-2.513684459041601826e+01
1.732050807568892196e+04,-2.221556353881268749e-11,4.057802364375804833e-11,-4.434909559735372975e-10,8.226862294968332062e-10,-1.000039793914960118e+00,1.649769100953157874e-05,4.715760856505157861e-06,1.251106889532671573e-06,4.715760817224079471e-06,1.251107066745082985e-06,4.715760806297056296e-06,1.251107116309602141e-06,1.723521755902374109e-05,-2.526601308879689034e-05,1.723521755902374109e-05,-2.526601308879689034e-05,1.723521755902374109e-05,-2.526601308879689034e-05,1.723521755900986330e-05,-2.526601308880382923e-05,5.690652628404894048e-05,3.221374530131697783e-05,1.679092094152407092e-03,9.068497535960988714e-04,2.529218028147102615e+01,6.232075006385470317e+01,2.008361580256114554e+00,-7.347848167767821792e+00,2.008361942242962161e+00,-7.347848086015931202e+00,2.008362043480576897e+00,-7.347848063249077022e+00,-3.536559060774708740e+01,-2.486442797619852030e+01,-3.536559060774708740e+01,-2.486442797619852030e+01,-3.536559060774714425e+01,-2.486442797619852030e+01,-3.536559060774703056e+01,-2.486442797619845990e+01
1.782640446524129220e+04,-2.377625986267600512e-11,4.520031356702670321e-11,-4.733394931855614029e-10,9.171927799301658877e-10,-1.000041801314090595e+00,1.765726512709120399e-05,5.077511400558218368e-06,1.208638692767882716e-06,5.077511363851469617e-06,1.208638880791090831e-06,5.077511354378144715e-06,1.208638929640903914e-06,1.752093520490660694e-05,-2.663345530910105063e-05,1.752093520490660694e-05,-2.663345530910105063e-05,1.752093520490660694e-05,-2.663345530908717285e-05,1.752093520490660694e-05,-2.663345530908717285e-05,6.162254086531548025e-05,3.350856632692047717e-05,1.818854818597274124e-03,9.405136141586083274e-04,2.632432755255474532e+01,6.360529908867081161e+01,1.889432501896556982e+00,-7.689017139272446677e+00,1.889432875122997180e+00,-7.689017064845062421e+00,1.889432972069305050e+00,-7.689017045604806810e+00,-3.624426425143025199e+01,-2.456329471186233349e+01,-3.624426425143025199e+01,-2.456329471186233349e+01,-3.624426425143013830e+01,-2.456329471186227664e+01,-3.624426425143025909e+01,-2.456329471186216296e+01
1.834707704703027412e+04,-2.540111336951083403e-11,5.031617487883118076e-11,-5.041320115218101383e-10,1.021840716789504587e-09,-1.000043899688763283e+00,1.889455024672859196e-05,5.460702035305423085e-06,1.151351154547730626e-06,5.460702005884512933e-06,1.151351328776417660e-06,5.460701993677263832e-06,1.151351401683375908e-06,1.778773048002890711e-05,-2.805381176509275098e-05,1.778773048002890711e-05,-2.805381176509275098e-05,1.778773048002890711e-05,-2.805381176509968988e-05,1.778773048001502932e-05,-2.805381176509275098e-05,6.668386513886398871e-05,3.479425687196322707e-05,1.968873420153903746e-03,9.733809427142260532e-04,2.739199924545623333e+01,6.490110985981284841e+01,1.753836817824710792e+00,-8.036628129017310940e+00,1.753837153876938393e+00,-8.036628070842573024e+00,1.753837294504440258e+00,-8.036628046652324997e+00,-3.711557196811909876e+01,-2.423387614070863805e+01,-3.711557196811909876e+01,-2.423387614070863805e+01,-3.711557196811887138e+01,-2.423387614070841067e+01,-3.711557196811909876e+01,-2.423387614070852081e+01
1.888295740321680205e+04,-2.708633391981509904e-11,5.597473510217114054e-11,-5.357304496737499457e-10,1.137638213439098006e-09,-1.000046092351862370e+00,2.021438771121486511e-05,5.865956084433708584e-06,1.077535023770448408e-06,5.865956056983444300e-06,1.077535216741087876e-06,5.865956047888289115e-06,1.077535281300556758e-06,1.803402496440564828e-05,-2.952799813883688618e-05,1.803402496440564828e-05,-2.952799813883688618e-05,1.803402496440564828e-05,-2.952799813883688618e-05,1.803402496439870939e-05,-2.952799813884382507e-05,7.211220838557088741e-05,3.606310616990738931e-05,2.129786236538413688e-03,1.005162219238032442e-03,2.849603855565470312e+01,6.620744630057727420e+01,1.600782306219860729e+00,-8.390038710956574164e+00,1.600782667925062741e+00,-8.390038657936740307e+00,1.600782788937185286e+00,-8.390038640325828467e+00,-3.797838974880233565e+01,-2.387667846125343374e+01,-3.797838974880233565e+01,-2.387667846125343374e+01,-3.797838974880256302e+01,-2.387667846125332005e+01,-3.797838974880221485e+01,-2.387667846125337690e+01
1.943448972158839388e+04,-2.882681959295485579e-11,6.222976113345774549e-11,-5.679608414147590447e-10,1.265687316640909337e-09,-1.000048382659238788e+00,2.162188382975882561e-05,6.293849957354595570e-06,9.853626889225197694e-07,6.293849935515294369e-06,9.853628776326783800e-07,6.293849926448762122e-06,9.853629569789301712e-07,1.825822026498696848e-05,-3.105694522657909129e-05,1.825822026496615180e-05,-3.105694522657215240e-05,1.825822026498696848e-05,-3.105694522657909129e-05,1.825822026496615180e-05,-3.105694522658603018e-05,7.793053490232238086e-05,3.730654793421576618e-05,2.302266503170695942e-03,1.035536064824559661e-03,2.963727935568315530e+01,6.752350353379246428e+01,1.429491714804746350e+00,-8.748546901809509890e+00,1.429492058521014020e+00,-8.748546860520749036e+00,1.429492203060642286e+00,-8.748546843323367739e+00,-3.883167164895156986e+01,-2.349227433519916630e+01,-3.883167164895122880e+01,-2.349227433519927999e+01,-3.883167164895156986e+01,-2.349227433519916630e+01,-3.883167164895145618e+01,-2.349227433519933683e+01
2.000213116374355741e+04,-3.061594340601517749e-11,6.914009844744037049e-11,-6.006077227886957479e-10,1.407192513768008479e-09,-1.000050774000272646e+00,2.312242026314415000e-05,6.744905100682270505e-06,8.728842658470292726e-07,6.744905082219608550e-06,8.728844733962848323e-07,6.744905075995420718e-06,8.728845445268862413e-07,1.845869578884912210e-05,-3.264160739873539496e-05,1.845869578884912210e-05,-3.264160739873539496e-05,1.845869578884912210e-05,-3.264160739873539496e-05,1.845869578886993878e-05,-3.264160739874233386e-05,8.416315447169513337e-05,3.851508132326250910e-05,2.487024579565336700e-03,1.064146317855592947e-03,3.081654356345231349e+01,6.884840255976389756e+01,1.239205795441128188e+00,-9.111391182235744068e+00,1.239206162806587797e+00,-9.111391147907525578e+00,1.239206288710968495e+00,-9.111391136282122716e+00,-3.967445641005114254e+01,-2.308129372175624638e+01,-3.967445641005114254e+01,-2.308129372175624638e+01,-3.967445641005114254e+01,-2.308129372175624638e+01,-3.967445641005125623e+01,-2.308129372175642047e+01
2.058635224403010216e+04,-3.244530823556359745e-11,7.677015464504925360e-11,-6.334077359474321278e-10,1.563470112800710773e-09,-1.000053269789044297e+00,2.472166054090507714e-05,7.219579343394587345e-06,7.380242370846890054e-07,7.219579330267934802e-06,7.380244482144138196e-07,7.219579325523466096e-06,7.380245264296259045e-07,1.863380529445318734e-05,-3.428297158901416619e-05,1.863380529445318734e-05,-3.428297158901416619e-05,1.863380529445318734e-05,-3.428297158901416619e-05,1.863380529444624845e-05,-3.428297158902804398e-05,9.083582130929804418e-05,3.967818144774980542e-05,2.684810364061542345e-03,1.090598756286598582e-03,3.203463186639248761e+01,7.018118811088758946e+01,1.029187065926540745e+00,-9.477750600058341135e+00,1.029187429115222985e+00,-9.477750575822321721e+00,1.029187563659907267e+00,-9.477750567000088111e+00,-4.050587311711232275e+01,-2.264441406952694891e+01,-4.050587311711232275e+01,-2.264441406952694891e+01,-4.050587311711232275e+01,-2.264441406952694891e+01,-4.050587311711232275e+01,-2.264441406952700575e+01
2.118763721955146320e+04,-3.430446489427443939e-11,8.519043185171932801e-11,-6.660423082817780118e-10,1.735958509774619392e-09,-1.000055873453409516e+00,2.642555819054592803e-05,7.718257700728252402e-06,5.785779285602532518e-07,7.718257691183803837e-06,5.785782021747176707e-07,7.718257690294324375e-06,5.785782286119034445e-07,1.878187213329163274e-05,-3.598206666535763709e-05,1.878187213329163274e-05,-3.598206666535763709e-05,1.878187213329163274e-05,-3.598206666535763709e-05,1.878187213328469385e-05,-3.598206666536457599e-05,9.797584184871066559e-05,4.078419787347148834e-05,2.896415899733458584e-03,1.114457416541854949e-03,3.329231838108582053e+01,7.152082468958279549e+01,7.987229123050849644e-01,-9.846745125475900196e+00,7.987233697225100126e-01,-9.846745107357911309e+00,7.987234139273851063e-01,-9.846745105648999186e+00,-4.132514576199963585e+01,-2.218234999296802457e+01,-4.132514576199963585e+01,-2.218234999296802457e+01,-4.132514576199929479e+01,-2.218234999296825194e+01,-4.132514576199952216e+01,-2.218234999296796772e+01
2.180648449156430797e+04,-3.618058749289922757e-11,9.447811315098978400e-11,-6.981292662399671896e-10,1.926229429179309467e-09,-1.000058588424338923e+00,2.824036168647126033e-05,8.241242553721443015e-06,3.922084595917030292e-07,8.241242551486251816e-06,3.922087507060578737e-07,8.241242551360050683e-06,3.922087704055776669e-07,1.890118310361732501e-05,-3.773997316035282434e-05,1.890118310361732501e-05,-3.773997316035282434e-05,1.890118310363120280e-05,-3.773997316034588545e-05,1.890118310361732501e-05,-3.773997316034588545e-05,1.056121920232617979e-04,4.182023937653850496e-05,3.122678181790904204e-03,1.135240453158729108e-03,3.459034086796773266e+01,7.286619503204329362e+01,5.471291336740072841e-01,-1.021743613260759354e+01,5.471296066026762883e-01,-1.021743612669025048e+01,5.471296385889862224e-01,-1.021743612632045917e+01,-4.213159676336946546e+01,-2.169584256675771528e+01,-4.213159676336946546e+01,-2.169584256675771528e+01,-4.213159676336923809e+01,-2.169584256675782896e+01,-4.213159676336957915e+01,-2.169584256675782896e+01
2.244340701860012996e+04,-3.805809925181553416e-11,1.047177085363030378e-10,-7.292132210418613615e-10,2.136000225124218266e-09,-1.000061418124033485e+00,3.017261922039216060e-05,8.788743214339055088e-06,1.764437638010485365e-07,8.788743219628660647e-06,1.764440339668826851e-07,8.788743220706466026e-06,1.764440853077586802e-07,1.898998083373071299e-05,-3.955783323738096269e-05,1.898998083373071299e-05,-3.955783323738096269e-05,1.898998083373071299e-05,-3.955783323738096269e-05,1.898998083373071299e-05,-3.955783323738096269e-05,1.137756444604099516e-04,4.277204298414202609e-05,3.364482168183345525e-03,1.152415476448103793e-03,3.592939227311177319e+01,7.421609828813650722e+01,2.737531511423670350e-01,-1.058882706904493887e+01,2.737535776701028878e-01,-1.058882707529868483e+01,2.737536587338847416e-01,-1.058882707657574684e+01,-4.292464938615711390e+01,-2.118564835735600127e+01,-4.292464938615711390e+01,-2.118564835735600127e+01,-4.292464938615711390e+01,-2.118564835735600127e+01,-4.292464938615722758e+01,-2.118564835735583074e+01
2.309893274165329422e+04,-3.991824084731958609e-11,1.160017665051836650e-10,-7.587545389880760946e-10,2.367147339729391770e-09,-1.000064365953152734e+00,3.222918261008844709e-05,9.360864826558597598e-06,-7.132623970618201525e-08,9.360864840789726894e-06,-7.132593907166473457e-08,9.360864842325065591e-06,-7.132590756214751693e-08,1.904645462631748831e-05,-4.143686083122807839e-05,1.904645462631748831e-05,-4.143686083122807839e-05,1.904645462631748831e-05,-4.143686083123501729e-05,1.904645462633136610e-05,-4.143686083122807839e-05,1.224989061422770628e-04,4.362382514917802207e-05,3.622763997437824374e-03,1.165394299516428088e-03,3.731011250761107334e+01,7.556924853264277431e+01,-2.202299564932715462e-02,-1.095986426249632295e+01,-2.202253438339389982e-02,-1.095986428199764262e+01,-2.202248601675655185e-02,-1.095986428409317170e+01,-4.370382909785455894e+01,-2.065252831927634247e+01,-4.370382909785455894e+01,-2.065252831927634247e+01,-4.370382909785478631e+01,-2.065252831927617194e+01,-4.370382909785444525e+01,-2.065252831927628563e+01
2.377360502178793104e+04,-4.173857201966356211e-11,1.284316580872809996e-10,-7.861166777801887240e-10,2.621721023633889129e-09,-1.000067435279427208e+00,3.441720631830458288e-05,9.957596607484010126e-06,-3.538517349202519036e-07,9.957596628034845465e-06,-3.538514612710930152e-07,9.957596633333558322e-06,-3.538513922082819896e-07,1.906872967563644217e-05,-4.337835193271924461e-05,1.906872967565031995e-05,-4.337835193271924461e-05,1.906872967565031995e-05,-4.337835193272618350e-05,1.906872967565031995e-05,-4.337835193271577516e-05,1.318167671801881782e-04,4.435811253943758526e-05,3.898514418411588422e-03,1.173527014705852585e-03,3.873307459701560873e+01,7.692427695887006678e+01,-3.407790038506203212e-01,-1.132943789835329262e+01,-3.407785958228073953e-01,-1.132943792689972362e+01,-3.407784928285796933e-01,-1.132943793423190471e+01,-4.446876393895238522e+01,-2.009723665195801701e+01,-4.446876393895215784e+01,-2.009723665195804543e+01,-4.446876393895238522e+01,-2.009723665195796016e+01,-4.446876393895215784e+01,-2.009723665195807385e+01
2.446798309052643890e+04,-4.349239574703491769e-11,1.421184403595716904e-10,-8.105516384858178923e-10,2.901961422522400314e-09,-1.000070629423399859e+00,3.674414962445693433e-05,1.057879934901473362e-05,-6.740255277110085430e-07,1.057879938038156983e-05,-6.740252246756339716e-07,1.057879938564341982e-05,-6.740251745768199854e-07,1.905485458587874437e-05,-4.538369485107898726e-05,1.905485458587874437e-05,-4.538369485108592616e-05,1.905485458587874437e-05,-4.538369485107898726e-05,1.905485458587874437e-05,-4.538369485107204837e-05,1.417662609505749888e-04,4.495554972679881674e-05,4.192782422646944285e-03,1.176095313776473819e-03,4.019877820354282250e+01,7.827973094308791246e+01,-6.830539030118375488e-01,-1.169638309477015348e+01,-6.830534638645940904e-01,-1.169638313789831408e+01,-6.830533912660506912e-01,-1.169638314511384003e+01,-4.521918384887973019e+01,-1.952050972265084994e+01,-4.521918384887973019e+01,-1.952050972265076467e+01,-4.521918384887950282e+01,-1.952050972265076467e+01,-4.521918384887972309e+01,-1.952050972265071138e+01
2.518264251339290422e+04,-4.514809238490973551e-11,1.571838077746855086e-10,-8.311832398459466861e-10,3.210316152004875026e-09,-1.000073951647484138e+00,3.921777092735778680e-05,1.122419224316821562e-05,-1.034884382709877482e-06,1.122419228164351496e-05,-1.034884091408172502e-06,1.122419229128944484e-05,-1.034884019326942628e-06,1.900278708374947279e-05,-4.745438052695255537e-05,1.900278708374947279e-05,-4.745438052695255537e-05,1.900278708374947279e-05,-4.745438052695255537e-05,1.900278708373559500e-05,-4.745438052696296372e-05,1.523868364845656020e-04,4.539468055241310205e-05,4.506679085979963147e-03,1.172304950329441323e-03,4.170763380286694400e+01,7.963407920916895932e+01,-1.049342445004087354e+00,-1.205948118365942534e+01,-1.049342034736316931e+00,-1.205948123562535024e+01,-1.049341933212963873e+00,-1.205948124861749982e+01,-4.595491915125827376e+01,-1.892305511899910186e+01,-4.595491915125827376e+01,-1.892305511899910186e+01,-4.595491915125827376e+01,-1.892305511899910186e+01,-4.595491915125838744e+01,-1.892305511899910542e+01
2.591817566699566305e+04,-4.666834924892961610e-11,1.737611396027478955e-10,-8.469878784434039284e-10,3.549459474037646186e-09,-1.000077405142375753e+00,4.184612530672149333e-05,1.189333887372748949e-05,-1.439610822939751955e-06,1.189333892605195370e-05,-1.439610498643606462e-06,1.189333893406203935e-05,-1.439610449495420941e-06,1.891037783681437379e-05,-4.959201269741364548e-05,1.891037783681437379e-05,-4.959201269741364548e-05,1.891037783682825157e-05,-4.959201269741364548e-05,1.891037783682825157e-05,-4.959201269741711493e-05,1.637205432104554153e-04,4.565169965936949023e-05,4.841381599764708020e-03,1.161277235145828429e-03,4.325995481423497324e+01,8.098571380406660580e+01,-1.440092838350110593e+00,-1.241746102039276067e+01,-1.440092394466258474e+00,-1.241746108952027683e+01,-1.440092327201903055e+00,-1.241746110007992954e+01,-4.667589811912748843e+01,-1.830554090709518533e+01,-4.667589811912748843e+01,-1.830554090709518533e+01,-4.667589811912760211e+01,-1.830554090709515691e+01,-4.667589811912748132e+01,-1.830554090709532744e+01
2.667519223004447485e+04,-4.800926846770910345e-11,1.919966533027393763e-10,-8.567723804736067920e-10,3.922313207927104310e-09,-1.000080993017059994e+00,4.463755471728614310e-05,1.258563250207921091e-05,-1.891533805052636463e-06,1.258563256167390121e-05,-1.891533492830166363e-06,1.258563257535219582e-05,-1.891533421831403938e-06,1.877535223646087381e-05,-5.179831799047643348e-05,1.877535223646087381e-05,-5.179831799047643348e-05,1.877535223646087381e-05,-5.179831799047643348e-05,1.877535223646087381e-05,-5.179831799047990293e-05,1.758122288940034046e-04,4.570017002874240752e-05,5.198137489975841394e-03,1.142039435085940224e-03,4.485594227855829530e+01,8.233295764816675444e+01,-1.855703522298680852e+00,-1.276900052398590191e+01,-1.855703106959072368e+00,-1.276900060086497390e+01,-1.855703012490090398e+00,-1.276900061848250090e+01,-4.738214382785770340e+01,-1.766858511996280612e+01,-4.738214382785770340e+01,-1.766858511996280612e+01,-4.738214382785770340e+01,-1.766858511996280612e+01,-4.738214382785781709e+01,-1.766858511996274927e+01
2.745431968870929268e+04,-4.911933327377949294e-11,2.120506736745767769e-10,-8.591484912982756569e-10,4.332069497496834998e-09,-1.000084718287458818e+00,4.760068001674611082e-05,1.330028042660115484e-05,-2.394129664740063390e-06,1.330028049337413087e-05,-2.394129362516539405e-06,1.330028051354723018e-05,-2.394129272019485111e-06,1.859529001843607254e-05,-5.407515577869961843e-05,1.859529001843607254e-05,-5.407515577869961843e-05,1.859529001843607254e-05,-5.407515577869961843e-05,1.859529001844995033e-05,-5.407515577870308787e-05,1.887097508316469769e-04,4.551070192941773042e-05,5.578268995157915217e-03,1.113513934562978223e-03,4.649567568984548416e+01,8.367407014684989974e+01,-2.296521033988752958e+00,-1.311272819175297855e+01,-2.296520643243112225e+00,-1.311272827576481959e+01,-2.296520526222924907e+00,-1.311272830110414134e+01,-4.807377025414418625e+01,-1.701274551477681385e+01,-4.807377025414418625e+01,-1.701274551477681385e+01,-4.807377025414418625e+01,-1.701274551477681385e+01,-4.807377025414464100e+01,-1.701274551477681385e+01
2.825620385673951751e+04,-4.993820930342006339e-11,2.340990290827595493e-10,-8.525034714808109288e-10,4.782215569905057004e-09,-1.000088583868436132e+00,5.074438734148367658e-05,1.403628753628149983e-05,-2.951022194226660122e-06,1.403628761742145570e-05,-2.951021871970549437e-06,1.403628763763098419e-05,-2.951021792332864102e-06,1.836760253230707018e-05,-5.642452783124335403e-05,1.836760253230707018e-05,-5.642452783123988458e-05,1.836760253230707018e-05,-5.642452783124335403e-05,1.836760253230707018e-05,-5.642452783124682347e-05,2.024642008956264603e-04,4.505058786303855946e-05,5.983177584873170841e-03,1.074505993977891869e-03,4.817909966890132267e+01,8.500725695559256678e+01,-2.762837392709158291e+00,-1.344722478817557310e+01,-2.762836987757441687e+00,-1.344722488765479618e+01,-2.762836887692625254e+00,-1.344722491239018858e+01,-4.875097778568071050e+01,-1.633850958741612658e+01,-4.875097778568071050e+01,-1.633850958741615500e+01,-4.875097778568071050e+01,-1.633850958741618342e+01,-4.875097778568071050e+01,-1.633850958741624027e+01
2.908150941077487369e+04,-5.039535353160121849e-11,2.583345863941020076e-10,-8.349661826699107203e-10,5.276560610961073292e-09,-1.000092592567535466e+00,5.407781245120313329e-05,1.479243893400331022e-05,-3.565982404057921329e-06,1.479243902395566135e-05,-3.565982086395358408e-06,1.479243905050733887e-05,-3.565981993372546732e-06,1.808950746050308478e-05,-5.884858765887665544e-05,1.808950746050308478e-05,-5.884858765887665544e-05,1.808950746050308478e-05,-5.884858765887665544e-05,1.808950746051696257e-05,-5.884858765887665544e-05,2.171301444810750021e-04,4.428338734106813105e-05,6.414348578400210811e-03,1.023689918831114428e-03,4.990601195676612889e+01,8.633068097506449590e+01,-3.254887828375327086e+00,-1.377102508803878500e+01,-3.254887440444253155e+00,-1.377102519544292925e+01,-3.254887326816132465e+00,-1.377102522709141397e+01,-4.941404816394746291e+01,-1.564628483374155010e+01,-4.941404816394746291e+01,-1.564628483374155010e+01,-4.941404816394746291e+01,-1.564628483374155010e+01,-4.941404816394757660e+01,-1.564628483374138135e+01
2.993092044129160422e+04,-5.040839883446440598e-11,2.849689370808034479e-10,-8.043679468980453569e-10,5.819264876699097144e-09,-1.000096747080399417e+00,5.761032385165343328e-05,1.556728149434277730e-05,-4.242928110728683144e-06,1.556728159548409485e-05,-4.242927790082395845e-06,1.556728162674034244e-05,-4.242927691702758075e-06,1.775800074611810775e-05,-6.134964947249188505e-05,1.775800074611810775e-05,-6.134964947249188505e-05,1.775800074610422996e-05,-6.134964947249188505e-05,1.775800074609035217e-05,-6.134964947249535450e-05,2.327658732947394048e-04,4.316845447255743083e-05,6.873355813446555169e-03,9.595934290029401728e-04,5.167605373091756604e+01,8.764247404290445331e+01,-3.772849019965763162e+00,-1.408261956566402517e+01,-3.772848639361689127e+00,-1.408261968321608748e+01,-3.772848522572485930e+00,-1.408261971949318969e+01,-5.006333891296726080e+01,-1.493638922435763305e+01,-5.006333891296726080e+01,-1.493638922435763305e+01,-5.006333891296691974e+01,-1.493638922435777516e+01,-5.006333891296704053e+01,-1.493638922435780358e+01
3.080514101964068323e+04,-4.988127629324914957e-11,3.142342478112021062e-10,-7.581973391855946416e-10,6.414871153024102166e-09,-1.000101049990430591e+00,6.135150153324664402e-05,1.635910440243165676e-05,-4.985922850933577344e-06,1.635910451946304134e-05,-4.985922515216012485e-06,1.635910455145134224e-05,-4.985922424052824375e-06,1.736982542774323512e-05,-6.393019671240701696e-05,1.736982542774323512e-05,-6.393019671240701696e-05,1.736982542774323512e-05,-6.393019671240701696e-05,1.736982542775711291e-05,-6.393019671240007806e-05,2.494336718528618324e-04,4.166040006025740052e-05,7.361866304329695021e-03,8.805799815976715671e-04,5.348869839235717194e+01,8.894075186271363975e+01,-4.316837225225105712e+00,-1.438045615434986146e+01,-4.316836837885020373e+00,-1.438045628672317378e+01,-4.316836732703245083e+00,-1.438045632285864173e+01,-5.069927733884615861e+01,-1.420904183042480184e+01,-5.069927733884615861e+01,-1.420904183042480184e+01,-5.069927733884615861e+01,-1.420904183042480184e+01,-5.069927733884581755e+01,-1.420904183042511448e+01
3.170489578164803243e+04,-4.870203098007811751e-11,3.463852890563879136e-10,-6.935479382681802109e-10,7.068338648819855215e-09,-1.000105503771794968e+00,6.531111390878363565e-05,1.716591846644827113e-05,-5.799174529710904302e-06,1.716591859447433310e-05,-5.799174195061929105e-06,1.716591863282559971e-05,-5.799174095488801584e-06,1.692143704587478759e-05,-6.659289001079496395e-05,1.692143704587478759e-05,-6.659289001079496395e-05,1.692143704586090980e-05,-6.659289001079843340e-05,1.692143704584703201e-05,-6.659289001080190284e-05,2.672000969244391674e-04,3.970847882574541097e-05,7.881644801549547372e-03,7.848287717429738896e-04,5.534324226072626374e+01,9.022363023301898011e+01,-4.886906833475936018e+00,-1.466294190680907583e+01,-4.886906458217013416e+00,-1.466294204771282494e+01,-4.886906346526621370e+00,-1.466294208986654546e+01,-5.132235410640918616e+01,-1.346435353436568327e+01,-5.132235410640918616e+01,-1.346435353436568327e+01,-5.132235410640884510e+01,-1.346435353436572591e+01,-5.132235410640895878e+01,-1.346435353436555538e+01
3.263093052826050916e+04,-4.674027887451716421e-11,3.817016556198433102e-10,-6.070578928757683422e-10,7.785079378824932753e-09,-1.000110110796543994e+00,6.949909282261135246e-05,1.798543405219510394e-05,-6.687033779886886187e-06,1.798543418369755176e-05,-6.687033464888858525e-06,1.798543423664825114e-05,-6.687033338906300806e-06,1.640896521704071631e-05,-6.934057445394381514e-05,1.640896521704071631e-05,-6.934057445394381514e-05,1.640896521704071631e-05,-6.934057445394381514e-05,1.640896521702683852e-05,-6.934057445394728458e-05,2.861362687726155861e-04,3.725589076077691526e-05,8.434558142480065926e-03,6.703120912778526286e-04,5.723879690722839797e+01,9.148924282674870767e+01,-5.483049288904090268e+00,-1.492844449011571584e+01,-5.483048945555998088e+00,-1.492844463093061158e+01,-5.483048808221853143e+00,-1.492844468755640364e+01,-5.193311641450905825e+01,-1.270231773661173769e+01,-5.193311641450905825e+01,-1.270231773661173769e+01,-5.193311641450905825e+01,-1.270231773661173769e+01,-5.193311641450927851e+01,-1.270231773661139840e+01
3.358401284373552335e+04,-4.384424331213332198e-11,4.204901928804967146e-10,-4.948399703283902794e-10,8.570997046440613044e-09,-1.000114873346758415e+00,7.392550653811946759e-05,1.881503746361742890e-05,-7.653992002865095401e-06,1.881503762931821533e-05,-7.653991637990298358e-06,1.881503766688538692e-05,-7.653991555764405597e-06,1.582817090355070899e-05,-7.217628597091206577e-05,1.582817090355070899e-05,-7.217628597091206577e-05,1.582817090355070899e-05,-7.217628597091206577e-05,1.582817090353683120e-05,-7.217628597091726994e-05,3.063181723664596778e-04,3.423898395476208945e-05,9.022579250499497203e-03,5.347696813882489271e-04,5.917428290805193569e+01,9.273576075859703849e+01,-6.105192329128482420e+00,-1.517529345151345055e+01,-6.105191942537705252e+00,-1.517529362406765436e+01,-6.105191855400279088e+00,-1.517529366313870121e+01,-5.253216077093068037e+01,-1.192280095356105818e+01,-5.253216077093068037e+01,-1.192280095356105818e+01,-5.253216077093068037e+01,-1.192280095356105818e+01,-5.253216077093056668e+01,-1.192280095356100134e+01
3.456493273188669264e+04,-3.983729807172464265e-11,4.630876420594246774e-10,-3.524005233508974773e-10,9.432528374127832958e-09,-1.000119793634091092e+00,7.860052867225686413e-05,1.965176572898269525e-05,-8.704678730833692590e-06,1.965176589658473860e-05,-8.704678389828690577e-06,1.965176595176282293e-05,-8.704678278251276602e-06,1.517439881987270311e-05,-7.510325664800837631e-05,1.517439881987270311e-05,-7.510325664800837631e-05,1.517439881987270311e-05,-7.510325664800837631e-05,1.517439881984494754e-05,-7.510325664801358048e-05,3.278269659487800304e-04,3.058634407227185556e-05,9.647790601954678649e-03,3.756796572193763797e-04,6.114842282251526484e+01,9.396141559187667269e+01,-6.753199151929485389e+00,-1.540178135871613030e+01,-6.753198800757217235e+00,-1.540178152847103377e+01,-6.753198685831065085e+00,-1.540178158429389832e+01,-5.312012536234004045e+01,-1.112553318095092969e+01,-5.312012536234004045e+01,-1.112553318095092969e+01,-5.312012536234004045e+01,-1.112553318095092969e+01,-5.312012536234015414e+01,-1.112553318095068811e+01
3.557450327091295912e+04,-3.451393142553334020e-11,5.098635157597002303e-10,-1.745455558767044656e-10,1.037668672461296288e-08,-1.000124873822598071e+00,8.353441048902787713e-05,2.049227896894212364e-05,-9.843859460401116479e-06,2.049227913452494887e-05,-9.843859148095379652e-06,2.049227921192137147e-05,-9.843859003114130424e-06,1.444252437060589145e-05,-7.812491857602139878e-05,1.444252437060589145e-05,-7.812491857602139878e-05,1.444252437060589145e-05,-7.812491857602139878e-05,1.444252437060589145e-05,-7.812491857602486822e-05,3.507492926629930956e-04,2.621775367052293253e-05,1.031238691453967120e-02,1.902255330264329171e-04,6.315974111039343342e+01,9.516452056055237563e+01,-7.426868724922342402e+00,-1.560616415064763451e+01,-7.426868412313095469e+00,-1.560616431375938618e+01,-7.426868267118458711e+00,-1.560616438991507060e+01,-5.369768189812043602e+01,-1.031009791192544611e+01,-5.369768189812043602e+01,-1.031009791192544611e+01,-5.369768189812043602e+01,-1.031009791192544611e+01,-5.369768189812032233e+01,-1.031009791192541947e+01
3.661356128735385573e+04,-2.763502909259538684e-11,5.612232136713492090e-10,4.472825974650865375e-11,1.141110775266447036e-08,-1.000130116061759500e+00,8.873744819037909792e-05,2.133283059374546653e-05,-1.107643258815849130e-05,2.133283084367054716e-05,-1.107643215114695323e-05,2.133283089571919033e-05,-1.107643206058051000e-05,1.362689435194242016e-05,-8.124490595700674389e-05,1.362689435192854237e-05,-8.124490595700500917e-05,1.362689435194242016e-05,-8.124490595700674389e-05,1.362689435194242016e-05,-8.124490595700674389e-05,3.751775901987896645e-04,2.104300126480713546e-05,1.101867676821128433e-02,-2.474121047987834095e-05,6.520656162500341679e+01,9.634349644543966917e+01,-8.125935727696569799e+00,-1.578666121856080906e+01,-8.125935302444144526e+00,-1.578666145789048514e+01,-8.125935214260882944e+00,-1.578666150770432530e+01,-5.426552692998350835e+01,-9.475921639012973685e+00,-5.426552692998339467e+01,-9.475921639013016318e+00,-5.426552692998350835e+01,-9.475921639012973685e+00,-5.426552692998350835e+01,-9.475921639012980791e+00
3.768296804972967948e+04,-1.892235613312661649e-11,6.176113834186893357e-10,3.123601102601501831e-10,1.254409663770715797e-08,-1.000135522526224729e+00,9.421995200231680911e-05,2.216923469493953247e-05,-1.240742595855215402e-05,2.216923495733380545e-05,-1.240742553139384530e-05,2.216923498030848316e-05,-1.240742549418749618e-05,1.272126060079814547e-05,-8.446705488697817121e-05,1.272126060079814547e-05,-8.446705488697817121e-05,1.272126060079814547e-05,-8.446705488697817121e-05,1.272126060075651210e-05,-8.446705488698337538e-05,4.012103906069311747e-04,1.496051747411639400e-05,1.176908276527079307e-02,-2.727436355041898950e-04,6.728700960319515900e+01,9.749689741565470058e+01,-8.850070726013413491e+00,-1.594145484842896465e+01,-8.850070321940123108e+00,-1.594145509279612583e+01,-8.850070286738173309e+00,-1.594145511416646599e+01,-5.482437246611230108e+01,-8.622262703114571991e+00,-5.482437246611230108e+01,-8.622262703114571991e+00,-5.482437246611230108e+01,-8.622262703114586202e+00,-5.482437246611240766e+01,-8.622262703114300209e+00
3.878360998244141956e+04,-8.052095079010755619e-12,6.795155264042068844e-10,6.363720518289461489e-10,1.378467623501832069e-08,-1.000141095465645558e+00,9.999221424134008274e-05,2.299682958385035336e-05,-1.384199378361150590e-05,2.299682984998469015e-05,-1.384199337955971387e-05,2.299682989138907008e-05,-1.384199331702640201e-05,1.171870561501864305e-05,-8.779540022619929107e-05,1.171870561501864305e-05,-8.779540022619929107e-05,1.171870561501864305e-05,-8.779540022619755635e-05,1.171870561500476526e-05,-8.779540022620276052e-05,4.289526003322571813e-04,7.855811466717114303e-06,1.256613974722129400e-02,-5.577276554331182020e-04,6.939901472062349796e+01,9.862343925614635509e+01,-9.598881285429071042e+00,-1.606868838929402443e+01,-9.598880913858645059e+00,-1.606868863030436145e+01,-9.598880856355764379e+00,-1.606868866775369398e+01,-5.537493575694352899e+01,-7.748199311932610911e+00,-5.537493575694375636e+01,-7.748199311932646438e+00,-5.537493575694352899e+01,-7.748199311932625122e+00,-5.537493575694364267e+01,-7.748199311932624234e+00
3.991639940052227757e+04,5.352728090395807116e-12,7.474698390343164883e-10,1.026039926979921608e-09,1.514263516239523928e-08,-1.000146837261450594e+00,1.060644825190415474e-04,2.381043759907414126e-05,-1.538541233199464120e-05,2.381043785887326791e-05,-1.538541196356713048e-05,2.381043792940018555e-05,-1.538541186414665862e-05,1.061155908074762344e-05,-9.123416864799654274e-05,1.061155908074762344e-05,-9.123416864799654274e-05,1.061155908074762344e-05,-9.123416864799654274e-05,1.061155908073374565e-05,-9.123416864799827747e-05,4.585157464645846399e-04,-4.003228302154002894e-07,1.341249043720352599e-02,-8.841169496595289697e-04,7.154032044959703285e+01,9.972202608702329485e+01,-1.037191248054899795e+01,-1.616646372836199674e+01,-1.037191215120051702e+01,-1.616646395712685091e+01,-1.037191206228206752e+01,-1.616646401916628051e+01,-5.591792798558066835e+01,-6.852616573512634979e+00,-5.591792798558066835e+01,-6.852616573512634979e+00,-5.591792798558066835e+01,-6.852616573512634979e+00,-5.591792798558054756e+01,-6.852616573512714027e+00
4.108227526584971201e+04,2.173113024375849926e-11,8.220592690063693560e-10,1.492092209158706533e-09,1.662857446679008929e-08,-1.000152750496906329e+00,1.124469317680953928e-04,2.460431978414112653e-05,-1.704307533161031341e-05,2.460432008328378162e-05,-1.704307493537171592e-05,2.460432013785124328e-05,-1.704307486352640844e-05,9.391304026287738971e-06,-9.478776694705516592e-05,9.391304026287738971e-06,-9.478776694705516592e-05,9.391304026287738971e-06,-9.478776694705516592e-05,9.391304026246105607e-06,-9.478776694705516592e-05,4.900181717347502778e-04,-9.953866538379589407e-06,1.431087773872110301e-02,-1.256875417305601495e-03,7.370849290622922467e+01,1.007917805777906466e+02,-1.116864780255873590e+01,-1.623283727760515305e+01,-1.116864745817796312e+01,-1.623283753368435356e+01,-1.116864739568189613e+01,-1.623283758035131896e+01,-5.645404167996537836e+01,-5.934192337179787557e+00,-5.645404167996537836e+01,-5.934192337179787557e+00,-5.645404167996537836e+01,-5.934192337179787557e+00,-5.645404167996537836e+01,-5.934192337179972299e+00
4.228220396544493997e+04,4.159460651572265025e-11,9.039237480892333334e-10,2.046941466604685077e-09,1.825395096105848756e-08,-1.000158838038841758e+00,1.191496398038616178e-04,2.537212499441332536e-05,-1.882048794639434863e-05,2.537212528922611066e-05,-1.882048758103382902e-05,2.537212537203487051e-05,-1.882048747901821084e-05,8.048471226387854394e-06,-9.846076422326049613e-05,8.048471226387854394e-06,-9.846076422326179717e-05,8.048471226373976606e-06,-9.846076422326049613e-05,8.048471226373976606e-06,-9.846076422326223085e-05,5.235851542347057588e-04,-2.096994276740988050e-05,1.526413268894478807e-02,-1.681578217334114443e-03,7.590093303843011086e+01,1.018320749089702844e+02,-1.198850953138484776e+01,-1.626581470653313133e+01,-1.198850922270690944e+01,-1.626581495191975435e+01,-1.198850913646557714e+01,-1.626581502079422492e+01,-5.698393647258031081e+01,-4.991381670821517957e+00,-5.698393647258031081e+01,-4.991381670821503747e+00,-5.698393647257996975e+01,-4.991381670821489536e+00,-5.698393647258020422e+01,-4.991381670821375849e+00
4.351718011250491691e+04,6.553939441310052466e-11,9.937625394381725505e-10,2.704953903380184500e-09,2.003111462776673525e-08,-1.000165103128839217e+00,1.261825715823672311e-04,2.610683152783760397e-05,-2.072325991053780569e-05,2.610683183509876493e-05,-2.072325955433662603e-05,2.610683192993262791e-05,-2.072325944506292483e-05,6.572520314038210465e-06,-1.022578662301972929e-04,6.572520314038210465e-06,-1.022578662301972929e-04,6.572520314038210465e-06,-1.022578662301972929e-04,6.572520314024332677e-06,-1.022578662301996781e-04,5.593489205986344184e-04,-3.363553758751541633e-05,1.627515680712344343e-02,-2.164492560734559545e-03,7.811489549960698753e+01,1.028425597269263250e+02,-1.283085928825770949e+01,-1.626334349163587945e+01,-1.283085899565841181e+01,-1.626334374027559804e+01,-1.283085890584214184e+01,-1.626334381696391063e+01,-5.750822277693181661e+01,-4.022399802456041229e+00,-5.750822277693181661e+01,-4.022399802456041229e+00,-5.750822277693181661e+01,-4.022399802456041229e+00,-5.750822277693181661e+01,-4.022399802456027018e+00
4.478822737083084212e+04,9.426089885626679757e-11,1.092338606564663687e-09,3.482763361242498229e-09,2.197333659772786626e-08,-1.000171549491218448e+00,1.335555657372977656e-04,2.680068098810661770e-05,-2.275709582147400489e-05,2.680068133682766973e-05,-2.275709544345694280e-05,2.680068141515390412e-05,-2.275709535906611514e-05,4.951705818947993443e-06,-1.061838798973069624e-04,4.951705818947993443e-06,-1.061838798973069624e-04,4.951705818947993443e-06,-1.061838798973069624e-04,4.951705818947993443e-06,-1.061838798973083718e-04,5.974485126533558453e-04,-4.816262973126088853e-05,1.734689726885661407e-02,-2.712669583779532545e-03,8.034750742824726899e+01,1.038231964112967773e+02,-1.369499730595004294e+01,-1.622330389651502713e+01,-1.369499700401573605e+01,-1.622330417087116672e+01,-1.369499693656582906e+01,-1.622330423244109809e+01,-5.802744294820845994e+01,-3.025203320727334333e+00,-5.802744294820845994e+01,-3.025203320727334333e+00,-5.802744294820845994e+01,-3.025203320727334333e+00,-5.802744294820857363e+01,-3.025203320727433809e+00
4.609639930333651137e+04,1.285706691114425738e-10,1.200482866142578602e-09,4.399637159732381101e-09,2.409482299263110273e-08,-1.000178181454372206e+00,1.412783309849285907e-04,2.744510220066553874e-05,-2.492778256507621748e-05,2.744510256130761050e-05,-2.492778219945201990e-05,2.744510265317856579e-05,-2.492778210690105301e-05,3.172926254471630791e-06,-1.102436653087248818e-04,3.172926254471630791e-06,-1.102436653087248818e-04,3.172926254485508579e-06,-1.102436653087261829e-04,3.172926254499386367e-06,-1.102436653087240145e-04,6.380294546003265933e-04,-6.479179068737939118e-05,1.848231290074095479e-02,-3.334048748075487019e-03,8.259579255064079462e+01,1.047742884950139768e+02,-1.458016087399263050e+01,-1.614349751909650976e+01,-1.458016059009267451e+01,-1.614349779490136783e+01,-1.458016051814794167e+01,-1.614349786513125906e+01,-5.854204927333663733e+01,-1.997469489296441969e+00,-5.854204927333663733e+01,-1.997469489296441969e+00,-5.854204927333675101e+01,-1.997469489296498812e+00,-5.854204927333652364e+01,-1.997469489296541445e+00
4.744278024533983989e+04,1.694163888639653123e-10,1.319098128693234407e-09,5.477902305879564829e-09,2.641070837944213027e-08,-1.000185004087137397e+00,1.493604537120551967e-04,2.803062350753560139e-05,-2.724117244616575118e-05,2.803062397317701571e-05,-2.724117200557374385e-05,2.803062398590294713e-05,-2.724117199356945740e-05,1.221554179531292306e-06,-1.144420718339660484e-04,1.221554179531292306e-06,-1.144420718339660484e-04,1.221554179503536730e-06,-1.144420718339669157e-04,1.221554179503536730e-06,-1.144420718339690841e-04,6.812431526926565834e-04,-8.379632542741343273e-05,1.968432848320038342e-02,-4.037576354817400473e-03,8.485669999655158335e+01,1.056965127105107598e+02,-1.548552134685081327e+01,-1.602163319557164911e+01,-1.548552101410170678e+01,-1.602163354173805843e+01,-1.548552100503368578e+01,-1.602163355120995192e+01,-5.905237805969955645e+01,-9.365735352283216519e-01,-5.905237805969955645e+01,-9.365735352283216519e-01,-5.905237805969955645e+01,-9.365735352285348148e-01,-5.905237805969944276e+01,-9.365735352285916582e-01
4.882848620336147724e+04,2.179054213011203550e-10,1.449162452769319569e-09,6.743441874686674953e-09,2.893702057092358859e-08,-1.000192023352551418e+00,1.578114179301426390e-04,2.854677167027364071e-05,-2.970316009837103977e-05,2.854677217331569317e-05,-2.970315965410141867e-05,2.854677217492551655e-05,-2.970315965265812874e-05,-9.187549888378665486e-07,-1.187838542940156464e-04,-9.187549888378665486e-07,-1.187838542940156464e-04,-9.187549888239887608e-07,-1.187838542940156464e-04,-9.187549888517443364e-07,-1.187838542940173811e-04,7.272459397576739757e-04,-1.054870328554843666e-04,2.095577420622990808e-02,-4.833339878433919219e-03,8.712713705722838142e+01,1.065909504442121403e+02,-1.641017897579912344e+01,-1.585531013821473145e+01,-1.641017864952058858e+01,-1.585531050176933476e+01,-1.641017864847931662e+01,-1.585531050293481670e+01,-5.955861894822772484e+01,1.604361939915197877e-01,-5.955861894822772484e+01,1.604361939915197877e-01,-5.955861894822772484e+01,1.604361939915482094e-01,-5.955861894822772484e+01,1.604361939915481816e-01
5.025466578017541178e+04,2.753325440379403343e-10,1.591731532314555821e-09,8.226272744568845024e-09,3.169060586754486800e-08,-1.000199246282500454e+00,1.666406383121210588e-04,2.898195562671401770e-05,-3.231965055892904726e-05,2.898195610845366588e-05,-3.231965016212146047e-05,2.898195615796961278e-05,-3.231965012157056449e-05,-3.266277690858188087e-06,-1.232735639591781007e-04,-3.266277690858188087e-06,-1.232735639591781007e-04,-3.266277690872065875e-06,-1.232735639591676924e-04,-3.266277690872065875e-06,-1.232735639591746313e-04,7.761976512397069728e-04,-1.302176743307470745e-04,2.229930629929645705e-02,-5.732719913107384678e-03,8.940400474485308280e+01,1.074591209531582621e+02,-1.735315463945541836e+01,-1.564199834065819950e+01,-1.735315435606149492e+01,-1.564199867914836695e+01,-1.735315432708474859e+01,-1.564199871392186658e+01,-6.006077836409576065e+01,1.296865226728652898e+00,-6.006077836409576065e+01,1.296865226728652898e+00,-6.006077836409553328e+01,1.296865226728624476e+00,-6.006077836409564696e+01,1.296865226728624476e+00
5.172250112687845831e+04,3.432126102646530677e-10,1.747939596569183149e-09,9.961217263867000969e-09,3.468900043599641931e-08,-1.000206681167753686e+00,1.758575177854271310e-04,2.932333141338061555e-05,-3.509651664998503229e-05,2.932333195820868710e-05,-3.509651623259668618e-05,2.932333197158687454e-05,-3.509651622246590108e-05,-5.841462728778390456e-06,-1.279154078314033438e-04,-5.841462728764512669e-06,-1.279154078314068133e-04,-5.841462728778390456e-06,-1.279154078314033438e-04,-5.841462728778390456e-06,-1.279154078313998744e-04,8.282595871259737334e-04,-1.583912460746535959e-04,2.371730384381544668e-02,-6.748561510811660474e-03,9.168424248439160351e+01,1.083030111772227002e+02,-1.831337846290324478e+01,-1.537901508054885369e+01,-1.831337817297305648e+01,-1.537901545270475623e+01,-1.831337816591617340e+01,-1.537901546180505363e+01,-6.055863577358990568e+01,2.476402033785455092e+00,-6.055863577359001937e+01,2.476402033785426671e+00,-6.055863577358990568e+01,2.476402033785455092e+00,-6.055863577359001937e+01,2.476402033785369827e+00
5.323320892276772793e+04,4.233189895506002083e-10,1.918998117857035999e-09,1.198868289772477241e-08,3.795022915738981498e-08,-1.000214337775192419e+00,1.854715226297098951e-04,2.955664759442255818e-05,-3.803954011753762909e-05,2.955664816237102421e-05,-3.803953971369400389e-05,2.955664817977377012e-05,-3.803953970139828389e-05,-8.667199744835651920e-06,-1.327130682413930202e-04,-8.667199744835651920e-06,-1.327130682413930202e-04,-8.667199744835651920e-06,-1.327130682413930202e-04,-8.667199744849529708e-06,-1.327130682413878160e-04,8.835916739405583935e-04,-1.904671596613693215e-04,2.521173553621851304e-02,-7.895366639187207519e-03,9.396487415409004029e+01,1.091251094891898106e+02,-1.928967304992610821e+01,-1.506349873488819213e+01,-1.928967277704437322e+01,-1.506349911204070402e+01,-1.928967276874244163e+01,-1.506349912357161891e+01,-6.105169124037165318e+01,3.703148969471238949e+00,-6.105169124037165318e+01,3.703148969471238949e+00,-6.105169124037165318e+01,3.703148969471238949e+00,-6.105169124037153949e+01,3.703148969471097285e+00
5.478804138383825193e+04,5.177287607721419663e-10,2.106191374230230857e-09,1.435556511689635347e-08,4.149250756301811296e-08,-1.000222227583599910e+00,1.954922919372159562e-04,2.966606656729098290e-05,-4.115433308982813232e-05,2.966606709599306502e-05,-4.115433274164137512e-05,2.966606718000919241e-05,-4.115433268672696876e-05,-1.176911735803476411e-05,-1.376694725430862437e-04,-1.176911735803476411e-05,-1.376694725430827743e-04,-1.176911735803476411e-05,-1.376694725430845090e-04,-1.176911735804864190e-05,-1.376694725430810395e-04,9.423485874819004455e-04,-2.269694375389111232e-04,2.678398856472621534e-02,-9.189509184905334319e-03,9.624306466171712771e+01,1.099284359355737024e+02,-2.028073123618783313e+01,-1.469237843487531947e+01,-2.028073100736911272e+01,-1.469237877616673060e+01,-2.028073097121179202e+01,-1.469237883040721471e+01,-6.153910232728168950e+01,4.981654614950286053e+00,-6.153910232728180318e+01,4.981654614950257631e+00,-6.153910232728168950e+01,4.981654614950229210e+00,-6.153910232728190977e+01,4.981654614950428162e+00
5.638828730073681072e+04,6.288757553995152232e-10,2.310867594133149503e-09,1.711628974999719231e-08,4.533381527045694979e-08,-1.000230364046339471e+00,2.059297806328297398e-04,2.963396033220377923e-05,-4.444623231208977288e-05,2.963396085887970433e-05,-4.444623199211655828e-05,2.963396097252490868e-05,-4.444623192366436992e-05,-1.517591206122437253e-05,-1.427865005228911438e-04,-1.517591206122437253e-05,-1.427865005228911438e-04,-1.517591206122437253e-05,-1.427865005228911438e-04,-1.517591206125212810e-05,-1.427865005228824702e-04,1.004674532787678230e-03,-2.684960303447987890e-04,2.843464987459437196e-02,-1.064947344499200116e-02,9.851618266625497711e+01,1.107165736548320041e+02,-2.128508602884893719e+01,-1.426234052736945834e+01,-2.128508582429784823e+01,-1.426234085789101691e+01,-2.128508578047439670e+01,-1.426234092915826146e+01,-6.201960815380258651e+01,6.316946807370004358e+00,-6.201960815380258651e+01,6.316946807370004358e+00,-6.201960815380258651e+01,6.316946807370004358e+00,-6.201960815380246572e+01,6.316946807370005246e+00
5.803527310703221156e+04,7.596126637855055153e-10,2.534423986476183512e-09,2.033401123282676739e-08,4.949130003480956602e-08,-1.000238762881743515e+00,2.167944452077796846e-04,2.944067807882089216e-05,-4.792015810695798850e-05,2.944067868532185273e-05,-4.792015776906854985e-05,2.944067884462497897e-05,-4.792015768104174178e-05,-1.891970773051920851e-05,-1.480646140828642543e-04,-1.891970773051920851e-05,-1.480646140828642543e-04,-1.891970773051920851e-05,-1.480646140828677237e-04,-1.891970773050533072e-05,-1.480646140828642543e-04,1.070696294710291215e-03,-3.157293525230507884e-04,3.016322771834466579e-02,-1.229611613921105517e-02,1.007818716455699928e+02,1.114937005996139021e+02,-2.230107104073413993e+01,-1.376979195518105925e+01,-2.230107083050351235e+01,-1.376979232514943163e+01,-2.230107077563781104e+01,-1.376979242230767930e+01,-6.249143794390299433e+01,7.714565182552829192e+00,-6.249143794390299433e+01,7.714565182552829192e+00,-6.249143794390310802e+01,7.714565182552658662e+00,-6.249143794390310092e+01,7.714565182552544975e+00
5.973036397868757922e+04,9.132835052257952586e-10,2.778283407854722939e-09,2.408198220467913685e-08,5.398045973324696987e-08,-1.000247442388169095e+00,2.280974866832319314e-04,2.906428343109335177e-05,-5.158042768381443377e-05,2.906428395811622156e-05,-5.158042741536944531e-05,2.906428412663419891e-05,-5.158042733045126171e-05,-2.303644364498591557e-05,-1.535023901491454346e-04,-2.303644364499979336e-05,-1.535023901491489040e-04,-2.303644364499979336e-05,-1.535023901491523735e-04,-2.303644364502754893e-05,-1.535023901491489040e-04,1.140514069188255626e-03,-3.694481086848104773e-04,3.196779851482392520e-02,-1.415295050931588902e-02,1.030381337071724630e+02,1.122646185740431406e+02,-2.332676925685062486e+01,-1.321082098494301249e+01,-2.332676909434107415e+01,-1.321082129751261469e+01,-2.332676904281927932e+01,-1.321082139741404049e+01,-6.295220090813734970e+01,9.180591446103035125e+00,-6.295220090813734970e+01,9.180591446103091968e+00,-6.295220090813746339e+01,9.180591446103148812e+00,-6.295220090813734970e+01,9.180591446102919662e+00
6.147496496564592962e+04,1.093807800928054969e-09,3.043859708205705068e-09,2.844510706380090913e-08,5.881403479790339918e-08,-1.000256423788478122e+00,2.398511588054819121e-04,2.848025920859642568e-05,-5.543051013178618147e-05,2.848025974876156052e-05,-5.543050988236764010e-05,2.848025993168468162e-05,-5.543050979892050201e-05,-2.756628610806055590e-05,-1.590959337253866623e-04,-2.756628610806055590e-05,-1.590959337253866623e-04,-2.756628610806055590e-05,-1.590959337253866623e-04,-2.756628610806055590e-05,-1.590959337253797234e-04,1.214189459118276016e-03,-4.305404397300643536e-04,3.384456064319596447e-02,-1.624644885562936958e-02,1.052834251152803233e+02,1.130347818043306916e+02,-2.435994776881763713e+01,-1.258115562129818343e+01,-2.435994762182327023e+01,-1.258115593274791699e+01,-2.435994757251533471e+01,-1.258115603816244032e+01,-6.339875387736103818e+01,1.072167482139360750e+01,-6.339875387736103818e+01,1.072167482139360750e+01,-6.339875387736103818e+01,1.072167482139366435e+01,-6.339875387736092449e+01,1.072167482139360750e+01
6.327052215646706463e+04,1.305777722851548194e-09,3.332507878107944879e-09,3.352168606182649637e-08,6.400052504873471820e-08,-1.000265731598838359e+00,2.520691613192571623e-04,2.766118279709517402e-05,-5.947270513671776282e-05,2.766118350722157615e-05,-5.947270484300132276e-05,2.766118365810088520e-05,-5.947270478124516702e-05,-3.255405423280288701e-05,-1.648381429109196938e-04,-3.255405423277513144e-05,-1.648381429109196938e-04,-3.255405423278900923e-05,-1.648381429109196938e-04,-3.255405423280288701e-05,-1.648381429109162244e-04,1.291729862285345047e-03,-5.000183398511662746e-04,3.578727274942195696e-02,-1.860635641563809783e-02,1.075167686073034901e+02,1.138103214582906162e+02,-2.539797443305296198e+01,-1.187612280824182953e+01,-2.539797426436078709e+01,-1.187612320621961359e+01,-2.539797422881185085e+01,-1.187612329074904416e+01,-6.382704250192509221e+01,1.234504893419780203e+01,-6.382704250192520590e+01,1.234504893419780203e+01,-6.382704250192509221e+01,1.234504893419780203e+01,-6.382704250192497142e+01,1.234504893419774518e+01
6.511852387698107486e+04,1.554569267996950914e-09,3.645453959941465723e-09,3.942534596613671641e-08,6.954222213568534713e-08,-1.000275394018514730e+00,2.647671374166882252e-04,2.657637269763701848e-05,-6.370772640813815446e-05,2.657637332353912640e-05,-6.370772617783626579e-05,2.657637347523722493e-05,-6.370772612277614266e-05,-3.804964423874401813e-05,-1.707177923258272612e-04,-3.804964423874401813e-05,-1.707177923258272612e-04,-3.804964423874401813e-05,-1.707177923258272612e-04,-3.804964423874401813e-05,-1.707177923258272612e-04,1.373068293486832351e-03,-5.790331740382502392e-04,3.778654957672820947e-02,-2.126600453071075120e-02,1.097378851278493528e+02,1.145980645630569938e+02,-2.643771367528453808e+01,-1.109060923232336648e+01,-2.643771354643457627e+01,-1.109060957335968745e+01,-2.643771351554164184e+01,-1.109060965597780246e+01,-6.423191142408794008e+01,1.405853495079360904e+01,-6.423191142408794008e+01,1.405853495079360904e+01,-6.423191142408794008e+01,1.405853495079360904e+01,-6.423191142408805376e+01,1.405853495079355220e+01
6.702050192395209160e+04,1.846468019279454966e-09,3.983698224908668981e-09,4.628713578659577948e-08,7.543262124727497631e-08,-1.000285443336037527e+00,2.779632966095069158e-04,2.519151385388385123e-05,-6.813416425676538379e-05,2.519151445964928904e-05,-6.813416406156735938e-05,2.519151465818492142e-05,-6.813416399866628614e-05,-4.410842743737819482e-05,-1.767183953746247205e-04,-4.410842743737819482e-05,-1.767183953746247205e-04,-4.410842743737819482e-05,-1.767183953746177816e-04,-4.410842743740595040e-05,-1.767183953746073732e-04,1.458037464039696127e-03,-6.688919364684690850e-04,3.982898327141225214e-02,-2.426260384639447945e-02,1.119473470462562688e+02,1.154055459581560683e+02,-2.747539689605792645e+01,-1.021902762724023184e+01,-2.747539678959202547e+01,-1.021902794810497284e+01,-2.747539675514531865e+01,-1.021902805323987451e+01,-6.460687847131673323e+01,1.587052374579712932e+01,-6.460687847131673323e+01,1.587052374579712932e+01,-6.460687847131673323e+01,1.587052374579707248e+01,-6.460687847131684691e+01,1.587052374579707248e+01
6.897803283477478544e+04,2.188809152106063207e-09,4.347883319426559508e-09,5.425773825671986836e-08,8.165304333042799656e-08,-1.000295916331096935e+00,2.916791991472988954e-04,2.346827641769300143e-05,-7.274779640466938480e-05,2.346827712959576040e-05,-7.274779620848256800e-05,2.346827724822309058e-05,-7.274779617635201978e-05,-5.079158414700302160e-05,-1.828167996049956390e-04,-5.079158414700302160e-05,-1.828167996049887001e-04,-5.079158414700302160e-05,-1.828167996049887001e-04,-5.079158414701689939e-05,-1.828167996049887001e-04,1.546336694076300708e-03,-7.710736036966302784e-04,4.189605291629631967e-02,-2.763748800747302045e-02,1.141467609439277453e+02,1.162410047854559565e+02,-2.850646243646521327e+01,-9.255294532911277017e+00,-2.850646233194008161e+01,-9.255294899456460556e+00,-2.850646231475377235e+01,-9.255294960513115399e+00,-6.494386778579091413e+01,1.778992718434876252e+01,-6.494386778579080044e+01,1.778992718434876252e+01,-6.494386778579091413e+01,1.778992718434876252e+01,-6.494386778579091413e+01,1.778992718434864884e+01
7.099273919425607892e+04,2.590129841023106343e-09,4.738116930442739681e-09,6.350970566569955772e-08,8.816826246945416392e-08,-1.000306854656337396e+00,3.059407304975003683e-04,2.136394745905212389e-05,-7.754071216670502253e-05,2.136394813950781568e-05,-7.754071201026419002e-05,2.136394831495080915e-05,-7.754071197085127265e-05,-5.816631820765305605e-05,-1.889814644129364507e-04,-5.816631820765305605e-05,-1.889814644129364507e-04,-5.816631820765305605e-05,-1.889814644129364507e-04,-5.816631820769468941e-05,-1.889814644129364507e-04,1.637489969750149542e-03,-8.872445223585469654e-04,4.396278035378439752e-02,-3.143626412603255094e-02,1.163389810298897658e+02,1.171133624454543707e+02,-2.952536062250660365e+01,-8.192825451006662263e+00,-2.952536054102185759e+01,-8.192825791633946864e+00,-2.952536052037207170e+01,-8.192825879425218005e+00,-6.523289732728130730e+01,1.982608523336440953e+01,-6.523289732728130730e+01,1.982608523336440953e+01,-6.523289732728130730e+01,1.982608523336440953e+01,-6.523289732728109414e+01,1.982608523336452322e+01
7.306629097956528130e+04,3.060329799942578628e-09,5.153736019175412684e-09,7.423956589212254130e-08,9.492089401911617643e-08,-1.000318305159731080e+00,3.207793104251233096e-04,1.883111102166101780e-05,-8.250020823672571391e-05,1.883111178785368267e-05,-8.250020809653924037e-05,1.883111203296317093e-05,-8.250020805288318937e-05,-6.630587237035912018e-05,-1.951703670325447004e-04,-6.630587237035912018e-05,-1.951703670325447004e-04,-6.630587237034524239e-05,-1.951703670325308226e-04,-6.630587237037299797e-05,-1.951703670325308226e-04,1.730793198643983859e-03,-1.019271171638314651e-03,4.599608715900926209e-02,-3.570880669438701582e-02,1.185283603397108294e+02,1.180321700005841592e+02,-3.052531855841710495e+01,-7.024558073619187937e+00,-3.052531848671685921e+01,-7.024558446457803029e+00,-3.052531846422462891e+01,-7.024558565711731539e+00,-6.546171737281650849e+01,2.198861114768333636e+01,-6.546171737281650849e+01,2.198861114768333636e+01,-6.546171737281673586e+01,2.198861114768333636e+01,-6.546171737281673586e+01,2.198861114768339320e+01
7.520040694446746784e+04,3.610831989581247676e-09,5.592996945856282438e-09,8.666955414524650124e-08,1.018242620101454925e-07,-1.000330320097235104e+00,3.362333792067406790e-04,1.581742860398693828e-05,-8.760741076971508001e-05,1.581742946382691528e-05,-8.760741065326656252e-05,1.581742964229526649e-05,-8.760741062988942895e-05,-7.528923285077260275e-05,-2.013284843178295147e-04,-7.528923285077260275e-05,-2.013284843178295147e-04,-7.528923285078648053e-05,-2.013284843178364536e-04,-7.528923285077260275e-05,-2.013284843178364536e-04,1.825248514329220507e-03,-1.169227806531849883e-03,4.795280785363772308e-02,-4.050900548212927471e-02,1.207210428576356094e+02,1.190075128494910359e+02,-3.149806035594594888e+01,-5.743017423683676626e+00,-3.149806029703452381e+01,-5.743017830440992455e+00,-3.149806028509590661e+01,-5.743017914875016672e+00,-6.561539933933431712e+01,2.428715162045765652e+01,-6.561539933933431712e+01,2.428715162045765652e+01,-6.561539933933420343e+01,2.428715162045777021e+01,-6.561539933933467239e+01,2.428715162045788389e+01
7.739685604398742726e+04,4.254730021159737344e-09,6.052673111572436787e-09,1.010485984930424911e-07,1.087534371905240653e-07,-1.000342957159311652e+00,3.523502070620909699e-04,1.226559348402322946e-05,-9.283557754612582064e-05,1.226559430772544701e-05,-9.283557747383382186e-05,1.226559454772790936e-05,-9.283557745397470751e-05,-8.520036962460231234e-05,-2.073848073468539943e-04,-8.520036962460231234e-05,-2.073848073468539943e-04,-8.520036962460231234e-05,-2.073848073468539943e-04,-8.520036962463006791e-05,-2.073848073468401165e-04,1.919483414946798533e-03,-1.339395343919925693e-03,4.977732099805015631e-02,-4.589414368876092859e-02,1.229252993292540737e+02,1.200498545602032578e+02,-3.243348039237535119e+01,-4.340440201221240635e+00,-3.243348035561636067e+01,-4.340440580022150385e+00,-3.243348034531900481e+01,-4.340440690404412827e+00,-6.567587898895286003e+01,2.673103232432384502e+01,-6.567587898895286003e+01,2.673103232432384502e+01,-6.567587898895286003e+01,2.673103232432384502e+01,-6.567587898895284582e+01,2.673103232432373133e+01
7.965745890068511653e+04,5.006900874461562515e-09,6.527539591571105099e-09,1.176520129640231700e-07,1.155341336256685496e-07,-1.000356279203481247e+00,3.691880684108528321e-04,8.113568290002426409e-06,-9.814803755145646083e-05,8.113569038736834216e-06,-9.814803752213442992e-05,8.113569235301820726e-06,-9.814803751556329739e-05,-9.612680682488661255e-05,-2.132488691467815389e-04,-9.612680682488661255e-05,-2.132488691467815389e-04,-9.612680682490049033e-05,-2.132488691467884778e-04,-9.612680682488661255e-05,-2.132488691467815389e-04,2.011652724282223231e-03,-1.532246336763812711e-03,5.139877709446319387e-02,-5.192373935436447874e-02,1.251519060987001666e+02,1.211697961638941479e+02,-3.331927016985248713e+01,-2.808983463683990767e+00,-3.331927015368336242e+01,-2.808983798441252233e+00,-3.331927014981867785e+01,-2.808983886329670998e+00,-6.562146596507490415e+01,2.932875201890083616e+01,-6.562146596507490415e+01,2.932875201890083616e+01,-6.562146596507456309e+01,2.932875201890072248e+01,-6.562146596507490415e+01,2.932875201890083616e+01
8.198408931375804241e+04,5.884050559766564850e-09,7.009723559416036753e-09,1.367791217645582746e-07,1.219291947797669591e-07,-1.000370353548517333e+00,3.868188050299425917e-04,3.295250507434621667e-06,-1.034957408434147158e-04,3.295251319007652668e-06,-1.034957408531742701e-04,3.295251470275539774e-06,-1.034957408558110498e-04,-1.081572558479099166e-04,-2.188068108695817582e-04,-1.081572558479099166e-04,-2.188068108695817582e-04,-1.081572558479099166e-04,-2.188068108695817582e-04,-1.081572558479099166e-04,-2.188068108695817582e-04,2.099322048483283180e-03,-1.750408945487389508e-03,5.272793687358819092e-02,-5.865763093564286407e-02,1.274145589244811134e+02,1.223777223169835509e+02,-3.414050593015839041e+01,-1.141046845131483023e+00,-3.414050593111625886e+01,-1.141047197917288702e+00,-3.414050593156979119e+01,-1.141047263665845524e+00,-6.542634398506973525e+01,3.208728118118845885e+01,-6.542634398506973525e+01,3.208728118118845885e+01,-6.542634398506973525e+01,3.208728118118845885e+01,-6.542634398506973525e+01,3.208728118118834516e+01
8.437867581222135050e+04,6.904645661115677881e-09,7.487901605915256919e-09,1.587477468547613204e-07,1.276225236961466480e-07,-1.000385250628228695e+00,4.053307795806593283e-04,-2.258237913471683456e-06,-1.088144217744752007e-04,-2.258237105839944192e-06,-1.088144218267216023e-04,-2.258236788538203754e-06,-1.088144218490995352e-04,-1.213779752603089124e-04,-2.239170889678232523e-04,-1.213779752602811568e-04,-2.239170889678163134e-04,-1.213779752603089124e-04,-2.239170889678371301e-04,-1.213779752603089124e-04,-2.239170889678371301e-04,2.179332867448867915e-03,-1.996600461955755617e-03,5.365369436171338324e-02,-6.615302935598250944e-02,1.297303077195788887e+02,1.236832948839449244e+02,-3.487921368872567740e+01,6.702543182232173491e-01,-3.487921370761112883e+01,6.702539769369636469e-01,-3.487921371562588746e+01,6.702538428207784893e-01,-6.506010434651314256e+01,3.501111507478216112e+01,-6.506010434651280150e+01,3.501111507478170637e+01,-6.506010434651314256e+01,3.501111507478227480e+01,-6.506010434651257412e+01,3.501111507478204743e+01
8.684320325345317542e+04,8.088665080828796872e-09,7.946332713091095032e-09,1.838841463184817752e-07,1.322005665280139963e-07,-1.000401041763467891e+00,4.248321522482001456e-04,-8.616388018189979903e-06,-1.140214350931027798e-04,-8.616387336457531632e-06,-1.140214351741213050e-04,-8.616387029286576293e-06,-1.140214352128438025e-04,-1.358674567106810116e-04,-2.284060496770962123e-04,-1.358674567106810116e-04,-2.284060496770962123e-04,-1.358674567106810116e-04,-2.284060496770962123e-04,-1.358674567106810116e-04,-2.284060496770962123e-04,2.247652077480605855e-03,-2.273518309991101778e-03,5.403945784743284519e-02,-7.446020102313685718e-02,1.321199772744252527e+02,1.250947553699035666e+02,-3.551394362973797314e+01,2.630422548814837391e+00,-3.551394366042764261e+01,2.630422268704419864e+00,-3.551394367495374382e+01,2.630422142486325221e+00,-6.448738157138582494e+01,3.810102928051801285e+01,-6.448738157138582494e+01,3.810102928051789917e+01,-6.448738157138582494e+01,3.810102928051801285e+01,-6.448738157138582494e+01,3.810102928051789917e+01
8.937971446843017475e+04,9.457084364953717679e-09,8.363731948054793208e-09,2.125066222595763869e-07,1.351319092897464754e-07,-1.000417795751153527e+00,4.454543289899026703e-04,-1.584596945075622543e-05,-1.190124160286298860e-04,-1.584596878845268009e-05,-1.190124161457445373e-04,-1.584596830364604081e-05,-1.190124162353395354e-04,-1.516889924249864574e-04,-2.320637813869319555e-04,-1.516889924249864574e-04,-2.320637813869319555e-04,-1.516889924249864574e-04,-2.320637813869319555e-04,-1.516889924249725796e-04,-2.320637813869458332e-04,2.299213204400884277e-03,-2.583673885911241374e-03,5.371971106389510087e-02,-8.361640346583160133e-02,1.346085210993074952e+02,1.266179913507632762e+02,-3.601940739396423652e+01,4.742674441021577536e+00,-3.601940743826828140e+01,4.742674176445548007e+00,-3.601940747187600067e+01,4.742673982710585712e+00,-6.366769490229226136e+01,4.135249197519938491e+01,-6.366769490229226136e+01,4.135249197519938491e+01,-6.366769490229226136e+01,4.135249197519938491e+01,-6.366769490229225426e+01,4.135249197519927833e+01
9.199031195501702314e+04,1.103098204092135500e-08,8.712019262838659574e-09,2.449006947080782035e-07,1.357462726356147519e-07,-1.000435573925153587e+00,4.673552989350460152e-04,-2.400618722539493710e-05,-1.236580548990076633e-04,-2.400618629380679714e-05,-1.236580551238347647e-04,-2.400618607509286129e-05,-1.236580551779581372e-04,-1.688806895103756034e-04,-2.346409131530058367e-04,-1.688806895103894812e-04,-2.346409131530058367e-04,-1.688806895103894812e-04,-2.346409131530197145e-04,-1.688806895104172368e-04,-2.346409131529919589e-04,2.327763214735717109e-03,-2.929152831050350469e-03,5.249728838255914021e-02,-9.363769289278039976e-02,1.372252294460107294e+02,1.282553233361805383e+02,-3.636626113063950072e+01,7.006758869194264605e+00,-3.636626121425759806e+01,7.006758507328499697e+00,-3.636626123428452928e+01,7.006758422328127622e+00,-6.255564287369958265e+01,4.475370809794961957e+01,-6.255564287369935528e+01,4.475370809794950588e+01,-6.255564287369946896e+01,4.475370809794961957e+01,-6.255564287369935528e+01,4.475370809794927851e+01
9.467715962071336980e+04,1.283013879314636623e-08,8.955025000282116048e-09,2.812835979225652706e-07,1.332152621116367616e-07,-1.000454423382771907e+00,4.907223584535991279e-04,-3.314200801507460881e-05,-1.278014719191880588e-04,-3.314200704743197612e-05,-1.278014722177270301e-04,-3.314200686829749110e-05,-1.278014722741263598e-04,-1.874426110063664996e-04,-2.358473608831818114e-04,-1.874426110063248663e-04,-2.358473608831956891e-04,-1.874426110063387441e-04,-2.358473608831679336e-04,-1.874426110063526218e-04,-2.358473608831679336e-04,2.325738312874990176e-03,-3.311285633776089518e-03,5.014217524868665871e-02,-1.045083025001761895e-01,1.400036660676940130e+02,1.300039982030917258e+02,-3.652115340454417947e+01,9.417476787286227946e+00,-3.652115351337646132e+01,9.417476421751622695e+00,-3.652115353384380825e+01,9.417476354063104793e+00,-6.110164699581945058e+01,4.828331518484581153e+01,-6.110164699581956427e+01,4.828331518484524310e+01,-6.110164699581956427e+01,4.828331518484524310e+01,-6.110164699581933689e+01,4.828331518484524310e+01
9.744248457630288613e+04,1.487099557781155492e-08,9.047302647627943365e-09,3.217561148709377814e-07,1.265386817011353337e-07,-1.000474368128522418e+00,5.157735015163256165e-04,-4.327542434212627853e-05,-1.312569269726476806e-04,-4.327542346876933621e-05,-1.312569273050623320e-04,-4.327542320653465779e-05,-1.312569274068142722e-04,-2.073210095406979869e-04,-2.353544066419910319e-04,-2.073210095406979869e-04,-2.353544066419910319e-04,-2.073210095407118647e-04,-2.353544066420187875e-04,-2.073210095407257425e-04,-2.353544066419910319e-04,2.284204252967721172e-03,-3.730216757974668014e-03,4.639297203543040621e-02,-1.161675080234720187e-01,1.429811817556965536e+02,1.318543989792640048e+02,-3.644719655898521182e+01,1.196291890218942733e+01,-3.644719667748317704e+01,1.196291858137725583e+01,-3.644719671361124824e+01,1.196291848500389854e+01,-5.925348507320503444e+01,5.190782836447844772e+01,-5.925348507320503444e+01,5.190782836447844772e+01,-5.925348507320503444e+01,5.190782836447844772e+01,-5.925348507320492075e+01,5.190782836447832693e+01
1.002885789818911289e+05,1.716386125079259154e-08,8.933290220219551126e-09,3.662407418888309168e-07,1.145419714237462527e-07,-1.000495398151711068e+00,5.427564498082793065e-04,-5.439465928355757818e-05,-1.338108782913266515e-04,-5.439465840351154213e-05,-1.338108786967384667e-04,-5.439465816806099419e-05,-1.338108788070530020e-04,-2.283901610511673841e-04,-2.328018639166928860e-04,-2.283901610511673841e-04,-2.328018639166928860e-04,-2.283901610511951397e-04,-2.328018639166928860e-04,-2.283901610511673841e-04,-2.328018639166790082e-04,2.192910425416129579e-03,-4.184371438854638491e-03,4.096248408925781681e-02,-1.284943229881985727e-01,1.461978077268215372e+02,1.337880608113903236e+02,-3.610505402507821771e+01,1.462250537725810240e+01,-3.610505416612324581e+01,1.462250506286232898e+01,-3.610505420438161650e+01,1.462250497868370047e+01,-5.695887750315603171e+01,5.557905253727302863e+01,-5.695887750315603171e+01,5.557905253727302863e+01,-5.695887750315620224e+01,5.557905253727302863e+01,-5.695887750315614539e+01,5.557905253727302863e+01
1.032178019468622952e+05,1.970933404665222083e-08,8.547165597035295565e-09,4.144072391855877838e-07,9.589209968963012271e-08,-1.000517456859778775e+00,5.719440714270218606e-04,-6.644174365286192874e-05,-1.352266472833957289e-04,-6.644174280534542731e-05,-1.352266477490787766e-04,-6.644174271266956033e-05,-1.352266478008012918e-04,-2.504331674731546942e-04,-2.278122914466385041e-04,-2.504331674731546942e-04,-2.278122914466385041e-04,-2.504331674731546942e-04,-2.278122914466523818e-04,-2.504331674731685720e-04,-2.278122914466107485e-04,2.040519265883886275e-03,-4.669839662202524000e-03,3.354911246960509685e-02,-1.412910603779609642e-01,1.496943287508740070e+02,1.357756754321047197e+02,-3.545484680596076998e+01,1.736501361727769677e+01,-3.545484696392672674e+01,1.736501332282282917e+01,-3.545484698143181390e+01,1.736501329058824084e+01,-5.416936156452899809e+01,5.923184339273752386e+01,-5.416936156452899809e+01,5.923184339273752386e+01,-5.416936156452899809e+01,5.923184339273752386e+01,-5.416936156452905493e+01,5.923184339273775123e+01
1.062325814853298652e+05,2.249404553713714948e-08,7.813834382617646304e-09,4.655900907293157867e-07,6.914042712437843330e-08,-1.000540427966342349e+00,6.036248318446180150e-04,-7.929955539695554556e-05,-1.352540378879441008e-04,-7.929955457627868576e-05,-1.352540384213368752e-04,-7.929955435231894612e-05,-1.352540385690520486e-04,-2.731242837784447763e-04,-2.200140482651324891e-04,-2.731242837784447763e-04,-2.200140482651324891e-04,-2.731242837784447763e-04,-2.200140482651324891e-04,-2.731242837784655930e-04,-2.200140482651047336e-04,1.815077716259631694e-03,-5.179728531897698392e-03,2.385563734451405862e-02,-1.542677735289580687e-01,1.535093675500136783e+02,1.377754056833995264e+02,-3.445904534351981852e+01,2.014691224757750376e+01,-3.445904551982733466e+01,2.014691197018654734e+01,-3.445904556854541312e+01,2.014691189441613872e+01,-5.084557101520762501e+01,6.278279009317983395e+01,-5.084557101520762501e+01,6.278279009317983395e+01,-5.084557101520762501e+01,6.278279009317983395e+01,-5.084557101520734079e+01,6.278279009317960657e+01
1.093354165287019277e+05,2.548606198438543131e-08,6.651527278640279647e-09,5.187072794942126427e-07,3.280068836373107189e-08,-1.000564123772935465e+00,6.380871757026840285e-04,-9.278027025966251173e-05,-1.336450201681604888e-04,-9.278026943373984814e-05,-1.336450208007239349e-04,-9.278026940154338043e-05,-1.336450208257039529e-04,-2.960166929960594828e-04,-2.090741430174902771e-04,-2.960166929960594828e-04,-2.090741430174902771e-04,-2.960166929960594828e-04,-2.090741430174902771e-04,-2.960166929960664217e-04,-2.090741430175041549e-04,1.504787081522150193e-03,-5.703575892785047938e-03,1.161636882989691005e-02,-1.670307445613772312e-01,1.576754341556421934e+02,1.397319682485905901e+02,-3.308639674115983098e+01,2.291146297251536623e+01,-3.308639694475694171e+01,2.291146270089138781e+01,-3.308639695278809967e+01,2.291146269028992677e+01,-4.696379189306214386e+01,6.613056486678678425e+01,-4.696379189306214386e+01,6.613056486678678425e+01,-4.696379189306208701e+01,6.613056486678678425e+01,-4.696379189306208701e+01,6.613056486678677004e+01
1.125288789970293728e+05,2.863057078515471751e-08,4.976404574762161286e-09,5.721954372363862159e-07,-1.453290956410983707e-08,-1.000588277708082119e+00,6.755974840386702596e-04,-1.066180768311691951e-04,-1.301758194942048696e-04,-1.066180761313262337e-04,-1.301758201237013246e-04,-1.066180760293661267e-04,-1.301758202168212808e-04,-3.185408317332785733e-04,-1.947400591585518592e-04,-3.185408317332785733e-04,-1.947400591585518592e-04,-3.185408317332924510e-04,-1.947400591585241036e-04,-3.185408317332855122e-04,-1.947400591585518592e-04,1.099092010241454467e-03,-6.226962350489312001e-03,-3.367742796217728860e-03,-1.790792340886781520e-01,1.622141066036741108e+02,1.415770589590867132e+02,-3.131671673218952279e+01,2.558916103490874505e+01,-3.131671692950245145e+01,2.558916081096105444e+01,-3.131671695863720473e+01,2.558916077828011026e+01,-4.252327314570565164e+01,6.915875512239617251e+01,-4.252327314570565164e+01,6.915875512239617251e+01,-4.252327314570553796e+01,6.915875512239594514e+01,-4.252327314570545269e+01,6.915875512239639988e+01
1.158156159308539063e+05,3.184677526468107867e-08,2.709303475862648476e-09,6.239812025679691273e-07,-7.402941061926431770e-08,-1.000612544572896168e+00,7.163726894855448890e-04,-1.204696096256119286e-04,-1.246743384017146017e-04,-1.204696089311951823e-04,-1.246743391390969791e-04,-1.204696087742374022e-04,-1.246743393082394569e-04,-3.400187178659030973e-04,-1.768869801125061425e-04,-3.400187178659030973e-04,-1.768869801125061425e-04,-3.400187178659030973e-04,-1.768869801125061425e-04,-3.400187178659239140e-04,-1.768869801125061425e-04,5.900420857796871048e-04,-6.731489891095577757e-03,-2.118866584625258079e-02,-1.898151259013400038e-01,1.671308358397056395e+02,1.432316854559211379e+02,-2.914605761717274746e+01,2.810008074488459684e+01,-2.914605784213577522e+01,2.810008052853352112e+01,-2.914605789363898580e+01,2.810008047955310317e+01,-3.755327082167871566e+01,7.174184782168586594e+01,-3.755327082167874408e+01,7.174184782168586594e+01,-3.755327082167871566e+01,7.174184782168586594e+01,-3.755327082167865171e+01,7.174184782168630647e+01
1.191983516853229667e+05,3.502709815767383124e-08,-2.157090812394957258e-10,6.715098637146409979e-07,-1.464392884093339568e-07,-1.000636511791129779e+00,7.605505982202220849e-04,-1.339254012337476318e-04,-1.170498568288658170e-04,-1.339254005862655639e-04,-1.170498576453238293e-04,-1.339254004693452016e-04,-1.170498577949818930e-04,-3.596984730343949499e-04,-1.555635004103633756e-04,-3.596984730343880110e-04,-1.555635004103772534e-04,-3.596984730343984193e-04,-1.555635004103772534e-04,-3.596984730343949499e-04,-1.555635004103494978e-04,-2.621521601715692994e-05,-7.195290138911744106e-03,-4.179090781497692836e-02,-1.985692449773324431e-01,1.724102261708261494e+02,1.446107820673072126e+02,-2.659139957726214121e+01,3.035850196680723911e+01,-2.659139981963226873e+01,3.035850177034584618e+01,-2.659139986399538458e+01,3.035850173479297354e+01,-3.211832503161466690e+01,7.375457047308560732e+01,-3.211832503161452479e+01,7.375457047308572101e+01,-3.211832503161461005e+01,7.375457047308572101e+01,-3.211832503161452479e+01,7.375457047308549363e+01
1.226798901883902436e+05,3.803969572970363139e-08,-3.841939929361644010e-09,7.118471366756277821e-07,-2.319121258442945915e-07,-1.000659723574906623e+00,8.081630227455560700e-04,-1.465342524018115045e-04,-1.073198999675395449e-04,-1.465342518219697743e-04,-1.073199008451708458e-04,-1.465342517335405104e-04,-1.073199009812564331e-04,-3.768097973704080672e-04,-1.310260329645956956e-04,-3.768097973703941894e-04,-1.310260329646095734e-04,-3.768097973704115367e-04,-1.310260329645956956e-04,-3.768097973704045978e-04,-1.310260329645679400e-04,-7.480516621041562349e-04,-7.594161299029445616e-03,-6.493908115708231510e-02,-2.046454916949736469e-01,1.780129173234190887e+02,1.456300488790052441e+02,-2.369373796676906352e+01,3.227975586711398392e+01,-2.369373822025884380e+01,3.227975569567284708e+01,-2.369373825952743928e+01,3.227975566943515418e+01,-2.632003119793737866e+01,7.508398821935607259e+01,-2.632003119793720813e+01,7.508398821935573153e+01,-2.632003119793740709e+01,7.508398821935607259e+01,-2.632003119793737511e+01,7.508398821935573153e+01
1.262631172649735236e+05,4.073478973839268942e-08,-8.181383324386618233e-09,7.418566832977652593e-07,-3.298485516080309978e-07,-1.000681717136947091e+00,8.591181418179383300e-04,-1.578396636482126691e-04,-9.562786541181256261e-05,-1.578396631444350939e-04,-9.562786634328968027e-05,-1.578396630827899605e-04,-9.562786645928023077e-05,-3.906357377780871748e-04,-1.037512475990376437e-04,-3.906357377780871748e-04,-1.037512475990376437e-04,-3.906357377781062568e-04,-1.037512475990237659e-04,-3.906357377780958484e-04,-1.037512475990376437e-04,-1.567391960178196727e-03,-7.903302871643921174e-03,-9.020225814404568554e-02,-2.073796105276320134e-01,1.838752178589449500e+02,1.462143193531788938e+02,-2.051842009050946913e+01,3.378859851286534877e+01,-2.051842035225672589e+01,3.378859836754453028e+01,-2.051842038479741248e+01,3.378859834971932230e+01,-2.029382092711889030e+01,7.564276066336985593e+01,-2.029382092711889030e+01,7.564276066336985593e+01,-2.029382092711889030e+01,7.564276066336996962e+01,-2.029382092711889385e+01,7.564276066337008331e+01
1.299510030289964780e+05,4.295445364093638868e-08,-1.320857909832361511e-08,7.584365633164235373e-07,-4.388225380609086070e-07,-1.000702066506055532e+00,9.131980519155868947e-04,-1.674238737938704702e-04,-8.224543562371233740e-05,-1.674238734614211244e-04,-8.224543639046011378e-05,-1.674238733352026443e-04,-8.224543668935990759e-05,-4.005900804123071687e-04,-7.441840934645227446e-05,-4.005900804123193118e-04,-7.441840934645227446e-05,-4.005900804123036993e-04,-7.441840934643839667e-05,-4.005900804123063014e-04,-7.441840934643839667e-05,-2.469453688459580069e-03,-8.099445560705020863e-03,-1.169621918642364117e-01,-2.062044610740010331e-01,1.899122546207214555e+02,1.463061205315996176e+02,-1.715196449107257592e+01,3.482777315499641446e+01,-1.715196470072929458e+01,3.482777306141354501e+01,-1.715196478236675759e+01,3.482777302568265299e+01,-1.420015176990866301e+01,7.538111846220127177e+01,-1.420015176990863459e+01,7.538111846220104439e+01,-1.420015176990863459e+01,7.538111846220127177e+01,-1.420015176990852090e+01,7.538111846220149914e+01
1.337466043452970043e+05,4.454447645165843976e-08,-1.885856752078136087e-08,7.587783651609417862e-07,-5.565991718739740526e-07,-1.000720426290476306e+00,9.700748073636633606e-04,-1.749518546803052743e-04,-6.755648102349520734e-05,-1.749518543738767806e-04,-6.755648195139185574e-05,-1.749518543289127481e-04,-6.755648209147424588e-05,-4.062854941084669685e-04,-4.385970580582376765e-05,-4.062854941084669685e-04,-4.385970580582376765e-05,-4.062854941084695706e-04,-4.385970580585152323e-05,-4.062854941084756422e-04,-4.385970580582376765e-05,-3.433358640655220350e-03,-8.163019362810410712e-03,-1.444476595796079510e-01,-2.007100175085044236e-01,1.960246340125721645e+02,1.458726990015010756e+02,-1.369536843754408295e+01,3.536503614467460466e+01,-1.369536868430893328e+01,3.536503606010250422e+01,-1.369536872153894791e+01,3.536503604760218167e+01,-8.210887637271124362e+00,7.429486172407852962e+01,-8.210887637271124362e+00,7.429486172407852962e+01,-8.210887637271124362e+00,7.429486172407887068e+01,-8.210887637270896988e+00,7.429486172407922595e+01
1.376530673634428531e+05,4.536617619321217307e-08,-2.502959872832866877e-08,7.406018676421469507e-07,-6.802507370483998794e-07,-1.000736566465225907e+00,1.029343785968195313e-03,-1.802063303318821030e-04,-5.202361201628313836e-05,-1.802063301339085211e-04,-5.202361285480683328e-05,-1.802063300849823801e-04,-5.202361307105052290e-05,-4.075775409216539358e-04,-1.298499140413300612e-05,-4.075775409216539358e-04,-1.298499140413300612e-05,-4.075775409216539358e-04,-1.298499140413300612e-05,-4.075775409216608747e-04,-1.298499140411912833e-05,-4.433569943242855402e-03,-8.079938781625694774e-03,-1.717904851468078364e-01,-1.906859930396918867e-01,2.021076571122713688e+02,1.449099134171716514e+02,-1.025486091426757440e+01,3.539704551794694254e+01,-1.025486113119766607e+01,3.539704546416674447e+01,-1.025486118711388883e+01,3.539704545072403619e+01,-2.493085104119889817e+00,7.242730278162096624e+01,-2.493085104119889817e+00,7.242730278162096624e+01,-2.493085104119889817e+00,7.242730278162096624e+01,-2.493085104119889817e+00,7.242730278162063939e+01
1.416736301255548606e+05,4.530592634463813688e-08,-3.159000644178125905e-08,7.023222927846854008e-07,-8.063477171482659120e-07,-1.000750390821610880e+00,1.090568529943991560e-03,-1.831064647691352243e-04,-3.614323206513336828e-05,-1.831064646079273717e-04,-3.614323318790191308e-05,-1.831064646007577595e-04,-3.614323324069301790e-05,-4.045747216611210451e-04,1.730527659758729353e-05,-4.045747216611210451e-04,1.730527659758729353e-05,-4.045747216611210451e-04,1.730527659760117132e-05,-4.045747216611141062e-04,1.730527659761504911e-05,-5.441884847304393445e-03,-7.842656928341481745e-03,-1.980927147988147119e-01,-1.761388009274068578e-01,2.080613712250924152e+02,1.434420775035156908e+02,-6.931819738249891394e+00,3.494919832910266422e+01,-6.931820020725777631e+00,3.494919828509522830e+01,-6.931820034015607312e+00,3.494919828309780030e+01,2.806713937202188980e+00,6.986449217807061984e+01,2.806713937202188980e+00,6.986449217807061984e+01,2.806713937202075293e+00,6.986449217807050616e+01,2.806713937202245379e+00,6.986449217807050616e+01
1.458116252502992284e+05,4.428081774335518393e-08,-3.838753826055138875e-08,6.431265807470103180e-07,-9.311818004556932657e-07,-1.000761935822227500e+00,1.153328172791956430e-03,-1.837069530080011337e-04,-2.039797759070816063e-05,-1.837069529581607935e-04,-2.039797842107171633e-05,-1.837069529502504545e-04,-2.039797857827929661e-05,-3.976133058548499133e-04,4.620191849974419895e-05,-3.976133058548499133e-04,4.620191849974419895e-05,-3.976133058548499133e-04,4.620191849974419895e-05,-3.976133058548464438e-04,4.620191849975807674e-05,-6.429567336322355997e-03,-7.450335464453147587e-03,-2.224915776837311232e-01,-1.572814059776409812e-01,2.137995000843948503e+02,1.415178683624791631e+02,-3.813810220459031619e+00,3.407152971864380220e+01,-3.813810423668751781e+00,3.407152970408578341e+01,-3.813810462148785607e+00,3.407152970160800720e+01,7.574670565701966396e+00,6.672478123383382353e+01,7.574670565701966396e+00,6.672478123383382353e+01,7.574670565701966396e+00,6.672478123383382353e+01,7.574670565702023239e+00,6.672478123383405091e+01
1.500704826952737931e+05,4.224006458837688532e-08,-4.525890883301606632e-08,5.629622749898601690e-07,-1.050973455671795945e-06,-1.000771351629192507e+00,1.217258430192713625e-03,-1.821792766711627376e-04,-5.215560407972885670e-06,-1.821792766839580580e-04,-5.215561044186189932e-06,-1.821792766981862599e-04,-5.215561483529196352e-06,-3.872044588977760493e-04,7.304899287241539696e-05,-3.872044588977760493e-04,7.304899287241539696e-05,-3.872044588977760493e-04,7.304899287241539696e-05,-3.872044588977864576e-04,7.304899287242927475e-05,-7.369198733843972983e-03,-6.908219600403214290e-03,-2.442105054587713209e-01,-1.345018054321361900e-01,2.192556848586646083e+02,1.392033798842286103e+02,-9.683123121593900651e-01,3.283175274092184281e+01,-9.683124635945061787e-01,3.283175274228354112e+01,-9.683125681846284083e-01,3.283175274419700429e+01,1.173634697348183664e+01,6.314511182095862551e+01,1.173634697348183664e+01,6.314511182095862551e+01,1.173634697348183664e+01,6.314511182095862551e+01,1.173634697348206402e+01,6.314511182095863262e+01
1.544537326000778121e+05,3.916299709264074161e-08,-5.203758939735964343e-08,4.624666455695401268e-07,-1.162028425370652447e-06,-1.000778871040479245e+00,1.282079759693299792e-03,-1.787808749495016503e-04,9.059578948311663993e-06,-1.787808750273144065e-04,9.059578191444872530e-06,-1.787808750413309722e-04,9.059578067516227406e-06,-3.739667899185748767e-04,9.737759938330259324e-05,-3.739667899185922240e-04,9.737759938328871545e-05,-3.739667899185748767e-04,9.737759938330259324e-05,-3.739667899185783462e-04,9.737759938328871545e-05,-8.235953568027231872e-03,-6.226501266856389154e-03,-2.625897604664288454e-01,-1.083206142318643150e-01,2.243862971633800782e+02,1.365739376621316978e+02,1.560121083161515765e+00,3.130705991302106028e+01,1.560120907918771671e+00,3.130705992893582135e+01,1.560120879229085933e+00,3.130705993176254864e+01,1.525747862282373823e+01,5.926690298470831664e+01,1.525747862282407930e+01,5.926690298470865770e+01,1.525747862282373823e+01,5.926690298470831664e+01,1.525747862282396561e+01,5.926690298470866480e+01
1.589650082124220498e+05,3.505531036914773637e-08,-5.855869980008948975e-08,3.428759885586049562e-07,-1.260829720552092354e-06,-1.000784773792647186e+00,1.347610286013267711e-03,-1.738196533863575755e-04,2.217942674591355523e-05,-1.738196535106401042e-04,2.217942605903244768e-05,-1.738196535360364559e-04,2.217942592698529669e-05,-3.585583434792191659e-04,1.189110716751512475e-04,-3.585583434792261048e-04,1.189110716751651253e-04,-3.585583434792191659e-04,1.189110716751512475e-04,-3.585583434792191659e-04,1.189110716751651253e-04,-9.008209303993078634e-03,-5.419034466610003764e-03,-2.770967858960823871e-01,-7.934906566638971759e-02,2.291699795149057763e+02,1.337062898729844278e+02,3.749435281424214228e+00,2.957629309467582601e+01,3.749435126746014646e+00,2.957629312075517447e+01,3.749435096993990690e+00,2.957629312602105642e+01,1.813978937626504973e+01,5.522397751225281581e+01,1.813978937626504973e+01,5.522397751225281581e+01,1.813978937626504973e+01,5.522397751225281581e+01,1.813978937626516341e+01,5.522397751225292950e+01
1.636080488997044740e+05,2.994544512326861949e-08,-6.466094803009825277e-08,2.059530458320066315e-07,-1.344075367956273600e-06,-1.000789352891667150e+00,1.413764893068547579e-03,-1.676205267137007016e-04,3.399173824833456869e-05,-1.676205268369770907e-04,3.399173776409691872e-05,-1.676205269100575213e-04,3.399173749372985665e-05,-3.416189388842222341e-04,1.375472591645526821e-04,-3.416189388842222341e-04,1.375472591645526821e-04,-3.416189388842083563e-04,1.375472591645526821e-04,-3.416189388842152952e-04,1.375472591645526821e-04,-9.667591431115292455e-03,-4.502227412555554094e-03,-2.873217882386589483e-01,-4.825605485415503798e-02,2.336047337689366543e+02,1.306723229318444055e+02,5.597188796610860884e+00,2.771363967058417899e+01,5.597188690569406155e+00,2.771363969630516877e+01,5.597188631309453655e+00,2.771363971137817117e+01,2.041364270434671013e+01,5.113397643743943632e+01,2.041364270434671013e+01,5.113397643743943632e+01,2.041364270434648276e+01,5.113397643743937948e+01,2.041364270434659289e+01,5.113397643743955001e+01
1.683867032485478849e+05,2.388261858012031245e-08,-7.018650294892776677e-08,5.395717978613680937e-08,-1.408689841587960776e-06,-1.000792887473356929e+00,1.480544213552148491e-03,-1.604984547906584957e-04,4.442931896922464041e-05,-1.604984549717011766e-04,4.442931842736641546e-05,-1.604984550231947082e-04,4.442931827947083079e-05,-3.237287163563931647e-04,1.533265907215364265e-04,-3.237287163563931647e-04,1.533265907215364265e-04,-3.237287163563931647e-04,1.533265907215364265e-04,-3.237287163563862258e-04,1.533265907215364265e-04,-1.019868266405548306e-02,-3.494315211356516931e-03,-2.929668691882235110e-01,-1.574822475867658153e-02,2.377036334376584250e+02,1.275348481567791339e+02,7.116292878006500899e+00,2.578439235659517692e+01,7.116292762572146380e+00,2.578439239361641100e+01,7.116292731030241292e+00,2.578439240406222766e+01,2.212945987594104125e+01,4.709361931558679260e+01,2.212945987594104125e+01,4.709361931558679260e+01,2.212945987594109809e+01,4.709361931558684944e+01,2.212945987594098440e+01,4.709361931558684944e+01
1.733049322548686760e+05,1.693731362686868788e-08,-7.498027626285713622e-08,-1.103372642288031821e-07,-1.451845200528323115e-06,-1.000795624028197883e+00,1.548018000098183578e-03,-1.527398345055053230e-04,5.349371271741454326e-05,-1.527398347522732069e-04,5.349371212068354531e-05,-1.527398347647632160e-04,5.349371209138753525e-05,-3.053839077042860839e-04,1.663945622437934535e-04,-3.053839077042791450e-04,1.663945622437865146e-04,-3.053839077042860839e-04,1.663945622438073313e-04,-3.053839077042791450e-04,1.663945622437934535e-04,-1.058866859986944131e-02,-2.415067776962015033e-03,-2.938370731459620244e-01,1.743775275706243785e-02,2.414901665099358183e+02,1.243454371029712462e+02,8.330378056090664174e+00,2.384275782093273222e+01,8.330377932421432874e+00,2.384275787022573567e+01,8.330377926336515415e+00,2.384275787270867752e+01,2.334946603700704770e+01,4.317733990635382213e+01,2.334946603700710455e+01,4.317733990635382213e+01,2.334946603700721823e+01,4.317733990635376529e+01,2.334946603700721823e+01,4.317733990635387897e+01
1.783668126071209263e+05,9.204188983313985224e-09,-7.889028071556125469e-08,-2.835891065531008677e-07,-1.471026151720850950e-06,-1.000797765790853555e+00,1.616306791508814733e-03,-1.445920187019486547e-04,6.123721948481097854e-05,-1.445920189112812060e-04,6.123721905537671262e-05,-1.445920190244476267e-04,6.123721883136146182e-05,-2.869875020257359188e-04,1.769653172411442266e-04,-2.869875020257497966e-04,1.769653172411372877e-04,-2.869875020257359188e-04,1.769653172411303488e-04,-2.869875020257428577e-04,1.769653172411511655e-04,-1.082716419716740243e-02,-1.285851890591052041e-03,-2.898396457472311449e-01,5.053543531004685285e-02,2.449939327869707881e+02,1.211439435399532414e+02,9.269513794690249497e+00,2.193134670803282660e+01,9.269513708143737318e+00,2.193134674891737035e+01,9.269513662915381147e+00,2.193134677087566686e+01,2.414073612618653542e+01,3.943839903889791287e+01,2.414073612618647857e+01,3.943839903889768550e+01,2.414073612618636488e+01,3.943839903889785603e+01,2.414073612618659226e+01,3.943839903889786314e+01
1.835765400654372934e+05,8.065455452219583848e-10,-8.177055309541573819e-08,-4.618372216642912956e-07,-1.464162556282831511e-06,-1.000799468811328863e+00,1.685564651311755036e-03,-1.362594898267205368e-04,6.774601219843023880e-05,-1.362594901328229025e-04,6.774601166263660712e-05,-1.362594901628683131e-04,6.774601161135818117e-05,-2.688509064432409446e-04,1.852903747881148866e-04,-2.688509064432409446e-04,1.852903747881148866e-04,-2.688509064432409446e-04,1.852903747881148866e-04,-2.688509064432409446e-04,1.852903747881148866e-04,-1.090638806136196536e-02,-1.298652400510576764e-04,-2.809944133757744100e-01,8.274852662749962451e-02,2.482471021157086568e+02,1.179592004100164928e+02,9.966685733474553999e+00,2.008183699765830710e+01,9.966685628382769835e+00,2.008183705583983780e+01,9.966685618305032079e+00,2.008183706152478365e+01,2.456994606152284533e+01,3.591150163929078332e+01,2.456994606152284533e+01,3.591150163929078332e+01,2.456994606152278848e+01,3.591150163929084016e+01,2.456994606152273164e+01,3.591150163929081884e+01
1.889384329394676024e+05,-8.099225287339854428e-09,-8.348761776482967016e-08,-6.404904232425306649e-07,-1.429834406669344845e-06,-1.000800842802547663e+00,1.755964516307995105e-03,-1.279047672079203224e-04,7.312589258630375344e-05,-1.279047674419483971e-04,7.312589222453758087e-05,-1.279047675507502535e-04,7.312589206161235200e-05,-2.512025401748968489e-04,1.916342202707560505e-04,-2.512025401748968489e-04,1.916342202707560505e-04,-2.512025401748968489e-04,1.916342202707560505e-04,-2.512025401748760323e-04,1.916342202707629894e-04,-1.082174355991614469e-02,1.027698162109587322e-03,-2.674541515770791911e-01,1.132582524612213426e-01,2.512817668261209008e+02,1.148104018965615296e+02,1.045516450600923086e+01,1.831631876103297074e+01,1.045516443701207443e+01,1.831631880442566995e+01,1.045516440586350626e+01,1.831631882450086835e+01,2.469982045866277787e+01,3.261609169174273148e+01,2.469982045866277787e+01,3.261609169174273148e+01,2.469982045866277787e+01,3.261609169174273148e+01,2.469982045866272458e+01,3.261609169174275280e+01
1.944569356677980686e+05,-1.732126579223180335e-08,-8.393063796117340865e-08,-8.144076036994458588e-07,-1.367529578184326620e-06,-1.000801954932728499e+00,1.827686714694909398e-03,-1.196522199817320886e-04,7.749123777513189371e-05,-1.196522202384711631e-04,7.749123742403773996e-05,-1.196522203255126482e-04,7.749123730842188973e-05,-2.341999516005804916e-04,1.962568246595339239e-04,-2.341999516005804916e-04,1.962568246595339239e-04,-2.341999516005804916e-04,1.962568246595408628e-04,-2.341999516005804916e-04,1.962568246595339239e-04,-1.057274044018867605e-02,2.159801891992379954e-03,-2.495296756504734870e-01,1.412448100376129945e-01,2.541281435987232840e+02,1.117087758256400889e+02,1.076671996370618700e+01,1.664892755743142416e+01,1.076671989854646938e+01,1.664892760376774561e+01,1.076671987703359257e+01,1.664892761941208832e+01,2.458703307697120266e+01,2.955973402933092942e+01,2.458703307697120266e+01,2.955973402933092942e+01,2.458703307697114582e+01,2.955973402933087257e+01,2.458703307697108897e+01,2.955973402933096139e+01
2.001366225019179110e+05,-2.663409177636920843e-08,-8.302431679459609977e-08,-9.781051822501300546e-07,-1.277907507327133755e-06,-1.000802835110438993e+00,1.900910559248181197e-03,-1.115933195808341272e-04,8.095704303105050181e-05,-1.115933198461427356e-04,8.095704270664333402e-05,-1.115933199209440119e-04,8.095704261778385868e-05,-2.179429920488792916e-04,1.994022325597678835e-04,-2.179429920488792916e-04,1.994022325597678835e-04,-2.179429920488862304e-04,1.994022325597713530e-04,-2.179429920488792916e-04,1.994022325597713530e-04,-1.016406339960739501e-02,3.238244089083641870e-03,-2.277109160723183590e-01,1.659262925946455580e-01,2.568134854032302883e+02,1.086592773240793548e+02,1.093054188631235490e+01,1.508749595487627637e+01,1.093054182772679361e+01,1.508749600148011893e+01,1.093054181163414640e+01,1.508749601456391431e+01,2.428122742322461391e+01,2.674122341027910466e+01,2.428122742322461391e+01,2.674122341027910466e+01,2.428122742322472760e+01,2.674122341027910466e+01,2.428122742322472760e+01,2.674122341027910821e+01
2.059822012977869890e+05,-3.578630474795890934e-08,-8.074244093887305435e-08,-1.126102741896835727e-06,-1.162999814767815129e-06,-1.000803481726330713e+00,1.975808586046956528e-03,-1.037922982683250894e-04,8.363362299504406572e-05,-1.037922985742470439e-04,8.363362265932650086e-05,-1.037922986509426382e-04,8.363362257728101934e-05,-2.024864831135370080e-04,2.012919959957816529e-04,-2.024864831135439469e-04,2.012919959957747140e-04,-2.024864831135370080e-04,2.012919959957851224e-04,-2.024864831135439469e-04,2.012919959957851224e-04,-9.606490390769105089e-03,4.234950497485617284e-03,-2.026735158610176446e-01,1.866134152944839975e-01,2.593615361341895209e+02,1.056621418560750527e+02,1.097269879938106563e+01,1.363506308094824959e+01,1.097269874036464010e+01,1.363506313321081898e+01,1.097269872589964201e+01,1.363506314626763505e+01,2.382482984258960457e+01,2.415324402979825180e+01,2.382482984258966141e+01,2.415324402979820917e+01,2.382482984258966141e+01,2.415324402979825180e+01,2.382482984258977510e+01,2.415324402979826601e+01
2.119985174181474140e+05,-4.451467600293543356e-08,-7.711905054748899660e-08,-1.253377930405967142e-06,-1.026272384551627252e-06,-1.000803867214009157e+00,2.052542884190156069e-03,-9.629156904521207760e-05,8.562341143208279659e-05,-9.629156928056548104e-05,8.562341119657673749e-05,-9.629156936762084396e-05,8.562341111229693214e-05,-1.878515217566822937e-04,2.021222193239920195e-04,-1.878515217566822937e-04,2.021222193239920195e-04,-1.878515217566822937e-04,2.021222193239920195e-04,-1.878515217566892326e-04,2.021222193239850806e-04,-8.917320993628134046e-03,5.123810119794479367e-03,-1.752617221830663763e-01,2.027723630528775745e-01,2.617923686267085941e+02,1.027142215610563198e+02,1.091597537365698578e+01,1.229116599372502883e+01,1.091597533339815129e+01,1.229116603286951204e+01,1.091597531892837303e+01,1.229116604729556350e+01,2.325337841983744269e+01,2.178452554759024551e+01,2.325337841983744269e+01,2.178452554759024551e+01,2.325337841983755638e+01,2.178452554759034498e+01,2.325337841983755638e+01,2.178452554759033077e+01
2.181905577488136478e+05,-5.256342457102177726e-08,-7.225400087694690146e-08,-1.355858689886214549e-06,-8.724917210728639402e-07,-1.000803943093325321e+00,2.131262973960879048e-03,-8.911656000357148777e-05,8.701931229457976480e-05,-8.911656026840131251e-05,8.701931205472301922e-05,-8.911656031340697837e-05,8.701931201515744618e-05,-1.740350500929813138e-04,2.020631399630608283e-04,-1.740350500929674360e-04,2.020631399630642977e-04,-1.740350500929674360e-04,2.020631399630608283e-04,-1.740350500929743749e-04,2.020631399630642977e-04,-8.120029328923666911e-03,5.882793810269060925e-03,-1.464431482317356814e-01,2.140830321361377186e-01,2.641224735485658357e+02,9.981008483962877165e+01,1.077995599606762767e+01,1.105289226785101953e+01,1.077995595613507795e+01,1.105289231067856015e+01,1.077995594951963199e+01,1.105289231793588556e+01,2.259615489562416357e+01,1.962151315694568865e+01,2.259615489562404989e+01,1.962151315694573128e+01,2.259615489562393620e+01,1.962151315694570286e+01,2.259615489562416357e+01,1.962151315694566023e+01
2.245634548322701594e+05,-5.970578078109549684e-08,-6.631047715199275610e-08,-1.430851791278608899e-06,-7.073825897228880333e-07,-1.000803644342989740e+00,2.212104775000278689e-03,-8.227982375687975525e-05,8.790412943418882130e-05,-8.227982397032013173e-05,8.790412925690008206e-05,-8.227982409972356415e-05,8.790412915339260169e-05,-1.610176116420870829e-04,2.012603780360659733e-04,-1.610176116420870829e-04,2.012603780360659733e-04,-1.610176116420836134e-04,2.012603780360694428e-04,-1.610176116420836134e-04,2.012603780360694428e-04,-7.243016917578004588e-03,6.495952446020989389e-03,-1.172385645323378717e-01,2.204781701976829267e-01,2.663649993320565841e+02,9.694288818134735664e+01,1.058125328017351663e+01,9.915706207470860178e+00,1.058125325146590967e+01,9.915706241065269211e+00,1.058125323461036515e+01,9.915706261359511942e+00,2.187696537876953684e+01,1.764960441341047215e+01,2.187696537876953684e+01,1.764960441341047215e+01,2.187696537876953684e+01,1.764960441341047215e+01,2.187696537876953329e+01,1.764960441341045794e+01
2.311224911220028880e+05,-6.576381549107412385e-08,-5.950378912252088414e-08,-1.477307811787356815e-06,-5.371220096760153176e-07,-1.000802893108639902e+00,2.295190294985982593e-03,-7.578440889481619092e-05,8.835070270657094382e-05,-7.578440922077073205e-05,8.835070246291515383e-05,-7.578440922091644882e-05,8.835070246281453987e-05,-1.487693828973978005e-04,1.998371836714578353e-04,-1.487693828973978005e-04,1.998371836714578353e-04,-1.487693828973978005e-04,1.998371836714578353e-04,-1.487693828973908616e-04,1.998371836714613048e-04,-6.317572623550816481e-03,6.954856056384309260e-03,-8.863778388782206363e-02,2.221519810503272685e-01,2.685300705793100633e+02,9.410505086509850514e+01,1.033380985656210882e+01,8.874076958804302251e+00,1.033380981806299381e+01,8.874077008635167019e+00,1.033380981804734766e+01,8.874077008655932630e+00,2.111496243185041166e+01,1.585401931570488543e+01,2.111496243185041166e+01,1.585401931570488543e+01,2.111496243185041166e+01,1.585401931570488543e+01,2.111496243185035482e+01,1.585401931570485701e+01
2.378731033610910526e+05,-7.062257592300931778e-08,-5.208298488012228812e-08,-1.495859166314947861e-06,-3.677643160917047020e-07,-1.000801601800801244e+00,2.380627772460119917e-03,-6.962655169735765259e-05,8.842247241407780178e-05,-6.962655192555705641e-05,8.842247225679736311e-05,-6.962655200572903658e-05,8.842247220355869963e-05,-1.372546612396566279e-04,1.978971729025263276e-04,-1.372546612396566279e-04,1.978971729025263276e-04,-1.372546612396566279e-04,1.978971729025263276e-04,-1.372546612396566279e-04,1.978971729025263276e-04,-5.375370773428421976e-03,7.259140673859437731e-03,-6.151769184259801154e-02,2.195341893935733313e-01,2.706251375157154939e+02,9.128876484504739608e+01,1.004922546955269702e+01,7.921942434100634145e+00,1.004922544538840690e+01,7.921942468054345099e+00,1.004922543715382233e+01,7.921942479952052807e+00,2.032543634656783382e+01,1.422037308875525419e+01,2.032543634656783382e+01,1.422037308875525419e+01,2.032543634656783382e+01,1.422037308875525419e+01,2.032543634656777698e+01,1.422037308875522754e+01
2.448208870886886434e+05,-7.423589311996838598e-08,-4.430866502147496428e-08,-1.488627571589940435e-06,-2.047116590915201836e-07,-1.000799675661653731e+00,2.468512090327418251e-03,-6.379777850202411615e-05,8.817427551411488595e-05,-6.379777867514258016e-05,8.817427540402933417e-05,-6.379777879209069802e-05,8.817427533332200529e-05,-1.264350419256446423e-04,1.955271779654956660e-04,-1.264350419256446423e-04,1.955271779654956660e-04,-1.264350419256481117e-04,1.955271779654956660e-04,-1.264350419256446423e-04,1.955271779654974007e-04,-4.445966994119892289e-03,7.416047325716127944e-03,-3.657824776110053799e-02,2.132346717524926383e-01,2.726553271060076895e+02,8.848637073754024129e+01,9.737079480105323981e+00,7.053042344891376381e+00,9.737079463660260004e+00,7.053042369958077096e+00,9.737079452995889284e+00,7.053042386836691158e+00,1.952053041454468740e+01,1.273501902486369808e+01,1.952053041454468740e+01,1.273501902486369808e+01,1.952053041454474425e+01,1.273501902486369808e+01,1.952053041454471582e+01,1.273501902486369808e+01
2.519716012781308091e+05,-7.662333437091274103e-08,-3.643114805602286300e-08,-1.458856363929582995e-06,-5.232587697717592167e-08,-1.000797014911386285e+00,2.558925334331635382e-03,-5.828651709272048009e-05,8.765324148598055420e-05,-5.828651735947237844e-05,8.765324133423735287e-05,-5.828651740540091719e-05,8.765324130900406518e-05,-1.162715416379890565e-04,1.927999552832522501e-04,-1.162715416379890565e-04,1.927999552832522501e-04,-1.162715416379890565e-04,1.927999552832522501e-04,-1.162715416379821176e-04,1.927999552832539848e-04,-3.554734942100112264e-03,7.439086618885691095e-03,-1.430692876673447626e-02,2.039709345914883787e-01,2.746237780541888469e+02,8.569063100469776373e+01,9.405231753476671841e+00,6.261149909623432208e+00,9.405231731308107967e+00,6.261149947135394633e+00,9.405231727593870161e+00,6.261149953582153316e+00,1.870985649291670683e+01,1.138522350771412839e+01,1.870985649291670683e+01,1.138522350771412839e+01,1.870985649291670683e+01,1.138522350771412839e+01,1.870985649291659314e+01,1.138522350771414260e+01
2.593311731105099607e+05,-7.785984841799187484e-08,-2.867262064316358425e-08,-1.410458516097887530e-06,8.626875917831249474e-08,-1.000793516551900630e+00,2.651937425495937140e-03,-5.307931070106658433e-05,8.689970311028666350e-05,-5.307931094000739591e-05,8.689970298637189616e-05,-5.307931099340912340e-05,8.689970295977511583e-05,-1.067259261864350606e-04,1.897765983804814566e-04,-1.067259261864350606e-04,1.897765983804814566e-04,-1.067259261864385300e-04,1.897765983804831913e-04,-1.067259261864315911e-04,1.897765983804831913e-04,-2.721541081314622201e-03,7.346149753101621598e-03,5.025948215468943603e-03,1.924933605244631141e-01,2.765319515947110176e+02,8.289492247686588655e+01,9.060093501167839847e+00,5.540227006591348591e+00,9.060093483524358504e+00,5.540227039268876830e+00,9.060093479703855479e+00,5.540227046556041479e+00,1.790100424758750819e+01,1.015922728643799644e+01,1.790100424758750819e+01,1.015922728643799644e+01,1.790100424758747977e+01,1.015922728643799644e+01,1.790100424758747977e+01,1.015922728643799466e+01
2.669057028876781696e+05,-7.806097859531746600e-08,-2.121545599473236314e-08,-1.347573590820144458e-06,2.091954557608504924e-07,-1.000789075913324888e+00,2.747606783724237944e-03,-4.816171661393281456e-05,8.594807139899150739e-05,-4.816171684012687804e-05,8.594807129259224299e-05,-4.816171688601378342e-05,8.594807127194556418e-05,-9.776147639790552790e-05,1.865085908484241661e-04,-9.776147639790552790e-05,1.865085908484241661e-04,-9.776147639790899735e-05,1.865085908484224314e-04,-9.776147639790552790e-05,1.865085908484259009e-04,-1.960247577714458334e-03,7.157455929748114502e-03,2.134598105467229792e-02,1.795209820979748738e-01,2.783799144823183838e+02,8.009336862701670157e+01,8.706865182325760344e+00,4.884522621297091582e+00,8.706865167548548001e+00,4.884522651375894142e+00,8.706865164652176858e+00,4.884522657465510953e+00,1.709995002176404810e+01,9.046236647234216832e+00,1.709995002176404810e+01,9.046236647234216832e+00,1.709995002176410495e+01,9.046236647234216832e+00,1.709995002176401968e+01,9.046236647234202621e+00
2.747014690887480974e+05,-7.736681154780403649e-08,-1.419716199628690868e-08,-1.274202663940474697e-06,3.156906683042540537e-07,-1.000783587993939516e+00,2.845981006487252607e-03,-4.351895897951318926e-05,8.482764619997459898e-05,-4.351895918722897827e-05,8.482764611159737678e-05,-4.351895923155463253e-05,8.482764609367594855e-05,-8.934338468376268327e-05,1.830394993575035559e-04,-8.934338468376268327e-05,1.830394993575035559e-04,-8.934338468376268327e-05,1.830394993575035559e-04,-8.934338468376962217e-05,1.830394993575009538e-04,-1.278945551136556396e-03,6.893677788817408059e-03,3.473681494597265912e-02,1.656953648030987103e-01,2.801665944482402324e+02,7.728092480183606483e+01,8.349741779975840217e+00,4.288630179346844429e+00,8.349741767998706266e+00,4.288630206209703033e+00,8.349741765541123684e+00,4.288630211929675973e+00,1.631137885846842650e+01,8.036376622619696874e+00,1.631137885846842650e+01,8.036376622619696874e+00,1.631137885846842650e+01,8.036376622619696874e+00,1.631137885846848334e+01,8.036376622619702204e+00
2.827249335742841358e+05,-7.592725983876873999e-08,-7.711030416919289684e-09,-1.193954806437412563e-06,4.058859745889027773e-07,-1.000776948650542231e+00,2.947097555908995137e-03,-3.913639187298062483e-05,8.356334944174814705e-05,-3.913639206877539412e-05,8.356334936691217630e-05,-3.913639210539193725e-05,8.356334935370485911e-05,-8.143892530335095081e-05,1.794063464618115070e-04,-8.143892530335095081e-05,1.794063464618115070e-04,-8.143892530335095081e-05,1.794063464618097722e-04,-8.143892530334748137e-05,1.794063464618089049e-04,-6.807058022200256336e-04,6.574465664804461304e-03,4.539568925951637662e-02,1.515544885291900123e-01,2.818900093473862398e+02,7.445342896826097956e+01,7.992087655104291422e+00,3.747515585149455486e+00,7.992087645198921564e+00,3.747515609768871769e+00,7.992087643425254129e+00,3.747515614364326897e+00,1.553893619643079305e+01,7.120627496624247321e+00,1.553893619643079305e+01,7.120627496624247321e+00,1.553893619643079305e+01,7.120627496624275743e+00,1.553893619643082147e+01,7.120627496624241104e+00
2.909827469424970914e+05,-7.389027478208026045e-08,-1.810804249846283479e-09,-1.109906666313545756e-06,4.805629014133225361e-07,-1.000769055668028873e+00,3.050984458965649848e-03,-3.499981762651593886e-05,8.217637703848788139e-05,-3.499981780826638689e-05,8.217637697648366019e-05,-3.499981787259687227e-05,8.217637695595147312e-05,-7.401749420683431668e-05,1.756407192267201919e-04,-7.401749420683431668e-05,1.756407192267201919e-04,-7.401749420683431668e-05,1.756407192267201919e-04,-7.401749420683084724e-05,1.756407192267253961e-04,-1.646032202460325487e-04,6.217455518582616289e-03,5.359050989177788910e-02,1.375242034808579206e-01,2.835474724778347309e+02,7.160762548371556591e+01,7.636584006986232076e+00,3.256524882429426615e+00,7.636583998963236475e+00,3.256524904651577845e+00,7.636583996260828400e+00,3.256524912502707370e+00,1.478542520630079871e+01,6.290756992615944121e+00,1.478542520630079871e+01,6.290756992615944121e+00,1.478542520630079871e+01,6.290756992615944121e+00,1.478542520630082890e+01,6.290756992615944121e+00
2.994817540418824065e+05,-7.139357401494467919e-08,3.482452436091024650e-09,-1.024555997963214364e-06,5.409223279246571373e-07,-1.000759809723268612e+00,3.157661029358466154e-03,-3.109569583677543325e-05,8.068477112262335826e-05,-3.109569599502384762e-05,8.068477107464264164e-05,-3.109569603141487670e-05,8.068477106449190722e-05,-6.705057653034682263e-05,1.717696697704374637e-04,-6.705057653034682263e-05,1.717696697704374637e-04,-6.705057653034335319e-05,1.717696697704400657e-04,-6.705057653034335319e-05,1.717696697704365963e-04,2.731962853032459987e-04,5.837736704959785479e-03,5.962349421895799667e-02,1.239226167015498314e-01,2.851357766716695892e+02,6.874116702220260322e+01,7.285352264449414861e+00,2.811378140524589675e+00,7.285352258380747514e+00,2.811378159339758653e+00,7.285352257067101434e+00,2.811378163659905560e+00,1.405296321129983284e+01,5.539254281835259697e+00,1.405296321129983284e+01,5.539254281835259697e+00,1.405296321129986126e+01,5.539254281835259697e+00,1.405296321129986303e+01,5.539254281835238380e+00
3.082289996448710444e+05,-6.855970913381249454e-08,8.172811404096475560e-09,-9.398415910282803965e-07,5.883919425561405980e-07,-1.000749115276854839e+00,3.267138616583453725e-03,-2.741127050539041154e-05,7.910391757408232610e-05,-2.741127069988066878e-05,7.910391752370682372e-05,-2.741127071166291063e-05,7.910391752087662237e-05,-6.051167362322931731e-05,1.678164552702254841e-04,-6.051167362322931731e-05,1.678164552702254841e-04,-6.051167362322931731e-05,1.678164552702254841e-04,-6.051167362322931731e-05,1.678164552702246168e-04,6.384337909806509772e-04,5.447691732729258510e-03,6.380350023547673444e-02,1.109723850028817294e-01,2.866513590048676861e+02,6.585260152873722461e+01,6.940056704376855734e+00,2.408154381686311130e+00,6.940056698090341314e+00,2.408154404161674034e+00,6.940056697729455770e+00,2.408154405521915731e+00,1.334310749296514054e+01,4.859268165623766400e+00,1.334310749296514054e+01,4.859268165623766400e+00,1.334310749296514054e+01,4.859268165623766400e+00,1.334310749296518495e+01,4.859268165623731761e+00
3.172317342871963046e+05,-6.549386999148440285e-08,1.228232757624395078e-08,-8.572026934030152598e-07,6.244799948211211197e-07,-1.000736881371228737e+00,3.379421394558657088e-03,-2.393463722518210379e-05,7.744697505656468126e-05,-2.393463737606488229e-05,7.744697502250685525e-05,-2.393463741256693367e-05,7.744697501511346380e-05,-5.437620580539884174e-05,1.638011532070250686e-04,-5.437620580539884174e-05,1.638011532070250686e-04,-5.437620580539884174e-05,1.638011532070250686e-04,-5.437620580539537229e-05,1.638011532070276707e-04,9.379209061683159128e-04,5.057097884826148096e-03,6.642701244768739466e-02,9.881665170183440150e-02,2.880904487258844142e+02,6.294134394598144411e+01,6.601989332259921461e+00,2.043271106330598386e+00,6.601989328096637522e+00,2.043271123289848834e+00,6.601989327163523491e+00,2.043271127387406683e+00,1.265695784221055042e+01,4.244549871660969309e+00,1.265695784221055042e+01,4.244549871660969309e+00,1.265695784221059306e+01,4.244549871660983520e+00,1.265695784221057885e+01,4.244549871660982632e+00
3.264974202778161853e+05,-6.228367680780335053e-08,1.584487648009284236e-08,-7.776564055595621664e-07,6.506734812663599033e-07,-1.000723022359650383e+00,3.494507192308038412e-03,-2.065476583167774605e-05,7.572524298373991061e-05,-2.065476597654450353e-05,7.572524295637356358e-05,-2.065476602748292367e-05,7.572524294794215696e-05,-4.862139895049112648e-05,1.597411776061560471e-04,-4.862139895049112648e-05,1.597411776061560471e-04,-4.862139895049112648e-05,1.597411776061569144e-04,-4.862139895048939175e-05,1.597411776061577818e-04,1.178895683667357652e-03,4.673386963408093613e-03,6.776654459967983157e-02,8.753557663242018949e-02,2.894491994894895015e+02,6.000763798169003138e+01,6.272139824751966408e+00,1.713460785006357678e+00,6.272139821445663621e+00,1.713460800837894871e+00,6.272139820382976794e+00,1.713460806399785818e+00,1.199524098655958149e+01,3.689400164782721259e+00,1.199524098655958149e+01,3.689400164782721259e+00,1.199524098655955306e+01,3.689400164782735470e+00,1.199524098655955129e+01,3.689400164782714153e+00
3.360337378843734623e+05,-5.900025253252987848e-08,1.890121570539019598e-08,-7.018782167341257544e-07,6.683737055117477022e-07,-1.000707458548156126e+00,3.612388372389863100e-03,-1.756149209225510432e-05,7.394847515359746163e-05,-1.756149224048375590e-05,7.394847513116521026e-05,-1.756149226923159334e-05,7.394847512744639681e-05,-4.322615959729582402e-05,1.556517138690408433e-04,-4.322615959729582402e-05,1.556517138690408433e-04,-4.322615959729582402e-05,1.556517138690408433e-04,-4.322615959729408930e-05,1.556517138690425781e-04,1.368562381594752575e-03,4.301980335080470702e-03,6.806475874020745387e-02,7.716160103137550963e-02,2.907238074318569261e+02,5.705250791897751839e+01,5.951252915659572373e+00,1.415746178843399594e+00,5.951252912951921381e+00,1.415746194594063256e+00,5.951252912478177670e+00,1.415746197646665427e+00,1.135838043470713465e+01,3.188620345519837862e+00,1.135838043470713465e+01,3.188620345519837862e+00,1.135838043470713465e+01,3.188620345519837862e+00,1.135838043470716308e+01,3.188620345519823651e+00
3.458485916993202409e+05,-5.570000044476869155e-08,2.149526114463107631e-08,-6.302768501031171672e-07,6.788604889361672852e-07,-1.000690116755276637e+00,3.733052756364846347e-03,-1.464548703249135553e-05,7.212514601288025828e-05,-1.464548716397298667e-05,7.212514599741378903e-05,-1.464548721516120700e-05,7.212514599261012288e-05,-3.817094220989920850e-05,1.515460846823316922e-04,-3.817094220989747377e-05,1.515460846823334269e-04,-3.817094220990094322e-05,1.515460846823329932e-04,-3.817094220990094322e-05,1.515460846823312585e-04,1.513787908909169228e-03,3.946641021618446481e-03,6.753261764316333127e-02,6.769253245864810531e-02,2.919106158120379746e+02,5.407770309781898277e+01,5.639875347869440780e+00,1.147415573106507214e+00,5.639875345993146105e+00,1.147415586693241840e+00,5.639875345358963621e+00,1.147415591978650617e+00,1.074655429294302600e+01,2.737466812799104865e+00,1.074655429294301179e+01,2.737466812799119076e+00,1.074655429294302600e+01,2.737466812799090654e+00,1.074655429294296916e+01,2.737466812799119520e+00
3.559501171919839107e+05,-5.242666957984380293e-08,2.367143558336780719e-08,-5.630591036594271561e-07,6.832767550831400383e-07,-1.000670930766119016e+00,3.856484596177295332e-03,-1.189821163119497704e-05,7.026267555415013563e-05,-1.189821175463789960e-05,7.026267554388642735e-05,-1.189821177303290733e-05,7.026267554281046511e-05,-3.343761208188938960e-05,1.474360561338238559e-04,-3.343761208188938960e-05,1.474360561338238559e-04,-3.343761208189112433e-05,1.474360561338238559e-04,-3.343761208188765488e-05,1.474360561338227717e-04,1.620921396148517196e-03,3.609806708969881192e-03,6.635014735438929390e-02,5.910217800235029878e-02,2.930062070474482994e+02,5.108563454280044169e+01,5.338394156150341630e+00,9.059987755155944900e-01,5.338394154862389662e+00,9.059987879180989578e-01,5.338394154704831251e+00,9.059987897661970768e-01,1.015974298898097494e+01,2.331609010617507138e+00,1.015974298898097494e+01,2.331609010617507138e+00,1.015974298898098915e+01,2.331609010617507138e+00,1.015974298898100336e+01,2.331609010617521349e+00
3.663466874520053389e+05,-4.921343372860780289e-08,2.547289293572273423e-08,-5.002833590799594726e-07,6.826266065831993255e-07,-1.000649841694757347e+00,3.982665583773525864e-03,-9.311861703512058774e-06,6.836761852148333027e-05,-9.311861828509293559e-06,6.836761851559524511e-05,-9.311861850061498025e-06,6.836761851508285116e-05,-2.900930734102934172e-05,1.433320915774924723e-04,-2.900930734102934172e-05,1.433320915774924723e-04,-2.900930734103107644e-05,1.433320915774920386e-04,-2.900930734102934172e-05,1.433320915774907375e-04,1.695704337292535616e-03,3.292884595316728901e-03,6.466872109060667340e-02,5.134863429480828606e-02,2.940074822824087732e+02,4.807930717409561083e+01,5.047067802540749604e+00,6.892443192617511150e-01,5.047067801702893597e+00,6.892443314752965122e-01,5.047067801595700232e+00,6.892443335813898120e-01,9.597768487000729820e+00,1.967090672684797870e+00,9.597768487000729820e+00,1.967090672684797870e+00,9.597768487000729820e+00,1.967090672684797870e+00,9.597768487000701398e+00,1.967090672684819186e+00
3.770469201297392137e+05,-4.608482299249780129e-08,2.694041668095750210e-08,-4.419021726635467617e-07,6.777816508475807938e-07,-1.000626798220520586e+00,4.111575892398355858e-03,-6.879307559888581114e-06,6.644582270561461695e-05,-6.879307670681900078e-06,6.644582270400349253e-05,-6.879307689753449973e-06,6.644582270421642983e-05,-2.487030341919924115e-05,1.392435595322905582e-04,-2.487030341919750642e-05,1.392435595322899077e-04,-2.487030341919750642e-05,1.392435595322912088e-04,-2.487030341919577170e-05,1.392435595322914256e-04,1.743243425467746761e-03,2.996500747868465105e-03,6.261409395454178850e-02,4.438053097181812734e-02,2.949117290433982816e+02,4.506224587734367759e+01,4.766051416145495878e+00,4.950982234663798831e-01,4.766051415765768517e+00,4.950982339935523502e-01,4.766051415735379493e+00,4.950982358058276800e-01,9.060326321445877795e+00,1.640294320945503204e+00,9.060326321445892006e+00,1.640294320945474782e+00,9.060326321445892006e+00,1.640294320945488993e+00,9.060326321445876019e+00,1.640294320945467677e+00
3.880596845793692046e+05,-4.305842804661225447e-08,2.811181258677938769e-08,-3.877952266986193930e-07,6.694918376017483405e-07,-1.000601756723688895e+00,4.243195236429922468e-03,-4.594030754589972787e-06,6.450256075912243203e-05,-4.594030862257320047e-06,6.450256076129907631e-05,-4.594030887216521419e-06,6.450256076243878964e-05,-2.100588294599858852e-05,1.351789016457462505e-04,-2.100588294599858852e-05,1.351789016457456000e-04,-2.100588294599685379e-05,1.351789016457458168e-04,-2.100588294599685379e-05,1.351789016457447326e-04,1.768024080892642179e-03,2.720703930799570763e-03,6.028968027365527727e-02,3.814158841557253876e-02,2.957166768764781182e+02,4.203841973944636834e+01,4.495417206303491398e+00,3.216843923794457938e-01,4.495417206283753409e+00,3.216844023288729093e-01,4.495417206323432779e+00,3.216844046353652398e-01,8.547011627511503562e+00,1.347908961850198928e+00,8.547011627511510667e+00,1.347908961850177612e+00,8.547011627511503562e+00,1.347908961850198928e+00,8.547011627511510667e+00,1.347908961850191822e+00
3.993941092106585857e+05,-4.014635044604378472e-08,2.902164747862054286e-08,-3.377942275057344579e-07,6.583982911793915865e-07,-1.000574681281737766e+00,4.377503938510288184e-03,-2.450060545970342285e-06,6.254263915876721175e-05,-2.450060619869562362e-06,6.254263916204800752e-05,-2.450060662554168212e-06,6.254263916548319369e-05,-1.740221361116837950e-05,1.311457660127370115e-04,-1.740221361116837950e-05,1.311457660127362526e-04,-1.740221361116837950e-05,1.311457660127367947e-04,-1.740221361116664478e-05,1.311457660127364694e-04,1.773948319054824679e-03,2.465127844239094548e-03,5.777976220248551981e-02,3.257384396726219905e-02,2.964205414203495934e+02,3.901216217179293722e+01,4.235170916398212526e+00,1.672867451723200338e-01,4.235170916558223198e+00,1.672867518126621988e-01,4.235170916754521286e+00,1.672867556495907515e-01,8.057340179899318500e+00,1.086900895701840453e+00,8.057340179899339816e+00,1.086900895701819136e+00,8.057340179899318500e+00,1.086900895701847558e+00,8.057340179899334487e+00,1.086900895701833347e+00
4.110595890554304351e+05,-3.735640443386688888e-08,2.970121900026531593e-08,-2.917013289578340132e-07,6.450465422822180623e-07,-1.000545543558210015e+00,4.514483987963779921e-03,-4.419113961550563685e-07,6.057048765354408962e-05,-4.419114632576298662e-07,6.057048765869968779e-05,-4.419115139184942587e-07,6.057048766453876701e-05,-1.404623588795866906e-05,1.271511111456851469e-04,-1.404623588795866906e-05,1.271511111456851469e-04,-1.404623588795866906e-05,1.271511111456855806e-04,-1.404623588796040379e-05,1.271511111456839543e-04,1.764385431959908422e-03,2.229117488561725442e-03,5.515245702455346538e-02,2.761985972309200649e-02,2.970220568919060611e+02,3.598809139132758617e+01,3.985265054070049384e+00,3.033303058238902630e-02,3.985265054400296325e+00,3.033303644627469500e-02,3.985265054777673566e+00,3.033304087650987718e-02,7.590765346014163306e+00,8.544875056148143466e-01,7.590765346014163306e+00,8.544875056148143466e-01,7.590765346014163306e+00,8.544875056148072412e-01,7.590765346014141990e+00,8.544875056148001358e-01
4.230657935550494585e+05,-3.469309276340855537e-08,3.017867065709265372e-08,-2.493024972992630343e-07,6.298992121886967020e-07,-1.000514322550017710e+00,4.654120076046819321e-03,1.435477228913656367e-06,5.859023193057442958e-05,1.435477148445038487e-06,5.859023194017699138e-05,1.435477126386294766e-06,5.859023194349508371e-05,-1.092556201934442861e-05,1.232012851938953297e-04,-1.092556201934442861e-05,1.232012851938953297e-04,-1.092556201934095916e-05,1.232012851938954381e-04,-1.092556201934095916e-05,1.232012851938949502e-04,1.742227726375888963e-03,2.011825771887097280e-03,5.246236207960731923e-02,2.322417173736686033e-02,2.975204974552960948e+02,3.297102922191509577e+01,3.745609494263519412e+00,-9.061972747751134705e-02,3.745609494920533855e+00,-9.061972063748956197e-02,3.745609495144603507e+00,-9.061971876050520236e-02,7.146691716033958031e+00,6.481138573067640740e-01,7.146691716033958031e+00,6.481138573067640740e-01,7.146691716033950925e+00,6.481138573067640740e-01,7.146691716033950037e+00,6.481138573067640740e-01
4.354226745753595605e+05,-3.215838655115069340e-08,3.047919100656828638e-08,-2.103770105566827204e-07,6.133476465804970439e-07,-1.000481004230466597e+00,4.796400591784391598e-03,3.186798045786212730e-06,5.660575200290996617e-05,3.186797964647991588e-06,5.660575201556303920e-05,3.186797957528686442e-06,5.660575201688706690e-05,-8.028387028791161839e-06,1.193020849567384255e-04,-8.028387028791161839e-06,1.193020849567384255e-04,-8.028387028791161839e-06,1.193020849567379377e-04,-8.028387028787692392e-06,1.193020849567369619e-04,1.709946391134751272e-03,1.812286140861902846e-03,4.975285400288576021e-02,1.933418715451762707e-02,2.979156877228357416e+02,2.996592253591046529e+01,3.516079957428449365e+00,-1.968982536977901543e-01,3.516079958310140530e+00,-1.968982469887582687e-01,3.516079958400829319e+00,-1.968982463993756982e-01,6.724486079122067750e+00,4.654319022989740762e-01,6.724486079122067750e+00,4.654319022989740762e-01,6.724486079122074855e+00,4.654319022989669707e-01,6.724486079122081961e+00,4.654319022989811261e-01
4.481404746557218023e+05,-2.975234064630861476e-08,3.062525472462619724e-08,-1.747040585988517635e-07,5.957222788655556470e-07,-1.000445581065234624e+00,4.941318563398758301e-03,4.816429535198576972e-06,5.462072836767738540e-05,4.816429454216480943e-06,5.462072838328599356e-05,4.816429433741539756e-06,5.462072838783096906e-05,-5.343412113939863262e-06,1.154587985424199918e-04,-5.343412113939863262e-06,1.154587985424199918e-04,-5.343412113939863262e-06,1.154587985424204255e-04,-5.343412113941597985e-06,1.154587985424212386e-04,1.669644558358196343e-03,1.629466312519042533e-03,4.705805230492495633e-02,1.590068837829173437e-02,2.982080030092852780e+02,2.697776594230287728e+01,3.296524768654151227e+00,-2.897246196411617514e-01,3.296524769741167038e+00,-2.897246131274551217e-01,3.296524770052363884e+00,-2.897246114784136073e-01,6.323486291341597898e+00,3.042820602922574613e-01,6.323486291341597898e+00,3.042820602922574613e-01,6.323486291341597898e+00,3.042820602922574613e-01,6.323486291341605003e+00,3.042820602922432505e-01
4.612297354989894084e+05,-2.747357429153202634e-08,3.063687759710403307e-08,-1.420672034002993198e-07,5.773016796412897201e-07,-1.000408051419162225e+00,5.088872530424309870e-03,6.328485523265578450e-06,5.263867779983040160e-05,6.328485450549439784e-06,5.263867781633239235e-05,6.328485436029804290e-06,5.263867782008806867e-05,-2.859780312293100368e-06,1.116762352845622117e-04,-2.859780312293100368e-06,1.116762352845622117e-04,-2.859780312293100368e-06,1.116762352845628622e-04,-2.859780312291365645e-06,1.116762352845618322e-04,1.623105996548435039e-03,1.462307372947387529e-03,4.440447517661038485e-02,1.287806389387907528e-02,2.983983599217702363e+02,2.401152777999662291e+01,3.086770237449309562e+00,-3.702265295726722694e-01,3.086770238589517934e+00,-3.702265238836706662e-01,3.086770238844533498e+00,-3.702265227454966112e-01,5.943008495981730199e+00,1.626769419809308559e-01,5.943008495981730199e+00,1.626769419809308559e-01,5.943008495981730199e+00,1.626769419809273032e-01,5.943008495981715988e+00,1.626769419809379613e-01
4.747013067094576545e+05,-2.531964352293081797e-08,3.053186776534301755e-08,-1.122572841173119673e-07,5.583203497060377831e-07,-1.000368418880082988e+00,5.239067334444028057e-03,7.726860732028620338e-06,5.066298036075994951e-05,7.726860670225627059e-06,5.066298037680310590e-05,7.726860646544916889e-06,5.066298038381615923e-05,-5.670239740527063810e-07,1.079587461124255712e-04,-5.670239740527063810e-07,1.079587461124255712e-04,-5.670239740527063810e-07,1.079587461124255170e-04,-5.670239740518390192e-07,1.079587461124249207e-04,1.571838768976284656e-03,1.309751711750303284e-03,4.181242308500324190e-02,1.022435389453569057e-02,2.984881980992425383e+02,2.107208165762958885e+01,2.886624933876367205e+00,-4.394464261107929315e-01,2.886624934971915746e+00,-4.394464214076397868e-01,2.886624935441495676e+00,-4.394464196015592239e-01,5.582353070993991473e+00,3.878697155408489250e-02,5.582353070993991473e+00,3.878697155408489250e-02,5.582353070993991473e+00,3.878697155408489250e-02,5.582353070993984367e+00,3.878697155408488556e-02
4.885663547860311810e+05,-2.328732783939920544e-08,3.032606277926633070e-08,-8.507420879572675688e-08,5.389753661402661659e-07,-1.000326691479972663e+00,5.391914815966319940e-03,9.015271924891696265e-06,4.869689900959851825e-05,9.015271877179861781e-06,4.869689902335097229e-05,9.015271852477399483e-06,4.869689903161042444e-05,1.544976627800356828e-06,1.043102369853463816e-04,1.544976627800356828e-06,1.043102369853463816e-04,1.544976627800356828e-06,1.043102369853461919e-04,1.544976627800356828e-06,1.043102369853460563e-04,1.517113751513030247e-03,1.170762545225744432e-03,3.929712739111470426e-02,7.901174500630875688e-03,2.984794539771031054e+02,1.816414187695734128e+01,2.695883088178889331e+00,-4.983495100052188209e-01,2.695883089105594710e+00,-4.983495064748573733e-01,2.695883089649583120e+00,-4.983495046410515439e-01,5.240809594232945123e+00,-6.907232209182505300e-02,5.240809594232945123e+00,-6.907232209182505300e-02,5.240809594232941571e+00,-6.907232209183215843e-02,5.240809594232940682e+00,-6.907232209182503913e-02
5.028363723780633300e+05,-2.137284985713931793e-08,3.003354701228532682e-08,-6.032796206975504629e-08,5.194320140696544176e-07,-1.000282880858951895e+00,5.547434409813881140e-03,1.019729492995717635e-05,4.674359301595591709e-05,1.019729487407132484e-05,4.674359303468485910e-05,1.019729485975465200e-05,4.674359304003257790e-05,3.486024515260942314e-06,1.007341778333497998e-04,3.486024515260942314e-06,1.007341778333492035e-04,3.486024515261809675e-06,1.007341778333499624e-04,3.486024515262677037e-06,1.007341778333491493e-04,1.459998237534101658e-03,1.044337176339126894e-03,3.686969963038212728e-02,5.873565987869528229e-03,2.983745276019292874e+02,1.529220605002918809e+01,2.514327297709723297e+00,-5.478308085993743859e-01,2.514327298940479238e+00,-5.478308045737444454e-01,2.514327299286132966e+00,-5.478308035392117636e-01,4.917661065704516332e+00,-1.624515691324982247e-01,4.917661065704519885e+00,-1.624515691324946720e-01,4.917661065704519885e+00,-1.624515691325053302e-01,4.917661065704516332e+00,-1.624515691324982247e-01
5.175231878115393338e+05,-1.957204310893278663e-08,2.966684720111868021e-08,-3.783907110119665908e-08,4.998285395061620512e-07,-1.000237001359973066e+00,5.705653630756188366e-03,1.127639738754317861e-05,4.480612623276002127e-05,1.127639733652756326e-05,4.480612625178039682e-05,1.127639732007371109e-05,4.480612625859178855e-05,5.265628079289055852e-06,9.723360885639887393e-05,5.265628079289055852e-06,9.723360885639887393e-05,5.265628079289055852e-06,9.723360885639887393e-05,5.265628079289055852e-06,9.723360885639925340e-05,1.401385030492364927e-03,9.295156398430948555e-04,3.453791366415122355e-02,4.109796800380593161e-03,2.981762435188391578e+02,1.246050344003956845e+01,2.341730692044305062e+00,-5.887213823389757517e-01,2.341730693267974672e+00,-5.887213787633154283e-01,2.341730693699077825e+00,-5.887213776061254178e-01,4.612187560583111079e+00,-2.427775805403751819e-01,4.612187560583111079e+00,-2.427775805403751819e-01,4.612187560583111079e+00,-2.427775805403751819e-01,4.612187560583111967e+00,-2.427775805403787346e-01
5.326389748934998643e+05,-1.788048009297011736e-08,2.923710602609094384e-08,-1.743870534533299344e-08,4.802801531298842265e-07,-1.000189069096241390e+00,5.866608447243328028e-03,1.225596743215009304e-05,4.288747117212488719e-05,1.225596738009537834e-05,4.288747119379245076e-05,1.225596736783348545e-05,4.288747119938086244e-05,6.893015207429936675e-06,9.381114585727993527e-05,6.893015207429936675e-06,9.381114585728004369e-05,6.893015207429936675e-06,9.381114585727993527e-05,6.893015207430804037e-06,9.381114585727993527e-05,1.342017505310006114e-03,8.253859834682480143e-04,3.230684897431134600e-02,2.581145143203317227e-03,2.978878069365455303e+02,9.672951461999087286e+00,2.177858678732864206e+00,-6.217937754317988119e-01,2.177858680093303079e+00,-6.217937718804720237e-01,2.177858680439271666e+00,-6.217937710409316976e-01,4.323669451158121291e+00,-3.113623156281353777e-01,4.323669451158117738e+00,-3.113623156281389304e-01,4.323669451158121291e+00,-3.113623156281353777e-01,4.323669451158115073e+00,-3.113623156281389304e-01
5.481962630028314888e+05,-1.629357007320262756e-08,2.875423482075909273e-08,1.031463825113085777e-09,4.608824019778852532e-07,-1.000139100981115359e+00,6.030343539390609076e-03,1.313933847479561989e-05,4.099050962965171060e-05,1.313933842530569385e-05,4.099050965233061797e-05,1.313933841397621483e-05,4.099050965798538282e-05,8.377140631232737888e-06,9.046898578155150973e-05,8.377140631232737888e-06,9.046898578155150973e-05,8.377140631232737888e-06,9.046898578155150973e-05,8.377140631232737888e-06,9.046898578155199763e-05,1.282511131177921241e-03,7.310871229782931868e-04,3.017941921443147157e-02,1.261672793525522775e-03,2.975127562228196894e+02,6.933118738529683078e+00,2.022470363926670789e+00,-6.477668029940854000e-01,2.022470365317114105e+00,-6.477667997075612361e-01,2.022470365659163161e+00,-6.477667989522893910e-01,4.051390290613372969e+00,-3.694109589426802787e-01,4.051390290613372969e+00,-3.694109589426802787e-01,4.051390290613372969e+00,-3.694109589426802787e-01,4.051390290613365863e+00,-3.694109589426696205e-01
5.642079474757885328e+05,-1.480663401857075132e-08,2.822704723166728666e-08,1.771955482448735148e-08,4.417140127266792512e-07,-1.000087113752447410e+00,6.196912443278669580e-03,1.392981019563907519e-05,3.911803061235584467e-05,1.392981016253274501e-05,3.911803062838468958e-05,1.392981014568771270e-05,3.911803063755010107e-05,9.726687727229163527e-06,8.720891347351327101e-05,9.726687727229163527e-06,8.720891347351327101e-05,9.726687727229163527e-06,8.720891347351327101e-05,9.726687727229163527e-06,8.720891347351348785e-05,1.223371930121178869e-03,6.458099683672183450e-04,2.815680635888932748e-02,1.280006603425232507e-04,2.970549129235010355e+02,4.244196055621579866e+00,1.875319729050388684e+00,-6.673097527220844816e-01,1.875319730014773256e+00,-6.673097505858778256e-01,1.875319730556246567e+00,-6.673097494922338724e-01,3.794639429154426757e+00,-4.180292522683356493e-01,3.794639429154426757e+00,-4.180292522683356493e-01,3.794639429154426757e+00,-4.180292522683356493e-01,3.794639429154426757e+00,-4.180292522683356493e-01
5.806873002948543290e+05,-1.341496233291148923e-08,2.766337593235307855e-08,3.276385734690350707e-08,4.228392955730757345e-07,-1.000033123000578117e+00,6.366377584104701559e-03,1.463066601956400370e-05,3.727272613585812591e-05,1.463066597891336112e-05,3.727272615793595159e-05,1.463066597295805543e-05,3.727272616145483816e-05,1.095006594269230110e-05,8.403231031289750026e-05,1.095006594269316846e-05,8.403231031289760868e-05,1.095006594269316846e-05,8.403231031289706658e-05,1.095006594269316846e-05,8.403231031289739184e-05,1.165012304681942862e-03,5.687973338804729745e-04,2.623881734387527309e-02,-8.409079542513294347e-04,2.965183303880714902e+02,1.608974775907177079e+00,1.736156622406737959e+00,-6.810460817688031021e-01,1.736156623696126555e+00,-6.810460792114543249e-01,1.736156623899047347e+00,-6.810460788349401717e-01,3.552714406511764622e+00,-4.582302052737786124e-01,3.552714406511753964e+00,-4.582302052737715070e-01,3.552714406511759293e+00,-4.582302052737679543e-01,3.552714406511755740e+00,-4.582302052737679543e-01
5.976479810898024589e+05,-1.211385965823591070e-08,2.707017456098964245e-08,4.629326191525411588e-08,4.043101841802619298e-07,-9.999771422140847354e-01,6.538810203166864343e-03,1.524518717275179236e-05,3.545718548037890896e-05,1.524518714647853795e-05,3.545718549527931626e-05,1.524518712964217926e-05,3.545718550605845426e-05,1.205540496833790859e-05,8.094016517709476085e-05,1.205540496833790859e-05,8.094016517709476085e-05,1.205540496833790859e-05,8.094016517709476085e-05,1.205540496833877595e-05,8.094016517709519453e-05,1.107764619912074379e-03,4.993430060319987594e-04,2.442417713349283662e-02,-1.663952903883877260e-03,2.959072420424022312e+02,-9.701674408392823024e-01,1.604727617439570153e+00,-6.895566691997557784e-01,1.604727618293122493e+00,-6.895566675946462887e-01,1.604727618899505881e+00,-6.895566665574219822e-01,3.324923148554630448e+00,-4.909402891843571703e-01,3.324923148554630448e+00,-4.909402891843571703e-01,3.324923148554630448e+00,-4.909402891843571703e-01,3.324923148554639774e+00,-4.909402891843643313e-01
6.151040484600760974e+05,-1.089867998642677456e-08,2.645360692420085819e-08,5.842770936870314721e-08,3.861679745753315444e-07,-9.999191818453380121e-01,6.714290183441912196e-03,1.577666372713087961e-05,3.367388824558918345e-05,1.577666369597264390e-05,3.367388826525530982e-05,1.577666368760260313e-05,3.367388827104711782e-05,1.305054668465600518e-05,7.793308794133550245e-05,1.305054668465600518e-05,7.793308794133550245e-05,1.305054668465773990e-05,7.793308794133474351e-05,1.305054668465860726e-05,7.793308794133571929e-05,1.051892873225269021e-03,4.367902415790295644e-04,2.271076961365660341e-02,-2.358089702849105584e-03,2.952260101807797810e+02,-3.491274534479542613e+00,1.480776768009137268e+00,-6.933826969020224773e-01,1.480776769102269741e+00,-6.933826950452320892e-01,1.480776769419985150e+00,-6.933826945428148703e-01,3.110585982120903203e+00,-5.170051990142132681e-01,3.110585982120903203e+00,-5.170051990142132681e-01,3.110585982120903203e+00,-5.170051990142097154e-01,3.110585982120903203e+00,-5.170051990142168208e-01
6.330699716278710403e+05,-9.764854421804707594e-09,2.581912542739340092e-08,6.927864356060721744e-08,3.684448157159812591e-07,-9.998592484271254799e-01,6.892905784833390503e-03,1.622840264806687388e-05,3.192519674693984275e-05,1.622840262131657052e-05,3.192519676504081486e-05,1.622840261215115903e-05,3.192519677188213056e-05,1.394303585398578085e-05,7.501132562602597087e-05,1.394303585398578085e-05,7.501132562602597087e-05,1.394303585398578085e-05,7.501132562602618771e-05,1.394303585398664821e-05,7.501132562602510351e-05,9.976027415442509112e-04,3.805298886402988805e-04,2.109583566365517623e-02,-2.938508318520661067e-03,2.944790762793090266e+02,-5.952812705530690529e+00,1.364046297264276841e+00,-6.930281990316375929e-01,1.364046298245505051e+00,-6.930281974802504630e-01,1.364046298611458097e+00,-6.930281969440270640e-01,2.909037476468882666e+00,-5.371952551497095607e-01,2.909037476468882666e+00,-5.371952551497095607e-01,2.909037476468882666e+00,-5.371952551497095607e-01,2.909037476468884442e+00,-5.371952551497060080e-01
6.515606424315809272e+05,-8.707913365253977089e-09,2.517154035850249379e-08,7.894945592583028873e-08,3.511649941660252203e-07,-9.997973437246959749e-01,7.074753293841475055e-03,1.660373322193283915e-05,3.021334797256077648e-05,1.660373319502337491e-05,3.021334799235657342e-05,1.660373318960930294e-05,3.021334799671116303e-05,1.474011035817492099e-05,7.217478104768599006e-05,1.474011035817492099e-05,7.217478104768674900e-05,1.474011035817448731e-05,7.217478104768642374e-05,1.474011035817535467e-05,7.217478104768609848e-05,9.450502464585846737e-04,3.299982711596031472e-04,1.957613596208018780e-02,-3.418798194262913284e-03,2.936709133856288645e+02,-8.353665869277644873e+00,1.254277234296221177e+00,-6.889623376295912482e-01,1.254277235340393482e+00,-6.889623361083336839e-01,1.254277235567408999e+00,-6.889623357995630082e-01,2.719628109637107549e+00,-5.522104977179252971e-01,2.719628109637107549e+00,-5.522104977179359553e-01,2.719628109637109326e+00,-5.522104977179288499e-01,2.719628109637105773e+00,-5.522104977179216334e-01
6.705913876695464132e+05,-7.723504348624015033e-09,2.451508152594076384e-08,8.753591676591515308e-08,3.343460482091433241e-07,-9.997334639496540110e-01,7.259936600176257471e-03,1.690600999883478534e-05,2.854044547787688499e-05,1.690600996852959989e-05,2.854044550228617902e-05,1.690600996594442823e-05,2.854044550452440598e-05,1.544869172568231336e-05,6.942303381757492300e-05,1.544869172568231336e-05,6.942303381757492300e-05,1.544869172568231336e-05,6.942303381757492300e-05,1.544869172568274704e-05,6.942303381757470616e-05,8.943492437553954375e-04,2.846749340586622904e-04,1.814808472172969520e-02,-3.811099965802056469e-03,2.928059813479794116e+02,-1.069312531710621705e+01,1.151210018330042439e+00,-6.816214403607732120e-01,1.151210019581245581e+00,-6.816214386888692633e-01,1.151210019694936637e+00,-6.816214385451471180e-01,2.541725759229052972e+00,-5.626855169224684872e-01,2.541725759229052972e+00,-5.626855169224684872e-01,2.541725759229052972e+00,-5.626855169224684872e-01,2.541725759229050752e+00,-5.626855169224667108e-01
6.901779818043402629e+05,-6.807406438120651470e-09,2.385345344271431397e-08,9.512659008592121933e-08,3.179997394708020564e-07,-9.996675990180814431e-01,7.448566705205508787e-03,1.713861351452291432e-05,2.690845141015228009e-05,1.713861349327732223e-05,2.690845142813138788e-05,1.713861348913957305e-05,2.690845143198724448e-05,1.607537651559685574e-05,6.675536335237297701e-05,1.607537651559685574e-05,6.675536335237297701e-05,1.607537651559772310e-05,6.675536335237297701e-05,1.607537651559772310e-05,6.675536335237243490e-05,8.455779069619657334e-04,2.440803194161247696e-04,1.680785935732392530e-02,-4.126244516449038315e-03,2.918886851737073584e+02,-1.297087551918818349e+01,1.054585077996908371e+00,-6.714108398183449289e-01,1.054585078897073203e+00,-6.714108386790482719e-01,1.054585079087847488e+00,-6.714108384546618735e-01,2.374717012311704956e+00,-5.691940493937264200e-01,2.374717012311704956e+00,-5.691940493937264200e-01,2.374717012311704956e+00,-5.691940493937264200e-01,2.374717012311706732e+00,-5.691940493937247547e-01
7.103366600381177850e+05,-5.955541825354839446e-09,2.318988511974932686e-08,1.018032318224970954e-07,3.021329053131858488e-07,-9.995997318906270079e-01,7.640761178718417923e-03,1.730494899031265188e-05,2.531917893955262094e-05,1.730494897230318643e-05,2.531917895580264311e-05,1.730494896820533590e-05,2.531917895991090198e-05,1.662642908437919273e-05,6.417077361547582869e-05,1.662642908437875905e-05,6.417077361547593711e-05,1.662642908437919273e-05,6.417077361547582869e-05,1.662642908437919273e-05,6.417077361547593711e-05,7.987843493915553752e-04,2.077734219528581429e-04,1.555149020056157717e-02,-4.373880198045382306e-03,2.909233371934639649e+02,-1.518697483754801603e+01,9.641433956442151398e-01,-6.587065445013726706e-01,9.641433964370518250e-01,-6.587065435611511033e-01,9.641433966351211637e-01,-6.587065433443021201e-01,2.218008293822964383e+00,-5.722533645074714403e-01,2.218008293822968824e+00,-5.722533645074749931e-01,2.218008293822964383e+00,-5.722533645074714403e-01,2.218008293822967048e+00,-5.722533645074732167e-01
7.310841317698718049e+05,-5.163985055624313808e-09,2.252717526286590862e-08,1.076411716933031798e-07,2.867482099933340776e-07,-9.995298379530761501e-01,7.836643563546435987e-03,1.740844320219500294e-05,2.377428524298532547e-05,1.740844318587342343e-05,2.377428525879863100e-05,1.740844318021171969e-05,2.377428526491006180e-05,1.710777604438428259e-05,6.166801911496890519e-05,1.710777604438384891e-05,6.166801911496890519e-05,1.710777604438384891e-05,6.166801911496901361e-05,1.710777604438428259e-05,6.166801911496847151e-05,7.539915025236524357e-04,1.753494583741129896e-04,1.437493358257530343e-02,-4.562589047111475019e-03,2.899141228767586540e+02,-1.734183419141901439e+01,8.796270591511048398e-01,-6.438567683307737655e-01,8.796270599022875114e-01,-6.438567675002671020e-01,8.796270601892771657e-01,-6.438567672077651904e-01,2.071026808451117418e+00,-5.723284535500238190e-01,2.071026808451120083e+00,-5.723284535500238190e-01,2.071026808451119194e+00,-5.723284535500220427e-01,2.071026808451118306e+00,-5.723284535500221537e-01
7.524375944457463920e+05,-4.428970216148160280e-09,2.186773356651799407e-08,1.127096799267533672e-07,2.718448096908369007e-07,-9.994578844711357046e-01,8.036342743298896529e-03,1.745253975722225667e-05,2.227526522073555032e-05,1.745253973880990170e-05,2.227526524034486449e-05,1.745253973580145751e-05,2.227526524384206702e-05,1.752500271823926800e-05,5.924563181682745983e-05,1.752500271823926800e-05,5.924563181682745983e-05,1.752500271823883432e-05,5.924563181682745983e-05,1.752500271823840064e-05,5.924563181682756825e-05,7.112013513754730527e-04,1.464375751142878385e-04,1.327413104370087256e-02,-4.699992842075075526e-03,2.888650707399077078e+02,-1.943619250216730521e+01,8.007798042393652338e-01,-6.271833434584089817e-01,8.007798051439285469e-01,-6.271833425418803509e-01,8.007798053039422159e-01,-6.271833423900775584e-01,1.933221298494137042e+00,-5.698360327387057556e-01,1.933221298494137042e+00,-5.698360327387057556e-01,1.933221298494138818e+00,-5.698360327387075319e-01,1.933221298494138818e+00,-5.698360327387093083e-01
7.744147478138894076e+05,-3.746896303457951225e-09,2.121361863041611413e-08,1.170723203593486726e-07,2.574189431595705935e-07,-9.993838301078199482e-01,8.239992278513234847e-03,1.744069296016003377e-05,2.082344608263751728e-05,1.744069294561828055e-05,2.082344609907098645e-05,1.744069294202566824e-05,2.082344610357779804e-05,1.788335173658409105e-05,5.690194854131975198e-05,1.788335173658452473e-05,5.690194854131931830e-05,1.788335173658409105e-05,5.690194854131975198e-05,1.788335173658452473e-05,5.690194854131975198e-05,6.703986104565105375e-04,1.206986114629227775e-04,1.224505692302020263e-02,-4.792849812440802201e-03,2.877800262892934597e+02,-2.147109017418999954e+01,7.273475479393419763e-01,-6.089830354781088362e-01,7.273475486783190780e-01,-6.089830347733008464e-01,7.273475488790089871e-01,-6.089830345961954050e-01,1.804062619130082590e+00,-5.651483646917043746e-01,1.804062619130082590e+00,-5.651483646916990455e-01,1.804062619130084366e+00,-5.651483646917061510e-01,1.804062619130083034e+00,-5.651483646917061510e-01
7.970338085956600262e+05,-3.114330947773662645e-09,2.056657290665319827e-08,1.207872912020501060e-07,2.434644575135847747e-07,-9.993076244959667731e-01,8.447729715982510434e-03,1.737636048560159234e-05,1.941998288980829185e-05,1.737636047111686816e-05,1.941998290762043250e-05,1.737636046837448718e-05,1.941998291133794491e-05,1.818772384748305881e-05,5.463513843804036329e-05,1.818772384748305881e-05,5.463513843804036329e-05,1.818772384748305881e-05,5.463513843804036329e-05,1.818772384748262513e-05,5.463513843804047171e-05,6.315539108007075077e-04,9.782293070945210654e-05,1.128375619594048501e-02,-4.847142751361166457e-03,2.866626298863526472e+02,-2.344784147066681612e+01,6.590789113517836473e-01,-5.895287789442200665e-01,6.590789121306888099e-01,-5.895287782578521041e-01,6.590789122919145093e-01,-5.895287781256188797e-01,1.683044135541251318e+00,-5.585969003468918004e-01,1.683044135541251318e+00,-5.585969003468918004e-01,1.683044135541251318e+00,-5.585969003468918004e-01,1.683044135541251318e+00,-5.585969003468954641e-01
8.203135255853524432e+05,-2.528012627546327295e-09,1.992805500579633166e-08,1.239077548702266230e-07,2.299732769013950579e-07,-9.992292078702387226e-01,8.659695878265285390e-03,1.726299501212226820e-05,1.806585520207825910e-05,1.726299500140818233e-05,1.806585521596602156e-05,1.726299499787628533e-05,1.806585522115024267e-05,1.844268094557642568e-05,5.244323017961310777e-05,1.844268094557642568e-05,5.244323017961310777e-05,1.844268094557555832e-05,5.244323017961343304e-05,1.844268094557555832e-05,5.244323017961354146e-05,5.946265584745379995e-04,7.752832816354845297e-05,1.038637411951934611e-02,-4.868159237998184903e-03,2.855162984789051279e+02,-2.536800597745031283e+01,5.957257327336753505e-01,-5.690708455350811379e-01,5.957257333258898502e-01,-5.690708450413128894e-01,5.957257335448161717e-01,-5.690708448746782944e-01,1.569681949307480728e+00,-5.504757419541455032e-01,1.569681949307481617e+00,-5.504757419541437269e-01,1.569681949307480284e+00,-5.504757419541455032e-01,1.569681949307482061e+00,-5.504757419541419505e-01
8.442731951909508789e+05,-1.984851497847363257e-09,1.929926960797347802e-08,1.264821579033998609e-07,2.169358203533337721e-07,-9.991485107578026437e-01,8.876034138499105941e-03,1.710403506944625264e-05,1.676186483517451420e-05,1.710403505879483366e-05,1.676186485028699144e-05,1.710403505787738178e-05,1.676186485174936333e-05,1.865245125862104343e-05,5.032413853687904559e-05,1.865245125862082659e-05,5.032413853687872033e-05,1.865245125862039291e-05,5.032413853687904559e-05,1.865245125862126027e-05,5.032413853687872033e-05,5.595669160799850378e-04,5.955802276780067375e-05,9.549178990112091453e-03,-4.860564611217803310e-03,2.843442110434149299e+02,-2.723335956481101405e+01,5.370435656240999389e-01,-5.478379597332712070e-01,5.370435662506710672e-01,-5.478379592525335351e-01,5.370435663107889779e-01,-5.478379592101481066e-01,1.463514963199764374e+00,-5.410449265020249587e-01,1.463514963199764818e+00,-5.410449265020214060e-01,1.463514963199763930e+00,-5.410449265020231824e-01,1.463514963199764596e+00,-5.410449265020232934e-01
8.689326774287984008e+05,-1.481928935693569831e-09,1.868119516642868592e-08,1.285545418857076557e-07,2.043413738563720079e-07,-9.990654537147025671e-01,9.096889680810200246e-03,1.690289524184534521e-05,1.550863482188517828e-05,1.690289523283454096e-05,1.550863483563676495e-05,1.690289523122862070e-05,1.550863483842663398e-05,1.882093656289138099e-05,4.827569002115628290e-05,1.882093656289138099e-05,4.827569002115628290e-05,1.882093656289159783e-05,4.827569002115639132e-05,1.882093656289181467e-05,4.827569002115628290e-05,5.263184517709765427e-04,4.367873683860149750e-05,8.768579108061492350e-03,-4.828468287404255599e-03,2.831492974012236914e+02,-2.904586571615006108e+01,4.827921613395514955e-01,-5.260383697289769955e-01,4.827921618947183524e-01,-5.260383693318987364e-01,4.827921620064148378e-01,-5.260383692591191762e-01,1.364104794836151768e+00,-5.305335282315436496e-01,1.364104794836151768e+00,-5.305335282315436496e-01,1.364104794836150880e+00,-5.305335282315418732e-01,1.364104794836151324e+00,-5.305335282315435386e-01
8.943124123854370555e+05,-1.016495921833456971e-09,1.807460955465050718e-08,1.301648458931094168e-07,1.921784210469700488e-07,-9.989799471170512923e-01,9.322408752278993349e-03,1.666295593005058182e-05,1.430660961236986974e-05,1.666295592244208465e-05,1.430660962488676698e-05,1.666295592170157457e-05,1.430660962629492876e-05,1.895172128426702955e-05,4.629564735355218199e-05,1.895172128426702955e-05,4.629564735355218199e-05,1.895172128426702955e-05,4.629564735355218199e-05,1.895172128426659587e-05,4.629564735355207357e-05,4.948194947981401437e-04,2.967886764387122863e-05,8.041134884924559106e-03,-4.775483957503086005e-03,2.819342302849775592e+02,-3.080764702900252061e+01,4.327359328912794845e-01,-5.038608823241890189e-01,4.327359333833384336e-01,-5.038608819966717833e-01,4.327359334382453460e-01,-5.038608819637053760e-01,1.271035552073063846e+00,-5.191425799137661112e-01,1.271035552073063846e+00,-5.191425799137661112e-01,1.271035552073063846e+00,-5.191425799137661112e-01,1.271035552073063402e+00,-5.191425799137653341e-01
9.204334371602642350e+05,-5.859703573007050839e-10,1.748011377439665063e-08,1.313492009939035416e-07,1.804349360375493876e-07,-9.988918909975480487e-01,9.552737905996817880e-03,1.638755287214029889e-05,1.315605648326886173e-05,1.638755286723265776e-05,1.315605649152571180e-05,1.638755286469063734e-05,1.315605649684480766e-05,1.904808328876479891e-05,4.438173253796021643e-05,1.904808328876479891e-05,4.438173253796032485e-05,1.904808328876458207e-05,4.438173253796043327e-05,1.904808328876479891e-05,4.438173253796010801e-05,4.650047318133071462e-04,1.736675273034878842e-05,7.363566881801656208e-03,-4.704784162415214140e-03,2.807014203046558691e+02,-3.252095749436263361e+01,3.866443955488643724e-01,-4.814758691742841989e-01,3.866443958658717373e-01,-4.814758689703730332e-01,3.866443960678044856e-01,-4.814758688590730640e-01,1.183913483217957641e+00,-5.070478124981002699e-01,1.183913483217956752e+00,-5.070478124981011581e-01,1.183913483217957197e+00,-5.070478124981002699e-01,1.183913483217957197e+00,-5.070478124981012691e-01
9.473174033030492719e+05,-1.879334338136115436e-10,1.689815381922715447e-08,1.321402169382466763e-07,1.690986414965720519e-07,-9.988011749260031769e-01,9.788023236197356675e-03,1.607996656621108172e-05,1.205706820933075823e-05,1.607996655978566596e-05,1.205706822213388485e-05,1.607996655877529796e-05,1.205706822447576154e-05,1.911300615564442626e-05,4.253164837084264134e-05,1.911300615564442626e-05,4.253164837084264134e-05,1.911300615564420942e-05,4.253164837084253292e-05,1.911300615564485994e-05,4.253164837084264134e-05,4.368064742228730253e-04,6.569030496653330700e-06,6.732760457352547287e-03,-4.619149695698483542e-03,2.794530135380172737e+02,-3.418815573381073136e+01,3.442925833959636361e-01,-4.590362478147519409e-01,3.442925838723415177e-01,-4.590362475482152038e-01,3.442925839589169867e-01,-4.590362475046045887e-01,1.102366516217636594e+00,-4.944022139363485890e-01,1.102366516217636594e+00,-4.944022139363485890e-01,1.102366516217636150e+00,-4.944022139363503654e-01,1.102366516217636150e+00,-4.944022139363494772e-01
9.749865947607645066e+05,1.798748297994913465e-10,1.632904077642009823e-08,1.325672611336827026e-07,1.581572346534296505e-07,-9.987076779298753593e-01,1.002840960466976419e-02,1.574341179383441196e-05,1.100956692084704806e-05,1.574341178950606004e-05,1.100956692985980388e-05,1.574341178820827004e-05,1.100956693322083062e-05,1.914919271024119983e-05,4.074309826001675395e-05,1.914919271024119983e-05,4.074309826001675395e-05,1.914919271024098299e-05,4.074309826001675395e-05,1.914919271024119983e-05,4.074309826001697079e-05,4.101557236482833240e-04,-2.870903616676002490e-06,6.145767605925135484e-03,-4.521014251217207909e-03,2.781908914332428253e+02,-3.581167944794203351e+01,3.054614368087650300e-01,-4.366784425502808209e-01,3.054614371358988500e-01,-4.366784423762962164e-01,3.054614372568567049e-01,-4.366784423209169042e-01,1.026043701195871627e+00,-4.813384089231632079e-01,1.026043701195871627e+00,-4.813384089231632079e-01,1.026043701195871405e+00,-4.813384089231614316e-01,1.026043701195872071e+00,-4.813384089231623197e-01
1.003463946348605445e+06,5.195607684543883446e-10,1.577296924895940611e-08,1.326567299078238576e-07,1.475985836771108785e-07,-9.986112684669932182e-01,1.027403986317530077e-02,1.538102740095538632e-05,1.001330912605495442e-05,1.538102739673209360e-05,1.001330913607038041e-05,1.538102739619682299e-05,1.001330913763510098e-05,1.915907960670245290e-05,3.901380428194016134e-05,1.915907960670245290e-05,3.901380428194016134e-05,1.915907960670245290e-05,3.901380428193994450e-05,1.915907960670245290e-05,3.901380428194026976e-05,3.849830598950446364e-04,-1.109434562741227914e-05,5.599806488150443386e-03,-4.412504701406555485e-03,2.769166729069223152e+02,-3.739402068957197400e+01,2.699381589488245026e-01,-4.145233274254239153e-01,2.699381593021928927e-01,-4.145233272572932948e-01,2.699381593570288618e-01,-4.145233272346318665e-01,9.546145711347270302e-01,-4.679708628436338169e-01,9.546145711347270302e-01,-4.679708628436338169e-01,9.546145711347270302e-01,-4.679708628436320406e-01,9.546145711347278073e-01,-4.679708628436364815e-01
1.032773062760511995e+06,8.330828561652309054e-10,1.523003415721638473e-08,1.324323118666490863e-07,1.374108964206895859e-07,-9.985118044235834489e-01,1.052505406118497272e-02,1.499586646980092565e-05,9.067891836358641863e-06,1.499586646616982415e-05,9.067891845997632858e-06,1.499586646533357902e-05,9.067891848795091303e-06,1.914485270978908207e-05,3.734152340089931608e-05,1.914485270978908207e-05,3.734152340089953292e-05,1.914485270978908207e-05,3.734152340089942450e-05,1.914485270978951575e-05,3.734152340089931608e-05,3.612193729049777017e-04,-1.822863730894509784e-05,5.092259078657614298e-03,-4.295477359418896357e-03,2.756317180574163217e+02,-3.893770305858831193e+01,2.375165386696734271e-01,-3.926771523778734840e-01,2.375165390006336863e-01,-3.926771522352782706e-01,2.375165390961362366e-01,-3.926771521999498082e-01,8.877684340896305759e-01,-4.543979132216716676e-01,8.877684340896307980e-01,-4.543979132216725558e-01,8.877684340896314641e-01,-4.543979132216707795e-01,8.877684340896303539e-01,-4.543979132216716676e-01
1.062938238134947838e+06,1.122257981757383166e-09,1.470024600329414913e-08,1.319152432579264377e-07,1.275828635907749786e-07,-9.984091331618343279e-01,1.078158864678265341e-02,1.459088704097233954e-05,8.172759709931332398e-06,1.459088703827159193e-05,8.172759717703544091e-06,1.459088703734779746e-05,8.172759721306564751e-06,1.910846308745867313e-05,3.572406186333357356e-05,1.910846308745845629e-05,3.572406186333346514e-05,1.910846308745867313e-05,3.572406186333357356e-05,1.910846308745867313e-05,3.572406186333346514e-05,3.387964586205773738e-04,-2.438842793882479542e-05,4.620667306316027408e-03,-4.171550557906873909e-03,2.743371335332815306e+02,-4.044525991301765799e+01,2.079972372772796174e-01,-3.712324539548574887e-01,2.079972375372747817e-01,-3.712324538512621896e-01,2.079972376570609904e-01,-3.712324538120281292e-01,8.252136112588949191e-01,-4.407036344394105742e-01,8.252136112588946970e-01,-4.407036344394114624e-01,8.252136112588949191e-01,-4.407036344394105742e-01,8.252136112588944750e-01,-4.407036344394114624e-01
1.093984476192155620e+06,1.388768105615074638e-09,1.418354466815115944e-08,1.311245551212216958e-07,1.181037780851709879e-07,-9.983030916141706346e-01,1.104377565881667356e-02,1.416894350407196671e-05,7.327213124746481329e-06,1.416894350152181478e-05,7.327213133518761107e-06,1.416894350119883095e-05,7.327213135023416882e-06,1.905164340639149689e-05,3.415928777636818804e-05,1.905164340639149689e-05,3.415928777636818804e-05,1.905164340639128005e-05,3.415928777636818804e-05,1.905164340639149689e-05,3.415928777636786278e-05,3.176474963672064008e-04,-2.967684576355733526e-05,4.182728004401831470e-03,-4.042133850387054882e-03,2.730337792902694787e+02,-4.191921379203481735e+01,1.811880373881931128e-01,-3.502689503265034032e-01,1.811880376735853226e-01,-3.502689502280061373e-01,1.811880377223155925e-01,-3.502689502140686195e-01,7.666766335894558138e-01,-4.269595415986197073e-01,7.666766335894558138e-01,-4.269595415986197073e-01,7.666766335894560358e-01,-4.269595415986197073e-01,7.666766335894547035e-01,-4.269595415986197073e-01
1.125937510959580541e+06,1.634167195667863526e-09,1.367981180846484060e-08,1.300773119653002904e-07,1.089636320366576642e-07,-9.981935064075938557e-01,1.131174190136380493e-02,1.373277875712879386e-05,6.530417063930300456e-06,1.373277875506322609e-05,6.530417072210569288e-06,1.373277875466396864e-05,6.530417074515366266e-06,1.897592452416096368e-05,3.264514189398959668e-05,1.897592452416096368e-05,3.264514189398959668e-05,1.897592452416118052e-05,3.264514189398937984e-05,1.897592452416118052e-05,3.264514189398948826e-05,2.977074234949473631e-04,-3.418658200195413859e-05,3.776286941122675243e-03,-3.908454119251538773e-03,2.717222763080405343e+02,-4.336205766553564445e+01,1.569040520342769862e-01,-3.298544197559337143e-01,1.569040522965227946e-01,-3.298544196761797331e-01,1.569040523692258604e-01,-3.298544196583529930e-01,7.119014085183605900e-01,-4.132261399525173906e-01,7.119014085183605900e-01,-4.132261399525173906e-01,7.119014085183597018e-01,-4.132261399525169465e-01,7.119014085183597018e-01,-4.132261399525165024e-01
1.158823828102640342e+06,1.859888343910526045e-09,1.318888194006833795e-08,1.287888418214715922e-07,1.001531931668296064e-07,-9.980801940427512786e-01,1.158560810881991386e-02,1.328501723338792670e-05,5.781410721394236729e-06,1.328501723204291969e-05,5.781410727053555229e-06,1.328501723155012270e-05,5.781410730778440213e-06,1.888265213009245307e-05,3.117964669299672737e-05,1.888265213009256149e-05,3.117964669299651053e-05,1.888265213009234465e-05,3.117964669299661895e-05,1.888265213009234465e-05,3.117964669299651053e-05,2.789132218144024485e-04,-3.800089056034479693e-05,3.399332168318014609e-03,-3.771578858071785757e-03,2.704030153599611594e+02,-4.477623717274027371e+01,1.349678937548548230e-01,-3.100455614464722731e-01,1.349678939295813618e-01,-3.100455613964945845e-01,1.349678940440332819e-01,-3.100455613730357385e-01,6.606483683434042353e-01,-3.995543279732494679e-01,6.606483683434046794e-01,-3.995543279732499120e-01,6.606483683434044574e-01,-3.995543279732499120e-01,6.606483683434046794e-01,-3.995543279732499120e-01
1.192670686878523324e+06,2.067250977144561455e-09,1.271055228191612619e-08,1.272729574446397883e-07,9.166406175404651968e-08,-9.979629611184377413e-01,1.186548809588057994e-02,1.282815886757989170e-05,5.079117669526964432e-06,1.282815886633763996e-05,5.079117676932173690e-06,1.282815886626356185e-05,5.079117677741422192e-06,1.877300326961887401e-05,2.976091380337605313e-05,1.877300326961887401e-05,2.976091380337605313e-05,1.877300326961898243e-05,2.976091380337599892e-05,1.877300326961876559e-05,2.976091380337594471e-05,2.612041285139490095e-04,-4.119450710301421500e-05,3.049986884973235508e-03,-3.632436874928605432e-03,2.690761665293845226e+02,-4.616413423986251274e+01,1.152098020310835802e-01,-2.908888372710324854e-01,1.152098022533818711e-01,-2.908888372213168094e-01,1.152098022776119474e-01,-2.908888372173142889e-01,6.126936098400567188e-01,-3.859866617899480601e-01,6.126936098400567188e-01,-3.859866617899480601e-01,6.126936098400564967e-01,-3.859866617899480601e-01,6.126936098400562747e-01,-3.859866617899493924e-01
1.227506142731211614e+06,2.257468084448809555e-09,1.224459144272579132e-08,1.255421684911180151e-07,8.348870946659866432e-08,-9.978416046082786428e-01,1.215148789335620920e-02,1.236457404986672937e-05,4.422356491292993817e-06,1.236457404902668953e-05,4.422356497297088608e-06,1.236457404891387829e-05,4.422356499517534657e-06,1.864800262199551792e-05,2.838714988482812524e-05,1.864800262199551792e-05,2.838714988482812524e-05,1.864800262199551792e-05,2.838714988482812524e-05,1.864800262199530108e-05,2.838714988482828787e-05,2.445217830279725795e-04,-4.383449140258684234e-05,2.726501984033082547e-03,-3.491836647673393548e-03,2.677416893765561099e+02,-4.752805190176869132e+01,9.746773003676868774e-02,-2.724212922336584075e-01,9.746773021233759438e-02,-2.724212921996509995e-01,9.746773027710681214e-02,-2.724212921915087904e-01,5.678280339941748078e-01,-3.725584894814336079e-01,5.678280339941748078e-01,-3.725584894814336079e-01,5.678280339941748078e-01,-3.725584894814336079e-01,5.678280339941752519e-01,-3.725584894814336079e-01
1.263359070546458475e+06,2.431653382898719353e-09,1.179074702969378379e-08,1.236078843866049287e-07,7.562050126053821812e-08,-9.977159121873283576e-01,1.244370486658465634e-02,1.189649960262525725e-05,3.809851720525938776e-06,1.189649960206982048e-05,3.809851725320389203e-06,1.189649960203658968e-05,3.809851728649215133e-06,1.850853841084453347e-05,2.705666104196006875e-05,1.850853841084453347e-05,2.705666104196006875e-05,1.850853841084453347e-05,2.705666104196006875e-05,1.850853841084464189e-05,2.705666104195979769e-05,2.288103199757412424e-04,-4.598099690505314706e-05,2.427248425552282988e-03,-3.350482541873295479e-03,2.663993435618813237e+02,-4.887020045251373546e+01,8.158739038331710991e-02,-2.546713516930189658e-01,8.158739051987265456e-02,-2.546713516702405755e-01,8.158739061449622743e-02,-2.546713516620607853e-01,5.258564934452649720e-01,-3.592989637273569237e-01,5.258564934452649720e-01,-3.592989637273569237e-01,5.258564934452649720e-01,-3.592989637273569237e-01,5.258564934452640838e-01,-3.592989637273569237e-01
1.300259188585996395e+06,2.590828371055022770e-09,1.134875226563888099e-08,1.214806078159317816e-07,6.805370133921767264e-08,-9.975856626242816105e-01,1.274222682229363135e-02,1.142603579770514106e-05,3.240244972238189892e-06,1.142603579733766429e-05,3.240244975936945604e-06,1.142603579740934360e-05,3.240244978246621492e-06,1.835537786183899598e-05,2.576785588855333474e-05,1.835537786183888756e-05,2.576785588855338895e-05,1.835537786183910440e-05,2.576785588855322632e-05,1.835537786183921282e-05,2.576785588855306369e-05,2.140164172581564717e-04,-4.768797197623853528e-05,2.150709553105739809e-03,-3.208989093478314264e-03,2.650486999709812039e+02,-5.019268450494057987e+01,6.742226121113692461e-02,-2.376595931748561041e-01,6.742226131373178777e-02,-2.376595931599108924e-01,6.742226137771491212e-02,-2.376595931568867559e-01,4.865969544078492248e-01,-3.462319417421661494e-01,4.865969544078492248e-01,-3.462319417421665935e-01,4.865969544078492248e-01,-3.462319417421657053e-01,4.865969544078484477e-01,-3.462319417421652612e-01
1.338237083120812895e+06,2.735929211905500784e-09,1.091833169351264786e-08,1.191701185467942631e-07,6.078346416376166881e-08,-9.974506262398942225e-01,1.304713110313390247e-02,1.095514440843317486e-05,2.712106125447063913e-06,1.095514440833319109e-05,2.712106130399916278e-06,1.095514440840255293e-05,2.712106131358025737e-06,1.818918212389197472e-05,2.451924736056462165e-05,1.818918212389197472e-05,2.451924736056462165e-05,1.818918212389197472e-05,2.451924736056467586e-05,1.818918212389197472e-05,2.451924736056473007e-05,2.000893071747028302e-04,-4.900379701451675399e-05,1.895473452092257894e-03,-3.067893536673184547e-03,2.636891522103697412e+02,-5.149749104749276540e+01,5.483355375967991635e-02,-2.213994905562405857e-01,5.483355389343581160e-02,-2.213994905458664120e-01,5.483355391931473560e-02,-2.213994905456586615e-01,4.498796785184758784e-01,-3.333767810452783475e-01,4.498796785184758784e-01,-3.333767810452783475e-01,4.498796785184758784e-01,-3.333767810452783475e-01,4.498796785184759339e-01,-3.333767810452792357e-01
1.377324233783914242e+06,2.867813403080036472e-09,1.049920604393461933e-08,1.166856473244275221e-07,5.380581134860081152e-08,-9.973105654259445396e-01,1.335848366539022988e-02,1.048564777133652852e-05,2.223944448553200059e-06,1.048564777140461302e-05,2.223944452968721827e-06,1.048564777155825464e-05,2.223944454313240941e-06,1.801052058077385384e-05,2.330945337440562103e-05,1.801052058077385384e-05,2.330945337440562103e-05,1.801052058077374542e-05,2.330945337440556682e-05,1.801052058077374542e-05,2.330945337440556682e-05,1.869807574115139078e-04,-4.997186178773745785e-05,1.660225428837966855e-03,-2.927666745030311091e-03,2.623199282717415031e+02,-5.278647874071544521e+01,4.369014359613573872e-02,-2.058981284102784359e-01,4.369014371229056060e-02,-2.058981284053476024e-01,4.369014374769190912e-02,-2.058981284064575479e-01,4.155464290403179661e-01,-3.207490393978656429e-01,4.155464290403179661e-01,-3.207490393978656429e-01,4.155464290403181882e-01,-3.207490393978656429e-01,4.155464290403181882e-01,-3.207490393978660870e-01
1.417553039663591189e+06,2.987266203925707569e-09,1.009109634946822968e-08,1.140360396550551917e-07,4.711759525487380737e-08,-9.971652352501693128e-01,1.367633815272079056e-02,1.001922882922248083e-05,1.774219534595106521e-06,1.001922882959069622e-05,1.774219539598049025e-06,1.001922882956338618e-05,1.774219539423600896e-06,1.781988452179031172e-05,2.213719644407463865e-05,1.781988452179031172e-05,2.213719644407463865e-05,1.781988452179031172e-05,2.213719644407463865e-05,1.781988452179031172e-05,2.213719644407469286e-05,1.746450280411093845e-04,-5.063108736746858293e-05,1.443740675874742021e-03,-2.788722743482225427e-03,2.609401025693068163e+02,-5.406136781848377382e+01,3.386846721285921569e-02,-1.911568847755346634e-01,3.386846734111959023e-02,-1.911568847767340373e-01,3.386846733664086034e-02,-1.911568847764157364e-01,3.834497053088460894e-01,-3.083610875083618308e-01,3.834497053088460894e-01,-3.083610875083618308e-01,3.834497053088460894e-01,-3.083610875083618308e-01,3.834497053088463114e-01,-3.083610875083622749e-01
1.458956846158815781e+06,3.095006790174283250e-09,9.693727373700185937e-09,1.112299090819826231e-07,4.071644999214757770e-08,-9.970143841376495342e-01,1.400073496085258405e-02,9.557432098050777441e-06,1.361351950272815525e-06,9.557432098237385575e-06,1.361351953187584646e-06,9.557432098591262388e-06,1.361351954956568910e-06,1.761770012043833988e-05,2.100130234318579045e-05,1.761770012043833988e-05,2.100130234318579045e-05,1.761770012043833988e-05,2.100130234318573624e-05,1.761770012043844830e-05,2.100130234318562782e-05,1.630388096111885896e-04,-5.101639682077140634e-05,1.244877174118651057e-03,-2.651426931196703210e-03,2.595486081194715666e+02,-5.532373099137103623e+01,2.525238679259409619e-02,-1.771720804544053007e-01,2.525238686530233839e-02,-1.771720804551773221e-01,2.525238690961089869e-02,-1.771720804601010224e-01,3.534520080196937308e-01,-2.962226421772298779e-01,3.534520080196937308e-01,-2.962226421772298779e-01,3.534520080196937308e-01,-2.962226421772298779e-01,3.534520080196935088e-01,-2.962226421772303220e-01
1.501569972619028063e+06,3.191694116871033324e-09,9.306830428057692508e-09,1.082757795990721404e-07,3.460073054117263877e-08,-9.968577546428243341e-01,1.433170030157141818e-02,9.101665500824823989e-06,9.837335115916090097e-07,9.101665501456669910e-06,9.837335157271897765e-07,9.101665501551591811e-06,9.837335161158762553e-07,1.740434070154661715e-05,1.990069790790258055e-05,1.740434070154661715e-05,1.990069790790258055e-05,1.740434070154661715e-05,1.990069790790252634e-05,1.740434070154672557e-05,1.990069790790258055e-05,1.521211468190398249e-04,-5.115913875089098768e-05,1.062568873000322269e-03,-2.516103146014399359e-03,2.581442489418184891e+02,-5.657498507426720380e+01,1.773302610374675667e-02,-1.639355934954846161e-01,1.773302620444410643e-02,-1.639355935040109624e-01,1.773302621394406975e-02,-1.639355935054525870e-01,3.254251375033890836e-01,-2.843412275756241892e-01,3.254251375033890836e-01,-2.843412275756241892e-01,3.254251375033890836e-01,-2.843412275756241892e-01,3.254251375033890836e-01,-2.843412275756248553e-01
1.545427740791224409e+06,3.277932481484155534e-09,8.930145640060034118e-09,1.051822167641289733e-07,2.876944060286605432e-08,-9.966950843155357731e-01,1.466924526937917091e-02,8.653202993672726867e-06,6.397370885111901620e-07,8.653202994201885290e-06,6.397370915862043636e-07,8.653202994411752949e-06,6.397370923101261542e-07,1.718013827598668421e-05,1.883440806371786949e-05,1.718013827598668421e-05,1.883440806371792370e-05,1.718013827598657579e-05,1.883440806371792370e-05,1.718013827598668421e-05,1.883440806371786949e-05,1.418533515083400661e-04,-5.108746769865563607e-05,8.958191781676868313e-04,-2.383039689415110494e-03,2.567257126311711204e+02,-5.781638337935549288e+01,1.120858011385707578e-02,-1.514354376755150944e-01,1.120858018676538538e-02,-1.514354376833411675e-01,1.120858020403441013e-02,-1.514354376866760554e-01,2.992495263383611603e-01,-2.727225717448787390e-01,2.992495263383610493e-01,-2.727225717448787390e-01,2.992495263383611048e-01,-2.727225717448787390e-01,2.992495263383609938e-01,-2.727225717448784614e-01
1.590566504097927362e+06,3.354276774260204326e-09,8.563423735598240157e-09,1.019579469537511128e-07,2.322214990028293305e-08,-9.965261066693128500e-01,1.501336491792833010e-02,8.213187906840516248e-06,3.277258795270033762e-07,8.213187907296802732e-06,3.277258819113807939e-07,8.213187907737056577e-06,3.277258832181696724e-07,1.694539433261504479e-05,1.780155215530733080e-05,1.694539433261504479e-05,1.780155215530733080e-05,1.694539433261504479e-05,1.780155215530722238e-05,1.694539433261509900e-05,1.780155215530716817e-05,1.321989081888375126e-04,-5.082668505493050478e-05,7.436947716742164276e-04,-2.252494418999776132e-03,2.552915831189919231e+02,-5.904900879365136035e+01,5.584101719835928013e-03,-1.396563041888287393e-01,5.584101774870729382e-03,-1.396563041959840712e-01,5.584101805298567582e-03,-1.396563042031448709e-01,2.748136071289191129e-01,-2.613709450220299546e-01,2.748136071289191129e-01,-2.613709450220299546e-01,2.748136071289190019e-01,-2.613709450220299546e-01,2.748136071289192239e-01,-2.613709450220299546e-01
1.637023677770303795e+06,3.421237417804613593e-09,8.206427389990222639e-09,9.861196416636249693e-08,1.795890157223827407e-08,-9.963505522558863126e-01,1.536403735184893246e-02,7.782636917738345716e-06,4.606210372880888831e-08,7.782636918214405337e-06,4.606210582733640327e-08,7.782636918611494383e-06,4.606210685716583680e-08,1.670038987833754023e-05,1.680133965018020458e-05,1.670038987833748602e-05,1.680133965018025879e-05,1.670038987833754023e-05,1.680133965018020458e-05,1.670038987833754023e-05,1.680133965018015037e-05,1.231233747013387163e-04,-5.039954410625807878e-05,6.053197805771483786e-04,-2.124699007069552267e-03,2.538403535952884056e+02,-6.027376757401410856e+01,7.712688683597578813e-04,-1.285800660994094180e-01,7.712689155565506877e-04,-1.285800661071797579e-01,7.712689389774425412e-04,-1.285800661137043721e-01,2.520132157499413994e-01,-2.502894465699198601e-01,2.520132157499413439e-01,-2.502894465699200821e-01,2.520132157499413994e-01,-2.502894465699198601e-01,2.520132157499415104e-01,-2.502894465699200821e-01
1.684837769861410139e+06,3.479284997579526369e-09,7.858932200927500405e-09,9.515362369760705954e-08,1.298011041258599627e-08,-9.961681498583331296e-01,1.572122284646376711e-02,7.362444568558847678e-06,-2.068849421789343244e-07,7.362444569404471163e-06,-2.068849395069180704e-07,7.362444569582212556e-06,-2.068849390994748939e-07,1.644539472715831740e-05,1.583306528451161122e-05,1.644539472715831740e-05,1.583306528451161122e-05,1.644539472715831740e-05,1.583306528451161122e-05,1.644539472715831740e-05,1.583306528451155701e-05,1.145942802389259582e-04,-4.982652254328280724e-05,4.798703064510024575e-04,-1.999862454632967811e-03,2.523704396789603948e+02,-6.149138369402975712e+01,-3.311864948413812196e-03,-1.181862454252245037e-01,-3.311864889606686360e-03,-1.181862454392258593e-01,-3.311864880552047811e-03,-1.181862454421507974e-01,2.307510300091289712e-01,-2.394802448216806490e-01,2.307510300091289712e-01,-2.394802448216806490e-01,2.307510300091289712e-01,-2.394802448216806490e-01,2.307510300091290267e-01,-2.394802448216806490e-01
1.734048413165270351e+06,3.528854585012520953e-09,7.520727327648484584e-09,9.159272188514874041e-08,8.286452799476266587e-09,-9.959786277992110914e-01,1.608486299859516327e-02,6.953388241704043841e-06,-4.327314795191800068e-07,6.953388242412353120e-06,-4.327314774411981230e-07,6.953388242700263007e-06,-4.327314768527473939e-07,1.618067602799164043e-05,1.489610370731739297e-05,1.618067602799164043e-05,1.489610370731739297e-05,1.618067602799169464e-05,1.489610370731739297e-05,1.618067602799164043e-05,1.489610370731733876e-05,1.065810224696264757e-04,-4.912606549523887466e-05,3.665693243696394586e-04,-1.878173940893767104e-03,2.508801927228640523e+02,-6.270239396443623292e+01,-6.741133363367858219e-03,-1.084524430778081999e-01,-6.741133318833316367e-03,-1.084524430895910940e-01,-6.741133306051688180e-03,-1.084524430943067524e-01,2.109360432381404971e-01,-2.289447769821819911e-01,2.109360432381404971e-01,-2.289447769821819911e-01,2.109360432381404971e-01,-2.289447769821818801e-01,2.109360432381404138e-01,-2.289447769821818801e-01
1.784696398068244103e+06,3.570349763812509716e-09,7.191615840907610801e-09,8.793956114844178384e-08,3.878749245616877302e-09,-9.957817153804791044e-01,1.645487992716925668e-02,6.556133507241675758e-06,-6.330725223317734685e-07,6.556133507934142133e-06,-6.330725205154637790e-07,6.556133508218907834e-06,-6.330725199927699116e-07,1.590650603822683137e-05,1.398990368330543712e-05,1.590650603822677716e-05,1.398990368330549133e-05,1.590650603822683137e-05,1.398990368330543712e-05,1.590650603822683137e-05,1.398990368330543712e-05,9.905476523260679062e-05,-4.831480202752753988e-05,2.646819564586690566e-04,-1.759805083135929050e-03,2.493679134153220218e+02,-6.390714366040490546e+01,-9.586530086262631811e-03,-9.935473220091337043e-02,-9.586530048298192927e-03,-9.935473221239572716e-02,-9.586530037197100659e-03,-9.935473221701925095e-02,1.924830721915246901e-01,-2.186839125285152396e-01,1.924830721915248011e-01,-2.186839125285150176e-01,1.924830721915246901e-01,-2.186839125285152396e-01,1.924830721915245790e-01,-2.186839125285151564e-01
1.836823706359917065e+06,3.604146367692407182e-09,6.871414818947719058e-09,8.420499943583929585e-08,-2.421593439152942785e-10,-9.955771444531040792e-01,1.683117553139776984e-02,6.171239759998237867e-06,-8.094758285649163686e-07,6.171239760842248600e-06,-8.094758266907644932e-07,6.171239761150541488e-06,-8.094758261800510599e-07,1.562316913489433193e-05,1.311398190341619497e-05,1.562316913489433193e-05,1.311398190341619497e-05,1.562316913489422351e-05,1.311398190341614076e-05,1.562316913489419641e-05,1.311398190341624918e-05,9.198833790663328493e-05,-4.740773774963656363e-05,1.735111229648605155e-04,-1.644911673961152281e-03,2.478318656023173503e+02,-6.510578283517625664e+01,-1.191248899305867755e-02,-9.086801575108835460e-02,-1.191248895474072804e-02,-9.086801576490424748e-02,-1.191248894412461068e-02,-9.086801576985080453e-02,1.753122983077022856e-01,-2.086980849889522038e-01,1.753122983077022856e-01,-2.086980849889522038e-01,1.753122983077022856e-01,-2.086980849889523149e-01,1.753122983077023411e-01,-2.086980849889522038e-01
1.890473546031535603e+06,3.630595938337779694e-09,6.559955222737976891e-09,8.040048320037094796e-08,-4.075540423260864241e-09,-9.953646511189306878e-01,1.721363081888406532e-02,5.799166064991242877e-06,-9.634765277984872096e-07,5.799166066012642639e-06,-9.634765258474382952e-07,5.799166065980401177e-06,-9.634765258957937121e-07,1.533096805894838236e-05,1.226791645265713987e-05,1.533096805894840946e-05,1.226791645265724829e-05,1.533096805894832815e-05,1.226791645265730250e-05,1.533096805894838236e-05,1.226791645265703145e-05,8.535613733180784585e-05,-4.641842595802669219e-05,9.239357258296820256e-05,-1.533634957938023041e-03,2.462702903250082329e+02,-6.629826336340549631e+01,-1.377816866975839494e-02,-8.296634937857093328e-02,-1.377816863069458893e-02,-8.296634939501855432e-02,-1.377816863167834541e-02,-8.296634939450933666e-02,1.593488412828165945e-01,-1.989873959485208843e-01,1.593488412828166501e-01,-1.989873959485207733e-01,1.593488412828165390e-01,-1.989873959485206623e-01,1.593488412828167611e-01,-1.989873959485205512e-01
1.945690387090834789e+06,3.650028917123287727e-09,6.257081582508690809e-09,7.653806309616133150e-08,-7.620902110493875742e-09,-9.951439775805309695e-01,1.760210532904902050e-02,5.440277140393793144e-06,-1.096572411619478171e-06,5.440277141065740993e-06,-1.096572410333722814e-06,5.440277141423243107e-06,-1.096572409845940257e-06,1.503022939716534964e-05,1.145133998744495853e-05,1.503022939716534964e-05,1.145133998744495853e-05,1.503022939716529543e-05,1.145133998744495853e-05,1.503022939716534964e-05,1.145133998744490432e-05,7.913403298495221764e-05,-4.535911958186276038e-05,2.069629202392367156e-05,-1.426102506160173075e-03,2.446814202555648023e+02,-6.748433647575352268e+01,-1.523773880395989065e-02,-7.562323097388135018e-02,-1.523773877897560344e-02,-7.562323098463817617e-02,-1.523773876924506415e-02,-7.562323099020282213e-02,1.445223638491651696e-01,-1.895516949806186624e-01,1.445223638491651696e-01,-1.895516949806186624e-01,1.445223638491652252e-01,-1.895516949806187734e-01,1.445223638491652807e-01,-1.895516949806188844e-01
2.002519998422940960e+06,3.662757577411312061e-09,5.962651516808645824e-09,7.263039154894925309e-08,-1.087812733972557300e-08,-9.949148741199340673e-01,1.799643665218043226e-02,5.094849406835479187e-06,-1.210219861109539802e-06,5.094849407676142446e-06,-1.210219859737563268e-06,5.094849407931865081e-06,-1.210219859419837821e-06,1.472130827983323060e-05,1.066393266474928068e-05,1.472130827983323060e-05,1.066393266474928068e-05,1.472130827983323060e-05,1.066393266474925357e-05,1.472130827983328481e-05,1.066393266474930778e-05,7.329927583276943045e-05,-4.424090590698917042e-05,-4.218670588991908001e-05,-1.322428741401502315e-03,2.430634942636308438e+02,-6.866355126556224775e+01,-1.634066598634079798e-02,-6.881185834142689028e-02,-1.634066596016843856e-02,-6.881185835458082656e-02,-1.634066595395117574e-02,-6.881185835849215615e-02,1.307667064477273655e-01,-1.803906385206772156e-01,1.307667064477273655e-01,-1.803906385206772156e-01,1.307667064477273655e-01,-1.803906385206773266e-01,1.307667064477273933e-01,-1.803906385206773266e-01
2.061009485727907857e+06,3.669078714124950935e-09,5.676535111328729020e-09,6.869070160692053741e-08,-1.384760797357686025e-08,-9.946771012300187342e-01,1.839644008136232314e-02,4.763077046504845331e-06,-1.305830387414214002e-06,4.763077047325247563e-06,-1.305830386193158410e-06,4.763077047536111333e-06,-1.305830385954200252e-06,1.440459230439078897e-05,9.905414879504388995e-06,1.440459230439078897e-05,9.905414879504388995e-06,1.440459230439078897e-05,9.905414879504388995e-06,1.440459230439078897e-05,9.905414879504388995e-06,6.783041126267359432e-05,-4.307382599396414346e-05,-9.683721797199967016e-05,-1.222715166371194035e-03,2.414147724360177847e+02,-6.983525372045937729e+01,-1.713199685716562323e-02,-6.250535672802969012e-02,-1.713199683438314594e-02,-6.250535674063299740e-02,-1.713199682979342497e-02,-6.250535674379889550e-02,1.180195506180507642e-01,-1.715037308197799870e-01,1.180195506180507642e-01,-1.715037308197799870e-01,1.180195506180507642e-01,-1.715037308197799870e-01,1.180195506180507781e-01,-1.715037308197800148e-01
2.121207330566328950e+06,3.669276095799585087e-09,5.398614174485435674e-09,6.473276652535572088e-08,-1.653037668545802166e-08,-9.944304318796720610e-01,1.880190840307787228e-02,4.445078013183521317e-06,-1.384767751784319765e-06,4.445078013916021857e-06,-1.384767750766579186e-06,4.445078014190663820e-06,-1.384767750482572427e-06,1.408050466434715062e-05,9.175539857300105172e-06,1.408050466434715062e-05,9.175539857300105172e-06,1.408050466434715062e-05,9.175539857300105172e-06,1.408050466434709641e-05,9.175539857300213592e-06,6.270719627006776534e-05,-4.186698038511930064e-05,-1.438153126573333640e-04,-1.127050342744830014e-03,2.397335513186352216e+02,-7.099858669810934941e+01,-1.765263670854875372e-02,-5.667697791446629080e-02,-1.765263669000850799e-02,-5.667697792552382763e-02,-1.765263668464618976e-02,-5.667697792956911257e-02,1.062221097586669161e-01,-1.628903494311650657e-01,1.062221097586669161e-01,-1.628903494311650657e-01,1.062221097586669161e-01,-1.628903494311650657e-01,1.062221097586669161e-01,-1.628903494311652878e-01
2.183163430545390584e+06,3.663622692007922620e-09,5.128781388294506537e-09,6.077083984828996431e-08,-1.892823425513374944e-08,-9.941746539162152896e-01,1.921261185327816437e-02,4.140899950296993951e-06,-1.448345626365937170e-06,4.140899950904201377e-06,-1.448345625559859960e-06,4.140899951174872450e-06,-1.448345625304638768e-06,1.374950648149914924e-05,8.474086159572790126e-06,1.374950648149914924e-05,8.474086159572790126e-06,1.374950648149914924e-05,8.474086159572790126e-06,1.374950648149912214e-05,8.474086159572763021e-06,5.791052103643696338e-05,-4.062862263891434947e-05,-1.836614228569866786e-04,-1.035509668544995401e-03,2.380181794714324894e+02,-7.215249075692484837e+01,-1.793962186257775163e-02,-5.130027278793293510e-02,-1.793962184827451595e-02,-5.130027279694984038e-02,-1.793962184353137257e-02,-5.130027280085653479e-02,9.531884600573492516e-02,-1.545497576730242573e-01,9.531884600573492516e-02,-1.545497576730242573e-01,9.531884600573492516e-02,-1.545497576730242573e-01,9.531884600573505006e-02,-1.545497576730243683e-01
2.246929140678680036e+06,3.652382684100860489e-09,4.866939370769300338e-09,5.681957602451799640e-08,-2.104386967990981070e-08,-9.939095725987966423e-01,1.962829826116100490e-02,3.850525974827479414e-06,-1.497825759448926861e-06,3.850525975587993028e-06,-1.497825758585576671e-06,3.850525975769285183e-06,-1.497825758429831029e-06,1.341209833527061716e-05,7.800850160047422596e-06,1.341209833527061716e-05,7.800850160047422596e-06,1.341209833527061716e-05,7.800850160047422596e-06,1.341209833527061716e-05,7.800850160047422596e-06,5.342233494866326516e-05,-3.936624202464312003e-05,-2.168980752489003006e-04,-9.481549996539030472e-04,2.362670733199383619e+02,-7.329570591838557903e+01,-1.802638449151521688e-02,-4.634923926297976338e-02,-1.802638447637402996e-02,-4.634923927396681492e-02,-1.802638447352106904e-02,-4.634923927652991049e-02,8.525721195950780595e-02,-1.464811062126188113e-01,8.525721195950780595e-02,-1.464811062126188113e-01,8.525721195950777820e-02,-1.464811062126188668e-01,8.525721195950779208e-02,-1.464811062126188668e-01
2.312557315954025835e+06,3.635813268738517273e-09,4.612999663212834256e-09,5.289393195241992450e-08,-2.288097036317270685e-08,-9.936350132532910662e-01,2.004869340341963388e-02,3.573880297333821392e-06,-1.534416601356238820e-06,3.573880298012274454e-06,-1.534416600636802916e-06,3.573880298244971345e-06,-1.534416600455077080e-06,1.306882098544828914e-05,7.155638555380537105e-06,1.306882098544828914e-05,7.155638555380537105e-06,1.306882098544828914e-05,7.155638555380564210e-06,1.306882098544831625e-05,7.155638555380455790e-06,4.922557703466087504e-05,-3.808663660080239464e-05,-2.440312640213748805e-04,-8.650341602871308841e-04,2.344787332706246445e+02,-7.442677444996520819e+01,-1.794300866701723993e-02,-4.179844751585597845e-02,-1.794300865467478995e-02,-4.179844752546351544e-02,-1.794300865138590689e-02,-4.179844752868499408e-02,7.598741600673604435e-02,-1.386834257212216370e-01,7.598741600673604435e-02,-1.386834257212216370e-01,7.598741600673598884e-02,-1.386834257212216370e-01,7.598741600673591945e-02,-1.386834257212216925e-01
2.380102355144657660e+06,3.614166260175634461e-09,4.366881655737405615e-09,4.900905027237481465e-08,-2.444431949618342305e-08,-9.933508240345071405e-01,2.047350159050931317e-02,3.310833647510093725e-06,-1.559272353666180003e-06,3.310833648099073003e-06,-1.559272353077702168e-06,3.310833648314775025e-06,-1.559272352925032950e-06,1.272025528764834793e-05,6.538260977263207806e-06,1.272025528764834793e-05,6.538260977263207806e-06,1.272025528764836148e-05,6.538260977263234911e-06,1.272025528764834793e-05,6.538260977263207806e-06,4.530411075764888019e-05,-3.679597774451433566e-05,-2.655514790001658586e-04,-7.861803864404357878e-04,2.326517600220116151e+02,-7.554404478780084276e+01,-1.771647678281162291e-02,-3.762314437871245448e-02,-1.771647677294452619e-02,-3.762314438689007279e-02,-1.771647677020896441e-02,-3.762314438981238102e-02,6.746221000788722721e-02,-1.311556123708088883e-01,6.746221000788722721e-02,-1.311556123708088883e-01,6.746221000788722721e-02,-1.311556123708088883e-01,6.746221000788728273e-02,-1.311556123708089439e-01
2.449620245900000446e+06,3.587689499949327630e-09,4.128511463209042776e-09,4.518012571017581073e-08,-2.573987773816514063e-08,-9.930568787846421053e-01,2.090240651339223335e-02,3.061208489795838486e-06,-1.573492397866817628e-06,3.061208490339958899e-06,-1.573492397363585190e-06,3.061208490552625155e-06,-1.573492397227612685e-06,1.236702131054737380e-05,5.948522778212569830e-06,1.236702131054740091e-05,5.948522778212624040e-06,1.236702131054740091e-05,5.948522778212596935e-06,1.236702131054738735e-05,5.948522778212624040e-06,4.164266307309304703e-05,-3.549986712496934211e-05,-2.819344015698916120e-04,-7.116117456954669778e-04,2.307848710800869014e+02,-7.664567660603759691e+01,-1.737090557098100799e-02,-3.379933883180778059e-02,-1.737090556270610639e-02,-3.379933883919942345e-02,-1.737090556028793656e-02,-3.379933884201929972e-02,5.963669814553955451e-02,-1.238964078407756159e-01,5.963669814553958226e-02,-1.238964078407756159e-01,5.963669814553949899e-02,-1.238964078407756436e-01,5.963669814553955451e-02,-1.238964078407755881e-01
2.521168611153478269e+06,3.556628078364759136e-09,3.897820762740127764e-09,4.142225627993296155e-08,-2.677484630576298273e-08,-9.927530799636584691e-01,2.133507236937795190e-02,2.824784011727648906e-06,-1.578121065425511075e-06,2.824784012346375980e-06,-1.578121064929000690e-06,2.824784012489111196e-06,-1.578121064847062111e-06,1.200977666448990928e-05,5.386218065609967888e-06,1.200977666448990928e-05,5.386218065609967888e-06,1.200977666448990928e-05,5.386218065609967888e-06,1.200977666448992283e-05,5.386218065609913678e-06,3.822676762105801565e-05,-3.420338697319261640e-05,-2.936412847056497650e-04,-6.413305754456135373e-04,2.288769173375102923e+02,-7.772964721127706866e+01,-1.692777122185776598e-02,-3.030387037204203271e-02,-1.692777121373897908e-02,-3.030387038022705828e-02,-1.692777121228693921e-02,-3.030387038207833783e-02,5.246816573139152090e-02,-1.169043753033889160e-01,5.246816573139152090e-02,-1.169043753033889160e-01,5.246816573139152090e-02,-1.169043753033889160e-01,5.246816573139152090e-02,-1.169043753033888466e-01
2.594806756885792594e+06,3.521225374671304091e-09,3.674745603885508663e-09,3.775028171587154059e-08,-2.755770875158365711e-08,-9.924393616317200850e-01,2.177114529347851102e-02,2.601300876271187956e-06,-1.574147711429360001e-06,2.601300876849542052e-06,-1.574147711004474722e-06,2.601300876981462351e-06,-1.574147710936901821e-06,1.164921406479536603e-05,4.851123062383930424e-06,1.164921406479536603e-05,4.851123062383930424e-06,1.164921406479536603e-05,4.851123062383930424e-06,1.164921406479537959e-05,4.851123062383903319e-06,3.504271191285365415e-05,-3.291114444261113506e-05,-3.011190377073468764e-04,-5.753229804669314582e-04,2.269268996757818115e+02,-7.879375928983645849e+01,-1.640612325815486022e-02,-2.711446201310544618e-02,-1.640612325130683113e-02,-2.711446202058611851e-02,-1.640612325010867845e-02,-2.711446202226009197e-02,4.591592679042241082e-02,-1.101778727986250234e-01,4.591592679042241082e-02,-1.101778727986250234e-01,4.591592679042241082e-02,-1.101778727986250234e-01,4.591592679042246633e-02,-1.101778727986249540e-01
2.670595721283270512e+06,3.481723920576098557e-09,3.459225202559115224e-09,3.417861205502663508e-08,-2.809824894811029959e-08,-9.921156924557343881e-01,2.221025511657044593e-02,2.390465732698408331e-06,-1.562507056059950499e-06,2.390465733230094300e-06,-1.562507055701791087e-06,2.390465733315875021e-06,-1.562507055662949544e-06,1.128605815978922695e-05,4.342989873641774599e-06,1.128605815978922695e-05,4.342989873641774599e-06,1.128605815978922695e-05,4.342989873641774599e-06,1.128605815978922018e-05,4.342989873641720389e-06,3.207748835761165852e-05,-3.162731075399558212e-05,-3.048000401887434284e-04,-5.135584287085684331e-04,2.249339854761682886e+02,-7.983565010396831951e+01,-1.582278697300439768e-02,-2.420975957363529288e-02,-1.582278696730995624e-02,-2.420975958035992415e-02,-1.582278696661662543e-02,-2.420975958142489171e-02,3.994118923670771093e-02,-1.037150252705934111e-01,3.994118923670771093e-02,-1.037150252705934111e-01,3.994118923670771093e-02,-1.037150252705934111e-01,3.994118923670770399e-02,-1.037150252705934111e-01
2.748598325332025066e+06,3.438366091891598426e-09,3.251200728874383631e-09,3.072104982973577347e-08,-2.840754317462070118e-08,-9.917820787059238308e-01,2.265201746698371557e-02,2.191955484174514435e-06,-1.544079760411089252e-06,2.191955484585223770e-06,-1.544079760141217779e-06,2.191955484757456061e-06,-1.544079760073109554e-06,1.092106166281940822e-05,3.861540738614769284e-06,1.092106166281939467e-05,3.861540738614769284e-06,1.092106166281940822e-05,3.861540738614769284e-06,1.092106166281941500e-05,3.861540738614796390e-06,2.931874895839094817e-05,-3.035565575103302312e-05,-3.051017144225396326e-04,-4.559894814855854116e-04,2.228975248759636258e+02,-8.085280225474957660e+01,-1.519255437696071485e-02,-2.156935881391406490e-02,-1.519255437279309895e-02,-2.156935881901001287e-02,-1.519255437155985974e-02,-2.156935882110132957e-02,3.450693645213878669e-02,-9.751369642613047506e-02,3.450693645213873118e-02,-9.751369642613047506e-02,3.450693645213878669e-02,-9.751369642613047506e-02,3.450693645213872424e-02,-9.751369642613050281e-02
2.828879224889866542e+06,3.391394633483725700e-09,3.050614100769466297e-09,2.739060984335640868e-08,-2.849792471068315570e-08,-9.914385672107495218e-01,2.309603623754883858e-02,2.005421314659116487e-06,-1.519693206343567741e-06,2.005421315100684926e-06,-1.519693206094926302e-06,2.005421315175745598e-06,-1.519693206069400117e-06,1.055500084259112994e-05,3.406462845801860807e-06,1.055500084259114349e-05,3.406462845801860807e-06,1.055500084259112994e-05,3.406462845801860807e-06,1.055500084259112994e-05,3.406462845801887913e-06,2.675476351686680466e-05,-2.909957843251837202e-05,-3.024258896734996851e-04,-4.025516910077379159e-04,2.208170666844972061e+02,-8.184255601177652295e+01,-1.452836372094908589e-02,-1.917382189497770367e-02,-1.452836371708382361e-02,-1.917382190031713743e-02,-1.452836371661015216e-02,-1.917382190120877489e-02,2.957782407221720006e-02,-9.157146151391994116e-02,2.957782407221714455e-02,-9.157146151391995503e-02,2.957782407221720006e-02,-9.157146151391994116e-02,2.957782407221711679e-02,-9.157146151391999667e-02
2.911504964279129170e+06,3.341053022885761809e-09,2.857406793061887961e-09,2.419934090709508047e-08,-2.838291997104378604e-08,-9.910852482272249908e-01,2.354190642803602809e-02,1.830492477228622041e-06,-1.490122453016687776e-06,1.830492477671125605e-06,-1.490122452799664383e-06,1.830492477731292050e-06,-1.490122452782432344e-06,1.018867043299258101e-05,2.977403785050299501e-06,1.018867043299258440e-05,2.977403785050285949e-06,1.018867043299258101e-05,2.977403785050299501e-06,1.018867043299259456e-05,2.977403785050299501e-06,2.437438116065123640e-05,-2.786213397032368073e-05,-2.971579966223700676e-04,-3.531636935088779627e-04,2.186923737476843712e+02,-8.280212331419554062e+01,-1.384146777115560084e-02,-1.700468449289740946e-02,-1.384146776776128650e-02,-1.700468449812028021e-02,-1.384146776742872613e-02,-1.700468449881986643e-02,2.512009076482027425e-02,-8.588558197835646779e-02,2.512009076482030201e-02,-8.588558197835649555e-02,2.512009076482027425e-02,-8.588558197835646779e-02,2.512009076482035752e-02,-8.588558197835646779e-02
2.996544031444832217e+06,3.287585676500114461e-09,2.671518673764507202e-09,2.115815425552964976e-08,-2.807715594323550204e-08,-9.907222581812438200e-01,2.398921736937095761e-02,1.666779850673635389e-06,-1.456091344479615746e-06,1.666779851039187704e-06,-1.456091344311123952e-06,1.666779851136630374e-06,-1.456091344288369259e-06,9.822878035865818076e-06,2.573967704868891475e-06,9.822878035865818076e-06,2.573967704868877922e-06,9.822878035865804523e-06,2.573967704868891475e-06,9.822878035865821464e-06,2.573967704868864370e-06,2.216699502488321170e-05,-2.664605765625606342e-05,-2.896661337555277594e-04,-3.077275211168708905e-04,2.165234375476442494e+02,-8.372860350175162125e+01,-1.314159107545237112e-02,-1.504445482919388247e-02,-1.314159107286205427e-02,-1.504445483341837475e-02,-1.314159107239491579e-02,-1.504445483452634437e-02,2.110148177488424537e-02,-8.045298285067462030e-02,2.110148177488427312e-02,-8.045298285067462030e-02,2.110148177488424537e-02,-8.045298285067464805e-02,2.110148177488430088e-02,-8.045298285067463417e-02
3.084066914723898750e+06,3.231238005958215747e-09,2.492886879014136594e-09,1.827666353898880984e-08,-2.759623956013188767e-08,-9.903497822367969272e-01,2.443755634202541063e-02,1.513879271681374376e-06,-1.418273747069973597e-06,1.513879272054387357e-06,-1.418273746925564644e-06,1.513879272086635596e-06,-1.418273746919693012e-06,9.458438105384869317e-06,2.195712234998397857e-06,9.458438105384869317e-06,2.195712234998397857e-06,9.458438105384869317e-06,2.195712234998397857e-06,9.458438105384879481e-06,2.195712234998384305e-06,2.012250991331467518e-05,-2.545378620334672040e-05,-2.803000513826824341e-04,-2.661291492973730070e-04,2.143104919266217223e+02,-8.461900069797729884e+01,-1.243707654942502808e-02,-1.327660575784640230e-02,-1.243707654714992956e-02,-1.327660576205398450e-02,-1.243707654701726659e-02,-1.327660576241274266e-02,1.749118398837229069e-02,-7.527023366836957385e-02,1.749118398837229069e-02,-7.527023366836957385e-02,1.749118398837229069e-02,-7.527023366836957385e-02,1.749118398837230456e-02,-7.527023366836958773e-02
3.174146161272483878e+06,3.172256329568809309e-09,2.321444736852616047e-09,1.556304130008579523e-08,-2.695661052355770451e-08,-9.899680566366253487e-01,2.488651257574628350e-02,1.371374649808075315e-06,-1.377294896384557662e-06,1.371374650145512912e-06,-1.377294896269747428e-06,1.371374650200725908e-06,-1.377294896262510379e-06,9.096165604579632691e-06,1.842146224432749638e-06,9.096165604579632691e-06,1.842146224432749638e-06,9.096165604579629303e-06,1.842146224432776743e-06,9.096165604579629303e-06,1.842146224432790295e-06,1.823131275474600959e-05,-2.428747675763261952e-05,-2.693901011109222548e-04,-2.282392893466934501e-04,2.120540255978160644e+02,-8.547024294785724408e+01,-1.173502174688662372e-02,-1.168556093577981583e-02,-1.173502174505720516e-02,-1.168556093950153321e-02,-1.173502174486502556e-02,-1.168556094010316480e-02,1.425977125671839055e-02,-7.033353353173911471e-02,1.425977125671839055e-02,-7.033353353173911471e-02,1.425977125671839055e-02,-7.033353353173914246e-02,1.425977125671833504e-02,-7.033353353173915634e-02
3.266856437199848704e+06,3.110887647059067148e-09,2.157120752185555442e-09,1.302389669179968033e-08,-2.617537006636271195e-08,-9.895773707692977483e-01,2.533568163197004453e-02,1.238840875356775405e-06,-1.333732837404755581e-06,1.238840875543847713e-06,-1.333732837324436528e-06,1.238840875668632607e-06,-1.333732837314407658e-06,8.736869441458562196e-06,1.512728332666023493e-06,8.736869441458562196e-06,1.512728332666037046e-06,8.736869441458558808e-06,1.512728332666023493e-06,8.736869441458558808e-06,1.512728332666023493e-06,1.648424568940022445e-05,-2.314902396089286535e-05,-2.572462002075354289e-04,-1.939144277786069171e-04,2.097547933207324604e+02,-8.627920296266377420e+01,-1.104140522877298386e-02,-1.025667602782161583e-02,-1.104140522765224321e-02,-1.025667602985317478e-02,-1.104140522729225339e-02,-1.025667603118441719e-02,1.137915871092205940e-02,-6.563870085823202138e-02,1.137915871092205766e-02,-6.563870085823202138e-02,1.137915871092205940e-02,-6.563870085823202138e-02,1.137915871092205940e-02,-6.563870085823200751e-02
3.362274589458617847e+06,3.047379284759141855e-09,1.999837663231968270e-09,1.066417880673829879e-08,-2.527008906785836957e-08,-9.891780689044059605e-01,2.578467014459216722e-02,1.115846526938003413e-06,-1.288119942790114157e-06,1.115846527206058847e-06,-1.288119942721626461e-06,1.115846527260377376e-06,-1.288119942719996770e-06,8.381345791781771068e-06,1.206866498548424672e-06,8.381345791781771068e-06,1.206866498548424672e-06,8.381345791781777844e-06,1.206866498548411120e-06,8.381345791781771068e-06,1.206866498548397567e-06,1.487258160508372560e-05,-2.204007535538145935e-05,-2.441568601157085672e-04,-1.629981058242038923e-04,2.074138254160720294e+02,-8.704272047464023387e+01,-1.036120347148989512e-02,-8.976215763639515399e-03,-1.036120347035018700e-02,-8.976215766467902230e-03,-1.036120347022391648e-02,-8.976215767035333748e-03,8.822564796509968846e-03,-6.118116821119690824e-02,8.822564796509968846e-03,-6.118116821119690824e-02,8.822564796509982724e-03,-6.118116821119688048e-02,8.822564796509941090e-03,-6.118116821119688742e-02
3.460479709542726167e+06,2.981978420919863789e-09,1.849511580064540109e-09,8.487109409704149058e-09,-2.425859983992657932e-08,-9.887705515449315419e-01,2.623310089730115230e-02,1.001956389580506391e-06,-1.240944496572574682e-06,1.001956389812756049e-06,-1.240944496521247873e-06,1.001956389896470009e-06,-1.240944496522958880e-06,8.030371424238336343e-06,9.239182956826091746e-07,8.030371424238329567e-06,9.239182956825956220e-07,8.030371424238336343e-06,9.239182956826091746e-07,8.030371424238336343e-06,9.239182956825820695e-07,1.338800194984206145e-05,-2.096204540341063211e-05,-2.303883269648367062e-04,-1.353224237263896178e-04,2.050324354059779637e+02,-8.775762605788925441e+01,-9.698498766763007095e-03,-7.831327619237125892e-03,-9.698498765885721004e-03,-7.831327621634749658e-03,-9.698498765735249355e-03,-7.831327622491951121e-03,6.564479767766720660e-03,-5.695598248525445689e-02,6.564479767766734537e-03,-5.695598248525444995e-02,6.564479767766720660e-03,-5.695598248525445689e-02,6.564479767766762293e-03,-5.695598248525444995e-02
3.561553199045849033e+06,2.914931501094984933e-09,1.706051216450258598e-09,6.494148088147215855e-09,-2.315877668106205630e-08,-9.883552763470968561e-01,2.668061820850806815e-02,8.967337902012764098e-07,-1.192652332816636235e-06,8.967337903895853865e-07,-1.192652332777904806e-06,8.967337904603465189e-07,-1.192652332782939570e-06,7.684697145727705067e-06,6.631921667570793389e-07,7.684697145727705067e-06,6.631921667570793389e-07,7.684697145727701679e-06,6.631921667570793389e-07,7.684697145727715232e-06,6.631921667570657864e-07,1.202257665679132773e-05,-1.991612835956647261e-05,-2.161838786109134621e-04,-1.107097460783228876e-04,2.026122255734275939e+02,-8.842076623618517317e+01,-9.056578587719455592e-03,-6.810012770423854757e-03,-9.056578587064708502e-03,-6.810012772326638243e-03,-9.056578586972913875e-03,-6.810012773036948526e-03,4.580639399394861866e-03,-5.295781059580129818e-02,4.580639399394861866e-03,-5.295781059580129818e-02,4.580639399394861866e-03,-5.295781059580129818e-02,4.580639399394834110e-03,-5.295781059580129818e-02
3.665578837134662550e+06,2.846483555046144781e-09,1.569357223741281734e-09,4.684991851702789487e-09,-2.198831092610762960e-08,-9.879327585573088877e-01,2.712689358036092166e-02,7.997427591677836107e-07,-1.143648519610579334e-06,7.997427593936296995e-07,-1.143648519589689807e-06,7.997427594026014724e-07,-1.143648519590779092e-06,7.345041481796511665e-06,4.239495126819330020e-07,7.345041481796511665e-06,4.239495126819330020e-07,7.345041481796508277e-06,4.239495126819194494e-07,7.345041481796521829e-06,4.239495126819330020e-07,1.076874600482320372e-05,-1.890331021043590296e-05,-2.017633178639896454e-04,-8.897457630470055449e-05,2.001550901844174746e+02,-8.902902970804436222e+01,-8.438026885893153486e-03,-5.901094914778430914e-03,-8.438026885340357830e-03,-5.901094917008274827e-03,-8.438026885332981786e-03,-5.901094917096475108e-03,2.848002711777454336e-03,-4.918095067292494599e-02,2.848002711777454336e-03,-4.918095067292494599e-02,2.848002711777482092e-03,-4.918095067292493211e-02,2.848002711777440459e-03,-4.918095067292495293e-02
3.772642849992855918e+06,2.776877427097995596e-09,1.439321635930913087e-09,3.057610104354648269e-09,-2.076448664187981638e-08,-9.875035709211020807e-01,2.757163156097190704e-02,7.105500251327816306e-07,-1.094299080355001563e-06,7.105500252805719392e-07,-1.094299080335501171e-06,7.105500253367742693e-07,-1.094299080345308118e-06,7.012084704411750926e-06,2.054075955214100784e-07,7.012084704411750926e-06,2.054075955214100784e-07,7.012084704411758549e-06,2.054075955214100784e-07,7.012084704411750926e-06,2.054075955214100784e-07,9.619304249977775041e-06,-1.792437986758267798e-05,-1.873226949559682265e-04,-6.992556140734432441e-05,1.976632161473935412e+02,-8.957937446294383221e+01,-7.844807785644010434e-03,-5.094187476784151243e-03,-7.844807785260301744e-03,-5.094187478212910264e-03,-7.844807785239630779e-03,-5.094187478755814527e-03,1.344732556925547955e-03,-4.561934863570066279e-02,1.344732556925547955e-03,-4.561934863570066279e-02,1.344732556925561833e-03,-4.561934863570065585e-02,1.344732556925548172e-03,-4.561934863570066279e-02
3.882833982293461915e+06,2.706352933886948881e-09,1.315827433992038903e-09,1.608314690492770731e-09,-1.950396330982887473e-08,-9.870683430279085790e-01,2.801457576818219483e-02,6.287268493684583764e-07,-1.044932745558941403e-06,6.287268495737317290e-07,-1.044932745563328187e-06,6.287268495644719648e-07,-1.044932745561218228e-06,6.686463314593978431e-06,6.743197248520495235e-09,6.686463314593978431e-06,6.743197248520495235e-09,6.686463314593978431e-06,6.743197248520495235e-09,6.686463314593975043e-06,6.743197248513718971e-09,8.567384864303091748e-06,-1.697993978297006993e-05,-1.730342843815249718e-04,-5.336758230185391052e-05,1.951390809709060647e+02,-9.006885547914248491e+01,-7.278342135899408191e-03,-4.379659643569181610e-03,-7.278342135617094089e-03,-4.379659645512685995e-03,-7.278342135616464384e-03,-4.379659645424841333e-03,5.017797489504215999e-05,-4.226661990938124225e-02,5.017797489504215999e-05,-4.226661990938124225e-02,5.017797489504215999e-05,-4.226661990938124225e-02,5.017797489504215999e-05,-4.226661990938124919e-02
3.996243570758746471e+06,2.635145964060601233e-09,1.198748235409337685e-09,3.318634456298666778e-10,-1.822257174589214044e-08,-9.866277600591539798e-01,2.845551500914617060e-02,5.538507059627115117e-07,-9.958427288579069957e-07,5.538507060955567710e-07,-9.958427288557292740e-07,5.538507061424010811e-07,-9.958427288689412939e-07,6.368765076287635301e-06,-1.729030386403906591e-07,6.368765076287635301e-06,-1.729030386403906591e-07,6.368765076287631912e-06,-1.729030386403771066e-07,6.368765076287625136e-06,-1.729030386403974354e-07,7.606447215119263500e-06,-1.607041613102996768e-05,-1.590468320388293362e-04,-3.910388087583114121e-05,1.925854478485486538e+02,-9.049465270852738286e+01,-6.739577362857572182e-03,-3.748601629112107304e-03,-6.739577362655188066e-03,-3.748601630342421331e-03,-6.739577362678041313e-03,-3.748601630779191309e-03,-1.055142684768415381e-03,-3.911607591719850480e-02,-1.055142684768415381e-03,-3.911607591719850480e-02,-1.055142684768443136e-03,-3.911607591719851867e-02,-1.055142684768415381e-03,-3.911607591719849092e-02
4.112965619868631475e+06,2.563487534840196652e-09,1.087948114452169996e-09,-7.784055512218492982e-10,-1.693512913985251195e-08,-9.861825609163468176e-01,2.889428942405424319e-02,4.855068123647192455e-07,-9.472885214164746546e-07,4.855068124639101918e-07,-9.472885214128002256e-07,4.855068125220878027e-07,-9.472885214324708718e-07,6.059524686383070800e-06,-3.344216693979871840e-07,6.059524686383070800e-06,-3.344216693979871840e-07,6.059524686383070800e-06,-3.344216693979939602e-07,6.059524686383080965e-06,-3.344216693979804077e-07,6.730264527926363015e-06,-1.519606867725217681e-05,-1.454860786239972690e-04,-2.693817278979484400e-05,1.900053577451749902e+02,-9.085409901463836491e+01,-6.229051053674754083e-03,-3.192789500992435168e-03,-6.229051053521800912e-03,-3.192789501890016222e-03,-6.229051053573872974e-03,-3.192789502423470146e-03,-1.989558785650670167e-03,-3.616075487584331088e-02,-1.989558785650670167e-03,-3.616075487584331088e-02,-1.989558785650670167e-03,-3.616075487584331782e-02,-1.989558785650670167e-03,-3.616075487584331782e-02
4.233096879780406132e+06,2.491602822696491863e-09,9.832815562732740912e-10,-1.730412986780600551e-09,-1.565527846233866325e-08,-9.857335357195625702e-01,2.933079658864235287e-02,4.232895154162142173e-07,-8.994976998611714546e-07,4.232895155235875018e-07,-8.994976998687041186e-07,4.232895155472332735e-07,-8.994976998780706090e-07,5.759220153887076009e-06,-4.787290186624519584e-07,5.759220153887072621e-06,-4.787290186624451821e-07,5.759220153887076009e-06,-4.787290186624519584e-07,5.759220153887076009e-06,-4.787290186624451821e-07,5.932912974466778080e-06,-1.435700044315838495e-05,-1.324555550383237784e-04,-1.667669490432210807e-05,1.874021184933037034e+02,-9.114470764955562743e+01,-5.746948686302291893e-03,-2.704649869800677172e-03,-5.746948686221644599e-03,-2.704649870754731282e-03,-5.746948686252197416e-03,-2.704649870968126989e-03,-2.770265377021784940e-03,-3.339345634505672816e-02,-2.770265377021784940e-03,-3.339345634505671429e-02,-2.770265377021784940e-03,-3.339345634505672816e-02,-2.770265377021812695e-03,-3.339345634505672122e-02
4.356736926524308510e+06,2.419710183995763454e-09,8.845935462352326506e-10,-2.533155534367500926e-09,-1.439535658367673580e-08,-9.852815226709424890e-01,2.976499749015926871e-02,3.668035360332652515e-07,-8.526677420945517331e-07,3.668035361445823214e-07,-8.526677421123889764e-07,3.668035361685245547e-07,-8.526677421233271364e-07,5.468269941727392012e-06,-6.067613529579335375e-07,5.468269941727392012e-06,-6.067613529579335375e-07,5.468269941727392012e-06,-6.067613529579335375e-07,5.468269941727392012e-06,-6.067613529579403138e-07,5.208761732735831596e-06,-1.355316724593074837e-05,-1.200376353401142485e-04,-8.130138367198387226e-06,1.847792908218112302e+02,-9.136419893074273091e+01,-5.293155897474513885e-03,-2.277224687389304766e-03,-5.293155897461944946e-03,-2.277224688361400868e-03,-5.293155897502234766e-03,-2.277224688574329501e-03,-3.413342794370511843e-03,-3.080677888410413359e-02,-3.413342794370511843e-03,-3.080677888410413359e-02,-3.413342794370511843e-03,-3.080677888410413359e-02,-3.413342794370518782e-03,-3.080677888410413012e-02
4.483988244541460648e+06,2.348020183063305303e-09,7.917197940934123737e-10,-3.196507012099744503e-09,-1.316629435782305131e-08,-9.848274042943966355e-01,3.019692230287077811e-02,3.156650762692219569e-07,-8.069678460926021953e-07,3.156650763592395363e-07,-8.069678461082121654e-07,3.156650763851299454e-07,-8.069678461216899419e-07,5.187030910090309970e-06,-7.194687840945889162e-07,5.187030910090309970e-06,-7.194687840945889162e-07,5.187030910090309970e-06,-7.194687840945889162e-07,5.187030910090309970e-06,-7.194687840946024687e-07,4.552463872137925187e-06,-1.278438718073370886e-05,-1.082948234327528139e-04,-1.115422630331333325e-06,1.821406714017348918e+02,-9.151052569901044365e+01,-4.867305665483235948e-03,-1.904136373726066653e-03,-4.867305665486726211e-03,-1.904136374495560497e-03,-4.867305665540269319e-03,-1.904136374722593516e-03,-3.933778445022618336e-03,-2.839316012857683730e-02,-3.933778445022618336e-03,-2.839316012857683730e-02,-3.933778445022618336e-03,-2.839316012857683730e-02,-3.933778445022625275e-03,-2.839316012857683730e-02
4.614956311632562429e+06,2.276734645407903613e-09,7.044870900679818149e-10,-3.731009716100810299e-09,-1.197755067524844212e-08,-9.843721030745430367e-01,3.062667589337791235e-02,2.695027913573379855e-07,-7.625407464303504451e-07,2.695027914323325886e-07,-7.625407464447934157e-07,2.695027914633814283e-07,-7.625407464630329996e-07,4.915797082056118277e-06,-8.178090163148054258e-07,4.915797082056118277e-06,-8.178090163148054258e-07,4.915797082056118277e-06,-8.178090163148054258e-07,4.915797082056118277e-06,-8.178090163148189783e-07,3.958947920117179904e-06,-1.205035009710246176e-05,-9.727124143109702227e-05,4.542728217958191528e-06,1.794902730717884083e+02,-9.158189713707798774e+01,-4.468820764211816308e-03,-1.579553453490667577e-03,-4.468820764228118372e-03,-1.579553454118251717e-03,-4.468820764304284009e-03,-1.579553454387187849e-03,-4.345491205154585097e-03,-2.614491856274251194e-02,-4.345491205154585097e-03,-2.614491856274251194e-02,-4.345491205154578158e-03,-2.614491856274250153e-02,-4.345491205154564281e-03,-2.614491856274249806e-02
4.749749686387764290e+06,2.206045752054205172e-09,6.227137879169523622e-10,-4.147662372495597018e-09,-1.083708115424753101e-08,-9.839165765247518403e-01,3.105444297270148341e-02,2.279586296941290354e-07,-7.195045228032816271e-07,2.279586297643887243e-07,-7.195045228214018853e-07,2.279586297854171642e-07,-7.195045228352384862e-07,4.654799231191584620e-06,-9.027410561312533815e-07,4.654799231191584620e-06,-9.027410561312533815e-07,4.654799231191584620e-06,-9.027410561312533815e-07,4.654799231191584620e-06,-9.027410561312601577e-07,3.423409975029757951e-06,-1.135062709532403578e-05,-8.699428093967457394e-05,9.010437654560184137e-06,1.768323023451388565e+02,-9.157680061139056704e+01,-4.096951823422209475e-03,-1.298156861429035922e-03,-4.096951823467266315e-03,-1.298156862007283441e-03,-4.096951823526963354e-03,-1.298156862187338631e-03,-4.661358713923736095e-03,-2.405429623079323107e-02,-4.661358713923736095e-03,-2.405429623079323107e-02,-4.661358713923736095e-03,-2.405429623079323107e-02,-4.661358713923729157e-03,-2.405429623079322760e-02
4.888480098170185462e+06,2.136135191973941116e-09,5.462104076402153075e-10,-4.457711064072639950e-09,-9.751340817541791157e-09,-9.834618117309364971e-01,3.148049283638029022e-02,1.906885431008276035e-07,-6.779543948328627845e-07,1.906885431644228372e-07,-6.779543948527134251e-07,1.906885431742416431e-07,-6.779543948599213578e-07,4.404205275682012170e-06,-9.752190015643367560e-07,4.404205275682012170e-06,-9.752190015643367560e-07,4.404205275682012170e-06,-9.752190015643367560e-07,4.404205275682007088e-06,-9.752190015643435322e-07,2.941306236693679190e-06,-1.068468006237420841e-05,-7.747637383708973105e-05,1.244357946536399389e-05,1.741711345018147483e+02,-9.149402114038079503e+01,-3.750811314282848172e-03,-1.055107046508978966e-03,-3.750811314345463016e-03,-1.055107047023554978e-03,-3.750811314377187206e-03,-1.055107047106822573e-03,-4.893247727850357116e-03,-2.211350165092944992e-02,-4.893247727850357116e-03,-2.211350165092944992e-02,-4.893247727850357116e-03,-2.211350165092944992e-02,-4.893247727850346708e-03,-2.211350165092946032e-02
5.031262539727665484e+06,2.067173387534621698e-09,4.747803484476545424e-10,-4.672449094039257565e-09,-8.725318838827137733e-09,-9.830088194242854183e-01,3.190518362987079803e-02,1.573630701874048155e-07,-6.379644969630501305e-07,1.573630702422857742e-07,-6.379644969821353710e-07,1.573630702576306231e-07,-6.379644969946548356e-07,4.164121444378706675e-06,-1.036186020854757919e-06,4.164121444378706675e-06,-1.036186020854757919e-06,4.164121444378708369e-06,-1.036186020854757919e-06,4.164121444378706675e-06,-1.036186020854757919e-06,2.508345836040647014e-06,-1.005187124581118909e-05,-6.871683652489163081e-05,1.498694349894386285e-05,1.715112865415368333e+02,-9.133265817865836311e+01,-3.429403759646591429e-03,-8.460119878356524986e-04,-3.429403759713167080e-03,-8.460119882714658849e-04,-3.429403759768951017e-03,-8.460119884006622347e-04,-5.052047567815192049e-03,-2.031475220750326646e-02,-5.052047567815192049e-03,-2.031475220750326646e-02,-5.052047567815195518e-03,-2.031475220750326299e-02,-5.052047567815196386e-03,-2.031475220750326646e-02
5.178215362509516068e+06,1.999318806742436139e-09,4.082207003570958127e-10,-4.803031096983421247e-09,-7.762602330684754890e-09,-9.825586276456754753e-01,3.232896608714645043e-02,1.276677957073942980e-07,-5.995896269410495851e-07,1.276677957576877263e-07,-5.995896269618626670e-07,1.276677957694140504e-07,-5.995896269724638137e-07,3.934594164660625553e-06,-1.086568622329089028e-06,3.934594164660625553e-06,-1.086568622329089028e-06,3.934594164660622165e-06,-1.086568622329092416e-06,3.934594164660620471e-06,-1.086568622329099192e-06,2.120483854446848788e-06,-9.451472851724074191e-06,-6.070374120806134292e-05,1.677366728402715368e-05,1.688573883358419891e+02,-9.109213944159351684e+01,-3.131652451886663899e-03,-6.668962156216707389e-04,-3.131652451966301584e-03,-6.668962160154656531e-04,-3.131652452013813058e-03,-6.668962161136116453e-04,-5.147706574934541972e-03,-1.865031533924875126e-02,-5.147706574934541972e-03,-1.865031533924875126e-02,-5.147706574934548911e-03,-1.865031533924874779e-02,-5.147706574934535900e-03,-1.865031533924874779e-02
5.329460374767275527e+06,1.932717374818813027e-09,3.463231409020007817e-10,-4.860305838622958745e-09,-6.865465233904641067e-09,-9.821122750727133699e-01,3.275238670948430603e-02,1.013036891089592762e-07,-5.628669612246560582e-07,1.013036891487469548e-07,-5.628669612406895449e-07,1.013036891595796592e-07,-5.628669612515292372e-07,3.715612608950553550e-06,-1.127271306806401711e-06,3.715612608950553550e-06,-1.127271306806401711e-06,3.715612608950553550e-06,-1.127271306806401711e-06,3.715612608950548468e-06,-1.127271306806411875e-06,1.773914434728668905e-06,-8.882676642728751007e-06,-5.341576948487142674e-05,1.792492716328776469e-05,1.662141524148435678e+02,-9.077223152479153612e+01,-2.856422945832060196e-03,-5.141709143137350663e-04,-2.856422945894057045e-03,-5.141709146174939290e-04,-2.856422945942701727e-03,-5.141709147078884178e-04,-5.189271389242411381e-03,-1.711254790230436196e-02,-5.189271389242411381e-03,-1.711254790230436196e-02,-5.189271389242411381e-03,-1.711254790230436196e-02,-5.189271389242405309e-03,-1.711254790230436543e-02
5.485122942520787939e+06,1.867501994654328572e-09,2.888749019127575250e-10,-4.854671117770294306e-09,-6.034977695234963494e-09,-9.816708040827488713e-01,3.317609034967454462e-02,7.798732616817321699e-08,-5.278177302875515872e-07,7.798732619603721282e-08,-5.278177302953665249e-07,7.798732621075102215e-08,-5.278177303116588860e-07,3.507111823469584966e-06,-1.159171679961083524e-06,3.507111823469584966e-06,-1.159171679961080136e-06,3.507111823469584966e-06,-1.159171679961083524e-06,3.507111823469581578e-06,-1.159171679961080136e-06,1.465063898559985416e-06,-8.344603496468600318e-06,-4.682400707527451368e-05,1.854987426274442176e-05,1.635863427656767612e+02,-9.037304717876479287e+01,-2.602543578451748003e-03,-3.846051725092112291e-04,-2.602543578479614168e-03,-3.846051727125167547e-04,-2.602543578552546713e-03,-3.846051728352353760e-04,-5.184928768317673478e-03,-1.569393314871466924e-02,-5.184928768317683886e-03,-1.569393314871466924e-02,-5.184928768317673478e-03,-1.569393314871466924e-02,-5.184928768317680417e-03,-1.569393314871466924e-02
5.645332093473293819e+06,1.803792184147104148e-09,2.356597898820892151e-10,-4.795953076074940971e-09,-5.271130919119000265e-09,-9.812352536300908978e-01,3.360082219138355031e-02,5.745099812042288133e-08,-4.944488469457687521e-07,5.745099815067720414e-08,-4.944488469604307866e-07,5.745099815716039432e-08,-4.944488469683793438e-07,3.308976355143016312e-06,-1.183116088515433597e-06,3.308976355143016312e-06,-1.183116088515433597e-06,3.308976355143014618e-06,-1.183116088515433597e-06,3.308976355143009536e-06,-1.183116088515436985e-06,1.190583797574364856e-06,-7.836312880033260411e-06,-4.089364367582085818e-05,1.874579359602579915e-05,1.609787431201482946e+02,-8.989504912769075418e+01,-2.368823254594005969e-03,-2.752984313152624695e-04,-2.368823254654343555e-03,-2.752984315383886203e-04,-2.368823254689747960e-03,-2.752984315926273518e-04,-5.142049591515395791e-03,-1.438711484874224088e-02,-5.142049591515395791e-03,-1.438711484874224088e-02,-5.142049591515406200e-03,-1.438711484874223567e-02,-5.142049591515398393e-03,-1.438711484874223394e-02
5.810220623961661942e+06,1.741693835682358071e-09,1.864592426012010830e-10,-4.693311092617584402e-09,-4.572972343320782185e-09,-9.808066520147231682e-01,3.402742912478984999e-02,3.944271338213407917e-08,-4.627544808276260293e-07,3.944271340391891954e-08,-4.627544808352901952e-07,3.944271341441789292e-08,-4.627544808495576182e-07,3.121044285900500929e-06,-1.199915828647493552e-06,3.121044285900500929e-06,-1.199915828647493552e-06,3.121044285900500929e-06,-1.199915828647493552e-06,3.121044285900499235e-06,-1.199915828647496940e-06,9.473438397222384326e-07,-7.356812187421823119e-06,-3.558554820628844840e-05,1.859845911354407141e-05,1.583961252037561849e+02,-8.933905040302106215e+01,-2.154066725110847721e-03,-1.836541717035389742e-04,-2.154066725141417019e-03,-1.836541718562480371e-04,-2.154066725204492432e-03,-1.836541719446137396e-04,-5.067234635608754319e-03,-1.318492817140495474e-02,-5.067234635608754319e-03,-1.318492817140495474e-02,-5.067234635608754319e-03,-1.318492817140495474e-02,-5.067234635608747380e-03,-1.318492817140495647e-02
5.979925209030424245e+06,1.681299099809327111e-09,1.410534042618279646e-10,-4.555168361174993343e-09,-3.938746105814655226e-09,-9.803860096171154170e-01,3.445686052344110184e-02,2.372609771460060788e-08,-4.327175721488559884e-07,2.372609773890452424e-08,-4.327175721639560448e-07,2.372609774326250875e-08,-4.327175721705440553e-07,2.943111579391839564e-06,-1.210343958505371708e-06,2.943111579391842952e-06,-1.210343958505375096e-06,2.943111579391836176e-06,-1.210343958505368320e-06,2.943111579391837870e-06,-1.210343958505364931e-06,7.324246466289658058e-07,-6.905065879980468341e-06,-3.085769669412770827e-05,1.818265372837015622e-05,1.558432173618255376e+02,-8.870621125375728866e+01,-1.957087571290942653e-03,-1.073548713779539396e-04,-1.957087571355036783e-03,-1.073548715532482347e-04,-1.957087571383880030e-03,-1.073548715903294262e-04,-4.966361662897932593e-03,-1.208042702698828956e-02,-4.966361662897932593e-03,-1.208042702698829303e-02,-4.966361662897930858e-03,-1.208042702698829997e-02,-4.966361662897926521e-03,-1.208042702698830517e-02
6.154586515720838681e+06,1.622686393298832012e-09,9.922220106705748208e-11,-4.389167278474827361e-09,-3.366034113449802771e-09,-9.799743116699537460e-01,3.489016845573501141e-02,1.008019946028869065e-08,-4.043112787181557485e-07,1.008019948033118425e-08,-4.043112787305021007e-07,1.008019948580217006e-08,-4.043112787397345481e-07,2.774936645828268783e-06,-1.215132732252568456e-06,2.774936645828268783e-06,-1.215132732252568456e-06,2.774936645828268783e-06,-1.215132732252568456e-06,2.774936645828267089e-06,-1.215132732252568456e-06,5.431103116535476073e-07,-6.480004370808831100e-06,-2.666643730917657746e-05,1.756282132675835651e-05,1.533246740596826498e+02,-8.799803272817463551e+01,-1.776719100606636475e-03,-4.433825287387495111e-05,-1.776719100659022305e-03,-4.433825301477046577e-05,-1.776719100699004211e-03,-4.433825306207179421e-05,-4.844633343681259766e-03,-1.106690767509270132e-02,-4.844633343681259766e-03,-1.106690767509270132e-02,-4.844633343681256296e-03,-1.106690767509269958e-02,-4.844633343681256296e-03,-1.106690767509270652e-02
6.334349319668900222e+06,1.565920528098458586e-09,6.074640011547266841e-11,-4.202147945233539823e-09,-2.851893541719984166e-09,-9.795725111295553456e-01,3.532850735944816079e-02,-1.700792873547020406e-09,-3.775003502200701558e-07,-1.700792853045434951e-09,-3.775003502374040498e-07,-1.700792850915994122e-09,-3.775003502414335972e-07,2.616245031206496487e-06,-1.214971656831184013e-06,2.616245031206496487e-06,-1.214971656831184013e-06,2.616245031206493099e-06,-1.214971656831184013e-06,2.616245031206496487e-06,-1.214971656831189095e-06,3.768807436285178417e-07,-6.080532589334389134e-06,-2.296758413419144846e-05,1.679381736701304520e-05,1.508450466300975563e+02,-8.721634712528941691e+01,-1.611823346772610702e-03,7.225164972134266022e-06,-1.611823346846401718e-03,7.225164824278878996e-06,-1.611823346863651158e-03,7.225164805458631071e-06,-4.706625521802581917e-03,-1.013792848754511630e-02,-4.706625521802581917e-03,-1.013792848754511630e-02,-4.706625521802580182e-03,-1.013792848754511630e-02,-4.706625521802585387e-03,-1.013792848754511283e-02
6.519362625108934008e+06,1.511052955791590029e-09,2.540863482291721304e-11,-4.000147439207614178e-09,-2.392987245164610240e-09,-9.791815217011791139e-01,3.577313323003088880e-02,-1.180791272100751481e-08,-3.522424248101501033e-07,-1.180791270370771390e-08,-3.522424248254485771e-07,-1.180791270109504077e-08,-3.522424248310404769e-07,2.466734142497155827e-06,-1.210506159583949273e-06,2.466734142497150745e-06,-1.210506159583945885e-06,2.466734142497154133e-06,-1.210506159583945885e-06,2.466734142497155827e-06,-1.210506159583945885e-06,2.314037932748550071e-07,-5.705538166823481626e-06,-1.971733784060358396e-05,1.592172576737354951e-05,1.484087556770757601e+02,-8.636330554727142328e+01,-1.461298358978069256e-03,4.895320783372000503e-05,-1.461298359042816292e-03,4.895320771076756876e-05,-1.461298359066453634e-03,4.895320768694441476e-05,-4.556335343351958743e-03,-9.287325847213728780e-03,-4.556335343351953539e-03,-9.287325847213732249e-03,-4.556335343351960478e-03,-9.287325847213725311e-03,-4.556335343351957876e-03,-9.287325847213728780e-03
6.709779788382251747e+06,1.458122119212688107e-09,-7.005618071189645712e-12,-3.788417062553346251e-09,-1.985704284159853992e-09,-9.788022110616564353e-01,3.622540237181326450e-02,-2.041784875907640655e-08,-3.284892436561754128e-07,-2.041784874569540356e-08,-3.284892436666218701e-07,-2.041784874306917791e-08,-3.284892436730353918e-07,2.326077926056451598e-06,-1.202336841668583044e-06,2.326077926056454986e-06,-1.202336841668583044e-06,2.326077926056454986e-06,-1.202336841668583044e-06,2.326077926056451598e-06,-1.202336841668583044e-06,1.045271738248281762e-07,-5.353899184817058254e-06,-1.687303721552089314e-05,1.498471206799722514e-05,1.460200654445874022e+02,-8.544136285446099066e+01,-1.324083954981470409e-03,8.227188294839903168e-05,-1.324083955025457142e-03,8.227188285779149718e-05,-1.324083955052198121e-03,8.227188283286441530e-05,-4.397228786742387804e-03,-8.509226241310206135e-03,-4.397228786742389539e-03,-8.509226241310204400e-03,-4.397228786742386070e-03,-8.509226241310207869e-03,-4.397228786742386070e-03,-8.509226241310207869e-03
6.905758645053234883e+06,1.407153901243930798e-09,-3.670712357823894812e-11,-3.571454503271684088e-09,-1.626268525871109854e-09,-9.784353943103697437e-01,3.668676977747251794e-02,-2.769344049522722579e-08,-3.061877801546369400e-07,-2.769344048360212210e-08,-3.061877801643331379e-07,-2.769344048139560127e-08,-3.061877801705558655e-07,2.193931425233256184e-06,-1.191019282091576514e-06,2.193931425233256184e-06,-1.191019282091576514e-06,2.193931425233256184e-06,-1.191019282091576514e-06,2.193931425233257878e-06,-1.191019282091579902e-06,-5.729802761110996718e-09,-5.024491435877280791e-06,-1.439375028765566102e-05,1.401388608772410033e-05,1.436830604607643238e+02,-8.445326034930076275e+01,-1.199166104518526420e-03,1.084339239074562611e-04,-1.199166104559071895e-03,1.084339238296838371e-04,-1.199166104584673811e-03,1.084339238075948577e-04,-4.232287167671593998e-03,-7.798054682047667052e-03,-4.232287167671593998e-03,-7.798054682047667052e-03,-4.232287167671593998e-03,-7.798054682047667052e-03,-4.232287167671591396e-03,-7.798054682047666185e-03
7.107461640738224611e+06,1.358162158423787385e-09,-6.390204685289456762e-11,-3.353047759963948642e-09,-1.310834010699375611e-09,-9.780818276671848777e-01,3.715878719157738458e-02,-3.378422692289168860e-08,-2.852812813710938284e-07,-3.378422691243591390e-08,-2.852812813812779173e-07,-3.378422691111284843e-08,-2.852812813856691479e-07,2.069935151698087714e-06,-1.177064347504505184e-06,2.069935151698087714e-06,-1.177064347504505184e-06,2.069935151698089408e-06,-1.177064347504503490e-06,2.069935151698086020e-06,-1.177064347504505184e-06,-1.011846410811663338e-07,-4.716195150590100148e-06,-1.224071751329384575e-05,1.303415112612640826e-05,1.414016246395599694e+02,-8.340200656926548106e+01,-1.085580099781979606e-03,1.285360619683972145e-04,-1.085580099824091753e-03,1.285360618977279682e-04,-1.085580099841886330e-03,1.285360618835141590e-04,-4.064052231238714230e-03,-7.148539646083794732e-03,-4.064052231238714230e-03,-7.148539646083794732e-03,-4.064052231238714230e-03,-7.148539646083792998e-03,-4.064052231238714230e-03,-7.148539646083795600e-03
7.315055965755646117e+06,1.311149326191256878e-09,-8.879119425937112983e-11,-3.136327746956798153e-09,-1.035566453460909495e-09,-9.777422024218411778e-01,3.764310092872494989e-02,-3.882703896006482188e-08,-2.657102204158157454e-07,-3.882703895056280628e-08,-2.657102204270946243e-07,-3.882703895016893596e-08,-2.657102204286679880e-07,1.953719215989545776e-06,-1.160938956903440726e-06,1.953719215989545776e-06,-1.160938956903440726e-06,1.953719215989547470e-06,-1.160938956903440726e-06,1.953719215989544082e-06,-1.160938956903440726e-06,-1.835001892923944427e-07,-4.427901155246589554e-06,-1.037766210621602574e-05,1.206502093916298305e-05,1.391794230302193967e+02,-8.229085656780127067e+01,-9.824126612753112005e-04,1.435350498444478513e-04,-9.824126613212681453e-04,1.435350497783263724e-04,-9.824126613275543495e-04,1.435350497736780453e-04,-3.894669495522459779e-03,-6.555714777677852483e-03,-3.894669495522459779e-03,-6.555714777677852483e-03,-3.894669495522459779e-03,-6.555714777677854217e-03,-3.894669495522458478e-03,-6.555714777677853350e-03
7.528713693708994426e+06,1.266107081129076001e-09,-1.115693435783823113e-10,-2.923826685752136970e-09,-7.967108443976929582e-10,-9.774171391266532893e-01,3.814144950407340889e-02,-4.294662636505424696e-08,-2.474131594391549661e-07,-4.294662635699959890e-08,-2.474131594491088737e-07,-4.294662635682892176e-08,-2.474131594499590831e-07,1.844907172781109306e-06,-1.143067244891326298e-06,1.844907172781109306e-06,-1.143067244891326298e-06,1.844907172781110153e-06,-1.143067244891325451e-06,1.844907172781111847e-06,-1.143067244891325451e-06,-2.541932299751472516e-07,-4.158516431890497670e-06,-8.770984167982629604e-06,1.112138993231376075e-05,1.370198862824106811e+02,-8.112329008937602737e+01,-8.888031179493448113e-04,1.542624700748586580e-04,-8.888031179894662548e-04,1.542624700194390134e-04,-8.888031179928078743e-04,1.542624700171522142e-04,-3.725929561851268855e-03,-6.014917637298144645e-03,-3.725929561851268855e-03,-6.014917637298144645e-03,-3.725929561851268855e-03,-6.014917637298147247e-03,-3.725929561851268855e-03,-6.014917637298142911e-03
7.748611924117537215e+06,1.223017045360188509e-09,-1.324246676697604188e-10,-2.717539674436869094e-09,-5.906456102392149555e-10,-9.771071820107258832e-01,3.865566113814618981e-02,-4.625631006487446549e-08,-2.303275240137831749e-07,-4.625631005807130861e-08,-2.303275240223076086e-07,-4.625631005777315301e-08,-2.303275240242545138e-07,1.743119547468093441e-06,-1.123832064820004544e-06,1.743119547468093441e-06,-1.123832064820004544e-06,1.743119547468094288e-06,-1.123832064820006239e-06,1.743119547468094288e-06,-1.123832064820004544e-06,-3.146430838006633764e-07,-3.906969063334369790e-06,-7.389855910456331919e-06,1.021424608707996962e-05,1.349261978712506789e+02,-7.990298903204173087e+01,-8.039437915284834875e-04,1.614383662290346964e-04,-8.039437915624807066e-04,1.614383661831301185e-04,-8.039437915700210074e-04,1.614383661783595476e-04,-3.559307164566379456e-03,-5.521785806723296212e-03,-3.559307164566379456e-03,-5.521785806723296212e-03,-3.559307164566379456e-03,-5.521785806723295345e-03,-3.559307164566381191e-03,-5.521785806723295345e-03
7.974932929212971590e+06,1.181851517860238186e-09,-1.515382531108918012e-10,-2.518987171937334968e-09,-4.139241838401864201e-10,-9.768127935828698760e-01,3.918765118367624478e-02,-4.885865115069277842e-08,-2.143902905781362460e-07,-4.885865114489970833e-08,-2.143902905855592192e-07,-4.885865114448402691e-08,-2.143902905894794994e-07,1.647977020729587813e-06,-1.103576771740499522e-06,1.647977020729587813e-06,-1.103576771740502910e-06,1.647977020729587813e-06,-1.103576771740499522e-06,1.647977020729586966e-06,-1.103576771740503757e-06,-3.661001713904629328e-07,-3.672212554623686643e-06,-6.206235101384741141e-06,9.351319864859777191e-06,1.329012840277835608e+02,-7.863381458909013588e+01,-7.270797053189552005e-04,1.656837404298678825e-04,-7.270797053482248645e-04,1.656837403914344605e-04,-7.270797053631902155e-04,1.656837403826939750e-04,-3.395997787789537155e-03,-5.072250677464729650e-03,-3.395997787789535420e-03,-5.072250677464729650e-03,-3.395997787789537155e-03,-5.072250677464729650e-03,-3.395997787789535420e-03,-5.072250677464727915e-03
8.207864305023705587e+06,1.142574218172051921e-09,-1.690837129579736580e-10,-2.329276513838009691e-09,-2.633051114817102534e-10,-9.765343493777937089e-01,3.973941952517057175e-02,-5.084612831231803324e-08,-1.995385896367971088e-07,-5.084612830733366786e-08,-1.995385896437494494e-07,-5.084612830725722313e-08,-1.995385896450212694e-07,1.559103257995978067e-06,-1.082607226363834718e-06,1.559103257995978067e-06,-1.082607226363834718e-06,1.559103257995978067e-06,-1.082607226363834718e-06,1.559103257995978914e-06,-1.082607226363838106e-06,-4.096944782609334253e-07,-3.453229533542892333e-06,-5.194813069844164559e-06,8.537665622052569014e-06,1.309478063156871031e+02,-7.731978442743485402e+01,-6.575077287920268274e-04,1.675319653541202964e-04,-6.575077288190614086e-04,1.675319653208642921e-04,-6.575077288238431739e-04,1.675319653182902064e-04,-3.236951733247323167e-03,-4.662529257772723632e-03,-3.236951733247323167e-03,-4.662529257772723632e-03,-3.236951733247323167e-03,-4.662529257772723632e-03,-3.236951733247322733e-03,-4.662529257772719295e-03
8.447599126872003078e+06,1.105141028346754237e-09,-1.852268905136570246e-10,-2.149160961381972083e-09,-1.357720061228328778e-10,-9.762721327921014547e-01,4.031304798158674013e-02,-5.230181605802761498e-08,-1.857102280797293252e-07,-5.230181605378588574e-08,-1.857102280841565547e-07,-5.230181605373421673e-08,-1.857102280877180106e-07,1.476127379326974668e-06,-1.061193962851839873e-06,1.476127379326974668e-06,-1.061193962851839873e-06,1.476127379326975515e-06,-1.061193962851838179e-06,1.476127379326974668e-06,-1.061193962851837332e-06,-4.464438688651566150e-07,-3.249034840857176913e-06,-4.332912338366816217e-06,7.776174837166794623e-06,1.290681566960780060e+02,-7.596505024373320225e+01,-5.945752592193484249e-04,1.674391627954860699e-04,-5.945752592365829026e-04,1.674391627705249983e-04,-5.945752592497772094e-04,1.674391627639947402e-04,-3.082905573081262066e-03,-4.289114330013873121e-03,-3.082905573081262066e-03,-4.289114330013873121e-03,-3.082905573081262934e-03,-4.289114330013873988e-03,-3.082905573081259898e-03,-4.289114330013872253e-03
8.694336109412876889e+06,1.069500720088287448e-09,-2.001256486526556165e-10,-1.979095157479867982e-09,-2.854474551900114823e-11,-9.760263299493633360e-01,4.091069773202644227e-02,-5.330005675369073585e-08,-1.728441347833018364e-07,-5.330005675006670538e-08,-1.728441347900172195e-07,-5.330005675012239780e-08,-1.728441347918257407e-07,1.398686073336177671e-06,-1.039574466688392661e-06,1.398686073336177671e-06,-1.039574466688392661e-06,1.398686073336177671e-06,-1.039574466688392661e-06,1.398686073336177671e-06,-1.039574466688394355e-06,-4.772621975558222282e-07,-3.058678029991187645e-06,-3.600347371040729647e-06,7.068022681475656786e-06,1.272644548863239180e+02,-7.457387600009342066e+01,-5.376785326061746424e-04,1.657936038011521330e-04,-5.376785326314639834e-04,1.657936037752122708e-04,-5.376785326380646062e-04,1.657936037722167828e-04,-2.934410969399719495e-03,-3.948763280901972789e-03,-2.934410969399719495e-03,-3.948763280901972789e-03,-2.934410969399719495e-03,-3.948763280901972789e-03,-2.934410969399719061e-03,-3.948763280901972789e-03
8.948279771347392350e+06,1.035595655662504878e-09,-2.139297376848062353e-10,-1.819286206957357464e-09,6.091667176038840720e-11,-9.757970245258136277e-01,4.153460677969542103e-02,-5.390712031817725214e-08,-1.608807341753723593e-07,-5.390712031499876100e-08,-1.608807341798692572e-07,-5.390712031512136902e-08,-1.608807341814899489e-07,1.326425365963334086e-06,-1.017955513522184926e-06,1.326425365963334086e-06,-1.017955513522184926e-06,1.326425365963334933e-06,-1.017955513522185773e-06,1.326425365963334086e-06,-1.017955513522188315e-06,-5.029671689879882365e-07,-2.881245304278217773e-06,-2.979260172270306371e-06,6.413051171217445708e-06,1.255385478173667195e+02,-7.315061709307835258e+01,-4.862606466097265062e-04,1.629241879887626595e-04,-4.862606466266032514e-04,1.629241879690066256e-04,-4.862606466324368012e-04,1.629241879665892072e-04,-2.791860885734252177e-03,-3.638485911655182231e-03,-2.791860885734252177e-03,-3.638485911655182231e-03,-2.791860885734253044e-03,-3.638485911655180063e-03,-2.791860885734252611e-03,-3.638485911655182231e-03
9.209640604946905747e+06,1.003362452520215522e-09,-2.267807328599679327e-10,-1.669739900809861761e-09,1.349142443920237657e-10,-9.755841924659582887e-01,4.218708744830415580e-02,-5.418184618522826387e-08,-1.497622528961562017e-07,-5.418184618247477151e-08,-1.497622529001873374e-07,-5.418184618268367101e-08,-1.497622529019218491e-07,1.259002060391123809e-06,-9.965155244562497392e-07,1.259002060391123809e-06,-9.965155244562497392e-07,1.259002060391124656e-06,-9.965155244562471981e-07,1.259002060391125503e-06,-9.965155244562488922e-07,-5.242879045011615075e-07,-2.715860925888362797e-06,-2.453940662612059055e-06,5.810093349929446693e-06,1.238920109332479456e+02,-7.169970067221376553e+01,-4.398093690485124427e-04,1.591080609257012875e-04,-4.398093690634417982e-04,1.591080609087952146e-04,-4.398093690695983318e-04,1.591080609064748322e-04,-2.655513251077781366e-03,-3.355531513202958567e-03,-2.655513251077781366e-03,-3.355531513202958567e-03,-2.655513251077781366e-03,-3.355531513202960735e-03,-2.655513251077781366e-03,-3.355531513202957700e-03
9.478635250528758392e+06,9.727326032950067740e-10,-2.388120315330986890e-10,-1.530301861926747037e-09,1.955187829210375608e-10,-9.753876965167651569e-01,4.287052388814441284e-02,-5.417626297320106470e-08,-1.394329649904123619e-07,-5.417626297102620173e-08,-1.394329649953382820e-07,-5.417626297119730239e-08,-1.394329649963716622e-07,1.196084868954906859e-06,-9.754068985879499683e-07,1.196084868954906859e-06,-9.754068985879499683e-07,1.196084868954906859e-06,-9.754068985879495448e-07,1.196084868954905165e-06,-9.754068985879495448e-07,-5.418721773247893077e-07,-2.561688135899095214e-06,-2.010639986663720895e-06,5.257243730705060335e-06,1.223261510485594954e+02,-7.022560727875062980e+01,-3.978547967496561086e-04,1.545774291888419173e-04,-3.978547967674493299e-04,1.545774291727890573e-04,-3.978547967710670957e-04,1.545774291715561839e-04,-2.525512167828046321e-03,-3.097375466717407645e-03,-2.525512167828046321e-03,-3.097375466717407645e-03,-2.525512167828046321e-03,-3.097375466717407645e-03,-2.525512167828045454e-03,-3.097375466717408946e-03
9.755486676028041169e+06,9.436330450616599001e-10,-2.501488989087577661e-10,-1.400693600478597768e-09,2.445802637511529951e-10,-9.752072805072299344e-01,4.358736956436656818e-02,-5.393618215478138686e-08,-1.298393812505318395e-07,-5.393618215290954993e-08,-1.298393812547657337e-07,-5.393618215304571047e-08,-1.298393812554108552e-07,1.137355261633938228e-06,-9.547582895730414477e-07,1.137355261633938228e-06,-9.547582895730414477e-07,1.137355261633939922e-06,-9.547582895730406006e-07,1.137355261633940769e-06,-9.547582895730401771e-07,-5.562932853199386034e-07,-2.417929630091388801e-06,-1.637383247826183325e-06,4.752080641784090110e-06,1.208420105080384417e+02,-6.873285391891100460e+01,-3.599669209947580265e-04,1.495256328343525637e-04,-3.599669210098609628e-04,1.495256328208677450e-04,-3.599669210120910040e-04,1.495256328201850229e-04,-2.401906780734667114e-03,-2.861705603311924702e-03,-2.401906780734667114e-03,-2.861705603311924702e-03,-2.401906780734667114e-03,-2.861705603311924702e-03,-2.401906780734667981e-03,-2.861705603311925569e-03
1.004042436181429029e+07,9.159866734686087194e-10,-2.609085506775614599e-10,-1.280543630633475639e-09,2.837407039893512774e-10,-9.750425633052874907e-01,4.434014467624991518e-02,-5.350176279680075200e-08,-1.209303883885170618e-07,-5.350176279496078468e-08,-1.209303883913288936e-07,-5.350176279554904906e-08,-1.209303883936224471e-07,1.082508057855626218e-06,-9.346767982256551168e-07,1.082508057855626218e-06,-9.346767982256551168e-07,1.082508057855626218e-06,-9.346767982256546933e-07,1.082508057855626218e-06,-9.346767982256546933e-07,-5.680565367414304911e-07,-2.283827637337431921e-06,-1.323786656205998429e-06,4.291846231271783888e-06,1.194403723518541369e+02,-6.722597864605776863e+01,-3.257531478097449359e-04,1.441125341577596960e-04,-3.257531478197506040e-04,1.441125341471561445e-04,-3.257531478275734480e-04,1.441125341450239796e-04,-2.284667941850170979e-03,-2.646408527543441056e-03,-2.284667941850170979e-03,-2.646408527543441056e-03,-2.284667941850171847e-03,-2.646408527543441056e-03,-2.284667941850170979e-03,-2.646408527543441056e-03
1.033368449090628698e+07,8.897127994434008001e-10,-2.712002604731733401e-10,-1.169413921373893113e-09,3.144486843927291991e-10,-9.748930323890405703e-01,4.513143344247778216e-02,-5.290804521536174407e-08,-1.126573436760142434e-07,-5.290804521392835257e-08,-1.126573436791323834e-07,-5.290804521428474168e-08,-1.126573436803078004e-07,1.031251789823269971e-06,-9.152500587049290274e-07,1.031251789823269971e-06,-9.152500587049290274e-07,1.031251789823269971e-06,-9.152500587049290274e-07,1.031251789823269971e-06,-9.152500587049286039e-07,-5.776053311138303748e-07,-2.158663649497756724e-06,-1.060882751812489125e-06,3.873589769489566523e-06,1.181217661981685154e+02,-6.570952667981323714e+01,-2.948558138585200819e-04,1.384692803444060065e-04,-2.948558138693721325e-04,1.384692803347881574e-04,-2.948558138733359214e-04,1.384692803338364990e-04,-2.173702820255363644e-03,-2.449556080758578946e-03,-2.173702820255363644e-03,-2.449556080758578946e-03,-2.173702820255363644e-03,-2.449556080758578946e-03,-2.173702820255363644e-03,-2.449556080758578513e-03
1.063551014474265091e+07,8.647275483921509502e-10,-2.811254800789742073e-10,-1.066822037286635452e-09,3.379747927048458708e-10,-9.747580369739329287e-01,4.596388118134410450e-02,-5.218545211561302144e-08,-1.049741305543561369e-07,-5.218545211441605801e-08,-1.049741305572552659e-07,-5.218545211457275910e-08,-1.049741305577015994e-07,9.833088663492403110e-07,-8.965482012705101925e-07,9.833088663492403110e-07,-8.965482012705110395e-07,9.833088663492411580e-07,-8.965482012705101925e-07,9.833088663492403110e-07,-8.965482012705123100e-07,-5.853268240573647052e-07,-2.041757853000374793e-06,-8.409562340592588799e-07,3.494279601470451160e-06,1.168864745931986135e+02,-6.418803804085499110e+01,-2.669497317505635124e-04,1.327024958263961127e-04,-2.669497317605072184e-04,1.327024958180685998e-04,-2.669497317619958280e-04,1.327024958177581114e-04,-2.068867614472042534e-03,-2.269392092581806221e-03,-2.068867614472042100e-03,-2.269392092581806221e-03,-2.068867614472042534e-03,-2.269392092581806221e-03,-2.068867614472041667e-03,-2.269392092581805354e-03
1.094615150467047840e+07,8.409442035310746872e-10,-2.907779603772896029e-10,-9.722593750393813640e-10,3.554273973131857250e-10,-9.746367806510847220e-01,4.684019108880191351e-02,-5.136025640843905576e-08,-9.783718048575642382e-08,-5.136025640722578694e-08,-9.783718048789396440e-08,-5.136025640771224855e-08,-9.783718048911046253e-08,9.384155657675323545e-07,-8.786256789751641693e-07,9.384155657675323545e-07,-8.786256789751648046e-07,9.384155657675323545e-07,-8.786256789751641693e-07,9.384155657675315075e-07,-8.786256789751641693e-07,-5.915571709106572338e-07,-1.932468311338653573e-06,-6.573919891663480605e-07,3.150888698708704481e-06,1.157345395480443528e+02,-6.266603664866464385e+01,-2.417397922193963503e-04,1.268979577556458708e-04,-2.417397922266687448e-04,1.268979577487663098e-04,-2.417397922306801844e-04,1.268979577480536366e-04,-1.969978528565127698e-03,-2.104319541204233666e-03,-1.969978528565126830e-03,-2.104319541204233666e-03,-1.969978528565127698e-03,-2.104319541204233666e-03,-1.969978528565127698e-03,-2.104319541204233233e-03
1.126586605931906030e+07,8.182734971335323394e-10,-3.002438616610146723e-10,-8.852059251093823630e-10,3.677682878318243659e-10,-9.745283135005670117e-01,4.776312061328750330e-02,-5.045501549613701440e-08,-9.120546604774962762e-08,-5.045501549507176459e-08,-9.120546604967752754e-08,-5.045501549560825408e-08,-9.120546605086887939e-08,8.963218859644214208e-07,-8.615229503583323734e-07,8.963218859644214208e-07,-8.615229503583323734e-07,8.963218859644226913e-07,-8.615229503583323734e-07,8.963218859644218443e-07,-8.615229503583327970e-07,-5.965863503525088199e-07,-1.830189947192257975e-06,-5.045361493723493806e-07,2.840458289822773023e-06,1.146657690339966393e+02,-6.114802078779916172e+01,-2.189586449415611752e-04,1.211238054326194157e-04,-2.189586449480242941e-04,1.211238054266658583e-04,-2.189586449519153601e-04,1.211238054260918004e-04,-1.876821174127552092e-03,-1.952888218428010985e-03,-1.876821174127552092e-03,-1.952888218428010985e-03,-1.876821174127552309e-03,-1.952888218428011852e-03,-1.876821174127551875e-03,-1.952888218428010551e-03
1.159491881803055108e+07,7.966238553666668254e-10,-3.096018426115272462e-10,-8.051419907712294402e-10,3.758278317436273358e-10,-9.744315236562008931e-01,4.873547731587420800e-02,-4.948897232323383920e-08,-8.504046994465315671e-08,-4.948897232247172131e-08,-8.504046994674400460e-08,-4.948897232278724108e-08,-8.504046994737202659e-08,8.567912783686544821e-07,-8.452680141017720609e-07,8.567912783686544821e-07,-8.452680141017720609e-07,8.567912783686540586e-07,-8.452680141017714256e-07,8.567912783686540586e-07,-8.452680141017720609e-07,-6.006625746426571319e-07,-1.734353371090039194e-06,-3.775704254677319295e-07,2.560143546728574595e-06,1.136797432341183622e+02,-5.963845481570773188e+01,-1.983644746835537759e-04,1.154333315946166373e-04,-1.983644746904388663e-04,1.154333315893230880e-04,-1.983644746924729380e-04,1.154333315890831676e-04,-1.789158557494991255e-03,-1.813782972309078848e-03,-1.789158557494991255e-03,-1.813782972309078848e-03,-1.789158557494991038e-03,-1.813782972309079065e-03,-1.789158557494990821e-03,-1.813782972309078848e-03
1.193358253052451462e+07,7.759016040077242634e-10,-3.189231181365657863e-10,-7.315572827784629572e-10,3.803193935943226430e-10,-9.743451283169118904e-01,4.976011408602069863e-02,-4.847842390231303541e-08,-7.930613422340006138e-08,-4.847842390147277873e-08,-7.930613422495187868e-08,-4.847842390184340858e-08,-7.930613422561701130e-08,8.196002910280376943e-07,-8.298777947979747133e-07,8.196002910280376943e-07,-8.298777947979740781e-07,8.196002910280376943e-07,-8.298777947979747133e-07,8.196002910280364237e-07,-8.298777947979736546e-07,-6.039962979830875842e-07,-1.644423600750438938e-06,-2.723995069091111304e-07,2.307244795863748384e-06,1.127758203489548521e+02,-5.814176196305314193e+01,-1.797388849393448721e-04,1.098674003202535870e-04,-1.797388849443980674e-04,1.098674003157818765e-04,-1.797388849465352738e-04,1.098674003155918023e-04,-1.706737805700921399e-03,-1.685812579135417431e-03,-1.706737805700921399e-03,-1.685812579135417431e-03,-1.706737805700921399e-03,-1.685812579135417431e-03,-1.706737805700921833e-03,-1.685812579135418298e-03
1.228213791297841445e+07,7.560111441672770613e-10,-3.282714775562484473e-10,-6.639577837415869810e-10,3.818528455482010126e-10,-9.742676642140922771e-01,5.083992358245360832e-02,-4.743705839552264534e-08,-7.396879361127110267e-08,-4.743705839491436980e-08,-7.396879361289730005e-08,-4.743705839532004564e-08,-7.396879361355798575e-08,7.845381442403720156e-07,-8.153593821445960398e-07,7.845381442403720156e-07,-8.153593821445960398e-07,7.845381442403715921e-07,-8.153593821445975221e-07,7.845381442403720156e-07,-8.153593821445970986e-07,-6.067638392146615129e-07,-1.559898712730652180e-06,-1.855510007126570647e-07,2.079227235628338933e-06,1.119531418112632934e+02,-5.666231804928223426e+01,-1.628848973892740772e-04,1.044565331234537938e-04,-1.628848973944880055e-04,1.044565331195235338e-04,-1.628848973965968871e-04,1.044565331193966686e-04,-1.629295777906702818e-03,-1.567899278517854381e-03,-1.629295777906702818e-03,-1.567899278517854381e-03,-1.629295777906702167e-03,-1.567899278517854598e-03,-1.629295777906702384e-03,-1.567899278517854815e-03
1.264087388071144745e+07,7.368551086278089100e-10,-3.377032560097508567e-10,-6.018707441425633133e-10,3.809470655597961524e-10,-9.741974775642924245e-01,5.197783175822750373e-02,-4.637626211291178346e-08,-6.899709648465176136e-08,-4.637626211228659373e-08,-6.899709648597747380e-08,-4.637626211268652563e-08,-6.899709648657082038e-08,7.514062601288938130e-07,-8.017111282687667430e-07,7.514062601288938130e-07,-8.017111282687650489e-07,7.514062601288938130e-07,-8.017111282687667430e-07,7.514062601288933895e-07,-8.017111282687671665e-07,-6.091106389291334861e-07,-1.480308464564915534e-06,-1.140871605581486474e-07,1.873731683255259521e-06,1.112106367837153016e+02,-5.520444592190919053e+01,-1.476250721746430222e-04,9.922270153014257747e-05,-1.476250721788319458e-04,9.922270152675332082e-05,-1.476250721807155302e-04,9.922270152669363549e-05,-1.556563700090535631e-03,-1.459068989282901038e-03,-1.556563700090535631e-03,-1.459068989282901472e-03,-1.556563700090535631e-03,-1.459068989282901038e-03,-1.556563700090535414e-03,-1.459068989282900387e-03
1.301008778766460344e+07,7.183345108542215297e-10,-3.472672536623704241e-10,-5.448481358294019031e-10,3.780413734687916924e-10,-9.741327135562445338e-01,5.317679032652398996e-02,-4.530539800373910338e-08,-6.436191657219679278e-08,-4.530539800325947097e-08,-6.436191657349815302e-08,-4.530539800358901973e-08,-6.436191657394475114e-08,7.200177655166742725e-07,-7.889236099894286770e-07,7.200177655166730019e-07,-7.889236099894282535e-07,7.200177655166755430e-07,-7.889236099894295240e-07,7.200177655166759665e-07,-7.889236099894286770e-07,-6.111541746117932270e-07,-1.405212922078710940e-06,-5.552752105593779328e-08,1.688578457335275875e-06,1.105470258540300961e+02,-5.377241041294605139e+01,-1.337997511732768035e-04,9.418086119030088458e-05,-1.337997511773349180e-04,9.418086118735035034e-05,-1.337997511787474979e-04,9.418086118734562051e-05,-1.488270951164522883e-03,-1.358442210451590903e-03,-1.488270951164522449e-03,-1.358442210451591336e-03,-1.488270951164523100e-03,-1.358442210451590686e-03,-1.488270951164523317e-03,-1.358442210451590903e-03
1.339008567287543416e+07,7.003488999435552907e-10,-3.570045991508864101e-10,-4.924688510226681051e-10,3.735058971871900303e-10,-9.740713054445673258e-01,5.443976801855186787e-02,-4.423205737840319802e-08,-6.003625811352206071e-08,-4.423205737808526950e-08,-6.003625811482789435e-08,-4.423205737841730641e-08,-6.003625811523957883e-08,6.901969853010623446e-07,-7.769804644282640955e-07,6.901969853010623446e-07,-7.769804644282640955e-07,6.901969853010623446e-07,-7.769804644282640955e-07,6.901969853010631917e-07,-7.769804644282649425e-07,-6.129865602897599661e-07,-1.334201122681498267e-06,-7.781481391002693536e-09,1.521766129897261406e-06,1.099608238677450771e+02,-5.237041359863162882e+01,-1.212654241961635319e-04,8.934025938284457082e-05,-1.212654242001877787e-04,8.934025938029237245e-05,-1.212654242014899191e-04,8.934025938032473589e-05,-1.424148118264415702e-03,-1.265225600258271721e-03,-1.424148118264415702e-03,-1.265225600258271721e-03,-1.424148118264415702e-03,-1.265225600258271721e-03,-1.424148118264415052e-03,-1.265225600258271287e-03
1.378118251415185072e+07,6.827965358506635788e-10,-3.669485559221559747e-10,-4.443398973423706493e-10,3.676508926131540812e-10,-9.740109633444745674e-01,5.576974048687758506e-02,-4.316228669610592157e-08,-5.599515680083722903e-08,-4.316228669575429702e-08,-5.599515680192505756e-08,-4.316228669603627958e-08,-5.599515680224605658e-08,6.617789414327181206e-07,-7.658591077834596770e-07,6.617789414327185442e-07,-7.658591077834584064e-07,6.617789414327181206e-07,-7.658591077834601005e-07,6.617789414327176971e-07,-7.658591077834601005e-07,-6.146768597826578447e-07,-1.266889801506523218e-06,3.091013834211423288e-08,1.371466556196378169e-06,1.094503418792115355e+02,-5.100259014493483534e+01,-1.098932161119560213e-04,8.470554471289593328e-05,-1.098932161152549775e-04,8.470554471067213975e-05,-1.098932161162693435e-04,8.470554471072607881e-05,-1.363929428585665274e-03,-1.178704217015290974e-03,-1.363929428585665708e-03,-1.178704217015291407e-03,-1.363929428585665274e-03,-1.178704217015291190e-03,-1.363929428585664841e-03,-1.178704217015290323e-03
1.418370248915520497e+07,6.655746000576098482e-10,-3.771242725120685586e-10,-4.000968034187458543e-10,3.607350634361974493e-10,-9.739491628462012551e-01,5.716967871140386098e-02,-4.210079131239043326e-08,-5.221557848433767472e-08,-4.210079131220580655e-08,-5.221557848545218480e-08,-4.210079131233624962e-08,-5.221557848558842475e-08,6.346088705657648773e-07,-7.555313481125372301e-07,6.346088705657648773e-07,-7.555313481125372301e-07,6.346088705657648773e-07,-7.555313481125380771e-07,6.346088705657640302e-07,-7.555313481125372301e-07,-6.162731446739754556e-07,-1.202922203164852648e-06,6.202552887602436786e-08,1.236017309729516554e-06,1.090136882380391370e+02,-4.967300251994846860e+01,-9.956749147256805038e-05,8.027770486301604878e-05,-9.956749147592429308e-05,8.027770486111651302e-05,-9.956749147635557515e-05,8.027770486115176315e-05,-1.307354654642642333e-03,-1.098234398391288507e-03,-1.307354654642642333e-03,-1.098234398391288507e-03,-1.307354654642642333e-03,-1.098234398391288507e-03,-1.307354654642642333e-03,-1.098234398391287640e-03
1.459797924410906807e+07,6.485794573165701769e-10,-3.875484805010539255e-10,-3.594034161497928207e-10,3.529729421756717352e-10,-9.738831335928178623e-01,5.864253576947536795e-02,-4.105111809369364223e-08,-4.867631727980694842e-08,-4.105111809343969116e-08,-4.867631728071790589e-08,-4.105111809359345411e-08,-4.867631728086468081e-08,6.085417713715251550e-07,-7.459639037482963952e-07,6.085417713715251550e-07,-7.459639037482963952e-07,6.085417713715264255e-07,-7.459639037482955482e-07,6.085417713715260020e-07,-7.459639037482955482e-07,-6.178043298210201090e-07,-1.141966997504038880e-06,8.680523069137255369e-08,1.113912411863622787e-06,1.086487688566099337e+02,-4.838563586267383698e+01,-9.018457207342430620e-05,7.605485549436007261e-05,-9.018457207611304627e-05,7.605485549268489894e-05,-9.018457207658140806e-05,7.605485549273656117e-05,-1.254170579587593395e-03,-1.023237249933517433e-03,-1.254170579587593395e-03,-1.023237249933517433e-03,-1.254170579587594262e-03,-1.023237249933517867e-03,-1.254170579587594045e-03,-1.023237249933517867e-03
1.502435617035645247e+07,6.317069842613916062e-10,-3.982291467274711652e-10,-3.219512402549851985e-10,3.445414030421396780e-10,-9.738098479929644391e-01,6.019123183975695623e-02,-4.001581876986761777e-08,-4.535789440105740913e-08,-4.001581876984494640e-08,-4.535789440205905206e-08,-4.001581876995283723e-08,-4.535789440215344329e-08,5.834419906026311800e-07,-7.371188394780251046e-07,5.834419906026311800e-07,-7.371188394780251046e-07,5.834419906026320270e-07,-7.371188394780242575e-07,5.834419906026311800e-07,-7.371188394780251046e-07,-6.192818203530883923e-07,-1.083717313362912444e-06,1.062892405623300364e-07,1.003792046367259696e-06,1.083532867345353310e+02,-4.714439230408437709e+01,-8.165156203668635091e-05,7.203290079665171158e-05,-8.165156203965539790e-05,7.203290079527390746e-05,-8.165156203995934043e-05,7.203290079531623200e-05,-1.204132099309212231e-03,-9.531927095829089824e-04,-1.204132099309212231e-03,-9.531927095829089824e-04,-1.204132099309212665e-03,-9.531927095829088739e-04,-1.204132099309212448e-03,-9.531927095829090908e-04
1.546318668899468146e+07,6.148529804390615137e-10,-4.091650895801963170e-10,-2.874584436651935436e-10,3.355853818730842419e-10,-9.737260102617861790e-01,6.181863732765535691e-02,-3.899659586413656905e-08,-4.224245877301214991e-08,-3.899659586400339959e-08,-4.224245877381296662e-08,-3.899659586407222102e-08,-4.224245877386773260e-08,5.591828551239857598e-07,-7.289539331355550226e-07,5.591828551239857598e-07,-7.289539331355550226e-07,5.591828551239857598e-07,-7.289539331355550226e-07,5.591828551239857598e-07,-7.289539331355550226e-07,-6.207010051328047991e-07,-1.027889899813268764e-06,1.213486775696577181e-07,9.044317849581170492e-07,1.081247408601994806e+02,-4.595308455033148931e+01,-7.388527448669105489e-05,6.820608381047618186e-05,-7.388527448900861834e-05,6.820608380923733180e-05,-7.388527448918785052e-05,6.820608380926754038e-05,-1.157003028975180960e-03,-8.876341520364284697e-04,-1.157003028975180960e-03,-8.876341520364284697e-04,-1.157003028975180960e-03,-8.876341520364284697e-04,-1.157003028975181176e-03,-8.876341520364283613e-04
1.591483454382387921e+07,5.979136764839508407e-10,-4.203455723676312250e-10,-2.556686285057699863e-10,3.262228793486082382e-10,-9.736280460130410930e-01,6.352755401153067916e-02,-3.799443293858427308e-08,-3.931369020910815292e-08,-3.799443293833310135e-08,-3.931369020973326324e-08,-3.799443293871736314e-08,-3.931369021001328704e-08,5.356463552886710733e-07,-7.214229853335590725e-07,5.356463552886710733e-07,-7.214229853335586490e-07,5.356463552886710733e-07,-7.214229853335578020e-07,5.356463552886702263e-07,-7.214229853335594960e-07,-6.220426318123631394e-07,-9.742244195809808385e-07,1.327127268676458288e-07,8.147317160113982790e-07,1.079604246249056132e+02,-4.481542855505104228e+01,-6.681125348490340424e-05,6.456744242341293509e-05,-6.681125348664436188e-05,6.456744242227373677e-05,-6.681125348757285907e-05,6.456744242245814600e-05,-1.112556672724877111e-03,-8.261434949306870317e-04,-1.112556672724877111e-03,-8.261434949306871401e-04,-1.112556672724877545e-03,-8.261434949306875738e-04,-1.112556672724876678e-03,-8.261434949306867065e-04
1.637967410285186209e+07,5.807863527538156693e-10,-4.317498902547346218e-10,-2.263494469230008034e-10,3.165493221167641605e-10,-9.735120926489176929e-01,6.532069413105556777e-02,-3.700971081475154762e-08,-3.655670572534691323e-08,-3.700971081480418277e-08,-3.655670572610424009e-08,-3.700971081490038719e-08,-3.655670572616763521e-08,5.127228832625934258e-07,-7.144760851922944409e-07,5.127228832625934258e-07,-7.144760851922944409e-07,5.127228832625930023e-07,-7.144760851922940173e-07,5.127228832625934258e-07,-7.144760851922940173e-07,-6.232740986478686987e-07,-9.224828744542942450e-07,1.409915052522499856e-07,7.337057610618340393e-07,1.078574239160630981e+02,-4.373503513015531752e+01,-6.036288477068913648e-05,6.110918494890444502e-05,-6.036288477288095960e-05,6.110918494805189620e-05,-6.036288477309688523e-05,6.110918494810136292e-05,-1.070576207237701125e-03,-7.683467678533555979e-04,-1.070576207237701125e-03,-7.683467678533555979e-04,-1.070576207237701341e-03,-7.683467678533558148e-04,-1.070576207237701341e-03,-7.683467678533566821e-04
1.685809066860538349e+07,5.633700797701019344e-10,-4.433469706730335100e-10,-1.992911236298440367e-10,3.066413529632339797e-10,-9.733739908162630794e-01,6.720065736825953095e-02,-3.604231130503632659e-08,-3.395796935858320461e-08,-3.604231130499836893e-08,-3.395796935920728261e-08,-3.604231130516122425e-08,-3.395796935930495610e-08,4.903110282516263550e-07,-7.080598449008153757e-07,4.903110282516263550e-07,-7.080598449008153757e-07,4.903110282516276256e-07,-7.080598449008145287e-07,4.903110282516261433e-07,-7.080598449008145287e-07,-6.243506975169513970e-07,-8.724491576244614015e-07,1.466954200871995464e-07,6.604713785021760890e-07,1.078126150901646696e+02,-4.271540036510257465e+01,-5.448058880481284271e-05,5.782299738014679122e-05,-5.448058880656889787e-05,5.782299737936619276e-05,-5.448058880690917472e-05,5.782299737945486694e-05,-1.030854922511133557e-03,-7.139101050755640269e-04,-1.030854922511133557e-03,-7.139101050755640269e-04,-1.030854922511133774e-03,-7.139101050755641354e-04,-1.030854922511133557e-03,-7.139101050755641354e-04
1.735048079750492424e+07,5.455665889472783753e-10,-4.550950103679590033e-10,-1.743049324392487110e-10,2.965601163372510972e-10,-9.732092772235669820e-01,6.916990569499185948e-02,-3.509170987285172650e-08,-3.150520569099920053e-08,-3.509170987278044338e-08,-3.150520569154249275e-08,-3.509170987292085233e-08,-3.150520569161801104e-08,4.683174288422308410e-07,-7.021176156496651325e-07,4.683174288422308410e-07,-7.021176156496659795e-07,4.683174288422312645e-07,-7.021176156496664030e-07,4.683174288422312645e-07,-7.021176156496664030e-07,-6.252168411699623076e-07,-8.239287227167758662e-07,1.502515244202535785e-07,5.942397870985754454e-07,1.078226630330240283e+02,-4.175989475560793096e+01,-4.911108973402755231e-05,5.470029277624614654e-05,-4.911108973551864878e-05,5.470029277554964151e-05,-4.911108973579121720e-05,5.470029277562947945e-05,-9.931963561966904250e-04,-6.625361231770022629e-04,-9.931963561966899914e-04,-6.625361231770022629e-04,-9.931963561966902082e-04,-6.625361231770022629e-04,-9.931963561966902082e-04,-6.625361231770022629e-04
1.785725262856775895e+07,5.272812785023981632e-10,-4.669411754663255568e-10,-1.512216620088820962e-10,2.863541000564827488e-10,-9.730131791286493748e-01,7.123073609933509853e-02,-3.415705850742273486e-08,-2.918731713636787780e-08,-3.415705850734220056e-08,-2.918731713685246006e-08,-3.415705850751034983e-08,-2.918731713693316641e-08,4.466566810427804394e-07,-6.965896972413685287e-07,4.466566810427804394e-07,-6.965896972413685287e-07,4.466566810427804394e-07,-6.965896972413685287e-07,4.466566810427814982e-07,-6.965896972413689522e-07,-6.258073059260049338e-07,-7.767483541825637394e-07,1.520173074683626653e-07,5.343067907320791154e-07,1.078840195451399069e+02,-4.087175097300281124e+01,-4.420675407520166452e-05,5.173241178990410166e-05,-4.420675407650417080e-05,5.173241178929027383e-05,-4.420675407680814043e-05,5.173241178938947833e-05,-9.574143517712131431e-04,-6.139606456477538854e-04,-9.574143517712131431e-04,-6.139606456477538854e-04,-9.574143517712131431e-04,-6.139606456477538854e-04,-9.574143517712132515e-04,-6.139606456477538854e-04
1.837882622171177343e+07,5.084243551005022900e-10,-4.788213934566681441e-10,-1.298900963034819238e-10,2.760615880032015380e-10,-9.727806108266182639e-01,7.338525123901841474e-02,-3.323725996284761815e-08,-2.699430492943453683e-08,-3.323725996278192015e-08,-2.699430492987924236e-08,-3.323725996292315628e-08,-2.699430492993919641e-08,4.252512990185513186e-07,-6.914135531328918391e-07,4.252512990185513186e-07,-6.914135531328918391e-07,4.252512990185508951e-07,-6.914135531328918391e-07,4.252512990185500481e-07,-6.914135531328922626e-07,-6.260485179587363086e-07,-7.307560187980211541e-07,1.522923013089808156e-07,4.800442470257921033e-07,1.079929222988669579e+02,-4.005405023685390375e+01,-3.972499319205943953e-05,4.891078205030354874e-05,-3.972499319323836032e-05,4.891078204977539998e-05,-3.972499319347697289e-05,4.891078204986147886e-05,-9.233330650499315100e-04,-5.679497378497965539e-04,-9.233330650499315100e-04,-5.679497378497965539e-04,-9.233330650499318353e-04,-5.679497378497968792e-04,-9.233330650499315100e-04,-5.679497378497966624e-04
1.891563390594043583e+07,4.889121065156166587e-10,-4.906602681650785881e-10,-1.101755274520362110e-10,2.657127726061068519e-10,-9.725061724766487226e-01,7.563532811475227879e-02,-3.233103437630526363e-08,-2.491719366384676893e-08,-3.233103437634519991e-08,-2.491719366428874808e-08,-3.233103437643096861e-08,-2.491719366432043240e-08,4.040317239027457474e-07,-6.865240420951657205e-07,4.040317239027457474e-07,-6.865240420951657205e-07,4.040317239027457474e-07,-6.865240420951665675e-07,4.040317239027457474e-07,-6.865240420951665675e-07,-6.258599078465480746e-07,-6.858207731177159086e-07,1.513278323456917114e-07,4.308921939061125722e-07,1.081453946301830058e+02,-3.930970729140712905e+01,-3.562772394825299889e-05,4.622704298433411957e-05,-3.562772394946655993e-05,4.622704298393882623e-05,-3.562772394960151600e-05,4.622704298399231128e-05,-8.907869385213356989e-04,-5.242970172686183504e-04,-8.907869385213356989e-04,-5.242970172686183504e-04,-8.907869385213356989e-04,-5.242970172686183504e-04,-8.907869385213356989e-04,-5.242970172686184588e-04
1.946812063769752532e+07,4.686682946452182546e-10,-5.023711499084754097e-10,-9.195831263480720447e-11,2.553315698949629518e-10,-9.721841516182242460e-01,7.798258489791833059e-02,-3.143697913916706535e-08,-2.294795915277446052e-08,-3.143697913913675084e-08,-2.294795915315205192e-08,-3.143697913923468240e-08,-2.294795915318292892e-08,3.829363745201976501e-07,-6.818536767843799069e-07,3.829363745201976501e-07,-6.818536767843799069e-07,3.829363745201978618e-07,-6.818536767843794834e-07,3.829363745201970148e-07,-6.818536767843807539e-07,-6.251553532827418199e-07,-6.418326973219861945e-07,1.493351994168349858e-07,3.863516275647191832e-07,1.083372464245869793e+02,-3.864145402404250262e+01,-3.188088227122653530e-05,4.367314165849886222e-05,-3.188088227221008963e-05,4.367314165811846311e-05,-3.188088227235375997e-05,4.367314165818083184e-05,-8.596206582456418716e-04,-4.828212058325661378e-04,-8.596206582456418716e-04,-4.828212058325661378e-04,-8.596206582456420884e-04,-4.828212058325663547e-04,-8.596206582456413295e-04,-4.828212058325658668e-04
2.003674436968868226e+07,4.476256516039024766e-10,-5.138563933105541061e-10,-7.513248202274412067e-11,2.449371742635343341e-10,-9.718085277233035058e-01,8.042834610329881173e-02,-3.055362276716411502e-08,-2.107945933844357848e-08,-3.055362276718115494e-08,-2.107945933879998083e-08,-3.055362276723572901e-08,-2.107945933881414216e-08,3.619117323836503111e-07,-6.773329186359731301e-07,3.619117323836503111e-07,-6.773329186359731301e-07,3.619117323836503111e-07,-6.773329186359731301e-07,3.619117323836500994e-07,-6.773329186359735537e-07,-6.238447244975273440e-07,-5.987028220317091553e-07,1.464925194395434379e-07,3.459779111122651356e-07,1.085640763716910584e+02,-3.805182180321153851e+01,-2.845398473677816019e-05,4.124140436908533565e-05,-2.845398473772066392e-05,4.124140436878671249e-05,-2.845398473779525703e-05,4.124140436882198972e-05,-8.296891040524556615e-04,-4.433638931543371683e-04,-8.296891040524556615e-04,-4.433638931543371683e-04,-8.296891040524556615e-04,-4.433638931543371683e-04,-8.296891040524554447e-04,-4.433638931543371141e-04
2.062197643047545105e+07,4.257274545324645647e-10,-5.250078340529465466e-10,-5.960440145154394471e-11,2.345453847032577946e-10,-9.713729801337858127e-01,8.297360634293801662e-02,-2.967947338043709179e-08,-1.930536794640590734e-08,-2.967947338050531103e-08,-1.930536794674061770e-08,-2.967947338056262472e-08,-1.930536794675255557e-08,3.409124519140185863e-07,-6.728905171793964513e-07,3.409124519140187981e-07,-6.728905171793964513e-07,3.409124519140187981e-07,-6.728905171793968748e-07,3.409124519140187981e-07,-6.728905171793968748e-07,-6.218355403448931642e-07,-5.563630115677349012e-07,1.429504455864545032e-07,3.093747838580390911e-07,1.088212758451289943e+02,-3.754312265326047537e+01,-2.531973366483976980e-05,3.892458795425344847e-05,-2.531973366574991687e-05,3.892458795403352484e-05,-2.531973366582321910e-05,3.892458795407123474e-05,-8.008572998971726130e-04,-4.057874817880663203e-04,-8.008572998971726130e-04,-4.057874817880663745e-04,-8.008572998971723962e-04,-4.057874817880662661e-04,-8.008572998971725046e-04,-4.057874817880662661e-04
2.122430191515651718e+07,4.029291474281508340e-10,-5.357075133768591538e-10,-4.529149120684128853e-11,2.241697294224311401e-10,-9.708708997175580224e-01,8.561899295662694920e-02,-2.881306228522978655e-08,-1.762011056956504126e-08,-2.881306228522251067e-08,-1.762011056985624854e-08,-2.881306228532255320e-08,-1.762011056987206424e-08,3.199014855361820062e-07,-6.684539005527903170e-07,3.199014855361820062e-07,-6.684539005527903170e-07,3.199014855361820062e-07,-6.684539005527903170e-07,3.199014855361815827e-07,-6.684539005527894700e-07,-6.190347358833681483e-07,-5.147657650772257273e-07,1.388369320040872839e-07,2.761889356202018004e-07,1.091040346647952930e+02,-3.711742942497401998e+01,-2.245366159895302100e-05,3.671591416996839276e-05,-2.245366159968159131e-05,3.671591416973791848e-05,-2.245366159980102295e-05,3.671591416980450205e-05,-7.730003680499222775e-04,-3.699732879864633473e-04,-7.730003680499222775e-04,-3.699732879864633473e-04,-7.730003680499222775e-04,-3.699732879864633473e-04,-7.730003680499221690e-04,-3.699732879864632931e-04
2.184422008745990694e+07,3.791999709428512378e-10,-5.458286750310058908e-10,-3.212100084558631515e-11,2.138224113849114056e-10,-9.702954045564570196e-01,8.836472786980939520e-02,-2.795298303582638688e-08,-1.601880287239547194e-08,-2.795298303578837628e-08,-1.601880287265851538e-08,-2.795298303587679196e-08,-1.601880287266796509e-08,2.988502121251689511e-07,-6.639496223723899006e-07,2.988502121251691629e-07,-6.639496223723890536e-07,2.988502121251687394e-07,-6.639496223723894771e-07,2.988502121251689511e-07,-6.639496223723903241e-07,-6.153505343969509720e-07,-4.738838960559826873e-07,1.342611924297605841e-07,2.461051076859405786e-07,1.094073489818017180e+02,-3.677655516303706662e+01,-1.983381141806320758e-05,3.460908993040299548e-05,-1.983381141868212778e-05,3.460908993018605340e-05,-1.983381141878072580e-05,3.460908993024556255e-05,-7.460034878765278796e-04,-3.358197739392975280e-04,-7.460034878765279881e-04,-3.358197739392976364e-04,-7.460034878765279881e-04,-3.358197739392975280e-04,-7.460034878765277712e-04,-3.358197739392975822e-04
2.248224479357949272e+07,3.545245542546906807e-10,-5.552370534126474869e-10,-2.002883928557344960e-11,2.035150934450227203e-10,-9.696393599580959144e-01,9.121058908292274670e-02,-2.709792624768529652e-08,-1.449719062951748877e-08,-2.709792624770353751e-08,-1.449719062976332023e-08,-2.709792624774166061e-08,-1.449719062976535841e-08,2.777385563666572699e-07,-6.593038682202936122e-07,2.777385563666576934e-07,-6.593038682202931887e-07,2.777385563666572699e-07,-6.593038682202936122e-07,2.777385563666570582e-07,-6.593038682202931887e-07,-6.106944083017079213e-07,-4.337100515278091624e-07,1.293169772648671117e-07,2.188416813260102256e-07,1.097260315005798219e+02,-3.652203190723395920e+01,-1.744044869360688243e-05,3.259831575425944477e-05,-1.744044869421923982e-05,3.259831575411020434e-05,-1.744044869425895550e-05,3.259831575413610322e-05,-7.197618573892356408e-04,-3.032408901756937134e-04,-7.197618573892358576e-04,-3.032408901756937676e-04,-7.197618573892356408e-04,-3.032408901756937134e-04,-7.197618573892357492e-04,-3.032408901756938218e-04
2.313890488809880987e+07,3.289044169203431081e-10,-5.637924641715829530e-10,-8.958459219570007336e-12,1.932595384815851132e-10,-9.688954030416305763e-01,9.415587225508910418e-02,-2.624671034383647826e-08,-1.305159134643905821e-08,-2.624671034386765966e-08,-1.305159134666376679e-08,-2.624671034393698732e-08,-1.305159134666384620e-08,2.565550858256103465e-07,-6.544430230563797139e-07,2.565550858256103465e-07,-6.544430230563788669e-07,2.565550858256105583e-07,-6.544430230563784434e-07,2.565550858256103465e-07,-6.544430230563784434e-07,-6.049831049534092129e-07,-3.942560343636247304e-07,1.240852744118993146e-07,1.941467154854167380e-07,1.100547242322031281e+02,-3.635508920504585006e+01,-1.525580324684578085e-05,3.067828438441826990e-05,-1.525580324740862239e-05,3.067828438430386624e-05,-1.525580324747605129e-05,3.067828438435130008e-05,-6.941806537092973847e-04,-2.721645094928423162e-04,-6.941806537092974931e-04,-2.721645094928425873e-04,-6.941806537092977099e-04,-2.721645094928425873e-04,-6.941806537092977099e-04,-2.721645094928426415e-04
2.381474467235521227e+07,3.023593236562059797e-10,-5.713506992799555233e-10,1.140204803447285979e-12,1.830681171879014298e-10,-9.680559721055186362e-01,9.719935289567764591e-02,-2.539830833511022789e-08,-1.167883725775118539e-08,-2.539830833516812392e-08,-1.167883725795489681e-08,-2.539830833519233715e-08,-1.167883725795362626e-08,2.352970720753822950e-07,-6.492942986171898551e-07,2.352970720753822950e-07,-6.492942986171898551e-07,2.352970720753818715e-07,-6.492942986171898551e-07,2.352970720753822950e-07,-6.492942986171885846e-07,-5.981407049219760871e-07,-3.555518962734642426e-07,1.186365229237200333e-07,1.717943969347652485e-07,1.103879139358579948e+02,-3.627663264777496721e+01,-1.326383718402300982e-05,2.884417123416918843e-05,-1.326383718455374542e-05,2.884417123409590314e-05,-1.326383718457583603e-05,2.884417123411267439e-05,-6.691749868039334080e-04,-2.425309365866011320e-04,-6.691749868039334080e-04,-2.425309365866011320e-04,-6.691749868039334080e-04,-2.425309365866010777e-04,-6.691749868039336248e-04,-2.425309365866014301e-04
2.451032434560777247e+07,2.749284316780355858e-10,-5.777657178714315586e-10,1.031174468002880830e-11,1.729541939993462806e-10,-9.671133409282706150e-01,1.003392497296523994e-01,-2.455187067172738081e-08,-1.037621955557589819e-08,-2.455187067171644217e-08,-1.037621955576767174e-08,-2.455187067178566065e-08,-1.037621955576032638e-08,2.139705021283927487e-07,-6.437864175475877908e-07,2.139705021283927487e-07,-6.437864175475877908e-07,2.139705021283925369e-07,-6.437864175475873673e-07,2.139705021283925369e-07,-6.437864175475860968e-07,-5.901006724548147372e-07,-3.176447749076437503e-07,1.130324149164309478e-07,1.515818684353616583e-07,1.107199503718481992e+02,-3.628722277296472498e+01,-1.145003698617831968e-05,2.709161806230091907e-05,-1.145003698659825829e-05,2.709161806219953262e-05,-1.145003698665713385e-05,2.709161806224777961e-05,-6.446698395526407905e-04,-2.142914804191378469e-04,-6.446698395526407905e-04,-2.142914804191378469e-04,-6.446698395526406821e-04,-2.142914804191377385e-04,-6.446698395526406821e-04,-2.142914804191377656e-04
2.522622046938284487e+07,2.466711689419960622e-10,-5.828921121824570380e-10,1.859623266438958924e-11,1.629323999877557001e-10,-9.660596580938947131e-01,1.035731898440286208e-01,-2.370674415200026049e-08,-9.141433765104874569e-09,-2.370674415201826656e-08,-9.141433765278125894e-09,-2.370674415206961793e-08,-9.141433765269893793e-09,1.925900266605253923e-07,-6.378503485328691178e-07,1.925900266605253923e-07,-6.378503485328691178e-07,1.925900266605252864e-07,-6.378503485328695413e-07,1.925900266605253923e-07,-6.378503485328691178e-07,-5.808078508958421691e-07,-2.805974561929435118e-07,1.073273498656518970e-07,1.333264030210044236e-07,1.110450674405689853e+02,-3.638705470263482056e+01,-9.801227500704941988e-06,2.541671107456299595e-05,-9.801227501104545027e-06,2.541671107449867227e-05,-9.801227501145217855e-06,2.541671107453461696e-05,-6.205999862180718333e-04,-1.874070792238083166e-04,-6.205999862180718333e-04,-1.874070792238083166e-04,-6.205999862180717249e-04,-1.874070792238082081e-04,-6.205999862180719417e-04,-1.874070792238082081e-04
2.596302644538221136e+07,2.176677826564993980e-10,-5.865878152407075154e-10,2.603011921196451537e-11,1.530188004307577264e-10,-9.648869913568028922e-01,1.068981762633642446e-01,-2.286248684159492881e-08,-7.972526252393301536e-09,-2.286248684158149871e-08,-7.972526252559472195e-09,-2.286248684166653618e-08,-7.972526252540877174e-09,1.711788321525775534e-07,-6.314200842573344450e-07,1.711788321525775534e-07,-6.314200842573344450e-07,1.711788321525776592e-07,-6.314200842573344450e-07,1.711788321525777651e-07,-6.314200842573348686e-07,-5.702203503754636385e-07,-2.444866522957280729e-07,1.015695960533342427e-07,1.168628951296802498e-07,1.113574072377959538e+02,-3.657593891033640432e+01,-8.305405923886444248e-06,2.381595449082537876e-05,-8.305405924222506264e-06,2.381595449075362490e-05,-8.305405924285478081e-06,2.381595449081368632e-05,-5.969098809003849310e-04,-1.618469708661770797e-04,-5.969098809003849310e-04,-1.618469708661770797e-04,-5.969098809003849310e-04,-1.618469708661770525e-04,-5.969098809003850394e-04,-1.618469708661769712e-04
2.672135300734994560e+07,1.880195012758314694e-10,-5.887170038292788780e-10,3.264707211962555610e-11,1.432309641212587778e-10,-9.635873769836729164e-01,1.103105586315435288e-01,-2.201887893879896249e-08,-6.867841922458827052e-09,-2.201887893878519159e-08,-6.867841922614343624e-09,-2.201887893883568931e-08,-6.867841922600327876e-09,1.497684251984642148e-07,-6.244334515483297549e-07,1.497684251984642148e-07,-6.244334515483297549e-07,1.497684251984644266e-07,-6.244334515483297549e-07,1.497684251984644266e-07,-6.244334515483301784e-07,-5.583112713142483030e-07,-2.094009964187611204e-07,9.580220618038554529e-08,1.020416418793050245e-07,1.116510470030389257e+02,-3.685328352237897320e+01,-6.951594080199058867e-06,2.228624049196964752e-05,-6.951594080500128258e-06,2.228624049191015193e-05,-6.951594080534909972e-06,2.228624049194600514e-05,-5.735535074021178015e-04,-1.375874040987842156e-04,-5.735535074021178015e-04,-1.375874040987842156e-04,-5.735535074021179099e-04,-1.375874040987841343e-04,-5.735535074021175846e-04,-1.375874040987840258e-04
2.750182872730569914e+07,1.578482597246257129e-10,-5.891531374776218121e-10,3.847875348118412927e-11,1.335879412790998326e-10,-9.621528739163053290e-01,1.138060076979179464e-01,-2.117592952152906242e-08,-5.825973234205811001e-09,-2.117592952153552766e-08,-5.825973234344843519e-09,-2.117592952158925470e-08,-5.825973234326585988e-09,1.283983187069716536e-07,-6.168329407475603850e-07,1.283983187069716536e-07,-6.168329407475603850e-07,1.283983187069715477e-07,-6.168329407475603850e-07,1.283983187069714418e-07,-6.168329407475603850e-07,-5.450702057799046322e-07,-1.754387673378523411e-07,9.006372780246852624e-08,8.872639012749302533e-08,1.119200288824983573e+02,-3.721807857179669554e+01,-5.729707488265959471e-06,2.082481636617817544e-05,-5.729707488548552532e-06,2.082481636614366054e-05,-5.729707488583008985e-06,2.082481636618209212e-05,-5.504941822225255937e-04,-1.146103888593430568e-04,-5.504941822225255937e-04,-1.146103888593430432e-04,-5.504941822225255937e-04,-1.146103888593430161e-04,-5.504941822225255937e-04,-1.146103888593429348e-04
2.830510053656399995e+07,1.272959472132197443e-10,-5.877820622677496527e-10,4.355553025402643658e-11,1.241101571173527390e-10,-9.605756225123387448e-01,1.173794943127926260e-01,-2.033387912529217697e-08,-4.845710728502653325e-09,-2.033387912528296879e-08,-4.845710728638185214e-09,-2.033387912534151333e-08,-4.845710728614448439e-09,1.071156117680663779e-07,-6.085665391734129969e-07,1.071156117680663779e-07,-6.085665391734129969e-07,1.071156117680660603e-07,-6.085665391734129969e-07,1.071156117680662720e-07,-6.085665391734129969e-07,-5.305044596035095134e-07,-1.427053690466211118e-07,8.438874397937914165e-08,7.679262704756941171e-08,1.121583923665458684e+02,-3.766888261963503481e+01,-4.630439864126632630e-06,1.942924959996147078e-05,-4.630439864370740749e-06,1.942924959992475020e-05,-4.630439864405729986e-06,1.942924959996704086e-05,-5.277043030317994567e-04,-9.290248632975722646e-05,-5.277043030317994567e-04,-9.290248632975722646e-05,-5.277043030317993483e-04,-9.290248632975711804e-05,-5.277043030317993483e-04,-9.290248632975706383e-05
2.913183426197147742e+07,9.652314927106845207e-11,-5.845050979619723169e-10,4.790711376003456877e-11,1.148192286341942099e-10,-9.588479075101129512e-01,1.210252736374317073e-01,-1.949319813316294779e-08,-3.925995324969024202e-09,-1.949319813320413146e-08,-3.925995325073100067e-09,-1.949319813320016430e-08,-3.925995325074969495e-09,8.597445730418550872e-08,-5.995885517287359244e-07,8.597445730418550872e-08,-5.995885517287359244e-07,8.597445730418550872e-08,-5.995885517287359244e-07,8.597445730418550872e-08,-5.995885517287355009e-07,-5.146399417950616053e-07,-1.113106032502122347e-07,7.880827517677050031e-08,6.612609372780529025e-08,1.123602092074803380e+02,-3.820381215583866208e+01,-3.645161842068850778e-06,1.809739160534014183e-05,-3.645161842315195064e-06,1.809739160534764655e-05,-3.645161842312999131e-06,1.809739160534475308e-05,-5.051650360600689043e-04,-7.245364170543375064e-05,-5.051650360600689043e-04,-7.245364170543372353e-05,-5.051650360600689043e-04,-7.245364170543375064e-05,-5.051650360600689043e-04,-7.245364170543373708e-05
2.998271517780646309e+07,6.570737054214755593e-11,-5.792420188188525288e-10,5.156312323295586509e-11,1.057377129640056940e-10,-9.569622247706557339e-01,1.247368752512372642e-01,-1.865458100158584360e-08,-3.065872696887127360e-09,-1.865458100161881833e-08,-3.065872696985214437e-09,-1.865458100163040217e-08,-3.065872696978798824e-09,6.503541447366129325e-08,-5.898603901698436066e-07,6.503541447366139913e-08,-5.898603901698436066e-07,6.503541447366129325e-08,-5.898603901698436066e-07,6.503541447366139913e-08,-5.898603901698431831e-07,-4.975216740447555882e-07,-8.136578438704079915e-08,7.335006978434139568e-08,5.662150275147226754e-08,1.125196205555241136e+02,-3.882053417297855447e+01,-2.765832802441184772e-06,1.682734072944780648e-05,-2.765832802658195883e-06,1.682734072945597865e-05,-2.765832802664203888e-06,1.682734072946458789e-05,-4.828659371694282352e-04,-5.325606468473794623e-05,-4.828659371694282894e-04,-5.325606468473801400e-05,-4.828659371694282352e-04,-5.325606468473794623e-05,-4.828659371694281268e-04,-5.325606468473793268e-05
3.085844857379842922e+07,3.504074184971099352e-11,-5.719338332961399057e-10,5.455356864952060217e-11,9.688879656576904094e-11,-9.549113512348054167e-01,1.285070998099814288e-01,-1.781893640288882094e-08,-2.264450073751394435e-09,-1.781893640289962723e-08,-2.264450073854265925e-09,-1.781893640291882775e-08,-2.264450073842232101e-09,4.436468589697931310e-08,-5.793513115692398108e-07,4.436468589697931310e-08,-5.793513115692398108e-07,4.436468589697931310e-08,-5.793513115692393873e-07,4.436468589697931310e-08,-5.793513115692385403e-07,-4.792138820843485610e-07,-5.298075757600478603e-08,6.803880748109987045e-08,4.818144186154163372e-08,1.126308759976502927e+02,-3.951626228434211185e+01,-1.984924778862482547e-06,1.561740515785454500e-05,-1.984924779046411516e-06,1.561740515785168542e-05,-1.984924779055570483e-06,1.561740515786601383e-05,-4.608045031030696633e-04,-3.530316435172435905e-05,-4.608045031030696633e-04,-3.530316435172435905e-05,-4.608045031030695007e-04,-3.530316435172438616e-05,-4.608045031030694465e-04,-3.530316435172439293e-05
3.175976033973813429e+07,4.727233542337600078e-12,-5.625452660277427390e-10,5.690924855636246773e-11,8.829593554121567405e-11,-9.526884174354958157e-01,1.323280228570740680e-01,-1.698737342926419929e-08,-1.520855850152570547e-09,-1.698737342928494498e-08,-1.520855850241747235e-09,-1.698737342931234120e-08,-1.520855850222202611e-09,2.403324320541639087e-08,-5.680390859844419266e-07,2.403324320541676144e-08,-5.680390859844415031e-07,2.403324320541639087e-08,-5.680390859844419266e-07,2.403324320541639087e-08,-5.680390859844419266e-07,-4.597996420301267381e-07,-2.626088884853100450e-08,6.289623691955167831e-08,4.071544666819098734e-08,1.126883741216755652e+02,-4.028775672214425896e+01,-1.295357482139901942e-06,1.446606628861309597e-05,-1.295357482308632599e-06,1.446606628862206097e-05,-1.295357482320707266e-06,1.446606628864280820e-05,-4.389856513183171770e-04,-1.858854647367231240e-05,-4.389856513183172312e-04,-1.858854647367233951e-05,-4.389856513183171770e-04,-1.858854647367231240e-05,-4.389856513183171770e-04,-1.858854647367231240e-05
3.268739756716300175e+07,-2.502058359693428332e-11,-5.510668475068646775e-10,5.866205943910483483e-11,7.998245838081679176e-11,-9.502869817998925717e-01,1.361910063245519720e-01,-1.616118407647555153e-08,-8.342023912453133510e-10,-1.616118407650961814e-08,-8.342023913167453599e-10,-1.616118407650776856e-08,-8.342023913182045065e-10,4.115847952598222877e-09,-5.559105734661017634e-07,4.115847952598222877e-09,-5.559105734661017634e-07,4.115847952598116998e-09,-5.559105734661017634e-07,4.115847952598116998e-09,-5.559105734661017634e-07,-4.393800682467113586e-07,-1.304103626343197998e-09,5.794126670502929102e-08,3.413922598110932372e-08,1.126867041745438058e+02,-4.113132851150833602e+01,-6.904435247980017095e-07,1.337194312222483068e-05,-6.904435249541321163e-07,1.337194312224764636e-05,-6.904435249534074796e-07,1.337194312224626739e-05,-4.174211289508322851e-04,-3.105082123247726836e-06,-4.174211289508322851e-04,-3.105082123247726836e-06,-4.174211289508322851e-04,-3.105082123247713284e-06,-4.174211289508323393e-04,-3.105082123247713284e-06
3.364212916861649603e+07,-5.398516937454477916e-11,-5.375165230249949795e-10,5.984521436525573455e-11,7.197114333395511358e-11,-9.477011058770796748e-01,1.400867181786180915e-01,-1.534182230038323007e-08,-2.035524225964891420e-10,-1.534182230039973397e-08,-2.035524226760572995e-10,-1.534182230041385560e-08,-2.035524226631532819e-10,-1.531002144585232831e-08,-5.429621913040503046e-07,-1.531002144585243419e-08,-5.429621913040505163e-07,-1.531002144585232831e-08,-5.429621913040507281e-07,-1.531002144585254007e-08,-5.429621913040505163e-07,-4.180730442116807482e-07,2.180194680806038722e-08,5.319002631849874489e-08,2.837402378969554060e-08,1.126206883354579560e+02,-4.204284806485718207e+01,-1.638429622606050002e-07,1.233375817633699151e-05,-1.638429623934641297e-07,1.233375817634905834e-05,-1.638429623987435537e-07,1.233375817636019852e-05,-3.961288537132711773e-04,1.115594299588367432e-05,-3.961288537132711231e-04,1.115594299588366077e-05,-3.961288537132712315e-04,1.115594299588364721e-05,-3.961288537132711773e-04,1.115594299588372683e-05
3.462474651499480754e+07,-8.194795828684486805e-11,-5.219407026528681837e-10,6.049337012525631171e-11,6.428378330509569717e-11,-9.449254295502326206e-01,1.440051605637766574e-01,-1.453088001657140156e-08,3.721106269675475865e-10,-1.453088001659054914e-08,3.721106268960725641e-10,-1.453088001659954059e-08,3.721106269053766917e-10,-3.416532246579121829e-08,-5.292002538345291712e-07,-3.416532246579121829e-08,-5.292002538345291712e-07,-3.416532246579121829e-08,-5.292002538345287476e-07,-3.416532246579132417e-08,-5.292002538345291712e-07,-3.960115136862917097e-07,4.298251042276022983e-08,4.865591139391557435e-08,2.334610224114414124e-08,1.124854240783435273e+02,-4.301775837687716120e+01,2.904737098593073422e-07,1.135030539425317165e-05,2.904737097401425120e-07,1.135030539426946518e-05,2.904737097370652413e-07,1.135030539427675136e-05,-3.751321918179735320e-04,2.420558909627924411e-05,-3.751321918179735320e-04,2.420558909627924411e-05,-3.751321918179735320e-04,2.420558909627923056e-05,-3.751321918179735320e-04,2.420558909627917635e-05
3.563606409150909632e+07,-1.086935216443097701e-10,-5.044146882454279368e-10,6.064266387486412653e-11,5.694075158488647337e-11,-9.419552451975720109e-01,1.479357066839930845e-01,-1.373006048606355081e-08,8.939080003909967477e-10,-1.373006048608317319e-08,8.939080003255601438e-10,-1.373006048609748011e-08,8.939080003423237861e-10,-5.237066340230195909e-08,-5.146411692572893944e-07,-5.237066340230195909e-08,-5.146411692572893944e-07,-5.237066340230222378e-08,-5.146411692572900297e-07,-5.237066340230217084e-08,-5.146411692572900297e-07,-3.733413655061786919e-07,6.217807361793778840e-08,4.434962558226673975e-08,1.898633022937206002e-08,1.122763260634749400e+02,-4.405109294471188974e+01,6.782549524425676133e-07,1.042042046943528921e-05,6.782549523364665722e-07,1.042042046945367151e-05,6.782549523319924383e-07,1.042042046946566211e-05,-3.544591802776452449e-04,3.605792385682017788e-05,-3.544591802776452449e-04,3.605792385682017788e-05,-3.544591802776452991e-04,3.605792385682017788e-05,-3.544591802776452991e-04,3.605792385682016432e-05
3.667692017280706018e+07,-1.340138388679822172e-10,-4.850424312524168787e-10,6.033066222144605425e-11,4.996058181630432540e-11,-9.387865697237542939e-01,1.518671465294908207e-01,-1.294114959784967907e-08,1.363086425370605238e-09,-1.294114959786985565e-08,1.363086425310909267e-09,-1.294114959787929709e-08,1.363086425323472486e-09,-6.984755979069339073e-08,-4.993114806755038629e-07,-6.984755979069339073e-08,-4.993114806755038629e-07,-6.984755979069323192e-08,-4.993114806755034394e-07,-6.984755979069323192e-08,-4.993114806755036512e-07,-3.502189607277089887e-07,7.934634297865019185e-08,4.027922906622845043e-08,1.522986250480199412e-08,1.119891669701815999e+02,-4.513749845173656183e+01,1.004990810619598911e-06,9.542953955468049963e-06,1.004990810525317580e-06,9.542953955488029776e-06,1.004990810522645191e-06,9.542953955496252772e-06,-3.341417030656769504e-04,4.673057692300494891e-05,-3.341417030656769504e-04,4.673057692300494891e-05,-3.341417030656769504e-04,4.673057692300494891e-05,-3.341417030656768420e-04,4.673057692300494213e-05
3.774817751781341434e+07,-1.577125592717621782e-10,-4.639555958908243443e-10,5.959622777313223661e-11,4.335957525943483317e-11,-9.354162133252592604e-01,1.557877414142990469e-01,-1.216598561647038684e-08,1.781034155011278196e-09,-1.216598561649942088e-08,1.781034154969844719e-09,-1.216598561650235737e-08,1.781034154974233739e-09,-8.651970916986402667e-08,-4.832477419495429398e-07,-8.651970916986402667e-08,-4.832477419495429398e-07,-8.651970916986402667e-08,-4.832477419495425163e-07,-8.651970916986407961e-08,-4.832477419495429398e-07,-3.268083649346178422e-07,9.446380766458216230e-08,3.645020165240094904e-08,1.201589456449283977e-08,1.116201166664500022e+02,-4.627126218251798662e+01,1.275929604172090371e-06,8.716747470904369824e-06,1.275929604086362801e-06,8.716747470933174026e-06,1.275929604085627153e-06,8.716747470935813381e-06,-3.142146325466593088e-04,5.624518072271460608e-05,-3.142146325466593088e-04,5.624518072271460608e-05,-3.142146325466591461e-04,5.624518072271460608e-05,-3.142146325466593630e-04,5.624518072271459252e-05
3.885072408486521244e+07,-1.796091299367982468e-10,-4.413119251846985664e-10,5.847931023706939845e-11,3.715144766444858615e-11,-9.318418438347415567e-01,1.596852871322046730e-01,-1.140642800769446431e-08,2.149292105503201572e-09,-1.140642800772008871e-08,2.149292105462515866e-09,-1.140642800772183406e-08,2.149292105465510260e-09,-1.023142590633242745e-07,-4.664962228200396037e-07,-1.023142590633242745e-07,-4.664962228200396037e-07,-1.023142590633241421e-07,-4.664962228200387567e-07,-1.023142590633240363e-07,-4.664962228200389685e-07,-3.032783604751755108e-07,1.075268328682075864e-07,3.286552625561555710e-08,9.287479064209275861e-09,1.111657791009365752e+02,-4.744634405342184635e+01,1.496089502408917429e-06,7.940613241872155847e-06,1.496089502333919438e-06,7.940613241898635791e-06,1.496089502333534885e-06,7.940613241900285811e-06,-2.947149492071000302e-04,6.462769268987219370e-05,-2.947149492071000302e-04,6.462769268987219370e-05,-2.947149492071000302e-04,6.462769268987213949e-05,-2.947149492071000844e-04,6.462769268987213949e-05
3.998547376773483306e+07,-1.995426643246291023e-10,-4.172929316599674279e-10,5.702067113015536385e-11,3.134702688496945598e-11,-9.280620454831020050e-01,1.635471853813742216e-01,-1.066432598661417961e-08,2.469560049072644006e-09,-1.066432598664154936e-08,2.469560049041570139e-09,-1.066432598664189347e-08,2.469560049042264971e-09,-1.171630417520337998e-07,-4.491124420838268211e-07,-1.171630417520337998e-07,-4.491124420838268211e-07,-1.171630417520339057e-07,-4.491124420838268211e-07,-1.171630417520340645e-07,-4.491124420838268211e-07,-2.797993227046796171e-07,1.185522495523699099e-07,2.952579654144702491e-08,6.991390140467455471e-09,1.106232263154860647e+02,-4.865641305348324863e+01,1.670265791395646355e-06,7.213317154635386738e-06,1.670265791329203397e-06,7.213317154664293431e-06,1.670265791329136058e-06,7.213317154664654267e-06,-2.756808540146572133e-04,7.190859602591846993e-05,-2.756808540146572133e-04,7.190859602591846993e-05,-2.756808540146571591e-04,7.190859602591846993e-05,-2.756808540146571591e-04,7.190859602591840216e-05
4.115336715315063298e+07,-2.173754305223487774e-10,-3.921009588404738887e-10,5.526155294439268947e-11,2.595401075104693441e-11,-9.240763709440430462e-01,1.673605229340426881e-01,-9.941487444699198518e-09,2.743697918339266781e-09,-9.941487444720432244e-09,2.743697918300653990e-09,-9.941487444723022974e-09,2.743697918306900858e-09,-1.310037489921985510e-07,-4.311605321274858453e-07,-1.310037489921985510e-07,-4.311605321274858453e-07,-1.310037489921985510e-07,-4.311605321274858453e-07,-1.310037489921988157e-07,-4.311605321274862688e-07,-2.565400503079014152e-07,1.275774223605823495e-07,2.642935053950800772e-08,5.078022853924200956e-09,1.099900289859844804e+02,-4.989488781027421993e+01,1.803034623276257527e-06,6.533565414248426835e-06,1.803034623218887985e-06,6.533565414271135789e-06,1.803034623218462139e-06,6.533565414274093628e-06,-2.571508885603390119e-04,7.812297847943027427e-05,-2.571508885603390119e-04,7.812297847943027427e-05,-2.571508885603390119e-04,7.812297847943027427e-05,-2.571508885603390119e-04,7.812297847943028783e-05
4.235537230044328421e+07,-2.329958471869529612e-10,-3.659556832502645974e-10,5.324330508874824345e-11,2.097679276430556514e-11,-9.198853855701742965e-01,1.711121578660450560e-01,-9.239648908913063934e-09,2.973722377148802932e-09,-9.239648908935910663e-09,2.973722377119967416e-09,-9.239648908939030788e-09,2.973722377129173936e-09,-1.437810201580690819e-07,-4.127124428477754365e-07,-1.437810201580690819e-07,-4.127124428477754365e-07,-1.437810201580690819e-07,-4.127124428477754365e-07,-1.437810201580693995e-07,-4.127124428477750130e-07,-2.336646422842250222e-07,1.346597952040483447e-07,2.357243023040311513e-08,3.501315994345094337e-09,1.092642829388194912e+02,-5.115498090477745308e+01,1.898754009737890703e-06,5.899994829384049007e-06,1.898754009687394834e-06,5.899994829408892483e-06,1.898754009686980847e-06,5.899994829412935372e-06,-2.391630785572602795e-04,8.331049107422235642e-05,-2.391630785572602795e-04,8.331049107422235642e-05,-2.391630785572602795e-04,8.331049107422235642e-05,-2.391630785572601981e-04,8.331049107422231577e-05
4.359248554396390915e+07,-2.463208894353824037e-10,-3.390901480103568929e-10,5.100698002714954276e-11,1.641636089995524122e-11,-9.154907028058624219e-01,1.747888119910781801e-01,-8.560447161782310670e-09,3.161798913861564357e-09,-8.560447161802912430e-09,3.161798913831686593e-09,-8.560447161804894355e-09,3.161798913838828471e-09,-1.554474185888943194e-07,-3.938469975832854248e-07,-1.554474185888943194e-07,-3.938469975832854248e-07,-1.554474185888940547e-07,-3.938469975832854248e-07,-1.554474185888944253e-07,-3.938469975832854248e-07,-2.113295128605930220e-07,1.398759319777610899e-07,2.094936548423970816e-08,2.218687695654815701e-09,1.084446311280731123e+02,-5.242974648327607667e+01,1.961562787155678933e-06,5.311166666093626007e-06,1.961562787111807709e-06,5.311166666115746273e-06,1.961562787111631103e-06,5.311166666118660913e-06,-2.217541161470516710e-04,8.751519130041388278e-05,-2.217541161470516710e-04,8.751519130041388278e-05,-2.217541161470516439e-04,8.751519130041385567e-05,-2.217541161470517523e-04,8.751519130041384212e-05
4.486573231893924624e+07,-2.572978253624675564e-10,-3.117464374766986691e-10,4.859291367861271747e-11,1.227027232744841878e-11,-9.108950098605925749e-01,1.783771684907996535e-01,-7.905393109902362634e-09,3.310229807819781691e-09,-7.905393109921536680e-09,3.310229807789032079e-09,-7.905393109923887528e-09,3.310229807800476950e-09,-1.659642730216098758e-07,-3.746488181034538879e-07,-1.659642730216097700e-07,-3.746488181034536761e-07,-1.659642730216099817e-07,-3.746488181034538879e-07,-1.659642730216100876e-07,-3.746488181034538879e-07,-1.896806306171601672e-07,1.433200871228114528e-07,1.855277933459976881e-08,1.190974690216624209e-09,1.075302806195020935e+02,-5.371213063571158131e+01,1.995378236172346877e-06,4.765563939214804492e-06,1.995378236134241406e-06,4.765563939234511560e-06,1.995378236134161785e-06,4.765563939238833122e-06,-2.049585958785165988e-04,9.078527779790157711e-05,-2.049585958785166801e-04,9.078527779790153645e-05,-2.049585958785165175e-04,9.078527779790152290e-05,-2.049585958785165175e-04,9.078527779790145514e-05
4.617616801144832373e+07,-2.659052259767981392e-10,-2.841711166367798793e-10,4.604030429656938603e-11,8.532704274506819234e-12,-9.061020828589854137e-01,1.818639735866940388e-01,-7.275848429146251268e-09,3.421438408138109370e-09,-7.275848429165134147e-09,3.421438408111795100e-09,-7.275848429166481624e-09,3.421438408121488830e-09,-1.753023639411877634e-07,-3.552071396926386009e-07,-1.753023639411877634e-07,-3.552071396926386009e-07,-1.753023639411877634e-07,-3.552071396926386009e-07,-1.753023639411874458e-07,-3.552071396926386009e-07,-1.688510596058537456e-07,1.451023566310132270e-07,1.637381044271292414e-08,3.823675399510171513e-10,1.065210141941594628e+02,-5.499502394182989207e+01,2.003892985113564097e-06,4.261591940653199598e-06,2.003892985080512872e-06,4.261591940672508561e-06,2.003892985080583175e-06,4.261591940675950903e-06,-1.888083181323044343e-04,9.317272596711126344e-05,-1.888083181323044343e-04,9.317272596711126344e-05,-1.888083181323044343e-04,9.317272596711126344e-05,-1.888083181323045427e-04,9.317272596711123633e-05
4.752487883322519809e+07,-2.721532161610849266e-10,-2.566105684385870045e-10,4.338680368208352459e-11,5.194578677193995104e-12,-9.011167908252839531e-01,1.852361409709289697e-01,-6.673005439576609931e-09,3.497950240700876892e-09,-6.673005439595980019e-09,3.497950240691273325e-09,-6.673005439596019724e-09,3.497950240691729929e-09,-1.834424383994525420e-07,-3.356145407900275540e-07,-1.834424383994525420e-07,-3.356145407900277658e-07,-1.834424383994525420e-07,-3.356145407900277658e-07,-1.834424383994523302e-07,-3.356145407900275540e-07,-1.489588686365128889e-07,1.453464738238635308e-07,1.440234777010904329e-08,-2.396642245081727078e-10,1.054171962645895491e+02,-5.627131553167829736e+01,1.990571765229138519e-06,3.797581740625272212e-06,1.990571765200867947e-06,3.797581740648181912e-06,1.990571765200875147e-06,3.797581740648331413e-06,-1.733316722214092720e-04,9.473283613978249358e-05,-1.733316722214092449e-04,9.473283613978252069e-05,-1.733316722214092991e-04,9.473283613978246648e-05,-1.733316722214092449e-04,9.473283613978245293e-05
4.891298272201289982e+07,-2.760829605604011075e-10,-2.293063664588045836e-10,4.066813371849255844e-11,2.243755808195964127e-12,-8.959450880489184810e-01,1.884808576127749991e-01,-6.097870575646090855e-09,3.542371521032813772e-09,-6.097870575663798310e-09,3.542371521016409126e-09,-6.097870575663849595e-09,3.542371521020004053e-09,-1.903755411150238047e-07,-3.159656143909919052e-07,-1.903755411150238047e-07,-3.159656143909919052e-07,-1.903755411150238047e-07,-3.159656143909919052e-07,-1.903755411150238047e-07,-3.159656143909919052e-07,-1.301054608233142649e-07,1.441873251359540360e-07,1.262727194714297045e-08,-7.044614975867646980e-10,1.042197728879822591e+02,-5.753394795270337170e+01,1.958648515974929091e-06,3.371796344302443202e-06,1.958648515950499814e-06,3.371796344321109267e-06,1.958648515950612046e-06,3.371796344322222692e-06,-1.585531094711576685e-04,9.552370778752989310e-05,-1.585531094711576685e-04,9.552370778752989310e-05,-1.585531094711576685e-04,9.552370778752986599e-05,-1.585531094711576956e-04,9.552370778752986599e-05
5.034163026821483672e+07,-2.777654051268900919e-10,-2.024908188304781525e-10,3.791773987989818703e-11,-3.347101615107773989e-13,-8.905939945506099464e-01,1.915856894707000380e-01,-5.551251718049178117e-09,3.557365697883555796e-09,-5.551251718066026132e-09,3.557365697867617680e-09,-5.551251718065801139e-09,3.557365697872018281e-09,-1.961031545303619725e-07,-2.963556102596278257e-07,-1.961031545303619725e-07,-2.963556102596278257e-07,-1.961031545303619725e-07,-2.963556102596278257e-07,-1.961031545303618666e-07,-2.963556102596276140e-07,-1.123743594797448926e-07,1.417682688774088147e-07,1.103669760053277319e-08,-1.038282368116836137e-09,1.029302657543219937e+02,-5.877597211244750497e+01,1.911124264553297736e-06,2.982439141749699992e-06,1.911124264532353576e-06,2.982439141766649968e-06,1.911124264532530182e-06,2.982439141767921788e-06,-1.444927142886002710e-04,9.560565477614453556e-05,-1.444927142886002710e-04,9.560565477614453556e-05,-1.444927142886002710e-04,9.560565477614453556e-05,-1.444927142886002439e-04,9.560565477614448135e-05
5.181200566861181706e+07,-2.772993208395247676e-10,-1.763828125116342250e-10,3.516649162677887095e-11,-2.558262601294974607e-12,-8.850715645964840617e-01,1.945386855973645912e-01,-5.033749549443107451e-09,3.545628678778775566e-09,-5.033749549459335907e-09,3.545628678762543801e-09,-5.033749549458698978e-09,3.545628678768262928e-09,-2.006371455236116492e-07,-2.768790780046091486e-07,-2.006371455236116492e-07,-2.768790780046091486e-07,-2.006371455236116492e-07,-2.768790780046089369e-07,-2.006371455236116492e-07,-2.768790780046091486e-07,-9.583046948561727560e-08,1.382383440499304223e-07,9.618210971439460115e-09,-1.264427585111632616e-09,1.015507601334845731e+02,-5.999060153680564156e+01,1.850766124184701110e-06,2.627664257098832753e-06,1.850766124166758199e-06,2.627664257113942127e-06,1.850766124167034544e-06,2.627664257115507444e-06,-1.311658787328448257e-04,9.504057768389351712e-05,-1.311658787328448257e-04,9.504057768389351712e-05,-1.311658787328448257e-04,9.504057768389351712e-05,-1.311658787328448257e-04,9.504057768389350357e-05
5.332532770793513954e+07,-2.748087199850308129e-10,-1.511840747713754423e-10,3.244243754029940723e-11,-4.446491289980194342e-12,-8.793868434021119285e-01,1.973284790997306137e-01,-4.545752987553754605e-09,3.509863398214050019e-09,-4.545752987568380813e-09,3.509863398204517589e-09,-4.545752987567772008e-09,3.509863398207847819e-09,-2.039995217387403241e-07,-2.576285410289262409e-07,-2.039995217387403241e-07,-2.576285410289262409e-07,-2.039995217387402182e-07,-2.576285410289265585e-07,-2.039995217387402182e-07,-2.576285410289265585e-07,-8.051981595275124815e-08,1.337494568336577430e-07,8.359097490194640974e-09,-1.403384656198538305e-09,1.000838868688998389e+02,-6.117126518992065343e+01,1.780107675443492164e-06,2.305588382044101189e-06,1.780107675428519163e-06,2.305588382059318983e-06,1.780107675428701486e-06,2.305588382060174062e-06,-1.185830834072786147e-04,9.389130980007716560e-05,-1.185830834072786147e-04,9.389130980007716560e-05,-1.185830834072786418e-04,9.389130980007716560e-05,-1.185830834072786961e-04,9.389130980007720625e-05
5.488285076910945028e+07,-2.704397359771587013e-10,-1.270759520975775127e-10,2.977062076601400568e-11,-6.020750163766356428e-12,-8.735498124094368544e-01,1.999443834393828667e-01,-4.087438642742213582e-09,3.452754377279841541e-09,-4.087438642757411371e-09,3.452754377265271581e-09,-4.087438642755292135e-09,3.452754377273939607e-09,-2.062220055645983576e-07,-2.386932304110012897e-07,-2.062220055645983576e-07,-2.386932304110012897e-07,-2.062220055645984635e-07,-2.386932304110013956e-07,-2.062220055645985694e-07,-2.386932304110011838e-07,-6.646974535750407302e-08,1.284536292836914486e-07,7.246554535902093399e-09,-1.472989305400463987e-09,9.853279861374068105e+01,-6.231165810699153695e+01,1.701450913828930221e-06,2.014303671138230490e-06,1.701450913815943088e-06,2.014303671150619617e-06,1.701450913816466554e-06,2.014303671152725765e-06,-1.067497847849614804e-04,9.222095345878614789e-05,-1.067497847849614804e-04,9.222095345878614789e-05,-1.067497847849614668e-04,9.222095345878617500e-05,-1.067497847849614804e-04,9.222095345878613434e-05
5.648586587300267816e+07,-2.643570742805839641e-10,-1.042167861727141446e-10,2.717295794370979691e-11,-7.303755922222783948e-12,-8.675713237230354702e-01,2.023764826038942088e-01,-3.658774144246020663e-09,3.376942894421187704e-09,-3.658774144260518657e-09,3.376942894408607527e-09,-3.658774144258346481e-09,3.376942894415517381e-09,-2.073454386694050912e-07,-2.201579058242743942e-07,-2.073454386694050912e-07,-2.201579058242743942e-07,-2.073454386694048795e-07,-2.201579058242743942e-07,-2.073454386694050912e-07,-2.201579058242740765e-07,-5.368955890579443958e-08,1.225003884634465561e-07,6.267885352229986411e-09,-1.488602021187797974e-09,9.690114060805150586e+01,-6.340578912727443139e+01,1.616869868921863963e-06,1.751891280271515601e-06,1.616869868910950367e-06,1.751891280282940381e-06,1.616869868911399930e-06,1.751891280284542121e-06,-9.566640638975187601e-05,9.009222294846915219e-05,-9.566640638975187601e-05,9.009222294846915219e-05,-9.566640638975187601e-05,9.009222294846919285e-05,-9.566640638975188956e-05,9.009222294846912509e-05
5.813570174854496866e+07,-2.567401537631812492e-10,-8.273994332003156756e-11,2.466818240857659126e-11,-8.319179497331056329e-12,-8.614630245069724301e-01,2.046157137671333059e-01,-3.259525085303709844e-09,3.285003339866219375e-09,-3.259525085316129547e-09,3.285003339858769786e-09,-3.259525085315361924e-09,3.285003339860766187e-09,-2.074190343539511171e-07,-2.021017878208947417e-07,-2.074190343539511171e-07,-2.021017878208947417e-07,-2.074190343539511171e-07,-2.021017878208949535e-07,-2.074190343539509053e-07,-2.021017878208946358e-07,-4.217153449699965797e-08,1.160343650545843045e-07,5.410670961661354651e-09,-1.463296663132225386e-09,9.519301639488639921e+01,-6.444802505841833806e+01,1.528215926555144547e-06,1.516435145555051065e-06,1.528215926546260442e-06,1.516435145566273404e-06,1.528215926546397450e-06,1.516435145566711744e-06,-8.532842873081118154e-05,8.756680932198308267e-05,-8.532842873081118154e-05,8.756680932198308267e-05,-8.532842873081116798e-05,8.756680932198306912e-05,-8.532842873081116798e-05,8.756680932198308267e-05
5.983372593410354108e+07,-2.477790643415434683e-10,-6.275252901969912132e-11,2.227185016850038993e-11,-9.091241937033055990e-12,-8.552372723489529704e-01,2.066539411811484095e-01,-2.889265254899877178e-09,3.179421263747524804e-09,-2.889265254911888254e-09,3.179421263740355629e-09,-2.889265254910048191e-09,3.179421263744358770e-09,-2.064994987152754188e-07,-1.845976222877306616e-07,-2.064994987152753130e-07,-1.845976222877305557e-07,-2.064994987152754188e-07,-1.845976222877306616e-07,-2.064994987152755247e-07,-1.845976222877308734e-07,-3.189228276373505475e-08,1.091931590135117883e-07,4.662917864402985045e-09,-1.408057575808091195e-09,9.341294896734343922e+01,-6.543313066061615757e+01,1.437124817892287691e-06,1.306035626058138359e-06,1.437124817884871495e-06,1.306035626068135465e-06,1.437124817885163721e-06,1.306035626068982922e-06,-7.572657060425834149e-05,8.470478108726051147e-05,-7.572657060425836860e-05,8.470478108726052502e-05,-7.572657060425835504e-05,8.470478108726052502e-05,-7.572657060425836860e-05,8.470478108726045726e-05
6.158134591102647781e+07,-2.376704679954961086e-10,-4.433479379715476862e-11,1.999640508534445134e-11,-9.644325377951723050e-12,-8.489070427602439795e-01,2.084840201845086227e-01,-2.547389754331948748e-09,3.062573554053150257e-09,-2.547389754342868359e-09,3.062573554047635857e-09,-2.547389754341630897e-09,3.062573554049945346e-09,-2.046500446262958141e-07,-1.677108937110014091e-07,-2.046500446262958141e-07,-1.677108937110014091e-07,-2.046500446262958141e-07,-1.677108937110014091e-07,-2.046500446262957082e-07,-1.677108937110014091e-07,-2.281437458600359976e-08,1.021055167644051008e-07,4.013180270747511698e-09,-1.331981380008345354e-09,9.156583791610003686e+01,-6.635630392048723536e+01,1.345025180065159816e-06,1.118822668683359764e-06,1.345025180059100777e-06,1.118822668692508990e-06,1.345025180059277384e-06,1.118822668692982270e-06,-6.684705238243963228e-05,8.156403306554794682e-05,-6.684705238243963228e-05,8.156403306554794682e-05,-6.684705238243963228e-05,8.156403306554794682e-05,-6.684705238243964583e-05,8.156403306554796037e-05
6.338001027029497921e+07,-2.266135661727688559e-10,-2.754021241223865012e-11,1.785129790332935156e-11,-1.000260853505348721e-11,-8.424858301412521122e-01,2.100998503952146157e-01,-2.233130544090329182e-09,2.936711096247078898e-09,-2.233130544100362883e-09,2.936711096242668371e-09,-2.233130544098642347e-09,2.936711096245453901e-09,-2.019393246363953383e-07,-1.514991993421998345e-07,-2.019393246363953383e-07,-1.514991993421998345e-07,-2.019393246363952324e-07,-1.514991993421996227e-07,-2.019393246363950207e-07,-1.514991993421996227e-07,-1.488817251587851712e-08,9.488985039258274752e-08,3.450656547285112879e-09,-1.242479556046857881e-09,8.965691321858581375e+01,-6.721320616653389379e+01,1.253148542464586586e-06,9.529681959859057524e-07,1.253148542459660666e-06,9.529681959941763939e-07,1.253148542459881318e-06,9.529681959947237889e-07,-5.867193031927968961e-05,7.819979369269708359e-05,-5.867193031927968961e-05,7.819979369269708359e-05,-5.867193031927969639e-05,7.819979369269705648e-05,-5.867193031927972350e-05,7.819979369269705648e-05
6.523120991325112432e+07,-2.148062477602294839e-10,-1.239619576881457846e-11,1.584315233071251267e-11,-1.018973461160413177e-11,-8.359875436628816381e-01,2.114964173552329740e-01,-1.945573930121808823e-09,2.803944176950308896e-09,-1.945573930130897470e-09,2.803944176946982389e-09,-1.945573930129811795e-09,2.803944176948556928e-09,-1.984403101131012208e-07,-1.360117915374700892e-07,-1.984403101131012208e-07,-1.360117915374700892e-07,-1.984403101131011149e-07,-1.360117915374700363e-07,-1.984403101131012208e-07,-1.360117915374701422e-07,-8.053796647217044517e-09,8.765311507380379823e-08,2.965260414692539078e-09,-1.145478078641328946e-09,8.769168636404754125e+01,-6.799998667603217939e+01,1.162540552503442949e-06,8.066974653456862754e-07,1.162540552499489211e-06,8.066974653531543532e-07,1.162540552499614784e-06,8.066974653534463678e-07,-5.117948971088809827e-05,7.466419883374665644e-05,-5.117948971088809827e-05,7.466419883374665644e-05,-5.117948971088809150e-05,7.466419883374666999e-05,-5.117948971088810505e-05,7.466419883374666999e-05
6.713647928739643097e+07,-2.024415187931365840e-10,1.094624658078955401e-12,1.397597033264435334e-11,-1.022851781903642651e-11,-8.294263996012807283e-01,2.126698221123778376e-01,-1.683679479755088034e-09,2.666230801969738362e-09,-1.683679479763551126e-09,2.666230801966959449e-09,-1.683679479761899660e-09,2.666230801969050975e-09,-1.942291442187440133e-07,-1.212892906864924252e-07,-1.942291442187440133e-07,-1.212892906864924252e-07,-1.942291442187440133e-07,-1.212892906864923723e-07,-1.942291442187439074e-07,-1.212892906864924252e-07,-2.243156517840774613e-09,8.049004720573673240e-08,2.547668183462560168e-09,-1.045610674432276662e-09,8.567589954863694857e+01,-6.871330152574903138e+01,1.074073224732230208e-06,6.782991989381674271e-07,1.074073224729061246e-06,6.782991989448061537e-07,1.074073224729237641e-06,6.782991989451955771e-07,-4.434468400899706068e-05,7.100593785337750710e-05,-4.434468400899706068e-05,7.100593785337750710e-05,-4.434468400899707423e-05,7.100593785337752065e-05,-4.434468400899704713e-05,7.100593785337747999e-05
6.909739765828552842e+07,-1.897042987401288368e-10,1.295261608593972528e-11,1.225136814687731672e-11,-1.014069288695284560e-11,-8.228168117103966672e-01,2.136172984482431203e-01,-1.446299855314602983e-09,2.525368008207755174e-09,-1.446299855322289145e-09,2.525368008205691358e-09,-1.446299855320336999e-09,2.525368008207854435e-09,-1.893839956951202669e-07,-1.073635664026219658e-07,-1.893839956951202669e-07,-1.073635664026219658e-07,-1.893839956951202669e-07,-1.073635664026219658e-07,-1.893839956951205846e-07,-1.073635664026219129e-07,2.618015654439575832e-09,7.348275299479489086e-08,2.189343929411602175e-09,-9.464027138183368810e-10,8.361547369346939718e+01,-6.935032654955912790e+01,9.884579777594855991e-07,5.661343362235115670e-07,9.884579777569955340e-07,5.661343362294375153e-07,9.884579777571848458e-07,5.661343362298347738e-07,-3.813960667795617850e-05,6.726997533404720534e-05,-3.813960667795617850e-05,6.726997533404720534e-05,-3.813960667795617850e-05,6.726997533404720534e-05,-3.813960667795618527e-05,6.726997533404717824e-05
7.111559041856925189e+07,-1.767686495282759412e-10,2.321895537063383094e-11,1.066883428681857114e-11,-9.946710128669867773e-12,-8.161732812479818300e-01,2.143372177072295770e-01,-1.232201068021277635e-09,2.382986161952232391e-09,-1.232201068028907963e-09,2.382986161950069314e-09,-1.232201068026876407e-09,2.382986161952087634e-09,-1.839839389425037000e-07,-9.425778026718901791e-08,-1.839839389425037000e-07,-9.425778026718891203e-08,-1.839839389425037000e-07,-9.425778026718901791e-08,-1.839839389425037000e-07,-9.425778026718901791e-08,6.608189091278432852e-09,6.670062609859982586e-08,1.882544978719664050e-09,-8.504432786390621164e-10,8.151645604854628857e+01,-6.990876436814251349e+01,9.062592139110928520e-07,4.686433127066361145e-07,9.062592139091052892e-07,4.686433127117796162e-07,9.062592139092859190e-07,4.686433127121452697e-07,-3.253398272790014980e-05,6.349734953314855115e-05,-3.253398272790014980e-05,6.349734953314853760e-05,-3.253398272790014980e-05,6.349734953314855115e-05,-3.253398272790014980e-05,6.349734953314855115e-05
7.319273043527215719e+07,-1.637954834637618373e-10,3.195312711769167666e-11,9.226000911821469346e-12,-9.665576895337567322e-12,-8.095102882182266812e-01,2.148290813888994732e-01,-1.040082682155393349e-09,2.240546156862021626e-09,-1.040082682161058916e-09,2.240546156861545584e-09,-1.040082682160095664e-09,2.240546156862406265e-09,-1.781078837005840690e-07,-8.198657940554907808e-08,-1.781078837005840690e-07,-8.198657940554907808e-08,-1.781078837005840690e-07,-8.198657940554913102e-08,-1.781078837005840690e-07,-8.198657940554902514e-08,9.808166877404139953e-09,6.020056369478874139e-08,1.620310388417891597e-09,-7.595435278713660373e-10,7.938496812401702130e+01,-7.038684557426027766e+01,8.279081966694408703e-07,3.843518179658609205e-07,8.279081966680262194e-07,3.843518179706180163e-07,8.279081966681056287e-07,3.843518179707724410e-07,-2.749566735679316904e-05,5.972504652714805525e-05,-2.749566735679316904e-05,5.972504652714805525e-05,-2.749566735679316904e-05,5.972504652714808235e-05,-2.749566735679316565e-05,5.972504652714804169e-05
7.533053943642129004e+07,-1.509307759297179511e-10,3.923020731767146329e-11,7.918920392751410411e-12,-9.314744663464613578e-12,-8.028421853695607568e-01,2.150935019135897519e-01,-8.685975408835963783e-10,2.099339354164132783e-09,-8.685975408892950323e-10,2.099339354163478897e-09,-8.685975408882146311e-10,2.099339354164318485e-09,-1.718335747847006316e-07,-7.055642686831777028e-08,-1.718335747847006316e-07,-7.055642686831782322e-08,-1.718335747847006316e-07,-7.055642686831777028e-08,-1.718335747847006316e-07,-7.055642686831782322e-08,1.229936857171037493e-08,5.402744328938918056e-08,1.396435277001759848e-09,-6.748800767593981425e-10,7.722715467031576964e+01,-7.078332424748703033e+01,7.537169890315646680e-07,3.118750321570881781e-07,7.537169890304746424e-07,3.118750321611863882e-07,7.537169890305559576e-07,3.118750321613419776e-07,-2.299114002742107916e-05,5.598594703160417212e-05,-2.299114002742106222e-05,5.598594703160416535e-05,-2.299114002742107916e-05,5.598594703160417212e-05,-2.299114002742108255e-05,5.598594703160417212e-05
7.753078943817548454e+07,-1.383042891402431131e-10,4.513802966653233250e-11,6.742339611729495299e-12,-8.910039621618811251e-12,-7.961830963743350420e-01,2.151321721663753406e-01,-7.163706348695887873e-10,1.960490048660082939e-09,-7.163706348748496560e-10,1.960490048659632953e-09,-7.163706348734614402e-10,1.960490048660611921e-09,-1.652366790616686435e-07,-5.996605206653553563e-08,-1.652366790616686435e-07,-5.996605206653553563e-08,-1.652366790616687494e-07,-5.996605206653553563e-08,-1.652366790616687494e-07,-5.996605206653540328e-08,1.416229517422698886e-08,4.821481778438679068e-08,1.205433893439546030e-09,-5.971226804143134152e-10,7.504913438141738879e+01,-7.109746807321569406e+01,6.838922314285265788e-07,2.499203809294599527e-07,6.838922314277339677e-07,2.499203809330392492e-07,6.838922314278307412e-07,2.499203809332199849e-07,-1.898598345038900485e-05,5.230884120769647175e-05,-1.898598345038900485e-05,5.230884120769647175e-05,-1.898598345038900485e-05,5.230884120769647175e-05,-1.898598345038896419e-05,5.230884120769645819e-05
7.979530421363815665e+07,-1.260287951340941835e-10,4.977432673366215999e-11,5.689965451098972892e-12,-8.465633484592335081e-12,-7.895468194846206877e-01,2.149478245970672941e-01,-5.820167917035385524e-10,1.824960197151195486e-09,-5.820167917080964210e-10,1.824960197151143374e-09,-5.820167917067615583e-10,1.824960197151970348e-09,-1.583899732527333883e-07,-5.020700251416778740e-08,-1.583899732527333883e-07,-5.020700251416778740e-08,-1.583899732527333883e-07,-5.020700251416778740e-08,-1.583899732527334942e-07,-5.020700251416778740e-08,1.547519871046540978e-08,4.278578375967976000e-08,1.042494228843325442e-09,-5.265460438602695726e-10,7.285695293119790961e+01,-7.132904343165574801e+01,6.185485589645971501e-07,1.972888836871674293e-07,6.185485589640624606e-07,1.972888836903184448e-07,6.185485589641495991e-07,1.972888836904786399e-07,-1.544533831311940340e-05,4.871850538054768299e-05,-1.544533831311940340e-05,4.871850538054768299e-05,-1.544533831311940340e-05,4.871850538054768299e-05,-1.544533831311941695e-05,4.871850538054769655e-05
8.212596080457115173e+07,-1.141997703778035005e-10,5.324392981582868463e-11,4.754715988328382878e-12,-7.994050387871070145e-12,-7.829467378441176129e-01,2.145441808507835557e-01,-4.641569267446652872e-10,1.693556111419700976e-09,-4.641569267489704521e-10,1.693556111419717726e-09,-4.641569267484491215e-10,1.693556111420005171e-09,-1.513626423795708974e-07,-4.126427699017733320e-08,-1.513626423795708974e-07,-4.126427699017733320e-08,-1.513626423795708974e-07,-4.126427699017728026e-08,-1.513626423795708974e-07,-4.126427699017730673e-08,1.631296903472150371e-08,3.775397747546132935e-08,9.034267948994848828e-10,-4.631260465757464377e-10,7.065653889814436184e+01,-7.147829588250466770e+01,5.577214830540830274e-07,1.528751992194641766e-07,5.577214830537294970e-07,1.528751992221868052e-07,5.577214830537606255e-07,1.528751992222427094e-07,-1.233432614907813169e-05,4.523583352477430401e-05,-1.233432614907813169e-05,4.523583352477430401e-05,-1.233432614907812830e-05,4.523583352477427013e-05,-1.233432614907812153e-05,4.523583352477428368e-05
8.452469107726262510e+07,-1.028955211882820698e-10,5.565610068999631628e-11,3.928953039263864784e-12,-7.506205112525427511e-12,-7.763957374269319089e-01,2.139258929972581436e-01,-3.614326582570930422e-10,1.566936796636189991e-09,-3.614326582611078667e-10,1.566936796636305796e-09,-3.614326582602914394e-10,1.566936796636706565e-09,-1.442196949410717151e-07,-3.311701966572632653e-08,-1.442196949410717151e-07,-3.311701966572632653e-08,-1.442196949410717151e-07,-3.311701966572633977e-08,-1.442196949410717151e-07,-3.311701966572630006e-08,1.674624156143339625e-08,3.312465448796845073e-08,7.846099403198341237e-10,-4.066210595963615086e-10,6.845366304114159561e+01,-7.154592654688225650e+01,5.013795908660272925e-07,1.156664944892700434e-07,5.013795908658180754e-07,1.156664944916175555e-07,5.013795908658648739e-07,1.156664944917013588e-07,-9.618434325079748147e-06,4.187801564631763709e-05,-9.618434325079748147e-06,4.187801564631763709e-05,-9.618434325079737983e-06,4.187801564631765742e-05,-9.618434325079741371e-06,4.187801564631763032e-05
8.699348332383856177e+07,-9.217768913194458988e-11,5.712205594463294031e-11,3.204692839899964554e-12,-7.011467544256008562e-12,-7.699061334217041086e-01,2.130984775589277458e-01,-2.725191530115714055e-10,1.445623606468754354e-09,-2.725191530152548408e-10,1.445623606468995478e-09,-2.725191530142563304e-10,1.445623606469409275e-09,-1.370214972818831643e-07,-2.573925499987056769e-08,-1.370214972818831643e-07,-2.573925499987056769e-08,-1.370214972818831643e-07,-2.573925499987054122e-08,-1.370214972818831113e-07,-2.573925499987062063e-08,1.684072169326779274e-08,2.889581173963953786e-08,6.829337742987556732e-10,-3.566393387578513368e-10,6.625390131483437983e+01,-7.153306492416790263e+01,4.494359456082958517e-07,8.474027819411866225e-08,4.494359456082014075e-07,8.474027819614209162e-08,4.494359456082548764e-07,8.474027819623710489e-08,-7.263858768520135365e-06,3.865875477236576383e-05,-7.263858768520135365e-06,3.865875477236576383e-05,-7.263858768520137059e-06,3.865875477236576383e-05,-7.263858768520141294e-06,3.865875477236577738e-05
8.953438391034539044e+07,-8.209207862504624268e-11,5.775273116408256483e-11,2.573792761129785474e-12,-6.517748163952266542e-12,-7.634896056695145150e-01,2.120682435923633147e-01,-1.961361279342508720e-10,1.330010887965932346e-09,-1.961361279370174809e-10,1.330010887966488211e-09,-1.961361279364961504e-10,1.330010887966676602e-09,-1.298234262714675950e-07,-1.910064399811929812e-08,-1.298234262714675950e-07,-1.910064399811929812e-08,-1.298234262714674892e-07,-1.910064399811919224e-08,-1.298234262714676480e-07,-1.910064399811927165e-08,1.665671504762354073e-08,2.505931515719392358e-08,5.957444366403345784e-10,-3.126936992827306736e-10,6.406260192106574891e+01,-7.144123871823778416e+01,4.017586005906080916e-07,5.926134990348378805e-08,4.017586005906312262e-07,5.926134990527594433e-08,4.017586005906572195e-07,5.926134990532252452e-08,-5.237801628531817723e-06,3.558851415334550797e-05,-5.237801628531817723e-06,3.558851415334550797e-05,-5.237801628531814334e-06,3.558851415334548087e-05,-5.237801628531826193e-06,3.558851415334549442e-05
9.214949897296966612e+07,-7.266974513910726831e-11,5.765681855302528208e-11,2.028112975644479548e-12,-6.031599468020779063e-12,-7.571571435760157120e-01,2.108422161212910872e-01,-1.310569884935353001e-10,1.220377300752084654e-09,-1.310569884964265031e-10,1.220377300752554493e-09,-1.310569884957747882e-10,1.220377300752756325e-09,-1.226756364185542726e-07,-1.316724377503666155e-08,-1.226756364185542726e-07,-1.316724377503666155e-08,-1.226756364185542197e-07,-1.316724377503670126e-08,-1.226756364185542726e-07,-1.316724377503666155e-08,1.624884726898019573e-08,2.160200082672193476e-08,5.207901174611778019e-10,-2.742448178669244274e-10,6.188485660467355132e+01,-7.127234126368711031e+01,3.581801689609559363e-07,3.847801915188013934e-08,3.581801689610222696e-07,3.847801915338465515e-08,3.581801689610533981e-07,3.847801915343992404e-08,-3.508722551068204924e-06,3.267478644101899594e-05,-3.508722551068204924e-06,3.267478644101899594e-05,-3.508722551068208735e-06,3.267478644101901627e-05,-3.508722551068204924e-06,3.267478644101899594e-05
9.484099616380083561e+07,-6.392828147634627840e-11,5.693909831310630100e-11,1.559652907237259837e-12,-5.558328489680711981e-12,-7.509190007228766506e-01,2.094280562242546440e-01,-7.611613352347835717e-11,1.116897514736822493e-09,-7.611613352556109455e-11,1.116897514737480516e-09,-7.611613352501660292e-11,1.116897514737606247e-09,-1.156229349856152811e-07,-7.902254122052400364e-09,-1.156229349856151223e-07,-7.902254122052426834e-09,-1.156229349856152811e-07,-7.902254122052360659e-09,-1.156229349856153870e-07,-7.902254122052373894e-09,1.566595330983264908e-08,1.850672335730146557e-08,4.561699018413825292e-10,-2.407345765126874844e-10,5.972547631437798543e+01,-7.102859714613475717e+01,3.185064181479950136e-07,2.171774731434092640e-08,3.185064181481303801e-07,2.171774731566878289e-08,3.185064181481556323e-07,2.171774731571323558e-08,-2.046543593671303963e-06,2.992237700073403580e-05,-2.046543593671309469e-06,2.992237700073404935e-05,-2.046543593671301422e-06,2.992237700073403919e-05,-2.046543593671301845e-06,2.992237700073403919e-05
9.761110644758410752e+07,-5.587324118719256246e-11,5.569907176016566307e-11,1.160663068965076833e-12,-5.102115998499497385e-12,-7.447846592189178994e-01,2.078339790571095691e-01,-3.021449815022560573e-11,1.019654016662697228e-09,-3.021449815193823149e-11,1.019654016663385236e-09,-3.021449815148953770e-11,1.019654016663471469e-09,-1.087047565834309021e-07,-3.266736851627052747e-09,-1.087047565834309021e-07,-3.266736851627052747e-09,-1.087047565834309551e-07,-3.266736851627006425e-09,-1.087047565834309021e-07,-3.266736851627003116e-09,1.495111352817969175e-08,1.575333076941202404e-08,4.002862094547508625e-10,-2.116108676364485796e-10,5.758897126513437570e+01,-7.071252660100570608e+01,2.825238826419951936e-07,8.382359223277615736e-09,2.825238826421659236e-07,8.382359224422546201e-09,2.825238826421854583e-07,8.382359224457357270e-09,-8.228089828839300800e-07,2.733369409955931323e-05,-8.228089828839300800e-07,2.733369409955931323e-05,-8.228089828839249978e-07,2.733369409955930984e-05,-8.228089828839241508e-07,2.733369409955929290e-05
1.004621259509528577e+08,-4.849964194269428493e-11,5.402989321212530086e-11,8.237335273944318837e-13,-4.666138455541883580e-12,-7.387628036594626746e-01,2.060686710435322144e-01,7.676559036552494504e-12,9.286487866263520199e-10,7.676559035131088019e-12,9.286487866270433361e-10,7.676559035261213869e-12,9.286487866270600865e-10,-1.019552271388545792e-07,7.797040369174902627e-10,-1.019552271388545792e-07,7.797040369174902627e-10,-1.019552271388545792e-07,7.797040369174505580e-10,-1.019552271388545263e-07,7.797040369175167325e-10,1.414181268122422600e-08,1.331955087025673280e-08,3.518013254285030012e-10,-1.863452338805945495e-10,5.547953536110984629e+01,-7.032690925262819803e+01,2.500065103071849083e-07,-2.057037859410346102e-09,2.500065103073757025e-07,-2.057037858428610100e-09,2.500065103073812082e-07,-2.057037858419007774e-09,1.891980926763768393e-07,2.490903944046084416e-05,1.891980926763768393e-07,2.490903944046084416e-05,1.891980926763848861e-07,2.490903944046084416e-05,1.891980926763819215e-07,2.490903944046083060e-05
1.033964178656732142e+08,-4.179349705997668302e-11,5.201758839353734993e-11,5.418607121940979494e-13,-4.252689358704716184e-12,-7.328613043982536990e-01,2.041412073833961116e-01,3.851289185959921629e-11,8.438146394901589529e-10,3.851289185814663543e-11,8.438146394908058081e-10,3.851289185830292087e-11,8.438146394908223517e-10,-9.540330603433622320e-08,4.278290971435038522e-09,-9.540330603433622320e-08,4.278290971435038522e-09,-9.540330603433622320e-08,4.278290971435064992e-09,-9.540330603433622320e-08,4.278290971435012053e-09,1.327019774917955930e-08,1.118177936691302494e-08,3.095982823070921718e-10,-1.644446306247348787e-10,5.340103486356971985e+01,-6.987474772590101679e+01,2.207213756286607781e-07,-1.006530232761471160e-08,2.207213756288504870e-07,-1.006530232679565390e-08,2.207213756288567604e-07,-1.006530232678455479e-08,1.014378672083590408e-06,2.264689334011086300e-05,1.014378672083590408e-06,2.264689334011086300e-05,1.014378672083591255e-06,2.264689334011085623e-05,1.014378672083590408e-06,2.264689334011086639e-05
1.064164144074785709e+08,-3.573332996753463313e-11,4.974053962203091739e-11,3.084946313983019413e-13,-3.863297194051069209e-12,-7.270872097121746647e-01,2.020609709562101175e-01,6.317657346104885141e-11,7.650260612948884032e-10,6.317657345995397447e-11,7.650260612955352584e-10,6.317657346017783023e-11,7.650260612955484933e-10,-8.907299459692304151e-08,7.270497420698389576e-09,-8.907299459692304151e-08,7.270497420698389576e-09,-8.907299459692309445e-08,7.270497420698377996e-09,-8.907299459692309445e-08,7.270497420698425972e-09,1.236341130942300498e-08,9.315764754464018273e-09,2.727461567471128307e-10,-1.454584857341919978e-10,5.135700113059494498e+01,-6.935923161797461489e+01,1.944335080436471788e-07,-1.604856156300796637e-08,1.944335080438460198e-07,-1.604856156230214639e-08,1.944335080438550195e-07,-1.604856156228628107e-08,1.675777614827746022e-06,2.054418973260338581e-05,1.675777614827746022e-06,2.054418973260338581e-05,1.675777614827748351e-06,2.054418973260339597e-05,1.675777614827750469e-06,2.054418973260338581e-05
1.095246188321176022e+08,-3.029163366136177558e-11,4.726921246143454219e-11,1.175687608865236715e-13,-3.498837785649544058e-12,-7.214467463050682206e-01,1.998375735683098620e-01,8.247611043246088023e-11,6.921094059282283118e-10,8.247611043151443051e-11,6.921094059288452851e-10,8.247611043175183134e-11,6.921094059288453885e-10,-8.298359892252346964e-08,9.797533468429217236e-09,-8.298359892252346964e-08,9.797533468429217236e-09,-8.298359892252346964e-08,9.797533468429247014e-09,-8.298359892252346964e-08,9.797533468429260249e-09,1.144397871792877873e-08,7.697189162517374424e-09,2.404696885911686892e-10,-1.289821005550231732e-10,4.935062719657917540e+01,-6.878370227408653648e+01,1.709098948066762998e-07,-2.035947365016458261e-08,1.709098948068710380e-07,-2.035947364956778503e-08,1.709098948068805936e-07,-2.035947364955134068e-08,2.194575617692178897e-06,1.859657708298557074e-05,2.194575617692178897e-06,1.859657708298557074e-05,2.194575617692187368e-06,1.859657708298557413e-05,2.194575617692183979e-06,1.859657708298557752e-05
1.127236075102868527e+08,-2.543624477390671219e-11,4.466609474226612167e-11,-3.648502941415241990e-14,-3.159639386031901133e-12,-7.159453275117745319e-01,1.974807803872035972e-01,9.714769472916244546e-11,6.248523512465028593e-10,9.714769472819516113e-11,6.248523512470917085e-10,9.714769472843214838e-11,6.248523512470867454e-10,-7.715003521122896750e-08,1.189989517181443972e-08,-7.715003521122896750e-08,1.189989517181443972e-08,-7.715003521122891456e-08,1.189989517181444633e-08,-7.715003521122896750e-08,1.189989517181444633e-08,1.053022942959288206e-08,6.302147797928725600e-09,2.121230122609312748e-10,-1.146572974285527289e-10,4.738476791871521243e+01,-6.815161875687550719e+01,1.499227258671168861e-07,-2.330236587787531246e-08,1.499227258672983365e-07,-2.330236587738226980e-08,1.499227258673075215e-07,-2.330236587736633499e-08,2.590109445863602442e-06,1.679866218051641419e-05,2.590109445863602442e-06,1.679866218051641419e-05,2.590109445863601172e-06,1.679866218051641758e-05,2.590109445863602442e-06,1.679866218051641419e-05
1.160160320631678998e+08,-2.113160934537767828e-11,4.198581676142205792e-11,-1.587341545418180616e-13,-2.845579354595506206e-12,-7.105875684868797615e-01,1.950004382774714329e-01,1.078573241326271500e-10,5.630125456015908481e-10,1.078573241320169492e-10,5.630125456021334786e-10,1.078573241320304167e-10,5.630125456021301699e-10,-7.158316629930120268e-08,1.361697861236364220e-08,-7.158316629930120268e-08,1.361697861236364220e-08,-7.158316629930114974e-08,1.361697861236363558e-08,-7.158316629930114974e-08,1.361697861236363558e-08,9.636735222924571671e-09,5.107532352135035016e-09,1.871672075519430185e-10,-1.021710799034266870e-10,4.546194338287364189e+01,-6.746652534386426225e+01,1.312519532507339330e-07,-2.513818355923166117e-08,1.312519532509146951e-07,-2.513818355880250332e-08,1.312519532509153833e-07,-2.513818355880163643e-08,2.879916097489261053e-06,1.514423462340210826e-05,2.879916097489261053e-06,1.514423462340210826e-05,2.879916097489262747e-06,1.514423462340211165e-05,2.879916097489262323e-06,1.514423462340210995e-05
1.194046215603391230e+08,-1.733992446234180135e-11,3.927542087087301455e-11,-2.537533236949848600e-13,-2.556171720411969413e-12,-7.053773076088055705e-01,1.924064086201943968e-01,1.152036269528889689e-10,5.063254045678262038e-10,1.152036269521449974e-10,5.063254045683572537e-10,1.152036269524038533e-10,5.063254045683241665e-10,-6.629015883933154908e-08,1.498675787083715959e-08,-6.629015883933154908e-08,1.498675787083715959e-08,-6.629015883933149614e-08,1.498675787083716621e-08,-6.629015883933149614e-08,1.498675787083716621e-08,8.774750713199551751e-09,4.091325770383006286e-09,1.651513244840614236e-10,-9.125293820694179471e-11,4.358434523602532806e+01,-6.673202083168003185e+01,1.146872397679184619e-07,-2.608919718411504806e-08,1.146872397680787496e-07,-2.608919718376966376e-08,1.146872397680885832e-07,-2.608919718375267678e-08,3.079796683776876670e-06,1.362647058278177002e-05,3.079796683776876670e-06,1.362647058278177002e-05,3.079796683776877517e-06,1.362647058278175986e-05,3.079796683776877517e-06,1.362647058278175986e-05
1.228921847818839401e+08,-1.402214639001891594e-11,3.657474931700410086e-11,-3.256407472470863179e-13,-2.290645312409415099e-12,-7.003176333093900086e-01,1.897085050871327727e-01,1.197212353433939985e-10,4.545110431451507366e-10,1.197212353428646546e-10,4.545110431456287436e-10,1.197212353430045257e-10,4.545110431456056343e-10,-6.127485154233570105e-08,1.604552473324263114e-08,-6.127485154233564811e-08,1.604552473324262452e-08,-6.127485154233570105e-08,1.604552473324263114e-08,-6.127485154233570105e-08,1.604552473324262452e-08,7.952644195207170823e-09,3.232817157657805601e-09,1.456965099700029800e-10,-8.167130866815504259e-11,4.175384560159583458e+01,-6.595172986661292214e+01,1.000293719066049707e-07,-2.634342937391690842e-08,1.000293719067576616e-07,-2.634342937362143619e-08,1.000293719067630350e-07,-2.634342937361244639e-08,3.203895977682104258e-06,1.223811512933856660e-05,3.203895977682102987e-06,1.223811512933856999e-05,3.203895977682104258e-06,1.223811512933856660e-05,3.203895977682104258e-06,1.223811512933856491e-05
1.264816125465706289e+08,-1.113886147710653589e-11,3.391692085993836395e-11,-3.780405950699137485e-13,-2.048012460720131568e-12,-6.954109155073227022e-01,1.869164366829986490e-01,1.218845634041681511e-10,4.072803504539578283e-10,1.218845634037264625e-10,4.072803504543986121e-10,1.218845634037669685e-10,4.072803504543919947e-10,-5.653812598027149777e-08,1.682768680814290785e-08,-5.653812598027149777e-08,1.682768680814290785e-08,-5.653812598027147130e-08,1.682768680814290124e-08,-5.653812598027149777e-08,1.682768680814292771e-08,7.176309436066097331e-09,2.512746384323306245e-09,1.284828577194447774e-10,-7.322958464149466370e-11,3.997200821955548378e+01,-6.512927647121880170e+01,8.709120987999147493e-08,-2.605877535443459365e-08,8.709120988013171183e-08,-2.605877535418771994e-08,8.709120988013307502e-08,-2.605877535418523178e-08,3.264793847433115348e-06,1.097164300874130319e-05,3.264793847433115348e-06,1.097164300874130319e-05,3.264793847433117042e-06,1.097164300874129980e-05,3.264793847433119583e-06,1.097164300874130319e-05
1.301758801080334187e+08,-8.651020928837217510e-12,3.132886910996598174e-11,-4.141699706397534553e-13,-1.827128530077031508e-12,-6.906588408567162496e-01,1.840397562956655186e-01,1.221118597543709594e-10,3.643402320262454428e-10,1.221118597539838130e-10,3.643402320266564998e-10,1.221118597541253385e-10,3.643402320266217582e-10,-5.207827261938658147e-08,1.736561983310871733e-08,-5.207827261938658147e-08,1.736561983310871733e-08,-5.207827261938660794e-08,1.736561983310874380e-08,-5.207827261938660794e-08,1.736561983310875703e-08,6.449551443204444887e-09,1.913388252254874919e-09,1.132386122221690042e-10,-6.576197929068119290e-11,3.824010146483798422e+01,-6.426825987830341091e+01,7.569824442428652482e-08,-2.536680141032397934e-08,7.569824442441332829e-08,-2.536680141011958302e-08,7.569824442441875460e-08,-2.536680141011075534e-08,3.273605108725639770e-06,9.819398262166762368e-06,3.273605108725639770e-06,9.819398262166762368e-06,3.273605108725639770e-06,9.819398262166760674e-06,3.273605108725637653e-06,9.819398262166760674e-06
1.339780496209411472e+08,-6.520544410728667969e-12,2.883191845602362586e-11,-4.368488906602792403e-13,-1.626742741935097843e-12,-6.860624510201597248e-01,1.810878148460913217e-01,1.207694193443395411e-10,3.253980590838626009e-10,1.207694193439904450e-10,3.253980590842455338e-10,1.207694193440798839e-10,3.253980590842215456e-10,-4.789134593705532032e-08,1.768956934161252999e-08,-4.789134593705526738e-08,1.768956934161251675e-08,-4.789134593705529385e-08,1.768956934161255646e-08,-4.789134593705526738e-08,1.768956934161252999e-08,5.774441405523961967e-09,1.418585960957587656e-09,9.973137847869618812e-11,-5.912945820691025162e-11,3.655911289652731000e+01,-6.337223274078892388e+01,6.568882540590239760e-08,-2.437621510869658664e-08,6.568882540601599266e-08,-2.437621510852852008e-08,6.568882540601947344e-08,-2.437621510852297135e-08,3.240084697893163610e-06,8.773713499679171670e-06,3.240084697893163610e-06,8.773713499679175058e-06,3.240084697893164457e-06,8.773713499679171670e-06,3.240084697893163610e-06,8.773713499679169976e-06
1.378912726791975796e+08,-4.710800453757787756e-12,2.644237668626181924e-11,-4.485319857191906519e-13,-1.445540883138157102e-12,-6.816221832287613358e-01,1.780697210646069728e-01,1.181758546292833607e-10,2.901653750853731208e-10,1.181758546289438806e-10,2.901653750857403373e-10,1.181758546290774445e-10,2.901653750856964967e-10,-4.397150365089846675e-08,1.782759645030545510e-08,-4.397150365089846675e-08,1.782759645030545510e-08,-4.397150365089846675e-08,1.782759645030545510e-08,-4.397150365089846675e-08,1.782759645030546833e-08,5.151637901056634682e-09,1.013743180153268458e-09,8.776101757612588268e-11,-5.321589157002730262e-11,3.492976501224877239e+01,-6.244468173737998029e+01,5.691412199506823848e-08,-2.317600883105379423e-08,5.691412199516844645e-08,-2.317600883091776603e-08,5.691412199517360144e-08,-2.317600883090954716e-08,3.172735451955197873e-06,7.827009956182632048e-06,3.172735451955197873e-06,7.827009956182632048e-06,3.172735451955197873e-06,7.827009956182632048e-06,3.172735451955201684e-06,7.827009956182632048e-06
1.419187929282774031e+08,-3.186973770250536787e-12,2.417212674419531221e-11,-4.513408570679581474e-13,-1.282180591100510847e-12,-6.773379124164611298e-01,1.749943067942560382e-01,1.146063417728789905e-10,2.583609174083288749e-10,1.146063417726693390e-10,2.583609174086349318e-10,1.146063417727164754e-10,2.583609174086175610e-10,-4.031132619938085618e-08,1.780556235223692406e-08,-4.031132619938085618e-08,1.780556235223692406e-08,-4.031132619938088265e-08,1.780556235223695053e-08,-4.031132619938085618e-08,1.780556235223692406e-08,4.580673068206813352e-09,6.857833617252647272e-10,7.715394102974076849e-11,-4.792452077444651024e-11,3.335253189165360510e+01,-6.148901055969295015e+01,4.923786835853375848e-08,-2.183828449196410555e-08,4.923786835862616448e-08,-2.183828449184748632e-08,4.923786835862801736e-08,-2.183828449184454487e-08,3.078916177432176532e-06,6.971879693289365125e-06,3.078916177432176532e-06,6.971879693289365125e-06,3.078916177432176532e-06,6.971879693289365972e-06,3.078916177432176532e-06,6.971879693289365125e-06
1.460639487538630962e+08,-1.916331000565841568e-12,2.202920335860516415e-11,-4.470962296969690348e-13,-1.135319956911297001e-12,-6.732089942917169889e-01,1.718700976904669331e-01,1.102967723426813540e-10,2.297130168676526312e-10,1.102967723424667136e-10,2.297130168679479088e-10,1.102967723425547954e-10,2.297130168679106857e-10,-3.690211365852639494e-08,1.764714607079109556e-08,-3.690211365852634200e-08,1.764714607079108232e-08,-3.690211365852639494e-08,1.764714607079109556e-08,-3.690211365852639494e-08,1.764714607079109556e-08,4.060203746054873796e-09,4.230840999945654389e-10,6.775855149350553476e-11,-4.317479156633736613e-11,3.182765644499525237e+01,-6.050852522727667804e+01,4.253594282391895260e-08,-2.042077224249989950e-08,4.253594282399926853e-08,-2.042077224240652073e-08,4.253594282400290813e-08,-2.042077224240107127e-08,2.964948072162335642e-06,6.201151469268773771e-06,2.964948072162336489e-06,6.201151469268775465e-06,2.964948072162335642e-06,6.201151469268773771e-06,2.964948072162335219e-06,6.201151469268773771e-06
1.503301760490114689e+08,-8.683971327020133546e-13,2.001834342119590144e-11,-4.373492296970148581e-13,-1.003640204794954639e-12,-6.692343087491988696e-01,1.687052890860824550e-01,1.054477550893711377e-10,2.039614400307087088e-10,1.054477550892331924e-10,2.039614400309563977e-10,1.054477550892753915e-10,2.039614400309373725e-10,-3.373415821318807501e-08,1.737389017422383649e-08,-3.373415821318807501e-08,1.737389017422382326e-08,-3.373415821318808824e-08,1.737389017422384311e-08,-3.373415821318811471e-08,1.737389017422385634e-08,3.588228617235107629e-09,2.153934298955080326e-10,5.944161198845066229e-11,-3.889957349470457593e-11,3.035516799989882486e+01,-5.950642165228848057e+01,3.669582244860799431e-08,-1.896905966803395942e-08,3.669582244868055460e-08,-1.896905966795506293e-08,3.669582244868236116e-08,-1.896905966795247882e-08,2.836217934258988468e-06,5.507941887457572527e-06,2.836217934258988468e-06,5.507941887457574221e-06,2.836217934258990162e-06,5.507941887457574221e-06,2.836217934258990162e-06,5.507941887457571680e-06
1.547210110621432662e+08,-1.505502401970907826e-14,1.814150186762133251e-11,-4.234112805304568632e-13,-8.858631968363694450e-13,-6.654123030979255393e-01,1.655077267604960489e-01,1.002284252464219525e-10,1.808587395414331753e-10,1.002284252462621257e-10,1.808587395416809159e-10,1.002284252463504143e-10,1.808587395416353951e-10,-3.079699113432200322e-08,1.700526939202757594e-08,-3.079699113432200322e-08,1.700526939202757594e-08,-3.079699113432200322e-08,1.700526939202756932e-08,-3.079699113432200322e-08,1.700526939202757594e-08,3.162273155217670275e-09,5.373400327445427054e-11,5.208535880868522258e-11,-3.504276207546699677e-11,2.893489998985320710e+01,-5.848577534990587878e+01,3.161594909391816315e-08,-1.751855056225033087e-08,3.161594909398001640e-08,-1.751855056218866951e-08,3.161594909398376188e-08,-1.751855056218333255e-08,2.697276932499884710e-06,4.885693465480424368e-06,2.697276932499884710e-06,4.885693465480424368e-06,2.697276932499885558e-06,4.885693465480425215e-06,2.697276932499885981e-06,4.885693465480426062e-06
1.592400933282168806e+08,6.694198139405973196e-13,1.639832739110306200e-11,-4.063822578665362620e-13,-7.807644817861879840e-13,-6.617410346374605901e-01,1.622848922928847581e-01,9.478003039987837801e-11,1.601711761950621469e-10,9.478003039980186380e-11,1.601711761952552418e-10,9.478003039982647243e-11,1.601711761952412056e-10,-2.807960392600746019e-08,1.655877741397841409e-08,-2.807960392600746019e-08,1.655877741397841409e-08,-2.807960392600746019e-08,1.655877741397843394e-08,-2.807960392600746019e-08,1.655877741397840086e-08,2.779544716095145475e-09,-6.969985710058833279e-11,4.558520376577365555e-11,-3.155724405107577671e-11,2.756650753241682494e+01,-5.744953317333578013e+01,2.720503757197720517e-08,-1.609617398318265041e-08,2.720503757203381079e-08,-1.609617398312917814e-08,2.720503757203490929e-08,-1.609617398312767598e-08,2.551934023096077614e-06,4.328201250848356436e-06,2.551934023096077614e-06,4.328201250848356436e-06,2.551934023096078038e-06,4.328201250848355589e-06,2.551934023096077614e-06,4.328201250848357283e-06
1.638911686855154335e+08,1.208377605621942297e-12,1.478659455105394615e-11,-3.871766655917749113e-13,-6.871825622509195508e-13,-6.582182121964000876e-01,1.590438926907229156e-01,8.921927211937266664e-11,1.416792737676430303e-10,8.921927211929121520e-11,1.416792737678270780e-10,8.921927211931309671e-11,1.416792737678142309e-10,-2.557064390980253871e-08,1.605002754221210724e-08,-2.557064390980253871e-08,1.605002754221210724e-08,-2.557064390980253871e-08,1.605002754221210724e-08,-2.557064390980253871e-08,1.605002754221210724e-08,2.437060455060973467e-09,-1.616481206972914711e-10,3.984789886882960061e-11,-2.840319595263794851e-11,2.624948471947759288e+01,-5.640050693529717307e+01,2.338135130701490241e-08,-1.472186509635376743e-08,2.338135130706342483e-08,-1.472186509631152166e-08,2.338135130706440752e-08,-1.472186509631020314e-08,2.403343371877365434e-06,3.829629554913247198e-06,2.403343371877365434e-06,3.829629554913247198e-06,2.403343371877365434e-06,3.829629554913247198e-06,2.403343371877365434e-06,3.829629554913247198e-06
1.686780923805481493e+08,1.622855180343071643e-12,1.330259071918942352e-11,-3.665476980233518339e-13,-6.040249999711693867e-13,-6.548412362761077965e-01,1.557914538868733212e-01,8.364139139570591491e-11,1.251780638019026201e-10,8.364139139563666438e-11,1.251780638020696847e-10,8.364139139566230698e-11,1.251780638020535547e-10,-2.325858499034468475e-08,1.549286331715759824e-08,-2.325858499034468475e-08,1.549286331715759824e-08,-2.325858499034465828e-08,1.549286331715758501e-08,-2.325858499034468475e-08,1.549286331715757177e-08,2.131750922405315251e-09,-2.278907545669136450e-10,3.479006061036643386e-11,-2.554668063032756085e-11,2.498318145524063283e+01,-5.534136877421290990e+01,2.007196627089063100e-08,-1.340983946552937789e-08,2.007196627093265177e-08,-1.340983946549545025e-08,2.007196627093382637e-08,-1.340983946549390012e-08,2.254085382608819608e-06,3.384520292225664693e-06,2.254085382608819608e-06,3.384520292225664693e-06,2.254085382608819608e-06,3.384520292225664693e-06,2.254085382608819185e-06,3.384520292225664693e-06
1.736048322636393905e+08,1.931669619497482861e-12,1.194145784433457805e-11,-3.451091356311424588e-13,-5.302719193826893856e-13,-6.516072375456014587e-01,1.525339177843956784e-01,7.812299319786222273e-11,1.104770732147007247e-10,7.812299319781840801e-11,1.104770732148421467e-10,7.812299319784839331e-11,1.104770732148218808e-10,-2.113187474000040797e-08,1.489947567318643193e-08,-2.113187474000040797e-08,1.489947567318643193e-08,-2.113187474000043444e-08,1.489947567318643193e-08,-2.113187474000043444e-08,1.489947567318642531e-08,1.860542235925841337e-09,-2.733506375855741490e-10,3.033697176224215708e-11,-2.295850418389751086e-11,2.376681972076349680e+01,-5.427464811004280421e+01,1.721203978697985123e-08,-1.216968204150150951e-08,1.721203978701687253e-08,-1.216968204147349290e-08,1.721203978701827212e-08,-1.216968204147172604e-08,2.106241132612691935e-06,2.987794310354460325e-06,2.106241132612691935e-06,2.987794310354460325e-06,2.106241132612692358e-06,2.987794310354461172e-06,2.106241132612692782e-06,2.987794310354461172e-06
1.786754720778543651e+08,2.151536097790982376e-12,1.069749022828970095e-11,-3.233550869084245880e-13,-4.649774072963494678e-13,-6.485131134572887923e-01,1.492772424481772497e-01,7.272461160422399291e-11,9.740010270922954445e-11,7.272461160420041826e-11,9.740010270934845166e-11,7.272461160421802170e-11,9.740010270933543649e-11,-1.917905921488773056e-08,1.428052365043511866e-08,-1.917905921488773056e-08,1.428052365043511866e-08,-1.917905921488773056e-08,1.428052365043511866e-08,-1.917905921488771733e-08,1.428052365043511866e-08,1.620419665298489707e-09,-3.021918064717658552e-10,2.642159604357647702e-11,-2.061329605290784516e-11,2.259950915470821542e+01,-5.320273003834660130e+01,1.474409710793204406e-08,-1.100727131617749651e-08,1.474409710796448443e-08,-1.100727131615437681e-08,1.474409710796535132e-08,-1.100727131615334780e-08,1.961460188180063729e-06,2.634746976075378409e-06,1.961460188180063729e-06,2.634746976075378409e-06,1.961460188180063729e-06,2.634746976075378409e-06,1.961460188180063729e-06,2.634746976075377985e-06
1.838942148439874947e+08,2.297202459379092941e-12,9.564390422145804456e-12,-3.016776384032700029e-13,-4.072692449707981300e-13,-6.455555628226808951e-01,1.460270050834442668e-01,6.749302175421038054e-11,8.578483899367948230e-11,6.749302175416613930e-11,8.578483899380480016e-11,6.749302175419797283e-11,8.578483899378060512e-11,-1.738888711851177914e-08,1.364525612568958418e-08,-1.738888711851177914e-08,1.364525612568958418e-08,-1.738888711851177914e-08,1.364525612568958418e-08,-1.738888711851176591e-08,1.364525612568957756e-08,1.408475326807195291e-09,-3.179117158927176982e-10,2.298375550603634813e-11,-1.848877694632802466e-11,2.148026186985387653e+01,-5.212785500869079414e+01,1.261734549281289637e-08,-9.925558004535363865e-09,1.261734549283957625e-08,-9.925558004518433132e-09,1.261734549284111977e-08,-9.925558004516550469e-09,1.821021907677113657e-06,2.321039159716696338e-06,1.821021907677113657e-06,2.321039159716696338e-06,1.821021907677113657e-06,2.321039159716696338e-06,1.821021907677113657e-06,2.321039159716696338e-06
1.892653863444194198e+08,2.381594187183076075e-12,8.535486006401055308e-12,-2.803825111263497649e-13,-3.563473493909555344e-13,-6.427311182321769900e-01,1.427884074412670845e-01,6.246330860870650280e-11,7.548233877651128902e-11,6.246330860869843779e-11,7.548233877660040480e-11,6.246330860871043191e-11,7.548233877659089223e-11,-1.575039505166223908e-08,1.300163244959092017e-08,-1.575039505166223908e-08,1.300163244959092017e-08,-1.575039505166223246e-08,1.300163244959091355e-08,-1.575039505166223246e-08,1.300163244959091355e-08,1.221942496860748237e-09,-3.234266651127368289e-10,1.996943226510902272e-11,-1.656518228417406873e-11,2.040800644383815055e+01,-5.105211963745237114e+01,1.078702279204254391e-08,-8.925216318139913645e-09,1.078702279206682828e-08,-8.925216318124880465e-09,1.078702279206741393e-08,-8.925216318124174053e-09,1.685890447710066658e-06,2.042684631916162894e-06,1.685890447710066658e-06,2.042684631916162894e-06,1.685890447710066658e-06,2.042684631916162047e-06,1.685890447710066658e-06,2.042684631916162047e-06
1.947934387087302208e+08,2.415964486747919453e-12,7.603910446688507137e-12,-2.597028464357899367e-13,-3.114812447955744824e-13,-6.400361762467660087e-01,1.395662833047060514e-01,5.766070526008766413e-11,6.635641761480368057e-11,5.766070526007669753e-11,6.635641761488866045e-11,5.766070526008642336e-11,6.635641761487976826e-11,-1.425297564773427785e-08,1.235644027008337334e-08,-1.425297564773427785e-08,1.235644027008337334e-08,-1.425297564773427785e-08,1.235644027008336672e-08,-1.425297564773427785e-08,1.235644027008336672e-08,1.058218829757606355e-09,-3.211499278570692205e-10,1.733016564040110877e-11,-1.482481237114076974e-11,1.938160104195782196e+01,-4.997747850999096642e+01,9.213785271216702141e-09,-8.005184467588026654e-09,9.213785271237163281e-09,-8.005184467576479213e-09,9.213785271237684405e-09,-8.005184467575915075e-09,1.556763768424713895e-06,1.796034761446574439e-06,1.556763768424713895e-06,1.796034761446574439e-06,1.556763768424714742e-06,1.796034761446575922e-06,1.556763768424714531e-06,1.796034761446574228e-06
2.004829541040410399e+08,2.410045192798840106e-12,6.762751456340958635e-12,-2.398112601145254028e-13,-2.720068342294542384e-13,-6.374670253288845512e-01,1.363651077272891865e-01,5.310221543974212079e-11,5.828297203192466208e-11,5.310221543972971308e-11,5.828297203200365783e-11,5.310221543974449247e-11,5.828297203199083653e-11,-1.288643040023091766e-08,1.171540918086000753e-08,-1.288643040023091766e-08,1.171540918086000753e-08,-1.288643040023091104e-08,1.171540918086000753e-08,-1.288643040023091766e-08,1.171540918086002076e-08,9.148805251764991569e-10,-3.130624283090915279e-10,1.502252319228261766e-11,-1.325168427857615218e-11,1.839984564672270295e+01,-4.890574683383885457e+01,7.863137527005929775e-09,-7.163109545540768942e-09,7.863137527023178145e-09,-7.163109545531942925e-09,7.863137527023934188e-09,-7.163109545531095892e-09,1.434116991735887478e-06,1.577761281891034617e-06,1.434116991735887478e-06,1.577761281891034617e-06,1.434116991735887478e-06,1.577761281891033982e-06,1.434116991735887054e-06,1.577761281891034194e-06
2.063386485331430435e+08,2.372195100935252010e-12,6.005170382750467630e-12,-2.208303114980995790e-13,-2.373226946245086646e-13,-6.350198715143449135e-01,1.331890077169476938e-01,4.879803606160455971e-11,5.114925896819175619e-11,4.879803606160870208e-11,5.114925896824955543e-11,4.879803606160941294e-11,5.114925896824883165e-11,-1.164100895442519974e-08,1.108331915541546945e-08,-1.164100895442519974e-08,1.108331915541548269e-08,-1.164100895442519974e-08,1.108331915541548269e-08,-1.164100895442518651e-08,1.108331915541546945e-08,7.896892464919497266e-10,-3.007760430294406417e-10,1.300762988441365294e-11,-1.183126412455762778e-11,1.746149338363098735e+01,-4.783860381248558014e+01,6.704905828743173913e-09,-6.395710448335684661e-09,6.704905828758568572e-09,-6.395710448328023314e-09,6.704905828758602486e-09,-6.395710448327987745e-09,1.318240504266494676e-06,1.384837781092598703e-06,1.318240504266494041e-06,1.384837781092597856e-06,1.318240504266494253e-06,1.384837781092597856e-06,1.318240504266494676e-06,1.384837781092598279e-06
2.123653757435618341e+08,2.309543120080957289e-12,5.324496099301347373e-12,-2.028415367851429577e-13,-2.068860778249277350e-13,-6.326908618556064123e-01,1.300417740782095766e-01,4.475279623328208929e-11,4.485315263420573714e-11,4.475279623328188895e-11,4.485315263426198542e-11,4.475279623328880367e-11,4.485315263425516118e-11,-1.050743656748731821e-08,1.046410301104404571e-08,-1.050743656748732482e-08,1.046410301104405233e-08,-1.050743656748731159e-08,1.046410301104405233e-08,-1.050743656748731159e-08,1.046410301104405894e-08,6.805933517856827201e-10,-2.855897852354946673e-10,1.125074396336375674e-11,-1.055026194452501536e-11,1.656526094558703122e+01,-4.677759661803438007e+01,5.712755015309894792e-09,-5.699071032761428412e-09,5.712755015322726017e-09,-5.699071032755734101e-09,5.712755015323095767e-09,-5.699071032755341190e-09,1.209273218205545517e-06,1.214520462010463485e-06,1.209273218205545093e-06,1.214520462010463061e-06,1.209273218205545728e-06,1.214520462010463485e-06,1.209273218205545517e-06,1.214520462010463485e-06
2.185681312507975698e+08,2.228124330996195985e-12,4.714296757857140200e-12,-1.858931934766044932e-13,-1.802087640092555643e-13,-6.304761056929837348e-01,1.269268741529284705e-01,4.096662927680716536e-11,3.930239522616314347e-11,4.096662927681151452e-11,3.930239522620914893e-11,4.096662927681512697e-11,3.930239522620563341e-11,-9.476931349105063250e-09,9.860942393185177820e-09,-9.476931349105063250e-09,9.860942393185177820e-09,-9.476931349105050015e-09,9.860942393185177820e-09,-9.476931349105056632e-09,9.860942393185184438e-09,5.857247722123690673e-10,-2.685392534698555315e-10,9.720871396061675527e-12,-9.396474534858817596e-12,1.570983812901257437e+01,-4.572414485044060228e+01,4.863748146568951300e-09,-5.068874305162778535e-09,4.863748146580026422e-09,-5.068874305158203399e-09,4.863748146580227426e-09,-5.068874305157985024e-09,1.107231411173356177e-06,1.064328627801236521e-06,1.107231411173356177e-06,1.064328627801236521e-06,1.107231411173356177e-06,1.064328627801236097e-06,1.107231411173356389e-06,1.064328627801236521e-06
2.249520564790757895e+08,2.133007623986237913e-12,4.168432564073599343e-12,-1.700068574182557723e-13,-1.568528829251443453e-13,-6.283716938293363308e-01,1.238474652199363507e-01,3.743609402961356612e-11,3.441385474586635668e-11,3.743609402961635785e-11,3.441385474590937007e-11,3.743609402962205764e-11,3.441385474590295942e-11,-8.541212785308023465e-09,9.276356980074226014e-09,-8.541212785308023465e-09,9.276356980074226014e-09,-8.541212785308023465e-09,9.276356980074226014e-09,-8.541212785308023465e-09,9.276356980074226014e-09,5.033926618114162667e-10,-2.504398098896194133e-10,8.390413076368395586e-12,-8.358664475629530902e-12,1.489389650397797027e+01,-4.467954538059215963e+01,4.137947411958665263e-09,-4.500587123398630839e-09,4.137947411967925550e-09,-4.500587123395207139e-09,4.137947411968261385e-09,-4.500587123394873785e-09,1.012033563203979402e-06,9.320252580688975200e-07,1.012033563203979402e-06,9.320252580688975200e-07,1.012033563203978978e-06,9.320252580688975200e-07,1.012033563203978978e-06,9.320252580688975200e-07
2.315224430230408907e+08,2.028414080260639855e-12,3.681092500882633468e-12,-1.551830061623776925e-13,-1.364267919078461296e-13,-6.263737157015973889e-01,1.208064083424654905e-01,3.415496113256523227e-11,3.011280034125678745e-11,3.415496113256876071e-11,3.011280034129463096e-11,3.415496113257111947e-11,3.011280034129163243e-11,-7.692502927902061188e-09,8.712286783086920211e-09,-7.692502927902061188e-09,8.712286783086920211e-09,-7.692502927902064497e-09,8.712286783086916903e-09,-7.692502927902064497e-09,8.712286783086920211e-09,4.320747517072173966e-10,-2.319240022791376380e-10,7.234840700974093925e-12,-7.426465979484414348e-12,1.411609724777843411e+01,-4.364497748430294877e+01,3.518054298501492415e-09,-3.989603672057837974e-09,3.518054298509315889e-09,-3.989603672055242281e-09,3.518054298509470985e-09,-3.989603672055092561e-09,9.235215975773483738e-07,8.155979673029421886e-07,9.235215975773483738e-07,8.155979673029421886e-07,9.235215975773486914e-07,8.155979673029425062e-07,9.235215975773481621e-07,8.155979673029417651e-07
2.382847370339249969e+08,1.917825663428996568e-12,3.246817662409212037e-12,-1.414057131169406481e-13,-1.185810774161592285e-13,-6.244782746547005159e-01,1.178062824751271442e-01,3.111487923433244993e-11,2.633220313088872363e-11,3.111487923433999796e-11,2.633220313091720966e-11,3.111487923434143906e-11,2.633220313091529357e-11,-6.923521506145940532e-09,8.170167561895440546e-09,-6.923521506145937223e-09,8.170167561895447163e-09,-6.923521506145933914e-09,8.170167561895443855e-09,-6.923521506145937223e-09,8.170167561895447163e-09,3.704071712383756348e-10,-2.134737656004870185e-10,6.232398385720210505e-12,-6.590310279041699564e-12,1.337509817751028507e+01,-4.262150818381000761e+01,2.989086682734681605e-09,-3.531354855042527866e-09,2.989086682741507499e-09,-3.531354855040352381e-09,2.989086682741609656e-09,-3.531354855040263459e-09,8.414789145485401973e-07,7.132405703215824137e-07,8.414789145485397737e-07,7.132405703215820961e-07,8.414789145485398796e-07,7.132405703215819902e-07,8.414789145485401973e-07,7.132405703215822020e-07
2.452445437338277102e+08,1.804084109608360224e-12,2.860513585476216952e-12,-1.286465668668186005e-13,-1.030047283447544524e-13,-6.226815014300314255e-01,1.148493986556780450e-01,2.830593511770160982e-11,2.301206837346265169e-11,2.830593511770698327e-11,2.301206837349010052e-11,2.830593511771081221e-11,2.301206837348518913e-11,-6.227476089375116167e-09,7.650999489306066759e-09,-6.227476089375116167e-09,7.650999489306066759e-09,-6.227476089375116167e-09,7.650999489306073376e-09,-6.227476089375116167e-09,7.650999489306066759e-09,3.171733490696292104e-10,-1.954479397964353823e-10,5.363827878393546592e-12,-5.841364980343775484e-12,1.266956002009167470e+01,-4.161009772314250199e+01,2.538090305123120338e-09,-3.121389740359966040e-09,2.538090305128751784e-09,-3.121389740358439065e-09,2.538090305128994975e-09,-3.121389740358225239e-09,7.656455849247706654e-07,6.233354224728229878e-07,7.656455849247706654e-07,6.233354224728229878e-07,7.656455849247708771e-07,6.233354224728229878e-07,7.656455849247706654e-07,6.233354224728230936e-07
2.524076320618487895e+08,1.689480153926975206e-12,2.517453691359814620e-12,-1.168679196016816437e-13,-8.942151427922590445e-14,-6.209795659986089289e-01,1.119378141723944564e-01,2.571712072891577022e-11,2.009880307787120379e-11,2.571712072892218087e-11,2.009880307789368953e-11,2.571712072892472058e-11,2.009880307789058760e-11,-5.598048306229026108e-09,7.155409288841240882e-09,-5.598048306229026108e-09,7.155409288841240882e-09,-5.598048306229022800e-09,7.155409288841244191e-09,-5.598048306229022800e-09,7.155409288841237573e-09,2.712924783101034427e-10,-1.781056257919539571e-10,4.612115732825592972e-12,-5.171483203931079655e-12,1.199815196637765524e+01,-4.061160511133321904e+01,2.153881986389401277e-09,-2.755434287650030078e-09,2.153881986394212160e-09,-2.755434287648838938e-09,2.153881986394368083e-09,-2.755434287648705349e-09,6.957310451775015005e-07,5.444366541644204330e-07,6.957310451775015005e-07,5.444366541644204330e-07,6.957310451775012888e-07,5.444366541644203271e-07,6.957310451775007594e-07,5.444366541644199036e-07
2.597799394559246898e+08,1.575833422817377849e-12,2.213275681305126021e-12,-1.060255582233142747e-13,-7.758658957022307180e-14,-6.193686878468611656e-01,1.090733465251144257e-01,2.333671903864900900e-11,1.754462165211814031e-11,2.333671903865442768e-11,1.754462165213871643e-11,2.333671903865614020e-11,1.754462165213659678e-11,-5.029377000540337674e-09,6.683706139322547806e-09,-5.029377000540337674e-09,6.683706139322551115e-09,-5.029377000540340983e-09,6.683706139322547806e-09,-5.029377000540340983e-09,6.683706139322547806e-09,2.318079194909239059e-10,-1.616258763195411494e-10,3.962261113205024007e-12,-4.573159459248299260e-12,1.135955654722550712e+01,-3.962679367895389504e+01,1.826821925546366958e-09,-2.429431789184612778e-09,1.826821925550360793e-09,-2.429431789183783529e-09,1.826821925550459021e-09,-2.429431789183700397e-09,6.314246093653600540e-07,4.752543782365916248e-07,6.314246093653597363e-07,4.752543782365914130e-07,6.314246093653601598e-07,4.752543782365917836e-07,6.314246093653600540e-07,4.752543782365916248e-07
2.673675767743327618e+08,1.464563454442671903e-12,1.943972478562888295e-12,-9.607088157066985508e-14,-6.728333448787613625e-14,-6.178451448609723062e-01,1.062575871540437505e-01,2.115261956644724665e-11,1.530699100178461123e-11,2.115261956645350544e-11,1.530699100180105145e-11,2.115261956645546676e-11,1.530699100179831141e-11,-4.516039096421294661e-09,6.235931684153681274e-09,-4.516039096421294661e-09,6.235931684153681274e-09,-4.516039096421291352e-09,6.235931684153681274e-09,-4.516039096421294661e-09,6.235931684153684582e-09,1.978758231785315211e-10,-1.461241848414262332e-10,3.401063080702570428e-12,-4.039490067724806188e-12,1.075247388586741870e+01,-3.865633659723248172e+01,1.548612467663836740e-09,-2.139568748517154571e-09,1.548612467667257752e-09,-2.139568748516514747e-09,1.548612467667381002e-09,-2.139568748516413004e-09,5.724040851802285063e-07,4.146399158992376741e-07,5.724040851802285063e-07,4.146399158992376741e-07,5.724040851802285063e-07,4.146399158992376212e-07,5.724040851802286121e-07,4.146399158992376212e-07
2.751768333609425426e+08,1.356752405934977296e-12,1.705879072161576851e-12,-8.695265766708137320e-14,-5.832043703463555144e-14,-6.164052809204981775e-01,1.034919148030526981e-01,1.915257335572350879e-11,1.334811548468162207e-11,1.915257335572924413e-11,1.334811548469591517e-11,1.915257335573090172e-11,1.334811548469320099e-11,-4.053028832071087758e-09,5.811904519869447773e-09,-4.053028832071087758e-09,5.811904519869447773e-09,-4.053028832071079486e-09,5.811904519869444464e-09,-4.053028832071081140e-09,5.811904519869447773e-09,1.687541772467400535e-10,-1.316661989164213922e-10,2.916926296575012687e-12,-3.564136634834978633e-12,1.017562536687009889e+01,-3.770082232038448211e+01,1.312120818498419186e-09,-1.882289308536364030e-09,1.312120818501275234e-09,-1.882289308535917766e-09,1.312120818501405514e-09,-1.882289308535822640e-09,5.183427545748040282e-07,3.615720591003922299e-07,5.183427545748040282e-07,3.615720591003922299e-07,5.183427545748039223e-07,3.615720591003920181e-07,5.183427545748040282e-07,3.615720591003920711e-07
2.832141822584123611e+08,1.253200061382108808e-12,1.495656404274999513e-12,-7.861842592163254110e-14,-5.052921324107149707e-14,-6.150455123265198276e-01,1.007775084638650315e-01,1.732439615123752457e-11,1.163446136559156741e-11,1.732439615124316297e-11,1.163446136560350983e-11,1.732439615124460730e-11,1.163446136560123508e-11,-3.635735927078601113e-09,5.411259554600896489e-09,-3.635735927078602767e-09,5.411259554600896489e-09,-3.635735927078601113e-09,5.411259554600896489e-09,-3.635735927078601113e-09,5.411259554600893180e-09,1.437924215270316103e-10,-1.182790447556268480e-10,2.499684116452438663e-12,-3.141291577724293435e-12,9.627756768985904046e+00,-3.676075991653594599e+01,1.111223309260638129e-09,-1.654300807833268478e-09,1.111223309263051428e-09,-1.654300807832952495e-09,1.111223309263150483e-09,-1.654300807832877428e-09,4.689149525640860895e-07,3.151443658452763134e-07,4.689149525640860365e-07,3.151443658452762605e-07,4.689149525640860895e-07,3.151443658452763134e-07,4.689149525640858248e-07,3.151443658452762076e-07
2.914862855736529827e+08,1.154471783104818880e-12,1.310273250101736034e-12,-7.101560097955607002e-14,-4.376115944158603386e-14,-6.137623331873427457e-01,9.811535987451500129e-02,1.565612755813842290e-11,1.013631981407140695e-11,1.565612755814426163e-11,1.013631981408055763e-11,1.565612755814483032e-11,1.013631981407954789e-11,-3.259923158741456757e-09,5.033482634765216080e-09,-3.259923158741458411e-09,5.033482634765216080e-09,-3.259923158741455103e-09,5.033482634765216080e-09,-3.259923158741455103e-09,5.033482634765212771e-09,1.224217223393250497e-10,-1.059606100179750402e-10,2.140438058882566119e-12,-2.765645091818527039e-12,9.107640908796380330e+00,-3.583658425880666698e+01,9.406689611012376871e-10,-1.452572587501444958e-09,9.406689611033033639e-10,-1.452572587501200940e-09,9.406689611033482384e-10,-1.452572587501169300e-09,4.238004523883400109e-07,2.745534680358793235e-07,4.238004523883399579e-07,2.745534680358792176e-07,4.238004523883400638e-07,2.745534680358792705e-07,4.238004523883397991e-07,2.745534680358791647e-07
3.000000000000051856e+08,1.060940055333410325e-12,1.146986867542841526e-12,-6.409232742284891947e-14,-3.788572689858177894e-14,-6.125523198688362925e-01,9.550628551720019566e-02,1.413615305279790434e-11,8.827407032406612510e-12,1.413615305280260893e-11,8.827407032415659798e-12,1.413615305280312107e-11,8.827407032414496575e-12,-2.921703741133617596e-09,4.677940837828000002e-09,-2.921703741133617596e-09,4.677940837828000002e-09,-2.921703741133620905e-09,4.677940837828003311e-09,-2.921703741133620905e-09,4.677940837828003311e-09,1.041459596493684178e-10,-9.468709318953584255e-11,1.831412626791922077e-12,-2.432353210605974973e-12,8.614079836538827806e+00,-3.492866105474145400e+01,7.959602577312615727e-10,-1.274329780908173935e-09,7.959602577329339251e-10,-1.274329780908055855e-09,7.959602577329825220e-10,-1.274329780908020907e-09,3.826878413640391412e-07,2.390883584051992586e-07,3.826878413640391412e-07,2.390883584051992586e-07,3.826878413640389824e-07,2.390883584051993116e-07,3.826878413640389824e-07,2.390883584051992586e-07
