frequency_Hz,Y_return_real,Y_return_imag,Tian_real,Tian_imag
1.000000000000000000e+00,3.384714896163282450e+06,-8.570468177953474224e+06,3.384568425135483500e+06,-8.570605262904236093e+06
1.023292992280754099e+00,3.252124555451870430e+06,-8.426553154473474249e+06,3.251981844385891687e+06,-8.426682561882730573e+06
1.047128548050898944e+00,3.123980403040032368e+06,-8.283072279721212573e+06,3.123841494356396142e+06,-8.283194407002366148e+06
1.071519305237605968e+00,3.000191605566257145e+06,-8.140152008697936311e+06,3.000056524849287700e+06,-8.140267194231570698e+06
1.096478196143185091e+00,2.880664476627415046e+06,-7.997911446036607958e+06,2.880533222343397327e+06,-7.998020058110159822e+06
1.122018454301962898e+00,2.765302944681323133e+06,-7.856462458624131978e+06,2.765175519595532212e+06,-7.856564806869025342e+06
1.148153621496881938e+00,2.654008992001329083e+06,-7.715909802376314066e+06,2.653885397568131331e+06,-7.716006245317115448e+06
1.174897554939529076e+00,2.546683069096475840e+06,-7.576351273034580052e+06,2.546563257123394404e+06,-7.576442070534463041e+06
1.202264434617412947e+00,2.443224484125068411e+06,-7.437877877850390971e+06,2.443108431874094997e+06,-7.437963351015959866e+06
1.230268770812380952e+00,2.343531764695819933e+06,-7.300574017724204808e+06,2.343419434981266037e+06,-7.300654443503710441e+06
1.258925411794167060e+00,2.247502996206944808e+06,-7.164517688926906325e+06,2.247394335224965122e+06,-7.164593313984875567e+06
1.288249551693134043e+00,2.155036131964181550e+06,-7.029780686291930266e+06,2.154931094134097453e+06,-7.029851777849360369e+06
1.318256738556407015e+00,2.066029282433547545e+06,-6.896428826858188026e+06,2.065927786303075729e+06,-6.896495612048318610e+06
1.348962882591653090e+00,1.980380976037133019e+06,-6.764522165675976314e+06,1.980282950859467499e+06,-6.764584905609458685e+06
1.380384264602884992e+00,1.897990400938024512e+06,-6.634115229784895666e+06,1.897895833619338693e+06,-6.634174146199806593e+06
1.412537544622753938e+00,1.818757622614862397e+06,-6.505257249228887260e+06,1.818666428394421237e+06,-6.505312564550979063e+06
1.445439770745926999e+00,1.742583778357648989e+06,-6.377992383271568455e+06,1.742495859758746112e+06,-6.378044301093547605e+06
1.479108388168207000e+00,1.669371255589791806e+06,-6.252359961541393772e+06,1.669286546675657388e+06,-6.252408643435129896e+06
1.513561248436207984e+00,1.599023846525354544e+06,-6.128394708750336431e+06,1.598942278889616951e+06,-6.128440393711918034e+06
1.548816618912481013e+00,1.531446887653558981e+06,-6.006126978501982056e+06,1.531368369396045571e+06,-6.006169800323194824e+06
1.584893192461112932e+00,1.466547379767157603e+06,-5.885582975710969418e+06,1.466471853346520336e+06,-5.885623117950097658e+06
1.621810097358928893e+00,1.404234094027768122e+06,-5.766784983648568392e+06,1.404161433702275623e+06,-5.766822595530034974e+06
1.659586907437559988e+00,1.344417659581560176e+06,-5.649751573065200821e+06,1.344347813441383420e+06,-5.649786789406055585e+06
1.698243652461743025e+00,1.287010642366781831e+06,-5.534497827617250383e+06,1.286943527443159837e+06,-5.534530808645367622e+06
1.737800828749374027e+00,1.231927604138477240e+06,-5.421035535971751437e+06,1.231863138788017211e+06,-5.421066423800992779e+06
1.778279410038922093e+00,1.179085155210137367e+06,-5.309373401923318394e+06,1.179023281122761546e+06,-5.309402315516585484e+06
1.819700858609982097e+00,1.128401992757829372e+06,-5.199517234346767887e+06,1.128342597995893098e+06,-5.199544286121103913e+06
1.862087136662865960e+00,1.079798930165671976e+06,-5.091470135967637412e+06,1.079741946488803253e+06,-5.091495433298802935e+06
1.905460717963245898e+00,1.033198915825949865e+06,-4.985232679827815853e+06,1.033144263312774245e+06,-4.985256339916310273e+06
1.949844599758044028e+00,9.885270454216408543e+05,-4.880803088233822957e+06,9.884746535253288457e+05,-4.880825219505150802e+06
1.995262314968877959e+00,9.457105643578091403e+05,-4.778177394880914129e+06,9.456603576436968287e+05,-4.778198079706191085e+06
2.041737944669526961e+00,9.046788635217454284e+05,-4.677349601075018756e+06,9.046307625874294899e+05,-4.677368935337571427e+06
2.089296130854036981e+00,8.653634706308353925e+05,-4.578311834521256387e+06,8.653174029106629314e+05,-4.578329884374044836e+06
2.137962089502229990e+00,8.276980333917725366e+05,-4.481054488373409957e+06,8.276539202534934739e+05,-4.481071366464930587e+06
2.187761623949549872e+00,7.916182989849192090e+05,-4.385566360010568053e+06,7.915760799114655238e+05,-4.385582108212268911e+06
2.238721138568337210e+00,7.570620891113787657e+05,-4.291834783260869794e+06,7.570216968131337781e+05,-4.291849486735228449e+06
2.290867652767770046e+00,7.239692705798761453e+05,-4.199845750961402431e+06,7.239306299633629387e+05,-4.199859474874362350e+06
2.344228815319918890e+00,6.922817230912584346e+05,-4.109584034413707908e+06,6.922447764428517548e+05,-4.109596845225997735e+06
2.398832919019488141e+00,6.619433032680362230e+05,-4.021033291903445031e+06,6.619079872471747221e+05,-4.021045247827282175e+06
2.454708915685027026e+00,6.328998069411728065e+05,-3.934176175537710078e+06,6.328660553935630014e+05,-3.934187318456420209e+06
2.511886431509577022e+00,6.050989289866111940e+05,-3.848994430403378792e+06,6.050666885567044374e+05,-3.849004816064602695e+06
2.570395782768859938e+00,5.784902213586086873e+05,-3.765468987799027469e+06,5.784594284735512920e+05,-3.765478684210841544e+06
2.630267991895378188e+00,5.530250494237629464e+05,-3.683580051233708393e+06,5.529956554206551518e+05,-3.683589075847028289e+06
2.691534803926912023e+00,5.286565477833870100e+05,-3.603307181211174466e+06,5.286284976969170384e+05,-3.603315596944027115e+06
2.754228703338163164e+00,5.053395748643269180e+05,-3.524629372731283773e+06,5.053128097650879645e+05,-3.524637207035352942e+06
2.818382931264450164e+00,4.830306663289793651e+05,-3.447525124006902799e+06,4.830051336196716293e+05,-3.447532416982035153e+06
2.884031503126601947e+00,4.616879893560778000e+05,-3.371972509284568019e+06,4.616636468984351959e+05,-3.371979297394526657e+06
2.951209226666381191e+00,4.412712953664620873e+05,-3.297949237861057278e+06,4.412480970372197917e+05,-3.297955559343656525e+06
3.019951720402012096e+00,4.217418737415540963e+05,-3.225432716014880221e+06,4.217197671804714482e+05,-3.225438597248578444e+06
3.090295432513586071e+00,4.030625051020459505e+05,-3.154400100826750509e+06,4.030414512908380711e+05,-3.154405571516718250e+06
3.162277660168374194e+00,3.851974150483979029e+05,-3.084828351442435756e+06,3.851773670767459553e+05,-3.084833435874653980e+06
3.235936569296276932e+00,3.681122282153876149e+05,-3.016694276021376718e+06,3.680931459467117093e+05,-3.016699007030931767e+06
3.311311214825904958e+00,3.517739230914595537e+05,-2.949974577203964815e+06,3.517557675025556819e+05,-2.949978965262772981e+06
3.388441561392019796e+00,3.361507871594362077e+05,-2.884645892087053973e+06,3.361335197955198237e+05,-2.884649970999234356e+06
3.467368504525309980e+00,3.212123728114021942e+05,-2.820684829647053964e+06,3.211959588310649269e+05,-2.820688618485620245e+06
3.548133892335747941e+00,3.069294541114979656e+05,-2.758068005975937936e+06,3.069138572022292647e+05,-2.758071521580324508e+06
3.630780547701006888e+00,2.932739844021680765e+05,-2.696772076958229765e+06,2.932591662797434255e+05,-2.696775336627947167e+06
3.715352290971718041e+00,2.802190545370093314e+05,-2.636773766079365741e+06,2.802049865041363519e+05,-2.636776790784583427e+06
3.801893963205604798e+00,2.677388524343269528e+05,-2.578049893384185620e+06,2.677255063076147926e+05,-2.578052694344768301e+06
3.890451449942799123e+00,2.558086232363147137e+05,-2.520577399004067760e+06,2.557959636421503092e+05,-2.520579997063096147e+06
3.981071705534965144e+00,2.444046306466958777e+05,-2.464333366300499067e+06,2.443926289440078835e+05,-2.464335767792670522e+06
4.073802778041119232e+00,2.335041191558381543e+05,-2.409295041864885017e+06,2.334927489872587612e+05,-2.409297268486488145e+06
4.168693834703345757e+00,2.230852774900170625e+05,-2.355439855714985635e+06,2.230745104814775987e+05,-2.355441912812963128e+06
4.265795188015918171e+00,2.131272027247580700e+05,-2.302745436037689913e+06,2.131170157062753860e+05,-2.302747340126957279e+06
4.365158322401651247e+00,2.036098658612804429e+05,-2.251189626662671100e+06,2.036002339040064253e+05,-2.251191384337356780e+06
4.466835921509622054e+00,1.945140780249733070e+05,-2.200750498696452007e+06,1.945049747413828736e+05,-2.200752119387436192e+06
4.570881896148740964e+00,1.858214581052121357e+05,-2.151406365165083669e+06,1.858128625538899796e+05,-2.151407862304086331e+06
4.677351412871971981e+00,1.775144009881411621e+05,-2.103135789534670301e+06,1.775062910450658528e+05,-2.103137167148783337e+06
4.786300923226373349e+00,1.695760471932095534e+05,-2.055917597366849659e+06,1.695684010430851777e+05,-2.055918866640755441e+06
4.897788193684451841e+00,1.619902532140513940e+05,-2.009730883389870403e+06,1.619830521340592531e+05,-2.009732052084123716e+06
5.011872336272712225e+00,1.547415630588259082e+05,-1.964555019977200544e+06,1.547347872264351463e+05,-1.964556092449408257e+06
5.128613839913637840e+00,1.478151806180547283e+05,-1.920369662855257979e+06,1.478088107119672350e+05,-1.920370648058896419e+06
5.248074602497714736e+00,1.411969431111183367e+05,-1.877154757460047491e+06,1.411909617157914035e+05,-1.877155660889266292e+06
5.370317963702516018e+00,1.348732952751306584e+05,-1.834890541911145905e+06,1.348676860180587100e+05,-1.834891372438384686e+06
5.495408738576233354e+00,1.288312647660825314e+05,-1.793557553054465447e+06,1.288260118911280151e+05,-1.793558311133248266e+06
5.623413251903477850e+00,1.230584381379656988e+05,-1.753136627630131319e+06,1.230535259789738921e+05,-1.753137321057587629e+06
5.754399373371556159e+00,1.175429378822845174e+05,-1.713608905132534681e+06,1.175383518222876883e+05,-1.713609538669907488e+06
5.888436553555876252e+00,1.122734003317540337e+05,-1.674955830401547952e+06,1.122691251141919056e+05,-1.674956407437152462e+06
6.025595860743563570e+00,1.072389542290167446e+05,-1.637159153196986532e+06,1.072349763746944518e+05,-1.637159677241268102e+06
6.165950018614807071e+00,1.024292003437022213e+05,-1.600200930815415923e+06,1.024255076018824184e+05,-1.600201404683722649e+06
6.309573444801917397e+00,9.783419159400287026e+04,-1.564063526111208834e+06,9.783077059381439176e+04,-1.564063955588114681e+06
6.456542290346538593e+00,9.344441416857094737e+04,-1.528729608671012800e+06,9.344125393553030153e+04,-1.528729996216036845e+06
6.606934480075944194e+00,8.925076923020933464e+04,-1.494182153221567860e+06,8.924785664800734958e+04,-1.494182501609310741e+06
6.760829753919800567e+00,8.524455540746002225e+04,-1.460404438828499056e+06,8.524188084838855139e+04,-1.460404752979452489e+06
6.918309709189347956e+00,8.141745195603137836e+04,-1.427380047467263415e+06,8.141500523830406019e+04,-1.427380327082028147e+06
7.079457843841361786e+00,7.776150257247283298e+04,-1.395092861981205409e+06,7.775927187351496832e+04,-1.395093111917801667e+06
7.244359600749882944e+00,7.426909987499525596e+04,-1.363527064145930111e+06,7.426707646587895579e+04,-1.363527284827384399e+06
7.413102413009156955e+00,7.093297049087639607e+04,-1.332667132191620069e+06,7.093114647119570873e+04,-1.332667326944370056e+06
7.585775750291818831e+00,6.774616076301193971e+04,-1.302497838361143600e+06,6.774452591623390617e+04,-1.302498009179273853e+06
7.762471166286897706e+00,6.470202301822987647e+04,-1.273004246012774296e+06,6.470057023211242631e+04,-1.273004393827372463e+06
7.943282347242793584e+00,6.179420241648099181e+04,-1.244171706818830920e+06,6.179292219095632754e+04,-1.244171833983079065e+06
8.128305161640971832e+00,5.901662430414167466e+04,-1.215985857176891528e+06,5.901550994798738975e+04,-1.215985965770347975e+06
8.317637711026689473e+00,5.636348213176273566e+04,-1.188432615335872164e+06,5.636252573380420654e+04,-1.188432706854177173e+06
8.511380382023743252e+00,5.382922584864286910e+04,-1.161498177911429433e+06,5.382842045890043664e+04,-1.161498252289602300e+06
8.709635899560783656e+00,5.140855077783877641e+04,-1.135169016244377941e+06,5.140788983610459400e+04,-1.135169076135207433e+06
8.912509381337430980e+00,4.909638693429585692e+04,-1.109431872230205452e+06,4.909586468653057818e+04,-1.109431918647580082e+06
9.120108393559071658e+00,4.688788887798874930e+04,-1.084273755996676860e+06,4.688749801219988876e+04,-1.084273790372219402e+06
9.332543007969883675e+00,4.477842585386766586e+04,-1.059681940352831734e+06,4.477816144246381009e+04,-1.059681962756920839e+06
9.549925860214331763e+00,4.276357248693291331e+04,-1.035643958407515776e+06,4.276342771296374849e+04,-1.035643970256953267e+06
9.772372209558078282e+00,4.083909975285945984e+04,-1.012147598360497737e+06,4.083907040589511598e+04,-1.012147601243660552e+06
9.999999999999969802e+00,3.900096642425631580e+04,-9.891809004504325567e+05,3.900104661519792717e+04,-9.891808920326238731e+05
1.023292992280751079e+01,3.724531083633030357e+04,-9.667321528614934068e+05,3.724549664173164638e+04,-9.667321428777530091e+05
1.047128548050896057e+01,3.556844299484095245e+04,-9.447898873220072128e+05,3.556872921158577083e+04,-9.447898700292030117e+05
1.071519305237602993e+01,3.396683703188753861e+04,-9.233428749358699424e+05,3.396721927968365344e+04,-9.233428502999006305e+05
1.096478196143181982e+01,3.243712401865136781e+04,-9.023801230060399976e+05,3.243759711807456915e+04,-9.023800850488212891e+05
1.122018454301960055e+01,3.097608503048970306e+04,-8.818908701703090919e+05,3.097664608845116891e+04,-8.818908344190105563e+05
1.148153621496878962e+01,2.958064454910851782e+04,-8.618645827825386077e+05,2.958128867863726191e+04,-8.618645387775867712e+05
1.174897554939525968e+01,2.824786411519355534e+04,-8.422909502365787048e+05,2.824858838688592368e+04,-8.422909006842140807e+05
1.202264434617408995e+01,2.697493631909143369e+04,-8.231598821006920189e+05,2.697573665762894598e+04,-8.231598304989220342e+05
1.230268770812378065e+01,2.575917897647795689e+04,-8.044615031995440368e+05,2.576005248804303119e+04,-8.044614496503102127e+05
1.258925411794163018e+01,2.459802959863160140e+04,-7.861861498854213860e+05,2.459897250035648176e+04,-7.861860922759898240e+05
1.288249551693130002e+01,2.348904009901020981e+04,-7.683243661974474089e+05,2.349004942221367310e+04,-7.683243060739338398e+05
1.318256738556402929e+01,2.242987172058542637e+04,-7.508668997919678222e+05,2.243094452219568484e+04,-7.508668343322146684e+05
1.348962882591649048e+01,2.141829020024729471e+04,-7.338046984301139601e+05,2.141942344359829804e+04,-7.338046297848577378e+05
1.380384264602879973e+01,2.045216111661644391e+04,-7.171289056000609417e+05,2.045335268363879004e+04,-7.171288368181516416e+05
1.412537544622749053e+01,1.952944547240875181e+04,-7.008308570904807420e+05,1.953069226830178013e+04,-7.008307885157652199e+05
1.445439770745922026e+01,1.864819545394299348e+04,-6.849020772810956696e+05,1.864949531235095128e+04,-6.849020075734941056e+05
1.479108388168202026e+01,1.780655037624489705e+04,-6.693342752722016303e+05,1.780790057975696618e+04,-6.693342021607566858e+05
1.513561248436202966e+01,1.700273280310096743e+04,-6.541193410198804922e+05,1.700413146433299698e+04,-6.541192701674714917e+05
1.548816618912475995e+01,1.623504485866039067e+04,-6.392493423292164225e+05,1.623648933800580198e+04,-6.392492694275218528e+05
1.584893192461107958e+01,1.550186466765248406e+04,-6.247165205389803741e+05,1.550335314143893629e+04,-6.247164485948234797e+05
1.621810097358924097e+01,1.480164298731847157e+04,-6.105132877444528276e+05,1.480317339704495316e+04,-6.105132140301003819e+05
1.659586907437553904e+01,1.413289995853865184e+04,-5.966322227336579235e+05,1.413447027314427396e+04,-5.966321471005155472e+05
1.698243652461738051e+01,1.349422202089215716e+04,-5.830660679765477544e+05,1.349583091527196302e+04,-5.830659923978152219e+05
1.737800828749368875e+01,1.288425894753671128e+04,-5.698077258724913700e+05,1.288590437119408125e+04,-5.698076512850951403e+05
1.778279410038916097e+01,1.230172103003052871e+04,-5.568502559087756090e+05,1.230340168545577035e+04,-5.568501825777380727e+05
1.819700858609975924e+01,1.174537636575005854e+04,-5.441868709048586898e+05,1.174709041918631192e+04,-5.441867969035588903e+05
1.862087136662859876e+01,1.121404828972522591e+04,-5.318109343745426740e+05,1.121579418153723236e+04,-5.318108596993734827e+05
1.905460717963239858e+01,1.070661289442011002e+04,-5.197159567974925158e+05,1.070838925693527744e+04,-5.197158824669123860e+05
1.949844599758037944e+01,1.022199668040950746e+04,-5.078955928759094677e+05,1.022380211227410109e+04,-5.078955199721787358e+05
1.995262314968871920e+01,9.759174303377974866e+03,-4.963436385418061982e+05,9.761007646759200725e+03,-4.963435660657693516e+05
2.041737944669521099e+01,9.317166414754328798e+03,-4.850540276077577728e+05,9.319026274104828190e+03,-4.850539559115376906e+05
2.089296130854031119e+01,8.895037611357658534e+03,-4.740208291962060030e+05,8.896922814577987083e+03,-4.740207588963203016e+05
2.137962089502223861e+01,8.491894466332951197e+03,-4.632382446822518832e+05,8.493803941473306622e+03,-4.632381742346644751e+05
2.187761623949543832e+01,8.106883651227482915e+03,-4.527006049241765286e+05,8.108816280083995480e+03,-4.527005359295208473e+05
2.238721138568331170e+01,7.739190141443364155e+03,-4.424023674523271620e+05,7.741144873209829711e+03,-4.424022991695894161e+05
2.290867652767763829e+01,7.388035498532238307e+03,-4.323381136469926569e+05,7.390011265544363596e+03,-4.323380457537028124e+05
2.344228815319912940e+01,7.052676238705656942e+03,-4.225025463721881388e+05,7.054672235542303497e+03,-4.225024795658924850e+05
2.398832919019481125e+01,6.732402258163761871e+03,-4.128904869466884993e+05,6.734417541018362499e+03,-4.128904213253938942e+05
2.454708915685019832e+01,6.426535344951815205e+03,-4.034968729102816433e+05,6.428568944136435675e+03,-4.034968085853717639e+05
2.511886431509569917e+01,6.134427744610309674e+03,-3.943167552139030886e+05,6.136478833407150887e+03,-3.943166911416941439e+05
2.570395782768853010e+01,5.855460800099317566e+03,-3.853452961053620675e+05,5.857528721763633257e+03,-3.853452326204202836e+05
2.630267991895371082e+01,5.589043642577071296e+03,-3.765777663343006279e+05,5.591127546800447817e+03,-3.765777038492027787e+05
2.691534803926904118e+01,5.334611948429295808e+03,-3.680095429947246448e+05,5.336711194604140474e+03,-3.680094819158908213e+05
2.754228703338154105e+01,5.091626747005352627e+03,-3.596361070846042712e+05,5.093740612278736080e+03,-3.596360474828703445e+05
2.818382931264441993e+01,4.859573285289181513e+03,-3.514530413182227639e+05,4.861701088893577435e+03,-3.514529819690915174e+05
2.884031503126593066e+01,4.637959941201289439e+03,-3.434560279148382833e+05,4.640101067166925532e+03,-3.434559703775304952e+05
2.951209226666372842e+01,4.426317184584902861e+03,-3.356408462601160863e+05,4.428471084503761631e+03,-3.356407898154956056e+05
3.019951720402002948e+01,4.224196585818058338e+03,-3.280033708431262057e+05,4.226362593800995455e+03,-3.280033148666738998e+05
3.090295432513577012e+01,4.031169871072021124e+03,-3.205395691853144672e+05,4.033347484002048986e+03,-3.205395138935818686e+05
3.162277660168365045e+01,3.846828015890411280e+03,-3.132454998053197050e+05,3.849016669198510954e+03,-3.132454458441268071e+05
3.235936569296268317e+01,3.670780380363027689e+03,-3.061173100341806421e+05,3.672979652666886977e+03,-3.061172570996205905e+05
3.311311214825896343e+01,3.502653886038014662e+03,-2.991512342807279783e+05,3.504863270162059962e+03,-2.991511829268052243e+05
3.388441561392009760e+01,3.342092226979320458e+03,-2.923435920096618938e+05,3.344311258656324298e+03,-2.923435414079832262e+05
3.467368504525300921e+01,3.188755112184966492e+03,-2.856907856392456451e+05,3.190983368617455653e+03,-2.856907357568872394e+05
3.548133892335737727e+01,3.042317554067520632e+03,-2.791892990926553030e+05,3.044554614995698103e+03,-2.791892503927637008e+05
3.630780547700997118e+01,2.902469174950044362e+03,-2.728356956691804808e+05,2.904714629306431107e+03,-2.728356478837509640e+05
3.715352290971708271e+01,2.768913553294811209e+03,-2.666266163962273276e+05,2.771167071231011505e+03,-2.666265692477464327e+05
3.801893963205594673e+01,2.641367595767923376e+03,-2.605587782403138699e+05,2.643628801326635312e+03,-2.605587327098253591e+05
3.890451449942788287e+01,2.519560941509203985e+03,-2.546289725658279494e+05,2.521829454486087798e+03,-2.546289276446677977e+05
3.981071705534954219e+01,2.403235383930247735e+03,-2.488340632035842282e+05,2.405510883051672408e+03,-2.488340194371562102e+05
4.073802778041108752e+01,2.292144330847046149e+03,-2.431709850480029127e+05,2.294426508502575416e+03,-2.431709419732372626e+05
4.168693834703334744e+01,2.186052279475050909e+03,-2.376367424201294780e+05,2.188340863669423015e+03,-2.376367005037460185e+05
4.265795188015906803e+01,2.084734318229193377e+03,-2.322284074317959894e+05,2.087029004823073137e+03,-2.322283660687030351e+05
4.365158322401639168e+01,1.987975651736216605e+03,-2.269431185838135134e+05,1.990276131441297821e+03,-2.269430783556314127e+05
4.466835921509610330e+01,1.895571144377974406e+03,-2.217780791458678723e+05,1.897877171149154719e+03,-2.217780398718727520e+05
4.570881896148728885e+01,1.807324888515935527e+03,-2.167305558486417285e+05,1.809636210984265063e+03,-2.167305174309798749e+05
4.677351412871959724e+01,1.723049787893635994e+03,-2.117978773164770973e+05,1.725366207635449427e+03,-2.117978396839312336e+05
4.786300923226360737e+01,1.642567161509843800e+03,-2.069774327213775250e+05,1.644888403779465989e+03,-2.069773957172768423e+05
4.897788193684438340e+01,1.565706366972581236e+03,-2.022666705583895673e+05,1.568032245234411675e+03,-2.022666345080346509e+05
5.011872336272698192e+01,1.492304436927536244e+03,-1.976630970235006243e+05,1.494634749730349768e+03,-1.976630616383701272e+05
5.128613839913622741e+01,1.422205735816647575e+03,-1.931642750184632896e+05,1.424540269194939810e+03,-1.931642404255548900e+05
5.248074602497700170e+01,1.355261628845741598e+03,-1.887678226711827447e+05,1.357600169064568945e+03,-1.887677891144602036e+05
5.370317963702500919e+01,1.291330167809190243e+03,-1.844714121550186828e+05,1.293672554907580206e+03,-1.844713795006592409e+05
5.495408738576219321e+01,1.230275791243009962e+03,-1.802727685098888469e+05,1.232621856784712691e+03,-1.802727365412566578e+05
5.623413251903463106e+01,1.171969034870646738e+03,-1.761696683304388425e+05,1.174318626789244263e+03,-1.761696369858297403e+05
5.754399373371541060e+01,1.116286260348266524e+03,-1.721599388052239956e+05,1.118639194749228636e+03,-1.721599082856022869e+05
5.888436553555860797e+01,1.063109391250012777e+03,-1.682414563541394309e+05,1.065465517017767979e+03,-1.682414264990260417e+05
6.025595860743546694e+01,1.012325663106069214e+03,-1.644121456245057925e+05,1.014684840618940484e+03,-1.644121165569336445e+05
6.165950018614790906e+01,9.638273854840443846e+02,-1.606699784451427986e+05,9.661894881276355136e+02,-1.606699500147584185e+05
6.309573444801900877e+01,9.175117127809735393e+02,-1.570129726044690469e+05,9.198765904305898857e+02,-1.570129449659756210e+05
6.456542290346521895e+01,8.732804271766808597e+02,-1.534391910613187938e+05,8.756479677170591458e+02,-1.534391640106604027e+05
6.606934480075925364e+01,8.310397295959219264e+02,-1.499467406347465003e+05,8.334098156706046439e+02,-1.499467143051447347e+05
6.760829753919782092e+01,7.907000415010477354e+02,-1.465337712092879228e+05,7.930725513870175973e+02,-1.465337455052661244e+05
6.918309709189328771e+01,7.521758149866045642e+02,-1.431984747294563276e+05,7.545506440329170346e+02,-1.431984497097671847e+05
7.079457843841342424e+01,7.153853513468709480e+02,-1.399390841606262256e+05,7.177623843337031531e+02,-1.399390597588897799e+05
7.244359600749862693e+01,6.802506283022067919e+02,-1.367538726742579020e+05,6.826297839132315630e+02,-1.367538490154449828e+05
7.413102413009136171e+01,6.466971333342878552e+02,-1.336411526386407495e+05,6.490783069844577540e+02,-1.336411295705512457e+05
7.585775750291797692e+01,6.146537080422630197e+02,-1.305992748440500000e+05,6.170368080777948308e+02,-1.305992524079988652e+05
7.762471166286876212e+01,5.840523951443534543e+02,-1.276266274885314779e+05,5.864373379401437205e+02,-1.276266056857670192e+05
7.943282347242772801e+01,5.548282951078477936e+02,-1.247216354139759351e+05,5.572150028913831648e+02,-1.247216142260279157e+05
8.128305161640949450e+01,5.269194295859413160e+02,-1.218827593438319018e+05,5.293078014237266871e+02,-1.218827387107811664e+05
8.317637711026665670e+01,5.002666089207141340e+02,-1.191084949180377444e+05,5.026565941259281090e+02,-1.191084748671027919e+05
8.511380382023719449e+01,4.748133062799815889e+02,-1.163973719956930581e+05,4.772048238299926197e+02,-1.163973524160898232e+05
8.709635899560760208e+01,4.505055389012840124e+02,-1.137479538730640488e+05,4.528985110052719278e+02,-1.137479348249928735e+05
8.912509381337407888e+01,4.272917533130544712e+02,-1.111588364817526017e+05,4.296861326927031541e+02,-1.111588180703686958e+05
9.120108393559048920e+01,4.051227160504973313e+02,-1.086286477125212696e+05,4.075184240161377716e+02,-1.086286297806134389e+05
9.332543007969860582e+01,3.839514091004746774e+02,-1.061560466504179058e+05,3.863483918124467777e+02,-1.061560293002309918e+05
9.549925860214308670e+01,3.637329302282195158e+02,-1.037397228729784838e+05,3.661311286261498026e+02,-1.037397059421521408e+05
9.772372209558054124e+01,3.444243979109675706e+02,-1.013783957337431930e+05,3.468237582726523556e+02,-1.013783793958330498e+05
9.999999999999945999e+01,3.259848598503589301e+02,-9.907081374076772772e+04,3.283853299017323479e+02,-9.907079776056048286e+04
1.023292992280749019e+02,3.083752074153120475e+02,-9.681575384710932849e+04,3.107767337989418479e+02,-9.681573835088126361e+04
1.047128548050894068e+02,2.915580912791399442e+02,-9.461202081711900246e+04,2.939606306422844568e+02,-9.461200600253696030e+04
1.071519305237600008e+02,2.754978435429934507e+02,-9.245844663332251366e+04,2.779013520739375167e+02,-9.245843227780131565e+04
1.096478196143178963e+02,2.601604009170365543e+02,-9.035388981087334105e+04,2.625648323001641984e+02,-9.035387593458074844e+04
1.122018454301957036e+02,2.455132333643200582e+02,-8.829723483218283218e+04,2.479185447195060306e+02,-8.829722119735971501e+04
1.148153621496876013e+02,2.315252747721938533e+02,-8.628739159140405536e+04,2.339314304081132150e+02,-8.628737854758792673e+04
1.174897554939523019e+02,2.181668564736184521e+02,-8.432329471667400503e+04,2.205738136483915355e+02,-8.432328232267714338e+04
1.202264434617406010e+02,2.054096461343627595e+02,-8.240390313667697774e+04,2.078173684390818039e+02,-8.240389084102591733e+04
1.230268770812374015e+02,1.932265851081760957e+02,-8.052819942560227355e+04,1.956350420325424011e+02,-8.052818777007762401e+04
1.258925411794159999e+02,1.815918335219194546e+02,-7.869518930096064287e+04,1.840009892628020225e+02,-7.869517790176624840e+04
1.288249551693126023e+02,1.704807139687458459e+02,-7.690390112998992845e+04,1.728905377477950935e+02,-7.690389055379088677e+04
1.318256738556399057e+02,1.598696594655895638e+02,-7.515338534383353544e+04,1.622801238751195001e+02,-7.515337512165367662e+04
1.348962882591644927e+02,1.497361638602480980e+02,-7.344271402944902366e+04,1.521472367200124438e+02,-7.344270415835284803e+04
1.380384264602876101e+02,1.400587340873208859e+02,-7.177098033372592181e+04,1.424703898630092169e+02,-7.177097095025407907e+04
1.412537544622745997e+02,1.308168435054768395e+02,-7.013729807187998085e+04,1.332290548877101628e+02,-7.013728902106094756e+04
1.445439770745919077e+02,1.219908900784214723e+02,-6.854080119627769454e+04,1.244036329400879310e+02,-6.854079268262787082e+04
1.479108388168197905e+02,1.135621539541214275e+02,-6.698064340630803781e+04,1.159754015827214459e+02,-6.698063500242700684e+04
1.513561248436199094e+02,1.055127570358798721e+02,-6.545599760449401219e+04,1.079264890990189087e+02,-6.545598970643861685e+04
1.548816618912472052e+02,9.782562607768672081e+01,-6.396605554376885266e+04,1.002398190147346924e+02,-6.396604797072755900e+04
1.584893192461103979e+02,9.048445669131234581e+01,-6.251002737307211646e+04,9.289909235820391586e+01,-6.251002022133299033e+04
1.621810097358919904e+02,8.347367766855595050e+01,-6.108714119290220697e+04,8.588873409338039266e+01,-6.108713439916050993e+04
1.659586907437551133e+02,7.677841877232957302e+01,-5.969664268609730789e+04,7.919387951880894150e+01,-5.969663639353256440e+04
1.698243652461733859e+02,7.038447907638243350e+01,-5.833779469431225152e+04,7.280032379544218202e+01,-5.833778889139362582e+04
1.737800828749365110e+02,6.427829663216084555e+01,-5.700987684082626220e+04,6.669450933506644219e+01,-5.700987139477937308e+04
1.778279410038911976e+02,5.844691944642894299e+01,-5.571218512349273078e+04,6.086348164865164989e+01,-5.571217989490130276e+04
1.819700858609971874e+02,5.287797923390550636e+01,-5.444403156812304951e+04,5.529487625653900551e+01,-5.444402677766313718e+04
1.862087136662854903e+02,4.755966381398396692e+01,-5.320474387974426645e+04,4.997687989655788954e+01,-5.320473931490846735e+04
1.905460717963235027e+02,4.248069253386456268e+01,-5.199366503296697192e+04,4.489821353443005592e+01,-5.199366084847966704e+04
1.949844599758031904e+02,3.763029246436446584e+01,-5.081015295760378649e+04,4.004810583088097786e+01,-5.081014932986679923e+04
1.995262314968867088e+02,3.299817592698281743e+01,-4.965358021597799234e+04,3.541626670490013851e+01,-4.965357680776219058e+04
2.041737944669515912e+02,2.857451724731983944e+01,-4.852333363453343918e+04,3.099287363918446303e+01,-4.852333075948643091e+04
2.089296130854025932e+02,2.434993392778896037e+01,-4.741881399540843995e+04,2.676854466593025705e+01,-4.741881147099504597e+04
2.137962089502217964e+02,2.031546533216826234e+01,-4.633943571947832970e+04,2.273431749665921231e+01,-4.633943339865290909e+04
2.187761623949537864e+02,1.646255353524719567e+01,-4.528462654768662469e+04,1.888163793528732626e+01,-4.528462456522656430e+04
2.238721138568324989e+02,1.278302677942762244e+01,-4.425382725449152349e+04,1.520233190274487356e+01,-4.425382571735483361e+04
2.290867652767757932e+02,9.269080069583385040e+00,-4.324649133829323546e+04,1.168859494951507649e+01,-4.324649015119644173e+04
2.344228815319906118e+02,5.913260216819003823e+00,-4.226208474230305728e+04,8.332977303787890477e+00,-4.226208390647406486e+04
2.398832919019473877e+02,2.708449087157821289e+00,-4.130008554676063795e+04,5.128358704731702744e+00,-4.130008516638381843e+04
2.454708915685014006e+02,-3.521505634873250967e-01,-4.035998372721180203e+04,2.067941853315372391e+00,-4.035998357043263240e+04
2.511886431509562954e+02,-3.275031080432955211e+00,-3.944128085859100247e+04,-8.547634460347171004e-01,-3.944128103924298193e+04
2.570395782768845834e+02,-6.066391676640564334e+00,-3.854348986006784980e+04,-3.645957799656551312e+00,-3.854349044684557884e+04
2.630267991895364048e+02,-8.732153331028245091e+00,-3.766613473886582506e+04,-6.311559222576601513e+00,-3.766613564701529685e+04
2.691534803926896871e+02,-1.127797040693641151e+01,-3.680875033866547165e+04,-8.857223897172172400e+00,-3.680875161449731240e+04
2.754228703338147852e+02,-1.370924237030648030e+01,-3.597088208237814251e+04,-1.128835011004769839e+01,-3.597088370961171313e+04
2.818382931264434887e+02,-1.603112630269064809e+01,-3.515208574531197519e+04,-1.361009561892211650e+01,-3.515208783034438966e+04
2.884031503126586244e+02,-1.824854728732013598e+01,-3.435192721242678817e+04,-1.582738390443458343e+01,-3.435192960604443942e+04
2.951209226666364884e+02,-2.036620830467188981e+01,-3.356998224964702968e+04,-1.794491920219076420e+01,-3.356998504801633680e+04
3.019951720401995203e+02,-2.238860133662797125e+01,-3.280583626766971429e+04,-1.996719089653467094e+01,-3.280583944433684519e+04
3.090295432513569267e+02,-2.432001585627799756e+01,-3.205908413704793566e+04,-2.189849050716509993e+01,-3.205908760073910889e+04
3.162277660168356874e+02,-2.616454827150390727e+01,-3.132932992124231532e+04,-2.374291311433062646e+01,-3.132933373088189182e+04
3.235936569296259790e+02,-2.792611142769193933e+01,-3.061618671930993150e+04,-2.550437137270263577e+01,-3.061619090972991035e+04
3.311311214825888101e+02,-2.960844100631833697e+01,-2.991927642390962865e+04,-2.718660135857571447e+01,-2.991928099254323388e+04
3.388441561392002086e+02,-3.121510551542173317e+01,-2.923822953405190492e+04,-2.879317007210914170e+01,-2.923823451594027938e+04
3.467368504525292110e+02,-3.274951262053783552e+01,-2.857268496674023845e+04,-3.032748684438986331e+01,-2.857269033134476558e+04
3.548133892335728774e+02,-3.421491718778598567e+01,-2.792228984411926649e+04,-3.179280418631301330e+01,-2.792229553621420200e+04
3.630780547700986745e+02,-3.561442638818741102e+01,-2.728669933692173072e+04,-3.319223149642148485e+01,-2.728670544249521481e+04
3.715352290971698039e+02,-3.695100956938606629e+01,-2.666557644885880291e+04,-3.452873532471792117e+01,-2.666558293154134299e+04
3.801893963205583873e+02,-3.822750092272839595e+01,-2.605859186389004026e+04,-3.580515173780690930e+01,-2.605859873202913150e+04
3.890451449942776776e+02,-3.944660763582094631e+01,-2.546542375437530791e+04,-3.702418707616465099e+01,-2.546543101555230169e+04
3.981071705534943135e+02,-4.061091538896371134e+01,-2.488575762805049453e+04,-3.818842649722827076e+01,-2.488576532422710079e+04
4.073802778041097099e+02,-4.172289379508763574e+01,-2.431928614135387033e+04,-3.930033977294606728e+01,-2.431929420522556757e+04
4.168693834703323091e+02,-4.278490056125930607e+01,-2.376570894972828683e+04,-4.036228498675793475e+01,-2.376571743554298155e+04
4.265795188015894723e+02,-4.379918817927763541e+01,-2.322473254510911647e+04,-4.137651370364540782e+01,-2.322474142969967215e+04
4.365158322401626947e+02,-4.476790787769774482e+01,-2.269607010139430713e+04,-4.234517749244449192e+01,-2.269607940886700089e+04
4.466835921509597824e+02,-4.569311349038888892e+01,-2.217944131456433024e+04,-4.327032970925912281e+01,-2.217945101081225584e+04
4.570881896148716237e+02,-4.657676722681856063e+01,-2.167457226862568496e+04,-4.885178206513313626e+01,-2.167456225112760876e+04
4.677351412871947218e+02,-4.742074281671690983e+01,-2.118119528068706131e+04,-4.948426829239168256e+01,-2.118118582444856293e+04
4.786300923226348232e+02,-4.822682977704377549e+01,-2.069904875499639093e+04,-5.008838490596473036e+01,-2.069903990638551113e+04
4.897788193684424982e+02,-4.899673708319768650e+01,-2.022787705680427825e+04,-5.066541221993306721e+01,-2.022786884055367409e+04
5.011872336272684834e+02,-4.973209712736465349e+01,-1.976743036662786835e+04,-5.121657366963719937e+01,-1.976742279461986254e+04
5.128613839913609809e+02,-5.043446905845937778e+01,-1.931746455329399396e+04,-5.174303736034945445e+01,-1.931745764535369744e+04
5.248074602497686101e+02,-5.110534175783104871e+01,-1.887774103620910319e+04,-5.224591941391705063e+01,-1.887773480390014447e+04
5.370317963702486850e+02,-5.174613708915142496e+01,-1.844802667170836867e+04,-5.272628501472051710e+01,-1.844802112879593915e+04
5.495408738576203405e+02,-5.235821329615652076e+01,-1.802809362518557464e+04,-5.318515257264079565e+01,-1.802808877873038728e+04
5.623413251903447190e+02,-5.294286771592120999e+01,-1.761771923554411842e+04,-5.362349375672577878e+01,-1.761771510894854873e+04
5.754399373371524007e+02,-5.350133924478944181e+01,-1.721668592291396271e+04,-5.404223781029117646e+01,-1.721668253451543569e+04
5.888436553555843602e+02,-5.403481103600613267e+01,-1.682478105422975568e+04,-5.444227132459763396e+01,-1.682477841583624468e+04
6.025595860743529784e+02,-5.454441325932928208e+01,-1.644179683384189411e+04,-5.482444161352513134e+01,-1.644179498346730179e+04
6.165950018614772716e+02,-5.503122548281113779e+01,-1.606753020091630242e+04,-5.518955673689398367e+01,-1.606752911103238148e+04
6.309573444801882260e+02,-5.549627808677558249e+01,-1.570178271211655192e+04,-5.553839076501540006e+01,-1.570178241051201985e+04
6.456542290346503705e+02,-5.594055627954815435e+01,-1.534436044467346437e+04,-5.587168131730736320e+01,-1.534436094703991512e+04
6.606934480075907459e+02,-5.636500049422149061e+01,-1.499507388297020589e+04,-5.619013329155313130e+01,-1.499507520049577397e+04
6.760829753919763334e+02,-5.677050887163555615e+01,-1.465373783427079070e+04,-5.649442053747136328e+01,-1.465373996865098161e+04
6.918309709189309160e+02,-5.715793920630330405e+01,-1.432017131224342484e+04,-5.678518586083075803e+01,-1.432017427484124346e+04
7.079457843841321392e+02,-5.752811094949738902e+01,-1.399419745782258906e+04,-5.706304397229875036e+01,-1.399420127467994826e+04
7.244359600749841093e+02,-5.788180659472678968e+01,-1.367564343085333348e+04,-5.732858111418589431e+01,-1.367564809423256338e+04
7.413102413009113434e+02,-5.821977368842905065e+01,-1.336434032856814702e+04,-5.758235814403883523e+01,-1.336434584877125781e+04
7.585775750291774102e+02,-5.854272631439888386e+01,-1.306012308919686802e+04,-5.782491037073010887e+01,-1.306012948582615354e+04
7.762471166286851485e+02,-5.885134600825590923e+01,-1.276283041226049681e+04,-5.805674892006911847e+01,-1.276283769764450335e+04
7.943282347242746937e+02,-5.914628429158058509e+01,-1.247230466623045322e+04,-5.983391146034963981e+01,-1.247229810655453730e+04
8.128305161640922734e+02,-5.942816253137858951e+01,-1.218839180805388605e+04,-5.997575107703416109e+01,-1.218838643790658716e+04
8.317637711026638954e+02,-5.969757543034425140e+01,-1.191094129843421433e+04,-6.011142857702733266e+01,-1.191093713253808164e+04
8.511380382023692164e+02,-5.995508952602627772e+01,-1.163980602749961326e+04,-6.024122750451037689e+01,-1.163980307592528879e+04
8.709635899560731787e+02,-6.020124740477597669e+01,-1.137484223124265191e+04,-6.036541874271405561e+01,-1.137484049037407385e+04
8.912509381337379182e+02,-6.043656584249065844e+01,-1.111590941790088073e+04,-6.048426087958314668e+01,-1.111590889920322661e+04
9.120108393559019078e+02,-6.066153902452069246e+01,-1.086287029570694722e+04,-6.059800089634513398e+01,-1.086287100141636256e+04
9.332543007969829887e+02,-6.087663879246050413e+01,-1.061559069262037519e+04,-6.070687487595982645e+01,-1.061559264089483258e+04
9.549925860214276554e+02,-6.108231566869481100e+01,-1.037393949639886705e+04,-6.081110785183815892e+01,-1.037394268827368614e+04
9.772372209558021723e+02,-6.127900009919257940e+01,-1.013778857409966258e+04,-6.091091496744510181e+01,-1.013779301693341040e+04
9.999999999999912461e+02,-6.146710220132638369e+01,-9.907012711784154817e+03,-6.100650138705542957e+01,-9.907018415567812553e+03
1.023292992280745011e+03,-6.164701495170290002e+01,-9.681489543560577658e+03,-6.203533763193940587e+01,-9.681484594464989641e+03
1.047128548050890004e+03,-6.181911228620455745e+01,-9.461099487611189033e+03,-6.208087299197977416e+01,-9.461096040447691848e+03
1.071519305237597109e+03,-6.198375159585057048e+01,-9.245725687365327758e+03,-6.212464885626672384e+01,-9.245723821305526144e+03
1.096478196143174955e+03,-6.214127438753642707e+01,-9.035253942645231291e+03,-6.216674785669356140e+01,-9.035253561030007404e+03
1.122018454301952943e+03,-6.229200612361333356e+01,-8.829572652158887649e+03,-6.220725334344461999e+01,-8.829573856635875927e+03
1.148153621496871892e+03,-6.243625775994296134e+01,-8.628572757718349749e+03,-6.224624076692877139e+01,-8.628575522577593802e+03
1.174897554939519068e+03,-6.257432625324918263e+01,-8.432147680018537358e+03,-6.228378379638929374e+01,-8.432152000974661860e+03
1.202264434617402003e+03,-6.270649433145347729e+01,-8.240193265780042566e+03,-6.299892095065241904e+01,-8.240188807655602432e+03
1.230268770812369894e+03,-6.283303206983114109e+01,-8.052607733035065394e+03,-6.300321885312683179e+01,-8.052605059318259919e+03
1.258925411794155934e+03,-6.295419753600519641e+01,-7.869291616394000812e+03,-6.300764808317517662e+01,-7.869290745293995315e+03
1.288249551693121930e+03,-6.307023673554620302e+01,-7.690147713664408002e+03,-6.301220700908312722e+01,-7.690148673600432630e+03
1.318256738556395021e+03,-6.318138393313940071e+01,-7.515081034302491389e+03,-6.301689303202329029e+01,-7.515083791036920957e+03
1.348962882591640891e+03,-6.328786332510281198e+01,-7.343998750538533386e+03,-6.302170500741757309e+01,-7.344003354746456353e+03
1.380384264602872008e+03,-6.338988780019450076e+01,-7.176810148201923766e+03,-6.354166550433358651e+01,-7.176807450022941339e+03
1.412537544622741052e+03,-6.348766126554134814e+01,-7.013426574307920419e+03,-6.352353678904334089e+01,-7.013425914258979901e+03
1.445439770745914075e+03,-6.358137782919523318e+01,-6.853761396299755688e+03,-6.350657014374260001e+01,-6.853762783779003257e+03
1.479108388168192960e+03,-6.367122234503063538e+01,-6.697729952939141185e+03,-6.349071500478383001e+01,-6.697733368247228100e+03
1.513561248436194091e+03,-6.375737139707956658e+01,-6.545249510419365834e+03,-6.390428711627718172e+01,-6.545246658547535844e+03
1.548816618912466993e+03,-6.383999302217372218e+01,-6.396239215101722948e+03,-6.387123105575090420e+01,-6.396238600941179357e+03
1.584893192461099034e+03,-6.391924783356313355e+01,-6.250620055679687539e+03,-6.384001658736911367e+01,-6.250621665176121496e+03
1.621810097358915073e+03,-6.399528829801886332e+01,-6.108314819577411981e+03,-6.381056387822977882e+01,-6.108318688984027176e+03
1.659586907437545051e+03,-6.406826073496594631e+01,-5.969248050344434887e+03,-6.413907160510797212e+01,-5.969246513737607529e+03
1.698243652461728061e+03,-6.413830353044642152e+01,-5.833346009200930894e+03,-6.409686997311543166e+01,-5.833346932835699590e+03
1.737800828749358971e+03,-6.420554916818500146e+01,-5.700536635858718910e+03,-6.405692558202498788e+01,-5.700539976273684260e+03
1.778279410038906008e+03,-6.427012427222230428e+01,-5.570749508931263335e+03,-6.432942976890754494e+01,-5.570748128961414295e+03
1.819700858609965962e+03,-6.433214864177371339e+01,-5.443915811304895215e+03,-6.427973290021857622e+01,-5.443917036259761517e+03
1.862087136662848934e+03,-6.439173713095176765e+01,-5.319968291829853115e+03,-6.451561211713038801e+01,-5.319965286817053311e+03
1.905460717963228035e+03,-6.444899922050713315e+01,-5.198841229230639328e+03,-6.445825026016564152e+01,-5.198840990675012108e+03
1.949844599758026106e+03,-6.450403939512581530e+01,-5.080470398170043154e+03,-6.440382970830603426e+01,-5.080472932282711554e+03
1.995262314968859982e+03,-6.455695677656275677e+01,-4.964793034702713157e+03,-6.459866816769047659e+01,-4.964791943756770706e+03
2.041737944669509034e+03,-6.460784675336951466e+01,-4.851747805544954645e+03,-6.453864132564768852e+01,-4.851749653337721611e+03
2.089296130854018884e+03,-6.465679980811508187e+01,-4.741274769899070634e+03,-6.470642955742776792e+01,-4.741273413363331201e+03
2.137962089502210802e+03,-6.470390229222392975e+01,-4.633315353515067727e+03,-6.464226391886791134e+01,-4.633317064945590573e+03
2.187761623949530986e+03,-6.474923715077856912e+01,-4.527812313827655998e+03,-6.478631387183784796e+01,-4.527811260892392056e+03
2.238721138568317201e+03,-6.479288319442548527e+01,-4.424709712047194444e+03,-6.471926331732061044e+01,-4.424711868477886128e+03
2.290867652767749860e+03,-6.483491599191451371e+01,-4.323952881531935418e+03,-6.484251153452105143e+01,-4.323952644642693485e+03
2.344228815319897876e+03,-6.487540765090888328e+01,-4.225488399995757391e+03,-6.495214687986569402e+01,-4.225486044879802648e+03
2.398832919019465862e+03,-6.491442714667020653e+01,-4.129264061345022128e+03,-6.487869449673095801e+01,-4.129265192748976915e+03
2.454708915685005195e+03,-6.495204087407765314e+01,-4.035228846505133333e+03,-6.497169379788672927e+01,-4.035228220352823428e+03
2.511886431509553859e+03,-6.498831229112109042e+01,-3.943332897983438215e+03,-6.505352821354482273e+01,-3.943330748379563374e+03
2.570395782768836852e+03,-6.502330201957454392e+01,-3.853527491587614804e+03,-6.497657676534299753e+01,-3.853529073411365061e+03
2.630267991895354044e+03,-6.505706854502464864e+01,-3.765765013227319287e+03,-6.504521593263088164e+01,-3.765765425161924668e+03
2.691534803926886980e+03,-6.508966756056966574e+01,-3.679998931301629000e+03,-6.510473566151061675e+01,-3.679998394044685028e+03
2.754228703338138075e+03,-6.512115356966631907e+01,-3.596183773326413757e+03,-6.515583580174669009e+01,-3.596182511735094977e+03
2.818382931264423860e+03,-6.515157782476597959e+01,-3.514275100067783114e+03,-6.519917195634734242e+01,-3.514273336604392171e+03
2.884031503126574989e+03,-6.518099007211456808e+01,-3.434229484493113887e+03,-6.523535758556921849e+01,-3.434227416956522575e+03
2.951209226666353970e+03,-6.520943878836581575e+01,-3.356004486499006816e+03,-6.526496838381575571e+01,-3.356002326275995074e+03
3.019951720401983948e+03,-6.523697001593423295e+01,-3.279558631480657368e+03,-6.528854236135273936e+01,-3.279556577550328711e+03
3.090295432513556989e+03,-6.526362844339726621e+01,-3.204851388364786089e+03,-6.530658377070616893e+01,-3.204849637478351269e+03
3.162277660168344937e+03,-6.528945729966370948e+01,-3.131843146855917439e+03,-6.531956394080711448e+01,-3.131841892190584076e+03
3.235936569296247853e+03,-6.531449832604603500e+01,-3.060495198925628756e+03,-6.532792375792996609e+01,-3.060494627357276386e+03
3.311311214825875140e+03,-6.533879181122867408e+01,-2.990769715022492164e+03,-6.533207549058769814e+01,-2.990770008030076951e+03
3.388441561391989126e+03,-6.536237705673291032e+01,-2.922629726289368591e+03,-6.533240468307485571e+01,-2.922631067559259009e+03
3.467368504525279150e+03,-6.538529172554412128e+01,-2.856039104650352783e+03,-6.541079831551070356e+01,-2.856037938595259675e+03
3.548133892335716155e+03,-6.540757247726176615e+01,-2.790962542248578302e+03,-6.540086368204185874e+01,-2.790962856791219110e+03
3.630780547700972875e+03,-6.542925498611445789e+01,-2.727365534198740079e+03,-6.546262458139021589e+01,-2.727363931623508506e+03
3.715352290971683942e+03,-6.545037410250787957e+01,-2.665214359575018534e+03,-6.544433023252508974e+01,-2.665214657518331023e+03
3.801893963205569889e+03,-6.547096304861825899e+01,-2.604476064285045595e+03,-6.549188146349310102e+01,-2.604475014686792747e+03
3.890451449942762792e+03,-6.549105465994065867e+01,-2.545118441509341210e+03,-6.546688256763751212e+01,-2.545119686615024420e+03
3.981071705534927787e+03,-6.551068088274332979e+01,-2.487110016782409730e+03,-6.550235670067046101e+01,-2.487110456714953216e+03
4.073802778041082092e+03,-6.552987206907853590e+01,-2.430420030638507797e+03,-6.553111687656794970e+01,-2.430419962784049403e+03
4.168693834703307402e+03,-6.554865845159817184e+01,-2.375018422073780130e+03,-6.555372706053542231e+01,-2.375018140544247672e+03
4.265795188015878921e+03,-6.556706917211346308e+01,-2.320875812004022919e+03,-6.557071627369109024e+01,-2.320875603905476964e+03
4.365158322401610349e+03,-6.558513305571869978e+01,-2.267963488772406890e+03,-6.558257906597064846e+01,-2.267963637476090298e+03
4.466835921509580658e+03,-6.560287698505700860e+01,-2.216253391449160063e+03,-6.558977695372139749e+01,-2.216254168651884811e+03
4.570881896148698615e+03,-6.562032830757132729e+01,-2.165718097166236475e+03,-6.563960247989919594e+01,-2.165716927122604829e+03
4.677351412871928915e+03,-6.563751291965888868e+01,-2.116330804380172594e+03,-6.563662555362337514e+01,-2.116330859199801125e+03
4.786300923226329360e+03,-6.565445613370970079e+01,-2.068065319077461027e+03,-6.567301801065951850e+01,-2.068064137144141569e+03
4.897788193684406906e+03,-6.567118229829354448e+01,-2.020896041863868732e+03,-6.566174832888876267e+01,-2.020896656769386709e+03
5.011872336272665962e+03,-6.568771551191495917e+01,-1.974797953672062931e+03,-6.568683658439788076e+01,-1.974798012340380865e+03
5.128613839913589800e+03,-6.570407893435378810e+01,-1.929746601585674398e+03,-6.570610833956877173e+01,-1.929746464643566696e+03
5.248074602497666092e+03,-6.572029385262784729e+01,-1.885718088442723229e+03,-6.572007920316632124e+01,-1.885718104655644993e+03
5.370317963702465931e+03,-6.573638259774909898e+01,-1.842689056453188186e+03,-6.572923042620634249e+01,-1.842689567233199341e+03
5.495408738576182259e+03,-6.575236549871907243e+01,-1.800636678128548283e+03,-6.576639226726607035e+01,-1.800635652074405243e+03
5.623413251903425589e+03,-6.576826210575465836e+01,-1.759538641771384391e+03,-6.576576230160277703e+01,-1.759538829436076412e+03
5.754399373371502406e+03,-6.578409126379476390e+01,-1.719373141861710337e+03,-6.579115993322950828e+01,-1.719372598922268253e+03
5.888436553555820865e+03,-6.579987080462755955e+01,-1.680118865014870380e+03,-6.581076017384354770e+01,-1.680118011386955686e+03
6.025595860743506819e+03,-6.581561764183489061e+01,-1.641754980235144330e+03,-6.582508059593043015e+01,-1.641754221271756705e+03
6.165950018614748842e+03,-6.583134760083011372e+01,-1.604261127683329050e+03,-6.583460477464272742e+01,-1.604260860801364515e+03
6.309573444801856567e+03,-6.584707521302249233e+01,-1.567617407201900050e+03,-6.583978359943061776e+01,-1.567618021570697010e+03
6.456542290346477785e+03,-6.586281421997949792e+01,-1.531804368773590113e+03,-6.586445878666656029e+01,-1.531804227112628269e+03
6.606934480075880856e+03,-6.587857706224491494e+01,-1.496803000889817213e+03,-6.588348080507240923e+01,-1.496802567397686062e+03
6.760829753919737414e+03,-6.589437431742508977e+01,-1.462594721461969584e+03,-6.589735766340194800e+01,-1.462594451681949295e+03
6.918309709189281421e+03,-6.591021614993630351e+01,-1.429161367293497960e+03,-6.590656231469257875e+01,-1.429161705729561390e+03
7.079457843841293652e+03,-6.592611007778536703e+01,-1.396485185328551552e+03,-6.593099345393501665e+01,-1.396484724080729620e+03
7.244359600749812671e+03,-6.594206319387367898e+01,-1.364548822401119423e+03,-6.594983950952972407e+01,-1.364548069417548732e+03
7.413102413009084557e+03,-6.595808017118234545e+01,-1.333335315828673174e+03,-6.596360035238018327e+01,-1.333334767739627750e+03
7.585775750291744771e+03,-6.597416389896513067e+01,-1.302828085602077181e+03,-6.597274177206591617e+01,-1.302828230612537936e+03
7.762471166286822154e+03,-6.599031545214889150e+01,-1.273010924576282150e+03,-6.599385757388425588e+01,-1.273010555709489154e+03
7.943282347242717151e+03,-6.600653400141929694e+01,-1.243867989946311809e+03,-6.600972090463301356e+01,-1.243867651337159032e+03
8.128305161640892038e+03,-6.602281643649496345e+01,-1.215383795426301276e+03,-6.602080205888451303e+01,-1.215384014735803021e+03
8.317637711026607576e+03,-6.603915697969031839e+01,-1.187543202716686210e+03,-6.604159763269821326e+01,-1.187542930475494586e+03
8.511380382023658967e+03,-6.605554807206132750e+01,-1.160331413413211976e+03,-6.605717548550440199e+01,-1.160331227807157120e+03
8.709635899560698817e+03,-6.607197863392912041e+01,-1.133733961171525380e+03,-6.606799633407359806e+01,-1.133734427492618579e+03
8.912509381337344166e+03,-6.608843539131126477e+01,-1.107736704816541078e+03,-6.608671388824612336e+01,-1.107736911488412488e+03
9.120108393558983153e+03,-6.610490229163642084e+01,-1.082325819868056442e+03,-6.610038180769848282e+01,-1.082326373757339979e+03
9.332543007969792598e+03,-6.612135909777971676e+01,-1.057487791791755399e+03,-6.612057764014372196e+01,-1.057487889864455155e+03
9.549925860214238128e+03,-6.613778359130951401e+01,-1.033209408999404786e+03,-6.613555173445926982e+01,-1.033209695660091029e+03
9.772372209557981478e+03,-6.615414867042139235e+01,-1.009477756238087636e+03,-6.615589139908901473e+01,-1.009477526876086017e+03
9.999999999999870852e+03,-6.617042446919631971e+01,-9.862802065244042069e+02,-6.617093027323173260e+01,-9.862801399533208269e+02
1.023292992280741055e+04,-6.618657713884526572e+01,-9.636044166577121359e+02,-6.619034505194265705e+01,-9.636038988946112340e+02
1.047128548050885911e+04,-6.620256825377400389e+01,-9.414383186058784077e+02,-6.620444992585252919e+01,-9.414380551979428446e+02
1.071519305237592016e+04,-6.621835546876648948e+01,-9.197701149668184826e+02,-6.622208376486317150e+01,-9.197695729493793806e+02
1.096478196143171044e+04,-6.623389189978205138e+01,-8.985882721034980705e+02,-6.623445011992211562e+01,-8.985881882542578296e+02
1.122018454301948987e+04,-6.624912583177993497e+01,-8.778815143524095674e+02,-6.624961742747613869e+01,-8.778814387781083042e+02
1.148153621496868072e+04,-6.626400098551636120e+01,-8.576388181032680222e+02,-6.626690316629502320e+01,-8.576383671696743249e+02
1.174897554939513975e+04,-6.627845523361760627e+01,-8.378494068147421103e+02,-6.627870902961716126e+01,-8.378493637977718436e+02
1.202264434617396910e+04,-6.629242232723265715e+01,-8.185027444229405091e+02,-6.629208683006844183e+01,-8.185027958207945176e+02
1.230268770812365074e+04,-6.630582983880323411e+01,-7.995885309600420214e+02,-6.630647799364230366e+01,-7.995884225503006064e+02
1.258925411794150932e+04,-6.631859965005654090e+01,-7.810966968318015233e+02,-6.632137093495582292e+01,-7.810962251197287287e+02
1.288249551693117064e+04,-6.633064853345756262e+01,-7.630173981185037064e+02,-6.633052080010325824e+01,-7.630174220085324350e+02
1.318256738556389973e+04,-6.634188625733013112e+01,-7.453410115063906005e+02,-6.633981176974643290e+01,-7.453413833462350340e+02
1.348962882591635935e+04,-6.635221775125965848e+01,-7.280581289908504914e+02,-6.635407166015163227e+01,-7.280577878880349090e+02
1.380384264602865915e+04,-6.636154055789499751e+01,-7.111595543788296254e+02,-6.636215008129940429e+01,-7.111594418841983725e+02
1.412537544622735004e+04,-6.636974655998656658e+01,-6.946362974290277634e+02,-6.636919309552150992e+01,-6.946364046804503687e+02
1.445439770745908027e+04,-6.637672104452404653e+01,-6.784795700199857720e+02,-6.637486344735782495e+01,-6.784799351356979287e+02
1.479108388168187048e+04,-6.638234263803644808e+01,-6.626807820322144380e+02,-6.638319567599648963e+01,-6.626806072518605788e+02
1.513561248436187998e+04,-6.638648323504739324e+01,-6.472315369077219884e+02,-6.638500050044618206e+01,-6.472318445053525693e+02
1.548816618912460035e+04,-6.638900814787155014e+01,-6.321236273406032069e+02,-6.638851398305543228e+01,-6.321237324822456003e+02
1.584893192461092076e+04,-6.638977569777760834e+01,-6.173490316717362703e+02,-6.638915843732732469e+01,-6.173491662900961501e+02
1.621810097358908024e+04,-6.638863769027881290e+01,-6.028999094142700415e+02,-6.639030565228355840e+01,-6.028995359990358338e+02
1.659586907437537957e+04,-6.638543846067338450e+01,-5.887685986219389633e+02,-6.638439908380362908e+01,-5.887688354073729897e+02
1.698243652461720922e+04,-6.638001614677077100e+01,-5.749476105372929169e+02,-6.638152929954181047e+01,-5.749472554892893186e+02
1.737800828749351058e+04,-6.637220153534769906e+01,-5.614296272504202534e+02,-6.637125910463690559e+01,-5.614298530858035292e+02
1.778279410038897913e+04,-6.636181833682415743e+01,-5.482074978876908062e+02,-6.636276749142449205e+01,-5.482072633816901543e+02
1.819700858609957868e+04,-6.634868390348164269e+01,-5.352742345113363172e+02,-6.634941081938903551e+01,-5.352740515147659153e+02
1.862087136662842022e+04,-6.633260808717524526e+01,-5.226230097199189686e+02,-6.633375275056170040e+01,-5.226227130977762272e+02
1.905460717963221032e+04,-6.631339410624035224e+01,-5.102471527846781783e+02,-6.631272891227339983e+01,-5.102473276404737703e+02
1.949844599758018012e+04,-6.629083869703492837e+01,-4.981401463562606295e+02,-6.629110582677706986e+01,-4.981400738876832861e+02
1.995262314968851933e+04,-6.626473139812246416e+01,-4.862956234266916908e+02,-6.626575189355492057e+01,-4.862953401493785464e+02
2.041737944669500939e+04,-6.623485483492333969e+01,-4.747073647713095284e+02,-6.623403967592264507e+01,-4.747075975084098900e+02
2.089296130854009971e+04,-6.620098519609641130e+01,-4.633692952381452983e+02,-6.620009996678189168e+01,-4.633695541527390560e+02
2.137962089502202070e+04,-6.616289169241113655e+01,-4.522754810386330178e+02,-6.616323972980734425e+01,-4.522753761224798268e+02
2.187761623949521891e+04,-6.612033727962469243e+01,-4.414201269850863127e+02,-6.612090913361802791e+01,-4.414199514199593182e+02
2.238721138568308015e+04,-6.607307777631154977e+01,-4.307975736571787593e+02,-6.607278165836409300e+01,-4.307976657716767477e+02
2.290867652767739855e+04,-6.602086298753206961e+01,-4.204022946211343879e+02,-6.602026938581471427e+01,-4.204024866088560657e+02
2.344228815319888963e+04,-6.596343509033394525e+01,-4.102288940873227716e+02,-6.596281670749915804e+01,-4.102290983335329884e+02
2.398832919019455949e+04,-6.590053065847520486e+01,-4.002721036323390535e+02,-6.589990259807814255e+01,-4.002723159270430529e+02
2.454708915684995009e+04,-6.583187890477555015e+01,-3.905267806909571959e+02,-6.583251650335188287e+01,-3.905265589801081774e+02
2.511886431509544127e+04,-6.575720295420146044e+01,-3.809879049155786674e+02,-6.575715528739728200e+01,-3.809879217962743496e+02
2.570395782768826029e+04,-6.567621853795699849e+01,-3.716505770223890295e+02,-6.567627257041074529e+01,-3.716505571656756501e+02
2.630267991895343948e+04,-6.558863549757423073e+01,-3.625100155159093447e+02,-6.558924495838016355e+01,-3.625097869929955436e+02
2.691534803926875975e+04,-6.549415618943116613e+01,-3.535615551983955811e+02,-6.549427935627961972e+01,-3.535615081741748895e+02
2.754228703338126070e+04,-6.539247630751754059e+01,-3.448006446039755133e+02,-6.539215035196559711e+01,-3.448007725752577812e+02
2.818382931264412036e+04,-6.528328495394045206e+01,-3.362228438942726143e+02,-6.528341339037405078e+01,-3.362227915475437499e+02
2.884031503126563985e+04,-6.516626388706448836e+01,-3.278238234512360236e+02,-6.516636397252635504e+01,-3.278237816254792847e+02
2.951209226666342147e+04,-6.504108786748794557e+01,-3.195993613349914426e+02,-6.504150670323595307e+01,-3.195991839877204939e+02
3.019951720401971033e+04,-6.490742472322216372e+01,-3.115453419183242545e+02,-6.490730684070094014e+01,-3.115453933527132904e+02
3.090295432513544074e+04,-6.476493481328151347e+01,-3.036577539684287217e+02,-6.476509647882828347e+01,-3.036576812187974497e+02
3.162277660168331931e+04,-6.461327124618638607e+01,-2.959326891026904036e+02,-6.461335203928845772e+01,-2.959326519615038364e+02
3.235936569296233938e+04,-6.445207972403179042e+01,-2.883663403686438187e+02,-6.445234380461532453e+01,-2.883662158855835855e+02
3.311311214825860952e+04,-6.428099899324729449e+01,-2.809550005156851853e+02,-6.428070181436694952e+01,-2.809551442034165802e+02
3.388441561391973664e+04,-6.409965991437159971e+01,-2.736950612501362912e+02,-6.409937102214442461e+01,-2.736952044036194707e+02
3.467368504525264143e+04,-6.390768584923159068e+01,-2.665830113322306261e+02,-6.390766942726305899e+01,-2.665830195207257134e+02
3.548133892335701239e+04,-6.370469326048173286e+01,-2.596154356798316485e+02,-6.370495103479132126e+01,-2.596153009973842813e+02
3.630780547700957686e+04,-6.349029082726637085e+01,-2.527890146630603283e+02,-6.349000389075890638e+01,-2.527891681425828097e+02
3.715352290971668845e+04,-6.326408032256205871e+01,-2.461005225158835117e+02,-6.326404095963492580e+01,-2.461005442461884343e+02
3.801893963205553882e+04,-6.302565612238736747e+01,-2.395468273467529059e+02,-6.302577676682512475e+01,-2.395467588483305406e+02
3.890451449942746694e+04,-6.277460606225315587e+01,-2.331248893547281114e+02,-6.277459334458411178e+01,-2.331248967886071171e+02
3.981071705534912326e+04,-6.251051107684444474e+01,-2.268317611873267481e+02,-6.251037671933594453e+01,-2.268318415057225366e+02
4.073802778041065176e+04,-6.223294615480381964e+01,-2.206645865343872970e+02,-6.223293175681394729e+01,-2.206645954799776348e+02
4.168693834703289758e+04,-6.194148029680512479e+01,-2.146206003638241668e+02,-6.194156853879271551e+01,-2.146205446054517267e+02
4.265795188015861640e+04,-6.163567724784167723e+01,-2.086971279136980115e+02,-6.163563582418889553e+01,-2.086971544525553668e+02
4.365158322401592886e+04,-6.131509620242933778e+01,-2.028915846657109512e+02,-6.131526341922751300e+01,-2.028914733490465778e+02
4.466835921509561740e+04,-6.097929223655848574e+01,-1.972014761948170758e+02,-6.097937848314379750e+01,-1.972014173116908182e+02
4.570881896148680244e+04,-6.062781727958536493e+01,-1.916243978455561887e+02,-6.062769666058734686e+01,-1.916244828239023263e+02
4.677351412871909270e+04,-6.026022127464176492e+01,-1.861580346771786196e+02,-6.026019655150821563e+01,-1.861580524579423468e+02
4.786300923226308805e+04,-5.987605313567377152e+01,-1.808001612632728552e+02,-5.987615784491239879e+01,-1.808000834791978093e+02
4.897788193684386351e+04,-5.947486175821385501e+01,-1.755486419452588507e+02,-5.947490633227010903e+01,-1.755486078084249186e+02
5.011872336272644316e+04,-5.905619799747275778e+01,-1.704014304920722509e+02,-5.905632310608666558e+01,-1.704013317403320116e+02
5.128613839913567790e+04,-5.861961538949521611e+01,-1.653565706111943143e+02,-5.861972129483252303e+01,-1.653564845199019260e+02
5.248074602497643355e+04,-5.816467255415478377e+01,-1.604121955108653026e+02,-5.816468788658207956e+01,-1.604121829147222797e+02
5.370317963702442648e+04,-5.769093521555802795e+01,-1.555665281838890621e+02,-5.769100626236436113e+01,-1.555664670054702583e+02
5.495408738576158794e+04,-5.719797741158156867e+01,-1.508178814562347725e+02,-5.719801081927018771e+01,-1.508178520511661134e+02
5.623413251903402124e+04,-5.668538501685598163e+01,-1.461646575137301909e+02,-5.668545601084839092e+01,-1.461645927215444090e+02
5.754399373371479305e+04,-5.615275692313537093e+01,-1.416053487033190095e+02,-5.615271518115206106e+01,-1.416053880191735743e+02
5.888436553555796854e+04,-5.559970885495908277e+01,-1.371385363097249126e+02,-5.559969600781211341e+01,-1.371385486260891184e+02
6.025595860743483354e+04,-5.502587577417209985e+01,-1.327628908059548962e+02,-5.502594181828844455e+01,-1.327628247396015126e+02
6.165950018614724104e+04,-5.443091476040564913e+01,-1.284771717070218529e+02,-5.443089021760154367e+01,-1.284771971138743538e+02
6.309573444801831647e+04,-5.381450893777698496e+01,-1.242802260982792859e+02,-5.381455463440216391e+01,-1.242801775161399007e+02
6.456542290346453228e+04,-5.317637060357319001e+01,-1.201709887533006054e+02,-5.317640663063353657e+01,-1.201709489998027323e+02
6.606934480075855390e+04,-5.251624483621075257e+01,-1.161484806331256436e+02,-5.251621825196897930e+01,-1.161485107582156786e+02
6.760829753919709765e+04,-5.183391387157318064e+01,-1.122118077529233773e+02,-5.183387731106805774e+01,-1.122118507771033080e+02
6.918309709189254500e+04,-5.112920072920741177e+01,-1.083601596879119597e+02,-5.112917601397317924e+01,-1.083601896943778087e+02
7.079457843841266003e+04,-5.040197379997744775e+01,-1.045928076185906122e+02,-5.040194515084182569e+01,-1.045928435811852637e+02
7.244359600749785022e+04,-4.965215100261209358e+01,-1.009091022744677417e+02,-4.965213853194835991e+01,-1.009091184294570240e+02
7.413102413009056181e+04,-4.887970452831358870e+01,-9.730847117552960412e+01,-4.887973859851098268e+01,-9.730842540909389982e+01
7.585775750291715667e+04,-4.808466502893345762e+01,-9.379041579823474706e+01,-4.808463719522607249e+01,-9.379045445424696936e+01
7.762471166286792140e+04,-4.726712672413017202e+01,-9.035450797813862778e+01,-4.726711762984693621e+01,-9.035452111758935700e+01
7.943282347242686956e+04,-4.642725179141159941e+01,-8.700038591482953620e+01,-4.642723931762495937e+01,-8.700040453922565575e+01
8.128305161640861479e+04,-4.556527494831717462e+01,-8.372774993090003193e+01,-4.556525067463040557e+01,-8.372778741439573480e+01
8.317637711026576289e+04,-4.468150780104321029e+01,-8.053635741101106760e+01,-4.468150362397992126e+01,-8.053636416602032000e+01
8.511380382023628044e+04,-4.377634351547435898e+01,-7.742601723484253284e+01,-4.377636189861487281e+01,-7.742598672736248488e+01
8.709635899560665712e+04,-4.285026069943105398e+01,-7.439658355326933759e+01,-4.285026959811467862e+01,-7.439656863781122809e+01
8.912509381337311061e+04,-4.190382732550790479e+01,-7.144794918800539563e+01,-4.190382489180784376e+01,-7.144795336052418122e+01
9.120108393558950047e+04,-4.093770371835982758e+01,-6.858003899674048398e+01,-4.093769581986562400e+01,-6.858005334813589116e+01
9.332543007969758764e+04,-3.995264647640019007e+01,-6.579280070234005962e+01,-3.995265649419017251e+01,-6.579278154735867190e+01
9.549925860214204295e+04,-3.894950991106030358e+01,-6.308619800911054654e+01,-3.894950861815799925e+01,-6.308620089874884229e+01
9.772372209557947644e+04,-3.792924851527718033e+01,-6.046020084896341729e+01,-3.792924859416847028e+01,-6.046020013789657099e+01
9.999999999999837019e+04,-3.689291793461767810e+01,-5.791477634089093840e+01,-3.689292695542896183e+01,-5.791475649411096782e+01
1.023292992280736944e+05,-3.584167533233620162e+01,-5.544987893658233702e+01,-3.584168370166723605e+01,-5.544986045633428517e+01
1.047128548050881946e+05,-3.477677866785729321e+01,-5.306544074176856896e+01,-3.477678581605649555e+01,-5.306542447676579854e+01
1.071519305237588997e+05,-3.369958554748203028e+01,-5.076136063234205409e+01,-3.369958547142240235e+01,-5.076136115314240982e+01
1.096478196143167006e+05,-3.261155052075677929e+01,-4.853749423800552165e+01,-3.261154834843164707e+01,-4.853749948325913266e+01
1.122018454301945021e+05,-3.151422155671946612e+01,-4.639364331687573184e+01,-3.151421912317712426e+01,-4.639364904644060061e+01
1.148153621496864071e+05,-3.040923560253540359e+01,-4.432954489250878538e+01,-3.040923292577621595e+01,-4.432955175324006802e+01
1.174897554939510010e+05,-2.929831252449017143e+01,-4.234486158348391882e+01,-2.929830823318896904e+01,-4.234487309523962750e+01
1.202264434617392981e+05,-2.818324813187447120e+01,-4.043917160785592557e+01,-2.818324880208819749e+01,-4.043916976206985936e+01
1.230268770812361035e+05,-2.706590624125205125e+01,-3.861195921928536734e+01,-2.706590841490965005e+01,-3.861195340081914651e+01
1.258925411794146057e+05,-2.594820934463205475e+01,-3.686260601028071449e+01,-2.594821041301656095e+01,-3.686260320094844189e+01
1.288249551693113026e+05,-2.483212824643087657e+01,-3.519038324074983137e+01,-2.483212771582178391e+01,-3.519038481411384112e+01
1.318256738556385098e+05,-2.371967086107634870e+01,-3.359444471508160035e+01,-2.371967162351797498e+01,-3.359444259707322544e+01
1.348962882591630914e+05,-2.261286979253527463e+01,-3.207382120596816577e+01,-2.261287019527069830e+01,-3.207382022234624230e+01
1.380384264602861949e+05,-2.151376953512327717e+01,-3.062741570058115670e+01,-2.151376947843376186e+01,-3.062741582340070678e+01
1.412537544622730929e+05,-2.042441267078457301e+01,-2.925400059303832379e+01,-2.042441149894285246e+01,-2.925400384208377247e+01
1.445439770745903952e+05,-1.934682592838061410e+01,-2.795221557330805950e+01,-1.934682747395047997e+01,-2.795221161140814203e+01
1.479108388168182864e+05,-1.828300561463544227e+01,-2.672056806185760891e+01,-1.828300647504500986e+01,-2.672056598177375619e+01
1.513561248436183087e+05,-1.723490328005271621e+01,-2.555743435662085972e+01,-1.723490282510492477e+01,-2.555743554654675265e+01
1.548816618912456033e+05,-1.620441133765705644e+01,-2.446106294697669625e+01,-1.620441035590510026e+01,-2.446106519490826869e+01
1.584893192461087019e+05,-1.519334896594543238e+01,-2.342957956069160019e+01,-1.519334798003151654e+01,-2.342958179929986073e+01
1.621810097358902858e+05,-1.420344879175399910e+01,-2.246099330566256569e+01,-1.420344945622432498e+01,-2.246099194210479055e+01
1.659586907437533082e+05,-1.323634410597574096e+01,-2.155320498969107490e+01,-1.323634293896773428e+01,-2.155320730693493658e+01
1.698243652461715974e+05,-1.229355727190334591e+01,-2.070401622181527657e+01,-1.229355819223753343e+01,-2.070401451397832915e+01
1.737800828749345965e+05,-1.137648909956607035e+01,-1.991114043879413131e+01,-1.137648834713876056e+01,-1.991114173491237338e+01
1.778279410038893111e+05,-1.048640962612052441e+01,-1.917221475931856034e+01,-1.048640952238267587e+01,-1.917221490272758899e+01
1.819700858609953139e+05,-9.624450476348407335e+00,-1.848481272569701162e+01,-9.624450459348663500e+00,-1.848481276029192699e+01
1.862087136662836128e+05,-8.791598638855305126e+00,-1.784645797448730420e+01,-8.791599017410042904e+00,-1.784645749937316594e+01
1.905460717963215138e+05,-7.988691993453511664e+00,-1.725463843469974279e+01,-7.988691265766432181e+00,-1.725463925434251067e+01
1.949844599758012046e+05,-7.216416547156841332e+00,-1.670682076367453206e+01,-7.216417547418073397e+00,-1.670681969687445090e+01
1.995262314968846040e+05,-6.475305311970608990e+00,-1.620046503856856290e+01,-6.475306221941274032e+00,-1.620046416597669392e+01
2.041737944669495046e+05,-5.765739073980712170e+00,-1.573303893795613995e+01,-5.765739750906551997e+00,-1.573303835122519345e+01
2.089296130854004005e+05,-5.087948629911567267e+00,-1.530203194449291715e+01,-5.087949135390250177e+00,-1.530203156250919960e+01
2.137962089502195886e+05,-4.442018613921106862e+00,-1.490496885330964538e+01,-4.442018872598511692e+00,-1.490496870263481632e+01
2.187761623949515051e+05,-3.827892819022987947e+00,-1.453942247131758059e+01,-3.827892684108533672e+00,-1.453942253948087959e+01
2.238721138568301103e+05,-3.245380830888953572e+00,-1.420302537654435859e+01,-3.245380423034803563e+00,-1.420302556157272278e+01
2.290867652767733962e+05,-2.694165783334149911e+00,-1.389348072697017500e+01,-2.694166097616792932e+00,-1.389348058546747566e+01
2.344228815319882124e+05,-2.173813056032404933e+00,-1.360857182311491265e+01,-2.173813401690443126e+00,-1.360857169694623181e+01
2.398832919019449037e+05,-1.683779827928668205e+00,-1.334617043995839225e+01,-1.683780406623759829e+00,-1.334617028023525265e+01
2.454708915684988024e+05,-1.223425217111381746e+00,-1.310424384108420881e+01,-1.223424512790504792e+00,-1.310424395806126086e+01
2.511886431509536924e+05,-7.920208597792502969e-01,-1.288086042313878821e+01,-7.920216124491830101e-01,-1.288086033273837039e+01
2.570395782768818899e+05,-3.887616499785150892e-01,-1.267419415192744125e+01,-3.887613163316431808e-01,-1.267419418093631833e+01
2.630267991895335726e+05,-1.277662354415674308e-02,-1.248252755610275067e+01,-1.277729815345083481e-02,-1.248252756077438796e+01
2.691534803926869063e+05,3.368601660203482950e-01,-1.230425343364270496e+01,3.368594286334821164e-01,-1.230425347960619042e+01
2.754228703338119085e+05,6.611192617235976954e-01,-1.213787559639851743e+01,6.611196134318323425e-01,-1.213787554149260473e+01
2.818382931264404906e+05,9.610055101819675594e-01,-1.198200822989076819e+01,9.610061114455195064e-01,-1.198200813866761294e+01
2.884031503126556054e+05,1.237548562682126541e+00,-1.183537456511994534e+01,1.237548578770223173e+00,-1.183537455032129060e+01
2.951209226666333852e+05,1.491793523002380439e+00,-1.169680422071389536e+01,1.491793178569769784e+00,-1.169680431757901751e+01
3.019951720401964267e+05,1.724792736217115596e+00,-1.156523026344399341e+01,1.724792603715399775e+00,-1.156523031891463127e+01
3.090295432513537235e+05,1.937597883944003563e+00,-1.143968517825149078e+01,1.937598180340937004e+00,-1.143968506869704882e+01
3.162277660168323782e+05,2.131252983246473498e+00,-1.131929648206368988e+01,2.131252717722407652e+00,-1.131929657688037238e+01
3.235936569296225789e+05,2.306788167136590850e+00,-1.120328187418921217e+01,2.306788137664959049e+00,-1.120328190836942284e+01
3.311311214825853240e+05,2.465214270884522829e+00,-1.109094411276254810e+01,2.465214405322782909e+00,-1.109094404912971221e+01
3.388441561391967116e+05,2.607517923147758765e+00,-1.098166543128966843e+01,2.607518021633698169e+00,-1.098166537881641602e+01
3.467368504525255994e+05,2.734657669800044655e+00,-1.087490208330140362e+01,2.734657476260416331e+00,-1.087490218446371237e+01
3.548133892335693236e+05,2.847560705578389584e+00,-1.077017872915043739e+01,2.847560467102747683e+00,-1.077017886274895098e+01
3.630780547700949828e+05,2.947120189377899546e+00,-1.066708279050635255e+01,2.947120406096848555e+00,-1.066708266447431086e+01
3.715352290971659822e+05,3.034193241138992914e+00,-1.056525895273362714e+01,3.034193615814334333e+00,-1.056525873543660943e+01
3.801893963205544860e+05,3.109599612841228211e+00,-1.046440387301091413e+01,3.109600002326968760e+00,-1.046440364519012611e+01
3.890451449942737818e+05,3.174120722607567391e+00,-1.036426097100761901e+01,3.174120868858852251e+00,-1.036426086103676703e+01
3.981071705534902867e+05,3.228499163448344866e+00,-1.026461545306268519e+01,3.228499147746744402e+00,-1.026461546836360661e+01
4.073802778041056008e+05,3.273438861333553884e+00,-1.016528978507056813e+01,3.273438872366029262e+00,-1.016528976439663090e+01
4.168693834703281173e+05,3.309605293849491758e+00,-1.006613920474109136e+01,3.309605111324290139e+00,-1.006613933824177387e+01
4.265795188015851891e+05,3.337626257760716530e+00,-9.967047733411209975e+00,3.337626665537978266e+00,-9.967047409114119461e+00
4.365158322401582845e+05,3.358092688899827039e+00,-9.867924323663558539e+00,3.358092797832310517e+00,-9.867924253032979820e+00
4.466835921509552281e+05,3.371559967138041181e+00,-9.768699531031174388e+00,3.371559885846697746e+00,-9.768699609614754920e+00
4.570881896148669184e+05,3.378549104657090574e+00,-9.669322265979721109e+00,3.378549245354415476e+00,-9.669322152805570170e+00
4.677351412871899083e+05,3.379548258803183991e+00,-9.569757004944309031e+00,3.379547965064545245e+00,-9.569757256771133314e+00
4.786300923226298764e+05,3.375014347741412291e+00,-9.469981298423943983e+00,3.375014608999910237e+00,-9.469981091524225292e+00
4.897788193684375146e+05,3.365374604399145486e+00,-9.369983450093807065e+00,3.365374383539616154e+00,-9.369983641238794903e+00
5.011872336272633984e+05,3.351028272946392939e+00,-9.269760572599537340e+00,3.351027995875194065e+00,-9.269760803093143764e+00
5.128613839913557749e+05,3.332348291322449807e+00,-9.169316848130588227e+00,3.332348568299537739e+00,-9.169316609378322269e+00
5.248074602497633314e+05,3.309682949069680191e+00,-9.068662026784762631e+00,3.309682674873263508e+00,-9.068662259101971657e+00
5.370317963702431880e+05,3.283357565107987597e+00,-8.967810183325969575e+00,3.283357808958944357e+00,-8.967809954543966455e+00
5.495408738576148171e+05,3.253676001539657303e+00,-8.866778569578984914e+00,3.253676021326421974e+00,-8.866778554399779466e+00
5.623413251903391210e+05,3.220922333670109161e+00,-8.765586827507316769e+00,3.220922517884593272e+00,-8.765586675073015144e+00
5.754399373371467227e+05,3.185362178893355267e+00,-8.664256134038231139e+00,3.185362230777442072e+00,-8.664256113212875476e+00
5.888436553555785213e+05,3.147244242946231285e+00,-8.562808743978417070e+00,3.147243988757947530e+00,-8.562808957541097499e+00
6.025595860743470257e+05,3.106801455487356645e+00,-8.461267379500062802e+00,3.106801634167839499e+00,-8.461267243133249849e+00
6.165950018614712171e+05,3.064252405827152081e+00,-8.359655056826644781e+00,3.064252189625997325e+00,-8.359655242425377608e+00
6.309573444801820442e+05,3.019802316667315800e+00,-8.257994694536476388e+00,3.019802548586111524e+00,-8.257994512668904719e+00
6.456542290346440859e+05,2.973644231071785438e+00,-8.156309068761451897e+00,2.973644373605206059e+00,-8.156308953348478497e+00
6.606934480075843167e+05,2.925959874477887634e+00,-8.054620618987692993e+00,2.925959854169525087e+00,-8.054620629956154687e+00
6.760829753919697832e+05,2.876920585261657060e+00,-7.952951458533858542e+00,2.876920596631354243e+00,-7.952951478918705241e+00
6.918309709189241985e+05,2.826688193186503550e+00,-7.851323463496568067e+00,2.826688169085852742e+00,-7.851323479649843229e+00
7.079457843841252616e+05,2.775415552945380782e+00,-7.749758135591725328e+00,2.775415529530923298e+00,-7.749758143427806445e+00
7.244359600749771344e+05,2.723247336879429881e+00,-7.648276824807063612e+00,2.723247321571828472e+00,-7.648276831979195833e+00
7.413102413009043084e+05,2.670320584274785691e+00,-7.546900801575101347e+00,2.670320625149013694e+00,-7.546900798975610947e+00
7.585775750291702570e+05,2.616765133136778942e+00,-7.445651284289970029e+00,2.616765145031765716e+00,-7.445651268538913570e+00
7.762471166286779335e+05,2.562704173885467007e+00,-7.344549665121274273e+00,2.562704156625995378e+00,-7.344549654617607004e+00
7.943282347242673859e+05,2.508254517371834691e+00,-7.243617491461399993e+00,2.508254530623273304e+00,-7.243617483335400564e+00
8.128305161640847800e+05,2.453526997417645017e+00,-7.142876645029412330e+00,2.453526959484730874e+00,-7.142876620822724121e+00
8.317637711026561446e+05,2.398626717026654198e+00,-7.042349385928855732e+00,2.398626706079255655e+00,-7.042349409354861756e+00
8.511380382023612037e+05,2.343653346539074089e+00,-6.942058491408283238e+00,2.343653369027023814e+00,-6.942058489032744362e+00
8.709635899560649414e+05,2.288701310496495278e+00,-6.842027299121392403e+00,2.288701344026243589e+00,-6.842027301385512850e+00
8.912509381337293889e+05,2.233859944974263101e+00,-6.742279726728181544e+00,2.233859946181694145e+00,-6.742279731136075149e+00
9.120108393558932003e+05,2.179213674218123842e+00,-6.642840335051820588e+00,2.179213654941125178e+00,-6.642840309979092694e+00
9.332543007969741011e+05,2.124842127400263792e+00,-6.543734322073063048e+00,2.124842120981406790e+00,-6.543734331000001347e+00
9.549925860214185668e+05,2.070820273980668258e+00,-6.444987547365644609e+00,2.070820254972419949e+00,-6.444987556083901836e+00
9.772372209557928145e+05,2.017218542605764053e+00,-6.346626533285311567e+00,2.017218540216374478e+00,-6.346626513339480802e+00
9.999999999999817228e+05,1.964102860790927219e+00,-6.248678368255551341e+00,1.964102846563468452e+00,-6.248678356425330094e+00
1.023292992280735052e+06,1.911534782841449731e+00,-6.151170707204296484e+00,1.911534771305189562e+00,-6.151170710609439318e+00
1.047128548050879966e+06,1.859571546243124596e+00,-6.054131675103158194e+00,1.859571556404215009e+00,-6.054131694416279963e+00
1.071519305237587076e+06,1.808266217001605281e+00,-5.957589880663903159e+00,1.808266199246634232e+00,-5.957589878690074947e+00
1.096478196143164998e+06,1.757667652470477737e+00,-5.861574173103536012e+00,1.757667660047300462e+00,-5.861574180102627096e+00
1.122018454301943071e+06,1.707820709887273525e+00,-5.766113714452739458e+00,1.707820715100205611e+00,-5.766113720690620781e+00
1.148153621496861102e+06,1.658766250786383623e+00,-5.671237767095421489e+00,1.658766227706332419e+00,-5.671237758745111712e+00
1.174897554939507972e+06,1.610541278735414972e+00,-5.576975650572900456e+00,1.610541267858410786e+00,-5.576975651995676131e+00
1.202264434617389925e+06,1.563179006767548174e+00,-5.483356590645295014e+00,1.563179012763175502e+00,-5.483356597846425373e+00
1.230268770812358009e+06,1.516708994718859227e+00,-5.390409658973778662e+00,1.516708988238097078e+00,-5.390409648868995873e+00
1.258925411794143030e+06,1.471157199093378942e+00,-5.298163571445378750e+00,1.471157224020814835e+00,-5.298163589530831885e+00
1.288249551693110028e+06,1.426546196904649122e+00,-5.206646743322352222e+00,1.426546213421090670e+00,-5.206646754156558643e+00
1.318256738556382013e+06,1.382895168236224048e+00,-5.115886972200275551e+00,1.382895186950702682e+00,-5.115886978828397602e+00
1.348962882591628004e+06,1.340220131642984258e+00,-5.025911498839159997e+00,1.340220132071164638e+00,-5.025911515724113876e+00
1.380384264602859039e+06,1.298534027259353518e+00,-4.936746835722686910e+00,1.298534036645619061e+00,-4.936746824471841322e+00
1.412537544622726971e+06,1.257846846609739888e+00,-4.848418662913805299e+00,1.257846865402663106e+00,-4.848418675022543312e+00
1.445439770745899994e+06,1.218165835031302047e+00,-4.760951845108338354e+00,1.218165832591995512e+00,-4.760951840990037987e+00
1.479108388168178964e+06,1.179495514917634935e+00,-4.674370155964179041e+00,1.179495514208082962e+00,-4.674370158310979129e+00
1.513561248436179012e+06,1.141837971365962767e+00,-4.588696439644905034e+00,1.141837951506070370e+00,-4.588696426367458336e+00
1.548816618912451901e+06,1.105192882351666572e+00,-4.503952356099482301e+00,1.105192873701185352e+00,-4.503952358872239436e+00
1.584893192461082945e+06,1.069557738568131855e+00,-4.420158446013880749e+00,1.069557738320218165e+00,-4.420158451345967521e+00
1.621810097358898958e+06,1.034927956837495389e+00,-4.337334030885839908e+00,1.034927962686999825e+00,-4.337334025801320436e+00
1.659586907437528949e+06,1.001297025978024724e+00,-4.255497173278570244e+00,1.001297035154405046e+00,-4.255497163347166989e+00
1.698243652461712016e+06,9.686566496749917654e-01,-4.174664644353511811e+00,9.686566478214163611e-01,-4.174664646019239811e+00
1.737800828749341890e+06,9.369969027251437987e-01,-4.094851926516619223e+00,9.369969017826781377e-01,-4.094851934226841017e+00
1.778279410038888920e+06,9.063063750983109124e-01,-4.016073211453984548e+00,9.063063697139051023e-01,-4.016073211167799251e+00
1.819700858609949006e+06,8.765722658978661874e-01,-3.938341314792201064e+00,8.765722626610411572e-01,-3.938341318464635865e+00
1.862087136662831996e+06,8.477805521722476811e-01,-3.861667745774434835e+00,8.477805555701706242e-01,-3.861667748138841283e+00
1.905460717963211006e+06,8.199161100547250891e-01,-3.786062701799791430e+00,8.199161146694780022e-01,-3.786062702395700974e+00
1.949844599758008029e+06,7.929628080828913239e-01,-3.711535027325649327e+00,7.929628193356276222e-01,-3.711535035810564764e+00
1.995262314968840918e+06,7.669036797102819492e-01,-3.638092335858561732e+00,7.669036770846663353e-01,-3.638092329459392982e+00
2.041737944669489982e+06,7.417209653539883485e-01,-3.565740899357859650e+00,7.417209645870650458e-01,-3.565740890205389757e+00
2.089296130853998940e+06,7.173962671281916004e-01,-3.494485768586589547e+00,7.173962751074068889e-01,-3.494485780126341368e+00
2.137962089502191171e+06,6.939106538515688039e-01,-3.424330814181176574e+00,6.939106523374637403e-01,-3.424330813893989411e+00
2.187761623949510045e+06,6.712447083660491032e-01,-3.355278665853972164e+00,6.712447067513089838e-01,-3.355278659076994074e+00
2.238721138568296097e+06,6.493786517326323171e-01,-3.287330820765478112e+00,6.493786595004638063e-01,-3.287330828540584893e+00
2.290867652767729014e+06,6.282924334426001067e-01,-3.220487696210061479e+00,6.282924380578707169e-01,-3.220487700445822554e+00
2.344228815319877118e+06,6.079657880645961132e-01,-3.154748631274288506e+00,6.079657883130347162e-01,-3.154748624321472406e+00
2.398832919019443914e+06,5.883783008356621158e-01,-3.090111914865826037e+00,5.883783005231374430e-01,-3.090111908733658819e+00
2.454708915684983134e+06,5.695095010704506189e-01,-3.026574887587059948e+00,5.695095033476350599e-01,-3.026574884134848986e+00
2.511886431509531103e+06,5.513389097107838088e-01,-2.964133959019198183e+00,5.513389132318217145e-01,-2.964133964653244746e+00
2.570395782768812962e+06,5.338460873728744227e-01,-2.902784636909157001e+00,5.338460857257483205e-01,-2.902784635263462754e+00
2.630267991895330139e+06,5.170107016281713097e-01,-2.842521609226160262e+00,5.170107081920441994e-01,-2.842521613932211366e+00
2.691534803926862776e+06,5.008125560588495562e-01,-2.783338753507801577e+00,5.008125590762900758e-01,-2.783338753028423262e+00
2.754228703338112216e+06,4.852316544293054368e-01,-2.725229231005876329e+00,4.852316528751812186e-01,-2.725229226774600555e+00
2.818382931264398154e+06,4.702482055459749621e-01,-2.668185464254038131e+00,4.702482069299527279e-01,-2.668185465234012010e+00
2.884031503126549069e+06,4.558426904995569462e-01,-2.612199254429130590e+00,4.558426932707995705e-01,-2.612199264384799768e+00
2.951209226666328032e+06,4.419958827174352844e-01,-2.557261805967886659e+00,4.419958833452979352e-01,-2.557261801431506942e+00
3.019951720401957165e+06,4.286888503351254376e-01,-2.503363720562049366e+00,4.286888488348092885e-01,-2.503363716863174826e+00
3.090295432513528969e+06,4.159030098162903033e-01,-2.450495105950656782e+00,4.159030044811226623e-01,-2.450495107390302074e+00
3.162277660168317147e+06,4.036201335856742234e-01,-2.398645593612562354e+00,4.036201298858689279e-01,-2.398645589925709309e+00
3.235936569296217989e+06,3.918223573315819941e-01,-2.347804358747252351e+00,3.918223627119294394e-01,-2.347804365449674080e+00
3.311311214825844858e+06,3.804922131961996912e-01,-2.297960202360136428e+00,3.804922125113609499e-01,-2.297960209291295186e+00
3.388441561391958036e+06,3.696126204903201762e-01,-2.249101544720440327e+00,3.696126233130379579e-01,-2.249101545699549565e+00
3.467368504525247030e+06,3.591669046842090873e-01,-2.201216483676635693e+00,3.591669086919332399e-01,-2.201216493190774059e+00
3.548133892335684039e+06,3.491388105110363460e-01,-2.154292843432798144e+00,3.491388078056916200e-01,-2.154292844418886688e+00
3.630780547700941097e+06,3.395124849267454614e-01,-2.108318161903811827e+00,3.395124837872103285e-01,-2.108318160280213238e+00
3.715352290971651208e+06,3.302725046594183755e-01,-2.063279774721122450e+00,3.302725001294805063e-01,-2.063279766345353483e+00
3.801893963205535896e+06,3.214038561228926838e-01,-2.019164800364006584e+00,3.214038577930693474e-01,-2.019164798778473990e+00
3.890451449942728039e+06,3.128919572988602127e-01,-1.975960216111677381e+00,3.128919609327922013e-01,-1.975960218646263700e+00
3.981071705534893088e+06,3.047226383824460649e-01,-1.933652847418716902e+00,3.047226388451059198e-01,-1.933652846031981953e+00
4.073802778041046113e+06,2.968821377160257846e-01,-1.892229391323608345e+00,2.968821332280729974e-01,-1.892229391897670920e+00
4.168693834703269880e+06,2.893571113640818204e-01,-1.851676468490355942e+00,2.893571100540335839e-01,-1.851676469063777475e+00
4.265795188015840948e+06,2.821346183820747089e-01,-1.811980625683259349e+00,2.821346153521415712e-01,-1.811980627302085312e+00
4.365158322401572019e+06,2.752021153850336410e-01,-1.773128357440272973e+00,2.752021167732492390e-01,-1.773128360120447722e+00
4.466835921509541571e+06,2.685474595057847913e-01,-1.735106145220530971e+00,2.685474612212062073e-01,-1.735106146597217958e+00
4.570881896148658358e+06,2.621588809839443535e-01,-1.697900434534296066e+00,2.621588832700467719e-01,-1.697900439436246911e+00
4.677351412871887907e+06,2.560250049486226809e-01,-1.661497711662776711e+00,2.560250021121242558e-01,-1.661497705538609759e+00
4.786300923226286657e+06,2.501348048557319736e-01,-1.625884442441304145e+00,2.501348061736559103e-01,-1.625884442273665131e+00
4.897788193684362806e+06,2.444776359645572106e-01,-1.591047170596694205e+00,2.444776393674369663e-01,-1.591047171855596076e+00
5.011872336272622459e+06,2.390431974381853619e-01,-1.556972473310699323e+00,2.390431958196967688e-01,-1.556972471441549155e+00
5.128613839913545176e+06,2.338215266762665723e-01,-1.523646980963050623e+00,2.338215265318218661e-01,-1.523646981130557965e+00
5.248074602497619577e+06,2.288030036284424140e-01,-1.491057414464225017e+00,2.288030038620795237e-01,-1.491057413911641039e+00
5.370317963702417910e+06,2.239783304678649167e-01,-1.459190574225321724e+00,2.239783310702919417e-01,-1.459190571880009557e+00
5.495408738576133735e+06,2.193385205574386598e-01,-1.428033347035289946e+00,2.193385202971385173e-01,-1.428033345783321639e+00
5.623413251903376542e+06,2.148748973076897717e-01,-1.397572729754922305e+00,2.148748982660788343e-01,-1.397572729207346320e+00
5.754399373371452093e+06,2.105790787431096045e-01,-1.367795825810656618e+00,2.105790776503209949e-01,-1.367795824990090559e+00
5.888436553555769846e+06,2.064429694012190619e-01,-1.338689854473258611e+00,2.064429691926501220e-01,-1.338689853525560691e+00
6.025595860743454657e+06,2.024587473804677351e-01,-1.310242150250810367e+00,2.024587475082454402e-01,-1.310242151792718523e+00
6.165950018614695407e+06,1.986188672413157774e-01,-1.282440189279213216e+00,1.986188669246534699e-01,-1.282440189330928071e+00
6.309573444801802747e+06,1.949160339246643614e-01,-1.255271564098764392e+00,1.949160340167562511e-01,-1.255271565735420314e+00
6.456542290346422233e+06,1.913432056545412985e-01,-1.228724008050660732e+00,1.913432069531925406e-01,-1.228724010344528050e+00
6.606934480075824074e+06,1.878935833763194785e-01,-1.202785394680491171e+00,1.878935824513709441e-01,-1.202785394180305500e+00
6.760829753919678740e+06,1.845605953895400886e-01,-1.177443729306695497e+00,1.845605952159670160e-01,-1.177443728558562830e+00
6.918309709189222194e+06,1.813378973661045612e-01,-1.152687164497377292e+00,1.813378977471900300e-01,-1.152687163507700285e+00
7.079457843841233291e+06,1.782193624505573892e-01,-1.128503998090854887e+00,1.782193631859299854e-01,-1.128503996372341334e+00
7.244359600749751553e+06,1.751990665990779961e-01,-1.104882663562568812e+00,1.751990682959555234e-01,-1.104882665789515883e+00
7.413102413009022363e+06,1.722712967276893437e-01,-1.081811754087042443e+00,1.722712957381568044e-01,-1.081811752564549645e+00
7.585775750291680917e+06,1.694305177820791541e-01,-1.059279984127924346e+00,1.694305203373279167e-01,-1.059279987298816339e+00
7.762471166286756285e+06,1.666713978752951408e-01,-1.037276236067011137e+00,1.666713988948408387e-01,-1.037276237392391387e+00
7.943282347242649645e+06,1.639887736213032632e-01,-1.015789518526832413e+00,1.639887717186077065e-01,-1.015789516521674596e+00
8.128305161640822887e+06,1.613776580490397516e-01,-9.948089856615480731e-01,1.613776569903861147e-01,-9.948089837589135787e-01
8.317637711026536301e+06,1.588332325681751367e-01,-9.743239326971733227e-01,1.588332325540342815e-01,-9.743239332629948235e-01
8.511380382023585960e+06,1.563508436824423697e-01,-9.543237967467966820e-01,1.563508435647417427e-01,-9.543237961278726589e-01
8.709635899560622871e+06,1.539259905813393503e-01,-9.347981454064914209e-01,1.539259896800496685e-01,-9.347981447049820147e-01
8.912509381337266415e+06,1.515543244283514557e-01,-9.157366800964152898e-01,1.515543240880620757e-01,-9.157366794642837204e-01
9.120108393558904529e+06,1.492316465534716807e-01,-8.971292368415481056e-01,1.492316469897467801e-01,-8.971292365454005546e-01
9.332543007969712839e+06,1.469539026582979413e-01,-8.789657812294568995e-01,1.469539032335138717e-01,-8.789657807484545504e-01
9.549925860214157030e+06,1.447171739731649143e-01,-8.612363996254562837e-01,1.447171742856387944e-01,-8.612364017699990493e-01
9.772372209557900205e+06,1.425176844587767722e-01,-8.439313086545491283e-01,1.425176833793367626e-01,-8.439313089591804484e-01
9.999999999999787658e+06,1.403517841523524157e-01,-8.270408363635576299e-01,1.403517845651608698e-01,-8.270408349087994271e-01
1.023292992280731909e+07,1.382159571866843351e-01,-8.105554314453716769e-01,1.382159565051378214e-01,-8.105554323244706927e-01
1.047128548050877079e+07,1.361068219235975207e-01,-7.944656622024369730e-01,1.361068192589723058e-01,-7.944656615373001385e-01
1.071519305237583071e+07,1.340211127516914014e-01,-7.787621960450656911e-01,1.340211118922498834e-01,-7.787621959655489645e-01
1.096478196143162064e+07,1.319556970985438504e-01,-7.634358161434078305e-01,1.319556989026513250e-01,-7.634358177188159678e-01
1.122018454301938973e+07,1.299075687825710090e-01,-7.484774121248690681e-01,1.299075700927510846e-01,-7.484774145489107022e-01
1.148153621496858075e+07,1.278738441629734546e-01,-7.338779739615690634e-01,1.278738439769401547e-01,-7.338779731065386835e-01
1.174897554939503968e+07,1.258517555961083945e-01,-7.196285837419572617e-01,1.258517533151289891e-01,-7.196285826493591387e-01
1.202264434617386945e+07,1.238386639370392117e-01,-7.057204251462613209e-01,1.238386645204075098e-01,-7.057204250633082321e-01
1.230268770812354982e+07,1.218320619704436614e-01,-6.921447831496192471e-01,1.218320620508338975e-01,-6.921447814479398941e-01
1.258925411794140004e+07,1.198295537042068232e-01,-6.788930229099220393e-01,1.198295544564578069e-01,-6.788930235299619476e-01
1.288249551693106070e+07,1.178288833480120590e-01,-6.659566124842430934e-01,1.178288834722527462e-01,-6.659566116631154831e-01
1.318256738556379080e+07,1.158279061899290807e-01,-6.533270953282627191e-01,1.158279081978170477e-01,-6.533270968201526641e-01
1.348962882591624931e+07,1.138246244297743126e-01,-6.409961175858478466e-01,1.138246248257861054e-01,-6.409961158526434888e-01
1.380384264602855034e+07,1.118171506508928853e-01,-6.289553961690095285e-01,1.118171540617642484e-01,-6.289553977625274017e-01
1.412537544622723944e+07,1.098037525172635975e-01,-6.171967519960883664e-01,1.098037517870375374e-01,-6.171967517478843535e-01
1.445439770745895989e+07,1.077828127455903590e-01,-6.057120773281551296e-01,1.077828127170272765e-01,-6.057120757144798251e-01
1.479108388168174960e+07,1.057528595199560967e-01,-5.944933577774681455e-01,1.057528590910100652e-01,-5.944933577668781721e-01
1.513561248436174914e+07,1.037125632496121858e-01,-5.835326685376204248e-01,1.037125631571666623e-01,-5.835326665642220911e-01
1.548816618912447989e+07,1.016607302252749284e-01,-5.728221696409225849e-01,1.016607277590298453e-01,-5.728221689087757973e-01
1.584893192461078987e+07,9.959631405084713729e-02,-5.623541141501559038e-01,9.959631301442598006e-02,-5.623541130669549304e-01
1.621810097358894907e+07,9.751841577305030151e-02,-5.521208488243618540e-01,9.751841529509845674e-02,-5.521208478026593536e-01
1.659586907437524013e+07,9.542628169097151780e-02,-5.421148141610945270e-01,9.542628212055320747e-02,-5.421148151380310587e-01
1.698243652461706847e+07,9.331931539861156033e-02,-5.323285539686645196e-01,9.331931499480460024e-02,-5.323285554275921649e-01
1.737800828749337047e+07,9.119706817807306243e-02,-5.227547120681942383e-01,9.119706730100164693e-02,-5.227547112979732402e-01
1.778279410038883984e+07,8.905924423989586280e-02,-5.133860390511951755e-01,8.905924386365626777e-02,-5.133860381203712020e-01
1.819700858609943837e+07,8.690570931258541354e-02,-5.042154013083105513e-01,8.690570664444507987e-02,-5.042154008732719905e-01
1.862087136662827060e+07,8.473647803608780338e-02,-4.952357785453494476e-01,8.473647669504949520e-02,-4.952357782082147386e-01
1.905460717963204905e+07,8.255173189168556191e-02,-4.864402793467600961e-01,8.255173082778821669e-02,-4.864402782882296106e-01
1.949844599758002907e+07,8.035180002249256437e-02,-4.778221366269857495e-01,8.035179955398902285e-02,-4.778221358061238155e-01
1.995262314968835935e+07,7.813717112465480563e-02,-4.693747210388704572e-01,7.813717353004928645e-02,-4.693747225738834628e-01
2.041737944669485092e+07,7.590849502057808729e-02,-4.610915489885679119e-01,7.590849583051559324e-02,-4.610915480079044726e-01
2.089296130853993818e+07,7.366656351878685116e-02,-4.529662806710739176e-01,7.366656435144065818e-02,-4.529662801020769014e-01
2.137962089502184838e+07,7.141232726773882877e-02,-4.449927373252192675e-01,7.141232658596691207e-02,-4.449927371514991181e-01
2.187761623949505016e+07,6.914687967086131926e-02,-4.371649019195665287e-01,6.914687914159003967e-02,-4.371649007303770040e-01
2.238721138568289950e+07,6.687145844150016449e-02,-4.294769293460661830e-01,6.687145930809478001e-02,-4.294769293500437235e-01
2.290867652767723054e+07,6.458744374694225243e-02,-4.219231550893263738e-01,6.458744396591507841e-02,-4.219231558112858660e-01
2.344228815319870040e+07,6.229634436500552930e-02,-4.144980983963905130e-01,6.229634562506119327e-02,-4.144980986219028996e-01
2.398832919019437954e+07,5.999979653678055164e-02,-4.071964718329162958e-01,5.999979777656840735e-02,-4.071964718194456267e-01
2.454708915684976056e+07,5.769955796601530795e-02,-4.000131885236643536e-01,5.769955701222516387e-02,-4.000131866447657059e-01
2.511886431509524956e+07,5.539749195621856276e-02,-3.929433647495826354e-01,5.539749243390812428e-02,-3.929433642690182138e-01
2.570395782768806815e+07,5.309557313382826105e-02,-3.859823326702055413e-01,5.309557189194912680e-02,-3.859823336597394960e-01
2.630267991895323992e+07,5.079586499525894083e-02,-3.791256395265101276e-01,5.079586408237876660e-02,-3.791256392409689813e-01
2.691534803926856071e+07,4.850051290613929117e-02,-3.723690538514773940e-01,4.850051271744091480e-02,-3.723690538627227875e-01
2.754228703338104859e+07,4.621174044513599172e-02,-3.657085728919508005e-01,4.621174023735930003e-02,-3.657085708672772051e-01
2.818382931264391169e+07,4.393182568723857928e-02,-3.591404200077822906e-01,4.393182670811343615e-02,-3.591404217615177807e-01
2.884031503126541898e+07,4.166310972954231917e-02,-3.526610569050975807e-01,4.166311104948156041e-02,-3.526610560898923441e-01
2.951209226666320115e+07,3.940795907637675843e-02,-3.462671730411178150e-01,3.940795813504826411e-02,-3.462671742408098829e-01
3.019951720401949063e+07,3.716877060785434700e-02,-3.399556947280762409e-01,3.716876936046289992e-02,-3.399556951026672103e-01
3.090295432513521984e+07,3.494795358232304083e-02,-3.337237823171191886e-01,3.494795313149158533e-02,-3.337237815876394342e-01
3.162277660168309137e+07,3.274792092353839834e-02,-3.275688310828912542e-01,3.274792167805549298e-02,-3.275688300477793136e-01
3.235936569296209887e+07,3.057107233752250075e-02,-3.214884670127730049e-01,3.057107136929820834e-02,-3.214884658178120969e-01
3.311311214825836942e+07,2.841978023887896387e-02,-3.154805428676445422e-01,2.841977973649115197e-02,-3.154805422792726355e-01
3.388441561391949654e+07,2.629638182813375316e-02,-3.095431363735323682e-01,2.629638063326728004e-02,-3.095431356404588774e-01
3.467368504525239021e+07,2.420316459374026105e-02,-3.036745439160978277e-01,2.420316222675485476e-02,-3.036745443327673044e-01
3.548133892335675657e+07,2.214235098402679222e-02,-2.978732724438079571e-01,2.214235093651441971e-02,-2.978732741371430959e-01
3.630780547700933367e+07,2.011609899884012759e-02,-2.921380391109449914e-01,2.011609837143897572e-02,-2.921380401098732094e-01
3.715352290971642733e+07,1.812647321820149912e-02,-2.864677531678294642e-01,1.812647560131685348e-02,-2.864677532834318252e-01
3.801893963205528259e+07,1.617545331249377327e-02,-2.808615178517679389e-01,1.617545433302480101e-02,-2.808615160855505444e-01
3.890451449942719191e+07,1.426490525858655628e-02,-2.753186095448859061e-01,1.426490504995676402e-02,-2.753186091488523113e-01
3.981071705534884334e+07,1.239658955090708510e-02,-2.698384774921991358e-01,1.239658877505433847e-02,-2.698384773010160109e-01
4.073802778041035682e+07,1.057214493834838891e-02,-2.644207279965485879e-01,1.057214493993510578e-02,-2.644207267336217138e-01
4.168693834703260660e+07,8.793081158981487164e-03,-2.590651126642319890e-01,8.793081043934718177e-03,-2.590651135988044085e-01
4.265795188015831262e+07,7.060780031845684951e-03,-2.537715212909547047e-01,7.060779768001086004e-03,-2.537715190828437328e-01
4.365158322401562333e+07,5.376473962342169163e-03,-2.485399584946977325e-01,5.376473948990963606e-03,-2.485399564275292406e-01
4.466835921509531140e+07,3.741264819164717616e-03,-2.433705468365940372e-01,3.741262953650053430e-03,-2.433705481743061450e-01
4.570881896148648113e+07,2.156100141287280256e-03,-2.382634998050238428e-01,2.156101039772513953e-03,-2.382634995122525634e-01
4.677351412871877104e+07,6.217851045787600641e-04,-2.332191189520200769e-01,6.217868261949177503e-04,-2.332191202406284081e-01
4.786300923226276040e+07,-8.610248957476031003e-04,-2.282377766522072637e-01,-8.610251403939389505e-04,-2.282377779705275500e-01
4.897788193684352189e+07,-2.291825309480511469e-03,-2.233199025195393150e-01,-2.291823882454615581e-03,-2.233199018245914658e-01
5.011872336272610724e+07,-3.670258236019574138e-03,-2.184659734687476318e-01,-3.670257489488819389e-03,-2.184659732043022773e-01
5.128613839913533628e+07,-4.996109607218825015e-03,-2.136765025686148123e-01,-4.996111165816989608e-03,-2.136765016810358575e-01
5.248074602497608215e+07,-6.269312469594951441e-03,-2.089520220826248387e-01,-6.269313633077655719e-03,-2.089520231822870333e-01
5.370317963702406734e+07,-7.489935173160057989e-03,-2.042930792452666844e-01,-7.489936047321277095e-03,-2.042930786551624411e-01
5.495408738576121628e+07,-8.658182603348803588e-03,-1.997002206415921521e-01,-8.658183988968930905e-03,-1.997002202405550875e-01
5.623413251903364062e+07,-9.774390946010179035e-03,-1.951739818688394967e-01,-9.774391295344606739e-03,-1.951739831380536749e-01
5.754399373371438682e+07,-1.083901398612638518e-02,-1.907148858542092040e-01,-1.083901396181378464e-02,-1.907148853363999363e-01
5.888436553555756807e+07,-1.185263125389983928e-02,-1.863234195931563753e-01,-1.185263199755503226e-02,-1.863234207477737769e-01
6.025595860743440688e+07,-1.281592707103285794e-02,-1.820000400097225857e-01,-1.281592545101019505e-02,-1.820000398733155611e-01
6.165950018614683300e+07,-1.372968969247244549e-02,-1.777451602074360815e-01,-1.372968931242166471e-02,-1.777451603155506266e-01
6.309573444801790267e+07,-1.459480266991100214e-02,-1.735591437985441188e-01,-1.459480463959883512e-02,-1.735591430095841103e-01
6.456542290346408635e+07,-1.541224100503651995e-02,-1.694422940558856783e-01,-1.541223985499580278e-02,-1.694422945859732355e-01
6.606934480075810850e+07,-1.618304825896401886e-02,-1.653948665119297501e-01,-1.618304842422809212e-02,-1.653948654800368179e-01
6.760829753919665515e+07,-1.690834996362599110e-02,-1.614170386034589899e-01,-1.690835023002387402e-02,-1.614170366288121272e-01
6.918309709189209342e+07,-1.758932731909580022e-02,-1.575089279289403343e-01,-1.758932705707654670e-02,-1.575089283836204612e-01
7.079457843841220438e+07,-1.822721430797155304e-02,-1.536705833625867657e-01,-1.822721385443384218e-02,-1.536705831487503449e-01
7.244359600749738514e+07,-1.882329387404967774e-02,-1.499019768706678635e-01,-1.882329357441776818e-02,-1.499019778958557148e-01
7.413102413009008765e+07,-1.937888202519114436e-02,-1.462030130864920840e-01,-1.937888171508270543e-02,-1.462030121213140910e-01
7.585775750291667879e+07,-1.989532831560929596e-02,-1.425735166340522386e-01,-1.989532762227337256e-02,-1.425735167537909853e-01
7.762471166286742687e+07,-2.037399918642773464e-02,-1.390132456166412178e-01,-2.037399959188765028e-02,-1.390132461965413457e-01
7.943282347242635489e+07,-2.081627663623758159e-02,-1.355218833904166809e-01,-2.081627674711502424e-02,-1.355218829983443896e-01
8.128305161640807986e+07,-2.122355067504005932e-02,-1.320990401804842951e-01,-2.122355139582267347e-02,-1.320990403587994633e-01
8.317637711026521027e+07,-2.159720941018076698e-02,-1.287442604252852507e-01,-2.159720831965223145e-02,-1.287442608883525297e-01
8.511380382023571432e+07,-2.193863395074451342e-02,-1.254570234709351251e-01,-2.193863425613250609e-02,-1.254570249214248256e-01
8.709635899560607970e+07,-2.224919368252925578e-02,-1.222367443158582367e-01,-2.224919368786256249e-02,-1.222367422960087269e-01
8.912509381337252259e+07,-2.253024407206398808e-02,-1.190827697465746959e-01,-2.253024477315660259e-02,-1.190827689793221289e-01
9.120108393558889627e+07,-2.278311282746159350e-02,-1.159943996024841578e-01,-2.278311193601657500e-02,-1.159943993045568500e-01
9.332543007969696820e+07,-2.300910211957121407e-02,-1.129708774154877804e-01,-2.300910104743296783e-02,-1.129708773452346438e-01
9.549925860214141011e+07,-2.320948360077474196e-02,-1.100113958933956471e-01,-2.320948249945819011e-02,-1.100113961788763972e-01
9.772372209557883441e+07,-2.338549418523269696e-02,-1.071151023491436483e-01,-2.338549306777236089e-02,-1.071151022669804415e-01
9.999999999999770522e+07,-2.353833217710253611e-02,-1.042811050377593640e-01,-2.353833331706923701e-02,-1.042811046488724830e-01
