 time            v(row)          v(col)          v(tap)          v(drv)          v(ain)         
 0.00000000e+00  2.50000000e+00  2.50000132e+00  2.50003401e+00  2.50254034e+00  2.49978403e+00 
 2.00000000e-09  2.50000000e+00  2.50000131e+00  2.50003400e+00  2.50253654e+00  2.49978403e+00 
 2.11415227e-09  2.50000000e+00  2.50000131e+00  2.50003400e+00  2.50253635e+00  2.49978403e+00 
 2.34245681e-09  2.50000000e+00  2.50000131e+00  2.50003399e+00  2.50253600e+00  2.49978403e+00 
 2.79906588e-09  2.50000000e+00  2.50000130e+00  2.50003399e+00  2.50253543e+00  2.49978403e+00 
 3.71228403e-09  2.50000000e+00  2.50000130e+00  2.50003398e+00  2.50253427e+00  2.49978403e+00 
 5.53872033e-09  2.50000000e+00  2.50000129e+00  2.50003396e+00  2.50253107e+00  2.49978403e+00 
 9.19159294e-09  2.50000000e+00  2.50000123e+00  2.50003389e+00  2.50252171e+00  2.49978403e+00 
 1.38580742e-08  2.50000000e+00  2.50000111e+00  2.50003372e+00  2.50250638e+00  2.49978403e+00 
 1.97473850e-08  2.50000000e+00  2.50000087e+00  2.50003337e+00  2.50248529e+00  2.49978403e+00 
 2.72036097e-08  2.50000000e+00  2.50000042e+00  2.50003272e+00  2.50245940e+00  2.49978402e+00 
 3.67695013e-08  2.50000000e+00  2.49999967e+00  2.50003165e+00  2.50243050e+00  2.49978400e+00 
 4.89761719e-08  2.50000000e+00  2.49999857e+00  2.50003006e+00  2.50240252e+00  2.49978396e+00 
 6.48753986e-08  2.50000000e+00  2.49999713e+00  2.50002793e+00  2.50238046e+00  2.49978389e+00 
 8.62713664e-08  2.50000000e+00  2.49999551e+00  2.50002547e+00  2.50237040e+00  2.49978373e+00 
 1.18217990e-07  2.50000000e+00  2.49999408e+00  2.50002313e+00  2.50237870e+00  2.49978344e+00 
 1.23110033e-07  2.50000000e+00  2.49999398e+00  2.50002293e+00  2.50238154e+00  2.49978339e+00 
 1.24333044e-07  2.50000000e+00  2.49999396e+00  2.50002289e+00  2.50238226e+00  2.49978337e+00 
 1.26779065e-07  2.50000000e+00  2.49999392e+00  2.50002280e+00  2.50238371e+00  2.49978335e+00 
 1.31671108e-07  2.50000000e+00  2.49999385e+00  2.50002265e+00  2.50238668e+00  2.49978330e+00 
 1.41455195e-07  2.50000000e+00  2.49999378e+00  2.50002244e+00  2.50239280e+00  2.49978319e+00 
 1.61023368e-07  2.50000000e+00  2.49999385e+00  2.50002232e+00  2.50240513e+00  2.49978298e+00 
 2.00159714e-07  2.50000000e+00  2.49999449e+00  2.50002279e+00  2.50242768e+00  2.49978258e+00 
 2.54766700e-07  2.50000000e+00  2.49999577e+00  2.50002407e+00  2.50245230e+00  2.49978210e+00 
 3.15027386e-07  2.50000000e+00  2.49999708e+00  2.50002544e+00  2.50247108e+00  2.49978167e+00 
 3.92665491e-07  2.50000000e+00  2.49999829e+00  2.50002669e+00  2.50248647e+00  2.49978125e+00 
 5.00974127e-07  2.50000000e+00  2.49999925e+00  2.50002757e+00  2.50249784e+00  2.49978083e+00 
 6.98526023e-07  2.50000000e+00  2.49999992e+00  2.50002789e+00  2.50250477e+00  2.49978028e+00 
 8.98526023e-07  2.50000000e+00  2.50000003e+00  2.50002756e+00  2.50250539e+00  2.49977982e+00 
 1.09852602e-06  2.50000000e+00  2.50000007e+00  2.50002714e+00  2.50250529e+00  2.49977937e+00 
 1.29852602e-06  2.50000000e+00  2.50000009e+00  2.50002672e+00  2.50250515e+00  2.49977893e+00 
 1.49852602e-06  2.50000000e+00  2.50000010e+00  2.50002630e+00  2.50250498e+00  2.49977850e+00 
 1.52352602e-06  2.50000000e+00  2.50000010e+00  2.50002625e+00  2.50250496e+00  2.49977844e+00 
 1.57352602e-06  2.50000000e+00  2.50000010e+00  2.50002615e+00  2.50250491e+00  2.49977833e+00 
 1.67352602e-06  2.50000000e+00  2.50000010e+00  2.50002594e+00  2.50250482e+00  2.49977812e+00 
 1.87352602e-06  2.50000000e+00  2.50000011e+00  2.50002553e+00  2.50250462e+00  2.49977769e+00 
 2.07352602e-06  2.50000000e+00  2.50000011e+00  2.50002513e+00  2.50250443e+00  2.49977726e+00 
 2.27352602e-06  2.50000000e+00  2.50000011e+00  2.50002473e+00  2.50250423e+00  2.49977684e+00 
 2.29852602e-06  2.50000000e+00  2.50000011e+00  2.50002468e+00  2.50250421e+00  2.49977679e+00 
 2.30477602e-06  2.50000000e+00  2.50000011e+00  2.50002467e+00  2.50250420e+00  2.49977678e+00 
 2.30633852e-06  2.50000000e+00  2.50000011e+00  2.50002467e+00  2.50250420e+00  2.49977678e+00 
 2.30946352e-06  2.50000000e+00  2.50000011e+00  2.50002466e+00  2.50250420e+00  2.49977677e+00 
 2.31024477e-06  2.50000000e+00  2.50000011e+00  2.50002466e+00  2.50250420e+00  2.49977677e+00 
 2.31180727e-06  2.50000000e+00  2.50000011e+00  2.50002466e+00  2.50250420e+00  2.49977676e+00 
 2.31493227e-06  2.50000000e+00  2.50000011e+00  2.50002465e+00  2.50250419e+00  2.49977676e+00 
 2.32118227e-06  2.50000000e+00  2.50000011e+00  2.50002464e+00  2.50250419e+00  2.49977675e+00 
 2.33368227e-06  2.50000000e+00  2.50000011e+00  2.50002462e+00  2.50250417e+00  2.49977672e+00 
 2.35868227e-06  2.50000000e+00  2.50000011e+00  2.50002457e+00  2.50250415e+00  2.49977667e+00 
 2.40868227e-06  2.50000000e+00  2.50000011e+00  2.50002447e+00  2.50250410e+00  2.49977656e+00 
 2.50868227e-06  2.50000000e+00  2.50000010e+00  2.50002427e+00  2.50250400e+00  2.49977636e+00 
 2.70868227e-06  2.50000000e+00  2.50000010e+00  2.50002388e+00  2.50250381e+00  2.49977595e+00 
 2.90868227e-06  2.50000000e+00  2.50000010e+00  2.50002350e+00  2.50250362e+00  2.49977554e+00 
 3.10868227e-06  2.50000000e+00  2.50000009e+00  2.50002312e+00  2.50250343e+00  2.49977514e+00 
 3.30868227e-06  2.50000000e+00  2.50000009e+00  2.50002274e+00  2.50250324e+00  2.49977474e+00 
 3.50868227e-06  2.50000000e+00  2.50000008e+00  2.50002237e+00  2.50250305e+00  2.49977435e+00 
 3.70868227e-06  2.50000000e+00  2.50000008e+00  2.50002200e+00  2.50250286e+00  2.49977396e+00 
 3.90868227e-06  2.50000000e+00  2.50000007e+00  2.50002164e+00  2.50250268e+00  2.49977357e+00 
 4.10868227e-06  2.50000000e+00  2.50000007e+00  2.50002128e+00  2.50250249e+00  2.49977319e+00 
 4.30868227e-06  2.50000000e+00  2.50000006e+00  2.50002092e+00  2.50250231e+00  2.49977282e+00 
 4.50868227e-06  2.50000000e+00  2.50000005e+00  2.50002057e+00  2.50250213e+00  2.49977244e+00 
 4.70868227e-06  2.50000000e+00  2.50000005e+00  2.50002022e+00  2.50250195e+00  2.49977208e+00 
 4.90868227e-06  2.50000000e+00  2.50000004e+00  2.50001987e+00  2.50250177e+00  2.49977171e+00 
 5.10868227e-06  2.50000000e+00  2.50000004e+00  2.50001953e+00  2.50250159e+00  2.49977135e+00 
 5.30868227e-06  2.50000000e+00  2.50000003e+00  2.50001919e+00  2.50250141e+00  2.49977099e+00 
 5.50868227e-06  2.50000000e+00  2.50000003e+00  2.50001886e+00  2.50250123e+00  2.49977064e+00 
 5.70868227e-06  2.50000000e+00  2.50000002e+00  2.50001853e+00  2.50250106e+00  2.49977029e+00 
 5.90868227e-06  2.50000000e+00  2.50000002e+00  2.50001820e+00  2.50250088e+00  2.49976994e+00 
 6.10868227e-06  2.50000000e+00  2.50000001e+00  2.50001788e+00  2.50250071e+00  2.49976960e+00 
 6.30868227e-06  2.50000000e+00  2.50000000e+00  2.50001755e+00  2.50250054e+00  2.49976926e+00 
 6.50868227e-06  2.50000000e+00  2.50000000e+00  2.50001724e+00  2.50250036e+00  2.49976893e+00 
 6.70868227e-06  2.50000000e+00  2.49999999e+00  2.50001692e+00  2.50250019e+00  2.49976859e+00 
 6.90868227e-06  2.50000000e+00  2.49999999e+00  2.50001661e+00  2.50250002e+00  2.49976827e+00 
 6.93368227e-06  2.50000000e+00  2.49999999e+00  2.50001657e+00  2.50250000e+00  2.49976823e+00 
 6.98368227e-06  2.50000000e+00  2.49999999e+00  2.50001649e+00  2.50249996e+00  2.49976814e+00 
 7.08368227e-06  2.50000000e+00  2.49999998e+00  2.50001634e+00  2.50249988e+00  2.49976798e+00 
 7.28368227e-06  2.50000000e+00  2.49999998e+00  2.50001603e+00  2.50249971e+00  2.49976766e+00 
 7.48368227e-06  2.50000000e+00  2.49999997e+00  2.50001573e+00  2.50249954e+00  2.49976734e+00 
 7.68368227e-06  2.50000000e+00  2.49999997e+00  2.50001543e+00  2.50249938e+00  2.49976703e+00 
 7.70868227e-06  2.50000000e+00  2.49999997e+00  2.50001539e+00  2.50249936e+00  2.49976699e+00 
 7.75868227e-06  2.50000000e+00  2.49999997e+00  2.50001532e+00  2.50249932e+00  2.49976691e+00 
 7.85868227e-06  2.50000000e+00  2.49999996e+00  2.50001517e+00  2.50249923e+00  2.49976675e+00 
 8.05868227e-06  2.50000000e+00  2.49999996e+00  2.50001488e+00  2.50249907e+00  2.49976644e+00 
 8.25868227e-06  2.50000000e+00  2.49999995e+00  2.50001459e+00  2.50249891e+00  2.49976614e+00 
 8.45868227e-06  2.50000000e+00  2.49999995e+00  2.50001430e+00  2.50249875e+00  2.49976583e+00 
 8.48368227e-06  2.50000000e+00  2.49999995e+00  2.50001426e+00  2.50249873e+00  2.49976579e+00 
 8.53368227e-06  2.50000000e+00  2.49999995e+00  2.50001419e+00  2.50249869e+00  2.49976572e+00 
 8.63368227e-06  2.50000000e+00  2.49999994e+00  2.50001405e+00  2.50249861e+00  2.49976557e+00 
 8.83368227e-06  2.50000000e+00  2.49999994e+00  2.50001377e+00  2.50249845e+00  2.49976527e+00 
 9.03368227e-06  2.50000000e+00  2.49999993e+00  2.50001349e+00  2.50249829e+00  2.49976498e+00 
 9.23368227e-06  2.50000000e+00  2.49999993e+00  2.50001321e+00  2.50249813e+00  2.49976468e+00 
 9.25868227e-06  2.50000000e+00  2.49999993e+00  2.50001317e+00  2.50249811e+00  2.49976465e+00 
 9.30868227e-06  2.50000000e+00  2.49999993e+00  2.50001310e+00  2.50249807e+00  2.49976458e+00 
 9.32118227e-06  2.50000000e+00  2.49999993e+00  2.50001309e+00  2.50249806e+00  2.49976456e+00 
 9.34618227e-06  2.50000000e+00  2.49999993e+00  2.50001305e+00  2.50249804e+00  2.49976452e+00 
 9.39618227e-06  2.50000000e+00  2.49999993e+00  2.50001298e+00  2.50249800e+00  2.49976445e+00 
 9.40868227e-06  2.50000000e+00  2.49999992e+00  2.50001297e+00  2.50249799e+00  2.49976443e+00 
 9.43368227e-06  2.50000000e+00  2.49999992e+00  2.50001293e+00  2.50249797e+00  2.49976439e+00 
 9.48368227e-06  2.50000000e+00  2.49999992e+00  2.50001287e+00  2.50249793e+00  2.49976432e+00 
 9.58368227e-06  2.50000000e+00  2.49999992e+00  2.50001273e+00  2.50249786e+00  2.49976418e+00 
 9.78368227e-06  2.50000000e+00  2.49999992e+00  2.50001246e+00  2.50249770e+00  2.49976390e+00 
 9.98368227e-06  2.50000000e+00  2.49999991e+00  2.50001219e+00  2.50249755e+00  2.49976361e+00 
 1.01836823e-05  2.50000000e+00  2.49999991e+00  2.50001193e+00  2.50249739e+00  2.49976334e+00 
 1.03836823e-05  2.50000000e+00  2.49999990e+00  2.50001166e+00  2.50249724e+00  2.49976306e+00 
 1.05836823e-05  2.50000000e+00  2.49999990e+00  2.50001140e+00  2.50249709e+00  2.49976279e+00 
 1.07836823e-05  2.50000000e+00  2.49999989e+00  2.50001115e+00  2.50249694e+00  2.49976252e+00 
 1.09836823e-05  2.50000000e+00  2.49999989e+00  2.50001089e+00  2.50249679e+00  2.49976225e+00 
 1.11836823e-05  2.50000000e+00  2.49999988e+00  2.50001064e+00  2.50249664e+00  2.49976198e+00 
 1.13836823e-05  2.50000000e+00  2.49999988e+00  2.50001039e+00  2.50249650e+00  2.49976172e+00 
 1.15836823e-05  2.50000000e+00  2.49999987e+00  2.50001014e+00  2.50249635e+00  2.49976146e+00 
 1.17836823e-05  2.50000000e+00  2.49999987e+00  2.50000990e+00  2.50249620e+00  2.49976120e+00 
 1.19836823e-05  2.50000000e+00  2.49999986e+00  2.50000965e+00  2.50249606e+00  2.49976095e+00 
 1.21836823e-05  2.50000000e+00  2.49999986e+00  2.50000941e+00  2.50249591e+00  2.49976069e+00 
 1.23836823e-05  2.50000000e+00  2.49999985e+00  2.50000917e+00  2.50249577e+00  2.49976044e+00 
 1.25836823e-05  2.50000000e+00  2.49999985e+00  2.50000894e+00  2.50249563e+00  2.49976019e+00 
 1.27836823e-05  2.50000000e+00  2.49999985e+00  2.50000870e+00  2.50249549e+00  2.49975995e+00 
 1.29836823e-05  2.50000000e+00  2.49999984e+00  2.50000847e+00  2.50249535e+00  2.49975971e+00 
 1.31836823e-05  2.50000000e+00  2.49999984e+00  2.50000824e+00  2.50249521e+00  2.49975946e+00 
 1.33836823e-05  2.50000000e+00  2.49999983e+00  2.50000801e+00  2.50249507e+00  2.49975923e+00 
 1.34086823e-05  2.50000000e+00  2.49999983e+00  2.50000798e+00  2.50249505e+00  2.49975920e+00 
 1.34586823e-05  2.50000000e+00  2.49999983e+00  2.50000793e+00  2.50249502e+00  2.49975914e+00 
 1.35586823e-05  2.50000000e+00  2.49999983e+00  2.50000781e+00  2.50249495e+00  2.49975902e+00 
 1.37586823e-05  2.50000000e+00  2.49999982e+00  2.50000759e+00  2.50249481e+00  2.49975878e+00 
 1.39586823e-05  2.50000000e+00  2.49999982e+00  2.50000737e+00  2.50249468e+00  2.49975855e+00 
 1.41586823e-05  2.50000000e+00  2.49999982e+00  2.50000715e+00  2.50249454e+00  2.49975832e+00 
 1.43586823e-05  2.50000000e+00  2.49999981e+00  2.50000693e+00  2.50249441e+00  2.49975809e+00 
 1.45586823e-05  2.50000000e+00  2.49999981e+00  2.50000671e+00  2.50249427e+00  2.49975786e+00 
 1.47586823e-05  2.50000000e+00  2.49999980e+00  2.50000650e+00  2.50249414e+00  2.49975764e+00 
 1.49586823e-05  2.50000000e+00  2.49999980e+00  2.50000629e+00  2.50249401e+00  2.49975742e+00 
 1.51586823e-05  2.50000000e+00  2.49999980e+00  2.50000608e+00  2.50249387e+00  2.49975720e+00 
 1.53586823e-05  2.50000000e+00  2.49999979e+00  2.50000587e+00  2.50249374e+00  2.49975698e+00 
 1.55586823e-05  2.50000000e+00  2.49999979e+00  2.50000566e+00  2.50249361e+00  2.49975676e+00 
 1.57586823e-05  2.50000000e+00  2.49999978e+00  2.50000546e+00  2.50249349e+00  2.49975655e+00 
 1.59586823e-05  2.50000000e+00  2.49999978e+00  2.50000525e+00  2.50249336e+00  2.49975634e+00 
 1.61586823e-05  2.50000000e+00  2.49999978e+00  2.50000505e+00  2.50249323e+00  2.49975613e+00 
 1.63586823e-05  2.50000000e+00  2.49999977e+00  2.50000485e+00  2.50249310e+00  2.49975592e+00 
 1.65586823e-05  2.50000000e+00  2.49999977e+00  2.50000466e+00  2.50249298e+00  2.49975571e+00 
 1.67586823e-05  2.50000000e+00  2.49999976e+00  2.50000446e+00  2.50249285e+00  2.49975550e+00 
 1.69586823e-05  2.50000000e+00  2.49999976e+00  2.50000427e+00  2.50249273e+00  2.49975530e+00 
 1.71586823e-05  2.50000000e+00  2.49999976e+00  2.50000407e+00  2.50249261e+00  2.49975510e+00 
 1.73586823e-05  2.50000000e+00  2.49999975e+00  2.50000388e+00  2.50249248e+00  2.49975490e+00 
 1.75586823e-05  2.50000000e+00  2.49999975e+00  2.50000369e+00  2.50249236e+00  2.49975470e+00 
 1.77586823e-05  2.50000000e+00  2.49999974e+00  2.50000351e+00  2.50249224e+00  2.49975451e+00 
 1.79586823e-05  2.50000000e+00  2.49999974e+00  2.50000332e+00  2.50249212e+00  2.49975431e+00 
 1.81586823e-05  2.50000000e+00  2.49999974e+00  2.50000314e+00  2.50249200e+00  2.49975412e+00 
 1.83586823e-05  2.50000000e+00  2.49999973e+00  2.50000295e+00  2.50249188e+00  2.49975393e+00 
 1.85586823e-05  2.50000000e+00  2.49999973e+00  2.50000277e+00  2.50249176e+00  2.49975374e+00 
 1.87586823e-05  2.50000000e+00  2.49999973e+00  2.50000259e+00  2.50249164e+00  2.49975355e+00 
 1.87836823e-05  2.50000000e+00  2.49999972e+00  2.50000257e+00  2.50249163e+00  2.49975353e+00 
 1.88336823e-05  2.50000000e+00  2.49999972e+00  2.50000252e+00  2.50249160e+00  2.49975348e+00 
 1.89336823e-05  2.50000000e+00  2.49999972e+00  2.50000244e+00  2.50249154e+00  2.49975339e+00 
 1.91336823e-05  2.50000000e+00  2.49999972e+00  2.50000226e+00  2.50249143e+00  2.49975320e+00 
 1.93336823e-05  2.50000000e+00  2.49999971e+00  2.50000208e+00  2.50249131e+00  2.49975302e+00 
 1.95336823e-05  2.50000000e+00  2.49999971e+00  2.50000191e+00  2.50249120e+00  2.49975284e+00 
 1.97336823e-05  2.50000000e+00  2.49999971e+00  2.50000174e+00  2.50249108e+00  2.49975266e+00 
 1.99336823e-05  2.50000000e+00  2.49999970e+00  2.50000157e+00  2.50249097e+00  2.49975248e+00 
 1.99586823e-05  2.50000000e+00  2.49999970e+00  2.50000154e+00  2.50249095e+00  2.49975246e+00 
 2.00086823e-05  2.50000000e+00  2.49999970e+00  2.50000150e+00  2.50249093e+00  2.49975241e+00 
 2.01086823e-05  2.50000000e+00  2.49999970e+00  2.50000142e+00  2.50249087e+00  2.49975232e+00 
 2.03086823e-05  2.50000000e+00  2.49999970e+00  2.50000125e+00  2.50249076e+00  2.49975215e+00 
 2.03336823e-05  2.50000000e+00  2.49999970e+00  2.50000123e+00  2.50249074e+00  2.49975213e+00 
 2.03836823e-05  2.50000000e+00  2.49999970e+00  2.50000119e+00  2.50249072e+00  2.49975208e+00 
 2.04836823e-05  2.50000000e+00  2.49999969e+00  2.50000110e+00  2.50249066e+00  2.49975200e+00 
 2.06836823e-05  2.50000000e+00  2.49999969e+00  2.50000094e+00  2.50249055e+00  2.49975182e+00 
 2.08836823e-05  2.50000000e+00  2.49999969e+00  2.50000077e+00  2.50249044e+00  2.49975165e+00 
 2.10836823e-05  2.50000000e+00  2.49999968e+00  2.50000061e+00  2.50249033e+00  2.49975148e+00 
 2.12836823e-05  2.50000000e+00  2.49999968e+00  2.50000045e+00  2.50249022e+00  2.49975131e+00 
 2.14836823e-05  2.50000000e+00  2.49999968e+00  2.50000029e+00  2.50249011e+00  2.49975114e+00 
 2.15086823e-05  2.50000000e+00  2.49999968e+00  2.50000027e+00  2.50249010e+00  2.49975112e+00 
 2.15586823e-05  2.50000000e+00  2.49999968e+00  2.50000023e+00  2.50249007e+00  2.49975108e+00 
 2.16586823e-05  2.50000000e+00  2.49999967e+00  2.50000015e+00  2.50249002e+00  2.49975100e+00 
 2.16836823e-05  2.50000000e+00  2.49999967e+00  2.50000013e+00  2.50249001e+00  2.49975098e+00 
 2.17336823e-05  2.50000000e+00  2.49999967e+00  2.50000009e+00  2.50248998e+00  2.49975094e+00 
 2.18336823e-05  2.50000000e+00  2.49999967e+00  2.50000001e+00  2.50248993e+00  2.49975086e+00 
 2.18586823e-05  2.50000000e+00  2.49999967e+00  2.49999999e+00  2.50248991e+00  2.49975083e+00 
 2.19086823e-05  2.50000000e+00  2.49999967e+00  2.49999995e+00  2.50248989e+00  2.49975079e+00 
 2.20086823e-05  2.50000000e+00  2.49999967e+00  2.49999987e+00  2.50248983e+00  2.49975071e+00 
 2.22086823e-05  2.50000000e+00  2.49999967e+00  2.49999972e+00  2.50248973e+00  2.49975055e+00 
 2.22336823e-05  2.50000000e+00  2.49999966e+00  2.49999970e+00  2.50248972e+00  2.49975053e+00 
 2.22836823e-05  2.50000000e+00  2.49999966e+00  2.49999966e+00  2.50248969e+00  2.49975049e+00 
 2.23836823e-05  2.50000000e+00  2.49999966e+00  2.49999958e+00  2.50248964e+00  2.49975041e+00 
 2.25836823e-05  2.50000000e+00  2.49999966e+00  2.49999943e+00  2.50248953e+00  2.49975025e+00 
 2.27836823e-05  2.50000000e+00  2.49999966e+00  2.49999928e+00  2.50248943e+00  2.49975009e+00 
 2.29836823e-05  2.50000000e+00  2.49999965e+00  2.49999913e+00  2.50248933e+00  2.49974993e+00 
 2.31836823e-05  2.50000000e+00  2.49999965e+00  2.49999898e+00  2.50248922e+00  2.49974978e+00 
 2.33836823e-05  2.50000000e+00  2.49999965e+00  2.49999883e+00  2.50248912e+00  2.49974962e+00 
 2.35836823e-05  2.50000000e+00  2.49999964e+00  2.49999868e+00  2.50248902e+00  2.49974947e+00 
 2.37836823e-05  2.50000000e+00  2.49999964e+00  2.49999853e+00  2.50248892e+00  2.49974932e+00 
 2.39836823e-05  2.50000000e+00  2.49999964e+00  2.49999839e+00  2.50248882e+00  2.49974917e+00 
 2.40086823e-05  2.50000000e+00  2.49999964e+00  2.49999837e+00  2.50248881e+00  2.49974915e+00 
 2.40586823e-05  2.50000000e+00  2.49999964e+00  2.49999833e+00  2.50248878e+00  2.49974911e+00 
 2.41586823e-05  2.50000000e+00  2.49999963e+00  2.49999826e+00  2.50248873e+00  2.49974903e+00 
 2.41836823e-05  2.50000000e+00  2.49999963e+00  2.49999825e+00  2.50248872e+00  2.49974902e+00 
 2.42336823e-05  2.50000000e+00  2.49999963e+00  2.49999821e+00  2.50248870e+00  2.49974898e+00 
 2.43336823e-05  2.50000000e+00  2.49999963e+00  2.49999814e+00  2.50248865e+00  2.49974890e+00 
 2.45336823e-05  2.50000000e+00  2.49999963e+00  2.49999800e+00  2.50248855e+00  2.49974876e+00 
 2.45586823e-05  2.50000000e+00  2.49999963e+00  2.49999798e+00  2.50248854e+00  2.49974874e+00 
 2.46086823e-05  2.50000000e+00  2.49999963e+00  2.49999794e+00  2.50248851e+00  2.49974870e+00 
 2.47086823e-05  2.50000000e+00  2.49999963e+00  2.49999787e+00  2.50248846e+00  2.49974863e+00 
 2.49086823e-05  2.50000000e+00  2.49999962e+00  2.49999773e+00  2.50248837e+00  2.49974848e+00 
 2.51086823e-05  2.50000000e+00  2.49999962e+00  2.49999760e+00  2.50248827e+00  2.49974834e+00 
 2.53086823e-05  2.50000000e+00  2.49999962e+00  2.49999746e+00  2.50248817e+00  2.49974820e+00 
 2.55086823e-05  2.50000000e+00  2.49999961e+00  2.49999732e+00  2.50248808e+00  2.49974805e+00 
 2.57086823e-05  2.50000000e+00  2.49999961e+00  2.49999719e+00  2.50248798e+00  2.49974791e+00 
 2.59086823e-05  2.50000000e+00  2.49999961e+00  2.49999705e+00  2.50248789e+00  2.49974777e+00 
 2.61086823e-05  2.50000000e+00  2.49999960e+00  2.49999692e+00  2.50248780e+00  2.49974763e+00 
 2.63086823e-05  2.50000000e+00  2.49999960e+00  2.49999679e+00  2.50248770e+00  2.49974750e+00 
 2.65086823e-05  2.50000000e+00  2.49999960e+00  2.49999665e+00  2.50248761e+00  2.49974736e+00 
 2.67086823e-05  2.50000000e+00  2.49999960e+00  2.49999652e+00  2.50248752e+00  2.49974722e+00 
 2.69086823e-05  2.50000000e+00  2.49999959e+00  2.49999640e+00  2.50248743e+00  2.49974709e+00 
 2.69336823e-05  2.50000000e+00  2.49999959e+00  2.49999638e+00  2.50248742e+00  2.49974707e+00 
 2.69836823e-05  2.50000000e+00  2.49999959e+00  2.49999635e+00  2.50248739e+00  2.49974704e+00 
 2.69961823e-05  2.50000000e+00  2.49999959e+00  2.49999634e+00  2.50248739e+00  2.49974703e+00 
 2.70211823e-05  2.50000000e+00  2.49999959e+00  2.49999632e+00  2.50248738e+00  2.49974701e+00 
 2.70711823e-05  2.50000000e+00  2.49999959e+00  2.49999629e+00  2.50248735e+00  2.49974698e+00 
 2.71711823e-05  2.50000000e+00  2.49999959e+00  2.49999623e+00  2.50248731e+00  2.49974691e+00 
 2.73711823e-05  2.50000000e+00  2.49999959e+00  2.49999610e+00  2.50248722e+00  2.49974678e+00 
 2.75711823e-05  2.50000000e+00  2.49999958e+00  2.49999597e+00  2.50248713e+00  2.49974665e+00 
 2.77711823e-05  2.50000000e+00  2.49999958e+00  2.49999585e+00  2.50248704e+00  2.49974652e+00 
 2.79711823e-05  2.50000000e+00  2.49999958e+00  2.49999573e+00  2.50248695e+00  2.49974639e+00 
 2.81711823e-05  2.50000000e+00  2.49999958e+00  2.49999560e+00  2.50248686e+00  2.49974626e+00 
 2.81961823e-05  2.50000000e+00  2.49999957e+00  2.49999559e+00  2.50248685e+00  2.49974625e+00 
 2.82461823e-05  2.50000000e+00  2.49999957e+00  2.49999556e+00  2.50248683e+00  2.49974622e+00 
 2.83461823e-05  2.50000000e+00  2.49999957e+00  2.49999550e+00  2.50248679e+00  2.49974615e+00 
 2.85461823e-05  2.50000000e+00  2.49999957e+00  2.49999537e+00  2.50248670e+00  2.49974603e+00 
 2.87461823e-05  2.50000000e+00  2.49999957e+00  2.49999525e+00  2.50248661e+00  2.49974590e+00 
 2.89461823e-05  2.50000000e+00  2.49999956e+00  2.49999513e+00  2.50248653e+00  2.49974578e+00 
 2.91461823e-05  2.50000000e+00  2.49999956e+00  2.49999502e+00  2.50248644e+00  2.49974565e+00 
 2.93461823e-05  2.50000000e+00  2.49999956e+00  2.49999490e+00  2.50248636e+00  2.49974553e+00 
 2.95461823e-05  2.50000000e+00  2.49999956e+00  2.49999478e+00  2.50248627e+00  2.49974541e+00 
 2.97461823e-05  2.50000000e+00  2.49999955e+00  2.49999466e+00  2.50248619e+00  2.49974529e+00 
 2.99461823e-05  2.50000000e+00  2.49999955e+00  2.49999455e+00  2.50248611e+00  2.49974517e+00 
 2.99711823e-05  2.50000000e+00  2.49999955e+00  2.49999454e+00  2.50248610e+00  2.49974516e+00 
 3.00211823e-05  2.50000000e+00  2.49999955e+00  2.49999451e+00  2.50248608e+00  2.49974513e+00 
 3.01211823e-05  2.50000000e+00  2.49999955e+00  2.49999445e+00  2.50248603e+00  2.49974507e+00 
 3.03211823e-05  2.50000000e+00  2.49999955e+00  2.49999434e+00  2.50248595e+00  2.49974495e+00 
 3.05211823e-05  2.50000000e+00  2.49999954e+00  2.49999422e+00  2.50248587e+00  2.49974483e+00 
 3.07211823e-05  2.50000000e+00  2.49999954e+00  2.49999411e+00  2.50248579e+00  2.49974472e+00 
 3.09211823e-05  2.50000000e+00  2.49999954e+00  2.49999400e+00  2.50248571e+00  2.49974460e+00 
 3.11211823e-05  2.50000000e+00  2.49999954e+00  2.49999389e+00  2.50248563e+00  2.49974449e+00 
 3.13211823e-05  2.50000000e+00  2.49999953e+00  2.49999378e+00  2.50248555e+00  2.49974437e+00 
 3.13461823e-05  2.50000000e+00  2.49999953e+00  2.49999377e+00  2.50248554e+00  2.49974436e+00 
 3.13524323e-05  2.50000000e+00  2.49999953e+00  2.49999376e+00  2.50248554e+00  2.49974435e+00 
 3.13649323e-05  2.50000000e+00  2.49999953e+00  2.49999376e+00  2.50248553e+00  2.49974435e+00 
 3.13899323e-05  2.50000000e+00  2.49999953e+00  2.49999374e+00  2.50248552e+00  2.49974433e+00 
 3.13961823e-05  2.50000000e+00  2.49999953e+00  2.49999374e+00  2.50248552e+00  2.49974433e+00 
 3.13977448e-05  2.50000000e+00  2.49999953e+00  2.49999374e+00  2.50248552e+00  2.49974433e+00 
 3.14008698e-05  2.50000000e+00  2.49999953e+00  2.49999374e+00  2.50248552e+00  2.49974433e+00 
 3.14071198e-05  2.50000000e+00  2.49999953e+00  2.49999373e+00  2.50248551e+00  2.49974432e+00 
 3.14196198e-05  2.50000000e+00  2.49999953e+00  2.49999373e+00  2.50248551e+00  2.49974432e+00 
 3.14446198e-05  2.50000000e+00  2.49999953e+00  2.49999371e+00  2.50248550e+00  2.49974430e+00 
 3.14946198e-05  2.50000000e+00  2.49999953e+00  2.49999369e+00  2.50248548e+00  2.49974427e+00 
 3.15946198e-05  2.50000000e+00  2.49999953e+00  2.49999363e+00  2.50248544e+00  2.49974422e+00 
 3.17946198e-05  2.50000000e+00  2.49999953e+00  2.49999353e+00  2.50248536e+00  2.49974411e+00 
 3.19946198e-05  2.50000000e+00  2.49999953e+00  2.49999342e+00  2.50248528e+00  2.49974400e+00 
 3.21946198e-05  2.50000000e+00  2.49999952e+00  2.49999331e+00  2.50248521e+00  2.49974389e+00 
 3.23946198e-05  2.50000000e+00  2.49999952e+00  2.49999321e+00  2.50248513e+00  2.49974378e+00 
 3.25946198e-05  2.50000000e+00  2.49999952e+00  2.49999310e+00  2.50248505e+00  2.49974367e+00 
 3.27946198e-05  2.50000000e+00  2.49999952e+00  2.49999300e+00  2.50248498e+00  2.49974356e+00 
 3.29946198e-05  2.50000000e+00  2.49999951e+00  2.49999290e+00  2.50248490e+00  2.49974345e+00 
 3.31946198e-05  2.50000000e+00  2.49999951e+00  2.49999280e+00  2.50248483e+00  2.49974335e+00 
 3.33946198e-05  2.50000000e+00  2.49999951e+00  2.49999269e+00  2.50248475e+00  2.49974324e+00 
 3.34196198e-05  2.50000000e+00  2.49999951e+00  2.49999268e+00  2.50248474e+00  2.49974323e+00 
 3.34696198e-05  2.50000000e+00  2.49999951e+00  2.49999266e+00  2.50248472e+00  2.49974320e+00 
 3.35696198e-05  2.50000000e+00  2.49999951e+00  2.49999261e+00  2.50248469e+00  2.49974315e+00 
 3.37696198e-05  2.50000000e+00  2.49999950e+00  2.49999251e+00  2.50248461e+00  2.49974305e+00 
 3.39696198e-05  2.50000000e+00  2.49999950e+00  2.49999241e+00  2.50248454e+00  2.49974295e+00 
 3.41696198e-05  2.50000000e+00  2.49999950e+00  2.49999231e+00  2.50248447e+00  2.49974284e+00 
 3.43696198e-05  2.50000000e+00  2.49999950e+00  2.49999221e+00  2.50248439e+00  2.49974274e+00 
 3.45696198e-05  2.50000000e+00  2.49999950e+00  2.49999211e+00  2.50248432e+00  2.49974264e+00 
 3.45946198e-05  2.50000000e+00  2.49999950e+00  2.49999210e+00  2.50248431e+00  2.49974263e+00 
 3.46446198e-05  2.50000000e+00  2.49999949e+00  2.49999208e+00  2.50248429e+00  2.49974260e+00 
 3.47446198e-05  2.50000000e+00  2.49999949e+00  2.49999203e+00  2.50248426e+00  2.49974255e+00 
 3.49446198e-05  2.50000000e+00  2.49999949e+00  2.49999193e+00  2.50248419e+00  2.49974245e+00 
 3.51446198e-05  2.50000000e+00  2.49999949e+00  2.49999184e+00  2.50248412e+00  2.49974235e+00 
 3.53446198e-05  2.50000000e+00  2.49999949e+00  2.49999174e+00  2.50248405e+00  2.49974226e+00 
 3.55446198e-05  2.50000000e+00  2.49999948e+00  2.49999165e+00  2.50248398e+00  2.49974216e+00 
 3.55696198e-05  2.50000000e+00  2.49999948e+00  2.49999164e+00  2.50248397e+00  2.49974215e+00 
 3.56196198e-05  2.50000000e+00  2.49999948e+00  2.49999161e+00  2.50248395e+00  2.49974212e+00 
 3.57196198e-05  2.50000000e+00  2.49999948e+00  2.49999157e+00  2.50248392e+00  2.49974208e+00 
 3.59196198e-05  2.50000000e+00  2.49999948e+00  2.49999148e+00  2.50248385e+00  2.49974198e+00 
 3.61196198e-05  2.50000000e+00  2.49999948e+00  2.49999138e+00  2.50248378e+00  2.49974188e+00 
 3.63196198e-05  2.50000000e+00  2.49999948e+00  2.49999129e+00  2.50248371e+00  2.49974179e+00 
 3.65196198e-05  2.50000000e+00  2.49999947e+00  2.49999120e+00  2.50248364e+00  2.49974170e+00 
 3.67196198e-05  2.50000000e+00  2.49999947e+00  2.49999111e+00  2.50248357e+00  2.49974160e+00 
 3.69196198e-05  2.50000000e+00  2.49999947e+00  2.49999102e+00  2.50248351e+00  2.49974151e+00 
 3.71196198e-05  2.50000000e+00  2.49999947e+00  2.49999093e+00  2.50248344e+00  2.49974142e+00 
 3.73196198e-05  2.50000000e+00  2.49999947e+00  2.49999085e+00  2.50248337e+00  2.49974133e+00 
 3.75196198e-05  2.50000000e+00  2.49999946e+00  2.49999076e+00  2.50248331e+00  2.49974124e+00 
 3.77196198e-05  2.50000000e+00  2.49999946e+00  2.49999067e+00  2.50248324e+00  2.49974115e+00 
 3.79196198e-05  2.50000000e+00  2.49999946e+00  2.49999059e+00  2.50248318e+00  2.49974106e+00 
 3.81196198e-05  2.50000000e+00  2.49999946e+00  2.49999050e+00  2.50248311e+00  2.49974097e+00 
 3.81446198e-05  2.50000000e+00  2.49999946e+00  2.49999049e+00  2.50248311e+00  2.49974096e+00 
 3.81946198e-05  2.50000000e+00  2.49999946e+00  2.49999047e+00  2.50248309e+00  2.49974093e+00 
 3.82946198e-05  2.50000000e+00  2.49999946e+00  2.49999043e+00  2.50248306e+00  2.49974089e+00 
 3.84946198e-05  2.50000000e+00  2.49999945e+00  2.49999034e+00  2.50248299e+00  2.49974080e+00 
 3.86946198e-05  2.50000000e+00  2.49999945e+00  2.49999026e+00  2.50248293e+00  2.49974072e+00 
 3.88946198e-05  2.50000000e+00  2.49999945e+00  2.49999017e+00  2.50248287e+00  2.49974063e+00 
 3.89196198e-05  2.50000000e+00  2.49999945e+00  2.49999016e+00  2.50248286e+00  2.49974062e+00 
 3.89696198e-05  2.50000000e+00  2.49999945e+00  2.49999014e+00  2.50248284e+00  2.49974060e+00 
 3.90696198e-05  2.50000000e+00  2.49999945e+00  2.49999010e+00  2.50248281e+00  2.49974055e+00 
 3.92696198e-05  2.50000000e+00  2.49999945e+00  2.49999002e+00  2.50248275e+00  2.49974047e+00 
 3.92946198e-05  2.50000000e+00  2.49999945e+00  2.49999001e+00  2.50248274e+00  2.49974046e+00 
 3.93008698e-05  2.50000000e+00  2.49999945e+00  2.49999001e+00  2.50248274e+00  2.49974046e+00 
 3.93133698e-05  2.50000000e+00  2.49999945e+00  2.49999000e+00  2.50248274e+00  2.49974045e+00 
 3.93383698e-05  2.50000000e+00  2.49999945e+00  2.49998999e+00  2.50248273e+00  2.49974044e+00 
 3.93883698e-05  2.50000000e+00  2.49999944e+00  2.49998997e+00  2.50248271e+00  2.49974042e+00 
 3.94883698e-05  2.50000000e+00  2.49999944e+00  2.49998993e+00  2.50248268e+00  2.49974038e+00 
 3.96883698e-05  2.50000000e+00  2.49999944e+00  2.49998985e+00  2.50248262e+00  2.49974029e+00 
 3.98883698e-05  2.50000000e+00  2.49999944e+00  2.49998977e+00  2.50248256e+00  2.49974021e+00 
 4.00883698e-05  2.50000000e+00  2.49999944e+00  2.49998969e+00  2.50248250e+00  2.49974013e+00 
 4.02883698e-05  2.50000000e+00  2.49999944e+00  2.49998961e+00  2.50248244e+00  2.49974004e+00 
 4.04883698e-05  2.50000000e+00  2.49999943e+00  2.49998953e+00  2.50248238e+00  2.49973996e+00 
 4.06883698e-05  2.50000000e+00  2.49999943e+00  2.49998945e+00  2.50248232e+00  2.49973988e+00 
 4.08883698e-05  2.50000000e+00  2.49999943e+00  2.49998937e+00  2.50248226e+00  2.49973980e+00 
 4.10883698e-05  2.50000000e+00  2.49999943e+00  2.49998930e+00  2.50248220e+00  2.49973972e+00 
 4.11133698e-05  2.50000000e+00  2.49999943e+00  2.49998929e+00  2.50248219e+00  2.49973971e+00 
 4.11633698e-05  2.50000000e+00  2.49999943e+00  2.49998927e+00  2.50248218e+00  2.49973969e+00 
 4.12633698e-05  2.50000000e+00  2.49999943e+00  2.49998923e+00  2.50248215e+00  2.49973965e+00 
 4.14633698e-05  2.50000000e+00  2.49999943e+00  2.49998915e+00  2.50248209e+00  2.49973957e+00 
 4.14883698e-05  2.50000000e+00  2.49999943e+00  2.49998914e+00  2.50248208e+00  2.49973956e+00 
 4.15383698e-05  2.50000000e+00  2.49999942e+00  2.49998912e+00  2.50248207e+00  2.49973954e+00 
 4.16383698e-05  2.50000000e+00  2.49999942e+00  2.49998909e+00  2.50248204e+00  2.49973950e+00 
 4.18383698e-05  2.50000000e+00  2.49999942e+00  2.49998901e+00  2.50248198e+00  2.49973943e+00 
 4.20383698e-05  2.50000000e+00  2.49999942e+00  2.49998894e+00  2.50248193e+00  2.49973935e+00 
 4.22383698e-05  2.50000000e+00  2.49999942e+00  2.49998886e+00  2.50248187e+00  2.49973927e+00 
 4.24383698e-05  2.50000000e+00  2.49999942e+00  2.49998879e+00  2.50248181e+00  2.49973920e+00 
 4.26383698e-05  2.50000000e+00  2.49999941e+00  2.49998872e+00  2.50248176e+00  2.49973912e+00 
 4.28383698e-05  2.50000000e+00  2.49999941e+00  2.49998864e+00  2.50248170e+00  2.49973904e+00 
 4.30383698e-05  2.50000000e+00  2.49999941e+00  2.49998857e+00  2.50248164e+00  2.49973897e+00 
 4.32383698e-05  2.50000000e+00  2.49999941e+00  2.49998850e+00  2.50248159e+00  2.49973890e+00 
 4.34383698e-05  2.50000000e+00  2.49999941e+00  2.49998843e+00  2.50248153e+00  2.49973882e+00 
 4.36383698e-05  2.50000000e+00  2.49999941e+00  2.49998836e+00  2.50248148e+00  2.49973875e+00 
 4.38383698e-05  2.50000000e+00  2.49999940e+00  2.49998829e+00  2.50248143e+00  2.49973868e+00 
 4.40383698e-05  2.50000000e+00  2.49999940e+00  2.49998822e+00  2.50248137e+00  2.49973860e+00 
 4.42383698e-05  2.50000000e+00  2.49999940e+00  2.49998815e+00  2.50248132e+00  2.49973853e+00 
 4.44383698e-05  2.50000000e+00  2.49999940e+00  2.49998808e+00  2.50248127e+00  2.49973846e+00 
 4.46383698e-05  2.50000000e+00  2.49999940e+00  2.49998801e+00  2.50248121e+00  2.49973839e+00 
 4.48383698e-05  2.50000000e+00  2.49999940e+00  2.49998794e+00  2.50248116e+00  2.49973832e+00 
 4.50383698e-05  2.50000000e+00  2.49999939e+00  2.49998788e+00  2.50248111e+00  2.49973825e+00 
 4.52383698e-05  2.50000000e+00  2.49999939e+00  2.49998781e+00  2.50248106e+00  2.49973818e+00 
 4.54383698e-05  2.50000000e+00  2.49999939e+00  2.49998774e+00  2.50248100e+00  2.49973811e+00 
 4.56383698e-05  2.50000000e+00  2.49999939e+00  2.49998768e+00  2.50248095e+00  2.49973804e+00 
 4.58383698e-05  2.50000000e+00  2.49999939e+00  2.49998761e+00  2.50248090e+00  2.49973797e+00 
 4.60383698e-05  2.50000000e+00  2.49999939e+00  2.49998754e+00  2.50248085e+00  2.49973791e+00 
 4.62383698e-05  2.50000000e+00  2.49999938e+00  2.49998748e+00  2.50248080e+00  2.49973784e+00 
 4.64383698e-05  2.50000000e+00  2.49999938e+00  2.49998742e+00  2.50248075e+00  2.49973777e+00 
 4.66383698e-05  2.50000000e+00  2.49999938e+00  2.49998735e+00  2.50248070e+00  2.49973771e+00 
 4.68383698e-05  2.50000000e+00  2.49999938e+00  2.49998729e+00  2.50248065e+00  2.49973764e+00 
 4.70383698e-05  2.50000000e+00  2.49999938e+00  2.49998722e+00  2.50248060e+00  2.49973758e+00 
 4.72383698e-05  2.50000000e+00  2.49999938e+00  2.49998716e+00  2.50248055e+00  2.49973751e+00 
 4.74383698e-05  2.50000000e+00  2.49999938e+00  2.49998710e+00  2.50248051e+00  2.49973745e+00 
 4.76383698e-05  2.50000000e+00  2.49999937e+00  2.49998704e+00  2.50248046e+00  2.49973738e+00 
 4.78383698e-05  2.50000000e+00  2.49999937e+00  2.49998698e+00  2.50248041e+00  2.49973732e+00 
 4.78633698e-05  2.50000000e+00  2.49999937e+00  2.49998697e+00  2.50248040e+00  2.49973731e+00 
 4.79133698e-05  2.50000000e+00  2.49999937e+00  2.49998695e+00  2.50248039e+00  2.49973730e+00 
 4.80133698e-05  2.50000000e+00  2.49999937e+00  2.49998692e+00  2.50248037e+00  2.49973726e+00 
 4.82133698e-05  2.50000000e+00  2.49999937e+00  2.49998686e+00  2.50248032e+00  2.49973720e+00 
 4.84133698e-05  2.50000000e+00  2.49999937e+00  2.49998680e+00  2.50248027e+00  2.49973714e+00 
 4.86133698e-05  2.50000000e+00  2.49999937e+00  2.49998674e+00  2.50248023e+00  2.49973708e+00 
 4.88133698e-05  2.50000000e+00  2.49999937e+00  2.49998668e+00  2.50248018e+00  2.49973702e+00 
 4.90133698e-05  2.50000000e+00  2.49999936e+00  2.49998662e+00  2.50248013e+00  2.49973695e+00 
 4.92133698e-05  2.50000000e+00  2.49999936e+00  2.49998657e+00  2.50248009e+00  2.49973689e+00 
 4.94133698e-05  2.50000000e+00  2.49999936e+00  2.49998651e+00  2.50248004e+00  2.49973683e+00 
 4.96133698e-05  2.50000000e+00  2.49999936e+00  2.49998645e+00  2.50248000e+00  2.49973677e+00 
 4.98133698e-05  2.50000000e+00  2.49999936e+00  2.49998639e+00  2.50247995e+00  2.49973671e+00 
 5.00133698e-05  2.50000000e+00  2.49999936e+00  2.49998633e+00  2.50247991e+00  2.49973665e+00 
 5.02133698e-05  2.50000000e+00  2.49999936e+00  2.49998628e+00  2.50247986e+00  2.49973660e+00 
 5.04133698e-05  2.50000000e+00  2.49999935e+00  2.49998622e+00  2.50247982e+00  2.49973654e+00 
 5.06133698e-05  2.50000000e+00  2.49999935e+00  2.49998616e+00  2.50247978e+00  2.49973648e+00 
 5.08133698e-05  2.50000000e+00  2.49999935e+00  2.49998611e+00  2.50247973e+00  2.49973642e+00 
 5.10133698e-05  2.50000000e+00  2.49999935e+00  2.49998605e+00  2.50247969e+00  2.49973636e+00 
 5.12133698e-05  2.50000000e+00  2.49999935e+00  2.49998600e+00  2.50247965e+00  2.49973631e+00 
 5.14133698e-05  2.50000000e+00  2.49999935e+00  2.49998594e+00  2.50247960e+00  2.49973625e+00 
 5.16133698e-05  2.50000000e+00  2.49999935e+00  2.49998589e+00  2.50247956e+00  2.49973620e+00 
 5.18133698e-05  2.50000000e+00  2.49999934e+00  2.49998584e+00  2.50247952e+00  2.49973614e+00 
 5.20133698e-05  2.50000000e+00  2.49999934e+00  2.49998578e+00  2.50247948e+00  2.49973608e+00 
 5.22133698e-05  2.50000000e+00  2.49999934e+00  2.49998573e+00  2.50247943e+00  2.49973603e+00 
 5.24133698e-05  2.50000000e+00  2.49999934e+00  2.49998568e+00  2.50247939e+00  2.49973597e+00 
 5.24383698e-05  2.50000000e+00  2.49999934e+00  2.49998567e+00  2.50247939e+00  2.49973597e+00 
 5.24883698e-05  2.50000000e+00  2.49999934e+00  2.49998566e+00  2.50247938e+00  2.49973595e+00 
 5.25883698e-05  2.50000000e+00  2.49999934e+00  2.49998563e+00  2.50247936e+00  2.49973593e+00 
 5.27883698e-05  2.50000000e+00  2.49999934e+00  2.49998558e+00  2.50247932e+00  2.49973587e+00 
 5.29883698e-05  2.50000000e+00  2.49999934e+00  2.49998553e+00  2.50247927e+00  2.49973582e+00 
 5.31883698e-05  2.50000000e+00  2.49999934e+00  2.49998548e+00  2.50247923e+00  2.49973577e+00 
 5.32133698e-05  2.50000000e+00  2.49999934e+00  2.49998547e+00  2.50247923e+00  2.49973576e+00 
 5.32633698e-05  2.50000000e+00  2.49999934e+00  2.49998546e+00  2.50247922e+00  2.49973575e+00 
 5.33633698e-05  2.50000000e+00  2.49999933e+00  2.49998543e+00  2.50247920e+00  2.49973572e+00 
 5.35633698e-05  2.50000000e+00  2.49999933e+00  2.49998538e+00  2.50247916e+00  2.49973567e+00 
 5.37633698e-05  2.50000000e+00  2.49999933e+00  2.49998533e+00  2.50247912e+00  2.49973562e+00 
 5.39633698e-05  2.50000000e+00  2.49999933e+00  2.49998528e+00  2.50247908e+00  2.49973556e+00 
 5.41633698e-05  2.50000000e+00  2.49999933e+00  2.49998523e+00  2.50247904e+00  2.49973551e+00 
 5.43633698e-05  2.50000000e+00  2.49999933e+00  2.49998518e+00  2.50247900e+00  2.49973546e+00 
 5.45633698e-05  2.50000000e+00  2.49999933e+00  2.49998513e+00  2.50247896e+00  2.49973541e+00 
 5.47633698e-05  2.50000000e+00  2.49999933e+00  2.49998508e+00  2.50247892e+00  2.49973536e+00 
 5.49633698e-05  2.50000000e+00  2.49999932e+00  2.49998503e+00  2.50247889e+00  2.49973531e+00 
 5.51633698e-05  2.50000000e+00  2.49999932e+00  2.49998498e+00  2.50247885e+00  2.49973526e+00 
 5.53633698e-05  2.50000000e+00  2.49999932e+00  2.49998494e+00  2.50247881e+00  2.49973521e+00 
 5.55633698e-05  2.50000000e+00  2.49999932e+00  2.49998489e+00  2.50247877e+00  2.49973516e+00 
 5.57633698e-05  2.50000000e+00  2.49999932e+00  2.49998484e+00  2.50247873e+00  2.49973511e+00 
 5.59633698e-05  2.50000000e+00  2.49999932e+00  2.49998479e+00  2.50247870e+00  2.49973506e+00 
 5.61633698e-05  2.50000000e+00  2.49999932e+00  2.49998475e+00  2.50247866e+00  2.49973501e+00 
 5.63633698e-05  2.50000000e+00  2.49999932e+00  2.49998470e+00  2.50247862e+00  2.49973497e+00 
 5.65633698e-05  2.50000000e+00  2.49999932e+00  2.49998465e+00  2.50247859e+00  2.49973492e+00 
 5.67633698e-05  2.50000000e+00  2.49999931e+00  2.49998461e+00  2.50247855e+00  2.49973487e+00 
 5.69633698e-05  2.50000000e+00  2.49999931e+00  2.49998456e+00  2.50247851e+00  2.49973482e+00 
 5.71633698e-05  2.50000000e+00  2.49999931e+00  2.49998452e+00  2.50247848e+00  2.49973478e+00 
 5.73633698e-05  2.50000000e+00  2.49999931e+00  2.49998447e+00  2.50247844e+00  2.49973473e+00 
 5.75633698e-05  2.50000000e+00  2.49999931e+00  2.49998443e+00  2.50247841e+00  2.49973468e+00 
 5.77633698e-05  2.50000000e+00  2.49999931e+00  2.49998438e+00  2.50247837e+00  2.49973464e+00 
 5.79633698e-05  2.50000000e+00  2.49999931e+00  2.49998434e+00  2.50247834e+00  2.49973459e+00 
 5.81633698e-05  2.50000000e+00  2.49999931e+00  2.49998430e+00  2.50247830e+00  2.49973455e+00 
 5.83633698e-05  2.50000000e+00  2.49999931e+00  2.49998425e+00  2.50247827e+00  2.49973450e+00 
 5.85633698e-05  2.50000000e+00  2.49999930e+00  2.49998421e+00  2.50247823e+00  2.49973446e+00 
 5.87633698e-05  2.50000000e+00  2.49999930e+00  2.49998417e+00  2.50247820e+00  2.49973441e+00 
 5.89633698e-05  2.50000000e+00  2.49999930e+00  2.49998412e+00  2.50247816e+00  2.49973437e+00 
 5.91633698e-05  2.50000000e+00  2.49999930e+00  2.49998408e+00  2.50247813e+00  2.49973433e+00 
 5.93633698e-05  2.50000000e+00  2.49999930e+00  2.49998404e+00  2.50247810e+00  2.49973428e+00 
 5.93883698e-05  2.50000000e+00  2.49999930e+00  2.49998403e+00  2.50247809e+00  2.49973428e+00 
 5.94383698e-05  2.50000000e+00  2.49999930e+00  2.49998402e+00  2.50247809e+00  2.49973427e+00 
 5.95383698e-05  2.50000000e+00  2.49999930e+00  2.49998400e+00  2.50247807e+00  2.49973424e+00 
 5.97383698e-05  2.50000000e+00  2.49999930e+00  2.49998396e+00  2.50247804e+00  2.49973420e+00 
 5.99383698e-05  2.50000000e+00  2.49999930e+00  2.49998392e+00  2.50247800e+00  2.49973416e+00 
 6.01383698e-05  2.50000000e+00  2.49999930e+00  2.49998388e+00  2.50247797e+00  2.49973412e+00 
 6.03383698e-05  2.50000000e+00  2.49999930e+00  2.49998384e+00  2.50247794e+00  2.49973407e+00 
 6.05383698e-05  2.50000000e+00  2.49999929e+00  2.49998380e+00  2.50247791e+00  2.49973403e+00 
 6.07383698e-05  2.50000000e+00  2.49999929e+00  2.49998376e+00  2.50247787e+00  2.49973399e+00 
 6.09383698e-05  2.50000000e+00  2.49999929e+00  2.49998372e+00  2.50247784e+00  2.49973395e+00 
 6.11383698e-05  2.50000000e+00  2.49999929e+00  2.49998368e+00  2.50247781e+00  2.49973391e+00 
 6.13383698e-05  2.50000000e+00  2.49999929e+00  2.49998364e+00  2.50247778e+00  2.49973387e+00 
 6.15383698e-05  2.50000000e+00  2.49999929e+00  2.49998360e+00  2.50247775e+00  2.49973383e+00 
 6.17383698e-05  2.50000000e+00  2.49999929e+00  2.49998356e+00  2.50247772e+00  2.49973379e+00 
 6.19383698e-05  2.50000000e+00  2.49999929e+00  2.49998352e+00  2.50247768e+00  2.49973375e+00 
 6.21383698e-05  2.50000000e+00  2.49999929e+00  2.49998348e+00  2.50247765e+00  2.49973371e+00 
 6.23383698e-05  2.50000000e+00  2.49999929e+00  2.49998344e+00  2.50247762e+00  2.49973367e+00 
 6.23633698e-05  2.50000000e+00  2.49999929e+00  2.49998344e+00  2.50247762e+00  2.49973366e+00 
 6.23641510e-05  2.50000000e+00  2.49999929e+00  2.49998344e+00  2.50247762e+00  2.49973366e+00 
 6.23657135e-05  2.50000000e+00  2.49999929e+00  2.49998344e+00  2.50247762e+00  2.49973366e+00 
 6.23688385e-05  2.50000000e+00  2.49999929e+00  2.49998344e+00  2.50247762e+00  2.49973366e+00 
 6.23750885e-05  2.50000000e+00  2.49999928e+00  2.49998344e+00  2.50247762e+00  2.49973366e+00 
 6.23875885e-05  2.50000000e+00  2.49999928e+00  2.49998343e+00  2.50247762e+00  2.49973366e+00 
 6.24125885e-05  2.50000000e+00  2.49999928e+00  2.49998343e+00  2.50247761e+00  2.49973365e+00 
 6.24625885e-05  2.50000000e+00  2.49999928e+00  2.49998342e+00  2.50247760e+00  2.49973364e+00 
 6.25625885e-05  2.50000000e+00  2.49999928e+00  2.49998340e+00  2.50247759e+00  2.49973362e+00 
 6.27625885e-05  2.50000000e+00  2.49999928e+00  2.49998336e+00  2.50247756e+00  2.49973358e+00 
 6.29625885e-05  2.50000000e+00  2.49999928e+00  2.49998332e+00  2.50247753e+00  2.49973354e+00 
 6.31625885e-05  2.50000000e+00  2.49999928e+00  2.49998329e+00  2.50247750e+00  2.49973351e+00 
 6.33625885e-05  2.50000000e+00  2.49999928e+00  2.49998325e+00  2.50247747e+00  2.49973347e+00 
 6.35625885e-05  2.50000000e+00  2.49999928e+00  2.49998321e+00  2.50247744e+00  2.49973343e+00 
 6.37625885e-05  2.50000000e+00  2.49999928e+00  2.49998318e+00  2.50247741e+00  2.49973339e+00 
 6.39625885e-05  2.50000000e+00  2.49999928e+00  2.49998314e+00  2.50247738e+00  2.49973335e+00 
 6.41625885e-05  2.50000000e+00  2.49999928e+00  2.49998310e+00  2.50247735e+00  2.49973332e+00 
 6.43625885e-05  2.50000000e+00  2.49999928e+00  2.49998307e+00  2.50247732e+00  2.49973328e+00 
 6.45625885e-05  2.50000000e+00  2.49999927e+00  2.49998303e+00  2.50247730e+00  2.49973324e+00 
 6.47625885e-05  2.50000000e+00  2.49999927e+00  2.49998300e+00  2.50247727e+00  2.49973321e+00 
 6.49625885e-05  2.50000000e+00  2.49999927e+00  2.49998296e+00  2.50247724e+00  2.49973317e+00 
 6.51625885e-05  2.50000000e+00  2.49999927e+00  2.49998293e+00  2.50247721e+00  2.49973313e+00 
 6.53625885e-05  2.50000000e+00  2.49999927e+00  2.49998289e+00  2.50247718e+00  2.49973310e+00 
 6.55625885e-05  2.50000000e+00  2.49999927e+00  2.49998286e+00  2.50247716e+00  2.49973306e+00 
 6.55657135e-05  2.50000000e+00  2.49999927e+00  2.49998286e+00  2.50247716e+00  2.49973306e+00 
 6.55719635e-05  2.50000000e+00  2.49999927e+00  2.49998286e+00  2.50247715e+00  2.49973306e+00 
 6.55844635e-05  2.50000000e+00  2.49999927e+00  2.49998285e+00  2.50247715e+00  2.49973306e+00 
 6.56094635e-05  2.50000000e+00  2.49999927e+00  2.49998285e+00  2.50247715e+00  2.49973305e+00 
 6.56594635e-05  2.50000000e+00  2.49999927e+00  2.49998284e+00  2.50247714e+00  2.49973304e+00 
 6.57594635e-05  2.50000000e+00  2.49999927e+00  2.49998282e+00  2.50247713e+00  2.49973303e+00 
 6.57844635e-05  2.50000000e+00  2.49999927e+00  2.49998282e+00  2.50247713e+00  2.49973302e+00 
 6.58344635e-05  2.50000000e+00  2.49999927e+00  2.49998281e+00  2.50247712e+00  2.49973301e+00 
 6.59344635e-05  2.50000000e+00  2.49999927e+00  2.49998279e+00  2.50247711e+00  2.49973300e+00 
 6.61344635e-05  2.50000000e+00  2.49999927e+00  2.49998276e+00  2.50247708e+00  2.49973296e+00 
 6.63344635e-05  2.50000000e+00  2.49999927e+00  2.49998273e+00  2.50247705e+00  2.49973293e+00 
 6.65344635e-05  2.50000000e+00  2.49999927e+00  2.49998269e+00  2.50247702e+00  2.49973289e+00 
 6.67344635e-05  2.50000000e+00  2.49999927e+00  2.49998266e+00  2.50247700e+00  2.49973286e+00 
 6.67594635e-05  2.50000000e+00  2.49999927e+00  2.49998265e+00  2.50247699e+00  2.49973285e+00 
 6.68094635e-05  2.50000000e+00  2.49999927e+00  2.49998265e+00  2.50247699e+00  2.49973284e+00 
 6.69094635e-05  2.50000000e+00  2.49999926e+00  2.49998263e+00  2.50247697e+00  2.49973283e+00 
 6.71094635e-05  2.50000000e+00  2.49999926e+00  2.49998260e+00  2.50247695e+00  2.49973279e+00 
 6.73094635e-05  2.50000000e+00  2.49999926e+00  2.49998256e+00  2.50247692e+00  2.49973276e+00 
 6.75094635e-05  2.50000000e+00  2.49999926e+00  2.49998253e+00  2.50247690e+00  2.49973273e+00 
 6.77094635e-05  2.50000000e+00  2.49999926e+00  2.49998250e+00  2.50247687e+00  2.49973269e+00 
 6.79094635e-05  2.50000000e+00  2.49999926e+00  2.49998247e+00  2.50247684e+00  2.49973266e+00 
 6.79125885e-05  2.50000000e+00  2.49999926e+00  2.49998247e+00  2.50247684e+00  2.49973266e+00 
 6.79188385e-05  2.50000000e+00  2.49999926e+00  2.49998247e+00  2.50247684e+00  2.49973266e+00 
 6.79313385e-05  2.50000000e+00  2.49999926e+00  2.49998246e+00  2.50247684e+00  2.49973266e+00 
 6.79563385e-05  2.50000000e+00  2.49999926e+00  2.49998246e+00  2.50247684e+00  2.49973265e+00 
 6.80063385e-05  2.50000000e+00  2.49999926e+00  2.49998245e+00  2.50247683e+00  2.49973264e+00 
 6.81063385e-05  2.50000000e+00  2.49999926e+00  2.49998244e+00  2.50247682e+00  2.49973263e+00 
 6.83063385e-05  2.50000000e+00  2.49999926e+00  2.49998240e+00  2.50247679e+00  2.49973259e+00 
 6.85063385e-05  2.50000000e+00  2.49999926e+00  2.49998237e+00  2.50247677e+00  2.49973256e+00 
 6.87063385e-05  2.50000000e+00  2.49999926e+00  2.49998234e+00  2.50247674e+00  2.49973253e+00 
 6.89063385e-05  2.50000000e+00  2.49999926e+00  2.49998231e+00  2.50247672e+00  2.49973250e+00 
 6.91063385e-05  2.50000000e+00  2.49999926e+00  2.49998228e+00  2.50247669e+00  2.49973247e+00 
 6.93063385e-05  2.50000000e+00  2.49999926e+00  2.49998225e+00  2.50247667e+00  2.49973243e+00 
 6.95063385e-05  2.50000000e+00  2.49999925e+00  2.49998222e+00  2.50247664e+00  2.49973240e+00 
 6.97063385e-05  2.50000000e+00  2.49999925e+00  2.49998219e+00  2.50247662e+00  2.49973237e+00 
 6.99063385e-05  2.50000000e+00  2.49999925e+00  2.49998216e+00  2.50247660e+00  2.49973234e+00 
 6.99313385e-05  2.50000000e+00  2.49999925e+00  2.49998215e+00  2.50247659e+00  2.49973234e+00 
 6.99813385e-05  2.50000000e+00  2.49999925e+00  2.49998215e+00  2.50247659e+00  2.49973233e+00 
 7.00813385e-05  2.50000000e+00  2.49999925e+00  2.49998213e+00  2.50247657e+00  2.49973231e+00 
 7.02813385e-05  2.50000000e+00  2.49999925e+00  2.49998210e+00  2.50247655e+00  2.49973228e+00 
 7.04813385e-05  2.50000000e+00  2.49999925e+00  2.49998207e+00  2.50247653e+00  2.49973225e+00 
 7.06813385e-05  2.50000000e+00  2.49999925e+00  2.49998204e+00  2.50247650e+00  2.49973222e+00 
 7.08813385e-05  2.50000000e+00  2.49999925e+00  2.49998201e+00  2.50247648e+00  2.49973219e+00 
 7.09063385e-05  2.50000000e+00  2.49999925e+00  2.49998201e+00  2.50247648e+00  2.49973219e+00 
 7.09563385e-05  2.50000000e+00  2.49999925e+00  2.49998200e+00  2.50247647e+00  2.49973218e+00 
 7.09688385e-05  2.50000000e+00  2.49999925e+00  2.49998200e+00  2.50247647e+00  2.49973218e+00 
 7.09938385e-05  2.50000000e+00  2.49999925e+00  2.49998200e+00  2.50247647e+00  2.49973217e+00 
 7.10438385e-05  2.50000000e+00  2.49999925e+00  2.49998199e+00  2.50247646e+00  2.49973217e+00 
 7.11438385e-05  2.50000000e+00  2.49999925e+00  2.49998198e+00  2.50247645e+00  2.49973215e+00 
 7.13438385e-05  2.50000000e+00  2.49999925e+00  2.49998195e+00  2.50247643e+00  2.49973212e+00 
 7.13688385e-05  2.50000000e+00  2.49999925e+00  2.49998194e+00  2.50247642e+00  2.49973212e+00 
 7.14188385e-05  2.50000000e+00  2.49999925e+00  2.49998194e+00  2.50247642e+00  2.49973211e+00 
 7.15188385e-05  2.50000000e+00  2.49999925e+00  2.49998192e+00  2.50247641e+00  2.49973210e+00 
 7.17188385e-05  2.50000000e+00  2.49999925e+00  2.49998189e+00  2.50247638e+00  2.49973207e+00 
 7.19188385e-05  2.50000000e+00  2.49999925e+00  2.49998186e+00  2.50247636e+00  2.49973204e+00 
 7.21188385e-05  2.50000000e+00  2.49999924e+00  2.49998184e+00  2.50247634e+00  2.49973201e+00 
 7.23188385e-05  2.50000000e+00  2.49999924e+00  2.49998181e+00  2.50247632e+00  2.49973198e+00 
 7.23438385e-05  2.50000000e+00  2.49999924e+00  2.49998181e+00  2.50247631e+00  2.49973198e+00 
 7.23938385e-05  2.50000000e+00  2.49999924e+00  2.49998180e+00  2.50247631e+00  2.49973197e+00 
 7.24063385e-05  2.50000000e+00  2.49999924e+00  2.49998180e+00  2.50247631e+00  2.49973197e+00 
 7.24313385e-05  2.50000000e+00  2.49999924e+00  2.49998179e+00  2.50247630e+00  2.49973196e+00 
 7.24813385e-05  2.50000000e+00  2.49999924e+00  2.49998179e+00  2.50247630e+00  2.49973196e+00 
 7.24829010e-05  2.50000000e+00  2.49999924e+00  2.49998179e+00  2.50247630e+00  2.49973196e+00 
 7.24860260e-05  2.50000000e+00  2.49999924e+00  2.49998179e+00  2.50247630e+00  2.49973196e+00 
 7.24861237e-05  2.50000000e+00  2.49999924e+00  2.49998179e+00  2.50247630e+00  2.49973196e+00 
 7.24863190e-05  2.50000000e+00  2.49999924e+00  2.49998179e+00  2.50247630e+00  2.49973196e+00 
 7.24867096e-05  2.50000000e+00  2.49999924e+00  2.49998179e+00  2.50247630e+00  2.49973196e+00 
 7.24874909e-05  2.50000000e+00  2.49999924e+00  2.49998179e+00  2.50247630e+00  2.49973195e+00 
 7.24876862e-05  2.50000000e+00  2.49999924e+00  2.49998179e+00  2.50247630e+00  2.49973195e+00 
 7.24880768e-05  2.50000000e+00  2.49999924e+00  2.49998179e+00  2.50247630e+00  2.49973195e+00 
 7.24888581e-05  2.50000000e+00  2.49999924e+00  2.49998179e+00  2.50247630e+00  2.49973195e+00 
 7.24904206e-05  2.50000000e+00  2.49999924e+00  2.49998179e+00  2.50247630e+00  2.49973195e+00 
 7.24935456e-05  2.50000000e+00  2.49999924e+00  2.49998178e+00  2.50247630e+00  2.49973195e+00 
 7.24997956e-05  2.50000000e+00  2.49999924e+00  2.49998178e+00  2.50247630e+00  2.49973195e+00 
 7.25122956e-05  2.50000000e+00  2.49999924e+00  2.49998178e+00  2.50247629e+00  2.49973195e+00 
 7.25372956e-05  2.50000000e+00  2.49999924e+00  2.49998178e+00  2.50247629e+00  2.49973195e+00 
 7.25872956e-05  2.50000000e+00  2.49999924e+00  2.49998177e+00  2.50247629e+00  2.49973194e+00 
 7.26872956e-05  2.50000000e+00  2.49999924e+00  2.49998176e+00  2.50247628e+00  2.49973193e+00 
 7.27122956e-05  2.50000000e+00  2.49999924e+00  2.49998175e+00  2.50247627e+00  2.49973192e+00 
 7.27622956e-05  2.50000000e+00  2.49999924e+00  2.49998175e+00  2.50247627e+00  2.49973192e+00 
 7.28622956e-05  2.50000000e+00  2.49999924e+00  2.49998173e+00  2.50247626e+00  2.49973190e+00 
 7.30622956e-05  2.50000000e+00  2.49999924e+00  2.49998171e+00  2.50247623e+00  2.49973187e+00 
 7.32622956e-05  2.50000000e+00  2.49999924e+00  2.49998168e+00  2.50247621e+00  2.49973185e+00 
 7.34622956e-05  2.50000000e+00  2.49999924e+00  2.49998165e+00  2.50247619e+00  2.49973182e+00 
 7.36622956e-05  2.50000000e+00  2.49999924e+00  2.49998163e+00  2.50247617e+00  2.49973179e+00 
 7.38622956e-05  2.50000000e+00  2.49999924e+00  2.49998160e+00  2.50247615e+00  2.49973176e+00 
 7.40622956e-05  2.50000000e+00  2.49999924e+00  2.49998157e+00  2.50247613e+00  2.49973174e+00 
 7.42622956e-05  2.50000000e+00  2.49999924e+00  2.49998155e+00  2.50247611e+00  2.49973171e+00 
 7.44622956e-05  2.50000000e+00  2.49999924e+00  2.49998152e+00  2.50247608e+00  2.49973168e+00 
 7.46622956e-05  2.50000000e+00  2.49999924e+00  2.49998149e+00  2.50247606e+00  2.49973165e+00 
 7.48622956e-05  2.50000000e+00  2.49999924e+00  2.49998147e+00  2.50247604e+00  2.49973163e+00 
 7.48654206e-05  2.50000000e+00  2.49999924e+00  2.49998147e+00  2.50247604e+00  2.49973163e+00 
 7.48716706e-05  2.50000000e+00  2.49999924e+00  2.49998147e+00  2.50247604e+00  2.49973163e+00 
 7.48841706e-05  2.50000000e+00  2.49999924e+00  2.49998147e+00  2.50247604e+00  2.49973163e+00 
 7.48872956e-05  2.50000000e+00  2.49999924e+00  2.49998147e+00  2.50247604e+00  2.49973162e+00 
 7.48935456e-05  2.50000000e+00  2.49999924e+00  2.49998146e+00  2.50247604e+00  2.49973162e+00 
 7.49060456e-05  2.50000000e+00  2.49999924e+00  2.49998146e+00  2.50247604e+00  2.49973162e+00 
 7.49310456e-05  2.50000000e+00  2.49999924e+00  2.49998146e+00  2.50247604e+00  2.49973162e+00 
 7.49810456e-05  2.50000000e+00  2.49999924e+00  2.49998145e+00  2.50247603e+00  2.49973161e+00 
 7.50810456e-05  2.50000000e+00  2.49999923e+00  2.49998144e+00  2.50247602e+00  2.49973160e+00 
 7.52810456e-05  2.50000000e+00  2.49999923e+00  2.49998142e+00  2.50247600e+00  2.49973157e+00 
 7.54810456e-05  2.50000000e+00  2.49999923e+00  2.49998139e+00  2.50247598e+00  2.49973155e+00 
 7.56810456e-05  2.50000000e+00  2.49999923e+00  2.49998136e+00  2.50247596e+00  2.49973152e+00 
 7.58810456e-05  2.50000000e+00  2.49999923e+00  2.49998134e+00  2.50247594e+00  2.49973149e+00 
 7.60810456e-05  2.50000000e+00  2.49999923e+00  2.49998132e+00  2.50247592e+00  2.49973147e+00 
 7.62810456e-05  2.50000000e+00  2.49999923e+00  2.49998129e+00  2.50247590e+00  2.49973144e+00 
 7.64810456e-05  2.50000000e+00  2.49999923e+00  2.49998127e+00  2.50247588e+00  2.49973142e+00 
 7.66810456e-05  2.50000000e+00  2.49999923e+00  2.49998124e+00  2.50247586e+00  2.49973139e+00 
 7.68810456e-05  2.50000000e+00  2.49999923e+00  2.49998122e+00  2.50247584e+00  2.49973137e+00 
 7.70810456e-05  2.50000000e+00  2.49999923e+00  2.49998119e+00  2.50247582e+00  2.49973134e+00 
 7.72810456e-05  2.50000000e+00  2.49999923e+00  2.49998117e+00  2.50247580e+00  2.49973132e+00 
 7.73060456e-05  2.50000000e+00  2.49999923e+00  2.49998117e+00  2.50247580e+00  2.49973132e+00 
 7.73560456e-05  2.50000000e+00  2.49999923e+00  2.49998116e+00  2.50247579e+00  2.49973131e+00 
 7.74560456e-05  2.50000000e+00  2.49999923e+00  2.49998115e+00  2.50247579e+00  2.49973130e+00 
 7.76560456e-05  2.50000000e+00  2.49999923e+00  2.49998113e+00  2.50247577e+00  2.49973127e+00 
 7.76810456e-05  2.50000000e+00  2.49999923e+00  2.49998112e+00  2.50247576e+00  2.49973127e+00 
 7.76872956e-05  2.50000000e+00  2.49999923e+00  2.49998112e+00  2.50247576e+00  2.49973127e+00 
 7.76997956e-05  2.50000000e+00  2.49999923e+00  2.49998112e+00  2.50247576e+00  2.49973127e+00 
 7.77247956e-05  2.50000000e+00  2.49999923e+00  2.49998112e+00  2.50247576e+00  2.49973126e+00 
 7.77310456e-05  2.50000000e+00  2.49999923e+00  2.49998112e+00  2.50247576e+00  2.49973126e+00 
 7.77435456e-05  2.50000000e+00  2.49999923e+00  2.49998111e+00  2.50247576e+00  2.49973126e+00 
 7.77685456e-05  2.50000000e+00  2.49999923e+00  2.49998111e+00  2.50247576e+00  2.49973126e+00 
 7.78185456e-05  2.50000000e+00  2.49999923e+00  2.49998111e+00  2.50247575e+00  2.49973125e+00 
 7.79185456e-05  2.50000000e+00  2.49999923e+00  2.49998109e+00  2.50247574e+00  2.49973124e+00 
 7.81185456e-05  2.50000000e+00  2.49999923e+00  2.49998107e+00  2.50247572e+00  2.49973122e+00 
 7.83185456e-05  2.50000000e+00  2.49999922e+00  2.49998105e+00  2.50247570e+00  2.49973119e+00 
 7.83435456e-05  2.50000000e+00  2.49999922e+00  2.49998105e+00  2.50247570e+00  2.49973119e+00 
 7.83497956e-05  2.50000000e+00  2.49999922e+00  2.49998104e+00  2.50247570e+00  2.49973119e+00 
 7.83622956e-05  2.50000000e+00  2.49999922e+00  2.49998104e+00  2.50247570e+00  2.49973119e+00 
 7.83872956e-05  2.50000000e+00  2.49999922e+00  2.49998104e+00  2.50247570e+00  2.49973119e+00 
 7.84372956e-05  2.50000000e+00  2.49999922e+00  2.49998103e+00  2.50247569e+00  2.49973118e+00 
 7.85372956e-05  2.50000000e+00  2.49999922e+00  2.49998102e+00  2.50247568e+00  2.49973117e+00 
 7.87372956e-05  2.50000000e+00  2.49999922e+00  2.49998100e+00  2.50247567e+00  2.49973114e+00 
 7.89372956e-05  2.50000000e+00  2.49999922e+00  2.49998098e+00  2.50247565e+00  2.49973112e+00 
 7.91372956e-05  2.50000000e+00  2.49999922e+00  2.49998095e+00  2.50247563e+00  2.49973110e+00 
 7.93372956e-05  2.50000000e+00  2.49999922e+00  2.49998093e+00  2.50247561e+00  2.49973107e+00 
 7.95372956e-05  2.50000000e+00  2.49999922e+00  2.49998091e+00  2.50247559e+00  2.49973105e+00 
 7.97372956e-05  2.50000000e+00  2.49999922e+00  2.49998089e+00  2.50247558e+00  2.49973103e+00 
 7.99372956e-05  2.50000000e+00  2.49999922e+00  2.49998087e+00  2.50247556e+00  2.49973101e+00 
 8.01372956e-05  2.50000000e+00  2.49999922e+00  2.49998084e+00  2.50247554e+00  2.49973098e+00 
 8.03372956e-05  2.50000000e+00  2.49999922e+00  2.49998082e+00  2.50247552e+00  2.49973096e+00 
 8.05372956e-05  2.50000000e+00  2.49999922e+00  2.49998080e+00  2.50247550e+00  2.49973094e+00 
 8.05622956e-05  2.50000000e+00  2.49999922e+00  2.49998080e+00  2.50247550e+00  2.49973094e+00 
 8.06122956e-05  2.50000000e+00  2.49999922e+00  2.49998079e+00  2.50247550e+00  2.49973093e+00 
 8.07122956e-05  2.50000000e+00  2.49999922e+00  2.49998078e+00  2.50247549e+00  2.49973092e+00 
 8.07372956e-05  2.50000000e+00  2.49999922e+00  2.49998078e+00  2.50247549e+00  2.49973092e+00 
 8.07872956e-05  2.50000000e+00  2.49999922e+00  2.49998077e+00  2.50247548e+00  2.49973091e+00 
 8.08872956e-05  2.50000000e+00  2.49999922e+00  2.49998076e+00  2.50247548e+00  2.49973090e+00 
 8.09122956e-05  2.50000000e+00  2.49999922e+00  2.49998076e+00  2.50247547e+00  2.49973090e+00 
 8.09622956e-05  2.50000000e+00  2.49999922e+00  2.49998076e+00  2.50247547e+00  2.49973089e+00 
 8.10622956e-05  2.50000000e+00  2.49999922e+00  2.49998074e+00  2.50247546e+00  2.49973088e+00 
 8.12622956e-05  2.50000000e+00  2.49999922e+00  2.49998072e+00  2.50247544e+00  2.49973086e+00 
 8.14622956e-05  2.50000000e+00  2.49999922e+00  2.49998070e+00  2.50247543e+00  2.49973084e+00 
 8.16622956e-05  2.50000000e+00  2.49999922e+00  2.49998068e+00  2.50247541e+00  2.49973082e+00 
 8.18622956e-05  2.50000000e+00  2.49999922e+00  2.49998066e+00  2.50247539e+00  2.49973079e+00 
 8.20622956e-05  2.50000000e+00  2.49999921e+00  2.49998064e+00  2.50247538e+00  2.49973077e+00 
 8.22622956e-05  2.50000000e+00  2.49999921e+00  2.49998062e+00  2.50247536e+00  2.49973075e+00 
 8.24622956e-05  2.50000000e+00  2.49999921e+00  2.49998060e+00  2.50247534e+00  2.49973073e+00 
 8.26622956e-05  2.50000000e+00  2.49999921e+00  2.49998058e+00  2.50247533e+00  2.49973071e+00 
 8.28622956e-05  2.50000000e+00  2.49999921e+00  2.49998056e+00  2.50247531e+00  2.49973069e+00 
 8.30622956e-05  2.50000000e+00  2.49999921e+00  2.49998054e+00  2.50247529e+00  2.49973067e+00 
 8.32622956e-05  2.50000000e+00  2.49999921e+00  2.49998052e+00  2.50247528e+00  2.49973065e+00 
 8.34622956e-05  2.50000000e+00  2.49999921e+00  2.49998050e+00  2.50247526e+00  2.49973063e+00 
 8.36622956e-05  2.50000000e+00  2.49999921e+00  2.49998048e+00  2.50247525e+00  2.49973061e+00 
 8.38622956e-05  2.50000000e+00  2.49999921e+00  2.49998046e+00  2.50247523e+00  2.49973059e+00 
 8.40622956e-05  2.50000000e+00  2.49999921e+00  2.49998044e+00  2.50247522e+00  2.49973057e+00 
 8.42622956e-05  2.50000000e+00  2.49999921e+00  2.49998042e+00  2.50247520e+00  2.49973055e+00 
 8.44622956e-05  2.50000000e+00  2.49999921e+00  2.49998040e+00  2.50247518e+00  2.49973053e+00 
 8.46622956e-05  2.50000000e+00  2.49999921e+00  2.49998038e+00  2.50247517e+00  2.49973051e+00 
 8.48622956e-05  2.50000000e+00  2.49999921e+00  2.49998037e+00  2.50247515e+00  2.49973049e+00 
 8.50622956e-05  2.50000000e+00  2.49999921e+00  2.49998035e+00  2.50247514e+00  2.49973047e+00 
 8.52622956e-05  2.50000000e+00  2.49999921e+00  2.49998033e+00  2.50247512e+00  2.49973045e+00 
 8.54622956e-05  2.50000000e+00  2.49999921e+00  2.49998031e+00  2.50247511e+00  2.49973043e+00 
 8.56622956e-05  2.50000000e+00  2.49999921e+00  2.49998029e+00  2.50247509e+00  2.49973041e+00 
 8.58622956e-05  2.50000000e+00  2.49999921e+00  2.49998027e+00  2.50247508e+00  2.49973039e+00 
 8.60622956e-05  2.50000000e+00  2.49999920e+00  2.49998026e+00  2.50247506e+00  2.49973038e+00 
 8.62622956e-05  2.50000000e+00  2.49999920e+00  2.49998024e+00  2.50247505e+00  2.49973036e+00 
 8.62872956e-05  2.50000000e+00  2.49999920e+00  2.49998023e+00  2.50247505e+00  2.49973035e+00 
 8.63372956e-05  2.50000000e+00  2.49999920e+00  2.49998023e+00  2.50247504e+00  2.49973035e+00 
 8.64372956e-05  2.50000000e+00  2.49999920e+00  2.49998022e+00  2.50247504e+00  2.49973034e+00 
 8.66372956e-05  2.50000000e+00  2.49999920e+00  2.49998020e+00  2.50247502e+00  2.49973032e+00 
 8.68372956e-05  2.50000000e+00  2.49999920e+00  2.49998019e+00  2.50247501e+00  2.49973030e+00 
 8.70372956e-05  2.50000000e+00  2.49999920e+00  2.49998017e+00  2.50247499e+00  2.49973029e+00 
 8.70622956e-05  2.50000000e+00  2.49999920e+00  2.49998017e+00  2.50247499e+00  2.49973028e+00 
 8.71122956e-05  2.50000000e+00  2.49999920e+00  2.49998016e+00  2.50247499e+00  2.49973028e+00 
 8.72122956e-05  2.50000000e+00  2.49999920e+00  2.49998015e+00  2.50247498e+00  2.49973027e+00 
 8.74122956e-05  2.50000000e+00  2.49999920e+00  2.49998014e+00  2.50247497e+00  2.49973025e+00 
 8.76122956e-05  2.50000000e+00  2.49999920e+00  2.49998012e+00  2.50247495e+00  2.49973023e+00 
 8.78122956e-05  2.50000000e+00  2.49999920e+00  2.49998010e+00  2.50247494e+00  2.49973022e+00 
 8.80122956e-05  2.50000000e+00  2.49999920e+00  2.49998008e+00  2.50247493e+00  2.49973020e+00 
 8.82122956e-05  2.50000000e+00  2.49999920e+00  2.49998007e+00  2.50247491e+00  2.49973018e+00 
 8.84122956e-05  2.50000000e+00  2.49999920e+00  2.49998005e+00  2.50247490e+00  2.49973016e+00 
 8.86122956e-05  2.50000000e+00  2.49999920e+00  2.49998003e+00  2.50247488e+00  2.49973015e+00 
 8.88122956e-05  2.50000000e+00  2.49999920e+00  2.49998002e+00  2.50247487e+00  2.49973013e+00 
 8.90122956e-05  2.50000000e+00  2.49999920e+00  2.49998000e+00  2.50247486e+00  2.49973011e+00 
 8.90372956e-05  2.50000000e+00  2.49999920e+00  2.49998000e+00  2.50247486e+00  2.49973011e+00 
 8.90872956e-05  2.50000000e+00  2.49999920e+00  2.49997999e+00  2.50247485e+00  2.49973011e+00 
 8.91872956e-05  2.50000000e+00  2.49999920e+00  2.49997999e+00  2.50247485e+00  2.49973010e+00 
 8.92122956e-05  2.50000000e+00  2.49999920e+00  2.49997998e+00  2.50247484e+00  2.49973009e+00 
 8.92622956e-05  2.50000000e+00  2.49999920e+00  2.49997998e+00  2.50247484e+00  2.49973009e+00 
 8.93622956e-05  2.50000000e+00  2.49999920e+00  2.49997997e+00  2.50247484e+00  2.49973008e+00 
 8.95622956e-05  2.50000000e+00  2.49999920e+00  2.49997995e+00  2.50247482e+00  2.49973007e+00 
 8.97622956e-05  2.50000000e+00  2.49999920e+00  2.49997994e+00  2.50247481e+00  2.49973005e+00 
 8.99622956e-05  2.50000000e+00  2.49999920e+00  2.49997992e+00  2.50247480e+00  2.49973003e+00 
 9.01622956e-05  2.50000000e+00  2.49999920e+00  2.49997991e+00  2.50247478e+00  2.49973002e+00 
 9.03622956e-05  2.50000000e+00  2.49999920e+00  2.49997989e+00  2.50247477e+00  2.49973000e+00 
 9.05622956e-05  2.50000000e+00  2.49999920e+00  2.49997987e+00  2.50247476e+00  2.49972998e+00 
 9.07622956e-05  2.50000000e+00  2.49999919e+00  2.49997986e+00  2.50247474e+00  2.49972997e+00 
 9.09622956e-05  2.50000000e+00  2.49999919e+00  2.49997984e+00  2.50247473e+00  2.49972995e+00 
 9.11622956e-05  2.50000000e+00  2.49999919e+00  2.49997983e+00  2.50247472e+00  2.49972993e+00 
 9.13622956e-05  2.50000000e+00  2.49999919e+00  2.49997981e+00  2.50247471e+00  2.49972992e+00 
 9.15622956e-05  2.50000000e+00  2.49999919e+00  2.49997980e+00  2.50247469e+00  2.49972990e+00 
 9.17622956e-05  2.50000000e+00  2.49999919e+00  2.49997978e+00  2.50247468e+00  2.49972989e+00 
 9.19622956e-05  2.50000000e+00  2.49999919e+00  2.49997977e+00  2.50247467e+00  2.49972987e+00 
 9.21622956e-05  2.50000000e+00  2.49999919e+00  2.49997975e+00  2.50247466e+00  2.49972986e+00 
 9.23622956e-05  2.50000000e+00  2.49999919e+00  2.49997974e+00  2.50247465e+00  2.49972984e+00 
 9.23872956e-05  2.50000000e+00  2.49999919e+00  2.49997974e+00  2.50247464e+00  2.49972984e+00 
 9.24372956e-05  2.50000000e+00  2.49999919e+00  2.49997973e+00  2.50247464e+00  2.49972983e+00 
 9.25372956e-05  2.50000000e+00  2.49999919e+00  2.49997972e+00  2.50247464e+00  2.49972983e+00 
 9.27372956e-05  2.50000000e+00  2.49999919e+00  2.49997971e+00  2.50247462e+00  2.49972981e+00 
 9.29372956e-05  2.50000000e+00  2.49999919e+00  2.49997969e+00  2.50247461e+00  2.49972980e+00 
 9.31372956e-05  2.50000000e+00  2.49999919e+00  2.49997968e+00  2.50247460e+00  2.49972978e+00 
 9.31622956e-05  2.50000000e+00  2.49999919e+00  2.49997968e+00  2.50247460e+00  2.49972978e+00 
 9.32122956e-05  2.50000000e+00  2.49999919e+00  2.49997967e+00  2.50247460e+00  2.49972978e+00 
 9.33122956e-05  2.50000000e+00  2.49999919e+00  2.49997967e+00  2.50247459e+00  2.49972977e+00 
 9.35122956e-05  2.50000000e+00  2.49999919e+00  2.49997965e+00  2.50247458e+00  2.49972975e+00 
 9.37122956e-05  2.50000000e+00  2.49999919e+00  2.49997964e+00  2.50247457e+00  2.49972974e+00 
 9.39122956e-05  2.50000000e+00  2.49999919e+00  2.49997962e+00  2.50247455e+00  2.49972972e+00 
 9.41122956e-05  2.50000000e+00  2.49999919e+00  2.49997961e+00  2.50247454e+00  2.49972971e+00 
 9.43122956e-05  2.50000000e+00  2.49999919e+00  2.49997960e+00  2.50247453e+00  2.49972970e+00 
 9.45122956e-05  2.50000000e+00  2.49999919e+00  2.49997958e+00  2.50247452e+00  2.49972968e+00 
 9.47122956e-05  2.50000000e+00  2.49999919e+00  2.49997957e+00  2.50247451e+00  2.49972967e+00 
 9.49122956e-05  2.50000000e+00  2.49999919e+00  2.49997955e+00  2.50247450e+00  2.49972965e+00 
 9.51122956e-05  2.50000000e+00  2.49999919e+00  2.49997954e+00  2.50247449e+00  2.49972964e+00 
 9.53122956e-05  2.50000000e+00  2.49999919e+00  2.49997953e+00  2.50247448e+00  2.49972962e+00 
 9.55122956e-05  2.50000000e+00  2.49999919e+00  2.49997951e+00  2.50247446e+00  2.49972961e+00 
 9.57122956e-05  2.50000000e+00  2.49999919e+00  2.49997950e+00  2.50247445e+00  2.49972960e+00 
 9.59122956e-05  2.50000000e+00  2.49999919e+00  2.49997949e+00  2.50247444e+00  2.49972958e+00 
 9.61122956e-05  2.50000000e+00  2.49999918e+00  2.49997947e+00  2.50247443e+00  2.49972957e+00 
 9.63122956e-05  2.50000000e+00  2.49999918e+00  2.49997946e+00  2.50247442e+00  2.49972956e+00 
 9.65122956e-05  2.50000000e+00  2.49999918e+00  2.49997945e+00  2.50247441e+00  2.49972954e+00 
 9.67122956e-05  2.50000000e+00  2.49999918e+00  2.49997943e+00  2.50247440e+00  2.49972953e+00 
 9.67372956e-05  2.50000000e+00  2.49999918e+00  2.49997943e+00  2.50247440e+00  2.49972953e+00 
 9.67872956e-05  2.50000000e+00  2.49999918e+00  2.49997943e+00  2.50247440e+00  2.49972952e+00 
 9.68872956e-05  2.50000000e+00  2.49999918e+00  2.49997942e+00  2.50247439e+00  2.49972952e+00 
 9.70872956e-05  2.50000000e+00  2.49999918e+00  2.49997941e+00  2.50247438e+00  2.49972950e+00 
 9.72872956e-05  2.50000000e+00  2.49999918e+00  2.49997940e+00  2.50247437e+00  2.49972949e+00 
 9.74872956e-05  2.50000000e+00  2.49999918e+00  2.49997938e+00  2.50247436e+00  2.49972948e+00 
 9.76872956e-05  2.50000000e+00  2.49999918e+00  2.49997937e+00  2.50247435e+00  2.49972946e+00 
 9.78872956e-05  2.50000000e+00  2.49999918e+00  2.49997936e+00  2.50247434e+00  2.49972945e+00 
 9.80872956e-05  2.50000000e+00  2.49999918e+00  2.49997935e+00  2.50247433e+00  2.49972944e+00 
 9.82872956e-05  2.50000000e+00  2.49999918e+00  2.49997933e+00  2.50247432e+00  2.49972942e+00 
 9.83122956e-05  2.50000000e+00  2.49999918e+00  2.49997933e+00  2.50247432e+00  2.49972942e+00 
 9.83622956e-05  2.50000000e+00  2.49999918e+00  2.49997933e+00  2.50247432e+00  2.49972942e+00 
 9.84622956e-05  2.50000000e+00  2.49999918e+00  2.49997932e+00  2.50247431e+00  2.49972941e+00 
 9.86622956e-05  2.50000000e+00  2.49999918e+00  2.49997931e+00  2.50247430e+00  2.49972940e+00 
 9.88622956e-05  2.50000000e+00  2.49999918e+00  2.49997930e+00  2.50247429e+00  2.49972939e+00 
 9.90622956e-05  2.50000000e+00  2.49999918e+00  2.49997929e+00  2.50247428e+00  2.49972938e+00 
 9.92622956e-05  2.50000000e+00  2.49999918e+00  2.49997927e+00  2.50247427e+00  2.49972936e+00 
 9.94622956e-05  2.50000000e+00  2.49999918e+00  2.49997926e+00  2.50247426e+00  2.49972935e+00 
 9.96622956e-05  2.50000000e+00  2.49999918e+00  2.49997925e+00  2.50247425e+00  2.49972934e+00 
 9.98622956e-05  2.50000000e+00  2.49999918e+00  2.49997924e+00  2.50247424e+00  2.49972933e+00 
 1.00062296e-04  2.50000000e+00  2.49999918e+00  2.49997923e+00  2.50247423e+00  2.49972931e+00 
 1.00087296e-04  2.50000000e+00  2.49999918e+00  2.49997923e+00  2.50247423e+00  2.49972931e+00 
 1.00137296e-04  2.50000000e+00  2.49999918e+00  2.49997922e+00  2.50247423e+00  2.49972931e+00 
 1.00237296e-04  2.50000000e+00  2.49999918e+00  2.49997922e+00  2.50247422e+00  2.49972930e+00 
 1.00437296e-04  2.50000000e+00  2.49999918e+00  2.49997921e+00  2.50247422e+00  2.49972929e+00 
 1.00462296e-04  2.50000000e+00  2.49999918e+00  2.49997920e+00  2.50247421e+00  2.49972929e+00 
 1.00512296e-04  2.50000000e+00  2.49999918e+00  2.49997920e+00  2.50247421e+00  2.49972929e+00 
 1.00612296e-04  2.50000000e+00  2.49999918e+00  2.49997920e+00  2.50247421e+00  2.49972928e+00 
 1.00812296e-04  2.50000000e+00  2.49999918e+00  2.49997918e+00  2.50247420e+00  2.49972927e+00 
 1.01012296e-04  2.50000000e+00  2.49999918e+00  2.49997917e+00  2.50247419e+00  2.49972926e+00 
 1.01212296e-04  2.50000000e+00  2.49999918e+00  2.49997916e+00  2.50247418e+00  2.49972925e+00 
 1.01412296e-04  2.50000000e+00  2.49999918e+00  2.49997915e+00  2.50247417e+00  2.49972923e+00 
 1.01437296e-04  2.50000000e+00  2.49999918e+00  2.49997915e+00  2.50247417e+00  2.49972923e+00 
 1.01487296e-04  2.50000000e+00  2.49999918e+00  2.49997915e+00  2.50247417e+00  2.49972923e+00 
 1.01587296e-04  2.50000000e+00  2.49999918e+00  2.49997914e+00  2.50247416e+00  2.49972922e+00 
 1.01787296e-04  2.50000000e+00  2.49999918e+00  2.49997913e+00  2.50247415e+00  2.49972921e+00 
 1.01987296e-04  2.50000000e+00  2.49999918e+00  2.49997912e+00  2.50247414e+00  2.49972920e+00 
 1.02187296e-04  2.50000000e+00  2.49999918e+00  2.49997911e+00  2.50247414e+00  2.49972919e+00 
 1.02387296e-04  2.50000000e+00  2.49999918e+00  2.49997910e+00  2.50247413e+00  2.49972918e+00 
 1.02587296e-04  2.50000000e+00  2.49999918e+00  2.49997908e+00  2.50247412e+00  2.49972917e+00 
 1.02787296e-04  2.50000000e+00  2.49999917e+00  2.49997907e+00  2.50247411e+00  2.49972916e+00 
 1.02987296e-04  2.50000000e+00  2.49999917e+00  2.49997906e+00  2.50247410e+00  2.49972915e+00 
 1.03187296e-04  2.50000000e+00  2.49999917e+00  2.49997905e+00  2.50247409e+00  2.49972913e+00 
 1.03387296e-04  2.50000000e+00  2.49999917e+00  2.49997904e+00  2.50247408e+00  2.49972912e+00 
 1.03587296e-04  2.50000000e+00  2.49999917e+00  2.49997903e+00  2.50247407e+00  2.49972911e+00 
 1.03787296e-04  2.50000000e+00  2.49999917e+00  2.49997902e+00  2.50247407e+00  2.49972910e+00 
 1.03987296e-04  2.50000000e+00  2.49999917e+00  2.49997901e+00  2.50247406e+00  2.49972909e+00 
 1.04187296e-04  2.50000000e+00  2.49999917e+00  2.49997900e+00  2.50247405e+00  2.49972908e+00 
 1.04387296e-04  2.50000000e+00  2.49999917e+00  2.49997899e+00  2.50247404e+00  2.49972907e+00 
 1.04587296e-04  2.50000000e+00  2.49999917e+00  2.49997898e+00  2.50247403e+00  2.49972906e+00 
 1.04787296e-04  2.50000000e+00  2.49999917e+00  2.49997897e+00  2.50247402e+00  2.49972905e+00 
 1.04987296e-04  2.50000000e+00  2.49999917e+00  2.49997896e+00  2.50247402e+00  2.49972904e+00 
 1.05187296e-04  2.50000000e+00  2.49999917e+00  2.49997895e+00  2.50247401e+00  2.49972903e+00 
 1.05387296e-04  2.50000000e+00  2.49999917e+00  2.49997894e+00  2.50247400e+00  2.49972902e+00 
 1.05587296e-04  2.50000000e+00  2.49999917e+00  2.49997893e+00  2.50247399e+00  2.49972901e+00 
 1.05787296e-04  2.50000000e+00  2.49999917e+00  2.49997892e+00  2.50247398e+00  2.49972900e+00 
 1.05987296e-04  2.50000000e+00  2.49999917e+00  2.49997891e+00  2.50247398e+00  2.49972899e+00 
 1.06187296e-04  2.50000000e+00  2.49999917e+00  2.49997890e+00  2.50247397e+00  2.49972898e+00 
 1.06387296e-04  2.50000000e+00  2.49999917e+00  2.49997889e+00  2.50247396e+00  2.49972897e+00 
 1.06587296e-04  2.50000000e+00  2.49999917e+00  2.49997888e+00  2.50247395e+00  2.49972896e+00 
 1.06612296e-04  2.50000000e+00  2.49999917e+00  2.49997888e+00  2.50247395e+00  2.49972896e+00 
 1.06618546e-04  2.50000000e+00  2.49999917e+00  2.49997888e+00  2.50247395e+00  2.49972896e+00 
 1.06631046e-04  2.50000000e+00  2.49999917e+00  2.49997888e+00  2.50247395e+00  2.49972896e+00 
 1.06656046e-04  2.50000000e+00  2.49999917e+00  2.49997888e+00  2.50247395e+00  2.49972895e+00 
 1.06706046e-04  2.50000000e+00  2.49999917e+00  2.49997888e+00  2.50247395e+00  2.49972895e+00 
 1.06806046e-04  2.50000000e+00  2.49999917e+00  2.49997887e+00  2.50247394e+00  2.49972895e+00 
 1.07006046e-04  2.50000000e+00  2.49999917e+00  2.49997886e+00  2.50247394e+00  2.49972894e+00 
 1.07206046e-04  2.50000000e+00  2.49999917e+00  2.49997885e+00  2.50247393e+00  2.49972893e+00 
 1.07406046e-04  2.50000000e+00  2.49999917e+00  2.49997884e+00  2.50247392e+00  2.49972892e+00 
 1.07431046e-04  2.50000000e+00  2.49999917e+00  2.49997884e+00  2.50247392e+00  2.49972892e+00 
 1.07481046e-04  2.50000000e+00  2.49999917e+00  2.49997884e+00  2.50247392e+00  2.49972891e+00 
 1.07581046e-04  2.50000000e+00  2.49999917e+00  2.49997883e+00  2.50247391e+00  2.49972891e+00 
 1.07781046e-04  2.50000000e+00  2.49999917e+00  2.49997882e+00  2.50247391e+00  2.49972890e+00 
 1.07981046e-04  2.50000000e+00  2.49999917e+00  2.49997882e+00  2.50247390e+00  2.49972889e+00 
 1.08006046e-04  2.50000000e+00  2.49999917e+00  2.49997881e+00  2.50247390e+00  2.49972889e+00 
 1.08056046e-04  2.50000000e+00  2.49999917e+00  2.49997881e+00  2.50247390e+00  2.49972889e+00 
 1.08156046e-04  2.50000000e+00  2.49999917e+00  2.49997881e+00  2.50247389e+00  2.49972888e+00 
 1.08356046e-04  2.50000000e+00  2.49999917e+00  2.49997880e+00  2.50247389e+00  2.49972887e+00 
 1.08556046e-04  2.50000000e+00  2.49999917e+00  2.49997879e+00  2.50247388e+00  2.49972886e+00 
 1.08756046e-04  2.50000000e+00  2.49999917e+00  2.49997878e+00  2.50247387e+00  2.49972885e+00 
 1.08956046e-04  2.50000000e+00  2.49999917e+00  2.49997877e+00  2.50247386e+00  2.49972884e+00 
 1.09156046e-04  2.50000000e+00  2.49999917e+00  2.49997876e+00  2.50247386e+00  2.49972884e+00 
 1.09356046e-04  2.50000000e+00  2.49999917e+00  2.49997875e+00  2.50247385e+00  2.49972883e+00 
 1.09556046e-04  2.50000000e+00  2.49999917e+00  2.49997875e+00  2.50247384e+00  2.49972882e+00 
 1.09756046e-04  2.50000000e+00  2.49999917e+00  2.49997874e+00  2.50247384e+00  2.49972881e+00 
 1.09956046e-04  2.50000000e+00  2.49999917e+00  2.49997873e+00  2.50247383e+00  2.49972880e+00 
 1.10156046e-04  2.50000000e+00  2.49999917e+00  2.49997872e+00  2.50247382e+00  2.49972879e+00 
 1.10356046e-04  2.50000000e+00  2.49999917e+00  2.49997871e+00  2.50247381e+00  2.49972878e+00 
 1.10556046e-04  2.50000000e+00  2.49999917e+00  2.49997870e+00  2.50247381e+00  2.49972877e+00 
 1.10756046e-04  2.50000000e+00  2.49999917e+00  2.49997869e+00  2.50247380e+00  2.49972876e+00 
 1.10956046e-04  2.50000000e+00  2.49999916e+00  2.49997869e+00  2.50247379e+00  2.49972876e+00 
 1.11156046e-04  2.50000000e+00  2.49999916e+00  2.49997868e+00  2.50247379e+00  2.49972875e+00 
 1.11356046e-04  2.50000000e+00  2.49999916e+00  2.49997867e+00  2.50247378e+00  2.49972874e+00 
 1.11556046e-04  2.50000000e+00  2.49999916e+00  2.49997866e+00  2.50247377e+00  2.49972873e+00 
 1.11756046e-04  2.50000000e+00  2.49999916e+00  2.49997865e+00  2.50247377e+00  2.49972872e+00 
 1.11956046e-04  2.50000000e+00  2.49999916e+00  2.49997864e+00  2.50247376e+00  2.49972871e+00 
 1.12156046e-04  2.50000000e+00  2.49999916e+00  2.49997864e+00  2.50247375e+00  2.49972870e+00 
 1.12356046e-04  2.50000000e+00  2.49999916e+00  2.49997863e+00  2.50247375e+00  2.49972870e+00 
 1.12556046e-04  2.50000000e+00  2.49999916e+00  2.49997862e+00  2.50247374e+00  2.49972869e+00 
 1.12756046e-04  2.50000000e+00  2.49999916e+00  2.49997861e+00  2.50247373e+00  2.49972868e+00 
 1.12956046e-04  2.50000000e+00  2.49999916e+00  2.49997860e+00  2.50247373e+00  2.49972867e+00 
 1.13156046e-04  2.50000000e+00  2.49999916e+00  2.49997860e+00  2.50247372e+00  2.49972866e+00 
 1.13356046e-04  2.50000000e+00  2.49999916e+00  2.49997859e+00  2.50247371e+00  2.49972866e+00 
 1.13556046e-04  2.50000000e+00  2.49999916e+00  2.49997858e+00  2.50247371e+00  2.49972865e+00 
 1.13756046e-04  2.50000000e+00  2.49999916e+00  2.49997857e+00  2.50247370e+00  2.49972864e+00 
 1.13956046e-04  2.50000000e+00  2.49999916e+00  2.49997857e+00  2.50247370e+00  2.49972863e+00 
 1.14156046e-04  2.50000000e+00  2.49999916e+00  2.49997856e+00  2.50247369e+00  2.49972862e+00 
 1.14356046e-04  2.50000000e+00  2.49999916e+00  2.49997855e+00  2.50247368e+00  2.49972862e+00 
 1.14556046e-04  2.50000000e+00  2.49999916e+00  2.49997854e+00  2.50247368e+00  2.49972861e+00 
 1.14756046e-04  2.50000000e+00  2.49999916e+00  2.49997854e+00  2.50247367e+00  2.49972860e+00 
 1.14759171e-04  2.50000000e+00  2.49999916e+00  2.49997854e+00  2.50247367e+00  2.49972860e+00 
 1.14765421e-04  2.50000000e+00  2.49999916e+00  2.49997853e+00  2.50247367e+00  2.49972860e+00 
 1.14777921e-04  2.50000000e+00  2.49999916e+00  2.49997853e+00  2.50247367e+00  2.49972860e+00 
 1.14802921e-04  2.50000000e+00  2.49999916e+00  2.49997853e+00  2.50247367e+00  2.49972860e+00 
 1.14852921e-04  2.50000000e+00  2.49999916e+00  2.49997853e+00  2.50247367e+00  2.49972860e+00 
 1.14952921e-04  2.50000000e+00  2.49999916e+00  2.49997853e+00  2.50247367e+00  2.49972859e+00 
 1.14977921e-04  2.50000000e+00  2.49999916e+00  2.49997853e+00  2.50247367e+00  2.49972859e+00 
 1.15027921e-04  2.50000000e+00  2.49999916e+00  2.49997853e+00  2.50247366e+00  2.49972859e+00 
 1.15040421e-04  2.50000000e+00  2.49999916e+00  2.49997852e+00  2.50247366e+00  2.49972859e+00 
 1.15065421e-04  2.50000000e+00  2.49999916e+00  2.49997852e+00  2.50247366e+00  2.49972859e+00 
 1.15071671e-04  2.50000000e+00  2.49999916e+00  2.49997852e+00  2.50247366e+00  2.49972859e+00 
 1.15084171e-04  2.50000000e+00  2.49999916e+00  2.49997852e+00  2.50247366e+00  2.49972859e+00 
 1.15109171e-04  2.50000000e+00  2.49999916e+00  2.49997852e+00  2.50247366e+00  2.49972859e+00 
 1.15115421e-04  2.50000000e+00  2.49999916e+00  2.49997852e+00  2.50247366e+00  2.49972859e+00 
 1.15127921e-04  2.50000000e+00  2.49999916e+00  2.49997852e+00  2.50247366e+00  2.49972859e+00 
 1.15152921e-04  2.50000000e+00  2.49999916e+00  2.49997852e+00  2.50247366e+00  2.49972859e+00 
 1.15202921e-04  2.50000000e+00  2.49999916e+00  2.49997852e+00  2.50247366e+00  2.49972858e+00 
 1.15302921e-04  2.50000000e+00  2.49999916e+00  2.49997852e+00  2.50247366e+00  2.49972858e+00 
 1.15502921e-04  2.50000000e+00  2.49999916e+00  2.49997851e+00  2.50247365e+00  2.49972857e+00 
 1.15702921e-04  2.50000000e+00  2.49999916e+00  2.49997850e+00  2.50247364e+00  2.49972856e+00 
 1.15902921e-04  2.50000000e+00  2.49999916e+00  2.49997849e+00  2.50247364e+00  2.49972856e+00 
 1.16102921e-04  2.50000000e+00  2.49999916e+00  2.49997849e+00  2.50247363e+00  2.49972855e+00 
 1.16302921e-04  2.50000000e+00  2.49999916e+00  2.49997848e+00  2.50247363e+00  2.49972854e+00 
 1.16502921e-04  2.50000000e+00  2.49999916e+00  2.49997847e+00  2.50247362e+00  2.49972854e+00 
 1.16702921e-04  2.50000000e+00  2.49999916e+00  2.49997847e+00  2.50247362e+00  2.49972853e+00 
 1.16902921e-04  2.50000000e+00  2.49999916e+00  2.49997846e+00  2.50247361e+00  2.49972852e+00 
 1.17102921e-04  2.50000000e+00  2.49999916e+00  2.49997845e+00  2.50247360e+00  2.49972851e+00 
 1.17302921e-04  2.50000000e+00  2.49999916e+00  2.49997844e+00  2.50247360e+00  2.49972851e+00 
 1.17502921e-04  2.50000000e+00  2.49999916e+00  2.49997844e+00  2.50247359e+00  2.49972850e+00 
 1.17527921e-04  2.50000000e+00  2.49999916e+00  2.49997844e+00  2.50247359e+00  2.49972850e+00 
 1.17577921e-04  2.50000000e+00  2.49999916e+00  2.49997843e+00  2.50247359e+00  2.49972850e+00 
 1.17677921e-04  2.50000000e+00  2.49999916e+00  2.49997843e+00  2.50247359e+00  2.49972849e+00 
 1.17702921e-04  2.50000000e+00  2.49999916e+00  2.49997843e+00  2.50247359e+00  2.49972849e+00 
 1.17752921e-04  2.50000000e+00  2.49999916e+00  2.49997843e+00  2.50247359e+00  2.49972849e+00 
 1.17852921e-04  2.50000000e+00  2.49999916e+00  2.49997843e+00  2.50247358e+00  2.49972849e+00 
 1.18052921e-04  2.50000000e+00  2.49999916e+00  2.49997842e+00  2.50247358e+00  2.49972848e+00 
 1.18252921e-04  2.50000000e+00  2.49999916e+00  2.49997841e+00  2.50247357e+00  2.49972847e+00 
 1.18452921e-04  2.50000000e+00  2.49999916e+00  2.49997841e+00  2.50247357e+00  2.49972847e+00 
 1.18652921e-04  2.50000000e+00  2.49999916e+00  2.49997840e+00  2.50247356e+00  2.49972846e+00 
 1.18852921e-04  2.50000000e+00  2.49999916e+00  2.49997839e+00  2.50247356e+00  2.49972845e+00 
 1.19052921e-04  2.50000000e+00  2.49999916e+00  2.49997839e+00  2.50247355e+00  2.49972845e+00 
 1.19077921e-04  2.50000000e+00  2.49999916e+00  2.49997838e+00  2.50247355e+00  2.49972845e+00 
 1.19127921e-04  2.50000000e+00  2.49999916e+00  2.49997838e+00  2.50247355e+00  2.49972844e+00 
 1.19227921e-04  2.50000000e+00  2.49999916e+00  2.49997838e+00  2.50247355e+00  2.49972844e+00 
 1.19427921e-04  2.50000000e+00  2.49999916e+00  2.49997837e+00  2.50247354e+00  2.49972843e+00 
 1.19627921e-04  2.50000000e+00  2.49999916e+00  2.49997837e+00  2.50247354e+00  2.49972843e+00 
 1.19827921e-04  2.50000000e+00  2.49999916e+00  2.49997836e+00  2.50247353e+00  2.49972842e+00 
 1.20027921e-04  2.50000000e+00  2.49999916e+00  2.49997835e+00  2.50247353e+00  2.49972841e+00 
 1.20227921e-04  2.50000000e+00  2.49999916e+00  2.49997835e+00  2.50247352e+00  2.49972841e+00 
 1.20427921e-04  2.50000000e+00  2.49999916e+00  2.49997834e+00  2.50247352e+00  2.49972840e+00 
 1.20627921e-04  2.50000000e+00  2.49999916e+00  2.49997834e+00  2.50247351e+00  2.49972839e+00 
 1.20827921e-04  2.50000000e+00  2.49999916e+00  2.49997833e+00  2.50247351e+00  2.49972839e+00 
 1.21027921e-04  2.50000000e+00  2.49999916e+00  2.49997832e+00  2.50247350e+00  2.49972838e+00 
 1.21227921e-04  2.50000000e+00  2.49999916e+00  2.49997832e+00  2.50247350e+00  2.49972838e+00 
 1.21427921e-04  2.50000000e+00  2.49999916e+00  2.49997831e+00  2.50247349e+00  2.49972837e+00 
 1.21627921e-04  2.50000000e+00  2.49999916e+00  2.49997831e+00  2.50247349e+00  2.49972836e+00 
 1.21827921e-04  2.50000000e+00  2.49999916e+00  2.49997830e+00  2.50247348e+00  2.49972836e+00 
 1.22027921e-04  2.50000000e+00  2.49999915e+00  2.49997829e+00  2.50247348e+00  2.49972835e+00 
 1.22227921e-04  2.50000000e+00  2.49999915e+00  2.49997829e+00  2.50247347e+00  2.49972834e+00 
 1.22427921e-04  2.50000000e+00  2.49999915e+00  2.49997828e+00  2.50247347e+00  2.49972834e+00 
 1.22627921e-04  2.50000000e+00  2.49999915e+00  2.49997828e+00  2.50247346e+00  2.49972833e+00 
 1.22827921e-04  2.50000000e+00  2.49999915e+00  2.49997827e+00  2.50247346e+00  2.49972833e+00 
 1.23027921e-04  2.50000000e+00  2.49999915e+00  2.49997826e+00  2.50247345e+00  2.49972832e+00 
 1.23227921e-04  2.50000000e+00  2.49999915e+00  2.49997826e+00  2.50247345e+00  2.49972831e+00 
 1.23427921e-04  2.50000000e+00  2.49999915e+00  2.49997825e+00  2.50247344e+00  2.49972831e+00 
 1.23627921e-04  2.50000000e+00  2.49999915e+00  2.49997825e+00  2.50247344e+00  2.49972830e+00 
 1.23827921e-04  2.50000000e+00  2.49999915e+00  2.49997824e+00  2.50247343e+00  2.49972830e+00 
 1.24027921e-04  2.50000000e+00  2.49999915e+00  2.49997824e+00  2.50247343e+00  2.49972829e+00 
 1.24227921e-04  2.50000000e+00  2.49999915e+00  2.49997823e+00  2.50247342e+00  2.49972829e+00 
 1.24427921e-04  2.50000000e+00  2.49999915e+00  2.49997822e+00  2.50247342e+00  2.49972828e+00 
 1.24627921e-04  2.50000000e+00  2.49999915e+00  2.49997822e+00  2.50247342e+00  2.49972827e+00 
 1.24827921e-04  2.50000000e+00  2.49999915e+00  2.49997821e+00  2.50247341e+00  2.49972827e+00 
 1.25027921e-04  2.50000000e+00  2.49999915e+00  2.49997821e+00  2.50247341e+00  2.49972826e+00 
 1.25227921e-04  2.50000000e+00  2.49999915e+00  2.49997820e+00  2.50247340e+00  2.49972826e+00 
 1.25427921e-04  2.50000000e+00  2.49999915e+00  2.49997820e+00  2.50247340e+00  2.49972825e+00 
 1.25627921e-04  2.50000000e+00  2.49999915e+00  2.49997819e+00  2.50247339e+00  2.49972825e+00 
 1.25827921e-04  2.50000000e+00  2.49999915e+00  2.49997819e+00  2.50247339e+00  2.49972824e+00 
 1.26027921e-04  2.50000000e+00  2.49999915e+00  2.49997818e+00  2.50247338e+00  2.49972824e+00 
 1.26227921e-04  2.50000000e+00  2.49999915e+00  2.49997818e+00  2.50247338e+00  2.49972823e+00 
 1.26427921e-04  2.50000000e+00  2.49999915e+00  2.49997817e+00  2.50247338e+00  2.49972822e+00 
 1.26452921e-04  2.50000000e+00  2.49999915e+00  2.49997817e+00  2.50247338e+00  2.49972822e+00 
 1.26502921e-04  2.50000000e+00  2.49999915e+00  2.49997817e+00  2.50247337e+00  2.49972822e+00 
 1.26602921e-04  2.50000000e+00  2.49999915e+00  2.49997817e+00  2.50247337e+00  2.49972822e+00 
 1.26802921e-04  2.50000000e+00  2.49999915e+00  2.49997816e+00  2.50247337e+00  2.49972821e+00 
 1.27002921e-04  2.50000000e+00  2.49999915e+00  2.49997816e+00  2.50247336e+00  2.49972821e+00 
 1.27202921e-04  2.50000000e+00  2.49999915e+00  2.49997815e+00  2.50247336e+00  2.49972820e+00 
 1.27402921e-04  2.50000000e+00  2.49999915e+00  2.49997815e+00  2.50247336e+00  2.49972820e+00 
 1.27602921e-04  2.50000000e+00  2.49999915e+00  2.49997814e+00  2.50247335e+00  2.49972819e+00 
 1.27802921e-04  2.50000000e+00  2.49999915e+00  2.49997814e+00  2.50247335e+00  2.49972819e+00 
 1.28002921e-04  2.50000000e+00  2.49999915e+00  2.49997813e+00  2.50247334e+00  2.49972818e+00 
 1.28202921e-04  2.50000000e+00  2.49999915e+00  2.49997813e+00  2.50247334e+00  2.49972818e+00 
 1.28402921e-04  2.50000000e+00  2.49999915e+00  2.49997812e+00  2.50247334e+00  2.49972817e+00 
 1.28602921e-04  2.50000000e+00  2.49999915e+00  2.49997812e+00  2.50247333e+00  2.49972817e+00 
 1.28802921e-04  2.50000000e+00  2.49999915e+00  2.49997811e+00  2.50247333e+00  2.49972816e+00 
 1.28827921e-04  2.50000000e+00  2.49999915e+00  2.49997811e+00  2.50247333e+00  2.49972816e+00 
 1.28877921e-04  2.50000000e+00  2.49999915e+00  2.49997811e+00  2.50247333e+00  2.49972816e+00 
 1.28977921e-04  2.50000000e+00  2.49999915e+00  2.49997811e+00  2.50247332e+00  2.49972816e+00 
 1.29177921e-04  2.50000000e+00  2.49999915e+00  2.49997810e+00  2.50247332e+00  2.49972815e+00 
 1.29377921e-04  2.50000000e+00  2.49999915e+00  2.49997810e+00  2.50247332e+00  2.49972815e+00 
 1.29577921e-04  2.50000000e+00  2.49999915e+00  2.49997809e+00  2.50247331e+00  2.49972814e+00 
 1.29777921e-04  2.50000000e+00  2.49999915e+00  2.49997809e+00  2.50247331e+00  2.49972814e+00 
 1.29977921e-04  2.50000000e+00  2.49999915e+00  2.49997808e+00  2.50247331e+00  2.49972813e+00 
 1.30002921e-04  2.50000000e+00  2.49999915e+00  2.49997808e+00  2.50247331e+00  2.49972813e+00 
 1.30052921e-04  2.50000000e+00  2.49999915e+00  2.49997808e+00  2.50247330e+00  2.49972813e+00 
 1.30152921e-04  2.50000000e+00  2.49999915e+00  2.49997808e+00  2.50247330e+00  2.49972813e+00 
 1.30352921e-04  2.50000000e+00  2.49999915e+00  2.49997808e+00  2.50247330e+00  2.49972813e+00 
 1.30552921e-04  2.50000000e+00  2.49999915e+00  2.49997807e+00  2.50247330e+00  2.49972812e+00 
 1.30752921e-04  2.50000000e+00  2.49999915e+00  2.49997807e+00  2.50247329e+00  2.49972812e+00 
 1.30952921e-04  2.50000000e+00  2.49999915e+00  2.49997806e+00  2.50247329e+00  2.49972811e+00 
 1.31152921e-04  2.50000000e+00  2.49999915e+00  2.49997806e+00  2.50247328e+00  2.49972811e+00 
 1.31352921e-04  2.50000000e+00  2.49999915e+00  2.49997805e+00  2.50247328e+00  2.49972810e+00 
 1.31552921e-04  2.50000000e+00  2.49999915e+00  2.49997805e+00  2.50247328e+00  2.49972810e+00 
 1.31752921e-04  2.50000000e+00  2.49999915e+00  2.49997804e+00  2.50247327e+00  2.49972809e+00 
 1.31777921e-04  2.50000000e+00  2.49999915e+00  2.49997804e+00  2.50247327e+00  2.49972809e+00 
 1.31827921e-04  2.50000000e+00  2.49999915e+00  2.49997804e+00  2.50247327e+00  2.49972809e+00 
 1.31927921e-04  2.50000000e+00  2.49999915e+00  2.49997804e+00  2.50247327e+00  2.49972809e+00 
 1.31952921e-04  2.50000000e+00  2.49999915e+00  2.49997804e+00  2.50247327e+00  2.49972809e+00 
 1.31959171e-04  2.50000000e+00  2.49999915e+00  2.49997804e+00  2.50247327e+00  2.49972809e+00 
 1.31960733e-04  2.50000000e+00  2.49999915e+00  2.49997804e+00  2.50247327e+00  2.49972809e+00 
 1.31963858e-04  2.50000000e+00  2.49999915e+00  2.49997804e+00  2.50247327e+00  2.49972809e+00 
 1.31970108e-04  2.50000000e+00  2.49999915e+00  2.49997804e+00  2.50247327e+00  2.49972809e+00 
 1.31982608e-04  2.50000000e+00  2.49999915e+00  2.49997804e+00  2.50247327e+00  2.49972809e+00 
 1.32007608e-04  2.50000000e+00  2.49999915e+00  2.49997804e+00  2.50247327e+00  2.49972809e+00 
 1.32057608e-04  2.50000000e+00  2.49999915e+00  2.49997804e+00  2.50247327e+00  2.49972809e+00 
 1.32157608e-04  2.50000000e+00  2.49999915e+00  2.49997803e+00  2.50247327e+00  2.49972808e+00 
 1.32357608e-04  2.50000000e+00  2.49999915e+00  2.49997803e+00  2.50247326e+00  2.49972808e+00 
 1.32557608e-04  2.50000000e+00  2.49999915e+00  2.49997803e+00  2.50247326e+00  2.49972808e+00 
 1.32582608e-04  2.50000000e+00  2.49999915e+00  2.49997803e+00  2.50247326e+00  2.49972807e+00 
 1.32632608e-04  2.50000000e+00  2.49999915e+00  2.49997802e+00  2.50247326e+00  2.49972807e+00 
 1.32732608e-04  2.50000000e+00  2.49999915e+00  2.49997802e+00  2.50247326e+00  2.49972807e+00 
 1.32932608e-04  2.50000000e+00  2.49999915e+00  2.49997802e+00  2.50247325e+00  2.49972807e+00 
 1.33132608e-04  2.50000000e+00  2.49999915e+00  2.49997801e+00  2.50247325e+00  2.49972806e+00 
 1.33332608e-04  2.50000000e+00  2.49999915e+00  2.49997801e+00  2.50247325e+00  2.49972806e+00 
 1.33532608e-04  2.50000000e+00  2.49999915e+00  2.49997801e+00  2.50247324e+00  2.49972805e+00 
 1.33732608e-04  2.50000000e+00  2.49999915e+00  2.49997800e+00  2.50247324e+00  2.49972805e+00 
 1.33932608e-04  2.50000000e+00  2.49999915e+00  2.49997800e+00  2.50247324e+00  2.49972805e+00 
 1.34132608e-04  2.50000000e+00  2.49999915e+00  2.49997799e+00  2.50247323e+00  2.49972804e+00 
 1.34332608e-04  2.50000000e+00  2.49999915e+00  2.49997799e+00  2.50247323e+00  2.49972804e+00 
 1.34532608e-04  2.50000000e+00  2.49999915e+00  2.49997799e+00  2.50247323e+00  2.49972803e+00 
 1.34732608e-04  2.50000000e+00  2.49999915e+00  2.49997798e+00  2.50247322e+00  2.49972803e+00 
 1.34932608e-04  2.50000000e+00  2.49999915e+00  2.49997798e+00  2.50247322e+00  2.49972802e+00 
 1.35132608e-04  2.50000000e+00  2.49999915e+00  2.49997797e+00  2.50247322e+00  2.49972802e+00 
 1.35332608e-04  2.50000000e+00  2.49999915e+00  2.49997797e+00  2.50247321e+00  2.49972802e+00 
 1.35532608e-04  2.50000000e+00  2.49999915e+00  2.49997797e+00  2.50247321e+00  2.49972801e+00 
 1.35732608e-04  2.50000000e+00  2.49999915e+00  2.49997796e+00  2.50247321e+00  2.49972801e+00 
 1.35932608e-04  2.50000000e+00  2.49999915e+00  2.49997796e+00  2.50247320e+00  2.49972800e+00 
 1.36132608e-04  2.50000000e+00  2.49999915e+00  2.49997795e+00  2.50247320e+00  2.49972800e+00 
 1.36332608e-04  2.50000000e+00  2.49999915e+00  2.49997795e+00  2.50247320e+00  2.49972800e+00 
 1.36532608e-04  2.50000000e+00  2.49999915e+00  2.49997795e+00  2.50247319e+00  2.49972799e+00 
 1.36732608e-04  2.50000000e+00  2.49999915e+00  2.49997794e+00  2.50247319e+00  2.49972799e+00 
 1.36932608e-04  2.50000000e+00  2.49999915e+00  2.49997794e+00  2.50247319e+00  2.49972798e+00 
 1.37132608e-04  2.50000000e+00  2.49999915e+00  2.49997793e+00  2.50247318e+00  2.49972798e+00 
 1.37332608e-04  2.50000000e+00  2.49999915e+00  2.49997793e+00  2.50247318e+00  2.49972798e+00 
 1.37532608e-04  2.50000000e+00  2.49999915e+00  2.49997793e+00  2.50247318e+00  2.49972797e+00 
 1.37732608e-04  2.50000000e+00  2.49999915e+00  2.49997792e+00  2.50247318e+00  2.49972797e+00 
 1.37932608e-04  2.50000000e+00  2.49999915e+00  2.49997792e+00  2.50247317e+00  2.49972797e+00 
 1.38132608e-04  2.50000000e+00  2.49999915e+00  2.49997792e+00  2.50247317e+00  2.49972796e+00 
 1.38332608e-04  2.50000000e+00  2.49999915e+00  2.49997791e+00  2.50247317e+00  2.49972796e+00 
 1.38532608e-04  2.50000000e+00  2.49999915e+00  2.49997791e+00  2.50247316e+00  2.49972795e+00 
 1.38732608e-04  2.50000000e+00  2.49999915e+00  2.49997791e+00  2.50247316e+00  2.49972795e+00 
 1.38932608e-04  2.50000000e+00  2.49999915e+00  2.49997790e+00  2.50247316e+00  2.49972795e+00 
 1.39132608e-04  2.50000000e+00  2.49999914e+00  2.49997790e+00  2.50247316e+00  2.49972794e+00 
 1.39332608e-04  2.50000000e+00  2.49999914e+00  2.49997790e+00  2.50247315e+00  2.49972794e+00 
 1.39532608e-04  2.50000000e+00  2.49999914e+00  2.49997789e+00  2.50247315e+00  2.49972794e+00 
 1.39732608e-04  2.50000000e+00  2.49999914e+00  2.49997789e+00  2.50247315e+00  2.49972793e+00 
 1.39932608e-04  2.50000000e+00  2.49999914e+00  2.49997788e+00  2.50247314e+00  2.49972793e+00 
 1.40132608e-04  2.50000000e+00  2.49999914e+00  2.49997788e+00  2.50247314e+00  2.49972793e+00 
 1.40332608e-04  2.50000000e+00  2.49999914e+00  2.49997788e+00  2.50247314e+00  2.49972792e+00 
 1.40532608e-04  2.50000000e+00  2.49999914e+00  2.49997787e+00  2.50247314e+00  2.49972792e+00 
 1.40557608e-04  2.50000000e+00  2.49999914e+00  2.49997787e+00  2.50247314e+00  2.49972792e+00 
 1.40607608e-04  2.50000000e+00  2.49999914e+00  2.49997787e+00  2.50247313e+00  2.49972792e+00 
 1.40707608e-04  2.50000000e+00  2.49999914e+00  2.49997787e+00  2.50247313e+00  2.49972792e+00 
 1.40710733e-04  2.50000000e+00  2.49999914e+00  2.49997787e+00  2.50247313e+00  2.49972792e+00 
 1.40716983e-04  2.50000000e+00  2.49999914e+00  2.49997787e+00  2.50247313e+00  2.49972792e+00 
 1.40729483e-04  2.50000000e+00  2.49999914e+00  2.49997787e+00  2.50247313e+00  2.49972792e+00 
 1.40754483e-04  2.50000000e+00  2.49999914e+00  2.49997787e+00  2.50247313e+00  2.49972792e+00 
 1.40804483e-04  2.50000000e+00  2.49999914e+00  2.49997787e+00  2.50247313e+00  2.49972791e+00 
 1.40904483e-04  2.50000000e+00  2.49999914e+00  2.49997787e+00  2.50247313e+00  2.49972791e+00 
 1.41104483e-04  2.50000000e+00  2.49999914e+00  2.49997787e+00  2.50247313e+00  2.49972791e+00 
 1.41129483e-04  2.50000000e+00  2.49999914e+00  2.49997786e+00  2.50247313e+00  2.49972791e+00 
 1.41179483e-04  2.50000000e+00  2.49999914e+00  2.49997786e+00  2.50247313e+00  2.49972791e+00 
 1.41279483e-04  2.50000000e+00  2.49999914e+00  2.49997786e+00  2.50247313e+00  2.49972791e+00 
 1.41479483e-04  2.50000000e+00  2.49999914e+00  2.49997786e+00  2.50247312e+00  2.49972790e+00 
 1.41679483e-04  2.50000000e+00  2.49999914e+00  2.49997786e+00  2.50247312e+00  2.49972790e+00 
 1.41879483e-04  2.50000000e+00  2.49999914e+00  2.49997785e+00  2.50247312e+00  2.49972790e+00 
 1.42079483e-04  2.50000000e+00  2.49999914e+00  2.49997785e+00  2.50247312e+00  2.49972789e+00 
 1.42279483e-04  2.50000000e+00  2.49999914e+00  2.49997785e+00  2.50247311e+00  2.49972789e+00 
 1.42479483e-04  2.50000000e+00  2.49999914e+00  2.49997784e+00  2.50247311e+00  2.49972789e+00 
 1.42679483e-04  2.50000000e+00  2.49999914e+00  2.49997784e+00  2.50247311e+00  2.49972788e+00 
 1.42704483e-04  2.50000000e+00  2.49999914e+00  2.49997784e+00  2.50247311e+00  2.49972788e+00 
 1.42754483e-04  2.50000000e+00  2.49999914e+00  2.49997784e+00  2.50247311e+00  2.49972788e+00 
 1.42854483e-04  2.50000000e+00  2.49999914e+00  2.49997784e+00  2.50247311e+00  2.49972788e+00 
 1.43054483e-04  2.50000000e+00  2.49999914e+00  2.49997783e+00  2.50247310e+00  2.49972788e+00 
 1.43254483e-04  2.50000000e+00  2.49999914e+00  2.49997783e+00  2.50247310e+00  2.49972787e+00 
 1.43454483e-04  2.50000000e+00  2.49999914e+00  2.49997783e+00  2.50247310e+00  2.49972787e+00 
 1.43654483e-04  2.50000000e+00  2.49999914e+00  2.49997782e+00  2.50247310e+00  2.49972787e+00 
 1.43854483e-04  2.50000000e+00  2.49999914e+00  2.49997782e+00  2.50247309e+00  2.49972786e+00 
 1.44054483e-04  2.50000000e+00  2.49999914e+00  2.49997782e+00  2.50247309e+00  2.49972786e+00 
 1.44254483e-04  2.50000000e+00  2.49999914e+00  2.49997782e+00  2.50247309e+00  2.49972786e+00 
 1.44454483e-04  2.50000000e+00  2.49999914e+00  2.49997781e+00  2.50247309e+00  2.49972786e+00 
 1.44654483e-04  2.50000000e+00  2.49999914e+00  2.49997781e+00  2.50247308e+00  2.49972785e+00 
 1.44854483e-04  2.50000000e+00  2.49999914e+00  2.49997781e+00  2.50247308e+00  2.49972785e+00 
 1.44879483e-04  2.50000000e+00  2.49999914e+00  2.49997781e+00  2.50247308e+00  2.49972785e+00 
 1.44929483e-04  2.50000000e+00  2.49999914e+00  2.49997781e+00  2.50247308e+00  2.49972785e+00 
 1.45029483e-04  2.50000000e+00  2.49999914e+00  2.49997780e+00  2.50247308e+00  2.49972785e+00 
 1.45229483e-04  2.50000000e+00  2.49999914e+00  2.49997780e+00  2.50247308e+00  2.49972784e+00 
 1.45429483e-04  2.50000000e+00  2.49999914e+00  2.49997780e+00  2.50247307e+00  2.49972784e+00 
 1.45629483e-04  2.50000000e+00  2.49999914e+00  2.49997780e+00  2.50247307e+00  2.49972784e+00 
 1.45829483e-04  2.50000000e+00  2.49999914e+00  2.49997779e+00  2.50247307e+00  2.49972783e+00 
 1.46029483e-04  2.50000000e+00  2.49999914e+00  2.49997779e+00  2.50247307e+00  2.49972783e+00 
 1.46229483e-04  2.50000000e+00  2.49999914e+00  2.49997779e+00  2.50247307e+00  2.49972783e+00 
 1.46429483e-04  2.50000000e+00  2.49999914e+00  2.49997778e+00  2.50247306e+00  2.49972783e+00 
 1.46629483e-04  2.50000000e+00  2.49999914e+00  2.49997778e+00  2.50247306e+00  2.49972782e+00 
 1.46829483e-04  2.50000000e+00  2.49999914e+00  2.49997778e+00  2.50247306e+00  2.49972782e+00 
 1.47029483e-04  2.50000000e+00  2.49999914e+00  2.49997778e+00  2.50247306e+00  2.49972782e+00 
 1.47229483e-04  2.50000000e+00  2.49999914e+00  2.49997777e+00  2.50247305e+00  2.49972781e+00 
 1.47429483e-04  2.50000000e+00  2.49999914e+00  2.49997777e+00  2.50247305e+00  2.49972781e+00 
 1.47629483e-04  2.50000000e+00  2.49999914e+00  2.49997777e+00  2.50247305e+00  2.49972781e+00 
 1.47829483e-04  2.50000000e+00  2.49999914e+00  2.49997777e+00  2.50247305e+00  2.49972781e+00 
 1.48029483e-04  2.50000000e+00  2.49999914e+00  2.49997776e+00  2.50247305e+00  2.49972780e+00 
 1.48229483e-04  2.50000000e+00  2.49999914e+00  2.49997776e+00  2.50247304e+00  2.49972780e+00 
 1.48429483e-04  2.50000000e+00  2.49999914e+00  2.49997776e+00  2.50247304e+00  2.49972780e+00 
 1.48629483e-04  2.50000000e+00  2.49999914e+00  2.49997775e+00  2.50247304e+00  2.49972780e+00 
 1.48654483e-04  2.50000000e+00  2.49999914e+00  2.49997775e+00  2.50247304e+00  2.49972779e+00 
 1.48704483e-04  2.50000000e+00  2.49999914e+00  2.49997775e+00  2.50247304e+00  2.49972779e+00 
 1.48804483e-04  2.50000000e+00  2.49999914e+00  2.49997775e+00  2.50247304e+00  2.49972779e+00 
 1.49004483e-04  2.50000000e+00  2.49999914e+00  2.49997775e+00  2.50247303e+00  2.49972779e+00 
 1.49204483e-04  2.50000000e+00  2.49999914e+00  2.49997775e+00  2.50247303e+00  2.49972779e+00 
 1.49404483e-04  2.50000000e+00  2.49999914e+00  2.49997774e+00  2.50247303e+00  2.49972778e+00 
 1.49604483e-04  2.50000000e+00  2.49999914e+00  2.49997774e+00  2.50247303e+00  2.49972778e+00 
 1.49804483e-04  2.50000000e+00  2.49999914e+00  2.49997774e+00  2.50247303e+00  2.49972778e+00 
 1.50004483e-04  2.50000000e+00  2.49999914e+00  2.49997774e+00  2.50247302e+00  2.49972778e+00 
 1.50204483e-04  2.50000000e+00  2.49999914e+00  2.49997773e+00  2.50247302e+00  2.49972777e+00 
 1.50404483e-04  2.50000000e+00  2.49999914e+00  2.49997773e+00  2.50247302e+00  2.49972777e+00 
 1.50604483e-04  2.50000000e+00  2.49999914e+00  2.49997773e+00  2.50247302e+00  2.49972777e+00 
 1.50804483e-04  2.50000000e+00  2.49999914e+00  2.49997773e+00  2.50247302e+00  2.49972777e+00 
 1.51004483e-04  2.50000000e+00  2.49999914e+00  2.49997772e+00  2.50247301e+00  2.49972776e+00 
 1.51204483e-04  2.50000000e+00  2.49999914e+00  2.49997772e+00  2.50247301e+00  2.49972776e+00 
 1.51404483e-04  2.50000000e+00  2.49999914e+00  2.49997772e+00  2.50247301e+00  2.49972776e+00 
 1.51604483e-04  2.50000000e+00  2.49999914e+00  2.49997772e+00  2.50247301e+00  2.49972776e+00 
 1.51804483e-04  2.50000000e+00  2.49999914e+00  2.49997772e+00  2.50247301e+00  2.49972775e+00 
 1.52004483e-04  2.50000000e+00  2.49999914e+00  2.49997771e+00  2.50247300e+00  2.49972775e+00 
 1.52204483e-04  2.50000000e+00  2.49999914e+00  2.49997771e+00  2.50247300e+00  2.49972775e+00 
 1.52404483e-04  2.50000000e+00  2.49999914e+00  2.49997771e+00  2.50247300e+00  2.49972775e+00 
 1.52604483e-04  2.50000000e+00  2.49999914e+00  2.49997771e+00  2.50247300e+00  2.49972774e+00 
 1.52804483e-04  2.50000000e+00  2.49999914e+00  2.49997770e+00  2.50247300e+00  2.49972774e+00 
 1.53004483e-04  2.50000000e+00  2.49999914e+00  2.49997770e+00  2.50247300e+00  2.49972774e+00 
 1.53204483e-04  2.50000000e+00  2.49999914e+00  2.49997770e+00  2.50247299e+00  2.49972774e+00 
 1.53404483e-04  2.50000000e+00  2.49999914e+00  2.49997770e+00  2.50247299e+00  2.49972774e+00 
 1.53604483e-04  2.50000000e+00  2.49999914e+00  2.49997769e+00  2.50247299e+00  2.49972773e+00 
 1.53804483e-04  2.50000000e+00  2.49999914e+00  2.49997769e+00  2.50247299e+00  2.49972773e+00 
 1.54004483e-04  2.50000000e+00  2.49999914e+00  2.49997769e+00  2.50247299e+00  2.49972773e+00 
 1.54204483e-04  2.50000000e+00  2.49999914e+00  2.49997769e+00  2.50247298e+00  2.49972773e+00 
 1.54404483e-04  2.50000000e+00  2.49999914e+00  2.49997769e+00  2.50247298e+00  2.49972772e+00 
 1.54604483e-04  2.50000000e+00  2.49999914e+00  2.49997768e+00  2.50247298e+00  2.49972772e+00 
 1.54804483e-04  2.50000000e+00  2.49999914e+00  2.49997768e+00  2.50247298e+00  2.49972772e+00 
 1.55004483e-04  2.50000000e+00  2.49999914e+00  2.49997768e+00  2.50247298e+00  2.49972772e+00 
 1.55204483e-04  2.50000000e+00  2.49999914e+00  2.49997768e+00  2.50247298e+00  2.49972771e+00 
 1.55404483e-04  2.50000000e+00  2.49999914e+00  2.49997767e+00  2.50247297e+00  2.49972771e+00 
 1.55604483e-04  2.50000000e+00  2.49999914e+00  2.49997767e+00  2.50247297e+00  2.49972771e+00 
 1.55804483e-04  2.50000000e+00  2.49999914e+00  2.49997767e+00  2.50247297e+00  2.49972771e+00 
 1.56004483e-04  2.50000000e+00  2.49999914e+00  2.49997767e+00  2.50247297e+00  2.49972771e+00 
 1.56204483e-04  2.50000000e+00  2.49999914e+00  2.49997767e+00  2.50247297e+00  2.49972770e+00 
 1.56404483e-04  2.50000000e+00  2.49999914e+00  2.49997766e+00  2.50247296e+00  2.49972770e+00 
 1.56604483e-04  2.50000000e+00  2.49999914e+00  2.49997766e+00  2.50247296e+00  2.49972770e+00 
 1.56804483e-04  2.50000000e+00  2.49999914e+00  2.49997766e+00  2.50247296e+00  2.49972770e+00 
 1.57004483e-04  2.50000000e+00  2.49999914e+00  2.49997766e+00  2.50247296e+00  2.49972770e+00 
 1.57204483e-04  2.50000000e+00  2.49999914e+00  2.49997766e+00  2.50247296e+00  2.49972769e+00 
 1.57404483e-04  2.50000000e+00  2.49999914e+00  2.49997765e+00  2.50247296e+00  2.49972769e+00 
 1.57604483e-04  2.50000000e+00  2.49999914e+00  2.49997765e+00  2.50247296e+00  2.49972769e+00 
 1.57804483e-04  2.50000000e+00  2.49999914e+00  2.49997765e+00  2.50247295e+00  2.49972769e+00 
 1.58004483e-04  2.50000000e+00  2.49999914e+00  2.49997765e+00  2.50247295e+00  2.49972769e+00 
 1.58029483e-04  2.50000000e+00  2.49999914e+00  2.49997765e+00  2.50247295e+00  2.49972768e+00 
 1.58079483e-04  2.50000000e+00  2.49999914e+00  2.49997765e+00  2.50247295e+00  2.49972768e+00 
 1.58179483e-04  2.50000000e+00  2.49999914e+00  2.49997765e+00  2.50247295e+00  2.49972768e+00 
 1.58204483e-04  2.50000000e+00  2.49999914e+00  2.49997765e+00  2.50247295e+00  2.49972768e+00 
 1.58254483e-04  2.50000000e+00  2.49999914e+00  2.49997765e+00  2.50247295e+00  2.49972768e+00 
 1.58354483e-04  2.50000000e+00  2.49999914e+00  2.49997764e+00  2.50247295e+00  2.49972768e+00 
 1.58554483e-04  2.50000000e+00  2.49999914e+00  2.49997764e+00  2.50247295e+00  2.49972768e+00 
 1.58754483e-04  2.50000000e+00  2.49999914e+00  2.49997764e+00  2.50247295e+00  2.49972768e+00 
 1.58954483e-04  2.50000000e+00  2.49999914e+00  2.49997764e+00  2.50247294e+00  2.49972768e+00 
 1.59154483e-04  2.50000000e+00  2.49999914e+00  2.49997764e+00  2.50247294e+00  2.49972767e+00 
 1.59354483e-04  2.50000000e+00  2.49999914e+00  2.49997764e+00  2.50247294e+00  2.49972767e+00 
 1.59554483e-04  2.50000000e+00  2.49999914e+00  2.49997763e+00  2.50247294e+00  2.49972767e+00 
 1.59754483e-04  2.50000000e+00  2.49999914e+00  2.49997763e+00  2.50247294e+00  2.49972767e+00 
 1.59954483e-04  2.50000000e+00  2.49999914e+00  2.49997763e+00  2.50247294e+00  2.49972767e+00 
 1.60154483e-04  2.50000000e+00  2.49999914e+00  2.49997763e+00  2.50247294e+00  2.49972766e+00 
 1.60354483e-04  2.50000000e+00  2.49999914e+00  2.49997763e+00  2.50247293e+00  2.49972766e+00 
 1.60554483e-04  2.50000000e+00  2.49999914e+00  2.49997762e+00  2.50247293e+00  2.49972766e+00 
 1.60754483e-04  2.50000000e+00  2.49999914e+00  2.49997762e+00  2.50247293e+00  2.49972766e+00 
 1.60954483e-04  2.50000000e+00  2.49999914e+00  2.49997762e+00  2.50247293e+00  2.49972766e+00 
 1.61154483e-04  2.50000000e+00  2.49999914e+00  2.49997762e+00  2.50247293e+00  2.49972765e+00 
 1.61354483e-04  2.50000000e+00  2.49999914e+00  2.49997762e+00  2.50247293e+00  2.49972765e+00 
 1.61554483e-04  2.50000000e+00  2.49999914e+00  2.49997762e+00  2.50247293e+00  2.49972765e+00 
 1.61754483e-04  2.50000000e+00  2.49999914e+00  2.49997761e+00  2.50247292e+00  2.49972765e+00 
 1.61954483e-04  2.50000000e+00  2.49999914e+00  2.49997761e+00  2.50247292e+00  2.49972765e+00 
 1.62154483e-04  2.50000000e+00  2.49999914e+00  2.49997761e+00  2.50247292e+00  2.49972765e+00 
 1.62354483e-04  2.50000000e+00  2.49999914e+00  2.49997761e+00  2.50247292e+00  2.49972764e+00 
 1.62554483e-04  2.50000000e+00  2.49999914e+00  2.49997761e+00  2.50247292e+00  2.49972764e+00 
 1.62754483e-04  2.50000000e+00  2.49999914e+00  2.49997760e+00  2.50247292e+00  2.49972764e+00 
 1.62954483e-04  2.50000000e+00  2.49999914e+00  2.49997760e+00  2.50247292e+00  2.49972764e+00 
 1.63154483e-04  2.50000000e+00  2.49999914e+00  2.49997760e+00  2.50247291e+00  2.49972764e+00 
 1.63354483e-04  2.50000000e+00  2.49999914e+00  2.49997760e+00  2.50247291e+00  2.49972764e+00 
 1.63554483e-04  2.50000000e+00  2.49999914e+00  2.49997760e+00  2.50247291e+00  2.49972763e+00 
 1.63754483e-04  2.50000000e+00  2.49999914e+00  2.49997760e+00  2.50247291e+00  2.49972763e+00 
 1.63779483e-04  2.50000000e+00  2.49999914e+00  2.49997760e+00  2.50247291e+00  2.49972763e+00 
 1.63829483e-04  2.50000000e+00  2.49999914e+00  2.49997760e+00  2.50247291e+00  2.49972763e+00 
 1.63929483e-04  2.50000000e+00  2.49999914e+00  2.49997760e+00  2.50247291e+00  2.49972763e+00 
 1.64129483e-04  2.50000000e+00  2.49999914e+00  2.49997759e+00  2.50247291e+00  2.49972763e+00 
 1.64329483e-04  2.50000000e+00  2.49999914e+00  2.49997759e+00  2.50247291e+00  2.49972763e+00 
 1.64529483e-04  2.50000000e+00  2.49999914e+00  2.49997759e+00  2.50247291e+00  2.49972763e+00 
 1.64729483e-04  2.50000000e+00  2.49999914e+00  2.49997759e+00  2.50247290e+00  2.49972762e+00 
 1.64929483e-04  2.50000000e+00  2.49999914e+00  2.49997759e+00  2.50247290e+00  2.49972762e+00 
 1.65129483e-04  2.50000000e+00  2.49999914e+00  2.49997759e+00  2.50247290e+00  2.49972762e+00 
 1.65329483e-04  2.50000000e+00  2.49999914e+00  2.49997758e+00  2.50247290e+00  2.49972762e+00 
 1.65529483e-04  2.50000000e+00  2.49999914e+00  2.49997758e+00  2.50247290e+00  2.49972762e+00 
 1.65729483e-04  2.50000000e+00  2.49999914e+00  2.49997758e+00  2.50247290e+00  2.49972762e+00 
 1.65929483e-04  2.50000000e+00  2.49999914e+00  2.49997758e+00  2.50247290e+00  2.49972761e+00 
 1.66129483e-04  2.50000000e+00  2.49999914e+00  2.49997758e+00  2.50247289e+00  2.49972761e+00 
 1.66329483e-04  2.50000000e+00  2.49999914e+00  2.49997758e+00  2.50247289e+00  2.49972761e+00 
 1.66529483e-04  2.50000000e+00  2.49999914e+00  2.49997757e+00  2.50247289e+00  2.49972761e+00 
 1.66729483e-04  2.50000000e+00  2.49999914e+00  2.49997757e+00  2.50247289e+00  2.49972761e+00 
 1.66754483e-04  2.50000000e+00  2.49999914e+00  2.49997757e+00  2.50247289e+00  2.49972761e+00 
 1.66804483e-04  2.50000000e+00  2.49999914e+00  2.49997757e+00  2.50247289e+00  2.49972761e+00 
 1.66904483e-04  2.50000000e+00  2.49999914e+00  2.49997757e+00  2.50247289e+00  2.49972761e+00 
 1.67104483e-04  2.50000000e+00  2.49999914e+00  2.49997757e+00  2.50247289e+00  2.49972761e+00 
 1.67304483e-04  2.50000000e+00  2.49999914e+00  2.49997757e+00  2.50247289e+00  2.49972760e+00 
 1.67329483e-04  2.50000000e+00  2.49999914e+00  2.49997757e+00  2.50247289e+00  2.49972760e+00 
 1.67379483e-04  2.50000000e+00  2.49999914e+00  2.49997757e+00  2.50247289e+00  2.49972760e+00 
 1.67479483e-04  2.50000000e+00  2.49999914e+00  2.49997757e+00  2.50247289e+00  2.49972760e+00 
 1.67504483e-04  2.50000000e+00  2.49999914e+00  2.49997757e+00  2.50247289e+00  2.49972760e+00 
 1.67554483e-04  2.50000000e+00  2.49999914e+00  2.49997757e+00  2.50247289e+00  2.49972760e+00 
 1.67654483e-04  2.50000000e+00  2.49999914e+00  2.49997757e+00  2.50247289e+00  2.49972760e+00 
 1.67854483e-04  2.50000000e+00  2.49999914e+00  2.49997757e+00  2.50247289e+00  2.49972760e+00 
 1.67879483e-04  2.50000000e+00  2.49999914e+00  2.49997756e+00  2.50247289e+00  2.49972760e+00 
 1.67929483e-04  2.50000000e+00  2.49999914e+00  2.49997756e+00  2.50247288e+00  2.49972760e+00 
 1.68029483e-04  2.50000000e+00  2.49999914e+00  2.49997756e+00  2.50247288e+00  2.49972760e+00 
 1.68229483e-04  2.50000000e+00  2.49999914e+00  2.49997756e+00  2.50247288e+00  2.49972760e+00 
 1.68429483e-04  2.50000000e+00  2.49999914e+00  2.49997756e+00  2.50247288e+00  2.49972760e+00 
 1.68629483e-04  2.50000000e+00  2.49999914e+00  2.49997756e+00  2.50247288e+00  2.49972759e+00 
 1.68829483e-04  2.50000000e+00  2.49999914e+00  2.49997756e+00  2.50247288e+00  2.49972759e+00 
 1.69029483e-04  2.50000000e+00  2.49999914e+00  2.49997756e+00  2.50247288e+00  2.49972759e+00 
 1.69229483e-04  2.50000000e+00  2.49999914e+00  2.49997756e+00  2.50247288e+00  2.49972759e+00 
 1.69429483e-04  2.50000000e+00  2.49999914e+00  2.49997755e+00  2.50247288e+00  2.49972759e+00 
 1.69629483e-04  2.50000000e+00  2.49999914e+00  2.49997755e+00  2.50247288e+00  2.49972759e+00 
 1.69829483e-04  2.50000000e+00  2.49999914e+00  2.49997755e+00  2.50247287e+00  2.49972759e+00 
 1.70029483e-04  2.50000000e+00  2.49999914e+00  2.49997755e+00  2.50247287e+00  2.49972758e+00 
 1.70229483e-04  2.50000000e+00  2.49999914e+00  2.49997755e+00  2.50247287e+00  2.49972758e+00 
 1.70429483e-04  2.50000000e+00  2.49999914e+00  2.49997755e+00  2.50247287e+00  2.49972758e+00 
 1.70629483e-04  2.50000000e+00  2.49999914e+00  2.49997755e+00  2.50247287e+00  2.49972758e+00 
 1.70829483e-04  2.50000000e+00  2.49999914e+00  2.49997754e+00  2.50247287e+00  2.49972758e+00 
 1.71029483e-04  2.50000000e+00  2.49999914e+00  2.49997754e+00  2.50247287e+00  2.49972758e+00 
 1.71229483e-04  2.50000000e+00  2.49999914e+00  2.49997754e+00  2.50247287e+00  2.49972758e+00 
 1.71429483e-04  2.50000000e+00  2.49999914e+00  2.49997754e+00  2.50247287e+00  2.49972757e+00 
 1.71629483e-04  2.50000000e+00  2.49999914e+00  2.49997754e+00  2.50247286e+00  2.49972757e+00 
 1.71829483e-04  2.50000000e+00  2.49999914e+00  2.49997754e+00  2.50247286e+00  2.49972757e+00 
 1.72029483e-04  2.50000000e+00  2.49999914e+00  2.49997754e+00  2.50247286e+00  2.49972757e+00 
 1.72229483e-04  2.50000000e+00  2.49999914e+00  2.49997754e+00  2.50247286e+00  2.49972757e+00 
 1.72429483e-04  2.50000000e+00  2.49999914e+00  2.49997753e+00  2.50247286e+00  2.49972757e+00 
 1.72629483e-04  2.50000000e+00  2.49999914e+00  2.49997753e+00  2.50247286e+00  2.49972757e+00 
 1.72829483e-04  2.50000000e+00  2.49999914e+00  2.49997753e+00  2.50247286e+00  2.49972757e+00 
 1.73029483e-04  2.50000000e+00  2.49999914e+00  2.49997753e+00  2.50247286e+00  2.49972756e+00 
 1.73229483e-04  2.50000000e+00  2.49999914e+00  2.49997753e+00  2.50247286e+00  2.49972756e+00 
 1.73254483e-04  2.50000000e+00  2.49999914e+00  2.49997753e+00  2.50247286e+00  2.49972756e+00 
 1.73304483e-04  2.50000000e+00  2.49999914e+00  2.49997753e+00  2.50247286e+00  2.49972756e+00 
 1.73404483e-04  2.50000000e+00  2.49999914e+00  2.49997753e+00  2.50247286e+00  2.49972756e+00 
 1.73604483e-04  2.50000000e+00  2.49999914e+00  2.49997753e+00  2.50247285e+00  2.49972756e+00 
 1.73629483e-04  2.50000000e+00  2.49999914e+00  2.49997753e+00  2.50247285e+00  2.49972756e+00 
 1.73679483e-04  2.50000000e+00  2.49999914e+00  2.49997753e+00  2.50247285e+00  2.49972756e+00 
 1.73779483e-04  2.50000000e+00  2.49999914e+00  2.49997753e+00  2.50247285e+00  2.49972756e+00 
 1.73979483e-04  2.50000000e+00  2.49999914e+00  2.49997752e+00  2.50247285e+00  2.49972756e+00 
 1.74179483e-04  2.50000000e+00  2.49999914e+00  2.49997752e+00  2.50247285e+00  2.49972756e+00 
 1.74379483e-04  2.50000000e+00  2.49999914e+00  2.49997752e+00  2.50247285e+00  2.49972756e+00 
 1.74579483e-04  2.50000000e+00  2.49999914e+00  2.49997752e+00  2.50247285e+00  2.49972755e+00 
 1.74779483e-04  2.50000000e+00  2.49999914e+00  2.49997752e+00  2.50247285e+00  2.49972755e+00 
 1.74979483e-04  2.50000000e+00  2.49999914e+00  2.49997752e+00  2.50247285e+00  2.49972755e+00 
 1.75179483e-04  2.50000000e+00  2.49999914e+00  2.49997752e+00  2.50247285e+00  2.49972755e+00 
 1.75379483e-04  2.50000000e+00  2.49999914e+00  2.49997752e+00  2.50247285e+00  2.49972755e+00 
 1.75579483e-04  2.50000000e+00  2.49999914e+00  2.49997752e+00  2.50247284e+00  2.49972755e+00 
 1.75779483e-04  2.50000000e+00  2.49999914e+00  2.49997751e+00  2.50247284e+00  2.49972755e+00 
 1.75979483e-04  2.50000000e+00  2.49999914e+00  2.49997751e+00  2.50247284e+00  2.49972755e+00 
 1.76179483e-04  2.50000000e+00  2.49999914e+00  2.49997751e+00  2.50247284e+00  2.49972754e+00 
 1.76379483e-04  2.50000000e+00  2.49999914e+00  2.49997751e+00  2.50247284e+00  2.49972754e+00 
 1.76579483e-04  2.50000000e+00  2.49999914e+00  2.49997751e+00  2.50247284e+00  2.49972754e+00 
 1.76779483e-04  2.50000000e+00  2.49999913e+00  2.49997751e+00  2.50247284e+00  2.49972754e+00 
 1.76979483e-04  2.50000000e+00  2.49999913e+00  2.49997751e+00  2.50247284e+00  2.49972754e+00 
 1.77179483e-04  2.50000000e+00  2.49999913e+00  2.49997751e+00  2.50247284e+00  2.49972754e+00 
 1.77379483e-04  2.50000000e+00  2.49999913e+00  2.49997751e+00  2.50247284e+00  2.49972754e+00 
 1.77579483e-04  2.50000000e+00  2.49999913e+00  2.49997750e+00  2.50247284e+00  2.49972754e+00 
 1.77779483e-04  2.50000000e+00  2.49999913e+00  2.49997750e+00  2.50247283e+00  2.49972754e+00 
 1.77979483e-04  2.50000000e+00  2.49999913e+00  2.49997750e+00  2.50247283e+00  2.49972753e+00 
 1.78179483e-04  2.50000000e+00  2.49999913e+00  2.49997750e+00  2.50247283e+00  2.49972753e+00 
 1.78379483e-04  2.50000000e+00  2.49999913e+00  2.49997750e+00  2.50247283e+00  2.49972753e+00 
 1.78579483e-04  2.50000000e+00  2.49999913e+00  2.49997750e+00  2.50247283e+00  2.49972753e+00 
 1.78779483e-04  2.50000000e+00  2.49999913e+00  2.49997750e+00  2.50247283e+00  2.49972753e+00 
 1.78979483e-04  2.50000000e+00  2.49999913e+00  2.49997750e+00  2.50247283e+00  2.49972753e+00 
 1.79179483e-04  2.50000000e+00  2.49999913e+00  2.49997750e+00  2.50247283e+00  2.49972753e+00 
 1.79379483e-04  2.50000000e+00  2.49999913e+00  2.49997750e+00  2.50247283e+00  2.49972753e+00 
 1.79579483e-04  2.50000000e+00  2.49999913e+00  2.49997749e+00  2.50247283e+00  2.49972753e+00 
 1.79779483e-04  2.50000000e+00  2.49999913e+00  2.49997749e+00  2.50247283e+00  2.49972753e+00 
 1.79979483e-04  2.50000000e+00  2.49999913e+00  2.49997749e+00  2.50247283e+00  2.49972752e+00 
 1.80179483e-04  2.50000000e+00  2.49999913e+00  2.49997749e+00  2.50247282e+00  2.49972752e+00 
 1.80379483e-04  2.50000000e+00  2.49999913e+00  2.49997749e+00  2.50247282e+00  2.49972752e+00 
 1.80579483e-04  2.50000000e+00  2.49999913e+00  2.49997749e+00  2.50247282e+00  2.49972752e+00 
 1.80779483e-04  2.50000000e+00  2.49999913e+00  2.49997749e+00  2.50247282e+00  2.49972752e+00 
 1.80979483e-04  2.50000000e+00  2.49999913e+00  2.49997749e+00  2.50247282e+00  2.49972752e+00 
 1.81179483e-04  2.50000000e+00  2.49999913e+00  2.49997749e+00  2.50247282e+00  2.49972752e+00 
 1.81379483e-04  2.50000000e+00  2.49999913e+00  2.49997749e+00  2.50247282e+00  2.49972752e+00 
 1.81579483e-04  2.50000000e+00  2.49999913e+00  2.49997748e+00  2.50247282e+00  2.49972752e+00 
 1.81779483e-04  2.50000000e+00  2.49999913e+00  2.49997748e+00  2.50247282e+00  2.49972752e+00 
 1.81979483e-04  2.50000000e+00  2.49999913e+00  2.49997748e+00  2.50247282e+00  2.49972751e+00 
 1.82179483e-04  2.50000000e+00  2.49999913e+00  2.49997748e+00  2.50247282e+00  2.49972751e+00 
 1.82379483e-04  2.50000000e+00  2.49999913e+00  2.49997748e+00  2.50247282e+00  2.49972751e+00 
 1.82579483e-04  2.50000000e+00  2.49999913e+00  2.49997748e+00  2.50247282e+00  2.49972751e+00 
 1.82779483e-04  2.50000000e+00  2.49999913e+00  2.49997748e+00  2.50247281e+00  2.49972751e+00 
 1.82804483e-04  2.50000000e+00  2.49999913e+00  2.49997748e+00  2.50247281e+00  2.49972751e+00 
 1.82854483e-04  2.50000000e+00  2.49999913e+00  2.49997748e+00  2.50247281e+00  2.49972751e+00 
 1.82954483e-04  2.50000000e+00  2.49999913e+00  2.49997748e+00  2.50247281e+00  2.49972751e+00 
 1.83154483e-04  2.50000000e+00  2.49999913e+00  2.49997748e+00  2.50247281e+00  2.49972751e+00 
 1.83354483e-04  2.50000000e+00  2.49999913e+00  2.49997748e+00  2.50247281e+00  2.49972751e+00 
 1.83554483e-04  2.50000000e+00  2.49999913e+00  2.49997748e+00  2.50247281e+00  2.49972751e+00 
 1.83754483e-04  2.50000000e+00  2.49999913e+00  2.49997747e+00  2.50247281e+00  2.49972751e+00 
 1.83954483e-04  2.50000000e+00  2.49999913e+00  2.49997747e+00  2.50247281e+00  2.49972751e+00 
 1.84154483e-04  2.50000000e+00  2.49999913e+00  2.49997747e+00  2.50247281e+00  2.49972750e+00 
 1.84354483e-04  2.50000000e+00  2.49999913e+00  2.49997747e+00  2.50247281e+00  2.49972750e+00 
 1.84554483e-04  2.50000000e+00  2.49999913e+00  2.49997747e+00  2.50247281e+00  2.49972750e+00 
 1.84754483e-04  2.50000000e+00  2.49999913e+00  2.49997747e+00  2.50247281e+00  2.49972750e+00 
 1.84954483e-04  2.50000000e+00  2.49999913e+00  2.49997747e+00  2.50247281e+00  2.49972750e+00 
 1.85154483e-04  2.50000000e+00  2.49999913e+00  2.49997747e+00  2.50247281e+00  2.49972750e+00 
 1.85354483e-04  2.50000000e+00  2.49999913e+00  2.49997747e+00  2.50247281e+00  2.49972750e+00 
 1.85554483e-04  2.50000000e+00  2.49999913e+00  2.49997747e+00  2.50247280e+00  2.49972750e+00 
 1.85754483e-04  2.50000000e+00  2.49999913e+00  2.49997747e+00  2.50247280e+00  2.49972750e+00 
 1.85954483e-04  2.50000000e+00  2.49999913e+00  2.49997747e+00  2.50247280e+00  2.49972750e+00 
 1.86154483e-04  2.50000000e+00  2.49999913e+00  2.49997746e+00  2.50247280e+00  2.49972750e+00 
 1.86354483e-04  2.50000000e+00  2.49999913e+00  2.49997746e+00  2.50247280e+00  2.49972749e+00 
 1.86554483e-04  2.50000000e+00  2.49999913e+00  2.49997746e+00  2.50247280e+00  2.49972749e+00 
 1.86754483e-04  2.50000000e+00  2.49999913e+00  2.49997746e+00  2.50247280e+00  2.49972749e+00 
 1.86954483e-04  2.50000000e+00  2.49999913e+00  2.49997746e+00  2.50247280e+00  2.49972749e+00 
 1.87154483e-04  2.50000000e+00  2.49999913e+00  2.49997746e+00  2.50247280e+00  2.49972749e+00 
 1.87354483e-04  2.50000000e+00  2.49999913e+00  2.49997746e+00  2.50247280e+00  2.49972749e+00 
 1.87554483e-04  2.50000000e+00  2.49999913e+00  2.49997746e+00  2.50247280e+00  2.49972749e+00 
 1.87754483e-04  2.50000000e+00  2.49999913e+00  2.49997746e+00  2.50247280e+00  2.49972749e+00 
 1.87954483e-04  2.50000000e+00  2.49999913e+00  2.49997746e+00  2.50247280e+00  2.49972749e+00 
 1.88154483e-04  2.50000000e+00  2.49999913e+00  2.49997746e+00  2.50247280e+00  2.49972749e+00 
 1.88354483e-04  2.50000000e+00  2.49999913e+00  2.49997746e+00  2.50247280e+00  2.49972749e+00 
 1.88554483e-04  2.50000000e+00  2.49999913e+00  2.49997745e+00  2.50247279e+00  2.49972749e+00 
 1.88754483e-04  2.50000000e+00  2.49999913e+00  2.49997745e+00  2.50247279e+00  2.49972748e+00 
 1.88954483e-04  2.50000000e+00  2.49999913e+00  2.49997745e+00  2.50247279e+00  2.49972748e+00 
 1.89154483e-04  2.50000000e+00  2.49999913e+00  2.49997745e+00  2.50247279e+00  2.49972748e+00 
 1.89354483e-04  2.50000000e+00  2.49999913e+00  2.49997745e+00  2.50247279e+00  2.49972748e+00 
 1.89554483e-04  2.50000000e+00  2.49999913e+00  2.49997745e+00  2.50247279e+00  2.49972748e+00 
 1.89754483e-04  2.50000000e+00  2.49999913e+00  2.49997745e+00  2.50247279e+00  2.49972748e+00 
 1.89954483e-04  2.50000000e+00  2.49999913e+00  2.49997745e+00  2.50247279e+00  2.49972748e+00 
 1.90154483e-04  2.50000000e+00  2.49999913e+00  2.49997745e+00  2.50247279e+00  2.49972748e+00 
 1.90354483e-04  2.50000000e+00  2.49999913e+00  2.49997745e+00  2.50247279e+00  2.49972748e+00 
 1.90554483e-04  2.50000000e+00  2.49999913e+00  2.49997745e+00  2.50247279e+00  2.49972748e+00 
 1.90754483e-04  2.50000000e+00  2.49999913e+00  2.49997745e+00  2.50247279e+00  2.49972748e+00 
 1.90954483e-04  2.50000000e+00  2.49999913e+00  2.49997745e+00  2.50247279e+00  2.49972748e+00 
 1.91154483e-04  2.50000000e+00  2.49999913e+00  2.49997745e+00  2.50247279e+00  2.49972748e+00 
 1.91354483e-04  2.50000000e+00  2.49999913e+00  2.49997744e+00  2.50247279e+00  2.49972747e+00 
 1.91554483e-04  2.50000000e+00  2.49999913e+00  2.49997744e+00  2.50247279e+00  2.49972747e+00 
 1.91754483e-04  2.50000000e+00  2.49999913e+00  2.49997744e+00  2.50247279e+00  2.49972747e+00 
 1.91954483e-04  2.50000000e+00  2.49999913e+00  2.49997744e+00  2.50247278e+00  2.49972747e+00 
 1.92154483e-04  2.50000000e+00  2.49999913e+00  2.49997744e+00  2.50247278e+00  2.49972747e+00 
 1.92354483e-04  2.50000000e+00  2.49999913e+00  2.49997744e+00  2.50247278e+00  2.49972747e+00 
 1.92379483e-04  2.50000000e+00  2.49999913e+00  2.49997744e+00  2.50247278e+00  2.49972747e+00 
 1.92385733e-04  2.50000000e+00  2.49999913e+00  2.49997744e+00  2.50247278e+00  2.49972747e+00 
 1.92398233e-04  2.50000000e+00  2.49999913e+00  2.49997744e+00  2.50247278e+00  2.49972747e+00 
 1.92401358e-04  2.50000000e+00  2.49999913e+00  2.49997744e+00  2.50247278e+00  2.49972747e+00 
 1.92407608e-04  2.50000000e+00  2.49999913e+00  2.49997744e+00  2.50247278e+00  2.49972747e+00 
 1.92420108e-04  2.50000000e+00  2.49999913e+00  2.49997744e+00  2.50247278e+00  2.49972747e+00 
 1.92445108e-04  2.50000000e+00  2.49999913e+00  2.49997744e+00  2.50247278e+00  2.49972747e+00 
 1.92495108e-04  2.50000000e+00  2.49999913e+00  2.49997744e+00  2.50247278e+00  2.49972747e+00 
 1.92507608e-04  2.50000000e+00  2.49999913e+00  2.49997744e+00  2.50247278e+00  2.49972747e+00 
 1.92532608e-04  2.50000000e+00  2.49999913e+00  2.49997744e+00  2.50247278e+00  2.49972747e+00 
 1.92582608e-04  2.50000000e+00  2.49999913e+00  2.49997744e+00  2.50247278e+00  2.49972747e+00 
 1.92682608e-04  2.50000000e+00  2.49999913e+00  2.49997744e+00  2.50247278e+00  2.49972747e+00 
 1.92882608e-04  2.50000000e+00  2.49999913e+00  2.49997744e+00  2.50247278e+00  2.49972747e+00 
 1.93082608e-04  2.50000000e+00  2.49999913e+00  2.49997744e+00  2.50247278e+00  2.49972747e+00 
 1.93282608e-04  2.50000000e+00  2.49999913e+00  2.49997744e+00  2.50247278e+00  2.49972747e+00 
 1.93482608e-04  2.50000000e+00  2.49999913e+00  2.49997744e+00  2.50247278e+00  2.49972747e+00 
 1.93682608e-04  2.50000000e+00  2.49999913e+00  2.49997744e+00  2.50247278e+00  2.49972747e+00 
 1.93882608e-04  2.50000000e+00  2.49999913e+00  2.49997744e+00  2.50247278e+00  2.49972747e+00 
 1.94082608e-04  2.50000000e+00  2.49999913e+00  2.49997744e+00  2.50247278e+00  2.49972747e+00 
 1.94282608e-04  2.50000000e+00  2.49999913e+00  2.49997743e+00  2.50247278e+00  2.49972746e+00 
 1.94482608e-04  2.50000000e+00  2.49999913e+00  2.49997743e+00  2.50247278e+00  2.49972746e+00 
 1.94682608e-04  2.50000000e+00  2.49999913e+00  2.49997743e+00  2.50247278e+00  2.49972746e+00 
 1.94882608e-04  2.50000000e+00  2.49999913e+00  2.49997743e+00  2.50247278e+00  2.49972746e+00 
 1.95082608e-04  2.50000000e+00  2.49999913e+00  2.49997743e+00  2.50247278e+00  2.49972746e+00 
 1.95282608e-04  2.50000000e+00  2.49999913e+00  2.49997743e+00  2.50247278e+00  2.49972746e+00 
 1.95482608e-04  2.50000000e+00  2.49999913e+00  2.49997743e+00  2.50247278e+00  2.49972746e+00 
 1.95507608e-04  2.50000000e+00  2.49999913e+00  2.49997743e+00  2.50247278e+00  2.49972746e+00 
 1.95557608e-04  2.50000000e+00  2.49999913e+00  2.49997743e+00  2.50247278e+00  2.49972746e+00 
 1.95657608e-04  2.50000000e+00  2.49999913e+00  2.49997743e+00  2.50247278e+00  2.49972746e+00 
 1.95857608e-04  2.50000000e+00  2.49999913e+00  2.49997743e+00  2.50247277e+00  2.49972746e+00 
 1.95882608e-04  2.50000000e+00  2.49999913e+00  2.49997743e+00  2.50247278e+00  2.49972746e+00 
 1.95932608e-04  2.50000000e+00  2.49999913e+00  2.49997743e+00  2.50247277e+00  2.49972746e+00 
 1.96032608e-04  2.50000000e+00  2.49999913e+00  2.49997743e+00  2.50247277e+00  2.49972746e+00 
 1.96232608e-04  2.50000000e+00  2.49999913e+00  2.49997743e+00  2.50247277e+00  2.49972746e+00 
 1.96432608e-04  2.50000000e+00  2.49999913e+00  2.49997743e+00  2.50247277e+00  2.49972746e+00 
 1.96632608e-04  2.50000000e+00  2.49999913e+00  2.49997743e+00  2.50247277e+00  2.49972746e+00 
 1.96832608e-04  2.50000000e+00  2.49999913e+00  2.49997743e+00  2.50247277e+00  2.49972746e+00 
 1.97032608e-04  2.50000000e+00  2.49999913e+00  2.49997743e+00  2.50247277e+00  2.49972746e+00 
 1.97232608e-04  2.50000000e+00  2.49999913e+00  2.49997743e+00  2.50247277e+00  2.49972746e+00 
 1.97432608e-04  2.50000000e+00  2.49999913e+00  2.49997743e+00  2.50247277e+00  2.49972745e+00 
 1.97632608e-04  2.50000000e+00  2.49999913e+00  2.49997742e+00  2.50247277e+00  2.49972745e+00 
 1.97832608e-04  2.50000000e+00  2.49999913e+00  2.49997742e+00  2.50247277e+00  2.49972745e+00 
 1.98032608e-04  2.50000000e+00  2.49999913e+00  2.49997742e+00  2.50247277e+00  2.49972745e+00 
 1.98232608e-04  2.50000000e+00  2.49999913e+00  2.49997742e+00  2.50247277e+00  2.49972745e+00 
 1.98432608e-04  2.50000000e+00  2.49999913e+00  2.49997742e+00  2.50247277e+00  2.49972745e+00 
 1.98632608e-04  2.50000000e+00  2.49999913e+00  2.49997742e+00  2.50247277e+00  2.49972745e+00 
 1.98832608e-04  2.50000000e+00  2.49999913e+00  2.49997742e+00  2.50247277e+00  2.49972745e+00 
 1.99032608e-04  2.50000000e+00  2.49999913e+00  2.49997742e+00  2.50247277e+00  2.49972745e+00 
 1.99232608e-04  2.50000000e+00  2.49999913e+00  2.49997742e+00  2.50247277e+00  2.49972745e+00 
 1.99432608e-04  2.50000000e+00  2.49999913e+00  2.49997742e+00  2.50247277e+00  2.49972745e+00 
 1.99457608e-04  2.50000000e+00  2.49999913e+00  2.49997742e+00  2.50247277e+00  2.49972745e+00 
 1.99507608e-04  2.50000000e+00  2.49999913e+00  2.49997742e+00  2.50247277e+00  2.49972745e+00 
 1.99607608e-04  2.50000000e+00  2.49999913e+00  2.49997742e+00  2.50247277e+00  2.49972745e+00 
 1.99807608e-04  2.50000000e+00  2.49999913e+00  2.49997742e+00  2.50247277e+00  2.49972745e+00 
 2.00000000e-04  2.50000000e+00  2.49999913e+00  2.49997742e+00  2.50247277e+00  2.49972745e+00 
 2.00001077e-04  2.49993271e+00  2.49999878e+00  2.49997706e+00  2.50247275e+00  2.49972745e+00 
 2.00003230e-04  2.49979814e+00  2.49999736e+00  2.49997566e+00  2.50247266e+00  2.49972744e+00 
 2.00007536e-04  2.49952899e+00  2.49999048e+00  2.49996888e+00  2.50247213e+00  2.49972742e+00 
 2.00016149e-04  2.49899069e+00  2.49996171e+00  2.49994108e+00  2.50246999e+00  2.49972723e+00 
 2.00027580e-04  2.49827625e+00  2.49989604e+00  2.49987919e+00  2.50246637e+00  2.49972647e+00 
 2.00038532e-04  2.49759178e+00  2.49980756e+00  2.49979818e+00  2.50246315e+00  2.49972497e+00 
 2.00049642e-04  2.49689736e+00  2.49969593e+00  2.49969899e+00  2.50246069e+00  2.49972247e+00 
 2.00060967e-04  2.49618955e+00  2.49956247e+00  2.49958410e+00  2.50245939e+00  2.49971874e+00 
 2.00076424e-04  2.49522349e+00  2.49935282e+00  2.49941051e+00  2.50246010e+00  2.49971151e+00 
 2.00101142e-04  2.49367860e+00  2.49896232e+00  2.49910578e+00  2.50246838e+00  2.49969434e+00 
 2.00139835e-04  2.49126033e+00  2.49824090e+00  2.49859243e+00  2.50250213e+00  2.49965277e+00 
 2.00209128e-04  2.48692949e+00  2.49668923e+00  2.49764176e+00  2.50263812e+00  2.49953318e+00 
 2.00318875e-04  2.48007033e+00  2.49369834e+00  2.49616762e+00  2.50309200e+00  2.49923371e+00 
 2.00442034e-04  2.47237287e+00  2.48971014e+00  2.49461354e+00  2.50401389e+00  2.49875886e+00 
 2.00611698e-04  2.46176889e+00  2.48334973e+00  2.49265389e+00  2.50613184e+00  2.49791823e+00 
 2.00811698e-04  2.44926889e+00  2.47485689e+00  2.49060636e+00  2.51007097e+00  2.49672953e+00 
 2.01000000e-04  2.43750000e+00  2.46613134e+00  2.48893805e+00  2.51536084e+00  2.49548923e+00 
 2.01020000e-04  2.43750000e+00  2.46526431e+00  2.48886493e+00  2.51603053e+00  2.49535444e+00 
 2.01060000e-04  2.43750000e+00  2.46367122e+00  2.48884705e+00  2.51740606e+00  2.49508982e+00 
 2.01140000e-04  2.43750000e+00  2.46105432e+00  2.48923235e+00  2.52033014e+00  2.49460523e+00 
 2.01300000e-04  2.43750000e+00  2.45696978e+00  2.49037217e+00  2.52671055e+00  2.49385673e+00 
 2.01487304e-04  2.43750000e+00  2.45341704e+00  2.49174966e+00  2.53490298e+00  2.49333520e+00 
 2.01687304e-04  2.43750000e+00  2.45069805e+00  2.49324669e+00  2.54428928e+00  2.49313768e+00 
 2.01887304e-04  2.43750000e+00  2.44880703e+00  2.49480974e+00  2.55414739e+00  2.49325427e+00 
 2.02087304e-04  2.43750000e+00  2.44751803e+00  2.49645324e+00  2.56433176e+00  2.49364115e+00 
 2.02287304e-04  2.43750000e+00  2.44666925e+00  2.49819126e+00  2.57473653e+00  2.49426510e+00 
 2.02487304e-04  2.43750000e+00  2.44614129e+00  2.50003163e+00  2.58528336e+00  2.49510090e+00 
 2.02687304e-04  2.43750000e+00  2.44584727e+00  2.50197970e+00  2.59591593e+00  2.49612912e+00 
 2.02887304e-04  2.43750000e+00  2.44572359e+00  2.50403837e+00  2.60659246e+00  2.49733461e+00 
 2.03087304e-04  2.43750000e+00  2.44572382e+00  2.50620895e+00  2.61728330e+00  2.49870539e+00 
 2.03287304e-04  2.43750000e+00  2.44581403e+00  2.50849158e+00  2.62796630e+00  2.50023174e+00 
 2.03487304e-04  2.43750000e+00  2.44596943e+00  2.51088554e+00  2.63862601e+00  2.50190568e+00 
 2.03687304e-04  2.43750000e+00  2.44617191e+00  2.51338953e+00  2.64925078e+00  2.50372052e+00 
 2.03887304e-04  2.43750000e+00  2.44640824e+00  2.51600183e+00  2.65983267e+00  2.50567046e+00 
 2.04087304e-04  2.43750000e+00  2.44666876e+00  2.51872040e+00  2.67036563e+00  2.50775046e+00 
 2.04287304e-04  2.43750000e+00  2.44694641e+00  2.52154303e+00  2.68084568e+00  2.50995598e+00 
 2.04487304e-04  2.43750000e+00  2.44723605e+00  2.52446737e+00  2.69126975e+00  2.51228291e+00 
 2.04687304e-04  2.43750000e+00  2.44753391e+00  2.52749098e+00  2.70163595e+00  2.51472744e+00 
 2.04887304e-04  2.43750000e+00  2.44783724e+00  2.53061139e+00  2.71194280e+00  2.51728601e+00 
 2.05087304e-04  2.43750000e+00  2.44814404e+00  2.53382610e+00  2.72218950e+00  2.51995526e+00 
 2.05287304e-04  2.43750000e+00  2.44845286e+00  2.53713261e+00  2.73237544e+00  2.52273198e+00 
 2.05487304e-04  2.43750000e+00  2.44876263e+00  2.54052845e+00  2.74250038e+00  2.52561309e+00 
 2.05687304e-04  2.43750000e+00  2.44907257e+00  2.54401115e+00  2.75256415e+00  2.52859564e+00 
 2.05887304e-04  2.43750000e+00  2.44938213e+00  2.54757828e+00  2.76256683e+00  2.53167674e+00 
 2.06087304e-04  2.43750000e+00  2.44969090e+00  2.55122746e+00  2.77250849e+00  2.53485361e+00 
 2.06287304e-04  2.43750000e+00  2.44999857e+00  2.55495633e+00  2.78238936e+00  2.53812355e+00 
 2.06487304e-04  2.43750000e+00  2.45030495e+00  2.55876257e+00  2.79220964e+00  2.54148389e+00 
 2.06687304e-04  2.43750000e+00  2.45060987e+00  2.56264391e+00  2.80196964e+00  2.54493208e+00 
 2.06887304e-04  2.43750000e+00  2.45091324e+00  2.56659812e+00  2.81166963e+00  2.54846558e+00 
 2.07087304e-04  2.43750000e+00  2.45121496e+00  2.57062301e+00  2.82130995e+00  2.55208194e+00 
 2.07287304e-04  2.43750000e+00  2.45151500e+00  2.57471644e+00  2.83089091e+00  2.55577874e+00 
 2.07487304e-04  2.43750000e+00  2.45181332e+00  2.57887630e+00  2.84041286e+00  2.55955362e+00 
 2.07687304e-04  2.43750000e+00  2.45210989e+00  2.58310054e+00  2.84987614e+00  2.56340428e+00 
 2.07887304e-04  2.43750000e+00  2.45240470e+00  2.58738713e+00  2.85928110e+00  2.56732847e+00 
 2.08087304e-04  2.43750000e+00  2.45269774e+00  2.59173410e+00  2.86862810e+00  2.57132396e+00 
 2.08287304e-04  2.43750000e+00  2.45298901e+00  2.59613951e+00  2.87791747e+00  2.57538860e+00 
 2.08487304e-04  2.43750000e+00  2.45327852e+00  2.60060146e+00  2.88714958e+00  2.57952026e+00 
 2.08687304e-04  2.43750000e+00  2.45356626e+00  2.60511810e+00  2.89632476e+00  2.58371687e+00 
 2.08887304e-04  2.43750000e+00  2.45385225e+00  2.60968760e+00  2.90544339e+00  2.58797640e+00 
 2.09087304e-04  2.43750000e+00  2.45413648e+00  2.61430819e+00  2.91450578e+00  2.59229685e+00 
 2.09287304e-04  2.43750000e+00  2.45441897e+00  2.61897812e+00  2.92351230e+00  2.59667628e+00 
 2.09487304e-04  2.43750000e+00  2.45469973e+00  2.62369568e+00  2.93246328e+00  2.60111277e+00 
 2.09687304e-04  2.43750000e+00  2.45497876e+00  2.62845920e+00  2.94135909e+00  2.60560447e+00 
 2.09887304e-04  2.43750000e+00  2.45525608e+00  2.63326703e+00  2.95020003e+00  2.61014954e+00 
 2.10087304e-04  2.43750000e+00  2.45553169e+00  2.63811759e+00  2.95898648e+00  2.61474618e+00 
 2.10287304e-04  2.43750000e+00  2.45580561e+00  2.64300930e+00  2.96771874e+00  2.61939264e+00 
 2.10487304e-04  2.43750000e+00  2.45607784e+00  2.64794063e+00  2.97639717e+00  2.62408722e+00 
 2.10687304e-04  2.43750000e+00  2.45634839e+00  2.65291006e+00  2.98502209e+00  2.62882821e+00 
 2.10887304e-04  2.43750000e+00  2.45661729e+00  2.65791614e+00  2.99359385e+00  2.63361399e+00 
 2.11087304e-04  2.43750000e+00  2.45688452e+00  2.66295742e+00  3.00211274e+00  2.63844293e+00 
 2.11287304e-04  2.43750000e+00  2.45715011e+00  2.66803249e+00  3.01057913e+00  2.64331347e+00 
 2.11487304e-04  2.43750000e+00  2.45741407e+00  2.67313998e+00  3.01899331e+00  2.64822405e+00 
 2.11687304e-04  2.43750000e+00  2.45767640e+00  2.67827853e+00  3.02735563e+00  2.65317316e+00 
 2.11887304e-04  2.43750000e+00  2.45793711e+00  2.68344683e+00  3.03566639e+00  2.65815934e+00 
 2.12087304e-04  2.43750000e+00  2.45819622e+00  2.68864358e+00  3.04392592e+00  2.66318112e+00 
 2.12287304e-04  2.43750000e+00  2.45845374e+00  2.69386753e+00  3.05213453e+00  2.66823710e+00 
 2.12487304e-04  2.43750000e+00  2.45870967e+00  2.69911743e+00  3.06029254e+00  2.67332588e+00 
 2.12687304e-04  2.43750000e+00  2.45896402e+00  2.70439207e+00  3.06840026e+00  2.67844611e+00 
 2.12887304e-04  2.43750000e+00  2.45921681e+00  2.70969027e+00  3.07645800e+00  2.68359647e+00 
 2.13087304e-04  2.43750000e+00  2.45946804e+00  2.71501089e+00  3.08446607e+00  2.68877565e+00 
 2.13287304e-04  2.43750000e+00  2.45971773e+00  2.72035277e+00  3.09242478e+00  2.69398238e+00 
 2.13487304e-04  2.43750000e+00  2.45996587e+00  2.72571483e+00  3.10033442e+00  2.69921543e+00 
 2.13687304e-04  2.43750000e+00  2.46021249e+00  2.73109597e+00  3.10819531e+00  2.70447357e+00 
 2.13887304e-04  2.43750000e+00  2.46045759e+00  2.73649513e+00  3.11600774e+00  2.70975562e+00 
 2.14087304e-04  2.43750000e+00  2.46070119e+00  2.74191129e+00  3.12377203e+00  2.71506041e+00 
 2.14287304e-04  2.43750000e+00  2.46094328e+00  2.74734344e+00  3.13148844e+00  2.72038681e+00 
 2.14487304e-04  2.43750000e+00  2.46118388e+00  2.75279057e+00  3.13915731e+00  2.72573370e+00 
 2.14687304e-04  2.43750000e+00  2.46142300e+00  2.75825173e+00  3.14677889e+00  2.73109999e+00 
 2.14887304e-04  2.43750000e+00  2.46166065e+00  2.76372597e+00  3.15435351e+00  2.73648462e+00 
 2.15087304e-04  2.43750000e+00  2.46189683e+00  2.76921236e+00  3.16188143e+00  2.74188655e+00 
 2.15287304e-04  2.43750000e+00  2.46213156e+00  2.77471001e+00  3.16936295e+00  2.74730477e+00 
 2.15487304e-04  2.43750000e+00  2.46236485e+00  2.78021803e+00  3.17679836e+00  2.75273827e+00 
 2.15687304e-04  2.43750000e+00  2.46259669e+00  2.78573556e+00  3.18418795e+00  2.75818608e+00 
 2.15887304e-04  2.43750000e+00  2.46282712e+00  2.79126176e+00  3.19153198e+00  2.76364726e+00 
 2.16087304e-04  2.43750000e+00  2.46305612e+00  2.79679579e+00  3.19883076e+00  2.76912087e+00 
 2.16287304e-04  2.43750000e+00  2.46328371e+00  2.80233687e+00  3.20608454e+00  2.77460601e+00 
 2.16487304e-04  2.43750000e+00  2.46350990e+00  2.80788420e+00  3.21329363e+00  2.78010179e+00 
 2.16687304e-04  2.43750000e+00  2.46373470e+00  2.81343702e+00  3.22045827e+00  2.78560734e+00 
 2.16887304e-04  2.43750000e+00  2.46395811e+00  2.81899457e+00  3.22757877e+00  2.79112182e+00 
 2.17087304e-04  2.43750000e+00  2.46418015e+00  2.82455612e+00  3.23465537e+00  2.79664439e+00 
 2.17287304e-04  2.43750000e+00  2.46440082e+00  2.83012097e+00  3.24168837e+00  2.80217425e+00 
 2.17487304e-04  2.43750000e+00  2.46462013e+00  2.83568841e+00  3.24867801e+00  2.80771060e+00 
 2.17687304e-04  2.43750000e+00  2.46483809e+00  2.84125775e+00  3.25562459e+00  2.81325268e+00 
 2.17887304e-04  2.43750000e+00  2.46505471e+00  2.84682834e+00  3.26252834e+00  2.81879973e+00 
 2.18087304e-04  2.43750000e+00  2.46527000e+00  2.85239953e+00  3.26938955e+00  2.82435101e+00 
 2.18287304e-04  2.43750000e+00  2.46548396e+00  2.85797068e+00  3.27620848e+00  2.82990581e+00 
 2.18487304e-04  2.43750000e+00  2.46569660e+00  2.86354117e+00  3.28298538e+00  2.83546341e+00 
 2.18687304e-04  2.43750000e+00  2.46590793e+00  2.86911040e+00  3.28972051e+00  2.84102315e+00 
 2.18887304e-04  2.43750000e+00  2.46611796e+00  2.87467778e+00  3.29641414e+00  2.84658434e+00 
 2.19087304e-04  2.43750000e+00  2.46632670e+00  2.88024274e+00  3.30306652e+00  2.85214634e+00 
 2.19287304e-04  2.43750000e+00  2.46653415e+00  2.88580472e+00  3.30967790e+00  2.85770850e+00 
 2.19487304e-04  2.43750000e+00  2.46674033e+00  2.89136316e+00  3.31624853e+00  2.86327021e+00 
 2.19687304e-04  2.43750000e+00  2.46694523e+00  2.89691755e+00  3.32277867e+00  2.86883085e+00 
 2.19887304e-04  2.43750000e+00  2.46714888e+00  2.90246735e+00  3.32926857e+00  2.87438984e+00 
 2.20087304e-04  2.43750000e+00  2.46735127e+00  2.90801206e+00  3.33571847e+00  2.87994659e+00 
 2.20287304e-04  2.43750000e+00  2.46755241e+00  2.91355118e+00  3.34212863e+00  2.88550055e+00 
 2.20487304e-04  2.43750000e+00  2.46775232e+00  2.91908424e+00  3.34849928e+00  2.89105116e+00 
 2.20687304e-04  2.43750000e+00  2.46795099e+00  2.92461077e+00  3.35483067e+00  2.89659788e+00 
 2.20887304e-04  2.43750000e+00  2.46814844e+00  2.93013031e+00  3.36112304e+00  2.90214019e+00 
 2.21087304e-04  2.43750000e+00  2.46834467e+00  2.93564241e+00  3.36737664e+00  2.90767759e+00 
 2.21287304e-04  2.43750000e+00  2.46853970e+00  2.94114665e+00  3.37359170e+00  2.91320957e+00 
 2.21487304e-04  2.43750000e+00  2.46873352e+00  2.94664259e+00  3.37976846e+00  2.91873565e+00 
 2.21687304e-04  2.43750000e+00  2.46892615e+00  2.95212983e+00  3.38590715e+00  2.92425536e+00 
 2.21887304e-04  2.43750000e+00  2.46911760e+00  2.95760796e+00  3.39200802e+00  2.92976824e+00 
 2.22087304e-04  2.43750000e+00  2.46930787e+00  2.96307661e+00  3.39807128e+00  2.93527384e+00 
 2.22287304e-04  2.43750000e+00  2.46949696e+00  2.96853538e+00  3.40409719e+00  2.94077172e+00 
 2.22487304e-04  2.43750000e+00  2.46968489e+00  2.97398391e+00  3.41008596e+00  2.94626146e+00 
 2.22687304e-04  2.43750000e+00  2.46987166e+00  2.97942184e+00  3.41603782e+00  2.95174265e+00 
 2.22887304e-04  2.43750000e+00  2.47005728e+00  2.98484882e+00  3.42195301e+00  2.95721487e+00 
 2.23087304e-04  2.43750000e+00  2.47024176e+00  2.99026451e+00  3.42783174e+00  2.96267774e+00 
 2.23287304e-04  2.43750000e+00  2.47042510e+00  2.99566858e+00  3.43367425e+00  2.96813088e+00 
 2.23487304e-04  2.43750000e+00  2.47060732e+00  3.00106071e+00  3.43948075e+00  2.97357391e+00 
 2.23687304e-04  2.43750000e+00  2.47078841e+00  3.00644059e+00  3.44525148e+00  2.97900648e+00 
 2.23887304e-04  2.43750000e+00  2.47096839e+00  3.01180792e+00  3.45098664e+00  2.98442823e+00 
 2.24087304e-04  2.43750000e+00  2.47114725e+00  3.01716240e+00  3.45668646e+00  2.98983881e+00 
 2.24287304e-04  2.43750000e+00  2.47132502e+00  3.02250374e+00  3.46235115e+00  2.99523790e+00 
 2.24487304e-04  2.43750000e+00  2.47150169e+00  3.02783167e+00  3.46798094e+00  3.00062518e+00 
 2.24687304e-04  2.43750000e+00  2.47167727e+00  3.03314592e+00  3.47357604e+00  3.00600032e+00 
 2.24887304e-04  2.43750000e+00  2.47185177e+00  3.03844623e+00  3.47913666e+00  3.01136303e+00 
 2.25087304e-04  2.43750000e+00  2.47202520e+00  3.04373234e+00  3.48466301e+00  3.01671300e+00 
 2.25287304e-04  2.43750000e+00  2.47219756e+00  3.04900401e+00  3.49015531e+00  3.02204995e+00 
 2.25487304e-04  2.43750000e+00  2.47236886e+00  3.05426101e+00  3.49561376e+00  3.02737361e+00 
 2.25687304e-04  2.43750000e+00  2.47253910e+00  3.05950309e+00  3.50103858e+00  3.03268369e+00 
 2.25887304e-04  2.43750000e+00  2.47270829e+00  3.06473004e+00  3.50642996e+00  3.03797993e+00 
 2.25912304e-04  2.43750000e+00  2.47272936e+00  3.06538221e+00  3.50710129e+00  3.03864087e+00 
 2.25962304e-04  2.43750000e+00  2.47277146e+00  3.06668608e+00  3.50844289e+00  3.03996230e+00 
 2.26062304e-04  2.43750000e+00  2.47285548e+00  3.06929092e+00  3.51111990e+00  3.04260250e+00 
 2.26262304e-04  2.43750000e+00  2.47302272e+00  3.07448892e+00  3.51644916e+00  3.04787211e+00 
 2.26462304e-04  2.43750000e+00  2.47318894e+00  3.07967117e+00  3.52174558e+00  3.05312718e+00 
 2.26662304e-04  2.43750000e+00  2.47335413e+00  3.08483749e+00  3.52700937e+00  3.05836747e+00 
 2.26862304e-04  2.43750000e+00  2.47351830e+00  3.08998769e+00  3.53224072e+00  3.06359275e+00 
 2.27062304e-04  2.43750000e+00  2.47368146e+00  3.09512158e+00  3.53743984e+00  3.06880280e+00 
 2.27262304e-04  2.43750000e+00  2.47384362e+00  3.10023898e+00  3.54260691e+00  3.07399740e+00 
 2.27462304e-04  2.43750000e+00  2.47400478e+00  3.10533972e+00  3.54774215e+00  3.07917637e+00 
 2.27662304e-04  2.43750000e+00  2.47416495e+00  3.11042364e+00  3.55284574e+00  3.08433948e+00 
 2.27862304e-04  2.43750000e+00  2.47432413e+00  3.11549058e+00  3.55791788e+00  3.08948656e+00 
 2.28062304e-04  2.43750000e+00  2.47448233e+00  3.12054037e+00  3.56295877e+00  3.09461742e+00 
 2.28262304e-04  2.43750000e+00  2.47463955e+00  3.12557288e+00  3.56796859e+00  3.09973187e+00 
 2.28462304e-04  2.43750000e+00  2.47479581e+00  3.13058797e+00  3.57294754e+00  3.10482975e+00 
 2.28662304e-04  2.43750000e+00  2.47495110e+00  3.13558548e+00  3.57789582e+00  3.10991088e+00 
 2.28687304e-04  2.43750000e+00  2.47497044e+00  3.13620879e+00  3.57851196e+00  3.11054471e+00 
 2.28737304e-04  2.43750000e+00  2.47500908e+00  3.13745486e+00  3.57974330e+00  3.11181183e+00 
 2.28837304e-04  2.43750000e+00  2.47508619e+00  3.13994366e+00  3.58220029e+00  3.11434289e+00 
 2.29037304e-04  2.43750000e+00  2.47523970e+00  3.14490788e+00  3.58709154e+00  3.11939220e+00 
 2.29237304e-04  2.43750000e+00  2.47539226e+00  3.14985417e+00  3.59195266e+00  3.12442431e+00 
 2.29437304e-04  2.43750000e+00  2.47554388e+00  3.15478240e+00  3.59678381e+00  3.12943909e+00 
 2.29637304e-04  2.43750000e+00  2.47569456e+00  3.15969248e+00  3.60158520e+00  3.13443639e+00 
 2.29837304e-04  2.43750000e+00  2.47584432e+00  3.16458427e+00  3.60635701e+00  3.13941608e+00 
 2.30037304e-04  2.43750000e+00  2.47599316e+00  3.16945770e+00  3.61109940e+00  3.14437803e+00 
 2.30237304e-04  2.43750000e+00  2.47614108e+00  3.17431264e+00  3.61581258e+00  3.14932211e+00 
 2.30437304e-04  2.43750000e+00  2.47628808e+00  3.17914902e+00  3.62049671e+00  3.15424821e+00 
 2.30637304e-04  2.43750000e+00  2.47643419e+00  3.18396674e+00  3.62515198e+00  3.15915621e+00 
 2.30837304e-04  2.43750000e+00  2.47657939e+00  3.18876571e+00  3.62977856e+00  3.16404600e+00 
 2.31037304e-04  2.43750000e+00  2.47672370e+00  3.19354585e+00  3.63437663e+00  3.16891748e+00 
 2.31237304e-04  2.43750000e+00  2.47686712e+00  3.19830709e+00  3.63894637e+00  3.17377055e+00 
 2.31437304e-04  2.43750000e+00  2.47700965e+00  3.20304935e+00  3.64348795e+00  3.17860510e+00 
 2.31637304e-04  2.43750000e+00  2.47715131e+00  3.20777255e+00  3.64800154e+00  3.18342105e+00 
 2.31837304e-04  2.43750000e+00  2.47729209e+00  3.21247665e+00  3.65248732e+00  3.18821832e+00 
 2.32037304e-04  2.43750000e+00  2.47743201e+00  3.21716156e+00  3.65694545e+00  3.19299682e+00 
 2.32237304e-04  2.43750000e+00  2.47757107e+00  3.22182724e+00  3.66137612e+00  3.19775646e+00 
 2.32437304e-04  2.43750000e+00  2.47770927e+00  3.22647362e+00  3.66577948e+00  3.20249718e+00 
 2.32637304e-04  2.43750000e+00  2.47784661e+00  3.23110066e+00  3.67015571e+00  3.20721890e+00 
 2.32837304e-04  2.43750000e+00  2.47798312e+00  3.23570831e+00  3.67450497e+00  3.21192156e+00 
 2.33037304e-04  2.43750000e+00  2.47811878e+00  3.24029652e+00  3.67882743e+00  3.21660509e+00 
 2.33237304e-04  2.43750000e+00  2.47825360e+00  3.24486525e+00  3.68312326e+00  3.22126944e+00 
 2.33437304e-04  2.43750000e+00  2.47838760e+00  3.24941446e+00  3.68739261e+00  3.22591454e+00 
 2.33637304e-04  2.43750000e+00  2.47852077e+00  3.25394412e+00  3.69163566e+00  3.23054034e+00 
 2.33837304e-04  2.43750000e+00  2.47865312e+00  3.25845420e+00  3.69585256e+00  3.23514680e+00 
 2.34037304e-04  2.43750000e+00  2.47878465e+00  3.26294466e+00  3.70004347e+00  3.23973387e+00 
 2.34237304e-04  2.43750000e+00  2.47891537e+00  3.26741547e+00  3.70420856e+00  3.24430151e+00 
 2.34437304e-04  2.43750000e+00  2.47904529e+00  3.27186662e+00  3.70834798e+00  3.24884967e+00 
 2.34637304e-04  2.43750000e+00  2.47917441e+00  3.27629809e+00  3.71246190e+00  3.25337832e+00 
 2.34837304e-04  2.43750000e+00  2.47930273e+00  3.28070985e+00  3.71655046e+00  3.25788743e+00 
 2.35037304e-04  2.43750000e+00  2.47943026e+00  3.28510189e+00  3.72061383e+00  3.26237696e+00 
 2.35237304e-04  2.43750000e+00  2.47955701e+00  3.28947419e+00  3.72465216e+00  3.26684689e+00 
 2.35437304e-04  2.43750000e+00  2.47968297e+00  3.29382675e+00  3.72866561e+00  3.27129719e+00 
 2.35637304e-04  2.43750000e+00  2.47980816e+00  3.29815956e+00  3.73265433e+00  3.27572785e+00 
 2.35837304e-04  2.43750000e+00  2.47993258e+00  3.30247261e+00  3.73661846e+00  3.28013884e+00 
 2.36037304e-04  2.43750000e+00  2.48005623e+00  3.30676589e+00  3.74055817e+00  3.28453014e+00 
 2.36237304e-04  2.43750000e+00  2.48017912e+00  3.31103942e+00  3.74447360e+00  3.28890175e+00 
 2.36437304e-04  2.43750000e+00  2.48030126e+00  3.31529318e+00  3.74836490e+00  3.29325365e+00 
 2.36637304e-04  2.43750000e+00  2.48042264e+00  3.31952718e+00  3.75223222e+00  3.29758583e+00 
 2.36837304e-04  2.43750000e+00  2.48054327e+00  3.32374143e+00  3.75607572e+00  3.30189828e+00 
 2.37037304e-04  2.43750000e+00  2.48066316e+00  3.32793593e+00  3.75989552e+00  3.30619101e+00 
 2.37237304e-04  2.43750000e+00  2.48078231e+00  3.33211070e+00  3.76369179e+00  3.31046400e+00 
 2.37437304e-04  2.43750000e+00  2.48090073e+00  3.33626574e+00  3.76746467e+00  3.31471727e+00 
 2.37637304e-04  2.43750000e+00  2.48101841e+00  3.34040106e+00  3.77121430e+00  3.31895080e+00 
 2.37837304e-04  2.43750000e+00  2.48113538e+00  3.34451669e+00  3.77494082e+00  3.32316462e+00 
 2.38037304e-04  2.43750000e+00  2.48125162e+00  3.34861265e+00  3.77864438e+00  3.32735871e+00 
 2.38237304e-04  2.43750000e+00  2.48136714e+00  3.35268893e+00  3.78232511e+00  3.33153310e+00 
 2.38437304e-04  2.43750000e+00  2.48148196e+00  3.35674558e+00  3.78598316e+00  3.33568779e+00 
 2.38637304e-04  2.43750000e+00  2.48159606e+00  3.36078261e+00  3.78961868e+00  3.33982280e+00 
 2.38837304e-04  2.43750000e+00  2.48170947e+00  3.36480005e+00  3.79323178e+00  3.34393813e+00 
 2.39037304e-04  2.43750000e+00  2.48182217e+00  3.36879792e+00  3.79682263e+00  3.34803381e+00 
 2.39237304e-04  2.43750000e+00  2.48193418e+00  3.37277624e+00  3.80039134e+00  3.35210986e+00 
 2.39437304e-04  2.43750000e+00  2.48204550e+00  3.37673505e+00  3.80393807e+00  3.35616629e+00 
 2.39637304e-04  2.43750000e+00  2.48215614e+00  3.38067438e+00  3.80746294e+00  3.36020313e+00 
 2.39837304e-04  2.43750000e+00  2.48226609e+00  3.38459425e+00  3.81096609e+00  3.36422039e+00 
 2.40037304e-04  2.43750000e+00  2.48237537e+00  3.38849471e+00  3.81444765e+00  3.36821812e+00 
 2.40237304e-04  2.43750000e+00  2.48248397e+00  3.39237578e+00  3.81790775e+00  3.37219632e+00 
 2.40437304e-04  2.43750000e+00  2.48259190e+00  3.39623750e+00  3.82134654e+00  3.37615503e+00 
 2.40637304e-04  2.43750000e+00  2.48269917e+00  3.40007991e+00  3.82476413e+00  3.38009427e+00 
 2.40837304e-04  2.43750000e+00  2.48280578e+00  3.40390304e+00  3.82816066e+00  3.38401409e+00 
 2.41037304e-04  2.43750000e+00  2.48291173e+00  3.40770694e+00  3.83153626e+00  3.38791451e+00 
 2.41237304e-04  2.43750000e+00  2.48301703e+00  3.41149164e+00  3.83489107e+00  3.39179556e+00 
 2.41437304e-04  2.43750000e+00  2.48312168e+00  3.41525719e+00  3.83822519e+00  3.39565729e+00 
 2.41637304e-04  2.43750000e+00  2.48322568e+00  3.41900363e+00  3.84153877e+00  3.39949972e+00 
 2.41837304e-04  2.43750000e+00  2.48332904e+00  3.42273100e+00  3.84483194e+00  3.40332289e+00 
 2.42037304e-04  2.43750000e+00  2.48343177e+00  3.42643936e+00  3.84810481e+00  3.40712685e+00 
 2.42237304e-04  2.43750000e+00  2.48353386e+00  3.43012873e+00  3.85135751e+00  3.41091163e+00 
 2.42437304e-04  2.43750000e+00  2.48363533e+00  3.43379918e+00  3.85459016e+00  3.41467727e+00 
 2.42637304e-04  2.43750000e+00  2.48373617e+00  3.43745075e+00  3.85780290e+00  3.41842383e+00 
 2.42837304e-04  2.43750000e+00  2.48383639e+00  3.44108349e+00  3.86099584e+00  3.42215133e+00 
 2.43037304e-04  2.43750000e+00  2.48393599e+00  3.44469744e+00  3.86416910e+00  3.42585983e+00 
 2.43237304e-04  2.43750000e+00  2.48403497e+00  3.44829267e+00  3.86732280e+00  3.42954936e+00 
 2.43437304e-04  2.43750000e+00  2.48413335e+00  3.45186921e+00  3.87045708e+00  3.43321999e+00 
 2.43637304e-04  2.43750000e+00  2.48423112e+00  3.45542713e+00  3.87357203e+00  3.43687175e+00 
 2.43837304e-04  2.43750000e+00  2.48432829e+00  3.45896647e+00  3.87666780e+00  3.44050469e+00 
 2.44037304e-04  2.43750000e+00  2.48442486e+00  3.46248730e+00  3.87974448e+00  3.44411887e+00 
 2.44237304e-04  2.43750000e+00  2.48452084e+00  3.46598966e+00  3.88280221e+00  3.44771432e+00 
 2.44437304e-04  2.43750000e+00  2.48461622e+00  3.46947361e+00  3.88584109e+00  3.45129112e+00 
 2.44637304e-04  2.43750000e+00  2.48471102e+00  3.47293920e+00  3.88886125e+00  3.45484929e+00 
 2.44837304e-04  2.43750000e+00  2.48480523e+00  3.47638650e+00  3.89186279e+00  3.45838891e+00 
 2.45037304e-04  2.43750000e+00  2.48489886e+00  3.47981556e+00  3.89484584e+00  3.46191002e+00 
 2.45237304e-04  2.43750000e+00  2.48499191e+00  3.48322644e+00  3.89781050e+00  3.46541268e+00 
 2.45437304e-04  2.43750000e+00  2.48508440e+00  3.48661920e+00  3.90075690e+00  3.46889694e+00 
 2.45637304e-04  2.43750000e+00  2.48517631e+00  3.48999390e+00  3.90368514e+00  3.47236286e+00 
 2.45837304e-04  2.43750000e+00  2.48526765e+00  3.49335059e+00  3.90659533e+00  3.47581049e+00 
 2.46037304e-04  2.43750000e+00  2.48535843e+00  3.49668934e+00  3.90948759e+00  3.47923989e+00 
 2.46237304e-04  2.43750000e+00  2.48544866e+00  3.50001021e+00  3.91236203e+00  3.48265113e+00 
 2.46437304e-04  2.43750000e+00  2.48553832e+00  3.50331326e+00  3.91521875e+00  3.48604425e+00 
 2.46637304e-04  2.43750000e+00  2.48562744e+00  3.50659856e+00  3.91805787e+00  3.48941932e+00 
 2.46837304e-04  2.43750000e+00  2.48571600e+00  3.50986616e+00  3.92087949e+00  3.49277640e+00 
 2.47037304e-04  2.43750000e+00  2.48580402e+00  3.51311612e+00  3.92368372e+00  3.49611554e+00 
 2.47237304e-04  2.43750000e+00  2.48589150e+00  3.51634852e+00  3.92647068e+00  3.49943682e+00 
 2.47437304e-04  2.43750000e+00  2.48597844e+00  3.51956342e+00  3.92924046e+00  3.50274028e+00 
 2.47637304e-04  2.43750000e+00  2.48606484e+00  3.52276087e+00  3.93199317e+00  3.50602599e+00 
 2.47837304e-04  2.43750000e+00  2.48615071e+00  3.52594095e+00  3.93472891e+00  3.50929402e+00 
 2.48037304e-04  2.43750000e+00  2.48623605e+00  3.52910372e+00  3.93744780e+00  3.51254443e+00 
 2.48237304e-04  2.43750000e+00  2.48632087e+00  3.53224925e+00  3.94014993e+00  3.51577727e+00 
 2.48437304e-04  2.43750000e+00  2.48640516e+00  3.53537759e+00  3.94283542e+00  3.51899262e+00 
 2.48637304e-04  2.43750000e+00  2.48648893e+00  3.53848883e+00  3.94550435e+00  3.52219053e+00 
 2.48837304e-04  2.43750000e+00  2.48657219e+00  3.54158301e+00  3.94815683e+00  3.52537108e+00 
 2.49037304e-04  2.43750000e+00  2.48665494e+00  3.54466022e+00  3.95079297e+00  3.52853432e+00 
 2.49237304e-04  2.43750000e+00  2.48673717e+00  3.54772051e+00  3.95341286e+00  3.53168033e+00 
 2.49437304e-04  2.43750000e+00  2.48681890e+00  3.55076396e+00  3.95601661e+00  3.53480916e+00 
 2.49637304e-04  2.43750000e+00  2.48690012e+00  3.55379063e+00  3.95860431e+00  3.53792089e+00 
 2.49837304e-04  2.43750000e+00  2.48698084e+00  3.55680059e+00  3.96117607e+00  3.54101557e+00 
 2.50037304e-04  2.43750000e+00  2.48706107e+00  3.55979390e+00  3.96373198e+00  3.54409329e+00 
 2.50237304e-04  2.43750000e+00  2.48714080e+00  3.56277065e+00  3.96627213e+00  3.54715409e+00 
 2.50437304e-04  2.43750000e+00  2.48722004e+00  3.56573088e+00  3.96879664e+00  3.55019806e+00 
 2.50637304e-04  2.43750000e+00  2.48729880e+00  3.56867468e+00  3.97130558e+00  3.55322525e+00 
 2.50837304e-04  2.43750000e+00  2.48737706e+00  3.57160211e+00  3.97379907e+00  3.55623573e+00 
 2.51037304e-04  2.43750000e+00  2.48745485e+00  3.57451324e+00  3.97627718e+00  3.55922958e+00 
 2.51237304e-04  2.43750000e+00  2.48753215e+00  3.57740814e+00  3.97874003e+00  3.56220686e+00 
 2.51437304e-04  2.43750000e+00  2.48760898e+00  3.58028688e+00  3.98118770e+00  3.56516764e+00 
 2.51637304e-04  2.43750000e+00  2.48768534e+00  3.58314952e+00  3.98362028e+00  3.56811198e+00 
 2.51837304e-04  2.43750000e+00  2.48776122e+00  3.58599615e+00  3.98603788e+00  3.57103996e+00 
 2.52037304e-04  2.43750000e+00  2.48783664e+00  3.58882682e+00  3.98844057e+00  3.57395165e+00 
 2.52237304e-04  2.43750000e+00  2.48791159e+00  3.59164160e+00  3.99082846e+00  3.57684711e+00 
 2.52437304e-04  2.43750000e+00  2.48798608e+00  3.59444057e+00  3.99320163e+00  3.57972641e+00 
 2.52637304e-04  2.43750000e+00  2.48806012e+00  3.59722380e+00  3.99556018e+00  3.58258962e+00 
 2.52837304e-04  2.43750000e+00  2.48813369e+00  3.59999135e+00  3.99790420e+00  3.58543681e+00 
 2.53037304e-04  2.43750000e+00  2.48820681e+00  3.60274330e+00  4.00023376e+00  3.58826805e+00 
 2.53237304e-04  2.43750000e+00  2.48827949e+00  3.60547972e+00  4.00254898e+00  3.59108342e+00 
 2.53437304e-04  2.43750000e+00  2.48835171e+00  3.60820067e+00  4.00484992e+00  3.59388297e+00 
 2.53637304e-04  2.43750000e+00  2.48842349e+00  3.61090623e+00  4.00713669e+00  3.59666678e+00 
 2.53837304e-04  2.43750000e+00  2.48849482e+00  3.61359646e+00  4.00940936e+00  3.59943491e+00 
 2.54037304e-04  2.43750000e+00  2.48856572e+00  3.61627144e+00  4.01166802e+00  3.60218745e+00 
 2.54237304e-04  2.43750000e+00  2.48863618e+00  3.61893123e+00  4.01391277e+00  3.60492446e+00 
 2.54437304e-04  2.43750000e+00  2.48870621e+00  3.62157591e+00  4.01614368e+00  3.60764600e+00 
 2.54637304e-04  2.43750000e+00  2.48877580e+00  3.62420555e+00  4.01836085e+00  3.61035215e+00 
 2.54837304e-04  2.43750000e+00  2.48884497e+00  3.62682021e+00  4.02056435e+00  3.61304298e+00 
 2.55037304e-04  2.43750000e+00  2.48891371e+00  3.62941997e+00  4.02275427e+00  3.61571856e+00 
 2.55237304e-04  2.43750000e+00  2.48898202e+00  3.63200490e+00  4.02493070e+00  3.61837895e+00 
 2.55437304e-04  2.43750000e+00  2.48904992e+00  3.63457506e+00  4.02709372e+00  3.62102423e+00 
 2.55637304e-04  2.43750000e+00  2.48911739e+00  3.63713053e+00  4.02924340e+00  3.62365447e+00 
 2.55837304e-04  2.43750000e+00  2.48918446e+00  3.63967137e+00  4.03137984e+00  3.62626974e+00 
 2.56037304e-04  2.43750000e+00  2.48925110e+00  3.64219766e+00  4.03350311e+00  3.62887011e+00 
 2.56237304e-04  2.43750000e+00  2.48931734e+00  3.64470947e+00  4.03561329e+00  3.63145564e+00 
 2.56437304e-04  2.43750000e+00  2.48938317e+00  3.64720686e+00  4.03771047e+00  3.63402642e+00 
 2.56637304e-04  2.43750000e+00  2.48944859e+00  3.64968991e+00  4.03979473e+00  3.63658250e+00 
 2.56837304e-04  2.43750000e+00  2.48951361e+00  3.65215868e+00  4.04186614e+00  3.63912395e+00 
 2.57037304e-04  2.43750000e+00  2.48957823e+00  3.65461325e+00  4.04392479e+00  3.64165086e+00 
 2.57237304e-04  2.43750000e+00  2.48964245e+00  3.65705368e+00  4.04597075e+00  3.64416328e+00 
 2.57437304e-04  2.43750000e+00  2.48970628e+00  3.65948004e+00  4.04800410e+00  3.64666129e+00 
 2.57637304e-04  2.43750000e+00  2.48976971e+00  3.66189241e+00  4.05002492e+00  3.64914495e+00 
 2.57837304e-04  2.43750000e+00  2.48983275e+00  3.66429084e+00  4.05203329e+00  3.65161434e+00 
 2.58037304e-04  2.43750000e+00  2.48989540e+00  3.66667542e+00  4.05402928e+00  3.65406952e+00 
 2.58237304e-04  2.43750000e+00  2.48995767e+00  3.66904620e+00  4.05601297e+00  3.65651057e+00 
 2.58437304e-04  2.43750000e+00  2.49001955e+00  3.67140326e+00  4.05798443e+00  3.65893755e+00 
 2.58637304e-04  2.43750000e+00  2.49008105e+00  3.67374667e+00  4.05994375e+00  3.66135053e+00 
 2.58837304e-04  2.43750000e+00  2.49014218e+00  3.67607649e+00  4.06189099e+00  3.66374958e+00 
 2.59037304e-04  2.43750000e+00  2.49020292e+00  3.67839280e+00  4.06382623e+00  3.66613478e+00 
 2.59237304e-04  2.43750000e+00  2.49026329e+00  3.68069565e+00  4.06574954e+00  3.66850618e+00 
 2.59437304e-04  2.43750000e+00  2.49032329e+00  3.68298512e+00  4.06766100e+00  3.67086386e+00 
 2.59637304e-04  2.43750000e+00  2.49038292e+00  3.68526128e+00  4.06956069e+00  3.67320789e+00 
 2.59837304e-04  2.43750000e+00  2.49044218e+00  3.68752420e+00  4.07144866e+00  3.67553833e+00 
 2.60037304e-04  2.43750000e+00  2.49050108e+00  3.68977394e+00  4.07332500e+00  3.67785525e+00 
 2.60237304e-04  2.43750000e+00  2.49055961e+00  3.69201056e+00  4.07518977e+00  3.68015872e+00 
 2.60437304e-04  2.43750000e+00  2.49061779e+00  3.69423414e+00  4.07704306e+00  3.68244881e+00 
 2.60637304e-04  2.43750000e+00  2.49067560e+00  3.69644475e+00  4.07888492e+00  3.68472559e+00 
 2.60837304e-04  2.43750000e+00  2.49073306e+00  3.69864244e+00  4.08071543e+00  3.68698912e+00 
 2.61037304e-04  2.43750000e+00  2.49079017e+00  3.70082730e+00  4.08253466e+00  3.68923947e+00 
 2.61237304e-04  2.43750000e+00  2.49084692e+00  3.70299937e+00  4.08434268e+00  3.69147671e+00 
 2.61437304e-04  2.43750000e+00  2.49090332e+00  3.70515874e+00  4.08613956e+00  3.69370091e+00 
 2.61637304e-04  2.43750000e+00  2.49095938e+00  3.70730546e+00  4.08792536e+00  3.69591213e+00 
 2.61837304e-04  2.43750000e+00  2.49101509e+00  3.70943960e+00  4.08970016e+00  3.69811044e+00 
 2.62037304e-04  2.43750000e+00  2.49107045e+00  3.71156123e+00  4.09146402e+00  3.70029590e+00 
 2.62237304e-04  2.43750000e+00  2.49112548e+00  3.71367042e+00  4.09321701e+00  3.70246859e+00 
 2.62437304e-04  2.43750000e+00  2.49118017e+00  3.71576722e+00  4.09495919e+00  3.70462857e+00 
 2.62637304e-04  2.43750000e+00  2.49123451e+00  3.71785171e+00  4.09669064e+00  3.70677590e+00 
 2.62837304e-04  2.43750000e+00  2.49128853e+00  3.71992394e+00  4.09841142e+00  3.70891065e+00 
 2.63037304e-04  2.43750000e+00  2.49134221e+00  3.72198399e+00  4.10012160e+00  3.71103289e+00 
 2.63237304e-04  2.43750000e+00  2.49139556e+00  3.72403192e+00  4.10182123e+00  3.71314268e+00 
 2.63437304e-04  2.43750000e+00  2.49144858e+00  3.72606779e+00  4.10351039e+00  3.71524009e+00 
 2.63637304e-04  2.43750000e+00  2.49150128e+00  3.72809166e+00  4.10518914e+00  3.71732518e+00 
 2.63837304e-04  2.43750000e+00  2.49155365e+00  3.73010361e+00  4.10685755e+00  3.71939802e+00 
 2.64037304e-04  2.43750000e+00  2.49160570e+00  3.73210369e+00  4.10851567e+00  3.72145867e+00 
 2.64237304e-04  2.43750000e+00  2.49165742e+00  3.73409197e+00  4.11016357e+00  3.72350720e+00 
 2.64437304e-04  2.43750000e+00  2.49170883e+00  3.73606851e+00  4.11180132e+00  3.72554367e+00 
 2.64637304e-04  2.43750000e+00  2.49175992e+00  3.73803337e+00  4.11342898e+00  3.72756815e+00 
 2.64837304e-04  2.43750000e+00  2.49181070e+00  3.73998662e+00  4.11504660e+00  3.72958069e+00 
 2.65037304e-04  2.43750000e+00  2.49186116e+00  3.74192832e+00  4.11665426e+00  3.73158137e+00 
 2.65237304e-04  2.43750000e+00  2.49191132e+00  3.74385853e+00  4.11825200e+00  3.73357024e+00 
 2.65437304e-04  2.43750000e+00  2.49196116e+00  3.74577731e+00  4.11983990e+00  3.73554737e+00 
 2.65637304e-04  2.43750000e+00  2.49201070e+00  3.74768474e+00  4.12141802e+00  3.73751283e+00 
 2.65837304e-04  2.43750000e+00  2.49205993e+00  3.74958086e+00  4.12298641e+00  3.73946667e+00 
 2.66037304e-04  2.43750000e+00  2.49210886e+00  3.75146573e+00  4.12454513e+00  3.74140895e+00 
 2.66237304e-04  2.43750000e+00  2.49215748e+00  3.75333943e+00  4.12609425e+00  3.74333975e+00 
 2.66437304e-04  2.43750000e+00  2.49220581e+00  3.75520201e+00  4.12763382e+00  3.74525912e+00 
 2.66637304e-04  2.43750000e+00  2.49225384e+00  3.75705354e+00  4.12916390e+00  3.74716713e+00 
 2.66837304e-04  2.43750000e+00  2.49230157e+00  3.75889406e+00  4.13068456e+00  3.74906383e+00 
 2.67037304e-04  2.43750000e+00  2.49234901e+00  3.76072365e+00  4.13219584e+00  3.75094929e+00 
 2.67237304e-04  2.43750000e+00  2.49239615e+00  3.76254236e+00  4.13369781e+00  3.75282357e+00 
 2.67437304e-04  2.43750000e+00  2.49244301e+00  3.76435026e+00  4.13519052e+00  3.75468672e+00 
 2.67637304e-04  2.43750000e+00  2.49248958e+00  3.76614740e+00  4.13667403e+00  3.75653882e+00 
 2.67837304e-04  2.43750000e+00  2.49253586e+00  3.76793384e+00  4.13814840e+00  3.75837992e+00 
 2.68037304e-04  2.43750000e+00  2.49258185e+00  3.76970964e+00  4.13961368e+00  3.76021008e+00 
 2.68237304e-04  2.43750000e+00  2.49262756e+00  3.77147486e+00  4.14106994e+00  3.76202936e+00 
 2.68437304e-04  2.43750000e+00  2.49267299e+00  3.77322956e+00  4.14251721e+00  3.76383783e+00 
 2.68637304e-04  2.43750000e+00  2.49271814e+00  3.77497379e+00  4.14395557e+00  3.76563553e+00 
 2.68837304e-04  2.43750000e+00  2.49276301e+00  3.77670763e+00  4.14538507e+00  3.76742254e+00 
 2.69037304e-04  2.43750000e+00  2.49280761e+00  3.77843111e+00  4.14680575e+00  3.76919890e+00 
 2.69237304e-04  2.43750000e+00  2.49285193e+00  3.78014431e+00  4.14821768e+00  3.77096468e+00 
 2.69437304e-04  2.43750000e+00  2.49289598e+00  3.78184727e+00  4.14962091e+00  3.77271994e+00 
 2.69637304e-04  2.43750000e+00  2.49293975e+00  3.78354006e+00  4.15101549e+00  3.77446473e+00 
 2.69837304e-04  2.43750000e+00  2.49298326e+00  3.78522273e+00  4.15240147e+00  3.77619912e+00 
 2.70037304e-04  2.43750000e+00  2.49302650e+00  3.78689534e+00  4.15377892e+00  3.77792316e+00 
 2.70237304e-04  2.43750000e+00  2.49306947e+00  3.78855795e+00  4.15514787e+00  3.77963691e+00 
 2.70437304e-04  2.43750000e+00  2.49311217e+00  3.79021060e+00  4.15650839e+00  3.78134042e+00 
 2.70637304e-04  2.43750000e+00  2.49315462e+00  3.79185337e+00  4.15786052e+00  3.78303375e+00 
 2.70837304e-04  2.43750000e+00  2.49319680e+00  3.79348630e+00  4.15920432e+00  3.78471697e+00 
 2.71037304e-04  2.43750000e+00  2.49323872e+00  3.79510944e+00  4.16053984e+00  3.78639012e+00 
 2.71237304e-04  2.43750000e+00  2.49328038e+00  3.79672287e+00  4.16186713e+00  3.78805327e+00 
 2.71437304e-04  2.43750000e+00  2.49332179e+00  3.79832661e+00  4.16318624e+00  3.78970647e+00 
 2.71637304e-04  2.43750000e+00  2.49336294e+00  3.79992075e+00  4.16449722e+00  3.79134977e+00 
 2.71837304e-04  2.43750000e+00  2.49340384e+00  3.80150532e+00  4.16580012e+00  3.79298323e+00 
 2.72037304e-04  2.43750000e+00  2.49344448e+00  3.80308038e+00  4.16709499e+00  3.79460691e+00 
 2.72237304e-04  2.43750000e+00  2.49348488e+00  3.80464599e+00  4.16838187e+00  3.79622086e+00 
 2.72437304e-04  2.43750000e+00  2.49352503e+00  3.80620220e+00  4.16966083e+00  3.79782514e+00 
 2.72637304e-04  2.43750000e+00  2.49356493e+00  3.80774906e+00  4.17093191e+00  3.79941980e+00 
 2.72837304e-04  2.43750000e+00  2.49360458e+00  3.80928663e+00  4.17219515e+00  3.80100490e+00 
 2.73037304e-04  2.43750000e+00  2.49364399e+00  3.81081496e+00  4.17345061e+00  3.80258048e+00 
 2.73237304e-04  2.43750000e+00  2.49368315e+00  3.81233410e+00  4.17469833e+00  3.80414661e+00 
 2.73437304e-04  2.43750000e+00  2.49372208e+00  3.81384410e+00  4.17593836e+00  3.80570334e+00 
 2.73637304e-04  2.43750000e+00  2.49376076e+00  3.81534502e+00  4.17717075e+00  3.80725071e+00 
 2.73837304e-04  2.43750000e+00  2.49379921e+00  3.81683691e+00  4.17839554e+00  3.80878880e+00 
 2.74037304e-04  2.43750000e+00  2.49383742e+00  3.81831982e+00  4.17961279e+00  3.81031764e+00 
 2.74237304e-04  2.43750000e+00  2.49387539e+00  3.81979380e+00  4.18082253e+00  3.81183728e+00 
 2.74437304e-04  2.43750000e+00  2.49391313e+00  3.82125891e+00  4.18202482e+00  3.81334780e+00 
 2.74637304e-04  2.43750000e+00  2.49395064e+00  3.82271519e+00  4.18321970e+00  3.81484922e+00 
 2.74837304e-04  2.43750000e+00  2.49398791e+00  3.82416269e+00  4.18440721e+00  3.81634161e+00 
 2.75037304e-04  2.43750000e+00  2.49402496e+00  3.82560147e+00  4.18558741e+00  3.81782502e+00 
 2.75237304e-04  2.43750000e+00  2.49406178e+00  3.82703158e+00  4.18676033e+00  3.81929950e+00 
 2.75437304e-04  2.43750000e+00  2.49409837e+00  3.82845306e+00  4.18792603e+00  3.82076511e+00 
 2.75637304e-04  2.43750000e+00  2.49413473e+00  3.82986596e+00  4.18908454e+00  3.82222188e+00 
 2.75837304e-04  2.43750000e+00  2.49417088e+00  3.83127034e+00  4.19023591e+00  3.82366987e+00 
 2.76037304e-04  2.43750000e+00  2.49420679e+00  3.83266624e+00  4.19138018e+00  3.82510914e+00 
 2.76237304e-04  2.43750000e+00  2.49424249e+00  3.83405372e+00  4.19251740e+00  3.82653974e+00 
 2.76437304e-04  2.43750000e+00  2.49427797e+00  3.83543282e+00  4.19364762e+00  3.82796170e+00 
 2.76637304e-04  2.43750000e+00  2.49431323e+00  3.83680359e+00  4.19477087e+00  3.82937509e+00 
 2.76837304e-04  2.43750000e+00  2.49434827e+00  3.83816608e+00  4.19588719e+00  3.83077995e+00 
 2.77037304e-04  2.43750000e+00  2.49438310e+00  3.83952033e+00  4.19699664e+00  3.83217633e+00 
 2.77237304e-04  2.43750000e+00  2.49441771e+00  3.84086640e+00  4.19809925e+00  3.83356429e+00 
 2.77437304e-04  2.43750000e+00  2.49445210e+00  3.84220433e+00  4.19919506e+00  3.83494386e+00 
 2.77637304e-04  2.43750000e+00  2.49448629e+00  3.84353417e+00  4.20028412e+00  3.83631510e+00 
 2.77837304e-04  2.43750000e+00  2.49452026e+00  3.84485597e+00  4.20136647e+00  3.83767806e+00 
 2.78037304e-04  2.43750000e+00  2.49455403e+00  3.84616976e+00  4.20244215e+00  3.83903278e+00 
 2.78237304e-04  2.43750000e+00  2.49458759e+00  3.84747561e+00  4.20351119e+00  3.84037931e+00 
 2.78437304e-04  2.43750000e+00  2.49462094e+00  3.84877356e+00  4.20457365e+00  3.84171771e+00 
 2.78637304e-04  2.43750000e+00  2.49465408e+00  3.85006364e+00  4.20562957e+00  3.84304801e+00 
 2.78837304e-04  2.43750000e+00  2.49468702e+00  3.85134592e+00  4.20667897e+00  3.84437026e+00 
 2.79037304e-04  2.43750000e+00  2.49471976e+00  3.85262043e+00  4.20772191e+00  3.84568452e+00 
 2.79237304e-04  2.43750000e+00  2.49475230e+00  3.85388722e+00  4.20875842e+00  3.84699082e+00 
 2.79437304e-04  2.43750000e+00  2.49478463e+00  3.85514633e+00  4.20978854e+00  3.84828922e+00 
 2.79462304e-04  2.43750000e+00  2.49478866e+00  3.85530312e+00  4.20991681e+00  3.84845090e+00 
 2.79512304e-04  2.43750000e+00  2.49479671e+00  3.85561647e+00  4.21017314e+00  3.84877403e+00 
 2.79612304e-04  2.43750000e+00  2.49481276e+00  3.85624173e+00  4.21068463e+00  3.84941881e+00 
 2.79812304e-04  2.43750000e+00  2.49484472e+00  3.85748657e+00  4.21170288e+00  3.85070250e+00 
 2.80012304e-04  2.43750000e+00  2.49487649e+00  3.85872386e+00  4.21271486e+00  3.85197843e+00 
 2.80212304e-04  2.43750000e+00  2.49490806e+00  3.85995366e+00  4.21372060e+00  3.85324662e+00 
 2.80412304e-04  2.43750000e+00  2.49493944e+00  3.86117599e+00  4.21472014e+00  3.85450713e+00 
 2.80612304e-04  2.43750000e+00  2.49497062e+00  3.86239091e+00  4.21571352e+00  3.85576001e+00 
 2.80812304e-04  2.43750000e+00  2.49500161e+00  3.86359845e+00  4.21670077e+00  3.85700528e+00 
 2.81012304e-04  2.43750000e+00  2.49503241e+00  3.86479867e+00  4.21768195e+00  3.85824301e+00 
 2.81212304e-04  2.43750000e+00  2.49506302e+00  3.86599160e+00  4.21865707e+00  3.85947324e+00 
 2.81412304e-04  2.43750000e+00  2.49509344e+00  3.86717729e+00  4.21962619e+00  3.86069600e+00 
 2.81612304e-04  2.43750000e+00  2.49512367e+00  3.86835578e+00  4.22058934e+00  3.86191135e+00 
 2.81812304e-04  2.43750000e+00  2.49515372e+00  3.86952712e+00  4.22154654e+00  3.86311932e+00 
 2.82012304e-04  2.43750000e+00  2.49518358e+00  3.87069134e+00  4.22249785e+00  3.86431996e+00 
 2.82212304e-04  2.43750000e+00  2.49521326e+00  3.87184848e+00  4.22344330e+00  3.86551332e+00 
 2.82412304e-04  2.43750000e+00  2.49524275e+00  3.87299860e+00  4.22438292e+00  3.86669943e+00 
 2.82612304e-04  2.43750000e+00  2.49527206e+00  3.87414172e+00  4.22531675e+00  3.86787834e+00 
 2.82812304e-04  2.43750000e+00  2.49530120e+00  3.87527790e+00  4.22624482e+00  3.86905009e+00 
 2.83012304e-04  2.43750000e+00  2.49533015e+00  3.87640717e+00  4.22716717e+00  3.87021472e+00 
 2.83212304e-04  2.43750000e+00  2.49535892e+00  3.87752957e+00  4.22808384e+00  3.87137228e+00 
 2.83412304e-04  2.43750000e+00  2.49538752e+00  3.87864515e+00  4.22899486e+00  3.87252280e+00 
 2.83612304e-04  2.43750000e+00  2.49541594e+00  3.87975394e+00  4.22990027e+00  3.87366634e+00 
 2.83812304e-04  2.43750000e+00  2.49544419e+00  3.88085599e+00  4.23080009e+00  3.87480292e+00 
 2.84012304e-04  2.43750000e+00  2.49547226e+00  3.88195133e+00  4.23169437e+00  3.87593259e+00 
 2.84212304e-04  2.43750000e+00  2.49550016e+00  3.88304001e+00  4.23258314e+00  3.87705540e+00 
 2.84412304e-04  2.43750000e+00  2.49552788e+00  3.88412206e+00  4.23346643e+00  3.87817137e+00 
 2.84612304e-04  2.43750000e+00  2.49555544e+00  3.88519752e+00  4.23434428e+00  3.87928056e+00 
 2.84812304e-04  2.43750000e+00  2.49558283e+00  3.88626644e+00  4.23521672e+00  3.88038301e+00 
 2.85012304e-04  2.43750000e+00  2.49561004e+00  3.88732884e+00  4.23608378e+00  3.88147874e+00 
 2.85212304e-04  2.43750000e+00  2.49563709e+00  3.88838478e+00  4.23694549e+00  3.88256781e+00 
 2.85412304e-04  2.43750000e+00  2.49566397e+00  3.88943429e+00  4.23780190e+00  3.88365025e+00 
 2.85612304e-04  2.43750000e+00  2.49569069e+00  3.89047740e+00  4.23865303e+00  3.88472610e+00 
 2.85812304e-04  2.43750000e+00  2.49571724e+00  3.89151416e+00  4.23949891e+00  3.88579540e+00 
 2.86012304e-04  2.43750000e+00  2.49574363e+00  3.89254460e+00  4.24033958e+00  3.88685819e+00 
 2.86212304e-04  2.43750000e+00  2.49576986e+00  3.89356876e+00  4.24117507e+00  3.88791451e+00 
 2.86412304e-04  2.43750000e+00  2.49579592e+00  3.89458668e+00  4.24200541e+00  3.88896439e+00 
 2.86612304e-04  2.43750000e+00  2.49582183e+00  3.89559839e+00  4.24283063e+00  3.89000788e+00 
 2.86812304e-04  2.43750000e+00  2.49584757e+00  3.89660394e+00  4.24365077e+00  3.89104502e+00 
 2.87012304e-04  2.43750000e+00  2.49587316e+00  3.89760336e+00  4.24446585e+00  3.89207583e+00 
 2.87212304e-04  2.43750000e+00  2.49589858e+00  3.89859668e+00  4.24527591e+00  3.89310036e+00 
 2.87412304e-04  2.43750000e+00  2.49592386e+00  3.89958394e+00  4.24608097e+00  3.89411865e+00 
 2.87612304e-04  2.43750000e+00  2.49594897e+00  3.90056518e+00  4.24688108e+00  3.89513073e+00 
 2.87812304e-04  2.43750000e+00  2.49597393e+00  3.90154043e+00  4.24767625e+00  3.89613664e+00 
 2.88012304e-04  2.43750000e+00  2.49599874e+00  3.90250974e+00  4.24846652e+00  3.89713642e+00 
 2.88212304e-04  2.43750000e+00  2.49602339e+00  3.90347313e+00  4.24925192e+00  3.89813010e+00 
 2.88412304e-04  2.43750000e+00  2.49604789e+00  3.90443064e+00  4.25003249e+00  3.89911772e+00 
 2.88612304e-04  2.43750000e+00  2.49607225e+00  3.90538230e+00  4.25080824e+00  3.90009932e+00 
 2.88637304e-04  2.43750000e+00  2.49607528e+00  3.90550081e+00  4.25090483e+00  3.90022155e+00 
 2.88687304e-04  2.43750000e+00  2.49608134e+00  3.90573763e+00  4.25109787e+00  3.90046583e+00 
 2.88787304e-04  2.43750000e+00  2.49609343e+00  3.90621020e+00  4.25148306e+00  3.90095326e+00 
 2.88987304e-04  2.43750000e+00  2.49611750e+00  3.90715100e+00  4.25224987e+00  3.90192366e+00 
 2.89187304e-04  2.43750000e+00  2.49614142e+00  3.90808606e+00  4.25301195e+00  3.90288813e+00 
 2.89387304e-04  2.43750000e+00  2.49616520e+00  3.90901541e+00  4.25376934e+00  3.90384673e+00 
 2.89587304e-04  2.43750000e+00  2.49618882e+00  3.90993908e+00  4.25452206e+00  3.90479947e+00 
 2.89612304e-04  2.43750000e+00  2.49619177e+00  3.91005410e+00  4.25461579e+00  3.90491811e+00 
 2.89662304e-04  2.43750000e+00  2.49619764e+00  3.91028396e+00  4.25480310e+00  3.90515520e+00 
 2.89762304e-04  2.43750000e+00  2.49620938e+00  3.91074262e+00  4.25517685e+00  3.90562830e+00 
 2.89962304e-04  2.43750000e+00  2.49623273e+00  3.91165574e+00  4.25592090e+00  3.90657017e+00 
 2.90162304e-04  2.43750000e+00  2.49625594e+00  3.91256329e+00  4.25666036e+00  3.90750628e+00 
 2.90362304e-04  2.43750000e+00  2.49627901e+00  3.91346529e+00  4.25739526e+00  3.90843669e+00 
 2.90562304e-04  2.43750000e+00  2.49630194e+00  3.91436178e+00  4.25812564e+00  3.90936141e+00 
 2.90762304e-04  2.43750000e+00  2.49632473e+00  3.91525279e+00  4.25885151e+00  3.91028048e+00 
 2.90962304e-04  2.43750000e+00  2.49634737e+00  3.91613836e+00  4.25957291e+00  3.91119394e+00 
 2.91162304e-04  2.43750000e+00  2.49636988e+00  3.91701852e+00  4.26028986e+00  3.91210182e+00 
 2.91362304e-04  2.43750000e+00  2.49639224e+00  3.91789329e+00  4.26100240e+00  3.91300415e+00 
 2.91562304e-04  2.43750000e+00  2.49641447e+00  3.91876272e+00  4.26171054e+00  3.91390097e+00 
 2.91762304e-04  2.43750000e+00  2.49643656e+00  3.91962683e+00  4.26241432e+00  3.91479231e+00 
 2.91962304e-04  2.43750000e+00  2.49645852e+00  3.92048566e+00  4.26311376e+00  3.91567820e+00 
 2.92162304e-04  2.43750000e+00  2.49648034e+00  3.92133923e+00  4.26380889e+00  3.91655868e+00 
 2.92187304e-04  2.43750000e+00  2.49648306e+00  3.92144552e+00  4.26389545e+00  3.91666832e+00 
 2.92193554e-04  2.43750000e+00  2.49648373e+00  3.92147209e+00  4.26391708e+00  3.91669572e+00 
 2.92206054e-04  2.43750000e+00  2.49648509e+00  3.92152521e+00  4.26396035e+00  3.91675052e+00 
 2.92231054e-04  2.43750000e+00  2.49648781e+00  3.92163140e+00  4.26404682e+00  3.91686006e+00 
 2.92281054e-04  2.43750000e+00  2.49649323e+00  3.92184353e+00  4.26421956e+00  3.91707887e+00 
 2.92381054e-04  2.43750000e+00  2.49650405e+00  3.92226681e+00  4.26456425e+00  3.91751550e+00 
 2.92581054e-04  2.43750000e+00  2.49652559e+00  3.92310949e+00  4.26525044e+00  3.91838474e+00 
 2.92781054e-04  2.43750000e+00  2.49654700e+00  3.92394702e+00  4.26593241e+00  3.91924868e+00 
 2.92981054e-04  2.43750000e+00  2.49656827e+00  3.92477943e+00  4.26661017e+00  3.92010733e+00 
 2.93181054e-04  2.43750000e+00  2.49658941e+00  3.92560674e+00  4.26728375e+00  3.92096073e+00 
 2.93206054e-04  2.43750000e+00  2.49659205e+00  3.92570976e+00  4.26736762e+00  3.92106700e+00 
 2.93256054e-04  2.43750000e+00  2.49659731e+00  3.92591564e+00  4.26753524e+00  3.92127937e+00 
 2.93268554e-04  2.43750000e+00  2.49659862e+00  3.92596705e+00  4.26757710e+00  3.92133240e+00 
 2.93293554e-04  2.43750000e+00  2.49660125e+00  3.92606983e+00  4.26766077e+00  3.92143842e+00 
 2.93343554e-04  2.43750000e+00  2.49660650e+00  3.92627515e+00  4.26782794e+00  3.92165022e+00 
 2.93443554e-04  2.43750000e+00  2.49661697e+00  3.92668486e+00  4.26816149e+00  3.92207285e+00 
 2.93643554e-04  2.43750000e+00  2.49663781e+00  3.92750052e+00  4.26882551e+00  3.92291423e+00 
 2.93843554e-04  2.43750000e+00  2.49665853e+00  3.92831118e+00  4.26948544e+00  3.92375046e+00 
 2.94043554e-04  2.43750000e+00  2.49667911e+00  3.92911688e+00  4.27014130e+00  3.92458158e+00 
 2.94068554e-04  2.43750000e+00  2.49668168e+00  3.92921721e+00  4.27022297e+00  3.92468507e+00 
 2.94118554e-04  2.43750000e+00  2.49668680e+00  3.92941771e+00  4.27038618e+00  3.92489190e+00 
 2.94218554e-04  2.43750000e+00  2.49669702e+00  3.92981778e+00  4.27071184e+00  3.92530460e+00 
 2.94418554e-04  2.43750000e+00  2.49671737e+00  3.93061426e+00  4.27136014e+00  3.92612621e+00 
 2.94618554e-04  2.43750000e+00  2.49673760e+00  3.93140587e+00  4.27200445e+00  3.92694279e+00 
 2.94643554e-04  2.43750000e+00  2.49674012e+00  3.93150444e+00  4.27208468e+00  3.92704447e+00 
 2.94693554e-04  2.43750000e+00  2.49674515e+00  3.93170143e+00  4.27224501e+00  3.92724768e+00 
 2.94793554e-04  2.43750000e+00  2.49675519e+00  3.93209450e+00  4.27256493e+00  3.92765316e+00 
 2.94993554e-04  2.43750000e+00  2.49677518e+00  3.93287705e+00  4.27320181e+00  3.92846040e+00 
 2.95193554e-04  2.43750000e+00  2.49679505e+00  3.93365480e+00  4.27383477e+00  3.92926269e+00 
 2.95393554e-04  2.43750000e+00  2.49681480e+00  3.93442778e+00  4.27446383e+00  3.93006008e+00 
 2.95593554e-04  2.43750000e+00  2.49683442e+00  3.93519604e+00  4.27508901e+00  3.93085259e+00 
 2.95793554e-04  2.43750000e+00  2.49685393e+00  3.93595959e+00  4.27571034e+00  3.93164024e+00 
 2.95993554e-04  2.43750000e+00  2.49687331e+00  3.93671846e+00  4.27632784e+00  3.93242307e+00 
 2.96193554e-04  2.43750000e+00  2.49689257e+00  3.93747268e+00  4.27694153e+00  3.93320111e+00 
 2.96393554e-04  2.43750000e+00  2.49691172e+00  3.93822229e+00  4.27755144e+00  3.93397439e+00 
 2.96593554e-04  2.43750000e+00  2.49693075e+00  3.93896730e+00  4.27815759e+00  3.93474293e+00 
 2.96793554e-04  2.43750000e+00  2.49694966e+00  3.93970775e+00  4.27876001e+00  3.93550676e+00 
 2.96818554e-04  2.43750000e+00  2.49695201e+00  3.93979995e+00  4.27883502e+00  3.93560187e+00 
 2.96868554e-04  2.43750000e+00  2.49695672e+00  3.93998421e+00  4.27898493e+00  3.93579195e+00 
 2.96968554e-04  2.43750000e+00  2.49696611e+00  3.94035188e+00  4.27928405e+00  3.93617124e+00 
 2.97168554e-04  2.43750000e+00  2.49698480e+00  3.94108384e+00  4.27987952e+00  3.93692632e+00 
 2.97368554e-04  2.43750000e+00  2.49700338e+00  3.94181132e+00  4.28047132e+00  3.93767678e+00 
 2.97568554e-04  2.43750000e+00  2.49702184e+00  3.94253434e+00  4.28105948e+00  3.93842265e+00 
 2.97768554e-04  2.43750000e+00  2.49704019e+00  3.94325293e+00  4.28164401e+00  3.93916394e+00 
 2.97968554e-04  2.43750000e+00  2.49705842e+00  3.94396711e+00  4.28222494e+00  3.93990069e+00 
 2.98168554e-04  2.43750000e+00  2.49707655e+00  3.94467692e+00  4.28280229e+00  3.94063293e+00 
 2.98368554e-04  2.43750000e+00  2.49709456e+00  3.94538238e+00  4.28337608e+00  3.94136068e+00 
 2.98568554e-04  2.43750000e+00  2.49711246e+00  3.94608351e+00  4.28394634e+00  3.94208397e+00 
 2.98768554e-04  2.43750000e+00  2.49713025e+00  3.94678034e+00  4.28451308e+00  3.94280282e+00 
 2.98968554e-04  2.43750000e+00  2.49714793e+00  3.94747290e+00  4.28507632e+00  3.94351727e+00 
 2.99168554e-04  2.43750000e+00  2.49716550e+00  3.94816122e+00  4.28563610e+00  3.94422735e+00 
 2.99368554e-04  2.43750000e+00  2.49718296e+00  3.94884531e+00  4.28619243e+00  3.94493307e+00 
 2.99568554e-04  2.43750000e+00  2.49720032e+00  3.94952521e+00  4.28674532e+00  3.94563446e+00 
 2.99593554e-04  2.43750000e+00  2.49720248e+00  3.94960987e+00  4.28681417e+00  3.94572180e+00 
 2.99643554e-04  2.43750000e+00  2.49720680e+00  3.94977906e+00  4.28695175e+00  3.94589634e+00 
 2.99743554e-04  2.43750000e+00  2.49721542e+00  3.95011666e+00  4.28722629e+00  3.94624462e+00 
 2.99943554e-04  2.43750000e+00  2.49723257e+00  3.95078877e+00  4.28777281e+00  3.94693797e+00 
 3.00143554e-04  2.43750000e+00  2.49724962e+00  3.95145674e+00  4.28831597e+00  3.94762707e+00 
 3.00343554e-04  2.43750000e+00  2.49726657e+00  3.95212063e+00  4.28885578e+00  3.94831195e+00 
 3.00543554e-04  2.43750000e+00  2.49728341e+00  3.95278044e+00  4.28939226e+00  3.94899262e+00 
 3.00743554e-04  2.43750000e+00  2.49730014e+00  3.95343620e+00  4.28992544e+00  3.94966912e+00 
 3.00768554e-04  2.43750000e+00  2.49730223e+00  3.95351785e+00  4.28999183e+00  3.94975336e+00 
 3.00818554e-04  2.43750000e+00  2.49730639e+00  3.95368104e+00  4.29012451e+00  3.94992171e+00 
 3.00918554e-04  2.43750000e+00  2.49731470e+00  3.95400666e+00  4.29038925e+00  3.95025763e+00 
 3.01118554e-04  2.43750000e+00  2.49733125e+00  3.95465490e+00  4.29091628e+00  3.95092637e+00 
 3.01318554e-04  2.43750000e+00  2.49734769e+00  3.95529916e+00  4.29144006e+00  3.95159101e+00 
 3.01518554e-04  2.43750000e+00  2.49736403e+00  3.95593947e+00  4.29196062e+00  3.95225158e+00 
 3.01718554e-04  2.43750000e+00  2.49738027e+00  3.95657585e+00  4.29247797e+00  3.95290809e+00 
 3.01918554e-04  2.43750000e+00  2.49739641e+00  3.95720833e+00  4.29299213e+00  3.95356058e+00 
 3.02118554e-04  2.43750000e+00  2.49741245e+00  3.95783692e+00  4.29350312e+00  3.95420906e+00 
 3.02318554e-04  2.43750000e+00  2.49742839e+00  3.95846166e+00  4.29401096e+00  3.95485356e+00 
 3.02343554e-04  2.43750000e+00  2.49743037e+00  3.95853945e+00  4.29407419e+00  3.95493382e+00 
 3.02393554e-04  2.43750000e+00  2.49743434e+00  3.95869491e+00  4.29420057e+00  3.95509420e+00 
 3.02493554e-04  2.43750000e+00  2.49744226e+00  3.95900512e+00  4.29445273e+00  3.95541423e+00 
 3.02693554e-04  2.43750000e+00  2.49745801e+00  3.95962269e+00  4.29495472e+00  3.95605134e+00 
 3.02893554e-04  2.43750000e+00  2.49747367e+00  3.96023647e+00  4.29545361e+00  3.95668454e+00 
 3.02918554e-04  2.43750000e+00  2.49747562e+00  3.96031289e+00  4.29551573e+00  3.95676339e+00 
 3.02968554e-04  2.43750000e+00  2.49747952e+00  3.96046563e+00  4.29563988e+00  3.95692096e+00 
 3.03068554e-04  2.43750000e+00  2.49748730e+00  3.96077040e+00  4.29588760e+00  3.95723537e+00 
 3.03268554e-04  2.43750000e+00  2.49750278e+00  3.96137713e+00  4.29638074e+00  3.95786130e+00 
 3.03468554e-04  2.43750000e+00  2.49751816e+00  3.96198014e+00  4.29687085e+00  3.95848340e+00 
 3.03668554e-04  2.43750000e+00  2.49753345e+00  3.96257944e+00  4.29735794e+00  3.95910167e+00 
 3.03868554e-04  2.43750000e+00  2.49754865e+00  3.96317507e+00  4.29784202e+00  3.95971615e+00 
 3.04068554e-04  2.43750000e+00  2.49756375e+00  3.96376704e+00  4.29832312e+00  3.96032686e+00 
 3.04268554e-04  2.43750000e+00  2.49757876e+00  3.96435537e+00  4.29880126e+00  3.96093382e+00 
 3.04468554e-04  2.43750000e+00  2.49759367e+00  3.96494009e+00  4.29927645e+00  3.96153706e+00 
 3.04668554e-04  2.43750000e+00  2.49760850e+00  3.96552123e+00  4.29974871e+00  3.96213659e+00 
 3.04868554e-04  2.43750000e+00  2.49762323e+00  3.96609879e+00  4.30021806e+00  3.96273244e+00 
 3.05068554e-04  2.43750000e+00  2.49763787e+00  3.96667281e+00  4.30068451e+00  3.96332463e+00 
 3.05268554e-04  2.43750000e+00  2.49765242e+00  3.96724330e+00  4.30114810e+00  3.96391319e+00 
 3.05468554e-04  2.43750000e+00  2.49766689e+00  3.96781028e+00  4.30160882e+00  3.96449813e+00 
 3.05668554e-04  2.43750000e+00  2.49768126e+00  3.96837379e+00  4.30206671e+00  3.96507948e+00 
 3.05868554e-04  2.43750000e+00  2.49769554e+00  3.96893383e+00  4.30252177e+00  3.96565726e+00 
 3.06068554e-04  2.43750000e+00  2.49770974e+00  3.96949044e+00  4.30297403e+00  3.96623149e+00 
 3.06268554e-04  2.43750000e+00  2.49772385e+00  3.97004362e+00  4.30342350e+00  3.96680220e+00 
 3.06468554e-04  2.43750000e+00  2.49773787e+00  3.97059341e+00  4.30387021e+00  3.96736940e+00 
 3.06668554e-04  2.43750000e+00  2.49775181e+00  3.97113982e+00  4.30431415e+00  3.96793312e+00 
 3.06868554e-04  2.43750000e+00  2.49776566e+00  3.97168287e+00  4.30475537e+00  3.96849338e+00 
 3.06893554e-04  2.43750000e+00  2.49776738e+00  3.97175049e+00  4.30481031e+00  3.96856314e+00 
 3.06943554e-04  2.43750000e+00  2.49777083e+00  3.97188563e+00  4.30492010e+00  3.96870256e+00 
 3.07043554e-04  2.43750000e+00  2.49777771e+00  3.97215528e+00  4.30513918e+00  3.96898075e+00 
 3.07243554e-04  2.43750000e+00  2.49779140e+00  3.97269210e+00  4.30557530e+00  3.96953457e+00 
 3.07443554e-04  2.43750000e+00  2.49780500e+00  3.97322561e+00  4.30600874e+00  3.97008499e+00 
 3.07643554e-04  2.43750000e+00  2.49781852e+00  3.97375585e+00  4.30643951e+00  3.97063203e+00 
 3.07843554e-04  2.43750000e+00  2.49783196e+00  3.97428283e+00  4.30686763e+00  3.97117570e+00 
 3.07868554e-04  2.43750000e+00  2.49783364e+00  3.97434845e+00  4.30692094e+00  3.97124340e+00 
 3.07918554e-04  2.43750000e+00  2.49783698e+00  3.97447959e+00  4.30702747e+00  3.97137869e+00 
 3.08018554e-04  2.43750000e+00  2.49784365e+00  3.97474126e+00  4.30724004e+00  3.97164865e+00 
 3.08218554e-04  2.43750000e+00  2.49785694e+00  3.97526218e+00  4.30766322e+00  3.97218608e+00 
 3.08418554e-04  2.43750000e+00  2.49787014e+00  3.97577991e+00  4.30808379e+00  3.97272021e+00 
 3.08618554e-04  2.43750000e+00  2.49788326e+00  3.97629445e+00  4.30850178e+00  3.97325106e+00 
 3.08818554e-04  2.43750000e+00  2.49789630e+00  3.97680583e+00  4.30891718e+00  3.97377865e+00 
 3.09018554e-04  2.43750000e+00  2.49790926e+00  3.97731407e+00  4.30933002e+00  3.97430299e+00 
 3.09218554e-04  2.43750000e+00  2.49792214e+00  3.97781919e+00  4.30974032e+00  3.97482412e+00 
 3.09418554e-04  2.43750000e+00  2.49793494e+00  3.97832120e+00  4.31014810e+00  3.97534204e+00 
 3.09618554e-04  2.43750000e+00  2.49794766e+00  3.97882012e+00  4.31055335e+00  3.97585678e+00 
 3.09818554e-04  2.43750000e+00  2.49796030e+00  3.97931598e+00  4.31095611e+00  3.97636835e+00 
 3.10018554e-04  2.43750000e+00  2.49797287e+00  3.97980879e+00  4.31135639e+00  3.97687678e+00 
 3.10218554e-04  2.43750000e+00  2.49798535e+00  3.98029857e+00  4.31175420e+00  3.97738209e+00 
 3.10418554e-04  2.43750000e+00  2.49799776e+00  3.98078534e+00  4.31214956e+00  3.97788429e+00 
 3.10618554e-04  2.43750000e+00  2.49801010e+00  3.98126912e+00  4.31254249e+00  3.97838340e+00 
 3.10818554e-04  2.43750000e+00  2.49802236e+00  3.98174992e+00  4.31293299e+00  3.97887945e+00 
 3.11018554e-04  2.43750000e+00  2.49803454e+00  3.98222777e+00  4.31332108e+00  3.97937245e+00 
 3.11218554e-04  2.43750000e+00  2.49804665e+00  3.98270268e+00  4.31370679e+00  3.97986241e+00 
 3.11243554e-04  2.43750000e+00  2.49804815e+00  3.98276182e+00  4.31375481e+00  3.97992342e+00 
 3.11293554e-04  2.43750000e+00  2.49805117e+00  3.98288000e+00  4.31385079e+00  3.98004535e+00 
 3.11393554e-04  2.43750000e+00  2.49805718e+00  3.98311581e+00  4.31404231e+00  3.98028864e+00 
 3.11593554e-04  2.43750000e+00  2.49806915e+00  3.98358526e+00  4.31442356e+00  3.98077298e+00 
 3.11793554e-04  2.43750000e+00  2.49808104e+00  3.98405183e+00  4.31480247e+00  3.98125433e+00 
 3.11993554e-04  2.43750000e+00  2.49809286e+00  3.98451552e+00  4.31517905e+00  3.98173273e+00 
 3.12193554e-04  2.43750000e+00  2.49810461e+00  3.98497637e+00  4.31555330e+00  3.98220819e+00 
 3.12393554e-04  2.43750000e+00  2.49811628e+00  3.98543438e+00  4.31592524e+00  3.98268072e+00 
 3.12593554e-04  2.43750000e+00  2.49812789e+00  3.98588958e+00  4.31629490e+00  3.98315035e+00 
 3.12793554e-04  2.43750000e+00  2.49813942e+00  3.98634197e+00  4.31666227e+00  3.98361710e+00 
 3.12993554e-04  2.43750000e+00  2.49815088e+00  3.98679159e+00  4.31702738e+00  3.98408097e+00 
 3.13018554e-04  2.43750000e+00  2.49815231e+00  3.98684757e+00  4.31707285e+00  3.98413873e+00 
 3.13068554e-04  2.43750000e+00  2.49815516e+00  3.98695946e+00  4.31716370e+00  3.98425416e+00 
 3.13168554e-04  2.43750000e+00  2.49816085e+00  3.98718271e+00  4.31734499e+00  3.98448449e+00 
 3.13368554e-04  2.43750000e+00  2.49817218e+00  3.98762715e+00  4.31770590e+00  3.98494303e+00 
 3.13568554e-04  2.43750000e+00  2.49818344e+00  3.98806886e+00  4.31806457e+00  3.98539875e+00 
 3.13768554e-04  2.43750000e+00  2.49819463e+00  3.98850786e+00  4.31842104e+00  3.98585167e+00 
 3.13968554e-04  2.43750000e+00  2.49820575e+00  3.98894415e+00  4.31877532e+00  3.98630180e+00 
 3.14168554e-04  2.43750000e+00  2.49821680e+00  3.98937776e+00  4.31912740e+00  3.98674917e+00 
 3.14368554e-04  2.43750000e+00  2.49822778e+00  3.98980871e+00  4.31947732e+00  3.98719378e+00 
 3.14568554e-04  2.43750000e+00  2.49823870e+00  3.99023700e+00  4.31982508e+00  3.98763566e+00 
 3.14768554e-04  2.43750000e+00  2.49824955e+00  3.99066266e+00  4.32017070e+00  3.98807482e+00 
 3.14968554e-04  2.43750000e+00  2.49826033e+00  3.99108570e+00  4.32051419e+00  3.98851128e+00 
 3.15168554e-04  2.43750000e+00  2.49827105e+00  3.99150614e+00  4.32085556e+00  3.98894506e+00 
 3.15368554e-04  2.43750000e+00  2.49828170e+00  3.99192399e+00  4.32119483e+00  3.98937616e+00 
 3.15568554e-04  2.43750000e+00  2.49829228e+00  3.99233928e+00  4.32153201e+00  3.98980462e+00 
 3.15768554e-04  2.43750000e+00  2.49830280e+00  3.99275200e+00  4.32186711e+00  3.99023044e+00 
 3.15968554e-04  2.43750000e+00  2.49831325e+00  3.99316219e+00  4.32220014e+00  3.99065364e+00 
 3.16168554e-04  2.43750000e+00  2.49832364e+00  3.99356986e+00  4.32253112e+00  3.99107424e+00 
 3.16368554e-04  2.43750000e+00  2.49833397e+00  3.99397502e+00  4.32286006e+00  3.99149226e+00 
 3.16568554e-04  2.43750000e+00  2.49834423e+00  3.99437768e+00  4.32318698e+00  3.99190770e+00 
 3.16768554e-04  2.43750000e+00  2.49835443e+00  3.99477787e+00  4.32351188e+00  3.99232058e+00 
 3.16968554e-04  2.43750000e+00  2.49836457e+00  3.99517560e+00  4.32383477e+00  3.99273093e+00 
 3.17168554e-04  2.43750000e+00  2.49837464e+00  3.99557088e+00  4.32415568e+00  3.99313875e+00 
 3.17368554e-04  2.43750000e+00  2.49838465e+00  3.99596372e+00  4.32447461e+00  3.99354406e+00 
 3.17568554e-04  2.43750000e+00  2.49839460e+00  3.99635415e+00  4.32479157e+00  3.99394688e+00 
 3.17593554e-04  2.43750000e+00  2.49839584e+00  3.99640277e+00  4.32483104e+00  3.99399704e+00 
 3.17643554e-04  2.43750000e+00  2.49839832e+00  3.99649993e+00  4.32490991e+00  3.99409728e+00 
 3.17743554e-04  2.43750000e+00  2.49840326e+00  3.99669379e+00  4.32506730e+00  3.99429729e+00 
 3.17943554e-04  2.43750000e+00  2.49841309e+00  3.99707973e+00  4.32538061e+00  3.99469548e+00 
 3.18143554e-04  2.43750000e+00  2.49842286e+00  3.99746329e+00  4.32569199e+00  3.99509121e+00 
 3.18343554e-04  2.43750000e+00  2.49843258e+00  3.99784449e+00  4.32600145e+00  3.99548451e+00 
 3.18543554e-04  2.43750000e+00  2.49844223e+00  3.99822335e+00  4.32630900e+00  3.99587539e+00 
 3.18743554e-04  2.43750000e+00  2.49845183e+00  3.99859988e+00  4.32661466e+00  3.99626387e+00 
 3.18943554e-04  2.43750000e+00  2.49846136e+00  3.99897409e+00  4.32691843e+00  3.99664995e+00 
 3.19143554e-04  2.43750000e+00  2.49847084e+00  3.99934600e+00  4.32722034e+00  3.99703366e+00 
 3.19343554e-04  2.43750000e+00  2.49848026e+00  3.99971561e+00  4.32752038e+00  3.99741501e+00 
 3.19543554e-04  2.43750000e+00  2.49848962e+00  4.00008296e+00  4.32781857e+00  3.99779401e+00 
 3.19743554e-04  2.43750000e+00  2.49849892e+00  4.00044804e+00  4.32811492e+00  3.99817068e+00 
 3.19943554e-04  2.43750000e+00  2.49850817e+00  4.00081088e+00  4.32840945e+00  3.99854504e+00 
 3.20143554e-04  2.43750000e+00  2.49851736e+00  4.00117148e+00  4.32870216e+00  3.99891709e+00 
 3.20343554e-04  2.43750000e+00  2.49852649e+00  4.00152987e+00  4.32899307e+00  3.99928685e+00 
 3.20543554e-04  2.43750000e+00  2.49853556e+00  4.00188604e+00  4.32928219e+00  3.99965433e+00 
 3.20743554e-04  2.43750000e+00  2.49854458e+00  4.00224003e+00  4.32956952e+00  4.00001955e+00 
 3.20943554e-04  2.43750000e+00  2.49855355e+00  4.00259184e+00  4.32985509e+00  4.00038253e+00 
 3.21143554e-04  2.43750000e+00  2.49856245e+00  4.00294148e+00  4.33013889e+00  4.00074327e+00 
 3.21343554e-04  2.43750000e+00  2.49857131e+00  4.00328897e+00  4.33042095e+00  4.00110179e+00 
 3.21543554e-04  2.43750000e+00  2.49858011e+00  4.00363432e+00  4.33070126e+00  4.00145810e+00 
 3.21743554e-04  2.43750000e+00  2.49858885e+00  4.00397755e+00  4.33097985e+00  4.00181223e+00 
 3.21943554e-04  2.43750000e+00  2.49859754e+00  4.00431867e+00  4.33125672e+00  4.00216417e+00 
 3.22143554e-04  2.43750000e+00  2.49860618e+00  4.00465768e+00  4.33153189e+00  4.00251394e+00 
 3.22343554e-04  2.43750000e+00  2.49861477e+00  4.00499461e+00  4.33180536e+00  4.00286157e+00 
 3.22543554e-04  2.43750000e+00  2.49862330e+00  4.00532946e+00  4.33207714e+00  4.00320705e+00 
 3.22568554e-04  2.43750000e+00  2.49862436e+00  4.00537116e+00  4.33211098e+00  4.00325007e+00 
 3.22618554e-04  2.43750000e+00  2.49862648e+00  4.00545448e+00  4.33217861e+00  4.00333604e+00 
 3.22631054e-04  2.43750000e+00  2.49862701e+00  4.00547529e+00  4.33219550e+00  4.00335751e+00 
 3.22656054e-04  2.43750000e+00  2.49862807e+00  4.00551689e+00  4.33222926e+00  4.00340043e+00 
 3.22706054e-04  2.43750000e+00  2.49863019e+00  4.00559999e+00  4.33229671e+00  4.00348617e+00 
 3.22806054e-04  2.43750000e+00  2.49863441e+00  4.00576581e+00  4.33243130e+00  4.00365725e+00 
 3.23006054e-04  2.43750000e+00  2.49864282e+00  4.00609592e+00  4.33269922e+00  4.00399784e+00 
 3.23206054e-04  2.43750000e+00  2.49865118e+00  4.00642399e+00  4.33296550e+00  4.00433633e+00 
 3.23406054e-04  2.43750000e+00  2.49865949e+00  4.00675005e+00  4.33323013e+00  4.00467274e+00 
 3.23606054e-04  2.43750000e+00  2.49866775e+00  4.00707409e+00  4.33349314e+00  4.00500707e+00 
 3.23806054e-04  2.43750000e+00  2.49867595e+00  4.00739615e+00  4.33375452e+00  4.00533935e+00 
 3.24006054e-04  2.43750000e+00  2.49868410e+00  4.00771622e+00  4.33401429e+00  4.00566958e+00 
 3.24206054e-04  2.43750000e+00  2.49869221e+00  4.00803432e+00  4.33427246e+00  4.00599778e+00 
 3.24406054e-04  2.43750000e+00  2.49870026e+00  4.00835046e+00  4.33452904e+00  4.00632396e+00 
 3.24606054e-04  2.43750000e+00  2.49870827e+00  4.00866466e+00  4.33478404e+00  4.00664814e+00 
 3.24806054e-04  2.43750000e+00  2.49871622e+00  4.00897692e+00  4.33503746e+00  4.00697031e+00 
 3.25006054e-04  2.43750000e+00  2.49872413e+00  4.00928726e+00  4.33528933e+00  4.00729050e+00 
 3.25031054e-04  2.43750000e+00  2.49872511e+00  4.00932590e+00  4.33532069e+00  4.00733037e+00 
 3.25081054e-04  2.43750000e+00  2.49872708e+00  4.00940312e+00  4.33538336e+00  4.00741005e+00 
 3.25181054e-04  2.43750000e+00  2.49873101e+00  4.00955722e+00  4.33550842e+00  4.00756904e+00 
 3.25381054e-04  2.43750000e+00  2.49873882e+00  4.00986399e+00  4.33575738e+00  4.00788555e+00 
 3.25581054e-04  2.43750000e+00  2.49874659e+00  4.01016886e+00  4.33600481e+00  4.00820011e+00 
 3.25781054e-04  2.43750000e+00  2.49875431e+00  4.01047186e+00  4.33625071e+00  4.00851273e+00 
 3.25806054e-04  2.43750000e+00  2.49875527e+00  4.01050959e+00  4.33628133e+00  4.00855166e+00 
 3.25856054e-04  2.43750000e+00  2.49875719e+00  4.01058499e+00  4.33634252e+00  4.00862945e+00 
 3.25956054e-04  2.43750000e+00  2.49876102e+00  4.01073544e+00  4.33646462e+00  4.00878468e+00 
 3.26156054e-04  2.43750000e+00  2.49876865e+00  4.01103496e+00  4.33670769e+00  4.00909370e+00 
 3.26356054e-04  2.43750000e+00  2.49877623e+00  4.01133263e+00  4.33694926e+00  4.00940082e+00 
 3.26556054e-04  2.43750000e+00  2.49878377e+00  4.01162846e+00  4.33718934e+00  4.00970605e+00 
 3.26581054e-04  2.43750000e+00  2.49878471e+00  4.01166530e+00  4.33721924e+00  4.00974406e+00 
 3.26631054e-04  2.43750000e+00  2.49878658e+00  4.01173891e+00  4.33727898e+00  4.00982001e+00 
 3.26731054e-04  2.43750000e+00  2.49879033e+00  4.01188581e+00  4.33739819e+00  4.00997157e+00 
 3.26931054e-04  2.43750000e+00  2.49879778e+00  4.01217824e+00  4.33763550e+00  4.01027329e+00 
 3.27131054e-04  2.43750000e+00  2.49880518e+00  4.01246887e+00  4.33787136e+00  4.01057315e+00 
 3.27331054e-04  2.43750000e+00  2.49881254e+00  4.01275771e+00  4.33810576e+00  4.01087116e+00 
 3.27531054e-04  2.43750000e+00  2.49881985e+00  4.01304477e+00  4.33833871e+00  4.01116734e+00 
 3.27731054e-04  2.43750000e+00  2.49882712e+00  4.01333006e+00  4.33857023e+00  4.01146169e+00 
 3.27756054e-04  2.43750000e+00  2.49882802e+00  4.01336559e+00  4.33859906e+00  4.01149834e+00 
 3.27806054e-04  2.43750000e+00  2.49882983e+00  4.01343658e+00  4.33865667e+00  4.01157159e+00 
 3.27906054e-04  2.43750000e+00  2.49883344e+00  4.01357824e+00  4.33877162e+00  4.01171775e+00 
 3.28106054e-04  2.43750000e+00  2.49884062e+00  4.01386025e+00  4.33900048e+00  4.01200871e+00 
 3.28306054e-04  2.43750000e+00  2.49884776e+00  4.01414052e+00  4.33922792e+00  4.01229789e+00 
 3.28506054e-04  2.43750000e+00  2.49885486e+00  4.01441907e+00  4.33945395e+00  4.01258528e+00 
 3.28706054e-04  2.43750000e+00  2.49886191e+00  4.01469590e+00  4.33967860e+00  4.01287090e+00 
 3.28906054e-04  2.43750000e+00  2.49886892e+00  4.01497102e+00  4.33990186e+00  4.01315477e+00 
 3.29106054e-04  2.43750000e+00  2.49887588e+00  4.01524446e+00  4.34012374e+00  4.01343688e+00 
 3.29131054e-04  2.43750000e+00  2.49887675e+00  4.01527850e+00  4.34015137e+00  4.01347201e+00 
 3.29181054e-04  2.43750000e+00  2.49887848e+00  4.01534654e+00  4.34020659e+00  4.01354222e+00 
 3.29281054e-04  2.43750000e+00  2.49888194e+00  4.01548231e+00  4.34031676e+00  4.01368230e+00 
 3.29481054e-04  2.43750000e+00  2.49888883e+00  4.01575260e+00  4.34053609e+00  4.01396117e+00 
 3.29681054e-04  2.43750000e+00  2.49889567e+00  4.01602122e+00  4.34075406e+00  4.01423832e+00 
 3.29881054e-04  2.43750000e+00  2.49890247e+00  4.01628818e+00  4.34097070e+00  4.01451376e+00 
 3.30081054e-04  2.43750000e+00  2.49890923e+00  4.01655350e+00  4.34118599e+00  4.01478751e+00 
 3.30106054e-04  2.43750000e+00  2.49891007e+00  4.01658654e+00  4.34121280e+00  4.01482160e+00 
 3.30156054e-04  2.43750000e+00  2.49891175e+00  4.01665256e+00  4.34126638e+00  4.01488972e+00 
 3.30256054e-04  2.43750000e+00  2.49891511e+00  4.01678431e+00  4.34137328e+00  4.01502564e+00 
 3.30456054e-04  2.43750000e+00  2.49892179e+00  4.01704657e+00  4.34158610e+00  4.01529624e+00 
 3.30656054e-04  2.43750000e+00  2.49892843e+00  4.01730722e+00  4.34179760e+00  4.01556517e+00 
 3.30856054e-04  2.43750000e+00  2.49893502e+00  4.01756627e+00  4.34200780e+00  4.01583244e+00 
 3.31056054e-04  2.43750000e+00  2.49894158e+00  4.01782372e+00  4.34221671e+00  4.01609807e+00 
 3.31256054e-04  2.43750000e+00  2.49894810e+00  4.01807959e+00  4.34242433e+00  4.01636206e+00 
 3.31456054e-04  2.43750000e+00  2.49895458e+00  4.01833387e+00  4.34263067e+00  4.01662443e+00 
 3.31656054e-04  2.43750000e+00  2.49896101e+00  4.01858660e+00  4.34283573e+00  4.01688518e+00 
 3.31856054e-04  2.43750000e+00  2.49896741e+00  4.01883776e+00  4.34303954e+00  4.01714433e+00 
 3.31881054e-04  2.43750000e+00  2.49896821e+00  4.01886904e+00  4.34306491e+00  4.01717659e+00 
 3.31931054e-04  2.43750000e+00  2.49896980e+00  4.01893154e+00  4.34311563e+00  4.01724108e+00 
 3.32031054e-04  2.43750000e+00  2.49897298e+00  4.01905625e+00  4.34321682e+00  4.01736976e+00 
 3.32231054e-04  2.43750000e+00  2.49897930e+00  4.01930453e+00  4.34341828e+00  4.01762592e+00 
 3.32431054e-04  2.43750000e+00  2.49898558e+00  4.01955127e+00  4.34361849e+00  4.01788050e+00 
 3.32456054e-04  2.43750000e+00  2.49898637e+00  4.01958200e+00  4.34364342e+00  4.01791220e+00 
 3.32506054e-04  2.43750000e+00  2.49898793e+00  4.01964340e+00  4.34369324e+00  4.01797555e+00 
 3.32606054e-04  2.43750000e+00  2.49899105e+00  4.01976592e+00  4.34379266e+00  4.01810196e+00 
 3.32806054e-04  2.43750000e+00  2.49899726e+00  4.02000982e+00  4.34399056e+00  4.01835361e+00 
 3.32831054e-04  2.43750000e+00  2.49899804e+00  4.02004019e+00  4.34401520e+00  4.01838495e+00 
 3.32881054e-04  2.43750000e+00  2.49899958e+00  4.02010088e+00  4.34406445e+00  4.01844757e+00 
 3.32981054e-04  2.43750000e+00  2.49900267e+00  4.02022199e+00  4.34416272e+00  4.01857252e+00 
 3.33181054e-04  2.43750000e+00  2.49900881e+00  4.02046309e+00  4.34435834e+00  4.01882128e+00 
 3.33381054e-04  2.43750000e+00  2.49901491e+00  4.02070270e+00  4.34455276e+00  4.01906850e+00 
 3.33581054e-04  2.43750000e+00  2.49902098e+00  4.02094083e+00  4.34474598e+00  4.01931420e+00 
 3.33781054e-04  2.43750000e+00  2.49902700e+00  4.02117750e+00  4.34493801e+00  4.01955838e+00 
 3.33981054e-04  2.43750000e+00  2.49903299e+00  4.02141271e+00  4.34512886e+00  4.01980107e+00 
 3.34181054e-04  2.43750000e+00  2.49903895e+00  4.02164647e+00  4.34531853e+00  4.02004225e+00 
 3.34381054e-04  2.43750000e+00  2.49904487e+00  4.02187879e+00  4.34550703e+00  4.02028195e+00 
 3.34581054e-04  2.43750000e+00  2.49905075e+00  4.02210968e+00  4.34569437e+00  4.02052018e+00 
 3.34781054e-04  2.43750000e+00  2.49905659e+00  4.02233915e+00  4.34588056e+00  4.02075694e+00 
 3.34981054e-04  2.43750000e+00  2.49906240e+00  4.02256720e+00  4.34606560e+00  4.02099224e+00 
 3.35181054e-04  2.43750000e+00  2.49906817e+00  4.02279385e+00  4.34624949e+00  4.02122609e+00 
 3.35381054e-04  2.43750000e+00  2.49907391e+00  4.02301911e+00  4.34643226e+00  4.02145850e+00 
 3.35581054e-04  2.43750000e+00  2.49907961e+00  4.02324297e+00  4.34661390e+00  4.02168948e+00 
 3.35781054e-04  2.43750000e+00  2.49908528e+00  4.02346546e+00  4.34679441e+00  4.02191903e+00 
 3.35981054e-04  2.43750000e+00  2.49909091e+00  4.02368658e+00  4.34697382e+00  4.02214718e+00 
 3.36181054e-04  2.43750000e+00  2.49909651e+00  4.02390633e+00  4.34715212e+00  4.02237391e+00 
 3.36381054e-04  2.43750000e+00  2.49910207e+00  4.02412474e+00  4.34732932e+00  4.02259925e+00 
 3.36581054e-04  2.43750000e+00  2.49910760e+00  4.02434179e+00  4.34750543e+00  4.02282321e+00 
 3.36781054e-04  2.43750000e+00  2.49911309e+00  4.02455751e+00  4.34768045e+00  4.02304578e+00 
 3.36981054e-04  2.43750000e+00  2.49911855e+00  4.02477190e+00  4.34785440e+00  4.02326698e+00 
 3.37181054e-04  2.43750000e+00  2.49912398e+00  4.02498497e+00  4.34802727e+00  4.02348682e+00 
 3.37381054e-04  2.43750000e+00  2.49912937e+00  4.02519673e+00  4.34819908e+00  4.02370531e+00 
 3.37581054e-04  2.43750000e+00  2.49913473e+00  4.02540718e+00  4.34836983e+00  4.02392245e+00 
 3.37781054e-04  2.43750000e+00  2.49914006e+00  4.02561634e+00  4.34853953e+00  4.02413825e+00 
 3.37981054e-04  2.43750000e+00  2.49914535e+00  4.02582421e+00  4.34870818e+00  4.02435272e+00 
 3.38181054e-04  2.43750000e+00  2.49915061e+00  4.02603079e+00  4.34887579e+00  4.02456587e+00 
 3.38381054e-04  2.43750000e+00  2.49915584e+00  4.02623611e+00  4.34904237e+00  4.02477771e+00 
 3.38581054e-04  2.43750000e+00  2.49916104e+00  4.02644016e+00  4.34920792e+00  4.02498824e+00 
 3.38781054e-04  2.43750000e+00  2.49916620e+00  4.02664295e+00  4.34937245e+00  4.02519748e+00 
 3.38981054e-04  2.43750000e+00  2.49917134e+00  4.02684450e+00  4.34953597e+00  4.02540543e+00 
 3.39181054e-04  2.43750000e+00  2.49917644e+00  4.02704480e+00  4.34969848e+00  4.02561210e+00 
 3.39206054e-04  2.43750000e+00  2.49917707e+00  4.02706974e+00  4.34971871e+00  4.02563783e+00 
 3.39256054e-04  2.43750000e+00  2.49917834e+00  4.02711959e+00  4.34975915e+00  4.02568926e+00 
 3.39356054e-04  2.43750000e+00  2.49918087e+00  4.02721904e+00  4.34983984e+00  4.02579188e+00 
 3.39556054e-04  2.43750000e+00  2.49918592e+00  4.02741704e+00  4.35000048e+00  4.02599616e+00 
 3.39756054e-04  2.43750000e+00  2.49919093e+00  4.02761381e+00  4.35016012e+00  4.02619919e+00 
 3.39956054e-04  2.43750000e+00  2.49919591e+00  4.02780938e+00  4.35031879e+00  4.02640097e+00 
 3.40156054e-04  2.43750000e+00  2.49920086e+00  4.02800374e+00  4.35047647e+00  4.02660150e+00 
 3.40356054e-04  2.43750000e+00  2.49920578e+00  4.02819690e+00  4.35063319e+00  4.02680080e+00 
 3.40381054e-04  2.43750000e+00  2.49920639e+00  4.02822095e+00  4.35065270e+00  4.02682562e+00 
 3.40387304e-04  2.43750000e+00  2.49920654e+00  4.02822696e+00  4.35065758e+00  4.02683182e+00 
 3.40399804e-04  2.43750000e+00  2.49920685e+00  4.02823898e+00  4.35066733e+00  4.02684422e+00 
 3.40424804e-04  2.43750000e+00  2.49920746e+00  4.02826301e+00  4.35068683e+00  4.02686902e+00 
 3.40474804e-04  2.43750000e+00  2.49920868e+00  4.02831101e+00  4.35072577e+00  4.02691854e+00 
 3.40574804e-04  2.43750000e+00  2.49921112e+00  4.02840680e+00  4.35080348e+00  4.02701737e+00 
 3.40774804e-04  2.43750000e+00  2.49921598e+00  4.02859747e+00  4.35095817e+00  4.02721411e+00 
 3.40974804e-04  2.43750000e+00  2.49922080e+00  4.02878698e+00  4.35111192e+00  4.02740963e+00 
 3.41174804e-04  2.43750000e+00  2.49922560e+00  4.02897531e+00  4.35126472e+00  4.02760395e+00 
 3.41374804e-04  2.43750000e+00  2.49923037e+00  4.02916249e+00  4.35141657e+00  4.02779708e+00 
 3.41574804e-04  2.43750000e+00  2.49923511e+00  4.02934851e+00  4.35156749e+00  4.02798901e+00 
 3.41774804e-04  2.43750000e+00  2.49923981e+00  4.02953339e+00  4.35171748e+00  4.02817976e+00 
 3.41799804e-04  2.43750000e+00  2.49924040e+00  4.02955641e+00  4.35173616e+00  4.02820351e+00 
 3.41849804e-04  2.43750000e+00  2.49924157e+00  4.02960242e+00  4.35177348e+00  4.02825098e+00 
 3.41949804e-04  2.43750000e+00  2.49924391e+00  4.02969421e+00  4.35184795e+00  4.02834569e+00 
 3.42149804e-04  2.43750000e+00  2.49924856e+00  4.02987696e+00  4.35199622e+00  4.02853425e+00 
 3.42349804e-04  2.43750000e+00  2.49925319e+00  4.03005858e+00  4.35214356e+00  4.02872164e+00 
 3.42549804e-04  2.43750000e+00  2.49925779e+00  4.03023908e+00  4.35229000e+00  4.02890788e+00 
 3.42749804e-04  2.43750000e+00  2.49926235e+00  4.03041847e+00  4.35243554e+00  4.02909297e+00 
 3.42949804e-04  2.43750000e+00  2.49926689e+00  4.03059676e+00  4.35258018e+00  4.02927692e+00 
 3.43149804e-04  2.43750000e+00  2.49927141e+00  4.03077395e+00  4.35272392e+00  4.02945974e+00 
 3.43349804e-04  2.43750000e+00  2.49927589e+00  4.03095004e+00  4.35286679e+00  4.02964143e+00 
 3.43549804e-04  2.43750000e+00  2.49928035e+00  4.03112505e+00  4.35300877e+00  4.02982200e+00 
 3.43749804e-04  2.43750000e+00  2.49928478e+00  4.03129898e+00  4.35314987e+00  4.03000146e+00 
 3.43774804e-04  2.43750000e+00  2.49928533e+00  4.03132064e+00  4.35316745e+00  4.03002381e+00 
 3.43824804e-04  2.43750000e+00  2.49928643e+00  4.03136392e+00  4.35320256e+00  4.03006846e+00 
 3.43924804e-04  2.43750000e+00  2.49928863e+00  4.03145029e+00  4.35327262e+00  4.03015757e+00 
 3.44124804e-04  2.43750000e+00  2.49929301e+00  4.03162222e+00  4.35341210e+00  4.03033496e+00 
 3.44324804e-04  2.43750000e+00  2.49929736e+00  4.03179308e+00  4.35355072e+00  4.03051126e+00 
 3.44524804e-04  2.43750000e+00  2.49930168e+00  4.03196290e+00  4.35368849e+00  4.03068647e+00 
 3.44724804e-04  2.43750000e+00  2.49930598e+00  4.03213167e+00  4.35382541e+00  4.03086061e+00 
 3.44924804e-04  2.43750000e+00  2.49931025e+00  4.03229940e+00  4.35396148e+00  4.03103367e+00 
 3.45124804e-04  2.43750000e+00  2.49931450e+00  4.03246610e+00  4.35409672e+00  4.03120566e+00 
 3.45324804e-04  2.43750000e+00  2.49931872e+00  4.03263177e+00  4.35423112e+00  4.03137660e+00 
 3.45524804e-04  2.43750000e+00  2.49932291e+00  4.03279642e+00  4.35436469e+00  4.03154648e+00 
 3.45724804e-04  2.43750000e+00  2.49932708e+00  4.03296005e+00  4.35449744e+00  4.03171531e+00 
 3.45924804e-04  2.43750000e+00  2.49933122e+00  4.03312268e+00  4.35462937e+00  4.03188311e+00 
 3.46124804e-04  2.43750000e+00  2.49933533e+00  4.03328430e+00  4.35476049e+00  4.03204987e+00 
 3.46324804e-04  2.43750000e+00  2.49933943e+00  4.03344493e+00  4.35489080e+00  4.03221560e+00 
 3.46524804e-04  2.43750000e+00  2.49934349e+00  4.03360457e+00  4.35502031e+00  4.03238032e+00 
 3.46724804e-04  2.43750000e+00  2.49934753e+00  4.03376323e+00  4.35514902e+00  4.03254401e+00 
 3.46924804e-04  2.43750000e+00  2.49935155e+00  4.03392091e+00  4.35527693e+00  4.03270670e+00 
 3.47124804e-04  2.43750000e+00  2.49935554e+00  4.03407761e+00  4.35540406e+00  4.03286839e+00 
 3.47324804e-04  2.43750000e+00  2.49935950e+00  4.03423335e+00  4.35553041e+00  4.03302908e+00 
 3.47524804e-04  2.43750000e+00  2.49936344e+00  4.03438813e+00  4.35565597e+00  4.03318878e+00 
 3.47724804e-04  2.43750000e+00  2.49936736e+00  4.03454196e+00  4.35578076e+00  4.03334750e+00 
 3.47924804e-04  2.43750000e+00  2.49937125e+00  4.03469484e+00  4.35590479e+00  4.03350524e+00 
 3.48124804e-04  2.43750000e+00  2.49937512e+00  4.03484678e+00  4.35602805e+00  4.03366200e+00 
 3.48324804e-04  2.43750000e+00  2.49937897e+00  4.03499778e+00  4.35615054e+00  4.03381780e+00 
 3.48524804e-04  2.43750000e+00  2.49938279e+00  4.03514785e+00  4.35627229e+00  4.03397264e+00 
 3.48724804e-04  2.43750000e+00  2.49938659e+00  4.03529700e+00  4.35639328e+00  4.03412653e+00 
 3.48924804e-04  2.43750000e+00  2.49939036e+00  4.03544523e+00  4.35651353e+00  4.03427947e+00 
 3.49124804e-04  2.43750000e+00  2.49939411e+00  4.03559254e+00  4.35663304e+00  4.03443147e+00 
 3.49324804e-04  2.43750000e+00  2.49939784e+00  4.03573895e+00  4.35675181e+00  4.03458253e+00 
 3.49524804e-04  2.43750000e+00  2.49940155e+00  4.03588446e+00  4.35686984e+00  4.03473266e+00 
 3.49724804e-04  2.43750000e+00  2.49940523e+00  4.03602906e+00  4.35698715e+00  4.03488186e+00 
 3.49924804e-04  2.43750000e+00  2.49940889e+00  4.03617278e+00  4.35710374e+00  4.03503014e+00 
 3.50124804e-04  2.43750000e+00  2.49941253e+00  4.03631561e+00  4.35721961e+00  4.03517752e+00 
 3.50324804e-04  2.43750000e+00  2.49941614e+00  4.03645757e+00  4.35733477e+00  4.03532398e+00 
 3.50524804e-04  2.43750000e+00  2.49941973e+00  4.03659864e+00  4.35744921e+00  4.03546954e+00 
 3.50724804e-04  2.43750000e+00  2.49942330e+00  4.03673885e+00  4.35756295e+00  4.03561420e+00 
 3.50924804e-04  2.43750000e+00  2.49942685e+00  4.03687819e+00  4.35767599e+00  4.03575798e+00 
 3.51124804e-04  2.43750000e+00  2.49943038e+00  4.03701668e+00  4.35778833e+00  4.03590086e+00 
 3.51324804e-04  2.43750000e+00  2.49943388e+00  4.03715431e+00  4.35789998e+00  4.03604287e+00 
 3.51524804e-04  2.43750000e+00  2.49943737e+00  4.03729110e+00  4.35801094e+00  4.03618400e+00 
 3.51724804e-04  2.43750000e+00  2.49944083e+00  4.03742704e+00  4.35812122e+00  4.03632426e+00 
 3.51924804e-04  2.43750000e+00  2.49944427e+00  4.03756214e+00  4.35823082e+00  4.03646366e+00 
 3.52124804e-04  2.43750000e+00  2.49944769e+00  4.03769641e+00  4.35833974e+00  4.03660220e+00 
 3.52324804e-04  2.43750000e+00  2.49945109e+00  4.03782986e+00  4.35844799e+00  4.03673988e+00 
 3.52524804e-04  2.43750000e+00  2.49945446e+00  4.03796248e+00  4.35855558e+00  4.03687672e+00 
 3.52724804e-04  2.43750000e+00  2.49945782e+00  4.03809428e+00  4.35866250e+00  4.03701271e+00 
 3.52924804e-04  2.43750000e+00  2.49946116e+00  4.03822527e+00  4.35876876e+00  4.03714787e+00 
 3.53124804e-04  2.43750000e+00  2.49946447e+00  4.03835546e+00  4.35887437e+00  4.03728219e+00 
 3.53324804e-04  2.43750000e+00  2.49946777e+00  4.03848484e+00  4.35897933e+00  4.03741569e+00 
 3.53524804e-04  2.43750000e+00  2.49947104e+00  4.03861343e+00  4.35908364e+00  4.03754836e+00 
 3.53724804e-04  2.43750000e+00  2.49947429e+00  4.03874122e+00  4.35918730e+00  4.03768021e+00 
 3.53924804e-04  2.43750000e+00  2.49947753e+00  4.03886823e+00  4.35929033e+00  4.03781126e+00 
 3.54124804e-04  2.43750000e+00  2.49948074e+00  4.03899445e+00  4.35939273e+00  4.03794149e+00 
 3.54324804e-04  2.43750000e+00  2.49948394e+00  4.03911989e+00  4.35949449e+00  4.03807092e+00 
 3.54524804e-04  2.43750000e+00  2.49948711e+00  4.03924457e+00  4.35959562e+00  4.03819956e+00 
 3.54724804e-04  2.43750000e+00  2.49949027e+00  4.03936847e+00  4.35969613e+00  4.03832740e+00 
 3.54924804e-04  2.43750000e+00  2.49949340e+00  4.03949161e+00  4.35979603e+00  4.03845446e+00 
 3.55124804e-04  2.43750000e+00  2.49949652e+00  4.03961399e+00  4.35989530e+00  4.03858073e+00 
 3.55324804e-04  2.43750000e+00  2.49949962e+00  4.03973562e+00  4.35999397e+00  4.03870622e+00 
 3.55524804e-04  2.43750000e+00  2.49950269e+00  4.03985650e+00  4.36009202e+00  4.03883094e+00 
 3.55724804e-04  2.43750000e+00  2.49950575e+00  4.03997663e+00  4.36018948e+00  4.03895489e+00 
 3.55924804e-04  2.43750000e+00  2.49950879e+00  4.04009603e+00  4.36028633e+00  4.03907808e+00 
 3.56124804e-04  2.43750000e+00  2.49951181e+00  4.04021468e+00  4.36038258e+00  4.03920051e+00 
 3.56324804e-04  2.43750000e+00  2.49951482e+00  4.04033261e+00  4.36047824e+00  4.03932219e+00 
 3.56524804e-04  2.43750000e+00  2.49951780e+00  4.04044981e+00  4.36057332e+00  4.03944311e+00 
 3.56724804e-04  2.43750000e+00  2.49952077e+00  4.04056629e+00  4.36066780e+00  4.03956329e+00 
 3.56924804e-04  2.43750000e+00  2.49952371e+00  4.04068205e+00  4.36076171e+00  4.03968273e+00 
 3.57124804e-04  2.43750000e+00  2.49952664e+00  4.04079709e+00  4.36085503e+00  4.03980143e+00 
 3.57324804e-04  2.43750000e+00  2.49952956e+00  4.04091143e+00  4.36094778e+00  4.03991940e+00 
 3.57524804e-04  2.43750000e+00  2.49953245e+00  4.04102507e+00  4.36103996e+00  4.04003665e+00 
 3.57724804e-04  2.43750000e+00  2.49953532e+00  4.04113800e+00  4.36113157e+00  4.04015317e+00 
 3.57924804e-04  2.43750000e+00  2.49953818e+00  4.04125024e+00  4.36122261e+00  4.04026898e+00 
 3.58124804e-04  2.43750000e+00  2.49954102e+00  4.04136178e+00  4.36131310e+00  4.04038407e+00 
 3.58324804e-04  2.43750000e+00  2.49954385e+00  4.04147264e+00  4.36140303e+00  4.04049845e+00 
 3.58524804e-04  2.43750000e+00  2.49954665e+00  4.04158281e+00  4.36149240e+00  4.04061212e+00 
 3.58724804e-04  2.43750000e+00  2.49954944e+00  4.04169231e+00  4.36158122e+00  4.04072510e+00 
 3.58924804e-04  2.43750000e+00  2.49955221e+00  4.04180113e+00  4.36166949e+00  4.04083738e+00 
 3.59124804e-04  2.43750000e+00  2.49955496e+00  4.04190928e+00  4.36175722e+00  4.04094897e+00 
 3.59324804e-04  2.43750000e+00  2.49955770e+00  4.04201676e+00  4.36184441e+00  4.04105987e+00 
 3.59524804e-04  2.43750000e+00  2.49956042e+00  4.04212359e+00  4.36193107e+00  4.04117009e+00 
 3.59724804e-04  2.43750000e+00  2.49956312e+00  4.04222975e+00  4.36201718e+00  4.04127962e+00 
 3.59924804e-04  2.43750000e+00  2.49956581e+00  4.04233526e+00  4.36210277e+00  4.04138849e+00 
 3.60124804e-04  2.43750000e+00  2.49956848e+00  4.04244012e+00  4.36218783e+00  4.04149668e+00 
 3.60324804e-04  2.43750000e+00  2.49957114e+00  4.04254433e+00  4.36227237e+00  4.04160421e+00 
 3.60524804e-04  2.43750000e+00  2.49957377e+00  4.04264790e+00  4.36235638e+00  4.04171107e+00 
 3.60724804e-04  2.43750000e+00  2.49957639e+00  4.04275084e+00  4.36243988e+00  4.04181727e+00 
 3.60749804e-04  2.43750000e+00  2.49957672e+00  4.04276365e+00  4.36245028e+00  4.04183050e+00 
 3.60799804e-04  2.43750000e+00  2.49957737e+00  4.04278927e+00  4.36247105e+00  4.04185693e+00 
 3.60899804e-04  2.43750000e+00  2.49957867e+00  4.04284038e+00  4.36251251e+00  4.04190966e+00 
 3.61099804e-04  2.43750000e+00  2.49958126e+00  4.04294212e+00  4.36259505e+00  4.04201464e+00 
 3.61299804e-04  2.43750000e+00  2.49958384e+00  4.04304324e+00  4.36267707e+00  4.04211897e+00 
 3.61499804e-04  2.43750000e+00  2.49958640e+00  4.04314374e+00  4.36275859e+00  4.04222266e+00 
 3.61699804e-04  2.43750000e+00  2.49958894e+00  4.04324362e+00  4.36283961e+00  4.04232572e+00 
 3.61899804e-04  2.43750000e+00  2.49959147e+00  4.04334288e+00  4.36292013e+00  4.04242813e+00 
 3.62099804e-04  2.43750000e+00  2.49959398e+00  4.04344153e+00  4.36300015e+00  4.04252992e+00 
 3.62299804e-04  2.43750000e+00  2.49959648e+00  4.04353957e+00  4.36307968e+00  4.04263108e+00 
 3.62499804e-04  2.43750000e+00  2.49959896e+00  4.04363701e+00  4.36315872e+00  4.04273161e+00 
 3.62699804e-04  2.43750000e+00  2.49960142e+00  4.04373384e+00  4.36323727e+00  4.04283153e+00 
 3.62899804e-04  2.43750000e+00  2.49960387e+00  4.04383009e+00  4.36331534e+00  4.04293083e+00 
 3.63099804e-04  2.43750000e+00  2.49960631e+00  4.04392573e+00  4.36339293e+00  4.04302952e+00 
 3.63299804e-04  2.43750000e+00  2.49960873e+00  4.04402079e+00  4.36347004e+00  4.04312759e+00 
 3.63499804e-04  2.43750000e+00  2.49961114e+00  4.04411526e+00  4.36354667e+00  4.04322507e+00 
 3.63699804e-04  2.43750000e+00  2.49961353e+00  4.04420915e+00  4.36362283e+00  4.04332194e+00 
 3.63899804e-04  2.43750000e+00  2.49961590e+00  4.04430247e+00  4.36369852e+00  4.04341822e+00 
 3.64099804e-04  2.43750000e+00  2.49961826e+00  4.04439520e+00  4.36377375e+00  4.04351391e+00 
 3.64124804e-04  2.43750000e+00  2.49961856e+00  4.04440675e+00  4.36378312e+00  4.04352582e+00 
 3.64174804e-04  2.43750000e+00  2.49961915e+00  4.04442983e+00  4.36380184e+00  4.04354963e+00 
 3.64274804e-04  2.43750000e+00  2.49962032e+00  4.04447587e+00  4.36383919e+00  4.04359714e+00 
 3.64474804e-04  2.43750000e+00  2.49962265e+00  4.04456754e+00  4.36391355e+00  4.04369172e+00 
 3.64674804e-04  2.43750000e+00  2.49962497e+00  4.04465864e+00  4.36398745e+00  4.04378572e+00 
 3.64874804e-04  2.43750000e+00  2.49962728e+00  4.04474919e+00  4.36406089e+00  4.04387914e+00 
 3.65074804e-04  2.43750000e+00  2.49962957e+00  4.04483917e+00  4.36413388e+00  4.04397199e+00 
 3.65274804e-04  2.43750000e+00  2.49963185e+00  4.04492860e+00  4.36420643e+00  4.04406426e+00 
 3.65474804e-04  2.43750000e+00  2.49963411e+00  4.04501748e+00  4.36427852e+00  4.04415596e+00 
 3.65674804e-04  2.43750000e+00  2.49963636e+00  4.04510581e+00  4.36435017e+00  4.04424710e+00 
 3.65874804e-04  2.43750000e+00  2.49963859e+00  4.04519359e+00  4.36442138e+00  4.04433768e+00 
 3.66074804e-04  2.43750000e+00  2.49964081e+00  4.04528084e+00  4.36449215e+00  4.04442769e+00 
 3.66274804e-04  2.43750000e+00  2.49964302e+00  4.04536755e+00  4.36456249e+00  4.04451716e+00 
 3.66474804e-04  2.43750000e+00  2.49964522e+00  4.04545372e+00  4.36463239e+00  4.04460607e+00 
 3.66674804e-04  2.43750000e+00  2.49964740e+00  4.04553936e+00  4.36470186e+00  4.04469444e+00 
 3.66699804e-04  2.43750000e+00  2.49964767e+00  4.04555003e+00  4.36471051e+00  4.04470544e+00 
 3.66749804e-04  2.43750000e+00  2.49964821e+00  4.04557134e+00  4.36472779e+00  4.04472743e+00 
 3.66849804e-04  2.43750000e+00  2.49964929e+00  4.04561386e+00  4.36476229e+00  4.04477130e+00 
 3.67049804e-04  2.43750000e+00  2.49965145e+00  4.04569852e+00  4.36483096e+00  4.04485865e+00 
 3.67249804e-04  2.43750000e+00  2.49965359e+00  4.04578265e+00  4.36489920e+00  4.04494546e+00 
 3.67449804e-04  2.43750000e+00  2.49965572e+00  4.04586627e+00  4.36496703e+00  4.04503173e+00 
 3.67649804e-04  2.43750000e+00  2.49965784e+00  4.04594936e+00  4.36503444e+00  4.04511747e+00 
 3.67849804e-04  2.43750000e+00  2.49965994e+00  4.04603195e+00  4.36510143e+00  4.04520268e+00 
 3.68049804e-04  2.43750000e+00  2.49966203e+00  4.04611403e+00  4.36516801e+00  4.04528737e+00 
 3.68249804e-04  2.43750000e+00  2.49966411e+00  4.04619560e+00  4.36523418e+00  4.04537154e+00 
 3.68449804e-04  2.43750000e+00  2.49966617e+00  4.04627667e+00  4.36529994e+00  4.04545519e+00 
 3.68649804e-04  2.43750000e+00  2.49966822e+00  4.04635725e+00  4.36536529e+00  4.04553832e+00 
 3.68849804e-04  2.43750000e+00  2.49967026e+00  4.04643732e+00  4.36543025e+00  4.04562094e+00 
 3.69049804e-04  2.43750000e+00  2.49967229e+00  4.04651690e+00  4.36549480e+00  4.04570305e+00 
 3.69074804e-04  2.43750000e+00  2.49967254e+00  4.04652681e+00  4.36550284e+00  4.04571327e+00 
 3.69081054e-04  2.43750000e+00  2.49967260e+00  4.04652929e+00  4.36550485e+00  4.04571583e+00 
 3.69093554e-04  2.43750000e+00  2.49967273e+00  4.04653424e+00  4.36550886e+00  4.04572094e+00 
 3.69118554e-04  2.43750000e+00  2.49967298e+00  4.04654414e+00  4.36551689e+00  4.04573115e+00 
 3.69168554e-04  2.43750000e+00  2.49967349e+00  4.04656391e+00  4.36553294e+00  4.04575156e+00 
 3.69268554e-04  2.43750000e+00  2.49967449e+00  4.04660338e+00  4.36556495e+00  4.04579227e+00 
 3.69468554e-04  2.43750000e+00  2.49967649e+00  4.04668193e+00  4.36562867e+00  4.04587333e+00 
 3.69668554e-04  2.43750000e+00  2.49967848e+00  4.04676001e+00  4.36569200e+00  4.04595388e+00 
 3.69868554e-04  2.43750000e+00  2.49968045e+00  4.04683760e+00  4.36575494e+00  4.04603394e+00 
 3.70068554e-04  2.43750000e+00  2.49968242e+00  4.04691471e+00  4.36581749e+00  4.04611350e+00 
 3.70268554e-04  2.43750000e+00  2.49968437e+00  4.04699135e+00  4.36587965e+00  4.04619258e+00 
 3.70468554e-04  2.43750000e+00  2.49968631e+00  4.04706752e+00  4.36594144e+00  4.04627117e+00 
 3.70668554e-04  2.43750000e+00  2.49968824e+00  4.04714321e+00  4.36600284e+00  4.04634927e+00 
 3.70868554e-04  2.43750000e+00  2.49969015e+00  4.04721845e+00  4.36606386e+00  4.04642689e+00 
 3.71068554e-04  2.43750000e+00  2.49969206e+00  4.04729321e+00  4.36612451e+00  4.04650404e+00 
 3.71268554e-04  2.43750000e+00  2.49969395e+00  4.04736752e+00  4.36618479e+00  4.04658070e+00 
 3.71468554e-04  2.43750000e+00  2.49969583e+00  4.04744137e+00  4.36624469e+00  4.04665690e+00 
 3.71668554e-04  2.43750000e+00  2.49969770e+00  4.04751476e+00  4.36630422e+00  4.04673263e+00 
 3.71868554e-04  2.43750000e+00  2.49969955e+00  4.04758770e+00  4.36636339e+00  4.04680788e+00 
 3.72068554e-04  2.43750000e+00  2.49970140e+00  4.04766019e+00  4.36642219e+00  4.04688268e+00 
 3.72268554e-04  2.43750000e+00  2.49970323e+00  4.04773224e+00  4.36648063e+00  4.04695702e+00 
 3.72293554e-04  2.43750000e+00  2.49970346e+00  4.04774121e+00  4.36648791e+00  4.04696627e+00 
 3.72343554e-04  2.43750000e+00  2.49970392e+00  4.04775913e+00  4.36650245e+00  4.04698477e+00 
 3.72443554e-04  2.43750000e+00  2.49970483e+00  4.04779491e+00  4.36653146e+00  4.04702168e+00 
 3.72643554e-04  2.43750000e+00  2.49970664e+00  4.04786612e+00  4.36658923e+00  4.04709516e+00 
 3.72843554e-04  2.43750000e+00  2.49970844e+00  4.04793690e+00  4.36664664e+00  4.04716818e+00 
 3.73043554e-04  2.43750000e+00  2.49971024e+00  4.04800724e+00  4.36670370e+00  4.04724076e+00 
 3.73243554e-04  2.43750000e+00  2.49971202e+00  4.04807714e+00  4.36676040e+00  4.04731289e+00 
 3.73268554e-04  2.43750000e+00  2.49971224e+00  4.04808585e+00  4.36676746e+00  4.04732187e+00 
 3.73318554e-04  2.43750000e+00  2.49971268e+00  4.04810324e+00  4.36678157e+00  4.04733982e+00 
 3.73418554e-04  2.43750000e+00  2.49971356e+00  4.04813795e+00  4.36680973e+00  4.04737563e+00 
 3.73618554e-04  2.43750000e+00  2.49971532e+00  4.04820705e+00  4.36686578e+00  4.04744693e+00 
 3.73621679e-04  2.43750000e+00  2.49971535e+00  4.04820813e+00  4.36686665e+00  4.04744804e+00 
 3.73627929e-04  2.43750000e+00  2.49971541e+00  4.04821028e+00  4.36686840e+00  4.04745026e+00 
 3.73640429e-04  2.43750000e+00  2.49971552e+00  4.04821459e+00  4.36687189e+00  4.04745470e+00 
 3.73665429e-04  2.43750000e+00  2.49971573e+00  4.04822319e+00  4.36687887e+00  4.04746357e+00 
 3.73715429e-04  2.43750000e+00  2.49971617e+00  4.04824037e+00  4.36689280e+00  4.04748130e+00 
 3.73727929e-04  2.43750000e+00  2.49971628e+00  4.04824466e+00  4.36689629e+00  4.04748573e+00 
 3.73752929e-04  2.43750000e+00  2.49971650e+00  4.04825324e+00  4.36690324e+00  4.04749458e+00 
 3.73759179e-04  2.43750000e+00  2.49971655e+00  4.04825538e+00  4.36690498e+00  4.04749679e+00 
 3.73771679e-04  2.43750000e+00  2.49971666e+00  4.04825967e+00  4.36690846e+00  4.04750121e+00 
 3.73796679e-04  2.43750000e+00  2.49971688e+00  4.04826824e+00  4.36691541e+00  4.04751005e+00 
 3.73846679e-04  2.43750000e+00  2.49971732e+00  4.04828535e+00  4.36692929e+00  4.04752771e+00 
 3.73946679e-04  2.43750000e+00  2.49971819e+00  4.04831950e+00  4.36695699e+00  4.04756295e+00 
 3.74146679e-04  2.43750000e+00  2.49971992e+00  4.04838748e+00  4.36701213e+00  4.04763309e+00 
 3.74346679e-04  2.43750000e+00  2.49972164e+00  4.04845504e+00  4.36706694e+00  4.04770280e+00 
 3.74546679e-04  2.43750000e+00  2.49972335e+00  4.04852219e+00  4.36712140e+00  4.04777208e+00 
 3.74746679e-04  2.43750000e+00  2.49972505e+00  4.04858892e+00  4.36717553e+00  4.04784093e+00 
 3.74946679e-04  2.43750000e+00  2.49972674e+00  4.04865524e+00  4.36722933e+00  4.04790936e+00 
 3.75146679e-04  2.43750000e+00  2.49972841e+00  4.04872116e+00  4.36728279e+00  4.04797737e+00 
 3.75346679e-04  2.43750000e+00  2.49973008e+00  4.04878666e+00  4.36733593e+00  4.04804496e+00 
 3.75546679e-04  2.43750000e+00  2.49973174e+00  4.04885176e+00  4.36738874e+00  4.04811213e+00 
 3.75746679e-04  2.43750000e+00  2.49973339e+00  4.04891647e+00  4.36744122e+00  4.04817889e+00 
 3.75946679e-04  2.43750000e+00  2.49973502e+00  4.04898077e+00  4.36749338e+00  4.04824524e+00 
 3.76146679e-04  2.43750000e+00  2.49973665e+00  4.04904467e+00  4.36754522e+00  4.04831117e+00 
 3.76346679e-04  2.43750000e+00  2.49973827e+00  4.04910819e+00  4.36759673e+00  4.04837670e+00 
 3.76546679e-04  2.43750000e+00  2.49973988e+00  4.04917131e+00  4.36764793e+00  4.04844183e+00 
 3.76746679e-04  2.43750000e+00  2.49974147e+00  4.04923404e+00  4.36769882e+00  4.04850656e+00 
 3.76946679e-04  2.43750000e+00  2.49974306e+00  4.04929639e+00  4.36774939e+00  4.04857089e+00 
 3.77146679e-04  2.43750000e+00  2.49974464e+00  4.04935835e+00  4.36779965e+00  4.04863482e+00 
 3.77346679e-04  2.43750000e+00  2.49974621e+00  4.04941993e+00  4.36784960e+00  4.04869835e+00 
 3.77349804e-04  2.43750000e+00  2.49974623e+00  4.04942089e+00  4.36785038e+00  4.04869934e+00 
 3.77356054e-04  2.43750000e+00  2.49974628e+00  4.04942280e+00  4.36785194e+00  4.04870132e+00 
 3.77368554e-04  2.43750000e+00  2.49974638e+00  4.04942664e+00  4.36785505e+00  4.04870528e+00 
 3.77393554e-04  2.43750000e+00  2.49974657e+00  4.04943430e+00  4.36786126e+00  4.04871319e+00 
 3.77443554e-04  2.43750000e+00  2.49974696e+00  4.04944962e+00  4.36787368e+00  4.04872899e+00 
 3.77456054e-04  2.43750000e+00  2.49974706e+00  4.04945344e+00  4.36787679e+00  4.04873293e+00 
 3.77481054e-04  2.43750000e+00  2.49974725e+00  4.04946109e+00  4.36788299e+00  4.04874082e+00 
 3.77531054e-04  2.43750000e+00  2.49974764e+00  4.04947636e+00  4.36789538e+00  4.04875658e+00 
 3.77631054e-04  2.43750000e+00  2.49974842e+00  4.04950683e+00  4.36792009e+00  4.04878802e+00 
 3.77831054e-04  2.43750000e+00  2.49974996e+00  4.04956750e+00  4.36796930e+00  4.04885061e+00 
 3.78031054e-04  2.43750000e+00  2.49975150e+00  4.04962779e+00  4.36801821e+00  4.04891282e+00 
 3.78231054e-04  2.43750000e+00  2.49975302e+00  4.04968770e+00  4.36806681e+00  4.04897464e+00 
 3.78431054e-04  2.43750000e+00  2.49975454e+00  4.04974725e+00  4.36811511e+00  4.04903609e+00 
 3.78631054e-04  2.43750000e+00  2.49975605e+00  4.04980644e+00  4.36816312e+00  4.04909715e+00 
 3.78831054e-04  2.43750000e+00  2.49975755e+00  4.04986525e+00  4.36821083e+00  4.04915784e+00 
 3.79031054e-04  2.43750000e+00  2.49975903e+00  4.04992371e+00  4.36825824e+00  4.04921815e+00 
 3.79231054e-04  2.43750000e+00  2.49976051e+00  4.04998181e+00  4.36830537e+00  4.04927809e+00 
 3.79431054e-04  2.43750000e+00  2.49976198e+00  4.05003954e+00  4.36835220e+00  4.04933767e+00 
 3.79631054e-04  2.43750000e+00  2.49976344e+00  4.05009692e+00  4.36839875e+00  4.04939687e+00 
 3.79831054e-04  2.43750000e+00  2.49976490e+00  4.05015395e+00  4.36844500e+00  4.04945571e+00 
 3.80031054e-04  2.43750000e+00  2.49976634e+00  4.05021063e+00  4.36849098e+00  4.04951419e+00 
 3.80231054e-04  2.43750000e+00  2.49976777e+00  4.05026696e+00  4.36853667e+00  4.04957231e+00 
 3.80431054e-04  2.43750000e+00  2.49976920e+00  4.05032294e+00  4.36858207e+00  4.04963007e+00 
 3.80631054e-04  2.43750000e+00  2.49977062e+00  4.05037857e+00  4.36862720e+00  4.04968747e+00 
 3.80831054e-04  2.43750000e+00  2.49977202e+00  4.05043386e+00  4.36867205e+00  4.04974452e+00 
 3.81031054e-04  2.43750000e+00  2.49977342e+00  4.05048881e+00  4.36871663e+00  4.04980122e+00 
 3.81231054e-04  2.43750000e+00  2.49977481e+00  4.05054343e+00  4.36876092e+00  4.04985757e+00 
 3.81431054e-04  2.43750000e+00  2.49977620e+00  4.05059770e+00  4.36880495e+00  4.04991357e+00 
 3.81456054e-04  2.43750000e+00  2.49977637e+00  4.05060446e+00  4.36881043e+00  4.04992054e+00 
 3.81506054e-04  2.43750000e+00  2.49977671e+00  4.05061797e+00  4.36882139e+00  4.04993448e+00 
 3.81606054e-04  2.43750000e+00  2.49977740e+00  4.05064492e+00  4.36884325e+00  4.04996228e+00 
 3.81631054e-04  2.43750000e+00  2.49977757e+00  4.05065164e+00  4.36884870e+00  4.04996922e+00 
 3.81681054e-04  2.43750000e+00  2.49977791e+00  4.05066507e+00  4.36885960e+00  4.04998308e+00 
 3.81781054e-04  2.43750000e+00  2.49977859e+00  4.05069188e+00  4.36888134e+00  4.05001074e+00 
 3.81981054e-04  2.43750000e+00  2.49977995e+00  4.05074524e+00  4.36892462e+00  4.05006579e+00 
 3.82181054e-04  2.43750000e+00  2.49978130e+00  4.05079827e+00  4.36896764e+00  4.05012051e+00 
 3.82381054e-04  2.43750000e+00  2.49978264e+00  4.05085098e+00  4.36901039e+00  4.05017489e+00 
 3.82581054e-04  2.43750000e+00  2.49978398e+00  4.05090336e+00  4.36905288e+00  4.05022894e+00 
 3.82781054e-04  2.43750000e+00  2.49978530e+00  4.05095541e+00  4.36909511e+00  4.05028265e+00 
 3.82981054e-04  2.43750000e+00  2.49978662e+00  4.05100715e+00  4.36913707e+00  4.05033603e+00 
 3.83181054e-04  2.43750000e+00  2.49978793e+00  4.05105857e+00  4.36917878e+00  4.05038909e+00 
 3.83381054e-04  2.43750000e+00  2.49978923e+00  4.05110967e+00  4.36922023e+00  4.05044181e+00 
 3.83581054e-04  2.43750000e+00  2.49979052e+00  4.05116046e+00  4.36926143e+00  4.05049421e+00 
 3.83781054e-04  2.43750000e+00  2.49979181e+00  4.05121093e+00  4.36930237e+00  4.05054629e+00 
 3.83981054e-04  2.43750000e+00  2.49979309e+00  4.05126109e+00  4.36934306e+00  4.05059805e+00 
 3.84181054e-04  2.43750000e+00  2.49979436e+00  4.05131095e+00  4.36938349e+00  4.05064949e+00 
 3.84381054e-04  2.43750000e+00  2.49979562e+00  4.05136049e+00  4.36942368e+00  4.05070061e+00 
 3.84581054e-04  2.43750000e+00  2.49979687e+00  4.05140973e+00  4.36946362e+00  4.05075141e+00 
 3.84781054e-04  2.43750000e+00  2.49979812e+00  4.05145867e+00  4.36950332e+00  4.05080191e+00 
 3.84981054e-04  2.43750000e+00  2.49979936e+00  4.05150731e+00  4.36954277e+00  4.05085209e+00 
 3.85181054e-04  2.43750000e+00  2.49980059e+00  4.05155564e+00  4.36958198e+00  4.05090196e+00 
 3.85381054e-04  2.43750000e+00  2.49980181e+00  4.05160368e+00  4.36962094e+00  4.05095152e+00 
 3.85406054e-04  2.43750000e+00  2.49980196e+00  4.05160966e+00  4.36962579e+00  4.05095770e+00 
 3.85456054e-04  2.43750000e+00  2.49980227e+00  4.05162161e+00  4.36963549e+00  4.05097003e+00 
 3.85556054e-04  2.43750000e+00  2.49980287e+00  4.05164547e+00  4.36965484e+00  4.05099464e+00 
 3.85756054e-04  2.43750000e+00  2.49980408e+00  4.05169295e+00  4.36969335e+00  4.05104363e+00 
 3.85956054e-04  2.43750000e+00  2.49980528e+00  4.05174014e+00  4.36973163e+00  4.05109233e+00 
 3.86156054e-04  2.43750000e+00  2.49980648e+00  4.05178704e+00  4.36976968e+00  4.05114072e+00 
 3.86356054e-04  2.43750000e+00  2.49980767e+00  4.05183366e+00  4.36980749e+00  4.05118881e+00 
 3.86556054e-04  2.43750000e+00  2.49980884e+00  4.05187998e+00  4.36984506e+00  4.05123661e+00 
 3.86756054e-04  2.43750000e+00  2.49981002e+00  4.05192602e+00  4.36988241e+00  4.05128411e+00 
 3.86956054e-04  2.43750000e+00  2.49981118e+00  4.05197178e+00  4.36991952e+00  4.05133132e+00 
 3.87156054e-04  2.43750000e+00  2.49981234e+00  4.05201725e+00  4.36995640e+00  4.05137824e+00 
 3.87356054e-04  2.43750000e+00  2.49981349e+00  4.05206244e+00  4.36999306e+00  4.05142487e+00 
 3.87556054e-04  2.43750000e+00  2.49981463e+00  4.05210736e+00  4.37002949e+00  4.05147121e+00 
 3.87756054e-04  2.43750000e+00  2.49981577e+00  4.05215199e+00  4.37006570e+00  4.05151727e+00 
 3.87956054e-04  2.43750000e+00  2.49981690e+00  4.05219636e+00  4.37010169e+00  4.05156304e+00 
 3.88156054e-04  2.43750000e+00  2.49981802e+00  4.05224045e+00  4.37013745e+00  4.05160853e+00 
 3.88356054e-04  2.43750000e+00  2.49981914e+00  4.05228426e+00  4.37017299e+00  4.05165374e+00 
 3.88556054e-04  2.43750000e+00  2.49982025e+00  4.05232781e+00  4.37020831e+00  4.05169868e+00 
 3.88756054e-04  2.43750000e+00  2.49982135e+00  4.05237109e+00  4.37024342e+00  4.05174333e+00 
 3.88956054e-04  2.43750000e+00  2.49982244e+00  4.05241410e+00  4.37027831e+00  4.05178771e+00 
 3.89156054e-04  2.43750000e+00  2.49982353e+00  4.05245685e+00  4.37031298e+00  4.05183182e+00 
 3.89356054e-04  2.43750000e+00  2.49982461e+00  4.05249933e+00  4.37034744e+00  4.05187565e+00 
 3.89556054e-04  2.43750000e+00  2.49982569e+00  4.05254156e+00  4.37038169e+00  4.05191922e+00 
 3.89756054e-04  2.43750000e+00  2.49982676e+00  4.05258352e+00  4.37041573e+00  4.05196251e+00 
 3.89956054e-04  2.43750000e+00  2.49982782e+00  4.05262522e+00  4.37044956e+00  4.05200554e+00 
 3.90156054e-04  2.43750000e+00  2.49982888e+00  4.05266667e+00  4.37048317e+00  4.05204831e+00 
 3.90181054e-04  2.43750000e+00  2.49982901e+00  4.05267183e+00  4.37048736e+00  4.05205363e+00 
 3.90231054e-04  2.43750000e+00  2.49982927e+00  4.05268214e+00  4.37049573e+00  4.05206427e+00 
 3.90331054e-04  2.43750000e+00  2.49982979e+00  4.05270272e+00  4.37051242e+00  4.05208551e+00 
 3.90531054e-04  2.43750000e+00  2.49983084e+00  4.05274369e+00  4.37054565e+00  4.05212778e+00 
 3.90731054e-04  2.43750000e+00  2.49983187e+00  4.05278441e+00  4.37057868e+00  4.05216979e+00 
 3.90931054e-04  2.43750000e+00  2.49983290e+00  4.05282487e+00  4.37061150e+00  4.05221154e+00 
 3.91131054e-04  2.43750000e+00  2.49983393e+00  4.05286509e+00  4.37064412e+00  4.05225303e+00 
 3.91331054e-04  2.43750000e+00  2.49983494e+00  4.05290506e+00  4.37067654e+00  4.05229427e+00 
 3.91531054e-04  2.43750000e+00  2.49983596e+00  4.05294478e+00  4.37070876e+00  4.05233526e+00 
 3.91731054e-04  2.43750000e+00  2.49983696e+00  4.05298426e+00  4.37074078e+00  4.05237599e+00 
 3.91931054e-04  2.43750000e+00  2.49983796e+00  4.05302349e+00  4.37077261e+00  4.05241647e+00 
 3.92131054e-04  2.43750000e+00  2.49983895e+00  4.05306248e+00  4.37080423e+00  4.05245670e+00 
 3.92331054e-04  2.43750000e+00  2.49983994e+00  4.05310123e+00  4.37083567e+00  4.05249668e+00 
 3.92531054e-04  2.43750000e+00  2.49984092e+00  4.05313975e+00  4.37086691e+00  4.05253642e+00 
 3.92731054e-04  2.43750000e+00  2.49984190e+00  4.05317802e+00  4.37089795e+00  4.05257591e+00 
 3.92931054e-04  2.43750000e+00  2.49984286e+00  4.05321606e+00  4.37092881e+00  4.05261516e+00 
 3.93131054e-04  2.43750000e+00  2.49984383e+00  4.05325386e+00  4.37095947e+00  4.05265417e+00 
 3.93331054e-04  2.43750000e+00  2.49984478e+00  4.05329144e+00  4.37098995e+00  4.05269293e+00 
 3.93531054e-04  2.43750000e+00  2.49984573e+00  4.05332878e+00  4.37102024e+00  4.05273146e+00 
 3.93731054e-04  2.43750000e+00  2.49984668e+00  4.05336589e+00  4.37105034e+00  4.05276975e+00 
 3.93931054e-04  2.43750000e+00  2.49984762e+00  4.05340277e+00  4.37108025e+00  4.05280781e+00 
 3.94131054e-04  2.43750000e+00  2.49984855e+00  4.05343942e+00  4.37110999e+00  4.05284563e+00 
 3.94331054e-04  2.43750000e+00  2.49984948e+00  4.05347585e+00  4.37113953e+00  4.05288321e+00 
 3.94531054e-04  2.43750000e+00  2.49985040e+00  4.05351206e+00  4.37116890e+00  4.05292057e+00 
 3.94731054e-04  2.43750000e+00  2.49985132e+00  4.05354804e+00  4.37119809e+00  4.05295769e+00 
 3.94931054e-04  2.43750000e+00  2.49985223e+00  4.05358380e+00  4.37122709e+00  4.05299459e+00 
 3.95131054e-04  2.43750000e+00  2.49985313e+00  4.05361934e+00  4.37125592e+00  4.05303126e+00 
 3.95331054e-04  2.43750000e+00  2.49985403e+00  4.05365465e+00  4.37128457e+00  4.05306770e+00 
 3.95531054e-04  2.43750000e+00  2.49985492e+00  4.05368976e+00  4.37131304e+00  4.05310392e+00 
 3.95731054e-04  2.43750000e+00  2.49985581e+00  4.05372464e+00  4.37134134e+00  4.05313991e+00 
 3.95931054e-04  2.43750000e+00  2.49985670e+00  4.05375931e+00  4.37136946e+00  4.05317568e+00 
 3.96131054e-04  2.43750000e+00  2.49985757e+00  4.05379377e+00  4.37139741e+00  4.05321124e+00 
 3.96331054e-04  2.43750000e+00  2.49985845e+00  4.05382801e+00  4.37142519e+00  4.05324657e+00 
 3.96531054e-04  2.43750000e+00  2.49985931e+00  4.05386205e+00  4.37145279e+00  4.05328169e+00 
 3.96731054e-04  2.43750000e+00  2.49986017e+00  4.05389587e+00  4.37148023e+00  4.05331658e+00 
 3.96931054e-04  2.43750000e+00  2.49986103e+00  4.05392949e+00  4.37150749e+00  4.05335127e+00 
 3.97131054e-04  2.43750000e+00  2.49986188e+00  4.05396290e+00  4.37153459e+00  4.05338574e+00 
 3.97331054e-04  2.43750000e+00  2.49986272e+00  4.05399610e+00  4.37156152e+00  4.05342000e+00 
 3.97356054e-04  2.43750000e+00  2.49986283e+00  4.05400023e+00  4.37156488e+00  4.05342426e+00 
 3.97406054e-04  2.43750000e+00  2.49986304e+00  4.05400849e+00  4.37157158e+00  4.05343279e+00 
 3.97506054e-04  2.43750000e+00  2.49986346e+00  4.05402498e+00  4.37158495e+00  4.05344980e+00 
 3.97706054e-04  2.43750000e+00  2.49986430e+00  4.05405780e+00  4.37161157e+00  4.05348366e+00 
 3.97906054e-04  2.43750000e+00  2.49986513e+00  4.05409042e+00  4.37163803e+00  4.05351731e+00 
 3.98106054e-04  2.43750000e+00  2.49986595e+00  4.05412283e+00  4.37166433e+00  4.05355076e+00 
 3.98306054e-04  2.43750000e+00  2.49986677e+00  4.05415505e+00  4.37169046e+00  4.05358400e+00 
 3.98506054e-04  2.43750000e+00  2.49986759e+00  4.05418707e+00  4.37171643e+00  4.05361704e+00 
 3.98706054e-04  2.43750000e+00  2.49986840e+00  4.05421889e+00  4.37174224e+00  4.05364987e+00 
 3.98906054e-04  2.43750000e+00  2.49986920e+00  4.05425052e+00  4.37176789e+00  4.05368250e+00 
 3.99106054e-04  2.43750000e+00  2.49987000e+00  4.05428194e+00  4.37179339e+00  4.05371493e+00 
 3.99306054e-04  2.43750000e+00  2.49987080e+00  4.05431318e+00  4.37181872e+00  4.05374716e+00 
 3.99506054e-04  2.43750000e+00  2.49987159e+00  4.05434422e+00  4.37184390e+00  4.05377919e+00 
 3.99706054e-04  2.43750000e+00  2.49987237e+00  4.05437508e+00  4.37186893e+00  4.05381102e+00 
 3.99906054e-04  2.43750000e+00  2.49987316e+00  4.05440574e+00  4.37189380e+00  4.05384266e+00 
 4.00106054e-04  2.43750000e+00  2.49987393e+00  4.05443621e+00  4.37191852e+00  4.05387410e+00 
 4.00306054e-04  2.43750000e+00  2.49987470e+00  4.05446650e+00  4.37194308e+00  4.05390535e+00 
 4.00506054e-04  2.43750000e+00  2.49987547e+00  4.05449660e+00  4.37196750e+00  4.05393640e+00 
 4.00706054e-04  2.43750000e+00  2.49987623e+00  4.05452651e+00  4.37199176e+00  4.05396727e+00 
 4.00906054e-04  2.43750000e+00  2.49987699e+00  4.05455624e+00  4.37201587e+00  4.05399794e+00 
 4.01106054e-04  2.43750000e+00  2.49987774e+00  4.05458578e+00  4.37203984e+00  4.05402843e+00 
 4.01306054e-04  2.43750000e+00  2.49987849e+00  4.05461515e+00  4.37206366e+00  4.05405872e+00 
 4.01506054e-04  2.43750000e+00  2.49987923e+00  4.05464433e+00  4.37208733e+00  4.05408883e+00 
 4.01706054e-04  2.43750000e+00  2.49987997e+00  4.05467333e+00  4.37211085e+00  4.05411876e+00 
 4.01906054e-04  2.43750000e+00  2.49988070e+00  4.05470216e+00  4.37213423e+00  4.05414850e+00 
 4.02106054e-04  2.43750000e+00  2.49988143e+00  4.05473080e+00  4.37215747e+00  4.05417806e+00 
 4.02306054e-04  2.43750000e+00  2.49988216e+00  4.05475927e+00  4.37218056e+00  4.05420743e+00 
 4.02506054e-04  2.43750000e+00  2.49988288e+00  4.05478757e+00  4.37220351e+00  4.05423663e+00 
 4.02706054e-04  2.43750000e+00  2.49988359e+00  4.05481569e+00  4.37222632e+00  4.05426564e+00 
 4.02906054e-04  2.43750000e+00  2.49988430e+00  4.05484363e+00  4.37224899e+00  4.05429447e+00 
 4.03106054e-04  2.43750000e+00  2.49988501e+00  4.05487141e+00  4.37227152e+00  4.05432313e+00 
 4.03306054e-04  2.43750000e+00  2.49988571e+00  4.05489901e+00  4.37229391e+00  4.05435161e+00 
 4.03506054e-04  2.43750000e+00  2.49988641e+00  4.05492645e+00  4.37231616e+00  4.05437992e+00 
 4.03706054e-04  2.43750000e+00  2.49988711e+00  4.05495371e+00  4.37233828e+00  4.05440805e+00 
 4.03906054e-04  2.43750000e+00  2.49988780e+00  4.05498081e+00  4.37236026e+00  4.05443601e+00 
 4.04106054e-04  2.43750000e+00  2.49988848e+00  4.05500773e+00  4.37238210e+00  4.05446379e+00 
 4.04306054e-04  2.43750000e+00  2.49988916e+00  4.05503450e+00  4.37240381e+00  4.05449141e+00 
 4.04506054e-04  2.43750000e+00  2.49988984e+00  4.05506110e+00  4.37242538e+00  4.05451885e+00 
 4.04706054e-04  2.43750000e+00  2.49989051e+00  4.05508753e+00  4.37244682e+00  4.05454612e+00 
 4.04731054e-04  2.43750000e+00  2.49989060e+00  4.05509082e+00  4.37244949e+00  4.05454952e+00 
 4.04781054e-04  2.43750000e+00  2.49989077e+00  4.05509740e+00  4.37245483e+00  4.05455631e+00 
 4.04881054e-04  2.43750000e+00  2.49989110e+00  4.05511052e+00  4.37246548e+00  4.05456985e+00 
 4.05081054e-04  2.43750000e+00  2.49989177e+00  4.05513665e+00  4.37248667e+00  4.05459681e+00 
 4.05281054e-04  2.43750000e+00  2.49989243e+00  4.05516262e+00  4.37250773e+00  4.05462360e+00 
 4.05481054e-04  2.43750000e+00  2.49989308e+00  4.05518843e+00  4.37252867e+00  4.05465023e+00 
 4.05681054e-04  2.43750000e+00  2.49989374e+00  4.05521408e+00  4.37254947e+00  4.05467670e+00 
 4.05706054e-04  2.43750000e+00  2.49989382e+00  4.05521727e+00  4.37255206e+00  4.05467999e+00 
 4.05756054e-04  2.43750000e+00  2.49989398e+00  4.05522366e+00  4.37255724e+00  4.05468658e+00 
 4.05856054e-04  2.43750000e+00  2.49989431e+00  4.05523639e+00  4.37256757e+00  4.05469972e+00 
 4.06056054e-04  2.43750000e+00  2.49989495e+00  4.05526175e+00  4.37258814e+00  4.05472588e+00 
 4.06256054e-04  2.43750000e+00  2.49989559e+00  4.05528695e+00  4.37260858e+00  4.05475188e+00 
 4.06456054e-04  2.43750000e+00  2.49989623e+00  4.05531199e+00  4.37262889e+00  4.05477772e+00 
 4.06656054e-04  2.43750000e+00  2.49989686e+00  4.05533688e+00  4.37264908e+00  4.05480340e+00 
 4.06856054e-04  2.43750000e+00  2.49989749e+00  4.05536161e+00  4.37266914e+00  4.05482892e+00 
 4.07056054e-04  2.43750000e+00  2.49989812e+00  4.05538619e+00  4.37268908e+00  4.05485428e+00 
 4.07256054e-04  2.43750000e+00  2.49989874e+00  4.05541062e+00  4.37270890e+00  4.05487949e+00 
 4.07456054e-04  2.43750000e+00  2.49989936e+00  4.05543490e+00  4.37272859e+00  4.05490454e+00 
 4.07656054e-04  2.43750000e+00  2.49989997e+00  4.05545903e+00  4.37274816e+00  4.05492944e+00 
 4.07656445e-04  2.43750000e+00  2.49989998e+00  4.05545908e+00  4.37274820e+00  4.05492949e+00 
 4.07657226e-04  2.43750000e+00  2.49989998e+00  4.05545917e+00  4.37274828e+00  4.05492958e+00 
 4.07658789e-04  2.43750000e+00  2.49989998e+00  4.05545936e+00  4.37274843e+00  4.05492978e+00 
 4.07661914e-04  2.43750000e+00  2.49989999e+00  4.05545974e+00  4.37274874e+00  4.05493016e+00 
 4.07668164e-04  2.43750000e+00  2.49990001e+00  4.05546049e+00  4.37274935e+00  4.05493094e+00 
 4.07680664e-04  2.43750000e+00  2.49990005e+00  4.05546199e+00  4.37275056e+00  4.05493249e+00 
 4.07705664e-04  2.43750000e+00  2.49990013e+00  4.05546500e+00  4.37275300e+00  4.05493559e+00 
 4.07755664e-04  2.43750000e+00  2.49990028e+00  4.05547100e+00  4.37275787e+00  4.05494178e+00 
 4.07855664e-04  2.43750000e+00  2.49990058e+00  4.05548297e+00  4.37276758e+00  4.05495413e+00 
 4.08055664e-04  2.43750000e+00  2.49990119e+00  4.05550680e+00  4.37278691e+00  4.05497873e+00 
 4.08255664e-04  2.43750000e+00  2.49990179e+00  4.05553049e+00  4.37280612e+00  4.05500317e+00 
 4.08280664e-04  2.43750000e+00  2.49990187e+00  4.05553344e+00  4.37280852e+00  4.05500621e+00 
 4.08330664e-04  2.43750000e+00  2.49990202e+00  4.05553933e+00  4.37281330e+00  4.05501229e+00 
 4.08343164e-04  2.43750000e+00  2.49990206e+00  4.05554081e+00  4.37281449e+00  4.05501381e+00 
 4.08368164e-04  2.43750000e+00  2.49990213e+00  4.05554375e+00  4.37281688e+00  4.05501685e+00 
 4.08418164e-04  2.43750000e+00  2.49990228e+00  4.05554963e+00  4.37282165e+00  4.05502291e+00 
 4.08430664e-04  2.43750000e+00  2.49990232e+00  4.05555110e+00  4.37282284e+00  4.05502443e+00 
 4.08455664e-04  2.43750000e+00  2.49990239e+00  4.05555403e+00  4.37282522e+00  4.05502745e+00 
 4.08505664e-04  2.43750000e+00  2.49990254e+00  4.05555989e+00  4.37282997e+00  4.05503350e+00 
 4.08605664e-04  2.43750000e+00  2.49990284e+00  4.05557159e+00  4.37283946e+00  4.05504557e+00 
 4.08805664e-04  2.43750000e+00  2.49990343e+00  4.05559488e+00  4.37285835e+00  4.05506960e+00 
 4.09005664e-04  2.43750000e+00  2.49990402e+00  4.05561802e+00  4.37287713e+00  4.05509348e+00 
 4.09205664e-04  2.43750000e+00  2.49990461e+00  4.05564103e+00  4.37289578e+00  4.05511721e+00 
 4.09405664e-04  2.43750000e+00  2.49990519e+00  4.05566389e+00  4.37291433e+00  4.05514080e+00 
 4.09605664e-04  2.43750000e+00  2.49990577e+00  4.05568661e+00  4.37293276e+00  4.05516424e+00 
 4.09805664e-04  2.43750000e+00  2.49990634e+00  4.05570918e+00  4.37295107e+00  4.05518754e+00 
 4.10005664e-04  2.43750000e+00  2.49990691e+00  4.05573162e+00  4.37296927e+00  4.05521069e+00 
 4.10030664e-04  2.43750000e+00  2.49990699e+00  4.05573442e+00  4.37297154e+00  4.05521358e+00 
 4.10080664e-04  2.43750000e+00  2.49990713e+00  4.05574000e+00  4.37297607e+00  4.05521934e+00 
 4.10180664e-04  2.43750000e+00  2.49990741e+00  4.05575115e+00  4.37298511e+00  4.05523083e+00 
 4.10205664e-04  2.43750000e+00  2.49990748e+00  4.05575392e+00  4.37298736e+00  4.05523370e+00 
 4.10255664e-04  2.43750000e+00  2.49990762e+00  4.05575948e+00  4.37299187e+00  4.05523943e+00 
 4.10355664e-04  2.43750000e+00  2.49990791e+00  4.05577056e+00  4.37300085e+00  4.05525087e+00 
 4.10555664e-04  2.43750000e+00  2.49990847e+00  4.05579262e+00  4.37301875e+00  4.05527363e+00 
 4.10755664e-04  2.43750000e+00  2.49990903e+00  4.05581455e+00  4.37303653e+00  4.05529625e+00 
 4.10955664e-04  2.43750000e+00  2.49990958e+00  4.05583634e+00  4.37305421e+00  4.05531874e+00 
 4.11155664e-04  2.43750000e+00  2.49991013e+00  4.05585800e+00  4.37307178e+00  4.05534108e+00 
 4.11355664e-04  2.43750000e+00  2.49991068e+00  4.05587952e+00  4.37308923e+00  4.05536329e+00 
 4.11380664e-04  2.43750000e+00  2.49991075e+00  4.05588220e+00  4.37309141e+00  4.05536605e+00 
 4.11430664e-04  2.43750000e+00  2.49991088e+00  4.05588755e+00  4.37309575e+00  4.05537158e+00 
 4.11530664e-04  2.43750000e+00  2.49991116e+00  4.05589824e+00  4.37310442e+00  4.05538261e+00 
 4.11730664e-04  2.43750000e+00  2.49991170e+00  4.05591952e+00  4.37312168e+00  4.05540456e+00 
 4.11930664e-04  2.43750000e+00  2.49991224e+00  4.05594066e+00  4.37313883e+00  4.05542637e+00 
 4.12130664e-04  2.43750000e+00  2.49991277e+00  4.05596167e+00  4.37315587e+00  4.05544806e+00 
 4.12330664e-04  2.43750000e+00  2.49991330e+00  4.05598256e+00  4.37317281e+00  4.05546960e+00 
 4.12530664e-04  2.43750000e+00  2.49991383e+00  4.05600331e+00  4.37318965e+00  4.05549102e+00 
 4.12730664e-04  2.43750000e+00  2.49991436e+00  4.05602394e+00  4.37320638e+00  4.05551230e+00 
 4.12930664e-04  2.43750000e+00  2.49991488e+00  4.05604444e+00  4.37322301e+00  4.05553345e+00 
 4.13130664e-04  2.43750000e+00  2.49991540e+00  4.05606481e+00  4.37323953e+00  4.05555448e+00 
 4.13330664e-04  2.43750000e+00  2.49991591e+00  4.05608506e+00  4.37325596e+00  4.05557537e+00 
 4.13530664e-04  2.43750000e+00  2.49991643e+00  4.05610519e+00  4.37327228e+00  4.05559613e+00 
 4.13555664e-04  2.43750000e+00  2.49991649e+00  4.05610769e+00  4.37327431e+00  4.05559872e+00 
 4.13605664e-04  2.43750000e+00  2.49991662e+00  4.05611270e+00  4.37327838e+00  4.05560388e+00 
 4.13705664e-04  2.43750000e+00  2.49991687e+00  4.05612269e+00  4.37328648e+00  4.05561419e+00 
 4.13905664e-04  2.43750000e+00  2.49991738e+00  4.05614258e+00  4.37330262e+00  4.05563472e+00 
 4.14105664e-04  2.43750000e+00  2.49991788e+00  4.05616235e+00  4.37331865e+00  4.05565511e+00 
 4.14305664e-04  2.43750000e+00  2.49991838e+00  4.05618200e+00  4.37333459e+00  4.05567539e+00 
 4.14505664e-04  2.43750000e+00  2.49991888e+00  4.05620153e+00  4.37335043e+00  4.05569553e+00 
 4.14705664e-04  2.43750000e+00  2.49991937e+00  4.05622093e+00  4.37336617e+00  4.05571556e+00 
 4.14905664e-04  2.43750000e+00  2.49991986e+00  4.05624022e+00  4.37338181e+00  4.05573546e+00 
 4.15105664e-04  2.43750000e+00  2.49992035e+00  4.05625939e+00  4.37339736e+00  4.05575523e+00 
 4.15305664e-04  2.43750000e+00  2.49992084e+00  4.05627844e+00  4.37341281e+00  4.05577489e+00 
 4.15505664e-04  2.43750000e+00  2.49992132e+00  4.05629737e+00  4.37342817e+00  4.05579442e+00 
 4.15705664e-04  2.43750000e+00  2.49992180e+00  4.05631618e+00  4.37344343e+00  4.05581383e+00 
 4.15905664e-04  2.43750000e+00  2.49992227e+00  4.05633488e+00  4.37345860e+00  4.05583313e+00 
 4.16105664e-04  2.43750000e+00  2.49992275e+00  4.05635347e+00  4.37347367e+00  4.05585230e+00 
 4.16305664e-04  2.43750000e+00  2.49992322e+00  4.05637194e+00  4.37348865e+00  4.05587136e+00 
 4.16505664e-04  2.43750000e+00  2.49992369e+00  4.05639029e+00  4.37350354e+00  4.05589030e+00 
 4.16705664e-04  2.43750000e+00  2.49992415e+00  4.05640853e+00  4.37351834e+00  4.05590912e+00 
 4.16905664e-04  2.43750000e+00  2.49992461e+00  4.05642666e+00  4.37353304e+00  4.05592783e+00 
 4.17105664e-04  2.43750000e+00  2.49992507e+00  4.05644468e+00  4.37354766e+00  4.05594642e+00 
 4.17305664e-04  2.43750000e+00  2.49992553e+00  4.05646259e+00  4.37356218e+00  4.05596490e+00 
 4.17505664e-04  2.43750000e+00  2.49992598e+00  4.05648039e+00  4.37357662e+00  4.05598326e+00 
 4.17705664e-04  2.43750000e+00  2.49992643e+00  4.05649807e+00  4.37359097e+00  4.05600151e+00 
 4.17905664e-04  2.43750000e+00  2.49992688e+00  4.05651565e+00  4.37360522e+00  4.05601964e+00 
 4.17930664e-04  2.43750000e+00  2.49992693e+00  4.05651784e+00  4.37360700e+00  4.05602190e+00 
 4.17980664e-04  2.43750000e+00  2.49992704e+00  4.05652221e+00  4.37361055e+00  4.05602642e+00 
 4.18080664e-04  2.43750000e+00  2.49992727e+00  4.05653094e+00  4.37361763e+00  4.05603542e+00 
 4.18280664e-04  2.43750000e+00  2.49992771e+00  4.05654832e+00  4.37363172e+00  4.05605335e+00 
 4.18480664e-04  2.43750000e+00  2.49992815e+00  4.05656559e+00  4.37364573e+00  4.05607117e+00 
 4.18680664e-04  2.43750000e+00  2.49992859e+00  4.05658275e+00  4.37365965e+00  4.05608888e+00 
 4.18880664e-04  2.43750000e+00  2.49992902e+00  4.05659981e+00  4.37367348e+00  4.05610647e+00 
 4.19080664e-04  2.43750000e+00  2.49992945e+00  4.05661676e+00  4.37368723e+00  4.05612396e+00 
 4.19280664e-04  2.43750000e+00  2.49992988e+00  4.05663360e+00  4.37370090e+00  4.05614135e+00 
 4.19480664e-04  2.43750000e+00  2.49993031e+00  4.05665035e+00  4.37371448e+00  4.05615862e+00 
 4.19680664e-04  2.43750000e+00  2.49993073e+00  4.05666699e+00  4.37372798e+00  4.05617579e+00 
 4.19880664e-04  2.43750000e+00  2.49993115e+00  4.05668352e+00  4.37374139e+00  4.05619285e+00 
 4.20080664e-04  2.43750000e+00  2.49993157e+00  4.05669996e+00  4.37375472e+00  4.05620981e+00 
 4.20280664e-04  2.43750000e+00  2.49993199e+00  4.05671629e+00  4.37376797e+00  4.05622666e+00 
 4.20480664e-04  2.43750000e+00  2.49993240e+00  4.05673253e+00  4.37378114e+00  4.05624341e+00 
 4.20680664e-04  2.43750000e+00  2.49993281e+00  4.05674866e+00  4.37379422e+00  4.05626006e+00 
 4.20880664e-04  2.43750000e+00  2.49993322e+00  4.05676469e+00  4.37380723e+00  4.05627660e+00 
 4.21080664e-04  2.43750000e+00  2.49993362e+00  4.05678063e+00  4.37382016e+00  4.05629305e+00 
 4.21280664e-04  2.43750000e+00  2.49993403e+00  4.05679647e+00  4.37383300e+00  4.05630939e+00 
 4.21480664e-04  2.43750000e+00  2.49993443e+00  4.05681221e+00  4.37384577e+00  4.05632563e+00 
 4.21680664e-04  2.43750000e+00  2.49993483e+00  4.05682785e+00  4.37385846e+00  4.05634177e+00 
 4.21880664e-04  2.43750000e+00  2.49993522e+00  4.05684339e+00  4.37387107e+00  4.05635781e+00 
 4.22080664e-04  2.43750000e+00  2.49993562e+00  4.05685884e+00  4.37388360e+00  4.05637375e+00 
 4.22105664e-04  2.43750000e+00  2.49993566e+00  4.05686077e+00  4.37388516e+00  4.05637573e+00 
 4.22155664e-04  2.43750000e+00  2.49993576e+00  4.05686461e+00  4.37388828e+00  4.05637970e+00 
 4.22255664e-04  2.43750000e+00  2.49993596e+00  4.05687228e+00  4.37389450e+00  4.05638761e+00 
 4.22455664e-04  2.43750000e+00  2.49993635e+00  4.05688756e+00  4.37390689e+00  4.05640337e+00 
 4.22655664e-04  2.43750000e+00  2.49993673e+00  4.05690273e+00  4.37391920e+00  4.05641903e+00 
 4.22855664e-04  2.43750000e+00  2.49993712e+00  4.05691782e+00  4.37393143e+00  4.05643460e+00 
 4.23055664e-04  2.43750000e+00  2.49993750e+00  4.05693281e+00  4.37394359e+00  4.05645006e+00 
 4.23255664e-04  2.43750000e+00  2.49993788e+00  4.05694771e+00  4.37395568e+00  4.05646544e+00 
 4.23455664e-04  2.43750000e+00  2.49993826e+00  4.05696252e+00  4.37396769e+00  4.05648071e+00 
 4.23655664e-04  2.43750000e+00  2.49993863e+00  4.05697723e+00  4.37397963e+00  4.05649590e+00 
 4.23855664e-04  2.43750000e+00  2.49993900e+00  4.05699186e+00  4.37399149e+00  4.05651099e+00 
 4.24055664e-04  2.43750000e+00  2.49993937e+00  4.05700639e+00  4.37400328e+00  4.05652599e+00 
 4.24255664e-04  2.43750000e+00  2.49993974e+00  4.05702084e+00  4.37401500e+00  4.05654089e+00 
 4.24455664e-04  2.43750000e+00  2.49994011e+00  4.05703519e+00  4.37402664e+00  4.05655570e+00 
 4.24655664e-04  2.43750000e+00  2.49994047e+00  4.05704946e+00  4.37403822e+00  4.05657042e+00 
 4.24855664e-04  2.43750000e+00  2.49994083e+00  4.05706364e+00  4.37404972e+00  4.05658506e+00 
 4.25055664e-04  2.43750000e+00  2.49994119e+00  4.05707773e+00  4.37406115e+00  4.05659960e+00 
 4.25255664e-04  2.43750000e+00  2.49994155e+00  4.05709174e+00  4.37407251e+00  4.05661405e+00 
 4.25455664e-04  2.43750000e+00  2.49994190e+00  4.05710566e+00  4.37408380e+00  4.05662841e+00 
 4.25655664e-04  2.43750000e+00  2.49994225e+00  4.05711949e+00  4.37409502e+00  4.05664268e+00 
 4.25855664e-04  2.43750000e+00  2.49994260e+00  4.05713324e+00  4.37410617e+00  4.05665687e+00 
 4.26055664e-04  2.43750000e+00  2.49994295e+00  4.05714691e+00  4.37411726e+00  4.05667097e+00 
 4.26255664e-04  2.43750000e+00  2.49994330e+00  4.05716049e+00  4.37412827e+00  4.05668498e+00 
 4.26455664e-04  2.43750000e+00  2.49994364e+00  4.05717398e+00  4.37413922e+00  4.05669890e+00 
 4.26480664e-04  2.43750000e+00  2.49994368e+00  4.05717566e+00  4.37414058e+00  4.05670064e+00 
 4.26530664e-04  2.43750000e+00  2.49994377e+00  4.05717902e+00  4.37414330e+00  4.05670410e+00 
 4.26630664e-04  2.43750000e+00  2.49994394e+00  4.05718572e+00  4.37414874e+00  4.05671102e+00 
 4.26655664e-04  2.43750000e+00  2.49994398e+00  4.05718739e+00  4.37415010e+00  4.05671274e+00 
 4.26705664e-04  2.43750000e+00  2.49994407e+00  4.05719073e+00  4.37415281e+00  4.05671619e+00 
 4.26805664e-04  2.43750000e+00  2.49994424e+00  4.05719740e+00  4.37415821e+00  4.05672306e+00 
 4.27005664e-04  2.43750000e+00  2.49994457e+00  4.05721067e+00  4.37416897e+00  4.05673675e+00 
 4.27030664e-04  2.43750000e+00  2.49994462e+00  4.05721232e+00  4.37417031e+00  4.05673846e+00 
 4.27080664e-04  2.43750000e+00  2.49994470e+00  4.05721562e+00  4.37417299e+00  4.05674186e+00 
 4.27180664e-04  2.43750000e+00  2.49994487e+00  4.05722221e+00  4.37417834e+00  4.05674866e+00 
 4.27380664e-04  2.43750000e+00  2.49994520e+00  4.05723532e+00  4.37418898e+00  4.05676219e+00 
 4.27580664e-04  2.43750000e+00  2.49994553e+00  4.05724836e+00  4.37419955e+00  4.05677564e+00 
 4.27780664e-04  2.43750000e+00  2.49994586e+00  4.05726131e+00  4.37421006e+00  4.05678901e+00 
 4.27980664e-04  2.43750000e+00  2.49994619e+00  4.05727419e+00  4.37422050e+00  4.05680229e+00 
 4.28180664e-04  2.43750000e+00  2.49994652e+00  4.05728698e+00  4.37423088e+00  4.05681550e+00 
 4.28380664e-04  2.43750000e+00  2.49994684e+00  4.05729970e+00  4.37424119e+00  4.05682862e+00 
 4.28580664e-04  2.43750000e+00  2.49994716e+00  4.05731234e+00  4.37425144e+00  4.05684166e+00 
 4.28780664e-04  2.43750000e+00  2.49994748e+00  4.05732490e+00  4.37426163e+00  4.05685462e+00 
 4.28980664e-04  2.43750000e+00  2.49994780e+00  4.05733738e+00  4.37427176e+00  4.05686749e+00 
 4.29180664e-04  2.43750000e+00  2.49994812e+00  4.05734979e+00  4.37428182e+00  4.05688029e+00 
 4.29380664e-04  2.43750000e+00  2.49994843e+00  4.05736211e+00  4.37429182e+00  4.05689302e+00 
 4.29405664e-04  2.43750000e+00  2.49994847e+00  4.05736365e+00  4.37429306e+00  4.05689460e+00 
 4.29455664e-04  2.43750000e+00  2.49994855e+00  4.05736672e+00  4.37429555e+00  4.05689777e+00 
 4.29555664e-04  2.43750000e+00  2.49994870e+00  4.05737284e+00  4.37430052e+00  4.05690408e+00 
 4.29755664e-04  2.43750000e+00  2.49994901e+00  4.05738503e+00  4.37431040e+00  4.05691666e+00 
 4.29955664e-04  2.43750000e+00  2.49994932e+00  4.05739714e+00  4.37432023e+00  4.05692915e+00 
 4.30155664e-04  2.43750000e+00  2.49994963e+00  4.05740918e+00  4.37432999e+00  4.05694157e+00 
 4.30355664e-04  2.43750000e+00  2.49994993e+00  4.05742114e+00  4.37433970e+00  4.05695392e+00 
 4.30555664e-04  2.43750000e+00  2.49995024e+00  4.05743303e+00  4.37434934e+00  4.05696618e+00 
 4.30755664e-04  2.43750000e+00  2.49995054e+00  4.05744485e+00  4.37435892e+00  4.05697838e+00 
 4.30955664e-04  2.43750000e+00  2.49995084e+00  4.05745659e+00  4.37436845e+00  4.05699049e+00 
 4.31155664e-04  2.43750000e+00  2.49995113e+00  4.05746826e+00  4.37437792e+00  4.05700254e+00 
 4.31355664e-04  2.43750000e+00  2.49995143e+00  4.05747986e+00  4.37438733e+00  4.05701450e+00 
 4.31555664e-04  2.43750000e+00  2.49995172e+00  4.05749139e+00  4.37439668e+00  4.05702640e+00 
 4.31755664e-04  2.43750000e+00  2.49995201e+00  4.05750284e+00  4.37440597e+00  4.05703822e+00 
 4.31955664e-04  2.43750000e+00  2.49995230e+00  4.05751423e+00  4.37441520e+00  4.05704997e+00 
 4.32155664e-04  2.43750000e+00  2.49995259e+00  4.05752554e+00  4.37442438e+00  4.05706164e+00 
 4.32355664e-04  2.43750000e+00  2.49995288e+00  4.05753679e+00  4.37443350e+00  4.05707324e+00 
 4.32555664e-04  2.43750000e+00  2.49995316e+00  4.05754797e+00  4.37444257e+00  4.05708478e+00 
 4.32755664e-04  2.43750000e+00  2.49995344e+00  4.05755908e+00  4.37445158e+00  4.05709624e+00 
 4.32955664e-04  2.43750000e+00  2.49995373e+00  4.05757011e+00  4.37446053e+00  4.05710763e+00 
 4.33155664e-04  2.43750000e+00  2.49995401e+00  4.05758109e+00  4.37446943e+00  4.05711895e+00 
 4.33355664e-04  2.43750000e+00  2.49995428e+00  4.05759199e+00  4.37447828e+00  4.05713020e+00 
 4.33555664e-04  2.43750000e+00  2.49995456e+00  4.05760283e+00  4.37448707e+00  4.05714138e+00 
 4.33755664e-04  2.43750000e+00  2.49995483e+00  4.05761360e+00  4.37449580e+00  4.05715249e+00 
 4.33955664e-04  2.43750000e+00  2.49995511e+00  4.05762430e+00  4.37450449e+00  4.05716354e+00 
 4.34155664e-04  2.43750000e+00  2.49995538e+00  4.05763494e+00  4.37451311e+00  4.05717451e+00 
 4.34355664e-04  2.43750000e+00  2.49995565e+00  4.05764551e+00  4.37452169e+00  4.05718542e+00 
 4.34555664e-04  2.43750000e+00  2.49995591e+00  4.05765602e+00  4.37453021e+00  4.05719626e+00 
 4.34755664e-04  2.43750000e+00  2.49995618e+00  4.05766646e+00  4.37453868e+00  4.05720703e+00 
 4.34955664e-04  2.43750000e+00  2.49995644e+00  4.05767683e+00  4.37454710e+00  4.05721774e+00 
 4.35155664e-04  2.43750000e+00  2.49995671e+00  4.05768715e+00  4.37455547e+00  4.05722838e+00 
 4.35355664e-04  2.43750000e+00  2.49995697e+00  4.05769740e+00  4.37456378e+00  4.05723896e+00 
 4.35555664e-04  2.43750000e+00  2.49995723e+00  4.05770759e+00  4.37457204e+00  4.05724947e+00 
 4.35755664e-04  2.43750000e+00  2.49995748e+00  4.05771771e+00  4.37458025e+00  4.05725991e+00 
 4.35955664e-04  2.43750000e+00  2.49995774e+00  4.05772777e+00  4.37458842e+00  4.05727030e+00 
 4.35980664e-04  2.43750000e+00  2.49995777e+00  4.05772902e+00  4.37458943e+00  4.05727159e+00 
 4.36030664e-04  2.43750000e+00  2.49995784e+00  4.05773153e+00  4.37459146e+00  4.05727417e+00 
 4.36130664e-04  2.43750000e+00  2.49995796e+00  4.05773652e+00  4.37459552e+00  4.05727933e+00 
 4.36330664e-04  2.43750000e+00  2.49995822e+00  4.05774647e+00  4.37460358e+00  4.05728959e+00 
 4.36530664e-04  2.43750000e+00  2.49995847e+00  4.05775635e+00  4.37461160e+00  4.05729979e+00 
 4.36730664e-04  2.43750000e+00  2.49995872e+00  4.05776618e+00  4.37461957e+00  4.05730992e+00 
 4.36930664e-04  2.43750000e+00  2.49995897e+00  4.05777594e+00  4.37462749e+00  4.05732000e+00 
 4.37130664e-04  2.43750000e+00  2.49995921e+00  4.05778564e+00  4.37463536e+00  4.05733001e+00 
 4.37330664e-04  2.43750000e+00  2.49995946e+00  4.05779529e+00  4.37464318e+00  4.05733996e+00 
 4.37530664e-04  2.43750000e+00  2.49995970e+00  4.05780487e+00  4.37465095e+00  4.05734985e+00 
 4.37730664e-04  2.43750000e+00  2.49995995e+00  4.05781440e+00  4.37465868e+00  4.05735967e+00 
 4.37930664e-04  2.43750000e+00  2.49996019e+00  4.05782386e+00  4.37466636e+00  4.05736944e+00 
 4.38130664e-04  2.43750000e+00  2.49996043e+00  4.05783327e+00  4.37467399e+00  4.05737915e+00 
 4.38155664e-04  2.43750000e+00  2.49996046e+00  4.05783444e+00  4.37467494e+00  4.05738036e+00 
 4.38205664e-04  2.43750000e+00  2.49996052e+00  4.05783678e+00  4.37467684e+00  4.05738277e+00 
 4.38305664e-04  2.43750000e+00  2.49996063e+00  4.05784145e+00  4.37468063e+00  4.05738759e+00 
 4.38330664e-04  2.43750000e+00  2.49996066e+00  4.05784262e+00  4.37468157e+00  4.05738879e+00 
 4.38380664e-04  2.43750000e+00  2.49996072e+00  4.05784495e+00  4.37468346e+00  4.05739120e+00 
 4.38393164e-04  2.43750000e+00  2.49996074e+00  4.05784553e+00  4.37468393e+00  4.05739180e+00 
 4.38418164e-04  2.43750000e+00  2.49996077e+00  4.05784669e+00  4.37468488e+00  4.05739299e+00 
 4.38468164e-04  2.43750000e+00  2.49996083e+00  4.05784901e+00  4.37468676e+00  4.05739539e+00 
 4.38568164e-04  2.43750000e+00  2.49996095e+00  4.05785364e+00  4.37469052e+00  4.05740017e+00 
 4.38768164e-04  2.43750000e+00  2.49996118e+00  4.05786287e+00  4.37469800e+00  4.05740969e+00 
 4.38968164e-04  2.43750000e+00  2.49996141e+00  4.05787204e+00  4.37470543e+00  4.05741915e+00 
 4.39168164e-04  2.43750000e+00  2.49996165e+00  4.05788115e+00  4.37471282e+00  4.05742855e+00 
 4.39368164e-04  2.43750000e+00  2.49996188e+00  4.05789020e+00  4.37472017e+00  4.05743789e+00 
 4.39568164e-04  2.43750000e+00  2.49996211e+00  4.05789920e+00  4.37472747e+00  4.05744717e+00 
 4.39768164e-04  2.43750000e+00  2.49996233e+00  4.05790814e+00  4.37473472e+00  4.05745640e+00 
 4.39968164e-04  2.43750000e+00  2.49996256e+00  4.05791703e+00  4.37474193e+00  4.05746557e+00 
 4.40168164e-04  2.43750000e+00  2.49996278e+00  4.05792586e+00  4.37474910e+00  4.05747469e+00 
 4.40368164e-04  2.43750000e+00  2.49996301e+00  4.05793464e+00  4.37475622e+00  4.05748374e+00 
 4.40568164e-04  2.43750000e+00  2.49996323e+00  4.05794337e+00  4.37476329e+00  4.05749275e+00 
 4.40768164e-04  2.43750000e+00  2.49996345e+00  4.05795204e+00  4.37477033e+00  4.05750169e+00 
 4.40968164e-04  2.43750000e+00  2.49996367e+00  4.05796066e+00  4.37477732e+00  4.05751059e+00 
 4.40993164e-04  2.43750000e+00  2.49996370e+00  4.05796173e+00  4.37477819e+00  4.05751169e+00 
 4.41043164e-04  2.43750000e+00  2.49996375e+00  4.05796387e+00  4.37477993e+00  4.05751390e+00 
 4.41055664e-04  2.43750000e+00  2.49996377e+00  4.05796441e+00  4.37478036e+00  4.05751446e+00 
 4.41080664e-04  2.43750000e+00  2.49996379e+00  4.05796548e+00  4.37478123e+00  4.05751556e+00 
 4.41130664e-04  2.43750000e+00  2.49996385e+00  4.05796762e+00  4.37478297e+00  4.05751777e+00 
 4.41230664e-04  2.43750000e+00  2.49996396e+00  4.05797189e+00  4.37478643e+00  4.05752217e+00 
 4.41430664e-04  2.43750000e+00  2.49996417e+00  4.05798038e+00  4.37479332e+00  4.05753094e+00 
 4.41630664e-04  2.43750000e+00  2.49996439e+00  4.05798882e+00  4.37480017e+00  4.05753965e+00 
 4.41830664e-04  2.43750000e+00  2.49996460e+00  4.05799722e+00  4.37480697e+00  4.05754831e+00 
 4.42030664e-04  2.43750000e+00  2.49996481e+00  4.05800555e+00  4.37481374e+00  4.05755691e+00 
 4.42055664e-04  2.43750000e+00  2.49996484e+00  4.05800659e+00  4.37481458e+00  4.05755798e+00 
 4.42105664e-04  2.43750000e+00  2.49996489e+00  4.05800867e+00  4.37481626e+00  4.05756012e+00 
 4.42205664e-04  2.43750000e+00  2.49996500e+00  4.05801281e+00  4.37481962e+00  4.05756440e+00 
 4.42405664e-04  2.43750000e+00  2.49996521e+00  4.05802105e+00  4.37482631e+00  4.05757290e+00 
 4.42605664e-04  2.43750000e+00  2.49996542e+00  4.05802924e+00  4.37483295e+00  4.05758135e+00 
 4.42805664e-04  2.43750000e+00  2.49996562e+00  4.05803739e+00  4.37483956e+00  4.05758975e+00 
 4.43005664e-04  2.43750000e+00  2.49996583e+00  4.05804548e+00  4.37484612e+00  4.05759810e+00 
 4.43205664e-04  2.43750000e+00  2.49996603e+00  4.05805352e+00  4.37485264e+00  4.05760640e+00 
 4.43405664e-04  2.43750000e+00  2.49996624e+00  4.05806151e+00  4.37485913e+00  4.05761465e+00 
 4.43605664e-04  2.43750000e+00  2.49996644e+00  4.05806945e+00  4.37486557e+00  4.05762284e+00 
 4.43805664e-04  2.43750000e+00  2.49996664e+00  4.05807735e+00  4.37487197e+00  4.05763099e+00 
 4.44005664e-04  2.43750000e+00  2.49996684e+00  4.05808519e+00  4.37487833e+00  4.05763908e+00 
 4.44030664e-04  2.43750000e+00  2.49996687e+00  4.05808617e+00  4.37487913e+00  4.05764009e+00 
 4.44080664e-04  2.43750000e+00  2.49996692e+00  4.05808812e+00  4.37488071e+00  4.05764210e+00 
 4.44180664e-04  2.43750000e+00  2.49996701e+00  4.05809202e+00  4.37488387e+00  4.05764612e+00 
 4.44380664e-04  2.43750000e+00  2.49996721e+00  4.05809977e+00  4.37489016e+00  4.05765412e+00 
 4.44580664e-04  2.43750000e+00  2.49996741e+00  4.05810748e+00  4.37489641e+00  4.05766208e+00 
 4.44780664e-04  2.43750000e+00  2.49996760e+00  4.05811514e+00  4.37490263e+00  4.05766998e+00 
 4.44980664e-04  2.43750000e+00  2.49996780e+00  4.05812275e+00  4.37490880e+00  4.05767783e+00 
 4.45180664e-04  2.43750000e+00  2.49996799e+00  4.05813032e+00  4.37491494e+00  4.05768564e+00 
 4.45380664e-04  2.43750000e+00  2.49996818e+00  4.05813784e+00  4.37492104e+00  4.05769340e+00 
 4.45580664e-04  2.43750000e+00  2.49996837e+00  4.05814531e+00  4.37492710e+00  4.05770111e+00 
 4.45780664e-04  2.43750000e+00  2.49996856e+00  4.05815274e+00  4.37493312e+00  4.05770877e+00 
 4.45980664e-04  2.43750000e+00  2.49996875e+00  4.05816012e+00  4.37493911e+00  4.05771639e+00 
 4.46180664e-04  2.43750000e+00  2.49996894e+00  4.05816745e+00  4.37494506e+00  4.05772395e+00 
 4.46380664e-04  2.43750000e+00  2.49996912e+00  4.05817474e+00  4.37495097e+00  4.05773148e+00 
 4.46580664e-04  2.43750000e+00  2.49996931e+00  4.05818199e+00  4.37495685e+00  4.05773895e+00 
 4.46780664e-04  2.43750000e+00  2.49996949e+00  4.05818919e+00  4.37496269e+00  4.05774638e+00 
 4.46805664e-04  2.43750000e+00  2.49996951e+00  4.05819008e+00  4.37496342e+00  4.05774731e+00 
 4.46855664e-04  2.43750000e+00  2.49996956e+00  4.05819188e+00  4.37496487e+00  4.05774915e+00 
 4.46868164e-04  2.43750000e+00  2.49996957e+00  4.05819232e+00  4.37496523e+00  4.05774962e+00 
 4.46893164e-04  2.43750000e+00  2.49996959e+00  4.05819322e+00  4.37496596e+00  4.05775054e+00 
 4.46943164e-04  2.43750000e+00  2.49996964e+00  4.05819500e+00  4.37496741e+00  4.05775238e+00 
 4.46955664e-04  2.43750000e+00  2.49996965e+00  4.05819545e+00  4.37496777e+00  4.05775284e+00 
 4.46980664e-04  2.43750000e+00  2.49996967e+00  4.05819634e+00  4.37496849e+00  4.05775376e+00 
 4.47030664e-04  2.43750000e+00  2.49996972e+00  4.05819813e+00  4.37496994e+00  4.05775560e+00 
 4.47130664e-04  2.43750000e+00  2.49996981e+00  4.05820168e+00  4.37497282e+00  4.05775927e+00 
 4.47330664e-04  2.43750000e+00  2.49996999e+00  4.05820876e+00  4.37497856e+00  4.05776658e+00 
 4.47530664e-04  2.43750000e+00  2.49997017e+00  4.05821580e+00  4.37498427e+00  4.05777383e+00 
 4.47730664e-04  2.43750000e+00  2.49997034e+00  4.05822279e+00  4.37498994e+00  4.05778105e+00 
 4.47755664e-04  2.43750000e+00  2.49997037e+00  4.05822366e+00  4.37499065e+00  4.05778195e+00 
 4.47805664e-04  2.43750000e+00  2.49997041e+00  4.05822540e+00  4.37499206e+00  4.05778374e+00 
 4.47905664e-04  2.43750000e+00  2.49997050e+00  4.05822887e+00  4.37499488e+00  4.05778732e+00 
 4.48105664e-04  2.43750000e+00  2.49997068e+00  4.05823578e+00  4.37500048e+00  4.05779446e+00 
 4.48305664e-04  2.43750000e+00  2.49997085e+00  4.05824265e+00  4.37500605e+00  4.05780154e+00 
 4.48505664e-04  2.43750000e+00  2.49997102e+00  4.05824948e+00  4.37501159e+00  4.05780859e+00 
 4.48705664e-04  2.43750000e+00  2.49997120e+00  4.05825626e+00  4.37501710e+00  4.05781559e+00 
 4.48905664e-04  2.43750000e+00  2.49997137e+00  4.05826300e+00  4.37502256e+00  4.05782254e+00 
 4.49105664e-04  2.43750000e+00  2.49997154e+00  4.05826971e+00  4.37502800e+00  4.05782946e+00 
 4.49305664e-04  2.43750000e+00  2.49997171e+00  4.05827637e+00  4.37503340e+00  4.05783633e+00 
 4.49505664e-04  2.43750000e+00  2.49997188e+00  4.05828298e+00  4.37503877e+00  4.05784316e+00 
 4.49705664e-04  2.43750000e+00  2.49997204e+00  4.05828956e+00  4.37504411e+00  4.05784995e+00 
 4.49905664e-04  2.43750000e+00  2.49997221e+00  4.05829610e+00  4.37504941e+00  4.05785669e+00 
 4.50105664e-04  2.43750000e+00  2.49997238e+00  4.05830260e+00  4.37505468e+00  4.05786340e+00 
 4.50305664e-04  2.43750000e+00  2.49997254e+00  4.05830905e+00  4.37505992e+00  4.05787006e+00 
 4.50505664e-04  2.43750000e+00  2.49997270e+00  4.05831547e+00  4.37506512e+00  4.05787668e+00 
 4.50705664e-04  2.43750000e+00  2.49997287e+00  4.05832185e+00  4.37507030e+00  4.05788326e+00 
 4.50730664e-04  2.43750000e+00  2.49997289e+00  4.05832264e+00  4.37507094e+00  4.05788408e+00 
 4.50780664e-04  2.43750000e+00  2.49997293e+00  4.05832423e+00  4.37507223e+00  4.05788572e+00 
 4.50880664e-04  2.43750000e+00  2.49997301e+00  4.05832740e+00  4.37507480e+00  4.05788898e+00 
 4.51080664e-04  2.43750000e+00  2.49997317e+00  4.05833370e+00  4.37507991e+00  4.05789549e+00 
 4.51280664e-04  2.43750000e+00  2.49997333e+00  4.05833997e+00  4.37508499e+00  4.05790195e+00 
 4.51480664e-04  2.43750000e+00  2.49997349e+00  4.05834619e+00  4.37509004e+00  4.05790838e+00 
 4.51680664e-04  2.43750000e+00  2.49997364e+00  4.05835238e+00  4.37509506e+00  4.05791476e+00 
 4.51880664e-04  2.43750000e+00  2.49997380e+00  4.05835853e+00  4.37510005e+00  4.05792111e+00 
 4.51905664e-04  2.43750000e+00  2.49997382e+00  4.05835930e+00  4.37510067e+00  4.05792190e+00 
 4.51955664e-04  2.43750000e+00  2.49997386e+00  4.05836083e+00  4.37510191e+00  4.05792348e+00 
 4.52055664e-04  2.43750000e+00  2.49997394e+00  4.05836388e+00  4.37510439e+00  4.05792663e+00 
 4.52255664e-04  2.43750000e+00  2.49997409e+00  4.05836996e+00  4.37510932e+00  4.05793290e+00 
 4.52455664e-04  2.43750000e+00  2.49997425e+00  4.05837600e+00  4.37511422e+00  4.05793914e+00 
 4.52655664e-04  2.43750000e+00  2.49997440e+00  4.05838201e+00  4.37511909e+00  4.05794533e+00 
 4.52855664e-04  2.43750000e+00  2.49997455e+00  4.05838798e+00  4.37512393e+00  4.05795149e+00 
 4.53055664e-04  2.43750000e+00  2.49997470e+00  4.05839391e+00  4.37512874e+00  4.05795761e+00 
 4.53255664e-04  2.43750000e+00  2.49997485e+00  4.05839980e+00  4.37513353e+00  4.05796369e+00 
 4.53455664e-04  2.43750000e+00  2.49997500e+00  4.05840566e+00  4.37513828e+00  4.05796974e+00 
 4.53655664e-04  2.43750000e+00  2.49997515e+00  4.05841148e+00  4.37514300e+00  4.05797574e+00 
 4.53680664e-04  2.43750000e+00  2.49997517e+00  4.05841221e+00  4.37514359e+00  4.05797649e+00 
 4.53730664e-04  2.43750000e+00  2.49997520e+00  4.05841366e+00  4.37514476e+00  4.05797798e+00 
 4.53743164e-04  2.43750000e+00  2.49997521e+00  4.05841402e+00  4.37514506e+00  4.05797836e+00 
 4.53768164e-04  2.43750000e+00  2.49997523e+00  4.05841474e+00  4.37514564e+00  4.05797910e+00 
 4.53818164e-04  2.43750000e+00  2.49997527e+00  4.05841619e+00  4.37514682e+00  4.05798060e+00 
 4.53918164e-04  2.43750000e+00  2.49997534e+00  4.05841907e+00  4.37514915e+00  4.05798357e+00 
 4.54118164e-04  2.43750000e+00  2.49997549e+00  4.05842481e+00  4.37515381e+00  4.05798949e+00 
 4.54318164e-04  2.43750000e+00  2.49997563e+00  4.05843051e+00  4.37515844e+00  4.05799538e+00 
 4.54518164e-04  2.43750000e+00  2.49997578e+00  4.05843618e+00  4.37516303e+00  4.05800123e+00 
 4.54718164e-04  2.43750000e+00  2.49997592e+00  4.05844182e+00  4.37516760e+00  4.05800704e+00 
 4.54918164e-04  2.43750000e+00  2.49997606e+00  4.05844741e+00  4.37517215e+00  4.05801282e+00 
 4.55118164e-04  2.43750000e+00  2.49997621e+00  4.05845298e+00  4.37517666e+00  4.05801856e+00 
 4.55318164e-04  2.43750000e+00  2.49997635e+00  4.05845851e+00  4.37518115e+00  4.05802426e+00 
 4.55518164e-04  2.43750000e+00  2.49997649e+00  4.05846401e+00  4.37518560e+00  4.05802993e+00 
 4.55543164e-04  2.43750000e+00  2.49997650e+00  4.05846469e+00  4.37518616e+00  4.05803064e+00 
 4.55549414e-04  2.43750000e+00  2.49997651e+00  4.05846486e+00  4.37518630e+00  4.05803082e+00 
 4.55561914e-04  2.43750000e+00  2.49997652e+00  4.05846520e+00  4.37518658e+00  4.05803117e+00 
 4.55586914e-04  2.43750000e+00  2.49997653e+00  4.05846589e+00  4.37518713e+00  4.05803188e+00 
 4.55636914e-04  2.43750000e+00  2.49997657e+00  4.05846725e+00  4.37518824e+00  4.05803329e+00 
 4.55736914e-04  2.43750000e+00  2.49997664e+00  4.05846998e+00  4.37519045e+00  4.05803610e+00 
 4.55936914e-04  2.43750000e+00  2.49997678e+00  4.05847540e+00  4.37519485e+00  4.05804170e+00 
 4.56136914e-04  2.43750000e+00  2.49997691e+00  4.05848080e+00  4.37519922e+00  4.05804726e+00 
 4.56336914e-04  2.43750000e+00  2.49997705e+00  4.05848616e+00  4.37520357e+00  4.05805279e+00 
 4.56536914e-04  2.43750000e+00  2.49997719e+00  4.05849148e+00  4.37520789e+00  4.05805828e+00 
 4.56736914e-04  2.43750000e+00  2.49997732e+00  4.05849677e+00  4.37521218e+00  4.05806374e+00 
 4.56936914e-04  2.43750000e+00  2.49997745e+00  4.05850203e+00  4.37521645e+00  4.05806917e+00 
 4.57136914e-04  2.43750000e+00  2.49997759e+00  4.05850726e+00  4.37522069e+00  4.05807457e+00 
 4.57336914e-04  2.43750000e+00  2.49997772e+00  4.05851246e+00  4.37522491e+00  4.05807993e+00 
 4.57536914e-04  2.43750000e+00  2.49997785e+00  4.05851762e+00  4.37522909e+00  4.05808526e+00 
 4.57736914e-04  2.43750000e+00  2.49997798e+00  4.05852275e+00  4.37523326e+00  4.05809055e+00 
 4.57936914e-04  2.43750000e+00  2.49997811e+00  4.05852785e+00  4.37523739e+00  4.05809581e+00 
 4.58136914e-04  2.43750000e+00  2.49997824e+00  4.05853292e+00  4.37524151e+00  4.05810104e+00 
 4.58336914e-04  2.43750000e+00  2.49997837e+00  4.05853796e+00  4.37524559e+00  4.05810624e+00 
 4.58361914e-04  2.43750000e+00  2.49997839e+00  4.05853859e+00  4.37524610e+00  4.05810689e+00 
 4.58411914e-04  2.43750000e+00  2.49997842e+00  4.05853984e+00  4.37524712e+00  4.05810818e+00 
 4.58511914e-04  2.43750000e+00  2.49997848e+00  4.05854234e+00  4.37524915e+00  4.05811076e+00 
 4.58536914e-04  2.43750000e+00  2.49997850e+00  4.05854297e+00  4.37524965e+00  4.05811141e+00 
 4.58586914e-04  2.43750000e+00  2.49997853e+00  4.05854421e+00  4.37525066e+00  4.05811269e+00 
 4.58686914e-04  2.43750000e+00  2.49997859e+00  4.05854670e+00  4.37525268e+00  4.05811526e+00 
 4.58886914e-04  2.43750000e+00  2.49997872e+00  4.05855165e+00  4.37525670e+00  4.05812037e+00 
 4.58911914e-04  2.43750000e+00  2.49997873e+00  4.05855227e+00  4.37525720e+00  4.05812101e+00 
 4.58961914e-04  2.43750000e+00  2.49997876e+00  4.05855350e+00  4.37525820e+00  4.05812228e+00 
 4.59061914e-04  2.43750000e+00  2.49997883e+00  4.05855596e+00  4.37526019e+00  4.05812482e+00 
 4.59261914e-04  2.43750000e+00  2.49997895e+00  4.05856086e+00  4.37526417e+00  4.05812987e+00 
 4.59461914e-04  2.43750000e+00  2.49997908e+00  4.05856572e+00  4.37526811e+00  4.05813489e+00 
 4.59661914e-04  2.43750000e+00  2.49997920e+00  4.05857056e+00  4.37527203e+00  4.05813988e+00 
 4.59861914e-04  2.43750000e+00  2.49997932e+00  4.05857537e+00  4.37527593e+00  4.05814483e+00 
 4.60061914e-04  2.43750000e+00  2.49997944e+00  4.05858014e+00  4.37527981e+00  4.05814976e+00 
 4.60261914e-04  2.43750000e+00  2.49997956e+00  4.05858489e+00  4.37528366e+00  4.05815466e+00 
 4.60461914e-04  2.43750000e+00  2.49997968e+00  4.05858961e+00  4.37528748e+00  4.05815953e+00 
 4.60486914e-04  2.43750000e+00  2.49997970e+00  4.05859019e+00  4.37528796e+00  4.05816013e+00 
 4.60493164e-04  2.43750000e+00  2.49997970e+00  4.05859034e+00  4.37528808e+00  4.05816029e+00 
 4.60505664e-04  2.43750000e+00  2.49997971e+00  4.05859063e+00  4.37528832e+00  4.05816059e+00 
 4.60530664e-04  2.43750000e+00  2.49997973e+00  4.05859122e+00  4.37528879e+00  4.05816119e+00 
 4.60580664e-04  2.43750000e+00  2.49997976e+00  4.05859239e+00  4.37528974e+00  4.05816240e+00 
 4.60680664e-04  2.43750000e+00  2.49997981e+00  4.05859473e+00  4.37529164e+00  4.05816482e+00 
 4.60705664e-04  2.43750000e+00  2.49997983e+00  4.05859532e+00  4.37529212e+00  4.05816542e+00 
 4.60755664e-04  2.43750000e+00  2.49997986e+00  4.05859648e+00  4.37529306e+00  4.05816662e+00 
 4.60855664e-04  2.43750000e+00  2.49997992e+00  4.05859881e+00  4.37529495e+00  4.05816902e+00 
 4.60880664e-04  2.43750000e+00  2.49997993e+00  4.05859939e+00  4.37529542e+00  4.05816962e+00 
 4.60930664e-04  2.43750000e+00  2.49997996e+00  4.05860055e+00  4.37529636e+00  4.05817082e+00 
 4.61030664e-04  2.43750000e+00  2.49998002e+00  4.05860286e+00  4.37529824e+00  4.05817321e+00 
 4.61230664e-04  2.43750000e+00  2.49998014e+00  4.05860747e+00  4.37530197e+00  4.05817796e+00 
 4.61430664e-04  2.43750000e+00  2.49998026e+00  4.05861205e+00  4.37530569e+00  4.05818268e+00 
 4.61630664e-04  2.43750000e+00  2.49998037e+00  4.05861660e+00  4.37530938e+00  4.05818738e+00 
 4.61830664e-04  2.43750000e+00  2.49998049e+00  4.05862112e+00  4.37531305e+00  4.05819204e+00 
 4.62030664e-04  2.43750000e+00  2.49998060e+00  4.05862561e+00  4.37531669e+00  4.05819668e+00 
 4.62055664e-04  2.43750000e+00  2.49998062e+00  4.05862617e+00  4.37531715e+00  4.05819726e+00 
 4.62105664e-04  2.43750000e+00  2.49998064e+00  4.05862729e+00  4.37531805e+00  4.05819841e+00 
 4.62205664e-04  2.43750000e+00  2.49998070e+00  4.05862952e+00  4.37531986e+00  4.05820071e+00 
 4.62405664e-04  2.43750000e+00  2.49998081e+00  4.05863397e+00  4.37532347e+00  4.05820530e+00 
 4.62605664e-04  2.43750000e+00  2.49998093e+00  4.05863838e+00  4.37532705e+00  4.05820985e+00 
 4.62630664e-04  2.43750000e+00  2.49998094e+00  4.05863893e+00  4.37532749e+00  4.05821042e+00 
 4.62680664e-04  2.43750000e+00  2.49998097e+00  4.05864003e+00  4.37532838e+00  4.05821155e+00 
 4.62780664e-04  2.43750000e+00  2.49998102e+00  4.05864222e+00  4.37533016e+00  4.05821382e+00 
 4.62980664e-04  2.43750000e+00  2.49998113e+00  4.05864659e+00  4.37533370e+00  4.05821832e+00 
 4.63180664e-04  2.43750000e+00  2.49998125e+00  4.05865092e+00  4.37533722e+00  4.05822279e+00 
 4.63380664e-04  2.43750000e+00  2.49998136e+00  4.05865523e+00  4.37534072e+00  4.05822724e+00 
 4.63580664e-04  2.43750000e+00  2.49998146e+00  4.05865952e+00  4.37534419e+00  4.05823166e+00 
 4.63780664e-04  2.43750000e+00  2.49998157e+00  4.05866377e+00  4.37534764e+00  4.05823605e+00 
 4.63980664e-04  2.43750000e+00  2.49998168e+00  4.05866801e+00  4.37535108e+00  4.05824042e+00 
 4.64180664e-04  2.43750000e+00  2.49998179e+00  4.05867221e+00  4.37535449e+00  4.05824476e+00 
 4.64380664e-04  2.43750000e+00  2.49998189e+00  4.05867639e+00  4.37535788e+00  4.05824907e+00 
 4.64405664e-04  2.43750000e+00  2.49998191e+00  4.05867691e+00  4.37535830e+00  4.05824961e+00 
 4.64455664e-04  2.43750000e+00  2.49998193e+00  4.05867795e+00  4.37535914e+00  4.05825068e+00 
 4.64468164e-04  2.43750000e+00  2.49998194e+00  4.05867821e+00  4.37535935e+00  4.05825095e+00 
 4.64493164e-04  2.43750000e+00  2.49998195e+00  4.05867873e+00  4.37535978e+00  4.05825148e+00 
 4.64543164e-04  2.43750000e+00  2.49998198e+00  4.05867977e+00  4.37536062e+00  4.05825255e+00 
 4.64643164e-04  2.43750000e+00  2.49998203e+00  4.05868184e+00  4.37536230e+00  4.05825469e+00 
 4.64843164e-04  2.43750000e+00  2.49998214e+00  4.05868596e+00  4.37536564e+00  4.05825894e+00 
 4.65043164e-04  2.43750000e+00  2.49998224e+00  4.05869005e+00  4.37536896e+00  4.05826317e+00 
 4.65243164e-04  2.43750000e+00  2.49998235e+00  4.05869412e+00  4.37537226e+00  4.05826736e+00 
 4.65443164e-04  2.43750000e+00  2.49998245e+00  4.05869816e+00  4.37537554e+00  4.05827154e+00 
 4.65468164e-04  2.43750000e+00  2.49998246e+00  4.05869867e+00  4.37537595e+00  4.05827206e+00 
 4.65518164e-04  2.43750000e+00  2.49998249e+00  4.05869967e+00  4.37537677e+00  4.05827309e+00 
 4.65618164e-04  2.43750000e+00  2.49998254e+00  4.05870168e+00  4.37537839e+00  4.05827517e+00 
 4.65818164e-04  2.43750000e+00  2.49998264e+00  4.05870568e+00  4.37538164e+00  4.05827929e+00 
 4.66018164e-04  2.43750000e+00  2.49998274e+00  4.05870965e+00  4.37538486e+00  4.05828339e+00 
 4.66218164e-04  2.43750000e+00  2.49998284e+00  4.05871360e+00  4.37538806e+00  4.05828747e+00 
 4.66418164e-04  2.43750000e+00  2.49998294e+00  4.05871753e+00  4.37539125e+00  4.05829151e+00 
 4.66443164e-04  2.43750000e+00  2.49998295e+00  4.05871801e+00  4.37539164e+00  4.05829202e+00 
 4.66493164e-04  2.43750000e+00  2.49998298e+00  4.05871899e+00  4.37539243e+00  4.05829303e+00 
 4.66593164e-04  2.43750000e+00  2.49998303e+00  4.05872094e+00  4.37539401e+00  4.05829504e+00 
 4.66793164e-04  2.43750000e+00  2.49998313e+00  4.05872482e+00  4.37539716e+00  4.05829904e+00 
 4.66993164e-04  2.43750000e+00  2.49998323e+00  4.05872867e+00  4.37540029e+00  4.05830302e+00 
 4.67193164e-04  2.43750000e+00  2.49998332e+00  4.05873250e+00  4.37540340e+00  4.05830697e+00 
 4.67393164e-04  2.43750000e+00  2.49998342e+00  4.05873631e+00  4.37540648e+00  4.05831090e+00 
 4.67593164e-04  2.43750000e+00  2.49998352e+00  4.05874010e+00  4.37540955e+00  4.05831480e+00 
 4.67793164e-04  2.43750000e+00  2.49998361e+00  4.05874386e+00  4.37541260e+00  4.05831868e+00 
 4.67993164e-04  2.43750000e+00  2.49998371e+00  4.05874760e+00  4.37541564e+00  4.05832254e+00 
 4.68018164e-04  2.43750000e+00  2.49998372e+00  4.05874806e+00  4.37541601e+00  4.05832302e+00 
 4.68068164e-04  2.43750000e+00  2.49998374e+00  4.05874899e+00  4.37541677e+00  4.05832398e+00 
 4.68168164e-04  2.43750000e+00  2.49998379e+00  4.05875085e+00  4.37541827e+00  4.05832589e+00 
 4.68368164e-04  2.43750000e+00  2.49998388e+00  4.05875454e+00  4.37542127e+00  4.05832971e+00 
 4.68371289e-04  2.43750000e+00  2.49998389e+00  4.05875460e+00  4.37542132e+00  4.05832977e+00 
 4.68377539e-04  2.43750000e+00  2.49998389e+00  4.05875471e+00  4.37542141e+00  4.05832988e+00 
 4.68390039e-04  2.43750000e+00  2.49998389e+00  4.05875494e+00  4.37542160e+00  4.05833012e+00 
 4.68415039e-04  2.43750000e+00  2.49998391e+00  4.05875540e+00  4.37542197e+00  4.05833060e+00 
 4.68421289e-04  2.43750000e+00  2.49998391e+00  4.05875552e+00  4.37542206e+00  4.05833072e+00 
 4.68433789e-04  2.43750000e+00  2.49998391e+00  4.05875575e+00  4.37542225e+00  4.05833095e+00 
 4.68458789e-04  2.43750000e+00  2.49998393e+00  4.05875621e+00  4.37542262e+00  4.05833143e+00 
 4.68508789e-04  2.43750000e+00  2.49998395e+00  4.05875713e+00  4.37542337e+00  4.05833237e+00 
 4.68608789e-04  2.43750000e+00  2.49998400e+00  4.05875896e+00  4.37542485e+00  4.05833426e+00 
 4.68808789e-04  2.43750000e+00  2.49998409e+00  4.05876260e+00  4.37542781e+00  4.05833802e+00 
 4.69008789e-04  2.43750000e+00  2.49998418e+00  4.05876622e+00  4.37543075e+00  4.05834176e+00 
 4.69033789e-04  2.43750000e+00  2.49998419e+00  4.05876667e+00  4.37543111e+00  4.05834223e+00 
 4.69083789e-04  2.43750000e+00  2.49998422e+00  4.05876758e+00  4.37543184e+00  4.05834316e+00 
 4.69183789e-04  2.43750000e+00  2.49998426e+00  4.05876937e+00  4.37543330e+00  4.05834501e+00 
 4.69383789e-04  2.43750000e+00  2.49998435e+00  4.05877296e+00  4.37543621e+00  4.05834871e+00 
 4.69583789e-04  2.43750000e+00  2.49998444e+00  4.05877651e+00  4.37543909e+00  4.05835238e+00 
 4.69783789e-04  2.43750000e+00  2.49998453e+00  4.05878005e+00  4.37544196e+00  4.05835603e+00 
 4.69983789e-04  2.43750000e+00  2.49998462e+00  4.05878356e+00  4.37544481e+00  4.05835965e+00 
 4.70183789e-04  2.43750000e+00  2.49998471e+00  4.05878706e+00  4.37544765e+00  4.05836326e+00 
 4.70383789e-04  2.43750000e+00  2.49998480e+00  4.05879053e+00  4.37545046e+00  4.05836684e+00 
 4.70583789e-04  2.43750000e+00  2.49998489e+00  4.05879398e+00  4.37545326e+00  4.05837040e+00 
 4.70783789e-04  2.43750000e+00  2.49998498e+00  4.05879741e+00  4.37545604e+00  4.05837394e+00 
 4.70983789e-04  2.43750000e+00  2.49998506e+00  4.05880082e+00  4.37545881e+00  4.05837745e+00 
 4.71183789e-04  2.43750000e+00  2.49998515e+00  4.05880420e+00  4.37546155e+00  4.05838095e+00 
 4.71383789e-04  2.43750000e+00  2.49998523e+00  4.05880757e+00  4.37546428e+00  4.05838442e+00 
 4.71583789e-04  2.43750000e+00  2.49998532e+00  4.05881091e+00  4.37546700e+00  4.05838787e+00 
 4.71783789e-04  2.43750000e+00  2.49998540e+00  4.05881424e+00  4.37546969e+00  4.05839130e+00 
 4.71983789e-04  2.43750000e+00  2.49998549e+00  4.05881754e+00  4.37547237e+00  4.05839471e+00 
 4.72008789e-04  2.43750000e+00  2.49998550e+00  4.05881795e+00  4.37547271e+00  4.05839513e+00 
 4.72058789e-04  2.43750000e+00  2.49998552e+00  4.05881878e+00  4.37547337e+00  4.05839598e+00 
 4.72158789e-04  2.43750000e+00  2.49998556e+00  4.05882042e+00  4.37547470e+00  4.05839768e+00 
 4.72358789e-04  2.43750000e+00  2.49998564e+00  4.05882368e+00  4.37547735e+00  4.05840104e+00 
 4.72558789e-04  2.43750000e+00  2.49998573e+00  4.05882693e+00  4.37547999e+00  4.05840439e+00 
 4.72758789e-04  2.43750000e+00  2.49998581e+00  4.05883015e+00  4.37548260e+00  4.05840772e+00 
 4.72958789e-04  2.43750000e+00  2.49998589e+00  4.05883336e+00  4.37548520e+00  4.05841103e+00 
 4.73158789e-04  2.43750000e+00  2.49998597e+00  4.05883655e+00  4.37548779e+00  4.05841432e+00 
 4.73358789e-04  2.43750000e+00  2.49998605e+00  4.05883971e+00  4.37549036e+00  4.05841758e+00 
 4.73558789e-04  2.43750000e+00  2.49998613e+00  4.05884286e+00  4.37549291e+00  4.05842083e+00 
 4.73758789e-04  2.43750000e+00  2.49998621e+00  4.05884599e+00  4.37549545e+00  4.05842406e+00 
 4.73958789e-04  2.43750000e+00  2.49998629e+00  4.05884910e+00  4.37549797e+00  4.05842727e+00 
 4.74158789e-04  2.43750000e+00  2.49998637e+00  4.05885218e+00  4.37550047e+00  4.05843045e+00 
 4.74183789e-04  2.43750000e+00  2.49998638e+00  4.05885257e+00  4.37550078e+00  4.05843085e+00 
 4.74233789e-04  2.43750000e+00  2.49998640e+00  4.05885334e+00  4.37550141e+00  4.05843164e+00 
 4.74333789e-04  2.43750000e+00  2.49998644e+00  4.05885487e+00  4.37550265e+00  4.05843323e+00 
 4.74533789e-04  2.43750000e+00  2.49998652e+00  4.05885793e+00  4.37550513e+00  4.05843638e+00 
 4.74733789e-04  2.43750000e+00  2.49998659e+00  4.05886096e+00  4.37550759e+00  4.05843951e+00 
 4.74933789e-04  2.43750000e+00  2.49998667e+00  4.05886398e+00  4.37551004e+00  4.05844262e+00 
 4.75133789e-04  2.43750000e+00  2.49998675e+00  4.05886697e+00  4.37551247e+00  4.05844571e+00 
 4.75333789e-04  2.43750000e+00  2.49998682e+00  4.05886995e+00  4.37551488e+00  4.05844879e+00 
 4.75533789e-04  2.43750000e+00  2.49998690e+00  4.05887291e+00  4.37551729e+00  4.05845184e+00 
 4.75558789e-04  2.43750000e+00  2.49998691e+00  4.05887328e+00  4.37551759e+00  4.05845222e+00 
 4.75565039e-04  2.43750000e+00  2.49998691e+00  4.05887337e+00  4.37551766e+00  4.05845232e+00 
 4.75577539e-04  2.43750000e+00  2.49998691e+00  4.05887356e+00  4.37551781e+00  4.05845251e+00 
 4.75602539e-04  2.43750000e+00  2.49998692e+00  4.05887393e+00  4.37551811e+00  4.05845289e+00 
 4.75652539e-04  2.43750000e+00  2.49998694e+00  4.05887466e+00  4.37551870e+00  4.05845365e+00 
 4.75752539e-04  2.43750000e+00  2.49998698e+00  4.05887613e+00  4.37551990e+00  4.05845516e+00 
 4.75952539e-04  2.43750000e+00  2.49998705e+00  4.05887905e+00  4.37552227e+00  4.05845818e+00 
 4.76152539e-04  2.43750000e+00  2.49998713e+00  4.05888196e+00  4.37552462e+00  4.05846117e+00 
 4.76352539e-04  2.43750000e+00  2.49998720e+00  4.05888484e+00  4.37552696e+00  4.05846415e+00 
 4.76552539e-04  2.43750000e+00  2.49998727e+00  4.05888771e+00  4.37552929e+00  4.05846711e+00 
 4.76752539e-04  2.43750000e+00  2.49998735e+00  4.05889056e+00  4.37553160e+00  4.05847005e+00 
 4.76952539e-04  2.43750000e+00  2.49998742e+00  4.05889340e+00  4.37553390e+00  4.05847298e+00 
 4.77152539e-04  2.43750000e+00  2.49998749e+00  4.05889621e+00  4.37553619e+00  4.05847588e+00 
 4.77352539e-04  2.43750000e+00  2.49998756e+00  4.05889901e+00  4.37553846e+00  4.05847877e+00 
 4.77552539e-04  2.43750000e+00  2.49998763e+00  4.05890179e+00  4.37554071e+00  4.05848164e+00 
 4.77752539e-04  2.43750000e+00  2.49998770e+00  4.05890456e+00  4.37554296e+00  4.05848449e+00 
 4.77952539e-04  2.43750000e+00  2.49998777e+00  4.05890731e+00  4.37554518e+00  4.05848733e+00 
 4.78152539e-04  2.43750000e+00  2.49998784e+00  4.05891004e+00  4.37554740e+00  4.05849014e+00 
 4.78352539e-04  2.43750000e+00  2.49998791e+00  4.05891275e+00  4.37554960e+00  4.05849294e+00 
 4.78552539e-04  2.43750000e+00  2.49998798e+00  4.05891545e+00  4.37555179e+00  4.05849573e+00 
 4.78752539e-04  2.43750000e+00  2.49998805e+00  4.05891813e+00  4.37555396e+00  4.05849849e+00 
 4.78952539e-04  2.43750000e+00  2.49998812e+00  4.05892079e+00  4.37555612e+00  4.05850124e+00 
 4.79152539e-04  2.43750000e+00  2.49998818e+00  4.05892344e+00  4.37555827e+00  4.05850397e+00 
 4.79352539e-04  2.43750000e+00  2.49998825e+00  4.05892607e+00  4.37556040e+00  4.05850669e+00 
 4.79377539e-04  2.43750000e+00  2.49998826e+00  4.05892640e+00  4.37556067e+00  4.05850703e+00 
 4.79427539e-04  2.43750000e+00  2.49998828e+00  4.05892705e+00  4.37556120e+00  4.05850770e+00 
 4.79527539e-04  2.43750000e+00  2.49998831e+00  4.05892836e+00  4.37556226e+00  4.05850905e+00 
 4.79727539e-04  2.43750000e+00  2.49998838e+00  4.05893096e+00  4.37556437e+00  4.05851173e+00 
 4.79927539e-04  2.43750000e+00  2.49998844e+00  4.05893354e+00  4.37556647e+00  4.05851440e+00 
 4.79952539e-04  2.43750000e+00  2.49998845e+00  4.05893387e+00  4.37556673e+00  4.05851473e+00 
 4.80002539e-04  2.43750000e+00  2.49998847e+00  4.05893451e+00  4.37556725e+00  4.05851539e+00 
 4.80102539e-04  2.43750000e+00  2.49998850e+00  4.05893579e+00  4.37556829e+00  4.05851672e+00 
 4.80302539e-04  2.43750000e+00  2.49998856e+00  4.05893835e+00  4.37557036e+00  4.05851935e+00 
 4.80502539e-04  2.43750000e+00  2.49998863e+00  4.05894089e+00  4.37557242e+00  4.05852197e+00 
 4.80702539e-04  2.43750000e+00  2.49998869e+00  4.05894341e+00  4.37557447e+00  4.05852458e+00 
 4.80902539e-04  2.43750000e+00  2.49998876e+00  4.05894592e+00  4.37557650e+00  4.05852717e+00 
 4.81102539e-04  2.43750000e+00  2.49998882e+00  4.05894841e+00  4.37557853e+00  4.05852974e+00 
 4.81302539e-04  2.43750000e+00  2.49998888e+00  4.05895089e+00  4.37558053e+00  4.05853229e+00 
 4.81502539e-04  2.43750000e+00  2.49998895e+00  4.05895335e+00  4.37558253e+00  4.05853483e+00 
 4.81702539e-04  2.43750000e+00  2.49998901e+00  4.05895580e+00  4.37558452e+00  4.05853736e+00 
 4.81902539e-04  2.43750000e+00  2.49998907e+00  4.05895823e+00  4.37558649e+00  4.05853987e+00 
 4.82102539e-04  2.43750000e+00  2.49998913e+00  4.05896064e+00  4.37558845e+00  4.05854236e+00 
 4.82302539e-04  2.43750000e+00  2.49998919e+00  4.05896305e+00  4.37559040e+00  4.05854484e+00 
 4.82502539e-04  2.43750000e+00  2.49998925e+00  4.05896543e+00  4.37559233e+00  4.05854730e+00 
 4.82702539e-04  2.43750000e+00  2.49998931e+00  4.05896780e+00  4.37559426e+00  4.05854975e+00 
 4.82902539e-04  2.43750000e+00  2.49998937e+00  4.05897016e+00  4.37559617e+00  4.05855218e+00 
 4.83102539e-04  2.43750000e+00  2.49998943e+00  4.05897251e+00  4.37559807e+00  4.05855460e+00 
 4.83302539e-04  2.43750000e+00  2.49998949e+00  4.05897483e+00  4.37559996e+00  4.05855700e+00 
 4.83502539e-04  2.43750000e+00  2.49998955e+00  4.05897715e+00  4.37560184e+00  4.05855939e+00 
 4.83702539e-04  2.43750000e+00  2.49998961e+00  4.05897945e+00  4.37560370e+00  4.05856176e+00 
 4.83902539e-04  2.43750000e+00  2.49998967e+00  4.05898173e+00  4.37560556e+00  4.05856412e+00 
 4.84102539e-04  2.43750000e+00  2.49998973e+00  4.05898401e+00  4.37560740e+00  4.05856647e+00 
 4.84302539e-04  2.43750000e+00  2.49998978e+00  4.05898626e+00  4.37560923e+00  4.05856880e+00 
 4.84327539e-04  2.43750000e+00  2.49998979e+00  4.05898655e+00  4.37560946e+00  4.05856909e+00 
 4.84377539e-04  2.43750000e+00  2.49998981e+00  4.05898711e+00  4.37560991e+00  4.05856966e+00 
 4.84477539e-04  2.43750000e+00  2.49998983e+00  4.05898823e+00  4.37561082e+00  4.05857082e+00 
 4.84677539e-04  2.43750000e+00  2.49998989e+00  4.05899046e+00  4.37561263e+00  4.05857312e+00 
 4.84877539e-04  2.43750000e+00  2.49998995e+00  4.05899268e+00  4.37561443e+00  4.05857541e+00 
 4.84902539e-04  2.43750000e+00  2.49998995e+00  4.05899295e+00  4.37561466e+00  4.05857570e+00 
 4.84952539e-04  2.43750000e+00  2.49998997e+00  4.05899351e+00  4.37561510e+00  4.05857627e+00 
 4.85052539e-04  2.43750000e+00  2.49999000e+00  4.05899461e+00  4.37561600e+00  4.05857740e+00 
 4.85252539e-04  2.43750000e+00  2.49999005e+00  4.05899680e+00  4.37561778e+00  4.05857967e+00 
 4.85452539e-04  2.43750000e+00  2.49999011e+00  4.05899898e+00  4.37561954e+00  4.05858191e+00 
 4.85652539e-04  2.43750000e+00  2.49999016e+00  4.05900114e+00  4.37562130e+00  4.05858415e+00 
 4.85852539e-04  2.43750000e+00  2.49999022e+00  4.05900330e+00  4.37562305e+00  4.05858637e+00 
 4.86052539e-04  2.43750000e+00  2.49999027e+00  4.05900543e+00  4.37562478e+00  4.05858858e+00 
 4.86077539e-04  2.43750000e+00  2.49999028e+00  4.05900570e+00  4.37562500e+00  4.05858885e+00 
 4.86127539e-04  2.43750000e+00  2.49999029e+00  4.05900623e+00  4.37562543e+00  4.05858940e+00 
 4.86227539e-04  2.43750000e+00  2.49999032e+00  4.05900730e+00  4.37562629e+00  4.05859050e+00 
 4.86427539e-04  2.43750000e+00  2.49999037e+00  4.05900941e+00  4.37562800e+00  4.05859268e+00 
 4.86627539e-04  2.43750000e+00  2.49999043e+00  4.05901151e+00  4.37562971e+00  4.05859484e+00 
 4.86827539e-04  2.43750000e+00  2.49999048e+00  4.05901360e+00  4.37563140e+00  4.05859700e+00 
 4.87027539e-04  2.43750000e+00  2.49999053e+00  4.05901567e+00  4.37563309e+00  4.05859914e+00 
 4.87227539e-04  2.43750000e+00  2.49999059e+00  4.05901774e+00  4.37563476e+00  4.05860127e+00 
 4.87427539e-04  2.43750000e+00  2.49999064e+00  4.05901979e+00  4.37563642e+00  4.05860338e+00 
 4.87627539e-04  2.43750000e+00  2.49999069e+00  4.05902182e+00  4.37563807e+00  4.05860549e+00 
 4.87652539e-04  2.43750000e+00  2.49999070e+00  4.05902208e+00  4.37563828e+00  4.05860575e+00 
 4.87702539e-04  2.43750000e+00  2.49999071e+00  4.05902259e+00  4.37563869e+00  4.05860627e+00 
 4.87802539e-04  2.43750000e+00  2.49999073e+00  4.05902360e+00  4.37563951e+00  4.05860731e+00 
 4.88002539e-04  2.43750000e+00  2.49999079e+00  4.05902561e+00  4.37564115e+00  4.05860939e+00 
 4.88202539e-04  2.43750000e+00  2.49999084e+00  4.05902761e+00  4.37564277e+00  4.05861146e+00 
 4.88402539e-04  2.43750000e+00  2.49999089e+00  4.05902960e+00  4.37564438e+00  4.05861351e+00 
 4.88602539e-04  2.43750000e+00  2.49999094e+00  4.05903158e+00  4.37564599e+00  4.05861555e+00 
 4.88802539e-04  2.43750000e+00  2.49999099e+00  4.05903354e+00  4.37564758e+00  4.05861758e+00 
 4.89002539e-04  2.43750000e+00  2.49999104e+00  4.05903549e+00  4.37564916e+00  4.05861959e+00 
 4.89005664e-04  2.43750000e+00  2.49999104e+00  4.05903553e+00  4.37564919e+00  4.05861962e+00 
 4.89011914e-04  2.43750000e+00  2.49999104e+00  4.05903559e+00  4.37564924e+00  4.05861968e+00 
 4.89024414e-04  2.43750000e+00  2.49999104e+00  4.05903571e+00  4.37564934e+00  4.05861981e+00 
 4.89049414e-04  2.43750000e+00  2.49999105e+00  4.05903595e+00  4.37564953e+00  4.05862006e+00 
 4.89099414e-04  2.43750000e+00  2.49999106e+00  4.05903644e+00  4.37564993e+00  4.05862056e+00 
 4.89199414e-04  2.43750000e+00  2.49999109e+00  4.05903740e+00  4.37565071e+00  4.05862156e+00 
 4.89399414e-04  2.43750000e+00  2.49999114e+00  4.05903933e+00  4.37565228e+00  4.05862355e+00 
 4.89599414e-04  2.43750000e+00  2.49999118e+00  4.05904125e+00  4.37565383e+00  4.05862553e+00 
 4.89799414e-04  2.43750000e+00  2.49999123e+00  4.05904316e+00  4.37565538e+00  4.05862749e+00 
 4.89999414e-04  2.43750000e+00  2.49999128e+00  4.05904505e+00  4.37565691e+00  4.05862945e+00 
 4.90199414e-04  2.43750000e+00  2.49999133e+00  4.05904693e+00  4.37565844e+00  4.05863139e+00 
 4.90399414e-04  2.43750000e+00  2.49999138e+00  4.05904880e+00  4.37565996e+00  4.05863332e+00 
 4.90599414e-04  2.43750000e+00  2.49999142e+00  4.05905066e+00  4.37566146e+00  4.05863524e+00 
 4.90799414e-04  2.43750000e+00  2.49999147e+00  4.05905251e+00  4.37566296e+00  4.05863714e+00 
 4.90999414e-04  2.43750000e+00  2.49999152e+00  4.05905434e+00  4.37566445e+00  4.05863904e+00 
 4.91199414e-04  2.43750000e+00  2.49999156e+00  4.05905617e+00  4.37566593e+00  4.05864092e+00 
 4.91224414e-04  2.43750000e+00  2.49999157e+00  4.05905639e+00  4.37566612e+00  4.05864115e+00 
 4.91274414e-04  2.43750000e+00  2.49999158e+00  4.05905685e+00  4.37566648e+00  4.05864162e+00 
 4.91374414e-04  2.43750000e+00  2.49999160e+00  4.05905775e+00  4.37566722e+00  4.05864256e+00 
 4.91574414e-04  2.43750000e+00  2.49999165e+00  4.05905956e+00  4.37566868e+00  4.05864442e+00 
 4.91774414e-04  2.43750000e+00  2.49999170e+00  4.05906135e+00  4.37567013e+00  4.05864627e+00 
 4.91799414e-04  2.43750000e+00  2.49999170e+00  4.05906157e+00  4.37567032e+00  4.05864650e+00 
 4.91805664e-04  2.43750000e+00  2.49999170e+00  4.05906163e+00  4.37567036e+00  4.05864655e+00 
 4.91818164e-04  2.43750000e+00  2.49999171e+00  4.05906174e+00  4.37567045e+00  4.05864667e+00 
 4.91843164e-04  2.43750000e+00  2.49999171e+00  4.05906196e+00  4.37567063e+00  4.05864690e+00 
 4.91893164e-04  2.43750000e+00  2.49999172e+00  4.05906241e+00  4.37567099e+00  4.05864736e+00 
 4.91993164e-04  2.43750000e+00  2.49999175e+00  4.05906330e+00  4.37567171e+00  4.05864828e+00 
 4.92193164e-04  2.43750000e+00  2.49999179e+00  4.05906506e+00  4.37567315e+00  4.05865010e+00 
 4.92393164e-04  2.43750000e+00  2.49999184e+00  4.05906682e+00  4.37567458e+00  4.05865191e+00 
 4.92593164e-04  2.43750000e+00  2.49999188e+00  4.05906857e+00  4.37567599e+00  4.05865372e+00 
 4.92793164e-04  2.43750000e+00  2.49999192e+00  4.05907031e+00  4.37567740e+00  4.05865551e+00 
 4.92818164e-04  2.43750000e+00  2.49999193e+00  4.05907052e+00  4.37567758e+00  4.05865573e+00 
 4.92868164e-04  2.43750000e+00  2.49999194e+00  4.05907096e+00  4.37567793e+00  4.05865618e+00 
 4.92968164e-04  2.43750000e+00  2.49999196e+00  4.05907182e+00  4.37567863e+00  4.05865707e+00 
 4.93168164e-04  2.43750000e+00  2.49999201e+00  4.05907353e+00  4.37568002e+00  4.05865884e+00 
 4.93193164e-04  2.43750000e+00  2.49999201e+00  4.05907375e+00  4.37568019e+00  4.05865906e+00 
 4.93243164e-04  2.43750000e+00  2.49999202e+00  4.05907418e+00  4.37568054e+00  4.05865950e+00 
 4.93343164e-04  2.43750000e+00  2.49999204e+00  4.05907503e+00  4.37568123e+00  4.05866038e+00 
 4.93543164e-04  2.43750000e+00  2.49999209e+00  4.05907672e+00  4.37568261e+00  4.05866213e+00 
 4.93568164e-04  2.43750000e+00  2.49999209e+00  4.05907694e+00  4.37568278e+00  4.05866235e+00 
 4.93574414e-04  2.43750000e+00  2.49999209e+00  4.05907699e+00  4.37568282e+00  4.05866240e+00 
 4.93586914e-04  2.43750000e+00  2.49999210e+00  4.05907709e+00  4.37568291e+00  4.05866251e+00 
 4.93590039e-04  2.43750000e+00  2.49999210e+00  4.05907712e+00  4.37568293e+00  4.05866254e+00 
 4.93596289e-04  2.43750000e+00  2.49999210e+00  4.05907717e+00  4.37568297e+00  4.05866259e+00 
 4.93597851e-04  2.43750000e+00  2.49999210e+00  4.05907719e+00  4.37568298e+00  4.05866261e+00 
 4.93600976e-04  2.43750000e+00  2.49999210e+00  4.05907721e+00  4.37568300e+00  4.05866263e+00 
 4.93607226e-04  2.43750000e+00  2.49999210e+00  4.05907727e+00  4.37568305e+00  4.05866269e+00 
 4.93619726e-04  2.43750000e+00  2.49999210e+00  4.05907737e+00  4.37568313e+00  4.05866280e+00 
 4.93644726e-04  2.43750000e+00  2.49999211e+00  4.05907758e+00  4.37568330e+00  4.05866302e+00 
 4.93694726e-04  2.43750000e+00  2.49999212e+00  4.05907800e+00  4.37568364e+00  4.05866345e+00 
 4.93794726e-04  2.43750000e+00  2.49999214e+00  4.05907884e+00  4.37568433e+00  4.05866432e+00 
 4.93994726e-04  2.43750000e+00  2.49999218e+00  4.05908052e+00  4.37568568e+00  4.05866604e+00 
 4.94194726e-04  2.43750000e+00  2.49999223e+00  4.05908218e+00  4.37568703e+00  4.05866776e+00 
 4.94394726e-04  2.43750000e+00  2.49999227e+00  4.05908383e+00  4.37568837e+00  4.05866947e+00 
 4.94594726e-04  2.43750000e+00  2.49999231e+00  4.05908548e+00  4.37568971e+00  4.05867116e+00 
 4.94794726e-04  2.43750000e+00  2.49999235e+00  4.05908711e+00  4.37569103e+00  4.05867284e+00 
 4.94994726e-04  2.43750000e+00  2.49999239e+00  4.05908873e+00  4.37569235e+00  4.05867452e+00 
 4.95194726e-04  2.43750000e+00  2.49999243e+00  4.05909034e+00  4.37569365e+00  4.05867618e+00 
 4.95394726e-04  2.43750000e+00  2.49999247e+00  4.05909194e+00  4.37569495e+00  4.05867784e+00 
 4.95594726e-04  2.43750000e+00  2.49999252e+00  4.05909354e+00  4.37569625e+00  4.05867948e+00 
 4.95794726e-04  2.43750000e+00  2.49999256e+00  4.05909512e+00  4.37569753e+00  4.05868111e+00 
 4.95819726e-04  2.43750000e+00  2.49999256e+00  4.05909532e+00  4.37569769e+00  4.05868131e+00 
 4.95869726e-04  2.43750000e+00  2.49999257e+00  4.05909571e+00  4.37569801e+00  4.05868172e+00 
 4.95969726e-04  2.43750000e+00  2.49999259e+00  4.05909650e+00  4.37569865e+00  4.05868253e+00 
 4.96169726e-04  2.43750000e+00  2.49999263e+00  4.05909806e+00  4.37569992e+00  4.05868415e+00 
 4.96369726e-04  2.43750000e+00  2.49999267e+00  4.05909962e+00  4.37570118e+00  4.05868575e+00 
 4.96569726e-04  2.43750000e+00  2.49999271e+00  4.05910116e+00  4.37570243e+00  4.05868735e+00 
 4.96769726e-04  2.43750000e+00  2.49999275e+00  4.05910270e+00  4.37570368e+00  4.05868893e+00 
 4.96969726e-04  2.43750000e+00  2.49999279e+00  4.05910422e+00  4.37570491e+00  4.05869050e+00 
 4.97169726e-04  2.43750000e+00  2.49999283e+00  4.05910574e+00  4.37570614e+00  4.05869207e+00 
 4.97369726e-04  2.43750000e+00  2.49999286e+00  4.05910725e+00  4.37570737e+00  4.05869363e+00 
 4.97569726e-04  2.43750000e+00  2.49999290e+00  4.05910875e+00  4.37570858e+00  4.05869517e+00 
 4.97594726e-04  2.43750000e+00  2.49999291e+00  4.05910893e+00  4.37570873e+00  4.05869536e+00 
 4.97644726e-04  2.43750000e+00  2.49999292e+00  4.05910931e+00  4.37570904e+00  4.05869575e+00 
 4.97744726e-04  2.43750000e+00  2.49999294e+00  4.05911005e+00  4.37570964e+00  4.05869652e+00 
 4.97944726e-04  2.43750000e+00  2.49999297e+00  4.05911153e+00  4.37571084e+00  4.05869804e+00 
 4.98144726e-04  2.43750000e+00  2.49999301e+00  4.05911300e+00  4.37571203e+00  4.05869956e+00 
 4.98344726e-04  2.43750000e+00  2.49999305e+00  4.05911447e+00  4.37571322e+00  4.05870107e+00 
 4.98369726e-04  2.43750000e+00  2.49999305e+00  4.05911465e+00  4.37571337e+00  4.05870126e+00 
 4.98419726e-04  2.43750000e+00  2.49999306e+00  4.05911501e+00  4.37571366e+00  4.05870164e+00 
 4.98519726e-04  2.43750000e+00  2.49999308e+00  4.05911574e+00  4.37571425e+00  4.05870238e+00 
 4.98719726e-04  2.43750000e+00  2.49999312e+00  4.05911718e+00  4.37571543e+00  4.05870388e+00 
 4.98919726e-04  2.43750000e+00  2.49999315e+00  4.05911862e+00  4.37571659e+00  4.05870536e+00 
 4.99119726e-04  2.43750000e+00  2.49999319e+00  4.05912005e+00  4.37571775e+00  4.05870683e+00 
 4.99319726e-04  2.43750000e+00  2.49999323e+00  4.05912147e+00  4.37571890e+00  4.05870830e+00 
 4.99519726e-04  2.43750000e+00  2.49999326e+00  4.05912288e+00  4.37572005e+00  4.05870975e+00 
 4.99719726e-04  2.43750000e+00  2.49999330e+00  4.05912428e+00  4.37572118e+00  4.05871120e+00 
 4.99744726e-04  2.43750000e+00  2.49999330e+00  4.05912446e+00  4.37572133e+00  4.05871138e+00 
 4.99794726e-04  2.43750000e+00  2.49999331e+00  4.05912480e+00  4.37572161e+00  4.05871174e+00 
 4.99894726e-04  2.43750000e+00  2.49999333e+00  4.05912550e+00  4.37572217e+00  4.05871246e+00 
 5.00094726e-04  2.43750000e+00  2.49999336e+00  4.05912689e+00  4.37572330e+00  4.05871389e+00 
 5.00294726e-04  2.43750000e+00  2.49999340e+00  4.05912826e+00  4.37572441e+00  4.05871531e+00 
 5.00494726e-04  2.43750000e+00  2.49999343e+00  4.05912963e+00  4.37572552e+00  4.05871672e+00 
 5.00694726e-04  2.43750000e+00  2.49999347e+00  4.05913099e+00  4.37572663e+00  4.05871812e+00 
 5.00894726e-04  2.43750000e+00  2.49999350e+00  4.05913234e+00  4.37572772e+00  4.05871952e+00 
 5.01094726e-04  2.43750000e+00  2.49999354e+00  4.05913369e+00  4.37572881e+00  4.05872091e+00 
 5.01294726e-04  2.43750000e+00  2.49999357e+00  4.05913502e+00  4.37572990e+00  4.05872228e+00 
 5.01494726e-04  2.43750000e+00  2.49999361e+00  4.05913635e+00  4.37573097e+00  4.05872365e+00 
 5.01694726e-04  2.43750000e+00  2.49999364e+00  4.05913767e+00  4.37573204e+00  4.05872501e+00 
 5.01894726e-04  2.43750000e+00  2.49999367e+00  4.05913898e+00  4.37573311e+00  4.05872637e+00 
 5.02094726e-04  2.43750000e+00  2.49999371e+00  4.05914028e+00  4.37573416e+00  4.05872771e+00 
 5.02294726e-04  2.43750000e+00  2.49999374e+00  4.05914158e+00  4.37573521e+00  4.05872905e+00 
 5.02494726e-04  2.43750000e+00  2.49999377e+00  4.05914286e+00  4.37573626e+00  4.05873037e+00 
 5.02694726e-04  2.43750000e+00  2.49999380e+00  4.05914414e+00  4.37573729e+00  4.05873169e+00 
 5.02894726e-04  2.43750000e+00  2.49999384e+00  4.05914541e+00  4.37573833e+00  4.05873300e+00 
 5.03094726e-04  2.43750000e+00  2.49999387e+00  4.05914668e+00  4.37573935e+00  4.05873431e+00 
 5.03294726e-04  2.43750000e+00  2.49999390e+00  4.05914793e+00  4.37574037e+00  4.05873560e+00 
 5.03494726e-04  2.43750000e+00  2.49999393e+00  4.05914918e+00  4.37574138e+00  4.05873689e+00 
 5.03694726e-04  2.43750000e+00  2.49999396e+00  4.05915042e+00  4.37574239e+00  4.05873817e+00 
 5.03894726e-04  2.43750000e+00  2.49999400e+00  4.05915165e+00  4.37574339e+00  4.05873944e+00 
 5.04094726e-04  2.43750000e+00  2.49999403e+00  4.05915288e+00  4.37574438e+00  4.05874070e+00 
 5.04294726e-04  2.43750000e+00  2.49999406e+00  4.05915409e+00  4.37574537e+00  4.05874196e+00 
 5.04319726e-04  2.43750000e+00  2.49999406e+00  4.05915425e+00  4.37574549e+00  4.05874212e+00 
 5.04369726e-04  2.43750000e+00  2.49999407e+00  4.05915455e+00  4.37574573e+00  4.05874243e+00 
 5.04469726e-04  2.43750000e+00  2.49999408e+00  4.05915515e+00  4.37574622e+00  4.05874305e+00 
 5.04669726e-04  2.43750000e+00  2.49999411e+00  4.05915636e+00  4.37574720e+00  4.05874429e+00 
 5.04869726e-04  2.43750000e+00  2.49999415e+00  4.05915755e+00  4.37574817e+00  4.05874553e+00 
 5.05069726e-04  2.43750000e+00  2.49999418e+00  4.05915874e+00  4.37574913e+00  4.05874675e+00 
 5.05269726e-04  2.43750000e+00  2.49999421e+00  4.05915992e+00  4.37575009e+00  4.05874797e+00 
 5.05469726e-04  2.43750000e+00  2.49999424e+00  4.05916109e+00  4.37575104e+00  4.05874918e+00 
 5.05669726e-04  2.43750000e+00  2.49999427e+00  4.05916226e+00  4.37575199e+00  4.05875039e+00 
 5.05869726e-04  2.43750000e+00  2.49999429e+00  4.05916342e+00  4.37575293e+00  4.05875158e+00 
 5.06069726e-04  2.43750000e+00  2.49999432e+00  4.05916457e+00  4.37575387e+00  4.05875277e+00 
 5.06269726e-04  2.43750000e+00  2.49999435e+00  4.05916572e+00  4.37575479e+00  4.05875395e+00 
 5.06469726e-04  2.43750000e+00  2.49999438e+00  4.05916685e+00  4.37575572e+00  4.05875513e+00 
 5.06669726e-04  2.43750000e+00  2.49999441e+00  4.05916799e+00  4.37575663e+00  4.05875629e+00 
 5.06869726e-04  2.43750000e+00  2.49999444e+00  4.05916911e+00  4.37575755e+00  4.05875745e+00 
 5.07069726e-04  2.43750000e+00  2.49999447e+00  4.05917023e+00  4.37575845e+00  4.05875861e+00 
 5.07269726e-04  2.43750000e+00  2.49999450e+00  4.05917134e+00  4.37575935e+00  4.05875975e+00 
 5.07469726e-04  2.43750000e+00  2.49999452e+00  4.05917244e+00  4.37576025e+00  4.05876089e+00 
 5.07669726e-04  2.43750000e+00  2.49999455e+00  4.05917354e+00  4.37576114e+00  4.05876202e+00 
 5.07869726e-04  2.43750000e+00  2.49999458e+00  4.05917463e+00  4.37576202e+00  4.05876315e+00 
 5.08069726e-04  2.43750000e+00  2.49999461e+00  4.05917571e+00  4.37576290e+00  4.05876426e+00 
 5.08269726e-04  2.43750000e+00  2.49999463e+00  4.05917679e+00  4.37576377e+00  4.05876537e+00 
 5.08469726e-04  2.43750000e+00  2.49999466e+00  4.05917786e+00  4.37576464e+00  4.05876648e+00 
 5.08669726e-04  2.43750000e+00  2.49999469e+00  4.05917892e+00  4.37576550e+00  4.05876757e+00 
 5.08869726e-04  2.43750000e+00  2.49999472e+00  4.05917998e+00  4.37576636e+00  4.05876866e+00 
 5.09069726e-04  2.43750000e+00  2.49999474e+00  4.05918103e+00  4.37576721e+00  4.05876975e+00 
 5.09269726e-04  2.43750000e+00  2.49999477e+00  4.05918207e+00  4.37576806e+00  4.05877082e+00 
 5.09272851e-04  2.43750000e+00  2.49999477e+00  4.05918209e+00  4.37576807e+00  4.05877084e+00 
 5.09279101e-04  2.43750000e+00  2.49999477e+00  4.05918212e+00  4.37576810e+00  4.05877087e+00 
 5.09291601e-04  2.43750000e+00  2.49999477e+00  4.05918218e+00  4.37576815e+00  4.05877094e+00 
 5.09316601e-04  2.43750000e+00  2.49999478e+00  4.05918231e+00  4.37576826e+00  4.05877108e+00 
 5.09366601e-04  2.43750000e+00  2.49999478e+00  4.05918257e+00  4.37576847e+00  4.05877134e+00 
 5.09466601e-04  2.43750000e+00  2.49999480e+00  4.05918309e+00  4.37576889e+00  4.05877188e+00 
 5.09666601e-04  2.43750000e+00  2.49999482e+00  4.05918412e+00  4.37576972e+00  4.05877294e+00 
 5.09866601e-04  2.43750000e+00  2.49999485e+00  4.05918515e+00  4.37577055e+00  4.05877400e+00 
 5.10066601e-04  2.43750000e+00  2.49999487e+00  4.05918616e+00  4.37577138e+00  4.05877505e+00 
 5.10091601e-04  2.43750000e+00  2.49999488e+00  4.05918629e+00  4.37577148e+00  4.05877518e+00 
 5.10141601e-04  2.43750000e+00  2.49999488e+00  4.05918654e+00  4.37577169e+00  4.05877544e+00 
 5.10241601e-04  2.43750000e+00  2.49999490e+00  4.05918705e+00  4.37577210e+00  4.05877596e+00 
 5.10441601e-04  2.43750000e+00  2.49999492e+00  4.05918806e+00  4.37577291e+00  4.05877700e+00 
 5.10641601e-04  2.43750000e+00  2.49999495e+00  4.05918906e+00  4.37577373e+00  4.05877803e+00 
 5.10841601e-04  2.43750000e+00  2.49999497e+00  4.05919005e+00  4.37577453e+00  4.05877906e+00 
 5.11041601e-04  2.43750000e+00  2.49999500e+00  4.05919104e+00  4.37577533e+00  4.05878008e+00 
 5.11066601e-04  2.43750000e+00  2.49999500e+00  4.05919116e+00  4.37577543e+00  4.05878021e+00 
 5.11116601e-04  2.43750000e+00  2.49999501e+00  4.05919141e+00  4.37577563e+00  4.05878046e+00 
 5.11216601e-04  2.43750000e+00  2.49999502e+00  4.05919190e+00  4.37577603e+00  4.05878097e+00 
 5.11416601e-04  2.43750000e+00  2.49999504e+00  4.05919287e+00  4.37577682e+00  4.05878197e+00 
 5.11616601e-04  2.43750000e+00  2.49999507e+00  4.05919384e+00  4.37577761e+00  4.05878297e+00 
 5.11641601e-04  2.43750000e+00  2.49999507e+00  4.05919397e+00  4.37577771e+00  4.05878310e+00 
 5.11691601e-04  2.43750000e+00  2.49999508e+00  4.05919421e+00  4.37577790e+00  4.05878335e+00 
 5.11791601e-04  2.43750000e+00  2.49999509e+00  4.05919469e+00  4.37577830e+00  4.05878385e+00 
 5.11991601e-04  2.43750000e+00  2.49999512e+00  4.05919565e+00  4.37577907e+00  4.05878484e+00 
 5.12191601e-04  2.43750000e+00  2.49999514e+00  4.05919660e+00  4.37577985e+00  4.05878582e+00 
 5.12391601e-04  2.43750000e+00  2.49999516e+00  4.05919755e+00  4.37578062e+00  4.05878680e+00 
 5.12591601e-04  2.43750000e+00  2.49999519e+00  4.05919849e+00  4.37578138e+00  4.05878777e+00 
 5.12791601e-04  2.43750000e+00  2.49999521e+00  4.05919943e+00  4.37578214e+00  4.05878873e+00 
 5.12991601e-04  2.43750000e+00  2.49999524e+00  4.05920036e+00  4.37578289e+00  4.05878969e+00 
 5.13191601e-04  2.43750000e+00  2.49999526e+00  4.05920128e+00  4.37578364e+00  4.05879065e+00 
 5.13391601e-04  2.43750000e+00  2.49999528e+00  4.05920220e+00  4.37578439e+00  4.05879160e+00 
 5.13591601e-04  2.43750000e+00  2.49999531e+00  4.05920311e+00  4.37578513e+00  4.05879254e+00 
 5.13791601e-04  2.43750000e+00  2.49999533e+00  4.05920402e+00  4.37578587e+00  4.05879347e+00 
 5.13816601e-04  2.43750000e+00  2.49999533e+00  4.05920413e+00  4.37578596e+00  4.05879359e+00 
 5.13866601e-04  2.43750000e+00  2.49999534e+00  4.05920436e+00  4.37578614e+00  4.05879382e+00 
 5.13966601e-04  2.43750000e+00  2.49999535e+00  4.05920481e+00  4.37578651e+00  4.05879429e+00 
 5.14166601e-04  2.43750000e+00  2.49999537e+00  4.05920571e+00  4.37578723e+00  4.05879521e+00 
 5.14366601e-04  2.43750000e+00  2.49999539e+00  4.05920660e+00  4.37578796e+00  4.05879613e+00 
 5.14566601e-04  2.43750000e+00  2.49999542e+00  4.05920749e+00  4.37578868e+00  4.05879705e+00 
 5.14766601e-04  2.43750000e+00  2.49999544e+00  4.05920837e+00  4.37578939e+00  4.05879796e+00 
 5.14966601e-04  2.43750000e+00  2.49999546e+00  4.05920924e+00  4.37579010e+00  4.05879886e+00 
 5.15166601e-04  2.43750000e+00  2.49999548e+00  4.05921011e+00  4.37579080e+00  4.05879976e+00 
 5.15366601e-04  2.43750000e+00  2.49999551e+00  4.05921098e+00  4.37579151e+00  4.05880065e+00 
 5.15566601e-04  2.43750000e+00  2.49999553e+00  4.05921183e+00  4.37579220e+00  4.05880154e+00 
 5.15766601e-04  2.43750000e+00  2.49999555e+00  4.05921269e+00  4.37579289e+00  4.05880242e+00 
 5.15791601e-04  2.43750000e+00  2.49999555e+00  4.05921279e+00  4.37579298e+00  4.05880253e+00 
 5.15797851e-04  2.43750000e+00  2.49999555e+00  4.05921282e+00  4.37579300e+00  4.05880255e+00 
 5.15810351e-04  2.43750000e+00  2.49999555e+00  4.05921287e+00  4.37579305e+00  4.05880261e+00 
 5.15835351e-04  2.43750000e+00  2.49999556e+00  4.05921298e+00  4.37579313e+00  4.05880272e+00 
 5.15885351e-04  2.43750000e+00  2.49999556e+00  4.05921319e+00  4.37579330e+00  4.05880294e+00 
 5.15897851e-04  2.43750000e+00  2.49999556e+00  4.05921325e+00  4.37579335e+00  4.05880299e+00 
 5.15900976e-04  2.43750000e+00  2.49999556e+00  4.05921326e+00  4.37579336e+00  4.05880301e+00 
 5.15907226e-04  2.43750000e+00  2.49999556e+00  4.05921329e+00  4.37579338e+00  4.05880303e+00 
 5.15908789e-04  2.43750000e+00  2.49999556e+00  4.05921329e+00  4.37579338e+00  4.05880304e+00 
 5.15911914e-04  2.43750000e+00  2.49999556e+00  4.05921331e+00  4.37579340e+00  4.05880305e+00 
 5.15918164e-04  2.43750000e+00  2.49999557e+00  4.05921333e+00  4.37579342e+00  4.05880308e+00 
 5.15930664e-04  2.43750000e+00  2.49999557e+00  4.05921338e+00  4.37579346e+00  4.05880314e+00 
 5.15955664e-04  2.43750000e+00  2.49999557e+00  4.05921349e+00  4.37579355e+00  4.05880324e+00 
 5.16005664e-04  2.43750000e+00  2.49999557e+00  4.05921370e+00  4.37579372e+00  4.05880346e+00 
 5.16105664e-04  2.43750000e+00  2.49999559e+00  4.05921412e+00  4.37579406e+00  4.05880390e+00 
 5.16305664e-04  2.43750000e+00  2.49999561e+00  4.05921496e+00  4.37579474e+00  4.05880476e+00 
 5.16505664e-04  2.43750000e+00  2.49999563e+00  4.05921580e+00  4.37579542e+00  4.05880562e+00 
 5.16705664e-04  2.43750000e+00  2.49999565e+00  4.05921663e+00  4.37579609e+00  4.05880648e+00 
 5.16905664e-04  2.43750000e+00  2.49999567e+00  4.05921745e+00  4.37579676e+00  4.05880733e+00 
 5.17105664e-04  2.43750000e+00  2.49999569e+00  4.05921827e+00  4.37579742e+00  4.05880818e+00 
 5.17305664e-04  2.43750000e+00  2.49999571e+00  4.05921908e+00  4.37579808e+00  4.05880902e+00 
 5.17505664e-04  2.43750000e+00  2.49999573e+00  4.05921989e+00  4.37579874e+00  4.05880985e+00 
 5.17705664e-04  2.43750000e+00  2.49999575e+00  4.05922070e+00  4.37579939e+00  4.05881068e+00 
 5.17905664e-04  2.43750000e+00  2.49999577e+00  4.05922150e+00  4.37580004e+00  4.05881151e+00 
 5.18105664e-04  2.43750000e+00  2.49999579e+00  4.05922229e+00  4.37580068e+00  4.05881232e+00 
 5.18305664e-04  2.43750000e+00  2.49999581e+00  4.05922308e+00  4.37580132e+00  4.05881314e+00 
 5.18308789e-04  2.43750000e+00  2.49999581e+00  4.05922309e+00  4.37580134e+00  4.05881315e+00 
 5.18315039e-04  2.43750000e+00  2.49999581e+00  4.05922312e+00  4.37580136e+00  4.05881318e+00 
 5.18327539e-04  2.43750000e+00  2.49999582e+00  4.05922317e+00  4.37580139e+00  4.05881323e+00 
 5.18352539e-04  2.43750000e+00  2.49999582e+00  4.05922326e+00  4.37580147e+00  4.05881333e+00 
 5.18402539e-04  2.43750000e+00  2.49999582e+00  4.05922346e+00  4.37580163e+00  4.05881353e+00 
 5.18502539e-04  2.43750000e+00  2.49999583e+00  4.05922385e+00  4.37580195e+00  4.05881394e+00 
 5.18702539e-04  2.43750000e+00  2.49999585e+00  4.05922463e+00  4.37580258e+00  4.05881474e+00 
 5.18902539e-04  2.43750000e+00  2.49999587e+00  4.05922541e+00  4.37580321e+00  4.05881554e+00 
 5.19102539e-04  2.43750000e+00  2.49999589e+00  4.05922618e+00  4.37580384e+00  4.05881633e+00 
 5.19302539e-04  2.43750000e+00  2.49999591e+00  4.05922694e+00  4.37580446e+00  4.05881712e+00 
 5.19502539e-04  2.43750000e+00  2.49999593e+00  4.05922770e+00  4.37580507e+00  4.05881791e+00 
 5.19702539e-04  2.43750000e+00  2.49999595e+00  4.05922846e+00  4.37580569e+00  4.05881869e+00 
 5.19902539e-04  2.43750000e+00  2.49999597e+00  4.05922921e+00  4.37580630e+00  4.05881946e+00 
 5.20102539e-04  2.43750000e+00  2.49999599e+00  4.05922996e+00  4.37580690e+00  4.05882023e+00 
 5.20302539e-04  2.43750000e+00  2.49999601e+00  4.05923070e+00  4.37580750e+00  4.05882100e+00 
 5.20502539e-04  2.43750000e+00  2.49999603e+00  4.05923144e+00  4.37580810e+00  4.05882176e+00 
 5.20505664e-04  2.43750000e+00  2.49999603e+00  4.05923145e+00  4.37580811e+00  4.05882177e+00 
 5.20511914e-04  2.43750000e+00  2.49999603e+00  4.05923147e+00  4.37580813e+00  4.05882180e+00 
 5.20524414e-04  2.43750000e+00  2.49999603e+00  4.05923152e+00  4.37580817e+00  4.05882184e+00 
 5.20549414e-04  2.43750000e+00  2.49999603e+00  4.05923161e+00  4.37580824e+00  4.05882194e+00 
 5.20599414e-04  2.43750000e+00  2.49999604e+00  4.05923179e+00  4.37580839e+00  4.05882213e+00 
 5.20699414e-04  2.43750000e+00  2.49999604e+00  4.05923216e+00  4.37580869e+00  4.05882251e+00 
 5.20899414e-04  2.43750000e+00  2.49999606e+00  4.05923289e+00  4.37580928e+00  4.05882326e+00 
 5.21099414e-04  2.43750000e+00  2.49999608e+00  4.05923361e+00  4.37580987e+00  4.05882400e+00 
 5.21299414e-04  2.43750000e+00  2.49999610e+00  4.05923433e+00  4.37581045e+00  4.05882475e+00 
 5.21324414e-04  2.43750000e+00  2.49999610e+00  4.05923442e+00  4.37581052e+00  4.05882484e+00 
 5.21374414e-04  2.43750000e+00  2.49999611e+00  4.05923460e+00  4.37581067e+00  4.05882502e+00 
 5.21474414e-04  2.43750000e+00  2.49999612e+00  4.05923496e+00  4.37581096e+00  4.05882539e+00 
 5.21674414e-04  2.43750000e+00  2.49999613e+00  4.05923567e+00  4.37581154e+00  4.05882613e+00 
 5.21874414e-04  2.43750000e+00  2.49999615e+00  4.05923637e+00  4.37581211e+00  4.05882686e+00 
 5.22074414e-04  2.43750000e+00  2.49999617e+00  4.05923708e+00  4.37581268e+00  4.05882758e+00 
 5.22274414e-04  2.43750000e+00  2.49999619e+00  4.05923777e+00  4.37581324e+00  4.05882830e+00 
 5.22474414e-04  2.43750000e+00  2.49999621e+00  4.05923847e+00  4.37581381e+00  4.05882902e+00 
 5.22674414e-04  2.43750000e+00  2.49999622e+00  4.05923916e+00  4.37581437e+00  4.05882973e+00 
 5.22874414e-04  2.43750000e+00  2.49999624e+00  4.05923984e+00  4.37581492e+00  4.05883044e+00 
 5.23074414e-04  2.43750000e+00  2.49999626e+00  4.05924052e+00  4.37581548e+00  4.05883114e+00 
 5.23099414e-04  2.43750000e+00  2.49999626e+00  4.05924061e+00  4.37581554e+00  4.05883123e+00 
 5.23149414e-04  2.43750000e+00  2.49999626e+00  4.05924078e+00  4.37581568e+00  4.05883140e+00 
 5.23249414e-04  2.43750000e+00  2.49999627e+00  4.05924112e+00  4.37581596e+00  4.05883175e+00 
 5.23449414e-04  2.43750000e+00  2.49999629e+00  4.05924179e+00  4.37581650e+00  4.05883244e+00 
 5.23649414e-04  2.43750000e+00  2.49999631e+00  4.05924246e+00  4.37581705e+00  4.05883313e+00 
 5.23849414e-04  2.43750000e+00  2.49999632e+00  4.05924312e+00  4.37581758e+00  4.05883382e+00 
 5.24049414e-04  2.43750000e+00  2.49999634e+00  4.05924379e+00  4.37581812e+00  4.05883450e+00 
 5.24249414e-04  2.43750000e+00  2.49999636e+00  4.05924444e+00  4.37581865e+00  4.05883518e+00 
 5.24449414e-04  2.43750000e+00  2.49999637e+00  4.05924510e+00  4.37581918e+00  4.05883585e+00 
 5.24649414e-04  2.43750000e+00  2.49999639e+00  4.05924574e+00  4.37581971e+00  4.05883652e+00 
 5.24674414e-04  2.43750000e+00  2.49999639e+00  4.05924583e+00  4.37581978e+00  4.05883661e+00 
 5.24724414e-04  2.43750000e+00  2.49999640e+00  4.05924599e+00  4.37581991e+00  4.05883677e+00 
 5.24824414e-04  2.43750000e+00  2.49999641e+00  4.05924631e+00  4.37582017e+00  4.05883711e+00 
 5.25024414e-04  2.43750000e+00  2.49999642e+00  4.05924695e+00  4.37582069e+00  4.05883777e+00 
 5.25224414e-04  2.43750000e+00  2.49999644e+00  4.05924759e+00  4.37582120e+00  4.05883843e+00 
 5.25424414e-04  2.43750000e+00  2.49999645e+00  4.05924822e+00  4.37582172e+00  4.05883908e+00 
 5.25624414e-04  2.43750000e+00  2.49999647e+00  4.05924885e+00  4.37582223e+00  4.05883973e+00 
 5.25824414e-04  2.43750000e+00  2.49999649e+00  4.05924948e+00  4.37582274e+00  4.05884037e+00 
 5.26024414e-04  2.43750000e+00  2.49999650e+00  4.05925010e+00  4.37582324e+00  4.05884102e+00 
 5.26224414e-04  2.43750000e+00  2.49999652e+00  4.05925072e+00  4.37582374e+00  4.05884165e+00 
 5.26424414e-04  2.43750000e+00  2.49999653e+00  4.05925133e+00  4.37582424e+00  4.05884229e+00 
 5.26624414e-04  2.43750000e+00  2.49999655e+00  4.05925194e+00  4.37582474e+00  4.05884292e+00 
 5.26824414e-04  2.43750000e+00  2.49999656e+00  4.05925255e+00  4.37582523e+00  4.05884354e+00 
 5.27024414e-04  2.43750000e+00  2.49999658e+00  4.05925315e+00  4.37582572e+00  4.05884416e+00 
 5.27224414e-04  2.43750000e+00  2.49999659e+00  4.05925375e+00  4.37582620e+00  4.05884478e+00 
 5.27424414e-04  2.43750000e+00  2.49999661e+00  4.05925434e+00  4.37582669e+00  4.05884540e+00 
 5.27624414e-04  2.43750000e+00  2.49999662e+00  4.05925494e+00  4.37582717e+00  4.05884601e+00 
 5.27824414e-04  2.43750000e+00  2.49999664e+00  4.05925552e+00  4.37582764e+00  4.05884661e+00 
 5.28024414e-04  2.43750000e+00  2.49999665e+00  4.05925611e+00  4.37582812e+00  4.05884722e+00 
 5.28049414e-04  2.43750000e+00  2.49999666e+00  4.05925618e+00  4.37582818e+00  4.05884729e+00 
 5.28099414e-04  2.43750000e+00  2.49999666e+00  4.05925633e+00  4.37582829e+00  4.05884744e+00 
 5.28199414e-04  2.43750000e+00  2.49999667e+00  4.05925662e+00  4.37582853e+00  4.05884774e+00 
 5.28399414e-04  2.43750000e+00  2.49999668e+00  4.05925719e+00  4.37582900e+00  4.05884834e+00 
 5.28599414e-04  2.43750000e+00  2.49999670e+00  4.05925777e+00  4.37582946e+00  4.05884893e+00 
 5.28799414e-04  2.43750000e+00  2.49999671e+00  4.05925834e+00  4.37582993e+00  4.05884952e+00 
 5.28999414e-04  2.43750000e+00  2.49999673e+00  4.05925891e+00  4.37583039e+00  4.05885010e+00 
 5.29199414e-04  2.43750000e+00  2.49999674e+00  4.05925947e+00  4.37583084e+00  4.05885069e+00 
 5.29399414e-04  2.43750000e+00  2.49999675e+00  4.05926003e+00  4.37583130e+00  4.05885126e+00 
 5.29599414e-04  2.43750000e+00  2.49999677e+00  4.05926059e+00  4.37583175e+00  4.05885184e+00 
 5.29799414e-04  2.43750000e+00  2.49999678e+00  4.05926114e+00  4.37583220e+00  4.05885241e+00 
 5.29999414e-04  2.43750000e+00  2.49999680e+00  4.05926169e+00  4.37583264e+00  4.05885298e+00 
 5.30199414e-04  2.43750000e+00  2.49999681e+00  4.05926224e+00  4.37583309e+00  4.05885354e+00 
 5.30399414e-04  2.43750000e+00  2.49999682e+00  4.05926278e+00  4.37583353e+00  4.05885410e+00 
 5.30599414e-04  2.43750000e+00  2.49999684e+00  4.05926332e+00  4.37583397e+00  4.05885466e+00 
 5.30799414e-04  2.43750000e+00  2.49999685e+00  4.05926386e+00  4.37583440e+00  4.05885521e+00 
 5.30999414e-04  2.43750000e+00  2.49999687e+00  4.05926439e+00  4.37583483e+00  4.05885576e+00 
 5.31199414e-04  2.43750000e+00  2.49999688e+00  4.05926492e+00  4.37583526e+00  4.05885631e+00 
 5.31399414e-04  2.43750000e+00  2.49999689e+00  4.05926545e+00  4.37583569e+00  4.05885685e+00 
 5.31424414e-04  2.43750000e+00  2.49999689e+00  4.05926551e+00  4.37583574e+00  4.05885692e+00 
 5.31474414e-04  2.43750000e+00  2.49999690e+00  4.05926564e+00  4.37583585e+00  4.05885705e+00 
 5.31574414e-04  2.43750000e+00  2.49999690e+00  4.05926590e+00  4.37583606e+00  4.05885732e+00 
 5.31599414e-04  2.43750000e+00  2.49999691e+00  4.05926597e+00  4.37583612e+00  4.05885739e+00 
 5.31649414e-04  2.43750000e+00  2.49999691e+00  4.05926610e+00  4.37583622e+00  4.05885753e+00 
 5.31661914e-04  2.43750000e+00  2.49999691e+00  4.05926613e+00  4.37583625e+00  4.05885756e+00 
 5.31686914e-04  2.43750000e+00  2.49999691e+00  4.05926620e+00  4.37583630e+00  4.05885763e+00 
 5.31736914e-04  2.43750000e+00  2.49999692e+00  4.05926633e+00  4.37583641e+00  4.05885776e+00 
 5.31836914e-04  2.43750000e+00  2.49999692e+00  4.05926659e+00  4.37583662e+00  4.05885803e+00 
 5.32036914e-04  2.43750000e+00  2.49999693e+00  4.05926710e+00  4.37583704e+00  4.05885856e+00 
 5.32236914e-04  2.43750000e+00  2.49999695e+00  4.05926762e+00  4.37583745e+00  4.05885909e+00 
 5.32436914e-04  2.43750000e+00  2.49999696e+00  4.05926813e+00  4.37583787e+00  4.05885962e+00 
 5.32636914e-04  2.43750000e+00  2.49999697e+00  4.05926863e+00  4.37583828e+00  4.05886014e+00 
 5.32836914e-04  2.43750000e+00  2.49999699e+00  4.05926914e+00  4.37583869e+00  4.05886066e+00 
 5.33036914e-04  2.43750000e+00  2.49999700e+00  4.05926964e+00  4.37583909e+00  4.05886118e+00 
 5.33236914e-04  2.43750000e+00  2.49999701e+00  4.05927014e+00  4.37583949e+00  4.05886169e+00 
 5.33261914e-04  2.43750000e+00  2.49999701e+00  4.05927020e+00  4.37583955e+00  4.05886175e+00 
 5.33311914e-04  2.43750000e+00  2.49999702e+00  4.05927032e+00  4.37583965e+00  4.05886188e+00 
 5.33411914e-04  2.43750000e+00  2.49999702e+00  4.05927057e+00  4.37583985e+00  4.05886214e+00 
 5.33436914e-04  2.43750000e+00  2.49999702e+00  4.05927063e+00  4.37583990e+00  4.05886220e+00 
 5.33486914e-04  2.43750000e+00  2.49999703e+00  4.05927075e+00  4.37584000e+00  4.05886233e+00 
 5.33586914e-04  2.43750000e+00  2.49999703e+00  4.05927100e+00  4.37584020e+00  4.05886258e+00 
 5.33786914e-04  2.43750000e+00  2.49999705e+00  4.05927149e+00  4.37584059e+00  4.05886309e+00 
 5.33986914e-04  2.43750000e+00  2.49999706e+00  4.05927197e+00  4.37584099e+00  4.05886359e+00 
 5.34186914e-04  2.43750000e+00  2.49999707e+00  4.05927246e+00  4.37584138e+00  4.05886409e+00 
 5.34386914e-04  2.43750000e+00  2.49999708e+00  4.05927294e+00  4.37584177e+00  4.05886458e+00 
 5.34586914e-04  2.43750000e+00  2.49999710e+00  4.05927341e+00  4.37584216e+00  4.05886507e+00 
 5.34786914e-04  2.43750000e+00  2.49999711e+00  4.05927389e+00  4.37584254e+00  4.05886556e+00 
 5.34986914e-04  2.43750000e+00  2.49999712e+00  4.05927436e+00  4.37584292e+00  4.05886605e+00 
 5.35186914e-04  2.43750000e+00  2.49999713e+00  4.05927483e+00  4.37584330e+00  4.05886653e+00 
 5.35386914e-04  2.43750000e+00  2.49999714e+00  4.05927529e+00  4.37584368e+00  4.05886701e+00 
 5.35586914e-04  2.43750000e+00  2.49999716e+00  4.05927576e+00  4.37584406e+00  4.05886749e+00 
 5.35786914e-04  2.43750000e+00  2.49999717e+00  4.05927622e+00  4.37584443e+00  4.05886796e+00 
 5.35986914e-04  2.43750000e+00  2.49999718e+00  4.05927667e+00  4.37584480e+00  4.05886844e+00 
 5.36186914e-04  2.43750000e+00  2.49999719e+00  4.05927713e+00  4.37584517e+00  4.05886890e+00 
 5.36386914e-04  2.43750000e+00  2.49999720e+00  4.05927758e+00  4.37584553e+00  4.05886937e+00 
 5.36586914e-04  2.43750000e+00  2.49999721e+00  4.05927803e+00  4.37584590e+00  4.05886983e+00 
 5.36786914e-04  2.43750000e+00  2.49999722e+00  4.05927847e+00  4.37584626e+00  4.05887029e+00 
 5.36986914e-04  2.43750000e+00  2.49999724e+00  4.05927892e+00  4.37584662e+00  4.05887075e+00 
 5.37186914e-04  2.43750000e+00  2.49999725e+00  4.05927936e+00  4.37584698e+00  4.05887120e+00 
 5.37386914e-04  2.43750000e+00  2.49999726e+00  4.05927979e+00  4.37584733e+00  4.05887166e+00 
 5.37586914e-04  2.43750000e+00  2.49999727e+00  4.05928023e+00  4.37584768e+00  4.05887211e+00 
 5.37611914e-04  2.43750000e+00  2.49999727e+00  4.05928028e+00  4.37584773e+00  4.05887216e+00 
 5.37661914e-04  2.43750000e+00  2.49999727e+00  4.05928039e+00  4.37584782e+00  4.05887227e+00 
 5.37761914e-04  2.43750000e+00  2.49999728e+00  4.05928061e+00  4.37584799e+00  4.05887250e+00 
 5.37961914e-04  2.43750000e+00  2.49999729e+00  4.05928104e+00  4.37584834e+00  4.05887294e+00 
 5.38161914e-04  2.43750000e+00  2.49999730e+00  4.05928147e+00  4.37584869e+00  4.05887338e+00 
 5.38361914e-04  2.43750000e+00  2.49999731e+00  4.05928189e+00  4.37584903e+00  4.05887382e+00 
 5.38561914e-04  2.43750000e+00  2.49999732e+00  4.05928231e+00  4.37584937e+00  4.05887425e+00 
 5.38761914e-04  2.43750000e+00  2.49999733e+00  4.05928273e+00  4.37584971e+00  4.05887469e+00 
 5.38961914e-04  2.43750000e+00  2.49999734e+00  4.05928315e+00  4.37585005e+00  4.05887512e+00 
 5.39161914e-04  2.43750000e+00  2.49999735e+00  4.05928356e+00  4.37585039e+00  4.05887554e+00 
 5.39361914e-04  2.43750000e+00  2.49999736e+00  4.05928397e+00  4.37585072e+00  4.05887597e+00 
 5.39561914e-04  2.43750000e+00  2.49999737e+00  4.05928438e+00  4.37585105e+00  4.05887639e+00 
 5.39761914e-04  2.43750000e+00  2.49999739e+00  4.05928479e+00  4.37585138e+00  4.05887681e+00 
 5.39961914e-04  2.43750000e+00  2.49999740e+00  4.05928519e+00  4.37585171e+00  4.05887723e+00 
 5.40161914e-04  2.43750000e+00  2.49999741e+00  4.05928560e+00  4.37585204e+00  4.05887764e+00 
 5.40361914e-04  2.43750000e+00  2.49999742e+00  4.05928600e+00  4.37585236e+00  4.05887805e+00 
 5.40561914e-04  2.43750000e+00  2.49999743e+00  4.05928639e+00  4.37585268e+00  4.05887846e+00 
 5.40761914e-04  2.43750000e+00  2.49999744e+00  4.05928679e+00  4.37585300e+00  4.05887887e+00 
 5.40786914e-04  2.43750000e+00  2.49999744e+00  4.05928684e+00  4.37585304e+00  4.05887892e+00 
 5.40836914e-04  2.43750000e+00  2.49999744e+00  4.05928693e+00  4.37585312e+00  4.05887902e+00 
 5.40936914e-04  2.43750000e+00  2.49999744e+00  4.05928713e+00  4.37585328e+00  4.05887922e+00 
 5.41136914e-04  2.43750000e+00  2.49999745e+00  4.05928752e+00  4.37585360e+00  4.05887963e+00 
 5.41336914e-04  2.43750000e+00  2.49999746e+00  4.05928791e+00  4.37585391e+00  4.05888003e+00 
 5.41536914e-04  2.43750000e+00  2.49999747e+00  4.05928829e+00  4.37585422e+00  4.05888042e+00 
 5.41561914e-04  2.43750000e+00  2.49999748e+00  4.05928834e+00  4.37585426e+00  4.05888047e+00 
 5.41568164e-04  2.43750000e+00  2.49999748e+00  4.05928835e+00  4.37585427e+00  4.05888048e+00 
 5.41580664e-04  2.43750000e+00  2.49999748e+00  4.05928838e+00  4.37585429e+00  4.05888051e+00 
 5.41605664e-04  2.43750000e+00  2.49999748e+00  4.05928842e+00  4.37585433e+00  4.05888056e+00 
 5.41655664e-04  2.43750000e+00  2.49999748e+00  4.05928852e+00  4.37585441e+00  4.05888066e+00 
 5.41755664e-04  2.43750000e+00  2.49999748e+00  4.05928871e+00  4.37585456e+00  4.05888085e+00 
 5.41955664e-04  2.43750000e+00  2.49999749e+00  4.05928909e+00  4.37585487e+00  4.05888125e+00 
 5.42155664e-04  2.43750000e+00  2.49999750e+00  4.05928947e+00  4.37585518e+00  4.05888164e+00 
 5.42355664e-04  2.43750000e+00  2.49999751e+00  4.05928984e+00  4.37585548e+00  4.05888202e+00 
 5.42555664e-04  2.43750000e+00  2.49999752e+00  4.05929022e+00  4.37585578e+00  4.05888241e+00 
 5.42755664e-04  2.43750000e+00  2.49999753e+00  4.05929059e+00  4.37585608e+00  4.05888279e+00 
 5.42955664e-04  2.43750000e+00  2.49999754e+00  4.05929096e+00  4.37585638e+00  4.05888317e+00 
 5.43155664e-04  2.43750000e+00  2.49999755e+00  4.05929132e+00  4.37585668e+00  4.05888355e+00 
 5.43180664e-04  2.43750000e+00  2.49999755e+00  4.05929137e+00  4.37585672e+00  4.05888360e+00 
 5.43230664e-04  2.43750000e+00  2.49999755e+00  4.05929146e+00  4.37585679e+00  4.05888369e+00 
 5.43330664e-04  2.43750000e+00  2.49999756e+00  4.05929164e+00  4.37585694e+00  4.05888388e+00 
 5.43530664e-04  2.43750000e+00  2.49999757e+00  4.05929200e+00  4.37585723e+00  4.05888425e+00 
 5.43730664e-04  2.43750000e+00  2.49999758e+00  4.05929236e+00  4.37585752e+00  4.05888462e+00 
 5.43930664e-04  2.43750000e+00  2.49999759e+00  4.05929272e+00  4.37585781e+00  4.05888499e+00 
 5.44130664e-04  2.43750000e+00  2.49999760e+00  4.05929307e+00  4.37585810e+00  4.05888536e+00 
 5.44330664e-04  2.43750000e+00  2.49999761e+00  4.05929343e+00  4.37585839e+00  4.05888572e+00 
 5.44530664e-04  2.43750000e+00  2.49999761e+00  4.05929378e+00  4.37585867e+00  4.05888608e+00 
 5.44730664e-04  2.43750000e+00  2.49999762e+00  4.05929413e+00  4.37585896e+00  4.05888644e+00 
 5.44930664e-04  2.43750000e+00  2.49999763e+00  4.05929447e+00  4.37585924e+00  4.05888680e+00 
 5.45130664e-04  2.43750000e+00  2.49999764e+00  4.05929482e+00  4.37585952e+00  4.05888716e+00 
 5.45330664e-04  2.43750000e+00  2.49999765e+00  4.05929516e+00  4.37585980e+00  4.05888751e+00 
 5.45530664e-04  2.43750000e+00  2.49999766e+00  4.05929550e+00  4.37586007e+00  4.05888786e+00 
 5.45730664e-04  2.43750000e+00  2.49999767e+00  4.05929584e+00  4.37586035e+00  4.05888821e+00 
 5.45930664e-04  2.43750000e+00  2.49999768e+00  4.05929618e+00  4.37586062e+00  4.05888856e+00 
 5.46130664e-04  2.43750000e+00  2.49999768e+00  4.05929651e+00  4.37586089e+00  4.05888890e+00 
 5.46330664e-04  2.43750000e+00  2.49999769e+00  4.05929684e+00  4.37586116e+00  4.05888924e+00 
 5.46530664e-04  2.43750000e+00  2.49999770e+00  4.05929717e+00  4.37586143e+00  4.05888959e+00 
 5.46730664e-04  2.43750000e+00  2.49999771e+00  4.05929750e+00  4.37586169e+00  4.05888992e+00 
 5.46930664e-04  2.43750000e+00  2.49999772e+00  4.05929782e+00  4.37586196e+00  4.05889026e+00 
 5.47130664e-04  2.43750000e+00  2.49999773e+00  4.05929815e+00  4.37586222e+00  4.05889059e+00 
 5.47330664e-04  2.43750000e+00  2.49999773e+00  4.05929847e+00  4.37586248e+00  4.05889093e+00 
 5.47530664e-04  2.43750000e+00  2.49999774e+00  4.05929879e+00  4.37586274e+00  4.05889126e+00 
 5.47730664e-04  2.43750000e+00  2.49999775e+00  4.05929911e+00  4.37586300e+00  4.05889158e+00 
 5.47930664e-04  2.43750000e+00  2.49999776e+00  4.05929942e+00  4.37586325e+00  4.05889191e+00 
 5.48130664e-04  2.43750000e+00  2.49999777e+00  4.05929974e+00  4.37586351e+00  4.05889223e+00 
 5.48330664e-04  2.43750000e+00  2.49999777e+00  4.05930005e+00  4.37586376e+00  4.05889256e+00 
 5.48355664e-04  2.43750000e+00  2.49999777e+00  4.05930009e+00  4.37586379e+00  4.05889260e+00 
 5.48405664e-04  2.43750000e+00  2.49999778e+00  4.05930017e+00  4.37586386e+00  4.05889268e+00 
 5.48505664e-04  2.43750000e+00  2.49999778e+00  4.05930032e+00  4.37586398e+00  4.05889284e+00 
 5.48705664e-04  2.43750000e+00  2.49999779e+00  4.05930063e+00  4.37586423e+00  4.05889315e+00 
 5.48905664e-04  2.43750000e+00  2.49999780e+00  4.05930094e+00  4.37586448e+00  4.05889347e+00 
 5.48930664e-04  2.43750000e+00  2.49999780e+00  4.05930098e+00  4.37586451e+00  4.05889351e+00 
 5.48936914e-04  2.43750000e+00  2.49999780e+00  4.05930098e+00  4.37586452e+00  4.05889352e+00 
 5.48949414e-04  2.43750000e+00  2.49999780e+00  4.05930100e+00  4.37586453e+00  4.05889354e+00 
 5.48974414e-04  2.43750000e+00  2.49999780e+00  4.05930104e+00  4.37586457e+00  4.05889358e+00 
 5.49024414e-04  2.43750000e+00  2.49999780e+00  4.05930112e+00  4.37586463e+00  4.05889366e+00 
 5.49124414e-04  2.43750000e+00  2.49999780e+00  4.05930127e+00  4.37586475e+00  4.05889381e+00 
 5.49324414e-04  2.43750000e+00  2.49999781e+00  4.05930157e+00  4.37586500e+00  4.05889413e+00 
 5.49524414e-04  2.43750000e+00  2.49999782e+00  4.05930187e+00  4.37586524e+00  4.05889444e+00 
 5.49724414e-04  2.43750000e+00  2.49999783e+00  4.05930217e+00  4.37586548e+00  4.05889475e+00 
 5.49924414e-04  2.43750000e+00  2.49999784e+00  4.05930247e+00  4.37586572e+00  4.05889505e+00 
 5.50124414e-04  2.43750000e+00  2.49999784e+00  4.05930276e+00  4.37586596e+00  4.05889536e+00 
 5.50324414e-04  2.43750000e+00  2.49999785e+00  4.05930306e+00  4.37586620e+00  4.05889566e+00 
 5.50524414e-04  2.43750000e+00  2.49999786e+00  4.05930335e+00  4.37586644e+00  4.05889596e+00 
 5.50724414e-04  2.43750000e+00  2.49999787e+00  4.05930364e+00  4.37586667e+00  4.05889626e+00 
 5.50924414e-04  2.43750000e+00  2.49999787e+00  4.05930393e+00  4.37586691e+00  4.05889656e+00 
 5.51124414e-04  2.43750000e+00  2.49999788e+00  4.05930421e+00  4.37586714e+00  4.05889685e+00 
 5.51324414e-04  2.43750000e+00  2.49999789e+00  4.05930450e+00  4.37586737e+00  4.05889714e+00 
 5.51524414e-04  2.43750000e+00  2.49999789e+00  4.05930478e+00  4.37586760e+00  4.05889744e+00 
 5.51724414e-04  2.43750000e+00  2.49999790e+00  4.05930506e+00  4.37586783e+00  4.05889773e+00 
 5.51924414e-04  2.43750000e+00  2.49999791e+00  4.05930534e+00  4.37586805e+00  4.05889801e+00 
 5.52124414e-04  2.43750000e+00  2.49999792e+00  4.05930562e+00  4.37586828e+00  4.05889830e+00 
 5.52324414e-04  2.43750000e+00  2.49999792e+00  4.05930589e+00  4.37586850e+00  4.05889859e+00 
 5.52524414e-04  2.43750000e+00  2.49999793e+00  4.05930617e+00  4.37586872e+00  4.05889887e+00 
 5.52724414e-04  2.43750000e+00  2.49999794e+00  4.05930644e+00  4.37586895e+00  4.05889915e+00 
 5.52924414e-04  2.43750000e+00  2.49999794e+00  4.05930671e+00  4.37586916e+00  4.05889943e+00 
 5.53124414e-04  2.43750000e+00  2.49999795e+00  4.05930698e+00  4.37586938e+00  4.05889971e+00 
 5.53324414e-04  2.43750000e+00  2.49999796e+00  4.05930725e+00  4.37586960e+00  4.05889998e+00 
 5.53524414e-04  2.43750000e+00  2.49999796e+00  4.05930751e+00  4.37586982e+00  4.05890026e+00 
 5.53724414e-04  2.43750000e+00  2.49999797e+00  4.05930778e+00  4.37587003e+00  4.05890053e+00 
 5.53749414e-04  2.43750000e+00  2.49999797e+00  4.05930781e+00  4.37587006e+00  4.05890056e+00 
 5.53799414e-04  2.43750000e+00  2.49999797e+00  4.05930788e+00  4.37587011e+00  4.05890063e+00 
 5.53899414e-04  2.43750000e+00  2.49999798e+00  4.05930801e+00  4.37587022e+00  4.05890077e+00 
 5.54099414e-04  2.43750000e+00  2.49999798e+00  4.05930827e+00  4.37587043e+00  4.05890104e+00 
 5.54299414e-04  2.43750000e+00  2.49999799e+00  4.05930853e+00  4.37587064e+00  4.05890130e+00 
 5.54499414e-04  2.43750000e+00  2.49999800e+00  4.05930879e+00  4.37587085e+00  4.05890157e+00 
 5.54699414e-04  2.43750000e+00  2.49999800e+00  4.05930904e+00  4.37587106e+00  4.05890183e+00 
 5.54899414e-04  2.43750000e+00  2.49999801e+00  4.05930930e+00  4.37587126e+00  4.05890210e+00 
 5.54924414e-04  2.43750000e+00  2.49999801e+00  4.05930933e+00  4.37587129e+00  4.05890213e+00 
 5.54974414e-04  2.43750000e+00  2.49999801e+00  4.05930939e+00  4.37587134e+00  4.05890220e+00 
 5.55074414e-04  2.43750000e+00  2.49999801e+00  4.05930952e+00  4.37587144e+00  4.05890233e+00 
 5.55274414e-04  2.43750000e+00  2.49999802e+00  4.05930977e+00  4.37587165e+00  4.05890259e+00 
 5.55299414e-04  2.43750000e+00  2.49999802e+00  4.05930980e+00  4.37587167e+00  4.05890262e+00 
 5.55349414e-04  2.43750000e+00  2.49999802e+00  4.05930986e+00  4.37587172e+00  4.05890268e+00 
 5.55449414e-04  2.43750000e+00  2.49999803e+00  4.05930999e+00  4.37587182e+00  4.05890281e+00 
 5.55649414e-04  2.43750000e+00  2.49999803e+00  4.05931024e+00  4.37587203e+00  4.05890307e+00 
 5.55849414e-04  2.43750000e+00  2.49999804e+00  4.05931049e+00  4.37587223e+00  4.05890332e+00 
 5.56049414e-04  2.43750000e+00  2.49999805e+00  4.05931073e+00  4.37587243e+00  4.05890358e+00 
 5.56249414e-04  2.43750000e+00  2.49999805e+00  4.05931098e+00  4.37587262e+00  4.05890383e+00 
 5.56449414e-04  2.43750000e+00  2.49999806e+00  4.05931122e+00  4.37587282e+00  4.05890408e+00 
 5.56649414e-04  2.43750000e+00  2.49999806e+00  4.05931146e+00  4.37587302e+00  4.05890433e+00 
 5.56849414e-04  2.43750000e+00  2.49999807e+00  4.05931170e+00  4.37587321e+00  4.05890458e+00 
 5.57049414e-04  2.43750000e+00  2.49999808e+00  4.05931194e+00  4.37587341e+00  4.05890482e+00 
 5.57249414e-04  2.43750000e+00  2.49999808e+00  4.05931218e+00  4.37587360e+00  4.05890507e+00 
 5.57274414e-04  2.43750000e+00  2.49999808e+00  4.05931221e+00  4.37587362e+00  4.05890510e+00 
 5.57324414e-04  2.43750000e+00  2.49999808e+00  4.05931226e+00  4.37587367e+00  4.05890516e+00 
 5.57424414e-04  2.43750000e+00  2.49999809e+00  4.05931238e+00  4.37587376e+00  4.05890528e+00 
 5.57624414e-04  2.43750000e+00  2.49999809e+00  4.05931262e+00  4.37587395e+00  4.05890552e+00 
 5.57649414e-04  2.43750000e+00  2.49999809e+00  4.05931264e+00  4.37587398e+00  4.05890555e+00 
 5.57699414e-04  2.43750000e+00  2.49999810e+00  4.05931270e+00  4.37587403e+00  4.05890561e+00 
 5.57799414e-04  2.43750000e+00  2.49999810e+00  4.05931282e+00  4.37587412e+00  4.05890573e+00 
 5.57999414e-04  2.43750000e+00  2.49999810e+00  4.05931305e+00  4.37587431e+00  4.05890597e+00 
 5.58199414e-04  2.43750000e+00  2.49999811e+00  4.05931328e+00  4.37587449e+00  4.05890621e+00 
 5.58399414e-04  2.43750000e+00  2.49999812e+00  4.05931351e+00  4.37587468e+00  4.05890644e+00 
 5.58599414e-04  2.43750000e+00  2.49999812e+00  4.05931374e+00  4.37587486e+00  4.05890668e+00 
 5.58799414e-04  2.43750000e+00  2.49999813e+00  4.05931396e+00  4.37587505e+00  4.05890691e+00 
 5.58999414e-04  2.43750000e+00  2.49999813e+00  4.05931419e+00  4.37587523e+00  4.05890714e+00 
 5.59024414e-04  2.43750000e+00  2.49999813e+00  4.05931422e+00  4.37587525e+00  4.05890717e+00 
 5.59030664e-04  2.43750000e+00  2.49999813e+00  4.05931422e+00  4.37587526e+00  4.05890718e+00 
 5.59043164e-04  2.43750000e+00  2.49999813e+00  4.05931424e+00  4.37587527e+00  4.05890719e+00 
 5.59068164e-04  2.43750000e+00  2.49999814e+00  4.05931426e+00  4.37587529e+00  4.05890722e+00 
 5.59118164e-04  2.43750000e+00  2.49999814e+00  4.05931432e+00  4.37587534e+00  4.05890728e+00 
 5.59218164e-04  2.43750000e+00  2.49999814e+00  4.05931443e+00  4.37587543e+00  4.05890739e+00 
 5.59243164e-04  2.43750000e+00  2.49999814e+00  4.05931446e+00  4.37587545e+00  4.05890742e+00 
 5.59293164e-04  2.43750000e+00  2.49999814e+00  4.05931451e+00  4.37587550e+00  4.05890748e+00 
 5.59393164e-04  2.43750000e+00  2.49999814e+00  4.05931462e+00  4.37587558e+00  4.05890759e+00 
 5.59593164e-04  2.43750000e+00  2.49999815e+00  4.05931485e+00  4.37587576e+00  4.05890782e+00 
 5.59793164e-04  2.43750000e+00  2.49999816e+00  4.05931506e+00  4.37587594e+00  4.05890805e+00 
 5.59993164e-04  2.43750000e+00  2.49999816e+00  4.05931528e+00  4.37587612e+00  4.05890827e+00 
 5.60193164e-04  2.43750000e+00  2.49999817e+00  4.05931550e+00  4.37587629e+00  4.05890849e+00 
 5.60393164e-04  2.43750000e+00  2.49999817e+00  4.05931571e+00  4.37587647e+00  4.05890872e+00 
 5.60593164e-04  2.43750000e+00  2.49999818e+00  4.05931593e+00  4.37587664e+00  4.05890894e+00 
 5.60793164e-04  2.43750000e+00  2.49999818e+00  4.05931614e+00  4.37587681e+00  4.05890916e+00 
 5.60993164e-04  2.43750000e+00  2.49999819e+00  4.05931635e+00  4.37587698e+00  4.05890937e+00 
 5.61018164e-04  2.43750000e+00  2.49999819e+00  4.05931638e+00  4.37587701e+00  4.05890940e+00 
 5.61068164e-04  2.43750000e+00  2.49999819e+00  4.05931643e+00  4.37587705e+00  4.05890945e+00 
 5.61168164e-04  2.43750000e+00  2.49999819e+00  4.05931653e+00  4.37587713e+00  4.05890956e+00 
 5.61368164e-04  2.43750000e+00  2.49999820e+00  4.05931674e+00  4.37587730e+00  4.05890978e+00 
 5.61568164e-04  2.43750000e+00  2.49999820e+00  4.05931695e+00  4.37587747e+00  4.05890999e+00 
 5.61768164e-04  2.43750000e+00  2.49999821e+00  4.05931716e+00  4.37587764e+00  4.05891020e+00 
 5.61793164e-04  2.43750000e+00  2.49999821e+00  4.05931718e+00  4.37587766e+00  4.05891023e+00 
 5.61799414e-04  2.43750000e+00  2.49999821e+00  4.05931719e+00  4.37587766e+00  4.05891024e+00 
 5.61811914e-04  2.43750000e+00  2.49999821e+00  4.05931720e+00  4.37587767e+00  4.05891025e+00 
 5.61836914e-04  2.43750000e+00  2.49999821e+00  4.05931723e+00  4.37587770e+00  4.05891028e+00 
 5.61886914e-04  2.43750000e+00  2.49999821e+00  4.05931728e+00  4.37587774e+00  4.05891033e+00 
 5.61986914e-04  2.43750000e+00  2.49999821e+00  4.05931738e+00  4.37587782e+00  4.05891044e+00 
 5.62186914e-04  2.43750000e+00  2.49999822e+00  4.05931758e+00  4.37587798e+00  4.05891065e+00 
 5.62386914e-04  2.43750000e+00  2.49999823e+00  4.05931778e+00  4.37587815e+00  4.05891085e+00 
 5.62586914e-04  2.43750000e+00  2.49999823e+00  4.05931799e+00  4.37587831e+00  4.05891106e+00 
 5.62786914e-04  2.43750000e+00  2.49999824e+00  4.05931819e+00  4.37587847e+00  4.05891127e+00 
 5.62811914e-04  2.43750000e+00  2.49999824e+00  4.05931821e+00  4.37587849e+00  4.05891129e+00 
 5.62861914e-04  2.43750000e+00  2.49999824e+00  4.05931826e+00  4.37587853e+00  4.05891134e+00 
 5.62961914e-04  2.43750000e+00  2.49999824e+00  4.05931836e+00  4.37587861e+00  4.05891145e+00 
 5.63161914e-04  2.43750000e+00  2.49999824e+00  4.05931856e+00  4.37587877e+00  4.05891165e+00 
 5.63361914e-04  2.43750000e+00  2.49999825e+00  4.05931875e+00  4.37587893e+00  4.05891185e+00 
 5.63561914e-04  2.43750000e+00  2.49999825e+00  4.05931895e+00  4.37587909e+00  4.05891205e+00 
 5.63761914e-04  2.43750000e+00  2.49999826e+00  4.05931914e+00  4.37587925e+00  4.05891225e+00 
 5.63961914e-04  2.43750000e+00  2.49999826e+00  4.05931933e+00  4.37587940e+00  4.05891245e+00 
 5.64161914e-04  2.43750000e+00  2.49999827e+00  4.05931952e+00  4.37587956e+00  4.05891265e+00 
 5.64361914e-04  2.43750000e+00  2.49999827e+00  4.05931972e+00  4.37587971e+00  4.05891285e+00 
 5.64561914e-04  2.43750000e+00  2.49999828e+00  4.05931990e+00  4.37587987e+00  4.05891304e+00 
 5.64761914e-04  2.43750000e+00  2.49999828e+00  4.05932009e+00  4.37588002e+00  4.05891323e+00 
 5.64961914e-04  2.43750000e+00  2.49999829e+00  4.05932028e+00  4.37588017e+00  4.05891343e+00 
 5.65161914e-04  2.43750000e+00  2.49999829e+00  4.05932046e+00  4.37588032e+00  4.05891362e+00 
 5.65361914e-04  2.43750000e+00  2.49999830e+00  4.05932065e+00  4.37588047e+00  4.05891381e+00 
 5.65561914e-04  2.43750000e+00  2.49999830e+00  4.05932083e+00  4.37588062e+00  4.05891400e+00 
 5.65761914e-04  2.43750000e+00  2.49999831e+00  4.05932101e+00  4.37588077e+00  4.05891419e+00 
 5.65961914e-04  2.43750000e+00  2.49999831e+00  4.05932119e+00  4.37588091e+00  4.05891437e+00 
 5.66161914e-04  2.43750000e+00  2.49999832e+00  4.05932137e+00  4.37588106e+00  4.05891456e+00 
 5.66361914e-04  2.43750000e+00  2.49999832e+00  4.05932155e+00  4.37588121e+00  4.05891474e+00 
 5.66561914e-04  2.43750000e+00  2.49999833e+00  4.05932173e+00  4.37588135e+00  4.05891493e+00 
 5.66761914e-04  2.43750000e+00  2.49999833e+00  4.05932191e+00  4.37588149e+00  4.05891511e+00 
 5.66961914e-04  2.43750000e+00  2.49999833e+00  4.05932208e+00  4.37588163e+00  4.05891529e+00 
 5.66986914e-04  2.43750000e+00  2.49999834e+00  4.05932210e+00  4.37588165e+00  4.05891531e+00 
 5.67036914e-04  2.43750000e+00  2.49999834e+00  4.05932215e+00  4.37588169e+00  4.05891536e+00 
 5.67136914e-04  2.43750000e+00  2.49999834e+00  4.05932224e+00  4.37588176e+00  4.05891545e+00 
 5.67336914e-04  2.43750000e+00  2.49999834e+00  4.05932241e+00  4.37588190e+00  4.05891563e+00 
 5.67536914e-04  2.43750000e+00  2.49999835e+00  4.05932258e+00  4.37588204e+00  4.05891580e+00 
 5.67736914e-04  2.43750000e+00  2.49999835e+00  4.05932275e+00  4.37588218e+00  4.05891598e+00 
 5.67936914e-04  2.43750000e+00  2.49999836e+00  4.05932292e+00  4.37588232e+00  4.05891616e+00 
 5.68136914e-04  2.43750000e+00  2.49999836e+00  4.05932309e+00  4.37588245e+00  4.05891633e+00 
 5.68336914e-04  2.43750000e+00  2.49999836e+00  4.05932326e+00  4.37588259e+00  4.05891650e+00 
 5.68536914e-04  2.43750000e+00  2.49999837e+00  4.05932343e+00  4.37588273e+00  4.05891668e+00 
 5.68736914e-04  2.43750000e+00  2.49999837e+00  4.05932359e+00  4.37588286e+00  4.05891685e+00 
 5.68936914e-04  2.43750000e+00  2.49999838e+00  4.05932376e+00  4.37588299e+00  4.05891702e+00 
 5.69136914e-04  2.43750000e+00  2.49999838e+00  4.05932392e+00  4.37588313e+00  4.05891719e+00 
 5.69336914e-04  2.43750000e+00  2.49999839e+00  4.05932409e+00  4.37588326e+00  4.05891736e+00 
 5.69536914e-04  2.43750000e+00  2.49999839e+00  4.05932425e+00  4.37588339e+00  4.05891752e+00 
 5.69736914e-04  2.43750000e+00  2.49999839e+00  4.05932441e+00  4.37588352e+00  4.05891769e+00 
 5.69936914e-04  2.43750000e+00  2.49999840e+00  4.05932457e+00  4.37588365e+00  4.05891785e+00 
 5.70136914e-04  2.43750000e+00  2.49999840e+00  4.05932473e+00  4.37588378e+00  4.05891802e+00 
 5.70336914e-04  2.43750000e+00  2.49999841e+00  4.05932489e+00  4.37588391e+00  4.05891818e+00 
 5.70536914e-04  2.43750000e+00  2.49999841e+00  4.05932504e+00  4.37588404e+00  4.05891834e+00 
 5.70736914e-04  2.43750000e+00  2.49999841e+00  4.05932520e+00  4.37588416e+00  4.05891850e+00 
 5.70761914e-04  2.43750000e+00  2.49999841e+00  4.05932522e+00  4.37588418e+00  4.05891852e+00 
 5.70811914e-04  2.43750000e+00  2.49999842e+00  4.05932526e+00  4.37588421e+00  4.05891856e+00 
 5.70911914e-04  2.43750000e+00  2.49999842e+00  4.05932534e+00  4.37588427e+00  4.05891864e+00 
 5.71111914e-04  2.43750000e+00  2.49999842e+00  4.05932549e+00  4.37588440e+00  4.05891880e+00 
 5.71311914e-04  2.43750000e+00  2.49999843e+00  4.05932564e+00  4.37588452e+00  4.05891896e+00 
 5.71511914e-04  2.43750000e+00  2.49999843e+00  4.05932580e+00  4.37588465e+00  4.05891912e+00 
 5.71711914e-04  2.43750000e+00  2.49999843e+00  4.05932595e+00  4.37588477e+00  4.05891928e+00 
 5.71911914e-04  2.43750000e+00  2.49999844e+00  4.05932610e+00  4.37588489e+00  4.05891943e+00 
 5.71936914e-04  2.43750000e+00  2.49999844e+00  4.05932612e+00  4.37588491e+00  4.05891945e+00 
 5.71986914e-04  2.43750000e+00  2.49999844e+00  4.05932615e+00  4.37588494e+00  4.05891949e+00 
 5.72086914e-04  2.43750000e+00  2.49999844e+00  4.05932623e+00  4.37588500e+00  4.05891957e+00 
 5.72286914e-04  2.43750000e+00  2.49999844e+00  4.05932638e+00  4.37588512e+00  4.05891972e+00 
 5.72311914e-04  2.43750000e+00  2.49999844e+00  4.05932640e+00  4.37588513e+00  4.05891974e+00 
 5.72318164e-04  2.43750000e+00  2.49999844e+00  4.05932640e+00  4.37588514e+00  4.05891974e+00 
 5.72330664e-04  2.43750000e+00  2.49999844e+00  4.05932641e+00  4.37588514e+00  4.05891975e+00 
 5.72355664e-04  2.43750000e+00  2.49999845e+00  4.05932643e+00  4.37588516e+00  4.05891977e+00 
 5.72361914e-04  2.43750000e+00  2.49999845e+00  4.05932643e+00  4.37588516e+00  4.05891978e+00 
 5.72374414e-04  2.43750000e+00  2.49999845e+00  4.05932644e+00  4.37588517e+00  4.05891979e+00 
 5.72399414e-04  2.43750000e+00  2.49999845e+00  4.05932646e+00  4.37588519e+00  4.05891981e+00 
 5.72449414e-04  2.43750000e+00  2.49999845e+00  4.05932650e+00  4.37588522e+00  4.05891984e+00 
 5.72549414e-04  2.43750000e+00  2.49999845e+00  4.05932657e+00  4.37588528e+00  4.05891992e+00 
 5.72749414e-04  2.43750000e+00  2.49999845e+00  4.05932672e+00  4.37588539e+00  4.05892007e+00 
 5.72949414e-04  2.43750000e+00  2.49999846e+00  4.05932686e+00  4.37588551e+00  4.05892022e+00 
 5.73149414e-04  2.43750000e+00  2.49999846e+00  4.05932701e+00  4.37588563e+00  4.05892037e+00 
 5.73349414e-04  2.43750000e+00  2.49999846e+00  4.05932715e+00  4.37588575e+00  4.05892052e+00 
 5.73549414e-04  2.43750000e+00  2.49999847e+00  4.05932730e+00  4.37588586e+00  4.05892067e+00 
 5.73749414e-04  2.43750000e+00  2.49999847e+00  4.05932744e+00  4.37588598e+00  4.05892081e+00 
 5.73949414e-04  2.43750000e+00  2.49999847e+00  4.05932758e+00  4.37588609e+00  4.05892096e+00 
 5.74149414e-04  2.43750000e+00  2.49999848e+00  4.05932772e+00  4.37588621e+00  4.05892110e+00 
 5.74349414e-04  2.43750000e+00  2.49999848e+00  4.05932786e+00  4.37588632e+00  4.05892125e+00 
 5.74549414e-04  2.43750000e+00  2.49999849e+00  4.05932800e+00  4.37588643e+00  4.05892139e+00 
 5.74749414e-04  2.43750000e+00  2.49999849e+00  4.05932814e+00  4.37588655e+00  4.05892153e+00 
 5.74949414e-04  2.43750000e+00  2.49999849e+00  4.05932827e+00  4.37588666e+00  4.05892168e+00 
 5.75149414e-04  2.43750000e+00  2.49999850e+00  4.05932841e+00  4.37588677e+00  4.05892182e+00 
 5.75349414e-04  2.43750000e+00  2.49999850e+00  4.05932855e+00  4.37588688e+00  4.05892196e+00 
 5.75549414e-04  2.43750000e+00  2.49999850e+00  4.05932868e+00  4.37588699e+00  4.05892210e+00 
 5.75749414e-04  2.43750000e+00  2.49999851e+00  4.05932881e+00  4.37588709e+00  4.05892223e+00 
 5.75949414e-04  2.43750000e+00  2.49999851e+00  4.05932895e+00  4.37588720e+00  4.05892237e+00 
 5.76149414e-04  2.43750000e+00  2.49999851e+00  4.05932908e+00  4.37588731e+00  4.05892251e+00 
 5.76349414e-04  2.43750000e+00  2.49999852e+00  4.05932921e+00  4.37588742e+00  4.05892264e+00 
 5.76549414e-04  2.43750000e+00  2.49999852e+00  4.05932934e+00  4.37588752e+00  4.05892278e+00 
 5.76749414e-04  2.43750000e+00  2.49999852e+00  4.05932947e+00  4.37588763e+00  4.05892291e+00 
 5.76949414e-04  2.43750000e+00  2.49999853e+00  4.05932960e+00  4.37588773e+00  4.05892304e+00 
 5.77149414e-04  2.43750000e+00  2.49999853e+00  4.05932973e+00  4.37588784e+00  4.05892318e+00 
 5.77349414e-04  2.43750000e+00  2.49999853e+00  4.05932985e+00  4.37588794e+00  4.05892331e+00 
 5.77549414e-04  2.43750000e+00  2.49999854e+00  4.05932998e+00  4.37588804e+00  4.05892344e+00 
 5.77749414e-04  2.43750000e+00  2.49999854e+00  4.05933011e+00  4.37588814e+00  4.05892357e+00 
 5.77949414e-04  2.43750000e+00  2.49999854e+00  4.05933023e+00  4.37588824e+00  4.05892370e+00 
 5.78149414e-04  2.43750000e+00  2.49999855e+00  4.05933036e+00  4.37588835e+00  4.05892382e+00 
 5.78349414e-04  2.43750000e+00  2.49999855e+00  4.05933048e+00  4.37588845e+00  4.05892395e+00 
 5.78549414e-04  2.43750000e+00  2.49999855e+00  4.05933060e+00  4.37588854e+00  4.05892408e+00 
 5.78749414e-04  2.43750000e+00  2.49999855e+00  4.05933072e+00  4.37588864e+00  4.05892420e+00 
 5.78949414e-04  2.43750000e+00  2.49999856e+00  4.05933084e+00  4.37588874e+00  4.05892433e+00 
 5.79149414e-04  2.43750000e+00  2.49999856e+00  4.05933096e+00  4.37588884e+00  4.05892445e+00 
 5.79349414e-04  2.43750000e+00  2.49999856e+00  4.05933108e+00  4.37588894e+00  4.05892458e+00 
 5.79549414e-04  2.43750000e+00  2.49999857e+00  4.05933120e+00  4.37588903e+00  4.05892470e+00 
 5.79749414e-04  2.43750000e+00  2.49999857e+00  4.05933132e+00  4.37588913e+00  4.05892482e+00 
 5.79949414e-04  2.43750000e+00  2.49999857e+00  4.05933144e+00  4.37588922e+00  4.05892494e+00 
 5.79952539e-04  2.43750000e+00  2.49999857e+00  4.05933144e+00  4.37588923e+00  4.05892494e+00 
 5.79958789e-04  2.43750000e+00  2.49999857e+00  4.05933144e+00  4.37588923e+00  4.05892495e+00 
 5.79971289e-04  2.43750000e+00  2.49999857e+00  4.05933145e+00  4.37588923e+00  4.05892496e+00 
 5.79996289e-04  2.43750000e+00  2.49999857e+00  4.05933147e+00  4.37588925e+00  4.05892497e+00 
 5.80046289e-04  2.43750000e+00  2.49999857e+00  4.05933150e+00  4.37588927e+00  4.05892500e+00 
 5.80146289e-04  2.43750000e+00  2.49999858e+00  4.05933155e+00  4.37588932e+00  4.05892506e+00 
 5.80346289e-04  2.43750000e+00  2.49999858e+00  4.05933167e+00  4.37588941e+00  4.05892518e+00 
 5.80546289e-04  2.43750000e+00  2.49999858e+00  4.05933179e+00  4.37588951e+00  4.05892530e+00 
 5.80746289e-04  2.43750000e+00  2.49999858e+00  4.05933190e+00  4.37588960e+00  4.05892542e+00 
 5.80946289e-04  2.43750000e+00  2.49999859e+00  4.05933201e+00  4.37588969e+00  4.05892554e+00 
 5.81146289e-04  2.43750000e+00  2.49999859e+00  4.05933213e+00  4.37588978e+00  4.05892565e+00 
 5.81171289e-04  2.43750000e+00  2.49999859e+00  4.05933214e+00  4.37588979e+00  4.05892567e+00 
 5.81221289e-04  2.43750000e+00  2.49999859e+00  4.05933217e+00  4.37588982e+00  4.05892570e+00 
 5.81321289e-04  2.43750000e+00  2.49999859e+00  4.05933223e+00  4.37588986e+00  4.05892575e+00 
 5.81521289e-04  2.43750000e+00  2.49999860e+00  4.05933234e+00  4.37588995e+00  4.05892587e+00 
 5.81721289e-04  2.43750000e+00  2.49999860e+00  4.05933245e+00  4.37589004e+00  4.05892598e+00 
 5.81921289e-04  2.43750000e+00  2.49999860e+00  4.05933256e+00  4.37589013e+00  4.05892610e+00 
 5.82121289e-04  2.43750000e+00  2.49999860e+00  4.05933267e+00  4.37589022e+00  4.05892621e+00 
 5.82321289e-04  2.43750000e+00  2.49999861e+00  4.05933278e+00  4.37589031e+00  4.05892632e+00 
 5.82521289e-04  2.43750000e+00  2.49999861e+00  4.05933289e+00  4.37589040e+00  4.05892644e+00 
 5.82721289e-04  2.43750000e+00  2.49999861e+00  4.05933299e+00  4.37589049e+00  4.05892655e+00 
 5.82921289e-04  2.43750000e+00  2.49999862e+00  4.05933310e+00  4.37589057e+00  4.05892666e+00 
 5.83121289e-04  2.43750000e+00  2.49999862e+00  4.05933321e+00  4.37589066e+00  4.05892677e+00 
 5.83321289e-04  2.43750000e+00  2.49999862e+00  4.05933331e+00  4.37589075e+00  4.05892688e+00 
 5.83521289e-04  2.43750000e+00  2.49999862e+00  4.05933342e+00  4.37589083e+00  4.05892698e+00 
 5.83721289e-04  2.43750000e+00  2.49999863e+00  4.05933352e+00  4.37589092e+00  4.05892709e+00 
 5.83921289e-04  2.43750000e+00  2.49999863e+00  4.05933363e+00  4.37589100e+00  4.05892720e+00 
 5.84121289e-04  2.43750000e+00  2.49999863e+00  4.05933373e+00  4.37589108e+00  4.05892731e+00 
 5.84321289e-04  2.43750000e+00  2.49999863e+00  4.05933383e+00  4.37589117e+00  4.05892741e+00 
 5.84521289e-04  2.43750000e+00  2.49999864e+00  4.05933394e+00  4.37589125e+00  4.05892752e+00 
 5.84721289e-04  2.43750000e+00  2.49999864e+00  4.05933404e+00  4.37589133e+00  4.05892762e+00 
 5.84921289e-04  2.43750000e+00  2.49999864e+00  4.05933414e+00  4.37589141e+00  4.05892773e+00 
 5.85121289e-04  2.43750000e+00  2.49999864e+00  4.05933424e+00  4.37589149e+00  4.05892783e+00 
 5.85321289e-04  2.43750000e+00  2.49999865e+00  4.05933434e+00  4.37589158e+00  4.05892793e+00 
 5.85521289e-04  2.43750000e+00  2.49999865e+00  4.05933444e+00  4.37589166e+00  4.05892803e+00 
 5.85721289e-04  2.43750000e+00  2.49999865e+00  4.05933453e+00  4.37589174e+00  4.05892814e+00 
 5.85921289e-04  2.43750000e+00  2.49999865e+00  4.05933463e+00  4.37589181e+00  4.05892824e+00 
 5.86121289e-04  2.43750000e+00  2.49999866e+00  4.05933473e+00  4.37589189e+00  4.05892834e+00 
 5.86321289e-04  2.43750000e+00  2.49999866e+00  4.05933483e+00  4.37589197e+00  4.05892844e+00 
 5.86521289e-04  2.43750000e+00  2.49999866e+00  4.05933492e+00  4.37589205e+00  4.05892853e+00 
 5.86721289e-04  2.43750000e+00  2.49999866e+00  4.05933502e+00  4.37589213e+00  4.05892863e+00 
 5.86921289e-04  2.43750000e+00  2.49999867e+00  4.05933511e+00  4.37589220e+00  4.05892873e+00 
 5.87121289e-04  2.43750000e+00  2.49999867e+00  4.05933521e+00  4.37589228e+00  4.05892883e+00 
 5.87321289e-04  2.43750000e+00  2.49999867e+00  4.05933530e+00  4.37589236e+00  4.05892892e+00 
 5.87521289e-04  2.43750000e+00  2.49999867e+00  4.05933539e+00  4.37589243e+00  4.05892902e+00 
 5.87721289e-04  2.43750000e+00  2.49999868e+00  4.05933548e+00  4.37589251e+00  4.05892912e+00 
 5.87921289e-04  2.43750000e+00  2.49999868e+00  4.05933558e+00  4.37589258e+00  4.05892921e+00 
 5.88121289e-04  2.43750000e+00  2.49999868e+00  4.05933567e+00  4.37589265e+00  4.05892930e+00 
 5.88321289e-04  2.43750000e+00  2.49999868e+00  4.05933576e+00  4.37589273e+00  4.05892940e+00 
 5.88521289e-04  2.43750000e+00  2.49999869e+00  4.05933585e+00  4.37589280e+00  4.05892949e+00 
 5.88721289e-04  2.43750000e+00  2.49999869e+00  4.05933594e+00  4.37589287e+00  4.05892958e+00 
 5.88921289e-04  2.43750000e+00  2.49999869e+00  4.05933603e+00  4.37589295e+00  4.05892968e+00 
 5.89121289e-04  2.43750000e+00  2.49999869e+00  4.05933611e+00  4.37589302e+00  4.05892977e+00 
 5.89321289e-04  2.43750000e+00  2.49999869e+00  4.05933620e+00  4.37589309e+00  4.05892986e+00 
 5.89346289e-04  2.43750000e+00  2.49999869e+00  4.05933621e+00  4.37589310e+00  4.05892987e+00 
 5.89396289e-04  2.43750000e+00  2.49999870e+00  4.05933624e+00  4.37589312e+00  4.05892989e+00 
 5.89496289e-04  2.43750000e+00  2.49999870e+00  4.05933628e+00  4.37589315e+00  4.05892994e+00 
 5.89696289e-04  2.43750000e+00  2.49999870e+00  4.05933637e+00  4.37589322e+00  4.05893003e+00 
 5.89896289e-04  2.43750000e+00  2.49999870e+00  4.05933645e+00  4.37589329e+00  4.05893011e+00 
 5.89921289e-04  2.43750000e+00  2.49999870e+00  4.05933646e+00  4.37589330e+00  4.05893013e+00 
 5.89927539e-04  2.43750000e+00  2.49999870e+00  4.05933647e+00  4.37589330e+00  4.05893013e+00 
 5.89940039e-04  2.43750000e+00  2.49999870e+00  4.05933647e+00  4.37589331e+00  4.05893013e+00 
 5.89965039e-04  2.43750000e+00  2.49999870e+00  4.05933648e+00  4.37589332e+00  4.05893015e+00 
 5.90015039e-04  2.43750000e+00  2.49999870e+00  4.05933650e+00  4.37589333e+00  4.05893017e+00 
 5.90115039e-04  2.43750000e+00  2.49999870e+00  4.05933655e+00  4.37589337e+00  4.05893021e+00 
 5.90315039e-04  2.43750000e+00  2.49999871e+00  4.05933663e+00  4.37589344e+00  4.05893030e+00 
 5.90515039e-04  2.43750000e+00  2.49999871e+00  4.05933672e+00  4.37589351e+00  4.05893039e+00 
 5.90715039e-04  2.43750000e+00  2.49999871e+00  4.05933680e+00  4.37589357e+00  4.05893047e+00 
 5.90915039e-04  2.43750000e+00  2.49999871e+00  4.05933688e+00  4.37589364e+00  4.05893056e+00 
 5.90940039e-04  2.43750000e+00  2.49999871e+00  4.05933689e+00  4.37589365e+00  4.05893057e+00 
 5.90990039e-04  2.43750000e+00  2.49999871e+00  4.05933692e+00  4.37589367e+00  4.05893059e+00 
 5.91090039e-04  2.43750000e+00  2.49999871e+00  4.05933696e+00  4.37589370e+00  4.05893064e+00 
 5.91290039e-04  2.43750000e+00  2.49999872e+00  4.05933704e+00  4.37589377e+00  4.05893072e+00 
 5.91490039e-04  2.43750000e+00  2.49999872e+00  4.05933712e+00  4.37589383e+00  4.05893081e+00 
 5.91690039e-04  2.43750000e+00  2.49999872e+00  4.05933720e+00  4.37589390e+00  4.05893089e+00 
 5.91890039e-04  2.43750000e+00  2.49999872e+00  4.05933729e+00  4.37589397e+00  4.05893097e+00 
 5.92090039e-04  2.43750000e+00  2.49999872e+00  4.05933737e+00  4.37589403e+00  4.05893106e+00 
 5.92290039e-04  2.43750000e+00  2.49999873e+00  4.05933745e+00  4.37589410e+00  4.05893114e+00 
 5.92490039e-04  2.43750000e+00  2.49999873e+00  4.05933753e+00  4.37589416e+00  4.05893122e+00 
 5.92690039e-04  2.43750000e+00  2.49999873e+00  4.05933761e+00  4.37589423e+00  4.05893130e+00 
 5.92890039e-04  2.43750000e+00  2.49999873e+00  4.05933768e+00  4.37589429e+00  4.05893139e+00 
 5.93090039e-04  2.43750000e+00  2.49999873e+00  4.05933776e+00  4.37589435e+00  4.05893147e+00 
 5.93115039e-04  2.43750000e+00  2.49999873e+00  4.05933777e+00  4.37589436e+00  4.05893148e+00 
 5.93165039e-04  2.43750000e+00  2.49999873e+00  4.05933779e+00  4.37589438e+00  4.05893150e+00 
 5.93265039e-04  2.43750000e+00  2.49999874e+00  4.05933783e+00  4.37589441e+00  4.05893154e+00 
 5.93290039e-04  2.43750000e+00  2.49999874e+00  4.05933784e+00  4.37589442e+00  4.05893155e+00 
 5.93296289e-04  2.43750000e+00  2.49999874e+00  4.05933784e+00  4.37589442e+00  4.05893155e+00 
 5.93308789e-04  2.43750000e+00  2.49999874e+00  4.05933785e+00  4.37589442e+00  4.05893155e+00 
 5.93333789e-04  2.43750000e+00  2.49999874e+00  4.05933786e+00  4.37589443e+00  4.05893156e+00 
 5.93383789e-04  2.43750000e+00  2.49999874e+00  4.05933788e+00  4.37589445e+00  4.05893158e+00 
 5.93396289e-04  2.43750000e+00  2.49999874e+00  4.05933788e+00  4.37589445e+00  4.05893159e+00 
 5.93421289e-04  2.43750000e+00  2.49999874e+00  4.05933789e+00  4.37589446e+00  4.05893160e+00 
 5.93427539e-04  2.43750000e+00  2.49999874e+00  4.05933789e+00  4.37589446e+00  4.05893160e+00 
 5.93440039e-04  2.43750000e+00  2.49999874e+00  4.05933790e+00  4.37589446e+00  4.05893161e+00 
 5.93465039e-04  2.43750000e+00  2.49999874e+00  4.05933791e+00  4.37589447e+00  4.05893162e+00 
 5.93515039e-04  2.43750000e+00  2.49999874e+00  4.05933793e+00  4.37589449e+00  4.05893164e+00 
 5.93615039e-04  2.43750000e+00  2.49999874e+00  4.05933797e+00  4.37589452e+00  4.05893168e+00 
 5.93815039e-04  2.43750000e+00  2.49999874e+00  4.05933804e+00  4.37589458e+00  4.05893175e+00 
 5.94015039e-04  2.43750000e+00  2.49999874e+00  4.05933812e+00  4.37589464e+00  4.05893183e+00 
 5.94215039e-04  2.43750000e+00  2.49999875e+00  4.05933819e+00  4.37589470e+00  4.05893191e+00 
 5.94415039e-04  2.43750000e+00  2.49999875e+00  4.05933827e+00  4.37589477e+00  4.05893199e+00 
 5.94615039e-04  2.43750000e+00  2.49999875e+00  4.05933834e+00  4.37589483e+00  4.05893207e+00 
 5.94815039e-04  2.43750000e+00  2.49999875e+00  4.05933842e+00  4.37589489e+00  4.05893214e+00 
 5.95015039e-04  2.43750000e+00  2.49999875e+00  4.05933849e+00  4.37589495e+00  4.05893222e+00 
 5.95215039e-04  2.43750000e+00  2.49999875e+00  4.05933856e+00  4.37589501e+00  4.05893229e+00 
 5.95415039e-04  2.43750000e+00  2.49999876e+00  4.05933864e+00  4.37589506e+00  4.05893237e+00 
 5.95615039e-04  2.43750000e+00  2.49999876e+00  4.05933871e+00  4.37589512e+00  4.05893244e+00 
 5.95815039e-04  2.43750000e+00  2.49999876e+00  4.05933878e+00  4.37589518e+00  4.05893252e+00 
 5.96015039e-04  2.43750000e+00  2.49999876e+00  4.05933885e+00  4.37589524e+00  4.05893259e+00 
 5.96215039e-04  2.43750000e+00  2.49999876e+00  4.05933892e+00  4.37589530e+00  4.05893267e+00 
 5.96415039e-04  2.43750000e+00  2.49999877e+00  4.05933899e+00  4.37589535e+00  4.05893274e+00 
 5.96615039e-04  2.43750000e+00  2.49999877e+00  4.05933906e+00  4.37589541e+00  4.05893281e+00 
 5.96815039e-04  2.43750000e+00  2.49999877e+00  4.05933913e+00  4.37589547e+00  4.05893288e+00 
 5.97015039e-04  2.43750000e+00  2.49999877e+00  4.05933920e+00  4.37589552e+00  4.05893295e+00 
 5.97215039e-04  2.43750000e+00  2.49999877e+00  4.05933927e+00  4.37589558e+00  4.05893302e+00 
 5.97415039e-04  2.43750000e+00  2.49999877e+00  4.05933934e+00  4.37589564e+00  4.05893310e+00 
 5.97615039e-04  2.43750000e+00  2.49999878e+00  4.05933941e+00  4.37589569e+00  4.05893317e+00 
 5.97815039e-04  2.43750000e+00  2.49999878e+00  4.05933948e+00  4.37589575e+00  4.05893324e+00 
 5.97818164e-04  2.43750000e+00  2.49999878e+00  4.05933948e+00  4.37589575e+00  4.05893324e+00 
 5.97824414e-04  2.43750000e+00  2.49999878e+00  4.05933948e+00  4.37589575e+00  4.05893324e+00 
 5.97836914e-04  2.43750000e+00  2.49999878e+00  4.05933948e+00  4.37589575e+00  4.05893324e+00 
 5.97861914e-04  2.43750000e+00  2.49999878e+00  4.05933949e+00  4.37589576e+00  4.05893325e+00 
 5.97911914e-04  2.43750000e+00  2.49999878e+00  4.05933951e+00  4.37589577e+00  4.05893327e+00 
 5.98011914e-04  2.43750000e+00  2.49999878e+00  4.05933954e+00  4.37589580e+00  4.05893330e+00 
 5.98211914e-04  2.43750000e+00  2.49999878e+00  4.05933961e+00  4.37589585e+00  4.05893337e+00 
 5.98411914e-04  2.43750000e+00  2.49999878e+00  4.05933968e+00  4.37589591e+00  4.05893344e+00 
 5.98611914e-04  2.43750000e+00  2.49999878e+00  4.05933974e+00  4.37589596e+00  4.05893351e+00 
 5.98811914e-04  2.43750000e+00  2.49999879e+00  4.05933981e+00  4.37589601e+00  4.05893358e+00 
 5.99011914e-04  2.43750000e+00  2.49999879e+00  4.05933987e+00  4.37589607e+00  4.05893364e+00 
 5.99211914e-04  2.43750000e+00  2.49999879e+00  4.05933994e+00  4.37589612e+00  4.05893371e+00 
 5.99411914e-04  2.43750000e+00  2.49999879e+00  4.05934000e+00  4.37589617e+00  4.05893378e+00 
 5.99611914e-04  2.43750000e+00  2.49999879e+00  4.05934007e+00  4.37589622e+00  4.05893384e+00 
 5.99811914e-04  2.43750000e+00  2.49999879e+00  4.05934013e+00  4.37589628e+00  4.05893391e+00 
 6.00011914e-04  2.43750000e+00  2.49999880e+00  4.05934019e+00  4.37589633e+00  4.05893397e+00 
 6.00211914e-04  2.43750000e+00  2.49999880e+00  4.05934026e+00  4.37589638e+00  4.05893404e+00 
 6.00411914e-04  2.43750000e+00  2.49999880e+00  4.05934032e+00  4.37589643e+00  4.05893410e+00 
 6.00611914e-04  2.43750000e+00  2.49999880e+00  4.05934038e+00  4.37589648e+00  4.05893417e+00 
 6.00636914e-04  2.43750000e+00  2.49999880e+00  4.05934039e+00  4.37589648e+00  4.05893418e+00 
 6.00686914e-04  2.43750000e+00  2.49999880e+00  4.05934040e+00  4.37589650e+00  4.05893419e+00 
 6.00786914e-04  2.43750000e+00  2.49999880e+00  4.05934043e+00  4.37589652e+00  4.05893422e+00 
 6.00986914e-04  2.43750000e+00  2.49999880e+00  4.05934050e+00  4.37589657e+00  4.05893429e+00 
 6.01186914e-04  2.43750000e+00  2.49999881e+00  4.05934056e+00  4.37589662e+00  4.05893435e+00 
 6.01386914e-04  2.43750000e+00  2.49999881e+00  4.05934062e+00  4.37589667e+00  4.05893441e+00 
 6.01586914e-04  2.43750000e+00  2.49999881e+00  4.05934068e+00  4.37589672e+00  4.05893447e+00 
 6.01786914e-04  2.43750000e+00  2.49999881e+00  4.05934074e+00  4.37589677e+00  4.05893454e+00 
 6.01986914e-04  2.43750000e+00  2.49999881e+00  4.05934080e+00  4.37589682e+00  4.05893460e+00 
 6.02186914e-04  2.43750000e+00  2.49999881e+00  4.05934086e+00  4.37589686e+00  4.05893466e+00 
 6.02211914e-04  2.43750000e+00  2.49999881e+00  4.05934086e+00  4.37589687e+00  4.05893467e+00 
 6.02261914e-04  2.43750000e+00  2.49999881e+00  4.05934088e+00  4.37589688e+00  4.05893468e+00 
 6.02361914e-04  2.43750000e+00  2.49999881e+00  4.05934091e+00  4.37589691e+00  4.05893471e+00 
 6.02561914e-04  2.43750000e+00  2.49999882e+00  4.05934097e+00  4.37589695e+00  4.05893477e+00 
 6.02586914e-04  2.43750000e+00  2.49999882e+00  4.05934097e+00  4.37589696e+00  4.05893478e+00 
 6.02636914e-04  2.43750000e+00  2.49999882e+00  4.05934099e+00  4.37589697e+00  4.05893479e+00 
 6.02736914e-04  2.43750000e+00  2.49999882e+00  4.05934102e+00  4.37589699e+00  4.05893482e+00 
 6.02936914e-04  2.43750000e+00  2.49999882e+00  4.05934107e+00  4.37589704e+00  4.05893488e+00 
 6.03136914e-04  2.43750000e+00  2.49999882e+00  4.05934113e+00  4.37589709e+00  4.05893494e+00 
 6.03161914e-04  2.43750000e+00  2.49999882e+00  4.05934114e+00  4.37589709e+00  4.05893495e+00 
 6.03211914e-04  2.43750000e+00  2.49999882e+00  4.05934115e+00  4.37589711e+00  4.05893496e+00 
 6.03311914e-04  2.43750000e+00  2.49999882e+00  4.05934118e+00  4.37589713e+00  4.05893499e+00 
 6.03511914e-04  2.43750000e+00  2.49999882e+00  4.05934124e+00  4.37589717e+00  4.05893505e+00 
 6.03711914e-04  2.43750000e+00  2.49999882e+00  4.05934129e+00  4.37589722e+00  4.05893511e+00 
 6.03911914e-04  2.43750000e+00  2.49999883e+00  4.05934135e+00  4.37589727e+00  4.05893517e+00 
 6.04111914e-04  2.43750000e+00  2.49999883e+00  4.05934141e+00  4.37589731e+00  4.05893523e+00 
 6.04311914e-04  2.43750000e+00  2.49999883e+00  4.05934146e+00  4.37589736e+00  4.05893528e+00 
 6.04336914e-04  2.43750000e+00  2.49999883e+00  4.05934147e+00  4.37589736e+00  4.05893529e+00 
 6.04343164e-04  2.43750000e+00  2.49999883e+00  4.05934147e+00  4.37589736e+00  4.05893529e+00 
 6.04355664e-04  2.43750000e+00  2.49999883e+00  4.05934147e+00  4.37589737e+00  4.05893530e+00 
 6.04380664e-04  2.43750000e+00  2.49999883e+00  4.05934148e+00  4.37589737e+00  4.05893530e+00 
 6.04430664e-04  2.43750000e+00  2.49999883e+00  4.05934149e+00  4.37589738e+00  4.05893532e+00 
 6.04530664e-04  2.43750000e+00  2.49999883e+00  4.05934152e+00  4.37589741e+00  4.05893535e+00 
 6.04730664e-04  2.43750000e+00  2.49999883e+00  4.05934158e+00  4.37589745e+00  4.05893540e+00 
 6.04930664e-04  2.43750000e+00  2.49999883e+00  4.05934163e+00  4.37589749e+00  4.05893546e+00 
 6.05130664e-04  2.43750000e+00  2.49999883e+00  4.05934168e+00  4.37589754e+00  4.05893551e+00 
 6.05330664e-04  2.43750000e+00  2.49999884e+00  4.05934174e+00  4.37589758e+00  4.05893557e+00 
 6.05530664e-04  2.43750000e+00  2.49999884e+00  4.05934179e+00  4.37589762e+00  4.05893562e+00 
 6.05730664e-04  2.43750000e+00  2.49999884e+00  4.05934184e+00  4.37589767e+00  4.05893568e+00 
 6.05930664e-04  2.43750000e+00  2.49999884e+00  4.05934190e+00  4.37589771e+00  4.05893573e+00 
 6.05955664e-04  2.43750000e+00  2.49999884e+00  4.05934190e+00  4.37589771e+00  4.05893574e+00 
 6.06005664e-04  2.43750000e+00  2.49999884e+00  4.05934192e+00  4.37589773e+00  4.05893575e+00 
 6.06105664e-04  2.43750000e+00  2.49999884e+00  4.05934194e+00  4.37589775e+00  4.05893578e+00 
 6.06305664e-04  2.43750000e+00  2.49999884e+00  4.05934199e+00  4.37589779e+00  4.05893583e+00 
 6.06505664e-04  2.43750000e+00  2.49999884e+00  4.05934205e+00  4.37589783e+00  4.05893589e+00 
 6.06705664e-04  2.43750000e+00  2.49999884e+00  4.05934210e+00  4.37589787e+00  4.05893594e+00 
 6.06730664e-04  2.43750000e+00  2.49999884e+00  4.05934210e+00  4.37589788e+00  4.05893595e+00 
 6.06780664e-04  2.43750000e+00  2.49999884e+00  4.05934212e+00  4.37589789e+00  4.05893596e+00 
 6.06880664e-04  2.43750000e+00  2.49999885e+00  4.05934214e+00  4.37589791e+00  4.05893599e+00 
 6.07080664e-04  2.43750000e+00  2.49999885e+00  4.05934219e+00  4.37589795e+00  4.05893604e+00 
 6.07105664e-04  2.43750000e+00  2.49999885e+00  4.05934220e+00  4.37589796e+00  4.05893604e+00 
 6.07111914e-04  2.43750000e+00  2.49999885e+00  4.05934220e+00  4.37589796e+00  4.05893605e+00 
 6.07124414e-04  2.43750000e+00  2.49999885e+00  4.05934220e+00  4.37589796e+00  4.05893605e+00 
 6.07149414e-04  2.43750000e+00  2.49999885e+00  4.05934221e+00  4.37589796e+00  4.05893606e+00 
 6.07199414e-04  2.43750000e+00  2.49999885e+00  4.05934222e+00  4.37589797e+00  4.05893607e+00 
 6.07211914e-04  2.43750000e+00  2.49999885e+00  4.05934223e+00  4.37589798e+00  4.05893607e+00 
 6.07236914e-04  2.43750000e+00  2.49999885e+00  4.05934223e+00  4.37589798e+00  4.05893608e+00 
 6.07286914e-04  2.43750000e+00  2.49999885e+00  4.05934225e+00  4.37589799e+00  4.05893609e+00 
 6.07386914e-04  2.43750000e+00  2.49999885e+00  4.05934227e+00  4.37589801e+00  4.05893612e+00 
 6.07586914e-04  2.43750000e+00  2.49999885e+00  4.05934232e+00  4.37589805e+00  4.05893617e+00 
 6.07786914e-04  2.43750000e+00  2.49999885e+00  4.05934237e+00  4.37589809e+00  4.05893622e+00 
 6.07986914e-04  2.43750000e+00  2.49999885e+00  4.05934242e+00  4.37589813e+00  4.05893627e+00 
 6.08186914e-04  2.43750000e+00  2.49999885e+00  4.05934247e+00  4.37589817e+00  4.05893632e+00 
 6.08386914e-04  2.43750000e+00  2.49999886e+00  4.05934252e+00  4.37589821e+00  4.05893637e+00 
 6.08411914e-04  2.43750000e+00  2.49999886e+00  4.05934252e+00  4.37589822e+00  4.05893638e+00 
 6.08461914e-04  2.43750000e+00  2.49999886e+00  4.05934254e+00  4.37589823e+00  4.05893639e+00 
 6.08561914e-04  2.43750000e+00  2.49999886e+00  4.05934256e+00  4.37589825e+00  4.05893642e+00 
 6.08761914e-04  2.43750000e+00  2.49999886e+00  4.05934261e+00  4.37589829e+00  4.05893647e+00 
 6.08961914e-04  2.43750000e+00  2.49999886e+00  4.05934266e+00  4.37589833e+00  4.05893652e+00 
 6.09161914e-04  2.43750000e+00  2.49999886e+00  4.05934270e+00  4.37589836e+00  4.05893657e+00 
 6.09361914e-04  2.43750000e+00  2.49999886e+00  4.05934275e+00  4.37589840e+00  4.05893661e+00 
 6.09561914e-04  2.43750000e+00  2.49999886e+00  4.05934280e+00  4.37589844e+00  4.05893666e+00 
 6.09761914e-04  2.43750000e+00  2.49999886e+00  4.05934285e+00  4.37589848e+00  4.05893671e+00 
 6.09961914e-04  2.43750000e+00  2.49999886e+00  4.05934289e+00  4.37589852e+00  4.05893676e+00 
 6.10161914e-04  2.43750000e+00  2.49999887e+00  4.05934294e+00  4.37589855e+00  4.05893681e+00 
 6.10361914e-04  2.43750000e+00  2.49999887e+00  4.05934298e+00  4.37589859e+00  4.05893685e+00 
 6.10561914e-04  2.43750000e+00  2.49999887e+00  4.05934303e+00  4.37589863e+00  4.05893690e+00 
 6.10586914e-04  2.43750000e+00  2.49999887e+00  4.05934304e+00  4.37589863e+00  4.05893691e+00 
 6.10636914e-04  2.43750000e+00  2.49999887e+00  4.05934305e+00  4.37589864e+00  4.05893692e+00 
 6.10736914e-04  2.43750000e+00  2.49999887e+00  4.05934307e+00  4.37589866e+00  4.05893694e+00 
 6.10761914e-04  2.43750000e+00  2.49999887e+00  4.05934307e+00  4.37589867e+00  4.05893695e+00 
 6.10811914e-04  2.43750000e+00  2.49999887e+00  4.05934309e+00  4.37589867e+00  4.05893696e+00 
 6.10911914e-04  2.43750000e+00  2.49999887e+00  4.05934311e+00  4.37589869e+00  4.05893698e+00 
 6.11111914e-04  2.43750000e+00  2.49999887e+00  4.05934315e+00  4.37589873e+00  4.05893703e+00 
 6.11311914e-04  2.43750000e+00  2.49999887e+00  4.05934320e+00  4.37589877e+00  4.05893707e+00 
 6.11511914e-04  2.43750000e+00  2.49999887e+00  4.05934324e+00  4.37589880e+00  4.05893712e+00 
 6.11711914e-04  2.43750000e+00  2.49999887e+00  4.05934329e+00  4.37589884e+00  4.05893717e+00 
 6.11911914e-04  2.43750000e+00  2.49999888e+00  4.05934333e+00  4.37589887e+00  4.05893721e+00 
 6.12111914e-04  2.43750000e+00  2.49999888e+00  4.05934337e+00  4.37589891e+00  4.05893726e+00 
 6.12136914e-04  2.43750000e+00  2.49999888e+00  4.05934338e+00  4.37589891e+00  4.05893726e+00 
 6.12186914e-04  2.43750000e+00  2.49999888e+00  4.05934339e+00  4.37589892e+00  4.05893727e+00 
 6.12286914e-04  2.43750000e+00  2.49999888e+00  4.05934341e+00  4.37589894e+00  4.05893729e+00 
 6.12486914e-04  2.43750000e+00  2.49999888e+00  4.05934345e+00  4.37589897e+00  4.05893734e+00 
 6.12686914e-04  2.43750000e+00  2.49999888e+00  4.05934350e+00  4.37589901e+00  4.05893738e+00 
 6.12886914e-04  2.43750000e+00  2.49999888e+00  4.05934354e+00  4.37589904e+00  4.05893743e+00 
 6.13086914e-04  2.43750000e+00  2.49999888e+00  4.05934358e+00  4.37589908e+00  4.05893747e+00 
 6.13286914e-04  2.43750000e+00  2.49999888e+00  4.05934362e+00  4.37589911e+00  4.05893751e+00 
 6.13486914e-04  2.43750000e+00  2.49999888e+00  4.05934367e+00  4.37589914e+00  4.05893756e+00 
 6.13686914e-04  2.43750000e+00  2.49999889e+00  4.05934371e+00  4.37589918e+00  4.05893760e+00 
 6.13886914e-04  2.43750000e+00  2.49999889e+00  4.05934375e+00  4.37589921e+00  4.05893764e+00 
 6.14086914e-04  2.43750000e+00  2.49999889e+00  4.05934379e+00  4.37589924e+00  4.05893768e+00 
 6.14286914e-04  2.43750000e+00  2.49999889e+00  4.05934383e+00  4.37589928e+00  4.05893773e+00 
 6.14486914e-04  2.43750000e+00  2.49999889e+00  4.05934387e+00  4.37589931e+00  4.05893777e+00 
 6.14686914e-04  2.43750000e+00  2.49999889e+00  4.05934391e+00  4.37589934e+00  4.05893781e+00 
 6.14711914e-04  2.43750000e+00  2.49999889e+00  4.05934392e+00  4.37589935e+00  4.05893781e+00 
 6.14761914e-04  2.43750000e+00  2.49999889e+00  4.05934393e+00  4.37589936e+00  4.05893783e+00 
 6.14861914e-04  2.43750000e+00  2.49999889e+00  4.05934395e+00  4.37589937e+00  4.05893785e+00 
 6.15061914e-04  2.43750000e+00  2.49999889e+00  4.05934399e+00  4.37589940e+00  4.05893789e+00 
 6.15261914e-04  2.43750000e+00  2.49999889e+00  4.05934402e+00  4.37589944e+00  4.05893793e+00 
 6.15461914e-04  2.43750000e+00  2.49999889e+00  4.05934406e+00  4.37589947e+00  4.05893797e+00 
 6.15661914e-04  2.43750000e+00  2.49999890e+00  4.05934410e+00  4.37589950e+00  4.05893801e+00 
 6.15861914e-04  2.43750000e+00  2.49999890e+00  4.05934414e+00  4.37589953e+00  4.05893805e+00 
 6.16061914e-04  2.43750000e+00  2.49999890e+00  4.05934418e+00  4.37589956e+00  4.05893809e+00 
 6.16086914e-04  2.43750000e+00  2.49999890e+00  4.05934418e+00  4.37589957e+00  4.05893809e+00 
 6.16136914e-04  2.43750000e+00  2.49999890e+00  4.05934419e+00  4.37589957e+00  4.05893810e+00 
 6.16236914e-04  2.43750000e+00  2.49999890e+00  4.05934421e+00  4.37589959e+00  4.05893812e+00 
 6.16436914e-04  2.43750000e+00  2.49999890e+00  4.05934425e+00  4.37589962e+00  4.05893816e+00 
 6.16636914e-04  2.43750000e+00  2.49999890e+00  4.05934429e+00  4.37589965e+00  4.05893820e+00 
 6.16836914e-04  2.43750000e+00  2.49999890e+00  4.05934433e+00  4.37589968e+00  4.05893824e+00 
 6.17036914e-04  2.43750000e+00  2.49999890e+00  4.05934436e+00  4.37589971e+00  4.05893828e+00 
 6.17236914e-04  2.43750000e+00  2.49999890e+00  4.05934440e+00  4.37589974e+00  4.05893832e+00 
 6.17436914e-04  2.43750000e+00  2.49999890e+00  4.05934444e+00  4.37589977e+00  4.05893835e+00 
 6.17636914e-04  2.43750000e+00  2.49999891e+00  4.05934447e+00  4.37589980e+00  4.05893839e+00 
 6.17836914e-04  2.43750000e+00  2.49999891e+00  4.05934451e+00  4.37589983e+00  4.05893843e+00 
 6.18036914e-04  2.43750000e+00  2.49999891e+00  4.05934455e+00  4.37589986e+00  4.05893847e+00 
 6.18236914e-04  2.43750000e+00  2.49999891e+00  4.05934458e+00  4.37589989e+00  4.05893850e+00 
 6.18436914e-04  2.43750000e+00  2.49999891e+00  4.05934462e+00  4.37589992e+00  4.05893854e+00 
 6.18636914e-04  2.43750000e+00  2.49999891e+00  4.05934465e+00  4.37589995e+00  4.05893858e+00 
 6.18836914e-04  2.43750000e+00  2.49999891e+00  4.05934469e+00  4.37589998e+00  4.05893861e+00 
 6.19036914e-04  2.43750000e+00  2.49999891e+00  4.05934473e+00  4.37590000e+00  4.05893865e+00 
 6.19236914e-04  2.43750000e+00  2.49999891e+00  4.05934476e+00  4.37590003e+00  4.05893869e+00 
 6.19436914e-04  2.43750000e+00  2.49999891e+00  4.05934479e+00  4.37590006e+00  4.05893872e+00 
 6.19461914e-04  2.43750000e+00  2.49999891e+00  4.05934480e+00  4.37590006e+00  4.05893873e+00 
 6.19511914e-04  2.43750000e+00  2.49999891e+00  4.05934481e+00  4.37590007e+00  4.05893874e+00 
 6.19611914e-04  2.43750000e+00  2.49999891e+00  4.05934483e+00  4.37590009e+00  4.05893875e+00 
 6.19811914e-04  2.43750000e+00  2.49999891e+00  4.05934486e+00  4.37590011e+00  4.05893879e+00 
 6.19836914e-04  2.43750000e+00  2.49999891e+00  4.05934486e+00  4.37590012e+00  4.05893879e+00 
 6.19886914e-04  2.43750000e+00  2.49999892e+00  4.05934487e+00  4.37590012e+00  4.05893880e+00 
 6.19986914e-04  2.43750000e+00  2.49999892e+00  4.05934489e+00  4.37590014e+00  4.05893882e+00 
 6.20186914e-04  2.43750000e+00  2.49999892e+00  4.05934492e+00  4.37590016e+00  4.05893885e+00 
 6.20386914e-04  2.43750000e+00  2.49999892e+00  4.05934496e+00  4.37590019e+00  4.05893889e+00 
 6.20586914e-04  2.43750000e+00  2.49999892e+00  4.05934499e+00  4.37590022e+00  4.05893892e+00 
 6.20611914e-04  2.43750000e+00  2.49999892e+00  4.05934499e+00  4.37590022e+00  4.05893893e+00 
 6.20661914e-04  2.43750000e+00  2.49999892e+00  4.05934500e+00  4.37590023e+00  4.05893894e+00 
 6.20761914e-04  2.43750000e+00  2.49999892e+00  4.05934502e+00  4.37590024e+00  4.05893895e+00 
 6.20961914e-04  2.43750000e+00  2.49999892e+00  4.05934505e+00  4.37590027e+00  4.05893899e+00 
 6.21161914e-04  2.43750000e+00  2.49999892e+00  4.05934509e+00  4.37590030e+00  4.05893902e+00 
 6.21361914e-04  2.43750000e+00  2.49999892e+00  4.05934512e+00  4.37590032e+00  4.05893906e+00 
 6.21561914e-04  2.43750000e+00  2.49999892e+00  4.05934515e+00  4.37590035e+00  4.05893909e+00 
 6.21761914e-04  2.43750000e+00  2.49999892e+00  4.05934518e+00  4.37590038e+00  4.05893912e+00 
 6.21961914e-04  2.43750000e+00  2.49999892e+00  4.05934521e+00  4.37590040e+00  4.05893916e+00 
 6.22161914e-04  2.43750000e+00  2.49999892e+00  4.05934525e+00  4.37590043e+00  4.05893919e+00 
 6.22361914e-04  2.43750000e+00  2.49999893e+00  4.05934528e+00  4.37590045e+00  4.05893922e+00 
 6.22561914e-04  2.43750000e+00  2.49999893e+00  4.05934531e+00  4.37590048e+00  4.05893925e+00 
 6.22586914e-04  2.43750000e+00  2.49999893e+00  4.05934531e+00  4.37590048e+00  4.05893926e+00 
 6.22636914e-04  2.43750000e+00  2.49999893e+00  4.05934532e+00  4.37590049e+00  4.05893927e+00 
 6.22736914e-04  2.43750000e+00  2.49999893e+00  4.05934534e+00  4.37590050e+00  4.05893928e+00 
 6.22936914e-04  2.43750000e+00  2.49999893e+00  4.05934537e+00  4.37590053e+00  4.05893931e+00 
 6.23136914e-04  2.43750000e+00  2.49999893e+00  4.05934540e+00  4.37590055e+00  4.05893935e+00 
 6.23161914e-04  2.43750000e+00  2.49999893e+00  4.05934540e+00  4.37590055e+00  4.05893935e+00 
 6.23211914e-04  2.43750000e+00  2.49999893e+00  4.05934541e+00  4.37590056e+00  4.05893936e+00 
 6.23311914e-04  2.43750000e+00  2.49999893e+00  4.05934543e+00  4.37590057e+00  4.05893937e+00 
 6.23511914e-04  2.43750000e+00  2.49999893e+00  4.05934546e+00  4.37590060e+00  4.05893941e+00 
 6.23711914e-04  2.43750000e+00  2.49999893e+00  4.05934549e+00  4.37590062e+00  4.05893944e+00 
 6.23911914e-04  2.43750000e+00  2.49999893e+00  4.05934552e+00  4.37590065e+00  4.05893947e+00 
 6.24111914e-04  2.43750000e+00  2.49999893e+00  4.05934555e+00  4.37590067e+00  4.05893950e+00 
 6.24311914e-04  2.43750000e+00  2.49999893e+00  4.05934558e+00  4.37590070e+00  4.05893953e+00 
 6.24511914e-04  2.43750000e+00  2.49999893e+00  4.05934561e+00  4.37590072e+00  4.05893956e+00 
 6.24711914e-04  2.43750000e+00  2.49999893e+00  4.05934564e+00  4.37590074e+00  4.05893959e+00 
 6.24736914e-04  2.43750000e+00  2.49999893e+00  4.05934564e+00  4.37590075e+00  4.05893959e+00 
 6.24786914e-04  2.43750000e+00  2.49999893e+00  4.05934565e+00  4.37590075e+00  4.05893960e+00 
 6.24799414e-04  2.43750000e+00  2.49999893e+00  4.05934565e+00  4.37590075e+00  4.05893960e+00 
 6.24802539e-04  2.43750000e+00  2.49999893e+00  4.05934565e+00  4.37590075e+00  4.05893960e+00 
 6.24808789e-04  2.43750000e+00  2.49999893e+00  4.05934565e+00  4.37590076e+00  4.05893961e+00 
 6.24821289e-04  2.43750000e+00  2.49999894e+00  4.05934565e+00  4.37590076e+00  4.05893961e+00 
 6.24824414e-04  2.43750000e+00  2.49999894e+00  4.05934565e+00  4.37590076e+00  4.05893961e+00 
 6.24830664e-04  2.43750000e+00  2.49999894e+00  4.05934565e+00  4.37590076e+00  4.05893961e+00 
 6.24843164e-04  2.43750000e+00  2.49999894e+00  4.05934566e+00  4.37590076e+00  4.05893961e+00 
 6.24868164e-04  2.43750000e+00  2.49999894e+00  4.05934566e+00  4.37590076e+00  4.05893961e+00 
 6.24918164e-04  2.43750000e+00  2.49999894e+00  4.05934567e+00  4.37590077e+00  4.05893962e+00 
 6.24930664e-04  2.43750000e+00  2.49999894e+00  4.05934567e+00  4.37590077e+00  4.05893962e+00 
 6.24955664e-04  2.43750000e+00  2.49999894e+00  4.05934567e+00  4.37590077e+00  4.05893963e+00 
 6.25005664e-04  2.43750000e+00  2.49999894e+00  4.05934568e+00  4.37590078e+00  4.05893963e+00 
 6.25105664e-04  2.43750000e+00  2.49999894e+00  4.05934569e+00  4.37590079e+00  4.05893965e+00 
 6.25305664e-04  2.43750000e+00  2.49999894e+00  4.05934572e+00  4.37590081e+00  4.05893968e+00 
 6.25505664e-04  2.43750000e+00  2.49999894e+00  4.05934575e+00  4.37590084e+00  4.05893971e+00 
 6.25705664e-04  2.43750000e+00  2.49999894e+00  4.05934578e+00  4.37590086e+00  4.05893974e+00 
 6.25905664e-04  2.43750000e+00  2.49999894e+00  4.05934581e+00  4.37590088e+00  4.05893977e+00 
 6.26105664e-04  2.43750000e+00  2.49999894e+00  4.05934584e+00  4.37590091e+00  4.05893980e+00 
 6.26305664e-04  2.43750000e+00  2.49999894e+00  4.05934586e+00  4.37590093e+00  4.05893983e+00 
 6.26330664e-04  2.43750000e+00  2.49999894e+00  4.05934587e+00  4.37590093e+00  4.05893983e+00 
 6.26380664e-04  2.43750000e+00  2.49999894e+00  4.05934588e+00  4.37590094e+00  4.05893984e+00 
 6.26480664e-04  2.43750000e+00  2.49999894e+00  4.05934589e+00  4.37590095e+00  4.05893985e+00 
 6.26680664e-04  2.43750000e+00  2.49999894e+00  4.05934592e+00  4.37590097e+00  4.05893988e+00 
 6.26880664e-04  2.43750000e+00  2.49999894e+00  4.05934594e+00  4.37590099e+00  4.05893991e+00 
 6.27080664e-04  2.43750000e+00  2.49999894e+00  4.05934597e+00  4.37590102e+00  4.05893994e+00 
 6.27280664e-04  2.43750000e+00  2.49999894e+00  4.05934600e+00  4.37590104e+00  4.05893996e+00 
 6.27480664e-04  2.43750000e+00  2.49999894e+00  4.05934603e+00  4.37590106e+00  4.05893999e+00 
 6.27680664e-04  2.43750000e+00  2.49999895e+00  4.05934605e+00  4.37590108e+00  4.05894002e+00 
 6.27880664e-04  2.43750000e+00  2.49999895e+00  4.05934608e+00  4.37590110e+00  4.05894005e+00 
 6.28080664e-04  2.43750000e+00  2.49999895e+00  4.05934611e+00  4.37590113e+00  4.05894008e+00 
 6.28105664e-04  2.43750000e+00  2.49999895e+00  4.05934611e+00  4.37590113e+00  4.05894008e+00 
 6.28155664e-04  2.43750000e+00  2.49999895e+00  4.05934612e+00  4.37590113e+00  4.05894009e+00 
 6.28255664e-04  2.43750000e+00  2.49999895e+00  4.05934613e+00  4.37590114e+00  4.05894010e+00 
 6.28455664e-04  2.43750000e+00  2.49999895e+00  4.05934616e+00  4.37590117e+00  4.05894013e+00 
 6.28655664e-04  2.43750000e+00  2.49999895e+00  4.05934618e+00  4.37590119e+00  4.05894015e+00 
 6.28855664e-04  2.43750000e+00  2.49999895e+00  4.05934621e+00  4.37590121e+00  4.05894018e+00 
 6.29055664e-04  2.43750000e+00  2.49999895e+00  4.05934623e+00  4.37590123e+00  4.05894021e+00 
 6.29255664e-04  2.43750000e+00  2.49999895e+00  4.05934626e+00  4.37590125e+00  4.05894023e+00 
 6.29455664e-04  2.43750000e+00  2.49999895e+00  4.05934628e+00  4.37590127e+00  4.05894026e+00 
 6.29655664e-04  2.43750000e+00  2.49999895e+00  4.05934631e+00  4.37590129e+00  4.05894029e+00 
 6.29855664e-04  2.43750000e+00  2.49999895e+00  4.05934634e+00  4.37590131e+00  4.05894031e+00 
 6.30055664e-04  2.43750000e+00  2.49999895e+00  4.05934636e+00  4.37590133e+00  4.05894034e+00 
 6.30255664e-04  2.43750000e+00  2.49999895e+00  4.05934638e+00  4.37590135e+00  4.05894036e+00 
 6.30280664e-04  2.43750000e+00  2.49999895e+00  4.05934639e+00  4.37590135e+00  4.05894037e+00 
 6.30330664e-04  2.43750000e+00  2.49999895e+00  4.05934639e+00  4.37590136e+00  4.05894037e+00 
 6.30430664e-04  2.43750000e+00  2.49999895e+00  4.05934641e+00  4.37590137e+00  4.05894039e+00 
 6.30630664e-04  2.43750000e+00  2.49999895e+00  4.05934643e+00  4.37590139e+00  4.05894041e+00 
 6.30830664e-04  2.43750000e+00  2.49999896e+00  4.05934646e+00  4.37590141e+00  4.05894044e+00 
 6.31030664e-04  2.43750000e+00  2.49999896e+00  4.05934648e+00  4.37590143e+00  4.05894046e+00 
 6.31230664e-04  2.43750000e+00  2.49999896e+00  4.05934650e+00  4.37590145e+00  4.05894049e+00 
 6.31430664e-04  2.43750000e+00  2.49999896e+00  4.05934653e+00  4.37590147e+00  4.05894051e+00 
 6.31630664e-04  2.43750000e+00  2.49999896e+00  4.05934655e+00  4.37590149e+00  4.05894053e+00 
 6.31830664e-04  2.43750000e+00  2.49999896e+00  4.05934658e+00  4.37590151e+00  4.05894056e+00 
 6.32030664e-04  2.43750000e+00  2.49999896e+00  4.05934660e+00  4.37590152e+00  4.05894058e+00 
 6.32230664e-04  2.43750000e+00  2.49999896e+00  4.05934662e+00  4.37590154e+00  4.05894061e+00 
 6.32255664e-04  2.43750000e+00  2.49999896e+00  4.05934663e+00  4.37590155e+00  4.05894061e+00 
 6.32305664e-04  2.43750000e+00  2.49999896e+00  4.05934663e+00  4.37590155e+00  4.05894062e+00 
 6.32405664e-04  2.43750000e+00  2.49999896e+00  4.05934664e+00  4.37590156e+00  4.05894063e+00 
 6.32430664e-04  2.43750000e+00  2.49999896e+00  4.05934665e+00  4.37590156e+00  4.05894063e+00 
 6.32480664e-04  2.43750000e+00  2.49999896e+00  4.05934665e+00  4.37590157e+00  4.05894064e+00 
 6.32580664e-04  2.43750000e+00  2.49999896e+00  4.05934666e+00  4.37590158e+00  4.05894065e+00 
 6.32780664e-04  2.43750000e+00  2.49999896e+00  4.05934669e+00  4.37590160e+00  4.05894067e+00 
 6.32980664e-04  2.43750000e+00  2.49999896e+00  4.05934671e+00  4.37590161e+00  4.05894070e+00 
 6.33180664e-04  2.43750000e+00  2.49999896e+00  4.05934673e+00  4.37590163e+00  4.05894072e+00 
 6.33183789e-04  2.43750000e+00  2.49999896e+00  4.05934673e+00  4.37590163e+00  4.05894072e+00 
 6.33190039e-04  2.43750000e+00  2.49999896e+00  4.05934673e+00  4.37590163e+00  4.05894072e+00 
 6.33202539e-04  2.43750000e+00  2.49999896e+00  4.05934673e+00  4.37590163e+00  4.05894072e+00 
 6.33227539e-04  2.43750000e+00  2.49999896e+00  4.05934674e+00  4.37590164e+00  4.05894073e+00 
 6.33277539e-04  2.43750000e+00  2.49999896e+00  4.05934674e+00  4.37590164e+00  4.05894073e+00 
 6.33377539e-04  2.43750000e+00  2.49999896e+00  4.05934675e+00  4.37590165e+00  4.05894074e+00 
 6.33577539e-04  2.43750000e+00  2.49999896e+00  4.05934678e+00  4.37590167e+00  4.05894077e+00 
 6.33777539e-04  2.43750000e+00  2.49999896e+00  4.05934680e+00  4.37590169e+00  4.05894079e+00 
 6.33977539e-04  2.43750000e+00  2.49999896e+00  4.05934682e+00  4.37590170e+00  4.05894081e+00 
 6.34177539e-04  2.43750000e+00  2.49999897e+00  4.05934684e+00  4.37590172e+00  4.05894083e+00 
 6.34377539e-04  2.43750000e+00  2.49999897e+00  4.05934686e+00  4.37590174e+00  4.05894086e+00 
 6.34577539e-04  2.43750000e+00  2.49999897e+00  4.05934689e+00  4.37590176e+00  4.05894088e+00 
 6.34777539e-04  2.43750000e+00  2.49999897e+00  4.05934691e+00  4.37590178e+00  4.05894090e+00 
 6.34977539e-04  2.43750000e+00  2.49999897e+00  4.05934693e+00  4.37590179e+00  4.05894092e+00 
 6.35177539e-04  2.43750000e+00  2.49999897e+00  4.05934695e+00  4.37590181e+00  4.05894095e+00 
 6.35377539e-04  2.43750000e+00  2.49999897e+00  4.05934697e+00  4.37590183e+00  4.05894097e+00 
 6.35577539e-04  2.43750000e+00  2.49999897e+00  4.05934699e+00  4.37590184e+00  4.05894099e+00 
 6.35777539e-04  2.43750000e+00  2.49999897e+00  4.05934701e+00  4.37590186e+00  4.05894101e+00 
 6.35802539e-04  2.43750000e+00  2.49999897e+00  4.05934702e+00  4.37590186e+00  4.05894101e+00 
 6.35852539e-04  2.43750000e+00  2.49999897e+00  4.05934702e+00  4.37590187e+00  4.05894102e+00 
 6.35952539e-04  2.43750000e+00  2.49999897e+00  4.05934703e+00  4.37590188e+00  4.05894103e+00 
 6.36152539e-04  2.43750000e+00  2.49999897e+00  4.05934705e+00  4.37590189e+00  4.05894105e+00 
 6.36352539e-04  2.43750000e+00  2.49999897e+00  4.05934707e+00  4.37590191e+00  4.05894107e+00 
 6.36552539e-04  2.43750000e+00  2.49999897e+00  4.05934709e+00  4.37590193e+00  4.05894109e+00 
 6.36752539e-04  2.43750000e+00  2.49999897e+00  4.05934711e+00  4.37590194e+00  4.05894111e+00 
 6.36952539e-04  2.43750000e+00  2.49999897e+00  4.05934713e+00  4.37590196e+00  4.05894114e+00 
 6.37152539e-04  2.43750000e+00  2.49999897e+00  4.05934715e+00  4.37590198e+00  4.05894116e+00 
 6.37352539e-04  2.43750000e+00  2.49999897e+00  4.05934717e+00  4.37590199e+00  4.05894118e+00 
 6.37552539e-04  2.43750000e+00  2.49999897e+00  4.05934719e+00  4.37590201e+00  4.05894120e+00 
 6.37752539e-04  2.43750000e+00  2.49999897e+00  4.05934721e+00  4.37590202e+00  4.05894122e+00 
 6.37952539e-04  2.43750000e+00  2.49999898e+00  4.05934723e+00  4.37590204e+00  4.05894124e+00 
 6.38152539e-04  2.43750000e+00  2.49999898e+00  4.05934725e+00  4.37590205e+00  4.05894126e+00 
 6.38352539e-04  2.43750000e+00  2.49999898e+00  4.05934727e+00  4.37590207e+00  4.05894128e+00 
 6.38377539e-04  2.43750000e+00  2.49999898e+00  4.05934727e+00  4.37590207e+00  4.05894128e+00 
 6.38427539e-04  2.43750000e+00  2.49999898e+00  4.05934728e+00  4.37590208e+00  4.05894129e+00 
 6.38527539e-04  2.43750000e+00  2.49999898e+00  4.05934729e+00  4.37590208e+00  4.05894130e+00 
 6.38727539e-04  2.43750000e+00  2.49999898e+00  4.05934731e+00  4.37590210e+00  4.05894131e+00 
 6.38927539e-04  2.43750000e+00  2.49999898e+00  4.05934733e+00  4.37590212e+00  4.05894133e+00 
 6.39127539e-04  2.43750000e+00  2.49999898e+00  4.05934735e+00  4.37590213e+00  4.05894135e+00 
 6.39327539e-04  2.43750000e+00  2.49999898e+00  4.05934736e+00  4.37590215e+00  4.05894137e+00 
 6.39527539e-04  2.43750000e+00  2.49999898e+00  4.05934738e+00  4.37590216e+00  4.05894139e+00 
 6.39727539e-04  2.43750000e+00  2.49999898e+00  4.05934740e+00  4.37590218e+00  4.05894141e+00 
 6.39927539e-04  2.43750000e+00  2.49999898e+00  4.05934742e+00  4.37590219e+00  4.05894143e+00 
 6.40127539e-04  2.43750000e+00  2.49999898e+00  4.05934744e+00  4.37590221e+00  4.05894145e+00 
 6.40327539e-04  2.43750000e+00  2.49999898e+00  4.05934746e+00  4.37590222e+00  4.05894147e+00 
 6.40352539e-04  2.43750000e+00  2.49999898e+00  4.05934746e+00  4.37590222e+00  4.05894147e+00 
 6.40402539e-04  2.43750000e+00  2.49999898e+00  4.05934746e+00  4.37590223e+00  4.05894148e+00 
 6.40502539e-04  2.43750000e+00  2.49999898e+00  4.05934747e+00  4.37590223e+00  4.05894148e+00 
 6.40702539e-04  2.43750000e+00  2.49999898e+00  4.05934749e+00  4.37590225e+00  4.05894150e+00 
 6.40902539e-04  2.43750000e+00  2.49999898e+00  4.05934751e+00  4.37590226e+00  4.05894152e+00 
 6.41102539e-04  2.43750000e+00  2.49999898e+00  4.05934753e+00  4.37590228e+00  4.05894154e+00 
 6.41302539e-04  2.43750000e+00  2.49999898e+00  4.05934754e+00  4.37590229e+00  4.05894156e+00 
 6.41502539e-04  2.43750000e+00  2.49999898e+00  4.05934756e+00  4.37590231e+00  4.05894158e+00 
 6.41702539e-04  2.43750000e+00  2.49999898e+00  4.05934758e+00  4.37590232e+00  4.05894159e+00 
 6.41902539e-04  2.43750000e+00  2.49999898e+00  4.05934760e+00  4.37590233e+00  4.05894161e+00 
 6.42102539e-04  2.43750000e+00  2.49999898e+00  4.05934761e+00  4.37590235e+00  4.05894163e+00 
 6.42302539e-04  2.43750000e+00  2.49999899e+00  4.05934763e+00  4.37590236e+00  4.05894165e+00 
 6.42327539e-04  2.43750000e+00  2.49999899e+00  4.05934763e+00  4.37590236e+00  4.05894165e+00 
 6.42377539e-04  2.43750000e+00  2.49999899e+00  4.05934764e+00  4.37590237e+00  4.05894165e+00 
 6.42477539e-04  2.43750000e+00  2.49999899e+00  4.05934764e+00  4.37590237e+00  4.05894166e+00 
 6.42677539e-04  2.43750000e+00  2.49999899e+00  4.05934766e+00  4.37590239e+00  4.05894168e+00 
 6.42877539e-04  2.43750000e+00  2.49999899e+00  4.05934768e+00  4.37590240e+00  4.05894170e+00 
 6.43077539e-04  2.43750000e+00  2.49999899e+00  4.05934770e+00  4.37590241e+00  4.05894171e+00 
 6.43277539e-04  2.43750000e+00  2.49999899e+00  4.05934771e+00  4.37590243e+00  4.05894173e+00 
 6.43477539e-04  2.43750000e+00  2.49999899e+00  4.05934773e+00  4.37590244e+00  4.05894175e+00 
 6.43502539e-04  2.43750000e+00  2.49999899e+00  4.05934773e+00  4.37590244e+00  4.05894175e+00 
 6.43552539e-04  2.43750000e+00  2.49999899e+00  4.05934773e+00  4.37590245e+00  4.05894176e+00 
 6.43652539e-04  2.43750000e+00  2.49999899e+00  4.05934774e+00  4.37590245e+00  4.05894176e+00 
 6.43852539e-04  2.43750000e+00  2.49999899e+00  4.05934776e+00  4.37590247e+00  4.05894178e+00 
 6.44052539e-04  2.43750000e+00  2.49999899e+00  4.05934778e+00  4.37590248e+00  4.05894180e+00 
 6.44252539e-04  2.43750000e+00  2.49999899e+00  4.05934779e+00  4.37590249e+00  4.05894181e+00 
 6.44452539e-04  2.43750000e+00  2.49999899e+00  4.05934781e+00  4.37590251e+00  4.05894183e+00 
 6.44652539e-04  2.43750000e+00  2.49999899e+00  4.05934782e+00  4.37590252e+00  4.05894185e+00 
 6.44852539e-04  2.43750000e+00  2.49999899e+00  4.05934784e+00  4.37590253e+00  4.05894186e+00 
 6.45052539e-04  2.43750000e+00  2.49999899e+00  4.05934786e+00  4.37590254e+00  4.05894188e+00 
 6.45252539e-04  2.43750000e+00  2.49999899e+00  4.05934787e+00  4.37590256e+00  4.05894190e+00 
 6.45452539e-04  2.43750000e+00  2.49999899e+00  4.05934789e+00  4.37590257e+00  4.05894191e+00 
 6.45652539e-04  2.43750000e+00  2.49999899e+00  4.05934790e+00  4.37590258e+00  4.05894193e+00 
 6.45852539e-04  2.43750000e+00  2.49999899e+00  4.05934792e+00  4.37590259e+00  4.05894194e+00 
 6.46052539e-04  2.43750000e+00  2.49999899e+00  4.05934793e+00  4.37590261e+00  4.05894196e+00 
 6.46252539e-04  2.43750000e+00  2.49999899e+00  4.05934795e+00  4.37590262e+00  4.05894197e+00 
 6.46452539e-04  2.43750000e+00  2.49999899e+00  4.05934796e+00  4.37590263e+00  4.05894199e+00 
 6.46652539e-04  2.43750000e+00  2.49999899e+00  4.05934798e+00  4.37590264e+00  4.05894201e+00 
 6.46852539e-04  2.43750000e+00  2.49999899e+00  4.05934799e+00  4.37590265e+00  4.05894202e+00 
 6.46877539e-04  2.43750000e+00  2.49999899e+00  4.05934799e+00  4.37590266e+00  4.05894202e+00 
 6.46927539e-04  2.43750000e+00  2.49999899e+00  4.05934800e+00  4.37590266e+00  4.05894203e+00 
 6.47027539e-04  2.43750000e+00  2.49999899e+00  4.05934801e+00  4.37590267e+00  4.05894203e+00 
 6.47052539e-04  2.43750000e+00  2.49999899e+00  4.05934801e+00  4.37590267e+00  4.05894204e+00 
 6.47102539e-04  2.43750000e+00  2.49999900e+00  4.05934801e+00  4.37590267e+00  4.05894204e+00 
 6.47202539e-04  2.43750000e+00  2.49999900e+00  4.05934802e+00  4.37590268e+00  4.05894205e+00 
 6.47402539e-04  2.43750000e+00  2.49999900e+00  4.05934803e+00  4.37590269e+00  4.05894206e+00 
 6.47602539e-04  2.43750000e+00  2.49999900e+00  4.05934805e+00  4.37590270e+00  4.05894208e+00 
 6.47802539e-04  2.43750000e+00  2.49999900e+00  4.05934806e+00  4.37590271e+00  4.05894209e+00 
 6.48002539e-04  2.43750000e+00  2.49999900e+00  4.05934808e+00  4.37590272e+00  4.05894211e+00 
 6.48202539e-04  2.43750000e+00  2.49999900e+00  4.05934809e+00  4.37590273e+00  4.05894212e+00 
 6.48402539e-04  2.43750000e+00  2.49999900e+00  4.05934810e+00  4.37590275e+00  4.05894214e+00 
 6.48602539e-04  2.43750000e+00  2.49999900e+00  4.05934812e+00  4.37590276e+00  4.05894215e+00 
 6.48802539e-04  2.43750000e+00  2.49999900e+00  4.05934813e+00  4.37590277e+00  4.05894217e+00 
 6.49002539e-04  2.43750000e+00  2.49999900e+00  4.05934815e+00  4.37590278e+00  4.05894218e+00 
 6.49202539e-04  2.43750000e+00  2.49999900e+00  4.05934816e+00  4.37590279e+00  4.05894219e+00 
 6.49402539e-04  2.43750000e+00  2.49999900e+00  4.05934817e+00  4.37590280e+00  4.05894221e+00 
 6.49602539e-04  2.43750000e+00  2.49999900e+00  4.05934819e+00  4.37590281e+00  4.05894222e+00 
 6.49802539e-04  2.43750000e+00  2.49999900e+00  4.05934820e+00  4.37590282e+00  4.05894224e+00 
 6.49827221e-04  2.43750000e+00  2.49999900e+00  4.05934820e+00  4.37590283e+00  4.05894224e+00 
 6.49876587e-04  2.43750000e+00  2.49999900e+00  4.05934821e+00  4.37590283e+00  4.05894224e+00 
 6.49884300e-04  2.43750000e+00  2.49999900e+00  4.05934821e+00  4.37590283e+00  4.05894224e+00 
 6.49899727e-04  2.43750000e+00  2.49999900e+00  4.05934821e+00  4.37590283e+00  4.05894224e+00 
 6.49930580e-04  2.43750000e+00  2.49999900e+00  4.05934821e+00  4.37590283e+00  4.05894225e+00 
 6.49934919e-04  2.43750000e+00  2.49999900e+00  4.05934821e+00  4.37590283e+00  4.05894225e+00 
 6.49943596e-04  2.43750000e+00  2.49999900e+00  4.05934821e+00  4.37590283e+00  4.05894225e+00 
 6.49960951e-04  2.43750000e+00  2.49999900e+00  4.05934821e+00  4.37590283e+00  4.05894225e+00 
 6.49980476e-04  2.43750000e+00  2.49999900e+00  4.05934821e+00  4.37590283e+00  4.05894225e+00 
 6.50000000e-04  2.43750000e+00  2.49999900e+00  4.05934821e+00  4.37590284e+00  4.05894225e+00 
