frequency,ip0,ip0,ip1,ip1,ip2,ip2,ip3,ip3,ip4,ip4,ip5,ip5,ip6,ip6,ip7,ip7,ip8,ip8,ip9,ip9,v(e0),v(e0),v(e1),v(e1),v(e2),v(e2),v(e3),v(e3),v(e4),v(e4),v(e5),v(e5),v(e6),v(e6),v(e7),v(e7),v(e8),v(e8),v(e9),v(e9)
1.000000000000000000e+00,-7.430318820347012641e-22,2.364401320355988947e-22,-9.999999999976396658e-01,6.049004232861127702e-12,-4.975048628055520061e-09,-3.315455410213274945e-10,-4.976831676373888458e-09,-3.140660231881753361e-10,-4.975379902126195186e-09,-3.283882749061106665e-10,-4.975048627621839192e-09,-3.315455479602213984e-10,-5.411680185602706094e-12,1.881050817365206168e-12,-5.411680185602706094e-12,1.881050817365206168e-12,-5.411680185602706094e-12,1.881050817365206168e-12,-5.411680185708585213e-12,1.881050817318884054e-12,-7.421196759132449198e-14,2.394922463735775362e-14,2.385524605540787629e-04,6.040281595820417519e-04,-6.809427672383667307e+00,1.761841394351415886e+02,-6.189811772195744410e+00,1.762299153105231539e+02,-6.697498225918598003e+00,1.761927332813311011e+02,-6.809427672373596252e+00,1.761841394351450560e+02,-5.404332905039872879e-04,1.903272446897725221e-04,-5.404332905039872879e-04,1.903272446897725221e-04,-5.404332905039872879e-04,1.903272446897725221e-04,-5.404332905039880468e-04,1.903272446897729558e-04
1.029207941669011861e+00,-7.428120772833369417e-22,2.285854983659230063e-22,-9.999999999976412202e-01,6.225683176993603019e-12,-4.975764741205201958e-09,-3.221620609172859417e-10,-4.977448309854276554e-09,-3.051727481828692135e-10,-4.976077538085613150e-09,-3.190932587604500270e-10,-4.975764741422042392e-09,-3.221620539783920378e-10,-5.407682437848802869e-12,1.826582626661006921e-12,-5.407682437848802869e-12,1.826582626661006921e-12,-5.407682437742923750e-12,1.826582626381419874e-12,-5.407682437954681987e-12,1.826582626996842250e-12,-7.419039338762645395e-14,2.317245411084312717e-14,2.385524046785783558e-04,6.216705771866638634e-04,-6.428911767477745620e+00,1.711984924006195570e+02,-5.843831379156291028e+00,1.712404868374441662e+02,-6.323218754551309218e+00,1.712063764427530543e+02,-6.428911767458705739e+00,1.711984924006258382e+02,-5.400334134036230589e-04,1.849427873860533093e-04,-5.400334134036230589e-04,1.849427873860533093e-04,-5.400334133965194747e-04,1.849427873576344459e-04,-5.400334134036223000e-04,1.849427874144713053e-04
1.059268987194564193e+00,-7.426413032940681130e-22,2.209179182631870610e-22,-9.999999999976425524e-01,6.407522543996348966e-12,-4.976440895433295597e-09,-3.130426196040758668e-10,-4.978030519048326497e-09,-2.965300574531148925e-10,-4.976736242513421504e-09,-3.100598666705423057e-10,-4.976440895650136031e-09,-3.130426196040758668e-10,-5.403907802702492044e-12,1.773612121052636933e-12,-5.403907802702492044e-12,1.773612121052636933e-12,-5.403907802702492044e-12,1.773612121052636933e-12,-5.403907802808371162e-12,1.773612121075797990e-12,-7.417374787893400430e-14,2.241466520556057511e-14,2.385523434837062695e-04,6.398282931456881172e-04,-6.069628459009154042e+00,1.663531529069151986e+02,-5.517165738795847929e+00,1.663916779438099525e+02,-5.969825762397342750e+00,1.663603857038910689e+02,-6.069628459018660216e+00,1.663531529069190640e+02,-5.396558522004974486e-04,1.797099918446612898e-04,-5.396558522004974486e-04,1.797099918446612898e-04,-5.396558522004974486e-04,1.797099918446612898e-04,-5.396558521933928886e-04,1.797099918446617235e-04
1.090208053984336400e+00,-7.425190070754002179e-22,2.134312011291113850e-22,-9.999999999976442178e-01,6.594673073546724815e-12,-4.977079315305818485e-09,-3.041798896097347438e-10,-4.978580221476000545e-09,-2.881310259827962739e-10,-4.977358182729763048e-09,-3.012808127977883998e-10,-4.977079315305818485e-09,-3.041798826708408399e-10,-5.400343860331426266e-12,1.722096742003281759e-12,-5.400343860331426266e-12,1.722096742003281759e-12,-5.400343860225547148e-12,1.722096741993355591e-12,-5.400343860437305384e-12,1.722096742033060261e-12,-7.416197720572365313e-14,2.167524777749584560e-14,2.385522823020250205e-04,6.585163591410906139e-04,-5.730396055252191090e+00,1.616442365436669206e+02,-5.208738894032273414e+00,1.616795785145139064e+02,-5.636156617147849879e+00,1.616508718322320135e+02,-5.730396055243553555e+00,1.616442365436674891e+02,-5.392993646256358112e-04,1.746246554920398116e-04,-5.392993646256358112e-04,1.746246554920398116e-04,-5.392993646185303839e-04,1.746246554920402453e-04,-5.392993646256341849e-04,1.746246554920398116e-04
1.122050787232197866e+00,-7.424447955773872301e-22,2.061192846477580408e-22,-9.999999999976459941e-01,6.787289883635394191e-12,-4.977682100705538293e-09,-2.955667516291171637e-10,-4.979099228622288487e-09,-2.799688259003119128e-10,-4.977945405708339432e-09,-2.927490819204514594e-10,-4.977682100488697858e-09,-2.955667516291171637e-10,-5.396978879541044301e-12,1.671995029412423423e-12,-5.396978879541044301e-12,1.671995029412423423e-12,-5.396978879541044301e-12,1.671995029412423423e-12,-5.396978879646923419e-12,1.671995029462054259e-12,-7.415504358181774598e-14,2.095360483805517649e-14,2.385522169534321640e-04,6.777502654811005034e-04,-5.410098296666541628e+00,1.570679611165636800e+02,-4.917534574393342517e+00,1.571003827620655500e+02,-5.321113085679702870e+00,1.570740482071143447e+02,-5.410098296666408402e+00,1.570679611165616905e+02,-5.389627771469632450e-04,1.696826872282341375e-04,-5.389627771469632450e-04,1.696826872282341375e-04,-5.389627771469632450e-04,1.696826872282341375e-04,-5.389627771540668293e-04,1.696826872282332431e-04
1.154823581175344671e+00,-7.424184330292261017e-22,1.989762459929023585e-22,-9.999999999976478815e-01,6.985532634890716849e-12,-4.978251236589792406e-09,-2.871962979933417870e-10,-4.979589251575058939e-09,-2.720368791342409054e-10,-4.978499845665826373e-09,-2.844577871863318563e-10,-4.978251236806632840e-09,-2.871962979933417870e-10,-5.393801777964022509e-12,1.623266589516269563e-12,-5.393801777964022509e-12,1.623266589516269563e-12,-5.393801778069901628e-12,1.623266589772695553e-12,-5.393801778175780746e-12,1.623266589815708945e-12,-7.415292500800271171e-14,2.024915375429877267e-14,2.385521482547083710e-04,6.975459544253852315e-04,-5.107680769408344368e+00,1.526206444050288269e+02,-4.642592912377367931e+00,1.526503868116445517e+02,-5.023657801418681679e+00,1.526262285452409060e+02,-5.107680769408473154e+00,1.526206444050307027e+02,-5.386449813627910673e-04,1.648801042314905789e-04,-5.386449813627910673e-04,1.648801042314905789e-04,-5.386449813698982294e-04,1.648801042599094694e-04,-5.386449813698973620e-04,1.648801042599090357e-04
1.188553600972313440e+00,-7.424398396573577922e-22,1.919962735769517684e-22,-9.999999999976497689e-01,7.189565646622262437e-12,-4.978788596676775313e-09,-2.790617598114053521e-10,-4.980051905253447819e-09,-2.643287602688282334e-10,-4.979023328073421684e-09,-2.764002290933653683e-10,-4.978788596676775313e-09,-2.790617528725114482e-10,-5.390802089449506381e-12,1.575872075477133181e-12,-5.390802089449506381e-12,1.575872075477133181e-12,-5.390802089449506381e-12,1.575872075477133181e-12,-5.390802089555385499e-12,1.575872075181002522e-12,-7.415561530297280678e-14,1.956132343563251172e-14,2.385520701528778126e-04,7.179198343400327404e-04,-4.822147510927527136e+00,1.482987019297445102e+02,-4.383007337326571218e+00,1.483259863099197844e+02,-4.742810921723090267e+00,1.483038246383853220e+02,-4.822147510935051784e+00,1.482987019297476650e+02,-5.383449303170968585e-04,1.602130300883993343e-04,-5.383449303170968585e-04,1.602130300883993343e-04,-5.383449303170968585e-04,1.602130300883993343e-04,-5.383449303099896964e-04,1.602130300599813111e-04
1.223268805220006694e+00,-7.425090967144555394e-22,1.851736865660087412e-22,-9.999999999976519893e-01,7.399558040816411539e-12,-4.979295952552836857e-09,-2.711565763591217149e-10,-4.980488716756215073e-09,-2.568382104217725725e-10,-4.979517578547303092e-09,-2.685699024285170822e-10,-4.979295952119155988e-09,-2.711565832980156188e-10,-5.387969928064210274e-12,1.529773159372615555e-12,-5.387969928064210274e-12,1.529773159372615555e-12,-5.387969928064210274e-12,1.529773159372615555e-12,-5.387969928064210274e-12,1.529773159359380665e-12,-7.416312437300631776e-14,1.888955627733436948e-14,2.385519896901128895e-04,7.388887933289051092e-04,-4.552557798925386479e+00,1.440986447341281860e+02,-4.137921637955203735e+00,1.441236740607729985e+02,-4.477646965740172291e+00,1.441033441075921928e+02,-4.552557798904631525e+00,1.440986447341277881e+02,-5.380616350779901394e-04,1.556776920169356242e-04,-5.380616350779901394e-04,1.556776920169356242e-04,-5.380616350779901394e-04,1.556776920169356242e-04,-5.380616350921992594e-04,1.556776920169350279e-04
1.258997969128394567e+00,-7.426264386894234203e-22,1.785029158886607921e-22,-9.999999999976540987e-01,7.615683886131956702e-12,-4.979774974539843968e-09,-2.634743742624401364e-10,-4.980901126229106413e-09,-2.495591303053323884e-10,-4.979984226534915626e-09,-2.609604823899935866e-10,-4.979774974431423751e-09,-2.634743742624401364e-10,-5.385295955905165419e-12,1.484932508076673940e-12,-5.385295955905165419e-12,1.484932508076673940e-12,-5.385295955905165419e-12,1.484932507836791563e-12,-5.385295955905165419e-12,1.484932507816939228e-12,-7.417547761111905058e-14,1.823330630214487763e-14,2.385519060403625685e-04,7.604702131572924507e-04,-4.298023113011875118e+00,1.400170771832672472e+02,-3.906527184218757665e+00,1.400400376903613164e+02,-4.227291822828263435e+00,1.400213881770088165e+02,-4.298023113024774133e+00,1.400170771832648313e+02,-5.377941617366616828e-04,1.512704185250161371e-04,-5.377941617366616828e-04,1.512704185250161371e-04,-5.377941617437653754e-04,1.512704184965968672e-04,-5.377941617437653754e-04,1.512704184965966503e-04
1.295770708372101065e+00,-7.427922644500566371e-22,1.719785164725689761e-22,-9.999999999976562082e-01,7.838122313096583266e-12,-4.980227243838244999e-09,-2.560089189251879560e-10,-4.981290494779529177e-09,-2.424856322680302156e-10,-4.980424810085461174e-09,-2.535657829538795482e-10,-4.980227243729824782e-09,-2.560089189251879560e-10,-5.382771354935874427e-12,1.441313758474808878e-12,-5.382771354935874427e-12,1.441313758474808878e-12,-5.382771354935874427e-12,1.441313758474808878e-12,-5.382771355041753546e-12,1.441313758517822270e-12,-7.419271701072082844e-14,1.759204044443885968e-14,2.385518177392600275e-04,7.826819808642235254e-04,-4.057704261140146151e+00,1.360506947836117320e+02,-3.688060300410402448e+00,1.360717573437421208e+02,-3.990919923058824370e+00,1.360546494705378961e+02,-4.057704261134020385e+00,1.360506947836121583e+02,-5.375416281626240172e-04,1.469876369785934952e-04,-5.375416281626240172e-04,1.469876369785934952e-04,-5.375416281626240172e-04,1.469876369785934952e-04,-5.375416281626222825e-04,1.469876369785930615e-04
1.333617503638647506e+00,-7.430071283683563340e-22,1.655951370767012385e-22,-9.999999999976590948e-01,8.067057711465546073e-12,-4.980654250467085598e-09,-2.487541492235401108e-10,-4.981658108596520584e-09,-2.356119535584788593e-10,-4.980840783439313690e-09,-2.463798262630767510e-10,-4.980654250358665380e-09,-2.487541492235401108e-10,-5.380387797234279011e-12,1.398881496142656724e-12,-5.380387797234279011e-12,1.398881496142656724e-12,-5.380387797234279011e-12,1.398881496142656724e-12,-5.380387797234279011e-12,1.398881496147619807e-12,-7.421490009945001073e-14,1.696523549600053079e-14,2.385517253652956471e-04,8.055425089983844766e-04,-3.830808661222864231e+00,1.321962820262410787e+02,-3.481799781241100344e+00,1.322156034151858250e+02,-3.767751561100450619e+00,1.321999098338823160e+02,-3.830808661222694145e+00,1.321962820262381513e+02,-5.373032012829408784e-04,1.428258714910195834e-04,-5.373032012829408784e-04,1.428258714910195834e-04,-5.373032012829408784e-04,1.428258714910195834e-04,-5.373032012900461974e-04,1.428258714910191497e-04
1.372569725893698411e+00,-7.432717478147081963e-22,1.593475426845050645e-22,-9.999999999976614262e-01,8.302679850500347975e-12,-4.981057404322870863e-09,-2.417041879143599914e-10,-4.982005181010731865e-09,-2.289324875504039625e-10,-4.981233518220641587e-09,-2.393967593605772493e-10,-4.981057404214450646e-09,-2.417041948532538953e-10,-5.378137416193639784e-12,1.357601225816468958e-12,-5.378137416193639784e-12,1.357601225816468958e-12,-5.378137416193639784e-12,1.357601225836321293e-12,-5.378137416405398021e-12,1.357601225811505875e-12,-7.424210102620712183e-14,1.635238042434790943e-14,2.385516214867666046e-04,8.290707468514582840e-04,-3.616587770915894229e+00,1.284507102560140481e+02,-3.287064543941583761e+00,1.284684343135657798e+02,-3.557050365653627644e+00,1.284540381843101784e+02,-3.616587770905111299e+00,1.284507102560173166e+02,-5.370780942869216642e-04,1.387817400832905344e-04,-5.370780942869216642e-04,1.387817400832905344e-04,-5.370780942833698179e-04,1.387817400832903176e-04,-5.370780942798145021e-04,1.387817400832905073e-04
1.412659662384253112e+00,-7.435870058202880058e-22,1.532306010408867961e-22,-9.999999999976642018e-01,8.545184020423242030e-12,-4.981438035071145132e-09,-2.348533208185177301e-10,-4.982332858349119986e-09,-2.224417976204318137e-10,-4.981604311677344243e-09,-2.326109131700615507e-10,-4.981438035071145132e-09,-2.348533208185177301e-10,-5.376012784711437864e-12,1.317439353239806468e-12,-5.376012784711437864e-12,1.317439353239806468e-12,-5.376012784605558746e-12,1.317439353262967525e-12,-5.376012784711437864e-12,1.317439352912242945e-12,-7.427441053942683239e-14,1.575297503478800541e-14,2.385515169868422658e-04,8.532861956018243177e-04,-3.414334656650217958e+00,1.248109355689144877e+02,-3.103211408109841862e+00,1.248271942643777805e+02,-3.358120906500761116e+00,1.248139883900836509e+02,-3.414334656645126920e+00,1.248109355689160509e+02,-5.368655641571727774e-04,1.348519529012578869e-04,-5.368655641571727774e-04,1.348519529012578869e-04,-5.368655641500674584e-04,1.348519529012578869e-04,-5.368655641500674584e-04,1.348519528728396740e-04
1.453920543401338472e+00,-7.439539497951626697e-22,1.472392676083876504e-22,-9.999999999976669773e-01,8.794771232317007050e-12,-4.981797399519066749e-09,-2.281959274319511621e-10,-4.982642223729655262e-09,-2.161345651063850681e-10,-4.981954387223153091e-09,-2.260167678014290971e-10,-4.981797399519066749e-09,-2.281959343708450660e-10,-5.374006887343166737e-12,1.278363159353022889e-12,-5.374006887343166737e-12,1.278363159353022889e-12,-5.374006887343166737e-12,1.278363159353022889e-12,-5.374006887343166737e-12,1.278363159012224477e-12,-7.431193596166120170e-14,1.516652852414436302e-14,2.385514046319078818e-04,8.782089273985424060e-04,-3.223381695194300178e+00,1.212739967393301725e+02,-2.929632997359753688e+00,1.212889111495326091e+02,-3.170306432060918223e+00,1.212767971813424452e+02,-3.223381695194164731e+00,1.212739967393277851e+02,-5.366649091742533087e-04,1.310333096477735040e-04,-5.366649091742533087e-04,1.310333096477735040e-04,-5.366649091742533087e-04,1.310333096477735040e-04,-5.366649091635951677e-04,1.310333096193559146e-04
1.496386569824382784e+00,-7.443738036570266383e-22,1.413686029252051223e-22,-9.999999999976701970e-01,9.051648384143405265e-12,-4.982136684542753935e-09,-2.217266335813317113e-10,-4.982934298470784173e-09,-2.100056517573278825e-10,-4.982284900834424435e-09,-2.196089247952226486e-10,-4.982136684651174152e-09,-2.217266301118847593e-10,-5.372113099761783282e-12,1.240340778535932957e-12,-5.372113099761783282e-12,1.240340778535932957e-12,-5.372113099761783282e-12,1.240340778535932957e-12,-5.372113099867662400e-12,1.240340778562402737e-12,-7.435480247407109809e-14,1.459256122107066765e-14,2.385512863024869673e-04,9.038596017362126363e-04,-3.043098400853937235e+00,1.178370131788301620e+02,-2.765755756042258096e+00,1.178506943857606615e+02,-2.992986730445884813e+00,1.178395820938458485e+02,-3.043098400853927465e+00,1.178370131788301478e+02,-5.364754666802503411e-04,1.273226975435057294e-04,-5.364754666802503411e-04,1.273226975435057294e-04,-5.364754666802503411e-04,1.273226975435057294e-04,-5.364754666838013200e-04,1.273226975435055126e-04
1.540092941470106114e+00,-7.448479595481624006e-22,1.356137462954492002e-22,-9.999999999976733056e-01,9.316028381021860833e-12,-4.982457010014630649e-09,-2.154401414211637444e-10,-4.983210048596642405e-09,-2.040500303446268759e-10,-4.982596944736426836e-09,-2.133821869199081789e-10,-4.982457010014630649e-09,-2.154401414211637444e-10,-5.370325166840730262e-12,1.203341174271331703e-12,-5.370325166840730262e-12,1.203341174271331703e-12,-5.370325166840730262e-12,1.203341174254788091e-12,-5.370325167052488499e-12,1.203341174297801483e-12,-7.440315221189829209e-14,1.403060201724950243e-14,2.385511592948516557e-04,9.302594787838653224e-04,-2.872889370988914060e+00,1.144971829278877493e+02,-2.611038074546767618e+00,1.145097328425265033e+02,-2.825576107440848084e+00,1.144995394467901377e+02,-2.872889370980168611e+00,1.144971829278870956e+02,-5.362966109117967527e-04,1.237170888775319835e-04,-5.362966109117967527e-04,1.237170888775319835e-04,-5.362966109117967527e-04,1.237170888775319835e-04,-5.362966109117950179e-04,1.237170888775315769e-04
1.585075886269421863e+00,-7.453779943029118800e-22,1.299699325216217230e-22,-9.999999999976769693e-01,9.588130371551652122e-12,-4.982759434441277890e-09,-2.093313335171931300e-10,-4.983470385379155931e-09,-1.982628609897840732e-10,-4.982891549571745460e-09,-2.073314540884663160e-10,-4.982759434441277890e-09,-2.093313369866400819e-10,-5.368637180313442342e-12,1.167334118622643458e-12,-5.368637180313442342e-12,1.167334118622643458e-12,-5.368637180313442342e-12,1.167334118622643458e-12,-5.368637180313442342e-12,1.167334118601136762e-12,-7.445714598004474903e-14,1.348019008164956518e-14,2.385510253576153539e-04,9.574304421029380258e-04,-2.712192344236118657e+00,1.112517806814817760e+02,-2.464968517757792466e+00,1.112632927999396628e+02,-2.667521475292214728e+00,1.112539423557800404e+02,-2.712192344236121322e+00,1.112517806814817618e+02,-5.361277509147395265e-04,1.202135390863749687e-04,-5.361277509147395265e-04,1.202135390863749687e-04,-5.361277509147395265e-04,1.202135390863749687e-04,-5.361277509111884391e-04,1.202135390863753888e-04
1.631372690296536421e+00,-7.459656681657774642e-22,1.244324742815870169e-22,-9.999999999976805221e-01,9.868179901971908113e-12,-4.983044956914997603e-09,-2.033952103963621028e-10,-4.983716169241168836e-09,-1.926393697337935862e-10,-4.983169688845510981e-09,-2.014517823389905260e-10,-4.983044956806577386e-09,-2.033952069269151508e-10,-5.367043562997357445e-12,1.132290170557653899e-12,-5.367043562997357445e-12,1.132290170557653899e-12,-5.367043562785599208e-12,1.132290170554345177e-12,-5.367043562997357445e-12,1.132290170554345177e-12,-7.451696313099136789e-14,1.294087313381700626e-14,2.385508833548811297e-04,9.853950132903469255e-04,-2.560476364863422116e+00,1.080981558496869752e+02,-2.327064150755182137e+00,1.081087159470974939e+02,-2.518300546072334889e+00,1.081001387817063346e+02,-2.560476364863476739e+00,1.080981558496879416e+02,-5.359683286895412443e-04,1.168091846012091553e-04,-5.359683286895412443e-04,1.168091846012091553e-04,-5.359683286895429791e-04,1.168091846012091553e-04,-5.359683286895411359e-04,1.168091846012091689e-04
1.679021728675136549e+00,-7.466129315953473122e-22,1.189967612534293286e-22,-9.999999999976847409e-01,1.015640909996775795e-11,-4.983314520583259633e-09,-1.976269183023848797e-10,-4.983948213388520593e-09,-1.871749734372318841e-10,-4.983432281798535340e-09,-1.957383803652401610e-10,-4.983314520800100067e-09,-1.976269148329379277e-10,-5.365539046241664530e-12,1.098180651876727047e-12,-5.365539046241664530e-12,1.098180651876727047e-12,-5.365539046241664530e-12,1.098180651876727047e-12,-5.365539046347543649e-12,1.098180651876727047e-12,-7.458280217875850309e-14,1.241220742661246824e-14,2.385507337499311736e-04,1.014176371979869746e-03,-2.417240047955404147e+00,1.050337306538563098e+02,-2.196868956774255199e+00,1.050434174211864615e+02,-2.377420124373326615e+00,1.050355496162321600e+02,-2.417240047948001624e+00,1.050337306538548319e+02,-5.358178172556736811e-04,1.135012405340423059e-04,-5.358178172556736811e-04,1.135012405340423059e-04,-5.358178172556736811e-04,1.135012405340423059e-04,-5.358178172556736811e-04,1.135012405340423059e-04
1.728062497387283347e+00,-7.473219333501196327e-22,1.136582572003652615e-22,-9.999999999976885157e-01,1.045305688812263366e-11,-4.983569017473401391e-09,-1.920217491957476597e-10,-4.984167284894248234e-09,-1.818651791662961870e-10,-4.983680196822548591e-09,-1.901865574749361798e-10,-4.983569017473401391e-09,-1.920217491957476597e-10,-5.364118656904172031e-12,1.064977631072029968e-12,-5.364118656904172031e-12,1.064977631072029968e-12,-5.364118657010051149e-12,1.064977631382222698e-12,-5.364118657115930268e-12,1.064977631072029968e-12,-7.465488174830145232e-14,1.189375748934652407e-14,2.385505712625152902e-04,1.043798375608066429e-03,-2.282009939782652541e+00,1.020559982590269499e+02,-2.073952342336534915e+00,1.020648838874736839e+02,-2.244414493669423916e+00,1.020576668043776323e+02,-2.282009939779164220e+00,1.020559982590262251e+02,-5.356757190408747982e-04,1.102869991306370514e-04,-5.356757190408747982e-04,1.102869991306370514e-04,-5.356757190444301139e-04,1.102869991590555083e-04,-5.356757190408731719e-04,1.102869991306370514e-04
1.778535646011378146e+00,-7.480950265035670869e-22,1.084124994561352948e-22,-9.999999999976930676e-01,1.075836913977233243e-11,-4.983809288384207642e-09,-1.865751025897921522e-10,-4.984374108818554611e-09,-1.767056327650617931e-10,-4.983914253357552698e-09,-1.847917513453367633e-10,-4.983809288275787425e-09,-1.865751095286860561e-10,-5.362777699140099487e-12,1.032653898927359071e-12,-5.362777699140099487e-12,1.032653898927359071e-12,-5.362777699140099487e-12,1.032653898927359071e-12,-5.362777699245978606e-12,1.032653898615511980e-12,-7.473344103217779369e-14,1.138509613232554958e-14,2.385504066265888706e-04,1.074285576469896902e-03,-2.154338968264986054e+00,9.916252094297911412e+01,-1.957907724671476446e+00,9.917067166025398706e+01,-2.118843891512641964e+00,9.916405150453192618e+01,-2.154338968261757525e+00,9.916252094298010888e+01,-5.355415642247709097e-04,1.071638273841211264e-04,-5.355415642247709097e-04,1.071638273841211264e-04,-5.355415642247709097e-04,1.071638273841211264e-04,-5.355415642212155939e-04,1.071638273557029135e-04
1.830483011416336847e+00,-7.489347755438849352e-22,1.032550838287945070e-22,-9.999999999976976195e-01,1.107259893142083489e-11,-4.984036127710610165e-09,-1.812825306535259529e-10,-4.984569369021960017e-09,-1.716921015082473190e-10,-4.984135225090217947e-09,-1.795495731260476902e-10,-4.984036127710610165e-09,-1.812825271840790009e-10,-5.361511737249660366e-12,1.001182947816290911e-12,-5.361511737249660366e-12,1.001182947816290911e-12,-5.361511737249660366e-12,1.001182947816290911e-12,-5.361511737461418603e-12,1.001182947816290911e-12,-7.481874071618690165e-14,1.088580302252581720e-14,2.385502255892839318e-04,1.105663245671259596e-03,-2.033804978755896276e+00,9.635092830225764260e+01,-1.848351197238535137e+00,9.635840486467971289e+01,-2.000293068589568346e+00,9.635233228621392243e+01,-2.033804978762051352e+00,9.635092830225735838e+01,-5.354149091318747156e-04,1.041291650539842930e-04,-5.354149091318747156e-04,1.041291650539842930e-04,-5.354149091318747156e-04,1.041291650539842930e-04,-5.354149091318729809e-04,1.041291650539842930e-04
1.883947652439902365e+00,-7.498439669250056445e-22,9.818167558313549092e-23,-9.999999999977026155e-01,1.139600673586381712e-11,-4.984250285720512319e-09,-1.761396653532365519e-10,-4.984753711743169363e-09,-1.668204532845329879e-10,-4.984343843640170330e-09,-1.744556998861668262e-10,-4.984250285720512319e-09,-1.761396688226835039e-10,-5.360316584137238152e-12,9.705389552743752286e-13,-5.360316584137238152e-12,9.705389552743752286e-13,-5.360316584137238152e-12,9.705389552743752286e-13,-5.360316584348996389e-12,9.705389552760295898e-13,-7.491106381658649847e-14,1.039546582918425555e-14,2.385500388555825135e-04,1.137957392557723078e-03,-1.920009350424481953e+00,9.361891549529424594e+01,-1.744920268849521783e+00,9.362577363937653274e+01,-1.888369927258959802e+00,9.362020336556665256e+01,-1.920009350430298634e+00,9.361891549529401857e+01,-5.352953348311771924e-04,1.011805230989073741e-04,-5.352953348311771924e-04,1.011805230989073741e-04,-5.352953348311771924e-04,1.011805230989073741e-04,-5.352953348311754577e-04,1.011805230989073470e-04
1.938973885579838852e+00,-7.508256164621698747e-22,9.318799438453842077e-23,-9.999999999977077225e-01,1.172886060684183310e-11,-4.984452470777403499e-09,-1.711423433525816051e-10,-4.984927747008534998e-09,-1.620867086382649092e-10,-4.984540798234730896e-09,-1.695059648199048752e-10,-4.984452470777403499e-09,-1.711423364136877012e-10,-5.359188286700068010e-12,9.406967611846664729e-13,-5.359188286700068010e-12,9.406967611846664729e-13,-5.359188286700068010e-12,9.406967612276798648e-13,-5.359188286700068010e-12,9.406967611846664729e-13,-7.501071665127779298e-14,9.913678805649248318e-15,2.385498365317685610e-04,1.171194784555864253e-03,-1.812575688884608072e+00,9.096424152276716768e+01,-1.647272672535103011e+00,9.097053237956349392e+01,-1.782704235119794811e+00,9.096542287874908084e+01,-1.812575688884614955e+00,9.096424152276718189e+01,-5.351824457757878512e-04,9.831548146646432260e-05,-5.351824457757878512e-04,9.831548146646432260e-05,-5.351824457757878512e-04,9.831548146646388892e-05,-5.351824457757869838e-04,9.831548146646430905e-05
1.995607321727592032e+00,-7.518829802773715387e-22,8.826981276439007205e-23,-9.999999999977133847e-01,1.207143645093789082e-11,-4.984643351779814019e-09,-1.662864047846657201e-10,-4.985092050637830730e-09,-1.574869644416221348e-10,-4.984726741292556940e-09,-1.646963052048810994e-10,-4.984643351834024128e-09,-1.662864047846657201e-10,-5.358123111216918442e-12,9.116318512961500970e-13,-5.358123111216918442e-12,9.116318512961500970e-13,-5.358123111216918442e-12,9.116318514194000083e-13,-5.358123111322797560e-12,9.116318512862239297e-13,-7.511802979068282776e-14,9.440042699526127077e-15,2.385496253284307561e-04,1.205402972191574155e-03,-1.711148591008356146e+00,8.838472754514320684e+01,-1.555085240232945587e+00,8.839049802046328352e+01,-1.682946409551257183e+00,8.838581119306674339e+01,-1.711148591010973830e+00,8.838472754514374685e+01,-5.350758684719513457e-04,9.553168751273754047e-05,-5.350758684719513457e-04,9.553168751273754047e-05,-5.350758684719513457e-04,9.553168752694718901e-05,-5.350758684701749889e-04,9.553168751273796060e-05
2.053894903974864405e+00,-7.530195655475876359e-22,8.342295695824853352e-23,-9.999999999977191578e-01,1.242401823510052433e-11,-4.984823560383929569e-09,-1.615678910105167176e-10,-4.985247166521076384e-09,-1.530174320585331316e-10,-4.984902287447860042e-09,-1.600227624021233197e-10,-4.984823560438139678e-09,-1.615678875410697657e-10,-5.357117534136607989e-12,8.833203366087473317e-13,-5.357117534136607989e-12,8.833203366087473317e-13,-5.357117533924849752e-12,8.833203366219822215e-13,-5.357117533924849752e-12,8.833203366037842480e-13,-7.523335926475191148e-14,8.974164943513931762e-15,2.385494020941004295e-04,1.240610310781707073e-03,-1.615392477914380009e+00,8.587825523730400334e+01,-1.468052839808823729e+00,8.588354836057276032e+01,-1.588766369543044510e+00,8.587924925571786616e+01,-1.615392477914358027e+00,8.587825523730337807e+01,-5.349752502517483941e-04,9.282685404978530141e-05,-5.349752502517483941e-04,9.282685404978530141e-05,-5.349752502481974151e-04,9.282685404978551825e-05,-5.349752502517501288e-04,9.282685404978550470e-05
2.113884946524442920e+00,-7.542391421404766045e-22,7.864329069721679525e-23,-9.999999999977250420e-01,1.278689820348422827e-11,-4.984993692684104583e-09,-1.569829266578892657e-10,-4.985393608299051177e-09,-1.486744477530166364e-10,-4.985068017887214764e-09,-1.554814992033026755e-10,-4.984993692684104583e-09,-1.569829301273362177e-10,-5.356168226196137468e-12,8.557389358767908687e-13,-5.356168226196137468e-12,8.557389358767908687e-13,-5.356168226513774824e-12,8.557389359983864188e-13,-5.356168226407895705e-12,8.557389359934233351e-13,-7.535708756881013191e-14,8.515658106305665336e-15,2.385491619044666223e-04,1.276845983234238579e-03,-1.524990492385955632e+00,8.344276518009685617e+01,-1.385887370920155126e+00,8.344762042445802308e+01,-1.499852450768850654e+00,8.344367697994634625e+01,-1.524990492390578600e+00,8.344276518009699828e+01,-5.348802581450048856e-04,9.019875765876528219e-05,-5.348802581450048856e-04,9.019875765876528219e-05,-5.348802581485567319e-04,9.019875767297429376e-05,-5.348802581467795077e-04,9.019875767297451060e-05
2.175627174737531089e+00,-7.555457539542538336e-22,7.392672926569059868e-23,-9.999999999977317033e-01,1.316037715442923157e-11,-4.985154311706527230e-09,-1.525277265601587828e-10,-4.985531860501705992e-09,-1.444544137085834734e-10,-4.985224480891659732e-09,-1.510687790140519127e-10,-4.985154311706527230e-09,-1.525277265601587828e-10,-5.355272047020854934e-12,8.288649574515832350e-13,-5.355272047020854934e-12,8.288649574515832350e-13,-5.355272047232613171e-12,8.288649574300765391e-13,-5.355272047444371408e-12,8.288649574300765391e-13,-7.548962513760156311e-14,8.064141416179595411e-15,2.385489088745987307e-04,1.314140025490357104e-03,-1.439643457367586699e+00,8.107625528854991614e+01,-1.308316816498694024e+00,8.108070886455998050e+01,-1.415910380885302633e+00,8.107709166830036907e+01,-1.439643457369757629e+00,8.107625528854956087e+01,-5.347905777486085515e-04,8.764523697845567657e-05,-5.347905777486085515e-04,8.764523697845567657e-05,-5.347905777486068168e-04,8.764523697845589341e-05,-5.347905777539359957e-04,8.764523697845526999e-05
2.239172766350781885e+00,-7.569437353851630602e-22,6.926921616216899850e-23,-9.999999999977388088e-01,1.354476465306676727e-11,-4.985305949252363117e-09,-1.481986408591318138e-10,-4.985662381204458704e-09,-1.403538743560694968e-10,-4.985372194764043502e-09,-1.467809693234123358e-10,-4.985305949252363117e-09,-1.481986408591318138e-10,-5.354426029030829681e-12,8.026762830202667204e-13,-5.354426029030829681e-12,8.026762830202667204e-13,-5.354426028924950563e-12,8.026762827708717658e-13,-5.354426029136708800e-12,8.026762825897192116e-13,-7.563141159378637631e-14,7.619238523607986106e-15,2.385486405900409668e-04,1.352523349880573088e-03,-1.359068891972458504e+00,7.877677927645123646e+01,-1.235084346854480764e+00,7.878086440155577463e+01,-1.336662311387554869e+00,7.877754647267441612e+01,-1.359068891974526183e+00,7.877677927645143541e+01,-5.347059122086297162e-04,8.516419114817350188e-05,-5.347059122086297162e-04,8.516419114817350188e-05,-5.347059122050744004e-04,8.516419111975461137e-05,-5.347059122068507572e-04,8.516419110554520678e-05
2.304574393897195428e+00,-7.584377207938072312e-22,6.466673095704853585e-23,-9.999999999977458032e-01,1.394037930575774738e-11,-4.985449107036167560e-09,-1.439921046980652264e-10,-4.985785602245034615e-09,-1.363694365763556959e-10,-4.985511648262705431e-09,-1.426145451732807601e-10,-4.985449107090377668e-09,-1.439921064327887024e-10,-5.353627372041017205e-12,7.771513479429130369e-13,-5.353627372041017205e-12,7.771513479429130369e-13,-5.353627372041017205e-12,7.771513479429130369e-13,-5.353627372358654561e-12,7.771513479644197328e-13,-7.578291716252802008e-14,7.180578415950796604e-15,2.385483589068902038e-04,1.392027771837477720e-03,-1.283000082047496715e+00,7.654244515695438622e+01,-1.165947473453557093e+00,7.654619230272469110e+01,-1.261845903228324905e+00,7.654314889072675498e+01,-1.283000082049429835e+00,7.654244515695407358e+01,-5.346259812425782371e-04,8.275357793836254385e-05,-5.346259812425782371e-04,8.275357793836254385e-05,-5.346259812425782371e-04,8.275357793836254385e-05,-5.346259812443519919e-04,8.275357793836232701e-05
2.371886268366043105e+00,-7.600326658043929452e-22,6.011528184774844520e-23,-9.999999999977536858e-01,1.434754906163649216e-11,-4.985584259315075858e-09,-1.399046573036244467e-10,-4.985901931933971881e-09,-1.324978321504133305e-10,-4.985643303013825509e-09,-1.385660770153451793e-10,-4.985584259260865750e-09,-1.399046555689009708e-10,-5.352873431614556179e-12,7.522691273095669132e-13,-5.352873431614556179e-12,7.522691273095669132e-13,-5.352873431614556179e-12,7.522691273095669132e-13,-5.352873431720435297e-12,7.522691273310736092e-13,-7.594464436068876335e-14,6.747794799413570136e-15,2.385480589174437255e-04,1.432686037204561769e-03,-1.211185202191419341e+00,7.437141377877676973e+01,-1.100677249641343280e+00,7.437485089775542235e+01,-1.191213462978885751e+00,7.437205929827116790e+01,-1.211185202189585253e+00,7.437141377877684079e+01,-5.345505202285637421e-04,8.041141247267828631e-05,-5.345505202285637421e-04,8.041141247267828631e-05,-5.345505202285637421e-04,8.041141247267828631e-05,-5.345505202267864095e-04,8.041141247267827275e-05
2.441164184138008508e+00,-7.617338583487831248e-22,5.561089838023620858e-23,-9.999999999977620124e-01,1.476661139387578075e-11,-4.985711853132748783e-09,-1.359329281080956520e-10,-4.986011755379882171e-09,-1.287358639828761753e-10,-4.985767594975097292e-09,-1.346322307110847660e-10,-4.985711853186958892e-09,-1.359329246386487000e-10,-5.352161711757109279e-12,7.280091164063759297e-13,-5.352161711757109279e-12,7.280091164063759297e-13,-5.352161711757109279e-12,7.280091164063759297e-13,-5.352161711862988397e-12,7.280091163865235950e-13,-7.611712954683787558e-14,6.320525493657269006e-15,2.385477406460796007e-04,1.474531846498171534e-03,-1.143386486474346375e+00,7.226189739759638542e+01,-1.039057515810863697e+00,7.226505013141209588e+01,-1.124531126975182982e+00,7.226248951713868962e+01,-1.143386486474359476e+00,7.226189739759681174e+01,-5.344792792888970528e-04,7.813576534971128351e-05,-5.344792792888970528e-04,7.813576534971128351e-05,-5.344792792888970528e-04,7.813576534971128351e-05,-5.344792792906725423e-04,7.813576534971151391e-05
2.512465565232792297e+00,-7.635469397685262319e-22,5.114962586537146080e-23,-9.999999999977706722e-01,1.519791367746354573e-11,-4.985832311409348766e-09,-1.320736384841092459e-10,-4.986115436359699407e-09,-1.250804130409344239e-10,-4.985884935655455347e-09,-1.308097640623229196e-10,-4.985832311382243712e-09,-1.320736419535561978e-10,-5.351489855599500772e-12,7.043513175435664436e-13,-5.351489855599500772e-12,7.043513175435664436e-13,-5.351489855599500772e-12,7.043513175452208048e-13,-5.351489855811259009e-12,7.043513175204053864e-13,-7.630094479862919407e-14,5.898412061694675919e-15,2.385474034572836188e-04,1.517599885844656644e-03,-1.079379445087921718e+00,7.021215828212822885e+01,-9.808841863939612438e-01,7.021505015243700143e+01,-1.061578090682949060e+00,7.021270141804527043e+01,-1.079379445089549749e+00,7.021215828212800147e+01,-5.344120225358200580e-04,7.592476142210467490e-05,-5.344120225358200580e-04,7.592476142210467490e-05,-5.344120225358200580e-04,7.592476142210445806e-05,-5.344120225358183233e-04,7.592476142210490529e-05
2.585849512907512526e+00,-7.654779218739733425e-22,4.672752824468974668e-23,-9.999999999977799980e-01,1.564181340096110987e-11,-4.985946032724699467e-09,-1.283236242960450468e-10,-4.986213318321566779e-09,-1.215284886613154924e-10,-4.985995713904008836e-09,-1.270955198723333623e-10,-4.985946032670489358e-09,-1.283236242960450468e-10,-5.350855637774419983e-12,6.812762228624945576e-13,-5.350855637774419983e-12,6.812762228624945576e-13,-5.350855637880299102e-12,6.812762228608401963e-13,-5.350855637880299102e-12,6.812762228757294474e-13,-7.649669972769079745e-14,5.481100207839374493e-15,2.385470468220744072e-04,1.561925853835048703e-03,-1.018952124538277992e+00,6.822050735440636515e+01,-9.259645765705014631e-01,6.822315993807271184e+01,-1.002145880866099681e+00,6.822100555790810006e+01,-1.018952124542897408e+00,6.822050735440599567e+01,-5.343485272304504064e-04,7.377657820735704093e-05,-5.343485272304504064e-04,7.377657820735704093e-05,-5.343485272304504064e-04,7.377657820735704093e-05,-5.343485272286749169e-04,7.377657820735747461e-05
2.661376854645357781e+00,-7.675332071588388437e-22,4.234067656563773387e-23,-9.999999999977895460e-01,1.609867853242141940e-11,-4.986053393784845716e-09,-1.246797838583280083e-10,-4.986305725469038913e-09,-1.180771487530041242e-10,-4.986100296235302168e-09,-1.234864519666922789e-10,-4.986053393784845716e-09,-1.246797838583280083e-10,-5.350256958063674196e-12,6.587647985240887105e-13,-5.350256958063674196e-12,6.587647985240887105e-13,-5.350256958063674196e-12,6.587647985240887105e-13,-5.350256958381311551e-12,6.587647985340148778e-13,-7.670504354214046506e-14,5.068238858730829204e-15,2.385466683475084837e-04,1.607546492308526689e-03,-9.619044088413196691e-01,6.628530286373731428e+01,-8.741167663518331077e-01,6.628773595354869030e+01,-9.460376681365839646e-01,6.628575985108561497e+01,-9.619044088413118976e-01,6.628530286373697322e+01,-5.342885830824301626e-04,7.168944438682238170e-05,-5.342885830824301626e-04,7.168944438682238170e-05,-5.342885830824301626e-04,7.168944438682238170e-05,-5.342885830859794068e-04,7.168944438682208354e-05
2.739110194575097523e+00,-7.697196107896981660e-22,3.798514271998977763e-23,-9.999999999978000931e-01,1.656888773622947845e-11,-4.986154750153889981e-09,-1.211391160993446903e-10,-4.986392963926599212e-09,-1.147235431653292892e-10,-4.986199029350085049e-09,-1.199795644779566572e-10,-4.986154750126784926e-09,-1.211391178340681662e-10,-5.349691833563133888e-12,6.367984710086707821e-13,-5.349691833563133888e-12,6.367984710086707821e-13,-5.349691833563133888e-12,6.367984710086707821e-13,-5.349691833669013006e-12,6.367984710094979627e-13,-7.692666721492895975e-14,4.659479689331123055e-15,2.385462681636328630e-04,1.654499615472185617e-03,-9.080473595757350136e-01,6.440494909376499777e+01,-8.251690000481345377e-01,6.440718084587513204e+01,-8.930676177209593281e-01,6.440536827395324337e+01,-9.080473595771129114e-01,6.440494909376498356e+01,-5.342319915500916283e-04,6.966163855481682064e-05,-5.342319915500916283e-04,6.966163855481682064e-05,-5.342319915500916283e-04,6.966163855481682064e-05,-5.342319915509789394e-04,6.966163855481661735e-05
2.819113965363242880e+00,-7.720443812149789326e-22,3.365699769356278738e-23,-9.999999999978113063e-01,1.705283079323069093e-11,-4.986250437473719807e-09,-1.176986945405911200e-10,-4.986475322688336750e-09,-1.114649102185172325e-10,-4.986292240053997321e-09,-1.165719777651563760e-10,-4.986250437473719807e-09,-1.176986945405911200e-10,-5.349158392329985627e-12,6.153591106960073434e-13,-5.349158392329985627e-12,6.153591106960073434e-13,-5.349158392435864745e-12,6.153591107692128276e-13,-5.349158392541743863e-12,6.153591107692128276e-13,-7.716230572288390283e-14,4.254477172638641295e-15,2.385458451154096743e-04,1.702824143185060080e-03,-8.572025925766454391e-01,6.257789510208414896e+01,-7.789591191262977832e-01,6.257994217128182868e+01,-8.430602762722314569e-01,6.257827960223374930e+01,-8.572025925753498088e-01,6.257789510208419159e+01,-5.341785651853809798e-04,6.769148768445449205e-05,-5.341785651853809798e-04,6.769148768445449205e-05,-5.341785651853818472e-04,6.769148769155932310e-05,-5.341785651853801125e-04,6.769148769155932310e-05
2.901454481621869252e+00,-7.745152271834469634e-22,2.935230568057431665e-23,-9.999999999978226306e-01,1.755090882434755858e-11,-4.986340772765050430e-09,-1.143556933175249313e-10,-4.986553074593728235e-09,-1.082985541522862860e-10,-4.986380237263342979e-09,-1.132608746373664488e-10,-4.986340772792155485e-09,-1.143556915828014553e-10,-5.348654867771138795e-12,5.944290189732862200e-13,-5.348654867771138795e-12,5.944290189732862200e-13,-5.348654867771138795e-12,5.944290189732862200e-13,-5.348654867771138795e-12,5.944290189385446343e-13,-7.741274053448328472e-14,3.852888206958336651e-15,2.385453938540532670e-04,1.752560130672609897e-03,-8.092016892836390030e-01,6.080263349183220356e+01,-7.353340266561808614e-01,6.080451115563825937e+01,-7.958499928379766386e-01,6.080298618048220760e+01,-8.092016892811847439e-01,6.080263349183213961e+01,-5.341281269984240717e-04,6.577736597172197965e-05,-5.341281269984240717e-04,6.577736597172197965e-05,-5.341281269984240717e-04,6.577736597172197965e-05,-5.341281269984222285e-04,6.577736597172252175e-05
2.986199994876373776e+00,-7.771403403253496865e-22,2.506711508569786290e-23,-9.999999999978349541e-01,1.806353468190890262e-11,-4.986426055376101674e-09,-1.111073420767549891e-10,-4.986626477384735120e-09,-1.052218590036346768e-10,-4.986463312303245771e-09,-1.100435263745591641e-10,-4.986426055321891565e-09,-1.111073438114784651e-10,-5.348179591337566422e-12,5.739909128135747417e-13,-5.348179591337566422e-12,5.739909128135747417e-13,-5.348179591231687303e-12,5.739909127937224070e-13,-5.348179591549324658e-12,5.739909128028213938e-13,-7.767880217797102567e-14,3.454371492827988928e-15,2.385449201074123921e-04,1.803748804072009696e-03,-7.638856408293451805e-01,5.907769921464185359e+01,-6.941491815443288083e-01,5.907942148715673625e+01,-7.512803719492923138e-01,5.907802272312846270e+01,-7.638856408270361387e-01,5.907769921464207385e+01,-5.340805099037709358e-04,6.391769339874691324e-05,-5.340805099037709358e-04,6.391769339874691324e-05,-5.340805099037709358e-04,6.391769339874713008e-05,-5.340805099037692011e-04,6.391769339874703521e-05
3.073420750138726287e+00,-7.799284238472315657e-22,2.079745678610368574e-23,-9.999999999978480547e-01,1.859113327829864729e-11,-4.986506567714434415e-09,-1.079509641399578612e-10,-4.986695774112379423e-09,-1.022322834026700988e-10,-4.986541740588162561e-09,-1.069172701761988975e-10,-4.986506567687329361e-09,-1.079509606705109093e-10,-5.347730988395019559e-12,5.540279121331912604e-13,-5.347730988395019559e-12,5.540279121331912604e-13,-5.347730988289140441e-12,5.540279120215218777e-13,-5.347730988289140441e-12,5.540279121563523176e-13,-7.796137299492808074e-14,3.058587589264361083e-15,2.385444141023360110e-04,1.856432593011914187e-03,-7.211043230162992312e-01,5.740166840437668583e+01,-6.552681209284410002e-01,5.740324814071788495e+01,-7.092037572013161206e-01,5.740196514643581338e+01,-7.211043230173971308e-01,5.740166840437689189e+01,-5.340355561446963545e-04,6.211093457960160133e-05,-5.340355561446963545e-04,6.211093457960160133e-05,-5.340355561464709766e-04,6.211093456539162753e-05,-5.340355561446954872e-04,6.211093457960138449e-05
3.163189044133108752e+00,-7.828887213253571415e-22,1.653933322299160185e-23,-9.999999999978620435e-01,1.913414193832152586e-11,-4.986582576466678032e-09,-1.048839539524726305e-10,-4.986761194464891384e-09,-9.932735883788623710e-11,-4.986615781865828823e-09,-1.038795351820942514e-10,-4.986582576493783087e-09,-1.048839504830256786e-10,-5.347307572824192251e-12,5.345235249438131547e-13,-5.347307572824192251e-12,5.345235249438131547e-13,-5.347307572930071369e-12,5.345235249338869873e-13,-5.347307572824192251e-12,5.345235249438131547e-13,-7.826139013039787602e-14,2.665198133772402999e-15,2.385438803634894883e-04,1.910655167449534309e-03,-6.807160005706951456e-01,5.577315724102040662e+01,-6.185620092045264196e-01,5.577460623313999122e+01,-6.694807435476035629e-01,5.577342943077667314e+01,-6.807160005706952566e-01,5.577315724102037819e+01,-5.339931167884574533e-04,6.035559743060010216e-05,-5.339931167884574533e-04,6.035559743060010216e-05,-5.339931167875692749e-04,6.035559743060031222e-05,-5.339931167884574533e-04,6.035559743060010216e-05
3.255579285222205854e+00,-7.860310475698939475e-22,1.228871560359996184e-23,-9.999999999978764764e-01,1.969301075834505033e-11,-4.986654333574312356e-09,-1.019037718791304670e-10,-4.986822955269152972e-09,-9.650468618671581567e-11,-4.986685681464091136e-09,-1.009277973695876796e-10,-4.986654333547207302e-09,-1.019037718791304670e-10,-5.346907941409128251e-12,5.154616351825820676e-13,-5.346907941409128251e-12,5.154616351825820676e-13,-5.346907941409128251e-12,5.154616351767918033e-13,-5.346907941515007369e-12,5.154616352959058115e-13,-7.857984847531404648e-14,2.273865876787825803e-15,2.385433129298182575e-04,1.966461471329711014e-03,-6.425868589092234018e-01,5.419082084411849820e+01,-5.839092121263420587e-01,5.419214990869733839e+01,-6.319797167331193677e-01,5.419107051258725249e+01,-6.425868589101998429e-01,5.419082084411859768e+01,-5.339530512042476446e-04,5.865023206120286418e-05,-5.339530512042476446e-04,5.865023206120286418e-05,-5.339530512051358230e-04,5.865023206120275576e-05,-5.339530512060238930e-04,5.865023207541241108e-05
3.350668055083819485e+00,-7.893658191932725875e-22,8.041531649209716025e-24,-9.999999999978919085e-01,2.026820298407620586e-11,-4.986722076762216231e-09,-9.900797195983024324e-11,-4.986881261087009083e-09,-9.376193051136016976e-11,-4.986751671036296178e-09,-9.805963506470671831e-11,-4.986722076708006123e-09,-9.900797022510676726e-11,-5.346530770554968357e-12,4.968264899098295663e-13,-5.346530770554968357e-12,4.968264899098295663e-13,-5.346530770554968357e-12,4.968264899181013724e-13,-5.346530770660847475e-12,4.968264899189285530e-13,-7.891780415729660270e-14,1.884253806517767500e-15,2.385427160320890971e-04,2.023897762574712340e-03,-6.065905620536269360e-01,5.265335219515159082e+01,-5.511948946966694907e-01,5.265457125423362328e+01,-5.965764184123423242e-01,5.265358120537619868e+01,-6.065905620527112241e-01,5.265335219515163345e+01,-5.339152266461341927e-04,5.699342965037259992e-05,-5.339152266461341927e-04,5.699342965037259992e-05,-5.339152266461341927e-04,5.699342965037281676e-05,-5.339152266461333254e-04,5.699342965037280321e-05
3.448534172188929325e+00,-7.929040920810797341e-22,3.793666852391482073e-24,-9.999999999979084508e-01,2.086019538495001348e-11,-4.986786030487344416e-09,-9.619414292894035157e-11,-4.986936305272364651e-09,-9.109682626295967367e-11,-4.986813969225364560e-09,-9.527266475739537555e-11,-4.986786030514449471e-09,-9.619414119421687559e-11,-5.346174809829324184e-12,4.786026848383795059e-13,-5.346174809829324184e-12,4.786026848383795059e-13,-5.346174809829324184e-12,4.786026849082762677e-13,-5.346174809829324184e-12,4.786026849173752544e-13,-7.927637795152283106e-14,1.496025628082716536e-15,2.385420811003603758e-04,2.083011649713925519e-03,-5.726078350938923478e-01,5.115948108822227880e+01,-5.203106414166142057e-01,5.116059924318487617e+01,-5.631535354360277523e-01,5.115969114916167371e+01,-5.726078350938931250e-01,5.115948108822225748e+01,-5.338795177718280325e-04,5.538382110010332338e-05,-5.338795177718280325e-04,5.538382110010332338e-05,-5.338795177718280325e-04,5.538382110720836449e-05,-5.338795177727154520e-04,5.538382110720815443e-05
3.549258757133817888e+00,-7.966575951158618265e-22,-4.590536174914684438e-25,-9.999999999979256593e-01,2.146947864884688351e-11,-4.986846406697669105e-09,-9.345997066534383890e-11,-4.986988270160920035e-09,-8.850717034269983685e-11,-4.986872782354969703e-09,-9.256458793904798199e-11,-4.986846406697669105e-09,-9.345997066534383890e-11,-5.345838879950574917e-12,4.607751540897433239e-13,-5.345838879950574917e-12,4.607751540897433239e-13,-5.345838879950574917e-12,4.607751540897433239e-13,-5.345838880056454035e-12,4.607751540947064076e-13,-7.965675897706044992e-14,1.108844384962565481e-15,2.385414092309391665e-04,2.143852131733244015e-03,-5.405260699721373685e-01,4.970797310844122308e+01,-4.911540977389054485e-01,4.970899870785329711e+01,-5.316003120833485696e-01,4.970816578770975269e+01,-5.405260699721379236e-01,4.970797310844122308e+01,-5.338458062482615354e-04,5.382007619572983669e-05,-5.338458062482615354e-04,5.382007619572983669e-05,-5.338458062482615354e-04,5.382007619572983669e-05,-5.338458062482589334e-04,5.382007619572962663e-05
3.652925299880411814e+00,-8.006387725783987261e-22,-4.720864137748256502e-24,-9.999999999979440890e-01,2.209655781746755043e-11,-4.986903405455596176e-09,-9.080319308962803149e-11,-4.987037328005295388e-09,-8.599081689764087599e-11,-4.986928305581502657e-09,-8.993316855110400354e-11,-4.986903405414938595e-09,-9.080319482435150746e-11,-5.345521867599790510e-12,4.433291567338235219e-13,-5.345521867599790510e-12,4.433291567338235219e-13,-5.345521867811548746e-12,4.433291567387866056e-13,-5.345521868023306983e-12,4.433291567255517158e-13,-8.006020870902658073e-14,7.223729590107577766e-16,2.385406972574190959e-04,2.206469639326046495e-03,-5.102389531965275671e-01,4.829762863739740197e+01,-4.636286315146923576e-01,4.829856933926810569e+01,-5.018121838484265185e-01,4.829780537295185638e+01,-5.102389531972992831e-01,4.829762863739728118e+01,-5.338139803601151976e-04,5.230090237464576062e-05,-5.338139803601151976e-04,5.230090237464576062e-05,-5.338139803610016413e-04,5.230090237464555056e-05,-5.338139803583352629e-04,5.230090237464597068e-05
3.759619728960576612e+00,-8.048608208297358094e-22,-8.996073898051506810e-24,-9.999999999979636289e-01,2.274195266749789914e-11,-4.986957215574933967e-09,-8.822161751131929464e-11,-4.987083641395159000e-09,-8.354568772905857088e-11,-4.986980722717889239e-09,-8.737622951560108930e-11,-4.986957215588486494e-09,-8.822161404187234268e-11,-5.345222722456116366e-12,4.262502646810574501e-13,-5.345222722456116366e-12,4.262502646810574501e-13,-5.345222722456116366e-12,4.262502646810574501e-13,-5.345222722456116366e-12,4.262502646595507541e-13,-8.048806509437739475e-14,3.362730282563710639e-16,2.385399401755635557e-04,2.270916075174612622e-03,-4.816461143074654561e-01,4.692728188510162113e+01,-4.376430132952106034e-01,4.692814471398455112e+01,-4.736904316667360781e-01,4.692744399596199401e+01,-4.816461143081999796e-01,4.692728188510179876e+01,-5.337839346324824326e-04,5.082504368753164211e-05,-5.337839346324824326e-04,5.082504368753164211e-05,-5.337839346324824326e-04,5.082504368753164211e-05,-5.337839346324825410e-04,5.082504368753185895e-05
3.869430482701723406e+00,-8.093377350511926024e-22,-1.328907552860349867e-23,-9.999999999979846121e-01,2.340619816292455885e-11,-4.987008015515360070e-09,-8.571310154692479699e-11,-4.987127363867091025e-09,-8.116976014937993256e-11,-4.987030207493975062e-09,-8.489165793934549953e-11,-4.987008015501807542e-09,-8.571310154692479699e-11,-5.344940452432213015e-12,4.095243519116985503e-13,-5.344940452432213015e-12,4.095243519116985503e-13,-5.344940452538092133e-12,4.095243518910190350e-13,-5.344940452643971252e-12,4.095243518910190350e-13,-8.094174701478591776e-14,-4.979525624582385717e-17,2.385391417355046950e-04,2.337244858750864730e-03,-4.546527939561767484e-01,4.559579994779588930e+01,-4.131111145015913255e-01,4.559659134717264806e+01,-4.471418554237783227e-01,4.559594864388005675e+01,-4.546527939554915743e-01,4.559579994779598167e+01,-5.337555694862615484e-04,4.939127985550065953e-05,-5.337555694862615484e-04,4.939127985550065953e-05,-5.337555694853751047e-04,4.939127985550087637e-05,-5.337555694853733700e-04,4.939127985550086959e-05
3.982448582532771564e+00,-8.140843555899409622e-22,-1.760435161440160985e-23,-9.999999999980063725e-01,2.408984489210390378e-11,-4.987055973599261761e-09,-8.327558087550812616e-11,-4.987168640297606759e-09,-7.886107392107710723e-11,-4.987076923990206405e-09,-8.247739470557124974e-11,-4.987055973599261761e-09,-8.327558087550812616e-11,-5.344674122509585805e-12,3.931375824184181579e-13,-5.344674122509585805e-12,3.931375824184181579e-13,-5.344674122615464924e-12,3.931375824225540609e-13,-5.344674122615464924e-12,3.931375824225540609e-13,-8.142275900519196413e-14,-4.361733866137404869e-16,2.385382968204587811e-04,2.405510969539647811e-03,-4.291695304764852059e-01,4.430208189102751959e+01,-3.899516224074829895e-01,4.430280777136218262e+01,-4.220784656508459465e-01,4.430221828217359814e+01,-4.291695304758375573e-01,4.430208189102755512e+01,-5.337287909146097619e-04,4.799842524915432076e-05,-5.337287909146097619e-04,4.799842524915432076e-05,-5.337287909137198487e-04,4.799842524915442241e-05,-5.337287909137198487e-04,4.799842524915442918e-05
4.098767708431227952e+00,-8.191164157836974563e-22,-2.194648675001902454e-23,-9.999999999980294652e-01,2.479345953193610834e-11,-4.987101248730019948e-09,-8.090702760532586524e-11,-4.987207607485915316e-09,-7.661771217470914053e-11,-4.987121026962890863e-09,-8.013145355589834651e-11,-4.987101248716467421e-09,-8.090702934004934122e-11,-5.344422850185782817e-12,3.770763989068115387e-13,-5.344422850185782817e-12,3.770763989068115387e-13,-5.344422849868145462e-12,3.770763988853048428e-13,-5.344422849868145462e-12,3.770763988877863846e-13,-8.193269624620922340e-14,-8.232050487075542775e-16,2.385373992709102081e-04,2.475770993288138339e-03,-4.051118639300209656e-01,4.304505785739394952e+01,-3.680877710299675365e-01,4.304572364021363740e+01,-3.984171924332640113e-01,4.304518296163697499e+01,-4.051118639294098434e-01,4.304505785739397083e+01,-5.337035101538884895e-04,4.664532789077086835e-05,-5.337035101538884895e-04,4.664532789077086835e-05,-5.337035101538919590e-04,4.664532789077097677e-05,-5.337035101547801374e-04,4.664532789077086835e-05
4.218484276573916780e+00,-8.244505947157963986e-22,-2.632017894727297988e-23,-9.999999999980541121e-01,2.551762527815788426e-11,-4.987143991015425409e-09,-7.860549884608492022e-11,-4.987244394668915656e-09,-7.443781702143326129e-11,-4.987162662670901504e-09,-7.785187598752241200e-11,-4.987143991042530464e-09,-7.860549537663796826e-11,-5.344185801980383952e-12,3.613275111910878710e-13,-5.344185801980383952e-12,3.613275111910878710e-13,-5.344185801980383952e-12,3.613275111910878710e-13,-5.344185801980383952e-12,3.613275111861247874e-13,-8.247324982547252339e-14,-1.211236624544434160e-15,2.385364505969236187e-04,2.548083167366490490e-03,-3.824000566840966564e-01,4.182368819836763407e+01,-3.474470870622575203e-01,4.182429885669999692e+01,-3.760796105484197627e-01,4.182380294953081545e+01,-3.824000566846771920e-01,4.182368819836761276e+01,-5.336796434180604868e-04,4.533086849630051969e-05,-5.336796434180604868e-04,4.533086849630051969e-05,-5.336796434180604868e-04,4.533086849630051969e-05,-5.336796434180613542e-04,4.533086849630062811e-05
4.341697519255731663e+00,-8.301045725340608289e-22,-3.073025570826570991e-23,-9.999999999980799803e-01,2.626294241285455529e-11,-4.987184342106491981e-09,-7.636907599362086074e-11,-4.987279123724484495e-09,-7.231959475717530950e-11,-4.987201969092517305e-09,-7.563679543798329519e-11,-4.987184342106491981e-09,-7.636907599362086074e-11,-5.343962192693847105e-12,3.458778874712438907e-13,-5.343962192693847105e-12,3.458778874712438907e-13,-5.343962192693847105e-12,3.458778874712438907e-13,-5.343962192799726224e-12,3.458778874654536264e-13,-8.304621236567533408e-14,-1.600618040161042524e-15,2.385354432016748016e-04,2.622507431330543815e-03,-3.609588295533254776e-01,4.063696262962211136e+01,-3.279611499440491795e-01,4.063752272508870789e+01,-3.549916799335658402e-01,4.063706788428186911e+01,-3.609588295538745939e-01,4.063696262962206873e+01,-5.336571115965118607e-04,4.405395974888563017e-05,-5.336571115965118607e-04,4.405395974888563017e-05,-5.336571115965118607e-04,4.405395974888563017e-05,-5.336571115969559499e-04,4.405395974888552175e-05
4.468509567142646688e+00,-8.360970884320790460e-22,-3.518167912216545035e-23,-9.999999999981077359e-01,2.703002870087147652e-11,-4.987222435766662694e-09,-7.419591503687872347e-11,-4.987311909821997603e-09,-7.026128116816021674e-11,-4.987239076481076762e-09,-7.348436789622603271e-11,-4.987222435780215221e-09,-7.419591330215524749e-11,-5.343751280960585192e-12,3.307147408376121974e-13,-5.343751280960585192e-12,3.307147408376121974e-13,-5.343751280960585192e-12,3.307147408973759967e-13,-5.343751281066464311e-12,3.307147408359578362e-13,-8.365348395791413772e-14,-1.991702499060591641e-15,2.385343781417057635e-04,2.699105474690955634e-03,-3.407171126753334445e-01,3.948389940928474573e+01,-3.095653653799808613e-01,3.948441312612784770e+01,-3.350835006567099983e-01,3.948399595315903809e+01,-3.407171126758514745e-01,3.948389940928473152e+01,-5.336358400001263913e-04,4.281354514646039481e-05,-5.336358400001263913e-04,4.281354514646039481e-05,-5.336358400001281260e-04,4.281354515356521230e-05,-5.336358399996814347e-04,4.281354514646049645e-05
4.599025533927170173e+00,-8.424480026733932809e-22,-3.967956713363600044e-23,-9.999999999981367127e-01,2.781951999290149281e-11,-4.987258398251280533e-09,-7.208421880233739643e-11,-4.987342861625617720e-09,-6.826117882746673970e-11,-4.987274107866421398e-09,-7.139281874013470031e-11,-4.987258398264833061e-09,-7.208421966969913441e-11,-5.343552367554900255e-12,3.158255210484791711e-13,-5.343552367554900255e-12,3.158255210484791711e-13,-5.343552367554900255e-12,3.158255210484791711e-13,-5.343552367766658492e-12,3.158255210476519905e-13,-8.429707849498101151e-14,-2.384847732358507249e-15,2.385332492103181545e-04,2.777940789399346681e-03,-3.216078102864286525e-01,3.836354453855260971e+01,-2.921987514517473961e-01,3.836401571484864093e+01,-3.162890815432517488e-01,3.836363309236175922e+01,-3.216078102854559306e-01,3.836354453855267366e+01,-5.336157581194491415e-04,4.160859836219519940e-05,-5.336157581194491415e-04,4.160859836219519940e-05,-5.336157581194491415e-04,4.160859836219519940e-05,-5.336157581190033175e-04,4.160859836219530104e-05
4.733353603456411207e+00,-8.491783638418918669e-22,-4.422920257159630230e-23,-9.999999999981676879e-01,2.863207066594207137e-11,-4.987292348768374364e-09,-7.003223868873309499e-11,-4.987372081755080469e-09,-6.631763280889879653e-11,-4.987307179373380150e-09,-6.936041237887158317e-11,-4.987292348761598101e-09,-7.003223782137135700e-11,-5.343364792849884619e-12,3.011979031491137186e-13,-5.343364792849884619e-12,3.011979031491137186e-13,-5.343364792849884619e-12,3.011979031491137186e-13,-5.343364793061642856e-12,3.011979032214920222e-13,-8.497913029602857440e-14,-2.780415957293196430e-15,2.385320515502237920e-04,2.859078721377811792e-03,-3.035675786262573839e-01,3.727497098411625842e+01,-2.758037367054721467e-01,3.727540314040853531e+01,-2.985461217229759545e-01,3.727505220895805138e+01,-3.035675786253381192e-01,3.727497098411621579e+01,-5.335967993852445274e-04,4.043812227944699962e-05,-5.335967993852445274e-04,4.043812227944699962e-05,-5.335967993852445274e-04,4.043812227944699962e-05,-5.335967993852445274e-04,4.043812228655172225e-05
4.871605119404972761e+00,-8.563104753033405047e-22,-4.883605528662959362e-23,-9.999999999982005505e-01,2.946835428059286881e-11,-4.987324399871682218e-09,-6.803827640178283787e-11,-4.987399667077073700e-09,-6.442903589115589469e-11,-4.987338400635121446e-09,-6.738547046747367375e-11,-4.987324399851353427e-09,-6.803827640178283787e-11,-5.343187935440992355e-12,2.868197771938413676e-13,-5.343187935440992355e-12,2.868197771938413676e-13,-5.343187935440992355e-12,2.868197771938413676e-13,-5.343187935335113237e-12,2.868197771847423808e-13,-8.570190122307019488e-14,-3.178775071709883282e-15,2.385307875090638546e-04,2.942586525351912220e-03,-2.865366162447337550e-01,3.621727792184347550e+01,-2.603259695058756096e-01,3.621767428740650274e+01,-2.817958043738665319e-01,3.621735242412563593e+01,-2.865366162438663933e-01,3.621727792184344707e+01,-5.335789009504014616e-04,3.930114817872523952e-05,-5.335789009504014616e-04,3.930114817872523952e-05,-5.335789009504014616e-04,3.930114817872523952e-05,-5.335789009503997269e-04,3.930114817872534794e-05
5.013894677567012792e+00,-8.638679727109661997e-22,-5.350579305945061271e-23,-9.999999999982351895e-01,3.032906398085528227e-11,-4.987354657813016998e-09,-6.610068308682270910e-11,-4.987425709050826925e-09,-6.259381468004532323e-11,-4.987367875165847706e-09,-6.546635109017095999e-11,-4.987354657813016998e-09,-6.610068135209923312e-11,-5.343021209075544844e-12,2.726792399272956415e-13,-5.343021209075544844e-12,2.726792399272956415e-13,-5.343021209075544844e-12,2.726792399272956415e-13,-5.343021209075544844e-12,2.726792399306043639e-13,-8.646778819435960386e-14,-3.580298618744890421e-15,2.385294442701964973e-04,3.028533420300465791e-03,-2.704584660055633916e-01,3.518959000118896796e+01,-2.457141380348401849e-01,3.518995353812161397e+01,-2.659826019845135670e-01,3.518965833715185454e+01,-2.704584660051559397e-01,3.518959000118898217e+01,-5.335620034800417875e-04,3.819673509740474567e-05,-5.335620034800417875e-04,3.819673509740474567e-05,-5.335620034800417875e-04,3.819673509740474567e-05,-5.335620034800417875e-04,3.819673509740452883e-05
5.160340220843958825e+00,-8.718758993416737114e-22,-5.824430477369468936e-23,-9.999999999982720489e-01,3.121491320564012510e-11,-4.987383222874303395e-09,-6.421785499199916813e-11,-4.987450293965280546e-09,-6.081046170086645830e-11,-4.987395700611517088e-09,-6.360147651596204099e-11,-4.987383222874303395e-09,-6.421785065519047819e-11,-5.342864061064544004e-12,2.587645826112145746e-13,-5.342864061064544004e-12,2.587645826112145746e-13,-5.342864061170423122e-12,2.587645826021155878e-13,-5.342864061382181359e-12,2.587645825967389139e-13,-8.727933108223103314e-14,-3.985366898863690908e-15,2.385280205640001594e-04,3.116990647136800782e-03,-2.552798281601671437e-01,3.419105662979956861e+01,-2.319198003512935591e-01,3.419139005512543150e+01,-2.510540924894831827e-01,3.419111930966609947e+01,-2.552798281597814523e-01,3.419105662979954730e+01,-5.335460509576205870e-04,3.712396881953110013e-05,-5.335460509576205870e-04,3.712396881953110013e-05,-5.335460509576223217e-04,3.712396881953110013e-05,-5.335460509580646762e-04,3.712396881953099848e-05
5.311063137006624579e+00,-8.803607901097319591e-22,-6.305771679710747980e-23,-9.999999999983110177e-01,3.212663625458563564e-11,-4.987410189760601176e-09,-6.238822826409862188e-11,-4.987473503393095517e-09,-5.907749376504733974e-11,-4.987421969278392053e-09,-6.178929590205939348e-11,-4.987410189760601176e-09,-6.238822826409862188e-11,-5.342715970376848153e-12,2.450642833035368747e-13,-5.342715970376848153e-12,2.450642833035368747e-13,-5.342715970376848153e-12,2.450642833047776456e-13,-5.342715970482727272e-12,2.450642832985737910e-13,-8.813922118405071421e-14,-4.394367264365233755e-15,2.385265160558744379e-04,3.208031527602937544e-03,-2.409503838397184516e-01,3.322085127780120928e+01,-2.188972239305544409e-01,3.322115708374123244e+01,-2.369607856632053311e-01,3.322090876958336025e+01,-2.409503838404532250e-01,3.322085127780118086e+01,-5.335309904981204226e-04,3.608196132169960100e-05,-5.335309904981204226e-04,3.608196132169960100e-05,-5.335309904981186879e-04,3.608196132169938416e-05,-5.335309904981186879e-04,3.608196132169960100e-05
5.466188359312753597e+00,-8.893507585386888222e-22,-6.795241873045795122e-23,-9.999999999983524290e-01,3.306498881321790449e-11,-4.987435647911813309e-09,-6.061029542842044648e-11,-4.987495414238087184e-09,-5.739347799099681069e-11,-4.987446768248235841e-09,-6.002831218210324948e-11,-4.987435647918589572e-09,-6.061029542842044648e-11,-5.342576445839227004e-12,2.315669968724707730e-13,-5.342576445839227004e-12,2.315669968724707730e-13,-5.342576445945106123e-12,2.315669968683348700e-13,-5.342576445945106123e-12,2.315669968687484603e-13,-8.905031012055283137e-14,-4.807695277649718767e-15,2.385249243361045601e-04,3.301731524748968260e-03,-2.274226284304888268e-01,3.227817080125794291e+01,-2.066032341934355976e-01,3.227845127382686741e+01,-2.236559592227476412e-01,3.227822353424802060e+01,-2.274226284308370760e-01,3.227817080125790028e+01,-5.335167721732209187e-04,3.506984998162205930e-05,-5.335167721732209187e-04,3.506984998162205930e-05,-5.335167721727750948e-04,3.506984998162221515e-05,-5.335167721727752032e-04,3.506984998162220838e-05
5.625844470063392500e+00,-8.988755908330340883e-22,-7.293508306743125404e-23,-9.999999999983958388e-01,3.403074869156360455e-11,-4.987459681672092547e-09,-5.888258197001006167e-11,-4.987516099141801103e-09,-5.575701792631670983e-11,-4.987470179730678181e-09,-5.831706385156509853e-11,-4.987459681672092547e-09,-5.888258197001006167e-11,-5.342445025077570474e-12,2.182615452206667501e-13,-5.342445025077570474e-12,2.182615452206667501e-13,-5.342445025077570474e-12,2.182615452099134021e-13,-5.342445025077570474e-12,2.182615452676092499e-13,-9.001561930204294234e-14,-5.225755073307622816e-15,2.385232313284208622e-04,3.398168305910894294e-03,-2.146517142304798786e-01,3.136223478430736478e+01,-1.949970714650560988e-01,3.136249202037180339e+01,-2.110955040878669531e-01,3.136228315228138541e+01,-2.146517142298315917e-01,3.136223478430737899e+01,-5.335033488440168829e-04,3.408679683991428183e-05,-5.335033488440168829e-04,3.408679683991428183e-05,-5.335033488440151482e-04,3.408679683991439025e-05,-5.335033488440177503e-04,3.408679684346641953e-05
5.790163807183937195e+00,-9.089668431053060216e-22,-7.801268934116799266e-23,-9.999999999984422461e-01,3.502471638319173616e-11,-4.987482370737074833e-09,-5.720365934408500053e-11,-4.987535626720682267e-09,-5.416676222141925123e-11,-4.987492281307160779e-09,-5.665413971289723349e-11,-4.987482370743851097e-09,-5.720365934408500053e-11,-5.342321271869910726e-12,2.051369088477684924e-13,-5.342321271869910726e-12,2.051369088477684924e-13,-5.342321271764031607e-12,2.051369088078570279e-13,-5.342321271869910726e-12,2.051369088078570279e-13,-9.103834996125405839e-14,-5.648960101742955209e-15,2.385214436714522268e-04,3.497421806906731660e-03,-2.025953019144961786e-01,3.047228489948589214e+01,-1.840402559593119214e-01,3.047252082241165283e+01,-1.992377782691868993e-01,3.047232926364089423e+01,-2.025953019138830857e-01,3.047228489948584240e+01,-5.334906760080712065e-04,3.313198798003149075e-05,-5.334906760080712065e-04,3.313198798003149075e-05,-5.334906760080720739e-04,3.313198797647924464e-05,-5.334906760080712065e-04,3.313198797647924464e-05
5.959282573918189385e+00,-9.196579471820602752e-22,-8.319255772480840725e-23,-9.999999999984913179e-01,3.604771580721448897e-11,-4.987503790357167201e-09,-5.557213196560883972e-11,-4.987554061674495318e-09,-5.262139075173921654e-11,-4.987513146296855548e-09,-5.503815979357451482e-11,-4.987503790357167201e-09,-5.557213023088536374e-11,-5.342204776464059526e-12,1.921822168965349913e-13,-5.342204776464059526e-12,1.921822168965349913e-13,-5.342204776464059526e-12,1.921822169643638015e-13,-5.342204776781696882e-12,1.921822168907447270e-13,-9.212189372564681414e-14,-6.077734581885627060e-15,2.385195470261756295e-04,3.599574298514232346e-03,-1.912134202863729204e-01,2.960758428576596657e+01,-1.736964602797053392e-01,2.960780065977120756e+01,-1.880434689282184657e-01,2.960762497741559685e+01,-1.912134202863773613e-01,2.960758428576597368e+01,-5.334787116501750861e-04,3.220463277193357041e-05,-5.334787116501750861e-04,3.220463277193357041e-05,-5.334787116508420872e-04,3.220463277903813719e-05,-5.334787116503953959e-04,3.220463277193358397e-05
6.133340951726350632e+00,-9.309843186778139072e-22,-8.848236901185998877e-23,-9.999999999985432764e-01,3.710059488426964598e-11,-4.987524011493401840e-09,-5.398665542388769722e-11,-4.987571465152242783e-09,-5.111962329135133487e-11,-4.987532843851532303e-09,-5.346778228498827445e-11,-4.987524011486625577e-09,-5.398665629124943521e-11,-5.342095153460025875e-12,1.793867393045508911e-13,-5.342095153460025875e-12,1.793867393045508911e-13,-5.342095153460025875e-12,1.793867393045508911e-13,-5.342095153460025875e-12,1.793867393074460233e-13,-9.326984392997186397e-14,-6.512513505622759095e-15,2.385175380069937123e-04,3.704710454041742519e-03,-1.804683338732145370e-01,2.876741694384107362e+01,-1.639313890704449661e-01,2.876761538716229083e+01,-1.774754621557916856e-01,2.876745426688713181e+01,-1.804683338734938969e-01,2.876741694384105941e+01,-5.334674161026412009e-04,3.130396333690993915e-05,-5.334674161026412009e-04,3.130396333690993915e-05,-5.334674161026412009e-04,3.130396333690993915e-05,-5.334674161030852901e-04,3.130396333690972909e-05
6.312483216480536008e+00,-9.429834756200040025e-22,-9.389020476182198372e-23,-9.999999999985982324e-01,3.818422636322474015e-11,-4.987543101251116964e-09,-5.244591046171809268e-11,-4.987587894850420899e-09,-4.966021691088506884e-11,-4.987551439307924463e-09,-5.194171221606369571e-11,-4.987543101257893227e-09,-5.244591046171809268e-11,-5.341992038104246860e-12,1.667398767463306259e-13,-5.341992038104246860e-12,1.667398767463306259e-13,-5.341992038104246860e-12,1.667398767275122670e-13,-5.341992038210125978e-12,1.667398767920323547e-13,-9.448600746481869615e-14,-6.953744431600169692e-15,2.385154133184436143e-04,3.812917420216314305e-03,-1.703244179128648728e-01,2.795108714820001694e+01,-1.547126653702194377e-01,2.795126914516928096e+01,-1.674987200047778346e-01,2.795112138140076752e+01,-1.703244179123514779e-01,2.795108714820000628e+01,-5.334567519166820990e-04,3.042923378919170350e-05,-5.334567519166820990e-04,3.042923378919170350e-05,-5.334567519164591870e-04,3.042923378563923377e-05,-5.334567519166822074e-04,3.042923379274395300e-05
6.496857858054116086e+00,-9.556951622015421798e-22,-9.942457528009562626e-23,-9.999999999986565191e-01,3.929950840393572203e-11,-4.987561122866404281e-09,-5.094862812887734904e-11,-4.987603405253576965e-09,-4.824196771224809055e-11,-4.987568994275820480e-09,-5.045868237130157752e-11,-4.987561122873180545e-09,-5.094862726151561105e-11,-5.341895088301290909e-12,1.542311526686030964e-13,-5.341895088301290909e-12,1.542311526686030964e-13,-5.341895088301290909e-12,1.542311526748069510e-13,-5.341895088195411790e-12,1.542311527343639551e-13,-9.577441746155591298e-14,-7.401887864902415194e-15,2.385131579314778844e-04,3.924284889245894907e-03,-1.607480403278504222e-01,2.715791887554753714e+01,-1.460097233368492786e-01,2.715808578767045134e+01,-1.580801644113121740e-01,2.715795027459718725e+01,-1.607480403285895532e-01,2.715791887554754425e+01,-5.334466837326419303e-04,2.957971970629978106e-05,-5.334466837326419303e-04,2.957971970629978106e-05,-5.334466837326419303e-04,2.957971970629967264e-05,-5.334466837328657096e-04,2.957971971340449691e-05
6.686617703404022173e+00,-9.691614800275476977e-22,-1.050944600224536274e-22,-9.999999999987182475e-01,4.044736552592386077e-11,-4.987578136139789869e-09,-4.949356289390971497e-11,-4.987618047769834615e-09,-4.686369261402978381e-11,-4.987585567007370201e-09,-4.901746803592788027e-11,-4.987578136133013606e-09,-4.949356202654797698e-11,-5.341803983555066604e-12,1.418502047829658651e-13,-5.341803983555066604e-12,1.418502047829658651e-13,-5.341803983449187486e-12,1.418502047829658651e-13,-5.341803983766824841e-12,1.418502047949599840e-13,-9.713934663846803926e-14,-7.857418675266372326e-15,2.385107750424737133e-04,4.038905172699174158e-03,-1.517074503001132890e-01,2.638725524913266085e+01,-1.377937069575307372e-01,2.638740832524981172e+01,-1.491885675976951375e-01,2.638728404856948373e+01,-1.517074502998881913e-01,2.638725524913267151e+01,-5.334371781704906178e-04,2.875471754113465638e-05,-5.334371781704906178e-04,2.875471754113465638e-05,-5.334371781704906178e-04,2.875471754113465638e-05,-5.334371781702667301e-04,2.875471754113459878e-05
6.881920043248029195e+00,-9.834270254757525761e-22,-1.109093488253484246e-22,-9.999999999987837507e-01,4.162874910304298522e-11,-4.987594197422681643e-09,-4.807951259344633854e-11,-4.987631870961286781e-09,-4.552425623971512181e-11,-4.987601212403861136e-09,-4.761687311810591794e-11,-4.987594197426069775e-09,-4.807951172608460055e-11,-5.341718421580690895e-12,1.295867758369276642e-13,-5.341718421580690895e-12,1.295867758369276642e-13,-5.341718421792449132e-12,1.295867758464402413e-13,-5.341718421792449132e-12,1.295867758439586994e-13,-9.858532143658709355e-14,-8.320827389762990326e-15,2.385082441250033214e-04,4.156873278638135299e-03,-1.431726730656227575e-01,2.563845799856062513e+01,-1.300373744259220310e-01,2.563859838416913561e+01,-1.407944485987380756e-01,2.563848441351737506e+01,-1.431726730656285029e-01,2.563845799856062158e+01,-5.334282037125874509e-04,2.795354397646037466e-05,-5.334282037125874509e-04,2.795354397646037466e-05,-5.334282037128094955e-04,2.795354397646032383e-05,-5.334282037123637800e-04,2.795354397646037466e-05
7.082926762442021129e+00,-9.985390394814659754e-22,-1.168792803875332144e-22,-9.999999999988528065e-01,4.284463842396473397e-11,-4.987609360020557039e-09,-4.670530368705572144e-11,-4.987644920669356569e-09,-4.422254402947078944e-11,-4.987615982364696030e-09,-4.625573622046852407e-11,-4.987609360020557039e-09,-4.670530455441745943e-11,-5.341638118833884688e-12,1.174307060080860611e-13,-5.341638118833884688e-12,1.174307060080860611e-13,-5.341638118833884688e-12,1.174307060122219642e-13,-5.341638119045642925e-12,1.174307060142899157e-13,-1.001171371112607762e-13,-8.792620895374335322e-15,2.385055662325122339e-04,4.278286990191075036e-03,-1.351154105941159145e-01,2.491090693467288730e+01,-1.227150078593268745e-01,2.491103568047624250e+01,-1.328699755751610867e-01,2.491093116248208617e+01,-1.351154105939171290e-01,2.491090693467288730e+01,-5.334197306033610503e-04,2.717553544707180938e-05,-5.334197306033610503e-04,2.717553544707180938e-05,-5.334197306031390057e-04,2.717553544707186020e-05,-5.334197306031372710e-04,2.717553544707186020e-05
7.289804474165310744e+00,-1.014547559689121291e-21,-1.230148973300879466e-22,-9.999999999989261923e-01,4.409604129187788199e-11,-4.987623674189574884e-09,-4.536979906349936087e-11,-4.987657240136770002e-09,-4.295748479155037103e-11,-4.987629925868708024e-09,-4.493293237484152769e-11,-4.987623674192963015e-09,-4.536979993086109886e-11,-5.341562808499269598e-12,1.053719234115061461e-13,-5.341562808499269598e-12,1.053719234115061461e-13,-5.341562808499269598e-12,1.053719234090246042e-13,-5.341562808711027835e-12,1.053719234057158818e-13,-1.017398735583540272e-13,-9.273324573633627975e-15,2.385027301108084280e-04,4.403246946189913295e-03,-1.275089478186356706e-01,2.420399943908838480e+01,-1.158023280711609343e-01,2.420411750883948088e+01,-1.253888735863655235e-01,2.420402166075490769e+01,-1.275089478186418046e-01,2.420399943908837059e+01,-5.334117307485563035e-04,2.642004748734730414e-05,-5.334117307485563035e-04,2.642004748734730414e-05,-5.334117307485563035e-04,2.642004748734730414e-05,-5.334117307483325241e-04,2.642004748734741256e-05
7.502724658025233140e+00,-1.031505589761547935e-21,-1.293274903110002585e-22,-9.999999999990042410e-01,4.538399498671776867e-11,-4.987637187377132750e-09,-4.407189543864653558e-11,-4.987668870244725246e-09,-4.172801947727178273e-11,-4.987643089133402853e-09,-4.364736523598811146e-11,-4.987637187377132750e-09,-4.407189457128479759e-11,-5.341492241443280013e-12,9.340043698999976978e-14,-5.341492241443280013e-12,9.340043698999976978e-14,-5.341492241443280013e-12,9.340043698958617948e-14,-5.341492241549159132e-12,9.340043699496285346e-14,-1.034589121995441097e-13,-9.763483001200567505e-15,2.384997273552885017e-04,4.531856725386733224e-03,-1.203280641069948281e-01,2.351714996801035085e+01,-1.092764141000686917e-01,2.351725824570540269e+01,-1.183263375141775653e-01,2.351717034956231700e+01,-1.203280641070018087e-01,2.351714996801035440e+01,-5.334041776219986160e-04,2.568645431489475703e-05,-5.334041776219986160e-04,2.568645431489475703e-05,-5.334041776219986160e-04,2.568645431489475703e-05,-5.334041776219978570e-04,2.568645431489470282e-05
7.721863802195491289e+00,-1.049469270069749706e-21,-1.358290565734357840e-22,-9.999999999990862865e-01,4.670956707154166367e-11,-4.987649944408214207e-09,-4.281051121240997404e-11,-4.987679849533221401e-09,-4.053314107965722002e-11,-4.987655515811470486e-09,-4.239796968369402563e-11,-4.987649944408214207e-09,-4.281051207977171202e-11,-5.341426183249547782e-12,8.150632751274611762e-14,-5.341426183249547782e-12,8.150632751274611762e-14,-5.341426183249547782e-12,8.150632751274611762e-14,-5.341426183355426900e-12,8.150632747200747246e-14,-1.052799538290502345e-13,-1.026366180426593149e-14,2.384965411209097330e-04,4.664222931483635003e-03,-1.135489496801488224e-01,2.284978956991222532e+01,-1.031156272430043819e-01,2.284988886638974037e+01,-1.116589498625307209e-01,2.284980826364001771e+01,-1.135489496799836767e-01,2.284978956991225374e+01,-5.333970461810630045e-04,2.497414824033952719e-05,-5.333970461810630045e-04,2.497414824033952719e-05,-5.333970461810630045e-04,2.497414824033952719e-05,-5.333970461810605109e-04,2.497414823678722009e-05
7.947403549706071324e+00,-1.068498064850154551e-21,-1.425323607989614209e-22,-9.999999999991737720e-01,4.807385631071248167e-11,-4.987661987576868378e-09,-4.158460728542756613e-11,-4.987690214417898936e-09,-3.937185560215494817e-11,-4.987667247112757872e-09,-4.118371182276758802e-11,-4.987661987573480246e-09,-4.158460641806582814e-11,-5.341364415065935156e-12,6.967973952237825372e-14,-5.341364415065935156e-12,6.967973952237825372e-14,-5.341364415171814275e-12,6.967973952237825372e-14,-5.341364415383572511e-12,6.967973952775492770e-14,-1.072090375085474069e-13,-1.077444933969225895e-14,2.384931738640544419e-04,4.800455281927979573e-03,-1.071491267070829312e-01,2.220136541672513886e+01,-9.729953933561862056e-02,2.220145647571887082e+01,-1.053646031451668658e-01,2.220138256231792440e+01,-1.071491267069275694e-01,2.220136541672514596e+01,-5.333903127785742139e-04,2.428253918734447049e-05,-5.333903127785742139e-04,2.428253918734447049e-05,-5.333903127785742139e-04,2.428253918734447049e-05,-5.333903127785724792e-04,2.428253918734441628e-05
8.179530849005983484e+00,-1.088654957644903833e-21,-1.494510007432378351e-22,-9.999999999992659205e-01,4.947799352031986148e-11,-4.987673356805452131e-09,-4.039316624238065145e-11,-4.987699999261190455e-09,-3.824319680378884811e-11,-4.987678321919465424e-09,-4.000358117678404213e-11,-4.987673356812228394e-09,-4.039316624238065145e-11,-5.341306732228106257e-12,5.791087335868726922e-14,-5.341306732228106257e-12,5.791087335868726922e-14,-5.341306732016348020e-12,5.791087339777155316e-14,-5.341306732439864494e-12,5.791087343271993404e-14,-1.092525605841908500e-13,-1.129645847900459325e-14,2.384895986062302714e-04,4.940666698794216743e-03,-1.011073748062556732e-01,2.157134034815953783e+01,-9.180886504058463626e-02,2.157142385185087718e+01,-9.942242661824467198e-02,2.157135607374801012e+01,-1.011073748064185152e-01,2.157134034815952717e+01,-5.333839550878003094e-04,2.361105421437487657e-05,-5.333839550878003094e-04,2.361105421437487657e-05,-5.333839550878037789e-04,2.361105421792723450e-05,-5.333839550882443986e-04,2.361105422147943996e-05
8.418438108923632868e+00,-1.110006656898725757e-21,-1.565994786525832865e-22,-9.999999999993639532e-01,5.092314260156036165e-11,-4.987684089793707884e-09,-3.923520102561139922e-11,-4.987709236514622233e-09,-3.714623487277579628e-11,-4.987688776958941732e-09,-3.885660890268205492e-11,-4.987684089793707884e-09,-3.923520015824966123e-11,-5.341252942883098530e-12,4.618997666833707748e-14,-5.341252942883098530e-12,4.618997666833707748e-14,-5.341252942883098530e-12,4.618997666833707748e-14,-5.341252942988977649e-12,4.618997667371375146e-14,-1.114172999072423902e-13,-1.183032855001178179e-14,2.384858165229378907e-04,5.084973402710010748e-03,-9.540366071715102037e-02,2.095919242880216515e+01,-8.662539792356299673e-02,2.095926900291302530e+01,-9.381271710217917170e-02,2.095920685191467570e+01,-9.540366071715980500e-02,2.095919242880216871e+01,-5.333779520282342680e-04,2.295913700643370617e-05,-5.333779520282342680e-04,2.295913700643370617e-05,-5.333779520282342680e-04,2.295913700643370617e-05,-5.333779520282325333e-04,2.295913700643365196e-05
8.664323358153261267e+00,-1.132623818614925867e-21,-1.639932764646046100e-22,-9.999999999994674260e-01,5.241050138099414418e-11,-4.987694222147512606e-09,-3.810974973095238028e-11,-4.987717956806905642e-09,-3.608005734456742886e-11,-4.987698646915491923e-09,-3.774183309629419725e-11,-4.987694222144124475e-09,-3.810974973095238028e-11,-5.341202869577509527e-12,3.450733707314905473e-14,-5.341202869577509527e-12,3.450733707314905473e-14,-5.341202869577509527e-12,3.450733707314905473e-14,-5.341202869577509527e-12,3.450733707314905473e-14,-1.137104343556018730e-13,-1.237672718170610495e-14,2.384818107596942127e-04,5.233495008198075366e-03,-9.001907189853969316e-02,2.036441451763886334e+01,-8.173195010372096003e-02,2.036448473610324328e+01,-8.851687368106878062e-02,2.036442774607863626e+01,-9.001907189868621484e-02,2.036441451763884558e+01,-5.333722836941540537e-04,2.232624748875273034e-05,-5.333722836941540537e-04,2.232624748875273034e-05,-5.333722836941540537e-04,2.232624748875273034e-05,-5.333722836941531863e-04,2.232624748875273034e-05
8.917390409399658324e+00,-1.156581275519480011e-21,-1.716489433717576944e-22,-9.999999999995774491e-01,5.394130272524033307e-11,-4.987703787450028592e-09,-3.701588428134394704e-11,-4.987726189054051437e-09,-3.504378297963794964e-11,-4.987707964498140287e-09,-3.665834129307210532e-11,-4.987703787450028592e-09,-3.701588428134394704e-11,-5.341156345657606874e-12,2.285327322709054619e-14,-5.341156345657606874e-12,2.285327322709054619e-14,-5.341156345551727755e-12,2.285327323122644925e-14,-5.341156345763485992e-12,2.285327322874490741e-14,-1.161395685615043765e-13,-1.293635288201374253e-14,2.384775629070742115e-04,5.386354623986494734e-03,-8.493575384504326031e-02,1.978651384966221372e+01,-7.711229527919212512e-02,1.978657823891138889e+01,-8.351733604449362858e-02,1.978652598231198567e+01,-8.493575384518310678e-02,1.978651384966222082e+01,-5.333669312905266451e-04,2.171186129412453842e-05,-5.333669312905266451e-04,2.171186129412453842e-05,-5.333669312905257778e-04,2.171186129412448420e-05,-5.333669312908572184e-04,2.171186129412438256e-05
9.177849028317210056e+00,-1.181958284763358585e-21,-1.795841839149238830e-22,-9.999999999996933564e-01,5.551681549643017882e-11,-4.987712817424333782e-09,-3.595269654904642564e-11,-4.987733960549155243e-09,-3.403655222250501211e-11,-4.987716760603260607e-09,-3.560522840104218822e-11,-4.987712817417557518e-09,-3.595269524800381866e-11,-5.341113216963394171e-12,1.121812756190089403e-14,-5.341113216963394171e-12,1.121812756190089403e-14,-5.341113216963394171e-12,1.121812756190089403e-14,-5.341113217069273290e-12,1.121812759803834704e-14,-1.187127581756191953e-13,-1.350993709444486607e-14,2.384730702836221350e-04,5.543678954528740571e-03,-8.013685090365116337e-02,1.922501162923209606e+01,-7.275111493655384010e-02,1.922507067212515963e+01,-7.879752628350589205e-02,1.922502275679219252e+01,-8.013685090341660100e-02,1.922501162923207829e+01,-5.333618770694523213e-04,2.111546939683707020e-05,-5.333618770694523213e-04,2.111546939683707020e-05,-5.333618770694523213e-04,2.111546939683707020e-05,-5.333618770694523213e-04,2.111546940038942812e-05
9.445915107383296316e+00,-1.208838787457764345e-21,-1.878179614720999770e-22,-9.999999999998167022e-01,5.713834559575164951e-11,-4.987721341997796267e-09,-3.491930312612967491e-11,-4.987741297060653382e-09,-3.305753197221927842e-11,-4.987725064411137918e-09,-3.458162445638124360e-11,-4.987721341997796267e-09,-3.491930442717228189e-11,-5.341073340240424215e-12,-4.077422534966884641e-16,-5.341073340240424215e-12,-4.077422534966884641e-16,-5.341073340240424215e-12,-4.077422530830981578e-16,-5.341073340346303333e-12,-4.077422526695078515e-16,-1.214385365821255001e-13,-1.409824722286513766e-14,2.384683030844433199e-04,5.705598404833394331e-03,-7.560645040364824543e-02,1.867944263486582557e+01,-6.863394757255023015e-02,1.867949677429519539e+01,-7.434179393463256902e-02,1.867945284053119437e+01,-7.560645040377553250e-02,1.867944263486583978e+01,-5.333571042712368640e-04,2.053657764596541780e-05,-5.333571042712368640e-04,2.053657764596541780e-05,-5.333571042711258417e-04,2.053657764596541780e-05,-5.333571042711232396e-04,2.053657764596541780e-05
9.721810844850185873e+00,-1.237311683887980722e-21,-1.963706010691608991e-22,-9.999999999999470424e-01,5.880723707475665751e-11,-4.987729389456234288e-09,-3.391485356440959720e-11,-4.987748222930578693e-09,-3.210590951083225342e-11,-4.987732903443566740e-09,-3.358668161299038779e-11,-4.987729389456234288e-09,-3.391485356440959720e-11,-5.341036584198590180e-12,-1.203397054762015188e-14,-5.341036584198590180e-12,-1.203397054762015188e-14,-5.341036584198590180e-12,-1.203397054762015188e-14,-5.341036584410348417e-12,-1.203397054224347790e-14,-1.243259431884843571e-13,-1.470208890947558818e-14,2.384632587315912294e-04,5.872247188947430328e-03,-7.132952990870794485e-02,1.814935483514209835e+01,-6.474714075235694921e-02,1.814940447734047524e+01,-7.013536410589973902e-02,1.814936419522318900e+01,-7.132952990882912570e-02,1.814935483514210901e+01,-5.333525970691871268e-04,1.997470642403820877e-05,-5.333525970691871268e-04,1.997470642403820877e-05,-5.333525970691871268e-04,1.997470642403820877e-05,-5.333525970691853921e-04,1.997470642403815456e-05
1.000576492892373714e+01,-1.267471126180767653e-21,-2.052639137240598788e-22,-1.000000000000085487e+00,6.052487329410213140e-11,-4.987736986477797553e-09,-3.293851172717077169e-11,-4.987754761110135913e-09,-3.118089727388584365e-11,-4.987740303701070424e-09,-3.261957544353766281e-11,-4.987736986481185685e-09,-3.293851085980903370e-11,-5.341002825912235597e-12,-2.367019263498673696e-14,-5.341002825912235597e-12,-2.367019263498673696e-14,-5.341002825912235597e-12,-2.367019263498673696e-14,-5.341002826123993834e-12,-2.367019263498673696e-14,-1.273845533990111121e-13,-1.532230971566154146e-14,2.384579151497225741e-04,6.043763440848309854e-03,-6.729190741973312129e-02,1.763430901541231677e+01,-6.107780584854424072e-02,1.763435453298640709e+01,-6.616428849549189917e-02,1.763431759990480785e+01,-6.729190741943663623e-02,1.763430901541232387e+01,-5.333483405181857007e-04,1.942939015192053276e-05,-5.333483405181857007e-04,1.942939015192053276e-05,-5.333483405181857007e-04,1.942939015192053276e-05,-5.333483405181839660e-04,1.942939015192053276e-05
1.029801272732158601e+01,-1.299416826354545074e-21,-2.145213174630216939e-22,-1.000000000000232037e+00,6.229267788577944401e-11,-4.987744158251551847e-09,-3.198946663118817924e-11,-4.987760933288450690e-09,-3.028172677888019138e-11,-4.987747289725581582e-09,-3.167950450577716737e-11,-4.987744158249857781e-09,-3.198946749854991722e-11,-5.340971953890648783e-12,-3.532605199583389642e-14,-5.340971953890648783e-12,-3.532605199583389642e-14,-5.340971953890648783e-12,-3.532605199500671581e-14,-5.340971953996527901e-12,-3.532605203114416882e-14,-1.306245104052793839e-13,-1.595980178523165294e-14,2.384522548543998449e-04,6.220289329421325661e-03,-6.348019436064887555e-02,1.713387841501998565e+01,-5.761377531535086943e-02,1.713392014973286237e+01,-6.241539915480127931e-02,1.713388628812721493e+01,-6.348019436046789532e-02,1.713387841502000342e+01,-5.333443205037009935e-04,1.890017698863800117e-05,-5.333443205037009935e-04,1.890017698863800117e-05,-5.333443205035899711e-04,1.890017698863788936e-05,-5.333443205035874775e-04,1.890017698508564324e-05
1.059879648236793592e+01,-1.333254382414769614e-21,-2.241679810657907438e-22,-1.000000000000387024e+00,6.411211625066866315e-11,-4.987750928563876394e-09,-3.106693634985502328e-11,-4.987766759929839031e-09,-2.940765382944410256e-11,-4.987753884676675059e-09,-3.076568817414471191e-11,-4.987750928563876394e-09,-3.106693634985502328e-11,-5.340943865854601356e-12,-4.701120863340936689e-14,-5.340943865854601356e-12,-4.701120863340936689e-14,-5.340943865854601356e-12,-4.701120859786644995e-14,-5.340943865854601356e-12,-4.701120859890042571e-14,-1.340565587445528096e-13,-1.661550579542904729e-14,2.384462570723944186e-04,6.401971175695061154e-03,-5.988175119576293753e-02,1.664764837473716597e+01,-5.434356234875221264e-02,1.664768664006065890e+01,-5.887626483373302466e-02,1.664765559534937367e+01,-5.988175119577724553e-02,1.664764837473716241e+01,-5.333405236947294948e-04,1.838662841133574449e-05,-5.333405236947294948e-04,1.838662841133574449e-05,-5.333405236947303622e-04,1.838662841488816001e-05,-5.333405236947312295e-04,1.838662841488821083e-05
1.090836551178666625e+01,-1.369095624861087215e-21,-2.342309742203739776e-22,-1.000000000000551115e+00,6.598469643267655324e-11,-4.987757319859450231e-09,-3.017015543643752906e-11,-4.987772260351734329e-09,-2.855795721429243983e-11,-4.987760110419659355e-09,-2.987737141024737753e-11,-4.987757319861144296e-09,-3.017015543643752906e-11,-5.340918468524590002e-12,-5.873534669876695911e-14,-5.340918468524590002e-12,-5.873534669876695911e-14,-5.340918468630469120e-12,-5.873534669380387543e-14,-5.340918468736348239e-12,-5.873534669959413972e-14,-1.376920800201484376e-13,-1.729041472520076036e-14,2.384399051798338776e-04,6.588959574591038947e-03,-5.648464552904690350e-02,1.617521599413426259e+01,-5.125632280459621604e-02,1.617525107759010083e+01,-5.553514977291157395e-02,1.617522261626829660e+01,-5.648464552888825957e-02,1.617521599413426614e+01,-5.333369375018226239e-04,1.788831889765559561e-05,-5.333369375018226239e-04,1.788831889765559561e-05,-5.333369375018226239e-04,1.788831889765554140e-05,-5.333369375018208892e-04,1.788831889765559900e-05
1.122697641535919111e+01,-1.407058982521577926e-21,-2.447394330605714742e-22,-1.000000000000725198e+00,6.791197054852819021e-11,-4.987763353339508027e-09,-2.929837665879841957e-11,-4.987777452802614401e-09,-2.773192743152352868e-11,-4.987765987611973988e-09,-2.901381869133135005e-11,-4.987763353341202093e-09,-2.929837752616015756e-11,-5.340895677726715586e-12,-7.050818308915392899e-14,-5.340895677726715586e-12,-7.050818308915392899e-14,-5.340895677726715586e-12,-7.050818308791315807e-14,-5.340895677938473822e-12,-7.050818305772106571e-14,-1.415431306038320275e-13,-1.798557807653296443e-14,2.384331785268110904e-04,6.781409519700180855e-03,-5.327761254466555768e-02,1.571618979860776122e+01,-4.834181924589443097e-02,1.571622196391498782e+01,-5.238097479331677020e-02,1.571619587181020172e+01,-5.327761254459945778e-02,1.571618979860775944e+01,-5.333335500327100092e-04,1.740483550811467751e-05,-5.333335500327100092e-04,1.740483550811467751e-05,-5.333335500327100092e-04,1.740483550811467751e-05,-5.333335500327091418e-04,1.740483551166709304e-05
1.155489328761837342e+01,-1.447269868502953782e-21,-2.557247382513257960e-22,-1.000000000000909939e+00,6.989553612946714997e-11,-4.987769049004191733e-09,-2.845088314246124739e-11,-4.987782354490800604e-09,-2.692888273481131023e-11,-4.987771535726906414e-09,-2.817431184187757509e-11,-4.987769049002497668e-09,-2.845088314246124739e-11,-5.340875417863287565e-12,-8.233947493616687036e-14,-5.340875417863287565e-12,-8.233947493616687036e-14,-5.340875417863287565e-12,-8.233947493616687036e-14,-5.340875417757408447e-12,-8.233947494278431526e-14,-1.456224816014067442e-13,-1.870210631892377085e-14,2.384260504672847808e-04,6.979480531398935851e-03,-5.025001766273417408e-02,1.527018941579655298e+01,-4.559038700248017884e-02,1.527021890484130218e+01,-4.940328056761909142e-02,1.527019498551372401e+01,-5.025001766290562027e-02,1.527018941579655298e+01,-5.333303500546964296e-04,1.693577761153117596e-05,-5.333303500546964296e-04,1.693577761153117596e-05,-5.333303500546964296e-04,1.693577761153117596e-05,-5.333303500546955622e-04,1.693577761153126067e-05
1.189238793675478689e+01,-1.489861090201014298e-21,-2.672207089745489629e-22,-1.000000000001104894e+00,7.193703724611526240e-11,-4.987774425742336074e-09,-2.762697015601389694e-11,-4.987786981679325523e-09,-2.614815872506448535e-11,-4.987776773175564777e-09,-2.735815653881479292e-11,-4.987774425740642008e-09,-2.762696928865215895e-11,-5.340857621912823989e-12,-9.423902805350820410e-14,-5.340857621912823989e-12,-9.423902805350820410e-14,-5.340857621912823989e-12,-9.423902805350820410e-14,-5.340857621912823989e-12,-9.423902805619654109e-14,-1.499436612443611701e-13,-1.944117561821510133e-14,2.384184998607489364e-04,7.183336789445222102e-03,-4.739182128233932617e-02,1.483684526112601532e+01,-4.299290212765976421e-02,1.483687229576827882e+01,-4.659219294477751766e-02,1.483685036904310728e+01,-4.739182128228413421e-02,1.483684526112601532e+01,-5.333273269560828657e-04,1.648075650558543097e-05,-5.333273269560828657e-04,1.648075650558543097e-05,-5.333273269560828657e-04,1.648075650558543097e-05,-5.333273269560828657e-04,1.648075650558545807e-05
1.223974010991678085e+01,-1.534973282976929105e-21,-2.792638204082132611e-22,-1.000000000001312062e+00,7.403816611444707929e-11,-4.987779501378902390e-09,-2.682595421840683336e-11,-4.987791349706261770e-09,-2.538910704938390772e-11,-4.987781717320430427e-09,-2.656467623998737260e-11,-4.987779501378902390e-09,-2.682595421840683336e-11,-5.340842230477139431e-12,-1.062167047866805830e-13,-5.340842230477139431e-12,-1.062167047866805830e-13,-5.340842230477139431e-12,-1.062167047893689200e-13,-5.340842230688897668e-12,-1.062167047490608288e-13,-1.545209997295949442e-13,-2.020403370524804980e-14,2.384105051125781638e-04,7.393147269056044024e-03,-4.469354549617254174e-02,1.441579823222506285e+01,-4.054075114691041426e-02,1.441582301595597748e+01,-4.393839021297125946e-02,1.441580291657744795e+01,-4.469354549632908319e-02,1.441579823222505219e+01,-5.333244707124558349e-04,1.603939512904219042e-05,-5.333244707124558349e-04,1.603939512904219042e-05,-5.333244707125668572e-04,1.603939512904219381e-05,-5.333244707126779879e-04,1.603939513259444670e-05
1.259723772509109452e+01,-1.582755369175677185e-21,-2.918934306717729136e-22,-1.000000000001530998e+00,7.620066424775468264e-11,-4.987784292759681938e-09,-2.604717179791049553e-11,-4.987795473060954938e-09,-2.465109800314779775e-11,-4.987786384551590895e-09,-2.579321435255965689e-11,-4.987784292756293806e-09,-2.604717223159136452e-11,-5.340829192840136175e-12,-1.182824323804753575e-13,-5.340829192840136175e-12,-1.182824323804753575e-13,-5.340829192734257056e-12,-1.182824323636280149e-13,-5.340829192840136175e-12,-1.182824323839908751e-13,-1.593696767454058666e-13,-2.099200516224212510e-14,2.384020334755335147e-04,7.609085880694029663e-03,-4.214624266857219803e-02,1.400669941196866297e+01,-3.822580250109579997e-02,1.400672213143071687e+01,-4.143307219312077766e-02,1.400670370782733976e+01,-4.214624266878742864e-02,1.400669941196865587e+01,-5.333217718525637549e-04,1.561132772625070897e-05,-5.333217718525637549e-04,1.561132772625070897e-05,-5.333217718522879338e-04,1.561132772802704548e-05,-5.333217718524527326e-04,1.561132772625084111e-05
1.296517710975623139e+01,-1.633365040317275182e-21,-3.051520323495333291e-22,-1.000000000001763034e+00,7.842632413716105200e-11,-4.987788815750448851e-09,-2.528998061315790302e-11,-4.987799365409434599e-09,-2.393352269841608759e-11,-4.987790790351961424e-09,-2.504313076356901036e-11,-4.987788815751295884e-09,-2.528998061315790302e-11,-5.340818465273738317e-12,-1.304462112285595315e-13,-5.340818465273738317e-12,-1.304462112285595315e-13,-5.340818465273738317e-12,-1.304462112316614588e-13,-5.340818465379617436e-12,-1.304462112285595315e-13,-1.645057718073336881e-13,-2.180649769664657760e-14,2.383930601615475570e-04,7.831331614503155361e-03,-3.974146576950738502e-02,1.360920977990500802e+01,-3.604037958481780268e-02,1.360923060628636350e+01,-3.906793106410565153e-02,1.360921371943838309e+01,-3.974146576940570941e-02,1.360920977990501157e+01,-5.333192214259998036e-04,1.519619954540785295e-05,-5.333192214259998036e-04,1.519619954540785295e-05,-5.333192214259998036e-04,1.519619954540790716e-05,-5.333192214259989362e-04,1.519619954540785295e-05
1.334386324650639999e+01,-1.686969272025733284e-21,-3.190855304408606759e-22,-1.000000000002008838e+00,8.071699052555761714e-11,-4.987793085371638384e-09,-2.455374835744206230e-11,-4.987803039669800231e-09,-2.323578308927043423e-11,-4.987794949329472222e-09,-2.431380227360668833e-11,-4.987793085373332450e-09,-2.455374792376119331e-11,-5.340810012943715903e-12,-1.427181227693622267e-13,-5.340810012943715903e-12,-1.427181227693622267e-13,-5.340810012943715903e-12,-1.427181227693622267e-13,-5.340810013049595022e-12,-1.427181227664670945e-13,-1.699463176221565703e-13,-2.264900927688674637e-14,2.383835544969084563e-04,8.060068688514684596e-03,-3.747124036815644571e-02,1.322299993183270139e+01,-3.397723529309025492e-02,1.322301902214623581e+01,-3.683512381700664029e-02,1.322300354454681326e+01,-3.747124036817871956e-02,1.322299993183270139e+01,-5.333168109757807120e-04,1.479366658181860581e-05,-5.333168109757807120e-04,1.479366658181860581e-05,-5.333168109757807120e-04,1.479366658181860581e-05,-5.333168109757781099e-04,1.479366658181857870e-05
1.373361002584963053e+01,-1.743744866568142793e-21,-3.337435384048884700e-22,-1.000000000002269296e+00,8.307456212199894330e-11,-4.987797115772935920e-09,-2.383786744386551248e-11,-4.987806508019844518e-09,-2.255730238015507538e-11,-4.987798875280595933e-09,-2.360462693362652686e-11,-4.987797115772088887e-09,-2.383786701018464349e-11,-5.340803807686223437e-12,-1.551083383868668455e-13,-5.340803807686223437e-12,-1.551083383868668455e-13,-5.340803807580344318e-12,-1.551083384039274456e-13,-5.340803807580344318e-12,-1.551083384068225777e-13,-1.757093564930040933e-13,-2.352113528845218183e-14,2.383734876776049533e-04,8.295486701384215816e-03,-3.532803819489592490e-02,1.284774980730015059e+01,-3.202952799378833842e-02,1.284776730555658197e+01,-3.472724625075439969e-02,1.284775312025896810e+01,-3.532803819497441072e-02,1.284774980730013638e+01,-5.333145325088587416e-04,1.440339523513017266e-05,-5.333145325088587416e-04,1.440339523513017266e-05,-5.333145325089697639e-04,1.440339523335388866e-05,-5.333145325089697639e-04,1.440339523335394287e-05
1.413474050638960300e+01,-1.803879024581617182e-21,-3.491797020618748775e-22,-1.000000000002545075e+00,8.550099304504687331e-11,-4.987800920313745104e-09,-2.314174503068033850e-11,-4.987809781960580817e-09,-2.189751938802553255e-11,-4.987802581215758629e-09,-2.291501623868930082e-11,-4.987800920315439170e-09,-2.314174416331860051e-11,-5.340799828113678999e-12,-1.676271275129073713e-13,-5.340799828113678999e-12,-1.676271275129073713e-13,-5.340799828219558118e-12,-1.676271275149753229e-13,-5.340799828431316355e-12,-1.676271275493033183e-13,-1.818140002500188203e-13,-2.442457633914756760e-14,2.383628230031523826e-04,8.537780789583060415e-03,-3.330475217912901020e-02,1.248314842480517051e+01,-3.019079884145557668e-02,1.248316446308925265e+01,-3.273730842374613509e-02,1.248315146283266586e+01,-3.330475217910248281e-02,1.248314842480517228e+01,-5.333123784691407715e-04,1.402506207321822930e-05,-5.333123784691407715e-04,1.402506207321822930e-05,-5.333123784691962826e-04,1.402506207321817509e-05,-5.333123784691928132e-04,1.402506206966586968e-05
1.454758718260685058e+01,-1.867569951904543435e-21,-3.654520601765921107e-22,-1.000000000002837508e+00,8.799829446940257704e-11,-4.987804511621633113e-09,-2.246480172024556410e-11,-4.987812872352665578e-09,-2.125588377185905209e-11,-4.987806079431337603e-09,-2.224439773004793786e-11,-4.987804511620786080e-09,-2.246480172024556410e-11,-5.340798062685258685e-12,-1.802848661511870328e-13,-5.340798062685258685e-12,-1.802848661511870328e-13,-5.340798062685258685e-12,-1.802848661544957553e-13,-5.340798062685258685e-12,-1.802848661476715152e-13,-1.882804935271660437e-13,-2.536114772673028075e-14,2.383515249544110315e-04,8.787151789095355020e-03,-3.139467288582702825e-02,1.212889362447910635e+01,-2.845495036256805513e-02,1.212890832393656737e+01,-3.085871147721650984e-02,1.212889641034460020e+01,-3.139467288585378463e-02,1.212889362447910990e+01,-5.333103417138095395e-04,1.365835355546406197e-05,-5.333103417138095395e-04,1.365835355546406197e-05,-5.333103417136985172e-04,1.365835355546408738e-05,-5.333103417138660264e-04,1.365835355546400945e-05
1.497249226046129600e+01,-1.935027504075941613e-21,-3.826234195123830541e-22,-1.000000000003147038e+00,9.056853634030123668e-11,-4.987807901597412857e-09,-2.180648023264453172e-11,-4.987815789442656363e-09,-2.063186860939980605e-11,-4.987809381523213904e-09,-2.159221803091360137e-11,-4.987807901598259889e-09,-2.180648023264453172e-11,-5.340798503671786849e-12,-1.930920454570153369e-13,-5.340798503671786849e-12,-1.930920454570153369e-13,-5.340798503671786849e-12,-1.930920454576357224e-13,-5.340798503883545086e-12,-1.930920454594968787e-13,-1.951302810110567161e-13,-2.633278772678920486e-14,2.383395607248178782e-04,9.043806401841146883e-03,-2.959146626942989883e-02,1.178469181804544874e+01,-2.681622623749687837e-02,1.178470528978844456e+01,-2.908522575582701830e-02,1.178469437263365016e+01,-2.959146626945809849e-02,1.178469181804545052e+01,-5.333084154886071938e-04,1.330296577881140812e-05,-5.333084154886071938e-04,1.330296577881140812e-05,-5.333084154886618376e-04,1.330296577881138101e-05,-5.333084154886037244e-04,1.330296577881143691e-05
1.540980794104458163e+01,-2.006473858642171330e-21,-4.007617877185830047e-22,-1.000000000003474776e+00,9.321384898626277823e-11,-4.987811101485446709e-09,-2.116623196157796372e-11,-4.987818542899434267e-09,-2.002495304992413239e-11,-4.987812498446064639e-09,-2.095793373915744162e-11,-4.987811101485446709e-09,-2.116623196157796372e-11,-5.340801153614362334e-12,-2.060592806663867391e-13,-5.340801153614362334e-12,-2.060592806663867391e-13,-5.340801153296724979e-12,-2.060592806649391731e-13,-5.340801153720241452e-12,-2.060592806587353185e-13,-2.023860784631068359e-13,-2.734156917375202444e-14,2.383268832751514466e-04,9.307957367252862185e-03,-2.788915267193001202e-02,1.145025774584901868e+01,-2.526919221390078185e-02,1.145027009178657629e+01,-2.741097015191451547e-02,1.145026008831592890e+01,-2.788915267191642219e-02,1.145025774584901335e+01,-5.333065934061501654e-04,1.295860420147893212e-05,-5.333065934061501654e-04,1.295860420147893212e-05,-5.333065934060963889e-04,1.295860420147898633e-05,-5.333065934061501654e-04,1.295860420147890502e-05
1.585989671251728694e+01,-2.082144236373014352e-21,-4.199408191601906378e-22,-1.000000000003822276e+00,9.593642505032699136e-11,-4.987814121897363433e-09,-2.054352825006655614e-11,-4.987821141860790722e-09,-1.943463575834747381e-11,-4.987815440530303632e-09,-2.034102096828971362e-11,-4.987814121897363433e-09,-2.054352781638568715e-11,-5.340806020665677257e-12,-2.191973194457743916e-13,-5.340806020665677257e-12,-2.191973194457743916e-13,-5.340806020665677257e-12,-2.191973194457743916e-13,-5.340806020877435494e-12,-2.191973194446370183e-13,-2.100719481103869197e-13,-2.838970945072256157e-14,2.383134559214555165e-04,9.579823638225000090e-03,-2.628208699617178012e-02,1.112531424075685393e+01,-2.380871808707437851e-02,1.112532555435664072e+01,-2.583039260504487594e-02,1.112531638867288031e+01,-2.628208699608026305e-02,1.112531424075685216e+01,-5.333048694238346453e-04,1.262498344076829562e-05,-5.333048694238346453e-04,1.262498344076829562e-05,-5.333048694238346453e-04,1.262498344076829562e-05,-5.333048694237781584e-04,1.262498344076837524e-05
1.632313165057304616e+01,-2.162287656595991342e-21,-4.402403233880252291e-22,-1.000000000004189760e+00,9.873852130609216821e-11,-4.987816972848480598e-09,-1.993785171683359891e-11,-4.987823594942744870e-09,-1.886042667528786687e-11,-4.987818217534597468e-09,-1.974096840856587320e-11,-4.987816972848480598e-09,-1.993785215051446791e-11,-5.340813122084027919e-12,-2.325170513601945304e-13,-5.340813122084027919e-12,-2.325170513601945304e-13,-5.340813122084027919e-12,-2.325170513601945304e-13,-5.340813122189907037e-12,-2.325170513779272147e-13,-2.182133784104382669e-13,-2.947958364352518925e-14,2.382992329456202346e-04,9.859630563009928045e-03,-2.476493998801133911e-02,1.080959199873811194e+01,-2.242996069019118077e-02,1.080960236572511590e+01,-2.433825169333081115e-02,1.080959396821924123e+01,-2.476493998792864484e-02,1.080959199873811905e+01,-5.333032378249573727e-04,1.230182698660987977e-05,-5.333032378249573727e-04,1.230182698660987977e-05,-5.333032378249573727e-04,1.230182698660987977e-05,-5.333032378249556379e-04,1.230182698483370420e-05
1.679989672767858622e+01,-2.247167736509674079e-21,-4.617467995673380380e-22,-1.000000000004579670e+00,1.016224600807304548e-10,-4.987819663792532928e-09,-1.934870102679453474e-11,-4.987825910277236520e-09,-1.830185135387463191e-11,-4.987820838671276483e-09,-1.915727732698657704e-11,-4.987819663793379961e-09,-1.934870059311366575e-11,-5.340822479998150066e-12,-2.460295163128785667e-13,-5.340822479998150066e-12,-2.460295163128785667e-13,-5.340822479998150066e-12,-2.460295163128785667e-13,-5.340822480421666539e-12,-2.460295163126717715e-13,-2.268373685959738016e-13,-3.061373685390480718e-14,2.382841698786303253e-04,1.014761007157128150e-02,-2.333268056595329265e-02,1.050282935593485867e+01,-2.112834783434209412e-02,1.050283885493226599e+01,-2.292959925356789080e-02,1.050283116176300346e+01,-2.333268056595211304e-02,1.050282935593486400e+01,-5.333016931986740488e-04,1.198886702589804871e-05,-5.333016931986740488e-04,1.198886702589804871e-05,-5.333016931986740488e-04,1.198886702589804871e-05,-5.333016931987000697e-04,1.198886702589804871e-05
1.729058713134604730e+01,-2.337063538814728118e-21,-4.845540361846635992e-22,-1.000000000004992451e+00,1.045906319180594374e-10,-4.987822203652165489e-09,-1.877558742161000715e-11,-4.987828095546854504e-09,-1.775844488821620715e-11,-4.987823312628357616e-09,-1.858946503674463457e-11,-4.987822203652165489e-09,-1.877558698792913816e-11,-5.340834126807053931e-12,-2.597459141793939824e-13,-5.340834126807053931e-12,-2.597459141793939824e-13,-5.340834126807053931e-12,-2.597459141801177655e-13,-5.340834126701174812e-12,-2.597459141453761797e-13,-2.359725182338933121e-13,-3.179489933044808811e-14,2.382682097761268381e-04,1.044400086840598270e-02,-2.198055913886956189e-02,1.020477207204138637e+01,-1.989956314762103204e-02,1.020478077515848092e+01,-2.159976397382640592e-02,1.020477372777478564e+01,-2.198055913894162577e-02,1.020477207204138281e+01,-5.333002304228235150e-04,1.168584417289771996e-05,-5.333002304228235150e-04,1.168584417289771996e-05,-5.333002304228252497e-04,1.168584417289774706e-05,-5.333002304228564748e-04,1.168584417645013548e-05
1.779560959170137124e+01,-2.432270463718381365e-21,-5.087637516768304716e-22,-1.000000000005429879e+00,1.076454968592559583e-10,-4.987824600857050173e-09,-1.821803602072846751e-11,-4.987830157995001070e-09,-1.722975798493231459e-11,-4.987825647613590126e-09,-1.803706099409718711e-11,-4.987824600855779623e-09,-1.821803602072846751e-11,-5.340848100203705667e-12,-2.736776137663205571e-13,-5.340848100203705667e-12,-2.736776137663205571e-13,-5.340848100203705667e-12,-2.736776137670443401e-13,-5.340848100415463904e-12,-2.736776137641492080e-13,-2.456491219995294728e-13,-3.302600174716983953e-14,2.382513027629953178e-04,1.074904862969595400e-02,-2.070409185739879518e-02,9.915173119814447489e+00,-1.873953176307568969e-02,9.915181093185806205e+00,-2.034433590476417836e-02,9.915174637888972242e+00,-2.070409185734074439e-02,9.915173119814445712e+00,-5.332988446466200910e-04,1.139250728731004926e-05,-5.332988446466200910e-04,1.139250728731004926e-05,-5.332988446466478466e-04,1.139250728731002215e-05,-5.332988446466461118e-04,1.139250728730999674e-05
1.831538271862029177e+01,-2.533101192214851498e-21,-5.344862951120083979e-22,-1.000000000005892842e+00,1.107895871127039661e-10,-4.987826863347273826e-09,-1.767558408666269898e-11,-4.987832104464431883e-09,-1.671535197582396659e-11,-4.987827851365890535e-09,-1.749960766572744575e-11,-4.987826863346850309e-09,-1.767558408666269898e-11,-5.340864446986675609e-12,-2.878361623308067483e-13,-5.340864446986675609e-12,-2.878361623308067483e-13,-5.340864446986675609e-12,-2.878361623308067483e-13,-5.340864446880796491e-12,-2.878361623299795677e-13,-2.558992702305726000e-13,-3.431019194945104071e-14,2.382333978882614223e-04,1.106300620775963091e-02,-1.949904574581082933e-02,9.633792480541787384e+00,-1.764440680602923084e-02,9.633799784821867718e+00,-1.915915183610789052e-02,9.633793872363783706e+00,-1.949904574582228892e-02,9.633792480541787384e+00,-5.332975312746678813e-04,1.110861325608308933e-05,-5.332975312746678813e-04,1.110861325608308933e-05,-5.332975312746670140e-04,1.110861325608308933e-05,-5.332975312746966127e-04,1.110861325608308933e-05
1.885033734871138122e+01,-2.639886684980467206e-21,-5.618414172026355445e-22,-1.000000000006383560e+00,1.140255085041149211e-10,-4.987828998630936493e-09,-1.714778384391546506e-11,-4.987833941405726352e-09,-1.621480098627781086e-11,-4.987829931194729663e-09,-1.697665857718078097e-11,-4.987828998631360010e-09,-1.714778406075589956e-11,-5.340883220836676790e-12,-3.022332952840703613e-13,-5.340883220836676790e-12,-3.022332952840703613e-13,-5.340883220836676790e-12,-3.022332952840703613e-13,-5.340883220836676790e-12,-3.022332952815888194e-13,-2.667569552815493447e-13,-3.565085407963727143e-14,2.382144272751254843e-04,1.138613383971557105e-02,-1.836142466624953243e-02,9.360396945301236116e+00,-1.661055663832567211e-02,9.360403636118025616e+00,-1.804028149241682435e-02,9.360398221332696167e+00,-1.836142466629415645e-02,9.360396945301232563e+00,-5.332962859515681404e-04,1.083392677886593373e-05,-5.332962859515681404e-04,1.083392677886593373e-05,-5.332962859515681404e-04,1.083392677886593373e-05,-5.332962859514840063e-04,1.083392677886595914e-05
1.940091690243373890e+01,-2.752977231164241672e-21,-5.909590972781662068e-22,-1.000000000006903367e+00,1.173559432954534437e-10,-4.987831013786692515e-09,-1.663419640744734362e-11,-4.987835674914557082e-09,-1.572768933318091644e-11,-4.987831893998343830e-09,-1.646778069810950207e-11,-4.987831013785845482e-09,-1.663419662428777812e-11,-5.340904484434147307e-12,-3.168809455603046608e-13,-5.340904484434147307e-12,-3.168809455603046608e-13,-5.340904484434147307e-12,-3.168809455580299141e-13,-5.340904484751784662e-12,-3.168809455580299141e-13,-2.782581843168179411e-13,-3.705162798617826168e-14,2.381943362009027870e-04,1.171869936396108605e-02,-1.728745606795841633e-02,9.094759921846904405e+00,-1.563455281649438200e-02,9.094766050218060727e+00,-1.698401450064011137e-02,9.094761091683684739e+00,-1.728745606800579510e-02,9.094759921846904405e+00,-5.332951045474846382e-04,1.056822020646047561e-05,-5.332951045474846382e-04,1.056822020646047561e-05,-5.332951045474291270e-04,1.056822020646050102e-05,-5.332951045473717728e-04,1.056822020646052643e-05
1.996757775164536852e+01,-2.872743560681748943e-21,-6.219804593004931896e-22,-1.000000000007454037e+00,1.207836517705829921e-10,-4.987832915497631846e-09,-1.613439655316628585e-11,-4.987837310737195588e-09,-1.525361456068685673e-11,-4.987833746285334205e-09,-1.597255357491111916e-11,-4.987832915498478879e-09,-1.613439698684715484e-11,-5.340928308506338255e-12,-3.317912540160964296e-13,-5.340928308506338255e-12,-3.317912540160964296e-13,-5.340928308506338255e-12,-3.317912540160964296e-13,-5.340928308612217373e-12,-3.317912540183711763e-13,-2.904410986434791810e-13,-3.851643174086429323e-14,2.381730544880160394e-04,1.206097844193876854e-02,-1.627357847780799491e-02,8.836661246964290228e+00,-1.471315872205760343e-02,8.836666859678810937e+00,-1.598684808636326171e-02,8.836662319407730948e+00,-1.627357847783217348e-02,8.836661246964293781e+00,-5.332939831447501859e-04,1.031127330444128849e-05,-5.332939831447501859e-04,1.031127330444128849e-05,-5.332939831447501859e-04,1.031127330444128849e-05,-5.332939831447484512e-04,1.031127330444131560e-05
2.055078959788688664e+01,-2.999578014884707273e-21,-6.550587552283699723e-22,-1.000000000008036904e+00,1.243114750677440372e-10,-4.987834710072032359e-09,-1.564797054952327127e-11,-4.987838854298464380e-09,-1.479218310340701947e-11,-4.987835494198383720e-09,-1.549056412655791526e-11,-4.987834710072455875e-09,-1.564797054952327127e-11,-5.340954771509676374e-12,-3.469765790530180343e-13,-5.340954771509676374e-12,-3.469765790530180343e-13,-5.340954771509676374e-12,-3.469765790533282271e-13,-5.340954771721434611e-12,-3.469765790686310684e-13,-3.033461002842543119e-13,-4.004948496496082597e-14,2.381505092220754377e-04,1.241325478632589012e-02,-1.531642969070422071e-02,8.585887004139603818e+00,-1.384331883019727753e-02,8.585892144107921453e+00,-1.504547545939881673e-02,8.585887987262312393e+00,-1.531642969070845690e-02,8.585887004139605594e+00,-5.332929180246129145e-04,1.006287311249206316e-05,-5.332929180246129145e-04,1.006287311249206316e-05,-5.332929180245565360e-04,1.006287311249211568e-05,-5.332929180245539339e-04,1.006287311071593671e-05
2.115103586171410299e+01,-3.133895787044752584e-21,-6.903604482220411903e-22,-1.000000000008654855e+00,1.279423370226977566e-10,-4.987836403460300510e-09,-1.517451420594839728e-11,-4.987840310718254108e-09,-1.434301288849582079e-11,-4.987837143533738833e-09,-1.502141488453345719e-11,-4.987836403460300510e-09,-1.517451420594839728e-11,-5.340983961323829941e-12,-3.624495069618311780e-13,-5.340983961323829941e-12,-3.624495069618311780e-13,-5.340983961323829941e-12,-3.624495069618311780e-13,-5.340983961429709059e-12,-3.624495069643127199e-13,-3.170159859145781521e-13,-4.165533501067065311e-14,2.381266296538533250e-04,1.277582039675322773e-02,-1.441283562044321474e-02,8.342229346393715161e+00,-1.302214857625293848e-02,8.342234052968839464e+00,-1.415677484791213331e-02,8.342230247599873749e+00,-1.441283562038419425e-02,8.342229346393718714e+00,-5.332919056548170644e-04,9.822813755763079514e-06,-5.332919056548170644e-04,9.822813755763079514e-06,-5.332919056548170644e-04,9.822813755763079514e-06,-5.332919056547875741e-04,9.822813755763160830e-06
2.176881408340222634e+01,-3.276136226143299573e-21,-7.280663878980799946e-22,-1.000000000009308998e+00,1.316792472722547527e-10,-4.987838001274876607e-09,-1.471363569177652764e-11,-4.987841684825923121e-09,-1.390573095040592566e-11,-4.987838699759844253e-09,-1.456471640341738816e-11,-4.987838001275723640e-09,-1.471363525809565864e-11,-5.341015975039950536e-12,-3.782228624855833228e-13,-5.341015975039950536e-12,-3.782228624855833228e-13,-5.341015975145829654e-12,-3.782228624849629373e-13,-5.341015975357587891e-12,-3.782228624531164837e-13,-3.314960887881630207e-13,-4.333888525507976422e-14,2.381013342489905760e-04,1.314897580135097541e-02,-1.355979977478974363e-02,8.105486324134849596e+00,-1.224692479166469665e-02,8.105490633406867929e+00,-1.331779914752124691e-02,8.105487150215505920e+00,-1.355979977480583493e-02,8.105486324134851372e+00,-5.332909426782303551e-04,9.590896264529828367e-06,-5.332909426782303551e-04,9.590896264529828367e-06,-5.332909426782858663e-04,9.590896264529802956e-06,-5.332909426782581107e-04,9.590896267194043447e-06
2.240463633535380339e+01,-3.426764209489516792e-21,-7.683730924255742623e-22,-1.000000000010001999e+00,1.355253029347884206e-10,-4.987839508820304482e-09,-1.426495271732164394e-11,-4.987842981178085158e-09,-1.347997473193085494e-11,-4.987840168038942275e-09,-1.412009094717281421e-11,-4.987839508819880965e-09,-1.426495271732164394e-11,-5.341050919172431275e-12,-3.943097193097054226e-13,-5.341050919172431275e-12,-3.943097193097054226e-13,-5.341050919172431275e-12,-3.943097193097054226e-13,-5.341050919172431275e-12,-3.943097193071204832e-13,-3.468344291148747090e-13,-4.510542578644697180e-14,2.380745389595484429e-04,1.353303030619940582e-02,-1.275449331910303088e-02,7.875461717888296853e+00,-1.151507667313466168e-02,7.875465662954596269e+00,-1.252576614782746102e-02,7.875462475072136037e+00,-1.275449331908397842e-02,7.875461717888300406e+00,-5.332900259014291796e-04,9.366928419725050796e-06,-5.332900259014291796e-04,9.366928419725050796e-06,-5.332900259014291796e-04,9.366928419725050796e-06,-5.332900259014560678e-04,9.366928419724996585e-06
2.305902964655223997e+01,-3.586271597379835879e-21,-8.114941415558776036e-22,-1.000000000010736301e+00,1.394836917815263019e-10,-4.987840931090478633e-09,-1.382809383491945265e-11,-4.987844204072797153e-09,-1.306539295156672331e-11,-4.987841553239143007e-09,-1.368716945338022128e-11,-4.987840931090055117e-09,-1.382809383491945265e-11,-5.341088908494236512e-12,-4.107234109629082286e-13,-5.341088908494236512e-12,-4.107234109629082286e-13,-5.341088908494236512e-12,-4.107234109641489995e-13,-5.341088908494236512e-12,-4.107234109655965656e-13,-3.630818732723178022e-13,-4.696066663958014547e-14,2.380461539398751741e-04,1.392830225136924838e-02,-1.199424569582309766e-02,7.651964875765584928e+00,-1.082417725788064819e-02,7.651968486978634409e+00,-1.177804930723999090e-02,7.651965569765454056e+00,-1.199424569579295857e-02,7.651964875765583152e+00,-5.332891522841590745e-04,9.150724589011303287e-06,-5.332891522841590745e-04,9.150724589011303287e-06,-5.332891522841590745e-04,9.150724589011303287e-06,-5.332891522841590745e-04,9.150724589011330392e-06
2.373253643941275470e+01,-3.755178758754942253e-21,-8.576616997158021174e-22,-1.000000000011513901e+00,1.435576946217948652e-10,-4.987842272805278403e-09,-1.340269605368260564e-11,-4.987845357567982196e-09,-1.266163953198007341e-11,-4.987842859956023703e-09,-1.326559175007790969e-11,-4.987842272805490161e-09,-1.340269648736347463e-11,-5.341130069636791861e-12,-4.274775418801025965e-13,-5.341130069636791861e-12,-4.274775418801025965e-13,-5.341130069636791861e-12,-4.274775418788618255e-13,-5.341130069742670980e-12,-4.274775418801025965e-13,-3.802923025444814300e-13,-4.891077422675866305e-14,2.380160895869426474e-04,1.433511927520138458e-02,-1.127653576895597774e-02,7.434810555538986954e+00,-1.017193537570343365e-02,7.434813860733646251e+00,-1.107216904283857620e-02,7.434811191594607571e+00,-1.127653576891681463e-02,7.434810555538993171e+00,-5.332883189293494358e-04,8.942105570122142988e-06,-5.332883189293494358e-04,8.942105570122142988e-06,-5.332883189293485685e-04,8.942105570122129435e-06,-5.332883189293485685e-04,8.942105570122142988e-06
2.442571497939282210e+01,-3.934036191914504892e-21,-9.071281797152675023e-22,-1.000000000012337908e+00,1.477506881490502078e-10,-4.987843538411838520e-09,-1.298840809210721758e-11,-4.987846445485876463e-09,-1.226838140626351770e-11,-4.987844092520463823e-09,-1.285501002520894609e-11,-4.987843538412050279e-09,-1.298840809210721758e-11,-5.341174538972401830e-12,-4.445859985059550413e-13,-5.341174538972401830e-12,-4.445859985059550413e-13,-5.341174538760643594e-12,-4.445859984972696448e-13,-5.341174539078280949e-12,-4.445859985069890170e-13,-3.985227917515222489e-13,-5.096241155892394901e-14,2.379842409421517591e-04,1.475381858551284495e-02,-1.059898346375276294e-02,7.223818771191603538e+00,-9.556188051302040923e-03,7.223821795893600850e+00,-1.040578450838388659e-02,7.223819354108702129e+00,-1.059898346379321843e-02,7.223818771191602650e+00,-5.332875230734012350e-04,8.740898458252077585e-06,-5.332875230734012350e-04,8.740898458252077585e-06,-5.332875230734315927e-04,8.740898459140157748e-06,-5.332875230734411337e-04,8.740898458252077585e-06
2.513913983773483807e+01,-4.123426209918500338e-21,-9.601680429771905778e-22,-1.000000000013210100e+00,1.520661476378309604e-10,-4.987844732109536581e-09,-1.258488560758330710e-11,-4.987847471436534374e-09,-1.188529222956313802e-11,-4.987845255019609096e-09,-1.245508383929117002e-11,-4.987844732109748339e-09,-1.258488604126417609e-11,-5.341222464202436597e-12,-4.620629610798333223e-13,-5.341222464202436597e-12,-4.620629610798333223e-13,-5.341222464308315715e-12,-4.620629610785925514e-13,-5.341222464308315715e-12,-4.620629610785925514e-13,-4.178337985890378013e-13,-5.312278072442658533e-14,2.379505031625660932e-04,1.518474723923370247e-02,-9.959341874555880866e-03,7.018814643816136289e+00,-8.974893331791165135e-03,7.018817411433321496e+00,-9.776685831646991093e-03,7.018815178002379973e+00,-9.959341874570048353e-03,7.018814643816134513e+00,-5.332867620771621206e-04,8.546936477044654240e-06,-5.332867620771621206e-04,8.546936477044654240e-06,-5.332867620771612532e-04,8.546936477044627135e-06,-5.332867620771613616e-04,8.546936477044627135e-06
2.587340236772453039e+01,-4.323964736034632979e-21,-1.017079774500065311e-21,-1.000000000014134693e+00,1.565076496136061368e-10,-4.987845857855286997e-09,-1.219179444900131415e-11,-4.987848438820793214e-09,-1.151205433064239614e-11,-4.987846351311906354e-09,-1.206548077593849744e-11,-4.987845857855286997e-09,-1.219179488268218314e-11,-5.341274004251452890e-12,-4.799229151402344024e-13,-5.341274004251452890e-12,-4.799229151402344024e-13,-5.341274004251452890e-12,-4.799229151402344024e-13,-5.341274004251452890e-12,-4.799229151404411975e-13,-4.382893641232235387e-13,-5.539967036937034731e-14,2.379147716320539202e-04,1.562826243027631845e-02,-9.355489813674755864e-03,6.819628256739732386e+00,-8.426123515231297503e-03,6.819630788737456761e+00,-9.182786786500203580e-03,6.819628746237673234e+00,-9.355489813651050868e-03,6.819628256739733274e+00,-5.332860334168800518e-04,8.360058863026140465e-06,-5.332860334168800518e-04,8.360058863026140465e-06,-5.332860334169225525e-04,8.360058863026101502e-06,-5.332860334169078073e-04,8.360058863026101502e-06
2.662911119485990241e+01,-4.536303179255137212e-21,-1.078188027277726048e-21,-1.000000000015113688e+00,1.610788754170897757e-10,-4.987846919380693419e-09,-1.180880957254992758e-11,-4.987849350847213786e-09,-1.114835957924387166e-11,-4.987847385029432876e-09,-1.168587904394613464e-11,-4.987846919381328694e-09,-1.180880913886905859e-11,-5.341329329690710462e-12,-4.981806636400852895e-13,-5.341329329690710462e-12,-4.981806636400852895e-13,-5.341329329690710462e-12,-4.981806636400852895e-13,-5.341329329902468699e-12,-4.981806636388445186e-13,-4.599573251148682066e-13,-5.780150667243187415e-14,2.378769175695964050e-04,1.608473178534780904e-02,-8.785424777395330412e-03,6.626094514755316744e+00,-7.908058758161199547e-03,6.626096830817346905e+00,-8.622117874794587786e-03,6.626094963272613825e+00,-8.785424777368133417e-03,6.626094514755320297e+00,-5.332853346763073796e-04,8.180110721699054670e-06,-5.332853346763073796e-04,8.180110721699054670e-06,-5.332853346762935019e-04,8.180110721699068222e-06,-5.332853346762918756e-04,8.180110721699054670e-06
2.740689272133700172e+01,-4.761130423803980413e-21,-1.143845965955793118e-21,-1.000000000016150858e+00,1.657836136979059377e-10,-4.987847920210683456e-09,-1.143561157226913316e-11,-4.987850210541397777e-09,-1.079390396507839966e-11,-4.987848359601825064e-09,-1.131596292364145384e-11,-4.987847920209836423e-09,-1.143561157226913316e-11,-5.341388624749875342e-12,-5.168513391480706625e-13,-5.341388624749875342e-12,-5.168513391480706625e-13,-5.341388624749875342e-12,-5.168513391397988564e-13,-5.341388624749875342e-12,-5.168513391385580855e-13,-4.829095391008503991e-13,-6.033740938935507715e-14,2.378368209384230936e-04,1.655453366863625375e-02,-8.247256305781578561e-03,6.438053007343174983e+00,-7.418981040956546154e-03,6.438055125519239752e+00,-8.092819795303865527e-03,6.438053418280300200e+00,-8.247256305766174217e-03,6.438053007343176759e+00,-5.332846635380915227e-04,8.006942903906668976e-06,-5.332846635380915227e-04,8.006942903906668976e-06,-5.332846635381192782e-04,8.006942904794730505e-06,-5.332846635381192782e-04,8.006942904794718646e-06
2.820739164527067899e+01,-4.999174897135725968e-21,-1.214437811253218817e-21,-1.000000000017249313e+00,1.706257636807477496e-10,-4.987848863659485272e-09,-1.107189340210368300e-11,-4.987851020752658144e-09,-1.044839648828288503e-11,-4.987849278260513613e-09,-1.095542710369268313e-11,-4.987848863660120547e-09,-1.107189318526324850e-11,-5.341452084670041871e-12,-5.359504164635508027e-13,-5.341452084670041871e-12,-5.359504164635508027e-13,-5.341452084670041871e-12,-5.359504164637575979e-13,-5.341452084881800108e-12,-5.359504164834031374e-13,-5.072221225877934555e-13,-6.301725216431645302e-14,2.377943505533827023e-04,1.703805749577237683e-02,-7.739199713383257406e-03,6.255347875770124411e+00,-6.957268470480780162e-03,6.255349812611281202e+00,-7.593137278083271491e-03,6.255348252245790164e+00,-7.739199713379551170e-03,6.255347875770123522e+00,-5.332840177767996436e-04,7.840411876309415017e-06,-5.332840177767996436e-04,7.840411876309415017e-06,-5.332840177767996436e-04,7.840411876309401465e-06,-5.332840177767692860e-04,7.840411874533258078e-06
2.903127149508071625e+01,-5.251206768490876131e-21,-1.290381630853562466e-21,-1.000000000018413049e+00,1.756093386212718294e-10,-4.987849752859003190e-09,-1.071735148544528116e-11,-4.987851784168312791e-09,-1.011154896791988111e-11,-4.987850144053017187e-09,-1.060397147693847852e-11,-4.987849752859109069e-09,-1.071735148544528116e-11,-5.341519921103567744e-12,-5.554937254254533793e-13,-5.341519921103567744e-12,-5.554937254254533793e-13,-5.341519921103567744e-12,-5.554937254254533793e-13,-5.341519921315325981e-12,-5.554937254254533793e-13,-5.329757035767372067e-13,-6.585172960083271776e-14,2.377493586322564773e-04,1.753570405625634945e-02,-7.259570171306722192e-03,6.077827683956408933e+00,-6.521389901887853294e-03,6.077829454639195994e+00,-7.121413263915489338e-03,6.077828028830909446e+00,-7.259570171314776513e-03,6.077827683956408933e+00,-5.332833952507331403e-04,7.680379601333469451e-06,-5.332833952507331403e-04,7.680379601333469451e-06,-5.332833952507331403e-04,7.680379601333469451e-06,-5.332833952507314056e-04,7.680379601333471145e-06
2.987921517948628036e+01,-5.518040242903384401e-21,-1.372132358720801341e-21,-1.000000000019645618e+00,1.807384687876542606e-10,-4.987850590756382471e-09,-1.037169395506909453e-11,-4.987852503320249075e-09,-9.783082764031059142e-12,-4.987850959848977533e-09,-1.026130547719661390e-11,-4.987850590756594229e-09,-1.037169373822866003e-11,-5.341592358408304866e-12,-5.754974638038832958e-13,-5.341592358408304866e-12,-5.754974638038832958e-13,-5.341592358408304866e-12,-5.754974638040900910e-13,-5.341592358514183985e-12,-5.754974638038832958e-13,-5.602556889187273492e-13,-6.885242838656158052e-14,2.377017006445665548e-04,1.804788584585288042e-02,-6.806777120135753742e-03,5.905345293003782636e+00,-6.109899861035925084e-03,5.905346911444094182e+00,-6.676083409286524134e-03,5.905345608900350207e+00,-6.806777120143991944e-03,5.905345293003779972e+00,-5.332827938956489220e-04,7.526713446316207713e-06,-5.332827938956489220e-04,7.526713446316207713e-06,-5.332827938956480546e-04,7.526713446316207713e-06,-5.332827938956480546e-04,7.526713446316207713e-06
3.075192555356456836e+01,-5.800535972354012333e-21,-1.460185100229308319e-21,-1.000000000020951685e+00,1.860174050249052344e-10,-4.987851380130632335e-09,-1.003463284687811097e-11,-4.987853180593500019e-09,-9.462725741871125251e-12,-4.987851728354770797e-09,-9.927145043497898058e-12,-4.987851380130632335e-09,-1.003463284687811097e-11,-5.341669637247489376e-12,-5.959782111092826316e-13,-5.341669637247489376e-12,-5.959782111092826316e-13,-5.341669637247489376e-12,-5.959782111092826316e-13,-5.341669637459247613e-12,-5.959782111109369929e-13,-5.891525475863087089e-13,-7.203190602524816318e-14,2.376512185483029005e-04,1.857502740839687971e-02,-6.379318995295138982e-03,5.737757739281151181e+00,-5.721433751041890732e-03,5.737759218238677406e+00,-6.255670898787731374e-03,5.737758028605620453e+00,-6.379318995304961853e-03,5.737757739281147629e+00,-5.332822117172207350e-04,7.379286032844031867e-06,-5.332822117172207350e-04,7.379286032844031867e-06,-5.332822117172207350e-04,7.379286032844031867e-06,-5.332822117172190002e-04,7.379286032844045419e-06
3.165012600134287624e+01,-6.099603597874596613e-21,-1.555078742435088430e-21,-1.000000000022334801e+00,1.914505225902342345e-10,-4.987852123600143381e-09,-9.705888870392698209e-12,-4.987853818233444085e-09,-9.150212271907820494e-12,-4.987852452118483842e-09,-9.601213053767043704e-12,-4.987852123600249260e-09,-9.705889087233132706e-12,-5.341752013636829580e-12,-6.169529420570698576e-13,-5.341752013636829580e-12,-6.169529420570698576e-13,-5.341752013530950461e-12,-6.169529420566562673e-13,-5.341752013530950461e-12,-6.169529420585174237e-13,-6.197621106740632035e-13,-7.540377736611281454e-14,2.375977473735909479e-04,1.911756568790124594e-02,-5.975778247663948543e-03,5.574926115967122620e+00,-5.354703327107987118e-03,5.574927467141165494e+00,-5.858781547798764221e-03,5.574926380925878000e+00,-5.975778247635411475e-03,5.574926115967121731e+00,-5.332816467848601862e-04,7.237975160125973795e-06,-5.332816467848601862e-04,7.237975160125973795e-06,-5.332816467848202876e-04,7.237975160126014452e-06,-5.332816467848481515e-04,7.237975160126027158e-06
3.257456103540697256e+01,-6.416204389076637926e-21,-1.657399863275994680e-21,-1.000000000023799851e+00,1.970423241888161203e-10,-4.987852823629463848e-09,-9.385190541388865881e-12,-4.987854418355122545e-09,-8.845282796141051840e-12,-4.987853133540396282e-09,-9.283239324822667449e-12,-4.987852823629463848e-09,-9.385190541388865881e-12,-5.341839761167967442e-12,-6.384390405687056795e-13,-5.341839761167967442e-12,-6.384390405687056795e-13,-5.341839761167967442e-12,-6.384390405687056795e-13,-5.341839761273846560e-12,-6.384390405666377280e-13,-6.521858892661918835e-13,-7.898280652207473048e-14,2.375411059733056190e-04,1.967595039040354390e-02,-5.594816643060458901e-03,5.416715457951491786e+00,-5.008492424581865998e-03,5.416716692068821892e+00,-5.484099179234327125e-03,5.416715700568015102e+00,-5.594816643067521827e-03,5.416715457951491786e+00,-5.332810972251123254e-04,7.102663705659353040e-06,-5.332810972251123254e-04,7.102663705659353040e-06,-5.332810972251123254e-04,7.102663705659353040e-06,-5.332810972250968213e-04,7.102663705659349651e-06
3.352599691402280513e+01,-6.751354042240931774e-21,-1.767787021594545868e-21,-1.000000000025351943e+00,2.027974440937593825e-10,-4.987853482540734561e-09,-9.072271579813051545e-12,-4.987854982949009883e-09,-8.547685562826368155e-12,-4.987853774880286142e-09,-8.972960395536855316e-12,-4.987853482540946320e-09,-9.072271579813051545e-12,-5.341933170055566515e-12,-6.604543144717264987e-13,-5.341933170055566515e-12,-6.604543144717264987e-13,-5.341933170055566515e-12,-6.604543144717264987e-13,-5.341933169949687396e-12,-6.604543144721400890e-13,-6.865314110452484138e-13,-8.278500947943270396e-14,2.374811055158160267e-04,2.025064435706454974e-02,-5.235170824232386264e-03,5.262994630000712881e+00,-4.681652925878371056e-03,5.262995756896182264e+00,-5.130381258887257816e-03,5.262994852130702839e+00,-5.235170824226884588e-03,5.262994630000713769e+00,-5.332805612155290358e-04,6.973239501429646062e-06,-5.332805612155290358e-04,6.973239501429646062e-06,-5.332805612155290358e-04,6.973239501429646062e-06,-5.332805612155359747e-04,6.973239501429632509e-06
3.450522227628305671e+01,-7.106125591214308745e-21,-1.886935411417267392e-21,-1.000000000026995961e+00,2.087206519272612193e-10,-4.987854102518929947e-09,-8.766871777143858679e-12,-4.987855513886625398e-09,-8.257173157028008248e-12,-4.987854378264947272e-09,-8.670118442632990252e-12,-4.987854102518929947e-09,-8.766871343462989685e-12,-5.342032550419564612e-12,-6.830170098639425443e-13,-5.342032550419564612e-12,-6.830170098639425443e-13,-5.342032550419564612e-12,-6.830170098639425443e-13,-5.342032550419564612e-12,-6.830170098637357491e-13,-7.229125769791394436e-13,-8.682776394767821938e-14,2.374175483548148641e-04,2.084212394758700251e-02,-4.895648121419262505e-03,5.113636218094810282e+00,-4.373100953115092483e-03,5.113637246785260437e+00,-4.796454775021239368e-03,5.113636421440084234e+00,-4.895648121413073879e-03,5.113636218094811170e+00,-5.332800369785915384e-04,6.849595277990302797e-06,-5.332800369785915384e-04,6.849595277990302797e-06,-5.332800369785915384e-04,6.849595277990302797e-06,-5.332800369785916468e-04,6.849595277990301950e-06
3.551304879580501961e+01,-7.481652442157536896e-21,-2.015601948628415727e-21,-1.000000000028737013e+00,2.148168565230777760e-10,-4.987854685619904848e-09,-8.468738947955967156e-12,-4.987856012929109404e-09,-7.973505102704114833e-12,-4.987854945695653830e-09,-8.374463449090097100e-12,-4.987854685619851908e-09,-8.468738947955967156e-12,-5.342138231544019979e-12,-7.061458265308437204e-13,-5.342138231544019979e-12,-7.061458265308437204e-13,-5.342138231544019979e-12,-7.061458265316709010e-13,-5.342138231861657334e-12,-7.061458265316709010e-13,-7.614500389962447959e-13,-9.112993063710089079e-14,2.373502217381615736e-04,2.145087943507827458e-02,-4.575122597326736727e-03,4.968516423845954932e+00,-4.081813273896501074e-03,4.968517362598030118e+00,-4.481212348441350468e-03,4.968516609967172037e+00,-4.575122597329944231e-03,4.968516423845955821e+00,-5.332795227758462681e-04,6.731628543028019793e-06,-5.332795227758462681e-04,6.731628543028019793e-06,-5.332795227758462681e-04,6.731628543028033346e-06,-5.332795227758514722e-04,6.731628543028040122e-06
3.655031185352166290e+01,-7.879131580264901476e-21,-2.154610811633153855e-21,-1.000000000030581759e+00,2.210911101820176722e-10,-4.987855233776959026e-09,-8.177626219414702025e-12,-4.987856481731484872e-09,-7.696445585882172313e-12,-4.987855479053718931e-09,-8.085749951536325142e-12,-4.987855233777117845e-09,-8.177626110994484776e-12,-5.342250565053484844e-12,-7.298599332850436802e-13,-5.342250565053484844e-12,-7.298599332850436802e-13,-5.342250565053484844e-12,-7.298599332850436802e-13,-5.342250565159363963e-12,-7.298599332833893190e-13,-8.022716001796071322e-13,-9.571198435262808150e-14,2.372789080934533529e-04,2.207741541256068307e-02,-4.272531313340628169e-03,4.827514961911473890e+00,-3.806823907942194930e-03,4.827515818303815820e+00,-4.183608560261750306e-03,4.827515132239834195e+00,-4.272531313361954859e-03,4.827514961911470337e+00,-5.332790169020830331e-04,6.619241512513029966e-06,-5.332790169020830331e-04,6.619241512513029966e-06,-5.332790169020830331e-04,6.619241512513029966e-06,-5.332790169020596143e-04,6.619241512513040978e-06
3.761787123012351941e+01,-8.299826882191145950e-21,-2.304859475650438142e-21,-1.000000000032535530e+00,2.275486123040192793e-10,-4.987855748808460462e-09,-7.893291489174947273e-12,-4.987856921848110200e-09,-7.425766815685741484e-12,-4.987855980108012066e-09,-7.803738666552206826e-12,-4.987855748808883978e-09,-7.893291489174947273e-12,-5.342369922160148342e-12,-7.541789838181622901e-13,-5.342369922160148342e-12,-7.541789838181622901e-13,-5.342369922160148342e-12,-7.541789838181622901e-13,-5.342369922266027461e-12,-7.541789838198166513e-13,-8.455126386750567171e-13,-1.005961570002009129e-13,2.372033699579358806e-04,2.272225121114571436e-02,-3.986870804607788379e-03,4.690514960316371607e+00,-3.547220923897911535e-03,4.690515741296651164e+00,-3.902656485137823584e-03,4.690515116164323928e+00,-3.986870804603482796e-03,4.690514960316375159e+00,-5.332785176796691912e-04,6.512341031229491475e-06,-5.332785176796691912e-04,6.512341031229491475e-06,-5.332785176796691912e-04,6.512341031229491475e-06,-5.332785176796953205e-04,6.512341031229467758e-06
3.871661181872536872e+01,-8.745072592561481307e-21,-2.467325298616893191e-21,-1.000000000034605430e+00,2.341947143754807142e-10,-4.987856232422239334e-09,-7.615499268524839049e-12,-4.987857334738529034e-09,-7.161242627541641870e-12,-4.987856450520544227e-09,-7.528195623308919782e-12,-4.987856232422424622e-09,-7.615499051684404552e-12,-5.342496698534275959e-12,-7.791231330779677820e-13,-5.342496698534275959e-12,-7.791231330779677820e-13,-5.342496698534275959e-12,-7.791231330779677820e-13,-5.342496698534275959e-12,-7.791231330767270111e-13,-8.913165565355648345e-13,-1.058065937473541688e-13,2.371233531069764922e-04,2.338592133042923654e-02,-3.717193752375762099e-03,4.557402863603069676e+00,-3.302143414971303419e-03,4.557403575540314833e+00,-3.637424418409040267e-03,4.557403006174141957e+00,-3.717193752385335604e-03,4.557402863603065235e+00,-5.332780234531918481e-04,6.410838485041190625e-06,-5.332780234531918481e-04,6.410838485041190625e-06,-5.332780234531918481e-04,6.410838485041190625e-06,-5.332780234531909807e-04,6.410838485041177919e-06
3.984744435834847565e+01,-9.216276940898836501e-21,-2.643072706526367043e-21,-1.000000000036797898e+00,2.410349243060685293e-10,-4.987856686222655454e-09,-7.344019489763375930e-12,-4.987857721772777462e-09,-6.902654229451465895e-12,-4.987856891850729540e-09,-7.258892814089590306e-12,-4.987856686222576045e-09,-7.344019489763375930e-12,-5.342631315363000717e-12,-8.047130538452830246e-13,-5.342631315363000717e-12,-8.047130538452830246e-13,-5.342631315363000717e-12,-8.047130538452830246e-13,-5.342631315574758954e-12,-8.047130538452830246e-13,-9.398352554789899694e-13,-1.113695240121781508e-13,2.370385904935032317e-04,2.406897588167962454e-02,-3.462605842583333510e-03,4.428068338728064823e+00,-3.070778644298651893e-03,4.428068987460636485e+00,-3.387032786504822531e-03,4.428068469125896023e+00,-3.462605842588147367e-03,4.428068338728065712e+00,-5.332775325836367755e-04,6.314649735514227945e-06,-5.332775325836367755e-04,6.314649735514227945e-06,-5.332775325836367755e-04,6.314649735514227945e-06,-5.332775325836351492e-04,6.314649735514227945e-06
4.101130618882631040e+01,-9.714925906856959066e-21,-2.833260990531118385e-21,-1.000000000039120041e+00,2.480749104402657501e-10,-4.987857111713536412e-09,-7.078626964099332675e-12,-4.987858084233041682e-09,-6.649787274645713175e-12,-4.987857305562532105e-09,-6.995606784826469138e-12,-4.987857111713536412e-09,-7.078627180939767172e-12,-5.342774219456202292e-12,-8.309699539180423634e-13,-5.342774219456202292e-12,-8.309699539180423634e-13,-5.342774219456202292e-12,-8.309699539180423634e-13,-5.342774219667960529e-12,-8.309699539263141695e-13,-9.912296406383989755e-13,-1.173134442622519666e-13,2.369488077940476445e-04,2.477198104363503503e-02,-3.222262800092282834e-03,4.302404183627951184e+00,-2.852359349468506708e-03,4.302404774507567531e+00,-3.150651229964736896e-03,4.302404302864544228e+00,-3.222262800082980813e-03,4.302404183627949408e+00,-5.332770434432485343e-04,6.223695048105969805e-06,-5.332770434432485343e-04,6.223695048105969805e-06,-5.332770434432485343e-04,6.223695048105969805e-06,-5.332770434432252240e-04,6.223695047217905734e-06
4.220916202775953252e+01,-1.024258712744847868e-20,-3.039152864702131613e-21,-1.000000000041580073e+00,2.553205068157524127e-10,-4.987857510306171445e-09,-6.819102249012998218e-12,-4.987858423322800002e-09,-6.402432403684876761e-12,-4.987857693027430612e-09,-6.738119177202017696e-12,-4.987857510306369968e-09,-6.819102140592780970e-12,-5.342925883564144372e-12,-8.579155936119518403e-13,-5.342925883564144372e-12,-8.579155936119518403e-13,-5.342925883564144372e-12,-8.579155936119518403e-13,-5.342925883564144372e-12,-8.579155936119518403e-13,-1.045670154175612793e-12,-1.236693229520067315e-13,2.368536995181365346e-04,2.549551953204907961e-02,-2.995367588906300543e-03,4.180306238378893369e+00,-2.646161198320186401e-03,4.180306776310987793e+00,-2.927495849933806505e-03,4.180306347382201970e+00,-2.995367588904564952e-03,4.180306238378892481e+00,-5.332765544098991284e-04,6.137899025724940229e-06,-5.332765544098991284e-04,6.137899025724940229e-06,-5.332765544098991284e-04,6.137899025724940229e-06,-5.332765544098991284e-04,6.137899025724939382e-06
4.344200477016420336e+01,-1.080091393680160280e-20,-3.262123736623867375e-21,-1.000000000044185766e+00,2.627777175002142529e-10,-4.987857883323526756e-09,-6.565229371431613448e-12,-4.987858740165459647e-09,-6.160383943416836150e-12,-4.987858055531039924e-09,-6.486216511808473584e-12,-4.987857883323586313e-09,-6.565229588272047945e-12,-5.343086811353793216e-12,-8.855723037698654906e-13,-5.343086811353793216e-12,-8.855723037698654906e-13,-5.343086811459672335e-12,-8.855723037611800942e-13,-5.343086811671430572e-12,-8.855723037603529136e-13,-1.103337340648014444e-12,-1.304708181498324690e-13,2.367529574079339783e-04,2.624019108239520476e-02,-2.781167769116379279e-03,4.061673298876205429e+00,-2.451500386800276390e-03,4.061673788356959136e+00,-2.716826608584490838e-03,4.061673398497102738e+00,-2.781167769113226853e-03,4.061673298876208982e+00,-5.332760638619312137e-04,6.057190549174131892e-06,-5.332760638619312137e-04,6.057190549174131892e-06,-5.332760638619034581e-04,6.057190550062245091e-06,-5.332760638619225401e-04,6.057190550062208668e-06
4.471085631147609263e+01,-1.139164961180950857e-20,-3.503671855202339722e-21,-1.000000000046946003e+00,2.704527222020889493e-10,-4.987858232001390328e-09,-6.316798755075236915e-12,-4.987859035811702122e-09,-5.923442292221636762e-12,-4.987858394274956511e-09,-6.239690621828719586e-12,-4.987858232001383710e-09,-6.316798646655019667e-12,-5.343257536350026478e-12,-9.139630043117241695e-13,-5.343257536350026478e-12,-9.139630043117241695e-13,-5.343257536350026478e-12,-9.139630043146193017e-13,-5.343257536244147359e-12,-9.139630043100698083e-13,-1.164422445767943048e-12,-1.377545188454662575e-13,2.366462427629088122e-04,2.700661294719868336e-02,-2.578953001617195675e-03,3.946407032962614636e+00,-2.267731371389827139e-03,3.946407478112905043e+00,-2.517944874920931102e-03,3.946407123981257925e+00,-2.578953001626087867e-03,3.946407032962612416e+00,-5.332755701725875761e-04,5.981502711192904574e-06,-5.332755701725875761e-04,5.981502711192904574e-06,-5.332755701725658921e-04,5.981502710748900067e-06,-5.332755701725816130e-04,5.981502711192918127e-06
4.601676839459325663e+01,-1.201663166116708449e-20,-3.765429349097155252e-21,-1.000000000049869886e+00,2.783518805531647045e-10,-4.987858557496339328e-09,-6.073603751009792884e-12,-4.987859311243165821e-09,-5.691410450564537982e-12,-4.987858710382715813e-09,-5.998336809892590438e-12,-4.987858557496379032e-09,-6.073603967850227381e-12,-5.343438624264973803e-12,-9.431112231170209851e-13,-5.343438624264973803e-12,-9.431112231170209851e-13,-5.343438624264973803e-12,-9.431112231170209851e-13,-5.343438624264973803e-12,-9.431112231199161173e-13,-1.229128050710085199e-12,-1.455602054155470801e-13,2.365332035003300110e-04,2.779542040761258381e-02,-2.388052692481749777e-03,3.834411898935690122e+00,-2.094244728354894506e-03,3.834412303532252597e+00,-2.330191108071740912e-03,3.834411982067400970e+00,-2.388052692470426803e-03,3.834411898935691454e+00,-5.332750717047665201e-04,5.910772767021765583e-06,-5.332750717047665201e-04,5.910772767021765583e-06,-5.332750717047665201e-04,5.910772767021765583e-06,-5.332750717047655444e-04,5.910772766577706866e-06
4.736082348165896150e+01,-1.267779635895455272e-20,-4.049174273317789128e-21,-1.000000000052966742e+00,2.864817383156376823e-10,-4.987858860888003274e-09,-5.835443131312068044e-12,-4.987859567371926557e-09,-5.464096080980140879e-12,-4.987859004903165474e-09,-5.761954390177959073e-12,-4.987858860888188562e-09,-5.835443131312068044e-12,-5.343630676068511270e-12,-9.730411155462637548e-13,-5.343630676068511270e-12,-9.730411155462637548e-13,-5.343630676068511270e-12,-9.730411155462637548e-13,-5.343630676068511270e-12,-9.730411155462637548e-13,-1.297668744075363643e-12,-1.539311352165045645e-13,2.364134630402255077e-04,2.860726729992608616e-02,-2.207833769124918025e-03,3.725595066367157759e+00,-1.930465132658400673e-03,3.725595433871138784e+00,-2.152942670113966624e-03,3.725595142267760007e+00,-2.207833769126513104e-03,3.725595066367159980e+00,-5.332745668054362760e-04,5.844942078967230417e-06,-5.332745668054362760e-04,5.844942078967230417e-06,-5.332745668054362760e-04,5.844942078967230417e-06,-5.332745668054362760e-04,5.844942078967229570e-06
4.874413565130762294e+01,-1.337718330977552763e-20,-4.356843729262337874e-21,-1.000000000056247673e+00,2.948490318002358612e-10,-4.987859143182485253e-09,-5.602119679606887281e-12,-4.987859805047995128e-09,-5.241311182811736469e-12,-4.987859278812074215e-09,-5.530348531554429847e-12,-4.987859143182458783e-09,-5.602119571186670033e-12,-5.343834328623536095e-12,-1.003777484336736689e-12,-5.343834328623536095e-12,-1.003777484336736689e-12,-5.343834328623536095e-12,-1.003777484342113363e-12,-5.343834328623536095e-12,-1.003777484345422085e-12,-1.370271833525350938e-12,-1.629143520962714828e-13,2.362866281476177360e-04,2.944282655759211664e-02,-2.037698580969677428e-03,3.619866339168414271e+00,-1.775849450222656166e-03,3.619866672751578029e+00,-1.985611761231626752e-03,3.619866408439189609e+00,-2.037698580973322082e-03,3.619866339168414715e+00,-5.332740538003739091e-04,5.783956074108310657e-06,-5.332740538003739091e-04,5.783956074108310657e-06,-5.332740538003608987e-04,5.783956073664312927e-06,-5.332740538003652355e-04,5.783956073220230493e-06
5.016785152211741661e+01,-1.411694020637713514e-20,-4.690548179781935966e-21,-1.000000000059722449e+00,3.034606945069573403e-10,-4.987859405315968432e-09,-5.373439540545810189e-12,-4.987860025059853329e-09,-5.022870249067612480e-12,-4.987859533018440738e-09,-5.303326462875734837e-12,-4.987859405315756674e-09,-5.373439432125592941e-12,-5.344050256697669885e-12,-1.035345800269194404e-12,-5.344050256697669885e-12,-1.035345800269194404e-12,-5.344050256697669885e-12,-1.035345800269194404e-12,-5.344050256380032530e-12,-1.035345800272089536e-12,-1.447178099823831747e-12,-1.725610256373097290e-13,2.361522719061572018e-04,3.030279076898227675e-02,-1.877082917440040140e-03,3.517138080838668746e+00,-1.629884936678898137e-03,3.517138383407417468e+00,-1.827643470482146404e-03,3.517138144030842462e+00,-1.877082917441016139e-03,3.517138080838669190e+00,-5.332735309883626694e-04,5.727764186316292190e-06,-5.332735309883626694e-04,5.727764186316292190e-06,-5.332735309883626694e-04,5.727764186316292190e-06,-5.332735309883609347e-04,5.727764186316315907e-06
5.163315120303506944e+01,-1.489932767483369263e-20,-5.052587047130219543e-21,-1.000000000063403505e+00,3.123238615974043009e-10,-4.987859648157243915e-09,-5.149213520849738046e-12,-4.987860228136478889e-09,-4.808592976926484575e-12,-4.987859768364983416e-09,-5.080700291905382304e-12,-4.987859648157561553e-09,-5.149213195589086300e-12,-5.344279176880786016e-12,-1.067772223071956775e-12,-5.344279176880786016e-12,-1.067772223071956775e-12,-5.344279176880786016e-12,-1.067772223067407281e-12,-5.344279176880786016e-12,-1.067772223068648052e-12,-1.528642595339451094e-12,-1.829268195079720812e-13,2.360099543976881820e-04,3.118787275146843105e-02,-1.725454136991213475e-03,3.417325141833772673e+00,-1.492087537008313265e-03,3.417325416051204545e+00,-1.678513935592230825e-03,3.417325199452679652e+00,-1.725454136993828354e-03,3.417325141833769120e+00,-5.332729966357430086e-04,5.676319828176628929e-06,-5.332729966357430086e-04,5.676319828176628929e-06,-5.332729966357421412e-04,5.676319828620695269e-06,-5.332729966357352023e-04,5.676319828620722374e-06
5.314124927156058931e+01,-1.572672419703875748e-20,-5.445465711732542563e-21,-1.000000000067302830e+00,3.214458770505173452e-10,-4.987859872512634130e-09,-4.929255571425872340e-12,-4.987860414951607109e-09,-4.598301448811847880e-12,-4.987859985632322518e-09,-4.862285921114484211e-12,-4.987859872512660599e-09,-4.929255463005655091e-12,-5.344521848114405229e-12,-1.101083623121578712e-12,-5.344521848114405229e-12,-1.101083623121578712e-12,-5.344521848114405229e-12,-1.101083623119510761e-12,-5.344521848008526111e-12,-1.101083623120751532e-12,-1.614935490137833538e-12,-1.940722930399708474e-13,2.358592044991413006e-04,3.209880614218526412e-02,-1.582309400682617787e-03,3.320344788995637675e+00,-1.362000280341555238e-03,3.320345037301743130e+00,-1.537728605706838777e-03,3.320344841504513145e+00,-1.582309400690864011e-03,3.320344788995635010e+00,-5.332724489705560449e-04,5.629580346257640238e-06,-5.332724489705560449e-04,5.629580346257640238e-06,-5.332724489705612490e-04,5.629580346257599581e-06,-5.332724489705629838e-04,5.629580346257626686e-06
5.469339578050274753e+01,-1.660163114679314604e-20,-5.871914065997252371e-21,-1.000000000071433082e+00,3.308342987583257067e-10,-4.987860079125331077e-09,-4.713383437889018257e-12,-4.987860586125001409e-09,-4.391821541854801225e-12,-4.987860185540780158e-09,-4.647901529798714737e-12,-4.987860079125542835e-09,-4.713383329468801008e-12,-5.344779074656310941e-12,-1.135307603700212498e-12,-5.344779074656310941e-12,-1.135307603700212498e-12,-5.344779074656310941e-12,-1.135307603700212498e-12,-5.344779074868069178e-12,-1.135307603699798908e-12,-1.706342967958478904e-12,-2.060633403504442116e-13,2.356995126162764881e-04,3.303634600626092349e-02,-1.447174004707699364e-03,3.226116636983827224e+00,-1.239191764483874372e-03,3.226116861614031439e+00,-1.404820601323873925e-03,3.226116684807292412e+00,-1.447174004704681162e-03,3.226116636983828112e+00,-5.332718861767689941e-04,5.587506980951964011e-06,-5.332718861767689941e-04,5.587506980951964011e-06,-5.332718861767689941e-04,5.587506980951964011e-06,-5.332718861767741982e-04,5.587506980951967399e-06
5.629087729413985386e+01,-1.752667786533599779e-20,-6.334906709746509041e-21,-1.000000000075808249e+00,3.404969053022108283e-10,-4.987860268680981459e-09,-4.501418118460498441e-12,-4.987860742223697407e-09,-4.188982060532309148e-12,-4.987860368753794891e-09,-4.437369634062438006e-12,-4.987860268680981459e-09,-4.501418118460498441e-12,-5.345051710950988696e-12,-1.170472523743901807e-12,-5.345051710950988696e-12,-1.170472523743901807e-12,-5.345051710950988696e-12,-1.170472523743901807e-12,-5.345051711056867814e-12,-1.170472523745556169e-12,-1.803168175661043564e-12,-2.189716670745028350e-13,2.355303586962665535e-04,3.400126946259161842e-02,-1.319599806147090781e-03,3.134562581652486468e+00,-1.123254725337125177e-03,3.134562784654649548e+00,-1.279349166095816292e-03,3.134562625179739381e+00,-1.319599806142030592e-03,3.134562581652486024e+00,-5.332713063881369588e-04,5.550064841922102367e-06,-5.332713063881369588e-04,5.550064841922102367e-06,-5.332713063881369588e-04,5.550064841922102367e-06,-5.332713063881473672e-04,5.550064841922101520e-06
5.793501795464459292e+01,-1.850462674476444859e-20,-6.837684982312507286e-21,-1.000000000080442986e+00,3.504417021057536913e-10,-4.987860441808004312e-09,-4.293184189228804737e-12,-4.987860883766238085e-09,-3.989614302986332905e-12,-4.987860535878477582e-09,-4.230516111036752847e-12,-4.987860441808004312e-09,-4.293184297649021985e-12,-5.345340658982648200e-12,-1.206607521321689809e-12,-5.345340658982648200e-12,-1.206607521321689809e-12,-5.345340658982648200e-12,-1.206607521321689809e-12,-5.345340658982648200e-12,-1.206607521320035448e-12,-1.905732228550214226e-12,-2.328753104779821185e-13,2.353511807041772791e-04,3.499437632795124320e-02,-1.199163736854285322e-03,3.045606735317525349e+00,-1.013804686289585368e-03,3.045606918567546728e+00,-1.160898205103612748e-03,3.045606774905292191e+00,-1.199163736861653560e-03,3.045606735317522684e+00,-5.332707076820764275e-04,5.517222875089099773e-06,-5.332707076820764275e-04,5.517222875089099773e-06,-5.332707076820764275e-04,5.517222875089099773e-06,-5.332707076820765359e-04,5.517222875089086221e-06
5.962718057965700780e+01,-1.953837836194040187e-20,-7.383780986704699295e-21,-1.000000000085352170e+00,3.606769282923135561e-10,-4.987860599080317397e-09,-4.088508936787860204e-12,-4.987861011221403241e-09,-3.793554229428175439e-12,-4.987860687469370114e-09,-4.027168789416668560e-12,-4.987860599080423277e-09,-4.088508828367642955e-12,-5.345646878545497812e-12,-1.243742537671833403e-12,-5.345646878545497812e-12,-1.243742537671833403e-12,-5.345646878545497812e-12,-1.243742537671833403e-12,-5.345646878757256049e-12,-1.243742537671006223e-12,-2.014375275594251161e-12,-2.478592078110904135e-13,2.351613770005811510e-04,3.601648978000568380e-02,-1.085466400456022284e-03,2.959175363860414354e+00,-9.104786832463926697e-04,2.959175529076521816e+00,-1.049074905071848947e-03,2.959175399835612730e+00,-1.085466400450719017e-03,2.959175363860414798e+00,-5.332700880733373281e-04,5.488953839423646317e-06,-5.332700880733373281e-04,5.488953839423646317e-06,-5.332700880733373281e-04,5.488953839423646317e-06,-5.332700880733355934e-04,5.488953839423632764e-06
6.136876779191526765e+01,-2.063097654771070559e-20,-7.977043768353364937e-21,-1.000000000090552232e+00,3.712110635155016491e-10,-4.987860741020328286e-09,-3.887222466657236364e-12,-4.987861125012338770e-09,-3.600638016909574191e-12,-4.987860824029080661e-09,-3.827159943126101638e-12,-4.987860741020381226e-09,-3.887222358237019115e-12,-5.345971383749733631e-12,-1.281908341998610035e-12,-5.345971383749733631e-12,-1.281908341998610035e-12,-5.345971383855612749e-12,-1.281908341999850806e-12,-5.345971383749733631e-12,-1.281908341997782855e-12,-2.129457627730372082e-12,-2.640158136958090541e-13,2.349603250846599156e-04,3.706845703956430232e-02,-9.781307478121316779e-04,2.875196825616503915e+00,-8.129340608902522244e-04,2.875196974372368874e+00,-9.435084316133969529e-04,2.875196858278731948e+00,-9.781307478093853938e-04,2.875196825616504359e+00,-5.332694455073059116e-04,5.465234280203669539e-06,-5.332694455073059116e-04,5.465234280203669539e-06,-5.332694455073093811e-04,5.465234280203689868e-06,-5.332694455073060200e-04,5.465234280203662763e-06
6.316122318188066487e+01,-2.178561335988629872e-20,-8.621667861027543318e-21,-1.000000000096060049e+00,3.820528344101840890e-10,-4.987860868098246143e-09,-3.689158028542804946e-12,-4.987861225515709638e-09,-3.410706829812260032e-12,-4.987860946010454214e-09,-3.630323472392227302e-12,-4.987860868097928506e-09,-3.689158028542804946e-12,-5.346315251174231617e-12,-1.321136556846082984e-12,-5.346315251174231617e-12,-1.321136556846082984e-12,-5.346315251174231617e-12,-1.321136556846082984e-12,-5.346315251385989854e-12,-1.321136556846082984e-12,-2.251360953035327903e-12,-2.814457750665467529e-13,2.347473582248581908e-04,3.815115007288263221e-02,-8.768008267420687469e-04,2.793601511997247933e+00,-7.208473364295596040e-04,2.793601645734023808e+00,-8.438486995574108213e-04,2.793601541621021589e+00,-8.768008267423816476e-04,2.793601511997248821e+00,-5.332687778533010212e-04,5.446044512656491758e-06,-5.332687778533010212e-04,5.446044512656491758e-06,-5.332687778533010212e-04,5.446044512656491758e-06,-5.332687778533063338e-04,5.446044512656478205e-06
6.500603250432047275e+01,-2.300563396471349276e-20,-9.322224398720273792e-21,-1.000000000101895381e+00,3.932112223174223653e-10,-4.987860980734834584e-09,-3.494151365815434396e-12,-4.987861313065511522e-09,-3.223602483039267330e-12,-4.987861053817949004e-09,-3.436496421628520981e-12,-4.987860980734993403e-09,-3.494151582655868893e-12,-5.346679622090009078e-12,-1.361459684235767950e-12,-5.346679622090009078e-12,-1.361459684235767950e-12,-5.346679622090009078e-12,-1.361459684230391276e-12,-5.346679622195888197e-12,-1.361459684230391276e-12,-2.380489542689808533e-12,-3.002586649471382229e-13,2.345217669932515847e-04,3.926546631436330509e-02,-7.811406015082594800e-04,2.714321789797216500e+00,-6.339131267913646799e-04,2.714321909834556568e+00,-7.497652119060470733e-04,2.714321816634072793e+00,-7.811406015078196192e-04,2.714321789797215612e+00,-5.332680828974542455e-04,5.431368603302677831e-06,-5.332680828974542455e-04,5.431368603302677831e-06,-5.332680828974568476e-04,5.431368603746692502e-06,-5.332680828974567392e-04,5.431368603746692502e-06
6.690472490984055298e+01,-2.429454128957559077e-20,-1.008369504041460976e-20,-1.000000000108075771e+00,4.046954708738885464e-10,-4.987861079304693931e-09,-3.302041799713162362e-12,-4.987861387951959087e-09,-3.039170260940582402e-12,-4.987861147809330573e-09,-3.245517244711282334e-12,-4.987861079304852750e-09,-3.302041799713162362e-12,-5.347065703095499377e-12,-1.402911132472661574e-12,-5.347065703095499377e-12,-1.402911132472661574e-12,-5.347065703095499377e-12,-1.402911132473075164e-12,-5.347065703201378496e-12,-1.402911132472247984e-12,-2.517271652241994270e-12,-3.205737837325919470e-13,2.342828044818584532e-04,4.041232941036872889e-02,-6.908328384921582493e-04,2.637291945138013016e+00,-5.518431359349170720e-04,2.637292052684200527e+00,-6.609459638933842937e-04,2.637291969418390281e+00,-6.908328384931177683e-04,2.637291945138011684e+00,-5.332673583354273321e-04,5.421194359918970870e-06,-5.332673583354273321e-04,5.421194359918970870e-06,-5.332673583354316689e-04,5.421194359918977646e-06,-5.332673583354257058e-04,5.421194359918964941e-06
6.885887421238845718e+01,-2.565600043272534749e-20,-1.091150895917981882e-20,-1.000000000114622312e+00,4.165150924899732598e-10,-4.987861164134567143e-09,-3.112668434633591996e-12,-4.987861450423550622e-09,-2.857257399430102041e-12,-4.987861228296307046e-09,-3.057228515485066467e-12,-4.987861164134514203e-09,-3.112668543053809245e-12,-5.347474774798639645e-12,-1.445525243768937995e-12,-5.347474774798639645e-12,-1.445525243768937995e-12,-5.347474774798639645e-12,-1.445525243769765176e-12,-5.347474775116277000e-12,-1.445525243768937995e-12,-2.662160922082057550e-12,-3.425210325497201877e-13,2.340296766893297520e-04,4.159268998494310143e-02,-6.055780541724380822e-04,2.562448129002762531e+00,-4.743651987726009477e-04,2.562448225163981519e+00,-5.770964082708172514e-04,2.562448150937754132e+00,-6.055780541730101073e-04,2.562448129002762975e+00,-5.332666017646928852e-04,5.415513317188336922e-06,-5.332666017646928852e-04,5.415513317188336922e-06,-5.332666017646928852e-04,5.415513317188336922e-06,-5.332666017646971136e-04,5.415513317188323370e-06
7.087010019377773062e+01,-2.709384275589534568e-20,-1.181158315020262638e-20,-1.000000000121557653e+00,4.286798777823445927e-10,-4.987861235505510339e-09,-2.925875795985188876e-12,-4.987861500687173927e-09,-2.677712760724981766e-12,-4.987861295545905558e-09,-2.871474000416818217e-12,-4.987861235505457399e-09,-2.925875579144754379e-12,-5.347908194569727855e-12,-1.489337322535593750e-12,-5.347908194569727855e-12,-1.489337322535593750e-12,-5.347908194569727855e-12,-1.489337322535593750e-12,-5.347908194781486092e-12,-1.489337322536420930e-12,-2.815637882383505319e-12,-3.662418644121877546e-13,2.337615459318768268e-04,4.280752642759663718e-02,-5.250935219413969176e-04,2.489728304316009666e+00,-4.012223786444926743e-04,2.489728390104850142e+00,-4.979384785099116688e-04,2.489728324098963608e+00,-5.250935219450051424e-04,2.489728304316008334e+00,-5.332658106766125341e-04,5.414320731969147898e-06,-5.332658106766125341e-04,5.414320731969147898e-06,-5.332658106766125341e-04,5.414320731969147898e-06,-5.332658106766132930e-04,5.414320731969141121e-06
7.294006994631462248e+01,-2.861206945626017493e-20,-1.279036637783381504e-20,-1.000000000128903332e+00,4.411999028381026478e-10,-4.987861293654110410e-09,-2.741508029705658211e-12,-4.987861538909641551e-09,-2.500387809127591066e-12,-4.987861349781001654e-09,-2.688100013848587766e-12,-4.987861293654163349e-09,-2.741508083915766836e-12,-5.348367398235488724e-12,-1.534383664563725423e-12,-5.348367398235488724e-12,-1.534383664563725423e-12,-5.348367398235488724e-12,-1.534383664563725423e-12,-5.348367398447246960e-12,-1.534383664567034145e-12,-2.978211547055811538e-12,-3.918903209111947808e-13,2.334775178135899132e-04,4.405784570435264391e-02,-4.491123345508470869e-04,2.419072194525178077e+00,-3.321721151912651539e-04,2.419072270868446672e+00,-4.232096666974993109e-04,2.419072212333165162e+00,-4.491123345456720273e-04,2.419072194525179853e+00,-5.332649824481431114e-04,5.417615577761046912e-06,-5.332649824481431114e-04,5.417615577761046912e-06,-5.332649824481431114e-04,5.417615577761046912e-06,-5.332649824481380156e-04,5.417615577316998360e-06
7.507049925464022522e+01,-3.021485471556916535e-20,-1.385488711032669997e-20,-1.000000000136684664e+00,4.540855365873543159e-10,-4.987861338773596746e-09,-2.559412913809983037e-12,-4.987861565217955497e-09,-2.325135418403123655e-12,-4.987861391181483956e-09,-2.506953629063946032e-12,-4.987861338773543806e-09,-2.559413022230200285e-12,-5.348853909396436123e-12,-1.580701586913046720e-12,-5.348853909396436123e-12,-1.580701586913046720e-12,-5.348853909396436123e-12,-1.580701586913046720e-12,-5.348853909078798768e-12,-1.580701586912219540e-12,-3.150421102588741747e-12,-4.196341648113908057e-13,2.331766568483498864e-04,4.534468419236821479e-02,-3.773825189489014831e-04,2.350421233641049934e+00,-2.669854200335073985e-04,2.350421301386913964e+00,-3.526621529618308160e-04,2.350421249636206245e+00,-3.773825189498221334e-04,2.350421233641048602e+00,-5.332641143331174997e-04,5.425400544189236515e-06,-5.332641143331174997e-04,5.425400544189236515e-06,-5.332641143331174997e-04,5.425400544189236515e-06,-5.332641143331080672e-04,5.425400544189264467e-06
7.726315401793335980e+01,-3.190654809197265211e-20,-1.501280573177943223e-20,-1.000000000144927181e+00,4.673474516994451100e-10,-4.987861371013841240e-09,-2.379439364725427497e-12,-4.987861579699148401e-09,-2.151810413880683726e-12,-4.987861419884889440e-09,-2.327885551423741761e-12,-4.987861371013735361e-09,-2.379439364725427497e-12,-5.349369340485664271e-12,-1.628329458701205230e-12,-5.349369340485664271e-12,-1.628329458701205230e-12,-5.349369340379785153e-12,-1.628329458701205230e-12,-5.349369340379785153e-12,-1.628329458701205230e-12,-3.332837696661972060e-12,-4.496561099624848354e-13,2.328579621162021884e-04,4.666910853890109123e-02,-3.096662007259460636e-04,2.283718517695805250e+00,-2.054461173376892589e-04,2.283718577620366563e+00,-2.860619836860031477e-04,2.283718532026575598e+00,-3.096662007204632533e-04,2.283718517695807027e+00,-5.332632034531351647e-04,5.437682041270467801e-06,-5.332632034531351647e-04,5.437682041270467801e-06,-5.332632034531334300e-04,5.437682041270494906e-06,-5.332632034531360320e-04,5.437682041270467801e-06
7.951985171365303984e+01,-3.369167611667644769e-20,-1.627247150775311712e-20,-1.000000000153658197e+00,4.809966309797519823e-10,-4.987861390481093588e-09,-2.201437979392623090e-12,-4.987861582401289381e-09,-1.980269138772416948e-12,-4.987861435986138734e-09,-2.150746974179801319e-12,-4.987861390480775951e-09,-2.201438087812840338e-12,-5.349915400286265135e-12,-1.677306732767429088e-12,-5.349915400286265135e-12,-1.677306732767429088e-12,-5.349915400286265135e-12,-1.677306732767429088e-12,-5.349915400286265135e-12,-1.677306732766601908e-12,-3.526066332927400146e-12,-4.821551670163720877e-13,2.325203771032131883e-04,4.803221654546373925e-02,-2.457388152030305791e-04,2.218908757578497593e+00,-1.473501269433514778e-04,2.218908810391804654e+00,-2.231882956386248057e-04,2.218908770380760398e+00,-2.457388152029245983e-04,2.218908757578498481e+00,-5.332622467880726753e-04,5.454470197491735056e-06,-5.332622467880726753e-04,5.454470197491735056e-06,-5.332622467880726753e-04,5.454470197491735056e-06,-5.332622467880726753e-04,5.454470197491728280e-06
8.184246290403389423e+01,-3.557494289663157346e-20,-1.764298466310302868e-20,-1.000000000162906799e+00,4.950443769106624425e-10,-4.987861397240522386e-09,-2.025261739996980781e-12,-4.987861573333695802e-09,-1.810369020492641479e-12,-4.987861439539124311e-09,-1.975391475828730536e-12,-4.987861397240628265e-09,-2.025261631576763532e-12,-5.350493900495833773e-12,-1.727673978092216731e-12,-5.350493900495833773e-12,-1.727673978092216731e-12,-5.350493900495833773e-12,-1.727673978092216731e-12,-5.350493900601712891e-12,-1.727673978090562369e-12,-3.730747878153782006e-12,-5.173481076820940273e-13,2.321627805192318789e-04,4.943513807774572999e-02,-1.853883627698844796e-04,2.155938233208810839e+00,-9.250478759771583992e-05,2.155938279560368986e+00,-1.638325835194929375e-04,2.155938244606911969e+00,-1.853883627660593060e-04,2.155938233208811283e+00,-5.332612411660023590e-04,5.475778878705376832e-06,-5.332612411660023590e-04,5.475778878705376832e-06,-5.332612411660023590e-04,5.475778878705376832e-06,-5.332612411659910833e-04,5.475778878705383609e-06
8.423291278658318504e+01,-3.756122963490682925e-20,-1.913426406032782090e-20,-1.000000000172703407e+00,5.095023228730670428e-10,-4.987861391314468129e-09,-1.850764062404780530e-12,-4.987861552466509751e-09,-1.641969980120672190e-12,-4.987861430555492872e-09,-1.801673122758112866e-12,-4.987861391314468129e-09,-1.850763953984563281e-12,-5.351106758373446294e-12,-1.779472913352745618e-12,-5.351106758373446294e-12,-1.779472913352745618e-12,-5.351106758479325413e-12,-1.779472913351091257e-12,-5.351106758373446294e-12,-1.779472913353572798e-12,-3.947561188649178107e-12,-5.554710605216326362e-13,2.317839839868322815e-04,5.087903600207972082e-02,-1.284147058340331016e-04,2.094754749011154438e+00,-4.072821803258058364e-05,2.094754789494996938e+00,-1.077980085433236822e-04,2.094754759118867771e+00,-1.284147058345978083e-04,2.094754749011153105e+00,-5.332601832527442782e-04,5.501625685373613397e-06,-5.332601832527442782e-04,5.501625685373613397e-06,-5.332601832527468803e-04,5.501625685373599845e-06,-5.332601832527502413e-04,5.501625685373599845e-06
8.669318278986466453e+01,-3.965559266169197397e-20,-2.075712099316847615e-20,-1.000000000183081106e+00,5.243824399768330646e-10,-4.987861372683554938e-09,-1.677800530886647268e-12,-4.987861519729851010e-09,-1.474931776105498082e-12,-4.987861409005386507e-09,-1.629448420810419851e-12,-4.987861372683872575e-09,-1.677800530886647268e-12,-5.351756005951143163e-12,-1.832746441152433165e-12,-5.351756005951143163e-12,-1.832746441152433165e-12,-5.351756005951143163e-12,-1.832746441152433165e-12,-5.351756006057022282e-12,-1.832746441151605984e-12,-4.177225362419181175e-12,-5.967812520188797103e-13,2.313827369999511135e-04,5.236510714930696364e-02,-7.462890509678791378e-05,2.035307590652255971e+00,8.151286211128091130e-06,2.035307625811580312e+00,-5.489874563761635657e-05,2.035307599573656478e+00,-7.462890509738080973e-05,2.035307590652255527e+00,-5.332590695407903470e-04,5.532031979407640321e-06,-5.332590695407903470e-04,5.532031979407640321e-06,-5.332590695407886123e-04,5.532031979407647097e-06,-5.332590695407886123e-04,5.532031979407626769e-06
8.922531221589201778e+01,-4.186325990966720108e-20,-2.252333962517708876e-20,-1.000000000194073202e+00,5.396970488243980901e-10,-4.987861341286161165e-09,-1.506227868125487035e-12,-4.987861475016252274e-09,-1.309116443720670375e-12,-4.987861374817760327e-09,-1.458574580559535150e-12,-4.987861341286055286e-09,-1.506227868125487035e-12,-5.352443796069038945e-12,-1.887538683359746870e-12,-5.352443796069038945e-12,-1.887538683359746870e-12,-5.352443796069038945e-12,-1.887538683362228412e-12,-5.352443795963159826e-12,-1.887538683359746870e-12,-4.420502124900033134e-12,-6.415589044001343740e-13,2.309577031408046460e-04,5.389458330675745562e-02,-2.385259300519516830e-05,1.977547483006341311e+00,5.429582218255766667e-05,1.977547513337758467e+00,-4.959367230662496055e-06,1.977547490836599087e+00,-2.385259300472386223e-05,1.977547483006341311e+00,-5.332578963376755033e-04,5.567022896880952659e-06,-5.332578963376755033e-04,5.567022896880952659e-06,-5.332578963376772381e-04,5.567022896658929230e-06,-5.332578963376824422e-04,5.567022896880918778e-06
9.183139993049316274e+01,-4.418962539197680200e-20,-2.444576468975028115e-20,-1.000000000205716777e+00,5.554588283470177079e-10,-4.987861297017678243e-09,-1.335903718376052485e-12,-4.987861418176318106e-09,-1.144386180870066161e-12,-4.987861327878900160e-09,-1.288909679941080411e-12,-4.987861297017784122e-09,-1.335903826796269733e-12,-5.353172408939827647e-12,-1.943895017485126116e-12,-5.353172408939827647e-12,-1.943895017485126116e-12,-5.353172408728069410e-12,-1.943895017486780477e-12,-5.353172408939827647e-12,-1.943895017485953296e-12,-4.678198356731778240e-12,-6.901093026197321682e-13,2.305074724647908357e-04,5.546873223920984614e-02,2.408261776559182912e-05,1.921426549313103083e+00,9.785841707358893286e-05,1.921426575270543724e+00,4.218573851597878896e-05,1.921426556139221864e+00,2.408261776419239178e-05,1.921426549313103083e+00,-5.332566597537728454e-04,5.606627364101891690e-06,-5.332566597537728454e-04,5.606627364101891690e-06,-5.332566597537745801e-04,5.606627364101925571e-06,-5.332566597537745801e-04,5.606627364101905242e-06
9.451360610304671184e+01,-4.664024154712294191e-20,-2.653839708666028124e-20,-1.000000000218050911e+00,5.716808270804681069e-10,-4.987861239731992987e-09,-1.166687189566029126e-12,-4.987861349022960106e-09,-9.806047033406040114e-13,-4.987861268033798975e-09,-1.120313206353501512e-12,-4.987861239731887108e-09,-1.166687189566029126e-12,-5.353944260407353958e-12,-2.001862113919826160e-12,-5.353944260407353958e-12,-2.001862113919826160e-12,-5.353944260407353958e-12,-2.001862113918998980e-12,-5.353944260724991314e-12,-2.001862113921480521e-12,-4.951168770795410144e-12,-7.427650499328346353e-13,2.300305548759949692e-04,5.708885873970030722e-02,6.933569273175272437e-05,1.866898271494618955e+00,1.389835357111371471e-04,1.866898293492909477e+00,8.669291694031195771e-05,1.866898277396106920e+00,6.933569273153398658e-05,1.866898271494618067e+00,-5.332553556893819763e-04,5.650878126627653140e-06,-5.332553556893819763e-04,5.650878126627653140e-06,-5.332553556893819763e-04,5.650878126627666693e-06,-5.332553556893818679e-04,5.650878126627653987e-06
9.727415399703245669e+01,-4.922080898061844819e-20,-2.881649813081240831e-20,-1.000000000231116015e+00,5.883764738444374753e-10,-4.987861169239052381e-09,-9.984377690938628369e-13,-4.987861267326314706e-09,-8.176359979697456204e-13,-4.987861195083827546e-09,-9.526455687670909445e-13,-4.987861169239158260e-09,-9.984377148837542126e-13,-5.354761909675788889e-12,-2.061487974317098564e-12,-5.354761909675788889e-12,-2.061487974317098564e-12,-5.354761909675788889e-12,-2.061487974317925745e-12,-5.354761909887547125e-12,-2.061487974318752926e-12,-5.240318748314670510e-12,-7.998885259933997842e-13,2.295253647629190430e-04,5.875630571097664040e-02,1.120567027702317104e-04,1.813917451598343611e+00,1.778075596199381314e-04,1.813917470016484179e+00,1.287097653303093982e-04,1.813917456647834214e+00,1.120567027711180864e-04,1.813917451598342279e+00,-5.332539798211584792e-04,5.699811774403273001e-06,-5.332539798211584792e-04,5.699811774403273001e-06,-5.332539798211584792e-04,5.699811774403273001e-06,-5.332539798211603224e-04,5.699811774403273001e-06
1.001153318128802567e+02,-5.193716312377118138e-20,-3.129670317740327829e-20,-1.000000000244955389e+00,6.055595879340264220e-10,-4.987861085305181209e-09,-8.310159201399547335e-13,-4.987861172815649000e-09,-6.553451900072337910e-13,-4.987861108787052089e-09,-7.857675556229015701e-13,-4.987861085305075330e-09,-8.310158659298461092e-13,-5.355628067144684533e-12,-2.122821971061941298e-12,-5.355628067144684533e-12,-2.122821971061941298e-12,-5.355628067144684533e-12,-2.122821971061941298e-12,-5.355628067356442770e-12,-2.122821971061114118e-12,-5.546607343337978643e-12,-8.618745658536194655e-13,2.289902253155232797e-04,6.047245527854303720e-02,1.523873217730804060e-04,1.762440174334204412e+00,2.144592393071824562e-04,1.762440189518374334e+00,1.683756224091813639e-04,1.762440178598020379e+00,1.523873217743743741e-04,1.762440174334203524e+00,-5.332525275878073276e-04,5.753468770013390804e-06,-5.332525275878073276e-04,5.753468770013390804e-06,-5.332525275878073276e-04,5.753468770013390804e-06,-5.332525275878057013e-04,5.753468770013384027e-06
1.030394945846446291e+02,-5.479525737099332514e-20,-3.399714550227077700e-20,-1.000000000259615218e+00,6.232443912628123084e-10,-4.987860987652340906e-09,-6.642831900868784167e-13,-4.987861065177772558e-09,-4.935977299634630722e-13,-4.987861008858022499e-09,-6.195411479843759839e-13,-4.987860987652235027e-09,-6.642831900868784167e-13,-5.356545604467490322e-12,-2.185914887784750783e-12,-5.356545604467490322e-12,-2.185914887784750783e-12,-5.356545604467490322e-12,-2.185914887783923603e-12,-5.356545604573369440e-12,-2.185914887781442061e-12,-5.871050465191501900e-12,-9.291533811363116050e-13,2.284233636056891281e-04,6.223872993625944455e-02,1.904612964921040665e-04,1.712423770674782242e+00,2.490601212301515183e-04,1.712423782941101313e+00,2.058220304034235487e-04,1.712423774213448935e+00,1.904612964895613413e-04,1.712423770674782020e+00,-5.332509941749358218e-04,5.811893481631191760e-06,-5.332509941749358218e-04,5.811893481631191760e-06,-5.332509941749375565e-04,5.811893481631178207e-06,-5.332509941749349544e-04,5.811893481853236365e-06
1.060490661320773995e+02,-5.780115119008982275e-20,-3.693759331125607891e-20,-1.000000000275143464e+00,6.414455197469720593e-10,-4.987860886231580418e-09,-4.744669284198477222e-13,-4.987860952759030403e-09,-3.086253583424458657e-13,-4.987860894994771532e-09,-4.538283811250654054e-13,-4.987860886231580418e-09,-4.744668742097390979e-13,-5.357525568647904344e-12,-2.250799924245469937e-12,-5.357525568647904344e-12,-2.250799924245469937e-12,-5.357525568542025225e-12,-2.250799924246297117e-12,-5.357525568647904344e-12,-2.250799924246297117e-12,-6.214725060988624388e-12,-1.002193586962295892e-12,2.278228947548335132e-04,6.405659372524591388e-02,2.342886988921864236e-04,1.663826784057444108e+00,2.896087599517837489e-04,1.663826793170245066e+00,2.411731691999869102e-04,1.663826785362126470e+00,2.342886988932769412e-04,1.663826784057443886e+00,-5.332493542335575969e-04,5.877029272671680296e-06,-5.332493542335575969e-04,5.877029272671680296e-06,-5.332493542335593317e-04,5.877029272671687073e-06,-5.332493542335575969e-04,5.877029272671687073e-06
1.091465410697162923e+02,-6.096094940521222410e-20,-4.013958940881577742e-20,-1.000000000291592528e+00,6.601780352857161693e-10,-4.987860758817178722e-09,-3.093686873519019276e-13,-4.987860816533580232e-09,-1.482335304850423974e-13,-4.987860766760547823e-09,-2.884919408398245455e-13,-4.987860758817178722e-09,-3.093685789316846790e-13,-5.358555175100016335e-12,-2.317569423051220497e-12,-5.358555175100016335e-12,-2.317569423051220497e-12,-5.358555174888258099e-12,-2.317569423052047678e-12,-5.358555175100016335e-12,-2.317569423051220497e-12,-6.578769442564810660e-12,-1.081506311495055926e-12,2.271868316650448721e-04,6.592755344747244783e-02,2.677799889136550106e-04,1.616608929389928617e+00,3.200047416494461016e-04,1.616608936180212064e+00,2.745462765123215273e-04,1.616608930429805913e+00,2.677799889131608313e-04,1.616608929389927285e+00,-5.332476432461206875e-04,5.945084546995030463e-06,-5.332476432461206875e-04,5.945084546995030463e-06,-5.332476432461241570e-04,5.945084546773012963e-06,-5.332476432461257833e-04,5.945084546772985858e-06
1.123344868746549707e+02,-6.428082429758580633e-20,-4.362662275870269142e-20,-1.000000000309016368e+00,6.794574369285710791e-10,-4.987860616645239625e-09,-1.445269685179662034e-13,-4.987860666043565834e-09,1.203524042578396624e-14,-4.987860623759786986e-09,-1.233948923942684850e-13,-4.987860616645133745e-09,-1.445269143078575791e-13,-5.359645838651581732e-12,-2.386259067546919154e-12,-5.359645838651581732e-12,-2.386259067546919154e-12,-5.359645838651581732e-12,-2.386259067546919154e-12,-5.359645838757460851e-12,-2.386259067542783251e-12,-6.964391936321586990e-12,-1.167648007568226041e-12,2.265130566974030840e-04,6.785315991452925410e-02,2.993973065925988226e-04,1.570731070177014299e+00,3.486999418289587387e-04,1.570731074881467126e+00,3.060520241102704917e-04,1.570731070962179787e+00,2.993973065922680326e-04,1.570731070177013189e+00,-5.332458349357261426e-04,6.018065984821107266e-06,-5.332458349357261426e-04,6.018065984821107266e-06,-5.332458349357261426e-04,6.018065984821107266e-06,-5.332458349357278773e-04,6.018065984821046280e-06
1.156155460147082721e+02,-6.776694349731194940e-20,-4.742429635041105272e-20,-1.000000000327472716e+00,6.992996762710500247e-10,-4.987860459243859893e-09,2.019472913547537551e-14,-4.987860500789767165e-09,1.723139317864885722e-13,-4.987860465518891725e-09,4.159986157631356818e-14,-4.987860459243754014e-09,2.019478334558399979e-14,-5.360801174756856771e-12,-2.456925715419683476e-12,-5.360801174756856771e-12,-2.456925715419683476e-12,-5.360801174756856771e-12,-2.456925715419683476e-12,-5.360801174862735890e-12,-2.456925715421337837e-12,-7.372871646644885571e-12,-1.261225236217753472e-12,2.257993407862243784e-04,6.983500923299934549e-02,3.292455031443529867e-04,1.526155178664159395e+00,3.757895212207168316e-04,1.526155181498621394e+00,3.357948932205646691e-04,1.526155179203734447e+00,3.292455031450211805e-04,1.526155178664159173e+00,-5.332439233080853462e-04,6.096033928563584378e-06,-5.332439233080853462e-04,6.096033928563584378e-06,-5.332439233080853462e-04,6.096033928563584378e-06,-5.332439233080863220e-04,6.096033928563557273e-06
1.189924381387368300e+02,-7.142543500843104221e-20,-5.156051974119080876e-20,-1.000000000347022633e+00,7.197211679714141108e-10,-4.987860286091902508e-09,1.849329066619387341e-13,-4.987860320224683304e-09,3.327349788924405249e-13,-4.987860291513125129e-09,2.066287137052202905e-13,-4.987860286092008387e-09,1.849329608720473583e-13,-5.362025013910587173e-12,-2.529627855995204714e-12,-5.362025013910587173e-12,-2.529627855995204714e-12,-5.362025013910587173e-12,-2.529627855995204714e-12,-5.362025013804708055e-12,-2.529627855996031894e-12,-7.805563512472282302e-12,-1.362898999248657680e-12,2.250433117056728494e-04,7.187474412737446250e-02,3.574235629277107895e-04,1.482844306280521662e+00,4.013633159049828495e-04,1.482844307441744336e+00,3.638735189038040034e-04,1.482844306582721261e+00,3.574235629277510134e-04,1.482844306280521440e+00,-5.332419020265903023e-04,6.179052840202669445e-06,-5.332419020265903023e-04,6.179052840202669445e-06,-5.332419020265903023e-04,6.179052840202669445e-06,-5.332419020265904107e-04,6.179052840202655892e-06
1.224679623309465626e+02,-7.526233532711846802e-20,-5.606571701477059606e-20,-1.000000000367731845e+00,7.407388029779388150e-10,-4.987860096615290888e-09,3.498242819553742944e-13,-4.987860123749779596e-09,4.934319012411814143e-13,-4.987860101165869518e-09,3.718286529369452253e-13,-4.987860096615608526e-09,3.498242277452656701e-13,-5.363321412235919983e-12,-2.604425658039688213e-12,-5.363321412235919983e-12,-2.604425658039688213e-12,-5.363321412235919983e-12,-2.604425658039688213e-12,-5.363321412341799101e-12,-2.604425658042996935e-12,-8.263902804813932628e-12,-1.473389638179065238e-12,2.242424550458442523e-04,7.397405530155788667e-02,3.840249316944595467e-04,1.440762553013270386e+00,4.255061352204335119e-04,1.440762552680533215e+00,3.903810171618738389e-04,1.440762553085471964e+00,3.840249316941886045e-04,1.440762553013270608e+00,-5.332397643913595843e-04,6.267191354703068349e-06,-5.332397643913595843e-04,6.267191354703068349e-06,-5.332397643913595843e-04,6.267191354703068349e-06,-5.332397643913569822e-04,6.267191354481023744e-06
1.260449994310315986e+02,-7.928352865521869173e-20,-6.097305360805584478e-20,-1.000000000389668076e+00,7.623699647919465749e-10,-4.987859890186585379e-09,5.150050850187548601e-13,-4.987859910714111218e-09,6.545373509685148417e-13,-4.987859893846508865e-09,5.373366140058732920e-13,-4.987859890186797137e-09,5.150051392288634844e-13,-5.364694667895666925e-12,-2.681381018998606561e-12,-5.364694667895666925e-12,-2.681381018998606561e-12,-5.364694667895666925e-12,-2.681381018999433742e-12,-5.364694668319183399e-12,-2.681381018996952200e-12,-8.749409891331492026e-12,-1.593482180318618095e-12,2.233941249830291575e-04,7.613468284007865461e-02,4.091378264833261231e-04,1.399875037650968101e+00,4.482980430345102777e-04,1.399875035987559801e+00,4.154052937423344770e-04,1.399875037499766162e+00,4.091378264836733388e-04,1.399875037650968101e+00,-5.332375033170038423e-04,6.360522332093013148e-06,-5.332375033170038423e-04,6.360522332093013148e-06,-5.332375033170055770e-04,6.360522332092999596e-06,-5.332375033170081791e-04,6.360522332092958091e-06
1.297265144220837954e+02,-8.349467547993434483e-20,-6.631868350700431693e-20,-1.000000000412905043e+00,7.846325402556184048e-10,-4.987859666120748084e-09,6.806126842673343447e-13,-4.987859680411252695e-09,8.161851186225255184e-13,-4.987859668867675932e-09,7.032895858564980340e-13,-4.987859666120959842e-09,6.806126842673343447e-13,-5.366149332527249188e-12,-2.760557615467951844e-12,-5.366149332527249188e-12,-2.760557615467951844e-12,-5.366149332421370070e-12,-2.760557615468779024e-12,-5.366149332633128306e-12,-2.760557615465470302e-12,-9.263695282979323762e-12,-1.724032167286469015e-12,2.224954945697441705e-04,7.835841765039089357e-02,4.328455281716686804e-04,1.360147868871397936e+00,4.698146232311681551e-04,1.360147866025967156e+00,4.390293356363133529e-04,1.360147868502662893e+00,4.328455281724972277e-04,1.360147868871397492e+00,-5.332351113092747988e-04,6.459122921528527541e-06,-5.332351113092747988e-04,6.459122921528527541e-06,-5.332351113092695946e-04,6.459122921528554646e-06,-5.332351113092695946e-04,6.459122921750572146e-06
1.335155588882482505e+02,-8.790112950992834920e-20,-7.214201880197514222e-20,-1.000000000437518688e+00,8.075449380376409358e-10,-4.987859423676095778e-09,8.467840144354976673e-13,-4.987859432078239098e-09,9.785090489614067799e-13,-4.987859425483769966e-09,8.698251537445078618e-13,-4.987859423676095778e-09,8.467840686456062915e-13,-5.367690227865719017e-12,-2.842020955218933086e-12,-5.367690227865719017e-12,-2.842020955218933086e-12,-5.367690227759839899e-12,-2.842020955218933086e-12,-5.367690227759839899e-12,-2.842020955215624364e-12,-9.808464981570237076e-12,-1.865972003701207855e-12,2.215435871133503848e-04,8.064710294707970462e-02,4.552266576601601985e-04,1.321548117149825119e+00,4.901272303908712352e-04,1.321548113257628998e+00,4.613314863054218131e-04,1.321548116568751263e+00,4.552266576601740221e-04,1.321548117149824675e+00,-5.332325804401392240e-04,6.563074618754142168e-06,-5.332325804401392240e-04,6.563074618754142168e-06,-5.332325804401357545e-04,6.563074618754169273e-06,-5.332325804401322851e-04,6.563074618754155720e-06
1.374152735441617210e+02,-9.250784119447976498e-20,-7.848602356997044912e-20,-1.000000000463591610e+00,8.311260986078664037e-10,-4.987859162048582436e-09,1.013656986039584984e-12,-4.987859164892072040e-09,1.141643799894981326e-12,-4.987859162888415604e-09,1.037081607657003302e-12,-4.987859162048688315e-09,1.013657040249693608e-12,-5.369322461202111001e-12,-2.925838430523001627e-12,-5.369322461202111001e-12,-2.925838430523001627e-12,-5.369322461202111001e-12,-2.925838430523001627e-12,-5.369322461307990120e-12,-2.925838430519692904e-12,-1.038552614303787430e-11,-2.020317885502665793e-12,2.205352381902999509e-04,8.300263577958015559e-02,4.763554365814661037e-04,1.284043787464457465e+00,5.093032263984616226e-04,1.284043782648497611e+00,4.823857054760911163e-04,1.284043786675606036e+00,4.763554365825009205e-04,1.284043787464457687e+00,-5.332299023216471694e-04,6.672463335386354328e-06,-5.332299023216471694e-04,6.672463335386354328e-06,-5.332299023216471694e-04,6.672463335386354328e-06,-5.332299023216533493e-04,6.672463335608331170e-06
1.414288908382709167e+02,-9.731924566105903851e-20,-8.539753421369403515e-20,-1.000000000491209295e+00,8.553955147287337080e-10,-4.987858880371163959e-09,1.181369889066696821e-12,-4.987858877966966817e-09,1.305724517224049475e-12,-4.987858880210968853e-09,1.205197237581084879e-12,-4.987858880371269838e-09,1.181369943276805445e-12,-5.371051443382892200e-12,-3.012079373094014581e-12,-5.371051443382892200e-12,-3.012079373094014581e-12,-5.371051443382892200e-12,-3.012079373094014581e-12,-5.371051443382892200e-12,-3.012079373090705858e-12,-1.099679307853485476e-11,-2.188177345256186796e-12,2.194671015190909763e-04,8.542696860438982187e-02,4.963019334634753438e-04,1.247603792776454945e+00,5.274062038466549541e-04,1.247603787148523269e+00,5.022618144070611522e-04,1.247603791783800098e+00,4.963019334643133237e-04,1.247603792776455833e+00,-5.332270680781602381e-04,6.787379466073138187e-06,-5.332270680781602381e-04,6.787379466073138187e-06,-5.332270680781602381e-04,6.787379466073138187e-06,-5.332270680781576360e-04,6.787379466295155687e-06
1.455597376321881882e+02,-1.023391335567097123e-19,-9.292760871078449178e-20,-1.000000000520463894e+00,8.803732431646518752e-10,-4.987858577710515916e-09,1.350061582710074259e-12,-4.987858570352340703e-09,1.470887024375769347e-12,-4.987858576515246548e-09,1.374311444811079919e-12,-4.987858577710727674e-09,1.350061636920182884e-12,-5.372882903950676079e-12,-3.100815110434950987e-12,-5.372882903950676079e-12,-3.100815110434950987e-12,-5.372882903950676079e-12,-3.100815110431642264e-12,-5.372882904056555198e-12,-3.100815110429987903e-12,-1.164429361048358683e-11,-2.370757484674766285e-12,2.183356326612290177e-04,8.792211090324900113e-02,5.151322960741072481e-04,1.212197928262534585e+00,5.444961969204185556e-04,1.212197921924168975e+00,5.210257274470406945e-04,1.212197927069496473e+00,5.151322960726718728e-04,1.212197928262533475e+00,-5.332240683169659108e-04,6.907917962568322796e-06,-5.332240683169659108e-04,6.907917962568322796e-06,-5.332240683169685129e-04,6.907917962568282139e-06,-5.332240683169676455e-04,6.907917962568269433e-06
1.498112379583058100e+02,-1.075705023256796854e-19,-1.011319075184587340e-19,-1.000000000551453105e+00,9.060799228965965568e-10,-4.987858253063751299e-09,1.519871874839859305e-12,-4.987858241028683668e-09,1.637268581345177609e-12,-4.987858250794020638e-09,1.544564335372727859e-12,-4.987858253063857178e-09,1.519871874839859305e-12,-5.374822912955320899e-12,-3.192119023812519401e-12,-5.374822912955320899e-12,-3.192119023812519401e-12,-5.374822912955320899e-12,-3.192119023812519401e-12,-5.374822913167079136e-12,-3.192119023812519401e-12,-1.233017580747668590e-11,-2.569373945623371066e-12,2.171370735626135251e-04,9.049013084856813438e-02,5.329089707895629012e-04,1.177796846278781784e+00,5.606298804832992146e-04,1.177796839322142963e+00,5.387396706118090239e-04,1.177796844888264749e+00,5.329089707901219159e-04,1.177796846278781784e+00,-5.332208930972137445e-04,7.034178409033502964e-06,-5.332208930972137445e-04,7.034178409033502964e-06,-5.332208930972137445e-04,7.034178409033502964e-06,-5.332208930972120097e-04,7.034178409033489412e-06
1.541869158579544603e+02,-1.130153845406664632e-19,-1.100711086279441171e-19,-1.000000000584278181e+00,9.325367905177808781e-10,-4.987857905355455902e-09,1.690941576213203512e-12,-4.987857888905017275e-09,1.805006556547528174e-12,-4.987857901968806420e-09,1.716097099493940625e-12,-4.987857905355350023e-09,1.690941549108149200e-12,-5.376877900753324860e-12,-3.286066607804235830e-12,-5.376877900753324860e-12,-3.286066607804235830e-12,-5.376877900541566623e-12,-3.286066607804235830e-12,-5.376877900435687505e-12,-3.286066607805890192e-12,-1.305671511706712077e-11,-2.785460691391686187e-12,2.158674426645332961e-04,9.313315701746371911e-02,5.496909096928643624e-04,1.144372032034951747e+00,5.758607580371818318e-04,1.144372024543630850e+00,5.554623879453569934e-04,1.144372030449376743e+00,5.496909096937853921e-04,1.144372032034952413e+00,-5.332175318970862722e-04,7.166265103098340993e-06,-5.332175318970862722e-04,7.166265103098340993e-06,-5.332175318970862722e-04,7.166265103098327440e-06,-5.332175318970870312e-04,7.166265103098340993e-06
1.586903983024584477e+02,-1.186746517478199082e-19,-1.198113602160212956e-19,-1.000000000619049256e+00,9.597656998577147602e-10,-4.987857533432712004e-09,1.863412229423724864e-12,-4.987857512814130123e-09,1.974240161541768179e-12,-4.987857528883615682e-09,1.889051713449205194e-12,-4.987857533432817883e-09,1.863412256528779176e-12,-5.379054676430792702e-12,-3.382735531468430034e-12,-5.379054676430792702e-12,-3.382735531468430034e-12,-5.379054676430792702e-12,-3.382735531468430034e-12,-5.379054676324913583e-12,-3.382735531468430034e-12,-1.382632192500890138e-11,-3.020580667629143029e-12,2.145225243003982124e-04,9.585338015582696436e-02,5.655337660640142065e-04,1.111895779959095609e+00,5.902393391406075222e-04,1.111895772008843153e+00,5.712493363314219332e-04,1.111895778180420180e+00,5.655337660642865581e-04,1.111895779959095831e+00,-5.332139735789665153e-04,7.304287140501967007e-06,-5.332139735789665153e-04,7.304287140501967007e-06,-5.332139735789665153e-04,7.304287140501967007e-06,-5.332139735789647806e-04,7.304287140279881744e-06
1.633254181995089027e+02,-1.245477889408757687e-19,-1.304247741532510866e-19,-1.000000000655881127e+00,9.877891365105140320e-10,-4.987857136063616063e-09,2.037427057578408696e-12,-4.987857111510460263e-09,2.145109800509234499e-12,-4.987857130301992077e-09,2.063571752711212959e-12,-4.987857136063827821e-09,2.037427111788517320e-12,-5.381360454273215307e-12,-3.482205701213280799e-12,-5.381360454273215307e-12,-3.482205701213280799e-12,-5.381360454273215307e-12,-3.482205701213280799e-12,-5.381360454379094426e-12,-3.482205701213280799e-12,-1.464154956015265822e-11,-3.276437429632109093e-12,2.130978546278118613e-04,9.865305499394984301e-02,5.804900789347010271e-04,1.080341170732884271e+00,6.038133069113909689e-04,1.080341162392290055e+00,5.861528694041553793e-04,1.080341168762639192e+00,5.804900789348992193e-04,1.080341170732884493e+00,-5.332102063526321378e-04,7.448358499783373374e-06,-5.332102063526321378e-04,7.448358499783373374e-06,-5.332102063526321378e-04,7.448358499783373374e-06,-5.332102063526312705e-04,7.448358499783373374e-06
1.680958174873471194e+02,-1.306326367740336268e-19,-1.419899639345366267e-19,-1.000000000694895474e+00,1.016630236591598013e-09,-4.987856711931984758e-09,2.213129988515652458e-12,-4.987856683663848330e-09,2.317756853413219242e-12,-4.987856704903517120e-09,2.239801578799230364e-12,-4.987856711931773000e-09,2.213130015620706770e-12,-5.383802874517776911e-12,-3.584559325402930500e-12,-5.383802874517776911e-12,-3.584559325402930500e-12,-5.383802874517776911e-12,-3.584559325401276139e-12,-5.383802874411897793e-12,-3.584559325401276139e-12,-1.550510277822900395e-11,-3.554887813383311725e-12,2.115886994147955780e-04,1.015345021151292521e-01,5.946094473385818251e-04,1.049682048978662685e+00,6.166276761686575406e-04,1.049682040309771081e+00,6.002224111601616634e-04,1.049682046817970171e+00,5.946094473378378455e-04,1.049682048978662241e+00,-5.332062177363142662e-04,7.598598137130704694e-06,-5.332062177363142662e-04,7.598598137130704694e-06,-5.332062177363177356e-04,7.598598137130677589e-06,-5.332062177363186030e-04,7.598598137130691141e-06
1.730055503193224240e+02,-1.369251054894382294e-19,-1.545926370852642005e-19,-1.000000000736222638e+00,1.046312806470169054e-09,-4.987856255253112454e-09,2.405154119486732633e-12,-4.987856222887454144e-09,2.506811679894513367e-12,-4.987856251308480019e-09,2.417887315061054143e-12,-4.987856255253006575e-09,2.405154065276624009e-12,-5.386398071236298576e-12,-3.689869248348064861e-12,-5.386398071236298576e-12,-3.689869248348064861e-12,-5.386398071236298576e-12,-3.689869248349719222e-12,-5.386398071342177695e-12,-3.689869248346410500e-12,-1.641984756003663227e-11,-3.857955758881289019e-12,2.099900470751391024e-04,1.045001098788253674e-01,6.109009973464878899e-04,1.019893000339393785e+00,6.316872452372076282e-04,1.019892991277525640e+00,6.135046177689646319e-04,1.019892999232363762e+00,6.109009973467226197e-04,1.019893000339393341e+00,-5.332019778196345813e-04,7.756291602929269252e-06,-5.332019778196345813e-04,7.756291602929269252e-06,-5.332019778196363160e-04,7.756291602929296357e-06,-5.332019778196363160e-04,7.756291602929255699e-06
1.780586863414644938e+02,-1.434188064875823130e-19,-1.683262116813442201e-19,-1.000000000779998954e+00,1.076861340766968600e-09,-4.987855772800721632e-09,2.584260550778788579e-12,-4.987855737157469332e-09,2.683033211835911258e-12,-4.987855767954634383e-09,2.597976412992142325e-12,-4.987855772800721632e-09,2.584260523673734267e-12,-5.389138537281647906e-12,-3.798246274819188907e-12,-5.389138537281647906e-12,-3.798246274819188907e-12,-5.389138537281647906e-12,-3.798246274820843269e-12,-5.389138537281647906e-12,-3.798246274822497630e-12,-1.738881737999472082e-11,-4.187847352986956722e-12,2.082965856528024712e-04,1.075523363999904974e-01,6.233185779604713496e-04,9.909493353399230209e-01,6.429417776146008128e-04,9.909493260664258285e-01,6.260435406940841876e-04,9.909493340788273485e-01,6.233185779597126249e-04,9.909493353399225768e-01,-5.331975061240134791e-04,7.919212071508750626e-06,-5.331975061240134791e-04,7.919212071508750626e-06,-5.331975061240134791e-04,7.919212071508764178e-06,-5.331975061240125033e-04,7.919212071397755429e-06
1.832594140657868707e+02,-1.501047184308844172e-19,-1.832925475696278230e-19,-1.000000000826370306e+00,1.108301042195176944e-09,-4.987855259112296814e-09,2.765508335571612020e-12,-4.987855220374727279e-09,2.861477900331990676e-12,-4.987855253270734093e-09,2.780218302756917725e-12,-4.987855259112296814e-09,2.765508335571612020e-12,-5.392041391507326265e-12,-3.909767855366601786e-12,-5.392041391507326265e-12,-3.909767855366601786e-12,-5.392041391507326265e-12,-3.909767855366601786e-12,-5.392041391613205384e-12,-3.909767855361638703e-12,-1.841522817030105052e-11,-4.546967260649251230e-12,2.065026896198862705e-04,1.106937115861549581e-01,6.350412445891927922e-04,9.628270615914243935e-01,6.535664717086416128e-04,9.628270521510933211e-01,6.378807601774654206e-04,9.628270601694454145e-01,6.350412445888343549e-04,9.628270615914240604e-01,-5.331927710122734898e-04,8.088689445129856810e-06,-5.331927710122734898e-04,8.088689445129856810e-06,-5.331927710122734898e-04,8.088689445129856810e-06,-5.331927710122778266e-04,8.088689445129789048e-06
1.886120443421176560e+02,-1.569707186855547316e-19,-1.996026841232472093e-19,-1.000000000875489681e+00,1.140657841401312989e-09,-4.987854712486042929e-09,2.949047608761037886e-12,-4.987854670827692034e-09,3.042293630559078643e-12,-4.987854705550537157e-09,2.964763715562410140e-12,-4.987854712485937050e-09,2.949047608761037886e-12,-5.395116251548933253e-12,-4.024526087930634933e-12,-5.395116251548933253e-12,-4.024526087930634933e-12,-5.395116251548933253e-12,-4.024526087930634933e-12,-5.395116251654812371e-12,-4.024526087928980572e-12,-1.950248575392314559e-11,-4.937936631238309343e-12,2.046023949175863887e-04,1.139268392340253289e-01,6.461078726553779036e-04,9.355028687461683923e-01,6.635965617846542987e-04,9.355028591793206338e-01,6.490555315281949919e-04,9.355028671568325072e-01,6.461078726547826766e-04,9.355028687461677261e-01,-5.331877567994738540e-04,8.264863546459324750e-06,-5.331877567994738540e-04,8.264863546459324750e-06,-5.331877567994738540e-04,8.264863546459324750e-06,-5.331877567994738540e-04,8.264863546459284092e-06
1.941210139313353125e+02,-1.640010962978048746e-19,-2.173776744273130336e-19,-1.000000000927520505e+00,1.173958416480873346e-09,-4.987854131111850571e-09,3.135030321281540022e-12,-4.987854086695560399e-09,3.225630130837195408e-12,-4.987854122981710706e-09,3.151765713650320211e-12,-4.987854131111850571e-09,3.135030294176485710e-12,-5.398373304036450785e-12,-4.142615722533284333e-12,-5.398373304036450785e-12,-4.142615722533284333e-12,-5.398373304036450785e-12,-4.142615722534938694e-12,-5.398373303930571667e-12,-4.142615722531629972e-12,-2.065419797898527725e-11,-5.363612603921025419e-12,2.025893923603885177e-04,1.172543991872594532e-01,6.565551619873078630e-04,9.089541079785633526e-01,6.730653102392032856e-04,9.089540983214269287e-01,6.596049132065621773e-04,9.089541062156972773e-01,6.565551619865686540e-04,9.089541079785627975e-01,-5.331824468772666283e-04,8.447879689900344728e-06,-5.331824468772666283e-04,8.447879689900344728e-06,-5.331824468772631588e-04,8.447879689900371833e-06,-5.331824468772604483e-04,8.447879689900385385e-06
1.997908891829711990e+02,-1.711759887850268887e-19,-2.367494889411694404e-19,-1.000000000982634862e+00,1.208230217047620569e-09,-4.987853513063778574e-09,3.323610673787100178e-12,-4.987853466044132639e-09,3.411639352100814815e-12,-4.987853503633760772e-09,3.341379256616150428e-12,-4.987853513063672695e-09,3.323610673787100178e-12,-5.401823338263802752e-12,-4.264134236981780181e-12,-5.401823338263802752e-12,-4.264134236981780181e-12,-5.401823338263802752e-12,-4.264134236978471458e-12,-5.401823338475560989e-12,-4.264134236978471458e-12,-2.187418671259442040e-11,-5.827109587770625346e-12,2.004569893287039273e-04,1.206791495572378248e-01,6.664177585248188965e-04,8.831587732118570955e-01,6.820041179180111280e-04,8.831587634969304546e-01,6.695638897176470769e-04,8.831587712695447845e-01,6.664177585256683689e-04,8.831587732118572065e-01,-5.331768236591028420e-04,8.637888796821567257e-06,-5.331768236591028420e-04,8.637888796821567257e-06,-5.331768236590993726e-04,8.637888796821553705e-06,-5.331768236591028420e-04,8.637888796821526600e-06
2.056263698202274384e+02,-1.784707432972995312e-19,-2.578620004890529851e-19,-1.000000001041016162e+00,1.243501482339759434e-09,-4.987852856294760064e-09,3.514944872705719203e-12,-4.987852806817553911e-09,3.600475305268538428e-12,-4.987852845455173559e-09,3.533761201409205133e-12,-4.987852856294865943e-09,3.514944845600664891e-12,-5.405477783246546454e-12,-4.389181914671540936e-12,-5.405477783246546454e-12,-4.389181914671540936e-12,-5.405477783246546454e-12,-4.389181914671540936e-12,-5.405477783034788217e-12,-4.389181914673195297e-12,-2.316650054773684051e-11,-6.331822453590929348e-12,1.981980986447036408e-04,1.242039290087008224e-01,6.757283692210778710e-04,8.580954828775980703e-01,6.904426282510586939e-04,8.580954731339812680e-01,6.789654876325112087e-04,8.580954807501425252e-01,6.757283692213571615e-04,8.580954828775981813e-01,-5.331708685221976489e-04,8.835047514947166105e-06,-5.331708685221976489e-04,8.835047514947166105e-06,-5.331708685221976489e-04,8.835047514947166105e-06,-5.331708685222011183e-04,8.835047514947139000e-06
2.116322928355473039e+02,-1.858551913702264496e-19,-2.808720583794120700e-19,-1.000000001102857139e+00,1.279801265072384731e-09,-4.987852158630249706e-09,3.709191292869742917e-12,-4.987852106833232069e-09,3.792294467818910220e-12,-4.987852146266745050e-09,3.729071142589274190e-12,-4.987852158630355585e-09,3.709191238659634293e-12,-5.409348743191377275e-12,-4.517861924430609132e-12,-5.409348743191377275e-12,-4.517861924430609132e-12,-5.409348743403135512e-12,-4.517861924432263494e-12,-5.409348743403135512e-12,-4.517861924430609132e-12,-2.453542826677733843e-11,-6.881451821614219061e-12,1.958052096641613171e-04,1.278316591120579326e-01,6.845178704945225397e-04,8.337434621927278799e-01,6.984088255444606715e-04,8.337434524464212293e-01,6.878408851102614519e-04,8.337434598746170655e-01,6.845178704946756291e-04,8.337434621927278799e-01,-5.331645617461016002e-04,9.039518342189844922e-06,-5.331645617461016002e-04,9.039518342189844922e-06,-5.331645617461033349e-04,9.039518342189844922e-06,-5.331645617460998654e-04,9.039518342189844922e-06
2.178136364999672026e+02,-1.932928275503398915e-19,-3.059506593016822334e-19,-1.000000001168363628e+00,1.317159454314147105e-09,-4.987851417759753379e-09,3.906510938301785418e-12,-4.987851363772308541e-09,3.987255729580307939e-12,-4.987851403753216564e-09,3.927470707595220878e-12,-4.987851417759859259e-09,3.906510911196731106e-12,-5.413449038683105737e-12,-4.650280402405568934e-12,-5.413449038683105737e-12,-4.650280402405568934e-12,-5.413449038683105737e-12,-4.650280402405568934e-12,-5.413449038577226619e-12,-4.650280402403914573e-12,-2.598551310519389633e-11,-7.480031620760625967e-12,1.932703637278296999e-04,1.315653467644166963e-01,6.928154106344086918e-04,8.100825259396278177e-01,7.059291277979506040e-04,8.100825162138122204e-01,6.962195152925730254e-04,8.100825234255043528e-01,6.928154106343178357e-04,8.100825259396280398e-01,-5.331578824476762698e-04,9.251469752730652981e-06,-5.331578824476762698e-04,9.251469752730652981e-06,-5.331578824476762698e-04,9.251469752730652981e-06,-5.331578824476762698e-04,9.251469752730652981e-06
2.241755244895736041e+02,-2.007398858598617442e-19,-3.332842325510947094e-19,-1.000000001237753011e+00,1.355606798363918897e-09,-4.987850623288906271e-09,4.118247680807290978e-12,-4.987850566881805940e-09,4.196701065004374009e-12,-4.987850615485932882e-09,4.129124369896611246e-12,-4.987850623288800392e-09,4.118247707912345290e-12,-5.417800297013974085e-12,-4.786537428864404500e-12,-5.417800297013974085e-12,-4.786537428864404500e-12,-5.417800297119853203e-12,-4.786537428867713223e-12,-5.417800297331611440e-12,-4.786537428862750139e-12,-2.752156868021766858e-11,-8.131959241219775457e-12,1.905851404518776188e-04,1.354080866812284456e-01,7.024128074868969240e-04,7.870930603646967283e-01,7.147927752986772644e-04,7.870930506244814273e-01,7.041291618136449014e-04,7.870930590218657708e-01,7.024128074867140191e-04,7.870930603646969503e-01,-5.331507926868257145e-04,9.471972640818563291e-06,-5.331507926868257145e-04,9.471972640818563291e-06,-5.331507926868274492e-04,9.471972640596518686e-06,-5.331507926868283165e-04,9.471972641040580791e-06
2.307232301324852131e+02,-2.081442563688254168e-19,-3.630759986995907091e-19,-1.000000001311254216e+00,1.395174928061140851e-09,-4.987849788209287969e-09,4.321889444632368016e-12,-4.987849729869999606e-09,4.398116338353089128e-12,-4.987849778794622639e-09,4.334198988207790815e-12,-4.987849788209499727e-09,4.321889471737422328e-12,-5.422400806224516798e-12,-4.926763794457323303e-12,-5.422400806224516798e-12,-4.926763794457323303e-12,-5.422400806224516798e-12,-4.926763794455668942e-12,-5.422400806330395916e-12,-4.926763794455668942e-12,-2.914869174436596306e-11,-8.842027931855689529e-12,1.877406020035516515e-04,1.393630639607235100e-01,7.097087179093651771e-04,7.647560124093496503e-01,7.213959916760029258e-04,7.647560027331007371e-01,7.115960593441270467e-04,7.647560108531737955e-01,7.097087179098436355e-04,7.647560124093496503e-01,-5.331433007677093775e-04,9.699389770426696864e-06,-5.331433007677093775e-04,9.699389770426696864e-06,-5.331433007677102449e-04,9.699389770315728772e-06,-5.331433007677119796e-04,9.699389770426696864e-06
2.374621807798808391e+02,-2.154443374718785033e-19,-3.955475365512582272e-19,-1.000000001389112381e+00,1.435896382156152951e-09,-4.987848902119122121e-09,4.529111867447241369e-12,-4.987848841955748306e-09,4.603175533888365090e-12,-4.987848890939557767e-09,4.542864484114242374e-12,-4.987848902119016242e-09,4.529111921657349993e-12,-5.427273846485893569e-12,-5.071065684908806703e-12,-5.427273846485893569e-12,-5.071065684908806703e-12,-5.427273846485893569e-12,-5.071065684908806703e-12,-5.427273846591772687e-12,-5.071065684903843619e-12,-3.087228403875933049e-11,-9.615463044135806091e-12,1.847272877980483952e-04,1.434335567231734831e-01,7.165962066715144373e-04,7.430528656758079720e-01,7.276295445070369346e-04,7.430528560792898363e-01,7.186449679786356681e-04,7.430528638987630163e-01,7.165962066717266156e-04,7.430528656758081940e-01,-5.331353659879061162e-04,9.934830839631904263e-06,-5.331353659879061162e-04,9.934830839631904263e-06,-5.331353659879061162e-04,9.934830839631904263e-06,-5.331353659879062247e-04,9.934830839631850053e-06
2.443979623046959375e+02,-2.225676581458672576e-19,-4.309404053243431031e-19,-1.000000001471584854e+00,1.477804632572105037e-09,-4.987847962085239511e-09,4.740086524245706867e-12,-4.987847900199635956e-09,4.812048356355250189e-12,-4.987847948981957454e-09,4.755293733652368737e-12,-4.987847962085239511e-09,4.740086578455815491e-12,-5.432435552611079290e-12,-5.219561968470047983e-12,-5.432435552611079290e-12,-5.219561968470047983e-12,-5.432435552611079290e-12,-5.219561968465084899e-12,-5.432435552611079290e-12,-5.219561968466739261e-12,-3.269806701227818082e-11,-1.045796062908245617e-11,1.815351762767605792e-04,1.476229388271631804e-01,7.230981144993352868e-04,7.219656305762499615e-01,7.335141058969928867e-04,7.219656210733249591e-01,7.252992637526379984e-04,7.219656285711416599e-01,7.230981144993962190e-04,7.219656305762498505e-01,-5.331269620838217666e-04,1.017848957831052411e-05,-5.331269620838217666e-04,1.017848957831052411e-05,-5.331269620838217666e-04,1.017848957842151931e-05,-5.331269620838244771e-04,1.017848957831044110e-05
2.515363237317168625e+02,-2.294293614688759459e-19,-4.695179569045620281e-19,-1.000000001558945417e+00,1.520934108474245039e-09,-4.987846964995641090e-09,4.954988296838186423e-12,-4.987846901484369551e-09,5.024907844420473113e-12,-4.987846949803893423e-09,4.971662513099384118e-12,-4.987846964995852848e-09,4.954988242628077799e-12,-5.437903012536872752e-12,-5.372374923181272245e-12,-5.437903012536872752e-12,-5.372374923181272245e-12,-5.437903012642751870e-12,-5.372374923179617884e-12,-5.437903012642751870e-12,-5.372374923181272245e-12,-3.463210168279284268e-11,-1.137572997471419458e-11,1.781536438546262036e-04,1.519346826652121785e-01,7.292360034329872613e-04,7.014768280471816997e-01,7.390691906044119953e-04,7.014768186499861224e-01,7.315810140651909889e-04,7.014768258071024665e-01,7.292360034329796719e-04,7.014768280471818107e-01,-5.331180612422344424e-04,1.043056640108623655e-05,-5.331180612422344424e-04,1.043056640108623655e-05,-5.331180612422344424e-04,1.043056640108620944e-05,-5.331180612422360687e-04,1.043056640108620944e-05
2.588831820029105302e+02,-2.359304893463180829e-19,-5.115673127557745789e-19,-1.000000001651483617e+00,1.565320224133914806e-09,-4.987845898290945833e-09,5.183676458995339908e-12,-4.987845832980893952e-09,5.251611781076706564e-12,-4.987845890128724595e-09,5.192149986864291744e-12,-4.987845898290945833e-09,5.183676458995339908e-12,-5.443702376182058943e-12,-5.529622408068805372e-12,-5.443702376182058943e-12,-5.529622408068805372e-12,-5.443702376076179825e-12,-5.529622408065496650e-12,-5.443702376076179825e-12,-5.529622408065496650e-12,-3.668080963634738731e-11,-1.237554002171173089e-11,1.745714390259858056e-04,1.563723620409196990e-01,7.363531710807541932e-04,6.815694737421451599e-01,7.456361634740280844e-04,6.815694644252086043e-01,7.375110487607904834e-04,6.815694725816013877e-01,7.363531710807180893e-04,6.815694737421449378e-01,-5.331086185040217812e-04,1.069204464079110295e-05,-5.331086185040217812e-04,1.069204464079110295e-05,-5.331086185040261180e-04,1.069204464079096743e-05,-5.331086185040252506e-04,1.069204464067997393e-05
2.664446268819397119e+02,-2.419560126558363354e-19,-5.574014689542880320e-19,-1.000000001749506540e+00,1.610999405274662899e-09,-4.987844776778983725e-09,5.406694623261154575e-12,-4.987844710035116822e-09,5.472701989934353195e-12,-4.987844766389277594e-09,5.416938897223264049e-12,-4.987844776779195483e-09,5.406694650366208887e-12,-5.449836712135247530e-12,-5.691449873532619838e-12,-5.449836712135247530e-12,-5.691449873532619838e-12,-5.449836712135247530e-12,-5.691449873532619838e-12,-5.449836712135247530e-12,-5.691449873529311116e-12,-3.885099114823372917e-11,-1.346476926231549446e-11,1.707766292993306151e-04,1.609396551301610079e-01,7.417489246427237974e-04,6.622270692479490517e-01,7.505125071847306827e-04,6.622270600594349910e-01,7.431090376111774542e-04,6.622270678223003415e-01,7.417489246423841168e-04,6.622270692479489407e-01,-5.330986337407323883e-04,1.096156434463074017e-05,-5.330986337407323883e-04,1.096156434463074017e-05,-5.330986337407323883e-04,1.096156434463074017e-05,-5.330986337407316294e-04,1.096156434463071306e-05
2.742269260019290300e+02,-2.473726754987078319e-19,-6.073616935308374438e-19,-1.000000001853339260e+00,1.658009115201516948e-09,-4.987843587715191160e-09,5.634191735121724109e-12,-4.987843519616918575e-09,5.698325871491410899e-12,-4.987843574897994481e-09,5.646215211953936608e-12,-4.987843587714979402e-09,5.634191735121724109e-12,-5.456334372495007246e-12,-5.857982261731737567e-12,-5.456334372495007246e-12,-5.857982261731737567e-12,-5.456334372495007246e-12,-5.857982261735046290e-12,-5.456334372495007246e-12,-5.857982261735046290e-12,-4.114985273959836734e-11,-1.465146156327244366e-11,1.667565910980634003e-04,1.656403475286152560e-01,7.468425103481293736e-04,6.434335804429869299e-01,7.551157454334683121e-04,6.434335713905038334e-01,7.483935429336656658e-04,6.434335787447071908e-01,7.468425103481278558e-04,6.434335804429868189e-01,-5.330880583571288378e-04,1.124014566821528383e-05,-5.330880583571288378e-04,1.124014566821528383e-05,-5.330880583571271031e-04,1.124014566810423442e-05,-5.330880583571271031e-04,1.124014566799326633e-05
2.822365300606658138e+02,-2.520264935388979773e-19,-6.618200373075618857e-19,-1.000000001963325724e+00,1.706387884941804045e-09,-4.987842327164464826e-09,5.866356120494409243e-12,-4.987842257788125402e-09,5.928670125361981680e-12,-4.987842311712466285e-09,5.880168774856711633e-12,-4.987842327164464826e-09,5.866356093389354931e-12,-5.463216859086825021e-12,-6.029356467135045621e-12,-5.463216859086825021e-12,-6.029356467135045621e-12,-5.463216859298583258e-12,-6.029356467135045621e-12,-5.463216859086825021e-12,-6.029356467135045621e-12,-4.358502792720382861e-11,-1.594438559833902170e-11,1.624979314447140555e-04,1.704783353883281838e-01,7.516508198850206353e-04,6.251734295323790880e-01,7.594611437873736211e-04,6.251734206223887869e-01,7.533820895562085094e-04,6.251734275542428776e-01,7.516508198848597397e-04,6.251734295323788659e-01,-5.330768573713510561e-04,1.152801733315009813e-05,-5.330768573713510561e-04,1.152801733315009813e-05,-5.330768573713527908e-04,1.152801733315004392e-05,-5.330768573713493214e-04,1.152801733315012524e-05
2.904800781675420467e+02,-2.557399663074609207e-19,-7.211821233101653055e-19,-1.000000002079831196e+00,1.756175341217566799e-09,-4.987840990958026191e-09,6.103379954214283032e-12,-4.987840920375300092e-09,6.163925557575895831e-12,-4.987840972654914751e-09,6.118993237992122192e-12,-4.987840990958237950e-09,6.103379981319337344e-12,-5.470506945132641618e-12,-6.205713294557230032e-12,-5.470506945132641618e-12,-6.205713294557230032e-12,-5.470506945026762499e-12,-6.205713294557230032e-12,-5.470506944815004262e-12,-6.205713294560538755e-12,-4.616460348300911913e-11,-1.735310034633010481e-11,1.579864663641961098e-04,1.754576286457435186e-01,7.561897988952576664e-04,6.074314808010785605e-01,7.635631127549826315e-04,6.074314720390054934e-01,7.580912208333631143e-04,6.074314785361089042e-01,7.561897988952483423e-04,6.074314808010785605e-01,-5.330649937376496540e-04,1.182541556533220455e-05,-5.330649937376496540e-04,1.182541556533220455e-05,-5.330649937376513887e-04,1.182541556533220455e-05,-5.330649937376539908e-04,1.182541556522115345e-05
2.989644033466695987e+02,-2.583089332194899026e-19,-7.858901896253090184e-19,-1.000000002203241811e+00,1.807412235068500683e-09,-4.987839564436805436e-09,6.353842988858146579e-12,-4.987839492517355467e-09,6.412670348616804350e-12,-4.987839553326803662e-09,6.362886237863685235e-12,-4.987839564436805436e-09,6.353842988858146579e-12,-5.478236799567365214e-12,-6.387190661211485198e-12,-5.478236799567365214e-12,-6.387190661211485198e-12,-5.478236799779123451e-12,-6.387190661204867753e-12,-5.478236799567365214e-12,-6.387190661201559031e-12,-4.889714721747661535e-11,-1.888802655702730832e-11,1.532071641088122993e-04,1.805823543439901702e-01,7.614664944103125260e-04,5.901930268407866720e-01,7.684272501002187674e-04,5.901930182077176346e-01,7.625365514095490621e-04,5.901930255112717294e-01,7.614664944102896493e-04,5.901930268407861169e-01,-5.330524129619506647e-04,1.213325623495056218e-05,-5.330524129619506647e-04,1.213325623495056218e-05,-5.330524129619497974e-04,1.213325623495050797e-05,-5.330524129619523994e-04,1.213325623483940436e-05
3.076965382007300605e+02,-2.594989996429415950e-19,-8.564263474845026913e-19,-1.000000002333966576e+00,1.860140472426455305e-09,-4.987838063238618951e-09,6.600940497328289247e-12,-4.987837990254766205e-09,6.658098429686808151e-12,-4.987838048973737086e-09,6.612049747783607656e-12,-4.987838063238830709e-09,6.600940497328289247e-12,-5.486415862255555605e-12,-6.573951514323194057e-12,-5.486415862255555605e-12,-6.573951514323194057e-12,-5.486415862043797368e-12,-6.573951514323194057e-12,-5.486415862361434723e-12,-6.573951514316576612e-12,-5.179173328532238298e-11,-2.056052368748746812e-11,1.481440982458118866e-04,1.858567600520726337e-01,7.654556215035033476e-04,5.734437812907895449e-01,7.720269028041176892e-04,5.734437728157024683e-01,7.667328274092628532e-04,5.734437796393074827e-01,7.654556215039604473e-04,5.734437812907896559e-01,-5.330391040656372011e-04,1.245042810231055354e-05,-5.330391040656372011e-04,1.245042810231055354e-05,-5.330391040656372011e-04,1.245042810242160295e-05,-5.330391040656390442e-04,1.245042810231044512e-05
3.166837207402538752e+02,-2.590415695719933376e-19,-9.333162544402927667e-19,-1.000000002472439364e+00,1.914403142521531320e-09,-4.987836472328102528e-09,6.853505434066368973e-12,-4.987836398340092223e-09,6.909041237344523689e-12,-4.987836454652642501e-09,6.866689833927297482e-12,-4.987836472328420165e-09,6.853505461171423285e-12,-5.495079235830733783e-12,-6.766141947617161247e-12,-5.495079235830733783e-12,-6.766141947617161247e-12,-5.495079235830733783e-12,-6.766141947617161247e-12,-5.495079235830733783e-12,-6.766141947613852524e-12,-5.485797736836009659e-11,-2.238297573385520349e-11,1.427803906530814015e-04,1.912852173838933134e-01,7.692211985325596952e-04,5.571698595660224962e-01,7.754247975958358753e-04,5.571698512516349844e-01,7.706939627238361184e-04,5.571698575856151026e-01,7.692211985328915695e-04,5.571698595660227182e-01,-5.330250077467490024e-04,1.277788258172976241e-05,-5.330250077467490024e-04,1.277788258172976241e-05,-5.330250077467490024e-04,1.277788258172976241e-05,-5.330250077467490024e-04,1.277788258172978951e-05
3.259334003831608584e+02,-2.566293193072520488e-19,-1.017133010947859246e-18,-1.000000002619119366e+00,1.970244555178635171e-09,-4.987834775735402859e-09,7.119436672684865963e-12,-4.987834700631850162e-09,7.173396452580041438e-12,-4.987834765122927063e-09,7.127017197434450113e-12,-4.987834775735402859e-09,7.119436659132338807e-12,-5.504263621171713095e-12,-6.963913142816065385e-12,-5.504263621171713095e-12,-6.963913142816065385e-12,-5.504263621171713095e-12,-6.963913142816065385e-12,-5.504263621277592214e-12,-6.963913142812756663e-12,-5.810606632138490742e-11,-2.436888306236245862e-11,1.370981576729810025e-04,1.968722256199199327e-01,7.736103358168668152e-04,5.413577711589203645e-01,7.794668254396294434e-04,5.413577629892191156e-01,7.744330914623978124e-04,5.413577700078953114e-01,7.736103358167957999e-04,5.413577711589204755e-01,-5.330100622674538826e-04,1.311650403989498057e-05,-5.330100622674538826e-04,1.311650403989498057e-05,-5.330100622674538826e-04,1.311650403989498057e-05,-5.330100622674504131e-04,1.311650403989495346e-05
3.354532441295349372e+02,-2.519111022473436134e-19,-1.108501403527918015e-18,-1.000000002774492858e+00,2.027710262284682097e-09,-4.987832989178698587e-09,7.383349872247188528e-12,-4.987832913189043548e-09,7.435778270783836852e-12,-4.987832974740492605e-09,7.393247350591901357e-12,-4.987832989178698587e-09,7.383349885799715684e-12,-5.513983253514205096e-12,-7.167440016878886973e-12,-5.513983253514205096e-12,-7.167440016878886973e-12,-5.513983253408325977e-12,-7.167440016878886973e-12,-5.513983253196567741e-12,-7.167440016875578251e-12,-6.154678972499443992e-11,-2.653296236843143249e-11,1.310784467336116588e-04,2.026224154345585282e-01,7.769188761922721969e-04,5.259944118864622320e-01,7.824476781176847515e-04,5.259944038824416745e-01,7.779626178163196858e-04,5.259944103700513462e-01,7.769188761922605959e-04,5.259944118864624540e-01,-5.329942486214455473e-04,1.346531884008025574e-05,-5.329942486214455473e-04,1.346531884008025574e-05,-5.329942486214490167e-04,1.346531884008028285e-05,-5.329942486214490167e-04,1.346531883996920634e-05
3.452511429167511778e+02,-2.444862615173306011e-19,-1.208102653911318666e-18,-1.000000002939074983e+00,2.086847101590363907e-09,-4.987831096182881251e-09,7.653377795879476309e-12,-4.987831019356675297e-09,7.704318330222295619e-12,-4.987831077618989541e-09,7.665600454203301550e-12,-4.987831096182669492e-09,7.653377768774421996e-12,-5.524278314724798990e-12,-7.376882642237581915e-12,-5.524278314724798990e-12,-7.376882642237581915e-12,-5.524278314724798990e-12,-7.376882642240890638e-12,-5.524278314724798990e-12,-7.376882642244199360e-12,-6.519158084095389756e-11,-2.889125776027697325e-11,1.247011738891024013e-04,2.085405527322975183e-01,7.800418818334828438e-04,5.110670459770302321e-01,7.852613310801039677e-04,5.110670381394643025e-01,7.812942445801873519e-04,5.110670440885451971e-01,7.800418818336663992e-04,5.110670459770305651e-01,-5.329774993789846869e-04,1.382524644034238353e-05,-5.329774993789846869e-04,1.382524644034238353e-05,-5.329774993789846869e-04,1.382524644034238353e-05,-5.329774993789803501e-04,1.382524644023146965e-05
3.553352181602233486e+02,-2.338981730222961753e-19,-1.316679476432618760e-18,-1.000000003113411529e+00,2.147703219695235033e-09,-4.987829079390022300e-09,7.936797405275544670e-12,-4.987829001634303566e-09,7.986292305099153277e-12,-4.987829067521714280e-09,7.944301737717457401e-12,-4.987829079390022300e-09,7.936797391723017514e-12,-5.535190884023885832e-12,-7.592406475340142830e-12,-5.535190884023885832e-12,-7.592406475340142830e-12,-5.535190883918006714e-12,-7.592406475343451552e-12,-5.535190884129764950e-12,-7.592406475336834107e-12,-6.905255236541691954e-11,-3.146125980533507975e-11,1.179450558244348607e-04,2.146315425957583123e-01,7.836919258962306593e-04,4.965632991412100017e-01,7.886193315672051759e-04,4.965632914564621636e-01,7.844390182669533276e-04,4.965632979715037254e-01,7.836919258963043851e-04,4.965632991412099462e-01,-5.329597441656371568e-04,1.419714608150700149e-05,-5.329597441656371568e-04,1.419714608150700149e-05,-5.329597441656345547e-04,1.419714608150705570e-05,-5.329597441656397589e-04,1.419714608150697438e-05
3.657138284851927779e+02,-2.196269839385353227e-19,-1.435041587081236200e-18,-1.000000003298081142e+00,2.210328111946352481e-09,-4.987826954274249010e-09,8.219529969307436124e-12,-4.987826875780976338e-09,8.267620203901426823e-12,-4.987826937748000935e-09,8.229581810936456576e-12,-4.987826954274249010e-09,8.219529982859963280e-12,-5.546740888708582727e-12,-7.814199579497247020e-12,-5.546740888708582727e-12,-7.814199579497247020e-12,-5.546740888814461845e-12,-7.814199579500555742e-12,-5.546740889026220082e-12,-7.814199579490629575e-12,-7.314253446048898610e-11,-3.426203514105958002e-11,1.107875393054780916e-04,2.209004333489659744e-01,7.864350602973277198e-04,4.824711515364756287e-01,7.910867630471436806e-04,4.824711440195111334e-01,7.874073720562353804e-04,4.824711499581600949e-01,7.864350602971958808e-04,4.824711515364754622e-01,-5.329409545282649992e-04,1.458017422046703178e-05,-5.329409545282649992e-04,1.458017422046703178e-05,-5.329409545282632645e-04,1.458017422046705889e-05,-5.329409545282667339e-04,1.458017422046694877e-05
3.763955766551392799e+02,-2.010814843412745540e-19,-1.564071861311810064e-18,-1.000000003493695111e+00,2.274772653663298394e-09,-4.987824691494975364e-09,8.515727728010402675e-12,-4.987824612180610128e-09,8.562453168909668622e-12,-4.987824681326450711e-09,8.521676501385341829e-12,-4.987824691494869485e-09,8.515727714457875519e-12,-5.558982592568226981e-12,-8.042431494229578505e-12,-5.558982592568226981e-12,-8.042431494229578505e-12,-5.558982592885864337e-12,-8.042431494226269782e-12,-5.558982592674106100e-12,-8.042431494226269782e-12,-7.747512341418357176e-11,-3.731437052892248417e-11,1.032047140807346164e-04,2.273524207392332297e-01,7.896500508685614554e-04,4.687789201060578725e-01,7.940414770069289608e-04,4.687789127445540771e-01,7.902091456707084020e-04,4.687789191648085163e-01,7.896500508684141124e-04,4.687789201060578725e-01,-5.329210383565826693e-04,1.497575855208408775e-05,-5.329210383565826693e-04,1.497575855208408775e-05,-5.329210383565818020e-04,1.497575855202852239e-05,-5.329210383565845125e-04,1.497575855208398103e-05
3.873893167025566981e+02,-1.775898918956601805e-19,-1.704732820525568992e-18,-1.000000003700903362e+00,2.341089132664245231e-09,-4.987822306192280018e-09,8.812123299399739207e-12,-4.987822226227605237e-09,8.857522706831946757e-12,-4.987822290745257796e-09,8.820827382860670085e-12,-4.987822306192385897e-09,8.812123285847212051e-12,-5.571940297825108269e-12,-8.277299730643382096e-12,-5.571940297825108269e-12,-8.277299730643382096e-12,-5.571940297719229151e-12,-8.277299730646690819e-12,-5.571940297930987388e-12,-8.277299730643382096e-12,-8.206472057023029003e-11,-4.064092572716405810e-11,9.517125371787636678e-05,2.339928522409306100e-01,7.920588017562562189e-04,4.554752575763765243e-01,7.962045144881403592e-04,4.554752503821037912e-01,7.928536348309425273e-04,4.554752561903402386e-01,7.920588017561595081e-04,4.554752575763764133e-01,-5.328999599786119921e-04,1.538313853210161744e-05,-5.328999599786119921e-04,1.538313853210161744e-05,-5.328999599786145942e-04,1.538313853210153612e-05,-5.328999599786102574e-04,1.538313853215710148e-05
3.987041612680033609e+02,-1.483895530441378256e-19,-1.858073938916553897e-18,-1.000000003920392677e+00,2.409331289164595713e-09,-4.987819779261228968e-09,9.115815090623979877e-12,-4.987819698682667059e-09,9.159926113509568590e-12,-4.987819758146285780e-09,9.127281653457768040e-12,-4.987819779261440727e-09,9.115815104176507033e-12,-5.585664845831940517e-12,-8.518990037313431044e-12,-5.585664845831940517e-12,-8.518990037313431044e-12,-5.585664845831940517e-12,-8.518990037313431044e-12,-5.585664845937819635e-12,-8.518990037313431044e-12,-8.692658630163830973e-11,-4.426640445306465552e-11,8.666030357715008570e-05,2.408272314849846663e-01,7.943322263340177412e-04,4.425491355563151430e-01,7.982459739936143299e-04,4.425491285279793408e-01,7.953496073634024012e-04,4.425491337193966923e-01,7.943322263340877806e-04,4.425491355563152540e-01,-5.328776348180642866e-04,1.580319488375814268e-05,-5.328776348180642866e-04,1.580319488375814268e-05,-5.328776348180642866e-04,1.580319488375814268e-05,-5.328776348180668887e-04,1.580319488375808847e-05
4.103494891535115130e+02,-1.126153076488883260e-19,-2.025239452386786084e-18,-1.000000004152890698e+00,2.479554345050441477e-09,-4.987817090740326142e-09,9.433162001634860794e-12,-4.987817009477043974e-09,9.476021177587043431e-12,-4.987817075202671395e-09,9.441292677671818401e-12,-4.987817090740114384e-09,9.433162015187387950e-12,-5.600209598287972206e-12,-8.767694100723908363e-12,-5.600209598287972206e-12,-8.767694100723908363e-12,-5.600209598287972206e-12,-8.767694100720599641e-12,-5.600209598499730442e-12,-8.767694100717290918e-12,-9.207688866871616889e-11,-4.821773786659278472e-11,7.764341266450897061e-05,2.478612228175275656e-01,7.970044129673276804e-04,4.299898386879938417e-01,8.006991746152556169e-04,4.299898318150014442e-01,7.977053385886273031e-04,4.299898373772728100e-01,7.970044129672457147e-04,4.299898386879936751e-01,-5.328539743078983737e-04,1.623675846598141188e-05,-5.328539743078983737e-04,1.623675846598141188e-05,-5.328539743078949042e-04,1.623675846598141188e-05,-5.328539743078966389e-04,1.623675846598130346e-05
4.223349530966161183e+02,-6.928641697340481874e-20,-2.207476888543411624e-18,-1.000000004399168585e+00,2.551815046596128678e-09,-4.987814243247962138e-09,9.757966692156873345e-12,-4.987814161344217183e-09,9.799609528796798807e-12,-4.987814233033909465e-09,9.763119877977642636e-12,-4.987814243247644501e-09,9.757966692156873345e-12,-5.615614481573479825e-12,-9.023619661260473166e-12,-5.615614481573479825e-12,-9.023619661253855721e-12,-5.615614481467600706e-12,-9.023619661260473166e-12,-5.615614481679358943e-12,-9.023619661257164444e-12,-9.753275596674773946e-11,-5.252428477482634292e-11,6.809041434854487540e-05,2.551006559915903193e-01,7.994970041274219617e-04,4.177869576818310504e-01,8.029850326281576462e-04,4.177869509639179912e-01,7.999286429724446982e-04,4.177869568462153627e-01,7.994970041274732445e-04,4.177869576818311614e-01,-5.328289154328827654e-04,1.668366374435050373e-05,-5.328289154328827654e-04,1.668366374435044952e-05,-5.328289154328810307e-04,1.668366374435047663e-05,-5.328289154328818980e-04,1.668366374435047663e-05
4.346704877714469148e+02,-1.729187405745201867e-20,-2.406146434832158514e-18,-1.000000004660042796e+00,2.626171693304035770e-09,-4.987811239255355580e-09,1.008474133736871059e-11,-4.987811156846884867e-09,1.012520236653557254e-11,-4.987811222236451966e-09,1.009302922272067859e-11,-4.987811239255779096e-09,1.008474132381618343e-11,-5.631922246817739838e-12,-9.286979564409444890e-12,-5.631922246817739838e-12,-9.286979564409444890e-12,-5.631922247029498075e-12,-9.286979564409444890e-12,-5.631922246817739838e-12,-9.286979564412753612e-12,-1.033123358221180091e-10,-5.721805120819967664e-11,5.796934565238491543e-05,2.625515309956990007e-01,8.013523874756559116e-04,4.059303785898634165e-01,8.046452501281297883e-04,4.059303720340028954e-01,8.020268958337154310e-04,4.059303772393479948e-01,8.013523874756910397e-04,4.059303785898635830e-01,-5.328023905030426343e-04,1.714381204363307564e-05,-5.328023905030426343e-04,1.714381204363307564e-05,-5.328023905030461038e-04,1.714381204363288591e-05,-5.328023905030426343e-04,1.714381204363307564e-05
4.473663180235162713e+02,4.462611646917140113e-20,-2.622731178381026785e-18,-1.000000004936378417e+00,2.702684178020053896e-09,-4.987808045345680269e-09,1.042546620864601148e-11,-4.987807962371497426e-09,1.046477895929199403e-11,-4.987808032947341383e-09,1.043129321256445335e-11,-4.987808045345892027e-09,1.042546619509348432e-11,-5.649202789379614658e-12,-9.557977665891332970e-12,-5.649202789379614658e-12,-9.557977665891332970e-12,-5.649202789379614658e-12,-9.557977665894641692e-12,-5.649202789485493776e-12,-9.557977665888024247e-12,-1.094348585831333968e-10,-6.233393027225680504e-11,4.724631935083649370e-05,2.702200230233688383e-01,8.035462809920934516e-04,3.944102716747239779e-01,8.066548978426452479e-04,3.944102652717017543e-01,8.040070515000250851e-04,3.944102707203245295e-01,8.035462809921502638e-04,3.944102716747238668e-01,-5.327742823215074995e-04,1.761851430627907954e-05,-5.327742823215074995e-04,1.761851430627907954e-05,-5.327742823215074995e-04,1.761851430622359549e-05,-5.327742823215057648e-04,1.761851430627905244e-05
4.604329673450277483e+02,1.178907329867503463e-19,-2.858848084924605260e-18,-1.000000005229092048e+00,2.781414023579620309e-09,-4.987804674719627052e-09,1.076905406483755906e-11,-4.987804591300010758e-09,1.080725115789552687e-11,-4.987804654593594830e-09,1.077819116509365349e-11,-4.987804674719838810e-09,1.076905407839008622e-11,-5.667496962928699779e-12,-9.836843290019922328e-12,-5.667496962928699779e-12,-9.836843290019922328e-12,-5.667496963034578897e-12,-9.836843290016613606e-12,-5.667496963140458016e-12,-9.836843290013304883e-12,-1.159206961291195331e-10,-6.790995997979420468e-11,3.588542408375708370e-05,2.781124875875501390e-01,8.051736712414042131e-04,3.832170898509716928e-01,8.081083513592503785e-04,3.832170836059862196e-01,8.058756810842319322e-04,3.832170883479946166e-01,8.051736712413752649e-04,3.832170898509716372e-01,-5.327445280692850570e-04,1.810724378936113627e-05,-5.327445280692850570e-04,1.810724378936113627e-05,-5.327445280692885265e-04,1.810724378930540828e-05,-5.327445280692876591e-04,1.810724378930535407e-05
4.738812665977313827e+02,2.041114072421973182e-19,-3.116260258636549998e-18,-1.000000005539154246e+00,2.862424417935868770e-09,-4.987801092450745260e-09,1.112684385818143995e-11,-4.987801008531591286e-09,1.116395693880230244e-11,-4.987801076109468004e-09,1.113400955362730399e-11,-4.987801092450427623e-09,1.112684385818143995e-11,-5.686881176613101118e-12,-1.012379278895161192e-11,-5.686881176613101118e-12,-1.012379278895161192e-11,-5.686881176613101118e-12,-1.012379278895492064e-11,-5.686881176401342882e-12,-1.012379278894168575e-11,-1.227914369494886997e-10,-7.398760990254612772e-11,2.384858576387656470e-05,2.862354657844750627e-01,8.071040550396685722e-04,3.723415533556733159e-01,8.098745306455760150e-04,3.723415472603249232e-01,8.076389774657149849e-04,3.723415521716508803e-01,8.071040550395969064e-04,3.723415533556733159e-01,-5.327130000578407564e-04,1.861128091474344422e-05,-5.327130000578407564e-04,1.861128091474344422e-05,-5.327130000578407564e-04,1.861128091474349843e-05,-5.327130000578389132e-04,1.861128091474344422e-05
4.877223629905553821e+02,3.051073143801340371e-19,-3.396890015410184656e-18,-1.000000005867593522e+00,2.945780251456184273e-09,-4.987797298671383792e-09,1.149353724173851621e-11,-4.987797214285620543e-09,1.152959707415891766e-11,-4.987797285679592447e-09,1.149904207498140402e-11,-4.987797298671383792e-09,1.149353722818598905e-11,-5.707411227563548750e-12,-1.041906288916155572e-11,-5.707411227563548750e-12,-1.041906288916155572e-11,-5.707411227563548750e-12,-1.041906288916486445e-11,-5.707411227563548750e-12,-1.041906288916155572e-11,-1.300699529816843747e-10,-8.061208793827099746e-11,1.109544895931506570e-05,2.945956897108730765e-01,8.089035147254999922e-04,3.617746484451990208e-01,8.115189735100627154e-04,3.617746424978464659e-01,8.093027905431251275e-04,3.617746475317740185e-01,8.089035147255365299e-04,3.617746484451990208e-01,-5.326796094011029175e-04,1.913058415493192700e-05,-5.326796094011029175e-04,1.913058415493192700e-05,-5.326796094011011827e-04,1.913058415493198121e-05,-5.326796094011047606e-04,1.913058415493181858e-05
5.019677293194561685e+02,4.229337508359748997e-19,-3.702833344837216629e-18,-1.000000006215498782e+00,3.031548154869279088e-09,-4.987793293097045456e-09,1.186445240013503377e-11,-4.987793208345152215e-09,1.189948885412482615e-11,-4.987793270796256142e-09,1.187358997472957867e-11,-4.987793293097257214e-09,1.186445238658250662e-11,-5.729146666325520270e-12,-1.072289622893180606e-11,-5.729146666325520270e-12,-1.072289622892518862e-11,-5.729146666325520270e-12,-1.072289622892849734e-11,-5.729146666643157625e-12,-1.072289622891857117e-11,-1.377804790802537481e-10,-8.783267863304117109e-11,-2.416757823071533084e-06,3.032000880395181452e-01,8.102286846644421881e-04,3.515076171132977545e-01,8.126978002538501940e-04,3.515076113170472749e-01,8.108726403298901564e-04,3.515076155917611911e-01,8.102286846644086863e-04,3.515076171132979765e-01,-5.326442610576376160e-04,1.966517253186111802e-05,-5.326442610576376160e-04,1.966517253186106381e-05,-5.326442610576393507e-04,1.966517253197203191e-05,-5.326442610576307855e-04,1.966517253186111802e-05
5.166291734771451729e+02,5.599117927796599999e-19,-4.036375681821773597e-18,-1.000000006584023993e+00,3.119796533959662277e-09,-4.987789038319578928e-09,1.225003575682816204e-11,-4.987788953155815917e-09,1.228407792966314943e-11,-4.987789018312872473e-09,1.225796222338593200e-11,-4.987789038319684808e-09,1.225003572972310772e-11,-5.752175163350155339e-12,-1.103552895524786699e-11,-5.752175163350155339e-12,-1.103552895524786699e-11,-5.752175163350155339e-12,-1.103552895524455826e-11,-5.752175163350155339e-12,-1.103552895524455826e-11,-1.459486971735121596e-10,-9.570311217174291229e-11,-1.673339561130034181e-05,3.120557917573458795e-01,8.118109762818327690e-04,3.415319474059299587e-01,8.141419369651768830e-04,3.415319417534239399e-01,8.123537289582558789e-04,3.415319460811685470e-01,8.118109762817807273e-04,3.415319474059299032e-01,-5.326068091655746352e-04,2.021628803523027417e-05,-5.326068091655746352e-04,2.021628803523027417e-05,-5.326068091655746352e-04,2.021628803523027417e-05,-5.326068091655755026e-04,2.021628803517470880e-05
5.317188482405754257e+02,7.186616130564528508e-19,-4.400008916340029815e-18,-1.000000006974390399e+00,3.210595607081034863e-09,-4.987784532483876175e-09,1.264547456547929216e-11,-4.987784446934713173e-09,1.267855061931090488e-11,-4.987784514213057865e-09,1.265247590942833456e-11,-4.987784532483770296e-09,1.264547456547929216e-11,-5.776564435109938676e-12,-1.135721700558992122e-11,-5.776564435109938676e-12,-1.135721700558992122e-11,-5.776564435109938676e-12,-1.135721700558992122e-11,-5.776564435004059557e-12,-1.135721700558992122e-11,-1.546018178948711253e-10,-1.042819627144666777e-10,-3.190253100500764494e-05,3.211701400711031718e-01,8.132851711772641663e-04,3.318393714088408442e-01,8.154857070988237372e-04,3.318393658979661431e-01,8.137509705452023855e-04,3.318393702346494889e-01,8.132851711773485173e-04,3.318393714088408442e-01,-5.325671454461876038e-04,2.078396202815924334e-05,-5.325671454461876038e-04,2.078396202815924334e-05,-5.325671454461876038e-04,2.078396202815924334e-05,-5.325671454461867365e-04,2.078396202815924334e-05
5.472492613443002938e+02,9.021399248421490471e-19,-4.796450160706198578e-18,-1.000000007387893630e+00,3.304017439850759352e-09,-4.987779760829011662e-09,1.305110282812018546e-11,-4.987779674919647898e-09,1.308324019326338739e-11,-4.987779743692370468e-09,1.305745625285095052e-11,-4.987779760829117541e-09,1.305110284167271262e-11,-5.802394693719151132e-12,-1.168821873017841450e-11,-5.802394693719151132e-12,-1.168821873017841450e-11,-5.802394693719151132e-12,-1.168821873017841450e-11,-5.802394693930909369e-12,-1.168821873017179706e-11,-1.637686757509552838e-10,-1.136330870413662340e-10,-4.797513267897589306e-05,3.305506864853642868e-01,8.146583002001913168e-04,3.224218550117242676e-01,8.167357089810186070e-04,3.224218496402443401e-01,8.150689990884940747e-04,3.224218539427436969e-01,8.146583002001284331e-04,3.224218550117242121e-01,-5.325251396080170427e-04,2.136864989489456229e-05,-5.325251396080170427e-04,2.136864989489456229e-05,-5.325251396080170427e-04,2.136864989489456229e-05,-5.325251396080151996e-04,2.136864989489450469e-05
5.632332858480544928e+02,1.113682048603791149e-18,-5.228662110615232286e-18,-1.000000007825903925e+00,3.400135983530616635e-09,-4.987774707728709819e-09,1.346726262408878827e-11,-4.987774621483073976e-09,1.349848795836449539e-11,-4.987774691077524384e-09,1.347323717437037827e-11,-4.987774707728921577e-09,1.346726262408878827e-11,-5.829750851160260517e-12,-1.202879945565853526e-11,-5.829750851160260517e-12,-1.202879945565853526e-11,-5.829750851160260517e-12,-1.202879945565853526e-11,-5.829750851160260517e-12,-1.202879945565191781e-11,-1.734798257371773655e-10,-1.238261005389366273e-10,-6.500523930176756171e-05,3.402052050580002263e-01,8.159369392504451767e-04,3.132715920995795544e-01,8.178981101906519129e-04,3.132715868651555491e-01,8.163121859369696243e-04,3.132715910913076995e-01,8.159369392505393939e-04,3.132715920995796099e-01,-5.324806537339646373e-04,2.197081969371162706e-05,-5.324806537339646373e-04,2.197081969371162706e-05,-5.324806537339646373e-04,2.197081969371162706e-05,-5.324806537339612763e-04,2.197081969376713821e-05
5.796841708071503945e+02,1.357049168124309238e-18,-5.699875273804249276e-18,-1.000000008289874565e+00,3.499027108420232901e-09,-4.987769356640734825e-09,1.389430429976461212e-11,-4.987769270080214483e-09,1.392464345461837463e-11,-4.987769339778320548e-09,1.390016114634785166e-11,-4.987769356640840704e-09,1.389430429976461212e-11,-5.858722792875563563e-12,-1.237923163846942628e-11,-5.858722792875563563e-12,-1.237923163846942628e-11,-5.858722792875563563e-12,-1.237923163846942628e-11,-5.858722792875563563e-12,-1.237923163847604373e-11,-1.837676466969273772e-10,-1.349368965615238747e-10,-8.305013311023408396e-05,3.501416968382124462e-01,8.171272377969478889e-04,3.043809980823182215e-01,8.189786747207563082e-04,3.043809929825261329e-01,8.174846542928525858e-04,3.043809970911102170e-01,8.171272377969010514e-04,3.043809980823178885e-01,-5.324335418403343357e-04,2.259095242231360864e-05,-5.324335418403343357e-04,2.259095242231360864e-05,-5.324335418403343357e-04,2.259095242231360864e-05,-5.324335418403343357e-04,2.259095242225804328e-05
5.966155522545351459e+02,1.636481417887947062e-18,-6.213612216582290895e-18,-1.000000008781343652e+00,3.600768635949463947e-09,-4.987763690053951044e-09,1.433258688192081201e-11,-4.987763603199404390e-09,1.436206503794808589e-11,-4.987763672233542504e-09,1.433857992462570646e-11,-4.987763690054056923e-09,1.433258692257839348e-11,-5.889405663217289148e-12,-1.273979501840861114e-11,-5.889405663217289148e-12,-1.273979501840861114e-11,-5.889405663217289148e-12,-1.273979501840861114e-11,-5.889405663429047384e-12,-1.273979501840861114e-11,-1.946664509728766812e-10,-1.470482126563448883e-10,-1.021705512265873306e-04,3.603683964926069350e-01,8.182349456038690103e-04,2.957427036079847693e-01,8.199827884291633435e-04,2.957426986403330904e-01,8.185902928898453057e-04,2.957427025910500662e-01,8.182349456039287499e-04,2.957427036079847693e-01,-5.323836494111022473e-04,2.322954227908993611e-05,-5.323836494111022473e-04,2.322954227908993611e-05,-5.323836494111022473e-04,2.322954227908999032e-05,-5.323836494111074515e-04,2.322954227903437075e-05
6.140414645036108823e+02,1.956757519853980586e-18,-6.773714006447864503e-18,-1.000000009301940995e+00,3.705440371638141217e-09,-4.987757689432842370e-09,1.478247835555099310e-11,-4.987757602303645284e-09,1.481111991407692285e-11,-4.987757669855793377e-09,1.478885445365969026e-11,-4.987757689432842370e-09,1.478247834199846594e-11,-5.921900172602920795e-12,-1.311077677142879690e-11,-5.921900172602920795e-12,-1.311077677142879690e-11,-5.921900172708799914e-12,-1.311077677142879690e-11,-5.921900173026437269e-12,-1.311077677142879690e-11,-2.062126007480086290e-10,-1.602502478110705297e-10,-1.224308919749415858e-04,3.708937791246850191e-01,8.192654377814740600e-04,2.873495484543956424e-01,8.209154828809931900e-04,2.873495436163388539e-01,8.196327688958043823e-04,2.873495473697861846e-01,8.192654377814678800e-04,2.873495484543956424e-01,-5.323308129058989743e-04,2.388709692605915554e-05,-5.323308129058989743e-04,2.388709692605915554e-05,-5.323308129058955049e-04,2.388709692605920975e-05,-5.323308129058955049e-04,2.388709692611466670e-05
6.319763517811869633e+02,2.323261758025250301e-18,-7.384369067282948367e-18,-1.000000009853392990e+00,3.813124142392626537e-09,-4.987751335158537559e-09,1.524435581972327300e-11,-4.987751247772583610e-09,1.527218453155169964e-11,-4.987751312972203571e-09,1.525135530019983143e-11,-4.987751335158643438e-09,1.524435583327580016e-11,-5.956312915258431013e-12,-1.349247166197145573e-11,-5.956312915258431013e-12,-1.349247166197145573e-11,-5.956312915046672776e-12,-1.349247166197807318e-11,-5.956312915152551894e-12,-1.349247166197145573e-11,-2.184446314941818818e-10,-1.746413354115817622e-10,-1.438994405848458003e-04,3.817265672935808984e-01,8.202237382578742367e-04,2.791945755941210860e-01,8.217814576814082327e-04,2.791945708830730344e-01,8.206155400798110762e-04,2.791945744007146013e-01,8.202237382578843198e-04,2.791945755941210305e-01,-5.322748592404135271e-04,2.456413774925988880e-05,-5.322748592404135271e-04,2.456413774925988880e-05,-5.322748592404169966e-04,2.456413774925983459e-05,-5.322748592404161292e-04,2.456413774925978038e-05
6.504350802002068122e+02,2.742059219370212475e-18,-8.050144666944282834e-18,-1.000000010437529063e+00,3.923903819490898170e-09,-4.987744593896902004e-09,1.572245923676853646e-11,-4.987744506229521359e-09,1.574949815474815246e-11,-4.987744580795208134e-09,1.572646295144603662e-11,-4.987744593897113762e-09,1.572245925709732720e-11,-5.992764753256272332e-12,-1.388517872047347188e-11,-5.992764753256272332e-12,-1.388517872047347188e-11,-5.992764753256272332e-12,-1.388517872047347188e-11,-5.992764753256272332e-12,-1.388517872047347188e-11,-2.314033838109192417e-10,-1.903286774353262434e-10,-1.666485885654378496e-04,3.928757382376753537e-01,8.213241137403224030e-04,2.712710247705855116e-01,8.227946733542901422e-04,2.712710201816593836e-01,8.215418641898219847e-04,2.712710240863132616e-01,8.213241137402997431e-04,2.712710247705854005e-01,-5.322155905636773328e-04,2.526150848325882601e-05,-5.322155905636773328e-04,2.526150848325882601e-05,-5.322155905636773328e-04,2.526150848325882601e-05,-5.322155905636738633e-04,2.526150848325888022e-05
6.694329500821735337e+02,3.219980248842311781e-18,-8.776021138932963033e-18,-1.000000011056284555e+00,4.037865357613829032e-09,-4.987737468781428214e-09,1.620936909273607701e-11,-4.987737380892548453e-09,1.623564064629932566e-11,-4.987737451224764558e-09,1.621456812675621528e-11,-4.987737468781534093e-09,1.620936907918354986e-11,-6.031358995287493978e-12,-1.428921536212920551e-11,-6.031358995287493978e-12,-1.428921536212920551e-11,-6.031358995287493978e-12,-1.428921536212920551e-11,-6.031358995393373097e-12,-1.428921536212258806e-11,-2.451321390866098796e-10,-2.074291419518132238e-10,-1.907551101710102531e-04,4.043505313093098130e-01,8.221400800839719645e-04,2.635723295417802814e-01,8.235283567252235995e-04,2.635723250748026047e-01,8.224148181594019254e-04,2.635723286514248254e-01,8.221400800839421489e-04,2.635723295417802259e-01,-5.321528423855232445e-04,2.597913320710087048e-05,-5.321528423855232445e-04,2.597913320710087048e-05,-5.321528423855232445e-04,2.597913320710087048e-05,-5.321528423855215097e-04,2.597913320704530173e-05
6.889857086394881662e+02,3.764715378250742959e-18,-9.567429491849277154e-18,-1.000000011711712489e+00,4.155096805687208406e-09,-4.987729924022538949e-09,1.670945771071324915e-11,-4.987729835926665511e-09,1.673498368554753382e-11,-4.987729900976995915e-09,1.671607203514429568e-11,-4.987729924022538949e-09,1.670945771071324915e-11,-6.072230042822693871e-12,-1.470489646079594700e-11,-6.072230042822693871e-12,-1.470489646078932956e-11,-6.072230042822693871e-12,-1.470489646079594700e-11,-6.072230042928572990e-12,-1.470489646078932956e-11,-2.596767721008012113e-10,-2.260701384645552463e-10,-2.163004057823027237e-04,4.161604556266940702e-01,8.228976886186579239e-04,2.560921078398633033e-01,8.242082862441916461e-04,2.560921034921749273e-01,8.232372957229093687e-04,2.560921067050107025e-01,8.228976886186687659e-04,2.560921078398634698e-01,-5.320863948893052569e-04,2.671789340841064861e-05,-5.320863948893052569e-04,2.671789340841059440e-05,-5.320863948893052569e-04,2.671789340841070282e-05,-5.320863948893061243e-04,2.671789340838278461e-05
7.091095630282131879e+02,4.384921850603969193e-18,-1.043029218479248198e-17,-1.000000012405986238e+00,4.275688345479339292e-09,-4.987721922345172935e-09,1.722667648584646702e-11,-4.987721834020706481e-09,1.725147803067041477e-11,-4.987721905412349045e-09,1.723138652435802359e-11,-4.987721922345384693e-09,1.722667646551767628e-11,-6.115519651801913583e-12,-1.513254537005723105e-11,-6.115519651801913583e-12,-1.513254537005723105e-11,-6.115519651801913583e-12,-1.513254537005723105e-11,-6.115519651696034464e-12,-1.513254537006384850e-11,-2.750859051587923999e-10,-2.463905668254176245e-10,-2.433707923073704510e-04,4.283152979494448398e-01,8.237770528191804909e-04,2.488241587574850922e-01,8.250143177758255094e-04,2.488241545246735464e-01,8.240120233216997664e-04,2.488241579477720455e-01,8.237770528191493743e-04,2.488241587574850644e-01,-5.320160163699048450e-04,2.747865063555328085e-05,-5.320160163699048450e-04,2.747865063555328085e-05,-5.320160163699048450e-04,2.747865063555328085e-05,-5.320160163699039777e-04,2.747865063555317243e-05
7.298211937820797175e+02,5.090343248480483508e-18,-1.137106763335321897e-17,-1.000000013141408184e+00,4.399732303744102735e-09,-4.987713450322587410e-09,1.775771801875098213e-11,-4.987713361786680356e-09,1.778181567919576156e-11,-4.987713438392128348e-09,1.776093477205784726e-11,-4.987713450322375651e-09,1.775771801875098213e-11,-6.161361267289674462e-12,-1.557250040070877743e-11,-6.161361267289674462e-12,-1.557250040070877743e-11,-6.161361267289674462e-12,-1.557250040070877743e-11,-6.161361267289674462e-12,-1.557250040071539487e-11,-2.914110726591822239e-10,-2.685418522125849977e-10,-2.720578137023425130e-04,4.408251307841352107e-01,8.245856527323376563e-04,2.417624585851055330e-01,8.257536881836816242e-04,2.417624544648089846e-01,8.247415733556055437e-04,2.417624580310965832e-01,8.245856527323318017e-04,2.417624585851055330e-01,-5.319414918204974901e-04,2.826169978176373395e-05,-5.319414918204974901e-04,2.826169978176373395e-05,-5.319414918204974901e-04,2.826169978176373395e-05,-5.319414918204974901e-04,2.826169978176378477e-05
7.511377686388752863e+02,5.891943846658760058e-18,-1.239679889492789733e-17,-1.000000013920416153e+00,4.527323183012299523e-09,-4.987704493139858488e-09,1.829969296484722924e-11,-4.987704404439627042e-09,1.832310673089039554e-11,-4.987704472262402162e-09,1.830515137390834393e-11,-4.987704493140176125e-09,1.829969295129470208e-11,-6.209896557875745396e-12,-1.602510803683191175e-11,-6.209896557875745396e-12,-1.602510803683191175e-11,-6.209896557875745396e-12,-1.602510803683191175e-11,-6.209896558087503633e-12,-1.602510803682529430e-11,-3.087068993666069768e-10,-2.926890759935970106e-10,-3.024585260445449703e-04,4.537003207269446059e-01,8.251713003120336818e-04,2.349011545069421836e-01,8.262739798440374862e-04,2.349011504982509713e-01,8.254283685236568071e-04,2.349011535654379479e-01,8.251713003120438733e-04,2.349011545069423224e-01,-5.318625928699324259e-04,2.906738363494924555e-05,-5.318625928699324259e-04,2.906738363494924555e-05,-5.318625928699324259e-04,2.906738363494929976e-05,-5.318625928699307996e-04,2.906738363494924216e-05
7.730769567706712451e+02,6.802059503916591867e-18,-1.351516681790032803e-17,-1.000000014745594301e+00,4.658557658989564976e-09,-4.987694996231335465e-09,1.885982781621789450e-11,-4.987694907348039024e-09,1.888257710185459876e-11,-4.987694977869990509e-09,1.886448250620854569e-11,-4.987694996231653103e-09,1.885982780266536735e-11,-6.261300000488799510e-12,-1.649071393003339116e-11,-6.261300000488799510e-12,-1.649071393003339116e-11,-6.261300000488799510e-12,-1.649071393003339116e-11,-6.261300000488799510e-12,-1.649071393003339116e-11,-3.270312904389888503e-10,-3.190122094429578491e-10,-3.346758731232191142e-04,4.669515370500750828e-01,8.258616882658509958e-04,2.282345580751881930e-01,8.269026687154892516e-04,2.282345541741064299e-01,8.260746835791890142e-04,2.282345572710383907e-01,8.258616882658555494e-04,2.282345580751882486e-01,-5.317790331720182112e-04,2.989686851136553095e-05,-5.317790331720182112e-04,2.989686851136553095e-05,-5.317790331720182112e-04,2.989686851136553095e-05,-5.317790331720173439e-04,2.989686851136553095e-05
7.956569434296861800e+02,7.834566944049031709e-18,-1.473454774435569469e-17,-1.000000015619678662e+00,4.793534604842497604e-09,-4.987684941469877996e-09,1.943515835734713898e-11,-4.987684852416751450e-09,1.945726202091891885e-11,-4.987684924270344607e-09,1.943938660351829731e-11,-4.987684941469454480e-09,1.943515836412340256e-11,-6.315731127643463283e-12,-1.696968191652621029e-11,-6.315731127643463283e-12,-1.696968191652621029e-11,-6.315731127643463283e-12,-1.696968191652621029e-11,-6.315731127643463283e-12,-1.696968191652621029e-11,-3.464456254615351206e-10,-3.477074523834148446e-10,-3.688190127278268698e-04,4.805897605392869809e-01,8.264946754534627932e-04,2.217571439902560892e-01,8.274774090534100330e-04,2.217571401943901621e-01,8.266826654759556157e-04,2.217571432587019942e-01,8.264946754534761289e-04,2.217571439902560060e-01,-5.316905553949281002e-04,3.075052032472271583e-05,-5.316905553949281002e-04,3.075052032472271583e-05,-5.316905553949281002e-04,3.075052032472271583e-05,-5.316905553949279918e-04,3.075052032472271583e-05
8.188964450219247055e+02,9.005073955306594231e-18,-1.606407680575523363e-17,-1.000000016545567805e+00,4.932355093800744328e-09,-4.987674296247788107e-09,2.002616645511426027e-11,-4.987674207037960464e-09,2.004764280608530361e-11,-4.987674278766192745e-09,2.003033454839363639e-11,-4.987674296247576348e-09,2.002616644156173312e-11,-6.373367210735981950e-12,-1.746238146931586949e-11,-6.373367210735981950e-12,-1.746238146931586949e-11,-6.373367210735981950e-12,-1.746238146931586949e-11,-6.373367210735981950e-12,-1.746238146930925204e-11,-3.670149733419628267e-10,-3.789886996060238526e-10,-4.050037074817443294e-04,4.946262925897157992e-01,8.270742756051525403e-04,2.154635431750763774e-01,8.280020214261600998e-04,2.154635394820340610e-01,8.272543321136861935e-04,2.154635424529386389e-01,8.270742756051604550e-04,2.154635431750764329e-01,-5.315968718447024004e-04,3.162899543780227845e-05,-5.315968718447024004e-04,3.162899543780227845e-05,-5.315968718447024004e-04,3.162899543780227845e-05,-5.315968718446996899e-04,3.162899543780238010e-05
8.428147246210862704e+02,1.033113285065311509e-17,-1.751371681460084892e-17,-1.000000017526331497e+00,5.075122400891723951e-09,-4.987663026075895886e-09,2.063334603137146131e-11,-4.987662936721755006e-09,2.065421285065739687e-11,-4.987663006775297271e-09,2.063780990177975505e-11,-4.987663026076425282e-09,2.063334601781893415e-11,-6.434395766767251614e-12,-1.796919098693152402e-11,-6.434395766767251614e-12,-1.796919098693152402e-11,-6.434395766661372496e-12,-1.796919098693152402e-11,-6.434395767084888969e-12,-1.796919098691167169e-11,-3.888083161561451878e-10,-4.130891359467134230e-10,-4.433527304451324869e-04,5.090727645679465896e-01,8.276042185564807608e-04,2.093485389151609755e-01,8.284800533154058379e-04,2.093485353225575663e-01,8.277915811434285488e-04,2.093485381407853563e-01,8.276042185564886754e-04,2.093485389151611697e-01,-5.314976782134231631e-04,3.253296615317338806e-05,-5.314976782134231631e-04,3.253296615317338806e-05,-5.314976782134196937e-04,3.253296615317344227e-05,-5.314976782134240305e-04,3.253296615314536143e-05
8.674316079356032105e+02,1.183248013567419929e-17,-1.909433349465389887e-17,-1.000000018565222026e+00,5.221941997736456731e-09,-4.987651094480009715e-09,2.125720361859746374e-11,-4.987651004991190596e-09,2.127747825343305130e-11,-4.987651071722352005e-09,2.126230951965098551e-11,-4.987651094479903836e-09,2.125720363214999090e-11,-6.499015131890003660e-12,-1.849049788976274693e-11,-6.499015131890003660e-12,-1.849049788976274693e-11,-6.499015131890003660e-12,-1.849049788976274693e-11,-6.499015132101761897e-12,-1.849049788974951204e-11,-4.118987879018121545e-10,-4.502629759235497610e-10,-4.839962732543136997e-04,5.239411474475822450e-01,8.280879686255387473e-04,2.034070625345911210e-01,8.289147968884977204e-04,2.034070590400550993e-01,8.282961962800828573e-04,2.034070616477909876e-01,8.280879686255490472e-04,2.034070625345911765e-01,-5.313926526439530923e-04,3.346312086517809676e-05,-5.313926526439530923e-04,3.346312086517809676e-05,-5.313926526439530923e-04,3.346312086517809676e-05,-5.313926526439513576e-04,3.346312086517798834e-05
8.927674997420434693e+02,1.353130555351431872e-17,-2.081777761051883782e-17,-1.000000019665685524e+00,5.372921540406500052e-09,-4.987638450024795025e-09,2.190106605050095787e-11,-4.987638360390497997e-09,2.192076527213855305e-11,-4.987638434965925651e-09,2.190434358689211797e-11,-4.987638450024900904e-09,2.190106605050095787e-11,-6.567443100615471153e-12,-1.902669593018729099e-11,-6.567443100615471153e-12,-1.902669593018729099e-11,-6.567443100615471153e-12,-1.902669593018067354e-11,-6.567443100827229389e-12,-1.902669593017405610e-11,-4.363639290498239503e-10,-4.907873610897012113e-10,-5.270724168599319470e-04,5.392437617270595673e-01,8.286399805924136303e-04,1.976341887074309356e-01,8.294205444031732414e-04,1.976341853077310806e-01,8.287698511465274240e-04,1.976341881374823195e-01,8.286399805923898862e-04,1.976341887074308523e-01,-5.312814401661496069e-04,3.442038845595128335e-05,-5.312814401661496069e-04,3.442038845595128335e-05,-5.312814401661478721e-04,3.442038845595122914e-05,-5.312814401661497153e-04,3.442038845595106651e-05
9.188434007984986920e+02,1.545255404215110444e-17,-2.269697440695084522e-17,-1.000000020831369074e+00,5.528170858581926694e-09,-4.987625077625653816e-09,2.255977181323323699e-11,-4.987624987878701406e-09,2.257891195246806287e-11,-4.987625055538316804e-09,2.256443641012123927e-11,-4.987625077625759695e-09,2.255977181323323699e-11,-6.639885434822475816e-12,-1.957819640920636943e-11,-6.639885434822475816e-12,-1.957819640920636943e-11,-6.639885434822475816e-12,-1.957819640920636943e-11,-6.639885434822475816e-12,-1.957819640918651709e-11,-4.622859527516772238e-10,-5.349644243002876568e-10,-5.727275927965101016e-04,5.549932876371624912e-01,8.290345361023344862e-04,1.920251333382030912e-01,8.297714240878725474e-04,1.920251300319604781e-01,8.292141232242087158e-04,1.920251325262238296e-01,8.290345361023288484e-04,1.920251333382030634e-01,-5.311637099818407575e-04,3.540503492816652362e-05,-5.311637099818407575e-04,3.540503492816652362e-05,-5.311637099818407575e-04,3.540503492816652362e-05,-5.311637099818407575e-04,3.540503492816631355e-05
9.456809252519777829e+02,1.762426490550757801e-17,-2.474602168428447893e-17,-1.000000022066139804e+00,5.687801920423174451e-09,-4.987610908421877971e-09,2.323940689273043189e-11,-4.987610818550835234e-09,2.325800381957178822e-11,-4.987610890271020703e-09,2.324312629571698846e-11,-4.987610908421983850e-09,2.323940688595416831e-11,-6.716592756101758910e-12,-2.014540876104660648e-11,-6.716592756101758910e-12,-2.014540876104660648e-11,-6.716592756101758910e-12,-2.014540876103998904e-11,-6.716592756313517147e-12,-2.014540876102675415e-11,-4.897520375824087138e-10,-5.831235493859260765e-10,-6.211170975082835888e-04,5.712027756475237528e-01,8.294913512350836782e-04,1.865752461705030008e-01,8.301870071739368175e-04,1.865752429546685409e-01,8.296304844498903971e-04,1.865752455223710915e-01,8.294913512350733783e-04,1.865752461705030285e-01,-5.310390523143020559e-04,3.641824010999008691e-05,-5.310390523143020559e-04,3.641824010999008691e-05,-5.310390523143029232e-04,3.641824011004548965e-05,-5.310390523143029232e-04,3.641824011004538123e-05
9.733023185542347164e+02,2.007795223252339484e-17,-2.698029626077903732e-17,-1.000000023374091773e+00,5.851928801779704425e-09,-4.987595909686973144e-09,2.393773120533144311e-11,-4.987595819702322114e-09,2.395580032900270634e-11,-4.987595893417164294e-09,2.394096637652271334e-11,-4.987595909686867265e-09,2.393773120533144311e-11,-6.797805035981178512e-12,-2.072875996470011645e-11,-6.797805035981178512e-12,-2.072875996470011645e-11,-6.797805035981178512e-12,-2.072875996470011645e-11,-6.797805036192936749e-12,-2.072875996470673390e-11,-5.188546262516567688e-10,-6.356238226114760723e-10,-6.724056242676853395e-04,5.878856572802252378e-01,8.299027363815174871e-04,1.812800103315732325e-01,8.305594673200513908e-04,1.812800072039897348e-01,8.300203207849667303e-04,1.812800097672732647e-01,8.299027363815399301e-04,1.812800103315732880e-01,-5.309070793028244570e-04,3.746053406574844350e-05,-5.309070793028244570e-04,3.746053406574844350e-05,-5.309070793028244570e-04,3.746053406574844350e-05,-5.309070793028244570e-04,3.746053406574844350e-05
1.001730475900880833e+03,2.284903217390752551e-17,-2.941657066930451789e-17,-1.000000024759561734e+00,6.020667650194488907e-09,-4.987580033232387934e-09,2.465532626964774682e-11,-4.987579943144081246e-09,2.467288257246768798e-11,-4.987580016657858980e-09,2.465852474059547841e-11,-4.987580033232387934e-09,2.465532626964774682e-11,-6.883784456145381771e-12,-2.132868352014141974e-11,-6.883784456145381771e-12,-2.132868352014141974e-11,-6.883784456145381771e-12,-2.132868352013480229e-11,-6.883784456357140008e-12,-2.132868352012156740e-11,-5.496917532731120464e-10,-6.928567147294028255e-10,-7.267678359762098222e-04,6.050557562399008216e-01,8.302719767746329039e-04,1.761350366524417899e-01,8.308919606735587667e-04,1.761350336109691050e-01,8.303849284677570879e-04,1.761350360940380777e-01,8.302719767746020042e-04,1.761350366524415956e-01,-5.307673654870916774e-04,3.853268756573440559e-05,-5.307673654870916774e-04,3.853268756573440559e-05,-5.307673654870916774e-04,3.853268756573429717e-05,-5.307673654870899427e-04,3.853268756573418875e-05
1.030988961209065337e+03,2.597730241891512994e-17,-3.207314032101271942e-17,-1.000000026227143790e+00,6.194136610744582772e-09,-4.987563228127831166e-09,2.539278829523025638e-11,-4.987563137944868547e-09,2.540984631906051394e-11,-4.987563208924747219e-09,2.539638494620209686e-11,-4.987563228127831166e-09,2.539278828845399280e-11,-6.974808159739600546e-12,-2.194562222204270775e-11,-6.974808159739600546e-12,-2.194562222204270775e-11,-6.974808159739600546e-12,-2.194562222203609031e-11,-6.974808159845479665e-12,-2.194562222202947286e-11,-5.823673888610849806e-10,-7.552490004939929281e-10,-7.843889629697824856e-04,6.227272998693000883e-01,8.306021109617974223e-04,1.711360605171979299e-01,8.311874039190615508e-04,1.711360575597183076e-01,8.307255204393574483e-04,1.711360598887507745e-01,8.306021109618274547e-04,1.711360605171980409e-01,-5.306194611152656232e-04,3.963548779263552374e-05,-5.306194611152656232e-04,3.963548779263552374e-05,-5.306194611152682252e-04,3.963548779266338774e-05,-5.306194611152708273e-04,3.963548779266327931e-05
1.061102026649454956e+03,2.950748043425966540e-17,-3.496996245229310537e-17,-1.000000027781704937e+00,6.372455776601504418e-09,-4.987545427596719291e-09,2.615309043548647017e-11,-4.987545337311159805e-09,2.616966433594165864e-11,-4.987545416287029500e-09,2.615514626576461929e-11,-4.987545427596719291e-09,2.615309044226273374e-11,-7.071177086240928620e-12,-2.258002562315501137e-11,-7.071177086240928620e-12,-2.258002562315501137e-11,-7.071177086240928620e-12,-2.258002562315501137e-11,-7.071177086346807738e-12,-2.258002562314177648e-11,-6.169918067239110186e-10,-8.232659432443061734e-10,-8.454654384715907384e-04,6.409149309399296834e-01,8.309746898950576971e-04,1.662789379159408665e-01,8.315272329613933224e-04,1.662789350398373722e-01,8.310432283169800734e-04,1.662789375564148742e-01,8.309746898950698402e-04,1.662789379159409220e-01,-5.304628762747140222e-04,4.076992666120395618e-05,-5.304628762747140222e-04,4.076992666120395618e-05,-5.304628762747140222e-04,4.076992666120395618e-05,-5.304628762747131548e-04,4.076992666120385453e-05
1.092094632748702452e+03,3.348980741501218182e-17,-3.812880758768219339e-17,-1.000000029428399051e+00,6.555747097090891540e-09,-4.987526600663480942e-09,2.693206875098658540e-11,-4.987526510299253272e-09,2.694817225000045030e-11,-4.987526581645579573e-09,2.693542449901196317e-11,-4.987526600663269184e-09,2.693206875776284898e-11,-7.173184751094435329e-12,-2.323236007524851589e-11,-7.173184751094435329e-12,-2.323236007524851589e-11,-7.173184751094435329e-12,-2.323236007524851589e-11,-7.173184751306193566e-12,-2.323236007523528100e-11,-6.536819708744375942e-10,-8.974147616950512872e-10,-9.102055804973818026e-04,6.596337197876348535e-01,8.312304139399467407e-04,1.615596436709585693e-01,8.317520395647414041e-04,1.615596408747323742e-01,8.313391145481477179e-04,1.615596430836903907e-01,8.312304139399280924e-04,1.615596436709587358e-01,-5.302971376333770210e-04,4.193644172110984380e-05,-5.302971376333770210e-04,4.193644172110984380e-05,-5.302971376333770210e-04,4.193644172110984380e-05,-5.302971376333752863e-04,4.193644172110984380e-05
1.123992469079067405e+03,3.798072656260619567e-17,-4.157342546389338039e-17,-1.000000031172687764e+00,6.744134287486880375e-09,-4.987506661324837580e-09,2.773502662343357850e-11,-4.987506570876118374e-09,2.775067309735042287e-11,-4.987506644831412031e-09,2.773785172225816040e-11,-4.987506661324943460e-09,2.773502663020984207e-11,-7.281174278559086562e-12,-2.390309101544340736e-11,-7.281174278559086562e-12,-2.390309101544340736e-11,-7.281174278664965681e-12,-2.390309101543017247e-11,-7.281174278664965681e-12,-2.390309101543017247e-11,-6.925619574862093674e-10,-9.782484203707415242e-10,-9.788303029075965528e-04,6.788991768027451412e-01,8.315252468671099299e-04,1.569742652016285767e-01,8.320176849638389032e-04,1.569742624828006361e-01,8.316141613523631623e-04,1.569742647068669006e-01,8.315252468671163267e-04,1.569742652016286599e-01,-5.301216852214501530e-04,4.313624043427847940e-05,-5.301216852214501530e-04,4.313624043427847940e-05,-5.301216852214484182e-04,4.313624043427837098e-05,-5.301216852214492856e-04,4.313624043427826934e-05
1.156821975552337335e+03,4.304364380342672889e-17,-4.532972554906093514e-17,-1.000000033020354007e+00,6.937742710183547601e-09,-4.987485559071155769e-09,2.856026695116685790e-11,-4.987485468545462443e-09,2.857546934265011579e-11,-4.987485542169354460e-09,2.856307737938079336e-11,-4.987485559071155769e-09,2.856026695116685790e-11,-7.395483216240681724e-12,-2.459270041766277211e-11,-7.395483216240681724e-12,-2.459270041766277211e-11,-7.395483216240681724e-12,-2.459270041766277211e-11,-7.395483216240681724e-12,-2.459270041764953722e-11,-7.337633910649121785e-10,-1.066369747441269010e-09,-1.051573874522334848e-03,6.987272652855278654e-01,8.317833462933738606e-04,1.525190021572168653e-01,8.322482299847445237e-04,1.525189995138538923e-01,8.318692886578008417e-04,1.525190016646975899e-01,8.317833462933501166e-04,1.525190021572168375e-01,-5.299359726179351257e-04,4.436998642936041017e-05,-5.299359726179351257e-04,4.436998642936041017e-05,-5.299359726179351257e-04,4.436998642936041017e-05,-5.299359726179394625e-04,4.436998642938794890e-05
1.190610364335700979e+03,4.874978204827881312e-17,-4.942597474213757274e-17,-1.000000034977524654e+00,7.136699249794820066e-09,-4.987463226873859655e-09,2.940847118235688507e-11,-4.987463136278391990e-09,2.942324209186867982e-11,-4.987463206449248319e-09,2.941176830214978569e-11,-4.987463226873753776e-09,2.940847118913314864e-11,-7.516476592458444462e-12,-2.530167663052024814e-11,-7.516476592458444462e-12,-2.530167663052024814e-11,-7.516476592458444462e-12,-2.530167663052024814e-11,-7.516476592246686226e-12,-2.530167663052024814e-11,-7.774259192738948558e-10,-1.162435935271669643e-09,-1.128684715600973901e-03,7.191344146772561396e-01,8.320073843279085328e-04,1.481901616291489976e-01,8.324462553590341891e-04,1.481901590593432128e-01,8.321053488525383037e-04,1.481901610509828993e-01,8.320073843278979076e-04,1.481901616291489976e-01,-5.297394072019649550e-04,4.563854720577308381e-05,-5.297394072019649550e-04,4.563854720577308381e-05,-5.297394072019649550e-04,4.563854720577308381e-05,-5.297394072019588835e-04,4.563854720577330065e-05
1.225385642407739169e+03,5.517913974527562876e-17,-5.389301313536397953e-17,-1.000000037050689849e+00,7.341132160498808901e-09,-4.987439580945191250e-09,3.028238308711277832e-11,-4.987439490275502324e-09,3.029673476274952724e-11,-4.987439566740766362e-09,3.028460924555222492e-11,-4.987439580944979492e-09,3.028238309050091011e-11,-7.644547936813844995e-12,-2.603051435266342545e-11,-7.644547936813844995e-12,-2.603051435266342545e-11,-7.644547936813844995e-12,-2.603051435266342545e-11,-7.644547937025603231e-12,-2.603051435265019056e-11,-8.236977149765921479e-10,-1.267163442586453585e-09,-1.210426260176663757e-03,7.401375341776833539e-01,8.322588630877825579e-04,1.439841551443426515e-01,8.326731769367651812e-04,1.439841526458739973e-01,8.323231296808852181e-04,1.439841547537324684e-01,8.322588630877722580e-04,1.439841551443425405e-01,-5.295313484938724002e-04,4.694296820679486781e-05,-5.295313484938724002e-04,4.694296820679486781e-05,-5.295313484938724002e-04,4.694296820679486781e-05,-5.295313484938706655e-04,4.694296820679475939e-05
1.261176634773229125e+03,6.242156657894972260e-17,-5.876448950790400425e-17,-1.000000039246724093e+00,7.551170892565461923e-09,-4.987414559549365953e-09,3.118055748492498669e-11,-4.987414468813396698e-09,3.119450183258179639e-11,-4.987414548075669407e-09,3.118230342650531693e-11,-4.987414559549895348e-09,3.118055747814872311e-11,-7.780096336715036946e-12,-2.677972151900612346e-11,-7.780096336715036946e-12,-2.677972151900612346e-11,-7.780096336715036946e-12,-2.677972151900612346e-11,-7.780096336820916064e-12,-2.677972151900612346e-11,-8.727360083759611866e-10,-1.381333335060287295e-09,-1.297077846189119421e-03,7.617540267602673776e-01,8.324743901294393185e-04,1.398974967857500584e-01,8.328655208386301616e-04,1.398974943568241369e-01,8.325233631835596672e-04,1.398974964792254194e-01,8.324743901294334638e-04,1.398974967857500029e-01,-5.293111498818864986e-04,4.828397444798504919e-05,-5.293111498818864986e-04,4.828397444798504919e-05,-5.293111498818864986e-04,4.828397444798504919e-05,-5.293111498818864986e-04,4.828397444795707000e-05
1.298013008356006367e+03,7.057797095603791134e-17,-6.407711896433269348e-17,-1.000000041572908449e+00,7.766945890261278684e-09,-4.987388083812158021e-09,3.210373347641449354e-11,-4.987387993016261185e-09,3.211728203945636920e-11,-4.987388071362256004e-09,3.210557284572890593e-11,-4.987388083812052142e-09,3.210373348319075712e-11,-7.923551591290775489e-12,-2.754981185447498651e-11,-7.923551591290775489e-12,-2.754981185447498651e-11,-7.923551591290775489e-12,-2.754981185447498651e-11,-7.923551591396654607e-12,-2.754981185446175162e-11,-9.247076599522456465e-10,-1.505797114311151264e-09,-1.388935676849296225e-03,7.840018035964294585e-01,8.326565921926041766e-04,1.359267991876295656e-01,8.330258369229635905e-04,1.359267968264764315e-01,8.327067219450437919e-04,1.359267988645340153e-01,8.326565921925987556e-04,1.359267991876295378e-01,-5.290781132437769778e-04,4.966247764562929998e-05,-5.290781132437769778e-04,4.966247764562929998e-05,-5.290781132437804473e-04,4.966247764562919156e-05,-5.290781132437796883e-04,4.966247764562908314e-05
1.335925296589687150e+03,7.976167494832727619e-17,-6.987096424147583857e-17,-1.000000044036956970e+00,7.988588377610961189e-09,-4.987360070491298686e-09,3.305266848183086546e-11,-4.987359979642356411e-09,3.306583249869095124e-11,-4.987360053132840739e-09,3.305515876886018847e-11,-4.987360070491192807e-09,3.305266847844273367e-11,-8.075367376787445065e-12,-2.834130695957665364e-11,-8.075367376787445065e-12,-2.834130695957665364e-11,-8.075367376787445065e-12,-2.834130695960312342e-11,-8.075367376893324183e-12,-2.834130695960312342e-11,-9.797897675732224756e-10,-1.641483067666340301e-09,-1.486313823425157443e-03,8.068992989007032213e-01,8.328078799096129154e-04,1.320687711070002435e-01,8.331564632424351240e-04,1.320687688118767356e-01,8.328738234964106358e-04,1.320687706693630670e-01,8.328078799096153007e-04,1.320687711070002435e-01,-5.288315015148625222e-04,5.107940293709116024e-05,-5.288315015148625222e-04,5.107940293709116024e-05,-5.288315015148659917e-04,5.107940293709137708e-05,-5.288315015148659917e-04,5.107940293706340467e-05
1.374944924726636145e+03,9.009993501412814048e-17,-7.618974317079742676e-17,-1.000000046647040230e+00,8.216230096454169018e-09,-4.987330418718187059e-09,3.402996139815605420e-11,-4.987330327812811215e-09,3.404275178878310611e-11,-4.987330405361324514e-09,3.403182204832623341e-11,-4.987330418717975301e-09,3.402996140493231778e-11,-8.236030462287525513e-12,-2.915473366654323238e-11,-8.236030462287525513e-12,-2.915473366654323238e-11,-8.236030462287525513e-12,-2.915473366651676260e-11,-8.236030462499283750e-12,-2.915473366651676260e-11,-1.038170315818314271e-09,-1.789403192869715352e-09,-1.589545310922689872e-03,8.304654852087364203e-01,8.329773582303430035e-04,1.283202143760596992e-01,8.333064362265266015e-04,1.283202121450102151e-01,8.330252303831381724e-04,1.283202140489191345e-01,8.329773582303529782e-04,1.283202143760596992e-01,-5.285705221959061074e-04,5.253583298570031149e-05,-5.285705221959061074e-04,5.253583298570031149e-05,-5.285705221959078421e-04,5.253583298570009465e-05,-5.285705221959044811e-04,5.253583298570009465e-05
1.415104235886155720e+03,1.017356483458619701e-16,-8.308116451049716345e-17,-1.000000049411812197e+00,8.450003023685592751e-09,-4.987299048874161320e-09,3.503448152110876998e-11,-4.987298957919234048e-09,3.504690888357902406e-11,-4.987299035106805433e-09,3.503634388228550264e-11,-4.987299048874055441e-09,3.503448152449690177e-11,-8.406038006791385930e-12,-2.999063041328169663e-11,-8.406038006791385930e-12,-2.999063041328169663e-11,-8.406038007003144167e-12,-2.999063041328169663e-11,-8.406038007003144167e-12,-2.999063041326846174e-11,-1.100048865101648866e-09,-1.950660741729948112e-09,-1.698983239336600282e-03,8.547198891005883814e-01,8.331149019150479963e-04,1.246780222291956619e-01,8.334255659525020366e-04,1.246780200605746430e-01,8.331614583806441115e-04,1.246780219016130065e-01,8.331149019150423584e-04,1.246780222291956480e-01,-5.282943686408986305e-04,5.403256413891029629e-05,-5.282943686408986305e-04,5.403256413891029629e-05,-5.282943686409038346e-04,5.403256413888210704e-05,-5.282943686409037262e-04,5.403256413889586963e-05
1.456436517863490053e+03,1.148292681494163966e-16,-9.059729535910528777e-17,-1.000000052340441314e+00,8.690039036453323096e-09,-4.987265863256512101e-09,3.606704847026196217e-11,-4.987265772257750874e-09,3.607912308755539810e-11,-4.987265844396688255e-09,3.606952603146828563e-11,-4.987265863256406222e-09,3.606704847026196217e-11,-8.585922871949880418e-12,-3.084953986852271270e-11,-8.585922871949880418e-12,-3.084953986852271270e-11,-8.585922872055759536e-12,-3.084953986852271270e-11,-8.585922872161638655e-12,-3.084953986850947781e-11,-1.165637292945384859e-09,-2.126458451618816900e-09,-1.815001992655444069e-03,8.796826073821721881e-01,8.332227941681997346e-04,1.211391757318914519e-01,8.335160745593437996e-04,1.211391736240796380e-01,8.332829720807198148e-04,1.211391752959298518e-01,8.332227941682028788e-04,1.211391757318915491e-01,-5.280021744278352034e-04,5.557055710468935752e-05,-5.280021744278352034e-04,5.557055710468935752e-05,-5.280021744278326013e-04,5.557055710471732994e-05,-5.280021744278378054e-04,5.557055710471690304e-05
1.498976030721865527e+03,1.295609528217431375e-16,-9.879496272420498581e-17,-1.000000055442638480e+00,8.936469573887773077e-09,-4.987230745796102881e-09,3.713017372202116230e-11,-4.987230654751813633e-09,3.714190561961974377e-11,-4.987230729982633031e-09,3.713219113427295576e-11,-4.987230745796102881e-09,3.713017371863303051e-11,-8.776254977422942810e-12,-3.173200843813277996e-11,-8.776254977422942810e-12,-3.173200843813277996e-11,-8.776254977422942810e-12,-3.173200843813277996e-11,-8.776254977422942810e-12,-3.173200843813277996e-11,-1.235160582503207768e-09,-2.318107515045400392e-09,-1.937998521897535409e-03,9.053743237380814657e-01,8.333425757130518211e-04,1.177007413235627853e-01,8.336194451200244597e-04,1.177007392747827924e-01,8.333901865739878553e-04,1.177007409684312639e-01,8.333425757130485684e-04,1.177007413235627853e-01,-5.276930111064735739e-04,5.715091485506002125e-05,-5.276930111064735739e-04,5.715091485506002125e-05,-5.276930111064735739e-04,5.715091485506002125e-05,-5.276930111064761760e-04,5.715091485503194719e-05
1.542758035190436658e+03,1.461329774989986657e-16,-1.077361922448121220e-16,-1.000000058728689911e+00,9.189425201686085565e-09,-4.987193600967416606e-09,3.822295069363479229e-11,-4.987193509882999173e-09,3.823434960225301736e-11,-4.987193582945202467e-09,3.822518362833781692e-11,-4.987193600967522485e-09,3.822295069702292408e-11,-8.977618790979013388e-12,-3.263859225411362397e-11,-8.977618790979013388e-12,-3.263859225411362397e-11,-8.977618790979013388e-12,-3.263859225411362397e-11,-8.977618790873134269e-12,-3.263859225412685886e-11,-1.308857661822516792e-09,-2.527037353364697323e-09,-2.068393692714469087e-03,9.318163258686305017e-01,8.334322737342213239e-04,1.143598692840912673e-01,8.336936503976114616e-04,1.143598672928109045e-01,8.334834752033665542e-04,1.143598688908859934e-01,8.334322737342199144e-04,1.143598692840912673e-01,-5.273659291340212574e-04,5.877447566602974092e-05,-5.273659291340212574e-04,5.877447566602974092e-05,-5.273659291340212574e-04,5.877447566602974092e-05,-5.273659291340237511e-04,5.877447566602984257e-05
1.587818821891678226e+03,1.647724408152673019e-16,-1.174886885603601078e-16,-1.000000062209491558e+00,9.449035186237519923e-09,-4.987154301296971032e-09,3.934784290589104193e-11,-4.987154210170731347e-09,3.935891826486407480e-11,-4.987154288608523362e-09,3.934936965567341349e-11,-4.987154301296759274e-09,3.934784290927917372e-11,-9.190646719910248183e-12,-3.356984754573017545e-11,-9.190646719910248183e-12,-3.356984754573017545e-11,-9.190646719910248183e-12,-3.356984754571694056e-11,-9.190646720016127302e-12,-3.356984754571694056e-11,-1.386982307736713338e-09,-2.754806281362449079e-09,-2.206633731729983408e-03,9.590305231261144758e-01,8.335291476523176268e-04,1.111137901798770894e-01,8.337758984333752546e-04,1.111137882444340474e-01,8.335631626694423165e-04,1.111137899109334859e-01,8.335291476523111216e-04,1.111137901798771310e-01,-5.270198976389991454e-04,6.044235037522075469e-05,-5.270198976389991454e-04,6.044235037522075469e-05,-5.270198976389974107e-04,6.044235037522075469e-05,-5.270198976389983865e-04,6.044235037522064627e-05
1.634195741422449601e+03,1.857343016651512424e-16,-1.281263600808659717e-16,-1.000000065896585744e+00,9.715426975941132692e-09,-4.987112739333872241e-09,4.050408903202439188e-11,-4.987112648172374809e-09,4.051485001641311721e-11,-4.987112726079500682e-09,4.050563800456316761e-11,-4.987112739333978120e-09,4.050408902863626009e-11,-9.415988744371964322e-12,-3.452633860586867406e-11,-9.415988744371964322e-12,-3.452633860586867406e-11,-9.415988744371964322e-12,-3.452633860586867406e-11,-9.415988744371964322e-12,-3.452633860585543917e-11,-1.469804103877293415e-09,-3.003113121252296259e-09,-2.353191740492827783e-03,9.870394646637192793e-01,8.335960033907203548e-04,1.079598137276266689e-01,8.338289466488019901e-04,1.079598118465676798e-01,8.336295345850734846e-04,1.079598134546813359e-01,8.335960033907219811e-04,1.079598137276267522e-01,-5.266538595694640829e-04,6.215539756348022801e-05,-5.266538595694640829e-04,6.215539756348022801e-05,-5.266538595694640829e-04,6.215539756348022801e-05,-5.266538595694633240e-04,6.215539756348001117e-05
1.681927235313664141e+03,2.093047875578637312e-16,-1.397298934961775193e-16,-1.000000069802197356e+00,9.988725633083839206e-09,-4.987068788181043908e-09,4.169262122840516373e-11,-4.987068696988947411e-09,4.170307676254871379e-11,-4.987068768102657289e-09,4.169490024847678257e-11,-4.987068788181043908e-09,4.169262121824076836e-11,-9.654337911168528246e-12,-3.550863023739536818e-11,-9.654337911168528246e-12,-3.550863023739536818e-11,-9.654337911168528246e-12,-3.550863023739536818e-11,-9.654337911168528246e-12,-3.550863023739536818e-11,-1.557609472451557241e-09,-3.273809873793467173e-09,-2.508569322901103849e-03,1.015866358112113454e+00,8.336348978905716621e-04,1.048953257006598333e-01,8.338548061956280264e-04,1.048953238725567477e-01,8.336828324095801532e-04,1.048953252989665019e-01,8.336348978905814200e-04,1.048953257006597917e-01,-5.262666857488765802e-04,6.391461174321837646e-05,-5.262666857488765802e-04,6.391461174321837646e-05,-5.262666857488765802e-04,6.391461174321837646e-05,-5.262666857488765802e-04,6.391461174321837646e-05
1.731052867894228029e+03,2.358052190011650813e-16,-1.523873822975295550e-16,-1.000000073939277812e+00,1.026905322321775005e-08,-4.987022301178225228e-09,4.291584145346694079e-11,-4.987022209955106149e-09,4.292600020759456368e-11,-4.987022280772989770e-09,4.291809109165968528e-11,-4.987022301178436986e-09,4.291584145007880900e-11,-9.906431927234087735e-12,-3.651728673631993146e-11,-9.906431927234087735e-12,-3.651728673631993146e-11,-9.906431927234087735e-12,-3.651728673631993146e-11,-9.906431927339966854e-12,-3.651728673631993146e-11,-1.650702774892891022e-09,-3.568915526817683009e-09,-2.673298308329192206e-03,1.045535088799424583e+00,8.336772808030885797e-04,1.019177858016398486e-01,8.338848834965673692e-04,1.019177840249699263e-01,8.337232544907583007e-04,1.019177854050198895e-01,8.336772808030796893e-04,1.019177858016398486e-01,-5.258571721830980917e-04,6.572110308798918442e-05,-5.258571721830980917e-04,6.572110308798918442e-05,-5.258571721830980917e-04,6.572110308798918442e-05,-5.258571721830971159e-04,6.572110308798907599e-05
1.781613359085658431e+03,2.655963008303700682e-16,-1.661950141710952619e-16,-1.000000078321544361e+00,1.055652808831103462e-08,-4.986973137761675033e-09,4.417460332668517523e-11,-4.986973046506792219e-09,4.418447371352810307e-11,-4.986973123139239385e-09,4.417616910774575627e-11,-4.986973137761780912e-09,4.417460331990891165e-11,-1.017303890756208052e-11,-3.755287504056103496e-11,-1.017303890756208052e-11,-3.755287504056103496e-11,-1.017303890756208052e-11,-3.755287504057426985e-11,-1.017303890766795964e-11,-3.755287504054780007e-11,-1.749407488007714450e-09,-3.890631104684101064e-09,-2.847942578659904724e-03,1.076070239529319350e+00,8.337198706399405858e-04,9.902472608852666558e-02,8.339158562548251415e-04,9.902472436182420401e-02,8.337509611188067930e-04,9.902472581239918359e-02,8.337198706399463321e-04,9.902472608852667946e-02,-5.254240660265919929e-04,6.757585616324612312e-05,-5.254240660265919929e-04,6.757585616324612312e-05,-5.254240660265928602e-04,6.757585616324601470e-05,-5.254240660265928602e-04,6.757585616324568944e-05
1.833650618154564654e+03,2.990829376887515220e-16,-1.812578237678865417e-16,-1.000000082963528714e+00,1.085126411469461427e-08,-4.986921163172474821e-09,4.546842390036652873e-11,-4.986921071891439864e-09,4.547801411242742738e-11,-4.986921146892289816e-09,4.547011720054325301e-11,-4.986921163172263063e-09,4.546842390036652873e-11,-1.045495910823464439e-11,-3.861596338164194862e-11,-1.045495910823464439e-11,-3.861596338164194862e-11,-1.045495910823464439e-11,-3.861596338164194862e-11,-1.045495910844640263e-11,-3.861596338162871373e-11,-1.854067465345690118e-09,-4.241356076876457061e-09,-3.033099999393685034e-03,1.107497110934811957e+00,8.337334070763728492e-04,9.621374889267109154e-02,8.339184256214278662e-04,9.621374721462426505e-02,8.337660753342623736e-04,9.621374859398902635e-02,8.337334070763842333e-04,9.621374889267120256e-02,-5.249660626111330494e-04,6.947974452018846443e-05,-5.249660626111330494e-04,6.947974452018846443e-05,-5.249660626111330494e-04,6.947974452018846443e-05,-5.249660626111356514e-04,6.947974452018823403e-05
1.887207778450970636e+03,3.367196379758639159e-16,-1.976905168082886654e-16,-1.000000087880621891e+00,1.115336985529208347e-08,-4.986866208893843252e-09,4.679966126002604865e-11,-4.986866117586656153e-09,4.680897923569769976e-11,-4.986866196211324812e-09,4.680094258709415096e-11,-4.986866208894266769e-09,4.679966126002604865e-11,-1.075305048564180054e-11,-3.970711336247079498e-11,-1.075305048564180054e-11,-3.970711336247079498e-11,-1.075305048564180054e-11,-3.970711336247079498e-11,-1.075305048574767966e-11,-3.970711336244432520e-11,-1.965048291811696339e-09,-4.623706250312895537e-09,-3.229404507579960656e-03,1.139841742423282067e+00,8.337446588015111522e-04,9.348252409709023603e-02,8.339193239148541634e-04,9.348252246631780227e-02,8.337686774737494396e-04,9.348252387102660987e-02,8.337446588015036712e-04,9.348252409709026378e-02,-5.244817593632435451e-04,7.143385775800160855e-05,-5.244817593632435451e-04,7.143385775800160855e-05,-5.244817593632435451e-04,7.143385775800160855e-05,-5.244817593632426778e-04,7.143385775800139171e-05
1.942329233161271986e+03,3.790165767712406506e-16,-2.156183720902065190e-16,-1.000000093089128406e+00,1.146294756424609540e-08,-4.986808124677699714e-09,4.816796612315760520e-11,-4.986808033349336792e-09,4.817701959415675132e-11,-4.986808107236761935e-09,4.816967773957478091e-11,-4.986808124678017351e-09,4.816796612315760520e-11,-1.106819871373858230e-11,-4.082688697099834556e-11,-1.106819871373858230e-11,-4.082688697099834556e-11,-1.106819871373858230e-11,-4.082688697099834556e-11,-1.106819871395034054e-11,-4.082688697097187578e-11,-2.082738728028499914e-09,-5.040533261357358934e-09,-3.437528290754219770e-03,1.173130933731154402e+00,8.337276400803408710e-04,9.082878818214448757e-02,8.338925310663630091e-04,9.082878659739841709e-02,8.337588140345968731e-04,9.082878788010978477e-02,8.337276400803507372e-04,9.082878818214452921e-02,-5.239697101923565265e-04,7.343906018538227140e-05,-5.239697101923565265e-04,7.343906018538227140e-05,-5.239697101923547918e-04,7.343906018536839361e-05,-5.239697101923547918e-04,7.343906018536817677e-05
1.999060672105463027e+03,4.265463999296916441e-16,-2.351782298277249373e-16,-1.000000098606319332e+00,1.178009219077874592e-08,-4.986746725873932200e-09,4.957567327170580088e-11,-4.986746634524605212e-09,4.958446973935622289e-11,-4.986746707967443937e-09,4.957738026671121637e-11,-4.986746725874038079e-09,4.957567327509393267e-11,-1.140135070135051622e-11,-4.197583619145156701e-11,-1.140135070135051622e-11,-4.197583619145156701e-11,-1.140135070135051622e-11,-4.197583619145156701e-11,-1.140135070145639534e-11,-4.197583619145156701e-11,-2.207552267833205216e-09,-5.494945838127037284e-09,-3.658184139763659068e-03,1.207392267105363626e+00,8.337062824317403517e-04,8.825034140147060280e-02,8.338619461803463981e-04,8.825033986144781295e-02,8.337364899992757072e-04,8.825034110019691624e-02,8.337062824317281002e-04,8.825034140147058892e-02,-5.234283649746128593e-04,7.549641268723475114e-05,-5.234283649746128593e-04,7.549641268723475114e-05,-5.234283649746128593e-04,7.549641268723475114e-05,-5.234283649746128593e-04,7.549641268723453430e-05
2.057449119609134868e+03,4.799518580293945940e-16,-2.565195740492519714e-16,-1.000000104450487370e+00,1.210489019090599250e-08,-4.986681832377607497e-09,5.102378166583544129e-11,-4.986681741007634081e-09,5.103232842139674916e-11,-4.986681817776982948e-09,5.102513372015463934e-11,-4.986681832377607497e-09,5.102378166922357308e-11,-1.175349261135100345e-11,-4.315450751146210789e-11,-1.175349261135100345e-11,-4.315450751146210789e-11,-1.175349261135100345e-11,-4.315450751146210789e-11,-1.175349261135100345e-11,-4.315450751146210789e-11,-2.339928801527842952e-09,-5.990332965282663546e-09,-3.892127919730930738e-03,1.242654130130968593e+00,8.336784280922376802e-04,8.574504666710043577e-02,8.338253808935140558e-04,8.574504517054132302e-02,8.337016754702689710e-04,8.574504642843143454e-02,8.336784280922438601e-04,8.574504666710046352e-02,-5.228561094199689991e-04,7.760685175522215491e-05,-5.228561094199689991e-04,7.760685175522215491e-05,-5.228561094199689991e-04,7.760685175522215491e-05,-5.228561094199681318e-04,7.760685175522193807e-05
2.117542973481638455e+03,5.399543724442922496e-16,-2.798057183576958102e-16,-1.000000110641011908e+00,1.243741822899713245e-08,-4.986613268315463120e-09,5.251213784350527471e-11,-4.986613176930031352e-09,5.252044197494917105e-11,-4.986613247082041198e-09,5.251404794007078283e-11,-4.986613268315568999e-09,5.251213784350527471e-11,-1.212565172265149603e-11,-4.436343979682092935e-11,-1.212565172265149603e-11,-4.436343979682092935e-11,-1.212565172265149603e-11,-4.436343979682092935e-11,-1.212565172275737515e-11,-4.436343979680769446e-11,-2.480336404512484304e-09,-6.530389140942659702e-09,-4.140161237761139611e-03,1.278945739223982692e+00,8.336223956271007502e-04,8.331082774690728998e-02,8.337611248841085088e-04,8.331082629265885997e-02,8.336543060523891316e-04,8.331082740968431821e-02,8.336223956271073638e-04,8.331082774690737325e-02,-5.222512617819298443e-04,7.977120022088023230e-05,-5.222512617819298443e-04,7.977120022088023230e-05,-5.222512617819298443e-04,7.977120022088023230e-05,-5.222512617819289769e-04,7.977120022086634096e-05
2.179392045132716248e+03,6.073636477272631419e-16,-3.052151065621180938e-16,-1.000000117198418970e+00,1.277774181775159779e-08,-4.986540809351034745e-09,5.404420288975799944e-11,-4.986540717946968253e-09,5.405227127499201596e-11,-4.986540797267474478e-09,5.404525881797070559e-11,-4.986540809351034745e-09,5.404420289314613123e-11,-1.251892982934588188e-11,-4.560315330580508639e-11,-1.251892982934588188e-11,-4.560315330580508639e-11,-1.251892982945176100e-11,-4.560315330583155617e-11,-1.251892982934588188e-11,-4.560315330580508639e-11,-2.629273262677491417e-09,-7.119141916412932264e-09,-4.403134250617766511e-03,1.316297163809246662e+00,8.335771350414578930e-04,8.094566670551767151e-02,8.337081008844047332e-04,8.094566529232827268e-02,8.335942750143067936e-04,8.094566651906760779e-02,8.335771350414547488e-04,8.094566670551758825e-02,-5.216120124667336655e-04,8.199053707018904126e-05,-5.216120124667336655e-04,8.199053707018904126e-05,-5.216120124667310634e-04,8.199053707020313589e-05,-5.216120124667344244e-04,8.199053707020291905e-05
2.243047600860861166e+03,6.830884553666658073e-16,-3.329427367079325158e-16,-1.000000124144451163e+00,1.312591370143667557e-08,-4.986464274030065676e-09,5.561873383117736484e-11,-4.986464182612340778e-09,5.562657316176178486e-11,-4.986464259942531335e-09,5.561992974344306603e-11,-4.986464274030065676e-09,5.561873383117736484e-11,-1.293444978287299678e-11,-4.687416228555027024e-11,-1.293444978287299678e-11,-4.687416228555027024e-11,-1.293444978308475502e-11,-4.687416228552380046e-11,-1.293444978297887590e-11,-4.687416228555027024e-11,-2.787269728470158686e-09,-7.760981894091329770e-09,-4.681948683530994838e-03,1.354739351204316211e+00,8.335025865258786091e-04,7.864760369737552881e-02,8.336262233409408653e-04,7.864760232415721197e-02,8.335214478604024545e-04,7.864760348618309027e-02,8.335025865258757901e-04,7.864760369737551493e-02,-5.209365207629549493e-04,8.426553904504653506e-05,-5.209365207629549493e-04,8.426553904504653506e-05,-5.209365207629566841e-04,8.426553904506062969e-05,-5.209365207629540820e-04,8.426553904504653506e-05
2.308562404347622305e+03,7.681487359734597796e-16,-3.632017247261435349e-16,-1.000000131502140510e+00,1.348197216539948062e-08,-4.986383431809881187e-09,5.723803433818782076e-11,-4.986383340379450795e-09,5.724565110747721793e-11,-4.986383417059543565e-09,5.723925076220337266e-11,-4.986383431809881187e-09,5.723803433988188666e-11,-1.337341251046298524e-11,-4.817695703632667362e-11,-1.337341251046298524e-11,-4.817695703632667362e-11,-1.337341251046298524e-11,-4.817695703632667362e-11,-1.337341251046298524e-11,-4.817695703632667362e-11,-2.954890547569230599e-09,-8.460695455496195118e-09,-4.977561019018902043e-03,1.394304152230932958e+00,8.334170077979266176e-04,7.641473389091145429e-02,8.335337256655994589e-04,7.641473255654587793e-02,8.334356482666993192e-04,7.641473367607323763e-02,8.334170077979241240e-04,7.641473389091139878e-02,-5.202228116292591156e-04,8.659712291567890781e-05,-5.202228116292591156e-04,8.659712291567890781e-05,-5.202228116292591156e-04,8.659712291567890781e-05,-5.202228116292539114e-04,8.659712291567912465e-05
2.375990760393081473e+03,8.636891764137537080e-16,-3.962250179896840670e-16,-1.000000139295883272e+00,1.384593913134057885e-08,-4.986298055140162195e-09,5.890325612487588066e-11,-4.986297963698508616e-09,5.891065665681823917e-11,-4.986298040368860507e-09,5.890443955357000522e-11,-4.986298055139950437e-09,5.890325612656994655e-11,-1.383706718591915094e-11,-4.951200955570333007e-11,-1.383706718591915094e-11,-4.951200955570333007e-11,-1.383706718602503006e-11,-4.951200955565039051e-11,-1.383706718602503006e-11,-4.951200955565039051e-11,-3.132737240797144225e-09,-9.223500413509637809e-09,-5.290985915147295403e-03,1.435024347576691950e+00,8.333190463274133767e-04,7.424520671819810624e-02,8.334292323831935315e-04,7.424520542160097103e-02,8.333366664288419665e-04,7.424520650916914544e-02,8.333190463274151114e-04,7.424520671819810624e-02,-5.194688295744086595e-04,8.898607062023522333e-05,-5.194688295744086595e-04,8.898607062023522333e-05,-5.194688295744095269e-04,8.898607062024866743e-05,-5.194688295744095269e-04,8.898607062023457281e-05
2.445388559928753693e+03,9.709944445725269400e-16,-4.322672757340547138e-16,-1.000000147551521890e+00,1.421781806523747527e-08,-4.986207906082789311e-09,6.061558234719106007e-11,-4.986207814631394853e-09,6.062277276244645678e-11,-4.986207891190150153e-09,6.061674150839124579e-11,-4.986207906082683432e-09,6.061558234719106007e-11,-1.432672079770212883e-11,-5.087976809931280831e-11,-1.432672079770212883e-11,-5.087976809931280831e-11,-1.432672079749037060e-11,-5.087976809931280831e-11,-1.432672079759624972e-11,-5.087976809928633853e-11,-3.321450673222015961e-09,-1.005508488538234907e-08,-5.623299854383278541e-03,1.476933674929759688e+00,8.332074881132876159e-04,7.213722413417107682e-02,8.333115078314830195e-04,7.213722287429032154e-02,8.332242571706793138e-04,7.213722392941139538e-02,8.332074881132844717e-04,7.213722413417107682e-02,-5.186724211910401314e-04,9.143311566095916666e-05,-5.186724211910401314e-04,9.143311566095916666e-05,-5.186724211910392641e-04,9.143311566097347813e-05,-5.186724211910349273e-04,9.143311566097347813e-05
2.516813326345221867e+03,1.091506282669402889e-15,-4.716069331960695099e-16,-1.000000156296429576e+00,1.459759166669294395e-08,-4.986112736041639329e-09,6.237622756737049284e-11,-4.986112644582515696e-09,6.238321383243900821e-11,-4.986112720140713327e-09,6.237742997299076768e-11,-4.986112736041851087e-09,6.237622756737049284e-11,-1.484373973881072722e-11,-5.228065363649478397e-11,-1.484373973881072722e-11,-5.228065363649478397e-11,-1.484373973881072722e-11,-5.228065363652125375e-11,-1.484373973891660634e-11,-5.228065363649478397e-11,-3.521713819017676172e-09,-1.096164966350736886e-08,-5.975645021103763617e-03,1.520066856911047593e+00,8.330812390142623225e-04,7.008903912776170975e-02,8.331794374200435184e-04,7.008903790357604024e-02,8.330981400706182968e-04,7.008903891534856712e-02,8.330812390142635152e-04,7.008903912776173750e-02,-5.178313320455169054e-04,9.393893602089191982e-05,-5.178313320455169054e-04,9.393893602089191982e-05,-5.178313320455143033e-04,9.393893602090623129e-05,-5.178313320455134360e-04,9.393893602090600090e-05
2.590324263172904921e+03,1.226842686203708205e-15,-5.145484673391018876e-16,-1.000000165559602694e+00,1.498521933970820008e-08,-4.986012285514722210e-09,6.418643781661936918e-11,-4.986012194048822312e-09,6.419322572859449422e-11,-4.986012266884444293e-09,6.418780646092587215e-11,-4.986012285514510451e-09,6.418643782170156686e-11,-1.538955129935985988e-11,-5.371505601964247523e-11,-1.538955129935985988e-11,-5.371505601964247523e-11,-1.538955129914810165e-11,-5.371505601964247523e-11,-1.538955129946573900e-11,-5.371505601964247523e-11,-3.734254740243543505e-09,-1.194995440069556773e-08,-6.349233419979665762e-03,1.564459629829478837e+00,8.329393077872438138e-04,6.809895427543150026e-02,8.330320106007782196e-04,6.809895308594911267e-02,8.329579995736937281e-04,6.809895403363824817e-02,8.329393077872399107e-04,6.809895427543140312e-02,-5.169432036722465627e-04,9.650414648829676301e-05,-5.169432036722465627e-04,9.650414648829676301e-05,-5.169432036722500321e-04,9.650414648829632933e-05,-5.169432036722440690e-04,9.650414648831084409e-05
2.665982303155485170e+03,1.378819422492652840e-15,-5.614248848314214773e-16,-1.000000175371755562e+00,1.538063440324755060e-08,-4.985906283868023283e-09,6.604749060358126519e-11,-4.985906192397782342e-09,6.605408577490330842e-11,-4.985906259906414117e-09,6.604920085119319814e-11,-4.985906283868129162e-09,6.604749060188719930e-11,-1.596564502564490996e-11,-5.518332985581699741e-11,-1.596564502564490996e-11,-5.518332985581699741e-11,-1.596564502564490996e-11,-5.518332985581699741e-11,-1.596564502564490996e-11,-5.518332985579052763e-11,-3.959849796569337550e-09,-1.302736795311979153e-08,-6.745351326514889036e-03,1.610148773285549728e+00,8.327807907009391643e-04,6.616532033591245032e-02,8.328683054175886353e-04,6.616531918016990699e-02,8.328034850999529526e-04,6.616532003375628912e-02,8.327807907009360201e-04,6.616532033591246420e-02,-5.160055707063123309e-04,9.912929035283225083e-05,-5.160055707063123309e-04,9.912929035283225083e-05,-5.160055707063123309e-04,9.912929035283225083e-05,-5.160055707063097288e-04,9.912929035283225083e-05
2.743850158756668407e+03,1.549474174538602701e-15,-6.126004557230222308e-16,-1.000000185765422378e+00,1.578374101210422431e-08,-4.985794436058791197e-09,6.796160786000122068e-11,-4.985794344583362180e-09,6.796801576758521903e-11,-4.985794416396827151e-09,6.796297130013729572e-11,-4.985794436058897077e-09,6.796160785830715478e-11,-1.657358170472608060e-11,-5.668578777736176469e-11,-1.657358170472608060e-11,-5.668578777736176469e-11,-1.657358170472608060e-11,-5.668578777736176469e-11,-1.657358170472608060e-11,-5.668578777733529491e-11,-4.199327108328798167e-09,-1.420192325728905425e-08,-7.165363974294603443e-03,1.657172140651851144e+00,8.326166302225989323e-04,6.428653472435412464e-02,8.326992471322093407e-04,6.428653360138475437e-02,8.326342091587864928e-04,6.428653448346124955e-02,8.326166302226043533e-04,6.428653472435415239e-02,-5.150158440996154691e-04,1.018149011409656381e-04,-5.150158440996154691e-04,1.018149011409656381e-04,-5.150158440996154691e-04,1.018149011409656381e-04,-5.150158440996154691e-04,1.018149011409654077e-04
2.823992374142142125e+03,1.741093628809534144e-15,-6.684737161370953825e-16,-1.000000196775066019e+00,1.619441076031180593e-08,-4.985676461743260850e-09,6.992916492989508653e-11,-4.985676370264867217e-09,6.993539088294355340e-11,-4.985676441853444941e-09,6.993050495634643357e-11,-4.985676461743260850e-09,6.992916493497728422e-11,-1.721497099894693918e-11,-5.822270248891642575e-11,-1.721497099894693918e-11,-5.822270248891642575e-11,-1.721497099873518094e-11,-5.822270248891642575e-11,-1.721497099894693918e-11,-5.822270248886348619e-11,-4.453570287227444656e-09,-1.548237713610996285e-08,-7.610720594274234495e-03,1.705568690458130865e+00,8.324329667004133236e-04,6.246104067711882174e-02,8.325109598508981549e-04,6.246103958601739031e-02,8.324497535010132914e-04,6.246104044035735020e-02,8.324329667004164678e-04,6.246104067711882174e-02,-5.139713509828276565e-04,1.045612765425657877e-04,-5.139713509828276565e-04,1.045612765425657877e-04,-5.139713509828319933e-04,1.045612765425655709e-04,-5.139713509828302586e-04,1.045612765425649204e-04
2.906475378679820096e+03,1.956243868804801286e-15,-7.294807704138088527e-16,-1.000000208437191285e+00,1.661247900006102007e-08,-4.985552042810056208e-09,7.195239746863571397e-11,-4.985551951329439113e-09,7.195844663066149581e-11,-4.985552030286250566e-09,7.195321726608558226e-11,-4.985552042810267966e-09,7.195239746694164808e-11,-1.789150338871152858e-11,-5.979429255057764906e-11,-1.789150338871152858e-11,-5.979429255057764906e-11,-1.789150338871152858e-11,-5.979429255060411884e-11,-1.789150338871152858e-11,-5.979429255055117928e-11,-4.723522472415711787e-09,-1.687827550549355209e-08,-8.082959789008036661e-03,1.755378518711369074e+00,8.322396828553962770e-04,6.068732531106251632e-02,8.323133109606865605e-04,6.068732425092299848e-02,8.322496612713626120e-04,6.068732516621396650e-02,8.322396828554024569e-04,6.068732531106252326e-02,-5.128692760401963417e-04,1.073687553435188446e-04,-5.128692760401963417e-04,1.073687553435188446e-04,-5.128692760401963417e-04,1.073687553435186278e-04,-5.128692760401963417e-04,1.073687553435322887e-04
2.991367542002719347e+03,2.197804473213900108e-15,-7.960989208434586153e-16,-1.000000220790467020e+00,1.703774070438424104e-08,-4.985420875663193096e-09,7.403179938621684466e-11,-4.985420784182258364e-09,7.403767676996092333e-11,-4.985420863816590296e-09,7.403255281185903199e-11,-4.985420875663404854e-09,7.403179938282871287e-11,-1.860491959745370747e-11,-6.140072610992628852e-11,-1.860491959745370747e-11,-6.140072610992628852e-11,-1.860491959745370747e-11,-6.140072610992628852e-11,-1.860491959734782836e-11,-6.140072610997922808e-11,-5.010190678696958691e-09,-1.840002442799290415e-08,-8.583715242230295292e-03,1.806642892181284710e+00,8.320245348857910426e-04,5.896391900548478976e-02,8.320940421845942703e-04,5.896391797545461055e-02,8.320334452186029048e-04,5.896391887236331064e-02,8.320245348857910426e-04,5.896391900548476200e-02,-5.117067159414416663e-04,1.102374276063593331e-04,-5.117067159414416663e-04,1.102374276063593331e-04,-5.117067159414434010e-04,1.102374276063591163e-04,-5.117067159414442684e-04,1.102374276063452385e-04
3.078739230680110268e+03,2.469006774496445678e-15,-8.688506608421017066e-16,-1.000000233875852240e+00,1.746994600371198914e-08,-4.985282631954478797e-09,7.616880848379699309e-11,-4.985282540475661647e-09,7.617451896308694709e-11,-4.985282612919848527e-09,7.616998469577040704e-11,-4.985282631954267039e-09,7.616880848549105899e-11,-1.935703411533028239e-11,-6.304210818361592216e-11,-1.935703411533028239e-11,-6.304210818361592216e-11,-1.935703411533028239e-11,-6.304210818361592216e-11,-1.935703411554204063e-11,-6.304210818358945238e-11,-5.314650503733071274e-09,-2.005896757908481836e-08,-9.114721860391854225e-03,1.859404282685011900e+00,8.317870663978199240e-04,5.728939371363804545e-02,8.318526834631616122e-04,5.728939271288725765e-02,8.318005819812237904e-04,5.728939350582003265e-02,8.317870663978167798e-04,5.728939371363803157e-02,-5.104806356062045010e-04,1.131673303795473917e-04,-5.104806356062045010e-04,1.131673303795473917e-04,-5.104806356062010315e-04,1.131673303795478254e-04,-5.104806356062018989e-04,1.131673303795541273e-04
3.168662866543913424e+03,2.773476781940085899e-15,-9.483080693356357161e-16,-1.000000247736735570e+00,1.790879521762489546e-08,-4.985136958659850895e-09,7.836568376436516860e-11,-4.985136867183892481e-09,7.837123206733890950e-11,-4.985136936495751522e-09,7.836701449039475478e-11,-4.985136958659639136e-09,7.836568376775330039e-11,-2.014973496067535392e-11,-6.471847434446276602e-11,-2.014973496067535392e-11,-6.471847434446276602e-11,-2.014973496056947480e-11,-6.471847434446276602e-11,-2.014973496078123304e-11,-6.471847434440982646e-11,-5.638051212189379369e-09,-2.186747067584150798e-08,-9.677822314095330461e-03,1.913706402404966589e+00,8.315356553513828615e-04,5.566236180313056947e-02,8.315975998548966576e-04,5.566236083083149488e-02,8.315505124783477550e-04,5.566236156801918078e-02,8.315356553513786331e-04,5.566236180313056947e-02,-5.091878672879007056e-04,1.161584246872019311e-04,-5.091878672879007056e-04,1.161584246872019311e-04,-5.091878672878981035e-04,1.161584246872095205e-04,-5.091878672878989709e-04,1.161584246871945721e-04
3.261212986718691809e+03,3.115283338196446835e-15,-1.035097646561057348e-15,-1.000000262419074248e+00,1.835393342690394558e-08,-4.984983504373291661e-09,8.062385677797673494e-11,-4.984983412901356654e-09,8.062924750741129812e-11,-4.984983481818180704e-09,8.062517259283831766e-11,-4.984983504373715177e-09,8.062385677458860315e-11,-2.098496766716008622e-11,-6.642978888973692577e-11,-2.098496766716008622e-11,-6.642978888973692577e-11,-2.098496766716008622e-11,-6.642978888973692577e-11,-2.098496766737184446e-11,-6.642978888965751643e-11,-5.981621231044661872e-09,-2.383901349589301046e-08,-1.027497399725891755e-02,1.969594240274872732e+00,8.312683725024189087e-04,5.408147519822994326e-02,8.313268499366159494e-04,5.408147425358114657e-02,8.312826463262515527e-04,5.408147496576048985e-02,8.312683725024198845e-04,5.408147519822994326e-02,-5.078251380121019069e-04,1.192104551531303331e-04,-5.078251380121019069e-04,1.192104551531303331e-04,-5.078251380120984374e-04,1.192104551531233942e-04,-5.078251380120950764e-04,1.192104551531231773e-04
3.356466305404995182e+03,3.498992147972246545e-15,-1.129905640036857405e-15,-1.000000277971551776e+00,1.880494448353031700e-08,-4.984821906444632750e-09,8.294479310677681065e-11,-4.984821814977356424e-09,8.295003073331209172e-11,-4.984821884836822266e-09,8.294601792319480395e-11,-4.984821906444950387e-09,8.294479311016494244e-11,-2.186474199811700082e-11,-6.817593556882507196e-11,-2.186474199811700082e-11,-6.817593556882507196e-11,-2.186474199811700082e-11,-6.817593556882507196e-11,-2.186474199822287994e-11,-6.817593556879860218e-11,-6.346674098562101217e-09,-2.598829018403941512e-08,-1.090825650969625034e-02,2.027114099474092157e+00,8.309834508231576499e-04,5.254542411352765285e-02,8.310386551828411210e-04,5.254542319575251919e-02,8.309963604210629734e-04,5.254542389714606659e-02,8.309834508231616615e-04,5.254542411352767367e-02,-5.063890555729978022e-04,1.223230018437981728e-04,-5.063890555729978022e-04,1.223230018437981728e-04,-5.063890555729978022e-04,1.223230018437981728e-04,-5.063890555729978022e-04,1.223230018437836445e-04
3.454501777467267857e+03,3.929726394341570853e-15,-1.233483910876226229e-15,-1.000000294445736015e+00,1.926134444822646952e-08,-4.984651791295604369e-09,8.532999196858884975e-11,-4.984651699834257274e-09,8.533508083411573634e-11,-4.984651770491734031e-09,8.533113777038539138e-11,-4.984651791295392611e-09,8.532999196858884975e-11,-2.279113037338803527e-11,-6.995671026481283622e-11,-2.279113037338803527e-11,-6.995671026481283622e-11,-2.279113037338803527e-11,-6.995671026481283622e-11,-2.279113037338803527e-11,-6.995671026478636644e-11,-6.734614902274399353e-09,-2.833131857964038159e-08,-1.157987962302894740e-02,2.086313636068226618e+00,8.306792654968968943e-04,5.105293597105858144e-02,8.307313799225046150e-04,5.105293507940422693e-02,8.306909996475728662e-04,5.105293576864663313e-02,8.306792654968902807e-04,5.105293597105854675e-02,-5.048761092381730004e-04,1.254954647164874498e-04,-5.048761092381730004e-04,1.254954647164874498e-04,-5.048761092381730004e-04,1.254954647164874498e-04,-5.048761092381747351e-04,1.254954647164805109e-04
3.555400663879029707e+03,4.413234744443506811e-15,-1.346656398255239587e-15,-1.000000311896250382e+00,1.972257437574120864e-08,-4.984472774844728179e-09,8.778098568836608263e-11,-4.984472683391322018e-09,8.778593000772052027e-11,-4.984472753133050280e-09,8.778214763291653303e-11,-4.984472774844939938e-09,8.778098569006014852e-11,-2.376626569086168200e-11,-7.177181330276390567e-11,-2.376626569086168200e-11,-7.177181330276390567e-11,-2.376626569086168200e-11,-7.177181330276390567e-11,-2.376626569096756112e-11,-7.177181330279037545e-11,-7.146947248382582282e-09,-3.088555937917361506e-08,-1.229219180108207139e-02,2.147241898839481689e+00,8.303543159521518642e-04,4.960277434837381122e-02,8.304035133371049857e-04,4.960277348210971604e-02,8.303658777466673508e-04,4.960277414312477817e-02,8.303543159521520811e-04,4.960277434837379734e-02,-5.032826712122674857e-04,1.287270471151085837e-04,-5.032826712122674857e-04,1.287270471151085837e-04,-5.032826712122674857e-04,1.287270471151085837e-04,-5.032826712122648836e-04,1.287270471151092343e-04
3.659246599079574480e+03,4.955967646502194272e-15,-1.470326246349317644e-15,-1.000000330380957037e+00,2.018799235593837782e-08,-4.984284450007546213e-09,9.030002368068455569e-11,-4.984284358562080986e-09,9.030482754842381141e-11,-4.984284437179867502e-09,9.030069073098897971e-11,-4.984284450007757971e-09,9.030002368237862159e-11,-2.479234604571705389e-11,-7.362083882379757876e-11,-2.479234604571705389e-11,-7.362083882379757876e-11,-2.479234604561117477e-11,-7.362083882379757876e-11,-2.479234604571705389e-11,-7.362083882379757876e-11,-7.585280813237338191e-09,-3.367004602112556205e-08,-1.304768931163676621e-02,2.209949370352487286e+00,8.300138273361730911e-04,4.819373783657211058e-02,8.300602708999850390e-04,4.819373699497669222e-02,8.300202764374283934e-04,4.819373771875081619e-02,8.300138273361705975e-04,4.819373783657214527e-02,-5.016049852038549162e-04,1.320167899095477289e-04,-5.016049852038549162e-04,1.320167899095477289e-04,-5.016049852038540488e-04,1.320167899095479457e-04,-5.016049852038513383e-04,1.320167899095483794e-04
3.766125660298020648e+03,5.565162925132444379e-15,-1.605483660377695104e-15,-1.000000349961146284e+00,2.065686479160722122e-08,-4.984086439566088103e-09,9.288731482048093006e-11,-4.984086348132057821e-09,9.289198222951831722e-11,-4.984086417320991205e-09,9.288843884506039778e-11,-4.984086439566088103e-09,9.288731482217499596e-11,-2.587160077456709473e-11,-7.550327662799423047e-11,-2.587160077456709473e-11,-7.550327662799423047e-11,-2.587160077456709473e-11,-7.550327662796776069e-11,-2.587160077467297385e-11,-7.550327662796776069e-11,-8.051339515262456181e-09,-3.670552623826065270e-08,-1.384902596781997439e-02,2.274488009300509539e+00,8.296428956306818245e-04,4.682465953159680588e-02,8.296867394609468453e-04,4.682465871399549978e-02,8.296534543889602350e-04,4.682465933308033873e-02,8.296428956306835592e-04,4.682465953159678507e-02,-4.998392247486826328e-04,1.353633449385065754e-04,-4.998392247486826328e-04,1.353633449385065754e-04,-4.998392247486843675e-04,1.353633449385061418e-04,-4.998392247486835001e-04,1.353633449385061418e-04
3.876126438902173959e+03,6.248941816071816437e-15,-1.753214578532318674e-15,-1.000000370701742414e+00,2.112835685748326586e-08,-4.983878292627140093e-09,9.554648449686088067e-11,-4.983878201203697722e-09,9.555101931136070464e-11,-4.983878280295716809e-09,9.554708997295223698e-11,-4.983878292627140093e-09,9.554648449855494656e-11,-2.700634656122693952e-11,-7.741848283163877220e-11,-2.700634656122693952e-11,-7.741848283163877220e-11,-2.700634656154457687e-11,-7.741848283161230242e-11,-2.700634656154457687e-11,-7.741848283158583264e-11,-8.546970393692290429e-09,-4.001461638261672146e-08,-1.469902353316977078e-02,2.340911294185896718e+00,8.292591070285786504e-04,4.549440511222602873e-02,8.293004965907994517e-04,4.549440431792876188e-02,8.292646333036396943e-04,4.549440500530220477e-02,8.292591070285838546e-04,4.549440511222602179e-02,-4.979813875903782916e-04,1.387653669616994209e-04,-4.979813875903782916e-04,1.387653669616994209e-04,-4.979813875903826284e-04,1.387653669616907472e-04,-4.979813875903808936e-04,1.387653669616907201e-04
3.989340113831343388e+03,7.016416697524437267e-15,-1.914710235840089398e-15,-1.000000392671517080e+00,2.160152189935315992e-08,-4.983659615999278615e-09,9.827782722826236550e-11,-4.983659537751963135e-09,9.828160522898821312e-11,-4.983659604606367837e-09,9.827837081165626595e-11,-4.983659615999384494e-09,9.827782722656829961e-11,-2.819890389946591998e-11,-7.936569762338703660e-11,-2.819890389946591998e-11,-7.936569762338703660e-11,-2.819890389946591998e-11,-7.936569762338703660e-11,-2.819890389957179909e-11,-7.936569762338703660e-11,-9.074153200291736599e-09,-4.362196956999207976e-08,-1.560068286814003842e-02,2.409274268387286089e+00,8.288481988687524966e-04,4.420187308701528650e-02,8.288817024840222951e-04,4.420187242626895385e-02,8.288530195122733625e-04,4.420187299103151696e-02,8.288481988687467503e-04,4.420187308701526568e-02,-4.960274430196725008e-04,1.422209697026434092e-04,-4.960274430196725008e-04,1.422209697026434092e-04,-4.960274430196725008e-04,1.422209697026434092e-04,-4.960274430196733681e-04,1.422209697026430026e-04
4.105860527173977971e+03,7.877811962354525522e-15,-2.091277727181736778e-15,-1.000000415943319343e+00,2.207528987385742880e-08,-4.983429984270899703e-09,1.010830365520313341e-10,-4.983429892876044694e-09,1.010873173447384083e-10,-4.983429962752874711e-09,1.010840342043772691e-10,-4.983429984271005582e-09,1.010830365520313341e-10,-2.945165607286459396e-11,-8.134401338549259339e-11,-2.945165607286459396e-11,-8.134401338551906317e-11,-2.945165607297047308e-11,-8.134401338549259339e-11,-2.945165607307635220e-11,-8.134401338543965383e-11,-9.635010834692897929e-09,-4.755445901547774794e-08,-1.655719582704607076e-02,2.479633586670678902e+00,8.284091930259628381e-04,4.294599305569208464e-02,8.284460783493374780e-04,4.294599230608266149e-02,8.284177893849819889e-04,4.294599287955506994e-02,8.284091930259612118e-04,4.294599305569207770e-02,-4.939732198725491855e-04,1.457281386964022073e-04,-4.939732198725500529e-04,1.457281386963878958e-04,-4.939732198725457161e-04,1.457281386963887632e-04,-4.939732198725475592e-04,1.457281386964017736e-04
4.225784261952773704e+03,8.844599616298480293e-15,-2.284351669168437885e-15,-1.000000440594316364e+00,2.254845464164101365e-08,-4.983188940783142207e-09,1.039650217332682052e-10,-4.983188849403957308e-09,1.039691808920440537e-10,-4.983188922182404564e-09,1.039658597707255596e-10,-4.983188940783248086e-09,1.039650217332682052e-10,-3.076701627903084281e-11,-8.335237373208024712e-11,-3.076701627903084281e-11,-8.335237373208024712e-11,-3.076701627903084281e-11,-8.335237373213318668e-11,-3.076701627924260105e-11,-8.335237373208024712e-11,-1.023182064051507905e-08,-5.184137781908608632e-08,-1.757195801405726093e-02,2.552047563207679559e+00,8.279510819889262293e-04,4.172572485514449564e-02,8.279859024038317217e-04,4.172572412693750094e-02,8.279580981034977138e-04,4.172572470720877641e-02,8.279510819889280724e-04,4.172572485514453033e-02,-4.918144606221454924e-04,1.492845372984585352e-04,-4.918144606221454924e-04,1.492845372984585352e-04,-4.918144606221437577e-04,1.492845372984598362e-04,-4.918144606221454924e-04,1.492845372984589688e-04
4.349210722181718666e+03,9.929651402987114591e-15,-2.495507085289315456e-15,-1.000000466706249647e+00,2.301965998374733147e-08,-4.982936064737872985e-09,1.069248595846300325e-10,-4.982935973375840503e-09,1.069289005585928164e-10,-4.982936046588498024e-09,1.069256541879319176e-10,-4.982936064737661227e-09,1.069248595846300325e-10,-3.214740642868283891e-11,-8.538956849786089314e-11,-3.214740642868283891e-11,-8.538956849786089314e-11,-3.214740642868283891e-11,-8.538956849791383270e-11,-3.214740642868283891e-11,-8.538956849791383270e-11,-1.086702666149630507e-08,-5.651465672959831059e-08,-1.864858239942066009e-02,2.626576221166440739e+00,8.274666217160639480e-04,4.054005823747713205e-02,8.274994927641878386e-04,4.054005753007343393e-02,8.274730854536287757e-04,4.054005809722990156e-02,8.274666217160682848e-04,4.054005823747713205e-02,-4.895468535898831212e-04,1.528874131938845861e-04,-4.895468535898831212e-04,1.528874131938845861e-04,-4.895468535898831212e-04,1.528874131938850198e-04,-4.895468535898831212e-04,1.528874131938850469e-04
4.476242215261443562e+03,1.114740947263177520e-14,-2.726473644584912082e-15,-1.000000494365707704e+00,2.348738422502938406e-08,-4.982670920653960393e-09,1.099642868540015367e-10,-4.982670829311409669e-09,1.099682129906254637e-10,-4.982670898007369878e-09,1.099652503878603563e-10,-4.982670920653748635e-09,1.099642868523074708e-10,-3.359526434871135000e-11,-8.745421764799953072e-11,-3.359526434871135000e-11,-8.745421764799953072e-11,-3.359526434871135000e-11,-8.745421764799953072e-11,-3.359526434881722912e-11,-8.745421764784071204e-11,-1.154325294550494001e-08,-6.160910151605880855e-08,-1.979091389716430491e-02,2.703281343945363346e+00,8.269542589684125483e-04,3.938801159766475851e-02,8.269852897267988921e-04,3.938801091048312747e-02,8.269618744719641054e-04,3.938801142763029284e-02,8.269542589684107051e-04,3.938801159766475157e-02,-4.871660126886507257e-04,1.565336819094692805e-04,-4.871660126886507257e-04,1.565336819094692805e-04,-4.871660126886507257e-04,1.565336819094692805e-04,-4.871660126886541951e-04,1.565336819094736444e-04
4.606984036781168470e+03,1.251407784988262184e-14,-2.979151402222162841e-15,-1.000000523664412277e+00,2.394992333967782550e-08,-4.982393060477550993e-09,1.130856153975335699e-10,-4.982392969155223180e-09,1.130894299519662563e-10,-4.982393038905845288e-09,1.130865073003571391e-10,-4.982393060477550993e-09,1.130856153966865369e-10,-3.511303436613798110e-11,-8.954476035853708394e-11,-3.511303436613798110e-11,-8.954476035853708394e-11,-3.511303436592622286e-11,-8.954476035853708394e-11,-3.511303436592622286e-11,-8.954476035853708394e-11,-1.226331797638612183e-08,-6.716265168996899951e-08,-2.100304494751734086e-02,2.782226528129164489e+00,8.264167249852133121e-04,3.826863117858114033e-02,8.264460184278399780e-04,3.826863051105088009e-02,8.264235743371877926e-04,3.826863102121531163e-02,8.264167249852147215e-04,3.826863117858118196e-02,-4.846674864254111128e-04,1.602199102413117326e-04,-4.846674864254111128e-04,1.602199102413117326e-04,-4.846674864254128475e-04,1.602199102413108653e-04,-4.846674864254128475e-04,1.602199102413108653e-04
4.741544557797541529e+03,1.404783723561188116e-14,-3.255628206786603440e-15,-1.000000554699524313e+00,2.440537240702700394e-08,-4.982102051849147187e-09,1.162905986920115611e-10,-4.982101960549053989e-09,1.162943048313091966e-10,-4.982102034135358919e-09,1.162913104563382378e-10,-4.982102051849358945e-09,1.162905986937056270e-10,-3.670313919202116060e-11,-9.165945094179134850e-11,-3.670313919202116060e-11,-9.165945094179134850e-11,-3.670313919202116060e-11,-9.165945094179134850e-11,-3.670313919212703972e-11,-9.165945094173840894e-11,-1.303025032714642849e-08,-7.321666250121449276e-08,-2.228933223237791056e-02,2.863477238245723200e+00,8.258519770721183678e-04,3.718099048207806206e-02,8.258796304115314200e-04,3.718098983364633708e-02,8.258572879680109186e-04,3.718099035651967199e-02,8.258519770721113205e-04,3.718099048207806206e-02,-4.820467999254496902e-04,1.639422073831700273e-04,-4.820467999254496902e-04,1.639422073831700273e-04,-4.820467999254496902e-04,1.639422073831700273e-04,-4.820467999254505033e-04,1.639422073831769391e-04
4.880035314662713063e+03,1.576908599051445165e-14,-3.558198953738308003e-15,-1.000000587573966149e+00,2.485160519039020244e-08,-4.981797467634703510e-09,1.195810240091414690e-10,-4.981797376357797839e-09,1.195846248021044216e-10,-4.981797453606884992e-09,1.195815717650196676e-10,-4.981797467634597631e-09,1.195810240057533372e-10,-3.836797223442038580e-11,-9.379634650958681275e-11,-3.836797223442038580e-11,-9.379634650958681275e-11,-3.836797223442038580e-11,-9.379634650958681275e-11,-3.836797223442038580e-11,-9.379634650958681275e-11,-1.384730565234999084e-08,-7.981621232773243243e-08,-2.365441448118650591e-02,2.947100863416903582e+00,8.252581433290147187e-04,3.612418940043914117e-02,8.252842483387263410e-04,3.612418877057008149e-02,8.252621144961010775e-04,3.612418930383249488e-02,8.252581433290163450e-04,3.612418940043914811e-02,-4.792994586644244541e-04,1.676962423934327741e-04,-4.792994586644244541e-04,1.676962423934327741e-04,-4.792994586644244541e-04,1.676962423934327741e-04,-4.792994586644209846e-04,1.676962423934332078e-04
5.022571101476099102e+03,1.770071048963023836e-14,-3.889386892447095089e-15,-1.000000622396764571e+00,2.528625176953513964e-08,-4.981478888742328814e-09,1.229587122139559402e-10,-4.981478797490728253e-09,1.229622106455283159e-10,-4.981478875104886605e-09,1.229592297332990206e-10,-4.981478888742117056e-09,1.229587122139559402e-10,-4.010988060066843290e-11,-9.595329769654981935e-11,-4.010988060066843290e-11,-9.595329769654981935e-11,-4.010988060066843290e-11,-9.595329769654981935e-11,-4.010988060077431202e-11,-9.595329769649687979e-11,-1.471798512330820933e-08,-8.701043773458078032e-08,-2.510323157300084138e-02,3.033166775996656295e+00,8.246335086035933406e-04,3.509735347330732169e-02,8.246581519223860528e-04,3.509735286148119027e-02,8.246371540924743752e-04,3.509735338205401123e-02,8.246335086035951837e-04,3.509735347330730781e-02,-4.764209678735474443e-04,1.714772173208151910e-04,-4.764209678735474443e-04,1.714772173208151910e-04,-4.764209678735474443e-04,1.714772173208151910e-04,-4.764209678735465770e-04,1.714772173208142965e-04
5.169270065236477421e+03,1.986838843026867624e-14,-4.251967205596273981e-15,-1.000000659283413862e+00,2.570667384169111891e-08,-4.981145907236720537e-09,1.264255177656613423e-10,-4.981145816012754425e-09,1.264289167386250514e-10,-4.981145887386715176e-09,1.264262498452262259e-10,-4.981145907236826416e-09,1.264255177622732105e-10,-4.193114608688152626e-11,-9.812793980612610718e-11,-4.193114608688152626e-11,-9.812793980612610718e-11,-4.193114608688152626e-11,-9.812793980612610718e-11,-4.193114608688152626e-11,-9.812793980612610718e-11,-1.564605542826677760e-08,-9.485289870546443607e-08,-2.664104494827311889e-02,3.121746392301618211e+00,8.239765026777588200e-04,3.409963316565616659e-02,8.239997660970074019e-04,3.409963257136869319e-02,8.239815132975550653e-04,3.409963303659938050e-02,8.239765026777558926e-04,3.409963316565615271e-02,-4.734068542224319394e-04,1.752798399211786152e-04,-4.734068542224319394e-04,1.752798399211786152e-04,-4.734068542224319394e-04,1.752798399211786152e-04,-4.734068542224354088e-04,1.752798399211742783e-04
5.320253803773273830e+03,2.230092911184348139e-14,-4.648993119914161744e-15,-1.000000698356258821e+00,2.610993772578229510e-08,-4.980798116825714154e-09,1.299837992842505126e-10,-4.980798025630864800e-09,1.299871016149901047e-10,-4.980798093794041285e-09,1.299846248237367303e-10,-4.980798116825925912e-09,1.299837992825564467e-10,-4.383397111011851300e-11,-1.003176813826240453e-10,-4.383397111011851300e-11,-1.003176813826240453e-10,-4.383397111011851300e-11,-1.003176813826240453e-10,-4.383397111011851300e-11,-1.003176813825711057e-10,-1.663557047506893642e-08,-1.034019767777965344e-07,-2.827345943301948217e-02,3.212913235546903667e+00,8.232888191551454441e-04,3.313020308420257937e-02,8.233107798899254835e-04,3.313020250696009639e-02,8.232943091216959278e-04,3.313020293870708871e-02,8.232888191551378547e-04,3.313020308420255855e-02,-4.702526769173343024e-04,1.790983293499865856e-04,-4.702526769173343024e-04,1.790983293499865856e-04,-4.702526769173360371e-04,1.790983293499896214e-04,-4.702526769173316461e-04,1.790983293499974276e-04
5.475647466538222034e+03,2.503065519628188126e-14,-5.083824814068540421e-15,-1.000000739744903777e+00,2.649278454600056953e-08,-4.980435129561867077e-09,1.336358960993879472e-10,-4.980435038396875634e-09,1.336391045221257761e-10,-4.980435115793558277e-09,1.336363757207829016e-10,-4.980435129561655318e-09,1.336358960993879472e-10,-4.582044796987284451e-11,-1.025196996090728720e-10,-4.582044796987284451e-11,-1.025196996090728720e-10,-4.582044796987284451e-11,-1.025196996091258116e-10,-4.582044796976696540e-11,-1.025196996091787511e-10,-1.769089492634661304e-08,-1.127213090447668856e-07,-3.000644656306224178e-02,3.306743001109113678e+00,8.225715781858159792e-04,3.218826138705060264e-02,8.225923091309873293e-04,3.218826082637080144e-02,8.225746772621855309e-04,3.218826130254275747e-02,8.225715781858122929e-04,3.218826138705058876e-02,-4.669540674993816827e-04,1.829263505633074716e-04,-4.669540674993816827e-04,1.829263505633074716e-04,-4.669540674993816827e-04,1.829263505633079052e-04,-4.669540674993825501e-04,1.829263505632940275e-04
5.635579858340943247e+03,2.809383100808372415e-14,-5.560161443377662332e-15,-1.000000783586644237e+00,2.685159755655419644e-08,-4.980056618574317926e-09,1.373828008151032156e-10,-4.980056527442466647e-09,1.373859179988400981e-10,-4.980056596325197621e-09,1.373835540942087031e-10,-4.980056618574317926e-09,1.373828008142561827e-10,-4.789251200312718681e-11,-1.047309434336213037e-10,-4.789251200312718681e-11,-1.047309434336213037e-10,-4.789251200302130769e-11,-1.047309434336742432e-10,-4.789251200312718681e-11,-1.047309434336213037e-10,-1.881672971620276806e-08,-1.228802612726557430e-07,-3.184636953861932213e-02,3.403313624250003944e+00,8.218170549652103031e-04,3.127302935191705879e-02,8.218366249374543754e-04,3.127302880733991153e-02,8.218217841964682102e-04,3.127302921922917728e-02,8.218170549652087853e-04,3.127302935191705879e-02,-4.635067972582971717e-04,1.867568942514924077e-04,-4.635067972582971717e-04,1.867568942514924077e-04,-4.635067972582954370e-04,1.867568942514928414e-04,-4.635067972582980391e-04,1.867568942514915404e-04
5.800183546114423734e+03,3.153114307030635894e-14,-6.082076617793517625e-15,-1.000000830026924747e+00,2.718236624330017115e-08,-4.979662219144655657e-09,1.412278043195678255e-10,-4.979662128047215092e-09,1.412308328486012836e-10,-4.979662205885625417e-09,1.412282406270859892e-10,-4.979662219144761536e-09,1.412278043212618914e-10,-5.005196947121914294e-11,-1.069481024103717782e-10,-5.005196947121914294e-11,-1.069481024103717782e-10,-5.005196947121914294e-11,-1.069481024104247178e-10,-5.005196947143090118e-11,-1.069481024103717782e-10,-2.001813975047336406e-08,-1.339544437395819228e-07,-3.380000985371670041e-02,3.502705350439482945e+00,8.210321593275496030e-04,3.038375009758202683e-02,8.210506332930573529e-04,3.038374956865080856e-02,8.210348208207246491e-04,3.038375002075098877e-02,8.210321593275484104e-04,3.038375009758203724e-02,-4.599067058979610669e-04,1.905825049824791579e-04,-4.599067058979610669e-04,1.905825049824791579e-04,-4.599067058979628016e-04,1.905825049824756885e-04,-4.599067058979628016e-04,1.905825049824787243e-04
5.969594968798895934e+03,3.538823922056284227e-14,-6.654057716141987697e-15,-1.000000879219824945e+00,2.748064681368234119e-08,-4.979251662410011495e-09,1.451719922049353288e-10,-4.979251571348993346e-09,1.451749345907180511e-10,-4.979251644957532891e-09,1.451725503869420752e-10,-4.979251662410117374e-09,1.451719922049353288e-10,-5.230039634850966034e-11,-1.091676347793167504e-10,-5.230039634850966034e-11,-1.091676347792638108e-10,-5.230039634829790210e-11,-1.091676347792108713e-10,-5.230039634861553946e-11,-1.091676347793167504e-10,-2.130058388168262267e-08,-1.460262735380691013e-07,-3.587459575563928249e-02,3.605000808441459981e+00,8.202097194005464244e-04,2.951968874139581853e-02,8.202271586909617171e-04,2.951968822767439202e-02,8.202130277379390908e-04,2.951968864313433971e-02,8.202097194005462076e-04,2.951968874139582200e-02,-4.561498639431378274e-04,1.943949393497026458e-04,-4.561498639431352253e-04,1.943949393497030795e-04,-4.561498639431404295e-04,1.943949393497056816e-04,-4.561498639431360385e-04,1.943949393497026458e-04
6.143954550435200872e+03,3.971633350459047704e-14,-7.281049459309177497e-15,-1.000000931328572928e+00,2.774151885986952948e-08,-4.978824664280828885e-09,1.492182195888779581e-10,-4.978824573257821340e-09,1.492210782700177998e-10,-4.978824651019681063e-09,1.492186318271078926e-10,-4.978824664280934764e-09,1.492182195905720240e-10,-5.463916726571059669e-11,-1.113857354584988621e-10,-5.463916726571059669e-11,-1.113857354584988621e-10,-5.463916726592235492e-11,-1.113857354584988621e-10,-5.463916726602823404e-11,-1.113857354584459225e-10,-2.266994744830466468e-08,-1.591855877417677334e-07,-3.807783264194317813e-02,3.710285086322831827e+00,8.193533144299750990e-04,2.868013109927170998e-02,8.193697769453675474e-04,2.868013060033106076e-02,8.193556884440155721e-04,2.868013102672595238e-02,8.193533144299729306e-04,2.868013109927172385e-02,-4.522324944844334374e-04,1.981854160243774646e-04,-4.522324944844334374e-04,1.981854160243774646e-04,-4.522324944844334374e-04,1.981854160243731277e-04,-4.522324944844325701e-04,1.981854160243726941e-04
6.323406816561372580e+03,4.457288484420995278e-14,-7.968502203733913360e-15,-1.000000986526092150e+00,2.795953765732939189e-08,-4.978381020855630995e-09,1.533681057705390009e-10,-4.978380929873386911e-09,1.533708831119519507e-10,-4.978381002116826982e-09,1.533686719587011647e-10,-4.978381020855630995e-09,1.533681057705390009e-10,-5.706937032198126957e-11,-1.135983583955163545e-10,-5.706937032198126957e-11,-1.135983583955163545e-10,-5.706937032198126957e-11,-1.135983583955163545e-10,-5.706937032208714869e-11,-1.135983583955163545e-10,-2.413257748031751965e-08,-1.735303118971466550e-07,-4.041793546479161003e-02,3.818645810572649513e+00,8.184589821651779527e-04,2.786438361587549595e-02,8.184745225663462307e-04,2.786438313130243025e-02,8.184621502664994911e-04,2.786438351627201077e-02,8.184589821651789285e-04,2.786438361587550636e-02,-4.481511010045608205e-04,2.019443828078158179e-04,-4.481511010045608205e-04,2.019443828078158179e-04,-4.481511010045608205e-04,2.019443828078158179e-04,-4.481511010045634768e-04,2.019443828078179863e-04
6.508100514008929167e+03,5.002235853338661225e-14,-8.722425494528165766e-15,-1.000001044995581179e+00,2.812868188026285132e-08,-4.977920536785750300e-09,1.576245182139429288e-10,-4.977920445845857863e-09,1.576272165280289328e-10,-4.977920523878450491e-09,1.576248972882918794e-10,-4.977920536785962058e-09,1.576245182147899618e-10,-5.959180843509897439e-11,-1.158011974397191740e-10,-5.959180843509897439e-11,-1.158011974397191740e-10,-5.959180843520485351e-11,-1.158011974396662345e-10,-5.959180843541661175e-11,-1.158011974396662345e-10,-2.569532086375842565e-08,-1.891671890298749445e-07,-4.290366332388091675e-02,3.930173228528294871e+00,8.175297630359047501e-04,2.707177235777126142e-02,8.175444329253619188e-04,2.707177188716003435e-02,8.175318239676714668e-04,2.707177229110916197e-02,8.175297630359062680e-04,2.707177235777125796e-02,-4.439024334868270339e-04,2.056616617320252360e-04,-4.439024334868270339e-04,2.056616617320252360e-04,-4.439024334868270339e-04,2.056616617320287054e-04,-4.439024334868252450e-04,2.056616617320278380e-04
6.698188734198168277e+03,5.613708066296705707e-14,-9.549447426335950402e-15,-1.000001106931126538e+00,2.824229608164308125e-08,-4.977443108099268951e-09,1.619891683940524155e-10,-4.977443017204057502e-09,1.619917899144373554e-10,-4.977443093687426870e-09,1.619895798030370946e-10,-4.977443108099163072e-09,1.619891683965935143e-10,-6.220691585736230739e-11,-1.179897104641191236e-10,-6.220691585736230739e-11,-1.179897104641191236e-10,-6.220691585736230739e-11,-1.179897104641191236e-10,-6.220691585736230739e-11,-1.179897104640661841e-10,-2.736556562422377132e-08,-2.062125745670348624e-07,-4.554435632751996366e-02,4.044960294320821603e+00,8.165620303369935029e-04,2.630164287006821200e-02,8.165758784303347052e-04,2.630164241302791750e-02,8.165642036150131799e-04,2.630164279774760069e-02,8.165620303369922018e-04,2.630164287006821547e-02,-4.394836066587934657e-04,2.093262632851686721e-04,-4.394836066587934657e-04,2.093262632851686721e-04,-4.394836066587934657e-04,2.093262632851686721e-04,-4.394836066587987241e-04,2.093262632851703798e-04
6.893829040034660466e+03,6.299819687708602925e-14,-1.045688047905187157e-14,-1.000001172538352634e+00,2.829302752499485152e-08,-4.976948663995455746e-09,1.664645949389141166e-10,-4.976948573147254626e-09,1.664671418416256341e-10,-4.976948647976262768e-09,1.664650394423230779e-10,-4.976948663995243988e-09,1.664645949389141166e-10,-6.491474598414007671e-11,-1.201591080424122422e-10,-6.491474598414007671e-11,-1.201591080424122422e-10,-6.491474598414007671e-11,-1.201591080425181213e-10,-6.491474598414007671e-11,-1.201591080423593026e-10,-2.915128563939947532e-08,-2.247933033292185792e-07,-4.834997484163534170e-02,4.163102758570858875e+00,8.155565873462210799e-04,2.555335928778149426e-02,8.155696596334903372e-04,2.555335884393073950e-02,8.155588688403728843e-04,2.555335920967465035e-02,8.155565873462227063e-04,2.555335928778150120e-02,-4.348920835013257366e-04,2.129264982067083920e-04,-4.348920835013257366e-04,2.129264982067083920e-04,-4.348920835013266040e-04,2.129264982067088257e-04,-4.348920835013231345e-04,2.129264982067092865e-04
7.095183596512132681e+03,7.069674821393877104e-14,-1.145279452684993764e-14,-1.000001242035115867e+00,2.827275687178332220e-08,-4.976437211452273983e-09,1.710530046421002387e-10,-4.976437120653412531e-09,1.710554790387914712e-10,-4.976437187515969926e-09,1.710536502675532949e-10,-4.976437211452273983e-09,1.710530046395591398e-10,-6.771490204592978888e-11,-1.223043727719179139e-10,-6.771490204592978888e-11,-1.223043727719179139e-10,-6.771490204592978888e-11,-1.223043727719179139e-10,-6.771490204592978888e-11,-1.223043727718649744e-10,-3.106108898499687723e-08,-2.450476351025306229e-07,-5.133114130249716300e-02,4.284699262085049476e+00,8.145122805986994242e-04,2.482630400608314830e-02,8.145246204969608427e-04,2.482630357505202778e-02,8.145155004091586938e-04,2.482630389268276894e-02,8.145122805986969305e-04,2.482630400608315177e-02,-4.301257593721110424e-04,2.164498798524230568e-04,-4.301257593721110424e-04,2.164498798524230568e-04,-4.301257593721110424e-04,2.164498798524230568e-04,-4.301257593721136445e-04,2.164498798524217829e-04
7.302419305129988970e+03,7.933487840139839810e-14,-1.254609780303550806e-14,-1.000001315652234046e+00,2.817252220052579581e-08,-4.975908803163749189e-09,1.757573578456449528e-10,-4.975908712416133231e-09,1.757597617886767316e-10,-4.975908784581858029e-09,1.757578450462907193e-10,-4.975908803163643309e-09,1.757573578447979199e-10,-7.060650417010506632e-11,-1.244202601701103037e-10,-7.060650417010506632e-11,-1.244202601701103037e-10,-7.060650417021094544e-11,-1.244202601700044245e-10,-7.060650417031682455e-11,-1.244202601700044245e-10,-3.310427024179864728e-08,-2.671262860906063842e-07,-5.449918466565650821e-02,4.409851433819485855e+00,8.134315257320000195e-04,2.411987697658641433e-02,8.134431742292030703e-04,2.411987655801275596e-02,8.134338865426944155e-04,2.411987689104978100e-02,8.134315257320005616e-04,2.411987697658643168e-02,-4.251829744382742342e-04,2.198831764935206534e-04,-4.251829744382742342e-04,2.198831764935206534e-04,-4.251829744382759689e-04,2.198831764935158830e-04,-4.251829744382750473e-04,2.198831764935154493e-04
7.515707942236891540e+03,8.902718870743738535e-14,-1.374662670807837397e-14,-1.000001393634267988e+00,2.798243528903676669e-08,-4.975363607656297704e-09,1.805796140594748112e-10,-4.975363516962997734e-09,1.805819495469978588e-10,-4.975363587658061577e-09,1.805801237700211509e-10,-4.975363607656403583e-09,1.805796140603218441e-10,-7.358810113194100467e-11,-1.265013322344872432e-10,-7.358810113194100467e-11,-1.265013322344872432e-10,-7.358810113183512555e-11,-1.265013322344872432e-10,-7.358810113204688379e-11,-1.265013322344343037e-10,-3.529086700670795380e-08,-2.911935540850389086e-07,-5.786618765582583757e-02,4.538663993400346541e+00,8.123115418609841648e-04,2.343349550719384458e-02,8.123225376520279125e-04,2.343349510072814321e-02,8.123139416752736194e-04,2.343349541774669004e-02,8.123115418609804786e-04,2.343349550719382376e-02,-4.200626227836350103e-04,2.232122815210910833e-04,-4.200626227836350103e-04,2.232122815210910833e-04,-4.200626227836384797e-04,2.232122815210906496e-04,-4.200626227836350103e-04,2.232122815210975885e-04
7.735226301415075795e+03,9.990225849242918462e-14,-1.506524541332544792e-14,-1.000001476240343079e+00,2.769159002449783635e-08,-4.974801851797000659e-09,1.855225019790535698e-10,-4.974801761160134259e-09,1.855247709490792695e-10,-4.974801829314311019e-09,1.855230590370475952e-10,-4.974801851797212417e-09,1.855225019790535698e-10,-7.665764339715535177e-11,-1.285419576181707495e-10,-7.665764339715535177e-11,-1.285419576181707495e-10,-7.665764339715535177e-11,-1.285419576181707495e-10,-7.665764339736711000e-11,-1.285419576180119309e-10,-3.763172101809491618e-08,-3.174285461108235911e-07,-6.144503692362173614e-02,4.671244858510987363e+00,8.111531615880474173e-04,2.276659346716589094e-02,8.111635412029957748e-04,2.276659307246767586e-02,8.111557099344388544e-04,2.276659336945649134e-02,8.111531615880494773e-04,2.276659346716590829e-02,-4.147641425740558347e-04,2.264223131016082473e-04,-4.147641425740558347e-04,2.264223131016082473e-04,-4.147641425740558347e-04,2.264223131016082473e-04,-4.147641425740619062e-04,2.264223131016086809e-04
7.961156340023413577e+03,1.121043517921465575e-13,-1.651395636157725293e-14,-1.000001563745028799e+00,2.728796203929628739e-08,-4.974223852584656312e-09,1.905888045006362465e-10,-4.974223762006023427e-09,1.905910088344247742e-10,-4.974223831803020588e-09,1.905893050640737889e-10,-4.974223852584762191e-09,1.905888045006362465e-10,-7.981240715258225952e-11,-1.305363411936862243e-10,-7.981240715258225952e-11,-1.305363411936862243e-10,-7.981240715258225952e-11,-1.305363411936862243e-10,-7.981240715258225952e-11,-1.305363411935803452e-10,-4.013854415899483385e-08,-3.460265179473124371e-07,-6.524947628748468953e-02,4.807705257478961158e+00,8.099571543422102744e-04,2.211862093362291018e-02,8.099669522673833997e-04,2.211862055036057512e-02,8.099593792994627846e-04,2.211862084586624713e-02,8.099571543422078891e-04,2.211862093362289630e-02,-4.092875900079599553e-04,2.294975546751827937e-04,-4.092875900079599553e-04,2.294975546751827937e-04,-4.092875900079599553e-04,2.294975546751827937e-04,-4.092875900079607685e-04,2.294975546751814926e-04
8.193685330020702168e+03,1.257953328295220390e-13,-1.810602281906555107e-14,-1.000001656439267972e+00,2.675829818832298201e-08,-4.973630035869102301e-09,1.957810649914188371e-10,-4.973629945352196942e-09,1.957832065168672929e-10,-4.973630012712915589e-09,1.957816072195600219e-10,-4.973630035869102301e-09,1.957810649905718041e-10,-8.304892174551837392e-11,-1.324785541490489216e-10,-8.304892174551837392e-11,-1.324785541490489216e-10,-8.304892174551837392e-11,-1.324785541489959820e-10,-8.304892174562425304e-11,-1.324785541490489216e-10,-4.282398976093629655e-08,-3.772003359611344927e-07,-6.929416311078659407e-02,4.948159847417428203e+00,8.087229519995512393e-04,2.148904377713054675e-02,8.087322007919496309e-04,2.148904340498250867e-02,8.087252938005883972e-04,2.148904368211826399e-02,8.087229519995524319e-04,2.148904377713055369e-02,-4.036336997672558893e-04,2.324214260992684073e-04,-4.036336997672558893e-04,2.324214260992684073e-04,-4.036336997672524199e-04,2.324214260992697083e-04,-4.036336997672532872e-04,2.324214260992692746e-04
8.433006013194184561e+03,1.411568161850370759e-13,-1.985610485691501197e-14,-1.000001754631363760e+00,2.608799591630184267e-08,-4.973020904169787002e-09,2.011025314526006637e-10,-4.973020813716303235e-09,2.011046119484782369e-10,-4.973020891897232508e-09,2.011028108311717225e-10,-4.973020904169892881e-09,2.011025314526006637e-10,-8.636291781068399127e-11,-1.343625523374092611e-10,-8.636291781068399127e-11,-1.343625523373563216e-10,-8.636291781068399127e-11,-1.343625523374092611e-10,-8.636291781078987039e-11,-1.343625523374622007e-10,-4.570172964074266299e-08,-4.111820726640923119e-07,-7.359472803243986838e-02,5.092726838302954917e+00,8.074527873565968657e-04,2.087734304689688181e-02,8.074615177517380617e-04,2.087734268554897882e-02,8.074539597379003404e-04,2.087734299796840248e-02,8.074527873565961068e-04,2.087734304689687487e-02,-3.978038988313294198e-04,2.351765317065220452e-04,-3.978038988313294198e-04,2.351765317065216115e-04,-3.978038988313294198e-04,2.351765317065220452e-04,-3.978038988313285524e-04,2.351765317065216115e-04
8.679316760921987225e+03,1.583925805259311770e-13,-2.178041018587355066e-14,-1.000001858648030373e+00,2.526097072491628737e-08,-4.972397117994744112e-09,2.065553556511055475e-10,-4.972397027608070069e-09,2.065573768462064834e-10,-4.972397094544531088e-09,2.065558746493681539e-10,-4.972397117995061749e-09,2.065553556511055475e-10,-8.974921692597047005e-11,-1.361822342595285623e-10,-8.974921692597047005e-11,-1.361822342595285623e-10,-8.974921692597047005e-11,-1.361822342594226832e-10,-8.974921692618222828e-11,-1.361822342594226832e-10,-4.878653723938167531e-08,-4.482247484200859811e-07,-7.816783809506390457e-02,5.241528123391420380e+00,8.061439476759583739e-04,2.028301483773367608e-02,8.061521886899712837e-04,2.028301448688323363e-02,8.061460638214833522e-04,2.028301474689068323e-02,8.061439476759565308e-04,2.028301483773365527e-02,-3.918004197028713436e-04,2.377445432689198059e-04,-3.918004197028713436e-04,2.377445432689198059e-04,-3.918004197028739457e-04,2.377445432689254438e-04,-3.918004197028704763e-04,2.377445432689224080e-04
8.932821738601873221e+03,1.777312784790984524e-13,-2.389686152307438785e-14,-1.000001968835507515e+00,2.425951108747659291e-08,-4.971759374602649328e-09,2.121435691732301179e-10,-4.971759284284584954e-09,2.121455327451031686e-10,-4.971759360221829829e-09,2.121438786058006947e-10,-4.971759374602437570e-09,2.121435691736536344e-10,-9.320171306771264186e-11,-1.379314392432405427e-10,-9.320171306771264186e-11,-1.379314392432405427e-10,-9.320171306771264186e-11,-1.379314392432405427e-10,-9.320171306792440010e-11,-1.379314392431346636e-10,-5.209437749727245072e-08,-4.886042331499893886e-07,-8.303126347541667229e-02,5.394689416410654026e+00,8.048012429632077748e-04,1.970556935065305437e-02,8.048090219887703680e-04,1.970556901000260208e-02,8.048024688488937062e-04,1.970556929652272915e-02,8.048012429632040885e-04,1.970556935065304396e-02,-3.856262325293584770e-04,2.401063696001362710e-04,-3.856262325293584770e-04,2.401063696001362710e-04,-3.856262325293576096e-04,2.401063696001362710e-04,-3.856262325293602117e-04,2.401063696001349700e-04
9.193731074882638495e+03,1.994294791578728155e-13,-2.622528229739229052e-14,-1.000002085560743437e+00,2.306411960723009358e-08,-4.971108563830095224e-09,2.178695924079978577e-10,-4.971108473583711013e-09,2.178714999854873807e-10,-4.971108542354527759e-09,2.178700416746965978e-10,-4.971108563830201104e-09,2.178695924071508247e-10,-9.671321881332839177e-11,-1.396040380907997510e-10,-9.671321881332839177e-11,-1.396040380907997510e-10,-9.671321881343427089e-11,-1.396040380907997510e-10,-9.671321881354015001e-11,-1.396040380906409323e-10,-5.564250382460826060e-08,-5.326213228548890111e-07,-8.820394784018462109e-02,5.552340395976864684e+00,8.034225086628270620e-04,1.914453107012503708e-02,8.034298515602462899e-04,1.914453073938779740e-02,8.034242380672476213e-04,1.914453099157934629e-02,8.034225086628282546e-04,1.914453107012503014e-02,-3.792852174576688269e-04,2.422419420250604969e-04,-3.792852174576688269e-04,2.422419420250604969e-04,-3.792852174576705616e-04,2.422419420250596295e-04,-3.792852174576722963e-04,2.422419420250531243e-04
9.462261035838391763e+03,2.237750846158607887e-13,-2.878760273901164773e-14,-1.000002209212655480e+00,2.165333915643552487e-08,-4.970445633374600880e-09,2.237373916562174702e-10,-4.970445543202437930e-09,2.237392448253926593e-10,-4.970445616688687094e-09,2.237377310474963584e-10,-4.970445633374706759e-09,2.237373916562174702e-10,-1.002754422472829887e-10,-1.411939345854884819e-10,-1.002754422472829887e-10,-1.411939345854884819e-10,-1.002754422472829887e-10,-1.411939345854355424e-10,-1.002754422474947470e-10,-1.411939345854355424e-10,-5.944956298031040411e-08,-5.806040077353315637e-07,-9.370608254722179176e-02,5.714614857729206854e+00,8.020113586584233165e-04,1.859943781609261354e-02,8.020182898411499324e-04,1.859943749498790475e-02,8.020126280603564941e-04,1.859943775679306910e-02,8.020113586584250512e-04,1.859943781609262395e-02,-3.727820802887228235e-04,2.441303903237517631e-04,-3.727820802887228235e-04,2.441303903237517631e-04,-3.727820802887219561e-04,2.441303903237517631e-04,-3.727820802887193540e-04,2.441303903237513023e-04
9.738634204230123942e+03,2.510911664633407450e-13,-3.160808861058227311e-14,-1.000002340203467455e+00,2.000356251474766367e-08,-4.969771704961580706e-09,2.297499934631712511e-10,-4.969771614866603634e-09,2.297517937635144879e-10,-4.969771680331344907e-09,2.297504805532792180e-10,-4.969771704961580706e-09,2.297499934635947676e-10,-1.038788423590124622e-10,-1.426951525889971882e-10,-1.038788423590124622e-10,-1.426951525889971882e-10,-1.038788423590124622e-10,-1.426951525889971882e-10,-1.038788423592242204e-10,-1.426951525890501278e-10,-6.353570835073816553e-08,-6.329099497828938071e-07,-9.955918472883780457e-02,5.881650874692445186e+00,8.005673361647014027e-04,1.806984076903158515e-02,8.005738786804340304e-04,1.806984045728782587e-02,8.005691063361403039e-04,1.806984068397955376e-02,8.005673361647031375e-04,1.806984076903158862e-02,-3.661224802884884802e-04,2.457498892222999818e-04,-3.661224802884884802e-04,2.457498892222999818e-04,-3.661224802884884802e-04,2.457498892222999818e-04,-3.661224802884902149e-04,2.457498892223046981e-04
1.002307966400312034e+04,2.817402748912145679e-13,-3.471359516200721630e-14,-1.000002478970131392e+00,1.808882443832260378e-08,-4.969087976244164869e-09,2.359116442659099340e-10,-4.969087886228597136e-09,2.359133931915873375e-10,-4.969087957597687447e-09,2.359120028086037597e-10,-4.969087976244270748e-09,2.359116442663334505e-10,-1.075125754360083152e-10,-1.441018563643918626e-10,-1.075125754360083152e-10,-1.441018563643918626e-10,-1.075125754360083152e-10,-1.441018563643918626e-10,-1.075125754362200734e-10,-1.441018563643389231e-10,-6.792272254436639929e-08,-6.899291899904509322e-07,-1.057861794041393827e-01,6.053590966407364604e+00,7.990940801275175530e-04,1.755530371393987724e-02,7.991002557344739242e-04,1.755530341129159580e-02,7.990953461956977521e-04,1.755530365137434462e-02,7.990940801275211308e-04,1.755530371393987377e-02,-3.593129711046965801e-04,2.470777667597110687e-04,-3.593129711046965801e-04,2.470777667597110687e-04,-3.593129711046965801e-04,2.470777667597110687e-04,-3.593129711046966343e-04,2.470777667597105808e-04
1.031583319017318172e+04,3.161292787418106440e-13,-3.813384909728842825e-14,-1.000002625975842108e+00,1.588057405021991997e-08,-4.968395822074987859e-09,2.422257464399285771e-10,-4.968395732142429354e-09,2.422274454448722011e-10,-4.968395797342790469e-09,2.422262088513081092e-10,-4.968395822075093738e-09,2.422257464403520936e-10,-1.111643454300475570e-10,-1.454084413596230173e-10,-1.111643454300475570e-10,-1.454084413596230173e-10,-1.111643454300475570e-10,-1.454084413596230173e-10,-1.111643454301534362e-10,-1.454084413596230173e-10,-7.263415002707624388e-08,-7.520871068709166201e-07,-1.124114857136980228e-01,6.230582277406621294e+00,7.975916529705512738e-04,1.705540301210179549e-02,7.975974822097181604e-04,1.705540271829201690e-02,7.975932395208125587e-04,1.705540293146537781e-02,7.975916529705531170e-04,1.705540301210179202e-02,-3.523611030859238945e-04,2.480903726969016791e-04,-3.523611030859238945e-04,2.480903726969016791e-04,-3.523611030859238945e-04,2.480903726969016791e-04,-3.523611030859238403e-04,2.480903726969055823e-04
1.061713744425901677e+04,3.547148028430700043e-13,-4.190176184105962477e-14,-1.000002781711645472e+00,1.334742670555666422e-08,-4.967696694820574992e-09,2.486968987341973795e-10,-4.967696604972931541e-09,2.486985492312581802e-10,-4.967696677051094308e-09,2.486972217811285176e-10,-4.967696694820680871e-09,2.486968987346208960e-10,-1.148203342528397706e-10,-1.466095602298071913e-10,-1.148203342528397706e-10,-1.466095602298071913e-10,-1.148203342528397706e-10,-1.466095602299130704e-10,-1.148203342528397706e-10,-1.466095602298071913e-10,-7.769544092575226178e-08,-8.198476505549786584e-07,-1.194611073927498435e-01,6.412776765633357634e+00,7.960638121092156617e-04,1.656972688617021350e-02,7.960693143723353987e-04,1.656972660094786776e-02,7.960648890719246697e-04,1.656972682987529685e-02,7.960638121092133849e-04,1.656972688617021350e-02,-3.452753540519437722e-04,2.487631660666603586e-04,-3.452753540519437722e-04,2.487631660666603586e-04,-3.452753540519446396e-04,2.487631660666612260e-04,-3.452753540519437722e-04,2.487631660666581902e-04
1.092724217542281622e+04,3.980093370193352200e-13,-4.605377758392800501e-14,-1.000002946698151263e+00,1.045489216033868018e-08,-4.966992222969424122e-09,2.553289506055651358e-10,-4.966992133209872098e-09,2.553305539652424218e-10,-4.966992197676914438e-09,2.553293977191061241e-10,-4.966992222969212364e-09,2.553289506034475535e-10,-1.184650371690439775e-10,-1.477002199883061110e-10,-1.184650371690439775e-10,-1.477002199883061110e-10,-1.184650371690439775e-10,-1.477002199883061110e-10,-1.184650371691498566e-10,-1.477002199882531715e-10,-8.313410696614204121e-08,-8.937168787394338646e-07,-1.269627275819625034e-01,6.600331401442963042e+00,7.945111689643734407e-04,1.609787539002029491e-02,7.945163625583422833e-04,1.609787511314232644e-02,7.945126172810391485e-04,1.609787531216037501e-02,7.945111689643774523e-04,1.609787539002030532e-02,-3.380652149360302062e-04,2.490705810642892398e-04,-3.380652149360302062e-04,2.490705810642892398e-04,-3.380652149360302062e-04,2.490705810642892398e-04,-3.380652149360310736e-04,2.490705810642927093e-04
1.124640442748573150e+04,4.465881008000780602e-13,-5.063026031945568439e-14,-1.000003121487356816e+00,7.165078710902328396e-09,-4.966284109541626802e-09,2.621269298857526852e-10,-4.966284019872601423e-09,2.621284874425468649e-10,-4.966284085645345052e-09,2.621273406666624339e-10,-4.966284109541732681e-09,2.621269298857526852e-10,-1.220811719334562000e-10,-1.486758123472880416e-10,-1.220811719334562000e-10,-1.486758123472880416e-10,-1.220811719334562000e-10,-1.486758123473409812e-10,-1.220811719335620791e-10,-1.486758123472351021e-10,-8.897989100954441525e-08,-9.742468238154562424e-07,-1.349458080923787995e-01,6.793408377856520630e+00,7.929376626670627849e-04,1.563945973326633099e-02,7.929425648744996453e-04,1.563945946449538452e-02,7.929389555678997403e-04,1.563945966178550626e-02,7.929376626670671217e-04,1.563945973326633099e-02,-3.307411087960310594e-04,2.489860875674194929e-04,-3.307411087960310594e-04,2.489860875674194929e-04,-3.307411087960275900e-04,2.489860875674212277e-04,-3.307411087960301379e-04,2.489860875674185714e-04
1.157488875198985079e+04,5.010967583642626405e-13,-5.567592429654275801e-14,-1.000003306664586811e+00,3.436369903908609302e-09,-4.965574203094687339e-09,2.690956393794729346e-10,-4.965574113518941463e-09,2.690971524276503514e-10,-4.965574186091877351e-09,2.690959235937550893e-10,-4.965574203094581460e-09,2.690956393794729346e-10,-1.256495028284379372e-10,-1.495322066796466882e-10,-1.256495028284379372e-10,-1.495322066796466882e-10,-1.256495028285438164e-10,-1.495322066797525674e-10,-1.256495028285438164e-10,-1.495322066796466882e-10,-9.526495148051793366e-08,-1.062039723047792935e-06,-1.434416932202112749e-01,6.992175332767730289e+00,7.913457777073155865e-04,1.519410217780403291e-02,7.913504048439076559e-04,1.519410191690942144e-02,7.913466468947947391e-04,1.519410212838394336e-02,7.913457777073168876e-04,1.519410217780404505e-02,-3.233144400398483111e-04,2.484820669522075148e-04,-3.233144400398483111e-04,2.484820669522075148e-04,-3.233144400398465764e-04,2.484820669522127190e-04,-3.233144400398482569e-04,2.484820669522127190e-04
1.191296742748327233e+04,5.622600904220935864e-13,-6.124031324072491897e-14,-1.000003502850559833e+00,-7.769279872227308203e-10,-4.964864480301749136e-09,2.762399512261677213e-10,-4.964864390822565017e-09,2.762414210252663678e-10,-4.964864458418123549e-09,2.762403069584062280e-10,-4.964864480301960895e-09,2.762399512261677213e-10,-1.291486872468206000e-10,-1.502658141788882140e-10,-1.291486872468206000e-10,-1.502658141788882140e-10,-1.291486872467147208e-10,-1.502658141788352745e-10,-1.291486872467147208e-10,-1.502658141789411536e-10,-1.020240635695034271e-07,-1.157752647231241709e-06,-1.524837182498193222e-01,7.196805583859755551e+00,7.897375815719685256e-04,1.476143565670367044e-02,7.897419490405933450e-04,1.476143540346149322e-02,7.897386386411960318e-04,1.476143559489476696e-02,7.897375815719689593e-04,1.476143565670367912e-02,-3.157975661603445029e-04,2.475297636860841733e-04,-3.157975661603462376e-04,2.475297636860815712e-04,-3.157975661603471050e-04,2.475297636860833059e-04,-3.157975661603462376e-04,2.475297636860841733e-04
1.226092068521004148e+04,6.308917433122590365e-13,-6.737833421736798066e-14,-1.000003710703589954e+00,-5.524970023151887233e-09,-4.964156990602014999e-09,2.835656700846028223e-10,-4.964156901221616097e-09,2.835670978560442083e-10,-4.964156972494568169e-09,2.835659563211761385e-10,-4.964156990601909120e-09,2.835656700841793058e-10,-1.325551182984137731e-10,-1.508736393241119616e-10,-1.325551182984137731e-10,-1.508736393241119616e-10,-1.325551182984667127e-10,-1.508736393240590220e-10,-1.325551182983078940e-10,-1.508736393240590220e-10,-1.092948391688207721e-07,-1.262102566681399409e-06,-1.621073227565510144e-01,7.407478377009608650e+00,7.881172447802823776e-04,1.434110330795847210e-02,7.881213671219798687e-04,1.434110306215032916e-02,7.881180712360566368e-04,1.434110325826295704e-02,7.881172447802835702e-04,1.434110330795847904e-02,-3.082037367809878402e-04,2.460992449694039772e-04,-3.082037367809878402e-04,2.460992449694039772e-04,-3.082037367809852381e-04,2.460992449694039772e-04,-3.082037367809869728e-04,2.460992449694039772e-04
1.261903694139203799e+04,7.079051909519196204e-13,-7.415085279473605365e-14,-1.000003930921932183e+00,-1.086279120127153774e-08,-4.963453922424482864e-09,2.910782793949334929e-10,-4.963453833145833795e-09,2.910796663287989095e-10,-4.963453897403076663e-09,2.910786640520765989e-10,-4.963453922424482864e-09,2.910782793953570094e-10,-1.358427000452069205e-10,-1.513533767004291262e-10,-1.358427000452069205e-10,-1.513533767004291262e-10,-1.358427000452069205e-10,-1.513533767004820657e-10,-1.358427000453657392e-10,-1.513533767002703075e-10,-1.171179677561196732e-07,-1.375871897321947532e-06,-1.723501688721125191e-01,7.624379149026751179e+00,7.864871949972544480e-04,1.393275837231879727e-02,7.864910859395095799e-04,1.393275813373275225e-02,7.864882741446632512e-04,1.393275830558888227e-02,7.864871949972524964e-04,1.393275837231879553e-02,-3.005471165423930532e-04,2.441592413568935958e-04,-3.005471165423930532e-04,2.441592413568935958e-04,-3.005471165423921859e-04,2.441592413568953305e-04,-3.005471165423904511e-04,2.441592413568935958e-04
1.298761303629532267e+04,7.943260628002056324e-13,-8.162535742470620022e-14,-1.000004164246282912e+00,-1.685076254920314653e-08,-4.962757520648979076e-09,2.987842006769867104e-10,-4.962757431474620938e-09,2.987855479256644822e-10,-4.962757496187355773e-09,2.987845663915085004e-10,-4.962757520649084955e-09,2.987842006765631939e-10,-1.389826555079052416e-10,-1.517034545062277564e-10,-1.389826555079581811e-10,-1.517034545062277564e-10,-1.389826555079581811e-10,-1.517034545062806959e-10,-1.389826555080111207e-10,-1.517034545061218772e-10,-1.255374811486850324e-07,-1.499914574224754857e-06,-1.832522646317390480e-01,7.847699805612464274e+00,7.848517523577698725e-04,1.353606367965380468e-02,7.848554248599601399e-04,1.353606344808322773e-02,7.848527492891776329e-04,1.353606361626095295e-02,7.848517523577721493e-04,1.353606367965380988e-02,-2.928426936999095533e-04,2.416770840232806939e-04,-2.928426936999112880e-04,2.416770840232832960e-04,-2.928426936999095533e-04,2.416770840232824286e-04,-2.928426936999104207e-04,2.416770840232798266e-04
1.336695448027913517e+04,8.913060105631488067e-13,-8.987670169095723235e-14,-1.000004411462444676e+00,-2.355508717938326058e-08,-4.962070137549737389e-09,3.066897977312233272e-10,-4.962070048482528920e-09,3.066911064183026588e-10,-4.962070112309531990e-09,3.066901647205297029e-10,-4.962070137549790329e-09,3.066897977303762943e-10,-1.419432565765571869e-10,-1.519231276974684362e-10,-1.419432565765571869e-10,-1.519231276974684362e-10,-1.419432565765571869e-10,-1.519231276974684362e-10,-1.419432565766630660e-10,-1.519231276975213757e-10,-1.346010450047090332e-07,-1.635162704555032580e-06,-1.948560926581519581e-01,8.077639015497364738e+00,7.832141904030475625e-04,1.315069152166752249e-02,7.832176566994149053e-04,1.315069129691161590e-02,7.832151624611983316e-04,1.315069145810578155e-02,7.832141904030533088e-04,1.315069152166751902e-02,-2.851062807040032044e-04,2.386185139226920117e-04,-2.851062807040032044e-04,2.386185139226920117e-04,-2.851062807040032044e-04,2.386185139226920117e-04,-2.851062807040035839e-04,2.386185139226954812e-04
1.375737570703146412e+04,1.000138308807420562e-12,-9.898793477183493535e-14,-1.000004673404169431e+00,-3.104834072481521545e-08,-4.961394184461316718e-09,3.148019960781675629e-10,-4.961394095503534317e-09,3.148032672920857914e-10,-4.961394159879891193e-09,3.148023436750781276e-10,-4.961394184461369657e-09,3.148019960768970134e-10,-1.446895581522174243e-10,-1.520125352592346784e-10,-1.446895581522174243e-10,-1.520125352592346784e-10,-1.446895581522703638e-10,-1.520125352592876180e-10,-1.446895581523233034e-10,-1.520125352591817388e-10,-1.443602810722392484e-07,-1.782633857478602398e-06,-2.072067443222418981e-01,8.314402521775654975e+00,7.815784318986868486e-04,1.277632326411033692e-02,7.815817035389031843e-04,1.277632304597373439e-02,7.815793265087360832e-04,1.277632320395703791e-02,7.815784318986833791e-04,1.277632326411033865e-02,-2.773544404771436387e-04,2.349475372860912134e-04,-2.773544404771436387e-04,2.349475372860912134e-04,-2.773544404771449397e-04,2.349475372860903460e-04,-2.773544404771423376e-04,2.349475372860894515e-04
1.415920033420111940e+04,1.122275409810084295e-12,-1.090512317009038347e-13,-1.000004950956191685e+00,-3.941005909807726582e-08,-4.960732131075722608e-09,3.231281007722079613e-10,-4.960732042230277951e-09,3.231293355730268204e-10,-4.960732109999107660e-09,3.231283906340822918e-10,-4.960732131075669668e-09,3.231281007726314778e-10,-1.471830769619529376e-10,-1.519727758085056650e-10,-1.471830769619529376e-10,-1.519727758085056650e-10,-1.471830769619529376e-10,-1.519727758085586046e-10,-1.471830769620058771e-10,-1.519727758085586046e-10,-1.548711241642571956e-07,-1.943439054412054318e-06,-2.203520596398862719e-01,8.558203471546844909e+00,7.799484617955770730e-04,1.241264910201739236e-02,7.799515496830291021e-04,1.241264889031000636e-02,7.799491866751041358e-04,1.241264905189778944e-02,7.799484617955740372e-04,1.241264910201738195e-02,-2.696044445390501044e-04,2.306262149001212956e-04,-2.696044445390501044e-04,2.306262149001212956e-04,-2.696044445390501044e-04,2.306262149001230303e-04,-2.696044445390518934e-04,2.306262149001212956e-04
1.457276143164231871e+04,1.259348701615179539e-12,-1.201689372754976832e-13,-1.000005245057463910e+00,-4.872737722344533395e-08,-4.960086491221624024e-09,3.316758172513133878e-10,-4.960086402491005271e-09,3.316770166673308753e-10,-4.960086476464192500e-09,3.316760146430243830e-10,-4.960086491221624024e-09,3.316758172517369043e-10,-1.493814317415763737e-10,-1.518059793062419624e-10,-1.493814317415763737e-10,-1.518059793062419624e-10,-1.493814317415763737e-10,-1.518059793061890229e-10,-1.493814317415763737e-10,-1.518059793061360833e-10,-1.661942191955883641e-07,-2.118791529653135694e-06,-2.343427732095952343e-01,8.809262765053576416e+00,7.783283244698227608e-04,1.205936779016858994e-02,7.783312388977601344e-04,1.205936758470554926e-02,7.783288041173919277e-04,1.205936775606701074e-02,7.783283244698237366e-04,1.205936779016860035e-02,-2.618742209491318139e-04,2.256144275736611678e-04,-2.618742209491318139e-04,2.256144275736611678e-04,-2.618742209491326813e-04,2.256144275736603005e-04,-2.618742209491321934e-04,2.256144275736611678e-04
1.499840179749415256e+04,1.413190750733657493e-12,-1.324547389640864748e-13,-1.000005556704612886e+00,-5.909572475121249724e-08,-4.959459819440963817e-09,3.404531058570067553e-10,-4.959459730827712067e-09,3.404542708881452655e-10,-4.959459799485396975e-09,3.404533654637112428e-10,-4.959459819440910877e-09,3.404531058574302718e-10,-1.512379298502687997e-10,-1.515153845150545372e-10,-1.512379298502687997e-10,-1.515153845150545372e-10,-1.512379298502687997e-10,-1.515153845150545372e-10,-1.512379298503746788e-10,-1.515153845150545372e-10,-1.783953638641730529e-07,-2.310016338809753848e-06,-2.492326664840824602e-01,9.067809425632031406e+00,7.767217263502226637e-04,1.171618640997568704e-02,7.767244770358788016e-04,1.171618621057735239e-02,7.767223393071059391e-04,1.171618636516440388e-02,7.767217263502239647e-04,1.171618640997567837e-02,-2.541823099982724811e-04,2.198695992421962611e-04,-2.541823099982716137e-04,2.198695992421945264e-04,-2.541823099982724811e-04,2.198695992421962611e-04,-2.541823099982733485e-04,2.198695992421945535e-04
1.543647424232376397e+04,1.585860347628810104e-12,-1.460349875596813903e-13,-1.000005886955629641e+00,-7.061958101628462714e-08,-4.958854658223570667e-09,3.494687096023832505e-10,-4.958854569730385838e-09,3.494698412197660574e-10,-4.958854631223548441e-09,3.494690512374524160e-10,-4.958854658223676546e-09,3.494687096032302834e-10,-1.527011115491193276e-10,-1.511054001915118438e-10,-1.527011115491193276e-10,-1.511054001915118438e-10,-1.527011115491722671e-10,-1.511054001915647833e-10,-1.527011115491193276e-10,-1.511054001913530251e-10,-1.915460040366343351e-07,-2.518560900598334707e-06,-2.650787267409618897e-01,9.334080991894490253e+00,7.751332489242195685e-04,1.138282003429638180e-02,7.751358450410255826e-04,1.138281984078787744e-02,7.751340327104622912e-04,1.138281997537738191e-02,7.751332489242174001e-04,1.138282003429638353e-02,-2.465477924052065107e-04,2.133464060782981847e-04,-2.465477924052065107e-04,2.133464060782981847e-04,-2.465477924052073781e-04,2.133464060783007868e-04,-2.465477924052086791e-04,2.133464060783007868e-04
1.588734188156876007e+04,1.779670714893890820e-12,-1.610501865251451436e-13,-1.000006236933812520e+00,-8.341329651301299108e-08,-4.958273532494139271e-09,3.587319702058715525e-10,-4.958273444123297763e-09,3.587330693539403923e-10,-4.958273517281586357e-09,3.587321574259874006e-10,-4.958273532494298090e-09,3.587319702071421019e-10,-1.537142124612583532e-10,-1.505816877718020691e-10,-1.537142124613112928e-10,-1.505816877718020691e-10,-1.537142124613112928e-10,-1.505816877716961900e-10,-1.537142124613642324e-10,-1.505816877716961900e-10,-2.057237897450422116e-07,-2.746006566610431175e-06,-2.819413131389825744e-01,9.608323933714645548e+00,7.735677707248527152e-04,1.105899151874153649e-02,7.735702209328279219e-04,1.105899133095249870e-02,7.735681880831341136e-04,1.105899148648161780e-02,7.735677707248519563e-04,1.105899151874152435e-02,-2.389902535437688662e-04,2.059964146057655836e-04,-2.389902535437684326e-04,2.059964146057664510e-04,-2.389902535437688662e-04,2.059964146057664510e-04,-2.389902535437688662e-04,2.059964146057673183e-04
1.635137843652126867e+04,1.997221285329500875e-12,-1.776566753652955312e-13,-1.000006607831980254e+00,-9.760198503572237172e-08,-4.957718990433500923e-09,3.682520661546045916e-10,-4.957718902187543835e-09,3.682531337487903220e-10,-4.957718973676542248e-09,3.682522667387827650e-10,-4.957718990433395044e-09,3.682520661537575586e-10,-1.542145383384580072e-10,-1.499512669880066285e-10,-1.542145383385109468e-10,-1.499512669881125076e-10,-1.542145383384580072e-10,-1.499512669880066285e-10,-1.542145383385638863e-10,-1.499512669879536889e-10,-2.210132011706779691e-07,-2.994081323818729304e-06,-2.998843303752954936e-01,9.890794093760403527e+00,7.720287230273762671e-04,1.074443139564866014e-02,7.720310355018941305e-04,1.074443121341383742e-02,7.720291575194890201e-04,1.074443136111613920e-02,7.720287230273771345e-04,1.074443139564866707e-02,-2.315297801408324808e-04,1.977676562217522093e-04,-2.315297801408316134e-04,1.977676562217530766e-04,-2.315297801408320471e-04,1.977676562217522093e-04,-2.315297801408298516e-04,1.977676562217530766e-04
1.682896854410312153e+04,2.241433511071657881e-12,-1.960285356958822160e-13,-1.000007000916977917e+00,-1.133224932364784721e-07,-4.957193499466206909e-09,3.780391570802361240e-10,-4.957193411347516522e-09,3.780401940124644385e-10,-4.957193472091901999e-09,3.780394757994641762e-10,-4.957193499466206909e-09,3.780391570802361240e-10,-1.541327961957420041e-10,-1.492225733041867087e-10,-1.541327961957420041e-10,-1.492225733041867087e-10,-1.541327961958478833e-10,-1.492225733040808296e-10,-1.541327961957949437e-10,-1.492225733041867087e-10,-2.375062554467273283e-07,-3.264673745996811880e-06,-3.189754103500757054e-01,1.018175715648527202e+01,7.705206502521407767e-04,1.043887746339392832e-02,7.705228327110029548e-04,1.043887728655245629e-02,7.705213210888652714e-04,1.043887740857224120e-02,7.705206502521422945e-04,1.043887746339393352e-02,-2.241868816052410647e-04,1.886042193903677286e-04,-2.241868816052410647e-04,1.886042193903677286e-04,-2.241868816052419321e-04,1.886042193903694634e-04,-2.241868816052406310e-04,1.886042193903677286e-04
1.732050807568892196e+04,2.515591225806092442e-12,-2.163597546451433531e-13,-1.000007417534497955e+00,-1.307244536924434541e-07,-4.956699437250268468e-09,3.881041945766730615e-10,-4.956699349261121182e-09,3.881052017130351487e-10,-4.956699417819173839e-09,3.881044146328681429e-10,-4.956699437250162589e-09,3.881041945766730615e-10,-1.533922981837420898e-10,-1.484055609602177026e-10,-1.533922981837420898e-10,-1.484055609602177026e-10,-1.533922981837420898e-10,-1.484055609602177026e-10,-1.533922981838479689e-10,-1.484055609600588839e-10,-2.553033071088199590e-07,-3.559848322537053986e-06,-3.392861024868605857e-01,1.048148914671774357e+01,7.690486219120874073e-04,1.014207460328061562e-02,7.690506816410986723e-04,1.014207443167580713e-02,7.690490719675861352e-04,1.014207456546349986e-02,7.690486219120892504e-04,1.014207460328060868e-02,-2.169824823602131908e-04,1.784457394457499685e-04,-2.169824823602131908e-04,1.784457394457499685e-04,-2.169824823602123235e-04,1.784457394457508359e-04,-2.169824823602122964e-04,1.784457394457508359e-04
1.782640446524129220e+04,2.823386151778568723e-12,-2.388666857558326050e-13,-1.000007859114236952e+00,-1.499714291780529507e-07,-4.956239140285148321e-09,3.984580659643270037e-10,-4.956239052428032296e-09,3.984590441457148220e-10,-4.956239121979919298e-09,3.984582676104727347e-10,-4.956239140285307140e-09,3.984580659636917290e-10,-1.519080409060242647e-10,-1.475118403069054805e-10,-1.519080409060242647e-10,-1.475118403069054805e-10,-1.519080409060242647e-10,-1.475118403069054805e-10,-1.519080409060772042e-10,-1.475118403067996014e-10,-2.745139571577483408e-07,-3.881862307384449419e-06,-3.608920732221823635e-01,1.079027696022006566e+01,7.676164033758844972e-04,9.853774712084820836e-03,7.676183472530656799e-04,9.853774545564578796e-03,7.676168041063353813e-04,9.853774677462267748e-03,7.676164033758843888e-04,9.853774712084819101e-03,-2.099379578249902672e-04,1.672268136071895968e-04,-2.099379578249902672e-04,1.672268136071895968e-04,-2.099379578249907009e-04,1.672268136071895968e-04,-2.099379578249893998e-04,1.672268136071895968e-04
1.834707704703027412e+04,3.168969222487719126e-12,-2.637908545171591250e-13,-1.000008327175419653e+00,-1.712421548727416365e-07,-4.955814808366550102e-09,4.091125120632298402e-10,-4.955814720643582920e-09,4.091134621072419419e-10,-4.955814782215043130e-09,4.091127922763401103e-10,-4.955814808366708921e-09,4.091125120634415984e-10,-1.495856977438019843e-10,-1.465547758310976722e-10,-1.495856977438019843e-10,-1.465547758310976722e-10,-1.495856977438549239e-10,-1.465547758311506118e-10,-1.495856977438549239e-10,-1.465547758310447327e-10,-2.952580878936870527e-07,-4.233184246680588646e-06,-3.838733153601360804e-01,1.110841892886371340e+01,7.662283555437905723e-04,9.573736352132480518e-03,7.662301900621569994e-04,9.573736190548864239e-03,7.662288966476319936e-04,9.573736304062894012e-03,7.662283555437914397e-04,9.573736352132478783e-03,-2.030751090672197091e-04,1.548764121076123845e-04,-2.030751090672197091e-04,1.548764121076123845e-04,-2.030751090672188418e-04,1.548764121076115171e-04,-2.030751090672180015e-04,1.548764121076132518e-04
1.888295740321680205e+04,3.557008481833291719e-12,-2.914021649668280663e-13,-1.000008823332716235e+00,-1.947318879896853261e-07,-4.955428479090197249e-09,4.200801096160413040e-10,-4.955428391503390612e-09,4.200810323169828353e-10,-4.955428456901639800e-09,4.200803408772117281e-10,-4.955428479090144309e-09,4.200801096160413040e-10,-1.463204487841045798e-10,-1.455496307221849074e-10,-1.463204487841045798e-10,-1.455496307221849074e-10,-1.463204487841575194e-10,-1.455496307222907865e-10,-1.463204487841575194e-10,-1.455496307221319678e-10,-3.176670440978222824e-07,-4.616514361011784426e-06,-4.083143679120004310e-01,1.143622542337420711e+01,7.648892690341803921e-04,9.301724561462599433e-03,7.648910003232609143e-04,9.301724404671588703e-03,7.648897029705385925e-04,9.301724521825861097e-03,7.648892690341805006e-04,9.301724561462606372e-03,-1.964161988490931545e-04,1.413171922759632877e-04,-1.964161988490931545e-04,1.413171922759632877e-04,-1.964161988490918534e-04,1.413171922759641551e-04,-1.964161988490927208e-04,1.413171922759623932e-04
1.943448972158839388e+04,3.992754423305882463e-12,-3.220025728858122968e-13,-1.000009349302584338e+00,-2.206538731314156010e-07,-4.955082059083367135e-09,4.313736187209491542e-10,-4.955081971635103326e-09,4.313745148498318555e-10,-4.955082032922172224e-09,4.313738839506818621e-10,-4.955082059083473015e-09,4.313736187209491542e-10,-1.419956376461749953e-10,-1.445137573010951043e-10,-1.419956376461220558e-10,-1.445137573010421648e-10,-1.419956376461749953e-10,-1.445137573010951043e-10,-1.419956376461749953e-10,-1.445137573010951043e-10,-3.418849842516531862e-07,-5.034806978092235284e-06,-4.343045471051661943e-01,1.177401949692360184e+01,7.636030591217760110e-04,9.037510772907500489e-03,7.636046929679929677e-04,9.037510620769228023e-03,7.636035427117561373e-04,9.037510727489190751e-03,7.636030591217754689e-04,9.037510772907497020e-03,-1.899840378359486236e-04,1.264647266145857885e-04,-1.899840378359490573e-04,1.264647266145840537e-04,-1.899840378359486236e-04,1.264647266145857885e-04,-1.899840378359495181e-04,1.264647266145866558e-04
2.000213116374355741e+04,4.482113749915835096e-12,-3.559303047867446121e-13,-1.000009906910073632e+00,-2.492409336141143683e-07,-4.954777223246669169e-09,4.430068115651048801e-10,-4.954777135938906950e-09,4.430076818717646679e-10,-4.954777200725492470e-09,4.430070336634963973e-10,-4.954777223246669169e-09,4.430068115655283966e-10,-1.364812780413639463e-10,-1.434667673790538335e-10,-1.364812780413639463e-10,-1.434667673790538335e-10,-1.364812780413639463e-10,-1.434667673790538335e-10,-1.364812780414168859e-10,-1.434667673789479544e-10,-3.680704298196673848e-07,-5.491295233951753553e-06,-4.619381893541830153e-01,1.212213757325354457e+01,7.623742995543393575e-04,8.780872498679263144e-03,7.623758414201555877e-04,8.780872351057589578e-03,7.623746930456093071e-04,8.780872460680348365e-03,7.623742995543395743e-04,8.780872498679261409e-03,-1.838020318507454837e-04,1.102266972954915819e-04,-1.838020318507454837e-04,1.102266972954915819e-04,-1.838020318507454837e-04,1.102266972954915819e-04,-1.838020318507463510e-04,1.102266972954915684e-04
2.058635224403010216e+04,5.031732669109162522e-12,-3.935647149431123566e-13,-1.000010498096124190e+00,-2.807471991272958434e-07,-4.954515440767750088e-09,4.549938425743122540e-10,-4.954515353602659980e-09,4.549946877882562541e-10,-4.954515416955059902e-09,4.549940710087219749e-10,-4.954515440767908906e-09,4.549938425747357705e-10,-1.296323259311084252e-10,-1.424307868277779607e-10,-1.296323259311084252e-10,-1.424307868277779607e-10,-1.296323259311084252e-10,-1.424307868277779607e-10,-1.296323259311613647e-10,-1.424307868276720815e-10,-3.963980451939855051e-07,-5.989518285377604052e-06,-4.913149067717152430e-01,1.248093018340389726e+01,7.612069917793278830e-04,8.531593256738271777e-03,7.612084468214079785e-04,8.531593113500929651e-03,7.612073850437771003e-04,8.531593217689776437e-03,7.612069917793260398e-04,8.531593256738266573e-03,-1.778943212604377686e-04,9.250196937068501434e-05,-1.778943212604377686e-04,9.250196937068501434e-05,-1.778943212604377686e-04,9.250196937068501434e-05,-1.778943212604377686e-04,9.250196937068501434e-05
2.118763721955146320e+04,5.649090989715973522e-12,-4.353318920161405855e-13,-1.000011124925408001e+00,-3.154499814417288661e-07,-4.954297891774998955e-09,4.673497844410991008e-10,-4.954297804754327965e-09,4.673506052689645494e-10,-4.954297884024647488e-09,4.673498567647955439e-10,-4.954297891775157774e-09,4.673497844408873426e-10,-1.212867439345686012e-10,-1.414307141580938945e-10,-1.212867439345686012e-10,-1.414307141580938945e-10,-1.212867439344891919e-10,-1.414307141581468341e-10,-1.212867439345421315e-10,-1.414307141580938945e-10,-4.270606869176954673e-07,-6.533351304628182881e-06,-5.225398559873858373e-01,1.285076275560491865e+01,7.601054832677702714e-04,8.289462312872723435e-03,7.601068563540625076e-04,8.289462173891053512e-03,7.601056042549050786e-04,8.289462300520532984e-03,7.601054832677718977e-04,8.289462312872726904e-03,-1.722859035492090257e-04,7.317960614697702443e-05,-1.722859035492090257e-04,7.317960614697702443e-05,-1.722859035492101099e-04,7.317960614697528970e-05,-1.722859035492102996e-04,7.317960614697702443e-05
2.180648449156430797e+04,6.342608462534331724e-12,-4.817111464602827509e-13,-1.000011789594753120e+00,-3.536518100588637026e-07,-4.954125463577726728e-09,4.800902857540000177e-10,-4.954125376703221861e-09,4.800910828829423933e-10,-4.954125458015420182e-09,4.800903362449987288e-10,-4.954125463577832607e-09,4.800902857540000177e-10,-1.112632915186124708e-10,-1.404945533311469036e-10,-1.112632915186389405e-10,-1.404945533310410245e-10,-1.112632915186389405e-10,-1.404945533310410245e-10,-1.112632915186389405e-10,-1.404945533310939640e-10,-4.602717668807647426e-07,-7.127038558881862111e-06,-5.557240209186632418e-01,1.323201646339438575e+01,7.590738055523201357e-04,8.054274570844493358e-03,7.590751012782163964e-04,8.054274435993413403e-03,7.590738876277397301e-04,8.054274562228468798e-03,7.590738055523193768e-04,8.054274570844484685e-03,-1.670028207548033660e-04,5.213777138017656391e-05,-1.670028207548042334e-04,5.213777138017569655e-05,-1.670028207548051008e-04,5.213777138017482919e-05,-1.670028207548055344e-04,5.213777138017656391e-05
2.244340701860012996e+04,7.121765005821879508e-12,-5.332425369602049831e-13,-1.000012494442204858e+00,-3.956826422207848637e-07,-4.953998692133966139e-09,4.932317361914274618e-10,-4.953998605407321461e-09,4.932325102886969686e-10,-4.953998678134629103e-09,4.932318598006395205e-10,-4.953998692134019079e-09,4.932317361910039453e-10,-9.935902365623894851e-11,-1.396538035876862168e-10,-9.935902365623894851e-11,-1.396538035876862168e-10,-9.935902365623894851e-11,-1.396538035876862168e-10,-9.935902365621247873e-11,-1.396538035876862168e-10,-4.962679835518265317e-07,-7.775229912415688817e-06,-5.909845101050532623e-01,1.362508913759642404e+01,7.581159192360635308e-04,7.825830380249608476e-03,7.581171419396519730e-04,7.825830249407580291e-03,7.581161144878143876e-04,7.825830359174021020e-03,7.581159192360627718e-04,7.825830380249613680e-03,-1.620723810385956169e-04,2.924253124441944247e-05,-1.620723810385956169e-04,2.924253124441944247e-05,-1.620723810385956169e-04,2.924253124441944247e-05,-1.620723810385936924e-04,2.924253124441770775e-05
2.309893274165329422e+04,7.997236686100311516e-12,-5.905356236361757917e-13,-1.000013241956776877e+00,-4.419022601731548150e-07,-4.953917677798116136e-09,5.067916297133059071e-10,-4.953917591221131591e-09,5.067923814304826398e-10,-4.953917669492693390e-09,5.067917010468208348e-10,-4.953917677798063196e-09,5.067916297137294235e-10,-8.534646812893287270e-11,-1.389438979612569815e-10,-8.534646812893287270e-11,-1.389438979612569815e-10,-8.534646812893287270e-11,-1.389438979612569815e-10,-8.534646812893287270e-11,-1.389438979612569815e-10,-5.353124828507021327e-07,-8.483021129988621090e-06,-6.284448690633231971e-01,1.403039624840330291e+01,7.572362218475224473e-04,7.603935319836308514e-03,7.572373756239720449e-04,7.603935192885018755e-03,7.572363313389930250e-04,7.603935307683930452e-03,7.572362218475220137e-04,7.603935319836309381e-03,-1.575233988567011556e-04,4.346554696663577478e-06,-1.575233988567011556e-04,4.346554696663577478e-06,-1.575233988566998545e-04,4.346554696666179563e-06,-1.575233988567000714e-04,4.346554696664443993e-06
2.377360502178793104e+04,8.981049586680210446e-12,-6.542796743080070025e-13,-1.000014034788953232e+00,-4.927028718487713732e-07,-4.953882108580413674e-09,5.207878317827047788e-10,-4.953882022154836269e-09,5.207885617495577337e-10,-4.953882090972822162e-09,5.207879788913636514e-10,-4.953882108580519553e-09,5.207878317824930206e-10,-6.897040349896338662e-11,-1.384047753591706417e-10,-6.897040349896338662e-11,-1.384047753592235812e-10,-6.897040349898985640e-11,-1.384047753592235812e-10,-6.897040349904279596e-11,-1.384047753591706417e-10,-5.776985235016598494e-07,-9.255998404926729973e-06,-6.682354081815975455e-01,1.444837196451191019e+01,7.564383323972134971e-04,7.388400156864253186e-03,7.564394211123778508e-04,7.388400033688796373e-03,7.564385518137599525e-04,7.388400131823238785e-03,7.564383323972140392e-04,7.388400156864248849e-03,-1.533865370007613069e-04,-2.271233775969995803e-05,-1.533865370007619574e-04,-2.271233775970082539e-05,-1.533865370007604396e-04,-2.271233775969995803e-05,-1.533865370007610901e-04,-2.271233775970082539e-05
2.446798309052643890e+04,1.008675399774250889e-11,-7.252555946232435891e-13,-1.000014875762010869e+00,-5.485119312365061006e-07,-4.953891089929204339e-09,5.352396042640579287e-10,-4.953891003656251683e-09,5.352403130934154431e-10,-4.953891077556647018e-09,5.352397048153390973e-10,-4.953891089929098460e-09,5.352396042640579287e-10,-4.994424473078013572e-11,-1.380814829199798008e-10,-4.994424473080660550e-11,-1.380814829200327403e-10,-4.994424473083307528e-11,-1.380814829200856799e-10,-4.994424473080660550e-11,-1.380814829200856799e-10,-6.237537341150527526e-07,-1.010028758726197423e-05,-7.104935463632638948e-01,1.487947029700277568e+01,7.557266210141739713e-04,7.179040526938476607e-03,7.557276483173960618e-04,7.179040407427014249e-03,7.557267667491415764e-04,7.179040509836179598e-03,7.557266210141745134e-04,7.179040526938475740e-03,-1.496946276708008804e-04,-5.211272685922629596e-05,-1.496946276708004467e-04,-5.211272685922672965e-05,-1.496946276708013140e-04,-5.211272685922672965e-05,-1.496946276708006635e-04,-5.211272685922629596e-05
2.518264251339290422e+04,1.132962170757681862e-11,-8.043499080712603093e-13,-1.000015767884234963e+00,-6.097951951167246420e-07,-4.953943173072664764e-09,5.501666984778819553e-10,-4.953943086953660346e-09,5.501673867647846746e-10,-4.953943155802298244e-09,5.501668350068875585e-10,-4.953943173072611824e-09,5.501666984776701970e-10,-2.794591351115450554e-11,-1.380249702279919844e-10,-2.794591351115450554e-11,-1.380249702279919844e-10,-2.794591351115450554e-11,-1.380249702279919844e-10,-2.794591351118097532e-11,-1.380249702279390448e-10,-6.738450649598447164e-07,-1.102260864522794594e-05,-7.553641705700596676e-01,1.532416633649555493e+01,7.551047641595042687e-04,6.975676924142304447e-03,7.551057334957534490e-04,6.975676808186171730e-03,7.551049564466558563e-04,6.975676900938631089e-03,7.551047641595038350e-04,6.975676924142303580e-03,-1.464831322052171378e-04,-8.405133667374362441e-05,-1.464831322052171378e-04,-8.405133667374362441e-05,-1.464831322052171378e-04,-8.405133667374362441e-05,-1.464831322052171378e-04,-8.405133667374232336e-05
2.591817566699566305e+04,1.272686957242799581e-11,-8.925711779602580508e-13,-1.000016714362109704e+00,-6.770600360361811454e-07,-4.954036175139180177e-09,5.655902405520116840e-10,-4.954036089175500426e-09,5.655909088758301443e-10,-4.954036163702488383e-09,5.655903284988073227e-10,-4.954036175139286056e-09,5.655902405522234423e-10,-2.613194754794011281e-12,-1.382929501649241542e-10,-2.613194754794011281e-12,-1.382929501649241542e-10,-2.613194754794011281e-12,-1.382929501649241542e-10,-2.613194754820481061e-12,-1.382929501649241542e-10,-7.283845583645856173e-07,-1.203033595963339211e-05,-8.030000111412236574e-01,1.578295759302623580e+01,7.545769851603852021e-04,6.778134404913972039e-03,7.545778997816657155e-04,6.778134292407434099e-03,7.545771055243377309e-04,6.778134389978206741e-03,7.545769851603860694e-04,6.778134404913970304e-03,-1.437905944140767747e-04,-1.187449120186967022e-04,-1.437905944140767747e-04,-1.187449120186967022e-04,-1.437905944140767747e-04,-1.187449120186967022e-04,-1.437905944140772355e-04,-1.187449120186975695e-04
2.667519223004447485e+04,1.429791300009292426e-11,-9.910693469529248802e-13,-1.000017718614579998e+00,-7.508590286198213448e-07,-4.954167158496993212e-09,5.815320900872160225e-10,-4.954167072689326342e-09,5.815327390082625182e-10,-4.954167142420943148e-09,5.815322103356131047e-10,-4.954167158497046152e-09,5.815320900870042642e-10,2.646155064368590424e-11,-1.389509823885502377e-10,2.646155064368590424e-11,-1.389509823884972982e-10,2.646155064368590424e-11,-1.389509823885502377e-10,2.646155064371237402e-11,-1.389509823885502377e-10,-7.878360826942321419e-07,-1.313156512560255234e-05,-8.535620325760640004e-01,1.625636544911727555e+01,7.541470588833097287e-04,6.586242535263454184e-03,7.541479218594646745e-04,6.586242426103735594e-03,7.541472188056003081e-04,6.586242514856644262e-03,7.541470588833079939e-04,6.586242535263448113e-03,-1.416592300529194025e-04,-1.564323095012391948e-04,-1.416592300529194025e-04,-1.564323095012396284e-04,-1.416592300529194025e-04,-1.564323095012391948e-04,-1.416592300529191857e-04,-1.564323095012374600e-04
2.745431968870929268e+04,1.606465351058251761e-11,-1.101158565424927714e-12,-1.000018784288476903e+00,-8.317938319651885237e-07,-4.954332243989844725e-09,5.980154969340515248e-10,-4.954332158339037769e-09,5.980161269997210982e-10,-4.954332224031366207e-09,5.980156421453565956e-10,-4.954332243989791785e-09,5.980154969336280084e-10,5.973735314229042861e-11,-1.400736937470888950e-10,5.973735314229042861e-11,-1.400736937470888950e-10,5.973735314229042861e-11,-1.400736937470888950e-10,5.973735314234336817e-11,-1.400736937470888950e-10,-8.527232038904777969e-07,-1.433518702160178368e-05,-9.072198391113709404e-01,1.674493673764034796e+01,7.538191523125345201e-04,6.399835129721320043e-03,7.538199665414260786e-04,6.399835023808451290e-03,7.538193399791306504e-04,6.399835105094996493e-03,7.538191523125336527e-04,6.399835129721320043e-03,-1.401355490922240809e-04,-1.973767752181654876e-04,-1.401355490922242977e-04,-1.973767752181654876e-04,-1.401355490922240809e-04,-1.973767752181654876e-04,-1.401355490922234575e-04,-1.973767752181646202e-04
2.825620385673951751e+04,1.805180514545271193e-11,-1.224344202855909336e-12,-1.000019915275230709e+00,-9.205193874650685615e-07,-4.954526508477115634e-09,6.150648773745704756e-10,-4.954526422983803867e-09,6.150654891155292681e-10,-4.954526491347991859e-09,6.150649985949378649e-10,-4.954526508477115634e-09,6.150648773743587174e-10,9.773141293674977945e-11,-1.417462582021987689e-10,9.773141293674977945e-11,-1.417462582021458293e-10,9.773141293674977945e-11,-1.417462582021987689e-10,9.773141293672330967e-11,-1.417462582021987689e-10,-9.236383999947531574e-07,-1.565097000274528224e-05,-9.641520940656079786e-01,1.724924545731112957e+01,7.535974185872400125e-04,6.218750128507085501e-03,7.535981868043628486e-04,6.218750025743809313e-03,7.535975708232784580e-04,6.218750107962859458e-03,7.535974185872374104e-04,6.218750128507089837e-03,-1.392711087056285935e-04,-2.418684686000296654e-04,-1.392711087056277262e-04,-2.418684686000296654e-04,-1.392711087056281599e-04,-2.418684686000292317e-04,-1.392711087056279430e-04,-2.418684686000296654e-04
2.908150941077487369e+04,2.028726520050677728e-11,-1.362354887313939434e-12,-1.000021115728989551e+00,-1.017748454790190493e-06,-4.954743836471559290e-09,6.327058162297388624e-10,-4.954743751136166228e-09,6.327064101614064223e-10,-4.954743816921774170e-09,6.327059507984984674e-10,-4.954743836471612230e-09,6.327058162295271041e-10,1.410267801295894289e-10,-1.440661312871213917e-10,1.410267801295894289e-10,-1.440661312871213917e-10,1.410267801295894289e-10,-1.440661312871213917e-10,1.410267801295894289e-10,-1.440661312871213917e-10,-1.001253867700933417e-06,-1.708965118557862631e-05,-1.024546951465117983e+00,1.776989464006594943e+01,7.534859272764736233e-04,6.042829435437315107e-03,7.534866520640273822e-04,6.042829335729032678e-03,7.534860915039423785e-04,6.042829412644760805e-03,7.534859272764738401e-04,6.042829435437319444e-03,-1.391233663034124369e-04,-2.902272408221229292e-04,-1.391233663034126538e-04,-2.902272408221224956e-04,-1.391233663034124369e-04,-2.902272408221229292e-04,-1.391233663034121117e-04,-2.902272408221237966e-04
2.993092044129160422e+04,2.280253557017041124e-11,-1.517180590889089569e-12,-1.000022390086286350e+00,-1.124256509027476980e-06,-4.954976699298753880e-09,6.509654224486321932e-10,-4.954976614121173644e-09,6.509659990717108716e-10,-4.954976679072930589e-09,6.509655578605072181e-10,-4.954976699298806820e-09,6.509654224489498306e-10,1.902810609012096122e-10,-1.471450796399215138e-10,1.902810609011963774e-10,-1.471450796399215138e-10,1.902810609012096122e-10,-1.471450796398685742e-10,1.902810609011831425e-10,-1.471450796398685742e-10,-1.086334211023245327e-06,-1.866303791876800010e-05,-1.088602498064078050e+00,1.830751838610930449e+01,7.534890218214053415e-04,5.871918695535524417e-03,7.534897056168654832e-04,5.871918598790213870e-03,7.534891824111306698e-04,5.871918672613311678e-03,7.534890218214046909e-04,5.871918695535528754e-03,-1.397566445271921102e-04,-3.428056983945672299e-04,-1.397566445271918934e-04,-3.428056983945672299e-04,-1.397566445271938450e-04,-3.428056983945698319e-04,-1.397566445271929776e-04,-3.428056983945689646e-04
3.080514101964068323e+04,2.563320193148351169e-11,-1.691118013943740191e-12,-1.000023743087410821e+00,-1.240887020026448795e-06,-4.955215960049978636e-09,6.698722452914548719e-10,-4.955215875030317105e-09,6.698728050920357014e-10,-4.955215941686886675e-09,6.698723648629667502e-10,-4.955215960050084516e-09,6.698722452915607510e-10,2.462363040619550071e-10,-1.511115966125448464e-10,2.462363040619550071e-10,-1.511115966124389673e-10,2.462363040619550071e-10,-1.511115966124389673e-10,2.462363040619814768e-10,-1.511115966125448464e-10,-1.179751368657514088e-06,-2.038412067674314800e-05,-1.156527203003746118e+00,1.886278408415525476e+01,7.536111076101778810e-04,5.705867136947004835e-03,7.536117527143686504e-04,5.705867043075115407e-03,7.536112454116658749e-04,5.705867116716659658e-03,7.536111076101793989e-04,5.705867136947005702e-03,-1.412432570688317869e-04,-3.999925962696075838e-04,-1.412432570688320038e-04,-3.999925962696075838e-04,-1.412432570688317869e-04,-3.999925962696075838e-04,-1.412432570688329796e-04,-3.999925962696088307e-04
3.170489578164803243e+04,2.881947908778239714e-11,-1.886824782303952465e-12,-1.000025179799658881e+00,-1.368557138531345529e-06,-4.955450618613597065e-09,6.894563838446534095e-10,-4.955450533751113085e-09,6.894569272959101701e-10,-4.955450598926010272e-09,6.894565085227151685e-10,-4.955450618613544125e-09,6.894563838445475303e-10,3.097302230842790600e-10,-1.561137440012404420e-10,3.097302230842790600e-10,-1.561137440012404420e-10,3.097302230842790600e-10,-1.561137440012404420e-10,3.097302230842525902e-10,-1.561137440012933816e-10,-1.282502197475944880e-06,-2.226719877954300904e-05,-1.228540371908332984e+00,1.943639483632936660e+01,7.538566855741406572e-04,5.544527375223651244e-03,7.538572941588649393e-04,5.544527284138057316e-03,7.538568252051831712e-04,5.544527354139162055e-03,7.538566855741398983e-04,5.544527375223652979e-03,-1.436647934013638665e-04,-4.622165910072319173e-04,-1.436647934013638665e-04,-4.622165910072319173e-04,-1.436647934013639749e-04,-4.622165910072336520e-04,-1.436647934013639749e-04,-4.622165910072327847e-04
3.263093052826050916e+04,3.240683205547272339e-11,-2.107384317582136209e-12,-1.000026705642660607e+00,-1.508263809790744148e-06,-4.955667501842157425e-09,7.097496795347764346e-10,-4.955667417136109842e-09,7.097502070950598301e-10,-4.955667477362005276e-09,7.097498303025117603e-10,-4.955667501842104485e-09,7.097496795346705555e-10,3.817089441985542925e-10,-1.623225048479172673e-10,3.817089441985542925e-10,-1.623225048479172673e-10,3.817089441985542925e-10,-1.623225048479172673e-10,3.817089441984881180e-10,-1.623225048478113882e-10,-1.395729221261784477e-06,-2.432802052929156916e-05,-1.304872601016809019e+00,2.002909210934772588e+01,7.542304660998667585e-04,5.387755195932964446e-03,7.542310402151127706e-04,5.387755107548870999e-03,7.542306301848856597e-04,5.387755170446734999e-03,7.542304660998667585e-04,5.387755195932960976e-03,-1.471135935589525437e-04,-5.299503999445664580e-04,-1.471135935589525437e-04,-5.299503999445664580e-04,-1.471135935589525437e-04,-5.299503999445664580e-04,-1.471135935589518932e-04,-5.299503999445660243e-04
3.358401284373552335e+04,3.644668394871861424e-11,-2.356383649646991171e-12,-1.000028326415998148e+00,-1.661090336863013661e-06,-4.955850902624454123e-09,7.307859020501949129e-10,-4.955850818073731207e-09,7.307864141657854272e-10,-4.955850886891558281e-09,7.307859962791162840e-10,-4.955850902624507062e-09,7.307859020501949129e-10,4.632414984903075017e-10,-1.699357476337466920e-10,4.632414984902942668e-10,-1.699357476337996316e-10,4.632414984903075017e-10,-1.699357476337466920e-10,4.632414984903075017e-10,-1.699357476337466920e-10,-1.520745148374884485e-06,-2.658393957082721734e-05,-1.385766226216234465e+00,2.064165863605116868e+01,7.547374522331802733e-04,5.235409327860047167e-03,7.547379938138985877e-04,5.235409242094894375e-03,7.547375518913385182e-04,5.235409311936813949e-03,7.547374522331795144e-04,5.235409327860044565e-03,-1.516944476173089020e-04,-6.037154171021619480e-04,-1.516944476173090104e-04,-6.037154171021610807e-04,-1.516944476173089020e-04,-6.037154171021619480e-04,-1.516944476173087935e-04,-6.037154171021619480e-04
3.456493273188669264e+04,4.099722342370943308e-11,-2.638006957965883232e-12,-1.000030048329362264e+00,-1.828213411603218930e-06,-4.955982227047918425e-09,7.526004977740108776e-10,-4.955982142650720231e-09,7.526009948775305887e-10,-4.955982205994649823e-09,7.526006203909238386e-10,-4.955982227047971364e-09,7.526004977742226359e-10,5.555363110054639140e-10,-1.791829385111717416e-10,5.555363110054639140e-10,-1.791829385111717416e-10,5.555363110054639140e-10,-1.791829385111717416e-10,5.555363110054506791e-10,-1.791829385111188021e-10,-1.659061893573543445e-06,-2.905408952998698378e-05,-1.471475760200543714e+00,2.127492159405555938e+01,7.553825542582008308e-04,5.087351272689361915e-03,7.553830651307340185e-04,5.087351189462824275e-03,7.553826802818906869e-04,5.087351251974523217e-03,7.553825542582008308e-04,5.087351272689357579e-03,-1.575265717729426411e-04,-6.840868447047935078e-04,-1.575265717729424243e-04,-6.840868447047935078e-04,-1.575265717729426411e-04,-6.840868447047935078e-04,-1.575265717729418822e-04,-6.840868447047935078e-04
3.557450327091295912e+04,4.612432643657405691e-11,-2.957148254118353319e-12,-1.000031878035529731e+00,-2.010910630900752949e-06,-4.956039434080500495e-09,7.752312430299482758e-10,-4.956039349834735910e-09,7.752317255412078881e-10,-4.956039407046385192e-09,7.752313961268124482e-10,-4.956039434080447555e-09,7.752312430300541550e-10,6.599599594809558408e-10,-1.903306777178734510e-10,6.599599594809690757e-10,-1.903306777178734510e-10,6.599599594809558408e-10,-1.903306777178734510e-10,6.599599594809426059e-10,-1.903306777177675718e-10,-1.812424976761971328e-06,-3.175957926934687783e-05,-1.562268309830698643e+00,2.192975609139218207e+01,7.561711661030302368e-04,4.943444976086112941e-03,7.561716479911482960e-04,4.943444895319976107e-03,7.561713190157218602e-04,4.943444950226843354e-03,7.561711661030313210e-04,4.943444976086119012e-03,-1.647458587196031518e-04,-7.716993931456293723e-04,-1.647458587196026639e-04,-7.716993931456289386e-04,-1.647458587196031518e-04,-7.716993931456293723e-04,-1.647458587196025555e-04,-7.716993931456298059e-04
3.661356128735385573e+04,5.190260938394197868e-11,-3.319547418622638673e-12,-1.000033822666459127e+00,-2.210568509353194599e-06,-4.955996516971041671e-09,7.987180667429823284e-10,-4.955996420631261255e-09,7.987186024821099834e-10,-4.955996500252781814e-09,7.987181587964054536e-10,-4.955996516971068140e-09,7.987180667429823284e-10,7.780585506850048631e-10,-2.036893096589432736e-10,7.780585506849916282e-10,-2.036893096588903340e-10,7.780585506850048631e-10,-2.036893096589432736e-10,7.780585506849916282e-10,-2.036893096589432736e-10,-1.982854369555176380e-06,-3.472371142411316195e-05,-1.658423963635236476e+00,2.260708899240215430e+01,7.571088379636340716e-04,4.803556611644211466e-03,7.571093579262934805e-04,4.803556521877032533e-03,7.571089273135151896e-04,4.803556596097233698e-03,7.571088379636343969e-04,4.803556611644213201e-03,-1.735075153694158622e-04,-8.672536348791936092e-04,-1.735075153694156454e-04,-8.672536348791923082e-04,-1.735075153694158622e-04,-8.672536348791936092e-04,-1.735075153694158080e-04,-8.672536348791936092e-04
3.768296804972967948e+04,5.841663340639053125e-11,-3.731954754185154622e-12,-1.000035889872866068e+00,-2.428690994982218854e-06,-4.955822828920362983e-09,8.231032505556378794e-10,-4.955822744969418803e-09,8.231037050955402327e-10,-4.955822822112044502e-09,8.231032870016656547e-10,-4.955822828920257104e-09,8.231032505554261212e-10,9.115820814741347315e-10,-2.196207539085395919e-10,9.115820814741347315e-10,-2.196207539085395919e-10,9.115820814741347315e-10,-2.196207539085395919e-10,9.115820814741082617e-10,-2.196207539084337128e-10,-2.172693061033074196e-06,-3.797222725971585581e-05,-1.760236137393501599e+00,2.330790312105794726e+01,7.582013530403642091e-04,4.667554282503317588e-03,7.582017817488616220e-04,4.667554206431456104e-03,7.582013874183939290e-04,4.667554276347973992e-03,7.582013530403637755e-04,4.667554282503316720e-03,-1.839891088098974154e-04,-9.715230832957089417e-04,-1.839891088098974154e-04,-9.715230832957089417e-04,-1.839891088098975238e-04,-9.715230832957089417e-04,-1.839891088098966022e-04,-9.715230832957085080e-04
3.878360998244141956e+04,6.576228279087865390e-11,-4.202330454283336884e-12,-1.000038087867664460e+00,-2.666908486964603142e-06,-4.955482339408307384e-09,8.484313558907234621e-10,-4.955482255599823558e-09,8.484317970269646998e-10,-4.955482328040357608e-09,8.484314150481397731e-10,-4.955482339408307384e-09,8.484313558907234621e-10,1.062512227363036397e-09,-2.385478273208271564e-10,1.062512227363036397e-09,-2.385478273208271564e-10,1.062512227363023162e-09,-2.385478273208271564e-10,1.062512227363009927e-09,-2.385478273207742168e-10,-2.384664902200737241e-06,-4.153358132009719948e-05,-1.868011863034520159e+00,2.403324188320731025e+01,7.594545390832552591e-04,4.535307740497689782e-03,7.594549434186695846e-04,4.535307666663683165e-03,7.594545933115250287e-04,4.535307730505518629e-03,7.594545390832540665e-04,4.535307740497690650e-03,-1.963941130295162381e-04,-1.085362091762257170e-03,-1.963941130295166176e-04,-1.085362091762256736e-03,-1.963941130295163465e-04,-1.085362091762257170e-03,-1.963941130295164550e-04,-1.085362091762257820e-03
3.991639940052227757e+04,7.404834410802150911e-11,-4.740086871476275682e-12,-1.000040425473721406e+00,-2.926987343360165639e-06,-4.954932647879168040e-09,8.747497305838657872e-10,-4.954932564208777054e-09,8.747501586892462853e-10,-4.954932629874053378e-09,8.747498216603422869e-10,-4.954932647879088631e-09,8.747497305837599081e-10,1.233094059617267894e-09,-2.609653287903805579e-10,1.233094059617254660e-09,-2.609653287903805579e-10,1.233094059617267894e-09,-2.609653287903805579e-10,1.233094059617281129e-09,-2.609653287903805579e-10,-2.621943604326153460e-06,-4.543924983411145723e-05,-1.982072002953355838e+00,2.478421435413400786e+01,7.608746258302516961e-04,4.406687978923011506e-03,7.608750071599892310e-04,4.406687907256536668e-03,7.608747069643994904e-04,4.406687963536203359e-03,7.608746258302534309e-04,4.406687978923014108e-03,-2.109560283727001219e-04,-1.209714673497826057e-03,-2.109560283726998509e-04,-1.209714673497825623e-03,-2.109560283727001219e-04,-1.209714673497826057e-03,-2.109560283727005556e-04,-1.209714673497826925e-03
4.108227526584971201e+04,8.339831704802142308e-11,-5.356383344771471479e-12,-1.000042912176429155e+00,-3.210839854411728922e-06,-4.954123940181771311e-09,9.021083860245571173e-10,-4.954123856644655666e-09,9.021088014603364277e-10,-4.954123927191647562e-09,9.021084498873473294e-10,-4.954123940181744841e-09,9.021083860243453591e-10,1.425872279010404110e-09,-2.874532853454781120e-10,1.425872279010404110e-09,-2.874532853455310515e-10,1.425872279010404110e-09,-2.874532853454781120e-10,1.425872279010390875e-09,-2.874532853454251724e-10,-2.888235165057967247e-06,-4.972407741919193430e-05,-2.102751368013404676e+00,2.556200088331942055e+01,7.624679999139306972e-04,4.281566888510617182e-03,7.624683595282915564e-04,4.281566818943175964e-03,7.624680552021712628e-04,4.281566877717632620e-03,7.624679999139315646e-04,4.281566888510620651e-03,-2.279432044622583045e-04,-1.345624362881568670e-03,-2.279432044622578708e-04,-1.345624362881567802e-03,-2.279432044622583045e-04,-1.345624362881568670e-03,-2.279432044622589008e-04,-1.345624362881568670e-03
4.228220396544493997e+04,9.395249298103546978e-11,-6.064485717677099382e-12,-1.000045558181658079e+00,-3.520534636536343243e-06,-4.952997751402736051e-09,9.305598738252994105e-10,-4.952997667993601790e-09,9.305602769420432942e-10,-4.952997732960102402e-09,9.305599619380076277e-10,-4.952997751402762521e-09,9.305598738250876522e-10,1.643732634868775159e-09,-3.186927857275468745e-10,1.643732634868761925e-09,-3.186927857275468745e-10,1.643732634868761925e-09,-3.186927857275468745e-10,1.643732634868761925e-09,-3.186927857275468745e-10,-3.187876507611144876e-06,-5.442666727447046396e-05,-2.230398712978335141e+00,2.636785927447546385e+01,7.642410016136482647e-04,4.159816865832036484e-03,7.642413407301070286e-04,4.159816798296944382e-03,7.642410757464501584e-04,4.159816850933564271e-03,7.642410016136470721e-04,4.159816865832035616e-03,-2.476644837489426834e-04,-1.494245247434556516e-03,-2.476644837489426292e-04,-1.494245247434555649e-03,-2.476644837489421955e-04,-1.494245247434556082e-03,-2.476644837489423039e-04,-1.494245247434556082e-03
4.351718011250491691e+04,1.058703432258030038e-10,-6.880205546490379773e-12,-1.000048374479738822e+00,-3.858307383919346023e-06,-4.951485398813884225e-09,9.601596578219576117e-10,-4.951485315526616830e-09,9.601600489591145224e-10,-4.951485379004589386e-09,9.601597497822071127e-10,-4.951485398813857756e-09,9.601596578216399744e-10,1.889949303157736612e-09,-3.554849036748751968e-10,1.889949303157736612e-09,-3.554849036749546062e-10,1.889949303157736612e-09,-3.554849036748751968e-10,1.889949303157723377e-09,-3.554849036748222573e-10,-3.525953682111219774e-06,-5.958982082078931661e-05,-2.365376577621735699e+00,2.720313160582383460e+01,7.662001663680949488e-04,4.041310287338666096e-03,7.662004861353053807e-04,4.041310221770992410e-03,7.662002415583310392e-04,4.041310271779772513e-03,7.662001663680957078e-04,4.041310287338669566e-03,-2.704757984094351923e-04,-1.656854318035785130e-03,-2.704757984094350296e-04,-1.656854318035785997e-03,-2.704757984094351923e-04,-1.656854318035785130e-03,-2.704757984094353007e-04,-1.656854318035785780e-03
4.478822737083084212e+04,1.193332659730764615e-10,-7.822437731749777074e-12,-1.000051372916201942e+00,-4.226571881787988261e-06,-4.949506259110193636e-09,9.909657996495180391e-10,-4.949506175937910963e-09,9.909661791357367603e-10,-4.949506243727678267e-09,9.909658690245869137e-10,-4.949506259110087757e-09,9.909657996493062809e-10,2.168239125282681200e-09,-3.987734269472742708e-10,2.168239125282687817e-09,-3.987734269472742708e-10,2.168239125282681200e-09,-3.987734269472742708e-10,2.168239125282694435e-09,-3.987734269471419219e-10,-3.908443753618904454e-06,-6.526103360858387663e-05,-2.508060935095682176e+00,2.806925176341033890e+01,7.683518939807349422e-04,3.925919024957953175e-03,7.683521954823160222e-04,3.925918961294470703e-03,7.683519491067219423e-04,3.925919013210881978e-03,7.683518939807354843e-04,3.925919024957955777e-03,-2.967879406388020547e-04,-1.834865308847784997e-03,-2.967879406388022716e-04,-1.834865308847784130e-03,-2.967879406388020547e-04,-1.834865308847784997e-03,-2.967879406388028137e-04,-1.834865308847784997e-03
4.609639930333651137e+04,1.345477490099655387e-10,-8.913819859533752134e-12,-1.000054566270104139e+00,-4.627931149886466144e-06,-4.946965680788282152e-09,1.023038799835213468e-09,-4.946965597723757952e-09,1.023039167988660750e-09,-4.946965663775493058e-09,1.023038874365748376e-09,-4.946965680788282152e-09,1.023038799835213468e-09,2.482823737114768409e-09,-4.496721498347107248e-10,2.482823737114761791e-09,-4.496721498347107248e-10,2.482823737114761791e-09,-4.496721498347107248e-10,2.482823737114821348e-09,-4.496721498348166040e-10,-4.342385386724543784e-06,-7.149305532235909484e-05,-2.658840601202897780e+00,2.896775376891852005e+01,7.707023087575402137e-04,3.813513856083789941e-03,7.707025930156582343e-04,3.813513794262990593e-03,7.707023663121099393e-04,3.813513843451410423e-03,7.707023087575401053e-04,3.813513856083791242e-03,-3.270756996774515780e-04,-2.029844212978614178e-03,-3.270756996774516864e-04,-2.029844212978614178e-03,-3.270756996774519033e-04,-2.029844212978614178e-03,-3.270756996774521743e-04,-2.029844212978614611e-03
4.744278024533983989e+04,1.517490150141649247e-10,-1.018154232997659804e-11,-1.000057968340881454e+00,-5.065188538488918368e-06,-4.943752494920181272e-09,1.056441403526540359e-09,-4.943752411955236383e-09,1.056441760654795042e-09,-4.943752492690155280e-09,1.056441413014685797e-09,-4.943752494920181272e-09,1.056441403526540359e-09,2.838500783463530781e-09,-5.094977216566369287e-10,2.838500783463530781e-09,-5.094977216566369287e-10,2.838500783463517546e-09,-5.094977216565045798e-10,2.838500783463497694e-09,-5.094977216564516403e-10,-4.836084254962440349e-06,-7.834452286343685358e-05,-2.818116348641646951e+00,2.990028099322102051e+01,7.732571425224498557e-04,3.703963781213583627e-03,7.732574105011702330e-04,3.703963721175601662e-03,7.732571496431267337e-04,3.703963779603519982e-03,7.732571425224496389e-04,3.703963781213584494e-03,-3.618886372641007981e-04,-2.243526687520531419e-03,-3.618886372641007981e-04,-2.243526687520531419e-03,-3.618886372641022075e-04,-2.243526687520532720e-03,-3.618886372641018281e-04,-2.243526687520533153e-03
4.882848620336147724e+04,1.712052275056227187e-10,-1.165834559562702223e-11,-1.000061594044799662e+00,-5.541358538169172121e-06,-4.939736091823862422e-09,1.091238148057821567e-09,-4.939736008949523588e-09,1.091238494457451061e-09,-4.939736091556649997e-09,1.091238149161717256e-09,-4.939736091823809483e-09,1.091238148057927446e-09,3.240725595236181735e-09,-5.798092569101928618e-10,3.240725595236181735e-09,-5.798092569101928618e-10,3.240725595236194970e-09,-5.798092569101928618e-10,3.240725595236175117e-09,-5.798092569102458014e-10,-5.399360767670345275e-06,-8.588067682052454997e-05,-2.986299658585948258e+00,3.086859635776786348e+01,7.760214851920985233e-04,3.597135266704370830e-03,7.760217378005568713e-04,3.597135208390986761e-03,7.760214859971688349e-04,3.597135266516801252e-03,7.760214851920994991e-04,3.597135266704369963e-03,-4.018638209038445457e-04,-2.477837586721256310e-03,-4.018638209038445457e-04,-2.477837586721256310e-03,-4.018638209038444373e-04,-2.477837586721256310e-03,-4.018638209038442204e-04,-2.477837586721254575e-03
5.025466578017541178e+04,1.932223488049566648e-10,-1.338375010320956403e-11,-1.000065459522220923e+00,-6.059676992825613340e-06,-4.934763032892325604e-09,1.127494340878271112e-09,-4.934762950099037235e-09,1.127494676835731372e-09,-4.934763025106875209e-09,1.127494372100276125e-09,-4.934763032892272665e-09,1.127494340878376991e-09,3.695704913607037405e-09,-6.624562385924219134e-10,3.695704913607037405e-09,-6.624562385924219134e-10,3.695704913607077110e-09,-6.624562385923954436e-10,3.695704913607063875e-09,-6.624562385922895645e-10,-6.043849365372415695e-06,-9.417417314131887849e-05,-3.163811028121808366e+00,3.187459363803017354e+01,7.789992243450802193e-04,3.492891433581606954e-03,7.789994624404735554e-04,3.492891376936251447e-03,7.789992464761267806e-04,3.492891428267463298e-03,7.789992243450806529e-04,3.492891433581607821e-03,-4.477409248296777573e-04,-2.734912888796955672e-03,-4.477409248296777573e-04,-2.734912888796955672e-03,-4.477409248296770525e-04,-2.734912888796955672e-03,-4.477409248296773236e-04,-2.734912888796956539e-03
5.172250112687845831e+04,2.181497570143423290e-10,-1.540557593018309387e-11,-1.000069582257070655e+00,-6.623610308370553312e-06,-4.928652904776836545e-09,1.165275310992715093e-09,-4.928652822054593065e-09,1.165275636784403557e-09,-4.928652902783635671e-09,1.165275318750213401e-09,-4.928652904776757136e-09,1.165275310992556275e-09,4.210504486109678416e-09,-7.596364597985654152e-10,4.210504486109665181e-09,-7.596364597985124757e-10,4.210504486109678416e-09,-7.596364597985654152e-10,4.210504486109665181e-09,-7.596364597983801268e-10,-6.783360639283725733e-06,-1.033060035793357921e-04,-3.351077735047783612e+00,3.292030999667826308e+01,7.821928323986294300e-04,3.391091035050155210e-03,7.821930567890189459e-04,3.391090980017868323e-03,7.821928377427246051e-04,3.391091033727282843e-03,7.821928323986293216e-04,3.391091035050152608e-03,-5.003801210450389315e-04,-3.017124313027719565e-03,-5.003801210450397989e-04,-3.017124313027720432e-03,-5.003801210450389315e-04,-3.017124313027719565e-03,-5.003801210450391484e-04,-3.017124313027720432e-03
5.323320892276772793e+04,2.463867473418528394e-10,-1.778182389065078960e-11,-1.000073981210085172e+00,-7.236863133169846307e-06,-4.921193597586303879e-09,1.204644471933772441e-09,-4.921193514924411496e-09,1.204644787825022180e-09,-4.921193595110611863e-09,1.204644481282739778e-09,-4.921193597586224470e-09,1.204644471933401864e-09,4.793172626807475161e-09,-8.739663746937534539e-10,4.793172626807475161e-09,-8.739663746937666888e-10,4.793172626807475161e-09,-8.739663746937534539e-10,4.793172626807475161e-09,-8.739663746937005143e-10,-7.634320218233965087e-06,-1.133665404497778922e-04,-3.548530941186272436e+00,3.400793988899864928e+01,7.856024880813102223e-04,3.291587416951837538e-03,7.856026995282706406e-04,3.291587363479325963e-03,7.856024943406043036e-04,3.291587415354135533e-03,7.856024880813107644e-04,3.291587416951837538e-03,-5.607833824833026535e-04,-3.327106954119450795e-03,-5.607833824833024366e-04,-3.327106954119450795e-03,-5.607833824833026535e-04,-3.327106954119450795e-03,-5.607833824833027619e-04,-3.327106954119452096e-03
5.478804138383825193e+04,2.783900646237925574e-10,-2.058300838088154237e-11,-1.000078676967636637e+00,-7.903383839463762328e-06,-4.912135584174719458e-09,1.245661355293817403e-09,-4.912135501561928516e-09,1.245661661540114730e-09,-4.912135572736783585e-09,1.245661397192196260e-09,-4.912135584174587109e-09,1.245661355293870342e-09,5.452882137291068603e-09,-1.008566584522263026e-09,5.452882137291068603e-09,-1.008566584522130677e-09,5.452882137291068603e-09,-1.008566584522157147e-09,5.452882137291068603e-09,-1.008566584522130677e-09,-8.616301567528812259e-06,-1.244567234831545457e-04,-3.756601990700016991e+00,3.513985049941612715e+01,7.892254444602152209e-04,3.194227235288237682e-03,7.892256436813241231e-04,3.194227183323853064e-03,7.892254717217527579e-04,3.194227228110710446e-03,7.892254444602166304e-04,3.194227235288236814e-03,-6.301198479861630074e-04,-3.667790293257951976e-03,-6.301198479861624653e-04,-3.667790293257950675e-03,-6.301198479861632243e-04,-3.667790293257952843e-03,-6.301198479861622485e-04,-3.667790293257951108e-03
5.638828730073681072e+04,3.146826391135673720e-10,-2.389505574553156401e-11,-1.000083691908188577e+00,-8.627366947427939081e-06,-4.901185252854721728e-09,1.288378538808059787e-09,-4.901185170279544343e-09,1.288378835653561949e-09,-4.901185238065923516e-09,1.288378591339719687e-09,-4.901185252854774667e-09,1.288378538807953908e-09,6.200093317286904401e-09,-1.167165992206866524e-09,6.200093317286930871e-09,-1.167165992206787114e-09,6.200093317286904401e-09,-1.167165992206866524e-09,6.200093317286930871e-09,-1.167165992206694470e-09,-9.752673861559250720e-06,-1.366894091028487165e-04,-3.975717729987462423e+00,3.631859888583496598e+01,7.930549652855164089e-04,3.098849053012454110e-03,7.930551529566750787e-04,3.098849002506232509e-03,7.930549985042272855e-04,3.098849043988506288e-03,7.930549652855147826e-04,3.098849053012454977e-03,-7.097561151683877108e-04,-4.042432974653415584e-03,-7.097561151683879277e-04,-4.042432974653416451e-03,-7.097561151683877108e-04,-4.042432974653415584e-03,-7.097561151683863014e-04,-4.042432974653415584e-03
5.803527310703221156e+04,3.558637270816860361e-10,-2.782291187387009280e-11,-1.000089050388708767e+00,-9.413251402051736605e-06,-4.887997113778547208e-09,1.332837324113974685e-09,-4.887997019018086193e-09,1.332837653837854788e-09,-4.887997093901569142e-09,1.332837392556936741e-09,-4.887997113778520738e-09,1.332837324113815866e-09,7.046741158192148180e-09,-1.354228946984992286e-09,7.046741158192161415e-09,-1.354228946985170957e-09,7.046741158192134945e-09,-1.354228946985005521e-09,7.046741158192174650e-09,-1.354228946985098165e-09,-1.107139108950148984e-05,-1.501909052965832460e-04,-4.206294639663686219e+00,3.754695102779550808e+01,7.970788801868180715e-04,3.005281780658571912e-03,7.970790827847142133e-04,3.005281724317159908e-03,7.970789222498017015e-04,3.005281768864884791e-03,7.970788801868179630e-04,3.005281780658571912e-03,-8.012924815446400987e-04,-4.454661762894880465e-03,-8.012924815446399902e-04,-4.454661762894877863e-03,-8.012924815446407492e-04,-4.454661762894879598e-03,-8.012924815446412913e-04,-4.454661762894878731e-03
5.973036397868757922e+04,4.026206921439251487e-10,-3.249504074803418515e-11,-1.000094778953707353e+00,-1.026571332773951184e-05,-4.872164604114755440e-09,1.379062196331611427e-09,-4.872164521579123906e-09,1.379062475063975757e-09,-4.872164583927789785e-09,1.379062263688703714e-09,-4.872164604114728970e-09,1.379062196331664367e-09,8.006450203992748143e-09,-1.575110747640368645e-09,8.006450203992721673e-09,-1.575110747640113873e-09,8.006450203992708438e-09,-1.575110747640219752e-09,8.006450203992695203e-09,-1.575110747639974907e-09,-1.260595477420521887e-05,-1.651027184111236192e-04,-4.448731525336781623e+00,3.882790299515637145e+01,8.012779263927395168e-04,2.913342884150904154e-03,8.012780928359241640e-04,2.913342836418153677e-03,8.012779666242550100e-04,2.913342872504044029e-03,8.012779263927400589e-04,2.913342884150903721e-03,-9.066063756470740071e-04,-4.908515116966086569e-03,-9.066063756470744408e-04,-4.908515116966087437e-03,-9.066063756470738987e-04,-4.908515116966086569e-03,-9.066063756470749829e-04,-4.908515116966087437e-03
6.147496496564592962e+04,4.557427031091369540e-10,-3.806904427073507207e-11,-1.000100906569916015e+00,-1.118965151353235044e-05,-4.853209451766545388e-09,1.427053093510859606e-09,-4.853209369233428483e-09,1.427053363509043700e-09,-4.853209430689030468e-09,1.427053161634013785e-09,-4.853209451766492448e-09,1.427053093510806667e-09,9.094780960504113681e-09,-1.836248225718295515e-09,9.094780960504113681e-09,-1.836248225718379474e-09,9.094780960504100446e-09,-1.836248225718273594e-09,9.094780960504073976e-09,-1.836248225718273594e-09,-1.439659047967626033e-05,-1.815835416488091375e-04,-4.703400460886098422e+00,4.016470447577657410e+01,8.056234514723023543e-04,2.822836438338487478e-03,8.056236081645833580e-04,2.822836391924741801e-03,8.056234910175252449e-04,2.822836426513570564e-03,8.056234514723036554e-04,2.822836438338489212e-03,-1.027904508457591409e-03,-5.408491821830020349e-03,-1.027904508457590542e-03,-5.408491821830018614e-03,-1.027904508457590975e-03,-5.408491821830020349e-03,-1.027904508457590758e-03,-5.408491821830020349e-03
6.327052215646706463e+04,5.161366702446176678e-10,-4.473869554076112629e-11,-1.000107464890044540e+00,-1.219016343795287227e-05,-4.830569338630560883e-09,1.476775205327375736e-09,-4.830569243818616146e-09,1.476775505190009256e-09,-4.830569321876196247e-09,1.476775257758119601e-09,-4.830569338630481474e-09,1.476775205327481615e-09,1.032951212176162522e-08,-2.145393783407243443e-09,1.032951212176158551e-08,-2.145393783407461818e-09,1.032951212176163845e-08,-2.145393783407266604e-09,1.032951212176159875e-08,-2.145393783407127637e-09,-1.649168795648771473e-05,-1.998115187735399290e-04,-4.970635613602578218e+00,4.156088492318858130e+01,8.100745646588522648e-04,2.733550973999211101e-03,8.100747337941398545e-04,2.733550922167964775e-03,8.100745942391703860e-04,2.733550964859149997e-03,8.100745646588529154e-04,2.733550973999211535e-03,-1.167785608781591287e-03,-5.959605104153486814e-03,-1.167785608781591721e-03,-5.959605104153487681e-03,-1.167785608781591721e-03,-5.959605104153489416e-03,-1.167785608781591504e-03,-5.959605104153487681e-03
6.511852387698107486e+04,5.848457947422899005e-10,-5.274275687062877005e-11,-1.000114488549522784e+00,-1.327250907212640385e-05,-4.803583768250721158e-09,1.528145391546924402e-09,-4.803583685691055064e-09,1.528145644662504394e-09,-4.803583751988482664e-09,1.528145440799488152e-09,-4.803583768250588809e-09,1.528145391546904549e-09,1.173096323256831340e-08,-2.511903300255115941e-09,1.173096323256836634e-08,-2.511903300255182115e-09,1.173096323256831340e-08,-2.511903300255115941e-09,1.173096323256831340e-08,-2.511903300254851243e-09,-1.894956687285639935e-05,-2.199868204443926583e-04,-5.250719502753392831e+00,4.302028260775021806e+01,8.145745004442889658e-04,2.645257165648985231e-03,8.145746391925529290e-04,2.645257121747861175e-03,8.145745274504597030e-04,2.645257157022306866e-03,8.145745004442885321e-04,2.645257165648986532e-03,-1.329316002864605563e-03,-6.567442615777015907e-03,-1.329316002864605563e-03,-6.567442615777014173e-03,-1.329316002864605563e-03,-6.567442615777015907e-03,-1.329316002864605563e-03,-6.567442615777015040e-03
6.702050192395209160e+04,6.630711661134611903e-10,-6.237605537997187614e-11,-1.000122015500623629e+00,-1.444205899131523196e-05,-4.771478172449764106e-09,1.581013892561603679e-09,-4.771478089864342917e-09,1.581014137504106516e-09,-4.771478151861357774e-09,1.581013952880977140e-09,-4.771478172449658227e-09,1.581013892561709558e-09,1.332236263723012044e-08,-2.947090968505070790e-09,1.332236263723012044e-08,-2.947090968505136964e-09,1.332236263723014691e-08,-2.947090968505070790e-09,1.332236263723009397e-08,-2.947090968504938441e-09,-2.184064536262358540e-05,-2.423345744894162717e-04,-5.543866148410138806e+00,4.454707687627464452e+01,8.190458377984408816e-04,2.557705463490591354e-03,8.190459682912921069e-04,2.557705420787593099e-03,8.190458699435300980e-04,2.557705452870379179e-03,8.190458377984415322e-04,2.557705463490591788e-03,-1.516120821492779758e-03,-7.238232570243335016e-03,-1.516120821492778674e-03,-7.238232570243332414e-03,-1.516120821492780192e-03,-7.238232570243335016e-03,-1.516120821492780192e-03,-7.238232570243335884e-03
6.897803283477478544e+04,7.521969096787913289e-10,-7.400341850758614657e-11,-1.000130087388951372e+00,-1.570422244506763931e-05,-4.733346183633121117e-09,1.635140521315922802e-09,-4.733346101016280299e-09,1.635140758246430326e-09,-4.733346171715923414e-09,1.635140555073931224e-09,-4.733346183633147586e-09,1.635140521315777218e-09,1.513026563880608237e-08,-3.464667279125329368e-09,1.513026563880608237e-08,-3.464667279125382307e-09,1.513026563880610884e-08,-3.464667279125355838e-09,1.513026563880608237e-08,-3.464667279125144079e-09,-2.525010747939977033e-05,-2.671081951914849417e-04,-5.850200452915720994e+00,4.614582394405565680e+01,8.233846237977674853e-04,2.470623685756871343e-03,8.233847464739851938e-04,2.470623644216583207e-03,8.233846412826298930e-04,2.470623679779182080e-03,8.233846237977655337e-04,2.470623685756870910e-03,-1.732494195605654291e-03,-7.978916161777926952e-03,-1.732494195605654508e-03,-7.978916161777928687e-03,-1.732494195605654291e-03,-7.978916161777926952e-03,-1.732494195605654291e-03,-7.978916161777928687e-03
7.099273919425607892e+04,8.538194603879707939e-10,-8.807723839811974406e-11,-1.000138749977885988e+00,-1.706434993103966846e-05,-4.688130572990065468e-09,1.690163068843892785e-09,-4.688130490339978607e-09,1.690163297910533191e-09,-4.688130555879179370e-09,1.690163115683994205e-09,-4.688130572990065468e-09,1.690163068843892785e-09,1.718502753985120464e-08,-4.081280426173435857e-09,1.718502753985120464e-08,-4.081280426173568206e-09,1.718502753985123111e-08,-4.081280426173435857e-09,1.718502753985120464e-08,-4.081280426173462327e-09,-2.928118950602620377e-05,-2.945931597426811629e-04,-6.169733018199902830e+00,4.782149655738715666e+01,8.274527840590951066e-04,2.383714843191135288e-03,8.274528993300419742e-04,2.383714802781021665e-03,8.274528076383663461e-04,2.383714834845137784e-03,8.274527840590965161e-04,2.383714843191137023e-03,-1.983532546909717257e-03,-8.797226131625068488e-03,-1.983532546909716390e-03,-8.797226131625066753e-03,-1.983532546909717257e-03,-8.797226131625068488e-03,-1.983532546909716390e-03,-8.797226131625068488e-03
7.306629097956528130e+04,9.697816187671908131e-10,-1.051596475952093241e-10,-1.000148053627214706e+00,-1.852760344389636771e-05,-4.634603456289346983e-09,1.745556102181024139e-09,-4.634603361188537542e-09,1.745556356356076913e-09,-4.634603433034507403e-09,1.745556163665451714e-09,-4.634603456289399923e-09,1.745556102180918260e-09,1.952133551370208734e-08,-4.817186322060848257e-09,1.952133551370206087e-08,-4.817186322060901196e-09,1.952133551370203440e-08,-4.817186322060874726e-09,1.952133551370200793e-08,-4.817186322060874726e-09,-3.405923480742497559e-05,-3.251112819377885432e-04,-6.502329433823487825e+00,4.957952787079182144e+01,8.310686432687974063e-04,2.296655418691298089e-03,8.310687675866656890e-04,2.296655373491077786e-03,8.310686733509029412e-04,2.296655407661561937e-03,8.310686432687968642e-04,2.296655418691298522e-03,-2.275295941420563128e-03,-9.701770948681118223e-03,-2.275295941420561827e-03,-9.701770948681113019e-03,-2.275295941420562261e-03,-9.701770948681118223e-03,-2.275295941420562261e-03,-9.701770948681118223e-03
7.520040694446746784e+04,1.102212126650437822e-09,-1.259505628751131086e-10,-1.000158053832882699e+00,-2.009878585013114005e-05,-4.571347120417839874e-09,1.800577346050074419e-09,-4.571347025261761533e-09,1.800577591561515389e-09,-4.571347103911841180e-09,1.800577388176622776e-09,-4.571347120417839874e-09,1.800577346050286177e-09,2.217880180160206617e-08,-5.697078467404631850e-09,2.217880180160206617e-08,-5.697078467404525971e-09,2.217880180160196029e-08,-5.697078467404631850e-09,2.217880180160211911e-08,-5.697078467404843608e-09,-3.973670425789836388e-05,-3.590255329328226135e-04,-6.847672866465543073e+00,5.142585987681188442e+01,8.339950540925663907e-04,2.209094558938664438e-03,8.339951707996143878e-04,2.209094514960612769e-03,8.339950741248663198e-04,2.209094551326045569e-03,8.339950540925657402e-04,2.209094558938664871e-03,-2.615003498962171786e-03,-1.070212347964390708e-02,-2.615003498962173087e-03,-1.070212347964390881e-02,-2.615003498962171352e-03,-1.070212347964390708e-02,-2.615003498962172653e-03,-1.070212347964390708e-02
7.739685604398742726e+04,1.253571579669139596e-09,-1.513232054784863050e-10,-1.000168811835454585e+00,-2.178211870484947354e-05,-4.496737650644218600e-09,1.854198502181338146e-09,-4.496737555451109037e-09,1.854198739146322558e-09,-4.496737628966898475e-09,1.854198555556589922e-09,-4.496737650644165661e-09,1.854198502181285207e-09,2.520261821263391808e-08,-6.751116253985372934e-09,2.520261821263386514e-08,-6.751116253985478813e-09,2.520261821263391808e-08,-6.751116253985372934e-09,2.520261821263375927e-08,-6.751116253985372934e-09,-4.649937567704246307e-05,-3.967454553008526266e-04,-7.205218535135719193e+00,5.336699670112319183e+01,8.359247026912882284e-04,2.120654807134785252e-03,8.359248121722590670e-04,2.120654764354249194e-03,8.359247273605575684e-04,2.120654797413056621e-03,8.359247026912863853e-04,2.120654807134782650e-03,-3.011270039699766397e-03,-1.180891217443779187e-02,-3.011270039699765963e-03,-1.180891217443779014e-02,-3.011270039699766397e-03,-1.180891217443779187e-02,-3.011270039699764228e-03,-1.180891217443779187e-02
7.965745890068511653e+04,1.426705560574866950e-09,-1.823691581104618586e-10,-1.000180395305517944e+00,-2.358095516036273764e-05,-4.408934836410898112e-09,1.905016854315863580e-09,-4.408934753730463648e-09,1.905017053111108169e-09,-4.408934819033752501e-09,1.905016895572085584e-09,-4.408934836410845172e-09,1.905016854315863580e-09,2.864426782724333668e-08,-8.016199110657248819e-09,2.864426782724333668e-08,-8.016199110657248819e-09,2.864426782724328374e-08,-8.016199110657354698e-09,2.864426782724328374e-08,-8.016199110657248819e-09,-5.457402402352696548e-05,-4.387332074596720158e-04,-7.574138358442636942e+00,5.541006302286996998e+01,8.364621512439914539e-04,2.030935285949623127e-03,8.364622405058999739e-04,2.030935249807169947e-03,8.364621697772480890e-04,2.030935278371611558e-03,8.364621512439939476e-04,2.030935285949625295e-03,-3.474392523101851957e-03,-1.303391158409658405e-02,-3.474392523101851957e-03,-1.303391158409658405e-02,-3.474392523101850656e-03,-1.303391158409658579e-02,-3.474392523101852391e-03,-1.303391158409658405e-02
8.198408931375804241e+04,1.624905918761009948e-09,-2.204555975209638219e-10,-1.000192879114797151e+00,-2.549741130164484559e-05,-4.305883754331290547e-09,1.951143529014167132e-09,-4.305883671717434196e-09,1.951143720459600959e-09,-4.305883741212867776e-09,1.951143559029944289e-09,-4.305883754331201211e-09,1.951143529013849495e-09,3.256228362657615015e-08,-9.537544214469062531e-09,3.256228362657615015e-08,-9.537544214469274289e-09,3.256228362657615015e-08,-9.537544214469062531e-09,3.256228362657625603e-08,-9.537544214469327229e-09,-6.423794627636052103e-05,-4.855102582689647863e-04,-7.953253702083208587e+00,5.756286778786779479e+01,8.351021805545304211e-04,1.939518641107812122e-03,8.351022641031338950e-04,1.939518605992061754e-03,8.351021936600620550e-04,1.939518635545019057e-03,8.351021805545307463e-04,1.939518641107812339e-03,-4.016696331049143115e-03,-1.439012737568994699e-02,-4.016696331049143115e-03,-1.439012737568994872e-02,-4.016696331049143115e-03,-1.439012737568994699e-02,-4.016696331049143115e-03,-1.439012737568994872e-02
8.437867581222135050e+04,1.851981113348486088e-09,-2.672980829367883654e-10,-1.000206346202046959e+00,-2.753189513504672448e-05,-4.185335736404387729e-09,1.990064877221519633e-09,-4.185335641349556295e-09,1.990065089072506554e-09,-4.185335709333353701e-09,1.990064936887790987e-09,-4.185335736404348024e-09,1.990064877221943150e-09,3.702303466617112820e-08,-1.137063744427599035e-08,3.702303466617112820e-08,-1.137063744427577859e-08,3.702303466617123408e-08,-1.137063744427577859e-08,3.702303466617102232e-08,-1.137063744427556683e-08,-7.583078482922454237e-05,-5.376647217979400829e-04,-8.340953725016641229e+00,5.983397323378062538e+01,8.312044321535111023e-04,1.845983424044404450e-03,8.312045220183919385e-04,1.845983384769261633e-03,8.312044574748333981e-04,1.845983412882187900e-03,8.312044321535120781e-04,1.845983424044406618e-03,-4.652953081450130098e-03,-1.589186875976462965e-02,-4.652953081450128363e-03,-1.589186875976463312e-02,-4.652953081450130098e-03,-1.589186875976462965e-02,-4.652953081450128363e-03,-1.589186875976463312e-02
8.684320325345317542e+04,2.112336446492679625e-09,-3.250532251938253992e-10,-1.000220888542774134e+00,-2.968250736362643138e-05,-4.044900069295304221e-09,2.018473497285347746e-09,-4.044899987014497255e-09,2.018473674183731857e-09,-4.044900043452329001e-09,2.018473552133483938e-09,-4.044900069295224812e-09,2.018473497285559504e-09,4.210150751991268803e-08,-1.358364060976050523e-08,4.210150751991258215e-08,-1.358364060976050523e-08,4.210150751991268803e-08,-1.358364060976050523e-08,4.210150751991268803e-08,-1.358364060976029347e-08,-8.976921349648347287e-05,-5.958592745355929506e-04,-8.735096309820450600e+00,6.223276901922285020e+01,8.239643951822244556e-04,1.749924284825031106e-03,8.239644681103272484e-04,1.749924251757475251e-03,8.239644178066424197e-04,1.749924274463708195e-03,8.239643951822230462e-04,1.749924284825028504e-03,-5.400883315117558335e-03,-1.755479827931422099e-02,-5.400883315117556600e-03,-1.755479827931421752e-02,-5.400883315117558335e-03,-1.755479827931422099e-02,-5.400883315117555733e-03,-1.755479827931421752e-02
8.937971446843017475e+04,2.411064785868990726e-09,-3.964367650547881948e-10,-1.000236608231253044e+00,-3.194428179820185676e-05,-3.882141670985133016e-09,2.032068147689521413e-09,-3.882141576444080004e-09,2.032068343055129598e-09,-3.882141630629571733e-09,2.032068230146273004e-09,-3.882141670985291835e-09,2.032068147689733171e-09,4.788203303546478525e-08,-1.626035237056550038e-08,4.788203303546478525e-08,-1.626035237056624154e-08,4.788203303546478525e-08,-1.626035237056550038e-08,4.788203303546467937e-08,-1.626035237056528862e-08,-1.065651859927863650e-04,-6.608395227962405227e-04,-9.132887954924756357e+00,6.476955091254518493e+01,8.123817626505211182e-04,1.650982841213423412e-03,8.123818409390094405e-04,1.650982804281377232e-03,8.123817957106019413e-04,1.650982825480957518e-03,8.123817626505186245e-04,1.650982841213423195e-03,-6.281758973329252399e-03,-1.939594507682649779e-02,-6.281758973329248930e-03,-1.939594507682648739e-02,-6.281758973329252399e-03,-1.939594507682649779e-02,-6.281758973329250664e-03,-1.939594507682650473e-02
9.199031195501702314e+04,2.754047933386114398e-09,-4.848741113079778017e-10,-1.000253618681822720e+00,-3.430822553712742362e-05,-3.694744430590633518e-09,2.025326430650302198e-09,-3.694744336525824781e-09,2.025326617805620026e-09,-3.694744412519291468e-09,2.025326466197945654e-09,-3.694744430590527639e-09,2.025326430650302198e-09,5.445888491293168792e-08,-1.950383515328524710e-08,5.445888491293158204e-08,-1.950383515328503535e-08,5.445888491293158204e-08,-1.950383515328503535e-08,5.445888491293168792e-08,-1.950383515328482359e-08,-1.268486110592604449e-04,-7.334425754642167001e-04,-9.530738291942400409e+00,6.745560300973647827e+01,7.952284650889851567e-04,1.548892536550614115e-03,7.952285379848231771e-04,1.548892500822065090e-03,7.952284789422808375e-04,1.548892529700701117e-03,7.952284650889802778e-04,1.548892536550613682e-03,-7.321121946867822743e-03,-2.143366292481283658e-02,-7.321121946867821008e-03,-2.143366292481283658e-02,-7.321121946867824477e-03,-2.143366292481284005e-02,-7.321121946867821875e-03,-2.143366292481283658e-02
9.467715962071336980e+04,3.148068027533339948e-09,-5.946922971656880166e-10,-1.000272045953734645e+00,-3.676010961362052853e-05,-3.480765022907633232e-09,1.991260086789323056e-09,-3.480764929522991951e-09,1.991260265745785471e-09,-3.480765008168095280e-09,1.991260114711340646e-09,-3.480765022907633232e-09,1.991260086789111298e-09,6.193664643605578426e-08,-2.344083488673016338e-08,6.193664643605599602e-08,-2.344083488672973987e-08,6.193664643605578426e-08,-2.344083488673037514e-08,6.193664643605578426e-08,-2.344083488672995162e-08,-1.513955138832912223e-04,-8.146054107721301075e-04,-9.924084061873529095e+00,7.030328175946665681e+01,7.710198472764844988e-04,1.443541296851250837e-03,7.710199150250471182e-04,1.443541262364001626e-03,7.710198578536808442e-04,1.443541291418923506e-03,7.710198472764829810e-04,1.443541296851255607e-03,-8.549635931076656620e-03,-2.368750840985456643e-02,-8.549635931076656620e-03,-2.368750840985456296e-02,-8.549635931076658354e-03,-2.368750840985456990e-02,-8.549635931076660089e-03,-2.368750840985456990e-02
9.744248457630288613e+04,3.600927095452070208e-09,-7.313646934681026297e-10,-1.000292030199187998e+00,-3.927894938776654854e-05,-3.239004214280867727e-09,1.921175603647751545e-09,-3.239004121831880215e-09,1.921175774416581733e-09,-3.239004192700479934e-09,1.921175643047489087e-09,-3.239004214280761848e-09,1.921175603648175062e-09,7.043020408979743180e-08,-2.822713399253453113e-08,7.043020408979764356e-08,-2.822713399253453113e-08,7.043020408979764356e-08,-2.822713399253453113e-08,7.043020408979743180e-08,-2.822713399253453113e-08,-1.811629745208006019e-04,-9.053723813918816091e-04,-1.030717643692156749e+01,7.332609910421939503e+01,7.379954392797326767e-04,1.335055128713475781e-03,7.379955021169274341e-04,1.335055095519146117e-03,7.379954537871090967e-04,1.335055120980680257e-03,7.379954392797327851e-04,1.335055128713476648e-03,-1.000408932840143525e-02,-2.617800758443525333e-02,-1.000408932840143698e-02,-2.617800758443525333e-02,-1.000408932840143698e-02,-2.617800758443524986e-02,-1.000408932840143525e-02,-2.617800758443525680e-02
1.002885789818911289e+05,4.121570862003610085e-09,-9.018227276380482707e-10,-1.000313727226829874e+00,-4.183510024108327841e-05,-2.969522473788295238e-09,1.804477008409942633e-09,-2.969522382589316598e-09,1.804477171013586968e-09,-2.969522454318819428e-09,1.804477042714776997e-09,-2.969522473788295238e-09,1.804477008409519117e-09,8.006418141178683045e-08,-3.405399065809492801e-08,8.006418141178683045e-08,-3.405399065809492801e-08,8.006418141178661869e-08,-3.405399065809524565e-08,8.006418141178683045e-08,-3.405399065809492801e-08,-2.173323952006049468e-04,-1.006900850944375319e-03,-1.067282451840087987e+01,7.653880070344227704e+01,6.941179824553360064e-04,1.223904626268328046e-03,6.941180406118271310e-04,1.223904594433150974e-03,6.941179947333476217e-04,1.223904619485833992e-03,6.941179824553349222e-04,1.223904626268331516e-03,-1.172856697158338769e-02,-2.892627110542767346e-02,-1.172856697158338943e-02,-2.892627110542767346e-02,-1.172856697158339116e-02,-2.892627110542768040e-02,-1.172856697158339463e-02,-2.892627110542768040e-02
1.032178019468622952e+05,4.720209827702036471e-09,-1.114852358054339160e-09,-1.000337310161808269e+00,-4.438787792837572965e-05,-2.674318091245145356e-09,1.628568008384344539e-09,-2.674318013817016614e-09,1.628568142183786470e-09,-2.674318083505805316e-09,1.628568021572647528e-09,-2.674318091244721839e-09,1.628568008383921023e-09,9.097157225806411007e-08,-4.115583051756782924e-08,9.097157225806432183e-08,-4.115583051756782924e-08,9.097157225806389831e-08,-4.115583051756782924e-08,9.097157225806432183e-08,-4.115583051756698221e-08,-2.613629331906074799e-04,-1.120463454491377403e-03,-1.101208670384630750e+01,7.995743336353781672e+01,6.371026355701493119e-04,1.111033062195621902e-03,6.371026820785381404e-04,1.111033035911890851e-03,6.371026401585419118e-04,1.111033059574697158e-03,6.371026355701489867e-04,1.111033062195623854e-03,-1.377580831893674383e-02,-3.195340803759230686e-02,-1.377580831893674904e-02,-3.195340803759231380e-02,-1.377580831893674383e-02,-3.195340803759230686e-02,-1.377580831893674904e-02,-3.195340803759229992e-02
1.062325814853298652e+05,5.408425957712993155e-09,-1.381597144865238491e-09,-1.000362971166831594e+00,-4.688259412755080291e-05,-2.358167034790340384e-09,1.378929998586420622e-09,-2.358166947300307262e-09,1.378930145059169510e-09,-2.358167015799014673e-09,1.378930029993555273e-09,-2.358167034790128625e-09,1.378929998586844139e-09,1.032912663155225327e-07,-4.981937448714401142e-08,1.032912663155225327e-07,-4.981937448714401142e-08,1.032912663155225327e-07,-4.981937448714401142e-08,1.032912663155218974e-07,-4.981937448714401142e-08,-3.150572243035261000e-04,-1.247444770138520778e-03,-1.131390045786047516e+01,8.359939330028096549e+01,5.644900768425880223e-04,9.979996068051851573e-04,5.644901263339840297e-04,9.979995779445713887e-04,5.644900874632838598e-04,9.979996005532029354e-04,5.644900768425828181e-04,9.979996068051769174e-04,-1.620877010236845134e-02,-3.527967617418102664e-02,-1.620877010236845134e-02,-3.527967617418102664e-02,-1.620877010236845134e-02,-3.527967617418102664e-02,-1.620877010236844440e-02,-3.527967617418102664e-02
1.093354165287019277e+05,6.199246418018866293e-09,-1.716194323251915674e-09,-1.000390923164569124e+00,-4.924687652574366581e-05,-2.029589791218363334e-09,1.039467626331935318e-09,-2.029589717939001968e-09,1.039467746218437574e-09,-2.029589788425695707e-09,1.039467630834762466e-09,-2.029589791218363334e-09,1.039467626331935318e-09,1.171640725450038939e-07,-6.039441443132542684e-08,1.171640725450034704e-07,-6.039441443132563860e-08,1.171640725450038939e-07,-6.039441443132542684e-08,1.171640725450038939e-07,-6.039441443132648563e-08,-3.806417713710158663e-04,-1.389329209286531159e-03,-1.156463995251536048e+01,8.748344350189157126e+01,4.737772458485376955e-04,8.871236168205127136e-04,4.737772852150811407e-04,8.871235933171990520e-04,4.737772473283946768e-04,8.871236159270961879e-04,4.737772458485357981e-04,8.871236168205142315e-04,-1.910241266067018093e-02,-3.892328993052519837e-02,-1.910241266067017399e-02,-3.892328993052517755e-02,-1.910241266067018093e-02,-3.892328993052519837e-02,-1.910241266067018093e-02,-3.892328993052519143e-02
1.125288789970293728e+05,7.107155742853101172e-09,-2.136575027408035409e-09,-1.000421401467369353e+00,-5.138611987753893828e-05,-1.701863492000361559e-09,5.932118459496799718e-10,-1.701863421513667821e-09,5.932119591768091960e-10,-1.701863482884592981e-09,5.932118603742275471e-10,-1.701863491999091010e-09,5.932118459492564553e-10,1.327267182760359184e-07,-7.330649231143627277e-08,1.327267182760359184e-07,-7.330649231143627277e-08,1.327267182760359184e-07,-7.330649231143542574e-08,1.327267182760359184e-07,-7.330649231143415519e-08,-4.608645123653994135e-04,-1.547675589024927884e-03,-1.174759025382826927e+01,9.162968400119777357e+01,3.626148519283989009e-04,7.816073530599998822e-04,3.626148880634053463e-04,7.816073310884788169e-04,3.626148565366105539e-04,7.816073502258180997e-04,3.626148519283944015e-04,7.816073530600017253e-04,-2.254573117763210288e-02,-4.289878154573009694e-02,-2.254573117763210288e-02,-4.289878154573009694e-02,-2.254573117763210288e-02,-4.289878154573010388e-02,-2.254573117763209941e-02,-4.289878154573009694e-02
1.158156159308539063e+05,8.148003441226806464e-09,-2.665464078110063107e-09,-1.000454665172151536e+00,-5.317789135661499245e-05,-1.393943672750674829e-09,2.344332760610437993e-11,-1.393943594803738408e-09,2.344345140378126940e-11,-1.393943658155450115e-09,2.344335048277021937e-11,-1.393943672751945379e-09,2.344332760652789640e-11,1.501030975281070021e-07,-8.907179491711463911e-08,1.501030975281070021e-07,-8.907179491711463911e-08,1.501030975281070021e-07,-8.907179491711463911e-08,1.501030975281070021e-07,-8.907179491711463911e-08,-5.591119906983612860e-04,-1.724072037602570034e-03,-1.184232652996005264e+01,9.605945301749152065e+01,2.290710558690458155e-04,6.856067606872555441e-04,2.290710942706474028e-04,6.856067370855261408e-04,2.290710629718520873e-04,6.856067562772159363e-04,2.290710558690365456e-04,6.856067606872463284e-04,-2.664405280008845869e-02,-4.721477139906168907e-02,-2.664405280008845869e-02,-4.721477139906168907e-02,-2.664405280008845869e-02,-4.721477139906168907e-02,-2.664405280008846216e-02,-4.721477139906168907e-02
1.191983516853229667e+05,9.338743882166705181e-09,-3.331617300414058580e-09,-1.000490998112074648e+00,-5.446509316608949547e-05,-1.131117805354677429e-09,-6.847633613444105460e-10,-1.131117731821206179e-09,-6.847632442548110823e-10,-1.131117793907874180e-09,-6.847633433669832734e-10,-1.131117805354677429e-09,-6.847633613439870295e-10,1.693917105636083307e-07,-1.083146177879545841e-07,1.693917105636083307e-07,-1.083146177879536311e-07,1.693917105636091777e-07,-1.083146177879545841e-07,1.693917105636091777e-07,-1.083146177879520430e-07,-6.795480251670142852e-04,-1.920062492056759428e-03,-1.182398762662011471e+01,1.007951293809320390e+02,7.194499494364015848e-05,6.042175401943203654e-04,7.194503023949750048e-05,6.042175185639058919e-04,7.194500036813996995e-05,6.042175368347748677e-04,7.194499494363233868e-05,6.042175401943159201e-04,-3.152160994620326062e-02,-5.187094151266701675e-02,-3.152160994620326062e-02,-5.187094151266700287e-02,-3.152160994620326062e-02,-5.187094151266700981e-02,-3.152160994620325368e-02,-5.187094151266702369e-02
1.226798901883902436e+05,1.069691758704412150e-08,-4.171333065021618999e-09,-1.000530709066976387e+00,-5.504767270803068158e-05,-9.452063682841474576e-10,-1.542665847970591290e-09,-9.452062997786637825e-10,-1.542665736912713444e-09,-9.452063590303125089e-10,-1.542665833180972514e-09,-9.452063682858415235e-10,-1.542665847971014806e-09,1.906477203000934146e-07,-1.317877084924814080e-07,1.906477203000934146e-07,-1.317877084924833138e-07,1.906477203000934146e-07,-1.317877084924805610e-07,1.906477203000929911e-07,-1.317877084924805610e-07,-8.272745144099139924e-04,-2.137032969271301756e-03,-1.166243602789735156e+01,1.058597971040681358e+02,-1.089044090858169516e-04,5.433507494247131033e-04,-1.089043765564145757e-04,5.433507298535111309e-04,-1.089044047496276528e-04,5.433507467869814903e-04,-1.089044090858162469e-04,5.433507494247175485e-04,-3.732436329087471250e-02,-5.685391732379625751e-02,-3.732436329087469168e-02,-5.685391732379624363e-02,-3.732436329087471250e-02,-5.685391732379625751e-02,-3.732436329087469168e-02,-5.685391732379624363e-02
1.262631172649735236e+05,1.223974602338873780e-08,-5.230266088402141960e-09,-1.000574130815892193e+00,-5.467267389680507961e-05,-8.741784117075594067e-10,-2.555836529232618121e-09,-8.741783487840228540e-10,-2.555836423363240593e-09,-8.741784046915855046e-10,-2.555836517605396854e-09,-8.741784117067123738e-10,-2.555836529233041637e-09,2.138573167804632932e-07,-1.603955419459433188e-07,2.138573167804632932e-07,-1.603955419459431071e-07,2.138573167804632932e-07,-1.603955419459438482e-07,2.138573167804624461e-07,-1.603955419459431071e-07,-1.008512539782700779e-03,-2.376041982180101316e-03,-1.132130177004012062e+01,1.112767212033049589e+02,-3.122629244951793037e-04,5.094907507378533150e-04,-3.122628943674893016e-04,5.094907332857523527e-04,-3.122629211828449559e-04,5.094907487967032748e-04,-3.122629244951770269e-04,5.094907507378553749e-04,-4.422296059939968133e-02,-6.213164933712244514e-02,-4.422296059939967439e-02,-6.213164933712243126e-02,-4.422296059939968133e-02,-6.213164933712241045e-02,-4.422296059939966745e-02,-6.213164933712241739e-02
1.299510030289964780e+05,1.398266425226758649e-08,-6.565549883863990412e-09,-1.000621617461778134e+00,-5.302245526273008380e-05,-9.611611533372158987e-10,-3.722245913645498100e-09,-9.611610964428598646e-10,-3.722245811954110584e-09,-9.611611372325784726e-10,-3.722245885320716344e-09,-9.611611533372158987e-10,-3.722245913645074583e-09,2.389011581383540642e-07,-1.952199257296657754e-07,2.389011581383523701e-07,-1.952199257296642667e-07,2.389011581383549112e-07,-1.952199257296640814e-07,2.389011581383532171e-07,-1.952199257296657754e-07,-1.230797577119892945e-03,-2.637575014360192364e-03,-1.075691782646049255e+01,1.170685699155183386e+02,-5.353492384366987300e-04,5.093558887029765161e-04,-5.353492103255144512e-04,5.093558733918770141e-04,-5.353492305990110913e-04,5.093558843807159762e-04,-5.353492384366908153e-04,5.093558887029806361e-04,-5.241555084910243939e-02,-6.764576524557916470e-02,-5.241555084910243245e-02,-6.764576524557919246e-02,-5.241555084910243939e-02,-6.764576524557916470e-02,-5.241555084910243939e-02,-6.764576524557919246e-02
1.337466043452970043e+05,1.593705720917159739e-08,-8.248191240671905134e-09,-1.000673539267265433e+00,-4.970098046808146819e-05,-1.252964456075936856e-09,-5.030666734306646037e-09,-1.252964405509763971e-09,-5.030666635634507461e-09,-1.252964449369129980e-09,-5.030666721441062601e-09,-1.252964456075936856e-09,-5.030666734305799004e-09,2.655026761045732131e-07,-2.375460736259745023e-07,2.655026761045740601e-07,-2.375460736259729670e-07,2.655026761045732131e-07,-2.375460736259724376e-07,2.655026761045740601e-07,-2.375460736259707435e-07,-1.503175474470958006e-03,-2.921198192571362352e-03,-9.917170914097955148e+00,1.232563027906688120e+02,-7.737207628741809120e-04,5.495090382069957270e-04,-7.737207363818020918e-04,5.495090250122498668e-04,-7.737207594169863119e-04,5.495090364616061953e-04,-7.737207628741809120e-04,5.495090382069880292e-04,-6.212990104923801771e-02,-7.330126956996504961e-02,-6.212990104923801771e-02,-7.330126956996504961e-02,-6.212990104923803159e-02,-7.330126956996503573e-02,-6.212990104923803159e-02,-7.330126956996503573e-02
1.376530673634428531e+05,1.810689918131885932e-08,-1.036562359888983835e-08,-1.000730274012368470e+00,-4.421824235356641708e-05,-1.798349099763933636e-09,-6.459498540262387880e-09,-1.798349055623352688e-09,-6.459498443331113770e-09,-1.798349090578708355e-09,-6.459498520489039001e-09,-1.798349099758851438e-09,-6.459498540261117331e-09,2.931562511207638351e-07,-2.888852335808222517e-07,2.931562511207646822e-07,-2.888852335808256398e-07,2.931562511207638351e-07,-2.888852335808222517e-07,2.931562511207629881e-07,-2.888852335808243693e-07,-1.836374695815990755e-03,-3.225082070112800323e-03,-8.740317273981121460e+00,1.298576281200048754e+02,-1.021298100344059795e-03,6.359782460196584638e-04,-1.021298075070285185e-03,6.359782348642601356e-04,-1.021298095184560882e-03,6.359782437075259904e-04,-1.021298100344062397e-03,6.359782460196652942e-04,-7.362387125883501637e-02,-7.895295583227808500e-02,-7.362387125883501637e-02,-7.895295583227805725e-02,-7.362387125883501637e-02,-7.895295583227808500e-02,-7.362387125883503025e-02,-7.895295583227808500e-02
1.416736301255548606e+05,2.048393117657450104e-08,-1.302418035787201826e-08,-1.000792193632064286e+00,-3.597314971770515513e-05,-2.646274429643616149e-09,-7.975929636479189920e-09,-2.646274386251812327e-09,-7.975929526056798542e-09,-2.646274427659864987e-09,-7.975929631533682178e-09,-2.646274429645310215e-09,-7.975929636480407529e-09,3.210300423545445959e-07,-3.509869893239492641e-07,3.210300423545437489e-07,-3.509869893239526522e-07,3.210300423545437489e-07,-3.509869893239509582e-07,3.210300423545445959e-07,-3.509869893239492641e-07,-2.242913840290405858e-03,-3.545364384888399431e-03,-7.153850973828506987e+00,1.368849195744397491e+02,-1.270471757761093253e-03,7.739369200175076234e-04,-1.270471729800229594e-03,7.739369094159049113e-04,-1.270471756508107690e-03,7.739369195350956614e-04,-1.270471757761079592e-03,7.739369200175025276e-04,-8.718279515054752626e-02,-8.438803194930799556e-02,-8.718279515054751239e-02,-8.438803194930796781e-02,-8.718279515054754014e-02,-8.438803194930799556e-02,-8.718279515054751239e-02,-8.438803194930799556e-02
1.458116252502992284e+05,2.304096744506296725e-08,-1.635105509655029421e-08,-1.000859644643404156e+00,-2.423563368292303011e-05,-3.844233865652970815e-09,-9.535188068723627141e-09,-3.844233833740157494e-09,-9.535187971141831728e-09,-3.844233860447106321e-09,-9.535188053233300360e-09,-3.844233865654664880e-09,-9.535188068723627141e-09,3.478391005183700165e-07,-4.258304312561005941e-07,3.478391005183708635e-07,-4.258304312561010176e-07,3.478391005183700165e-07,-4.258304312561005941e-07,3.478391005183683224e-07,-4.258304312560921238e-07,-2.737080392076265360e-03,-3.875323766504336093e-03,-5.073566047265280154e+00,1.443424758188559451e+02,-1.512229803662231515e-03,9.674585904569777241e-04,-1.512229779671395071e-03,9.674585829269288740e-04,-1.512229799851498319e-03,9.674585892354041006e-04,-1.512229803662228046e-03,9.674585904569795673e-04,-1.031117120464613429e-01,-8.930482542505524535e-02,-1.031117120464613429e-01,-8.930482542505525922e-02,-1.031117120464613429e-01,-8.930482542505524535e-02,-1.031117120464613429e-01,-8.930482542505528698e-02
1.500704826952737931e+05,2.572293702669689814e-08,-2.049503590756016850e-08,-1.000932920687971794e+00,-8.129369870601976800e-06,-5.436552571518130659e-09,-1.107957405017527427e-08,-5.436552540836903243e-09,-1.107957393551369475e-08,-5.436552558641535794e-09,-1.107957400341820855e-08,-5.436552571519824724e-09,-1.107957405017442724e-08,3.716869663285637831e-07,-5.155785975145809406e-07,3.716869663285637831e-07,-5.155785975145826347e-07,3.716869663285637831e-07,-5.155785975145809406e-07,3.716869663285654772e-07,-5.155785975145860228e-07,-3.334686699970396215e-03,-4.204349310513744511e-03,-2.403025945401993546e+00,1.522230165076634307e+02,-1.736246487526944045e-03,1.219314896559420443e-03,-1.736246460150857839e-03,1.219314889594215121e-03,-1.736246476358338509e-03,1.219314893652277600e-03,-1.736246487526930168e-03,1.219314896559423695e-03,-1.217197544766259742e-01,-9.328813224958282246e-02,-1.217197544766259881e-01,-9.328813224958285022e-02,-1.217197544766259742e-01,-9.328813224958282246e-02,-1.217197544766259465e-01,-9.328813224958279471e-02
1.544537326000778121e+05,2.843540008028188661e-08,-2.562492856021829682e-08,-1.001012225500234276e+00,1.338259009242559472e-05,-7.462258345981222121e-09,-1.253706932563248649e-08,-7.462258323641575170e-09,-1.253706922185231573e-08,-7.462258342711674945e-09,-1.253706931104403804e-08,-7.462258345981222121e-09,-1.253706932563163946e-08,3.898792211880347243e-07,-6.224752755136015630e-07,3.898792211880321832e-07,-6.224752755135990219e-07,3.898792211880347243e-07,-6.224752755136015630e-07,3.898792211880347243e-07,-6.224752755136024100e-07,-4.052474109463116876e-03,-4.516720621531909383e-03,9.662556180857235777e-01,1.605033459034023338e+02,-1.930902818393881708e-03,1.530745303788043138e-03,-1.930902794333154773e-03,1.530745298916198456e-03,-1.930902815011408587e-03,1.530745303079971082e-03,-1.930902818393857205e-03,1.530745303788010828e-03,-1.432934233571680760e-01,-9.578293620922305462e-02,-1.432934233571680482e-01,-9.578293620922299911e-02,-1.432934233571680760e-01,-9.578293620922305462e-02,-1.432934233571680760e-01,-9.578293620922302687e-02
1.589650082124220498e+05,3.103062088873905595e-08,-3.192414041748429555e-08,-1.001097624928783736e+00,4.150581393957963883e-05,-9.951940662674164397e-09,-1.381958939936035659e-08,-9.951940643387224188e-09,-1.381958929058607957e-08,-9.951940659402923155e-09,-1.381958938181745722e-08,-9.951940662677552529e-09,-1.381958939935866253e-08,3.987216435806774454e-07,-7.486583895028968687e-07,3.987216435806825276e-07,-7.486583895028968687e-07,3.987216435806774454e-07,-7.486583895028968687e-07,3.987216435806816806e-07,-7.486583895028985628e-07,-4.907002122836027526e-03,-4.790267946478408631e-03,5.153514925420908277e+00,1.691391984011351610e+02,-2.083263337698784429e-03,1.901109365314937807e-03,-2.083263313204112080e-03,1.901109361284468056e-03,-2.083263333747212287e-03,1.901109364636949760e-03,-2.083263337698777490e-03,1.901109365314908534e-03,-1.680552059465077186e-01,-9.606999757354960090e-02,-1.680552059465077464e-01,-9.606999757354958702e-02,-1.680552059465077186e-01,-9.606999757354960090e-02,-1.680552059465077186e-01,-9.606999757354954539e-02
1.636080488997044740e+05,3.329194227234984465e-08,-3.957946490913195241e-08,-1.001188987514216144e+00,7.761126317240574224e-05,-1.292296497362476523e-08,-1.482133909601103538e-08,-1.292296495581674455e-08,-1.482133898120080158e-08,-1.292296496684003132e-08,-1.482133905483506975e-08,-1.292296497362307116e-08,-1.482133909601272945e-08,3.933300197124689043e-07,-8.958618562871897888e-07,3.933300197124722924e-07,-8.958618562871830125e-07,3.933300197124731394e-07,-8.958618562871864007e-07,3.933300197124731394e-07,-8.958618562871813185e-07,-5.912839786552649864e-03,-4.995071031502013904e-03,1.028581181391304611e+01,1.780594287858766904e+02,-2.179094218439685086e-03,2.327345626018213157e-03,-2.179094193323474760e-03,2.327345622446090091e-03,-2.179094209428868688e-03,2.327345624671114076e-03,-2.179094218439669908e-03,2.327345626018192341e-03,-1.961044170283079979e-01,-9.324928192252913972e-02,-1.961044170283079424e-01,-9.324928192252911197e-02,-1.961044170283080257e-01,-9.324928192252916748e-02,-1.961044170283080257e-01,-9.324928192252915360e-02
1.683867032485478849e+05,3.491829634753905801e-08,-4.876186372347932453e-08,-1.001285914840565505e+00,1.232145995617717205e-04,-1.637257378127597628e-08,-1.541819020238921912e-08,-1.637257376308001451e-08,-1.541819008076884042e-08,-1.637257377710688011e-08,-1.541819017625994676e-08,-1.637257378128105848e-08,-1.541819020238413692e-08,3.674988143610677133e-07,-1.064981679886450579e-06,3.674988143610677133e-07,-1.064981679886450579e-06,3.674988143610711014e-07,-1.064981679886450579e-06,3.674988143610694074e-07,-1.064981679886450579e-06,-7.079894716701446225e-03,-5.092482252816356129e-03,1.649290353553032062e+01,1.871599430749443513e+02,-2.203062873864543650e-03,2.803207841760716520e-03,-2.203062848012642301e-03,2.803207838229016848e-03,-2.203062868308882684e-03,2.803207840959677163e-03,-2.203062873864545818e-03,2.803207841760700474e-03,-2.273389005840873722e-01,-8.624024915400303748e-02,-2.273389005840873722e-01,-8.624024915400303748e-02,-2.273389005840873722e-01,-8.624024915400300972e-02,-2.273389005840873722e-01,-8.624024915400307911e-02
1.733049322548686760e+05,3.551223576981439242e-08,-5.959730115452134287e-08,-1.001387665683420858e+00,1.799307793144411249e-04,-2.026883344475790009e-08,-1.546943072481240849e-08,-2.026883342400898102e-08,-1.546943059597361502e-08,-2.026883344372113177e-08,-1.546943071875951105e-08,-2.026883344476128823e-08,-1.546943072480902036e-08,3.137001921468500143e-07,-1.255497629202870176e-06,3.137001921468432380e-07,-1.255497629202873564e-06,3.137001921468491673e-07,-1.255497629202860011e-06,3.137001921468491673e-07,-1.255497629202863399e-06,-8.409805585671991171e-03,-5.034914800128231609e-03,2.389936878018857058e+01,1.962980907958992702e+02,-2.139293402666351228e-03,3.318327193518383431e-03,-2.139293376050873611e-03,3.318327189584772182e-03,-2.139293401415753946e-03,3.318327193323580056e-03,-2.139293402666355131e-03,3.318327193518321415e-03,-2.613601000538154362e-01,-7.381107478420567691e-02,-2.613601000538154362e-01,-7.381107478420564916e-02,-2.613601000538153807e-01,-7.381107478420560752e-02,-2.613601000538153252e-01,-7.381107478420559365e-02
1.783668126071209263e+05,3.457671246231129071e-08,-7.212687708921342597e-08,-1.001493081967766763e+00,2.493967897987392490e-04,-2.454011725054650354e-08,-1.482351209379704463e-08,-2.454011722057170160e-08,-1.482351193633023160e-08,-2.454011723972481060e-08,-1.482351203965808677e-08,-2.454011725054650354e-08,-1.482351209380043276e-08,2.233074059560042810e-07,-1.464775283972181383e-06,2.233074059560144454e-07,-1.464775283972177995e-06,2.233074059560102102e-07,-1.464775283972181383e-06,2.233074059560110573e-07,-1.464775283972179689e-06,-9.891525675861443170e-03,-4.766984594684014857e-03,3.261361627595479007e+01,2.052886352687820022e+02,-1.972450241646448235e-03,3.857254420650967682e-03,-1.972450210021051923e-03,3.857254415072011115e-03,-1.972450230768975701e-03,3.857254418653667354e-03,-1.972450241646458644e-03,3.857254420651027964e-03,-2.973706432222659179e-01,-5.465063415970119326e-02,-2.973706432222659735e-01,-5.465063415970120714e-02,-2.973706432222660290e-01,-5.465063415970124877e-02,-2.973706432222659735e-01,-5.465063415970117938e-02
1.835765400654372934e+05,3.152744649602531781e-08,-8.625808172641567383e-08,-1.001600529408354978e+00,3.331575271261488780e-04,-2.906483634639093734e-08,-1.332933778299170242e-08,-2.906483630770016638e-08,-1.332933761766103551e-08,-2.906483634284864556e-08,-1.332933776849727463e-08,-2.906483634638924328e-08,-1.332933778299509055e-08,8.714529488209731695e-08,-1.687328421807614997e-06,8.714529488209731695e-08,-1.687328421807614997e-06,8.714529488209731695e-08,-1.687328421807614997e-06,8.714529488211086947e-08,-1.687328421807611609e-06,-1.149656405443239514e-02,-4.228661504001519217e-03,4.271383986734772975e+01,2.139028120946088904e+02,-1.689462604664693614e-03,4.398755599285410212e-03,-1.689462572379484820e-03,4.398755592195144337e-03,-1.689462601832677959e-03,4.398755598641745403e-03,-1.689462604664689494e-03,4.398755599285421487e-03,-3.340829219008246143e-01,-2.749540153418394972e-02,-3.340829219008246143e-01,-2.749540153418394972e-02,-3.340829219008246143e-01,-2.749540153418394972e-02,-3.340829219008247253e-01,-2.749540153418396360e-02
1.889384329394676024e+05,2.572812576073541142e-08,-1.017131407263921991e-07,-1.001707870426205016e+00,4.325149822670404376e-04,-3.366428853875810069e-08,-1.085393659079611560e-08,-3.366428848844264956e-08,-1.085393641909237279e-08,-3.366428852248829184e-08,-1.085393653728057399e-08,-3.366428853875725366e-08,-1.085393659078933933e-08,-1.035525338463589482e-07,-1.914194626823032284e-06,-1.035525338463517484e-07,-1.914194626823030590e-06,-1.035525338463589482e-07,-1.914194626823032284e-06,-1.035525338463449721e-07,-1.914194626823028896e-06,-1.317480526891750062e-02,-3.360959325170330501e-03,5.423170685589817452e+01,2.218722336598748939e+02,-1.281864063166575666e-03,4.915739854612810773e-03,-1.281864030558721749e-03,4.915739845547032263e-03,-1.281864052996743676e-03,4.915739851701705389e-03,-1.281864063166565041e-03,4.915739854612863682e-03,-3.696675008130038131e-01,8.684348361073649866e-03,-3.696675008130037021e-01,8.684348361073625580e-03,-3.696675008130038131e-01,8.684348361073649866e-03,-3.696675008130038687e-01,8.684348361073660275e-03
1.944569356677980686e+05,1.655350653750051800e-08,-1.179856003312210506e-07,-1.001812489623241875e+00,5.483496090488149122e-04,-3.810240519867903503e-08,-7.305829388050980250e-09,-3.810240513407794972e-08,-7.305829212335689408e-09,-3.810240518208735366e-08,-7.305829344354244567e-09,-3.810240519867691744e-08,-7.305829388047592118e-09,-3.557743000426826219e-07,-2.132648819400552437e-06,-3.557743000426887628e-07,-2.132648819400549049e-06,-3.557743000426893981e-07,-2.132648819400555825e-06,-3.557743000426893981e-07,-2.132648819400555825e-06,-1.485228605768014638e-02,-2.114255341204530122e-03,6.713555736438650001e+01,2.288992869262291379e+02,-7.484988247045688521e-04,5.376232720165691724e-03,-7.484987922417789090e-04,5.376232708749002082e-03,-7.484988166236228920e-04,5.376232717251270415e-03,-7.484988247045680932e-04,5.376232720165685652e-03,-4.017774954815242494e-01,5.445043270303105698e-02,-4.017774954815241939e-01,5.445043270303107086e-02,-4.017774954815243049e-01,5.445043270303105698e-02,-4.017774954815243049e-01,5.445043270303107780e-02
2.001366225019179110e+05,3.479584017185982647e-09,-1.343208269216011549e-07,-1.001911390166003724e+00,6.809342587426048254e-04,-4.209621399317237573e-08,-2.661075621874153460e-09,-4.209621391219509953e-08,-2.661075445305053407e-09,-4.209621397517440791e-08,-2.661075583761058965e-09,-4.209621399317422861e-08,-2.661075621870765328e-09,-6.730751352039126705e-07,-2.326513131220061669e-06,-6.730751352039058942e-07,-2.326513131220058281e-06,-6.730751352039058942e-07,-2.326513131220061669e-06,-6.730751352039112940e-07,-2.326513131220061669e-06,-1.643254320848157313e-02,-4.585277439068968807e-04,8.131596360818548419e+01,2.346749753233205240e+02,-9.807396091947702616e-05,5.745706127096838860e-03,-9.807392917941211766e-05,5.745706113086433177e-03,-9.807395405916587887e-05,5.745706124000100716e-03,-9.807396091948525254e-05,5.745706127096875289e-03,-4.276830441652144654e-01,1.096489909012176994e-01,-4.276830441652143544e-01,1.096489909012176439e-01,-4.276830441652144099e-01,1.096489909012176439e-01,-4.276830441652144654e-01,1.096489909012177272e-01
2.059822012977869890e+05,-1.380956895923491235e-08,-1.497371225505606212e-07,-1.002001370476302000e+00,8.297726839674446353e-04,-4.533932950683154309e-08,3.013576583210057086e-09,-4.533932939331938728e-08,3.013576782310233536e-09,-4.533932948393285439e-08,3.013576622444623203e-09,-4.533932950683069606e-08,3.013576583206668954e-09,-1.053932149883094344e-06,-2.477269658711259314e-06,-1.053932149883095191e-06,-2.477269658711261008e-06,-1.053932149883101121e-06,-2.477269658711262702e-06,-1.053932149883095191e-06,-2.477269658711261008e-06,-1.780286645347437663e-02,1.606243102712624250e-03,9.657727380180972432e+01,2.389037495227917134e+02,6.491910157620368839e-04,5.990784369476330473e-03,6.491910506065094602e-04,5.990784350292091207e-03,6.491910226390663202e-04,5.990784365621486078e-03,6.491910157619693381e-04,5.990784369476263686e-03,-4.445324098110737254e-01,1.732070801807301941e-01,-4.445324098110736144e-01,1.732070801807301386e-01,-4.445324098110736144e-01,1.732070801807301108e-01,-4.445324098110737254e-01,1.732070801807301663e-01
2.119985174181474140e+05,-3.531953826776219538e-08,-1.630987122479212077e-07,-1.002079274036059120e+00,9.935016373199268003e-04,-4.753747009930417905e-08,9.547680002118248514e-09,-4.753746998289898221e-08,9.547680168407756719e-09,-4.753747006770815605e-08,9.547680046113139795e-09,-4.753747009930333201e-08,9.547680002118248514e-09,-1.490548165723731715e-06,-2.566012415432660524e-06,-1.490548165723731715e-06,-2.566012415432660524e-06,-1.490548165723722397e-06,-2.566012415432655441e-06,-1.490548165723704610e-06,-2.566012415432658830e-06,-1.884578403890564691e-02,4.042172714729174408e-03,1.126387470394656702e+02,2.413328988973309777e+02,1.461606853643946172e-03,6.083887572151484673e-03,1.461606881976499489e-03,6.083887552936046404e-03,1.461606861155620397e-03,6.083887566955655662e-03,1.461606853643882854e-03,6.083887572151470795e-03,-4.497214868394207588e-01,2.430447461802790754e-01,-4.497214868394207588e-01,2.430447461802790754e-01,-4.497214868394206477e-01,2.430447461802790754e-01,-4.497214868394209253e-01,2.430447461802790476e-01
2.181905577488136478e+05,-6.067636293525960432e-08,-1.732389044425204812e-07,-1.002142283755746099e+00,1.169892688712703688e-03,-4.845053726196280888e-08,1.667087500978884284e-08,-4.845053712885327528e-08,1.667087516452482165e-08,-4.845053724256575438e-08,1.667087503177104189e-08,-4.845053726196958514e-08,1.667087500978884284e-08,-1.968570738431371468e-06,-2.576004333772751473e-06,-1.968570738431374856e-06,-2.576004333772759943e-06,-1.968570738431371468e-06,-2.576004333772754861e-06,-1.968570738431362998e-06,-2.576004333772758249e-06,-1.945447061025341526e-02,6.770960734768201490e-03,1.291476623236841874e+02,2.417820556417187561e+02,2.298269148875791389e-03,6.007888843732380260e-03,2.298269174557949612e-03,6.007888822300143199e-03,2.298269152534395190e-03,6.007888840618852595e-03,2.298269148875841262e-03,6.007888843732399342e-03,-4.413094941305859553e-01,3.161630389963219767e-01,-4.413094941305857888e-01,3.161630389963220322e-01,-4.413094941305859553e-01,3.161630389963219767e-01,-4.413094941305859553e-01,3.161630389963219767e-01
2.245634548322701594e+05,-8.911700893267262939e-08,-1.791142765965130206e-07,-1.002188213041683262e+00,1.355973958506506705e-03,-4.793191922537202098e-08,2.403653919722377420e-08,-4.793191905425273091e-08,2.403653935818713923e-08,-4.793191916069936139e-08,2.403653925666854644e-08,-4.793191922537371505e-08,2.403653919722377420e-08,-2.468035193011666181e-06,-2.495325303049294405e-06,-2.468035193011679733e-06,-2.495325303049291017e-06,-2.468035193011661099e-06,-2.495325303049294405e-06,-2.468035193011661099e-06,-2.495325303049291017e-06,-1.954903648766262436e-02,9.678762196699738571e-03,1.457043412475016737e+02,2.401671162550907752e+02,3.113458144447595749e-03,5.759581329634743709e-03,3.113458170502572935e-03,5.759581302789635975e-03,3.113458154099343032e-03,5.759581319513985311e-03,3.113458144447581004e-03,5.759581329634789679e-03,-4.183836335411412199e-01,3.889282161037946883e-01,-4.183836335411409979e-01,3.889282161037945218e-01,-4.183836335411413310e-01,3.889282161037946883e-01,-4.183836335411413310e-01,3.889282161037946883e-01
2.311224911220028880e+05,-1.195526753737855257e-07,-1.799559496008768618e-07,-1.002215737092261749e+00,1.548265167597318026e-03,-4.595455379714763998e-08,3.126249035404464081e-08,-4.595455361260287769e-08,3.126249049391010919e-08,-4.595455379707310108e-08,3.126249035409546279e-08,-4.595455379715102811e-08,3.126249035404125268e-08,-2.965506743973398644e-06,-2.318946649157427919e-06,-2.965506743973398644e-06,-2.318946649157427919e-06,-2.965506743973398644e-06,-2.318946649157427919e-06,-2.965506743973398644e-06,-2.318946649157433001e-06,-1.908967599345055832e-02,1.262844797350193456e-02,1.618959531915242565e+02,2.365131881284104054e+02,3.862396649657082182e-03,5.350889126969846261e-03,3.862396671751457990e-03,5.350889098761358632e-03,3.862396649666104912e-03,5.350889126958121265e-03,3.862396649657105600e-03,5.350889126969849731e-03,-3.812705269179319512e-01,4.575120164815442148e-01,-3.812705269179319512e-01,4.575120164815442148e-01,-3.812705269179319512e-01,4.575120164815442148e-01,-3.812705269179318401e-01,4.575120164815441037e-01
2.378731033610910526e+05,-1.506965503245030584e-07,-1.753799320903907943e-07,-1.002224516157784517e+00,1.743089977904288546e-03,-4.261615563571312512e-08,3.798008601779221251e-08,-4.261615544231517447e-08,3.798008613407628364e-08,-4.261615558548407135e-08,3.798008604712326940e-08,-4.261615563571651325e-08,3.798008601778543624e-08,-3.437005666529909203e-06,-2.049655546738852799e-06,-3.437005666529912592e-06,-2.049655546738859575e-06,-3.437005666529909203e-06,-2.049655546738852799e-06,-3.437005666529912592e-06,-2.049655546738873128e-06,-1.808310210993816294e-02,1.547688138188935310e-02,1.773333683268126606e+02,2.309532782055504754e+02,4.507044860164352920e-03,4.807346483955898461e-03,4.507044878117482355e-03,4.807346455162740499e-03,4.507044864718871141e-03,4.807346476490504707e-03,4.507044860164384145e-03,4.807346483955914941e-03,-3.315276058358996858e-01,5.183920073523784477e-01,-3.315276058358996858e-01,5.183920073523784477e-01,-3.315276058358996858e-01,5.183920073523784477e-01,-3.315276058358996858e-01,5.183920073523785588e-01
2.448208870886886434e+05,-1.812270211739582621e-07,-1.654288490358956417e-07,-1.002215186772061228e+00,1.936908801578596240e-03,-3.812211146139320075e-08,4.388003092620627768e-08,-3.812211126411245107e-08,4.388003101780950279e-08,-3.812211138201943733e-08,4.388003096175794454e-08,-3.812211146139320075e-08,4.388003092621135988e-08,-3.861029093444544427e-06,-1.697576152316662793e-06,-3.861029093444544427e-06,-1.697576152316657711e-06,-3.861029093444532569e-06,-1.697576152316666181e-06,-3.861029093444537651e-06,-1.697576152316659405e-06,-1.658058527507204338e-02,1.809314208261224299e-02,1.916842891056871281e+02,2.237127917273501509e+02,5.020543176445902735e-03,4.164197079660032601e-03,5.020543190301182505e-03,4.164197051058430611e-03,5.020543181866971710e-03,4.164197068169906042e-03,5.020543176445933960e-03,4.164197079660077704e-03,-2.717126673984665564e-01,5.687920341959815662e-01,-2.717126673984664453e-01,5.687920341959814552e-01,-2.717126673984666674e-01,5.687920341959816772e-01,-2.717126673984666674e-01,5.687920341959814552e-01
2.519716012781308091e+05,-2.099471999262111531e-07,-1.505383007717995842e-07,-1.002189228952496958e+00,2.126611576951487059e-03,-3.275125004837479959e-08,4.874452220267168150e-08,-3.275124982239657366e-08,4.874452227953483927e-08,-3.275125001527275201e-08,4.874452221347304564e-08,-3.275125004837818772e-08,4.874452220267506963e-08,-4.220965582720957802e-06,-1.278458831101726085e-06,-4.220965582720944250e-06,-1.278458831101719309e-06,-4.220965582720957802e-06,-1.278458831101719309e-06,-4.220965582720961190e-06,-1.278458831101723544e-06,-1.466846193361294112e-02,2.037343544287076313e-02,2.046969163173489505e+02,2.150832915544027628e+02,5.389365386562755024e-03,3.461162386487737913e-03,5.389365398021738092e-03,3.461162354594848108e-03,5.389365388189965543e-03,3.461162381820626598e-03,5.389365386562766300e-03,3.461162386487745719e-03,-2.049963233972960097e-01,6.069636047256066202e-01,-2.049963233972960097e-01,6.069636047256065092e-01,-2.049963233972960097e-01,6.069636047256066202e-01,-2.049963233972960930e-01,6.069636047256068423e-01
2.593311731105099607e+05,-2.359061058527031499e-07,-1.314431474020501690e-07,-1.002148745095309490e+00,2.309724370063603871e-03,-2.681404380150292943e-08,5.246028630917640905e-08,-2.681404358091522117e-08,5.246028635974004083e-08,-2.681404376137050839e-08,5.246028631781614511e-08,-2.681404380150631756e-08,5.246028630917471498e-08,-4.506434449949101780e-06,-8.112452133681005749e-07,-4.506434449949101780e-06,-8.112452133681005749e-07,-4.506434449949108556e-06,-8.112452133681014220e-07,-4.506434449949108556e-06,-8.112452133681005749e-07,-1.245404405622846204e-02,2.224977021725446646e-02,2.162110635048482550e+02,2.053911355078926988e+02,5.612994978969502308e-03,2.737195808992059533e-03,5.612994986473095541e-03,2.737195778684742113e-03,5.612994980275546122e-03,2.737195803481683523e-03,5.612994978969559554e-03,2.737195808992062135e-03,-1.347207972207444537e-01,6.322639323872304429e-01,-1.347207972207444537e-01,6.322639323872304429e-01,-1.347207972207444260e-01,6.322639323872303319e-01,-1.347207972207444537e-01,6.322639323872304429e-01
2.669057028876781696e+05,-2.584624736163281423e-07,-1.090528871004151513e-07,-1.002096200449899666e+00,2.484509171240545378e-03,-2.061327641816041562e-08,5.501311066845025765e-08,-2.061327620718144912e-08,5.501311069521565175e-08,-2.061327638275443843e-08,5.501311067244147690e-08,-2.061327641816380375e-08,5.501311066845025765e-08,-4.713444476030513968e-06,-3.155347509960809336e-07,-4.713444476030519050e-06,-3.155347509960766984e-07,-4.713444476030515662e-06,-3.155347509960944861e-07,-4.713444476030491945e-06,-3.155347509961215911e-07,-1.005064108163883189e-02,2.369163279126996688e-02,2.261568232406099810e+02,1.949669216286265794e+02,5.701637792245331689e-03,2.026320641991524469e-03,5.701637796332931739e-03,2.026320613773341470e-03,5.701637792880008028e-03,2.026320637257703495e-03,5.701637792245316076e-03,2.026320641991558296e-03,-6.400658675679606058e-02,6.450485171889926983e-01,-6.400658675679603282e-02,6.450485171889924763e-01,-6.400658675679608833e-02,6.450485171889926983e-01,-6.400658675679629650e-02,6.450485171889929203e-01
2.747014690887480974e+05,-2.772907343792076830e-07,-8.432705450622021009e-08,-1.002034173239402470e+00,2.649962491911739271e-03,-1.441437651036940560e-08,5.646905732927780732e-08,-1.441437631221790605e-08,5.646905733542070202e-08,-1.441437647573253432e-08,5.646905732983219039e-08,-1.441437651036601747e-08,5.646905732927357216e-08,-4.843589907570732927e-06,1.905279641938006344e-07,-4.843589907570731233e-06,1.905279641938116458e-07,-4.843589907570732927e-06,1.905279641938006344e-07,-4.843589907570729539e-06,1.905279641937858113e-07,-7.564836660094826151e-03,2.470183840769497527e-02,2.345434543871021447e+02,1.841203412343997741e+02,5.672870007566228889e-03,1.355126511947808265e-03,5.672870008829529985e-03,1.355126486151893381e-03,5.672870007736308118e-03,1.355126507439240050e-03,5.672870007566201134e-03,1.355126511947828865e-03,4.525609852330997329e-03,6.464397256176781514e-01,4.525609852330955696e-03,6.464397256176778184e-01,4.525609852330997329e-03,6.464397256176781514e-01,4.525609852331025952e-03,6.464397256176780404e-01
2.827249335742841358e+05,-2.923426534776844138e-07,-5.817357155010944615e-08,-1.001965148982824960e+00,2.805736881774212321e-03,-8.428369077508268909e-09,5.694934852056708115e-08,-8.428368894433955821e-09,5.694934850958926945e-08,-8.428369048861614633e-09,5.694934851839370048e-08,-8.428369077504880777e-09,5.694934852057020458e-08,-4.902675873935187606e-06,6.916612710206890898e-07,-4.902675873935187606e-06,6.916612710207005247e-07,-4.902675873935196077e-06,6.916612710206890898e-07,-4.902675873935182524e-06,6.916612710206740550e-07,-5.087795400998218996e-03,2.530882583053122720e-02,2.414424355397563886e+02,1.731228672383004721e+02,5.548131015714528186e-03,7.419438252600931262e-04,5.548131014746149163e-03,7.419438020619079999e-04,5.548131015519530522e-03,7.419438216302388965e-04,5.548131015714500430e-03,7.419438252601175208e-04,6.889582259719628787e-02,6.380464189343737491e-01,6.889582259719626012e-02,6.380464189343734160e-01,6.889582259719637114e-02,6.380464189343738601e-01,6.889582259719642665e-02,6.380464189343738601e-01
2.909827469424970914e+05,-3.037839925307939505e-07,-3.138096859152611842e-08,-1.001891375711211563e+00,2.952016976454752140e-03,-2.806645845423229877e-09,5.660517743845903791e-08,-2.806645653289052385e-09,5.660517740969930474e-08,-2.806645795556706206e-09,5.660517743024790052e-08,-2.806645845426618009e-09,5.660517743845861440e-08,-4.899175544212602565e-06,1.176109564513971778e-06,-4.899175544212599177e-06,1.176109564513970508e-06,-4.899175544212602565e-06,1.176109564513971778e-06,-4.899175544212609342e-06,1.176109564513984696e-06,-2.690928923478221393e-03,2.555777202660453745e-02,2.469686034042904055e+02,1.621985756517345862e+02,5.349720605166290860e-03,1.973311473555942506e-04,5.349720602077258358e-03,1.973311236572410207e-04,5.349720604294782265e-03,1.973311412019700909e-04,5.349720605166297799e-03,1.973311473555878538e-04,1.277843029637683314e-01,6.216978117327468523e-01,1.277843029637682759e-01,6.216978117327466302e-01,1.277843029637683314e-01,6.216978117327468523e-01,1.277843029637683592e-01,6.216978117327467412e-01
2.994817540418824065e+05,-3.119243117068728414e-07,-4.584655127867938440e-09,-1.001814780973314667e+00,3.089379692062466098e-03,2.355458937513182699e-09,5.559656748491268645e-08,2.355459087278772169e-09,5.559656745011657298e-08,2.355458965255205787e-09,5.559656747793737013e-08,2.355458937523347094e-09,5.559656748491353348e-08,-4.842821781237243505e-06,1.635690972402800519e-06,-4.842821781237253669e-06,1.635690972402815554e-06,-4.842821781237238423e-06,1.635690972402800519e-06,-4.842821781237251975e-06,1.635690972402802425e-06,-4.252225367924789045e-04,2.550234698616831233e-02,2.512624017688823415e+02,1.515218920096768613e+02,5.098624304785763853e-03,-2.746401326484503697e-04,5.098624300961010838e-03,-2.746401506259514222e-04,5.098624304028918745e-03,-2.746401359811107977e-04,5.098624304785775996e-03,-2.746401326484314504e-04,1.804655639924208077e-01,5.992302948973013965e-01,1.804655639924207522e-01,5.992302948973013965e-01,1.804655639924207244e-01,5.992302948973012855e-01,1.804655639924206134e-01,5.992302948973012855e-01
3.082289996448710444e+05,-3.171527950721918557e-07,2.173929410028167461e-08,-1.001736941168018813e+00,3.218660705310738557e-03,7.009914714884227238e-09,5.407707675970670864e-08,7.009914869843822741e-09,5.407707671032129968e-08,7.009914723649324176e-09,5.407707675675141069e-08,7.009914714884227238e-09,5.407707675970501457e-08,-4.743499652707531273e-06,2.065432518762326438e-06,-4.743499652707531273e-06,2.065432518762326438e-06,-4.743499652707531273e-06,2.065432518762326438e-06,-4.743499652707529579e-06,2.065432518762326438e-06,1.676938593693754094e-03,2.519813582160592910e-02,2.544750582683415416e+02,1.412203372649104267e+02,4.813205627740637337e-03,-6.747835562241427882e-04,4.813205622356508430e-03,-6.747835743333217666e-04,4.813205627421437809e-03,-6.747835572501224366e-04,4.813205627740609581e-03,-6.747835562241147073e-04,2.266965506615103432e-01,5.723412934751277437e-01,2.266965506615103432e-01,5.723412934751277437e-01,2.266965506615103432e-01,5.723412934751277437e-01,2.266965506615103154e-01,5.723412934751277437e-01
3.172317342871963046e+05,-3.198869194135102434e-07,4.726186192383595441e-08,-1.001659089192749041e+00,3.340840406131195817e-03,1.114521530545363058e-08,5.218436386313020543e-08,1.114521544237650650e-08,5.218436380812642694e-08,1.114521533183023656e-08,5.218436385198071075e-08,1.114521530545363058e-08,5.218436386312512323e-08,-4.610486982203885646e-06,2.462992650291982195e-06,-4.610486982203883952e-06,2.462992650291968219e-06,-4.610486982203878869e-06,2.462992650291953396e-06,-4.610486982203880563e-06,2.462992650291912315e-06,3.598610796980956407e-03,2.469805024538885077e-02,2.567574034669371486e+02,1.313802815673921884e+02,4.508628524513488833e-03,-1.007225607064571836e-03,4.508628518611512877e-03,-1.007225622640923459e-03,4.508628523327755031e-03,-1.007225610070199484e-03,4.508628524513510517e-03,-1.007225607064582461e-03,2.665915124131209013e-01,5.425064291883813228e-01,2.665915124131209013e-01,5.425064291883813228e-01,2.665915124131208458e-01,5.425064291883813228e-01,2.665915124131209568e-01,5.425064291883815448e-01
3.264974202778161853e+05,-3.205358562504144774e-07,7.177884024778106477e-08,-1.001582146244143878e+00,3.456954753839003303e-03,1.477577712473826510e-08,5.003561966097123481e-08,1.477577726309432077e-08,5.003561959347287331e-08,1.477577716032889548e-08,5.003561964286082337e-08,1.477577712473657104e-08,5.003561966097377591e-08,-4.452011832301867761e-06,2.828026390480965722e-06,-4.452011832301867761e-06,2.828026390480938194e-06,-4.452011832301859290e-06,2.828026390480936500e-06,-4.452011832301857596e-06,2.828026390480922523e-06,5.334720347840129356e-03,2.404958070392039168e-02,2.582522575607018780e+02,1.220540394373503688e+02,4.196804161243277570e-03,-1.278062205266160354e-03,4.196804154153649206e-03,-1.278062220592089248e-03,4.196804159354527129e-03,-1.278062209217070266e-03,4.196804161243260223e-03,-1.278062205266146259e-03,3.005051449392371898e-01,5.109469339469774329e-01,3.005051449392371343e-01,5.109469339469773219e-01,3.005051449392373009e-01,5.109469339469774329e-01,3.005051449392373009e-01,5.109469339469774329e-01
3.360337378843734623e+05,-3.194773821837862231e-07,9.518515461949246612e-08,-1.001506765938067867e+00,3.568031035984742250e-03,1.793275543929986437e-08,4.772651404785463355e-08,1.793275556000714155e-08,4.772651397879434330e-08,1.793275545865117909e-08,4.772651403631550371e-08,1.793275543929647624e-08,4.772651404785548058e-08,-4.275058581957844704e-06,3.161592656010908066e-06,-4.275058581957846398e-06,3.161592656010894937e-06,-4.275058581957844704e-06,3.161592656010908066e-06,-4.275058581957831151e-06,3.161592656010867409e-06,6.888677822694376333e-03,2.329351011596168461e-02,2.590898643777855455e+02,1.132671136805724785e+02,3.886659895974136237e-03,-1.494320355908546928e-03,3.886659888883075425e-03,-1.494320368927203393e-03,3.886659894796854007e-03,-1.494320358001540675e-03,3.886659895974154018e-03,-1.494320355908568178e-03,3.289351669283966939e-01,4.786317369879821704e-01,3.289351669283967494e-01,4.786317369879822814e-01,3.289351669283966939e-01,4.786317369879821704e-01,3.289351669283966384e-01,4.786317369879822814e-01
3.458485916993202409e+05,-3.170456049455779631e-07,1.174500149912126529e-07,-1.001433382128539051e+00,3.675045441519253497e-03,2.065676823657667583e-08,4.533236866165291459e-08,2.065676835632849985e-08,4.533236858246380435e-08,2.065676826969227594e-08,4.533236863894057314e-08,2.065676823657328770e-08,4.533236866165291459e-08,-4.085346747437544970e-06,3.465654432199638887e-06,-4.085346747437538194e-06,3.465654432199624064e-06,-4.085346747437539888e-06,3.465654432199638887e-06,-4.085346747437543276e-06,3.465654432199636346e-06,8.269491738995505756e-03,2.246365623122217534e-02,2.593856821394631424e+02,1.050248552959056241e+02,3.584568390966711045e-03,-1.663222112167999289e-03,3.584568383035171939e-03,-1.663222124748204396e-03,3.584568388704004096e-03,-1.663222115656796648e-03,3.584568390966712346e-03,-1.663222112167991699e-03,3.524477853097847113e-01,4.463001992397266915e-01,3.524477853097847113e-01,4.463001992397265805e-01,3.524477853097846558e-01,4.463001992397266915e-01,3.524477853097848223e-01,4.463001992397266915e-01
3.559501171919839107e+05,-3.135264974759151236e-07,1.385951880970002527e-07,-1.001362254887066428e+00,3.778898092748894655e-03,2.299253608847816040e-08,4.291052500208116362e-08,2.299253617803495391e-08,4.291052493534343770e-08,2.299253609988938826e-08,4.291052499318901174e-08,2.299253608847646633e-08,4.291052500208116362e-08,-3.887415886464631099e-06,3.742687698162673762e-06,-3.887415886464645499e-06,3.742687698162674609e-06,-3.887415886464632793e-06,3.742687698162687314e-06,-3.887415886464641263e-06,3.742687698162654704e-06,9.489488784601554650e-03,2.158725663469336295e-02,2.592398482672181785e+02,9.731817331651207326e+01,3.294824379309635367e-03,-1.791706869771232148e-03,3.294824372784740593e-03,-1.791706878928292241e-03,3.294824378445805092e-03,-1.791706870943302835e-03,3.294824379309652281e-03,-1.791706869771251230e-03,3.716248126586817468e-01,4.144947462723801990e-01,3.716248126586819134e-01,4.144947462723803100e-01,3.716248126586817468e-01,4.144947462723800879e-01,3.716248126586818024e-01,4.144947462723803100e-01
3.663466874520053389e+05,-3.091585502988392900e-07,1.586772809750175298e-07,-1.001293511580118034e+00,3.880401085750773138e-03,2.498519282022291523e-08,4.050318098301643047e-08,2.498519290882086745e-08,4.050318090851649463e-08,2.498519283302835933e-08,4.050318097180679645e-08,2.498519282022122116e-08,4.050318098301812454e-08,-3.684765557209001313e-06,3.995394030053668483e-06,-3.684765557208998772e-06,3.995394030053675259e-06,-3.684765557209003007e-06,3.995394030053702364e-06,-3.684765557209009783e-06,3.995394030053682035e-06,1.056262212590917612e-02,2.068569777833821274e-02,2.587377350656930162e+02,9.012818252332100144e+01,3.020100866666498938e-03,-1.886153787293235818e-03,3.020100859573172578e-03,-1.886153796120231809e-03,3.020100865604742352e-03,-1.886153788574499108e-03,3.020100866666508913e-03,-1.886153787293228445e-03,3.870289382886427099e-01,3.835961223553171484e-01,3.870289382886424878e-01,3.835961223553169264e-01,3.870289382886424878e-01,3.835961223553169264e-01,3.870289382886427099e-01,3.835961223553172039e-01
3.770469201297392137e+05,-3.041364254137879537e-07,1.777740541656350941e-07,-1.001227181742026850e+00,3.980275615862616245e-03,2.667792875004055370e-08,3.814023702270033294e-08,2.667792882530112513e-08,3.814023695228987217e-08,2.667792876086055257e-08,3.814023701212089143e-08,2.667792875003547151e-08,3.814023702270372108e-08,-3.480015219001203605e-06,4.226501607757277637e-06,-3.480015219001198523e-06,4.226501607757271708e-06,-3.480015219001198523e-06,4.226501607757284414e-06,-3.480015219001208687e-06,4.226501607757270861e-06,1.150328649033845185e-02,1.977538042105356220e-02,2.579511438884260315e+02,8.342983122523685324e+01,2.761849822549189166e-03,-1.952247855667637276e-03,2.761849816017451775e-03,-1.952247862971012628e-03,2.761849821572780975e-03,-1.952247856723891535e-03,2.761849822549203911e-03,-1.952247855667619929e-03,3.991830104599514706e-01,3.538569068007250684e-01,3.991830104599513596e-01,3.538569068007251794e-01,3.991830104599513596e-01,3.538569068007250684e-01,3.991830104599513596e-01,3.538569068007251239e-01
3.880596845793692046e+05,-2.986160927844985378e-07,1.959743253373370580e-07,-1.001163225563217685e+00,4.079155031117304153e-03,2.811062755507964562e-08,3.584189766150857269e-08,2.811062762848097973e-08,3.584189758508078986e-08,2.811062756860422068e-08,3.584189764683626798e-08,2.811062755508133968e-08,3.584189766151196083e-08,-3.275062237408802996e-06,4.438636185810953180e-06,-3.275062237408808078e-06,4.438636185810954027e-06,-3.275062237408806384e-06,4.438636185810954027e-06,-3.275062237408811466e-06,4.438636185810955721e-06,1.232553762385834965e-02,1.886859069354237389e-02,2.569398122726330485e+02,7.719463070605455357e+01,2.520634620720928545e-03,-1.994942063984599719e-03,2.520634613820746297e-03,-1.994942070928223780e-03,2.520634619401956704e-03,-1.994942065271163023e-03,2.520634620720916836e-03,-1.994942063984605357e-03,4.085594435233411148e-01,3.254310711003066126e-01,4.085594435233410593e-01,3.254310711003066126e-01,4.085594435233411148e-01,3.254310711003066126e-01,4.085594435233411148e-01,3.254310711003066681e-01
3.993941092106585857e+05,-2.927204433060494240e-07,2.133708423672102178e-07,-1.001101556449153662e+00,4.177591435850031010e-03,2.931920388394767000e-08,3.362091385841445865e-08,2.931920394568790153e-08,3.362091378759911613e-08,2.931920390599170246e-08,3.362091383193959685e-08,2.931920388394767000e-08,3.362091385841445865e-08,-3.071225980018804273e-06,4.634244372849664733e-06,-3.071225980018803425e-06,4.634244372849652028e-06,-3.071225980018804273e-06,4.634244372849664733e-06,-3.071225980018817825e-06,4.634244372849651181e-06,1.304261635354529714e-02,1.797430337286603022e-02,2.557530152668838923e+02,7.139263757720907222e+01,2.296394546802758667e-03,-2.018479227249654964e-03,2.296394540577752479e-03,-2.018479232940393209e-03,2.296394544486025924e-03,-2.018479229295861051e-03,2.296394546802745223e-03,-2.018479227249653663e-03,4.155765154030953146e-01,2.983987622835053699e-01,4.155765154030951480e-01,2.983987622835053144e-01,4.155765154030953146e-01,2.983987622835053699e-01,4.155765154030954256e-01,2.983987622835053699e-01
4.110595890554304351e+05,-2.865447652696141842e-07,2.300554869008570409e-07,-1.001042058405867907e+00,4.276064148374586482e-03,3.033540855696234317e-08,3.148443858312555859e-08,3.033540861637577519e-08,3.148443850780230672e-08,3.033540858186765292e-08,3.148443855010482617e-08,3.033540855696064911e-08,3.148443858312725266e-08,-2.869372620527303631e-06,4.815554172531103519e-06,-2.869372620527307866e-06,4.815554172531097590e-06,-2.869372620527307019e-06,4.815554172531103519e-06,-2.869372620527323960e-06,4.815554172531106061e-06,1.366669133499903710e-02,1.709888304075368390e-02,2.544311242616898880e+02,6.599384037984211204e+01,2.088648466564698141e-03,-2.026447293564982884e-03,2.088648460122122501e-03,-2.026447298907697002e-03,2.088648463751305393e-03,-2.026447295821523324e-03,2.088648466564716789e-03,-2.026447293564972042e-03,4.205990659804462184e-01,2.727863325949790863e-01,4.205990659804459963e-01,2.727863325949789752e-01,4.205990659804462184e-01,2.727863325949790863e-01,4.205990659804462184e-01,2.727863325949791418e-01
4.230657935550494585e+05,-2.801617493834089676e-07,2.461162328522791248e-07,-1.000984599098079464e+00,4.374988862184125971e-03,3.118692765014641183e-08,2.943551624814567795e-08,3.118692769956485508e-08,2.943551617948010504e-08,3.118692766045819093e-08,2.943551623307018555e-08,3.118692765014895293e-08,2.943551624814567795e-08,-2.670019388904571345e-06,4.984560846165994052e-06,-2.670019388904566263e-06,4.984560846165980499e-06,-2.670019388904575581e-06,4.984560846165980499e-06,-2.670019388904572192e-06,4.984560846165980499e-06,1.420875181137414706e-02,1.624667331124840172e-02,2.530070456867437088e+02,6.096908664977298287e+01,1.896647332073372058e-03,-2.021850464525337850e-03,1.896647326356676495e-03,-2.021850468856968824e-03,1.896647330823282400e-03,-2.021850465437440274e-03,1.896647332073381383e-03,-2.021850464525321803e-03,4.239417879805015277e-01,2.485820706305105487e-01,4.239417879805013611e-01,2.485820706305104932e-01,4.239417879805015277e-01,2.485820706305105487e-01,4.239417879805015277e-01,2.485820706305105765e-01
4.354226745753595605e+05,-2.736258714098628846e-07,2.616353813604367444e-07,-1.000929039396694975e+00,4.474726770796688680e-03,3.189765147119989237e-08,2.747425030494089250e-08,3.189765151182528659e-08,2.747425024319388471e-08,3.189765147435763120e-08,2.747425029985022448e-08,3.189765147120158644e-08,2.747425030494089250e-08,-2.473419322819914663e-06,5.143029120950988772e-06,-2.473419322819918898e-06,5.143029120950990466e-06,-2.473419322819923133e-06,5.143029120950981996e-06,-2.473419322819929062e-06,5.143029120950963361e-06,1.467859842174701335e-02,1.542047834406405291e-02,2.515075020820217730e+02,5.629066542097351800e+01,1.719485548687027434e-03,-2.007184810223776490e-03,1.719485543683412724e-03,-2.007184813695062683e-03,1.719485548276189621e-03,-2.007184810496667141e-03,1.719485548687033072e-03,-2.007184810223772153e-03,4.258738618963763822e-01,2.257482679080679011e-01,4.258738618963762157e-01,2.257482679080678456e-01,4.258738618963764377e-01,2.257482679080679566e-01,4.258738618963763267e-01,2.257482679080680121e-01
4.481404746557218023e+05,-2.669771152972164920e-07,2.766886937416855488e-07,-1.000875240144341038e+00,4.575593211070927424e-03,3.248802933559804577e-08,2.559870045007112870e-08,3.248802937965731156e-08,2.559870037559236868e-08,3.248802934418907744e-08,2.559870043477540774e-08,3.248802933559846929e-08,2.559870045007197573e-08,-2.279628708540460923e-06,5.292505261588494845e-06,-2.279628708540452453e-06,5.292505261588494845e-06,-2.279628708540451606e-06,5.292505261588481292e-06,-2.279628708540454147e-06,5.292505261588494845e-06,1.508489431845102570e-02,1.462194789625435344e-02,2.499541438621276370e+02,5.193263807636719775e+01,1.556180276127662075e-03,-1.984511658018718074e-03,1.556180270260020850e-03,-1.984511661702550393e-03,1.556180274926235096e-03,-1.984511658745033349e-03,1.556180276127647547e-03,-1.984511658018724579e-03,4.266241126854232735e-01,2.042302843895159870e-01,4.266241126854230514e-01,2.042302843895158482e-01,4.266241126854232180e-01,2.042302843895159592e-01,4.266241126854232180e-01,2.042302843895159870e-01
4.612297354989894084e+05,-2.602440647386078908e-07,2.913451346077703882e-07,-1.000823066757767332e+00,4.677865582845747161e-03,3.297545513104483645e-08,2.380556025190372094e-08,3.297545516706872418e-08,2.380556018513634887e-08,3.297545513679873126e-08,2.380556024057296121e-08,3.297545513104737755e-08,2.380556025190287391e-08,-2.088559797601074445e-06,5.434334498383437623e-06,-2.088559797601070210e-06,5.434334498383436776e-06,-2.088559797601073598e-06,5.434334498383436776e-06,-2.088559797601083763e-06,5.434334498383424917e-06,1.543525018952160432e-02,1.385187985679546888e-02,2.483644956647656841e+02,4.787099025714699962e+01,1.405726384899863655e-03,-1.955525096406006500e-03,1.405726379781017769e-03,-1.955525099345972479e-03,1.405726384033927426e-03,-1.955525096881891457e-03,1.405726384899854547e-03,-1.955525096406003031e-03,4.263861754647471081e-01,1.839632273420787334e-01,4.263861754647471081e-01,1.839632273420787612e-01,4.263861754647471081e-01,1.839632273420787056e-01,4.263861754647472191e-01,1.839632273420788167e-01
4.747013067094576545e+05,-2.534464242083495989e-07,3.056670123012723318e-07,-1.000772392175592218e+00,4.781790437146368755e-03,3.337464959350139139e-08,2.209066083555455884e-08,3.337464962680503281e-08,2.209066076719815296e-08,3.337464960232281602e-08,2.209066081626592456e-08,3.337464959350139139e-08,2.209066083555540587e-08,-1.900021371150319694e-06,5.569680785064940617e-06,-1.900021371150320965e-06,5.569680785064927065e-06,-1.900021371150319694e-06,5.569680785064940617e-06,-1.900021371150329012e-06,5.569680785064933841e-06,1.573632533602931441e-02,1.311045440205768284e-02,2.467527497695841987e+02,4.408366032542797797e+01,1.267133325977057128e-03,-1.921611937197579244e-03,1.267133320879451413e-03,-1.921611939856937437e-03,1.267133324542728343e-03,-1.921611937912600819e-03,1.267133325977056260e-03,-1.921611937197590303e-03,4.253233719405174473e-01,1.648767750071644944e-01,4.253233719405172808e-01,1.648767750071644944e-01,4.253233719405174473e-01,1.648767750071644944e-01,4.253233719405175028e-01,1.648767750071645499e-01
4.885663547860311810e+05,-2.465970435457033767e-07,3.197103636944027870e-07,-1.000723098559397783e+00,4.887589710493661643e-03,3.369801984697524760e-08,2.044933904884350527e-08,3.369801987367965532e-08,2.044933898851358361e-08,3.369801985559041970e-08,2.044933902783539412e-08,3.369801984697482408e-08,2.044933904884519934e-08,-1.713749491934404670e-06,5.699546939659647594e-06,-1.713749491934408058e-06,5.699546939659641664e-06,-1.713749491934406788e-06,5.699546939659646747e-06,-1.713749491934406788e-06,5.699546939659634888e-06,1.599393322116214947e-02,1.239741279154490776e-02,2.451304231259884432e+02,4.055048585472499667e+01,1.139448793326339453e-03,-1.883903728514153223e-03,1.139448788948449042e-03,-1.883903730597800497e-03,1.139448791806237917e-03,-1.883903729199288765e-03,1.139448793326344658e-03,-1.883903728514154958e-03,4.235731432648616734e-01,1.468985846109900906e-01,4.235731432648616734e-01,1.468985846109901183e-01,4.235731432648617845e-01,1.468985846109901461e-01,4.235731432648617845e-01,1.468985846109901738e-01
5.028363723780633300e+05,-2.397035216965287150e-07,3.335254755582129694e-07,-1.000675078070007773e+00,4.995466134104648015e-03,3.395598599891772214e-08,1.887670210726096848e-08,3.395598602314540553e-08,1.887670204614669430e-08,3.395598600356496840e-08,1.887670209454446284e-08,3.395598599891983972e-08,1.887670210726096848e-08,-1.529430470694763014e-06,5.824793974223756529e-06,-1.529430470694767673e-06,5.824793974223756529e-06,-1.529430470694761320e-06,5.824793974223756529e-06,-1.529430470694773179e-06,5.824793974223754835e-06,1.621314430865024650e-02,1.171219215047980544e-02,2.435068957578760944e+02,3.725309856412685150e+01,1.021772950523508645e-03,-1.843321094311416077e-03,1.021772946210087497e-03,-1.843321096164830201e-03,1.021772949628191188e-03,-1.843321094674615999e-03,1.021772950523493250e-03,-1.843321094311418896e-03,4.212509769133746529e-01,1.299566376072099627e-01,4.212509769133745974e-01,1.299566376072098794e-01,4.212509769133745974e-01,1.299566376072100460e-01,4.212509769133747084e-01,1.299566376072099905e-01
5.175231878115393338e+05,-2.327694604159502318e-07,3.471574686033577876e-07,-1.000628232969470899e+00,5.105607875275891550e-03,3.415727096589817207e-08,1.736781389351394346e-08,3.415727098755765156e-08,1.736781383211845434e-08,3.415727097082980964e-08,1.736781387824448052e-08,3.415727096589880734e-08,1.736781389351648455e-08,-1.346717741305479087e-06,5.946158937564302181e-06,-1.346717741305470193e-06,5.946158937564310651e-06,-1.346717741305479087e-06,5.946158937564302181e-06,-1.346717741305482051e-06,5.946158937564302181e-06,1.639838205249045944e-02,1.105402577046906212e-02,2.418898478903926730e+02,3.417478959076252920e+01,9.132660214964616547e-04,-1.800611068240008834e-03,9.132660172813203978e-04,-1.800611069867295681e-03,9.132660204503827411e-04,-1.800611068619674968e-03,9.132660214964658831e-04,-1.800611068240011220e-03,4.184538218265569931e-01,1.139807989356403373e-01,4.184538218265568266e-01,1.139807989356402679e-01,4.184538218265569931e-01,1.139807989356403373e-01,4.184538218265569931e-01,1.139807989356403373e-01
5.326389748934998643e+05,-2.257954309884291789e-07,3.606468949383122345e-07,-1.000582475241777125e+00,5.218192481976011154e-03,3.430915327149512177e-08,1.591782303139283153e-08,3.430915329054828089e-08,1.591782297017606637e-08,3.430915327485233686e-08,1.591782301949117159e-08,3.430915327149491001e-08,1.591782303139537263e-08,-1.165244027630577086e-06,6.064270939029409239e-06,-1.165244027630577086e-06,6.064270939029409239e-06,-1.165244027630577086e-06,6.064270939029409239e-06,-1.165244027630580474e-06,6.064270939029422792e-06,1.655350993526214995e-02,1.042201673212152929e-02,2.402856118332267101e+02,3.130036054740077844e+01,8.131513395796024146e-04,-1.756378232443516320e-03,8.131513354915189187e-04,-1.756378233852460028e-03,8.131513387862670736e-04,-1.756378232699109176e-03,8.131513395796040409e-04,-1.756378232443514369e-03,4.152630185770420645e-01,9.890380358134719108e-02,4.152630185770420645e-01,9.890380358134716332e-02,4.152630185770420645e-01,9.890380358134719108e-02,4.152630185770420645e-01,9.890380358134716332e-02
5.481962630028314888e+05,-2.187797084151732029e-07,3.740303171958432355e-07,-1.000537725879745210e+00,5.333390206202284767e-03,3.441768487360016483e-08,1.452204795202147772e-08,3.441768489005568566e-08,1.452204789141372924e-08,3.441768487639473829e-08,1.452204794050437073e-08,3.441768487359910604e-08,1.452204795202147772e-08,-9.846299129915960023e-07,6.179665241500844555e-06,-9.846299129915943082e-07,6.179665241500857260e-06,-9.846299129915960023e-07,6.179665241500844555e-06,-9.846299129915951553e-07,6.179665241500851331e-06,1.668190876745167736e-02,9.815191123177323396e-03,2.386994529393157904e+02,2.861597100452845055e+01,7.207153547318985052e-04,-1.711110515737135785e-03,7.207153507950259759e-04,-1.711110516938335081e-03,7.207153539851930734e-04,-1.711110515948496228e-03,7.207153547319033841e-04,-1.711110515737128846e-03,4.117467880386141976e-01,8.466183252837324036e-02,4.117467880386144197e-01,8.466183252837332363e-02,4.117467880386141976e-01,8.466183252837324036e-02,4.117467880386143086e-01,8.466183252837335138e-02
5.642079474757885328e+05,-2.117188190963972165e-07,3.873408498988306354e-07,-1.000493913949804581e+00,5.451366780663768896e-03,3.448787707508885008e-08,1.317603085364468920e-08,3.448787708744091979e-08,1.317603080163432514e-08,3.448787707876433779e-08,1.317603083569436699e-08,3.448787707508757953e-08,1.317603085364723030e-08,-8.044896934403697533e-07,6.292795447779141796e-06,-8.044896934403697533e-07,6.292795447779141796e-06,-8.044896934403697533e-07,6.292795447779141796e-06,-8.044896934403765296e-07,6.292795447779148573e-06,1.678654428175891875e-02,9.232535823744449435e-03,2.371357921280270489e+02,2.610898949693116577e+01,6.353056939007988707e-04,-1.665200455979590384e-03,6.353056906135829936e-04,-1.665200456868345599e-03,6.353056927682837821e-04,-1.665200456257453837e-03,6.353056939007959434e-04,-1.665200455979595371e-03,4.079623288917393342e-01,7.119479978950547794e-02,4.079623288917393897e-01,7.119479978950547794e-02,4.079623288917393342e-01,7.119479978950547794e-02,4.079623288917393897e-01,7.119479978950545018e-02
5.806873002948543290e+05,-2.046079402177934745e-07,4.006086522955285966e-07,-1.000450975518631047e+00,5.572285719319003405e-03,3.452385811259702907e-08,1.187556941393869310e-08,3.452385812280790537e-08,1.187556936302438967e-08,3.452385811371606547e-08,1.187556940727593194e-08,3.452385811259692319e-08,1.187556941393615200e-08,-6.244352049508255240e-07,6.404043884930645645e-06,-6.244352049508119715e-07,6.404043884930644798e-06,-6.244352049508255240e-07,6.404043884930645645e-06,-6.244352049508119715e-07,6.404043884930644798e-06,1.687002554735848522e-02,8.673024747887132097e-03,2.355983806836559609e+02,2.376785257944919039e+01,5.563280388938843463e-04,-1.618962661874640430e-03,5.563280357637533178e-04,-1.618962662606284993e-03,5.563280384850199977e-04,-1.618962661960015497e-03,5.563280388938956220e-04,-1.618962661874642165e-03,4.039575752658517982e-01,5.844644068643668061e-02,4.039575752658517982e-01,5.844644068643665286e-02,4.039575752658517982e-01,5.844644068643668061e-02,4.039575752658518537e-01,5.844644068643665979e-02
5.976479810898024589e+05,-1.974411822231852401e-07,4.138613676930649201e-07,-1.000408852504053092e+00,5.696310206708375679e-03,3.452900606351945032e-08,1.061673292192895270e-08,3.452900607167118952e-08,1.061673287245884045e-08,3.452900606613064114e-08,1.061673290212447536e-08,3.452900606351860329e-08,1.061673292192895270e-08,-4.440781614820091704e-07,6.513730332451180055e-06,-4.440781614820163702e-07,6.513730332451180055e-06,-4.440781614820091704e-07,6.513730332451180055e-06,-4.440781614820091704e-07,6.513730332451178361e-06,1.693465498923863236e-02,8.135636554849477037e-03,2.340904363993861068e+02,2.158193460536709196e+01,4.832423553084221079e-04,-1.572648118396245773e-03,4.832423523497023045e-04,-1.572648118983025747e-03,4.832423541255508699e-04,-1.572648118601148491e-03,4.832423553084268784e-04,-1.572648118396242087e-03,3.997726632581836692e-01,4.636426750841261823e-02,3.997726632581836137e-01,4.636426750841261823e-02,3.997726632581836692e-01,4.636426750841261823e-02,3.997726632581836137e-01,4.636426750841258354e-02
6.151040484600760974e+05,-1.902117803735350237e-07,4.271245077444138136e-07,-1.000367491496058081e+00,5.823604634851646533e-03,3.450606052591307962e-08,9.395867750478610267e-09,3.450606053211711950e-08,9.395867702764397315e-09,3.450606052691421962e-08,9.395867740111774025e-09,3.450606052591339725e-08,9.395867750480304333e-09,-2.630314271725783391e-07,6.622119254045127641e-06,-2.630314271725783391e-07,6.622119254045127641e-06,-2.630314271725859624e-07,6.622119254045114088e-06,-2.630314271725863860e-07,6.622119254045107312e-06,1.698247089521863831e-02,7.619366160997395783e-03,2.326147486709423617e+02,1.954142958868993674e+01,4.155588339454246061e-04,-1.526455888423741821e-03,4.155588311693095478e-04,-1.526455888878846525e-03,4.155588333428294296e-04,-1.526455888507166408e-03,4.155588339454285092e-04,-1.526455888423742038e-03,3.954411505446588926e-01,3.489944095024259674e-02,3.954411505446588926e-01,3.489944095024259674e-02,3.954411505446587816e-01,3.489944095024257592e-02,3.954411505446587816e-01,3.489944095024261062e-02
6.330699716278710403e+05,-1.829122156706149659e-07,4.404217835418740599e-07,-1.000326842580801401e+00,5.954335840274799230e-03,3.445721627614062033e-08,8.209595885773222001e-09,3.445721628052896569e-08,8.209595840102052518e-09,3.445721627687994775e-08,8.209595873794482061e-09,3.445721627614064680e-08,8.209595885773222001e-09,-8.090953430649061827e-08,6.729425702914089747e-06,-8.090953430649061827e-08,6.729425702914089747e-06,-8.090953430649061827e-08,6.729425702914089747e-06,-8.090953430651835860e-08,6.729425702914097370e-06,1.701528335496210742e-02,7.123231794628881626e-03,2.311737588626099864e+02,1.763724559516064616e+01,3.528337914802923722e-04,-1.480542678387481229e-03,3.528337888951608276e-04,-1.480542678724681548e-03,3.528337908027708567e-04,-1.480542678458140853e-03,3.528337914802904748e-04,-1.480542678387479494e-03,3.909910288215827645e-01,2.400659107545338386e-02,3.909910288215827645e-01,2.400659107545338039e-02,3.909910288215827645e-01,2.400659107545338386e-02,3.909910288215827090e-01,2.400659107545336998e-02
6.515606424315809272e+05,-1.755342823669557486e-07,4.537753858311787856e-07,-1.000286858190576833e+00,6.088674087753664227e-03,3.438420174073824662e-08,7.054809049264469830e-09,3.438420174346730075e-08,7.054809005895535897e-09,3.438420174094175952e-08,7.054809041786015938e-09,3.438420174073874955e-08,7.054809049266163895e-09,1.026712971765843983e-07,6.835820054906470050e-06,1.026712971765858806e-07,6.835820054906475979e-06,1.026712971765911746e-07,6.835820054906469203e-06,1.026712971765843983e-07,6.835820054906470050e-06,1.703470449733078887e-02,6.646278943746799714e-03,2.297696211627450680e+02,1.586091148453506250e+01,2.946656776345170196e-04,-1.435030658565956008e-03,2.946656752462046528e-04,-1.435030658799324671e-03,2.946656772228116818e-04,-1.435030658595046020e-03,2.946656776345162065e-04,-1.435030658565956008e-03,3.864455630638355399e-01,1.364361255427501071e-02,3.864455630638356509e-01,1.364361255427502806e-02,3.864455630638354844e-01,1.364361255427492398e-02,3.864455630638355399e-01,1.364361255427501592e-02
6.705913876695464132e+05,-1.680691150282375519e-07,4.672062184667929270e-07,-1.000247491994912474e+00,6.226793841791408712e-03,3.428834479394393920e-08,5.928660380138656269e-09,3.428834479514426430e-08,5.928660333316369011e-09,3.428834479391645033e-08,5.928660376354113061e-09,3.428834479394370097e-08,5.928660380137809236e-09,2.880934577582110882e-07,6.941431720118781143e-06,2.880934577582176527e-07,6.941431720118781990e-06,2.880934577582110882e-07,6.941431720118781143e-06,2.880934577582110882e-07,6.941431720118781143e-06,1.704217386726021924e-02,6.187582171557671346e-03,2.284042482033435704e+02,1.420449541476098787e+01,2.406912873173099347e-04,-1.390013861232385593e-03,2.406912848088572064e-04,-1.390013861388035392e-03,2.406912871146850712e-04,-1.390013861239958529e-03,2.406912873173070887e-04,-1.390013861232389280e-03,3.818239872315669636e-01,3.771450389248737385e-03,3.818239872315668526e-01,3.771450389248740855e-03,3.818239872315669636e-01,3.771450389248737385e-03,3.818239872315669636e-01,3.771450389248740855e-03
6.901779818043402629e+05,-1.605071861447926679e-07,4.807340889260716002e-07,-1.000208697841911354e+00,6.368874361700877645e-03,3.417062803307107389e-08,4.828554908887071491e-09,3.417062803301628145e-08,4.828554870787529524e-09,3.417062803280669374e-08,4.828554902458938455e-09,3.417062803307170917e-08,4.828554908888765557e-09,4.757384138646712014e-07,7.046351964359655079e-06,4.757384138646779777e-07,7.046351964359655926e-06,4.757384138646703544e-07,7.046351964359655079e-06,4.757384138646712014e-07,7.046351964359661856e-06,1.703897967417080175e-02,5.746245544200698913e-03,2.270793449194396203e+02,1.266053426338498156e+01,1.905822229399129625e-04,-1.345563422170379525e-03,1.905822209538916975e-04,-1.345563422238360519e-03,1.905822226047830623e-04,-1.345563422171828453e-03,1.905822229399147785e-04,-1.345563422170377357e-03,3.771420812199404171e-01,-5.646112319624586352e-03,3.771420812199403061e-01,-5.646112319624468391e-03,3.771420812199403616e-01,-5.646112319624579413e-03,3.771420812199404726e-01,-5.646112319624610638e-03
7.103366600381177850e+05,-1.528382824715087242e-07,4.943778603428590615e-07,-1.000170428754201479e+00,6.515100151459129324e-03,3.403173539635698570e-08,3.752139892717663394e-09,3.403173539520634439e-08,3.752139857534455864e-09,3.403173539584633072e-08,3.752139885940552783e-09,3.403173539635650925e-08,3.752139892718510427e-09,6.659872352551386308e-07,7.150635961530274910e-06,6.659872352551301605e-07,7.150635961530248652e-06,6.659872352551386308e-07,7.150635961530274910e-06,6.659872352551307958e-07,7.150635961530254581e-06,1.702627657955086554e-02,5.321402191967676380e-03,2.257964334519681131e+02,1.122197297619019807e+01,1.440416384057700329e-04,-1.301731882623550617e-03,1.440416366213700396e-04,-1.301731882629579215e-03,1.440416380618962048e-04,-1.301731882613708013e-03,1.440416384057682439e-04,-1.301731882623548883e-03,3.724126501472833639e-01,-1.464265759979171098e-02,3.724126501472832529e-01,-1.464265759979169884e-02,3.724126501472833639e-01,-1.464265759979171098e-02,3.724126501472833639e-01,-1.464265759979173007e-02
7.310841317698718049e+05,-1.450514666591064218e-07,5.081555692245663668e-07,-1.000132635980165219e+00,6.665661291199045588e-03,3.387209169943437219e-08,2.697295383030018292e-09,3.387209169682498131e-08,2.697295345650454329e-09,3.387209169833873507e-08,2.697295373037570613e-09,3.387209169943437219e-08,2.697295383032559390e-09,8.592211009090896055e-07,7.254304182311026552e-06,8.592211009090887585e-07,7.254304182311014694e-06,8.592211009091027345e-07,7.254304182311019776e-06,8.592211009091048521e-07,7.254304182311033328e-06,1.700510059786295922e-02,4.912213381166238672e-03,2.245568713343972718e+02,9.882112788407836135e+00,1.008012559619054111e-04,-1.258556728885076728e-03,1.008012541170559697e-04,-1.258556728826479071e-03,1.008012554682780824e-04,-1.258556728854690878e-03,1.008012559619064682e-04,-1.258556728885076945e-03,3.676459235057303321e-01,-2.324932246006558567e-02,3.676459235057302211e-01,-2.324932246006554751e-02,3.676459235057303321e-01,-2.324932246006561343e-02,3.676459235057303321e-01,-2.324932246006547812e-02
7.524375944457463920e+05,-1.371350294383571686e-07,5.220845127018870583e-07,-1.000095268098218027e+00,6.820753673267048595e-03,3.369189641484288418e-08,1.662125583050955689e-09,3.369189641069994015e-08,1.662125544054405830e-09,3.369189641402359156e-08,1.662125577368211646e-09,3.369189641484277830e-08,1.662125583053496787e-09,1.055821716906723060e-06,7.357343211300432420e-06,1.055821716906723060e-06,7.357343211300432420e-06,1.055821716906736612e-06,7.357343211300445125e-06,1.055821716906715648e-06,7.357343211300425643e-06,1.697638160165078347e-02,4.517867364263097180e-03,2.233618647337726202e+02,8.634567255436934374e+00,6.061865740063060416e-05,-1.216063312066629999e-03,6.061865552756858915e-05,-1.216063311942419678e-03,6.061865712733114790e-05,-1.216063312040779366e-03,6.061865740063418202e-05,-1.216063312066631083e-03,3.628498887155934272e-01,-3.149497288505826581e-02,3.628498887155934272e-01,-3.149497288505825887e-02,3.628498887155934272e-01,-3.149497288505830050e-02,3.628498887155933716e-01,-3.149497288505828663e-02
7.744147478138894076e+05,-1.290764360674211001e-07,5.361813091057916735e-07,-1.000058270169672969e+00,6.980579162167245555e-03,3.349115282220658436e-08,6.449511258379123275e-10,3.349115281736388524e-08,6.449510905814364475e-10,3.349115282090162422e-08,6.449511185500408493e-10,3.349115282220700787e-08,6.449511258379123275e-10,1.256171600388099735e-06,7.459706074254827882e-06,1.256171600388092959e-06,7.459706074254801624e-06,1.256171600388099735e-06,7.459706074254827882e-06,1.256171600388093594e-06,7.459706074254827882e-06,1.694095385654505875e-02,4.137578177056290031e-03,2.222124781270000540e+02,7.473225060356454286e+00,2.327482990566969291e-05,-1.174267264433257948e-03,2.327482825776515263e-05,-1.174267264273685290e-03,2.327482956457657237e-05,-1.174267264389645482e-03,2.327482990567030278e-05,-1.174267264433259683e-03,3.580305711872997509e-01,-3.940636118128749282e-02,3.580305711872996954e-01,-3.940636118128751364e-02,3.580305711872997509e-01,-3.940636118128749282e-02,3.580305711872998065e-01,-3.940636118128748588e-02
7.970338085956600262e+05,-1.208622700795894530e-07,5.504619351194269324e-07,-1.000021582934027098e+00,7.145345694396794400e-03,3.326969345416649735e-08,-3.556976579012296222e-10,3.326969344789834766e-08,-3.556976939556105385e-10,3.326969345288112485e-08,-3.556976638965288228e-10,3.326969345416723850e-08,-3.556976579012296222e-10,1.460654189715576182e-06,7.561312145646571842e-06,1.460654189715568982e-06,7.561312145646565912e-06,1.460654189715576182e-06,7.561312145646571842e-06,1.460654189715568770e-06,7.561312145646558289e-06,1.689956493829623471e-02,3.770584498210377902e-03,2.211096414713582021e+02,6.392218622668150552e+00,-1.142805386148264290e-05,-1.133176505376382297e-03,-1.142805550185721952e-05,-1.133176505160940267e-03,-1.142805413468892214e-05,-1.133176505332268930e-03,-1.142805386148383891e-05,-1.133176505376380563e-03,3.531922708028270019e-01,-4.700826657021345972e-02,3.531922708028269464e-01,-4.700826657021342503e-02,3.531922708028270019e-01,-4.700826657021345972e-02,3.531922708028270019e-01,-4.700826657021347360e-02
8.203135255853524432e+05,-1.124781764007124537e-07,5.649417425065802247e-07,-9.999851420392265045e-01,7.315267331106852303e-03,3.302720261856035495e-08,-1.341086453045795310e-09,3.302720261200283763e-08,-1.341086485045853025e-09,3.302720261646776006e-08,-1.341086461394575555e-09,3.302720261856067259e-08,-1.341086453044948277e-09,1.669653752035451959e-06,7.662046698304312114e-06,1.669653752035451535e-06,7.662046698304307031e-06,1.669653752035451959e-06,7.662046698304320584e-06,1.669653752035459370e-06,7.662046698304332442e-06,1.685288332952311618e-02,3.416148633451430126e-03,2.200541556640961005e+02,5.385897606353521994e+00,-4.366864118942072044e-05,-1.092792912340858659e-03,-4.366864260633424299e-05,-1.092792912111657019e-03,-4.366864155994683322e-05,-1.092792912268409668e-03,-4.366864118942112702e-05,-1.092792912340860611e-03,3.483377629914492513e-01,-5.432361969626456344e-02,3.483377629914492513e-01,-5.432361969626456344e-02,3.483377629914492513e-01,-5.432361969626456344e-02,3.483377629914493623e-01,-5.432361969626464671e-02
8.442731951909508789e+05,-1.039088055237514293e-07,5.796354569211925893e-07,-9.999488772985813956e-01,7.490564273686158708e-03,3.276323664078907633e-08,-2.312281694894330163e-09,3.276323663421811236e-08,-2.312281722832864895e-09,3.276323664011197936e-08,-2.312281697250352305e-09,3.276323664078939396e-08,-2.312281694895177195e-09,1.883555061487772595e-06,7.761760148973530351e-06,1.883555061487772595e-06,7.761760148973516799e-06,1.883555061487786995e-06,7.761760148973543904e-06,1.883555061487765819e-06,7.761760148973523575e-06,1.680150493873445311e-02,3.073555661017670672e-03,2.190466968707840181e+02,4.448806509357298822e+00,-7.360821109542575724e-05,-1.053113717237410141e-03,-7.360821229926577699e-05,-1.053113717006707098e-03,-7.360821119721212087e-05,-1.053113717213980966e-03,-7.360821109542616382e-05,-1.053113717237410141e-03,3.434684710756955583e-01,-6.137361192544278643e-02,3.434684710756956694e-01,-6.137361192544279337e-02,3.434684710756956139e-01,-6.137361192544280031e-02,3.434684710756955583e-01,-6.137361192544279337e-02
8.689326774287984008e+05,-9.513775957534502566e-08,5.945571611114866054e-07,-9.999127119653823392e-01,7.671462849720227760e-03,3.247724234948646699e-08,-3.270154474637008025e-09,3.247724234187788766e-08,-3.270154502519215066e-09,3.247724234802173527e-08,-3.270154479138141107e-09,3.247724234948667875e-08,-3.270154474637008025e-09,2.102742830772106044e-06,7.860267047589434501e-06,2.102742830772106467e-06,7.860267047589432807e-06,2.102742830772092491e-06,7.860267047589427724e-06,2.102742830772092491e-06,7.860267047589434501e-06,1.674595874568789514e-02,2.742112740796853656e-03,2.180878201282043847e+02,3.575665604632113137e+00,-1.013923152715565768e-04,-1.014132676698200133e-03,-1.013923164412838422e-04,-1.014132676432648447e-03,-1.013923154610176132e-04,-1.014132676647896622e-03,-1.013923152715569969e-04,-1.014132676698203820e-03,3.385846153734665132e-01,-6.817779077931537812e-02,3.385846153734666242e-01,-6.817779077931537812e-02,3.385846153734665687e-01,-6.817779077931532261e-02,3.385846153734665132e-01,-6.817779077931535037e-02
8.943124123854370555e+05,-8.614754136101760579e-08,6.097202641891832085e-07,-9.998765620159665302e-01,7.858195474305426642e-03,3.216857424684257137e-08,-4.215383661061253436e-09,3.216857423968143720e-08,-4.215383684743024092e-09,3.216857424601194969e-08,-4.215383663339348548e-09,3.216857424684193610e-08,-4.215383661061676953e-09,2.327600872011008620e-06,7.957344852788440814e-06,2.327600872011008620e-06,7.957344852788440814e-06,2.327600872011008620e-06,7.957344852788440814e-06,2.327600872011022596e-06,7.957344852788454366e-06,1.668671173091444693e-02,2.421148592971015309e-03,2.171779624886022759e+02,2.761354592880822079e+00,-1.271522643185628916e-04,-9.758410554529326885e-04,-1.271522652854788920e-04,-9.758410552049896379e-04,-1.271522644119925502e-04,-9.758410554247427815e-04,-1.271522643185630814e-04,-9.758410554529330138e-04,3.336853435070555873e-01,-7.475414252745651855e-02,3.336853435070555873e-01,-7.475414252745651855e-02,3.336853435070555873e-01,-7.475414252745651855e-02,3.336853435070556428e-01,-7.475414252745650467e-02
9.204334371602642350e+05,-7.691950651559688063e-08,6.251374586100410581e-07,-9.998403354318519121e-01,8.051000589391055923e-03,3.183651071709760853e-08,-5.148458419386322372e-09,3.183651070919902629e-08,-5.148458442548014798e-09,3.183651071360190355e-08,-5.148458428021399753e-09,3.183651071709803204e-08,-5.148458419386322372e-09,2.558510974574615655e-06,8.052732532549806391e-06,2.558510974574608879e-06,8.052732532549794532e-06,2.558510974574609302e-06,8.052732532549799615e-06,2.558510974574608879e-06,8.052732532549799615e-06,1.662417322513817797e-02,2.110013122117396916e-03,2.163174458623075793e+02,2.000898414323591723e+00,-1.510064787108297087e-04,-9.382284541530371610e-04,-1.510064796317138729e-04,-9.382284538835883097e-04,-1.510064790559218818e-04,-9.382284540360847063e-04,-1.510064787108296002e-04,-9.382284541530373778e-04,3.287688455905968254e-01,-8.111916344173850102e-02,3.287688455905968254e-01,-8.111916344173847326e-02,3.287688455905969365e-01,-8.111916344173851490e-02,3.287688455905968810e-01,-8.111916344173851490e-02
9.473174033030492719e+05,-6.743381925539181435e-08,6.408206659410457367e-07,-9.998039314716677950e-01,8.250122581629059509e-03,3.148026956046744494e-08,-6.069680248473678630e-09,3.148026955043688078e-08,-6.069680274261173193e-09,3.148026955876194410e-08,-6.069680252292950190e-09,3.148026956046786846e-08,-6.069680248473678630e-09,2.795851479819605230e-06,8.146129026019614604e-06,2.795851479819598030e-06,8.146129026019609522e-06,2.795851479819598453e-06,8.146129026019616298e-06,2.795851479819598453e-06,8.146129026019616298e-06,1.655869878029289297e-02,1.808077174309212411e-03,2.155064796304895651e+02,1.289454751239325292e+00,-1.730617195031436851e-04,-9.012835068652083441e-04,-1.730617205024268066e-04,-9.012835065298201598e-04,-1.730617196518882542e-04,-9.012835068090954607e-04,-1.730617195031442272e-04,-9.012835068652098620e-04,3.238324572759276876e-01,-8.728792080799258057e-02,3.238324572759276876e-01,-8.728792080799256670e-02,3.238324572759276876e-01,-8.728792080799255282e-02,3.238324572759276876e-01,-8.728792080799255282e-02
9.749865947607645066e+05,-5.766941184941437419e-08,6.567809723154090375e-07,-9.997672399238829444e-01,8.455811677153403372e-03,3.109902308387315956e-08,-6.979164687486150685e-09,3.109902307490837460e-08,-6.979164708830110406e-09,3.109902308117175973e-08,-6.979164692995676490e-09,3.109902308387252428e-08,-6.979164687486997718e-09,3.039995536724270362e-06,8.237191601018204446e-06,3.039995536724277561e-06,8.237191601018204446e-06,3.039995536724270362e-06,8.237191601018197670e-06,3.039995536724283914e-06,8.237191601018204446e-06,1.649059364569720881e-02,1.514732404962219545e-03,2.147451630347767093e+02,6.223028323527682870e-01,-1.934142130335620520e-04,-8.649944685572629821e-04,-1.934142138384958626e-04,-8.649944682622908191e-04,-1.934142132426770310e-04,-8.649944684700806592e-04,-1.934142130335619165e-04,-8.649944685572640663e-04,3.188727531155620132e-01,-9.327410490340201643e-02,3.188727531155620132e-01,-9.327410490340198868e-02,3.188727531155620132e-01,-9.327410490340197480e-02,3.188727531155620687e-01,-9.327410490340201643e-02
1.003463946348605445e+06,-4.760394810994202173e-08,6.730285541299994216e-07,-9.997301403317683244e-01,8.668323809733367510e-03,3.069191295793737272e-08,-7.876842782004131075e-09,3.069191294866913821e-08,-7.876842802125822254e-09,3.069191295655501495e-08,-7.876842784582075850e-09,3.069191295793779624e-08,-7.876842782002860526e-09,3.291309018692131837e-06,8.325534141531558304e-06,3.291309018692144966e-06,8.325534141531571857e-06,3.291309018692138613e-06,8.325534141531558304e-06,3.291309018692138190e-06,8.325534141531578633e-06,1.642011591305405499e-02,1.229391241790228932e-03,2.140334873023289504e+02,-5.166776344749151630e-03,-2.121506800044996831e-04,-8.293497097838131629e-04,-2.121506807437331459e-04,-8.293497094848908176e-04,-2.121506800999613804e-04,-8.293497097400823019e-04,-2.121506800045041825e-04,-8.293497097838147892e-04,3.138856322774068452e-01,-9.909007293062938038e-02,3.138856322774067342e-01,-9.909007293062938038e-02,3.138856322774068452e-01,-9.909007293062939425e-02,3.138856322774067342e-01,-9.909007293062938038e-02
1.032773062760511995e+06,-3.721379079335020677e-08,6.895725944279164257e-07,-9.996925011826385266e-01,8.887920456862834565e-03,3.025806495329225036e-08,-8.762462546150980068e-09,3.025806494219611875e-08,-8.762462567783354508e-09,3.025806495058386251e-08,-8.762462550790603037e-09,3.025806495329203860e-08,-8.762462546150556552e-09,3.550148086990820444e-06,8.410725399150409461e-06,3.550148086990839926e-06,8.410725399150390826e-06,3.550148086990833997e-06,8.410725399150402684e-06,3.550148086990820444e-06,8.410725399150409461e-06,1.634747938299417613e-02,9.514869183917087957e-04,2.133713374304014678e+02,-5.974616418742528801e-01,-2.293492833129633156e-04,-7.943381307663063221e-04,-2.293492840880492030e-04,-7.943381304168657935e-04,-2.293492834804650431e-04,-7.943381306823750878e-04,-2.293492833129607948e-04,-7.943381307663055632e-04,3.088663982888315007e-01,-1.047468860360573073e-01,3.088663982888313342e-01,-1.047468860360572795e-01,3.088663982888315007e-01,-1.047468860360573489e-01,3.088663982888314452e-01,-1.047468860360573073e-01
1.062938238134947838e+06,-2.647397332645074364e-08,7.064211900418278873e-07,-9.996541790541617623e-01,9.114868436519527051e-03,2.979660371070021630e-08,-9.635590464779276076e-09,2.979660369958735579e-08,-9.635590484746383742e-09,2.979660370688623870e-08,-9.635590470790245387e-09,2.979660371070021630e-08,-9.635590464778429043e-09,3.816856379001832226e-06,8.492287244642189768e-06,3.816856379001845778e-06,8.492287244642196544e-06,3.816856379001832226e-06,8.492287244642189768e-06,3.816856379001832226e-06,8.492287244642203321e-06,1.627285619052661753e-02,6.804735692434652058e-04,2.127584935312867742e+02,-1.158996381327523473e+00,-2.450805004467058361e-04,-7.599495070132459467e-04,-2.450805011438033807e-04,-7.599495066708224830e-04,-2.450805006584650487e-04,-7.599495068976192544e-04,-2.450805004467076251e-04,-7.599495070132455130e-04,3.038098342322879675e-01,-1.102543401877602441e-01,3.038098342322879120e-01,-1.102543401877602164e-01,3.038098342322879675e-01,-1.102543401877602441e-01,3.038098342322879675e-01,-1.102543401877602580e-01
1.093984476192155620e+06,-1.535817618153673732e-08,7.235812494688236333e-07,-9.996150177114587754e-01,9.349439655565021726e-03,2.930666763798227313e-08,-1.049561318583629152e-08,2.930666762702505493e-08,-1.049561320405597022e-08,2.930666763624331449e-08,-1.049561318836256729e-08,2.930666763798184962e-08,-1.049561318583586801e-08,4.091761801676050210e-06,8.569692958144437282e-06,4.091761801676050210e-06,8.569692958144455917e-06,4.091761801676056139e-06,8.569692958144450835e-06,4.091761801676023105e-06,8.569692958144444058e-06,1.619637922011855219e-02,4.158263748782117515e-04,2.121946316242981254e+02,-1.694101155373137102e+00,-2.594079293351410874e-04,-7.261747754350009361e-04,-2.594079299550528157e-04,-7.261747751047892751e-04,-2.594079294219870909e-04,-7.261747753834761794e-04,-2.594079293351401658e-04,-7.261747754350006108e-04,2.987102746053791891e-01,-1.156209917254341912e-01,2.987102746053792446e-01,-1.156209917254342745e-01,2.987102746053791336e-01,-1.156209917254342190e-01,2.987102746053791891e-01,-1.156209917254341912e-01
1.125937510959580541e+06,-3.838708082930545815e-09,7.410583813443909933e-07,-9.995748471497742926e-01,9.591910799023821432e-03,2.878742397359306739e-08,-1.134173959366263147e-08,2.878742396117387031e-08,-1.134173961248455059e-08,2.878742397069303833e-08,-1.134173959755390082e-08,2.878742397359370266e-08,-1.134173959366178443e-08,4.375172913771681267e-06,8.642365598742570467e-06,4.375172913771681267e-06,8.642365598742570467e-06,4.375172913771667715e-06,8.642365598742563691e-06,4.375172913771681267e-06,8.642365598742556915e-06,1.611814433556627707e-02,1.570417436406201545e-04,2.116793237545394959e+02,-2.207029817574175823e+00,-2.723890366449830520e-04,-6.930062674580602820e-04,-2.723890372700677799e-04,-6.930062670930309861e-04,-2.723890367756143975e-04,-6.930062673740389504e-04,-2.723890366449838109e-04,-6.930062674580589810e-04,2.935616748673857135e-01,-1.208541784405503527e-01,2.935616748673857135e-01,-1.208541784405503527e-01,2.935616748673857690e-01,-1.208541784405503805e-01,2.935616748673857690e-01,-1.208541784405503666e-01
1.158823828102640342e+06,8.113507071150715365e-09,7.588567731411574591e-07,-9.995334825788009248e-01,9.842562947798500286e-03,2.823808410903609436e-08,-1.217300331587983813e-08,2.823808409707768321e-08,-1.217300333274172301e-08,2.823808410393653250e-08,-1.217300332220272732e-08,2.823808410903630611e-08,-1.217300331588068516e-08,4.667374873536224582e-06,8.709676500058138334e-06,4.667374873536203407e-06,8.709676500058124781e-06,4.667374873536224582e-06,8.709676500058138334e-06,4.667374873536216959e-06,8.709676500058138334e-06,1.603821244206801028e-02,-9.636246742888894014e-05,2.112120373172813004e+02,-2.701967753040369402e+00,-2.840758519470873195e-04,-6.604378965667855950e-04,-2.840758524930083752e-04,-6.604378962233090457e-04,-2.840758521543759870e-04,-6.604378964224897784e-04,-2.840758519470884579e-04,-6.604378965667863539e-04,2.883576796077578219e-01,-1.259600367345787009e-01,2.883576796077577664e-01,-1.259600367345786731e-01,2.883576796077578219e-01,-1.259600367345787009e-01,2.883576796077578774e-01,-1.259600367345787841e-01
1.192670686878523324e+06,2.052893701573140807e-08,7.769790597519355931e-07,-9.994907233461938212e-01,1.010168111071704788e-02,2.765791918536500043e-08,-1.298826583946599695e-08,2.765791917402174696e-08,-1.298826585438944693e-08,2.765791918416157837e-08,-1.298826584084517835e-08,2.765791918536563570e-08,-1.298826583946536168e-08,4.968624936125392207e-06,8.770943941916751598e-06,4.968624936125399830e-06,8.770943941916765151e-06,4.968624936125398983e-06,8.770943941916751598e-06,4.968624936125398983e-06,8.770943941916751598e-06,1.595661139745358642e-02,-3.448466988559026163e-04,2.107921334704254832e+02,-3.183039399263008384e+00,-2.945156145895649717e-04,-6.284653048292635370e-04,-2.945156150606391063e-04,-6.284653045109257329e-04,-2.945156146337838321e-04,-6.284653047959879628e-04,-2.945156145895665438e-04,-6.284653048292640791e-04,2.830916901350107318e-01,-1.309435156072797091e-01,2.830916901350108983e-01,-1.309435156072797368e-01,2.830916901350107318e-01,-1.309435156072797091e-01,2.830916901350106762e-01,-1.309435156072796813e-01
1.227506142731211614e+06,3.343944081742522209e-08,7.954261815229827452e-07,-9.994463517995475499e-01,1.036955365520109487e-02,2.704627598679503239e-08,-1.378622036378960549e-08,2.704627597437583531e-08,-1.378622037876451272e-08,2.704627598320742434e-08,-1.378622036758643067e-08,2.704627598679524414e-08,-1.378622036378833494e-08,5.279147485500615294e-06,8.825432053771178968e-06,5.279147485500615294e-06,8.825432053771178968e-06,5.279147485500615294e-06,8.825432053771178968e-06,5.279147485500622071e-06,8.825432053771178968e-06,1.587333778632733089e-02,-5.888494030129739175e-04,2.104188645252055210e+02,-3.654315404893974772e+00,-3.037513776597599636e-04,-5.970859728802142352e-04,-3.037513781216705840e-04,-5.970859725405452956e-04,-3.037513777787776608e-04,-5.970859727834517934e-04,-3.037513776597605057e-04,-5.970859728802144521e-04,2.777569322025507104e-01,-1.358083881473439170e-01,2.777569322025507104e-01,-1.358083881473439170e-01,2.777569322025507104e-01,-1.358083881473439170e-01,2.777569322025507659e-01,-1.358083881473438892e-01
1.263359070546458475e+06,4.687825990132049765e-08,8.141972312275515755e-07,-9.994001320880613326e-01,1.064647161927461359e-02,2.640259312608387924e-08,-1.456539652438187719e-08,2.640259311270266450e-08,-1.456539653919881278e-08,2.640259312024739872e-08,-1.456539653008558530e-08,2.640259312608345573e-08,-1.456539652438187719e-08,5.599128582121343421e-06,8.872350014343205157e-06,5.599128582121336645e-06,8.872350014343206851e-06,5.599128582121343421e-06,8.872350014343205157e-06,5.599128582121323939e-06,8.872350014343206851e-06,1.578835856850932529e-02,-8.287867146121771344e-04,2.100913702163276753e+02,-4.119819348609107479e+00,-3.118225731459712863e-04,-5.662992967571666173e-04,-3.118225735927764226e-04,-5.662992964004588984e-04,-3.118225733209032411e-04,-5.662992966035459031e-04,-3.118225731459710152e-04,-5.662992967571657500e-04,2.723465245814925551e-01,-1.405572609983545551e-01,2.723465245814924995e-01,-1.405572609983545274e-01,2.723465245814925551e-01,-1.405572609983545551e-01,2.723465245814924995e-01,-1.405572609983544718e-01
1.300259188585996395e+06,6.087999946550526949e-08,8.332892896161374113e-07,-9.993518089074219235e-01,1.093272788614354368e-02,2.572641752345072318e-08,-1.532416612100827042e-08,2.572641751288186958e-08,-1.532416613219122291e-08,2.572641751905991614e-08,-1.532416612496497308e-08,2.572641752345093494e-08,-1.532416612100827042e-08,5.928710022304656385e-06,8.910851615164463329e-06,5.928710022304662314e-06,8.910851615164463329e-06,5.928710022304656385e-06,8.910851615164456553e-06,5.928710022304642833e-06,8.910851615164463329e-06,1.570161261551079532e-02,-1.065052081594510805e-03,2.098086727664790487e+02,-4.583533909812739893e+00,-3.187655414947204160e-04,-5.361066350788095888e-04,-3.187655418228079623e-04,-5.361066348030693292e-04,-3.187655416135799281e-04,-5.361066349660303368e-04,-3.187655414947203076e-04,-5.361066350788091552e-04,2.668535490433616153e-01,-1.451915826270935572e-01,2.668535490433614488e-01,-1.451915826270935017e-01,2.668535490433616153e-01,-1.451915826270935572e-01,2.668535490433616153e-01,-1.451915826270935572e-01
1.338237083120812895e+06,7.548059828435624979e-08,8.526972491328825077e-07,-9.993011061940300088e-01,1.122861620118576279e-02,2.501742114178226108e-08,-1.606074999406173696e-08,2.501742113044705442e-08,-1.606075000504563670e-08,2.501742113980719200e-08,-1.606074999569862813e-08,2.501742114178183756e-08,-1.606074999406131344e-08,6.267982900474873960e-06,8.940035266731083223e-06,6.267982900474873960e-06,8.940035266731083223e-06,6.267982900474880736e-06,8.940035266731103552e-06,6.267982900474887512e-06,8.940035266731096776e-06,1.561301214667818252e-02,-1.298015842263435015e-03,2.095696706769199693e+02,-5.049406354766341032e+00,-3.246140288270828438e-04,-5.065113288830225572e-04,-3.246140291425221960e-04,-5.065113285949516663e-04,-3.246140288753129812e-04,-5.065113288335376185e-04,-3.246140288270819765e-04,-5.065113288830229909e-04,2.612711223513948244e-01,-1.497116509242330529e-01,2.612711223513948244e-01,-1.497116509242330529e-01,2.612711223513948244e-01,-1.497116509242330806e-01,2.612711223513948244e-01,-1.497116509242330529e-01
1.377324233783914242e+06,9.071728513902071762e-08,8.724136255689504248e-07,-9.992477257777024890e-01,1.153443000994245314e-02,2.427541790033397900e-08,-1.677322622246479940e-08,2.427541788831352268e-08,-1.677322623313127354e-08,2.427541789733188247e-08,-1.677322622474967077e-08,2.427541790033419075e-08,-1.677322622246501116e-08,6.616980678608857368e-06,8.958944531536488398e-06,6.616980678608857368e-06,8.958944531536481621e-06,6.616980678608857368e-06,8.958944531536488398e-06,6.616980678608857368e-06,8.958944531536495174e-06,1.552244407900649562e-02,-1.528024743853220778e-03,2.093731311951339364e+02,-5.521353175971623450e+00,-3.293996552161285543e-04,-4.775186955275315288e-04,-3.293996555162222715e-04,-4.775186952298664245e-04,-3.293996552821961484e-04,-4.775186954541377638e-04,-3.293996552161280664e-04,-4.775186955275320167e-04,2.555924707544356411e-01,-1.541166209045808644e-01,2.555924707544356411e-01,-1.541166209045808089e-01,2.555924707544356966e-01,-1.541166209045808644e-01,2.555924707544357521e-01,-1.541166209045808366e-01
1.417553039663591189e+06,1.066285196457277028e-07,8.924283575593987435e-07,-9.991913460053811757e-01,1.185046109465709603e-02,2.350038072920660849e-08,-1.745953975811727244e-08,2.350038071836289270e-08,-1.745953976712271498e-08,2.350038072962843090e-08,-1.745953975782356377e-08,2.350038072920639673e-08,-1.745953975811706069e-08,6.975671773492732585e-06,8.966569277016968702e-06,6.975671773492753761e-06,8.966569277016975479e-06,6.975671773492732585e-06,8.966569277016968702e-06,6.975671773492766466e-06,8.966569277016983949e-06,1.542977130534186302e-02,-1.755401393079515301e-03,2.092176814327485204e+02,-6.003263698766516221e+00,-3.331523552717004298e-04,-4.491359992417744227e-04,-3.331523555190980183e-04,-4.491359989796334194e-04,-3.331523552633531031e-04,-4.491359992518352225e-04,-3.331523552717019477e-04,-4.491359992417733927e-04,2.498110074443522233e-01,-1.584045132472441109e-01,2.498110074443523065e-01,-1.584045132472441664e-01,2.498110074443522233e-01,-1.584045132472441109e-01,2.498110074443521400e-01,-1.584045132472441386e-01
1.458956846158815781e+06,1.232539150238795090e-07,9.127285940540812831e-07,-9.991316203522496719e-01,1.217699798613244323e-02,2.269245863122543905e-08,-1.811751368053399438e-08,2.269245861978816492e-08,-1.811751368918622418e-08,2.269245862659132180e-08,-1.811751368347192816e-08,2.269245863122586257e-08,-1.811751368053357087e-08,7.343951683718043035e-06,8.961847548988110951e-06,7.343951683718049812e-06,8.961847548988112645e-06,7.343951683718043035e-06,8.961847548988117728e-06,7.343951683718036259e-06,8.961847548988105869e-06,1.533483391744197392e-02,-1.980443630047455314e-03,2.091017981322283390e+02,-6.499002447165846519e+00,-3.359007939256104542e-04,-4.213723987257917943e-04,-3.359007941589501689e-04,-4.213723984564365639e-04,-3.359007940078796066e-04,-4.213723986179865365e-04,-3.359007939256101831e-04,-4.213723987257920653e-04,2.439204133710642652e-01,-1.625722244952396700e-01,2.439204133710641265e-01,-1.625722244952395867e-01,2.439204133710642652e-01,-1.625722244952396700e-01,2.439204133710642097e-01,-1.625722244952396978e-01
1.501569972619028063e+06,1.406341398504416611e-07,9.332984701769686693e-07,-9.990681760409985124e-01,1.251432412726197207e-02,2.185199363894424624e-08,-1.874486220684018066e-08,2.185199362693924828e-08,-1.874486221508456410e-08,2.185199363784225638e-08,-1.874486220747376131e-08,2.185199363894445800e-08,-1.874486220683996891e-08,7.721634689030221977e-06,8.943668274978112487e-06,7.721634689030208425e-06,8.943668274978105711e-06,7.721634689030221977e-06,8.943668274978112487e-06,7.721634689030215201e-06,8.943668274978105711e-06,1.523745039228926144e-02,-2.203423813624886141e-03,2.090237961095953949e+02,-7.012410040779490039e+00,-3.376727585612753868e-04,-3.942388731115857863e-04,-3.376727587798701688e-04,-3.942388728361248171e-04,-3.376727585787788009e-04,-3.942388730865627254e-04,-3.376727585612751157e-04,-3.942388731115864368e-04,2.379147217683406923e-01,-1.666155397436050734e-01,2.379147217683406923e-01,-1.666155397436050734e-01,2.379147217683406923e-01,-1.666155397436050734e-01,2.379147217683407478e-01,-1.666155397436050734e-01
1.545427740791224409e+06,1.588107962303335167e-07,9.541188722373891967e-07,-9.990006126948086651e-01,1.286271576463767462e-02,2.097953749075255393e-08,-1.933920562576834171e-08,2.097953747991095572e-08,-1.933920563267070732e-08,2.097953748852866893e-08,-1.933920562691755366e-08,2.097953749075276569e-08,-1.933920562576834171e-08,8.108445177030585544e-06,8.910874909139944274e-06,8.108445177030599096e-06,8.910874909139930721e-06,8.108445177030587238e-06,8.910874909139944274e-06,8.108445177030587238e-06,8.910874909139944274e-06,1.513741876220238598e-02,-2.424588018307836240e-03,2.089818154328264939e+02,-7.547302377140531426e+00,-3.384955291788473522e-04,-3.677481265571610623e-04,-3.384955293580788733e-04,-3.677481263143816330e-04,-3.384955292102846073e-04,-3.677481265079317785e-04,-3.384955291788472979e-04,-3.677481265571611708e-04,2.317884065659041315e-01,-1.705291489103133717e-01,2.317884065659040760e-01,-1.705291489103133440e-01,2.317884065659041315e-01,-1.705291489103133717e-01,2.317884065659041870e-01,-1.705291489103133440e-01
1.590566504097927362e+06,1.778262705378727180e-07,9.751671930784431902e-07,-9.989285010550037480e-01,1.322243954528965620e-02,2.007586784138561435e-08,-1.989808728134745465e-08,2.007586782993542296e-08,-1.989808728787998450e-08,2.007586783703927653e-08,-1.989808728334962878e-08,2.007586784138582610e-08,-1.989808728134713701e-08,8.504008659238900970e-06,8.862270142387371194e-06,8.504008659238914523e-06,8.862270142387377971e-06,8.504008659238907746e-06,8.862270142387377971e-06,8.504008659238914523e-06,8.862270142387371194e-06,1.503451779136813320e-02,-2.644155126527237935e-03,2.089738074325223636e+02,-8.107467838085156586e+00,-3.383962271736374087e-04,-3.419144720278412047e-04,-3.383962273411469696e-04,-3.419144717780521372e-04,-3.383962272280684777e-04,-3.419144719339903878e-04,-3.383962271736371918e-04,-3.419144720278421263e-04,2.255364749036271044e-01,-1.743066674668058424e-01,2.255364749036271044e-01,-1.743066674668057869e-01,2.255364749036271321e-01,-1.743066674668058147e-01,2.255364749036271599e-01,-1.743066674668058424e-01
1.637023677770303795e+06,1.977235536503222746e-07,9.964170794544849677e-07,-9.988513818001406586e-01,1.359374979697673853e-02,1.914200376087843155e-08,-2.041899275146181268e-08,1.914200375043663290e-08,-2.041899275692009299e-08,1.914200375716906252e-08,-2.041899275296826077e-08,1.914200376087885507e-08,-2.041899275146181268e-08,8.907842569883212496e-06,8.796621798438842120e-06,8.907842569883212496e-06,8.796621798438815015e-06,8.907842569883212496e-06,8.796621798438842120e-06,8.907842569883198943e-06,8.796621798438835344e-06,1.492850818383027918e-02,-2.862315819145614011e-03,2.089975196825962769e+02,-8.696662247180464433e+00,-3.374021435731014255e-04,-3.167536941237556738e-04,-3.374021437106301943e-04,-3.167536939015047452e-04,-3.374021436139963931e-04,-3.167536940456163559e-04,-3.374021435731009376e-04,-3.167536941237561075e-04,2.191545637017530967e-01,-1.779406628749392039e-01,2.191545637017529857e-01,-1.779406628749390928e-01,2.191545637017530967e-01,-1.779406628749392039e-01,2.191545637017530412e-01,-1.779406628749391484e-01
1.684837769861410139e+06,2.185460269019668376e-07,1.017838173708574510e-06,-9.987687645096197109e-01,1.397688547273591084e-02,1.817922026244394475e-08,-2.089937132419119643e-08,1.817922025125929820e-08,-2.089937132931712218e-08,1.817922026085448743e-08,-2.089937132475203812e-08,1.817922026244373300e-08,-2.089937132419130230e-08,9.319346958585207602e-06,8.712670040749069547e-06,9.319346958585207602e-06,8.712670040749069547e-06,9.319346958585207602e-06,8.712670040749069547e-06,9.319346958585221155e-06,8.712670040749078017e-06,1.481913385002754484e-02,-3.079231460379537426e-03,2.090504801351391109e+02,-9.318601297113170645e+00,-3.355410466618668802e-04,-2.922828911943802736e-04,-3.355410467904182924e-04,-2.922828909624493711e-04,-3.355410466771705023e-04,-2.922828911617109853e-04,-3.355410466618669887e-04,-2.922828911943791894e-04,2.126390401662910656e-01,-1.814226878984008806e-01,2.126390401662910656e-01,-1.814226878984008806e-01,2.126390401662910656e-01,-1.814226878984008806e-01,2.126390401662910101e-01,-1.814226878984008529e-01
1.734048413165270351e+06,2.403372098432778720e-07,1.039395852718566363e-06,-9.986801268215903526e-01,1.437206674374681692e-02,1.718906152860344965e-08,-2.133665986397456729e-08,1.718906151816758023e-08,-2.133665986825441301e-08,1.718906152611698444e-08,-2.133665986472112095e-08,1.718906152860344965e-08,-2.133665986397467317e-08,9.737795214258013828e-06,8.609136013646248405e-06,9.737795214258013828e-06,8.609136013646250099e-06,9.737795214258013828e-06,8.609136013646261957e-06,9.737795214258013828e-06,8.609136013646261957e-06,1.470612326140438922e-02,-3.295032876522383577e-03,2.091299806450807353e+02,-9.976950163210476674e+00,-3.328414689328205328e-04,-2.685202962082728728e-04,-3.328414690391210263e-04,-2.685202959971767040e-04,-3.328414689535122602e-04,-2.685202961584086260e-04,-3.328414689328211833e-04,-2.685202962082732523e-04,2.059871059433344420e-01,-1.847433220314134428e-01,2.059871059433343310e-01,-1.847433220314133318e-01,2.059871059433344143e-01,-1.847433220314134428e-01,2.059871059433344420e-01,-1.847433220314134705e-01
1.784696398068244103e+06,2.631404660632607703e-07,1.061050967837760903e-06,-9.985849138418726456e-01,1.477949122918994357e-02,1.617335250333307812e-08,-2.172830911094451140e-08,1.617335249345921506e-08,-2.172830911451189653e-08,1.617335250094169235e-08,-2.172830911153849325e-08,1.617335250333350164e-08,-2.172830911094398200e-08,1.016232498837051137e-05,8.484732033443128567e-06,1.016232498837049782e-05,8.484732033443121791e-06,1.016232498837051137e-05,8.484732033443128567e-06,1.016232498837049782e-05,8.484732033443115014e-06,1.458919092440928884e-02,-3.509819034900689503e-03,2.092330601769003522e+02,-1.067531002301465293e+01,-3.293329724413112292e-04,-2.454850766669694701e-04,-3.293329725295610576e-04,-2.454850764721475012e-04,-3.293329724582883173e-04,-2.454850766201477656e-04,-3.293329724413109581e-04,-2.454850766669696869e-04,1.991969044068364891e-01,-1.878922223972603611e-01,1.991969044068364891e-01,-1.878922223972603056e-01,1.991969044068364891e-01,-1.878922223972603611e-01,1.991969044068365446e-01,-1.878922223972603611e-01
1.836823706359917065e+06,2.869986634331623621e-07,1.082759590400094514e-06,-9.984825378677149033e-01,1.519932985787399507e-02,1.513420844145374147e-08,-2.207181242909057941e-08,1.513420843046115964e-08,-2.207181243234255066e-08,1.513420843892047768e-08,-2.207181242958974652e-08,1.513420844145374147e-08,-2.207181242909057941e-08,1.059192951675107946e-05,8.338173434005620105e-06,1.059192951675107946e-05,8.338173434005620105e-06,1.059192951675109302e-05,8.338173434005606552e-06,1.059192951675109302e-05,8.338173434005630269e-06,1.446803900660310546e-02,-3.723655634119975039e-03,2.093564880473239214e+02,-1.141720121360736684e+01,-3.250463916404193183e-04,-2.231971131050409151e-04,-3.250463917227852900e-04,-2.231971128936906365e-04,-3.250463916554824644e-04,-2.231971130566387691e-04,-3.250463916404196436e-04,-2.231971131050413488e-04,1.922676303321897151e-01,-1.908581855042395525e-01,1.922676303321897151e-01,-1.908581855042395525e-01,1.922676303321896873e-01,-1.908581855042394970e-01,1.922676303321896596e-01,-1.908581855042395803e-01
1.890473546031535603e+06,3.119537851135897682e-07,1.104472768323331612e-06,-9.983723784971463289e-01,1.563172236416151759e-02,1.407404198649285957e-08,-2.236473695283659765e-08,1.407404197710244055e-08,-2.236473695526498817e-08,1.407404198675247516e-08,-2.236473695279879880e-08,1.407404198649243605e-08,-2.236473695283654471e-08,1.102544956964785999e-05,8.168192156473374441e-06,1.102544956964785999e-05,8.168192156473399852e-06,1.102544956964787354e-05,8.168192156473389688e-06,1.102544956964785999e-05,8.168192156473387994e-06,1.434235914910298761e-02,-3.936573618670672486e-03,2.094967476241733948e+02,-1.220604277991370878e+01,-3.200140520668046736e-04,-2.016767561967798073e-04,-3.200140521283798760e-04,-2.016767560205221172e-04,-3.200140520655419575e-04,-2.016767562016286033e-04,-3.200140520668047820e-04,-2.016767561967801597e-04,1.851996409873437333e-01,-1.936292212079102626e-01,1.851996409873438165e-01,-1.936292212079104014e-01,1.851996409873437333e-01,-1.936292212079102903e-01,1.851996409873437333e-01,-1.936292212079103181e-01
1.945690387090834789e+06,3.380464881122988391e-07,1.126136300360391419e-06,-9.982537832013148593e-01,1.607677243033485762e-02,1.299556734340963990e-08,-2.260475701560256019e-08,1.299556733391440056e-08,-2.260475701753533055e-08,1.299556734056487975e-08,-2.260475701587159903e-08,1.299556734340963990e-08,-2.260475701560256019e-08,1.146156629426156081e-05,7.973552148978554972e-06,1.146156629426157437e-05,7.973552148978553278e-06,1.146156629426157437e-05,7.973552148978570219e-06,1.146156629426157437e-05,7.973552148978570219e-06,1.421183450010297250e-02,-4.148567638316984912e-03,2.096500209712724256e+02,-1.304512820011853336e+01,-3.142699627447596150e-04,-1.809445631954885577e-04,-3.142699627961118751e-04,-1.809445630216516472e-04,-3.142699627556577984e-04,-1.809445631436549661e-04,-3.142699627447596692e-04,-1.809445631954890456e-04,1.779945673787159122e-01,-1.961926402288647342e-01,1.779945673787158567e-01,-1.961926402288646787e-01,1.779945673787158567e-01,-1.961926402288647064e-01,1.779945673787158289e-01,-1.961926402288647064e-01
2.002519998422940960e+06,3.653156068134842888e-07,1.147690535605239886e-06,-9.981260684430302010e-01,1.653454249915768670e-02,1.190180102317960161e-08,-2.278968968258170342e-08,1.190180101334173744e-08,-2.278968968401684193e-08,1.190180102116832188e-08,-2.278968968266778314e-08,1.190180102318002513e-08,-2.278968968258149166e-08,1.189879524801715922e-05,7.753066610698194162e-06,1.189879524801717277e-05,7.753066610698194162e-06,1.189879524801715922e-05,7.753066610698194162e-06,1.189879524801717277e-05,7.753066610698197551e-06,1.407614200380730152e-02,-4.359594480315995800e-03,2.098121750012560653e+02,-1.393759712120106364e+01,-3.078499801822951517e-04,-1.610210134957599723e-04,-3.078499802244681768e-04,-1.610210133200426215e-04,-3.078499801880325328e-04,-1.610210134599605923e-04,-3.078499801822952059e-04,-1.610210134957595928e-04,1.706554240717957638e-01,-1.985351565207248981e-01,1.706554240717956528e-01,-1.985351565207248425e-01,1.706554240717957638e-01,-1.985351565207248981e-01,1.706554240717957360e-01,-1.985351565207249536e-01
2.061009485727907857e+06,3.937975997537617205e-07,1.169070206937352155e-06,-9.979885214294431650e-01,1.700504829413821903e-02,1.079605870767152781e-08,-2.291753210854863888e-08,1.079605869850176089e-08,-2.291753210945684348e-08,1.079605870602870741e-08,-2.291753210853325993e-08,1.079605870767110430e-08,-2.291753210854853300e-08,1.233548195326097081e-05,7.505617074438751710e-06,1.233548195326098436e-05,7.505617074438745780e-06,1.233548195326097081e-05,7.505617074438751710e-06,1.233548195326097081e-05,7.505617074438755098e-06,1.393495497756508904e-02,-4.569571510560201458e-03,2.099787497703190411e+02,-1.488640299989488547e+01,-3.007919409918542210e-04,-1.419262051483127893e-04,-3.007919410227727396e-04,-1.419262049884358761e-04,-3.007919409950063220e-04,-1.419262051197441705e-04,-3.007919409918543836e-04,-1.419262051483132772e-04,1.631867156690464393e-01,-2.006430056698876585e-01,1.631867156690463838e-01,-2.006430056698876030e-01,1.631867156690464393e-01,-2.006430056698876585e-01,1.631867156690464116e-01,-2.006430056698876307e-01
2.121207330566328950e+06,4.235259385733245374e-07,1.190204308257676754e-06,-9.978404025898408580e-01,1.748825310089584598e-02,9.681947711528573507e-09,-2.298650035515615558e-08,9.681947702680679098e-09,-2.298650035558022792e-08,9.681947709406544216e-09,-2.298650035502359492e-08,9.681947711528891144e-09,-2.298650035515594382e-08,1.276979933008389948e-05,7.230174277016458280e-06,1.276979933008389948e-05,7.230174277016458280e-06,1.276979933008389948e-05,7.230174277016458280e-06,1.276979933008394013e-05,7.230174277016457433e-06,1.378794600842370675e-02,-4.778375162782284684e-03,2.101449496187553052e+02,-1.589427662358356841e+01,-2.931357602495517664e-04,-1.236795332839629616e-04,-2.931357602712224199e-04,-1.236795331333452705e-04,-2.931357602517231523e-04,-1.236795332478781654e-04,-2.931357602495518748e-04,-1.236795332839630700e-04,1.555945377482766123e-01,-2.025020802638503037e-01,1.555945377482766123e-01,-2.025020802638503037e-01,1.555945377482766123e-01,-2.025020802638503037e-01,1.555945377482765846e-01,-2.025020802638503037e-01
2.183163430545390584e+06,4.545304398866008592e-07,1.211016026319329129e-06,-9.976809488703390905e-01,1.798406188108292447e-02,8.563354572131960105e-09,-2.299506919655242105e-08,8.563354564395267044e-09,-2.299506919661060163e-08,8.563354570056094110e-09,-2.299506919630998434e-08,8.563354572131748347e-09,-2.299506919655234164e-08,1.319974739161068077e-05,6.925820704129498176e-06,1.319974739161068077e-05,6.925820704129494788e-06,1.319974739161068077e-05,6.925820704129498176e-06,1.319974739161070787e-05,6.925820704129494788e-06,1.363479019520949520e-02,-4.985839529480783593e-03,2.103056379252489307e+02,-1.696368558483517219e+01,-2.849234923337849831e-04,-1.062993527909840413e-04,-2.849234923470063950e-04,-1.062993526623694202e-04,-2.849234923341166948e-04,-1.062993527564684381e-04,-2.849234923337848205e-04,-1.062993527909840956e-04,1.478866696479998744e-01,-2.040980829946508479e-01,1.478866696479999299e-01,-2.040980829946508757e-01,1.478866696479998744e-01,-2.040980829946508479e-01,1.478866696479998188e-01,-2.040980829946507924e-01
2.246929140678680036e+06,4.868365419559813256e-07,1.231422738997157550e-06,-9.975093779351839052e-01,1.849231531028798850e-02,7.444427327980935260e-09,-2.294201232989947905e-08,7.444427319861700944e-09,-2.294201232944688552e-08,7.444427326601330347e-09,-2.294201232966147602e-08,7.444427327981358776e-09,-2.294201232989941287e-08,1.362315559891777157e-05,6.591774633217391776e-06,1.362315559891774447e-05,6.591774633217388387e-06,1.362315559891777157e-05,6.591774633217398552e-06,1.362315559891777157e-05,6.591774633217401940e-06,1.347516875781052358e-02,-5.191755110620160756e-03,2.104553362973299784e+02,-1.809678990145727084e+01,-2.761993509052984466e-04,-8.980262812968097766e-05,-2.761993509112201962e-04,-8.980262799779683647e-05,-2.761993509043633222e-04,-8.980262810722304426e-05,-2.761993509052986634e-04,-8.980262812968123516e-05,1.400726562296033817e-01,-2.054166978540268029e-01,1.400726562296033539e-01,-2.054166978540267474e-01,1.400726562296033817e-01,-2.054166978540268029e-01,1.400726562296034095e-01,-2.054166978540268307e-01
2.312557315954025835e+06,5.204645304772507726e-07,1.251336092487294923e-06,-9.973248933587937071e-01,1.901278385298425105e-02,6.329552093454515442e-09,-2.282644229916017586e-08,6.329552085668165075e-09,-2.282644229830453361e-08,6.329552091696075044e-09,-2.282644229875525440e-08,6.329552093454833080e-09,-2.282644229915995748e-08,1.403768828249353977e-05,6.227415416080915253e-06,1.403768828249352621e-05,6.227415416080918641e-06,1.403768828249353977e-05,6.227415416080915253e-06,1.403768828249352621e-05,6.227415416080925417e-06,1.330877302645585257e-02,-5.395867790134106085e-03,2.105882290603205718e+02,-1.929539411329937693e+01,-2.670096847873427884e-04,-7.420457382072190549e-05,-2.670096847866314433e-04,-7.420457369711839905e-05,-2.670096847847141402e-04,-7.420457379270458992e-05,-2.670096847873430594e-04,-7.420457382072195970e-05,1.321638753669029387e-01,-2.064437794293576822e-01,1.321638753669029387e-01,-2.064437794293577655e-01,1.321638753669029387e-01,-2.064437794293576822e-01,1.321638753669028554e-01,-2.064437794293577100e-01
2.380102355144657660e+06,5.554287195380983293e-07,1.270662170576576341e-06,-9.971266908827857156e-01,1.954516201036595943e-02,5.223323626461518157e-09,-2.264784932244218292e-08,5.223323619573234472e-09,-2.264784932137067300e-08,5.223323624844532261e-09,-2.264784932197256932e-08,5.223323626461624036e-09,-2.264784932244205718e-08,1.444085352711808546e-05,5.832309662790190839e-06,1.444085352711807191e-05,5.832309662790188298e-06,1.444085352711808546e-05,5.832309662790194227e-06,1.444085352711809902e-05,5.832309662790197615e-06,1.313530881569940738e-02,-5.597878112052741793e-03,2.106981739273513199e+02,-2.056089634631489815e+01,-2.574029066198697813e-04,-5.951829006144999229e-05,-2.574029066145312240e-04,-5.951828995456934213e-05,-2.574029066161536783e-04,-5.951829003621465140e-05,-2.574029066198698355e-04,-5.951829006144974157e-05,1.241735877335963384e-01,-2.071655597273434068e-01,1.241735877335963384e-01,-2.071655597273433513e-01,1.241735877335963384e-01,-2.071655597273434068e-01,1.241735877335962968e-01,-2.071655597273434068e-01
2.449620245900000446e+06,5.917365968260908686e-07,1.289301769167048922e-06,-9.969139657975285562e-01,2.008906290013274046e-02,4.130509696185185234e-09,-2.240613811272475588e-08,4.130509689748264230e-09,-2.240613811137249756e-08,4.130509694605151150e-09,-2.240613811216629316e-08,4.130509696185396992e-09,-2.240613811272469632e-08,1.483001589767515965e-05,5.406237891789612929e-06,1.483001589767514610e-05,5.406237891789612929e-06,1.483001589767515965e-05,5.406237891789612929e-06,1.483001589767515965e-05,5.406237891789626482e-06,1.295450117460159208e-02,-5.797440939951334707e-03,2.107787197272668607e+02,-2.189423501133734362e+01,-2.474293715898623065e-04,-4.575439885228843237e-05,-2.474293715800599263e-04,-4.575439875460655324e-05,-2.474293715849722837e-04,-4.575439882811348864e-05,-2.474293715898622523e-04,-4.575439885228853402e-05,1.161169651957824622e-01,-2.075688714148875291e-01,1.161169651957824761e-01,-2.075688714148875291e-01,1.161169651957824622e-01,-2.075688714148874736e-01,1.161169651957824622e-01,-2.075688714148875014e-01
2.521168611153478269e+06,6.293879446415162377e-07,1.307150789090001544e-06,-9.966859214874518313e-01,2.064401335004282384e-02,3.056009185140124463e-09,-2.210166168102668169e-08,3.056009178765883898e-09,-2.210166167926926699e-08,3.056009184090862400e-09,-2.210166168058627088e-08,3.056009185140018584e-09,-2.210166168102690668e-08,1.520241333993434481e-05,4.949221118750422628e-06,1.520241333993434481e-05,4.949221118750415852e-06,1.520241333993434481e-05,4.949221118750422628e-06,1.520241333993435836e-05,4.949221118750419240e-06,1.276609949176675009e-02,-5.994165584675516419e-03,2.108231320298115179e+02,-2.329583399794054799e+01,-2.371412040540265089e-04,-3.292068670174822962e-05,-2.371412040390234006e-04,-3.292068660703300546e-05,-2.371412040499442980e-04,-3.292068668599973228e-05,-2.371412040540265089e-04,-3.292068670174847357e-05,1.080110940724710034e-01,-2.076413856329045460e-01,1.080110940724710311e-01,-2.076413856329045460e-01,1.080110940724710034e-01,-2.076413856329045460e-01,1.080110940724710311e-01,-2.076413856329044905e-01
2.594806756885792594e+06,6.683739516407383716e-07,1.324100759338260548e-06,-9.964417791531806623e-01,2.120944970817598835e-02,2.004804031902861488e-09,-2.173525103848406814e-08,2.004804026004971076e-09,-2.173525103650794027e-08,2.004804030945396620e-09,-2.173525103801415014e-08,2.004804031902861488e-09,-2.173525103848394902e-08,1.555517852961138848e-05,4.461546756378588327e-06,1.555517852961137493e-05,4.461546756378578163e-06,1.555517852961138848e-05,4.461546756378588327e-06,1.555517852961138848e-05,4.461546756378588327e-06,1.256988291655447738e-02,-6.187616491899057027e-03,2.108244274316869280e+02,-2.476554742592424319e+01,-2.265920706763549476e-04,-2.102176095183849863e-05,-2.265920706581957538e-04,-2.102176086601845534e-05,-2.265920706718582190e-04,-2.102176093772106826e-05,-2.265920706763549205e-04,-2.102176095183814626e-05,9.987494949308459158e-02,-2.073718618142169068e-01,9.987494949308459158e-02,-2.073718618142168513e-01,9.987494949308459158e-02,-2.073718618142169068e-01,9.987494949308459158e-02,-2.073718618142169068e-01
2.670595721283270512e+06,7.086763331472838916e-07,1.340039501505315203e-06,-9.961807886911475673e-01,2.178471459096242846e-02,9.819053092847381317e-10,-2.130823965944065443e-08,9.819053041597652844e-10,-2.130823965745616212e-08,9.819053086712745197e-10,-2.130823965909292094e-08,9.819053092846322526e-10,-2.130823965944050885e-08,1.588536485531149518e-05,3.943793106918299358e-06,1.588536485531150873e-05,3.943793106918295970e-06,1.588536485531149518e-05,3.943793106918299358e-06,1.588536485531150873e-05,3.943793106918306134e-06,1.236566604050466645e-02,-6.377314578763170448e-03,2.107754171476004785e+02,-2.630260522281404434e+01,-2.158368996709016184e-04,-1.005872743869583729e-05,-2.158368996519506046e-04,-1.005872736569834308e-05,-2.158368996675169831e-04,-1.005872742980495427e-05,-2.158368996709016997e-04,-1.005872743869605752e-05,9.172933728068718984e-02,-2.067504060850545999e-01,9.172933728068717596e-02,-2.067504060850545444e-01,9.172933728068718984e-02,-2.067504060850545999e-01,9.172933728068720372e-02,-2.067504060850546277e-01
2.748598325332025066e+06,7.502664813003080148e-07,1.354851943980132521e-06,-9.959022406727898735e-01,2.236905480357382486e-02,-7.706059449644057143e-12,-2.082248154771765310e-08,-7.706064222357077566e-12,-2.082248154554517241e-08,-7.706060658465951993e-12,-2.082248154693271825e-08,-7.706059449749936262e-12,-2.082248154771767957e-08,1.618997711087541297e-05,3.396851642134856282e-06,1.618997711087538925e-05,3.396851642134859670e-06,1.618997711087541297e-05,3.396851642134856282e-06,1.618997711087539942e-05,3.396851642134863058e-06,1.215330476232663603e-02,-6.562739308438735215e-03,2.106687603823147299e+02,-2.790556099618847341e+01,-2.049315469332309845e-04,-2.889772493281613930e-08,-2.049315469120095972e-04,-2.889765826295871687e-08,-2.049315469255302217e-04,-2.889770767879021515e-08,-2.049315469332307676e-04,-2.889772493276059577e-08,8.359680008142504615e-02,-2.057687339969780094e-01,8.359680008142508778e-02,-2.057687339969779816e-01,8.359680008142504615e-02,-2.057687339969780094e-01,8.359680008142500451e-02,-2.057687339969779816e-01
2.828879224889866542e+06,7.931046689881482859e-07,1.368421091663855145e-06,-9.956054793211842613e-01,2.296162067451138281e-02,-9.591431969727388281e-10,-2.028036177289620942e-08,-9.591432011732810926e-10,-2.028036177072581985e-08,-9.591431974880524974e-10,-2.028036177251525636e-08,-9.591431969729505863e-10,-2.028036177289618295e-08,1.646600683473213589e-05,2.821946200350231521e-06,1.646600683473214944e-05,2.821946200350238297e-06,1.646600683473213589e-05,2.821946200350231521e-06,1.646600683473214944e-05,2.821946200350225168e-06,1.193270224034136649e-02,-6.743331581154012044e-03,2.104970277399314682e+02,-2.957224385331570460e+01,-1.939324112792047432e-04,9.074465270394260500e-06,-1.939324112577808269e-04,9.074465327916445825e-06,-1.939324112754613996e-04,9.074465277647403627e-06,-1.939324112792046347e-04,9.074465270394209678e-06,7.550148503099443631e-02,-2.044204324487597091e-01,7.550148503099440855e-02,-2.044204324487596813e-01,7.550148503099443631e-02,-2.044204324487597091e-01,7.550148503099439468e-02,-2.044204324487596536e-01
2.911504964279129170e+06,8.371393348578933490e-07,1.380629152941276205e-06,-9.952899163338788657e-01,2.356146704537297534e-02,-1.867680808072824265e-09,-1.968479840851050647e-08,-1.867680812061184776e-09,-1.968479840611263560e-08,-1.867680808475270794e-09,-1.968479840817261973e-08,-1.867680808072824265e-09,-1.968479840851050647e-08,1.671047207550849332e-05,2.220648175882700995e-06,1.671047207550849670e-05,2.220648175882704383e-06,1.671047207550849332e-05,2.220648175882700995e-06,1.671047207550852042e-05,2.220648175882707348e-06,1.170381481266499595e-02,-6.918497514542317622e-03,2.102527746542402269e+02,-3.129971597564669850e+01,-1.828960025548306335e-04,1.726235451323246539e-05,-1.828960025311149307e-04,1.726235456694864200e-05,-1.828960025515242776e-04,1.726235451882879513e-05,-1.828960025548308232e-04,1.726235451323271272e-05,6.746897088388763286e-02,-2.027012148866141894e-01,6.746897088388763286e-02,-2.027012148866141339e-01,6.746897088388763286e-02,-2.027012148866141894e-01,6.746897088388760511e-02,-2.027012148866142172e-01
2.996544031444832217e+06,8.823064781120599175e-07,1.391358821397156329e-06,-9.949550453481045276e-01,2.416755614613639788e-02,-2.728825123685231233e-09,-1.903923492403569780e-08,-2.728825127286656506e-09,-1.903923492157840228e-08,-2.728825124315847262e-09,-1.903923492343520438e-08,-2.728825123685337112e-09,-1.903923492403561839e-08,1.692046117865944694e-05,1.594886766670107065e-06,1.692046117865946049e-05,1.594886766670108759e-06,1.692046117865944694e-05,1.594886766670092666e-06,1.692046117865944694e-05,1.594886766670103677e-06,1.146665774804296600e-02,-7.087613162645560634e-03,2.099286245012388861e+02,-3.308423786772456765e+01,-1.718784680727551261e-04,2.455017022069613063e-05,-1.718784680485319083e-04,2.455017026839529688e-05,-1.718784680669198145e-04,2.455017022938331747e-05,-1.718784680727551532e-04,2.455017022069602898e-05,5.952605358006903685e-02,-2.006091630825818650e-01,5.952605358006899522e-02,-2.006091630825818373e-01,5.952605358006900216e-02,-2.006091630825818928e-01,5.952605358006899522e-02,-2.006091630825818650e-01
3.084066914723898750e+06,9.285291937543641559e-07,1.400494704200273138e-06,-9.946004567904699334e-01,2.477876256429002721e-02,-3.538384787226867456e-09,-1.834762226906687652e-08,-3.538384790332778455e-09,-1.834762226671111908e-08,-3.538384787427296627e-09,-1.834762226885006256e-08,-3.538384787226496879e-09,-1.834762226906692946e-08,1.709317999306717717e-05,9.469533580003767155e-07,1.709317999306717717e-05,9.469533580003767155e-07,1.709317999306717717e-05,9.469533580003767155e-07,1.709317999306717717e-05,9.469533580003774566e-07,1.122131066966629460e-02,-7.250030206109667717e-03,2.095173606873240431e+02,-3.492124325482279801e+01,-1.609350846933125742e-04,3.095780708509274974e-05,-1.609350846702292052e-04,3.095780712552752766e-05,-1.609350846912252953e-04,3.095780708783967759e-05,-1.609350846933127639e-04,3.095780708509284461e-05,5.170049029673273039e-02,-1.981449482452325717e-01,5.170049029673273039e-02,-1.981449482452325717e-01,5.170049029673273039e-02,-1.981449482452325717e-01,5.170049029673274427e-02,-1.981449482452325717e-01
3.174146161272483878e+06,9.757173793717740628e-07,1.407924883051914916e-06,-9.942258528000768036e-01,2.539388048161507483e-02,-4.292541022100730776e-09,-1.761439011196068263e-08,-4.292541024996471725e-09,-1.761439010943888026e-08,-4.292541022429114862e-09,-1.761439011155725672e-08,-4.292541022100677837e-09,-1.761439011196055028e-08,1.722600168913663785e-05,2.794991807378596364e-07,1.722600168913663785e-05,2.794991807378650362e-07,1.722600168913665479e-05,2.794991807378578364e-07,1.722600168913664123e-05,2.794991807378611187e-07,1.096792247891234355e-02,-7.405082618740498404e-03,2.090120266041240598e+02,-3.680532558654145703e+01,-1.501197255247493998e-04,3.650967018129049394e-05,-1.501197255003082303e-04,3.650967021856024177e-05,-1.501197255209109176e-04,3.650967018576847930e-05,-1.501197255247494811e-04,3.650967018129056848e-05,4.402070337910733711e-02,-1.953120238209903048e-01,4.402070337910733711e-02,-1.953120238209903603e-01,4.402070337910733711e-02,-1.953120238209902770e-01,4.402070337910734404e-02,-1.953120238209903325e-01
3.266856437199848704e+06,1.023767643386109687e-06,1.413542587334452340e-06,-9.938310618647384631e-01,2.601163330472506738e-02,-4.987915227746831487e-09,-1.684440700081106964e-08,-4.987915230041549620e-09,-1.684440699867297319e-08,-4.987915228448492405e-09,-1.684440699982610267e-08,-4.987915227746884427e-09,-1.684440700081091082e-08,1.731651817264251810e-05,-4.044745052742297273e-07,1.731651817264250455e-05,-4.044745052742279273e-07,1.731651817264251810e-05,-4.044745052742305743e-07,1.731651817264251810e-05,-4.044745052742221040e-07,1.070671559696447644e-02,-7.552094280631191543e-03,2.084060319175935945e+02,-3.873023800183202781e+01,-1.394843120360609657e-04,4.123461342785035712e-05,-1.394843120155165271e-04,4.123461345679461134e-05,-1.394843120268068665e-04,4.123461343743317967e-05,-1.394843120360608573e-04,4.123461342785028259e-05,3.651544709769918157e-02,-1.921167821966697498e-01,3.651544709769916769e-02,-1.921167821966697220e-01,3.651544709769918157e-02,-1.921167821966697498e-01,3.651544709769916075e-02,-1.921167821966697498e-01
3.362274589458617847e+06,1.072563442915949939e-06,1.417247952205354718e-06,-9.934160527679056774e-01,2.663068575466904023e-02,-5.621632052538605705e-09,-1.604292954572952458e-08,-5.621632054755237988e-09,-1.604292954329390781e-08,-5.621632052824002869e-09,-1.604292954526842102e-08,-5.621632052538552765e-09,-1.604292954572944517e-08,1.736259188436501720e-05,-1.101634298052397325e-06,1.736259188436503075e-05,-1.101634298052399866e-06,1.736259188436501720e-05,-1.101634298052394784e-06,1.736259188436501720e-05,-1.101634298052388854e-06,1.043798933605233001e-02,-7.690387475344042691e-03,2.076932632332135142e+02,-4.068890841454285834e+01,-1.290782637661001613e-04,4.516579641629666584e-05,-1.290782637430776161e-04,4.516579644420523593e-05,-1.290782637618270224e-04,4.516579642022315144e-05,-1.290782637661002155e-04,4.516579641629660485e-05,2.921344173810791478e-02,-1.885686677168291470e-01,2.921344173810794254e-02,-1.885686677168291747e-01,2.921344173810794254e-02,-1.885686677168291470e-01,2.921344173810793560e-02,-1.885686677168291470e-01
3.460479709542726167e+06,1.121975475738025408e-06,1.418949827703006527e-06,-9.929809474126294333e-01,2.724965840792941893e-02,-6.191375935971660903e-09,-1.521554110923529918e-08,-6.191375938005916405e-09,-1.521554110664134019e-08,-6.191375936376860289e-09,-1.521554110847347245e-08,-6.191375935971555024e-09,-1.521554110923535212e-08,1.736240660412758245e-05,-1.808340998050136276e-06,1.736240660412758245e-05,-1.808340998050142841e-06,1.736240660412758245e-05,-1.808340998050137970e-06,1.736240660412758245e-05,-1.808340998050136276e-06,1.016212221442791552e-02,-7.819292169908129489e-03,2.068681967731528459e+02,-4.267347108077748885e+01,-1.189479590755403106e-04,4.834045742501387011e-05,-1.189479590514180320e-04,4.834045745061737895e-05,-1.189479590685832834e-04,4.834045743067539767e-05,-1.189479590755403106e-04,4.834045742501395142e-05,2.214298117576439170e-02,-1.846802389610779083e-01,2.214298117576440211e-02,-1.846802389610778528e-01,2.214298117576439170e-02,-1.846802389610779083e-01,2.214298117576439170e-02,-1.846802389610779360e-01
3.561553199045849033e+06,1.171862344971071968e-06,1.418567599159221179e-06,-9.925260320717599338e-01,2.786714459795180607e-02,-6.695439140321859374e-09,-1.436808090109970783e-08,-6.695439141943027495e-09,-1.436808089884532964e-08,-6.695439140631502855e-09,-1.436808090041207590e-08,-6.695439140321859374e-09,-1.436808090109965489e-08,1.731451574451969318e-05,-2.520684535125607127e-06,1.731451574451972028e-05,-2.520684535125607127e-06,1.731451574451969318e-05,-2.520684535125613904e-06,1.731451574451969318e-05,-2.520684535125607127e-06,9.879573043208144528e-03,-7.938155932012941340e-03,2.059260103404822644e+02,-4.467531561078695290e+01,-1.091362212112461727e-04,5.079960284850729900e-05,-1.091362211905588906e-04,5.079960286866549052e-05,-1.091362212050625341e-04,5.079960285294703913e-05,-1.091362212112461050e-04,5.079960284850733288e-05,1.533152177168006260e-02,-1.804671741282949660e-01,1.533152177168006954e-02,-1.804671741282949660e-01,1.533152177168005566e-02,-1.804671741282949660e-01,1.533152177168006260e-02,-1.804671741282949660e-01
3.665578837134662550e+06,1.222071509020055628e-06,1.416032973418478050e-06,-9.920517666139111457e-01,2.848172949581534441e-02,-7.132759427439150392e-09,-1.350656478155650279e-08,-7.132759428815817159e-09,-1.350656477937430769e-08,-7.132759427473666984e-09,-1.350656478146383210e-08,-7.132759427439044512e-09,-1.350656478155642338e-08,1.721788653767205766e-05,-3.234527315539967193e-06,1.721788653767205766e-05,-3.234527315539960416e-06,1.721788653767205766e-05,-3.234527315539967193e-06,1.721788653767207121e-05,-3.234527315539970157e-06,9.590880629925677137e-03,-8.046354305175758281e-03,2.048626915561379462e+02,-4.668515389325210663e+01,-9.968184420487061074e-05,5.258761609110197970e-05,-9.968184418516923425e-05,5.258761610823791701e-05,-9.968184420405062863e-05,5.258761609161850039e-05,-9.968184420487062429e-05,5.258761609110197970e-05,8.805261795856755488e-03,-1.759482147083230308e-01,8.805261795856776305e-03,-1.759482147083230308e-01,8.805261795856755488e-03,-1.759482147083230308e-01,8.805261795856706916e-03,-1.759482147083229753e-01
3.772642849992855918e+06,1.272440520508150640e-06,1.411291681676103541e-06,-9.915587912749338484e-01,2.909201109479348304e-02,-7.502945747491432018e-09,-1.263709947690450805e-08,-7.502945748615841785e-09,-1.263709947489725172e-08,-7.502945747675396986e-09,-1.263709947628884745e-08,-7.502945747491379078e-09,-1.263709947690466687e-08,1.707193849889131887e-05,-3.945555494638264407e-06,1.707193849889130532e-05,-3.945555494638261019e-06,1.707193849889131887e-05,-3.945555494638264407e-06,1.707193849889133242e-05,-3.945555494638254242e-06,9.296661975969910258e-03,-8.143301422046831869e-03,2.036751391630822923e+02,-4.869310482346463687e+01,-9.061917287736386700e-05,5.375179175332210559e-05,-9.061917285952539379e-05,5.375179176732200166e-05,-9.061917287199558902e-05,5.375179175626291589e-05,-9.061917287736393476e-05,5.375179175332204460e-05,2.588721889717459854e-03,-1.711450442826404905e-01,2.588721889717445976e-03,-1.711450442826405183e-01,2.588721889717459854e-03,-1.711450442826404905e-01,2.588721889717452915e-03,-1.711450442826404628e-01
3.882833982293461915e+06,1.322798548482017320e-06,1.404305047442454052e-06,-9.910479305862907040e-01,2.969662273109387185e-02,-7.806290619124416301e-09,-1.176579227424416254e-08,-7.806290620082384094e-09,-1.176579227218640187e-08,-7.806290619100090573e-09,-1.176579227435133868e-08,-7.806290619124469240e-09,-1.176579227424418901e-08,1.687657460508283687e-05,-4.649337340310880606e-06,1.687657460508283687e-05,-4.649337340310880606e-06,1.687657460508283687e-05,-4.649337340310880606e-06,1.687657460508283687e-05,-4.649337340310883994e-06,8.997608884142582752e-03,-8.228460605100547734e-03,2.023612541223992594e+02,-5.068879608962712524e+01,-8.197775035793427982e-05,5.434180378943809860e-05,-8.197775033997761502e-05,5.434180380168618824e-05,-8.197775035885460483e-05,5.434180378900470233e-05,-8.197775035793425271e-05,5.434180378943811215e-05,-3.295662026543840460e-03,-1.660821013077117547e-01,-3.295662026543840460e-03,-1.660821013077117547e-01,-3.295662026543840460e-03,-1.660821013077117547e-01,-3.295662026543840460e-03,-1.660821013077117547e-01
3.996243570758746471e+06,1.372968168325852691e-06,1.395051367505581973e-06,-9.905201941351888806e-01,3.029425668739018501e-02,-8.043768286411321435e-09,-1.089865855073727604e-08,-8.043768287185324260e-09,-1.089865854874203699e-08,-8.043768286501583383e-09,-1.089865855016576703e-08,-8.043768286411427314e-09,-1.089865855073735545e-08,1.663220375742623095e-05,-5.341387519238408805e-06,1.663220375742624450e-05,-5.341387519238405417e-06,1.663220375742623095e-05,-5.341387519238408805e-06,1.663220375742621739e-05,-5.341387519238398641e-06,8.694482937543716178e-03,-8.301354683143160468e-03,2.009200172966708919e+02,-5.266148160134063261e+01,-7.378204492898110100e-05,5.440911909012135708e-05,-7.378204491187149625e-05,5.440911910034461108e-05,-7.378204492415112940e-05,5.440911909204511121e-05,-7.378204492898106034e-05,5.440911909012130965e-05,-8.827921572261334532e-03,-1.607863269970984388e-01,-8.827921572261322389e-03,-1.607863269970983833e-01,-8.827921572261334532e-03,-1.607863269970984388e-01,-8.827921572261331062e-03,-1.607863269970984110e-01
4.112965619868631475e+06,1.422767392690534759e-06,1.383527056155592610e-06,-9.899767739154512469e-01,3.088368835243852570e-02,-8.217018204145249447e-09,-1.004152970346233534e-08,-8.217018204740581260e-09,-1.004152970162869430e-08,-8.217018204211953292e-09,-1.004152970271676106e-08,-8.217018204145302387e-09,-1.004152970346225593e-08,1.633975331088947784e-05,-6.017235816302537375e-06,1.633975331088947784e-05,-6.017235816302543305e-06,1.633975331088946428e-05,-6.017235816302537375e-06,1.633975331088947784e-05,-6.017235816302533987e-06,8.388108867311632258e-03,-8.361575734737128340e-03,1.993515507384791192e+02,-5.460017247548971397e+01,-6.605126586282492778e-05,5.400637030732015147e-05,-6.605126584736202284e-05,5.400637031548045333e-05,-6.605126585661997098e-05,5.400637030936192100e-05,-6.605126586282498199e-05,5.400637030732013114e-05,-1.399090258476929846e-02,-1.552868518216750926e-01,-1.399090258476931581e-02,-1.552868518216750648e-01,-1.399090258476930193e-02,-1.552868518216750926e-01,-1.399090258476930367e-02,-1.552868518216750648e-01
4.233096879780406132e+06,1.472011906870506178e-06,1.369747506935561389e-06,-9.894190381300665971e-01,3.146380035455845214e-02,-8.328313930215729210e-09,-9.199964150690845347e-09,-8.328313930656490745e-09,-9.199964149102208584e-09,-8.328313930222545179e-09,-9.199964150373499159e-09,-8.328313930215702741e-09,-9.199964150690765938e-09,1.600067074035788764e-05,-6.672498530952012121e-06,1.600067074035791474e-05,-6.672498530952012121e-06,1.600067074035788764e-05,-6.672498530952012121e-06,1.600067074035790119e-05,-6.672498530952008733e-06,8.079366381940584346e-03,-8.408793970900619794e-03,1.976571599787756099e+02,-5.649377886580357710e+01,-5.879927521971721883e-05,5.318670370303268930e-05,-5.879927520653510935e-05,5.318670370926925736e-05,-5.879927521711518105e-05,5.318670370371595351e-05,-5.879927521971721883e-05,5.318670370303268930e-05,-1.877056442158720265e-02,-1.496146265903054440e-01,-1.877056442158719224e-02,-1.496146265903054162e-01,-1.877056442158720265e-02,-1.496146265903054440e-01,-1.877056442158719224e-02,-1.496146265903054440e-01
4.356736926524308510e+06,1.520517462381184431e-06,1.353747633036106208e-06,-9.888485214220966713e-01,3.203360605372188724e-02,-8.380518052080243565e-09,-8.379164050177581090e-09,-8.380518052384275454e-09,-8.379164048439098906e-09,-8.380518052064864623e-09,-8.379164049842023694e-09,-8.380518052080164156e-09,-8.379164050177660500e-09,1.561691386692185183e-05,-7.302950583448366085e-06,1.561691386692183828e-05,-7.302950583448359309e-06,1.561691386692185183e-05,-7.302950583448366085e-06,1.561691386692183828e-05,-7.302950583448366085e-06,7.769180590462092077e-03,-8.442765479208635959e-03,1.958393552329526983e+02,-5.833125937150295215e+01,-5.203459934702927187e-05,5.200311916437667286e-05,-5.203459933286774835e-05,5.200311916969739502e-05,-5.203459934431639474e-05,5.200311916491470141e-05,-5.203459934702930575e-05,5.200311916437668641e-05,-2.315622176414006833e-02,-1.438020063986208408e-01,-2.315622176414004751e-02,-1.438020063986208408e-01,-2.315622176414006833e-02,-1.438020063986208408e-01,-2.315622176414006833e-02,-1.438020063986208408e-01
4.483988244541460648e+06,1.568102374371483030e-06,1.335582056425877677e-06,-9.882669116343852922e-01,3.259227177007303217e-02,-8.377024315339583676e-09,-7.583900242927942341e-09,-8.377024315526963246e-09,-7.583900241381657226e-09,-8.377024315296437935e-09,-7.583900242549927419e-09,-8.377024315339438092e-09,-7.583900242927889401e-09,1.519092947198674804e-05,-7.904596234588435680e-06,1.519092947198677684e-05,-7.904596234588435680e-06,1.519092947198674804e-05,-7.904596234588435680e-06,1.519092947198674804e-05,-7.904596234588435680e-06,7.458511208778903154e-03,-8.463338575467584113e-03,1.939018500930357334e+02,-6.010177432580383794e+01,-4.576054041872967305e-05,5.050782012746376002e-05,-4.576054040633688308e-05,5.050782013142494686e-05,-4.576054041571688528e-05,5.050782012787278206e-05,-4.576054041872967305e-05,5.050782012746377357e-05,-2.714072046553003825e-02,-1.378822978124217002e-01,-2.714072046553002437e-02,-1.378822978124216447e-01,-2.714072046553003825e-02,-1.378822978124217002e-01,-2.714072046553003825e-02,-1.378822978124217280e-01
4.614956311632562429e+06,1.614590062627827935e-06,1.315324926324870094e-06,-9.876760333239184009e-01,3.313913714789849113e-02,-8.321688630328534149e-09,-6.818447662441818641e-09,-8.321688630404317128e-09,-6.818447660968616588e-09,-8.321688630242533835e-09,-6.818447661970894792e-09,-8.321688630328520914e-09,-6.818447662441845111e-09,1.472562055942000618e-05,-8.473736289369209485e-06,1.472562055942003329e-05,-8.473736289369216261e-06,1.472562055941999263e-05,-8.473736289369189156e-06,1.472562055942000618e-05,-8.473736289369202709e-06,7.148340788472836924e-03,-8.470458547463338705e-03,1.918495370230519370e+02,-6.179483897759828892e+01,-3.997538477904140223e-05,4.875159101533829416e-05,-3.997538476742483325e-05,4.875159101827419844e-05,-3.997538477533573473e-05,4.875159101561427104e-05,-3.997538477904140900e-05,4.875159101533828738e-05,-3.072054114968592389e-02,-1.318892813413231613e-01,-3.072054114968592389e-02,-1.318892813413231335e-01,-3.072054114968591695e-02,-1.318892813413231890e-01,-3.072054114968592389e-02,-1.318892813413232168e-01
4.749749686387764290e+06,1.659811572118338784e-06,1.293069359828362516e-06,-9.870778283763536054e-01,3.367373310369242700e-02,-8.218751068029476682e-09,-6.086533063860957383e-09,-8.218751068026141490e-09,-6.086533062551338567e-09,-8.218751067945832178e-09,-6.086533063530535124e-09,-8.218751068029489917e-09,-6.086533063860957383e-09,1.422430296594005662e-05,-9.007029717343425723e-06,1.422430296594005662e-05,-9.007029717343425723e-06,1.422430296594007017e-05,-9.007029717343418947e-06,1.422430296594007017e-05,-9.007029717343418947e-06,6.839662251014632516e-03,-8.464170622840463259e-03,1.896884397840265137e+02,-6.340047246481935161e+01,-3.467270132941532835e-05,4.678321883938848727e-05,-3.467270131925007239e-05,4.678321884141649421e-05,-3.467270132684695504e-05,4.678321883942458442e-05,-3.467270132941531479e-05,4.678321883938849405e-05,-3.389582676078472384e-02,-1.258567224477224467e-01,-3.389582676078472384e-02,-1.258567224477224467e-01,-3.389582676078473078e-02,-1.258567224477224467e-01,-3.389582676078473078e-02,-1.258567224477224467e-01
4.888480098170185462e+06,1.703608008233629812e-06,1.268926510056747462e-06,-9.864743341734834026e-01,3.419579688313639787e-02,-8.072751298634355274e-09,-5.391296460116621850e-09,-8.072751298596576282e-09,-5.391296459039725337e-09,-8.072751298582309070e-09,-5.391296459957247308e-09,-8.072751298634315570e-09,-5.391296460116621850e-09,1.369065243892796494e-05,-9.501547788972647643e-06,1.369065243892796494e-05,-9.501547788972647643e-06,1.369065243892796494e-05,-9.501547788972647643e-06,1.369065243892797849e-05,-9.501547788972654419e-06,6.533466040731492758e-03,-8.444621051573664855e-03,1.874256437406414477e+02,-6.490933854634764089e+01,-2.984172005549539367e-05,4.464897388400735679e-05,-2.984172004726813216e-05,4.464897388534897567e-05,-2.984172005426940157e-05,4.464897388395111381e-05,-2.984172005549536657e-05,4.464897388400734324e-05,-3.667033302761580488e-02,-1.198178849336019453e-01,-3.667033302761580488e-02,-1.198178849336019453e-01,-3.667033302761580488e-02,-1.198178849336019453e-01,-3.667033302761583263e-02,-1.198178849336019314e-01
5.031262539727665484e+06,1.745832823684256541e-06,1.243024280091820685e-06,-9.858676598543838487e-01,3.470528385103063135e-02,-7.888440149220211618e-09,-4.735267108062145445e-09,-7.888440149090483228e-09,-4.735267106992660470e-09,-7.888440149116833894e-09,-4.735267107805150355e-09,-7.888440149220191765e-09,-4.735267108062224855e-09,1.312864367672062642e-05,-9.954819084026502124e-06,1.312864367672062642e-05,-9.954819084026502124e-06,1.312864367672062642e-05,-9.954819084026502124e-06,1.312864367672062642e-05,-9.954819084026502124e-06,6.230727228606174929e-03,-8.412056256557255696e-03,1.850692057976235958e+02,-6.631287431390720144e+01,-2.546777803225978189e-05,4.239216200270297006e-05,-2.546777802420442403e-05,4.239216200342193840e-05,-2.546777803030202448e-05,4.239216200249601619e-05,-2.546777803225976156e-05,4.239216200270299039e-05,-3.905130362724501536e-02,-1.138050605124934916e-01,-3.905130362724501536e-02,-1.138050605124934916e-01,-3.905130362724501536e-02,-1.138050605124934916e-01,-3.905130362724500842e-02,-1.138050605124934916e-01
5.178215362509516068e+06,1.786353898852931483e-06,1.215505712845895401e-06,-9.852599612747575675e-01,3.520237575505016231e-02,-7.670690050753026481e-09,-4.120354312241914348e-09,-7.670690050574190032e-09,-4.120354311271757221e-09,-7.670690050655756658e-09,-4.120354312039804346e-09,-7.670690050753016554e-09,-4.120354312241914348e-09,1.254248313369997563e-05,-1.036486406803729757e-05,1.254248313369996208e-05,-1.036486406803729757e-05,1.254248313369997563e-05,-1.036486406803729757e-05,1.254248313369996208e-05,-1.036486406803730435e-05,5.932392901507105819e-03,-8.366820072985012638e-03,1.826280464344835366e+02,-6.760340353241522848e+01,-2.153281814505565343e-05,4.005275812154920309e-05,-2.153281813785002546e-05,4.005275812179180011e-05,-2.153281814352926617e-05,4.005275812129617741e-05,-2.153281814505566698e-05,4.005275812154920309e-05,-4.104927460250441112e-02,-1.078491276924437858e-01,-4.104927460250438337e-02,-1.078491276924437720e-01,-4.104927460250441112e-02,-1.078491276924437858e-01,-4.104927460250438337e-02,-1.078491276924438275e-01
5.329460374767275527e+06,1.825055364592671471e-06,1.186527097733798965e-06,-9.846534153047060700e-01,3.568748533212582480e-02,-7.424407103893453027e-09,-3.547852739724016266e-09,-7.424407103716198148e-09,-3.547852738919652604e-09,-7.424407103785085749e-09,-3.547852739532308887e-09,-7.424407103893479496e-09,-3.547852739724016266e-09,1.193653761544324446e-05,-1.073021833161125443e-05,1.193653761544324446e-05,-1.073021833161124766e-05,1.193653761544324446e-05,-1.073021833161125443e-05,1.193653761544324446e-05,-1.073021833161125443e-05,5.639370160215450602e-03,-8.309349162335652461e-03,1.801118269119997706e+02,-6.877423183340548007e+01,-1.801592440911379685e-05,3.766712725106037356e-05,-1.801592440323008916e-05,3.766712725104547256e-05,-1.801592440767484034e-05,3.766712725073469278e-05,-1.801592440911377991e-05,3.766712725106038034e-05,-4.267781510457639704e-02,-1.019791518151785398e-01,-4.267781510457637623e-02,-1.019791518151784981e-01,-4.267781510457639704e-02,-1.019791518151785398e-01,-4.267781510457640398e-02,-1.019791518151785537e-01
5.485122942520787939e+06,1.861839125819364249e-06,1.156255843767206300e-06,-9.840501941110841866e-01,3.616125725798919471e-02,-7.154447321487618875e-09,-3.018461392309039241e-09,-7.154447321305291725e-09,-3.018461391621592595e-09,-7.154447321312651978e-09,-3.018461392042157688e-09,-7.154447321487671815e-09,-3.018461392309026006e-09,1.131526081472406351e-05,-1.104994402412212892e-05,1.131526081472407706e-05,-1.104994402412214247e-05,1.131526081472406351e-05,-1.104994402412212892e-05,1.131526081472406351e-05,-1.104994402412212892e-05,5.352515024087668022e-03,-8.240166747661367003e-03,1.775308151805760133e+02,-6.981972167778398841e+01,-1.489387716214074954e-05,3.526783584520838791e-05,-1.489387715718498169e-05,3.526783584499061235e-05,-1.489387716014658157e-05,3.526783584463433674e-05,-1.489387716214073938e-05,3.526783584520837436e-05,-4.395321367756235831e-02,-9.622203629538393643e-02,-4.395321367756232361e-02,-9.622203629538385317e-02,-4.395321367756235831e-02,-9.622203629538393643e-02,-4.395321367756235831e-02,-9.622203629538392256e-02
5.645332093473293819e+06,1.896626055188721846e-06,1.124868174991141184e-06,-9.834524400473509953e-01,3.662456556844848055e-02,-6.865539321611611004e-09,-2.532314904921455218e-09,-6.865539321418010209e-09,-2.532314904318407464e-09,-6.865539321521011566e-09,-2.532314904801136835e-09,-6.865539321611606041e-09,-2.532314904921455218e-09,1.068311996132028193e-05,-1.132362946273384714e-05,1.068311996132025483e-05,-1.132362946273382004e-05,1.068311996132028193e-05,-1.132362946273383359e-05,1.068311996132028193e-05,-1.132362946273383359e-05,5.072622501890762178e-03,-8.159874870084724008e-03,1.748957443069086253e+02,-7.073534576832091147e+01,-1.214171163762127062e-05,3.288355292319002521e-05,-1.214171163333127914e-05,3.288355292279714423e-05,-1.214171163672391545e-05,3.288355292287538974e-05,-1.214171163762126893e-05,3.288355292319005910e-05,-4.489412096727586621e-02,-9.060223289396351909e-02,-4.489412096727584539e-02,-9.060223289396346358e-02,-4.489412096727585233e-02,-9.060223289396351909e-02,-4.489412096727584539e-02,-9.060223289396353297e-02
5.810220623961661942e+06,1.929356837913595047e-06,1.092546708048717678e-06,-9.828622417230911124e-01,3.707850779850247608e-02,-6.562215366735430758e-09,-2.089025446465968822e-09,-6.562215366526346796e-09,-2.089025445927176458e-09,-6.562215366564434327e-09,-2.089025446267008724e-09,-6.562215366735482870e-09,-2.089025446465955587e-09,1.004452468138373408e-05,-1.155137733157851598e-05,1.004452468138372052e-05,-1.155137733157852275e-05,1.004452468138373408e-05,-1.155137733157851598e-05,1.004452468138372052e-05,-1.155137733157852953e-05,4.800418041033585256e-03,-8.069145408764594879e-03,1.722176673428018034e+02,-7.151771838743260901e+01,-9.733264371861109873e-06,3.053903717159584577e-05,-9.733264368071201558e-06,3.053903717104624336e-05,-9.733264370376327185e-06,3.053903717097955137e-05,-9.733264371861106485e-06,3.053903717159583221e-05,-4.552116082530101304e-02,-8.514151638773488628e-02,-4.552116082530099916e-02,-8.514151638773487241e-02,-4.552116082530101304e-02,-8.514151638773488628e-02,-4.552116082530099916e-02,-8.514151638773487241e-02
5.979925209030424245e+06,1.959992460925639345e-06,1.059477972557666068e-06,-9.822816117518757828e-01,3.752439618629366258e-02,-6.248752199762677575e-09,-1.687733211239090865e-09,-6.248752199536532185e-09,-1.687733210753039537e-09,-6.248752199680326782e-09,-1.687733211154850792e-09,-6.248752199762677575e-09,-1.687733211239090865e-09,9.403759990976168616e-06,-1.173378228436107310e-05,9.403759990976155063e-06,-1.173378228436107310e-05,9.403759990976127958e-06,-1.173378228436106632e-05,9.403759990976127958e-06,-1.173378228436105955e-05,4.536550511981941522e-03,-7.968710137378357330e-03,1.695078124897863177e+02,-7.216460491346613537e+01,-7.641693475872649954e-06,2.825520343474455094e-05,-7.641693472484447014e-06,2.825520343405713965e-05,-7.641693475241393568e-06,2.825520343444059147e-05,-7.641693475872658425e-06,2.825520343474455094e-05,-4.585652229012782827e-02,-7.985882640309807656e-02,-4.585652229012783521e-02,-7.985882640309809044e-02,-4.585652229012782827e-02,-7.985882640309810432e-02,-4.585652229012783521e-02,-7.985882640309810432e-02
6.154586515720838681e+06,1.988514351204147822e-06,1.025849933504477748e-06,-9.817124665843732778e-01,3.796374636886033077e-02,-5.929122649402492610e-09,-1.327163320646590230e-09,-5.929122649160711026e-09,-1.327163320207628640e-09,-5.929122649282960048e-09,-1.327163320538858227e-09,-5.929122649402533969e-09,-1.327163320646616700e-09,8.764925100970081135e-06,-1.187189910260450891e-05,8.764925100970081135e-06,-1.187189910260450891e-05,8.764925100970081135e-06,-1.187189910260450891e-05,8.764925100970094688e-06,-1.187189910260450891e-05,4.281586826642360018e-03,-7.859350107198461236e-03,1.667774421808943544e+02,-7.267491049146832438e+01,-5.839960920495394524e-06,2.604925971736389475e-05,-5.839960917454786801e-06,2.604925971656252704e-05,-5.839960919681570351e-06,2.604925971691592952e-05,-5.839960920495391983e-06,2.604925971736388797e-05,-4.592354483344016081e-02,-7.477017662590032532e-02,-4.592354483344014693e-02,-7.477017662590029756e-02,-4.592354483344017468e-02,-7.477017662590033920e-02,-4.592354483344017468e-02,-7.477017662590032532e-02
6.334349319668900222e+06,2.014924178728898752e-06,9.918495710241310255e-07,-9.811566087302877603e-01,3.839826405256411418e-02,-5.606958489582731570e-09,-1.005686896819566968e-09,-5.606958489329194922e-09,-1.005686896425200340e-09,-5.606958489528960694e-09,-1.005686896776871214e-09,-5.606958489582720816e-09,-1.005686896819566968e-09,8.131879403576718423e-06,-1.196720282880402744e-05,8.131879403576731976e-06,-1.196720282880401389e-05,8.131879403576718423e-06,-1.196720282880402744e-05,8.131879403576718423e-06,-1.196720282880402067e-05,4.036008231015760991e-03,-7.741884650746474160e-03,1.640377193291515141e+02,-7.304864946493110267e+01,-4.301267406981283793e-06,2.393490412923854333e-05,-4.301267404260819796e-06,2.393490412835304492e-05,-4.301267406654772074e-06,2.393490412903535029e-05,-4.301267406981299887e-06,2.393490412923853655e-05,-4.574630862849102253e-02,-6.988862921369611014e-02,-4.574630862849104335e-02,-6.988862921369612402e-02,-4.574630862849102253e-02,-6.988862921369612402e-02,-4.574630862849102253e-02,-6.988862921369611014e-02
6.519362625108934008e+06,2.039243348908690603e-06,9.576605668020508942e-07,-9.806157115634938082e-01,3.882983017209238469e-02,-5.285524575315354724e-09,-7.213841233834515959e-10,-5.285524575056017058e-09,-7.213841230329056872e-10,-5.285524575238921581e-09,-7.213841233300686679e-10,-5.285524575315369613e-09,-7.213841233834515959e-10,7.508196663762741129e-06,-1.202154248060326020e-05,7.508196663762727576e-06,-1.202154248060325343e-05,7.508196663762740282e-06,-1.202154248060326698e-05,7.508196663762753834e-06,-1.202154248060326698e-05,3.800208255330507403e-03,-7.617160292435178059e-03,1.612995835127064765e+02,-7.328689769009984900e+01,-2.999433028054027134e-06,2.192257015504291007e-05,-2.999433025640200498e-06,2.192257015410777215e-05,-2.999433027638143698e-06,2.192257015475283178e-05,-2.999433028054030099e-06,2.192257015504291685e-05,-4.534924051258443223e-02,-6.522433012949759024e-02,-4.534924051258443917e-02,-6.522433012949760411e-02,-4.534924051258443917e-02,-6.522433012949759024e-02,-4.534924051258444611e-02,-6.522433012949759024e-02
6.709779788382251747e+06,2.061512216566143620e-06,9.234611392957291535e-07,-9.800913067964105441e-01,3.926048505836361030e-02,-4.967703857562420278e-09,-4.721072558270550982e-10,-4.967703857349201240e-09,-4.721072555472232057e-10,-4.967703857472965658e-09,-4.721072557723354463e-10,-4.967703857562431858e-09,-4.721072558270418633e-10,6.897128078340148099e-06,-1.203709005165328341e-05,6.897128078340154875e-06,-1.203709005165329696e-05,6.897128078340148099e-06,-1.203709005165328341e-05,6.897128078340148099e-06,-1.203709005165328341e-05,3.574492255446799858e-03,-7.486039832582752629e-03,1.585736393125278596e+02,-7.339173023520972095e+01,-1.909219562088829078e-06,2.001970820034968489e-05,-1.909219560192192290e-06,2.001970819957171901e-05,-1.909219561651925672e-06,2.001970820001031267e-05,-1.909219562088827808e-06,2.001970820034968150e-05,-4.475674484346631177e-02,-6.078459939224400282e-02,-4.475674484346628401e-02,-6.078459939224396119e-02,-4.475674484346631177e-02,-6.078459939224400282e-02,-4.475674484346631177e-02,-6.078459939224400282e-02
6.905758645053234883e+06,2.081789059200198285e-06,8.894220612972083943e-07,-9.795847746069834550e-01,3.969241211967864530e-02,-4.655992526200848024e-09,-2.555417674231214135e-10,-4.655992525993417596e-09,-2.555417671804332392e-10,-4.655992526112563037e-09,-2.555417673761706420e-10,-4.655992526200836444e-09,-2.555417674231214135e-10,6.301574505217763803e-06,-1.201628652542948274e-05,6.301574505217770579e-06,-1.201628652542948274e-05,6.301574505217763803e-06,-1.201628652542948274e-05,6.301574505217763803e-06,-1.201628652542946919e-05,3.359078434585026970e-03,-7.349391843982171733e-03,1.558700584268521823e+02,-7.336614721003161321e+01,-1.006592762810655453e-06,1.823109152000639211e-05,-1.006592761167728537e-06,1.823109151923941733e-05,-1.006592762422709281e-06,1.823109151967250866e-05,-1.006592762810655664e-06,1.823109152000639888e-05,-4.399286675111785394e-02,-5.657406892652053210e-02,-4.399286675111784006e-02,-5.657406892652052516e-02,-4.399286675111785394e-02,-5.657406892652053210e-02,-4.399286675111785394e-02,-5.657406892652053210e-02
7.107461640738224611e+06,2.100148850538042508e-06,8.557048847323443167e-07,-9.790973363094348514e-01,4.012792150511483580e-02,-4.352504249068992632e-09,-6.926409476356817440e-11,-4.352504248874982383e-09,-6.926409455699801439e-11,-4.352504249005936654e-09,-6.926409473466317507e-11,-4.352504249068981052e-09,-6.926409476356155695e-11,5.724067830000184176e-06,-1.196178657189471081e-05,5.724067830000184176e-06,-1.196178657189471081e-05,5.724067830000197729e-06,-1.196178657189473114e-05,5.724067830000184176e-06,-1.196178657189471081e-05,3.154100200433170020e-03,-7.208080785163809359e-03,1.531984965902752265e+02,-7.321399057787326115e+01,-2.689252753134369976e-07,1.655913527515086477e-05,-2.689252739182135383e-07,1.655913527442882339e-05,-2.689252750637571486e-07,1.655913527491367521e-05,-2.689252753134305919e-07,1.655913527515086815e-05,-4.308099343211425902e-02,-5.259485983861510866e-02,-4.308099343211425902e-02,-5.259485983861510866e-02,-4.308099343211425902e-02,-5.259485983861510866e-02,-4.308099343211425902e-02,-5.259485983861510172e-02
7.315055965755646117e+06,2.116681876953703090e-06,8.224603884620099376e-07,-9.786300493813754331e-01,4.056943416831994970e-02,-4.058982277783896906e-09,8.920524106601767954e-11,-4.058982277610392464e-09,8.920524123858079021e-11,-4.058982277761114698e-09,8.920524107491152548e-11,-4.058982277783911796e-09,8.920524106603091443e-11,5.166761135425775053e-06,-1.187640347903154852e-05,5.166761135425775053e-06,-1.187640347903155530e-05,5.166761135425775053e-06,-1.187640347903156207e-05,5.166761135425768277e-06,-1.187640347903155530e-05,2.959609686114950643e-03,-7.062957896298766025e-03,1.505680257544942151e+02,-7.293985478384418286e+01,3.248572411620007778e-07,1.500421851312814675e-05,3.248572423204279710e-07,1.500421851248085095e-05,3.248572412435251579e-07,1.500421851304290813e-05,3.248572411620033189e-07,1.500421851312814506e-05,-4.204359727084114318e-02,-4.884679051651622667e-02,-4.204359727084112930e-02,-4.884679051651620585e-02,-4.204359727084115012e-02,-4.884679051651621973e-02,-4.204359727084115012e-02,-4.884679051651621973e-02
7.528713693708994426e+06,2.131492238789879243e-06,7.898272567473289352e-07,-9.781838045970135953e-01,4.101946668773232690e-02,-3.776818071203744740e-09,2.223540379538396815e-10,-3.776818071056799413e-09,2.223540380954927070e-10,-3.776818071191345303e-09,2.223540379578498531e-10,-3.776818071203748049e-09,2.223540379538264466e-10,4.631427088185422539e-06,-1.176305570123427683e-05,4.631427088185415763e-06,-1.176305570123426327e-05,4.631427088185415763e-06,-1.176305570123427005e-05,4.631427088185422539e-06,-1.176305570123427005e-05,2.775582248534387043e-03,-6.914853002516662545e-03,1.479870814665729029e+02,-7.254899390650537327e+01,7.941826450357581256e-07,1.356500018744912956e-05,7.941826459731024669e-07,1.356500018690088240e-05,7.941826450757155285e-07,1.356500018740322884e-05,7.941826450357557963e-07,1.356500018744912787e-05,-4.090202276159753125e-02,-4.532760693775848837e-02,-4.090202276159754513e-02,-4.532760693775850225e-02,-4.090202276159753819e-02,-4.532760693775848143e-02,-4.090202276159753125e-02,-4.532760693775848837e-02
7.748611924117537215e+06,2.144696276858235406e-06,7.579309879367564391e-07,-9.777593249698011135e-01,4.148061713022714592e-02,-3.507075044626290143e-09,3.326369244877180025e-10,-3.507075044481885914e-09,3.326369246100216192e-10,-3.507075044597830167e-09,3.326369244952354199e-10,-3.507075044626293451e-09,3.326369244877014589e-10,4.119463756011292150e-06,-1.162471620356915560e-05,4.119463756011285374e-06,-1.162471620356914883e-05,4.119463756011292150e-06,-1.162471620356915560e-05,4.119463756011292150e-06,-1.162471620356916238e-05,2.601921748882355962e-03,-6.764567309812905341e-03,1.454634249272553461e+02,-7.204722782584491370e+01,1.156786203701167006e-06,1.223872184042649448e-05,1.156786204521154615e-06,1.223872183988954505e-05,1.156786203784148071e-06,1.223872184032194859e-05,1.156786203701159171e-06,1.223872184042649109e-05,-3.967631756696842621e-02,-4.203322688957868841e-02,-3.967631756696841927e-02,-4.203322688957868841e-02,-3.967631756696842621e-02,-4.203322688957868841e-02,-3.967631756696841927e-02,-4.203322688957867453e-02
7.974932929212971590e+06,2.156420961095441053e-06,7.268830263377118505e-07,-9.773571661778349684e-01,4.195555217308925833e-02,-3.250516074145166378e-09,4.224402682750974372e-10,-3.250516073986382442e-09,4.224402683834944934e-10,-3.250516074087783204e-09,4.224402682869658246e-10,-3.250516074145186230e-09,4.224402682751040546e-10,3.631906925277481572e-06,-1.146436555518744624e-05,3.631906925277468020e-06,-1.146436555518744624e-05,3.631906925277481572e-06,-1.146436555518744624e-05,3.631906925277481572e-06,-1.146436555518743947e-05,2.438466421276983594e-03,-6.612867240134804106e-03,1.430041188375539036e+02,-7.144084962091555724e+01,1.428705793062368226e-06,1.102149114140930432e-05,1.428705793824822816e-06,1.102149114082343196e-05,1.428705793213496691e-06,1.102149114120058694e-05,1.428705793062366108e-06,1.102149114140930094e-05,-3.838510660187414297e-02,-3.895799042163285153e-02,-3.838510660187412910e-02,-3.895799042163284459e-02,-3.838510660187414297e-02,-3.895799042163285153e-02,-3.838510660187414991e-02,-3.895799042163285153e-02
8.207864305023705587e+06,2.166802274107483548e-06,6.967801047715704410e-07,-9.769777181306968927e-01,4.244699562763409179e-02,-3.007633462838327160e-09,4.940535068952781633e-10,-3.007633462724143149e-09,4.940535069805935717e-10,-3.007633462819750338e-09,4.940535068980674163e-10,-3.007633462838347013e-09,4.940535068952616197e-10,3.169447901312400684e-06,-1.128494949256375856e-05,3.169447901312407461e-06,-1.128494949256376534e-05,3.169447901312400684e-06,-1.128494949256375856e-05,3.169447901312407461e-06,-1.128494949256375856e-05,2.284995143346328465e-03,-6.460479317189845444e-03,1.406155158516824315e+02,-7.073653608777141244e+01,1.624311963216356505e-06,9.908542031323959377e-06,1.624311963785352582e-06,9.908542030903688734e-06,1.624311963260549179e-06,9.908542031257062409e-06,1.624311963216364552e-06,9.908542031323954295e-06,-3.704550683598845789e-02,-3.609490967866674921e-02,-3.704550683598846483e-02,-3.609490967866675615e-02,-3.704550683598845789e-02,-3.609490967866674921e-02,-3.704550683598845789e-02,-3.609490967866674921e-02
8.447599126872003078e+06,2.175983617632167130e-06,6.677037805189687527e-07,-9.766212073352122935e-01,4.295771843960920905e-02,-2.778680192169192216e-09,5.496467076503352417e-10,-2.778680192057822273e-09,5.496467077226142836e-10,-2.778680192117293250e-09,5.496467076553810434e-10,-2.778680192169182290e-09,5.496467076503286243e-10,2.732455733617231563e-06,-1.108934144609310635e-05,2.732455733617231563e-06,-1.108934144609310635e-05,2.732455733617231563e-06,-1.108934144609310635e-05,2.732455733617231563e-06,-1.108934144609308602e-05,2.141233934193477548e-03,-6.308086084531642178e-03,1.383032582484318311e+02,-6.994126292432432024e+01,1.756366371269924322e-06,8.894468683049389787e-06,1.756366371766112199e-06,8.894468682643435695e-06,1.756366371381125348e-06,8.894468682864763710e-06,1.756366371269925804e-06,8.894468683049393175e-06,-3.567307958396304102e-02,-3.343591221934684443e-02,-3.567307958396304102e-02,-3.343591221934684443e-02,-3.567307958396304102e-02,-3.343591221934684443e-02,-3.567307958396305489e-02,-3.343591221934685137e-02
8.694336109412876889e+06,2.184114264558521717e-06,6.397201445410679243e-07,-9.762876997281960678e-01,4.349053017877058114e-02,-2.563701428289919174e-09,5.912539852992006046e-10,-2.563701428170537159e-09,5.912539853601605070e-10,-2.563701428263697549e-09,5.912539853003785098e-10,-2.563701428289919174e-09,5.912539852992006046e-10,2.321002816921063986e-06,-1.088031030890292987e-05,2.321002816921063986e-06,-1.088031030890292310e-05,2.321002816921063986e-06,-1.088031030890292310e-05,2.321002816921063986e-06,-1.088031030890292987e-05,2.006862523313235509e-03,-6.156323011378226490e-03,1.360722873060998666e+02,-6.906222578062003947e+01,1.836102285531917858e-06,7.973431804567428571e-06,1.836102285985375041e-06,7.973431804138008278e-06,1.836102285582477679e-06,7.973431804475256140e-06,1.836102285531918705e-06,7.973431804567428571e-06,-3.428181637763411810e-02,-3.097207297359466649e-02,-3.428181637763410422e-02,-3.097207297359465955e-02,-3.428181637763411810e-02,-3.097207297359465955e-02,-3.428181637763411810e-02,-3.097207297359466649e-02
8.948279771347392350e+06,2.191347873877815400e-06,6.128796815363209073e-07,-9.759771036640103592e-01,4.404827197432137353e-02,-2.362565415776693217e-09,6.207622764414343229e-10,-2.362565415692175211e-09,6.207622764913066964e-10,-2.362565415753361761e-09,6.207622764413019740e-10,-2.362565415776691563e-09,6.207622764414343229e-10,1.934892861547925429e-06,-1.066049353473020030e-05,1.934892861547932206e-06,-1.066049353473020708e-05,1.934892861547925429e-06,-1.066049353473021386e-05,1.934892861547911877e-06,-1.066049353473020030e-05,1.881520852794698814e-03,-6.005776321586976663e-03,1.339268608105500675e+02,-6.810676803713363370e+01,1.873321281611927025e-06,7.139336948925054181e-06,1.873321281952103927e-06,7.139336948622051861e-06,1.873321281652367554e-06,7.139336948843946541e-06,1.873321281611924060e-06,7.139336948925055028e-06,-3.288415410166174030e-02,-2.869383103981720112e-02,-3.288415410166174030e-02,-2.869383103981719765e-02,-3.288415410166173336e-02,-2.869383103981719071e-02,-3.288415410166173336e-02,-2.869383103981719418e-02
9.209640604946905747e+06,2.197841080537199617e-06,5.872172577462016050e-07,-9.756891727716828777e-01,4.463381080494652903e-02,-2.174993058724306898e-09,6.399048810881123146e-10,-2.174993058644981931e-09,6.399048811294101338e-10,-2.174993058699547727e-09,6.399048810867408491e-10,-2.174993058724308552e-09,6.399048810881139689e-10,1.573690301562506042e-06,-1.043237548483168456e-05,1.573690301562512818e-06,-1.043237548483168456e-05,1.573690301562506042e-06,-1.043237548483168456e-05,1.573690301562506042e-06,-1.043237548483168456e-05,1.764815397265563418e-03,-5.856981665577197342e-03,1.318705771315662503e+02,-6.708231586111968170e+01,1.876500816048977930e-06,6.385985429245326059e-06,1.876500816340474790e-06,6.385985428964283915e-06,1.876500816087451013e-06,6.385985429160265316e-06,1.876500816048977083e-06,6.385985429245329447e-06,-3.149101487501474589e-02,-2.659118854845767682e-02,-3.149101487501476671e-02,-2.659118854845768723e-02,-3.149101487501474589e-02,-2.659118854845767682e-02,-3.149101487501475283e-02,-2.659118854845768029e-02
9.478635250528758392e+06,2.203752167266439927e-06,5.627522129762340693e-07,-9.754235084278962686e-01,4.525003501239768799e-02,-2.000585653520532256e-09,6.502591335847230883e-10,-2.000585653438848170e-09,6.502591336177424840e-10,-2.000585653505935000e-09,6.502591335831961129e-10,-2.000585653520537219e-09,6.502591335847247426e-10,1.236750301715681841e-06,-1.019827080679244805e-05,1.236750301715681841e-06,-1.019827080679244805e-05,1.236750301715681841e-06,-1.019827080679244805e-05,1.236750301715675065e-06,-1.019827080679244127e-05,1.656325206446832010e-03,-5.710423545012435417e-03,1.299064043586430159e+02,-6.599632081114846471e+01,1.852908023016304817e-06,5.707199169906160951e-06,1.852908023276053611e-06,5.707199169621071683e-06,1.852908023036580668e-06,5.707199169856577336e-06,1.852908023016304393e-06,5.707199169906160104e-06,-3.011186616595169785e-02,-2.465388975957685108e-02,-3.011186616595169785e-02,-2.465388975957685108e-02,-3.011186616595169785e-02,-2.465388975957685108e-02,-3.011186616595169438e-02,-2.465388975957684067e-02
9.755486676028041169e+06,2.209239820579114292e-06,5.394885346797640552e-07,-9.751795616273369882e-01,4.589985087550548654e-02,-1.838850392563878976e-09,6.532475491891558302e-10,-1.838850392497855074e-09,6.532475492168845787e-10,-1.838850392554875115e-09,6.532475491877794017e-10,-1.838850392563887248e-09,6.532475491891574846e-10,9.232486351671007908e-07,-9.960312519353301197e-06,9.232486351671041789e-07,-9.960312519353301197e-06,9.232486351671007908e-07,-9.960312519353301197e-06,9.232486351671007908e-07,-9.960312519353314750e-06,1.555607598024576557e-03,-5.566535393408445637e-03,1.280367130815039332e+02,-6.485621001546073217e+01,1.808715779756001364e-06,5.096921366007137167e-06,1.808715779965018602e-06,5.096921365778702545e-06,1.808715779767148741e-06,5.096921365976865903e-06,1.808715779756000093e-06,5.096921366007136320e-06,-2.875479677684546556e-02,-2.287157941902712502e-02,-2.875479677684546556e-02,-2.287157941902712502e-02,-2.875479677684547250e-02,-2.287157941902713196e-02,-2.875479677684546556e-02,-2.287157941902712502e-02
1.004042436181429029e+07,2.214461969051185924e-06,5.174150931275291990e-07,-9.749566340681592447e-01,4.658618005693401787e-02,-1.689223396676139661e-09,6.501418054646873901e-10,-1.689223396607504350e-09,6.501418054853851034e-10,-1.689223396644483459e-09,6.501418054583197538e-10,-1.689223396676138834e-09,6.501418054646857357e-10,6.322108174558276243e-07,-9.720444398400059213e-06,6.322108174558209539e-07,-9.720444398400059213e-06,6.322108174558243420e-07,-9.720444398400072765e-06,6.322108174558243420e-07,-9.720444398400072765e-06,1.462203447733029064e-03,-5.425700214008733792e-03,1.262633115232236349e+02,-6.366934374568803889e+01,1.749117795900081962e-06,4.549295181964197928e-06,1.749117796086309144e-06,4.549295181730528643e-06,1.749117795934727516e-06,4.549295181859192101e-06,1.749117795900080480e-06,4.549295181964197928e-06,-2.742660461847874764e-02,-2.123394012560895702e-02,-2.742660461847872336e-02,-2.123394012560894314e-02,-2.742660461847874417e-02,-2.123394012560895008e-02,-2.742660461847874417e-02,-2.123394012560895008e-02
1.033368449090628698e+07,2.219574698251871399e-06,4.965059189253156325e-07,-9.747538783066778123e-01,4.731195771713574832e-02,-1.551090154959573031e-09,6.420689512067966599e-10,-1.551090154902680375e-09,6.420689512241426373e-10,-1.551090154943555505e-09,6.420689512028030319e-10,-1.551090154959573858e-09,6.420689512067916968e-10,3.625399993059467774e-07,-9.480417206329909012e-06,3.625399993059501655e-07,-9.480417206329909012e-06,3.625399993059467774e-07,-9.480417206329909012e-06,3.625399993059467774e-07,-9.480417206329909012e-06,1.375642042581594338e-03,-5.288251677214934193e-03,1.245874818747335127e+02,-6.244298004303614391e+01,1.678440160123351169e-06,4.058722925799516767e-06,1.678440160275157050e-06,4.058722925607807800e-06,1.678440160138788980e-06,4.058722925746964302e-06,1.678440160123350322e-06,4.058722925799515920e-06,-2.613289255620832030e-02,-1.973080907423402017e-02,-2.613289255620832030e-02,-1.973080907423401670e-02,-2.613289255620832030e-02,-1.973080907423402017e-02,-2.613289255620832030e-02,-1.973080907423402017e-02
1.063551014474265091e+07,2.224731233513867112e-06,4.767205068467056541e-07,-9.745702968716699610e-01,4.808013107771442335e-02,-1.423803352308814343e-09,6.300192848201902510e-10,-1.423803352265274037e-09,6.300192848360787362e-10,-1.423803352302810666e-09,6.300192848184093311e-10,-1.423803352308815997e-09,6.300192848201960413e-10,1.130432339888677143e-07,-9.241788278085433662e-06,1.130432339888541750e-07,-9.241788278085433662e-06,1.130432339888677143e-07,-9.241788278085433662e-06,1.130432339888677143e-07,-9.241788278085433662e-06,1.295445480237351074e-03,-5.154475583456877806e-03,1.230100168294581522e+02,-6.118424592529294159e+01,1.600247405181942739e-06,3.619908211397247112e-06,1.600247405303378465e-06,3.619908211251711182e-06,1.600247405186993173e-06,3.619908211377777636e-06,1.600247405181940622e-06,3.619908211397247959e-06,-2.487816903020468456e-02,-1.835227502776068734e-02,-2.487816903020467069e-02,-1.835227502776068734e-02,-2.487816903020468456e-02,-1.835227502776068734e-02,-2.487816903020468109e-02,-1.835227502776068734e-02
1.094615150467047840e+07,2.230080979182587454e-06,4.580041328722057658e-07,-9.744047402631725863e-01,4.889365820925835326e-02,-1.306698145565665346e-09,6.148554033090784133e-10,-1.306698145522514643e-09,6.148554033205712607e-10,-1.306698145549545251e-09,6.148554033034957713e-10,-1.306698145565668655e-09,6.148554033090668327e-10,-1.175441595206490418e-07,-9.005923968837957995e-06,-1.175441595206321144e-07,-9.005923968837971548e-06,-1.175441595206490418e-07,-9.005923968837957995e-06,-1.175441595206490418e-07,-9.005923968837957995e-06,1.221132612207884204e-03,-5.024611603274511083e-03,1.215312554700478245e+02,-5.990011461017473238e+01,1.517441714992900899e-06,3.227883589290084769e-06,1.517441715098537555e-06,3.227883589148058096e-06,1.517441715004631882e-06,3.227883589238375948e-06,1.517441714992901323e-06,3.227883589290085616e-06,-2.366595060126032088e-02,-1.708875673883546165e-02,-2.366595060126032435e-02,-1.708875673883545124e-02,-2.366595060126032088e-02,-1.708875673883546165e-02,-2.366595060126031741e-02,-1.708875673883546165e-02
1.126586605931906030e+07,2.235768601008019042e-06,4.402881745460198056e-07,-9.742559037935422106e-01,4.975550681562125599e-02,-1.199105011984805725e-09,5.973219877604264151e-10,-1.199105011945247466e-09,5.973219877690596991e-10,-1.199105011969253902e-09,5.973219877542837718e-10,-1.199105011984809033e-09,5.973219877604264151e-10,-3.305363204967712565e-07,-8.774004476932602666e-06,-3.305363204967712565e-07,-8.774004476932602666e-06,-3.305363204967712565e-07,-8.774004476932609442e-06,-3.305363204967712565e-07,-8.774004476932609442e-06,1.152222541032317743e-03,-4.898855213811438743e-03,1.201511178094367267e+02,-5.859738812799191976e+01,1.432354384041457133e-06,2.878026018083210351e-06,1.432354384131099689e-06,2.878026017954764157e-06,1.432354384051125803e-06,2.878026018033815201e-06,1.432354384041456498e-06,2.878026018083208233e-06,-2.249886402810327701e-02,-1.593106430381386121e-02,-2.249886402810327701e-02,-1.593106430381386121e-02,-2.249886402810328048e-02,-1.593106430381386121e-02,-2.249886402810328048e-02,-1.593106430381386121e-02
1.159491881803055108e+07,2.241933136900610328e-06,4.234904283430414150e-07,-9.741223232599899307e-01,5.066865278677164242e-02,-1.100360338603146694e-09,5.780559573327575230e-10,-1.100360338569242215e-09,5.780559573399812913e-10,-1.100360338595059349e-09,5.780559573291675591e-10,-1.100360338603137595e-09,5.780559573327558686e-10,-5.272767553205068665e-07,-8.547030577795862766e-06,-5.272767553205101487e-07,-8.547030577795862766e-06,-5.272767553205068665e-07,-8.547030577795862766e-06,-5.272767553205067606e-07,-8.547030577795869543e-06,1.088237692492420973e-03,-4.777359759356432888e-03,1.188691374315277045e+02,-5.728268465974718993e+01,1.346829048920260942e-06,2.566062381968571268e-06,1.346829048995050352e-06,2.566062381859808426e-06,1.346829048924480013e-06,2.566062381943163244e-06,1.346829048920261154e-06,2.566062381968571268e-06,-2.137874592291644921e-02,-1.487044509715987860e-02,-2.137874592291644227e-02,-1.487044509715987339e-02,-2.137874592291644921e-02,-1.487044509715988033e-02,-2.137874592291644574e-02,-1.487044509715987166e-02
1.193358253052451462e+07,2.248707120480064981e-06,4.075154212852212439e-07,-9.740023694669434073e-01,5.163607829535556137e-02,-1.009814950457593189e-09,5.575966884196571267e-10,-1.009814950430512950e-09,5.575966884267592994e-10,-1.009814950449165873e-09,5.575966884154732471e-10,-1.009814950457593189e-09,5.575966884196496821e-10,-7.091204566284283544e-07,-8.325831836818408155e-06,-7.091204566284317425e-07,-8.325831836818394603e-06,-7.091204566284283544e-07,-8.325831836818408155e-06,-7.091204566284283544e-07,-8.325831836818394603e-06,1.028706492194520926e-03,-4.660238572913535764e-03,1.176844918105129523e+02,-5.596242992332617661e+01,1.262296545780649951e-06,2.288067055520695913e-06,1.262296545842424699e-06,2.288067055434746633e-06,1.262296545784261276e-06,2.288067055494440856e-06,1.262296545780650798e-06,2.288067055520695913e-06,-2.030673844791277757e-02,-1.389861601750111073e-02,-2.030673844791276716e-02,-1.389861601750110726e-02,-2.030673844791277757e-02,-1.389861601750111073e-02,-2.030673844791277757e-02,-1.389861601750111073e-02
1.228213791297841445e+07,2.256215701590850147e-06,3.922547177377949131e-07,-9.738942416449098971e-01,5.266076921705126201e-02,-9.268407923690916793e-10,5.363960566718517858e-10,-9.268407923415089282e-10,5.363960566756770825e-10,-9.268407923608550284e-10,5.363960566673328981e-10,-9.268407923690908521e-10,5.363960566718521994e-10,-8.774181979210229715e-07,-8.111075908583823812e-06,-8.774181979210229715e-07,-8.111075908583817036e-06,-8.774181979210229715e-07,-8.111075908583823812e-06,-8.774181979210195834e-07,-8.111075908583830588e-06,9.731656824506196811e-04,-4.547567105430260631e-03,1.165960300093956619e+02,-5.464285193317895306e+01,1.179841509742104653e-06,2.040453294134823050e-06,1.179841509795636288e-06,2.040453294048565873e-06,1.179841509744905368e-06,2.040453294109356581e-06,1.179841509742104018e-06,2.040453294134823050e-06,-1.928337989614664974e-02,-1.300778379150493297e-02,-1.928337989614664627e-02,-1.300778379150493123e-02,-1.928337989614664627e-02,-1.300778379150493644e-02,-1.928337989614664627e-02,-1.300778379150493644e-02
1.264087388071144745e+07,2.264575748323186692e-06,3.775872260620964394e-07,-9.737959598384222648e-01,5.374571166192233101e-02,-8.508359847179989634e-10,5.148281151912019181e-10,-8.508359846953329739e-10,5.148281151950598885e-10,-8.508359847107011625e-10,5.148281151868133114e-10,-8.508359847179981362e-10,5.148281151912023317e-10,-1.033502920052542447e-06,-7.903278573710679580e-06,-1.033502920052545835e-06,-7.903278573710666028e-06,-1.033502920052542447e-06,-7.903278573710679580e-06,-1.033502920052542447e-06,-7.903278573710679580e-06,9.211623202417122723e-04,-4.439385019182343767e-03,1.156022975681970593e+02,-5.332997847829975058e+01,1.100261030502870925e-06,1.819959997923859459e-06,1.100261030547589182e-06,1.819959997853805388e-06,1.100261030504736515e-06,1.819959997901508377e-06,1.100261030502870925e-06,1.819959997923858824e-06,-1.830868933830519935e-02,-1.219065504386218808e-02,-1.830868933830519935e-02,-1.219065504386219675e-02,-1.830868933830519935e-02,-1.219065504386218808e-02,-1.830868933830519935e-02,-1.219065504386218808e-02
1.301008778766460344e+07,2.273894916024203259e-06,3.633795134179416161e-07,-9.737053563613187190e-01,5.489388741240656955e-02,-7.812284709981325906e-10,4.931982717425298477e-10,-7.812284709778484677e-10,4.931982717453906519e-10,-7.812284709927203479e-10,4.931982717389754526e-10,-7.812284709981301091e-10,4.931982717425352244e-10,-1.178678089079961677e-06,-7.702814210616785521e-06,-1.178678089079961677e-06,-7.702814210616765192e-06,-1.178678089079961677e-06,-7.702814210616778744e-06,-1.178678089079951513e-06,-7.702814210616785521e-06,8.722555000521835288e-04,-4.335698211605359779e-03,1.147015584889787050e+02,-5.202963669154939197e+01,1.024115820177746336e-06,1.623635170638709324e-06,1.024115820215664189e-06,1.623635170576802863e-06,1.024115820178696495e-06,1.623635170622243216e-06,1.024115820177746336e-06,1.623635170638708054e-06,-1.738224481271829006e-02,-1.144043776071255840e-02,-1.738224481271829006e-02,-1.144043776071256187e-02,-1.738224481271829006e-02,-1.144043776071255493e-02,-1.738224481271829006e-02,-1.144043776071255319e-02
1.339008567287543416e+07,2.284270670323968928e-06,3.494861406163840908e-07,-9.736200664422233197e-01,5.610826807360726892e-02,-7.174784658156203236e-10,4.717518706446524632e-10,-7.174784657959751976e-10,4.717518706456165422e-10,-7.174784658106915679e-10,4.717518706411249515e-10,-7.174784658156182556e-10,4.717518706446508089e-10,-1.314207877765401777e-06,-7.509926445939983785e-06,-1.314207877765401777e-06,-7.509926445939983785e-06,-1.314207877765401777e-06,-7.509926445939983785e-06,-1.314207877765401777e-06,-7.509926445939990562e-06,8.260178470624255894e-04,-4.236480745407304391e-03,1.138918143093928279e+02,-5.074745412014705437e+01,9.517744431920639553e-07,1.448817180080530030e-06,9.517744432243739212e-07,1.448817180021298710e-06,9.517744431925498346e-07,1.448817180065623097e-06,9.517744431920639553e-07,1.448817180080530242e-06,-1.650325478607982468e-02,-1.075083566425552584e-02,-1.650325478607981775e-02,-1.075083566425552237e-02,-1.650325478607982468e-02,-1.075083566425552584e-02,-1.650325478607982121e-02,-1.075083566425552237e-02
1.378118251415185072e+07,2.295789253388502655e-06,3.357500322519730673e-07,-9.735375182064562871e-01,5.739180775330828682e-02,-6.590798983813019763e-10,4.506821212505650190e-10,-6.590798983655611428e-10,4.506821212523116108e-10,-6.590798983775155571e-10,4.506821212476264598e-10,-6.590798983813048714e-10,4.506821212505658461e-10,-1.441309005182789946e-06,-7.324738772689280659e-06,-1.441309005182789946e-06,-7.324738772689273883e-06,-1.441309005182786557e-06,-7.324738772689280659e-06,-1.441309005182789946e-06,-7.324738772689273883e-06,7.820368262903468594e-04,-4.141676670070383245e-03,1.131708203298878885e+02,-4.948886075092220693e+01,8.834512123580485979e-07,1.293114728191492565e-06,8.834512123853253881e-07,1.293114728144644231e-06,8.834512123581403951e-07,1.293114728180087902e-06,8.834512123580484920e-07,1.293114728191492988e-06,-1.567062282003959042e-02,-1.011603688634430710e-02,-1.567062282003958348e-02,-1.011603688634430537e-02,-1.567062282003959042e-02,-1.011603688634430710e-02,-1.567062282003959042e-02,-1.011603688634430537e-02
1.418370248915520497e+07,2.308524585365270396e-06,3.220029005143806454e-07,-9.734549221647330608e-01,5.874743410223629003e-02,-6.055610299092466681e-10,4.301373447195520512e-10,-6.055610298955531067e-10,4.301373447210509025e-10,-6.055610299076638580e-10,4.301373447182169817e-10,-6.055610299092487361e-10,4.301373447195510172e-10,-1.561144058867692628e-06,-7.147264968287936283e-06,-1.561144058867692628e-06,-7.147264968287936283e-06,-1.561144058867692628e-06,-7.147264968287936283e-06,-1.561144058867685852e-06,-7.147264968287943060e-06,7.399159123086597760e-04,-4.051201728550137687e-03,1.125360991217132209e+02,-4.825909148889508771e+01,8.192383777965160193e-07,1.154386260312021780e-06,8.192383778197118048e-07,1.154386260271761457e-06,8.192383777964385158e-07,1.154386260307259972e-06,8.192383777965158075e-07,1.154386260312021991e-06,-1.488300554576214851e-02,-9.530698187519644551e-03,-1.488300554576214851e-02,-9.530698187519644551e-03,-1.488300554576214851e-02,-9.530698187519644551e-03,-1.488300554576214851e-02,-9.530698187519646286e-03
1.459797924410906807e+07,2.322537096425899698e-06,3.080657437918966028e-07,-9.733692604007392335e-01,6.017803756056565312e-02,-5.564844049577540286e-10,4.102275346384914863e-10,-5.564844049464510191e-10,4.102275346403667047e-10,-5.564844049560624443e-10,4.102275346369454857e-10,-5.564844049577552694e-10,4.102275346384902455e-10,-1.674816120635025119e-06,-6.977419184843830763e-06,-1.674816120635021731e-06,-6.977419184843827375e-06,-1.674816120635028507e-06,-6.977419184843830763e-06,-1.674816120635028507e-06,-6.977419184843830763e-06,6.992756618327875375e-04,-3.964944951273007175e-03,1.119849514963964765e+02,-4.706318863911036487e+01,7.591332334457643470e-07,1.030719385401666888e-06,7.591332334656138229e-07,1.030719385368910854e-06,7.591332334455618002e-07,1.030719385396587020e-06,7.591332334457649822e-07,1.030719385401666888e-06,-1.413886417876286661e-02,-8.989925822410416850e-03,-1.413886417876285967e-02,-8.989925822410413381e-03,-1.413886417876286661e-02,-8.989925822410416850e-03,-1.413886417876286661e-02,-8.989925822410416850e-03
1.502435617035645247e+07,2.337872488763282811e-06,2.937494435529093700e-07,-9.732772756738431452e-01,6.168645867360356139e-02,-5.114462777637758404e-10,3.910302455084892210e-10,-5.114462777521502305e-10,3.910302455084557202e-10,-5.114462777626928542e-10,3.910302455074256735e-10,-5.114462777637741860e-10,3.910302455084904617e-10,-1.783364519662948637e-06,-6.815025620500131609e-06,-1.783364519662948637e-06,-6.815025620500138385e-06,-1.783364519662948637e-06,-6.815025620500138385e-06,-1.783364519662953719e-06,-6.815025620500131609e-06,6.597547282823718268e-04,-3.882770147006208220e-03,1.115144651607507456e+02,-4.590600398872317811e+01,7.030607456019584690e-07,9.204107427977206075e-07,7.030607456186232070e-07,9.204107427642637590e-07,7.030607456017520047e-07,9.204107427944818712e-07,7.030607456019586808e-07,9.204107427977202899e-07,-1.343650990362227696e-02,-8.489254007039662153e-03,-1.343650990362227349e-02,-8.489254007039660418e-03,-1.343650990362227696e-02,-8.489254007039662153e-03,-1.343650990362227522e-02,-8.489254007039662153e-03
1.546318668899468146e+07,2.354560432528041094e-06,2.788554846379224031e-07,-9.731754606738175495e-01,6.327547335968149167e-02,-4.700756358309999002e-10,3.725958369452168415e-10,-4.700756358222129673e-10,3.725958369465895477e-10,-4.700756358303689682e-10,3.725958369445542698e-10,-4.700756358309961779e-10,3.725958369452176687e-10,-1.887761543387827902e-06,-6.659827713498446922e-06,-1.887761543387829596e-06,-6.659827713498446922e-06,-1.887761543387827902e-06,-6.659827713498446922e-06,-1.887761543387827902e-06,-6.659827713498446922e-06,6.210108529610560259e-04,-3.804517307120449179e-03,1.111215213188690427e+02,-4.479220014000222250e+01,6.508922748284339209e-07,8.219466356284541837e-07,6.508922748429829823e-07,8.219466356036659762e-07,6.508922748282700200e-07,8.219466356265788527e-07,6.508922748284339209e-07,8.219466356284549248e-07,-1.277414352696015082e-02,-8.024621803831193459e-03,-1.277414352696015429e-02,-8.024621803831195194e-03,-1.277414352696015082e-02,-8.024621803831193459e-03,-1.277414352696015082e-02,-8.024621803831191724e-03
1.591483454382387921e+07,2.372613204742206681e-06,2.631768252699582695e-07,-9.730600476870820970e-01,6.494777603546460221e-02,-4.320329249154144833e-10,3.549521110669599959e-10,-4.320329249061411682e-10,3.549521110663960655e-10,-4.320329249122486563e-10,3.549521110633193673e-10,-4.320329249154159308e-10,3.549521110669599959e-10,-1.988909947151640821e-06,-6.511496829345365481e-06,-1.988909947151639127e-06,-6.511496829345355316e-06,-1.988909947151642515e-06,-6.511496829345358704e-06,-1.988909947151642515e-06,-6.511496829345362093e-06,5.827218625150215560e-04,-3.730003945699926320e-03,1.108027995117988809e+02,-4.372625079344084043e+01,6.024609208568101013e-07,7.339846545847085441e-07,6.024609208687800533e-07,7.339846545585287674e-07,6.024609208557478161e-07,7.339846545751554947e-07,6.024609208568098895e-07,7.339846545847085441e-07,-1.214988984090732346e-02,-7.592349108359076892e-03,-1.214988984090731652e-02,-7.592349108359074290e-03,-1.214988984090732346e-02,-7.592349108359078627e-03,-1.214988984090731999e-02,-7.592349108359076025e-03
1.637967410285186209e+07,2.392024285828438067e-06,2.464989431190244023e-07,-9.729269989532238760e-01,6.670596052963684297e-02,-3.970085626454700649e-10,3.381083868992779541e-10,-3.970085626372028082e-10,3.381083868985469333e-10,-3.970085626447531061e-10,3.381083868983831515e-10,-3.970085626454684105e-10,3.381083868992775405e-10,-2.087641117305293227e-06,-6.369640436143590408e-06,-2.087641117305296615e-06,-6.369640436143590408e-06,-2.087641117305293227e-06,-6.369640436143590408e-06,-2.087641117305296615e-06,-6.369640436143590408e-06,5.445866959717423749e-04,-3.659026403167686421e-03,1.105547810098950094e+02,-4.271243973291159080e+01,5.575739736301402036e-07,6.553364370870377536e-07,5.575739736402748470e-07,6.553364370639076131e-07,5.575739736298452244e-07,6.553364370848535732e-07,5.575739736301397801e-07,6.553364370870378594e-07,-1.156182716363280891e-02,-7.189112299297415951e-03,-1.156182716363280891e-02,-7.189112299297415951e-03,-1.156182716363280891e-02,-7.189112299297415951e-03,-1.156182716363280891e-02,-7.189112299297415951e-03
1.685809066860538349e+07,2.412766934237880436e-06,2.286010831499515463e-07,-9.727719980107303321e-01,6.855249874435365154e-02,-3.647213125982673637e-10,3.220590591186773895e-10,-3.647213125911486473e-10,3.220590591181449954e-10,-3.647213125971682475e-10,3.220590591171888780e-10,-3.647213125982677773e-10,3.220590591186772861e-10,-2.184713757712781881e-06,-6.233809783955326057e-06,-2.184713757712778493e-06,-6.233809783955322669e-06,-2.184713757712781881e-06,-6.233809783955332834e-06,-2.184713757712781881e-06,-6.233809783955326057e-06,5.063264781075038677e-04,-3.591361145098309181e-03,1.103737510907114512e+02,-4.175485831311962670e+01,5.160229049384665378e-07,5.849516439637436429e-07,5.160229049471563547e-07,5.849516439440542562e-07,5.160229049379268719e-07,5.849516439603579464e-07,5.160229049384666437e-07,5.849516439637432194e-07,-1.100801253012123095e-02,-6.811920002665179663e-03,-1.100801253012122748e-02,-6.811920002665176194e-03,-1.100801253012123095e-02,-6.811920002665177928e-03,-1.100801253012122921e-02,-6.811920002665179663e-03
1.735048079750492424e+07,2.434792765755812453e-06,2.092577312077373023e-07,-9.725904423477497174e-01,7.048971705613243932e-02,-3.349165767441455404e-10,3.067866896625094539e-10,-3.349165767381983186e-10,3.067866896624561007e-10,-3.349165767432896152e-10,3.067866896612507952e-10,-3.349165767441455404e-10,3.067866896625096607e-10,-2.280812986416805993e-06,-6.103507121106014627e-06,-2.280812986416809381e-06,-6.103507121106001075e-06,-2.280812986416807687e-06,-6.103507121106014627e-06,-2.280812986416807687e-06,-6.103507121106014627e-06,4.676856485243837910e-04,-3.526766090852232610e-03,1.102558005487628776e+02,-4.085740130005537907e+01,4.775912864828731909e-07,5.219031862356176176e-07,4.775912864904610179e-07,5.219031862194636405e-07,4.775912864823818059e-07,5.219031862329497815e-07,4.775912864828734026e-07,5.219031862356181470e-07,-1.048650299999481436e-02,-6.458089322771174562e-03,-1.048650299999481436e-02,-6.458089322771175429e-03,-1.048650299999481436e-02,-6.458089322771173695e-03,-1.048650299999481436e-02,-6.458089322771172827e-03
1.785725262856775895e+07,2.458030370222472211e-06,1.882403339929214953e-07,-9.723774376874610992e-01,7.251977048366925471e-02,-3.073646519512941411e-10,2.922646803151124327e-10,-3.073646519459431097e-10,2.922646803148726537e-10,-3.073646519503718347e-10,2.922646803136289876e-10,-3.073646519512916596e-10,2.922646803151126395e-10,-2.376549747803968275e-06,-5.978192493443387419e-06,-2.376549747803968275e-06,-5.978192493443390807e-06,-2.376549747803968275e-06,-5.978192493443387419e-06,-2.376549747803969969e-06,-5.978192493443387419e-06,4.284331474530524088e-04,-3.464982008449976527e-03,1.101968267923201239e+02,-4.002376096614713674e+01,4.420609732692412923e-07,4.653736969452528805e-07,4.420609732756613785e-07,4.653736969308276447e-07,4.420609732686272464e-07,4.653736969423240523e-07,4.420609732692411335e-07,4.653736969452531981e-07,-9.995373533281776482e-03,-6.125222804101745737e-03,-9.995373533281773012e-03,-6.125222804101743135e-03,-9.995373533281776482e-03,-6.125222804101745737e-03,-9.995373533281776482e-03,-6.125222804101744870e-03
1.837882622171177343e+07,2.482384004251269932e-06,1.653192822432841580e-07,-9.721277942512220882e-01,7.464461468896968488e-02,-2.818589857027544750e-10,2.784595724641672557e-10,-2.818589856980794570e-10,2.784595724640066793e-10,-2.818589857020626418e-10,2.784595724629417877e-10,-2.818589857027568531e-10,2.784595724641663252e-10,-2.472460463112138570e-06,-5.857290182667057907e-06,-2.472460463112140264e-06,-5.857290182667061296e-06,-2.472460463112141959e-06,-5.857290182667057907e-06,-2.472460463112140264e-06,-5.857290182667061296e-06,3.883636516999808947e-04,-3.405734012281463278e-03,1.101925348857542417e+02,-3.925741938766349648e+01,4.092168467588578776e-07,4.146432151380262703e-07,4.092168467643744973e-07,4.146432151255750448e-07,4.092168467583245116e-07,4.146432151357618865e-07,4.092168467588580364e-07,4.146432151380265880e-07,-9.532731859449299072e-03,-5.811186314499707829e-03,-9.532731859449295603e-03,-5.811186314499707829e-03,-9.532731859449297337e-03,-5.811186314499706095e-03,-9.532731859449295603e-03,-5.811186314499704360e-03
1.891563390594043583e+07,2.507732404092429885e-06,1.402661679828181955e-07,-9.718360253487680067e-01,7.686597592120487932e-02,-2.582144571445603200e-10,2.653330175092769372e-10,-2.582144571401981831e-10,2.653330175086664779e-10,-2.582144571441863310e-10,2.653330175085465367e-10,-2.582144571445616642e-10,2.653330175092760066e-10,-2.569006861433223572e-06,-5.740194846164616460e-06,-2.569006861433225266e-06,-5.740194846164613072e-06,-2.569006861433221878e-06,-5.740194846164619848e-06,-2.569006861433223572e-06,-5.740194846164619848e-06,3.472988451904504038e-04,-3.348733199241961042e-03,1.102384388959467998e+02,-3.856163894332065212e+01,3.788503713180183646e-07,3.690780293143717426e-07,3.788503713225267504e-07,3.690780293027112224e-07,3.788503713176871218e-07,3.690780293131101929e-07,3.788503713180185235e-07,3.690780293143717426e-07,-9.096730735929673892e-03,-5.514087974478794514e-03,-9.096730735929677361e-03,-5.514087974478795381e-03,-9.096730735929673892e-03,-5.514087974478792779e-03,-9.096730735929673892e-03,-5.514087974478795381e-03
1.946812063769752532e+07,2.533927767535390923e-06,1.128563200994892716e-07,-9.714963486494715417e-01,7.918531905833584017e-02,-2.362657020955366878e-10,2.528434578939004852e-10,-2.362657020918893383e-10,2.528434578937628630e-10,-2.362657020951562881e-10,2.528434578930797669e-10,-2.362657020955350334e-10,2.528434578938995546e-10,-2.666575951105720428e-06,-5.626277424407857460e-06,-2.666575951105720428e-06,-5.626277424407857460e-06,-2.666575951105720428e-06,-5.626277424407847296e-06,-2.666575951105720428e-06,-5.626277424407857460e-06,3.050887006730956244e-04,-3.293678456114946130e-03,1.103298638957513162e+02,-3.793945105880993651e+01,3.507621801859802902e-07,3.281206145469931844e-07,3.507621801900110024e-07,3.281206145375005391e-07,3.507621801855952079e-07,3.281206145456691131e-07,3.507621801859801314e-07,3.281206145469930786e-07,-8.685577957908944755e-03,-5.232258204629727273e-03,-8.685577957908944755e-03,-5.232258204629727273e-03,-8.685577957908948224e-03,-5.232258204629729008e-03,-8.685577957908943020e-03,-5.232258204629727273e-03
2.003674436968868226e+07,2.560794957590837170e-06,8.287161416839039334e-08,-9.711026904852330111e-01,8.160381395055606168e-02,-2.158654945210271576e-10,2.409475549517243917e-10,-2.158654945177772684e-10,2.409475549515361047e-10,-2.158654945208437303e-10,2.409475549512754911e-10,-2.158654945210268474e-10,2.409475549517241332e-10,-2.765480109539499620e-06,-5.514890882335030418e-06,-2.765480109539503008e-06,-5.514890882335030418e-06,-2.765480109539499620e-06,-5.514890882335030418e-06,-2.765480109539499620e-06,-5.514890882335033806e-06,2.616127409029902063e-04,-3.240258466828664901e-03,1.104619489680262205e+02,-3.739364329134019016e+01,3.247638739015827407e-07,2.912805896370716023e-07,3.247638739049928424e-07,2.912805896286732706e-07,3.247638739013658473e-07,2.912805896363933407e-07,3.247638739015826348e-07,2.912805896370714435e-07,-8.297544445601445079e-03,-4.964230918433190642e-03,-8.297544445601445079e-03,-4.964230918433192377e-03,-8.297544445601445079e-03,-4.964230918433190642e-03,-8.297544445601446814e-03,-4.964230918433192377e-03
2.062197643047545105e+07,2.588130983179812489e-06,5.010354339909523636e-08,-9.706486935300006058e-01,8.412230032034243021e-02,-1.968831920986332009e-10,2.296013956578878879e-10,-1.968831920955837995e-10,2.296013956572397919e-10,-1.968831920984649730e-10,2.296013956574217716e-10,-1.968831920986328907e-10,2.296013956578870090e-10,-2.865957286173999649e-06,-5.405375848971213489e-06,-2.865957286173997955e-06,-5.405375848971216877e-06,-2.865957286173999649e-06,-5.405375848971213489e-06,-2.865957286173999649e-06,-5.405375848971210101e-06,2.167812406239368831e-04,-3.188153942300351023e-03,1.106296515386995623e+02,-3.692674489110989100e+01,3.006791846316899820e-07,2.581266169105199750e-07,3.006791846343588770e-07,2.581266169024977789e-07,3.006791846314595361e-07,2.581266169098623068e-07,3.006791846316899291e-07,2.581266169105198162e-07,-7.930970697949577333e-03,-4.708725852935197707e-03,-7.930970697949577333e-03,-4.708725852935196840e-03,-7.930970697949577333e-03,-4.708725852935197707e-03,-7.930970697949577333e-03,-4.708725852935195973e-03
2.122430191515651718e+07,2.615704813057849166e-06,1.435652733817767147e-08,-9.701277281848603717e-01,8.674125152693909491e-02,-1.792032497675970551e-10,2.187615063485216485e-10,-1.792032497649734450e-10,2.187615063481249120e-10,-1.792032497673503485e-10,2.187615063477208860e-10,-1.792032497675982959e-10,2.187615063485225274e-10,-2.968171329126363643e-06,-5.297066214698598168e-06,-2.968171329126365337e-06,-5.297066214698594780e-06,-2.968171329126363643e-06,-5.297066214698598168e-06,-2.968171329126360255e-06,-5.297066214698594780e-06,1.705363242445808868e-04,-3.137040088277069476e-03,1.108277533482080344e+02,-3.654101102356834474e+01,2.783446341880998301e-07,2.282791667033892839e-07,2.783446341904470114e-07,2.282791666966328198e-07,2.783446341876955307e-07,2.282791667023315251e-07,2.783446341880997243e-07,2.282791667033891251e-07,-7.584271864923397728e-03,-4.464632002581435562e-03,-7.584271864923395993e-03,-4.464632002581435562e-03,-7.584271864923397728e-03,-4.464632002581435562e-03,-7.584271864923397728e-03,-4.464632002581435562e-03
2.184422008745990694e+07,2.643257578362739976e-06,-2.454857606466880906e-08,-9.695329079745916845e-01,8.946073755672775962e-02,-1.627238023893580427e-10,2.083856975232349912e-10,-1.627238023871110065e-10,2.083856975231576498e-10,-1.627238023891763731e-10,2.083856975225370575e-10,-1.627238023893582495e-10,2.083856975232342157e-10,-3.072212460794590897e-06,-5.189294738155165203e-06,-3.072212460794590897e-06,-5.189294738155158426e-06,-3.072212460794590897e-06,-5.189294738155165203e-06,-3.072212460794590897e-06,-5.189294738155165203e-06,1.228529088626574518e-04,-3.086589317861908061e-03,1.110508683461932975e+02,-3.623840588055836776e+01,2.576097913853553876e-07,2.014040702885728860e-07,2.576097913874809109e-07,2.014040702830056296e-07,2.576097913849964574e-07,2.014040702877103417e-07,2.576097913853555464e-07,2.014040702885729124e-07,-7.255941654883412383e-03,-4.230992101171703219e-03,-7.255941654883412383e-03,-4.230992101171704087e-03,-7.255941654883412383e-03,-4.230992101171703219e-03,-7.255941654883412383e-03,-4.230992101171704087e-03
2.248224479357949272e+07,2.670503216245282435e-06,-6.677080029342311707e-08,-9.688571092355919845e-01,9.228038765415684519e-02,-1.473553157949003146e-10,1.984337600735646414e-10,-1.473553157928872672e-10,1.984337600734236071e-10,-1.473553157948384829e-10,1.984337600732675284e-10,-1.473553157949011418e-10,1.984337600735646414e-10,-3.178097940071524575e-06,-5.081398705391126808e-06,-3.178097940071521187e-06,-5.081398705391123420e-06,-3.178097940071524575e-06,-5.081398705391126808e-06,-3.178097940071526270e-06,-5.081398705391126808e-06,7.373943924341923143e-05,-3.036474205413482175e-03,1.112934527642775322e+02,-3.602058494399708621e+01,2.383372154783762939e-07,1.772067883945797421e-07,2.383372154801378313e-07,1.772067883896096439e-07,2.383372154782212340e-07,1.772067883942365350e-07,2.383372154783762145e-07,1.772067883945798745e-07,-6.944555258684178070e-03,-4.006988083768345948e-03,-6.944555258684184142e-03,-4.006988083768347683e-03,-6.944555258684178070e-03,-4.006988083768345948e-03,-6.944555258684178937e-03,-4.006988083768345948e-03
2.313890488809880987e+07,2.697129602016888564e-06,-1.124452986582256714e-07,-9.680929953339446614e-01,9.519935306057313029e-02,-1.330193043574284993e-10,1.888680298834525294e-10,-1.330193043555761317e-10,1.888680298829567897e-10,-1.330193043573418004e-10,1.888680298829202904e-10,-1.330193043574288095e-10,1.888680298834529947e-10,-3.285772959883093053e-06,-4.972725672276971942e-06,-3.285772959883093053e-06,-4.972725672276965166e-06,-3.285772959883094747e-06,-4.972725672276965166e-06,-3.285772959883094747e-06,-4.972725672276965166e-06,2.323835947948058299e-05,-2.986370667742959360e-03,1.115498175876489739e+02,-3.588887670748363945e+01,2.204021565517977612e-07,1.554273269320978166e-07,2.204021565530859925e-07,1.554273269273368032e-07,2.204021565515158051e-07,1.554273269315214371e-07,2.204021565517978142e-07,1.554273269320977372e-07,-6.648771440208529719e-03,-3.791927452233147255e-03,-6.648771440208534056e-03,-3.791927452233149424e-03,-6.648771440208530586e-03,-3.791927452233148123e-03,-6.648771440208530586e-03,-3.791927452233148556e-03
2.381474467235521227e+07,2.722800209894738074e-06,-1.616795385714208877e-07,-9.672330456068809479e-01,9.821627037811433980e-02,-1.196471127313909087e-10,1.796538346714104295e-10,-1.196471127297668947e-10,1.796538346710429028e-10,-1.196471127313709013e-10,1.796538346712265628e-10,-1.196471127313910638e-10,1.796538346714099901e-10,-3.395111837410601721e-06,-4.862639307789019031e-06,-3.395111837410603415e-06,-4.862639307789019031e-06,-3.395111837410605110e-06,-4.862639307789019031e-06,-3.395111837410603415e-06,-4.862639307789019031e-06,-2.857373340651211862e-05,-2.935961347107350194e-03,1.118141436064808829e+02,-3.584426419366291583e+01,2.036920704794237295e-07,1.358357366478477447e-07,2.036920704805317809e-07,1.358357366437610754e-07,2.036920704793249707e-07,1.358357366476610268e-07,2.036920704794236236e-07,1.358357366478477976e-07,-6.367333913296497651e-03,-3.585230464943484335e-03,-6.367333913296496783e-03,-3.585230464943484768e-03,-6.367333913296495916e-03,-3.585230464943483034e-03,-6.367333913296498518e-03,-3.585230464943484335e-03
2.451032434560777247e+07,2.747156332830537112e-06,-2.145495387764616995e-07,-9.662695891656247760e-01,1.013292261220542084e-01,-1.071787594215038909e-10,1.707598343069128371e-10,-1.071787594200747296e-10,1.707598343067118322e-10,-1.071787594214721479e-10,1.707598343063942466e-10,-1.071787594215045113e-10,1.707598343069132249e-10,-3.505919560422291222e-06,-4.750525341005072883e-06,-3.505919560422291222e-06,-4.750525341005069495e-06,-3.505919560422289528e-06,-4.750525341005072883e-06,-3.505919560422291222e-06,-4.750525341005072883e-06,-8.158630587014465676e-05,-2.884939158928459361e-03,1.120804991839879960e+02,-3.588736663470086796e+01,1.881059951794252278e-07,1.182281388473009431e-07,1.881059951804103006e-07,1.182281388438448237e-07,1.881059951791435364e-07,1.182281388468079699e-07,1.881059951794253072e-07,1.182281388473008505e-07,-6.099072098141872754e-03,-3.386418072472946027e-03,-6.099072098141871887e-03,-3.386418072472945594e-03,-6.099072098141872754e-03,-3.386418072472946027e-03,-6.099072098141871887e-03,-3.386418072472946027e-03
2.522622046938284487e+07,2.769819880180950217e-06,-2.710962348157261161e-07,-9.651948436350122895e-01,1.045357230660832748e-01,-9.556184026938977757e-11,1.621582636238986226e-10,-9.556184026811633302e-11,1.621582636236058782e-10,-9.556184026938507298e-11,1.621582636235193344e-10,-9.556184026938910549e-11,1.621582636238986743e-10,-3.617933756334099617e-06,-4.635797598823799378e-06,-3.617933756334097076e-06,-4.635797598823799378e-06,-3.617933756334098770e-06,-4.635797598823795990e-06,-3.617933756334099617e-06,-4.635797598823799378e-06,-1.356555209798209849e-04,-2.833010955891654414e-03,1.123428608293688598e+02,-3.601842170640637164e+01,1.735538260278877898e-07,1.024232247492251350e-07,1.735538260286389228e-07,1.024232247460928336e-07,1.735538260276797903e-07,1.024232247488878438e-07,1.735538260278877633e-07,1.024232247492250953e-07,-5.842901326403414884e-03,-3.195100525901917697e-03,-5.842901326403414017e-03,-3.195100525901917263e-03,-5.842901326403416619e-03,-3.195100525901918564e-03,-5.842901326403414884e-03,-3.195100525901917697e-03
2.596302644538221136e+07,2.790396758319907289e-06,-3.313220647561032202e-07,-9.640009588310324284e-01,1.078326490196105519e-01,-8.475049064197694448e-11,1.538250850496597363e-10,-8.475049064085022108e-11,1.538250850493394623e-10,-8.475049064200212179e-11,1.538250850490382135e-10,-8.475049064197689278e-11,1.538250850496597105e-10,-3.730827151315294302e-06,-4.517904104531610624e-06,-3.730827151315292608e-06,-4.517904104531610624e-06,-3.730827151315294302e-06,-4.517904104531610624e-06,-3.730827151315292608e-06,-4.517904104531614012e-06,-1.906053278502523941e-04,-2.779901249593545037e-03,1.125951366115029799e+02,-3.623726872778955510e+01,1.599555212097221178e-07,8.825918126388835464e-08,1.599555212102995560e-07,8.825918126109572672e-08,1.599555212093777195e-07,8.825918126337089692e-08,1.599555212097220913e-07,8.825918126388843405e-08,-5.597822544172573883e-03,-3.010966591627302607e-03,-5.597822544172573883e-03,-3.010966591627302607e-03,-5.597822544172573016e-03,-3.010966591627302607e-03,-5.597822544172573883e-03,-3.010966591627301306e-03
2.672135300734994560e+07,2.808480824030537851e-06,-3.951878710770539387e-07,-9.626800653007960840e-01,1.112162487025861457e-01,-7.470440601765770343e-11,1.457400571008991870e-10,-7.470440601664063317e-11,1.457400571008201137e-10,-7.470440601769228992e-11,1.457400571005330561e-10,-7.470440601765858231e-11,1.457400571008983856e-10,-3.844210583633152397e-06,-4.396333190652229833e-06,-3.844210583633152397e-06,-4.396333190652229833e-06,-3.844210583633152397e-06,-4.396333190652229833e-06,-3.844210583633154091e-06,-4.396333190652236609e-06,-2.462290370070770260e-04,-2.725355921654167533e-03,1.128311923934998191e+02,-3.654333324664762017e+01,1.472402621456251181e-07,7.559100089931113755e-08,1.472402621462030858e-07,7.559100089703077928e-08,1.472402621454215655e-07,7.559100089902765945e-08,1.472402621456251446e-07,7.559100089931126990e-08,-5.362921544771468915e-03,-2.833773316753344408e-03,-5.362921544771467181e-03,-2.833773316753343107e-03,-5.362921544771468915e-03,-2.833773316753344408e-03,-5.362921544771466313e-03,-2.833773316753343541e-03
2.750182872730569914e+07,2.823658384062263680e-06,-4.626102163818261743e-07,-9.612243275584730906e-01,1.146820994002505228e-01,-6.538792163186357441e-11,1.378867240197839605e-10,-6.538792163097867210e-11,1.378867240195273794e-10,-6.538792163192059817e-11,1.378867240194000453e-10,-6.538792163186375536e-11,1.378867240197839605e-10,-3.957636629537193180e-06,-4.270619562713683545e-06,-3.957636629537193180e-06,-4.270619562713683545e-06,-3.957636629537193180e-06,-4.270619562713683545e-06,-3.957636629537195722e-06,-4.270619562713690322e-06,-3.022913999742005663e-04,-2.669145848717434377e-03,1.130448808098523301e+02,-3.693561344163626359e+01,1.353455897401407157e-07,6.428813793805770876e-08,1.353455897405042781e-07,6.428813793592202107e-08,1.353455897399247752e-07,6.428813793777880993e-08,1.353455897401407421e-07,6.428813793805766906e-08,-5.137367750173797536e-03,-2.663336300453786939e-03,-5.137367750173797536e-03,-2.663336300453786939e-03,-5.137367750173797536e-03,-2.663336300453786939e-03,-5.137367750173794934e-03,-2.663336300453786071e-03
2.830510053656399995e+07,2.835513197097574504e-06,-5.334592088998161224e-07,-9.596260017634683503e-01,1.182250910862236992e-01,-5.676915282178209890e-11,1.302523314587997310e-10,-5.676915282098741098e-11,1.302523314586114957e-10,-5.676915282186579924e-11,1.302523314583860373e-10,-5.676915282178189210e-11,1.302523314587997310e-10,-4.070603890476112101e-06,-4.140350234875050986e-06,-4.070603890476114643e-06,-4.140350234875047598e-06,-4.070603890476112101e-06,-4.140350234875050986e-06,-4.070603890476113796e-06,-4.140350234875050986e-06,-3.585311978798331654e-04,-2.611070360400899286e-03,1.132300728479782350e+02,-3.741266876327188129e+01,1.242165337655360493e-07,5.423247698080771111e-08,1.242165337658399224e-07,5.423247697896851803e-08,1.242165337653010241e-07,5.423247698052644985e-08,1.242165337655359699e-07,5.423247698080775081e-08,-4.920412549934929068e-03,-2.499520439266259518e-03,-4.920412549934927333e-03,-2.499520439266259084e-03,-4.920412549934930803e-03,-2.499520439266259084e-03,-4.920412549934930803e-03,-2.499520439266259084e-03
2.913183426197147742e+07,2.843631917101340953e-06,-6.075569293504080534e-07,-9.578774974846001600e-01,1.218394116958079892e-01,-4.881919856580739263e-11,1.228276731823600294e-10,-4.881919856508332525e-11,1.228276731822491613e-10,-4.881919856580046499e-11,1.228276731823877399e-10,-4.881919856580728923e-11,1.228276731823600035e-10,-4.182561977793776615e-06,-4.005170243966317154e-06,-4.182561977793775768e-06,-4.005170243966320543e-06,-4.182561977793776615e-06,-4.005170243966317154e-06,-4.182561977793778309e-06,-4.005170243966310378e-06,-4.146643296078542746e-04,-2.550960446424257490e-03,1.133806918349522306e+02,-3.797261123155195861e+01,1.138047500575823572e-07,4.531658336140148047e-08,1.138047500578477962e-07,4.531658335983047258e-08,1.138047500575982523e-07,4.531658336141902332e-08,1.138047500575823837e-07,4.531658336140144739e-08,-4.711387200268586477e-03,-2.342231127292867827e-03,-4.711387200268586477e-03,-2.342231127292867827e-03,-4.711387200268586477e-03,-2.342231127292867827e-03,-4.711387200268586477e-03,-2.342231127292869128e-03
2.998271517780646309e+07,2.847609900227574858e-06,-6.846765428195274747e-07,-9.559714430984139755e-01,1.255185382116344173e-01,-4.151141140277749268e-11,1.156068741274012404e-10,-4.151141140215028299e-11,1.156068741272318234e-10,-4.151141140280357472e-11,1.156068741273206290e-10,-4.151141140277733759e-11,1.156068741274008268e-10,-4.292917215344269228e-06,-3.864788036235596334e-06,-4.292917215344270922e-06,-3.864788036235586169e-06,-4.292917215344269228e-06,-3.864788036235596334e-06,-4.292917215344266686e-06,-3.864788036235586169e-06,-4.703873747286400528e-04,-2.488681629063135316e-03,1.134907495698084574e+02,-3.861309978450701408e+01,1.040676781199507833e-07,3.744220781020383081e-08,1.040676781201119445e-07,3.744220780878802847e-08,1.040676781199040509e-07,3.744220781015592712e-08,1.040676781199507700e-07,3.744220781020381757e-08,-4.509700282978647626e-03,-2.191405904998232172e-03,-4.509700282978646758e-03,-2.191405904998232172e-03,-4.509700282978647626e-03,-2.191405904998232172e-03,-4.509700282978646758e-03,-2.191405904998231305e-03
3.085844857379842922e+07,2.847057281768838851e-06,-7.645421683668001188e-07,-9.539007542647596205e-01,1.292552341890450818e-01,-3.482073735156948777e-11,1.085871158384269394e-10,-3.482073735097957875e-11,1.085871158383506320e-10,-3.482073735162035938e-11,1.085871158382957279e-10,-3.482073735156941022e-11,1.085871158384275598e-10,-4.401039061784175488e-06,-3.718980411686269140e-06,-4.401039061784175488e-06,-3.718980411686269140e-06,-4.401039061784178030e-06,-3.718980411686262363e-06,-4.401039061784176335e-06,-3.718980411686262363e-06,-5.253815911490868247e-04,-2.424136419930763252e-03,1.135543842823962564e+02,-3.933133804841701675e+01,9.496773007970067222e-08,3.051902011740159538e-08,9.496773007985799535e-08,3.051902011620907226e-08,9.496773007962397603e-08,3.051902011732879687e-08,9.496773007970068545e-08,3.051902011740158877e-08,-4.314834724127139358e-03,-2.047006562649696885e-03,-4.314834724127139358e-03,-2.047006562649696885e-03,-4.314834724127138491e-03,-2.047006562649697319e-03,-4.314834724127140225e-03,-2.047006562649697319e-03
3.175976033973813429e+07,2.841605215623963855e-06,-8.468295651760952681e-07,-9.516587048256053283e-01,1.330415542990110167e-01,-2.872312958757298372e-11,1.017683111475149722e-10,-2.872312958710283494e-11,1.017683111473093273e-10,-2.872312958765776973e-11,1.017683111473293994e-10,-2.872312958757298372e-11,1.017683111475147524e-10,-4.506267233614191629e-06,-3.567596904528103168e-06,-4.506267233614190782e-06,-3.567596904528099780e-06,-4.506267233614191629e-06,-3.567596904528103168e-06,-4.506267233614190782e-06,-3.567596904528099780e-06,-5.793172925719684797e-04,-2.357266285869116362e-03,1.135659000433973631e+02,-4.012407586153763361e+01,8.647152053955311934e-08,2.446354844683470972e-08,8.647152053958586246e-08,2.446354844572363411e-08,8.647152053944362710e-08,2.446354844673873692e-08,8.647152053955318552e-08,2.446354844683468987e-08,-4.126344375548953586e-03,-1.909011715116693897e-03,-4.126344375548952718e-03,-1.909011715116694114e-03,-4.126344375548953586e-03,-1.909011715116693897e-03,-4.126344375548953586e-03,-1.909011715116693897e-03
3.268739756716300175e+07,2.830912157037359048e-06,-9.311676774643456158e-07,-9.492389993733579834e-01,1.368688564004561237e-01,-2.319503943838472880e-11,9.515273594124632240e-11,-2.319503943792541092e-11,9.515273594114222689e-11,-2.319503943837870589e-11,9.515273594125852331e-11,-2.319503943838490975e-11,9.515273594124632240e-11,-4.607919487277448636e-06,-3.410563475985365889e-06,-4.607919487277449483e-06,-3.410563475985362501e-06,-4.607919487277451177e-06,-3.410563475985359113e-06,-4.607919487277451177e-06,-3.410563475985359113e-06,-6.318585370228846105e-04,-2.288053057366588438e-03,1.135198071971433649e+02,-4.098761484138582034e+01,7.854914562475092895e-08,1.919830246094572921e-08,7.854914562480364352e-08,1.919830246001939611e-08,7.854914562475810226e-08,1.919830246095152279e-08,7.854914562475088924e-08,1.919830246094572590e-08,-3.943850167925166440e-03,-1.777409874149043275e-03,-3.943850167925166440e-03,-1.777409874149043492e-03,-3.943850167925165573e-03,-1.777409874149042408e-03,-3.943850167925166440e-03,-1.777409874149042408e-03
3.364212916861649603e+07,2.814670060396741071e-06,-1.017141061542935571e-06,-9.466358466432056584e-01,1.407278215718476555e-01,-1.821298771704354944e-11,8.874462684553995429e-11,-1.821298771663231143e-11,8.874462684544168782e-11,-1.821298771710063783e-11,8.874462684544550061e-11,-1.821298771704353652e-11,8.874462684554036788e-11,-4.705299994958811920e-06,-3.247885397554849071e-06,-4.705299994958810226e-06,-3.247885397554845683e-06,-4.705299994958810226e-06,-3.247885397554845683e-06,-4.705299994958812767e-06,-3.247885397554849071e-06,-6.826680455054941112e-04,-2.216519724156050791e-03,1.134108633410404252e+02,-4.191781823342600433e+01,7.117351832641301143e-08,1.465105959964689060e-08,7.117351832643635777e-08,1.465105959884002058e-08,7.117351832635599552e-08,1.465105959960457700e-08,7.117351832641298496e-08,1.465105959964689225e-08,-3.767035851923845446e-03,-1.652193051324092913e-03,-3.767035851923845446e-03,-1.652193051324093781e-03,-3.767035851923846313e-03,-1.652193051324093564e-03,-3.767035851923845012e-03,-1.652193051324092696e-03
3.462474651499480754e+07,2.792610358233927463e-06,-1.104293197520977303e-06,-9.438440328079212849e-01,1.446084824357249110e-01,-1.375321853839604158e-11,8.254975456640834633e-11,-1.375321853802320285e-11,8.254975456632186718e-11,-1.375321853843737476e-11,8.254975456634860838e-11,-1.375321853839598988e-11,8.254975456640833341e-11,-4.797708224674875203e-06,-3.079649209543747097e-06,-4.797708224674875203e-06,-3.079649209543747097e-06,-4.797708224674873509e-06,-3.079649209543747097e-06,-4.797708224674875203e-06,-3.079649209543757262e-06,-7.314122594981393088e-04,-2.142730576242597718e-03,1.132341143351652306e+02,-4.291012521345665220e+01,6.431976602540310812e-08,1.075429480001654317e-08,6.431976602540746240e-08,1.075429479931793786e-08,6.431976602536639454e-08,1.075429479999158713e-08,6.431976602540310812e-08,1.075429480001650512e-08,-3.595643353211704172e-03,-1.533350929644206398e-03,-3.595643353211704172e-03,-1.533350929644206398e-03,-3.595643353211704606e-03,-1.533350929644205964e-03,-3.595643353211704172e-03,-1.533350929644206181e-03
3.563606409150909632e+07,2.764509585187620657e-06,-1.192130666936851529e-06,-9.408589936677774768e-01,1.485002599946693425e-01,-9.791436554751897111e-12,7.657498337815501433e-11,-9.791436554454758325e-12,7.657498337802539255e-11,-9.791436554826201194e-12,7.657498337806056065e-11,-9.791436554751845412e-12,7.657498337815501433e-11,-4.884448212110692978e-06,-2.906023650485734674e-06,-4.884448212110692130e-06,-2.906023650485734674e-06,-4.884448212110693825e-06,-2.906023650485738062e-06,-4.884448212110693825e-06,-2.906023650485738062e-06,-7.777664388989403510e-04,-2.066790663858117123e-03,1.129849347899219225e+02,-4.395956976084534773e+01,5.796469480832488322e-08,7.444734714757989503e-09,5.796469480828108897e-08,7.444734714133386249e-09,5.796469480826551151e-08,7.444734714721152668e-09,5.796469480832488322e-08,7.444734714758001083e-09,-3.429467777726759575e-03,-1.420865643612619035e-03,-3.429467777726759575e-03,-1.420865643612619035e-03,-3.429467777726760008e-03,-1.420865643612618601e-03,-3.429467777726760442e-03,-1.420865643612618818e-03
3.667692017280706018e+07,2.730194512463043822e-06,-1.280128154548081234e-06,-9.376768846861722739e-01,1.523920090734151023e-01,-6.302627114173456782e-12,7.082782774550980902e-11,-6.302627113897100909e-12,7.082782774540519652e-11,-6.302627114228877883e-12,7.082782774544758952e-11,-6.302627114173405083e-12,7.082782774550978317e-11,-4.964838089650663482e-06,-2.727259469627005085e-06,-4.964838089650667718e-06,-2.727259469627005085e-06,-4.964838089650663482e-06,-2.727259469627005085e-06,-4.964838089650665177e-06,-2.727259469627005085e-06,-8.214196967175200386e-04,-1.988844566690655801e-03,1.126590674570239514e+02,-4.506080413379413585e+01,5.208632382239458629e-08,4.663018209519576789e-09,5.208632382234972002e-08,4.663018208985323165e-09,5.208632382235461031e-08,4.663018209497000549e-09,5.208632382239457306e-08,4.663018209519547011e-09,-3.268352114264465921e-03,-1.314707207128064945e-03,-3.268352114264464186e-03,-1.314707207128065162e-03,-3.268352114264465921e-03,-1.314707207128064945e-03,-3.268352114264465053e-03,-1.314707207128064511e-03
3.774817751781341434e+07,2.689546663602340175e-06,-1.367734210769188347e-06,-9.342946477706107755e-01,1.562720723213717744e-01,-3.260957182880508757e-12,6.531601726129025950e-11,-3.260957182660452864e-12,6.531601726116686742e-11,-3.260957182899727781e-12,6.531601726127123435e-11,-3.260957182880431209e-12,6.531601726129025950e-11,-5.038219719086104664e-06,-2.543688054745619774e-06,-5.038219719086103817e-06,-2.543688054745623162e-06,-5.038219719086103817e-06,-2.543688054745619774e-06,-5.038219719086105511e-06,-2.543688054745626550e-06,-8.620798655450868540e-04,-1.909074480104051537e-03,1.122526609327691745e+02,-4.620812690854786098e+01,4.666349147824668036e-08,2.353445617868700397e-09,4.666349147817656854e-08,2.353445617399249757e-09,4.666349147823406090e-08,2.353445617862243839e-09,4.666349147824669360e-08,2.353445617868682199e-09,-3.112181692306544012e-03,-1.214829624762354867e-03,-3.112181692306543578e-03,-1.214829624762354650e-03,-3.112181692306544446e-03,-1.214829624762354867e-03,-3.112181692306544446e-03,-1.214829624762354650e-03
3.885072408486521244e+07,2.642506091606362377e-06,-1.454377689807640263e-06,-9.307100736764846172e-01,1.601283425804074512e-01,-6.397531193984453385e-13,6.004708090737928507e-11,-6.397531191859503940e-13,6.004708090728317702e-11,-6.397531194113829603e-13,6.004708090736832492e-11,-6.397531193984065644e-13,6.004708090737949186e-11,-5.103968258765294708e-06,-2.355718832144584155e-06,-5.103968258765295555e-06,-2.355718832144584155e-06,-5.103968258765293014e-06,-2.355718832144584155e-06,-5.103968258765293014e-06,-2.355718832144580767e-06,-8.994780923004356285e-04,-1.827697643671336155e-03,1.117623050781501632e+02,-4.739551546300035767e+01,4.167553380443729033e-08,4.638000117003650652e-10,4.167553380437492753e-08,4.638000113021938192e-10,4.167553380442956116e-08,4.638000116968151162e-10,4.167553380443727710e-08,4.638000117003552425e-10,-2.960878462956320536e-03,-1.121167715751616783e-03,-2.960878462956320969e-03,-1.121167715751616783e-03,-2.960878462956320536e-03,-1.121167715751616350e-03,-2.960878462956320102e-03,-1.121167715751617000e-03
3.998547376773483306e+07,2.589074310499741498e-06,-1.539474758400255634e-06,-9.269218589161266619e-01,1.639483332678387528e-01,1.588450386732625579e-12,5.502796109326625095e-11,1.588450386904349567e-12,5.502796109316437202e-11,1.588450386729594738e-12,5.502796109326397620e-11,1.588450386732599730e-12,5.502796109326626387e-11,-5.161501484609779368e-06,-2.163835423882124039e-06,-5.161501484609780215e-06,-2.163835423882124039e-06,-5.161501484609780215e-06,-2.163835423882124039e-06,-5.161501484609776827e-06,-2.163835423882124039e-06,-9.333730622361796798e-04,-1.744963154595830478e-03,1.111850635687917048e+02,-4.861666269790947581e+01,3.710203373172858642e-08,-1.054775351741080894e-09,3.710203373165453721e-08,-1.054775352086326436e-09,3.710203373172695191e-08,-1.054775351741758148e-09,3.710203373172857981e-08,-1.054775351741076552e-09,-2.814395179414370864e-03,-1.033634671364332906e-03,-2.814395179414371298e-03,-1.033634671364332906e-03,-2.814395179414370864e-03,-1.033634671364333122e-03,-2.814395179414370864e-03,-1.033634671364332906e-03
4.115336715315063298e+07,2.529316290608724127e-06,-1.622436352648723546e-06,-9.229296560699024043e-01,1.677192562616297011e-01,3.451797600304314135e-12,5.026466697595092126e-11,3.451797600476406476e-12,5.026466697587208060e-11,3.451797600277980065e-12,5.026466697593304640e-11,3.451797600304372296e-12,5.026466697595092126e-11,-5.210288678396861743e-06,-1.968590577455551792e-06,-5.210288678396861743e-06,-1.968590577455551792e-06,-5.210288678396860049e-06,-1.968590577455551792e-06,-5.210288678396864284e-06,-1.968590577455555180e-06,-9.635547611200806278e-04,-1.661148224627671159e-03,1.105185030055690021e+02,-4.986501771162386376e+01,3.292263857731841347e-08,-2.247858195317925270e-09,3.292263857725539554e-08,-2.247858195609053141e-09,3.292263857730518519e-08,-2.247858195322727467e-09,3.292263857731840023e-08,-2.247858195317929406e-09,-2.672709560303250086e-03,-9.521203552533914673e-04,-2.672709560303250086e-03,-9.521203552533914673e-04,-2.672709560303249219e-03,-9.521203552533914673e-04,-2.672709560303249219e-03,-9.521203552533909252e-04
4.235537230044328421e+07,2.463361446401890142e-06,-1.702675945083246933e-06,-9.187341164512686786e-01,1.714281066157511413e-01,4.978944157158328690e-12,4.576197525346888544e-11,4.978944157270250104e-12,4.576197525337114888e-11,4.978944157120078049e-12,4.576197525344625429e-11,4.978944157158296378e-12,4.576197525346888544e-11,-5.249858896176323771e-06,-1.770599915640859247e-06,-5.249858896176323771e-06,-1.770599915640859247e-06,-5.249858896176323771e-06,-1.770599915640859247e-06,-5.249858896176322077e-06,-1.770599915640855859e-06,-9.898476946875467159e-04,-1.576553953779420312e-03,1.097607180501657211e+02,-5.113383005676274706e+01,2.911694157228946256e-08,-3.157800549173639292e-09,2.911694157220812093e-08,-3.157800549427959694e-09,2.911694157227182045e-08,-3.157800549179258744e-09,2.911694157228946587e-08,-3.157800549173628539e-09,-2.535818523541095038e-03,-8.764903439563195408e-04,-2.535818523541095038e-03,-8.764903439563195408e-04,-2.535818523541095038e-03,-8.764903439563195408e-04,-2.535818523541095472e-03,-8.764903439563193240e-04
4.359248554396390915e+07,2.391403567542931611e-06,-1.779617472637477563e-06,-9.143369241426569927e-01,1.750617532733130255e-01,6.198844781094535688e-12,4.152318498407206139e-11,6.198844781213378278e-12,4.152318498399498496e-11,6.198844781065429270e-12,4.152318498405708166e-11,6.198844781094529226e-12,4.152318498407185459e-11,-5.279808435411879976e-06,-1.570534586377751636e-06,-5.279808435411881670e-06,-1.570534586377751636e-06,-5.279808435411879976e-06,-1.570534586377751636e-06,-5.279808435411879129e-06,-1.570534586377749941e-06,-1.012113497520441543e-03,-1.491500706579651546e-03,1.089103520924485622e+02,-5.241619713444303130e+01,2.566442197764185687e-08,-3.823766382128500661e-09,2.566442197757402144e-08,-3.823766382341594794e-09,2.566442197762943592e-08,-3.823766382131907817e-09,2.566442197764186348e-08,-3.823766382128480808e-09,-2.403732580393874024e-03,-8.065856908397192691e-04,-2.403732580393874458e-03,-8.065856908397191606e-04,-2.403732580393874458e-03,-8.065856908397187270e-04,-2.403732580393874892e-03,-8.065856908397191606e-04
4.486573231893924624e+07,2.313699667857684104e-06,-1.852703268013441205e-06,-9.097408205207175858e-01,1.786070347956533466e-01,7.140507387481839126e-12,3.754993109085516083e-11,7.140507387581598400e-12,3.754993109078263389e-11,7.140507387436279568e-12,3.754993109083512109e-11,7.140507387481916674e-12,3.754993109085516083e-11,-5.299807331224104669e-06,-1.369112924502474795e-06,-5.299807331224105516e-06,-1.369112924502471407e-06,-5.299807331224106363e-06,-1.369112924502479877e-06,-5.299807331224102128e-06,-1.369112924502478183e-06,-1.030252878222953508e-03,-1.406323186761410278e-03,1.079666130134245208e+02,-5.370511420636590572e+01,2.254443722541605438e-08,-4.281764104044282028e-09,2.254443722534991302e-08,-4.281764104225115290e-09,2.254443722539809132e-08,-4.281764104048489068e-09,2.254443722541605107e-08,-4.281764104044293608e-09,-2.276470478298633828e-03,-7.422233825555523117e-04,-2.276470478298634262e-03,-7.422233825555532875e-04,-2.276470478298632527e-03,-7.422233825555522033e-04,-2.276470478298634262e-03,-7.422233825555523117e-04
4.617616801144832373e+07,2.230567752206703349e-06,-1.921401832995593435e-06,-9.049496185122960501e-01,1.820508589871893679e-01,7.832725184274537172e-12,3.384205914498511818e-11,7.832725184359084078e-12,3.384205914491806485e-11,7.832725184236519176e-12,3.384205914497127583e-11,7.832725184274530710e-12,3.384205914498511818e-11,-5.309604730042301630e-06,-1.167091266687997525e-06,-5.309604730042299936e-06,-1.167091266687992443e-06,-5.309604730042301630e-06,-1.167091266687997525e-06,-5.309604730042299936e-06,-1.167091266687995831e-06,-1.044206864144914693e-03,-1.321365313621467464e-03,1.069292836751612441e+02,-5.499352644008094870e+01,1.973625964384470394e-08,-4.564682804851729099e-09,1.973625964378188454e-08,-4.564682805004462209e-09,1.973625964383077422e-08,-4.564682804854446388e-09,1.973625964384471056e-08,-4.564682804851721655e-09,-2.154054177148921698e-03,-6.831974427998574071e-04,-2.154054177148920397e-03,-6.831974427998575156e-04,-2.154054177148921698e-03,-6.831974427998574071e-04,-2.154054177148922999e-03,-6.831974427998576240e-04
4.752487883322519809e+07,2.142383527038645541e-06,-1.985215292767287819e-06,-8.999682059625523367e-01,1.853803051710152805e-01,8.303798478850767430e-12,3.039756187848774430e-11,8.303798478902944432e-12,3.039756187842017398e-11,8.303798478849032289e-12,3.039756187848723377e-11,8.303798478850748043e-12,3.039756187848764090e-11,-5.309033012455831854e-06,-9.652540870964741874e-07,-5.309033012455830160e-06,-9.652540870964758815e-07,-5.309033012455831007e-06,-9.652540870964741874e-07,-5.309033012455831854e-06,-9.652540870964724934e-07,-1.053957326319287244e-03,-1.236975007592261205e-03,1.057987268453112080e+02,-5.627438235079899442e+01,1.721914971715992131e-08,-4.702339310259250134e-09,1.721914971709453103e-08,-4.702339310388765938e-09,1.721914971715933897e-08,-4.702339310259344433e-09,1.721914971715993454e-08,-4.702339310259252616e-09,-2.036504236978929714e-03,-6.292806246142386602e-04,-2.036504236978928847e-03,-6.292806246142384433e-04,-2.036504236978929714e-03,-6.292806246142393107e-04,-2.036504236978930148e-03,-6.292806246142393107e-04
4.891298272201289982e+07,2.049576106479941331e-06,-2.043686374699447548e-06,-8.948025376761847838e-01,1.885827277738812424e-01,8.581257552295734705e-12,2.721257576079822364e-11,8.581257552358545502e-12,2.721257576074258282e-11,8.581257552282189623e-12,2.721257576079496662e-11,8.581257552295660388e-12,2.721257576079822041e-11,-5.298010565551999543e-06,-7.644036434910464092e-07,-5.298010565551998696e-06,-7.644036434910396330e-07,-5.298010565551998696e-06,-7.644036434910464092e-07,-5.298010565551998696e-06,-7.644036434910464092e-07,-1.059526782828079140e-03,-1.153498994041460670e-03,1.045758843538016549e+02,-5.754068795125908764e+01,1.497245751330919238e-08,-4.721541315160123119e-09,1.497245751325558446e-08,-4.721541315267697958e-09,1.497245751330493736e-08,-4.721541315160630181e-09,1.497245751330919900e-08,-4.721541315160119811e-09,-1.923835685465368969e-03,-5.802266203379030998e-04,-1.923835685465368319e-03,-5.802266203379034251e-04,-1.923835685465369186e-03,-5.802266203379032082e-04,-1.923835685465368969e-03,-5.802266203379030998e-04
5.034163026821483672e+07,1.952622790284560328e-06,-2.096404764658952962e-06,-8.894596158608737424e-01,1.916458597947467424e-01,8.691597205019049877e-12,2.428143398004996080e-11,8.691597205074222177e-12,2.428143397999964172e-11,8.691597205002987710e-12,2.428143398004717230e-11,8.691597205019040183e-12,2.428143398005001250e-11,-5.276543137426040099e-06,-5.653493394710999799e-07,-5.276543137426038405e-06,-5.653493394710999799e-07,-5.276543137426040099e-06,-5.653493394710999799e-07,-5.276543137426042640e-06,-5.653493394710999799e-07,-1.060977496696922581e-03,-1.071277732319648101e-03,1.032622703689149972e+02,-5.878556089977820420e+01,1.297574389234949017e-08,-4.646170070540190294e-09,1.297574389230098761e-08,-4.646170070629952626e-09,1.297574389234476697e-08,-4.646170070540588168e-09,1.297574389234949017e-08,-4.646170070540178714e-09,-1.816054421971614657e-03,-5.357727078819109721e-04,-1.816054421971614223e-03,-5.357727078819108637e-04,-1.816054421971614657e-03,-5.357727078819109721e-04,-1.816054421971614657e-03,-5.357727078819106469e-04
5.181200566861181706e+07,1.852043013515160439e-06,-2.143012706808828154e-06,-8.839474589185047915e-01,1.945579146897418454e-01,8.660032429424005054e-12,2.159677039659739750e-11,8.660032429472931495e-12,2.159677039655188318e-11,8.660032429403684199e-12,2.159677039659502259e-11,8.660032429424005054e-12,2.159677039659739750e-11,-5.244723741964592214e-06,-3.688970191481376059e-07,-5.244723741964590520e-06,-3.688970191481393000e-07,-5.244723741964592214e-06,-3.688970191481393000e-07,-5.244723741964590520e-06,-3.688970191481376059e-07,-1.058409901101392894e-03,-9.906405725287063986e-04,1.018599587837167348e+02,-6.000228390894792341e+01,1.120891337807617030e-08,-4.497284396670679264e-09,1.120891337803277309e-08,-4.497284396745313289e-09,1.120891337807053058e-08,-4.497284396670998556e-09,1.120891337807616864e-08,-4.497284396670690018e-09,-1.713154201095268194e-03,-4.956427440616543263e-04,-1.713154201095267977e-03,-4.956427440616536758e-04,-1.713154201095267760e-03,-4.956427440616544347e-04,-1.713154201095268194e-03,-4.956427440616542179e-04
5.332532770793513954e+07,1.748391588202790531e-06,-2.183209730418940007e-06,-8.782750587227317052e-01,1.973076851805716514e-01,8.510283208612498104e-12,1.914966755771600874e-11,8.510283208644299321e-12,1.914966755767436860e-11,8.510283208600998355e-12,1.914966755771539158e-11,8.510283208612523953e-12,1.914966755771606044e-11,-5.202731118798485023e-06,-1.758384137388754213e-07,-5.202731118798485023e-06,-1.758384137388788095e-07,-5.202731118798483329e-06,-1.758384137388737273e-07,-5.202731118798486717e-06,-1.758384137388788095e-07,-1.051960400589491487e-03,-9.119012347521241076e-04,1.003715648018189768e+02,-6.118435668404571715e+01,9.652351110155773258e-09,-4.293246240374747598e-09,9.652351110114177653e-09,-4.293246240436685228e-09,9.652351110152790444e-09,-4.293246240374823698e-09,9.652351110155769949e-09,-4.293246240374750079e-09,-1.615114223706162495e-03,-4.595504103716767743e-04,-1.615114223706163145e-03,-4.595504103716766659e-04,-1.615114223706162495e-03,-4.595504103716768827e-04,-1.615114223706163145e-03,-4.595504103716768285e-04
5.488285076910945028e+07,1.642251375098419766e-06,-2.216756407578978408e-06,-8.724523267485886358e-01,1.998846375149807286e-01,8.264394737573502749e-12,1.692984074213325723e-11,8.264394737602626938e-12,1.692984074209632167e-11,8.264394737544273546e-12,1.692984074213320876e-11,8.264394737573557679e-12,1.692984074213341555e-11,-5.150826790526473192e-06,1.305904364153303337e-08,-5.150826790526473192e-06,1.305904364153472744e-08,-5.150826790526471498e-06,1.305904364153472744e-08,-5.150826790526474886e-06,1.305904364153472744e-08,-1.041798610926282032e-03,-8.353536955848977824e-04,9.880022091808844209e+01,-6.232554566549538322e+01,8.287057058321829885e-09,-4.049866627753278894e-09,8.287057058285467025e-09,-4.049866627804374668e-09,8.287057058314706206e-09,-4.049866627753283030e-09,8.287057058321821613e-09,-4.049866627753290475e-09,-1.521897347603533551e-03,-4.272026141995285378e-04,-1.521897347603533334e-03,-4.272026141995286463e-04,-1.521897347603533551e-03,-4.272026141995286463e-04,-1.521897347603533767e-03,-4.272026141995288631e-04
5.648586587300267816e+07,1.534225537229858329e-06,-2.243477069352707409e-06,-8.664900296203377206e-01,2.022789997502496273e-01,7.942597517575364033e-12,1.492584927709026869e-11,7.942597517602273253e-12,1.492584927705710069e-11,7.942597517552642416e-12,1.492584927709156439e-11,7.942597517575367265e-12,1.492584927709032039e-11,-5.089350795082037100e-06,1.970618291792763064e-07,-5.089350795082037947e-06,1.970618291792712242e-07,-5.089350795082036253e-06,1.970618291792763064e-07,-5.089350795082036253e-06,1.970618291792746124e-07,-1.028124112247980710e-03,-7.612685544826774953e-04,9.714954758743836294e+01,-6.341993088485591556e+01,7.094771626416267623e-09,-3.780569728838267576e-09,7.094771626384687521e-09,-3.780569728880299104e-09,7.094771626411039014e-09,-3.780569728838143499e-09,7.094771626416270104e-09,-3.780569728838270057e-09,-1.433448914020791056e-03,-3.983029490727635303e-04,-1.433448914020791489e-03,-3.983029490727630966e-04,-1.433448914020790839e-03,-3.983029490727635303e-04,-1.433448914020791273e-03,-3.983029490727635303e-04
5.813570174854496866e+07,1.424929536561737109e-06,-2.263261433451319657e-06,-8.603997148510963422e-01,2.044818427135486061e-01,7.563209872906307288e-12,1.312532605499208742e-11,7.563209872931276187e-12,1.312532605496225075e-11,7.563209872900000036e-12,1.312532605499275950e-11,7.563209872906360602e-12,1.312532605499208742e-11,-5.018716204410741342e-06,3.754791766161103253e-07,-5.018716204410741342e-06,3.754791766161069371e-07,-5.018716204410743036e-06,3.754791766161052431e-07,-5.018716204410741342e-06,3.754791766161086312e-07,-1.011162799751954243e-03,-6.898899385390386491e-04,9.542361897145232774e+01,-6.446194928628362675e+01,6.058087848643892240e-09,-3.496571869091438370e-09,6.058087848616630021e-09,-3.496571869125914431e-09,6.058087848642502576e-09,-3.496571869091374264e-09,6.058087848643890585e-09,-3.496571869091437543e-09,-1.349696170757935408e-03,-3.725551210349910031e-04,-1.349696170757935408e-03,-3.725551210349911115e-04,-1.349696170757934757e-03,-3.725551210349907862e-04,-1.349696170757934757e-03,-3.725551210349913826e-04
5.983372593410354108e+07,1.314983040315192397e-06,-2.276065123209368667e-06,-8.541936277468642480e-01,2.064851524121713300e-01,7.142583576933573545e-12,1.151521626247642550e-11,7.142583576950122005e-12,1.151521626245054218e-11,7.142583576921062439e-12,1.151521626247849507e-11,7.142583576933571930e-12,1.151521626247645135e-11,-4.939402570155889946e-06,5.476709959040618652e-07,-4.939402570155888252e-06,5.476709959040618652e-07,-4.939402570155889946e-06,5.476709959040601711e-07,-4.939402570155887405e-06,5.476709959040618652e-07,-9.911629229772251064e-04,-6.214329892684214082e-04,9.362692424353905096e+01,-6.544643392075833788e+01,5.160546526287796611e-09,-3.207071706377782857e-09,5.160546526263049848e-09,-3.207071706405899553e-09,5.160546526285214153e-09,-3.207071706377616594e-09,5.160546526287795784e-09,-3.207071706377784098e-09,-1.270548258308330271e-03,-3.496662546073377046e-04,-1.270548258308330488e-03,-3.496662546073375961e-04,-1.270548258308330271e-03,-3.496662546073375961e-04,-1.270548258308330705e-03,-3.496662546073380298e-04
6.158134591102647781e+07,1.205001903363402676e-06,-2.281909085188478323e-06,-8.478846206066709135e-01,2.082818928027219130e-01,6.695091541960748339e-12,1.008201678898287680e-11,6.695091541976603711e-12,1.008201678895959942e-11,6.695091541953625215e-12,1.008201678898440353e-11,6.695091541960733799e-12,1.008201678898292850e-11,-4.851948461448534871e-06,7.130547234821229770e-07,-4.851948461448534024e-06,7.130547234821263651e-07,-4.851948461448533177e-06,7.130547234821263651e-07,-4.851948461448533177e-06,7.130547234821246710e-07,-9.683909089624413019e-04,-5.560819589260958002e-04,9.176432500804584436e+01,-6.636864849925032672e+01,4.386711812516852979e-09,-2.919447440490023920e-09,4.386711812495788825e-09,-2.919447440512948404e-09,4.386711812515469106e-09,-2.919447440489913078e-09,4.386711812516858769e-09,-2.919447440490021439e-09,-1.195896712654056756e-03,-3.293500004532177138e-04,-1.195896712654056105e-03,-3.293500004532177138e-04,-1.195896712654056756e-03,-3.293500004532177138e-04,-1.195896712654056972e-03,-3.293500004532176053e-04
6.338001027029497921e+07,1.095590388786527911e-06,-2.280877939408874836e-06,-8.414860555085927896e-01,2.098660580047996826e-01,6.233154991829653968e-12,8.812008557483339123e-12,6.233154991840061581e-12,8.812008557463523947e-12,6.233154991821252915e-12,8.812008557485537937e-12,6.233154991829642659e-12,8.812008557483313273e-12,-4.756943278783495111e-06,8.711109964710276993e-07,-4.756943278783493417e-06,8.711109964710276993e-07,-4.756943278783495958e-06,8.711109964710293934e-07,-4.756943278783495111e-06,8.711109964710276993e-07,-9.431270657516739467e-04,-4.939889279409172490e-04,8.984100945835857033e+01,-6.722431687004390710e+01,3.722225873942860081e-09,-2.639456817350224724e-09,3.722225873924144293e-09,-2.639456817368792448e-09,3.722225873941314081e-09,-2.639456817350079968e-09,3.722225873942865872e-09,-2.639456817350223484e-09,-1.125616427651721183e-03,-3.113293776327900561e-04,-1.125616427651721183e-03,-3.113293776327897308e-04,-1.125616427651720750e-03,-3.113293776327899476e-04,-1.125616427651721183e-03,-3.113293776327900561e-04
6.523120991325112432e+07,9.873337795005091060e-07,-2.273117321692824602e-06,-8.350117020881453467e-01,2.112327132359826387e-01,5.767306259153368053e-12,7.691475051435896513e-12,5.767306259163625416e-12,7.691475051417992576e-12,5.767306259148820175e-12,7.691475051437268147e-12,5.767306259153369668e-12,7.691475051435872279e-12,-4.655018540433542194e-06,1.021388076761132184e-06,-4.655018540433542194e-06,1.021388076761132184e-06,-4.655018540433543888e-06,1.021388076761132184e-06,-4.655018540433540500e-06,1.021388076761132184e-06,-9.156612612066606987e-04,-4.352731392967730279e-04,8.786244395101253701e+01,-6.800964708032591943e+01,3.153842293201862714e-09,-2.371435807675200183e-09,3.153842293186113609e-09,-2.371435807690264796e-09,3.153842293201064899e-09,-2.371435807675120360e-09,3.153842293201861887e-09,-2.371435807675201423e-09,-1.059567011592611394e-03,-2.953392956351867812e-04,-1.059567011592611177e-03,-2.953392956351868896e-04,-1.059567011592611610e-03,-2.953392956351865643e-04,-1.059567011592611394e-03,-2.953392956351865101e-04
6.713647928739643097e+07,8.807915204454706635e-07,-2.258830300895111901e-06,-8.284756318057747704e-01,2.123780239569303119e-01,5.306282367936907548e-12,6.706901526248597731e-12,5.306282367943632429e-12,6.706901526233588926e-12,5.306282367930909680e-12,6.706901526250821587e-12,5.306282367936906740e-12,6.706901526248572689e-12,-4.546838843774896876e-06,1.163504986002083321e-06,-4.546838843774896876e-06,1.163504986002083321e-06,-4.546838843774896876e-06,1.163504986002081627e-06,-4.546838843774897723e-06,1.163504986002083321e-06,-8.862886679425004046e-04,-3.800209307851306760e-04,8.583432271128469893e+01,-6.872134978131909122e+01,2.669438789901582075e-09,-2.118492145018134832e-09,2.669438789887819031e-09,-2.118492145030269158e-09,2.669438789900560507e-09,-2.118492145018025230e-09,2.669438789901582075e-09,-2.118492145018133177e-09,-9.975944667579685152e-04,-2.811287145973624126e-04,-9.975944667579685152e-04,-2.811287145973624126e-04,-9.975944667579685152e-04,-2.811287145973625210e-04,-9.975944667579682984e-04,-2.811287145973620873e-04
6.909739765828552842e+07,7.764910135892249259e-07,-2.238272974118063508e-06,-8.218921102458907058e-01,2.132992729309426405e-01,4.857143894690636095e-12,5.845150714427790862e-12,4.857143894694767959e-12,5.845150714415364573e-12,4.857143894684445973e-12,5.845150714430363684e-12,4.857143894690649827e-12,5.845150714427803787e-12,-4.433092703171566799e-06,1.297153347133775417e-06,-4.433092703171566799e-06,1.297153347133777111e-06,-4.433092703171566799e-06,1.297153347133777111e-06,-4.433092703171568493e-06,1.297153347133778805e-06,-8.553056586711603633e-04,-3.282862323922187031e-04,8.376251640478220395e+01,-6.935665084367502686e+01,2.258010601033362336e-09,-1.882690360272178601e-09,2.258010601021443904e-09,-1.882690360281939745e-09,2.258010601032361033e-09,-1.882690360272073135e-09,2.258010601033362749e-09,-1.882690360272180255e-09,-9.395331176938832764e-04,-2.684624158385166348e-04,-9.395331176938831680e-04,-2.684624158385167433e-04,-9.395331176938831680e-04,-2.684624158385167433e-04,-9.395331176938828428e-04,-2.684624158385167975e-04
7.111559041856925189e+07,6.749221681139413243e-07,-2.211749359637695894e-06,-8.152754890234426011e-01,2.139948651419795456e-01,4.425413246368329437e-12,5.093612185422225894e-12,4.425413246372849042e-12,5.093612185410882856e-12,4.425413246362642570e-12,5.093612185424837490e-12,4.425413246368316512e-12,5.093612185422212969e-12,-4.314483459382785385e-06,1.422097961204381663e-06,-4.314483459382785385e-06,1.422097961204380815e-06,-4.314483459382785385e-06,1.422097961204381663e-06,-4.314483459382785385e-06,1.422097961204381663e-06,-8.230059275983957982e-04,-2.800915842533409101e-04,8.165302031982332664e+01,-6.991329814876333160e+01,1.909646460306251075e-09,-1.665225505993145698e-09,1.909646460296368749e-09,-1.665225506001024800e-09,1.909646460305368060e-09,-1.665225505993053881e-09,1.909646460306251903e-09,-1.665225505993146319e-09,-8.852077133688986176e-04,-2.571223684041483155e-04,-8.852077133688982923e-04,-2.571223684041485324e-04,-8.852077133688986176e-04,-2.571223684041483155e-04,-8.852077133688986176e-04,-2.571223684041483155e-04
7.319273043527215719e+07,5.765327850454149744e-07,-2.179605720097863916e-06,-8.086400988272774981e-01,2.144643207172532151e-01,4.015226435587463519e-12,4.440323834376439587e-12,4.015226435590302913e-12,4.440323834367086953e-12,4.015226435585058717e-12,4.440323834377628660e-12,4.015226435587450594e-12,4.440323834376439587e-12,-4.191720442519101037e-06,1.538176179087268358e-06,-4.191720442519101037e-06,1.538176179087270899e-06,-4.191720442519101884e-06,1.538176179087270052e-06,-4.191720442519102731e-06,1.538176179087270899e-06,-7.896769033286499522e-04,-2.354296203844533618e-04,7.951190288457262056e+01,-7.038956263683967052e+01,1.615489543334891746e-09,-1.466583382361618100e-09,1.615489543326438167e-09,-1.466583382367941689e-09,1.615489543334533990e-09,-1.466583382361582325e-09,1.615489543334891953e-09,-1.466583382361617273e-09,-8.344356304199050970e-04,-2.469086902357579285e-04,-8.344356304199048802e-04,-2.469086902357580369e-04,-8.344356304199052055e-04,-2.469086902357580369e-04,-8.344356304199049886e-04,-2.469086902357578201e-04
7.533053943642129004e+07,4.817248322843110094e-07,-2.142224456613319820e-06,-8.020001451044059815e-01,2.147082562414563967e-01,3.629492636015741546e-12,3.874065190346157154e-12,3.629492636018955756e-12,3.874065190337630893e-12,3.629492636013376326e-12,3.874065190347462549e-12,3.629492636015741546e-12,3.874065190346157154e-12,-4.065510553514937515e-06,1.645296154281671245e-06,-4.065510553514937515e-06,1.645296154281667857e-06,-4.065510553514938362e-06,1.645296154281672092e-06,-4.065510553514939209e-06,1.645296154281669551e-06,-7.555965071361824209e-04,-1.942649558710675016e-04,7.734525522507470896e+01,-7.078423378089881624e+01,1.367686006920823757e-09,-1.286685715559623945e-09,1.367686006913869443e-09,-1.286685715564720618e-09,1.367686006920479443e-09,-1.286685715559594580e-09,1.367686006920825411e-09,-1.286685715559622704e-09,-7.870291087100422323e-04,-2.376402144960334108e-04,-7.870291087100424491e-04,-2.376402144960328686e-04,-7.870291087100423407e-04,-2.376402144960334108e-04,-7.870291087100426660e-04,-2.376402144960331939e-04
7.753078943817548454e+07,3.908516411751168153e-07,-2.100017718338866874e-06,-7.953696077887876248e-01,2.147283550433159993e-01,3.270056225222214463e-12,3.384423305634298857e-12,3.270056225224293723e-12,3.384423305627264187e-12,3.270056225219480889e-12,3.384423305635914848e-12,3.270056225222207192e-12,3.384423305634292395e-12,-3.936550407524716499e-06,1.743434085691009885e-06,-3.936550407524717346e-06,1.743434085691009885e-06,-3.936550407524716499e-06,1.743434085691007344e-06,-3.936550407524716499e-06,1.743434085691008191e-06,-7.210302982288969813e-04,-1.565364095956317785e-04,7.515914242381849419e+01,-7.109660975364946012e+01,1.159323857891507431e-09,-1.125019365136291523e-09,1.159323857885621627e-09,-1.125019365140385653e-09,1.159323857891122999e-09,-1.125019365136266294e-09,1.159323857891506810e-09,-1.125019365136291730e-09,-7.427974564542918004e-04,-2.291546820172296335e-04,-7.427974564542918004e-04,-2.291546820172297419e-04,-7.427974564542915836e-04,-2.291546820172296877e-04,-7.427974564542916920e-04,-2.291546820172293895e-04
7.979530421363815665e+07,3.042160311275373364e-07,-2.053420871464923371e-06,-7.887621463448307724e-01,2.145273272021346600e-01,2.937856616300395524e-12,2.961832881762050608e-12,2.937856616301673050e-12,2.961832881756301541e-12,2.937856616298056558e-12,2.961832881763562797e-12,2.937856616300388658e-12,2.961832881762069995e-12,-3.805519158086118755e-06,1.832630577131398204e-06,-3.805519158086119179e-06,1.832630577131397357e-06,-3.805519158086118755e-06,1.832630577131398204e-06,-3.805519158086119602e-06,1.832630577131397357e-06,-6.862290350377595917e-04,-1.221594913259963205e-04,7.295955707727782169e+01,-7.132648264425758100e+01,9.843648591539661202e-10,-9.807492193919773639e-10,9.843648591490098608e-10,-9.807492193952707835e-10,9.843648591536416586e-10,-9.807492193919622679e-10,9.843648591539663270e-10,-9.807492193919775707e-10,-7.015491696801113121e-04,-2.213085895477705223e-04,-7.015491696801110953e-04,-2.213085895477707391e-04,-7.015491696801113121e-04,-2.213085895477705223e-04,-7.015491696801114205e-04,-2.213085895477706578e-04
8.212596080457115173e+07,2.220693465743605868e-07,-2.002885966658084925e-06,-7.821910112916047320e-01,2.141088602189233636e-01,2.633081889511436480e-12,2.597592985352745505e-12,2.633081889513955988e-12,2.597592985346833668e-12,2.633081889510603241e-12,2.597592985353307326e-12,2.633081889511450212e-12,2.597592985352751564e-12,-3.673072095411644172e-06,1.912986252283342092e-06,-3.673072095411644172e-06,1.912986252283341245e-06,-3.673072095411644172e-06,1.912986252283341245e-06,-3.673072095411645020e-06,1.912986252283341245e-06,-6.514266690279973699e-04,-9.102908145858764949e-05,7.075237569762069256e+01,-7.147411914009079226e+01,8.375720409994409985e-10,-8.528149541001830267e-10,8.375720409955277104e-10,-8.528149541028449973e-10,8.375720409993318107e-10,-8.528149541001806485e-10,8.375720409994401713e-10,-8.528149541001833369e-10,-6.630939191315731677e-04,-2.139767304279517916e-04,-6.630939191315730593e-04,-2.139767304279519542e-04,-6.630939191315730593e-04,-2.139767304279517916e-04,-6.630939191315729508e-04,-2.139767304279516290e-04
8.452469107726262510e+07,1.446113683575723202e-07,-1.948875335516732115e-06,-7.756689631688270525e-01,2.134775613891109203e-01,2.355313013729959925e-12,2.283863202776984008e-12,2.355313013731781903e-12,2.283863202772119475e-12,2.355313013728778123e-12,2.283863202777824113e-12,2.355313013729973657e-12,2.283863202776984008e-12,-3.539835084766070335e-06,1.984656771513807458e-06,-3.539835084766070335e-06,1.984656771513807458e-06,-3.539835084766070759e-06,1.984656771513807458e-06,-3.539835084766071606e-06,1.984656771513808305e-06,-6.168387756439518230e-04,-6.302223266901584302e-05,6.854331841385284463e+01,-7.154023716379964526e+01,7.144351592258188281e-10,-7.400122665635102929e-10,7.144351592225470186e-10,-7.400122665656582741e-10,7.144351592256653861e-10,-7.400122665635110167e-10,7.144351592258197587e-10,-7.400122665635104997e-10,-6.272443669948349126e-04,-2.070514691905191531e-04,-6.272443669948346958e-04,-2.070514691905190447e-04,-6.272443669948349126e-04,-2.070514691905190447e-04,-6.272443669948346958e-04,-2.070514691905191260e-04
8.699348332383856177e+07,7.199104350355422788e-08,-1.891855434677703817e-06,-7.692081997568400720e-01,2.126388930445181069e-01,2.103656241995917060e-12,2.013642383182225907e-12,2.103656241997215992e-12,2.013642383178207134e-12,2.103656241994592279e-12,2.013642383183181930e-12,2.103656241995917060e-12,2.013642383182225503e-12,-3.406399884876119753e-06,2.047847398876014069e-06,-3.406399884876119330e-06,2.047847398876014069e-06,-3.406399884876119753e-06,2.047847398876014069e-06,-3.406399884876118483e-06,2.047847398876014069e-06,-5.826614159043212336e-04,-3.800102616770038931e-05,6.633791235594561897e+01,-7.152597899172420171e+01,6.110961543889349260e-10,-6.410595440672971941e-10,6.110961543862111236e-10,-6.410595440690373753e-10,6.110961543887688695e-10,-6.410595440673035014e-10,6.110961543889351328e-10,-6.410595440672977111e-10,-5.938177850309615249e-04,-2.004417946497251326e-04,-5.938177850309615249e-04,-2.004417946497252410e-04,-5.938177850309617417e-04,-2.004417946497252410e-04,-5.938177850309617417e-04,-2.004417946497252410e-04
8.953438391034539044e+07,4.307961253663794346e-09,-1.832291041784992253e-06,-7.628202921618199017e-01,2.115991018905755416e-01,1.876862038524448756e-12,1.780733240983608826e-12,1.876862038525366410e-12,1.780733240980301113e-12,1.876862038523809387e-12,1.780733240984086838e-12,1.876862038524462489e-12,1.780733240983608624e-12,-3.273320360933998476e-06,2.102807265268517067e-06,-3.273320360933998476e-06,2.102807265268517067e-06,-3.273320360933999746e-06,2.102807265268517067e-06,-3.273320360933998476e-06,2.102807265268517067e-06,-5.490704123114328525e-04,-1.581542002022850112e-05,6.414145901515955472e+01,-7.143288141649851752e+01,5.242763427020537181e-10,-5.546511827261378279e-10,5.242763426997951015e-10,-5.546511827275533407e-10,5.242763427019757564e-10,-5.546511827261443420e-10,5.242763427020526841e-10,-5.546511827261381381e-10,-5.626374549052053564e-04,-1.940721972274776980e-04,-5.626374549052053564e-04,-1.940721972274776980e-04,-5.626374549052051395e-04,-1.940721972274776438e-04,-5.626374549052052480e-04,-1.940721972274778064e-04
9.214949897296966612e+07,-5.838550924452432647e-08,-1.770639891128530057e-06,-7.565161301903906566e-01,2.103651437079117337e-01,1.673429610658973482e-12,1.579696054706112996e-12,1.673429610660038961e-12,1.579696054703082760e-12,1.673429610658216983e-12,1.579696054706681683e-12,1.673429610658979540e-12,1.579696054706122487e-12,-3.141109583619547443e-06,2.149823467184301922e-06,-3.141109583619545325e-06,2.149823467184302769e-06,-3.141109583619546596e-06,2.149823467184301922e-06,-3.141109583619547443e-06,2.149823467184302769e-06,-5.162210142709132031e-04,3.693966790300113235e-06,6.195900578809514769e+01,-7.126284353321800324e+01,4.512067308573180055e-10,-4.794989421989506586e-10,4.512067308555007930e-10,-4.794989422001014736e-10,4.512067308572316685e-10,-4.794989421989605848e-10,4.512067308573183157e-10,-4.794989421989507620e-10,-5.335338401548268827e-04,-1.878814158203396265e-04,-5.335338401548266659e-04,-1.878814158203397891e-04,-5.335338401548270996e-04,-1.878814158203396265e-04,-5.335338401548268827e-04,-1.878814158203395723e-04
9.484099616380083561e+07,-1.160815132326729630e-07,-1.707347819151337764e-06,-7.503058772481163707e-01,2.089446046961341008e-01,1.491696754453052245e-12,1.405794537008587068e-12,1.491696754453497945e-12,1.405794537006367655e-12,1.491696754452480529e-12,1.405794537009036000e-12,1.491696754453045985e-12,1.405794537008577173e-12,-3.010237785040128344e-06,2.189215130454413457e-06,-3.010237785040128344e-06,2.189215130454413457e-06,-3.010237785040128344e-06,2.189215130454413457e-06,-3.010237785040129191e-06,2.189215130454414304e-06,-4.842479213082949408e-04,2.069318368838751889e-05,5.979532182598568113e+01,-7.101809273274496093e+01,3.895625130412947625e-10,-4.143628114636928477e-10,3.895625130397564134e-10,-4.143628114646431748e-10,3.895625130412283813e-10,-4.143628114637031358e-10,3.895625130412947108e-10,-4.143628114636927960e-10,-5.063455271486774160e-04,-1.818210976456109771e-04,-5.063455271486776328e-04,-1.818210976456110855e-04,-5.063455271486774160e-04,-1.818210976456108145e-04,-5.063455271486775244e-04,-1.818210976456109229e-04
9.761110644758410752e+07,-1.688135358994950440e-07,-1.642844471907431298e-06,-7.441989348140712890e-01,2.073456207168362098e-01,1.329915260605811674e-12,1.254936690720364383e-12,1.329915260606118636e-12,1.254936690718539173e-12,1.329915260605369003e-12,1.254936690720710320e-12,1.329915260605811674e-12,1.254936690720370845e-12,-2.881131124972862728e-06,2.221327555740603599e-06,-2.881131124972863152e-06,2.221327555740604446e-06,-2.881131124972863152e-06,2.221327555740603599e-06,-2.881131124972863999e-06,2.221327555740605293e-06,-4.532656270851476480e-04,3.535243251701297804e-05,5.765487822807656215e+01,-7.070114947697098273e+01,3.374024935017376231e-10,-3.580728811132426671e-10,3.374024935004738462e-10,-3.580728811140276615e-10,3.374024935016891296e-10,-3.580728811132528001e-10,3.374024935017374163e-10,-3.580728811132426671e-10,-4.809199393568100640e-04,-1.758544114491639111e-04,-4.809199393568100640e-04,-1.758544114491640195e-04,-4.809199393568100640e-04,-1.758544114491639111e-04,-4.809199393568100098e-04,-1.758544114491637485e-04
1.004621259509528577e+08,-2.166528606462626034e-07,-1.577539608599090559e-06,-7.382039163757913025e-01,2.055767956506624472e-01,1.186312560233781077e-12,1.123613137724663435e-12,1.186312560234233441e-12,1.123613137722977166e-12,1.186312560233658292e-12,1.123613137724760370e-12,1.186312560233784712e-12,1.123613137724663233e-12,-2.754171206704371614e-06,2.246526547811919892e-06,-2.754171206704371190e-06,2.246526547811919892e-06,-2.754171206704372037e-06,2.246526547811919892e-06,-2.754171206704372461e-06,2.246526547811919892e-06,-4.233690435617174842e-04,4.784373934898760724e-05,5.554183254177260665e+01,-7.031479140943667971e+01,2.931138931766120835e-10,-3.095436804440569220e-10,2.931138931756025096e-10,-3.095436804447019161e-10,2.931138931765990554e-10,-3.095436804440598689e-10,2.931138931766117217e-10,-3.095436804440568186e-10,-4.571138351141983201e-04,-1.699546505214118229e-04,-4.571138351141983201e-04,-1.699546505214117687e-04,-4.571138351141982659e-04,-1.699546505214116602e-04,-4.571138351141983201e-04,-1.699546505214115789e-04
1.033964178656732142e+08,-2.597047608313516523e-07,-1.511820018079078632e-06,-7.323286305447960221e-01,2.036471200018737937e-01,1.059140616924674136e-12,1.008835039409291720e-12,1.059140616925226666e-12,1.008835039407744392e-12,1.059140616924532166e-12,1.008835039409408043e-12,1.059140616924674338e-12,1.008835039409291720e-12,-2.629695270857257049e-06,2.265193014844914727e-06,-2.629695270857257049e-06,2.265193014844913880e-06,-2.629695270857257896e-06,2.265193014844915574e-06,-2.629695270857257472e-06,2.265193014844914727e-06,-3.946343625533605326e-04,5.833883908984689677e-05,5.346001745858571041e+01,-6.986201732635217354e+01,2.553627512290034815e-10,-2.677823557510334939e-10,2.553627512281986348e-10,-2.677823557515643887e-10,2.553627512289891610e-10,-2.677823557510376298e-10,2.553627512290029128e-10,-2.677823557510333388e-10,-4.347936038220860775e-04,-1.641038573628665447e-04,-4.347936038220859148e-04,-1.641038573628664362e-04,-4.347936038220860232e-04,-1.641038573628664362e-04,-4.347936038220859148e-04,-1.641038573628664904e-04
1.064164144074785709e+08,-2.981045218750298655e-07,-1.446047049286936326e-06,-7.265800729501135091e-01,2.015658908148351414e-01,9.467132968143994243e-13,9.080733440269707033e-13,9.467132968146643806e-13,9.080733440258270695e-13,9.467132968142156513e-13,9.080733440271160051e-13,9.467132968144095217e-13,9.080733440269738335e-13,-2.507996988426167731e-06,2.277717907486312182e-06,-2.507996988426166884e-06,2.277717907486312182e-06,-2.507996988426167307e-06,2.277717907486311335e-06,-2.507996988426166884e-06,2.277717907486311335e-06,-3.671201112962146711e-04,6.700728987036172664e-05,5.141293353817297884e+01,-6.934601148952434357e+01,2.230499255966547043e-10,-2.318919519216234245e-10,2.230499255959807848e-10,-2.318919519220732298e-10,2.230499255966358859e-10,-2.318919519216305072e-10,2.230499255966544975e-10,-2.318919519216236313e-10,-4.138353790493531957e-04,-1.582914969206475537e-04,-4.138353790493531957e-04,-1.582914969206476621e-04,-4.138353790493530331e-04,-1.582914969206474995e-04,-4.138353790493532500e-04,-1.582914969206476079e-04
1.095246188321176022e+08,-3.320133849319701420e-07,-1.380554742228686303e-06,-7.209644263753257620e-01,1.993426338431300016e-01,8.474335825032773831e-13,8.192007182930035061e-13,8.474335825034793315e-13,8.192007182920521273e-13,8.474335825030820990e-13,8.192007182931488080e-13,8.474335825032774841e-13,8.192007182930018906e-13,-2.389327769778811619e-06,2.284497551212122473e-06,-2.389327769778811619e-06,2.284497551212121626e-06,-2.389327769778811619e-06,2.284497551212122473e-06,-2.389327769778811619e-06,2.284497551212122473e-06,-3.408683592759309761e-04,7.401482687858793930e-05,4.940374573406036518e+01,-6.877010872071650738e+01,1.952725316406700044e-10,-2.010709244813886146e-10,1.952725316401212735e-10,-2.010709244817666620e-10,1.952725316406517030e-10,-2.010709244813961884e-10,1.952725316406697976e-10,-2.010709244813885887e-10,-3.941249894971270672e-04,-1.525132001978539897e-04,-3.941249894971270130e-04,-1.525132001978540439e-04,-3.941249894971270672e-04,-1.525132001978538813e-04,-3.941249894971270130e-04,-1.525132001978539355e-04
1.127236075102868527e+08,-3.616144953392884904e-07,-1.315648533762796504e-06,-7.154870685176232259e-01,1.969870288085412147e-01,7.598120505411367126e-13,7.404371642383657998e-13,7.598120505414177238e-13,7.404371642374902526e-13,7.598120505409428422e-13,7.404371642385047403e-13,7.598120505411367126e-13,7.404371642383657998e-13,-2.273898505160078986e-06,2.285929409795619592e-06,-2.273898505160078986e-06,2.285929409795620439e-06,-2.273898505160079410e-06,2.285929409795620015e-06,-2.273898505160078139e-06,2.285929409795620439e-06,-3.159060353364133412e-04,7.952195847778426897e-05,4.743528345427345272e+01,-6.813776066335847759e+01,1.712905331597288361e-10,-1.746098634829449903e-10,1.712905331592937391e-10,-1.746098634832586727e-10,1.712905331597123183e-10,-1.746098634829530295e-10,1.712905331597285517e-10,-1.746098634829450937e-10,-3.755577701740544648e-04,-1.467695950401517178e-04,-3.755577701740545190e-04,-1.467695950401517720e-04,-3.755577701740544648e-04,-1.467695950401517178e-04,-3.755577701740544648e-04,-1.467695950401518262e-04
1.160160320631678998e+08,-3.871089298714645104e-07,-1.251604502193102796e-06,-7.101525866709399448e-01,1.945088384614783450e-01,6.824780206067529979e-13,6.702999994312621162e-13,6.824780206069841278e-13,6.702999994305385351e-13,6.824780206067434053e-13,6.702999994312734253e-13,6.824780206067514833e-13,6.702999994312638327e-13,-2.161881653348056261e-06,2.282408303131845442e-06,-2.161881653348056261e-06,2.282408303131845442e-06,-2.161881653348056261e-06,2.282408303131845442e-06,-2.161881653348056261e-06,2.282408303131845442e-06,-2.922463167430054340e-04,8.368280151784047755e-05,4.551004385520024442e+01,-6.745250354405359872e+01,1.504981121749362074e-10,-1.518862627226645899e-10,1.504981121745834407e-10,-1.518862627229298305e-10,1.504981121749351992e-10,-1.518862627226650810e-10,1.504981121749362074e-10,-1.518862627226646933e-10,-3.580382566289220820e-04,-1.410652361216813762e-04,-3.580382566289220820e-04,-1.410652361216813762e-04,-3.580382566289219736e-04,-1.410652361216814575e-04,-3.580382566289219736e-04,-1.410652361216814575e-04
1.194046215603391230e+08,-4.087118666956220534e-07,-1.188669106595265429e-06,-7.049647985800175931e-01,1.919178420244311567e-01,6.141847213872422422e-13,6.075585967662604704e-13,6.141847213874312659e-13,6.075585967656548272e-13,6.141847213870419094e-13,6.075585967663898184e-13,6.141847213872408285e-13,6.075585967662589558e-13,-2.053413598372830542e-06,2.274323089450058021e-06,-2.053413598372829695e-06,2.274323089450057597e-06,-2.053413598372830119e-06,2.274323089450056750e-06,-2.053413598372830119e-06,2.274323089450056750e-06,-2.698900552244888878e-04,8.664414768277482867e-05,4.363019804157895720e+01,-6.671792771124752619e+01,1.323993886120752526e-10,-1.323580243130633750e-10,1.323993886117899011e-10,-1.323580243132881613e-10,1.323993886120602858e-10,-1.323580243130729910e-10,1.323993886120752526e-10,-1.323580243130632457e-10,-3.414797847891950025e-04,-1.354076417495447674e-04,-3.414797847891948941e-04,-1.354076417495446590e-04,-3.414797847891947857e-04,-1.354076417495446319e-04,-3.414797847891948399e-04,-1.354076417495446590e-04
1.228921847818839401e+08,-4.266489511283661279e-07,-1.127059370980225675e-06,-6.999267786911803624e-01,1.892237734922000147e-01,5.538097172269319667e-13,5.511940429141968059e-13,5.538097172270919098e-13,5.511940429136993060e-13,5.538097172268286701e-13,5.511940429142646605e-13,5.538097172269320676e-13,5.511940429141984215e-13,-1.948597199313395383e-06,2.262053810355132393e-06,-1.948597199313395383e-06,2.262053810355132817e-06,-1.948597199313395383e-06,2.262053810355132393e-06,-1.948597199313396230e-06,2.262053810355132393e-06,-2.488272088724087570e-04,8.854474853506243636e-05,4.179759983433008586e+01,-6.593764917038251383e+01,1.165880333106233581e-10,-1.155562545421812537e-10,1.165880333103931951e-10,-1.155562545423722807e-10,1.165880333106162495e-10,-1.155562545421867854e-10,1.165880333106236683e-10,-1.155562545421813700e-10,-3.258040179704256166e-04,-1.298064411956852343e-04,-3.258040179704255624e-04,-1.298064411956853699e-04,-3.258040179704256166e-04,-1.298064411956852343e-04,-3.258040179704255624e-04,-1.298064411956852072e-04
1.264816125465706289e+08,-4.411528998661576118e-07,-1.066963459474070597e-06,-6.950408889916233068e-01,1.864362651057782649e-01,5.003517142051041539e-13,5.003636828584062581e-13,5.003517142053029721e-13,5.003636828579507635e-13,5.003517142050735587e-13,5.003636828584224140e-13,5.003517142051025383e-13,5.003636828584046425e-13,-1.847504464170268856e-06,2.245969287321452228e-06,-1.847504464170268856e-06,2.245969287321452228e-06,-1.847504464170269068e-06,2.245969287321452651e-06,-1.847504464170268856e-06,2.245969287321451804e-06,-2.290382528852007204e-04,8.951480375955171015e-05,4.001379675301620154e+01,-6.511528328573109548e+01,1.027303124626748058e-10,-1.010777856980647459e-10,1.027303124624940540e-10,-1.010777856982236421e-10,1.027303124626731127e-10,-1.010777856980664261e-10,1.027303124626747929e-10,-1.010777856980647976e-10,-3.109404212164756541e-04,-1.242726328224176015e-04,-3.109404212164756541e-04,-1.242726328224176286e-04,-3.109404212164757083e-04,-1.242726328224174931e-04,-3.109404212164757083e-04,-1.242726328224175744e-04
1.301758801080334187e+08,-4.524603755175919763e-07,-1.008541586965002230e-06,-6.903088136606633229e-01,1.835647962452651161e-01,4.529247243036404489e-13,4.543703701029595335e-13,4.529247243037526817e-13,4.543703701026121822e-13,4.529247243035377582e-13,4.543703701030192597e-13,4.529247243036404994e-13,4.543703701029563023e-13,-1.750179286299381912e-06,2.226425150149319992e-06,-1.750179286299381277e-06,2.226425150149319568e-06,-1.750179286299381701e-06,2.226425150149319568e-06,-1.750179286299380854e-06,2.226425150149318721e-06,-2.104955464344157243e-04,8.967563467652988935e-05,3.828004287091786750e+01,-6.425442076136974379e+01,9.055111360913652968e-11,-8.857775177621097757e-11,9.055111360898824463e-11,-8.857775177634931061e-11,9.055111360913040337e-11,-8.857775177621671614e-11,9.055111360913656845e-11,-8.857775177621100342e-11,-2.968257012252229258e-04,-1.188179504814346584e-04,-2.968257012252228173e-04,-1.188179504814346584e-04,-2.968257012252230342e-04,-1.188179504814346584e-04,-2.968257012252229800e-04,-1.188179504814347126e-04
1.339780496209411472e+08,-4.608091537075468500e-07,-9.519272093510031098e-07,-6.857315967521490085e-01,1.806186478392911021e-01,4.107504224336291190e-13,4.126361344090411648e-13,4.107504224337745219e-13,4.126361344087285992e-13,4.107504224335653538e-13,4.126361344090742844e-13,4.107504224336284627e-13,4.126361344090411648e-13,-1.656640189220678487e-06,2.203762271616824653e-06,-1.656640189220678275e-06,2.203762271616825076e-06,-1.656640189220678699e-06,2.203762271616825076e-06,-1.656640189220679122e-06,2.203762271616824653e-06,-1.931646371235175275e-04,8.913952365121540855e-05,3.659731319909753466e+01,-6.335860597139387096e+01,7.982252799345573556e-11,-7.776245482273427725e-11,7.982252799334016291e-11,-7.776245482284937168e-11,7.982252799345227174e-11,-7.776245482273798664e-11,7.982252799345582603e-11,-7.776245482273429017e-11,-2.834032281086896489e-04,-1.134543333323822736e-04,-2.834032281086897032e-04,-1.134543333323823820e-04,-2.834032281086897032e-04,-1.134543333323823820e-04,-2.834032281086897574e-04,-1.134543333323822871e-04
1.378912726791975796e+08,-4.664355956386720489e-07,-8.972284389417609759e-07,-6.813096821804071057e-01,1.776068623263868107e-01,3.731493891985775025e-13,3.746799068058238422e-13,3.731493891987025591e-13,3.746799068055645405e-13,3.731493891984845053e-13,3.746799068058690787e-13,3.731493891985790676e-13,3.746799068058238422e-13,-1.566883033706892778e-06,2.178305577874862398e-06,-1.566883033706891931e-06,2.178305577874862398e-06,-1.566883033706892778e-06,2.178305577874862398e-06,-1.566883033706893414e-06,2.178305577874863669e-06,-1.770054886023955123e-04,8.800969918533104190e-05,3.496631927703122500e+01,-6.243131766131568128e+01,7.035459732153172701e-11,-6.838268262293384570e-11,7.035459732144001336e-11,-6.838268262303182782e-11,7.035459732152717752e-11,-6.838268262293948086e-11,7.035459732153172701e-11,-6.838268262293380692e-11,-2.706224529872887233e-04,-1.081934925231931813e-04,-2.706224529872887233e-04,-1.081934925231931813e-04,-2.706224529872887233e-04,-1.081934925231931813e-04,-2.706224529872888317e-04,-1.081934925231931542e-04
1.419187929282774031e+08,-4.695724311082770350e-07,-8.445296329290665474e-07,-6.770429553027416114e-01,1.745382090749539594e-01,3.395317989706149729e-13,3.400988996341247531e-13,3.395317989707239745e-13,3.400988996339123538e-13,3.395317989705818028e-13,3.400988996341392933e-13,3.395317989706149224e-13,3.400988996341271764e-13,-1.480883648549217071e-06,2.150363200990620392e-06,-1.480883648549217071e-06,2.150363200990620392e-06,-1.480883648549217494e-06,2.150363200990621662e-06,-1.480883648549216859e-06,2.150363200990620392e-06,-1.619736206803894523e-04,8.638044639931049770e-05,3.338752565657330962e+01,-6.147595200849042385e+01,6.198787127664841306e-11,-6.022757695616358809e-11,6.198787127657618985e-11,-6.022757695624704286e-11,6.198787127664693965e-11,-6.022757695616566897e-11,6.198787127664833551e-11,-6.022757695616356224e-11,-2.584383332486829294e-04,-1.030465668810573432e-04,-2.584383332486829294e-04,-1.030465668810573432e-04,-2.584383332486829836e-04,-1.030465668810572890e-04,-2.584383332486829294e-04,-1.030465668810573161e-04
1.460639487538630962e+08,-4.704468495696451538e-07,-7.938931064625703185e-07,-6.729307854676966905e-01,1.714211551396647160e-01,3.093879907462250340e-13,3.085532222492645677e-13,3.093879907463178797e-13,3.085532222490868531e-13,3.093879907461612183e-13,3.085532222492888015e-13,3.093879907462249835e-13,3.085532222492645677e-13,-1.398600354132974277e-06,2.120225938259559598e-06,-1.398600354132973853e-06,2.120225938259560868e-06,-1.398600354132973853e-06,2.120225938259559174e-06,-1.398600354132973853e-06,2.120225938259559174e-06,-1.480211547917091792e-04,8.433732295834264791e-05,3.186116699735367419e+01,-6.049580799038751877e+01,5.458746270516880736e-11,-5.311910318069507705e-11,5.458746270511241691e-11,-5.311910318076612411e-11,5.458746270516637106e-11,-5.311910318069900616e-11,5.458746270516883967e-11,-5.311910318069510936e-11,-2.468107750715168723e-04,-9.802385901360202399e-05,-2.468107750715169265e-04,-9.802385901360209175e-05,-2.468107750715168723e-04,-9.802385901360203754e-05,-2.468107750715168723e-04,-9.802385901360196978e-05
1.503301760490114689e+08,-4.692788910463423682e-07,-7.453609259037943380e-07,-6.689720689360696415e-01,1.682638411317038396e-01,2.822792516392162630e-13,2.797533151949419535e-13,2.822792516392994658e-13,2.797533151947957429e-13,2.822792516391871824e-13,2.797533151949516470e-13,2.822792516392170708e-13,2.797533151949411457e-13,-1.319976354721673607e-06,2.088166982276882842e-06,-1.319976354721673607e-06,2.088166982276883689e-06,-1.319976354721673607e-06,2.088166982276882842e-06,-1.319976354721674031e-06,2.088166982276882842e-06,-1.350977607407104002e-04,8.195746139017975310e-05,3.038726550833922957e+01,-5.949407498490050017e+01,4.803832798041097430e-11,-4.690713516070434238e-11,4.803832798036746977e-11,-4.690713516076481058e-11,4.803832798040988216e-11,-4.690713516070621000e-11,4.803832798041094198e-11,-4.690713516070431007e-11,-2.357041008043674762e-04,-9.313464277252717289e-05,-2.357041008043674491e-04,-9.313464277252717289e-05,-2.357041008043675033e-04,-9.313464277252721355e-05,-2.357041008043674491e-04,-9.313464277252717289e-05
1.547210110621432662e+08,-4.662801236826046747e-07,-6.989567425305045637e-07,-6.651652716531932796e-01,1.650740619480634830e-01,2.578290499056840223e-13,2.534498024406559026e-13,2.578290499057575315e-13,2.534498024405347840e-13,2.578290499056218222e-13,2.534498024406721089e-13,2.578290499056848301e-13,2.534498024406550948e-13,-1.244941981848161475e-06,2.054441886128085230e-06,-1.244941981848161475e-06,2.054441886128085653e-06,-1.244941981848161052e-06,2.054441886128086077e-06,-1.244941981848161475e-06,2.054441886128085230e-06,-1.231515033599625986e-04,7.930993990361591135e-05,2.896564850038454253e+01,-5.847382250114100799e+01,4.224153908630190930e-11,-4.146514265554996738e-11,4.224153908626883500e-11,-4.146514265560138183e-11,4.224153908630018385e-11,-4.146514265555386418e-11,4.224153908630185114e-11,-4.146514265554995446e-11,-2.250865468714797883e-04,-8.838703297269024446e-05,-2.250865468714797341e-04,-8.838703297269021736e-05,-2.250865468714798154e-04,-8.838703297269020381e-05,-2.250865468714797883e-04,-8.838703297269023091e-05
1.592400933282168806e+08,-4.616525909498410746e-07,-6.546876318039617228e-07,-6.615084714063194093e-01,1.618592520479958663e-01,2.357148766613598469e-13,2.294253881880655608e-13,2.357148766614228548e-13,2.294253881879662527e-13,2.357148766613420755e-13,2.294253881880695998e-13,2.357148766613590391e-13,2.294253881880655608e-13,-1.173416776861667069e-06,2.019288729195929276e-06,-1.173416776861667069e-06,2.019288729195929699e-06,-1.173416776861667069e-06,2.019288729195928428e-06,-1.173416776861667069e-06,2.019288729195929276e-06,-1.121295899820146417e-04,7.645620526186985312e-05,2.759596583848701101e+01,-5.743799192191263359e+01,3.711135030391373637e-11,-3.668644970265570261e-11,3.711135030388908897e-11,-3.668644970269940102e-11,3.711135030391336801e-11,-3.668644970265677536e-11,3.711135030391376221e-11,-3.668644970265569615e-11,-2.149297961890828047e-04,-8.378790843436506131e-05,-2.149297961890828590e-04,-8.378790843436512907e-05,-2.149297961890828319e-04,-8.378790843436502065e-05,-2.149297961890827776e-04,-8.378790843436507486e-05
1.638911686855154335e+08,-4.555880085355724662e-07,-6.125459084029407150e-07,-6.579993989818485600e-01,1.586264749743546976e-01,2.156607918877395605e-13,2.074884582191378045e-13,2.156607918878129940e-13,2.074884582190550057e-13,2.156607918877237581e-13,2.074884582191406318e-13,2.156607918877386770e-13,2.074884582191374006e-13,-1.105311405858978868e-06,1.982928450875111002e-06,-1.105311405858978445e-06,1.982928450875111425e-06,-1.105311405858978868e-06,1.982928450875111002e-06,-1.105311405858978868e-06,1.982928450875111002e-06,-1.019790215164566332e-04,7.345053282840137854e-05,2.627770711654377322e+01,-5.638939012190631672e+01,3.257289536423645973e-11,-3.248102058846882601e-11,3.257289536421885630e-11,-3.248102058850492468e-11,3.257289536423619478e-11,-3.248102058846976951e-11,3.257289536423647266e-11,-3.248102058846879369e-11,-2.052085475491244402e-04,-7.934287984976331879e-05,-2.052085475491243860e-04,-7.934287984976327813e-05,-2.052085475491244402e-04,-7.934287984976331879e-05,-2.052085475491244673e-04,-7.934287984976331879e-05
1.686780923805481493e+08,-4.482671893392527332e-07,-5.725108918739993384e-07,-6.546354779650621625e-01,1.553824167190145933e-01,1.974307203792283527e-13,1.874680825208601295e-13,1.974307203792933044e-13,1.874680825207942944e-13,1.974307203792101521e-13,1.874680825208613412e-13,1.974307203792279236e-13,1.874680825208601295e-13,-1.040529404179766407e-06,1.945565321654013982e-06,-1.040529404179766195e-06,1.945565321654014406e-06,-1.040529404179766831e-06,1.945565321654014829e-06,-1.040529404179766619e-06,1.945565321654014406e-06,-9.264715136347700518e-05,7.034051063608874556e-05,2.501021839045752415e+01,-5.533068482187513126e+01,2.856038016392767700e-11,-2.877272338681303795e-11,2.856038016391540500e-11,-2.877272338684369857e-11,2.856038016392746374e-11,-2.877272338681415594e-11,2.856038016392763823e-11,-2.877272338681299918e-11,-1.959001232126891747e-04,-7.505629445965036916e-05,-1.959001232126891747e-04,-7.505629445965038271e-05,-1.959001232126892018e-04,-7.505629445965038271e-05,-1.959001232126892018e-04,-7.505629445965036916e-05
1.736048322636393905e+08,-4.398596734993133767e-07,-5.345506027462409951e-07,-6.514138629277937964e-01,1.521333826177498905e-01,1.808225045188783566e-13,1.692101539782247662e-13,1.808225045189256125e-13,1.692101539781734713e-13,1.808225045188577578e-13,1.692101539782255740e-13,1.808225045188787605e-13,1.692101539782255740e-13,-9.789687516680818909e-07,1.907387523599097400e-06,-9.789687516680818909e-07,1.907387523599097824e-06,-9.789687516680823144e-07,1.907387523599096977e-06,-9.789687516680823144e-07,1.907387523599096977e-06,-8.408215756997651546e-05,6.716753596122023167e-05,2.379271834824897525e+01,-5.426440152555765195e+01,2.501566160541181075e-11,-2.549701831809592024e-11,2.501566160540378775e-11,-2.549701831812270344e-11,2.501566160541180429e-11,-2.549701831809723209e-11,2.501566160541184953e-11,-2.549701831809594609e-11,-1.869841148074937907e-04,-7.093127027410992544e-05,-1.869841148074937365e-04,-7.093127027410989834e-05,-1.869841148074937907e-04,-7.093127027410992544e-05,-1.869841148074937636e-04,-7.093127027410995255e-05
1.786754720778543651e+08,-4.305235402962476523e-07,-4.986233731071134115e-07,-6.483314757719776944e-01,1.488852973779773159e-01,1.656626927726073090e-13,1.525744350135574677e-13,1.656626927726509298e-13,1.525744350135162449e-13,1.656626927725956212e-13,1.525744350135562560e-13,1.656626927726073342e-13,1.525744350135586793e-13,-9.205232824764565431e-07,1.868567814932702621e-06,-9.205232824764565431e-07,1.868567814932702621e-06,-9.205232824764565431e-07,1.868567814932702621e-06,-9.205232824764568607e-07,1.868567814932703468e-06,-7.623343438995740836e-05,6.396731461180102688e-05,2.262431380660028069e+01,-5.319292188956826806e+01,2.188712484668766602e-11,-2.259901847693812082e-11,2.188712484668309391e-11,-2.259901847696087152e-11,2.188712484668769187e-11,-2.259901847693887369e-11,2.188712484668765310e-11,-2.259901847693813375e-11,-1.784420668239864317e-04,-6.696975322675923284e-05,-1.784420668239864317e-04,-6.696975322675920573e-05,-1.784420668239864317e-04,-6.696975322675923284e-05,-1.784420668239864588e-04,-6.696975322675920573e-05
1.838942148439874947e+08,-4.204053788080822492e-07,-4.646793597951241809e-07,-6.453850400670144705e-01,1.456437078848115130e-01,1.518020229547587033e-13,1.374323192787897233e-13,1.518020229548063632e-13,1.374323192787586233e-13,1.518020229547369182e-13,1.374323192787840688e-13,1.518020229547587286e-13,1.374323192787893194e-13,-8.650839356815788733e-07,1.829264256179991897e-06,-8.650839356815787674e-07,1.829264256179991050e-06,-8.650839356815788733e-07,1.829264256179991897e-06,-8.650839356815796144e-07,1.829264256179992321e-06,-6.905190994464930666e-05,6.077035471336809643e-05,2.150401445284702362e+01,-5.211848337383245422e+01,1.912878953081883216e-11,-2.003187272972714848e-11,1.912878953081688053e-11,-2.003187272974596361e-11,1.912878953081910681e-11,-2.003187272972851204e-11,1.912878953081883539e-11,-2.003187272972715818e-11,-1.702571962943259744e-04,-6.317259144277169512e-05,-1.702571962943259202e-04,-6.317259144277162736e-05,-1.702571962943259744e-04,-6.317259144277169512e-05,-1.702571962943259744e-04,-6.317259144277173578e-05
1.892653863444194198e+08,-4.096403949199002343e-07,-4.326619519553180041e-07,-6.425711132624151167e-01,1.424137884283163402e-01,1.391115466511168164e-13,1.236651478113901554e-13,1.391115466511535962e-13,1.236651478113651138e-13,1.391115466511087385e-13,1.236651478113869242e-13,1.391115466511168416e-13,1.236651478113905593e-13,-8.125398546727462785e-07,1.789620978112890071e-06,-8.125398546727462785e-07,1.789620978112890071e-06,-8.125398546727469138e-07,1.789620978112890071e-06,-8.125398546727472314e-07,1.789620978112890494e-06,-6.249029693807336581e-05,5.760244828633604607e-05,2.043074677039425069e+01,-5.104318002384265185e+01,1.669959069025674370e-11,-1.775542418120533233e-11,1.669959069025699896e-11,-1.775542418122176285e-11,1.669959069025691495e-11,-1.775542418120582023e-11,1.669959069025673724e-11,-1.775542418120531294e-11,-1.624141467397806663e-04,-5.953962154552133658e-05,-1.624141467397806663e-04,-5.953962154552136369e-05,-1.624141467397806121e-04,-5.953962154552130270e-05,-1.624141467397806663e-04,-5.953962154552134336e-05
1.947934387087302208e+08,-3.983526333352672731e-07,-4.025090679090154561e-07,-6.398861167017302343e-01,1.392003480095120316e-01,1.274793340416970764e-13,1.111629480490134071e-13,1.274793340417370622e-13,1.111629480489976551e-13,1.274793340416902354e-13,1.111629480490105798e-13,1.274793340416971016e-13,1.111629480490140129e-13,-7.627793445505541122e-07,1.749768974383604772e-06,-7.627793445505544298e-07,1.749768974383604772e-06,-7.627793445505537945e-07,1.749768974383604349e-06,-7.627793445505543239e-07,1.749768974383603925e-06,-5.650328344571992962e-05,5.448513528859580765e-05,1.940336710469291859e+01,-4.996896424078320109e+01,1.456279236064679407e-11,-1.573510195572162787e-11,1.456279236064848720e-11,-1.573510195573525373e-11,1.456279236064698471e-11,-1.573510195572202530e-11,1.456279236064681669e-11,-1.573510195572165049e-11,-1.548987741112401091e-04,-5.606976266252550775e-05,-1.548987741112401091e-04,-5.606976266252550097e-05,-1.548987741112401362e-04,-5.606976266252554163e-05,-1.548987741112401362e-04,-5.606976266252547387e-05
2.004829541040410399e+08,-3.866552945757653236e-07,-3.741543390542828628e-07,-6.373263634026508084e-01,1.360078393997121715e-01,1.168076955168980171e-13,9.982348953822060489e-14,1.168076955169349484e-13,9.982348953820949773e-14,1.168076955168880964e-13,9.982348953821394060e-14,1.168076955168979919e-13,9.982348953822039032e-14,-7.156906976066813254e-07,1.709826904274737781e-06,-7.156906976066813254e-07,1.709826904274737781e-06,-7.156906976066812195e-07,1.709826904274738205e-06,-7.156906976066815372e-07,1.709826904274736934e-06,-5.104767068709578003e-05,5.143614604397428420e-05,1.842067384378237094e+01,-4.889764940206376309e+01,1.268550186022063706e-11,-1.394100872219566129e-11,1.268550186022351119e-11,-1.394100872220727897e-11,1.268550186022101672e-11,-1.394100872219622351e-11,1.268550186022062252e-11,-1.394100872219565159e-11,-1.476979622165752086e-04,-5.276111448608811579e-05,-1.476979622165751815e-04,-5.276111448608812935e-05,-1.476979622165752357e-04,-5.276111448608809546e-05,-1.476979622165751544e-04,-5.276111448608810224e-05
2.063386485331430435e+08,-3.746511284906237693e-07,-3.475281808524612684e-07,-6.348880836024334284e-01,1.328403696475468354e-01,1.070108568199516304e-13,8.955157207861449701e-14,1.070108568199861383e-13,8.955157207860783271e-14,1.070108568199514284e-13,8.955157207861409311e-14,1.070108568199514032e-13,8.955157207861449701e-14,-6.711628974233205009e-07,1.669901893357950699e-06,-6.711628974233205009e-07,1.669901893357951123e-06,-6.711628974233206068e-07,1.669901893357951970e-06,-6.711628974233206068e-07,1.669901893357951546e-06,-4.608246445363961427e-05,4.846981908344796477e-05,1.748141870221198957e+01,-4.783091320254157353e+01,1.103826055680386647e-11,-1.234717110559065528e-11,1.103826055680760170e-11,-1.234717110560057822e-11,1.103826055680386808e-11,-1.234717110559066013e-11,1.103826055680385193e-11,-1.234717110559063912e-11,-1.407994650057233443e-04,-4.961105638789080628e-05,-1.407994650057232901e-04,-4.961105638789074530e-05,-1.407994650057233172e-04,-4.961105638789079273e-05,-1.407994650057233985e-04,-4.961105638789083339e-05
2.123653757435618341e+08,-3.624328874532068717e-07,-3.225587528927866731e-07,-6.325674480972069968e-01,1.297017117500316452e-01,9.801302704990833397e-14,8.025848057331191971e-14,9.801302704994103698e-14,8.025848057330848659e-14,9.801302704990409305e-14,8.025848057330687101e-14,9.801302704990853591e-14,8.025848057331171777e-14,-6.290862123124493849e-07,1.630090322016739393e-06,-6.290862123124488555e-07,1.630090322016738123e-06,-6.290862123124492790e-07,1.630090322016739817e-06,-6.290862123124491731e-07,1.630090322016739393e-06,-4.156892652451161244e-05,4.559749239024561902e-05,1.658431710995303732e+01,-4.677030159532739617e+01,9.594693093435705449e-12,-1.093092466030827178e-11,9.594693093440043300e-12,-1.093092466031677138e-11,9.594693093435988177e-12,-1.093092466030850927e-11,9.594693093435707065e-12,-1.093092466030826693e-11,-1.341917730495519197e-04,-4.661634517373844399e-05,-1.341917730495518384e-04,-4.661634517373840333e-05,-1.341917730495519468e-04,-4.661634517373843044e-05,-1.341917730495519739e-04,-4.661634517373845754e-05
2.185681312507975698e+08,-3.500838241388678986e-07,-2.991728115819089655e-07,-6.303605894286351541e-01,1.265953172271853111e-01,8.974680296734460180e-14,7.186155626223675832e-14,8.974680296737551252e-14,7.186155626223615247e-14,8.974680296734217841e-14,7.186155626223332520e-14,8.974680296734460180e-14,7.186155626223675832e-14,-5.893526887355885343e-07,1.590478593753858704e-06,-5.893526887355887461e-07,1.590478593753858281e-06,-5.893526887355888520e-07,1.590478593753858704e-06,-5.893526887355885343e-07,1.590478593753858704e-06,-3.747059199151992436e-05,4.282786686689090696e-05,1.572805771878541670e+01,-4.571723322029085779e+01,8.331201781726568217e-12,-9.672409296422998381e-12,8.331201781731300271e-12,-9.672409296430307297e-12,8.331201781726765318e-12,-9.672409296423135706e-12,8.331201781726579526e-12,-9.672409296423001612e-12,-1.278640015849977251e-04,-4.377320958795441615e-05,-1.278640015849976980e-04,-4.377320958795440938e-05,-1.278640015849977251e-04,-4.377320958795440260e-05,-1.278640015849977522e-04,-4.377320958795442293e-05
2.249520564790757895e+08,-3.376782204995431254e-07,-2.772964602170677021e-07,-6.282636209920127168e-01,1.235243293638359913e-01,8.215185805832286168e-14,6.428384661243774914e-14,8.215185805835153835e-14,6.428384661243936473e-14,8.215185805831882271e-14,6.428384661243209459e-14,8.215185805832264711e-14,6.428384661243795109e-14,-5.518565550828989194e-07,1.551143876952848098e-06,-5.518565550828989194e-07,1.551143876952848098e-06,-5.518565550828989194e-07,1.551143876952847674e-06,-5.518565550828989194e-07,1.551143876952847674e-06,-3.375325795633112762e-05,4.016734153760187384e-05,1.491131104769375604e+01,-4.467300421790785236e+01,7.226696469549979048e-12,-8.554154869127347881e-12,7.226696469554930822e-12,-8.554154869133643824e-12,7.226696469550300550e-12,-8.554154869127535289e-12,7.226696469549966123e-12,-8.554154869127341419e-12,-1.218057975895129799e-04,-4.107744013794360842e-05,-1.218057975895129799e-04,-4.107744013794360842e-05,-1.218057975895129528e-04,-4.107744013794361519e-05,-1.218057975895129528e-04,-4.107744013794360842e-05
2.315224430230408907e+08,-3.252819362360604526e-07,-2.568558021042540893e-07,-6.262726541564274108e-01,1.204915969064422054e-01,7.517387026646076181e-14,5.745380626696805585e-14,7.517387026648982975e-14,5.745380626697492210e-14,7.517387026645895689e-14,5.745380626696482468e-14,7.517387026646054724e-14,5.745380626696785390e-14,-5.164945457787749668e-07,1.512154815305352831e-06,-5.164945457787746492e-07,1.512154815305352831e-06,-5.164945457787747551e-07,1.512154815305352831e-06,-5.164945457787748609e-07,1.512154815305353254e-06,-3.038494857848744550e-05,3.762032057300149630e-05,1.413273729617554864e+01,-4.363879333572732122e+01,6.262352878944726509e-12,-7.560740029994470461e-12,6.262352878949563577e-12,-7.560740029999821285e-12,6.262352878944907455e-12,-7.560740029994544778e-12,6.262352878944738626e-12,-7.560740029994468845e-12,-1.160072634787998833e-04,-3.852447320814864285e-05,-1.160072634787998969e-04,-3.852447320814864285e-05,-1.160072634787998969e-04,-3.852447320814864963e-05,-1.160072634787998562e-04,-3.852447320814864285e-05
2.382847370339249969e+08,-3.129529666835551308e-07,-2.377775030161513008e-07,-6.243838135009838197e-01,1.174996880283800949e-01,6.876364785299694554e-14,5.130502945581415875e-14,6.876364785302342602e-14,5.130502945581850696e-14,6.876364785299616299e-14,5.130502945581184266e-14,6.876364785299695816e-14,5.130502945581386214e-14,-4.831661551642016050e-07,1.473572203459477499e-06,-4.831661551642016050e-07,1.473572203459477499e-06,-4.831661551642020285e-07,1.473572203459477499e-06,-4.831661551642016050e-07,1.473572203459477075e-06,-2.733586095907792091e-05,3.518949268614846189e-05,1.339099336036094812e+01,-4.261566724422635133e+01,5.421394387510124777e-12,-6.678510391007119585e-12,5.421394387515157331e-12,-6.678510391011844370e-12,5.421394387510237060e-12,-6.678510391007155936e-12,5.421394387510120738e-12,-6.678510391007119585e-12,-1.104588951804669900e-04,-3.610946877277384278e-05,-1.104588951804669764e-04,-3.610946877277384278e-05,-1.104588951804669764e-04,-3.610946877277381568e-05,-1.104588951804670035e-04,-3.610946877277382923e-05
2.452445437338277102e+08,-3.007420015644269004e-07,-2.199892696577156789e-07,-6.225932502770982202e-01,1.145509043885258871e-01,6.287641825114186566e-14,4.577600046904709769e-14,6.287641825116681891e-14,4.577600046905234834e-14,6.287641825113946753e-14,4.577600046904103923e-14,6.287641825114147439e-14,4.577600046904719866e-14,-4.517738299803583099e-07,1.435449625592681204e-06,-4.517738299803584158e-07,1.435449625592680781e-06,-4.517738299803584158e-07,1.435449625592681204e-06,-4.517738299803584158e-07,1.435449625592681204e-06,-2.457829585263412994e-05,3.287608381323945181e-05,1.268473908989647470e+01,-4.160458598850136980e+01,4.688893653888722182e-12,-5.895344586464896578e-12,4.688893653893661032e-12,-5.895344586469012286e-12,4.688893653889047723e-12,-5.895344586464982204e-12,4.688893653888721375e-12,-5.895344586464894962e-12,-1.051515325164035147e-04,-3.382738129450656129e-05,-1.051515325164034740e-04,-3.382738129450656129e-05,-1.051515325164034876e-04,-3.382738129450653419e-05,-1.051515325164035147e-04,-3.382738129450656129e-05
2.524076320618487895e+08,-2.886929774203004738e-07,-2.034202510866483090e-07,-6.208971542256471743e-01,1.116472951745718367e-01,5.747124983709701320e-14,4.080985352736188943e-14,5.747124983712114604e-14,4.080985352736734204e-14,5.747124983709590249e-14,4.080985352735713733e-14,5.747124983709722777e-14,4.080985352736188943e-14,-4.222231087363357231e-07,1.397834055615290195e-06,-4.222231087363357231e-07,1.397834055615290619e-06,-4.222231087363359349e-07,1.397834055615289772e-06,-4.222231087363358290e-07,1.397834055615290619e-06,-2.208657673436506706e-05,3.068008426045979961e-05,1.201264283171818192e+01,-4.060640850980332317e+01,4.051591501580836019e-12,-5.200458959451174672e-12,4.051591501585623004e-12,-5.200458959454771777e-12,4.051591501581062202e-12,-5.200458959451216678e-12,4.051591501580829557e-12,-5.200458959451173057e-12,-1.000763200011689909e-04,-3.167302365179651099e-05,-1.000763200011690180e-04,-3.167302365179652454e-05,-1.000763200011690044e-04,-3.167302365179651099e-05,-1.000763200011689638e-04,-3.167302365179648388e-05
2.597799394559246898e+08,-2.768436179459915692e-07,-1.880013698937020330e-07,-6.192917638550075043e-01,1.087906709486110984e-01,5.251058125330876305e-14,3.635413682854947342e-14,5.251058125333259296e-14,3.635413682855876305e-14,5.251058125330825818e-14,3.635413682854624225e-14,5.251058125330896500e-14,3.635413682854937245e-14,-3.944227153650092173e-07,1.360766418479481321e-06,-3.944227153650093232e-07,1.360766418479480474e-06,-3.944227153650087938e-07,1.360766418479481321e-06,-3.944227153650091114e-07,1.360766418479481321e-06,-1.983696027846394206e-05,2.860045171034134620e-05,1.137338629816429858e+01,-3.962189818238348238e+01,3.497731170253115965e-12,-4.584243398643785492e-12,3.497731170257530556e-12,-4.584243398646922154e-12,3.497731170253280755e-12,-4.584243398643808918e-12,3.497731170253113945e-12,-4.584243398643784684e-12,-9.522467637763802931e-05,-2.964112407861815125e-05,-9.522467637763800221e-05,-2.964112407861813769e-05,-9.522467637763804287e-05,-2.964112407861815802e-05,-9.522467637763804287e-05,-2.964112407861815125e-05
2.673675767743327618e+08,-2.652259574476045537e-07,-1.736655900944965406e-07,-6.177733753248496607e-01,1.059826172693427299e-01,4.795983702730798147e-14,3.236057813693649387e-14,4.795983702732998123e-14,3.236057813694255232e-14,4.795983702730697173e-14,3.236057813693195003e-14,4.795983702730788050e-14,3.236057813693649387e-14,-3.682846141924635886e-07,1.324282112820003155e-06,-3.682846141924633769e-07,1.324282112820002732e-06,-3.682846141924636945e-07,1.324282112820003155e-06,-3.682846141924636945e-07,1.324282112820003579e-06,-1.780754090760991245e-05,2.663529159493141307e-05,1.076566881336185233e+01,-3.865172831485915594e+01,3.016906524173207057e-12,-4.038122325767332694e-12,3.016906524177571162e-12,-4.038122325770117159e-12,3.016906524173437278e-12,-4.038122325767356928e-12,3.016906524173208672e-12,-4.038122325767335118e-12,-9.058827136191375487e-05,-2.772637631422738053e-05,-9.058827136191374132e-05,-2.772637631422737714e-05,-9.058827136191375487e-05,-2.772637631422737714e-05,-9.058827136191379553e-05,-2.772637631422738392e-05
2.751768333609425426e+08,-2.538668438427156392e-07,-1.603481282473941458e-07,-6.163383500449015617e-01,1.032245079567724599e-01,4.378711198730537077e-14,2.878485096558316203e-14,4.378711198732637971e-14,2.878485096558896804e-14,4.378711198730466395e-14,2.878485096557780408e-14,4.378711198730537077e-14,2.878485096558311154e-14,-3.437240323065579243e-07,1.288411495631482019e-06,-3.437240323065579243e-07,1.288411495631482019e-06,-3.437240323065581361e-07,1.288411495631481595e-06,-3.437240323065578184e-07,1.288411495631482019e-06,-1.597815165701838320e-05,2.478201643917191390e-05,1.018821097785538399e+01,-3.769648757665204641e+01,2.599923110774915107e-12,-3.554436055549947812e-12,2.599923110779034450e-12,-3.554436055552414410e-12,2.599923110775166735e-12,-3.554436055549960333e-12,2.599923110774918338e-12,-3.554436055549954679e-12,-8.615900828196873832e-05,-2.592348321187541219e-05,-8.615900828196873832e-05,-2.592348321187541219e-05,-8.615900828196869767e-05,-2.592348321187539186e-05,-8.615900828196872477e-05,-2.592348321187540203e-05
2.832141822584123611e+08,-2.427884184526776450e-07,-1.479866141455986535e-07,-6.149831211130720732e-01,1.005175179462614865e-01,3.996291013768016592e-14,2.558634159172863924e-14,3.996291013770046173e-14,2.558634159173424015e-14,3.996291013767966105e-14,2.558634159172399443e-14,3.996291013768026689e-14,2.558634159172873706e-14,-3.206594549073563494e-07,1.253180330158234789e-06,-3.206594549073562436e-07,1.253180330158234789e-06,-3.206594549073563494e-07,1.253180330158234789e-06,-3.206594549073565612e-07,1.253180330158235213e-06,-1.433026325323046691e-05,2.303748580137389700e-05,9.639757798437518233e+00,-3.675668531479229983e+01,2.238671163187568092e-12,-3.126338730014344090e-12,2.238671163191428941e-12,-3.126338730016532807e-12,2.238671163187789023e-12,-3.126338730014347322e-12,2.238671163187568496e-12,-3.126338730014347725e-12,-8.192901144677880833e-05,-2.422719417021869853e-05,-8.192901144677879478e-05,-2.422719417021869853e-05,-8.192901144677880833e-05,-2.422719417021869853e-05,-8.192901144677876767e-05,-2.422719417021868498e-05
2.914862855736529827e+08,-2.320085706355884022e-07,-1.365212070904643283e-07,-6.137041987148530442e-01,9.786263570416862956e-02,3.645992639859000013e-14,2.272791785124609960e-14,3.645992639860909688e-14,2.272791785125140391e-14,3.645992639858979818e-14,2.272791785124397915e-14,3.645992639859000013e-14,2.272791785124620058e-14,-2.990125986016934305e-07,1.218610198514194747e-06,-2.990125986016935364e-07,1.218610198514193900e-06,-2.990125986016935364e-07,1.218610198514194323e-06,-2.990125986016935364e-07,1.218610198514194323e-06,-1.284688298568273670e-05,2.139812843496003875e-05,9.119081329855417195e+00,-3.583275673253541527e+01,1.926009760792315972e-12,-2.747709820603266970e-12,1.926009760795916712e-12,-2.747709820605220215e-12,1.926009760792419773e-12,-2.747709820603265758e-12,1.926009760792317183e-12,-2.747709820603269393e-12,-7.789061724149767450e-05,-2.263233680940890784e-05,-7.789061724149763384e-05,-2.263233680940889429e-05,-7.789061724149767450e-05,-2.263233680940889768e-05,-7.789061724149764739e-05,-2.263233680940889429e-05
3.000000000000051856e+08,-2.215413660279030280e-07,-1.258946733061853193e-07,-6.124981745901846297e-01,9.526067515017161424e-02,3.325286193916482603e-14,2.017570101861083790e-14,3.325286193918359461e-14,2.017570101861861291e-14,3.325286193916481341e-14,2.017570101860811160e-14,3.325286193916491439e-14,2.017570101861083790e-14,-2.787083669489831439e-07,1.184718880778790623e-06,-2.787083669489830380e-07,1.184718880778790411e-06,-2.787083669489832498e-07,1.184718880778790411e-06,-2.787083669489832498e-07,1.184718880778790411e-06,-1.151245465560712255e-05,1.986004826705033946e-05,8.624982869538238006e+00,-3.492506790786764981e+01,1.655661431388510801e-12,-2.413076823707374629e-12,1.655661431391719357e-12,-2.413076823709122290e-12,1.655661431388636413e-12,-2.413076823707365339e-12,1.655661431388510397e-12,-2.413076823707372609e-12,-7.403636809765967394e-05,-2.113384333396402891e-05,-7.403636809765968749e-05,-2.113384333396403229e-05,-7.403636809765966038e-05,-2.113384333396402891e-05,-7.403636809765966038e-05,-2.113384333396402891e-05
