 frequency              ip0                    ip0                    ip1                    ip1                    ip2                    ip2                    ip3                    ip3                    v(e0)                  v(e0)                  v(e1)                  v(e1)                  v(f0)                  v(f0)                  v(f1)                  v(f1)                 
 1.000000000000000e+00 -2.855559259218131e-13 -4.493378526255792e-13  1.521154867669909e-17 -3.251678983583930e-17  3.950574047278445e-08  6.282981997251822e-06  1.442577501813034e-12  2.239448682951290e-12  7.151434036365851e-08 -4.544763713963966e-08  5.175207835854126e-12  2.420993163979639e-12  3.235777998333059e-05  6.287533876749196e-03 -3.564193276923326e-07  2.295933402067020e-07 
 1.029207941669012e+00 -2.975243556509645e-13 -4.547131128586019e-13  1.410444339162908e-17 -3.236598587719704e-17  4.184660640269467e-08  6.466479055099732e-06  1.503203348768523e-12  2.265549593265612e-12  7.031605244202746e-08 -4.600865381517859e-08  5.005020299440117e-12  2.181086828476397e-12  3.481866805524208e-05  6.471087125318421e-03 -3.503406862595060e-07  2.324527762978921e-07 
 1.059268987194564e+00 -3.097781198992078e-13 -4.598288427950922e-13  1.300073611057396e-17 -3.217071020893819e-17  4.432615824513910e-08  6.655334277413385e-06  1.565270557191170e-12  2.290301835365087e-12  6.908918715810824e-08 -4.654409752356597e-08  4.833642459494533e-12  1.953357873065998e-12  3.742110434226592e-05  6.659995976726982e-03 -3.441173702594590e-07  2.351815728250166e-07 
 1.090208053984336e+00 -3.223065165611203e-13 -4.646670738716909e-13  1.190345682132508e-17 -3.193074280393260e-17  4.695261152268083e-08  6.849704040997372e-06  1.628724587386346e-12  2.313613580627942e-12  6.783481504144992e-08 -4.705218890464107e-08  4.661436443501870e-12  1.737736192712116e-12  4.017319713794326e-05  6.854416629557850e-03 -3.377548316724935e-07  2.377707338250585e-07 
 1.122050787232198e+00 -3.350974281655407e-13 -4.692102738921213e-13  1.081569306613136e-17 -3.164611637309882e-17  4.973466842672010e-08  7.049749279095441e-06  1.693503728540809e-12  2.335395206852842e-12  6.655414825173992e-08 -4.753119263120349e-08  4.488777074756203e-12  1.534129322867559e-12  4.308352721888348e-05  7.054509843243735e-03 -3.312592401994648e-07  2.402114882933979e-07 
 1.154823581175345e+00 -3.481373360858826e-13 -4.734414790269031e-13  9.740564477920238e-18 -3.131712639333886e-17  5.268154665008566e-08  7.255635613485525e-06  1.759539172840042e-12  2.355559966229812e-12  6.524853915364286e-08 -4.797943063867844e-08  4.316049265170612e-12  1.342420617691687e-12  4.616117682013734e-05  7.260441071487207e-03 -3.246374757894117e-07  2.424953572876490e-07 
 1.188553600972313e+00 -3.614113490890432e-13 -4.773444269260265e-13  8.681195632864351e-18 -3.094433818643651e-17  5.580300992722182e-08  7.467533490342427e-06  1.826755162266575e-12  2.374024658622184e-12  6.391947745604017e-08 -4.839529546667176e-08  4.143645165897226e-12  1.162467721933494e-12  4.941576046195800e-05  7.472380599459683e-03 -3.178971138808333e-07  2.446142215677282e-07 
 1.223268805220007e+00 -3.749032466579100e-13 -4.809036891809319e-13  7.640687605725324e-18 -3.052859075452193e-17  5.910940038281375e-08  7.685618319969905e-06  1.895069210239651e-12  2.390710301208003e-12  6.256858587226724e-08 -4.877726353536428e-08  3.971961112290312e-12  9.941013748433280e-13  5.285745773313890e-05  7.690503684863293e-03 -3.110464031407516e-07  2.465603888727055e-07 
 1.258997969128395e+00 -3.885955372822781e-13 -4.841048012670257e-13  6.622088668721211e-18 -3.007099713374354e-17  6.261167279560360e-08  7.910070620506120e-06  1.964392399035663e-12  2.405542785003274e-12  6.119761428170290e-08 -4.912390817019517e-08  3.801394406418953e-12  8.371245792790689e-13  5.649704813964866e-05  7.914990702940857e-03 -3.040942356065640e-07  2.483266598873989e-07 
 1.295770708372101e+00 -4.024695316450778e-13 -4.869343880382575e-13  5.628364621311502e-18 -2.957294109523043e-17  6.632143089040564e-08  8.141076165708640e-06  2.034629752568975e-12  2.418453508494234e-12  5.980843240011023e-08 -4.943391218162937e-08  3.632339986280794e-12  6.913121628830887e-13  6.034594813082872e-05  8.146027295520894e-03 -2.970501092730843e-07  2.499063919186866e-07 
 1.333617503638648e+00 -4.165054303513160e-13 -4.893802828242315e-13  4.662369271592734e-18 -2.903607009892071e-17  7.025096577794769e-08  8.378826136927424e-06  2.105680682695497e-12  2.429379978507011e-12  5.840302099415928e-08 -4.970607980486622e-08  3.465187035711076e-12  5.564107505106678e-13  6.441625041923194e-05  8.383804524186465e-03 -2.899240833094510e-07  2.512935592924782e-07 
 1.372569725893698e+00 -4.306824255554023e-13 -4.914316382023591e-13  3.726815611646093e-18 -2.846228448960660e-17  7.441329666917458e-08  8.623517279376473e-06  2.177439505723402e-12  2.438266368563290e-12  5.698346170408743e-08 -4.993934780640654e-08  3.300315592535153e-12  4.321391586859596e-13  6.872076571433098e-05  8.628519027659239e-03 -2.827267262352739e-07  2.524828094935645e-07 
 1.412659662384253e+00 -4.449788155637748e-13 -4.930790265940226e-13  2.824248234617932e-18 -2.785372301311863e-17  7.882221399806691e-08  8.875352062816966e-06  2.249796024404398e-12  2.445064025365689e-12  5.555192556778253e-08 -5.013279557273002e-08  3.138093214588079e-12  3.181892135996573e-13  7.327306699480578e-05  8.880373183493100e-03 -2.754690575338782e-07  2.534695141136252e-07 
 1.453920543401338e+00 -4.593721311948725e-13 -4.943145289500461e-13  1.957017531331088e-18 -2.721274481986094e-17  8.349232509488088e-08  9.134538846767012e-06  2.322636169189018e-12  2.449731914655046e-12  5.411066036696407e-08 -5.028565400643154e-08  2.978871763547056e-12  2.142269845779759e-13  7.808753644922779e-05  9.139575274174890e-03 -2.681624833192138e-07  2.542498137248039e-07 
 1.496386569824383e+00 -4.738392724417173e-13 -4.951318099617322e-13  1.127256177533379e-18 -2.654190821226833e-17  8.843910256002793e-08  9.401292050355142e-06  2.395842691333074e-12  2.452236998554230e-12  5.266197694269268e-08 -5.039731307466709e-08  2.822984365309855e-12  1.198944152555231e-13  8.317941522061304e-05  9.406339657733935e-03 -2.608187268070329e-07  2.548206558957553e-07 
 1.540092941470106e+00 -4.883566537200168e-13 -4.955261784373728e-13  3.368583804058105e-19 -2.584394647459305e-17  9.367893549761316e-08  9.675832326936934e-06  2.469295899120883e-12  2.452554537553431e-12  5.120823465008735e-08 -5.046732787254086e-08  2.670742602396172e-12  3.481132529075710e-14  8.856485609684627e-05  9.680886942965939e-03 -2.534497544553954e-07  2.551798256581147e-07 
 1.585075886269422e+00 -5.029003558128605e-13 -4.954946317455280e-13 -4.125377048426469e-19 -2.512174120047133e-17  9.922918377696756e-08  9.958386743596105e-06  2.542874427606297e-12  2.450668311619658e-12  4.975182614341717e-08 -5.049542309211886e-08  2.522433989290238e-12 -4.142225334840059e-14  9.426097929616423e-05  9.963444169381634e-03 -2.460676987465330e-07  2.553259678740238e-07 
 1.631372690296536e+00 -5.174462824436083e-13 -4.950358834923630e-13 -1.119564048293870e-18 -2.437829359610309e-17  1.051082355003710e-07  1.024918896565346e-05  2.616456031372401e-12  2.446570756267201e-12  4.829516169683574e-08 -5.048149581347698e-08  2.378319775145952e-12 -1.092234493404165e-13  1.002859315053339e-04  1.025424499199525e-02 -2.386847786530146e-07  2.552586010863204e-07 
 1.679021728675137e+00 -5.319703193147075e-13 -4.941503739169465e-13 -1.783133050524078e-18 -2.361669428889528e-17  1.113355678656001e-07  1.054847944630890e-05  2.689918389343564e-12  2.440263011031034e-12  4.684065327829193e-08 -5.042561656656863e-08  2.238633110801789e-12 -1.690236846460412e-13  1.066589483373724e-04  1.055352987107285e-02 -2.313132188922652e-07  2.549781225973942e-07 
 1.728062497387283e+00 -5.464484933766376e-13 -4.928402628079008e-13 -2.402443911145265e-18 -2.284009220555141e-17  1.179318116229838e-07  1.085650562154368e-05  2.763139910321373e-12  2.431754879405644e-12  4.539069859983607e-08 -5.032802864335265e-08  2.103577608266037e-12 -2.212656223590868e-13  1.134004203861323e-04  1.086154626696560e-02 -2.239651691014657e-07  2.544858046783853e-07 
 1.778535646011378e+00 -5.608571300999323e-13 -4.911094050668349e-13 -2.976984987239422e-18 -2.205166310191806e-17  1.249188193383403e-07  1.117352211041152e-05  2.836000527968498e-12  2.421064700942169e-12  4.394766536762831e-08 -5.018914567381542e-08  1.973326311417075e-12 -2.663999888290605e-13  1.205319630667603e-04  1.117854884015808e-02 -2.166526240642930e-07  2.537837819835992e-07 
 1.830483011416337e+00 -5.751730065594542e-13 -4.889633093740870e-13 -3.506532163690749e-18 -2.125457832781946e-17  1.323197376855382e-07  1.149979092084900e-05  2.908382474158441e-12  2.408219137866846e-12  4.251387595083096e-08 -5.000954751070534e-08  1.848021086843586e-12 -3.048823307736059e-13  1.280764904438184e-04  1.150479965666640e-02 -2.093873460991305e-07  2.528750304030389e-07 
 1.883947652439902e+00 -5.893734982424945e-13 -4.864090807133775e-13 -3.991143351348541e-18 -2.045197439292159e-17  1.401590840055149e-07  1.183558166113684e-05  2.980171020135738e-12  2.393252880105441e-12  4.109159267777915e-08 -4.978997449911775e-08  1.727772433807670e-12 -3.371697680308750e-13  1.360582932630286e-04  1.184056839892556e-02 -2.021807906628375e-07  2.517633377443058e-07 
 1.938973885579839e+00 -6.034367176476344e-13 -4.834553478105193e-13 -4.431149317094264e-18 -1.964692386752418e-17  1.484628273824225e-07  1.218117175714506e-05  3.051255175726093e-12  2.376208274104122e-12  3.968300395404548e-08 -4.953132023645032e-08  1.612659702805398e-12 -3.637178007598235e-13  1.445031214178180e-04  1.218613258230930e-02 -1.950440361533999e-07  2.504532667835880e-07 
 1.995607321727592e+00 -6.173416429243020e-13 -4.801121767886965e-13 -4.827141129439085e-18 -1.884240810392250e-17  1.572584745022193e-07  1.253684667549582e-05  3.121528337769450e-12  2.357134882084714e-12  3.829021137704642e-08 -4.923462295318556e-08  1.502731703197975e-12 -3.849772264251573e-13  1.534382710984919e-04  1.254177777742964e-02 -1.879877187929677e-07  2.489501113512408e-07 
 2.053894903974864e+00 -6.310682350243223e-13 -4.763909725611618e-13 -5.179954571901495e-18 -1.804129220402045e-17  1.665751605744983e-07  1.290290015277873e-05  3.190888880075712e-12  2.336088979471234e-12  3.691521799909596e-08 -4.890105566649188e-08  1.398007672387832e-12 -4.013912170063375e-13  1.628926768896087e-04  1.290779783836596e-02 -1.810219733569670e-07  2.472598462259131e-07 
 2.113884946524443e+00 -6.445975421196416e-13 -4.723043696709994e-13 -5.490651931890495e-18 -1.724630258936560e-17  1.764437456147122e-07  1.327963443095368e-05  3.259240678638479e-12  2.313132999169922e-12  3.555991786621687e-08 -4.853191527850304e-08  1.298478572199033e-12 -4.133926007629727e-13  1.728970090999696e-04  1.328449513697583e-02 -1.741563803896540e-07  2.453890717110036e-07 
 2.175627174737531e+00 -6.579117902738659e-13 -4.678661144005095e-13 -5.760501613605214e-18 -1.646000745229350e-17  1.868969164012521e-07  1.366736049907671e-05  3.326493567028294e-12  2.288334931952424e-12  3.422608693101224e-08 -4.812861080077122e-08  1.204108672561505e-12 -4.214013858347370e-13  1.834837766298312e-04  1.367218080344144e-02 -1.673999203995149e-07  2.433449538153588e-07 
 2.239172766350782e+00 -6.709944596793749e-13 -4.630909400699497e-13 -5.990956049783143e-18 -1.568480028628192e-17  1.979692944401152e-07  1.406639834148395e-05  3.392563718527711e-12  2.261767692671719e-12  3.291537541041130e-08 -4.769265089771919e-08  1.114837378555308e-12 -4.258225553194815e-13  1.946874357009865e-04  1.407117497320584e-02 -1.607609353881642e-07  2.411351610165666e-07 
 2.304574393897195e+00 -6.838303460435085e-13 -4.579944374712190e-13 -6.183628398004969e-18 -1.492288661282288e-17  2.096975502892129e-07  1.447707719256864e-05  3.457373952946273e-12  2.233508462164773e-12  3.162930162947394e-08 -4.722563094394978e-08  1.030581254360922e-12 -4.270441554814094e-13  2.065445047976400e-04  1.448180704045362e-02 -1.542470979164053e-07  2.387677985947074e-07 
 2.371886268366043e+00 -6.964056069885611e-13 -4.525929223786105e-13 -6.340268503335452e-18 -1.417627394140458e-17  2.221205246147695e-07  1.489973579828475e-05  3.520853967476283e-12  2.203638014669994e-12  3.036924736470792e-08 -4.672921978906468e-08  9.512361964781914e-13 -4.254356906964321e-13  2.190936861891827e-04  1.490441591828885e-02 -1.478653877706986e-07  2.362513415175620e-07 
 2.441164184138009e+00 -7.087077936049573e-13 -4.469033020103843e-13 -6.462738593238580e-18 -1.344676492551148e-17  2.352793563738148e-07  1.533472268450979e-05  3.582940492336107e-12  2.172240040234837e-12  2.913645467240796e-08 -4.620514641861671e-08  8.766797089666319e-13 -4.213468310358156e-13  2.323759944303178e-04  1.533935030576186e-02 -1.416220761519934e-07  2.335945668319549e-07 
 2.512465565232792e+00 -7.207258675464514e-13 -4.409429422392417e-13 -6.552989141348953e-18 -1.273595360882678e-17  2.492176185395238e-07  1.578239643239727e-05  3.643577373207859e-12  2.139400471198116e-12  2.793202416382453e-08 -4.565518669052255e-08  8.067732349780625e-13 -4.151064310314506e-13  2.464348922591218e-04  1.578696896189322e-02 -1.355227171890659e-07  2.308064864682372e-07 
 2.585849512907513e+00 -7.324502042794655e-13 -4.347295372160013e-13 -6.613035299703469e-18 -1.204522459671243e-17  2.639814618101837e-07  1.624312596084679e-05  3.702715583601125e-12  2.105206821149541e-12  2.675691466599796e-08 -4.508115031360486e-08  7.413645015495659e-13 -4.070218516334231e-13  2.613164343399446e-04  1.624764098683953e-02 -1.295721464626116e-07  2.278962813001829e-07 
 2.661376854645358e+00 -7.438725832818147e-13 -4.282809829098887e-13 -6.644934252506445e-18 -1.137575493765502e-17  2.796197667679261e-07  1.671729081621671e-05  3.760313171195711e-12  2.069747543951551e-12  2.561194418723064e-08 -4.448486821894099e-08  6.802898381601394e-13 -3.973785715319060e-13  2.770694193254018e-04  1.672174611034128e-02 -1.237744861263156e-07  2.248732372210802e-07 
 2.739110194575098e+00 -7.549861661663498e-13 -4.216152559082977e-13 -6.650763794938403e-18 -1.072851846064932e-17  2.961843049801192e-07  1.720528146940035e-05  3.816335143123036e-12  2.033111419590206e-12  2.449779209089804e-08 -4.386818045851323e-08  6.233764338677381e-13 -3.864400692595206e-13  2.937455507400043e-04  1.720967498758694e-02 -1.181331561341426e-07  2.217466839144702e-07 
 2.819113965363243e+00 -7.657854638195941e-13 -4.147502986262973e-13 -6.632602385205745e-18 -1.010429228468833e-17  3.137299095645627e-07  1.770749962038245e-05  3.870753295719749e-12  1.995386972646140e-12  2.341500236820317e-08 -4.323292474595086e-08  5.704445025322833e-13 -3.744479535550008e-13  3.113996072175199e-04  1.771182950262167e-02 -1.126508910174145e-07  2.185259368979306e-07 
 2.901454481621869e+00 -7.762662937362177e-13 -4.077039118694126e-13 -6.592510864253235e-18 -9.503665199077523e-18  3.323146557693989e-07  1.822435851038661e-05  3.923545994739635e-12  1.956661928130276e-12  2.236398789053138e-08 -4.258092573442116e-08  5.213093307181969e-13 -3.616223166962872e-13  3.300896226549387e-04  1.822862307942085e-02 -1.073297616054888e-07  2.152202433181586e-07 
 2.986199994876374e+00 -7.864257288099506e-13 -4.004936555178032e-13 -6.532515983059909e-18 -8.927047603878555e-18  3.520000521500846e-07  1.875628324171860e-05  3.974697912408522e-12  1.917022708537513e-12  2.134503551736826e-08 -4.191398510799732e-08  4.757831879350571e-13 -3.481622836094870e-13  3.498770768778064e-04  1.876048100074094e-02 -1.021712010604266e-07  2.118387318807301e-07 
 3.073420750138726e+00 -7.962620388303881e-13 -3.931367578756806e-13 -6.454595824956833e-18 -8.374682700114077e-18  3.728512429588752e-07  1.930371110540251e-05  4.024199727644310e-12  1.876553974843315e-12  2.035831193116398e-08 -4.123387254106577e-08  4.336770839102241e-13 -3.342467285534599e-13  3.708270974452640e-04  1.930784073485016e-02 -9.717603457371626e-08  2.083903671876822e-07 
 3.163189044133109e+00 -8.057746259953438e-13 -3.856500340723115e-13 -6.360667164197332e-18 -7.846658628080009e-18  3.949372223971987e-07  1.986709191669854e-05  4.072047796063125e-12  1.835338213364444e-12  1.940387007220028e-08 -4.054231756493959e-08  3.948023624227790e-13 -3.200351311351198e-13  3.930086732578821e-04  1.987115227023161e-02 -9.234451208162036e-08  2.048839086781538e-07 
 3.255579285222206e+00 -8.149639556604897e-13 -3.780498137009578e-13 -6.252574756744793e-18 -7.342921265942975e-18  4.183310614180806e-07  2.044688835858103e-05  4.118243795944153e-12  1.793455369403176e-12  1.848165604769501e-08 -3.984100235981144e-08  3.589721256411228e-13 -3.056685438762452e-13  4.164948806680488e-04  2.045087845833940e-02 -8.767634336257134e-08  2.013278742610338e-07 
 3.350668055083819e+00 -8.238314835432495e-13 -3.703518777406266e-13 -6.132082522851974e-18 -6.863287421456702e-18  4.431101478045430e-07  2.104357633324433e-05  4.162794356296936e-12  1.750982527875331e-12  1.759151639517198e-08 -3.913155547643696e-08  3.260024869750750e-13 -2.912706448132171e-13  4.413631228308531e-04  2.104749536447567e-02 -8.317073490943884e-08  1.977305086591540e-07 
 3.448534172188929e+00 -8.323795805088322e-13 -3.625714046402351e-13 -6.000866548117120e-18 -6.407458172883875e-18  4.693564402907185e-07  2.165764532169125e-05  4.205710672719619e-12  1.707993640293050e-12  1.673320558561767e-08 -3.841554647627285e-08  2.957136539614849e-13 -2.769488502303045e-13  4.676953830736668e-04  2.166149262684220e-02 -7.882642799784527e-08  1.940997564054287e-07 
 3.549258757133818e+00 -8.406114559988943e-13 -3.547229253439267e-13 -5.860509803955209e-18 -5.975032142821729e-18  4.971567375353854e-07  2.228959875144442e-05  4.247008116394690e-12  1.664559296963207e-12  1.590639366122010e-08 -3.769448146686790e-08  2.679308457721399e-13 -2.627954646764627e-13  4.955784931046710e-04  2.229337382380469e-02 -7.464173741877343e-08  1.904432393713271e-07 
 3.652925299880412e+00 -8.485310810895421e-13 -3.468202869112193e-13 -5.712498468269582e-18 -5.565518515773352e-18  5.266029628028563e-07  2.293995437240471e-05  4.286705841189984e-12  1.620746542631610e-12  1.511067391065374e-08 -3.696979949930311e-08  2.424850523726275e-13 -2.488888477023466e-13  5.251044169249776e-04  2.294365684939023e-02 -7.061459038523581e-08  1.867682386575555e-07 
 3.759619728960577e+00 -8.561431119901039e-13 -3.388766243007378e-13 -5.558219711492943e-18 -5.178349639937827e-18  5.577924652537005e-07  2.360924464086238e-05  4.324826392948945e-12  1.576618733386737e-12  1.434557049488317e-08 -3.624286978219865e-08  2.192136443762352e-13 -2.352945791460353e-13  5.563705513555422e-04  2.361287429701953e-02 -6.674256517404647e-08  1.830816806151870e-07 
 3.869430482701723e+00 -8.634528148177396e-13 -3.309043398194011e-13 -5.398960804926175e-18 -4.812893081601529e-18  5.908283387978086e-07  2.429801711164643e-05  4.361395325165019e-12  1.532235432285553e-12  1.361054594681490e-08 -3.551498966558576e-08  1.979608440916692e-13 -2.220666073482308e-13  5.894800441390559e-04  2.430157385145428e-02 -6.302292911553289e-08  1.793901267592317e-07 
 3.982448582532772e+00 -8.704659922534727e-13 -3.229150896969909e-13 -5.235909402052551e-18 -4.468463028115589e-18  6.258197595148421e-07  2.500683483837449e-05  4.396440824082155e-12  1.487652340970569e-12  1.290500847886740e-08 -3.478738333701804e-08  1.785780692981797e-13 -2.092483670907850e-13  6.245421306284639e-04  2.501031868891648e-02 -5.945267559917014e-08  1.756997672820357e-07 
 4.098767708431228e+00 -8.771889126686040e-13 -3.149197771798393e-13 -5.070154843427251e-18 -4.144330960848966e-18  6.628823427023247e-07  2.573627678174023e-05  4.429993346169285e-12  1.442921264206567e-12  1.222831904146945e-08 -3.406120117259524e-08  1.609241618819015e-13 -1.968738564795642e-13  6.616724901280721e-04  2.573968788531089e-02 -5.602855980798627e-08  1.720164178752404e-07 
 4.218484276573917e+00 -8.836282421895310e-13 -3.069285515646601e-13 -4.902690337952288e-18 -3.839735543648624e-18  7.021385206695681e-07  2.648693822574674e-05  4.462085270312631e-12  1.398090104405990e-12  1.157979808738903e-08 -3.333751968237356e-08  1.448655137417381e-13 -1.849686642349417e-13  7.009936230099548e-04  2.649027683245286e-02 -5.274713295477621e-08  1.683455195534252e-07 
 4.341697519255732e+00 -8.897909800214957e-13 -2.989508125227654e-13 -4.734415878362871e-18 -3.553891692694887e-18  7.437179424564232e-07  2.725943120176292e-05  4.492750566317768e-12  1.353202882868750e-12  1.095873200362720e-08 -3.261734198684550e-08  1.302761022841994e-13 -1.735509409286018e-13  7.426352497884847e-04  2.726269766217254e-02 -4.960477482818378e-08  1.646921411584103e-07 
 4.468509567142647e+00 -8.956843973787976e-13 -2.909952191472839e-13 -4.566141756693097e-18 -3.285998813332644e-18  7.877578967195776e-07  2.805438492024458e-05  4.522024481454613e-12  1.308299784859797e-12  1.036437918449267e-08 -3.190159876602329e-08  1.170374475600396e-13 -1.626323096138552e-13  7.867347333983473e-04  2.805757967813102e-02 -4.659772451592761e-08  1.610609842481046e-07 
 4.599025533927170e+00 -9.013159801538869e-13 -2.830697030810672e-13 -4.398592554569557e-18 -3.035248204768078e-18  8.344037590958984e-07  2.887244620992372e-05  4.549943245685795e-12  1.263417225296622e-12  9.795975724108779e-09 -3.119114961875735e-08  1.050385025558092e-13 -1.522187129735641e-13  8.334375259877226e-04  2.887556979514571e-02 -4.372210919683675e-08  1.574563900540292e-07 
 4.733353603456411e+00 -9.066933755035574e-13 -2.751814851866476e-13 -4.232411493113831e-18 -2.800829647741912e-18  8.838094654222304e-07  2.971427996422595e-05  4.576543796456068e-12  1.218587932322547e-12  9.252740717034718e-09 -3.048678477658891e-08  9.417548751712697e-14 -1.423111955625140e-13  8.828976416071687e-04  2.971733298577951e-02 -4.097397094517564e-08  1.538823482257171e-07 
 4.871605119404973e+00 -9.118243423750694e-13 -2.673370951853235e-13 -4.068165038527919e-18 -2.581937200761025e-18  9.361380122641657e-07  3.058056959462905e-05  4.601863523130910e-12  1.173841045888151e-12  8.733881159844430e-09 -2.978922711581239e-08  8.435167838565701e-14 -1.329066209854119e-13  9.352781562474485e-04  3.058355273390084e-02 -3.834929151237908e-08  1.503425070770159e-07 
 5.013894677567013e+00 -9.167167060026282e-13 -2.595423937612327e-13 -3.906347670947941e-18 -2.377774240016849e-18  9.915619862827465e-07  3.147201749062342e-05  4.625940031213059e-12  1.129202228800575e-12  8.238596453535337e-09 -2.909913441700692e-08  7.547715861452665e-14 -1.239983249046954e-13  9.907517367552688e-04  3.147493149487044e-02 -3.584401508633302e-08  1.468401850777399e-07 
 5.160340220843959e+00 -9.213783163199190e-13 -2.518025966510176e-13 -3.747386734691467e-18 -2.187557784149191e-18  1.050264124047831e-06  3.238934548587744e-05  4.648810926038140e-12  1.084693787833770e-12  7.766082511092637e-09 -2.841710182357321e-08  6.746854272130850e-14 -1.155767056005470e-13  1.049501200235228e-03  3.239219116195292e-02 -3.345406905100964e-08  1.433783833457353e-07 
 5.311063137006625e+00 -9.258170101848480e-13 -2.441223002639196e-13 -3.591647300104077e-18 -2.010522150359101e-18  1.112437903990076e-06  3.333329533014739e-05  4.670513615398329e-12  1.040334802619966e-12  7.315535478244164e-09 -2.774366445444394e-08  6.024867906310462e-14 -1.076297545158539e-13  1.111720105629130e-03  3.333607353848844e-02 -3.117538278801529e-08  1.399597989128022e-07 
 5.466188359312754e+00 -9.300405773333203e-13 -2.365055084485498e-13 -3.439436976413952e-18 -1.845921991099214e-18  1.178288172270200e-06  3.430462916640227e-05  4.691085130650090e-12  9.961412603932933e-13  6.886155079877489e-09 -2.707930013177377e-08  5.374633842336354e-14 -1.001435296895159e-13  1.177613379250056e-03  3.430734081529065e-02 -2.900390458358013e-08  1.365868385665583e-07 
 5.625844470063392e+00 -9.340567298880303e-13 -2.289556600295170e-13 -3.291010626444368e-18 -1.693034762758751e-18  1.248031804434377e-06  3.530413001255689e-05  4.710561965401226e-12  9.521261947067345e-13  6.477147606278301e-09 -2.642443218631250e-08  4.789589416367803e-14 -9.310257540068010e-14  1.247397976138664e-03  3.530677605266087e-02 -2.693561671340439e-08  1.332616330799189e-07 
 5.790163807183937e+00 -9.378730752520105e-13 -2.214756567915115e-13 -3.146574941629797e-18 -1.551162677728025e-18  1.321898404818365e-06  3.633260224712304e-05  4.728979930892465e-12  9.082998265152779e-13  6.087728555996861e-09 -2.577943230793519e-08  4.263699886931942e-14 -8.649029154376142e-14  1.321303579202591e-03  3.633518366632467e-02 -2.496654879090974e-08  1.299860516640468e-07 
 5.959282573918189e+00 -9.414970922070597e-13 -2.140678916297195e-13 -3.006292845364976e-18 -1.419634191007286e-18  1.400131045760209e-06  3.739087209799638e-05  4.746374027140991e-12  8.646697062272028e-13  5.717124953806186e-09 -2.514462341276060e-08  3.791426167135387e-14 -8.028925643092075e-14  1.399573338196994e-03  3.739338991650595e-02 -2.309278947270903e-08  1.267617165006825e-07 
 6.133340951726351e+00 -9.449361100423058e-13 -2.067342766131071e-13 -2.870287699460334e-18 -1.297805071309605e-18  1.482987048782124e-06  3.847978813349568e-05  4.762778328936311e-12  8.212408554638176e-13  5.364577363050732e-09 -2.452028250230073e-08  3.367692973444029e-14 -7.448150674493246e-14  1.482464650704855e-03  3.848224339925255e-02 -2.131049661918664e-08  1.235900172299750e-07 
 6.312483216480536e+00 -9.481972904841029e-13 -1.994762707401540e-13 -2.738647295686657e-18 -1.185059104110989e-18  1.570738810006284e-06  3.960022175466109e-05  4.778225885508202e-12  7.780159074468279e-13  5.029341612338307e-09 -2.390664349219852e-08  2.987857675136497e-14 -6.904877835648294e-14  1.570249987379830e-03  3.960261553901787e-02 -1.961590601160072e-08  1.204721252807190e-07 
 6.496857858054116e+00 -9.512876121926595e-13 -1.922949072153161e-13 -2.611427619530816e-18 -1.080808472359050e-18  1.663674672176787e-06  4.075306768769700e-05  4.792748632660845e-12  7.349952451816752e-13  4.710690257256356e-09 -2.330389999141745e-08  2.647680073503467e-14 -6.397271161778414e-14  1.663217763821785e-03  4.075540108138204e-02 -1.800533873073521e-08  1.174090079467061e-07 
 6.686617703404022e+00 -9.542138577394139e-13 -1.851908200887785e-13 -2.488656379363764e-18 -9.844938571156791e-19  1.762099845770703e-06  4.193924447531360e-05  4.806377316905874e-12  6.921771366460650e-13  4.407913797339772e-09 -2.271220801941488e-08  2.343293287483749e-14 -5.923502464202266e-14  1.761673261565955e-03  4.194151858466560e-02 -1.647520729895080e-08  1.144014421462896e-07 
 6.881920043248029e+00 -9.569826026371361e-13 -1.781642701038858e-13 -2.370336297212511e-18 -8.955842976716756e-19  1.866337381794829e-06  4.315969496557674e-05  4.819141429413209e-12  6.495578662858456e-13  4.120321667673733e-09 -2.213168864292165e-08  2.071175878740058e-14 -5.481765788046873e-14  1.865939600780353e-03  4.316191090904361e-02 -1.502202068520761e-08  1.114500277727815e-07 
 7.082926762442021e+00 -9.596002065510170e-13 -1.712151697272828e-13 -2.256448162485131e-18 -8.135768478214455e-19  1.976729198981205e-06  4.441538679671906e-05  4.831069150400604e-12  6.071318626472247e-13  3.847243026556418e-09 -2.156243053005142e-08  1.828125311170979e-14 -5.070289315914306e-14  1.976358767382395e-03  4.441754570161235e-02 -1.364238827955641e-08  1.085552006244274e-07 
 7.289804474165311e+00 -9.620728061448725e-13 -1.643431071848565e-13 -2.146953651421780e-18 -7.379960610764699e-19  2.093637168213393e-06  4.570731287619349e-05  4.842187301177083e-12  5.648918213818505e-13  3.588027355774310e-09 -2.100449240509698e-08  1.611232804925365e-14 -4.687345009374823e-14  2.093292697405026e-03  4.570941587568886e-02 -1.233302292314222e-08  1.057172448301335e-07 
 7.502724658025233e+00 -9.644063096377946e-13 -1.575473695099495e-13 -2.041797918427119e-18 -6.683933352147183e-19  2.217444257136524e-06  4.703649185206408e-05  4.852521304194435e-12  5.228288236342874e-13  3.342044893225974e-09 -2.045790540423052e-08  1.417859618709506e-14 -4.331256261214720e-14  2.217124421563428e-03  4.703854008243771e-02 -1.109074309201949e-08  1.029363047723186e-07 
 7.721863802195491e+00 -9.666063927635689e-13 -1.508269645699162e-13 -1.940911967348392e-18 -6.043461430914123e-19  2.348555738026801e-06  4.840396857462542e-05  4.862095149537956e-12  4.809324497186078e-13  3.108686915200866e-09 -1.992267532468107e-08  1.245614769638553e-14 -4.000403809529553e-14  2.348259273096233e-03  4.840596317271550e-02 -9.912474323135314e-09  1.002123964698883e-07 
 7.947403549706071e+00 -9.686784960543251e-13 -1.441806419830928e-13 -1.844214811633340e-18 -5.454571737584502e-19  2.487400462119946e-06  4.981081454592091e-05  4.870931367411623e-12  4.391908876708709e-13  2.887365883241295e-09 -1.939878476657584e-08  1.092334180662097e-14 -3.693230141881876e-14  2.487126162079231e-03  4.981275664680393e-02 -8.795249957619384e-09  9.754541841701197e-08 
 8.179530849005983e+00 -9.706278232066498e-13 -1.376069129815362e-13 -1.751615433711631e-18 -4.913534051740821e-19  2.634432203722284e-06  5.125812835459012e-05  4.879051005394166e-12  3.975910370295638e-13  2.677515472331677e-09 -1.888619516419304e-08  9.560612299419770e-15 -3.408242597497369e-14  2.634178919533621e-03  5.126001908946035e-02 -7.736211286491792e-09  9.493516186204376e-08 
 8.418438108923633e+00 -9.724593404254116e-13 -1.311040691902463e-13 -1.663014554660351e-18 -4.416851272783522e-19  2.790131077552162e-06  5.274703609321367e-05  4.886473609901642e-12  3.561186077457036e-13  2.478590493998112e-09 -1.838484870733074e-08  8.350286643077866e-15 -3.144015355145291e-14  2.789897714775101e-03  5.274887658745527e-02 -6.732607167314463e-09  9.238132053017856e-08 
 8.664323358153261e+00 -9.741777765811437e-13 -1.246702003142320e-13 -1.578306225841146e-18 -3.961249316142141e-19  2.955005032882135e-06  5.427869175504142e-05  4.893217210998533e-12  3.147582142518760e-13  2.290066727206721e-09 -1.789467015300868e-08  7.276418289376820e-15 -2.899190475375705e-14  2.954790549572971e-03  5.428048312648184e-02 -5.781793177169854e-09  8.988349979111880e-08 
 8.917390409399658e+00 -9.757876242137914e-13 -1.183032108166729e-13 -1.497379253981400e-18 -3.543666815823703e-19  3.129591428172910e-06  5.585427760668165e-05  4.899298310707619e-12  2.734934651245311e-13  2.111440670498092e-09 -1.741556853200252e-08  6.324631585206426e-15 -2.672478146781492e-14  3.129394832808876e-03  5.585602096401605e-02 -4.881230368922517e-09  8.744122529489934e-08 
 9.177849028317210e+00 -9.772931409328470e-13 -1.120008355253958e-13 -1.420118471179513e-18 -3.161244752605488e-19  3.314458690007116e-06  5.747500453299654e-05  4.904731872518445e-12  2.323070482042382e-13  1.942229224875087e-09 -1.694743874619889e-08  5.481978698365334e-15 -2.462656269099320e-14  3.314279039442314e-03  5.747670097437218e-02 -4.028483680949240e-09  8.505395105576350e-08 
 9.445915107383296e+00 -9.786983514827288e-13 -1.057606542805880e-13 -1.346405861859523e-18 -2.811316110593121e-19  3.510208060243244e-06  5.914211235008777e-05  4.909531313429785e-12  1.911808117021208e-13  1.781969319227927e-09 -1.649016306663753e-08  4.736807927111733e-15 -2.268569491539804e-14  3.510044457702056e-03  5.914376296183839e-02 -3.221220057644831e-09  8.272106703415550e-08 
 9.721810844850186e+00 -9.800070500752041e-13 -9.958010560636256e-14 -1.276121557510740e-18 -2.491395645492250e-19  3.717475435415938e-06  6.085687008186681e-05  4.913708496498289e-12  1.500958413879865e-13  1.630217486617823e-09 -1.604361252996369e-08  4.078642739564897e-15 -2.089127808648416e-14  3.717327028528853e-03  6.085847593738695e-02 -2.457206324590166e-09  8.044190620563336e-08 
 1.000576492892374e+01 -9.812228031779452e-13 -9.345649949331029e-14 -1.209144710214256e-18 -2.199169836566732e-19  3.936933302506309e-06  6.262057619528180e-05  4.917273724825955e-12  1.090325342965268e-13  1.486549400678901e-09 -1.560764824174755e-08  3.498070888877454e-15 -1.923304803890850e-14  3.936799281392145e-03  6.262213835403159e-02 -1.734306863532863e-09  7.821575115957955e-08 
 1.029801272732159e+01 -9.823489523205576e-13 -8.738702926570089e-14 -1.145354255353867e-18 -1.932487077382406e-19  4.169292775293142e-06  6.443455878881863e-05  4.920235734756367e-12  6.797066904533951e-14  1.350559378592822e-09 -1.518212258450231e-08  2.986642947241866e-15 -1.770135618955643e-14  4.169172370691018e-03  6.443607829544960e-02 -1.050481121967178e-09  7.604184021702320e-08 
 1.059879648236794e+01 -9.833886173119820e-13 -8.136878268972038e-14 -1.084629573341631e-18 -1.689348152608768e-19  4.415305735570167e-06  6.630017572840142e-05  4.922601690261481e-12  2.688947348868716e-14  1.221859859275830e-09 -1.476688034211023e-08  2.536779619630716e-15 -1.628714715941098e-14  4.415198217023704e-03  6.630165361199492e-02 -4.037809981522454e-10  7.391937312703239e-08 
 1.090836551178667e+01 -9.843446992398375e-13 -7.539875223293717e-14 -1.026851059786909e-18 -1.467897034242625e-19  4.675767083573483e-06  6.821881472428965e-05  4.924377175322769e-12 -1.423231041872406e-14  1.100080860681350e-09 -1.436175973577782e-08  2.141687209666869e-15 -1.498193490194758e-14  4.675671757669316e-03  6.822025199769900e-02  2.076518752796369e-10  7.184751631714952e-08 
 1.122697641535919e+01 -9.852198838175838e-13 -6.947384465224139e-14 -9.719006128585115e-19 -1.266412025257164e-19  4.951517102003400e-06  7.019189334199830e-05  4.925566187159584e-12 -5.541636377009347e-14  9.848694236923717e-10 -1.396659338550633e-08  1.795280637936990e-15 -1.377777782795189e-14  4.951433310665355e-03  7.019329100128736e-02  7.855889151172516e-10  6.982540776876361e-08 
 1.155489328761837e+01 -9.860166444898680e-13 -6.359088988255257e-14 -9.196620460455268e-19 -1.083297268553340e-19  5.243443938043205e-06  7.222085893965570e-05  4.926171127338988e-12 -9.668472966990729e-14  8.758890461814622e-10 -1.358120919295758e-08  1.492113434859328e-15 -1.266725334097140e-14  5.243371056883112e-03  7.222221796362571e-02  1.331717417499494e-09  6.785216149704253e-08 
 1.189238793675479e+01 -9.867372454803135e-13 -5.774664928484632e-14 -8.700214336162646e-19 -9.170746333104220e-20  5.552486207769527e-06  7.430718852355566e-05  4.926192791688576e-12 -1.380597536580005e-13  7.728191116497768e-10 -1.320543115362980e-08  1.227314159710888e-15 -1.164343212585371e-14  5.552423644495217e-03  7.430850987335348e-02  1.847643413044947e-09  6.592687167543302e-08 
 1.223974010991678e+01 -9.873837449355392e-13 -5.193782335688265e-14 -8.228673967290470e-19 -7.663759865365948e-20  5.879635727310854e-06  7.645238851295566e-05  4.925630359807446e-12 -1.795640250125164e-13  6.753543168767310e-10 -1.283908010495712e-08  9.965287287873321e-16 -1.069985249053446e-14  5.879582920191437e-03  7.645367313175706e-02  2.334894525992760e-09  6.404861643849039e-08 
 1.259723772509109e+01 -9.879579975525729e-13 -4.616105885489091e-14 -7.780913354677446e-19 -6.299358502644079e-20  6.225940375037022e-06  7.865799440441712e-05  4.924481381105153e-12 -2.212203187786472e-13  5.832041004099307e-10 -1.248197440653805e-08  7.958681624359958e-16 -9.830494979864344e-15  6.225896791425345e-03  7.865924321717802e-02  2.794922824696629e-09  6.221646134420482e-08 
 1.296517710975623e+01 -9.884616574521618e-13 -4.041295551041405e-14 -7.355876139898179e-19 -5.065844441289528e-20  6.592507088948432e-06  8.092557032517710e-05  4.922741761241081e-12 -2.630515377712960e-13  4.960920764896654e-10 -1.213393056712954e-08  6.218612957929645e-16 -9.029757468994090e-15  6.592472223860203e-03  8.092678423844776e-02  3.229107645025709e-09  6.042946256992179e-08 
 1.334386324650640e+01 -9.888961804701377e-13 -3.469007224925833e-14 -6.952537032078541e-19 -3.952411068516574e-20  6.980505003272102e-06  8.325670846417875e-05  4.920405744828227e-12 -3.050806544783952e-13  4.137554749094078e-10 -1.179476381157635e-08  4.714120244376944e-16 -8.292430874353119e-15  6.980478378021036e-03  8.325788836597467e-02  3.638758379411565e-09  5.868666980772597e-08 
 1.373361002584963e+01 -9.892628265415478e-13 -2.898893308921380e-14 -6.569902869924857e-19 -2.949080899842013e-20  7.391168728056641e-06  8.565302836846951e-05  4.917465897858087e-12 -3.473306521000150e-13  3.359445904918329e-10 -1.146428860036072e-08  3.417606892174107e-16 -7.613675613433493e-15  7.391149888944710e-03  8.565417512819443e-02  4.025117217177493e-09  5.698712892362923e-08 
 1.413474050638960e+01 -9.895626614720320e-13 -2.330603265871963e-14 -6.207013353805092e-19 -2.046647134059572e-20  7.825801775281411e-06  8.811617609169978e-05  4.913913086361163e-12 -3.898244644795511e-13  2.624222425462713e-10 -1.114231909678503e-08  2.304492311006303e-16 -6.988998889996705e-15  7.825790292343163e-03  8.811729056011550e-02  4.389361830309178e-09  5.532988435583906e-08 
 1.454758718260685e+01 -9.897965588656371e-13 -1.763784147350068e-14 -5.862941500426927e-19 -1.236618716946370e-20  8.285780134648894e-06  9.064782318041918e-05  4.909736455239295e-12 -4.325849144002410e-13  1.929632468080419e-10 -1.082866959458122e-08  1.352897762711357e-16 -6.414232883699066e-15  8.285775600448594e-03  9.064890618965815e-02  4.732607996747236e-09  5.371398131671411e-08 
 1.497249226046130e+01 -9.899652012610967e-13 -1.198081092907480e-14 -5.536793846908303e-19 -5.111687859321616e-21  8.772556001803277e-06  9.324966548276930e-05  4.904923402624069e-12 -4.756346497572369e-13  1.273538999680811e-10 -1.052315489824887e-08  5.433633734460178e-17 -5.885513876292348e-15  8.772558030283628e-03  9.325071784638540e-02  5.055912155289660e-09  5.213846776038929e-08 
 1.540980794104458e+01 -9.900690815963287e-13 -6.331378166446762e-15 -5.227710446028253e-19  1.369136420598404e-21  9.287661661203730e-06  9.592342176301475e-05  4.899459555481865e-12 -5.189960771516603e-13  6.539147896127487e-11 -1.022559067195145e-08 -1.414065833520111e-17 -5.399262351105809e-15  9.287669886584657e-03  9.592444427606908e-02  5.360273887903509e-09  5.060239619578936e-08 
 1.585989671251729e+01 -9.901085038016579e-13 -6.859707384196124e-16 -4.934864676311341e-19  7.142688766338610e-21  9.832713525264779e-06  9.867083210413304e-05  4.893328740602766e-12 -5.626912923897257e-13  6.883754403628171e-12 -9.935793746562380e-09 -7.167727790008472e-17 -4.952164071186286e-15  9.832727600990887e-03  9.867182554331026e-02  5.646638325703045e-09  4.910482529346550e-08 
 1.632313165057305e+01 -9.900835832270023e-13  4.958988800076215e-15 -4.657462897499782e-19  1.227008800703177e-20  1.040941633064819e-05  1.014936560794034e-04  4.886512954671889e-12 -6.067420073573800e-13 -4.835148041226322e-11 -9.653582395702937e-09 -1.196366726860977e-16 -4.541152140852635e-15  1.040943592838332e-02  1.014946212031561e-01  5.915898475831756e-09  4.764482134108814e-08 
 1.679989672767859e+01 -9.899942471092404e-13  1.060707834842045e-14 -4.394743977867038e-19  1.680756304418615e-20  1.101956749173571e-05  1.043936706725936e-04  4.878992334622338e-12 -6.511694729810840e-13 -1.004868647872578e-10 -9.378776585000290e-09 -1.592275704530788e-16 -4.163390043633487e-15  1.101959230040302e-02  1.043946082213114e-01  6.168897469752748e-09  4.622145956905003e-08 
 1.729058713134605e+01 -9.898402343489095e-13  1.626187171048141e-14 -4.145978707354199e-19  2.080682051693211e-20  1.166506161031661e-05  1.073726679249473e-04  4.870745124885047e-12 -6.959943973025457e-13 -1.496859098530732e-10 -9.111198189578479e-09 -1.915208726077433e-16 -3.816255632134793e-15  1.166509133518254e-02  1.073735786211479e-01  6.406430727511178e-09  4.483382532226700e-08 
 1.779560959170137e+01 -9.896210947840341e-13  2.192693405523792e-14 -3.910469121884724e-19  2.431538726692151e-20  1.234789513937163e-05  1.104324522857228e-04  4.861747642689462e-12 -7.412368585161834e-13 -1.961034222378380e-10 -8.850671184444311e-09 -2.174645412837640e-16 -3.497326053086754e-15  1.234792950117229e-02  1.104333368342621e-01  6.629248041594042e-09  4.348101510162544e-08 
 1.831538271862029e+01 -9.893361891063643e-13  2.760581720447053e-14 -3.687547756938388e-19  2.737692894474947e-20  1.307017119750920e-05  1.135748376415366e-04  4.851974247438821e-12 -7.869162124728931e-13 -2.398859108587465e-10 -8.597021820128115e-09 -2.378969435240223e-16 -3.204363580169764e-15  1.307020993161734e-02  1.135756967298365e-01  6.838055580836241e-09  4.216213753750262e-08 
 1.885033734871138e+01 -9.889846869511998e-13  3.330205487296909e-14 -3.476576835508981e-19  3.003154628257455e-20  1.383410452909146e-05  1.168016439982266e-04  4.841397302222276e-12 -8.330509933904322e-13 -2.811719785223311e-10 -8.350078762979496e-09 -2.535588064630320e-16 -2.935302314087543e-15  1.383414738472260e-02  1.168024782965169e-01  7.033517808887630e-09  4.087631419355558e-08 
 1.940091690243374e+01 -9.885655663205342e-13  3.901915770191769e-14 -3.276947418238359e-19  3.231605025034129e-20  1.464202660335858e-05  1.201146937873772e-04  4.829987143488113e-12 -8.796588086487695e-13 -3.200926974107794e-10 -8.109673230475775e-09 -2.651039208308090e-16 -2.688235728690920e-15  1.464207334281468e-02  1.201155039489512e-01  7.216259331187428e-09  3.962268035177273e-08 
 1.996757775164537e+01 -9.880776114353965e-13  4.476060800622492e-14 -3.088078513404868e-19  3.426421741740087e-20  1.549639084389757e-05  1.235158077680595e-04  4.817712045032696e-12 -9.267562250772170e-13 -3.567719684678498e-10 -7.875639097256956e-09 -2.731087185928398e-16 -2.461405014555445e-15  1.549644124184656e-02  1.235165944295399e-01  7.386866654372741e-09  3.840038566005507e-08 
 2.055078959788689e+01 -9.875194111497172e-13  5.052985437122155e-14 -2.909416164769245e-19  3.590702688154292e-20  1.639977797758560e-05  1.270068004927392e-04  4.804538187168116e-12 -9.743586484503712e-13 -3.913268664733176e-10 -7.647812992053402e-09 -2.780808393132854e-16 -2.253188189820706e-15  1.639983182037544e-02  1.270075642743545e-01  7.545889879635584e-09  3.720859474130403e-08 
 2.115103586171410e+01 -9.868893565393449e-13  5.633030579239439e-14 -2.740432524249288e-19  3.727287974316059e-20  1.735490148964411e-05  1.305894753047196e-04  4.790429624978904e-12 -1.022480193411736e-12 -4.238679689899140e-10 -7.426034375097867e-09 -2.804667862689271e-16 -2.062089938741791e-15  1.735495857464962e-02  1.305902168105876e-01  7.693844313771923e-09  3.604648771502105e-08 
 2.176881408340223e+01 -9.861856388257687e-13  6.216532555711154e-14 -2.580624916453384e-19  3.838780250726790e-20  1.836461316864452e-05  1.342656188329278e-04  4.775348261805190e-12 -1.071133545286989e-12 -4.544996715680032e-10 -7.210145606647081e-09 -2.806587671730565e-16 -1.886732139592396e-15  1.836467330364575e-02  1.342663386513468e-01  7.831212016916969e-09  3.491326068290825e-08 
 2.240463633535380e+01 -9.854062462834500e-13  6.803822466922940e-14 -2.429514899934949e-19  3.927563528549310e-20  1.943190872218470e-05  1.380369949483528e-04  4.759253822120367e-12 -1.120329811487609e-12 -4.833204883677392e-10 -6.999991997288721e-09 -2.790008016732212e-16 -1.725845043197183e-15  1.943197172477527e-02  1.380376936520970e-01  7.958443275872462e-09  3.380812613433080e-08 
 2.305902964655224e+01 -9.845489617290772e-13  7.395225472840232e-14 -2.286647334658891e-19  3.995820595077752e-20  2.055993344048252e-05  1.419053381450235e-04  4.742103832437003e-12 -1.170078362958800e-12 -5.104233384155450e-10 -6.795421853261069e-09 -2.757941722452793e-16 -1.578259068127286e-15  2.055999913750658e-02  1.419060162916443e-01  8.075958014027266e-09  3.273031333737048e-08 
 2.373253643941275e+01 -9.836113599111386e-13  7.991060045925483e-14 -2.151589456785070e-19  4.045549118843184e-20  2.175198788128201e-05  1.458723463071167e-04  4.723853607537502e-12 -1.220386665882905e-12 -5.358958196904212e-10 -6.596286512014840e-09 -2.713022863901211e-16 -1.442897173784865e-15  2.175205610829845e-02  1.458730044392464e-01  8.184147145609850e-09  3.167906869126370e-08 
 2.442571497939282e+01 -9.825908036168499e-13  8.591637153440683e-14 -2.023929966093847e-19  4.078576532335217e-20  2.301153354521534e-05  1.499396728226376e-04  4.704456237442251e-12 -1.271260100631059e-12 -5.598204692782577e-10 -6.402440361078302e-09 -2.657550112442552e-16 -1.318767777514020e-15  2.301160414598807e-02  1.499403114682962e-01  8.283373859951707e-09  3.065365600884637e-08 
 2.513913983773484e+01 -9.814844412576048e-13  9.197259382265901e-14 -1.903278130098205e-19  4.096573780780824e-20  2.434219850608540e-05  1.541089180031766e-04  4.683862589468692e-12 -1.322701770669144e-12 -5.822750114101855e-10 -6.213740859958156e-09 -2.593525359898194e-16 -1.204958182495726e-15  2.434227133209832e-02  1.541095376760800e-01  8.373974861399444e-09  2.965335682481000e-08 
 2.587340236772453e+01 -9.802892033470817e-13  9.808219999119382e-14 -1.789262905036098e-19  4.101068021163512e-20  2.574778295540426e-05  1.583816197685517e-04  4.662021313896049e-12 -1.374712298800021e-12 -6.033325936831251e-10 -6.030048547728956e-09 -2.522688119048773e-16 -1.100628482408995e-15  2.574785786539978e-02  1.583822209684219e-01  8.456261552836043e-09  2.867747064575889e-08 
 2.662911119485990e+01 -9.790017992937657e-13  1.042480193747106e-13 -1.681532079102354e-19  4.093454342261990e-20  2.723226461492518e-05  1.627592435547739e-04  4.638878861427189e-12 -1.427289611385179e-12 -6.230620117064767e-10 -5.851227046719393e-09 -2.446546143146279e-16 -1.005005914010340e-15  2.723234147446517e-02  1.627598267676487e-01  8.530521173365684e-09  2.772531519351466e-08 
 2.740689272133700e+01 -9.776187146132454e-13  1.104727671083537e-13 -1.579751437275094e-19  4.075006579319494e-20  2.879980396481901e-05  1.672431714037669e-04  4.614379514223808e-12 -1.480428710668710e-12 -6.415279229609987e-10 -5.677143062945977e-09 -2.366402666748769e-16 -9.173796265605704e-16  2.879988264586708e-02  1.672437371023105e-01  8.597017895963517e-09  2.679622664480117e-08 
 2.820739164527068e+01 -9.761362076103007e-13  1.167590323168032e-13 -1.483603950726430e-19  4.046887289801567e-20  3.045474922855943e-05  1.718346901937345e-04  4.588465427498130e-12 -1.534121433399165e-12 -6.587910494361936e-10 -5.507666377873102e-09 -2.283380627345852e-16 -8.370958411121472e-16  3.045482960908336e-02  1.718352388375472e-01  8.655993879165993e-09  2.588955984219952e-08 
 2.903127149508072e+01 -9.745503066864681e-13  1.231092656590458e-13 -1.392788989385094e-19  4.010156953571064e-20  3.220164104848590e-05  1.765349789700525e-04  4.561076688473875e-12 -1.588356198449149e-12 -6.749083715940768e-10 -5.342669838872063e-09 -2.198444190924668e-16 -7.635533716880587e-16  3.220172301207953e-02  1.765355110059800e-01  8.707670293279062e-09  2.500468851027883e-08 
 2.987921517948628e+01 -9.728568083319245e-13  1.295257658205930e-13 -1.307021563071023e-19  3.965782456094970e-20  3.404521677841021e-05  1.813450953381899e-04  4.532151394958685e-12 -1.643117741919970e-12 -6.899333119788145e-10 -5.182029348379039e-09 -2.112417870828037e-16 -6.961994859666369e-16  3.404530021393351e-02  1.813456112006312e-01  8.752248315012558e-09  2.414100547874248e-08 
 3.075192555356457e+01 -9.710512742290345e-13  1.360106650859971e-13 -1.226031583646121e-19  3.914644901521669e-20  3.599041431152796e-05  1.862659608825107e-04  4.501625747557645e-12 -1.698386839237498e-12 -7.039159100443240e-10 -5.025623843295246e-09 -2.026003495102899e-16 -6.345260773481766e-16  3.599049911276465e-02  1.862664609937249e-01  8.789910091192182e-09  2.329792287073552e-08 
 3.165012600134288e+01 -9.691290306902451e-13  1.425659139141012e-13 -1.149563159530398e-19  3.857546816200137e-20  3.804237535331256e-05  1.912983455780078e-04  4.469434172905729e-12 -1.754140017837864e-12 -7.169029884708869e-10 -4.873335282193358e-09 -1.939795260153485e-16 -5.780661322733349e-16  3.804246141864426e-02  1.912988303484192e-01  8.820819692861768e-09  2.247487234052726e-08 
 3.257456103540697e+01 -9.670851665328016e-13  1.491932645776480e-13 -1.077373910835213e-19  3.795218785978920e-20  4.020644804003621e-05  1.964428511661775e-04  4.435509461039193e-12 -1.810349257535617e-12 -7.289383119465573e-10 -4.725048619296651e-09 -1.854293076266533e-16 -5.263904654963491e-16  4.020653527213253e-02  1.964433209946789e-01  8.845124044691103e-09  2.167130525835608e-08 
 3.352599691402281e+01 -9.649145333004379e-13  1.558942535919824e-13 -1.009234313305001e-19  3.728325565849517e-20  4.248818879412976e-05  2.016998934714984e-04  4.399782937953350e-12 -1.866981682467743e-12 -7.400627376544233e-10 -4.580651785830725e-09 -1.769914388474595e-16 -4.791047082428788e-16  4.248827709965330e-02  2.017003487457527e-01  8.862953850075706e-09  2.088669294167260e-08 
 3.450522227628306e+01 -9.626117459307341e-13  1.626701833807340e-13 -9.449270674497048e-20  3.657471707087476e-20  4.489336329782607e-05  2.070696836414616e-04  4.362184665755102e-12 -1.923999246155293e-12 -7.503143602846478e-10 -4.440035668122622e-09 -1.687004641618642e-16 -4.358465290899425e-16  4.489345258715206e-02  2.070701247382012e-01  8.874424516927962e-09  2.012052687780508e-08 
 3.551304879580502e+01 -9.601711840357945e-13  1.695221023333733e-13 -8.842464940357465e-20  3.583206739071800e-20  4.742794645651919e-05  2.125522083009619e-04  4.322643674319495e-12 -1.981358407424070e-12 -7.597286480476306e-10 -4.303094083314696e-09 -1.605846538050074e-16 -3.962830711794343e-16  4.742803664346869e-02  2.125526355862870e-01  8.879637070627295e-09  1.937231894531475e-08 
 3.655031185352166e+01 -9.575869937514365e-13  1.764507845832690e-13 -8.269979513860775e-20  3.506029942148463e-20  5.009812121312242e-05  2.181472086212454e-04  4.281088224856718e-12 -2.039009805305538e-12 -7.683385764645570e-10 -4.169723752476401e-09 -1.526668221484287e-16 -3.601085879032887e-16  5.009821221470897e-02  2.181476224509185e-01  8.878679088368759e-09  1.864160162378491e-08 
 3.761787123012352e+01 -9.548530919897464e-13  1.834567076600909e-13 -7.729972805070712e-20  3.426394729260816e-20  5.291027606456744e-05  2.238541583146748e-04  4.237446118408987e-12 -2.096897928729526e-12 -7.761747518580248e-10 -4.039824278920245e-09 -1.449650499386019e-16 -3.270422651954216e-16  5.291036780075608e-02  2.238545590344149e-01  8.871625629076439e-09  1.792792823668083e-08 
 3.871661181872537e+01 -9.519631726110736e-13  1.905400302413277e-13 -7.220702728068390e-20  3.344712697070437e-20  5.587100112161720e-05  2.296722405794703e-04  4.191645046283079e-12 -2.154960793816734e-12 -7.832655350053022e-10 -3.913298128252474e-09 -1.374933223633799e-16 -2.968262143262753e-16  5.587109351509603e-02  2.296726285252446e-01  8.858540207779456e-09  1.723087319536453e-08 
 3.984744435834848e+01 -9.489107110475184e-13  1.977005680609530e-13 -6.740521582670546e-20  3.261357334291121e-20  5.898708254357926e-05  2.356003240334596e-04  4.143612970630220e-12 -2.213129618095263e-12 -7.896371565516494e-10 -3.790050595413319e-09 -1.302620906559318e-16 -2.692236217841314e-16  5.898717551954256e-02  2.356006995317727e-01  8.839475757976522e-09  1.655003218286255e-08 
 4.101130618882631e+01 -9.456889740180465e-13  2.049377691088796e-13 -6.287871191574549e-20  3.176667441991252e-20  6.226549517054121e-05  2.416369376928646e-04  4.093278566848544e-12 -2.271328509062046e-12 -7.953138295505036e-10 -3.669989786462408e-09 -1.232787669878562e-16 -2.440170466789162e-16  6.226558865648405e-02  2.416373010610462e-01  8.814475645773496e-09  1.588502239764188e-08 
 4.220916202775953e+01 -9.422910306171673e-13  2.122506878518386e-13 -5.861278242465057e-20  3.090950279279123e-20  6.571339316769010e-05  2.477802450713901e-04  4.040571712282522e-12 -2.329474165287042e-12 -8.003178581005368e-10 -3.553026597762077e-09 -1.165481597277422e-16 -2.210068526145546e-16  6.571348709321397e-02  2.477805966178810e-01  8.783574712202809e-09  1.523548277277140e-08 
 4.344200477016420e+01 -9.387097629219063e-13  2.196379590456973e-13 -5.459349821482317e-20  3.004484449278392e-20  6.933809848944974e-05  2.540280174964644e-04  3.985424013422629e-12 -2.387475594326033e-12 -8.046697443564108e-10 -3.439074685619714e-09 -1.100728555404511e-16 -2.000097635350182e-16  6.933819278607908e-02  2.540283575211001e-01  8.746800345853665e-09  1.460107413111345e-08 
 4.471085631147609e+01 -9.349378835609880e-13  2.270977706301005e-13 -5.080769166688114e-20  2.917522562297717e-20  7.314708696594375e-05  2.603776067634865e-04  3.927769407812783e-12 -2.445233860601880e-12 -8.083882918532431e-10 -3.328050454144693e-09 -1.038535549704134e-16 -1.808575353498093e-16  7.314718156695316e-02  2.603779355577803e-01  8.704173617685284e-09  1.398147940230969e-08 
 4.601676839459326e+01 -9.309679506525256e-13  2.346278357275398e-13 -4.724291595118793e-20  2.830293663920528e-20  7.714797181108238e-05  2.668259172753944e-04  3.867544797113084e-12 -2.502641855268433e-12 -8.114907053616283e-10 -3.219873024023351e-09 -9.788936570946818e-17 -1.633957329474260e-16  7.714806665133410e-02  2.668262351228172e-01  8.655710427971774e-09  1.337640372334819e-08 
 4.736082348165896e+01 -9.267923903244388e-13  2.422253648109060e-13 -4.388740637149748e-20  2.743005482323653e-20  8.134848435084294e-05  2.733693778437700e-04  3.804690756939804e-12 -2.559584113758066e-12 -8.139926909594974e-10 -3.114464219508561e-09 -9.217805970139899e-17 -1.474826058759631e-16  8.134857936663455e-02  2.733696850200300e-01  8.601422737546854e-09  1.278557458228140e-08 
 4.874413565130762e+01 -9.224035175934111e-13  2.498870378945922e-13 -4.073004304341423e-20  2.655846474227171e-20  8.575645177256369e-05  2.800039133589636e-04  3.739152280928731e-12 -2.615936673114624e-12 -8.159085552366177e-10 -3.011748539363118e-09 -8.671629701061222e-17 -1.329880527388353e-16  8.575654690148643e-02  2.800042101322829e-01  8.541319828088719e-09  1.220874184210052e-08 
 5.016785152211742e+01 -9.177935647068392e-13  2.576089763429657e-13 -3.776031572840823e-20  2.568987713319274e-20  9.037977170185133e-05  2.867249165702053e-04  3.670879599996978e-12 -2.671566988109419e-12 -8.172513018970054e-10 -2.911653142981946e-09 -8.149982128233075e-17 -1.197926703765121e-16  9.037986688265835e-02  2.867252032015966e-01  8.475409631032071e-09  1.164567778185889e-08 
 5.163315120303507e+01 -9.129547103833710e-13  2.653867145512356e-13 -3.496828995682309e-20  2.482584598942972e-20  9.522638342357780e-05  2.935272202521426e-04  3.599829044606513e-12 -2.726333904767184e-12 -8.180327264097759e-10 -2.814107827840695e-09 -7.652362897857742e-17 -1.077868785543334e-16  9.522647859606254e-02  2.935274969956831e-01  8.403700090983797e-09  1.109617703715174e-08 
 5.314124927156059e+01 -9.078791128547232e-13  2.732151743765277e-13 -3.234457483565454e-20  2.396778441996388e-20  1.003042355780160e-04  3.004050700713560e-04  3.525963955486404e-12 -2.780087716211757e-12 -8.182635170567859e-10 -2.719045007811699e-09 -7.178211686189334e-17 -9.687011573615899e-17  1.003043306829011e-01  3.004053371744604e-01  8.326200613069736e-09  1.056005646031801e-08 
 5.469339578050275e+01 -9.025589455377791e-13  2.810886379950431e-13 -2.988029214315602e-20  2.311697882756516e-20  1.056212501830442e-04  3.073520985047301e-04  3.449255640722166e-12 -2.832670287467200e-12 -8.179533478487599e-10 -2.626399688010483e-09 -6.726920859920801e-17 -8.695009932640700e-17  1.056213451618804e-01  3.073523562084211e-01  8.242923518759816e-09  1.003715489547702e-08 
 5.629087729413985e+01 -8.969864419694079e-13  2.890007245836556e-13 -2.756704718960126e-20  2.227460207963987e-20  1.111852828591283e-04  3.143613002004976e-04  3.369684393930415e-12 -2.883915293094646e-12 -8.171109793560921e-10 -2.536109454821106e-09 -6.297846466053853e-17 -7.794214689081306e-17  1.111853776542046e-01  3.143615487396758e-01  8.153885610201851e-09  9.527332913133949e-09 
 5.793501795464459e+01 -8.911539346434075e-13  2.969443664620801e-13 -2.539690047440729e-20  2.144172514898742e-20  1.170040791660551e-04  3.214250092116343e-04  3.287240506932190e-12 -2.933648529469246e-12 -8.157443531428554e-10 -2.448114435130155e-09 -5.890317577101179e-17 -6.976855091128483e-17  1.170041737203183e-01  3.214252488153451e-01  8.059109692946407e-09  9.030472316755760e-09 
 5.962718057965701e+01 -8.850539082673390e-13  3.049117903384067e-13 -2.336234114859052e-20  2.061932794939407e-20  1.230852269996476e-04  3.285348785691926e-04  3.201925348899841e-12 -2.981688370408264e-12 -8.138606951996891e-10 -2.362357284617367e-09 -5.503644369022116e-17 -6.235800585993023e-17  1.230853212566340e-01  3.285351094608910e-01  7.958626222082278e-09  8.546475646418746e-09 
 6.136876779191527e+01 -8.786790498086629e-13  3.128944992968171e-13 -2.145626144825806e-20  1.980830882563907e-20  1.294361050433998e-04  3.356818626991070e-04  3.113752432885289e-12 -3.027846323334250e-12 -8.114666143893556e-10 -2.278783153061154e-09 -5.137124920905774e-17 -5.564508124623312e-17  1.294361989471770e-01  3.356820850969209e-01  7.852474908983789e-09  8.075265466278358e-09 
 6.316122318188066e+01 -8.720223061528578e-13  3.208832583233413e-13 -1.967193232842357e-20  1.900949309190860e-20  1.360638273244422e-04  3.428562032188196e-04  3.022748500855381e-12 -3.071927724513508e-12 -8.085682028438623e-10 -2.197339657450392e-09 -4.790050981970876e-17 -4.956973776809377e-17  1.360639208195623e-01  3.428564173358094e-01  7.740706362976508e-09  7.616783548497858e-09 
 6.500603250432047e+01 -8.650769440885306e-13  3.288680860939777e-13 -1.800298020364701e-20  1.822364072010116e-20  1.429751839856747e-04  3.500474186784282e-04  2.928954585981801e-12 -3.113732581043627e-12 -8.051711435173164e-10 -2.117976847723635e-09 -4.461712844176547e-17 -4.407688301244236e-17  1.429752770171392e-01  3.500476247228432e-01  7.623383748368928e-09  7.170989868051051e-09 
 6.690472490984055e+01 -8.578366130839115e-13  3.368382472800111e-13 -1.644336497813829e-20  1.745145293190053e-20  1.501765784562732e-04  3.572442988335011e-04  2.832427051260555e-12 -3.153056540633985e-12 -8.012808086314827e-10 -2.040647166870468e-09 -4.151403360510639e-17 -3.911596409463663e-17  1.501766709695090e-01  3.572444970090332e-01  7.500584375264658e-09  6.737861440470765e-09 
 6.885887421238846e+01 -8.502954151891562e-13  3.447822547467628e-13 -1.498735895547246e-20  1.669357812162210e-20  1.576739612808439e-04  3.644349040516366e-04  2.733238587809204e-12 -3.189692040644449e-12 -7.969023711317663e-10 -1.965305415803364e-09 -3.858421309288376e-17 -3.464059337215949e-17  1.576740532216916e-01  3.644350945576690e-01  7.372401321050150e-09  6.317390995350946e-09 
 7.087010019377773e+01 -8.424479721540976e-13  3.526878732298741e-13 -1.362952683433135e-20  1.595061673414410e-20  1.654727609527568e-04  3.716065704606047e-04  2.631479131031174e-12 -3.223429582346905e-12 -7.920409063853773e-10 -1.891908699147571e-09 -3.582074092829101e-17 -3.060820517758940e-17  1.654728522674703e-01  3.716067534924560e-01  7.238944919456969e-09  5.909585427445858e-09 
 7.294006994631462e+01 -8.342894996919795e-13  3.605421327690877e-13 -1.236470681650597e-20  1.522312557284951e-20  1.735778121888166e-04  3.787459214407621e-04  2.527256700317876e-12 -3.254059183873973e-12 -7.867015025531110e-10 -1.820416376668854e-09 -3.321679957273002e-17 -2.697974119269965e-17  1.735779028240753e-01  3.787460971899251e-01  7.100344222432282e-09  5.514464088309058e-09 
 7.507049925464023e+01 -8.258158828698128e-13  3.683313467674581e-13 -1.118799257599183e-20  1.451162115131354e-20  1.819932821792433e-04  3.858388860466555e-04  2.420698127811545e-12 -3.281371975162970e-12 -7.808893655401189e-10 -1.750790006027625e-09 -3.076569706395939e-17 -2.371936165902698e-17  1.819933720821762e-01  3.858390547010294e-01  6.956748325316645e-09  5.132056887855186e-09 
 7.726315401793336e+01 -8.170237516219772e-13  3.760411389858908e-13 -1.009471638336756e-20  1.381658260207038e-20  1.907225954473984e-04  3.928707249106498e-04  2.311949642932412e-12 -3.305161943568106e-12 -7.746099267656043e-10 -1.682993275992084e-09 -2.846088081320862e-17 -2.079418102904235e-17  1.907226845656200e-01  3.928708866547666e-01  6.808327562138921e-09  4.762402189364804e-09 
 7.951985171365304e+01 -8.079105564962159e-13  3.836564780067284e-13 -9.080433044739397e-21  1.313845364506588e-20  1.997683580558509e-04  3.998260641335237e-04  2.201177295573660e-12 -3.325227814470286e-12 -7.678689485472734e-10 -1.616991931845113e-09 -2.629594745379720e-17 -1.817402539543637e-17  1.997684463375091e-01  3.998262191487648e-01  6.655274527992376e-09  4.405544523318684e-09 
 8.184246290403389e+01 -7.984746484041856e-13  3.911617204272315e-13 -8.140904930692842e-21  1.247764409337951e-20  2.091322819968908e-04  4.066889376019429e-04  2.088567208723037e-12 -3.341375067613776e-12 -7.606726281847442e-10 -1.552753701658527e-09 -2.426465022113672e-17 -1.583121053529644e-17  2.091323693907271e-01  4.066890860667493e-01  6.497804927477776e-09  4.061532161338827e-09 
 8.423291278658319e+01 -7.887153514861648e-13  3.985406626136947e-13 -7.272087933175872e-21  1.183453089519266e-20  2.188151107037197e-04  4.134428380895772e-04  1.974325598693591e-12 -3.353418047063622e-12 -7.530276987903484e-10 -1.490248202618005e-09 -2.236090417430843e-17 -1.374033857877246e-17  2.188151971591398e-01  4.134429801796474e-01  6.336158168909440e-09  3.730414488943103e-09 
 8.669318278986466e+01 -7.786330354691761e-13  4.057766031480662e-13 -6.470118342588535e-21  1.120945832186359e-20  2.288165467101902e-04  4.200707773967795e-04  1.858678564534922e-12 -3.361182166164537e-12 -7.449415294694117e-10 -1.429446843011217e-09 -2.057878882623912e-17 -1.187811179004141e-17  2.288166321773473e-01  4.200709132852588e-01  6.170597723630370e-09  3.412239251634275e-09 
 8.922531221589202e+01 -7.682291893007850e-13  4.128524099616630e-13 -5.731300849218720e-21  1.060273803153095e-20  2.391351825687204e-04  4.265553556631422e-04  1.741871649835486e-12 -3.364506165975315e-12 -7.364222122732689e-10 -1.370322724215944e-09 -1.891254988207287e-17 -1.022316243951983e-17  2.391352669986073e-01  4.265554855207990e-01  6.001411192403288e-09  3.107049742030215e-09 
 9.183139993049316e+01 -7.575064843130896e-13  4.197506040977734e-13 -5.052097287568848e-21  1.001464852608379e-20  2.497684362042436e-04  4.328788398484168e-04  1.624169090814577e-12 -3.363244415290501e-12 -7.274786571753733e-10 -1.312850522738884e-09 -1.735659934903097e-17 -8.755896751071350e-18  2.497685195487962e-01  4.328789638438065e-01  5.828910088758787e-09  2.814881831441783e-09 
 9.451360610304671e+01 -7.464688340830876e-13  4.264534455921782e-13 -4.429116520085883e-21  9.445434298162582e-21  2.607124919330336e-04  4.390232512214699e-04  1.505852802066751e-12 -3.357269184166128e-12 -7.181206670980878e-10 -1.257006368785007e-09 -1.590551477385479e-17 -7.458352471844990e-18  2.607125741452424e-01  4.390233695210853e-01  5.653429257239077e-09  2.535761007324206e-09 
 9.727415399703246e+01 -7.351214468796019e-13  4.329430307092211e-13 -3.859105220159101e-21  8.895304683136653e-21  2.719622484052151e-04  4.449704615261424e-04  1.387221056525417e-12 -3.346472881201966e-12 -7.083590099037085e-10 -1.202767716153297e-09 -1.455403776292800e-17 -6.314068500855791e-18  2.719623294392456e-01  4.449705742945488e-01  5.475325963590680e-09  2.269699393262440e-09 
 1.001153318128803e+02 -7.234708728338346e-13  4.392014010888286e-13 -3.338939529940307e-21  8.364432576951070e-21  2.835112747351735e-04  4.507022973098704e-04  1.268586863197319e-12 -3.330770224001099e-12 -6.982054869160426e-10 -1.150113209530401e-09 -1.329707215343188e-17 -5.307965535869715e-18  2.835113545464936e-01  4.507024047098257e-01  5.294978659650946e-09  2.016692811812864e-09 
 1.030394945846446e+02 -7.115250346372905e-13  4.452106504579439e-13 -2.865617756197501e-21  7.852952761429111e-21  2.953517760616634e-04  4.562006517093289e-04  1.150276045404305e-12 -3.310100227228666e-12 -6.876729745537713e-10 -1.099022533569693e-09 -1.212968148656708e-17 -4.426237072970898e-18  2.953518546071755e-01  4.562007539018868e-01  5.112785300594408e-09  1.776717939895397e-09 
 1.060490661320774e+02 -6.992932552609322e-13  4.509530544007849e-13 -2.436253948837123e-21  7.360960516178115e-21  3.074745697264945e-04  4.614476027915674e-04  1.032625010450561e-12 -3.284428089163533e-12 -6.767754807089632e-10 -1.049476268909222e-09 -1.104708692667737e-17 -3.656249627900256e-18  3.074746469646748e-01  4.614476999361637e-01  4.929161422027176e-09  1.549729580540036e-09 
 1.091465410697163e+02 -6.867862694079215e-13  4.564111843541433e-13 -2.048072299058376e-21  6.888509883968700e-21  3.198690731752264e-04  4.664255373542357e-04  9.159782824029386e-13 -3.253746774750317e-12 -6.655281547217340e-10 -1.001455736046597e-09 -1.004466461168678e-17 -2.986451306748408e-18  3.198691490662642e-01  4.664256296087569e-01  4.744537735190830e-09  1.335658189260754e-09 
 1.123344868746550e+02 -6.740162195044185e-13  4.615680441299332e-13 -1.698402437244872e-21  6.435612155711399e-21  3.325233045642486e-04  4.711172789002567e-04  8.006857264494568e-13 -3.218078385563032e-12 -6.539473125337369e-10 -9.549428322749853e-10 -9.117943339578759e-18 -2.406288137929185e-18  3.325233790701885e-01  4.711173664210903e-01  4.559357473996704e-09  1.134407560607354e-09 
 1.156155460147083e+02 -6.609966489308135e-13  4.664072033509113e-13 -1.384675516226042e-21  6.002234605502077e-21  3.454238969059140e-04  4.755062183268611e-04  6.870995997962622e-13 -3.177475230279782e-12 -6.420504375555247e-10 -9.099198824968902e-10 -8.262602565068191e-18 -1.906127338253116e-18  3.454239699907981e-01  4.755063012689278e-01  4.374073443261260e-09  9.458528846123022e-10 
 1.189924381387368e+02 -6.477424689329562e-13  4.709129269227802e-13 -1.104421053697991e-21  5.588299236846111e-21  3.585561263981970e-04  4.795764457126170e-04  5.755713950441028e-13 -3.132020501632516e-12 -6.298561594161867e-10 -8.663694718233361e-10 -7.474470318725133e-18 -1.477186892715440e-18  3.585561980282048e-01  4.795765242293847e-01  4.189144726312641e-09  7.698391095807446e-10 
 1.224679623309466e+02 -6.342699148677745e-13  4.750703050334870e-13 -8.552644910729162e-22  5.193681865620417e-21  3.719039553701236e-04  4.833128814553521e-04  4.664485566685101e-13 -3.081828589817325e-12 -6.173842197025603e-10 -8.242742859793095e-10 -6.749521475065417e-18 -1.111470859924911e-18  3.719040255137068e-01  4.833129556988305e-01  4.005033189871326e-09  6.061797067486137e-10 
 1.260449994310316e+02 -6.205964855557726e-13  4.788653928978389e-13 -6.349251577419883e-22  4.818211659709226e-21  3.854500900327239e-04  4.867014049147209e-04  3.600710727755416e-13 -3.027045019800349e-12 -6.046554381321234e-10 -7.836169525765602e-10 -6.083876440693895e-18 -8.017095307563664e-19  3.854501586607375e-01  4.867014750354387e-01  3.822199849558814e-09  4.546558082852459e-10 
 1.297265144220838e+02 -6.067408787145748e-13  4.822853300320609e-13 -4.412151745517066e-22  4.461670959275769e-21  3.991760529626064e-04  4.897289786511105e-04  2.567681118404502e-13 -2.967845948577332e-12 -5.916916414293316e-10 -7.443799014683616e-10 -5.473799945845265e-18 -5.413047310327139e-19  3.991761200484312e-01  4.897290447980768e-01  3.641101089901234e-09  3.150158964020044e-10 
 1.335155588882483e+02 -5.927228958402561e-13  4.853184551630909e-13 -2.720384260198599e-22  4.123795491706136e-21  4.130622699676897e-04  4.923837663321740e-04  1.568546410276674e-13 -2.904437193804040e-12 -5.785155809262532e-10 -7.065452112264836e-10 -4.915700029795350e-18 -3.242787625091567e-19  4.130623354873452e-01  4.923838286528203e-01  3.462184783129069e-09  1.869758975982190e-10 
 1.374152735441617e+02 -5.785633420544086e-13  4.879544316530881e-13 -1.253900559351805e-22  3.804275194528012e-21  4.270881706994968e-04  4.946552424029391e-04  6.062811195203869e-14 -2.837052903464699e-12 -5.651508584031406e-10 -6.700944764348460e-10 -4.406127401088590e-18 -1.452272858900196e-19  4.270882346317442e-01  4.946553010430479e-01  3.285886508492888e-09  7.021973219297747e-11 
 1.414288908382709e+02 -5.642839167683613e-13  4.901843303261743e-13  6.436590459171952e-25  3.502755330205774e-21  4.412323020918214e-04  4.965342916871921e-04 -3.163459663641229e-14 -2.765953730319872e-12 -5.516217990199357e-10 -6.350086897283225e-10 -3.941774710523839e-18  7.243323356094227e-22  4.412323644182531e-01  4.965343467908113e-01  3.112625757966786e-09 -3.559953272320252e-11 
 1.455597376321882e+02 -5.499070773030659e-13  4.920007345106730e-13  1.078855428197289e-22  3.218838211473017e-21  4.554724534301073e-04  4.980132972070300e-04 -1.196801499312633e-13 -2.691424651197840e-12 -5.379533528707126e-10 -6.012681186273738e-10 -3.519476063247043e-18  1.179619976459425e-19  4.554725141352229e-01  4.980133489163733e-01  2.942802344697226e-09 -1.308582150626769e-10 
 1.498112379583058e+02 -5.354559098107988e-13  4.933978046838759e-13  1.980672839079241e-22  2.952085390921874e-21  4.697857915983185e-04  4.990862146728034e-04 -2.032813301427054e-13 -2.613772399230991e-12 -5.241709540373951e-10 -5.688522170671506e-10 -3.136206527612755e-18  2.104207116124710e-19  4.697858506695849e-01  4.990862631281399e-01  2.776793003810244e-09 -2.159599571529563e-10 
 1.541869158579545e+02 -5.209539881557631e-13  4.943713405258366e-13  2.728294799975903e-22  2.702020254464639e-21  4.841490048189079e-04  4.997486323040207e-04 -2.822393236653341e-13 -2.533322590750844e-12 -5.103003852813259e-10 -5.377395473349367e-10 -2.789081534185721e-18  2.816202666821015e-19  4.841490622468039e-01  4.997486776435565e-01  2.614948295196495e-09 -2.913333031295202e-10 
 1.586903983024584e+02 -5.064252103431884e-13  4.949188383294608e-13  3.337217310532658e-22  2.468131065889300e-21  4.985384530046248e-04  4.999978148883228e-04 -3.563856970913749e-13 -2.450416552198131e-12 -4.963676466379630e-10 -5.079077020075928e-10 -2.475356187500760e-18  3.346986565190849e-19  4.985385087826689e-01  4.999978572480739e-01  2.457589816954225e-09 -3.574289682683625e-10 
 1.633254181995089e+02 -4.918936495938774e-13  4.950394901258463e-13  3.822026809039953e-22  2.249874389565801e-21  5.129303226852380e-04  4.998327312639758e-04 -4.255837962472501e-13 -2.365407892142127e-12 -4.823987763066806e-10 -4.793332640529169e-10 -2.192424390414539e-18  3.724432277561321e-19  5.129303768099955e-01  4.998327707776354e-01  2.305007772906057e-09 -4.147166167964391e-10 
 1.680958174873471e+02 -4.773833947083065e-13  4.947342325220404e-13  4.196405792778150e-22  2.046678873892928e-21  5.273007843633199e-04  4.992540647137036e-04 -4.897299104039785e-13 -2.278659032650513e-12 -4.684197370263821e-10 -4.519917756046210e-10 -1.937817755199842e-18  3.973202517013125e-19  5.273008368343970e-01  4.992541015125077e-01  2.157459085468463e-09 -4.636815905702776e-10 
 1.730055503193224e+02 -4.629183931200568e-13  4.940057083332549e-13  4.473138349338692e-22  1.857949212237041e-21  5.416261500950241e-04  4.982642060753590e-04 -5.487537724943304e-13 -2.190537511354361e-12 -4.544562313274492e-10 -4.258577275539910e-10 -1.709204130130108e-18  4.115024507116417e-19  5.416262009150391e-01  4.982642402879502e-01  2.015165827436044e-09 -5.048212341835121e-10 
 1.780586863414645e+02 -4.485222860571565e-13  4.928582604854097e-13  4.664121051612161e-22  1.683070428290621e-21  5.558830290863708e-04  4.968672296984049e-04 -6.026187499216071e-13 -2.101412332896430e-12 -4.405335679580347e-10 -4.009045578151627e-10 -1.504385906344110e-18  4.168950899252935e-19  5.558830782609101e-01  4.968672614506951e-01  1.878314207111249e-09 -5.386412469985072e-10 
 1.832594140657869e+02 -4.342182684298421e-13  4.912978759457140e-13  4.780375752088875e-22  1.521412185154257e-21  5.700484791431756e-04  4.950688526948010e-04 -6.513214418100281e-13 -2.011650358309639e-12 -4.266765005547790e-10 -3.771046860195915e-10 -1.321297849728025e-18  4.151603532402763e-19  5.700485266807312e-01  4.950688821098412e-01  1.747054032283592e-09 -5.656518522349624e-10 
 1.886120443421177e+02 -4.200289170581625e-13  4.893321479459262e-13  4.832067568291343e-22  1.372333178119038e-21  5.841001519116307e-04  4.928763782391288e-04 -6.948909906557013e-13 -1.921612758907264e-12 -4.129091036100818e-10 -3.544295308632872e-10 -1.158004567674807e-18  4.077403654310909e-19  5.841001978235210e-01  4.928764054369789e-01  1.621498618263224e-09 -5.863641235565710e-10 
 1.941210139313353e+02 -4.059760925049135e-13  4.869701915958985e-13  4.828524863514776e-22  1.235185615906694e-21  5.980164299931407e-04  4.902986239566486e-04 -7.333877750251479e-13 -1.831651766504433e-12 -3.992546276226916e-10 -3.328496003124348e-10 -1.012697659188480e-18  3.958786245276489e-19  5.980164742934163e-01  4.902986490542592e-01  1.501725273108754e-09 -6.012862143802026e-10 
 1.997908891829712e+02 -3.920807749510224e-13  4.842225487318551e-13  4.778264781050470e-22  1.109319374350947e-21  6.117765542060224e-04  4.873458366915724e-04 -7.669018506522676e-13 -1.742107449107615e-12 -3.857353681260833e-10 -3.123345297673108e-10 -8.836922575276779e-19  3.806402095791433e-19  6.117765969113554e-01  4.873458598026714e-01  1.387776054536533e-09 -6.109198517348314e-10 
 2.056263698202274e+02 -3.783629647986275e-13  4.811011182435348e-13  4.689021098926549e-22  9.940862857716824e-22  6.253607394914935e-04  4.840295951643545e-04 -7.955510629686030e-13 -1.653304963129530e-12 -3.723725763501995e-10 -2.928531792067979e-10 -7.694234274463286e-19  3.629305360050858e-19  6.253607806210564e-01  4.840296163993435e-01  1.279659109629159e-09 -6.157570367271526e-10 
 2.116322928355473e+02 -3.648415592867128e-13  4.776190159558669e-13  4.567775354319526e-22  8.888439933770038e-22  6.387502782142672e-04  4.803627022011973e-04 -8.194787547042243e-13 -1.565551932094219e-12 -3.591863334539980e-10 -2.743737112509415e-10 -6.684420099035506e-19  3.435128055519402e-19  6.387503177895960e-01  4.803627216670612e-01  1.177350230068530e-09 -6.162769056767555e-10 
 2.178136364999672e+02 -3.515342981297479e-13  4.737904775834538e-13  4.420791383529953e-22  7.929597254241613e-22  6.519276298805869e-04  4.763590683476882e-04 -8.388512999098429e-13 -1.479136394817760e-12 -3.461954802691514e-10 -2.568637212652103e-10 -5.794102793654352e-19  3.230242203255979e-19  6.519276679254377e-01  4.763590861479173e-01  1.080794905797403e-09 -6.129429407866003e-10 
 2.241755244895736e+02 -3.384576564119373e-13  4.696307300886853e-13  4.253652174740146e-22  7.058136048124873e-22  6.648764965799990e-04  4.720335887598988e-04 -8.538554744551399e-13 -1.394324902705149e-12 -3.334175409722140e-10 -2.402903223619468e-10 -5.010971842853503e-19  3.019909382814766e-19  6.648765331201938e-01  4.720336049944208e-01  9.899104777246619e-10 -6.062005196822080e-10 
 2.307232301324852e+02 -3.256267767008773e-13  4.651558524750726e-13  4.071298903828799e-22  6.268016819520950e-22  6.775818837428603e-04  4.674020153003762e-04 -8.646956454125435e-13 -1.311361060090650e-12 -3.208686580324915e-10 -2.246202564226696e-10 -4.323733937137881e-19  2.808418315645523e-19  6.775819188061256e-01  4.674020300655045e-01  9.045885616797682e-10 -5.964747726460790e-10 
 2.374621807798808e+02 -3.130554670918935e-13  4.603826628922695e-13  3.878070467678328e-22  5.553386870328291e-22  6.900301460852872e-04  4.624808257549821e-04 -8.715909141088554e-13 -1.230464608722105e-12 -3.085635627217420e-10 -2.098200432842923e-10 -3.722062049677187e-19  2.599210040784727e-19  6.900301797010899e-01  4.624808391433793e-01  8.246977440137707e-10 -5.841688216575198e-10 
 2.443979623046959e+02 -3.007561133208668e-13  4.553285630381802e-13  3.677745722699845e-22  4.908602834035977e-22  7.022090188794921e-04  4.572870920325968e-04 -8.747722410526478e-13 -1.151830581112030e-12 -2.965155308787271e-10 -1.958560605364035e-10 -3.196542218865715e-19  2.394993009282993e-19  7.022090510788688e-01  4.572871041332485e-01  7.500861662661560e-10 -5.696623856034041e-10 
 2.515363237317169e+02 -2.887397053222709e-13  4.500114334442040e-13  3.473585007251930e-22  4.328249834026644e-22  7.141076349336866e-04  4.518383491176597e-04 -8.744796279350902e-13 -1.075629123220585e-12 -2.847363872460207e-10 -1.826946927074857e-10 -2.738619797738404e-19  2.197846481781641e-19  7.141076657490741e-01  4.518383600158660e-01  6.805843758643257e-10 -5.533107638460800e-10 
 2.588831820029105e+02 -2.770158155902365e-13  4.444494673804668e-13  3.268371776855477e-22  3.807157373577120e-22  7.257165278866486e-04  4.461524664207414e-04 -8.709592824472866e-13 -1.002005438340832e-12 -2.732364811838806e-10 -1.703024353483240e-10 -2.340545687231023e-19  2.009313699422708e-19  7.257165573517110e-01  4.461524761981213e-01  6.160080283435014e-10 -5.354441101998564e-10 
 2.664446268819397e+02 -2.655926047175512e-13  4.386610894974377e-13  3.064454486992329e-22  3.340410209072715e-22  7.370276226135701e-04  4.402475230207241e-04 -8.644610871449297e-13 -9.310801514589382e-13 -2.620247274362497e-10 -1.586460060543082e-10 -1.995321890893760e-19  1.830485700509454e-19  7.370276507630314e-01  4.402475317552319e-01  5.561606186380372e-10 -5.163671594348635e-10 
 2.742269260019290e+02 -2.544768467460872e-13  4.326647910689828e-13  2.863786640652822e-22  2.923357229167288e-22  7.480342136992713e-04  4.341416881201011e-04 -8.552359982275396e-13 -8.629499031352346e-13 -2.511086026613096e-10 -1.476924554877357e-10 -1.696648685191941e-19  1.662075298241223e-19  7.480342405687470e-01  4.341416958860588e-01  5.008360948613731e-10 -4.963591234913485e-10 
 2.822365300606658e+02 -2.436739830983459e-13  4.264790336204492e-13  2.667966482386618e-22  2.551615830859227e-22  7.587309330607573e-04  4.278531078487587e-04 -8.435337719489157e-13 -7.976882821987801e-13 -2.404941922690140e-10 -1.374092818695605e-10 -1.438872112924182e-19  1.504482972434701e-19  7.587309586865918e-01  4.278531147168987e-01  4.498214073533636e-10 -4.756739655272985e-10 
 2.904800781675420e+02 -2.331881332030745e-13  4.201221773702369e-13  2.478274817958855e-22  2.221073811489228e-22  7.691137078933310e-04  4.213997993575960e-04 -8.296009640470987e-13 -7.353468469417567e-13 -2.301862546058575e-10 -1.277645073072264e-10 -1.216933286098125e-19  1.357854521750787e-19  7.691137323124405e-01  4.213998053951140e-01  4.028988366985961e-10 -4.545409621713982e-10 
 2.989644033466696e+02 -2.230221550406448e-13  4.136123023054492e-13  2.295710417437658e-22  1.927888059083400e-22  7.791797101738654e-04  4.147995529472945e-04 -8.136788543182652e-13 -6.759563575852173e-13 -2.201882287611312e-10 -1.187267714697349e-10 -1.026319223613955e-19  1.222130985337027e-19  7.791797334235855e-01  4.147995582179149e-01  3.598481773073555e-10 -4.331653210363538e-10 
 3.076965382007301e+02 -2.131776906970268e-13  4.069672075259121e-13  2.121024626706821e-22  1.668480731297239e-22  7.889272989832346e-04  4.080698427847288e-04 -7.960019999088906e-13 -6.195281892994809e-13 -2.105023447218635e-10 -1.102654044460305e-10 -8.630157407435727e-20  1.097092465628629e-19  7.889273211011768e-01  4.080698473487782e-01  3.204487586644870e-10 -4.117292113110741e-10 
 3.166837207402539e+02 -2.036553228424420e-13  4.002042533798980e-13  1.954752259865634e-22  1.439534733489439e-22  7.983559569099210e-04  4.012277465744293e-04 -7.767966049106630e-13 -5.660559873750018e-13 -2.011296476589486e-10 -1.023505447061979e-10 -7.234633597577159e-20  9.823949395013015e-20  7.983559779338358e-01  4.012277504889223e-01  2.844813375531481e-10 -3.903927210389734e-10 
 3.259334003831609e+02 -1.944544651010136e-13  3.933403563186789e-13  1.797242013221347e-22  1.237984084452135e-22  8.074662217715330e-04  3.942898743789884e-04 -7.562795443243420e-13 -5.155168708333667e-13 -1.920701037452788e-10 -9.495310787643874e-11 -6.045139475672809e-20  8.776024488448988e-20  8.074662417391802e-01  3.942898776977126e-01  2.517295194169838e-10 -3.692951618244885e-10 
 3.354532441295349e+02 -1.855735936075427e-13  3.863918699583362e-13  1.648682396279605e-22  1.061006965696135e-22  8.162596148439734e-04  3.872723066232198e-04 -7.346572099782945e-13 -4.678733556863070e-13 -1.833226452585546e-10 -8.804492204750325e-11 -5.033920708790822e-20  7.822131922956341e-20  8.162596337930039e-01  3.872723093968342e-01  2.219813300410771e-10 -3.485562548353113e-10 
 3.452511429167512e+02 -1.770102735524259e-13  3.793745634999434e-13  1.509127349614227e-22  9.060138557544638e-23  8.247385667229561e-04  3.801905411745291e-04 -7.121248480838762e-13 -4.230748667559778e-13 -1.748852633889908e-10 -8.159874512192467e-11 -4.176570783658197e-20  6.956822080794383e-20  8.247385846907989e-01  3.801905434506667e-01  1.950303647753453e-10 -3.282775220195075e-10 
 3.553352181602233e+02 -1.687611894265873e-13  3.723035792623164e-13  1.378518008927988e-22  7.706370423556839e-23  8.329063418632490e-04  3.730594492675457e-04 -6.888660175034850e-13 -3.810592380853950e-13 -1.667550863018730e-10 -7.558827869180718e-11 -3.451689794658104e-20  6.174393756916000e-20  8.329063588870109e-01  3.730594510909168e-01  1.706767532532495e-10 -3.085436686556406e-10 
 3.657138284851928e+02 -1.608222982192284e-13  3.651933645053929e-13  1.256703011017590e-22  6.527183774357462e-23  8.407669627511312e-04  3.658932399354100e-04 -6.650521447918792e-13 -3.417544142566510e-13 -1.589284424549642e-10 -6.998823048887104e-11 -2.840564072901239e-20  5.469043843115606e-20  8.407669788675022e-01  3.658932413479132e-01  1.487280494087840e-10 -2.894239375522548e-10 
 3.763955766551393e+02 -1.531888506242059e-13  3.580576992933684e-13  1.143456478819729e-22  5.502972635339538e-23  8.483251345684505e-04  3.587054325232021e-04 -6.408424479580782e-13 -3.050798478625009e-13 -1.514009629471902e-10 -6.477430744555868e-11 -2.326874572748152e-20  4.834986437190590e-20  8.483251498136212e-01  3.587054335640337e-01  1.289998311258780e-10 -2.709735439560890e-10 
 3.873893167025567e+02 -1.458555033476367e-13  3.509096080746450e-13  1.038493587827157e-22  4.615977972424039e-23  8.555861711056410e-04  3.515088367903483e-04 -6.163837602708432e-13 -2.709479884238327e-13 -1.441676274888115e-10 -5.992324345061029e-11 -1.896427391875316e-20  4.266544810238917e-20  8.555861855152265e-01  3.515088374961173e-01  1.113162129650800e-10 -2.532349707619778e-10 
 3.987041612680034e+02 -1.388163057284225e-13  3.437614165363649e-13  9.414845528984397e-23  3.850160745397877e-23  8.625559225788022e-04  3.443155400575768e-04 -5.918107555201279e-13 -2.392654801396805e-13 -1.372228684848320e-10 -5.541276812404128e-11 -1.536909252162411e-20  3.758223138727866e-20  8.625559361877757e-01  3.443155404624152e-01  9.551012398360405e-11 -2.362393380004494e-10 
 4.103494891535115e+02 -1.320648904413933e-13  3.366246911254856e-13  8.520666478837099e-23  3.191080123523964e-23  8.692407059049876e-04  3.371369008187989e-04 -5.672460510485078e-13 -2.099346288521011e-13 -1.305606196072562e-10 -5.122165538939960e-11 -1.237667375945334e-20  3.304759051465567e-20  8.692407187476214e-01  3.371369009544760e-01  8.142360302896552e-11 -2.200076163368974e-10 
 4.223349530966161e+02 -1.255944957341186e-13  3.295102538941408e-13  7.698544858885435e-23  2.625771240725602e-23  8.756472378921375e-04  3.299835482177679e-04 -5.428005524827156e-13 -1.828544746669408e-13 -1.241743912555604e-10 -4.732969571819012e-11 -9.895095571083742e-21  2.901160464987647e-20  8.756472500019526e-01  3.299835481138043e-01  6.890784979157947e-11 -2.045518383151038e-10 
 4.346704877714469e+02 -1.193979895774572e-13  3.224282171724325e-13  6.944488330839679e-23  2.142627707922265e-23  8.817825717073132e-04  3.228653867817857e-04 -5.185738898697247e-13 -1.579217817028855e-13 -1.180573468845258e-10 -4.371766837429902e-11 -7.845248309123574e-21  2.542729898143601e-20  8.817825831170373e-01  3.228653864655620e-01  5.782318534841300e-11 -1.898762401705902e-10 
 4.473663180235163e+02 -1.134679834509641e-13  3.153879312000584e-13  6.254440008978538e-23  1.731284830911296e-23  8.876540369002686e-04  3.157916058084006e-04 -4.946547757581202e-13 -1.350320868392710e-13 -1.122023411681550e-10 -4.036734488344074e-11 -6.159215113844687e-21  2.225078204587425e-20  8.876540476417979e-01  3.157916053052684e-01  4.803898557100213e-11 -1.759782744345530e-10 
 4.604329673450277e+02 -1.077968428627428e-13  3.083980763197505e-13  5.624340859831519e-23  1.382513571987780e-23  8.932691831797944e-04  3.087706928142698e-04 -4.711216347825150e-13 -1.140804755192055e-13 -1.066020067358453e-10 -3.726145086924149e-11 -4.778846965330452e-21  1.944130227332589e-20  8.932691932841658e-01  3.087706921476575e-01  3.943347430973568e-11 -1.628496269620595e-10 
 4.738812665977314e+02 -1.023767574070566e-13  3.014666194684516e-13  5.050178959632656e-23  1.088117160024976e-23  8.986357280683359e-04  3.018104504763936e-04 -4.480430530403301e-13 -9.496237534533696e-14 -1.012487853974120e-10 -3.438364870600452e-11 -3.654485561846410e-21  1.696123061995865e-20  8.986357375657026e-01  3.018104496679098e-01  3.189349845472593e-11 -1.504770743973827e-10 
 4.877223629905554e+02 -9.719985056350993e-14  2.946008279653478e-13  4.528030179001702e-23  8.408384217892465e-24  9.037615084963220e-04  2.949180165232037e-04 -4.254783572814114e-13 -7.757430961961571e-14 -9.613497671534521e-11 -3.171853057981622e-11 -2.743847756924324e-21  1.477599634838471e-20  9.037615174159359e-01  2.949180155927421e-01  2.531426846454054e-11 -1.388433028265047e-10 
 5.019677293194562e+02 -9.225809549991687e-14  2.878073687337060e-13  4.054090725130593e-23  6.342625356405377e-24  9.086544363415621e-04  2.880998860650334e-04 -4.034782888164999e-13 -6.181427337371942e-14 -9.125280912847256e-11 -2.925154563016008e-11 -2.011006123880689e-21  1.285398524567128e-20  9.086544447117615e-01  2.880998850308648e-01  1.959896341224789e-11 -1.279276741205371e-10 
 5.166291734771452e+02 -8.754350223149133e-14  2.810922447298866e-13  3.624701028695865e-23  4.627409630669599e-24  9.133224578708257e-04  2.813619358888533e-04 -3.820854973692554e-13 -4.758244507376850e-14 -8.659445209502348e-11 -2.696901729715151e-11 -1.425539156984306e-21  1.116640552960847e-20  9.133224657190271e-01  2.813619347677270e-01  1.465844696093973e-11 -1.177068557332110e-10 
 5.317188482405754e+02 -8.304799590300760e-14  2.744608689039120e-13  3.236363756739941e-23  3.213053659282297e-24  9.177735169999525e-04  2.747094502798348e-04 -3.613351673753456e-13 -3.478137716540249e-14 -8.215206986905699e-11 -2.485806005481095e-11 -9.617364025864094e-22  9.687136185467124e-21  9.177735243526457e-01  2.747094490870629e-01  1.041081790072786e-11 -1.081554249788491e-10 
 5.472492613443003e+02 -7.876362374309008e-14  2.679180955352865e-13  2.885756916267657e-23  2.056053786419796e-24  9.220155222552231e-04  2.681471479709474e-04 -3.412556410441699e-13 -2.331656223442124e-14 -7.791785619493119e-11 -2.290660022774560e-11 -5.979562632349393e-22  8.392564599491824e-21  9.220155291379734e-01  2.681471467204979e-01  6.781089345652342e-12 -9.924640555339658e-11 
 5.632332858480545e+02 -7.468254653961302e-14  2.614681675252846e-13  2.569740255935120e-23  1.118357717806996e-24  9.260563172916554e-04  2.616792098608834e-04 -3.218688861563354e-13 -1.309666586325051e-14 -7.388404124619719e-11 -2.110332741889209e-11 -3.160185369122022e-22  7.261411469645289e-21  9.260563237291050e-01  2.616792085654621e-01  3.700774017680340e-12 -9.095169896099322e-11 
 5.796841708071504e+02 -7.079681767811310e-14  2.551149277637996e-13  2.285360974914638e-23  3.667830638322149e-25  9.299036548028587e-04  2.553093071790248e-04 -3.031911926925851e-13 -4.033409400968934e-15 -7.004297142287896e-11 -1.943759042610793e-11 -1.007019694362286e-22  6.274563188443219e-21  9.299036608187340e-01  2.553093058501519e-01  1.107391017394343e-12 -8.324253006902537e-11 
 5.966155522545351e+02 -6.709866123107154e-14  2.488616531447924e-13  2.029853409543997e-23 -2.275050848763323e-25  9.335651736414939e-04  2.490406298136017e-04 -2.852335317545243e-13  3.957900633916226e-15 -6.638707639172736e-11 -1.789943887553491e-11  6.068993458146020e-23  5.414897460518033e-21  9.335651792586132e-01  2.490406284616895e-01 -1.055821370686579e-12 -7.608974714578699e-11 
 6.140414645036109e+02 -6.358071300318580e-14  2.427111123725706e-13  1.800637510133072e-23 -6.895007400732214e-25  9.370483789585791e-04  2.428759145550238e-04 -2.680021782104204e-13  1.095804786145918e-14 -6.290890031124263e-11 -1.647964403828084e-11  1.787134214737187e-22  4.667117402015056e-21  9.370483841988662e-01  2.428759131894560e-01 -2.840243834671112e-12 -6.946415492651576e-11 
 6.319763517811870e+02 -6.023533049798628e-14  2.366657925801318e-13  1.595315446629823e-23 -1.040828217150214e-24  9.403606251633430e-04  2.368174730403043e-04 -2.514991764220154e-13  1.704464487519769e-14 -5.960117122061348e-11 -1.516947678581460e-11  2.621189150544927e-22  4.017592405259831e-21  9.403606300478377e-01  2.368174716694933e-01 -4.292469927850879e-12 -6.333676410246965e-11 
 6.504350802002068e+02 -5.705547158587777e-14  2.307275904164822e-13  1.411665005326370e-23 -1.300097482590008e-24  9.435091015023899e-04  2.308672192161275e-04 -2.357227067889145e-13  2.229108862545424e-14 -5.645672818133107e-11 -1.396090187899546e-11  3.181208196701800e-22  3.454202739470679e-21  9.435091060512649e-01  2.308672178475936e-01 -5.454405904042807e-12 -5.767898307838729e-11 
 6.694329500821735e+02 -5.403385654312084e-14  2.248982253503775e-13  1.247634780604236e-23 -1.483321403869080e-24  9.465008200571061e-04  2.250266961676710e-04 -2.206676230558311e-13  2.676752888605985e-14 -5.346863229949150e-11 -1.284632816789255e-11  3.526535907603515e-22  2.966200610265183e-21  9.465008242896819e-01  2.250266948080906e-01 -6.363870401133644e-12 -5.246282392488085e-11 
 6.889857086394882e+02 -5.116371150730807e-14  2.191789210793174e-13  1.101334979337521e-23 -1.604189474066518e-24  9.493426059609962e-04  2.192971021870490e-04 -2.063257447941076e-13  3.054006105453846e-14 -5.063009039796285e-11 -1.181876124745074e-11  3.705660092106026e-22  2.544071724037655e-21  9.493426098957592e-01  2.192971008423241e-01 -7.054720610614855e-12 -4.766102077203098e-11 
 7.091095630282132e+02 -4.843827907390852e-14  2.135705887192611e-13  9.710291702183927e-24 -1.674388292444350e-24  9.520410896434702e-04  2.136793159799406e-04 -1.926862183942384e-13  3.367128918162997e-14 -4.793450358864249e-11 -1.087165080182473e-11  3.758053582858164e-22  2.179410635314332e-21  9.520410932980896e-01  2.136793146552502e-01 -7.557297761784458e-12 -4.324714504224983e-11 
 7.298211937820797e+02 -4.585108986486223e-14  2.080739199318416e-13  8.551279930843579e-24 -1.703846574932645e-24  9.546027009131457e-04  2.081739209308835e-04 -1.797359953317831e-13  3.622016697986460e-14 -4.537548808913883e-11 -9.998925298848604e-12  3.715644420593483e-22  1.864810836341177e-21  9.546027043044950e-01  2.081739196307399e-01 -7.898672529069604e-12 -3.919572677843696e-11 
 7.511377686388753e+02 -4.339575195815216e-14  2.026893023989998e-13  7.521773124212704e-24 -1.700955388074448e-24  9.570336647015779e-04  2.027812283675288e-04 -1.674599754286178e-13  3.824221379566440e-14 -4.294685440608959e-11 -9.194915662202874e-12  3.604071973126858e-22  1.593752069881290e-21  9.570336678457518e-01  2.027812270958206e-01 -8.102957426020794e-12 -3.548228297427737e-11 
 7.730769567706712e+02 -4.106640209031519e-14  1.974167216588027e-13  6.608515338760785e-24 -1.672795182233317e-24  9.593399982971094e-04  1.975012997814975e-04 -1.558413702323575e-13  3.978921535745889e-14 -4.064258651848007e-11 -8.454424660353510e-12  3.443817846348213e-22  1.360508644645056e-21  9.593400012094473e-01  1.975012985415476e-01 -8.191487600847067e-12 -3.208338341153208e-11 
 7.956569434296862e+02 -3.885705029916212e-14  1.922562723002804e-13  5.799451026668468e-24 -1.625282422731241e-24  9.615275099080389e-04  1.923339679788952e-04 -1.448620984186839e-13  4.090999640856008e-14 -3.845694596105176e-11 -7.772560373098258e-12  3.251045989532144e-22  1.160061890662332e-21  9.615275126031442e-01  1.923339667734949e-01 -8.183210369821168e-12 -2.897670814084418e-11 
 8.188964450219247e+02 -3.676204746657599e-14  1.872074053163424e-13  5.083615785782042e-24 -1.563361245349242e-24  9.636017984042064e-04  1.872788571466756e-04 -1.345026319980921e-13  4.164989429146378e-14 -3.638431222974248e-11 -7.144812519399579e-12  3.038438761679708e-22  9.880157448546987e-22  9.636018008959651e-01  1.872788559781371e-01 -8.094779988407323e-12 -2.614098384661245e-11 
 8.428147246210863e+02 -3.477593353560803e-14  1.822696936376217e-13  4.451086693362843e-24 -1.491122355089982e-24  9.655682540961972e-04  1.823354018326293e-04 -1.247426980953458e-13  4.205124719888086e-14 -3.441933543735232e-11 -6.566996946233417e-12  2.815796718241882e-22  8.405316479226736e-22  9.655682563978024e-01  1.823354007028181e-01 -7.940848278238142e-12 -2.355608704560777e-11 
 8.674316079356032e+02 -3.289347697579822e-14  1.774424522361035e-13  3.892880546174390e-24 -1.411921004389426e-24  9.674320604215679e-04  1.775028648463460e-04 -1.155612120301080e-13  4.215334284309067e-14 -3.255685304681677e-11 -6.035241750801390e-12  2.590569735389827e-22  7.142594022650918e-22  9.674320625455397e-01  1.775028637567243e-01 -7.734226906132419e-12 -2.120298356207432e-11 
 8.927674997420435e+02 -3.110971429611138e-14  1.727249494907097e-13  3.400888558258784e-24 -1.328490722551422e-24  9.691981964174991e-04  1.727803540967762e-04 -1.069365983028117e-13  4.199258436420060e-14 -3.079192456567625e-11 -5.545973402742987e-12  2.368319471831970e-22  6.062812827616922e-22  9.691981983757076e-01  1.727803530484303e-01 -7.486078264158410e-12 -1.906374080848875e-11 
 9.188434007984987e+02 -2.941986910126708e-14  1.681158554822506e-13  2.967797841968315e-24 -1.243034944592742e-24  9.708714398691515e-04  1.681668383886562e-04 -9.884661551418226e-14  4.160246623616496e-14 -2.911972746266756e-11 -5.095882049666045e-12  2.153088934370876e-22  5.140589748331888e-22  9.708714416728341e-01  1.681668373823443e-01 -7.206057246039211e-12 -1.712144577989534e-11 
 9.456809252519778e+02 -2.781904329506101e-14  1.636142823169255e-13  2.587029106345799e-24 -1.157322830370550e-24  9.724563710324524e-04  1.636611622056940e-04 -9.126898471487233e-14  4.101419928684904e-14 -2.753573757896532e-11 -4.681852128207709e-12  1.947735692749618e-22  4.353883632450705e-22  9.724563726922373e-01  1.636611612418661e-01 -6.902552836961180e-12 -1.536026547694205e-11 
 9.733023185542347e+02 -2.630286631746934e-14  1.592190176877267e-13  2.252675486402966e-24 -1.072726107035358e-24  9.739573768392224e-04  1.592620595126182e-04 -8.418130209403459e-14  4.025621024186295e-14 -2.603558341141010e-11 -4.301059508549088e-12  1.754127769591760e-22  3.683587637760197e-22  9.739573783651514e-01  1.592620585914494e-01 -6.582718162693929e-12 -1.376537391185837e-11 
 1.001730475900881e+03 -2.486742619472865e-14  1.549286640445238e-13  1.959438988061198e-24 -9.903033775044409e-25  9.753786555011840e-04  1.549681666117133e-04 -7.756122191052117e-14  3.935438373556867e-14 -2.461506692919002e-11 -3.950936799945737e-12  1.573394056407109e-22  3.113156763614111e-22  9.753786569027345e-01  1.549681657331354e-01 -6.252624687512052e-12 -1.232292733053307e-11 
 1.030988961209065e+03 -2.350845885050918e-14  1.507416691186696e-13  1.702574845619686e-24 -9.108528538030114e-25  9.767242214376172e-04  1.507780340919149e-04 -7.138632150347420e-14  3.833256599405591e-14 -2.327016357384082e-11 -3.629027633955673e-12  1.406093950240775e-22  2.628284228635358e-22  9.767242227237189e-01  1.507780332556415e-01 -5.917441979393957e-12 -1.101998795709829e-11 
 1.061102026649455e+03 -2.222209779799467e-14  1.466566855305433e-13  1.477839168022095e-24 -8.349547779992290e-25  9.779979104591126e-04  1.466901379102974e-04 -6.563460077071118e-14  3.721242833297732e-14 -2.199707083150315e-11 -3.333097686741837e-12  1.252350639611717e-22  2.216614451564259e-22  9.779979116381724e-01  1.466901371158479e-01 -5.581500897088388e-12 -9.844549240478236e-12 
 1.092094632748702e+03 -2.100442344451642e-14  1.426722310453037e-13  1.281447013414097e-24 -7.630015555738841e-25  9.792033851471127e-04  1.427028896469210e-04 -6.028426347252290e-14  3.601366469141419e-14 -2.079214578287747e-11 -3.061051412345250e-12  1.111950059224695e-22  1.867499577228758e-22  9.792033862270333e-01  1.427028888936412e-01 -5.248403007041915e-12 -8.785446091020180e-12 
 1.123992469079067e+03 -1.985249324324457e-14  1.387864310990297e-13  1.110027843923118e-24 -6.952334689824021e-25  9.803441403755729e-04  1.388146459745292e-04 -5.531403045763386e-14  3.475363734097537e-14 -1.965186346986059e-11 -2.811070820563089e-12  9.844358057143844e-23  1.571775818700575e-22  9.803441413637767e-01  1.388146452616238e-01 -4.921041132749983e-12 -7.832349069812851e-12 
 1.156821975552337e+03 -1.876212047852211e-14  1.349978755003263e-13  9.605784197335951e-25 -6.317979778066256e-25  9.814235089273013e-04  1.350237173847503e-04 -5.070284949161023e-14  3.344858083139892e-14 -1.857293485674205e-11 -2.581282410041297e-12  8.692242482286661e-23  1.321558605895332e-22  9.814235098307450e-01  1.350237167112893e-01 -4.601837699516548e-12 -6.975670670140268e-12 
 1.190610364335701e+03 -1.773085448572656e-14  1.313046033672803e-13  8.304338557442460e-25 -5.727066875026369e-25  9.824446671631917e-04  1.313283762120043e-04 -4.643048725671537e-14  3.211231827793671e-14 -1.755215417453826e-11 -2.370173501908823e-12  7.655661582341974e-23  1.110083172560835e-22  9.824446679883939e-01  1.313283755769547e-01 -4.292616914119867e-12 -6.206599386688982e-12 
 1.225385642407739e+03 -1.675529939705283e-14  1.277050385803803e-13  7.172278587709539e-25 -5.179251918045347e-25  9.834106407078419e-04  1.277268639958756e-04 -4.247710212584657e-14  3.075759857242224e-14 -1.658652382108272e-11 -2.176203661719001e-12  6.726890831325860e-23  9.315464054427882e-23  9.834106414608980e-01  1.277268633981119e-01 -3.994843485205753e-12 -5.516990356002754e-12 
 1.261176634773229e+03 -1.583233663331279e-14  1.241973343120010e-13  6.188657759321186e-25 -4.673539941860118e-25  9.843243101197567e-04  1.242173982216425e-04 -3.882343886980051e-14  2.939556168968797e-14 -1.567315721651141e-11 -1.997971232903240e-12  5.897801806470922e-23  7.809813838464298e-23  9.843243108063577e-01  1.242173976599621e-01 -3.709590567159385e-12 -4.899347191811721e-12 
 1.298013008356006e+03 -1.495955303443804e-14  1.207799533292054e-13  5.334990374911600e-25 -4.208461525329968e-25  9.851884165187075e-04  1.207981784776459e-04 -3.545114776915081e-14  2.803590582324012e-14 -1.480934819220181e-11 -1.834254970134452e-12  5.160175208233480e-23  6.541460555855885e-23  9.851884171441668e-01  1.207981779507902e-01 -3.437602679713446e-12 -4.346817304156073e-12 
 1.335925296589687e+03 -1.413399065712225e-14  1.174506037379526e-13  4.594863150880077e-25 -3.782245380221122e-25  9.860055671467719e-04  1.174673920669028e-04 -3.234218392610056e-14  2.668705400706125e-14 -1.399243221289481e-11 -1.683847505873359e-12  4.505963393202833e-23  5.474072428751784e-23  9.860055677160342e-01  1.174673915735686e-01 -3.179351848959486e-12 -3.853073562845418e-12 
 1.374944924726636e+03 -1.335402308396217e-14  1.142077392445956e-13  3.953892748211159e-25 -3.392877917239879e-25  9.867782408430380e-04  1.142232191089186e-04 -2.947972644429506e-14  2.535616697756855e-14 -1.321996678793624e-11 -1.545777394973413e-12  3.927381250877534e-23  4.576776596765264e-23  9.867782413607095e-01  1.142232186477715e-01 -2.935069790628785e-12 -3.412386998365949e-12 
 1.415104235886156e+03 -1.261601295087795e-14  1.110499852259170e-13  3.399371263626170e-25 -3.038310518115678e-25  9.875087934152840e-04  1.110638371662337e-04 -2.684716056492840e-14  2.404987537697588e-14 -1.248964820455001e-11 -1.418906658834374e-12  3.417148541735480e-23  3.823228892194290e-23  9.875087938856389e-01  1.110638367359108e-01 -2.704858377158941e-12 -3.019465424195017e-12 
 1.456436517863490e+03 -1.191861929607529e-14  1.079741820585334e-13  2.920126901583975e-25 -2.716215107108661e-25  9.881994628946516e-04  1.079874254285972e-04 -2.442877420636249e-14  2.277288734664294e-14 -1.179908948323316e-11 -1.302430385763387e-12  2.968197072065891e-23  3.191025665330584e-23  9.881994633216554e-01  1.079874250277355e-01 -2.488551711824637e-12 -2.669501980300385e-12 
 1.498976030721866e+03 -1.125925746620608e-14  1.049805313345677e-13  2.506380197451347e-25 -2.424494693482195e-25  9.888523746620032e-04  1.049921684862457e-04 -2.220996570931699e-14  2.153011904575605e-14 -1.114638936705603e-11 -1.195460397340753e-12  2.574226052046586e-23  2.661168621221528e-23  9.888523750493354e-01  1.049921681134731e-01 -2.285977094536241e-12 -2.358160341521284e-12 
 1.542758035190437e+03 -1.063542227893256e-14  1.020653468331287e-13  2.149472018111034e-25 -2.160847967297472e-25  9.894695464368998e-04  1.020762597219328e-04 -2.017609903244800e-14  2.032474650641628e-14 -1.052932740996937e-11 -1.097177904085811e-12  2.229187127345054e-23  2.217451401430262e-23  9.894695467879561e-01  1.020762593758841e-01 -2.096753865350365e-12 -2.081419004198756e-12 
 1.587818821891678e+03 -1.004639619961246e-14  9.922785735085379e-14  1.841975319718422e-25 -1.923109311290769e-25  9.900528931220418e-04  9.923790434996846e-05 -1.831421214055605e-14  1.915958389726946e-14 -9.946099499558159e-12 -1.007000038910633e-12  1.927627691384407e-23  1.846303074032087e-23  9.900528934399697e-01  9.923790402930149e-02 -1.920459968601092e-12 -1.835724171307214e-12 
 1.634195741422450e+03 -9.489981650742919e-15  9.646613799313396e-14  1.577243274645419e-25 -1.709224479394024e-25  9.906042314980022e-04  9.647532212888645e-05 -1.661149165852529e-14  1.803681640577506e-14 -9.394873767831768e-12 -9.242329124248272e-13  1.664620203406274e-23  1.536083207509562e-23  9.906042317857039e-01  9.647532183226960e-02 -1.756612390949815e-12 -1.617799473203160e-12 
 1.681927235313664e+03 -8.963475761498731e-15  9.377786096035756e-14  1.349554286128102e-25 -1.517186742719176e-25  9.911252847644094e-04  9.378674977269380e-05 -1.505568562025717e-14  1.695803248880549e-14 -8.873873857950798e-12 -8.481826352380040e-13  1.435661214274927e-23  1.277036432364362e-23  9.911252850245550e-01  9.378674949882754e-02 -1.604679821480518e-12 -1.424667332683171e-12 
 1.731052867894228e+03 -8.466041579327981e-15  9.116270040236357e-14  1.153894651500388e-25 -1.345057837870612e-25  9.916176869252419e-04  9.117044308438148e-05 -1.363589147264440e-14  1.592441388134860e-14 -8.381600968832004e-12 -7.783773625646973e-13  1.236661269057702e-23  1.060903690463185e-23  9.916176871602952e-01  9.117044283199041e-02 -1.464108481066152e-12 -1.253699162854561e-12 
 1.781613359085658e+03 -7.995907105304153e-15  8.861770478961103e-14  9.859275932565586e-26 -1.191069759472131e-25  9.920829870170881e-04  8.862467883367225e-05 -1.234130551952415e-14  1.493632380237423e-14 -7.916389765938447e-12 -7.142897384682101e-13  1.064005491542514e-23  8.807480545498794e-24  9.920829872293113e-01  8.862467860152072e-02 -1.334290491618782e-12 -1.102472524480619e-12 
 1.833650618154565e+03 -7.551844454132057e-15  8.614142357105748e-14  8.418244760262253e-26 -1.053532822055718e-25  9.925226531801402e-04  8.614775639976917e-05 -1.116208990463842e-14  1.399395437242976e-14 -7.476796959338117e-12 -6.554756737386924e-13  9.144324152028166e-24  7.306764181180825e-24  9.925226533716119e-01  8.614775618666237e-02 -1.214629978973944e-12 -9.688333022499487e-13 
 1.887207778450971e+03 -7.132286445015251e-15  8.373187779161600e-14  7.183204997632613e-26 -9.308738633067964e-26  9.929380765726979e-04  8.373799919839109e-05 -1.008890552574912e-14  1.309710354080701e-14 -7.061407014674614e-12 -6.014910791662942e-13  7.850390319073970e-24  6.057852217809403e-24  9.929380767453236e-01  8.373799900317092e-02 -1.104525316452830e-12 -8.508332803333803e-13 
 1.942329233161272e+03 -6.735635058670112e-15  8.138787920980149e-14  6.125446762740929e-26 -8.216728546833982e-26  9.933305751306299e-04  8.139375591111921e-05 -9.113104547749785e-15  1.224540453597628e-14 -6.668943175469622e-12 -5.519196211167809e-13  6.732807919203742e-24  5.019206395559210e-24  9.933305752861548e-01  8.139375573267117e-02 -1.003391509939100e-12 -7.467300655960333e-13 
 1.999060672105463e+03 -6.361673182683819e-15  7.910814510751214e-14  5.220317151670605e-26 -7.245765455558545e-26  9.937013971739088e-04  7.911340153389165e-05 -8.226813431773595e-15  1.143807729802745e-14 -6.298184196396051e-12 -5.064837438339964e-13  5.768706297053314e-24  4.156148389036730e-24  9.937013973139338e-01  7.911340137114499e-02 -9.106409659547443e-13 -6.549766306905222e-13 
 2.057449119609135e+03 -6.007840941736334e-15  7.689203976433925e-14  4.446360391257413e-26 -6.383963557586215e-26  9.940517248628849e-04  7.689533826025705e-05 -7.422391603799861e-15  1.067444327940055e-14 -5.948019854429276e-12 -4.647393581080905e-13  4.938344997330435e-24  3.439502966523271e-24  9.940517249888696e-01  7.689533811218068e-02 -8.257265739788538e-13 -5.741625890281792e-13 
 2.117542973481638e+03 -5.674442091965667e-15  7.473379825064818e-14  3.784977543254786e-26 -5.619597073334022e-26  9.943826775073508e-04  7.473799621387882e-05 -6.692733376486102e-15  9.952649197860290e-15 -5.617006859637286e-12 -4.264921749097539e-13  4.223700126072616e-24  2.844796507295255e-24  9.943826776206272e-01  7.473799607950257e-02 -7.480430558132366e-13 -5.030271465577463e-13 
 2.179392045132716e+03 -5.356729735757741e-15  7.263549168445167e-14  3.220118187449985e-26 -4.942572904453316e-26  9.946953147318821e-04  7.263983404387150e-05 -6.031201588814261e-15  9.272250900648088e-15 -5.304368055902842e-12 -3.911870827266739e-13  3.609423605507877e-24  2.351562804027627e-24  9.946953148336590e-01  7.263983392225659e-02 -6.771267095895801e-13 -4.404418873544291e-13 
 2.243047600860861e+03 -5.059428391554981e-15  7.059416444774581e-14  2.738038007822930e-26 -4.343590394811677e-26  9.949906395011574e-04  7.059933939526815e-05 -5.432501650988660e-15  8.631240228188402e-15 -5.008993220201319e-12 -3.589906150125444e-13  3.081984893389867e-24  1.942768772054857e-24  9.949906395925495e-01  7.059933928553234e-02 -6.124277285968375e-13 -3.854619450687977e-13 
 2.308562404347622e+03 -4.779644694137491e-15  6.861157412940528e-14  2.327245084643365e-26 -3.814443963743948e-26  9.952696010093018e-04  6.861502926638549e-05 -4.891055549957859e-15  8.028729085563718e-15 -4.730160707566711e-12 -3.295141937087465e-13  2.629721470095798e-24  1.604429485249186e-24  9.952696010913223e-01  6.861502916768314e-02 -5.535098025969266e-13 -3.371949860427622e-13 
 2.375990760393081e+03 -4.510692111653045e-15  6.668249876247698e-14  1.976909354784438e-26 -3.347382601879082e-26  9.955330974373143e-04  6.668545026359239e-05 -4.400847346136647e-15  7.463063865864743e-15 -4.466704783823161e-12 -3.021471961517364e-13  2.242232993451237e-24  1.324226091714683e-24  9.955330975108659e-01  6.668545017511820e-02 -4.999108265330031e-13 -2.947892814257495e-13 
 2.445388559928754e+03 -4.259479345548957e-15  6.480566683102830e-14  1.678476375615569e-26 -2.935423432913634e-26  9.957819785828110e-04  6.480917876341800e-05 -3.958168684145682e-15  6.932235198621855e-15 -4.217792781702201e-12 -2.772226892489016e-13  1.910482272925972e-24  1.092414581550057e-24  9.957819786487327e-01  6.480917868442945e-02 -4.511755377511211e-13 -2.576122756097633e-13 
 2.516813326345222e+03 -4.023979099244671e-15  6.298440234965209e-14  1.424794301335953e-26 -2.572549701762136e-26  9.960170483665986e-04  6.298482099118333e-05 -3.558800184892223e-15  6.435268595648550e-15 -3.982925100842749e-12 -2.544631172440859e-13  1.626795269634012e-24  9.009927497327473e-25  9.960170484256528e-01  6.298482092096164e-02 -4.069450826568851e-13 -2.250467426300719e-13 
 2.590324263172905e+03 -3.799095722000816e-15  6.120835599859959e-14  1.208600568829336e-26 -2.252942883105872e-26  9.962390672203043e-04  6.121101302430931e-05 -3.197887788501222e-15  5.969831297412593e-15 -3.760769473615255e-12 -2.334243909274392e-13  1.384255251158381e-24  7.425894799643681e-25  9.962390672731651e-01  6.121101296219714e-02 -3.667989270363004e-13 -1.964849174403173e-13 
 2.665982303155485e+03 -3.589257936889863e-15  5.948497635718090e-14  1.024948964934260e-26 -1.972177883763104e-26  9.964487543594573e-04  5.948642072831078e-05 -2.872785068285410e-15  5.535004815662873e-15 -3.551159366566026e-12 -2.142730437526552e-13  1.177359123824256e-24  6.118783834128674e-25  9.964487544067532e-01  5.948642067367098e-02 -3.304310667807213e-13 -1.715007423406536e-13 
 2.743850158756668e+03 -3.387846740322112e-15  5.780585277088593e-14  8.687498096853778e-27 -1.725226928942378e-26  9.966467899466054e-04  5.780973963228145e-05 -2.579298863988527e-15  5.128781088442988e-15 -3.352984556670435e-12 -1.965094753586527e-13  1.000704768152683e-24  5.039117244806988e-25  9.966467899888883e-01  5.780973958452193e-02 -2.974910490854984e-13 -1.496102703002920e-13 
 2.823992374142142e+03 -3.201157063125770e-15  5.617882900075120e-14  7.363244053973250e-27 -1.508213113847480e-26  9.968338171485384e-04  5.617969475061116e-05 -2.315421926742233e-15  4.750171518011319e-15 -3.166134021626021e-12 -1.804112415015879e-13  8.500007808192611e-25  4.149787014697028e-25  9.968338171863267e-01  5.617969470917804e-02 -2.677108070645876e-13 -1.304928612267698e-13 
 2.906475378679820e+03 -3.020946366233446e-15  5.459194755516897e-14  6.235428615331109e-27 -1.318171268865723e-26  9.970104440922185e-04  5.459504035679186e-05 -2.077317577181473e-15  4.397000561781413e-15 -2.989386516105697e-12 -1.654232306691483e-13  7.218140391644676e-25  3.414442433286210e-25  9.970104441259601e-01  5.459504032117334e-02 -2.407742309873679e-13 -1.137513027653045e-13 
 2.991367542002719e+03 -2.848344576090685e-15  5.305224359159677e-14  5.279796384443057e-27 -1.151325836312862e-26  9.971772457233420e-04  5.305455971485115e-05 -1.862954909988167e-15  4.068427284633607e-15 -2.822631017806998e-12 -1.515454428613339e-13  6.125599592349783e-25  2.809102129055814e-25  9.971772457534490e-01  5.305455968455753e-02 -2.164596305427143e-13 -9.911803832819158e-14 
 3.078739230680110e+03 -2.693149984129140e-15  5.156072154622998e-14  4.470067632300850e-27 -1.005252482833136e-26  9.973347655719198e-04  5.155706477336097e-05 -1.670881712917401e-15  3.762847495345502e-15 -2.665423437520076e-12 -1.392219672879946e-13  5.196636990361520e-25  2.310794472445805e-25  9.973347655987816e-01  5.155706474793033e-02 -1.945198128562838e-13 -8.637596886499292e-14 
 3.168662866543913e+03 -2.541932260396496e-15  5.010037966447564e-14  3.782929351988223e-27 -8.773058956862816e-27  9.974835174288604e-04  5.010139582664955e-05 -1.497560140796662e-15  3.478107782433515e-15 -2.516431507615380e-12 -1.276756478318930e-13  4.406513907692154e-25  1.900081930751538e-25  9.974835174528011e-01  5.010139580568527e-02 -1.746976783252599e-13 -7.521914101424975e-14 
 3.261212986718692e+03 -2.402332847201288e-15  4.868818901117611e-14  3.200808918057696e-27 -7.652354094011885e-27  9.976239869373118e-04  4.868642114755004e-05 -1.342205788989851e-15  3.213995146586766e-15 -2.376099317302760e-12 -1.172395514004165e-13  3.734530634188688e-25  1.562070810082439e-25  9.976239869586430e-01  4.868642113064586e-02 -1.568506002937636e-13 -6.550283187091904e-14 
 3.356466305404995e+03 -2.261775609229403e-15  4.730529441912098e-14  2.706030465688910e-27 -6.672710182361753e-27  9.977566331029473e-04  4.731103659513444e-05 -1.201852538339063e-15  2.968327153114842e-15 -2.243094598952666e-12 -1.072475441787901e-13  3.164026427532852e-25  1.283129593996289e-25  9.977566331219260e-01  4.731103658193880e-02 -1.407503892922641e-13 -5.698873605141806e-14 
 3.454501777467268e+03 -2.135055852477084e-15  4.597358414622776e-14  2.287558349544799e-27 -5.816151348603124e-27  9.978818897265051e-04  4.597416520140882e-05 -1.076480257833908e-15  2.741030311539835e-15 -2.118083486379874e-12 -9.836575998178887e-14  2.679602722854733e-25  1.053918169375272e-25  9.978818897433910e-01  4.597416519157074e-02 -1.262840639109835e-13 -4.959532957621350e-14 
 3.555400663879030e+03 -2.013885043670845e-15  4.467501390596421e-14  1.934815453684615e-27 -5.069092425873215e-27  9.980001667625946e-04  4.467475673969323e-05 -9.637745345119529e-16  2.530042612898463e-15 -1.999844734257294e-12 -9.015010959956271e-14  2.269142616650136e-25  8.661061650602533e-26  9.980001667776052e-01  4.467475673290450e-02 -1.132555304291932e-13 -4.314267102215031e-14 
 3.659246599079574e+03 -1.899130075778981e-15  4.341452194737755e-14  1.634385906312656e-27 -4.416208224834162e-27  9.981118516078505e-04  4.341178727793396e-05 -8.626637399945677e-16  2.334610906481876e-15 -1.888267320282466e-12 -8.260059303211165e-14  1.920781640904537e-25  7.108583389127582e-26  9.981118516211849e-01  4.341178727390252e-02 -1.015413571898386e-13 -3.752061926649381e-14 
 3.766125660298021e+03 -1.807479344493130e-15  4.218283734717143e-14  1.381061175735368e-27 -3.844511127609355e-27  9.982173103220485e-04  4.218425871930012e-05 -7.727346264571576e-16  2.152985282855049e-15 -1.782629599489383e-12 -7.638334409421077e-14  1.624674811520778e-25  5.836308521187134e-26  9.982173103339009e-01  4.218425871777170e-02 -9.098428493311835e-14 -3.265545193975124e-14 
 3.876126438902174e+03 -1.708854599588922e-15  4.099020334828824e-14  1.166875237342307e-27 -3.346312917204519e-27  9.983168887853623e-04  4.099119833266690e-05 -6.915392880449376e-16  1.985298376410593e-15 -1.683070349756122e-12 -7.016609515630989e-14  1.374006370277750e-25  4.791225593950337e-26  9.983168887958794e-01  4.099119833338397e-02 -8.151696161066191e-14 -2.839481574439415e-14 
 3.989340113831343e+03 -1.625189505430143e-15  3.983384003549155e-14  9.858226622574188e-28 -2.912859194930698e-27  9.984109137946759e-04  3.983165827487617e-05 -6.192298554122038e-16  1.830151510227432e-15 -1.589173237448449e-12 -6.483702463810914e-14  1.162086776699177e-25  3.932944929069876e-26  9.984109138040111e-01  3.983165827761678e-02 -7.301399508402697e-14 -2.470420911399344e-14 
 4.105860527173978e+03 -1.512266087898427e-15  3.870026397667339e-14  8.322720819684290e-28 -2.533610747181669e-27  9.984996941022855e-04  3.870471510702966e-05 -5.527838400882703e-16  1.686683038791585e-15 -1.500133350873512e-12 -5.861977570020827e-14  9.821002725639509e-26  3.226125557991850e-26  9.984996941105334e-01  3.870471511157359e-02 -6.538067751602539e-14 -2.142748883677317e-14 
 4.225784261952774e+03 -1.426733245283307e-15  3.760798087463725e-14  7.017530086867775e-28 -2.204791329584675e-27  9.985835213993551e-04  3.760946930626841e-05 -4.943075851623936e-16  1.554189313737020e-15 -1.416422534816775e-12 -5.373479439185758e-14  8.303865432718459e-26  2.642999576852478e-26  9.985835214066537e-01  3.760946931241966e-02 -5.853514908674995e-14 -1.861701656062729e-14 
 4.349210722181719e+03 -1.371320546246548e-15  3.655236712650092e-14  5.932519597729483e-28 -1.915651967778462e-27  9.986626712474682e-04  3.654504477485290e-05 -4.430024655150865e-16  1.431723562675142e-15 -1.337596700068389e-12 -5.018208071305708e-14  7.010133548155999e-26  2.170945211168224e-26  9.986626712539431e-01  3.654504478243813e-02 -5.239246766746272e-14 -1.621122467785479e-14 
 4.476242215261444e+03 -1.273983607704647e-15  3.549668052055498e-14  4.991133474087715e-28 -1.665249440038796e-27  9.987374039604228e-04  3.551058834783474e-05 -3.950279373599135e-16  1.317951351913727e-15 -1.262101534393878e-12 -4.529709940470639e-14  5.920874410226826e-26  1.774621492385188e-26  9.987374039661235e-01  3.551058835670812e-02 -4.686039367944802e-14 -1.404540814969142e-14 
 4.606984036781168e+03 -1.214782719649456e-15  3.451525505035757e-14  4.223522635943853e-28 -1.449004392227796e-27  9.988079654387092e-04  3.450526930070044e-05 -3.537040672574633e-16  1.214210083456223e-15 -1.192379528447418e-12 -4.196643033083092e-14  5.005795760170453e-26  1.459077130296783e-26  9.988079654437525e-01  3.450526931067818e-02 -4.194664778328598e-14 -1.221921982934959e-14 
 4.741544557797542e+03 -1.137806411979186e-15  3.352559823203788e-14  3.560984634670798e-28 -1.259317586220961e-27  9.988745879597706e-04  3.352827885783408e-05 -3.156763421585296e-16  1.117399430015892e-15 -1.125322057760059e-12 -3.819167204710538e-14  4.227032274536270e-26  1.195282043590877e-26  9.988745879642084e-01  3.352827886880016e-02 -3.750669017812681e-14 -1.059600930862827e-14 
 4.880035314662713e+03 -1.075722235209084e-15  3.257123527367253e-14  3.001269892408214e-28 -1.093305924700606e-27  9.989374909253354e-04  3.257882970337383e-05 -2.820699755044722e-16  1.028246419445661e-15 -1.062261389961350e-12 -3.508304757815495e-14  3.565651291598973e-26  9.788186111982314e-27  9.989374909292436e-01  3.257882971520482e-02 -3.353469592312370e-14 -9.199284022486503e-15 
 5.022571101476099e+03 -1.005537075868818e-15  3.164463717507722e-14  2.529298598720480e-28 -9.503789695349711e-28  9.989968815688781e-04  3.165615549478168e-05 -2.516656222058613e-16  9.461346976767526e-16 -1.002753435841441e-12 -3.186340080674199e-14  3.011555391771735e-26  8.014826797045480e-27  9.989968815723087e-01  3.165615550735520e-02 -2.998106167611169e-14 -7.974765706868490e-15 
 5.169270065236477e+03 -9.555759135665788e-16  3.073709089525101e-14  2.133782950430153e-28 -8.246117972699812e-28  9.990529556247001e-04  3.075951038024327e-05 -2.249110614977549e-16  8.701138365479188e-16 -9.463541061904834e-13 -2.942091015256665e-14  2.538869937363304e-26  6.569633618680586e-27  9.990529556277153e-01  3.075951039345921e-02 -2.678964658290098e-14 -6.924712143430141e-15 
 5.320253803773274e+03 -9.055496674072601e-16  2.989798410095446e-14  1.803718478785259e-28 -7.170572057767363e-28  9.991058979609687e-04  2.988816852061288e-05 -2.011595893032919e-16  8.012347224286482e-16 -8.943956686380261e-13 -2.708944180085382e-14  2.145070573476975e-26  5.395808591711721e-27  9.991058979636186e-01  2.988816853436179e-02 -2.396886903420678e-14 -6.017672120312783e-15 
 5.475647466538222e+03 -8.517858883913790e-16  2.903711355852584e-14  1.517689551634802e-28 -6.222744284671448e-28  9.991558831784007e-04  2.904142361633000e-05 -1.794909909270947e-16  7.365904358990002e-16 -8.439915433200440e-13 -2.475797344914099e-14  1.808700283490736e-26  4.411310181995898e-27  9.991558831807179e-01  2.904142363053291e-02 -2.140970718512224e-14 -5.217077728448070e-15 
 5.635579858340943e+03 -8.039370035471003e-16  2.820266045695304e-14  1.281569961403162e-28 -5.403376053483603e-28  9.992030761764321e-04  2.821858844011260e-05 -1.602131572357573e-16  6.770873449685460e-16 -7.964739978660873e-13 -2.270406085358445e-14  1.525972535059525e-26  3.619293833154002e-27  9.992030761784571e-01  2.821858845469773e-02 -1.912168766399762e-14 -4.524594906536626e-15 
 5.800183546114424e+03 -7.606584329908346e-16  2.741607203162710e-14  1.079810689776520e-28 -4.687229362650792e-28  9.992476326886786e-04  2.741899437570111e-05 -1.431436885441158e-16  6.228424387084941e-16 -7.522871214860061e-13 -2.087219286295294e-14  1.286158819872338e-26  2.962961560010120e-27  9.992476326904473e-01  2.741899439058552e-02 -1.709057172066122e-14 -3.927811149953099e-15 
 5.969594968798896e+03 -7.183300971952848e-16  2.665941612895196e-14  9.101469095566990e-29 -4.071398399057274e-28  9.992896997891899e-04  2.664199096309022e-05 -1.278843231421501e-16  5.730479478815701e-16 -7.107647803650252e-13 -1.915134717478395e-14  1.085472605584112e-26  2.426536144459832e-27  9.992896997907317e-01  2.664199097820292e-02 -1.527799021721053e-14 -3.409514762461286e-15 
 6.143954550435201e+03 -6.771660547372472e-16  2.589517280204081e-14  7.668033862797071e-29 -3.532533471344163e-28  9.993294163710960e-04  2.588694545068576e-05 -1.141065162740642e-16  5.265920516585182e-16 -6.707967514785196e-13 -1.754152378907747e-14  9.150786500563737e-27  1.986351759346508e-27  9.993294163724347e-01  2.588694546598375e-02 -1.364100716018795e-14 -2.955851309597779e-15 
 6.323406816561373e+03 -6.407038922035250e-16  2.514294103655830e-14  6.459656385789732e-29 -3.065280905047239e-28  9.993669135991087e-04  2.515324235467797e-05 -1.018142806457822e-16  4.836459447048387e-16 -6.328271240363392e-13 -1.612598943268040e-14  7.715059653061495e-27  1.625842325660505e-27  9.993669136002683e-01  2.515324237011243e-02 -1.217297021038145e-14 -2.562581613392619e-15 
 6.508100514008929e+03 -6.049389770788693e-16  2.443363283030750e-14  5.445114242489406e-29 -2.656751238219357e-28  9.994023153372836e-04  2.444028302576312e-05 -9.088453488583261e-17  4.445432512140335e-16 -5.975220318532593e-13 -1.479372180313021e-14  6.497058415400253e-27  1.331597208013068e-27  9.994023153382862e-01  2.444028304127013e-02 -1.087126046940439e-14 -2.222572153972148e-15 
 6.698188734198168e+03 -5.688744760313306e-16  2.374554486399361e-14  4.588235760391722e-29 -2.305405869765566e-28  9.994357385533492e-04  2.374748522347009e-05 -8.108570743134942e-17  4.085872035130443e-16 -5.642153411145046e-13 -1.351696532481128e-14  5.477850125854706e-27  1.090205771015438e-27  9.994357385542124e-01  2.374748523900860e-02 -9.708396658216847e-15 -1.926668785236514e-15 
 6.893829040034660e+03 -5.361983518084857e-16  2.305412465085094e-14  3.857755978966651e-29 -1.998925817267928e-28  9.994672937008561e-04  2.307428269837652e-05 -7.229575594559361e-17  3.751272329626545e-16 -5.322409180053000e-13 -1.237898672457050e-14  4.614836295542919e-27  8.906239619945223e-28  9.994672937015960e-01  2.307428271391695e-02 -8.660405279515211e-15 -1.669061831456246e-15 
 7.095183596512133e+03 -5.085522341218693e-16  2.244064067648229e-14  3.258287208517654e-29 -1.737284275237691e-28  9.994970850803512e-04  2.242012478222144e-05 -6.464914015738650e-17  3.452598310396509e-16 -5.033751193650460e-13 -1.140754157802348e-14  3.896972871791798e-27  7.308796286872674e-28  9.994970850809862e-01  2.242012479771165e-02 -7.744663406320508e-15 -1.450171103077138e-15 
 7.302419305129989e+03 -4.794704581242642e-16  2.178183988248981e-14  2.739951957833144e-29 -1.504982858741112e-28  9.995252111807205e-04  2.178447598592814e-05 -5.762249212238242e-17  3.168496652882081e-16 -4.747313653297169e-13 -1.044997421928429e-14  3.280083643908967e-27  5.971677052523059e-28  9.995252111812599e-01  2.178447600134768e-02 -6.905682670427426e-15 -1.255872070795545e-15 
 7.515707942236892e+03 -4.528434117906320e-16  2.115978014456719e-14  2.309627206303734e-29 -1.305311892078755e-28  9.995517650017117e-04  2.116681560589140e-05 -5.140439964376664e-17  2.909914196045152e-16 -4.480860127387132e-13 -9.589551375199790e-15  2.764168611894425e-27  4.890937612370273e-28  9.995517650021684e-01  2.116681562121786e-02 -6.162123805678705e-15 -1.088555377996999e-15 
 7.735226301415076e+03 -4.276243164455243e-16  2.056913431281185e-14  1.944801951319713e-29 -1.131033170309148e-28  9.995768343587389e-04  2.056663733827901e-05 -4.588041109764516e-17  2.674006369099739e-16 -4.232170169871097e-13 -8.798517470154366e-15  2.327139670401985e-27  4.001496941733582e-28  9.995768343591231e-01  2.056663735348488e-02 -5.501860125586490e-15 -9.440052472598818e-16 
 7.961156340023414e+03 -4.033224495484479e-16  1.999257581238434e-14  1.639560635415212e-29 -9.821579835255024e-29  9.996005021708635e-04  1.998344890152132e-05 -4.093741887630937e-17  2.456753708331735e-16 -3.996802888650564e-13 -8.062994716340199e-15  1.963474793095098e-27  3.277717061193304e-28  9.996005021711843e-01  1.998344891656353e-02 -4.911403318066105e-15 -8.183977670219873e-16 
 8.193685330020702e+03 -3.808084717944524e-16  1.943337792271877e-14  1.379809239256686e-29 -8.508315985997814e-29  9.996228467328949e-04  1.941677166686362e-05 -3.653175377916939e-17  2.257125294045424e-16 -3.774758283725532e-13 -7.396860901565105e-15  1.652663596438020e-27  2.680154925488388e-28  9.996228467331610e-01  1.941677168175195e-02 -4.384262187966759e-15 -7.095963488454039e-16 
 8.433006013194185e+03 -3.603118962074827e-16  1.888328468287378e-14  1.162003691875467e-29 -7.381649351985881e-29  9.996439419724694e-04  1.886614029728700e-05 -3.259705016287804e-17  2.072849206071929e-16 -3.563815909046752e-13 -6.800116025829084e-15  1.393128358620307e-27  2.193033316514413e-28  9.996439419726868e-01  1.886614031199112e-02 -3.912059316859184e-15 -6.151995688749012e-16 
 8.679316760921987e+03 -3.390499337641709e-16  1.830869642326523e-14  9.765437343144459e-30 -6.384100888645981e-29  9.996638576929224e-04  1.833110239418678e-05 -2.900957565202375e-17  1.899358636242567e-16 -3.357314426466473e-13 -6.217248937900877e-15  1.170669583347982e-27  1.790714254851697e-28  9.996638576930970e-01  1.833110240871547e-02 -3.482904518744328e-15 -5.319563151336598e-16 
 8.932821738601873e+03 -3.201331149775706e-16  1.780905971009045e-14  8.224278183815539e-30 -5.538935132141717e-29  9.996826598027326e-04  1.781121815242620e-05 -2.589990683609408e-17  1.745917944405500e-16 -3.173017404378697e-13 -5.703770789011742e-15  9.868649924314858e-28  1.465309131448029e-28  9.996826598028710e-01  1.781121816674255e-02 -3.110679684608456e-15 -4.614553294812663e-16 
 9.193731074882638e+03 -3.022269980801953e-16  1.731592349743294e-14  6.937921782716547e-30 -4.807558279649233e-29  9.997004105322788e-04  1.730606002304375e-05 -2.311381661058698e-17  1.604120796442673e-16 -2.997602166487923e-13 -5.231926003546050e-15  8.322482550081675e-28  1.201040728198990e-28  9.997004105323858e-01  1.730606003713681e-02 -2.776933020891287e-15 -4.001289723760422e-16 
 9.462261035838392e+03 -2.858895459434604e-16  1.683159231528598e-14  5.844944585269251e-30 -4.171777900579337e-29  9.997171686385851e-04  1.681521238411365e-05 -2.062635789169000e-17  1.473330045532978e-16 -2.831068712794149e-13 -4.808653475407709e-15  7.016917751940900e-28  9.831179031316860e-29  9.997171686386652e-01  1.681521239797069e-02 -2.478136659560083e-15 -3.469347129625157e-16 
 9.738634204230124e+03 -2.691890729774166e-16  1.631778304837236e-14  4.905450684688655e-30 -3.600950760912902e-29  9.997329895987327e-04  1.633827121926001e-05 -1.835306590363861e-17  1.349582859232752e-16 -2.666755705149626e-13 -4.399258735077183e-15  5.884902352948748e-28  8.016798949308532e-29  9.997329895987888e-01  1.633827123289668e-02 -2.205573991737850e-15 -2.999374551091194e-16 
 1.002307966400312e+04 -2.543280622403565e-16  1.588545312467601e-14  4.145174016523115e-30 -3.132323256830351e-29  9.997479257925421e-04  1.587484380405346e-05 -1.639616200845010e-17  1.241313816241304e-16 -2.522426711948356e-13 -4.038436252074007e-15  4.973768007418479e-28  6.582058177937817e-29  9.997479257925784e-01  1.587484381743440e-02 -1.971063150306881e-15 -2.603521391486329e-16 
 1.031583319017318e+04 -2.397185463080515e-16  1.539955539509884e-14  3.473714922037389e-30 -2.704831931934173e-29  9.997620266751397e-04  1.542454839972840e-05 -1.458909784969410e-17  1.136875311973821e-16 -2.375877272697835e-13 -3.698430450782553e-15  4.173074188619152e-28  5.359323774845249e-29  9.997620266751583e-01  1.542454841287023e-02 -1.753996233209125e-15 -2.250838100253516e-16 
 1.061713744425902e+04 -2.263530830486251e-16  1.499022135265168e-14  2.930525217576666e-30 -2.347051397601244e-29  9.997753389399300e-04  1.498701395474811e-05 -1.303073587158803e-17  1.045487345561684e-16 -2.247091401841317e-13 -3.393119119010635e-15  3.518319637285713e-28  4.392969165949509e-29  9.997753389399348e-01  1.498701396765897e-02 -1.567225439622999e-15 -1.953357048428841e-16 
 1.092724217542282e+04 -2.143844086149481e-16  1.454383828043808e-14  2.466041856463298e-30 -2.031057122687685e-29  9.997879066725394e-04  1.456187981356549e-05 -1.160918837220556e-17  9.582395754662826e-17 -2.118305530984799e-13 -3.122502256758253e-15  2.958228394578794e-28  3.591782309084419e-29  9.997879066725315e-01  1.456187982621298e-02 -1.395672967189794e-15 -1.690874682797058e-16 
 1.124640442748573e+04 -2.029944450431976e-16  1.416842387431941e-14  2.083412186918067e-30 -1.768461582072927e-29  9.997997714961957e-04  1.414879543257253e-05 -1.037921299954528e-17  8.818358105919816e-17 -2.005062782473033e-13 -2.872702076217593e-15  2.502661221813660e-28  2.948367633263532e-29  9.997997714961782e-01  1.414879544495812e-02 -1.247941323434505e-15 -1.468827717278340e-16 
 1.157488875198985e+04 -1.917655267685943e-16  1.375867189952356e-14  1.749834467977401e-30 -1.530388014206465e-29  9.998109727090434e-04  1.374742010340491e-05 -9.250697295424925e-18  8.089056338258463e-17 -1.891820033961267e-13 -2.636779683484747e-15  2.104286464677049e-28  2.406025760924086e-29  9.998109727090171e-01  1.374742011553286e-02 -1.112246803202614e-15 -1.271972658364082e-16 
 1.191296742748327e+04 -1.807462575653299e-16  1.334613745516873e-14  1.468802306060056e-30 -1.321183983842965e-29  9.998215474138136e-04  1.335742268313012e-05 -8.234460224043806e-18  7.411707188754504e-17 -1.783018177548001e-13 -2.414735078559715e-15  1.765076275432014e-28  1.962291501737267e-29  9.998215474137802e-01  1.335742269500298e-02 -9.901897600413557e-16 -1.100107975890802e-16 
 1.226092068521004e+04 -1.702560820765837e-16  1.298329582881025e-14  1.238229088927735e-30 -1.147071119190724e-29  9.998315306402950e-04  1.297848133134660e-05 -7.347690876177204e-18  6.810469044503108e-17 -1.685318551380988e-13 -2.210037708394452e-15  1.488974958604660e-28  1.607304094387812e-29  9.998315306402560e-01  1.297848134296228e-02 -8.840443887011723e-16 -9.537793721033179e-17 
 1.261903694139204e+04 -1.609245108281673e-16  1.260547826357254e-14  1.041798539813950e-30 -9.921518551774129e-30  9.998409554609884e-04  1.261028325402758e-05 -6.547673747935966e-18  6.245465617111220e-17 -1.589839371263224e-13 -2.029626466892864e-15  1.251330610906830e-28  1.313946445258748e-29  9.998409554609445e-01  1.261028326538728e-02 -7.876961843366116e-16 -8.258115477250435e-17 
 1.298761303629532e+04 -1.517519393516293e-16  1.224887295542703e-14  8.760881849184359e-31 -8.610005583124926e-30  9.998498531003236e-04  1.225252445401226e-05 -5.837264707025345e-18  5.731976195629668e-17 -1.501021529293212e-13 -1.859623566247137e-15  1.055101460733103e-28  1.073590388199221e-29  9.998498531002763e-01  1.225252446511246e-02 -7.024172514765358e-16 -7.153196893552896e-17 
 1.336695448027914e+04 -1.433632017966989e-16  1.189798019463986e-14  7.381121035500307e-31 -7.461868222143928e-30  9.998582530378038e-04  1.190490948793643e-05 -5.203303065706514e-18  5.258617276071971e-17 -1.416644579421700e-13 -1.706967900361178e-15  8.884545945051645e-29  8.788403522227835e-30  9.998582530377534e-01  1.190490949879187e-02 -6.261223785493245e-16 -6.195363383141492e-17 
 1.375737570703146e+04 -1.349547675295058e-16  1.157372086333042e-14  6.222268862109053e-31 -6.477978541373810e-30  9.998661831053998e-04  1.156715122961616e-05 -4.641927590844616e-18  4.831173390769859e-17 -1.338928967697939e-13 -1.561251128379126e-15  7.494178599599612e-29  7.198355760141733e-30  9.998661831053474e-01  1.156715124021193e-02 -5.589039235746573e-16 -5.370106459911367e-17 
 1.415920033420112e+04 -1.271674791668324e-16  1.124012359548391e-14  5.214222697094524e-31 -5.596928001255615e-30  9.998736695795271e-04  1.123897063946833e-05 -4.135678972787814e-18  4.431190155732347e-17 -1.263433802023428e-13 -1.429412144204889e-15  6.291165719137569e-29  5.860990006759236e-30  9.998736695794737e-01  1.123897064982044e-02 -4.980830840859343e-16 -4.648664726993779e-17 
 1.457276143164232e+04 -1.207162043752485e-16  1.095848996349624e-14  4.429776799623755e-31 -4.884604837903595e-30  9.998807372678968e-04  1.092009654023174e-05 -3.700445236450758e-18  4.079984531667332e-17 -1.196820420545919e-13 -1.318389841742373e-15  5.334671871557092e-29  4.837936020300736e-30  9.998807372678424e-01  1.092009655033653e-02 -4.455913925437447e-16 -4.041403914999951e-17 
 1.499840179749415e+04 -1.137795856011541e-16  1.062989048007104e-14  3.722831206545343e-31 -4.228114069212184e-30  9.998874095915244e-04  1.061026539843357e-05 -3.293400790768973e-18  3.737547177180396e-17 -1.127986593019159e-13 -1.207367539279858e-15  4.486646398444505e-29  3.950467501927098e-30  9.998874095914699e-01  1.061026540830700e-02 -3.966083295533555e-16 -3.494779127208160e-17 
 1.543647424232376e+04 -1.076807844602454e-16  1.033735530818356e-14  3.132201778897537e-31 -3.663002385703073e-30  9.998937086621738e-04  1.030922111185106e-05 -2.939090488484477e-18  3.432481290158051e-17 -1.065814103640150e-13 -1.110223024625157e-15  3.776671583745594e-29  3.229399330748517e-30  9.998937086621192e-01  1.030922112147523e-02 -3.538997026285079e-16 -3.030295468340450e-17 
 1.588734188156876e+04 -1.011286506601158e-16  9.996497851553361e-15  2.620783662003798e-31 -3.140018734945396e-30  9.998996553554794e-04  1.001671480244104e-05 -2.607497305255556e-18  3.134584175688282e-17 -1.001421168211891e-13 -1.013078509970455e-15  3.145582859568785e-29  2.625427700188680e-30  9.998996553554248e-01  1.001671481182938e-02 -3.140138670252893e-16 -2.612117799967937e-17 
 1.635137843652127e+04 -9.570591503296003e-17  9.740972983317437e-15  2.206619667554579e-31 -2.730256529840845e-30  9.999052693799926e-04  9.732504615056481e-06 -2.331022283700109e-18  2.884429414568789e-17 -9.481304630298837e-14 -9.315465065995454e-16  2.657475174463284e-29  2.147797073980645e-30  9.999052693799386e-01  9.732504624198262e-03 -2.807538221382828e-16 -2.268883448257829e-17 
 1.682896854410312e+04 -9.043041879626576e-17  9.485472245015202e-15  1.863776639947774e-31 -2.377292721164154e-30  9.999105693423800e-04  9.456355521339499e-06 -2.082178843157262e-18  2.652375119198310e-17 -8.970602038971265e-14 -8.552186736565659e-16  2.248253579879884e-29  1.762611085103198e-30  9.999105693423271e-01  9.456355530264162e-03 -2.508404540944273e-16 -1.969158444983613e-17 
 1.732050807568892e+04 -8.533146196246304e-17  9.206736143773002e-15  1.566094068055560e-31 -2.049671722474429e-30  9.999155728089822e-04  9.188039129165437e-06 -1.854279675799276e-18  2.431042767852464e-17 -8.459899447643693e-14 -7.840950111415168e-16  1.883405411215166e-29  1.439054854446143e-30  9.999155728089304e-01  9.188039137863665e-03 -2.233840206538706e-16 -1.703863275769141e-17 
 1.782640446524129e+04 -8.063470045417606e-17  8.903625334005213e-15  1.311558569277377e-31 -1.769913774540628e-30  9.999202963639395e-04  8.927333496971945e-06 -1.646306172121348e-18  2.220019881218090e-17 -7.949196856316121e-14 -7.199102425303749e-16  1.580187000770839e-29  1.170965406187439e-30  9.999202963638886e-01  8.927333505448980e-03 -1.982043762930848e-16 -1.469829575822219e-17 
 1.834707704703027e+04 -7.599072807466302e-17  8.677341243725730e-15  1.108311438381233e-31 -1.537426892728839e-30  9.999247556640729e-04  8.674022953292226e-06 -1.471117214388557e-18  2.043037037530000e-17 -7.527312106958561e-14 -6.591949208711867e-16  1.333667967889273e-29  9.614242282381081e-31  9.999247556640237e-01  8.674022961584083e-03 -1.772268370646829e-16 -1.276146472472663e-17 
 1.888295740321680e+04 -7.182995007592390e-17  8.430242851317602e-15  9.341169541486473e-32 -1.330796756595333e-30  9.999289654907069e-04  8.427897921298166e-06 -1.311411290576452e-18  1.874225527604794e-17 -7.105427357601002e-14 -6.054184931159057e-16  1.121661599611126e-29  7.873201612655020e-31  9.999289654906588e-01  8.427897929351912e-03 -1.579690356853228e-16 -1.105322566083892e-17 
 1.943448972158839e+04 -6.757311652331695e-17  8.188421292555925e-15  7.845480333721314e-32 -1.149917884885004e-30  9.999329397985938e-04  8.188754747701088e-06 -1.168131386366237e-18  1.718975311663562e-17 -6.705747068735946e-14 -5.533767888366015e-16  9.417027056075828e-30  6.424902294475819e-31  9.999329397985471e-01  8.188754755550630e-03 -1.407721127868270e-16 -9.566182955370151e-18 
 2.000213116374356e+04 -6.431442793069399e-17  7.953187562412599e-15  6.602995340515210e-32 -9.976138414760811e-31  9.999366917621112e-04  7.956395536912186e-06 -1.041936398577167e-18  1.576488191540781e-17 -6.328271240363392e-14 -5.117434254131581e-16  7.937912858786431e-30  5.253936888288379e-31  9.999366917620663e-01  7.956395544559148e-03 -1.254395775908705e-16 -8.290582981553009e-18 
 2.058635224403010e+04 -6.035896771984953e-17  7.725947868140740e-15  5.540316004770564e-32 -8.641298631901138e-31  9.999402338188804e-04  7.730627989310790e-06 -9.279051523267978e-19  1.446036668533007e-17 -5.972999872483342e-14 -4.666406150377611e-16  6.680665791090444e-30  4.283268196317213e-31  9.999402338188370e-01  7.730627996754088e-03 -1.117943970651259e-16 -7.173718294656809e-18 
 2.118763721955146e+04 -5.704132507534769e-17  7.537768625341492e-15  4.686828623704799e-32 -7.498925797927679e-31  9.999435777109452e-04  7.511265244120047e-06 -8.301985896151073e-19  1.332119311853031e-17 -5.662137425588298e-14 -4.284766985662714e-16  5.632959901343787e-30  3.520599938339867e-31  9.999435777109034e-01  7.511265251362501e-03 -1.000646608551250e-16 -6.236193678228428e-18 
 2.180648449156431e+04 -5.371606865674891e-17  7.271159169678152e-15  3.915975011644311e-32 -6.434443038001001e-31  9.999467345236570e-04  7.298125726584725e-06 -7.350895895022401e-19  1.213307783230298e-17 -5.306866057708248e-14 -3.920475055707584e-16  4.696187576393836e-30  2.858080037470658e-31  9.999467345236165e-01  7.298125733636888e-03 -8.855344439754728e-17 -5.365062022259101e-18 
 2.244340701860013e+04 -5.088177401330478e-17  7.076480570465773e-15  3.313362634273116e-32 -5.614248555384742e-31  9.999497147223826e-04  7.091032999367863e-06 -6.564310095002419e-19  1.114931267858183e-17 -5.018208071305708e-14 -3.608224830031759e-16  3.981282381037294e-30  2.349634532152428e-31  9.999497147223440e-01  7.091033006241151e-03 -7.906411996194855e-17 -4.655008033057667e-18 
 2.309893274165329e+04 -4.783608615929441e-17  6.864226594984225e-15  2.772834445679232e-32 -4.847987966316593e-31  9.999525281871673e-04  6.889815618055239e-06 -5.839461174391877e-19  1.021133661928366e-17 -4.729550084903167e-14 -3.295974604355933e-16  3.340332895545222e-30  1.910522504832138e-31  9.999525281871302e-01  6.889815624738452e-03 -7.035756659023700e-17 -4.023472085451649e-18 
 2.377360502178793e+04 -4.534644189665294e-17  6.699872009599190e-15  2.359007107449290e-32 -4.234705441665066e-31  9.999551842454562e-04  6.694306990545629e-06 -5.228334093940380e-19  9.410520851419409e-18 -4.485301019485632e-14 -3.035766082959412e-16  2.834968878138011e-30  1.579262554397533e-31  9.999551842454207e-01  6.694306997074117e-03 -6.299973896260649e-17 -3.500164213310871e-18 
 2.446798309052644e+04 -4.267055371562752e-17  6.520060607747885e-15  1.977857452958808e-32 -3.657259769303472e-31  9.999576917029921e-04  6.504345240604392e-06 -4.664755823812834e-19  8.646733290230059e-18 -4.241051954068098e-14 -2.775557561562891e-16  2.378908667307114e-30  1.286521202850674e-31  9.999576917029578e-01  6.504345246948942e-03 -5.624371815387556e-17 -3.034246610886249e-18 
 2.518264251339290e+04 -4.048586707519910e-17  6.359163175581104e-15  1.669945173270656e-32 -3.178990519627643e-31  9.999600588729827e-04  6.319773074831003e-06 -4.174212423747298e-19  7.962501737375603e-18 -4.019007349143067e-14 -2.558717127065790e-16  2.009130117984764e-30  1.055409609524205e-31  9.999600588729501e-01  6.319773080980591e-03 -5.032321410301392e-17 -2.638112900191724e-18 
 2.591817566699566e+04 -3.799590888898844e-17  6.147144813564226e-15  1.398812941932425e-32 -2.749953335171190e-31  9.999622936036447e-04  6.140437653540110e-06 -3.701158523210669e-19  7.267236732776440e-18 -3.774758283725532e-14 -2.333203075188806e-16  1.688655375238728e-30  8.589647551967072e-32  9.999622936036137e-01  6.140437659552956e-03 -4.462569678903779e-17 -2.272759015542079e-18 
 2.667519223004447e+04 -3.605283052977999e-17  5.954532010079791e-15  1.168520894004801e-32 -2.365447820792038e-31  9.999644033042007e-04  5.966190465445109e-06 -3.292080785320816e-19  6.646390184253317e-18 -3.552713678800501e-14 -2.151057110211241e-16  1.411321463246966e-30  6.971866398681794e-32  9.999644033041707e-01  5.966190471255539e-03 -3.965504137398319e-17 -1.964188019801884e-18 
 2.745431968870929e+04 -3.426307187784401e-17  5.860331874722246e-15  1.009961047434359e-32 -2.083709108390889e-31  9.999663949694282e-04  5.796887205117285e-06 -2.969914564429646e-19  6.175919413707365e-18 -3.397282455352979e-14 -1.986258379993444e-16  1.207943261119674e-30  5.854827030937197e-32  9.999663949694000e-01  5.796887210817249e-03 -3.580231140212739e-17 -1.721683832814046e-18 
 2.825620385673952e+04 -3.187603456903590e-17  5.597862843737165e-15  8.308840894190082e-33 -1.772552724093884e-31  9.999682752028379e-04  5.632387654941340e-06 -2.603124806696944e-19  5.569796283857313e-18 -3.153033389935445e-14 -1.795438797635995e-16  9.984020831703431e-31  4.680009764860983e-32  9.999682752028107e-01  5.632387660441118e-03 -3.137224713854572e-17 -1.466227319747117e-18 
 2.908150941077487e+04 -3.027125591365812e-17  5.477353949612694e-15  7.038292209353649e-33 -1.554054919825286e-31  9.999700502385518e-04  5.472555569069337e-06 -2.336186645813326e-19  5.145450519111777e-18 -2.997602166487923e-14 -1.656660919557851e-16  8.504906634414034e-31  3.851859888774472e-32  9.999700502385258e-01  5.472555574448634e-03 -2.815960729493574e-17 -1.278529416800855e-18 
 2.993092044129160e+04 -2.821930439465620e-17  5.261513771988614e-15  5.867531652499669e-33 -1.327076294738197e-31  9.999717259619614e-04  5.317258561898797e-06 -2.058280936941108e-19  4.666556402967861e-18 -2.797762022055394e-14 -1.500535806719938e-16  7.056607316234832e-31  3.120006509907322e-32  9.999717259619368e-01  5.317258567144571e-03 -2.481398860440190e-17 -1.094472139700956e-18 
 3.080514101964068e+04 -2.669318854581219e-17  5.157325485077676e-15  4.957870699020653e-33 -1.157085011260158e-31  9.999733079292322e-04  5.166367998743482e-06 -1.849178718875384e-19  4.318588459340393e-18 -2.664535259100376e-14 -1.379105163401562e-16  5.978086547377980e-31  2.561486826035024e-32  9.999733079292087e-01  5.166368003815346e-03 -2.231201279180683e-17 -9.553792777046943e-19 
 3.170489578164803e+04 -2.557220479681192e-17  4.998329326771453e-15  4.181895554848244e-33 -1.000585652022405e-31  9.999748013857154e-04  5.019758889862613e-06 -1.647428577876039e-19  3.951568759709356e-18 -2.509104035652854e-14 -1.283695372222837e-16  5.022825294961911e-31  2.099263639382087e-32  9.999748013856928e-01  5.019758894775971e-03 -1.983642228022371e-17 -8.269902647388357e-19 
 3.263093052826051e+04 -2.400730199653247e-17  4.871170491029757e-15  3.494564681566912e-33 -8.781821301474363e-32  9.999762112833308e-04  4.877309787570949e-06 -1.471210395563512e-19  3.635846701289903e-18 -2.375877272697835e-14 -1.170938346284345e-16  4.283268196317213e-31  1.704448000782704e-32  9.999762112833096e-01  4.877309792382794e-03 -1.773357257873753e-17 -7.175719570097031e-19 
 3.358401284373552e+04 -2.269522020916159e-17  4.732319465549049e-15  2.946394857779562e-33 -7.542770835915679e-32  9.999775422969797e-04  4.738902686235447e-06 -1.311322766153741e-19  3.334810734928973e-18 -2.242650509742816e-14 -1.075528555105620e-16  3.574525976782710e-31  1.396299209680746e-32  9.999775422969597e-01  4.738902690931288e-03 -1.580369848026855e-17 -6.214370545693596e-19 
 3.456493273188669e+04 -2.147438306451905e-17  4.629424896435265e-15  2.488702796161491e-33 -6.558463839296164e-32  9.999787988400387e-04  4.604422924825435e-06 -1.176079413433419e-19  3.079978982871030e-18 -2.131628207280301e-14 -9.887923813067800e-17  3.019858152799186e-31  1.145928316910405e-32  9.999787988400193e-01  4.604422929360091e-03 -1.418182652185118e-17 -5.415281828217476e-19 
 3.557450327091296e+04 -2.016286825977488e-17  4.516482490189573e-15  2.130906517177017e-33 -5.716856272345613e-32  9.999799850789856e-04  4.473759092293861e-06 -1.051286407092961e-19  2.836894894133194e-18 -2.020605904817785e-14 -9.020562075079397e-17  2.557634966146249e-31  9.533353224716817e-33  9.999799850789675e-01  4.473759096684527e-03 -1.269183836510867e-17 -4.703296263056141e-19 
 3.661356128735386e+04 -1.915549305211048e-17  4.341911758478376e-15  1.750086130547418e-33 -4.785045622762561e-32  9.999811049472131e-04  4.346802935789595e-06 -9.289796790098757e-20  2.574796413653026e-18 -1.887379141862766e-14 -8.326672684688674e-17  2.080004339938215e-31  7.607423280329582e-33  9.999811049471957e-01  4.346802940084788e-03 -1.119234410091934e-17 -4.038167901394810e-19 
 3.768296804972968e+04 -1.786670567808478e-17  4.205863589507773e-15  1.470602077197348e-33 -4.231685977175625e-32  9.999821621580623e-04  4.223449271395507e-06 -8.245413663620198e-20  2.354703320496654e-18 -1.776356839400250e-14 -7.546047120499111e-17  1.787262988391355e-31  6.211124070648836e-33  9.999821621580457e-01  4.223449275575801e-03 -9.945147433115484e-18 -3.482470756206856e-19 
 3.878360998244142e+04 -1.690901643710132e-17  4.112272797503040e-15  1.243696633410576e-33 -3.754555874447022e-32  9.999831602171337e-04  4.103595897170242e-06 -7.391759531670795e-20  2.173603429379641e-18 -1.687538997430238e-14 -6.938893903907228e-17  1.540743955509789e-31  5.103714352626175e-33  9.999831602171180e-01  4.103595901187767e-03 -8.919740330100350e-18 -3.033330492299840e-19 
 3.991639940052228e+04 -1.631521312769675e-17  4.009626778262753e-15  1.062660148940752e-33 -3.207301540439361e-32  9.999841024339077e-04  3.987143508632496e-06 -6.625934845694146e-20  2.000862602095868e-18 -1.598721155460225e-14 -6.505213034913027e-17  1.278817483073125e-31  4.237045877651919e-33  9.999841024338931e-01  3.987143512588118e-03 -7.977853171974797e-18 -2.641897313221243e-19 
 4.108227526584971e+04 -1.522451720841687e-17  3.782844746373697e-15  8.575588665496001e-34 -2.624875835003993e-32  9.999849919327148e-04  3.873995617242887e-06 -5.746809668673472e-20  1.782155659253067e-18 -1.465494392505207e-14 -5.898059818321144e-17  1.016891010636461e-31  3.322229154067982e-33  9.999849919327007e-01  3.873995621077461e-03 -6.904166838225251e-18 -2.226344962295659e-19 
 4.228220396544494e+04 -1.428661807612807e-17  3.775354041278747e-15  7.355053299179372e-34 -2.353617055737399e-32  9.999858316630907e-04  3.764058470134835e-06 -5.239842334025351e-20  1.679190053529329e-18 -1.421085471520200e-14 -5.377642775528102e-17  8.859277744181285e-32  2.768524295056652e-33  9.999858316630774e-01  3.764058473893842e-03 -6.320659103492992e-18 -1.972335238635740e-19 
 4.351718011250492e+04 -1.351810233325734e-17  3.642772839277766e-15  6.187553487738625e-34 -2.022145139822666e-32  9.999866244095575e-04  3.657240973120590e-06 -4.642868318684084e-20  1.529629391484672e-18 -1.332267629550188e-14 -4.943961906533900e-17  7.395570986446986e-32  2.262967684655002e-33  9.999866244095448e-01  3.657240976761409e-03 -5.594298116836785e-18 -1.698031538654298e-19 
 4.478822737083084e+04 -1.232637514075410e-17  3.561712199086810e-15  5.216569122971742e-34 -1.756019112563994e-32  9.999873728008515e-04  3.553454615112805e-06 -4.143610705131098e-20  1.411971464027296e-18 -1.265654248072678e-14 -4.380176776841438e-17  6.240013019814644e-32  1.853707571472715e-33  9.999873728008397e-01  3.553454618621159e-03 -5.017439876421610e-18 -1.472431852481852e-19 
 4.609639930333651e+04 -1.218397137747519e-17  3.472808666437463e-15  4.392764484240983e-34 -1.539559362095887e-32  9.999880793186411e-04  3.452613395071857e-06 -3.724942468712518e-20  1.299740412094919e-18 -1.199040866595169e-14 -4.206704429243757e-17  5.315566646508771e-32  1.516669831204948e-33  9.999880793186298e-01  3.452613398483218e-03 -4.487554656058152e-18 -1.286093958721879e-19 
 4.744278024533984e+04 -1.124707308186174e-17  3.309483573513341e-15  3.588149280208255e-34 -1.308956857419972e-32  9.999887463057503e-04  3.354633751062597e-06 -3.254913302363018e-20  1.169352728642520e-18 -1.110223024625157e-14 -3.773023560249555e-17  4.391120273202898e-32  1.203706215242022e-33  9.999887463057396e-01  3.354633754341591e-03 -3.922794280163074e-18 -1.091916491250583e-19 
 4.882848620336148e+04 -1.011199824327787e-17  3.133655034548426e-15  2.917431870716585e-34 -1.075387545256544e-32  9.999893759739295e-04  3.259434490809898e-06 -2.819192118545239e-20  1.045311691088797e-18 -1.021405182655144e-14 -3.295974604355933e-17  3.505192498784769e-32  9.509279100411977e-34  9.999893759739195e-01  3.259434494094026e-03 -3.407161180783794e-18 -9.189069661580014e-20 
 5.025466578017541e+04 -9.996532494251336e-18  3.155069981747271e-15  2.622562525224881e-34 -9.851713138236074e-33  9.999899704111850e-04  3.166936725251812e-06 -2.606943568429273e-20  9.935985745910470e-19 -9.992007221626409e-15 -3.165870343657673e-17  3.120006509907322e-32  8.305572885169955e-34  9.999899704111755e-01  3.166936728411026e-03 -3.146695379230009e-18 -8.256108141123436e-20 
 5.172250112687846e+04 -9.724756624990014e-18  3.102902055880872e-15  2.268860961625060e-34 -9.012854578593343e-33  9.999905315887046e-04  3.077063802481295e-06 -2.356880503764594e-20  9.225212973810715e-19 -9.547918011776346e-15 -2.992397996059992e-17  2.773339119917620e-32  6.981496048403730e-34  9.999905315886954e-01  3.077063805499686e-03 -2.838683771799397e-18 -7.252340360163283e-20 
 5.323320892276773e+04 -9.138466597130402e-18  3.044995092173990e-15  1.892260290545229e-34 -7.858919334349545e-33  9.999910613673901e-04  2.989741244685540e-06 -2.117803574382162e-20  8.546760863448131e-19 -9.103828801926284e-15 -2.732189474663471e-17  2.349634532152428e-32  5.657419211637505e-34  9.999910613673816e-01  2.989741247709405e-03 -2.555283189513578e-18 -6.331741297986004e-20 
 5.478804138383825e+04 -8.509631692020401e-18  2.828183557432184e-15  1.471006187554451e-34 -6.497289301648953e-33  9.999915615040292e-04  2.904896687028202e-06 -1.811251758852296e-20  7.494232805780746e-19 -8.215650382226158e-15 -2.471980953266950e-17  1.887411345499491e-32  4.273157064109180e-34  9.999915615040210e-01  2.904896689927987e-03 -2.177015577843404e-18 -5.261543638431072e-20 
 5.638828730073681e+04 -8.143571358940395e-18  2.832119005433761e-15  1.386030018040764e-34 -5.731767213067038e-33  9.999920336571191e-04  2.822459816920198e-06 -1.660321786659751e-20  7.084943488725302e-19 -7.993605777301127e-15 -2.298508605669269e-17  1.617781153285278e-32  3.912045199536573e-34  9.999920336571113e-01  2.822459819718055e-03 -1.999712762587552e-18 -4.686228862755577e-20 
 5.803527310703221e+04 -7.432587374716580e-18  2.752903851469494e-15  1.119264126152602e-34 -4.775526938251101e-33  9.999924793923658e-04  2.742362316399127e-06 -1.474263560242534e-20  6.501610969852080e-19 -7.549516567451064e-15 -2.038300084272748e-17  1.309632362183320e-32  3.069450848867157e-34  9.999924793923586e-01  2.742362319145017e-03 -1.782990702919716e-18 -4.042995241878586e-20 
 5.973036397868758e+04 -7.324159742432364e-18  2.749977844625272e-15  9.712566211930162e-35 -4.409053312950623e-33  9.999929001878749e-04  2.664537805618927e-06 -1.353320068173824e-20  6.131438694059881e-19 -7.327471962526033e-15 -1.951563910473908e-17  1.174817266076214e-32  2.587968362770348e-34  9.999929001878681e-01  2.664537808249225e-03 -1.633756621293549e-18 -3.605998090220535e-20 
 6.147496496564593e+04 -6.868031517589289e-18  2.572999124638329e-15  7.904011848752501e-35 -3.570753588142307e-33  9.999932974390534e-04  2.588921787560761e-06 -1.165886192965351e-20  5.415957290355706e-19 -6.661338147750939e-15 -1.778091562876227e-17  9.244463733058732e-33  2.046300565911438e-34  9.999932974390470e-01  2.588921790116177e-03 -1.402158382386060e-18 -3.018408400829860e-20 
 6.327052215646706e+04 -6.379009890654413e-18  2.559879428552344e-15  6.938567094343507e-35 -3.139103457854718e-33  9.999936724632353e-04  2.515451594964357e-06 -1.058811092871866e-20  5.086961978998034e-19 -6.439293542825908e-15 -1.604619215278547e-17  7.896312771987667e-33  1.745374012100932e-34  9.999936724632292e-01  2.515451597499959e-03 -1.279608760420692e-18 -2.663404907807688e-20 
 6.511852387698107e+04 -5.855562489236243e-18  2.452948359127328e-15  5.294358954551199e-35 -2.757991641440625e-33  9.999940265040500e-04  2.444066338536111e-06 -9.290787514189025e-21  4.601820670860348e-19 -5.995204332975845e-15 -1.431146867680866e-17  6.740754805355325e-33  1.293984181385174e-34  9.999940265040442e-01  2.444066340956281e-03 -1.124722219400286e-18 -2.270743668718736e-20 
 6.702050192395209e+04 -5.661343452202860e-18  2.337586973812794e-15  4.435229531917882e-35 -2.270837520341956e-33  9.999943607355464e-04  2.374706855989839e-06 -8.163779229414182e-21  4.140090701853470e-19 -5.551115123125783e-15 -1.344410693882025e-17  5.392603844284260e-33  1.053242938336770e-34  9.999943607355409e-01  2.374706858442714e-03 -9.831557227017539e-19 -1.938669185358428e-20 
 6.897803283477479e+04 -5.450783535618331e-18  2.405863077790160e-15  4.043085062246268e-35 -2.253693866955339e-33  9.999946762660845e-04  2.307315663974130e-06 -7.671886245977613e-21  4.022673557323546e-19 -5.551115123125783e-15 -1.257674520083185e-17  5.200010849845537e-33  9.328723168125674e-35  9.999946762660792e-01  2.307315666344874e-03 -9.281627132317039e-19 -1.770155756414227e-20 
 7.099273919425608e+04 -5.029645940779453e-18  2.178997379882299e-15  3.087323576221479e-35 -1.718162685897171e-33  9.999949741420111e-04  2.241836909666617e-06 -6.410360249981460e-21  3.439541467177598e-19 -4.884981308350689e-15 -1.127570259384925e-17  3.851859888774472e-33  6.921310737641629e-35  9.999949741420062e-01  2.241836911888449e-03 -7.710929775127705e-19 -1.437105445378974e-20 
 7.306629097956528e+04 -4.778355273261712e-18  2.140703162421247e-15  2.763041689694888e-35 -1.547303346229137e-33  9.999952553511309e-04  2.178216324755233e-06 -5.773295162383831e-21  3.190073826139738e-19 -4.662936703425657e-15 -1.040834085586084e-17  3.370377402677663e-33  6.018531076210112e-35  9.999952553511262e-01  2.178216326898074e-03 -6.948703861267703e-19 -1.257554544925363e-20 
 7.520040694446747e+04 -4.508094429077209e-18  2.098313043352301e-15  2.274995560157235e-35 -1.319497424891196e-33  9.999955208259794e-04  2.116401180696226e-06 -5.184773807683214e-21  2.951988719106002e-19 -4.440892098500626e-15 -9.540979117872439e-18  2.792598419361492e-33  4.814824860968090e-35  9.999955208259748e-01  2.116401182865115e-03 -6.247620401099412e-19 -1.097311056994061e-20 
 7.739685604398743e+04 -4.217969625636449e-18  2.051620425909569e-15  1.902422841942650e-35 -1.123892878932273e-33  9.999957714469151e-04  2.056340245248922e-06 -4.641390056794273e-21  2.724841650817938e-19 -4.218847493575595e-15 -8.673617379884035e-18  2.311115933264683e-33  3.912045199536573e-35  9.999957714469109e-01  2.056340247287521e-03 -5.603225247597701e-19 -9.544317535799534e-21 
 7.965745890068512e+04 -3.907051052781331e-18  2.000410139024041e-15  1.732066924569917e-35 -1.012129542009551e-33  9.999960080450418e-04  1.997983739343567e-06 -4.139967249418449e-21  2.508204126967104e-19 -3.996802888650564e-15 -7.806255641895632e-18  2.022226441606598e-33  3.460655368820814e-35  9.999960080450379e-01  1.997983741245885e-03 -5.011371070573695e-19 -8.271620273564071e-21 
 8.198408931375804e+04 -3.797769751360552e-18  1.944458112696603e-15  1.472629723961827e-35 -8.928786536863286e-34  9.999962314049613e-04  1.941283296225116e-06 -3.703987573524151e-21  2.301659370627230e-19 -3.774758283725532e-15 -7.372574772901430e-18  1.733336949948512e-33  2.858802261199803e-35  9.999962314049576e-01  1.941283298180860e-03 -4.468189733097772e-19 -7.190516311295982e-21 
 8.437867581222135e+04 -3.333886731564360e-18  1.648089661507127e-15  1.037018352184823e-35 -6.381651398060451e-34  9.999964422673761e-04  1.886191921873781e-06 -2.902748345975903e-21  1.841709986837988e-19 -3.108624468950438e-15 -6.288372600415926e-18  1.203706215242022e-33  1.956022599768286e-35  9.999964422673726e-01  1.886191923838063e-03 -3.473830862187107e-19 -5.475159966269279e-21 
 8.684320325345318e+04 -3.431262700750985e-18  1.817386037363280e-15  9.852069449770453e-36 -6.305324447853090e-34  9.999966413315456e-04  1.832663955481095e-06 -2.921243788423114e-21  1.917284248568305e-19 -3.330669073875470e-15 -6.288372600415926e-18  1.155557966632342e-33  1.805559322863034e-35  9.999966413315422e-01  1.832663957347521e-03 -3.513749539860994e-19 -5.353676182891679e-21 
 8.937971446843017e+04 -3.166157012438102e-18  1.745770266550486e-15  8.449856766315334e-36 -5.678303746963905e-34  9.999968292576046e-04  1.780655031646816e-06 -2.570338528007496e-21  1.738700175904387e-19 -3.108624468950438e-15 -5.637851296924623e-18  1.011113220803299e-33  1.504632769052528e-35  9.999968292576015e-01  1.780655033405649e-03 -3.096035036536982e-19 -4.576900749626260e-21 
 9.199031195501702e+04 -3.133301867088776e-18  1.668420578187431e-15  6.522494767393034e-36 -4.730982871282414e-34  9.999970066687535e-04  1.730122043741567e-06 -2.271389642025225e-21  1.568701912795566e-19 -2.886579864025407e-15 -5.421010862427522e-18  8.185202263645752e-34  1.128474576789396e-35  9.999970066687506e-01  1.730122045528634e-03 -2.714053886252846e-19 -3.929793056825583e-21 
 9.467715962071337e+04 -2.708848098813454e-18  1.585063116105701e-15  4.922869170336689e-36 -3.437057748016889e-34  9.999971741533229e-04  1.681023108712765e-06 -1.963084562433992e-21  1.406953624489511e-19 -2.664535259100376e-15 -4.553649124439119e-18  5.777789833161708e-34  8.275480229788904e-36  9.999971741533199e-01  1.681023110346971e-03 -2.365128241443085e-19 -3.299999842310502e-21 
 9.744248457630289e+04 -2.655207596260772e-18  1.495412918214066e-15  4.836353498366784e-36 -3.242659869381158e-34  9.999973322667251e-04  1.633317531335443e-06 -1.713240213197160e-21  1.253115834088133e-19 -2.442490654175344e-15 -4.336808689942018e-18  5.296307347064899e-34  7.899322037525772e-36  9.999973322667225e-01  1.633317532911745e-03 -2.046741522745938e-19 -2.798272743349688e-21 
 1.002885789818911e+05 -2.869398782094047e-18  1.679008201636746e-15  4.740584218321717e-36 -3.337371289698489e-34  9.999974815332979e-04  1.586965771349647e-06 -1.762274022402942e-21  1.328251379258576e-19 -2.664535259100376e-15 -4.553649124439119e-18  5.296307347064899e-34  7.523163845262640e-36  9.999974815332954e-01  1.586965772984069e-03 -2.107894785465071e-19 -2.796675599506803e-21 
 1.032178019468623e+05 -2.390692202090092e-18  1.584044527314282e-15  3.171380501670872e-36 -2.810331029172958e-34  9.999976224480396e-04  1.541929410708853e-06 -1.507145944011394e-21  1.183021575568935e-19 -2.442490654175344e-15 -3.686287386450715e-18  4.333342374871281e-34  4.890056499420716e-36  9.999976224480371e-01  1.541929412279899e-03 -1.824140099719318e-19 -2.323918184905759e-21 
 1.062325814853299e+05 -2.171046529832912e-18  1.482101097699268e-15  2.761854614008699e-36 -2.410345844953046e-34  9.999977554782536e-04  1.498171121161462e-06 -1.293314239853619e-21  1.044960735419609e-19 -2.220446049250313e-15 -3.252606517456513e-18  3.611118645726067e-34  4.137740114894452e-36  9.999977554782515e-01  1.498171122643225e-03 -1.565533511975699e-19 -1.937610395660634e-21 
 1.093354165287019e+05 -2.085494441554517e-18  1.372851198097602e-15  2.325700392932418e-36 -2.315363946741608e-34  9.999978810650975e-04  1.455654633719661e-06 -1.107616874769924e-21  9.137804248518533e-20 -1.998401444325282e-15 -3.035766082959412e-18  3.370377402677663e-34  3.385423730368188e-36  9.999978810650955e-01  1.455654635121378e-03 -1.330151529423284e-19 -1.612311054079661e-21 
 1.125288789970294e+05 -1.993092624300598e-18  1.569943728679856e-15  2.393629314348787e-36 -2.042563681577631e-34  9.999979996250438e-04  1.414344708572379e-06 -1.141463667706411e-21  9.865064628454493e-20 -2.220446049250313e-15 -2.818925648462312e-18  2.888894916580854e-34  3.385423730368188e-36  9.999979996250420e-01  1.414344709916950e-03 -1.395262988073482e-19 -1.614426329440959e-21 
 1.158156159308539e+05 -2.051306757412108e-18  1.454218698177691e-15  1.916088455352962e-36 -1.576667071833295e-34  9.999981115512641e-04  1.374207105886427e-06 -9.851174308943167e-22  8.626629306465884e-20 -1.998401444325282e-15 -2.818925648462312e-18  2.166671187435640e-34  2.633107345841924e-36  9.999981115512622e-01  1.374207107191532e-03 -1.185479769122989e-19 -1.353757931455687e-21 
 1.191983516853230e+05 -1.786417943138950e-18  1.496693433088051e-15  1.831192494104609e-36 -1.803020301887615e-34  9.999982172149298e-04  1.335208557495804e-06 -9.151668377468818e-22  8.381876238572656e-20 -1.998401444325282e-15 -2.385244779468110e-18  2.407412430484045e-34  2.445028249710358e-36  9.999982172149281e-01  1.335208558697174e-03 -1.119157284385167e-19 -1.221940772853231e-21 
 1.226798901883902e+05 -1.671450485653299e-18  1.198095708116285e-15  1.014826538738465e-36 -1.020625547531256e-34  9.999983169664464e-04  1.297316738924081e-06 -6.868823307204221e-22  6.334246902554318e-20 -1.554312234475219e-15 -2.168404344971009e-18  1.324076836766225e-34  1.316553672920962e-36  9.999983169664447e-01  1.297316740212141e-03 -8.217538373713432e-20 -8.911054459599013e-22 
 1.262631172649735e+05 -1.892297125334992e-18  1.409245277340387e-15  1.342886828253561e-36 -1.336918442350211e-34  9.999984111366115e-04  1.260500243516205e-06 -7.401928788037245e-22  7.033736415744255e-20 -1.776356839400250e-15 -2.385244779468110e-18  1.685188701338831e-34  1.692711865184094e-36  9.999984111366100e-01  1.260500244758206e-03 -8.866040560537587e-20 -9.330147873334124e-22 
 1.299510030289965e+05 -1.593464096775449e-18  1.450406431198275e-15  1.074974279867658e-36 -1.081116990038331e-34  9.999985000377157e-04  1.224728555349053e-06 -6.846987797595092e-22  6.834171355157598e-20 -1.776356839400250e-15 -1.951563910473908e-18  1.324076836766225e-34  1.316553672920962e-36  9.999985000377143e-01  1.224728556577363e-03 -8.370017373914904e-20 -8.385714060506271e-22 
 1.337466043452970e+05 -1.457783025036206e-18  1.119577363227806e-15  7.112391852405351e-37 -7.080781221950217e-35  9.999985839645753e-04  1.189972024695507e-06 -4.964777500594110e-22  4.980180205855866e-20 -1.332267629550188e-15 -1.734723475976807e-18  8.425943506694157e-35  8.463559325920470e-37  9.999985839645739e-01  1.189972025846459e-03 -5.926283520470142e-20 -5.907954706132043e-22 
 1.376530673634429e+05 -1.312816633272847e-18  7.681852756979399e-16  3.660065089378781e-37 -3.123255542936560e-35  9.999986631955113e-04  1.156201843044435e-06 -3.267851254295589e-22  3.225900219080778e-20 -8.881784197001252e-16 -1.517883041479706e-18  3.611118645726067e-35  4.231779662960235e-37  9.999986631955099e-01  1.156201844108855e-03 -3.729796768221416e-20 -3.778300697339325e-22 
 1.416736301255549e+05 -1.351161304919588e-18  1.383589176237658e-15  5.859728088688667e-37 -6.428958817304138e-35  9.999987379932720e-04  1.123390019230897e-06 -5.023631215630574e-22  5.485170718316531e-20 -1.554312234475219e-15 -1.517883041479706e-18  7.222237291452134e-35  6.582768364604810e-37  9.999987379932708e-01  1.123390020402804e-03 -6.161993821640132e-20 -5.643504295963784e-22 
 1.458116252502992e+05 -1.191965096142091e-18  1.017143548707917e-15  4.738547538135209e-37 -4.411156980954958e-35  9.999988086059042e-04  1.091509356898612e-06 -3.472444682981875e-22  3.806798089507434e-20 -1.110223024625157e-15 -1.301042606982605e-18  4.814824860968090e-35  5.172175143618065e-37  9.999988086059031e-01  1.091509358066834e-03 -4.155160689402221e-20 -3.790210382478408e-22 
 1.500704826952738e+05 -8.178532954278047e-19  8.374817745180720e-16  2.660154959031765e-37 -2.269998898373773e-35  9.999988752675765e-04  1.060533431185284e-06 -2.574575667561827e-22  2.959026296716008e-20 -8.881784197001252e-16 -8.673617379884035e-19  2.407412430484045e-35  2.821186441973490e-37  9.999988752675752e-01  1.060533432202939e-03 -3.138149844013859e-20 -2.730426640184890e-22 
 1.544537326000778e+05 -1.052176383468086e-18  8.619428933370563e-16  2.737852609905697e-37 -3.504451340679292e-35  9.999989381993546e-04  1.030436566740178e-06 -2.508687852041444e-22  2.875055755135002e-20 -8.881784197001252e-16 -1.084202172485504e-18  3.611118645726067e-35  2.821186441973490e-37  9.999989381993535e-01  1.030436567778964e-03 -2.962565730148673e-20 -2.585046444690350e-22 
 1.589650082124220e+05 -1.082908289901934e-18  1.108898088859581e-15  2.817819649234175e-37 -4.207944009523034e-35  9.999989976099354e-04  1.001193817407042e-06 -2.887253078915196e-22  3.491847336775245e-20 -1.110223024625157e-15 -1.084202172485504e-18  4.212971753347078e-35  2.821186441973490e-37  9.999989976099343e-01  1.001193818352062e-03 -3.496019472583670e-20 -2.890702832239650e-22 
 1.636080488997045e+05 -1.337445374479535e-18  1.141286719555870e-15  2.900122361182802e-37 -4.330849392699651e-35  9.999990536963387e-04  9.727809444637359e-07 -2.801377769716978e-22  3.392756921929356e-20 -1.110223024625157e-15 -1.301042606982605e-18  4.212971753347078e-35  2.821186441973490e-37  9.999990536963378e-01  9.727809453956363e-04 -3.300412409204374e-20 -2.725129494035618e-22 
 1.683867032485479e+05 -9.176729339752156e-19  9.396970843906207e-16  2.238621724455920e-37 -2.547054050936513e-35  9.999991066445607e-04  9.451743971933269e-07 -2.072973596065217e-22  2.637189664569031e-20 -8.881784197001252e-16 -8.673617379884035e-19  2.407412430484045e-35  2.115889831480118e-37  9.999991066445598e-01  9.451743982126673e-04 -2.492606380965168e-20 -1.959323321543836e-22 
 1.733049322548687e+05 -8.264167375642452e-19  9.671437020180424e-16  2.048006450846943e-37 -2.621448257084087e-35  9.999991566301905e-04  9.183512934551885e-07 -1.932811489909381e-22  2.562357302333375e-20 -8.881784197001252e-16 -7.589415207398531e-19  2.407412430484045e-35  1.880790961315660e-37  9.999991566301897e-01  9.183512944188012e-04 -2.353146129933726e-20 -1.775001430608430e-22 
 1.783668126071209e+05 -9.720624793477904e-19  7.465439841391030e-16  1.317390314875650e-37 -2.023511523648999e-35  9.999992038189924e-04  8.922893999230297e-07 -1.456605956809815e-22  1.867229022554914e-20 -6.661338147750939e-16 -8.673617379884035e-19  1.805559322863034e-35  1.175494350822288e-37  9.999992038189919e-01  8.922894009790614e-04 -1.666109992551375e-20 -1.299715091472834e-22 
 1.835765400654373e+05 -5.002272117716080e-19  5.122326648541266e-16  5.423474297391439e-38 -5.206535325495781e-36  9.999992483674567e-04  8.669671147654157e-07 -8.818357170316846e-23  1.209497856250753e-20 -4.440892098500626e-16 -4.336808689942018e-19  4.513898307157584e-36  4.701977403289150e-38  9.999992483674560e-01  8.669671157824889e-04 -1.048595656137439e-20 -7.645231428294169e-23 
 1.889384329394676e+05 -5.148378189942855e-19  5.271939266501484e-16  2.790941409156516e-38 -7.144810007440682e-36  9.999992904233166e-04  8.423634489940213e-07 -8.357529437025563e-23  1.175175975124621e-20 -4.440892098500626e-16 -4.336808689942018e-19  6.018531076210112e-36  2.350988701644575e-38  9.999992904233157e-01  8.423634497394659e-04 -9.899259908853179e-21 -7.040082323350255e-23 
 1.944569356677981e+05 -7.948127579707077e-19  8.138882641620047e-16  7.181147657591974e-38 -1.470699040274836e-35  9.999993301260395e-04  8.184580084780180e-07 -1.188234080829306e-22  1.712741870383685e-20 -6.661338147750939e-16 -6.505213034913027e-19  1.203706215242022e-35  5.877471754111438e-38  9.999993301260388e-01  8.184580093869041e-04 -1.401808240862672e-20 -9.725203519472917e-23 
 2.001366225019179e+05 -6.816896688694188e-19  5.584401767378279e-16  4.434536519694888e-38 -9.460344575349094e-36  9.999993676072900e-04  7.952309790670853e-07 -7.779943441709018e-23  1.109424483272553e-20 -4.440892098500626e-16 -5.421010862427522e-19  7.523163845262640e-36  3.526483052466863e-38  9.999993676072892e-01  7.952309799869057e-04 -8.822492769823098e-21 -6.186855959915570e-23 
 2.059822012977870e+05 -2.806401683816500e-19  5.747510648456192e-16  4.564060203691240e-38 -7.789329414299717e-36  9.999994029913648e-04  7.726631083837532e-07 -6.592474174985372e-23  1.077946515309360e-20 -4.440892098500626e-16 -2.168404344971009e-19  6.018531076210112e-36  3.526483052466863e-38  9.999994029913639e-01  7.726631091049025e-04 -8.328900032102497e-21 -5.093764633759447e-23 
 2.119985174181474e+05 -4.332556350745843e-19  5.915383604218325e-16  3.131578005263008e-38 -4.008419846736651e-36  9.999994363956062e-04  7.507356900582351e-07 -6.493832124799739e-23  1.047355738842010e-20 -4.440892098500626e-16 -3.252606517456513e-19  3.009265538105056e-36  2.350988701644575e-38  9.999994363956056e-01  7.507356906536847e-04 -7.862877771149029e-21 -4.875154292858997e-23 
 2.181905577488136e+05 -7.431835673193558e-19  1.217631956696032e-15  8.057612382431726e-38 -1.650199015922018e-35  9.999994679307917e-04  7.294305486293950e-07 -1.205484221953503e-22  2.035270112365359e-20 -8.881784197001252e-16 -5.421010862427522e-19  1.203706215242022e-35  5.877471754111438e-38  9.999994679307911e-01  7.294305493901059e-04 -1.484588986124013e-20 -8.793174861584071e-23 
 2.245634548322702e+05 -4.589342577617926e-19  9.398973598961512e-16  6.634366923911440e-38 -6.368992246954982e-36  9.999994977014993e-04  7.087300251118478e-07 -8.379908529869127e-23  1.483136448674695e-20 -6.661338147750939e-16 -3.252606517456513e-19  4.513898307157584e-36  4.701977403289150e-38  9.999994977014987e-01  7.087300258516294e-04 -1.051143861598696e-20 -5.939095772207339e-23 
 2.311224911220029e+05 -3.148925218616068e-19  3.224499423862854e-16  8.535178907544833e-39 -0.000000000000000e+00  9.999995258064562e-04  6.886169612307924e-07 -2.878215393550498e-23  4.803483053356547e-21 -2.220446049250313e-16 -2.168404344971009e-19  0.000000000000000e+00  5.877471754111438e-39  9.999995258064556e-01  6.886169617202491e-04 -3.307761474396226e-21 -1.981988879329525e-23 
 2.378731033610911e+05 -4.861348264082230e-19  9.956041244840407e-16  4.392236957605492e-38 -6.746475966882034e-36  9.999995523388655e-04  6.690746849891127e-07 -7.506656113794742e-23  1.400154696329604e-20 -6.661338147750939e-16 -3.252606517456513e-19  4.513898307157584e-36  2.938735877055719e-38  9.999995523388651e-01  6.690746856016592e-04 -9.368084826131642e-21 -5.022515827642123e-23 
 2.448208870886886e+05 -5.003338240612296e-19  1.024683671677398e-15  4.520525158459711e-38 -6.943526643394115e-36  9.999995773867156e-04  6.500869984549240e-07 -7.105496872607787e-23  1.360421324144209e-20 -6.661338147750939e-16 -3.252606517456513e-19  4.513898307157584e-36  2.938735877055719e-38  9.999995773867153e-01  6.500869992079018e-04 -8.843925900274061e-21 -4.619193091927090e-23 
 2.519716012781308e+05 -3.432983634729625e-19  7.030750483926272e-16  1.861024157440521e-38 -2.382110921523867e-36  9.999996010330715e-04  6.316381633286738e-07 -4.484165232407284e-23  8.812102735045889e-21 -4.440892098500626e-16 -2.168404344971009e-19  1.504632769052528e-36  1.175494350822288e-38  9.999996010330711e-01  6.316381639320476e-04 -5.566062612619865e-21 -2.832371024188029e-23 
 2.593311731105100e+05 -5.299881030725219e-19  1.085415635092525e-15  3.830761684951331e-38 -4.903374956737704e-36  9.999996233563502e-04  6.137128873984210e-07 -6.367698367934860e-23  1.284304969670682e-20 -6.661338147750939e-16 -3.252606517456513e-19  3.009265538105056e-36  2.350988701644575e-38  9.999996233563497e-01  6.137128878037941e-04 -7.881948086259282e-21 -3.907940025949605e-23 
 2.669057028876782e+05 -3.636453097815563e-19  1.117118391648941e-15  9.856625871983190e-39 -0.000000000000000e+00  9.999996444305817e-04  5.962963123273823e-07 -5.825602588588838e-23  1.247859806237177e-20 -6.661338147750939e-16 -2.168404344971009e-19  0.000000000000000e+00  5.877471754111438e-39  9.999996444305812e-01  5.962963128151739e-04 -7.440944659467224e-21 -3.473786578674330e-23 
 2.747014690887481e+05 -1.871333203889329e-19  3.832490401565345e-16 -0.000000000000000e+00 -6.492491280323423e-37  9.999996643256532e-04  5.793740021076133e-07 -1.902729364539701e-23  4.041490255604116e-21 -2.220446049250313e-16 -1.084202172485504e-19  3.761581922631320e-37  0.000000000000000e+00  9.999996643256527e-01  5.793740026058813e-04 -2.341535171875313e-21 -1.102392297853926e-23 
 2.827249335742841e+05 -1.925990994951814e-19  3.944429557661314e-16  7.830613578428529e-39 -0.000000000000000e+00  9.999996831075418e-04  5.629319301814206e-07 -1.801709218920453e-23  3.926800287663411e-21 -2.220446049250313e-16 -1.084202172485504e-19  0.000000000000000e+00  4.408103815583578e-39  9.999996831075414e-01  5.629319304980128e-04 -2.210521967112256e-21 -1.014239970207954e-23 
 2.909827469424971e+05 -3.964490455174817e-19  4.059638226099012e-16  5.372886455373228e-39 -1.375458932575546e-36  9.999997008385334e-04  5.469564672289096e-07 -1.892484335277797e-23  3.815357392296952e-21 -2.220446049250313e-16 -2.168404344971009e-19  7.523163845262640e-37  2.938735877055719e-39  9.999997008385331e-01  5.469564678703124e-04 -2.086835027254254e-21 -1.035106857187525e-23 
 2.994817540418824e+05 -2.040142530568459e-19  4.178211902604203e-16  2.764908704777997e-39 -1.415633256846334e-36  9.999997175774281e-04  5.314343725082438e-07 -1.615859077493973e-23  3.707091498400238e-21 -2.220446049250313e-16 -1.084202172485504e-19  7.523163845262640e-37  1.469367938527859e-39  9.999997175774278e-01  5.314343728622922e-04 -1.970076401989510e-21 -8.587232980046935e-24 
 3.082289996448710e+05 -6.299192683793317e-19  4.300248872136238e-16  5.691331993894591e-39 -1.456980990437015e-36  9.999997333797368e-04  5.163527789786571e-07 -1.882187261126558e-23  3.601877397068341e-21 -2.220446049250313e-16 -3.252606517456513e-19  7.523163845262640e-37  2.938735877055719e-39  9.999997333797364e-01  5.163527793988702e-04 -1.859839900901210e-21 -9.718728827528492e-24 
 3.172317342871963e+05 -4.322119424175612e-19  4.425850290355827e-16  2.928782043395622e-39 -0.000000000000000e+00  9.999997482978632e-04  5.016991859729814e-07 -1.620540478675271e-23  3.499668777682523e-21 -2.220446049250313e-16 -2.168404344971009e-19  0.000000000000000e+00  1.469367938527859e-39  9.999997482978632e-01  5.016991865264336e-04 -1.755781420809215e-21 -8.130240445244299e-24 
 3.264974202778162e+05 -0.000000000000000e+00 -0.000000000000000e+00 -0.000000000000000e+00 -0.000000000000000e+00  9.999997623812806e-04  4.874614476513273e-07 -0.000000000000000e+00 -0.000000000000000e+00  0.000000000000000e+00  0.000000000000000e+00  0.000000000000000e+00  0.000000000000000e+00  9.999997623812803e-01  4.874614480514942e-04  0.000000000000000e+00  0.000000000000000e+00 
 3.360337378843735e+05 -4.578287064980453e-19  9.376331909079967e-16  1.240947195528523e-38 -2.382618615414763e-36  9.999997756766927e-04  4.736277618988538e-07 -2.601998634656974e-23  6.607726448910537e-21 -4.440892098500626e-16 -2.168404344971009e-19  1.128474576789396e-36  5.877471754111438e-39  9.999997756766925e-01  4.736277624733505e-04 -3.129603395076459e-21 -1.232379067742644e-23 
 3.458485916993202e+05 -0.000000000000000e+00 -0.000000000000000e+00 -0.000000000000000e+00 -0.000000000000000e+00  9.999997882281907e-04  4.601866629982965e-07 -0.000000000000000e+00 -0.000000000000000e+00  0.000000000000000e+00  0.000000000000000e+00  0.000000000000000e+00  0.000000000000000e+00  9.999997882281904e-01  4.601866632024163e-04  0.000000000000000e+00  0.000000000000000e+00 
 3.559501171919839e+05 -2.424818751203909e-19  9.932057604931211e-16  6.572484394847165e-39 -8.412780025404371e-37  9.999998000773981e-04  4.471270087513801e-07 -2.183716428391261e-23  6.238018807758868e-21 -4.440892098500626e-16 -1.084202172485504e-19  3.761581922631320e-37  2.938735877055719e-39  9.999998000773980e-01  4.471270090561140e-04 -2.789187249570581e-21 -9.763987904574707e-24 
 3.663466874520053e+05 -1.247821357923499e-19  5.111076282054654e-16  3.382226567836176e-39 -0.000000000000000e+00  9.999998112636107e-04  4.344379744836147e-07 -1.032865917343874e-23  3.030496539594782e-21 -2.220446049250313e-16 -5.421010862427522e-20  0.000000000000000e+00  1.469367938527859e-39  9.999998112636105e-01  4.344379750244548e-04 -1.316563028463527e-21 -4.487162622917358e-24 
 3.770469201297392e+05 -1.284267651359076e-19  1.052072059993355e-15 -0.000000000000000e+00 -8.911396977000747e-37  9.999998218239243e-04  4.221090428302432e-07 -1.882342378476050e-23  5.888993112332478e-21 -4.440892098500626e-16 -5.421010862427522e-20  3.761581922631320e-37  0.000000000000000e+00  9.999998218239241e-01  4.221090432976566e-04 -2.485797691542829e-21 -7.945538821076537e-24 
 3.880596845793692e+05 -3.965335398022112e-19  5.414004596766191e-16 -0.000000000000000e+00 -0.000000000000000e+00  9.999998317933596e-04  4.101299939662795e-07 -1.064119287463721e-23  2.860930695066620e-21 -2.220446049250313e-16 -1.626303258728257e-19  0.000000000000000e+00  0.000000000000000e+00  9.999998317933595e-01  4.101299945483654e-04 -1.173353687736806e-21 -4.364273109762782e-24 
 3.993941092106586e+05 -0.000000000000000e+00  5.572136527224301e-16 -0.000000000000000e+00 -4.719783225158141e-37  9.999998412049780e-04  3.984908993892589e-07 -8.067623451032972e-24  2.779747510150940e-21 -2.220446049250313e-16  0.000000000000000e+00  1.880790961315660e-37  0.000000000000000e+00  9.999998412049779e-01  3.984908994612565e-04 -1.107704261493159e-21 -3.214875036023007e-24 
 4.110595890554304e+05 -0.000000000000000e+00  5.734887165883238e-16 -0.000000000000000e+00 -4.857638378288941e-37  9.999998500899911e-04  3.871821103729189e-07 -7.616220667344322e-24  2.700862044030069e-21 -2.220446049250313e-16  0.000000000000000e+00  1.880790961315660e-37  0.000000000000000e+00  9.999998500899909e-01  3.871821105029975e-04 -1.045725623149739e-21 -2.948864834103276e-24 
 4.230657935550495e+05 -1.441013529224297e-19 -0.000000000000000e+00 -0.000000000000000e+00 -2.383956907601909e-43  9.999998584778636e-04  3.761942539703966e-07 -6.406775340566423e-25 -1.755389355929829e-27  0.000000000000000e+00 -5.421010862427522e-20  8.968310171678829e-44  0.000000000000000e+00  9.999998584778633e-01  3.761942539257514e-04  6.603674825598442e-28 -2.410192410409866e-25 
 4.354226745753596e+05 -0.000000000000000e+00  6.074788119880241e-16  3.014968174879436e-39 -5.145545685127571e-37  9.999998663964118e-04  3.655182219119979e-07 -6.787772693654409e-24  2.549743394849320e-21 -2.220446049250313e-16  0.000000000000000e+00  1.880790961315660e-37  1.102025953895895e-39  9.999998663964116e-01  3.655182219975974e-04 -9.319777967510191e-22 -2.481054937786244e-24 
 4.481404746557218e+05 -0.000000000000000e+00 -0.000000000000000e+00 -0.000000000000000e+00 -0.000000000000000e+00  9.999998738718960e-04  3.551451652761273e-07 -0.000000000000000e+00 -0.000000000000000e+00  0.000000000000000e+00  0.000000000000000e+00  0.000000000000000e+00  0.000000000000000e+00  9.999998738718956e-01  3.551451654534282e-04  0.000000000000000e+00  0.000000000000000e+00 
 4.612297354989894e+05  1.571004555460721e-19 -0.000000000000000e+00 -1.330692618761827e-40 -0.000000000000000e+00  9.999998809291063e-04  3.450664856075036e-07  5.876660003859599e-25  1.476913577787821e-27  0.000000000000000e+00  5.421010862427522e-20  0.000000000000000e+00 -4.591774807899561e-41  9.999998809291061e-01  3.450664861600684e-04 -5.096334393318472e-28  2.027838659345807e-25 
 4.747013067094577e+05 -3.233780729756740e-19 -0.000000000000000e+00  2.739118822300013e-40 -0.000000000000000e+00  9.999998875914466e-04  3.352738295880897e-07 -1.141977553175168e-24 -2.788553226679970e-27  0.000000000000000e+00 -1.084202172485504e-19  0.000000000000000e+00  9.183549615799121e-41  9.999998875914464e-01  3.352738299895384e-04  9.349290255326983e-28 -3.828752310535711e-25 
 4.885663547860312e+05 -4.992349213022773e-19  1.363244158436085e-15  6.765894828206987e-39 -1.732069076020989e-36  9.999998938810110e-04  3.257590792671294e-07 -1.244718400397115e-23  4.544793311448279e-21 -4.440892098500626e-16 -1.626303258728257e-19  5.642372883946980e-37  2.204051907791789e-39  9.999998938810108e-01  3.257590798945539e-04 -1.480507844558310e-21 -4.054783638701393e-24 
 5.028363723780633e+05 -1.712721819209360e-19 -0.000000000000000e+00 -1.450731810351651e-40 -1.416730283546535e-43  9.999998998186570e-04  3.165143489525235e-07 -5.390407063362312e-25 -1.242615146554506e-27  0.000000000000000e+00 -5.421010862427522e-20  4.484155085839415e-44 -4.591774807899561e-41  9.999998998186568e-01  3.165143491805261e-04  3.933055637954431e-28 -1.706141354401765e-25 
 5.175231878115393e+05 -3.525493796400142e-19  1.444042259005498e-15  2.388967520713252e-39 -1.834727055907777e-36  9.999999054240757e-04  3.075319741085991e-07 -1.065742126813810e-23  4.290503435008230e-21 -4.440892098500626e-16 -1.084202172485504e-19  5.642372883946980e-37  7.346839692639297e-40  9.999999054240757e-01  3.075319749684862e-04 -1.319467119766977e-21 -3.277498120634073e-24 
 5.326389748934999e+05  1.814233106779930e-19 -0.000000000000000e+00 -7.683576077210651e-41  1.500698452580205e-43  9.999999107158559e-04  2.988045113561100e-07  5.088801688062034e-25  1.107450490487316e-27  0.000000000000000e+00  5.421010862427522e-20 -4.484155085839415e-44 -2.295887403949780e-41  9.999999107158559e-01  2.988045118435150e-04 -3.309112327460500e-28  1.520557040031465e-25 
 5.481962630028315e+05 -0.000000000000000e+00  7.648145905814523e-16  1.265279603053318e-39 -6.478231567632986e-37  9.999999157115469e-04  2.903247251495600e-07 -4.282309952573974e-24  2.025221118068717e-21 -2.220446049250313e-16  0.000000000000000e+00  1.880790961315660e-37  3.673419846319648e-40  9.999999157115467e-01  2.903247256834170e-04 -5.879718151107981e-22 -1.243260567064916e-24 
 5.642079474757885e+05 -0.000000000000000e+00 -0.000000000000000e+00 -0.000000000000000e+00 -0.000000000000000e+00  9.999999204277151e-04  2.820855873331141e-07 -0.000000000000000e+00 -0.000000000000000e+00  0.000000000000000e+00  0.000000000000000e+00  0.000000000000000e+00  0.000000000000000e+00  9.999999204277150e-01  2.820855876625215e-04  0.000000000000000e+00  0.000000000000000e+00 
 5.806873002948543e+05 -0.000000000000000e+00 -0.000000000000000e+00 -0.000000000000000e+00 -0.000000000000000e+00  9.999999248800013e-04  2.740802678147247e-07 -0.000000000000000e+00 -0.000000000000000e+00  0.000000000000000e+00  0.000000000000000e+00  0.000000000000000e+00  0.000000000000000e+00  9.999999248800010e-01  2.740802684256440e-04  0.000000000000000e+00  0.000000000000000e+00 
 5.976479810898025e+05 -0.000000000000000e+00 -0.000000000000000e+00 -0.000000000000000e+00 -0.000000000000000e+00  9.999999290831695e-04  2.663021323456860e-07 -0.000000000000000e+00 -0.000000000000000e+00  0.000000000000000e+00  0.000000000000000e+00  0.000000000000000e+00  0.000000000000000e+00  9.999999290831693e-01  2.663021324273772e-04  0.000000000000000e+00  0.000000000000000e+00 
 6.151040484600761e+05 -2.095119173458471e-19 -0.000000000000000e+00 -0.000000000000000e+00  1.733041961272971e-43  9.999999330511592e-04  2.587447314184033e-07 -4.406566583783612e-25 -8.304116350503883e-28  0.000000000000000e+00 -5.421010862427522e-20 -4.484155085839415e-44  0.000000000000000e+00  9.999999330511592e-01  2.587447324320228e-04  2.148646507044906e-28 -1.140175967998443e-25 
 6.330699716278710e+05 -2.156313292066474e-19 -0.000000000000000e+00 -0.000000000000000e+00 -0.000000000000000e+00  9.999999367971291e-04  2.514018038191068e-07 -4.281513168780796e-25 -7.839479593993464e-28  0.000000000000000e+00 -5.421010862427522e-20  0.000000000000000e+00  0.000000000000000e+00  9.999999367971290e-01  2.514018041696028e-04  1.970859438244717e-28 -1.076380203237724e-25 
 6.515606424315809e+05 -0.000000000000000e+00 -0.000000000000000e+00 -0.000000000000000e+00 -0.000000000000000e+00  9.999999403335019e-04  2.442672606406404e-07 -0.000000000000000e+00 -0.000000000000000e+00  0.000000000000000e+00  0.000000000000000e+00  0.000000000000000e+00  0.000000000000000e+00  9.999999403335017e-01  2.442672611435240e-04  0.000000000000000e+00  0.000000000000000e+00 
 6.705913876695464e+05  1.142057898480715e-19 -0.000000000000000e+00 -0.000000000000000e+00  4.723440760181508e-44  9.999999436720048e-04  2.373351897233533e-07  2.020976067910615e-25  3.493372075843993e-28  0.000000000000000e+00  2.710505431213761e-20 -1.121038771459854e-44  0.000000000000000e+00  9.999999436720046e-01  2.373351895855912e-04 -8.291001706149948e-29  4.796487652431617e-26 
 6.901779818043403e+05 -2.350830117924348e-19  9.629000163018131e-16  7.964922253118541e-40 -2.039020096798346e-37  9.999999468237094e-04  2.305998441087809e-07 -3.094371490491719e-24  1.608599285872486e-21 -2.220446049250313e-16 -5.421010862427522e-20  4.701977403289150e-38  1.836709923159824e-40  9.999999468237093e-01  2.305998435541877e-04 -3.709427633889334e-22 -7.135616195504891e-25 
 7.103366600381178e+05 -2.419493026882439e-19  9.910243438110471e-16  4.098780618842921e-40 -2.098575676847576e-37  9.999999497990679e-04  2.240556398191984e-07 -2.932062192651845e-24  1.562949005028430e-21 -2.220446049250313e-16 -5.421010862427522e-20  4.701977403289150e-38  9.183549615799121e-41  9.999999497990676e-01  2.240556401715608e-04 -3.501875574568907e-22 -6.569451045766961e-25 
 7.310841317698718e+05  1.245080719040101e-19 -0.000000000000000e+00 -0.000000000000000e+00 -0.000000000000000e+00  9.999999526079466e-04  2.176971545253537e-07  1.853753423492374e-25  2.939180308386067e-28  0.000000000000000e+00  2.710505431213761e-20  0.000000000000000e+00  0.000000000000000e+00  9.999999526079465e-01  2.176971549962652e-04 -6.398512214805554e-29  4.035568654842651e-26 
 7.524375944457464e+05 -0.000000000000000e+00 -0.000000000000000e+00 -0.000000000000000e+00 -0.000000000000000e+00  9.999999552596612e-04  2.115191168883257e-07 -0.000000000000000e+00 -0.000000000000000e+00  0.000000000000000e+00  0.000000000000000e+00  0.000000000000000e+00  0.000000000000000e+00  9.999999552596610e-01  2.115191175269286e-04  0.000000000000000e+00  0.000000000000000e+00 
 7.744147478138894e+05 -1.318875392233088e-19 -0.000000000000000e+00 -0.000000000000000e+00 -0.000000000000000e+00  9.999999577630049e-04  2.055164065595250e-07 -1.750031288336847e-25 -2.619472269120681e-28  0.000000000000000e+00 -2.710505431213761e-20  0.000000000000000e+00  0.000000000000000e+00  9.999999577630048e-01  2.055164068336126e-04  5.383445512880284e-29 -3.596601574163511e-26 
 7.970338085956600e+05  1.357397027758127e-19 -0.000000000000000e+00 -0.000000000000000e+00 -5.614062524493132e-44  9.999999601262798e-04  1.996840470752659e-07  1.700367254158140e-25  2.472905892053802e-28  0.000000000000000e+00  2.710505431213761e-20  1.121038771459854e-44  0.000000000000000e+00  9.999999601262797e-01  1.996840473131497e-04 -4.937998768394763e-29  3.395362287676172e-26 
 8.203135255853524e+05 -0.000000000000000e+00 -0.000000000000000e+00 -0.000000000000000e+00 -0.000000000000000e+00  9.999999623573231e-04  1.940172049685884e-07 -0.000000000000000e+00 -0.000000000000000e+00  0.000000000000000e+00  0.000000000000000e+00  0.000000000000000e+00  0.000000000000000e+00  9.999999623573228e-01  1.940172045649361e-04  0.000000000000000e+00  0.000000000000000e+00 
 8.442731951909509e+05  2.875697149628525e-19 -0.000000000000000e+00 -0.000000000000000e+00 -5.946802324366798e-44  9.999999644635332e-04  1.885111817756524e-07  3.210454793969578e-25  4.407833146856696e-28  0.000000000000000e+00  5.421010862427522e-20  1.121038771459854e-44  0.000000000000000e+00  9.999999644635332e-01  1.885111813837636e-04 -8.309258633846374e-29  6.052066474972785e-26 
 8.689326774287984e+05  2.959690344232619e-19 -0.000000000000000e+00 -0.000000000000000e+00 -0.000000000000000e+00  9.999999664518954e-04  1.831614140357374e-07  3.119345433020977e-25  4.161203202312206e-28  0.000000000000000e+00  5.421010862427522e-20  0.000000000000000e+00  0.000000000000000e+00  9.999999664518954e-01  1.831614138663695e-04 -7.621718874901901e-29  5.713437390172242e-26 
 8.943124123854371e+05  1.523068403582651e-19 -0.000000000000000e+00  3.225222796891289e-41  3.149631637589149e-44  9.999999683290032e-04  1.779634670739938e-07  1.515410822504773e-25  1.964186419499857e-28  0.000000000000000e+00  2.710505431213761e-20 -5.605193857299268e-45  5.739718509874451e-42  9.999999683290033e-01  1.779634676284756e-04 -3.495534373536600e-29  2.696877733959505e-26 
 9.204334371602642e+05 -1.567554096672409e-19 -0.000000000000000e+00 -0.000000000000000e+00 -0.000000000000000e+00  9.999999701010816e-04  1.729130350014429e-07 -1.472405027911143e-25 -1.854284968348512e-28  0.000000000000000e+00 -2.710505431213761e-20  0.000000000000000e+00  0.000000000000000e+00  9.999999701010817e-01  1.729130341291838e-04  3.206300496037703e-29 -2.545980284553870e-26 
 9.473174033030493e+05 -0.000000000000000e+00 -0.000000000000000e+00 -0.000000000000000e+00 -0.000000000000000e+00  9.999999717740077e-04  1.680059265041223e-07 -0.000000000000000e+00 -0.000000000000000e+00  0.000000000000000e+00  0.000000000000000e+00  0.000000000000000e+00  0.000000000000000e+00  9.999999717740078e-01  1.680059270996788e-04  0.000000000000000e+00  0.000000000000000e+00 
 9.749865947607645e+05 -3.320922880709744e-19 -0.000000000000000e+00  3.516163869064770e-41 -0.000000000000000e+00  9.999999733533290e-04  1.632380781657616e-07 -2.780040329009084e-25 -3.305171626020896e-28  0.000000000000000e+00 -5.421010862427522e-20  0.000000000000000e+00  5.739718509874451e-42  9.999999733533289e-01  1.632380790732803e-04  5.395298816158366e-29 -4.538084551461775e-26 
 1.003463946348605e+06 -1.708960101248401e-19 -1.399980114942690e-15 -0.000000000000000e+00  1.482286603571651e-37  9.999999748442827e-04  1.586055384805718e-07  1.142992389228130e-24 -1.106389401614974e-21  2.220446049250313e-16 -2.710505431213761e-20 -2.350988701644575e-38  0.000000000000000e+00  9.999999748442826e-01  1.586055380139665e-04  1.754794907104058e-22  1.812849273997490e-25 
 1.032773062760512e+06 -0.000000000000000e+00 -0.000000000000000e+00 -0.000000000000000e+00 -0.000000000000000e+00  9.999999762518137e-04  1.541044651887091e-07 -0.000000000000000e+00 -0.000000000000000e+00  0.000000000000000e+00  0.000000000000000e+00  0.000000000000000e+00  0.000000000000000e+00  9.999999762518135e-01  1.541044640405772e-04  0.000000000000000e+00  0.000000000000000e+00 
 1.062938238134948e+06 -1.810248435605313e-19 -0.000000000000000e+00  1.916675084591569e-41  1.871753012296454e-44  9.999999775805893e-04  1.497311270526325e-07 -1.275004742621772e-25 -1.390417810721290e-28  0.000000000000000e+00 -2.710505431213761e-20 -2.802596928649634e-45  2.869859254937225e-42  9.999999775805892e-01  1.497311262439779e-04  2.081888294164557e-29 -1.909079003592137e-26 
 1.093984476192156e+06 -0.000000000000000e+00 -0.000000000000000e+00 -0.000000000000000e+00 -0.000000000000000e+00  9.999999788350164e-04  1.454819003043895e-07 -0.000000000000000e+00 -0.000000000000000e+00  0.000000000000000e+00  0.000000000000000e+00  0.000000000000000e+00  0.000000000000000e+00  9.999999788350163e-01  1.454818995945500e-04  0.000000000000000e+00  0.000000000000000e+00 
 1.125937510959581e+06 -0.000000000000000e+00 -1.570848790080868e-15  1.624219580509093e-40 -0.000000000000000e+00  9.999999800192549e-04  1.413532624283675e-07  1.015132644565894e-24 -9.860422771657247e-22  2.220446049250313e-16  0.000000000000000e+00  0.000000000000000e+00  2.295887403949780e-41  9.999999800192548e-01  1.413532619374419e-04  1.393802950705205e-22  1.434923134756543e-25 
 1.158823828102640e+06 -0.000000000000000e+00  1.616730049912387e-15 -0.000000000000000e+00 -1.711779523864852e-37  9.999999811372321e-04  1.373417912731156e-07 -9.583332494168102e-25  9.580593860511787e-22 -2.220446049250313e-16  0.000000000000000e+00  2.350988701644575e-38  0.000000000000000e+00  9.999999811372321e-01  1.373417910730912e-04 -1.315815945166481e-22 -1.316192074025027e-25 
 1.192670686878523e+06  2.031190682256796e-19  1.663951406904767e-15 -0.000000000000000e+00  1.761777080348106e-37  9.999999821926554e-04  1.334441614986304e-07 -7.910802632228632e-25  9.308707290433881e-22 -2.220446049250313e-16  2.710505431213761e-20 -2.350988701644575e-38  0.000000000000000e+00  9.999999821926554e-01  1.334441619205979e-04 -1.242192665056262e-22 -1.055650446175341e-25 
 1.227506142731212e+06  2.090517581222793e-19 -0.000000000000000e+00 -0.000000000000000e+00 -0.000000000000000e+00  9.999999831890249e-04  1.296571436881777e-07  1.104069139033318e-25  1.042591389645796e-28  0.000000000000000e+00  2.710505431213761e-20  0.000000000000000e+00  0.000000000000000e+00  9.999999831890248e-01  1.296571437615982e-04 -1.351794239644074e-29  1.431504534888856e-26 
 1.263359070546458e+06 -2.151577296793192e-19  1.762572121532983e-15 -0.000000000000000e+00 -0.000000000000000e+00  9.999999841296449e-04  1.259775972428656e-07 -9.135758605400968e-25  8.787858512938514e-22 -2.220446049250313e-16 -2.710505431213761e-20  0.000000000000000e+00  0.000000000000000e+00  9.999999841296447e-01  1.259775975623528e-04 -1.107073320747511e-22 -1.150900939283212e-25 
 1.300259188585996e+06 -4.428840881948595e-19 -1.814053225246144e-15 -0.000000000000000e+00 -9.603517811602568e-38  9.999999850176342e-04  1.224024739343577e-07  5.527286972516462e-25 -8.538470622851399e-22  2.220446049250313e-16 -5.421010862427522e-20  1.175494350822288e-38  0.000000000000000e+00  9.999999850176342e-01  1.224024733718324e-04  1.045129938708260e-22  6.765536066082957e-26 
 1.338237083120813e+06  1.139549552022471e-19  3.734075972067234e-15  1.930472031183823e-40 -1.976803359932235e-37  9.999999858559382e-04  1.189288081349105e-07 -1.386558128272820e-24  1.659231138666227e-21 -4.440892098500626e-16  1.355252715606881e-20  2.350988701644575e-38  2.295887403949780e-41  9.999999858559384e-01  1.189288077936411e-04 -1.973303839667130e-22 -1.649017074644488e-25 
 1.377324233783914e+06  3.518500346600677e-19 -1.921570322623516e-15  9.934285728321496e-41 -2.034541717160242e-37  9.999999866473373e-04  1.155537212582658e-07  8.259856556572807e-25 -8.060717535026237e-22  2.220446049250313e-16  4.065758146820642e-20  2.350988701644575e-38  1.147943701974890e-41  9.999999866473374e-01  1.155537215296849e-04  9.314459218091531e-23  9.544571771579009e-26 
 1.417553039663591e+06 -1.207089499828862e-19 -0.000000000000000e+00  1.278055720799701e-41 -0.000000000000000e+00  9.999999873944552e-04  1.122744173187584e-07 -4.780251174935701e-26 -3.908885284875787e-29  0.000000000000000e+00 -1.355252715606881e-20  0.000000000000000e+00  1.434929627468613e-42  9.999999873944551e-01  1.122744169935473e-04  4.388678219862533e-30 -5.366999205140204e-27 
 1.458956846158816e+06  2.484692199058281e-19 -2.035459849468544e-15 -0.000000000000000e+00 -0.000000000000000e+00  9.999999880997699e-04  1.090881749377104e-07  6.974897263902530e-25 -7.609699368461829e-22  2.220446049250313e-16  2.710505431213761e-20  0.000000000000000e+00  0.000000000000000e+00  9.999999880997699e-01  1.090881759915947e-04  8.301282338286083e-23  7.608788293025249e-26 
 1.501569972619028e+06 -0.000000000000000e+00 -0.000000000000000e+00 -0.000000000000000e+00 -0.000000000000000e+00  9.999999887656201e-04  1.059923562252152e-07 -0.000000000000000e+00 -0.000000000000000e+00  0.000000000000000e+00  0.000000000000000e+00  0.000000000000000e+00  0.000000000000000e+00  9.999999887656201e-01  1.059923574698895e-04  0.000000000000000e+00  0.000000000000000e+00 
 1.545427740791224e+06 -1.315978694593350e-19  2.156099493221744e-15  1.114677312205272e-40 -1.141429567698198e-37  9.999999893942140e-04  1.029843961219967e-07 -5.826800781485481e-25  7.183916748943900e-22 -2.220446049250313e-16 -1.355252715606881e-20  1.175494350822288e-38  1.147943701974890e-41  9.999999893942142e-01  1.029843953250434e-04 -7.398313303019315e-23 -6.000695615249817e-26 
 1.590566504097927e+06 -1.354415723542695e-19 -2.219074721452351e-15  5.736173710599671e-41 -0.000000000000000e+00  9.999999899876369e-04  1.000617952939820e-07  4.660809582249919e-25 -6.980044853778738e-22  2.220446049250313e-16 -1.355252715606881e-20  0.000000000000000e+00  5.739718509874451e-42  9.999999899876368e-01  1.000617962771958e-04  6.984358331574900e-23  4.663689835753489e-26 
 1.637023677770304e+06 -1.393975418991522e-19 -0.000000000000000e+00 -7.379644422177733e-42 -0.000000000000000e+00  9.999999905478559e-04  9.722213611951247e-08 -4.139378479747477e-26 -2.931039652043387e-29  0.000000000000000e+00 -1.355252715606881e-20  0.000000000000000e+00 -7.174648137343063e-43  9.999999905478559e-01  9.722213780335526e-05  2.849619436515620e-30 -4.024392287821660e-27 
 1.684837769861410e+06  2.869381143434926e-19 -2.350597032701892e-15 -0.000000000000000e+00 -0.000000000000000e+00  9.999999910767290e-04  9.446306492577605e-08  5.337899814991018e-25 -6.589491807042108e-22  2.220446049250313e-16  2.710505431213761e-20  0.000000000000000e+00  0.000000000000000e+00  9.999999910767291e-01  9.446306612939019e-05  6.224636058821049e-23  5.042343877149762e-26 
 1.734048413165270e+06 -1.476594930249268e-19 -0.000000000000000e+00 -0.000000000000000e+00  3.816908434050890e-45  9.999999915760104e-04  9.178229376516356e-08 -3.907769158544048e-26 -2.612216672703078e-29  0.000000000000000e+00 -1.355252715606881e-20 -3.503246160812043e-46  0.000000000000000e+00  9.999999915760104e-01  9.178229427900458e-05  2.397552413942518e-30 -3.586640219052899e-27 
 1.784696398068244e+06 -0.000000000000000e+00 -0.000000000000000e+00 -0.000000000000000e+00 -0.000000000000000e+00  9.999999920473556e-04  8.917760041526890e-08 -0.000000000000000e+00 -0.000000000000000e+00  0.000000000000000e+00  0.000000000000000e+00  0.000000000000000e+00  0.000000000000000e+00  9.999999920473556e-01  8.917760017808184e-05  0.000000000000000e+00  0.000000000000000e+00 
 1.836823706359917e+06 -1.564111216261770e-19 -0.000000000000000e+00  4.140167916699112e-42 -0.000000000000000e+00  9.999999924923278e-04  8.664682482617536e-08 -3.689118980378639e-26 -2.328073558984458e-29  0.000000000000000e+00 -1.355252715606881e-20  0.000000000000000e+00  3.587324068671532e-43  9.999999924923277e-01  8.664682481282531e-05  2.017201833311461e-30 -3.196504484063675e-27 
 1.890473546031536e+06  1.609795685430191e-19 -2.637489251008826e-15  6.817749919535958e-41 -6.981375917604821e-38  9.999999929124024e-04  8.418787089681246e-08  3.959336955291541e-25 -5.872722299615818e-22  2.220446049250313e-16  1.355252715606881e-20  5.877471754111438e-39  5.739718509874451e-42  9.999999929124024e-01  8.418787044016866e-05  4.944119875953391e-23  3.333281489835519e-26 
 1.945690387090835e+06  3.313629007818527e-19 -2.714524883204937e-15  7.016882361499675e-41 -7.185287538175667e-38  9.999999933089727e-04  8.179869936952855e-08  4.095955185333196e-25 -5.706059935459547e-22  2.220446049250313e-16  2.710505431213761e-20  5.877471754111438e-39  5.739718509874451e-42  9.999999933089728e-01  8.179869884897320e-05  4.667482813978724e-23  3.350438069457475e-26 
 2.002519998422941e+06 -3.410413290591636e-19  5.587621135305336e-15 -1.444366210442535e-40 -1.479030999493156e-37  9.999999936833542e-04  7.947732960644771e-08 -7.095189723599204e-25  1.108825538106982e-21 -4.440892098500626e-16 -2.710505431213761e-20  1.175494350822288e-38 -1.147943701974890e-41  9.999999936833540e-01  7.947732967057027e-05 -8.812649339593995e-23 -5.639067362997355e-26 
 2.061009485727908e+06  1.755012221525230e-19 -2.875412023746936e-15 -0.000000000000000e+00 -0.000000000000000e+00  9.999999940367875e-04  7.722183958946971e-08  3.358427874141756e-25 -5.386790718629193e-22  2.220446049250313e-16  1.355252715606881e-20  0.000000000000000e+00  0.000000000000000e+00  9.999999940367875e-01  7.722183873724880e-05  4.159778866658567e-23  2.593439772541793e-26 
 2.121207330566329e+06  1.806272516119942e-19 -0.000000000000000e+00 -0.000000000000000e+00 -0.000000000000000e+00  9.999999943704457e-04  7.503035703848582e-08  3.194530631783922e-26  1.745683248472812e-29  0.000000000000000e+00  1.355252715606881e-20  0.000000000000000e+00  0.000000000000000e+00  9.999999943704455e-01  7.503035648732747e-05 -1.309792371842257e-30  2.396867734617649e-27 
 2.183163430545391e+06  1.859030018409112e-19 -0.000000000000000e+00  4.920811486022770e-42 -0.000000000000000e+00  9.999999946854344e-04  7.290106651680617e-08  3.103872939084584e-26  1.648007533340601e-29  0.000000000000000e+00  1.355252715606881e-20  0.000000000000000e+00  3.587324068671532e-43  9.999999946854344e-01  7.290106641548884e-05 -1.201415072797890e-30  2.262756484800005e-27 
 2.246929140678680e+06 -0.000000000000000e+00 -3.134797346812309e-15 -0.000000000000000e+00 -8.297739486610597e-38  9.999999949827990e-04  7.083220410208924e-08  2.549017867762714e-25 -4.941067094627121e-22  2.220446049250313e-16  0.000000000000000e+00  5.877471754111438e-39  0.000000000000000e+00  9.999999949827989e-01  7.083220356709184e-05  3.499866720412408e-23  1.805525534113914e-26 
 2.312557315954026e+06 -1.969212844764512e-19 -0.000000000000000e+00 -0.000000000000000e+00 -0.000000000000000e+00  9.999999952635251e-04  6.882205205727132e-08 -2.930202866799984e-26 -1.468745970019308e-29  0.000000000000000e+00 -1.355252715606881e-20  0.000000000000000e+00  0.000000000000000e+00  9.999999952635250e-01  6.882205307521381e-05  1.010821135814481e-30 -2.016625781752219e-27 
 2.380102355144658e+06  2.026729498668263e-19 -0.000000000000000e+00 -5.364708314200653e-42 -2.619486481543288e-45  9.999999955285436e-04  6.686894948870759e-08  2.847046534018524e-26  1.386565644355598e-29  0.000000000000000e+00  1.355252715606881e-20  1.751623080406021e-46 -3.587324068671532e-43  9.999999955285437e-01  6.686894873920994e-05 -9.271818741054939e-31  1.903790095927015e-27 
 2.449620245900000e+06  2.085926095644231e-19 -0.000000000000000e+00 -5.521400401713088e-42 -2.695996289898969e-45  9.999999957787339e-04  6.497127102988998e-08  2.766250095884461e-26  1.308983530302378e-29  0.000000000000000e+00  1.355252715606881e-20  1.751623080406021e-46 -3.587324068671532e-43  9.999999957787339e-01  6.497127164361176e-05 -8.504632488329288e-31  1.797267871725511e-27 
 2.521168611153478e+06 -0.000000000000000e+00 -0.000000000000000e+00 -0.000000000000000e+00 -0.000000000000000e+00  9.999999960149252e-04  6.312745171044298e-08 -0.000000000000000e+00 -0.000000000000000e+00  0.000000000000000e+00  0.000000000000000e+00  0.000000000000000e+00  0.000000000000000e+00  9.999999960149251e-01  6.312744881621974e-05  0.000000000000000e+00  0.000000000000000e+00 
 2.594806756885793e+06 -2.209556822695776e-19  3.620137898304759e-15 -0.000000000000000e+00  4.791212614793858e-38  9.999999962379011e-04  6.133595320534369e-08 -2.172503226839212e-25  4.278633836755145e-22 -2.220446049250313e-16 -1.355252715606881e-20 -2.938735877055719e-39  0.000000000000000e+00  9.999999962379009e-01  6.133595192427800e-05 -2.624340803001057e-23 -1.332525539780580e-26 
 2.670595721283271e+06 -0.000000000000000e+00 -0.000000000000000e+00 -0.000000000000000e+00 -0.000000000000000e+00  9.999999964484007e-04  5.959529758570170e-08 -0.000000000000000e+00 -0.000000000000000e+00  0.000000000000000e+00  0.000000000000000e+00  0.000000000000000e+00  0.000000000000000e+00  9.999999964484007e-01  5.959529600765027e-05  0.000000000000000e+00  0.000000000000000e+00 
 2.748598325332025e+06 -0.000000000000000e+00 -0.000000000000000e+00 -0.000000000000000e+00 -0.000000000000000e+00  9.999999966471224e-04  5.790403889704976e-08 -0.000000000000000e+00 -0.000000000000000e+00  0.000000000000000e+00  0.000000000000000e+00  0.000000000000000e+00  0.000000000000000e+00  9.999999966471222e-01  5.790403824794688e-05  0.000000000000000e+00  0.000000000000000e+00 
 2.828879224889867e+06 -0.000000000000000e+00  3.946703493265776e-15 -2.550497354003718e-41 -0.000000000000000e+00  9.999999968347249e-04  5.626077737019841e-08 -1.608136292353858e-25  3.924603250900728e-22 -2.220446049250313e-16  0.000000000000000e+00  0.000000000000000e+00 -1.434929627468613e-42  9.999999968347250e-01  5.626077677258292e-05 -2.208012281187757e-23 -9.047499725038780e-27 
 2.911504964279129e+06 -0.000000000000000e+00 -0.000000000000000e+00 -0.000000000000000e+00 -0.000000000000000e+00  9.999999970118308e-04  5.466414876309500e-08 -0.000000000000000e+00 -0.000000000000000e+00  0.000000000000000e+00  0.000000000000000e+00  0.000000000000000e+00  0.000000000000000e+00  9.999999970118308e-01  5.466414949277590e-05  0.000000000000000e+00  0.000000000000000e+00 
 2.996544031444832e+06 -1.275824161397976e-19 -0.000000000000000e+00 -0.000000000000000e+00 -8.244820401055706e-46  9.999999971790270e-04  5.311283146625101e-08 -1.130679645068221e-26 -4.373814998390892e-30  0.000000000000000e+00 -6.776263578034403e-21  4.379057701015053e-47  0.000000000000000e+00  9.999999971790270e-01  5.311283297451979e-05  2.323057061263131e-31 -6.005359930560734e-28 
 3.084066914723899e+06 -0.000000000000000e+00 -0.000000000000000e+00 -0.000000000000000e+00 -0.000000000000000e+00  9.999999973368682e-04  5.160554295002839e-08 -0.000000000000000e+00 -0.000000000000000e+00  0.000000000000000e+00  0.000000000000000e+00  0.000000000000000e+00  0.000000000000000e+00  9.999999973368681e-01  5.160554134159995e-05  0.000000000000000e+00  0.000000000000000e+00 
 3.174146161272484e+06 -1.351440967282388e-19 -0.000000000000000e+00 -0.000000000000000e+00  4.366741277913680e-46  9.999999974858776e-04  5.014102555378486e-08 -1.067415052230228e-26 -3.898054439680337e-30  0.000000000000000e+00 -6.776263578034403e-21 -2.189528850507527e-47  0.000000000000000e+00  9.999999974858775e-01  5.014102520973914e-05  1.954524464203387e-31 -5.352128517768992e-28 
 3.266856437199849e+06 -0.000000000000000e+00 -0.000000000000000e+00 -0.000000000000000e+00 -0.000000000000000e+00  9.999999976265496e-04  4.871807490758329e-08 -0.000000000000000e+00 -0.000000000000000e+00  0.000000000000000e+00  0.000000000000000e+00  0.000000000000000e+00  0.000000000000000e+00  9.999999976265495e-01  4.871807065099161e-05  0.000000000000000e+00  0.000000000000000e+00 
 3.362274589458618e+06  1.431539504666457e-19  4.690868648891048e-15 -0.000000000000000e+00  1.241662592766557e-37  9.999999977593507e-04  4.733549729962760e-08 -1.037605907510449e-25  3.301999555315804e-22 -2.220446049250313e-16  6.776263578034403e-21 -5.877471754111438e-39  0.000000000000000e+00  9.999999977593507e-01  4.733549818752653e-05 -1.563017943160822e-23 -4.911559266437852e-27 
 3.460479709542726e+06 -0.000000000000000e+00  4.827879266764854e-15  3.119943850948917e-41 -0.000000000000000e+00  9.999999978847209e-04  4.599216296696795e-08 -1.074679760652945e-25  3.208291936203608e-22 -2.220446049250313e-16  0.000000000000000e+00  0.000000000000000e+00  1.434929627468613e-42  9.999999978847209e-01  4.599216181396689e-05 -1.475562821884442e-23 -4.942684555469704e-27 
 3.561553199045849e+06 -0.000000000000000e+00 -0.000000000000000e+00 -0.000000000000000e+00 -0.000000000000000e+00  9.999999980030768e-04  4.468694925208183e-08 -0.000000000000000e+00 -0.000000000000000e+00  0.000000000000000e+00  0.000000000000000e+00  0.000000000000000e+00  0.000000000000000e+00  9.999999980030766e-01  4.468694804747357e-05  0.000000000000000e+00  0.000000000000000e+00 
 3.665578837134663e+06 -0.000000000000000e+00 -0.000000000000000e+00 -0.000000000000000e+00 -0.000000000000000e+00  9.999999981148097e-04  4.341877613001088e-08 -0.000000000000000e+00 -0.000000000000000e+00  0.000000000000000e+00  0.000000000000000e+00  0.000000000000000e+00  0.000000000000000e+00  9.999999981148099e-01  4.341877500478682e-05  0.000000000000000e+00  0.000000000000000e+00 
 3.772642849992856e+06 -1.606260028164988e-19 -0.000000000000000e+00 -2.125867446427134e-42 -0.000000000000000e+00  9.999999982202915e-04  4.218659199750618e-08 -8.980790500441682e-27 -2.759372734535586e-30  0.000000000000000e+00 -6.776263578034403e-21  0.000000000000000e+00 -8.968310171678829e-44  9.999999982202915e-01  4.218659150546078e-05  1.164085305703323e-31 -3.788689409125322e-28 
 3.882833982293462e+06 -0.000000000000000e+00 -0.000000000000000e+00 -0.000000000000000e+00 -0.000000000000000e+00  9.999999983198709e-04  4.098937722574192e-08 -0.000000000000000e+00 -0.000000000000000e+00  0.000000000000000e+00  0.000000000000000e+00  0.000000000000000e+00  0.000000000000000e+00  9.999999983198710e-01  4.098937620054693e-05  0.000000000000000e+00  0.000000000000000e+00 
 3.996243570758746e+06 -0.000000000000000e+00 -5.575348824327584e-15  2.702238548264117e-41  3.689456364563275e-38  9.999999984138788e-04  3.982613705488802e-08  8.058380913116795e-26 -2.778166351889985e-22  2.220446049250313e-16  0.000000000000000e+00 -1.469367938527859e-39  1.076197220601460e-42  9.999999984138788e-01  3.982613672600501e-05  1.106436331534513e-23  3.209341805450591e-27 
 4.112965619868631e+06 -0.000000000000000e+00 -0.000000000000000e+00 -0.000000000000000e+00 -0.000000000000000e+00  9.999999985026266e-04  3.869591225225122e-08 -0.000000000000000e+00 -0.000000000000000e+00  0.000000000000000e+00  0.000000000000000e+00  0.000000000000000e+00  0.000000000000000e+00  9.999999985026266e-01  3.869590888013900e-05  0.000000000000000e+00  0.000000000000000e+00 
 4.233096879780406e+06 -0.000000000000000e+00 -0.000000000000000e+00 -0.000000000000000e+00 -0.000000000000000e+00  9.999999985864088e-04  3.759775424327927e-08 -0.000000000000000e+00 -0.000000000000000e+00  0.000000000000000e+00  0.000000000000000e+00  0.000000000000000e+00  0.000000000000000e+00  9.999999985864089e-01  3.759775582437687e-05  0.000000000000000e+00  0.000000000000000e+00 
 4.356736926524309e+06 -0.000000000000000e+00  6.078290192054033e-15  9.820007430348272e-42 -0.000000000000000e+00  9.999999986655033e-04  3.653076774412511e-08 -6.779989550830473e-26  2.548290094194058e-22 -2.220446049250313e-16  0.000000000000000e+00  0.000000000000000e+00  3.587324068671532e-43  9.999999986655030e-01  3.653076730673138e-05 -9.309099258528135e-24 -2.476782209539840e-27 
 4.483988244541461e+06 -1.909126140573387e-19 -0.000000000000000e+00 -0.000000000000000e+00  3.084359629688460e-46  9.999999987401718e-04  3.549406102365538e-08 -7.556067064557910e-27 -1.953317466392740e-30  0.000000000000000e+00 -6.776263578034403e-21 -1.094764425253763e-47  0.000000000000000e+00  9.999999987401718e-01  3.549405890729825e-05  6.933116530414384e-32 -2.681954898347949e-28 
 4.614956311632562e+06 -0.000000000000000e+00 -0.000000000000000e+00 -0.000000000000000e+00 -0.000000000000000e+00  9.999999988106623e-04  3.448677077244611e-08 -0.000000000000000e+00 -0.000000000000000e+00  0.000000000000000e+00  0.000000000000000e+00  0.000000000000000e+00  0.000000000000000e+00  9.999999988106626e-01  3.448677130516639e-05  0.000000000000000e+00  0.000000000000000e+00 
 4.749749686387764e+06 -0.000000000000000e+00 -0.000000000000000e+00 -0.000000000000000e+00 -0.000000000000000e+00  9.999999988772091e-04  3.350806920821015e-08 -0.000000000000000e+00 -0.000000000000000e+00  0.000000000000000e+00  0.000000000000000e+00  0.000000000000000e+00  0.000000000000000e+00  9.999999988772093e-01  3.350806956613258e-05  0.000000000000000e+00  0.000000000000000e+00 
 4.888480098170185e+06 -4.162689389050276e-19  1.364030059003995e-14  2.203709413569661e-41 -9.026393757981333e-38  9.999999989400324e-04  3.255713920680137e-08 -1.215662338571615e-25  4.542201008126000e-22 -4.440892098500626e-16 -1.355252715606881e-20  2.938735877055719e-39  7.174648137343063e-43  9.999999989400326e-01  3.255714245062997e-05 -1.478810854177024e-23 -3.957849197069394e-27 
 5.031262539727665e+06 -2.142136488955936e-19 -0.000000000000000e+00 -1.417547018485410e-42 -0.000000000000000e+00  9.999999989993406e-04  3.163320627663779e-08 -6.734157884929445e-27 -1.551485812353432e-30  0.000000000000000e+00 -6.776263578034403e-21  0.000000000000000e+00 -4.484155085839415e-44  9.999999989993404e-01  3.163320174129698e-05  4.907846375004698e-32 -2.130229751448823e-28 
 5.178215362509516e+06 -0.000000000000000e+00  7.224373695520516e-15 -5.835802596457657e-42 -0.000000000000000e+00  9.999999990553303e-04  3.073547816256905e-08 -4.799450170731705e-26  2.144026267357251e-22 -2.220446049250313e-16  0.000000000000000e+00  0.000000000000000e+00 -1.793662034335766e-43  9.999999990553303e-01  3.073548158962923e-05 -6.589767993029179e-24 -1.475134125022186e-27 
 5.329460374767276e+06 -1.134549374544437e-19 -0.000000000000000e+00 -3.753908986429287e-43 -9.164816861399627e-47  9.999999991081871e-04  2.986323721643203e-08 -3.178681713811133e-27 -6.913616731272384e-31  0.000000000000000e+00 -3.388131789017201e-21  2.736911063134408e-48 -1.121038771459854e-44  9.999999991081870e-01  2.986323788117269e-05  2.064629812493691e-32 -9.492572825273156e-29 
 5.485122942520788e+06  1.167687226496745e-19 -7.652555007569065e-15 -0.000000000000000e+00  2.532018055502687e-38  9.999999991580865e-04  2.901574447378152e-08  4.586238600430877e-26 -2.024062156699361e-22  2.220446049250313e-16  3.388131789017201e-21 -7.346839692639297e-40  0.000000000000000e+00  9.999999991580865e-01  2.901574761873216e-05  5.872967675286066e-24  1.330731418614258e-27 
 5.645332093473294e+06 -0.000000000000000e+00 -0.000000000000000e+00 -0.000000000000000e+00 -0.000000000000000e+00  9.999999992051937e-04  2.819231070816386e-08 -0.000000000000000e+00 -0.000000000000000e+00  0.000000000000000e+00  0.000000000000000e+00  0.000000000000000e+00  0.000000000000000e+00  9.999999992051937e-01  2.819230832308358e-05  0.000000000000000e+00  0.000000000000000e+00 
 5.810220623961662e+06 -1.236894865771237e-19 -0.000000000000000e+00 -0.000000000000000e+00 -0.000000000000000e+00  9.999999992496653e-04  2.739223958769799e-08 -2.915665246852206e-27 -5.816832127057310e-31  0.000000000000000e+00 -3.388131789017201e-21  0.000000000000000e+00  0.000000000000000e+00  9.999999992496652e-01  2.739223745069375e-05  1.593360469547332e-32 -7.986659482843792e-29 
 5.979925209030424e+06 -2.546044037722766e-19  8.342877102809961e-15  6.739322453473605e-42 -2.760426476942789e-38  9.999999992916485e-04  2.661487030763965e-08 -4.165404943641752e-26  1.856583389286914e-22 -2.220446049250313e-16 -6.776263578034403e-21  7.346839692639297e-40  1.793662034335766e-43  9.999999992916486e-01  2.661487182796435e-05 -4.941272897880044e-24 -1.108617187651234e-27 
 6.154586515720839e+06 -1.310204371731654e-19 -0.000000000000000e+00 -0.000000000000000e+00 -1.058374662869770e-46  9.999999993312828e-04  2.585957048495402e-08 -2.752525839260207e-27 -5.184107718174885e-31  0.000000000000000e+00 -3.388131789017201e-21  2.736911063134408e-48  0.000000000000000e+00  9.999999993312827e-01  2.585956710153177e-05  1.340587814893597e-32 -7.117912668664810e-29 
 6.334349319668900e+06 -1.348472744595677e-19  8.837350978982226e-15  7.138755269668571e-42 -5.848068316912493e-38  9.999999993686992e-04  2.512570063117892e-08 -3.474801046440835e-26  1.752702499760641e-22 -2.220446049250313e-16 -3.388131789017201e-21  1.469367938527859e-39  1.793662034335766e-43  9.999999993686992e-01  2.512569720416679e-05 -4.403787232577322e-24 -8.730679899271118e-28 
 6.519362625108934e+06 -1.387858857862079e-19  9.095471810884924e-15  7.347263617174401e-42 -0.000000000000000e+00  9.999999994040223e-04  2.441265678498894e-08 -3.287750797872607e-26  1.702962474184088e-22 -2.220446049250313e-16 -3.388131789017201e-21  0.000000000000000e+00  1.793662034335766e-43  9.999999994040222e-01  2.441265383583156e-05 -4.157383340244446e-24 -8.026272217477777e-28 
 6.709779788382252e+06 -1.428395358427336e-19 -0.000000000000000e+00  4.726163790207302e-43  1.153848581593580e-46  9.999999994373687e-04  2.371985630134077e-08 -2.524771159830714e-27 -4.361694530390163e-31  0.000000000000000e+00 -3.388131789017201e-21 -2.736911063134408e-48  1.121038771459854e-44  9.999999994373687e-01  2.371984595946367e-05  1.034587224412990e-32 -5.988718302777538e-29 
 6.905758645053235e+06 -4.410347540209708e-19 -0.000000000000000e+00 -0.000000000000000e+00 -0.000000000000000e+00  9.999999994688496e-04  2.304670232433637e-08 -7.359361683858901e-27 -1.235293751259542e-30  0.000000000000000e+00 -1.016439536705160e-20  0.000000000000000e+00  0.000000000000000e+00  9.999999994688495e-01  2.304669931106943e-05  2.846944366124321e-32 -1.696089959393896e-28 
 7.107461640738225e+06 -1.513054904634741e-19 -0.000000000000000e+00  5.006278731368512e-43 -0.000000000000000e+00  9.999999994985689e-04  2.239265484149655e-08 -2.383503338224696e-27 -3.887252333697349e-31  0.000000000000000e+00 -3.388131789017201e-21  0.000000000000000e+00  1.121038771459854e-44  9.999999994985690e-01  2.239265592372009e-05  8.704590404081020e-33 -5.337297017266672e-29 
 7.315055965755646e+06 -0.000000000000000e+00 -0.000000000000000e+00 -0.000000000000000e+00 -0.000000000000000e+00  9.999999995266254e-04  2.175717384034215e-08 -0.000000000000000e+00 -0.000000000000000e+00  0.000000000000000e+00  0.000000000000000e+00  0.000000000000000e+00  0.000000000000000e+00  9.999999995266254e-01  2.175717366505681e-05  0.000000000000000e+00  0.000000000000000e+00 
 7.528713693708994e+06 -1.602732136402210e-19  1.050366532912552e-14  4.242396641112329e-42 -5.213056992598829e-38  9.999999995531121e-04  2.113972641382134e-08 -2.495454612435950e-26  1.474651638947982e-22 -2.220446049250313e-16 -3.388131789017201e-21  1.102025953895895e-39  8.968310171678829e-44  9.999999995531120e-01  2.113972578792059e-05 -3.117373129399918e-24 -5.275322624667241e-28 
 7.748611924117537e+06 -3.299089286306593e-19 -0.000000000000000e+00 -0.000000000000000e+00  1.332491551129989e-46  9.999999995781166e-04  2.053980097116437e-08 -4.372566022384270e-27 -6.541147732898430e-31  0.000000000000000e+00 -6.776263578034403e-21 -2.736911063134408e-48  0.000000000000000e+00  9.999999995781166e-01  2.053980049373503e-05  1.343538694904626e-32 -8.981163378334747e-29 
 7.974932929212972e+06 -0.000000000000000e+00  1.112620693501345e-14 -0.000000000000000e+00 -0.000000000000000e+00  9.999999996017220e-04  1.995690723788357e-08 -2.023474034523503e-26  1.392140866570609e-22 -2.220446049250313e-16  0.000000000000000e+00  0.000000000000000e+00  0.000000000000000e+00  9.999999996017220e-01  1.995690050827977e-05 -2.778281677872531e-24 -4.038227000415639e-28 
 8.207864305023706e+06 -1.747311483485211e-19 -0.000000000000000e+00 -0.000000000000000e+00 -3.528667439526944e-47  9.999999996240067e-04  1.939054072863655e-08 -2.063954521763141e-27 -2.914818036527703e-31  0.000000000000000e+00 -3.388131789017201e-21  6.842277657836021e-49  0.000000000000000e+00  9.999999996240069e-01  1.939054266950317e-05  5.651990353237897e-33 -4.002119823720990e-29 
 8.447599126872003e+06  1.798346855372441e-19 -0.000000000000000e+00 -0.000000000000000e+00 -3.631732552269988e-47  9.999999996450450e-04  1.884025380149978e-08  2.005381459111731e-27  2.751726024500813e-31  0.000000000000000e+00  3.388131789017201e-21  6.842277657836021e-49  0.000000000000000e+00  9.999999996450447e-01  1.884025752703239e-05 -5.184322696383437e-33  3.778190314301186e-29 
 8.694336109412877e+06 -0.000000000000000e+00 -0.000000000000000e+00 -0.000000000000000e+00 -0.000000000000000e+00  9.999999996649054e-04  1.830559881454974e-08 -0.000000000000000e+00 -0.000000000000000e+00  0.000000000000000e+00  0.000000000000000e+00  0.000000000000000e+00  0.000000000000000e+00  9.999999996649053e-01  1.830558895304900e-05  0.000000000000000e+00  0.000000000000000e+00 
 8.948279771347392e+06 -0.000000000000000e+00 -0.000000000000000e+00 -0.000000000000000e+00 -0.000000000000000e+00  9.999999996836550e-04  1.778609259872610e-08 -0.000000000000000e+00 -0.000000000000000e+00  0.000000000000000e+00  0.000000000000000e+00  0.000000000000000e+00  0.000000000000000e+00  9.999999996836549e-01  1.778609376420767e-05  0.000000000000000e+00  0.000000000000000e+00 
 9.209640604946906e+06  1.960572225584440e-19 -0.000000000000000e+00 -0.000000000000000e+00 -7.918688156803663e-47  9.999999997013550e-04  1.728135146095156e-08  1.839448403507259e-27  2.315188838367829e-31  0.000000000000000e+00  3.388131789017201e-21  1.368455531567204e-48  0.000000000000000e+00  9.999999997013551e-01  1.728134135428427e-05 -4.000956862741196e-33  3.178813577409554e-29 
 9.478635250528758e+06 -4.035673009574391e-19 -0.000000000000000e+00 -0.000000000000000e+00 -0.000000000000000e+00  9.999999997180652e-04  1.679090644302050e-08 -3.574493220411111e-27 -4.371295427170963e-31  0.000000000000000e+00 -6.776263578034403e-21  0.000000000000000e+00  0.000000000000000e+00  9.999999997180653e-01  1.679091333724923e-05  7.339804270983496e-33 -6.001900590542932e-29 
 9.755486676028041e+06 -0.000000000000000e+00 -0.000000000000000e+00 -0.000000000000000e+00 -0.000000000000000e+00  9.999999997338403e-04  1.631439516813771e-08 -0.000000000000000e+00 -0.000000000000000e+00  0.000000000000000e+00  0.000000000000000e+00  0.000000000000000e+00  0.000000000000000e+00  9.999999997338404e-01  1.631440320047004e-05  0.000000000000000e+00  0.000000000000000e+00 
 1.004042436181429e+07 -0.000000000000000e+00 -0.000000000000000e+00 -0.000000000000000e+00 -0.000000000000000e+00  9.999999997487329e-04  1.585141262694378e-08 -0.000000000000000e+00 -0.000000000000000e+00  0.000000000000000e+00  0.000000000000000e+00  0.000000000000000e+00  0.000000000000000e+00  9.999999997487327e-01  1.585141596775556e-05  0.000000000000000e+00  0.000000000000000e+00 
 1.033368449090629e+07 -2.199861609142603e-19  1.441701304167696e-14 -0.000000000000000e+00 -0.000000000000000e+00  9.999999997627915e-04  1.540156802093406e-08 -1.369086890263277e-26  1.074372854455242e-22 -2.220446049250313e-16 -3.388131789017201e-21  0.000000000000000e+00  0.000000000000000e+00  9.999999997627917e-01  1.540156787196279e-05 -1.654702644161191e-24 -2.108608466800613e-28 
 1.063551014474265e+07 -1.132057519351169e-19 -0.000000000000000e+00 -9.364160323021612e-44 -1.143085976931349e-47  9.999999997760641e-04  1.496448476245860e-08 -7.964196609413073e-28 -8.680108198386786e-32  0.000000000000000e+00 -1.694065894508601e-21  1.710569414459005e-49 -1.401298464324817e-45  9.999999997760641e-01  1.496448603689484e-05  1.298933579625833e-33 -1.191801089833359e-29 
 1.094615150467048e+07  1.165122589342344e-19 -0.000000000000000e+00 -0.000000000000000e+00  1.176473165468225e-47  9.999999997885938e-04  1.453980758014950e-08  7.738180295387437e-28  8.194432488558151e-32  0.000000000000000e+00  1.694065894508601e-21 -1.710569414459005e-49  0.000000000000000e+00  9.999999997885939e-01  1.453980816822617e-05 -1.191454764563038e-33  1.125116570898667e-29 
 1.126586605931906e+07 -2.398306843938208e-19 -0.000000000000000e+00 -0.000000000000000e+00 -0.000000000000000e+00  9.999999998004227e-04  1.412718120263889e-08 -1.503715621766204e-27 -1.547186331619956e-31  0.000000000000000e+00 -3.388131789017201e-21  0.000000000000000e+00  0.000000000000000e+00  9.999999998004226e-01  1.412718225319922e-05  2.185738329081608e-33 -2.124326464991362e-29 
 1.159491881803055e+07  1.234178225170173e-19 -1.617662083295050e-14  1.633421280473396e-42 -0.000000000000000e+00  9.999999998115898e-04  1.372626456941362e-08  1.030282063365471e-26 -9.575082252528722e-23  2.220446049250313e-16  1.694065894508601e-21  0.000000000000000e+00  2.242077542919707e-44  9.999999998115897e-01  1.372626626884328e-05  1.314301285690477e-24  1.414192593643221e-28 
 1.193358253052451e+07  1.270226030780108e-19 -0.000000000000000e+00 -0.000000000000000e+00 -0.000000000000000e+00  9.999999998221317e-04  1.333673083081521e-08  7.097893176667205e-28  6.894457677784968e-32  0.000000000000000e+00  1.694065894508601e-21  0.000000000000000e+00  0.000000000000000e+00  9.999999998221317e-01  1.333672789847387e-05 -9.194950607251707e-34  9.466266996648234e-30 
 1.228213791297841e+07 -1.307326718593594e-19 -0.000000000000000e+00 -0.000000000000000e+00 -1.320062641471178e-47  9.999999998320840e-04  1.295823892633052e-08 -6.896461728093700e-28 -6.508693980385589e-32  0.000000000000000e+00 -1.694065894508601e-21  1.710569414459005e-49  0.000000000000000e+00  9.999999998320840e-01  1.295824425623761e-05  8.434124640110209e-34 -8.936603559143865e-30 
 1.264087388071145e+07 -1.345511041132617e-19 -1.763588231833343e-14 -0.000000000000000e+00 -0.000000000000000e+00  9.999999998414793e-04  1.259051884971996e-08  7.383663784607683e-27 -8.782802736523497e-23  2.220446049250313e-16 -1.694065894508601e-21  0.000000000000000e+00  0.000000000000000e+00  9.999999998414791e-01  1.259050161947415e-05  1.105798920952503e-24  9.296403085249241e-29 
 1.301008778766460e+07  1.384810649137029e-19 -0.000000000000000e+00  1.145488521023124e-43 -0.000000000000000e+00  9.999999998503489e-04  1.223320111876092e-08  6.510585901555572e-28  5.800712462626532e-32  0.000000000000000e+00  1.694065894508601e-21  0.000000000000000e+00  1.401298464324817e-45  9.999999998503488e-01  1.223319516867357e-05 -7.096124768328690e-34  7.964526800806289e-30 
 1.339008567287543e+07  1.425258117799650e-19 -0.000000000000000e+00  1.178945882927690e-43 -0.000000000000000e+00  9.999999998587224e-04  1.188602993806853e-08  6.325821673652209e-28  5.476146790585849e-32  0.000000000000000e+00  1.694065894508601e-21  0.000000000000000e+00  1.401298464324817e-45  9.999999998587223e-01  1.188602873481338e-05 -6.508963811815517e-34  7.518889819495790e-30 
 1.378118251415185e+07 -0.000000000000000e+00 -0.000000000000000e+00 -0.000000000000000e+00 -0.000000000000000e+00  9.999999998666271e-04  1.154872109054850e-08 -0.000000000000000e+00 -0.000000000000000e+00  0.000000000000000e+00  0.000000000000000e+00  0.000000000000000e+00  0.000000000000000e+00  9.999999998666271e-01  1.154871455386595e-05  0.000000000000000e+00  0.000000000000000e+00 
 1.418370248915520e+07  3.019463445864933e-19 -1.978835563882042e-14 -0.000000000000000e+00 -1.636854413873664e-38  9.999999998740895e-04  1.122097614825179e-08  7.591318117854961e-27 -7.827455613203216e-23  2.220446049250313e-16  3.388131789017201e-21  1.836709923159824e-40  0.000000000000000e+00  9.999999998740897e-01  1.122097302827278e-05  8.783166832681460e-25  8.518197586021432e-29 
 1.459797924410907e+07 -0.000000000000000e+00 -2.036633277604475e-14 -1.028237037423554e-42 -1.684663562114750e-38  9.999999998811348e-04  1.090253931579355e-08  6.039016769623702e-27 -7.605319885940111e-23  2.220446049250313e-16  0.000000000000000e+00  1.836709923159824e-40 -1.121038771459854e-44  9.999999998811347e-01  1.090253249518788e-05  8.291724720261663e-25  6.584057657763312e-29 
 1.502435617035645e+07 -0.000000000000000e+00 -0.000000000000000e+00 -0.000000000000000e+00 -0.000000000000000e+00  9.999999998877857e-04  1.059312637607945e-08 -0.000000000000000e+00 -0.000000000000000e+00  0.000000000000000e+00  0.000000000000000e+00  0.000000000000000e+00  0.000000000000000e+00  9.999999998877857e-01  1.059312900129816e-05  0.000000000000000e+00  0.000000000000000e+00 
 1.546318668899468e+07  1.645921683696623e-19 -0.000000000000000e+00  1.361474506534483e-43 -0.000000000000000e+00  9.999999998940644e-04  1.029250995543407e-08  5.477738580353838e-28  4.106234946286186e-32  0.000000000000000e+00  1.694065894508601e-21  0.000000000000000e+00  1.401298464324817e-45  9.999999998940643e-01  1.029250608403425e-05 -4.226344817160182e-34  5.637965767101362e-30 
 1.591483454382388e+07 -0.000000000000000e+00  2.220354002256915e-14 -0.000000000000000e+00  9.183168918357209e-39  9.999999998999919e-04  1.000042004761781e-08 -5.080979746553265e-27  6.976026149184550e-23 -2.220446049250313e-16  0.000000000000000e+00 -9.183549615799121e-41  0.000000000000000e+00  9.999999998999917e-01  1.000041455899033e-05 -6.976315347317931e-25 -5.081190383644788e-29 
 1.637967410285186e+07 -0.000000000000000e+00  2.285205972439392e-14 -0.000000000000000e+00 -0.000000000000000e+00  9.999999999055875e-04  9.716629278955224e-09 -4.796685081058527e-27  6.778053169408395e-23 -2.220446049250313e-16  0.000000000000000e+00  0.000000000000000e+00  0.000000000000000e+00  9.999999999055873e-01  9.716612313376778e-06 -6.585971489281409e-25 -4.660752932640430e-29 
 1.685809066860538e+07 -0.000000000000000e+00 -2.351952135184079e-14 -0.000000000000000e+00 -0.000000000000000e+00  9.999999999108699e-04  9.440881854061445e-09  4.528297476911944e-27 -6.585698474198648e-23  2.220446049250313e-16  0.000000000000000e+00  0.000000000000000e+00  0.000000000000000e+00  9.999999999108700e-01  9.440864105334430e-06  6.217468433915936e-25  4.275104111186484e-29 
 1.735048079750492e+07 -1.846807720914340e-19  2.420647815956844e-14 -6.110574167414340e-43 -0.000000000000000e+00  9.999999999158573e-04  9.172936188406311e-09 -4.763116787992708e-27  6.398802618738058e-23 -2.220446049250313e-16 -1.694065894508601e-21  0.000000000000000e+00 -5.605193857299268e-45  9.999999999158572e-01  9.172941368944128e-06 -5.869584125806917e-25 -4.369179103336694e-29 
 1.785725262856776e+07 -0.000000000000000e+00 -2.491349956166533e-14  6.289051461260349e-43 -0.000000000000000e+00  9.999999999205653e-04  8.912621751733241e-09  4.035733079301293e-27 -6.217210696053993e-23  2.220446049250313e-16  0.000000000000000e+00  0.000000000000000e+00  5.605193857299268e-45  9.999999999205652e-01  8.912622024769885e-06  5.541164898668733e-25  3.596896353153028e-29 
 1.837882622171177e+07 -0.000000000000000e+00 -2.564117160363340e-14  6.472741709494254e-43 -1.060494001683539e-38  9.999999999250099e-04  8.659696959512075e-09  3.809922813577179e-27 -6.040772175993935e-23  2.220446049250313e-16  0.000000000000000e+00  9.183549615799121e-41  5.605193857299268e-45  9.999999999250098e-01  8.659690295778686e-06  5.231121619538741e-25  3.299275161887426e-29 
 1.891563390594044e+07 -0.000000000000000e+00 -0.000000000000000e+00 -0.000000000000000e+00 -0.000000000000000e+00  9.999999999292057e-04  8.413948648922087e-09 -0.000000000000000e+00 -0.000000000000000e+00  0.000000000000000e+00  0.000000000000000e+00  0.000000000000000e+00  0.000000000000000e+00  9.999999999292056e-01  8.413936528484284e-06  0.000000000000000e+00  0.000000000000000e+00 
 1.946812063769753e+07 -0.000000000000000e+00 -0.000000000000000e+00 -0.000000000000000e+00 -0.000000000000000e+00  9.999999999331670e-04  8.175177867997263e-09 -0.000000000000000e+00 -0.000000000000000e+00  0.000000000000000e+00  0.000000000000000e+00  0.000000000000000e+00  0.000000000000000e+00  9.999999999331667e-01  8.175157019166778e-06  0.000000000000000e+00  0.000000000000000e+00 
 2.003674436968868e+07  2.132737106008575e-19 -0.000000000000000e+00 -0.000000000000000e+00 -5.383785356941968e-48  9.999999999369062e-04  7.943157243062160e-09  4.227398069685876e-28  2.445611562541969e-32  0.000000000000000e+00  1.694065894508601e-21  4.276423536147513e-50  0.000000000000000e+00  9.999999999369062e-01  7.943153845023901e-06 -1.942586888766580e-34  3.357887323379060e-30 
 2.062197643047545e+07  2.195029966996210e-19 -2.877069678341272e-14  7.262744930688708e-43 -1.189928129444038e-38  9.999999999404363e-04  7.717744665569626e-09  3.436897708124724e-27 -5.383688730045868e-23  2.220446049250313e-16  1.694065894508601e-21  9.183549615799121e-41  5.605193857299268e-45  9.999999999404364e-01  7.717734700114100e-06  4.154988132896307e-25  2.652506470431674e-29 
 2.122430191515652e+07 -1.129571137116984e-19 -0.000000000000000e+00  4.671796725613235e-44  1.425719215580211e-48  9.999999999437694e-04  7.498698550989502e-09 -1.995431812951810e-28 -1.089795395649624e-32  0.000000000000000e+00 -8.470329472543003e-22 -1.069105884036878e-50  3.503246160812043e-46  9.999999999437694e-01  7.498712735955364e-06  8.172062613402866e-35 -1.496316995035363e-30 
 2.184422008745991e+07 -1.162563585000897e-19 -0.000000000000000e+00 -2.404125145932214e-44 -0.000000000000000e+00  9.999999999469155e-04  7.285905212484067e-09 -1.938803357861290e-28 -1.028818372823979e-32  0.000000000000000e+00 -8.470329472543003e-22  0.000000000000000e+00 -1.751623080406021e-46  9.999999999469156e-01  7.285906406647708e-06  7.495874374233011e-35 -1.412593980702153e-30 
 2.248224479357949e+07 -1.196519674378120e-19  3.136604535201780e-14  7.917903017470742e-43 -0.000000000000000e+00  9.999999999498860e-04  7.079137276377878e-09 -2.734460134251219e-27  4.938221391778458e-23 -2.220446049250313e-16 -8.470329472543003e-22  0.000000000000000e+00  5.605193857299268e-45  9.999999999498859e-01  7.079139318390978e-06 -3.495835721921021e-25 -1.935762425192056e-29 
 2.313890488809881e+07 -1.231467551233181e-19 -0.000000000000000e+00 -0.000000000000000e+00 -1.554330571545776e-48  9.999999999526900e-04  6.878252634123783e-09 -1.830322025682677e-28 -9.169089178238261e-33  0.000000000000000e+00 -8.470329472543003e-22  1.069105884036878e-50  0.000000000000000e+00  9.999999999526897e-01  6.878240083273128e-06  6.306719671584799e-35 -1.258939432294386e-30 
 2.381474467235521e+07 -1.267436183636881e-19 -0.000000000000000e+00  5.241993193763135e-44 -0.000000000000000e+00  9.999999999553370e-04  6.683052333755768e-09 -1.778379229119730e-28 -8.656053646491384e-33  0.000000000000000e+00 -8.470329472543003e-22  0.000000000000000e+00  3.503246160812043e-46  9.999999999553368e-01  6.683042177207899e-06  5.784877161025986e-35 -1.188498339580845e-30 
 2.451032434560777e+07  1.304455385757742e-19  3.419551526440775e-14 -0.000000000000000e+00 -7.071466815744803e-39  9.999999999578358e-04  6.493394266726682e-09 -1.969377325251468e-27  4.529613753474801e-23 -2.220446049250313e-16  8.470329472543003e-22  4.591774807899561e-41  0.000000000000000e+00  9.999999999578358e-01  6.493383801904080e-06 -2.941252057693537e-25 -1.278792282416426e-29 
 2.522622046938284e+07 -2.685111685149565e-19  3.519429587959238e-14  4.442144656990619e-43 -0.000000000000000e+00  9.999999999601948e-04  6.309136324489373e-09 -2.358083030394612e-27  4.401067625094241e-23 -2.220446049250313e-16 -1.694065894508601e-21  0.000000000000000e+00  2.802596928649634e-45  9.999999999601951e-01  6.309107750751925e-06 -2.776680986617071e-25 -1.487739992457143e-29 
 2.596302644538221e+07 -1.381769135312098e-19 -0.000000000000000e+00 -0.000000000000000e+00  8.720189207110051e-49  9.999999999624224e-04  6.130022711658967e-09 -1.631229216487243e-28 -7.282846681792715e-33  0.000000000000000e+00 -8.470329472543003e-22 -5.345529420184391e-51  0.000000000000000e+00  9.999999999624225e-01  6.130061278515626e-06  4.464429644310115e-35 -9.999535056747592e-31 
 2.672135300734995e+07  1.422127767616334e-19  3.728022615140163e-14 -0.000000000000000e+00 -0.000000000000000e+00  9.999999999645251e-04  5.956081849944894e-09 -1.643838510632142e-27  4.154815898002041e-23 -2.220446049250313e-16  8.470329472543003e-22  0.000000000000000e+00  0.000000000000000e+00  9.999999999645249e-01  5.956095974723749e-06 -2.474648224668607e-25 -9.790859936619315e-30 
 2.750182872730570e+07 -0.000000000000000e+00 -0.000000000000000e+00 -0.000000000000000e+00 -0.000000000000000e+00  9.999999999665099e-04  5.787029522252851e-09 -0.000000000000000e+00 -0.000000000000000e+00  0.000000000000000e+00  0.000000000000000e+00  0.000000000000000e+00  0.000000000000000e+00  9.999999999665100e-01  5.787067640652758e-06  0.000000000000000e+00  0.000000000000000e+00 
 2.830510053656400e+07  1.506415840064221e-19 -0.000000000000000e+00 -3.115194943359765e-44 -9.506820505858658e-49  9.999999999683836e-04  5.622865728582838e-09  1.496254968013111e-28  6.127486953547804e-33  0.000000000000000e+00  8.470329472543003e-22  5.345529420184391e-51 -1.751623080406021e-46  9.999999999683836e-01  5.622836169801625e-06 -3.445385527348547e-35  8.413196553655491e-31 
 2.913183426197148e+07 -1.550415146050092e-19  4.064320280461554e-14  2.564946700442414e-43 -0.000000000000000e+00  9.999999999701526e-04  5.463306251840550e-09 -1.661787242846327e-27  3.811030273160096e-23 -2.220446049250313e-16 -8.470329472543003e-22  0.000000000000000e+00  1.401298464324817e-45  9.999999999701525e-01  5.463265431758442e-06 -2.082066995136193e-25 -9.078784799050489e-30 
 2.998271517780646e+07 -0.000000000000000e+00  4.183030710137458e-14 -0.000000000000000e+00 -0.000000000000000e+00  9.999999999718229e-04  5.308237405188265e-09 -1.431560815653202e-27  3.702876862625090e-23 -2.220446049250313e-16  0.000000000000000e+00  0.000000000000000e+00  0.000000000000000e+00  9.999999999718228e-01  5.308223159362800e-06 -1.965569671900901e-25 -7.599044275900746e-30 
 3.085844857379843e+07 -3.284613362975187e-19  4.305208427118837e-14  5.433936987171350e-43 -1.335444353967231e-38  9.999999999733996e-04  5.157573923497694e-09 -1.625950888677574e-27  3.597792741311464e-23 -2.220446049250313e-16 -1.694065894508601e-21  6.887662211849341e-41  2.802596928649634e-45  9.999999999733994e-01  5.157580839070389e-06 -1.855590690602813e-25 -8.385973148935999e-30 
 3.175976033973813e+07  1.690275079243112e-19 -0.000000000000000e+00 -0.000000000000000e+00 -0.000000000000000e+00  9.999999999748879e-04  5.011202119931113e-09  1.333500217186288e-28  4.866955392631071e-33  0.000000000000000e+00  8.470329472543003e-22  0.000000000000000e+00  0.000000000000000e+00  9.999999999748879e-01  5.011213604428946e-06 -2.438935307631411e-35  6.682454430040690e-31 
 3.268739756716300e+07 -1.739644535162229e-19 -0.000000000000000e+00  3.597500580550048e-44  5.489350251083448e-49  9.999999999762929e-04  4.869008307650802e-09 -1.295656750482743e-28 -4.594635972301843e-33  0.000000000000000e+00 -8.470329472543003e-22 -2.672764710092196e-51  1.751623080406021e-46  9.999999999762927e-01  4.869000132577259e-06  2.237128315881228e-35 -6.308552890024657e-31 
 3.364212916861650e+07 -3.580911942540124e-19  4.693572901326191e-14 -0.000000000000000e+00  9.706081268953225e-39  9.999999999776193e-04  4.730821956400177e-09 -1.388841091020134e-27  3.300097379539660e-23 -2.220446049250313e-16 -1.694065894508601e-21 -4.591774807899561e-41  0.000000000000000e+00  9.999999999776193e-01  4.730822543681425e-06 -1.561217507981963e-25 -6.570360743136205e-30 
 3.462474651499481e+07 -1.842751504839852e-19 -0.000000000000000e+00 -0.000000000000000e+00 -0.000000000000000e+00  9.999999999788715e-04  4.596557801050949e-09 -1.223161223732682e-28 -4.094855620675781e-33  0.000000000000000e+00 -8.470329472543003e-22  0.000000000000000e+00  0.000000000000000e+00  9.999999999788716e-01  4.596566303225008e-06  1.882227536296751e-35 -5.622341664539905e-31 
 3.563606409150910e+07 -0.000000000000000e+00 -4.971756213511647e-14 -0.000000000000000e+00 -5.140675437696107e-39  9.999999999800535e-04  4.466158998184255e-09  1.013379835390793e-27 -3.115447936905091e-23  2.220446049250313e-16  0.000000000000000e+00  2.295887403949780e-41  0.000000000000000e+00  9.999999999800536e-01  4.466120127072118e-06  1.391396473613467e-25  4.525876079298124e-30 
 3.667692017280706e+07 -0.000000000000000e+00 -0.000000000000000e+00 -0.000000000000000e+00 -0.000000000000000e+00  9.999999999811700e-04  4.339369752415223e-09 -0.000000000000000e+00 -0.000000000000000e+00  0.000000000000000e+00  0.000000000000000e+00  0.000000000000000e+00  0.000000000000000e+00  9.999999999811698e-01  4.339375889224713e-06  0.000000000000000e+00  0.000000000000000e+00 
 3.774817751781341e+07  2.008982532068162e-19 -0.000000000000000e+00 -0.000000000000000e+00  6.339231115281963e-49  9.999999999822237e-04  4.216190063743852e-09  1.121952107631349e-28  3.445242703300467e-33  0.000000000000000e+00  8.470329472543003e-22 -2.672764710092196e-51  0.000000000000000e+00  9.999999999822236e-01  4.216228532197633e-06 -1.452593058625935e-35  4.730406488038653e-31 
 3.885072408486521e+07 -2.067660776678873e-19  5.420248666417064e-14 -0.000000000000000e+00 -5.604405765095748e-39  9.999999999832179e-04  4.096563088751282e-09 -9.616272330299797e-28  2.857663659358960e-23 -2.220446049250313e-16 -8.470329472543003e-22  2.295887403949780e-41  0.000000000000000e+00  9.999999999832181e-01  4.096575979937146e-06 -1.170663630586566e-25 -3.939379024550146e-30 
 3.998547376773483e+07 -0.000000000000000e+00 -0.000000000000000e+00 -0.000000000000000e+00 -0.000000000000000e+00  9.999999999841572e-04  3.980346718890360e-09 -0.000000000000000e+00 -0.000000000000000e+00  0.000000000000000e+00  0.000000000000000e+00  0.000000000000000e+00  0.000000000000000e+00  9.999999999841570e-01  3.980319053210757e-06  0.000000000000000e+00  0.000000000000000e+00 
 4.115336715315063e+07 -2.190208936774555e-19 -0.000000000000000e+00  2.264622962425365e-44  3.455540408974251e-49  9.999999999850435e-04  3.867342002195073e-09 -1.029117427337794e-28 -2.898685175725624e-33  0.000000000000000e+00 -8.470329472543003e-22 -1.336382355046098e-51  8.758115402030107e-47  9.999999999850435e-01  3.867361387398171e-06  1.121026312299243e-35 -3.979969001644255e-31 
 4.235537230044328e+07  1.127090215821407e-19 -5.909198750725741e-14  9.323071751256760e-44 -6.109968302903630e-39  9.999999999858802e-04  3.757634203793714e-09  7.673515679358159e-28 -2.621209455797928e-23  2.220446049250313e-16  4.235164736271502e-22  2.295887403949780e-41  3.503246160812043e-46  9.999999999858803e-01  3.757609352615286e-06  9.849481166408992e-26  2.883407428460339e-30 
 4.359248554396391e+07  1.160010201100833e-19 -0.000000000000000e+00  1.199422435892935e-44 -0.000000000000000e+00  9.999999999866702e-04  3.650995950010838e-09  4.857677510892043e-29  1.291690718860776e-33  0.000000000000000e+00  4.235164736271502e-22  0.000000000000000e+00  4.379057701015053e-47  9.999999999866702e-01  3.650971976104984e-06 -4.715926616418455e-36  1.773524446145867e-31 
 4.486573231893925e+07 -0.000000000000000e+00 -0.000000000000000e+00 -0.000000000000000e+00 -0.000000000000000e+00  9.999999999874161e-04  3.547370397427585e-09 -0.000000000000000e+00 -0.000000000000000e+00  0.000000000000000e+00  0.000000000000000e+00  0.000000000000000e+00  0.000000000000000e+00  9.999999999874162e-01  3.547360866830391e-06  0.000000000000000e+00  0.000000000000000e+00 
 4.617616801144832e+07 -0.000000000000000e+00 -0.000000000000000e+00 -0.000000000000000e+00 -0.000000000000000e+00  9.999999999881202e-04  3.446700702625094e-09 -0.000000000000000e+00 -0.000000000000000e+00  0.000000000000000e+00  0.000000000000000e+00  0.000000000000000e+00  0.000000000000000e+00  9.999999999881203e-01  3.446690142208115e-06  0.000000000000000e+00  0.000000000000000e+00 
 4.752487883322520e+07 -0.000000000000000e+00 -0.000000000000000e+00 -0.000000000000000e+00 -0.000000000000000e+00  9.999999999887850e-04  3.348873178765643e-09 -0.000000000000000e+00 -0.000000000000000e+00  0.000000000000000e+00  0.000000000000000e+00  0.000000000000000e+00  0.000000000000000e+00  9.999999999887850e-01  3.348876356920732e-06  0.000000000000000e+00  0.000000000000000e+00 
 4.891298272201290e+07  1.301590359342570e-19 -0.000000000000000e+00 -6.729064442088138e-45 -0.000000000000000e+00  9.999999999894126e-04  3.253830982430372e-09  4.329284883349649e-29  1.025967277690201e-33  0.000000000000000e+00  4.235164736271502e-22  0.000000000000000e+00 -2.189528850507527e-47  9.999999999894125e-01  3.253838433749490e-06 -3.338331759953055e-36  1.408679354424291e-31 
 5.034163026821484e+07  2.679214269270391e-19 -0.000000000000000e+00 -0.000000000000000e+00  8.454109574950769e-49  9.999999999900050e-04  3.161517270200420e-09  8.412847799151266e-29  1.937123223879214e-33  0.000000000000000e+00  8.470329472543003e-22 -2.672764710092196e-51  0.000000000000000e+00  9.999999999900049e-01  3.161497596369923e-06 -6.124210416227705e-36  2.659719809590857e-31 
 5.181200566861182e+07 -0.000000000000000e+00 -0.000000000000000e+00 -0.000000000000000e+00 -0.000000000000000e+00  9.999999999905642e-04  3.071704668400344e-09 -0.000000000000000e+00 -0.000000000000000e+00  0.000000000000000e+00  0.000000000000000e+00  0.000000000000000e+00  0.000000000000000e+00  9.999999999905643e-01  3.071777304054669e-06  0.000000000000000e+00  0.000000000000000e+00 
 5.332532770793514e+07  1.419004292743636e-19 -0.000000000000000e+00  7.336080250544103e-45 -1.119397010886246e-49  9.999999999910922e-04  2.984620550705586e-09  3.971063016703671e-29  8.632065705077554e-34  0.000000000000000e+00  4.235164736271502e-22  3.340955887615245e-52  2.189528850507527e-47  9.999999999910921e-01  2.984603188229340e-06 -2.576329082460911e-36  1.185204734041897e-31 
 5.488285076910945e+07 -1.460450487354169e-19 -0.000000000000000e+00 -0.000000000000000e+00 -0.000000000000000e+00  9.999999999915905e-04  2.899980700021842e-09 -3.858368028482720e-29 -8.149078099712355e-34  0.000000000000000e+00 -4.235164736271502e-22  0.000000000000000e+00  0.000000000000000e+00  9.999999999915904e-01  2.899902990828904e-06  2.363153595405292e-36 -1.118889298560976e-31 
 5.648586587300268e+07 -1.503107239999290e-19  7.880610886447475e-14 -0.000000000000000e+00 -0.000000000000000e+00  9.999999999920611e-04  2.817614586092532e-09 -4.408294981691964e-28  1.965488192407509e-23 -2.220446049250313e-16 -4.235164736271502e-22  0.000000000000000e+00  0.000000000000000e+00  9.999999999920610e-01  2.817606504403426e-06 -5.537972315299496e-26 -1.242084061384287e-30 
 5.813570174854497e+07 -1.547009908587458e-19  8.110787309535013e-14 -6.398283019054885e-44  4.193178759367809e-39  9.999999999925054e-04  2.737635895755375e-09 -4.171975878061949e-28  1.909709508520884e-23 -2.220446049250313e-16 -4.235164736271502e-22 -1.147943701974890e-41 -1.751623080406021e-46  9.999999999925053e-01  2.737645513923566e-06 -5.228107668938559e-26 -1.142139104685922e-30 
 5.983372593410354e+07  1.592194883758864e-19 -8.347686712161673e-14  6.585163696257269e-44 -0.000000000000000e+00  9.999999999929245e-04  2.659930942172650e-09  3.948586117738772e-28 -1.855513770583152e-23  2.220446049250313e-16  4.235164736271502e-22  0.000000000000000e+00  1.751623080406021e-46  9.999999999929247e-01  2.659953740237584e-06  4.935580794159920e-26  1.050305641260376e-30 
 6.158134591102648e+07  3.277399238098784e-19 -0.000000000000000e+00  1.694375693344612e-44 -0.000000000000000e+00  9.999999999933205e-04  2.584442881925497e-09  6.877350067749464e-29  1.294533954796546e-33  0.000000000000000e+00  8.470329472543003e-22  0.000000000000000e+00  4.379057701015053e-47  9.999999999933206e-01  2.584466785132975e-06 -3.345680008420854e-36  1.777428281994923e-31 
 6.338001027029498e+07 -0.000000000000000e+00 -0.000000000000000e+00 -0.000000000000000e+00 -0.000000000000000e+00  9.999999999936945e-04  2.511058028176194e-09 -0.000000000000000e+00 -0.000000000000000e+00  0.000000000000000e+00  0.000000000000000e+00  0.000000000000000e+00  0.000000000000000e+00  9.999999999936944e-01  2.511122077957200e-06  0.000000000000000e+00  0.000000000000000e+00 
 6.523120991325112e+07 -0.000000000000000e+00 -0.000000000000000e+00 -0.000000000000000e+00 -0.000000000000000e+00  9.999999999940471e-04  2.439833224343602e-09 -0.000000000000000e+00 -0.000000000000000e+00  0.000000000000000e+00  0.000000000000000e+00  0.000000000000000e+00  0.000000000000000e+00  9.999999999940471e-01  2.439858823753276e-06  0.000000000000000e+00  0.000000000000000e+00 
 6.713647928739643e+07 -1.786523522748711e-19  9.366528446948760e-14  7.388888109438357e-44 -0.000000000000000e+00  9.999999999943802e-04  2.370597940171137e-09 -3.170601821608789e-28  1.653680735159915e-23 -2.220446049250313e-16 -4.235164736271502e-22  0.000000000000000e+00  1.751623080406021e-46  9.999999999943802e-01  2.370617952867230e-06 -3.920245239102805e-26 -7.516285599741579e-31 
 6.909739765828553e+07 -0.000000000000000e+00 -0.000000000000000e+00 -0.000000000000000e+00 -0.000000000000000e+00  9.999999999946946e-04  2.303295332239941e-09 -0.000000000000000e+00 -0.000000000000000e+00  0.000000000000000e+00  0.000000000000000e+00  0.000000000000000e+00  0.000000000000000e+00  9.999999999946947e-01  2.303342071985638e-06  0.000000000000000e+00  0.000000000000000e+00 
 7.111559041856925e+07  1.892408962541291e-19 -0.000000000000000e+00 -0.000000000000000e+00 -7.464237236193395e-50  9.999999999949917e-04  2.237982243968872e-09  2.977662640594538e-29  4.853467922219429e-34  0.000000000000000e+00  4.235164736271502e-22  1.670477943807622e-52  0.000000000000000e+00  9.999999999949915e-01  2.237975416562677e-06 -1.086194189505702e-36  6.663935788501057e-32 
 7.319273043527216e+07 -0.000000000000000e+00 -0.000000000000000e+00 -0.000000000000000e+00 -0.000000000000000e+00  9.999999999952716e-04  2.174488145101350e-09 -0.000000000000000e+00 -0.000000000000000e+00  0.000000000000000e+00  0.000000000000000e+00  0.000000000000000e+00  0.000000000000000e+00  9.999999999952717e-01  2.174463804597250e-06  0.000000000000000e+00  0.000000000000000e+00 
 7.533053943642129e+07 -2.004570125109030e-19  1.050972061753163e-13  4.145353859982966e-44 -0.000000000000000e+00  9.999999999955361e-04  2.112756192218512e-09 -2.548930575660156e-28  1.473802036478608e-23 -2.220446049250313e-16 -4.235164736271502e-22  0.000000000000000e+00  8.758115402030107e-47  9.999999999955362e-01  2.112754591721875e-06 -3.113782019873130e-26 -5.385264777730317e-31 
 7.753078943817548e+07  2.063119492394658e-19 -0.000000000000000e+00 -1.066607778430690e-44 -0.000000000000000e+00  9.999999999957859e-04  2.052843228739221e-09  2.731279254288057e-29  4.083507818583089e-34  0.000000000000000e+00  4.235164736271502e-22  0.000000000000000e+00 -2.189528850507527e-47  9.999999999957859e-01  2.052796627566108e-06 -8.382611078662524e-37  5.606760842167425e-32 
 7.979530421363816e+07 -0.000000000000000e+00 -0.000000000000000e+00 -0.000000000000000e+00 -0.000000000000000e+00  9.999999999960221e-04  1.994465037569171e-09 -0.000000000000000e+00 -0.000000000000000e+00  0.000000000000000e+00  0.000000000000000e+00  0.000000000000000e+00  0.000000000000000e+00  9.999999999960220e-01  1.994540213358324e-06  0.000000000000000e+00  0.000000000000000e+00 
 8.212596080457115e+07 -0.000000000000000e+00 -0.000000000000000e+00 -0.000000000000000e+00 -0.000000000000000e+00  9.999999999962446e-04  1.937905835802667e-09 -0.000000000000000e+00 -0.000000000000000e+00  0.000000000000000e+00  0.000000000000000e+00  0.000000000000000e+00  0.000000000000000e+00  9.999999999962444e-01  1.937937060730728e-06  0.000000000000000e+00  0.000000000000000e+00 
 8.452469107726263e+07 -0.000000000000000e+00 -0.000000000000000e+00 -0.000000000000000e+00 -0.000000000000000e+00  9.999999999964545e-04  1.882995093183126e-09 -0.000000000000000e+00 -0.000000000000000e+00  0.000000000000000e+00  0.000000000000000e+00  0.000000000000000e+00  0.000000000000000e+00  9.999999999964544e-01  1.882940251693439e-06  0.000000000000000e+00  0.000000000000000e+00 
 8.699348332383856e+07 -0.000000000000000e+00 -0.000000000000000e+00 -0.000000000000000e+00 -0.000000000000000e+00  9.999999999966531e-04  1.829334905778524e-09 -0.000000000000000e+00 -0.000000000000000e+00  0.000000000000000e+00  0.000000000000000e+00  0.000000000000000e+00  0.000000000000000e+00  9.999999999966531e-01  1.829504199744465e-06  0.000000000000000e+00  0.000000000000000e+00 
 8.953438391034539e+07  2.382539040599858e-19 -0.000000000000000e+00  6.158719071984042e-45  9.397459521460025e-50  9.999999999968402e-04  1.777607394615188e-09  2.365105197837128e-29  3.061978271592774e-34  0.000000000000000e+00  4.235164736271502e-22 -1.670477943807622e-52  1.094764425253763e-47  9.999999999968402e-01  1.777584612083343e-06 -5.442925458134066e-37  4.204174605646894e-32 
 9.214949897296967e+07 -0.000000000000000e+00 -0.000000000000000e+00 -0.000000000000000e+00 -0.000000000000000e+00  9.999999999970169e-04  1.727130438666791e-09 -0.000000000000000e+00 -0.000000000000000e+00  0.000000000000000e+00  0.000000000000000e+00  0.000000000000000e+00  0.000000000000000e+00  9.999999999970171e-01  1.727138452897131e-06  0.000000000000000e+00  0.000000000000000e+00 
 9.484099616380084e+07  1.261874858243860e-19 -0.000000000000000e+00  1.630935028449095e-45  2.488609357374718e-50  9.999999999971839e-04  1.678131411608774e-09  1.116385557618862e-29  1.364456184371326e-34  0.000000000000000e+00  2.117582368135751e-22 -4.176194859519056e-53  2.736911063134408e-48  9.999999999971838e-01  1.678123907688286e-06 -2.289726543993106e-37  1.873433294443406e-32 
 9.761110644758411e+07  1.298731625497039e-19 -1.361818812937184e-13 -2.685714053801576e-44 -1.760109562299401e-39  9.999999999973416e-04  1.630496626603417e-09  1.459152788257751e-28 -1.137394160176028e-23  2.220446049250313e-16  2.117582368135751e-22  2.869859254937225e-42 -4.379057701015053e-47  9.999999999973415e-01  1.630500348614902e-06  1.854521574684497e-26  2.379149129942995e-31 
 1.004621259509529e+08  1.336664903058258e-19 -0.000000000000000e+00 -0.000000000000000e+00 -0.000000000000000e+00  9.999999999974903e-04  1.584226083650719e-09  1.053920742635504e-29  1.216037812115437e-34  0.000000000000000e+00  2.117582368135751e-22  0.000000000000000e+00  0.000000000000000e+00  9.999999999974902e-01  1.584228300814555e-06 -1.926481516818722e-37  1.669651067302849e-32 
 1.033964178656732e+08  1.375706133577799e-19 -1.442532434722474e-13 -0.000000000000000e+00 -0.000000000000000e+00  9.999999999976304e-04  1.539319782750681e-09  1.306163440478033e-28 -1.073753856614339e-23  2.220446049250313e-16  2.117582368135751e-22  0.000000000000000e+00  0.000000000000000e+00  9.999999999976306e-01  1.539269409683838e-06  1.652796465020415e-26  2.010537427979997e-31 
 1.064164144074786e+08  1.415887678081041e-19 -0.000000000000000e+00  1.829991932595874e-45 -1.396173044277858e-50  9.999999999977633e-04  1.495550350227859e-09  9.949510043149941e-30  1.083763610316177e-34  0.000000000000000e+00  2.117582368135751e-22  2.088097429759528e-53  2.736911063134408e-48  9.999999999977632e-01  1.495586409086477e-06 -1.620862126254993e-37  1.488035199763775e-32 
 1.095246188321176e+08 -0.000000000000000e+00 -0.000000000000000e+00 -0.000000000000000e+00 -0.000000000000000e+00  9.999999999978882e-04  1.453145159757696e-09 -0.000000000000000e+00 -0.000000000000000e+00  0.000000000000000e+00  0.000000000000000e+00  0.000000000000000e+00  0.000000000000000e+00  9.999999999978884e-01  1.453143090463674e-06  0.000000000000000e+00  0.000000000000000e+00 
 1.127236075102869e+08  1.499805906742167e-19 -0.000000000000000e+00 -0.000000000000000e+00 -0.000000000000000e+00  9.999999999980066e-04  1.411876837664749e-09  9.392807835915275e-30  9.658775009642909e-35  0.000000000000000e+00  2.117582368135751e-22  0.000000000000000e+00  0.000000000000000e+00  9.999999999980066e-01  1.411904272821060e-06 -1.363726570635928e-37  1.326174551734234e-32 
 1.160160320631679e+08 -1.543612150181132e-19 -0.000000000000000e+00 -0.000000000000000e+00 -1.522119097627550e-50  9.999999999981181e-04  1.371859070786741e-09 -9.126248890707594e-30 -9.118340219954363e-35  0.000000000000000e+00 -2.117582368135751e-22  2.088097429759528e-53  0.000000000000000e+00  9.999999999981181e-01  1.371835773567397e-06  1.250886530931534e-37 -1.251971470677601e-32 
 1.194046215603391e+08 -0.000000000000000e+00 -1.665870472227796e-13  1.642675110878217e-44 -2.153087121330297e-39  9.999999999982234e-04  1.332864485448226e-09  9.026293443974329e-29 -9.297990395751583e-24  2.220446049250313e-16  0.000000000000000e+00  2.869859254937225e-42  2.189528850507527e-47  9.999999999982234e-01  1.332904380180849e-06  1.239333212539876e-26  1.203118606829243e-31 
 1.228921847818839e+08 -0.000000000000000e+00 -0.000000000000000e+00 -0.000000000000000e+00 -0.000000000000000e+00  9.999999999983228e-04  1.295120455324650e-09 -0.000000000000000e+00 -0.000000000000000e+00  0.000000000000000e+00  0.000000000000000e+00  0.000000000000000e+00  0.000000000000000e+00  9.999999999983228e-01  1.295077822679332e-06  0.000000000000000e+00  0.000000000000000e+00 
 1.264816125465706e+08  3.365716796711098e-19 -0.000000000000000e+00  2.175043501237109e-45  3.318852998713851e-50  9.999999999984167e-04  1.258285919902846e-09  1.674221513495832e-29  1.534359108853849e-34  0.000000000000000e+00  4.235164736271502e-22 -4.176194859519056e-53  2.736911063134408e-48  9.999999999984166e-01  1.258324746872138e-06 -1.930722037262536e-37  2.106714362180866e-32 
 1.301758801080334e+08 -0.000000000000000e+00  1.816145405717433e-13  8.954288179795225e-45 -0.000000000000000e+00  9.999999999985053e-04  1.222588252858259e-09 -7.594351181716349e-29  8.528638512523518e-24 -2.220446049250313e-16  0.000000000000000e+00  0.000000000000000e+00  1.094764425253763e-47  9.999999999985053e-01  1.222614688370643e-06 -1.042723871723039e-26 -9.284965303425235e-32 
 1.339780496209411e+08 -1.782599711217949e-19 -1.869191274790072e-13  9.215824506638207e-45  1.207936549734083e-39  9.999999999985888e-04  1.187913767353166e-09  6.379154404287531e-29 -8.286603870153585e-24  2.220446049250313e-16 -2.117582368135751e-22 -1.434929627468613e-42  1.094764425253763e-47  9.999999999985889e-01  1.187918047336572e-06  9.843806288498418e-27  7.577912643610429e-32 
 1.378912726791976e+08 -0.000000000000000e+00 -0.000000000000000e+00 -0.000000000000000e+00 -0.000000000000000e+00  9.999999999986678e-04  1.154376150225289e-09 -0.000000000000000e+00 -0.000000000000000e+00  0.000000000000000e+00  0.000000000000000e+00  0.000000000000000e+00  0.000000000000000e+00  9.999999999986676e-01  1.154206063946885e-06  0.000000000000000e+00  0.000000000000000e+00 
 1.419187929282774e+08 -0.000000000000000e+00  1.979976348519796e-13  9.762037091309498e-45 -1.279529725632118e-39  9.999999999987426e-04  1.121406967286021e-09 -6.389573996138307e-29  7.822945795941280e-24 -2.220446049250313e-16  0.000000000000000e+00  1.434929627468613e-42  1.094764425253763e-47  9.999999999987425e-01  1.121450794554944e-06 -8.773048778629636e-27 -7.165592834845922e-32 
 1.460639487538631e+08  1.943404562199960e-19 -0.000000000000000e+00 -0.000000000000000e+00  9.581724263423152e-51  9.999999999988128e-04  1.089574652723968e-09  7.248819390330038e-30  5.752620615326726e-35  0.000000000000000e+00  2.117582368135751e-22 -1.044048714879764e-53  0.000000000000000e+00  9.999999999988127e-01  1.089625088528199e-06 -6.268199747251967e-38  7.898495469922670e-33 
 1.503301760490115e+08 -0.000000000000000e+00 -0.000000000000000e+00 -0.000000000000000e+00 -0.000000000000000e+00  9.999999999988792e-04  1.058651832863688e-09 -0.000000000000000e+00 -0.000000000000000e+00  0.000000000000000e+00  0.000000000000000e+00  0.000000000000000e+00  0.000000000000000e+00  9.999999999988792e-01  1.058702565743210e-06  0.000000000000000e+00  0.000000000000000e+00 
 1.547210110621433e+08 -0.000000000000000e+00 -0.000000000000000e+00 -0.000000000000000e+00 -0.000000000000000e+00  9.999999999989418e-04  1.028524820867460e-09 -0.000000000000000e+00 -0.000000000000000e+00  0.000000000000000e+00  0.000000000000000e+00  0.000000000000000e+00  0.000000000000000e+00  9.999999999989420e-01  1.028657594719329e-06  0.000000000000000e+00  0.000000000000000e+00 
 1.592400933282169e+08  2.118715305860299e-19 -0.000000000000000e+00  1.369187675411717e-45  1.044607296304105e-50  9.999999999990013e-04  9.993073035730049e-10  6.649023884846505e-30  4.840017825586132e-35  0.000000000000000e+00  2.117582368135751e-22 -1.044048714879764e-53  1.368455531567204e-48  9.999999999990012e-01  9.994652713729264e-07 -4.837429729504076e-38  6.645468461439818e-33 
 1.638911686855154e+08 -0.000000000000000e+00 -0.000000000000000e+00 -0.000000000000000e+00 -0.000000000000000e+00  9.999999999990570e-04  9.711129678180441e-10 -0.000000000000000e+00 -0.000000000000000e+00  0.000000000000000e+00  0.000000000000000e+00  0.000000000000000e+00  0.000000000000000e+00  9.999999999990570e-01  9.711013983745621e-07  0.000000000000000e+00  0.000000000000000e+00 
 1.686780923805481e+08 -0.000000000000000e+00 -2.353308018873215e-13 -0.000000000000000e+00 -0.000000000000000e+00  9.999999999991097e-04  9.436007530894130e-10  4.523080941837866e-29 -6.581904080452072e-24  2.220446049250313e-16  0.000000000000000e+00  0.000000000000000e+00  0.000000000000000e+00  9.999999999991097e-01  9.435424650919712e-07  6.210306001074180e-27  4.267718941676014e-32 
 1.736048322636394e+08 -1.154920245274392e-19 -2.422043302217681e-13 -0.000000000000000e+00  7.826043993587421e-40  9.999999999991595e-04  9.167706593871117e-10  3.965059344514795e-29 -6.395115908078629e-24  2.220446049250313e-16 -1.058791184067875e-22 -7.174648137343063e-43  0.000000000000000e+00  9.999999999991596e-01  9.167656281022526e-07  5.862822452261340e-27  3.635030120439867e-32 
 1.786754720778544e+08 -2.377306176861455e-19 -0.000000000000000e+00  7.681490545321697e-46  5.860512195832594e-51  9.999999999992064e-04  8.908500603865832e-10 -5.925778013410408e-30 -3.844341249396248e-35  0.000000000000000e+00 -2.117582368135751e-22 -5.220243574398820e-54  6.842277657836021e-49  9.999999999992064e-01  8.907486922571015e-07  3.424341940492457e-38 -5.278379016055395e-33 
 1.838942148439875e+08 -1.223371198502303e-19 -0.000000000000000e+00  3.952925536550259e-46  3.015842847099502e-51  9.999999999992511e-04  8.653842087369412e-10 -2.878805037110963e-30 -1.814619938786634e-35  0.000000000000000e+00 -1.058791184067875e-22 -2.610121787199410e-54  3.421138828918010e-49  9.999999999992510e-01  8.654700922853952e-07  1.570499285885763e-38 -2.491519661141951e-33 
 1.892653863444194e+08 -0.000000000000000e+00  2.640531115176534e-13 -0.000000000000000e+00 -0.000000000000000e+00  9.999999999992929e-04  8.408278517890722e-10 -3.592603842723217e-29  5.865959148555348e-24 -2.220446049250313e-16  0.000000000000000e+00  0.000000000000000e+00  0.000000000000000e+00  9.999999999992930e-01  8.409088749178758e-07 -4.932737107929386e-27 -3.021052455412154e-32 
 1.947934387087302e+08 -2.591758340801068e-19 -0.000000000000000e+00  8.374422859114244e-46  6.389177596370120e-51  9.999999999993326e-04  8.169536158675328e-10 -5.435456096465812e-30 -3.234470238675747e-35  0.000000000000000e+00 -2.117582368135751e-22 -5.220243574398820e-54  6.842277657836021e-49  9.999999999993325e-01  8.170446815191222e-07  2.642706706043669e-38 -4.441010495251045e-33 
 2.004829541040410e+08 -0.000000000000000e+00 -0.000000000000000e+00 -0.000000000000000e+00 -0.000000000000000e+00  9.999999999993699e-04  7.937615009723231e-10 -0.000000000000000e+00 -0.000000000000000e+00  0.000000000000000e+00  0.000000000000000e+00  0.000000000000000e+00  0.000000000000000e+00  9.999999999993698e-01  7.938577312124067e-07  0.000000000000000e+00  0.000000000000000e+00 
 2.063386485331430e+08 -0.000000000000000e+00 -2.878728288561698e-13 -0.000000000000000e+00 -9.301672769946073e-40  9.999999999994050e-04  7.712515071034431e-10  3.022668762940561e-29 -5.380586877108505e-24  2.220446049250313e-16  0.000000000000000e+00  7.174648137343063e-43  0.000000000000000e+00  9.999999999994051e-01  7.713288044834532e-07  4.150201643341929e-27  2.331471483269809e-32 
 2.123653757435618e+08  1.412777908561203e-19 -0.000000000000000e+00 -0.000000000000000e+00  1.741383218474747e-51  9.999999999994384e-04  7.494236342608929e-10  2.492852660842122e-30  1.360674956536923e-35  0.000000000000000e+00  1.058791184067875e-22 -1.305060893599705e-54  0.000000000000000e+00  9.999999999994383e-01  7.494392272495059e-07 -1.019743187965360e-38  1.868241571789444e-33 
 2.185681312507976e+08 -1.454042243305727e-19  3.049347598633091e-13 -0.000000000000000e+00 -0.000000000000000e+00  9.999999999994698e-04  7.282778824446723e-10 -2.936089529334077e-29  5.079528374904539e-24 -2.220446049250313e-16 -1.058791184067875e-22  0.000000000000000e+00  0.000000000000000e+00  9.999999999994698e-01  7.281708553805014e-07 -3.698764521685727e-27 -2.137974824050063e-32 
 2.249520564790758e+08 -1.496511824332479e-19  3.138412765422508e-13 -0.000000000000000e+00 -0.000000000000000e+00  9.999999999994993e-04  7.075868779793382e-10 -2.778485959157861e-29  4.935376194896776e-24 -2.220446049250313e-16 -1.058791184067875e-22  0.000000000000000e+00  0.000000000000000e+00  9.999999999994994e-01  7.075060596595154e-07 -3.491808564590539e-27 -1.965795652784051e-32 
 2.315224430230409e+08 -1.540221854404569e-19 -0.000000000000000e+00  4.976725222632545e-46  1.898470009854334e-51  9.999999999995275e-04  6.873506208648905e-10 -2.286584337495938e-30 -1.144815812621922e-35  0.000000000000000e+00 -1.058791184067875e-22 -1.305060893599705e-54  3.421138828918010e-49  9.999999999995275e-01  6.874277111700190e-07  7.869781137823054e-39 -1.571861437522789e-33 
 2.382847370339250e+08 -1.585208564485355e-19 -0.000000000000000e+00  2.561042561318948e-46  1.953920411162528e-51  9.999999999995540e-04  6.677964847767726e-10 -2.221693250627986e-30 -1.080760247361864e-35  0.000000000000000e+00 -1.058791184067875e-22 -1.305060893599705e-54  1.710569414459005e-49  9.999999999995539e-01  6.679191670978289e-07  7.218604842507015e-39 -1.483911505506974e-33 
 2.452445437338277e+08 -1.631509243770061e-19  3.421522873590871e-13  4.217352548898894e-45 -5.527768332892759e-40  9.999999999995787e-04  6.491518433904275e-10 -2.355564996419131e-29  4.527003975873229e-24 -2.220446049250313e-16 -1.058791184067875e-22  3.587324068671532e-43  2.736911063134408e-48  9.999999999995788e-01  6.489642569359855e-07 -2.937863771350059e-27 -1.528677487566203e-32 
 2.524076320618488e+08 -1.679162270594551e-19 -0.000000000000000e+00 -2.712832960090495e-46 -2.069727294990917e-51  9.999999999996026e-04  6.302798283286393e-10 -2.097383457356853e-30 -9.632008280391086e-36  0.000000000000000e+00 -1.058791184067875e-22  1.305060893599705e-54 -1.710569414459005e-49  9.999999999996025e-01  6.305472690811248e-07  6.073436516969794e-39 -1.322499411252817e-33 
 2.597799394559247e+08 -0.000000000000000e+00 -0.000000000000000e+00 -0.000000000000000e+00 -0.000000000000000e+00  9.999999999996247e-04  6.125446816440672e-10 -0.000000000000000e+00 -0.000000000000000e+00  0.000000000000000e+00  0.000000000000000e+00  0.000000000000000e+00  0.000000000000000e+00  9.999999999996247e-01  6.126529378102288e-07  0.000000000000000e+00  0.000000000000000e+00 
 2.673675767743328e+08 -0.000000000000000e+00 -3.730171793680398e-13 -0.000000000000000e+00 -0.000000000000000e+00  9.999999999996457e-04  5.952642823103815e-10  1.800255893862132e-29 -4.152422062332899e-24  2.220446049250313e-16  0.000000000000000e+00  0.000000000000000e+00  0.000000000000000e+00  9.999999999996456e-01  5.952664306269682e-07  2.471797459502455e-27  1.071631900154853e-32 
 2.751768333609425e+08 -1.830636231348805e-19 -3.839122433845609e-13 -0.000000000000000e+00 -0.000000000000000e+00  9.999999999996654e-04  5.786660040030256e-10  1.507142890074578e-29 -4.034580276956791e-24  2.220446049250313e-16 -1.058791184067875e-22  0.000000000000000e+00  0.000000000000000e+00  9.999999999996654e-01  5.783733359671400e-07  2.333493654011507e-27  8.716912611118820e-33 
 2.832141822584124e+08 -0.000000000000000e+00  3.951255297953566e-13 -2.435149086799194e-45 -6.383597222098880e-40  9.999999999996841e-04  5.618403520202264e-10 -1.604433519721238e-29  3.920082729258340e-24 -2.220446049250313e-16  0.000000000000000e+00  3.587324068671532e-43 -1.368455531567204e-48  9.999999999996843e-01  5.619596512530145e-07 -2.202928323417678e-27 -9.016269012014780e-33 
 2.914862855736530e+08 -0.000000000000000e+00 -0.000000000000000e+00 -0.000000000000000e+00 -0.000000000000000e+00  9.999999999997021e-04  5.456968210637569e-10 -0.000000000000000e+00 -0.000000000000000e+00  0.000000000000000e+00  0.000000000000000e+00  0.000000000000000e+00  0.000000000000000e+00  9.999999999997020e-01  5.460117712866891e-07  0.000000000000000e+00  0.000000000000000e+00 
 3.000000000000052e+08 -1.995774363332000e-19  4.185442197610430e-13 -2.579477906841551e-45  6.761946564110715e-40  9.999999999997186e-04  5.304627848090604e-10 -1.606376871546567e-29  3.700743415173149e-24 -2.220446049250313e-16 -1.058791184067875e-22 -3.587324068671532e-43 -1.368455531567204e-48  9.999999999997186e-01  5.305164769728260e-07 -1.963305358798596e-27 -8.522093985837545e-33 
