Note: gnd in a subcircuit is not set to 0 automatically

Note: Compatibility modes selected: ps a


Circuit: coupled 4x4 eight state actual amplifiers r2

Reducing trtol to 1 for xspice 'A' devices
Doing analysis at TEMP = 27.000000 and TNOM = 27.000000

Using KLU as Direct Linear Solver

Initial Transient Solution
--------------------------

Node                                   Voltage
----                                   -------
v5                                           5
ref                                        2.5
vcm_cmd                                    2.5
xcm.n3294772                          0.373946
xcm.n3294776                          0.373871
xcm.n3294626                           130.183
xcm.n3294630                           129.759
xcm.mid                               0.373871
xcm.n47456861                          65.1994
xcm.n4736080                           4.35918
xcm.n3294524                           2.51509
xcm.n47492651                          37.2217
xcm.n47965841                          24.0532
xcm.n4797748                           24.2564
xcm.n4797760                           6.75882
xcm.n48001371                          24.4389
xcm.n4809008                          0.373909
xcm.n2991553                          0.373871
xcm.n4817896                          0.374303
xcm.n2991581                          0.373872
xcm.n2992397                                 5
xcm.n2992375                          0.373871
xcm.n2992413                       3.74245e-07
xcm.n2991741                          0.373871
xcm.n2991765                          0.373871
xcm.n2991811                          0.373871
xcm.n2991831                          0.373871
xcm.n2991907                          0.373871
xcm.n2991925                          0.373871
xcm.n2991969                           2.51547
xcm.n2992033                           4.98488
xcm.n2992029                         0.0230605
xcm.n2992093                          0.373871
xcm.n2992099                          0.373871
xcm.sw_ol_opax388                     0.373871
xcm.vimon                             0.400252
xcm.vout_s                             2.51222
xcm.n2991657                               2.5
xcm.clamp                              2.51547
xcm.vclp                               2.51483
xcm.n4031911                           2.51546
xcm.n3827259                           24.4396
xcm.n3828449                          0.393109
xcm.n3850714                           0.37434
xcm.n3850724                          0.373872
xcm.n4243633                          0.313304
xcm.n2991579                          0.373871
xcm.esdp                                   2.5
xcm.esdn                               2.49959
xcm.n2992163                           2.51454
cmdrv                                  2.51454
xcm.n3294618                           2.51509
xcm.cl_clamp                           2.51509
xcm.claw_clamp                         2.51509
xcm.n3201092                           272.079
xcm.vcc_b                                    5
xcm.vee_b                          3.73872e-07
xcm.n2991563                               2.5
xcm.n2991555                               2.5
xcm.vcc_clp                            4.98488
xcm.vee_clp                          0.0230605
xcm.n2992299                          -52.4852
xcm.n2992295                          -52.4852
xcm.n2992323                           57.5148
xcm.n2992331                           57.5148
xcm.n2992235                           2.51454
xcm.vsense                             2.51547
xcm.n2991587                               2.5
xcm.n2991583                               2.5
xcm.n4747399                            93.644
xcm.n4745674                           93.6443
xcm.n4796554                           40.0427
xcm.n4749239                           40.0428
xcm.n4796572                           24.2582
xcm.n4798545                           24.4451
xcm.n4800105                            24.442
xcm.n2991573                               2.5
xcm.n2991619                           2.49959
xcm.n2991623                               5.1
xcm.n2991635                        -0.0999996
xcm.n2991643                               2.5
xcm.n2991667                          0.414719
xcm.n3294682                           24.4203
xcm.n2991729                          0.373871
xcm.n2991763                          0.373871
xcm.n2991807                           60.3739
xcm.n2991809                          0.373871
xcm.n2991837                          0.373871
xcm.n2991849                          -59.6261
xcm.n2991901                           150.374
xcm.n2991905                          0.373871
xcm.n2991931                          0.373871
xcm.n2991943                          -149.626
xcm.n2991997                           4.98488
xcm.n2992001                         0.0230605
xcm.v11                               0.373871
xcm.v12                               0.373871
xcm.n2992105                          0.373871
cmfb                                   2.49959
xcm.n2992151                          0.402389
xcm.n2992287                           57.5148
xcm.n2992267                          -52.4852
xcm.x_u10.gvo+_int1                          0
xcm.x_u10.gvo-_int1                          0
xcm.x_u11.gvo+_int1                          0
xcm.x_u11.gvo-_int1                          0
xcm.x_u12.gvo+_int1                          0
xcm.x_u12.gvo-_int1                          0
xcm.x_u16.gsw+_int1                          0
xcm.x_u18.g1_int1                  1.51184e-05
xcm.x_u18.g1_int2                    0.0263805
xcm.x_u19.g1_int1                  2.30602e-05
xcm.x_u19.g1_int2                   -0.0263805
xcm.x_u22.g1_int1                  1.73472e-18
xcm.x_u23.g1_int1                            0
xcm.x_u26.g1_int1                  2.63805e-05
xcm.x_u27.g1_int1                            0
xcm.x_u30.g1_int1                  4.08482e-08
xcm.x_u31.g1_int1                    0.0102606
xcm.x_u32.g1_int1                      24.0477
xcm.x_u35.g1_int1                            0
xcm.x_u38.3                                  0
xcm.x_u38.5                                  0
xcm.x_u39.3                                  0
xcm.x_u39.5                                  0
xcm.x_u4.e1_int1                  -3.00202e-07
xcm.x_u40.5                                  0
xcm.x_u6.g1_int1                       2.12613
vcm                                    2.48829
vexcmd                                0.248814
xex.n3294772                          0.373867
xex.n3294776                          0.373871
xex.n3294626                          -130.698
xex.n3294630                          -128.764
xex.mid                               0.373871
xex.n47456861                          3.21682
xex.n4736080                          0.119814
xex.n3294524                          0.237428
xex.n47492651                         0.266033
xex.n47965841                         -1.28161
xex.n4797748                          -1.28391
xex.n4797760                        -0.0527273
xex.n48001371                         -1.23799
xex.n4809008                          0.373829
xex.n2991553                          0.373871
xex.n4817896                          0.374303
xex.n2991581                          0.373872
xex.n2992397                                 5
xex.n2992375                          0.373871
xex.n2992413                       3.74245e-07
xex.n2991741                          0.373871
xex.n2991765                          0.373871
xex.n2991811                          0.373871
xex.n2991831                          0.373871
xex.n2991907                          0.373871
xex.n2991925                          0.373871
xex.n2991969                          0.237353
xex.n2992033                           4.98512
xex.n2992029                         0.0235548
xex.n2992093                          0.373871
xex.n2992099                          0.373871
xex.sw_ol_opax388                     0.373871
xex.vimon                             0.365935
xex.vout_s                            0.237455
xex.n2991657                          0.248814
xex.clamp                             0.237353
xex.vclp                              0.237308
xex.n4031911                          0.237348
xex.n3827259                          -1.23603
xex.n3828449                          0.372585
xex.n3850714                           0.37434
xex.n3850724                          0.373872
xex.n4243633                          0.313304
xex.n2991579                          0.373871
xex.esdp                              0.248814
xex.esdn                               0.24862
xex.n2992163                           0.23798
exdrv                                  0.23798
xex.n3294618                          0.237428
xex.cl_clamp                          0.237428
xex.claw_clamp                        0.237428
xex.n3201092                          -270.812
xex.vcc_b                                    5
xex.vee_b                          3.73872e-07
xex.n2991563                          0.248813
xex.n2991555                          0.248813
xex.vcc_clp                            4.98512
xex.vee_clp                          0.0235548
xex.n2992299                          -54.7627
xex.n2992295                          -54.7627
xex.n2992323                           55.2373
xex.n2992331                           55.2373
xex.n2992235                           0.23798
xex.vsense                            0.237353
xex.n2991587                          0.248814
xex.n2991583                          0.248813
xex.n4747399                          -34.4605
xex.n4745674                          -34.4607
xex.n4796554                          -1.47029
xex.n4749239                          -1.47029
xex.n4796572                          -1.28403
xex.n4798545                          -1.23441
xex.n4800105                           -1.2362
xex.n2991573                          0.248814
xex.n2991619                           0.24862
xex.n2991623                               5.1
xex.n2991635                        -0.0999996
xex.n2991643                          0.248814
xex.n2991667                          0.393227
xex.n3294682                          -1.23396
xex.n2991729                          0.373871
xex.n2991763                          0.373871
xex.n2991807                           60.3739
xex.n2991809                          0.373871
xex.n2991837                          0.373871
xex.n2991849                          -59.6261
xex.n2991901                           150.374
xex.n2991905                          0.373871
xex.n2991931                          0.373871
xex.n2991943                          -149.626
xex.n2991997                           4.98512
xex.n2992001                         0.0235548
xex.v11                               0.373871
xex.v12                               0.373871
xex.n2992105                          0.373871
exfb                                   0.24862
xex.n2992151                          0.367413
xex.n2992287                           55.2373
xex.n2992267                          -54.7627
xex.x_u10.gvo+_int1                          0
xex.x_u10.gvo-_int1                          0
xex.x_u11.gvo+_int1                          0
xex.x_u11.gvo-_int1                          0
xex.x_u12.gvo+_int1                          0
xex.x_u12.gvo-_int1                          0
xex.x_u16.gsw+_int1                          0
xex.x_u18.g1_int1                  1.48785e-05
xex.x_u18.g1_int2                  -0.00793611
xex.x_u19.g1_int1                  2.35544e-05
xex.x_u19.g1_int2                   0.00793611
xex.x_u22.g1_int1                 -4.87891e-19
xex.x_u23.g1_int1                            0
xex.x_u26.g1_int1                            0
xex.x_u27.g1_int1                  7.93611e-06
xex.x_u30.g1_int1                  1.93559e-08
xex.x_u31.g1_int1                   0.00486191
xex.x_u32.g1_int1                     -1.60791
xex.x_u35.g1_int1                 -1.11022e-16
xex.x_u38.3                                  0
xex.x_u38.5                                  0
xex.x_u39.3                                  0
xex.x_u39.5                                  0
xex.x_u4.e1_int1                  -3.00202e-07
xex.x_u40.5                                  0
xex.x_u6.g1_int1                     -0.125057
vexc                                  0.245138
sel0                                         0
ns0                                          1
cmd0                                   2.48829
xr0.n3294772                          0.373946
xr0.n3294776                          0.373871
xr0.n3294626                           36582.6
xr0.n3294630                           36582.6
xr0.mid                               0.373871
xr0.n47456861                           -30.12
xr0.n4736080                           4.31753
xr0.n3294524                           2.49458
xr0.n47492651                         -9.78291
xr0.n47965841                          14.1533
xr0.n4797748                           20.6051
xr0.n4797760                           6.94245
xr0.n48001371                          25.0043
xr0.n4809008                           0.37391
xr0.n2991553                          0.373872
xr0.n4817896                          0.375756
xr0.n2991581                          0.373877
xr0.n2992397                                 5
xr0.n2992375                          0.373871
xr0.n2992413                       3.74254e-07
xr0.n2991741                          0.373871
xr0.n2991765                          0.373871
xr0.n2991811                          0.373871
xr0.n2991831                          0.373871
xr0.n2991907                          0.373871
xr0.n2991925                          0.373871
xr0.n2991969                           2.49327
xr0.n2992033                           4.98407
xr0.n2992029                         0.0216105
xr0.n2992093                          0.373871
xr0.n2992099                          0.373871
xr0.sw_ol_opa4388                     0.373871
xr0.vimon                             0.507934
xr0.vout_s                             2.28495
xr0.n2991657                           2.48829
xr0.clamp                              2.49327
xr0.vclp                               2.48975
xr0.n4031911                           2.49307
xr0.n3827259                           25.0684
xr0.n3828449                          0.393635
xr0.n3850714                          0.375793
xr0.n3850724                          0.373877
xr0.n4243633                          0.177365
xr0.n2991579                          0.373871
xr0.esdp                               2.48829
xr0.esdn                               2.48056
xr0.n2992163                            2.3405
drv0                                    2.3405
xr0.n3294618                           2.49458
xr0.cl_clamp                           2.49458
xr0.claw_clamp                         2.49458
xr0.n3201092                           76821.9
xr0.vcc_b                                    5
xr0.vee_b                           3.7388e-07
xr0.n2991563                           2.48829
xr0.n2991555                           2.48829
xr0.vcc_clp                            4.98407
xr0.vee_clp                          0.0216105
xr0.n2992299                          -52.5103
xr0.n2992295                          -52.5103
xr0.n2992323                           57.4897
xr0.n2992331                           57.4897
xr0.n2992235                            2.3405
xr0.vsense                             2.49327
xr0.n2991587                           2.48829
xr0.n2991583                           2.48829
xr0.n4747399                           10536.6
xr0.n4745674                           10536.6
xr0.n4796554                           517.535
xr0.n4749239                           517.536
xr0.n4796572                           20.6069
xr0.n4798545                           25.1374
xr0.n4800105                           25.0709
xr0.n2991573                           2.48829
xr0.n2991619                           2.48056
xr0.n2991623                               5.1
xr0.n2991635                        -0.0999996
xr0.n2991643                           2.48829
xr0.n2991667                           1.14671
xr0.n3294682                           25.0772
xr0.n2991729                          0.373871
xr0.n2991763                          0.373871
xr0.n2991807                           60.3739
xr0.n2991809                          0.373871
xr0.n2991837                          0.373871
xr0.n2991849                          -59.6261
xr0.n2991901                           150.374
xr0.n2991905                          0.373871
xr0.n2991931                          0.373871
xr0.n2991943                          -149.626
xr0.n2991997                           4.98407
xr0.n2992001                         0.0216105
xr0.v11                               0.373871
xr0.v12                               0.373871
xr0.n2992105                          0.373871
fb0                                    2.48056
xr0.n2992151                          0.549321
xr0.n2992287                           57.4897
xr0.n2992267                          -52.5103
xr0.x_u10.gvo+_int1                          0
xr0.x_u10.gvo-_int1                          0
xr0.x_u11.gvo+_int1                          0
xr0.x_u11.gvo-_int1                          0
xr0.x_u12.gvo+_int1                          0
xr0.x_u12.gvo-_int1                          0
xr0.x_u16.gsw+_int1                          0
xr0.x_u18.g1_int1                  1.59241e-05
xr0.x_u18.g1_int2                     0.134062
xr0.x_u19.g1_int1                  2.16102e-05
xr0.x_u19.g1_int2                    -0.134062
xr0.x_u22.g1_int1                            0
xr0.x_u23.g1_int1                            0
xr0.x_u26.g1_int1                  0.000134062
xr0.x_u27.g1_int1                            0
xr0.x_u30.g1_int1                  7.72836e-07
xr0.x_u31.g1_int1                     0.194128
xr0.x_u32.g1_int1                      24.7046
xr0.x_u35.g1_int1                  2.50907e-14
xr0.x_u38.3                                  0
xr0.x_u38.5                                  0
xr0.x_u39.3                                  0
xr0.x_u39.5                                  0
xr0.x_u4.e1_int1                     -4.67e-06
xr0.x_u40.5                                  0
xr0.x_u6.g1_int1                       2.11442
row0                                   2.21799
sel1                                         0
ns1                                          1
cmd1                                   2.48829
xr1.n3294772                          0.373946
xr1.n3294776                          0.373871
xr1.n3294626                           36582.6
xr1.n3294630                           36582.6
xr1.mid                               0.373871
xr1.n47456861                         -30.1201
xr1.n4736080                           4.31753
xr1.n3294524                           2.49458
xr1.n47492651                         -9.78292
xr1.n47965841                          14.1533
xr1.n4797748                           20.6051
xr1.n4797760                           6.94245
xr1.n48001371                          25.0043
xr1.n4809008                           0.37391
xr1.n2991553                          0.373872
xr1.n4817896                          0.375756
xr1.n2991581                          0.373877
xr1.n2992397                                 5
xr1.n2992375                          0.373871
xr1.n2992413                       3.74254e-07
xr1.n2991741                          0.373871
xr1.n2991765                          0.373871
xr1.n2991811                          0.373871
xr1.n2991831                          0.373871
xr1.n2991907                          0.373871
xr1.n2991925                          0.373871
xr1.n2991969                           2.49327
xr1.n2992033                           4.98407
xr1.n2992029                         0.0216105
xr1.n2992093                          0.373871
xr1.n2992099                          0.373871
xr1.sw_ol_opa4388                     0.373871
xr1.vimon                             0.507934
xr1.vout_s                             2.28495
xr1.n2991657                           2.48829
xr1.clamp                              2.49327
xr1.vclp                               2.48975
xr1.n4031911                           2.49307
xr1.n3827259                           25.0684
xr1.n3828449                          0.393635
xr1.n3850714                          0.375793
xr1.n3850724                          0.373877
xr1.n4243633                          0.177365
xr1.n2991579                          0.373871
xr1.esdp                               2.48829
xr1.esdn                               2.48056
xr1.n2992163                            2.3405
drv1                                    2.3405
xr1.n3294618                           2.49458
xr1.cl_clamp                           2.49458
xr1.claw_clamp                         2.49458
xr1.n3201092                           76821.9
xr1.vcc_b                                    5
xr1.vee_b                           3.7388e-07
xr1.n2991563                           2.48829
xr1.n2991555                           2.48829
xr1.vcc_clp                            4.98407
xr1.vee_clp                          0.0216105
xr1.n2992299                          -52.5103
xr1.n2992295                          -52.5103
xr1.n2992323                           57.4897
xr1.n2992331                           57.4897
xr1.n2992235                            2.3405
xr1.vsense                             2.49327
xr1.n2991587                           2.48829
xr1.n2991583                           2.48829
xr1.n4747399                           10536.6
xr1.n4745674                           10536.6
xr1.n4796554                           517.535
xr1.n4749239                           517.536
xr1.n4796572                           20.6069
xr1.n4798545                           25.1374
xr1.n4800105                           25.0709
xr1.n2991573                           2.48829
xr1.n2991619                           2.48056
xr1.n2991623                               5.1
xr1.n2991635                        -0.0999996
xr1.n2991643                           2.48829
xr1.n2991667                           1.14671
xr1.n3294682                           25.0772
xr1.n2991729                          0.373871
xr1.n2991763                          0.373871
xr1.n2991807                           60.3739
xr1.n2991809                          0.373871
xr1.n2991837                          0.373871
xr1.n2991849                          -59.6261
xr1.n2991901                           150.374
xr1.n2991905                          0.373871
xr1.n2991931                          0.373871
xr1.n2991943                          -149.626
xr1.n2991997                           4.98407
xr1.n2992001                         0.0216105
xr1.v11                               0.373871
xr1.v12                               0.373871
xr1.n2992105                          0.373871
fb1                                    2.48056
xr1.n2992151                          0.549321
xr1.n2992287                           57.4897
xr1.n2992267                          -52.5103
xr1.x_u10.gvo+_int1                          0
xr1.x_u10.gvo-_int1                          0
xr1.x_u11.gvo+_int1                          0
xr1.x_u11.gvo-_int1                          0
xr1.x_u12.gvo+_int1                          0
xr1.x_u12.gvo-_int1                          0
xr1.x_u16.gsw+_int1                          0
xr1.x_u18.g1_int1                  1.59241e-05
xr1.x_u18.g1_int2                     0.134062
xr1.x_u19.g1_int1                  2.16102e-05
xr1.x_u19.g1_int2                    -0.134062
xr1.x_u22.g1_int1                            0
xr1.x_u23.g1_int1                            0
xr1.x_u26.g1_int1                  0.000134062
xr1.x_u27.g1_int1                            0
xr1.x_u30.g1_int1                  7.72836e-07
xr1.x_u31.g1_int1                     0.194128
xr1.x_u32.g1_int1                      24.7046
xr1.x_u35.g1_int1                  2.51007e-14
xr1.x_u38.3                                  0
xr1.x_u38.5                                  0
xr1.x_u39.3                                  0
xr1.x_u39.5                                  0
xr1.x_u4.e1_int1                     -4.67e-06
xr1.x_u40.5                                  0
xr1.x_u6.g1_int1                       2.11442
row1                                   2.21799
sel2                                         0
ns2                                          1
cmd2                                   2.48829
xr2.n3294772                          0.373946
xr2.n3294776                          0.373871
xr2.n3294626                           36582.6
xr2.n3294630                           36582.6
xr2.mid                               0.373871
xr2.n47456861                         -30.1201
xr2.n4736080                           4.31753
xr2.n3294524                           2.49458
xr2.n47492651                         -9.78292
xr2.n47965841                          14.1533
xr2.n4797748                           20.6051
xr2.n4797760                           6.94245
xr2.n48001371                          25.0043
xr2.n4809008                           0.37391
xr2.n2991553                          0.373872
xr2.n4817896                          0.375756
xr2.n2991581                          0.373877
xr2.n2992397                                 5
xr2.n2992375                          0.373871
xr2.n2992413                       3.74254e-07
xr2.n2991741                          0.373871
xr2.n2991765                          0.373871
xr2.n2991811                          0.373871
xr2.n2991831                          0.373871
xr2.n2991907                          0.373871
xr2.n2991925                          0.373871
xr2.n2991969                           2.49327
xr2.n2992033                           4.98407
xr2.n2992029                         0.0216105
xr2.n2992093                          0.373871
xr2.n2992099                          0.373871
xr2.sw_ol_opa4388                     0.373871
xr2.vimon                             0.507934
xr2.vout_s                             2.28495
xr2.n2991657                           2.48829
xr2.clamp                              2.49327
xr2.vclp                               2.48975
xr2.n4031911                           2.49307
xr2.n3827259                           25.0684
xr2.n3828449                          0.393635
xr2.n3850714                          0.375793
xr2.n3850724                          0.373877
xr2.n4243633                          0.177365
xr2.n2991579                          0.373871
xr2.esdp                               2.48829
xr2.esdn                               2.48056
xr2.n2992163                            2.3405
drv2                                    2.3405
xr2.n3294618                           2.49458
xr2.cl_clamp                           2.49458
xr2.claw_clamp                         2.49458
xr2.n3201092                           76821.9
xr2.vcc_b                                    5
xr2.vee_b                           3.7388e-07
xr2.n2991563                           2.48829
xr2.n2991555                           2.48829
xr2.vcc_clp                            4.98407
xr2.vee_clp                          0.0216105
xr2.n2992299                          -52.5103
xr2.n2992295                          -52.5103
xr2.n2992323                           57.4897
xr2.n2992331                           57.4897
xr2.n2992235                            2.3405
xr2.vsense                             2.49327
xr2.n2991587                           2.48829
xr2.n2991583                           2.48829
xr2.n4747399                           10536.6
xr2.n4745674                           10536.6
xr2.n4796554                           517.535
xr2.n4749239                           517.536
xr2.n4796572                           20.6069
xr2.n4798545                           25.1374
xr2.n4800105                           25.0709
xr2.n2991573                           2.48829
xr2.n2991619                           2.48056
xr2.n2991623                               5.1
xr2.n2991635                        -0.0999996
xr2.n2991643                           2.48829
xr2.n2991667                           1.14671
xr2.n3294682                           25.0772
xr2.n2991729                          0.373871
xr2.n2991763                          0.373871
xr2.n2991807                           60.3739
xr2.n2991809                          0.373871
xr2.n2991837                          0.373871
xr2.n2991849                          -59.6261
xr2.n2991901                           150.374
xr2.n2991905                          0.373871
xr2.n2991931                          0.373871
xr2.n2991943                          -149.626
xr2.n2991997                           4.98407
xr2.n2992001                         0.0216105
xr2.v11                               0.373871
xr2.v12                               0.373871
xr2.n2992105                          0.373871
fb2                                    2.48056
xr2.n2992151                          0.549321
xr2.n2992287                           57.4897
xr2.n2992267                          -52.5103
xr2.x_u10.gvo+_int1                          0
xr2.x_u10.gvo-_int1                          0
xr2.x_u11.gvo+_int1                          0
xr2.x_u11.gvo-_int1                          0
xr2.x_u12.gvo+_int1                          0
xr2.x_u12.gvo-_int1                          0
xr2.x_u16.gsw+_int1                          0
xr2.x_u18.g1_int1                  1.59241e-05
xr2.x_u18.g1_int2                     0.134062
xr2.x_u19.g1_int1                  2.16102e-05
xr2.x_u19.g1_int2                    -0.134062
xr2.x_u22.g1_int1                 -4.33681e-19
xr2.x_u23.g1_int1                            0
xr2.x_u26.g1_int1                  0.000134062
xr2.x_u27.g1_int1                            0
xr2.x_u30.g1_int1                  7.72836e-07
xr2.x_u31.g1_int1                     0.194128
xr2.x_u32.g1_int1                      24.7046
xr2.x_u35.g1_int1                    2.502e-14
xr2.x_u38.3                                  0
xr2.x_u38.5                                  0
xr2.x_u39.3                                  0
xr2.x_u39.5                                  0
xr2.x_u4.e1_int1                     -4.67e-06
xr2.x_u40.5                                  0
xr2.x_u6.g1_int1                       2.11442
row2                                   2.21799
sel3                                         0
ns3                                          1
cmd3                                   2.48829
xr3.n3294772                          0.373946
xr3.n3294776                          0.373871
xr3.n3294626                           36582.6
xr3.n3294630                           36582.6
xr3.mid                               0.373871
xr3.n47456861                         -30.1201
xr3.n4736080                           4.31753
xr3.n3294524                           2.49458
xr3.n47492651                         -9.78292
xr3.n47965841                          14.1533
xr3.n4797748                           20.6051
xr3.n4797760                           6.94245
xr3.n48001371                          25.0043
xr3.n4809008                           0.37391
xr3.n2991553                          0.373872
xr3.n4817896                          0.375756
xr3.n2991581                          0.373877
xr3.n2992397                                 5
xr3.n2992375                          0.373871
xr3.n2992413                       3.74254e-07
xr3.n2991741                          0.373871
xr3.n2991765                          0.373871
xr3.n2991811                          0.373871
xr3.n2991831                          0.373871
xr3.n2991907                          0.373871
xr3.n2991925                          0.373871
xr3.n2991969                           2.49327
xr3.n2992033                           4.98407
xr3.n2992029                         0.0216105
xr3.n2992093                          0.373871
xr3.n2992099                          0.373871
xr3.sw_ol_opa4388                     0.373871
xr3.vimon                             0.507934
xr3.vout_s                             2.28495
xr3.n2991657                           2.48829
xr3.clamp                              2.49327
xr3.vclp                               2.48975
xr3.n4031911                           2.49307
xr3.n3827259                           25.0684
xr3.n3828449                          0.393635
xr3.n3850714                          0.375793
xr3.n3850724                          0.373877
xr3.n4243633                          0.177365
xr3.n2991579                          0.373871
xr3.esdp                               2.48829
xr3.esdn                               2.48056
xr3.n2992163                            2.3405
drv3                                    2.3405
xr3.n3294618                           2.49458
xr3.cl_clamp                           2.49458
xr3.claw_clamp                         2.49458
xr3.n3201092                           76821.9
xr3.vcc_b                                    5
xr3.vee_b                           3.7388e-07
xr3.n2991563                           2.48829
xr3.n2991555                           2.48829
xr3.vcc_clp                            4.98407
xr3.vee_clp                          0.0216105
xr3.n2992299                          -52.5103
xr3.n2992295                          -52.5103
xr3.n2992323                           57.4897
xr3.n2992331                           57.4897
xr3.n2992235                            2.3405
xr3.vsense                             2.49327
xr3.n2991587                           2.48829
xr3.n2991583                           2.48829
xr3.n4747399                           10536.6
xr3.n4745674                           10536.6
xr3.n4796554                           517.535
xr3.n4749239                           517.536
xr3.n4796572                           20.6069
xr3.n4798545                           25.1374
xr3.n4800105                           25.0709
xr3.n2991573                           2.48829
xr3.n2991619                           2.48056
xr3.n2991623                               5.1
xr3.n2991635                        -0.0999996
xr3.n2991643                           2.48829
xr3.n2991667                           1.14671
xr3.n3294682                           25.0772
xr3.n2991729                          0.373871
xr3.n2991763                          0.373871
xr3.n2991807                           60.3739
xr3.n2991809                          0.373871
xr3.n2991837                          0.373871
xr3.n2991849                          -59.6261
xr3.n2991901                           150.374
xr3.n2991905                          0.373871
xr3.n2991931                          0.373871
xr3.n2991943                          -149.626
xr3.n2991997                           4.98407
xr3.n2992001                         0.0216105
xr3.v11                               0.373871
xr3.v12                               0.373871
xr3.n2992105                          0.373871
fb3                                    2.48056
xr3.n2992151                          0.549321
xr3.n2992287                           57.4897
xr3.n2992267                          -52.5103
xr3.x_u10.gvo+_int1                          0
xr3.x_u10.gvo-_int1                          0
xr3.x_u11.gvo+_int1                          0
xr3.x_u11.gvo-_int1                          0
xr3.x_u12.gvo+_int1                          0
xr3.x_u12.gvo-_int1                          0
xr3.x_u16.gsw+_int1                          0
xr3.x_u18.g1_int1                  1.59241e-05
xr3.x_u18.g1_int2                     0.134062
xr3.x_u19.g1_int1                  2.16102e-05
xr3.x_u19.g1_int2                    -0.134062
xr3.x_u22.g1_int1                  4.33681e-19
xr3.x_u23.g1_int1                            0
xr3.x_u26.g1_int1                  0.000134062
xr3.x_u27.g1_int1                            0
xr3.x_u30.g1_int1                  7.72836e-07
xr3.x_u31.g1_int1                     0.194128
xr3.x_u32.g1_int1                      24.7046
xr3.x_u35.g1_int1                  2.50118e-14
xr3.x_u38.3                                  0
xr3.x_u38.5                                  0
xr3.x_u39.3                                  0
xr3.x_u39.5                                  0
xr3.x_u4.e1_int1                     -4.67e-06
xr3.x_u40.5                                  0
xr3.x_u6.g1_int1                       2.11442
row3                                   2.21799
xt0.n3294772                          0.373946
xt0.n3294776                          0.373871
xt0.n3294626                           72058.5
xt0.n3294630                           72058.6
xt0.mid                               0.373871
xt0.n47456861                          -222.92
xt0.n4736080                           3.57892
xt0.n3294524                           2.10077
xt0.n47492651                         -104.702
xt0.n47965841                         -5.49764
xt0.n4797748                           6.51018
xt0.n4797760                           4.57843
xt0.n48001371                          15.8864
xt0.n4809008                           0.37391
xt0.n2991553                          0.373872
xt0.n4817896                          0.375756
xt0.n2991581                          0.373877
xt0.n2992397                                 5
xt0.n2992375                          0.373871
xt0.n2992413                       3.74258e-07
xt0.n2991741                          0.373871
xt0.n2991765                          0.373871
xt0.n2991811                          0.373871
xt0.n2991831                          0.373871
xt0.n2991907                          0.373871
xt0.n2991925                          0.373871
xt0.n2991969                           2.09664
xt0.n2992033                           4.98576
xt0.n2992029                         0.0250498
xt0.n2992093                          0.373871
xt0.n2992099                          0.373871
xt0.sw_ol_opa4388                     0.373871
xt0.vimon                             0.268065
xt0.vout_s                              1.6759
xt0.n2991657                           2.48829
xt0.clamp                              2.09664
xt0.vclp                               2.08859
xt0.n4031911                           2.09617
xt0.n3827259                           16.0542
xt0.n3828449                           0.38623
xt0.n3850714                          0.375793
xt0.n3850724                          0.373877
xt0.n4243633                          0.177365
xt0.n2991579                          0.373871
xt0.esdp                               2.48829
xt0.esdn                                2.4688
xt0.n2992163                           1.79727
tdrv0                                  1.79727
xt0.n3294618                           2.10077
xt0.cl_clamp                           2.10077
xt0.claw_clamp                         2.10077
xt0.n3201092                            151321
xt0.vcc_b                                    5
xt0.vee_b                          3.73884e-07
xt0.n2991563                           2.48828
xt0.n2991555                           2.48828
xt0.vcc_clp                            4.98576
xt0.vee_clp                          0.0250498
xt0.n2992299                          -52.9114
xt0.n2992295                          -52.9114
xt0.n2992323                           57.0886
xt0.n2992331                           57.0886
xt0.n2992235                           1.79727
xt0.vsense                             2.09664
xt0.n2991587                           2.48829
xt0.n2991583                           2.48828
xt0.n4747399                           20613.4
xt0.n4745674                           20613.5
xt0.n4796554                           931.203
xt0.n4749239                           931.204
xt0.n4796572                           6.51135
xt0.n4798545                            16.225
xt0.n4800105                           16.0557
xt0.n2991573                           2.48829
xt0.n2991619                            2.4688
xt0.n2991623                               5.1
xt0.n2991635                        -0.0999996
xt0.n2991643                           2.48829
xt0.n2991667                           2.32251
xt0.n3294682                           15.8215
xt0.n2991729                          0.373871
xt0.n2991763                          0.373871
xt0.n2991807                           60.3739
xt0.n2991809                          0.373871
xt0.n2991837                          0.373871
xt0.n2991849                          -59.6261
xt0.n2991901                           150.374
xt0.n2991905                          0.373871
xt0.n2991931                          0.373871
xt0.n2991943                          -149.626
xt0.n2991997                           4.98576
xt0.n2992001                         0.0250498
xt0.v11                               0.373871
xt0.v12                               0.373871
xt0.n2992105                          0.373871
minus0                                  2.4688
xt0.n2992151                          0.361883
xt0.n2992287                           57.0886
xt0.n2992267                          -52.9114
xt0.x_u10.gvo+_int1                          0
xt0.x_u10.gvo-_int1                          0
xt0.x_u11.gvo+_int1                          0
xt0.x_u11.gvo-_int1                          0
xt0.x_u12.gvo+_int1                          0
xt0.x_u12.gvo-_int1                          0
xt0.x_u16.gsw+_int1                          0
xt0.x_u18.g1_int1                  1.42391e-05
xt0.x_u18.g1_int2                    -0.105806
xt0.x_u19.g1_int1                  2.50494e-05
xt0.x_u19.g1_int2                     0.105806
xt0.x_u22.g1_int1                  4.33681e-19
xt0.x_u23.g1_int1                            0
xt0.x_u26.g1_int1                            0
xt0.x_u27.g1_int1                  0.000105806
xt0.x_u30.g1_int1                  1.94864e-06
xt0.x_u31.g1_int1                     0.489479
xt0.x_u32.g1_int1                      15.4484
xt0.x_u35.g1_int1                 -4.89681e-12
xt0.x_u38.3                                  0
xt0.x_u38.5                                  0
xt0.x_u39.3                                  0
xt0.x_u39.5                                  0
xt0.x_u4.e1_int1                     -4.67e-06
xt0.x_u40.5                                  0
xt0.x_u6.g1_int1                       2.11442
col0                                   2.20954
tap0                                   1.81908
ain0                                   1.82219
xt1.n3294772                          0.373946
xt1.n3294776                          0.373871
xt1.n3294626                           72058.5
xt1.n3294630                           72058.6
xt1.mid                               0.373871
xt1.n47456861                          -222.92
xt1.n4736080                           3.57892
xt1.n3294524                           2.10077
xt1.n47492651                         -104.702
xt1.n47965841                         -5.49764
xt1.n4797748                           6.51018
xt1.n4797760                           4.57843
xt1.n48001371                          15.8864
xt1.n4809008                           0.37391
xt1.n2991553                          0.373872
xt1.n4817896                          0.375756
xt1.n2991581                          0.373877
xt1.n2992397                                 5
xt1.n2992375                          0.373871
xt1.n2992413                       3.74258e-07
xt1.n2991741                          0.373871
xt1.n2991765                          0.373871
xt1.n2991811                          0.373871
xt1.n2991831                          0.373871
xt1.n2991907                          0.373871
xt1.n2991925                          0.373871
xt1.n2991969                           2.09664
xt1.n2992033                           4.98576
xt1.n2992029                         0.0250498
xt1.n2992093                          0.373871
xt1.n2992099                          0.373871
xt1.sw_ol_opa4388                     0.373871
xt1.vimon                             0.268065
xt1.vout_s                              1.6759
xt1.n2991657                           2.48829
xt1.clamp                              2.09664
xt1.vclp                               2.08859
xt1.n4031911                           2.09617
xt1.n3827259                           16.0542
xt1.n3828449                           0.38623
xt1.n3850714                          0.375793
xt1.n3850724                          0.373877
xt1.n4243633                          0.177365
xt1.n2991579                          0.373871
xt1.esdp                               2.48829
xt1.esdn                                2.4688
xt1.n2992163                           1.79727
tdrv1                                  1.79727
xt1.n3294618                           2.10077
xt1.cl_clamp                           2.10077
xt1.claw_clamp                         2.10077
xt1.n3201092                            151321
xt1.vcc_b                                    5
xt1.vee_b                          3.73884e-07
xt1.n2991563                           2.48828
xt1.n2991555                           2.48828
xt1.vcc_clp                            4.98576
xt1.vee_clp                          0.0250498
xt1.n2992299                          -52.9114
xt1.n2992295                          -52.9114
xt1.n2992323                           57.0886
xt1.n2992331                           57.0886
xt1.n2992235                           1.79727
xt1.vsense                             2.09664
xt1.n2991587                           2.48829
xt1.n2991583                           2.48828
xt1.n4747399                           20613.4
xt1.n4745674                           20613.5
xt1.n4796554                           931.203
xt1.n4749239                           931.204
xt1.n4796572                           6.51135
xt1.n4798545                            16.225
xt1.n4800105                           16.0557
xt1.n2991573                           2.48829
xt1.n2991619                            2.4688
xt1.n2991623                               5.1
xt1.n2991635                        -0.0999996
xt1.n2991643                           2.48829
xt1.n2991667                           2.32251
xt1.n3294682                           15.8215
xt1.n2991729                          0.373871
xt1.n2991763                          0.373871
xt1.n2991807                           60.3739
xt1.n2991809                          0.373871
xt1.n2991837                          0.373871
xt1.n2991849                          -59.6261
xt1.n2991901                           150.374
xt1.n2991905                          0.373871
xt1.n2991931                          0.373871
xt1.n2991943                          -149.626
xt1.n2991997                           4.98576
xt1.n2992001                         0.0250498
xt1.v11                               0.373871
xt1.v12                               0.373871
xt1.n2992105                          0.373871
minus1                                  2.4688
xt1.n2992151                          0.361883
xt1.n2992287                           57.0886
xt1.n2992267                          -52.9114
xt1.x_u10.gvo+_int1                          0
xt1.x_u10.gvo-_int1                          0
xt1.x_u11.gvo+_int1                          0
xt1.x_u11.gvo-_int1                          0
xt1.x_u12.gvo+_int1                          0
xt1.x_u12.gvo-_int1                          0
xt1.x_u16.gsw+_int1                          0
xt1.x_u18.g1_int1                  1.42391e-05
xt1.x_u18.g1_int2                    -0.105806
xt1.x_u19.g1_int1                  2.50494e-05
xt1.x_u19.g1_int2                     0.105806
xt1.x_u22.g1_int1                  4.33681e-19
xt1.x_u23.g1_int1                            0
xt1.x_u26.g1_int1                            0
xt1.x_u27.g1_int1                  0.000105806
xt1.x_u30.g1_int1                  1.94864e-06
xt1.x_u31.g1_int1                     0.489479
xt1.x_u32.g1_int1                      15.4484
xt1.x_u35.g1_int1                 -4.89681e-12
xt1.x_u38.3                                  0
xt1.x_u38.5                                  0
xt1.x_u39.3                                  0
xt1.x_u39.5                                  0
xt1.x_u4.e1_int1                     -4.67e-06
xt1.x_u40.5                                  0
xt1.x_u6.g1_int1                       2.11442
col1                                   2.20954
tap1                                   1.81908
ain1                                   1.82219
xt2.n3294772                          0.373946
xt2.n3294776                          0.373871
xt2.n3294626                           72058.5
xt2.n3294630                           72058.6
xt2.mid                               0.373871
xt2.n47456861                          -222.92
xt2.n4736080                           3.57892
xt2.n3294524                           2.10077
xt2.n47492651                         -104.702
xt2.n47965841                         -5.49764
xt2.n4797748                           6.51018
xt2.n4797760                           4.57843
xt2.n48001371                          15.8864
xt2.n4809008                           0.37391
xt2.n2991553                          0.373872
xt2.n4817896                          0.375756
xt2.n2991581                          0.373877
xt2.n2992397                                 5
xt2.n2992375                          0.373871
xt2.n2992413                       3.74258e-07
xt2.n2991741                          0.373871
xt2.n2991765                          0.373871
xt2.n2991811                          0.373871
xt2.n2991831                          0.373871
xt2.n2991907                          0.373871
xt2.n2991925                          0.373871
xt2.n2991969                           2.09664
xt2.n2992033                           4.98576
xt2.n2992029                         0.0250498
xt2.n2992093                          0.373871
xt2.n2992099                          0.373871
xt2.sw_ol_opa4388                     0.373871
xt2.vimon                             0.268065
xt2.vout_s                              1.6759
xt2.n2991657                           2.48829
xt2.clamp                              2.09664
xt2.vclp                               2.08859
xt2.n4031911                           2.09617
xt2.n3827259                           16.0542
xt2.n3828449                           0.38623
xt2.n3850714                          0.375793
xt2.n3850724                          0.373877
xt2.n4243633                          0.177365
xt2.n2991579                          0.373871
xt2.esdp                               2.48829
xt2.esdn                                2.4688
xt2.n2992163                           1.79727
tdrv2                                  1.79727
xt2.n3294618                           2.10077
xt2.cl_clamp                           2.10077
xt2.claw_clamp                         2.10077
xt2.n3201092                            151321
xt2.vcc_b                                    5
xt2.vee_b                          3.73884e-07
xt2.n2991563                           2.48828
xt2.n2991555                           2.48828
xt2.vcc_clp                            4.98576
xt2.vee_clp                          0.0250498
xt2.n2992299                          -52.9114
xt2.n2992295                          -52.9114
xt2.n2992323                           57.0886
xt2.n2992331                           57.0886
xt2.n2992235                           1.79727
xt2.vsense                             2.09664
xt2.n2991587                           2.48829
xt2.n2991583                           2.48828
xt2.n4747399                           20613.4
xt2.n4745674                           20613.5
xt2.n4796554                           931.203
xt2.n4749239                           931.204
xt2.n4796572                           6.51135
xt2.n4798545                            16.225
xt2.n4800105                           16.0557
xt2.n2991573                           2.48829
xt2.n2991619                            2.4688
xt2.n2991623                               5.1
xt2.n2991635                        -0.0999996
xt2.n2991643                           2.48829
xt2.n2991667                           2.32251
xt2.n3294682                           15.8215
xt2.n2991729                          0.373871
xt2.n2991763                          0.373871
xt2.n2991807                           60.3739
xt2.n2991809                          0.373871
xt2.n2991837                          0.373871
xt2.n2991849                          -59.6261
xt2.n2991901                           150.374
xt2.n2991905                          0.373871
xt2.n2991931                          0.373871
xt2.n2991943                          -149.626
xt2.n2991997                           4.98576
xt2.n2992001                         0.0250498
xt2.v11                               0.373871
xt2.v12                               0.373871
xt2.n2992105                          0.373871
minus2                                  2.4688
xt2.n2992151                          0.361883
xt2.n2992287                           57.0886
xt2.n2992267                          -52.9114
xt2.x_u10.gvo+_int1                          0
xt2.x_u10.gvo-_int1                          0
xt2.x_u11.gvo+_int1                          0
xt2.x_u11.gvo-_int1                          0
xt2.x_u12.gvo+_int1                          0
xt2.x_u12.gvo-_int1                          0
xt2.x_u16.gsw+_int1                          0
xt2.x_u18.g1_int1                  1.42391e-05
xt2.x_u18.g1_int2                    -0.105806
xt2.x_u19.g1_int1                  2.50494e-05
xt2.x_u19.g1_int2                     0.105806
xt2.x_u22.g1_int1                  4.33681e-19
xt2.x_u23.g1_int1                            0
xt2.x_u26.g1_int1                            0
xt2.x_u27.g1_int1                  0.000105806
xt2.x_u30.g1_int1                  1.94864e-06
xt2.x_u31.g1_int1                     0.489479
xt2.x_u32.g1_int1                      15.4484
xt2.x_u35.g1_int1                 -4.89681e-12
xt2.x_u38.3                                  0
xt2.x_u38.5                                  0
xt2.x_u39.3                                  0
xt2.x_u39.5                                  0
xt2.x_u4.e1_int1                     -4.67e-06
xt2.x_u40.5                                  0
xt2.x_u6.g1_int1                       2.11442
col2                                   2.20954
tap2                                   1.81908
ain2                                   1.82219
xt3.n3294772                          0.373946
xt3.n3294776                          0.373871
xt3.n3294626                           72058.5
xt3.n3294630                           72058.6
xt3.mid                               0.373871
xt3.n47456861                          -222.92
xt3.n4736080                           3.57892
xt3.n3294524                           2.10077
xt3.n47492651                         -104.702
xt3.n47965841                         -5.49764
xt3.n4797748                           6.51018
xt3.n4797760                           4.57843
xt3.n48001371                          15.8864
xt3.n4809008                           0.37391
xt3.n2991553                          0.373872
xt3.n4817896                          0.375756
xt3.n2991581                          0.373877
xt3.n2992397                                 5
xt3.n2992375                          0.373871
xt3.n2992413                       3.74258e-07
xt3.n2991741                          0.373871
xt3.n2991765                          0.373871
xt3.n2991811                          0.373871
xt3.n2991831                          0.373871
xt3.n2991907                          0.373871
xt3.n2991925                          0.373871
xt3.n2991969                           2.09664
xt3.n2992033                           4.98576
xt3.n2992029                         0.0250498
xt3.n2992093                          0.373871
xt3.n2992099                          0.373871
xt3.sw_ol_opa4388                     0.373871
xt3.vimon                             0.268065
xt3.vout_s                              1.6759
xt3.n2991657                           2.48829
xt3.clamp                              2.09664
xt3.vclp                               2.08859
xt3.n4031911                           2.09617
xt3.n3827259                           16.0542
xt3.n3828449                           0.38623
xt3.n3850714                          0.375793
xt3.n3850724                          0.373877
xt3.n4243633                          0.177365
xt3.n2991579                          0.373871
xt3.esdp                               2.48829
xt3.esdn                                2.4688
xt3.n2992163                           1.79727
tdrv3                                  1.79727
xt3.n3294618                           2.10077
xt3.cl_clamp                           2.10077
xt3.claw_clamp                         2.10077
xt3.n3201092                            151321
xt3.vcc_b                                    5
xt3.vee_b                          3.73884e-07
xt3.n2991563                           2.48828
xt3.n2991555                           2.48828
xt3.vcc_clp                            4.98576
xt3.vee_clp                          0.0250498
xt3.n2992299                          -52.9114
xt3.n2992295                          -52.9114
xt3.n2992323                           57.0886
xt3.n2992331                           57.0886
xt3.n2992235                           1.79727
xt3.vsense                             2.09664
xt3.n2991587                           2.48829
xt3.n2991583                           2.48828
xt3.n4747399                           20613.4
xt3.n4745674                           20613.5
xt3.n4796554                           931.203
xt3.n4749239                           931.204
xt3.n4796572                           6.51134
xt3.n4798545                            16.225
xt3.n4800105                           16.0557
xt3.n2991573                           2.48829
xt3.n2991619                            2.4688
xt3.n2991623                               5.1
xt3.n2991635                        -0.0999996
xt3.n2991643                           2.48829
xt3.n2991667                           2.32251
xt3.n3294682                           15.8215
xt3.n2991729                          0.373871
xt3.n2991763                          0.373871
xt3.n2991807                           60.3739
xt3.n2991809                          0.373871
xt3.n2991837                          0.373871
xt3.n2991849                          -59.6261
xt3.n2991901                           150.374
xt3.n2991905                          0.373871
xt3.n2991931                          0.373871
xt3.n2991943                          -149.626
xt3.n2991997                           4.98576
xt3.n2992001                         0.0250498
xt3.v11                               0.373871
xt3.v12                               0.373871
xt3.n2992105                          0.373871
minus3                                  2.4688
xt3.n2992151                          0.361883
xt3.n2992287                           57.0886
xt3.n2992267                          -52.9114
xt3.x_u10.gvo+_int1                          0
xt3.x_u10.gvo-_int1                          0
xt3.x_u11.gvo+_int1                          0
xt3.x_u11.gvo-_int1                          0
xt3.x_u12.gvo+_int1                          0
xt3.x_u12.gvo-_int1                          0
xt3.x_u16.gsw+_int1                          0
xt3.x_u18.g1_int1                  1.42391e-05
xt3.x_u18.g1_int2                    -0.105806
xt3.x_u19.g1_int1                  2.50494e-05
xt3.x_u19.g1_int2                     0.105806
xt3.x_u22.g1_int1                 -4.33681e-19
xt3.x_u23.g1_int1                            0
xt3.x_u26.g1_int1                            0
xt3.x_u27.g1_int1                  0.000105806
xt3.x_u30.g1_int1                  1.94864e-06
xt3.x_u31.g1_int1                     0.489479
xt3.x_u32.g1_int1                      15.4484
xt3.x_u35.g1_int1                  -4.8968e-12
xt3.x_u38.3                                  0
xt3.x_u38.5                                  0
xt3.x_u39.3                                  0
xt3.x_u39.5                                  0
xt3.x_u4.e1_int1                     -4.67e-06
xt3.x_u40.5                                  0
xt3.x_u6.g1_int1                       2.11442
col3                                   2.20954
tap3                                   1.81908
ain3                                   1.82219
b.xt3.x_u6.bg1#branch                        0
b.xt3.x_u4.be1#branch                        0
b.xt3.x_u35.bg1#branch                       0
b.xt3.x_u32.bg1#branch                       0
b.xt3.x_u31.bg1#branch                       0
b.xt3.x_u30.bg1#branch                       0
b.xt3.x_u27.bg1#branch                       0
b.xt3.x_u26.bg1#branch                       0
b.xt3.x_u23.bg1#branch                       0
b.xt3.x_u22.bg1#branch                       0
b.xt3.x_u19.bg1#branch                       0
b.xt3.x_u18.bg1#branch                       0
b.xt3.x_u16.bgsw+#branch                     0
b.xt3.x_u12.bgvo-#branch                     0
b.xt3.x_u12.bgvo+#branch                     0
b.xt3.x_u11.bgvo-#branch                     0
b.xt3.x_u11.bgvo+#branch                     0
b.xt3.x_u10.bgvo-#branch                     0
b.xt3.x_u10.bgvo+#branch                     0
b.xt2.x_u6.bg1#branch                        0
b.xt2.x_u4.be1#branch                        0
b.xt2.x_u35.bg1#branch                       0
b.xt2.x_u32.bg1#branch                       0
b.xt2.x_u31.bg1#branch                       0
b.xt2.x_u30.bg1#branch                       0
b.xt2.x_u27.bg1#branch                       0
b.xt2.x_u26.bg1#branch                       0
b.xt2.x_u23.bg1#branch                       0
b.xt2.x_u22.bg1#branch                       0
b.xt2.x_u19.bg1#branch                       0
b.xt2.x_u18.bg1#branch                       0
b.xt2.x_u16.bgsw+#branch                     0
b.xt2.x_u12.bgvo-#branch                     0
b.xt2.x_u12.bgvo+#branch                     0
b.xt2.x_u11.bgvo-#branch                     0
b.xt2.x_u11.bgvo+#branch                     0
b.xt2.x_u10.bgvo-#branch                     0
b.xt2.x_u10.bgvo+#branch                     0
b.xt1.x_u6.bg1#branch                        0
b.xt1.x_u4.be1#branch                        0
b.xt1.x_u35.bg1#branch                       0
b.xt1.x_u32.bg1#branch                       0
b.xt1.x_u31.bg1#branch                       0
b.xt1.x_u30.bg1#branch                       0
b.xt1.x_u27.bg1#branch                       0
b.xt1.x_u26.bg1#branch                       0
b.xt1.x_u23.bg1#branch                       0
b.xt1.x_u22.bg1#branch                       0
b.xt1.x_u19.bg1#branch                       0
b.xt1.x_u18.bg1#branch                       0
b.xt1.x_u16.bgsw+#branch                     0
b.xt1.x_u12.bgvo-#branch                     0
b.xt1.x_u12.bgvo+#branch                     0
b.xt1.x_u11.bgvo-#branch                     0
b.xt1.x_u11.bgvo+#branch                     0
b.xt1.x_u10.bgvo-#branch                     0
b.xt1.x_u10.bgvo+#branch                     0
b.xt0.x_u6.bg1#branch                        0
b.xt0.x_u4.be1#branch                        0
b.xt0.x_u35.bg1#branch                       0
b.xt0.x_u32.bg1#branch                       0
b.xt0.x_u31.bg1#branch                       0
b.xt0.x_u30.bg1#branch                       0
b.xt0.x_u27.bg1#branch                       0
b.xt0.x_u26.bg1#branch                       0
b.xt0.x_u23.bg1#branch                       0
b.xt0.x_u22.bg1#branch                       0
b.xt0.x_u19.bg1#branch                       0
b.xt0.x_u18.bg1#branch                       0
b.xt0.x_u16.bgsw+#branch                     0
b.xt0.x_u12.bgvo-#branch                     0
b.xt0.x_u12.bgvo+#branch                     0
b.xt0.x_u11.bgvo-#branch                     0
b.xt0.x_u11.bgvo+#branch                     0
b.xt0.x_u10.bgvo-#branch                     0
b.xt0.x_u10.bgvo+#branch                     0
b.xr3.x_u6.bg1#branch                        0
b.xr3.x_u4.be1#branch                        0
b.xr3.x_u35.bg1#branch                       0
b.xr3.x_u32.bg1#branch                       0
b.xr3.x_u31.bg1#branch                       0
b.xr3.x_u30.bg1#branch                       0
b.xr3.x_u27.bg1#branch                       0
b.xr3.x_u26.bg1#branch                       0
b.xr3.x_u23.bg1#branch                       0
b.xr3.x_u22.bg1#branch                       0
b.xr3.x_u19.bg1#branch                       0
b.xr3.x_u18.bg1#branch                       0
b.xr3.x_u16.bgsw+#branch                     0
b.xr3.x_u12.bgvo-#branch                     0
b.xr3.x_u12.bgvo+#branch                     0
b.xr3.x_u11.bgvo-#branch                     0
b.xr3.x_u11.bgvo+#branch                     0
b.xr3.x_u10.bgvo-#branch                     0
b.xr3.x_u10.bgvo+#branch                     0
bns3#branch                                  0
b.xr2.x_u6.bg1#branch                        0
b.xr2.x_u4.be1#branch                        0
b.xr2.x_u35.bg1#branch                       0
b.xr2.x_u32.bg1#branch                       0
b.xr2.x_u31.bg1#branch                       0
b.xr2.x_u30.bg1#branch                       0
b.xr2.x_u27.bg1#branch                       0
b.xr2.x_u26.bg1#branch                       0
b.xr2.x_u23.bg1#branch                       0
b.xr2.x_u22.bg1#branch                       0
b.xr2.x_u19.bg1#branch                       0
b.xr2.x_u18.bg1#branch                       0
b.xr2.x_u16.bgsw+#branch                     0
b.xr2.x_u12.bgvo-#branch                     0
b.xr2.x_u12.bgvo+#branch                     0
b.xr2.x_u11.bgvo-#branch                     0
b.xr2.x_u11.bgvo+#branch                     0
b.xr2.x_u10.bgvo-#branch                     0
b.xr2.x_u10.bgvo+#branch                     0
bns2#branch                                  0
b.xr1.x_u6.bg1#branch                        0
b.xr1.x_u4.be1#branch                        0
b.xr1.x_u35.bg1#branch                       0
b.xr1.x_u32.bg1#branch                       0
b.xr1.x_u31.bg1#branch                       0
b.xr1.x_u30.bg1#branch                       0
b.xr1.x_u27.bg1#branch                       0
b.xr1.x_u26.bg1#branch                       0
b.xr1.x_u23.bg1#branch                       0
b.xr1.x_u22.bg1#branch                       0
b.xr1.x_u19.bg1#branch                       0
b.xr1.x_u18.bg1#branch                       0
b.xr1.x_u16.bgsw+#branch                     0
b.xr1.x_u12.bgvo-#branch                     0
b.xr1.x_u12.bgvo+#branch                     0
b.xr1.x_u11.bgvo-#branch                     0
b.xr1.x_u11.bgvo+#branch                     0
b.xr1.x_u10.bgvo-#branch                     0
b.xr1.x_u10.bgvo+#branch                     0
bns1#branch                                  0
b.xr0.x_u6.bg1#branch                        0
b.xr0.x_u4.be1#branch                        0
b.xr0.x_u35.bg1#branch                       0
b.xr0.x_u32.bg1#branch                       0
b.xr0.x_u31.bg1#branch                       0
b.xr0.x_u30.bg1#branch                       0
b.xr0.x_u27.bg1#branch                       0
b.xr0.x_u26.bg1#branch                       0
b.xr0.x_u23.bg1#branch                       0
b.xr0.x_u22.bg1#branch                       0
b.xr0.x_u19.bg1#branch                       0
b.xr0.x_u18.bg1#branch                       0
b.xr0.x_u16.bgsw+#branch                     0
b.xr0.x_u12.bgvo-#branch                     0
b.xr0.x_u12.bgvo+#branch                     0
b.xr0.x_u11.bgvo-#branch                     0
b.xr0.x_u11.bgvo+#branch                     0
b.xr0.x_u10.bgvo-#branch                     0
b.xr0.x_u10.bgvo+#branch                     0
bns0#branch                                  0
b.xex.x_u6.bg1#branch                        0
b.xex.x_u4.be1#branch                        0
b.xex.x_u35.bg1#branch                       0
b.xex.x_u32.bg1#branch                       0
b.xex.x_u31.bg1#branch                       0
b.xex.x_u30.bg1#branch                       0
b.xex.x_u27.bg1#branch                       0
b.xex.x_u26.bg1#branch                       0
b.xex.x_u23.bg1#branch                       0
b.xex.x_u22.bg1#branch                       0
b.xex.x_u19.bg1#branch                       0
b.xex.x_u18.bg1#branch                       0
b.xex.x_u16.bgsw+#branch                     0
b.xex.x_u12.bgvo-#branch                     0
b.xex.x_u12.bgvo+#branch                     0
b.xex.x_u11.bgvo-#branch                     0
b.xex.x_u11.bgvo+#branch                     0
b.xex.x_u10.bgvo-#branch                     0
b.xex.x_u10.bgvo+#branch                     0
b.xcm.x_u6.bg1#branch                        0
b.xcm.x_u4.be1#branch                        0
b.xcm.x_u35.bg1#branch                       0
b.xcm.x_u32.bg1#branch                       0
b.xcm.x_u31.bg1#branch                       0
b.xcm.x_u30.bg1#branch                       0
b.xcm.x_u27.bg1#branch                       0
b.xcm.x_u26.bg1#branch                       0
b.xcm.x_u23.bg1#branch                       0
b.xcm.x_u22.bg1#branch                       0
b.xcm.x_u19.bg1#branch                       0
b.xcm.x_u18.bg1#branch                       0
b.xcm.x_u16.bgsw+#branch                     0
b.xcm.x_u12.bgvo-#branch                     0
b.xcm.x_u12.bgvo+#branch                     0
b.xcm.x_u11.bgvo-#branch                     0
b.xcm.x_u11.bgvo+#branch                     0
b.xcm.x_u10.bgvo-#branch                     0
b.xcm.x_u10.bgvo+#branch                     0
h.xt3.x_h3.h_h3#branch            -7.47791e-13
v.xt3.x_h3.vh_h3#branch             5.5171e-08
h.xt3.x_h2.h_h2#branch            -7.47694e-13
v.xt3.x_h2.vh_h2#branch            -5.5159e-08
h.xt3.x_h1.h_h1#branch            -0.000938177
v.xt3.x_h1.vh_h1#branch           -1.19881e-05
h.xt2.x_h3.h_h3#branch            -7.47791e-13
v.xt2.x_h3.vh_h3#branch             5.5171e-08
h.xt2.x_h2.h_h2#branch            -7.47694e-13
v.xt2.x_h2.vh_h2#branch            -5.5159e-08
h.xt2.x_h1.h_h1#branch            -0.000938178
v.xt2.x_h1.vh_h1#branch            -1.1988e-05
h.xt1.x_h3.h_h3#branch            -7.47791e-13
v.xt1.x_h3.vh_h3#branch             5.5171e-08
h.xt1.x_h2.h_h2#branch            -7.47694e-13
v.xt1.x_h2.vh_h2#branch            -5.5159e-08
h.xt1.x_h1.h_h1#branch            -0.000938178
v.xt1.x_h1.vh_h1#branch            -1.1988e-05
h.xt0.x_h3.h_h3#branch            -7.47791e-13
v.xt0.x_h3.vh_h3#branch             5.5171e-08
h.xt0.x_h2.h_h2#branch            -7.47694e-13
v.xt0.x_h2.vh_h2#branch            -5.5159e-08
h.xt0.x_h1.h_h1#branch            -0.000938178
v.xt0.x_h1.vh_h1#branch            -1.1988e-05
h.xr3.x_h3.h_h3#branch            -7.47744e-13
v.xr3.x_h3.vh_h3#branch             5.5166e-08
h.xr3.x_h2.h_h2#branch            -7.47741e-13
v.xr3.x_h2.vh_h2#branch            -5.5164e-08
h.xr3.x_h1.h_h1#branch            -0.000413869
v.xr3.x_h1.vh_h1#branch            0.000175449
h.xr2.x_h3.h_h3#branch            -7.47744e-13
v.xr2.x_h3.vh_h3#branch             5.5166e-08
h.xr2.x_h2.h_h2#branch            -7.47741e-13
v.xr2.x_h2.vh_h2#branch            -5.5164e-08
h.xr2.x_h1.h_h1#branch            -0.000413869
v.xr2.x_h1.vh_h1#branch            0.000175449
h.xr1.x_h3.h_h3#branch            -7.47744e-13
v.xr1.x_h3.vh_h3#branch             5.5166e-08
h.xr1.x_h2.h_h2#branch            -7.47741e-13
v.xr1.x_h2.vh_h2#branch            -5.5164e-08
h.xr1.x_h1.h_h1#branch            -0.000413869
v.xr1.x_h1.vh_h1#branch            0.000175449
h.xr0.x_h3.h_h3#branch            -7.47745e-13
v.xr0.x_h3.vh_h3#branch             5.5166e-08
h.xr0.x_h2.h_h2#branch            -7.47741e-13
v.xr0.x_h2.vh_h2#branch            -5.5164e-08
h.xr0.x_h1.h_h1#branch            -0.000413869
v.xr0.x_h1.vh_h1#branch            0.000175449
h.xex.x_h3.h_h3#branch            -7.47743e-13
v.xex.x_h3.vh_h3#branch            5.51648e-08
h.xex.x_h2.h_h2#branch            -7.47743e-13
v.xex.x_h2.vh_h2#branch           -5.51652e-08
h.xex.x_h1.h_h1#branch            -1.47771e-05
v.xex.x_h1.vh_h1#branch           -6.45841e-06
h.xcm.x_h3.h_h3#branch            -7.47743e-13
v.xcm.x_h3.vh_h3#branch            5.51631e-08
h.xcm.x_h2.h_h2#branch            -7.47743e-13
v.xcm.x_h2.vh_h2#branch           -5.51669e-08
h.xcm.x_h1.h_h1#branch             -2.1372e-05
v.xcm.x_h1.vh_h1#branch            2.85177e-05
e.xt3.x_u40.e3#branch              4.05244e-11
e.xt3.x_u4.e1#branch              -1.05044e-11
e.xt3.x_u39.e1#branch                        0
e.xt3.x_u38.e1#branch                        0
e.xt3.e_e4#branch                 -0.000121858
e.xt3.e_e3#branch                  -0.00121368
e.xt3.e_e1#branch                 -0.000105326
e.xt2.x_u40.e3#branch              4.05244e-11
e.xt2.x_u4.e1#branch              -1.05044e-11
e.xt2.x_u39.e1#branch                        0
e.xt2.x_u38.e1#branch                        0
e.xt2.e_e4#branch                 -0.000121858
e.xt2.e_e3#branch                  -0.00121368
e.xt2.e_e1#branch                 -0.000105326
e.xt1.x_u40.e3#branch              4.05244e-11
e.xt1.x_u4.e1#branch              -1.05044e-11
e.xt1.x_u39.e1#branch                        0
e.xt1.x_u38.e1#branch                        0
e.xt1.e_e4#branch                 -0.000121858
e.xt1.e_e3#branch                  -0.00121368
e.xt1.e_e1#branch                 -0.000105326
e.xt0.x_u40.e3#branch              4.05244e-11
e.xt0.x_u4.e1#branch              -1.05044e-11
e.xt0.x_u39.e1#branch                        0
e.xt0.x_u38.e1#branch                        0
e.xt0.e_e4#branch                 -0.000121858
e.xt0.e_e3#branch                  -0.00121368
e.xt0.e_e1#branch                 -0.000105326
e.xr3.x_u40.e3#branch              4.05244e-11
e.xr3.x_u4.e1#branch              -1.05044e-11
e.xr3.x_u39.e1#branch                        0
e.xr3.x_u38.e1#branch                        0
e.xr3.e_e4#branch                 -4.83287e-05
e.xr3.e_e3#branch                 -0.000555564
e.xr3.e_e1#branch                 -4.15634e-05
e.xr2.x_u40.e3#branch              4.05252e-11
e.xr2.x_u4.e1#branch              -1.05052e-11
e.xr2.x_u39.e1#branch                        0
e.xr2.x_u38.e1#branch                        0
e.xr2.e_e4#branch                 -4.83287e-05
e.xr2.e_e3#branch                 -0.000555564
e.xr2.e_e1#branch                 -4.15634e-05
e.xr1.x_u40.e3#branch              4.05244e-11
e.xr1.x_u4.e1#branch              -1.05044e-11
e.xr1.x_u39.e1#branch                        0
e.xr1.x_u38.e1#branch                        0
e.xr1.e_e4#branch                 -4.83287e-05
e.xr1.e_e3#branch                 -0.000555564
e.xr1.e_e1#branch                 -4.15634e-05
e.xr0.x_u40.e3#branch              4.05244e-11
e.xr0.x_u4.e1#branch              -1.05044e-11
e.xr0.x_u39.e1#branch                        0
e.xr0.x_u38.e1#branch                        0
e.xr0.e_e4#branch                 -4.83287e-05
e.xr0.e_e3#branch                 -0.000555564
e.xr0.e_e1#branch                 -4.15634e-05
e.xex.x_u40.e3#branch              3.10507e-11
e.xex.x_u4.e1#branch              -1.05067e-12
e.xex.x_u39.e1#branch                        0
e.xex.x_u38.e1#branch                        0
e.xex.e_e4#branch                 -1.19912e-06
e.xex.e_e3#branch                 -5.25024e-06
e.xex.e_e1#branch                 -1.47357e-06
e.xcm.x_u40.e3#branch               4.0171e-11
e.xcm.x_u4.e1#branch               -1.0171e-11
e.xcm.x_u39.e1#branch                        0
e.xcm.x_u38.e1#branch                        0
e.xcm.e_e4#branch                 -2.55602e-06
e.xcm.e_e3#branch                 -2.31573e-05
e.xcm.e_e1#branch                 -2.13733e-06
v.xt3.v_v_orp#branch                         0
v.xt3.v_v_orn#branch                         0
v.xt3.v_v_iscp#branch             -1.20374e-10
v.xt3.v_v_iscn#branch              1.19626e-10
v.xt3.v_v_grp#branch              -3.00374e-10
v.xt3.v_v_grn#branch               2.99626e-10
v.xt3.v_vcm_min#branch              5.7387e-13
v.xt3.v_vcm_max#branch            -9.82612e-12
v.xt2.v_v_orp#branch                         0
v.xt2.v_v_orn#branch                         0
v.xt2.v_v_iscp#branch             -1.20374e-10
v.xt2.v_v_iscn#branch              1.19626e-10
v.xt2.v_v_grp#branch              -3.00374e-10
v.xt2.v_v_grn#branch               2.99626e-10
v.xt2.v_vcm_min#branch              5.7387e-13
v.xt2.v_vcm_max#branch            -9.82612e-12
v.xt1.v_v_orp#branch                         0
v.xt1.v_v_orn#branch                         0
v.xt1.v_v_iscp#branch             -1.20374e-10
v.xt1.v_v_iscn#branch              1.19626e-10
v.xt1.v_v_grp#branch              -3.00374e-10
v.xt1.v_v_grn#branch               2.99626e-10
v.xt1.v_vcm_min#branch              5.7387e-13
v.xt1.v_vcm_max#branch            -9.82612e-12
v.xt0.v_v_orp#branch                         0
v.xt0.v_v_orn#branch                         0
v.xt0.v_v_iscp#branch             -1.20374e-10
v.xt0.v_v_iscn#branch              1.19626e-10
v.xt0.v_v_grp#branch              -3.00374e-10
v.xt0.v_v_grn#branch               2.99626e-10
v.xt0.v_vcm_min#branch              5.7387e-13
v.xt0.v_vcm_max#branch            -9.82612e-12
v.xr3.v_v_orp#branch                         0
v.xr3.v_v_orn#branch                         0
v.xr3.v_v_iscp#branch             -1.20374e-10
v.xr3.v_v_iscn#branch              1.19626e-10
v.xr3.v_v_grp#branch              -3.00374e-10
v.xr3.v_v_grn#branch               2.99626e-10
v.xr3.v_vcm_min#branch              5.7387e-13
v.xr3.v_vcm_max#branch            -9.82612e-12
vsel3#branch                                 0
v.xr2.v_v_orp#branch                         0
v.xr2.v_v_orn#branch                         0
v.xr2.v_v_iscp#branch             -1.20374e-10
v.xr2.v_v_iscn#branch              1.19626e-10
v.xr2.v_v_grp#branch              -3.00374e-10
v.xr2.v_v_grn#branch               2.99626e-10
v.xr2.v_vcm_min#branch              5.7387e-13
v.xr2.v_vcm_max#branch            -9.82612e-12
vsel2#branch                                 0
v.xr1.v_v_orp#branch                         0
v.xr1.v_v_orn#branch                         0
v.xr1.v_v_iscp#branch             -1.20374e-10
v.xr1.v_v_iscn#branch              1.19626e-10
v.xr1.v_v_grp#branch              -3.00374e-10
v.xr1.v_v_grn#branch               2.99626e-10
v.xr1.v_vcm_min#branch              5.7387e-13
v.xr1.v_vcm_max#branch            -9.82612e-12
vsel1#branch                                 0
v.xr0.v_v_orp#branch                         0
v.xr0.v_v_orn#branch                         0
v.xr0.v_v_iscp#branch             -1.20374e-10
v.xr0.v_v_iscn#branch              1.19626e-10
v.xr0.v_v_grp#branch              -3.00374e-10
v.xr0.v_v_grn#branch               2.99626e-10
v.xr0.v_vcm_min#branch              5.7387e-13
v.xr0.v_vcm_max#branch            -9.82612e-12
vsel0#branch                                 0
v.xex.v_v_orp#branch                         0
v.xex.v_v_orn#branch                         0
v.xex.v_v_iscp#branch             -1.20374e-10
v.xex.v_v_iscn#branch              1.19626e-10
v.xex.v_v_grp#branch              -3.00374e-10
v.xex.v_v_grn#branch               2.99626e-10
v.xex.v_vcm_min#branch              5.7387e-13
v.xex.v_vcm_max#branch            -9.82612e-12
v.xcm.v_v_orp#branch                         0
v.xcm.v_v_orn#branch                         0
v.xcm.v_v_iscp#branch             -1.20374e-10
v.xcm.v_v_iscn#branch              1.19626e-10
v.xcm.v_v_grp#branch              -3.00374e-10
v.xcm.v_v_grn#branch               2.99626e-10
v.xcm.v_vcm_min#branch              5.7387e-13
v.xcm.v_vcm_max#branch            -9.82612e-12
vref#branch                        5.22141e-10
v5#branch                           -0.0195626
a.xt3.x_u19.ag1#branch_1_0                   0
a.xt3.x_u18.ag1#branch_1_0                   0
a.xt2.x_u19.ag1#branch_1_0                   0
a.xt2.x_u18.ag1#branch_1_0                   0
a.xt1.x_u19.ag1#branch_1_0                   0
a.xt1.x_u18.ag1#branch_1_0                   0
a.xt0.x_u19.ag1#branch_1_0                   0
a.xt0.x_u18.ag1#branch_1_0                   0
a.xr3.x_u19.ag1#branch_1_0                   0
a.xr3.x_u18.ag1#branch_1_0                   0
a.xr2.x_u19.ag1#branch_1_0                   0
a.xr2.x_u18.ag1#branch_1_0                   0
a.xr1.x_u19.ag1#branch_1_0                   0
a.xr1.x_u18.ag1#branch_1_0                   0
a.xr0.x_u19.ag1#branch_1_0                   0
a.xr0.x_u18.ag1#branch_1_0                   0
a.xex.x_u19.ag1#branch_1_0                   0
a.xex.x_u18.ag1#branch_1_0                   0
a.xcm.x_u19.ag1#branch_1_0                   0
a.xcm.x_u18.ag1#branch_1_0                   0

 Reference value :  0.00000e+00 Reference value :  1.05930e-05 Reference value :  1.11076e-05 Reference value :  1.11504e-05 Reference value :  1.11523e-05 Reference value :  1.11584e-05 Reference value :  1.11598e-05 Reference value :  1.11645e-05 Reference value :  1.11677e-05 Reference value :  1.11684e-05 Reference value :  1.11690e-05 Reference value :  1.11694e-05 Reference value :  1.12079e-05 Reference value :  1.12116e-05 Reference value :  1.12121e-05 Reference value :  1.12124e-05 Reference value :  1.12143e-05 Reference value :  1.12178e-05 Reference value :  1.12189e-05 Reference value :  1.12228e-05 Reference value :  1.12248e-05 Reference value :  1.12315e-05 Reference value :  1.12319e-05 Reference value :  1.12335e-05 Reference value :  1.12348e-05 Reference value :  1.12354e-05 Reference value :  1.12361e-05 Reference value :  1.12368e-05 Reference value :  1.12475e-05 Reference value :  1.12684e-05 Reference value :  1.12688e-05 Reference value :  1.12697e-05 Reference value :  1.12771e-05 Reference value :  1.12779e-05 Reference value :  1.12813e-05 Reference value :  1.13090e-05 Reference value :  1.13147e-05 Reference value :  1.13159e-05 Reference value :  1.13183e-05 Reference value :  1.13197e-05 Reference value :  1.13309e-05 Reference value :  1.13336e-05 Reference value :  1.13359e-05 Reference value :  1.13441e-05 Reference value :  1.13589e-05 Reference value :  1.13639e-05 Reference value :  1.13698e-05 Reference value :  1.13724e-05 Reference value :  1.13729e-05 Reference value :  1.14538e-05 Reference value :  1.14742e-05 Reference value :  1.14756e-05 Reference value :  1.14759e-05 Reference value :  1.14785e-05 Reference value :  1.14789e-05 Reference value :  1.14811e-05 Reference value :  1.14850e-05 Reference value :  1.14889e-05 Reference value :  1.14900e-05 Reference value :  1.14918e-05 Reference value :  1.14964e-05 Reference value :  1.14967e-05 Reference value :  1.15035e-05 Reference value :  1.15049e-05 Reference value :  1.15168e-05 Reference value :  1.15240e-05 Reference value :  1.15347e-05 Reference value :  1.15375e-05 Reference value :  1.15381e-05 Reference value :  1.15409e-05 Reference value :  1.15540e-05 Reference value :  1.15553e-05 Reference value :  1.15584e-05 Reference value :  1.15590e-05 Reference value :  1.15605e-05 Reference value :  1.15645e-05 Reference value :  1.15652e-05 Reference value :  1.15691e-05 Reference value :  1.15706e-05 Reference value :  1.15743e-05 Reference value :  1.15823e-05 Reference value :  1.15860e-05 Reference value :  1.15867e-05 Reference value :  1.15876e-05 Reference value :  1.15882e-05 Reference value :  1.15889e-05 Reference value :  1.15911e-05 Reference value :  1.15919e-05 Reference value :  1.15966e-05 Reference value :  1.16137e-05 Reference value :  1.16276e-05 Reference value :  1.16330e-05 Reference value :  1.16338e-05 Reference value :  1.16398e-05 Reference value :  1.16402e-05 Reference value :  1.16413e-05 Reference value :  1.16416e-05 Reference value :  1.16539e-05 Reference value :  1.16668e-05 Reference value :  1.16688e-05 Reference value :  1.16691e-05 Reference value :  1.16734e-05 Reference value :  1.16740e-05 Reference value :  1.16757e-05 Reference value :  1.16762e-05 Reference value :  1.16781e-05 Reference value :  1.16791e-05 Reference value :  1.16819e-05 Reference value :  1.16832e-05 Reference value :  1.16858e-05 Reference value :  1.16898e-05 Reference value :  1.16914e-05 Reference value :  1.16921e-05 Reference value :  1.16966e-05 Reference value :  1.16971e-05 Reference value :  1.17186e-05 Reference value :  1.17188e-05 Reference value :  1.17251e-05 Reference value :  1.17256e-05 Reference value :  1.17260e-05 Reference value :  1.17277e-05 Reference value :  1.17279e-05 Reference value :  1.17286e-05 Reference value :  1.17292e-05 Reference value :  1.17296e-05 Reference value :  1.17305e-05 Reference value :  1.17330e-05 Reference value :  1.17364e-05 Reference value :  1.17381e-05 Reference value :  1.17384e-05 Reference value :  1.17418e-05 Reference value :  1.17422e-05 Reference value :  1.17431e-05 Reference value :  1.17434e-05 Reference value :  1.17443e-05 Reference value :  1.17455e-05 Reference value :  1.17460e-05 Reference value :  1.17467e-05 Reference value :  1.17470e-05 Reference value :  1.17473e-05 Reference value :  1.17513e-05 Reference value :  1.17521e-05 Reference value :  1.17524e-05 Reference value :  1.17529e-05 Reference value :  1.17533e-05 Reference value :  1.18058e-05 Reference value :  1.18147e-05 Reference value :  1.18191e-05 Reference value :  1.18290e-05 Reference value :  1.18368e-05 Reference value :  1.18372e-05 Reference value :  1.18386e-05 Reference value :  1.18388e-05 Reference value :  1.18406e-05 Reference value :  1.18438e-05 Reference value :  1.18509e-05 Reference value :  1.18512e-05 Reference value :  1.18522e-05 Reference value :  1.18552e-05 Reference value :  1.18623e-05 Reference value :  1.18633e-05 Reference value :  1.18881e-05 Reference value :  1.18918e-05 Reference value :  1.18924e-05 Reference value :  1.18928e-05 Reference value :  1.18932e-05 Reference value :  1.18951e-05 Reference value :  1.18957e-05 Reference value :  1.18968e-05 Reference value :  1.18978e-05 Reference value :  1.18983e-05 Reference value :  1.19030e-05 Reference value :  1.19038e-05 Reference value :  1.19043e-05 Reference value :  1.19045e-05 Reference value :  1.19065e-05 Reference value :  1.19067e-05 Reference value :  1.19070e-05 Reference value :  1.19073e-05 Reference value :  1.19201e-05 Reference value :  1.19203e-05 Reference value :  1.19207e-05 Reference value :  1.19210e-05 Reference value :  1.19836e-05 Reference value :  1.20213e-05 Reference value :  1.20217e-05 Reference value :  1.20527e-05 Reference value :  1.20547e-05 Reference value :  1.20860e-05 Reference value :  1.21917e-05 Reference value :  1.21930e-05 Reference value :  1.21953e-05 Reference value :  1.21956e-05 Reference value :  1.21961e-05 Reference value :  1.22289e-05 Reference value :  1.23973e-05 Reference value :  1.23975e-05 Reference value :  1.23993e-05 Reference value :  1.24050e-05 Reference value :  1.24053e-05 Reference value :  1.24056e-05 Reference value :  1.24062e-05 Reference value :  1.24087e-05 Reference value :  1.24100e-05 Reference value :  1.24103e-05 Reference value :  1.24113e-05 Reference value :  1.24303e-05 Reference value :  1.24954e-05 Reference value :  1.24957e-05 Reference value :  1.25080e-05 Reference value :  1.25099e-05 Reference value :  1.25099e-05 Reference value :  1.25101e-05 Reference value :  1.25102e-05 Reference value :  1.25104e-05 Reference value :  1.25109e-05 Reference value :  1.25118e-05 Reference value :  1.25199e-05 Reference value :  1.25203e-05 Reference value :  1.25256e-05 Reference value :  1.25268e-05 Reference value :  1.25271e-05 Reference value :  1.25273e-05 Reference value :  1.25306e-05 Reference value :  1.25316e-05 Reference value :  1.25324e-05 Reference value :  1.25335e-05 Reference value :  1.25337e-05 Reference value :  1.25410e-05 Reference value :  1.25415e-05 Reference value :  1.25419e-05 Reference value :  1.25446e-05 Reference value :  1.25450e-05 Reference value :  1.25486e-05 Reference value :  1.25491e-05 Reference value :  1.25520e-05 Reference value :  1.25523e-05 Reference value :  1.25528e-05 Reference value :  1.25571e-05 Reference value :  1.25577e-05 Reference value :  1.25589e-05 Reference value :  1.25598e-05 Reference value :  1.25611e-05 Reference value :  1.25614e-05 Reference value :  1.25627e-05 Reference value :  1.25646e-05 Reference value :  1.25672e-05 Reference value :  1.25686e-05 Reference value :  1.25687e-05 Reference value :  1.25721e-05 Reference value :  1.25770e-05 Reference value :  1.25921e-05 Reference value :  1.25923e-05 Reference value :  1.25935e-05 Reference value :  1.26079e-05 Reference value :  1.26084e-05 Reference value :  1.26086e-05 Reference value :  1.26093e-05 Reference value :  1.26128e-05 Reference value :  1.26145e-05 Reference value :  1.26159e-05 Reference value :  1.26195e-05 Reference value :  1.26197e-05 Reference value :  1.26204e-05 Reference value :  1.26245e-05 Reference value :  1.26248e-05 Reference value :  1.26252e-05 Reference value :  1.26368e-05 Reference value :  1.26370e-05 Reference value :  1.26371e-05 Reference value :  1.26375e-05 Reference value :  1.26375e-05 Reference value :  1.26375e-05 Reference value :  1.26385e-05 Reference value :  1.26400e-05 Reference value :  1.26412e-05 Reference value :  1.26413e-05 Reference value :  1.26415e-05 Reference value :  1.26418e-05 Reference value :  1.26422e-05 Reference value :  1.26430e-05 Reference value :  1.26467e-05 Reference value :  1.26471e-05 Reference value :  1.26472e-05 Reference value :  1.26483e-05 Reference value :  1.26484e-05 Reference value :  1.26484e-05 Reference value :  1.26499e-05 Reference value :  1.26506e-05 Reference value :  1.26524e-05 Reference value :  1.26528e-05 Reference value :  1.26535e-05 Reference value :  1.27438e-05 Reference value :  1.27499e-05 Reference value :  1.27513e-05 Reference value :  1.27514e-05 Reference value :  1.27553e-05 Reference value :  1.27600e-05 Reference value :  1.27686e-05 Reference value :  1.27689e-05 Reference value :  1.27694e-05 Reference value :  1.27725e-05 Reference value :  1.27750e-05 Reference value :  1.27754e-05 Reference value :  1.27778e-05 Reference value :  1.27783e-05 Reference value :  1.27824e-05 Reference value :  1.27829e-05 Reference value :  1.27832e-05 Reference value :  1.27860e-05 Reference value :  1.27896e-05 Reference value :  1.27905e-05 Reference value :  1.27938e-05 Reference value :  1.27942e-05 Reference value :  1.27947e-05 Reference value :  1.27949e-05 Reference value :  1.27955e-05 Reference value :  1.27962e-05 Reference value :  1.27983e-05 Reference value :  1.27987e-05 Reference value :  1.27988e-05 Reference value :  1.27989e-05 Reference value :  1.27997e-05 Reference value :  1.28014e-05 Reference value :  1.28027e-05 Reference value :  1.28121e-05 Reference value :  1.28123e-05 Reference value :  1.28133e-05 Reference value :  1.28138e-05 Reference value :  1.28139e-05 Reference value :  1.28140e-05 Reference value :  1.28142e-05 Reference value :  1.28142e-05 Reference value :  1.28142e-05 Reference value :  1.28145e-05 Reference value :  1.28170e-05 Reference value :  1.28177e-05 Reference value :  1.28222e-05 Reference value :  1.28223e-05 Reference value :  1.28233e-05 Reference value :  1.28233e-05 Reference value :  1.28234e-05 Reference value :  1.28236e-05 Reference value :  1.28247e-05 Reference value :  1.28284e-05 Reference value :  1.28294e-05 Reference value :  1.28301e-05 Reference value :  1.28305e-05 Reference value :  1.28307e-05 Reference value :  1.28309e-05 Reference value :  1.28318e-05 Reference value :  1.28337e-05 Reference value :  1.28340e-05 Reference value :  1.28342e-05 Reference value :  1.28346e-05 Reference value :  1.28369e-05 Reference value :  1.28381e-05 Reference value :  1.28394e-05 Reference value :  1.28398e-05 Reference value :  1.28401e-05 Reference value :  1.28433e-05 Reference value :  1.28455e-05 Reference value :  1.28456e-05 Reference value :  1.28459e-05 Reference value :  1.28464e-05 Reference value :  1.28467e-05 Reference value :  1.28473e-05 Reference value :  1.28494e-05 Reference value :  1.28497e-05 Reference value :  1.28513e-05 Reference value :  1.28531e-05 Reference value :  1.28533e-05 Reference value :  1.28580e-05 Reference value :  1.28605e-05 Reference value :  1.28612e-05 Reference value :  1.28632e-05 Reference value :  1.28646e-05 Reference value :  1.28657e-05 Reference value :  1.28664e-05 Reference value :  1.28687e-05 Reference value :  1.28713e-05 Reference value :  1.28746e-05 Reference value :  1.28747e-05 Reference value :  1.28747e-05 Reference value :  1.28802e-05 Reference value :  1.28817e-05 Reference value :  1.28821e-05 Reference value :  1.28821e-05 Reference value :  1.28823e-05 Reference value :  1.28824e-05 Reference value :  1.28824e-05 Reference value :  1.28835e-05 Reference value :  1.28843e-05 Reference value :  1.28910e-05 Reference value :  1.28922e-05 Reference value :  1.28935e-05 Reference value :  1.28938e-05 Reference value :  1.28971e-05 Reference value :  1.29021e-05 Reference value :  1.29027e-05 Reference value :  1.29053e-05 Reference value :  1.29187e-05 Reference value :  1.29188e-05 Reference value :  1.29190e-05 Reference value :  1.29193e-05 Reference value :  1.29193e-05 Reference value :  1.29195e-05 Reference value :  1.29209e-05 Reference value :  1.29212e-05 Reference value :  1.29276e-05 Reference value :  1.29278e-05 Reference value :  1.29282e-05 Reference value :  1.29297e-05 Reference value :  1.29303e-05 Reference value :  1.29308e-05 Reference value :  1.29312e-05 Reference value :  1.29313e-05 Reference value :  1.29325e-05 Reference value :  1.29348e-05 Reference value :  1.29357e-05 Reference value :  1.29371e-05 Reference value :  1.29374e-05 Reference value :  1.29400e-05 Reference value :  1.29416e-05 Reference value :  1.29416e-05 Reference value :  1.29416e-05 Reference value :  1.29417e-05 Reference value :  1.29418e-05 Reference value :  1.29419e-05 Reference value :  1.29424e-05 Reference value :  1.29426e-05 Reference value :  1.29426e-05 Reference value :  1.29429e-05 Reference value :  1.29447e-05 Reference value :  1.29449e-05 Reference value :  1.29449e-05 Reference value :  1.29456e-05 Reference value :  1.29458e-05 Reference value :  1.29467e-05 Reference value :  1.29478e-05 Reference value :  1.29486e-05 Reference value :  1.29499e-05 Reference value :  1.29500e-05 Reference value :  1.29522e-05 Reference value :  1.29536e-05 Reference value :  1.29538e-05 Reference value :  1.29539e-05 Reference value :  1.29539e-05 Reference value :  1.29542e-05 Reference value :  1.29548e-05 Reference value :  1.29573e-05 Reference value :  1.29575e-05 Reference value :  1.29599e-05 Reference value :  1.29601e-05 Reference value :  1.29601e-05 Reference value :  1.29601e-05 Reference value :  1.29602e-05 Reference value :  1.29606e-05 Reference value :  1.29609e-05 Reference value :  1.29616e-05 Reference value :  1.29616e-05 Reference value :  1.29617e-05 Reference value :  1.29635e-05 Reference value :  1.29636e-05 Reference value :  1.29641e-05 Reference value :  1.29643e-05 Reference value :  1.29645e-05 Reference value :  1.29646e-05 Reference value :  1.29653e-05 Reference value :  1.29659e-05 Reference value :  1.29668e-05 Reference value :  1.29669e-05 Reference value :  1.29692e-05 Reference value :  1.29698e-05 Reference value :  1.29700e-05 Reference value :  1.29738e-05 Reference value :  1.29781e-05 Reference value :  1.29784e-05 Reference value :  1.29794e-05 Reference value :  1.29796e-05 Reference value :  1.29796e-05 Reference value :  1.29796e-05 Reference value :  1.29803e-05 Reference value :  1.29810e-05 Reference value :  1.29815e-05 Reference value :  1.29848e-05 Reference value :  1.29861e-05 Reference value :  1.29909e-05 Reference value :  1.29917e-05 Reference value :  1.29918e-05 Reference value :  1.29960e-05 Reference value :  1.30013e-05 Reference value :  1.30014e-05 Reference value :  1.30015e-05 Reference value :  1.30019e-05 Reference value :  1.30021e-05 Reference value :  1.30050e-05 Reference value :  1.30065e-05 Reference value :  1.30076e-05 Reference value :  1.30076e-05 Reference value :  1.30078e-05 Reference value :  1.30079e-05 Reference value :  1.30079e-05 Reference value :  1.30083e-05 Reference value :  1.30086e-05 Reference value :  1.30175e-05 Reference value :  1.30176e-05 Reference value :  1.30188e-05 Reference value :  1.30192e-05 Reference value :  1.30193e-05 Reference value :  1.30199e-05 Reference value :  1.30200e-05 Reference value :  1.30200e-05 Reference value :  1.30208e-05 Reference value :  1.30208e-05 Reference value :  1.30208e-05 Reference value :  1.30220e-05 Reference value :  1.30223e-05 Reference value :  1.30224e-05 Reference value :  1.30236e-05 Reference value :  1.30306e-05 Reference value :  1.30320e-05 Reference value :  1.30321e-05 Reference value :  1.30321e-05 Reference value :  1.30323e-05 Reference value :  1.30325e-05 Reference value :  1.30327e-05 Reference value :  1.30348e-05 Reference value :  1.30349e-05 Reference value :  1.30349e-05 Reference value :  1.30351e-05 Reference value :  1.30352e-05 Reference value :  1.30375e-05 Reference value :  1.30376e-05 Reference value :  1.30376e-05 Reference value :  1.30379e-05 Reference value :  1.30398e-05 Reference value :  1.30399e-05 Reference value :  1.30399e-05 Reference value :  1.30399e-05 Reference value :  1.30400e-05 Reference value :  1.30408e-05 Reference value :  1.30410e-05 Reference value :  1.30412e-05 Reference value :  1.30429e-05 Reference value :  1.30430e-05 Reference value :  1.30434e-05 Reference value :  1.30434e-05 Reference value :  1.30455e-05 Reference value :  1.30470e-05 Reference value :  1.30500e-05 Reference value :  1.30508e-05 Reference value :  1.30529e-05 Reference value :  1.30532e-05 Reference value :  1.30556e-05 Reference value :  1.30557e-05 Reference value :  1.30557e-05 Reference value :  1.30557e-05 Reference value :  1.30565e-05 Reference value :  1.30567e-05 Reference value :  1.30568e-05 Reference value :  1.30614e-05 Reference value :  1.30657e-05 Reference value :  1.30670e-05 Reference value :  1.30674e-05 Reference value :  1.30690e-05 Reference value :  1.30693e-05 Reference value :  1.30694e-05 Reference value :  1.30694e-05 Reference value :  1.30708e-05 Reference value :  1.30708e-05 Reference value :  1.30709e-05 Reference value :  1.30722e-05 Reference value :  1.30723e-05 Reference value :  1.30723e-05 Reference value :  1.30724e-05 Reference value :  1.30733e-05 Reference value :  1.30771e-05 Reference value :  1.30799e-05 Reference value :  1.30800e-05 Reference value :  1.30800e-05 Reference value :  1.30804e-05 Reference value :  1.30812e-05 Reference value :  1.30815e-05 Reference value :  1.30815e-05 Reference value :  1.30844e-05 Reference value :  1.30847e-05 Reference value :  1.30850e-05 Reference value :  1.30850e-05 Reference value :  1.30852e-05 Reference value :  1.30874e-05 Reference value :  1.30883e-05 Reference value :  1.30883e-05 Reference value :  1.30896e-05 Reference value :  1.30899e-05 Reference value :  1.30899e-05 Reference value :  1.30904e-05 Reference value :  1.30904e-05 Reference value :  1.30905e-05 Reference value :  1.30909e-05 Reference value :  1.30909e-05 Reference value :  1.30909e-05 Reference value :  1.30915e-05 Reference value :  1.30926e-05 Reference value :  1.30926e-05 Reference value :  1.30930e-05 Reference value :  1.30932e-05 Reference value :  1.30933e-05 Reference value :  1.30943e-05 Reference value :  1.30948e-05 Reference value :  1.30948e-05 Reference value :  1.30948e-05 Reference value :  1.30948e-05 Reference value :  1.30953e-05 Reference value :  1.30964e-05 Reference value :  1.30995e-05 Reference value :  1.30995e-05 Reference value :  1.30996e-05 Reference value :  1.31004e-05 Reference value :  1.31004e-05 Reference value :  1.31012e-05 Reference value :  1.31014e-05 Reference value :  1.31015e-05 Reference value :  1.31015e-05 Reference value :  1.31015e-05 Reference value :  1.31017e-05 Reference value :  1.31019e-05 Reference value :  1.31019e-05 Reference value :  1.31020e-05 Reference value :  1.31020e-05 Reference value :  1.31020e-05 Reference value :  1.31020e-05 Reference value :  1.31021e-05 Reference value :  1.31026e-05 Reference value :  1.31028e-05 Reference value :  1.31036e-05 Reference value :  1.31038e-05 Reference value :  1.31038e-05 Reference value :  1.31041e-05 Reference value :  1.31042e-05 Reference value :  1.31043e-05 Reference value :  1.31043e-05 Reference value :  1.31044e-05 Reference value :  1.31044e-05 Reference value :  1.31045e-05 Reference value :  1.31046e-05 Reference value :  1.31046e-05 Reference value :  1.31062e-05 Reference value :  1.31062e-05 Reference value :  1.31066e-05 Reference value :  1.31196e-05 Reference value :  1.31196e-05 Reference value :  1.31197e-05 Reference value :  1.31197e-05 Reference value :  1.31197e-05 Reference value :  1.31198e-05 Reference value :  1.31227e-05 Reference value :  1.31262e-05 Reference value :  1.31269e-05 Reference value :  1.31281e-05 Reference value :  1.31282e-05 Reference value :  1.31298e-05 Reference value :  1.31307e-05 Reference value :  1.31307e-05 Reference value :  1.31316e-05 Reference value :  1.31446e-05 Reference value :  1.31448e-05 Reference value :  1.31448e-05 Reference value :  1.31449e-05 Reference value :  1.31449e-05 Reference value :  1.31449e-05 Reference value :  1.31449e-05 Reference value :  1.31449e-05 Reference value :  1.31450e-05 Reference value :  1.31451e-05 Reference value :  1.31453e-05 Reference value :  1.31457e-05 Reference value :  1.31458e-05 Reference value :  1.31458e-05 Reference value :  1.31459e-05 Reference value :  1.31459e-05 Reference value :  1.31492e-05 Reference value :  1.31496e-05 Reference value :  1.31554e-05 Reference value :  1.31559e-05 Reference value :  1.31559e-05 Reference value :  1.31561e-05 Reference value :  1.31562e-05 Reference value :  1.31562e-05 Reference value :  1.31577e-05 Reference value :  1.31608e-05 Reference value :  1.31611e-05 Reference value :  1.31611e-05 Reference value :  1.31611e-05 Reference value :  1.31611e-05 Reference value :  1.31612e-05 Reference value :  1.31612e-05 Reference value :  1.31612e-05 Reference value :  1.31612e-05 Reference value :  1.31615e-05 Reference value :  1.31630e-05 Reference value :  1.31631e-05 Reference value :  1.31643e-05 Reference value :  1.31648e-05 Reference value :  1.31650e-05 Reference value :  1.31657e-05 Reference value :  1.31657e-05 Reference value :  1.31657e-05 Reference value :  1.31657e-05 Reference value :  1.31658e-05 Reference value :  1.31658e-05 Reference value :  1.31658e-05 Reference value :  1.31659e-05 Reference value :  1.31660e-05 Reference value :  1.31689e-05 Reference value :  1.31695e-05 Reference value :  1.31695e-05 Reference value :  1.31703e-05 Reference value :  1.31704e-05 Reference value :  1.31704e-05 Reference value :  1.31704e-05 Reference value :  1.31716e-05 Reference value :  1.31718e-05 Reference value :  1.31721e-05 Reference value :  1.31724e-05 Reference value :  1.31730e-05 Reference value :  1.31731e-05 Reference value :  1.31743e-05 Reference value :  1.31749e-05 Reference value :  1.31749e-05 Reference value :  1.31750e-05 Reference value :  1.31761e-05 Reference value :  1.31764e-05 Reference value :  1.31769e-05 Reference value :  1.31769e-05 Reference value :  1.31774e-05 Reference value :  1.31774e-05 Reference value :  1.31774e-05 Reference value :  1.31776e-05 Reference value :  1.31783e-05 Reference value :  1.31783e-05 Reference value :  1.31784e-05 Reference value :  1.31785e-05 Reference value :  1.31785e-05 Reference value :  1.31789e-05 Reference value :  1.31793e-05 Reference value :  1.31797e-05 Reference value :  1.31830e-05 Reference value :  1.31868e-05 Reference value :  1.31868e-05 Reference value :  1.31869e-05 Reference value :  1.31874e-05 Reference value :  1.31884e-05 Reference value :  1.31888e-05 Reference value :  1.31888e-05 Reference value :  1.31889e-05 Reference value :  1.31889e-05 Reference value :  1.31914e-05 Reference value :  1.31914e-05 Reference value :  1.31915e-05 Reference value :  1.31915e-05 Reference value :  1.31915e-05 Reference value :  1.31915e-05 Reference value :  1.31915e-05 Reference value :  1.31915e-05 Reference value :  1.31916e-05 Reference value :  1.31916e-05 Reference value :  1.31917e-05 Reference value :  1.31919e-05 Reference value :  1.31919e-05 Reference value :  1.31947e-05 Reference value :  1.31947e-05 Reference value :  1.31947e-05 Reference value :  1.31947e-05 Reference value :  1.31948e-05 Reference value :  1.31948e-05 Reference value :  1.31949e-05 Reference value :  1.31949e-05 Reference value :  1.31959e-05 Reference value :  1.31961e-05 Reference value :  1.31964e-05 Reference value :  1.31966e-05 Reference value :  1.31993e-05 Reference value :  1.32075e-05 Reference value :  1.32089e-05 Reference value :  1.32092e-05 Reference value :  1.32092e-05 Reference value :  1.32093e-05 Reference value :  1.32093e-05 Reference value :  1.32093e-05 Reference value :  1.32098e-05 Reference value :  1.32099e-05 Reference value :  1.32100e-05 Reference value :  1.32104e-05 Reference value :  1.32104e-05 Reference value :  1.32105e-05 Reference value :  1.32106e-05 Reference value :  1.32106e-05 Reference value :  1.32107e-05 Reference value :  1.32107e-05 Reference value :  1.32107e-05 Reference value :  1.32107e-05 Reference value :  1.32113e-05 Reference value :  1.32170e-05 Reference value :  1.32170e-05 Reference value :  1.32172e-05 Reference value :  1.32172e-05 Reference value :  1.32172e-05 Reference value :  1.32173e-05 Reference value :  1.32173e-05 Reference value :  1.32174e-05 Reference value :  1.32181e-05 Reference value :  1.32184e-05 Reference value :  1.32205e-05 Reference value :  1.32206e-05 Reference value :  1.32207e-05 Reference value :  1.32234e-05 Reference value :  1.32238e-05 Reference value :  1.32238e-05 Reference value :  1.32238e-05 Reference value :  1.32238e-05 Reference value :  1.32238e-05 Reference value :  1.32239e-05 Reference value :  1.32240e-05 Reference value :  1.32241e-05 Reference value :  1.32242e-05 Reference value :  1.32242e-05 Reference value :  1.32243e-05 Reference value :  1.32243e-05 Reference value :  1.32243e-05 Reference value :  1.32259e-05 Reference value :  1.32260e-05 Reference value :  1.32260e-05 Reference value :  1.32260e-05 Reference value :  1.32260e-05 Reference value :  1.32261e-05 Reference value :  1.32261e-05 Reference value :  1.32262e-05 Reference value :  1.32262e-05 Reference value :  1.32278e-05 Reference value :  1.32278e-05 Reference value :  1.32279e-05 Reference value :  1.32287e-05 Reference value :  1.32288e-05 Reference value :  1.32294e-05 Reference value :  1.32295e-05 Reference value :  1.32295e-05 Reference value :  1.32296e-05 Reference value :  1.32296e-05 Reference value :  1.32296e-05 Reference value :  1.32296e-05 Reference value :  1.32296e-05 Reference value :  1.32296e-05 Reference value :  1.32300e-05 Reference value :  1.32309e-05 Reference value :  1.32311e-05 Reference value :  1.32312e-05 Reference value :  1.32313e-05 Reference value :  1.32314e-05 Reference value :  1.32314e-05 Reference value :  1.32314e-05 Reference value :  1.32314e-05 Reference value :  1.32315e-05 Reference value :  1.32315e-05 Reference value :  1.32315e-05 Reference value :  1.32317e-05 Reference value :  1.32318e-05 Reference value :  1.32318e-05 Reference value :  1.32318e-05 Reference value :  1.32320e-05 Reference value :  1.32322e-05 Reference value :  1.32323e-05 Reference value :  1.32323e-05 Reference value :  1.32323e-05 Reference value :  1.32323e-05 Reference value :  1.32323e-05 Reference value :  1.32323e-05 Reference value :  1.32324e-05 Reference value :  1.32328e-05 Reference value :  1.32328e-05 Reference value :  1.32329e-05 Reference value :  1.32330e-05 Reference value :  1.32331e-05 Reference value :  1.32332e-05 Reference value :  1.32332e-05 Reference value :  1.32332e-05 Reference value :  1.32332e-05 Reference value :  1.32332e-05 Reference value :  1.32333e-05 Reference value :  1.32334e-05 Reference value :  1.32334e-05 Reference value :  1.32334e-05 Reference value :  1.32334e-05 Reference value :  1.32335e-05 Reference value :  1.32335e-05 Reference value :  1.32337e-05 Reference value :  1.32338e-05 Reference value :  1.32339e-05 Reference value :  1.32339e-05 Reference value :  1.32361e-05 Reference value :  1.32361e-05 Reference value :  1.32362e-05 Reference value :  1.32362e-05 Reference value :  1.32362e-05 Reference value :  1.32362e-05 Reference value :  1.32362e-05 Reference value :  1.32363e-05 Reference value :  1.32363e-05 Reference value :  1.32363e-05 Reference value :  1.32363e-05 Reference value :  1.32365e-05 Reference value :  1.32366e-05 Reference value :  1.32373e-05 Reference value :  1.32374e-05 Reference value :  1.32379e-05 Reference value :  1.32380e-05 Reference value :  1.32381e-05 Reference value :  1.32381e-05 Reference value :  1.32381e-05 Reference value :  1.32381e-05 Reference value :  1.32381e-05 Reference value :  1.32385e-05 Reference value :  1.32385e-05 Reference value :  1.32387e-05 Reference value :  1.32390e-05 Reference value :  1.32390e-05 Reference value :  1.32392e-05 Reference value :  1.32392e-05 Reference value :  1.32395e-05 Reference value :  1.32395e-05 Reference value :  1.32395e-05 Reference value :  1.32396e-05 Reference value :  1.32397e-05 Reference value :  1.32397e-05 Reference value :  1.32397e-05 Reference value :  1.32397e-05 Reference value :  1.32398e-05 Reference value :  1.32398e-05 Reference value :  1.32398e-05 Reference value :  1.32398e-05 Reference value :  1.32398e-05 Reference value :  1.32398e-05 Reference value :  1.32398e-05 Reference value :  1.32398e-05 Reference value :  1.32399e-05 Reference value :  1.32399e-05 Reference value :  1.32399e-05 Reference value :  1.32401e-05 Reference value :  1.32401e-05 Reference value :  1.32402e-05 Reference value :  1.32402e-05 Reference value :  1.32403e-05 Reference value :  1.32403e-05 Reference value :  1.32403e-05 Reference value :  1.32403e-05 Reference value :  1.32404e-05 Reference value :  1.32404e-05 Reference value :  1.32410e-05 Reference value :  1.32411e-05 Reference value :  1.32411e-05 Reference value :  1.32414e-05 Reference value :  1.32414e-05 Reference value :  1.32415e-05 Reference value :  1.32415e-05 Reference value :  1.32415e-05 Reference value :  1.32415e-05 Reference value :  1.32416e-05 Reference value :  1.32424e-05 Reference value :  1.32430e-05 Reference value :  1.32430e-05 Reference value :  1.32430e-05 Reference value :  1.32431e-05 Reference value :  1.32431e-05 Reference value :  1.32431e-05 Reference value :  1.32431e-05 Reference value :  1.32432e-05 Reference value :  1.32433e-05 Reference value :  1.32433e-05 Reference value :  1.32434e-05 Reference value :  1.32435e-05 Reference value :  1.32435e-05 Reference value :  1.32435e-05 Reference value :  1.32435e-05 Reference value :  1.32435e-05 Reference value :  1.32435e-05 Reference value :  1.32437e-05 Reference value :  1.32438e-05 Reference value :  1.32438e-05 Reference value :  1.32438e-05 Reference value :  1.32438e-05 Reference value :  1.32438e-05 Reference value :  1.32440e-05 Reference value :  1.32443e-05 Reference value :  1.32444e-05 Reference value :  1.32444e-05 Reference value :  1.32444e-05 Reference value :  1.32444e-05 Reference value :  1.32446e-05 Reference value :  1.32452e-05 Reference value :  1.32454e-05 Reference value :  1.32454e-05 Reference value :  1.32454e-05 Reference value :  1.32454e-05 Reference value :  1.32454e-05 Reference value :  1.32455e-05 Reference value :  1.32457e-05 Reference value :  1.32457e-05 Reference value :  1.32457e-05 Reference value :  1.32460e-05 Reference value :  1.32461e-05 Reference value :  1.32461e-05 Reference value :  1.32461e-05 Reference value :  1.32462e-05 Reference value :  1.32462e-05 Reference value :  1.32462e-05 Reference value :  1.32463e-05 Reference value :  1.32464e-05 Reference value :  1.32464e-05 Reference value :  1.32466e-05 Reference value :  1.32487e-05 Reference value :  1.32488e-05 Reference value :  1.32488e-05 Reference value :  1.32488e-05 Reference value :  1.32488e-05 Reference value :  1.32489e-05 Reference value :  1.32490e-05 Reference value :  1.32490e-05 Reference value :  1.32494e-05 Reference value :  1.32506e-05 Reference value :  1.32507e-05 Reference value :  1.32507e-05 Reference value :  1.32508e-05 Reference value :  1.32509e-05 Reference value :  1.32509e-05 Reference value :  1.32509e-05 Reference value :  1.32509e-05 Reference value :  1.32510e-05 Reference value :  1.32510e-05 Reference value :  1.32510e-05 Reference value :  1.32511e-05 Reference value :  1.32532e-05 Reference value :  1.32549e-05 Reference value :  1.32561e-05 Reference value :  1.32561e-05 Reference value :  1.32574e-05 Reference value :  1.32574e-05 Reference value :  1.32574e-05 Reference value :  1.32574e-05 Reference value :  1.32575e-05 Reference value :  1.32575e-05 Reference value :  1.32575e-05 Reference value :  1.32575e-05 Reference value :  1.32575e-05 Reference value :  1.32575e-05 Reference value :  1.32576e-05 Reference value :  1.32576e-05 Reference value :  1.32577e-05 Reference value :  1.32577e-05 Reference value :  1.32578e-05 Reference value :  1.32582e-05 Reference value :  1.32583e-05 Reference value :  1.32583e-05 Reference value :  1.32583e-05 Reference value :  1.32583e-05 Reference value :  1.32583e-05 Reference value :  1.32583e-05 Reference value :  1.32597e-05 Reference value :  1.32597e-05 Reference value :  1.32598e-05 Reference value :  1.32599e-05 Reference value :  1.32600e-05 Reference value :  1.32604e-05 Reference value :  1.32604e-05 Reference value :  1.32604e-05 Reference value :  1.32604e-05 Reference value :  1.32604e-05 Reference value :  1.32614e-05 Reference value :  1.32614e-05 Reference value :  1.32615e-05 Reference value :  1.32616e-05 Reference value :  1.32616e-05 Reference value :  1.32617e-05 Reference value :  1.32617e-05 Reference value :  1.32617e-05 Reference value :  1.32617e-05 Reference value :  1.32617e-05 Reference value :  1.32658e-05 Reference value :  1.32719e-05 Reference value :  1.32719e-05 Reference value :  1.32720e-05 Reference value :  1.32720e-05 Reference value :  1.32721e-05 Reference value :  1.32723e-05 Reference value :  1.32725e-05 Reference value :  1.32725e-05 Reference value :  1.32725e-05 Reference value :  1.32725e-05 Reference value :  1.32725e-05 Reference value :  1.32728e-05 Reference value :  1.32730e-05 Reference value :  1.32730e-05 Reference value :  1.32737e-05 Reference value :  1.32739e-05 Reference value :  1.32770e-05 Reference value :  1.32771e-05 Reference value :  1.32771e-05 Reference value :  1.32771e-05 Reference value :  1.32775e-05 Reference value :  1.32776e-05 Reference value :  1.32776e-05 Reference value :  1.32778e-05 Reference value :  1.32782e-05 Reference value :  1.32798e-05 Reference value :  1.32801e-05 Reference value :  1.32802e-05 Reference value :  1.32802e-05 Reference value :  1.32802e-05 Reference value :  1.32802e-05 Reference value :  1.32802e-05 Reference value :  1.32803e-05 Reference value :  1.32803e-05 Reference value :  1.32803e-05 Reference value :  1.32804e-05 Reference value :  1.32804e-05 Reference value :  1.32805e-05 Reference value :  1.32807e-05 Reference value :  1.32807e-05 Reference value :  1.32808e-05 Reference value :  1.32846e-05 Reference value :  1.32847e-05 Reference value :  1.32847e-05 Reference value :  1.32847e-05 Reference value :  1.32847e-05 Reference value :  1.32847e-05 Reference value :  1.32848e-05 Reference value :  1.32848e-05 Reference value :  1.32848e-05 Reference value :  1.32901e-05 Reference value :  1.32906e-05 Reference value :  1.32906e-05 Reference value :  1.32906e-05 Reference value :  1.32907e-05 Reference value :  1.32911e-05 Reference value :  1.32911e-05 Reference value :  1.32912e-05 Reference value :  1.32912e-05 Reference value :  1.32923e-05 Reference value :  1.32923e-05 Reference value :  1.32923e-05 Reference value :  1.32923e-05 Reference value :  1.32930e-05 Reference value :  1.32939e-05 Reference value :  1.32939e-05 Reference value :  1.32943e-05 Reference value :  1.32944e-05 Reference value :  1.32944e-05 Reference value :  1.32945e-05 Reference value :  1.32945e-05 Reference value :  1.32945e-05 Reference value :  1.32946e-05 Reference value :  1.32980e-05 Reference value :  1.32981e-05 Reference value :  1.32981e-05 Reference value :  1.32987e-05 Reference value :  1.32998e-05 Reference value :  1.32998e-05 Reference value :  1.32998e-05 Reference value :  1.32998e-05 Reference value :  1.32998e-05 Reference value :  1.32998e-05 Reference value :  1.32998e-05 Reference value :  1.32998e-05 Reference value :  1.32999e-05 Reference value :  1.33000e-05 Reference value :  1.33000e-05 Reference value :  1.33000e-05 Reference value :  1.33000e-05 Reference value :  1.33002e-05 Reference value :  1.33002e-05 Reference value :  1.33002e-05 Reference value :  1.33002e-05 Reference value :  1.33002e-05 Reference value :  1.33005e-05 Reference value :  1.33005e-05 Reference value :  1.33005e-05 Reference value :  1.33005e-05 Reference value :  1.33007e-05 Reference value :  1.33008e-05 Reference value :  1.33008e-05 Reference value :  1.33010e-05 Reference value :  1.33011e-05 Reference value :  1.33011e-05 Reference value :  1.33011e-05 Reference value :  1.33011e-05 Reference value :  1.33012e-05 Reference value :  1.33012e-05 Reference value :  1.33013e-05 Reference value :  1.33013e-05 Reference value :  1.33013e-05 Reference value :  1.33014e-05 Reference value :  1.33014e-05 Reference value :  1.33015e-05 Reference value :  1.33024e-05 Reference value :  1.33024e-05 Reference value :  1.33025e-05 Reference value :  1.33025e-05 Reference value :  1.33026e-05 Reference value :  1.33026e-05 Reference value :  1.33026e-05 Reference value :  1.33030e-05 Reference value :  1.33030e-05 Reference value :  1.33030e-05 Reference value :  1.33033e-05 Reference value :  1.33040e-05 Reference value :  1.33040e-05 Reference value :  1.33040e-05 Reference value :  1.33040e-05 Reference value :  1.33040e-05 Reference value :  1.33042e-05 Reference value :  1.33043e-05 Reference value :  1.33043e-05 Reference value :  1.33043e-05 Reference value :  1.33053e-05 Reference value :  1.33054e-05 Reference value :  1.33054e-05 Reference value :  1.33054e-05 Reference value :  1.33054e-05 Reference value :  1.33054e-05 Reference value :  1.33055e-05 Reference value :  1.33055e-05 Reference value :  1.33055e-05 Reference value :  1.33057e-05 Reference value :  1.33057e-05 Reference value :  1.33057e-05 Reference value :  1.33058e-05 Reference value :  1.33058e-05 Reference value :  1.33058e-05 Reference value :  1.33060e-05 Reference value :  1.33060e-05 Reference value :  1.33061e-05 Reference value :  1.33062e-05 Reference value :  1.33066e-05 Reference value :  1.33069e-05 Reference value :  1.33069e-05 Reference value :  1.33069e-05 Reference value :  1.33069e-05 Reference value :  1.33070e-05 Reference value :  1.33070e-05 Reference value :  1.33070e-05 Reference value :  1.33071e-05 Reference value :  1.33074e-05 Reference value :  1.33080e-05 Reference value :  1.33080e-05 Reference value :  1.33081e-05 Reference value :  1.33081e-05 Reference value :  1.33082e-05 Reference value :  1.33083e-05 Reference value :  1.33083e-05 Reference value :  1.33084e-05 Reference value :  1.33086e-05 Reference value :  1.33087e-05 Reference value :  1.33090e-05 Reference value :  1.33090e-05 Reference value :  1.33090e-05 Reference value :  1.33091e-05 Reference value :  1.33091e-05 Reference value :  1.33091e-05 Reference value :  1.33100e-05 Reference value :  1.33101e-05 Reference value :  1.33101e-05 Reference value :  1.33101e-05 Reference value :  1.33102e-05 Reference value :  1.33102e-05 Reference value :  1.33103e-05 Reference value :  1.33103e-05 Reference value :  1.33103e-05 Reference value :  1.33109e-05 Reference value :  1.33109e-05 Reference value :  1.33109e-05 Reference value :  1.33109e-05 Reference value :  1.33109e-05 Reference value :  1.33110e-05 Reference value :  1.33111e-05 Reference value :  1.33111e-05 Reference value :  1.33111e-05 Reference value :  1.33114e-05 Reference value :  1.33114e-05 Reference value :  1.33114e-05 Reference value :  1.33115e-05 Reference value :  1.33123e-05 Reference value :  1.33125e-05 Reference value :  1.33125e-05 Reference value :  1.33126e-05 Reference value :  1.33126e-05 Reference value :  1.33129e-05 Reference value :  1.33130e-05 Reference value :  1.33130e-05 Reference value :  1.33130e-05 Reference value :  1.33131e-05 Reference value :  1.33132e-05 Reference value :  1.33132e-05 Reference value :  1.33132e-05 Reference value :  1.33132e-05 Reference value :  1.33136e-05 Reference value :  1.33151e-05 Reference value :  1.33167e-05 Reference value :  1.33168e-05 Reference value :  1.33168e-05 Reference value :  1.33168e-05 Reference value :  1.33168e-05 Reference value :  1.33169e-05 Reference value :  1.33170e-05 Reference value :  1.33171e-05 Reference value :  1.33171e-05 Reference value :  1.33171e-05 Reference value :  1.33171e-05 Reference value :  1.33174e-05 Reference value :  1.33176e-05 Reference value :  1.33176e-05 Reference value :  1.33177e-05 Reference value :  1.33178e-05 Reference value :  1.33178e-05 Reference value :  1.33178e-05 Reference value :  1.33178e-05 Reference value :  1.33178e-05 Reference value :  1.33178e-05 Reference value :  1.33178e-05 Reference value :  1.33180e-05 Reference value :  1.33182e-05 Reference value :  1.33182e-05 Reference value :  1.33183e-05 Reference value :  1.33183e-05 Reference value :  1.33183e-05 Reference value :  1.33184e-05 Reference value :  1.33185e-05 Reference value :  1.33185e-05 Reference value :  1.33186e-05 Reference value :  1.33186e-05 Reference value :  1.33187e-05 Reference value :  1.33191e-05 Reference value :  1.33191e-05 Reference value :  1.33191e-05 Reference value :  1.33191e-05 Reference value :  1.33191e-05 Reference value :  1.33191e-05 Reference value :  1.33192e-05 Reference value :  1.33192e-05 Reference value :  1.33194e-05 Reference value :  1.33196e-05 Reference value :  1.33196e-05 Reference value :  1.33196e-05 Reference value :  1.33196e-05 Reference value :  1.33197e-05 Reference value :  1.33197e-05 Reference value :  1.33197e-05 Reference value :  1.33198e-05 Reference value :  1.33198e-05 Reference value :  1.33200e-05 Reference value :  1.33219e-05 Reference value :  1.33219e-05 Reference value :  1.33220e-05 Reference value :  1.33221e-05 Reference value :  1.33223e-05 Reference value :  1.33223e-05 Reference value :  1.33223e-05 Reference value :  1.33223e-05 Reference value :  1.33224e-05 Reference value :  1.33224e-05 Reference value :  1.33228e-05 Reference value :  1.33231e-05 Reference value :  1.33231e-05 Reference value :  1.33232e-05 Reference value :  1.33232e-05 Reference value :  1.33234e-05 Reference value :  1.33234e-05 Reference value :  1.33234e-05 Reference value :  1.33234e-05 Reference value :  1.33235e-05 Reference value :  1.33236e-05 Reference value :  1.33237e-05 Reference value :  1.33241e-05 Reference value :  1.33241e-05 Reference value :  1.33242e-05 Reference value :  1.33242e-05 Reference value :  1.33244e-05 Reference value :  1.33245e-05 Reference value :  1.33245e-05 Reference value :  1.33245e-05 Reference value :  1.33245e-05 Reference value :  1.33247e-05 Reference value :  1.33249e-05 Reference value :  1.33250e-05 Reference value :  1.33250e-05 Reference value :  1.33250e-05 Reference value :  1.33251e-05 Reference value :  1.33251e-05 Reference value :  1.33251e-05 Reference value :  1.33251e-05 Reference value :  1.33251e-05 Reference value :  1.33252e-05 Reference value :  1.33252e-05 Reference value :  1.33253e-05 Reference value :  1.33253e-05 Reference value :  1.33253e-05 Reference value :  1.33258e-05 Reference value :  1.33258e-05 Reference value :  1.33258e-05 Reference value :  1.33258e-05 Reference value :  1.33258e-05 Reference value :  1.33258e-05 Reference value :  1.33258e-05 Reference value :  1.33258e-05 Reference value :  1.33258e-05 Reference value :  1.33258e-05 Reference value :  1.33259e-05 Reference value :  1.33261e-05 Reference value :  1.33261e-05 Reference value :  1.33261e-05 Reference value :  1.33262e-05 Reference value :  1.33263e-05 Reference value :  1.33263e-05 Reference value :  1.33263e-05 Reference value :  1.33273e-05 Reference value :  1.33275e-05 Reference value :  1.33275e-05 Reference value :  1.33275e-05 Reference value :  1.33275e-05 Reference value :  1.33275e-05 Reference value :  1.33276e-05 Reference value :  1.33279e-05 Reference value :  1.33279e-05 Reference value :  1.33279e-05 Reference value :  1.33281e-05 Reference value :  1.33282e-05 Reference value :  1.33282e-05 Reference value :  1.33282e-05 Reference value :  1.33285e-05 Reference value :  1.33285e-05 Reference value :  1.33285e-05 Reference value :  1.33285e-05 Reference value :  1.33285e-05 Reference value :  1.33286e-05 Reference value :  1.33286e-05 Reference value :  1.33287e-05 Reference value :  1.33287e-05 Reference value :  1.33288e-05 Reference value :  1.33292e-05 Reference value :  1.33293e-05 Reference value :  1.33294e-05 Reference value :  1.33296e-05 Reference value :  1.33297e-05 Reference value :  1.33300e-05 Reference value :  1.33300e-05 Reference value :  1.33303e-05 Reference value :  1.33303e-05 Reference value :  1.33303e-05 Reference value :  1.33304e-05 Reference value :  1.33304e-05 Reference value :  1.33308e-05 Reference value :  1.33308e-05 Reference value :  1.33309e-05 Reference value :  1.33309e-05 Reference value :  1.33312e-05 Reference value :  1.33312e-05 Reference value :  1.33312e-05 Reference value :  1.33312e-05 Reference value :  1.33312e-05 Reference value :  1.33312e-05 Reference value :  1.33320e-05 Reference value :  1.33580e-05 Reference value :  1.33581e-05 Reference value :  1.33581e-05 Reference value :  1.33649e-05 Reference value :  1.33652e-05 Reference value :  1.33652e-05 Reference value :  1.33652e-05 Reference value :  1.33652e-05 Reference value :  1.33653e-05 Reference value :  1.33653e-05 Reference value :  1.33653e-05 Reference value :  1.33653e-05 Reference value :  1.33655e-05 Reference value :  1.33655e-05 Reference value :  1.33656e-05 Reference value :  1.33656e-05 Reference value :  1.33656e-05 Reference value :  1.33656e-05 Reference value :  1.33657e-05 Reference value :  1.33657e-05 Reference value :  1.33657e-05 Reference value :  1.33657e-05 Reference value :  1.33658e-05 Reference value :  1.33658e-05 Reference value :  1.33658e-05 Reference value :  1.33659e-05 Reference value :  1.33664e-05 Reference value :  1.33664e-05 Reference value :  1.33665e-05 Reference value :  1.33665e-05 Reference value :  1.33665e-05 Reference value :  1.33665e-05 Reference value :  1.33665e-05 Reference value :  1.33665e-05 Reference value :  1.33666e-05 Reference value :  1.33669e-05 Reference value :  1.33680e-05 Reference value :  1.33680e-05 Reference value :  1.33684e-05 Reference value :  1.33685e-05 Reference value :  1.33685e-05 Reference value :  1.33685e-05 Reference value :  1.33694e-05 Reference value :  1.33694e-05 Reference value :  1.33695e-05 Reference value :  1.33695e-05 Reference value :  1.33695e-05 Reference value :  1.33695e-05 Reference value :  1.33696e-05 Reference value :  1.33700e-05 Reference value :  1.33701e-05 Reference value :  1.33701e-05 Reference value :  1.33701e-05 Reference value :  1.33701e-05 Reference value :  1.33702e-05 Reference value :  1.33702e-05 Reference value :  1.33705e-05 Reference value :  1.33707e-05 Reference value :  1.33707e-05 Reference value :  1.33707e-05 Reference value :  1.33709e-05 Reference value :  1.33717e-05 Reference value :  1.33717e-05 Reference value :  1.33717e-05 Reference value :  1.33718e-05 Reference value :  1.33718e-05 Reference value :  1.33718e-05 Reference value :  1.33719e-05 Reference value :  1.33722e-05 Reference value :  1.33725e-05 Reference value :  1.33726e-05 Reference value :  1.33726e-05 Reference value :  1.33726e-05 Reference value :  1.33726e-05 Reference value :  1.33726e-05 Reference value :  1.33726e-05 Reference value :  1.33726e-05 Reference value :  1.33726e-05 Reference value :  1.33726e-05 Reference value :  1.33727e-05 Reference value :  1.33728e-05 Reference value :  1.33728e-05 Reference value :  1.33728e-05 Reference value :  1.33731e-05 Reference value :  1.33731e-05 Reference value :  1.33731e-05 Reference value :  1.33733e-05 Reference value :  1.33736e-05 Reference value :  1.33737e-05 Reference value :  1.33737e-05 Reference value :  1.33737e-05 Reference value :  1.33739e-05 Reference value :  1.33741e-05 Reference value :  1.33741e-05 Reference value :  1.33742e-05 Reference value :  1.33742e-05 Reference value :  1.33742e-05 Reference value :  1.33742e-05 Reference value :  1.33742e-05 Reference value :  1.33745e-05 Reference value :  1.33755e-05 Reference value :  1.33756e-05 Reference value :  1.33757e-05 Reference value :  1.33757e-05 Reference value :  1.33759e-05 Reference value :  1.33759e-05 Reference value :  1.33759e-05 Reference value :  1.33759e-05 Reference value :  1.33760e-05 Reference value :  1.33761e-05 Reference value :  1.33762e-05 Reference value :  1.33762e-05 Reference value :  1.33762e-05 Reference value :  1.33763e-05 Reference value :  1.33763e-05 Reference value :  1.33764e-05 Reference value :  1.33764e-05 Reference value :  1.33765e-05 Reference value :  1.33765e-05 Reference value :  1.33765e-05 Reference value :  1.34000e-05 Reference value :  1.34006e-05 Reference value :  1.34007e-05 Reference value :  1.34007e-05 Reference value :  1.34008e-05 Reference value :  1.34008e-05 Reference value :  1.34008e-05 Reference value :  1.34016e-05 Reference value :  1.34016e-05 Reference value :  1.34016e-05 Reference value :  1.34016e-05 Reference value :  1.34018e-05 Reference value :  1.34021e-05 Reference value :  1.34021e-05 Reference value :  1.34021e-05 Reference value :  1.34021e-05 Reference value :  1.34021e-05 Reference value :  1.34021e-05 Reference value :  1.34022e-05 Reference value :  1.34024e-05 Reference value :  1.34025e-05 Reference value :  1.34027e-05 Reference value :  1.34030e-05 Reference value :  1.34030e-05 Reference value :  1.34030e-05 Reference value :  1.34032e-05 Reference value :  1.34033e-05 Reference value :  1.34033e-05 Reference value :  1.34033e-05 Reference value :  1.34033e-05 Reference value :  1.34033e-05 Reference value :  1.34033e-05 Reference value :  1.34034e-05 Reference value :  1.34034e-05 Reference value :  1.34038e-05 Reference value :  1.34038e-05 Reference value :  1.34038e-05 Reference value :  1.34038e-05 Reference value :  1.34038e-05 Reference value :  1.34039e-05 Reference value :  1.34039e-05 Reference value :  1.34039e-05 Reference value :  1.34039e-05 Reference value :  1.34039e-05 Reference value :  1.34040e-05 Reference value :  1.34040e-05 Reference value :  1.34040e-05 Reference value :  1.34040e-05 Reference value :  1.34041e-05 Reference value :  1.34041e-05 Reference value :  1.34041e-05 Reference value :  1.34042e-05 Reference value :  1.34044e-05 Reference value :  1.34053e-05 Reference value :  1.34053e-05 Reference value :  1.34054e-05 Reference value :  1.34054e-05 Reference value :  1.34054e-05 Reference value :  1.34054e-05 Reference value :  1.34054e-05 Reference value :  1.34054e-05 Reference value :  1.34054e-05 Reference value :  1.34054e-05 Reference value :  1.34055e-05 Reference value :  1.34055e-05 Reference value :  1.34055e-05 Reference value :  1.34055e-05 Reference value :  1.34055e-05 Reference value :  1.34055e-05 Reference value :  1.34055e-05 Reference value :  1.34056e-05 Reference value :  1.34056e-05 Reference value :  1.34057e-05 Reference value :  1.34057e-05 Reference value :  1.34057e-05 Reference value :  1.34058e-05 Reference value :  1.34058e-05 Reference value :  1.34059e-05 Reference value :  1.34059e-05 Reference value :  1.34060e-05 Reference value :  1.34060e-05 Reference value :  1.34060e-05 Reference value :  1.34060e-05 Reference value :  1.34061e-05 Reference value :  1.34064e-05 Reference value :  1.34064e-05 Reference value :  1.34065e-05 Reference value :  1.34065e-05 Reference value :  1.34067e-05 Reference value :  1.34068e-05 Reference value :  1.34068e-05 Reference value :  1.34068e-05 Reference value :  1.34069e-05 Reference value :  1.34069e-05 Reference value :  1.34069e-05 Reference value :  1.34069e-05 Reference value :  1.34069e-05 Reference value :  1.34070e-05 Reference value :  1.34070e-05 Reference value :  1.34071e-05 Reference value :  1.34071e-05 Reference value :  1.34071e-05 Reference value :  1.34071e-05 Reference value :  1.34071e-05 Reference value :  1.34071e-05 Reference value :  1.34073e-05 Reference value :  1.34073e-05 Reference value :  1.34074e-05 Reference value :  1.34075e-05 Reference value :  1.34075e-05 Reference value :  1.34075e-05 Reference value :  1.34075e-05 Reference value :  1.34075e-05 Reference value :  1.34076e-05 Reference value :  1.34077e-05 Reference value :  1.34078e-05 Reference value :  1.34079e-05 Reference value :  1.34080e-05 Reference value :  1.34080e-05 Reference value :  1.34080e-05 Reference value :  1.34080e-05 Reference value :  1.34080e-05 Reference value :  1.34086e-05 Reference value :  1.34086e-05 Reference value :  1.34086e-05 Reference value :  1.34086e-05 Reference value :  1.34087e-05 Reference value :  1.34090e-05 Reference value :  1.34090e-05 Reference value :  1.34092e-05 Reference value :  1.34094e-05 Reference value :  1.34094e-05 Reference value :  1.34096e-05 Reference value :  1.34103e-05 Reference value :  1.34106e-05 Reference value :  1.34106e-05 Reference value :  1.34106e-05 Reference value :  1.34106e-05 Reference value :  1.34109e-05 Reference value :  1.34111e-05 Reference value :  1.34113e-05 Reference value :  1.34113e-05 Reference value :  1.34113e-05 Reference value :  1.34114e-05 Reference value :  1.34114e-05 Reference value :  1.34114e-05 Reference value :  1.34114e-05 Reference value :  1.34114e-05 Reference value :  1.34114e-05 Reference value :  1.34114e-05 Reference value :  1.34114e-05 Reference value :  1.34115e-05 Reference value :  1.34115e-05 Reference value :  1.34115e-05 Reference value :  1.34118e-05 Reference value :  1.34118e-05 Reference value :  1.34118e-05 Reference value :  1.34118e-05 Reference value :  1.34118e-05 Reference value :  1.34124e-05 Reference value :  1.34126e-05 Reference value :  1.34126e-05 Reference value :  1.34126e-05 Reference value :  1.34128e-05 Reference value :  1.34131e-05 Reference value :  1.34131e-05 Reference value :  1.34131e-05 Reference value :  1.34132e-05 Reference value :  1.34132e-05 Reference value :  1.34132e-05 Reference value :  1.34132e-05 Reference value :  1.34134e-05 Reference value :  1.34136e-05 Reference value :  1.34136e-05 Reference value :  1.34136e-05 Reference value :  1.34136e-05 Reference value :  1.34136e-05 Reference value :  1.34136e-05 Reference value :  1.34137e-05 Reference value :  1.34138e-05 Reference value :  1.34140e-05 Reference value :  1.34140e-05 Reference value :  1.34140e-05 Reference value :  1.34140e-05 Reference value :  1.34140e-05 Reference value :  1.34141e-05 Reference value :  1.34141e-05 Reference value :  1.34141e-05 Reference value :  1.34142e-05 Reference value :  1.34142e-05 Reference value :  1.34142e-05 Reference value :  1.34142e-05 Reference value :  1.34144e-05 Reference value :  1.34147e-05 Reference value :  1.34147e-05 Reference value :  1.34147e-05 Reference value :  1.34147e-05 Reference value :  1.34150e-05 Reference value :  1.34150e-05 Reference value :  1.34157e-05 Reference value :  1.34158e-05 Reference value :  1.34158e-05 Reference value :  1.34167e-05 Reference value :  1.34167e-05 Reference value :  1.34168e-05 Reference value :  1.34169e-05 Reference value :  1.34169e-05 Reference value :  1.34169e-05 Reference value :  1.34169e-05 Reference value :  1.34170e-05 Reference value :  1.34171e-05 Reference value :  1.34176e-05 Reference value :  1.34176e-05 Reference value :  1.34176e-05 Reference value :  1.34177e-05 Reference value :  1.34177e-05 Reference value :  1.34177e-05 Reference value :  1.34179e-05 Reference value :  1.34179e-05 Reference value :  1.34179e-05 Reference value :  1.34179e-05 Reference value :  1.34179e-05 Reference value :  1.34179e-05 Reference value :  1.34179e-05 Reference value :  1.34180e-05 Reference value :  1.34181e-05 Reference value :  1.34184e-05 Reference value :  1.34188e-05 Reference value :  1.34189e-05 Reference value :  1.34189e-05 Reference value :  1.34189e-05 Reference value :  1.34189e-05 Reference value :  1.34189e-05 Reference value :  1.34189e-05 Reference value :  1.34189e-05 Reference value :  1.34189e-05 Reference value :  1.34192e-05 Reference value :  1.34192e-05 Reference value :  1.34192e-05 Reference value :  1.34192e-05 Reference value :  1.34193e-05 Reference value :  1.34193e-05 Reference value :  1.34193e-05 Reference value :  1.34193e-05 Reference value :  1.34194e-05 Reference value :  1.34194e-05 Reference value :  1.34194e-05 Reference value :  1.34194e-05 Reference value :  1.34195e-05 Reference value :  1.34195e-05 Reference value :  1.34195e-05 Reference value :  1.34195e-05 Reference value :  1.34202e-05 Reference value :  1.34205e-05 Reference value :  1.34207e-05 Reference value :  1.34210e-05 Reference value :  1.34210e-05 Reference value :  1.34210e-05 Reference value :  1.34210e-05 Reference value :  1.34210e-05 Reference value :  1.34210e-05 Reference value :  1.34210e-05 Reference value :  1.34210e-05 Reference value :  1.34210e-05 Reference value :  1.34211e-05 Reference value :  1.34216e-05 Reference value :  1.34216e-05 Reference value :  1.34217e-05 Reference value :  1.34217e-05 Reference value :  1.34217e-05 Reference value :  1.34217e-05 Reference value :  1.34217e-05 Reference value :  1.34217e-05 Reference value :  1.34217e-05 Reference value :  1.34218e-05 Reference value :  1.34219e-05 Reference value :  1.34220e-05 Reference value :  1.34221e-05 Reference value :  1.34222e-05 Reference value :  1.34223e-05 Reference value :  1.34225e-05 Reference value :  1.34225e-05 Reference value :  1.34225e-05 Reference value :  1.34225e-05 Reference value :  1.34226e-05 Reference value :  1.34232e-05 Reference value :  1.34232e-05 Reference value :  1.34235e-05 Reference value :  1.34236e-05 Reference value :  1.34237e-05 Reference value :  1.34238e-05 Reference value :  1.34238e-05 Reference value :  1.34238e-05 Reference value :  1.34238e-05 Reference value :  1.34239e-05 Reference value :  1.34240e-05 Reference value :  1.34241e-05 Reference value :  1.34241e-05 Reference value :  1.34241e-05 Reference value :  1.34245e-05 Reference value :  1.34245e-05 Reference value :  1.34245e-05 Reference value :  1.34245e-05 Reference value :  1.34245e-05 Reference value :  1.34245e-05 Reference value :  1.34246e-05 Reference value :  1.34247e-05 Reference value :  1.34248e-05 Reference value :  1.34248e-05 Reference value :  1.34248e-05 Reference value :  1.34248e-05 Reference value :  1.34248e-05 Reference value :  1.34249e-05 Reference value :  1.34250e-05 Reference value :  1.34250e-05 Reference value :  1.34250e-05 Reference value :  1.34250e-05 Reference value :  1.34250e-05 Reference value :  1.34250e-05 Reference value :  1.34250e-05 Reference value :  1.34250e-05 Reference value :  1.34253e-05 Reference value :  1.34254e-05 Reference value :  1.34254e-05 Reference value :  1.34254e-05 Reference value :  1.34254e-05 Reference value :  1.34255e-05 Reference value :  1.34256e-05 Reference value :  1.34256e-05 Reference value :  1.34258e-05 Reference value :  1.34259e-05 Reference value :  1.34261e-05 Reference value :  1.34261e-05 Reference value :  1.34263e-05 Reference value :  1.34264e-05 Reference value :  1.34265e-05 Reference value :  1.34265e-05 Reference value :  1.34266e-05 Reference value :  1.34266e-05 Reference value :  1.34267e-05 Reference value :  1.34267e-05 Reference value :  1.34269e-05 Reference value :  1.34269e-05 Reference value :  1.34270e-05 Reference value :  1.34270e-05 Reference value :  1.34271e-05 Reference value :  1.34271e-05 Reference value :  1.34271e-05 Reference value :  1.34274e-05 Reference value :  1.34279e-05 Reference value :  1.34279e-05 Reference value :  1.34285e-05 Reference value :  1.34304e-05 Reference value :  1.34304e-05 Reference value :  1.34304e-05 Reference value :  1.34304e-05 Reference value :  1.34305e-05 Reference value :  1.34305e-05 Reference value :  1.34305e-05 Reference value :  1.34306e-05 Reference value :  1.34306e-05 Reference value :  1.34308e-05 Reference value :  1.34308e-05 Reference value :  1.34308e-05 Reference value :  1.34308e-05 Reference value :  1.34308e-05 Reference value :  1.34308e-05 Reference value :  1.34308e-05 Reference value :  1.34308e-05 Reference value :  1.34308e-05 Reference value :  1.34308e-05 Reference value :  1.34309e-05 Reference value :  1.34310e-05 Reference value :  1.34310e-05 Reference value :  1.34310e-05 Reference value :  1.34311e-05 Reference value :  1.34311e-05 Reference value :  1.34311e-05 Reference value :  1.34311e-05 Reference value :  1.34311e-05 Reference value :  1.34312e-05 Reference value :  1.34313e-05 Reference value :  1.34313e-05 Reference value :  1.34313e-05 Reference value :  1.34313e-05 Reference value :  1.34313e-05 Reference value :  1.34313e-05 Reference value :  1.34313e-05 Reference value :  1.34313e-05 Reference value :  1.34313e-05 Reference value :  1.34313e-05 Reference value :  1.34314e-05 Reference value :  1.34315e-05 Reference value :  1.34317e-05 Reference value :  1.34317e-05 Reference value :  1.34320e-05 Reference value :  1.34320e-05 Reference value :  1.34320e-05 Reference value :  1.34320e-05 Reference value :  1.34321e-05 Reference value :  1.34321e-05 Reference value :  1.34321e-05 Reference value :  1.34322e-05 Reference value :  1.34322e-05 Reference value :  1.34323e-05 Reference value :  1.34327e-05 Reference value :  1.34331e-05 Reference value :  1.34331e-05 Reference value :  1.34331e-05 Reference value :  1.34331e-05 Reference value :  1.34332e-05 Reference value :  1.34335e-05 Reference value :  1.34378e-05 Reference value :  1.34384e-05 Reference value :  1.34386e-05 Reference value :  1.34386e-05 Reference value :  1.34386e-05 Reference value :  1.34386e-05 Reference value :  1.34387e-05 Reference value :  1.34389e-05 Reference value :  1.34391e-05 Reference value :  1.34392e-05 Reference value :  1.34392e-05 Reference value :  1.34392e-05 Reference value :  1.34401e-05 Reference value :  1.34401e-05 Reference value :  1.34402e-05 Reference value :  1.34413e-05 Reference value :  1.34414e-05 Reference value :  1.34414e-05 Reference value :  1.34419e-05 Reference value :  1.34427e-05 Reference value :  1.34430e-05 Reference value :  1.34431e-05 Reference value :  1.34433e-05 Reference value :  1.34437e-05 Reference value :  1.34437e-05 Reference value :  1.34437e-05 Reference value :  1.34437e-05 Reference value :  1.34438e-05 Reference value :  1.34438e-05 Reference value :  1.34438e-05 Reference value :  1.34438e-05 Reference value :  1.34438e-05 Reference value :  1.34438e-05 Reference value :  1.34439e-05 Reference value :  1.34439e-05 Reference value :  1.34439e-05 Reference value :  1.34440e-05 Reference value :  1.34442e-05 Reference value :  1.34444e-05 Reference value :  1.34445e-05 Reference value :  1.34446e-05 Reference value :  1.34448e-05 Reference value :  1.34448e-05 Reference value :  1.34461e-05 Reference value :  1.34461e-05 Reference value :  1.34461e-05 Reference value :  1.34462e-05 Reference value :  1.34462e-05 Reference value :  1.34462e-05 Reference value :  1.34462e-05 Reference value :  1.34462e-05 Reference value :  1.34462e-05 Reference value :  1.34462e-05 Reference value :  1.34462e-05 Reference value :  1.34463e-05 Reference value :  1.34464e-05 Reference value :  1.34469e-05 Reference value :  1.34469e-05 Reference value :  1.34470e-05 Reference value :  1.34470e-05 Reference value :  1.34470e-05 Reference value :  1.34470e-05 Reference value :  1.34471e-05 Reference value :  1.34471e-05 Reference value :  1.34471e-05 Reference value :  1.34471e-05 Reference value :  1.34471e-05 Reference value :  1.34471e-05 Reference value :  1.34471e-05 Reference value :  1.34471e-05 Reference value :  1.34471e-05 Reference value :  1.34472e-05 Reference value :  1.34472e-05 Reference value :  1.34472e-05 Reference value :  1.34472e-05 Reference value :  1.34485e-05 Reference value :  1.34485e-05 Reference value :  1.34485e-05 Reference value :  1.34485e-05 Reference value :  1.34485e-05 Reference value :  1.34485e-05 Reference value :  1.34485e-05 Reference value :  1.34485e-05 Reference value :  1.34490e-05 Reference value :  1.34490e-05 Reference value :  1.34492e-05 Reference value :  1.34495e-05 Reference value :  1.34495e-05 Reference value :  1.34496e-05 Reference value :  1.34497e-05 Reference value :  1.34498e-05 Reference value :  1.34499e-05 Reference value :  1.34499e-05 Reference value :  1.34499e-05 Reference value :  1.34500e-05 Reference value :  1.34501e-05 Reference value :  1.34501e-05 Reference value :  1.34502e-05 Reference value :  1.34509e-05 Reference value :  1.34509e-05 Reference value :  1.34509e-05 Reference value :  1.34509e-05 Reference value :  1.34509e-05 Reference value :  1.34509e-05 Reference value :  1.34509e-05 Reference value :  1.34517e-05 Reference value :  1.34550e-05 Reference value :  1.34551e-05 Reference value :  1.34556e-05 Reference value :  1.34557e-05 Reference value :  1.34557e-05 Reference value :  1.34557e-05 Reference value :  1.34558e-05 Reference value :  1.34559e-05 Reference value :  1.34559e-05 Reference value :  1.34559e-05 Reference value :  1.34559e-05 Reference value :  1.34559e-05 Reference value :  1.34560e-05 Reference value :  1.34560e-05 Reference value :  1.34560e-05 Reference value :  1.34560e-05 Reference value :  1.34560e-05 Reference value :  1.34560e-05 Reference value :  1.34560e-05 Reference value :  1.34560e-05 Reference value :  1.34560e-05 Reference value :  1.34561e-05 Reference value :  1.34561e-05 Reference value :  1.34562e-05 Reference value :  1.34562e-05 Reference value :  1.34562e-05 Reference value :  1.34562e-05 Reference value :  1.34562e-05 Reference value :  1.34562e-05 Reference value :  1.34564e-05 Reference value :  1.34566e-05 Reference value :  1.34566e-05 Reference value :  1.34566e-05 Reference value :  1.34567e-05 Reference value :  1.34567e-05 Reference value :  1.34567e-05 Reference value :  1.34567e-05 Reference value :  1.34567e-05 Reference value :  1.34567e-05 Reference value :  1.34567e-05 Reference value :  1.34567e-05 Reference value :  1.34568e-05 Reference value :  1.34569e-05 Reference value :  1.34570e-05 Reference value :  1.34570e-05 Reference value :  1.34570e-05 Reference value :  1.34571e-05 Reference value :  1.34571e-05 Reference value :  1.34571e-05 Reference value :  1.34575e-05 Reference value :  1.34577e-05 Reference value :  1.34578e-05 Reference value :  1.34579e-05 Reference value :  1.34580e-05 Reference value :  1.34580e-05 Reference value :  1.34581e-05 Reference value :  1.34583e-05 Reference value :  1.34585e-05 Reference value :  1.34586e-05 Reference value :  1.34586e-05 Reference value :  1.34586e-05 Reference value :  1.34586e-05 Reference value :  1.34586e-05 Reference value :  1.34586e-05 Reference value :  1.34589e-05 Reference value :  1.34589e-05 Reference value :  1.34597e-05 Reference value :  1.34603e-05 Reference value :  1.34604e-05 Reference value :  1.34604e-05 Reference value :  1.34604e-05 Reference value :  1.34605e-05 Reference value :  1.34605e-05 Reference value :  1.34605e-05 Reference value :  1.34605e-05 Reference value :  1.34605e-05 Reference value :  1.34605e-05 Reference value :  1.34605e-05 Reference value :  1.34607e-05 Reference value :  1.34608e-05 Reference value :  1.34608e-05 Reference value :  1.34609e-05 Reference value :  1.34610e-05 Reference value :  1.34610e-05 Reference value :  1.34611e-05 Reference value :  1.34612e-05 Reference value :  1.34613e-05 Reference value :  1.34613e-05 Reference value :  1.34617e-05 Reference value :  1.34617e-05 Reference value :  1.34617e-05 Reference value :  1.34617e-05 Reference value :  1.34617e-05 Reference value :  1.34617e-05 Reference value :  1.34617e-05 Reference value :  1.34617e-05 Reference value :  1.34617e-05 Reference value :  1.34617e-05 Reference value :  1.34617e-05 Reference value :  1.34620e-05 Reference value :  1.34621e-05 Reference value :  1.34621e-05 Reference value :  1.34624e-05 Reference value :  1.34626e-05 Reference value :  1.34639e-05 Reference value :  1.34640e-05 Reference value :  1.34640e-05 Reference value :  1.34640e-05 Reference value :  1.34642e-05 Reference value :  1.34642e-05 Reference value :  1.34643e-05 Reference value :  1.34643e-05 Reference value :  1.34645e-05 Reference value :  1.34645e-05 Reference value :  1.34645e-05 Reference value :  1.34647e-05 Reference value :  1.34647e-05 Reference value :  1.34647e-05 Reference value :  1.34648e-05 Reference value :  1.34650e-05 Reference value :  1.34650e-05 Reference value :  1.34652e-05 Reference value :  1.34653e-05 Reference value :  1.34654e-05 Reference value :  1.34654e-05 Reference value :  1.34655e-05 Reference value :  1.34657e-05 Reference value :  1.34659e-05 Reference value :  1.34660e-05 Reference value :  1.34673e-05 Reference value :  1.34679e-05 Reference value :  1.34679e-05 Reference value :  1.34681e-05 Reference value :  1.34684e-05 Reference value :  1.34686e-05 Reference value :  1.34688e-05 Reference value :  1.34690e-05 Reference value :  1.34690e-05 Reference value :  1.34691e-05 Reference value :  1.34691e-05 Reference value :  1.34691e-05 Reference value :  1.34691e-05 Reference value :  1.34693e-05 Reference value :  1.34694e-05 Reference value :  1.34694e-05 Reference value :  1.34694e-05 Reference value :  1.34695e-05 Reference value :  1.34696e-05 Reference value :  1.34696e-05 Reference value :  1.34696e-05 Reference value :  1.34696e-05 Reference value :  1.34696e-05 Reference value :  1.34700e-05 Reference value :  1.34703e-05 Reference value :  1.34704e-05 Reference value :  1.34704e-05 Reference value :  1.34704e-05 Reference value :  1.34707e-05 Reference value :  1.34710e-05 Reference value :  1.34710e-05 Reference value :  1.34710e-05 Reference value :  1.34711e-05 Reference value :  1.34712e-05 Reference value :  1.34714e-05 Reference value :  1.34714e-05 Reference value :  1.34714e-05 Reference value :  1.34715e-05 Reference value :  1.34715e-05 Reference value :  1.34715e-05 Reference value :  1.34715e-05 Reference value :  1.34715e-05 Reference value :  1.34715e-05 Reference value :  1.34716e-05 Reference value :  1.34716e-05 Reference value :  1.34716e-05 Reference value :  1.34716e-05 Reference value :  1.34716e-05 Reference value :  1.34717e-05 Reference value :  1.34718e-05 Reference value :  1.34718e-05 Reference value :  1.34718e-05 Reference value :  1.34720e-05 Reference value :  1.34722e-05 Reference value :  1.34722e-05 Reference value :  1.34722e-05 Reference value :  1.34724e-05 Reference value :  1.34732e-05 Reference value :  1.34738e-05 Reference value :  1.34738e-05 Reference value :  1.34738e-05 Reference value :  1.34738e-05 Reference value :  1.34739e-05 Reference value :  1.34739e-05 Reference value :  1.34739e-05 Reference value :  1.34740e-05 Reference value :  1.34742e-05 Reference value :  1.34742e-05 Reference value :  1.34742e-05 Reference value :  1.34743e-05 Reference value :  1.34746e-05 Reference value :  1.34746e-05 Reference value :  1.34746e-05 Reference value :  1.34746e-05 Reference value :  1.34746e-05 Reference value :  1.34746e-05 Reference value :  1.34746e-05 Reference value :  1.34746e-05 Reference value :  1.34746e-05 Reference value :  1.34746e-05 Reference value :  1.34756e-05 Reference value :  1.34756e-05 Reference value :  1.34758e-05 Reference value :  1.34758e-05 Reference value :  1.34758e-05 Reference value :  1.34758e-05 Reference value :  1.34758e-05 Reference value :  1.34758e-05 Reference value :  1.34759e-05 Reference value :  1.34759e-05 Reference value :  1.34759e-05 Reference value :  1.34775e-05 Reference value :  1.34775e-05 Reference value :  1.34775e-05 Reference value :  1.34775e-05 Reference value :  1.34777e-05 Reference value :  1.34784e-05 Reference value :  1.34785e-05 Reference value :  1.34785e-05 Reference value :  1.34785e-05 Reference value :  1.34789e-05 Reference value :  1.34792e-05 Reference value :  1.34793e-05 Reference value :  1.34793e-05 Reference value :  1.34795e-05 Reference value :  1.34796e-05 Reference value :  1.34796e-05 Reference value :  1.34797e-05 Reference value :  1.34799e-05 Reference value :  1.34799e-05 Reference value :  1.34799e-05 Reference value :  1.34803e-05 Reference value :  1.34805e-05 Reference value :  1.34805e-05 Reference value :  1.34805e-05 Reference value :  1.34805e-05 Reference value :  1.34806e-05 Reference value :  1.34806e-05 Reference value :  1.34806e-05 Reference value :  1.34806e-05 Reference value :  1.34810e-05 Reference value :  1.34810e-05 Reference value :  1.34810e-05 Reference value :  1.34810e-05 Reference value :  1.34815e-05 Reference value :  1.34816e-05 Reference value :  1.34816e-05 Reference value :  1.34816e-05 Reference value :  1.34816e-05 Reference value :  1.34816e-05 Reference value :  1.34816e-05 Reference value :  1.34816e-05 Reference value :  1.34816e-05 Reference value :  1.34816e-05 Reference value :  1.34816e-05 Reference value :  1.34816e-05 Reference value :  1.34816e-05 Reference value :  1.34816e-05 Reference value :  1.34819e-05 Reference value :  1.34821e-05 Reference value :  1.34823e-05 Reference value :  1.34823e-05 Reference value :  1.34823e-05 Reference value :  1.34823e-05 Reference value :  1.34823e-05 Reference value :  1.34824e-05 Reference value :  1.34824e-05 Reference value :  1.34828e-05 Reference value :  1.34828e-05 Reference value :  1.34829e-05 Reference value :  1.34829e-05 Reference value :  1.34832e-05 Reference value :  1.34833e-05 Reference value :  1.34834e-05 Reference value :  1.34834e-05 Reference value :  1.34834e-05 Reference value :  1.34834e-05 Reference value :  1.34834e-05 Reference value :  1.34835e-05 Reference value :  1.34835e-05 Reference value :  1.34836e-05 Reference value :  1.34836e-05 Reference value :  1.34836e-05 Reference value :  1.34836e-05 Reference value :  1.34837e-05 Reference value :  1.34837e-05 Reference value :  1.34839e-05 Reference value :  1.34839e-05 Reference value :  1.34839e-05 Reference value :  1.34839e-05 Reference value :  1.34839e-05 Reference value :  1.34858e-05 Reference value :  1.34858e-05 Reference value :  1.34858e-05 Reference value :  1.34859e-05 Reference value :  1.34860e-05 Reference value :  1.34860e-05 Reference value :  1.34860e-05 Reference value :  1.34860e-05 Reference value :  1.34861e-05 Reference value :  1.34862e-05 Reference value :  1.34862e-05 Reference value :  1.34863e-05 Reference value :  1.34863e-05 Reference value :  1.34865e-05 Reference value :  1.34867e-05 Reference value :  1.34867e-05 Reference value :  1.34868e-05 Reference value :  1.34869e-05 Reference value :  1.34870e-05 Reference value :  1.34870e-05 Reference value :  1.34870e-05 Reference value :  1.34870e-05 Reference value :  1.34870e-05 Reference value :  1.34870e-05 Reference value :  1.34870e-05 Reference value :  1.34870e-05 Reference value :  1.34870e-05 Reference value :  1.34870e-05 Reference value :  1.34870e-05 Reference value :  1.34870e-05 Reference value :  1.34870e-05 Reference value :  1.34870e-05 Reference value :  1.34871e-05 Reference value :  1.34871e-05 Reference value :  1.34871e-05 Reference value :  1.34871e-05 Reference value :  1.34871e-05 Reference value :  1.34871e-05 Reference value :  1.34871e-05 Reference value :  1.34877e-05 Reference value :  1.34877e-05 Reference value :  1.34877e-05 Reference value :  1.34877e-05 Reference value :  1.34877e-05 Reference value :  1.34877e-05 Reference value :  1.34878e-05 Reference value :  1.34878e-05 Reference value :  1.34879e-05 Reference value :  1.34879e-05 Reference value :  1.34881e-05 Reference value :  1.34882e-05 Reference value :  1.34882e-05 Reference value :  1.34883e-05 Reference value :  1.34884e-05 Reference value :  1.34884e-05 Reference value :  1.34884e-05 Reference value :  1.34884e-05 Reference value :  1.34884e-05 Reference value :  1.34884e-05 Reference value :  1.34886e-05 Reference value :  1.34886e-05 Reference value :  1.34887e-05 Reference value :  1.34888e-05 Reference value :  1.34888e-05 Reference value :  1.34891e-05 Reference value :  1.34891e-05 Reference value :  1.34892e-05 Reference value :  1.34892e-05 Reference value :  1.34892e-05 Reference value :  1.34892e-05 Reference value :  1.34892e-05 Reference value :  1.34893e-05 Reference value :  1.34901e-05 Reference value :  1.34903e-05 Reference value :  1.34903e-05 Reference value :  1.34903e-05 Reference value :  1.34903e-05 Reference value :  1.34904e-05 Reference value :  1.34904e-05 Reference value :  1.34904e-05 Reference value :  1.34907e-05 Reference value :  1.34907e-05 Reference value :  1.34907e-05 Reference value :  1.34908e-05 Reference value :  1.34909e-05 Reference value :  1.34910e-05 Reference value :  1.34911e-05 Reference value :  1.34911e-05 Reference value :  1.34912e-05 Reference value :  1.34912e-05 Reference value :  1.34912e-05 Reference value :  1.34913e-05 Reference value :  1.34914e-05 Reference value :  1.34914e-05 Reference value :  1.34915e-05 Reference value :  1.34915e-05 Reference value :  1.34916e-05 Reference value :  1.34921e-05 Reference value :  1.34922e-05 Reference value :  1.34922e-05 Reference value :  1.34923e-05 Reference value :  1.34924e-05 Reference value :  1.34925e-05 Reference value :  1.34925e-05 Reference value :  1.34926e-05 Reference value :  1.34926e-05 Reference value :  1.34926e-05 Reference value :  1.34926e-05 Reference value :  1.34926e-05 Reference value :  1.34926e-05 Reference value :  1.34928e-05 Reference value :  1.34928e-05 Reference value :  1.34928e-05 Reference value :  1.34929e-05 Reference value :  1.34929e-05 Reference value :  1.34929e-05 Reference value :  1.34929e-05 Reference value :  1.34930e-05 Reference value :  1.34930e-05 Reference value :  1.34931e-05 Reference value :  1.34932e-05 Reference value :  1.34932e-05 Reference value :  1.34932e-05 Reference value :  1.34932e-05 Reference value :  1.34933e-05 Reference value :  1.34933e-05 Reference value :  1.34933e-05 Reference value :  1.34933e-05 Reference value :  1.34934e-05 Reference value :  1.34934e-05 Reference value :  1.34934e-05 Reference value :  1.34934e-05 Reference value :  1.34935e-05 Reference value :  1.34935e-05 Reference value :  1.34935e-05 Reference value :  1.34935e-05 Reference value :  1.34935e-05 Reference value :  1.34935e-05 Reference value :  1.34936e-05 Reference value :  1.34936e-05 Reference value :  1.34936e-05 Reference value :  1.34936e-05 Reference value :  1.34938e-05 Reference value :  1.34941e-05 Reference value :  1.34942e-05 Reference value :  1.34945e-05 Reference value :  1.34946e-05 Reference value :  1.34947e-05 Reference value :  1.34947e-05 Reference value :  1.34947e-05 Reference value :  1.34947e-05 Reference value :  1.34947e-05 Reference value :  1.34947e-05 Reference value :  1.34948e-05 Reference value :  1.34948e-05 Reference value :  1.34948e-05 Reference value :  1.34949e-05 Reference value :  1.34949e-05 Reference value :  1.34949e-05 Reference value :  1.34949e-05 Reference value :  1.34949e-05 Reference value :  1.34949e-05 Reference value :  1.34949e-05 Reference value :  1.34949e-05 Reference value :  1.34949e-05 Reference value :  1.34949e-05 Reference value :  1.34949e-05 Reference value :  1.34949e-05 Reference value :  1.34951e-05 Reference value :  1.34952e-05 Reference value :  1.34952e-05 Reference value :  1.34952e-05 Reference value :  1.34952e-05 Reference value :  1.34953e-05 Reference value :  1.34954e-05 Reference value :  1.34954e-05 Reference value :  1.34956e-05 Reference value :  1.34956e-05 Reference value :  1.34956e-05 Reference value :  1.34956e-05 Reference value :  1.34957e-05 Reference value :  1.34957e-05 Reference value :  1.34957e-05 Reference value :  1.34958e-05 Reference value :  1.34961e-05 Reference value :  1.34961e-05 Reference value :  1.34961e-05 Reference value :  1.34961e-05 Reference value :  1.34961e-05 Reference value :  1.34961e-05 Reference value :  1.34961e-05 Reference value :  1.34963e-05 Reference value :  1.34963e-05 Reference value :  1.34963e-05 Reference value :  1.34965e-05 Reference value :  1.34966e-05 Reference value :  1.34966e-05 Reference value :  1.34966e-05 Reference value :  1.34966e-05 Reference value :  1.34966e-05 Reference value :  1.34966e-05 Reference value :  1.34966e-05 Reference value :  1.34967e-05 Reference value :  1.34967e-05 Reference value :  1.34967e-05 Reference value :  1.34967e-05 Reference value :  1.34969e-05 Reference value :  1.34970e-05 Reference value :  1.34972e-05 Reference value :  1.34972e-05 Reference value :  1.34972e-05 Reference value :  1.34972e-05 Reference value :  1.34973e-05 Reference value :  1.34973e-05 Reference value :  1.34974e-05 Reference value :  1.34974e-05 Reference value :  1.34974e-05 Reference value :  1.34974e-05 Reference value :  1.34974e-05 Reference value :  1.34975e-05 Reference value :  1.34975e-05 Reference value :  1.34977e-05 Reference value :  1.34978e-05 Reference value :  1.34981e-05 Reference value :  1.34981e-05 Reference value :  1.34981e-05 Reference value :  1.34981e-05 Reference value :  1.34982e-05 Reference value :  1.34982e-05 Reference value :  1.34983e-05 Reference value :  1.34983e-05 Reference value :  1.34985e-05 Reference value :  1.34985e-05 Reference value :  1.34987e-05 Reference value :  1.34988e-05 Reference value :  1.34991e-05 Reference value :  1.34993e-05 Reference value :  1.34995e-05 Reference value :  1.34996e-05 Reference value :  1.34997e-05 Reference value :  1.34997e-05 Reference value :  1.34997e-05 Reference value :  1.34998e-05 Reference value :  1.34998e-05 Reference value :  1.34998e-05 Reference value :  1.34998e-05 Reference value :  1.34999e-05 Reference value :  1.34999e-05 Reference value :  1.34999e-05 Reference value :  1.34999e-05 Reference value :  1.35000e-05 Reference value :  1.35000e-05 Reference value :  1.35000e-05 Reference value :  1.35000e-05 Reference value :  1.35000e-05 Reference value :  1.35000e-05 Reference value :  1.35000e-05 Reference value :  1.35000e-05 Reference value :  1.35001e-05 Reference value :  1.35001e-05 Reference value :  1.35002e-05 Reference value :  1.35003e-05 Reference value :  1.35003e-05 Reference value :  1.35003e-05 Reference value :  1.35004e-05 Reference value :  1.35004e-05 Reference value :  1.35004e-05 Reference value :  1.35005e-05 Reference value :  1.35005e-05 Reference value :  1.35005e-05 Reference value :  1.35005e-05 Reference value :  1.35005e-05 Reference value :  1.35007e-05 Reference value :  1.35008e-05 Reference value :  1.35008e-05 Reference value :  1.35010e-05 Reference value :  1.35011e-05 Reference value :  1.35011e-05 Reference value :  1.35011e-05 Reference value :  1.35011e-05 Reference value :  1.35011e-05 Reference value :  1.35011e-05 Reference value :  1.35011e-05 Reference value :  1.35011e-05 Reference value :  1.35011e-05 Reference value :  1.35011e-05 Reference value :  1.35012e-05 Reference value :  1.35012e-05 Reference value :  1.35012e-05 Reference value :  1.35012e-05 Reference value :  1.35012e-05 Reference value :  1.35013e-05 Reference value :  1.35013e-05 Reference value :  1.35013e-05 Reference value :  1.35014e-05 Reference value :  1.35014e-05 Reference value :  1.35014e-05 Reference value :  1.35014e-05 Reference value :  1.35014e-05 Reference value :  1.35014e-05 Reference value :  1.35014e-05 Reference value :  1.35014e-05 Reference value :  1.35014e-05 Reference value :  1.35014e-05 Reference value :  1.35014e-05 Reference value :  1.35014e-05 Reference value :  1.35014e-05 Reference value :  1.35014e-05 Reference value :  1.35015e-05 Reference value :  1.35016e-05 Reference value :  1.35016e-05 Reference value :  1.35016e-05 Reference value :  1.35017e-05 Reference value :  1.35017e-05 Reference value :  1.35017e-05 Reference value :  1.35018e-05 Reference value :  1.35018e-05 Reference value :  1.35018e-05 Reference value :  1.35019e-05 Reference value :  1.35020e-05 Reference value :  1.35020e-05 Reference value :  1.35020e-05 Reference value :  1.35020e-05 Reference value :  1.35020e-05 Reference value :  1.35020e-05 Reference value :  1.35022e-05 Reference value :  1.35022e-05 Reference value :  1.35022e-05 Reference value :  1.35024e-05 Reference value :  1.35026e-05 Reference value :  1.35026e-05 Reference value :  1.35026e-05 Reference value :  1.35026e-05 Reference value :  1.35026e-05 Reference value :  1.35026e-05 Reference value :  1.35026e-05 Reference value :  1.35027e-05 Reference value :  1.35027e-05 Reference value :  1.35027e-05 Reference value :  1.35027e-05 Reference value :  1.35029e-05 Reference value :  1.35030e-05 Reference value :  1.35030e-05 Reference value :  1.35031e-05 Reference value :  1.35032e-05 Reference value :  1.35033e-05 Reference value :  1.35033e-05 Reference value :  1.35033e-05 Reference value :  1.35033e-05 Reference value :  1.35033e-05 Reference value :  1.35035e-05 Reference value :  1.35035e-05 Reference value :  1.35035e-05 Reference value :  1.35035e-05 Reference value :  1.35035e-05 Reference value :  1.35035e-05 Reference value :  1.35036e-05