 frequency              ip0                    ip0                    ip1                    ip1                    ip2                    ip2                    ip3                    ip3                    v(e0)                  v(e0)                  v(e1)                  v(e1)                  v(f0)                  v(f0)                  v(f1)                  v(f1)                 
 1.000000000000000e+00  2.834546004113507e-06  4.506723207102300e-06  2.037085034737053e-10  9.686065803633725e-11 -2.821506634816159e-04  1.797007963722684e-04 -1.412782029536705e-05  8.975574113003250e-06  2.827327244427093e-01  4.511320079760446e-01 -1.541585251761679e-05  3.242121527769273e-05 -2.860027002019665e+01 -4.490567278975709e+01 -1.428506987172121e+00 -2.248512435121667e+00 
 1.029207941669012e+00  2.952936858863759e-06  4.561717069767885e-06  2.087114481386561e-10  9.256272051855320e-11 -2.938543305899351e-04  1.927012691553500e-04 -1.471349895931043e-05  9.626032350519506e-06  2.945839307624388e-01  4.566370688553852e-01 -1.431373964397471e-05  3.227477879471849e-05 -2.979899229733972e+01 -4.544112746206208e+01 -1.488553059999968e+00 -2.275270132247774e+00 
 1.059268987194564e+00  3.074151050244294e-06  4.614197725468838e-06  2.135389649253967e-10  8.795250963139318e-11 -3.058273934201527e-04  2.064980643882328e-04 -1.531262962664446e-05  1.031633790974875e-05  3.067177598046134e-01  4.618905503438983e-01 -1.321484611972561e-05  3.208418467967600e-05 -3.102629085114443e+01 -4.595050169894832e+01 -1.550027606577370e+00 -2.300719388821521e+00 
 1.090208053984336e+00  3.198082816778673e-06  4.663989027397643e-06  2.181664002341367e-10  8.303666121144482e-11 -3.180581894644555e-04  2.211248203613128e-04 -1.592462670279447e-05  1.104817202821216e-05  3.191236245927044e-01  4.668748197625138e-01 -1.212217708477722e-05  3.184920610972350e-05 -3.228109356942611e+01 -4.643199328708497e+01 -1.612876720175872e+00 -2.324770072446506e+00 
 1.122050787232198e+00  3.324612403924977e-06  4.710919189935718e-06  2.225692340606230e-10  7.782409267814789e-11 -3.305335835293665e-04  2.366151947813822e-04 -1.654883097315101e-05  1.182321668540817e-05  3.317895374110371e-01  4.715726809964716e-01 -1.103879537567298e-05  3.156986669766021e-05 -3.356218656822308e+01 -4.688384365055503e+01 -1.677039399768167e+00 -2.347334257717693e+00 
 1.154823581175345e+00  3.453606204901918e-06  4.754822095442870e-06  2.267233247617364e-10  7.232603654201522e-11 -3.432389786104764e-04  2.530027458988332e-04 -1.718451017137536e-05  1.264314865588565e-05  3.447021239018208e-01  4.759675053080884e-01 -9.967796308931604e-06  3.124645048669175e-05 -3.486821561492525e+01 -4.730435106985929e+01 -1.742447623715717e+00 -2.368326888167404e+00 
 1.188553600972313e+00  3.584917043334240e-06  4.795538612102314e-06  2.306051633475318e-10  6.655604419534881e-11 -3.561583409153687e-04  2.703208128955238e-04 -1.783086025606267e-05  1.350963352833481e-05  3.578466513586294e-01  4.800433632562083e-01 -8.912280790421973e-06  3.087950902613823e-05 -3.619768898747729e+01 -4.769188401239785e+01 -1.809026495427339e+00 -2.387666443492016e+00 
 1.223268805220007e+00  3.718384602040098e-06  4.832917905355566e-06  2.341921332644481e-10  6.052995794738485e-11 -3.692742394602011e-04  2.886023973104236e-04 -1.848700741663080e-05  1.442431977975545e-05  3.712070716490409e-01  4.837851559739854e-01 -7.875327132811361e-06  3.046986523584996e-05 -3.754898181341591e+01 -4.804489439753272e+01 -1.876694463138373e+00 -2.405275603185307e+00 
 1.258997969128395e+00  3.853835999869308e-06  4.866818724468655e-06  2.374627712096694e-10  5.426584987385931e-11 -3.825679004205005e-04  3.078800473808108e-04 -1.915201081701443e-05  1.538883299873334e-05  3.847660789575215e-01  4.871787439572480e-01 -6.859962017640581e-06  3.001861382229479e-05 -3.892034190805420e+01 -4.836193060927904e+01 -1.945363614732180e+00 -2.421081897207129e+00 
 1.295770708372101e+00  3.991086515875600e-06  4.897110645148633e-06  2.403970241985659e-10  4.778392675078710e-11 -3.960192761503412e-04  3.281857472399525e-04 -1.982486607239334e-05  1.640477035494374e-05  3.985051822767947e-01  4.902110714533947e-01 -5.869131084374618e-06  2.952711807619954e-05 -4.030989710453188e+01 -4.864165006337026e+01 -2.014940047191529e+00 -2.435018334007699e+00 
 1.333617503638648e+00  4.129940457330966e-06  4.923675248923406e-06  2.429764979054571e-10  4.110640110488596e-11 -4.096071285025428e-04  3.495508129332327e-04 -2.050450944008697e-05  1.747369541297575e-05  4.124047922981466e-01  4.928702845201453e-01 -4.905669662186307e-06  2.899700295722063e-05 -4.171566404034576e+01 -4.888283113335681e+01 -2.085324308858806e+00 -2.447023996131136e+00 
 1.372569725893698e+00  4.270192165239103e-06  4.946407220242486e-06  2.451846912357289e-10  3.425732923474216e-11 -4.233091257932541e-04  3.720057971901347e-04 -2.118982269127740e-05  1.859713338726110e-05  4.264443220657172e-01  4.951458408479582e-01 -3.972274181762020e-06  2.843014445420497e-05 -4.313555833609900e+01 -4.908438424287603e+01 -2.156411911238058e+00 -2.457044593754062e+00 
 1.412659662384253e+00  4.411627148158733e-06  4.965215342971489e-06  2.470072121724996e-10  2.726241789010870e-11 -4.371019524654708e-04  3.955804048173048e-04 -2.187963861579130e-05  1.977656693119796e-05  4.406023004749161e-01  4.970286095115237e-01 -3.071474809809849e-06  2.782865529709494e-05 -4.456740607338295e+01 -4.924536193847635e+01 -2.228093905630129e+00 -2.465032966886191e+00 
 1.453920543401338e+00  4.554023332392429e-06  4.980023379143164e-06  2.484319701781471e-10  2.014880212855536e-11 -4.509614302263742e-04  4.203034204577203e-04 -2.257274709821178e-05  2.101343254746707e-05  4.548564974193011e-01  4.985109589348509e-01 -2.205609839336931e-06  2.719486718539069e-05 -4.600895645080123e+01 -4.936496776942938e+01 -2.300257518497915e+00 -2.470949527571229e+00 
 1.496386569824383e+00  4.697152414019857e-06  4.990770814478889e-06  2.494493408272427e-10  1.294479765879648e-11 -4.648626491717189e-04  4.462026502940923e-04 -2.326790169054837e-05  2.230911769811361e-05  4.691840591323270e-01  4.995868315197625e-01 -1.376802342568234e-06  2.653130978603341e-05 -4.745789547105034e+01 -4.944256381768756e+01 -2.372786838156647e+00 -2.474762634271472e+00 
 1.540092941470106e+00  4.840781295941410e-06  4.997413457276255e-06  2.500522988790598e-10  5.679631697823196e-12 -4.787801071754841e-04  4.733048790642159e-04 -2.396382659499610e-05  2.366495868237507e-05  4.835616520388339e-01  5.002518035959851e-01 -5.869395510553488e-07  2.584068683550086e-05 -4.891186048854692e+01 -4.947767674222849e+01 -2.445563544217157e+00 -2.476448891681829e+00 
 1.585075886269422e+00  4.984673591127793e-06  4.999923879722134e-06  2.502365166742662e-10 -1.616843006917022e-12 -4.926878556225568e-04  5.016358435068572e-04 -2.465922396036039e-05  2.508223933771694e-05  4.979656132339106e-01  5.005031295976520e-01  1.623446290385799e-07  2.512584975634252e-05 -5.036845542713557e+01 -4.947000222697709e+01 -2.518467670217972e+00 -2.475993370474108e+00 
 1.631372690296536e+00  5.128591171712493e-06  4.998291693472624e-06  2.500004255125539e-10 -8.914445849074481e-12 -5.065596494034032e-04  5.312202230754699e-04 -2.535278138786157e-05  2.656219060542431e-05  5.123721055507375e-01  5.003397696495273e-01  8.696836291573196e-07  2.438976926122730e-05 -5.182526646162766e+01 -4.941940774967517e+01 -2.591378389100008e+00 -2.473389742887581e+00 
 1.679021728675137e+00  5.272295742472661e-06  4.992523654364284e-06  2.493452385395856e-10 -1.618297223380316e-11 -5.203690989780414e-04  5.620816484513284e-04 -2.604317953653804e-05  2.810599098677652e-05  5.267572750697688e-01  4.997624000488638e-01  1.533988501126182e-06  2.363550546860202e-05 -5.327987794586700e+01 -4.932593361968053e+01 -2.664174810632980e+00 -2.468640331617588e+00 
 1.728062497387283e+00  5.415550416659345e-06  4.982643594297074e-06  2.482749345828504e-10 -2.339249797025281e-11 -5.340898222562178e-04  5.942427280664742e-04 -2.672909971553832e-05  2.971476789975453e-05  5.410974088630880e-01  4.987734064467354e-01  2.154454302932818e-06  2.286617708816691e-05 -5.472988836409912e+01 -4.918979226484448e+01 -2.736736779615684e+00 -2.461756071065698e+00 
 1.778535646011378e+00  5.558121272081579e-06  4.968692181564258e-06  2.467962033183563e-10 -3.051367848973977e-11 -5.476955940336167e-04  6.277250925197155e-04 -2.740923135033324e-05  3.138959992987121e-05  5.553690907621283e-01  4.973768598565032e-01  2.730562513295759e-06  2.208493025288374e-05 -5.617292608184864e+01 -4.901136578037661e+01 -2.808945663653037e+00 -2.452756381654761e+00 
 1.830483011416337e+00  5.699778865822538e-06  4.950726514101078e-06  2.449183530737648e-10 -3.751803734922718e-11 -5.611604907704328e-04  6.625494564456143e-04 -2.808227921229688e-05  3.313151995256527e-05  5.695493529843626e-01  4.955784759370522e-01  3.262079495955361e-06  2.129490757494384e-05 -5.760666467730695e+01 -4.879120178497779e+01 -2.880685119562241e+00 -2.441668959530851e+00 
 1.883947652439902e+00  5.840299686952610e-06  4.928819553187062e-06  2.426531834494191e-10 -4.437823879485864e-11 -5.744590285969311e-04  6.987356970865941e-04 -2.874697030610801e-05  3.494151908914101e-05  5.836158215533371e-01  4.933855583050539e-01  3.749051127172748e-06  2.049921798673304e-05 -5.902883764422440e+01 -4.853000766054278e+01 -2.951841827969268e+00 -2.428529485523470e+00 
 1.938973885579839e+00  5.979467528067960e-06  4.903059407976745e-06  2.400148257399690e-10 -5.106833963391226e-11 -5.875662925770994e-04  7.363029485310193e-04 -2.940206031682776e-05  3.682055144392021e-05  5.975468535929441e-01  4.908069269148014e-01  4.191793787775705e-06  1.970090789563811e-05 -6.043725227212396e+01 -4.822864328049439e+01 -3.022306186406877e+00 -2.413381258670137e+00 
 1.995607321727592e+00  6.117074758371618e-06  4.873548483770807e-06  2.370195548284974e-10 -5.756401625424256e-11 -6.004580554508547e-04  7.752697103234621e-04 -3.004633952804644e-05  3.876953955749981e-05  6.113216647658628e-01  4.878528327981347e-01  4.590881999347318e-06  1.890293413422603e-05 -6.182980252877812e+01 -4.788811235750519e+01 -3.091972952189412e+00 -2.396274760891442e+00 
 2.053894903974864e+00  6.252923483260629e-06  4.840402509106794e-06  2.336855767929617e-10 -6.384276334171901e-11 -6.131108843007452e-04  8.156539689341010e-04 -3.067863813382302e-05  4.078938050011698e-05  6.249204453509920e-01  4.845348606739133e-01  4.947133052823904e-06  1.810813912820133e-05 -6.320448079264239e+01 -4.750955256330920e+01 -3.160741827484095e+00 -2.377267160494015e+00 
 2.113884946524443e+00  6.386826577910770e-06  4.803749458494252e-06  2.300327968839438e-10 -6.988406161855121e-11 -6.255022338429282e-04  8.574733303975507e-04 -3.129783087987522e-05  4.288095252036915e-05  6.383244637077340e-01  4.808658211112530e-01  5.261589032183600e-06  1.731922863518545e-05 -6.455938830853590e+01 -4.709422459098511e+01 -3.228517980283892e+00 -2.356421763055830e+00 
 2.175627174737531e+00  6.518608585074728e-06  4.763728388908642e-06  2.260825728049234e-10 -7.566951275500706e-11 -6.376105253158315e-04  9.007451623009146e-04 -3.190284098318580e-05  4.504512215809357e-05  6.515161561477245e-01  4.768596340598060e-01  5.535496677075424e-06  1.653875233157895e-05 -6.589274426745331e+01 -4.664350034314915e+01 -3.295212496370729e+00 -2.333807418893485e+00 
 2.239172766350782e+00  6.648106470143937e-06  4.720488208974404e-06  2.218574583346855e-10 -8.118294044379543e-11 -6.494152102245016e-04  9.454867432181451e-04 -3.249264329343210e-05  4.728275172616085e-05  6.644792025183154e-01  4.725312056420680e-01  5.770285553902132e-06  1.576908744442898e-05 -6.720289344009099e+01 -4.615885043776034e+01 -3.360742758795441e+00 -2.309497896716251e+00 
 2.304574393897195e+00  6.775170229381336e-06  4.674186400110926e-06  2.173809423059587e-10 -8.641045745351401e-11 -6.608968184854436e-04  9.917154176529331e-04 -3.306626667398264e-05  4.959470706427584e-05  6.771985870881151e-01  4.678963001370534e-01  5.967545016111186e-06  1.501242554529172e-05 -6.848831232260437e+01 -4.564183122671528e+01 -3.425032752848572e+00 -2.283571233237396e+00 
 2.371886268366043e+00  6.899663350029845e-06  4.624987708802144e-06  2.126771877674117e-10 -9.134049924906324e-11 -6.720369907973997e-04  1.039448754563536e-03 -3.362279559421784e-05  5.198186546851681e-05  6.896606446049364e-01  4.629714090733833e-01  6.129000430524223e-06  1.427076254351123e-05 -6.974761378144228e+01 -4.509407152126671e+01 -3.488013295912209e+00 -2.256109068448107e+00 
 2.441164184138009e+00  7.021463123664389e-06  4.573062828613074e-06  2.077707758687919e-10 -9.596382549418886e-11 -6.828184953304033e-04  1.088704707597079e-03 -3.416137093824747e-05  5.444512370312245e-05  7.018530916630764e-01  4.577736192960100e-01  6.256489131148402e-06  1.354589184308919e-05 -7.097955021107089e+01 -4.451725921285276e+01 -3.549622192929805e+00 -2.227195975979686e+00 
 2.512465565232792e+00  7.140460816618802e-06  4.518587089657754e-06  2.026864585953491e-10 -1.002734913603091e-10 -6.932252290720162e-04  1.139501775253449e-03 -3.468119004738458e-05  5.698540600572755e-05  7.137650437634477e-01  4.523204817788527e-01  6.351936532748848e-06  1.283940055920793e-05 -7.218301524334433e+01 -4.391312796862162e+01 -3.609804319475234e+00 -2.196918797507688e+00 
 2.585849512907513e+00  7.256561703529087e-06  4.461739171976587e-06  1.974489239996668e-10 -1.042647911104182e-10 -7.032422043904506e-04  1.191859159324633e-03 -3.518150602472634e-05  5.960367200358794e-05  7.253870186713327e-01  4.466298828308138e-01  6.417332800240372e-06  1.215266863205389e-05 -7.335704406966036e+01 -4.328344416830895e+01 -3.668511635517719e+00 -2.165365989514473e+00 
 2.661376854645358e+00  7.369684971951389e-06  4.402699857765964e-06  1.920825770227659e-10 -1.079351768268118e-10 -7.128555215652180e-04  1.245796920108101e-03 -3.566162633968462e-05  6.230092446601451e-05  7.367109268684118e-01  4.407199191910074e-01  6.454710423854648e-06  1.148687062549683e-05 -7.450081245644724e+01 -4.262999423378319e+01 -3.725703133945042e+00 -2.132626989954514e+00 
 2.739110194575098e+00  7.479763507608806e-06  4.341650835683330e-06  1.866113384285158e-10 -1.112841554710310e-10 -7.220523281942801e-04  1.301336127066263e-03 -3.612091077816733e-05  6.507821682693820e-05  7.477300500554522e-01  4.346087783368575e-01  6.466123000856139e-06  1.084297995995742e-05 -7.561363455068555e+01 -4.195457248515618e+01 -3.781344728710368e+00 -2.098791611492079e+00 
 2.819113965363243e+00  7.586743571082034e-06  4.278773568589641e-06  1.810584637564410e-10 -1.143131676416170e-10 -7.308207665109042e-04  1.358499003791638e-03 -3.655876879026168e-05  6.793666042092648e-05  7.584390087882648e-01  4.283146251424361e-01  6.453625470338731e-06  1.022177529873269e-05 -7.669495958493320e+01 -4.125896963850884e+01 -3.835409088100767e+00 -2.063949467035521e+00 
 2.901454481621869e+00  7.690584377682227e-06  4.214248234151573e-06  1.754463836366223e-10 -1.170254514920601e-10 -7.391499097333753e-04  1.417309066332790e-03 -3.697465629171093e-05  7.087743138575271e-05  7.688337204219752e-01  4.218554958302291e-01  6.419255994018214e-06  9.623848790402817e-06 -7.774436760067015e+01 -4.054496204063705e+01 -3.887875419087590e+00 -2.028189432308511e+00 
 2.986199994876374e+00  7.791257592840164e-06  4.148252745765228e-06  1.697965662198714e-10 -1.194258952555821e-10 -7.470296886272939e-04  1.477791254133569e-03 -3.736807197824617e-05  7.390177719449143e-05  7.789113485982724e-01  4.152491999632830e-01  6.365019622166235e-06  9.049615859717947e-06 -7.876156431480599e+01 -3.981430171637093e+01 -3.938729209014731e+00 -1.991599149204952e+00 
 3.073420750138726e+00  7.888746755630915e-06  4.080961859334783e-06  1.641294019628670e-10 -1.215208817138894e-10 -7.544508094851551e-04  1.539972053032221e-03 -3.773855321303119e-05  7.701102278980296e-05  7.886702455388492e-01  4.085132310316252e-01  6.292873832122736e-06  8.499326240290345e-06 -7.974637525707779e+01 -3.906870728448892e+01 -3.987961931019862e+00 -1.954264572697811e+00 
 3.163189044133109e+00  7.983046643054588e-06  4.012546369588141e-06  1.584641105367067e-10 -1.233181277948401e-10 -7.614046647239642e-04  1.603879609953035e-03 -3.808567154723404e-05  8.020657630236161e-05  7.981098884083899e-01  4.016646860015597e-01  6.204715980472064e-06  7.973075950473002e-06 -8.069873930607385e+01 -3.830985577950389e+01 -4.035570719579463e+00 -1.916269563135721e+00 
 3.255579285222206e+00  8.074162587442124e-06  3.943172397875895e-06  1.528186691991089e-10 -1.248265222281547e-10 -7.678832372718732e-04  1.669543839097508e-03 -3.840902793220771e-05  8.348993434406977e-05  8.072308109852603e-01  3.947201940226600e-01  6.102372665829636e-06  7.470819927551942e-06 -8.161870174906588e+01 -3.753937539901870e+01 -4.081558022436415e+00 -1.877695524883616e+00 
 3.350668055083819e+00  8.162109758885849e-06  3.873000771808810e-06  1.472097616354727e-10 -1.260559639300334e-10 -7.738789998628194e-04  1.736996519601420e-03 -3.870824767912839e-05  8.686268687464670e-05  8.160345318310924e-01  3.876958543280064e-01  5.987590962715228e-06  6.992385055904632e-06 -8.250640698607452e+01 -3.675883918023590e+01 -4.125931234927325e+00 -1.838621091460090e+00 
 3.448534172188929e+00  8.246912423944911e-06  3.802186495663993e-06  1.416527459731507e-10 -1.270172034683692e-10 -7.793848102876605e-04  1.806271384766744e-03 -3.898297521838506e-05  9.032652164727277e-05  8.245234800854329e-01  3.806071832205957e-01  5.862031454618999e-06  6.537483347557327e-06 -8.336209099201024e+01 -3.596975959478024e+01 -4.168702322394433e+00 -1.799121856605147e+00 
 3.549258757133818e+00  8.328603191083227e-06  3.730878309245737e-06  1.361616404717538e-10 -1.277216896343167e-10 -7.843938035650918e-04  1.877404203101207e-03 -3.923286870673399e-05  9.388322824513561e-05  8.327009199322786e-01  3.734690699142655e-01  5.727262968498181e-06  6.105725060767675e-06 -8.418607364269781e+01 -3.517358403838987e+01 -4.209887435962624e+00 -1.759270150084644e+00 
 3.652925299880412e+00  8.407222252398737e-06  3.659218331829175e-06  1.307491252187422e-10 -1.281814228222087e-10 -7.888992818994210e-04  1.950432851503301e-03 -3.945759452540342e-05  9.753470172593640e-05  8.405708746953685e-01  3.662957408916196e-01  5.584758893201203e-06  5.696631569275523e-06 -8.497875100148734e+01 -3.437169118132525e+01 -4.249506526504822e+00 -1.719134856505073e+00 
 3.759619728960577e+00  8.482816630232386e-06  3.587341786945298e-06  1.254265580806282e-10 -1.284088165820087e-10 -7.928946031885392e-04  2.025397381016078e-03 -3.965682170713927e-05  1.012829458956612e-04  8.481380514219437e-01  3.591007323543534e-01  5.435894949210041e-06  5.309647824157382e-06 -8.574058765331793e+01 -3.356538813653676e+01 -4.287582961125722e+00 -1.678781274974891e+00 
 3.869430482701723e+00  8.555439436234769e-06  3.515376803078305e-06  1.202040030994704e-10 -1.284165683974102e-10 -7.963730687373770e-04  2.102340075640020e-03 -3.983021632477391e-05  1.051300762362368e-04  8.554077667135530e-01  3.518968702725921e-01  5.281948267765735e-06  4.944154277545382e-06 -8.647210916286437e+01 -3.275590839567633e+01 -4.324143145981074e+00 -1.638271017103561e+00 
 3.982448582532772e+00  8.625149149446169e-06  3.443444284832971e-06  1.150902695397476e-10 -1.282175404458293e-10 -7.993278107225539e-04  2.181305504744253e-03 -3.997743586842313e-05  1.090783225141104e-04  8.623858744601397e-01  3.446962574884464e-01  5.124097632432101e-06  4.599478165109167e-06 -8.717389472303445e+01 -3.194441047783961e+01 -4.359216158731107e+00 -1.597661940572317e+00 
 4.098767708431228e+00  8.692008918935619e-06  3.371657848777262e-06  1.100929598211356e-10 -1.278246508249713e-10 -8.017516798453289e-04  2.262340569647767e-03 -4.009812363298881e-05  1.131300310983842e-04  8.690786960325514e-01  3.375102672937086e-01  4.963424735181243e-06  4.274904069120206e-06 -8.784657004985229e+01 -3.113197723236036e+01 -4.392833393414978e+00 -1.557008115334916e+00 
 4.218484276573917e+00  8.756085895567825e-06  3.300123817959309e-06  1.052185246580014e-10 -1.272507754904238e-10 -8.036371335043564e-04  2.345494544959586e-03 -4.019190313237382e-05  1.172876670179766e-04  8.754929533908103e-01  3.303495428809918e-01  4.800916301631042e-06  3.969683707760047e-06 -8.849080056986030e+01 -3.031961573489549e+01 -4.425028220038252e+00 -1.516359819404874e+00 
 4.341697519255732e+00  8.817450596538357e-06  3.228941269021460e-06  1.004723238154077e-10 -1.265086609220158e-10 -8.049761247187515e-04  2.430819115270512e-03 -4.025837255177459e-05  1.215538157874424e-04  8.816357054725734e-01  3.232240020599653e-01  4.637466944755475e-06  3.683044916932138e-06 -8.910728493676579e+01 -2.950825771527018e+01 -4.455835660695556e+00 -1.475763561149320e+00 
 4.468509567142647e+00  8.876176305451252e-06  3.158202125870748e-06  9.585869101056684e-11 -1.256108473746204e-10 -8.057599919368856e-04  2.518368407780997e-03 -4.029709924467414e-05  1.259311850306655e-04  8.875142881394628e-01  3.161428466339965e-01  4.473882614604296e-06  3.414199809446961e-06 -8.969674890527470e+01 -2.869876045592615e+01 -4.485292083612248e+00 -1.435262125030119e+00 
 4.599025533927170e+00  8.932338509916709e-06  3.087991293996666e-06  9.138100162897510e-11 -1.245696023973007e-10 -8.059793497779897e-04  2.608199021431512e-03 -4.030761427675617e-05  1.304226059307087e-04  8.931362578792565e-01  3.091145758456778e-01  4.310884519832803e-06  3.162352112779168e-06 -9.025993958198428e+01 -2.789190810115431e+01 -4.513434916086151e+00 -1.394894637801501e+00 
 4.733353603456411e+00  8.986014377927024e-06  3.018386829737219e-06  8.704174204779735e-11 -1.233968641865387e-10 -8.056239806726978e-04  2.700370053075149e-03 -4.028940701492505e-05  1.350310345327665e-04  8.985093393898651e-01  3.021470033207713e-01  4.149113407243832e-06  2.926703699491356e-06 -9.079762006590840e+01 -2.708841331942763e+01 -4.540302376946665e+00 -1.354696652281422e+00 
 4.871605119404973e+00  9.037282273627681e-06  2.949460139067035e-06  8.284257950992547e-11 -1.221041942500456e-10 -8.046827272952741e-04  2.794943121198705e-03 -4.024191975596326e-05  1.397595529254766e-04  9.036413771068613e-01  2.952472769673680e-01  3.989134096632485e-06  2.706460335828373e-06 -9.131056448470856e+01 -2.628891926391462e+01 -4.565933228824551e+00 -1.314700245953275e+00 
 5.013894677567013e+00  9.086221312539694e-06  2.881276200800961e-06  7.878443163163686e-11 -1.207027387806530e-10 -8.031433856146526e-04  2.891982387659656e-03 -4.016454238609013e-05  1.446113703239037e-04  9.085402906801725e-01  2.884219013191056e-01  3.831440179152823e-06  2.500836682701318e-06 -9.179955342701440e+01 -2.549400177950263e+01 -4.590366550242375e+00 -1.274934131817881e+00 
 5.160340220843959e+00  9.132910955806182e-06  2.813893809460847e-06  7.486753475375880e-11 -1.192031980821602e-10 -8.009925983332361e-04  2.991554577863448e-03 -4.005660705979027e-05  1.495898240753476e-04  9.132140343571894e-01  2.816767618467134e-01  3.676458798299032e-06  2.309060589655507e-06 -9.226536976631513e+01 -2.470417180825071e+01 -4.613641527291560e+00 -1.235423779095846e+00 
 5.311063137006625e+00  9.177430642628422e-06  2.747365833429027e-06  7.109151049278480e-11 -1.176158033861398e-10 -7.982157484315030e-04  3.093728999759675e-03 -3.991738288374944e-05  1.546983806068399e-04  9.176705601887352e-01  2.750171507997874e-01  3.524555444313349e-06  2.130376727770000e-06 -9.270879486776532e+01 -2.391987794900734e+01 -4.635797264456293e+00 -1.196191541571692e+00 
 5.466188359312754e+00  9.219859459720045e-06  2.681739484399201e-06  6.745542994394999e-11 -1.159503003506720e-10 -7.947968524923181e-04  3.198577561987936e-03 -3.974607058953771e-05  1.599406363307946e-04  9.219177849406373e-01  2.684477941794722e-01  3.376038702061768e-06  1.964049609757407e-06 -9.313060516582838e+01 -2.314150913085921e+01 -4.656872613974385e+00 -1.157256791567945e+00 
 5.625844470063392e+00  9.260275846337076e-06  2.617056594525716e-06  6.395787513040533e-11 -1.142159385748142e-10 -7.907184534409845e-04  3.306174791455278e-03 -3.954179717680101e-05  1.653203185228444e-04  9.259635605665230e-01  2.619728794817577e-01  3.231164903472195e-06  1.809366048212760e-06 -9.353156909792682e+01 -2.236939736403579e+01 -4.676906022988729e+00 -1.118636057735545e+00 
 5.790163807183937e+00  9.298757333231037e-06  2.553353898056762e-06  6.059699736674876e-11 -1.124214664365629e-10 -7.859615123048678e-04  3.416597850577856e-03 -3.930361050711972e-05  1.708412861834213e-04  9.298156480763994e-01  2.555960838896378e-01  3.090142643429050e-06  1.665637102611639e-06 -9.391244437712618e+01 -2.160382053580259e+01 -4.695935397636475e+00 -1.080343165042333e+00 
 5.959282573918189e+00  9.335380313716146e-06  2.490663314611495e-06  5.737057230911261e-11 -1.105751306239137e-10 -7.805052985693770e-04  3.529926554370318e-03 -3.903047382735026e-05  1.765075308921955e-04  9.334816946199226e-01  2.493206026298243e-01  2.953137127420513e-06  1.532199565593487e-06 -9.427397558528510e+01 -2.084500522267689e+01 -4.713997983144471e+00 -1.042389375531384e+00 
 6.133340951726351e+00  9.370219844933441e-06  2.429012231619322e-06  5.427605154680550e-11 -1.086846797324533e-10 -7.743272786844403e-04  3.646243387517767e-03 -3.872126020014275e-05  1.823231776620509e-04  9.369692135924585e-01  2.431491772455874e-01  2.820274325840422e-06  1.408417037822296e-06 -9.461689206699785e+01 -2.009312949394025e+01 -4.731130258944702e+00 -1.004783528602887e+00 
 6.312483216480536e+00  9.403349477329108e-06  2.368423783778667e-06  5.131061064418319e-11 -1.067573713480610e-10 -7.674030022569387e-04  3.765633521517365e-03 -3.837474681839829e-05  1.882924857968932e-04  9.402855675654457e-01  2.370841235712508e-01  2.691644916723301e-06  1.293680638352404e-06 -9.494190610397764e+01 -1.934832568487183e+01 -4.747367847790374e+00 -9.675321797454643e-01 
 6.496857858054116e+00  9.434841110334624e-06  2.308917127710350e-06  4.847119362175449e-11 -1.047999820794402e-10 -7.597059854491133e-04  3.888184831929743e-03 -3.798960917966603e-05  1.944198497552436e-04  9.434379538396264e-01  2.311273592256378e-01  2.567308004623736e-06  1.187409395590061e-06 -9.524971134921732e+01 -1.861068312135432e+01 -4.762745437838221e+00 -9.306397368040940e-01 
 6.686617703404022e+00  9.464764872238179e-06  2.250507710274092e-06  4.575455389690702e-11 -1.028188200451617e-10 -7.512075910903780e-04  4.013987915734592e-03 -3.756441509585361e-05  2.007098000192882e-04  9.464333924198772e-01  2.252804304712049e-01  2.447294608264039e-06  1.089050360685365e-06 -9.554098150026897e+01 -1.788025078049910e+01 -4.777296716663415e+00 -8.941085930211548e-01 
 6.881920043248029e+00  9.493189022263811e-06  2.193207529287196e-06  4.315729175489510e-11 -1.008197393517310e-10 -7.418769049995545e-04  4.143136108739882e-03 -3.709761851310917e-05  2.071670039668077e-04  9.492787162130881e-01  2.195445383125834e-01  2.331610913557103e-06  9.980784824708405e-07 -9.581636919124367e+01 -1.715703987468430e+01 -4.791054316186773e+00 -8.579392562242153e-01 
 7.082926762442021e+00  9.520179872923521e-06  2.137025385628499e-06  4.067588845454936e-11 -9.880815615771539e-11 -7.316806080060929e-04  4.275725502950314e-03 -3.658755311631349e-05  2.137962667412277e-04  9.519805632554112e-01  2.139205637328024e-01  2.220241292580361e-06  9.139962799734058e-07 -9.607650508361347e+01 -1.644102634890210e+01 -4.804049767518447e+00 -8.221304736590149e-01 
 7.289804474165311e+00  9.545801730772548e-06  2.081967125932706e-06  3.830673709512004e-11 -9.678906596095546e-11 -7.205828431516993e-04  4.411854963757315e-03 -3.603242569226638e-05  2.206025321128697e-04  9.545453707817099e-01  2.084090919875567e-01  2.113151091984178e-06  8.363333452929278e-07 -9.632199713654055e+01 -1.573215328356750e+01 -4.816313464754748e+00 -7.866793520785393e-01 
 7.502724658025233e+00  9.570116853776533e-06  2.028035875276330e-06  3.604617039450623e-11 -9.476706176166114e-11 -7.085450775478550e-04  4.551626146770367e-03 -3.543030922535667e-05  2.275908833223535e-04  9.569793709578992e-01  2.030104358976291e-01  2.010289196142934e-06  7.646457066343149e-07 -9.655343003824044e+01 -1.503033319696059e+01 -4.827874636803918e+00 -7.515814727997887e-01 
 7.721863802195491e+00  9.593185423587261e-06  1.975232259431774e-06  3.389048553763125e-11 -9.274635284218629e-11 -6.955259583595436e-04  4.695143514067008e-03 -3.477913569924749e-05  2.347665438949977e-04  9.592885881056645e-01  1.977246580970423e-01  1.911590373347705e-06  6.985150781298188e-07 -9.677136478076129e+01 -1.433545024326585e+01 -4.838761326360853e+00 -7.168310015290924e-01 
 7.947403549706071e+00  9.615065531118416e-06  1.923554616418406e-06  3.183596627475180e-11 -9.073078388804488e-11 -6.814811623809252e-04  4.842514349596626e-03 -3.407668857788212e-05  2.421348784129410e-04  9.614788372585477e-01  1.925515922098347e-01  1.816977413575394e-06  6.375480204375700e-07 -9.697633836150699e+01 -1.364736230374840e+01 -4.849000375197997e+00 -6.824207928353724e-01 
 8.179530849005983e+00  9.635813173911884e-06  1.872999197213168e-06  2.987890243784325e-11 -8.872385423762874e-11 -6.663632386645550e-04  4.993848773430490e-03 -3.332059493890748e-05  2.497013932295892e-04  9.635557238982901e-01  1.874908629416625e-01  1.726363068096926e-06  5.813750329850681e-07 -9.716886359581962e+01 -1.296590296998228e+01 -4.858617414989247e+00 -6.483424892192171e-01 
 8.418438108923633e+00  9.655482263886376e-06  1.823560355596965e-06  2.801560706324094e-11 -8.672873708244096e-11 -6.501214436619085e-04  5.149259754507342e-03 -3.250831723242169e-05  2.574717371088342e-04  9.655246447304725e-01  1.825419050838782e-01  1.639651801936537e-06  5.296495965336628e-07 -9.734942902594871e+01 -1.229088341923576e+01 -4.867636862934342e+00 -6.145866147848743e-01 
 8.664323358153261e+00  9.674124644161648e-06  1.775230727210764e-06  2.624243129610248e-11 -8.474829845814296e-11 -6.327015683293155e-04  5.308863121479653e-03 -3.163714463776923e-05  2.654517017692844e-04  9.673907893686422e-01  1.777039814374636e-01  1.556741370409287e-06  4.820471820911332e-07 -9.751849891274686e+01 -1.162209418313632e+01 -4.876081921501840e+00 -5.811426635729167e-01 
 8.917390409399658e+00  9.691790113752288e-06  1.728001397976503e-06  2.455577725187164e-11 -8.278511588656013e-11 -6.140457566500339e-04  5.472777571220269e-03 -3.070418399093759e-05  2.736472223114798e-04  9.691591428061990e-01  1.729761996723753e-01  1.477524231068006e-06  4.382642400605624e-07 -9.767651329743703e+01 -1.095930681160289e+01 -4.883974581659127e+00 -5.479991826543504e-01 
 9.177849028317210e+00  9.708526459023002e-06  1.681862062106181e-06  2.295210900839176e-11 -8.084149657251348e-11 -5.940923150199685e-04  5.641124674502002e-03 -2.970635025494804e-05  2.820643775037084e-04  9.708344885651267e-01  1.683575281446176e-01  1.401888802786411e-06  3.980171815638756e-07 -9.782388812177594e+01 -1.030227543475642e+01 -4.891335629006821e+00 -5.151438501229133e-01 
 9.445915107383296e+00  9.724379490892754e-06  1.636801169976657e-06  2.142796189216590e-11 -7.891949506076616e-11 -5.727755119417199e-04  5.814028878313578e-03 -2.864035650549167e-05  2.907093898995861e-04  9.724214124201940e-01  1.638468106988704e-01  1.329720583177763e-06  3.610413619806185e-07 -9.796101539588881e+01 -9.650738226120771e+00 -4.898184652282499e+00 -4.825635481521756e-01 
 9.721810844850186e+00  9.739393086866044e-06  1.592806066192148e-06  1.997995021522338e-11 -7.702093029606477e-11 -5.500253674691895e-04  5.991617504223932e-03 -2.750270340393726e-05  2.995886257579932e-04  9.739243066063642e-01  1.594427804888700e-01  1.260903135617830e-06  3.270900751136535e-07 -9.808826340396246e+01 -9.004418770915375e+00 -4.904540053744206e+00 -4.502444313083489e-01 
 1.000576492892374e+01  9.753609237056560e-06  1.549863118189830e-06  1.860477361377946e-11 -7.514740201550831e-11 -5.257674318431733e-04  6.174020742152265e-03 -2.628966812974839e-05  3.087085947332321e-04  9.753473744258488e-01  1.551440728511396e-01  1.195318956245806e-06  2.959335649770425e-07 -9.820597693884866e+01 -8.363027343634890e+00 -4.910419060987419e+00 -4.181719903292774e-01 
 1.029801272732159e+01  9.767068093450444e-06  1.507957835769437e-06  1.729922213051547e-11 -7.330030646533236e-11 -4.999225527573932e-04  6.361371638844109e-03 -2.499729274429595e-05  3.180759493004174e-04  9.766946351794533e-01  1.509492372701773e-01  1.132850231691518e-06  2.673580608821349e-07 -9.831447755745374e+01 -7.726262099420815e+00 -4.915837739790322e+00 -3.863311115954139e-01 
 1.059879648236794e+01  9.779808021733547e-06  1.467074981944812e-06  1.606018016586792e-11 -7.148085137572132e-11 -4.724066306945344e-04  6.553806080292371e-03 -2.362137195805770e-05  3.276974838780383e-04  9.779699293545823e-01  1.468567484749850e-01  1.073379496605020e-06  2.411648402341274e-07 -9.841406384956001e+01 -7.093810183967695e+00 -4.920811007620586e+00 -3.547061325303649e-01 
 1.090836551178667e+01  9.791865655078886e-06  1.427198675527756e-06  1.488462943101384e-11 -6.969007023302463e-11 -4.431303617733969e-04  6.751462767277540e-03 -2.215744027327312e-05  3.375801336064112e-04  9.791769240094665e-01  1.428650167079259e-01  1.016790201063822e-06  2.171693227071697e-07 -9.850501171344703e+01 -6.465348766882727e+00 -4.925352647473108e+00 -3.232808931773005e-01 
 1.122697641535919e+01  9.803275949357754e-06  1.388312485858147e-06  1.376965100609414e-11 -6.792883579066791e-11 -4.119989675516275e-04  6.954483183132068e-03 -2.060075847428764e-05  3.477309727372616e-04  9.803191182998979e-01  1.389723972074686e-01  9.629671956709607e-07  1.952001982717319e-07 -9.858757463235622e+01 -5.840546003543114e+00 -4.929475321741617e+00 -2.920387842037016e-01 
 1.155489328761837e+01  9.814072239299481e-06  1.350399520097444e-06  1.271242661692679e-11 -6.619787285651006e-11 -3.789119112340391e-04  7.163011552759954e-03 -1.894629943809779e-05  3.581572125859955e-04  9.813998491009233e-01  1.351771989464561e-01  9.117971429967175e-07  1.750985910830422e-07 -9.866198394646320e+01 -5.219061930577522e+00 -4.933190585858278e+00 -2.609627915909536e-01 
 1.189238793675479e+01  9.824286295182031e-06  1.313442503497663e-06  1.171023922081524e-11 -6.449777035331881e-11 -3.437625997448082e-04  7.377194791863885e-03 -1.718873323802123e-05  3.688661989942727e-04  9.824222966816797e-01  1.314776926672354e-01  8.631688626983824e-07  1.567172603763808e-07 -9.872844911560448e+01 -4.600549300146419e+00 -4.936508901464347e+00 -2.300355382676453e-01 
 1.223974010991678e+01  9.833948379687854e-06  1.277423853052856e-06  1.076047299313043e-11 -6.282899266512251e-11 -3.064380711333838e-04  7.597182445247947e-03 -1.532241151399212e-05  3.798654092462910e-04  9.833894903967663e-01  1.278721182543555e-01  8.169736172777831e-07  1.399198391047532e-07 -9.878715796853668e+01 -3.984654358217045e+00 -4.939439648901502e+00 -1.992393229464247e-01 
 1.259723772509109e+01  9.843087304607009e-06  1.242325744930839e-06  9.860612793751186e-12 -6.119189028892009e-11 -2.668186667993492e-04  7.823126612973977e-03 -1.334135108375223e-05  3.911624483776777e-04  9.843043143623270e-01  1.243586914846411e-01  7.731053449297476e-07  1.245801105201685e-07 -9.883827693499859e+01 -3.371017572028769e+00 -4.941991138837984e+00 -1.685561564242233e-01 
 1.296517710975623e+01  9.851730487113062e-06  1.208130176071548e-06  9.008243186628640e-12 -5.958670982183491e-11 -2.247776880414609e-04  8.055181863053842e-03 -1.123921677020617e-05  4.027650448111154e-04  9.851695130893677e-01  1.209356101933458e-01  7.314608454975224e-07  1.105813225371968e-07 -9.888195125730186e+01 -2.759274311929484e+00 -4.944170622866484e+00 -1.379677956048586e-01 
 1.334386324650640e+01  9.859904005376592e-06  1.174819020326046e-06  8.201047077814367e-12 -5.801360327645117e-11 -1.801810364614325e-04  8.293505129257453e-03 -9.009303421475860e-06  4.146810452476831e-04  9.859876970507606e-01  1.176010598938140e-01  6.919399245519653e-07  9.781553938700838e-08 -9.891830517859161e+01 -2.149055492738654e+00 -4.945984302931310e+00 -1.074557755017473e-01 
 1.373361002584963e+01  9.867632653316503e-06  1.142374079496217e-06  7.436804032342580e-12 -5.647263681461160e-11 -1.328868377845251e-04  8.538255592507565e-03 -6.644517101763202e-06  4.269184087374809e-04  9.867613481619427e-01  1.143532188866822e-01  6.544455013329786e-07  8.618302983157827e-08 -9.894744210530544e+01 -1.539988179761177e+00 -4.947437339461865e+00 -7.700143947685925e-02 
 1.413474050638960e+01  9.874939994321410e-06  1.110777129619981e-06  6.713388323055472e-12 -5.496379883149239e-11 -8.274504869769325e-05  8.789594544216515e-03 -4.137355433063960e-06  4.394851998472862e-04  9.874928251585141e-01  1.111902628931634e-01  6.188836838699752e-07  7.559169098482477e-08 -9.896944474171548e+01 -9.316961645432621e-01 -4.948533858106976e+00 -4.658596797037574e-02 
 1.454758718260685e+01  9.881848413801902e-06  1.080009962832205e-06  6.028766757405540e-12 -5.348700751393493e-11 -2.959704635284394e-05  9.047685229797360e-03 -1.479887070115058e-06  4.523895808368758e-04  9.881843688567992e-01  1.081103692454071e-01  5.851638165271789e-07  6.595650661137681e-08 -9.898437519476983e+01 -3.238005154289075e-01 -4.949276954981434e+00 -1.619040597386458e-02 
 1.497249226046130e+01  9.888379170460049e-06  1.050054425113977e-06  5.380996331081948e-12 -5.204211784908659e-11  2.672479976105014e-05  9.312692670451733e-03  1.336269706232391e-06  4.656398027491308e-04  9.888381072860037e-01  1.051117206653453e-01  5.531985029991193e-07  5.719903874070592e-08 -9.899227504776094e+01  2.840798920527335e-01 -4.949668700351429e+00  1.420431050162970e-02 
 1.540980794104458e+01  9.894552446185226e-06  1.020892450229237e-06  4.768221734020919e-12 -5.062892810690534e-11  8.639757380650366e-05  9.584783461199349e-03  4.319969288688122e-06  4.792441953121696e-04  9.894560606828585e-01  1.021925086618331e-01  5.229036080453553e-07  4.924695113858735e-08 -9.899316540163936e+01  8.923278599616219e-01 -4.949710140700115e+00  4.461732871235819e-02 
 1.585989671251729e+01  9.900387394505452e-06  9.925060901299477e-07  4.188672756477852e-12 -4.924718585317255e-11  1.496082775975274e-04  9.864125542969341e-03  7.480561943780245e-06  4.932111555445287e-04  9.900401463416643e-01  9.935093657429868e-02  4.941982412604018e-07  4.203356341291042e-08 -9.898704688307002e+01  1.501327362889975e+00 -4.949401299128533e+00  7.506785397398566e-02 
 1.632313165057305e+01  9.905902187541241e-06  9.648775420961178e-07  3.640661613381804e-12 -4.789659350116393e-11  2.165543126697139e-04  1.015088794642179e-02  1.082791791562473e-05  5.075491349468026e-04  9.905921833144338e-01  9.658522228953904e-02  4.670047253282905e-07  3.549743421166901e-08 -9.897389961859739e+01  2.111463048087519e+00 -4.948741174060385e+00  1.055751247098757e-01 
 1.679989672767859e+01  9.911114061424526e-06  9.379891728608441e-07  3.122580220019023e-12 -4.657681344265849e-11  2.874439803717013e-04  1.044524050500842e-02  1.437245243076846e-05  5.222666251552059e-04  9.911138969573827e-01  9.389360065675059e-02  4.412485512875208e-07  2.958197215571085e-08 -9.895368317454462e+01  2.723119735777536e+00 -4.947727736232266e+00  1.361583875061122e-01 
 1.729058713134605e+01  9.916039360158848e-06  9.118235399569103e-07  2.632897435034807e-12 -4.528747276571683e-11  3.624969998051292e-04  1.074735353461583e-02  1.812515159546007e-05  5.373721419242142e-04  9.916069233213832e-01  9.127432562437318e-02  4.168583227423528e-07  2.423507300571004e-08 -9.892633646253185e+01  3.336681914657273e+00 -4.946357923963695e+00  1.668368719230909e-01 
 1.779560959170137e+01  9.920693577908900e-06  8.863634105048187e-07  2.170156297204517e-12 -4.402816760868395e-11  4.419450432972056e-04  1.105739747696227e-02  2.209759916955185e-05  5.528742072968558e-04  9.920728133851949e-01  8.872567212086538e-02  3.937656911437437e-07  1.940878171114574e-08 -9.889177761075764e+01  3.952533227550272e+00 -4.944627636714477e+00  1.976297648121925e-01 
 1.831538271862029e+01  9.925091399717849e-06  8.615917776496333e-07  1.732971266195438e-12 -4.279846714263030e-11  5.260322889260731e-04  1.137554250374118e-02  2.630200419304089e-05  5.687813298122947e-04  9.925130371313037e-01  8.624593770011860e-02  3.719052835068903e-07  1.505897788151717e-08 -9.884990380145049e+01  4.571055942140605e+00 -4.942531726949770e+00  2.285561838841857e-01 
 1.885033734871138e+01  9.929246740659443e-06  8.374918748403160e-07  1.320025487778565e-12 -4.159791725866017e-11  6.150159894321822e-04  1.170195807832187e-02  3.075122943190872e-05  5.851019825912487e-04  9.929289874650840e-01  8.383344397086190e-02  3.512146245221448e-07  1.114508337441561e-08 -9.880059107517134e+01  5.192630401671618e+00 -4.940063990347165e+00  2.596351502736273e-01 
 1.940091690243374e+01  9.933172783439813e-06  8.140471881306911e-07  9.300680875252914e-13 -4.042604391516365e-11  7.091670566363439e-04  1.203681247163130e-02  3.545882059929141e-05  6.018445791304266e-04  9.933219839787673e-01  8.148653782811729e-02  3.316340537462548e-07  7.629790606603071e-09 -9.874369410293072e+01  5.817634450433919e+00 -4.937217154394020e+00  2.908855598406285e-01 
 1.996757775164537e+01  9.936882014469881e-06  7.912414666721643e-07  5.619115149688507e-13 -3.928235621748663e-11  8.087706602446264e-04  1.238027222865195e-02  4.043903629598699e-05  6.190174466277453e-04  9.936932765623122e-01  7.920359250352803e-02  3.131066394768123e-07  4.478810414557111e-09 -9.867904592738648e+01  6.446442828801373e+00 -4.933982865438495e+00  3.223261529480486e-01 
 2.055078959788689e+01  9.940386258434982e-06  7.690587315520032e-07  2.144289342985325e-13 -3.816634924055652e-11  9.141268396490437e-04  1.273250158178145e-02  4.570687860074849e-05  6.366287966506072e-04  9.940440488638417e-01  7.698300845021312e-02  2.955780901980898e-07  1.660638131346925e-09 -9.860645767470955e+01  7.079426532500596e+00 -4.930351674273751e+00  3.539754824485326e-01 
 2.115103586171410e+01  9.943696711392413e-06  7.474832831248074e-07 -1.134483240231825e-13 -3.707750658434654e-11  1.025551127028309e-03  1.309366180711086e-02  5.127812422557359e-05  6.546866929500870e-04  9.943754216027210e-01  7.482321407668739e-02  2.789966642297026e-07 -8.536632282139800e-10 -9.852571823904839e+01  7.716952130721413e+00 -4.926313020351905e+00  3.858518796118629e-01 
 2.176881408340223e+01  9.946823972431492e-06  7.264997069703213e-07 -4.227332457184827e-13 -3.601530273391599e-11  1.143375179711856e-03  1.346391051949470e-02  5.716935613415172e-05  6.731990162146881e-04  9.946884557387397e-01  7.272266634333878e-02  2.633130787507709e-07 -3.090663800407734e-09 -9.843659394189864e+01  8.359381037595114e+00 -4.921855214743207e+00  4.179734177190958e-01 
 2.240463633535380e+01  9.949778073933510e-06  7.060928786033302e-07 -7.143855460274047e-13 -3.497920517981953e-11  1.267947419389851e-03  1.384340090210768e-02  6.339799550260437e-05  6.921734255484067e-04  9.949841555011372e-01  7.067985123396421e-02  2.484804183591760e-07 -5.074752797672166e-09 -9.833882816908702e+01  9.007068731487205e+00 -4.916965421975875e+00  4.503578730459183e-01 
 2.305902964655224e+01  9.952568510471283e-06  6.862479670509045e-07 -9.893140130924310e-13 -3.396867637064711e-11  1.399633675329081e-03  1.423228086601592e-02  6.998233388051206e-05  7.116173164495091e-04  9.952634712814447e-01  6.869328411393429e-02  2.344540441442944e-07 -6.828310551969946e-09 -9.823214098852226e+01  9.660363916475850e+00 -4.911629640914358e+00  4.830226829538884e-01 
 2.373253643941275e+01  9.955204266389567e-06  6.669504374034454e-07 -1.248378772708932e-12 -3.298317546210147e-11  1.538817828286104e-03  1.463069213513711e-02  7.694156538679776e-05  7.315377750587361e-04  9.955273023942870e-01  6.676150998568237e-02  2.211915033634160e-07 -8.371867585028198e-09 -9.811622875234509e+01  1.031960762031928e+01 -4.905832684857591e+00  5.159849008048190e-01 
 2.442571497939282e+01  9.957693842109084e-06  6.481860524394168e-07 -1.492393480674896e-12 -3.202215992921544e-11  1.685902451292167e-03  1.503876925183010e-02  8.429581874919169e-05  7.519415284389647e-04  9.957764997104080e-01  6.488310365139549e-02  2.086524404920631e-07 -9.724251662148603e-09 -9.799076368763323e+01  1.098513222316171e+01 -4.899558161065185e+00  5.492611474108762e-01 
 2.513913983773484e+01  9.960045279197556e-06  6.299408734132886e-07 -1.722127431598273e-12 -3.108508702202766e-11  1.841309442915821e-03  1.545663849824454e-02  9.206618896757407e-05  7.728348906428582e-04  9.960118681662743e-01  6.305666979201710e-02  1.967985097314773e-07 -1.090272360717778e-08 -9.785539348039075e+01  1.165726041119164e+01 -4.892788449947945e+00  5.828675587311672e-01 
 2.587340236772453e+01  9.962266184251668e-06  6.122012600913429e-07 -1.938307597674371e-12 -3.017141505979232e-11  2.005480647986486e-03  1.588441672848220e-02  1.002747683503587e-04  7.942237043210877e-04  9.962341691546464e-01  6.128084297095598e-02  1.855932891467460e-07 -1.192310276855110e-08 -9.770974085817036e+01  1.233630404945685e+01 -4.885504684190240e+00  6.168197295251158e-01 
 2.662911119485990e+01  9.964363751633864e-06  5.949538701127265e-07 -2.141620584322241e-12 -2.928060463103544e-11  2.178878460082659e-03  1.632221010658043e-02  1.089446766391023e-04  8.161132776216507e-04  9.964441228005247e-01  5.955428757022679e-02  1.750021970184368e-07 -1.279988279473745e-08 -9.755340317735431e+01  1.302256296806291e+01 -4.877686728105510e+00  6.511326526740462e-01 
 2.740689272133700e+01  9.966344785107988e-06  5.781856577461418e-07 -2.332714514336619e-12 -2.841211964860680e-11  2.361986399350043e-03  1.677011274533267e-02  1.181000898996030e-04  8.385083161310292e-04  9.966424101268695e-01  5.787569766612674e-02  1.649924101856937e-07 -1.354633849060330e-08 -9.738595202184909e+01  1.371632365604590e+01 -4.869313157562674e+00  6.858206538855708e-01 
 2.820739164527068e+01  9.968215718417416e-06  5.618838721073373e-07 -2.512200827492634e-12 -2.756542834984996e-11  2.555309658416003e-03  1.722820524102044e-02  1.277662678178099e-04  8.614128496109176e-04  9.968296751144486e-01  5.624379685097383e-02  1.555327850052968e-07 -1.417462432411892e-08 -9.720693282073901e+01  1.441785785732358e+01 -4.860361240860752e+00  7.208973215010737e-01 
 2.903127149508072e+01  9.969982634848241e-06  5.460360548983022e-07 -2.680656019412643e-12 -2.674000412149926e-11  2.759375608306455e-03  1.769655309925529e-02  1.379695789958489e-04  8.848301532904342e-04  9.970065266601158e-01  5.465733800689135e-02  1.465937802605510e-07 -1.469586532890435e-08 -9.701586449329059e+01  1.512742106330389e+01 -4.850806920971222e+00  7.563754311352817e-01 
 2.987921517948628e+01  9.971651285820305e-06  5.306300377209386e-07 -2.838623298137880e-12 -2.593532631878345e-11  2.974734255349580e-03  1.817520504733009e-02  1.487375237973837e-04  9.087626634837984e-04  9.971735404377586e-01  5.311510303712877e-02  1.381473830400215e-07 -1.512024083499472e-08 -9.681223913060907e+01  1.584525089697534e+01 -4.840624799613291e+00  7.922668648892216e-01 
 3.075192555356457e+01  9.973227108547076e-06  5.156539390175784e-07 -2.986614175939970e-12 -2.515088095952627e-11  3.201958639068523e-03  1.866419122876724e-02  1.600987542424226e-04  9.332118873178434e-04  9.973312606660515e-01  5.161590255994131e-02  1.301670368852870e-07 -1.545706165232558e-08 -9.659552172421220e+01  1.657156538363443e+01 -4.829788123675251e+00  8.285825248943660e-01 
 3.165012600134288e+01  9.974715242805075e-06  5.010961606829057e-07 -3.125109987344182e-12 -2.438616134338842e-11  3.441645160024964e-03  1.916352127614248e-02  1.720830903996626e-04  9.581783063733044e-04  9.974802017870744e-01  5.015857556962477e-02  1.226275724991455e-07 -1.571484114061897e-08 -9.636514995281144e+01  1.730656110383351e+01 -4.818268774546477e+00  8.653322409671845e-01 
 3.257456103540697e+01  9.976120546852157e-06  4.869453843895418e-07 -3.254563354841589e-12 -2.364066864235013e-11  3.694413825480886e-03  1.967318225877003e-02  1.847215326697434e-04  9.836612740691669e-04  9.976208500597401e-01  4.874198906890370e-02  1.155051412154995e-07 -1.590136072641968e-08 -9.612053403966650e+01  1.805041122467350e+01 -4.806037260978354e+00  9.025246721803873e-01 
 3.352599691402281e+01  9.977447612533025e-06  4.731905676655639e-07 -3.375399578557203e-12 -2.291391240367614e-11  3.960908399602837e-03  2.019313650247360e-02  1.980462692956194e-04  1.009658906651309e-03  9.977536650718675e-01  4.736503767650441e-02  1.087771508770374e-07 -1.602373015828149e-08 -9.586105669400155e+01  1.880326340623521e+01 -4.793062716148557e+00  9.401672021905692e-01 
 3.450522227628306e+01  9.978700779608964e-06  4.598209397590873e-07 -3.488017976461681e-12 -2.220541098773501e-11  4.241796443749360e-03  2.072331927945588e-02  2.120906783770891e-04  1.036167967686051e-03  9.978790811746162e-01  4.602664321340505e-02  1.024222042039780e-07 -1.608844302182152e-08 -9.558607315113537e+01  1.956523758075777e+01 -4.779312899661249e+00  9.782658282027230e-01 
 3.551304879580502e+01  9.979884149348025e-06  4.468259973213244e-07 -3.592793155594669e-12 -2.151469202389961e-11  4.537769231168842e-03  2.126363636723305e-02  2.268893236058445e-04  1.063183746006972e-03  9.979975088428888e-01  4.472575427094327e-02  9.642003998000526e-08 -1.610142777398391e-08 -9.529491132717089e+01  2.033642360315011e+01 -4.764754205275548e+00  1.016825043500978e+00 
 3.655031185352166e+01  9.981001597409972e-06  4.341954999371512e-07 -3.690076250830787e-12 -2.084129273460199e-11  4.849541519204713e-03  2.181396147673876e-02  2.424779428758854e-04  1.090699927120172e-03  9.981093359651705e-01  4.346134576367081e-02  9.075147627823910e-08 -1.606809479654664e-08 -9.498687210529621e+01  2.111687877257997e+01 -4.749351675214771e+00  1.055847713532793e+00 
 3.761787123012352e+01  9.982056786059980e-06  4.219194655296623e-07 -3.780196090352153e-12 -2.018476028568770e-11  5.177851160875050e-03  2.237413355104276e-02  2.588934288626539e-04  1.118708458140286e-03  9.982149290661625e-01  4.223241846958248e-02  8.539835640725135e-08 -1.599337958162889e-08 -9.466122977195870e+01  2.190662522624269e+01 -4.733069021969603e+00  1.095334945601759e+00 
 3.871661181872537e+01  9.983053175742678e-06  4.099881656614824e-07 -3.863460325981312e-12 -1.954465210726452e-11  5.523458536484293e-03  2.294395393769118e-02  2.761738006037747e-04  1.147199406407558e-03  9.983146344654403e-01  4.103799856009713e-02  8.034349721630640e-08 -1.588178250716554e-08 -9.431723262235934e+01  2.270564720798811e+01 -4.715868658567500e+00  1.135285952302974e+00 
 3.984744435834848e+01  9.983994036048235e-06  3.983921207563077e-07 -3.940156522679340e-12 -1.892053611974446e-11  5.887145784760663e-03  2.352318343947579e-02  2.943581650560820e-04  1.176160812026376e-03  9.984087793752336e-01  3.987713712194860e-02  7.557063941981967e-08 -1.573740542808004e-08 -9.395410375585632e+01  2.351388821629585e+01 -4.697711738337784e+00  1.175697908925499e+00 
 4.101130618882631e+01  9.984882456099652e-06  3.871220952578625e-07 -4.010553195062050e-12 -1.831199100057763e-11  6.269715811923307e-03  2.411153925049619e-02  3.134866675491320e-04  1.205578534668437e-03  9.984976729403179e-01  3.874890967293240e-02  7.106440044063467e-08 -1.556398527245706e-08 -9.357104208293310e+01  2.433124803815393e+01 -4.678558205255174e+00  1.216565805149692e+00 
 4.220916202775953e+01  9.985721354390170e-06  3.761690927455135e-07 -4.074900821785031e-12 -1.771860640427389e-11  6.671991056101777e-03  2.470869178670564e-02  3.336004300063374e-04  1.235436095100097e-03  9.985816072228710e-01  3.765241567326730e-02  6.681022930721259e-08 -1.536492498879251e-08 -9.316722356634422e+01  2.515757967772851e+01 -4.658366855992434e+00  1.257882291483831e+00 
 4.344200477016420e+01  9.986513488097974e-06  3.655243510218044e-07 -4.133432806213026e-12 -1.713998314507556e-11  7.094811983696812e-03  2.531426142274204e-02  3.547414757631659e-04  1.265714512023975e-03  9.986608581350386e-01  3.658677803415450e-02  6.279436357697898e-08 -1.514332191913069e-08 -9.274180271986197e+01  2.599268619132596e+01 -4.637095414853260e+00  1.299637521015084e+00 
 4.471085631147609e+01  9.987261461904486e-06  3.551793371857326e-07 -4.186366431000102e-12 -1.657573338114665e-11  7.539035293629661e-03  2.592781514974828e-02  3.769526397797722e-04  1.296392134970015e-03  9.987356863218317e-01  3.555114262495795e-02  5.900378835521636e-08 -1.490199396866898e-08 -9.229391438866709e+01  2.683631744305114e+01 -4.614700622787552e+00  1.341818987195075e+00 
 4.601676839459326e+01  9.987967736341130e-06  3.451257427057011e-07 -4.233903754180266e-12 -1.602548077975871e-11  8.005531805027688e-03  2.654886317208558e-02  4.002774630254457e-04  1.327444474131198e-03  9.988063379968610e-01  3.454467778028136e-02  5.542619724296927e-08 -1.464350354364076e-08 -9.182267583579942e+01  2.768816679876292e+01 -4.591138341709908e+00  1.384411358540080e+00 
 4.736082348165896e+01  9.988634635688741e-06  3.353554785014688e-07 -4.276232522866416e-12 -1.548886063693410e-11  8.495184003791940e-03  2.717685546433813e-02  4.247600698071618e-04  1.358844028213807e-03  9.988730457333133e-01  3.356657380808470e-02  5.204995504742849e-08 -1.437017969267533e-08 -9.132718915916732e+01  2.854786777941653e+01 -4.566363675346189e+00  1.427396311300378e+00 
 4.874413565130762e+01  9.989264355452248e-06  3.258606700482728e-07 -4.313527012383151e-12 -1.496552002434733e-11  9.008883223748409e-03  2.781117831378798e-02  4.504450268273210e-04  1.390560111561201e-03  9.989360292124488e-01  3.261604249985817e-02  4.886406243520547e-08 -1.408413826623628e-08 -9.080654406333163e+01  2.941499069865536e+01 -4.540331107819028e+00  1.470752361341879e+00 
 5.016785152211742e+01  9.989858969432307e-06  3.166336525096828e-07 -4.345948889548192e-12 -1.445511789790549e-11  9.547526438764135e-03  2.845115087758845e-02  4.773771827897349e-04  1.422558682012508e-03  9.989954959318131e-01  3.169231664375954e-02  4.585812221624685e-08 -1.378730057617454e-08 -9.025982100958029e+01  3.028903931355237e+01 -4.512994661148017e+00  1.514454696685062e+00 
 5.163315120303507e+01  9.990420436415284e-06  3.076669659079134e-07 -4.373648050775782e-12 -1.395732515050313e-11  1.011201264338122e-02  2.909602178815476e-02  5.056014874315137e-04  1.454802171172164e-03  9.990516418752405e-01  3.079464954152011e-02  4.302230714736677e-08 -1.348141049706611e-08 -8.968609476661408e+01  3.116944752167794e+01 -4.484308072780599e+00  1.558475012360085e+00 
 5.314124927156059e+01  9.990950606500442e-06  2.989533503392947e-07 -4.396763431421886e-12 -1.347182477012661e-11  1.070323880125778e-02  2.974496584478041e-02  5.351627889453052e-04  1.487249318990739e-03  9.991046521466358e-01  2.992231452982586e-02  4.034732969254717e-08 -1.316805011753776e-08 -8.908443838240561e+01  3.205557614214368e+01 -4.454224994181812e+00  1.602781349460525e+00 
 5.469339578050275e+01  9.991451227084204e-06  2.904857412412416e-07 -4.415423817929621e-12 -1.299831181342895e-11  1.132209534307850e-02  3.039708083412601e-02  5.661056088750147e-04  1.519855014789363e-03  9.991547015694218e-01  2.907460450680061e-02  3.782441275468340e-08 -1.284865414627814e-08 -8.845392759539860e+01  3.294670982288947e+01 -4.422699211391138e+00  1.647337940509159e+00 
 5.629087729413985e+01  9.991923948518455e-06  2.822572647146805e-07 -4.429748655194983e-12 -1.253649352054110e-11  1.196946119868038e-02  3.105138452694278e-02  5.984738937222953e-04  1.552570147095882e-03  9.992019552534560e-01  2.825083146413415e-02  3.544526233634215e-08 -1.252452313800327e-08 -8.779364570011101e+01  3.384205412117365e+01 -4.389684888299741e+00  1.692105063483758e+00 
 5.793501795464459e+01  9.992370329461133e-06  2.742612329093052e-07 -4.439848830302345e-12 -1.208608927663631e-11  1.264619835200085e-02  3.170681190310070e-02  6.323107426941509e-04  1.585341464896224e-03  9.992465691311226e-01  2.745032602533326e-02  3.320204116502579e-08 -1.219683557320342e-08 -8.710268887832225e+01  3.474073280890663e+01 -4.355136833206982e+00  1.737038907084931e+00 
 5.962718057965701e+01  9.992791841933811e-06  2.664911394729096e-07 -4.445827488786196e-12 -1.164683066834251e-11  1.335314591215892e-02  3.236221266158977e-02  6.676581112572048e-04  1.618111453134413e-03  9.992886904642314e-01  2.667243699050109e-02  3.108734396295443e-08 -1.186665903193072e-08 -8.638017200230270e+01  3.564178545903759e+01 -4.319010788979234e+00  1.782091450056518e+00 
 6.136876779191527e+01  9.993189876103495e-06  2.589406550707594e-07 -4.447780787011930e-12 -1.121846144593874e-11  1.409111369957775e-02  3.301634907652765e-02  7.045564904440310e-04  1.650818225512880e-03  9.993284583232679e-01  2.591653088800139e-02  2.909417375074330e-08 -1.153496026582053e-08 -8.562523491092755e+01  3.654416537353344e+01 -4.281263746852987e+00  1.827210357585472e+00 
 6.316122318188066e+01  9.993565744801974e-06  2.516036229770636e-07 -4.445798716455900e-12 -1.080073747117596e-11  1.486087535259018e-02  3.366789426419940e-02  7.430445621836367e-04  1.683395437844363e-03  9.993660040404646e-01  2.518199153330131e-02  2.721591937232537e-08 -1.120261461178516e-08 -8.483704915296506e+01  3.744673791744665e+01 -4.241854283596830e+00  1.872338898006088e+00 
 6.500603250432047e+01  9.993920687796986e-06  2.444740547403340e-07 -4.439965863207443e-12 -1.039342663976234e-11  1.566316096745740e-02  3.431543092961772e-02  7.831588313026022e-04  1.715772225379811e-03  9.994014516380914e-01  2.446821959524342e-02  2.544633415785258e-08 -1.087041443794887e-08 -8.401482518432715e+01  3.834827932698703e+01 -4.200742921371632e+00  1.917415883204328e+00 
 6.690472490984055e+01  9.994255875829063e-06  2.375461259266449e-07 -4.430362209572941e-12 -9.996308793217070e-12  1.649864929317612e-02  3.495745066384524e-02  8.249332352656392e-04  1.747873167674371e-03  9.994349182332862e-01  2.377463216995396e-02  2.377951571069792e-08 -1.053907696790118e-08 -8.315781999760841e+01  3.924747606222303e+01 -4.157892509205272e+00  1.962375636253533e+00 
 6.885887421238846e+01  9.994572414425876e-06  2.308141719406303e-07 -4.417063901000532e-12 -9.609175583515258e-12  1.736795951182080e-02  3.559235386517991e-02  8.683987331929012e-04  1.779618284646508e-03  9.994665144206873e-01  2.310066236255132e-02  2.220988667978041e-08 -1.020925133961206e-08 -8.226534515285714e+01  4.014292477684559e+01 -4.113268624529072e+00  2.007147989903162e+00 
 7.087010019377773e+01  9.994871347506650e-06  2.242726839268741e-07 -4.400144059696877e-12 -9.231830290704897e-12  1.827164264540604e-02  3.621845035806422e-02  9.135828762032865e-04  1.810923067523300e-03  9.994963446340579e-01  2.244575887678651e-02  2.073217648251857e-08 -9.881525149567708e-09 -8.133677516827395e+01  4.103313297813520e+01 -4.066839992710725e+00  2.051658319577628e+00 
 7.294006994631462e+01  9.995153660787155e-06  2.179163047520195e-07 -4.379673518008689e-12 -8.864087606280828e-12  1.921017264125819e-02  3.683396078303503e-02  9.605093616831958e-04  1.841698548337728e-03  9.995245074880360e-01  2.180938561271156e-02  1.934140397147344e-08 -9.556430231459807e-09 -8.037155621852052e+01  4.191652044966829e+01 -4.018578921967807e+00  2.095827614511983e+00 
 7.507049925464023e+01  9.995420284997404e-06  2.117398250684106e-07 -4.355721619519637e-12 -8.505773365154974e-12  2.018393719951831e-02  3.743701882897413e-02  1.009197574661843e-03  1.871851411540993e-03  9.995510961010831e-01  2.119102127244754e-02  1.803286096835333e-08 -9.234448063643805e-09 -7.936921507668409e+01  4.279142150717966e+01 -3.968461750464197e+00  2.139572590545365e+00 
 7.726315401793336e+01  9.995672098921014e-06  2.057381794608919e-07 -4.328356981253588e-12 -8.156724292086449e-12  2.119322841847186e-02  3.802567437515179e-02  1.059662120077886e-03  1.901284151104455e-03  9.995761984006460e-01  2.059015897409222e-02  1.680209676946376e-08 -8.916014596982783e-09 -7.832936822386925e+01  4.365608815416113e+01 -3.916469301787972e+00  2.182805847901162e+00 
 7.951985171365304e+01  9.995909932266517e-06  1.999064426745981e-07 -4.297648228188354e-12 -7.816787607916699e-12  2.223823334568215e-02  3.859789760489226e-02  1.111912350336223e-03  1.929895276202651e-03  9.995998974115023e-01  2.000630587378777e-02  1.564490325484114e-08 -8.601524580922545e-09 -7.725173103810894e+01  4.450869419803826e+01 -3.862587344395342e+00  2.225436076996019e+00 
 8.184246290403389e+01  9.996134568379833e-06  1.942398259270400e-07 -4.263664732827666e-12 -7.485820592070068e-12  2.331902453511423e-02  3.915158414497576e-02  1.165951893164282e-03  1.957579568183109e-03  9.996222715281938e-01  1.943898279594669e-02  1.455730079535922e-08 -8.291335497952884e-09 -7.613612696208394e+01  4.534734037997396e+01 -3.806807049995113e+00  2.267368314930106e+00 
 8.423291278658319e+01  9.996346746806648e-06  1.887336733002055e-07 -4.226477338940382e-12 -7.163690259018530e-12  2.443555072224318e-02  3.968456127500681e-02  1.221778185367522e-03  1.984228391034476e-03  9.996433947724244e-01  1.888772387161564e-02  1.353552522148638e-08 -7.985771097130875e-09 -7.498249653734601e+01  4.617006056137703e+01 -3.749125445258453e+00  2.308504254812615e+00 
 8.669318278986466e+01  9.996547165713070e-06  1.833834582178236e-07 -4.186159028061848e-12 -6.850272662421844e-12  2.558762774017659e-02  4.019459523885436e-02  1.279382018635584e-03  2.009730056958204e-03  9.996633370362304e-01  1.835207618493984e-02  1.257601486837068e-08 -7.685124486659159e-09 -7.379090618172030e+01  4.697482899797875e+01 -3.689545850687689e+00  2.348742609465550e+00 
 8.922531221589202e+01  9.996736484172141e-06  1.781847800005291e-07 -4.142785571856552e-12 -6.545452522028079e-12  2.677492980967619e-02  4.067939967589910e-02  1.338747104043395e-03  2.033970247930599e-03  9.996821643117122e-01  1.783159942767576e-02  1.167539902952042e-08 -7.389660910744542e-09 -7.256155657673381e+01  4.775956871787231e+01 -3.628078299986551e+00  2.387979530325659e+00 
 9.183139993049316e+01  9.996915324323986e-06  1.731333605051611e-07 -4.096436157547999e-12 -6.249122456904930e-12  2.799698134420368e-02  4.113664517326963e-02  1.399849662303421e-03  2.056832493314289e-03  9.996999389080492e-01  1.732586556168747e-02  1.083048641048467e-08 -7.099620217350562e-09 -7.129479052370644e+01  4.852216100325395e+01 -3.564739932863603e+00  2.426109081531383e+00 
 9.451360610304671e+01  9.997084273416668e-06  1.682250408417988e-07 -4.047193923928258e-12 -5.961182386193811e-12  2.925314941729198e-02  4.156396992166460e-02  1.462658047134171e-03  2.078198702648994e-03  9.997167196565052e-01  1.683445848934995e-02  1.003825462336794e-08 -6.815218942576168e-09 -6.999110012100719e+01  4.926045595690941e+01 -3.499555353894059e+00  2.463023768247031e+00 
 9.727415399703246e+01  9.997243885734764e-06  1.634557781713536e-07 -3.995146522984307e-12 -5.681538801129933e-12  3.054263704320654e-02  4.195899143697673e-02  1.527132409293152e-03  2.097949751732396e-03  9.997325621040745e-01  1.635697373177314e-02  9.295840132372835e-09 -6.536652249154989e-09 -6.865113311136153e+01  4.997228411399237e+01 -3.432556949884259e+00  2.498615117251550e+00 
 1.001153318128803e+02  9.997394684420557e-06  1.588216425801392e-07 -3.940386519273446e-12 -5.410103999656442e-12  3.186447742258652e-02  4.231931928809807e-02  1.593224408858781e-03  2.115966119010063e-03  9.997475186963986e-01  1.589301811474858e-02  8.600528796087747e-09 -6.264095427533246e-09 -6.727569824743337e+01  5.065546903768325e+01 -3.363785158149962e+00  2.532774306721272e+00 
 1.030394945846446e+02  9.997537163196923e-06  1.543188140330472e-07 -3.883011804606398e-12 -5.146795218103597e-12  3.321752930215125e-02  4.264256874842202e-02  1.660876983215513e-03  2.132128568150236e-03  9.997616389505360e-01  1.544220946232044e-02  7.949746874680308e-09 -5.997705300074194e-09 -6.586576952657856e+01  5.130784081432305e+01 -3.293288678253327e+00  2.565392840986396e+00 
 1.060490661320774e+02  9.997671787993445e-06  1.499435794008810e-07 -3.823125891153391e-12 -4.891533878803305e-12  3.460047359130560e-02  4.292637526519857e-02  1.730024177883880e-03  2.146318871511281e-03  9.997749696181499e-01  1.500417629786416e-02  7.341052821185912e-09 -5.737621327865910e-09 -6.442248915200504e+01  5.192725034012515e+01 -3.221124620060313e+00  2.596363264866388e+00 
 1.091465410697163e+02  9.997798998485754e-06  1.456923295634766e-07 -3.760838166636746e-12 -4.644244629566434e-12  3.601181136833342e-02  4.316840961765716e-02  1.800591046829885e-03  2.158420568047560e-03  9.997875548396372e-01  1.457855755256454e-02  6.772129308718622e-09 -5.483966587695871e-09 -6.294716908781754e+01  5.251158426818365e+01 -3.147358581492414e+00  2.625579911020185e+00 
 1.123344868746550e+02  9.997919209549237e-06  1.415615565848131e-07 -3.696264001788215e-12 -4.404854431821892e-12  3.744986339470784e-02  4.336639361237174e-02  1.872493628180206e-03  2.168319748077427e-03  9.997994362896998e-01  1.416500228116668e-02  6.240775882182525e-09 -5.236848480143393e-09 -6.144129108969999e+01  5.305878046191314e+01 -3.072064650060349e+00  2.652939672617992e+00 
 1.156155460147083e+02  9.998032812634129e-06  1.375478509613084e-07 -3.629524829152078e-12 -4.173291710118020e-12  3.891277123786331e-02  4.351811614344607e-02  1.945639000360445e-03  2.175905856292288e-03  9.998106533148287e-01  1.376316938487887e-02  5.744902199789070e-09 -4.996359378528839e-09 -5.990650511130683e+01  5.356684378000690e+01 -2.995325323183310e+00  2.678342792589026e+00 
 1.189924381387368e+02  9.998140177066121e-06  1.336478989396109e-07 -3.560748120814031e-12 -3.949485388890224e-12  4.039850008071167e-02  4.362144942650804e-02  2.019925422570564e-03  2.181072503456132e-03  9.998212430631492e-01  1.337272734129930e-02  5.282521579885735e-09 -4.762577130086078e-09 -5.834462600864880e+01  5.403386199925670e+01 -2.917231343407981e+00  2.701693659762365e+00 
 1.224679623309466e+02  9.998241651277008e-06  1.298584799024798e-07 -3.490067188254465e-12 -3.733363945600247e-12  4.190484327054010e-02  4.367436519998322e-02  2.095242562229360e-03  2.183718276469092e-03  9.998312406070493e-01  1.299335394123652e-02  4.851745019629483e-09 -4.535565336120321e-09 -5.675762849057815e+01  5.445802166590237e+01 -2.837881445932635e+00  2.722901601434307e+00 
 1.260449994310316e+02  9.998337563967469e-06  1.261764638241627e-07 -3.417621025669484e-12 -3.524854558207003e-12  4.342942863115658e-02  4.367495067539835e-02  2.171471810581334e-03  2.183747535882531e-03  9.998406790589859e-01  1.262473603228909e-02  4.450775747955049e-09 -4.315373734026760e-09 -5.514764029244813e+01  5.483762365429912e+01 -2.757382017289969e+00  2.741881661301687e+00 
 1.297265144220838e+02  9.998428225209141e-06  1.225988087881144e-07 -3.343553938095624e-12 -3.323882231803354e-12  4.496972653086571e-02  4.362142401120036e-02  2.248486686095024e-03  2.181071189589982e-03  9.998495896808549e-01  1.226656926905506e-02  4.077904118549025e-09 -4.102038346693627e-09 -5.351693358152983e+01  5.517109820426688e+01 -2.675846665617906e+00  2.758555351329308e+00 
 1.335155588882483e+02  9.998513927486864e-06  1.191225585724792e-07 -3.268015121659313e-12 -3.130368904008742e-12  4.652305966581572e-02  4.351214908231327e-02  2.326153323629926e-03  2.175607431305009e-03  9.998580019872708e-01  1.191855786983309e-02  3.731502822013066e-09 -3.895581646379351e-09 -5.186791463606099e+01  5.545701920606250e+01 -2.593395704611998e+00  2.772851365998589e+00 
 1.374152735441617e+02  9.998594946684220e-06  1.157448402943359e-07 -3.191158172208584e-12 -2.944232755345708e-12  4.808661448434657e-02  4.334564932080411e-02  2.404331045653458e-03  2.167282432594601e-03  9.998659438431035e-01  1.158041437967977e-02  3.410022660077505e-09 -3.696012708018746e-09 -5.020311187399977e+01  5.569411750491142e+01 -2.510155554963149e+00  2.784706247534238e+00 
 1.414288908382709e+02  9.998671543018501e-06  1.124628621188874e-07 -3.113140472551276e-12 -2.765387478673033e-12  4.965745414415591e-02  4.312062041182359e-02  2.482873010098825e-03  2.156030977676350e-03  9.998734415555803e-01  1.125185943969126e-02  3.111988534920673e-09 -3.503327303277549e-09 -4.852516234168120e+01  5.588129300567849e+01 -2.426258068790482e+00  2.794064991137934e+00 
 1.455597376321882e+02  9.998743961923231e-06  1.092739110251364e-07 -3.034122540524678e-12 -2.593741508956986e-12  5.123253286143179e-02  4.283594164347482e-02  2.561626927821240e-03  2.141797030912078e-03  9.998805199612645e-01  1.093262156236824e-02  2.835995646655043e-09 -3.317508042582906e-09 -4.683679680559821e+01  5.601762537260667e+01 -2.341839784230434e+00  2.800881579975457e+00 
 1.498112379583058e+02  9.998812434886203e-06  1.061753506289165e-07 -2.954267279324307e-12 -2.429197691679865e-12  5.280871148062400e-02  4.249068572927547e-02  2.640435841086120e-03  2.124534227931206e-03  9.998872025081870e-01  1.062243691293535e-02  2.580706398580546e-09 -3.138524500077670e-09 -4.514082362139320e+01  5.610238313893499e+01 -2.257041118886424e+00  2.805119440657847e+00 
 1.541869158579545e+02  9.998877180240448e-06  1.031646190665291e-07 -2.873739158034870e-12 -2.271652621905448e-12  5.438277406627128e-02  4.208412694704039e-02  2.719138953160085e-03  2.104206282575178e-03  9.998935113334017e-01  1.032104909647508e-02  2.344847108148862e-09 -2.966333359825067e-09 -4.344011158183348e+01  5.613503106625817e+01 -2.172005512227671e+00  2.806751811209686e+00 
 1.586903983024584e+02  9.998938403914316e-06  1.002392269278205e-07 -2.792703452313943e-12 -2.120996369301064e-12  5.595144529521844e-02  4.161574746773691e-02  2.797572497921506e-03  2.080787303340567e-03  9.998994673362225e-01  1.002820895074719e-02  2.127205300794799e-09 -2.800878715915854e-09 -4.173757196910221e+01  5.611523562312358e+01 -2.086878528203782e+00  2.805762014999309e+00 
 1.633254181995089e+02  9.998996300141211e-06  9.739675524574574e-08 -2.711325303325697e-12 -1.977112204357959e-12  5.751140840947531e-02  4.108524178137621e-02  2.875570637503202e-03  2.054262014674028e-03  9.999050902473763e-01  9.743674344559750e-03  1.926627121728863e-09 -2.642092266540511e-09 -4.003614005533496e+01  5.604286848580877e+01 -2.001806930271619e+00  2.802143635778081e+00 
 1.680958174873471e+02  9.999051052130173e-06  9.463485353927541e-08 -2.629768858705427e-12 -1.839876383350297e-12  5.905932347756319e-02  4.049251916336964e-02  2.952966375359535e-03  2.024625880290512e-03  9.999103986943001e-01  9.467209981560198e-03  1.742014914263290e-09 -2.489893676763284e-09 -3.833875630831012e+01  5.591800800055559e+01 -1.916937741679800e+00  2.795900590792531e+00 
 1.730055503193224e+02  9.999102832701200e-06  9.195123790270605e-08 -2.548196359137108e-12 -1.709158198425677e-12  6.059184570593211e-02  3.983770416292944e-02  3.029592471837123e-03  1.991885127593739e-03  9.999154102628001e-01  9.198587209319320e-03  1.572325138143871e-09 -2.344190956746119e-09 -3.664834756607611e+01  5.574093858469394e+01 -1.832417304200023e+00  2.787047100841015e+00 
 1.780586863414645e+02  9.999151804885030e-06  8.934368914983136e-08 -2.466767295282749e-12 -1.584819901386439e-12  6.210564354217902e-02  3.912113513389034e-02  3.105282349335653e-03  1.956056674217711e-03  9.999201415552679e-01  8.937583833578511e-03  1.416566225431737e-09 -2.204880966878448e-09 -3.496780844482026e+01  5.551214808293943e+01 -1.748390348520424e+00  2.775607558089087e+00 
 1.832594140657869e+02  9.999198122491264e-06  8.681005100180661e-08 -2.385637508796930e-12 -1.466716986447691e-12  6.359741631837017e-02  3.834336086659553e-02  3.179870974473950e-03  1.917167959621468e-03  9.999246082456532e-01  8.683983937536721e-03  1.273796818024309e-09 -2.071849917702814e-09 -3.329998323842899e+01  5.523232313352382e+01 -1.664999089223459e+00  2.761616294376524e+00 
 1.886120443421177e+02  9.999241930643334e-06  8.434822832488649e-08 -2.304958376776903e-12 -1.354698364800405e-12  6.506391119556622e-02  3.750513541606985e-02  3.253195705316250e-03  1.875256686498180e-03  9.999288251313655e-01  8.437577706050359e-03  1.143123928848411e-09 -1.944973983844349e-09 -3.164764855616117e+01  5.490234263557111e+01 -1.582382356669403e+00  2.745117254586632e+00 
 1.941210139313353e+02  9.999283366285091e-06  8.195618541434989e-08 -2.224876030039417e-12 -1.248606760074976e-12  6.650193918923086e-02  3.660741125551076e-02  3.325097092642701e-03  1.830370478450134e-03  9.999328061822804e-01  8.198161254627301e-03  1.023701318159098e-09 -1.824119969168810e-09 -3.001349692709359e+01  5.452326944318634e+01 -1.500674777218399e+00  2.726163581351203e+00 
 1.997908891829712e+02  9.999322558658837e-06  7.963194432092542e-08 -2.145530628545033e-12 -1.148279063030063e-12  6.790839007894366e-02  3.565133091418980e-02  3.395419625435116e-03  1.782566461884219e-03  9.999365645870113e-01  7.965536463093614e-03  9.147278420829075e-10 -1.709146030053846e-09 -2.840012157712459e+01  5.409634044212315e+01 -1.420006012080380e+00  2.704817118884370e+00 
 2.056263698202274e+02  9.999359629754203e-06  7.737358322448817e-08 -2.067055706588623e-12 -1.053546954173554e-12  6.928024603392620e-02  3.463821728435487e-02  3.464012412153460e-03  1.731910781357422e-03  9.999401127965948e-01  7.739510813813799e-03  8.154460232057126e-10 -1.599902452382486e-09 -2.681000255714239e+01  5.362295519082483e+01 -1.340500063723177e+00  2.681147845035147e+00 
 2.116322928355473e+02  9.999394694734065e-06  7.517923484917297e-08 -1.989577575386268e-12 -9.642373463005111e-13  7.061459381740194e-02  3.356956280202294e-02  3.530729790954042e-03  1.678478058616826e-03  9.999434625657371e-01  7.519897234352924e-03  7.251404685049145e-10 -1.496232458406393e-09 -2.524549437040526e+01  5.310466332847944e+01 -1.262274657241182e+00  2.655233241690626e+00 
 2.178136364999672e+02  9.999427862333330e-06  7.304708492055466e-08 -1.913214844710652e-12 -8.801731899237621e-13  7.190863546671740e-02  3.244701772121948e-02  3.595431863695831e-03  1.622350806311907e-03  9.999466249917572e-01  7.306513944462856e-03  6.431365648373877e-10 -1.397973077468632e-09 -2.370881521425397e+01  5.254315096806613e+01 -1.185440702440598e+00  2.627157614428715e+00 
 2.241755244895736e+02  9.999459235235641e-06  7.097537066359447e-08 -1.838077952487208e-12 -8.011739287398272e-13  7.315969738139928e-02  3.127237771003570e-02  3.657984950343576e-03  1.563618807797661e-03  9.999496105513543e-01  7.099184307284512e-03  5.687988968716695e-10 -1.304955983007748e-09 -2.220203791703619e+01  5.194022630199505e+01 -1.110101840685237e+00  2.597011372800508e+00 
 2.307232301324852e+02  9.999488910427760e-06  6.896237934395436e-08 -1.764268917009320e-12 -7.270563773647923e-13  7.436523778685333e-02  3.004757099982237e-02  3.718261962153066e-03  1.502378474594546e-03  9.999524291353166e-01  6.897736684655986e-03  5.015299772703763e-10 -1.217008443077806e-09 -2.072708261660684e+01  5.129780465185802e+01 -1.036354078821113e+00  2.564890282818164e+00 
 2.374621807798808e+02  9.999516979532446e-06  6.700644684530695e-08 -1.691880958613565e-12 -6.576353166007795e-13  7.552285257621975e-02  2.877464531610849e-02  3.776142693764194e-03  1.438732192934611e-03  9.999550900812946e-01  6.702004296419595e-03  4.407687617669076e-10 -1.133954117670671e-09 -1.928571119297466e+01  5.061789319221247e+01 -9.642855108083235e-01  2.530894703144393e+00 
 2.443979623046959e+02  9.999543529120226e-06  6.510595628697775e-08 -1.620998517898009e-12 -5.927243231047019e-13  7.663027956606236e-02  2.745575481177905e-02  3.831514035985767e-03  1.372787670420526e-03  9.999576022047398e-01  6.511825083622969e-03  3.859893307756046e-10 -1.055614066644561e-09 -1.787952343549374e+01  4.990257557158997e+01 -8.939761260801489e-01  2.495128816143145e+00 
 2.515363237317169e+02  9.999568641004798e-06  6.325933668126921e-08 -1.551697002298034e-12 -5.321364151791112e-13  7.768540123228300e-02  2.609314721017983e-02  3.884270112591549e-03  1.304657293180940e-03  9.999599738281129e-01  6.327041575514392e-03  3.366994461018180e-10 -9.818074957635564e-10 -1.650995489523796e+01  4.915399664257735e+01 -8.254977021613223e-01  2.457699864383871e+00 
 2.588831820029105e+02  9.999592392517941e-06  6.146506162331075e-08 -1.484042921862126e-12 -4.756848515168579e-13  7.868624602024260e-02  2.468915134875823e-02  3.934312345826640e-03  1.234457503052585e-03  9.999622128084601e-01  6.147500760228797e-03  2.924392186742786e-10 -9.123526872141172e-10 -1.517827634648986e+01  4.837434749749713e+01 -7.589137777419952e-01  2.418717402425703e+00 
 2.664446268819397e+02  9.999614856768590e-06  5.972164802362651e-08 -1.418093900904441e-12 -4.231836557633556e-13  7.963098834701794e-02  2.324616529330154e-02  3.981549456520639e-03  1.162308203292210e-03  9.999643265634448e-01  5.973053959069163e-03  2.527796166829077e-10 -8.470677631544632e-10 -1.388559475811661e+01  4.756585098763001e+01 -6.942797012460743e-01  2.378292572778700e+00 
 2.742269260019290e+02  9.999636102886082e-06  5.802765486975954e-08 -1.353898868771368e-12 -3.744485205741555e-13  8.051794743366374e-02  2.176664516954586e-02  4.025897405701070e-03  1.088332200157030e-03  9.999663220959254e-01  5.803556704286950e-03  2.173212304557026e-10 -7.857714796758244e-10 -1.263285565632669e+01  4.673074788283492e+01 -6.316427489686077e-01  2.336537413884936e+00 
 2.822365300606658e+02  9.999656196247784e-06  5.638168202736112e-08 -1.291498259918843e-12 -3.292971822569722e-13  8.134558512106237e-02  2.025309483366062e-02  4.067279285386158e-03  1.012654686428898e-03  9.999682060171567e-01  5.638868620267717e-03  1.856927389631835e-10 -7.282839397737897e-10 -1.142084674507995e+01  4.587128380559665e+01 -5.710423060958467e-01  2.293564206820917e+00 
 2.904800781675420e+02  9.999675198693143e-06  5.478236907554071e-08 -1.230924298476684e-12 -2.875501370349981e-13  8.211250283436070e-02  1.870805647660855e-02  4.105625166806940e-03  9.354027716322328e-04  9.999699845686917e-01  5.478853308031356e-03  1.575496191841275e-10 -6.744272719504465e-10 -1.025020263929170e+01  4.498969704971680e+01 -5.125101033650308e-01  2.249484866232129e+00 
 2.989644033466696e+02  9.999693168724090e-06  5.322839416997162e-08 -1.172201304166886e-12 -2.490312881082984e-13  8.281743786816187e-02  1.713410223034192e-02  4.140871914667125e-03  8.567050623437397e-04  9.999716636430620e-01  5.323378232957199e-03  1.325728415935146e-10 -6.240262378012784e-10 -9.121410558830544e+00  4.408820736975780e+01 -4.560705017638865e-01  2.204410379805223e+00 
 3.076965382007301e+02  9.999710161693147e-06  5.171847294372679e-08 -1.115346097631740e-12 -2.135680891611195e-13  8.345925916772026e-02  1.553382681686297e-02  4.172962976203069e-03  7.766912946453065e-04  9.999732488032973e-01  5.172314615647322e-03  1.104673366669751e-10 -5.769088132559497e-10 -8.034816827949996e+00  4.316900580358479e+01 -4.017408175018297e-01  2.158450299395049e+00 
 3.166837207402539e+02  9.999726229980334e-06  5.025135743803866e-08 -1.060368344435150e-12 -1.809923627768125e-13  8.403696278062645e-02  1.390984125491474e-02  4.201848153768233e-03  6.954920194584084e-04  9.999747453013541e-01  5.025537325843210e-03  9.096087771887085e-11 -5.329066587967876e-10 -6.990634024914226e+00  4.223424556747744e+01 -3.495316794909072e-01  2.111712285780164e+00 
 3.259334003831609e+02  9.999741423158328e-06  4.882583506515131e-08 -1.007271036470632e-12 -1.511402333217512e-13  8.454966714917073e-02  1.226476761396194e-02  4.227483369451533e-03  6.132383402430053e-04  9.999761580955124e-01  4.882924779312237e-03  7.380254740674275e-11 -4.918555885930626e-10 -5.988948629814261e+00  4.128603404175752e+01 -2.994474117362853e-01  2.064301707944117e+00 
 3.354532441295349e+02  9.999755788148227e-06  4.744072759719359e-08 -9.560509214484246e-13 -1.238530939194085e-13  8.499660840609469e-02  1.060123478156727e-02  4.249830429865105e-03  5.300617013661962e-04  9.999774918668007e-01  4.744358837623947e-03  5.876178710284563e-11 -4.535959411897106e-10 -5.029729024509401e+00  4.032642584506482e+01 -2.514864333330278e-01  2.016321296789135e+00 
 3.452511429167512e+02  9.999769369365810e-06  4.609489018692764e-08 -9.066989429229343e-13 -9.897704528560099e-14  8.537713582614925e-02  8.921875188580231e-03  4.268856798722306e-03  4.460937243614932e-04  9.999787510345004e-01  4.609724710736868e-03  4.562674543739931e-11 -4.179728919743997e-10 -4.112833706835456e+00  3.935741697757757e+01 -2.056416691762394e-01  1.967870852296996e+00 
 3.553352181602233e+02  9.999782208858619e-06  4.478721041950573e-08 -8.592007341041327e-13 -7.636394096005222e-14  8.569070757316041e-02  7.229322416971343e-03  4.284535384191143e-03  3.614660883203638e-04  9.999799397707818e-01  4.478910862318788e-03  3.420347338689567e-11 -3.848367314922274e-10 -3.238019591256026e+00  3.838093999779404e+01 -1.619009649933917e-01  1.919047002367993e+00 
 3.657138284851928e+02  9.999794346435099e-06  4.351660738612789e-08 -8.135370572726792e-13 -5.587091173547725e-14  8.593688686752747e-02  5.526209597833266e-03  4.296844347269260e-03  2.763104497921185e-04  9.999810620145244e-01  4.351808917725880e-03  2.431445322859105e-11 -3.540430630957769e-10 -2.404950279567156e+00  3.739886018406262e+01 -1.202475008793417e-01  1.869943010897276e+00 
 3.763955766551393e+02  9.999805819785880e-06  4.228203078762358e-08 -7.696843041805382e-13 -3.736087168831047e-14  8.611533868260256e-02  3.815168492142507e-03  4.305766936602984e-03  1.907583968218263e-04  9.999821214843606e-01  4.228313574567336e-03  1.579765485093532e-11 -3.254529788027094e-10 -1.613204197692428e+00  3.641297262089323e+01 -8.066019813589756e-02  1.820648632090283e+00 
 3.873893167025567e+02  9.999816664598392e-06  4.108246006448782e-08 -7.276149180630031e-13 -2.070231672255972e-14  8.622582706054785e-02  2.098829134398672e-03  4.311291354280238e-03  1.049414311321165e-04  9.999831216909921e-01  4.108322515784649e-03  8.505335324926477e-12 -2.989331555729169e-10 -8.622825076544708e-01  3.542500014116298e+01 -4.311411487023031e-02  1.771250007572868e+00 
 3.987041612680034e+02  9.999826914664110e-06  3.991690355467301e-08 -6.872978420073611e-13 -5.769696878533069e-15  8.626821311934649e-02  3.798199092639137e-04  4.313410656181123e-03  1.899097195499186e-05  9.999840659488142e-01  3.991736325175625e-03  2.303150725690983e-12 -2.743559249143018e-10 -1.516167171464088e-01  3.443659204855895e+01 -7.580826473302902e-03  1.721829602513292e+00 
 4.103494891535115e+02  9.999836601980224e-06  3.878439766612576e-08 -6.486989596131018e-13  7.556956007189024e-15  8.624245380292281e-02 -1.339232076176326e-03  4.312122689483929e-03 -6.696162535528429e-05  9.999849573868944e-01  3.878458405296142e-03 -2.930981846116509e-12 -2.515993043246401e-10  5.194240775353968e-01  3.344932353985394e+01  2.597121223361437e-02  1.672466176735857e+00 
 4.223349530966161e+02  9.999845756845355e-06  3.768400608445202e-08 -6.117814802838507e-13  1.939191381852336e-14  8.614860140605722e-02 -3.055700466919630e-03  4.307430068910909e-03 -1.527850430476447e-04  9.999857989593334e-01  3.768394897673472e-03 -7.307751626051129e-12 -2.305469769085799e-10  1.151526366341778e+00  3.246469574373779e+01  5.757632574156814e-02  1.623234786662339e+00 
 4.346704877714469e+02  9.999854407949704e-06  3.661481899619456e-08 -5.765063421781932e-13  2.984360365862795e-14  8.598680388519472e-02 -4.766959126234775e-03  4.299340192268680e-03 -2.383479742837626e-04  9.999865934550479e-01  3.661454605267130e-03 -1.092725909757064e-11 -2.110882534305664e-10  1.745425856600159e+00  3.148413629176023e+01  8.727129941047870e-02  1.574206813858984e+00 
 4.473663180235163e+02  9.999862582460417e-06  3.557595233986618e-08 -5.428325622146192e-13  3.901501608997868e-14  8.575730594555001e-02 -6.470381738493847e-03  4.287865294803456e-03 -3.235191032797805e-04  9.999873435070054e-01  3.557548917114947e-03 -1.387997355939419e-11 -1.931179931680821e-10  2.301901586875154e+00  3.050900033730481e+01  1.150950851622403e-01  1.525450015985075e+00 
 4.604329673450277e+02  9.999870306102152e-06  3.456654707519741e-08 -5.107175829799085e-13  4.700379410597374e-14  8.546045087433098e-02 -8.163341691181158e-03  4.273022540862210e-03 -4.081670994068688e-04  9.999880516009434e-01  3.456591735103542e-03 -1.624750334272562e-11 -1.765365072008140e-10  2.821770538698296e+00  2.954057194023543e+01  1.410885320672634e-01  1.477028596025130e+00 
 4.738812665977314e+02  9.999877603233103e-06  3.358576847189987e-08 -4.801175772672989e-13  5.390219003966430e-14  8.509668306963911e-02 -9.843212373703641e-03  4.254834150337648e-03 -4.921606321318504e-04  9.999887200836018e-01  3.358499402803999e-03 -1.810326888396219e-11 -1.612494332937225e-10  3.305882750811706e+00  2.858006573776281e+01  1.652941420567033e-01  1.429003285832112e+00 
 4.877223629905554e+02  9.999884496917444e-06  3.263280542401686e-08 -4.509877527636664e-13  5.979734265713685e-14  8.466655119489634e-02 -1.150736802323729e-02  4.233327556389511e-03 -5.753684133096189e-04  9.999893511704930e-01  3.263190636315444e-03 -1.951323824744833e-11 -1.471676010222911e-10  3.755116930964458e+00  2.762862882601041e+01  1.877558505123125e-01  1.381431440205608e+00 
 5.019677293194562e+02  9.999891008992692e-06  3.170686977945272e-08 -4.232826198930842e-13  6.477138559099729e-14  8.417071186973341e-02 -1.315318523797189e-02  4.208535589988966e-03 -6.576592728454615e-04  9.999899469532390e-01  3.170586457059921e-03 -2.053655162592705e-11 -1.342068769484561e-10  4.170376551625536e+00  2.668734278156416e+01  2.085188310521135e-01  1.334367137969218e+00 
 5.166291734771452e+02  9.999897160135369e-06  3.080719569161991e-08 -3.969561895648310e-13  6.890156510310073e-14  8.360993379042871e-02 -1.477804526577472e-02  4.180496685940483e-03 -7.389022731283172e-04  9.999905094064973e-01  3.080610126475092e-03 -2.122610420762783e-11 -1.222879833420037e-10  4.552586408262283e+00  2.575722575783168e+01  2.276293234443367e-01  1.287861286788421e+00 
 5.317188482405754e+02  9.999902969921157e-06  2.993303898713232e-08 -3.719622711776154e-13  7.226066113148351e-14  8.298510215650109e-02 -1.637933716151604e-02  4.149255104211436e-03 -8.189668668971249e-04  9.999910403945012e-01  2.993187082550419e-03 -2.162917761561189e-11 -1.113363468259465e-10  4.902689612094746e+00  2.483923459718574e+01  2.451344832451499e-01  1.241961728777653e+00 
 5.472492613443003e+02  9.999908456883501e-06  2.908367655388155e-08 -3.482546148134265e-13  7.491697706192999e-14  8.229722326526712e-02 -1.795446188915190e-02  4.114861159659905e-03 -8.977231023450152e-04  9.999915416772323e-01  2.908244878156441e-03 -2.178789093587596e-11 -1.012818971486001e-10  5.221644983483607e+00  2.393426690650939e+01  2.610822514680562e-01  1.196713344277488e+00 
 5.632332858480545e+02  9.999913638567945e-06  2.825840574038896e-08 -3.257870476526443e-13  7.693445868616014e-14  8.154742912341303e-02 -1.950083742525182e-02  4.077371452613244e-03 -9.750418782957561e-04  9.999920149162514e-01  2.825713121116041e-03 -2.173965868434991e-11 -9.205886855774559e-11  5.510424807346241e+00  2.304316305078687e+01  2.755212423546999e-01  1.152158151534113e+00 
 5.796841708071504e+02  9.999918531584467e-06  2.745654379028573e-08 -3.045137211169833e-13  7.837316483041918e-14  8.073698191428086e-02 -2.101590489915893e-02  4.036849092232305e-03 -1.050795251211799e-03  9.999924616801967e-01  2.745523415969536e-03 -2.151771122393953e-11 -8.360563630294138e-11  5.770012908223898e+00  2.216670802669476e+01  2.885006471282187e-01  1.108335400378811e+00 
 5.966155522545351e+02  9.999923151657123e-06  2.667742726508368e-08 -2.843892233738967e-13  7.928895674208783e-14  7.986727815199528e-02 -2.249713578160998e-02  3.993363904217772e-03 -1.124856794625324e-03  9.999928834499835e-01  2.667609307385799e-03 -2.115135844249494e-11 -7.586451692548346e-11  6.001402999842033e+00  2.130563318564373e+01  3.000701514712558e-01  1.065281658379996e+00 
 6.140414645036109e+02  9.999927513670159e-06  2.592041150510996e-08 -2.653685966472931e-13  7.973442741075833e-14  7.893985234913760e-02 -2.394204010873073e-02  3.946992614193766e-03 -1.197102010338033e-03  9.999932816237070e-01  2.591906225172996e-03 -2.066656568100456e-11 -6.878155033376854e-11  6.205597262213076e+00  2.046061778330563e+01  3.102798643810850e-01  1.023030888319507e+00 
 6.319763517811870e+02  9.999931631712675e-06  2.518487010085002e-08 -2.474075835581618e-13  7.975829370990460e-14  7.795638002375135e-02 -2.534817570225349e-02  3.897818998058112e-03 -1.267408789432068e-03  9.999936575212722e-01  2.518351430844556e-03 -2.008607863368539e-11 -6.230635018339425e-11  6.383605098521684e+00  1.963229034023431e+01  3.191802560138667e-01  9.816145162236029e-01 
 6.504350802002068e+02  9.999935519119808e-06  2.447019437079589e-08 -2.304626141958185e-13  7.940620445569789e-14  7.691867987435105e-02 -2.671315832004990e-02  3.845933990732712e-03 -1.335657919796660e-03  9.999940123887671e-01  2.446883965696089e-03 -1.942990213166240e-11 -5.639189115669296e-11  6.536442024196623e+00  1.882122980565243e+01  3.268221021382253e-01  9.410614895522607e-01 
 6.694329500821735e+02  9.999939188516029e-06  2.377579286574893e-08 -2.144909018868246e-13  7.872042916696388e-14  7.582871495854090e-02 -2.803467264419293e-02  3.791435745094448e-03 -1.401733635531257e-03  9.999943474025889e-01  2.377444600352163e-03 -1.871545973752831e-11 -5.099433375566065e-11  6.665128641694055e+00  1.802796652372237e+01  3.332564328744019e-01  9.013983255126798e-01 
 6.889857086394882e+02  9.999942651846856e-06  2.310109088222989e-08 -1.994506020811912e-13  7.774037206553032e-14  7.468859272200003e-02 -2.931048398739214e-02  3.734429633424394e-03 -1.465524202267296e-03  9.999946636733410e-01  2.309975785738216e-03 -1.795794069003875e-11 -4.607287034524843e-11  6.770689656569089e+00  1.725298300853954e+01  3.385344834978174e-01  8.626491498089146e-01 
 7.091095630282132e+02  9.999945920420451e-06  2.244552998152682e-08 -1.853006015075642e-13  7.650253568819974e-14  7.350056374000645e-02 -3.053845057347475e-02  3.675028184483974e-03 -1.526922531192273e-03  9.999949622495125e-01  2.244421605442692e-03 -1.717048725424775e-11 -4.158949226673592e-11  6.854152893355713e+00  1.649671454056745e+01  3.427076452330542e-01  8.248357264635947e-01 
 7.298211937820797e+02  9.999949004939059e-06  2.180856753953436e-08 -1.720009533006687e-13  7.504085810049270e-14  7.226701905328439e-02 -3.171653622435232e-02  3.613350950307296e-03 -1.585826813398082e-03  9.999952441209502e-01  2.180727729425402e-03 -1.636445146058207e-11 -3.750891611198348e-11  6.916548273557108e+00  1.575954960316036e+01  3.458274141533581e-01  7.879774796440345e-01 
 7.511377686388753e+02  9.999951915530233e-06  2.118967629485824e-08 -1.595125285706206e-13  7.338648180745116e-14  7.099048600356520e-02 -3.284282326537162e-02  3.549524297979163e-03 -1.642141165148565e-03  9.999955102221381e-01  2.118841369036617e-03 -1.554950612714379e-11 -3.379833695901779e-11  6.958906722596757e+00  1.504183018307975e+01  3.479453365281787e-01  7.520915086880318e-01 
 7.730769567706712e+02  9.999954661778365e-06  2.058834391426706e-08 -1.477972564174692e-13  7.156837887194037e-14  6.967362250148619e-02 -3.391552544383921e-02  3.483681123029966e-03 -1.695776273805746e-03  9.999957614352939e-01  2.058711233309973e-03 -1.473392935436024e-11 -3.042732515598501e-11  6.982258977804705e+00  1.434385196339476e+01  3.491129492224685e-01  7.171925977488646e-01 
 7.956569434296862e+02  9.999957252755954e-06  2.000407257028713e-08 -1.368181318774135e-13  6.961296147285061e-14  6.831920968980823e-02 -3.493300064253549e-02  3.415960482596557e-03 -1.746650033505534e-03  9.999959985932909e-01  2.000287486493113e-03 -1.392465309724145e-11 -2.736767670125095e-11  6.987634275302728e+00  1.366586444076648e+01  3.493817140409292e-01  6.832932216594970e-01 
 8.188964450219247e+02  9.999959697044885e-06  1.943637853267510e-08 -1.265391006807368e-13  6.754491933488377e-14  6.693014299775359e-02 -3.589376316181267e-02  3.346507148139088e-03 -1.794688159262618e-03  9.999962224824175e-01  1.943521706779194e-03 -1.312755459892401e-11 -2.459324801099005e-11  6.976058899876305e+00  1.300807100176713e+01  3.488029452215938e-01  6.504035497485127e-01 
 8.428147246210863e+02  9.999962002769239e-06  1.888479177203362e-08 -1.169253628162250e-13  6.538652595072638e-14  6.550942161674879e-02 -3.679649534091215e-02  3.275471079228144e-03 -1.839824768036340e-03  9.999964338449816e-01  1.888366846209744e-03 -1.234742169620162e-11 -2.207988175975673e-11  6.948554588432195e+00  1.237062899450889e+01  3.474277296086972e-01  6.185314494215493e-01 
 8.674316079356032e+02  9.999964177613684e-06  1.834885556602911e-08 -1.079429510850723e-13  6.315829706051396e-14  6.406013646310098e-02 -3.764005829180310e-02  3.203006821678526e-03 -1.882002915422618e-03  9.999966333817714e-01  1.834777191710601e-03 -1.158818180302390e-11 -1.980519741262565e-11  6.906136784275767e+00  1.175364983241512e+01  3.453068393665273e-01  5.876824913498462e-01 
 8.927674997420435e+02  9.999966228851942e-06  1.782812612816098e-08 -9.955900223897709e-14  6.087875804711128e-14  6.258545672813760e-02 -3.842350152732433e-02  3.129272835056220e-03 -1.921175077061032e-03  9.999968217543760e-01  1.782708327233762e-03 -1.085294354385979e-11 -1.774852617306144e-11  6.849812746028066e+00  1.115719916644041e+01  3.424906374252691e-01  5.578599580812366e-01 
 9.188434007984987e+02  9.999968163362975e-06  1.732217223653076e-08 -9.174198592122217e-14  5.856508641812649e-14  6.108861515005867e-02 -3.914607127970469e-02  3.054430756270973e-03 -1.957303564560848e-03  9.999969995873790e-01  1.732117096969632e-03 -1.014419104272690e-11 -1.589083682349002e-11  6.780579521361743e+00  1.058129716045316e+01  3.390289761677904e-01  5.290648578092676e-01 
 9.456809252519778e+02  9.999969987659061e-06  1.683057488949952e-08 -8.446105272193788e-14  5.623237773949970e-14  5.957289217313255e-02 -3.980721732542832e-02  2.978644607536084e-03 -1.990360866744260e-03  9.999971674704256e-01  1.682961569603902e-03 -9.463721473146336e-12 -1.421451324701284e-11  6.699421801689772e+00  1.002591890188355e+01  3.349710901640666e-01  5.012959449055938e-01 
 9.733023185542347e+02  9.999971707896556e-06  1.635292694660007e-08 -7.768676194520433e-14  5.389454966071626e-14  5.804159918789915e-02 -4.040659815748401e-02  2.902079958378527e-03 -2.020329908258866e-03  9.999973259601791e-01  1.635201003584330e-03 -8.812867102747646e-12 -1.270338305034424e-11  6.607309679323554e+00  9.490994976190377e+00  3.303654840290784e-01  4.745497486433117e-01 
 1.001730475900881e+03  9.999973329902045e-06  1.588883279980691e-08 -7.139052355323087e-14  5.156386754885427e-14  5.649806106979499e-02 -4.094408437566652e-02  2.824903052570198e-03 -2.047204219092718e-03  9.999974755821642e-01  1.588795813374566e-03 -8.192467537693204e-12 -1.134252674422909e-11  6.505196333273738e+00  8.976412229326428e+00  3.252598167128430e-01  4.488206113202230e-01 
 1.030988961209065e+03  9.999974859185451e-06  1.543790804740819e-08 -6.554492980478543e-14  4.925139851723115e-14  5.494559825228455e-02 -4.141976019897960e-02  2.747279911784465e-03 -2.070988010194467e-03  9.999976168325082e-01  1.543707536662275e-03 -7.602994622768477e-12 -1.011824565105846e-11  6.394015673667123e+00  8.482014737322872e+00  3.197007837212522e-01  4.241007367380522e-01 
 1.061102026649455e+03  9.999976300958660e-06  1.499977917394923e-08 -6.012357763624881e-14  4.696687904123685e-14  5.338750858353270e-02 -4.183392304036600e-02  2.669375428429769e-03 -2.091696152209855e-03  9.999977501795860e-01  1.499898802497679e-03 -7.044573258063735e-12 -9.017949581524576e-12  6.274679977592520e+00  8.007604996533709e+00  3.137339989083573e-01  4.003802497146630e-01 
 1.092094632748702e+03  9.999977660150172e-06  1.457408325099274e-08 -5.510115136476988e-14  4.471881860975917e-14  5.182704922244686e-02 -4.218708112188414e-02  2.591352460451738e-03 -2.109354056240545e-03  9.999978760655708e-01  1.457333300334651e-03 -6.517036910125285e-12 -8.030092216171347e-12  6.148077550997029e+00  7.552945342161960e+00  3.074038775711778e-01  3.776472670103683e-01 
 1.123992469079067e+03  9.999978941419852e-06  1.416046762226647e-08 -5.045318095829073e-14  4.251444765614453e-14  5.026741883034213e-02 -4.247994914692238e-02  2.513370940916413e-03 -2.123997457454817e-03  9.999979949079014e-01  1.415975749949505e-03 -6.019955367531082e-12 -7.144063118857957e-12  6.015070451997346e+00  7.117759596623051e+00  3.007535226152587e-01  3.558879797460955e-01 
 1.156821975552337e+03  9.999980149174907e-06  1.375858962784221e-08 -4.615662978688210e-14  4.036068509871982e-14  4.871174030854589e-02 -4.271344208392056e-02  2.435587014890472e-03 -2.135672104273647e-03  9.999981071006642e-01  1.375791872212762e-03 -5.552801274344432e-12 -6.350204216631905e-12  5.876492310650944e+00  6.701734943280436e+00  2.938246155432260e-01  3.350867470901661e-01 
 1.190610364335701e+03  9.999981287579440e-06  1.336811631096751e-08 -4.218907063218702e-14  3.826249234928151e-14  4.716304432021219e-02 -4.288866715222282e-02  2.358152215531954e-03 -2.144433357663332e-03  9.999982130158998e-01  1.336748360688700e-03 -5.114741963296865e-12 -5.639627653764023e-12  5.733146278890144e+00  6.304524015303695e+00  2.866573139514840e-01  3.152262007012004e-01 
 1.225385642407739e+03  9.999982360572795e-06  1.298872415265301e-08 -3.852931112649826e-14  3.622457862144759e-14  4.562425381691890e-02 -4.300691413405305e-02  2.281212690420098e-03 -2.150345706734260e-03  9.999983130048355e-01  1.298812854041376e-03 -4.704903133756488e-12 -5.004245282047570e-12  5.585803142032973e+00  5.925747184024666e+00  2.792901571057539e-01  2.962873591459236e-01 
 1.261176634773229e+03  9.999983371871697e-06  1.262009879585135e-08 -3.515711502006381e-14  3.425057356296739e-14  4.409816976793166e-02 -4.306964416625400e-02  2.204908488018535e-03 -2.153482208327851e-03  9.999984073990509e-01  1.261953909220903e-03 -4.322271707213332e-12 -4.436673251007051e-12  5.435199620155414e+00  5.564995026357971e+00  2.717599810096827e-01  2.782497512701906e-01 
 1.298013008356006e+03  9.999984324995394e-06  1.226193479218762e-08 -3.205322515017099e-14  3.234341792177341e-14  4.258745826315539e-02 -4.307847719058196e-02  2.129372912822860e-03 -2.153923859531289e-03  9.999984965115746e-01  1.226140975413070e-03 -3.965765216218387e-12 -3.930183435640888e-12  5.282036883772236e+00  5.221830946737291e+00  2.641018441888804e-01  2.610915472957999e-01 
 1.335925296589687e+03  9.999985223263253e-06  1.191393535389385e-08 -2.919926882171654e-14  3.050525548768880e-14  4.109463913069517e-02 -4.303517826141765e-02  2.054731956238673e-03 -2.151758913063056e-03  9.999985806379232e-01  1.191344368724145e-03 -3.634231804383603e-12 -3.478643588461505e-12  5.126979303880316e+00  4.895793925696261e+00  2.563489651930834e-01  2.447896962495390e-01 
 1.374944924726636e+03  9.999986069812197e-06  1.157581209360048e-08 -2.657785238561307e-14  2.873785527887304e-14  3.962207617763049e-02 -4.294164292435277e-02  1.981103808620283e-03 -2.147082146202254e-03  9.999986600570816e-01  1.157535247586106e-03 -3.326512676427029e-12 -3.076484379749278e-12  4.970653451633091e+00  4.586401364758141e+00  2.485326725798737e-01  2.293200682076674e-01 
 1.415104235886156e+03  9.999986867605352e-06  1.124728480662862e-08 -2.417271725293232e-14  2.704219295465320e-14  3.817196912911364e-02 -4.279988188807091e-02  1.908598456225630e-03 -2.139994094382640e-03  9.999987350324253e-01  1.124685588858254e-03 -3.041400464809385e-12 -2.718674244062136e-12  4.813647357906555e+00  4.293151995722256e+00  2.406823678929766e-01  2.146575997602392e-01 
 1.456436517863490e+03  9.999987619439757e-06  1.092808121945510e-08 -2.196807270558202e-14  2.541840821970291e-14  3.674634730726512e-02 -4.261200521529482e-02  1.837317365161054e-03 -2.130600260739997e-03  9.999988058125959e-01  1.092768164606517e-03 -2.777646168627967e-12 -2.400604021124408e-12  4.656510037952409e+00  4.015528821745022e+00  2.328255018949165e-01  2.007764410651551e-01 
 1.498976030721866e+03  9.999988327957531e-06  1.061793678328038e-08 -1.994929673008948e-14  2.386700648448719e-14  3.534706505852851e-02 -4.238020625654793e-02  1.767353252749028e-03 -2.119010312800174e-03  9.999988726323237e-01  1.061756519541712e-03 -2.534097931494728e-12 -2.118132058637201e-12  4.499751281370028e+00  3.753002057775709e+00  2.249875640656110e-01  1.876501028699502e-01 
 1.542758035190437e+03  9.999988995650727e-06  1.031659445198396e-08 -1.810244787079037e-14  2.238745627841001e-14  3.397579890704255e-02 -4.210674554347125e-02  1.698789945196769e-03 -2.105337277144960e-03  9.999989357132062e-01  1.031624949097032e-03 -2.309548385870386e-12 -1.867495741381120e-12  4.343841702907649e+00  3.505032038860553e+00  2.171920851424317e-01  1.752516019270005e-01 
 1.587818821891678e+03  9.999989624869906e-06  1.002380445140616e-08 -1.641488611156636e-14  2.097875046655107e-14  3.263404638294760e-02 -4.179393484699227e-02  1.631702319011559e-03 -2.089696742320505e-03  9.999989952644439e-01  1.002348478127746e-03 -2.102804042003470e-12 -1.645345318324054e-12  4.189213045248320e+00  3.271072066489604e+00  2.094606522594983e-01  1.635536033108661e-01 
 1.634195741422450e+03  9.999990217833621e-06  9.739324105875746e-09 -1.487390895279874e-14  1.964007831991082e-14  3.132312644897838e-02 -4.144412159039801e-02  1.566156322330378e-03 -2.072206079490964e-03  9.999990514835313e-01  9.739028402151462e-04 -1.912754676869355e-12 -1.448575634444005e-12  4.036258721046484e+00  3.050571165427290e+00  2.018129360495061e-01  1.525285582598197e-01 
 1.681927235313664e+03  9.999990776636873e-06  9.462917604022292e-09 -1.346845901853982e-14  1.837008025779520e-14  3.004418142666808e-02 -4.105967378904790e-02  1.502209071230113e-03 -2.052983689424150e-03  9.999991045569148e-01  9.462644575574108e-04 -1.738297006337319e-12 -1.274473582224545e-12  3.885334578132934e+00  2.842976726226921e+00  1.942667289039740e-01  1.421488363015720e-01 
 1.731052867894228e+03  9.999991303255809e-06  9.194355835712154e-09 -1.218753839493076e-14  1.716679815394649e-14  2.879818030529702e-02 -4.064296566782294e-02  1.439909015174991e-03 -2.032148283363982e-03  9.999991546606075e-01  9.194104214305110e-04 -1.578334685170546e-12 -1.120535955689839e-12  3.736759869048356e+00  2.647737011761645e+00  1.868379934499202e-01  1.323868505798204e-01 
 1.781613359085658e+03  9.999991799547389e-06  8.933416175208042e-09 -1.102146157038554e-14  1.602886538303137e-14  2.758592330251384e-02 -4.019636408520928e-02  1.379296165047635e-03 -2.009818204234656e-03  9.999992019607757e-01  8.933184732029531e-04 -1.431889329328584e-12 -9.845683296427765e-13  3.590818403924533e+00  2.464303509489957e+00  1.795409201939211e-01  1.232151754675249e-01 
 1.833650618154565e+03  9.999992267268691e-06  8.679882316370291e-09 -9.960521807205946e-15  1.495411339829544e-14  2.640804753533725e-02 -3.972221586988971e-02  1.320402376699162e-03 -1.986110793470222e-03  9.999992466142883e-01  8.679669858908667e-04 -1.297968676983174e-12 -8.645410776164653e-13  3.447759864209517e+00  2.292133114695891e+00  1.723879932083699e-01  1.146066557289183e-01 
 1.887207778450971e+03  9.999992708073942e-06  8.433544087041445e-09 -8.996115048860344e-15  1.394022845315345e-14  2.526503365389224e-02 -3.922283615254839e-02  1.263251682635977e-03 -1.961141807604815e-03  9.999992887692364e-01  8.433349462342865e-04 -1.175629038563386e-12 -7.586743733245527e-13  3.307801253810779e+00  2.130690133494756e+00  1.653900626886326e-01  1.065345066697929e-01 
 1.942329233161272e+03  9.999993123525319e-06  8.194197273839188e-09 -8.120382209639918e-15  1.298536272525261e-14  2.415721328750998e-02 -3.870049775289557e-02  1.207860664324788e-03 -1.935024887623890e-03  9.999993285654262e-01  8.194019372831374e-04 -1.064023869012942e-12 -6.653861489569479e-13  3.171128463872893e+00  1.979448097877235e+00  1.585564231919330e-01  9.897240488970645e-02 
 1.999060672105463e+03  9.999993515088221e-06  7.961643462561785e-09 -7.325811980978757e-15  1.208710932249182e-14  2.308477715341120e-02 -3.815742166021547e-02  1.154238857626760e-03 -1.907871082991613e-03  9.999993661348403e-01  7.961481214759369e-04 -9.623135621694701e-13 -5.832435229224942e-13  3.037897927564583e+00  1.837891388394246e+00  1.518948963767037e-01  9.189456941622519e-02 
 2.057449119609135e+03  9.999993884148183e-06  7.735689854307393e-09 -6.605252263283814e-15  1.124335283264327e-14  2.204778368171365e-02 -3.759576862546798e-02  1.102389184047902e-03 -1.879788431255942e-03  9.999994016020777e-01  7.735542242003346e-04 -8.697348397035398e-13 -5.109523915081127e-13  2.908238341864391e+00  1.705516663193198e+00  1.454119170918692e-01  8.527583315673737e-02 
 2.117542973481638e+03  9.999994232012864e-06  7.516149133635075e-09 -5.952421805926825e-15  1.045152024513942e-14  2.104616801653484e-02 -3.701763186446824e-02  1.052308400794195e-03 -1.850881593207608e-03  9.999994350847645e-01  7.516015178187785e-04 -7.855383010735295e-13 -4.473851844544185e-13  2.782252434338736e+00  1.581834094949533e+00  1.391126217157490e-01  7.909170474503041e-02 
 2.179392045132716e+03  9.999994559908149e-06  7.302839288153562e-09 -5.361575649205372e-15  9.708930119194799e-15  2.007975126105654e-02 -3.642503085517021e-02  1.003987563024823e-03 -1.821251542744293e-03  9.999994666939462e-01  7.302718061469871e-04 -7.090161791012406e-13 -3.915409663157732e-13  2.660018754231123e+00  1.466368419757289e+00  1.330009377105179e-01  7.331842098581939e-02 
 2.243047600860861e+03  9.999994868991205e-06  7.095583474947542e-09 -4.826436120353501e-15  9.013989341332705e-15  1.914824984413249e-02 -3.581990619774046e-02  9.574124921825590e-04 -1.790995309874306e-03  9.999994965344544e-01  7.095474093740672e-04 -6.395856066987449e-13 -3.424587002864854e-13  2.541593468756728e+00  1.358659804224700e+00  1.270796734369340e-01  6.793299020952744e-02 
 2.308562404347622e+03  9.999995160351754e-06  6.894209873126167e-09 -4.342876075745272e-15  8.363371719479882e-15  1.825128489692400e-02 -3.520411549399612e-02  9.125642448255431e-04 -1.760205774688500e-03  9.999995247052547e-01  6.894111494095689e-04 -5.765804500512672e-13 -2.994028636127410e-13  2.427012147254816e+00  1.258264538854765e+00  1.213506073619614e-01  6.291322694131414e-02 
 2.375990760393081e+03  9.999995435022790e-06  6.698551531167385e-09 -3.906352184696774e-15  7.755108723286642e-15  1.738839153973182e-02 -3.457943019288966e-02  8.694195769688804e-04 -1.728971509634493e-03  9.999995512997755e-01  6.698463356469286e-04 -5.194733532221107e-13 -2.616656891163416e-13  2.316291517728390e+00  1.164755567276604e+00  1.158145758857503e-01  5.823777836264384e-02 
 2.445388559928754e+03  9.999995693961234e-06  6.508446226405340e-09 -3.511895515678380e-15  7.187764780692321e-15  1.655902799129009e-02 -3.394753334098844e-02  8.279513995493359e-04 -1.697376667040647e-03  9.999995764062179e-01  6.508367511288138e-04 -4.678063492136175e-13 -2.285671651947041e-13  2.209431182238232e+00  1.077722862041876e+00  1.104715591113405e-01  5.388614310110654e-02 
 2.516813326345222e+03  9.999995938084792e-06  6.323736357477516e-09 -3.155858717381827e-15  6.658131647686741e-15  1.576258442496918e-02 -3.331001817120079e-02  7.881292212354826e-04 -1.665500908552383e-03  9.999996001078468e-01  6.323666391087612e-04 -4.210382043012828e-13 -1.995660581233238e-13  2.106415279565427e+00  9.967736585295950e-01  1.053207639777872e-01  4.983868292565916e-02 
 2.590324263172905e+03  9.999996168250012e-06  6.144268784730178e-09 -2.834809787925193e-15  6.164608771734143e-15  1.499839150832015e-02 -3.266838745919223e-02  7.499195754049181e-04 -1.633419372952978e-03  9.999996224832688e-01  6.144206899901805e-04 -3.787664626386800e-13 -1.741766453289273e-13  2.007214085468600e+00  9.215325590367306e-01  1.003607042730224e-01  4.607662795115516e-02 
 2.665982303155485e+03  9.999996385258279e-06  5.969894717461344e-09 -2.545374338081318e-15  5.705385851365797e-15  1.426572857394923e-02 -3.202405357482960e-02  7.132864286879940e-04 -1.601202678735774e-03  9.999996436066912e-01  5.969840286378369e-04 -3.406025461671902e-13 -1.519548376016644e-13  1.911785542702666e+00  8.516415193994246e-01  9.558927713479266e-02  4.258207596940604e-02 
 2.743850158756668e+03  9.999996589880968e-06  5.800469587285972e-09 -2.284703070976054e-15  5.277958975388827e-15  1.356383138065248e-02 -3.137833915539526e-02  6.781915690245491e-04 -1.568916957764898e-03  9.999996635481700e-01  5.800422020504348e-04 -3.061439990403869e-13 -1.325224652237722e-13  1.820076714705909e+00  7.867597305218782e-01  9.100383573501326e-02  3.933798652562554e-02 
 2.823992374142142e+03  9.999996782821846e-06  5.635852926705320e-09 -2.050217977506551e-15  4.879548335607712e-15  1.289189943392540e-02 -3.073247832801915e-02  6.445949716893906e-04 -1.536623916396853e-03  9.999996823738406e-01  5.635811673792568e-04 -2.750022431996513e-13 -1.155464612878632e-13  1.732025158479625e+00  7.265634070191578e-01  8.660125792374991e-02  3.632817035057018e-02 
 2.906475378679820e+03  9.999996964760430e-06  5.475908261554085e-09 -1.839051787464178e-15  4.509877566033907e-15  1.224910284429247e-02 -3.008761841057798e-02  6.124551422087680e-04 -1.504380920525476e-03  9.999997001461378e-01  5.475872802915283e-04 -2.469552340400583e-13 -1.007041672274056e-13  1.647560213663767e+00  6.707454948390601e-01  8.237801068300085e-02  3.353727474163238e-02 
 2.991367542002719e+03  9.999997136336749e-06  5.320502982630870e-09 -1.649144558821736e-15  4.166356036071110e-15  1.163458871031325e-02 -2.944482202301149e-02  5.817294355106842e-04 -1.472241101147760e-03  9.999997169240029e-01  5.320472836605195e-04 -2.216699046542203e-13 -8.774231341490690e-14  1.566604206143760e+00  6.190153092480903e-01  7.833021030703824e-02  3.095076546213965e-02 
 3.078739230680110e+03  9.999997298133260e-06  5.169508248553667e-09 -1.477984174404205e-15  3.848047435457246e-15  1.104748702058773e-02 -2.880506954441266e-02  5.523743510251581e-04 -1.440253477218360e-03  9.999997327630794e-01  5.169482965765582e-04 -1.989242104372124e-13 -7.640416077592249e-14  1.489073565703176e+00  5.710981139775460e-01  7.445367828504126e-02  2.855490569865872e-02 
 3.168662866543913e+03  9.999997450726607e-06  5.022798878207002e-09 -1.324844042239261e-15  3.552626630888929e-15  1.048691607559935e-02 -2.816926185519009e-02  5.243458037763794e-04 -1.408463092757711e-03  9.999997477158968e-01  5.022778036735120e-04 -1.784405956328783e-13 -6.654399253847032e-14  1.414879858264450e+00  5.267346516551122e-01  7.074399291313242e-02  2.633673258257538e-02 
 3.261212986718692e+03  9.999997594642265e-06  4.880253232780740e-09 -1.186663703997511e-15  3.278183364410092e-15  9.951987435823094e-03 -2.753822330791832e-02  4.975993717881137e-04 -1.376911165394549e-03  9.999997618320458e-01  4.880236447530328e-04 -1.599831378484851e-13 -5.791200852200973e-14  1.343930734138741e+00  4.856806349202448e-01  6.719653670687029e-02  2.428403174586383e-02 
 3.356466305404995e+03  9.999997730379576e-06  4.741753139442251e-09 -1.063573054340017e-15  3.025066342778871e-15  9.441810407224827e-03 -2.691270487504348e-02  4.720905203586650e-04 -1.345635243751179e-03  9.999997751583415e-01  4.741740047068954e-04 -1.434408147815702e-13 -5.043188089359774e-14  1.276130794442667e+00  4.477062068600191e-01  6.380653972208616e-02  2.238531034287879e-02 
 3.454501777467268e+03  9.999997858401276e-06  4.607183776844659e-09 -9.515577649513413e-16  2.789609516053932e-15  8.955496079140602e-03 -2.629338742627933e-02  4.477748039548520e-04 -1.314669371313300e-03  9.999997877389797e-01  4.607174037234985e-04 -1.285221928881697e-13 -4.383993168488587e-14  1.211382378442645e+00  4.125953786251365e-01  6.056911892210152e-02  2.062976893115647e-02 
 3.555400663879030e+03  9.999997979160644e-06  4.476433574512884e-09 -8.525529356673068e-16  2.572849750219265e-15  8.492160932611915e-03 -2.568088509320634e-02  4.246080466287547e-04 -1.284044254659936e-03  9.999997996156837e-01  4.476426877740303e-04 -1.151717610170522e-13 -3.816391647148976e-14  1.149586275066810e+00  3.801454513096903e-01  5.747931375332345e-02  1.900727256540210e-02 
 3.659246599079574e+03  9.999998093067009e-06  4.349394143454699e-09 -7.625875136276484e-16  2.371360000535851e-15  8.050930039633652e-03 -2.507574868318998e-02  4.025465019801293e-04 -1.253787434159367e-03  9.999998108278416e-01  4.349390193657543e-04 -1.031397189876770e-13 -3.316791286067655e-14  1.090642362191066e+00  3.501664284164469e-01  5.453211810954756e-02  1.750832142075479e-02 
 3.766125660298021e+03  9.999998200516457e-06  4.225960140852303e-09 -6.824022670524572e-16  2.185460580959626e-15  7.630939875517813e-03 -2.447846910919528e-02  3.815469937745815e-04 -1.223923455459848e-03  9.999998214126382e-01  4.225958685606657e-04 -9.235667786100521e-14 -2.883804306463844e-14  1.034450177571188e+00  3.224804244926885e-01  5.172250887856290e-02  1.612402122457910e-02 
 3.876126438902174e+03  9.999998301876768e-06  4.106029256184529e-09 -6.104017814196190e-16  2.013210526592448e-15  7.231340767759025e-03 -2.388948080633740e-02  3.615670383868494e-04 -1.194474040317139e-03  9.999998314051766e-01  4.106030042469455e-04 -8.266304307724681e-14 -2.506328478091291e-14  9.809094254686964e-01  2.969210748183844e-01  4.904547127344586e-02  1.484605374087398e-02 
 3.989340113831343e+03  9.999998397497108e-06  3.989502058571182e-09 -5.461360281518246e-16  1.855036244666651e-15  6.851299005480447e-03 -2.330916511003488e-02  3.425649502730959e-04 -1.165458255502171e-03  9.999998408385962e-01  3.989504856591886e-04 -7.400677293212254e-14 -2.178812685826870e-14  9.299204231158795e-01  2.733329503649583e-01  4.649602115581101e-02  1.366664751821096e-02 
 4.105860527173978e+03  9.999998487705003e-06  3.876281941261883e-09 -4.883359242172005e-16  1.708012177756019e-15  6.489998633808042e-03 -2.273785357439227e-02  3.244999316896247e-04 -1.136892678720176e-03  9.999998497441821e-01  3.876286541387164e-04 -6.620745618413082e-14 -1.892930256985892e-14  8.813844911958234e-01  2.515709816234656e-01  4.406922455981298e-02  1.257854908114315e-02 
 4.225784261952774e+03  9.999998572810693e-06  3.766275038369349e-09 -4.362738022767138e-16  1.572280670873934e-15  6.146642957433351e-03 -2.217583121291656e-02  3.073321478710166e-04 -1.108791560646505e-03  9.999998581514691e-01  3.766281251280090e-04 -5.921652057594429e-14 -1.643130076445232e-14  8.352042924870581e-01  2.314998943283577e-01  4.176021462437841e-02  1.157499471639337e-02 
 4.349210722181719e+03  9.999998653103740e-06  3.659390162419340e-09 -3.898555092758440e-16  1.447167921592043e-15  5.820455777239340e-03 -2.162333964685658e-02  2.910227888614228e-04 -1.081166982343602e-03  9.999998660883387e-01  3.659397803920106e-04 -5.295763827461997e-14 -1.426636586643326e-14  7.912841227490177e-01  2.129936595784737e-01  3.956420613747918e-02  1.064968297890377e-02 
 4.476242215261444e+03  9.999998728860035e-06  3.555538693328364e-09 -3.485500495343904e-16  1.332140334894596e-15  5.510682383236338e-03 -2.108058014934552e-02  2.755341191613627e-04 -1.054029007468128e-03  9.999998735811131e-01  3.555547604605636e-04 -4.736488978807074e-14 -1.239286451237831e-14  7.495301578127996e-01  1.959349603806602e-01  3.747650789067029e-02  9.796748019016862e-03 
 4.606984036781168e+03  9.999998800332935e-06  3.454634540239754e-09 -3.117299571587229e-16  1.225628993932041e-15  5.216590326234847e-03 -2.054771657612677e-02  2.608295163113640e-04 -1.027385828807256e-03  9.999998806546411e-01  3.454644572847276e-04 -4.234113060164191e-14 -1.076916333886402e-14  7.098506606996496e-01  1.802146762127093e-01  3.549253303501418e-02  9.010733810622397e-03 
 4.741544557797542e+03  9.999998867769241e-06  3.356594068665286e-09 -2.786633436315304e-16  1.128710575836911e-15  4.937469989714075e-03 -2.002487817596278e-02  2.468734994853893e-04 -1.001243908799108e-03  9.999998873323805e-01  3.356605071023755e-04 -3.788636071533347e-14 -9.353628982466944e-15  6.721561524242829e-01  1.657313868196361e-01  3.360780762124668e-02  8.286569340971252e-03 
 4.880035314662713e+03  9.999998931401724e-06  3.261335979054536e-09 -2.485054530704531e-16  1.037425161961926e-15  4.672634982267797e-03 -1.951216227587625e-02  2.336317491131298e-04 -9.756081137948235e-04  9.999998936364783e-01  3.261347835054051e-04 -3.383404667545165e-14 -8.104628079763643e-15  6.363595499577951e-01  1.523908961186340e-01  3.181797749792274e-02  7.619544805923218e-03 
 5.022571101476099e+03  9.999998991445457e-06  3.168781306794877e-09 -2.218225300207126e-16  9.540777525175172e-16  4.421422369857082e-03 -1.900963683816859e-02  2.210711184926397e-04 -9.504818419094723e-04  9.999998995878409e-01  3.168793907038503e-04 -3.023276073932379e-14 -7.029099524658022e-15  6.023762746309658e-01  1.401057767909004e-01  3.011881373158134e-02  7.005288839538225e-03 
 5.169270065236477e+03  9.999999048108998e-06  3.078853338944754e-09 -1.983270764006107e-16  8.771465697172463e-16  4.183192765901350e-03 -1.851734288771879e-02  2.091596382948911e-04 -9.258671443870062e-04  9.999999052062047e-01  3.078866569816152e-04 -2.700617507400693e-14 -6.106226635438361e-15  5.701243340578250e-01  1.287949358801784e-01  2.850621670292410e-02  6.439746794003488e-03 
 5.320253803773274e+03  9.999999101570031e-06  2.991477510150276e-09 -1.774450552168427e-16  8.067371268551360e-16  3.957330296019541e-03 -1.803529680940350e-02  1.978665148008325e-04 -9.017648404712582e-04  9.999999105102031e-01  2.991491283368120e-04 -2.413347299778934e-14 -5.308253836489030e-15  5.395243804553616e-01  1.183832014954120e-01  2.697621902280048e-02  5.919160074766274e-03 
 5.475647466538222e+03  9.999999152020643e-06  2.906581399175767e-09 -1.582774787005281e-16  7.419704431391272e-16  3.743242453012921e-03 -1.756349251661571e-02  1.871621226505284e-04 -8.781746258318790e-04  9.999999155174251e-01  2.906595623047015e-04 -2.156608225334367e-14 -4.600486658290492e-15  5.104997480314670e-01  1.088009305254056e-01  2.552498740160513e-02  5.440046526266860e-03 
 5.635579858340943e+03  9.999999199629269e-06  2.824094624820361e-09 -1.414015114735196e-16  6.818231005022015e-16  3.540359856476251e-03 -1.710190349281256e-02  1.770179928237174e-04 -8.550951746417264e-04  9.999999202444769e-01  2.824109219533855e-04 -1.925543058334256e-14 -3.993333441698610e-15  4.829764719123252e-01  9.998363711381904e-02  2.414882359564727e-02  4.999181855688265e-03 
 5.800183546114424e+03  9.999999244557555e-06  2.743948790406847e-09 -1.263127949730458e-16  6.266328447311463e-16  3.348135930248802e-03 -1.665048470880961e-02  1.674067965123638e-04 -8.325242354415790e-04  9.999999247070355e-01  2.743963700515550e-04 -1.719457909388211e-14 -3.465977505001661e-15  4.568832908845312e-01  9.187164151031954e-02  2.284416454425670e-02  4.593582075513882e-03 
 5.969594968798896e+03  9.999999286955712e-06  2.666077490720564e-09 -1.126945406107095e-16  5.757051358681051e-16  3.166046509781178e-03 -1.620917441917903e-02  1.583023254889982e-04 -8.104587209600458e-04  9.999999289198993e-01  2.666092634011075e-04 -1.534883331544279e-14 -3.004541060391830e-15  4.321516360380650e-01  8.440973880542892e-02  2.160758180193243e-02  4.220486940269828e-03 
 6.143954550435201e+03  9.999999326968361e-06  2.590416152414843e-09 -1.006507694096205e-16  5.295717129017158e-16  2.993589390406094e-03 -1.577789584161601e-02  1.496794695202570e-04 -7.888947920818878e-04  9.999999328970403e-01  2.590431473308841e-04 -1.371819324802459e-14 -2.607289384393141e-15  4.087156072149613e-01  7.754688696986456e-02  2.043578036077624e-02  3.877344348491994e-03 
 6.323406816561373e+03  9.999999364730383e-06  2.516902068705473e-09 -8.980606406424195e-17  4.861795670830105e-16  2.830283826467284e-03 -1.535655872352997e-02  1.415141913233274e-04 -7.678279361775759e-04  9.999999366516473e-01  2.516917503463945e-04 -1.223673939954040e-14 -2.260344689197780e-15  3.865119389961743e-01  7.123591355146533e-02  1.932559694983583e-02  3.561795677572341e-03 
 6.508100514008929e+03  9.999999400368591e-06  2.445474274470616e-09 -8.015725188779576e-17  4.468944131797463e-16  2.675669990283919e-03 -1.494506080040631e-02  1.337834995141681e-04 -7.472530400213810e-04  9.999999401961727e-01  2.445489789315303e-04 -1.092875789865388e-14 -1.960237527853792e-15  3.654799577962264e-01  6.543324033174960e-02  1.827399788983737e-02  3.271662016586798e-03 
 6.698188734198168e+03  9.999999434001342e-06  2.376073580945270e-09 -7.151085077934913e-17  4.104481909969380e-16  2.529308399011411e-03 -1.454328915068690e-02  1.264654199505501e-04 -7.271644575353957e-04  9.999999435423709e-01  2.376089124977443e-04 -9.752615381941609e-15 -1.699161644719283e-15  3.455615314822320e-01  6.009862520762533e-02  1.727807657413657e-02  3.004931260380780e-03 
 6.893829040034660e+03  9.999999465743883e-06  2.308642443882292e-09 -6.379377812295465e-17  3.772023158742430e-16  2.390779316603584e-03 -1.415112145204259e-02  1.195389658301648e-04 -7.075560726031643e-04  9.999999467013390e-01  2.308657984766982e-04 -8.708311849403572e-15 -1.472780231104309e-15  3.267010127908559e-01  5.519492053974851e-02  1.633505063956669e-02  2.759746026987093e-03 
 7.095183596512133e+03  9.999999495703379e-06  2.243124963552390e-09 -5.691825491388318e-17  3.464589429540715e-16  2.259682137286379e-03 -1.376842714397238e-02  1.129841068643095e-04 -6.884213571996368e-04  9.999999496835535e-01  2.243140475519240e-04 -7.771561172376096e-15 -1.276756478318930e-15  3.088451776837802e-01  5.068784719572000e-02  1.544225888421183e-02  2.534392359785788e-03 
 7.302419305129989e+03  9.999999523979666e-06  2.179466863927448e-09 -5.074077308336959e-17  3.180551046919920e-16  2.135634756218503e-03 -1.339506850166946e-02  1.067817378109198e-04 -6.697534250844724e-04  9.999999524989034e-01  2.179482290259466e-04 -6.931955010003321e-15 -1.105886215935215e-15  2.919431596590979e-01  4.654578351208213e-02  1.459715798297668e-02  2.327289175603989e-03 
 7.515707942236892e+03  9.999999550666658e-06  2.117615326147071e-09 -4.530072480467067e-17  2.922838808373688e-16  2.018272932338131e-03 -1.303090162605496e-02  1.009136466169044e-04 -6.515450813037278e-04  9.999999551567265e-01  2.117630663188916e-04 -6.189493362285248e-15 -9.593020822151743e-16  2.759463809225137e-01  4.273956840246564e-02  1.379731904614644e-02  2.136978420123236e-03 
 7.735226301415076e+03  9.999999575854693e-06  2.057519106479777e-09 -4.042702281853883e-17  2.684455488096509e-16  1.907249647774843e-03 -1.267577735480221e-02  9.536248238874257e-05 -6.337888677410712e-04  9.999999576658363e-01  2.057534325948518e-04 -5.523359547510154e-15 -8.317999067308790e-16  2.608084812179339e-01  3.924231784894408e-02  1.304042406091646e-02  1.962115892447213e-03 
 7.961156340023414e+03  9.999999599629334e-06  1.999128397545125e-09 -3.607601299478641e-17  2.464362643540431e-16  1.802234467640183e-03 -1.232954209906651e-02  9.011172338201169e-05 -6.164771049542656e-04  9.999999600345537e-01  1.999143465122935e-04 -4.926614671774132e-15 -7.212112851373575e-16  2.464852450216153e-01  3.602925402852748e-02  1.232426225109957e-02  1.801462701426425e-03 
 8.193685330020702e+03  9.999999622068167e-06  1.942394772802558e-09 -3.217313601405992e-17  2.260380492757409e-16  1.702912903495491e-03 -1.199203861050172e-02  8.514564517477877e-05 -5.996019305260055e-04  9.999999622707345e-01  1.942409680950261e-04 -4.390585117697299e-15 -6.249341322206448e-16  2.329345277170157e-01  3.307754634575336e-02  1.164672638586865e-02  1.653877317287750e-03 
 8.433006013194185e+03  9.999999643248575e-06  1.887271221245879e-09 -2.870086469152715e-17  2.077308381196201e-16  1.608985783329324e-03 -1.166310668299379e-02  8.044928916647164e-05 -5.831553341505883e-04  9.999999643817942e-01  1.887285947205636e-04 -3.920475055707584e-15 -5.416674053737580e-16  2.201161812884193e-01  3.036616366462806e-02  1.100580906443793e-02  1.518308183231506e-03 
 8.679316760921987e+03  9.999999663238954e-06  1.833712064136517e-09 -2.558956670848444e-17  1.905263857703795e-16  1.520168630455820e-03 -1.134258379337434e-02  7.600843152279747e-05 -5.671291896695948e-04  9.999999663747335e-01  1.833726572220071e-04 -3.493733080617289e-15 -4.692427002517263e-16  2.079919799997922e-01  2.787573705796855e-02  1.039959900000571e-02  1.393786852898546e-03 
 8.932821738601873e+03  9.999999682108617e-06  1.781672843981230e-09 -2.283187818194657e-17  1.751579908286647e-16  1.436191053366587e-03 -1.103030568520086e-02  7.180955266833651e-05 -5.515152842609000e-04  9.999999682561627e-01  1.781687161009071e-04 -3.120767533282276e-15 -4.067926551165613e-16  1.965255464606551e-01  2.558843241882764e-02  9.826277323048027e-03  1.279421620941509e-03 
 9.193731074882638e+03  9.999999699919723e-06  1.731110477187769e-09 -2.035472778018557e-17  1.607334565386715e-16  1.356796148229185e-03 -1.072610689950637e-02  6.783980741146688e-05 -5.363053449761546e-04  9.999999700323201e-01  1.731124578472631e-04 -2.782496455466799e-15 -3.523657060577889e-16  1.856822784225625e-01  2.348783230658890e-02  9.284113921142596e-03  1.174391615329577e-03 
 9.462261035838392e+03  9.999999716731112e-06  1.681983038959167e-09 -1.816460904736362e-17  1.476889717860877e-16  1.281739915422171e-03 -1.042982125623385e-02  6.408699577111653e-05 -5.214910628125077e-04  9.999999717090964e-01  1.681996913641785e-04 -2.484124017598788e-15 -3.055281722064151e-16  1.754292765975738e-01  2.155882642901023e-02  8.771463829892405e-03  1.077941321450645e-03 
 9.738634204230124e+03  9.999999732600034e-06  1.634249825743783e-09 -1.618743439631547e-17  1.352314191534814e-16  1.210790691226797e-03 -1.014128228988136e-02  6.053953456134802e-05 -5.070641144948631e-04  9.999999732920518e-01  1.634263444939346e-04 -2.210037708394452e-15 -2.645453300864631e-16  1.657352737433996e-01  1.978751019056594e-02  8.286763687182973e-03  9.893755095284301e-04 
 1.002307966400312e+04  9.999999747578511e-06  1.587871209518532e-09 -1.444797518526080e-17  1.244328448847792e-16  1.143728595556348e-03 -9.860323642695581e-03  5.718642977782564e-05 -4.930161821355537e-04  9.999999747864368e-01  1.587884606425623e-04 -1.975850039137583e-15 -2.294171796979327e-16  1.565705652182869e-01  1.816109076655217e-02  7.828528260926644e-03  9.080545383277396e-04 
 1.031583319017318e+04  9.999999761717114e-06  1.542808811261231e-09 -1.286013542869765e-17  1.140124793416343e-16  1.080344996392974e-03 -9.586779418564678e-03  5.401724981965695e-05 -4.793389709289885e-04  9.999999761972064e-01  1.542821955003264e-04 -1.759009604640482e-15 -1.984089975648473e-16  1.479069411717194e-01  1.666780019129517e-02  7.395347058597610e-03  8.333900095648860e-04 
 1.061713744425902e+04  9.999999775063431e-06  1.499025251150421e-09 -1.147098637893403e-17  1.046130813271764e-16  1.020441991416245e-03 -9.320484500579212e-03  5.102209957082041e-05 -4.660242250296956e-04  9.999999775290394e-01  1.499038138551914e-04 -1.568190022283034e-15 -1.719544645562010e-16  1.397176205042625e-01  1.529681497720947e-02  6.985881025224143e-03  7.648407488605960e-04 
 1.092724217542282e+04  9.999999787661318e-06  1.456484238770983e-09 -1.022792282767148e-17  9.593702285518926e-17  9.638319071451690e-04 -9.061274835051416e-03  4.819159535726649e-05 -4.530637417532865e-04  9.999999787863523e-01  1.456496864967322e-04 -1.397319759899318e-15 -1.489693784995083e-16  1.319771867009829e-01  1.403818180920904e-02  6.598859335059570e-03  7.019090904605688e-04 
 1.124640442748573e+04  9.999999799553030e-06  1.415150469030735e-09 -9.147621051539022e-18  8.825845436660764e-17  9.103368157739551e-04 -8.808987684610841e-03  4.551684078870560e-05 -4.404493842312388e-04  9.999999799733156e-01  1.415162872079496e-04 -1.249000902703301e-15 -1.294537393947692e-16  1.246615256174704e-01  1.288274888593454e-02  6.233076280883381e-03  6.441374442968378e-04 
 1.157488875198985e+04  9.999999810778121e-06  1.374989774816093e-09 -8.137418734588375e-18  8.099570275357731e-17  8.597880697591912e-04 -8.563461852828094e-03  4.298940348796722e-05 -4.281730926420827e-04  9.999999810938641e-01  1.375001898424079e-04 -1.113692471577110e-15 -1.118896642005041e-16  1.177477652752534e-01  1.182210250531267e-02  5.887388263771994e-03  5.911051252657386e-04 
 1.191296742748327e+04  9.999999821374157e-06  1.335968793925169e-09 -7.255170360246272e-18  7.433709228171796e-17  8.120258541105932e-04 -8.324537882658968e-03  4.060129270553707e-05 -4.162268941336082e-04  9.999999821517150e-01  1.335980654843440e-04 -9.931291899967221e-16 -9.692767422020410e-17  1.112142177040109e-01  1.084850851702714e-02  5.560710885209359e-03  5.424254258514561e-04 
 1.226092068521004e+04  9.999999831376216e-06  1.298055177234581e-09 -6.464786476024124e-18  6.815588842940162e-17  7.668987562471649e-04 -8.092058230848369e-03  3.834493781236540e-05 -4.046029115430603e-04  9.999999831503764e-01  1.298066796893548e-04 -8.847089727481716e-16 -8.391724815037804e-17  1.050403228511638e-01  9.954858288496621e-03  5.252016142566523e-03  4.977429144249239e-04 
 1.261903694139204e+04  9.999999840818183e-06  1.261217547066096e-09 -5.750988127352773e-18  6.251298305248036e-17  7.242633532040250e-04 -7.865867420288318e-03  3.621316766020814e-05 -3.932933710150403e-04  9.999999840931596e-01  1.261228898034126e-04 -7.884318198314588e-16 -7.253312533928025e-17  9.920659456491626e-02  9.134618853886655e-03  4.960329728253689e-03  4.567309426944197e-04 
 1.298761303629532e+04  9.999999849730694e-06  1.225425316775386e-09 -5.131537128261719e-18  5.747321583653125e-17  6.839838159107132e-04 -7.645812172186077e-03  3.419919079554228e-05 -3.822906086099112e-04  9.999999849831915e-01  1.225436423579213e-04 -7.042977312465837e-16 -6.288372600415926e-17  9.369456864436300e-02  8.381786937509404e-03  4.684728432225593e-03  4.190893468755513e-04 
 1.336695448027914e+04  9.999999858144117e-06  1.190648857285481e-09 -4.589370789223593e-18  5.266849334299456e-17  6.459315302081961e-04 -7.431741519767556e-03  3.229657651041616e-05 -3.715870759889685e-04  9.999999858234236e-01  1.190659705387620e-04 -6.271025365656158e-16 -5.464378949326942e-17  8.848675293967047e-02  7.690846563681837e-03  4.424337646990556e-03  3.845423281841675e-04 
 1.375737570703146e+04  9.999999866086035e-06  1.156859316675529e-09 -4.090816390738143e-18  4.835879169807290e-17  6.099847342278179e-04 -7.223506905117575e-03  3.049923671139698e-05 -3.611753452564532e-04  9.999999866166425e-01  1.156869917270948e-04 -5.594483210025203e-16 -4.732542482899227e-17  8.356657947636810e-02  7.056729984726237e-03  4.178328973825050e-03  3.528364992363822e-04 
 1.415920033420112e+04  9.999999873583254e-06  1.124028717325309e-09 -3.641210815039385e-18  4.436972118988389e-17  5.760281717199267e-04 -7.020962260641970e-03  2.880140858600214e-05 -3.510481130326570e-04  9.999999873654781e-01  1.124039051100057e-04 -4.987329993433320e-16 -4.092863201132779e-17  7.891835857027331e-02  6.474781677321753e-03  3.945917928519943e-03  3.237390838661529e-04 
 1.457276143164232e+04  9.999999880660367e-06  1.092129761626204e-09 -3.251197116191930e-18  4.082113753215639e-17  5.439527608919143e-04 -6.823964076526828e-03  2.719763804460125e-05 -3.411982038268845e-04  9.999999880724150e-01  1.092139893589198e-04 -4.458239333260394e-16 -3.550762114890027e-17  7.452723489335049e-02  5.940725174876853e-03  3.726361744673455e-03  2.970362587439032e-04 
 1.499840179749415e+04  9.999999887341246e-06  1.061136123414741e-09 -2.906815023664541e-18  3.755870659750739e-17  5.136552782939244e-04 -6.632371455467196e-03  2.568276391470150e-05 -3.316185727738877e-04  9.999999887397963e-01  1.061146003739320e-04 -3.985527186056714e-16 -3.084555180721260e-17  7.037914544572023e-02  5.450632520018210e-03  3.518957272291613e-03  2.725316260009666e-04 
 1.543647424232376e+04  9.999999893647704e-06  1.031022045516750e-09 -2.586862595431678e-18  3.440737565956280e-17  4.850380572747880e-04 -6.446046155841102e-03  2.425190286374443e-05 -3.223023077925683e-04  9.999999893698359e-01  1.031031690921199e-04 -3.547509508372571e-16 -2.667137344314341e-17  6.646077938495508e-02  5.000896136717258e-03  3.323038969253046e-03  2.500448068359147e-04 
 1.588734188156876e+04  9.999999899601203e-06  1.001762631180902e-09 -2.299854266403532e-18  3.134295508472766e-17  4.580087005200046e-04 -6.264852624414388e-03  2.290043502600502e-05 -3.132426312212183e-04  9.999999899646225e-01  1.001771993580864e-04 -3.139849491518021e-16 -2.303929616531697e-17  6.275953966059730e-02  4.588202936038063e-03  3.137976983034863e-03  2.294101468019511e-04 
 1.635137843652127e+04  9.999999905221195e-06  9.733335110118091e-10 -2.046783273662291e-18  2.887217548480359e-17  4.324798061772097e-04 -6.088658019577490e-03  2.162399030886503e-05 -3.044329009793595e-04  9.999999905261296e-01  9.733426585489986e-05 -2.810252031082427e-16 -1.992221491942114e-17  5.926350639940478e-02  4.209510483030047e-03  2.963175319974959e-03  2.104755241515466e-04 
 1.682896854410312e+04  9.999999910526545e-06  9.457111899147108e-10 -1.822824111131625e-18  2.650546757821582e-17  4.083687070718974e-04 -5.917332226036500e-03  2.041843535359919e-05 -2.958666113022964e-04  9.999999910562190e-01  9.457201209378280e-05 -2.506675422786486e-16 -1.723881454251952e-17  5.596140198507146e-02  3.862025064947466e-03  2.798070099258031e-03  1.931012532474141e-04 
 1.732050807568892e+04  9.999999915534721e-06  9.188727834175126e-10 -1.625333087020089e-18  2.425905500481526e-17  3.855972225167263e-04 -5.750747861807693e-03  1.927986112584041e-05 -2.875373930908428e-04  9.999999915566481e-01  9.188814846082874e-05 -2.229119666630197e-16 -1.493488492598782e-17  5.284255777499402e-02  3.543181512797598e-03  2.642127888753911e-03  1.771590756399175e-04 
 1.782640446524129e+04  9.999999920262564e-06  8.927960037929950e-10 -1.448145787524171e-18  2.234455554754276e-17  3.640914222209970e-04 -5.588780278296172e-03  1.820457111105373e-05 -2.794390139152539e-04  9.999999920290770e-01  8.928045031916668e-05 -1.994931997373328e-16 -1.292911090688964e-17  4.989688239598094e-02  3.250624639243294e-03  2.494844119803023e-03  1.625312319621994e-04 
 1.834707704703027e+04  9.999999924725602e-06  8.674592988366925e-10 -1.290467545017920e-18  2.049749902013937e-17  3.437814018124826e-04 -5.431307554176017e-03  1.718907009062781e-05 -2.715653777092336e-04  9.999999924750719e-01  8.674675616497044e-05 -1.778091562876227e-16 -1.119438743091283e-17  4.711483156056095e-02  2.982192166156188e-03  2.355741578031802e-03  1.491096083078413e-04 
 1.888295740321680e+04  9.999999928938800e-06  8.428416020667129e-10 -1.157717676725135e-18  1.872929930346440e-17  3.246010694913041e-04 -5.278210483730376e-03  1.623005347456869e-05 -2.639105241869395e-04  9.999999928961124e-01  8.428496583581151e-05 -1.578598363138894e-16 -9.757819552369540e-18  4.448737934567635e-02  2.735899024675871e-03  2.224368967287363e-03  1.367949512338229e-04 
 1.943448972158839e+04  9.999999932916138e-06  8.189225547683421e-10 -1.032661263483292e-18  1.715806407018393e-17  3.064879433446716e-04 -5.129372560255245e-03  1.532439716723688e-05 -2.564686280131710e-04  9.999999932935943e-01  8.189303876984669e-05 -1.405126015541214e-16 -8.456776945386935e-18  4.200599087598946e-02  2.509922919519109e-03  2.100299543802820e-03  1.254961459759825e-04 
 2.000213116374356e+04  9.999999936670686e-06  7.956822700716515e-10 -9.163443386311802e-19  1.575158446777166e-17  2.893829588617418e-04 -4.984679955080067e-03  1.446914794309022e-05 -2.492339977544006e-04  9.999999936688364e-01  7.956899231441241e-05 -1.253337711393243e-16 -7.291259609965017e-18  3.966259635473765e-02  2.302591057541337e-03  1.983129817740043e-03  1.151295528770918e-04 
 2.058635224403010e+04  9.999999940215187e-06  7.731015549961029e-10 -8.168935570820714e-19  1.450073713343969e-17  2.732302861993477e-04 -4.844021492711446e-03  1.366151430997034e-05 -2.422010746359584e-04  9.999999940230822e-01  7.731090008262359e-05 -1.121065046350012e-16 -6.315477654728063e-18  3.744956638600111e-02  2.112367948219194e-03  1.872478319303040e-03  1.056183974109826e-04 
 2.118763721955146e+04  9.999999943561061e-06  7.511616606503679e-10 -7.288934504820491e-19  1.327885097907891e-17  2.579771567616809e-04 -4.707288622562884e-03  1.289885783808684e-05 -2.353644311285193e-04  9.999999943575071e-01  7.511689035659777e-05 -9.974659986866641e-17 -5.475220971051797e-18  3.535968853335796e-02  1.937844190834389e-03  1.767984426670716e-03  9.689220954174048e-05 
 2.180648449156431e+04  9.999999946719829e-06  7.298444071324184e-10 -6.480540639244113e-19  1.215147792069154e-17  2.435736986699783e-04 -4.574375387693292e-03  1.217868493350156e-05 -2.287187693850291e-04  9.999999946732201e-01  7.298514453601317e-05 -8.868773770931426e-17 -4.729831977468013e-18  3.338614506115957e-02  1.777726169731724e-03  1.669307253060639e-03  8.888630848660553e-05 
 2.244340701860013e+04  9.999999949701633e-06  7.091320863850115e-10 -5.771595459742354e-19  1.119154404379180e-17  2.299727807117097e-04 -4.445178390940246e-03  1.149863903558799e-05 -2.222589195473665e-04  9.999999949712680e-01  7.091389563067285e-05 -7.936359902593892e-17 -4.092863201132779e-18  3.152249180603887e-02  1.630826585131371e-03  1.576124590304456e-03  8.154132925658628e-05 
 2.309893274165329e+04  9.999999952516564e-06  6.890075732179923e-10 -5.153394150384512e-19  1.022811052748071e-17  2.171298643725120e-04 -4.319596758799544e-03  1.085649321862797e-05 -2.159798379403214e-04  9.999999952526395e-01  6.890142679586916e-05 -7.047314121155779e-17 -3.550762114890027e-18  2.976263812773328e-02  1.496055752629750e-03  1.488131906389036e-03  7.480278763150382e-05 
 2.377360502178793e+04  9.999999955173931e-06  6.694541587748404e-10 -4.615619978766459e-19  9.393191535735252e-18  2.050028635680829e-04 -4.197532103371371e-03  1.025014317840639e-05 -2.098766051689030e-04  9.999999955182675e-01  6.694606990929842e-05 -6.288372600415926e-17 -3.089976191583688e-18  2.810082788984739e-02  1.372413609755515e-03  1.405041394494609e-03  6.862068048779075e-05 
 2.446798309052644e+04  9.999999957682535e-06  6.504556893105473e-10 -4.104540567372374e-19  8.600783483306173e-18  1.935520117072710e-04 -4.078888482664231e-03  9.677600585365669e-06 -2.039444241335366e-04  9.999999957690325e-01  6.504620418836806e-05 -5.594483210025203e-17 -2.669847849745555e-18  2.653162142277113e-02  1.258982372785750e-03  1.326581071140671e-03  6.294911863930127e-05 
 2.518264251339290e+04  9.999999960050744e-06  6.319963719025878e-10 -3.666887325137207e-19  7.959933187666265e-18  1.827397357316360e-04 -3.963572359521184e-03  9.136986786583798e-06 -1.981786179763750e-04  9.999999960057667e-01  6.320025484674203e-05 -5.030698080332741e-17 -2.317482143687766e-18  2.504987842259655e-02  1.154919791500387e-03  1.252493921131824e-03  5.774598957503199e-05 
 2.591817566699566e+04  9.999999962286472e-06  6.140609409843734e-10 -3.255341868683663e-19  7.274309694360241e-18  1.725305367906860e-04 -3.851492559408324e-03  8.626526839536190e-06 -1.925746279707231e-04  9.999999962292550e-01  6.140669178901145e-05 -4.466912950640278e-17 -1.998997755520149e-18  2.365074174152107e-02  1.059452953685407e-03  1.182537087077938e-03  5.297264768428193e-05 
 2.667519223004447e+04  9.999999964396919e-06  5.966344640562227e-10 -2.896128964558309e-19  6.650874986844493e-18  1.628908772257834e-04 -3.742560227282856e-03  8.144543861290955e-06 -1.871280113644410e-04  9.999999964402384e-01  5.966402834240770e-05 -3.968179951296946e-17 -1.727947212398773e-18  2.232962202687755e-02  9.718725950120452e-04  1.116481101345656e-03  4.859362975061292e-05 
 2.745431968870929e+04  9.999999966389364e-06  5.797025082188156e-10 -2.594978833543044e-19  6.097031349441675e-18  1.537890735492750e-04 -3.636688783737393e-03  7.689453677465436e-06 -1.818344391871594e-04  9.999999966394170e-01  5.797082002451462e-05 -3.534499082302744e-17 -1.504330514323637e-18  2.108218316757969e-02  8.915278734426682e-04  1.054109158380665e-03  4.457639367214318e-05 
 2.825620385673952e+04  9.999999968270196e-06  5.632511124176176e-10 -2.285796561034428e-19  5.659151064792606e-18  1.451951951187198e-04 -3.533793880598029e-03  7.259759755937583e-06 -1.766896940301829e-04  9.999999968274507e-01  5.632566334594130e-05 -3.187554387107383e-17 -1.287490079826537e-18  1.990432850840725e-02  8.178215705654587e-04  9.952164254219480e-04  4.089107852828192e-05 
 2.908150941077487e+04  9.999999970045814e-06  5.472665653982745e-10 -2.055394503299758e-19  5.150868152847586e-18  1.370809682190945e-04 -3.433793356136269e-03  6.854048410956227e-06 -1.716896678070869e-04  9.999999970049636e-01  5.472719464698480e-05 -2.818925648462312e-17 -1.124859753953711e-18  1.879218779416975e-02  7.502056852595322e-04  9.396093897099841e-04  3.751028426298484e-05 
 2.993092044129160e+04  9.999999971722060e-06  5.317357110179444e-10 -1.835070372484868e-19  4.730403626849883e-18  1.294196852785476e-04 -3.336607190038865e-03  6.470984263928799e-06 -1.668303595022090e-04  9.999999971725438e-01  5.317408896729871e-05 -2.515349040166370e-17 -9.757819552369540e-19  1.774210480737653e-02  6.881773878581526e-04  8.871052403702399e-04  3.440886939291519e-05 
 3.080514101964068e+04  9.999999973304490e-06  5.166455319116636e-10 -1.639469618821995e-19  4.343938702030757e-18  1.221861189556091e-04 -3.242157458264942e-03  6.109305947781800e-06 -1.621078729135054e-04  9.999999973307478e-01  5.166505894764429e-05 -2.244298497044994e-17 -8.470329472543003e-19  1.675062566459693e-02  6.312753055277639e-04  8.375312832311810e-04  3.156376527639514e-05 
 3.170489578164803e+04  9.999999974798323e-06  5.019836213371320e-10 -1.451125430562332e-19  3.974058853558608e-18  1.153564408477281e-04 -3.150368287906301e-03  5.767822042387672e-06 -1.575184143955659e-04  9.999999974800998e-01  5.019885376280687e-05 -1.994931997373328e-17 -7.284483346386983e-19  1.581448773821443e-02  5.790761119306672e-04  7.907243869119808e-04  2.895380559653972e-05 
 3.263093052826051e+04  9.999999976208587e-06  4.877377668410787e-10 -1.299006213354043e-19  3.667782249470238e-18  1.089081445825967e-04 -3.061165812154545e-03  5.445407229131030e-06 -1.530582906079711e-04  9.999999976210953e-01  4.877425808479617e-05 -1.788933584601082e-17 -6.335806445462167e-19  1.493060917176007e-02  5.311913964045660e-04  7.465304585891929e-04  2.655956982023414e-05 
 3.358401284373552e+04  9.999999977539952e-06  4.738962555705939e-10 -1.151061760860325e-19  3.340223942074186e-18  1.028199730649160e-04 -2.974478125467388e-03  5.140998653246929e-06 -1.487239062736063e-04  9.999999977542013e-01  4.739009107546837e-05 -1.582935171828836e-17 -5.454892180317694e-19  1.409607895844866e-02  4.872647898867563e-04  7.048039479235556e-04  2.436323949434317e-05 
 3.456493273188669e+04  9.999999978796745e-06  4.604475134506458e-10 -1.030158178807794e-19  3.084587918258767e-18  9.707184966205146e-05 -2.890235239016218e-03  4.853592483103640e-06 -1.445117619510411e-04  9.999999978798599e-01  4.604520540773746e-05 -1.420304845956011e-17 -4.743384504624082e-19  1.330814755393590e-02  4.469693266475374e-04  6.654073776978548e-04  2.234846633238178e-05 
 3.557450327091296e+04  9.999999979983255e-06  4.473804382509883e-10 -9.163563173951174e-20  2.811169132372459e-18  9.164481312243037e-05 -2.808369036487617e-03  4.582240656122528e-06 -1.404184518246045e-04  9.999999979984876e-01  4.473848631456507e-05 -1.257674520083185e-17 -4.099639464710814e-19  1.256421799566443e-02  4.100050225885690e-04  6.282108997842218e-04  2.050025112943296e-05 
 3.661356128735386e+04  9.999999981103333e-06  4.346842330527068e-10 -8.184109580369468e-20  2.569030969228359e-18  8.652095603053210e-05 -2.728813230302991e-03  4.326047801527557e-06 -1.364406615153669e-04  9.999999981104776e-01  4.346885066493569e-05 -1.116728237660070e-17 -3.557538378468061e-19  1.186183750246907e-02  3.760966524185641e-04  5.930918751243982e-04  1.880483262093234e-05 
 3.768296804972968e+04  9.999999982160713e-06  4.223482952259161e-10 -7.300063832191608e-20  2.361690980436494e-18  8.168336661192875e-05 -2.651503318312624e-03  4.084168330597337e-06 -1.325751659158424e-04  9.999999982162016e-01  4.223524606605821e-05 -9.974659986866641e-18 -3.083199928005653e-19  1.119868952936802e-02  3.449917094513260e-04  5.599344764692927e-04  1.724958547257010e-05 
 3.878360998244142e+04  9.999999983158977e-06  4.103624384743654e-10 -6.357393875277351e-20  2.192888069186577e-18  7.711607371104904e-05 -2.576376541013376e-03  3.855803685553302e-06 -1.288188270508740e-04  9.999999983160101e-01  4.103664999104432e-05 -8.998878031629687e-18 -2.608861477543245e-19  1.057258625367565e-02  3.164585330893380e-04  5.286293126846247e-04  1.582292665447039e-05 
 3.991639940052228e+04  9.999999984101340e-06  3.987167263019842e-10 -5.820792183579310e-20  2.012209619082599e-18  7.280399477316934e-05 -2.503371839332804e-03  3.640199738659268e-06 -1.251685919668395e-04  9.999999984102339e-01  3.987206893134201e-05 -8.023096076392733e-18 -2.320870275476783e-19  9.981461469734988e-03  2.902845902688008e-04  4.990730734875441e-04  1.451422951344323e-05 
 4.108227526584971e+04  9.999999984990975e-06  3.874016107907607e-10 -5.116235390006817e-20  1.819105916446869e-18  6.873288667058926e-05 -2.432429813016547e-03  3.436644333530220e-06 -1.216214906510210e-04  9.999999984991854e-01  3.874053757322427e-05 -7.047314121155779e-18 -1.982057096575063e-19  9.423363870683392e-03  2.662748982574656e-04  4.711681935349199e-04  1.331374491287621e-05 
 4.228220396544494e+04  9.999999985830825e-06  3.764074607559564e-10 -4.590584185247805e-20  1.656210764873718e-18  6.488929922103553e-05 -2.363492679650530e-03  3.244464961052491e-06 -1.181746339827147e-04  9.999999985831602e-01  3.764111799764626e-05 -6.234162491791650e-18 -1.727947212398773e-19  8.896450696735411e-03  2.442505772224403e-04  4.448225348374789e-04  1.221252886112470e-05 
 4.351718011250492e+04  9.999999986623687e-06  3.657253944133743e-10 -3.983541668928629e-20  1.541537985371451e-18  6.126053125406338e-05 -2.296504234344668e-03  3.063026562703843e-06 -1.148252117174162e-04  9.999999986624363e-01  3.657289890281071e-05 -5.637851296924623e-18 -1.456896669277397e-19  8.398981730491166e-03  2.240475219284266e-04  4.199490865252270e-04  1.120237609642380e-05 
 4.478822737083084e+04  9.999999987372169e-06  3.553464189565148e-10 -3.670834180994995e-20  1.388242744812653e-18  5.783458908860413e-05 -2.231409810100352e-03  2.891729454430844e-06 -1.115704905051953e-04  9.999999987372766e-01  3.553499484879586e-05 -4.933119884809045e-18 -1.304430738771623e-19  7.929313620759859e-03  2.055151827940984e-04  3.964656810386243e-04  1.027575913970719e-05 
 4.609639930333651e+04  9.999999988078764e-06  3.452620411792395e-10 -3.238330021397239e-20  1.303182505580465e-18  5.460014729184566e-05 -2.168156238880060e-03  2.730007364592884e-06 -1.084078119441757e-04  9.999999988079294e-01  3.452654552362036e-05 -4.499439015814843e-18 -1.118083490375676e-19  7.485894517325503e-03  1.885154473315623e-04  3.742947258668712e-04  9.425772366580192e-06 
 4.744278024533984e+04  9.999999988745825e-06  3.354638233865614e-10 -2.878426569980781e-20  1.179649906574579e-18  5.154651159634573e-05 -2.106691813393805e-03  2.577325579817855e-06 -1.053345906698580e-04  9.999999988746290e-01  3.354671503013630e-05 -3.957337929572091e-18 -9.656175598699024e-20  7.067258999977923e-03  1.729216137266317e-04  3.533629499994588e-04  8.646080686333491e-06 
 4.882848620336148e+04  9.999999989375556e-06  3.259437719727032e-10 -2.546710083884743e-20  1.047789291655437e-18  4.866358385867397e-05 -2.046966249613902e-03  2.433179192934236e-06 -1.023483124808581e-04  9.999999989375964e-01  3.259469119315959e-05 -3.415236843329339e-18 -8.300922883092143e-20  6.672023285987171e-03  1.586174489911125e-04  3.336011642998897e-04  7.930872449557377e-06 
 5.025466578017541e+04  9.999999989970050e-06  3.166937267984338e-10 -2.326889787563855e-20  1.009923659521967e-18  4.594182894896918e-05 -1.988930650026640e-03  2.297091447448965e-06 -9.944653250149033e-05  9.999999989970410e-01  3.166968488626336e-05 -3.198396408832238e-18 -7.369186641112413e-20  6.298880701015207e-03  1.454963247371786e-04  3.149440350512619e-04  7.274816236860536e-06 
 5.172250112687846e+04  9.999999990531282e-06  3.077061938583370e-10 -2.064528835128654e-20  9.513348872272840e-19  4.337224346659679e-05 -1.932537467626748e-03  2.168612173330317e-06 -9.662687338149125e-05  9.999999990531595e-01  3.077092937767630e-05 -2.927345865710862e-18 -6.352747104407253e-20  5.946597399236272e-03  1.334604241925731e-04  2.973298699622870e-04  6.673021209630128e-06 
 5.323320892276773e+04  9.999999991061099e-06  2.989737901692990e-10 -1.841518876529874e-20  8.521982739387478e-19  4.094632618260719e-05 -1.877740470658276e-03  2.047316309130811e-06 -9.388702353306328e-05  9.999999991061378e-01  2.989767969474373e-05 -2.547875105340935e-18 -5.505714157152952e-20  5.614008319178152e-03  1.224200145978389e-04  2.807004159593546e-04  6.121000729893294e-06 
 5.478804138383825e+04  9.999999991561269e-06  2.904892437705087e-10 -1.574561785118906e-20  7.651203933614834e-19  3.865605011493961e-05 -1.824494708103302e-03  1.932802505747407e-06 -9.122473540531033e-05  9.999999991561516e-01  2.904921200642470e-05 -2.222614453595284e-18 -4.573977915173222e-20  5.300013362501816e-03  1.122927796067467e-04  2.650006681255127e-04  5.614638980338574e-06 
 5.638828730073681e+04  9.999999992033463e-06  2.822454492346083e-10 -1.470500429643571e-20  7.106418402848929e-19  3.649383614730161e-05 -1.772756475918050e-03  1.824691807365483e-06 -8.863782379604364e-05  9.999999992033672e-01  2.822482302331327e-05 -2.005774019098183e-18 -4.150461441546072e-20  5.003573783608064e-03  1.030032067519959e-04  2.501786891808016e-04  5.150160337600933e-06 
 5.803527310703221e+04  9.999999992479227e-06  2.742355231788451e-10 -1.297243474643020e-20  6.424443874422576e-19  3.445252810739022e-05 -1.722483284014269e-03  1.722626405369890e-06 -8.612416420085057e-05  9.999999992479411e-01  2.742382941468634e-05 -1.761828530288945e-18 -3.557538378468061e-20  4.723708778598197e-03  9.448202544323337e-05  2.361854389302859e-04  4.724101272162708e-06 
 5.973036397868758e+04  9.999999992900050e-06  2.664529152873740e-10 -1.239766623067978e-20  5.900017570292737e-19  3.252536922461848e-05 -1.673633823982256e-03  1.626268461231283e-06 -8.368169119924603e-05  9.999999992900210e-01  2.664556724209555e-05 -1.572093150103981e-18 -3.303428494291771e-20  4.459492262722688e-03  8.666569133638789e-05  2.229746131364894e-04  4.333284566820350e-06 
 6.147496496564593e+04  9.999999993297327e-06  2.588913528001058e-10 -1.014238648272046e-20  5.234780120113787e-19  3.070597989178124e-05 -1.626167937550556e-03  1.535298994589401e-06 -8.130839687765726e-05  9.999999993297460e-01  2.588939140903287e-05 -1.355252715606881e-18 -2.625802136488331e-20  4.210049826028466e-03  7.949591325490522e-05  2.105024913017584e-04  3.974795662746138e-06 
 6.327052215646706e+04  9.999999993672361e-06  2.515442298900439e-10 -9.596800141662309e-21  5.172170181611687e-19  2.898833665914624e-05 -1.580046585776186e-03  1.449416832957631e-06 -7.900232928893508e-05  9.999999993672487e-01  2.515467512621439e-05 -1.301042606982605e-18 -2.414043899674756e-20  3.974555857463376e-03  7.291921915715611e-05  1.987277928734852e-04  3.645960957858608e-06 
 6.511852387698107e+04  9.999999994026425e-06  2.444056623751578e-10 -8.490842861404354e-21  4.546932993535719e-19  2.736675239330149e-05 -1.535231818958202e-03  1.368337619665376e-06 -7.676159094803231e-05  9.999999994026527e-01  2.444080939203892e-05 -1.111307226797642e-18 -2.075230720773036e-20  3.752230828216485e-03  6.688655793233585e-05  1.876115414111229e-04  3.344327896617530e-06 
 6.702050192395209e+04  9.999999994360667e-06  2.374696550511146e-10 -6.777061844244855e-21  4.109039602405302e-19  2.583585753673669e-05 -1.491686747266536e-03  1.291792876837120e-06 -7.458433736344555e-05  9.999999994360760e-01  2.374720248779024e-05 -9.757819552369540e-19 -1.609362599783171e-20  3.542338725566804e-03  6.135293407165774e-05  1.771169362786222e-04  3.067646703583564e-06 
 6.897803283477479e+04  9.999999994676217e-06  2.307304347581862e-10 -6.791453085192560e-21  3.876634842142348e-19  2.439058240759298e-05 -1.449375512077197e-03  1.219529120379917e-06 -7.246877560397521e-05  9.999999994676292e-01  2.307327948716564e-05 -8.944667923005412e-19 -1.567010952420456e-20  3.344184628981469e-03  5.627707250447452e-05  1.672092314493397e-04  2.813853625224346e-06 
 7.099273919425608e+04  9.999999994974102e-06  2.241826169147032e-10 -5.667419554664348e-21  3.627148514985183e-19  2.302614048229491e-05 -1.408263258004291e-03  1.151307024115000e-06 -7.041316290032664e-05  9.999999994974166e-01  2.241848177972300e-05 -8.131516293641283e-19 -1.270549420881451e-20  3.157112420648987e-03  5.162111111191131e-05  1.578556210327007e-04  2.581055555596135e-06 
 7.306629097956528e+04  9.999999995255320e-06  2.178205393832400e-10 -4.860794345359001e-21  3.359781051512142e-19  2.173801260688279e-05 -1.368316105618686e-03  1.086900630344379e-06 -6.841580528104322e-05  9.999999995255375e-01  2.178226660785243e-05 -7.318364664277155e-19 -1.058791184067875e-20  2.980502623054612e-03  4.735031863526403e-05  1.490251311529679e-04  2.367515931763723e-06 
 7.520040694446747e+04  9.999999995520804e-06  2.116388730932783e-10 -4.602546691618245e-21  3.073700747098097e-19  2.052193208580805e-05 -1.329501124842669e-03  1.026096604290629e-06 -6.647505624223928e-05  9.999999995520852e-01  2.116410661688791e-05 -6.505213034913027e-19 -9.740878893424454e-21  2.813770356604608e-03  4.343283588431187e-05  1.406885178304543e-04  2.171641794216072e-06 
 7.739685604398743e+04  9.999999995771436e-06  2.056328440858124e-10 -4.119110962535595e-21  2.636231016022780e-19  1.937387059974226e-05 -1.291786309009507e-03  9.686935299873267e-07 -6.458931545057819e-05  9.999999995771471e-01  2.056348941798646e-05 -5.421010862427522e-19 -8.470329472543003e-21  2.656363410684939e-03  3.983943832317025e-05  1.328181705344584e-04  1.991971916158952e-06 
 7.965745890068512e+04  9.999999996008038e-06  1.997971788014752e-10 -3.709494000850331e-21  2.306245413100091e-19  1.829002490659067e-05 -1.255140549576490e-03  9.145012453297353e-07 -6.275702747892439e-05  9.999999996008070e-01  1.997991716341236e-05 -4.607859233063394e-19 -7.411538288475128e-21  2.507760421898902e-03  3.654331826963101e-05  1.253880210951447e-04  1.827165913481953e-06 
 8.198408931375804e+04  9.999999996231404e-06  1.941270477701096e-10 -3.272434873070329e-21  2.443418038559179e-19  1.726680428240201e-05 -1.219533611479707e-03  8.633402141202907e-07 -6.097668057408241e-05  9.999999996231429e-01  1.941290613387443e-05 -4.743384504624082e-19 -6.352747104407253e-21  2.367469153568248e-03  3.351988508925741e-05  1.183734576786008e-04  1.675994254463240e-06 
 8.437867581222135e+04  9.999999996442269e-06  1.886180100996171e-10 -2.806679966632173e-21  2.011828200081942e-19  1.630081866123361e-05 -1.184936109118630e-03  8.150409330618603e-07 -5.924680545602580e-05  9.999999996442289e-01  1.886198633757422e-05 -3.794707603699266e-19 -5.293955920339377e-21  2.235024870904557e-03  3.074658189888513e-05  1.117512435454057e-04  1.537329094944595e-06 
 8.684320325345318e+04  9.999999996641336e-06  1.832651808086894e-10 -2.542018434015412e-21  1.922690306455293e-19  1.538886743527202e-05 -1.151319482958360e-03  7.694433717637708e-07 -5.756597414800964e-05  9.999999996641353e-01  1.832670112063283e-05 -3.523657060577889e-19 -4.658681209898652e-21  2.109988806562614e-03  2.820271741659933e-05  1.054994403282986e-04  1.410135870830278e-06 
 8.937971446843017e+04  9.999999996829269e-06  1.780642300275304e-10 -2.378423236506988e-21  1.826629045637367e-19  1.452792887862990e-05 -1.118655976737284e-03  7.263964439316551e-07 -5.593279883695324e-05  9.999999996829281e-01  1.780660678857357e-05 -3.252606517456513e-19 -4.235164736271502e-21  1.991946711576444e-03  2.586931170761497e-05  9.959733557898077e-05  1.293465585381034e-06 
 9.199031195501702e+04  9.999999997006680e-06  1.730110499309490e-10 -2.203102875296796e-21  1.566650933544388e-19  1.371515016024770e-05 -1.086918615267797e-03  6.857575080125364e-07 -5.434593076347637e-05  9.999999997006689e-01  1.730127223854632e-05 -2.710505431213761e-19 -3.811648262644352e-21  1.880507486952091e-03  2.372895467860160e-05  9.402537434775423e-05  1.186447733930342e-06 
 9.467715962071337e+04  9.999999997174163e-06  1.681011996268467e-10 -1.637603482355604e-21  1.451168624364350e-19  1.294783791322737e-05 -1.056081182817700e-03  6.473918956615111e-07 -5.280405914096902e-05  9.999999997174173e-01  1.681027860198935e-05 -2.439454888092385e-19 -2.752857078576476e-21  1.775301891450068e-03  2.176567626762587e-05  8.876509457264471e-05  1.088283813381533e-06 
 9.744248457630289e+04  9.999999997332279e-06  1.633306823123348e-10 -1.555785700934046e-21  1.327603798130386e-19  1.222344932972197e-05 -1.026118202059858e-03  6.111724664862336e-07 -5.130591010307456e-05  9.999999997332285e-01  1.633321889743176e-05 -2.168404344971009e-19 -2.541098841762901e-21  1.675981321335382e-03  1.996482736372751e-05  8.379906606690248e-05  9.982413681865956e-07 
 1.002885789818911e+05  9.999999997481552e-06  1.586953901622223e-10 -1.467791415691709e-21  1.366380372425737e-19  1.153958375220511e-05 -9.970049135777463e-04  5.769791876103828e-07 -4.985024567896666e-05  9.999999997481552e-01  1.586969769314921e-05 -2.168404344971009e-19 -2.329340604949326e-21  1.582216658104792e-03  1.831297056983918e-05  7.911083290536552e-05  9.156485284921610e-07 
 1.032178019468623e+05  9.999999997622464e-06  1.541918814851329e-10 -1.235996657790144e-21  1.142610243646000e-19  1.089397473355100e-05 -9.687172559145121e-04  5.446987366776699e-07 -4.843586279580270e-05  9.999999997622465e-01  1.541933077939312e-05 -1.761828530288945e-19 -1.905824131322176e-21  1.493697180420320e-03  1.679777999589112e-05  7.468485902113486e-05  8.398889997947410e-07 
 1.062325814853299e+05  9.999999997755494e-06  1.498159374335728e-10 -1.130753400954642e-21  1.085523264916456e-19  1.028448253987687e-05 -9.412318461532971e-04  5.142241269939568e-07 -4.706159230773976e-05  9.999999997755495e-01  1.498174484992171e-05 -1.626303258728257e-19 -1.694065894508601e-21  1.410129536685451e-03  1.540794933604932e-05  7.050647683438477e-05  7.703974668026361e-07 
 1.093354165287019e+05  9.999999997881082e-06  1.455643383607708e-10 -1.091044106561027e-21  1.024126734691950e-19  9.709087071536573e-06 -9.145259610166150e-04  4.854543535769357e-07 -4.572629805090354e-05  9.999999997881082e-01  1.455657719256885e-05 -1.490777987167569e-19 -1.588186776101813e-21  1.331236774896735e-03  1.413310754561412e-05  6.656183874494268e-05  7.066553772808620e-07 
 1.125288789970294e+05  9.999999997999643e-06  1.414334205307455e-10 -9.731897579592763e-22  8.623958470531433e-20  9.165881179013916e-06 -8.885775184727052e-04  4.582940589507968e-07 -4.442887592370598e-05  9.999999997999640e-01  1.414347538859426e-05 -1.219727444046192e-19 -1.376428539288238e-21  1.256757426589083e-03  1.296374148960948e-05  6.283787132955418e-05  6.481870744806169e-07 
 1.158156159308539e+05  9.999999998111571e-06  1.374195202075157e-10 -9.245673485931976e-22  7.889641374661953e-20  8.653064351749349e-06 -8.633650598369113e-04  4.326532175875628e-07 -4.316825299191429e-05  9.999999998111567e-01  1.374209702056597e-05 -1.084202172485504e-19 -1.270549420881451e-21  1.186444641868610e-03  1.189112498693959e-05  5.932223209352494e-05  5.945562493471106e-07 
 1.191983516853230e+05  9.999999998217234e-06  1.335197508112174e-10 -7.136790433349854e-22  8.120081559722501e-20  8.168936759148626e-06 -8.388677323562519e-04  4.084468379575213e-07 -4.194338661787935e-05  9.999999998217229e-01  1.335210938853265e-05 -1.084202172485504e-19 -9.529120656610879e-22  1.120065372692782e-03  1.090725372156029e-05  5.600326863472824e-05  5.453626860781348e-07 
 1.226798901883902e+05  9.999999998316984e-06  1.297307816727766e-10 -4.896827594687400e-22  5.745611044433217e-20  7.711893624170741e-06 -8.150652722655290e-04  3.855946812086220e-07 -4.075326361334131e-05  9.999999998316979e-01  1.297318923425078e-05 -7.453889935837843e-20 -6.352747104407253e-22  1.057399601714647e-03  1.000478553576173e-05  5.286998008581648e-05  5.002392767881969e-07 
 1.262631172649735e+05  9.999999998411157e-06  1.260488380339098e-10 -6.299817311795295e-22  6.988597337884914e-20  7.280419910977967e-06 -7.919379883034609e-04  3.640209955489786e-07 -3.959689941523607e-05  9.999999998411151e-01  1.260502247323804e-05 -8.809142651444724e-20 -7.940933880509066e-22  9.982396141562096e-04  9.176985660706776e-06  4.991198070788993e-05  4.588492830354400e-07 
 1.299510030289965e+05  9.999999998500058e-06  1.224716994485675e-10 -6.051567207806068e-22  5.532861447136976e-20  6.873085309156972e-06 -7.694667456775041e-04  3.436542654579244e-07 -3.847333728393645e-05  9.999999998500052e-01  1.224730393443059e-05 -6.776263578034403e-20 -7.411538288475128e-22  9.423893103163130e-04  8.417676476114131e-06  4.711946551589065e-05  4.208838238057994e-07 
 1.337466043452970e+05  9.999999998583982e-06  1.189961462699785e-10 -4.448800735584124e-22  5.125018447392911e-20  6.488539497990000e-06 -7.476329504662204e-04  3.244269748995716e-07 -3.738164752337052e-05  9.999999998583977e-01  1.189973710722886e-05 -6.098637220230962e-20 -5.293955920339377e-22  8.896635564509657e-04  7.721191424688505e-06  4.448317782261909e-05  3.860595712345104e-07 
 1.376530673634429e+05  9.999999998663213e-06  1.156192919182786e-10 -3.662992838372898e-22  4.102551978977645e-20  6.125507675171157e-06 -7.264185344482055e-04  3.062753837586254e-07 -3.632092672246808e-05  9.999999998663206e-01  1.156203389572176e-05 -4.743384504624082e-20 -4.235164736271502e-22  8.398875718893428e-04  7.082332737830029e-06  4.199437859453398e-05  3.541166368915795e-07 
 1.416736301255549e+05  9.999999998738010e-06  1.123379167466965e-10 -3.298733654588839e-22  4.825576088998530e-20  5.782786335229394e-06 -7.058059403468145e-04  2.891393167615334e-07 -3.529029701739688e-05  9.999999998738005e-01  1.123391437988586e-05 -5.421010862427522e-20 -3.705769144237564e-22  7.928963503671569e-04  6.496332657533926e-06  3.964481751842093e-05  3.248166328767679e-07 
 1.458116252502992e+05  9.999999998808624e-06  1.091500223537878e-10 -3.880094714004201e-22  4.966521233925377e-20  5.459239283737843e-06 -6.857781074800981e-04  2.729619641869524e-07 -3.428890537405948e-05  9.999999998808616e-01  1.091510658356148e-05 -5.421010862427522e-20 -4.235164736271502e-22  7.485341136710135e-04  5.958817865426357e-06  3.742670568361024e-05  2.979408932713835e-07 
 1.500704826952738e+05  9.999999998875280e-06  1.060526111373861e-10 -2.495890183800673e-22  3.194739435264862e-20  5.153793874162591e-06 -6.663184578055714e-04  2.576896937081864e-07 -3.331592289033160e-05  9.999999998875275e-01  1.060534624901338e-05 -3.388131789017201e-20 -2.646977960169689e-22  7.066537957931482e-04  5.465776853768582e-06  3.533268978971364e-05  2.732888426884894e-07 
 1.544537326000778e+05  9.999999998938216e-06  1.030426854953248e-10 -2.568789998701383e-22  3.945661438005324e-20  4.865437454934491e-06 -6.474108823496331e-04  2.432718727467782e-07 -3.237054411753319e-05  9.999999998938209e-01  1.030437661788928e-05 -4.065758146820642e-20 -2.646977960169689e-22  6.671165558958962e-04  5.013529995175299e-06  3.335582779484791e-05  2.506764997588202e-07 
 1.589650082124220e+05  9.999999998997627e-06  1.001185800930671e-10 -2.115055253714715e-22  3.384088405943544e-20  4.593214015017950e-06 -6.290397280116603e-04  2.296607007509482e-07 -3.145198640063308e-05  9.999999998997618e-01  1.001194821839447e-05 -3.388131789017201e-20 -2.117582368135751e-22  6.297913184796968e-04  4.598702087897308e-06  3.148956592403497e-05  2.299351043949161e-07 
 1.636080488997045e+05  9.999999999053714e-06  9.727707528384144e-11 -2.448935622215945e-22  3.831223728977834e-20  4.336221016902845e-06 -6.111897847330154e-04  2.168110508451900e-07 -3.055948923669941e-05  9.999999999053706e-01  9.727818658506247e-06 -3.726944967918921e-20 -2.382280164152720e-22  5.945543392376862e-04  4.218197171962604e-06  2.972771696193163e-05  2.109098585981767e-07 
 1.683867032485479e+05  9.999999999106661e-06  9.451639471080853e-11 -1.960360881905062e-22  3.226193908506617e-20  4.093606406561554e-06 -5.938462730213920e-04  2.046803203281228e-07 -2.969231365111687e-05  9.999999999106655e-01  9.451752425056751e-06 -3.049318610115481e-20 -1.852884572118782e-22  5.612887951642277e-04  3.869175428390250e-06  2.806443975825606e-05  1.934587714195552e-07 
 1.733049322548687e+05  9.999999999156646e-06  9.183431792791907e-11 -1.729387704166250e-22  3.320424391999200e-20  3.864565790495421e-06 -5.769948318211503e-04  1.932282895248136e-07 -2.884974159110344e-05  9.999999999156638e-01  9.183520688517610e-06 -3.049318610115481e-20 -1.588186776101813e-22  5.298843975644153e-04  3.549031989214520e-06  2.649421987826294e-05  1.774515994607651e-07 
 1.783668126071209e+05  9.999999999203836e-06  8.922795835530906e-11 -1.779899559352644e-22  2.657983341966614e-20  3.648339770544440e-06 -5.606215067204856e-04  1.824169885272622e-07 -2.803107533606890e-05  9.999999999203827e-01  8.922901113324602e-06 -2.371692252312041e-20 -1.588186776101813e-22  5.002370266868209e-04  3.255377500296923e-06  2.501185133438085e-05  1.627688750148820e-07 
 1.835765400654373e+05  9.999999999248379e-06  8.669598372534892e-11 -1.221257841239277e-22  1.172407527589706e-20  3.444211427653462e-06 -5.447127384864827e-04  1.722105713827111e-07 -2.723563692436748e-05  9.999999999248373e-01  8.669677673585138e-06 -1.016439536705160e-20 -1.058791184067875e-22  4.722483867728631e-04  2.986020291967837e-06  2.361241933868074e-05  1.493010145984247e-07 
 1.889384329394676e+05  9.999999999290433e-06  8.423572950277958e-11 -6.284641345145087e-23  1.206651138267857e-20  3.251503946278667e-06 -5.292553519193139e-04  1.625751973139692e-07 -2.646276759600781e-05  9.999999999290428e-01  8.423640474015815e-06 -1.016439536705160e-20 -5.293955920339377e-23  4.458256803833359e-04  2.738950024523860e-06  2.229128401920228e-05  1.369475012262231e-07 
 1.944569356677981e+05  9.999999999330138e-06  8.184497524155177e-11 -1.293640556592949e-22  2.069824890548718e-20  3.069578371581387e-06 -5.142365450170352e-04  1.534789185791032e-07 -2.571182725089268e-05  9.999999999330133e-01  8.184585575961542e-06 -1.694065894508601e-20 -1.058791184067875e-22  4.208813009260657e-04  2.512322686601145e-06  2.104406504633678e-05  1.256161343300849e-07 
 2.001366225019179e+05  9.999999999367618e-06  7.952238867403594e-11 -9.985688508829377e-23  1.704224172173547e-20  2.897831491994005e-06 -4.996438784426414e-04  1.448915745997322e-07 -2.498219392217183e-05  9.999999999367613e-01  7.952314828352093e-06 -1.355252715606881e-20 -7.940933880509066e-23  3.973325423686033e-04  2.304446834530688e-06  1.986662711846179e-05  1.152223417265598e-07 
 2.059822012977870e+05  9.999999999403004e-06  7.726552730957792e-11 -1.199024156904022e-22  1.754001052385312e-20  2.735693840155965e-06 -4.854652652852323e-04  1.367846920078283e-07 -2.427326326430025e-05  9.999999999402998e-01  7.726635703455984e-06 -1.355252715606881e-20 -9.264422860593910e-23  3.751013251764541e-04  2.113770970033560e-06  1.875506625885255e-05  1.056885485017013e-07 
 2.119985174181474e+05  9.999999999436404e-06  7.507305888054816e-11 -3.525843384396031e-23  9.026159064053840e-21  2.582627805608297e-06 -4.716889611073445e-04  1.291313902804433e-07 -2.358444805540477e-05  9.999999999436400e-01  7.507361137295459e-06 -6.776263578034403e-21 -2.646977960169689e-23  3.541139375708125e-04  1.938871962101512e-06  1.770569687856881e-05  9.694359810509696e-08 
 2.181905577488136e+05  9.999999999467944e-06  7.294209680708263e-11 -7.257652024603084e-23  2.322448647872987e-20  2.438125853003752e-06 -4.583035542706873e-04  1.219062926502145e-07 -2.291517771357085e-05  9.999999999467938e-01  7.294309374590375e-06 -1.694065894508601e-20 -5.293955920339377e-23  3.343007912502630e-04  1.778444426694265e-06  1.671503956253976e-05  8.892222133473288e-08 
 2.245634548322702e+05  9.999999999497714e-06  7.087219699997149e-11 -9.337041376989595e-23  1.912226074007469e-20  2.301708839937806e-06 -4.452979565327177e-04  1.150854419969157e-07 -2.226489782667132e-05  9.999999999497707e-01  7.087303818102390e-06 -1.355252715606881e-20 -6.617444900424221e-23  3.155961907686042e-04  1.631290985027062e-06  1.577980953845533e-05  8.156454925137106e-08 
 2.311224911220029e+05  9.999999999525811e-06  6.886136105777041e-11 -3.843902854755943e-23  4.920195654087607e-21  2.172924428834696e-06 -4.326613939066794e-04  1.086462214417588e-07 -2.163306969536841e-05  9.999999999525809e-01  6.886172882254679e-06 -3.388131789017201e-21 -2.646977960169689e-23  2.979381158059964e-04  1.496313327773976e-06  1.489690579032354e-05  7.481566638871528e-08 
 2.378731033610911e+05  9.999999999552346e-06  6.690692444522028e-11 -3.956175345119003e-23  1.012780888350465e-20  2.051345587633067e-06 -4.203833977779031e-04  1.025672793816760e-07 -2.101916988892861e-05  9.999999999552343e-01  6.690749850905746e-06 -6.776263578034403e-21 -2.646977960169689e-23  2.812680156131667e-04  1.372504018522651e-06  1.406340078068072e-05  6.862520092614768e-08 
 2.448208870886886e+05  9.999999999577397e-06  6.500777693929649e-11 -4.071727083831621e-23  7.817716000956712e-21  1.936569174309180e-06 -4.084537962693571e-04  9.682845871548036e-08 -2.042268981350036e-05  9.999999999577392e-01  6.500872739159469e-06 -5.082197683525802e-21 -2.646977960169689e-23  2.655306149485873e-04  1.258938975329514e-06  1.327653074745050e-05  6.294694876648959e-08 
 2.519716012781308e+05  9.999999999601040e-06  6.316347445078918e-11 -3.142990388241234e-23  5.364036929265039e-21  1.828214600552517e-06 -3.968627058496122e-04  9.141073002764599e-08 -1.984313529251220e-05  9.999999999601036e-01  6.316384159096865e-06 -3.388131789017201e-21 -1.985233470127266e-23  2.506737308664818e-04  1.154770574282023e-06  1.253368654334404e-05  5.773852871411386e-08 
 2.593311731105100e+05  9.999999999623368e-06  6.137024222141463e-11 -6.469581336334496e-23  1.104141881401087e-20  1.725922570170145e-06 -3.856005231765589e-04  8.629612850852628e-08 -1.928002615885864e-05  9.999999999623362e-01  6.137131189318287e-06 -6.776263578034403e-21 -3.970466940254533e-23  2.366480997493438e-04  1.059221323613852e-06  1.183240498748603e-05  5.296106618070426e-08 
 2.669057028876782e+05  9.999999999644438e-06  5.962896842959253e-11 -1.109757415104847e-23  5.681957965336817e-21  1.629353888043140e-06 -3.746579171703795e-04  8.146769440217495e-08 -1.873289585854879e-05  9.999999999644434e-01  5.962965248187804e-06 -3.388131789017201e-21 -6.617444900424221e-24  2.234072140124833e-04  9.715780611746384e-07  1.117036070064194e-05  4.857890305874261e-08 
 2.747014690887481e+05  9.999999999664330e-06  5.793698854006379e-11 -1.142171144951983e-23  2.923958131077076e-21  1.538188335691604e-06 -3.640258213094613e-04  7.690941678459720e-08 -1.820129106550203e-05  9.999999999664327e-01  5.793741970674887e-06 -1.694065894508601e-21 -6.617444900424221e-24  2.109071679400818e-04  8.911866319598145e-07  1.054535839702087e-05  4.455933159800056e-08 
 2.827249335742841e+05  9.999999999683114e-06  5.629297028519886e-11 -3.526594839389307e-23  3.009360929612209e-21  1.452123609724992e-06 -3.536954261430844e-04  7.260618048626559e-08 -1.768477130718237e-05  9.999999999683109e-01  5.629321088691141e-06 -1.694065894508601e-21 -1.985233470127266e-23  1.991065121423959e-04  8.174470059870236e-07  9.955325607135640e-06  4.087235029936019e-08 
 2.909827469424971e+05  9.999999999700846e-06  5.469513730815834e-11 -2.419732943832286e-23  3.097258168105326e-21  1.370874319662367e-06 -3.436581720148877e-04  6.854371598313347e-08 -1.718290860077173e-05  9.999999999700842e-01  5.469566314822980e-06 -1.694065894508601e-21 -1.323488980084844e-23  1.879661161522502e-04  7.498088000905462e-07  9.398305807627468e-06  3.749044000453557e-08 
 2.994817540418824e+05  9.999999999717583e-06  5.314304551973237e-11 -0.000000000000000e+00 -0.000000000000000e+00  1.294171041803620e-06 -3.339057419912735e-04  6.470855209019527e-08 -1.669528709959024e-05  9.999999999717579e-01  5.314345229363883e-06  0.000000000000000e+00  0.000000000000000e+00  1.774490387058646e-04  6.877671702184190e-07  8.872451935307353e-06  3.438835851092854e-08 
 3.082289996448710e+05  9.999999999733384e-06  5.163491856308156e-11 -2.563148064694546e-23  6.561659045618038e-21  1.221759426017988e-06 -3.244300549890643e-04  6.108797130091287e-08 -1.622150274947903e-05  9.999999999733382e-01  5.163529170552540e-06 -3.388131789017201e-21 -1.323488980084844e-23  1.675204052784662e-04  6.308590435809608e-07  8.376020263936639e-06  3.154295217905499e-08 
 3.172317342871963e+05  9.999999999748300e-06  5.016964621518127e-11 -6.595030859642962e-24  3.376655800137197e-21  1.153399352491337e-06 -3.152232590968732e-04  5.766996762457958e-08 -1.576116295486874e-05  9.999999999748299e-01  5.016993127925948e-06 -1.694065894508601e-21 -3.308722450212111e-24  1.581472924691239e-04  5.786596625348926e-07  7.907364623468779e-06  2.893298312675101e-08 
 3.264974202778162e+05  9.999999999762384e-06  4.874589620840197e-11 -6.787658136296747e-24  1.737640482891967e-21  1.088864135638911e-06 -3.062777250848023e-04  5.444320678195757e-08 -1.531388625426449e-05  9.999999999762382e-01  4.874615638699040e-06 -8.470329472543003e-22 -3.308722450212111e-24  1.492986188519018e-04  5.307794144130071e-07  7.464930942606970e-06  2.653897072065621e-08 
 3.360337378843735e+05  9.999999999775684e-06  4.736211423050918e-11 -2.095773497763269e-23  3.576786769515979e-21  1.027939772546359e-06 -2.975860400972227e-04  5.139698862732927e-08 -1.487930200488482e-05  9.999999999775681e-01  4.736278687084962e-06 -1.694065894508601e-21 -9.926167350636332e-24  1.409450419318103e-04  4.868609236427494e-07  7.047252096601732e-06  2.434304618214283e-08 
 3.458485916993202e+05  9.999999999788229e-06  4.601874437071274e-11  7.189955759457997e-24 -1.840628674421247e-21  9.704242334491691e-07 -2.891410015235323e-04  4.852121167246914e-08 -1.445705007619962e-05  9.999999999788227e-01  4.601867606472538e-06  8.470329472543003e-22  3.308722450212111e-24  1.330588608642348e-04  4.465763844540247e-07  6.652943043222329e-06  2.232881922270616e-08 
 3.559501171919839e+05  9.999999999800081e-06  4.471267800454370e-11 -1.479991913576605e-23  3.788779298756108e-21  9.161267918998243e-07 -2.809356110419245e-04  4.580633959500131e-08 -1.404678055211858e-05  9.999999999800078e-01  4.471270984379880e-06 -1.694065894508601e-21 -6.617444900424221e-24  1.256139246155901e-04  4.096251142716600e-07  6.280696230789503e-06  2.048125571358751e-08 
 3.663466874520053e+05  9.999999999811267e-06  4.344347104279223e-11 -1.523219431058959e-23 -0.000000000000000e+00  8.648673924033132e-07 -2.729630688313355e-04  4.324336962017518e-08 -1.364815344158850e-05  9.999999999811265e-01  4.344380570105258e-06  0.000000000000000e+00 -6.617444900424221e-24  1.185855452609539e-04  3.757313095345467e-07  5.929277263057134e-06  1.878656547673147e-08 
 3.770469201297392e+05  9.999999999821829e-06  4.221023530703860e-11 -7.838547676752174e-24  2.006668205248557e-21  8.164760534257087e-07 -2.652167679468665e-04  4.082380267129443e-08 -1.326083839736443e-05  9.999999999821827e-01  4.221091184998821e-06 -8.470329472543003e-22 -3.308722450212111e-24  1.119504161314342e-04  3.446419871939290e-07  5.597520806580621e-06  1.723209935970025e-08 
 3.880596845793692e+05  9.999999999831795e-06  4.101252670807298e-11 -0.000000000000000e+00  2.065278853136517e-21  7.707923037976195e-07 -2.576902888541089e-04  3.853961518988947e-08 -1.288451444272595e-05  9.999999999831796e-01  4.101300635280669e-06 -8.470329472543003e-22  0.000000000000000e+00  1.056865345400793e-04  3.161250965287801e-07  5.284326727012376e-06  1.580625482644249e-08 
 3.993941092106586e+05  9.999999999841209e-06  3.984901297826582e-11 -4.151565229314790e-24 -0.000000000000000e+00  7.276646506448952e-07 -2.503773941179203e-04  3.638323253225280e-08 -1.251886970591594e-05  9.999999999841206e-01  3.984909627333101e-06  0.000000000000000e+00 -1.654361225106055e-24  9.977312883029177e-05  2.899677871870865e-07  4.988656441522529e-06  1.449838935935752e-08 
 4.110595890554304e+05  9.999999999850095e-06  3.871747367156786e-11 -4.272823904367714e-24  2.187685839036269e-21  6.869500770833677e-07 -2.432720232413234e-04  3.434750385417596e-08 -1.216360116208553e-05  9.999999999850093e-01  3.871821685396758e-06 -8.470329472543003e-22 -1.654361225106055e-24  9.419058950502198e-05  2.659748205276229e-07  4.709529475258593e-06  1.329874102638407e-08 
 4.230657935550495e+05  9.999999999858480e-06  3.761924105560865e-11 -0.000000000000000e+00  2.251583639412964e-21  6.485135680129717e-07 -2.363682876503170e-04  3.242567840065573e-08 -1.181841438253466e-05  9.999999999858479e-01  3.761943071602495e-06 -8.470329472543003e-22  0.000000000000000e+00  8.892040420852396e-05  2.439671124061139e-07  4.446020210433275e-06  1.219835562030838e-08 
 4.354226745753596e+05  9.999999999866398e-06  3.655120650591925e-11 -9.052139699280621e-24  2.317347763015839e-21  6.122276624396713e-07 -2.296604658205061e-04  3.061138312199031e-08 -1.148302329104358e-05  9.999999999866399e-01  3.655182708272666e-06 -8.470329472543003e-22 -3.308722450212111e-24  8.394509634521747e-05  2.237803965305578e-07  4.197254817267554e-06  1.118901982653036e-08 
 4.481404746557218e+05  9.999999999873873e-06  3.551470229012921e-11 -4.658267033798478e-24  2.385032721304821e-21  5.779720308414459e-07 -2.231429985415649e-04  2.889860154207867e-08 -1.115714992709600e-05  9.999999999873872e-01  3.551452102427408e-06 -8.470329472543003e-22 -1.654361225106055e-24  7.924816713223921e-05  2.052639984101981e-07  3.962408356618266e-06  1.026319992051217e-08 
 4.612297354989894e+05  9.999999999880928e-06  3.450661978376957e-11 -4.794325425600346e-24  1.227347308953689e-21  5.456330761775903e-07 -2.168104843156638e-04  2.728165380888553e-08 -1.084052421580044e-05  9.999999999880929e-01  3.450665272433394e-06 -4.235164736271502e-22 -1.654361225106055e-24  7.481404089364344e-05  1.882797107479434e-07  3.740702044688126e-06  9.413985537399247e-09 
 4.747013067094577e+05  9.999999999887593e-06  3.352740307605018e-11 -0.000000000000000e+00 -0.000000000000000e+00  5.151035572188609e-07 -2.106576748860907e-04  2.575517786094872e-08 -1.053288374432130e-05  9.999999999887591e-01  3.352738676734202e-06  0.000000000000000e+00  0.000000000000000e+00  7.062801341494343e-05  1.727007618830456e-07  3.531400670752793e-06  8.635038094154185e-09 
 4.885663547860312e+05  9.999999999893888e-06  3.257483172092179e-11 -5.078480237856825e-24  5.200363763565389e-21  4.862822329499777e-07 -2.046794708924064e-04  2.431411164750425e-08 -1.023397354463661e-05  9.999999999893885e-01  3.257591144603251e-06 -1.694065894508601e-21 -1.654361225106055e-24  6.667620318682571e-05  1.584108695852552e-07  3.333810159346592e-06  7.920543479264506e-09 
 5.028363723780633e+05  9.999999999899819e-06  3.165157025364351e-11 -0.000000000000000e+00 -1.338063921257313e-21  4.590735268657853e-07 -1.988709176485714e-04  2.295367634329432e-08 -9.943545882444395e-06  9.999999999899818e-01  3.165143808861910e-06  4.235164736271502e-22  0.000000000000000e+00  6.294550537643684e-05  1.453033731386199e-07  3.147275268826851e-06  7.265168656932594e-09 
 5.175231878115393e+05  9.999999999905431e-06  3.075184551448729e-11 -1.075895323608442e-23  4.131438042656416e-21  4.333872100482982e-07 -1.932272010405844e-04  2.166936050241969e-08 -9.661360052044597e-06  9.999999999905428e-01  3.075320040507015e-06 -1.270549420881451e-21 -3.308722450212111e-24  5.942354837368068e-05  1.332804372373559e-07  2.971177418688762e-06  6.664021861869262e-09 
 5.326389748934999e+05  9.999999999910718e-06  2.988054248476146e-11 -0.000000000000000e+00  2.834739229343641e-21  4.091381019740684e-07 -1.877436435402609e-04  2.045690509870793e-08 -9.387182177027987e-06  9.999999999910716e-01  2.988045385193547e-06 -8.470329472543003e-22  0.000000000000000e+00  5.609865276849075e-05  1.222523217521377e-07  2.804932638429002e-06  6.112616087608231e-09 
 5.481962630028315e+05  9.999999999915716e-06  2.903144391552814e-11 -5.698312748830410e-24  2.917536127401170e-21  3.862457880600891e-07 -1.824157003318852e-04  1.931228940300871e-08 -9.120785016608778e-06  9.999999999915714e-01  2.903247501519941e-06 -8.470329472543003e-22 -1.654361225106055e-24  5.295979262310199e-05  1.121367119167506e-07  2.647989631159313e-06  5.606835595838765e-09 
 5.642079474757885e+05  9.999999999920434e-06  2.820854660967598e-11  2.932374367605018e-24  1.501375676213769e-21  3.646343530118833e-07 -1.772389555485484e-04  1.823171765059818e-08 -8.861947777441526e-06  9.999999999920428e-01  2.820856101064736e-06 -4.235164736271502e-22  8.271806125530277e-25  4.999655891094425e-05  1.028581039359548e-07  2.499827945551191e-06  5.142905196798873e-09 
 5.806873002948543e+05  9.999999999924881e-06  2.740785376431631e-11  3.018022987085731e-24 -1.545227769387894e-21  3.442321290898162e-07 -1.722091186150821e-04  1.721160645449460e-08 -8.610455930767809e-06  9.999999999924880e-01  2.740802890124961e-06  4.235164736271502e-22  8.271806125530277e-25  4.719912500096348e-05  9.434724142903242e-08  2.359956250051930e-06  4.717362071452661e-09 
 5.976479810898025e+05  9.999999999929087e-06  2.663025355786885e-11 -0.000000000000000e+00 -0.000000000000000e+00  3.249714584590942e-07 -1.673220206945786e-04  1.624857292295829e-08 -8.366101034742243e-06  9.999999999929083e-01  2.663021513107934e-06  0.000000000000000e+00  0.000000000000000e+00  4.455821407295134e-05  8.654059850287657e-08  2.227910703651112e-06  4.327029925144782e-09 
 6.151040484600761e+05  9.999999999933055e-06  2.587352554428435e-11 -6.393796305720432e-24 -0.000000000000000e+00  3.067884688355959e-07 -1.625736112355760e-04  1.533942344178318e-08 -8.128680561791739e-06  9.999999999933054e-01  2.587447497529517e-06  0.000000000000000e+00 -1.654361225106055e-24  4.206506835586439e-05  7.937990559648890e-08  2.103253417796566e-06  3.968995279825320e-09 
 6.330699716278710e+05  9.999999999936800e-06  2.513989016961204e-11 -0.000000000000000e+00 -1.684619759426933e-21  2.896228616837401e-07 -1.579599546170646e-04  1.448114308419020e-08 -7.897997730865800e-06  9.999999999936798e-01  2.514018200573307e-06  4.235164736271502e-22  0.000000000000000e+00  3.971142008715437e-05  7.281171455796498e-08  1.985571004360879e-06  3.640585727899052e-09 
 6.515606424315809e+05  9.999999999940336e-06  2.442579472017314e-11  1.693187534272207e-24  1.733824035094740e-21  2.734177122642000e-07 -1.534772268885533e-04  1.367088561321301e-08 -7.673861344439881e-06  9.999999999940336e-01  2.442672757166395e-06 -4.235164736271502e-22  4.135903062765138e-25  3.748946409683518e-05  6.678699970785063e-08  1.874473204844742e-06  3.339349985393268e-09 
 6.705913876695464e+05  9.999999999943671e-06  2.373390373122675e-11  3.485284114015855e-24 -0.000000000000000e+00  2.581192808685481e-07 -1.491217126025106e-04  1.290596404343025e-08 -7.456085630137397e-06  9.999999999943672e-01  2.373352029528705e-06  0.000000000000000e+00  8.271806125530277e-25  3.539183192539583e-05  6.126079191133092e-08  1.769591596272608e-06  3.063039595567221e-09 
 6.901779818043403e+05  9.999999999946826e-06  2.305888813225465e-11 -3.587082089117963e-24  9.182930148141986e-22  2.436768346149966e-07 -1.448898017365700e-04  1.218384173075251e-08 -7.244490086840027e-06  9.999999999946826e-01  2.305998558154064e-06 -2.117582368135751e-22 -8.271806125530277e-25  3.341156738975352e-05  5.619184292807165e-08  1.670578369490335e-06  2.809592146404201e-09 
 7.103366600381178e+05  9.999999999949802e-06  2.240430063693566e-11 -1.845926686769439e-24  1.890228927251906e-21  2.300424792143982e-07 -1.407779867029629e-04  1.150212396072244e-08 -7.038899335159345e-06  9.999999999949801e-01  2.240556514182387e-06 -4.235164736271502e-22 -4.135903062765138e-25  3.154210351623882e-05  5.154231753450735e-08  1.577105175814451e-06  2.577115876725935e-09 
 7.310841317698718e+05  9.999999999952609e-06  2.177014124526977e-11 -1.899842405761873e-24 -0.000000000000000e+00  2.171710001487320e-07 -1.367828594427142e-04  1.085855000743899e-08 -6.839142972146593e-06  9.999999999952608e-01  2.176971653123492e-06  0.000000000000000e+00 -4.135903062765138e-25  2.977724076413749e-05  4.727751112065077e-08  1.488862038209244e-06  2.363875556033059e-09 
 7.524375944457464e+05  9.999999999955261e-06  2.115196906515848e-11  1.955332891929681e-24 -0.000000000000000e+00  2.050197127354881e-07 -1.329011086022026e-04  1.025098563677667e-08 -6.645055430120704e-06  9.999999999955260e-01  2.115191269894197e-06  0.000000000000000e+00  4.135903062765138e-25  2.811112646758971e-05  4.336559065362607e-08  1.405556323381722e-06  2.168279532681782e-09 
 7.744147478138894e+05  9.999999999957764e-06  2.055156045344120e-11 -2.012444140980664e-24 -0.000000000000000e+00  1.935483205808284e-07 -1.291295167897571e-04  9.677416029043552e-09 -6.456475839498129e-06  9.999999999957764e-01  2.055164155131404e-06  0.000000000000000e+00 -4.135903062765138e-25  2.653823542768684e-05  3.977735707452804e-08  1.326911771386454e-06  1.988867853726840e-09 
 7.970338085956600e+05  9.999999999960129e-06  1.996802723169822e-11 -1.035611746031286e-24 -0.000000000000000e+00  1.827187819522040e-07 -1.254649579100259e-04  9.135939097612213e-09 -6.273247895511279e-06  9.999999999960126e-01  1.996840552744997e-06  0.000000000000000e+00 -2.067951531382569e-25  2.505335159041828e-05  3.648602735517863e-08  1.252667579522908e-06  1.824301367759334e-09 
 8.203135255853524e+05  9.999999999962357e-06  1.940225757834924e-11 -0.000000000000000e+00  1.091440469505138e-21  1.724951836273685e-07 -1.219043945739174e-04  8.624759181370326e-09 -6.095219728705572e-06  9.999999999962357e-01  1.940172118675330e-06 -2.117582368135751e-22  0.000000000000000e+00  2.365155074972010e-05  3.346703458808614e-08  1.182577537487887e-06  1.673351729404675e-09 
 8.442731951909509e+05  9.999999999964464e-06  1.885069877971546e-11 -0.000000000000000e+00 -1.123319199073643e-21  1.628436218015058e-07 -1.184448755819745e-04  8.142181090077083e-09 -5.922243779108151e-06  9.999999999964464e-01  1.885111880821153e-06  2.117582368135751e-22  0.000000000000000e+00  2.232818421827569e-05  3.069784461750560e-08  1.116409210915561e-06  1.534892230875618e-09 
 8.689326774287984e+05  9.999999999966453e-06  1.831690354947568e-11 -0.000000000000000e+00 -0.000000000000000e+00  1.537320896575935e-07 -1.150835334791043e-04  7.686604482881367e-09 -5.754176673964372e-06  9.999999999966451e-01  1.831614200104735e-06  0.000000000000000e+00  0.000000000000000e+00  2.107886341192632e-05  2.815778784295672e-08  1.053943170597993e-06  1.407889392148146e-09 
 8.943124123854371e+05  9.999999999968332e-06  1.779554281711171e-11 -1.162008974901315e-24 -0.000000000000000e+00  1.451303712272132e-07 -1.118175821786440e-04  7.256518561362259e-09 -5.590879108941096e-06  9.999999999968330e-01  1.779634732641926e-06  0.000000000000000e+00 -2.067951531382569e-25  1.989944529657879e-05  2.582790493979830e-08  9.949722648305228e-07  1.291395246990200e-09 
 9.204334371602642e+05  9.999999999970104e-06  1.729105747472204e-11 -0.000000000000000e+00 -0.000000000000000e+00  1.370099411898701e-07 -1.086443146537991e-04  6.850497059495015e-09 -5.432215732698603e-06  9.999999999970102e-01  1.729130392985797e-06  0.000000000000000e+00  0.000000000000000e+00  1.878601864935579e-05  2.369080534533093e-08  9.393009324692846e-07  1.184540267266807e-09 
 9.473174033030493e+05  9.999999999971776e-06  1.679989480862787e-11 -0.000000000000000e+00 -6.302105958168114e-22  1.293438702785780e-07 -1.055611006945479e-04  6.467193513930323e-09 -5.278055034735794e-06  9.999999999971776e-01  1.680059318413388e-06  1.058791184067875e-22  0.000000000000000e+00  1.773489108843496e-05  2.173053745417907e-08  8.867445544231595e-07  1.086526872709193e-09 
 9.749865947607645e+05  9.999999999973357e-06  1.632294299724890e-11 -0.000000000000000e+00 -0.000000000000000e+00  1.221067359780469e-07 -1.025653847281558e-04  6.105336798903691e-09 -5.128269236415952e-06  9.999999999973355e-01  1.632380834225968e-06  0.000000000000000e+00  0.000000000000000e+00  1.674257682857005e-05  1.993246955409853e-08  8.371288414298346e-07  9.966234777051464e-10 
 1.003463946348605e+06  9.999999999974846e-06  1.586109021900484e-11 -1.303833085058900e-24 -0.000000000000000e+00  1.152745382193629e-07 -9.965468370150208e-05  5.763726910969414e-09 -4.982734185083034e-06  9.999999999974843e-01  1.586055420034037e-06  0.000000000000000e+00 -2.067951531382569e-25  1.580578512169426e-05  1.828318061352012e-08  7.902892560859706e-07  9.141590306762073e-10 
 1.032773062760512e+06  9.999999999976253e-06  1.540989558179717e-11 -0.000000000000000e+00 -6.870606672657549e-22  1.088246197916124e-07 -9.682658502346440e-05  5.441230989581820e-09 -4.841329251180925e-06  9.999999999976252e-01  1.541044676999129e-06  1.058791184067875e-22  0.000000000000000e+00  1.492140934427677e-05  1.677036010567166e-08  7.460704672150258e-07  8.385180052837676e-10 
 1.062938238134948e+06  9.999999999977582e-06  1.497379997772441e-11 -0.000000000000000e+00  7.071282951583255e-22  1.027355912065427e-07 -9.407874456566208e-05  5.136779560328267e-09 -4.703937228290592e-06  9.999999999977580e-01  1.497311296005259e-06 -1.058791184067875e-22  0.000000000000000e+00  1.408651669524750e-05  1.538271612156798e-08  7.043258347634961e-07  7.691358060785686e-10 
 1.093984476192156e+06  9.999999999978835e-06  1.454925069310775e-11 -0.000000000000000e+00 -0.000000000000000e+00  9.698725976711690e-08 -9.140888471990442e-05  4.849362988356913e-09 -4.570444236002496e-06  9.999999999978834e-01  1.454819026733642e-06  0.000000000000000e+00  0.000000000000000e+00  1.329833847033005e-05  1.410989108602586e-08  6.649169235175608e-07  7.054945543014483e-10 
 1.125937510959581e+06  9.999999999980018e-06  1.413624772794719e-11  7.314834697548616e-25 -7.490390730289783e-22  9.156056260475710e-08 -8.881479251073704e-05  4.578028130238863e-09 -4.440739625543920e-06  9.999999999980018e-01  1.413532647615030e-06  1.058791184067875e-22  1.033975765691285e-25  1.255426088053326e-05  1.294238444760827e-08  6.277130440276619e-07  6.471192223805558e-10 
 1.158823828102640e+06  9.999999999981137e-06  1.373212654698364e-11 -0.000000000000000e+00 -0.000000000000000e+00  8.643750346323078e-08 -8.629431776152575e-05  4.321875173162492e-09 -4.314715888083155e-06  9.999999999981140e-01  1.373417936634785e-06  0.000000000000000e+00  0.000000000000000e+00  1.185181638435648e-05  1.187148176545565e-08  5.925908192187670e-07  5.935740882729131e-10 
 1.192670686878523e+06  9.999999999982196e-06  1.334399257757468e-11  7.748377541567978e-25 -0.000000000000000e+00  8.160109301955614e-08 -8.384537131255992e-05  4.080054650978706e-09 -4.192268565634666e-06  9.999999999982193e-01  1.334441642966466e-06  0.000000000000000e+00  1.033975765691285e-25  1.118867550496650e-05  1.088918966370698e-08  5.594337752492153e-07  5.444594831854688e-10 
 1.227506142731212e+06  9.999999999983189e-06  1.296651674920213e-11 -0.000000000000000e+00 -0.000000000000000e+00  7.703529254403208e-08 -8.146592328970243e-05  3.851764627202454e-09 -4.073296164491604e-06  9.999999999983188e-01  1.296571459410433e-06  0.000000000000000e+00  0.000000000000000e+00  1.056263910521254e-05  9.988176168009322e-09  5.281319552614676e-07  4.994088084005763e-10 
 1.263359070546458e+06  9.999999999984131e-06  1.259703452660688e-11 -0.000000000000000e+00 -0.000000000000000e+00  7.272496071256729e-08 -7.915400142215221e-05  3.636248035629165e-09 -3.957700071113909e-06  9.999999999984130e-01  1.259775995614622e-06  0.000000000000000e+00  0.000000000000000e+00  9.971631094863124e-06  9.161715978785410e-09  4.985815547439497e-07  4.580857989393714e-10 
 1.300259188585996e+06  9.999999999985018e-06  1.224087498030713e-11 -4.223671800564380e-25 -0.000000000000000e+00  6.865580339493772e-08 -7.690768940792806e-05  3.432790169747643e-09 -3.845384470402523e-06  9.999999999985018e-01  1.224024752055276e-06  0.000000000000000e+00 -5.169878828456423e-26  9.413691545882438e-06  8.403640272777034e-09  4.706845772948710e-07  4.201820136389444e-10 
 1.338237083120813e+06  9.999999999985859e-06  1.189093268294528e-11 -8.694073120288629e-25 -0.000000000000000e+00  6.481432625246919e-08 -7.472512532572143e-05  3.240716312624175e-09 -3.736256266292019e-06  9.999999999985858e-01  1.189288094756093e-06  0.000000000000000e+00 -1.033975765691285e-25  8.886970192916319e-06  7.708290658180791e-09  4.443485096465232e-07  3.854145329091246e-10 
 1.377324233783914e+06  9.999999999986645e-06  1.155520124029863e-11  4.474004550426072e-25 -4.581380659636298e-22  6.118778998795455e-08 -7.260450009180258e-05  3.059389499398403e-09 -3.630225004595906e-06  9.999999999986647e-01  1.155537230724805e-06  5.293955920339377e-23  5.169878828456423e-26  8.389720297435242e-06  7.070476939694637e-09  4.194860148724297e-07  3.535238469848098e-10 
 1.417553039663591e+06  9.999999999987397e-06  1.122657522500958e-11 -9.209362028723619e-25  4.715193358706493e-22  5.776416809941360e-08 -7.054405596070396e-05  2.888208404971317e-09 -3.527202798040811e-06  9.999999999987396e-01  1.122744184086861e-06 -5.293955920339377e-23 -1.033975765691285e-25  7.920292855187822e-06  6.485438378231413e-09  3.960146427600213e-07  3.242719189116421e-10 
 1.458956846158816e+06  9.999999999988098e-06  1.090860735075694e-11  4.739174268833696e-25 -9.705828902571410e-22  5.453210699760252e-08 -6.854208506843920e-05  2.726605349880727e-09 -3.427104253427414e-06  9.999999999988100e-01  1.090881772896393e-06  1.058791184067875e-22  5.169878828456423e-26  7.477131127756333e-06  5.948808156139124e-09  3.738565563884117e-07  2.974404078070217e-10 
 1.501569972619028e+06  9.999999999988766e-06  1.059952126070129e-11 -9.755191588874145e-25 -0.000000000000000e+00  5.148088835502016e-08 -6.659692801705156e-05  2.574044417751576e-09 -3.329846400857877e-06  9.999999999988766e-01  1.059923586605289e-06  0.000000000000000e+00 -1.033975765691285e-25  7.058765480080683e-06  5.456580782694072e-09  3.529382740045959e-07  2.728290391347637e-10 
 1.545427740791224e+06  9.999999999989398e-06  1.029931695484265e-11 -5.020060327886009e-25 -0.000000000000000e+00  4.860039356155634e-08 -6.470697249932037e-05  2.430019678078353e-09 -3.235348624971167e-06  9.999999999989394e-01  1.029843964171646e-06  0.000000000000000e+00 -5.169878828456423e-26  6.663808506831644e-06  5.005082196578840e-09  3.331904253421125e-07  2.502541098289972e-10 
 1.590566504097927e+06  9.999999999989986e-06  1.000621807634161e-11 -0.000000000000000e+00  5.290686420088651e-22  4.588107016891378e-08 -6.287065196248647e-05  2.294053508446195e-09 -3.143532598129326e-06  9.999999999989988e-01  1.000617972789506e-06 -5.293955920339377e-23  0.000000000000000e+00  6.290950431472079e-06  4.590942342187757e-09  3.145475215741046e-07  2.295471171094384e-10 
 1.637023677770304e+06  9.999999999990551e-06  9.723777338876971e-12 -0.000000000000000e+00 -0.000000000000000e+00  4.331390021252928e-08 -6.108644430989017e-05  2.165695010626941e-09 -3.054322215499369e-06  9.999999999990546e-01  9.722213872222106e-07  0.000000000000000e+00  0.000000000000000e+00  5.938954762748985e-06  4.211070015066941e-09  2.969477381379218e-07  2.105535007533934e-10 
 1.684837769861410e+06  9.999999999991075e-06  9.448442028769932e-12 -0.000000000000000e+00 -0.000000000000000e+00  4.089037030594634e-08 -5.935287063944699e-05  2.044518515297768e-09 -2.967643531977073e-06  9.999999999991075e-01  9.446306697222542e-07  0.000000000000000e+00  0.000000000000000e+00  5.606654194212917e-06  3.862629788733155e-09  2.803327097110920e-07  1.931314894367003e-10 
 1.734048413165270e+06  9.999999999991578e-06  9.176659432341694e-12 -0.000000000000000e+00  5.767948946286204e-22  3.860244340846788e-08 -5.766849401791589e-05  1.930122170423820e-09 -2.883424700900385e-06  9.999999999991577e-01  9.178229505210038e-07 -5.293955920339377e-23  0.000000000000000e+00  5.292946733167100e-06  3.543020850650991e-09  2.646473366587763e-07  1.771510425325886e-10 
 1.784696398068244e+06  9.999999999992047e-06  8.917311333789257e-12  5.797284045565596e-25 -5.936418862659170e-22  3.644253217246668e-08 -5.603191828994543e-05  1.822126608623736e-09 -2.801595914501730e-06  9.999999999992047e-01  8.917760088720867e-07  5.293955920339377e-23  5.169878828456423e-26  4.996792046209415e-06  3.249857589398080e-09  2.498396023108684e-07  1.624928794699398e-10 
 1.836823706359917e+06  9.999999999992496e-06  8.661515948915621e-12 -5.966610779807169e-25  6.109809438522541e-22  3.440347378197015e-08 -5.444178692091113e-05  1.720173689098886e-09 -2.722089346049888e-06  9.999999999992495e-01  8.664682546327625e-07 -5.293955920339377e-23 -5.169878828456423e-26  4.717208009248603e-06  2.980951788119005e-09  2.358604004628055e-07  1.490475894059831e-10 
 1.890473546031536e+06  9.999999999992911e-06  8.421707775596587e-12 -0.000000000000000e+00 -3.144132198105843e-22  3.247850619907941e-08 -5.289678187258588e-05  1.623925309954328e-09 -2.644839093633503e-06  9.999999999992910e-01  8.418787103679874e-07  2.646977960169689e-23  0.000000000000000e+00  4.453267450554090e-06  2.734296291357904e-09  2.226633725280589e-07  1.367148145679253e-10 
 1.945690387090835e+06  9.999999999993306e-06  8.181899602277554e-12  3.160122878855254e-25 -3.235965827947780e-22  3.066124573945310e-08 -5.139562251071224e-05  1.533062286972994e-09 -2.569781125539702e-06  9.999999999993308e-01  8.179869939623577e-07  2.646977960169689e-23  2.584939414228211e-26  4.204095076038973e-06  2.508050023357318e-09  2.102047538022832e-07  1.254025011678936e-10 
 2.002519998422941e+06  9.999999999993685e-06  7.945644142637320e-12  1.626211781783884e-25  3.330481729093394e-22  2.894566590249166e-08 -4.993706454357109e-05  1.447283295124902e-09 -2.496853227182528e-06  9.999999999993685e-01  7.947733017255024e-07 -2.646977960169689e-23  1.292469707114106e-26  3.968864566579857e-06  2.300524245998112e-09  1.984432283293087e-07  1.150262122999309e-10 
 2.061009485727908e+06  9.999999999994034e-06  7.725375894551689e-12  1.673710080647688e-25 -3.427758245166464e-22  2.732607738602020e-08 -4.851989899066817e-05  1.366303869301311e-09 -2.425994949537269e-06  9.999999999994034e-01  7.722183919769298e-07  2.646977960169689e-23  1.292469707114106e-26  3.746795837747918e-06  2.110169953808225e-09  1.873397918876940e-07  1.055084976904345e-10 
 2.121207330566329e+06  9.999999999994371e-06  7.501554932787258e-12  3.445191414108165e-25 -0.000000000000000e+00  2.579710921919493e-08 -4.714295118068427e-05  1.289855460960030e-09 -2.357147559037965e-06  9.999999999994371e-01  7.503035690967271e-07  0.000000000000000e+00  2.584939414228211e-26  3.537152452864008e-06  1.935566311955093e-09  1.768576226434819e-07  9.677831559777597e-11 
 2.183163430545391e+06  9.999999999994687e-06  7.291944825738028e-12 -0.000000000000000e+00 -3.630918004705297e-22  2.435369095106621e-08 -4.580507977785779e-05  1.217684547553579e-09 -2.290253988896534e-06  9.999999999994684e-01  7.290106680288761e-07  2.646977960169689e-23  0.000000000000000e+00  3.339239180798981e-06  1.775410050921500e-09  1.669619590402148e-07  8.877050254609458e-11 
 2.246929140678680e+06  9.999999999994985e-06  7.084111075528199e-12 -0.000000000000000e+00 -3.736969645991694e-22  2.299103583573297e-08 -4.450517583599475e-05  1.149551791786902e-09 -2.225258791803279e-06  9.999999999994982e-01  7.083220392243573e-07  2.646977960169689e-23  0.000000000000000e+00  3.152399690420620e-06  1.628505738705482e-09  1.576199845212819e-07  8.142528693529207e-11 
 2.312557315954026e+06  9.999999999995263e-06  6.881606395836570e-12 -0.000000000000000e+00 -3.846118837430687e-22  2.170462495832644e-08 -4.324216187932108e-05  1.085231247916561e-09 -2.162108093969495e-06  9.999999999995264e-01  6.882205340115513e-07  2.646977960169689e-23  0.000000000000000e+00  2.976014374041440e-06  1.493756857934695e-09  1.488007187023088e-07  7.468784289675119e-11 
 2.380102355144658e+06  9.999999999995530e-06  6.686207143502543e-12 -1.932839869182837e-25  3.958456052086450e-22  2.049019224918274e-08 -4.201499100941679e-05  1.024509612459363e-09 -2.100749550474183e-06  9.999999999995529e-01  6.686894903818163e-07 -2.646977960169689e-23 -1.292469707114106e-26  2.809498292649607e-06  1.370157621293757e-09  1.404749146327039e-07  6.850788106470296e-11 
 2.449620245900000e+06  9.999999999995781e-06  6.497913318526116e-12 -3.978588286674940e-25 -4.074074405555138e-22  1.934371033650791e-08 -4.082264603749131e-05  9.671855168256083e-10 -2.041132301877814e-06  9.999999999995778e-01  6.497127191784538e-07  2.646977960169689e-23 -2.584939414228211e-26  2.652299236108920e-06  1.256785464173822e-09  1.326149618056571e-07  6.283927320870493e-11 
 2.521168611153478e+06  9.999999999996016e-06  6.313172207228490e-12  1.023698665319289e-25 -4.193069733147807e-22  1.826137719062020e-08 -3.966413864128160e-05  9.130688595312113e-10 -1.983206932067237e-06  9.999999999996014e-01  6.312744906776220e-07  2.646977960169689e-23  6.462348535570529e-27  2.503895891895160e-06  1.152794158508530e-09  1.251947945949573e-07  5.763970792543923e-11 
 2.594806756885793e+06  9.999999999996240e-06  6.131983809609665e-12  1.053598796222580e-25 -2.157770334663844e-22  1.723960351547921e-08 -3.853850854587427e-05  8.619801757741507e-10 -1.926925427296780e-06  9.999999999996239e-01  6.133595215500686e-07  1.323488980084844e-23  6.462348535570529e-27  2.363796116295956e-06  1.057407496397119e-09  1.181898058149859e-07  5.287037481986759e-11 
 2.670595721283271e+06  9.999999999996448e-06  5.957900839348440e-12 -1.084372248405190e-25  2.220794364733829e-22  1.627500084568953e-08 -3.744482272777282e-05  8.137500422846556e-10 -1.872241136391621e-06  9.999999999996448e-01  5.959529621928772e-07 -1.323488980084844e-23 -6.462348535570529e-27  2.231535302341131e-06  9.699134963683699e-10  1.115767651172341e-07  4.849567481842918e-11 
 2.748598325332025e+06  9.999999999996650e-06  5.790923296444817e-12 -0.000000000000000e+00  2.285659196997845e-22  1.536437030950614e-08 -3.638217464155091e-05  7.682185154754764e-10 -1.819108732080440e-06  9.999999999996646e-01  5.790403844207264e-07 -1.323488980084844e-23  0.000000000000000e+00  2.106674839051270e-06  8.896590890401811e-10  1.053337419527311e-07  4.448295445201886e-11 
 2.828879224889867e+06  9.999999999996836e-06  5.627498467219993e-12  1.148641893310058e-25 -0.000000000000000e+00  1.450469202057740e-08 -3.534968346845040e-05  7.252346010290295e-10 -1.767484173425333e-06  9.999999999996835e-01  5.626077695064596e-07  0.000000000000000e+00  6.462348535570529e-27  1.988800656895054e-06  8.160452425077773e-10  9.944003284491096e-08  4.080226212539785e-11 
 2.911504964279129e+06  9.999999999997009e-06  5.467626351673971e-12 -0.000000000000000e+00 -2.421127902675848e-22  1.369311506324612e-08 -3.434649338630199e-05  6.846557531624570e-10 -1.717324669317833e-06  9.999999999997011e-01  5.466414965610528e-07  1.323488980084844e-23  0.000000000000000e+00  1.877521854631803e-06  7.485224910757795e-10  9.387609273173959e-08  3.742612455379722e-11 
 2.996544031444832e+06  9.999999999997180e-06  5.307754236127948e-12 -0.000000000000000e+00 -2.491844065230421e-22  1.292694803819809e-08 -3.337177286016298e-05  6.463474019100473e-10 -1.668588643010805e-06  9.999999999997180e-01  5.311283312433468e-07  1.323488980084844e-23  0.000000000000000e+00  1.772469402985537e-06  6.865868339599545e-10  8.862347014941795e-08  3.432934169800530e-11 
 3.084066914723899e+06  9.999999999997336e-06  5.165645688975928e-12 -0.000000000000000e+00 -5.129251402671889e-22  1.220365013710517e-08 -3.242471395308489e-05  6.101825068553928e-10 -1.621235697656825e-06  9.999999999997334e-01  5.160554147901857e-07  2.646977960169689e-23  0.000000000000000e+00  1.673294920851680e-06  6.297759733459792e-10  8.366474604271715e-08  3.148879866730589e-11 
 3.174146161272484e+06  9.999999999997485e-06  5.012879000787507e-12 -0.000000000000000e+00  2.639533139223414e-22  1.152082271666454e-08 -3.150453165643931e-05  5.760411358333541e-10 -1.575226582824473e-06  9.999999999997486e-01  5.014102533578721e-07 -1.323488980084844e-23  0.000000000000000e+00  1.579669519978031e-06  5.776658637255349e-10  7.898347599902727e-08  2.888329318628311e-11 
 3.266856437199849e+06  9.999999999997626e-06  4.870770453635487e-12 -6.632393723601747e-26 -0.000000000000000e+00  1.087620134409182e-08 -3.061046323924748e-05  5.438100672047107e-10 -1.530523161964810e-06  9.999999999997626e-01  4.871807076660997e-07  0.000000000000000e+00 -3.231174267785264e-27  1.491282714288726e-06  5.298675467534896e-10  7.456413571455497e-08  2.649337733768031e-11 
 3.362274589458618e+06  9.999999999997761e-06  4.735767333841068e-12 -6.826112292606627e-26 -8.387926785155024e-22  1.026764828768892e-08 -2.974176761597390e-05  5.133824143845590e-10 -1.487088380801062e-06  9.999999999997758e-01  4.733549829357818e-07  3.970466940254533e-23 -3.231174267785264e-27  1.407841390234247e-06  4.860242480010685e-10  7.039206951182437e-08  2.430121240005878e-11 
 3.460479709542726e+06  9.999999999997883e-06  4.600764214046649e-12 -7.025488982275207e-26  2.877640287139925e-22  9.693145427583847e-09 -2.889772473226059e-05  4.846572713792994e-10 -1.444886236615329e-06  9.999999999997884e-01  4.599216191124342e-07 -1.323488980084844e-23 -3.231174267785264e-27  1.329068834752954e-06  4.458087139347595e-10  6.645344173775345e-08  2.229043569674289e-11 
 3.561553199045849e+06  9.999999999998005e-06  4.469313807931030e-12 -0.000000000000000e+00 -2.961690236791106e-22  9.150787563132743e-09 -2.807763496809259e-05  4.575393781567380e-10 -1.403881748406864e-06  9.999999999998003e-01  4.468694813670106e-07  1.323488980084844e-23  0.000000000000000e+00  1.254703817620628e-06  4.089207692437635e-10  6.273519088113124e-08  2.044603846219268e-11 
 3.665578837134663e+06  9.999999999998114e-06  4.337863401815412e-12 -7.441882598801226e-26 -1.524097556234491e-22  8.638776094789907e-09 -2.728081855790016e-05  4.319388047395905e-10 -1.364040927897179e-06  9.999999999998116e-01  4.341877508663128e-07  6.617444900424221e-24 -3.231174267785264e-27  1.184499725144887e-06  3.750850762835206e-10  5.922498625733863e-08  1.875425381418016e-11 
 3.772642849992856e+06  9.999999999998220e-06  4.217071136736195e-12  7.659244671654645e-26 -1.568613308754871e-22  8.155413059493541e-09 -2.650661502711727e-05  4.077706529747671e-10 -1.325330751357973e-06  9.999999999998220e-01  4.218659158053311e-07  6.617444900424221e-24  3.231174267785264e-27  1.118223742331617e-06  3.440490799114612e-10  5.591118711666981e-08  1.720245399557686e-11 
 3.882833982293462e+06  9.999999999998317e-06  4.103384299014579e-12 -0.000000000000000e+00  3.228858549556439e-22  7.699095499787035e-09 -2.575438264472912e-05  3.849547749894366e-10 -1.287719132238506e-06  9.999999999998318e-01  4.098937626940747e-07 -1.323488980084844e-23  0.000000000000000e+00  1.055656080811277e-06  3.155811223749257e-10  5.278280404064787e-08  1.577905611874976e-11 
 3.996243570758746e+06  9.999999999998412e-06  3.982592033935362e-12  1.622640069203796e-25  1.661583430864687e-22  7.268310148002523e-09 -2.502349789135545e-05  3.634155074002064e-10 -1.251174894569764e-06  9.999999999998413e-01  3.982613678916777e-07 -6.617444900424221e-24  6.462348535570529e-27  9.965892499647318e-07  2.894687141804907e-10  4.982946249831590e-08  1.447343570902773e-11 
 4.112965619868631e+06  9.999999999998505e-06  3.868905196213746e-12 -0.000000000000000e+00  1.710114862791579e-22  6.861628407878217e-09 -2.431335494242825e-05  3.430814203939865e-10 -1.215667747123347e-06  9.999999999998502e-01  3.869590893807544e-07 -6.617444900424221e-24  0.000000000000000e+00  9.408273688314505e-07  2.655169480382067e-10  4.704136844164739e-08  1.327584740191326e-11 
 4.233096879780406e+06  9.999999999998586e-06  3.758771072170930e-12 -0.000000000000000e+00 -0.000000000000000e+00  6.477701616967292e-09 -2.362336516603599e-05  3.238850808484359e-10 -1.181168258303680e-06  9.999999999998587e-01  3.759775587751942e-07  0.000000000000000e+00  0.000000000000000e+00  8.881855165182427e-07  2.435470440421834e-10  4.440927582598282e-08  1.217735220211185e-11 
 4.356736926524309e+06  9.999999999998666e-06  3.652189661806915e-12 -4.422538180409198e-26 -1.811471638695608e-22  6.115256574127405e-09 -2.295295663501808e-05  3.057628287064376e-10 -1.147647831752731e-06  9.999999999998666e-01  3.653076735547670e-07  6.617444900424221e-24 -1.615587133892632e-27  8.384891189543029e-07  2.233950152285275e-10  4.192445594778188e-08  1.116975076142883e-11 
 4.483988244541461e+06  9.999999999998746e-06  3.545608251442900e-12 -4.551711417611568e-26 -0.000000000000000e+00  5.773091317258911e-09 -2.230157365290509e-05  2.886545658630092e-10 -1.115078682647030e-06  9.999999999998742e-01  3.549405895201021e-07  0.000000000000000e+00 -1.615587133892632e-27  7.915733699589104e-07  2.049104435501518e-10  3.957866849800851e-08  1.024552217750985e-11 
 4.614956311632562e+06  9.999999999998813e-06  3.446132268436486e-12 -9.369315078382684e-26 -1.918835728052774e-22  5.450071137289662e-09 -2.166867629331185e-05  2.725035568645431e-10 -1.083433814667317e-06  9.999999999998811e-01  3.448677134617871e-07  6.617444900424221e-24 -3.231174267785264e-27  7.472826847018979e-07  1.879553571321390e-10  3.736413423515437e-08  9.397767856609023e-12 
 4.749749686387764e+06  9.999999999998879e-06  3.346656285430072e-12 -4.821486743335339e-26  1.974880970070155e-22  5.145124815187895e-09 -2.105373995240194e-05  2.572562407594514e-10 -1.052686997621772e-06  9.999999999998879e-01  3.350806960375139e-07 -6.617444900424221e-24 -1.615587133892632e-27  7.054701837444445e-07  1.724032004273238e-10  3.527350918727836e-08  8.620160021368089e-12 
 4.888480098170185e+06  9.999999999998944e-06  3.243627588744857e-12 -4.962312446892591e-26  2.032563178247205e-22  4.857241069524148e-09 -2.045625491405220e-05  2.428620534762609e-10 -1.022812745704238e-06  9.999999999998944e-01  3.255714248513604e-07 -6.617444900424221e-24 -1.615587133892632e-27  6.659972059491322e-07  1.581378895851690e-10  3.329986029750961e-08  7.906894479260190e-12 
 5.031262539727665e+06  9.999999999999001e-06  3.161915174132446e-12 -2.553625689692421e-26 -2.091930164996031e-22  4.585465202801459e-09 -1.987572592735731e-05  2.292732601401235e-10 -9.937862963694471e-07  9.999999999999000e-01  3.163320177294788e-07  6.617444900424221e-24 -8.077935669463161e-28  6.287328486439683e-07  1.450529459830644e-10  3.143664243224844e-08  7.252647299154820e-12 
 5.178215362509516e+06  9.999999999999056e-06  3.076650045841234e-12  5.256423679762895e-26 -1.076515569615441e-22  4.328895935432322e-09 -1.931167179612409e-05  2.164447967716638e-10 -9.655835898077414e-07  9.999999999999054e-01  3.073548161866121e-07  3.308722450212111e-24  1.615587133892632e-27  5.935535335154461e-07  1.330507014525899e-10  2.967767667581954e-08  6.652535072630963e-12 
 5.329460374767276e+06  9.999999999999108e-06  2.984279490192421e-12  2.704976497994511e-26 -3.323875120735655e-22  4.086682416862956e-09 -1.876362498001514e-05  2.043341208431928e-10 -9.381812490022503e-07  9.999999999999108e-01  2.986323790780245e-07  9.926167350636332e-24  8.077935669463161e-28  5.603425967910271e-07  1.220415692684225e-10  2.801712983959595e-08  6.102078463422466e-12 
 5.485122942520788e+06  9.999999999999159e-06  2.899014361901209e-12  2.783983293763982e-26  1.140319557125727e-22  3.858021403933140e-09 -1.823113120701150e-05  1.929010701966996e-10 -9.115565603520256e-07  9.999999999999158e-01  2.901574764315847e-07 -3.308722450212111e-24  8.077935669463161e-28  5.289899023520012e-07  1.119433754584374e-10  2.644949511764215e-08  5.597168772923102e-12 
 5.645332093473294e+06  9.999999999999203e-06  2.820854660967598e-12 -5.730595430831489e-26  1.173625944234289e-22  3.642154597114327e-09 -1.771374909687297e-05  1.821077298557565e-10 -8.856874548450582e-07  9.999999999999205e-01  2.819230834548876e-07 -3.308722450212111e-24 -1.615587133892632e-27  4.993914764937056e-07  1.026807454437947e-10  2.496957382472502e-08  5.134037272190866e-12 
 5.810220623961662e+06  9.999999999999252e-06  2.728484105318785e-12 -0.000000000000000e+00 -0.000000000000000e+00  3.438366125792317e-09 -1.721104979528415e-05  1.719183062896538e-10 -8.605524897655773e-07  9.999999999999252e-01  2.739223747124505e-07  0.000000000000000e+00  0.000000000000000e+00  4.714491631218823e-07  9.418454143079503e-11  2.357245815613163e-08  4.709227071540789e-12 
 5.979925209030424e+06  9.999999999999294e-06  2.657429831742775e-12 -3.035121009019335e-26  1.243185565294319e-22  3.245980174255057e-09 -1.672261661838269e-05  1.622990087127886e-10 -8.361308309204657e-07  9.999999999999293e-01  2.661487184681516e-07 -3.308722450212111e-24 -8.077935669463161e-28  4.450702982417083e-07  8.639134635510719e-11  2.225351491212084e-08  4.319567317756312e-12 
 6.154586515720839e+06  9.999999999999333e-06  2.586375558166765e-12 -0.000000000000000e+00 -0.000000000000000e+00  3.064358740512797e-09 -1.624804470737551e-05  1.532179370256736e-10 -8.124022353700687e-07  9.999999999999332e-01  2.585956711882279e-07  0.000000000000000e+00  0.000000000000000e+00  4.201674026600385e-07  7.924299052644722e-11  2.100837013303536e-08  3.962149526323234e-12 
 6.334349319668900e+06  9.999999999999372e-06  2.508215857233154e-12 -1.607504778618427e-26 -0.000000000000000e+00  2.892899520518204e-09 -1.578694069295635e-05  1.446449760259421e-10 -7.893470346490739e-07  9.999999999999371e-01  2.512569722002708e-07  0.000000000000000e+00 -4.038967834731580e-28  3.966578918817708e-07  7.268611744050650e-11  1.983289459412010e-08  3.634305872026126e-12 
 6.519362625108934e+06  9.999999999999403e-06  2.437161583657144e-12 -1.654456684424972e-26  1.355330915880937e-22  2.731033910770066e-09 -1.533892236924679e-05  1.365516955385334e-10 -7.669461184635604e-07  9.999999999999405e-01  2.441265385037950e-07 -3.308722450212111e-24 -4.038967834731580e-28  3.744638022382874e-07  6.667178551728182e-11  1.872319011194417e-08  3.333589275864827e-12 
 6.709779788382252e+06  9.999999999999438e-06  2.366107310081134e-12 -3.405559917515126e-26  1.394917342214196e-22  2.578225122676631e-09 -1.490361837699033e-05  1.289112561338599e-10 -7.451809188507028e-07  9.999999999999438e-01  2.371984597280787e-07 -3.308722450212111e-24 -8.077935669463161e-28  3.535115323397395e-07  6.115510279311680e-11  1.767557661701510e-08  3.057755139656513e-12 
 6.905758645053235e+06  9.999999999999471e-06  2.295053036505124e-12 -0.000000000000000e+00 -0.000000000000000e+00  2.433966402425396e-09 -1.448066789573700e-05  1.216983201212966e-10 -7.240333947880024e-07  9.999999999999470e-01  2.304669932330947e-07  0.000000000000000e+00  0.000000000000000e+00  3.337315989937688e-07  5.609489183973833e-11  1.668657994971500e-08  2.804744591987535e-12 
 7.107461640738225e+06  9.999999999999499e-06  2.238209617644316e-12  1.803702002328325e-26  1.477592680307364e-22  2.297779350455957e-09 -1.406972034476334e-05  1.148889675228232e-10 -7.034860172392870e-07  9.999999999999499e-01  2.239265593494734e-07 -3.308722450212111e-24  4.038967834731580e-28  3.150584067812300e-07  5.145338240918962e-11  1.575292033908658e-08  2.572669120460048e-12 
 7.315055965755646e+06  9.999999999999526e-06  2.174260771425907e-12 -1.856384425200611e-26  7.603750605621703e-23  2.169212334962857e-09 -1.367043509247993e-05  1.084606167481667e-10 -6.835217546250844e-07  9.999999999999527e-01  2.175717367535507e-07 -1.654361225106055e-24 -4.038967834731580e-28  2.974300305247686e-07  4.719592951051161e-11  1.487150152626210e-08  2.359796475526101e-12 
 7.528713693708994e+06  9.999999999999559e-06  2.103206497849897e-12 -0.000000000000000e+00  7.825840509776416e-23  2.047838994167222e-09 -1.328248117408550e-05  1.023919497083836e-10 -6.641240587053319e-07  9.999999999999556e-01  2.113972579736675e-07 -1.654361225106055e-24  0.000000000000000e+00  2.807880099288658e-07  4.329075481385230e-11  1.403940049646563e-08  2.164537740693092e-12 
 7.748611924117537e+06  9.999999999999581e-06  2.046363078989089e-12 -1.966410449926014e-26 -8.054417202896955e-23  1.933256822390326e-09 -1.290553701723370e-05  9.666284111953763e-11 -6.452768508627119e-07  9.999999999999580e-01  2.053980050239957e-07  1.654361225106055e-24 -4.038967834731580e-28  2.650771557103241e-07  3.970870945180188e-11  1.325385778553730e-08  1.985435472590532e-12 
 7.974932929212972e+06  9.999999999999603e-06  1.996625087485882e-12 -0.000000000000000e+00 -8.289670150737054e-23  1.825085835240149e-09 -1.253929017548508e-05  9.125429176202756e-11 -6.269645087752519e-07  9.999999999999601e-01  1.995690051622737e-07  1.654361225106055e-24  0.000000000000000e+00  2.502453665762730e-07  3.642305644746485e-11  1.251226832883356e-08  1.821152822373644e-12 
 8.207864305023706e+06  9.999999999999626e-06  1.932676241267473e-12  1.041478802850968e-26 -8.531794352955131e-23  1.722967309484343e-09 -1.218343706932340e-05  8.614836547423614e-11 -6.091718534671395e-07  9.999999999999625e-01  1.939054267679316e-07  1.654361225106055e-24  2.019483917365790e-28  2.362434564427480e-07  3.340927114527689e-11  1.181217282215620e-08  1.670463557264213e-12 
 8.447599126872003e+06  9.999999999999647e-06  1.882938249764265e-12 -1.071898254974152e-26 -0.000000000000000e+00  1.626562593430700e-09 -1.183768273452154e-05  8.132812967155296e-11 -5.918841367270189e-07  9.999999999999646e-01  1.884025753371917e-07  0.000000000000000e+00 -2.019483917365790e-28  2.230249913208546e-07  3.064485815494962e-11  1.115124956606048e-08  1.532242907747819e-12 
 8.694336109412877e+06  9.999999999999667e-06  1.826094830903457e-12 -0.000000000000000e+00  9.037465163207084e-23  1.535551983870043e-09 -1.150174057764850e-05  7.677759919351907e-11 -5.750870288833401e-07  9.999999999999666e-01  1.830558895918250e-07 -1.654361225106055e-24  0.000000000000000e+00  2.105461353295906e-07  2.810918344218317e-11  1.052730676649629e-08  1.405459172109468e-12 
 8.948279771347392e+06  9.999999999999684e-06  1.776356839400250e-12 -0.000000000000000e+00 -1.860286183705953e-22  1.449633665857199e-09 -1.117533213851486e-05  7.248168329287594e-11 -5.587666069266320e-07  9.999999999999684e-01  1.778609376983365e-07  3.308722450212111e-24  0.000000000000000e+00  1.987655053246671e-07  2.578332031284466e-11  9.938275266249171e-09  1.289166015642517e-12 
 9.209640604946906e+06  9.999999999999706e-06  1.719513420539442e-12 -2.337184221249152e-26 -0.000000000000000e+00  1.368522711814082e-09 -1.085818685935967e-05  6.842613559071916e-11 -5.429093429688476e-07  9.999999999999702e-01  1.728134135944474e-07  0.000000000000000e+00 -4.038967834731580e-28  1.876440336612372e-07  2.364990814101286e-11  9.382201683076794e-09  1.182495407050904e-12 
 9.478635250528758e+06  9.999999999999721e-06  1.669775429036235e-12 -0.000000000000000e+00  9.852717308531227e-23  1.291950136635666e-09 -1.055004186058766e-05  6.459750683179756e-11 -5.275020930302226e-07  9.999999999999719e-01  1.679091334198271e-07 -1.654361225106055e-24  0.000000000000000e+00  1.771448386354223e-07  2.169302278641279e-11  8.857241931785213e-09  1.084651139320879e-12 
 9.755486676028041e+06  9.999999999999733e-06  1.634248292248230e-12  1.237853381464852e-26 -0.000000000000000e+00  1.219662005665341e-09 -1.025064172287065e-05  6.098310028328047e-11 -5.125320861443481e-07  9.999999999999734e-01  1.631440320481184e-07  0.000000000000000e+00  2.019483917365790e-28  1.672331021749833e-07  1.989805773401441e-11  8.361655108762475e-09  9.949028867009395e-13 
 1.004042436181429e+07  9.999999999999750e-06  1.591615728102624e-12 -0.000000000000000e+00 -0.000000000000000e+00  1.151418592581443e-09 -9.959738275432771e-06  5.757092962908482e-11 -4.979869137724310e-07  9.999999999999748e-01  1.585141597173810e-07  0.000000000000000e+00  0.000000000000000e+00  1.578759543735302e-07  1.825161506860214e-11  7.893797718689075e-09  9.125807534303081e-13 
 1.033368449090629e+07  9.999999999999762e-06  1.534772309241816e-12 -6.556098488398203e-27  1.074151176339162e-22  1.086993584402330e-09 -9.677090390343858e-06  5.434967922012847e-11 -4.838545195179630e-07  9.999999999999765e-01  1.540156787561581e-07 -1.654361225106055e-24 -1.009741958682895e-28  1.490423644853539e-07  1.674140547053180e-11  7.452118224279557e-09  8.370702735267744e-13 
 1.063551014474265e+07  9.999999999999776e-06  1.492139745096210e-12  6.747588630623635e-27 -1.105524921241376e-22  1.026173330973565e-09 -9.402463782650567e-06  5.130866654868954e-11 -4.701231891332765e-07  9.999999999999776e-01  1.496448604024559e-07  1.654361225106055e-24  1.009741958682895e-28  1.407030380193923e-07  1.535615648622657e-11  7.035151900980812e-09  7.678078243114977e-13 
 1.094615150467048e+07  9.999999999999791e-06  1.449507180950604e-12  6.944671805753376e-27 -0.000000000000000e+00  9.687561364483270e-10 -9.135630816179594e-06  4.843780682242703e-11 -4.567815408097068e-07  9.999999999999789e-01  1.453980817129967e-07  0.000000000000000e+00  1.009741958682895e-28  1.328303195910680e-07  1.408552838872838e-11  6.641515979563969e-09  7.042764194365743e-13 
 1.126586605931906e+07  9.999999999999804e-06  1.406874616804998e-12 -0.000000000000000e+00  5.855241318208515e-23  9.145515904114137e-10 -8.876370314851935e-06  4.572757952058078e-11 -4.438185157433031e-07  9.999999999999801e-01  1.412718225601841e-07 -8.271806125530277e-25  0.000000000000000e+00  1.253981012098272e-07  1.292003700027379e-11  6.269905060501340e-09  6.460018500138321e-13 
 1.159491881803055e+07  9.999999999999811e-06  1.378452907374594e-12  7.356275470079024e-27  6.026260865088737e-23  8.633799364286626e-10 -8.624467379351837e-06  4.316899682144265e-11 -4.312233689682782e-07  9.999999999999810e-01  1.372626627142919e-07 -8.271806125530277e-25  1.009741958682895e-28  1.183817356982406e-07  1.185098290082965e-11  5.919086784921452e-09  5.925491450416132e-13 
 1.193358253052451e+07  9.999999999999825e-06  1.335820343228988e-12  7.571137134910274e-27  6.202275540918497e-23  8.150714759277532e-10 -8.379713208998549e-06  4.075357379639664e-11 -4.189856604505943e-07  9.999999999999822e-01  1.333672790084582e-07 -8.271806125530277e-25  1.009741958682895e-28  1.117579549555392e-07  1.087038649418944e-11  5.587897747785852e-09  5.435193247095917e-13 
 1.228213791297841e+07  9.999999999999835e-06  1.307398633798584e-12  7.792274466714824e-27  6.383431243132784e-23  7.694660054334855e-10 -8.141904928673073e-06  3.847330027168275e-11 -4.070952464343015e-07  9.999999999999831e-01  1.295824425841329e-07 -8.271806125530277e-25  1.009741958682895e-28  1.055047927945265e-07  9.970928446952836e-12  5.275239639734717e-09  4.985464223477517e-13 
 1.264087388071145e+07  9.999999999999840e-06  1.264766069652978e-12 -0.000000000000000e+00 -6.569878130530354e-23  7.264122852912803e-10 -7.910845420656625e-06  3.632061426457203e-11 -3.955422710334606e-07  9.999999999999841e-01  1.259050162146981e-07  8.271806125530277e-25  0.000000000000000e+00  9.960151209597582e-08  9.145895055815599e-12  4.980075604806716e-09  4.572947527908808e-13 
 1.301008778766460e+07  9.999999999999850e-06  1.236344360222574e-12 -0.000000000000000e+00 -1.352354149547880e-22  6.857675381170342e-10 -7.686343161241296e-06  3.428837690585926e-11 -3.843171580626765e-07  9.999999999999849e-01  1.223319517050410e-07  1.654361225106055e-24  0.000000000000000e+00  9.402853603893564e-08  8.389128135381914e-12  4.701426801954264e-09  4.194564067691881e-13 
 1.339008567287543e+07  9.999999999999860e-06  1.193711796076968e-12  4.247600191234500e-27 -6.959268153318604e-23  6.473969753100672e-10 -7.468212061977549e-06  3.236984876551050e-11 -3.734106030994719e-07  9.999999999999858e-01  1.188602873649244e-07  8.271806125530277e-25  5.048709793414476e-29  8.876738317888586e-08  7.694979052453854e-12  4.438369158951358e-09  3.847489526227776e-13 
 1.378118251415185e+07  9.999999999999865e-06  1.165290086646564e-12  4.371663849853361e-27 -0.000000000000000e+00  6.111733500589605e-10 -7.256271315426925e-06  3.055866750295476e-11 -3.628135657719237e-07  9.999999999999866e-01  1.154871455540608e-07  0.000000000000000e+00  5.048709793414476e-29  8.380060615844766e-08  7.058266563702306e-12  4.190030307929052e-09  3.529133281851931e-13 
 1.418370248915520e+07  9.999999999999874e-06  1.136868377216160e-12 -4.499351152576406e-27 -7.371736928381183e-23  5.769765353579263e-10 -7.050345245292146e-06  2.884882676790267e-11 -3.525172622651684e-07  9.999999999999872e-01  1.122097302968548e-07  8.271806125530277e-25 -5.048709793414476e-29  7.911173384739541e-08  6.474238142012742e-12  3.955586692376067e-09  3.237119071007084e-13 
 1.459797924410907e+07  9.999999999999879e-06  1.094235813070554e-12 -0.000000000000000e+00 -7.587050190584642e-23  5.446931256343116e-10 -6.850263160800372e-06  2.723465628172159e-11 -3.425131580405638e-07  9.999999999999880e-01  1.090253249648368e-07  8.271806125530277e-25  0.000000000000000e+00  7.468521672009198e-08  5.938534502839423e-12  3.734260836010543e-09  2.969267251420366e-13 
 1.502435617035645e+07  9.999999999999891e-06  1.051603248924948e-12  4.766023138422304e-27 -7.808652309991102e-23  5.142160606661232e-10 -6.655859215218884e-06  2.571080303331183e-11 -3.327929607614739e-07  9.999999999999888e-01  1.059312900248674e-07  8.271806125530277e-25  5.048709793414476e-29  7.050637528920460e-08  5.447157065786853e-12  3.525318764465841e-09  2.723578532894027e-13 
 1.546318668899468e+07  9.999999999999891e-06  1.037392394209746e-12 -0.000000000000000e+00 -4.018363485587459e-23  4.854442705423890e-10 -6.466972268385971e-06  2.427221352712480e-11 -3.233486134198132e-07  9.999999999999893e-01  1.029250608512448e-07  4.135903062765138e-25  0.000000000000000e+00  6.656135142469459e-08  4.996438108546407e-12  3.328067571240027e-09  2.498219054273754e-13 
 1.591483454382388e+07  9.999999999999903e-06  9.947598300641403e-13  5.048500502782452e-27 -0.000000000000000e+00  4.582823404889529e-10 -6.283445753143045e-06  2.291411702445269e-11 -3.141722876576522e-07  9.999999999999900e-01  1.000041455999036e-07  0.000000000000000e+00  5.048709793414476e-29  6.283706239664189e-08  4.583013390412227e-12  3.141853119837094e-09  2.291506695206618e-13 
 1.637967410285186e+07  9.999999999999906e-06  9.663381206337363e-13  2.597978405491849e-27  4.256527819557846e-23  4.326401944481766e-10 -6.105127545557256e-06  2.163200972241359e-11 -3.052563772783486e-07  9.999999999999906e-01  9.716612314294056e-08 -4.135903062765138e-25  2.524354896707238e-29  5.932115748949804e-08  4.203797041033767e-12  2.966057874479623e-09  2.101898520517347e-13 
 1.685809066860538e+07  9.999999999999913e-06  9.521272659185342e-13 -0.000000000000000e+00 -0.000000000000000e+00  4.084327963632176e-10 -5.931869838827093e-06  2.042163981816538e-11 -2.965934919418267e-07  9.999999999999910e-01  9.440864106175813e-08  0.000000000000000e+00  0.000000000000000e+00  5.600197704389009e-08  3.855958526970549e-12  2.800098852198961e-09  1.927979263485699e-13 
 1.735048079750492e+07  9.999999999999918e-06  9.237055564881302e-13  2.751957954338700e-27 -4.508807912388526e-23  3.855798681762641e-10 -5.763529020766379e-06  1.927899340881746e-11 -2.881764510387776e-07  9.999999999999916e-01  9.172941369715889e-08  4.135903062765138e-25  2.524354896707238e-29  5.286851379014646e-08  3.536901524123681e-12  2.643425689511530e-09  1.768450762062230e-13 
 1.785725262856776e+07  9.999999999999921e-06  8.952838470577262e-13  2.832336981744598e-27 -0.000000000000000e+00  3.640056236055355e-10 -5.599965554765169e-06  1.820028118028079e-11 -2.799982777387041e-07  9.999999999999920e-01  8.912622025477787e-08  0.000000000000000e+00  2.524354896707238e-29  4.991037634531737e-08  3.244244538344498e-12  2.495518817269841e-09  1.622122269172607e-13 
 1.837882622171177e+07  9.999999999999923e-06  8.810729923425242e-13  2.915063715094379e-27 -0.000000000000000e+00  3.436385168181820e-10 -5.441043864128851e-06  1.718192584091289e-11 -2.720521932068755e-07  9.999999999999923e-01  8.659690296428011e-08  0.000000000000000e+00  2.524354896707238e-29  4.711775475263614e-08  2.975803129569347e-12  2.355887737635556e-09  1.487901564785002e-13 
 1.891563390594044e+07  9.999999999999926e-06  8.384404281969182e-13  6.000413452092618e-27 -0.000000000000000e+00  3.244110051656223e-10 -5.286632219699583e-06  1.622055025828469e-11 -2.643316109853999e-07  9.999999999999929e-01  8.413936529079881e-08  0.000000000000000e+00  5.048709793414476e-29  4.448138794914130e-08  2.729573606798572e-12  2.224069397460605e-09  1.364786803399587e-13 
 1.946812063769753e+07  9.999999999999931e-06  8.242295734817162e-13 -0.000000000000000e+00 -0.000000000000000e+00  3.062593251944823e-10 -5.136602630666936e-06  1.531296625972749e-11 -2.568301315337556e-07  9.999999999999932e-01  8.175157019713094e-08  0.000000000000000e+00  0.000000000000000e+00  4.199253305357383e-08  2.503718072216284e-12  2.099626652682033e-09  1.251859036108418e-13 
 2.003674436968868e+07  9.999999999999938e-06  7.958078640513122e-13 -3.178025940073393e-27 -0.000000000000000e+00  2.891232811903303e-10 -4.990830738477196e-06  1.445616405951970e-11 -2.495415369242570e-07  9.999999999999937e-01  7.943153845525015e-08  0.000000000000000e+00 -2.524354896707238e-29  3.964293637269984e-08  2.296550702817797e-12  1.982146818638147e-09  1.148275351409151e-13 
 2.062197643047545e+07  9.999999999999942e-06  7.673861546209082e-13  1.635424768176831e-27 -1.071791976072368e-22  2.729460455529690e-10 -4.849195713753438e-06  1.364730227765145e-11 -2.424597856880578e-07  9.999999999999940e-01  7.717734700573751e-08  8.271806125530277e-25  1.262177448353619e-29  3.742480602990863e-08  2.106525167148545e-12  1.871240301498409e-09  1.053262583574504e-13 
 2.122430191515652e+07  9.999999999999943e-06  7.389644451905042e-13 -0.000000000000000e+00 -0.000000000000000e+00  2.576739703412693e-10 -4.711580156140899e-06  1.288369851706630e-11 -2.355790078074199e-07  9.999999999999944e-01  7.498712736376978e-08  0.000000000000000e+00  0.000000000000000e+00  3.533078612531500e-08  1.932223083230911e-12  1.766539306268561e-09  9.661115416156682e-14 
 2.184422008745991e+07  9.999999999999947e-06  7.389644451905042e-13 -0.000000000000000e+00 -0.000000000000000e+00  2.432564093625858e-10 -4.577869996994627e-06  1.216282046813197e-11 -2.288934998500957e-07  9.999999999999947e-01  7.285906407034438e-08  0.000000000000000e+00  0.000000000000000e+00  3.335393234167406e-08  1.772343431527065e-12  1.667696617086358e-09  8.861717157637282e-14 
 2.248224479357949e+07  9.999999999999948e-06  7.105427357601002e-13 -1.782953253951848e-27 -0.000000000000000e+00  2.296455502167533e-10 -4.447954404828787e-06  1.148227751084019e-11 -2.223977202417933e-07  9.999999999999950e-01  7.079139318745706e-08  0.000000000000000e+00 -1.262177448353619e-29  3.148768891521178e-08  1.625692843914418e-12  1.574384445763095e-09  8.128464219573880e-14 
 2.313890488809881e+07  9.999999999999952e-06  6.821210263296962e-13  1.835029648591848e-27  3.006512576252884e-23  2.167962557376785e-10 -4.321725693449183e-06  1.083981278688631e-11 -2.160862846728031e-07  9.999999999999953e-01  6.878240083598505e-08 -2.067951531382569e-25  1.262177448353619e-29  2.972586689499986e-08  1.491176696188980e-12  1.486293344752358e-09  7.455883480946539e-14 
 2.381474467235521e+07  9.999999999999957e-06  6.536993168992922e-13  1.888627087528826e-27  6.188653240414459e-23  2.046659143067056e-10 -4.199079232692924e-06  1.023329571533753e-11 -2.099539616349804e-07  9.999999999999957e-01  6.683042177506355e-08 -4.135903062765138e-25  1.262177448353619e-29  2.806262361877796e-08  1.367790937609621e-12  1.403131180941131e-09  6.838954688049610e-14 
 2.451032434560777e+07  9.999999999999960e-06  6.536993168992922e-13 -1.943789997335884e-27 -3.184705531635112e-23  1.932142985413588e-10 -4.079913361701195e-06  9.660714927070070e-12 -2.039956680853844e-07  9.999999999999958e-01  6.493383802177842e-08  2.067951531382569e-25 -1.262177448353619e-29  2.649244333715959e-08  1.254614596497618e-12  1.324622166860088e-09  6.273072982489474e-14 
 2.522622046938284e+07  9.999999999999965e-06  5.968558980384842e-13 -2.000564102194879e-27 -0.000000000000000e+00  1.824034318908318e-10 -3.964129304653259e-06  9.120171594543602e-12 -1.982064652329784e-07  9.999999999999962e-01  6.309107751003037e-08  0.000000000000000e+00 -1.262177448353619e-29  2.501011892196625e-08  1.150802905952006e-12  1.250505946100303e-09  5.754014529761298e-14 
 2.596302644538221e+07  9.999999999999964e-06  5.968558980384842e-13 -1.029498230898453e-27  3.373459803008052e-23  1.721974626958244e-10 -3.851631088891851e-06  8.609873134793116e-12 -1.925815544448990e-07  9.999999999999963e-01  6.130061278745955e-08 -2.067951531382569e-25 -6.310887241768094e-30  2.361073459803014e-08  1.055580998369978e-12  1.180536729903386e-09  5.277904991851053e-14 
 2.672135300734995e+07  9.999999999999965e-06  5.968558980384842e-13 -1.059567755174886e-27  3.471991620157066e-23  1.625625452950736e-10 -3.742325465372086e-06  8.128127264755472e-12 -1.871162732689021e-07  9.999999999999964e-01  5.956095974935020e-08 -2.067951531382569e-25 -6.310887241768094e-30  2.228964964119958e-08  9.682381217071831e-13  1.114482482061753e-09  4.841190608536983e-14 
 2.750182872730570e+07  9.999999999999970e-06  5.684341886080801e-13 -1.090515548362400e-27 -0.000000000000000e+00  1.534667277842985e-10 -3.636121831367968e-06  7.673336389216616e-12 -1.818060915686878e-07  9.999999999999968e-01  5.787067640846550e-08  0.000000000000000e+00 -6.310887241768094e-30  2.104248298848533e-08  8.881223343071227e-13  1.052124149425941e-09  4.440611671536592e-14 
 2.830510053656400e+07  9.999999999999970e-06  5.400124791776761e-13 -2.244734525776239e-27  3.677773047031789e-23  1.448798460553374e-10 -3.532932155372386e-06  7.243992302768467e-12 -1.766466077689004e-07  9.999999999999969e-01  5.622836169979383e-08 -2.067951531382569e-25 -1.262177448353619e-29  1.986509870931113e-08  8.146356387009984e-13  9.932549354671372e-10  4.073178193505890e-14 
 2.913183426197148e+07  9.999999999999972e-06  5.400124791776761e-13 -1.155149300433764e-27 -0.000000000000000e+00  1.367734237640839e-10 -3.432670904128397e-06  6.838671188205700e-12 -1.716335452066930e-07  9.999999999999971e-01  5.463265431921492e-08  0.000000000000000e+00 -6.310887241768094e-30  1.875359228968741e-08  7.472295180558709e-13  9.376796144858631e-10  3.736147590280178e-14 
 2.998271517780646e+07  9.999999999999974e-06  5.115907697472721e-13 -0.000000000000000e+00 -1.947875465330415e-23  1.291205778954893e-10 -3.335254971731276e-06  6.456028894775890e-12 -1.667627485868292e-07  9.999999999999972e-01  5.308223159512356e-08  1.033975765691285e-25  0.000000000000000e+00  1.770427768382273e-08  6.854008419544576e-13  8.852138841925456e-10  3.427004209773043e-14 
 3.085844857379843e+07  9.999999999999977e-06  4.831690603168681e-13 -1.223613829528982e-27  2.004768898300285e-23  1.218959296124609e-10 -3.240603610742590e-06  6.094796480624390e-12 -1.620301805373874e-07  9.999999999999976e-01  5.157580839207572e-08 -1.033975765691285e-25 -6.310887241768094e-30  1.671367509023289e-08  6.286881109466246e-13  8.356837545129746e-10  3.143440554733817e-14 
 3.175976033973813e+07  9.999999999999977e-06  5.115907697472721e-13 -1.259353070887261e-27 -0.000000000000000e+00  1.150755200930062e-10 -3.148638365259180e-06  5.753776004651578e-12 -1.574319182632096e-07  9.999999999999974e-01  5.011213604554776e-08  0.000000000000000e+00 -6.310887241768094e-30  1.577849941180995e-08  5.766680118412905e-13  7.889249705917534e-10  2.883340059207088e-14 
 3.268739756716300e+07  9.999999999999979e-06  4.831690603168681e-13 -6.480680909612136e-28  4.247179040923410e-23  1.086367310765191e-10 -3.059283005881595e-06  5.431836553827153e-12 -1.529641502943232e-07  9.999999999999977e-01  4.869000132692680e-08 -2.067951531382569e-25 -3.155443620884047e-30  1.489564936158197e-08  5.289522580268717e-13  7.447824680802841e-10  2.644761290134941e-14 
 3.364212916861650e+07  9.999999999999977e-06  4.831690603168681e-13  1.333993651919113e-27 -2.185615199304275e-23  1.025582098557176e-10 -2.972463466528034e-06  5.127910492787011e-12 -1.486231733266383e-07  9.999999999999978e-01  4.730822543787294e-08  1.033975765691285e-25  6.310887241768094e-30  1.406219717803498e-08  4.851846912358982e-13  7.031098589028682e-10  2.425923456180026e-14 
 3.462474651499481e+07  9.999999999999980e-06  4.547473508864641e-13 -0.000000000000000e+00  2.249452520556460e-23  9.681979846548619e-11 -2.888107783041472e-06  4.840989923275378e-12 -1.444053891523034e-07  9.999999999999979e-01  4.596566303322118e-08 -1.033975765691285e-25  0.000000000000000e+00  1.327537891589080e-08  4.450386231208931e-13  6.637689457955965e-10  2.225193115604957e-14 
 3.563606409150910e+07  9.999999999999979e-06  4.831690603168681e-13 -0.000000000000000e+00 -2.315154398564085e-23  9.140246683379643e-11 -2.806146033539041e-06  4.570123341690829e-12 -1.403073016771754e-07  9.999999999999979e-01  4.466120127161192e-08  1.033975765691285e-25  0.000000000000000e+00  1.253258528014228e-08  4.082143967986025e-13  6.266292640081115e-10  2.041071983993462e-14 
 3.667692017280706e+07  9.999999999999982e-06  3.979039320256561e-13 -7.271653116430971e-28 -0.000000000000000e+00  8.628824967301525e-11 -2.726510280454248e-06  4.314412483651712e-12 -1.363255140229295e-07  9.999999999999982e-01  4.339375889306416e-08  0.000000000000000e+00 -3.155443620884047e-30  1.183135297294926e-08  3.744371501615353e-13  5.915676486484048e-10  1.872185750808089e-14 
 3.774817751781341e+07  9.999999999999982e-06  4.547473508864641e-13  7.484043136492975e-28 -0.000000000000000e+00  8.146018690231588e-11 -2.649134514223968e-06  4.073009345116692e-12 -1.324567257114092e-07  9.999999999999981e-01  4.216228532272575e-08  0.000000000000000e+00  3.155443620884047e-30  1.116935652469916e-08  3.434547642618015e-13  5.584678262358470e-10  1.717273821309386e-14 
 3.885072408486521e+07  9.999999999999984e-06  3.694822225952521e-13 -0.000000000000000e+00  2.523999971531827e-23  7.690226740361833e-11 -2.573954598573554e-06  3.845113370181764e-12 -1.286977299288825e-07  9.999999999999984e-01  4.096575980005889e-08 -1.033975765691285e-25  0.000000000000000e+00  1.054440058214214e-08  3.150359814536532e-13  5.272200291079460e-10  1.575179907268613e-14 
 3.998547376773483e+07  9.999999999999982e-06  3.979039320256561e-13 -0.000000000000000e+00 -0.000000000000000e+00  7.259937592453717e-11 -2.500908217354701e-06  3.629968796227659e-12 -1.250454108679341e-07  9.999999999999984e-01  3.980319053273810e-08  0.000000000000000e+00  0.000000000000000e+00  9.954412628025973e-09  2.889686792482237e-13  4.977206314020908e-10  1.444843396241437e-14 
 4.115336715315063e+07  9.999999999999984e-06  3.979039320256561e-13  4.079582051885417e-28  2.673594893523627e-23  6.853724295225488e-11 -2.429934822892001e-06  3.426862147613500e-12 -1.214967411447934e-07  9.999999999999986e-01  3.867361387456007e-08 -1.033975765691285e-25  1.577721810442024e-30  9.397436108087290e-09  2.650582869962423e-13  4.698718054051123e-10  1.325291434981504e-14 
 4.235537230044328e+07  9.999999999999987e-06  3.410605131648481e-13 -0.000000000000000e+00 -1.375842548610117e-23  6.470239739208780e-11 -2.360975585795366e-06  3.235119869605103e-12 -1.180487792899562e-07  9.999999999999987e-01  3.757609352668338e-08  5.169878828456423e-26  0.000000000000000e+00  8.871623942606286e-09  2.431263335805729e-13  4.435811971310204e-10  1.215631667903132e-14 
 4.359248554396391e+07  9.999999999999986e-06  3.979039320256561e-13  4.321374748277787e-28 -1.416028077515665e-23  6.108212189381598e-11 -2.293973346196742e-06  3.054106094691473e-12 -1.146986673100196e-07  9.999999999999986e-01  3.650971976153645e-08  5.169878828456423e-26  1.577721810442024e-30  8.375232401007720e-09  2.230091152783235e-13  4.187616200510525e-10  1.115045576391863e-14 
 4.486573231893925e+07  9.999999999999987e-06  3.410605131648481e-13 -4.447593209855424e-28 -1.457387343005425e-23  5.766441067762617e-11 -2.228872566370658e-06  2.883220533881944e-12 -1.114436283187103e-07  9.999999999999989e-01  3.547360866875026e-08  5.169878828456423e-26 -1.577721810442024e-30  7.906615319194590e-09  2.045564738492217e-13  3.953307659603587e-10  1.022782369246334e-14 
 4.617616801144832e+07  9.999999999999989e-06  3.410605131648481e-13 -4.577498252896375e-28  1.499954627509084e-23  5.443792971980811e-11 -2.165619284699369e-06  2.721896485991005e-12 -1.082809642351408e-07  9.999999999999988e-01  3.446690142249057e-08 -5.169878828456423e-26 -1.577721810442024e-30  7.464218640437780e-09  1.876306757297098e-13  3.732109320224831e-10  9.381533786487558e-15 
 4.752487883322520e+07  9.999999999999991e-06  2.842170943040401e-13 -0.000000000000000e+00  1.543765214775534e-23  5.139197916617010e-11 -2.104161070944437e-06  2.569598958309071e-12 -1.052080535473893e-07  9.999999999999990e-01  3.348876356958287e-08 -5.169878828456423e-26  0.000000000000000e+00  7.046575261717861e-09  1.721053839668800e-13  3.523287630864538e-10  8.605269198345900e-15 
 4.891298272201290e+07  9.999999999999991e-06  3.410605131648481e-13 -4.848801938230431e-28 -0.000000000000000e+00  4.851645784852587e-11 -2.044446982787628e-06  2.425822892426828e-12 -1.022223491395441e-07  9.999999999999989e-01  3.253838433783937e-08  0.000000000000000e+00 -1.577721810442024e-30  6.652300168427998e-09  1.578647152185920e-13  3.326150084219292e-10  7.893235760931335e-15 
 5.034163026821484e+07  9.999999999999991e-06  3.410605131648481e-13  9.980850924813714e-28 -0.000000000000000e+00  4.580182978658101e-11 -1.986427523605170e-06  2.290091489329555e-12 -9.932137618041660e-08  9.999999999999989e-01  3.161497596401520e-08  0.000000000000000e+00  3.155443620884047e-30  6.280085841303575e-09  1.448023747810676e-13  3.140042920656785e-10  7.240118739054971e-15 
 5.181200566861182e+07  9.999999999999991e-06  2.273736754432321e-13 -2.568092759108194e-28 -0.000000000000000e+00  4.323909256413011e-11 -1.930054601440324e-06  2.161954628206982e-12 -9.650273007216979e-08  9.999999999999992e-01  3.071777304083651e-08  0.000000000000000e+00 -7.888609052210118e-31  5.928697920346608e-09  1.328208631876671e-13  2.964348960178022e-10  6.641043159384820e-15 
 5.332532770793514e+07  9.999999999999992e-06  2.842170943040401e-13 -2.643101462616838e-28 -0.000000000000000e+00  4.081974747469152e-11 -1.875281489140261e-06  2.040987373735026e-12 -9.376407445716226e-08  9.999999999999991e-01  2.984603188255924e-08  0.000000000000000e+00 -7.888609052210118e-31  5.596971111365344e-09  1.218307484567661e-13  2.798485555687126e-10  6.091537422839648e-15 
 5.488285076910945e+07  9.999999999999992e-06  2.842170943040401e-13  5.440602031924460e-28 -0.000000000000000e+00  3.853577133757582e-11 -1.822062785624246e-06  1.926788566879216e-12 -9.110313928135729e-08  9.999999999999992e-01  2.899902990853289e-08  0.000000000000000e+00  1.577721810442024e-30  5.283805321554230e-09  1.117499985566746e-13  2.641902660781319e-10  5.587499927834965e-15 
 5.648586587300268e+07  9.999999999999992e-06  2.273736754432321e-13 -0.000000000000000e+00 -0.000000000000000e+00  3.637958989092143e-11 -1.770354378250965e-06  1.818979494546472e-12 -8.851771891268914e-08  9.999999999999993e-01  2.817606504425792e-08  0.000000000000000e+00  0.000000000000000e+00  4.988162011298602e-09  1.025033691050031e-13  2.494081005653271e-10  5.125168455251284e-15 
 5.813570174854497e+07  9.999999999999992e-06  2.842170943040401e-13  2.881530502042655e-28 -0.000000000000000e+00  3.434405267346280e-11 -1.720113406253848e-06  1.717202633673519e-12 -8.600567031282927e-08  9.999999999999992e-01  2.737645513944082e-08  0.000000000000000e+00  7.888609052210118e-31  4.709060750105923e-09  9.402184173216473e-14  2.354530375056709e-10  4.701092086609274e-15 
 5.983372593410354e+07  9.999999999999992e-06  2.273736754432321e-13 -0.000000000000000e+00 -0.000000000000000e+00  3.242240931173194e-11 -1.671298225214055e-06  1.621120465586954e-12 -8.356491126083578e-08  9.999999999999993e-01  2.659953740256403e-08  0.000000000000000e+00  0.000000000000000e+00  4.445575965242017e-09  8.624210891686543e-14  2.222787982624547e-10  4.312105445844222e-15 
 6.158134591102648e+07  9.999999999999992e-06  2.842170943040401e-13 -0.000000000000000e+00 -2.000365745909902e-23  3.060828713405572e-11 -1.623868372541692e-06  1.530414356703123e-12 -8.119341862721383e-08  9.999999999999993e-01  2.584466785150236e-08  5.169878828456423e-26  0.000000000000000e+00  4.196833872289976e-09  7.910610144830837e-14  2.098416936148328e-10  3.955305072416290e-15 
 6.338001027029498e+07  9.999999999999996e-06  2.842170943040401e-13 -0.000000000000000e+00  1.029396155966564e-23  2.889567003711099e-11 -1.577784533936626e-06  1.444783501855868e-12 -7.888922669695687e-08  9.999999999999993e-01  2.511122077973033e-08 -2.584939414228211e-26  0.000000000000000e+00  3.962009577452655e-09  7.256055498801328e-14  1.981004788729480e-10  3.628027749401464e-15 
 6.523120991325112e+07  9.999999999999992e-06  2.273736754432321e-13 -1.616611784125275e-28 -1.059462698844340e-23  2.727887853495354e-11 -1.533008510801120e-06  1.363943926747977e-12 -7.665042554017800e-08  9.999999999999994e-01  2.439858823767798e-08  2.584939414228211e-26 -3.944304526105059e-31  3.740324341989247e-09  6.655661249599642e-14  1.870162170997600e-10  3.327830624800554e-15 
 6.713647928739643e+07  9.999999999999997e-06  2.273736754432321e-13 -0.000000000000000e+00 -0.000000000000000e+00  2.575255092435825e-11 -1.489503188577262e-06  1.287627546218196e-12 -7.447515942898167e-08  9.999999999999994e-01  2.370617952880552e-08  0.000000000000000e+00  0.000000000000000e+00  3.531042999714086e-09  6.104945955375433e-14  1.765521499859853e-10  3.052472977688390e-15 
 6.909739765828553e+07  9.999999999999997e-06  1.705302565824240e-13 -3.424853454514355e-28 -1.122255979975264e-23  2.431162550400991e-11 -1.447232505982951e-06  1.215581275200764e-12 -7.236162529926271e-08  9.999999999999996e-01  2.303342071997858e-08  2.584939414228211e-26 -7.888609052210118e-31  3.333471518993423e-09  5.599798986204217e-14  1.666735759499364e-10  2.799899493102726e-15 
 7.111559041856925e+07  9.999999999999997e-06  1.705302565824240e-13 -1.762443187219362e-28 -0.000000000000000e+00  2.295132378857855e-11 -1.406161425120925e-06  1.147566189429180e-12 -7.030807125615816e-08  9.999999999999996e-01  2.237975416573885e-08  0.000000000000000e+00 -3.944304526105059e-31  3.146954701155130e-09  5.136449841666622e-14  1.573477350580070e-10  2.568224920833877e-15 
 7.319273043527216e+07  9.999999999999996e-06  2.273736754432321e-13 -3.627841050053225e-28 -1.188770955281441e-23  2.166713466201320e-11 -1.366255902436084e-06  1.083356733100898e-12 -6.831279512191293e-08  9.999999999999996e-01  2.174463804607530e-08  2.584939414228211e-26 -7.888609052210118e-31  2.970874007678664e-09  4.711440007210493e-14  1.485437003841696e-10  2.355720003605765e-15 
 7.533053943642129e+07  9.999999999999999e-06  1.136868377216160e-13 -1.866901409913813e-28  1.223492508001117e-23  2.045479941750198e-11 -1.327482860497004e-06  1.022739970875325e-12 -6.637414302495583e-08  9.999999999999998e-01  2.112754591731306e-08 -2.584939414228211e-26 -3.944304526105059e-31  2.804645508959654e-09  4.321597139227016e-14  1.402322754482059e-10  2.160798569613985e-15 
 7.753078943817548e+07  9.999999999999996e-06  2.273736754432321e-13 -0.000000000000000e+00  1.259228205807286e-23  1.931029763448717e-11 -1.289810160578263e-06  9.655148817245714e-13 -6.449050802901577e-08  9.999999999999996e-01  2.052796627574758e-08 -2.584939414228211e-26  0.000000000000000e+00  2.647717947846715e-09  3.964011386154010e-14  1.323858973925465e-10  1.982005693077442e-15 
 7.979530421363816e+07  9.999999999999996e-06  1.705302565824240e-13 -1.977550765671509e-28  1.296007669790480e-23  1.822983384589984e-11 -1.253206576020867e-06  9.114916922951932e-13 -6.266032880114306e-08  9.999999999999997e-01  1.994540213366258e-08 -2.584939414228211e-26 -3.944304526105059e-31  2.499570911528657e-09  3.636013668863251e-14  1.249785455766318e-10  1.818006834432027e-15 
 8.212596080457115e+07  9.999999999999997e-06  2.273736754432321e-13 -0.000000000000000e+00 -2.667722772424625e-23  1.720982495139897e-11 -1.217641766348666e-06  8.604912475701384e-13 -6.088208831753021e-08  9.999999999999996e-01  1.937937060738006e-08  5.169878828456423e-26  0.000000000000000e+00  2.359713105709569e-09  3.335155758212973e-14  1.179856552856662e-10  1.667577879106854e-15 
 8.452469107726263e+07  9.999999999999994e-06  2.273736754432321e-13  1.047379098339347e-28 -1.372820731775349e-23  1.624688833487422e-11 -1.183086252119339e-06  8.123444167438901e-13 -5.915431260606106e-08  9.999999999999996e-01  1.882940251700114e-08  2.584939414228211e-26  1.972152263052530e-31  2.227680725348533e-09  3.059192001061173e-14  1.113840362676039e-10  1.529596000530923e-15 
 8.699348332383856e+07  9.999999999999996e-06  2.273736754432321e-13  1.077970885948985e-28 -1.412917999631053e-23  1.533783064680673e-11 -1.149511390489061e-06  7.668915323405056e-13 -5.747556952454454e-08  9.999999999999996e-01  1.829504199750587e-08  2.584939414228211e-26  1.972152263052530e-31  2.103035916560875e-09  2.806062558339619e-14  1.051517958282111e-10  1.403031279170119e-15 
 8.953438391034539e+07  9.999999999999997e-06  2.273736754432321e-13  1.109456196706676e-28 -7.270932130736871e-24  1.447963721428748e-11 -1.116889351470648e-06  7.239818607145338e-13 -5.584446757362130e-08  9.999999999999996e-01  1.777584612088959e-08  1.292469707114106e-26  1.972152263052530e-31  1.985365324580242e-09  2.573878030074808e-14  9.926826622917012e-11  1.286939015037688e-15 
 9.214949897296967e+07  9.999999999999997e-06  2.273736754432321e-13 -0.000000000000000e+00 -0.000000000000000e+00  1.366946204357397e-11 -1.085193094865452e-06  6.834731021788492e-13 -5.425965474335897e-08  9.999999999999997e-01  1.727138452902282e-08  0.000000000000000e+00  0.000000000000000e+00  1.874278722966158e-09  2.360905352594483e-14  9.371393614845703e-11  1.180452676297501e-15 
 9.484099616380084e+07  9.999999999999997e-06  2.273736754432321e-13  1.175212541822214e-28 -7.701872914086059e-24  1.290461838203101e-11 -1.054396347849915e-06  6.452309191016927e-13 -5.271981739257968e-08  9.999999999999996e-01  1.678123907693011e-08  1.292469707114106e-26  1.972152263052530e-31  1.769407719511140e-09  2.165554862654093e-14  8.847038597569779e-11  1.082777431327286e-15 
 9.761110644758411e+07  9.999999999999994e-06  2.273736754432321e-13 -0.000000000000000e+00 -7.926828768902828e-24  1.218256980815681e-11 -1.024473583198200e-06  6.091284904079746e-13 -5.122367915999154e-08  9.999999999999996e-01  1.630500348619236e-08  1.292469707114106e-26  0.000000000000000e+00  1.670404534555864e-09  1.986368431927787e-14  8.352022672792614e-11  9.931842159641122e-16 
 1.004621259509529e+08  1.000000000000000e-05  1.136868377216160e-13  1.244866198914366e-28 -0.000000000000000e+00  1.150092182014625e-11 -9.953999981228310e-07  5.750460910074390e-13 -4.976999990622078e-08  9.999999999999998e-01  1.584228300818531e-08  0.000000000000000e+00  1.972152263052530e-31  1.576940847660902e-09  1.822008583297706e-14  7.884704238317061e-11  9.110042916490536e-16 
 1.033964178656732e+08  9.999999999999997e-06  2.273736754432321e-13  1.281226178237981e-28 -8.396643881700431e-24  1.085741389509705e-11 -9.671514937158283e-07  5.428706947549719e-13 -4.835757468586838e-08  9.999999999999997e-01  1.539269409687485e-08  1.292469707114106e-26  1.972152263052530e-31  1.488706708810333e-09  1.671248507703873e-14  7.443533544063510e-11  8.356242538521207e-16 
 1.064164144074786e+08  9.999999999999996e-06  2.273736754432321e-13 -1.318648157716767e-28 -8.641892566412603e-24  1.024991199252495e-11 -9.397046549732750e-07  5.124955996263605e-13 -4.698523274873853e-08  9.999999999999997e-01  1.495586409089822e-08  1.292469707114106e-26 -1.972152263052530e-31  1.405409510536471e-09  1.532962907038710e-14  7.027047552693539e-11  7.664814535195240e-16 
 1.095246188321176e+08  9.999999999999996e-06  1.136868377216160e-13 -0.000000000000000e+00 -0.000000000000000e+00  9.676401477327695e-12 -9.130367313867731e-07  4.838200738664912e-13 -4.565183656941132e-08  9.999999999999998e-01  1.453143090466742e-08  0.000000000000000e+00  0.000000000000000e+00  1.326773017557028e-09  1.406119594736092e-14  6.633865087795701e-11  7.030597973682007e-16 
 1.127236075102869e+08  9.999999999999999e-06  1.136868377216160e-13 -0.000000000000000e+00  9.154088786268111e-24  9.134980438728395e-12 -8.871256180856924e-07  4.567490219365203e-13 -4.435628090435521e-08  9.999999999999999e-01  1.411904272823874e-08 -1.292469707114106e-26  0.000000000000000e+00  1.252536450706709e-09  1.289771791360313e-14  6.262682253543513e-11  6.448858956802985e-16 
 1.160160320631679e+08  9.999999999999996e-06  2.273736754432321e-13  7.188004209572133e-29  9.421460877570386e-24  8.623853383042313e-12 -8.619498375145862e-07  4.311926691522107e-13 -4.309749187579790e-08  9.999999999999997e-01  1.371835773569978e-08 -1.292469707114106e-26  9.860761315262648e-32  1.182453622125339e-09  1.183051057687993e-14  5.912268110636107e-11  5.915255288441267e-16 
 1.194046215603391e+08  9.999999999999997e-06  2.273736754432321e-13  7.397951017241927e-29 -9.696642357319339e-24  8.141325279350475e-12 -8.374885216305841e-07  4.070662639676135e-13 -4.187442608159584e-08  9.999999999999997e-01  1.332904380183216e-08  1.292469707114106e-26  9.860761315262648e-32  1.116292118834572e-09  1.085160812534260e-14  5.581460594181742e-11  5.425804062672495e-16 
 1.228921847818839e+08  9.999999999999999e-06  1.136868377216160e-13 -0.000000000000000e+00 -9.979861321677192e-24  7.685795938334084e-12 -8.137213946060036e-07  3.842897969167889e-13 -4.068606973036495e-08  9.999999999999999e-01  1.295077822681504e-08  1.292469707114106e-26  0.000000000000000e+00  1.053832531995700e-09  9.953703869392055e-15  5.269162659986889e-11  4.976851934697125e-16 
 1.264816125465706e+08  9.999999999999996e-06  2.273736754432321e-13 -0.000000000000000e+00 -5.135676264512783e-24  7.255754705628493e-12 -7.906287560218506e-07  3.627877352815046e-13 -3.953143780115545e-08  9.999999999999997e-01  1.258324746874130e-08  6.462348535570529e-27  0.000000000000000e+00  9.948677292926039e-10  9.130095703340756e-15  4.974338646470937e-11  4.565047851671384e-16 
 1.301758801080334e+08  1.000000000000000e-05  1.136868377216160e-13 -0.000000000000000e+00 -5.285678797277601e-24  6.849775452098460e-12 -7.681914645382652e-07  3.424887726049985e-13 -3.840957322697439e-08  9.999999999999999e-01  1.222614688372470e-08  6.462348535570529e-27  0.000000000000000e+00  9.392021680268427e-10  8.374636079788756e-15  4.696010840141687e-11  4.187318039895301e-16 
 1.339780496209411e+08  1.000000000000000e-05  2.273736754432321e-13  4.150438381400771e-29  5.440062595269619e-24  6.466511844421155e-12 -7.463909220283887e-07  3.233255922211290e-13 -3.731954610147883e-08  9.999999999999998e-01  1.187918047338248e-08 -6.462348535570529e-27  4.930380657631324e-32  8.866512466469582e-10  7.681686123314432e-15  4.433256233241846e-11  3.840843061658062e-16 
 1.378912726791976e+08  9.999999999999996e-06  2.273736754432321e-13 -0.000000000000000e+00 -5.598955626228027e-24  6.104692880292994e-12 -7.252090581624996e-07  3.052346440147170e-13 -3.626045290818269e-08  9.999999999999998e-01  1.154206063948423e-08  6.462348535570529e-27  0.000000000000000e+00  8.370406925614816e-10  7.046073540976938e-15  4.185203462814069e-11  3.523036770489246e-16 
 1.419187929282774e+08  9.999999999999999e-06  1.136868377216160e-13 -0.000000000000000e+00  5.762489595566282e-24  5.763118673453735e-12 -7.046283154296287e-07  2.881559336727502e-13 -3.523141577153751e-08  9.999999999999999e-01  1.121450794556354e-08 -6.462348535570529e-27  0.000000000000000e+00  7.902059842054622e-10  6.463054015467251e-15  3.951029921033599e-11  3.231527007734338e-16 
 1.460639487538631e+08  1.000000000000000e-05  1.136868377216160e-13  4.524841350968833e-29 -0.000000000000000e+00  5.440656474550028e-12 -6.846316345842538e-07  2.720328237275614e-13 -3.423158172926718e-08  9.999999999999999e-01  1.089625088529493e-08  0.000000000000000e+00  4.930380657631324e-32  7.459918054439588e-10  5.928275792740131e-15  3.729959027225731e-11  2.964137896370719e-16 
 1.503301760490115e+08  9.999999999999999e-06  2.273736754432321e-13 -0.000000000000000e+00 -0.000000000000000e+00  5.136236914642468e-12 -6.652024405060004e-07  2.568118457321801e-13 -3.326012202535295e-08  9.999999999999998e-01  1.058702565744397e-08  0.000000000000000e+00  0.000000000000000e+00  7.042515305031372e-10  5.437747199803067e-15  3.521257652521290e-11  2.718873599902133e-16 
 1.547210110621433e+08  1.000000000000000e-05 -0.000000000000000e+00 -0.000000000000000e+00 -6.282312568087300e-24  4.848850458898690e-12 -6.463246284606304e-07  2.424425229449879e-13 -3.231623142308296e-08  1.000000000000000e+00  1.028657594720417e-08  6.462348535570529e-27  0.000000000000000e+00  6.648467377208794e-10  4.987806850209717e-15  3.324233688609688e-11  2.493903425105408e-16 
 1.592400933282169e+08  9.999999999999997e-06  2.273736754432321e-13  4.933018483827586e-29 -6.465805987122493e-24  4.577544058711960e-12 -6.279825507509317e-07  2.288772029356484e-13 -3.139912753759656e-08  9.999999999999998e-01  9.994652713739243e-09  6.462348535570529e-27  4.930380657631324e-32  6.276467505043693e-10  4.575096314866645e-15  3.138233752526842e-11  2.287548157433826e-16 
 1.638911686855154e+08  9.999999999999997e-06  2.273736754432321e-13  2.538550899977689e-29 -0.000000000000000e+00  4.321417991142910e-12 -6.101610037464441e-07  2.160708995571932e-13 -3.050805018737076e-08  9.999999999999998e-01  9.711013983754776e-09  0.000000000000000e+00  2.465190328815662e-32  5.925282039723570e-10  4.196535054163828e-15  2.962641019866500e-11  2.098267527082377e-16 
 1.686780923805481e+08  9.999999999999999e-06  2.273736754432321e-13 -0.000000000000000e+00 -0.000000000000000e+00  4.079622875203078e-12 -5.928452152812639e-07  2.039811437601989e-13 -2.964226076411037e-08  9.999999999999998e-01  9.435424650928112e-09  0.000000000000000e+00  0.000000000000000e+00  5.593746358449621e-10  3.849297424318135e-15  2.796873179229261e-11  1.924648712159492e-16 
 1.736048322636394e+08  1.000000000000000e-05 -0.000000000000000e+00 -0.000000000000000e+00 -0.000000000000000e+00  3.851356855085546e-12 -5.760208324094948e-07  1.925678427543197e-13 -2.880104162052059e-08  1.000000000000000e+00  9.167656281030235e-09  0.000000000000000e+00  0.000000000000000e+00  5.280761002243168e-10  3.530791586301384e-15  2.640380501125787e-11  1.765395793151081e-16 
 1.786754720778544e+08  9.999999999999999e-06 -0.000000000000000e+00 -2.767548636604863e-29  3.627481348970726e-24  3.635862941001471e-12 -5.596739095081805e-07  1.817931470501136e-13 -2.798369547545357e-08  1.000000000000000e+00  8.907486922578083e-09 -3.231174267785264e-27 -2.465190328815662e-32  4.985288029852268e-10  3.238640159925689e-15  2.492644014930101e-11  1.619320079963202e-16 
 1.838942148439875e+08  1.000000000000000e-05 -0.000000000000000e+00 -2.848383035748971e-29  3.733432612616891e-24  3.432426498804106e-12 -5.437908967178695e-07  1.716213249402431e-13 -2.718954483593675e-08  1.000000000000000e+00  8.654700922860434e-09 -3.231174267785264e-27 -2.465190328815662e-32  4.706347575667248e-10  2.970662478685050e-15  2.353173787837369e-11  1.485331239342853e-16 
 1.892653863444194e+08  1.000000000000000e-05 -0.000000000000000e+00 -0.000000000000000e+00 -0.000000000000000e+00  3.240372880075142e-12 -5.283586287112203e-07  1.620186440037928e-13 -2.641793143560306e-08  1.000000000000000e+00  8.409088749184705e-09  0.000000000000000e+00  0.000000000000000e+00  4.443014600230181e-10  2.724858312900311e-15  2.221507300118626e-11  1.362429156450456e-16 
 1.947934387087302e+08  1.000000000000000e-05 -0.000000000000000e+00 -3.017203813419990e-29  7.909418764651698e-24  3.059065184814241e-12 -5.133643137803506e-07  1.529532592407458e-13 -2.566821568905838e-08  1.000000000000000e+00  8.170446815196678e-09 -6.462348535570529e-27 -2.465190328815662e-32  4.194415822562292e-10  2.499392939674454e-15  2.097207911284484e-11  1.249696469837503e-16 
 2.004829541040410e+08  1.000000000000000e-05 -0.000000000000000e+00 -0.000000000000000e+00  4.070218303282716e-24  2.887902149312133e-12 -4.987955232338696e-07  1.443951074656385e-13 -2.493977616173317e-08  1.000000000000000e+00  7.938577312129070e-09 -3.231174267785264e-27  0.000000000000000e+00  3.959726824135945e-10  2.292583448217807e-15  1.979863412071123e-11  1.146291724109156e-16 
 2.063386485331430e+08  1.000000000000000e-05  2.273736754432321e-13 -0.000000000000000e+00 -4.189101002065142e-24  2.726316152203002e-12 -4.846401810948164e-07  1.363158076101801e-13 -2.423200905477939e-08  9.999999999999999e-01  7.713288044839122e-09  3.231174267785264e-27  0.000000000000000e+00  3.738169314887314e-10  2.102886178323921e-15  1.869084657446632e-11  1.051443089162192e-16 
 2.123653757435618e+08  9.999999999999999e-06 -0.000000000000000e+00  3.289379897902726e-29 -4.311456019779061e-24  2.573771332083673e-12 -4.708865540909612e-07  1.286885666042120e-13 -2.354432770458554e-08  1.000000000000000e+00  7.494392272499267e-09  3.231174267785264e-27  2.465190328815662e-32  3.529008552203108e-10  1.928885198234803e-15  1.764504276104363e-11  9.644425991176138e-17 
 2.185681312507976e+08  1.000000000000000e-05 -2.273736754432321e-13 -0.000000000000000e+00  4.437384775713277e-24  2.429761810457124e-12 -4.575232419291700e-07  1.214880905228830e-13 -2.287616209649491e-08  1.000000000000000e+00  7.281708553808877e-09 -3.231174267785264e-27  0.000000000000000e+00  3.331550904322004e-10  1.769281735892378e-15  1.665775452163654e-11  8.846408679463839e-17 
 2.249520564790758e+08  1.000000000000000e-05 -0.000000000000000e+00 -0.000000000000000e+00 -0.000000000000000e+00  2.293810014107163e-12 -4.445391678457753e-07  1.146905007053834e-13 -2.222695839232414e-08  1.000000000000000e+00  7.075060596598699e-09  0.000000000000000e+00  0.000000000000000e+00  3.145141550070419e-10  1.622884484689309e-15  1.572570775037712e-11  8.114422423448331e-17 
 2.315224430230409e+08  1.000000000000000e-05 -0.000000000000000e+00 -1.793054228653862e-29  4.700384077162381e-24  2.165465091340809e-12 -4.319235694251181e-07  1.082732545670643e-13 -2.159617847129027e-08  1.000000000000000e+00  6.874277111703439e-09 -3.231174267785264e-27 -1.232595164407831e-32  2.969162307304340e-10  1.488600711359692e-15  1.484581153654533e-11  7.443003556800101e-17 
 2.382847370339250e+08  1.000000000000000e-05 -2.273736754432321e-13 -3.690851303947518e-29  2.418836310555046e-24  2.044301416846239e-12 -4.196659896786509e-07  1.022150708423345e-13 -2.098329948396594e-08  1.000000000000000e+00  6.679191670981270e-09 -1.615587133892632e-27 -2.465190328815662e-32  2.803029582855756e-10  1.365428099637460e-15  1.401514791430109e-11  6.827140498188807e-17 
 2.452445437338277e+08  1.000000000000000e-05 -0.000000000000000e+00 -3.798653473542214e-29 -0.000000000000000e+00  1.929917180207987e-12 -4.077562683772061e-07  9.649585901042065e-14 -2.038781341889275e-08  1.000000000000000e+00  6.489642569362589e-09  0.000000000000000e+00 -2.465190328815662e-32  2.646192437185153e-10  1.252447268802197e-15  1.323096218594682e-11  6.262236344012364e-17 
 2.524076320618488e+08  1.000000000000000e-05 -0.000000000000000e+00  1.954802161309112e-29 -2.562198288871080e-24  1.821933053398595e-12 -3.961845336292483e-07  9.109665266994981e-14 -1.980922668149394e-08  1.000000000000000e+00  6.305472690813754e-09  1.615587133892632e-27  1.232595164407831e-32  2.498130757322008e-10  1.148814911269576e-15  1.249065378662992e-11  5.744074556349143e-17 
 2.597799394559247e+08  9.999999999999999e-06  2.273736754432321e-13 -1.005948954405544e-29 -0.000000000000000e+00  1.719990932827703e-12 -3.849411936981263e-07  8.599954664140413e-14 -1.924705968493695e-08  9.999999999999999e-01  6.126529378104587e-09  0.000000000000000e+00 -6.162975822039155e-33  2.358353532034219e-10  1.053757498004244e-15  1.179176766018986e-11  5.268787490022381e-17 
 2.673675767743328e+08  9.999999999999999e-06 -0.000000000000000e+00 -0.000000000000000e+00 -0.000000000000000e+00  1.623752751776959e-12 -3.740169290515445e-07  8.118763758886585e-14 -1.870084645260699e-08  1.000000000000000e+00  5.952664306271791e-09  0.000000000000000e+00  0.000000000000000e+00  2.226397223506518e-10  9.665655047713306e-16  1.113198611755031e-11  4.832827523857718e-17 
 2.751768333609425e+08  1.000000000000000e-05  2.273736754432321e-13  1.065570530102591e-29 -0.000000000000000e+00  1.532899359282398e-12 -3.634026846366619e-07  7.664496796413681e-14 -1.817013423186201e-08  9.999999999999999e-01  5.783733359673336e-09  0.000000000000000e+00  6.162975822039155e-33  2.101824230127910e-10  8.865881161303488e-16  1.050912115065628e-11  4.432940580652721e-17 
 2.832141822584124e+08  1.000000000000000e-05 -0.000000000000000e+00  2.193387303980091e-29 -0.000000000000000e+00  1.447129461746434e-12 -3.530896623744174e-07  7.235647308733767e-14 -1.765448311874897e-08  1.000000000000000e+00  5.619596512531921e-09  0.000000000000000e+00  1.232595164407831e-32  1.984221435290349e-10  8.132283676412455e-16  9.921107176467536e-12  4.066141838207125e-17 
 2.914862855736530e+08  1.000000000000000e-05 -0.000000000000000e+00 -0.000000000000000e+00  5.917774007270881e-24  1.366158623769530e-12 -3.430693138668586e-07  6.830793118849156e-14 -1.715346569337023e-08  1.000000000000000e+00  5.460117712868517e-09 -3.231174267785264e-27  0.000000000000000e+00  1.873198837386083e-10  7.459386900232088e-16  9.365994186945323e-12  3.729693450116866e-17 
 3.000000000000052e+08  1.000000000000000e-05  2.273736754432321e-13 -0.000000000000000e+00 -0.000000000000000e+00  1.289718324888066e-12 -3.333333333114288e-07  6.448591624441752e-14 -1.666666666559797e-08  9.999999999999999e-01  5.305164769729755e-09  0.000000000000000e+00  0.000000000000000e+00  1.768388256460377e-10  6.842168220071041e-16  8.841941282315961e-12  3.421084110036275e-17 
