 frequency              yer                    yei                    yfr                    yfi                    er                     ei                     fr                     fi                    
 1.000000000000000e+00 -2.484581042020018e-12  1.591161539562494e-10  9.807732932062973e-05  1.531295882320309e-06 -2.532412242790814e-08 -3.954333543498980e-10  9.997562866909925e-01  1.560949176662990e-02 
 1.023292992280754e+00 -2.372782493443698e-12  1.554959335573170e-10  9.807840492008686e-05  1.496462400543339e-06 -2.418461441935293e-08 -3.690439254076966e-10  9.997672520089610e-01  1.525434364483322e-02 
 1.047128548050899e+00 -2.266013419484360e-12  1.519580056376939e-10  9.807943213161736e-05  1.462420885762691e-06 -2.309636938525096e-08 -3.444154373355639e-10  9.997777240308430e-01  1.490726851870168e-02 
 1.071519305237606e+00 -2.164047657524564e-12  1.485005045836594e-10  9.808041313109958e-05  1.429153387265403e-06 -2.205708216417916e-08 -3.214304026982486e-10  9.997877249388714e-01  1.456808336910764e-02 
 1.096478196143185e+00 -2.066669207458830e-12  1.451216067417111e-10  9.808134999665141e-05  1.396642358165653e-06 -2.106455116355576e-08 -2.999791708214963e-10  9.997972759186499e-01  1.423660929328216e-02 
 1.122018454301963e+00 -1.973671773227385e-12  1.418195294972238e-10  9.808224471301557e-05  1.364870646527322e-06 -2.011667371415224e-08 -2.799594048972274e-10  9.998063972038580e-01  1.391267141442598e-02 
 1.148153621496882e+00 -1.884858329154721e-12  1.385925303717675e-10  9.808309917574829e-05  1.333821486685163e-06 -1.921144163228189e-08 -2.612755945687875e-10  9.998151081189542e-01  1.359609879315730e-02 
 1.174897554939529e+00 -1.800040704206774e-12  1.354389061388978e-10  9.808391519522099e-05  1.303478490739460e-06 -1.834693698045383e-08 -2.438386007670852e-10  9.998234271199706e-01  1.328672434076956e-02 
 1.202264434617413e+00 -1.719039183717253e-12  1.323569919581306e-10  9.808469450044286e-05  1.273825640217205e-06 -1.752132801767040e-08 -2.275652307259020e-10  9.998313718334833e-01  1.298438473427153e-02 
 1.230268770812381e+00 -1.641682130954841e-12  1.293451605267733e-10  9.808543874271236e-05  1.244847277913699e-06 -1.673286533092863e-08 -2.123778415951885e-10  9.998389590938380e-01  1.268892033318194e-02 
 1.258925411794167e+00 -1.567805623038289e-12  1.264018212493893e-10  9.808614949910545e-05  1.216528099904149e-06 -1.597987813987161e-08 -1.982039701289382e-10  9.998462049787096e-01  1.240017509805071e-02 
 1.288249551693134e+00 -1.497253106646902e-12  1.235254194245308e-10  9.808682827580726e-05  1.188853147718327e-06 -1.526077076687135e-08 -1.849759875090677e-10  9.998531248430701e-01  1.211799651067856e-02 
 1.318256738556407e+00 -1.429875064698379e-12  1.207144354485529e-10  9.808747651129517e-05  1.161807800671363e-06 -1.457401926518780e-08 -1.726307766116935e-10  9.998597333516367e-01  1.184223549600677e-02 
 1.348962882591653e+00 -1.365528703150831e-12  1.179673840360966e-10  9.808809557937867e-05  1.135377768383614e-06 -1.391816819814468e-08 -1.611094314343033e-10  9.998660445098625e-01  1.157274634564878e-02 
 1.380384264602885e+00 -1.304077647007151e-12  1.152828134570817e-10  9.808868679210374e-05  1.109549083409822e-06 -1.329182756260541e-08 -1.503569759660691e-10  9.998720716935451e-01  1.130938664303533e-02 
 1.412537544622754e+00 -1.245391652104827e-12  1.126593047898298e-10  9.808925140252612e-05  1.084308094085121e-06 -1.269366985030227e-08 -1.403221020725515e-10  9.998778276771012e-01  1.105201719014484e-02 
 1.445439770745927e+00 -1.189346331803710e-12  1.100954711900381e-10  9.808979060736141e-05  1.059641457471644e-06 -1.212242724086904e-08 -1.309569250727685e-10  9.998833246605808e-01  1.080050193579090e-02 
 1.479108388168207e+00 -1.135822891114697e-12  1.075899571753941e-10  9.809030554951565e-05  1.035536132478615e-06 -1.157688892070701e-08 -1.222167550693884e-10  9.998885742954656e-01  1.055470790543878e-02 
 1.513561248436208e+00 -1.084707877656775e-12  1.051414379254356e-10  9.809079732050249e-05  1.011979373133354e-06 -1.105589852205312e-08 -1.140598840768159e-10  9.998935877093129e-01  1.031450513252302e-02 
 1.548816618912481e+00 -1.035892940239244e-12  1.027486185964690e-10  9.809126696275226e-05  9.889587219841234e-07 -1.055835167689142e-08 -1.064473869532964e-10  9.998983755292941e-01  1.007976659123834e-02 
 1.584893192461113e+00 -9.892746007776906e-13  1.004102336511987e-10  9.809171547181730e-05  9.664620036452243e-07 -1.008319368056883e-08 -9.934293587603634e-11  9.999029479046776e-01  9.850368130776438e-03 
 1.621810097358929e+00 -9.447540339283546e-13  9.812504620284106e-11  9.809214379847821e-05  9.444773185051519e-07 -9.629417260217298e-09 -9.271262692874242e-11  9.999073145283019e-01  9.626188410981198e-03 
 1.659586907437560e+00 -9.022368603577320e-13  9.589184737338509e-11  9.809255285075595e-05  9.229930365353689e-07 -9.196060443289574e-09 -8.652481862932977e-11  9.999114846570880e-01  9.407108839395432e-03 
 1.698243652461743e+00 -8.616329433258405e-13  9.370945566582282e-11  9.809294349583347e-05  9.019977912586713e-07 -8.782204521740437e-09 -8.074998064167098e-11  9.999154671316283e-01  9.193013509672207e-03 
 1.737800828749374e+00 -8.228562018913071e-13  9.157671634994531e-11  9.809331656189120e-05  8.814804738320470e-07 -8.386972107561457e-09 -7.536055330291905e-11  9.999192703948989e-01  8.983789141324340e-03 
 1.778279410038922e+00 -7.858244260073724e-13  8.949250086157602e-11  9.809367283985973e-05  8.614302272821894e-07 -8.009525275594222e-09 -7.033081589731013e-11  9.999229025101305e-01  8.779325020785775e-03 
 1.819700858609982e+00 -7.504591035395483e-13  8.745570621487848e-11  9.809401308509444e-05  8.418364408416257e-07 -7.649063789705984e-09 -6.563676406014770e-11  9.999263711778775e-01  8.579512943759074e-03 
 1.862087136662866e+00 -7.166852536124717e-13  8.546525442752508e-11  9.809433801897486e-05  8.226887444114789e-07 -7.304823408599603e-09 -6.125599522582654e-11  9.999296837523223e-01  8.384247158823322e-03 
 1.905460717963246e+00 -6.844312687369976e-13  8.352009195844661e-11  9.809464833043144e-05  8.039770031786214e-07 -6.976074267689436e-09 -5.716760182943416e-11  9.999328472568436e-01  8.193424312277240e-03 
 1.949844599758044e+00 -6.536287617634477e-13  8.161918915793866e-11  9.809494467740497e-05  7.856913122866044e-07 -6.662119333638336e-09 -5.335207143922977e-11  9.999358683988918e-01  8.006943394192716e-03 
 1.995262314968878e+00 -6.242124220046484e-13  7.976153972983564e-11  9.809522768823949e-05  7.678219917060802e-07 -6.362292928296974e-09 -4.979119374735125e-11  9.999387535841889e-01  7.824705685654066e-03 
 2.041737944669527e+00 -5.961198774623172e-13  7.794616020552915e-11  9.809549796301310e-05  7.503595811416547e-07 -6.075959318937322e-09 -4.646797372853797e-11  9.999415089302979e-01  7.646614707158945e-03 
 2.089296130854037e+00 -5.692915611361009e-13  7.617208942960215e-11  9.809575607480880e-05  7.332948350948637e-07 -5.802511371809955e-09 -4.336655042685392e-11  9.999441402795776e-01  7.472576168157063e-03 
 2.137962089502230e+00 -5.436705861116752e-13  7.443838805679895e-11  9.809600257092850e-05  7.166187180364381e-07 -5.541369266183100e-09 -4.047212138054648e-11  9.999466532115571e-01  7.302497917703260e-03 
 2.187761623949550e+00 -5.192026247926578e-13  7.274413806013174e-11  9.809623797405224e-05  7.003223996444874e-07 -5.291979266154374e-09 -3.777087197135316e-11  9.999490530547565e-01  7.136289896201841e-03 
 2.238721138568337e+00 -4.958357935252340e-13  7.108844224987927e-11  9.809646278334535e-05  6.843972502161566e-07 -5.053812547643329e-09 -3.524990948711878e-11  9.999513448979714e-01  6.973864088219482e-03 
 2.290867652767770e+00 -4.735205430031733e-13  6.947042380324583e-11  9.809667747551592e-05  6.688348361261198e-07 -4.826364078089441e-09 -3.289720162727931e-11  9.999535336010560e-01  6.815134476344375e-03 
 2.344228815319919e+00 -4.522095529240591e-13  6.788922580446655e-11  9.809688250582492e-05  6.536269153908925e-07 -4.609151546491911e-09 -3.070151906285566e-11  9.999556238052180e-01  6.660016996069660e-03 
 2.398832919019488e+00 -4.318576322512392e-13  6.634401079512700e-11  9.809707830905062e-05  6.387654333597781e-07 -4.401714341531741e-09 -2.865238188945675e-11  9.999576199428525e-01  6.508429491679540e-03 
 2.454708915685027e+00 -4.124216231080773e-13  6.483396033449412e-11  9.809726530040970e-05  6.242425184908168e-07 -4.203612575619387e-09 -2.674000959389334e-11  9.999595262469325e-01  6.360291673116888e-03 
 2.511886431509577e+00 -3.938603093221924e-13  6.335827456963686e-11  9.809744387643746e-05  6.100504781926530e-07 -4.014426152806259e-09 -2.495527438263119e-11  9.999613467599802e-01  6.215525073811552e-03 
 2.570395782768860e+00 -3.761343291098873e-13  6.191617181513126e-11  9.809761441582762e-05  5.961817947999770e-07 -3.833753878591452e-09 -2.328965762615224e-11  9.999630853426310e-01  6.074053009448814e-03 
 2.630267991895378e+00 -3.592060919637899e-13  6.050688814214243e-11  9.809777728023503e-05  5.826291216357027e-07 -3.661212609742847e-09 -2.173520922617572e-11  9.999647456818151e-01  5.935800537658006e-03 
 2.691534803926912e+00 -3.430396985812618e-13  5.912967697668968e-11  9.809793281504224e-05  5.693852791026355e-07 -3.496436442336544e-09 -2.028450965088995e-11  9.999663312985734e-01  5.800694418601537e-03 
 2.754228703338163e+00 -3.276008647737868e-13  5.778380870689001e-11  9.809808135009115e-05  5.564432509590211e-07 -3.339075936298125e-09 -1.893063452818359e-11  9.999678455555151e-01  5.668663076444944e-03 
 2.818382931264450e+00 -3.128568494007033e-13  5.646857029898573e-11  9.809822320038239e-05  5.437961805819513e-07 -3.188797374806585e-09 -1.766712163557541e-11  9.999692916639488e-01  5.539636561689052e-03 
 2.884031503126602e+00 -2.987763841629795e-13  5.518326492197805e-11  9.809835866674261e-05  5.314373674007722e-07 -3.045282056995916e-09 -1.648794001282928e-11  9.999706726906853e-01  5.413546514345546e-03 
 2.951209226666381e+00 -2.853296080047324e-13  5.392721158066341e-11  9.809848803646238e-05  5.193602633270233e-07 -2.908225622457815e-09 -1.538746121898037e-11  9.999719915645401e-01  5.290326127937759e-03 
 3.019951720402012e+00 -2.724880033724072e-13  5.269974475690534e-11  9.809861158390520e-05  5.075584693092772e-07 -2.777337406117922e-09 -1.436043244565068e-11  9.999732510825412e-01  5.169910114308719e-03 
 3.090295432513586e+00 -2.602243359523613e-13  5.150021405895231e-11  9.809872957108849e-05  4.960257320128780e-07 -2.652339822120534e-09 -1.340195145871130e-11  9.999744539158554e-01  5.052234669218857e-03 
 3.162277660168374e+00 -2.485125969262539e-13  5.032798387863148e-11  9.809884224823980e-05  4.847559404580482e-07 -2.532967775418852e-09 -1.250744320133834e-11  9.999756026154538e-01  4.937237438716283e-03 
 3.235936569296277e+00 -2.373279479147472e-13  4.918243305624396e-11  9.809894985432662e-05  4.737431228314659e-07 -2.418968099825808e-09 -1.167263796295680e-11  9.999766996175172e-01  4.824857486262596e-03 
 3.311311214825905e+00 -2.266466681323688e-13  4.806295455299535e-11  9.809905261756319e-05  4.629814433464163e-07 -2.310099021336629e-09 -1.089355099184519e-11  9.999777472486010e-01  4.715035260597810e-03 
 3.388441561392020e+00 -2.164461042212025e-13  4.696895513079332e-11  9.809915075589441e-05  4.524651991237583e-07 -2.206129645587342e-09 -1.016646348347705e-11  9.999787477305678e-01  4.607712564328129e-03 
 3.467368504525310e+00 -2.067046222637897e-13  4.589985503925192e-11  9.809924447745767e-05  4.421888172255473e-07 -2.106839468364635e-09 -9.487904833388624e-12  9.999797031852976e-01  4.502832523220705e-03 
 3.548133892335748e+00 -1.974015618624586e-13  4.485508770974491e-11  9.809933398102422e-05  4.321468516955973e-07 -2.012017908131099e-09 -8.854636070057845e-12  9.999806156391849e-01  4.400339556189820e-03 
 3.630780547701007e+00 -1.885171922667089e-13  4.383409945635151e-11  9.809941945642043e-05  4.223339806971871e-07 -1.921463859576293e-09 -8.263634392899343e-12  9.999814870274365e-01  4.300179345959272e-03 
 3.715352290971718e+00 -1.800326707459315e-13  4.283634918354183e-11  9.809950108493061e-05  4.127450036681135e-07 -1.834985267248525e-09 -7.712078754113701e-12  9.999823191981740e-01  4.202298810386028e-03 
 3.801893963205605e+00 -1.719300024089218e-13  4.186130810045584e-11  9.809957903968093e-05  4.033748386214620e-07 -1.752398718364793e-09 -7.197336383918915e-12  9.999831139163514e-01  4.106646074430498e-03 
 3.890451449942799e+00 -1.641920022000849e-13  4.090845944162617e-11  9.809965348600672e-05  3.942185194394376e-07 -1.673529053936620e-09 -6.716950231234242e-12  9.999838728674977e-01  4.013170442759184e-03 
 3.981071705534965e+00 -1.568022584006419e-13  3.997729819400510e-11  9.809972458180302e-05  3.852711932296471e-07 -1.598208997388462e-09 -6.268627233651230e-12  9.999845976612910e-01  3.921822372965631e-03 
 4.073802778041119e+00 -1.497450978964269e-13  3.906733083015383e-11  9.809979247785927e-05  3.765281178062796e-07 -1.526278799882202e-09 -5.850227375380215e-12  9.999852898349707e-01  3.832553449395984e-03 
 4.168693834703346e+00 -1.430055527864560e-13  3.817807504745891e-11  9.809985731817909e-05  3.679846591470026e-07 -1.457585901596640e-09 -5.459753466681031e-12  9.999859508565974e-01  3.745316357565729e-03 
 4.265795188015918e+00 -1.365693288800447e-13  3.730905951323922e-11  9.809991924028575e-05  3.596362889574101e-07 -1.391984608244527e-09 -5.095341620494307e-12  9.999865821281660e-01  3.660064859154449e-03 
 4.365158322401651e+00 -1.304227751573823e-13  3.645982361561552e-11  9.809997837551339e-05  3.514785822944511e-07 -1.329335782142085e-09 -4.755252347099241e-12  9.999871849885774e-01  3.576753767565727e-03 
 4.466835921509622e+00 -1.245528550380263e-13  3.562991722001119e-11  9.810003484928596e-05  3.435072151725116e-07 -1.269506547176541e-09 -4.437862259514264e-12  9.999877607164795e-01  3.495338924039640e-03 
 4.570881896148741e+00 -1.189471185035828e-13  3.481890043116128e-11  9.810008878138289e-05  3.357179623637851e-07 -1.212370007046779e-09 -4.141656316329949e-12  9.999883105329761e-01  3.415777174305448e-03 
 4.677351412871972e+00 -1.135936759343975e-13  3.402634336050376e-11  9.810014028619320e-05  3.281066950737432e-07 -1.157804976180116e-09 -3.865220598816934e-12  9.999888356042185e-01  3.338026345762485e-03 
 4.786300923226373e+00 -1.084811727077844e-13  3.325182589883610e-11  9.810018947295805e-05  3.206693788178339e-07 -1.105695722755243e-09 -3.607235555346403e-12  9.999893370438767e-01  3.262045225177403e-03 
 4.897788193684452e+00 -1.035987652554643e-13  3.249493749411639e-11  9.810023644600233e-05  3.134020712600161e-07 -1.055931723286764e-09 -3.366469707670320e-12  9.999898159155023e-01  3.187793536886229e-03 
 5.011872336272712e+00 -9.893609797224267e-14  3.175527693429612e-11  9.810028130495588e-05  3.063009201553779e-07 -1.008407428251435e-09 -3.141773769564282e-12  9.999902732347823e-01  3.115231921489952e-03 
 5.128613839913638e+00 -9.448328131950232e-14  3.103245213507016e-11  9.810032414496488e-05  2.993621612684683e-07 -9.630220382594112e-10 -2.932075163177844e-12  9.999907099716945e-01  3.044321915032559e-03 
 5.248074602497715e+00 -9.023087077836674e-14  3.032607993243532e-11  9.810036505689369e-05  2.925821164165288e-07 -9.196792902962767e-10 -2.736372897029406e-12  9.999911270525640e-01  2.975025928650730e-03 
 5.370317963702516e+00 -8.616984695739097e-14  2.963578587994752e-11  9.810040412751715e-05  2.859571915300729e-07 -8.782872535827972e-10 -2.553732792254567e-12  9.999915253620265e-01  2.907307228684570e-03 
 5.495408738576233e+00 -8.229159628039144e-14  2.896120405057505e-11  9.810044143970502e-05  2.794838746961181e-07 -8.387581346198894e-10 -2.383283017877969e-12  9.999919057449067e-01  2.841129917239090e-03 
 5.623413251903478e+00 -7.858789287478911e-14  2.830197684304123e-11  9.810047707259759e-05  2.731587343610120e-07 -8.010080910055233e-10 -2.224209934058340e-12  9.999922690080073e-01  2.776458913186244e-03 
 5.754399373371556e+00 -7.505088108370145e-14  2.765775479255842e-11  9.810051110177333e-05  2.669784175055034e-07 -7.649570536290626e-10 -2.075754206972010e-12  9.999926159218212e-01  2.713259933597670e-03 
 5.888436553555876e+00 -7.167305874179068e-14  2.702819638585336e-11  9.810054359940942e-05  2.609396478267523e-07 -7.305285568661504e-10 -1.937207182504717e-12  9.999929472221663e-01  2.651499475598425e-03 
 6.025595860743564e+00 -6.844726138243818e-14  2.641296788038678e-11  9.810057463443476e-05  2.550392240452393e-07 -6.976495764142187e-10 -1.807907506889076e-12  9.999932636117443e-01  2.591144798632249e-03 
 6.165950018614807e+00 -6.536664689604628e-14  2.581174312767441e-11  9.810060427267618e-05  2.492740181908593e-07 -6.662503744249499e-10 -1.687237965835055e-12  9.999935657616329e-01  2.532163907129085e-03 
 6.309573444801917e+00 -6.242468117036669e-14  2.522420340061513e-11  9.810063257699769e-05  2.436409739792200e-07 -6.362643516053606e-10 -1.574622542413614e-12  9.999938543127063e-01  2.474525533565789e-03 
 6.456542290346539e+00 -5.961512412415060e-14  2.465003722473778e-11  9.810065960743449e-05  2.381371051046743e-07 -6.076279059740622e-10 -1.469523664637255e-12  9.999941298769981e-01  2.418199121911216e-03 
 6.606934480075944e+00 -5.693201653122124e-14  2.408894021327670e-11  9.810068542131951e-05  2.327594938247857e-07 -5.802802979732371e-10 -1.371439640949672e-12  9.999943930389947e-01  2.363154811446921e-03 
 6.760829753919801e+00 -5.436966735814087e-14  2.354061490599077e-11  9.810071007340574e-05  2.275052891909102e-07 -5.541635216504267e-10 -1.279902264850439e-12  9.999946443568805e-01  2.309363420955123e-03 
 6.918309709189348e+00 -5.192264169112186e-14  2.300477061164090e-11  9.810073361598176e-05  2.223717057575625e-07 -5.292221816370272e-10 -1.194474579904240e-12  9.999948843637155e-01  2.256796433265523e-03 
 7.079457843841362e+00 -4.958574922452554e-14  2.248112325404350e-11  9.810075609898293e-05  2.173560219725923e-07 -5.054033756626963e-10 -1.114748794339342e-12  9.999951135685711e-01  2.205425980152979e-03 
 7.244359600749883e+00 -4.735403324281704e-14  2.196939522161925e-11  9.810077757009743e-05  2.124555787408333e-07 -4.826565823566011e-10 -1.040344334253110e-12  9.999953324576073e-01  2.155224827578048e-03 
 7.413102413009157e+00 -4.522276011553085e-14  2.146931522035811e-11  9.810079807486696e-05  2.076677781195913e-07 -4.609335540976340e-10 -9.709060271466206e-13  9.999955414951032e-01  2.106166361262663e-03 
 7.585775750291819e+00 -4.318740924904496e-14  2.098061813012359e-11  9.810081765678374e-05  2.029900818129038e-07 -4.401882146864351e-10 -9.061024063430462e-13  9.999957411244437e-01  2.058224572593408e-03 
 7.762471166286898e+00 -4.124366350481541e-14  2.050304486422036e-11  9.810083635738252e-05  1.984200099017230e-07 -4.203765616222533e-10 -8.456241288880776e-13  9.999959317690581e-01  2.011374044844921e-03 
 7.943282347242794e+00 -3.938740003291738e-14  2.003634223215185e-11  9.810085421632882e-05  1.939551395324646e-07 -4.014565727774697e-10 -7.891824987125910e-13  9.999961138333191e-01  1.965589939716252e-03 
 8.128305161640972e+00 -3.761468155161838e-14  1.958026280549545e-11  9.810087127150300e-05  1.895931035639231e-07 -3.833881172718980e-10 -7.365080890441127e-13  9.999962877034009e-01  1.920847984173044e-03 
 8.317637711026689e+00 -3.592174797278278e-14  1.913456478682478e-11  9.810088755908047e-05  1.853315894362328e-07 -3.661328703578961e-10 -6.873494558185027e-13  9.999964537480960e-01  1.877124457588650e-03 
 8.511380382023743e+00 -3.430500843028940e-14  1.869901188161019e-11  9.810090311360868e-05  1.811683378039053e-07 -3.496542321358142e-10 -6.414719375039287e-13  9.999966123196005e-01  1.834396179177411e-03 
 8.709635899560784e+00 -3.276103366896830e-14  1.827337317302997e-11  9.810091796808013e-05  1.771011414603008e-07 -3.339172499274297e-10 -5.986565350543824e-13  9.999967637542584e-01  1.792640495713471e-03 
 8.912509381337431e+00 -3.128654879619491e-14  1.785742299962614e-11  9.810093215400259e-05  1.731278440816886e-07 -3.188885441427619e-10 -5.586988669685963e-13  9.999969083732769e-01  1.751835269528682e-03 
 9.120108393559072e+00 -2.987842626664226e-14  1.745094083574110e-11  9.810094570146570e-05  1.692463391586574e-07 -3.045362374830878e-10 -5.214081924181069e-13  9.999970464834063e-01  1.711958866783260e-03 
 9.332543007969884e+00 -2.853367933350710e-14  1.705371117467114e-11  9.810095863920492e-05  1.654545687818088e-07 -2.908298873300155e-10 -4.866065022843736e-13  9.999971783775916e-01  1.672990146003024e-03 
 9.549925860214332e+00 -2.724945564229246e-14  1.666552341447624e-11  9.810097099466250e-05  1.617505226633731e-07 -2.777404211772683e-10 -4.541276681635776e-13  9.999973043355931e-01  1.634908446877175e-03 
 9.772372209558078e+00 -2.602303124065204e-14  1.628617174638504e-11  9.810098279404554e-05  1.581322369922922e-07 -2.652400749682415e-10 -4.238166503864556e-13  9.999974246245804e-01  1.597693579310706e-03 
 9.999999999999970e+00 -2.485180475859369e-14  1.591545504573703e-11  9.810099406238173e-05  1.545977934419573e-07 -2.533023342085903e-10 -3.955287572084884e-13  9.999975394996983e-01  1.561325812725677e-03 
 1.023292992280751e+01 -2.373329189646900e-14  1.555317676540370e-11  9.810100482357236e-05  1.511453180946809e-07 -2.419018777289616e-10 -3.691289542349891e-13  9.999976492046089e-01  1.525785865605708e-03 
 1.047128548050896e+01 -2.266512017226740e-14  1.519914483163293e-11  9.810101510044314e-05  1.477729804910677e-07 -2.310145239786200e-10 -3.444912200992588e-13  9.999977539720082e-01  1.491054895278177e-03 
 1.071519305237603e+01 -2.164502389396829e-14  1.485317154226123e-11  9.810102491479221e-05  1.444789927418366e-07 -2.206171797360713e-10 -3.214979449486772e-13  9.999978540241174e-01  1.457114487928728e-03 
 1.096478196143182e+01 -2.067083931872265e-14  1.451507346724076e-11  9.810103428743693e-05  1.412616083551477e-07 -2.106877911279247e-10 -3.000393684986158e-13  9.999979495731590e-01  1.423946648842826e-03 
 1.122018454301960e+01 -1.974050009728085e-14  1.418467135142779e-11  9.810104323825776e-05  1.381191215427124e-07 -2.012052968521112e-10 -2.800130566072455e-13  9.999980408218024e-01  1.391533792869204e-03 
 1.148153621496879e+01 -1.885203287434982e-14  1.386179001958192e-11  9.810105178624026e-05  1.350498662205935e-07 -1.921495835062660e-10 -2.613234120510799e-13  9.999981279635957e-01  1.359858735100160e-03 
 1.174897554939526e+01 -1.800355312726283e-14  1.354625828352567e-11  9.810105994951569e-05  1.320522150516368e-07 -1.835014429265380e-10 -2.438812185262327e-13  9.999982111833765e-01  1.328904681763801e-03 
 1.202264434617409e+01 -1.719326112594575e-14  1.323790885141534e-11  9.810106774539926e-05  1.291245787377049e-07 -1.752425314463509e-10 -2.276032141743244e-13  9.999982906576632e-01  1.298655221323396e-03 
 1.230268770812378e+01 -1.641943815050787e-14  1.293657823907535e-11  9.810107519042695e-05  1.262654050759870e-07 -1.673553309887182e-10 -2.124116946185174e-13  9.999983665550296e-01  1.269094315779170e-03 
 1.258925411794163e+01 -1.568044283650423e-14  1.264210668334904e-11  9.810108230039048e-05  1.234731781402099e-07 -1.598231119095928e-10 -1.982341419054291e-13  9.999984390364627e-01  1.240206292167911e-03 
 1.288249551693130e+01 -1.497470769010252e-14  1.235433805742038e-11  9.810108909037081e-05  1.207464175451145e-07 -1.526298975134558e-10 -1.850028782935492e-13  9.999985082557035e-01  1.211975834255917e-03 
 1.318256738556403e+01 -1.430073576883742e-14  1.207311978806162e-11  9.810109557477031e-05  1.180836775582783e-07 -1.457604301658853e-10 -1.726547432599504e-13  9.999985743595742e-01  1.184387974420897e-03 
 1.348962882591649e+01 -1.365709749471422e-14  1.179830277476319e-11  9.810110176734328e-05  1.154835464062254e-07 -1.392001389312364e-10 -1.611307918566124e-13  9.999986374882887e-01  1.157428085718510e-03 
 1.380384264602880e+01 -1.304242763974339e-14  1.152974131070317e-11  9.810110768122463e-05  1.129446455250260e-07 -1.329351086667994e-10 -1.503760135501613e-13  9.999986977757503e-01  1.131081874129372e-03 
 1.412537544622749e+01 -1.245542241801452e-14  1.126729300551460e-11  9.810111332895865e-05  1.104656287692629e-07 -1.269520505078904e-10 -1.403390694761355e-13  9.999987553498364e-01  1.105335370982431e-03 
 1.445439770745922e+01 -1.189483671930742e-14  1.101081870980945e-11  9.810111872252473e-05  1.080451818014083e-07 -1.212382736812726e-10 -1.309720473632609e-13  9.999988103326677e-01  1.080174925550681e-03 
 1.479108388168202e+01 -1.135948147323749e-14  1.076018244141980e-11  9.810112387336331e-05  1.056820212869125e-07 -1.157816585871347e-10 -1.222302328814160e-13  9.999988628408697e-01  1.055587197815323e-03 
 1.513561248436203e+01 -1.084822113272884e-14  1.051525131331686e-11  9.810112879239992e-05  1.033748942697033e-07 -1.105706310925325e-10 -1.140718962520750e-13  9.999989129858186e-01  1.031559151394541e-03 
 1.548816618912476e+01 -1.035997124786494e-14  1.027589546316994e-11  9.810113349006835e-05  1.011225775754410e-07 -1.055941379817734e-10 -1.064580928596553e-13  9.999989608738773e-01  1.008078046633135e-03 
 1.584893192461108e+01 -9.893696187069307e-15  1.004198798450785e-11  9.810113797633301e-05  9.892387695109583e-08 -1.008416235116779e-10 -9.935247757461473e-14  9.999990066066230e-01  9.851314338493883e-04 
 1.621810097358924e+01 -9.448406919767264e-15  9.813404859446584e-12  9.810114226070978e-05  9.677762667636980e-08 -9.630300702199267e-11 -9.272113104200455e-14  9.999990502810600e-01  9.627071467355534e-04 
 1.659586907437554e+01 -9.023158935073993e-15  9.590024892947517e-12  9.810114635228640e-05  9.468268882817377e-08 -9.196866155346867e-11 -8.653239793498816e-14  9.999990919898268e-01  9.407932959085074e-04 
 1.698243652461738e+01 -8.617050227531266e-15  9.371729648571337e-12  9.810115025974151e-05  9.263795267000496e-08 -8.782939342825572e-11 -8.075673573663728e-14  9.999991318213930e-01  9.193782626071324e-04 
 1.737800828749369e+01 -8.229219393956638e-15  9.158403385693803e-12  9.810115399136338e-05  9.064233401356869e-08 -8.387642274930342e-11 -7.536657381378096e-14  9.999991698602467e-01  8.984506925331027e-04 
 1.778279410038916e+01 -7.858843794438192e-15  8.949932998149971e-12  9.810115755506719e-05  8.869477483020027e-08 -8.010136477740935e-11 -7.033618169399675e-14  9.999992061870727e-01  8.779994898318087e-04 
 1.819700858609976e+01 -7.505137819846570e-15  8.746207954274565e-12  9.810116095841206e-05  8.679424250146450e-08 -7.649621214641653e-11 -6.564154635432471e-14  9.999992408789247e-01  8.580138112102409e-04 
 1.862087136662860e+01 -7.167351211809210e-15  8.547120238306586e-12  9.810116420861684e-05  8.493972938894423e-08 -7.305331787883799e-11 -6.126025746998405e-14  9.999992740093882e-01  8.384830601887109e-04 
 1.905460717963240e+01 -6.844767485148375e-15  8.352564293127253e-12  9.810116731257563e-05  8.313025220973991e-08 -6.976537916588583e-11 -5.717140055978112e-14  9.999993056487371e-01  8.193968814833730e-04 
 1.949844599758038e+01 -6.536702399703317e-15  8.162436964300945e-12  9.810117027687236e-05  8.136485155074702e-08 -6.662542187750285e-11 -5.335545707399128e-14  9.999993358640827e-01  8.007451555165705e-04 
 1.995262314968872e+01 -6.242502508140594e-15  7.976637445389459e-12  9.810117310779469e-05  7.964259138293350e-08 -6.362678576954160e-11 -4.979421121626456e-14  9.999993647195157e-01  7.825179930520974e-04 
 2.041737944669521e+01 -5.961543777789939e-15  7.795067224510693e-12  9.810117581134732e-05  7.796255854786160e-08 -6.076311035671656e-11 -4.647066305306757e-14  9.999993922762419e-01  7.647057299525375e-04 
 2.089296130854031e+01 -5.693230258983124e-15  7.617630032113411e-12  9.810117839326475e-05  7.632386236910982e-08 -5.802832142136512e-11 -4.336894729743893e-14  9.999994185927120e-01  7.472989220559058e-04 
 2.137962089502224e+01 -5.436992824800738e-15  7.444231789940463e-12  9.810118085902370e-05  7.472563390287235e-08 -5.541661812940299e-11 -4.047425760592770e-14  9.999994437247475e-01  7.302883401688777e-04 
 2.187761623949544e+01 -5.192287962625602e-15  7.274780561153410e-12  9.810118321385426e-05  7.316702579918122e-08 -5.292246072614627e-11 -3.777277588938407e-14  9.999994677256563e-01  7.136649651739508e-04 
 2.238721138568331e+01 -4.958596621988038e-15  7.109186501592142e-12  9.810118546275137e-05  7.164721169128363e-08 -5.054055878590316e-11 -3.525160635651375e-14  9.999994906463470e-01  6.974199832479543e-04 
 2.290867652767764e+01 -4.735423115381207e-15  6.947361812143675e-12  9.810118761048524e-05  7.016538572379716e-08 -4.826585999041229e-11 -3.289871396691044e-14  9.999995125354380e-01  6.815447811893705e-04 
 2.344228815319913e+01 -4.522294061016505e-15  6.789220692194925e-12  9.810118966161152e-05  6.872076219188727e-08 -4.609353941232663e-11 -3.070286693953448e-14  9.999995334393585e-01  6.660309418519922e-04 
 2.398832919019481e+01 -4.318757386390178e-15  6.634679294144751e-12  9.810119162048080e-05  6.731257526371159e-08 -4.401898928101248e-11 -2.865358319076200e-14  9.999995534024484e-01  6.508702396824973e-04 
 2.454708915685020e+01 -4.124381363069409e-15  6.483655678951214e-12  9.810119349124816e-05  6.594007820326375e-08 -4.203780920895694e-11 -2.674108025331402e-14  9.999995724670520e-01  6.360546363595829e-04 
 2.511886431509570e+01 -3.938753696114095e-15  6.336069772690471e-12  9.810119527788169e-05  6.460254337037341e-08 -4.014579685805306e-11 -2.495622861346082e-14  9.999995906736076e-01  6.215762765323368e-04 
 2.570395782768853e+01 -3.761480643292871e-15  6.191843324104342e-12  9.810119698417114e-05  6.329926155457244e-08 -3.833893902596626e-11 -2.329050808975662e-14  9.999996080607337e-01  6.074274836556026e-04 
 2.630267991895371e+01 -3.592186186338988e-15  6.050899863113990e-12  9.810119861373573e-05  6.202954178080589e-08 -3.661340313367478e-11 -2.173596720272967e-14  9.999996246653109e-01  5.936007559201182e-04 
 2.691534803926904e+01 -3.430511229594395e-15  5.913164660277785e-12  9.810120017003207e-05  6.079271069880932e-08 -3.496552909612965e-11 -2.028518519343031e-14  9.999996405225599e-01  5.800887622752846e-04 
 2.754228703338154e+01 -3.276112840170476e-15  5.778564687171843e-12  9.810120165636106e-05  5.958811269413111e-08 -3.339182155879067e-11 -1.893123661110662e-14  9.999996556661154e-01  5.668843385424464e-04 
 2.818382931264442e+01 -3.128663519026313e-15  5.647028577672294e-12  9.810120307587560e-05  5.841510905546521e-08 -3.188894248357244e-11 -1.766765824475543e-14  9.999996701280988e-01  5.539804836166352e-04 
 2.884031503126593e+01 -2.987850506023286e-15  5.518486590118696e-12  9.810120443158660e-05  5.727307778036206e-08 -3.045370406847377e-11 -1.648841826927691e-14  9.999996839391864e-01  5.413703557547518e-04 
 2.951209226666373e+01 -2.853375118787693e-15  5.392870570338576e-12  9.810120572636964e-05  5.616141340869518e-08 -2.908306198587330e-11 -1.538788746480913e-14  9.999996971286728e-01  5.290472689482318e-04 
 3.019951720402003e+01 -2.724952117868716e-15  5.270113915513565e-12  9.810120696297116e-05  5.507952643979408e-08 -2.777410892514912e-11 -1.436081233741725e-14  9.999997097245351e-01  5.170046893782643e-04 
 3.090295432513577e+01 -2.602309101299189e-15  5.150151538867857e-12  9.810120814401421e-05  5.402684338795538e-08 -2.652406842592548e-11 -1.340229003891440e-14  9.999997217534902e-01  5.052362319516895e-04 
 3.162277660168365e+01 -2.485185926547375e-15  5.032919835160406e-12  9.810120927200390e-05  5.300280594977558e-08 -2.533028898886691e-11 -1.250774496162895e-14  9.999997332410537e-01  4.937356569157377e-04 
 3.235936569296268e+01 -2.373334161049409e-15  4.918356646962458e-12  9.810121034933278e-05  5.200687130946235e-08 -2.419023845152779e-11 -1.167290690812323e-14  9.999997442115918e-01  4.824968665498161e-04 
 3.311311214825896e+01 -2.266516552002020e-15  4.806401231702667e-12  9.810121137828611e-05  5.103851130616732e-08 -2.310149861732867e-11 -1.089379069039534e-14  9.999997546883747e-01  4.715139019325927e-04 
 3.388441561392010e+01 -2.164506524445102e-15  4.696994229462220e-12  9.810121236104635e-05  5.009721257276389e-08 -2.206176012626638e-11 -1.016667711331504e-14  9.999997646936247e-01  4.607809397826579e-04 
 3.467368504525301e+01 -2.067087703316335e-15  4.590077631502978e-12  9.810121329969810e-05  4.918247600849135e-08 -2.106881755647866e-11 -9.488095232967104e-15  9.999997742485646e-01  4.502922893710967e-04 
 3.548133892335738e+01 -1.974053449390559e-15  4.485594749511919e-12  9.810121419623242e-05  4.829381658466581e-08 -2.012056474627315e-11 -8.854805763580950e-15  9.999997833734615e-01  4.400423895043309e-04 
 3.630780547700997e+01 -1.885206425015088e-15  4.383490185545585e-12  9.810121505255084e-05  4.743076320590234e-08 -1.921499032669827e-11 -8.263785633635623e-15  9.999997920876704e-01  4.300258055756309e-04 
 3.715352290971708e+01 -1.800358173957837e-15  4.283709802658632e-12  9.810121587046988e-05  4.659285815500347e-08 -1.835017345518044e-11 -7.712213547489674e-15  9.999998004096756e-01  4.202372266837419e-04 
 3.801893963205595e+01 -1.719328722308240e-15  4.186200696200860e-12  9.810121665172434e-05  4.577965725949262e-08 -1.752427974117782e-11 -7.197456520447190e-15  9.999998083571290e-01  4.106714628170855e-04 
 3.890451449942788e+01 -1.641946194972297e-15  4.090911165767584e-12  9.810121739797136e-05  4.499072933650261e-08 -1.673555735520909e-11 -6.717057302555800e-15  9.999998159468879e-01  4.013234421020570e-04 
 3.981071705534954e+01 -1.568046454162469e-15  3.997790687788401e-12  9.810121811079395e-05  4.422565597073103e-08 -1.598233331300356e-11 -6.268722661556310e-15  9.999998231950521e-01  3.921882081139505e-04 
 4.073802778041109e+01 -1.497472748722409e-15  3.906789888739882e-12  9.810121879170397e-05  4.348403165321812e-08 -1.526300992689130e-11 -5.850312425266213e-15  9.999998301169949e-01  3.832609172490889e-04 
 4.168693834703335e+01 -1.430075382210898e-15  3.817860518967980e-12  9.810121944214577e-05  4.276546311521301e-08 -1.457606141690626e-11 -5.459829267818929e-15  9.999998367273990e-01  3.745368361567711e-04 
 4.265795188015907e+01 -1.365711396210666e-15  3.730955427106234e-12  9.810122006349903e-05  4.206956943919593e-08 -1.392003067441400e-11 -5.095409178445794e-15  9.999998430402859e-01  3.660113392296665e-04 
 4.365158322401639e+01 -1.304244265857720e-15  3.646028535076288e-12  9.810122065708172e-05  4.139598153152235e-08 -1.329352617139968e-11 -4.755312558659058e-15  9.999998490690464e-01  3.576799061513335e-04 
 4.466835921509610e+01 -1.245543611585653e-15  3.563034813657392e-12  9.810122122415294e-05  4.074434228895640e-08 -1.269521900886021e-11 -4.437915923121555e-15  9.999998548264679e-01  3.495381194995592e-04 
 4.570881896148729e+01 -1.189484921113359e-15  3.481930258612000e-12  9.810122176591542e-05  4.011430621009282e-08 -1.212384009804023e-11 -4.141704144400942e-15  9.999998603247630e-01  3.415816624042487e-04 
 4.677351412871960e+01 -1.135949286732571e-15  3.402671867354760e-12  9.810122228351846e-05  3.950553928433465e-08 -1.157817746853276e-11 -3.865263225415698e-15  9.999998655755939e-01  3.338063162586275e-04 
 4.786300923226361e+01 -1.084823152601486e-15  3.325217616152572e-12  9.810122277805981e-05  3.891771876984862e-08 -1.105707369753487e-11 -3.607273547704065e-15  9.999998705900983e-01  3.262079584825354e-04 
 4.897788193684438e+01 -1.035998072659854e-15  3.249526437843600e-12  9.810122325058854e-05  3.835053280498713e-08 -1.055942345480547e-11 -3.366503568082139e-15  9.999998753789134e-01  3.187825603366362e-04 
 5.011872336272698e+01 -9.893704831914769e-16  3.175558200063412e-12  9.810122370210697e-05  3.780368090788855e-08 -1.008417115811776e-11 -3.141803948387182e-15  9.999998799521960e-01  3.115261847863757e-04 
 5.128613839913623e+01 -9.448414804190734e-16  3.103273683966778e-12  9.810122413357281e-05  3.727687281074310e-08 -9.630308734233482e-12 -2.932102059949447e-15  9.999998843196474e-01  3.044349844145608e-04 
 5.248074602497700e+01 -9.023166125225141e-16  3.032634563433735e-12  9.810122454590118e-05  3.676982962552700e-08 -9.196873480649469e-12 -2.736396869216484e-15  9.999998884905306e-01  2.975051993814524e-04 
 5.370317963702501e+01 -8.617056787089573e-16  2.963603384749015e-12  9.810122493996677e-05  3.628228212315676e-08 -8.782946023581241e-12 -2.553754157274039e-15  9.999998924736937e-01  2.907331554312891e-04 
 5.495408738576219e+01 -8.229225375755133e-16  2.896143546743955e-12  9.810122531660546e-05  3.581397201024572e-08 -8.387648367852176e-12 -2.383302059362411e-15  9.999998962775847e-01  2.841152619441866e-04 
 5.623413251903463e+01 -7.858849253396164e-16  2.830219281390451e-12  9.810122567661605e-05  3.536465092990326e-08 -8.010142034551917e-12 -2.224226905729678e-15  9.999998999102724e-01  2.776480100323782e-04 
 5.754399373371541e+01 -7.505142797574598e-16  2.765795634836608e-12  9.810122602076233e-05  3.493408057275715e-08 -7.649626282513697e-12 -2.075769332889871e-15  9.999999033794625e-01  2.713279706797906e-04 
 5.888436553555861e+01 -7.167355752086851e-16  2.702838448874064e-12  9.810122634977408e-05  3.452203284348698e-08 -7.305336409838206e-12 -1.937220663698758e-15  9.999999066925129e-01  2.651517929239640e-04 
 6.025595860743547e+01 -6.844771626909157e-16  2.641314342827144e-12  9.810122666434927e-05  3.412828919469035e-08 -6.976542131861249e-12 -1.807919521876662e-15  9.999999098564516e-01  2.591162020793572e-04 
 6.165950018614791e+01 -6.536706175516150e-16  2.581190695854275e-12  9.810122696515526e-05  3.375264057137173e-08 -6.662546032124779e-12 -1.687248674140944e-15  9.999999128779901e-01  2.532179980010930e-04 
 6.309573444801901e+01 -6.242505954554592e-16  2.522435629652217e-12  9.810122725282995e-05  3.339488818809855e-08 -6.362682083065478e-12 -1.574632086684819e-15  9.999999157635365e-01  2.474540533882231e-04 
 6.456542290346522e+01 -5.961546920317247e-16  2.465017991554031e-12  9.810122752798360e-05  3.305484230775591e-08 -6.076314233283279e-12 -1.469532170897982e-15  9.999999185192119e-01  2.418213121256167e-04 
 6.606934480075925e+01 -5.693233125099331e-16  2.408907338011724e-12  9.810122779119984e-05  3.273232235256884e-08 -5.802835058393060e-12 -1.371447222258007e-15  9.999999211508618e-01  2.363167876635890e-04 
 6.760829753919782e+01 -5.436995439360887e-16  2.354073918454898e-12  9.810122804303701e-05  3.242715751472502e-08 -5.541664472597956e-12 -1.279909021878091e-15  9.999999236640679e-01  2.309375614344135e-04 
 6.918309709189329e+01 -5.192290346964960e-16  2.300488659516797e-12  9.810122828402924e-05  3.213918609024091e-08 -5.292248498251306e-12 -1.194480602090072e-15  9.999999260641609e-01  2.256807813048780e-04 
 7.079457843841342e+01 -4.958598797785976e-16  2.248123149619401e-12  9.810122851468774e-05  3.186825525691717e-08 -5.054058090797310e-12 -1.114754161808742e-15  9.999999283562320e-01  2.205436600640638e-04 
 7.244359600749863e+01 -4.735425099505618e-16  2.196949623909406e-12  9.810122873550177e-05  3.161422135189440e-08 -4.826588016598039e-12 -1.040349118160476e-15  9.999999305451430e-01  2.155234739455460e-04 
 7.413102413009136e+01 -4.522295872318192e-16  2.146940949537084e-12  9.810122894693971e-05  3.137694976063088e-08 -4.609355781266384e-12 -9.709102911359279e-16  9.999999326355368e-01  2.106175611832323e-04 
 7.585775750291798e+01 -4.318759038100615e-16  2.098070611270243e-12  9.810122914945000e-05  3.115631458383561e-08 -4.401900606231984e-12 -9.061062066197672e-16  9.999999346318473e-01  2.058233206000732e-04 
 7.762471166286876e+01 -4.124382869934558e-16  2.050312697435628e-12  9.810122934346227e-05  3.095219885951295e-08 -4.203782451369148e-12 -8.456275158927444e-16  9.999999365383092e-01  2.011382102288983e-04 
 7.943282347242773e+01 -3.938755071261682e-16  2.003641886180341e-12  9.810122952938796e-05  3.076449450745145e-08 -4.014581081613713e-12 -7.891855177943707e-16  9.999999383589659e-01  1.965597459646427e-04 
 8.128305161640949e+01 -3.761481897830868e-16  1.958033432045988e-12  9.810122970762148e-05  3.059310182962349e-08 -3.833895175589046e-12 -7.365107799048339e-16  9.999999400976798e-01  1.920855002472548e-04 
 8.317637711026666e+01 -3.592187330858354e-16  1.913463152848411e-12  9.810122987854094e-05  3.043793006529683e-08 -3.661341474350386e-12 -6.873518540730246e-16  9.999999417581386e-01  1.877131007745821e-04 
 8.511380382023719e+01 -3.430512274155653e-16  1.869907416856078e-12  9.810123004250883e-05  3.029889683592302e-08 -3.496553968441976e-12 -6.414740750189277e-16  9.999999433438646e-01  1.834402292445554e-04 
 8.709635899560760e+01 -3.276113792869339e-16  1.827343130260337e-12  9.810123019987290e-05  3.017592853371553e-08 -3.339183121542623e-12 -5.986584402374255e-16  9.999999448582210e-01  1.792646201260043e-04 
 8.912509381337408e+01 -3.128664388239368e-16  1.785747724930846e-12  9.810123035096706e-05  3.006895987756053e-08 -3.188895129052889e-12 -5.587005649683313e-16  9.999999463044201e-01  1.751840594574516e-04 
 9.120108393559049e+01 -2.987851299722432e-16  1.745099146449750e-12  9.810123049611169e-05  2.997793413506145e-08 -3.045371210051362e-12 -5.214097059528446e-16  9.999999476855296e-01  1.711963836732493e-04 
 9.332543007969861e+01 -2.853375843627684e-16  1.705375842418209e-12  9.810123063561473e-05  2.990280323356131e-08 -2.908306931118079e-12 -4.866078512839782e-16  9.999999490044789e-01  1.672994784564360e-04 
 9.549925860214309e+01 -2.724952779256429e-16  1.666556751029114e-12  9.810123076977204e-05  2.984352709400895e-08 -2.777411560590905e-12 -4.541288705888724e-16  9.999999502640657e-01  1.634912776177048e-04 
 9.772372209558054e+01 -2.602309704934745e-16  1.628621289899897e-12  9.810123089886820e-05  2.980007429709275e-08 -2.652407451885108e-12 -4.238177221609396e-16  9.999999514669619e-01  1.597697619998896e-04 
 9.999999999999946e+01 -2.485186477742475e-16  1.591549345159543e-12  9.810123102317711e-05  2.977242197221841e-08 -2.533029454568117e-12 -3.955297124378535e-16  9.999999526157188e-01  1.561329584073871e-04 
 1.023292992280749e+02 -2.373334663886583e-16  1.555321260784020e-12  9.810123114296234e-05  2.976055524239740e-08 -2.419024351940269e-12 -3.691298056551716e-16  9.999999537127733e-01  1.525789385599487e-04 
 1.047128548050894e+02 -2.266517011141050e-16  1.519917828174445e-12  9.810123125847797e-05  2.976446811242539e-08 -2.310150323928555e-12 -3.444919791332381e-16  9.999999547604519e-01  1.491058180702860e-04 
 1.071519305237600e+02 -2.164506944044476e-16  1.485320275972485e-12  9.810123136996910e-05  2.978416258070382e-08 -2.206176434154122e-12 -3.214986214597623e-16  9.999999557609771e-01  1.457117554449490e-04 
 1.096478196143179e+02 -2.067088086112817e-16  1.451510260107576e-12  9.810123147767218e-05  2.981964897230682e-08 -2.106882140085504e-12 -3.000399714909251e-16  9.999999567164715e-01  1.423949511079468e-04 
 1.122018454301957e+02 -1.974053799268464e-16  1.418469854070711e-12  9.810123158181571e-05  2.987094593898121e-08 -2.012056825238612e-12 -2.800135941421514e-16  9.999999576289617e-01  1.391536464465929e-04 
 1.148153621496876e+02 -1.885206744274863e-16  1.386181539409602e-12  9.810123168262046e-05  2.993808112528029e-08 -1.921499352431135e-12 -2.613238912318664e-16  9.999999585003826e-01  1.359861228790696e-04 
 1.174897554939523e+02 -1.800358465997700e-16  1.354628196440207e-12  9.810123178030043e-05  3.002108983629626e-08 -1.835017637143824e-12 -2.438816456772908e-16  9.999999593325833e-01  1.328907009432174e-04 
 1.202264434617406e+02 -1.719328988779729e-16  1.323793095169687e-12  9.810123187506270e-05  3.012001581481627e-08 -1.752428240083659e-12 -2.276035949217475e-16  9.999999601273292e-01  1.298657394060652e-04 
 1.230268770812374e+02 -1.641946438587002e-16  1.293659886425970e-12  9.810123196710828e-05  3.023491212950091e-08 -1.673555978084673e-12 -2.124120340148897e-16  9.999999608863052e-01  1.269096343936303e-04 
 1.258925411794160e+02 -1.568046677062759e-16  1.264212593189246e-12  9.810123205663242e-05  3.036583917648272e-08 -1.598233552521140e-12 -1.982344444836448e-16  9.999999616111219e-01  1.240208185405269e-04 
 1.288249551693126e+02 -1.497472952285991e-16  1.235435602120758e-12  9.810123214382502e-05  3.051286678878995e-08 -1.526301194444885e-12 -1.850031480232194e-16  9.999999623033163e-01  1.211977601589302e-04 
 1.318256738556399e+02 -1.430075568719744e-16  1.207313655284439e-12  9.810123222887106e-05  3.067607268203432e-08 -1.457606325694062e-12 -1.726549837370416e-16  9.999999629643569e-01  1.184389624264590e-04 
 1.348962882591645e+02 -1.365711566542248e-16  1.179831842056980e-12  9.810123231195086e-05  3.085554345361174e-08 -1.392003235254531e-12 -1.611310062404240e-16  9.999999635956458e-01  1.157429625925427e-04 
 1.380384264602876e+02 -1.304244421847418e-16  1.152975591222039e-12  9.810123239324072e-05  3.105137402759084e-08 -1.329352770187363e-12 -1.503762046988892e-16  9.999999641985221e-01  1.131083312028540e-04 
 1.412537544622746e+02 -1.245543754200045e-16  1.126730663244413e-12  9.810123247291301e-05  3.126366865391361e-08 -1.269522040466906e-12 -1.403392398827299e-16  9.999999647742644e-01  1.105336713413957e-04 
 1.445439770745919e+02 -1.189485052045088e-16  1.101083142720074e-12  9.810123255113674e-05  3.149253968715016e-08 -1.212384137103303e-12 -1.309721993253317e-16  9.999999653240940e-01  1.080176178898393e-04 
 1.479108388168198e+02 -1.135949406540225e-16  1.076019430998055e-12  9.810123262807785e-05  3.173810825263246e-08 -1.157817862951601e-12 -1.222303683755614e-16  9.999999658491774e-01  1.055588368037234e-04 
 1.513561248436199e+02 -1.084823262181197e-16  1.051526238970279e-12  9.810123270389949e-05  3.200050524565512e-08 -1.105707475636418e-12 -1.140720170628038e-16  9.999999663506277e-01  1.031560244051270e-04 
 1.548816618912472e+02 -1.035998173410343e-16  1.027590580025525e-12  9.810123277876259e-05  3.227986900000701e-08 -1.055942442046927e-12 -1.064582006152587e-16  9.999999668295094e-01  1.008079066914447e-04 
 1.584893192461104e+02 -9.893705754049112e-17  1.004199763163761e-12  9.810123285282582e-05  3.257634795250652e-08 -1.008417203881362e-12 -9.935257364620726e-17  9.999999672868378e-01  9.851323865989439e-05 
 1.621810097358920e+02 -9.448415651071687e-17  9.813413862672326e-13  9.810123292624639e-05  3.289009931073394e-08 -9.630309537437661e-13 -9.272121672591193e-17  9.999999677235830e-01  9.627080364740238e-05 
 1.659586907437551e+02 -9.023166903558868e-17  9.590033295247015e-13  9.810123299917992e-05  3.322128994120987e-08 -9.196874213180392e-13 -8.653247435302657e-17  9.999999681406712e-01  9.407941268551353e-05 
 1.698243652461734e+02 -8.617057502002548e-17  9.371737490053802e-13  9.810123307178125e-05  3.357009425997148e-08 -8.782946691657390e-13 -8.075680391107528e-17  9.999999685389876e-01  9.193790386998614e-05 
 1.737800828749365e+02 -8.229226032297145e-17  9.158410703791319e-13  9.810123314420427e-05  3.393669811835309e-08 -8.387648977144875e-13 -7.536663461043218e-17  9.999999689193769e-01  8.984514174473573e-05 
 1.778279410038912e+02 -7.858849854897680e-17  8.949939827796203e-13  9.810123321660263e-05  3.432129580538401e-08 -8.010142590233464e-13 -7.033623593474669e-17  9.999999692826457e-01  8.780001669980254e-05 
 1.819700858609972e+02 -7.505143353213823e-17  8.746214328071509e-13  9.810123328912989e-05  3.472409093596696e-08 -7.649626789301294e-13 -6.564159475034261e-17  9.999999696295647e-01  8.580144438302270e-05 
 1.862087136662855e+02 -7.167356263847274e-17  8.547126186680199e-13  9.810123336193995e-05  3.514529733905647e-08 -7.305336872033991e-13 -6.126030065039262e-17  9.999999699608698e-01  8.384836512509135e-05 
 1.905460717963235e+02 -6.844772097798013e-17  8.352569844472690e-13  9.810123343518714e-05  3.558513794743590e-08 -6.976542553388822e-13 -5.717143908726095e-17  9.999999702772638e-01  8.193974337771263e-05 
 1.949844599758032e+02 -6.536706612531421e-17  8.162442145118109e-13  9.810123350902694e-05  3.604384635202962e-08 -6.662546416562492e-13 -5.335549146095833e-17  9.999999705794178e-01  8.007456716453949e-05 
 1.995262314968867e+02 -6.242506356974332e-17  7.976642280409503e-13  9.810123358361586e-05  3.652166613576924e-08 -6.362682433676847e-13 -4.979424191703573e-17  9.999999708679723e-01  7.825184754461089e-05 
 2.041737944669516e+02 -5.961547293508914e-17  7.795071736814067e-13  9.810123365911219e-05  3.701884976337055e-08 -6.076314553044647e-13 -4.647069045835029e-17  9.999999711435400e-01  7.647061808800327e-05 
 2.089296130854026e+02 -5.693233470576587e-17  7.617634243240056e-13  9.810123373567607e-05  3.753566146791343e-08 -5.802835350018895e-13 -4.336897176218425e-17  9.999999714067050e-01  7.472993436341702e-05 
 2.137962089502218e+02 -5.436995758512136e-17  7.444235719992618e-13  9.810123381346989e-05  3.807237480835113e-08 -5.541664738563880e-13 -4.047427944516776e-17  9.999999716580258e-01  7.302887343742734e-05 
 2.187761623949538e+02 -5.192290644030325e-17  7.274784228891578e-13  9.810123389265862e-05  3.862927444586717e-08 -5.292248740815112e-13 -3.777279539602564e-17  9.999999718980354e-01  7.136653338513320e-05 
 2.238721138568325e+02 -4.958599074038140e-17  7.109189924524642e-13  9.810123397341025e-05  3.920665658796452e-08 -5.054058312018138e-13 -3.525162378860432e-17  9.999999721272422e-01  6.974203281194554e-05 
 2.290867652767758e+02 -4.735425357343091e-17  6.947365006610223e-13  9.810123405589614e-05  3.980482587984113e-08 -4.826588218353830e-13 -3.289872954263860e-17  9.999999723461336e-01  6.815451038626058e-05 
 2.344228815319906e+02 -4.522296111258402e-17  6.789223673444635e-13  9.810123414029111e-05  4.042410028937127e-08 -4.609355965269855e-13 -3.070288085908586e-17  9.999999725551731e-01  6.660312438277087e-05 
 2.398832919019474e+02 -4.318759262047732e-17  6.634682076408922e-13  9.810123422677424e-05  4.106480866461482e-08 -4.401900774045144e-13 -2.865359563515405e-17  9.999999727548040e-01  6.508705223617199e-05 
 2.454708915685014e+02 -4.124383079596339e-17  6.483658275511266e-13  9.810123431552907e-05  4.172728962359429e-08 -4.203782604416568e-13 -2.674109138268849e-17  9.999999729454504e-01  6.360549010502801e-05 
 2.511886431509563e+02 -3.938755266357448e-17  6.336072195941353e-13  9.810123440674372e-05  4.241189510700849e-08 -4.014581221194622e-13 -2.495623856263647e-17  9.999999731275162e-01  6.215765244556415e-05 
 2.570395782768846e+02 -3.761482081154381e-17  6.191845585613689e-13  9.810123450061167e-05  4.311898860187569e-08 -3.833895302888349e-13 -2.329051699277342e-17  9.999999733013872e-01  6.074277159516184e-05 
 2.630267991895364e+02 -3.592187503695753e-17  6.050901973677354e-13  9.810123459733215e-05  4.384894314313215e-08 -3.661341590448732e-13 -2.173597517392664e-17  9.999999734674334e-01  5.936009736533414e-05 
 2.691534803926897e+02 -3.430512436929254e-17  5.913166629970152e-13  9.810123469711020e-05  4.460214775292570e-08 -3.496554074324928e-13 -2.028519233260279e-17  9.999999736260060e-01  5.800889664396590e-05 
 2.754228703338148e+02 -3.276113947059307e-17  5.778566525395746e-13  9.810123480015748e-05  4.537900055723298e-08 -3.339183218109021e-13 -1.893124300733762e-17  9.999999737774418e-01  5.668845300660865e-05 
 2.818382931264435e+02 -3.128664533869716e-17  5.647030293202687e-13  9.810123490669264e-05  4.617991411492994e-08 -3.188895217122492e-13 -1.766766397560710e-17  9.999999739220617e-01  5.539806633662303e-05 
 2.884031503126586e+02 -2.987851437245059e-17  5.518488191144833e-13  9.810123501694156e-05  4.700531275325659e-08 -3.045371290371796e-13 -1.648842340821348e-17  9.999999740601728e-01  5.413705245396789e-05 
 2.951209226666365e+02 -2.853375973545566e-17  5.392872064503128e-13  9.810123513113817e-05  4.785563412212923e-08 -2.908307004371190e-13 -1.538789207440917e-17  9.999999741920680e-01  5.290474275243929e-05 
 3.019951720401995e+02 -2.724952903670426e-17  5.270115309949079e-13  9.810123524952463e-05  4.873132941618508e-08 -2.777411627398538e-13 -1.436081647868304e-17  9.999999743180267e-01  5.170048384516688e-05 
 3.090295432513569e+02 -2.602309823036197e-17  5.150152840230820e-13  9.810123537235202e-05  4.963286293069302e-08 -2.652407512814393e-13 -1.340229375597046e-17  9.999999744383162e-01  5.052363721817967e-05 
 3.162277660168357e+02 -2.485186591209284e-17  5.032921049663003e-13  9.810123549988102e-05  5.056071161746445e-08 -2.533029510136286e-13 -1.250774830682001e-17  9.999999745531922e-01  4.937357889185780e-05 
 3.235936569296260e+02 -2.373334772723584e-17  4.918357780402241e-13  9.810123563238198e-05  5.151536885961150e-08 -2.419024402619041e-13 -1.167290991655579e-17  9.999999746628976e-01  4.824969909009031e-05 
 3.311311214825888e+02 -2.266517115259419e-17  4.806402289490228e-13  9.810123577013603e-05  5.249734025269959e-08 -2.310150370148145e-13 -1.089379339763711e-17  9.999999747676656e-01  4.715140191696410e-05 
 3.388441561392002e+02 -2.164507044542358e-17  4.696995216647026e-13  9.810123591343535e-05  5.350714626928266e-08 -2.206176476306889e-13 -1.016667955620947e-17  9.999999748677183e-01  4.607810504081211e-05 
 3.467368504525292e+02 -2.067088182834764e-17  4.590078552797457e-13  9.810123606258386e-05  5.454532248094779e-08 -2.106882178529288e-13 -9.488097433994460e-18  9.999999749632678e-01  4.502923938545349e-05 
 3.548133892335729e+02 -1.974053892660636e-17  4.485595609313960e-13  9.810123621789793e-05  5.561241955831520e-08 -2.012056860299759e-13 -8.854807751911349e-18  9.999999750545168e-01  4.400424882846213e-05 
 3.630780547700987e+02 -1.885206834729838e-17  4.383490987959549e-13  9.810123637970706e-05  5.670900238285981e-08 -1.921499384407282e-13 -8.263787429616616e-18  9.999999751416592e-01  4.300258990630321e-05 
 3.715352290971698e+02 -1.800358553354550e-17  4.283710551514921e-13  9.810123654835436e-05  5.783565404371416e-08 -1.835017666306418e-13 -7.712215172715452e-18  9.999999752248790e-01  4.202373152618177e-05 
 3.801893963205584e+02 -1.719329073588750e-17  4.186201395074220e-13  9.810123672419762e-05  5.899297006450865e-08 -1.752428266680259e-13 -7.197457990978215e-18  9.999999753043538e-01  4.106715468445050e-05 
 3.890451449942777e+02 -1.641946521505014e-17  4.090911817994159e-13  9.810123690760982e-05  6.018156550879894e-08 -1.673556002341063e-13 -6.717058638372411e-18  9.999999753802515e-01  4.013235219142712e-05 
 3.981071705534943e+02 -1.568046757651162e-17  3.997791296481661e-13  9.810123709897994e-05  6.140206965099537e-08 -1.598233574643230e-13 -6.268723874840822e-18  9.999999754527333e-01  3.921882840247586e-05 
 4.073802778041097e+02 -1.497473031106661e-17  3.906790456805493e-13  9.810123729871401e-05  6.265512908498749e-08 -1.526301214620472e-13 -5.850313528482364e-18  9.999999755219532e-01  3.832609895521024e-05 
 4.168693834703323e+02 -1.430075645522875e-17  3.817861049117659e-13  9.810123750723556e-05  6.394141038867929e-08 -1.457606344094417e-13 -5.459830273107516e-18  9.999999755880572e-01  3.745369051267769e-05 
 4.265795188015895e+02 -1.365711641968100e-17  3.730955921870707e-13  9.810123772498694e-05  6.526159390674025e-08 -1.392003252035854e-13 -5.095410095355990e-18  9.999999756511863e-01  3.660114051239025e-05 
 4.365158322401627e+02 -1.304244495589012e-17  3.646028996817366e-13  9.810123795242999e-05  6.661637996785430e-08 -1.329352785492113e-13 -4.755313396266051e-18  9.999999757114739e-01  3.576799692106778e-05 
 4.466835921509598e+02 -1.245543826794100e-17  3.563035244579243e-13  9.810123819004718e-05  6.800648710836299e-08 -1.269522054425004e-13 -4.437916689916872e-18  9.999999757690482e-01  3.495381799496411e-05 
 4.570881896148716e+02 -1.189485123263639e-17  3.481930660771674e-13  9.810123843834248e-05  6.943265207226545e-08 -1.212384149833241e-13 -4.141704848274234e-18  9.999999758240312e-01  3.415817204564864e-05 
 4.677351412871947e+02 -1.135949476820377e-17  3.402672242672009e-13  9.810123869784258e-05  7.089563025530765e-08 -1.157817874561442e-13 -3.865263872222230e-18  9.999999758765399e-01  3.338063721111952e-05 
 4.786300923226348e+02 -1.084823331551687e-17  3.325217966419013e-13  9.810123896909790e-05  7.239619925769603e-08 -1.105707486224720e-13 -3.607274142752517e-18  9.999999759266850e-01  3.262080123212687e-05 
 4.897788193684425e+02 -1.035998241790936e-17  3.249526764731264e-13  9.810123925268376e-05  7.393515399911621e-08 -1.055942451703574e-13 -3.366504117678140e-18  9.999999759745731e-01  3.187826123358754e-05 
 5.011872336272685e+02 -9.893706430280824e-18  3.175558505132735e-13  9.810123954920168e-05  7.551330805100065e-08 -1.008417212688330e-13 -3.141804455957697e-18  9.999999760203064e-01  3.115262351097544e-05 
 5.128613839913610e+02 -9.448416317434858e-18  3.103273968674038e-13  9.810123985928066e-05  7.713150207422359e-08 -9.630309617758163e-14 -2.932102529550578e-18  9.999999760639811e-01  3.044350332157429e-05 
 5.248074602497686e+02 -9.023167563208592e-18  3.032634829138013e-13  9.810124018357831e-05  7.879059094051399e-08 -9.196874286433566e-14 -2.736397305304375e-18  9.999999761056902e-01  2.975052468048189e-05 
 5.370317963702487e+02 -8.617058156195720e-18  2.963603632718678e-13  9.810124052278246e-05  8.049145661104262e-08 -8.782946758465081e-14 -2.553754563022854e-18  9.999999761455219e-01  2.907332016125805e-05 
 5.495408738576203e+02 -8.229226680419012e-18  2.896143778162714e-13  9.810124087761273e-05  8.223499925463784e-08 -8.387649038074218e-14 -2.383302437211847e-18  9.999999761835612e-01  2.841153070111032e-05 
 5.623413251903447e+02 -7.858850499536604e-18  2.830219497363006e-13  9.810124124882163e-05  8.402214390912377e-08 -8.010142645801692e-14 -2.224227258414792e-18  9.999999762198883e-01  2.776480541051401e-05 
 5.754399373371524e+02 -7.505143991755402e-18  2.765795836393927e-13  9.810124163719653e-05  8.585383781678502e-08 -7.649626839980129e-14 -2.075769663175916e-18  9.999999762545806e-01  2.713280138716614e-05 
 5.888436553555844e+02 -7.167356898379869e-18  2.702838636978299e-13  9.810124204356118e-05  8.773105353299115e-08 -7.305336918253637e-14 -1.937220973523279e-18  9.999999762877112e-01  2.651518353417401e-05 
 6.025595860743530e+02 -6.844772729542359e-18  2.641314518376235e-13  9.810124246877755e-05  8.965478404121541e-08 -6.976542595541645e-14 -1.807919813116784e-18  9.999999763193510e-01  2.591162438238251e-05 
 6.165950018614773e+02 -6.536707239043995e-18  2.581190859686220e-13  9.810124291374755e-05  9.162605119072964e-08 -6.662546455006330e-14 -1.687248948657793e-18  9.999999763495667e-01  2.532180391674556e-05 
 6.309573444801882e+02 -6.242506979902365e-18  2.522435782549089e-13  9.810124337941486e-05  9.364590125571226e-08 -6.362682468738048e-14 -1.574632345322223e-18  9.999999763784221e-01  2.474540940664999e-05 
 6.456542290346504e+02 -5.961547912495241e-18  2.465018134245696e-13  9.810124386676740e-05  9.571540093844533e-08 -6.076314585020848e-14 -1.469532415471668e-18  9.999999764059795e-01  2.418213524010170e-05 
 6.606934480075907e+02 -5.693234088014195e-18  2.408907471179335e-13  9.810124437683865e-05  9.783565069199085e-08 -5.802835379181539e-14 -1.371447454215298e-18  9.999999764322963e-01  2.363168276168601e-05 
 6.760829753919763e+02 -5.436996373661501e-18  2.354074042734148e-13  9.810124491071060e-05  1.000077753943174e-07 -5.541664765160536e-14 -1.279909241819384e-18  9.999999764574286e-01  2.309376011421679e-05 
 6.918309709189309e+02 -5.192291257417182e-18  2.300488775500945e-13  9.810124546951555e-05  1.022329234601216e-07 -5.292248765071557e-14 -1.194480811538593e-18  9.999999764814300e-01  2.256808208398981e-05 
 7.079457843841321e+02 -4.958599684387264e-18  2.248123257862108e-13  9.810124605443884e-05  1.045122761667017e-07 -5.054058334140281e-14 -1.114754361127648e-18  9.999999765043514e-01  2.205436994955880e-05 
 7.244359600749841e+02 -4.735425965006565e-18  2.196949724927380e-13  9.810124666672092e-05  1.068470458776005e-07 -4.826588238529469e-14 -1.040349308306691e-18  9.999999765262404e-01  2.155235133395348e-05 
 7.413102413009113e+02 -4.522296717298009e-18  2.146941043812546e-13  9.810124730766060e-05  1.092384653844647e-07 -4.609355983670263e-14 -9.709104725481214e-19  9.999999765471448e-01  2.106176006026194e-05 
 7.585775750291774e+02 -4.318759866880175e-18  2.098070699253225e-13  9.810124797861730e-05  1.116878056706128e-07 -4.401900790826521e-14 -9.061063805035866e-19  9.999999765671080e-01  2.058233601049993e-05 
 7.762471166286851e+02 -4.124383683553330e-18  2.050312779546127e-13  9.810124868101418e-05  1.141963590356454e-07 -4.203782619721373e-14 -8.456276827100487e-19  9.999999765861738e-01  2.011382498769299e-05 
 7.943282347242747e+02 -3.938755869450977e-18  2.003641962810321e-13  9.810124941634084e-05  1.167654657407979e-07 -4.014581235152773e-14 -7.891856777229346e-19  9.999999766043807e-01  1.965597858109778e-05 
 8.128305161640923e+02 -3.761482682788698e-18  1.958033503561250e-13  9.810125018615699e-05  1.193964820345172e-07 -3.833895315618341e-14 -7.365109336022139e-19  9.999999766217681e-01  1.920855403449152e-05 
 8.317637711026639e+02 -3.592188104240688e-18  1.913463219590338e-13  9.810125099209544e-05  1.220908023569223e-07 -3.661341602058625e-14 -6.873520020568965e-19  9.999999766383734e-01  1.877131411745938e-05 
 8.511380382023692e+02 -3.430513036506787e-18  1.869907479143273e-13  9.810125183586552e-05  1.248498575634471e-07 -3.496554084913282e-14 -6.414742175715428e-19  9.999999766542310e-01  1.834402699961179e-05 
 8.709635899560732e+02 -3.276114545499990e-18  1.827343188390132e-13  9.810125271925685e-05  1.276751087075922e-07 -3.339183227765720e-14 -5.986585777688809e-19  9.999999766693753e-01  1.792646612766490e-05 
 8.912509381337379e+02 -3.128665131611817e-18  1.785747779180729e-13  9.810125364414308e-05  1.305680550345301e-07 -3.188895225929511e-14 -5.587006977159069e-19  9.999999766838379e-01  1.751841010531908e-05 
 9.120108393559019e+02 -2.987852033940875e-18  1.745099197078689e-13  9.810125461248585e-05  1.335302313165698e-07 -3.045371298403896e-14 -5.214098340812515e-19  9.999999766976494e-01  1.711964257587163e-05 
 9.332543007969830e+02 -2.853376570481832e-18  1.705375889667889e-13  9.810125562633895e-05  1.365632043004439e-07 -2.908307011696556e-14 -4.866079752399374e-19  9.999999767108397e-01  1.672995210750164e-05 
 9.549925860214277e+02 -2.724953499317953e-18  1.666556795125084e-13  9.810125668785270e-05  1.396685860299840e-07 -2.777411634079355e-14 -4.541289905912200e-19  9.999999767234362e-01  1.634913208116601e-05 
 9.772372209558022e+02 -2.602310418662960e-18  1.628621331052652e-13  9.810125779927848e-05  1.428480205234450e-07 -2.652407518907374e-14 -4.238178384002440e-19  9.999999767354659e-01  1.597698058104734e-05 
 9.999999999999912e+02 -2.485187185612514e-18  1.591549383565532e-13  9.810125896297358e-05  1.461031962080028e-07 -2.533029515693155e-14 -3.955298250988707e-19  9.999999767469542e-01  1.561330028749549e-05 
 1.023292992280745e+03 -2.373335366344268e-18  1.555321296626578e-13  9.810126018140613e-05  1.494358343734348e-07 -2.419024407686972e-14 -3.691299149099158e-19  9.999999767579257e-01  1.525789837240606e-05 
 1.047128548050890e+03 -2.266517708762398e-18  1.519917861624670e-13  9.810126145716015e-05  1.528477087120450e-07 -2.310150374770159e-14 -3.444920851659572e-19  9.999999767684030e-01  1.491058639698043e-05 
 1.071519305237597e+03 -2.164507637331449e-18  1.485320307190054e-13  9.810126279294152e-05  1.563406222260255e-07 -2.206176480522219e-14 -3.214987244350885e-19  9.999999767784092e-01  1.457118021181299e-05 
 1.096478196143175e+03 -2.067088775402324e-18  1.451510289241510e-13  9.810126419158319e-05  1.599164276555598e-07 -2.106882182373718e-14 -3.000400715420101e-19  9.999999767879653e-01  1.423949985925271e-05 
 1.122018454301953e+03 -1.974054484914280e-18  1.418469881260083e-13  9.810126565605151e-05  1.635770265906444e-07 -2.012056863805925e-14 -2.800136913989491e-19  9.999999767970907e-01  1.391536947798720e-05 
 1.148153621496872e+03 -1.885207426820164e-18  1.386181564784204e-13  9.810126718945246e-05  1.673243517075207e-07 -1.921499387604949e-14 -2.613239858450414e-19  9.999999768058061e-01  1.359861720979875e-05 
 1.174897554939519e+03 -1.800359145032468e-18  1.354628220121167e-13  9.810126879503812e-05  1.711603951903840e-07 -1.835017669222729e-14 -2.438817376612601e-19  9.999999768141292e-01  1.328907510844276e-05 
 1.202264434617402e+03 -1.719329665173310e-18  1.323793117270049e-13  9.810127047621361e-05  1.750871891914585e-07 -1.752428269339971e-14 -2.276036844622676e-19  9.999999768220778e-01  1.298657905060050e-05 
 1.230268770812370e+03 -1.641947112734703e-18  1.293659907051232e-13  9.810127223654443e-05  1.791068156009601e-07 -1.673556004766752e-14 -2.124121212266782e-19  9.999999768296687e-01  1.269096864885873e-05 
 1.258925411794156e+03 -1.568047348785246e-18  1.264212612437864e-13  9.810127407976388e-05  1.832214069352744e-07 -1.598233576855491e-14 -1.982345294036520e-19  9.999999768369180e-01  1.240208716667016e-05 
 1.288249551693122e+03 -1.497473622027405e-18  1.235435620084617e-13  9.810127600978107e-05  1.874331427842435e-07 -1.526301216638082e-14 -1.850032307654624e-19  9.999999768438412e-01  1.211978143524968e-05 
 1.318256738556395e+03 -1.430076236336872e-18  1.207313672049293e-13  9.810127803068914e-05  1.917442560284144e-07 -1.457606345934504e-14 -1.726550643393732e-19  9.999999768504531e-01  1.184390177236222e-05 
 1.348962882591641e+03 -1.365712232709501e-18  1.179831857702856e-13  9.810128014677382e-05  1.961570390562883e-07 -1.392003253714037e-14 -1.611310848369615e-19  9.999999768567670e-01  1.157430190295928e-05 
 1.380384264602872e+03 -1.304245086077609e-18  1.152975605823623e-13  9.810128236252301e-05  2.006738206716818e-07 -1.329352787022639e-14 -1.503762812830126e-19  9.999999768627974e-01  1.131083888162197e-05 
 1.412537544622741e+03 -1.245544417040669e-18  1.126730676871409e-13  9.810128468263544e-05  2.052970042853985e-07 -1.269522055820864e-14 -1.403393145670191e-19  9.999999768685561e-01  1.105337301676937e-05 
 1.445439770745914e+03 -1.189485713395386e-18  1.101083155437531e-13  9.810128711203155e-05  2.100290341644495e-07 -1.212384151106285e-14 -1.309722721455015e-19  9.999999768740561e-01  1.080176779659237e-05 
 1.479108388168193e+03 -1.135950067005740e-18  1.076019442866680e-13  9.810128965586327e-05  2.148724256301193e-07 -1.157817875722477e-14 -1.222304394429375e-19  9.999999768793086e-01  1.055588981667314e-05 
 1.513561248436194e+03 -1.084823921329403e-18  1.051526250046729e-13  9.810129231952518e-05  2.198297419653272e-07 -1.105707487283601e-14 -1.140720863739704e-19  9.999999768843248e-01  1.031560870925246e-05 
 1.548816618912467e+03 -1.035998831476114e-18  1.027590590362674e-13  9.810129510866601e-05  2.249036139545524e-07 -1.055942452669289e-14 -1.064582682374805e-19  9.999999768891156e-01  1.008079707410692e-05 
 1.584893192461099e+03 -9.893712327740628e-19  1.004199772810955e-13  9.810129802920040e-05  2.300967327784065e-07 -1.008417213569076e-14 -9.935263965920484e-20  9.999999768936907e-01  9.851330410999721e-06 
 1.621810097358915e+03 -9.448422216054316e-19  9.813413952705232e-14  9.810130108732170e-05  2.354118464609201e-07 -9.630309625790713e-15 -9.272128115080628e-20  9.999999768980603e-01  9.627087053668943e-06 
 1.659586907437545e+03 -9.023173460615282e-19  9.590033379270657e-14  9.810130428951480e-05  2.408517829621815e-07 -9.196874293759379e-15 -8.653253723541860e-20  9.999999769022329e-01  9.407948105318498e-06 
 1.698243652461728e+03 -8.617064051731338e-19  9.371737568469273e-14  9.810130764257017e-05  2.464194164275568e-07 -8.782946765146343e-15 -8.075686529341674e-20  9.999999769062182e-01  9.193797375577492e-06 
 1.737800828749359e+03 -8.229232576469776e-19  9.158410776972945e-14  9.810131115359803e-05  2.521177027148269e-07 -8.387649044167647e-15 -7.536669454465537e-20  9.999999769100244e-01  8.984521318894541e-06 
 1.778279410038906e+03 -7.858856394413098e-19  8.949939896093326e-14  9.810131483004349e-05  2.579496616306187e-07 -8.010142651359007e-15 -7.033629446301859e-20  9.999999769136596e-01  8.780008974334404e-06 
 1.819700858609966e+03 -7.505149886437176e-19  8.746214391810146e-14  9.810131867970226e-05  2.639183893649033e-07 -7.649626845048499e-15 -6.564165189131662e-20  9.999999769171312e-01  8.580151906745049e-06 
 1.862087136662849e+03 -7.167362792780746e-19  8.547126246164611e-14  9.810132271073728e-05  2.700270460564980e-07 -7.305336922876095e-15 -6.126035645401311e-20  9.999999769204468e-01  8.384844149263895e-06 
 1.905460717963228e+03 -6.844778622644975e-19  8.352569899986831e-14  9.810132693169603e-05  2.762788700039209e-07 -6.976542599757419e-15 -5.717149358650308e-20  9.999999769236135e-01  8.193982147132778e-06 
 1.949844599758026e+03 -6.536713132136472e-19  8.162442196926970e-14  9.810133135152844e-05  2.826771829944619e-07 -6.662546458851199e-15 -5.335554467685946e-20  9.999999769266377e-01  8.007464702791839e-06 
 1.995262314968860e+03 -6.242512874005523e-19  7.976642328760405e-14  9.810133597960608e-05  2.892253654351862e-07 -6.362682472244654e-15 -4.979429390106428e-20  9.999999769295264e-01  7.825192922223255e-06 
 2.041737944669509e+03 -5.961553806366032e-19  7.795071781937814e-14  9.810134082574178e-05  2.959268989854991e-07 -6.076314588218952e-15 -4.647074122654067e-20  9.999999769322852e-01  7.647070162516300e-06 
 2.089296130854019e+03 -5.693239980817627e-19  7.617634285352048e-14  9.810134590021059e-05  3.027853328063657e-07 -5.802835382098290e-15 -4.336902135482121e-20  9.999999769349200e-01  7.473001980626017e-06 
 2.137962089502211e+03 -5.437002266252295e-19  7.444235759293880e-14  9.810135121377154e-05  3.098042995475225e-07 -5.541664767820686e-15 -4.047432789032133e-20  9.999999769374368e-01  7.302896083298255e-06 
 2.187761623949531e+03 -5.192297149186851e-19  7.274784265569712e-14  9.810135677769018e-05  3.169875313346893e-07 -5.292248767497683e-15 -3.777284271963751e-20  9.999999769398403e-01  7.136662278134552e-06 
 2.238721138568317e+03 -4.958605576332993e-19  7.109189958754732e-14  9.810136260376289e-05  3.243388224660748e-07 -5.054058336352977e-15 -3.525167001465509e-20  9.999999769421363e-01  6.974212425770961e-06 
 2.290867652767750e+03 -4.735431857073035e-19  6.947365038555667e-14  9.810136870434131e-05  3.318620827030827e-07 -4.826588240547513e-15 -3.289877469863662e-20  9.999999769443290e-01  6.815460393145363e-06 
 2.344228815319898e+03 -4.522302610111512e-19  6.789223703257924e-14  9.810137509235889e-05  3.395612946377469e-07 -4.609355985510781e-15 -3.070292498125484e-20  9.999999769464234e-01  6.660322007828589e-06 
 2.398832919019466e+03 -4.318765758782911e-19  6.634682104232373e-14  9.810138178135821e-05  3.474405367853706e-07 -4.401900792505137e-15 -2.865363873892806e-20  9.999999769484242e-01  6.508715013395090e-06 
 2.454708915685005e+03 -4.124389574776857e-19  6.483658301477692e-14  9.810138878551940e-05  3.555039889135969e-07 -4.203782621252327e-15 -2.674113349522091e-20  9.999999769503354e-01  6.360559025809471e-06 
 2.511886431509554e+03 -3.938761759804343e-19  6.336072220174708e-14  9.810139611969034e-05  3.637559373714794e-07 -4.014581236549065e-15 -2.495627970558626e-20  9.999999769521605e-01  6.215775490805827e-06 
 2.570395782768837e+03 -3.761488573730492e-19  6.191845608229647e-14  9.810140379941822e-05  3.722007377859882e-07 -3.833895316891814e-15 -2.329055719380357e-20  9.999999769539042e-01  6.074287642237234e-06 
 2.630267991895354e+03 -3.592193995180243e-19  6.050901994783869e-14  9.810141184098212e-05  3.808428772344996e-07 -3.661341603220091e-15 -2.173601445326433e-20  9.999999769555700e-01  5.936020461373304e-06 
 2.691534803926887e+03 -3.430518927832772e-19  5.913166649667974e-14  9.810142026142764e-05  3.896869422703730e-07 -3.496554085972592e-15 -2.028523071439821e-20  9.999999769571610e-01  5.800900637124268e-06 
 2.754228703338138e+03 -3.276120436511306e-19  5.778566543778904e-14  9.810142907860294e-05  3.987376118175234e-07 -3.339183228731864e-15 -1.893128050706900e-20  9.999999769586810e-01  5.668856527170469e-06 
 2.818382931264424e+03 -3.128671022598535e-19  5.647030310358926e-14  9.810143831119656e-05  4.079996855921308e-07 -3.188895226810685e-15 -1.766770061765656e-20  9.999999769601333e-01  5.539818119976652e-06 
 2.884031503126575e+03 -2.987857925171295e-19  5.518488207156052e-14  9.810144797877663e-05  4.174780841026404e-07 -3.045371299207580e-15 -1.648845921175902e-20  9.999999769615204e-01  5.413716997670910e-06 
 2.951209226666354e+03 -2.853382461195669e-19  5.392872079445751e-14  9.810145810183275e-05  4.271778166753393e-07 -2.908307012429567e-15 -1.538792706147737e-20  9.999999769628461e-01  5.290486299768638e-06 
 3.019951720401984e+03 -2.724959390229713e-19  5.270115323894428e-14  9.810146870181870e-05  4.371040418504890e-07 -2.777411634747908e-15 -1.436085066359960e-20  9.999999769641121e-01  5.170060687722195e-06 
 3.090295432513557e+03 -2.602316309299607e-19  5.150152853245469e-14  9.810147980119860e-05  4.472620069861932e-07 -2.652407519517146e-15 -1.340232716121950e-20  9.999999769653224e-01  5.052376310277573e-06 
 3.162277660168345e+03 -2.485193076938027e-19  5.032921061809069e-14  9.810149142349341e-05  4.576571015491027e-07 -2.533029516249314e-15 -1.250778094898181e-20  9.999999769664787e-01  4.937370769619569e-06 
 3.235936569296248e+03 -2.373341257736142e-19  4.918357791737706e-14  9.810150359333147e-05  4.682948393508468e-07 -2.419024408194237e-15 -1.167294181216882e-20  9.999999769675836e-01  4.824983088287675e-06 
 3.311311214825875e+03 -2.266523599855242e-19  4.806402300069198e-14  9.810151633650006e-05  4.791808585480339e-07 -2.310150375232833e-15 -1.089382456521435e-20  9.999999769686395e-01  4.715153676845000e-06 
 3.388441561391989e+03 -2.164513528738166e-19  4.696995226519989e-14  9.810152968000011e-05  4.903209323003921e-07 -2.206176480944224e-15 -1.016671001244717e-20  9.999999769696485e-01  4.607824302283159e-06 
 3.467368504525279e+03 -2.067094666661477e-19  4.590078562011539e-14  9.810154365210302e-05  5.017209616653417e-07 -2.106882182758632e-15 -9.488127195269367e-21  9.999999769706129e-01  4.502938057146361e-06 
 3.548133892335716e+03 -1.974060375850724e-19  4.485595617913147e-14  9.810155828241067e-05  5.133869862561369e-07 -2.012056864157014e-15 -8.854836832881289e-21  9.999999769715352e-01  4.400439329358326e-06 
 3.630780547700973e+03 -1.885213318044580e-19  4.383490995984879e-14  9.810157360191736e-05  5.253252055581470e-07 -1.921499387925186e-15 -8.263815849169285e-21  9.999999769724162e-01  4.300273772735999e-06 
 3.715352290971684e+03 -1.800365036673126e-19  4.283710559004703e-14  9.810158964307604e-05  5.375419291908656e-07 -1.835017669514831e-15 -7.712242945376541e-21  9.999999769732589e-01  4.202388278174516e-06 
 3.801893963205570e+03 -1.719335556537618e-19  4.186201402064200e-14  9.810160643986603e-05  5.500436479621840e-07 -1.752428269606413e-15 -7.197485129908685e-21  9.999999769740644e-01  4.106730945488016e-06 
 3.890451449942763e+03 -1.641953004110282e-19  4.090911824517698e-14  9.810162402786504e-05  5.628369805776856e-07 -1.673556005009791e-15 -6.717085158139762e-21  9.999999769748347e-01  4.013251055891491e-06 
 3.981071705534928e+03 -1.568053240493915e-19  3.997791302569897e-14  9.810164244432432e-05  5.759287127204971e-07 -1.598233577077186e-15 -6.268749791893986e-21  9.999999769755713e-01  3.921899045109002e-06 
 4.073802778041082e+03 -1.497479514097536e-19  3.906790462487480e-14  9.810166172824695e-05  5.893257792877193e-07 -1.526301216840311e-15 -5.850338856170052e-21  9.999999769762760e-01  3.832626477094041e-06 
 4.168693834703307e+03 -1.430082128336420e-19  3.817861054420517e-14  9.810168192047026e-05  6.030352857067101e-07 -1.457606346118981e-15 -5.459855023589624e-21  9.999999769769500e-01  3.745386018348093e-06 
 4.265795188015879e+03 -1.365718124714168e-19  3.730955926819747e-14  9.810170306375175e-05  6.170644937242287e-07 -1.392003253882324e-15 -5.095434282196586e-21  9.999999769775950e-01  3.660131412823776e-06 
 4.365158322401610e+03 -1.304250978219726e-19  3.646029001436200e-14  9.810172520285919e-05  6.314208498281459e-07 -1.329352787176158e-15 -4.755337032126354e-21  9.999999769782120e-01  3.576817457399274e-06 
 4.466835921509581e+03 -1.245550309512305e-19  3.563035248889922e-14  9.810174838466513e-05  6.461119497203072e-07 -1.269522055960919e-15 -4.437939788071044e-21  9.999999769788028e-01  3.495399977911037e-06 
 4.570881896148699e+03 -1.189491605864266e-19  3.481930664794764e-14  9.810177265824511e-05  6.611455951599510e-07 -1.212384151234057e-15 -4.141727420240827e-21  9.999999769793682e-01  3.415835805732034e-06 
 4.677351412871929e+03 -1.135955959401241e-19  3.402672246426709e-14  9.810179807498145e-05  6.765297442257179e-07 -1.157817875839048e-15 -3.865285930320885e-21  9.999999769799095e-01  3.338082754883184e-06 
 4.786300923226329e+03 -1.084829814095652e-19  3.325217969923239e-14  9.810182468867115e-05  6.922725468427871e-07 -1.105707487389955e-15 -3.607295698624849e-21  9.999999769804282e-01  3.262099599665778e-06 
 4.897788193684407e+03 -1.036004724484222e-19  3.249526768001736e-14  9.810185255563877e-05  7.083823589937310e-07 -1.055942452766326e-15 -3.366525183364138e-21  9.999999769809249e-01  3.187846052803046e-06 
 5.011872336272666e+03 -9.893771256826527e-20  3.175558508185061e-14  9.810188173485534e-05  7.248677142968063e-07 -1.008417213657617e-15 -3.141825042007193e-21  9.999999769814010e-01  3.115282744079321e-06 
 5.128613839913590e+03 -9.448481149114478e-20  3.103273971522778e-14  9.810191228806179e-05  7.417373453222353e-07 -9.630309626598625e-16 -2.932122648597574e-21  9.999999769818573e-01  3.044371199465400e-06 
 5.248074602497666e+03 -9.023232393649093e-20  3.032634831796764e-14  9.810194427989903e-05  7.590002013557751e-07 -9.196874294496625e-16 -2.736416966010168e-21  9.999999769822949e-01  2.975073820719103e-06 
 5.370317963702466e+03 -8.617122987155522e-20  2.963603635200122e-14  9.810197777804337e-05  7.766654093188663e-07 -8.782946765819131e-16 -2.553773776350245e-21  9.999999769827149e-01  2.907353865450175e-06 
 5.495408738576182e+03 -8.229291513591592e-20  2.896143780478688e-14  9.810201285334869e-05  7.947423554810484e-07 -8.387649044781644e-16 -2.383321213831363e-21  9.999999769831180e-01  2.841175427638966e-06 
 5.623413251903426e+03 -7.858915335496628e-20  2.830219499524558e-14  9.810204957999478e-05  8.132406179583995e-07 -8.010142651919391e-16 -2.224245608415175e-21  9.999999769835048e-01  2.776503418598570e-06 
 5.754399373371502e+03 -7.505208828127168e-20  2.765795838411368e-14  9.810208803564331e-05  8.321699951352457e-07 -7.649626845559987e-16 -2.075787595593174e-21  9.999999769838762e-01  2.713303548370333e-06 
 5.888436553555821e+03 -7.167421736884844e-20  2.702838638861255e-14  9.810212830160025e-05  8.515404914533065e-07 -7.305336923342992e-16 -1.937238498325458e-21  9.999999769842339e-01  2.651542307542839e-06 
 6.025595860743507e+03 -6.844837570569708e-20  2.641314520133682e-14  9.810217046298585e-05  8.713624168876777e-07 -6.976542600183642e-16 -1.807936939672001e-21  9.999999769845772e-01  2.591186949484754e-06 
 6.165950018614749e+03 -6.536772082409457e-20  2.581190861326542e-14  9.810221460891338e-05  8.916462377328571e-07 -6.662546459240342e-16 -1.687265685968528e-21  9.999999769849081e-01  2.532205472982127e-06 
 6.309573444801857e+03 -6.242571826565786e-20  2.522435784080105e-14  9.810226083267483e-05  9.124027258167189e-07 -6.362682472599965e-16 -1.574648702477141e-21  9.999999769852265e-01  2.474566605270882e-06 
 6.456542290346478e+03 -5.961612762535068e-20  2.465018135674708e-14  9.810230923193627e-05  9.336428874462399e-07 -6.076314588543414e-16 -1.469548401124573e-21  9.999999769855329e-01  2.418239785455579e-06 
 6.606934480075881e+03 -5.693298939687376e-20  2.408907472513156e-14  9.810235990894182e-05  9.553779491966452e-07 -5.802835382394612e-16 -1.371463076383778e-21  9.999999769858285e-01  2.363195148305595e-06 
 6.760829753919737e+03 -5.437061228519299e-20  2.354074043979134e-14  9.810241297072685e-05  9.776194218602541e-07 -5.541664768091348e-16 -1.279924509133576e-21  9.999999769861143e-01  2.309403508420160e-06 
 6.918309709189281e+03 -5.192356115045440e-20  2.300488776663029e-14  9.810246852934103e-05  1.000379114657335e-06 -5.292248767744941e-16 -1.194495731963627e-21  9.999999769863900e-01  2.256836344753838e-06 
 7.079457843841294e+03 -4.958664546511757e-20  2.248123258946830e-14  9.810252670208211e-05  1.023669078392686e-06 -5.054058336578891e-16 -1.114768942933153e-21  9.999999769866567e-01  2.205465785494271e-06 
 7.244359600749813e+03 -4.735490830291423e-20  2.196949725939909e-14  9.810258761174006e-05  1.047501648088200e-06 -4.826588240753964e-16 -1.040363558884095e-21  9.999999769869147e-01  2.155264593284149e-06 
 7.413102413009085e+03 -4.522361587639622e-20  2.146941044757704e-14  9.810265138685204e-05  1.071889457193720e-06 -4.609355985699478e-16 -9.709243998284358e-22  9.999999769871646e-01  2.106206150779554e-06 
 7.585775750291745e+03 -4.318824741062233e-20  2.098070700135514e-14  9.810271816197018e-05  1.096845387849044e-06 -4.401900792677643e-16 -9.061199915660489e-22  9.999999769874076e-01  2.058264446537076e-06 
 7.762471166286822e+03 -4.124448561331342e-20  2.050312780369747e-14  9.810278807794015e-05  1.122382705887048e-06 -4.203782621410067e-16 -8.456409846841865e-22  9.999999769876432e-01  2.011414061222152e-06 
 7.943282347242717e+03 -3.938820751488167e-20  2.003641963579194e-14  9.810286128219378e-05  1.148514932935996e-06 -4.014581236693334e-16 -7.891986777605609e-22  9.999999769878721e-01  1.965630154131365e-06 
 8.128305161640892e+03 -3.761547570474699e-20  1.958033504279034e-14  9.810293792905429e-05  1.175255881946669e-06 -3.833895317023802e-16 -7.365236388289120e-22  9.999999769880954e-01  1.920888450021530e-06 
 8.317637711026608e+03 -3.592252996069987e-20  1.913463220260451e-14  9.810301818005568e-05  1.202619728246646e-06 -3.661341603340876e-16 -6.873644188701313e-22  9.999999769883131e-01  1.877165226238595e-06 
 8.511380382023659e+03 -3.430577933420720e-20  1.869907479768901e-14  9.810310220427630e-05  1.230620966907736e-06 -3.496554086083163e-16 -6.414863526943812e-22  9.999999769885258e-01  1.834437300139523e-06 
 8.709635899560699e+03 -3.276179448622866e-20  1.827343188974249e-14  9.810319017868837e-05  1.259274419851408e-06 -3.339183228833116e-16 -5.986704377971862e-22  9.999999769887340e-01  1.792682016800503e-06 
 8.912509381337344e+03 -3.128730040315537e-20  1.785747779726113e-14  9.810328228852233e-05  1.288595285586780e-06 -3.188895226903442e-16 -5.587122887736064e-22  9.999999769889376e-01  1.751877237004945e-06 
 9.120108393558983e+03 -2.987916948893527e-20  1.745099197587931e-14  9.810337872764853e-05  1.318599046840063e-06 -3.045371299292585e-16 -5.214211623847662e-22  9.999999769891379e-01  1.712001325504923e-06 
 9.332543007969793e+03 -2.853441491385651e-20  1.705375890143407e-14  9.810347969897562e-05  1.349301605557685e-06 -2.908307012507505e-16 -4.866190466946801e-22  9.999999769893351e-01  1.673033139549815e-06 
 9.549925860214238e+03 -2.725018427668007e-20  1.666556795569135e-14  9.810358541486697e-05  1.380719254484575e-06 -2.777411634819402e-16 -4.541398112698420e-22  9.999999769895288e-01  1.634952017676059e-06 
 9.772372209557981e+03 -2.602375353682315e-20  1.628621331467342e-14  9.810369609757633e-05  1.412868584793614e-06 -2.652407519582759e-16 -4.238284138563259e-22  9.999999769897202e-01  1.597737768752116e-06 
 9.999999999999871e+03 -2.485252128739238e-20  1.591549383952827e-14  9.810381197970216e-05  1.445766613983324e-06 -2.533029516309566e-16 -3.955401611185102e-22  9.999999769899097e-01  1.561370661272770e-06 
 1.023292992280741e+04 -2.373400316818112e-20  1.555321296988314e-14  9.810393330466294e-05  1.479430750350730e-06 -2.419024408249598e-16 -3.691400167957372e-22  9.999999769900977e-01  1.525831412897147e-06 
 1.047128548050886e+04 -2.266582667099695e-20  1.519917861962560e-14  9.810406032719344e-05  1.513878856940210e-06 -2.310150375283734e-16 -3.445019582999641e-22  9.999999769902841e-01  1.491101180224873e-06 
 1.071519305237592e+04 -2.164572604224874e-20  1.485320307505696e-14  9.810419331386331e-05  1.549129123645798e-06 -2.206176480991058e-16 -3.215083740999865e-22  9.999999769904699e-01  1.457161548804957e-06 
 1.096478196143171e+04 -2.067153751506296e-20  1.451510289536395e-14  9.810433254361815e-05  1.585200237741446e-06 -2.106882182801755e-16 -3.000495028906387e-22  9.999999769906547e-01  1.423994523372098e-06 
 1.122018454301949e+04 -1.974119469792271e-20  1.418469881535604e-14  9.810447830834532e-05  1.622111255983327e-06 -2.012056864196753e-16 -2.800229093084408e-22  9.999999769908398e-01  1.391582518305257e-06 
 1.148153621496868e+04 -1.885272422075995e-20  1.386181565041662e-14  9.810463091346384e-05  1.659881704085819e-06 -1.921499387961839e-16 -2.613329953678530e-22  9.999999769910251e-01  1.359908348303401e-06 
 1.174897554939514e+04 -1.800424150524687e-20  1.354628220361775e-14  9.810479067854103e-05  1.698531562510652e-06 -1.835017669548670e-16 -2.438905434889448e-22  9.999999769912113e-01  1.328955219273508e-06 
 1.202264434617397e+04 -1.719394681481966e-20  1.323793117494938e-14  9.810495793793536e-05  1.738081323310325e-06 -1.752428269637685e-16 -2.276122912767147e-22  9.999999769913984e-01  1.298706719425978e-06 
 1.230268770812365e+04 -1.642012139788084e-20  1.293659907261460e-14  9.810513304146804e-05  1.778551890652125e-06 -1.673556005038724e-16 -2.124205335161119e-22  9.999999769915866e-01  1.269146810572747e-06 
 1.258925411794151e+04 -1.568112388071834e-20  1.264212612634418e-14  9.810531635512376e-05  1.819964595028978e-06 -1.598233577103984e-16 -1.982427517525375e-22  9.999999769917775e-01  1.240259819623466e-06 
 1.288249551693117e+04 -1.497538673663530e-20  1.235435620268417e-14  9.810550826178074e-05  1.862341420633129e-06 -1.526301216865162e-16 -1.850112674765428e-22  9.999999769919701e-01  1.212030430275259e-06 
 1.318256738556390e+04 -1.430141300828262e-20  1.207313672221199e-14  9.810570916197408e-05  1.905704749560755e-06 -1.457606346142055e-16 -1.726629196646089e-22  9.999999769921654e-01  1.184443674891643e-06 
 1.348962882591636e+04 -1.365777311078982e-20  1.179831857863671e-14  9.810591947468991e-05  1.950077503920511e-06 -1.392003253903778e-16 -1.611387629905460e-22  9.999999769923636e-01  1.157484926566293e-06 
 1.380384264602866e+04 -1.304310178673538e-20  1.152975605974097e-14  9.810613963819498e-05  1.995483117411823e-06 -1.329352787196137e-16 -1.503837863007583e-22  9.999999769925658e-01  1.131139891367466e-06 
 1.412537544622735e+04 -1.245609524540091e-20  1.126730677012241e-14  9.810637011090052e-05  2.041945620590013e-06 -1.269522055979549e-16 -1.403466504289264e-22  9.999999769927717e-01  1.105394600758952e-06 
 1.445439770745908e+04 -1.189550836127293e-20  1.101083155569373e-14  9.810661137226305e-05  2.089489555601176e-06 -1.212384151251459e-16 -1.309794427000284e-22  9.999999769929818e-01  1.080235404193538e-06 
 1.479108388168187e+04 -1.136015206618102e-20  1.076019442990142e-14  9.810686392372298e-05  2.138140033025593e-06 -1.157817875855329e-16 -1.222374485920859e-22  9.999999769931969e-01  1.055648961875063e-06 
 1.513561248436188e+04 -1.084889077890820e-20  1.051526250162380e-14  9.810712828968209e-05  2.187922774510298e-06 -1.105707487405214e-16 -1.140789377576430e-22  9.999999769934170e-01  1.031622237685212e-06 
 1.548816618912460e+04 -1.036064005977868e-20  1.027590590471044e-14  9.810740501852214e-05  2.238864055925660e-06 -1.055942452780653e-16 -1.064649655081527e-22  9.999999769936430e-01  1.008142492271317e-06 
 1.584893192461092e+04 -9.894364260378630e-21  1.004199772912542e-14  9.810769468366473e-05  2.290990778419655e-06 -1.008417213671094e-16 -9.935918636546878e-23  9.999999769938751e-01  9.851972762914763e-07 
 1.621810097358908e+04 -9.449074349057330e-21  9.813413953657892e-15  9.810799788467500e-05  2.344330468417866e-06 -9.630309626725637e-17 -9.272768080210692e-23  9.999999769941140e-01  9.627744238134290e-07 
 1.659586907437538e+04 -9.023825797416921e-21  9.590033380164440e-15  9.810831524840994e-05  2.398911306045193e-06 -9.196874294616558e-17 -8.653879316730636e-23  9.999999769943598e-01  9.408620458636688e-07 
 1.698243652461721e+04 -8.617716606611674e-21  9.371737569308218e-15  9.810864743021305e-05  2.454762068282434e-06 -8.782946765932619e-17 -8.076298086668559e-23  9.999999769946134e-01  9.194485241233862e-07 
 1.737800828749351e+04 -8.229885361074545e-21  9.158410777760813e-15  9.810899511515634e-05  2.511912256863980e-06 -8.387649044889243e-17 -7.537267301439193e-23  9.999999769948751e-01  8.985225047678855e-07 
 1.778279410038898e+04 -7.859509412950136e-21  8.949939896833645e-15  9.810935901933186e-05  2.570391984590970e-06 -8.010142652021622e-17 -7.034213893984932e-23  9.999999769951455e-01  8.780728924462177e-07 
 1.819700858609958e+04 -7.505803153761732e-21  8.746214392506210e-15  9.810973989119334e-05  2.630232145861555e-06 -7.649626845657324e-17 -6.564736550756166e-23  9.999999769954251e-01  8.580888443978272e-07 
 1.862087136662842e+04 -7.168016322796908e-21  8.547126246819493e-15  9.811013851295010e-05  2.691464217718931e-06 -7.305336923435861e-17 -6.126594225773238e-23  9.999999769957149e-01  8.385597647030961e-07 
 1.905460717963221e+04 -6.845432425627213e-21  8.352569900603397e-15  9.811055570201432e-05  2.754120572490137e-06 -6.976542600272438e-17 -5.717695452177480e-23  9.999999769960147e-01  8.194752986647355e-07 
 1.949844599758018e+04 -6.537367221511580e-21  8.162442197507913e-15  9.811099231250274e-05  2.818234150936405e-06 -6.662546459325418e-17 -5.336088364373352e-23  9.999999769963259e-01  8.008253273170388e-07 
 1.995262314968852e+04 -6.243167263015748e-21  7.976642329308216e-15  9.811144923679484e-05  2.883838803313665e-06 -6.362682472681651e-17 -4.979951372829728e-23  9.999999769966487e-01  7.825999620600879e-07 
 2.041737944669501e+04 -5.962208509853584e-21  7.795071782454840e-15  9.811192740714832e-05  2.950969047788021e-06 -6.076314588622004e-17 -4.647584468737312e-23  9.999999769969837e-01  7.647895394160626e-07 
 2.089296130854010e+04 -5.693895013424548e-21  7.617634285840478e-15  9.811242779737290e-05  3.019660255176859e-06 -5.802835382470382e-17 -4.337401115381342e-23  9.999999769973318e-01  7.473846159048709e-07 
 2.137962089502202e+04 -5.437657645226019e-21  7.444235759755760e-15  9.811295142456431e-05  3.089948506840301e-06 -5.541664768164544e-17 -4.047920668605782e-23  9.999999769976942e-01  7.303759630363803e-07 
 2.187761623949522e+04 -5.192952888085444e-21  7.274784266006955e-15  9.811349935089867e-05  3.161870921530863e-06 -5.292248767815790e-17 -3.777761307880049e-23  9.999999769980704e-01  7.137545624165899e-07 
 2.238721138568308e+04 -4.959261694553786e-21  7.109189959169119e-15  9.811407268548949e-05  3.235465243278668e-06 -5.054058336647594e-17 -3.525633448386012e-23  9.999999769984622e-01  6.975116009651555e-07 
 2.290867652767740e+04 -4.736088371842077e-21  6.947365038948875e-15  9.811467258630630e-05  3.310770239295380e-06 -4.826588240820709e-17 -3.290333574652530e-23  9.999999769988699e-01  6.816384662417115e-07 
 2.344228815319889e+04 -4.522959539972172e-21  6.789223703631518e-15  9.811530026215762e-05  3.387825472600525e-06 -4.609355985764440e-17 -3.070738502516815e-23  9.999999769992943e-01  6.661267418785251e-07 
 2.398832919019456e+04 -4.319423125918689e-21  6.634682104587811e-15  9.811595697473725e-05  3.466671330443205e-06 -4.401900792740977e-17 -2.865800016102872e-23  9.999999769997371e-01  6.509682031170470e-07 
 2.454708915684995e+04 -4.125047397284627e-21  6.483658301816339e-15  9.811664404073496e-05  3.547349422206025e-06 -4.203782621471911e-17 -2.674539859171046e-23  9.999999770001978e-01  6.361548124459920e-07 
 2.511886431509544e+04 -3.939420061033244e-21  6.336072220497842e-15  9.811736283401217e-05  3.629901954127490e-06 -4.014581236753822e-17 -2.496045074983855e-23  9.999999770006783e-01  6.216787153386366e-07 
 2.570395782768826e+04 -3.762147374912835e-21  6.191845608538479e-15  9.811811478784139e-05  3.714372269314481e-06 -3.833895317083055e-17 -2.329463638913178e-23  9.999999770011797e-01  6.075322360870604e-07 
 2.630267991895344e+04 -3.592853321689652e-21  6.050901995079509e-15  9.811890139720971e-05  3.800804790898837e-06 -3.661341603398995e-17 -2.174000397347328e-23  9.999999770017020e-01  5.937078737311249e-07 
 2.691534803926876e+04 -3.431178803590778e-21  5.913166649951480e-15  9.811972422118644e-05  3.889244709398554e-06 -3.496554086140248e-17 -2.028913266983873e-23  9.999999770022472e-01  5.801982980800294e-07 
 2.754228703338126e+04 -3.276780887943827e-21  5.778566544051258e-15  9.812058488535215e-05  3.979738465886840e-06 -3.339183228889260e-17 -1.893509696973358e-23  9.999999770028157e-01  5.669963458243192e-07 
 2.818382931264412e+04 -3.129332077087311e-21  5.647030310621052e-15  9.812148508428936e-05  4.072333382509896e-06 -3.188895226958722e-17 -1.767143361250183e-23  9.999999770034093e-01  5.540950167362916e-07 
 2.884031503126564e+04 -2.988519611973885e-21  5.518488207408812e-15  9.812242658413246e-05  4.167077946704012e-06 -3.045371299347078e-17 -1.649211072268387e-23  9.999999770040288e-01  5.414874699567716e-07 
 2.951209226666342e+04 -2.854044810348837e-21  5.392872079689957e-15  9.812341122517423e-05  4.264021868038981e-06 -2.908307012561276e-17 -1.539149902583790e-23  9.999999770046749e-01  5.291670203662878e-07 
 3.019951720401971e+04 -2.725622434332158e-21  5.270115324130848e-15  9.812444092452733e-05  4.363215595049041e-06 -2.777411634872516e-17 -1.436434498258758e-23  9.999999770053499e-01  5.171271350387180e-07 
 3.090295432513544e+04 -2.602980080060620e-21  5.150152853474808e-15  9.812551767883590e-05  4.464711167884161e-06 -2.652407519635270e-17 -1.340574568219925e-23  9.999999770060544e-01  5.053614297755155e-07 
 3.162277660168332e+04 -2.485857609909013e-21  5.032921062032000e-15  9.812664356703484e-05  4.568561507767299e-06 -2.533029516361525e-17 -1.251112549106658e-23  9.999999770067899e-01  4.938636657186769e-07 
 3.235936569296234e+04 -2.374006589944523e-21  4.918357791954865e-15  9.812782075315110e-05  4.674820786476630e-06 -2.419024408301054e-17 -1.167621415411669e-23  9.999999770075580e-01  4.826277460406475e-07 
 3.311311214825861e+04 -2.267189769829358e-21  4.806402300281176e-15  9.812905148914202e-05  4.783544540032381e-06 -2.310150375334727e-17 -1.089702644620478e-23  9.999999770083599e-01  4.716477127094013e-07 
 3.388441561391974e+04 -2.165180576923423e-21  4.696995226727344e-15  9.813033811776463e-05  4.894789299214608e-06 -2.206176481041628e-17 -1.016984313468174e-23  9.999999770091974e-01  4.609177433269772e-07 
 3.467368504525264e+04 -2.067762633615814e-21  4.590078562214797e-15  9.813168307546860e-05  5.008613129575679e-06 -2.106882182851938e-17 -9.491193216157181e-24  9.999999770100716e-01  4.504321480397849e-07 
 3.548133892335701e+04 -1.974729307298095e-21  4.485595618112800e-15  9.813308889530499e-05  5.125075148271208e-06 -2.012056864246578e-17 -8.857837388938940e-24  9.999999770109848e-01  4.401853665190396e-07 
 3.630780547700958e+04 -1.885883258442074e-21  4.383490996181398e-15  9.813455820984157e-05  5.244235950385701e-06 -1.921499388011337e-17 -8.266752526956291e-24  9.999999770119382e-01  4.301719650097128e-07 
 3.715352290971669e+04 -1.801036036530054e-21  4.283710559198526e-15  9.813609375407468e-05  5.366157466824006e-06 -1.835017669597866e-17 -7.715117314633658e-24  9.999999770129340e-01  4.203866334464314e-07 
 3.801893963205554e+04 -1.720007666122223e-21  4.186201402255748e-15  9.813769836832602e-05  5.490902935889608e-06 -1.752428269686606e-17 -7.200298716077200e-24  9.999999770139737e-01  4.108241826347867e-07 
 3.890451449942747e+04 -1.642626277333636e-21  4.090911824707365e-15  9.813937500111210e-05  5.618537102236587e-06 -1.673556005087389e-17 -6.719839459611661e-24  9.999999770150595e-01  4.014795414965539e-07 
 3.981071705534912e+04 -1.568727732910214e-21  3.997791302758052e-15  9.814112671197135e-05  5.749126131604498e-06 -1.598233577152413e-17 -6.271446271889152e-24  9.999999770161929e-01  3.923477543773499e-07 
 4.073802778041065e+04 -1.498155285824280e-21  3.906790462674476e-15  9.814295667423423e-05  5.882737582396658e-06 -1.526301216913373e-17 -5.852978954784882e-24  9.999999770173762e-01  3.834239784153008e-07 
 4.168693834703290e+04 -1.430759240564776e-21  3.817861054606693e-15  9.814486817771859e-05  6.019440490945271e-06 -1.457606346190066e-17 -5.462440144072081e-24  9.999999770186120e-01  3.747034809693131e-07 
 4.265795188015862e+04 -1.366396641477131e-21  3.730955927005414e-15  9.814686463133108e-05  6.159305598885112e-06 -1.392003253951602e-17 -5.097965798409569e-24  9.999999770199016e-01  3.661816371055781e-07 
 4.365158322401593e+04 -1.304930968409672e-21  3.646029001621668e-15  9.814894956555482e-05  6.302404983671295e-06 -1.329352787243786e-17 -4.757816296152801e-24  9.999999770212480e-01  3.578539271409745e-07 
 4.466835921509562e+04 -1.246231844332127e-21  3.563035249075475e-15  9.815112663479918e-05  6.448812314374663e-06 -1.269522056027037e-17 -4.440368120729119e-24  9.999999770226536e-01  3.497159342420550e-07 
 4.570881896148680e+04 -1.190174761012278e-21  3.481930664980678e-15  9.815339961958873e-05  6.598603306429141e-06 -1.212384151298797e-17 -4.144106119169741e-24  9.999999770241201e-01  3.417633420783440e-07 
 4.677351412871909e+04 -1.136640813059140e-21  3.402672246613244e-15  9.815577242856303e-05  6.751854812137026e-06 -1.157817875902524e-17 -3.867616262924290e-24  9.999999770256504e-01  3.339919325286921e-07 
 4.786300923226309e+04 -1.085516448884801e-21  3.325217970110649e-15  9.815824910025928e-05  6.908645445946604e-06 -1.105707487452278e-17 -3.609578909031918e-24  9.999999770272473e-01  3.263975834394729e-07 
 4.897788193684386e+04 -1.036693227233920e-21  3.249526768190262e-15  9.816083380464571e-05  7.069055698138982e-06 -1.055942452827593e-17 -3.368762491545181e-24  9.999999770289136e-01  3.189762664334219e-07 
 5.011872336272644e+04 -9.900675879872183e-22  3.175558508374929e-15  9.816353084437260e-05  7.233167821141251e-06 -1.008417213717915e-17 -3.144017645517773e-24  9.999999770306517e-01  3.117240447679618e-07 
 5.128613839913568e+04 -9.455406317381584e-22  3.103273971714213e-15  9.816634465570465e-05  7.401065829526488e-06 -9.630309627192738e-18 -2.934271718104194e-24  9.999999770324645e-01  3.046370712418730e-07 
 5.248074602497643e+04 -9.030179126163162e-22  3.032634831989975e-15  9.816927980909593e-05  7.572835386326915e-06 -9.196874295082601e-18 -2.738523656371298e-24  9.999999770343549e-01  2.977115861491992e-07 
 5.370317963702443e+04 -8.624092329606459e-22  2.963603635395316e-15  9.817234100936575e-05  7.748564257781254e-06 -8.782946766397649e-18 -2.555839213273477e-24  9.999999770363261e-01  2.909439152793054e-07 
 5.495408738576159e+04 -8.236284579960428e-22  2.896143780676062e-15  9.817553309543267e-05  7.928341972274211e-06 -8.387649045353306e-18 -2.385346506458212e-24  9.999999770383809e-01  2.843304679620335e-07 
 5.623413251903402e+04 -7.865933291284267e-22  2.830219499724306e-15  9.817886103955887e-05  8.112259934023314e-06 -8.010142652484755e-18 -2.226231844005509e-24  9.999999770405230e-01  2.778677351569201e-07 
 5.754399373371479e+04 -7.512252897288749e-22  2.765795838613675e-15  9.818232994605736e-05  8.300411536765750e-06 -7.649626846119561e-18 -2.077735841367945e-24  9.999999770427556e-01  2.715522875854744e-07 
 5.888436553555797e+04 -7.174493206631304e-22  2.702838639066300e-15  9.818594504940896e-05  8.492892447975464e-06 -7.305336923897225e-18 -1.939149802548306e-24  9.999999770450815e-01  2.653807739055327e-07 
 6.025595860743483e+04 -6.851937796005737e-22  2.641314520341641e-15  9.818971171173680e-05  8.689800097272382e-06 -6.976542600732957e-18 -1.809812332581402e-24  9.999999770475042e-01  2.593499189267377e-07 
 6.165950018614724e+04 -6.543902481213807e-22  2.581190861537585e-15  9.819363541958101e-05  8.891233676422416e-06 -6.662546459785112e-18 -1.689106178045997e-24  9.999999770500282e-01  2.534565218662088e-07 
 6.309573444801832e+04 -6.249733900293861e-22  2.522435784294400e-15  9.819772177991517e-05  9.097295389892679e-06 -6.362682473140534e-18 -1.576455289636459e-24  9.999999770526559e-01  2.476974546434973e-07 
 6.456542290346453e+04 -5.968808080833250e-22  2.465018135892416e-15  9.820197651534616e-05  9.308088863235753e-06 -6.076314589080091e-18 -1.471322060186624e-24  9.999999770553915e-01  2.420696602139487e-07 
 6.606934480075855e+04 -5.700529157308628e-22  2.408907472734438e-15  9.820640545843316e-05  9.523720336801489e-06 -5.802835382927683e-18 -1.373204768960760e-24  9.999999770582383e-01  2.365701509396091e-07 
 6.760829753919710e+04 -5.444328083259969e-22  2.354074044204147e-15  9.821101454506521e-05  9.744297699398885e-06 -5.541664768621066e-18 -1.281635180596707e-24  9.999999770612010e-01  2.311960069968475e-07 
 6.918309709189254e+04 -5.199661433719925e-22  2.300488776891928e-15  9.821580980683177e-05  9.969931966224976e-06 -5.292248768271539e-18 -1.196176312375291e-24  9.999999770642827e-01  2.259443748198801e-07 
 7.079457843841266e+04 -4.966010250854029e-22  2.248123259179765e-15  9.822079736232403e-05  1.020073608515304e-05 -5.054058337102576e-18 -1.116420347860416e-24  9.999999770674872e-01  2.208124655794160e-07 
 7.244359600749785e+04 -4.742878947465315e-22  2.196949726177028e-15  9.822598340730168e-05  1.043682516410627e-05 -4.826588241274922e-18 -1.041986691132042e-24  9.999999770708191e-01  2.157975536956578e-07 
 7.413102413009056e+04 -4.529794237643561e-22  2.146941044999158e-15  9.823137420366349e-05  1.067831709633538e-05 -4.609355986217884e-18 -9.725201460120117e-25  9.999999770742821e-01  2.108969753849216e-07 
 7.585775750291716e+04 -4.326304169433134e-22  2.098070700381448e-15  9.823697606716019e-05  1.092533227620152e-05 -4.401900793193647e-18 -9.076892285642391e-25  9.999999770778798e-01  2.061081272391623e-07 
 7.762471166286792e+04 -4.131977122350637e-22  2.050312780620307e-15  9.824279535379170e-05  1.117799348548942e-05 -4.203782621923809e-18 -8.471845752173098e-25  9.999999770816165e-01  2.014284648377109e-07 
 7.943282347242687e+04 -3.946400925021459e-22  2.003641963834524e-15  9.824883844483290e-05  1.143642577972059e-05 -4.014581237204941e-18 -7.907174731836379e-25  9.999999770854967e-01  1.968555013905570e-07 
 8.128305161640861e+04 -3.769181963494198e-22  1.958033504539279e-15  9.825511173043878e-05  1.170075768186507e-05 -3.833895317533383e-18 -7.380184786047314e-25  9.999999770895237e-01  1.923868064125314e-07 
 8.317637711026576e+04 -3.599944358482591e-22  1.913463220525750e-15  9.826162159178354e-05  1.197111976125598e-05 -3.661341603848530e-18 -6.888361328225874e-25  9.999999770937019e-01  1.880200044277655e-07 
 8.511380382023628e+04 -3.438329155439293e-22  1.869907480039401e-15  9.826837438169648e-05  1.224764525886712e-05 -3.496554086588984e-18 -6.429357595401453e-25  9.999999770980359e-01  1.837527737038290e-07 
 8.709635899560666e+04 -3.283993572972101e-22  1.827343189250092e-15  9.827537640376515e-05  1.253047105365113e-05 -3.339183229337188e-18 -6.000983465300648e-25  9.999999771025284e-01  1.795828450149656e-07 
 8.912509381337311e+04 -3.136610273252197e-22  1.785747780007440e-15  9.828263388988693e-05  1.281973607092368e-05 -3.188895227405832e-18 -5.601194996621729e-25  9.999999771071841e-01  1.755080004338739e-07 
 9.120108393558950e+04 -2.995866664450010e-22  1.745099197874887e-15  9.829015297625990e-05  1.311558241923194e-05 -3.045371299793363e-18 -5.228084666495753e-25  9.999999771120071e-01  1.715260721514934e-07 
 9.332543007969759e+04 -2.861464242878701e-22  1.705375890436136e-15  9.829793967781814e-05  1.341815550404135e-05 -2.908307013006728e-18 -4.879872274319434e-25  9.999999771170005e-01  1.676349413242844e-07 
 9.549925860214204e+04 -2.733117956439298e-22  1.666556795867782e-15  9.830599986113093e-05  1.372760357298830e-05 -2.777411635317124e-18 -4.554896437811475e-25  9.999999771221684e-01  1.638325369485039e-07 
 9.772372209557948e+04 -2.610555601421997e-22  1.628621331772053e-15  9.831433921579980e-05  1.404407805694063e-05 -2.652407520079027e-18 -4.251606664921955e-25  9.999999771275142e-01  1.601168347610013e-07 
 9.999999999999837e+04 -2.493517244228855e-22  1.591549384263751e-15  9.832296322440814e-05  1.436773379737133e-05 -2.533029516804425e-18 -3.968555951039097e-25  9.999999771330415e-01  1.564858561660745e-07 
 1.023292992280737e+05 -2.381754673324499e-22  1.555321297305600e-15  9.833187713109342e-05  1.469872893267166e-05 -2.419024408743089e-18 -3.704393876937840e-25  9.999999771387531e-01  1.529376671879415e-07 
 1.047128548050882e+05 -2.275030867471835e-22  1.519917862286360e-15  9.834108590883691e-05  1.503722523921169e-05 -2.310150375775891e-18 -3.457860154025623e-25  9.999999771446522e-01  1.494703774484008e-07 
 1.071519305237589e+05 -2.173119497769521e-22  1.485320307836164e-15  9.835059422558531e-05  1.538338722184562e-05 -2.206176481481916e-18 -3.227778615922444e-25  9.999999771507418e-01  1.460821391692646e-07 
 1.096478196143167e+05 -2.075804445433030e-22  1.451510289873690e-15  9.836040640934329e-05  1.573738393290114e-05 -2.106882183291350e-18 -3.013051600523210e-25  9.999999771570246e-01  1.427711461991599e-07 
 1.122018454301945e+05 -1.982879344202689e-22  1.418469881879886e-15  9.837052641240073e-05  1.609938783531106e-05 -2.012056864685112e-18 -2.812654711468293e-25  9.999999771635025e-01  1.395356330643044e-07 
 1.148153621496864e+05 -1.894147142382920e-22  1.386181565393093e-15  9.838095777488390e-05  1.646957491630019e-05 -1.921499388448993e-18 -2.625631927725913e-25  9.999999771701782e-01  1.363738740428697e-07 
 1.174897554939510e+05 -1.809419686062326e-22  1.354628220720524e-15  9.839170358784529e-05  1.684812548319314e-05 -1.835017670034647e-18 -2.451091041545585e-25  9.999999771770531e-01  1.332841822625496e-07 
 1.202264434617393e+05 -1.728517316769608e-22  1.323793117861178e-15  9.840276645613391e-05  1.723522404972755e-05 -1.752428270122518e-18 -2.288199394930706e-25  9.999999771841284e-01  1.302649088209541e-07 
 1.230268770812361e+05 -1.651268494348702e-22  1.293659907635369e-15  9.841414846131388e-05  1.763105831287248e-05 -1.673556005522440e-18 -2.136179910296938e-25  9.999999771914061e-01  1.273144419284512e-07 
 1.258925411794146e+05 -1.577509432852321e-22  1.264212613016178e-15  9.842585112492346e-05  1.803582210868626e-05 -1.598233577586614e-18 -1.994307380408909e-25  9.999999771988856e-01  1.244312060730729e-07 
 1.288249551693113e+05 -1.507083750593406e-22  1.235435620658219e-15  9.843787537239337e-05  1.844971143327712e-05 -1.526301217346741e-18 -1.861905003150766e-25  9.999999772065686e-01  1.216136612070991e-07 
 1.318256738556385e+05 -1.439842137764231e-22  1.207313672619238e-15  9.845022149796212e-05  1.887292933133722e-05 -1.457606346622617e-18 -1.738341150056464e-25  9.999999772144537e-01  1.188603019549250e-07 
 1.348962882591631e+05 -1.375642045346613e-22  1.179831858270152e-15  9.846288913095177e-05  1.930568134866917e-05 -1.392003254383362e-18 -1.623026358007199e-25  9.999999772225414e-01  1.161696568418053e-07 
 1.380384264602862e+05 -1.314347377255393e-22  1.152975606389232e-15  9.847587720377873e-05  1.974817951122532e-05 -1.329352787674781e-18 -1.515410508466255e-25  9.999999772308301e-01  1.135402875430559e-07 
 1.412537544622731e+05 -1.255828203027000e-22  1.126730677436250e-15  9.848918392209400e-05  2.020064016505785e-05 -1.269522056457298e-18 -1.414980203158721e-25  9.999999772393183e-01  1.109707881532782e-07 
 1.445439770745904e+05 -1.199960483767767e-22  1.101083156002491e-15  9.850280673745399e-05  2.066328499950032e-05 -1.212384151728362e-18 -1.321256315010823e-25  9.999999772480043e-01  1.084597844751525e-07 
 1.479108388168183e+05 -1.146625808015974e-22  1.076019443432612e-15  9.851674232292830e-05  2.113634116085450e-05 -1.157817876331438e-18 -1.233791699663666e-25  9.999999772568853e-01  1.060059333273265e-07 
 1.513561248436183e+05 -1.095711137975886e-22  1.051526250614457e-15  9.853098655205261e-05  2.162004136607720e-05 -1.105707487880589e-18 -1.152169058172480e-25  9.999999772659584e-01  1.036079218709029e-07 
 1.548816618912456e+05 -1.047108573976189e-22  1.027590590932997e-15  9.854553448152791e-05  2.211462424384081e-05 -1.055942453255355e-18 -1.075998949567287e-25  9.999999772752195e-01  1.012644669540087e-07 
 1.584893192461087e+05 -1.000715122203882e-22  1.004199773384655e-15  9.856038033805500e-05  2.262033399347274e-05 -1.008417214145193e-18 -1.004917928117534e-25  9.999999772846651e-01  9.897431447390004e-08 
 1.621810097358903e+05 -9.564324776415320e-23  9.813413958483633e-16  9.857551750967500e-05  2.313742118076334e-05 -9.630309631461365e-19 -9.385868098747712e-26  9.999999772942901e-01  9.673623875603831e-08 
 1.659586907437533e+05 -9.141668132535950e-23  9.590033385097970e-16  9.859093854196207e-05  2.366614307902637e-05 -9.196874299347857e-19 -8.766890512803809e-26  9.999999773040891e-01  9.454904194954396e-08 
 1.698243652461716e+05 -8.738285817091113e-23  9.371737574352906e-16  9.860663513938043e-05  2.420676287329115e-05 -8.782946770660395e-19 -8.189292389957597e-26  9.999999773140563e-01  9.241155343841434e-08 
 1.737800828749346e+05 -8.353323277586740e-23  9.158410782920249e-16  9.862259817208000e-05  2.475955147929199e-05 -8.387649049614490e-19 -7.650316819271584e-26  9.999999773241850e-01  9.032262926786890e-08 
 1.778279410038893e+05 -7.985965019549441e-23  8.949939902111639e-16  9.863881768835889e-05  2.532478561079188e-05 -8.010142656745419e-19 -7.147390905192227e-26  9.999999773344684e-01  8.828115158516764e-08 
 1.819700858609953e+05 -7.635432885871592e-23  8.746214397906823e-16  9.865528293296750e-05  2.590274971225881e-05 -7.649626850380838e-19 -6.678113496968775e-26  9.999999773448991e-01  8.628602809422995e-08 
 1.862087136662836e+05 -7.300984415444859e-23  8.547126252347055e-16  9.867198237137246e-05  2.649373573149205e-05 -7.305336928160360e-19 -6.240243736592332e-26  9.999999773554689e-01  8.433619152337122e-08 
 1.905460717963215e+05 -6.981911256512442e-23  8.352569906262536e-16  9.868890372003540e-05  2.709804357436951e-05 -6.976542604999294e-19 -5.831690353032787e-26  9.999999773661691e-01  8.243059910546520e-08 
 1.949844599758012e+05 -6.677537633642665e-23  8.162442203303568e-16  9.870603398269235e-05  2.771598065010039e-05 -6.662546464056107e-19 -5.450501656430893e-26  9.999999773769903e-01  8.056823206983644e-08 
 1.995262314968846e+05 -6.387218938549019e-23  7.976642335245685e-16  9.872335949255215e-05  2.834786187122518e-05 -6.362682477417775e-19 -5.094856245486288e-26  9.999999773879238e-01  7.874809514518996e-08 
 2.041737944669495e+05 -6.110340341246375e-23  7.795071788539774e-16  9.874086596025587e-05  2.899401260947343e-05 -6.076314593365271e-19 -4.763054298041175e-26  9.999999773989584e-01  7.696921607289255e-08 
 2.089296130854004e+05 -5.846315465360419e-23  7.617634292078932e-16  9.875853852737136e-05  2.965476437566394e-05 -5.802835387222626e-19 -4.453509444859661e-26  9.999999774100843e-01  7.523064512993577e-08 
 2.137962089502196e+05 -5.594585152985314e-23  7.444235766154229e-16  9.877636182511802e-05  3.033045823030989e-05 -5.541664772927731e-19 -4.164741208547168e-26  9.999999774212912e-01  7.353145466092688e-08 
 2.187761623949515e+05 -5.354616245345837e-23  7.274784272572393e-16  9.879432003795229e-05  3.102144523836614e-05 -5.292248772592019e-19 -3.895367916128236e-26  9.999999774325672e-01  7.187073861848502e-08 
 2.238721138568301e+05 -5.125900471405986e-23  7.109189965908985e-16  9.881239697157490e-05  3.172808510498726e-05 -5.054058341439108e-19 -3.644100123801326e-26  9.999999774439009e-01  7.024761211144912e-08 
 2.290867652767734e+05 -4.907953316092182e-23  6.947365045871164e-16  9.883057612485860e-05  3.245074663027481e-05 -4.826588245629889e-19 -3.409734428685160e-26  9.999999774552810e-01  6.866121096034293e-08 
 2.344228815319882e+05 -4.700313016590813e-23  6.789223710744804e-16  9.884884076514080e-05  3.318980793665105e-05 -4.609355990593823e-19 -3.191147748806793e-26  9.999999774666962e-01  6.711069125958619e-08 
 2.398832919019449e+05 -4.502539543147581e-23  6.634682111901287e-16  9.886717400627677e-05  3.394565987946407e-05 -4.401900797593248e-19 -2.987291941331124e-26  9.999999774781332e-01  6.559522894598861e-08 
 2.454708915684988e+05 -4.314213655997438e-23  6.483658309339869e-16  9.888555888881114e-05  3.471869922577753e-05 -4.203782626349924e-19 -2.797188801161566e-26  9.999999774895810e-01  6.411401937311687e-08 
 2.511886431509537e+05 -4.134936003900605e-23  6.336072228241997e-16  9.890397846159306e-05  3.550933661244926e-05 -4.014581241660587e-19 -2.619925392064571e-26  9.999999775010272e-01  6.266627689117769e-08 
 2.570395782768819e+05 -3.964326253784334e-23  6.191845616514582e-16  9.892241586414255e-05  3.631799199865782e-05 -3.833895322021746e-19 -2.454649682933669e-26  9.999999775124594e-01  6.125123443211944e-08 
 2.630267991895336e+05 -3.802022266892804e-23  6.050902003299724e-16  9.894085440906792e-05  3.714509580277081e-05 -3.661341608372977e-19 -2.300566479864313e-26  9.999999775238659e-01  5.986814309971388e-08 
 2.691534803926869e+05 -3.647679308440061e-23  5.913166658428819e-16  9.895927766383269e-05  3.799109026658698e-05 -3.496554091153050e-19 -2.156933627257067e-26  9.999999775352345e-01  5.851627176443637e-08 
 2.754228703338119e+05 -3.500969289537046e-23  5.778566552799672e-16  9.897766953118737e-05  3.885642831846781e-05 -3.339183233944598e-19 -2.023058460495386e-26  9.999999775465537e-01  5.719490666302407e-08 
 2.818382931264405e+05 -3.361580060630489e-23  5.647030319655485e-16  9.899601432760164e-05  3.974157448283222e-05 -3.188895232060503e-19 -1.898294505383178e-26  9.999999775578118e-01  5.590335100264551e-08 
 2.884031503126556e+05 -3.229214707314730e-23  5.518488216745259e-16  9.901429685906909e-05  4.064700556227763e-05 -3.045371304499393e-19 -1.782038380707781e-26  9.999999775689973e-01  5.464092456967055e-08 
 2.951209226666334e+05 -3.103590912237337e-23  5.392872089345541e-16  9.903250249369677e-05  4.157320927333785e-05 -2.908307017768417e-19 -1.673726927099715e-26  9.999999775800994e-01  5.340696334307814e-08 
 3.019951720401964e+05 -2.984440306893796e-23  5.270115334123894e-16  9.905061723054567e-05  4.252068583809887e-05 -2.777411640138974e-19 -1.572834505915937e-26  9.999999775911075e-01  5.220081911258608e-08 
 3.090295432513537e+05 -2.871507891526030e-23  5.150152863824911e-16  9.906862776424381e-05  4.348994798419881e-05 -2.652407524965738e-19 -1.478870499743884e-26  9.999999776020113e-01  5.102185910162594e-08 
 3.162277660168324e+05 -2.764551448922723e-23  5.032921072760118e-16  9.908652154496063e-05  4.448152208169631e-05 -2.533029521760908e-19 -1.391376962466011e-26  9.999999776128005e-01  4.986946559532234e-08 
 3.235936569296226e+05 -2.663341002564854e-23  4.918357803083387e-16  9.910428683339877e-05  4.549594359559705e-05 -2.419024413774465e-19 -1.309926435887184e-26  9.999999776234665e-01  4.874303557366348e-08 
 3.311311214825853e+05 -2.567658292121951e-23  4.806402311834028e-16  9.912191275052978e-05  4.653376618080074e-05 -2.310150380887498e-19 -1.234119908549864e-26  9.999999776339993e-01  4.764198035007124e-08 
 3.388441561391967e+05 -2.477296265767831e-23  4.696995238730076e-16  9.913938932187797e-05  4.759555213240674e-05 -2.206176486679311e-19 -1.163584907859756e-26  9.999999776443912e-01  4.656572521559721e-08 
 3.467368504525256e+05 -2.392058606001097e-23  4.590078574694679e-16  9.915670751622493e-05  4.868187988904538e-05 -2.106882188580307e-19 -1.097973725070531e-26  9.999999776546341e-01  4.551370908897734e-08 
 3.548133892335693e+05 -2.311759262812767e-23  4.485595631098928e-16  9.917385927868462e-05  4.979334062227281e-05 -2.012056870071635e-19 -1.036961752514152e-26  9.999999776647203e-01  4.448538417278348e-08 
 3.630780547700950e+05 -2.236222021322973e-23  4.383491009704806e-16  9.919083755816654e-05  5.093053914606571e-05 -1.921499393939316e-19 -9.802459384934858e-27  9.999999776746434e-01  4.348021561590593e-08 
 3.715352290971660e+05 -2.165280065373749e-23  4.283710573292297e-16  9.920763632931156e-05  5.209409437156864e-05 -1.835017675635234e-19 -9.275433353116796e-27  9.999999776843972e-01  4.249768118259304e-08 
 3.801893963205545e+05 -2.098775576467987e-23  4.186201416955133e-16  9.922425060904787e-05  5.328464112608344e-05 -1.752428275840068e-19 -8.785897520239791e-27  9.999999776939754e-01  4.153727092826128e-08 
 3.890451449942738e+05 -2.036559341034403e-23  4.090911840049912e-16  9.924067646797135e-05  5.450282787933247e-05 -1.673556011363894e-19 -8.331384935554689e-27  9.999999777033730e-01  4.059848688227083e-08 
 3.981071705534903e+05 -1.978490373276837e-23  3.997791318783741e-16  9.925691103680519e-05  5.574931765295332e-05 -1.598233583559153e-19 -7.909591840030149e-27  9.999999777125856e-01  3.968084273784139e-08 
 4.073802778041056e+05 -1.924435548042688e-23  3.906790479425851e-16  9.927295250823756e-05  5.702478756575147e-05 -1.526301223457788e-19 -7.518366666734787e-27  9.999999777216098e-01  3.878386354925733e-08 
 4.168693834703281e+05 -1.874269249916693e-23  3.817861072129005e-16  9.928880013447562e-05  5.832993383592111e-05 -1.457606352879844e-19 -7.155699786012540e-27  9.999999777304411e-01  3.790708543648616e-08 
 4.265795188015852e+05 -1.827873035947220e-23  3.730955945346787e-16  9.930445422088341e-05  5.966546541458229e-05 -1.392003260794690e-19 -6.819713938275200e-27  9.999999777390771e-01  3.705005529730485e-08 
 4.365158322401583e+05 -1.785135298269539e-23  3.646029020833235e-16  9.931991611609514e-05  6.103210898800171e-05 -1.329352794248382e-19 -6.508655261124901e-27  9.999999777475155e-01  3.621233052699965e-08 
 4.466835921509552e+05 -1.745950951233573e-23  3.563035269211561e-16  9.933518819901374e-05  6.243060624910868e-05 -1.269522063201598e-19 -6.220884965725634e-27  9.999999777557542e-01  3.539347874567534e-08 
 4.570881896148669e+05 -1.710221115805259e-23  3.481930686098965e-16  9.935027386311417e-05  6.386171708072652e-05 -1.212384158652041e-19 -5.954871522492969e-27  9.999999777637922e-01  3.459307753318039e-08 
 4.677351412871899e+05 -1.677852814539469e-23  3.402672268774951e-16  9.936517749847582e-05  6.532621819133055e-05 -1.157817883443430e-19 -5.709183374157547e-27  9.999999777716284e-01  3.381071417162539e-08 
 4.786300923226299e+05 -1.648758676451514e-23  3.325217993380717e-16  9.937990447196866e-05  6.682490311504807e-05 -1.105707495190085e-19 -5.482482140843500e-27  9.999999777792625e-01  3.304598539544510e-08 
 4.897788193684375e+05 -1.622856644852735e-23  3.249526792637547e-16  9.939446110600969e-05  6.835858494014246e-05 -1.055942460771806e-19 -5.273516263747314e-27  9.999999777866942e-01  3.229849714892754e-08 
 5.011872336272634e+05 -1.600069690505768e-23  3.175558534072408e-16  9.940885465629843e-05  6.992809221628704e-05 -1.008417221878302e-19 -5.081115069361560e-27  9.999999777939246e-01  3.156786435111029e-08 
 5.128613839913558e+05 -1.580325532342002e-23  3.103273998739185e-16  9.942309328892330e-05  7.153427486628061e-05 -9.630309711058653e-20 -4.904183235811723e-27  9.999999778009540e-01  3.085371066792093e-08 
 5.248074602497633e+05 -1.563556359387538e-23  3.032634860424282e-16  9.943718605721562e-05  7.317800100281602e-05 -9.196874381313491e-20 -4.741695616919480e-27  9.999999778077838e-01  3.015566829141983e-08 
 5.370317963702432e+05 -1.549698555148331e-23  2.963603665325561e-16  9.945114287870642e-05  7.486015783797484e-05 -8.782946855099049e-20 -4.592692407065293e-27  9.999999778144157e-01  2.947337772598507e-08 
 5.495408738576148e+05 -1.538692427130024e-23  2.896143812193838e-16  9.946497451251971e-05  7.658165350221680e-05 -8.387649136633333e-20 -4.456274634437111e-27  9.999999778208514e-01  2.880648758126499e-08 
 5.623413251903391e+05 -1.530481937245531e-23  2.830219532926432e-16  9.947869253751197e-05  7.834341522539034e-05 -8.010142746454079e-20 -4.331599950315565e-27  9.999999778270932e-01  2.815465437171088e-08 
 5.754399373371467e+05 -1.525014433784436e-23  2.765795873602441e-16  9.949230933144369e-05  8.014639161046944e-05 -7.649626942891364e-20 -4.217878698973174e-27  9.999999778331438e-01  2.751754232249216e-08 
 5.888436553555785e+05 -1.522240383742021e-23  2.702838675949709e-16  9.950583805144321e-05  8.199155445254291e-05 -7.305337023587145e-20 -4.114370248251178e-27  9.999999778390052e-01  2.689482318158896e-08 
 6.025595860743470e+05 -1.522113106880949e-23  2.641314559233668e-16  9.951929261599902e-05  8.387989555558306e-05 -6.976542703459048e-20 -4.020379569153101e-27  9.999999778446808e-01  2.628617603785114e-08 
 6.165950018614712e+05 -1.524588509787124e-23  2.581190902558428e-16  9.953268768869118e-05  8.581242855143500e-05 -6.662546565667751e-20 -3.935254044894801e-27  9.999999778501737e-01  2.569128714480891e-08 
 6.309573444801820e+05 -1.529624820370302e-23  2.522435827570751e-16  9.954603866384949e-05  8.779019026405877e-05 -6.362682582302364e-20 -3.858380496997805e-27  9.999999778554876e-01  2.510984975001936e-08 
 6.456542290346441e+05 -1.537182322295429e-23  2.465018181557720e-16  9.955936165430264e-05  8.981424343801336e-05 -6.076314701645908e-20 -3.789182414131904e-27  9.999999778606254e-01  2.454156392973265e-08 
 6.606934480075843e+05 -1.547223088839864e-23  2.408907520929164e-16  9.957267348136219e-05  9.188567400997272e-05 -5.802835499024333e-20 -3.727117370353403e-27  9.999999778655906e-01  2.398613642866359e-08 
 6.760829753919698e+05 -1.559710718103462e-23  2.354074095076063e-16  9.958599166716290e-05  9.400558974448359e-05 -5.541664888377338e-20 -3.671674625968169e-27  9.999999778703875e-01  2.344328050465732e-08 
 6.918309709189242e+05 -1.574610067759035e-23  2.300488830596370e-16  9.959933442946443e-05  9.617512569093378e-05 -5.292248891818019e-20 -3.622372895408919e-27  9.999999778750196e-01  2.291271577804187e-08 
 7.079457843841253e+05 -1.591886990427555e-23  2.248123315879915e-16  9.961272067900124e-05  9.839544145506807e-05 -5.054058464571515e-20 -3.578758274415501e-27  9.999999778794912e-01  2.239416808546619e-08 
 7.244359600749771e+05 -1.611508069950054e-23  2.196949786044179e-16  9.962617001945255e-05  1.006677284749458e-04 -4.826588372800056e-20 -3.540402317114215e-27  9.999999778838056e-01  2.188736933802735e-08 
 7.413102413009043e+05 -1.633440359325186e-23  2.146941108212990e-16  9.963970275009085e-05  1.029931991070043e-04 -4.609356121934267e-20 -3.506900255096853e-27  9.999999778879668e-01  2.139205738349852e-08 
 7.585775750291703e+05 -1.657651121421081e-23  2.098070767130297e-16  9.965333987115527e-05  1.053730920830276e-04 -4.401900933237464e-20 -3.477869351540527e-27  9.999999778919797e-01  2.090797587247571e-08 
 7.762471166286779e+05 -1.684107570217653e-23  2.050312851101423e-16  9.966710309198587e-05  1.078086816050927e-04 -4.203782766432153e-20 -3.452947376638518e-27  9.999999778958476e-01  2.043487412826938e-08 
 7.943282347242674e+05 -1.712776619554180e-23  2.003642038254333e-16  9.968101484194760e-05  1.103012655221391e-04 -4.014581386315603e-20 -3.431791210454707e-27  9.999999778995750e-01  1.997250702037504e-08 
 8.128305161640848e+05 -1.743624633360226e-23  1.958033583113631e-16  9.969509828416424e-05  1.128521735154209e-04 -3.833895471384609e-20 -3.414075551760583e-27  9.999999779031657e-01  1.952063484136468e-08 
 8.317637711026561e+05 -1.776617182925377e-23  1.913463303480166e-16  9.970937733207877e-05  1.154627634605276e-04 -3.661341762578764e-20 -3.399491736334281e-27  9.999999779066243e-01  1.907902318704950e-08 
 8.511380382023612e+05 -1.811718811441152e-23  1.869907567609294e-16  9.972387666885134e-05  1.181344287033426e-04 -3.496554250336594e-20 -3.387746656728294e-27  9.999999779099542e-01  1.864744283977202e-08 
 8.709635899560649e+05 -1.848892807130209e-23  1.827343281680998e-16  9.973862176960649e-05  1.208685935125686e-04 -3.339183398240186e-20 -3.378561777957523e-27  9.999999779131593e-01  1.822566965469422e-08 
 8.912509381337294e+05 -1.888100985387320e-23  1.785747877555225e-16  9.975363892653622e-05  1.236667076227604e-04 -3.188895401601583e-20 -3.371672242054698e-27  9.999999779162445e-01  1.781348444895568e-08 
 9.120108393558932e+05 -1.929303482988849e-23  1.745099300805932e-16  9.976895527686888e-05  1.265302626052289e-04 -3.045371479418259e-20 -3.366826059424309e-27  9.999999779192134e-01  1.741067289358343e-08 
 9.332543007969741e+05 -1.972458564114193e-23  1.705375999027521e-16  9.978459883371451e-05  1.294607864110731e-04 -2.908307198195870e-20 -3.363783378813589e-27  9.999999779220690e-01  1.701702540804292e-08 
 9.549925860214186e+05 -2.017522441772833e-23  1.666556910407445e-16  9.980059851979956e-05  1.324598315477488e-04 -2.777411826203988e-20 -3.362315834772096e-27  9.999999779248161e-01  1.663233705732617e-08 
 9.772372209557928e+05 -2.064449114829638e-23  1.628621452558928e-16  9.981698420410600e-05  1.355289950879524e-04 -2.652407716795118e-20 -3.362205965358826e-27  9.999999779274581e-01  1.625640745147974e-08 
 9.999999999999817e+05 -2.113190221708448e-23  1.591549511607890e-16  9.983378674143817e-05  1.386699086651788e-04 -2.533029719478922e-20 -3.363246694783640e-27  9.999999779299986e-01  1.588904064748230e-08 
 1.023292992280735e+06 -2.163694914427869e-23  1.555321431528274e-16  9.985103801494188e-05  1.418842393832165e-04 -2.419024617502483e-20 -3.365240879901547e-27  9.999999779324414e-01  1.553004505338674e-08 
 1.047128548050880e+06 -2.215909752529895e-23  1.519918003720137e-16  9.986877098160927e-05  1.451736943636206e-04 -2.310150590743625e-20 -3.368000912754552e-27  9.999999779347902e-01  1.517923333464807e-08 
 1.071519305237587e+06 -2.269778618299739e-23  1.485320456824958e-16  9.988701972080955e-05  1.485400252931868e-04 -2.206176702778009e-20 -3.371348374788236e-27  9.999999779370478e-01  1.483642232256332e-08 
 1.096478196143165e+06 -2.325242655798979e-23  1.451510446772799e-16  9.990581948589314e-05  1.519850147815305e-04 -2.106882411032032e-20 -3.375113740156985e-27  9.999999779392181e-01  1.450143292475503e-08 
 1.122018454301943e+06 -2.382240234010734e-23  1.418470047055995e-16  9.992520675892551e-05  1.555104936414864e-04 -2.012057098982460e-20 -3.379136122240385e-27  9.999999779413042e-01  1.417409003763400e-08 
 1.148153621496861e+06 -2.440706934768790e-23  1.386181739224254e-16  9.994521930861740e-05  1.591183308846666e-04 -1.921499629410556e-20 -3.383263058480741e-27  9.999999779433096e-01  1.385422246078199e-08 
 1.174897554939508e+06 -2.500575567031853e-23  1.354628403596117e-16  9.996589625152687e-05  1.628104446353973e-04 -1.835017917763098e-20 -3.387350330203296e-27  9.999999779452371e-01  1.354166281319842e-08 
 1.202264434617390e+06 -2.561776206991899e-23  1.323793310181837e-16  9.998727811662060e-05  1.665887921262765e-04 -1.752428524715294e-20 -3.391261811447663e-27  9.999999779470897e-01  1.323624745135922e-08 
 1.230268770812358e+06 -2.624236264811098e-23  1.293660109812899e-16  1.000094069132924e-04  1.704553778836271e-04 -1.673556267071416e-20 -3.394869343142907e-27  9.999999779488705e-01  1.293781638903921e-08 
 1.258925411794143e+06 -2.687880577682944e-23  1.264212825473429e-16  1.000323262029503e-04  1.744122555464855e-04 -1.598233846177763e-20 -3.398052627830273e-27  9.999999779505820e-01  1.264621321885254e-08 
 1.288249551693110e+06 -2.752631529782259e-23  1.235435843828960e-16  1.000560811742957e-04  1.784615169526660e-04 -1.526301493059836e-20 -3.400699141712696e-27  9.999999779522278e-01  1.236128503546854e-08 
 1.318256738556382e+06 -2.818409196623216e-23  1.207313906947988e-16  1.000807187224302e-04  1.826053157856222e-04 -1.457606629530933e-20 -3.402704057401314e-27  9.999999779538099e-01  1.208288236046298e-08 
 1.348962882591628e+06 -2.885131514807264e-23  1.179832104212003e-16  1.001062875319443e-04  1.868458493845537e-04 -1.392003544553405e-20 -3.403970175736797e-27  9.999999779553307e-01  1.181085906876708e-08 
 1.380384264602859e+06 -2.952714474064098e-23  1.152975864409653e-16  1.001328381641517e-04  1.911853651108686e-04 -1.329353085166045e-20 -3.404407860455366e-27  9.999999779567932e-01  1.154507231667883e-08 
 1.412537544622727e+06 -3.021072332570124e-23  1.126730948010875e-16  1.001604231486516e-04  1.956261603481835e-04 -1.269522361322039e-20 -3.403934975017734e-27  9.999999779581998e-01  1.128538247140289e-08 
 1.445439770745900e+06 -3.090117850465383e-23  1.101083439616882e-16  1.001890970794169e-04  2.001705906877760e-04 -1.212384464011403e-20 -3.402476814265857e-27  9.999999779595529e-01  1.103165304208729e-08 
 1.479108388168179e+06 -3.159762542283813e-23  1.076019740582026e-16  1.002189167156223e-04  2.048210662906058e-04 -1.157818196069998e-20 -3.399966031048581e-27  9.999999779608544e-01  1.078375061232677e-08 
 1.513561248436179e+06 -3.229916944241954e-23  1.051526561803595e-16  1.002499410874444e-04  2.095800518873148e-04 -1.105707815104149e-20 -3.396342552926112e-27  9.999999779621068e-01  1.054154477410357e-08 
 1.548816618912452e+06 -3.300490894932054e-23  1.027590916675746e-16  1.002822316070823e-04  2.144500704162056e-04 -1.055942787985551e-20 -3.391553487636759e-27  9.999999779633120e-01  1.030490806313826e-08 
 1.584893192461083e+06 -3.371393825583094e-23  1.004200114203825e-16  1.003158521852668e-04  2.194336993852630e-04 -1.008417556395738e-20 -3.385553013940528e-27  9.999999779644723e-01  1.007371589562377e-08 
 1.621810097358899e+06 -3.442535058584445e-23  9.813417522754288e-17  1.003508693535432e-04  2.245335836050799e-04 -9.630313129227832e-21 -3.378302257663248e-27  9.999999779655893e-01  9.847846506316957e-09 
 1.659586907437529e+06 -3.513824108925288e-23  9.590037110846367e-17  1.003873523926349e-04  2.297524297318887e-04 -9.196877872353134e-21 -3.369769149085586e-27  9.999999779666647e-01  9.627180887962787e-09 
 1.698243652461712e+06 -3.585170988599746e-23  9.371741467059321e-17  1.004253734672091e-04  2.350929935346358e-04 -8.782950418802819e-21 -3.359928263757614e-27  9.999999779677009e-01  9.411602732026902e-09 
 1.737800828749342e+06 -3.656486508106292e-23  9.158414848143972e-17  1.004650077673898e-04  2.405581144557800e-04 -8.387652772713497e-21 -3.348760643259420e-27  9.999999779686991e-01  9.200998370712625e-09 
 1.778279410038889e+06 -3.727682574358310e-23  8.949944145488596e-17  1.005063336573819e-04  2.461506810504943e-04 -8.010146454542421e-21 -3.336253597929655e-27  9.999999779696613e-01  8.995256720239397e-09 
 1.819700858609949e+06 -3.798672480236678e-23  8.746218825147360e-17  1.005494328315867e-04  2.518736619094852e-04 -7.649630722540460e-21 -3.322400489928043e-27  9.999999779705889e-01  8.794269225359388e-09 
 1.862087136662832e+06 -3.869371184311131e-23  8.547130869233864e-17  1.005943904786125e-04  2.577300892880885e-04 -7.305340874271936e-21 -3.307200498383369e-27  9.999999779714832e-01  8.597929805089688e-09 
 1.905460717963211e+06 -3.939695578341714e-23  8.352574718648778e-17  1.006412954536023e-04  2.637230663822265e-04 -6.976546624578678e-21 -3.290658367602587e-27  9.999999779723459e-01  8.406134799637444e-09 
 1.949844599758008e+06 -4.009564738657431e-23  8.162447217111206e-17  1.006902404593158e-04  2.698557673284085e-04 -6.662550556547747e-21 -3.272784138200001e-27  9.999999779731783e-01  8.218782918495425e-09 
 1.995262314968841e+06 -4.078900160759780e-23  7.976647556464034e-17  1.007413222364287e-04  2.761314481176669e-04 -6.362686642197043e-21 -3.253592863920669e-27  9.999999779739814e-01  8.035775189685519e-09 
 2.041737944669490e+06 -4.147625974929167e-23  7.795077223224365e-17  1.007946417635233e-04  2.825534229486948e-04 -6.076318829741060e-21 -3.233104315515750e-27  9.999999779747571e-01  7.857014910127632e-09 
 2.089296130853999e+06 -4.215669140900596e-23  7.617639946350560e-17  1.008503044672665e-04  2.891251115215709e-04 -5.802839694440108e-21 -3.211342673286076e-27  9.999999779755057e-01  7.682407597111353e-09 
 2.137962089502191e+06 -4.282959620674535e-23  7.444241646198369e-17  1.009084204432887e-04  2.958499844680773e-04 -5.541669150171359e-21 -3.188336210639074e-27  9.999999779762290e-01  7.511860940847709e-09 
 2.187761623949510e+06 -4.349430528028839e-23  7.274790384638875e-17  1.009691046882897e-04  3.027316088264342e-04 -5.292253218988671e-21 -3.164116970481047e-27  9.999999779769279e-01  7.345284758078026e-09 
 2.238721138568296e+06 -4.415018255279844e-23  7.109196316311990e-17  1.010324773439194e-04  3.097736371273641e-04 -5.054062856061380e-21 -3.138720437589269e-27  9.999999779776031e-01  7.182590946717036e-09 
 2.290867652767729e+06 -4.479662574765699e-23  6.947371640989546e-17  1.010986639529928e-04  3.169797946611652e-04 -4.826592827499523e-21 -3.112185207628035e-27  9.999999779782559e-01  7.023693441506993e-09 
 2.344228815319877e+06 -4.543306717302652e-23  6.789230557022721e-17  1.011677957286149e-04  3.243539085815428e-04 -4.609360638685202e-21 -3.084552656787736e-27  9.999999779788870e-01  6.868508170659575e-09 
 2.398832919019444e+06 -4.605897426410074e-23  6.634689215849193e-17  1.012400098368075e-04  3.318998860777356e-04 -4.401905510837002e-21 -3.055866613198919e-27  9.999999779794970e-01  6.716953013462215e-09 
 2.454708915684983e+06 -4.667384989584009e-23  6.483665677535801e-17  1.013154496932432e-04  3.396217271074420e-04 -4.203787403636546e-21 -3.026173032813228e-27  9.999999779800870e-01  6.568947758825525e-09 
 2.511886431509531e+06 -4.727723245003122e-23  6.336079867333208e-17  1.013942652747066e-04  3.475235298537882e-04 -4.014586081844099e-21 -2.995519680244937e-27  9.999999779806575e-01  6.424414064748384e-09 
 2.570395782768813e+06 -4.786869569855381e-23  6.191853533219496e-17  1.014766134459188e-04  3.556094798113918e-04 -3.833900223923354e-21 -2.963955819900991e-27  9.999999779812094e-01  6.283275418677449e-09 
 2.630267991895330e+06 -4.844784844490600e-23  6.050910204410201e-17  1.015626583023761e-04  3.638838607002981e-04 -3.661346570784706e-21 -2.931531914593069e-27  9.999999779817436e-01  6.145457098737915e-09 
 2.691534803926863e+06 -4.901433399511882e-23  5.913175150812748e-17  1.016525715298696e-04  3.723510744748637e-04 -3.496559112841349e-21 -2.898299336980173e-27  9.999999779822597e-01  6.010886135812658e-09 
 2.754228703338112e+06 -4.956782943502057e-23  5.778575343403872e-17  1.017465327813722e-04  3.810156049439684e-04 -3.339188313653889e-21 -2.864310092824930e-27  9.999999779827591e-01  5.879491276447213e-09 
 2.818382931264398e+06 -5.010804474890173e-23  5.647039415508868e-17  1.018447300719934e-04  3.898820505128242e-04 -3.188900368516636e-21 -2.829616558485130e-27  9.999999779832418e-01  5.751202946558344e-09 
 2.884031503126549e+06 -5.063472178265120e-23  5.518497624962321e-17  1.019473601927307e-04  3.989551114500500e-04 -3.045376496413045e-21 -2.794271232840341e-27  9.999999779837087e-01  5.625953215924720e-09 
 2.951209226666328e+06 -5.114763308003344e-23  5.392881817130098e-17  1.020546291437606e-04  4.082396044395864e-04 -2.908312263838352e-21 -2.758326505143528e-27  9.999999779841596e-01  5.503675763438554e-09 
 3.019951720401957e+06 -5.164658058644188e-23  5.270125388773077e-17  1.021667525880455e-04  4.177404589427169e-04 -2.777416939055211e-21 -2.721834438145284e-27  9.999999779845955e-01  5.384305843098005e-09 
 3.090295432513529e+06 -5.213139426842046e-23  5.150163252733438e-17  1.022839563260561e-04  4.274627026461530e-04 -2.652412875412592e-21 -2.684846568647702e-27  9.999999779850167e-01  5.267780250720768e-09 
 3.162277660168317e+06 -5.260193062379317e-23  5.032931803424771e-17  1.024064767924448e-04  4.374115123937372e-04 -2.533034922419888e-21 -2.647413723470451e-27  9.999999779854232e-01  5.154037291360284e-09 
 3.235936569296218e+06 -5.305807114217933e-23  4.918368883107731e-17  1.025345615755374e-04  4.475921668927185e-04 -2.419029863327038e-21 -2.609585853234405e-27  9.999999779858152e-01  5.043016747406846e-09 
 3.311311214825845e+06 -5.349972068596032e-23  4.806413748933331e-17  1.026684699605553e-04  4.580100649036467e-04 -2.310155878017705e-21 -2.571411881517798e-27  9.999999779861931e-01  4.934659847357035e-09 
 3.388441561391958e+06 -5.392680584527523e-23  4.697007040736440e-17  1.028084734975200e-04  4.686707397922873e-04 -2.206182030076235e-21 -2.532939571165784e-27  9.999999779865572e-01  4.828909235235797e-09 
 3.467368504525247e+06 -5.433927324705115e-23  4.590090749562351e-17  1.029548565948436e-04  4.795798486156855e-04 -2.106887776940387e-21 -2.494215405718324e-27  9.999999779869075e-01  4.725708940656748e-09 
 3.548133892335684e+06 -5.473708784551346e-23  4.485608186909782e-17  1.031079171396629e-04  4.907431903120596e-04 -2.012062502100821e-21 -2.455284486272304e-27  9.999999779872443e-01  4.625004349507329e-09 
 3.630780547700941e+06 -5.512023122165882e-23  4.383503954673996e-17  1.032679671460334e-04  5.021666947868653e-04 -1.921505068355077e-21 -2.416190443911623e-27  9.999999779875676e-01  4.526742175246562e-09 
 3.715352290971651e+06 -5.548869984424860e-23  4.283723915774066e-17  1.034353334321637e-04  5.138564192748163e-04 -1.835023391168411e-21 -2.376975364466732e-27  9.999999779878777e-01  4.430870430804282e-09 
 3.801893963205536e+06 -5.584250338129064e-23  4.186215165448758e-17  1.036103583279430e-04  5.258185883576516e-04 -1.752434031236572e-21 -2.337679728517407e-27  9.999999779881743e-01  4.337338401071860e-09 
 3.890451449942728e+06 -5.618166300106741e-23  4.090926003205802e-17  1.037934004140876e-04  5.380595430324320e-04 -1.673561805386259e-21 -2.298342362780174e-27  9.999999779884579e-01  4.246096615975404e-09 
 3.981071705534893e+06 -5.650620969641114e-23  3.997805905409637e-17  1.039848352943159e-04  5.505857916432433e-04 -1.598239414987943e-21 -2.259000403350609e-27  9.999999779887284e-01  4.157096824123483e-09 
 4.073802778041046e+06 -5.681618264610577e-23  3.906805498493174e-17  1.041850564020493e-04  5.634039989672601e-04 -1.526307091092862e-21 -2.219689270300897e-27  9.999999779889857e-01  4.070291967022414e-09 
 4.168693834703270e+06 -5.711162760986444e-23  3.817876532779299e-17  1.043944758432273e-04  5.765209753008094e-04 -1.457612255541486e-21 -2.180442652435879e-27  9.999999779892296e-01  3.985636153852912e-09 
 4.265795188015841e+06 -5.739259534108989e-23  3.730971856898277e-17  1.046135252769277e-04  5.899436800973490e-04 -1.392009197324603e-21 -2.141292500650038e-27  9.999999779894606e-01  3.903084636802811e-09 
 4.365158322401572e+06 -5.765914005514409e-23  3.646045392787498e-17  1.048426568355869e-04  6.036792656232137e-04 -1.329358763510567e-21 -2.102269030451874e-27  9.999999779896782e-01  3.822593786951284e-09 
 4.466835921509542e+06 -5.791131792964654e-23  3.563052111260274e-17  1.050823440867272e-04  6.177350296638906e-04 -1.269528064083101e-21 -2.063400731843933e-27  9.999999779898825e-01  3.744121070700560e-09 
 4.570881896148658e+06 -5.814918564902269e-23  3.481948008130778e-17  1.053330830382195e-04  6.321184446278494e-04 -1.212390190063596e-21 -2.024714386212457e-27  9.999999779900733e-01  3.667625026751836e-09 
 4.677351412871888e+06 -5.837279898417046e-23  3.402690080882433e-17  1.055953931892313e-04  6.468371575465426e-04 -1.157823944319989e-21 -1.986235089130507e-27  9.999999779902509e-01  3.593065243622466e-09 
 4.786300923226287e+06 -5.858221142193792e-23  3.325236305867396e-17  1.058698186291472e-04  6.618990155402571e-04 -1.105713584491246e-21 -1.947986278884268e-27  9.999999779904144e-01  3.520402337702029e-09 
 4.897788193684363e+06 -5.877747282521578e-23  3.249545616025056e-17  1.061569291868874e-04  6.773120076104533e-04 -1.055948577482147e-21 -1.909989769391303e-27  9.999999779905644e-01  3.449597931845202e-09 
 5.011872336272622e+06 -5.895862814797083e-23  3.175577879107710e-17  1.064573216332002e-04  6.930843555892352e-04 -1.008423365007631e-21 -1.872265787728575e-27  9.999999779907002e-01  3.380614634499730e-09 
 5.128613839913545e+06 -5.912571616617875e-23  3.103293876401890e-17  1.067716209386618e-04  7.092244304658379e-04 -9.630371396893784e-22 -1.834833014422151e-27  9.999999779908222e-01  3.313416019368033e-09 
 5.248074602497620e+06 -5.927876826776959e-23  3.032655281934059e-17  1.071004815902869e-04  7.257408506120555e-04 -9.196936312297210e-22 -1.797708627412524e-27  9.999999779909295e-01  3.247966605601321e-09 
 5.370317963702418e+06 -5.941780726128344e-23  2.963624642149642e-17  1.074445889698305e-04  7.426423981087282e-04 -8.783009022093010e-22 -1.760908347928649e-27  9.999999779910222e-01  3.184231838525275e-09 
 5.495408738576134e+06 -5.954284621914838e-23  2.896165356054629e-17  1.078046607970542e-04  7.599380696774460e-04 -8.387711530753636e-22 -1.724446488395951e-27  9.999999779911003e-01  3.122178070896653e-09 
 5.623413251903377e+06 -5.965388735559040e-23  2.830241655809199e-17  1.081814486414349e-04  7.776370839565061e-04 -8.010205359070138e-22 -1.688336001995903e-27  9.999999779911630e-01  3.061772544690481e-09 
 5.754399373371452e+06 -5.975092092418033e-23  2.765818587763124e-17  1.085757395060129e-04  7.957488633110188e-04 -7.649689765624326e-22 -1.652588533111256e-27  9.999999779912104e-01  3.002983373417740e-09 
 5.888436553555770e+06 -5.983392413696020e-23  2.702861993922828e-17  1.089883574873119e-04  8.142830774886534e-04 -7.305400048307749e-22 -1.617214468453810e-27  9.999999779912417e-01  2.945779524973867e-09 
 6.025595860743455e+06 -5.990286011035686e-23  2.641338493840341e-17  1.094201655155224e-04  8.332495999638923e-04 -6.976605922285073e-22 -1.582222988769994e-27  9.999999779912566e-01  2.890130805018850e-09 
 6.165950018614695e+06 -5.995767681533932e-23  2.581215466914510e-17  1.098720671794079e-04  8.526585297659039e-04 -6.662609970961075e-22 -1.547622120299235e-27  9.999999779912554e-01  2.836007840890072e-09 
 6.309573444801803e+06 -5.999830605900278e-23  2.522461035095083e-17  1.103450086407004e-04  8.725202205823734e-04 -6.362746166665663e-22 -1.513418786542180e-27  9.999999779912371e-01  2.783382066049797e-09 
 6.456542290346422e+06 -6.002466244555042e-23  2.465044045980517e-17  1.108399806430711e-04  8.928452880354598e-04 -6.076378457919069e-22 -1.479618858830278e-27  9.999999779912011e-01  2.732225705069805e-09 
 6.606934480075824e+06 -6.003664237703251e-23  2.408934056300526e-17  1.113580206211152e-04  9.136445733020082e-04 -5.802899420280595e-22 -1.446227207150300e-27  9.999999779911470e-01  2.682511759156463e-09 
 6.760829753919679e+06 -6.003412302263524e-23  2.354101315774623e-17  1.119002149151788e-04  9.349291722173803e-04 -5.541728967919183e-22 -1.413247749316551e-27  9.999999779910744e-01  2.634213992220536e-09 
 6.918309709189222e+06 -6.001696130919212e-23  2.300516751338104e-17  1.124677010982723e-04  9.567104571033269e-04 -5.292313123172925e-22 -1.380683499760866e-27  9.999999779909827e-01  2.587306917496983e-09 
 7.079457843841233e+06 -5.998499288589028e-23  2.248151951727082e-17  1.130616704217755e-04  9.790000694920309e-04 -5.054122841487484e-22 -1.348536616744873e-27  9.999999779908710e-01  2.541765784721276e-09 
 7.244359600749752e+06 -5.993803109234986e-23  2.196979152414445e-17  1.136833703871485e-04  1.001809934678022e-03 -4.826652889241080e-22 -1.316808448679979e-27  9.999999779907388e-01  2.497566567870115e-09 
 7.413102413009022e+06 -5.987586590445475e-23  2.146971220888704e-17  1.143341074514014e-04  1.025152232614346e-03 -4.609420772075646e-22 -1.285499578945296e-27  9.999999779905853e-01  2.454685953475751e-09 
 7.585775750291681e+06 -5.979826285614428e-23  2.098101642267954e-17  1.150152498747016e-04  1.049039470672142e-03 -4.401965711461068e-22 -1.254609869201300e-27  9.999999779904095e-01  2.413101329525119e-09 
 7.762471166286756e+06 -5.970496193751119e-23  2.050344505241312e-17  1.157282307191365e-04  1.073484432708938e-03 -4.203847667321647e-22 -1.224138501246620e-27  9.999999779902109e-01  2.372790774956355e-09 
 7.943282347242650e+06 -5.959567647277224e-23  2.003674488330382e-17  1.164745510083983e-04  1.098500200896524e-03 -4.014646404651628e-22 -1.194084017527034e-27  9.999999779899883e-01  2.333733049767596e-09 
 8.128305161640823e+06 -5.947009195041221e-23  1.958066846463458e-17  1.172557830589460e-04  1.124100199376699e-03 -3.833960602139968e-22 -1.164444359779301e-27  9.999999779897408e-01  2.295907585754938e-09 
 8.317637711026536e+06 -5.932786481358072e-23  1.913497397855341e-17  1.180735739940790e-04  1.150298150605522e-03 -3.661407000913615e-22 -1.135216906075578e-27  9.999999779894673e-01  2.259294477898712e-09 
 8.511380382023586e+06 -5.916862122220039e-23  1.869942511185836e-17  1.189296494533180e-04  1.177108126285020e-03 -3.496619591593678e-22 -1.106398506561203e-27  9.999999779891664e-01  2.223874476419734e-09 
 8.709635899560623e+06 -5.899195573694793e-23  1.827379093070107e-17  1.198258175105496e-04  1.204544510983396e-03 -3.339248837940103e-22 -1.077985517014230e-27  9.999999779888373e-01  2.189628979529837e-09 
 8.912509381337266e+06 -5.879742996744498e-23  1.785784575814255e-17  1.207639728155265e-04  1.232622060342692e-03 -3.188960935438110e-22 -1.049973831165192e-27  9.999999779884783e-01  2.156540026903451e-09 
 9.120108393558905e+06 -5.858457114760611e-23  1.745136905449632e-17  1.217461009746152e-04  1.261355879250914e-03 -3.045437103253752e-22 -1.022358911177575e-27  9.999999779880880e-01  2.124590293900424e-09 
 9.332543007969713e+06 -5.835287064307403e-23  1.705414530039547e-17  1.227742831880284e-04  1.290761421842035e-03 -2.908372908056748e-22 -9.951358165203450e-28  9.999999779876653e-01  2.093763086572675e-09 
 9.549925860214157e+06 -5.810178237607151e-23  1.666596388252146e-17  1.238507011623209e-04  1.320854571531527e-03 -2.777477618276299e-22 -9.682992311098402e-28  9.999999779872077e-01  2.064042337490826e-09 
 9.772372209557900e+06 -5.783072117703157e-23  1.628661898193440e-17  1.249776423185663e-04  1.351651517325081e-03 -2.652473587420201e-22 -9.418434890242596e-28  9.999999779867144e-01  2.035412602429982e-09 
 9.999999999999788e+06 -5.753906103069579e-23  1.591590946494532e-17  1.261575053184314e-04  1.383168913889676e-03 -2.533095665149185e-22 -9.157625983901675e-28  9.999999779861830e-01  2.007859057957087e-09 
 1.023292992280732e+07 -5.722613323055113e-23  1.555363877647262e-17  1.273928059323382e-04  1.415423794242088e-03 -2.419090634857273e-22 -8.900502638426090e-28  9.999999779856117e-01  1.981367499965818e-09 
 1.047128548050877e+07 -5.689122441755324e-23  1.519961483582633e-17  1.286861832760110e-04  1.448433613404632e-03 -2.310216676565226e-22 -8.646999073282833e-28  9.999999779849981e-01  1.955924343207920e-09 
 1.071519305237583e+07 -5.653357450211666e-23  1.485364993486476e-17  1.300404064440509e-04  1.482216262957081e-03 -2.206242853987749e-22 -8.397046874177225e-28  9.999999779843403e-01  1.931516621873733e-09 
 1.096478196143162e+07 -5.615237445302362e-23  1.451556063846954e-17  1.314583815716512e-04  1.516790056484751e-03 -2.106948624686506e-22 -8.150575170560824e-28  9.999999779836357e-01  1.908131991277380e-09 
 1.122018454301939e+07 -5.574676395316717e-23  1.418516768728637e-17  1.329431593583053e-04  1.552173765958287e-03 -2.012123372269879e-22 -7.907510799404421e-28  9.999999779828819e-01  1.885758730705690e-09 
 1.148153621496858e+07 -5.531582889235602e-23  1.386229590267990e-17  1.344979430902595e-04  1.588386701769195e-03 -1.921565959647214e-22 -7.667778452822686e-28  9.999999779820757e-01  1.864385747492571e-09 
 1.174897554939504e+07 -5.485859870634604e-23  1.354677409385227e-17  1.361260972016417e-04  1.625448538106866e-03 -1.835084302389951e-22 -7.431300812996575e-28  9.999999779812148e-01  1.844002582383843e-09 
 1.202264434617387e+07 -5.437404351625793e-23  1.323843496707614e-17  1.378311564175201e-04  1.663379473029636e-03 -1.752494961294673e-22 -7.197998670118124e-28  9.999999779802964e-01  1.824599416259176e-09 
 1.230268770812355e+07 -5.386107110754509e-23  1.293711503699405e-17  1.396168355258466e-04  1.702200344880112e-03 -1.673622753283834e-22 -6.967791031003369e-28  9.999999779793159e-01  1.806167078281126e-09 
 1.258925411794140e+07 -5.331852366652590e-23  1.264265453993715e-17  1.414870398290578e-04  1.741932297591120e-03 -1.598300379818860e-22 -6.740595209525744e-28  9.999999779782716e-01  1.788697055542209e-09 
 1.288249551693106e+07 -5.274517430963757e-23  1.235489734921715e-17  1.434458763302163e-04  1.782597188139334e-03 -1.526368072037410e-22 -6.516326906219090e-28  9.999999779771587e-01  1.772181504282126e-09 
 1.318256738556379e+07 -5.213972337073428e-23  1.207369089234687e-17  1.454976657130500e-04  1.824217368266545e-03 -1.457673251862099e-22 -6.294900274876525e-28  9.999999779759736e-01  1.756613262749024e-09 
 1.348962882591625e+07 -5.150079440932343e-23  1.179888607014521e-17  1.476469551797795e-04  1.866815713583492e-03 -1.392070208361845e-22 -6.076227974231560e-28  9.999999779747129e-01  1.741985865777396e-09 
 1.380384264602855e+07 -5.082692995183482e-23  1.153033717768385e-17  1.498985322156253e-04  1.910415769089013e-03 -1.329419788679358e-22 -5.860221209017750e-28  9.999999779733716e-01  1.728293561155619e-09 
 1.412537544622724e+07 -5.011658691914823e-23  1.126790182703364e-17  1.522574393539687e-04  1.955041618202813e-03 -1.269589102869183e-22 -5.646789757512224e-28  9.999999779719457e-01  1.715531327853723e-09 
 1.445439770745896e+07 -4.936813172109602e-23  1.101144087176977e-17  1.547289900216549e-04  2.000718013732694e-03 -1.212451242020224e-22 -5.435841986393980e-28  9.999999779704304e-01  1.703694896180637e-09 
 1.479108388168175e+07 -4.857983500811020e-23  1.076081833319578e-17  1.573187855494574e-04  2.047470276011154e-03 -1.157885009064847e-22 -5.227284854834008e-28  9.999999779688211e-01  1.692780769935242e-09 
 1.513561248436175e+07 -4.774986602787734e-23  1.051590132824697e-17  1.600327334387325e-04  2.095324496622197e-03 -1.105774661703562e-22 -5.021023905153785e-28  9.999999779671123e-01  1.682786250612438e-09 
 1.548816618912448e+07 -4.687628657960990e-23  1.027655999903546e-17  1.628770669813149e-04  2.144307363778353e-03 -1.056009666900012e-22 -4.816963242669678e-28  9.999999779652987e-01  1.673709463718724e-09 
 1.584893192461079e+07 -4.595704452854789e-23  1.004266744399904e-17  1.658583663359190e-04  2.194446249632165e-03 -1.008484466425487e-22 -4.615005504096366e-28  9.999999779633751e-01  1.665549387244034e-09 
 1.621810097358895e+07 -4.498996683724768e-23  9.814099650617718e-18  1.689835811710355e-04  2.245769326691516e-03 -9.630982529556925e-23 -4.415051813618025e-28  9.999999779613353e-01  1.658305882331010e-09 
 1.659586907437524e+07 -4.397275211057795e-23  9.590735429661920e-18  1.722600549904782e-04  2.298305436852388e-03 -9.197547562448033e-23 -4.217001730002208e-28  9.999999779591735e-01  1.651979726168598e-09 
 1.698243652461707e+07 -4.290296257285125e-23  9.372456350937764e-18  1.756955512648083e-04  2.352084178710356e-03 -8.783620389232739e-23 -4.020753180415507e-28  9.999999779568837e-01  1.646572647129636e-09 
 1.737800828749337e+07 -4.177801548401590e-23  9.159146680495137e-18  1.792982814982261e-04  2.407135994872078e-03 -8.388323014862535e-23 -3.826202385710772e-28  9.999999779544591e-01  1.642087362155407e-09 
 1.778279410038884e+07 -4.059517392074280e-23  8.950693319265303e-18  1.830769353676775e-04  2.463492099195719e-03 -8.010816960589606e-23 -3.633243774115418e-28  9.999999779518931e-01  1.638527616379711e-09 
 1.819700858609944e+07 -3.935153691351129e-23  8.746985743095564e-18  1.870407130770710e-04  2.521184491342865e-03 -7.650301485439917e-23 -3.441769886745430e-28  9.999999779491793e-01  1.635898224963671e-09 
 1.862087136662827e+07 -3.804402885095558e-23  8.547915944149020e-18  1.911993600766736e-04  2.580246073193848e-03 -7.306011887733057e-23 -3.251671271201438e-28  9.999999779463105e-01  1.634205117100269e-09 
 1.905460717963205e+07 -3.666938816248002e-23  8.353378373638460e-18  1.955632043034393e-04  2.640710561536252e-03 -6.977217883046229e-23 -3.062836368756265e-28  9.999999779432798e-01  1.633455382121586e-09 
 1.949844599758003e+07 -3.522415517718967e-23  8.163269885863884e-18  2.001431961049653e-04  2.702612720895559e-03 -6.663222055181720e-23 -2.875151390721851e-28  9.999999779400792e-01  1.633657317627733e-09 
 1.995262314968836e+07 -3.370465914904558e-23  7.977489683524056e-18  2.049509510148529e-04  2.765988028841093e-03 -6.363358376852240e-23 -2.688500187947399e-28  9.999999779367021e-01  1.634820479527185e-09 
 2.041737944669485e+07 -3.210700438211400e-23  7.795939264272920e-18  2.099987955529432e-04  2.830872952472419e-03 -6.076990796946192e-23 -2.502764112616709e-28  9.999999779331414e-01  1.636955733856709e-09 
 2.089296130853994e+07 -3.042705539562702e-23  7.618522368492604e-18  2.152998162288497e-04  2.897305064834654e-03 -5.803511891376335e-23 -2.317821872366920e-28  9.999999779293889e-01  1.640075310223829e-09 
 2.137962089502185e+07 -2.866042110136857e-23  7.445144928255242e-18  2.208679119309962e-04  2.965322753880173e-03 -5.542341574650102e-23 -2.133549379465462e-28  9.999999779254376e-01  1.644192856683838e-09 
 2.187761623949505e+07 -2.680243791021873e-23  7.275715017446435e-18  2.267178498873678e-04  3.034965484403074e-03 -5.292925869428553e-23 -1.949819593518648e-28  9.999999779212803e-01  1.649323495838673e-09 
 2.238721138568290e+07 -2.484815173212201e-23  7.110142803023958e-18  2.328653253858459e-04  3.106273710727692e-03 -5.054735731464163e-23 -1.766502360090179e-28  9.999999779169094e-01  1.655483881907762e-09 
 2.290867652767723e+07 -2.279229880232672e-23  6.948340497385693e-18  2.393270254444513e-04  3.179289022227749e-03 -4.827265927424827e-23 -1.583464245276323e-28  9.999999779123180e-01  1.662692258496274e-09 
 2.344228815319870e+07 -2.062928529617603e-23  6.790222311821499e-18  2.461206966209811e-04  3.254053939599544e-03 -4.610033963223881e-23 -1.400568368532476e-28  9.999999779074993e-01  1.670968516744597e-09 
 2.398832919019438e+07 -1.835316564870639e-23  6.635704411024290e-18  2.532652171516049e-04  3.330612060381100e-03 -4.402579060582969e-23 -1.217674232839026e-28  9.999999779024471e-01  1.680334253516786e-09 
 2.454708915684976e+07 -1.595761955052791e-23  6.484704868636016e-18  2.607806736033683e-04  3.409008349990472e-03 -4.204461179656840e-23 -1.034637555279211e-28  9.999999778971541e-01  1.690812829236356e-09 
 2.511886431509525e+07 -1.343592756390366e-23  6.337143623804995e-18  2.686884422228100e-04  3.489288443233818e-03 -4.015260085647017e-23 -8.513100990536592e-29  9.999999778916158e-01  1.702429424953052e-09 
 2.570395782768807e+07 -1.078094528846265e-23  6.192942438731349e-18  2.770112751546729e-04  3.571499401004985e-03 -3.834574457424419e-23 -6.675395070924925e-29  9.999999778858264e-01  1.715211098174323e-09 
 2.630267991895324e+07 -7.985076045468866e-24  6.052024857177984e-18  2.857733916961562e-04  3.655689302831888e-03 -3.662021036270249e-23 -4.831691399952338e-29  9.999999778797817e-01  1.729186836958236e-09 
 2.691534803926856e+07 -5.040242049844926e-24  5.914316163924941e-18  2.950005747400863e-04  3.741907334187999e-03 -3.497233812929475e-23 -2.980379207588529e-29  9.999999778734776e-01  1.744387611720096e-09 
 2.754228703338105e+07 -1.937853979343946e-24  5.779743345145524e-18  3.047202725455140e-04  3.830203815596178e-03 -3.339863251252574e-23 -1.119801850256978e-29  9.999999778669117e-01  1.760846424160390e-09 
 2.818382931264391e+07  1.331221028822892e-24  5.648235049682989e-18  3.149617059556292e-04  3.920630202628672e-03 -3.189575546778726e-23  7.517445721614270e-30  9.999999778600818e-01  1.778598352673318e-09 
 2.884031503126542e+07  4.776693028556762e-24  5.519721551207183e-18  3.257559811616860e-04  4.013239027699456e-03 -3.046051918687874e-23  2.636012492593247e-29  9.999999778529871e-01  1.797680593552027e-09 
 2.951209226666320e+07  8.408884569908786e-24  5.394134711230801e-18  3.371362080833541e-04  4.108083929168060e-03 -2.908987933619735e-23  4.534804015579432e-29  9.999999778456282e-01  1.818132497245352e-09 
 3.019951720401949e+07  1.223876765875176e-23  5.271407942965539e-18  3.491376244072298e-04  4.205219622235745e-03 -2.778092859925523e-23  6.449971888902611e-29  9.999999778380070e-01  1.839995598882499e-09 
 3.090295432513522e+07  1.627800238729147e-23  5.151476175998751e-18  3.617977252867808e-04  4.304701782530174e-03 -2.653089050982664e-23  8.383420291605969e-29  9.999999778301272e-01  1.863313642215754e-09 
 3.162277660168309e+07  2.053897720456396e-23  5.034275821771682e-18  3.751563986668469e-04  4.406587162520736e-03 -2.533711356264434e-23  1.033710540137747e-28  9.999999778219940e-01  1.888132596085966e-09 
 3.235936569296210e+07  2.503485083364497e-23  4.919744739840737e-18  3.892560661462283e-04  4.510933504207060e-03 -2.419706558915339e-23  1.231303572989823e-28  9.999999778136144e-01  1.914500662451244e-09 
 3.311311214825837e+07  2.977959573266467e-23  4.807822204903696e-18  4.041418292374641e-04  4.617799364496022e-03 -2.310832838639254e-23  1.431327216515098e-28  9.999999778049978e-01  1.942468274964790e-09 
 3.388441561391950e+07  3.478804310250159e-23  4.698448874573116e-18  4.198616208215808e-04  4.727244144305587e-03 -2.206859258761069e-23  1.633992772176542e-28  9.999999777961561e-01  1.972088087034299e-09 
 3.467368504525239e+07  4.007592932096906e-23  4.591566757879586e-18  4.364663615243414e-04  4.839328146772459e-03 -2.107565276373827e-23  1.839516694608432e-28  9.999999777871029e-01  2.003414948231602e-09 
 3.548133892335676e+07  4.565994369983954e-23  4.487119184487906e-18  4.540101206622198e-04  4.954112082486972e-03 -2.012740274532350e-23  2.048120494219389e-28  9.999999777778559e-01  2.036505867865487e-09 
 3.630780547700933e+07  5.155777743438253e-23  4.385050774609523e-18  4.725502813228333e-04  5.071657506050542e-03 -1.922183115501082e-23  2.260030598299233e-28  9.999999777684343e-01  2.071419964492704e-09 
 3.715352290971643e+07  5.778817360415322e-23  4.285307409595069e-18  4.921477090410564e-04  5.192026350414380e-03 -1.835701714108559e-23  2.475478167629776e-28  9.999999777588613e-01  2.108218400057876e-09 
 3.801893963205528e+07  6.437097798654576e-23  4.187836203191084e-18  5.128669234361068e-04  5.315280781360343e-03 -1.753112630303584e-23  2.694698862558599e-28  9.999999777491635e-01  2.146964297351615e-09 
 3.890451449942719e+07  7.132719050915109e-23  4.092585473445370e-18  5.347762720525733e-04  5.441483284812421e-03 -1.674240680048855e-23  2.917932556787429e-28  9.999999777393710e-01  2.187722639404134e-09 
 3.981071705534884e+07  7.867901703854574e-23  3.999504715245854e-18  5.579481055262708e-04  5.570696317590773e-03 -1.598918563726793e-23  3.145422992981127e-28  9.999999777295181e-01  2.230560149414178e-09 
 4.073802778041036e+07  8.644992120649201e-23  3.908544573478069e-18  5.824589530645204e-04  5.702982249204069e-03 -1.526986511269379e-23  3.377417376236929e-28  9.999999777196427e-01  2.275545149805357e-09 
 4.168693834703261e+07  9.466467595505618e-23  3.819656816786742e-18  6.083896970808856e-04  5.838403070811182e-03 -1.458291943259338e-23  3.614165902282470e-28  9.999999777097877e-01  2.322747398970265e-09 
 4.265795188015831e+07  1.033494143557473e-22  3.732794311927327e-18  6.358257456786994e-04  5.977020133286715e-03 -1.392689147283879e-23  3.855921214075090e-28  9.999999777000007e-01  2.372237904298554e-09 
 4.365158322401562e+07  1.125316793161133e-22  3.647910998693604e-18  6.648572015139235e-04  6.118894205428660e-03 -1.330038968854542e-23  4.102937784794476e-28  9.999999776903337e-01  2.424088710096758e-09 
 4.466835921509531e+07  1.222404716524099e-22  3.564961865407871e-18  6.955790254021521e-04  6.264084542635828e-03 -1.270208516237652e-23  4.355471221963090e-28  9.999999776808453e-01  2.478372659060728e-09 
 4.570881896148648e+07  1.325062959864034e-22  3.483902924960417e-18  7.280911928617111e-04  6.412649818230420e-03 -1.213070878569318e-23  4.613777488935594e-28  9.999999776715972e-01  2.535163126031629e-09 
 4.677351412871877e+07  1.433612038841833e-22  3.404691191385541e-18  7.624988416081318e-04  6.564646377228200e-03 -1.158504856657188e-23  4.878112040712259e-28  9.999999776626594e-01  2.594533722863182e-09 
 4.786300923226276e+07  1.548388335935724e-22  3.327284656961436e-18  7.989124078364368e-04  6.720128701999784e-03 -1.106394705898016e-23  5.148728871060878e-28  9.999999776541066e-01  2.656557973352609e-09 
 4.897788193684352e+07  1.669744456492078e-22  3.251642269821776e-18  8.374477489488033e-04  6.879149179439992e-03 -1.056629890765829e-23  5.425879467260013e-28  9.999999776460199e-01  2.721308957342233e-09 
 5.011872336272611e+07  1.798049536396323e-22  3.177723912067083e-18  8.782262502117761e-04  7.041757460683584e-03 -1.009104850350048e-23  5.709811671986693e-28  9.999999776384866e-01  2.788858923294433e-09 
 5.128613839913534e+07  1.933689492783248e-22  3.105490378364301e-18  9.213749126504082e-04  7.207999937236309e-03 -9.637187744463360e-24  6.000768449092327e-28  9.999999776316008e-01  2.859278868842425e-09 
 5.248074602497608e+07  2.077067209824189e-22  3.034903355023315e-18  9.670264193373733e-04  7.377919449936599e-03 -9.203753897253370e-24  6.298986554426771e-28  9.999999776254639e-01  2.932638089114685e-09 
 5.370317963702407e+07  2.228602650200037e-22  2.965925399539536e-18  1.015319177078739e-03  7.551554765086621e-03 -8.789827555258694e-24  6.604695110501451e-28  9.999999776201841e-01  3.009003692896261e-09 
 5.495408738576122e+07  2.388732883168786e-22  2.898519920591917e-18  1.066397330366615e-03  7.728940458036959e-03 -8.394530688395336e-24  6.918114087014622e-28  9.999999776158764e-01  3.088440087021139e-09 
 5.623413251903364e+07  2.557912019436405e-22  2.832651158486237e-18  1.120410744367310e-03  7.910106040071696e-03 -8.017024780732151e-24  7.239452689159613e-28  9.999999776126630e-01  3.171008429781886e-09 
 5.754399373371439e+07  2.736611043046606e-22  2.768284166033670e-18  1.177514953629571e-03  8.095075143501163e-03 -7.656509051945574e-24  7.568907657612818e-28  9.999999776106742e-01  3.256766054542547e-09 
 5.888436553555757e+07  2.925317530147136e-22  2.705384789855158e-18  1.237871073123800e-03  8.283865870907903e-03 -7.312218758832891e-24  7.906661484790043e-28  9.999999776100466e-01  3.345765865120081e-09 
 6.025595860743441e+07  3.124535244468488e-22  2.643919652102336e-18  1.301645668246831e-03  8.476489456370473e-03 -6.983423573282484e-24  8.252880553470245e-28  9.999999776109246e-01  3.438055705084686e-09 
 6.165950018614683e+07  3.334783599440254e-22  2.583856132586156e-18  1.369010580394050e-03  8.672949916217476e-03 -6.669426033261734e-24  8.607713205433080e-28  9.999999776134603e-01  3.533677703468805e-09 
 6.309573444801790e+07  3.556596977352582e-22  2.525162351304701e-18  1.440142704818596e-03  8.873243641573936e-03 -6.369560063538042e-24  8.971287750009527e-28  9.999999776178120e-01  3.632667600033177e-09 
 6.456542290346409e+07  3.790523895661554e-22  2.467807151362028e-18  1.515223717578354e-03  9.077358525246382e-03 -6.083189562996314e-24  9.343710422287291e-28  9.999999776241459e-01  3.735054053672657e-09 
 6.606934480075811e+07  4.037126011657445e-22  2.411760082270207e-18  1.594439748538777e-03  9.285273554269224e-03 -5.809707055557410e-24  9.725063303984489e-28  9.999999776326345e-01  3.840857938086185e-09 
 6.760829753919666e+07  4.296976957023301e-22  2.356991383627068e-18  1.677980997651110e-03  9.496958053205162e-03 -5.548532401836768e-24  1.011540222064813e-27  9.999999776434569e-01  3.950091629442582e-09 
 6.918309709189209e+07  4.570660994926411e-22  2.303471969162536e-18  1.766041291958280e-03  9.712371393106878e-03 -5.299111568811281e-24  1.051475463108620e-27  9.999999776567979e-01  4.062758291179448e-09 
 7.079457843841220e+07  4.858771492991402e-22  2.251173411146718e-18  1.858817581193551e-03  9.931461885571480e-03 -5.060915454885214e-24  1.092311752567749e-27  9.999999776728489e-01  4.178851161751607e-09 
 7.244359600749739e+07  5.161909206832259e-22  2.200067925153238e-18  1.956509370149082e-03  1.015416660811752e-02 -4.833438767863341e-24  1.134045535196645e-27  9.999999776918058e-01  4.298352851404709e-09 
 7.413102413009009e+07  5.480680370520091e-22  2.150128355171650e-18  2.059318086550042e-03  1.038041076390073e-02 -4.616198953451564e-24  1.176669798793367e-27  9.999999777138694e-01  4.421234654708453e-09 
 7.585775750291668e+07  5.815694591372281e-22  2.101328159063012e-18  2.167446383653448e-03  1.061010721605271e-02 -4.408735172012064e-24  1.220173878319710e-27  9.999999777392443e-01  4.547455885864217e-09 
 7.762471166286743e+07  6.167562548749715e-22  2.053641394352996e-18  2.281097377380933e-03  1.084315561456606e-02 -4.210607321402293e-24  1.264543269062503e-27  9.999999777681388e-01  4.676963244139195e-09 
 7.943282347242635e+07  6.536893498175603e-22  2.007042704357183e-18  2.400473818451418e-03  1.107944245450199e-02 -4.021395103824500e-24  1.309759451092743e-27  9.999999778007636e-01  4.809690217065504e-09 
 8.128305161640808e+07  6.924292584234846e-22  1.961507304633386e-18  2.525777200704508e-03  1.131884031929076e-02 -3.840697134705571e-24  1.355799727348166e-27  9.999999778373307e-01  4.945556529275109e-09 
 8.317637711026521e+07  7.330357968267619e-22  1.917010969756094e-18  2.657206807518912e-03  1.156120776431635e-02 -3.668130091715862e-24  1.402637077756144e-27  9.999999778780535e-01  5.084467644863029e-09 
 8.511380382023571e+07  7.755677778631749e-22  1.873530020408290e-18  2.794958699051936e-03  1.180638850200921e-02 -3.503327902120462e-24  1.450240031692423e-27  9.999999779231452e-01  5.226314331237190e-09 
 8.709635899560608e+07  8.200826894517433e-22  1.831041310786048e-18  2.939224643845654e-03  1.205421239137650e-02 -3.345940966737365e-24  1.498572561189674e-27  9.999999779728165e-01  5.370972292299279e-09 
 8.912509381337252e+07  8.666363576117251e-22  1.789522216311462e-18  3.090190999201811e-03  1.230449345894158e-02 -3.195635418854386e-24  1.547593997105744e-27  9.999999780272775e-01  5.518301878603552e-09 
 9.120108393558890e+07  9.152825957505700e-22  1.748950621649518e-18  3.248037545598582e-03  1.255703158676624e-02 -3.052092416530407e-24  1.597258970546506e-27  9.999999780867337e-01  5.668147881829710e-09 
 9.332543007969697e+07  9.660728420040078e-22  1.709304909024604e-18  3.412936281298865e-03  1.281161152292043e-02 -2.915007466777178e-24  1.647517381494747e-27  9.999999781513860e-01  5.820339420482952e-09 
 9.549925860214141e+07  1.019055786789177e-21  1.670563946832348e-18  3.585050184169735e-03  1.306800323072821e-02 -2.784089780185085e-24  1.698314396655026e-27  9.999999782214298e-01  5.974689923198302e-09 
 9.772372209557883e+07  1.074276992883811e-21  1.632707078542504e-18  3.764531948584819e-03  1.332596223801374e-02 -2.659061654620736e-24  1.749590478145435e-27  9.999999782970530e-01  6.130997215380777e-09 
 9.999999999999771e+07  1.131778510697057e-21  1.595714111888492e-18  3.951522706093535e-03  1.358523010276258e-02 -2.539657886685532e-24  1.801281444626243e-27  9.999999783784348e-01  6.289043714146634e-09 
