frequency,ip0,ip0,ip1,ip1,ip2,ip2,ip3,ip3,v(e0),v(e0),v(e1),v(e1),v(f0),v(f0),v(f1),v(f1)
1.000000000000000000e+00,4.563464603007906727e-17,-9.755036950753869998e-17,-2.855559259219079058e-13,-4.493378526255804201e-13,4.327732505441085833e-12,6.718346048853872282e-12,3.950574047278446233e-08,6.282981997251821672e-06,1.552562350756568856e-11,7.262979491936023338e-12,7.151434036365871015e-08,-4.544763713965474030e-08,-1.069257983076998070e-06,6.887800206204216939e-07,3.235777998333057699e-05,6.287533876749198079e-03
1.029207941669012083e+00,4.231333017488454817e-17,-9.709795763159379544e-17,-2.975243556508410018e-13,-4.547131128586456192e-13,4.509610046304636282e-12,6.796648779797495105e-12,4.184660640269466099e-08,6.466479055099731974e-06,1.501506089832076091e-11,6.543260485428777317e-12,7.031605244203421113e-08,-4.600865381515949166e-08,-1.051022058778619947e-06,6.973583288935321067e-07,3.481866805524139327e-05,6.471087125318419203e-03
1.059268987194563971e+00,3.900220833171085793e-17,-9.651213062682835806e-17,-3.097781198992989938e-13,-4.598288427950781536e-13,4.695811671574967917e-12,6.870905506095046901e-12,4.432615824513911051e-08,6.655334277413385300e-06,1.450092737848566942e-11,5.860073619196338620e-12,6.908918715810611860e-08,-4.654409752357968273e-08,-1.032352110778344909e-06,7.055447184752689875e-07,3.742110434226613667e-05,6.659995976726983298e-03
1.090208053984335956e+00,3.571037046396671707e-17,-9.579222841182046253e-17,-3.223065165612280234e-13,-4.646670738717084848e-13,4.886173762161749087e-12,6.940840741884071948e-12,4.695261152268085287e-08,6.849704040997372060e-06,1.398430933050891971e-11,5.213208578135107158e-12,6.783481504145247113e-08,-4.705218890465678768e-08,-1.013264495017517021e-06,7.133122014755712172e-07,4.017319713794301731e-05,6.854416629557852358e-03
1.122050787232198088e+00,3.244707919841448895e-17,-9.493834911925563018e-17,-3.350974281652312858e-13,-4.692102738921182256e-13,5.080511185618215004e-12,7.006185620558517069e-12,4.973466842672007305e-08,7.049749279095441302e-06,1.346633122426281964e-11,4.602387968605573356e-12,6.655414825173948476e-08,-4.753119263115959830e-08,-9.937777205983931854e-07,7.206344648795963961e-07,4.308352721888348706e-05,7.054509843243731392e-03
1.154823581175344893e+00,2.922169343375170923e-17,-9.395137918003760152e-17,-3.481373360858356839e-13,-4.734414790269005029e-13,5.278617518519048952e-12,7.066679898689383895e-12,5.268154665008565299e-08,7.255635613485525162e-06,1.294814779551472931e-11,4.027261853073822346e-12,6.524853915364248518e-08,-4.797943063867196813e-08,-9.739124273682278602e-07,7.274860718627984535e-07,4.616117682013738330e-05,7.260441071487206202e-03
1.188553600972312996e+00,2.604358689860540986e-17,-9.283301455931262607e-17,-3.614113490889801023e-13,-4.773444269259245530e-13,5.480265486799673121e-12,7.122073975865027798e-12,5.580300992722182076e-08,7.467533490342426846e-06,1.243093549769208992e-11,3.487403165802136178e-12,6.391947745602651268e-08,-4.839529546666330855e-08,-9.536913416422956666e-07,7.338426647031778884e-07,4.941576046195936142e-05,7.472380599459683102e-03
1.223268805220006916e+00,2.292206281718550991e-17,-9.158577226355941427e-17,-3.749032466579495079e-13,-4.809036891809865138e-13,5.685207630717165037e-12,7.172130903624856673e-12,5.910940038281375313e-08,7.685618319969905041e-06,1.191588333687010986e-11,2.982304124531225158e-12,6.256858587227434316e-08,-4.877726353536943260e-08,-9.331392094223648720e-07,7.396811666178839175e-07,5.285745773313818910e-05,7.690503684863293256e-03
1.258997969128395011e+00,1.986626600614072903e-17,-9.021299140124697696e-17,-3.885955372823432838e-13,-4.841048012669079595e-13,5.893177197108123806e-12,7.216628355008051094e-12,6.261167279560361447e-08,7.910070620506120419e-06,1.140418321925892976e-11,2.511373737834312000e-12,6.119761428168801219e-08,-4.912390817020342326e-08,-9.122827068194679369e-07,7.449799796623400281e-07,5.649704813965016206e-05,7.914990702940858519e-03
1.295770708372101065e+00,1.688509386394797870e-17,-8.871882328566099449e-17,-4.024695316451158984e-13,-4.869343880382387450e-13,6.103889257706864109e-12,7.255360525482424613e-12,6.632143089040564007e-08,8.141076165708640162e-06,1.089701995883866024e-11,2.073936488650919978e-12,5.980843240010793132e-08,-4.943391218163404892e-08,-8.911503278192187717e-07,7.497191757560519648e-07,6.034594813082894718e-05,8.146027295520894343e-03
1.333617503638647950e+00,1.398710781475393915e-17,-8.710821029672747930e-17,-4.165054303512911830e-13,-4.893802828241021295e-13,6.317042048083935351e-12,7.288139935519134317e-12,7.025096577794767313e-08,8.378826136927424082e-06,1.039556110712908924e-11,1.669232251529108019e-12,5.840302099414383291e-08,-4.970607980486325703e-08,-8.697722499281263376e-07,7.538806778771293966e-07,6.441625041923348721e-05,8.383804524186463242e-03
1.372569725893697967e+00,1.118044683491688066e-17,-8.538685346883764011e-17,-4.306824255555589906e-13,-4.914316382022830986e-13,6.532318517173287862e-12,7.314799105688717950e-12,7.441329666917459133e-08,8.623517279376473321e-06,9.900946777607526019e-12,1.296417476055397037e-12,5.698346170407862714e-08,-4.993934780642470824e-08,-8.481801787056883205e-07,7.574484284810509333e-07,6.872076571433187193e-05,8.628519027659240642e-03
1.412659662384252890e+00,8.472744703842782874e-18,-8.356116903934854222e-17,-4.449788155634912769e-13,-4.930790265940473162e-13,6.749388073210792866e-12,7.335192076097463448e-12,7.882221399806688359e-08,8.875352062816966385e-06,9.414279643763410327e-12,9.545676407977310961e-13,5.555192556778530829e-08,-5.013279557269808068e-08,-8.264071726016792777e-07,7.604085423406048880e-07,7.327306699480547008e-05,8.880373183493096151e-03
1.453920543401338028e+00,5.871052593997041235e-18,-8.163823445959037203e-17,-4.593721311947518768e-13,-4.943145289502078088e-13,6.967908507562714315e-12,7.349195743967615945e-12,8.349232509488085069e-08,9.134538846767012102e-06,8.936615290641993907e-12,6.426809537343411935e-13,5.411066036698176059e-08,-5.028565400641833259e-08,-8.044874499579127200e-07,7.627494411739367413e-07,7.808753644922599628e-05,9.139575274174888131e-03
1.496386569824383006e+00,3.381768532584582966e-18,-7.962572463676999928e-17,-4.738392724415159402e-13,-4.951318099616527735e-13,7.187528073996398353e-12,7.356710995661506182e-12,8.843910256002791796e-08,9.401292050355142125e-06,8.468953095925842203e-12,3.596832457649149790e-13,5.266197694268423311e-08,-5.039731307464568019e-08,-7.824561804209727211e-07,7.644619676869657887e-07,8.317941522061385741e-05,9.406339657733932963e-03
1.540092941470105892e+00,1.010575141193417970e-18,-7.753183942382318199e-17,-4.883566537199240463e-13,-4.955261784374507399e-13,7.407887697363027914e-12,7.357663612661461009e-12,9.367893549761314609e-08,9.675832326936933974e-06,8.012227807193065694e-12,1.044339758697898050e-13,5.120823465009541086e-08,-5.046732787253127226e-08,-7.603492633663068385e-07,7.655394769743831495e-07,8.856485609684544699e-05,9.680886942965937630e-03
1.585075886269422085e+00,-1.237613114507344933e-18,-7.536522360140987844e-17,-5.029003558126234159e-13,-4.954946317456441489e-13,7.628623282817077856e-12,7.352004934860752824e-12,9.922918377696754334e-08,9.958386743596105473e-06,7.567301967870301095e-12,-1.242667600431337908e-13,4.975182614342882866e-08,-5.049542309209506243e-08,-7.382030962397777561e-07,7.659779036218893107e-07,9.426097929616303729e-05,9.963444169381632104e-03
1.631372690296535977e+00,-3.358692144873130181e-18,-7.313488078829232247e-17,-5.174462824435819970e-13,-4.950358834924598060e-13,7.849368094119708148e-12,7.339712268803024712e-12,1.051082355003709983e-07,1.024918896565345939e-05,7.134959325436200183e-12,-3.276703480204225049e-13,4.829516169684518966e-08,-5.048149581347441790e-08,-7.160543359591826092e-07,7.657758032592054633e-07,1.002859315053329035e-04,1.025424499199525073e-02
1.679021728675136993e+00,-5.349399151528600358e-18,-7.085008286667275953e-17,-5.319703193145479270e-13,-4.941503739171904718e-13,8.069755168026094559e-12,7.320789033096777649e-12,1.113355678656000975e-07,1.054847944630890029e-05,6.715899332404126887e-12,-5.070710539339877699e-13,4.684065327831506255e-08,-5.042561656655351233e-08,-6.939396566771439741e-07,7.649343677917468093e-07,1.066589483373701067e-04,1.055352987107285000e-02
1.728062497387282903e+00,-7.207331733426811680e-18,-6.852027661664523245e-17,-5.464484933763668975e-13,-4.928402628078126652e-13,8.289419730959873347e-12,7.295264638215668354e-12,1.179318116229836960e-07,1.085650562154368007e-05,6.310732824797284331e-12,-6.637968670764331483e-13,4.539069859982795882e-08,-5.032802864332771215e-08,-6.718955073042806863e-07,7.634574140347648508e-07,1.134004203861330954e-04,1.086154626696560037e-02
1.778535646011377924e+00,-8.930954961685914942e-18,-6.615498930574494128e-17,-5.608571300997769392e-13,-4.911094050670150737e-13,8.508001583904082909e-12,7.263194102829291937e-12,1.249188193383402040e-07,1.117352211041151973e-05,5.919978934250396908e-12,-7.991999664842863152e-13,4.394766536764442675e-08,-5.018914567380151124e-08,-6.499578721931280528e-07,7.613513459506713791e-07,1.205319630667585996e-04,1.117854884015808022e-02
1.830483011416337069e+00,-1.051959649106749072e-17,-6.376373498345363535e-17,-5.751730065595842395e-13,-4.889633093740914954e-13,8.725147422475106672e-12,7.224657413600636663e-12,1.323197376855382893e-07,1.149979092084899942e-05,5.544063260530344396e-12,-9.146469923204041306e-13,4.251387595083135164e-08,-5.000954751071664976e-08,-6.281620382974000598e-07,7.586250912090980152e-07,1.280764904438183951e-04,1.150479965666641007e-02
1.883947652439901921e+00,-1.197343005405541064e-17,-6.135592317876966601e-17,-5.893734982423369651e-13,-4.864090807133184322e-13,8.940513060404293075e-12,7.179758640315552073e-12,1.401590840055148908e-07,1.183558166113684081e-05,5.183317301423423371e-12,-1.011509304093452095e-12,4.109159267777416896e-08,-4.978997449910443931e-08,-6.065423719884474289e-07,7.552900132326705039e-07,1.360582932630290045e-04,1.184056839892556022e-02
1.938973885579839074e+00,-1.329344795130294932e-17,-5.894077160258764213e-17,-6.034367176483869980e-13,-4.834553478104829922e-13,9.153765527188476273e-12,7.128624822311645167e-12,1.484628273824224900e-07,1.218117175714506062e-05,4.837979108417435388e-12,-1.091153402281125017e-12,3.968300395404250029e-08,-4.953132023651209117e-08,-5.851321084601406127e-07,7.513598003516008239e-07,1.445031214178184081e-04,1.218613258230930030e-02
1.995607321727592032e+00,-1.448142338832762144e-17,-5.652722431177269770e-17,-6.173416429241374163e-13,-4.801121767886694309e-13,9.364585013309865289e-12,7.071404646253679010e-12,1.572584745022192975e-07,1.253684667549582004e-05,4.508195109594339601e-12,-1.154931679276298963e-12,3.829021137704426758e-08,-4.923462295317243806e-08,-5.639631563788663915e-07,7.468503340538433844e-07,1.534382710984920882e-04,1.254177777742964024e-02
2.053894903974863961e+00,-1.553986371573116930e-17,-5.412387661204001203e-17,-6.310682350242518076e-13,-4.763909725610852371e-13,9.572666640229635357e-12,7.008266938412550088e-12,1.665751605744982890e-07,1.290290015277872935e-05,4.194023017161842164e-12,-1.204173651021079941e-12,3.691521799909002194e-08,-4.890105566648642195e-08,-5.430659200708116118e-07,7.417795386779330174e-07,1.628926768896092896e-04,1.290779783836596036e-02
2.113884946524442920e+00,-1.647195579569345936e-17,-5.173890776810503130e-17,-6.445975421197820036e-13,-4.723043696709620272e-13,9.777722035912402537e-12,6.939398997509213293e-12,1.764437456147122078e-07,1.327963443095368079e-05,3.895435716597720840e-12,-1.240177802290572991e-12,3.555991786621404686e-08,-4.853191527851360164e-08,-5.224691411689202338e-07,7.361672151327822771e-07,1.728970090999698908e-04,1.328449513697583032e-02
2.175627174737531089e+00,-1.728150484083825967e-17,-4.938002235687484256e-17,-6.579117902737940706e-13,-4.678661144006578695e-13,9.979480701086491843e-12,6.865004795859522275e-12,1.868969164012521024e-07,1.366736049907670960e-05,3.612326017684099971e-12,-1.264204157505864927e-12,3.422608693102309236e-08,-4.812861080076595805e-08,-5.021997611987093935e-07,7.300348614461942297e-07,1.834837766298300988e-04,1.367218080344143917e-02
2.239172766350781885e+00,-1.797286814939598000e-17,-4.705440085885738823e-17,-6.709944596793374389e-13,-4.630909400695917755e-13,1.017769115558917931e-11,6.785303078009645298e-12,1.979692944401151945e-07,1.406639834148394924e-05,3.344512135666749936e-12,-1.277467665961752956e-12,3.291537541038585923e-08,-4.769265089771653007e-08,-4.822828061641007908e-07,7.234054830501299675e-07,1.946874357009889880e-04,1.407117497320583936e-02
2.304574393897194984e+00,-1.855088519396699141e-17,-4.476865983841773706e-17,-6.838303460436432195e-13,-4.579944374711904334e-13,1.037212185883406023e-11,6.700525386493952978e-12,2.096975502892128998e-07,1.447707719256864044e-05,3.091743763079249846e-12,-1.281132466440919086e-12,3.162930162947197047e-08,-4.722563094395908293e-08,-4.627412937491906942e-07,7.163033957837932114e-07,2.065445047976403133e-04,1.448180704045362067e-02
2.371886268366043105e+00,-1.902080551002484991e-17,-4.252882182424457270e-17,-6.964056069883202368e-13,-4.525929223791495829e-13,1.056256190243086013e-11,6.610914044018100890e-12,2.221205246147695000e-07,1.489973579828475076e-05,2.853708589436641816e-12,-1.276307072090536961e-12,3.036924736474408820e-08,-4.672921978904852077e-08,-4.435961633126404758e-07,7.087540245528213231e-07,2.190936861891791109e-04,1.490441591828883978e-02
2.441164184138008952e+00,-1.938821577969036040e-17,-4.034029477654713859e-17,-7.087077936045614686e-13,-4.469033020106139206e-13,1.074882147700743071e-11,6.516720120707997894e-12,2.352793563738147968e-07,1.533472268450978892e-05,2.630039126900723187e-12,-1.264040493105791917e-12,2.913645467242293128e-08,-4.620514641859090693e-08,-4.248662284562077044e-07,7.007837004958065872e-07,2.323759944303161926e-04,1.533935030576186014e-02
2.512465565232791853e+00,-1.965896742407296950e-17,-3.820786082649340933e-17,-7.207258675465818977e-13,-4.409429422394748207e-13,1.093073211963052006e-11,6.418201413597680652e-12,2.492176185395238223e-07,1.578239643239727079e-05,2.420319704935015029e-12,-1.245319293096006072e-12,2.793202416383929926e-08,-4.565518669053081270e-08,-4.065681515674088259e-07,6.924194594051511039e-07,2.464348922591202864e-04,1.578696896189321977e-02
2.585849512907512970e+00,-1.983910589905665098e-17,-3.613567379011041808e-17,-7.324502042798999285e-13,-4.347295372161024070e-13,1.110814675080740968e-11,6.315620463450090813e-12,2.639814618101838025e-07,1.624312596084679123e-05,2.224093504647042993e-12,-1.221065554896960947e-12,2.675691466600418071e-08,-4.508115031363159743e-08,-3.887164393879253163e-07,6.836888439007967635e-07,2.613164343399439920e-04,1.624764098683954133e-02
2.661376854645357781e+00,-1.993480275754008145e-17,-3.412726481298232812e-17,-7.438725832817307904e-13,-4.282809829092058960e-13,1.128093951358373051e-11,6.209242631844466605e-12,2.796197667679262209e-07,1.671729081621670888e-05,2.040869514481451873e-12,-1.192135714596958950e-12,2.561194418718981126e-08,-4.448486821893596282e-08,-3.713234583783376052e-07,6.746197116630368496e-07,2.770694193254057917e-04,1.672174611034128039e-02
2.739110194575097967e+00,-1.995229138485080109e-17,-3.218555538194082888e-17,-7.549861661659154401e-13,-4.216152559080693769e-13,1.144900542937142991e-11,6.099334258767216683e-12,2.961843049801191789e-07,1.720528146940035081e-05,1.870129301602800801e-12,-1.159320207780629939e-12,2.449779209088478097e-08,-4.386818045848799301e-08,-3.543994684022302970e-07,6.652400517435456575e-07,2.937455507400055081e-04,1.720967498758694050e-02
2.819113965363242880e+00,-1.989780715558060856e-17,-3.031287685405033133e-17,-7.657854638195315160e-13,-4.147502986260048846e-13,1.161225988715358942e-11,5.986160917934406314e-12,3.137299095645626844e-07,1.770749962038245165e-05,1.711333507596022931e-12,-1.123343860662935000e-12,2.341500236818665912e-08,-4.323292474594731701e-08,-3.379526730520167040e-07,6.555778106934724332e-07,3.113996072175215083e-04,1.771182950262166836e-02
2.901454481621868808e+00,-1.977753259282001960e-17,-2.851099559725142276e-17,-7.762662937363383573e-13,-4.077039118697332121e-13,1.177063798422969991e-11,5.869985784395530681e-12,3.323146557693989770e-07,1.822435851038661041e-05,1.563927992155624954e-12,-1.084866950092169910e-12,2.236398789054896062e-08,-4.258092573442776703e-08,-3.219892848167243979e-07,6.456607299550679465e-07,3.300896226549368778e-04,1.822862307942086160e-02
2.986199994876374220e+00,-1.959754794917197123e-17,-2.678114281160850856e-17,-7.864257288095002066e-13,-4.004936555177945884e-13,1.192409373720952962e-11,5.751068125612817825e-12,3.520000521500846087e-07,1.875628324171860071e-05,1.427349563803724010e-12,-1.044486850828047097e-12,2.134503551736779843e-08,-4.191398510797332051e-08,-3.065136031812948062e-07,6.355161956413355261e-07,3.498770768778063783e-04,1.876048100074094102e-02
3.073420750138725843e+00,-1.936378747483854889e-17,-2.512404810031426846e-17,-7.962620388295362708e-13,-3.931367578753005229e-13,1.207259918291702037e-11,5.629661924524689788e-12,3.728512429588750840e-07,1.930371110540250951e-05,1.301031251729224984e-12,-1.002740185658724970e-12,2.035831193114430087e-08,-4.123387254102165796e-08,-2.915281037208766192e-07,6.251711015622226212e-07,3.708270974452658919e-04,1.930784073485015961e-02
3.163189044133109196e+00,-1.908200149259199124e-17,-2.353997588422770001e-17,-8.057746259949055705e-13,-3.856500340721621774e-13,1.221614338819510922e-11,5.506014640091163598e-12,3.949372223971986795e-07,1.986709191669854110e-05,1.184407087267717075e-12,-9.601053934053593196e-13,1.940387007219277145e-08,-4.054231756491753843e-08,-2.770335362447520250e-07,6.146517260347500849e-07,3.930086732578827956e-04,1.987115227023161096e-02
3.255579285222205854e+00,-1.875772427026822102e-17,-2.202876379783738946e-17,-8.149639556603238780e-13,-3.780498137007428114e-13,1.235473138783729037e-11,5.380366108206143610e-12,4.183310614180805853e-07,2.044688835858103005e-05,1.076916376923781935e-12,-9.170056316303900409e-13,1.848165604768449982e-08,-3.984100235980333678e-08,-2.630290300875485002e-07,6.039836227833377065e-07,4.164948806680498247e-04,2.045087845833939988e-02
3.350668055083819041e+00,-1.839624756858204014e-17,-2.058986226440057923e-17,-8.238314835439721526e-13,-3.703518777409654021e-13,1.248838306891245950e-11,5.252947583630669187e-12,4.431101478045430805e-07,2.104357633324433090e-05,9.780074609266725252e-13,-8.738119344408920196e-13,1.759151639518806968e-08,-3.913155547647128244e-08,-2.495122047285387190e-07,5.931915259784908258e-07,4.413631228308516189e-04,2.104749536447567126e-02
3.448534172188928881e+00,-1.800259964429758887e-17,-1.922237451867179028e-17,-8.323795805072717755e-13,-3.625714046403765969e-13,1.261713201813064017e-11,5.123980920881985397e-12,4.693564402907182963e-07,2.165764532169124870e-05,8.871409618853853619e-13,-8.308465506884318352e-13,1.673320558562420087e-08,-3.841554647620082996e-08,-2.364792839936666096e-07,5.822992692149836472e-07,4.676953830736659012e-04,2.166149262684220062e-02
3.549258757133817888e+00,-1.758152941184718070e-17,-1.792509642847672081e-17,-8.406114559996183479e-13,-3.547229253440434194e-13,1.274102434918760954e-11,4.993677890891330829e-12,4.971567375353855526e-07,2.228959875144442064e-05,8.037925373169366119e-13,-7.883863940285609214e-13,1.590639366122533147e-08,-3.769448146690036733e-08,-2.239252122563968895e-07,5.713297181141399701e-07,4.955784931046705848e-04,2.229337382380469981e-02
3.652925299880411814e+00,-1.713749540481823853e-17,-1.669655554732718034e-17,-8.485310810892385167e-13,-3.468202869114491245e-13,1.286011752357003951e-11,4.862239627897874073e-12,5.266029628028562765e-07,2.293995437240471132e-05,7.274551571181927393e-13,-7.466665431074534432e-13,1.511067391066375013e-08,-3.696979949928988211e-08,-2.118437711558401035e-07,5.603047159726703916e-07,5.251044169249766179e-04,2.294365684939023153e-02
3.759619728960577056e+00,-1.667465913453745052e-17,-1.553504891982813873e-17,-8.561431119901000054e-13,-3.388766242997795819e-13,1.297447917885874080e-11,4.729856200145509097e-12,5.577924652537004121e-07,2.360924464086238138e-05,6.576409331293260236e-13,-7.058837374405875445e-13,1.434557049484261023e-08,-3.624286978219848811e-08,-2.002276955215170905e-07,5.492450418460650886e-07,5.563705513555462214e-04,2.361287429701951907e-02
3.869430482701722962e+00,-1.619688241480868962e-17,-1.443867924481715129e-17,-8.634528148164792482e-13,-3.309043398190508935e-13,1.308418597549225032e-11,4.596706296851362034e-12,5.908283387978084847e-07,2.429801711164643018e-05,5.938825322755245658e-13,-6.661998220459332858e-13,1.361054594680050040e-08,-3.551498966553390751e-08,-1.890687873463807090e-07,5.381703802775792708e-07,5.894800441390572916e-04,2.430157385145427160e-02
3.982448582532772008e+00,-1.570772820614213059e-17,-1.340538908432606947e-17,-8.704659922533688854e-13,-3.229150896967062962e-13,1.318932247221980961e-11,4.462957022908082948e-12,6.258197595148420845e-07,2.500683483837449060e-05,5.357342078937120673e-13,-6.277451012717344789e-13,1.290500847885602920e-08,-3.478738333701388777e-08,-1.783580267973656117e-07,5.270993018450417917e-07,6.245421306284651419e-04,2.501031868891647955e-02
4.098767708431227952e+00,-1.521046453028707923e-17,-1.243299288253891047e-17,-8.771889126693259511e-13,-3.149197771802983060e-13,1.328998003853332015e-11,4.328763792625860935e-12,6.628823427023249280e-07,2.573627678174022964e-05,4.827724856453942155e-13,-5.906215694388993376e-13,1.222831904148726958e-08,-3.406120117262326749e-08,-1.680856794241980050e-07,5.160492536267097867e-07,6.616724901280702674e-04,2.573968788531090165e-02
4.218484276573916780e+00,-1.470807101386234132e-17,-1.151920663095409058e-17,-8.836282421906018134e-13,-3.069285515646742851e-13,1.338625581094016027e-11,4.194270313217420690e-12,7.021385206695683125e-07,2.648693822574674139e-05,4.345965412255242979e-13,-5.549059927050317946e-13,1.157979808738957064e-08,-3.333751968241395942e-08,-1.582413988643080073e-07,5.050365586603612680e-07,7.009936230099549472e-04,2.649027683245287063e-02
4.341697519255731663e+00,-1.420324763506604860e-17,-1.066167507808183983e-17,-8.897909800213584541e-13,-2.989508125227510191e-13,1.347825169896948040e-11,4.059608648606004711e-12,7.437179424564233240e-07,2.725943120176291945e-05,3.908283068524946933e-13,-5.206528227849781619e-13,1.095873200362667049e-08,-3.261734198684047297e-08,-1.488143244845422948e-07,4.940764234758239170e-07,7.426352497884846629e-04,2.726269766217254142e-02
4.468509567142646688e+00,-1.369842527009671058e-17,-9.857996440024059800e-18,-8.956843973790794325e-13,-2.909952191482976013e-13,1.356607344439213039e-11,3.924899354594055701e-12,7.877578967195776221e-07,2.805438492024457970e-05,3.511123426810491915e-13,-4.878969288421859020e-13,1.036437918452877064e-08,-3.190159876603331828e-08,-1.397931735483051050e-07,4.831829527453214204e-07,7.867347333983437706e-04,2.805757967813101925e-02
4.599025533927170173e+00,-1.319577766378635001e-17,-9.105744614331123862e-18,-9.013159801543941724e-13,-2.830697030814176233e-13,1.364982973709309990e-11,3.790251675894420226e-12,8.344037590958985137e-07,2.887244620992372005e-05,3.151155076683582813e-13,-4.566561389233807192e-13,9.795975724120902016e-09,-3.119114961877490140e-08,-1.311663275906679104e-07,4.723691701633236165e-07,8.334375259877213919e-04,2.887556979514572034e-02
4.733353603456411207e+00,-1.269723447933534007e-17,-8.402488943231884213e-18,-9.066933755027306054e-13,-2.751814851870001957e-13,1.372963138936678986e-11,3.655763796973001148e-12,8.838094654222302962e-07,2.971427996422594943e-05,2.825264625515877029e-13,-4.269335866873352161e-13,9.252740717046573070e-09,-3.048678477656110729e-08,-1.229219128357071032e-07,4.616470446771037173e-07,8.828976416071673524e-04,2.971733298577950919e-02
4.871605119404972761e+00,-1.220449511565971924e-17,-7.745811602302065055e-18,-9.118243423755553305e-13,-2.673370951850113831e-13,1.380559056941513043e-11,3.521523137658299183e-12,9.361380122641658116e-07,3.058056959462904684e-05,2.530550351575914126e-13,-3.987198629587174039e-13,8.733881159834234486e-09,-2.978922711582826069e-08,-1.150478745369362021e-07,4.510275212317794917e-07,9.352781562474495481e-04,3.058355273390084977e-02
5.013894677567012792e+00,-1.171904301282428024e-17,-7.133322720044032953e-18,-9.167167060060839784e-13,-2.595423937617333947e-13,1.387782009367654025e-11,3.387606686407195908e-12,9.915619862827467156e-07,3.147201749062341719e-05,2.264314758433732069e-13,-3.719949747134658853e-13,8.238596453551230062e-09,-2.909913441711661138e-08,-1.075320452591728027e-07,4.405205552344054939e-07,9.907517367552674727e-04,3.147493149487044783e-02
5.160340220843958825e+00,-1.124216020411462963e-17,-6.562673352476069267e-18,-9.213783163199345011e-13,-2.518025966513385030e-13,1.394643277813698954e-11,3.254081363506233896e-12,1.050264124047830905e-06,3.238934548587743951e-05,2.024056281648044001e-13,-3.467301168028818106e-13,7.766082511102532020e-09,-2.841710182357368956e-08,-1.003622071531806994e-07,4.301351500379019134e-07,1.049501200235227047e-03,3.239219116195291709e-02
5.311063137006624579e+00,-1.077494190031223045e-17,-6.031566451092829180e-18,-9.258170101887768711e-13,-2.441223002654137927e-13,1.401154084623336965e-11,3.121004407880236923e-12,1.112437903990077003e-06,3.333329533014738928e-05,1.807460371897790954e-13,-3.228892635475617214e-13,7.315535478288941620e-09,-2.774366445456166936e-08,-9.352614836465539381e-08,4.198793967395565938e-07,1.111720105629125958e-03,3.333607353848844906e-02
5.466188359312753597e+00,-1.031831092929867036e-17,-5.537765973304744695e-18,-9.300405773384053332e-13,-2.365055084488969889e-13,1.407325539204783933e-11,2.988423781179893075e-12,1.178288172270201059e-06,3.430462916640226811e-05,1.612390152702974053e-13,-3.004305890702022107e-13,6.886155079887599941e-09,-2.707930013192182151e-08,-8.701171375074076252e-08,4.097605157025158914e-07,1.177613379250055936e-03,3.430734081529066698e-02
5.625844470063391611e+00,-9.873031879347723877e-18,-5.079104288283563832e-18,-9.340567298881310225e-13,-2.289556600289206906e-13,1.413168589620215975e-11,2.856378584112497063e-12,1.248031804434377043e-06,3.530413001255689251e-05,1.436876824912408942e-13,-2.793077262024538850e-13,6.477147606261428612e-09,-2.642443218631534997e-08,-8.080685013999517235e-08,3.997848992397139045e-07,1.247397976138665907e-03,3.530677605266086677e-02
5.790163807183937195e+00,-9.439724824927007738e-18,-4.653488033165265920e-18,-9.378730752493199099e-13,-2.214756567912882047e-13,1.418693979265985048e-11,2.724899479541835012e-12,1.321898404818363985e-06,3.633260224712303859e-05,1.279109966074413043e-13,-2.594708746323182221e-13,6.087728555990723217e-09,-2.577943230786122932e-08,-7.489964637261929813e-08,3.899581549916582177e-07,1.321303579202591939e-03,3.633518366632466218e-02
5.959282573918189385e+00,-9.018878536094926524e-18,-4.258902573025727651e-18,-9.414970922034678216e-13,-2.140678916296644053e-13,1.423912208137770025e-11,2.594009118683144043e-12,1.400131045760208904e-06,3.739087209799637720e-05,1.137427850141649886e-13,-2.408677692927621895e-13,5.717124953804711659e-09,-2.514462341266467142e-08,-6.927836841816810068e-08,3.802851495008381986e-07,1.399573338196993940e-03,3.739338991650593969e-02
6.133340951726350632e+00,-8.610863098404908749e-18,-3.893415213910884980e-18,-9.449361100424510328e-13,-2.067342766127683005e-13,1.428833498685148920e-11,2.463722566382598985e-12,1.482987048782124024e-06,3.847978813349568333e-05,1.010307892028555972e-13,-2.234445202354178027e-13,5.364577363041939667e-09,-2.452028250230450161e-08,-6.393148985733016026e-08,3.707700516910293874e-07,1.482464650704856061e-03,3.848224339925254700e-02
6.312483216480536008e+00,-8.215941887043566892e-18,-3.555177312326814760e-18,-9.481972904845522543e-13,-1.994762707394546116e-13,1.433467765651949945e-11,2.334047722325496913e-12,1.570738810006283945e-06,3.960022175466108873e-05,8.963573025393981191e-14,-2.071463350690351899e-13,5.029341612320673677e-09,-2.390664349220984868e-08,-5.884771803442430708e-08,3.614163758420284075e-07,1.570249987379831015e-03,3.960261553901787274e-02
6.496857858054116086e+00,-7.834282858558680868e-18,-3.242425417094033822e-18,-9.512876121992226230e-13,-1.922949072172396088e-13,1.437824589803741071e-11,2.204985735570000870e-12,1.663674672176787927e-06,4.075306768769700109e-05,7.943040220551758887e-14,-1.919181348525252108e-13,4.710690257303478382e-09,-2.330389999157822866e-08,-5.401601619281747224e-08,3.522270238414626192e-07,1.663217763821781036e-03,4.075540108138205747e-02
6.686617703404022173e+00,-7.465969138065227593e-18,-2.953481571327489083e-18,-9.542138577335894594e-13,-1.851908200867512941e-13,1.441913195063700994e-11,2.076531409911393047e-12,1.762099845770703000e-06,4.193924447531360248e-05,7.029879862404717772e-14,-1.777050739254475936e-13,4.407913797291520648e-09,-2.271220801927624835e-08,-4.942562189621444325e-08,3.432043264369501236e-07,1.761673261565959055e-03,4.194151858466559080e-02
6.881920043248029195e+00,-7.111008891637532019e-18,-2.686752893018379944e-18,-9.569826026397911359e-13,-1.781642701046083039e-13,1.445742428823074062e-11,1.948673598868040969e-12,1.866337381794829034e-06,4.315969496557674277e-05,6.213527636227930241e-14,-1.644529736414062016e-13,4.120321667690443374e-09,-2.213168864298305012e-08,-4.506606205586576150e-08,3.343500833181391258e-07,1.865939600780351952e-03,4.316191090904362287e-02
7.082926762442021129e+00,-6.769344487483001986e-18,-2.440730543465486863e-18,-9.596002065476208248e-13,-1.712151697282193944e-13,1.449320745119302056e-11,1.821395587954005199e-12,1.976729198981204973e-06,4.441538679671905808e-05,5.484375933515521835e-14,-1.521086794780495944e-13,3.847243026577464629e-09,-2.156243052997511100e-08,-4.092716483894630962e-08,3.256656018730845121e-07,1.976358767382392113e-03,4.441754570161234039e-02
7.289804474165310744e+00,-6.440860954217979655e-18,-2.213988183218753852e-18,-9.620728061453153694e-13,-1.643431071830889987e-13,1.452656190351860957e-11,1.694675464119117000e-12,2.093637168213394171e-06,4.570731287619348094e-05,4.833698414752831028e-14,-1.406203502802106997e-13,3.588027355735722117e-09,-2.100449240510665127e-08,-3.699906876884953757e-08,3.171517344901245981e-07,2.093292697405030062e-03,4.570941587568887188e-02
7.502724658025233140e+00,-6.125393755300854985e-18,-2.005180005657559099e-18,-9.644063096373791431e-13,-1.575473695113490122e-13,1.455756391260418907e-11,1.568486470924137910e-12,2.217444257136523996e-06,4.703649185206407705e-05,4.253578856156951958e-14,-1.299376878368551960e-13,3.342044893255661955e-09,-2.045790540422171138e-08,-3.327222927650978160e-08,3.088089143173989171e-07,2.217124421563424798e-03,4.703854008243771312e-02
7.721863802195491289e+00,-5.822735902035144379e-18,-1.813038429277998911e-18,-9.666063927529020264e-13,-1.508269645690437066e-13,1.458628544851453977e-11,1.442797349151987963e-12,2.348555738026800128e-06,4.840396857462542197e-05,3.736844308923412697e-14,-1.200121142856798009e-13,3.108686915182882968e-09,-1.992267532446120957e-08,-2.973742296932689156e-08,3.006371894076178155e-07,2.348259273096234105e-03,4.840596317271547711e-02
7.947403549706071324e+00,-5.532644434941326095e-18,-1.636371521277931968e-18,-9.686784960548162014e-13,-1.441806419813938087e-13,1.461279410217100895e-11,1.317572662990508946e-12,2.487400462119946093e-06,4.981081454592091261e-05,3.277002541991460795e-14,-1.107969042572834950e-13,2.887365883207271207e-09,-1.939878476658567992e-08,-2.638574987241549875e-08,2.926362552497570076e-07,2.487126162079235109e-03,4.981275664680392956e-02
8.179530849005983484e+00,-5.254846301081752790e-18,-1.474060215512947059e-18,-9.706278232162718787e-13,-1.376069129815669086e-13,1.463715301621674848e-11,1.192773111087985079e-12,2.634432203722285068e-06,5.125812835459012264e-05,2.868183689807835813e-14,-1.022472779238870939e-13,2.677515472332275811e-09,-1.888619516438026000e-08,-2.320863385946162882e-08,2.848054855867976920e-07,2.634178919533622029e-03,5.126001908946036661e-02
8.418438108923632868e+00,-4.989043663981053066e-18,-1.325055381835057007e-18,-9.724593404249349803e-13,-1.311040691875498097e-13,1.465942082969037118e-11,1.068355823199048998e-12,2.790131077552161879e-06,5.274703609321367204e-05,2.505085992923359894e-14,-9.432046065435872134e-14,2.478590493947133137e-09,-1.838484870732173155e-08,-2.019782150122382128e-08,2.771439615902604952e-07,2.789897714775104939e-03,5.274887658745527202e-02
8.664323358153261267e+00,-4.734918677484036617e-18,-1.188374794829977020e-18,-9.741777765827215710e-13,-1.246702003137219063e-13,1.467965163287747007e-11,9.442746427542096753e-13,2.955005032882134965e-06,5.427869175504142321e-05,2.182925486789782155e-14,-8.697571426054735334e-14,2.290066727197351037e-09,-1.789467015303766099e-08,-1.734537953148351089e-08,2.696504993711866122e-07,2.954790549572971874e-03,5.428048312648184326e-02
8.917390409399658324e+00,-4.492137761990546923e-18,-1.063100044745661906e-18,-9.757876242226045809e-13,-1.183032108172620949e-13,1.469789493217620914e-11,8.204803953780091600e-13,3.129591428172911082e-06,5.585427760668165161e-05,1.897389475559342879e-14,-8.017434440427192900e-14,2.111440670508609150e-09,-1.741556853215981111e-08,-1.464369110684635996e-08,2.623236758856502109e-07,3.129394832808875867e-03,5.585602096401606070e-02
9.177849028317210056e+00,-4.260355413586237641e-18,-9.483734257950622148e-19,-9.772931409341741670e-13,-1.120008355256024052e-13,1.471419561763603868e-11,6.969211446162451832e-13,3.314458690007115984e-06,5.747500453299653786e-05,1.644593609532865117e-14,-7.387968807380677531e-14,1.942229224878667890e-09,-1.694743874622190835e-08,-1.208545104290895056e-08,2.551618531686899085e-07,3.314279039442312967e-03,5.747670097437217879e-02
9.445915107383296316e+00,-4.039217585560160366e-18,-8.433948331787033663e-19,-9.786983514723173886e-13,-1.057606542793360041e-13,1.472859394007482927e-11,5.735424351108376277e-13,3.510208060243243180e-06,5.914211235008776709e-05,1.421042378134812975e-14,-6.805708474588392439e-14,1.781969319206832093e-09,-1.649016306646210911e-08,-9.663660173009896253e-09,2.481632010988519061e-07,3.510044457702057169e-03,5.914376296183836840e-02
9.721810844850185873e+00,-3.828364672532220769e-18,-7.474186936618858344e-19,-9.800070500811304389e-13,-9.958010560810541019e-14,1.474112548948244944e-11,4.502875241937322823e-13,3.717475435415938834e-06,6.085687008186681311e-05,1.223592821892733962e-14,-6.267383425945246767e-14,1.630217486646354992e-09,-1.604361253006071142e-08,-7.371618974257905988e-09,2.413257186166968254e-07,3.717327028528850160e-03,6.085847593738694800e-02
1.000576492892374070e+01,-3.627434130649267282e-18,-6.597509509716448234e-19,-9.812228031698640831e-13,-9.345649949150254420e-14,1.475182117433336948e-11,3.270976028767217890e-13,3.936933302506308276e-06,6.262057619528180186e-05,1.049421266665821018e-14,-5.769914411682891080e-14,1.486549400650145986e-09,-1.560764824161901041e-08,-5.202920590394057265e-09,2.346472534764402978e-07,3.936799281392146937e-03,6.262213835403157569e-02
1.029801272732158957e+01,-3.436062766048220947e-18,-5.797461232189031661e-19,-9.823489523371192019e-13,-8.738702926643749832e-14,1.476070720455818888e-11,2.039120071382476943e-13,4.169292775293142633e-06,6.443455878881862908e-05,8.959928841790222639e-15,-5.310406856846249764e-14,1.350559378604205990e-09,-1.518212258475827004e-08,-3.151443365935985908e-09,2.281255206555373994e-07,4.169172370691018314e-03,6.443607829544963084e-02
1.059879648236793948e+01,-3.253888719935379013e-18,-5.068044457705803962e-19,-9.833886173043374163e-13,-8.136878268974992591e-14,1.476780507066654117e-11,8.066842047511671645e-14,4.415305735570165878e-06,6.630017572840142006e-05,7.610338858711200797e-15,-4.886144147688878186e-14,1.221859859276272958e-09,-1.476688034199543928e-08,-1.211342994592713099e-09,2.217581193793267129e-07,4.415198217023703214e-03,6.630165361199490126e-02
1.090836551178666980e+01,-3.080553179403248028e-18,-4.403691102741161748e-19,-9.843446992634894808e-13,-7.539875223376384305e-14,1.477313152633069950e-11,-4.269693127585793824e-14,4.675767083573487369e-06,6.821881472428964997e-05,6.425061629019993388e-15,-4.494580470646313258e-14,1.100080860693411957e-09,-1.436175973612291050e-08,6.229556261261293094e-10,2.155425489567360105e-07,4.675671757669318078e-03,6.822025199769904402e-02
1.122697641535918933e+01,-2.915701838612004125e-18,-3.799236075771493106e-19,-9.852198838249787627e-13,-6.947384465231787530e-14,1.477669856151179040e-11,-1.662490913063339925e-13,4.951517102003400348e-06,7.019189334199829600e-05,5.385841913810970092e-15,-4.133333348437264814e-14,9.848694236934559745e-10,-1.396659338561115985e-08,2.356766745295811157e-09,2.094762233067593122e-07,4.951433310665356163e-03,7.019329100128736398e-02
1.155489328761836987e+01,-2.758986138196635056e-18,-3.249891805683478233e-19,-9.860166444935149633e-13,-6.359088988232941890e-14,1.477851338227488075e-11,-2.900541890344071166e-13,5.243443938043205025e-06,7.222085893965569860e-05,4.476340304610295243e-15,-3.800176002374138193e-14,8.758890461783885215e-10,-1.358120919300782061e-08,3.995152252838491878e-09,2.035564844946800081e-07,5.243371056883112946e-03,7.222221796362571222e-02
1.189238793675479045e+01,-2.610064300871972120e-18,-2.751223900018183811e-19,-9.867372454978638538e-13,-5.774664928721474892e-14,1.477857837543819943e-11,-4.141792609577255209e-13,5.552486207769528834e-06,7.430718852355565850e-05,3.681942479248985857e-15,-3.493029637787132145e-14,7.728191116814731973e-10,-1.320543115386466963e-08,5.542930238917017754e-09,1.977806150312838871e-07,5.552423644495215783e-03,7.430850987335350932e-02
1.223974010991678085e+01,-2.468602190147381852e-18,-2.299127959540206984e-19,-9.873837449349500808e-13,-5.193782335477400292e-14,1.477689107936388086e-11,-5.386920750776455075e-13,5.879635727310853578e-06,7.645238851295565888e-05,2.989586186271523899e-15,-3.209955747108637759e-14,6.753543168493119168e-10,-1.283908010494946075e-08,7.004683578499659881e-09,1.921458493147110023e-07,5.879582920191439924e-03,7.645367313175706336e-02
1.259723772509108919e+01,-2.334274006403233998e-18,-1.889807550823912986e-19,-9.879579975354083164e-13,-4.616105885627572232e-14,1.477344414307492840e-11,-6.636609562876431480e-13,6.225940375037019152e-06,7.865799440441711564e-05,2.387604487346760974e-15,-2.949148493959303300e-14,5.832041004274265318e-10,-1.248197440632119081e-08,8.384768473479678965e-09,1.866493840295754881e-07,6.225896791425341789e-03,7.865924321717798762e-02
1.296517710975622961e+01,-2.206762841961031085e-18,-1.519753332418444984e-19,-9.884616574438019211e-13,-4.041295550909647134e-14,1.476822528356540846e-11,-7.891546132965890277e-13,6.592507088948432394e-06,8.092557032517710156e-05,1.865583887417668091e-15,-2.708927240687886991e-14,4.960920764734912874e-10,-1.213393056702692051e-08,9.687322934864772459e-09,1.812883877078277967e-07,6.592472223860204074e-03,8.092678423844776314e-02
1.334386324650639999e+01,-2.085761109666907903e-18,-1.185723320536008952e-19,-9.888961804722050324e-13,-3.469007224975752275e-14,1.476121723473997093e-11,-9.152419634653116643e-13,6.980505003272101666e-06,8.325670846417875155e-05,1.414236073290465052e-15,-2.487729262357634067e-14,4.137554749153617228e-10,-1.179476381160100945e-08,1.091627513859402057e-08,1.760600094262229118e-07,6.980478378021034644e-03,8.325788836597466935e-02
1.373361002584963053e+01,-1.970970860923924148e-18,-8.847242699498157029e-20,-9.892628265336190912e-13,-2.898893308970309102e-14,1.475239769336482111e-11,-1.041991956278739078e-12,7.391168728056640796e-06,8.565302836846950792e-05,1.025282067649001024e-15,-2.284102683968009017e-14,3.359445904975030801e-10,-1.146428860026883069e-08,1.207535165128557038e-08,1.709613867684604922e-07,7.391149888944709145e-03,8.565417512819442636e-02
1.413474050638959945e+01,-1.862104006132344933e-18,-6.139941401848704921e-20,-9.895626614911405540e-13,-2.330603266072759964e-14,1.474173925924101918e-11,-1.169473393430686073e-12,7.825801775281414710e-06,8.811617609169978291e-05,6.913476932647325136e-16,-2.096699666988672028e-14,2.624222425688806954e-10,-1.114231909700019039e-08,1.316808549083782988e-08,1.659896530692908996e-07,7.825790292343162702e-03,8.811729056011552430e-02
1.454758718260685058e+01,-1.758882450137528918e-18,-3.709856151134456223e-20,-9.897965588600259628e-13,-1.763784147121277898e-14,1.472920936552090160e-11,-1.297754743222867957e-12,8.285780134648893809e-06,9.064782318041917579e-05,4.058693288457188033e-16,-1.924269865120059928e-14,1.929632467830115959e-10,-1.082866959451984022e-08,1.419782399048397953e-08,1.611419439479872900e-07,8.285775600448595790e-03,9.064890618965815161e-02
1.497249226046129955e+01,-1.661038154053036985e-18,-1.533506357484912977e-20,-9.899652012487980920e-13,-1.198081092803781002e-14,1.471477020763132037e-11,-1.426903949253330927e-12,8.772556001803276534e-06,9.324966548276930167e-05,1.630090120006857968e-16,-1.765654162867024878e-14,1.273538999570581924e-10,-1.052315489811814003e-08,1.516773646567361025e-08,1.564154032786072888e-07,8.772558030283627781e-03,9.325071784638540306e-02
1.540980794104457985e+01,-1.568313133838509972e-18,4.107409267035466154e-21,-9.900690816065125375e-13,-6.331378166068360912e-15,1.469837866674683155e-11,-1.556988231496623013e-12,9.287661661203729823e-06,9.592342176301475439e-05,-4.242197505972548761e-17,-1.619778705362762007e-14,6.539147895736667239e-11,-1.022559067205661991e-08,1.608082166414061991e-08,1.518071885904792914e-07,9.287669886584658252e-03,9.592444427606908186e-02
1.585989671251729050e+01,-1.480459402841883970e-18,2.142806630525435979e-20,-9.901085037638691425e-13,-6.859707351116288942e-16,1.467998622121261036e-11,-1.688073877165594095e-12,9.832713525264775447e-06,9.867083210413303605e-05,-2.150318337628581918e-16,-1.485649221304187106e-14,6.883754370432373813e-12,-9.935793746183168655e-09,1.693991497707318139e-08,1.473144758744187870e-07,9.832727600990884970e-03,9.867182554331022093e-02
1.632313165057304971e+01,-1.397238869239330008e-18,3.681026402648045904e-20,-9.900835831779988779e-13,4.958988803368197004e-15,1.465953886360361979e-11,-1.820226022100128064e-12,1.040941633064819066e-05,1.014936560794033960e-04,-3.589100181107998086e-16,-1.362345642245450970e-14,-4.835148044436094147e-11,-9.653582395225140460e-09,1.774769542776815871e-08,1.429344640192469083e-07,1.040943592838331974e-02,1.014946212031559991e-01
1.679989672767858977e+01,-1.318423193436512071e-18,5.042268913238790983e-20,-9.899942471221567942e-13,1.060707834671673003e-14,1.463697700446944141e-11,-1.953508419020803018e-12,1.101956749173571952e-05,1.043936706725935939e-04,-4.776827113576207519e-16,-1.249017013162423932e-14,-1.004868647711174054e-10,-9.378776585122654484e-09,1.850669240999292027e-08,1.386643787128572091e-07,1.101959230040302010e-02,1.043946082213113996e-01
1.729058713134605085e+01,-1.243793612178176969e-18,6.242046155220048381e-20,-9.898402343336153067e-13,1.626187171202016924e-14,1.461223537421709021e-11,-2.087983191867869040e-12,1.166506161031660969e-05,1.073726679249472992e-04,-5.745626178361544716e-16,-1.144876689614588971e-14,-1.496859098672370010e-10,-9.111198189437700955e-09,1.921929218216748029e-08,1.345014759627689057e-07,1.166509133518254041e-02,1.073735786211478943e-01
1.779560959170137124e+01,-1.173140736629003989e-18,7.294616179606778124e-20,-9.896210948523039975e-13,2.192693405326357986e-14,1.458524292897394149e-11,-2.223710575642285098e-12,1.234789513937164017e-05,1.104324522857228060e-04,-6.523936238092867180e-16,-1.049197815982894979e-14,-1.961034222201805103e-10,-8.850671185054883234e-09,1.988774412562043912e-08,1.304430453129751038e-07,1.234792950117230038e-02,1.104333368342621940e-01
1.831538271862029177e+01,-1.106264327033920963e-18,8.213078683238920631e-20,-9.893361891186473826e-13,2.760581719914634905e-14,1.455592274191729149e-11,-2.360748637320227191e-12,1.307017119750919920e-05,1.135748376415365981e-04,-7.136908305559108866e-16,-9.613090740095703070e-15,-2.398859108124810081e-10,-8.597021820234850633e-09,2.051416674165320860e-08,1.264864126090392124e-07,1.307020993161733986e-02,1.135756967298365006e-01
1.885033734871138122e+01,-1.042973050615955016e-18,9.009463883643396174e-20,-9.889846869202636948e-13,3.330205486912181949e-14,1.452419190622164061e-11,-2.499152980026587972e-12,1.383410452909145928e-05,1.168016439982265945e-04,-7.606764192937764366e-16,-8.805906941952434787e-15,-2.811719784898483080e-10,-8.350078762718300403e-09,2.110055342544109918e-08,1.226289425769080065e-07,1.383414738472259035e-02,1.168024782965168956e-01
1.940091690243373890e+01,-9.830842255345284411e-19,9.694815075338712952e-20,-9.885655662949335601e-13,3.901915770124223898e-14,1.448996143071055061e-11,-2.638976425929801986e-12,1.464202660335857933e-05,1.201146937873771940e-04,-7.953117625118139592e-16,-8.064707186589746974e-15,-3.200926974052383954e-10,-8.109673230265762266e-09,2.164877799342686836e-08,1.188680410573379027e-07,1.464207334281467966e-02,1.201155039489510967e-01
1.996757775164536852e+01,-9.264235540344326914e-19,1.027926522554457030e-19,-9.880776114192158298e-13,4.476060800663392990e-14,1.445313613505774009e-11,-2.780268675251917966e-12,1.549639084389756895e-05,1.235158077680595119e-04,-8.193261558043688709e-16,-7.384215043769733569e-15,-3.567719684711099110e-10,-7.875639097127983865e-09,2.216059996327976906e-08,1.152011569798435945e-07,1.549644124184655983e-02,1.235165944295398971e-01
2.055078959788689019e+01,-8.728248493907199009e-19,1.077210806471320986e-19,-9.875194111224963691e-13,5.052985437821337960e-14,1.441361456115737986e-11,-2.923075945406887985e-12,1.639977797758559891e-05,1.270068004927391893e-04,-8.342425179592431301e-16,-6.759564569151926110e-15,-3.913268665274654900e-10,-7.647812991842591305e-09,2.263766963933869940e-08,1.116257842212250017e-07,1.639983182037544132e-02,1.270075642743545008e-01
2.115103586171409944e+01,-8.221297573091391593e-19,1.118186392307699893e-19,-9.868893565371436331e-13,5.633030579233920768e-14,1.437128887539478932e-11,-3.067440580352178886e-12,1.735490148964411038e-05,1.305894753047195933e-04,-8.414003588164749022e-16,-6.186269816483867355e-15,-4.238679689894988028e-10,-7.426034375081303165e-09,2.308153294219592845e-08,1.081394631485099939e-07,1.735495857464961975e-02,1.305902168105876060e-01
2.176881408340222990e+01,-7.741874749643003075e-19,1.151634075213617010e-19,-9.861856388565165968e-13,6.216532556057924238e-14,1.432604478520804948e-11,-3.213400635923714834e-12,1.836461316864453004e-05,1.342656188329278022e-04,-8.419763015159384239e-16,-5.660196418983981674e-15,-4.544996715933560969e-10,-7.210145606871883804e-09,2.349363605120966141e-08,1.047397820472075022e-07,1.836467330364575934e-02,1.342663386513467949e-01
2.240463633535379984e+01,-7.288544699950402936e-19,1.178269058555695912e-19,-9.854062461991083112e-13,6.803822466529078967e-14,1.427776146561560928e-11,-3.360989434272278119e-12,1.943190872218468994e-05,1.380369949483528094e-04,-8.370024050132011471e-16,-5.177535129694947690e-15,-4.833204883397606774e-10,-6.999991996689585712e-09,2.387532982626378148e-08,1.014243783976967027e-07,1.943197172477525991e-02,1.380376936520970044e-01
2.305902964655223997e+01,-6.859942003976673147e-19,1.198746178532689102e-19,-9.845489617078900351e-13,7.395225473010662178e-14,1.422631149775183038e-11,-3.510235088928963178e-12,2.055993344048251956e-05,1.419053381450234878e-04,-8.273825167423002706e-16,-4.734777204381857771e-15,-5.104233384273082514e-10,-6.795421853114833239e-09,2.422787404244458921e-08,9.819094001515400473e-08,2.055999913750658145e-02,1.419060162916442880e-01
2.373253643941275115e+01,-6.454768369969755212e-19,1.213664735730047037e-19,-9.836113598477775059e-13,7.991060046286593126e-14,1.417156082197217960e-11,-3.661159997561735018e-12,2.175198788128200166e-05,1.458723463071167064e-04,-8.139068592220620766e-16,-4.328691521096101185e-15,-5.358958197146379621e-10,-6.596286511589928137e-09,2.455244143624623934e-08,9.503720606949698745e-08,2.175205610829844885e-02,1.458730044392463898e-01
2.442571497939281855e+01,-6.071789898678254464e-19,1.223572959606344916e-19,-9.825908036521502447e-13,8.591637152229846138e-14,1.411336871234968026e-11,-3.813780301727252178e-12,2.301153354521534019e-05,1.499396728226376127e-04,-7.972650336713733883e-16,-3.956303332800555025e-15,-5.598204691993609883e-10,-6.402440361308314786e-09,2.485012157877396966e-08,9.196096802668852762e-08,2.301160414598807033e-02,1.499403114682962002e-01
2.513913983773484162e+01,-5.709834390457935334e-19,1.228972134213832010e-19,-9.814844412580084586e-13,9.197259382234604863e-14,1.405158776808211954e-11,-3.968105311972157656e-12,2.434219850608539102e-05,1.541089180031765906e-04,-7.780576079565334311e-16,-3.614874547590576887e-15,-5.822750114082041458e-10,-6.213740859960710777e-09,2.512192458397501082e-08,8.896007047237905116e-08,2.434227133209831972e-02,1.541095376760799884e-01
2.587340236772453039e+01,-5.367788714856158228e-19,1.230320406317536988e-19,-9.802892032931094150e-13,9.808220000201454107e-14,1.398606394077758012e-11,-4.124136896294106922e-12,2.574778295540425865e-05,1.583816197685516925e-04,-7.568064356952448255e-16,-3.301885447071888863e-15,-6.033325937496865230e-10,-6.030048547396955080e-09,2.536878465785635837e-08,8.603241193167548823e-08,2.574785786539977861e-02,1.583822209684218885e-01
2.662911119485989886e+01,-5.044596236874560757e-19,1.228036302819159999e-19,-9.790017993286508422e-13,1.042480193967132970e-13,1.391663658486318046e-11,-4.281868834714001923e-12,2.723226461492517925e-05,1.627592435547739014e-04,-7.339638430278941779e-16,-3.015017741772526913e-15,-6.230620118379809248e-10,-5.851227046927891900e-09,2.559156352343485058e-08,8.317594558402010042e-08,2.723234147446518955e-02,1.627598267676486909e-01
2.740689272133700172e+01,-4.739254311736256251e-19,1.222501973706820880e-19,-9.776187146123711833e-13,1.104727671149013983e-13,1.384313854282722923e-11,-4.441286132031298281e-12,2.879980396481901091e-05,1.672431714037669100e-04,-7.099207999729319741e-16,-2.752138879630012001e-15,-6.415279229990221982e-10,-5.677143062940900135e-09,2.579105368803670985e-08,8.038867993530830529e-08,2.879988264586709132e-02,1.672437371023104968e-01
2.820739164527067899e+01,-4.450811851537902352e-19,1.214066187009189992e-19,-9.761362075319762161e-13,1.167590323143815906e-13,1.376539628147006999e-11,-4.602364299884370257e-12,3.045474922855941893e-05,1.718346901937344896e-04,-6.850141882425296228e-16,-2.511287522974549810e-15,-6.587910494225299948e-10,-5.507666377431171035e-09,2.596798163573123992e-08,7.766867952081904506e-08,3.045482960908334896e-02,1.718352388375470885e-01
2.903127149508071980e+01,-4.178366968626798207e-19,1.203047086224562014e-19,-9.745503067786070821e-13,1.231092656521462034e-13,1.368323006702401039e-11,-4.765068595635571340e-12,3.220164104848591312e-05,1.765349789700525120e-04,-6.595332573614110382e-16,-2.290660115322670153e-15,-6.749083715562515830e-10,-5.342669839377186174e-09,2.612301088141672933e-08,7.501406553962108969e-08,3.220172301207953336e-02,1.765355110059801114e-01
2.987921517948628036e+01,-3.921064688533667189e-19,1.189734736816359093e-19,-9.728568083912688251e-13,1.295257657914790937e-13,1.359645418497726946e-11,-4.929353225479183989e-12,3.404521677841020814e-05,1.813450953381898906e-04,-6.337253612419488778e-16,-2.088598457538019091e-15,-6.899333118237361493e-10,-5.182029348695143203e-09,2.625674494354234859e-08,7.242301643676654835e-08,3.404530021393350342e-02,1.813456112006313070e-01
3.075192555356456836e+01,-3.678094751138150027e-19,1.174393470444013936e-19,-9.710512743838452747e-13,1.360106650867063080e-13,1.350487724415213007e-11,-5.095160518298979334e-12,3.599041431152796931e-05,1.862659608825107044e-04,-6.078010485244072227e-16,-1.903578232147927023e-15,-7.039159100479943262e-10,-5.025623844096460615e-09,2.636973027661187079e-08,6.989376861986202867e-08,3.599049911276466091e-02,1.862664609937250138e-01
3.165012600134287979e+01,-3.448689479002434106e-19,1.157264044924297010e-19,-9.691290306195651620e-13,1.425659139348583993e-13,1.340830251873301025e-11,-5.262420053691287966e-12,3.804237535331255181e-05,1.912983455780077895e-04,-5.819385780783573223e-16,-1.734198397026799962e-15,-7.169029885752661370e-10,-4.873335281837939601e-09,2.646245907947886140e-08,6.742461702166135579e-08,3.804246141864425779e-02,1.912988303484192132e-01
3.257456103540697256e+01,-3.232121732611453183e-19,1.138565635873036093e-19,-9.670851665216924689e-13,1.491932645507570986e-13,1.330652838248429032e-11,-5.431047772234331209e-12,4.020644804003621143e-05,1.964428511661775120e-04,-5.562879229187338690e-16,-1.579171396540746052e-15,-7.289383118151718431e-10,-4.725048619242373271e-09,2.653537213225323143e-08,6.501391577197407396e-08,4.020653527213251949e-02,1.964433209946788994e-01
3.352599691402281223e+01,-3.027702940296164845e-19,1.118497669686789997e-19,-9.649145333977952265e-13,1.558942535794987008e-13,1.319934881627927070e-11,-5.600945047753458084e-12,4.248818879412978139e-05,2.016998934714984005e-04,-5.309743165100667720e-16,-1.437314124909582071e-15,-7.400627375951602746e-10,-4.580651786292901379e-09,2.658886155188972928e-08,6.266007883650235404e-08,4.248827709965329741e-02,2.017003487457527111e-01
3.450522227628305671e+01,-2.834781202405156896e-19,1.097241512070200990e-19,-9.626117461072295484e-13,1.626701833433922892e-13,1.308655399790487076e-11,-5.771997738311719392e-12,4.489336329782609309e-05,2.070696836414616024e-04,-5.061013924597430728e-16,-1.307539587295676957e-15,-7.503143601124097624e-10,-4.440035668936704661e-09,2.662327355007282159e-08,6.036158063636523219e-08,4.489345258715206344e-02,2.070701247382012999e-01
3.551304879580501961e+01,-2.652739481876524120e-19,1.074962021721540018e-19,-9.601711838832075158e-13,1.695221023242709119e-13,1.296793102280780037e-11,-5.944075222085624923e-12,4.742794645651916716e-05,2.125522083009620034e-04,-4.817539614150220745e-16,-1.188849213434905017e-15,-7.597286480068376992e-10,-4.303094082630863090e-09,2.663891121104568947e-08,5.811695683526893951e-08,4.742803664346866704e-02,2.125526355862868977e-01
3.655031185352166290e+01,-2.480993854217595939e-19,1.051808982525811002e-19,-9.575869937323681317e-13,1.764507845474032096e-13,1.284326467361595015e-11,-6.117029414951012392e-12,5.009812121312241871e-05,2.181472086212454115e-04,-4.580004663935873400e-16,-1.080325763735715029e-15,-7.683385763083830249e-10,-4.169723752393369250e-09,2.663603726090164876e-08,5.592480486719973291e-08,5.009821221470896202e-02,2.181476224509185102e-01
3.761787123012351941e+01,-2.318991842009993970e-19,1.027918418900440054e-19,-9.548530922080197069e-13,1.834567076650701017e-13,1.271233835898763057e-11,-6.290693787174801184e-12,5.291027606456745973e-05,2.238541583146747937e-04,-4.348951498675046107e-16,-9.811267957930600266e-16,-7.761747518790908773e-10,-4.039824279843723924e-09,2.661487689140185051e-08,5.378378472595327107e-08,5.291036780075610707e-02,2.238545590344150071e-01
3.871661181872536872e+01,-2.166210818797809885e-19,1.003413809105410975e-19,-9.519631727665874357e-13,1.905400302547555951e-13,1.257493514069976014e-11,-6.464882381879267327e-12,5.587100112161721109e-05,2.296722405794702918e-04,-4.124799670836773804e-16,-8.904786431339223854e-16,-7.832655350605011155e-10,-3.913298128891753614e-09,2.657562062510214965e-08,5.169261959370067179e-08,5.587109351509605276e-02,2.296726285252445876e-01
3.984744435834848275e+01,-2.022156475060039046e-19,9.784072004005941646e-20,-9.489107111478148098e-13,1.977005681013978124e-13,1.243083891212843934e-11,-6.639388855214660670e-12,5.898708254357926768e-05,2.356003240334596043e-04,-3.907862720130318899e-16,-8.076708654557918103e-16,-7.896371567131902252e-10,-3.790050595813912657e-09,2.651842727763957941e-08,4.965009654953736920e-08,5.898717551954259231e-02,2.356006995317727060e-01
4.101130618882631040e+01,-1.886361357538974003e-19,9.530002325640711702e-20,-9.456889739680659288e-13,2.049377690565487048e-13,1.227983570222674986e-11,-6.813985527395925787e-12,6.226549517054120878e-05,2.416369376928645873e-04,-3.698363009506439865e-16,-7.320511400625980112e-16,-7.953138293474200690e-10,-3.669989786268444902e-09,2.644342693813463035e-08,4.765506719944964744e-08,6.226558865648401664e-02,2.416373010610461947e-01
4.220916202775953252e+01,-1.758383472602407912e-19,9.272850835609344349e-20,-9.422910304365462298e-13,2.122506877774685048e-13,1.212171513375052053e-11,-6.988422494410993897e-12,6.571339316769008148e-05,2.477802450713901183e-04,-3.496444790992161798e-16,-6.630205577919650848e-16,-8.003178578201151774e-10,-3.553026597081022963e-09,2.635072413114051969e-08,4.570644830663641191e-08,6.571348709321392367e-02,2.477805966178809050e-01
4.344200477016420336e+01,-1.637804946585809051e-19,9.013453350833849535e-20,-9.387097631133199011e-13,2.196379590855503938e-13,1.195627204327734956e-11,-7.162426784336475182e-12,6.933809848944975603e-05,2.540280174964644022e-04,-3.302185667312132197e-16,-6.000292906567532679e-16,-8.046697445024171281e-10,-3.439074686320980017e-09,2.624040104253756860e-08,4.380322240436590226e-08,6.933819278607912528e-02,2.540283575211002010e-01
4.471085631147609263e+01,-1.524230750369523033e-19,8.752567686893150858e-20,-9.349378837038515237e-13,2.270977706582878876e-13,1.178330822647078972e-11,-7.335701582824530862e-12,7.314708696594374691e-05,2.603776067634865185e-04,-3.115606649112402865e-16,-5.425726061786749273e-16,-8.083882919535802356e-10,-3.328050454653237161e-09,2.611252085668273982e-08,4.194443821772346857e-08,7.314718156695318441e-02,2.603779355577803267e-01
4.601676839459325663e+01,-1.417287479133548945e-19,8.490880990640501771e-20,-9.309679507966406120e-13,2.346278356382396896e-13,1.160263439469255991e-11,-7.507925565626099067e-12,7.714797181108241052e-05,2.668259172753944153e-04,-2.936680970896305090e-16,-4.901871990490730403e-16,-8.114907050527725661e-10,-3.219873024521790861e-09,2.596713128329554150e-08,4.012921118164244290e-08,7.714806665133408514e-02,2.668262351228172791e-01
4.736082348165896150e+01,-1.316622191298767961e-19,8.229016446201739810e-20,-9.267923904013124685e-13,2.422253649085831016e-13,1.141407227055353924e-11,-7.678752342484259487e-12,8.134848435084294246e-05,2.733693778437699755e-04,-2.765341790783475903e-16,-4.424478176795880993e-16,-8.139926912877391520e-10,-3.114464219766894090e-09,2.580426821670695075e-08,3.835672374595074021e-08,8.134857936663457412e-02,2.733696850200300066e-01
4.874413565130762294e+01,-1.221901291223259048e-19,7.967539421889829096e-20,-9.224035174016451136e-13,2.498870380459689057e-13,1.121745683898589945e-11,-7.847810020144670205e-12,8.575645177256366444e-05,2.800039133589636250e-04,-2.601488910059872762e-16,-3.989641581906565176e-16,-8.159085557308791109e-10,-3.011748538736981000e-09,2.562395948688084966e-08,3.662622551389315744e-08,8.575654690148645787e-02,2.800042101322828270e-01
5.016785152211741661e+01,-1.132809471607804006e-19,7.706963138124500832e-20,-9.177935644432608260e-13,2.576089763686345066e-13,1.101263879591494020e-11,-8.014700962477254875e-12,9.037977170185131602e-05,2.867249165702052873e-04,-2.444994637888311130e-16,-3.593780110519881201e-16,-8.172513019784384361e-10,-2.911653142145756862e-09,2.542622888722400090e-08,3.493703333264579738e-08,9.037986688265833846e-02,2.867252032015966123e-01
5.163315120303506944e+01,-1.049048698872414032e-19,7.447753797038566155e-20,-9.129547102680245273e-13,2.653867145727442853e-13,1.079948713206799945e-11,-8.179001713198385566e-12,9.522638342357779920e-05,2.935272202521426116e-04,-2.295708869421946188e-16,-3.233606357146989838e-16,-8.180327264760744972e-10,-2.814107827485148804e-09,2.521110026955096924e-08,3.328853110605622825e-08,9.522647859606253595e-02,2.935274969956830904e-01
5.314124927156058931e+01,-9.703372445517753143e-20,7.190335325773387485e-20,-9.078791124080784007e-13,2.732151743456773785e-13,1.057789185724711043e-11,-8.340263145528578716e-12,1.003042355780160049e-04,3.004050700713561148e-04,-2.153463505792176981e-16,-2.906103470533806196e-16,-8.182635169643911748e-10,-2.719045006474023872e-09,2.497860182990484925e-08,3.168016935336431230e-08,1.003043306829009967e-01,3.004053371744602741e-01
5.469339578050274753e+01,-8.964087649164982655e-20,6.935093652266947110e-20,-9.025589458819847614e-13,2.810886381205478137e-13,1.034776692540721953e-11,-8.498010866890793992e-12,1.056212501830442005e-04,3.073520985047300830e-04,-2.018076259139462927e-16,-2.608502981601668118e-16,-8.179533482139719763e-10,-2.626399689012103998e-09,2.472877056934277963e-08,3.011146469586138213e-08,1.056213451618804033e-01,3.073523562084212180e-01
5.629087729413984675e+01,-8.270114156880377266e-20,6.682380625034782674e-20,-8.969864421828175375e-13,2.890007245561411083e-13,1.010905318432038987e-11,-8.651745881810040060e-12,1.111852828591283049e-04,3.143613002004975792e-04,-1.889353940139273052e-16,-2.338264406724391811e-16,-8.171109792782985704e-10,-2.536109455424492955e-09,2.446165683774776924e-08,2.858199874655266147e-08,1.111853776542045952e-01,3.143615487396759223e-01
5.793501795464459292e+01,-7.619070139499305769e-20,6.432517544225746221e-20,-8.911539351465859810e-13,2.969443664186315227e-13,9.861721525206169699e-12,-8.800945590424026771e-12,1.170040791660552013e-04,3.214250092116342967e-04,-1.767095273001107100e-16,-2.093056526563062921e-16,-8.157443530234965736e-10,-2.448114436512451095e-09,2.417732908437822038e-08,2.709141696238102162e-08,1.170041737203182941e-01,3.214252488153451770e-01
5.962718057965700780e+01,-7.008702345545600610e-20,6.185798385302444868e-20,-8.850539082221904145e-13,3.049117902664263770e-13,9.605776045307258207e-12,-8.945065110750527118e-12,1.230852269996476130e-04,3.285348785691926126e-04,-1.651093310835881965e-16,-1.870740176056401032e-16,-8.138606950075614794e-10,-2.362357284496858191e-09,2.387587866498093908e-08,2.563942693554005085e-08,1.230853212566339061e-01,3.285351094608909839e-01
6.136876779191526765e+01,-6.436878436969242393e-20,5.942492648439269138e-20,-8.786790499789012448e-13,3.128944991830503103e-13,9.341257301327339509e-12,-9.083538968083937345e-12,1.294361050433998127e-04,3.356818626991069760e-04,-1.541137476465602926e-16,-1.669352438033228067e-16,-8.114666140943105457e-10,-2.278783153502652913e-09,2.355742472197508049e-08,2.422579640576332066e-08,1.294361989471770058e-01,3.356820850969208792e-01
6.316122318188065776e+01,-5.901579700065834694e-20,5.702847930650108327e-20,-8.720223066856406196e-13,3.208832584120274766e-13,9.068245507247621712e-12,-9.215783176111927392e-12,1.360638273244422049e-04,3.428562032188195918e-04,-1.437015295366743986e-16,-1.487092133430554013e-16,-8.085682030673355092e-10,-2.197339658792908896e-09,2.322211909540899970e-08,2.285035065729006143e-08,1.360639208195623950e-01,3.428564173358095157e-01
6.500603250432047275e+01,-5.400894060566200853e-20,5.467092215238495140e-20,-8.650769442610259000e-13,3.288680860313258760e-13,8.786863756592739469e-12,-9.341197741453339018e-12,1.429751839856746966e-04,3.500474186784282215e-04,-1.338513853059094051e-16,-1.322306490244023940e-16,-8.051711433639255203e-10,-2.117976848145956950e-09,2.287015124099964137e-08,2.151296960084142040e-08,1.429752770171391907e-01,3.500476247228431759e-01
6.690472490984055298e+01,-4.933009491811522183e-20,5.235435878755177194e-20,-8.578366132060342678e-13,3.368382473192346159e-13,8.497281153857898257e-12,-9.459169620895311855e-12,1.501765784562731905e-04,3.572442988335010187e-04,-1.245421007959320965e-16,-1.173478922451357886e-16,-8.012808087247887315e-10,-2.040647167160977985e-09,2.250175312339934900e-08,2.021358432159363895e-08,1.501766709695090962e-01,3.572444970090332128e-01
6.885887421238845718e+01,-4.496207688319310802e-20,5.008073438723394075e-20,-8.502954152266268089e-13,3.447822547888398841e-13,8.199715766733924066e-12,-9.569076122361401727e-12,1.576739612808438992e-04,3.644349040516366264e-04,-1.157526393303501035e-16,-1.039217801552526042e-16,-7.969023712290200109e-10,-1.965305415889971123e-09,2.211720396413981889e-08,1.895217299369478149e-08,1.576740532216915902e-01,3.644350945576689815e-01
7.087010019377773062e+01,-4.088858046846263133e-20,4.785185022257564716e-20,-8.424479716863542017e-13,3.526878733604200035e-13,7.894437385972632951e-12,-9.670288746232986442e-12,1.654727609527568109e-04,3.716065704606047178e-04,-1.074622228301095018e-16,-9.182461545522001328e-17,-7.920409066785477647e-10,-1.891908698097147033e-09,2.171683475655696934e-08,1.772875626634599088e-08,1.654728522674702995e-01,3.716067534924559213e-01
7.294006994631462248e+01,-3.709412044359457842e-20,4.566937671558687064e-20,-8.342894998545209088e-13,3.605421328829269933e-13,7.581770107351076931e-12,-9.762177560306233123e-12,1.735778121888165897e-04,3.787459214407621179e-04,-9.965039871172770253e-17,-8.093922356517425973e-17,-7.867015028015080631e-10,-1.820416377023518996e-09,2.130103268624599030e-08,1.654339227888637926e-08,1.735779028240753974e-01,3.787460971899250795e-01
7.507049925464022522e+01,-3.356397769749374948e-20,4.353486348137415706e-20,-8.258158828558456023e-13,3.683313470572862184e-13,7.262094379232596668e-12,-9.844115925127434618e-12,1.819932821792431918e-04,3.858388860466554810e-04,-9.229709125003931691e-17,-7.115808491245744913e-17,-7.808893661545755384e-10,-1.750790005998013914e-09,2.087024497518357870e-08,1.539617065465693089e-08,1.819933720821763079e-01,3.858390547010294158e-01
7.726315401793335980e+01,-3.028414913755386159e-20,4.144974784699477157e-20,-8.170237509758288966e-13,3.760411391354743869e-13,6.935848926892950690e-12,-9.915485834431266769e-12,1.907225954473983868e-04,3.928707249106498157e-04,-8.538264252363637946e-17,-6.238254306127766558e-17,-7.746099270737325445e-10,-1.682993274661078053e-09,2.042498269409392914e-08,1.428720656417175918e-08,1.907226845656199987e-01,3.928708866547664935e-01
7.951985171365303984e+01,-2.724129912776052231e-20,3.941536092873997705e-20,-8.079105568918152692e-13,3.836564782138646024e-13,6.603531885749906062e-12,-9.975683445870182987e-12,1.997683580558509079e-04,3.998260641335236228e-04,-7.888784234846690007e-17,-5.452207617338442233e-17,-7.678689489618459721e-10,-1.616991932636885045e-09,1.996582358889934034e-08,1.321663356801248979e-08,1.997684463375092034e-01,3.998262191487648165e-01
8.184246290403389423e+01,-2.442271475884710021e-20,3.743293226684595768e-20,-7.984746480976729968e-13,3.911617205733776946e-13,6.265701618741352746e-12,-1.002412519821200031e-11,2.091322819968907936e-04,4.066889376019429099e-04,-7.279395063756076021e-17,-4.749363154126583216e-17,-7.606726284689475725e-10,-1.552753701062466947e-09,1.949341477343091021e-08,1.218459646957209996e-08,2.091323693907271020e-01,4.066890860667491947e-01
8.423291278658318504e+01,-2.181626379268721034e-20,3.550359267873758750e-20,-7.887153513345037879e-13,3.985406629145486170e-13,5.922976790675125950e-12,-1.006025413828256985e-11,2.188151107037195997e-04,4.134428380895772059e-04,-6.708271251000058902e-17,-4.122101572339267007e-17,-7.530276993588004274e-10,-1.490248202331446961e-09,1.900847450123320842e-08,1.119124345661554050e-08,2.188151971591398015e-01,4.134429801796474235e-01
8.669318278986466453e+01,-1.941035505592642007e-20,3.362837496911086853e-20,-7.786330349907321848e-13,4.057766031301790894e-13,5.576035691096331364e-12,-1.008354649651090955e-11,2.288165467101900986e-04,4.200707773967795266e-04,-6.173636648517970648e-17,-3.563433542182300797e-17,-7.449415294365739967e-10,-1.429446842132869955e-09,1.851179316725117924e-08,1.023671775029773983e-08,2.288166321773472123e-01,4.200709132852586958e-01
8.922531221589201778e+01,-1.719390254765615960e-20,3.180821409821577815e-20,-7.682291889456160428e-13,4.128524103258407115e-13,5.225614944293172321e-12,-1.009351850315712013e-11,2.391351825687203073e-04,4.265553556631421781e-04,-5.673764965268095182e-17,-3.066948731855947802e-17,-7.364222129228678696e-10,-1.370322723582415006e-09,1.800423358654093959e-08,9.321149216791484333e-09,2.391352669986072932e-01,4.265554855207989160e-01
9.183139993049316274e+01,-1.515629186270654038e-20,3.004394557079390901e-20,-7.575064845732005936e-13,4.197506046066095206e-13,4.872507268259914918e-12,-1.008973324915228075e-11,2.497684362042436085e-04,4.328788398484168160e-04,-5.206979803416820152e-17,-2.626769025321404871e-17,-7.274786580572478184e-10,-1.312850523189687966e-09,1.748673027196235057e-08,8.444645487074288810e-09,2.497685195487963083e-01,4.328789638438064746e-01
9.451360610304671184e+01,-1.328734957560821942e-20,2.833630289448775120e-20,-7.464688334345336932e-13,4.264534457294274884e-13,4.517558396268034387e-12,-1.007180755064750983e-11,2.607124919330336085e-04,4.390232512214699246e-04,-4.771654432156438190e-17,-2.237505744138436106e-17,-7.181206673292068733e-10,-1.257006367692884028e-09,1.696028776860046888e-08,7.607283005247384765e-09,2.607125741452424039e-01,4.390233695210852827e-01
9.727415399703245669e+01,-1.157731564467836926e-20,2.668591405730943131e-20,-7.351214468455595889e-13,4.329430309737709043e-13,4.161663167164221935e-12,-1.003941864681797076e-11,2.719622484052151216e-04,4.449704615261423804e-04,-4.366211330170871203e-17,-1.894220547671797874e-17,-7.083590103365512091e-10,-1.202767716097597979e-09,1.642597789602746069e-08,6.809098175840880612e-09,2.719623294392455870e-01,4.449705742945487819e-01
1.001153318128802994e+02,-1.001681858575581994e-20,2.509329771052772954e-20,-7.234708734378639063e-13,4.392014003878996809e-13,3.805760592970064680e-12,-9.992310669824740707e-12,2.835112747351735928e-04,4.507022973098703898e-04,-3.989121642798389693e-17,-1.592389660114680064e-17,-6.982054858017646188e-10,-1.150113210490636081e-09,1.588493597548954897e-08,6.050078440808823755e-09,2.835113545464935103e-01,4.507024047098258102e-01
1.030394945846446006e+02,-8.596853268592503134e-21,2.355885830520647902e-20,-7.115250347816667678e-13,4.452106512531954906e-13,3.450828126864290897e-12,-9.930300693162646837e-12,2.953517760616632950e-04,4.562006517093287854e-04,-3.638904449201298067e-17,-1.327871121891269075e-17,-6.876729757821179650e-10,-1.099022533792697033e-09,1.533835591951007125e-08,5.330153805246290274e-09,2.953518546071756123e-01,4.562007539018866908e-01
1.060490661320773995e+02,-7.308761837899308480e-21,2.208288151839213090e-20,-6.992932543293059074e-13,4.509530541710194200e-13,3.097875035157235165e-12,-9.853284260260898653e-12,3.074745697264944064e-04,4.614476027915676124e-04,-3.314126073479567799e-17,-1.096874887077606957e-17,-6.767754803641386991e-10,-1.049476267511068037e-09,1.478748425523142935e-08,4.649188747331354627e-09,3.074746469646746916e-01,4.614476999361635801e-01
1.091465410697163065e+02,-6.144216861720721326e-21,2.066552962974709073e-20,-6.867862679219567767e-13,4.564111845176572003e-13,2.747934831402621838e-12,-9.761240306883754131e-12,3.198690731752263186e-04,4.664255373542357816e-04,-3.013399380274858768e-17,-8.959353868546437030e-18,-6.655281549601660086e-10,-1.001455733879797995e-09,1.423361318024804968e-08,4.006974544734037600e-09,3.198691490662641246e-01,4.664256296087567755e-01
1.123344868746549992e+02,-5.095207302612127058e-21,1.930683646713420116e-20,-6.740162192597529080e-13,4.615680450080143861e-13,2.402057167446624824e-12,-9.654235155124357132e-12,3.325233045642485914e-04,4.711172789002566856e-04,-2.735383001873627927e-17,-7.218864400862858345e-18,-6.539473137777980795e-10,-9.549428319283443357e-10,1.367807241977320003e-08,3.403222664959729065e-09,3.325233790701885850e-01,4.711173664210903111e-01
1.156155460147083005e+02,-4.154026543983657694e-21,1.800670385406197853e-20,-6.609966493625365683e-13,4.664072037172552903e-13,2.061298806085341812e-12,-9.532425701882318496e-12,3.454238969059139890e-04,4.755062183268610903e-04,-2.478780774690336081e-17,-5.718382008297000054e-18,-6.420504380598293303e-10,-9.099198830911948148e-10,1.312222034498539942e-08,2.837558663055302123e-09,3.454239699907982186e-01,4.755063012689277890e-01
1.189924381387368015e+02,-3.313263199746651156e-21,1.676489769121198933e-20,-6.477424700729028612e-13,4.709129267392388538e-13,1.726714204349080009e-12,-9.396061508396223207e-12,3.585561263981970853e-04,4.795764457126169920e-04,-2.242341093032599877e-17,-4.431560729845106804e-18,-6.298561591706962118e-10,-8.663694733480393726e-10,1.256743418361747992e-08,2.309517354445078863e-09,3.585561980282048200e-01,4.795765242293846820e-01
1.224679623309466052e+02,-2.565793478191453884e-21,1.558104561675207117e-20,-6.342699154148956541e-13,4.750703052615021936e-13,1.399345677094487971e-12,-9.245485775191239879e-12,3.719039553701235950e-04,4.833128814553520783e-04,-2.024856445104563863e-17,-3.334412586237081829e-18,-6.173842199988805900e-10,-8.242742866903284332e-10,1.201509957707251950e-08,1.818539129458394044e-09,3.719040255137068263e-01,4.833129556988304820e-01
1.260449994310315986e+02,-1.904775447636225128e-21,1.445463494841998990e-20,-6.205964840940689776e-13,4.788653935545943573e-13,1.080213208223724968e-12,-9.081135050813706804e-12,3.854500900327238072e-04,4.867014049147209216e-04,-1.825162928330759096e-17,-2.405128559957356890e-18,-6.046554389613976195e-10,-7.836169507308910906e-10,1.146659953783334938e-08,1.363967412098972084e-09,3.854501586607373964e-01,4.867014750354384800e-01
1.297265144220837954e+02,-1.323645576329447024e-21,1.338501288309474021e-20,-6.067408800691616097e-13,4.822853290146945318e-13,7.703043587304184491e-13,-8.903537843144897200e-12,3.991760529626065240e-04,4.897289786511104925e-04,-1.642139984399814100e-17,-1.623914257721626938e-18,-5.916916401811759391e-10,-7.443799031302362477e-10,1.092330326652972007e-08,9.450477176800523782e-10,3.991761200484312822e-01,4.897290447980768846e-01
1.335155588882483073e+02,-8.161152780595797368e-22,1.237138645343327004e-20,-5.927228958057224224e-13,4.853184545496333292e-13,4.705639166184610862e-13,-8.713311564907752976e-12,4.130622699676898151e-04,4.923837663321740336e-04,-1.474710006353665140e-17,-9.728362875274702322e-19,-5.785155801949914318e-10,-7.065452111853182490e-10,1.038655432971346002e-08,5.609276850887109558e-10,4.130623354873452224e-01,4.923838286528203767e-01
1.374152735441616926e+02,-3.761702012833099228e-22,1.141282557800441003e-20,-5.785633420413774858e-13,4.879544299639754649e-13,1.818843448483112088e-13,-8.511158695826545757e-12,4.270881706994969105e-04,4.946552424029391788e-04,-1.321838219680341936e-17,-4.356818964441499744e-19,-5.651508564468033506e-10,-6.700944764197532495e-10,9.857659508606465515e-09,2.106592069937302946e-10,4.270882346317441125e-01,4.946553010430481123e-01
1.414288908382708883e+02,1.931005850739314946e-24,1.050826595903303049e-20,-5.642839167737750792e-13,4.901843305761287248e-13,-9.490379494383824981e-14,-8.297861187104130892e-12,4.412323020918213997e-04,4.965342916871920594e-04,-1.182532409602860075e-17,2.173029318570945984e-21,-5.516217993012182485e-10,-6.350086897344147616e-10,9.337877269561645618e-09,-1.067986038352228989e-10,4.412323644182530868e-01,4.965343467908113206e-01
1.455597376321881882e+02,3.236566461901677079e-22,9.656514634419050425e-21,-5.499070773241382672e-13,4.920007348254888459e-13,-3.590404614046283056e-13,-8.074273942936870695e-12,4.554724534301073232e-04,4.980132972070299867e-04,-1.055842818974113072e-17,3.538860123248731214e-19,-5.379533532149320814e-10,-6.012681186504144366e-10,8.828407022439704779e-09,-3.925746578833155846e-10,4.554725141352228834e-01,4.980133489163732219e-01
1.498112379583058100e+02,5.942018152260392044e-22,8.856256221429264975e-21,-5.354559114778823264e-13,4.933978050616449314e-13,-6.098439670307968050e-13,-7.841317233226694861e-12,4.697857915983184862e-04,4.990862146728033358e-04,-9.408619634537053327e-18,6.312620960633217305e-19,-5.241709544387254615e-10,-5.688522188382099607e-10,8.330379049180685916e-09,-6.478798466022621563e-10,4.697858506695850034e-01,4.990862631281399175e-01
1.541869158579544887e+02,8.184884118199533962e-22,8.106060782175796881e-21,-5.209539882008118066e-13,4.943713409647408180e-13,-8.467179559278254526e-13,-7.599967783166301728e-12,4.841490048189078755e-04,4.997486323040207200e-04,-8.367244621944208260e-18,8.448607709657360884e-19,-5.103003857343719243e-10,-5.377395473814368388e-10,7.844844896854905748e-09,-8.739998938348750880e-10,4.841490622468038740e-01,4.997486776435565159e-01
1.586903983024583908e+02,1.001165170607596040e-21,7.404393216998360191e-21,-5.064252138563496760e-13,4.949188370981185715e-13,-1.069157064993422038e-12,-7.351249672445143644e-12,4.985384530046249986e-04,4.999978148883226902e-04,-7.426068581889325664e-18,1.004095946939034923e-18,-4.963676454030161124e-10,-5.079077055310384442e-10,7.372769466759826715e-09,-1.072286878447452077e-09,4.985385087826689765e-01,4.999978572480741068e-01
1.633254181995089027e+02,1.146608095765481982e-21,6.749623155434029697e-21,-4.918936478744945138e-13,4.950394906819583198e-13,-1.276751421603376081e-12,-7.096223655174233154e-12,5.129303226852378883e-04,4.998327312639758808e-04,-6.577273158318919175e-18,1.117329734967184957e-18,-4.823987768485924676e-10,-4.793332623774380383e-10,6.915023298008691084e-09,-1.244149882411829095e-09,5.129303768099954253e-01,4.998327707776353268e-01
1.680958174873470909e+02,1.258921758309599911e-21,6.140036604615320947e-21,-4.773833966066021797e-13,4.947342331344335277e-13,-1.469189741471127082e-12,-6.835977113126426612e-12,5.273007843633200319e-04,4.992540647137034453e-04,-5.813453249443655093e-18,1.191960774490982974e-18,-4.684197376062024847e-10,-4.519917774019478873e-10,6.472377270773138397e-09,-1.391044781424346057e-09,5.273008368343971020e-01,4.992541015125077086e-01
1.730055503193223956e+02,1.341941504801608028e-21,5.573847640223492670e-21,-4.629183969614366319e-13,4.940057099433714089e-13,-1.646261321176113920e-12,-6.571612568093129104e-12,5.416261500950242131e-04,4.982642060753588158e-04,-5.127612393621497984e-18,1.234507352134924940e-18,-4.544562328086617928e-10,-4.258577310878348250e-10,6.045497513613774389e-09,-1.514463705947992018e-09,5.416262009150393242e-01,4.982642402879502996e-01
1.780586863414644938e+02,1.399236333558444909e-21,5.049211295716739632e-21,-4.485222841890061848e-13,4.928582612062722441e-13,-1.807856274544390901e-12,-6.304237000119425907e-12,5.558830290863706449e-04,4.968672296984049481e-04,-4.513157728725852938e-18,1.250685285931752085e-18,-4.405335686023662808e-10,-4.009045561453460248e-10,5.634942622612050332e-09,-1.615923763144347950e-09,5.558830782609101018e-01,4.968672614506949858e-01
1.832594140657868991e+02,1.434112725626662082e-21,4.564236533139504256e-21,-4.342182665065196237e-13,4.912978777177226244e-13,-1.953964355759866989e-12,-6.034951044189585350e-12,5.700484791431755221e-04,4.950688526948011448e-04,-3.963893529797029996e-18,1.245481059720828912e-18,-4.266765020937117864e-10,-3.771046843492472978e-10,5.241162070154650971e-09,-1.696955583045333934e-09,5.700485266807311380e-01,4.950688821098411241e-01
1.886120443421177129e+02,1.449620258999760082e-21,4.116999545844758339e-21,-4.200289171328555011e-13,4.893321487705773946e-13,-2.084672993815895915e-12,-5.764838250508275123e-12,5.841001519116306761e-04,4.928763782391286591e-04,-3.474013712717942885e-18,1.223221086599749950e-18,-4.129091043059404255e-10,-3.544295309263148076e-10,4.864495832670135024e-09,-1.759092389106197919e-09,5.841001978235210723e-01,4.928764054369789149e-01
1.941210139313353125e+02,1.448557466936548008e-21,3.705556851661140803e-21,-4.059760946951973035e-13,4.869701892972293131e-13,-2.200163312550000080e-12,-5.494955291252852149e-12,5.980164299931409622e-04,4.902986239566486243e-04,-3.038092980796614910e-18,1.187635880045295076e-18,-3.992546257380704795e-10,-3.328496021081934753e-10,4.505175812553728335e-09,-1.803858632871310905e-09,5.980164742934163113e-01,4.902986490542594056e-01
1.997908891829711990e+02,1.433479462708316993e-21,3.327958110884336930e-21,-3.920807750245335232e-13,4.842225507453948344e-13,-2.300705564288679182e-12,-5.226322344772716163e-12,6.117765542060222932e-04,4.873458366915723932e-04,-2.651076762889510988e-18,1.141920651355650068e-18,-3.857353697300845103e-10,-3.123345298258703255e-10,4.163328161578147292e-09,-1.832759565028160964e-09,6.117765969113554414e-01,4.873458598026713107e-01
2.056263698202274099e+02,1.406706340114565045e-21,2.982258861489686863e-21,-3.783629626293919787e-13,4.811011180965793979e-13,-2.386653198760878154e-12,-4.959914875339182021e-12,6.253607394914934741e-04,4.840295951643546184e-04,-2.308270285570160148e-18,1.088791616093192983e-18,-3.723725762364559014e-10,-2.928531775278081750e-10,3.838977318013226698e-09,-1.847271117809287004e-09,6.253607806210562670e-01,4.840296163993434986e-01
2.116322928355473039e+02,1.370332589109565962e-21,2.666532023096740969e-21,-3.648415639701600900e-13,4.776190158245632557e-13,-2.458436251937631033e-12,-4.696655845484793358e-12,6.387502782142672657e-04,4.803627022011968946e-04,-2.005326062022394910e-18,1.030538403731123031e-18,-3.591863333552530822e-10,-2.743737147730589251e-10,3.532050727207330888e-09,-1.848830707874205975e-09,6.387503177895962336e-01,4.803627216670612876e-01
2.178136364999672026e+02,1.326237415058985950e-21,2.378879193960751978e-21,-3.515343029455997800e-13,4.737904798404844571e-13,-2.516553885281966117e-12,-4.437409215950784784e-12,6.519276298805868784e-04,4.763590683476877905e-04,-1.738230851021003028e-18,9.690726609767937053e-19,-3.461954819183482975e-10,-2.568637247841205204e-10,3.242384740407221994e-09,-1.838828811803064953e-09,6.519276679254378815e-01,4.763590861479172767e-01
2.241755244895736041e+02,1.276095672902563078e-21,2.117440809886235956e-21,-3.384576515901543191e-13,4.696307275411667001e-13,-2.561566422340089180e-12,-4.182974679203753047e-12,6.648764965799990262e-04,4.720335887598989732e-04,-1.503291549624877042e-18,9.059728293847140240e-19,-3.334175391635858019e-10,-2.402903189386891030e-10,2.969731412647931819e-09,-1.818601558318684089e-09,6.648765331201935691e-01,4.720336049944208190e-01
2.307232301324852131e+02,1.221389694569432080e-21,1.880405036487968145e-21,-3.256267717335079909e-13,4.651558536401065703e-13,-2.594086976419182808e-12,-3.934083147049401857e-12,6.775818837428600498e-04,4.674020153003764257e-04,-1.297120174679016069e-18,8.425255108495281799e-19,-3.208686588361423779e-10,-2.246202529961338931e-10,2.713765662122094979e-09,-1.789424345655829972e-09,6.775819188061255050e-01,4.674020300655044036e-01
2.374621807798808106e+02,1.163421123430093002e-21,1.666016075561406068e-21,-3.130554671510962170e-13,4.603826615164003872e-13,-2.614772726995715937e-12,-3.691393830324686682e-12,6.900301460852872101e-04,4.624808257549821097e-04,-1.116618624596678927e-18,7.797630009263082091e-19,-3.085635617995893821e-10,-2.098200433239718118e-10,2.474093234828389100e-09,-1.752506454697320973e-09,6.900301797010899296e-01,4.624808391433792853e-01
2.443979623046959091e+02,1.103323724252629020e-21,1.472580840287226026e-21,-3.007561133769673033e-13,4.553285629660005766e-13,-2.624316753360844130e-12,-3.455491721651644004e-12,7.022090188794921249e-04,4.572870920325967817e-04,-9.589626591973659984e-19,7.184979076316594277e-19,-2.965155308317227829e-10,-1.958560605729368122e-10,2.250258484677291010e-09,-1.708987176478710909e-09,7.022090510788687734e-01,4.572871041332485231e-01
2.515363237317168910e+02,1.042075512388993048e-21,1.298474947654640055e-21,-2.887397108585053867e-13,4.500114320098119783e-13,-2.623438893291594059e-12,-3.226887360498034992e-12,7.141076349336868568e-04,4.518383491176596739e-04,-8.215859377059340588e-19,6.593539509968409611e-19,-2.847363863384356856e-10,-1.826946962104354082e-10,2.041753121794802998e-09,-1.659932297540534976e-09,7.141076657490742496e-01,4.518383600158660807e-01
2.588831820029104733e+02,9.805115488242341915e-22,1.142147183165885922e-21,-2.770158099965862135e-13,4.444494715572019822e-13,-2.612877895219665957e-12,-3.006016285902187986e-12,7.257165278866481873e-04,4.461524664207417172e-04,-7.021636883978484305e-19,6.027941195203352240e-19,-2.732364837516334805e-10,-1.703024319094869030e-10,1.848024067128062961e-09,-1.606332360033653990e-09,7.257165573517109225e-01,4.461524761981209841e-01
2.664446268819397119e+02,9.193363433930102875e-22,1.002123038379619909e-21,-2.655926047642090074e-13,4.386610879964395760e-13,-2.593383241054587199e-12,-2.793240415862259935e-12,7.370276226135700917e-04,4.402475230207241168e-04,-5.985965527278436716e-19,5.491457085372489893e-19,-2.620247265396608951e-10,-1.586460060821782978e-10,1.668481832908274902e-09,-1.549101466130916958e-09,7.370276507630314500e-01,4.402475317552319023e-01
2.742269260019289732e+02,8.591359866284732268e-22,8.770071548317528578e-22,-2.544768527675897098e-13,4.326647865427872244e-13,-2.565707954442842816e-12,-2.588849742729893922e-12,7.480342136992716717e-04,4.341416881201009149e-04,-5.089945974796465743e-19,4.986225862411926958e-19,-2.511086000344108094e-10,-1.476924589824759077e-10,1.502508303924705955e-09,-1.489077347119813949e-09,7.480342405687471219e-01,4.341416958860588871e-01
2.822365300606658138e+02,8.003899490134742456e-22,7.654847664477228050e-22,-2.436739831389285097e-13,4.264790335831953075e-13,-2.530601329574207913e-12,-2.393064852797603063e-12,7.587309330607574500e-04,4.278531078487586895e-04,-4.316616435707774062e-19,4.513448941537911353e-19,-2.404941922480062779e-10,-1.374092818924453039e-10,1.349464225557022094e-09,-1.427021904322897048e-09,7.587309586865917943e-01,4.278531147168987969e-01
2.904800781675419898e+02,7.434824394903106574e-22,6.663221493441143395e-22,-2.331881332407563251e-13,4.201221725886998768e-13,-2.488802875535082157e-12,-2.206040546178781881e-12,7.691137078933311727e-04,4.213997993575959930e-04,-3.650799890606118221e-19,4.073563532940617101e-19,-2.301862519860383966e-10,-1.277645073278724009e-10,1.208696513028994097e-09,-1.363622877415597943e-09,7.691137323124405123e-01,4.213998053951141243e-01
2.989644033466695987e+02,6.887131373704879362e-22,5.783664146902224217e-22,-2.230221550755379022e-13,4.136123039067082045e-13,-2.441036571787431953e-12,-2.027869071498352003e-12,7.791797101738653138e-04,4.147995529472943269e-04,-3.078957654685993086e-19,3.666393020634567061e-19,-2.201882296135679884e-10,-1.187267714883104006e-10,1.079544531252738044e-09,-1.299495967811152039e-09,7.791797334235855965e-01,4.147995582179148100e-01
3.076965382007301173e+02,6.363073895737651311e-22,5.005442287594852302e-22,-2.131776974367858065e-13,4.069672091785881105e-13,-2.388006008802397810e-12,-1.858584606371868964e-12,7.889272989832345770e-04,4.080698427847282892e-04,-2.589047270698331765e-19,3.291277404963822931e-19,-2.105023455767041967e-10,-1.102654079321469007e-10,9.613462958937044751e-10,-1.235187638627609947e-09,7.889273211011770259e-01,4.080698473487782141e-01
3.166837207402538752e+02,5.864256892110246431e-22,4.318603975441625002e-22,-2.036553228721339047e-13,4.002042568107893121e-13,-2.330389867063181886e-12,-1.698167958436738034e-12,7.983559569099209262e-04,4.012277465744291081e-04,-2.170389966182047787e-19,2.947184875049453808e-19,-2.011296493832030045e-10,-1.023505447211201006e-10,8.534440108058409843e-10,-1.171178189416877047e-09,7.983559779338359474e-01,4.012277504889222857e-01
3.259334003831609152e+02,5.391725990035627739e-22,3.713952220270796133e-22,-1.944544509181449976e-13,3.933403563008163968e-13,-2.268838672833413942e-12,-1.546550530964524958e-12,8.074662217715328433e-04,3.942898743789887881e-04,-1.813541826545971050e-19,2.632807322300889986e-19,-1.920701037365563882e-10,-9.495310095087160352e-11,7.551885184367140265e-10,-1.107885504937496083e-09,8.074662417391800240e-01,3.942898776977125097e-01
3.354532441295348804e+02,4.946047205864799959e-22,3.183020828984464063e-22,-1.855736009451774110e-13,3.863918681149260776e-13,-2.203971649965737932e-12,-1.403620101699213042e-12,8.162596148439735374e-04,3.872723066232195734e-04,-1.510176180325504042e-19,2.346639584964837986e-19,-1.833226443839532985e-10,-8.804492552882547726e-11,6.659440065582300504e-10,-1.045668774009521931e-09,8.162596337930040358e-01,3.872723093968343244e-01
3.452511429167511778e+02,4.527382048842681588e-22,2.718041532216832793e-22,-1.770102585229494110e-13,3.793745672500573909e-13,-2.136374572823350887e-12,-1.269224533100916089e-12,8.247385667229558803e-04,3.801905411745300245e-04,-1.252971218941588032e-19,2.087046624238315036e-19,-1.748852651177300090e-10,-8.159873819358996729e-11,5.850910633631758117e-10,-9.848325792296040082e-10,8.247385846907985263e-01,3.801905434506666071e-01
3.553352181602232918e+02,4.135553963661120210e-22,2.311911235277641214e-22,-1.687611894475063892e-13,3.723035753783129845e-13,-2.066598029905682036e-12,-1.143177768570438099e-12,8.329063418632492001e-04,3.730594492675457126e-04,-1.035506986865044991e-19,1.852318098802024977e-19,-1.667550845622245878e-10,-7.558827870117685744e-11,5.120302840871481537e-10,-9.256309958422250885e-10,8.329063588870109225e-01,3.730594510909169270e-01
3.657138284851927779e+02,3.770109023771835854e-22,1.958155355049634914e-22,-1.608223062105563073e-13,3.651933644961248036e-13,-1.995156443915181182e-12,-1.025263298575942036e-12,8.407669627511312653e-04,3.658932399354098124e-04,-8.521693188055998288e-20,1.640713148895714107e-19,-1.589284424509307962e-10,-6.998823396661573732e-11,4.461841725125517216e-10,-8.682718168082767490e-10,8.407669788675022904e-01,3.658932413479131784e-01
3.763955766551392799e+02,3.430369340939084837e-22,1.650892249098346956e-22,-1.531888670517801077e-13,3.580576951830409062e-13,-1.922527268614098958e-12,-9.152397257759522515e-13,8.483251345684508175e-04,3.587054325232016776e-04,-6.980625656949017327e-20,1.450495890767498943e-19,-1.514009612091810984e-10,-6.477431439178707455e-11,3.869995704141191900e-10,-8.129206000453035510e-10,8.483251498136213931e-01,3.587054335640337821e-01
3.873893167025566981e+02,3.115480694664436876e-22,1.384793509699268028e-22,-1.458554864738504077e-13,3.509096122905535115e-13,-1.849151303066268053e-12,-8.128438796080118669e-13,8.555861711056408090e-04,3.515088367903488145e-04,-5.689282660302088307e-20,1.279963414798899958e-19,-1.441676292208744129e-10,-5.992323651818757135e-11,3.339486037012718026e-10,-7.597049214286546238e-10,8.555861855152262496e-01,3.515088374961172213e-01
3.987041612680034177e+02,2.824453557513837907e-22,1.155048284328252049e-22,-1.388162970512773091e-13,3.437614121852928138e-13,-1.775432209108887961e-12,-7.177964383389035090e-13,8.625559225788024002e-04,3.443155400575768237e-04,-4.610727998825303712e-20,1.127466901228682031e-19,-1.372228667479686910e-10,-5.541276466029373010e-11,2.865303711204615169e-10,-7.087179910678289071e-10,8.625559361877755959e-01,3.443155404624153038e-01
4.103494891535115130e+02,2.556199891582737848e-22,9.573241203666159872e-23,-1.320648993995949066e-13,3.366246866484418066e-13,-1.701738092274546962e-12,-6.298039327554900707e-13,8.692407059049877486e-04,3.371369008187984941e-04,-3.713002450953428076e-20,9.914276952448309104e-20,-1.305606178708249883e-10,-5.122165886385763868e-11,2.442708270053518256e-10,-6.600228254017514209e-10,8.692407187476215435e-01,3.371369009544761264e-01
4.223349530966161183e+02,2.309563500536993147e-22,7.877313507819996179e-23,-1.255944865392358916e-13,3.295102584938342150e-13,-1.628401673631328062e-12,-5.485633752624790563e-13,8.756472378921375350e-04,3.299835482177682750e-04,-2.968528590545765920e-20,8.703481556521654795e-20,-1.241743929889332981e-10,-4.732969225314176256e-11,2.067235310079226979e-10,-6.136555210438673231e-10,8.756472500019525373e-01,3.299835481138043147e-01
4.346704877714469148e+02,2.083346488221017031e-22,6.427882903149065902e-23,-1.193979895879849892e-13,3.224282219072761026e-13,-1.555721651523105981e-12,-4.737653937291602148e-13,8.817825717073130096e-04,3.228653867817857237e-04,-2.353574411957715114e-20,7.628189654041123667e-20,-1.180573486181926017e-10,-4.371766837815378858e-11,1.734695738476748932e-10,-5.696287138895422778e-10,8.817825831170372775e-01,3.228653864655620098e-01
4.473663180235163281e+02,1.876332025399713095e-22,5.193854265672368791e-23,-1.134679834604448939e-13,3.153879360738733781e-13,-1.483964330217049068e-12,-4.050962841015226858e-13,8.876540369002685216e-04,3.157916058084006224e-04,-1.847764453374048860e-20,6.675234694541630936e-20,-1.122023429020623967e-10,-4.036734488681363025e-11,1.441169651031418113e-10,-5.279348243505494233e-10,8.876540476417978942e-01,3.157916053052682859e-01
4.604329673450276914e+02,1.687302269634131909e-22,4.147539313802220116e-23,-1.077968428712677950e-13,3.083980712994266123e-13,-1.413364912177969011e-12,-3.422414329512931044e-13,8.932691831797944957e-04,3.087706928142698072e-04,-1.433653604922995117e-20,5.832390722387444108e-20,-1.066020050005018010e-10,-3.726145087218825863e-11,1.183004251392686008e-10,-4.885488835928711999e-10,8.932691932841657634e-01,3.087706921476576216e-01
4.738812665977313827e+02,1.515053651811912986e-22,3.264350999036474922e-23,-1.023767470844886062e-13,3.014666091368557805e-13,-1.344129111507432077e-12,-2.848870695683891781e-13,8.986357280683362559e-04,3.018104504763936130e-04,-1.096345506995209960e-20,5.088369064818559102e-20,-1.012487819275037010e-10,-3.438364523912824010e-11,9.568047639929828245e-11,-4.514312072009419109e-10,8.986357375657024749e-01,3.018104496679098747e-01
4.877223629905553821e+02,1.358409066077725938e-22,2.522515017823441064e-23,-9.719985057037224002e-14,2.946008332802986092e-13,-1.276435119092467083e-12,-2.327228488911404795e-13,9.037615084963217596e-04,2.949180165232036742e-04,-8.231542462979404570e-21,4.432798944905091129e-20,-9.613497844973500968e-11,-3.171853058205553769e-11,7.594277929833305987e-11,-4.165299238976915002e-10,9.037615174159359110e-01,2.949180155927420000e-01
5.019677293194562253e+02,1.216227192061722054e-22,1.902788371245286925e-23,-9.225805173612481552e-14,2.878073742042169216e-13,-1.210434839305798980e-12,-1.854427513049157992e-13,9.086544363415621165e-04,2.880998860650343268e-04,-6.033020795022766742e-21,3.856195492922027232e-20,-9.125281086296424067e-11,-2.925153175432021213e-11,5.879686841772124112e-11,-3.837830137553724878e-10,9.086544447117611556e-01,2.880998850308648107e-01
5.166291734771451729e+02,1.087410243054760004e-22,1.388221840336886900e-23,-8.754347971280129400e-14,2.810922390983501783e-13,-1.146256429873399971e-12,-1.427472682639879068e-13,9.133224578708259381e-04,2.813619358888538196e-04,-4.276614239778651066e-21,3.349921456934150018e-20,-8.659445036014882135e-11,-2.696901035994971030e-11,4.397532025566798798e-11,-3.531205480274539153e-10,9.133224657190269768e-01,2.813619347677270843e-01
5.317188482405754257e+02,9.709091742500704162e-23,9.639155580351132185e-24,-8.304797272584387756e-14,2.744608804946514990e-13,-1.084005516491918077e-12,-1.043439623875021019e-13,9.177735169999524890e-04,2.747094502798353246e-04,-2.885207592172094046e-21,2.906140997004010740e-20,-8.215207333841584449e-11,-2.485805311738492850e-11,3.123240308429315794e-11,-3.244662792365659998e-10,9.177735243526455866e-01,2.747094490870629069e-01
5.472492613443002938e+02,8.657270679363653075e-23,6.168144693822892084e-24,-7.876362374746266621e-14,2.679180836055671240e-13,-1.023766881957802058e-12,-6.994973570194025837e-14,9.220155222552233213e-04,2.681471479709470114e-04,-1.793863942943415977e-21,2.517769359652707935e-20,-7.791785272544488221e-11,-2.290660022901726029e-11,2.034328228710248906e-11,-2.977392046854669218e-10,9.220155291379734663e-01,2.681471467204979975e-01
5.632332858480544928e+02,7.709220624870363700e-23,3.355078870820851087e-24,-7.468254654350663432e-14,2.614681675252765049e-13,-9.656066587732240368e-13,-3.928997490832619694e-14,9.260563172916553773e-04,2.616792098608834044e-04,-9.480572263237405218e-22,2.178423400503908056e-20,-7.388404124619489749e-11,-2.110332741999233019e-11,1.110231564386554922e-11,-2.728550969689436933e-10,9.260563237291049576e-01,2.616792085654621181e-01
5.796841708071503945e+02,6.856083071853748044e-23,1.100340364906625951e-24,-7.079674186174481042e-14,2.551149277638919184e-13,-9.095735550568712955e-13,-1.209995655573721036e-14,9.299036548028591148e-04,2.553093071790265775e-04,-3.021034849279850158e-22,1.882368996922643881e-20,-7.004297142290428298e-11,-1.943756961037689891e-11,3.322098470208923120e-12,-2.497275838865871027e-10,9.299036608187335462e-01,2.553093058501519907e-01
5.966155522545351459e+02,6.089560796406776004e-23,-6.825228249594510381e-25,-6.709868724560436036e-14,2.488616271335048789e-13,-8.557005765823073594e-13,1.187363126665334931e-14,9.335651736414943280e-04,2.490406298136009174e-04,1.820718232282979920e-22,1.624469389616704086e-20,-6.638706945287877216e-11,-1.789944581524923053e-11,-3.167445269231159909e-12,-2.282692364538909098e-10,9.335651792586133757e-01,2.490406284616895893e-01
6.140414645036108823e+02,5.401912686228101608e-23,-2.068503778508509117e-24,-6.358068623471537191e-14,2.427111123727991894e-13,-8.040065421776587492e-13,3.287428476122960827e-14,9.370483789585793647e-04,2.428759145550241950e-04,5.361406683179395453e-22,1.400135260994195062e-20,-6.290890031130187941e-11,-1.647963710009402857e-11,-8.520768095994750242e-12,-2.083924667355169086e-10,9.370483841988660467e-01,2.428759131894560885e-01
6.319763517811869633e+02,4.785946339889470886e-23,-3.122470217221350080e-24,-6.023535805353334451e-14,2.366657788038381861e-13,-7.544976050434128830e-13,5.113381667404317217e-14,9.403606251633429705e-04,2.368174730403034133e-04,7.863531100924269671e-22,1.205277721577949000e-20,-5.960116775123489997e-11,-1.516948372531718119e-11,-1.287738007900411058e-11,-1.900103113909433970e-10,9.403606300478378754e-01,2.368174716694932957e-01
6.504350802002068122e+02,4.234995222309988897e-23,-3.900287495828883112e-24,-5.705544323011613321e-14,2.307276187746838046e-13,-7.071681539325831861e-13,6.687334840386791732e-14,9.435091015023893204e-04,2.308672192161284012e-04,9.543612473201895725e-22,1.036260872328301958e-20,-5.645673512029871215e-11,-1.396089494062486977e-11,-1.636323790578155027e-11,-1.730369574483864073e-10,9.435091060512647010e-01,2.308672178475935088e-01
6.694329500821735337e+02,3.742904596641566175e-23,-4.449964211607239285e-24,-5.403388573118720774e-14,2.248982253506979894e-13,-6.620028974713964770e-13,8.030246538294176044e-14,9.465008200571059559e-04,2.250266961676701115e-04,1.057960772281054987e-21,8.898602436640725206e-21,-5.346863229956768772e-11,-1.284633510723583063e-11,-1.909158237070967132e-11,-1.573884785037795912e-10,9.465008242896819635e-01,2.250266948080905105e-01
6.889857086394881662e+02,3.304004238620871742e-23,-4.812577164595678992e-24,-5.116371150897655296e-14,2.191788760216816908e-13,-6.189771435416821772e-13,9.162020308807101885e-14,9.493426059609970293e-04,2.192971021870489950e-04,1.111700047115725047e-21,7.632213556525831698e-21,-5.063007998969843309e-11,-1.181876124783615038e-11,-2.116416643437196102e-11,-1.429830413320044981e-10,9.493426098957592485e-01,2.192971008423242885e-01
7.091095630282131879e+02,2.913087848070560181e-23,-5.023181073271388946e-24,-4.843824815936822939e-14,2.135705887195953967e-13,-5.780585795074483682e-13,1.010138842642281001e-13,9.520410896434704229e-04,2.136793159799406025e-04,1.127419709928500922e-21,6.538232663249465643e-21,-4.793450358871753254e-11,-1.087164386326099053e-11,-2.267189703789805912e-11,-1.297414181419373046e-10,9.520410932980895025e-01,2.136793146552503075e-01
7.298211937820797175e+02,2.565383886647582864e-23,-5.111537872688118272e-24,-4.585105804715327115e-14,2.080739199321738070e-13,-5.392079748937504314e-13,1.086606623100880022e-13,9.546027009131459158e-04,2.081739209308843951e-04,1.114692922281260960e-21,5.594432307075139718e-21,-4.537548808921128266e-11,-9.998918360237200414e-12,-2.369605277789940030e-11,-1.175871779143421040e-10,9.546027043044948979e-01,2.081739196307398898e-01
7.511377686388752863e+02,2.256532604435958138e-23,-5.102875695254012951e-24,-4.339581745603562887e-14,2.026893023993256106e-13,-5.023801013247276135e-13,1.147266711475815943e-13,9.570336647015773458e-04,2.027812283675280082e-04,1.081223611421974998e-21,4.781257623282610745e-21,-4.294685440615860950e-11,-9.194929540232113359e-12,-2.430887858388928121e-11,-1.064468860109711973e-10,9.570336678457520563e-01,2.027812270958203877e-01
7.730769567706712451e+02,1.982554650675297897e-23,-5.018385546699950727e-24,-4.106633468154715741e-14,1.974167553640032073e-13,-4.675241180319007669e-13,1.193676281730944076e-13,9.593399982971093911e-04,1.975012997814992038e-04,1.033145353904463969e-21,4.081526034909363634e-21,-4.064259345743903312e-11,-8.454410782771794593e-12,-2.457445911757914965e-11,-9.625015174463241449e-11,9.593400012094470686e-01,1.975012985415476041e-01
7.956569434296861800e+02,1.739834323647832963e-23,-4.875843229823642780e-24,-3.885701561070573751e-14,1.922562376112493095e-13,-4.345860711442135184e-13,1.227297925059150123e-13,9.615275099080395097e-04,1.923339679788951893e-04,9.753129890660761729e-22,3.480183702990177070e-21,-3.845693902221860696e-11,-7.772553434380075467e-12,-2.454959175968683145e-11,-8.693007959353032121e-11,9.615275126031440633e-01,1.923339667734950131e-01
8.188964450219247055e+02,1.525084943550739904e-23,-4.690098283176681255e-24,-3.676204746734599259e-14,1.872074053166321050e-13,-4.035079126357499824e-13,1.249497373142263998e-13,9.636017984042063739e-04,1.872788571466756091e-04,9.115344557813967324e-22,2.964047638460880039e-21,-3.638431222979878993e-11,-7.144812519549231931e-12,-2.428435054576473018e-11,-7.842295477415691182e-11,9.636018008959651437e-01,1.872788559781370932e-01
8.428147246210862704e+02,1.335325860962220867e-23,-4.473370273560083639e-24,-3.477597028161877817e-14,1.822697303832328944e-13,-3.742281358787307926e-13,1.261536735439879905e-13,9.655682540961966478e-04,1.823354018326293132e-04,8.447396213177396537e-22,2.521594666088981839e-21,-3.441934237629806771e-11,-6.567003885254626316e-12,-2.382253198382792050e-11,-7.066826899107946695e-11,9.655682563978024158e-01,1.823354007028180068e-01
8.674316079356032105e+02,1.167864081302375062e-23,-4.235758610504691047e-24,-3.289355261357227313e-14,1.774425278735467061e-13,-3.466837742841903926e-13,1.264600132396903901e-13,9.674320604215664622e-04,1.775028648463459959e-04,7.771701128233812458e-22,2.142778055333982032e-21,-3.255686692465204316e-11,-6.035255628697370285e-12,-2.320267791308964149e-11,-6.360897604180920182e-11,9.674320625455397060e-01,1.775028637567241108e-01
8.927674997420434693e+02,1.020265944429890025e-23,-3.985480097352840297e-24,-3.110959752703994869e-14,1.727249494909520969e-13,-3.208096511979374863e-13,1.259778214114520935e-13,9.691981964174998859e-04,1.727803540967771099e-04,7.104972551883331548e-22,1.818842737568922076e-21,-3.079192456571948078e-11,-5.545952586153087118e-12,-2.245824697177470912e-11,-5.719119680598965790e-11,9.691981983757074204e-01,1.727803530484305072e-01
9.188434007984986920e+02,8.903387404923383787e-24,-3.729111829185723900e-24,-2.941970886146884122e-14,1.681158554824768110e-13,-2.965396231221339092e-13,1.248076040016044068e-13,9.708714398691525990e-04,1.681668383886580063e-04,6.459278920016132709e-22,1.542175864270510030e-21,-2.911972746270674922e-11,-5.095854294168266013e-12,-2.161820729740133889e-11,-5.136429864053111084e-11,9.708714416728337904e-01,1.681668373823445028e-01
9.456809252519777829e+02,7.761085819093864097e-24,-3.471973290930950716e-24,-2.781896083518495966e-14,1.636143647774035081e-13,-2.738069584311487864e-13,1.230429239950898040e-13,9.724563710324521729e-04,1.636611622056957920e-04,5.843215156184524744e-22,1.306164837299722036e-21,-2.753575145678852034e-11,-4.681838250485815907e-12,-2.070771339823846109e-11,-4.608079715223515882e-11,9.724563726922370588e-01,1.636611612418659989e-01
9.733023185542347164e+02,6.758030472968763242e-24,-3.218180791112145897e-24,-2.630286631781033083e-14,1.592191449910649936e-13,-2.525440822332833221e-13,1.207687639663390096e-13,9.739573768392211905e-04,1.592620595126191107e-04,5.262387347743115086e-22,1.105076947660332013e-21,-2.603560422812364994e-11,-4.301059508604845646e-12,-1.974817627568427006e-11,-4.129615050721103724e-11,9.739573783651512828e-01,1.592620585914492071e-01
1.001730475900880947e+03,5.878317361394510057e-24,-2.970898692838928943e-24,-2.486760089023371135e-14,1.549285766970991973e-13,-2.326836473929392203e-13,1.180628074747813097e-13,9.753786555011836586e-04,1.549681666117114990e-04,4.720163993866069875e-22,9.339470921931057455e-22,-2.461505305143077079e-11,-3.950964555568466147e-12,-1.875781945040622143e-11,-3.696877907795849203e-11,9.753786569027348419e-01,1.549681657331354045e-01
1.030988961209065110e+03,5.107724618621585251e-24,-2.732558561409033879e-24,-2.350854874961476135e-14,1.507417590176828935e-13,-2.141591088274604901e-13,1.149975783426475115e-13,9.767242214376158516e-04,1.507780340919140101e-04,4.218281850722324159e-22,7.884852812123817684e-22,-2.327017745165414943e-11,-3.629041511783246099e-12,-1.775230746929252978e-11,-3.305998614968079893e-11,9.767242227237190599e-01,1.507780332556412917e-01
1.061102026649454956e+03,4.433518934627182928e-24,-2.504861641177174074e-24,-2.222209779821819034e-14,1.466567780553033046e-13,-1.969039664836535032e-13,1.116374736231682060e-13,9.779979104591119462e-04,1.466901379102983002e-04,3.757047879867316129e-22,6.649845500394438137e-22,-2.199708470931371977e-11,-3.333097686775363815e-12,-1.674453098305882095e-11,-2.953367234555967736e-11,9.779979116381722903e-01,1.466901371158478018e-01
1.092094632748701997e+03,3.844339654506160909e-24,-2.288997738041008097e-24,-2.100451867177182993e-14,1.426722310454425992e-13,-1.808529201366501071e-13,1.080406936137340945e-13,9.792033851471122242e-04,1.427028896469201009e-04,3.335840080254499001e-22,5.602496712202357281e-22,-2.079214578289770925e-11,-3.061065290161294998e-12,-1.574516523391747928e-11,-2.635635717749647125e-11,9.792033862270334010e-01,1.427028888936411055e-01
1.123992469079066950e+03,3.330084868841818731e-24,-2.085704685579092957e-24,-1.985229722651608108e-14,1.387865291076047118e-13,-1.659420080012123111e-13,1.042607949606401994e-13,9.803441403755733252e-04,1.388146459745309084e-04,2.953313475594904808e-22,4.715329349367896173e-22,-1.965187734766634997e-11,-2.811043065011228106e-12,-1.476310682247923037e-11,-2.349703540418466874e-11,9.803441413637764557e-01,1.388146452616237925e-01
1.156821975552337108e+03,2.881737644485157032e-24,-1.895389529817960075e-24,-1.876222134974036967e-14,1.349979763715150063e-13,-1.521085923418848908e-13,1.003455486019557025e-13,9.814235089272997561e-04,1.350237173847503025e-04,2.607666686234246087e-22,3.964679099347362014e-22,-1.857294873454576000e-11,-2.581296287849067992e-12,-1.380548642295974926e-11,-2.092701804562644882e-11,9.814235098307450000e-01,1.350237167112892100e-01
1.190610364335700979e+03,2.491303550079890818e-24,-1.718120062507911149e-24,-1.773095830316150996e-14,1.313046033673853891e-13,-1.392916089407803881e-13,9.633705431753721077e-14,9.824446671631910811e-04,1.313283762120033907e-04,2.296698474702591775e-22,3.330252168255146919e-22,-1.755215417455231159e-11,-2.370187379713389151e-12,-1.287786404085540012e-11,-1.861981783311417013e-11,9.824446679883940270e-01,1.313283755769545924e-01
1.225385642407738942e+03,2.151683090417139132e-24,-1.553777907713074929e-24,-1.675519254756152873e-14,1.277051454300751036e-13,-1.274311916178384986e-13,9.227280113714774862e-14,9.834106407078419161e-04,1.277268639958764878e-04,2.018070278623633934e-22,2.794638585239639939e-22,-1.658653769888292086e-11,-2.176189783945245963e-12,-1.198453115955962000e-11,-1.655095616284446841e-11,9.834106414608978497e-01,1.277268633981119006e-01
1.261176634773228898e+03,1.856599328147304047e-24,-1.402063582838794072e-24,-1.583233663340606890e-14,1.241974442825437953e-13,-1.164703941154661889e-13,8.818666328218367634e-14,9.843243101197560099e-04,1.242173982216434117e-04,1.769342561425193982e-22,2.342946675894186207e-22,-1.567317109431012928e-11,-1.997971232915011096e-12,-1.112876895206972044e-11,-1.469805135635956118e-11,9.843243108063576274e-01,1.242173976599619950e-01
1.298013008356005912e+03,1.600494950757542934e-24,-1.262537634088157080e-24,-1.495955303451837136e-14,1.207800665117505957e-13,-1.063535261773737009e-13,8.410773886967248317e-14,9.851884165187070174e-04,1.207981784776459021e-04,1.548051552728084951e-22,1.962435516184124014e-22,-1.480936206999921115e-11,-1.834254970144301805e-12,-1.031281066308026996e-11,-1.304046207350475991e-11,9.851884171441667171e-01,1.207981779507901060e-01
1.335925296589686923e+03,1.378462653356038062e-24,-1.134674461630225998e-24,-1.413434012207318011e-14,1.174509532029050901e-13,-9.702705252543184208e-14,8.006122424158436931e-14,9.860055671467684354e-04,1.174673920669027933e-04,1.351790027702807994e-22,1.642226146246604081e-22,-1.399247384626666071e-11,-1.683889139245015973e-12,-9.538062959481800048e-12,-1.155928034485176983e-11,9.860055677160342036e-01,1.174673915735681001e-01
1.374944924726635918e+03,1.186167824463348003e-24,-1.017867736769393049e-24,-1.335390319334431007e-14,1.142080989166911087e-13,-8.843926909071503973e-14,7.606879099206548031e-14,9.867782408430369242e-04,1.142232191089220941e-04,1.178219423973053996e-22,1.373032979029578976e-22,-1.322000842130705037e-11,-1.545763517192478967e-12,-8.805242947326415175e-12,-1.023717138489750004e-11,9.867782413607091296e-01,1.142232186477713934e-01
1.415104235886155948e+03,1.019808910142959037e-24,-9.114877686458478718e-25,-1.261576616605462991e-14,1.110499852259744951e-13,-8.054121053662459965e-14,7.214967798589493523e-14,9.875087934152850834e-04,1.110638371662337056e-04,1.025138504068892013e-22,1.146965890867901027e-22,-1.248964820455647025e-11,-1.418878903264489976e-12,-8.114580963537926778e-12,-9.058365775777447881e-12,9.875087938856388359e-01,1.110638367359109008e-01
1.456436517863490053e+03,8.760347208991460204e-25,-8.148645321325981813e-25,-1.191900028554773981e-14,1.079741820585852009e-13,-7.328635390697175019e-14,6.831845622102355935e-14,9.881994628946498462e-04,1.079874254285937964e-04,8.904591216197673457e-23,9.573040392845750020e-23,-1.179908948323881994e-11,-1.302472019131585078e-12,-7.465632644211328965e-12,-8.008509359945774722e-12,9.881994633216556467e-01,1.079874250277352982e-01
1.498976030721865982e+03,7.519082343008129123e-25,-7.273398489570958096e-25,-1.125899605467966021e-14,1.049802699230504051e-13,-6.662971527205237465e-14,6.459000084243384318e-14,9.888523746620053300e-04,1.049921684862456940e-04,7.722587279363476440e-23,7.983444016969615563e-23,-1.114636161148536069e-11,-1.195432641769110034e-12,-6.857893453728245945e-12,-7.074461715872719398e-12,9.888523750493354303e-01,1.049921681134732970e-01
1.542758035190437113e+03,6.448452758836822923e-25,-6.482583053363050404e-25,-1.063569132582210945e-14,1.020653468331704959e-13,-6.052846295596451035e-14,6.097409216631675592e-14,9.894695464368985331e-04,1.020762597219310039e-04,6.687601771713508951e-23,6.652392069614236399e-23,-1.052932740997369070e-11,-1.097205659664728032e-12,-6.290246394738259819e-12,-6.244274123004188036e-12,9.894695467879561779e-01,1.020762593758839931e-01
1.587818821891677999e+03,5.525885664150759570e-25,-5.769378302627940132e-25,-1.004639619963980060e-14,9.922785735089137457e-14,-5.494268070372699296e-14,5.747868089581850003e-14,9.900528931220417637e-04,9.923790434996845877e-05,5.782933561251155906e-23,5.538868832417913328e-23,-9.946099499561926190e-12,-1.007000038913373051e-12,-5.761372809570643384e-12,-5.507176952531675347e-12,9.900528934399697167e-01,9.923790402930149357e-02
1.634195741422450055e+03,4.731709735965974597e-25,-5.127631966243426337e-25,-9.489981650766243607e-15,9.646556800718309694e-14,-4.983419837637277869e-14,5.411009630692334710e-14,9.906042314980038899e-04,9.647532212888297598e-05,4.993820220540472789e-23,4.608230058778236220e-23,-9.394818256683823265e-12,-9.242329124270987065e-13,-5.269802802771554291e-12,-4.853371481508180311e-12,9.906042317857041146e-01,9.647532183226976976e-02
1.681927235313663914e+03,4.048666193013105206e-25,-4.551549557345376279e-25,-8.963769078569598238e-15,9.377786096038782841e-14,-4.516734279103475704e-14,5.087413128883484729e-14,9.911252847644082698e-04,9.378674977269380042e-05,4.306973545405193876e-23,3.831112452536705897e-23,-8.873873857953662519e-12,-8.482103908154996354e-13,-4.814042664939742030e-12,-4.274029054639012620e-12,9.911252850245549917e-01,9.378674949882742640e-02
1.731052867894228029e+03,3.461690132148757993e-25,-4.035140566158001146e-25,-8.466041579344878153e-15,9.116209663391409687e-14,-4.090763488414891846e-14,4.777298696795658975e-14,9.916176869252434425e-04,9.117044308437974309e-05,3.709953514914345901e-23,3.182716751188072219e-23,-8.381545457683268497e-12,-7.783773625662509404e-13,-4.392302027993042109e-12,-3.761093853783195231e-12,9.916176871602954135e-01,9.117044283199056409e-02
1.781613359085657976e+03,2.957803266929118189e-25,-3.573231884937156884e-25,-7.996217806974041582e-15,8.861801549129091199e-14,-3.702431169832050843e-14,4.480900586163140806e-14,9.920829870170861514e-04,8.862467883367398935e-05,3.192036669466714753e-23,2.642262465222639146e-23,-7.916417521516237663e-12,-7.143174940451075855e-13,-4.002874552743781607e-12,-3.307452872034444869e-12,9.920829872293112084e-01,8.862467860152055399e-02
1.833650618154565109e+03,2.525507601206897220e-25,-3.160540299140394163e-25,-7.551844454144218494e-15,8.614110379446793575e-14,-3.348642563697421128e-14,4.198162490454346243e-14,9.925226531801408566e-04,8.614775639976743338e-05,2.743246758510515779e-23,2.192058915524284119e-23,-7.476769203764394561e-12,-6.554756737397480057e-13,-3.643869260825945051e-12,-2.906513440367062799e-12,9.925226533716120514e-01,8.614775618666244139e-02
1.887207778450971091e+03,2.154971227509240029e-25,-2.792579683744270801e-25,-7.132286445025536637e-15,8.373187779163555923e-14,-3.026663390998325900e-14,3.929077209436428824e-14,9.929380765726979023e-04,8.373799919839108874e-05,2.355081754753636947e-23,1.817363869496235107e-23,-7.061407014676263916e-12,-6.014910791671615530e-13,-3.313530533372396032e-12,-2.552492869375783138e-12,9.929380767453236389e-01,8.373799900317091538e-02
1.942329233161271986e+03,1.837628637551119999e-25,-2.465024725502946844e-25,-6.735973788126045721e-15,8.138787920981901877e-14,-2.733932927466785977e-14,3.673600926122559213e-14,9.933305751306288362e-04,8.139375591111747132e-05,2.019847424470916064e-23,1.505757501046693970e-23,-6.668943175471058630e-12,-5.519473766931076344e-13,-3.010157785597332024e-12,-2.240191477630440823e-12,9.933305752861548710e-01,8.139375573267107478e-02
1.999060672105463027e+03,1.566088804085076974e-25,-2.173735978083667865e-25,-6.362021805728313126e-15,7.910744786145347821e-14,-2.468004419822464036e-14,3.431380737689135814e-14,9.937013971739090418e-04,7.911340153388991825e-05,1.730616937825787882e-23,1.246839468001226006e-23,-6.298128685246071360e-12,-5.065114994101933511e-13,-2.731889099985901044e-12,-1.964898356855214186e-12,9.937013973139339207e-01,7.911340137114500348e-02
2.057449119609134868e+03,1.333900774911930102e-25,-1.915176014004231031e-25,-6.007840941742457312e-15,7.689060454195924914e-14,-2.226671367266155932e-14,3.202225632076432071e-14,9.940517248628872975e-04,7.689533826025184149e-05,1.481493401779544001e-23,1.031845210158463979e-23,-5.947908832127904979e-12,-4.647393581085641978e-13,-2.477096679490932895e-12,-1.722452095480847960e-12,9.940517249888699558e-01,7.689533811218085546e-02
2.117542973481638001e+03,1.135499980241851059e-25,-1.685872404734792026e-25,-5.673703520827743892e-15,7.473453682180387986e-14,-2.007800565890963077e-14,2.985863675008779013e-14,9.943826775073516880e-04,7.473799621388228787e-05,1.267104989111990976e-23,8.534440008983697767e-24,-5.617062370789469389e-12,-4.264366637589070864e-13,-2.244180964577248010e-12,-1.509066823228852965e-12,9.943826776206268203e-01,7.473799607950264157e-02
2.179392045132715793e+03,9.660250860406286847e-26,-1.482716563632704950e-25,-5.359010165619703345e-15,7.263549168446304463e-14,-1.809423918865523877e-14,2.781634455282006913e-14,9.946953147318760621e-04,7.263983404386803455e-05,1.082786691974016037e-23,7.054612681435980837e-24,-5.304368055903672073e-12,-3.913536161806781762e-13,-2.031350322772714831e-12,-1.321371992153986101e-12,9.946953148336592498e-01,7.263983392225614732e-02
2.243047600860861166e+03,8.214291908242104378e-26,-1.303112695398166097e-25,-5.059428391558494656e-15,7.059572913876934464e-14,-1.629769497780493050e-14,2.589487856588893135e-14,9.949906395011552229e-04,7.059933939527161806e-05,9.246207115659270531e-24,5.828432533909407159e-24,-5.009104242504505870e-12,-3.589906150127937231e-13,-1.837365343002029013e-12,-1.156399318376530993e-12,9.949906395925491864e-01,7.059933928553219218e-02
2.308562404347621850e+03,6.981808486098653054e-26,-1.144355158773752003e-25,-4.778034301723209922e-15,6.861237932562305554e-14,-1.467262851008328855e-14,2.408686507305102936e-14,9.952696010093046216e-04,6.861502926639069522e-05,7.889315871581196081e-24,4.813338942845492704e-24,-4.730216218718576074e-12,-3.294031714064826123e-13,-1.660576137228970082e-12,-1.011547858153195006e-12,9.952696010913220093e-01,6.861502916768333349e-02
2.375990760393081018e+03,5.930577322094379818e-26,-1.004184632111938052e-25,-4.511520825987856829e-15,6.668167004815280358e-14,-1.320279233210175943e-14,2.238866554350844962e-14,9.955330974373132608e-04,6.668545026358892180e-05,6.726497031961974071e-24,3.972577300948180090e-24,-4.466649272672484748e-12,-3.022027073031243223e-13,-1.499697242042751910e-12,-8.843846101161324719e-13,9.955330975108661606e-01,6.668545017511813555e-02
2.445388559928754148e+03,5.035855775954316089e-26,-8.806037581045841600e-26,-4.259479345550829683e-15,6.480822558915284185e-14,-1.187508455467739025e-14,2.079711090320150981e-14,9.957819785828081558e-04,6.480917876342320860e-05,5.731295357484112650e-24,3.277521423688808873e-24,-4.217959315156381020e-12,-2.772226892490235145e-13,-1.353552992155695939e-12,-7.728744778973650630e-13,9.957819786487324132e-01,6.480917868442927221e-02
2.516813326345221867e+03,4.274223227407911082e-26,-7.717489428686458476e-26,-4.023101267854509756e-15,6.298440234965882519e-14,-1.067597673845240023e-14,1.930629893083024845e-14,9.960170483666005211e-04,6.298482099118332678e-05,4.880284834706168650e-24,2.702877275002374000e-24,-3.982925100843175604e-12,-2.544076060929477194e-13,-1.220866432757412051e-12,-6.751134271551956561e-13,9.960170484256527512e-01,6.298482092096176210e-02
2.590324263172904921e+03,3.625678451169433244e-26,-6.758828649317617494e-26,-3.798192250962226386e-15,6.120835599860568957e-14,-9.593611869498725993e-15,1.790963955947499862e-14,9.962390672203062531e-04,6.121101302430931312e-05,4.152765753475142723e-24,2.227692709246202826e-24,-3.760769473615630081e-12,-2.333688797762770216e-13,-1.100405731208770936e-12,-5.894515882986509443e-13,9.962390672731651353e-01,6.121101296219724763e-02
2.665982303155485170e+03,3.074804609685202248e-26,-5.916026229878393626e-26,-3.585538498614114721e-15,5.948497635718643879e-14,-8.617385912649489671e-15,1.660554162257640013e-14,9.964487543594642560e-04,5.948642072831424754e-05,3.531774448885162229e-24,1.835609906689635022e-24,-3.551159366566356098e-12,-2.140509991477792040e-13,-9.913246718941592797e-13,-5.144443618043932793e-13,9.964487544067529567e-01,5.948642067367140157e-02
2.743850158756667952e+03,2.605988307983189069e-26,-5.175593746469484691e-26,-3.384018664909874965e-15,5.780968084630375211e-14,-7.737108876181373852e-15,1.538750549211970146e-14,9.966467899466093308e-04,5.780973963229185664e-05,3.002063817360115087e-24,1.511583712148293981e-24,-3.353206601275651913e-12,-1.962874307537599124e-13,-8.925405613381821914e-13,-4.487851200454886927e-13,9.966467899888877824e-01,5.780973958452215872e-02
2.823992374142142125e+03,2.208659676996294950e-26,-4.524997672051789286e-26,-3.195247234701858017e-15,5.617685905794768770e-14,-6.945570257166450012e-15,1.425049411366325883e-14,9.968338171485501345e-04,5.617969475061115880e-05,2.550204290849519892e-24,1.244759399566338948e-24,-3.166022999323816996e-12,-1.800781745942184905e-13,-8.031312692125938481e-13,-3.914393852978752153e-13,9.968338171863265762e-01,5.617969470917869718e-02
2.906475378679820096e+03,1.871089580356787061e-26,-3.954606005748660854e-26,-3.020946366233554987e-15,5.459194755517314983e-14,-6.232254873111532626e-15,1.319130738289002018e-14,9.970104440922185080e-04,5.459504035679185741e-05,2.165492604591336855e-24,1.024585165475534036e-24,-2.989386516105925106e-12,-1.654232306691543072e-13,-7.223394325759529571e-13,-3.412704531888351070e-13,9.970104441259600714e-01,5.459504032117334232e-02
2.991367542002718892e+03,1.583749131135057977e-26,-3.453692832641795751e-26,-2.852517974736884935e-15,5.305015689227744178e-14,-5.588931906944286080e-15,1.220392704049606022e-14,9.971772457233365593e-04,5.305455971484768218e-05,1.837528416411132890e-24,8.426296645208759701e-25,-2.822519995504737825e-12,-1.517674874662543047e-13,-6.493068091283141455e-13,-2.973576891185602031e-13,9.971772457534493483e-01,5.305455968455725230e-02
3.078739230680109813e+03,1.341117953392075009e-26,-3.015269129990308964e-26,-2.695297631644122864e-15,5.155213095617244689e-14,-5.012150282436511244e-15,1.128548240754150008e-14,9.973347655719215065e-04,5.155706477334361814e-05,1.558738661618784999e-24,6.932888288316757832e-25,-2.664979348310405898e-12,-1.393329895904431104e-13,-5.834012482895723808e-13,-2.591023250751222832e-13,9.973347655987824245e-01,5.155706474793041866e-02
3.168662866543912969e+03,1.135230612497807938e-26,-2.632118719573897214e-26,-2.541932260396047082e-15,5.010259004035745170e-14,-4.494042564498779360e-15,1.043501728117415024e-14,9.974835174288592711e-04,5.010139582665301683e-05,1.322055146503514936e-24,5.702012840682308691e-25,-2.516542529918003081e-12,-1.276756478318704092e-13,-5.241278897428581262e-13,-2.257258404348603997e-13,9.974835174528009496e-01,5.010139580568521295e-02
3.261212986718691809e+03,9.598288668952585820e-27,-2.295809680334078092e-26,-2.402332847200660823e-15,4.867908926554570210e-14,-4.025826643410588055e-15,9.641146925835906840e-15,9.976239869373161595e-04,4.868642114753615746e-05,1.120409677354540048e-24,4.684192946329950420e-25,-2.375655228093052945e-12,-1.172395514003859102e-13,-4.705108794092919923e-13,-1.964699064241511966e-13,9.976239869586436271e-01,4.868642113064607091e-02
3.356466305404995182e+03,8.119688503381320297e-27,-2.001706580954219975e-26,-2.261775609228596039e-15,4.730997718436013853e-14,-3.606299266111126739e-15,8.904204489240685674e-15,9.977566331029451025e-04,4.731103659514138138e-05,9.491574411619214043e-25,3.850146088457879058e-25,-2.243316643557716917e-12,-1.072475441787518021e-13,-4.222143259658630139e-13,-1.710013753291665025e-13,9.977566331219256401e-01,4.731103658193869937e-02
3.454501777467267857e+03,6.866510475807287175e-27,-1.744571445497160127e-26,-2.139875391646467110e-15,4.596876460705978159e-14,-3.231515948464462959e-15,8.221159175915296977e-15,9.978818897265014001e-04,4.597416520140187868e-05,8.037545991115845083e-25,3.163521556553509923e-25,-2.117861441775058880e-12,-9.858780458666813424e-14,-3.787631922284080987e-13,-1.488815956712261080e-13,9.978818897433913149e-01,4.597416519157056236e-02
3.555400663879030162e+03,5.803882439324411211e-27,-1.520558551243135101e-26,-2.023805659648338072e-15,4.467005359797697284e-14,-2.894100888910030166e-15,7.589099770117639909e-15,9.980001667625850500e-04,4.467475673968281813e-05,6.806670543481395943e-25,2.598066059691089120e-25,-1.999622689652463957e-12,-9.059419880935986322e-14,-3.397205705401435139e-13,-1.295523362405356017e-13,9.980001667776056129e-01,4.467475673290406679e-02
3.659246599079574025e+03,4.900836148048319355e-27,-1.324688349633525072e-26,-1.899130075777620962e-15,4.340941675900359199e-14,-2.587496793443308949e-15,7.003295345201023133e-15,9.981118516078522560e-04,4.341178727792702197e-05,5.761587616244600421e-25,2.131565274779592038e-25,-1.888045275677619165e-12,-8.260059303205253884e-14,-3.046006990623607205e-13,-1.125403532559178992e-13,9.981118516211850977e-01,4.341178727390260228e-02
3.766125660298021103e+03,4.145572906402878093e-27,-1.153592276202483969e-26,-1.796970743651558988e-15,4.218415092227785202e-14,-2.318205882181981185e-15,6.459288298735715896e-15,9.982173103220590930e-04,4.218425871930359117e-05,4.875034176521017596e-25,1.751902298314823017e-25,-1.782685110640673028e-12,-7.593925488429752276e-14,-2.729669040087415877e-13,-9.796644045721359019e-14,9.982173103339007092e-01,4.218425871777214259e-02
3.876126438902173959e+03,3.506773632139366716e-27,-1.003955354362479975e-26,-1.719670135027810080e-15,4.099020334828921978e-14,-2.074687931653240818e-15,5.955987180863172084e-15,9.983168887853516998e-04,4.099119833266343105e-05,4.122271546322918831e-25,1.439892033081807969e-25,-1.683070349756162076e-12,-7.061018436609638009e-14,-2.445546645002670825e-13,-8.518732422702767149e-14,9.983168887958795423e-01,4.099119833338354252e-02
3.989340113831342933e+03,2.948609503285988962e-27,-8.736995712740973845e-27,-1.580663765553860074e-15,3.982270860052341162e-14,-1.849664231614626096e-15,5.490007832368904963e-15,9.984109137947203699e-04,3.983165827487963884e-05,3.485629241373353923e-25,1.176349381865573034e-25,-1.588729148238621022e-12,-6.306066779864968275e-14,-2.190241641983180082e-13,-7.379245617617092272e-14,9.984109138040110354e-01,3.983165827761855210e-02
4.105860527173977971e+03,2.490303944794422878e-27,-7.602460316822724258e-27,-1.512266087897122966e-15,3.871172053794556259e-14,-1.656833523532352982e-15,5.061450566045459346e-15,9.984996941022825090e-04,3.870471510704007190e-05,2.946931906416028922e-25,9.653133125008477260e-26,-1.500577440083369052e-12,-5.861977570015770251e-14,-1.961963567612613877e-13,-6.422362459838193947e-14,9.984996941105330759e-01,3.870471511157348027e-02
4.225784261952773704e+03,2.109950784475621956e-27,-6.614038863152932649e-27,-1.426733245282247944e-15,3.760798087463721710e-14,-1.485319359159291962e-15,4.662506542128833389e-15,9.985835213993550508e-04,3.760946930626841278e-05,2.491033412070701779e-25,7.946669214834384523e-26,-1.416422534816773099e-12,-5.373479439181769175e-14,-1.756031347977975080e-13,-5.594131252953430837e-14,9.985835214066537402e-01,3.760946931241965913e-02
4.349210722181718666e+03,1.779755879318844830e-27,-5.750405042636392263e-27,-1.359184966190459957e-15,3.654023154644546756e-14,-1.326350765395294065e-15,4.294343764790908861e-15,9.986626712474803297e-04,3.654504477484595714e-05,2.104302241895152952e-25,6.512835633504673465e-26,-1.337152610858532075e-12,-4.973799150317740864e-14,-1.571471425876284094e-13,-4.853645731851017733e-14,9.986626712539433681e-01,3.654504478243857796e-02
4.476242215261443562e+03,1.503729829035245953e-27,-5.001073142457163680e-27,-1.273983607704052074e-15,3.549668052055475685e-14,-1.184913821161460088e-15,3.954672708311751215e-15,9.987374039604228135e-04,3.551058834783474283e-05,1.778155589240578061e-25,5.346583671225929612e-26,-1.262101534393870079e-12,-4.529709940468520751e-14,-1.406102886239070024e-13,-4.213018034028298820e-14,9.987374039661235381e-01,3.551058835670811709e-02
4.606984036781167561e+03,1.269979643818410996e-27,-4.347743889942201674e-27,-1.208355297851939086e-15,3.450240020676315844e-14,-1.060858292847388071e-15,3.642699604712141381e-15,9.988079654387161613e-04,3.450526930069697240e-05,1.501991163540806018e-25,4.387328810477179257e-26,-1.191935439237559984e-12,-4.174438572589101747e-14,-1.258423392962080925e-13,-3.664888783609891737e-14,9.988079654437527211e-01,3.450526931067843250e-02
4.741544557797542438e+03,1.067919362456713061e-27,-3.775320563051195288e-27,-1.144421565536897037e-15,3.352559823203768040e-14,-9.468794162028902345e-16,3.350927772056826826e-15,9.988745879597662330e-04,3.352827885783060680e-05,1.267226158147032905e-25,3.584583953324278218e-26,-1.125322057760052005e-12,-3.841371665202007275e-14,-1.124774242582427057e-13,-3.178300609931604777e-14,9.988745879642084713e-01,3.352827886880001274e-02
4.880035314662713063e+03,9.001874622490657678e-28,-3.282626850729396071e-27,-1.075722235208863001e-15,3.257123527367236245e-14,-8.456887313317790147e-16,3.085380423563804942e-15,9.989374909253354116e-04,3.257882970337382822e-05,1.070578911693540001e-25,2.935824744870518109e-26,-1.062261389961343921e-12,-3.508304757814772702e-14,-1.006249983998497006e-13,-2.758085407787036127e-14,9.989374909292435545e-01,3.257882971520482257e-02
5.022571101476099102e+03,7.583912648761881094e-28,-2.849543649645088878e-27,-1.012544302878196973e-15,3.164463717507707202e-14,-7.551808702550197168e-16,2.837496245807709893e-15,9.989968815688739321e-04,3.165615549478167923e-05,9.029617465521789529e-26,2.403185861665290077e-26,-1.002753435841436944e-12,-3.208544541166198162e-14,-8.991441721796037360e-14,-2.393012781724532079e-14,9.989968815723087037e-01,3.165615550735507294e-02
5.169270065236477421e+03,6.403398594758691100e-28,-2.472810520075827894e-27,-9.591818604101108366e-16,3.075151468262548072e-14,-6.749593554349705513e-16,2.610794413125473970e-15,9.990529556246961849e-04,3.075951038025021012e-05,7.613454368469029136e-26,1.971521174328352991e-26,-9.467981954003298626e-13,-2.953193245502561095e-14,-8.038288404392244242e-14,-2.078109993246809965e-14,9.990529556277151224e-01,3.075951039345908855e-02
5.320253803773273830e+03,5.400607375076330969e-28,-2.149272966299908039e-27,-9.092609365358941736e-16,2.989798410095436154e-14,-6.027042475628848717e-16,2.402776764076485032e-15,9.991058979609667833e-04,2.988816852061287888e-05,6.429531921913334619e-26,1.615587133892631890e-26,-8.943956686380231807e-13,-2.720046410331381089e-14,-7.187886391395514971e-14,-1.802984665018857001e-14,9.991058979636185944e-01,2.988816853436173857e-02
5.475647466538222034e+03,4.555239884592009242e-28,-1.866389039463914097e-27,-8.556055560522650374e-16,2.903711355852576171e-14,-5.391157477710033510e-16,2.209980303622549083e-15,9.991558831783985215e-04,2.904142361633000108e-05,5.424838673023853983e-26,1.324024143322945927e-26,-8.439915433200416796e-13,-2.486899575160171106e-14,-6.423519622230617144e-14,-1.566991605664570067e-14,9.991558831807179075e-01,2.904142363053284839e-02
5.635579858340943247e+03,3.841357913952983169e-28,-1.620118957310012999e-27,-8.059026196926464417e-16,2.821838538611771003e-14,-4.811067801766406788e-16,2.032519357893278182e-15,9.992030761764294708e-04,2.821858844011954082e-05,4.575393250281867897e-26,1.084841516859935004e-26,-7.969180870759355472e-13,-2.275957200481441850e-14,-5.740057116924807987e-14,-1.358698202223325988e-14,9.992030761784568282e-01,2.821858845469766078e-02
5.800183546114423734e+03,3.238282111193480960e-28,-1.408008741812960917e-27,-7.606584329908004667e-16,2.742416414261631039e-14,-4.297092175045514099e-16,1.870383905598780848e-15,9.992476326886779066e-04,2.741899437570805009e-05,3.863525169410426844e-26,8.885729236409476976e-27,-7.525091660909296895e-13,-2.087219286295200895e-14,-5.132265930704712180e-14,-1.179106583684145939e-14,9.992476326904471406e-01,2.741899439058550006e-02
5.969594968798895934e+03,2.731624274716333941e-28,-1.220946101298686913e-27,-7.162479809715049060e-16,2.664275919916187869e-14,-3.834123658079065913e-16,1.717562452502035063e-15,9.992896997891922983e-04,2.664199096308328068e-05,3.255155639303983114e-26,7.282763877000380988e-27,-7.103206911551740438e-13,-1.909583602355201092e-14,-4.579180929585551947e-14,-1.022212957157529960e-14,9.992896997907317891e-01,2.664199097820298123e-02
6.143954550435200872e+03,2.302237331324299165e-28,-1.059760041403249021e-27,-6.793089852901939950e-16,2.589517280204078017e-14,-3.425348561144230909e-16,1.579266210940376053e-15,9.993294163710949099e-04,2.588694545068576103e-05,2.745235950169121083e-26,5.963788443470849249e-27,-6.707967514785187739e-13,-1.759703494030823892e-14,-4.090981172889125296e-14,-8.873131317030978844e-15,9.993294163724346646e-01,2.588694546598372878e-02
6.323406816561372580e+03,1.939464032764040036e-28,-9.192081634276626417e-28,-6.418066527752894621e-16,2.516058520570672920e-14,-3.058632631733532868e-16,1.452071478538530921e-15,9.993669135991071865e-04,2.515324235468490926e-05,2.313571262832183136e-26,4.881471281507621052e-27,-6.332712132461885838e-13,-1.615374500829565848e-14,-3.654744352789202233e-14,-7.698326496527411852e-15,9.993669136002681919e-01,2.515324237011239139e-02
6.508100514008929167e+03,1.633534272746822042e-28,-7.976705271817418287e-28,-6.060739470170925694e-16,2.444271258981334946e-14,-2.728885857999464138e-16,1.334267784028480018e-15,9.994023153372824739e-04,2.444028302577005984e-05,1.950695246430517992e-26,3.994791624039203783e-27,-5.977440764581837765e-13,-1.482147737874556845e-14,-3.262938437710040222e-14,-6.673462902106413673e-15,9.994023153382860514e-01,2.444028304127009860e-02
6.698188734198168277e+03,1.375142729344610103e-28,-6.921529604388323105e-28,-5.700425961053086272e-16,2.375488982458549044e-14,-2.432783787616555944e-16,1.226740518253628007e-15,9.994357385533481596e-04,2.374748522347008839e-05,1.644617215204765125e-26,3.267461869425430898e-27,-5.644373857194291813e-13,-1.354472090042670942e-14,-2.914844969571471727e-14,-5.780511428353302824e-15,9.994357385542123051e-01,2.374748523900856861e-02
6.893829040034659556e+03,1.159035277294497971e-28,-6.002927992779992997e-28,-5.386028287224187594e-16,2.308297837381820958e-14,-2.172693251031722104e-16,1.126891062184848946e-15,9.994672937008537619e-04,2.307428269839039919e-05,1.385870838292274114e-26,2.675816190509672044e-27,-5.329070518200748365e-13,-1.243449787580160968e-14,-2.601606187667998877e-14,-5.016005890426899950e-15,9.994672937015958158e-01,2.307428271391688893e-02
7.095183596512132681e+03,9.769586470871066644e-29,-5.210446117797903406e-28,-5.073148807541712033e-16,2.242084302259918973e-14,-1.937656926611720015e-16,1.035186606080523080e-15,9.994970850803525011e-04,2.242012478221450111e-05,1.168776317175450947e-26,2.191455594703971154e-27,-5.029310301551957109e-13,-1.137978600240773937e-14,-2.322069092915771870e-14,-4.346436898942307374e-15,9.994970850809863361e-01,2.242012479771168104e-02
7.302419305129988970e+03,8.223475360894193769e-29,-4.517120268660191319e-28,-4.788337111679200631e-16,2.178183988248979941e-14,-1.729436822932602974e-16,9.507623155494312358e-16,9.995252111807207199e-04,2.178447598592813888e-05,9.844984097158227332e-27,1.792291976662138822e-27,-4.747313653297167347e-13,-1.043609643147638944e-14,-2.072169727625559869e-14,-3.769277107129459128e-15,9.995252111812599205e-01,2.178447600134768986e-02
7.515707942236892450e+03,6.917706003396828960e-29,-3.917425758304849147e-28,-4.521880667663299833e-16,2.115978014456717966e-14,-1.541249544981377095e-16,8.732052387948357110e-16,9.995517650017119327e-04,2.116681560589140149e-05,8.295661279304160146e-27,1.464914700995418923e-27,-4.480860127387129778e-13,-9.575673587391913630e-15,-1.849126272016552051e-14,-3.263797442731828047e-15,9.995517650021683576e-01,2.116681562121787083e-02
7.735226301415075795e+03,5.843032378139463096e-29,-3.398467125972979098e-28,-4.282988027490639933e-16,2.057992609366851070e-14,-1.377257556129508119e-16,8.025116189048847557e-16,9.995768343587381997e-04,2.056663733828595014e-05,6.992463063879048643e-27,1.202224019556821991e-27,-4.234390615920346035e-13,-8.812395257962134286e-15,-1.651195272903988127e-14,-2.833754817600811165e-15,9.995768343591230343e-01,2.056663735348486857e-02
7.961156340023413577e+03,4.920654903400166822e-29,-2.946868550007414122e-28,-4.040166362085983807e-16,1.998146882582189866e-14,-1.228280522295787003e-16,7.369703725575403569e-16,9.996005021708639308e-04,1.998344890151438130e-05,5.891213240190516163e-27,9.837095488106017213e-28,-3.994582442601312223e-13,-8.076872504147979122e-15,-1.473309563274615135e-14,-2.455509077796788116e-15,9.996005021711844574e-01,1.998344891656354122e-02
8.193685330020702168e+03,4.142473654280558747e-29,-2.553713170403544050e-28,-3.815229342180804782e-16,1.942194652394069846e-14,-1.095901993267449944e-16,6.770155501235715277e-16,9.996228467328953111e-04,1.941677166685668032e-05,4.960357372029722232e-27,8.046381233254320415e-28,-3.772537837676280915e-13,-7.410738689372894664e-15,-1.315041608413499935e-14,-2.128690721545381031e-15,9.996228467331611522e-01,1.941677168175194937e-02
8.433006013194184561e+03,3.490190945021636802e-29,-2.217002727232906213e-28,-3.588412354066346769e-16,1.887151939646700157e-14,-9.776635957291355196e-17,6.217879587826961793e-16,9.996439419724697899e-04,1.886614029728006853e-05,4.184118241292247333e-27,6.586988558595448575e-28,-3.561595462997502182e-13,-6.772360450213435175e-15,-1.173491718616743989e-14,-1.845130831139434947e-15,9.996439419726869113e-01,1.886614031199113084e-02
8.679316760921987225e+03,2.929631202943336835e-29,-1.916090657549136935e-28,-3.390499337641700809e-16,1.830869642326522874e-14,-8.710522746751662668e-17,5.699941135788559045e-16,9.996638576929223544e-04,1.833110239418677895e-05,3.513586471854387299e-27,5.372142764555090395e-28,-3.357314426466472873e-13,-6.217248937900861638e-15,-1.045213387277288059e-14,-1.597271755654478942e-15,9.996638576930969577e-01,1.833110240871546961e-02
8.932821738601873221e+03,2.470604159660334123e-29,-1.660352257836245902e-28,-3.205225713218250067e-16,1.780905971009044997e-14,-7.773795217168197655e-17,5.233688043260145785e-16,9.996826598027324165e-04,1.781121815242620032e-05,2.958228394578793912e-27,4.401843851133245874e-28,-3.173017404378696888e-13,-5.710709682915637911e-15,-9.324795087830490198e-15,-1.385047157103685958e-15,9.996826598028709654e-01,1.781121816674255051e-02
9.193731074882638495e+03,2.081376534814963897e-29,-1.440900405710982955e-28,-3.026278296426354049e-16,1.731592349743294023e-14,-6.937570205974999394e-17,4.814858273247811959e-16,9.997004105322788124e-04,1.730606002304374897e-05,2.494378182308838970e-27,3.603122184596970973e-28,-2.997602166487922154e-13,-5.238864897449948748e-15,-8.335119748802085218e-15,-1.200979865883313063e-15,9.997004105323857859e-01,1.730606003713680910e-02
9.462261035838391763e+03,1.754069628798956932e-29,-1.250360863737438080e-28,-2.863020849707953903e-16,1.683159231528597845e-14,-6.191132726648276235e-17,4.417468205998682819e-16,9.997171686385850943e-04,1.681521238411365021e-05,2.103103173319217114e-27,2.950339785526584152e-28,-2.831068712794149178e-13,-4.815592369311610183e-15,-7.430168099074043890e-15,-1.041346643315016045e-15,9.997171686386652212e-01,1.681521239797069064e-02
9.738634204230123942e+03,1.472238581874578099e-29,-1.080285228273870916e-28,-2.691890729774163137e-16,1.631778304837235918e-14,-5.507947150719025258e-17,4.048083092515886017e-16,9.997329895987327412e-04,1.633827121926001097e-05,1.765470705884624062e-27,2.406025760924086007e-28,-2.666755705149626010e-13,-4.399258735077178058e-15,-6.615634397077774208e-15,-9.001436925776321912e-16,9.997329895987887571e-01,1.633827123289667907e-02
1.002307966400312034e+04,1.243241705030602939e-29,-9.394485771080402730e-29,-2.543280622403562808e-16,1.588545312467601131e-14,-4.916953184920666797e-17,3.721847918880997159e-16,9.997479257925420693e-04,1.587484380405345890e-05,1.491735971772932965e-27,1.974124415315582043e-28,-2.522426711948356165e-13,-4.038436252074002971e-15,-5.909865167026070914e-15,-7.807554469930418142e-16,9.997479257925784291e-01,1.587484381743440101e-02
1.031583319017317990e+04,1.043073183581419993e-29,-8.114495795802519969e-29,-2.397185463080512818e-16,1.539955539509883929e-14,-4.380206353698460710e-17,3.408478964639072183e-16,9.997620266751397044e-04,1.542454839972839942e-05,1.251922256585745915e-27,1.609276246650864083e-28,-2.375877272697834997e-13,-3.698430450782550359e-15,-5.258676305117210100e-15,-6.757878690959460470e-16,9.997620266751583440e-01,1.542454841287023079e-02
1.061713744425902041e+04,8.788286623305107591e-30,-7.051679086963379774e-29,-2.268159727890107209e-16,1.499022135265168080e-14,-3.909753301894787294e-17,3.136157026419896783e-16,9.997753389399299979e-04,1.498701395474811077e-05,1.057073612996155999e-27,1.317397711719089939e-28,-2.247091401841317090e-13,-3.400058012914539933e-15,-4.701219096838599358e-15,-5.860869443701947346e-16,9.997753389399347546e-01,1.498701396765897073e-02
1.092724217542281986e+04,7.379507545765255811e-30,-6.093171368063055355e-29,-2.143844086149479890e-16,1.454383828043808009e-14,-3.484261310787021874e-17,2.874566154338383039e-16,9.997879066725393754e-04,1.456187981356548916e-05,8.874685183736382811e-28,1.074822983363629033e-28,-2.118305530984798932e-13,-3.122502256758251192e-15,-4.186796680836914288e-15,-5.074815783646198788e-16,9.997879066725314789e-01,1.456187982621297977e-02
1.124640442748572968e+04,6.250236560754200008e-30,-5.306778332965884803e-29,-2.029944450431974901e-16,1.416842387431941033e-14,-3.112282523291132773e-17,2.647554127137338992e-16,9.997997714961957046e-04,1.414879543257253023e-05,7.509955817704032388e-28,8.845102899790594868e-29,-2.005062782473032964e-13,-2.872702076217590971e-15,-3.746720377647477350e-15,-4.404386762668098919e-16,9.997997714961781579e-01,1.414879544495811943e-02
1.157488875198985079e+04,5.249503403932204223e-30,-4.578255427691691894e-29,-1.910085575839813037e-16,1.375867189952356000e-14,-2.772567278607735879e-17,2.422632176679233208e-16,9.998109727090433684e-04,1.374742010340490933e-05,6.295110023663674207e-28,7.218077282772258020e-29,-1.891820033961266997e-13,-2.626371342628885152e-15,-3.331123905149355102e-15,-3.812285343730899230e-16,9.998109727090170873e-01,1.374742011553286083e-02
1.191296742748327051e+04,4.417478292346451067e-30,-3.959123401862382913e-29,-1.802268717677283947e-16,1.334613745516872949e-14,-2.470611081457744983e-17,2.221482169271180149e-16,9.998215474138136272e-04,1.335742268313012080e-05,5.289312369506884155e-28,5.901665647184694569e-29,-1.783018177548000899e-13,-2.407796184655807064e-15,-2.967857256239538099e-15,-3.300688669428209004e-16,9.998215474137801539e-01,1.335742269500297952e-02
1.226092068521003966e+04,3.714687266783205854e-30,-3.439694058076555076e-29,-1.699888040827429060e-16,1.298329582881024958e-14,-2.200359512997794885e-17,2.041949083634756095e-16,9.998315306402952296e-04,1.297848133134659959e-05,4.464952723550926819e-28,4.821912283163435221e-29,-1.685318551380987881e-13,-2.206568261442497835e-15,-2.650586351108672818e-15,-2.856213673213851228e-16,9.998315306402559832e-01,1.297848134296228015e-02
1.261903694139203981e+04,3.127350213325178889e-30,-2.983492103512220267e-29,-1.609245108281671929e-16,1.260547826357254060e-14,-1.963118066248476084e-17,1.875362221470343950e-16,9.998409554609884262e-04,1.261028325402758005e-05,3.762866517904225863e-28,3.944304526105059027e-29,-1.589839371263223913e-13,-2.029626466892863906e-15,-2.365261065650528137e-15,-2.475941274817932800e-16,9.998409554609445360e-01,1.261028326538727977e-02
1.298761303629532085e+04,2.623235345886659936e-30,-2.574954940747642222e-29,-1.517519393516293020e-16,1.224887295542702939e-14,-1.747313453633488012e-17,1.717403423980574956e-16,9.998498531003235934e-04,1.225252445401226079e-05,3.155443620884047222e-28,3.214608188775623107e-29,-1.501021529293211895e-13,-1.859623566247136811e-15,-2.104568741350660060e-15,-2.141221581668452967e-16,9.998498531002762979e-01,1.225252446511245971e-02
1.336695448027914063e+04,2.213301090308507029e-30,-2.236075937823374877e-29,-1.433632017966988910e-16,1.189798019463985983e-14,-1.559252046484278139e-17,1.576741824530469916e-16,9.998582530378037712e-04,1.190490948793642917e-05,2.662405555120914843e-28,2.635288461503943123e-29,-1.416644579421699998e-13,-1.706967900361177984e-15,-1.877362982899287130e-15,-1.856538608628106883e-16,9.998582530377534416e-01,1.190490949879187063e-02
1.375737570703146048e+04,1.866680658632716040e-30,-1.939984100021945914e-29,-1.349547675295056987e-16,1.157372086333041977e-14,-1.391429764131939029e-17,1.449052803528107022e-16,9.998661831053998455e-04,1.156715122961616055e-05,2.244309275353779035e-28,2.159506728042520098e-29,-1.338928967697939040e-13,-1.561251128379125991e-15,-1.676365619387673013e-15,-1.609703257675826112e-16,9.998661831053473614e-01,1.156715124021192968e-02
1.415920033420111940e+04,1.565911674332488029e-30,-1.679078400376683890e-29,-1.271674791668323904e-16,1.124012359548390962e-14,-1.240720003957869980e-17,1.332174054403765932e-16,9.998736695795271048e-04,1.123897063946832981e-05,1.887349715741270969e-28,1.760145894774382871e-29,-1.263433802023427891e-13,-1.429412144204889046e-15,-1.497415678941965922e-15,-1.394617753559967086e-16,9.998736695794736562e-01,1.123897064982043968e-02
1.457276143164232053e+04,1.327240131556059973e-30,-1.459061260268430889e-29,-1.210338785972885916e-16,1.095848996349623973e-14,-1.109216183127887974e-17,1.221768631305117890e-16,9.998807372678967728e-04,1.092009654023174017e-05,1.593499028546444071e-28,1.449531913343608912e-29,-1.196820420545919003e-13,-1.321859288694327006e-15,-1.334342278908184053e-15,-1.211419258665739899e-16,9.998807372678424343e-01,1.092009655033653048e-02
1.499840179749415074e+04,1.117430146863220078e-30,-1.265646453245493131e-29,-1.141065384333412993e-16,1.062989048007104044e-14,-9.889222584477760331e-18,1.120015655435746005e-16,9.998874095915244106e-04,1.061026539843356983e-05,1.343035691138773047e-28,1.185756548160332950e-29,-1.127986593019159045e-13,-1.210836986231810957e-15,-1.188500150280612080e-15,-1.049390914383028002e-16,9.998874095914699334e-01,1.061026540830699999e-02
1.543647424232376034e+04,9.420515273936103627e-31,-1.096031523241702966e-29,-1.076807844602453948e-16,1.033735530818356066e-14,-8.826614238591143904e-18,1.029082011951299990e-16,9.998937086621738270e-04,1.030922111185106010e-05,1.130043246729098963e-28,9.712849895533707854e-30,-1.065814103640150026e-13,-1.110223024625156935e-15,-1.061016178162889019e-15,-9.100519100309865479e-17,9.998937086621192405e-01,1.030922112147522954e-02
1.588734188156876007e+04,7.850046837363490106e-31,-9.429899523754512580e-30,-1.011286506601157979e-16,9.996497851553361217e-15,-7.826653449875797047e-18,9.403034334866797218e-17,9.998996553554793595e-04,1.001671480244104018e-05,9.446609340021616370e-29,7.863957148921961435e-30,-1.001421168211890947e-13,-1.013078509970454949e-15,-9.419696545921441835e-16,-7.840522308266522316e-17,9.998996553554247990e-01,1.001671481182937924e-02
1.635137843652127049e+04,6.648351939547512161e-31,-8.205965822527215090e-30,-9.570591503296002812e-17,9.740972983317437444e-15,-6.994314277863654359e-18,8.645125471916629472e-17,9.999052693799926391e-04,9.732504615056480901e-06,7.987216665362744530e-29,6.471124613141112466e-30,-9.481304630298836855e-14,-9.315465065995454097e-16,-8.414669490078230167e-16,-6.807864518467154785e-17,9.999052693799386216e-01,9.732504624198261983e-03
1.682896854410312153e+04,5.604363322919880809e-31,-7.121451441031215896e-30,-9.043041879626576343e-17,9.485472245015202412e-15,-6.254374877521302831e-18,7.952129057825791838e-17,9.999105693423800036e-04,9.456355521339498971e-06,6.734899978324388289e-29,5.300159206953673068e-30,-8.970602038971264847e-14,-8.552186736565658975e-16,-7.520488521568634256e-16,-5.914888218482508490e-17,9.999105693423271379e-01,9.456355530264162063e-03
1.732050807568891832e+04,4.681514601724972352e-31,-6.149015167423287719e-30,-8.533146196246303615e-17,9.206736143773001898e-15,-5.546927396344594359e-18,7.269899608454296900e-17,9.999155728089821962e-04,9.188039129165437302e-06,5.650216233645497056e-29,4.301757123783330001e-30,-8.459899447643692838e-14,-7.840950111415168067e-16,-6.680176201593987045e-16,-5.096968924019192933e-17,9.999155728089303974e-01,9.188039137863665204e-03
1.782640446524128856e+04,3.941578647670432163e-31,-5.334591907039771995e-30,-8.044039997115395355e-17,8.903625334005213202e-15,-4.947210898805198269e-18,6.685110512032156656e-17,9.999202963639395279e-04,8.927333496971945337e-06,4.762747715271858775e-29,3.519059194384356650e-30,-7.949196856316120829e-14,-7.181755190543981371e-16,-5.968496817067522229e-16,-4.416892203911339774e-17,9.999202963638885722e-01,8.927333505448980383e-03
1.834707704703027048e+04,3.317829754641256096e-31,-4.592387908779674788e-30,-7.599072807466301518e-17,8.677341243725729788e-15,-4.413855163040287076e-18,6.121913398338960914e-17,9.999247556640728906e-04,8.674022953292226390e-06,3.983747571366110178e-29,2.878109708892284908e-30,-7.527312106958561344e-14,-6.591949208711866959e-16,-5.310561328262685330e-16,-3.828876204579150744e-17,9.999247556640237233e-01,8.674022961584083175e-03
1.888295740321679841e+04,2.793210774831962999e-31,-3.989465441749526018e-30,-7.182995007592390284e-17,8.430242851317601806e-15,-3.922197998467821068e-18,5.612861430208780762e-17,9.999289654907068860e-04,8.427897921298166395e-06,3.362519608504562821e-29,2.354256764018957107e-30,-7.105427357601001859e-14,-6.054184931159056759e-16,-4.730798372480533255e-16,-3.305823266513063145e-17,9.999289654906587943e-01,8.427897929351911566e-03
1.943448972158839024e+04,2.347999869660479834e-31,-3.437712629682394891e-30,-6.757311652331694598e-17,8.188421292555924723e-15,-3.497934979393079172e-18,5.147095754038442265e-17,9.999329397985937985e-04,8.188754747701088021e-06,2.815247355507485881e-29,1.922848456476215925e-30,-6.705747068735945504e-14,-5.533767888366014631e-16,-4.215113149652440999e-16,-2.864565268035013292e-17,9.999329397985471379e-01,8.188754755550630218e-03
2.000213116374356105e+04,1.986707688964401090e-31,-2.986645165164416909e-30,-6.431442793069398942e-17,7.953187562412599152e-15,-3.127097323586401915e-18,4.724633272192260697e-17,9.999366917621112325e-04,7.956395536912186373e-06,2.376443476978298064e-29,1.580803298353042838e-30,-6.328271240363392280e-14,-5.117434254131580929e-16,-3.759343109042494041e-16,-2.488199844826259042e-17,9.999366917620663431e-01,7.956395544559147562e-03
2.058635224403009852e+04,1.666080640283521936e-31,-2.589200918488458854e-30,-6.035896771984952876e-17,7.725947868140739682e-15,-2.788123355113201927e-18,4.334653166668129152e-17,9.999402338188804334e-04,7.730627989310789872e-06,2.001734546998316896e-29,1.288061946806182988e-30,-5.972999872483342187e-14,-4.666406150377611084e-16,-3.351159398645919780e-16,-2.155523274138615015e-17,9.999402338188370098e-01,7.730627996754087586e-03
2.118763721955145957e+04,1.402971894360648975e-31,-2.251318642178725877e-30,-5.704132507534768602e-17,7.537768625341492031e-15,-2.481523028939672178e-18,3.987999951803529844e-17,9.999435777109451536e-04,7.511265244120046702e-06,1.691120565567544058e-29,1.053868865568694933e-30,-5.662137425588297725e-14,-4.284766985662714016e-16,-2.995661568124626142e-16,-1.864042943342798050e-17,9.999435777109033641e-01,7.511265251362500735e-03
2.180648449156431161e+04,1.177959060106483062e-31,-1.938777062368805831e-30,-5.371606865674891241e-17,7.271159169678152398e-15,-2.211340152089123135e-18,3.652147371461553264e-17,9.999467345236569965e-04,7.298125726584724623e-06,1.415019248740189926e-29,8.597351271744620848e-31,-5.306866057708248263e-14,-3.920475055707584033e-16,-2.665525051931382995e-16,-1.613949814784291875e-17,9.999467345236164872e-01,7.298125733636888143e-03
2.244340701860012996e+04,9.950951386866143584e-32,-1.682536409167934949e-30,-5.088177401330478040e-17,7.076480570465772725e-15,-1.965423025860894155e-18,3.348790954940100860e-17,9.999497147223825998e-04,7.091032999367863354e-06,1.193152119146779935e-29,7.056607316234832166e-31,-5.018208071305708194e-14,-3.608224830031758756e-16,-2.374758134620280815e-16,-1.393758040270581866e-17,9.999497147223439519e-01,7.091033006241150884e-03
2.309893274165329058e+04,8.363226473258329682e-32,-1.452607464446152986e-30,-4.783608615929441288e-17,6.864226594984224890e-15,-1.756314424240831902e-18,3.067082022431049183e-17,9.999525281871673131e-04,6.889815618055238607e-06,1.000867273499159008e-29,5.762382393606609672e-31,-4.729550084903166862e-14,-3.295974604355932986e-16,-2.113263284489092902e-16,-1.210125703069681025e-17,9.999525281871302074e-01,6.889815624738451598e-03
2.377360502178793104e+04,7.088528674091524658e-32,-1.274093985057489945e-30,-4.534644189665293710e-17,6.699872009599190204e-15,-1.571729153658740947e-18,2.828715459284578836e-17,9.999551842454562026e-04,6.694306990545628722e-06,8.529558537702190146e-30,4.745491382970149142e-31,-4.485301019485631792e-14,-3.035766082959411922e-16,-1.893713837396560919e-16,-1.052210902709852985e-17,9.999551842454207362e-01,6.694306997074117409e-03
2.446798309052643890e+04,5.898041985469978023e-32,-1.083913258052635005e-30,-4.267055371562752219e-17,6.520060607747885316e-15,-1.394290017227681048e-18,2.579494237780184951e-17,9.999576917029920787e-04,6.504345240604392231e-06,7.050444340412793011e-30,3.836452449219373819e-31,-4.241051954068097984e-14,-2.775557561562890858e-16,-1.677863096033978968e-16,-9.069327354218592168e-18,9.999576917029577849e-01,6.504345246948942116e-03
2.518264251339290058e+04,4.997646138985174403e-32,-9.556474568205796651e-31,-4.048586707519910290e-17,6.359163175581104126e-15,-1.248452911569965919e-18,2.384455754043296880e-17,9.999600588729827023e-04,6.319773074831003257e-06,6.039716305598372336e-30,3.158525108795066799e-31,-4.019007349143067307e-14,-2.558717127065789971e-16,-1.506982119283449091e-16,-7.890254249058870361e-18,9.999600588729501416e-01,6.319773080980591040e-03
2.591817566699565941e+04,4.165075306919866848e-32,-8.149496745105860887e-31,-3.799590888898843968e-17,6.147144813564225677e-15,-1.105506674990968031e-18,2.167725489891910128e-17,9.999622936036447248e-04,6.140437653540110355e-06,5.004336367495794341e-30,2.557634966146249213e-31,-3.774758283725532237e-14,-2.333203075188806035e-16,-1.331128515429919006e-16,-6.788550791788545207e-18,9.999622936036136611e-01,6.140437659552955979e-03
2.667519223004447122e+04,3.537842264721717086e-32,-7.147990794707819726e-31,-3.605283052977998704e-17,5.954532010079790696e-15,-9.869991611787974507e-19,2.005185135636891043e-17,9.999644033042006872e-04,5.966190465445109226e-06,4.264779268851095073e-30,2.110819219048410057e-31,-3.552713678800500929e-14,-2.151057110211241044e-16,-1.196374231903602105e-16,-5.888834613616506082e-18,9.999644033041706903e-01,5.966190471255538620e-03
2.745431968870928904e+04,2.990016258851722172e-32,-6.208602649491218699e-31,-3.426307187784401262e-17,5.860331874722245991e-15,-8.860890851008588608e-19,1.842630020114911110e-17,9.999663949694281764e-04,5.796887205117284836e-06,3.599177880070865662e-30,1.733336949948512049e-31,-3.397282455352979014e-14,-1.986258379993444123e-16,-1.068187736268739018e-16,-5.136731105071751328e-18,9.999663949693999854e-01,5.796887210817248774e-03
2.825620385673952114e+04,2.502910096521455860e-32,-5.295774805317530125e-31,-3.187603456903590007e-17,5.597862843737164731e-15,-7.851993202906165982e-19,1.669229076900584056e-17,9.999682752028378994e-04,5.632387654941339861e-06,2.982880297866950889e-30,1.409780719291457082e-31,-3.153033389935445206e-14,-1.795438797635995096e-16,-9.402043533108364536e-17,-4.422687271448221317e-18,9.999682752028107302e-01,5.632387660441117577e-03
2.908150941077487005e+04,2.097411078387388049e-32,-4.639642224405925841e-31,-3.027125591365812004e-17,5.477353949612694370e-15,-7.042632120246058120e-19,1.539181661429434997e-17,9.999700502385517990e-04,5.472555569069337267e-06,2.539146038680132099e-30,1.147854246854793006e-31,-2.997602166487923290e-14,-1.656660919557851022e-16,-8.423509463443753972e-17,-3.854235000263180375e-18,9.999700502385258094e-01,5.472555574448634101e-03
2.993092044129160058e+04,1.753015629512246939e-32,-3.987023977204713026e-31,-2.821930439465620252e-17,5.261513771988614103e-15,-6.204185776210045430e-19,1.409132922303828103e-17,9.999717259619614416e-04,5.317258561898796643e-06,2.120063682781468877e-30,9.321500930834221529e-32,-2.797762022055393851e-14,-1.500535806719937890e-16,-7.492935958921818262e-17,-3.299019273667368836e-18,9.999717259619368415e-01,5.317258567144570944e-03
3.080514101964067959e+04,1.483633487376104902e-32,-3.411611476499023071e-31,-2.669318854581219040e-17,5.157325485077675734e-15,-5.511464236669951326e-19,1.289915835132348932e-17,9.999733079292321639e-04,5.166367998743481849e-06,1.762611085103197902e-30,7.665201178661198695e-32,-2.664535259100376013e-14,-1.379105163401561887e-16,-6.664357783752103438e-17,-2.847501254355412985e-18,9.999733079292086879e-01,5.166368003815345784e-03
3.170489578164802879e+04,1.258405267880939106e-32,-3.020172642914254949e-31,-2.557220479681191879e-17,4.998329326771452867e-15,-4.971968774147610327e-19,1.197793813462476027e-17,9.999748013857154283e-04,5.019758889862613316e-06,1.516092052221632064e-30,6.317050217590133598e-32,-2.509104035652854097e-14,-1.283695372222837003e-16,-6.012787663152995447e-17,-2.495871340356794956e-18,9.999748013856928353e-01,5.019758894775971231e-03
3.263093052826050916e+04,1.058241056112918022e-32,-2.640864247493728941e-31,-2.400730199653246860e-17,4.871170491029756681e-15,-4.401753323293554397e-19,1.105671523682114002e-17,9.999762112833307515e-04,4.877309787570949240e-06,1.288061946806182988e-30,5.161492250957792086e-32,-2.375877272697834997e-14,-1.170938346284345035e-16,-5.392830838138431004e-17,-2.146922531267122808e-18,9.999762112833096017e-01,4.877309792382793739e-03
3.358401284373552335e+04,8.696944821583810227e-33,-2.249826473471401151e-31,-2.269522020916158974e-17,4.732319465549049210e-15,-3.897194651178440986e-19,1.002702321139240975e-17,9.999775422969796584e-04,4.738902686235446637e-06,1.066194817212773943e-30,4.121490080988685273e-32,-2.242650509742815896e-14,-1.075528555105620029e-16,-4.751815442709816692e-17,-1.846884098729856050e-18,9.999775422969596761e-01,4.738902690931287576e-03
3.456493273188669264e+04,7.487021857359779761e-33,-1.967539151788849972e-31,-2.147438306451904847e-17,4.629424896435264675e-15,-3.509961277421867841e-19,9.268312405867908575e-18,9.999787988400387143e-04,4.604422924825435359e-06,9.059574458397557453e-31,3.447414600453152177e-32,-2.131628207280300873e-14,-9.887923813067800438e-17,-4.267613494161422000e-17,-1.616168883347748918e-18,9.999787988400192784e-01,4.604422929360090996e-03
3.557450327091295912e+04,6.414243859785364023e-33,-1.708169103062302994e-31,-2.016286825977488150e-17,4.516482490189572666e-15,-3.158973517724605931e-19,8.509573777073639890e-18,9.999799850789856288e-04,4.473759092293860817e-06,7.642090019328551865e-31,2.869635617136980874e-32,-2.020605904817784904e-14,-9.020562075079396891e-17,-3.807054507304391814e-17,-1.413276937736878034e-18,9.999799850789674593e-01,4.473759096684526600e-03
3.661356128735386301e+04,5.272411380636525204e-33,-1.460325034502351984e-31,-1.915549305211047952e-17,4.341911758478375728e-15,-2.774018531024908081e-19,7.696629590672279287e-18,9.999811049472130762e-04,4.346802935789595423e-06,6.347865096700329372e-31,2.291856633820810939e-32,-1.887379141862766119e-14,-8.326672684688674053e-17,-3.345636429324722019e-17,-1.205833974947484922e-18,9.999811049471957203e-01,4.346802940084788097e-03
3.768296804972967948e+04,4.468806312103570330e-33,-1.269505793152687949e-31,-1.786670567808477952e-17,4.205863589507773096e-15,-2.485235295714785189e-19,7.100474584535840885e-18,9.999821621580623227e-04,4.223449271395507409e-06,5.361788965174064615e-31,1.887411345499491136e-32,-1.776356839400250149e-14,-7.546047120499110861e-17,-2.998902917986465839e-17,-1.049645244338161014e-18,9.999821621580456954e-01,4.223449275575800674e-03
3.878360998244141956e+04,3.754555874447022261e-33,-1.088821203589637010e-31,-1.690901643710131930e-17,4.112272797503040223e-15,-2.215090627291985110e-19,6.504304035923897188e-18,9.999831602171336924e-04,4.103595897170241577e-06,4.468157470978387179e-31,1.540743955509788956e-32,-1.687538997430237941e-14,-6.938893903907228378e-17,-2.669148486070579142e-17,-9.089989892370873041e-19,9.999831602171179723e-01,4.103595901187766584e-03
3.991639940052227757e+04,3.163829079800875875e-33,-9.583262434083873486e-32,-1.631521312769675028e-17,4.009626778262753380e-15,-2.001719787542368972e-19,6.016523930199874711e-18,9.999841024339076959e-04,3.987143508632495781e-06,3.821045009664275932e-31,1.261484113573638936e-32,-1.598721155460225103e-14,-6.505213034913026604e-17,-2.398912572533931048e-17,-7.981270947701214965e-19,9.999841024338931295e-01,3.987143512588118069e-03
4.108227526584971201e+04,2.510534652797379834e-33,-8.033710888951615470e-32,-1.522451720841686967e-17,3.782844746373696827e-15,-1.715605644364034974e-19,5.366136118953065866e-18,9.999849919327147719e-04,3.873995617242886880e-06,3.112302790129773139e-31,9.725946219155541058e-33,-1.465494392505206949e-14,-5.898059818321144121e-17,-2.078869982513552136e-17,-6.646348502607575522e-19,9.999849919327007397e-01,3.873995621077461031e-03
4.228220396544493997e+04,2.276868673485092040e-33,-7.040384931944915831e-32,-1.428661807612806909e-17,3.775354041278746846e-15,-1.595821288128413080e-19,5.040939417082717640e-18,9.999858316630907181e-04,3.764058470134834946e-06,2.650079603476836972e-31,8.570388252523199546e-33,-1.421085471520200056e-14,-5.377642775528101993e-17,-1.897465956862519971e-17,-6.006849749470953842e-19,9.999858316630774180e-01,3.764058473893841950e-03
4.351718011250491691e+04,1.869431053742308131e-33,-5.982179371975386018e-32,-1.351810233325733961e-17,3.642772839277766393e-15,-1.386249051188359117e-19,4.553142132974469040e-18,9.999866244095574966e-04,3.657240973120590155e-06,2.187856416823899929e-31,6.837051302574687278e-33,-1.332267629550188006e-14,-4.943961906533900219e-17,-1.665216071421476888e-17,-5.069914647104587712e-19,9.999866244095447776e-01,3.657240976761409138e-03
4.478822737083084212e+04,1.544646441607216951e-33,-5.203019592782204755e-32,-1.232637514075409939e-17,3.561712199086810322e-15,-1.234442347524913006e-19,4.227949813668361646e-18,9.999873728008515286e-04,3.553454615112805047e-06,1.848892746611745981e-31,5.488900341503622181e-33,-1.265654248072677983e-14,-4.380176776841437913e-17,-1.502401750393933974e-17,-4.386590251582637908e-19,9.999873728008397133e-01,3.553454618621158800e-03
4.609639930333651137e+04,1.338747271387727923e-33,-4.685615449857048757e-32,-1.218397137747519048e-17,3.472808666437463096e-15,-1.119178085631199120e-19,3.956951516040452286e-18,9.999880793186411137e-04,3.452613395071856959e-06,1.617781153285277898e-31,4.622231866529366047e-33,-1.199040866595169064e-14,-4.206704429243757204e-17,-1.366198668161970027e-17,-3.864135316864913769e-19,9.999880793186297634e-01,3.452613398483217987e-03
4.744278024533983989e+04,1.105149978304142944e-33,-3.857978106079915794e-32,-1.124707308186174023e-17,3.309483573513341172e-15,-9.821696724459598778e-20,3.523327574916429223e-18,9.999887463057503204e-04,3.354633751062597182e-06,1.294224922628222055e-31,3.707415142945429017e-33,-1.110223024625157014e-14,-3.773023560249554814e-17,-1.181960662465625994e-17,-3.294856614986783109e-19,9.999887463057396397e-01,3.354633754341591022e-03
4.882848620336147724e+04,8.863084164202283809e-34,-3.308884754635518741e-32,-1.011199824327787076e-17,3.133655034548425873e-15,-8.563340068627751144e-20,3.143907180782581052e-18,9.999893759739294629e-04,3.259434490809897798e-06,1.078520768856852078e-31,2.888894916580854122e-33,-1.021405182655144017e-14,-3.295974604355932863e-17,-1.024746838064387935e-17,-2.791194254154803989e-19,9.999893759739194588e-01,3.259434494094025966e-03
5.025466578017541178e+04,7.601630507898205168e-34,-2.870375679782362030e-32,-9.996532494251335857e-18,3.155069981747271106e-15,-7.686099530379803713e-20,2.872892340736239893e-18,9.999899704111849582e-04,3.166936725251812135e-06,9.090389337507753226e-32,2.407412430484045158e-33,-9.992007221626408864e-15,-3.165870343657672947e-17,-9.098359523453233566e-18,-2.434163503757305223e-19,9.999899704111755439e-01,3.166936728411025911e-03
5.172250112687845831e+04,7.041292639526049308e-34,-2.753927787903520808e-32,-9.724756624990013519e-18,3.102902055880872080e-15,-7.220088362312565077e-20,2.818703479633030932e-18,9.999905315887045593e-04,3.077063802481295053e-06,8.474091755303837753e-32,2.166671187435639993e-33,-9.547918011776346248e-15,-2.992397996059992238e-17,-8.673412579052453576e-18,-2.221688293076679230e-19,9.999905315886954416e-01,3.077063805499686156e-03
5.323320892276772793e+04,5.717041728881327595e-34,-2.319025377349045922e-32,-9.138466597130401511e-18,3.044995092173989893e-15,-6.251206253462092774e-20,2.493478100154242957e-18,9.999910613673901067e-04,2.989741244685539812e-06,6.933347799794049071e-32,1.709262825643672162e-33,-9.103828801926283631e-15,-2.732189474663470866e-17,-7.454920963090849206e-18,-1.868965624388535885e-19,9.999910613673815840e-01,2.989741247709404824e-03
5.478804138383825193e+04,4.558047341718016039e-34,-1.962446564579683947e-32,-8.509631692020400630e-18,2.828183557432183884e-15,-5.505188547494193670e-20,2.330874749454468072e-18,9.999915615040292412e-04,2.904896687028201828e-06,5.700752635386218125e-32,1.324076836766224991e-33,-8.215650382226158399e-15,-2.471980953266950110e-17,-6.771007481446360347e-18,-1.599213893864534888e-19,9.999915615040210204e-01,2.904896689927986830e-03
5.638828730073681072e+04,3.838236973035963103e-34,-1.610353645575976922e-32,-8.143571358940394591e-18,2.832119005433760828e-15,-4.901255860422321062e-20,2.059845790643111870e-18,9.999920336571190872e-04,2.822459816920197963e-06,4.545194668753877161e-32,1.083335593717819996e-33,-7.993605777301127091e-15,-2.298508605669269092e-17,-5.813878294253511123e-18,-1.383370793626038057e-19,9.999920336571113122e-01,2.822459819718054971e-03
5.803527310703221156e+04,3.248060601384020905e-34,-1.404566746544441924e-32,-7.432587374716579990e-18,2.752903851469493961e-15,-4.247240096256013802e-20,1.897237326261677132e-18,9.999924793923657598e-04,2.742362316399126885e-06,3.851859888774472253e-32,8.907425992790965820e-34,-7.549516567451064475e-15,-2.038300084272748028e-17,-5.202951283370605368e-18,-1.164755879705396050e-19,9.999924793923585797e-01,2.742362319145017196e-03
5.973036397868757922e+04,3.162230859698191929e-34,-1.301032125132970941e-32,-7.324159742432364027e-18,2.749977844625271903e-15,-4.203586624571463781e-20,1.788821577650953099e-18,9.999929001878748742e-04,2.664537805618926856e-06,3.466673899897025083e-32,8.425943506694156857e-34,-7.327471962526033167e-15,-1.951563910473907981e-17,-4.766416566525122345e-18,-1.120069501425167915e-19,9.999929001878681278e-01,2.664537808249225169e-03
6.147496496564592962e+04,2.371203554625749933e-34,-1.071226076442692048e-32,-6.868031517589289382e-18,2.572999124638328929e-15,-3.555038093253919296e-20,1.626211220955535996e-18,9.999932974390534409e-04,2.588921787560761058e-06,2.773339119917620176e-32,6.138901697734314282e-34,-6.661338147750939243e-15,-1.778091562876226964e-17,-4.210161884129841696e-18,-9.203777273196250074e-20,9.999932974390469687e-01,2.588921790116177016e-03
6.327052215646705736e+04,2.105496221731823165e-34,-9.800127868424484761e-33,-6.379009890654413209e-18,2.559879428552344195e-15,-3.268528075283215227e-20,1.544905877029927062e-18,9.999936724632352888e-04,2.515451594964357017e-06,2.465190328815661892e-32,5.296307347064898596e-34,-6.439293542825907934e-15,-1.604619215278546870e-17,-3.886160546185734662e-18,-8.221876192668514833e-20,9.999936724632292329e-01,2.515451597499958943e-03
6.511852387698106759e+04,1.625245074420368088e-34,-8.352774685505892787e-33,-5.855562489236243010e-18,2.452948359127328196e-15,-2.716160149771217830e-20,1.409396439078625933e-18,9.999940265040499661e-04,2.444066338536110973e-06,2.041485741050470004e-32,3.972230510298673947e-34,-5.995204332975845318e-15,-1.431146867680865853e-17,-3.444678974591611941e-18,-6.638515253846589655e-20,9.999940265040442311e-01,2.444066340956280951e-03
6.702050192395209160e+04,1.368585112706089937e-34,-7.136917921074717916e-33,-5.661343452202860376e-18,2.337586973812793860e-15,-2.420093250884191913e-20,1.273880082225974056e-18,9.999943607355463952e-04,2.374706855989839195e-06,1.694818351060768098e-32,3.250006781153460930e-34,-5.551115123125782702e-15,-1.344410693882025036e-17,-3.025108827484269047e-18,-5.747044450049094842e-20,9.999943607355409325e-01,2.374706858442713914e-03
6.897803283477478544e+04,1.252052148308521987e-34,-6.343730884763176586e-33,-5.450783535618330852e-18,2.405863077790159851e-15,-2.259438469750779874e-20,1.165465202766599022e-18,9.999946762660845076e-04,2.307315663974129905e-06,1.463706757734298975e-32,2.888894916580854207e-34,-5.551115123125782702e-15,-1.257674520083184989e-17,-2.689110437031616162e-18,-5.213265532436788870e-20,9.999946762660791855e-01,2.307315666344874130e-03
7.099273919425607892e+04,9.933128027843019925e-35,-5.154488057691513116e-33,-5.029645940779452712e-18,2.178997379882298981e-15,-1.967316237654959004e-20,1.029947959617983070e-18,9.999949741420111234e-04,2.241836909666616862e-06,1.155557966632342059e-32,2.226856498197741027e-34,-4.884981308350688778e-15,-1.127570259384925074e-17,-2.308986957836337943e-18,-4.410424325098724949e-20,9.999949741420062210e-01,2.241836911888448955e-03
7.306629097956528130e+04,8.565429238054151916e-35,-4.597701371652292716e-33,-4.778355273261712183e-18,2.140703162421246910e-15,-1.737198489723652059e-20,9.757441151162865752e-19,9.999952553511309156e-04,2.178216324755232878e-06,1.001483571081363054e-32,1.865744633625134946e-34,-4.662936703425656681e-15,-1.040834085586083948e-17,-2.125391846659030858e-18,-3.784012067187310229e-20,9.999952553511262110e-01,2.178216326898073894e-03
7.520040694446746784e+04,6.824986680471705522e-35,-3.821992541064155178e-33,-4.508094429077208695e-18,2.098313043352300918e-15,-1.544551702919962088e-20,8.944341032436146450e-19,9.999955208259794000e-04,2.116401180696226160e-06,8.088905766426390583e-33,1.444447458290427104e-34,-4.440892098500626162e-15,-9.540979117872439019e-18,-1.892989873130745930e-18,-3.268905693053591784e-20,9.999955208259747597e-01,2.116401182865114937e-03
7.739685604398742726e+04,5.853608744438921750e-35,-3.371678636796819202e-33,-4.217969625636448791e-18,2.051620425909569165e-15,-1.347479032594911995e-20,7.860188661811543892e-19,9.999957714469150799e-04,2.056340245248922116e-06,6.933347799794049071e-33,1.203706215242021981e-34,-4.218847493575594854e-15,-8.673617379884035472e-18,-1.616329064388862906e-18,-2.770887083944099105e-20,9.999957714469108749e-01,2.056340247287521007e-03
7.965745890068511653e+04,4.970279000939761383e-35,-2.988191981171057048e-33,-3.907051052781331007e-18,2.000410139024041081e-15,-1.247358171835342041e-20,7.318115443147619945e-19,9.999960080450418041e-04,1.997983739343566899e-06,5.970382827600431144e-33,9.930576275746684867e-35,-3.996802888650564334e-15,-7.806255641895631925e-18,-1.462153404047468074e-18,-2.492211295632441894e-20,9.999960080450378541e-01,1.997983741245885035e-03
8.198408931375804241e+04,4.185368689154665893e-35,-2.777844700357467052e-33,-3.797769751360552084e-18,1.944458112696603061e-15,-1.116154409327236963e-20,7.318147986269309386e-19,9.999962314049613398e-04,1.941283296225115862e-06,5.392603844284259704e-33,8.125016952883651255e-35,-3.774758283725532237e-15,-7.372574772901430151e-18,-1.420665199847873952e-18,-2.166780078734542995e-20,9.999962314049576362e-01,1.941283298180860022e-03
8.437867581222135050e+04,3.190825699030225130e-35,-1.940022025010377084e-33,-3.333886731564359887e-18,1.648089661507127029e-15,-9.171541730359112183e-21,5.962938955175421809e-19,9.999964422673761084e-04,1.886191921873781041e-06,3.659266894335748121e-33,6.018531076210112041e-35,-3.108624468950437919e-15,-6.288372600415925717e-18,-1.124728731443226931e-18,-1.729934948740717878e-20,9.999964422673726094e-01,1.886191923838063077e-03
8.684320325345317542e+04,2.791419677434961873e-35,-1.996686075153478087e-33,-3.431262700750985048e-18,1.817386037363279813e-15,-8.292593904183025740e-21,5.962959972780247431e-19,9.999966413315455535e-04,1.832663955481095074e-06,3.659266894335748121e-33,5.115751414778595235e-35,-3.330669073875470016e-15,-6.288372600415925717e-18,-1.092813852521444944e-18,-1.519758900477877097e-20,9.999966413315422020e-01,1.832663957347520920e-03
8.937971446843017475e+04,2.534957029894600074e-35,-1.730530665741380112e-33,-3.166157012438101965e-18,1.745770266550485912e-15,-7.693272368689356714e-21,5.149823328230131060e-19,9.999968292576045994e-04,1.780655031646815944e-06,3.081487911019577023e-33,4.513898307157584031e-35,-3.108624468950437919e-15,-5.637851296924623057e-18,-9.170087906549306860e-19,-1.369910760300854858e-20,9.999968292576014717e-01,1.780655033405649035e-03
9.199031195501702314e+04,2.087198325565771051e-35,-1.391465550377179967e-33,-3.133301867088776070e-18,1.668420578187431040e-15,-6.773323818821013187e-21,4.878792589065401031e-19,9.999970066687535221e-04,1.730122043741566952e-06,2.407412430484045158e-33,3.611118645726067224e-35,-2.886579864025407005e-15,-5.421010862427522170e-18,-8.440931880408916023e-19,-1.171871193843303984e-20,9.999970066687505765e-01,1.730122045528633985e-03
9.467715962071336980e+04,1.432107395007037129e-35,-1.031117324405067032e-33,-2.708848098813454089e-18,1.585063116105700967e-15,-5.342131385768517673e-21,4.065668344103704122e-19,9.999971741533229212e-04,1.681023108712764936e-06,1.733336949948511926e-33,2.407412430484044816e-35,-2.664535259100376091e-15,-4.553649124439118623e-18,-6.834501758698513272e-19,-8.980271694857698362e-21,9.999971741533199010e-01,1.681023110346970949e-03
9.744248457630288613e+04,1.381815285247653104e-35,-1.238106495581896976e-33,-2.655207596260772118e-18,1.495412918214066088e-15,-5.367007348796391203e-21,4.336721029436153779e-19,9.999973322667250666e-04,1.633317531335442895e-06,2.022226441606597988e-33,2.256949153578792015e-35,-2.442490654175343995e-15,-4.336808689942017736e-18,-7.083261388977245205e-19,-8.766050587540169699e-21,9.999973322667224940e-01,1.633317532911744913e-03
1.002885789818910998e+05,1.327363581130081031e-35,-1.031551125906805927e-33,-2.869398782094046876e-18,1.679008201636745932e-15,-5.092133675681180226e-21,4.065677336198586131e-19,9.999974815332979099e-04,1.586965771349646982e-06,1.637040452729150133e-33,2.106485876673538947e-35,-2.664535259100376091e-15,-4.553649124439118623e-18,-6.452107025960901810e-19,-8.081062206651676791e-21,9.999974815332953737e-01,1.586965772984068974e-03
1.032178019468622952e+05,1.073390323642448937e-35,-6.869698071311674905e-34,-2.390692202090092007e-18,1.584044527314282000e-15,-4.566719979649184263e-21,3.523586644811937197e-19,9.999976224480395907e-04,1.541929410708853042e-06,1.059261469412980061e-33,1.655096045957781078e-35,-2.442490654175343995e-15,-3.686287386450715076e-18,-5.433134801912470775e-19,-7.041576595981578585e-21,9.999976224480371378e-01,1.541929412279899065e-03
1.062325814853298943e+05,9.038796918573923100e-36,-7.713106703849747712e-34,-2.171046529832912017e-18,1.482101097699268003e-15,-4.127786071224891854e-21,3.523595219140169090e-19,9.999977554782536054e-04,1.498171121161461915e-06,1.155557966632342025e-33,1.354169492147274942e-35,-2.220446049250313081e-15,-3.252606517456512917e-18,-5.278960453941064149e-19,-6.184143772803244633e-21,9.999977554782515377e-01,1.498171122643224967e-03
1.093354165287018986e+05,6.718690024026986434e-36,-5.953793005906990660e-34,-2.085494441554517135e-18,1.372851198097601968e-15,-3.610378399066314946e-21,2.981503419583272139e-19,9.999978810650974811e-04,1.455654633719660963e-06,8.666684749742561339e-34,9.780112998841432066e-36,-1.998401444325282167e-15,-3.035766082959412030e-18,-4.340048468626809043e-19,-5.255475187152785708e-21,9.999978810650954619e-01,1.455654635121378035e-03
1.125288789970294019e+05,7.446846755751781247e-36,-5.446836484207016774e-34,-1.993092624300597914e-18,1.569943728679856013e-15,-3.386304177010031000e-21,2.981508080225348145e-19,9.999979996250438468e-04,1.414344708572379049e-06,7.703719777548943412e-34,1.053242938336770008e-35,-2.220446049250313081e-15,-2.818925648462311914e-18,-4.216888616199742130e-19,-4.789410979541585942e-21,9.999979996250419889e-01,1.414344709916949983e-03
1.158156159308539063e+05,5.474538443865606748e-36,-5.255556906110982264e-34,-2.051306757412107979e-18,1.454218698177690909e-15,-2.913573625793519955e-21,2.710465392602317235e-19,9.999981115512640920e-04,1.374207105886426916e-06,7.222237291452133594e-34,7.523163845262640051e-36,-1.998401444325282167e-15,-2.818925648462311914e-18,-3.724747840306140090e-19,-4.003861144977773986e-21,9.999981115512621699e-01,1.374207107191532029e-03
1.191983516853229958e+05,5.070994599058916123e-36,-5.409060905662843580e-34,-1.786417943138949920e-18,1.496693433088051079e-15,-2.903003316544998074e-21,2.710466669995920818e-19,9.999982172149298430e-04,1.335208557495803916e-06,7.222237291452133594e-34,6.770847460736376046e-36,-1.998401444325282167e-15,-2.385244779468110140e-18,-3.619044747820928111e-19,-3.876121784469211007e-21,9.999982172149280979e-01,1.335208558697174083e-03
1.226798901883901999e+05,3.189454836035175161e-36,-3.340229064647746922e-34,-1.671450485653298928e-18,1.198095708116285026e-15,-2.187131649384175927e-21,2.168375970898240074e-19,9.999983169664463517e-04,1.297316738924080968e-06,4.333342374871280669e-34,4.137740114894452028e-36,-1.554312234475218959e-15,-2.168404344971008868e-18,-2.813075180619959783e-19,-2.837407277245534909e-21,9.999983169664447002e-01,1.297316740212140895e-03
1.262631172649734945e+05,3.581031542009495241e-36,-3.055813582514768845e-34,-1.892297125334992011e-18,1.409245277340387047e-15,-2.144982596390422933e-21,1.897326764295798951e-19,9.999984111366115071e-04,1.260500243516204932e-06,3.851859888774471706e-34,4.513898307157584031e-36,-1.776356839400250070e-15,-2.385244779468110140e-18,-2.391584650682442154e-19,-2.703755383650161147e-21,9.999984111366100326e-01,1.260500244758206009e-03
1.299510030289965071e+05,2.764219576802550085e-36,-2.751934156461206179e-34,-1.593464096775448923e-18,1.450406431198275067e-15,-1.909839524757409012e-21,1.761805139903817916e-19,9.999985000377156503e-04,1.224728555349052995e-06,3.370377402677663170e-34,3.385423730368188023e-36,-1.776356839400250070e-15,-1.951563910473907981e-18,-2.157736302488054991e-19,-2.339038512920089035e-21,9.999985000377142885e-01,1.224728556577362988e-03
1.337466043452970043e+05,1.896637827308094125e-36,-2.427696418954360053e-34,-1.457783025036205925e-18,1.119577363227806052e-15,-1.464073160081416084e-21,1.626285836642544948e-19,9.999985839645752529e-04,1.189972024695507002e-06,2.888894916580854207e-34,2.256949153578792015e-36,-1.332267629550188046e-15,-1.734723475976807094e-18,-1.935237391999635949e-19,-1.742208571318564005e-21,9.999985839645738617e-01,1.189972025846458949e-03
1.376530673634429113e+05,1.138686916695620962e-36,-1.041085180978853054e-34,-1.312816633272846934e-18,7.681852756979398813e-16,-1.062596990035235081e-21,9.486646151423995592e-20,9.999986631955113010e-04,1.156201843044434983e-06,1.203706215242021981e-34,1.316553672920962009e-36,-8.881784197001252323e-16,-1.517883041479706015e-18,-1.096849243741451968e-19,-1.228578241792164998e-21,9.999986631955098959e-01,1.156201844108855009e-03
1.416736301255548897e+05,2.009049630407542984e-36,-2.142986272434712017e-34,-1.351161304919587979e-18,1.383589176237658090e-15,-1.438020328781553964e-21,1.490761832570318995e-19,9.999987379932719512e-04,1.123390019230896965e-06,2.407412430484044816e-34,2.256949153578792015e-36,-1.554312234475218959e-15,-1.517883041479706015e-18,-1.674709079001016994e-19,-1.615459725210599044e-21,9.999987379932707698e-01,1.123390020402803948e-03
1.458116252502991993e+05,1.378486556548423960e-36,-1.323347094286486948e-34,-1.191965096142091022e-18,1.017143548707916982e-15,-9.801663300509830065e-22,1.219716745426231085e-19,9.999988086059042290e-04,1.091509356898612070e-06,1.444447458290427104e-34,1.504632769052528010e-36,-1.110223024625156935e-15,-1.301042606982604936e-18,-1.331333827966814968e-19,-1.069861996339938911e-21,9.999988086059030667e-01,1.091509358066834051e-03
1.500704826952737931e+05,7.093746557418039162e-37,-7.944996144308203461e-35,-8.178532954278046715e-19,8.374817745180719836e-16,-7.215114447657549633e-22,8.131439774854340358e-20,9.999988752675765050e-04,1.060533431185284103e-06,8.425943506694156857e-35,7.523163845262640051e-37,-8.881784197001252323e-16,-8.673617379884035472e-19,-8.623673432502885737e-20,-7.651878695227342435e-22,9.999988752675752490e-01,1.060533432202939025e-03
1.544537326000778121e+05,9.126175366352323473e-37,-1.168150446893096977e-34,-1.052176383468085984e-18,8.619428933370562948e-16,-8.528731984293443496e-22,1.084193384158860996e-19,9.999989381993545663e-04,1.030436566740178038e-06,1.203706215242021981e-34,9.403954806578300064e-37,-8.881784197001252323e-16,-1.084202172485504049e-18,-1.117193695818304019e-19,-8.788326644852911724e-22,9.999989381993534820e-01,1.030436567778964061e-03
1.589650082124219916e+05,8.453458947702524735e-37,-9.618157736052649414e-35,-1.082908289901933941e-18,1.108898088859580947e-15,-8.361340308042093090e-22,9.486685295941963764e-20,9.999989976099354048e-04,1.001193817407042063e-06,9.629649721936179265e-35,8.463559325920470057e-37,-1.110223024625156935e-15,-1.084202172485504049e-18,-9.498020195669569830e-20,-8.371330620888308155e-22,9.999989976099342703e-01,1.001193818352061945e-03
1.636080488997045031e+05,1.160048944473120917e-36,-9.899084326170629690e-35,-1.337445374479535057e-18,1.141286719555869981e-15,-9.656849073183459682e-22,1.219718050038532887e-19,9.999990536963387217e-04,9.727809444637358638e-07,9.629649721936179265e-35,1.128474576789396008e-36,-1.110223024625156935e-15,-1.301042606982604936e-18,-1.186519600640447971e-19,-9.394007660538224127e-22,9.999990536963377918e-01,9.727809453956362540e-04
1.683867032485479140e+05,5.969657931882452610e-37,-8.914689178277796610e-35,-9.176729339752155521e-19,9.396970843906207253e-16,-6.062521292894945240e-22,8.131458992190953341e-20,9.999991066445607004e-04,9.451743971933268540e-07,8.425943506694156857e-35,5.642372883946980038e-37,-8.881784197001252323e-16,-8.673617379884035472e-19,-7.685653725555626743e-20,-5.730145033719694535e-22,9.999991066445598209e-01,9.451743982126672820e-04
1.733049322548687051e+05,6.144019352540829774e-37,-5.242896514168174384e-35,-8.264167375642452137e-19,9.671437020180423705e-16,-6.040710306962082225e-22,8.131460818653207596e-20,9.999991566301904850e-04,9.183512934551885110e-07,4.814824860968089633e-35,5.642372883946980038e-37,-8.881784197001252323e-16,-7.589415207398531038e-19,-7.467543866226985904e-20,-5.547498808200635385e-22,9.999991566301896784e-01,9.183512944188011642e-04
1.783668126071208972e+05,4.215649007602080678e-37,-4.047023047297996916e-35,-9.720624793477904282e-19,7.465439841391030488e-16,-4.839800181205826745e-22,6.776220392975979305e-20,9.999992038189923962e-04,8.922893999230296913e-07,3.611118645726067224e-35,3.761581922631320025e-37,-6.661338147750939243e-16,-8.673617379884035472e-19,-6.046354449343213253e-20,-4.318505842858832669e-22,9.999992038189918775e-01,8.922894009790613640e-04
1.835765400654372934e+05,2.711737148695718864e-37,-2.776818840264417079e-35,-5.002272117716079681e-19,5.122326648541265594e-16,-3.528859026139718068e-22,4.065727552750331224e-20,9.999992483674567060e-04,8.669671147654156584e-07,2.407412430484044816e-35,2.350988701644575016e-37,-4.440892098500626162e-16,-4.336808689942017736e-19,-3.524854739360883808e-20,-3.059407031445242006e-22,9.999992483674560173e-01,8.669671157824889113e-04
1.889384329394676024e+05,1.116376563662606974e-37,-2.857924002976272783e-35,-5.148378189942855363e-19,5.271939266501483892e-16,-2.460065471384892994e-22,4.065737424113570043e-20,9.999992904233165857e-04,8.423634489940212688e-07,2.407412430484044816e-35,9.403954806578300064e-38,-4.440892098500626162e-16,-4.336808689942017736e-19,-3.424831032491402019e-20,-2.072270707495700082e-22,9.999992904233157009e-01,8.423634497394658820e-04
1.944569356677980977e+05,2.297967250429431045e-37,-4.412097120824508141e-35,-7.948127579707077252e-19,8.138882641620047106e-16,-3.620058400366413871e-22,5.420981233749757266e-20,9.999993301260394658e-04,8.184580084780179732e-07,3.611118645726067224e-35,1.880790961315660013e-37,-6.661338147750939243e-16,-6.505213034913026604e-19,-4.436848481627853769e-20,-2.962867776976208229e-22,9.999993301260388101e-01,8.184580093869041123e-04
2.001366225019179110e+05,2.069450375857613926e-37,-3.027310264111710126e-35,-6.816896688694187776e-19,5.584401767378278626e-16,-2.440902712540688772e-22,4.065738735993807241e-20,9.999993676072899910e-04,7.952309790670852863e-07,2.407412430484044816e-35,1.645692091151202929e-37,-4.440892098500626162e-16,-5.421010862427522170e-19,-3.233203444049366788e-20,-1.941082683672966985e-22,9.999993676072892468e-01,7.952309799869057127e-04
2.059822012977869890e+05,1.521353401230412925e-37,-1.557865882859943049e-35,-2.806401683816499797e-19,5.747510648456191584e-16,-2.431727236979892090e-22,4.065739357750151992e-20,9.999994029913647844e-04,7.726631083837531833e-07,1.203706215242022007e-35,1.175494350822287926e-37,-4.440892098500626162e-16,-2.168404344971008868e-19,-3.141448688441396136e-20,-1.878907049143690006e-22,9.999994029913639171e-01,7.726631091049024520e-04
2.119985174181474140e+05,9.394734015789025323e-38,-1.603367938694659965e-35,-4.332556350745843018e-19,5.915383604218324663e-16,-2.422812149695446932e-22,4.065739957894867067e-20,9.999994363956061800e-04,7.507356900582351500e-07,1.203706215242022007e-35,7.052966104933725048e-38,-4.440892098500626162e-16,-3.252606517456512821e-19,-3.052297815596946253e-20,-1.818892577661598910e-22,9.999994363956056231e-01,7.507356906536847294e-04
2.181905577488135896e+05,1.933826971783613942e-37,-2.475298523883025846e-35,-7.431835673193557600e-19,1.217631956696032083e-15,-2.943545371666488084e-22,4.065736675690044241e-20,9.999994679307916672e-04,7.294305486293950480e-07,1.805559322863033880e-35,1.410593220986745010e-37,-8.881784197001252323e-16,-5.421010862427522170e-19,-2.965674114967970196e-20,-2.147113060022136197e-22,9.999994679307910861e-01,7.294305493901058783e-04
2.245634548322701885e+05,1.990310077173432008e-37,-2.547596898781992971e-35,-4.589342577617925903e-19,9.398973598961512250e-16,-2.501784621344323187e-22,5.420993131519825118e-20,9.999994977014992677e-04,7.087300251118477945e-07,1.805559322863033880e-35,1.410593220986745010e-37,-6.661338147750939243e-16,-3.252606517456512821e-19,-3.842022532085708239e-20,-1.773090769981405944e-22,9.999994977014986519e-01,7.087300258516294029e-04
2.311224911220028880e+05,1.707035781508966960e-38,4.167567825949625730e-42,-3.148925218616067963e-19,3.224499423862854087e-16,-5.293953409979655193e-23,-3.645507841345026876e-26,9.999995258064562145e-04,6.886169612307924126e-07,-2.869859254937225043e-42,1.175494350822288030e-38,-2.220446049250313081e-16,-2.168404344971008868e-19,2.510359724030730044e-26,-3.645507841345025237e-23,9.999995258064555692e-01,6.886169617202490866e-04
2.378731033610911109e+05,1.054136869825318088e-37,-1.799060257835209092e-35,-4.861348264082229914e-19,9.956041244840406864e-16,-1.950892178974505997e-22,5.420997809495968050e-20,9.999995523388655137e-04,6.690746849891127113e-07,1.203706215242022007e-35,7.052966104933725048e-38,-6.661338147750939243e-16,-3.252606517456512821e-19,-3.627054028726918982e-20,-1.305293155619117938e-22,9.999995523388650609e-01,6.690746856016591831e-04
2.448208870886886143e+05,1.446568050707106947e-37,-2.777410657357646139e-35,-5.003338240612295799e-19,1.024683671677397982e-15,-2.381891124534480895e-22,4.065742662449563928e-20,9.999995773867155924e-04,6.500869984549240144e-07,1.805559322863033880e-35,9.403954806578300064e-38,-6.661338147750939243e-16,-3.252606517456512821e-19,-2.643087563987297918e-20,-1.548437107978648030e-22,9.999995773867152993e-01,6.500869992079017726e-04
2.519716012781308091e+05,3.722048314881043134e-38,-4.764221843047735212e-36,-3.432983634729624795e-19,7.030750483926271581e-16,-6.577997813650818452e-23,2.032874918494202049e-20,9.999996010330715161e-04,6.316381633286738406e-07,3.009265538105056020e-36,2.350988701644575016e-38,-4.440892098500626162e-16,-2.168404344971008868e-19,-1.284041893311438973e-20,-4.154916119037548756e-23,9.999996010330710616e-01,6.316381639320476369e-04
2.593311731105099898e+05,5.746142527426997149e-38,-1.471012487021311003e-35,-5.299881030725219216e-19,1.085415635092525093e-15,-1.266724799730656890e-22,3.388124014960925105e-20,9.999996233563501584e-04,6.137128873984210031e-07,9.027796614315168061e-36,3.526483052466863046e-38,-6.661338147750939243e-16,-3.252606517456512821e-19,-2.079336156627814061e-20,-7.774056277002774094e-23,9.999996233563497317e-01,6.137128878037941123e-04
2.669057028876782279e+05,3.942650348793275960e-38,-5.046592446455393229e-36,-3.636453097815562997e-19,1.117118391648940953e-15,-1.180010637181480092e-22,2.032872037047898973e-20,9.999996444305817109e-04,5.962963123273823385e-07,3.009265538105056020e-36,2.350988701644575016e-38,-6.661338147750939243e-16,-2.168404344971008868e-19,-1.212194531136038006e-20,-7.036362422255296069e-23,9.999996444305812027e-01,5.962963128151738948e-04
2.747014690887480974e+05,2.028903525101070012e-38,-5.193993024258739231e-36,-1.871333203889329087e-19,3.832490401565344985e-16,-6.079152333677827991e-23,1.355249193502878937e-20,9.999996643256531953e-04,5.793740021076132507e-07,3.009265538105056020e-36,1.175494350822288030e-38,-2.220446049250313081e-16,-1.084202172485503953e-19,-7.851964133384485871e-21,-3.522104002293767853e-23,9.999996643256526818e-01,5.793740026058813442e-04
2.827249335742840776e+05,4.176327241828548990e-38,-2.672849434770271020e-36,-1.925990994951814069e-19,3.944429557661314228e-16,-8.703846391596261200e-23,1.355247815932275996e-20,9.999996831075417831e-04,5.629319301814206256e-07,1.504632769052528010e-36,2.350988701644575016e-38,-2.220446049250313081e-16,-1.084202172485503953e-19,-7.629125110871927283e-21,-4.899674604649375801e-23,9.999996831075413928e-01,5.629319304980127557e-04
2.909827469424970914e+05,1.074577291074646061e-38,-5.501835730302185830e-36,-3.964490455174816773e-19,4.059638226099011883e-16,-6.035218574991746351e-23,1.355249414604058969e-20,9.999997008385333713e-04,5.469564672289095597e-07,3.009265538105056020e-36,5.877471754111437540e-39,-2.220446049250313081e-16,-2.168404344971008868e-19,-7.412626546523674265e-21,-3.301002822135631128e-23,9.999997008385330677e-01,5.469564678703123977e-04
2.994817540418824065e+05,1.658945222866797912e-38,-8.493799541078006648e-36,-2.040142530568459104e-19,4.178211902604202765e-16,-3.367205089591824804e-23,1.355250926157850021e-20,9.999997175774281467e-04,5.314343725082437686e-07,4.513898307157584031e-36,8.816207631167156310e-39,-2.220446049250313081e-16,-1.084202172485503953e-19,-7.202271294221359625e-21,-1.789449030466747017e-23,9.999997175774277824e-01,5.314343728622921564e-04
3.082289996448709862e+05,3.414799196336754770e-38,-2.913961980874030959e-36,-6.299192683793317064e-19,4.300248872136238111e-16,-8.290826016540921276e-23,6.776220768112419089e-21,9.999997333797368271e-04,5.163527789786570565e-07,1.504632769052528010e-36,1.763241526233431001e-38,-2.220446049250313081e-16,-3.252606517456512821e-19,-3.498921360318527663e-21,-4.280992198552633852e-23,9.999997333797363552e-01,5.163527793988701830e-04
3.172317342871963046e+05,-0.000000000000000000e+00,-2.999072812437116988e-36,-4.322119424175611844e-19,4.425850290355827021e-16,-6.313848365275929073e-23,2.032875905756936028e-20,9.999997482978632401e-04,5.016991859729813541e-07,1.504632769052528010e-36,0.000000000000000000e+00,-2.220446049250313081e-16,-2.168404344971008868e-19,-1.019892444936548926e-20,-3.167653386015312230e-23,9.999997482978632002e-01,5.016991865264336034e-04
3.264974202778161853e+05,-0.000000000000000000e+00,-0.000000000000000000e+00,-0.000000000000000000e+00,-0.000000000000000000e+00,-0.000000000000000000e+00,-0.000000000000000000e+00,9.999997623812806151e-04,4.874614476513272621e-07,0.000000000000000000e+00,0.000000000000000000e+00,0.000000000000000000e+00,0.000000000000000000e+00,0.000000000000000000e+00,0.000000000000000000e+00,9.999997623812802994e-01,4.874614480514941951e-04
3.360337378843735205e+05,1.240947195528522876e-38,-3.176824820553017893e-36,-4.578287064980452546e-19,9.376331909079966814e-16,-5.935840044060493545e-23,1.355249904227611937e-20,9.999997756766926954e-04,4.736277618988538052e-07,1.504632769052528010e-36,5.877471754111437540e-39,-4.440892098500626162e-16,-2.168404344971008868e-19,-6.418841237211157765e-21,-2.811379269125980791e-23,9.999997756766925150e-01,4.736277624733505271e-04
3.458485916993201827e+05,-0.000000000000000000e+00,-1.634806667302200082e-36,3.646295415056259970e-44,-1.087772317344046005e-41,-2.335142787118804122e-23,-6.776274324052352451e-21,9.999997882281907308e-04,4.601866629982965225e-07,7.523163845262640051e-37,0.000000000000000000e+00,5.005784190509137820e-42,1.677976875453208890e-44,3.118351730508849033e-21,-1.074601794875758928e-23,9.999997882281903561e-01,4.601866632024162853e-04
3.559501171919839107e+05,-0.000000000000000000e+00,-1.682556005080873847e-36,-2.424818751203908907e-19,9.932057604931210885e-16,-5.899924955202414977e-23,1.355250077590555037e-20,9.999998000773981099e-04,4.471270087513801172e-07,7.523163845262640051e-37,0.000000000000000000e+00,-4.440892098500626162e-16,-1.084202172485503953e-19,-6.059690348630372369e-21,-2.638016326274270991e-23,9.999998000773979712e-01,4.471270090561140029e-04
3.663466874520052806e+05,6.764453135672351384e-39,-3.463400005464243908e-36,-1.247821357923498933e-19,5.111076282054653600e-16,-3.530137328710594285e-23,2.032877539784318906e-20,9.999998112636106565e-04,4.344379744836147058e-07,1.504632769052528010e-36,2.938735877055718770e-39,-2.220446049250313081e-16,-5.421010862427522170e-20,-8.831593685409055753e-21,-1.533626002094303136e-23,9.999998112636104830e-01,4.344379750244548120e-04
3.770469201297392137e+05,2.088608666484549917e-38,-0.000000000000000000e+00,-1.284267651359075939e-19,1.052072059993355009e-15,-6.152051617900141895e-23,2.032876476573236020e-20,9.999998218239243477e-04,4.221090428302431974e-07,0.000000000000000000e+00,8.816207631167156310e-39,-4.440892098500626162e-16,-5.421010862427522170e-20,-8.580956975607635066e-21,-2.596837085443870884e-23,9.999998218239241066e-01,4.221090432976565775e-04
3.880596845793692046e+05,1.074806313292311956e-38,-0.000000000000000000e+00,-3.965335398022112004e-19,5.414004596766190913e-16,-2.924892409362172117e-23,6.776251582171307319e-21,9.999998317933595643e-04,4.101299939662795243e-07,0.000000000000000000e+00,4.408103815583578155e-39,-2.220446049250313081e-16,-1.626303258728256892e-19,-2.779144491924828047e-21,-1.199586309684646066e-23,9.999998317933594949e-01,4.101299945483653916e-04
3.993941092106585857e+05,7.374661289309595613e-39,-3.775826580126512954e-36,9.147257637383233192e-44,5.572136527224301488e-16,-3.187033413482261215e-23,1.355251445602866970e-20,9.999998412049779673e-04,3.984908993892589098e-07,1.504632769052528010e-36,2.938735877055718770e-39,-2.220446049250313081e-16,3.645099502348347834e-44,-5.400554533125723871e-21,-1.270004013221939939e-23,9.999998412049778684e-01,3.984908994612564948e-04
4.110595890554303769e+05,-0.000000000000000000e+00,-0.000000000000000000e+00,-0.000000000000000000e+00,5.734887165883238161e-16,-0.000000000000000000e+00,-0.000000000000000000e+00,9.999998500899911352e-04,3.871821103729188888e-07,0.000000000000000000e+00,0.000000000000000000e+00,-2.220446049250313081e-16,0.000000000000000000e+00,0.000000000000000000e+00,0.000000000000000000e+00,9.999998500899909271e-01,3.871821105029975068e-04
4.230657935550495167e+05,-3.905874997414966935e-39,-1.999807998676463071e-36,-1.441013529224297031e-19,-8.892025131567856121e-42,-3.156815869792290804e-23,1.355251528030722046e-20,9.999998584778635631e-04,3.761942539703965775e-07,7.523163845262640051e-37,-1.469367938527859059e-39,3.345129233669036730e-42,-5.421010862427522170e-20,-5.098379096226021271e-21,-1.187576158985797950e-23,9.999998584778633237e-01,3.761942539257514075e-04
4.354226745753596188e+05,-0.000000000000000000e+00,-2.058218274051027949e-36,2.300173004283089809e-44,6.074788119880241246e-16,-3.142347169489977115e-23,1.355251567021577012e-20,9.999998663964117587e-04,3.655182219119978981e-07,7.523163845262640051e-37,0.000000000000000000e+00,-2.220446049250313081e-16,8.407552591403463989e-45,-4.953692093202883864e-21,-1.148585303746277041e-23,9.999998663964115853e-01,3.655182219975973944e-04
4.481404746557218023e+05,2.068686126310160897e-39,1.010100647612382932e-42,8.197618557947568581e-45,2.520833747539535844e-47,-1.323488813155688021e-23,-4.700307128080209020e-27,9.999998738718959661e-04,3.551451652761273255e-07,-3.587324068671531702e-43,7.346839692639296925e-40,-8.952620312682164309e-48,2.911344966288802958e-45,1.669291563228553026e-27,-4.700307128080207734e-24,9.999998738718955948e-01,3.551451654534282091e-04
4.612297354989894084e+05,-2.661385237523654098e-40,1.090103393289689053e-36,1.571004555460720994e-19,4.078054619256100797e-42,2.338261462166783885e-24,-6.776262771178641022e-21,9.999998809291062510e-04,3.450664856075035839e-07,-3.761581922631320025e-37,-9.183549615799121156e-41,-1.407200145392116984e-42,5.421010862427522170e-20,2.338261462166783106e-21,8.068557625464323394e-25,9.999998809291060775e-01,3.450664861600684125e-04
4.747013067094577127e+05,-0.000000000000000000e+00,-0.000000000000000000e+00,-3.233780729756739810e-19,-0.000000000000000000e+00,-0.000000000000000000e+00,-0.000000000000000000e+00,9.999998875914466352e-04,3.352738295880897113e-07,0.000000000000000000e+00,0.000000000000000000e+00,0.000000000000000000e+00,-1.084202172485503953e-19,0.000000000000000000e+00,0.000000000000000000e+00,9.999998875914464236e-01,3.352738299895383881e-04
4.885663547860311810e+05,1.353178965641397045e-38,-3.464138152041977102e-36,-4.992349213022773343e-19,1.363244158436084913e-15,-2.867720618105408907e-23,6.776254236173113771e-21,9.999998938810109907e-04,3.257590792671293837e-07,1.128474576789396008e-36,4.408103815583578155e-39,-4.440892098500626162e-16,-1.626303258728256892e-19,-2.207426579357204134e-21,-9.341861290835472259e-24,9.999998938810108484e-01,3.257590798945539270e-04
5.028363723780632718e+05,-0.000000000000000000e+00,-0.000000000000000000e+00,-1.712721819209360015e-19,-0.000000000000000000e+00,-0.000000000000000000e+00,-0.000000000000000000e+00,9.999998998186569819e-04,3.165143489525235054e-07,0.000000000000000000e+00,0.000000000000000000e+00,0.000000000000000000e+00,-5.421010862427522170e-20,0.000000000000000000e+00,0.000000000000000000e+00,9.999998998186567789e-01,3.165143491805261266e-04
5.175231878115392756e+05,7.166902562139754692e-39,-3.669454111815553734e-36,-3.525493796400141903e-19,1.444042259005497926e-15,-1.636076513073641935e-23,1.016439033559272026e-20,9.999999054240756718e-04,3.075319741085991154e-07,1.128474576789396008e-36,2.204051907791789077e-39,-4.440892098500626162e-16,-1.084202172485503953e-19,-3.125875329887971053e-21,-5.031458888505788696e-24,9.999999054240756857e-01,3.075319749684862010e-04
5.326389748934998643e+05,1.536715215442129919e-40,6.294385522450964983e-37,1.814233106779930043e-19,1.765632737823391002e-42,-1.012389065278780035e-24,3.388131486510754174e-21,9.999999107158559237e-04,2.988045113561100227e-07,-1.880790961315660013e-37,4.591774807899560578e-41,-5.275790754246934824e-43,5.421010862427522170e-20,-1.012389065278779923e-21,-3.025064474553675857e-25,9.999999107158559219e-01,2.988045118435150079e-04
5.481962630028314888e+05,5.061118412213270099e-39,-6.478231567632985727e-37,1.703014079872385120e-44,7.648145905814522738e-16,-2.083599146017575898e-23,3.388125739813185944e-21,9.999999157115468506e-04,2.903247251495599812e-07,1.880790961315660013e-37,1.469367938527859059e-39,-2.220446049250313081e-16,4.944271372484457027e-45,-9.836567589030943081e-22,-6.049204014895597321e-24,9.999999157115466719e-01,2.903247256834170110e-04
5.642079474757885328e+05,1.627794769867862076e-40,-0.000000000000000000e+00,4.069410334608709280e-46,8.360951551009789664e-49,-9.557431467829876099e-25,3.388131519415813079e-21,9.999999204277150618e-04,2.820855873331141158e-07,0.000000000000000000e+00,4.591774807899560578e-41,-2.358504119356028834e-49,1.147922097020819959e-46,-9.557431467829873939e-22,-2.696013886675051125e-25,9.999999204277150167e-01,2.820855876625215169e-04
5.806873002948543290e+05,-0.000000000000000000e+00,-0.000000000000000000e+00,-0.000000000000000000e+00,-0.000000000000000000e+00,6.617444403321765634e-24,1.813711074600180136e-27,9.999999248800012577e-04,2.740802678147247207e-07,0.000000000000000000e+00,0.000000000000000000e+00,0.000000000000000000e+00,0.000000000000000000e+00,-4.971024555153163601e-28,1.813711074600179134e-24,9.999999248800010010e-01,2.740802684256440219e-04
5.976479810898024589e+05,-0.000000000000000000e+00,-0.000000000000000000e+00,-0.000000000000000000e+00,-0.000000000000000000e+00,-6.617444431136000722e-24,-1.762239688203643088e-27,9.999999290831694532e-04,2.663021323456860046e-07,0.000000000000000000e+00,0.000000000000000000e+00,0.000000000000000000e+00,0.000000000000000000e+00,4.692882200972196772e-28,-1.762239688203643028e-24,9.999999290831692589e-01,2.663021324273772230e-04
6.151040484600760974e+05,-0.000000000000000000e+00,-0.000000000000000000e+00,-2.095119173458471032e-19,-0.000000000000000000e+00,-0.000000000000000000e+00,-0.000000000000000000e+00,9.999999330511592354e-04,2.587447314184033150e-07,0.000000000000000000e+00,0.000000000000000000e+00,0.000000000000000000e+00,-5.421010862427522170e-20,0.000000000000000000e+00,0.000000000000000000e+00,9.999999330511591955e-01,2.587447324320227889e-04
6.330699716278710403e+05,-0.000000000000000000e+00,7.481214578617092360e-37,-2.156313292066473961e-19,1.485507272723418894e-42,8.517824445233085024e-25,-3.388131574877544049e-21,9.999999367971291325e-04,2.514018038191068172e-07,-1.880790961315660013e-37,0.000000000000000000e+00,-3.734592320734292669e-43,-5.421010862427522170e-20,8.517824445233081997e-22,2.141396568473953877e-25,9.999999367971289521e-01,2.514018041696028166e-04
6.515606424315809272e+05,9.399078927786501358e-41,7.699725457642701912e-37,-2.391685028074636109e-45,1.443347335378448084e-42,8.276096724965397410e-25,-3.388131586859242111e-21,9.999999403335019330e-04,2.442672606406404157e-07,-1.880790961315660013e-37,2.295887403949780034e-41,-3.525625215278680050e-43,-5.842103861835514650e-46,8.276096724965397351e-22,2.021579600586761933e-25,9.999999403335017023e-01,2.442672611435240120e-04
6.705913876695464132e+05,-0.000000000000000000e+00,-0.000000000000000000e+00,1.142057898480715032e-19,-0.000000000000000000e+00,-0.000000000000000000e+00,-0.000000000000000000e+00,9.999999436720048013e-04,2.373351897233532972e-07,0.000000000000000000e+00,0.000000000000000000e+00,0.000000000000000000e+00,2.710505431213761085e-20,0.000000000000000000e+00,0.000000000000000000e+00,9.999999436720046209e-01,2.373351895855912075e-04
6.901779818043402629e+05,-0.000000000000000000e+00,-0.000000000000000000e+00,-2.350830117924347904e-19,9.629000163018130986e-16,-1.401619175755443025e-23,3.388128556885402956e-21,9.999999468237093930e-04,2.305998441087808979e-07,0.000000000000000000e+00,0.000000000000000000e+00,-2.220446049250313081e-16,-5.421010862427522170e-20,-7.813019567059894737e-22,-3.232131798390327132e-24,9.999999468237092959e-01,2.305998435541876891e-04
7.103366600381177850e+05,1.639512247537168109e-39,-8.394302707390302390e-37,-2.419493026882439140e-19,9.910243438110470718e-16,-7.376574605196182036e-24,3.388130136253973026e-21,9.999999497990678509e-04,2.240556398191984044e-07,1.880790961315660013e-37,3.673419846319648055e-40,-2.220446049250313081e-16,-5.421010862427522170e-20,-7.591297047719603552e-22,-1.652763228410764046e-24,9.999999497990675890e-01,2.240556401715608037e-04
7.310841317698718049e+05,-0.000000000000000000e+00,-0.000000000000000000e+00,1.245080719040101093e-19,-0.000000000000000000e+00,-0.000000000000000000e+00,-0.000000000000000000e+00,9.999999526079466315e-04,2.176971545253537062e-07,0.000000000000000000e+00,0.000000000000000000e+00,0.000000000000000000e+00,2.710505431213761085e-20,0.000000000000000000e+00,0.000000000000000000e+00,9.999999526079464962e-01,2.176971549962652117e-04
7.524375944457463920e+05,-0.000000000000000000e+00,-0.000000000000000000e+00,-0.000000000000000000e+00,-0.000000000000000000e+00,-7.334099250435345525e-24,3.388130237714931137e-21,9.999999552596611999e-04,2.115191168883256978e-07,0.000000000000000000e+00,0.000000000000000000e+00,0.000000000000000000e+00,0.000000000000000000e+00,-7.166543500111234682e-22,-1.551302270712781941e-24,9.999999552596610108e-01,2.115191175269286108e-04
7.744147478138894076e+05,-4.468523642177454666e-40,4.575768209589714414e-37,-1.318875392233087966e-19,6.071792978101924049e-43,-4.005038981619171104e-24,3.388130965915945989e-21,9.999999577630048694e-04,2.055164065595249932e-07,-9.403954806578300064e-38,-9.183549615799121156e-41,-1.247853128602633951e-43,-2.710505431213761085e-20,-6.963165314070603455e-22,-8.231012554962467942e-25,9.999999577630047654e-01,2.055164068336126041e-04
7.970338085956600262e+05,-0.000000000000000000e+00,-1.122812504898625998e-43,1.357397027758126992e-19,-1.406546065478314962e-49,3.308722318281037085e-24,6.606990902942357260e-28,9.999999601262798098e-04,1.996840470752659067e-07,2.242077542919707065e-44,0.000000000000000000e+00,2.808648222862216963e-50,2.710505431213761085e-20,-1.319310736666519093e-28,6.606990902942357288e-25,9.999999601262796745e-01,1.996840473131497031e-04
8.203135255853524432e+05,4.733368512704277718e-40,-0.000000000000000000e+00,5.597707689347333912e-46,7.910104295195778486e-49,3.966078184065652703e-24,-3.388131019529770123e-21,9.999999623573230679e-04,1.940172049685884039e-07,0.000000000000000000e+00,9.183549615799121156e-41,-1.534696380941059056e-49,1.086051638740707961e-46,6.573557338535422212e-22,7.694874313239626443e-25,9.999999623573228025e-01,1.940172045649361126e-04
8.442731951909508789e+05,-9.743240928242561956e-40,-9.977078710520383443e-37,2.875697149628524805e-19,-1.113876624193212050e-42,-4.586123785094840054e-24,6.776262713498758982e-21,9.999999644635332394e-04,1.885111817756524033e-07,1.880790961315660013e-37,-1.836709923159824027e-40,2.099782058043043996e-43,5.421010862427522170e-20,-1.277401334882728991e-21,-8.645356434229481140e-25,9.999999644635332308e-01,1.885111813837635978e-04
8.689326774287984008e+05,5.013910470470899894e-40,1.224099235954809943e-43,2.959690344232618957e-19,8.339807847274494560e-49,3.308722339210744123e-24,6.060302820722484589e-28,9.999999664518954053e-04,1.831614140357374064e-07,-2.242077542919707065e-44,9.183549615799121156e-41,-1.527531047926410983e-49,5.421010862427522170e-20,-1.110013670340732085e-28,6.060302820722484653e-25,9.999999664518953724e-01,1.831614138663694965e-04
8.943124123854370555e+05,-1.290089118756515039e-40,-5.284205030426687270e-37,1.523068403582650992e-19,-5.257743748869006762e-43,-6.029636819557719440e-25,3.388131681711690976e-21,9.999999683290032495e-04,1.779634670739937974e-07,9.403954806578300064e-38,-2.295887403949780034e-41,9.356863390847885217e-44,2.710505431213761085e-20,-6.029636819557718992e-22,-1.073055110933550017e-25,9.999999683290032859e-01,1.779634676284756051e-04
9.204334371602642350e+05,-5.311079865939931295e-40,-6.483251789477455195e-44,-1.567554096672409001e-19,-6.891781789280081616e-49,-3.308722351284887980e-24,-5.721212379575233077e-28,9.999999701010816103e-04,1.729130350014428966e-07,1.121038771459853906e-44,-9.183549615799121156e-41,1.191678935370585030e-49,-2.710505431213761085e-20,9.892722210279703437e-29,-5.721212379575232381e-25,9.999999701010816588e-01,1.729130341291837891e-04
9.473174033030492719e+05,6.832756971079710486e-41,-5.597394510708498830e-37,6.679497824957802958e-46,-4.963546397977034235e-43,-5.692262223497283611e-25,3.388131693383819872e-21,9.999999717740077308e-04,1.680059265041222981e-07,9.403954806578300064e-38,1.147943701974890017e-41,8.339052378322058151e-44,1.122195256317398058e-46,-5.692262223497283119e-22,-9.563338191466112362e-26,9.999999717740077898e-01,1.680059270996788075e-04
9.749865947607645066e+05,-0.000000000000000000e+00,-0.000000000000000000e+00,-3.320922880709744214e-19,-0.000000000000000000e+00,-0.000000000000000000e+00,-0.000000000000000000e+00,9.999999733533290400e-04,1.632380781657616088e-07,0.000000000000000000e+00,0.000000000000000000e+00,0.000000000000000000e+00,-5.421010862427522170e-20,0.000000000000000000e+00,0.000000000000000000e+00,9.999999733533289081e-01,1.632380790732802973e-04
1.003463946348604979e+06,-3.618863778251101133e-41,2.964573207143302048e-37,-1.708960101248401054e-19,-1.399980114942689946e-15,2.686882326296479778e-25,-1.694065851893157970e-21,9.999999748442826679e-04,1.586055384805717949e-07,-4.701977403289150032e-38,-5.739718509874450723e-42,2.220446049250313081e-16,-2.710505431213761085e-20,2.686882326296480021e-22,4.261544276626913801e-26,9.999999748442826020e-01,1.586055380139664978e-04
1.032773062760511995e+06,-0.000000000000000000e+00,-0.000000000000000000e+00,-0.000000000000000000e+00,-0.000000000000000000e+00,5.221262334453377723e-25,-3.388131708555216024e-21,9.999999762518136607e-04,1.541044651887091012e-07,0.000000000000000000e+00,0.000000000000000000e+00,0.000000000000000000e+00,0.000000000000000000e+00,5.221262334453377253e-22,8.046198527744529663e-26,9.999999762518134716e-01,1.541044640405771909e-04
1.062938238134948071e+06,-0.000000000000000000e+00,-0.000000000000000000e+00,-1.810248435605312924e-19,-0.000000000000000000e+00,-0.000000000000000000e+00,-0.000000000000000000e+00,9.999999775805892919e-04,1.497311270526324998e-07,0.000000000000000000e+00,0.000000000000000000e+00,0.000000000000000000e+00,-2.710505431213761085e-20,0.000000000000000000e+00,0.000000000000000000e+00,9.999999775805892277e-01,1.497311262439778978e-04
1.093984476192156086e+06,3.156251549857227936e-40,3.852846130196811943e-44,2.098672710999725031e-46,2.479909941737039090e-49,1.654361190091527062e-24,2.406796136439958991e-28,9.999999788350164096e-04,1.454819003043895084e-07,-5.605193857299268284e-45,4.591774807899560578e-41,-3.607820167832597987e-50,3.053188990855535898e-47,-3.501452812769282088e-29,2.406796136439959051e-25,9.999999788350163454e-01,1.454818995945499874e-04
1.125937510959581006e+06,3.248439161018186943e-40,-0.000000000000000000e+00,2.039113236605258084e-46,-1.570848790080868002e-15,1.893822932176446131e-24,-1.694065626810545959e-21,9.999999800192548808e-04,1.413532624283674902e-07,0.000000000000000000e+00,4.591774807899560578e-41,2.220446049250313081e-16,2.882353132131244021e-47,2.394617070703911805e-22,2.676980543438782126e-25,9.999999800192548305e-01,1.413532619374419108e-04
1.158823828102640109e+06,-3.343319382548539177e-40,-0.000000000000000000e+00,-1.981243855854908886e-46,1.616730049912387071e-15,-2.119693282195523175e-24,3.388131497894724078e-21,9.999999811372321194e-04,1.373417912731156056e-07,0.000000000000000000e+00,-4.591774807899560578e-41,-2.220446049250313081e-16,-2.721075848483727776e-47,-4.653320570894673582e-22,-2.911224773937081855e-25,9.999999811372320968e-01,1.373417910730912004e-04
1.192670686878523091e+06,6.881941720109787948e-40,-7.047108321392422859e-37,2.031190682256795978e-19,1.663951406904767068e-15,-3.760848798354486099e-24,3.388131287153876091e-21,9.999999821926554462e-04,1.334441614986303913e-07,9.403954806578300064e-38,9.183549615799121156e-41,-2.220446049250313081e-16,2.710505431213761085e-20,-4.521263481423754755e-22,-5.018633249433554012e-25,9.999999821926554011e-01,1.334441619205978930e-04
1.227506142731212080e+06,-0.000000000000000000e+00,-3.626469925089429974e-37,2.090517581222793105e-19,-1.915274884921979052e-43,1.874008942520552061e-24,-1.694065651529950082e-21,9.999999831890248828e-04,1.296571436881777117e-07,4.701977403289150032e-38,0.000000000000000000e+00,2.483290752719613777e-44,2.710505431213761085e-20,2.196477174144965027e-22,2.429786509556157809e-25,9.999999831890248325e-01,1.296571437615982023e-04
1.263359070546458010e+06,-0.000000000000000000e+00,8.898715131582899108e-44,-2.151577296793192042e-19,1.762572121532982921e-15,-3.308722397701509984e-24,-4.168249052783432937e-28,9.999999841296448606e-04,1.259775972428656132e-07,-1.121038771459853906e-44,0.000000000000000000e+00,-2.220446049250313081e-16,-2.710505431213761085e-20,5.251060100448286194e-29,-4.168249052783432721e-25,9.999999841296447478e-01,1.259775975623528071e-04
1.300259188585995929e+06,-3.751374145157253230e-40,-1.920703562320514072e-37,-4.428840881948594961e-19,-1.814053225246144102e-15,1.861719055862529072e-24,-1.694065666629579953e-21,9.999999850176341954e-04,1.224024739343577114e-07,2.350988701644575016e-38,-4.591774807899560578e-41,2.220446049250313081e-16,-5.421010862427522170e-20,2.073578307564735046e-22,2.278790205752129173e-25,9.999999850176342076e-01,1.224024733718323988e-04
1.338237083120812895e+06,3.860944062367645816e-40,-7.907213439728938632e-37,1.139549552022470990e-19,3.734075972067233728e-15,-2.258780913179996085e-24,5.082197414891676713e-21,9.999999858559382310e-04,1.189288081349104951e-07,9.403954806578300064e-38,4.591774807899560578e-41,-4.440892098500626162e-16,1.355252715606881144e-20,-6.044196880739410081e-22,-2.686341248711064065e-25,9.999999858559384114e-01,1.189288077936410975e-04
1.377324233783914009e+06,-0.000000000000000000e+00,-0.000000000000000000e+00,3.518500346600677026e-19,-1.921570322623516019e-15,5.354594846301750911e-24,-3.388131170273831815e-21,9.999999866473372953e-04,1.155537212582657958e-07,0.000000000000000000e+00,0.000000000000000000e+00,2.220446049250313081e-16,4.065758146820642229e-20,3.915111709835843793e-22,6.187433700357099911e-25,9.999999866473373578e-01,1.155537215296848999e-04
1.417553039663590956e+06,-0.000000000000000000e+00,-0.000000000000000000e+00,-1.207089499828861949e-19,-0.000000000000000000e+00,-0.000000000000000000e+00,-0.000000000000000000e+00,9.999999873944551577e-04,1.122744173187583973e-07,0.000000000000000000e+00,0.000000000000000000e+00,0.000000000000000000e+00,-1.355252715606881144e-20,0.000000000000000000e+00,0.000000000000000000e+00,9.999999873944550588e-01,1.122744169935473065e-04
1.458956846158816013e+06,-0.000000000000000000e+00,-0.000000000000000000e+00,2.484692199058280994e-19,-2.035459849468544185e-15,-0.000000000000000000e+00,-0.000000000000000000e+00,9.999999880997698706e-04,1.090881749377104048e-07,0.000000000000000000e+00,0.000000000000000000e+00,2.220446049250313081e-16,2.710505431213761085e-20,0.000000000000000000e+00,0.000000000000000000e+00,9.999999880997698654e-01,1.090881759915946934e-04
1.501569972619028063e+06,-2.166087662319547894e-40,2.218073766215217043e-37,-1.368834350077346092e-46,7.828480630764107072e-44,-1.833919244388636947e-24,1.694065700127175092e-21,9.999999887656200580e-04,1.059923562252152029e-07,-2.350988701644575016e-38,-2.295887403949780034e-41,-8.297591267838848024e-45,-1.450859813804130025e-47,-1.795580192825812009e-22,-1.943814263059048937e-25,9.999999887656201292e-01,1.059923574698895022e-04
1.545427740791223943e+06,-0.000000000000000000e+00,-2.721380156751152133e-44,-1.315978694593350085e-19,2.156099493221743991e-15,-1.654361207560254919e-24,-1.703733904167450968e-28,9.999999893942140231e-04,1.029843961219966976e-07,2.802596928649634142e-45,0.000000000000000000e+00,-2.220446049250313081e-16,-1.355252715606881144e-20,1.754580077763303090e-29,-1.703733904167450977e-25,9.999999893942141949e-01,1.029843953250434005e-04
1.590566504097926896e+06,2.294469484239868938e-40,-0.000000000000000000e+00,-1.354415723542695082e-19,-2.219074721452350833e-15,1.654361208541989965e-24,1.655383558754540960e-28,9.999999899876369034e-04,1.000617952939819985e-07,0.000000000000000000e+00,2.295887403949780034e-41,2.220446049250313081e-16,-1.355252715606881144e-20,-1.656406540751705931e-29,1.655383558754541073e-25,9.999999899876368392e-01,1.000617962771957947e-04
1.637023677770304028e+06,-0.000000000000000000e+00,-0.000000000000000000e+00,-1.393975418991522043e-19,-0.000000000000000000e+00,-0.000000000000000000e+00,-0.000000000000000000e+00,9.999999905478558753e-04,9.722213611951247003e-08,0.000000000000000000e+00,0.000000000000000000e+00,0.000000000000000000e+00,-1.355252715606881144e-20,0.000000000000000000e+00,0.000000000000000000e+00,9.999999905478559326e-01,9.722213780335525963e-05
1.684837769861409906e+06,-3.038075458399500014e-41,-2.488791415520869994e-37,2.869381143434925921e-19,-2.350597032701892103e-15,1.600266586205104951e-25,-1.694065879391991967e-21,9.999999910767290445e-04,9.446306492577605241e-08,2.350988701644575016e-38,-2.869859254937225043e-42,2.220446049250313081e-16,2.710505431213761085e-20,1.600266586205104936e-22,1.511660897062422880e-26,9.999999910767291000e-01,9.446306612939019218e-05
1.734048413165269885e+06,-0.000000000000000000e+00,2.561483890011742154e-37,-1.476594930249268066e-19,6.778934778549171877e-44,-1.554852544578135100e-25,1.694065880237806984e-21,9.999999915760104333e-04,9.178229376516355842e-08,-2.350988701644575016e-38,0.000000000000000000e+00,-6.221861919842688264e-45,-1.355252715606881144e-20,-1.554852544578134991e-22,-1.427079350090995980e-26,9.999999915760103830e-01,9.178229427900457622e-05
1.784696398068244103e+06,-0.000000000000000000e+00,-0.000000000000000000e+00,-0.000000000000000000e+00,-0.000000000000000000e+00,-0.000000000000000000e+00,-0.000000000000000000e+00,9.999999920473556184e-04,8.917760041526889836e-08,0.000000000000000000e+00,0.000000000000000000e+00,0.000000000000000000e+00,0.000000000000000000e+00,0.000000000000000000e+00,0.000000000000000000e+00,9.999999920473555681e-01,8.917760017808183800e-05
1.836823706359917065e+06,-0.000000000000000000e+00,-0.000000000000000000e+00,-1.564111216261769900e-19,-0.000000000000000000e+00,-0.000000000000000000e+00,-0.000000000000000000e+00,9.999999924923278025e-04,8.664682482617536152e-08,0.000000000000000000e+00,0.000000000000000000e+00,0.000000000000000000e+00,-1.355252715606881144e-20,0.000000000000000000e+00,0.000000000000000000e+00,9.999999924923277383e-01,8.664682481282530912e-05
1.890473546031536069e+06,2.727099967814383181e-40,8.322448632246042422e-45,1.609795685430190939e-19,-2.637489251008826018e-15,8.271806066903043341e-25,6.963857424023364293e-29,9.999999929124023679e-04,8.418787089681245561e-08,-7.006492321624085355e-46,2.295887403949780034e-41,2.220446049250313081e-16,1.355252715606881144e-20,-5.862723307327480724e-30,6.963857424023364661e-26,9.999999929124023801e-01,8.418787044016865894e-05
1.945690387090835022e+06,1.403376472299934931e-40,-0.000000000000000000e+00,3.313629007818526900e-19,-2.714524883204936842e-15,9.657529929535651726e-25,-1.694065815511261935e-21,9.999999933089727313e-04,8.179869936952854914e-08,0.000000000000000000e+00,1.147943701974890017e-41,2.220446049250313081e-16,2.710505431213761085e-20,1.385723804005374904e-22,7.899733876167655516e-26,9.999999933089728232e-01,8.179869884897320281e-05
2.002519998422940960e+06,-0.000000000000000000e+00,-5.916123997972623232e-37,-3.410413290591635843e-19,5.587621135305336165e-15,-1.029140357700314973e-24,2.541098759969572977e-21,9.999999936833542467e-04,7.947732960644771083e-08,4.701977403289150032e-38,0.000000000000000000e+00,-4.440892098500626162e-16,-2.710505431213761085e-20,-2.019597451472873050e-22,-8.179332800289603844e-26,9.999999936833540159e-01,7.947732967057027334e-05
2.061009485727908090e+06,9.290957340411451770e-42,-1.522230450653012049e-37,1.755012221525230102e-19,-2.875412023746935816e-15,6.540944165800815014e-26,-8.470329422032628976e-22,9.999999940367874582e-04,7.722183958946970961e-08,1.175494350822288030e-38,7.174648137343062607e-43,2.220446049250313081e-16,1.355252715606881144e-20,6.540944165800815345e-23,5.051037385728599125e-27,9.999999940367875206e-01,7.722183873724880075e-05
2.121207330566328950e+06,9.562327080459467503e-42,-0.000000000000000000e+00,1.806272516119942020e-19,9.241635546322002741e-52,-6.355318398900179936e-26,8.470329424858822083e-22,9.999999943704456894e-04,7.503035703848581761e-08,0.000000000000000000e+00,7.174648137343062607e-43,-6.934032134700483079e-53,1.355252715606881144e-20,-6.355318398900179385e-23,-4.768418077443587274e-27,9.999999943704455108e-01,7.503035648732746905e-05
2.183163430545391049e+06,-0.000000000000000000e+00,-0.000000000000000000e+00,1.859030018409111998e-19,-0.000000000000000000e+00,-0.000000000000000000e+00,-0.000000000000000000e+00,9.999999946854343930e-04,7.290106651680616778e-08,0.000000000000000000e+00,0.000000000000000000e+00,0.000000000000000000e+00,1.355252715606881144e-20,0.000000000000000000e+00,0.000000000000000000e+00,9.999999946854344346e-01,7.290106641548884357e-05
2.246929140678680036e+06,1.620652243478632100e-40,-6.638191589288477918e-37,7.952269193751428235e-47,-3.134797346812308989e-15,1.007172238846746935e-24,-2.541098770422670973e-21,9.999999949827989565e-04,7.083220410208923568e-08,4.701977403289150032e-38,1.147943701974890017e-41,2.220446049250313081e-16,5.632767531781872200e-48,1.799916262937195995e-22,7.134022940704472684e-26,9.999999949827989010e-01,7.083220356709184207e-05
2.312557315954025835e+06,-0.000000000000000000e+00,1.708019875504034929e-37,-1.969212844764511886e-19,2.541553414903832833e-44,-5.829454645239023427e-26,8.470329432423499687e-22,9.999999952635251366e-04,6.882205205727132125e-08,-1.175494350822288030e-38,0.000000000000000000e+00,-1.749149248424826859e-45,-1.355252715606881144e-20,-5.829454645239023042e-23,-4.011950388944420165e-27,9.999999952635250100e-01,6.882205307521380611e-05
2.380102355144658126e+06,-1.072941662840131059e-41,-0.000000000000000000e+00,2.026729498668262886e-19,-7.340458647829650575e-52,5.664020273036972608e-26,-8.470329434668295169e-22,9.999999955285436126e-04,6.686894948870758526e-08,0.000000000000000000e+00,-7.174648137343062607e-43,4.908487552388199850e-53,1.355252715606881144e-20,5.664020273036972691e-23,3.787470829891061667e-27,9.999999955285436837e-01,6.686894873920993978e-05
2.449620245899999980e+06,-0.000000000000000000e+00,-0.000000000000000000e+00,2.085926095644230949e-19,-0.000000000000000000e+00,5.503280770714822275e-26,-8.470329436787488610e-22,9.999999957787338890e-04,6.497127102988997649e-08,0.000000000000000000e+00,0.000000000000000000e+00,0.000000000000000000e+00,1.355252715606881144e-20,5.503280770714822945e-23,3.575551513945133307e-27,9.999999957787338856e-01,6.497127164361176418e-05
2.521168611153477803e+06,-0.000000000000000000e+00,-0.000000000000000000e+00,-0.000000000000000000e+00,-0.000000000000000000e+00,4.135903046283255197e-25,2.610890089035527229e-29,9.999999960149251639e-04,6.312745171044298331e-08,0.000000000000000000e+00,0.000000000000000000e+00,0.000000000000000000e+00,0.000000000000000000e+00,-1.648188311171810027e-30,2.610890089035527040e-26,9.999999960149250633e-01,6.312744881621973792e-05
2.594806756885793060e+06,9.357837138269253109e-41,-9.582425229587715184e-38,-2.209556822695775933e-19,3.620137898304759288e-15,-4.655438768516153431e-25,8.470329186997232685e-22,9.999999962379010985e-04,6.133595320534368511e-08,5.877471754111437540e-39,5.739718509874450723e-42,-2.220446049250313081e-16,-1.355252715606881144e-20,-5.195357057510158062e-23,-2.855457695663781902e-26,9.999999962379009233e-01,6.133595192427800460e-05
2.670595721283270977e+06,-0.000000000000000000e+00,-9.862308146741179330e-38,4.776256312326502790e-48,-1.100406895484129017e-44,-5.047917921985245272e-26,8.470329442459786759e-22,9.999999964484006850e-04,5.959529758570170088e-08,5.877471754111437540e-39,0.000000000000000000e+00,6.557907489814673889e-46,2.846424097524417859e-49,-5.047917921985243941e-23,-3.008321638514688119e-27,9.999999964484006520e-01,5.959529600765027031e-05
2.748598325332025066e+06,4.956233333893074064e-41,-2.030073173562603136e-37,1.423861835543388881e-47,-2.138356323269536897e-44,3.154970485396278176e-25,1.694065912777153987e-21,9.999999966471223665e-04,5.790403889704975882e-08,1.175494350822288030e-38,2.869859254937225043e-42,1.238194667454899009e-45,8.244735046153210858e-49,-9.809325773688604817e-23,1.826855322700517888e-26,9.999999966471222468e-01,5.790403824794688315e-05
2.828879224889867008e+06,-0.000000000000000000e+00,-0.000000000000000000e+00,-0.000000000000000000e+00,3.946703493265776251e-15,-0.000000000000000000e+00,-0.000000000000000000e+00,9.999999968347249042e-04,5.626077737019841152e-08,0.000000000000000000e+00,0.000000000000000000e+00,-2.220446049250313081e-16,0.000000000000000000e+00,0.000000000000000000e+00,0.000000000000000000e+00,9.999999968347249579e-01,5.626077677258292144e-05
2.911504964279129170e+06,-0.000000000000000000e+00,-0.000000000000000000e+00,-0.000000000000000000e+00,-0.000000000000000000e+00,-0.000000000000000000e+00,-0.000000000000000000e+00,9.999999970118308469e-04,5.466414876309499959e-08,0.000000000000000000e+00,0.000000000000000000e+00,0.000000000000000000e+00,0.000000000000000000e+00,0.000000000000000000e+00,0.000000000000000000e+00,9.999999970118308434e-01,5.466414949277590270e-05
2.996544031444832217e+06,-0.000000000000000000e+00,-0.000000000000000000e+00,-1.275824161397975917e-19,-0.000000000000000000e+00,-4.498831945143288770e-26,8.470329448648432557e-22,9.999999971790269650e-04,5.311283146625100926e-08,0.000000000000000000e+00,0.000000000000000000e+00,0.000000000000000000e+00,-6.776263578034402713e-21,-4.498831945143289091e-23,-2.389457103568889033e-27,9.999999971790269893e-01,5.311283297451979311e-05
3.084066914723899215e+06,1.390286378500296045e-41,-4.555690405069769245e-37,1.548888176492763951e-47,-3.811513142700541827e-44,8.742318755445809052e-26,-1.694065889997080067e-21,9.999999973368681530e-04,5.160554295002838692e-08,2.350988701644575016e-38,7.174648137343062607e-43,1.966951995835096154e-45,7.993121303838007932e-49,8.742318755445808785e-23,4.511520931570809233e-27,9.999999973368680628e-01,5.160554134159994912e-05
3.174146161272483878e+06,-0.000000000000000000e+00,1.172188186170780941e-37,-1.351440967282388100e-19,9.258364373727987773e-45,-1.643240522565910943e-25,-8.470329554936769056e-22,9.999999974858776470e-04,5.014102555378485704e-08,-5.877471754111437540e-39,0.000000000000000000e+00,-4.642238826311613721e-46,-6.776263578034402713e-21,4.247110088166583869e-23,-8.239376467479024921e-27,9.999999974858775342e-01,5.014102520973914227e-05
3.266856437199849170e+06,-0.000000000000000000e+00,-0.000000000000000000e+00,-0.000000000000000000e+00,-0.000000000000000000e+00,-2.067951526474388034e-25,-1.007466088087223027e-29,9.999999976265496263e-04,4.871807490758329302e-08,0.000000000000000000e+00,0.000000000000000000e+00,0.000000000000000000e+00,0.000000000000000000e+00,4.908180417440470302e-31,-1.007466088087222994e-26,9.999999976265494528e-01,4.871807065099161168e-05
3.362274589458617847e+06,-0.000000000000000000e+00,-1.241662592766557034e-37,1.431539504666456923e-19,4.690868648891047624e-15,1.667004261353702963e-25,8.470329551451480968e-22,9.999999977593507314e-04,4.733549729962759804e-08,5.877471754111437540e-39,0.000000000000000000e+00,-2.220446049250313081e-16,6.776263578034402713e-21,-4.009472700288663128e-23,7.890847736871343880e-27,9.999999977593506673e-01,4.733549818752653059e-05
3.460479709542726167e+06,-0.000000000000000000e+00,-1.277929001348676027e-37,2.844661202184857051e-48,4.827879266764853820e-15,-2.457520290727085023e-25,8.470329359516331724e-22,9.999999978847209318e-04,4.599216296696795325e-08,5.877471754111437540e-39,0.000000000000000000e+00,-2.220446049250313081e-16,1.308321185935459980e-49,-3.895687593445163284e-23,-1.130266711113100012e-26,9.999999978847209370e-01,4.599216181396689166e-05
3.561553199045849033e+06,-0.000000000000000000e+00,-1.315254677077206991e-37,2.685494267381605018e-48,-8.251285676494174314e-45,3.785131730845134241e-26,-8.470329455628404224e-22,9.999999980030767777e-04,4.468694925208183122e-08,5.877471754111437540e-39,0.000000000000000000e+00,3.687247750866730795e-46,1.200065430479137064e-49,3.785131730845132891e-23,1.691459853468917082e-27,9.999999980030765956e-01,4.468694804747357292e-05
3.665578837134663016e+06,-3.304859763098566874e-41,1.353670558965172992e-37,-4.492538257701067896e-48,8.017120903593776418e-45,1.700180197899327970e-25,8.470329546362743353e-22,9.999999981148096663e-04,4.341877613001088321e-08,-5.877471754111437540e-39,-1.434929627468612999e-42,-3.480935693555340025e-46,-1.950605081792458149e-49,-3.677713334832408954e-23,7.381974161934911754e-27,9.999999981148098849e-01,4.341877500478681699e-05
3.772642849992855918e+06,-4.251734892854267226e-42,-0.000000000000000000e+00,-1.606260028164988060e-19,-7.304015147246034782e-53,3.573343293748368227e-26,-8.470329457468286101e-22,9.999999982202914788e-04,4.218659199750617765e-08,0.000000000000000000e+00,-1.793662034335765851e-43,3.081315039149506859e-54,-6.776263578034402713e-21,3.573343293748368135e-23,1.507471741104261937e-27,9.999999982202915083e-01,4.218659150546078110e-05
3.882833982293461915e+06,-0.000000000000000000e+00,-0.000000000000000000e+00,-0.000000000000000000e+00,-0.000000000000000000e+00,2.067951527908144004e-25,8.476404328433726841e-30,9.999999983198708947e-04,4.098937722574191866e-08,0.000000000000000000e+00,0.000000000000000000e+00,0.000000000000000000e+00,0.000000000000000000e+00,-3.474425264298626838e-31,8.476404328433726796e-27,9.999999983198709641e-01,4.098937620054692764e-05
3.996243570758746006e+06,3.602984731018823150e-41,-1.475782545825309962e-37,3.928389633491243205e-48,-5.575348824327584016e-15,2.573962277634259202e-25,-1.270549410630353035e-21,9.999999984138788125e-04,3.982613705488802225e-08,5.877471754111437540e-39,1.434929627468612999e-42,2.220446049250313081e-16,1.564525829045956974e-49,5.060107462516895773e-23,1.025109737592360946e-26,9.999999984138787656e-01,3.982613672600501039e-05
4.112965619868631009e+06,4.635275623595951178e-42,-0.000000000000000000e+00,2.180499136092866045e-49,6.145295116123351343e-53,-1.638835487271399116e-26,4.235164729929878003e-22,9.999999985026266150e-04,3.869591225225121889e-08,0.000000000000000000e+00,1.793662034335765851e-43,-2.377977802111445036e-54,8.437639600981432747e-51,-1.638835487271399084e-23,-6.341622877995004127e-28,9.999999985026265525e-01,3.869590888013899808e-05
4.233096879780406132e+06,-0.000000000000000000e+00,-0.000000000000000000e+00,-0.000000000000000000e+00,-0.000000000000000000e+00,1.592326896303473997e-26,-4.235164730284709907e-22,9.999999985864087716e-04,3.759775424327926885e-08,0.000000000000000000e+00,0.000000000000000000e+00,0.000000000000000000e+00,0.000000000000000000e+00,1.592326896303474082e-23,5.986791792443464773e-28,9.999999985864088670e-01,3.759775582437686707e-05
4.356736926524309441e+06,-3.928002972139308940e-41,-0.000000000000000000e+00,-1.646795256662191920e-48,6.078290192054033239e-15,-2.377379163595711032e-25,8.470329385695517206e-22,9.999999986655032716e-04,3.653076774412510779e-08,0.000000000000000000e+00,-1.434929627468612999e-42,-2.220446049250313081e-16,-6.015869440323708763e-50,-3.094276322131421052e-23,-8.684748514108430085e-27,9.999999986655030426e-01,3.653076730673138152e-05
4.483988244541460648e+06,4.042731853825258889e-41,-8.279514836634130205e-38,-1.909126140573387088e-19,-3.276923911030081738e-45,-2.218274715408637990e-25,4.235164657535928053e-22,9.999999987401718415e-04,3.549406102365538325e-08,2.938735877055718770e-39,1.434929627468612999e-42,1.163113304793682063e-46,-6.776263578034402713e-21,-1.503231840260692142e-23,-7.873557352047776725e-27,9.999999987401717583e-01,3.549405890729825182e-05
4.614956311632562429e+06,-2.600507331247027150e-42,-8.521342423030258566e-38,7.025533635743497760e-49,-3.183928225554113243e-45,1.460571576995006125e-26,-4.235164731234461852e-22,9.999999988106623300e-04,3.448677077244610700e-08,2.938735877055718770e-39,-8.968310171678829254e-44,1.098034046973421994e-46,2.422879720808024204e-50,1.460571576995006130e-23,5.037039801056041379e-28,9.999999988106625937e-01,3.448677130516639145e-05
4.749749686387764290e+06,8.564680952601368827e-41,-1.754046659092759918e-37,4.531010882731250271e-48,-6.187141722515310902e-45,-2.209863723667709001e-25,4.235164662223233876e-22,9.999999988772091414e-04,3.350806920821015162e-08,5.877471754111437540e-39,2.869859254937225043e-42,2.073191754863404831e-46,1.518254280339306925e-49,-1.419121922851402876e-23,-7.404826746747111261e-27,9.999999988772092507e-01,3.350806956613257693e-05
4.888480098170185462e+06,-0.000000000000000000e+00,-1.805278751596267068e-37,-4.162689389050276198e-19,1.364030059003994978e-14,-2.343721252431959829e-25,8.470329396238136715e-22,9.999999989400323690e-04,3.255713920680137314e-08,5.877471754111437540e-39,0.000000000000000000e+00,-4.440892098500626162e-16,-1.355252715606881144e-20,-2.757697210493904842e-23,-7.630486676087686457e-27,9.999999989400325529e-01,3.255714245062997313e-05
5.031262539727664553e+06,-0.000000000000000000e+00,9.290036140345985746e-38,-2.142136488955936102e-19,2.920477279680259275e-45,-2.201923349823356791e-25,4.235164666617615911e-22,9.999999989993406131e-04,3.163320627663779305e-08,-2.938735877055718770e-39,0.000000000000000000e+00,-9.238404706144480029e-47,-6.776263578034402713e-21,-1.339718184407879936e-23,-6.965388561353451308e-27,9.999999989993404448e-01,3.163320174129698084e-05
5.178215362509516068e+06,1.167160519291530883e-41,3.561891233189487894e-46,3.463863284595277747e-49,7.224373695520516075e-15,1.033975764714519042e-25,3.177974311052726252e-30,9.999999990553303311e-04,3.073547816256905207e-08,-1.094764425253762972e-47,3.587324068671531702e-43,-2.220446049250313081e-16,1.064635063132436055e-50,-9.767657102194780614e-32,3.177974311052725983e-27,9.999999990553303242e-01,3.073548158962922851e-05
5.329460374767276458e+06,-1.201250875657371928e-41,-0.000000000000000000e+00,-1.134549374544436997e-19,-7.320084648603545732e-53,1.033975764769171953e-25,3.087786425420650925e-30,9.999999991081871386e-04,2.986323721643203251e-08,0.000000000000000000e+00,-3.587324068671531702e-43,2.186014293665196988e-54,-3.388131789017200980e-21,-9.221130063082803617e-32,3.087786425420650872e-27,9.999999991081870432e-01,2.986323788117268831e-05
5.485122942520787939e+06,-0.000000000000000000e+00,-0.000000000000000000e+00,1.167687226496745038e-19,-7.652555007569065128e-15,-0.000000000000000000e+00,-0.000000000000000000e+00,9.999999991580864594e-04,2.901574447378152068e-08,0.000000000000000000e+00,0.000000000000000000e+00,2.220446049250313081e-16,3.388131789017200980e-21,0.000000000000000000e+00,0.000000000000000000e+00,9.999999991580864611e-01,2.901574761873215963e-05
5.645332093473293819e+06,-0.000000000000000000e+00,-0.000000000000000000e+00,-0.000000000000000000e+00,-0.000000000000000000e+00,-0.000000000000000000e+00,-0.000000000000000000e+00,9.999999992051937427e-04,2.819231070816385909e-08,0.000000000000000000e+00,0.000000000000000000e+00,0.000000000000000000e+00,0.000000000000000000e+00,0.000000000000000000e+00,0.000000000000000000e+00,9.999999992051936681e-01,2.819230832308358020e-05
5.810220623961661942e+06,2.619226758994807242e-41,-2.145670560968546093e-37,-1.236894865771237015e-19,-5.057875213158906022e-45,-1.265997041112964087e-25,8.470329437864511329e-22,9.999999992496653306e-04,2.739223958769798959e-08,5.877471754111437540e-39,7.174648137343062607e-43,1.385465189387833005e-46,-3.388131789017200980e-21,-2.320212754216796034e-23,-3.467849158806248739e-27,9.999999992496652057e-01,2.739223745069374898e-05
5.979925209030424245e+06,2.695728981389442186e-41,1.645342395867579148e-45,-2.546044037722765794e-19,8.342877102809960530e-15,-2.067951529917733101e-25,-5.503826495418967755e-30,9.999999992916484576e-04,2.661487030763964867e-08,-4.379057701015052860e-47,7.174648137343062607e-43,-2.220446049250313081e-16,-6.776263578034402713e-21,1.464836368426920079e-31,-5.503826495418968658e-27,9.999999992916486224e-01,2.661487182796435071e-05
6.154586515720838681e+06,-0.000000000000000000e+00,-0.000000000000000000e+00,-1.310204371731654081e-19,-0.000000000000000000e+00,-1.095195266836540053e-26,4.235164733439374222e-22,9.999999993312827691e-04,2.585957048495401978e-08,0.000000000000000000e+00,0.000000000000000000e+00,0.000000000000000000e+00,-3.388131789017200980e-21,-1.095195266836539963e-23,-2.832127551097844151e-28,9.999999993312826962e-01,2.585956710153177121e-05
6.334349319668900222e+06,2.855502107867427939e-41,-0.000000000000000000e+00,-1.348472744595677116e-19,8.837350978982226392e-15,-1.140387231811856980e-25,4.235164707618477067e-22,9.999999993686992366e-04,2.512570063117891881e-08,0.000000000000000000e+00,7.174648137343062607e-43,-2.220446049250313081e-16,-3.388131789017200980e-21,-1.064114661205731063e-23,-2.865302430009137142e-27,9.999999993686992106e-01,2.512569720416678955e-05
6.519362625108934008e+06,1.469452723434880014e-41,2.242206914420898849e-46,-1.387858857862078923e-19,9.095471810884923584e-15,-5.169878825375289840e-26,-1.262104622123010952e-30,9.999999994040223265e-04,2.441265678498893976e-08,-5.473822126268816683e-48,3.587324068671531702e-43,-2.220446049250313081e-16,-3.388131789017200980e-21,3.081132326285491750e-32,-1.262104622123010998e-27,9.999999994040221774e-01,2.441265383583155892e-05
6.709779788382251747e+06,-0.000000000000000000e+00,-6.194677403100515291e-38,-1.428395358427336080e-19,-1.094945337682675030e-45,-1.004574551573126059e-26,4.235164733888666031e-22,9.999999994373686991e-04,2.371985630134076928e-08,1.469367938527859059e-39,0.000000000000000000e+00,2.597193475847862123e-47,-3.388131789017200980e-21,-1.004574551573126055e-23,-2.382835363151843156e-28,9.999999994373687251e-01,2.371984595946367161e-05
6.905758645053234883e+06,-0.000000000000000000e+00,-0.000000000000000000e+00,-4.410347540209707764e-19,-0.000000000000000000e+00,-0.000000000000000000e+00,-0.000000000000000000e+00,9.999999994688495934e-04,2.304670232433636887e-08,0.000000000000000000e+00,0.000000000000000000e+00,0.000000000000000000e+00,-1.016439536705159955e-20,0.000000000000000000e+00,0.000000000000000000e+00,9.999999994688495430e-01,2.304669931106942925e-05
7.107461640738224611e+06,-0.000000000000000000e+00,6.561829658779335572e-38,-1.513054904634740971e-19,1.033680124641471958e-45,9.483658671960046814e-27,-4.235164734147858773e-22,9.999999994985688759e-04,2.239265484149655094e-08,-1.469367938527859059e-39,0.000000000000000000e+00,-2.314684337789111942e-47,-3.388131789017200980e-21,9.483658671960047893e-24,2.123643056456916156e-28,9.999999994985689922e-01,2.239265592372008835e-05
7.315055965755646117e+06,-8.244002925653020446e-42,-6.753487196694954350e-38,3.654939187862036816e-50,-1.004345269717017069e-45,6.091330972680969745e-26,-4.235164723018487028e-22,9.999999995266254261e-04,2.175717384034215105e-08,1.469367938527859059e-39,-1.793662034335765851e-43,2.185171446325549938e-47,7.952114668317932510e-52,9.214521442245465289e-24,1.325301458866956934e-27,9.999999995266254382e-01,2.175717366505681082e-05
7.528713693708994426e+06,2.121198320556164032e-42,-6.950742656798439346e-38,-1.602732136402209935e-19,1.050366532912551988e-14,-8.953022119145056889e-27,4.235164734378857989e-22,9.999999995531120515e-04,2.113972641382133919e-08,1.469367938527859059e-39,4.484155085839414627e-44,-2.220446049250313081e-16,-3.388131789017200980e-21,-8.953022119145057509e-24,-1.892644326564941999e-28,9.999999995531120289e-01,2.113972578792058999e-05
7.748611924117537215e+06,2.183154157371374877e-42,-0.000000000000000000e+00,-3.299089286306593124e-19,4.328570765609167854e-54,-8.698943874111857877e-27,4.235164734484755924e-22,9.999999995781165725e-04,2.053980097116437140e-08,0.000000000000000000e+00,4.484155085839414627e-44,-8.890797998613499329e-56,-6.776263578034402713e-21,-8.698943874111857430e-24,-1.786745717558358893e-28,9.999999995781165829e-01,2.053980049373503003e-05
7.974932929212971590e+06,5.617298991635845860e-43,-0.000000000000000000e+00,7.028516985721320813e-51,1.112620693501344964e-14,-4.226038063897264677e-27,2.117582367292363979e-22,9.999999996017220390e-04,1.995690723788356991e-08,0.000000000000000000e+00,1.121038771459853906e-44,-2.220446049250313081e-16,1.402674142606603082e-52,-4.226038063897264952e-24,-8.433862121899120296e-29,9.999999996017220338e-01,1.995690050827977078e-05
8.207864305023705587e+06,-0.000000000000000000e+00,3.788877812807071084e-38,-1.747311483485210919e-19,4.475489010118727619e-46,-4.106107126552384931e-27,2.117582367339553964e-22,9.999999996240067305e-04,1.939054072863655165e-08,-7.346839692639296925e-40,0.000000000000000000e+00,-8.678216065022920848e-48,-3.388131789017200980e-21,-4.106107126552385063e-24,-7.961964547290152952e-29,9.999999996240068745e-01,1.939054266950317122e-05
8.447599126872003078e+06,-0.000000000000000000e+00,-0.000000000000000000e+00,1.798346855372440970e-19,-0.000000000000000000e+00,-0.000000000000000000e+00,-0.000000000000000000e+00,9.999999996450450231e-04,1.884025380149978115e-08,0.000000000000000000e+00,0.000000000000000000e+00,0.000000000000000000e+00,3.388131789017200980e-21,0.000000000000000000e+00,0.000000000000000000e+00,9.999999996450447126e-01,1.884025752703238931e-05
8.694336109412876889e+06,-4.899219681855592228e-42,7.475615969628284039e-47,-5.157559947257625717e-50,-6.089233726805353145e-54,-2.584939413362011910e-26,-4.731883838539690277e-31,9.999999996649054385e-04,1.830559881454973947e-08,-1.368455531567204019e-48,-8.968310171678829254e-44,1.114670096792935070e-55,-9.441217242684419179e-52,8.661992055090911644e-33,-4.731883838539689723e-28,9.999999996649052703e-01,1.830558895304900061e-05
8.948279771347392350e+06,-0.000000000000000000e+00,-0.000000000000000000e+00,-0.000000000000000000e+00,-0.000000000000000000e+00,3.766351855309538905e-27,-2.117582367465863889e-22,9.999999996836549804e-04,1.778609259872609982e-08,0.000000000000000000e+00,0.000000000000000000e+00,0.000000000000000000e+00,0.000000000000000000e+00,3.766351855309539342e-24,6.698868726872450553e-29,9.999999996836549387e-01,1.778609376420767013e-05
9.209640604946905747e+06,2.075836588177139098e-41,-4.251313332586780874e-38,1.960572225584440102e-19,-3.988668413834745622e-46,-5.535825464408140596e-26,2.117582358569101981e-22,9.999999997013550145e-04,1.728135146095155836e-08,7.346839692639296925e-40,3.587324068671531702e-43,6.892954042911528390e-48,3.388131789017200980e-21,-3.659466359517183808e-24,-9.566648955674662055e-28,9.999999997013551134e-01,1.728134135428426840e-05
9.478635250528758392e+06,1.068233751079509014e-41,-8.750970888843336802e-38,-4.035673009574390763e-19,-7.750947887542013332e-46,-3.296062254056514775e-26,4.235164730737113014e-22,9.999999997180651721e-04,1.679090644302050019e-08,1.469367938527859059e-39,1.793662034335765851e-43,1.301454942979455030e-47,-6.776263578034402713e-21,-7.111228398283035758e-24,-5.534389567764468425e-28,9.999999997180653022e-01,1.679091333724922846e-05
9.755486676028041169e+06,1.374293325212385969e-42,-0.000000000000000000e+00,1.149136872566060075e-50,1.365414105198371058e-54,6.909418512794564536e-27,-4.235164735144272202e-22,9.999999997338403137e-04,1.631439516813771082e-08,0.000000000000000000e+00,2.242077542919707065e-44,-2.227591625374418929e-56,1.874748227655967874e-52,6.909418512794564651e-24,1.127230395285249089e-28,9.999999997338403501e-01,1.631440320047004123e-05
1.004042436181429029e+07,-0.000000000000000000e+00,-0.000000000000000000e+00,-0.000000000000000000e+00,-0.000000000000000000e+00,-0.000000000000000000e+00,-0.000000000000000000e+00,9.999999997487329147e-04,1.585141262694378053e-08,0.000000000000000000e+00,0.000000000000000000e+00,0.000000000000000000e+00,0.000000000000000000e+00,0.000000000000000000e+00,0.000000000000000000e+00,9.999999997487326597e-01,1.585141596775555887e-05
1.033368449090629071e+07,-0.000000000000000000e+00,-0.000000000000000000e+00,-2.199861609142602827e-19,1.441701304167695873e-14,-0.000000000000000000e+00,-0.000000000000000000e+00,9.999999997627915475e-04,1.540156802093406110e-08,0.000000000000000000e+00,0.000000000000000000e+00,-2.220446049250313081e-16,-3.388131789017200980e-21,0.000000000000000000e+00,0.000000000000000000e+00,9.999999997627917470e-01,1.540156787196278855e-05
1.063551014474265091e+07,8.989593910100748265e-42,9.144687815450793079e-47,-1.132057519351169070e-19,7.536161236804511191e-54,2.584939413649351115e-26,3.868228977043721001e-31,9.999999997760641336e-04,1.496448476245859969e-08,-1.368455531567204019e-48,1.345246525751823990e-43,-1.127747796252036032e-55,-1.694065894508601054e-21,-5.788605852744553875e-33,3.868228977043719873e-28,9.999999997760641302e-01,1.496448603689483970e-05
1.094615150467048027e+07,-0.000000000000000000e+00,-2.526456885153812018e-38,1.165122589342343896e-19,-1.677950600351427923e-46,2.892831827812857883e-26,-2.117582363929628935e-22,9.999999997885938244e-04,1.453980758014949970e-08,3.673419846319648055e-40,0.000000000000000000e+00,2.439707985002740138e-48,1.694065894508601054e-21,3.078924135846474005e-24,4.206121984823004852e-28,9.999999997885938852e-01,1.453980816822617060e-05
1.126586605931906030e+07,3.174132678814280194e-42,-0.000000000000000000e+00,-2.398306843938208095e-19,2.047684573588389991e-54,-2.584939413712316114e-26,-3.651791021827996881e-31,9.999999998004226870e-04,1.412718120263888936e-08,0.000000000000000000e+00,4.484155085839414627e-44,-2.892801317392109035e-56,-3.388131789017200980e-21,5.158951732625680813e-33,-3.651791021827996906e-28,9.999999998004226454e-01,1.412718225319922038e-05
1.159491881803054921e+07,9.800527682840375769e-42,4.984806153788439824e-47,1.234178225170173068e-19,-1.617662083295049875e-14,2.584939413741182019e-26,3.548156668852420180e-31,9.999999998115897525e-04,1.372626456941362035e-08,-6.842277657836020854e-49,1.345246525751823990e-43,2.220446049250313081e-16,1.694065894508601054e-21,-4.870294320941644212e-33,3.548156668852420201e-28,9.999999998115897126e-01,1.372626626884327997e-05
1.193358253052451089e+07,-0.000000000000000000e+00,-0.000000000000000000e+00,1.270226030780107897e-19,-0.000000000000000000e+00,-2.824161984643243862e-27,2.117582367759099888e-22,9.999999998221316671e-04,1.333673083081520996e-08,0.000000000000000000e+00,0.000000000000000000e+00,0.000000000000000000e+00,1.694065894508601054e-21,-2.824161984643243977e-24,-3.766507993710032263e-29,9.999999998221317243e-01,1.333672789847387080e-05
1.228213791297841072e+07,-1.730232505429101887e-42,-0.000000000000000000e+00,-1.307326718593593951e-19,-8.614186575460732824e-55,-1.292469706897078950e-26,-1.674813815857246023e-31,9.999999998320839925e-04,1.295823892633051979e-08,0.000000000000000000e+00,-2.242077542919707065e-44,1.116247337323666948e-56,-1.694065894508601054e-21,2.170264651324376925e-33,-1.674813815857246002e-28,9.999999998320839856e-01,1.295824425623761000e-05
1.264087388071144931e+07,1.780769035521503917e-42,2.717237908205418823e-47,-1.345511041132617002e-19,-1.763588231833343126e-14,1.292469706909222041e-26,1.627284194054143034e-31,9.999999998414792549e-04,1.259051884971995936e-08,-3.421138828918010047e-49,2.242077542919707065e-44,2.220446049250313081e-16,-1.694065894508601054e-21,-2.048832428383120156e-33,1.627284194054143031e-28,9.999999998414791369e-01,1.259050161947414960e-05
1.301008778766459972e+07,1.832781633636998015e-42,-0.000000000000000000e+00,1.384810649137029032e-19,7.677180464675048655e-55,1.551517690872151886e-26,-2.117582366237749003e-22,9.999999998503488960e-04,1.223320111876092018e-08,0.000000000000000000e+00,2.242077542919707065e-44,-9.391644698355262365e-57,1.694065894508601054e-21,2.590479837580466126e-24,1.898001872292916921e-28,9.999999998503488197e-01,1.223319516867357021e-05
1.339008567287543043e+07,-0.000000000000000000e+00,-0.000000000000000000e+00,1.425258117799649954e-19,-0.000000000000000000e+00,-0.000000000000000000e+00,-0.000000000000000000e+00,9.999999998587224062e-04,1.188602993806853026e-08,0.000000000000000000e+00,0.000000000000000000e+00,0.000000000000000000e+00,1.694065894508601054e-21,0.000000000000000000e+00,0.000000000000000000e+00,9.999999998587223438e-01,1.188602873481337995e-05
1.378118251415185072e+07,-0.000000000000000000e+00,-0.000000000000000000e+00,-0.000000000000000000e+00,-0.000000000000000000e+00,-0.000000000000000000e+00,-0.000000000000000000e+00,9.999999998666271074e-04,1.154872109054850047e-08,0.000000000000000000e+00,0.000000000000000000e+00,0.000000000000000000e+00,0.000000000000000000e+00,0.000000000000000000e+00,0.000000000000000000e+00,9.999999998666271317e-01,1.154871455386595039e-05
1.418370248915519938e+07,3.996226596371249039e-42,-3.273708827747327213e-38,3.019463445864933061e-19,-1.978835563882041900e-14,2.822552760282713786e-26,-2.117582364968571985e-22,9.999999998740894541e-04,1.122097614825179004e-08,3.673419846319648055e-40,4.484155085839414627e-44,2.220446049250313081e-16,3.388131789017200980e-21,2.376133460545024031e-24,3.167178839799703164e-28,9.999999998740897178e-01,1.122097302827277998e-05
1.459797924410906993e+07,8.225896299388429163e-42,-0.000000000000000000e+00,3.071764468631048855e-50,-2.036633277604474929e-14,4.108279226679797051e-26,-2.117582363656685965e-22,9.999999998811348167e-04,1.090253931579355016e-08,0.000000000000000000e+00,8.968310171678829254e-44,2.220446049250313081e-16,3.349001194079435126e-52,2.308701053374801971e-24,4.479064777350588003e-28,9.999999998811347490e-01,1.090253249518788042e-05
1.502435617035645060e+07,-0.000000000000000000e+00,-0.000000000000000000e+00,-0.000000000000000000e+00,-0.000000000000000000e+00,-2.243182319653646022e-27,2.117582367898127956e-22,9.999999998877857465e-04,1.059312637607945031e-08,0.000000000000000000e+00,0.000000000000000000e+00,0.000000000000000000e+00,0.000000000000000000e+00,-2.243182319653646102e-24,-2.376231968818879100e-29,9.999999998877856511e-01,1.059312900129816059e-05
1.546318668899467960e+07,2.178359210455172971e-42,1.661956184734476935e-47,1.645921683696623035e-19,5.987667709655700050e-55,1.292469706977187053e-26,1.330275232390189901e-31,9.999999998940643613e-04,1.029250995543407043e-08,-1.710569414459005024e-49,2.242077542919707065e-44,-6.162810633733532229e-57,1.694065894508601054e-21,-1.369186592426656078e-33,1.330275232390190066e-28,9.999999998940642953e-01,1.029250608403425038e-05
1.591483454382387921e+07,-0.000000000000000000e+00,-0.000000000000000000e+00,-0.000000000000000000e+00,2.220354002256914906e-14,-0.000000000000000000e+00,-0.000000000000000000e+00,9.999999998999919114e-04,1.000042004761781010e-08,0.000000000000000000e+00,0.000000000000000000e+00,-2.220446049250313081e-16,0.000000000000000000e+00,0.000000000000000000e+00,0.000000000000000000e+00,9.999999998999916651e-01,1.000041455899033025e-05
1.637967410285186023e+07,-0.000000000000000000e+00,1.760458644565431031e-47,-3.695232210973343839e-60,2.285205972439392060e-14,1.292469706992080044e-26,1.255842707081140042e-31,9.999999999055874788e-04,9.716629278955224436e-09,-1.710569414459005024e-49,0.000000000000000000e+00,-2.220446049250313081e-16,-3.590513880531999092e-62,-1.220253671244109937e-33,1.255842707081140105e-28,9.999999999055873001e-01,9.716612313376778412e-06
1.685809066860537976e+07,2.968580944636487057e-43,-0.000000000000000000e+00,8.312320561296752573e-52,-2.351952135184079092e-14,9.995903684710944527e-28,-1.058791183973504974e-22,9.999999999108699286e-04,9.440881854061444756e-09,0.000000000000000000e+00,2.802596928649634142e-45,2.220446049250313081e-16,7.847548882617437768e-54,9.995903684710945159e-25,9.436996830577893021e-30,9.999999999108699633e-01,9.440864105334430018e-06
1.735048079750492051e+07,-1.222114833482867982e-42,-0.000000000000000000e+00,-1.846807720914340046e-19,2.420647815956844100e-14,-9.376017371049634294e-27,3.176373551343570187e-22,9.999999999158572586e-04,9.172936188406310976e-09,0.000000000000000000e+00,-1.121038771459853906e-44,-2.220446049250313081e-16,-1.694065894508601054e-21,-2.913668835479104873e-24,-8.600565762607670496e-29,9.999999999158571962e-01,9.172941368944128348e-06
1.785725262856775895e+07,-0.000000000000000000e+00,-0.000000000000000000e+00,-0.000000000000000000e+00,-2.491349956166532868e-14,8.349669660408299332e-27,-2.117582367391577113e-22,9.999999999205652981e-04,8.912621751733240671e-09,0.000000000000000000e+00,0.000000000000000000e+00,2.220446049250313081e-16,0.000000000000000000e+00,1.887321124837771150e-24,7.441744972081922978e-29,9.999999999205652079e-01,8.912622024769884625e-06
1.837882622171176970e+07,2.589096683797702080e-42,-0.000000000000000000e+00,6.099621416345714253e-51,-2.564117160363340084e-14,1.475845781855755136e-26,-2.117582366857713893e-22,9.999999999250098765e-04,8.659696959512075409e-09,0.000000000000000000e+00,2.242077542919707065e-44,2.220446049250313081e-16,5.282083239101387205e-53,1.833760747416495041e-24,1.278036739616059001e-28,9.999999999250097638e-01,8.659690295778686196e-06
1.891563390594043955e+07,-0.000000000000000000e+00,-0.000000000000000000e+00,-0.000000000000000000e+00,-0.000000000000000000e+00,-0.000000000000000000e+00,-0.000000000000000000e+00,9.999999999292057389e-04,8.413948648922087159e-09,0.000000000000000000e+00,0.000000000000000000e+00,0.000000000000000000e+00,0.000000000000000000e+00,0.000000000000000000e+00,0.000000000000000000e+00,9.999999999292056296e-01,8.413936528484283861e-06
1.946812063769752905e+07,1.371274910997598061e-42,-0.000000000000000000e+00,2.879165472202224186e-51,1.714289269412557020e-55,7.327926953165068506e-27,-1.058791183468806004e-22,9.999999999331669800e-04,8.175177867997263093e-09,0.000000000000000000e+00,1.121038771459853906e-44,-1.401458395465699031e-57,2.353762982098974088e-53,8.655784175945400138e-25,5.990695347111259946e-29,9.999999999331666833e-01,8.175157019166778388e-06
2.003674436968867853e+07,-0.000000000000000000e+00,-0.000000000000000000e+00,2.132737106008575025e-19,-0.000000000000000000e+00,7.303362661643409481e-27,-1.058791183487758030e-22,9.999999999369061764e-04,7.943157243062159978e-09,0.000000000000000000e+00,0.000000000000000000e+00,0.000000000000000000e+00,1.694065894508601054e-21,8.410141260728819415e-25,5.801173321109702640e-29,9.999999999369062476e-01,7.943153845023900514e-06
2.062197643047545105e+07,2.905097972275482723e-42,-0.000000000000000000e+00,2.195029966996209990e-19,-2.877069678341271727e-14,1.374184401651676948e-26,-1.058791183007315974e-22,9.999999999404363387e-04,7.717744665569625795e-09,0.000000000000000000e+00,2.242077542919707065e-44,2.220446049250313081e-16,1.694065894508601054e-21,8.171469453757146725e-25,1.060559064161438917e-28,9.999999999404364237e-01,7.717734700114100327e-06
2.122430191515652090e+07,-1.494974952196234867e-42,1.224683480839156125e-38,-1.129571137116983941e-19,2.163451568662163896e-47,7.256305628875851179e-27,-1.058791183523746024e-22,9.999999999437693930e-04,7.498698550989502110e-09,-9.183549615799121156e-41,-1.121038771459853906e-44,-1.622310183246181093e-49,-8.470329472543003391e-22,7.939570933053214126e-25,5.441295143829560824e-29,9.999999999437694242e-01,7.498712735955364245e-06
2.184422008745991066e+07,-0.000000000000000000e+00,-0.000000000000000000e+00,-1.162563585000897088e-19,-0.000000000000000000e+00,-0.000000000000000000e+00,-0.000000000000000000e+00,9.999999999469155309e-04,7.285905212484067306e-09,0.000000000000000000e+00,0.000000000000000000e+00,0.000000000000000000e+00,-8.470329472543003391e-22,0.000000000000000000e+00,0.000000000000000000e+00,9.999999999469155743e-01,7.285906406647708026e-06
2.248224479357948899e+07,-0.000000000000000000e+00,-0.000000000000000000e+00,-1.196519674378120027e-19,3.136604535201780226e-14,-0.000000000000000000e+00,-0.000000000000000000e+00,9.999999999498860280e-04,7.079137276377878152e-09,0.000000000000000000e+00,0.000000000000000000e+00,-2.220446049250313081e-16,-8.470329472543003391e-22,0.000000000000000000e+00,0.000000000000000000e+00,9.999999999498858649e-01,7.079139318390977936e-06
2.313890488809880987e+07,2.037292166736480066e-43,-5.340639177569677260e-38,-1.231467551233180980e-19,-7.937756700812708467e-47,-1.456523992414375043e-27,2.117582368035566991e-22,9.999999999526899917e-04,6.878252634123782627e-09,3.673419846319648055e-40,1.401298464324817071e-45,5.459779631338285953e-49,-8.470329472543003391e-22,-1.456523992414375051e-24,-1.001832170734752941e-29,9.999999999526897332e-01,6.878240083273127770e-06
2.381474467235520855e+07,1.677437822004202878e-42,-1.374157063785842998e-38,-1.267436183636880881e-19,-1.928122666366697002e-47,-7.169943149280049912e-27,1.058791183588705018e-22,9.999999999553369628e-04,6.683052333755767904e-09,9.183549615799121156e-41,1.121038771459853906e-44,1.288572510273470052e-49,-8.470329472543003391e-22,-7.075946137095220979e-25,-4.791703247696152901e-29,9.999999999553368379e-01,6.683042177207899376e-06
2.451032434560776874e+07,8.632161640313479664e-43,-1.414293363148961030e-38,1.304455385757741901e-19,3.419551526440774928e-14,-7.149862287720567212e-27,1.058791183603606995e-22,9.999999999578358320e-04,6.493394266726681963e-09,9.183549615799121156e-41,5.605193857299268284e-45,-2.220446049250313081e-16,8.470329472543003391e-22,-6.875137521500395578e-25,-4.642679996688713077e-29,9.999999999578358389e-01,6.493383801904080145e-06
2.522622046938284114e+07,1.776857862796248155e-42,-0.000000000000000000e+00,-2.685111685149564803e-19,3.519429587959238209e-14,-7.130351301896339733e-27,1.058791183618013971e-22,9.999999999601948391e-04,6.309136324489372782e-09,0.000000000000000000e+00,1.121038771459853906e-44,-2.220446049250313081e-16,-1.694065894508601054e-21,-6.680027663258113559e-25,-4.498615466616895227e-29,9.999999999601950629e-01,6.309107750751925365e-06
2.596302644538221136e+07,9.143781118034628402e-43,-0.000000000000000000e+00,-1.381769135312097932e-19,4.819383891078451316e-56,-3.880219751612664186e-27,1.058791183830016023e-22,9.999999999624224409e-04,6.130022711658966728e-09,0.000000000000000000e+00,5.605193857299268284e-45,-2.954311857811213872e-58,-8.470329472543003391e-22,-6.490454838273994065e-25,-2.378598485238613016e-29,9.999999999624225033e-01,6.130061278515625706e-06
2.672135300734994933e+07,-0.000000000000000000e+00,-1.541874015201589996e-38,1.422127767616334068e-19,3.728022615140162778e-14,-6.306261909499664402e-28,1.058791184030314970e-22,9.999999999645251426e-04,5.956081849944894202e-09,9.183549615799121156e-41,0.000000000000000000e+00,-2.220446049250313081e-16,8.470329472543003391e-22,-6.306261909499663426e-25,-3.756070117605710717e-30,9.999999999645249327e-01,5.956095974723748610e-06
2.750182872730569914e+07,-0.000000000000000000e+00,-0.000000000000000000e+00,-0.000000000000000000e+00,-0.000000000000000000e+00,-0.000000000000000000e+00,-0.000000000000000000e+00,9.999999999665098831e-04,5.787029522252851166e-09,0.000000000000000000e+00,0.000000000000000000e+00,0.000000000000000000e+00,0.000000000000000000e+00,0.000000000000000000e+00,0.000000000000000000e+00,9.999999999665100114e-01,5.787067640652757861e-06
2.830510053656399995e+07,-0.000000000000000000e+00,1.633259326464203965e-38,1.506415840064220898e-19,1.622242919138059958e-47,7.057689471970606865e-27,-1.058791183671032998e-22,9.999999999683836013e-04,5.622865728582837619e-09,-9.183549615799121156e-41,0.000000000000000000e+00,-9.121606162222447957e-50,8.470329472543003391e-22,5.953409364000786601e-25,3.968423163947914133e-29,9.999999999683836238e-01,5.622836169801625201e-06
2.913183426197148114e+07,-0.000000000000000000e+00,-0.000000000000000000e+00,-1.550415146050092018e-19,4.064320280461553850e-14,-0.000000000000000000e+00,-0.000000000000000000e+00,9.999999999701525855e-04,5.463306251840550348e-09,0.000000000000000000e+00,0.000000000000000000e+00,-2.220446049250313081e-16,-8.470329472543003391e-22,0.000000000000000000e+00,0.000000000000000000e+00,9.999999999701525422e-01,5.463265431758442115e-06
2.998271517780645937e+07,-5.279727028106122629e-43,-1.730060952569814002e-38,1.247109218861448081e-52,4.183030710137458228e-14,-3.793204256114043694e-27,1.058791183866524056e-22,9.999999999718229074e-04,5.308237405188265257e-09,9.183549615799121156e-41,-2.802596928649634142e-45,-2.220446049250313081e-16,6.619934038001717642e-55,-5.620299883287802111e-25,-2.013517468106546882e-29,9.999999999718227617e-01,5.308223159362800411e-06
3.085844857379842922e+07,2.173574794868540145e-42,-3.561184943912616173e-38,-3.284613362975187199e-19,4.305208427118836734e-14,-1.023960291545045067e-26,1.058791183539760019e-22,9.999999999733995542e-04,5.157573923497693613e-09,1.836709923159824027e-40,1.121038771459853906e-44,-2.220446049250313081e-16,-1.694065894508601054e-21,-5.460801120946584752e-25,-5.281157979782136891e-29,9.999999999733993894e-01,5.157580839070389308e-06
3.175976033973813057e+07,-0.000000000000000000e+00,9.162999565067448593e-39,1.690275079243112045e-19,7.228919276477823483e-48,2.965882828411604093e-27,5.293955921825643964e-23,9.999999999748879469e-04,5.011202119931112975e-09,-4.591774807899560578e-41,0.000000000000000000e+00,-3.622565862451402832e-50,8.470329472543003391e-22,-2.652914393736605005e-25,1.486267237925166081e-29,9.999999999748878654e-01,5.011213604428946155e-06
3.268739756716300175e+07,1.151200185776014993e-42,-1.886126384375424008e-38,-1.739644535162229074e-19,-1.404753881553146112e-47,-3.746699709268474214e-27,1.058791183885447987e-22,9.999999999762928561e-04,4.869008307650801726e-09,9.183549615799121156e-41,5.605193857299268284e-45,6.839746835682837797e-50,-8.470329472543003391e-22,-5.155254414832099455e-25,-1.824268138158785884e-29,9.999999999762927416e-01,4.869000132577259246e-06
3.364212916861650348e+07,3.702576167660989908e-44,-0.000000000000000000e+00,-3.580911942540123899e-19,4.693572901326191196e-14,-2.504476601319727197e-28,5.293955920220894929e-23,9.999999999776192691e-04,4.730821956400176614e-09,0.000000000000000000e+00,1.751623080406020950e-46,-2.220446049250313081e-16,-1.694065894508601054e-21,-2.504476601319726882e-25,-1.184823436591117071e-30,9.999999999776193471e-01,4.730822543681425108e-06
3.462474651499480754e+07,-0.000000000000000000e+00,-9.989575924491499341e-39,-1.842751504839852048e-19,-6.630770368381001386e-48,-2.433401939419051992e-28,5.293955920227524130e-23,9.999999999788715226e-04,4.596557801050948910e-09,4.591774807899560578e-41,0.000000000000000000e+00,3.047877564036694923e-50,-8.470329472543003391e-22,-2.433401939419052189e-25,-1.118529335717231914e-30,9.999999999788715677e-01,4.596566303225007964e-06
3.563606409150909632e+07,3.137619285703190133e-43,-1.028135087539220951e-38,4.061744523377012793e-52,-4.971756213511646707e-14,1.852021564737010027e-27,-5.293955919512241107e-23,9.999999999800535198e-04,4.466158998184255324e-09,4.591774807899560578e-41,1.401298464324817071e-45,2.220446049250313081e-16,1.814023896724086069e-54,2.364344308443781081e-25,8.271350786208542829e-30,9.999999999800536221e-01,4.466120127072118247e-06
3.667692017280706018e+07,-0.000000000000000000e+00,-0.000000000000000000e+00,-0.000000000000000000e+00,-0.000000000000000000e+00,1.615587133862210055e-27,7.010639855755346522e-33,9.999999999811700312e-04,4.339369752415223047e-09,0.000000000000000000e+00,0.000000000000000000e+00,0.000000000000000000e+00,0.000000000000000000e+00,-3.042180155867541240e-35,7.010639855755345318e-30,9.999999999811698403e-01,4.339375889224713189e-06
3.774817751781340688e+07,-0.000000000000000000e+00,-0.000000000000000000e+00,2.008982532068162018e-19,-0.000000000000000000e+00,-0.000000000000000000e+00,-0.000000000000000000e+00,9.999999999822236588e-04,4.216190063743852079e-09,0.000000000000000000e+00,0.000000000000000000e+00,0.000000000000000000e+00,8.470329472543003391e-22,0.000000000000000000e+00,0.000000000000000000e+00,9.999999999822235530e-01,4.216228532197633245e-06
3.885072408486521244e+07,-0.000000000000000000e+00,-1.120881153019149992e-38,-2.067660776678872940e-19,5.420248666417064048e-14,-1.832458060486603088e-27,5.293955919588697023e-23,9.999999999832178722e-04,4.096563088751281612e-09,4.591774807899560578e-41,0.000000000000000000e+00,-2.220446049250313081e-16,-8.470329472543003391e-22,-2.168709265939708038e-25,-7.506803674957607688e-30,9.999999999832180908e-01,4.096575979937146332e-06
3.998547376773483306e+07,-0.000000000000000000e+00,-0.000000000000000000e+00,-0.000000000000000000e+00,-0.000000000000000000e+00,-1.826303470032883029e-27,5.293955919612450237e-23,9.999999999841572250e-04,3.980346718890359625e-09,0.000000000000000000e+00,0.000000000000000000e+00,0.000000000000000000e+00,0.000000000000000000e+00,-2.107163361402513855e-25,-7.269270498831973353e-30,9.999999999841570064e-01,3.980319053210757264e-06
4.115336715315063298e+07,-0.000000000000000000e+00,-0.000000000000000000e+00,-2.190208936774555129e-19,-0.000000000000000000e+00,-0.000000000000000000e+00,-0.000000000000000000e+00,9.999999999850434518e-04,3.867342002195073292e-09,0.000000000000000000e+00,0.000000000000000000e+00,0.000000000000000000e+00,-8.470329472543003391e-22,0.000000000000000000e+00,0.000000000000000000e+00,9.999999999850435195e-01,3.867361387398170949e-06
4.235537230044327676e+07,-0.000000000000000000e+00,-0.000000000000000000e+00,1.127090215821407011e-19,-5.909198750725740915e-14,-0.000000000000000000e+00,-0.000000000000000000e+00,9.999999999858802391e-04,3.757634203793713823e-09,0.000000000000000000e+00,0.000000000000000000e+00,2.220446049250313081e-16,4.235164736271501695e-22,0.000000000000000000e+00,0.000000000000000000e+00,9.999999999858802946e-01,3.757609352615285865e-06
4.359248554396390915e+07,-3.838151794857391384e-43,-1.257685580138870009e-38,1.160010201100832984e-19,-5.266704558926851804e-48,1.808867980950038062e-27,-5.293955919678963822e-23,9.999999999866701888e-04,3.650995950010837987e-09,4.591774807899560578e-41,-1.401298464324817071e-45,1.922859075132261118e-50,4.235164736271501695e-22,1.932808470574062002e-25,6.604126307010224107e-30,9.999999999866702183e-01,3.650971976104984072e-06
4.486573231893925369e+07,3.950256308598398377e-43,-0.000000000000000000e+00,1.561657864566804085e-52,4.034712806287984854e-57,-1.615587133872301915e-27,-5.731070575725394156e-33,9.999999999874161199e-04,3.547370397427584976e-09,0.000000000000000000e+00,1.401298464324817071e-45,-1.431258231810552904e-59,5.539763996211907900e-55,2.033017548562720878e-35,-5.731070575725394200e-30,9.999999999874161771e-01,3.547360866830391119e-06
4.617616801144831628e+07,-0.000000000000000000e+00,6.661136653414542393e-39,-6.240599447425849293e-53,2.486009037308233888e-48,-1.824662568391802080e-28,5.293955920276485820e-23,9.999999999881202008e-04,3.446700702625093982e-09,-2.295887403949780034e-41,0.000000000000000000e+00,-8.568502842432369508e-51,-2.150941259716760856e-55,-1.824662568391802089e-25,-6.289046487406878385e-31,9.999999999881202806e-01,3.446690142208115142e-06
4.752487883322519809e+07,-0.000000000000000000e+00,-0.000000000000000000e+00,-0.000000000000000000e+00,-0.000000000000000000e+00,-0.000000000000000000e+00,-0.000000000000000000e+00,9.999999999887850335e-04,3.348873178765642974e-09,0.000000000000000000e+00,0.000000000000000000e+00,0.000000000000000000e+00,0.000000000000000000e+00,0.000000000000000000e+00,0.000000000000000000e+00,9.999999999887849711e-01,3.348876356920732038e-06
4.891298272201289982e+07,-0.000000000000000000e+00,-0.000000000000000000e+00,1.301590359342570021e-19,-0.000000000000000000e+00,-0.000000000000000000e+00,-0.000000000000000000e+00,9.999999999894125698e-04,3.253830982430371974e-09,0.000000000000000000e+00,0.000000000000000000e+00,0.000000000000000000e+00,4.235164736271501695e-22,0.000000000000000000e+00,0.000000000000000000e+00,9.999999999894124691e-01,3.253838433749489962e-06
5.034163026821483672e+07,-0.000000000000000000e+00,-7.262024828242802985e-39,2.679214269270391009e-19,-2.280306979477948125e-48,1.673682891744127049e-28,-5.293955920286462829e-23,9.999999999900049778e-04,3.161517270200420171e-09,2.295887403949780034e-41,0.000000000000000000e+00,7.209185034677150456e-51,8.470329472543003391e-22,1.673682891744126973e-25,5.291344439387406176e-31,9.999999999900048842e-01,3.161497596369922894e-06
5.181200566861181706e+07,2.851155710535061797e-44,-1.494826725165007001e-38,1.075877934388938974e-52,-4.431188074474342897e-48,-1.626185364476435036e-28,5.293955920289425074e-23,9.999999999905642093e-04,3.071704668400343921e-09,4.591774807899560578e-41,8.758115402030106693e-47,1.361162295729642943e-50,3.304857420820346300e-55,-1.626185364476435025e-25,-4.995279294831715323e-31,9.999999999905643255e-01,3.071777304054668998e-06
5.332532770793513954e+07,-1.173772840087056056e-43,-0.000000000000000000e+00,1.419004292743636028e-19,-7.140277477451886805e-58,8.077935669391203651e-28,2.410943255339126138e-33,9.999999999910922158e-04,2.984620550705586042e-09,0.000000000000000000e+00,-3.503246160812042677e-46,2.131089492423487943e-60,4.235164736271501695e-22,-7.195708926589278351e-36,2.410943255339126018e-30,9.999999999910921256e-01,2.984603188229339995e-06
5.488285076910945028e+07,-0.000000000000000000e+00,-0.000000000000000000e+00,-1.460450487354169057e-19,-0.000000000000000000e+00,-0.000000000000000000e+00,-0.000000000000000000e+00,9.999999999915905151e-04,2.899980700021842081e-09,0.000000000000000000e+00,0.000000000000000000e+00,0.000000000000000000e+00,-4.235164736271501695e-22,0.000000000000000000e+00,0.000000000000000000e+00,9.999999999915903937e-01,2.899902990828903915e-06
5.648586587300267816e+07,4.973364670062012393e-43,-0.000000000000000000e+00,-1.503107239999290015e-19,7.880610886447475112e-14,-1.764749980231538934e-27,5.293955919842140070e-23,9.999999999920610588e-04,2.817614586092532095e-09,0.000000000000000000e+00,1.401298464324817071e-45,-2.220446049250313081e-16,-4.235164736271501695e-22,-1.491628463389064987e-25,-4.972371022985674966e-30,9.999999999920610172e-01,2.817606504403425924e-06
5.813570174854496866e+07,-0.000000000000000000e+00,-8.386357518735618938e-39,-1.547009908587457946e-19,8.110787309535012776e-14,-9.527233137025238775e-28,5.293955920078556082e-23,9.999999999925053649e-04,2.737635895755374804e-09,2.295887403949780034e-41,0.000000000000000000e+00,-2.220446049250313081e-16,-4.235164736271501695e-22,-1.449297467562078003e-25,-2.608218705787656115e-30,9.999999999925053284e-01,2.737645513923565850e-06
5.983372593410354108e+07,-0.000000000000000000e+00,-0.000000000000000000e+00,1.592194883758864079e-19,-8.347686712161673302e-14,9.486103454501969777e-28,-5.293955920087050792e-23,9.999999999929245174e-04,2.659930942172649834e-09,0.000000000000000000e+00,0.000000000000000000e+00,2.220446049250313081e-16,4.235164736271501695e-22,1.408167785038808904e-25,2.523259636426171167e-30,9.999999999929246597e-01,2.659953740237584119e-06
6.158134591102647781e+07,3.388751386689223187e-44,-0.000000000000000000e+00,3.277399238098783765e-19,1.338516748359190916e-58,1.368205323807518963e-28,-5.293955920304015898e-23,9.999999999933204681e-04,2.584442881925497204e-09,0.000000000000000000e+00,8.758115402030106693e-47,-3.459352077501627994e-61,8.470329472543003391e-22,1.368205323807519112e-25,3.536081214646259015e-31,9.999999999933205652e-01,2.584466785132974953e-06
6.338001027029497921e+07,-1.395091935808970091e-43,2.660926696412983114e-49,-2.763683816602869812e-53,-4.527361493818411218e-58,8.077935669412223576e-28,2.028468260390691874e-33,9.999999999936945178e-04,2.511058028176194057e-09,-6.681911775230489115e-52,-3.503246160812042677e-46,1.136875740209239050e-60,-6.939947448408244155e-56,-5.093731433134618010e-36,2.028468260390691028e-30,9.999999999936943773e-01,2.511122077957200083e-06
6.523120991325111687e+07,-0.000000000000000000e+00,4.704959527953980190e-39,-1.563584011367995978e-53,8.799037358169334462e-49,-8.723760922655119723e-28,2.646977959956840916e-23,9.999999999940471004e-04,2.439833224343602028e-09,-1.147943701974890017e-41,0.000000000000000000e+00,-2.146840893899195944e-51,-3.814924246838456839e-56,-6.458252531919588930e-26,-2.128474506358082021e-30,9.999999999940470952e-01,2.439858823753276091e-06
6.713647928739643097e+07,1.847222027359588892e-44,-0.000000000000000000e+00,-1.786523522748711089e-19,9.366528446948759870e-14,-1.254994694644428975e-28,5.293955920309625945e-23,9.999999999943801673e-04,2.370597940171137039e-09,0.000000000000000000e+00,4.379057701015052860e-47,-2.220446049250313081e-16,-4.235164736271501695e-22,-1.254994694644429012e-25,-2.975112953893929988e-31,9.999999999943801621e-01,2.370617952867230147e-06
6.909739765828552842e+07,-1.520940464467537076e-43,4.983817713967226795e-39,-3.928511428226738185e-53,8.306707226136293495e-49,8.687625239348062480e-28,-2.646977959969582981e-23,9.999999999946945859e-04,2.303295332239941176e-09,-1.147943701974890017e-41,-3.503246160812042677e-46,-1.913318823372835052e-51,-9.048705652959039649e-56,6.096895698849003443e-26,2.001057271954085140e-30,9.999999999946946883e-01,2.303342071985637897e-06
7.111559041856925189e+07,7.826820024178725415e-44,-1.492847447238679011e-49,1.892408962541290990e-19,1.772451131738604139e-58,-4.038967834711351075e-28,-9.039110722416662188e-34,9.999999999949916573e-04,2.237982243968871940e-09,3.340955887615245300e-52,1.751623080406020950e-46,-3.966702059909556678e-61,4.235164736271501695e-22,2.022930758445791023e-36,-9.039110722416661627e-31,9.999999999949914509e-01,2.237975416562676973e-06
7.319273043527215719e+07,-0.000000000000000000e+00,-1.536450448398359986e-49,3.614484297813753229e-64,-2.282300357401303165e-59,-4.038967834712482876e-28,-8.782589364556348458e-34,9.999999999952715983e-04,2.174488145101349801e-09,3.340955887615245300e-52,0.000000000000000000e+00,4.962779518411966347e-62,7.859565277918273410e-67,1.909742268395884046e-36,-8.782589364556347979e-31,9.999999999952716712e-01,2.174463804597249799e-06
7.533053943642129004e+07,-0.000000000000000000e+00,-0.000000000000000000e+00,-2.004570125109029930e-19,1.050972061753162958e-13,-4.598209318667062407e-28,2.646977960072540123e-23,9.999999999955361436e-04,2.112756192218511883e-09,0.000000000000000000e+00,0.000000000000000000e+00,-2.220446049250313081e-16,-4.235164736271501695e-22,-5.592414839354824293e-26,-9.714887851755518150e-31,9.999999999955362373e-01,2.112754591721874982e-06
7.753078943817548454e+07,-0.000000000000000000e+00,-0.000000000000000000e+00,2.063119492394658061e-19,-0.000000000000000000e+00,-0.000000000000000000e+00,-0.000000000000000000e+00,9.999999999957859438e-04,2.052843228739221063e-09,0.000000000000000000e+00,0.000000000000000000e+00,0.000000000000000000e+00,4.235164736271501695e-22,0.000000000000000000e+00,0.000000000000000000e+00,9.999999999957859265e-01,2.052796627566107911e-06
7.979530421363815665e+07,-0.000000000000000000e+00,1.675050653391736085e-49,-3.041078073012091875e-64,2.093453949514204106e-59,4.038967834715512819e-28,8.055883766832935852e-34,9.999999999960220830e-04,1.994465037569170818e-09,-3.340955887615245300e-52,0.000000000000000000e+00,-4.175478087136497091e-62,-6.065552508608987345e-67,-1.606778412715274023e-36,8.055883766832934388e-31,9.999999999960219599e-01,1.994540213358323944e-06
8.212596080457115173e+07,-0.000000000000000000e+00,-1.723975435168642881e-49,2.870921464663134932e-64,-2.034043718947954948e-59,-4.038967834716411892e-28,-7.827265454025673472e-34,9.999999999962445613e-04,1.937905835802666843e-09,3.340955887615245300e-52,0.000000000000000000e+00,3.941848706110603654e-62,5.563665104838928777e-67,1.516874780759065160e-36,-7.827265454025672624e-31,9.999999999962444486e-01,1.937937060730727995e-06
8.452469107726262510e+07,5.814121952437395249e-45,3.048274370199497080e-39,-4.008634803919211216e-54,3.395291037692394858e-49,4.984101346548899100e-29,-2.646977960160303119e-23,9.999999999964544629e-04,1.882995093183125887e-09,-5.739718509874450723e-42,1.094764425253762972e-47,-6.393130161107663299e-52,-7.548019826665480792e-57,4.984101346548898930e-26,9.384765043969666837e-32,9.999999999964543917e-01,1.882940251693438989e-06
8.699348332383856177e+07,-1.196788097456142074e-44,3.137308190195427775e-39,-5.654150304021095579e-54,3.298935909426945895e-49,-4.842657294761481269e-29,2.646977960160828859e-23,9.999999999966530887e-04,1.829334905778523948e-09,-5.739718509874450723e-42,-2.189528850507527159e-47,-6.035417101004620693e-52,-1.034429172722766084e-56,-4.842657294761481054e-26,-8.859661858718949924e-32,9.999999999966531217e-01,1.829504199744464989e-06
8.953438391034539044e+07,-0.000000000000000000e+00,-0.000000000000000000e+00,2.382539040599858032e-19,-0.000000000000000000e+00,-0.000000000000000000e+00,-0.000000000000000000e+00,9.999999999968402220e-04,1.777607394615188034e-09,0.000000000000000000e+00,0.000000000000000000e+00,0.000000000000000000e+00,4.235164736271501695e-22,0.000000000000000000e+00,0.000000000000000000e+00,9.999999999968401942e-01,1.777584612083342974e-06
9.214949897296966612e+07,-0.000000000000000000e+00,9.671939970999729016e-50,-1.140161276015867076e-64,9.063955665730130475e-60,4.038967834719531967e-28,6.975856657379576151e-34,9.999999999970169470e-04,1.727130438666790931e-09,-1.670477943807621908e-52,0.000000000000000000e+00,-1.565470636568402048e-62,-1.969216382317137045e-67,-1.204827027489465036e-36,6.975856657379576315e-31,9.999999999970170528e-01,1.727138452897131018e-06
9.484099616380083561e+07,-0.000000000000000000e+00,-0.000000000000000000e+00,1.261874858243859959e-19,-0.000000000000000000e+00,4.483163534528678295e-28,-2.646977960094454864e-23,9.999999999971839141e-04,1.678131411608774008e-09,0.000000000000000000e+00,0.000000000000000000e+00,0.000000000000000000e+00,2.117582368135750848e-22,4.441956997970983105e-26,7.523303909390077694e-31,9.999999999971838083e-01,1.678123907688285929e-06
9.761110644758410752e+07,-0.000000000000000000e+00,-7.040438249197602860e-39,1.298731625497039078e-19,-1.361818812937184006e-13,4.470557683404106783e-28,-2.646977960096795861e-23,9.999999999973415571e-04,1.630496626603417099e-09,1.147943701974890017e-41,0.000000000000000000e+00,2.220446049250313081e-16,2.117582368135750848e-22,4.315898486725262246e-26,7.289245861312803656e-31,9.999999999973414599e-01,1.630500348614901967e-06
1.004621259509529024e+08,6.910395583061644624e-45,-3.623037479452224189e-39,1.336664903058257918e-19,-2.856657901424287029e-49,4.193417396133202893e-29,-2.646977960163044959e-23,9.999999999974903096e-04,1.584226083650718961e-09,5.739718509874450723e-42,1.094764425253762972e-47,4.525598293193229068e-52,2.117582368135750848e-22,4.193417396133204090e-26,6.643330516098975362e-32,9.999999999974902298e-01,1.584228300814554918e-06
1.033964178656731993e+08,2.844893605664601853e-44,-0.000000000000000000e+00,1.375706133577799059e-19,-1.442532434722473973e-13,2.426925137580657961e-28,-2.646977960132331055e-23,9.999999999976303885e-04,1.539319782750681043e-09,0.000000000000000000e+00,4.379057701015052860e-47,2.220446049250313081e-16,2.117582368135750848e-22,4.074412202148677785e-26,3.735691623879497810e-31,9.999999999976305620e-01,1.539269409683837987e-06
1.064164144074786007e+08,-0.000000000000000000e+00,-0.000000000000000000e+00,1.415887678081040903e-19,-0.000000000000000000e+00,2.019483917361273108e-28,3.020312700180994795e-34,9.999999999977633117e-04,1.495550350227859078e-09,0.000000000000000000e+00,0.000000000000000000e+00,0.000000000000000000e+00,2.117582368135750848e-22,-4.517138625592079591e-37,3.020312700180994866e-31,9.999999999977632337e-01,1.495586409086477045e-06
1.095246188321176022e+08,-0.000000000000000000e+00,-0.000000000000000000e+00,-0.000000000000000000e+00,-0.000000000000000000e+00,-0.000000000000000000e+00,-0.000000000000000000e+00,9.999999999978882118e-04,1.453145159757696092e-09,0.000000000000000000e+00,0.000000000000000000e+00,0.000000000000000000e+00,0.000000000000000000e+00,0.000000000000000000e+00,0.000000000000000000e+00,9.999999999978883558e-01,1.453143090463674028e-06
1.127236075102868974e+08,-0.000000000000000000e+00,-0.000000000000000000e+00,1.499805906742167026e-19,-0.000000000000000000e+00,-0.000000000000000000e+00,-0.000000000000000000e+00,9.999999999980066067e-04,1.411876837664749060e-09,0.000000000000000000e+00,0.000000000000000000e+00,0.000000000000000000e+00,2.117582368135750848e-22,0.000000000000000000e+00,0.000000000000000000e+00,9.999999999980065946e-01,1.411904272821059974e-06
1.160160320631678998e+08,3.192115109827811898e-44,-4.183969116753510263e-39,-1.543612150181132050e-19,-2.473674721223593052e-49,2.382605823122512779e-28,-2.646977960137003058e-23,9.999999999981180627e-04,1.371859070786741044e-09,5.739718509874450723e-42,4.379057701015052860e-47,3.393475474750267893e-52,-2.117582368135750848e-22,3.631219057567228724e-26,3.268543902475608109e-31,9.999999999981180610e-01,1.371835773567397090e-06
1.194046215603390932e+08,6.570700443512868927e-44,-4.306174242660593780e-39,6.000652738239390121e-54,-1.665870472227796034e-13,4.391784686459639330e-28,-2.646977960111150116e-23,9.999999999982234471e-04,1.332864485448225919e-09,5.739718509874450723e-42,8.758115402030106693e-47,2.220446049250313081e-16,7.998296318757694968e-57,3.528168517280587717e-26,5.853829045403628191e-31,9.999999999982234211e-01,1.332904380180848930e-06
1.228921847818838954e+08,3.381308539395770986e-44,-0.000000000000000000e+00,1.781666471645696874e-54,1.680519801419536031e-59,2.362288162696077150e-28,-2.646977960139095144e-23,9.999999999983227601e-04,1.295120455324650018e-09,0.000000000000000000e+00,4.379057701015052860e-47,-2.176403925395566969e-62,2.307396734843547013e-57,3.428042453302869029e-26,3.059347010290727185e-31,9.999999999983227861e-01,1.295077822679331979e-06
1.264816125465705991e+08,2.175043501237108918e-45,-2.280698414353203047e-39,3.365716796711098056e-19,-1.134496627465101926e-49,1.665378935853326070e-29,-1.323488980082748961e-23,9.999999999984166520e-04,1.258285919902846010e-09,2.869859254937225043e-42,2.736911063134408038e-48,1.427565181584579982e-52,4.235164736271501695e-22,1.665378935853326106e-26,2.095587527907146074e-32,9.999999999984165999e-01,1.258324746872138016e-06
1.301758801080334038e+08,-0.000000000000000000e+00,2.347312920604239015e-39,-9.815468865992012474e-55,1.816145405717432975e-13,-1.618117066948412111e-29,1.323488980082866070e-23,9.999999999985053397e-04,1.222588252858258991e-09,-2.869859254937225043e-42,0.000000000000000000e+00,-2.220446049250313081e-16,-1.200053640882450934e-57,-1.618117066948411956e-26,-1.978333693557308008e-32,9.999999999985053067e-01,1.222614688370643062e-06
1.339780496209411025e+08,3.686329802655283223e-44,-4.831746198936332174e-39,-1.782599711217948996e-19,-1.869191274790072086e-13,2.333923206341711969e-28,-2.646977960141963938e-23,9.999999999985888233e-04,1.187913767353166102e-09,5.739718509874450723e-42,4.379057701015052860e-47,2.220446049250313081e-16,-2.117582368135750848e-22,3.144392889759221165e-26,2.772509497914870003e-31,9.999999999985889065e-01,1.187918047336571951e-06
1.378912726791976094e+08,-3.793999908503977966e-44,-0.000000000000000000e+00,-1.587866156827974002e-54,-1.334807395978395933e-59,2.019483917363099953e-28,2.330900583466805036e-34,9.999999999986677532e-04,1.154376150225288959e-09,0.000000000000000000e+00,-4.379057701015052860e-47,1.540642790641468947e-62,-1.832724746949324968e-57,-2.690339587898303943e-37,2.330900583466805022e-31,9.999999999986676213e-01,1.154206063946884972e-06
1.419187929282774031e+08,-1.952407418261899999e-44,-0.000000000000000000e+00,-7.714020133697099077e-55,1.979976348519795962e-13,-1.158164735511711082e-28,1.323488980071855949e-23,9.999999999987425631e-04,1.121406967286020931e-09,0.000000000000000000e+00,-2.189528850507527159e-47,-2.220446049250313081e-16,-8.650894008158322789e-58,-1.484227768288161004e-26,-1.298824762866758072e-31,9.999999999987424504e-01,1.121450794554944007e-06
1.460639487538630962e+08,-0.000000000000000000e+00,-2.633804310444296101e-39,1.943404562199959888e-19,-9.823982171017207456e-50,2.163694597072497056e-28,-1.323488980061267977e-23,9.999999999988128194e-04,1.089574652723968029e-09,2.869859254937225043e-42,0.000000000000000000e+00,1.070445744280677967e-52,2.117582368135750848e-22,1.442106797067067120e-26,2.357615916885903955e-31,9.999999999988127275e-01,1.089625088528199019e-06
1.503301760490114987e+08,2.068124628533435999e-44,1.972317341359554052e-50,7.282399679666798715e-55,6.309763320151248803e-60,1.009741958681762974e-28,1.069016402396156051e-34,9.999999999988791726e-04,1.058651832863688055e-09,-2.088097429759527849e-53,2.189528850507527159e-47,-6.680162616284012486e-63,7.709895225639415259e-58,-1.131770408039655041e-37,1.069016402396156052e-31,9.999999999988792299e-01,1.058702565743210012e-06
1.547210110621432960e+08,-0.000000000000000000e+00,-2.789907224393006989e-39,6.948219109062213801e-55,-9.274303589589485652e-50,-1.361416990891613103e-29,1.323488980083443972e-23,9.999999999989418395e-04,1.028524820867460014e-09,2.869859254937225043e-42,0.000000000000000000e+00,9.540082823174052011e-53,7.147338356318376193e-58,-1.361416990891614125e-26,-1.400431927262074896e-32,9.999999999989419575e-01,1.028657594719329080e-06
1.592400933282169104e+08,4.381400561317492998e-44,4.178429185216420172e-50,2.118715305860299103e-19,1.132021103788597089e-59,1.009741958681886961e-28,1.009202020751630011e-34,9.999999999990012538e-04,9.993073035730049014e-10,-4.176194859519055697e-53,4.379057701015052860e-47,-1.131415779699079975e-62,2.117582368135750848e-22,-1.008662371541641009e-37,1.009202020751630062e-31,9.999999999990012434e-01,9.994652713729264120e-07
1.638911686855154037e+08,-9.018744506682059533e-44,2.955262199949577268e-39,-3.291173079178239876e-54,8.755381021330168346e-50,-2.148008117293256793e-28,1.323488980063984986e-23,9.999999999990569818e-04,9.711129678180441260e-10,-2.869859254937225043e-42,-8.758115402030106693e-47,-8.502362753123845259e-53,-3.196062779485716040e-57,-1.285241999274671021e-26,-2.085933686425358835e-31,9.999999999990569766e-01,9.711013983745620946e-07
1.686780923805480897e+08,2.900676084425297296e-45,-3.041579325902341190e-39,6.657227421360677325e-55,-2.353308018873214937e-13,1.248768054791313022e-29,-1.323488980083665994e-23,9.999999999991096740e-04,9.436007530894130468e-10,2.869859254937225043e-42,2.736911063134408038e-48,2.220446049250313081e-16,6.281376771834113313e-58,1.248768054791312950e-26,1.178265688746949960e-32,9.999999999991097122e-01,9.435424650919711935e-07
1.736048322636393905e+08,-0.000000000000000000e+00,1.565208798717484124e-39,-1.154920245274392109e-19,-2.422043302217680950e-13,1.131074879293435013e-28,-1.323488980074474950e-23,9.999999999991595473e-04,9.167706593871116638e-10,-1.434929627468612999e-42,0.000000000000000000e+00,2.220446049250313081e-16,-1.058791184067874954e-22,1.213329206105405996e-26,1.036930572146997990e-31,9.999999999991595612e-01,9.167656281022526450e-07
1.786754720778543949e+08,-0.000000000000000000e+00,-0.000000000000000000e+00,-2.377306176861455169e-19,-0.000000000000000000e+00,-0.000000000000000000e+00,-0.000000000000000000e+00,9.999999999992063848e-04,8.908500603865832090e-10,0.000000000000000000e+00,0.000000000000000000e+00,0.000000000000000000e+00,-2.117582368135750848e-22,0.000000000000000000e+00,0.000000000000000000e+00,9.999999999992064126e-01,8.907486922571015240e-07
1.838942148439874947e+08,-0.000000000000000000e+00,-1.657977138965489954e-39,-1.223371198502303021e-19,-3.901508346083583978e-50,-1.145440129732734031e-29,1.323488980083853044e-23,9.999999999992510540e-04,8.653842087369412184e-10,1.434929627468612999e-42,0.000000000000000000e+00,3.376638788339728017e-53,-1.058791184067874954e-22,-1.145440129732733990e-26,-9.913441747879265082e-33,9.999999999992510435e-01,8.654700922853952013e-07
1.892653863444193900e+08,2.603764707228011002e-44,2.483143527248393060e-50,5.784282307434740064e-55,2.640531115176534010e-13,-1.009741958682181009e-28,-8.491009744334055463e-35,9.999999999992929042e-04,8.408278517890721560e-10,-2.088097429759527849e-53,2.189528850507527159e-47,-2.220446049250313081e-16,4.864054327355761072e-58,7.140165451029719466e-38,-8.491009744334055575e-32,9.999999999992930100e-01,8.409088749178757876e-07
1.947934387087301910e+08,1.674884571822849122e-45,-1.756243764783715841e-39,-2.591758340801067991e-19,-3.683208319172622103e-50,-1.081349632227489034e-29,1.323488980083961043e-23,9.999999999993325860e-04,8.169536158675327897e-10,1.434929627468612999e-42,1.368455531567204019e-48,3.009345768108985008e-53,-2.117582368135750848e-22,-1.081349632227489067e-26,-8.835109658747186495e-33,9.999999999993325339e-01,8.170446815191221966e-07
2.004829541040410101e+08,6.895218010795913167e-45,1.807540030222083861e-39,-7.039682282864084283e-56,3.578682373186791943e-50,-3.998047834396517228e-29,-1.323488980088018115e-23,9.999999999993698825e-04,7.937615009723231196e-10,-1.434929627468612999e-42,5.473822126268816683e-48,-2.840964669509688209e-53,-5.588506205534178788e-59,1.050661959017958017e-26,-3.173881183094694990e-32,9.999999999993698374e-01,7.938577312124066579e-07
2.063386485331430137e+08,-0.000000000000000000e+00,1.860334553989214896e-39,-1.953353906830764979e-55,-2.878728288561697841e-13,1.020845172755867987e-29,-1.323488980084056992e-23,9.999999999994050107e-04,7.712515071034431458e-10,-1.434929627468612999e-42,0.000000000000000000e+00,2.220446049250313081e-16,-1.506678133689753086e-58,1.020845172755868045e-26,7.874072866649561139e-33,9.999999999994051425e-01,7.713288044834531749e-07
2.123653757435618043e+08,-0.000000000000000000e+00,-0.000000000000000000e+00,1.412777908561203087e-19,-0.000000000000000000e+00,-9.918745585080224146e-30,1.323488980084100927e-23,9.999999999994384041e-04,7.494236342608928680e-10,0.000000000000000000e+00,0.000000000000000000e+00,0.000000000000000000e+00,1.058791184067874954e-22,-9.918745585080223383e-27,-7.433497026571145840e-33,9.999999999994383382e-01,7.494392272495059106e-07
2.185681312507975996e+08,7.517222209347558734e-45,-3.941189397694412874e-39,-1.454042243305727038e-19,3.049347598633091060e-13,-6.012435896126845984e-29,1.323488980080466004e-23,9.999999999994698460e-04,7.282778824446722865e-10,2.869859254937225043e-42,5.473822126268816683e-48,-2.220446049250313081e-16,-1.058791184067874954e-22,-9.637261027123713531e-27,-4.378080589405437906e-32,9.999999999994697575e-01,7.281708553805014070e-07
2.249520564790757895e+08,-7.736784797151182497e-45,-0.000000000000000000e+00,-1.496511824332479091e-19,3.138412765422508200e-13,-5.985086266714566886e-29,1.323488980080610002e-23,9.999999999994993363e-04,7.075868779793381691e-10,0.000000000000000000e+00,-5.473822126268816683e-48,-2.220446049250313081e-16,-1.058791184067874954e-22,-9.363764733000918158e-27,-4.234484801287621837e-32,9.999999999994994004e-01,7.075060596595153755e-07
2.315224430230408907e+08,-0.000000000000000000e+00,-0.000000000000000000e+00,-1.540221854404568946e-19,-0.000000000000000000e+00,-0.000000000000000000e+00,-0.000000000000000000e+00,9.999999999995275255e-04,6.873506208648905158e-10,0.000000000000000000e+00,0.000000000000000000e+00,0.000000000000000000e+00,-1.058791184067874954e-22,0.000000000000000000e+00,0.000000000000000000e+00,9.999999999995274891e-01,6.874277111700190111e-07
2.382847370339249969e+08,-0.000000000000000000e+00,-0.000000000000000000e+00,-1.585208564485355002e-19,-0.000000000000000000e+00,-0.000000000000000000e+00,-0.000000000000000000e+00,9.999999999995539800e-04,6.677964847767725587e-10,0.000000000000000000e+00,0.000000000000000000e+00,0.000000000000000000e+00,-1.058791184067874954e-22,0.000000000000000000e+00,0.000000000000000000e+00,9.999999999995539124e-01,6.679191670978288748e-07
2.452445437338277102e+08,8.434705097797788776e-45,-0.000000000000000000e+00,-1.631509243770060995e-19,3.421522873590870956e-13,-5.907606835936075615e-29,1.323488980081009964e-23,9.999999999995786999e-04,6.491518433904275298e-10,0.000000000000000000e+00,5.473822126268816683e-48,-2.220446049250313081e-16,-1.058791184067874954e-22,-8.588970425216000512e-27,-3.833825680554817945e-32,9.999999999995787814e-01,6.489642569359854778e-07
2.524076320618487895e+08,-0.000000000000000000e+00,-0.000000000000000000e+00,-1.679162270594550938e-19,-0.000000000000000000e+00,-0.000000000000000000e+00,-0.000000000000000000e+00,9.999999999996025523e-04,6.302798283286392689e-10,0.000000000000000000e+00,0.000000000000000000e+00,0.000000000000000000e+00,-1.058791184067874954e-22,0.000000000000000000e+00,0.000000000000000000e+00,9.999999999996025402e-01,6.305472690811247769e-07
2.597799394559246898e+08,-0.000000000000000000e+00,-0.000000000000000000e+00,-0.000000000000000000e+00,-0.000000000000000000e+00,4.054197059042216007e-30,-6.617444900421738167e-24,9.999999999996246700e-04,6.125446816440671682e-10,0.000000000000000000e+00,0.000000000000000000e+00,0.000000000000000000e+00,0.000000000000000000e+00,4.054197059042216013e-27,2.483815738684735133e-33,9.999999999996247446e-01,6.126529378102287668e-07
2.673675767743327916e+08,-0.000000000000000000e+00,-0.000000000000000000e+00,-0.000000000000000000e+00,-3.730171793680398056e-13,3.939142805746159310e-30,-6.617444900421876288e-24,9.999999999996457035e-04,5.952642823103815317e-10,0.000000000000000000e+00,0.000000000000000000e+00,2.220446049250313081e-16,0.000000000000000000e+00,3.939142805746158710e-27,2.344839477707247874e-33,9.999999999996456168e-01,5.952664306269682052e-07
2.751768333609424829e+08,-0.000000000000000000e+00,-2.480974723823812974e-39,-1.830636231348805022e-19,-3.839122433845609149e-13,7.654707365274190753e-30,-1.323488980084400971e-23,9.999999999996654360e-04,5.786660040030255914e-10,1.434929627468612999e-42,0.000000000000000000e+00,2.220446049250313081e-16,-1.058791184067874954e-22,7.654707365274190114e-27,4.427278634707351053e-33,9.999999999996653788e-01,5.783733359671399804e-07
2.832141822584124207e+08,-0.000000000000000000e+00,-0.000000000000000000e+00,-0.000000000000000000e+00,3.951255297953565950e-13,-5.420583496255723999e-29,6.617444900393760667e-24,9.999999999996840843e-04,5.618403520202264190e-10,0.000000000000000000e+00,0.000000000000000000e+00,-2.220446049250313081e-16,0.000000000000000000e+00,-3.718737028412491352e-27,-3.046149211144674987e-32,9.999999999996842526e-01,5.619596512530145006e-07
2.914862855736529827e+08,-0.000000000000000000e+00,-0.000000000000000000e+00,-0.000000000000000000e+00,-0.000000000000000000e+00,-0.000000000000000000e+00,-0.000000000000000000e+00,9.999999999997020821e-04,5.456968210637569427e-10,0.000000000000000000e+00,0.000000000000000000e+00,0.000000000000000000e+00,0.000000000000000000e+00,0.000000000000000000e+00,0.000000000000000000e+00,9.999999999997020161e-01,5.460117712866890699e-07
3.000000000000051856e+08,-0.000000000000000000e+00,-0.000000000000000000e+00,-1.995774363331999898e-19,4.185442197610430250e-13,-2.875421252220012807e-29,6.617444900408965686e-24,9.999999999997185619e-04,5.304627848090603948e-10,0.000000000000000000e+00,0.000000000000000000e+00,-2.220446049250313081e-16,-1.058791184067874954e-22,-3.510663555127746304e-27,-1.525458352540981916e-32,9.999999999997185585e-01,5.305164769728260122e-07
