 time            v(inp)          v(out)         
 0.00000000e+00  2.50000000e+00  2.50000020e+00 
 5.00000000e-10  2.50000000e+00  2.50000020e+00 
 1.00000000e-09  2.50000000e+00  2.50000020e+00 
 2.00000000e-09  2.50000000e+00  2.50000020e+00 
 4.00000000e-09  2.50000000e+00  2.50000020e+00 
 8.00000000e-09  2.50000000e+00  2.50000020e+00 
 1.60000000e-08  2.50000000e+00  2.50000020e+00 
 3.20000000e-08  2.50000000e+00  2.50000020e+00 
 6.40000000e-08  2.50000000e+00  2.50000020e+00 
 1.14000000e-07  2.50000000e+00  2.50000020e+00 
 1.64000000e-07  2.50000000e+00  2.50000020e+00 
 1.70250000e-07  2.50000000e+00  2.50000020e+00 
 1.82750000e-07  2.50000000e+00  2.50000020e+00 
 2.07750000e-07  2.50000000e+00  2.50000020e+00 
 2.57750000e-07  2.50000000e+00  2.50000020e+00 
 3.07750000e-07  2.50000000e+00  2.50000020e+00 
 3.08531250e-07  2.50000000e+00  2.50000020e+00 
 3.10093750e-07  2.50000000e+00  2.50000020e+00 
 3.13218750e-07  2.50000000e+00  2.50000020e+00 
 3.19468750e-07  2.50000000e+00  2.50000020e+00 
 3.31968750e-07  2.50000000e+00  2.50000020e+00 
 3.56968750e-07  2.50000000e+00  2.50000020e+00 
 4.06968750e-07  2.50000000e+00  2.50000020e+00 
 4.56968750e-07  2.50000000e+00  2.50000020e+00 
 5.06968750e-07  2.50000000e+00  2.50000020e+00 
 5.56968750e-07  2.50000000e+00  2.50000020e+00 
 6.06968750e-07  2.50000000e+00  2.50000020e+00 
 6.56968750e-07  2.50000000e+00  2.50000020e+00 
 7.06968750e-07  2.50000000e+00  2.50000020e+00 
 7.56968750e-07  2.50000000e+00  2.50000020e+00 
 8.06968750e-07  2.50000000e+00  2.50000020e+00 
 8.56968750e-07  2.50000000e+00  2.50000020e+00 
 9.06968750e-07  2.50000000e+00  2.50000020e+00 
 9.56968750e-07  2.50000000e+00  2.50000020e+00 
 1.00696875e-06  2.50000000e+00  2.50000020e+00 
 1.05696875e-06  2.50000000e+00  2.50000020e+00 
 1.10696875e-06  2.50000000e+00  2.50000020e+00 
 1.15696875e-06  2.50000000e+00  2.50000020e+00 
 1.20696875e-06  2.50000000e+00  2.50000020e+00 
 1.25696875e-06  2.50000000e+00  2.50000020e+00 
 1.26321875e-06  2.50000000e+00  2.50000020e+00 
 1.27571875e-06  2.50000000e+00  2.50000020e+00 
 1.30071875e-06  2.50000000e+00  2.50000020e+00 
 1.35071875e-06  2.50000000e+00  2.50000020e+00 
 1.40071875e-06  2.50000000e+00  2.50000020e+00 
 1.45071875e-06  2.50000000e+00  2.50000020e+00 
 1.50071875e-06  2.50000000e+00  2.50000020e+00 
 1.55071875e-06  2.50000000e+00  2.50000020e+00 
 1.60071875e-06  2.50000000e+00  2.50000020e+00 
 1.65071875e-06  2.50000000e+00  2.50000020e+00 
 1.70071875e-06  2.50000000e+00  2.50000020e+00 
 1.75071875e-06  2.50000000e+00  2.50000020e+00 
 1.80071875e-06  2.50000000e+00  2.50000020e+00 
 1.85071875e-06  2.50000000e+00  2.50000020e+00 
 1.90071875e-06  2.50000000e+00  2.50000020e+00 
 1.95071875e-06  2.50000000e+00  2.50000020e+00 
 2.00071875e-06  2.50000000e+00  2.50000020e+00 
 2.05071875e-06  2.50000000e+00  2.50000020e+00 
 2.05696875e-06  2.50000000e+00  2.50000020e+00 
 2.06946875e-06  2.50000000e+00  2.50000020e+00 
 2.09446875e-06  2.50000000e+00  2.50000020e+00 
 2.14446875e-06  2.50000000e+00  2.50000020e+00 
 2.19446875e-06  2.50000000e+00  2.50000020e+00 
 2.24446875e-06  2.50000000e+00  2.50000020e+00 
 2.29446875e-06  2.50000000e+00  2.50000020e+00 
 2.34446875e-06  2.50000000e+00  2.50000020e+00 
 2.39446875e-06  2.50000000e+00  2.50000020e+00 
 2.44446875e-06  2.50000000e+00  2.50000020e+00 
 2.45071875e-06  2.50000000e+00  2.50000020e+00 
 2.46321875e-06  2.50000000e+00  2.50000020e+00 
 2.48821875e-06  2.50000000e+00  2.50000020e+00 
 2.49446875e-06  2.50000000e+00  2.50000020e+00 
 2.50696875e-06  2.50000000e+00  2.50000020e+00 
 2.53196875e-06  2.50000000e+00  2.50000020e+00 
 2.58196875e-06  2.50000000e+00  2.50000020e+00 
 2.63196875e-06  2.50000000e+00  2.50000020e+00 
 2.68196875e-06  2.50000000e+00  2.50000020e+00 
 2.73196875e-06  2.50000000e+00  2.50000020e+00 
 2.78196875e-06  2.50000000e+00  2.50000020e+00 
 2.78821875e-06  2.50000000e+00  2.50000020e+00 
 2.80071875e-06  2.50000000e+00  2.50000020e+00 
 2.82571875e-06  2.50000000e+00  2.50000020e+00 
 2.87571875e-06  2.50000000e+00  2.50000020e+00 
 2.92571875e-06  2.50000000e+00  2.50000020e+00 
 2.97571875e-06  2.50000000e+00  2.50000020e+00 
 3.02571875e-06  2.50000000e+00  2.50000020e+00 
 3.07571875e-06  2.50000000e+00  2.50000020e+00 
 3.12571875e-06  2.50000000e+00  2.50000020e+00 
 3.17571875e-06  2.50000000e+00  2.50000020e+00 
 3.22571875e-06  2.50000000e+00  2.50000020e+00 
 3.23196875e-06  2.50000000e+00  2.50000020e+00 
 3.24446875e-06  2.50000000e+00  2.50000020e+00 
 3.26946875e-06  2.50000000e+00  2.50000020e+00 
 3.31946875e-06  2.50000000e+00  2.50000020e+00 
 3.36946875e-06  2.50000000e+00  2.50000020e+00 
 3.41946875e-06  2.50000000e+00  2.50000020e+00 
 3.46946875e-06  2.50000000e+00  2.50000020e+00 
 3.51946875e-06  2.50000000e+00  2.50000020e+00 
 3.56946875e-06  2.50000000e+00  2.50000020e+00 
 3.61946875e-06  2.50000000e+00  2.50000020e+00 
 3.66946875e-06  2.50000000e+00  2.50000020e+00 
 3.71946875e-06  2.50000000e+00  2.50000020e+00 
 3.76946875e-06  2.50000000e+00  2.50000020e+00 
 3.81946875e-06  2.50000000e+00  2.50000020e+00 
 3.86946875e-06  2.50000000e+00  2.50000020e+00 
 3.91946875e-06  2.50000000e+00  2.50000020e+00 
 3.96946875e-06  2.50000000e+00  2.50000020e+00 
 4.01946875e-06  2.50000000e+00  2.50000020e+00 
 4.06946875e-06  2.50000000e+00  2.50000020e+00 
 4.11946875e-06  2.50000000e+00  2.50000020e+00 
 4.12571875e-06  2.50000000e+00  2.50000020e+00 
 4.13821875e-06  2.50000000e+00  2.50000020e+00 
 4.14134375e-06  2.50000000e+00  2.50000020e+00 
 4.14759375e-06  2.50000000e+00  2.50000020e+00 
 4.16009375e-06  2.50000000e+00  2.50000020e+00 
 4.18509375e-06  2.50000000e+00  2.50000020e+00 
 4.23509375e-06  2.50000000e+00  2.50000020e+00 
 4.28509375e-06  2.50000000e+00  2.50000020e+00 
 4.33509375e-06  2.50000000e+00  2.50000020e+00 
 4.38509375e-06  2.50000000e+00  2.50000020e+00 
 4.43509375e-06  2.50000000e+00  2.50000020e+00 
 4.48509375e-06  2.50000000e+00  2.50000020e+00 
 4.53509375e-06  2.50000000e+00  2.50000020e+00 
 4.58509375e-06  2.50000000e+00  2.50000020e+00 
 4.63509375e-06  2.50000000e+00  2.50000020e+00 
 4.68509375e-06  2.50000000e+00  2.50000020e+00 
 4.73509375e-06  2.50000000e+00  2.50000020e+00 
 4.78509375e-06  2.50000000e+00  2.50000020e+00 
 4.83509375e-06  2.50000000e+00  2.50000020e+00 
 4.88509375e-06  2.50000000e+00  2.50000020e+00 
 4.93509375e-06  2.50000000e+00  2.50000020e+00 
 4.98509375e-06  2.50000000e+00  2.50000020e+00 
 5.03509375e-06  2.50000000e+00  2.50000020e+00 
 5.08509375e-06  2.50000000e+00  2.50000020e+00 
 5.13509375e-06  2.50000000e+00  2.50000020e+00 
 5.18509375e-06  2.50000000e+00  2.50000020e+00 
 5.19134375e-06  2.50000000e+00  2.50000020e+00 
 5.20384375e-06  2.50000000e+00  2.50000020e+00 
 5.22884375e-06  2.50000000e+00  2.50000020e+00 
 5.27884375e-06  2.50000000e+00  2.50000020e+00 
 5.32884375e-06  2.50000000e+00  2.50000020e+00 
 5.33509375e-06  2.50000000e+00  2.50000020e+00 
 5.34759375e-06  2.50000000e+00  2.50000020e+00 
 5.37259375e-06  2.50000000e+00  2.50000020e+00 
 5.42259375e-06  2.50000000e+00  2.50000020e+00 
 5.47259375e-06  2.50000000e+00  2.50000020e+00 
 5.52259375e-06  2.50000000e+00  2.50000020e+00 
 5.57259375e-06  2.50000000e+00  2.50000020e+00 
 5.57884375e-06  2.50000000e+00  2.50000020e+00 
 5.59134375e-06  2.50000000e+00  2.50000020e+00 
 5.61634375e-06  2.50000000e+00  2.50000020e+00 
 5.66634375e-06  2.50000000e+00  2.50000020e+00 
 5.71634375e-06  2.50000000e+00  2.50000020e+00 
 5.76634375e-06  2.50000000e+00  2.50000020e+00 
 5.81634375e-06  2.50000000e+00  2.50000020e+00 
 5.86634375e-06  2.50000000e+00  2.50000020e+00 
 5.91634375e-06  2.50000000e+00  2.50000020e+00 
 5.92259375e-06  2.50000000e+00  2.50000020e+00 
 5.93509375e-06  2.50000000e+00  2.50000020e+00 
 5.96009375e-06  2.50000000e+00  2.50000020e+00 
 6.01009375e-06  2.50000000e+00  2.50000020e+00 
 6.06009375e-06  2.50000000e+00  2.50000020e+00 
 6.11009375e-06  2.50000000e+00  2.50000020e+00 
 6.11634375e-06  2.50000000e+00  2.50000020e+00 
 6.12884375e-06  2.50000000e+00  2.50000020e+00 
 6.15384375e-06  2.50000000e+00  2.50000020e+00 
 6.20384375e-06  2.50000000e+00  2.50000020e+00 
 6.25384375e-06  2.50000000e+00  2.50000020e+00 
 6.30384375e-06  2.50000000e+00  2.50000020e+00 
 6.31009375e-06  2.50000000e+00  2.50000020e+00 
 6.31165625e-06  2.50000000e+00  2.50000020e+00 
 6.31478125e-06  2.50000000e+00  2.50000020e+00 
 6.31556250e-06  2.50000000e+00  2.50000020e+00 
 6.31712500e-06  2.50000000e+00  2.50000020e+00 
 6.32025000e-06  2.50000000e+00  2.50000020e+00 
 6.32650000e-06  2.50000000e+00  2.50000020e+00 
 6.33900000e-06  2.50000000e+00  2.50000020e+00 
 6.36400000e-06  2.50000000e+00  2.50000020e+00 
 6.41400000e-06  2.50000000e+00  2.50000020e+00 
 6.46400000e-06  2.50000000e+00  2.50000020e+00 
 6.51400000e-06  2.50000000e+00  2.50000020e+00 
 6.56400000e-06  2.50000000e+00  2.50000020e+00 
 6.61400000e-06  2.50000000e+00  2.50000020e+00 
 6.66400000e-06  2.50000000e+00  2.50000020e+00 
 6.67025000e-06  2.50000000e+00  2.50000020e+00 
 6.68275000e-06  2.50000000e+00  2.50000020e+00 
 6.70775000e-06  2.50000000e+00  2.50000020e+00 
 6.75775000e-06  2.50000000e+00  2.50000020e+00 
 6.80775000e-06  2.50000000e+00  2.50000020e+00 
 6.85775000e-06  2.50000000e+00  2.50000020e+00 
 6.90775000e-06  2.50000000e+00  2.50000020e+00 
 6.91400000e-06  2.50000000e+00  2.50000020e+00 
 6.92650000e-06  2.50000000e+00  2.50000020e+00 
 6.95150000e-06  2.50000000e+00  2.50000020e+00 
 7.00150000e-06  2.50000000e+00  2.50000020e+00 
 7.05150000e-06  2.50000000e+00  2.50000020e+00 
 7.10150000e-06  2.50000000e+00  2.50000020e+00 
 7.15150000e-06  2.50000000e+00  2.50000020e+00 
 7.20150000e-06  2.50000000e+00  2.50000020e+00 
 7.25150000e-06  2.50000000e+00  2.50000020e+00 
 7.30150000e-06  2.50000000e+00  2.50000020e+00 
 7.35150000e-06  2.50000000e+00  2.50000020e+00 
 7.40150000e-06  2.50000000e+00  2.50000020e+00 
 7.45150000e-06  2.50000000e+00  2.50000020e+00 
 7.45775000e-06  2.50000000e+00  2.50000020e+00 
 7.45931250e-06  2.50000000e+00  2.50000020e+00 
 7.46243750e-06  2.50000000e+00  2.50000020e+00 
 7.46868750e-06  2.50000000e+00  2.50000020e+00 
 7.48118750e-06  2.50000000e+00  2.50000020e+00 
 7.50618750e-06  2.50000000e+00  2.50000020e+00 
 7.55618750e-06  2.50000000e+00  2.50000020e+00 
 7.60618750e-06  2.50000000e+00  2.50000020e+00 
 7.65618750e-06  2.50000000e+00  2.50000020e+00 
 7.70618750e-06  2.50000000e+00  2.50000020e+00 
 7.75618750e-06  2.50000000e+00  2.50000020e+00 
 7.80618750e-06  2.50000000e+00  2.50000020e+00 
 7.81243750e-06  2.50000000e+00  2.50000020e+00 
 7.82493750e-06  2.50000000e+00  2.50000020e+00 
 7.84993750e-06  2.50000000e+00  2.50000020e+00 
 7.89993750e-06  2.50000000e+00  2.50000020e+00 
 7.94993750e-06  2.50000000e+00  2.50000020e+00 
 7.99993750e-06  2.50000000e+00  2.50000020e+00 
 8.04993750e-06  2.50000000e+00  2.50000020e+00 
 8.09993750e-06  2.50000000e+00  2.50000020e+00 
 8.14993750e-06  2.50000000e+00  2.50000020e+00 
 8.19993750e-06  2.50000000e+00  2.50000020e+00 
 8.24993750e-06  2.50000000e+00  2.50000020e+00 
 8.29993750e-06  2.50000000e+00  2.50000020e+00 
 8.34993750e-06  2.50000000e+00  2.50000020e+00 
 8.39993750e-06  2.50000000e+00  2.50000020e+00 
 8.44993750e-06  2.50000000e+00  2.50000020e+00 
 8.49993750e-06  2.50000000e+00  2.50000020e+00 
 8.54993750e-06  2.50000000e+00  2.50000020e+00 
 8.59993750e-06  2.50000000e+00  2.50000020e+00 
 8.64993750e-06  2.50000000e+00  2.50000020e+00 
 8.69993750e-06  2.50000000e+00  2.50000020e+00 
 8.74993750e-06  2.50000000e+00  2.50000020e+00 
 8.79993750e-06  2.50000000e+00  2.50000020e+00 
 8.84993750e-06  2.50000000e+00  2.50000020e+00 
 8.89993750e-06  2.50000000e+00  2.50000020e+00 
 8.94993750e-06  2.50000000e+00  2.50000020e+00 
 8.99993750e-06  2.50000000e+00  2.50000020e+00 
 9.04993750e-06  2.50000000e+00  2.50000020e+00 
 9.09993750e-06  2.50000000e+00  2.50000020e+00 
 9.14993750e-06  2.50000000e+00  2.50000020e+00 
 9.19993750e-06  2.50000000e+00  2.50000020e+00 
 9.24993750e-06  2.50000000e+00  2.50000020e+00 
 9.29993750e-06  2.50000000e+00  2.50000020e+00 
 9.34993750e-06  2.50000000e+00  2.50000020e+00 
 9.39993750e-06  2.50000000e+00  2.50000020e+00 
 9.44993750e-06  2.50000000e+00  2.50000020e+00 
 9.49993750e-06  2.50000000e+00  2.50000020e+00 
 9.54993750e-06  2.50000000e+00  2.50000020e+00 
 9.59993750e-06  2.50000000e+00  2.50000020e+00 
 9.64993750e-06  2.50000000e+00  2.50000020e+00 
 9.69993750e-06  2.50000000e+00  2.50000020e+00 
 9.70618750e-06  2.50000000e+00  2.50000020e+00 
 9.71868750e-06  2.50000000e+00  2.50000020e+00 
 9.74368750e-06  2.50000000e+00  2.50000020e+00 
 9.79368750e-06  2.50000000e+00  2.50000020e+00 
 9.84368750e-06  2.50000000e+00  2.50000020e+00 
 9.89368750e-06  2.50000000e+00  2.50000020e+00 
 9.94368750e-06  2.50000000e+00  2.50000020e+00 
 9.99368750e-06  2.50000000e+00  2.50000020e+00 
 1.00436875e-05  2.50000000e+00  2.50000020e+00 
 1.00936875e-05  2.50000000e+00  2.50000020e+00 
 1.01436875e-05  2.50000000e+00  2.50000020e+00 
 1.01936875e-05  2.50000000e+00  2.50000020e+00 
 1.02436875e-05  2.50000000e+00  2.50000020e+00 
 1.02936875e-05  2.50000000e+00  2.50000020e+00 
 1.03436875e-05  2.50000000e+00  2.50000020e+00 
 1.03936875e-05  2.50000000e+00  2.50000020e+00 
 1.04436875e-05  2.50000000e+00  2.50000020e+00 
 1.04936875e-05  2.50000000e+00  2.50000020e+00 
 1.05436875e-05  2.50000000e+00  2.50000020e+00 
 1.05936875e-05  2.50000000e+00  2.50000020e+00 
 1.06436875e-05  2.50000000e+00  2.50000020e+00 
 1.06936875e-05  2.50000000e+00  2.50000020e+00 
 1.07436875e-05  2.50000000e+00  2.50000020e+00 
 1.07936875e-05  2.50000000e+00  2.50000020e+00 
 1.08436875e-05  2.50000000e+00  2.50000020e+00 
 1.08936875e-05  2.50000000e+00  2.50000020e+00 
 1.09436875e-05  2.50000000e+00  2.50000020e+00 
 1.09936875e-05  2.50000000e+00  2.50000020e+00 
 1.10436875e-05  2.50000000e+00  2.50000020e+00 
 1.10936875e-05  2.50000000e+00  2.50000020e+00 
 1.11436875e-05  2.50000000e+00  2.50000020e+00 
 1.11936875e-05  2.50000000e+00  2.50000020e+00 
 1.12436875e-05  2.50000000e+00  2.50000020e+00 
 1.12936875e-05  2.50000000e+00  2.50000020e+00 
 1.13436875e-05  2.50000000e+00  2.50000020e+00 
 1.13936875e-05  2.50000000e+00  2.50000020e+00 
 1.14436875e-05  2.50000000e+00  2.50000020e+00 
 1.14936875e-05  2.50000000e+00  2.50000020e+00 
 1.15436875e-05  2.50000000e+00  2.50000020e+00 
 1.15936875e-05  2.50000000e+00  2.50000020e+00 
 1.16436875e-05  2.50000000e+00  2.50000020e+00 
 1.16936875e-05  2.50000000e+00  2.50000020e+00 
 1.16999375e-05  2.50000000e+00  2.50000020e+00 
 1.17124375e-05  2.50000000e+00  2.50000020e+00 
 1.17374375e-05  2.50000000e+00  2.50000020e+00 
 1.17874375e-05  2.50000000e+00  2.50000020e+00 
 1.18374375e-05  2.50000000e+00  2.50000020e+00 
 1.18874375e-05  2.50000000e+00  2.50000020e+00 
 1.19374375e-05  2.50000000e+00  2.50000020e+00 
 1.19874375e-05  2.50000000e+00  2.50000020e+00 
 1.20374375e-05  2.50000000e+00  2.50000020e+00 
 1.20874375e-05  2.50000000e+00  2.50000020e+00 
 1.21374375e-05  2.50000000e+00  2.50000020e+00 
 1.21436875e-05  2.50000000e+00  2.50000020e+00 
 1.21561875e-05  2.50000000e+00  2.50000020e+00 
 1.21811875e-05  2.50000000e+00  2.50000020e+00 
 1.22311875e-05  2.50000000e+00  2.50000020e+00 
 1.22811875e-05  2.50000000e+00  2.50000020e+00 
 1.23311875e-05  2.50000000e+00  2.50000020e+00 
 1.23374375e-05  2.50000000e+00  2.50000020e+00 
 1.23499375e-05  2.50000000e+00  2.50000020e+00 
 1.23749375e-05  2.50000000e+00  2.50000020e+00 
 1.24249375e-05  2.50000000e+00  2.50000020e+00 
 1.24749375e-05  2.50000000e+00  2.50000020e+00 
 1.25249375e-05  2.50000000e+00  2.50000020e+00 
 1.25749375e-05  2.50000000e+00  2.50000020e+00 
 1.26249375e-05  2.50000000e+00  2.50000020e+00 
 1.26749375e-05  2.50000000e+00  2.50000020e+00 
 1.27249375e-05  2.50000000e+00  2.50000020e+00 
 1.27311875e-05  2.50000000e+00  2.50000020e+00 
 1.27436875e-05  2.50000000e+00  2.50000020e+00 
 1.27686875e-05  2.50000000e+00  2.50000020e+00 
 1.28186875e-05  2.50000000e+00  2.50000020e+00 
 1.28686875e-05  2.50000000e+00  2.50000020e+00 
 1.28749375e-05  2.50000000e+00  2.50000020e+00 
 1.28874375e-05  2.50000000e+00  2.50000020e+00 
 1.29124375e-05  2.50000000e+00  2.50000020e+00 
 1.29624375e-05  2.50000000e+00  2.50000020e+00 
 1.30124375e-05  2.50000000e+00  2.50000020e+00 
 1.30624375e-05  2.50000000e+00  2.50000020e+00 
 1.31124375e-05  2.50000000e+00  2.50000020e+00 
 1.31624375e-05  2.50000000e+00  2.50000020e+00 
 1.32124375e-05  2.50000000e+00  2.50000020e+00 
 1.32624375e-05  2.50000000e+00  2.50000020e+00 
 1.33124375e-05  2.50000000e+00  2.50000020e+00 
 1.33186875e-05  2.50000000e+00  2.50000020e+00 
 1.33311875e-05  2.50000000e+00  2.50000020e+00 
 1.33343125e-05  2.50000000e+00  2.50000020e+00 
 1.33405625e-05  2.50000000e+00  2.50000020e+00 
 1.33530625e-05  2.50000000e+00  2.50000020e+00 
 1.33780625e-05  2.50000000e+00  2.50000020e+00 
 1.34280625e-05  2.50000000e+00  2.50000020e+00 
 1.34780625e-05  2.50000000e+00  2.50000020e+00 
 1.35280625e-05  2.50000000e+00  2.50000020e+00 
 1.35780625e-05  2.50000000e+00  2.50000020e+00 
 1.36280625e-05  2.50000000e+00  2.50000020e+00 
 1.36780625e-05  2.50000000e+00  2.50000020e+00 
 1.37280625e-05  2.50000000e+00  2.50000020e+00 
 1.37780625e-05  2.50000000e+00  2.50000020e+00 
 1.38280625e-05  2.50000000e+00  2.50000020e+00 
 1.38780625e-05  2.50000000e+00  2.50000020e+00 
 1.39280625e-05  2.50000000e+00  2.50000020e+00 
 1.39780625e-05  2.50000000e+00  2.50000020e+00 
 1.39843125e-05  2.50000000e+00  2.50000020e+00 
 1.39968125e-05  2.50000000e+00  2.50000020e+00 
 1.40218125e-05  2.50000000e+00  2.50000020e+00 
 1.40280625e-05  2.50000000e+00  2.50000020e+00 
 1.40405625e-05  2.50000000e+00  2.50000020e+00 
 1.40655625e-05  2.50000000e+00  2.50000020e+00 
 1.41155625e-05  2.50000000e+00  2.50000020e+00 
 1.41655625e-05  2.50000000e+00  2.50000020e+00 
 1.42155625e-05  2.50000000e+00  2.50000020e+00 
 1.42655625e-05  2.50000000e+00  2.50000020e+00 
 1.43155625e-05  2.50000000e+00  2.50000020e+00 
 1.43655625e-05  2.50000000e+00  2.50000020e+00 
 1.44155625e-05  2.50000000e+00  2.50000020e+00 
 1.44218125e-05  2.50000000e+00  2.50000020e+00 
 1.44343125e-05  2.50000000e+00  2.50000020e+00 
 1.44593125e-05  2.50000000e+00  2.50000020e+00 
 1.45093125e-05  2.50000000e+00  2.50000020e+00 
 1.45593125e-05  2.50000000e+00  2.50000020e+00 
 1.46093125e-05  2.50000000e+00  2.50000020e+00 
 1.46155625e-05  2.50000000e+00  2.50000020e+00 
 1.46280625e-05  2.50000000e+00  2.50000020e+00 
 1.46530625e-05  2.50000000e+00  2.50000020e+00 
 1.47030625e-05  2.50000000e+00  2.50000020e+00 
 1.47530625e-05  2.50000000e+00  2.50000020e+00 
 1.48030625e-05  2.50000000e+00  2.50000020e+00 
 1.48530625e-05  2.50000000e+00  2.50000020e+00 
 1.49030625e-05  2.50000000e+00  2.50000020e+00 
 1.49530625e-05  2.50000000e+00  2.50000020e+00 
 1.50030625e-05  2.50000000e+00  2.50000020e+00 
 1.50530625e-05  2.50000000e+00  2.50000020e+00 
 1.51030625e-05  2.50000000e+00  2.50000020e+00 
 1.51530625e-05  2.50000000e+00  2.50000020e+00 
 1.52030625e-05  2.50000000e+00  2.50000020e+00 
 1.52530625e-05  2.50000000e+00  2.50000020e+00 
 1.53030625e-05  2.50000000e+00  2.50000020e+00 
 1.53530625e-05  2.50000000e+00  2.50000020e+00 
 1.54030625e-05  2.50000000e+00  2.50000020e+00 
 1.54530625e-05  2.50000000e+00  2.50000020e+00 
 1.55030625e-05  2.50000000e+00  2.50000020e+00 
 1.55530625e-05  2.50000000e+00  2.50000020e+00 
 1.55593125e-05  2.50000000e+00  2.50000020e+00 
 1.55718125e-05  2.50000000e+00  2.50000020e+00 
 1.55968125e-05  2.50000000e+00  2.50000020e+00 
 1.56468125e-05  2.50000000e+00  2.50000020e+00 
 1.56968125e-05  2.50000000e+00  2.50000020e+00 
 1.57468125e-05  2.50000000e+00  2.50000020e+00 
 1.57968125e-05  2.50000000e+00  2.50000020e+00 
 1.58468125e-05  2.50000000e+00  2.50000020e+00 
 1.58968125e-05  2.50000000e+00  2.50000020e+00 
 1.58975937e-05  2.50000000e+00  2.50000020e+00 
 1.58991562e-05  2.50000000e+00  2.50000020e+00 
 1.59022812e-05  2.50000000e+00  2.50000020e+00 
 1.59085312e-05  2.50000000e+00  2.50000020e+00 
 1.59100937e-05  2.50000000e+00  2.50000020e+00 
 1.59132187e-05  2.50000000e+00  2.50000020e+00 
 1.59194687e-05  2.50000000e+00  2.50000020e+00 
 1.59319687e-05  2.50000000e+00  2.50000020e+00 
 1.59350937e-05  2.50000000e+00  2.50000020e+00 
 1.59413437e-05  2.50000000e+00  2.50000020e+00 
 1.59538437e-05  2.50000000e+00  2.50000020e+00 
 1.59788437e-05  2.50000000e+00  2.50000020e+00 
 1.60288437e-05  2.50000000e+00  2.50000020e+00 
 1.60788437e-05  2.50000000e+00  2.50000020e+00 
 1.61288437e-05  2.50000000e+00  2.50000020e+00 
 1.61788437e-05  2.50000000e+00  2.50000020e+00 
 1.62288437e-05  2.50000000e+00  2.50000020e+00 
 1.62788437e-05  2.50000000e+00  2.50000020e+00 
 1.63288437e-05  2.50000000e+00  2.50000020e+00 
 1.63788437e-05  2.50000000e+00  2.50000020e+00 
 1.64288437e-05  2.50000000e+00  2.50000020e+00 
 1.64788437e-05  2.50000000e+00  2.50000020e+00 
 1.65288437e-05  2.50000000e+00  2.50000020e+00 
 1.65788437e-05  2.50000000e+00  2.50000020e+00 
 1.66288438e-05  2.50000000e+00  2.50000020e+00 
 1.66788438e-05  2.50000000e+00  2.50000020e+00 
 1.67288438e-05  2.50000000e+00  2.50000020e+00 
 1.67788438e-05  2.50000000e+00  2.50000020e+00 
 1.68288438e-05  2.50000000e+00  2.50000020e+00 
 1.68788438e-05  2.50000000e+00  2.50000020e+00 
 1.69288438e-05  2.50000000e+00  2.50000020e+00 
 1.69788438e-05  2.50000000e+00  2.50000020e+00 
 1.70288438e-05  2.50000000e+00  2.50000020e+00 
 1.70350938e-05  2.50000000e+00  2.50000020e+00 
 1.70475938e-05  2.50000000e+00  2.50000020e+00 
 1.70725938e-05  2.50000000e+00  2.50000020e+00 
 1.71225938e-05  2.50000000e+00  2.50000020e+00 
 1.71725938e-05  2.50000000e+00  2.50000020e+00 
 1.71788438e-05  2.50000000e+00  2.50000020e+00 
 1.71804063e-05  2.50000000e+00  2.50000020e+00 
 1.71835313e-05  2.50000000e+00  2.50000020e+00 
 1.71897813e-05  2.50000000e+00  2.50000020e+00 
 1.71913438e-05  2.50000000e+00  2.50000020e+00 
 1.71944688e-05  2.50000000e+00  2.50000020e+00 
 1.72007188e-05  2.50000000e+00  2.50000020e+00 
 1.72132188e-05  2.50000000e+00  2.50000020e+00 
 1.72382188e-05  2.50000000e+00  2.50000020e+00 
 1.72882188e-05  2.50000000e+00  2.50000020e+00 
 1.72944688e-05  2.50000000e+00  2.50000020e+00 
 1.72960313e-05  2.50000000e+00  2.50000020e+00 
 1.72991563e-05  2.50000000e+00  2.50000020e+00 
 1.72999375e-05  2.50000000e+00  2.50000020e+00 
 1.73015000e-05  2.50000000e+00  2.50000020e+00 
 1.73046250e-05  2.50000000e+00  2.50000020e+00 
 1.73108750e-05  2.50000000e+00  2.50000020e+00 
 1.73233750e-05  2.50000000e+00  2.50000020e+00 
 1.73483750e-05  2.50000000e+00  2.50000020e+00 
 1.73546250e-05  2.50000000e+00  2.50000020e+00 
 1.73671250e-05  2.50000000e+00  2.50000020e+00 
 1.73921250e-05  2.50000000e+00  2.50000020e+00 
 1.74421250e-05  2.50000000e+00  2.50000020e+00 
 1.74921250e-05  2.50000000e+00  2.50000020e+00 
 1.75421250e-05  2.50000000e+00  2.50000020e+00 
 1.75921250e-05  2.50000000e+00  2.50000020e+00 
 1.76421250e-05  2.50000000e+00  2.50000020e+00 
 1.76921250e-05  2.50000000e+00  2.50000020e+00 
 1.77421250e-05  2.50000000e+00  2.50000020e+00 
 1.77921250e-05  2.50000000e+00  2.50000020e+00 
 1.78421250e-05  2.50000000e+00  2.50000020e+00 
 1.78921250e-05  2.50000000e+00  2.50000020e+00 
 1.79421250e-05  2.50000000e+00  2.50000020e+00 
 1.79921250e-05  2.50000000e+00  2.50000020e+00 
 1.80421250e-05  2.50000000e+00  2.50000020e+00 
 1.80921250e-05  2.50000000e+00  2.50000020e+00 
 1.80983750e-05  2.50000000e+00  2.50000020e+00 
 1.81108750e-05  2.50000000e+00  2.50000020e+00 
 1.81358750e-05  2.50000000e+00  2.50000020e+00 
 1.81858750e-05  2.50000000e+00  2.50000020e+00 
 1.82358750e-05  2.50000000e+00  2.50000020e+00 
 1.82858750e-05  2.50000000e+00  2.50000020e+00 
 1.83358750e-05  2.50000000e+00  2.50000020e+00 
 1.83858750e-05  2.50000000e+00  2.50000020e+00 
 1.84358750e-05  2.50000000e+00  2.50000020e+00 
 1.84858750e-05  2.50000000e+00  2.50000020e+00 
 1.85358750e-05  2.50000000e+00  2.50000020e+00 
 1.85858750e-05  2.50000000e+00  2.50000020e+00 
 1.86358750e-05  2.50000000e+00  2.50000020e+00 
 1.86858750e-05  2.50000000e+00  2.50000020e+00 
 1.87358750e-05  2.50000000e+00  2.50000020e+00 
 1.87858750e-05  2.50000000e+00  2.50000020e+00 
 1.88358750e-05  2.50000000e+00  2.50000020e+00 
 1.88858750e-05  2.50000000e+00  2.50000020e+00 
 1.89358750e-05  2.50000000e+00  2.50000020e+00 
 1.89858750e-05  2.50000000e+00  2.50000020e+00 
 1.90358750e-05  2.50000000e+00  2.50000020e+00 
 1.90858750e-05  2.50000000e+00  2.50000020e+00 
 1.91358750e-05  2.50000000e+00  2.50000020e+00 
 1.91858750e-05  2.50000000e+00  2.50000020e+00 
 1.92358750e-05  2.50000000e+00  2.50000020e+00 
 1.92858750e-05  2.50000000e+00  2.50000020e+00 
 1.93358750e-05  2.50000000e+00  2.50000020e+00 
 1.93421250e-05  2.50000000e+00  2.50000020e+00 
 1.93546250e-05  2.50000000e+00  2.50000020e+00 
 1.93796250e-05  2.50000000e+00  2.50000020e+00 
 1.94296250e-05  2.50000000e+00  2.50000020e+00 
 1.94796250e-05  2.50000000e+00  2.50000020e+00 
 1.95296250e-05  2.50000000e+00  2.50000020e+00 
 1.95796250e-05  2.50000000e+00  2.50000020e+00 
 1.96296250e-05  2.50000000e+00  2.50000020e+00 
 1.96796250e-05  2.50000000e+00  2.50000020e+00 
 1.97296250e-05  2.50000000e+00  2.50000020e+00 
 1.97796250e-05  2.50000000e+00  2.50000020e+00 
 1.98296250e-05  2.50000000e+00  2.50000020e+00 
 1.98796250e-05  2.50000000e+00  2.50000020e+00 
 1.99296250e-05  2.50000000e+00  2.50000020e+00 
 1.99648125e-05  2.50000000e+00  2.50000020e+00 
 2.00000000e-05  2.50000000e+00  2.50000020e+00 
 2.00000976e-05  2.50009758e+00  2.50000766e+00 
 2.00002927e-05  2.50029274e+00  2.50002244e+00 
 2.00005634e-05  2.50056341e+00  2.50004319e+00 
 2.00008386e-05  2.50083863e+00  2.50006541e+00 
 2.00013891e-05  2.50138908e+00  2.50011555e+00 
 2.00022584e-05  2.50225837e+00  2.50021494e+00 
 2.00032554e-05  2.50325541e+00  2.50036527e+00 
 2.00042616e-05  2.50426162e+00  2.50056090e+00 
 2.00053939e-05  2.50539390e+00  2.50083687e+00 
 2.00070153e-05  2.50701532e+00  2.50133580e+00 
 2.00085077e-05  2.50850766e+00  2.50189946e+00 
 2.00100000e-05  2.51000000e+00  2.50255601e+00 
 2.00101011e-05  2.51000000e+00  2.50259614e+00 
 2.00103033e-05  2.51000000e+00  2.50267731e+00 
 2.00107077e-05  2.51000000e+00  2.50284325e+00 
 2.00115164e-05  2.51000000e+00  2.50318130e+00 
 2.00131340e-05  2.51000000e+00  2.50385145e+00 
 2.00162041e-05  2.51000000e+00  2.50500628e+00 
 2.00193715e-05  2.51000000e+00  2.50597074e+00 
 2.00241582e-05  2.51000000e+00  2.50700680e+00 
 2.00303494e-05  2.51000000e+00  2.50783770e+00 
 2.00365381e-05  2.51000000e+00  2.50836703e+00 
 2.00433761e-05  2.51000000e+00  2.50879410e+00 
 2.00522114e-05  2.51000000e+00  2.50919413e+00 
 2.00670173e-05  2.51000000e+00  2.50959350e+00 
 2.00804663e-05  2.51000000e+00  2.50976859e+00 
 2.00981693e-05  2.51000000e+00  2.50988077e+00 
 2.01153657e-05  2.51000000e+00  2.50992948e+00 
 2.01392528e-05  2.51000000e+00  2.50995974e+00 
 2.01675188e-05  2.51000000e+00  2.50997585e+00 
 2.01884397e-05  2.51000000e+00  2.50998298e+00 
 2.02084510e-05  2.51000000e+00  2.50998830e+00 
 2.02357309e-05  2.51000000e+00  2.50999412e+00 
 2.02611160e-05  2.51000000e+00  2.50999839e+00 
 2.02936467e-05  2.51000000e+00  2.51000276e+00 
 2.03267483e-05  2.51000000e+00  2.51000624e+00 
 2.03713142e-05  2.51000000e+00  2.51000985e+00 
 2.04213142e-05  2.51000000e+00  2.51001280e+00 
 2.04713142e-05  2.51000000e+00  2.51001488e+00 
 2.05213142e-05  2.51000000e+00  2.51001629e+00 
 2.05713142e-05  2.51000000e+00  2.51001716e+00 
 2.06213142e-05  2.51000000e+00  2.51001762e+00 
 2.06713142e-05  2.51000000e+00  2.51001773e+00 
 2.07213142e-05  2.51000000e+00  2.51001758e+00 
 2.07713142e-05  2.51000000e+00  2.51001723e+00 
 2.08213142e-05  2.51000000e+00  2.51001671e+00 
 2.08713142e-05  2.51000000e+00  2.51001609e+00 
 2.09213142e-05  2.51000000e+00  2.51001538e+00 
 2.09713142e-05  2.51000000e+00  2.51001462e+00 
 2.10213142e-05  2.51000000e+00  2.51001383e+00 
 2.10713142e-05  2.51000000e+00  2.51001302e+00 
 2.11213142e-05  2.51000000e+00  2.51001221e+00 
 2.11713142e-05  2.51000000e+00  2.51001142e+00 
 2.12213142e-05  2.51000000e+00  2.51001064e+00 
 2.12713142e-05  2.51000000e+00  2.51000989e+00 
 2.13213142e-05  2.51000000e+00  2.51000917e+00 
 2.13713142e-05  2.51000000e+00  2.51000848e+00 
 2.14213142e-05  2.51000000e+00  2.51000783e+00 
 2.14713142e-05  2.51000000e+00  2.51000722e+00 
 2.15213142e-05  2.51000000e+00  2.51000664e+00 
 2.15713142e-05  2.51000000e+00  2.51000610e+00 
 2.16213142e-05  2.51000000e+00  2.51000559e+00 
 2.16713142e-05  2.51000000e+00  2.51000512e+00 
 2.17213142e-05  2.51000000e+00  2.51000468e+00 
 2.17713142e-05  2.51000000e+00  2.51000428e+00 
 2.18213142e-05  2.51000000e+00  2.51000390e+00 
 2.18713142e-05  2.51000000e+00  2.51000356e+00 
 2.19213142e-05  2.51000000e+00  2.51000324e+00 
 2.19713142e-05  2.51000000e+00  2.51000295e+00 
 2.20213142e-05  2.51000000e+00  2.51000268e+00 
 2.20713142e-05  2.51000000e+00  2.51000244e+00 
 2.21213142e-05  2.51000000e+00  2.51000221e+00 
 2.21713142e-05  2.51000000e+00  2.51000201e+00 
 2.22213142e-05  2.51000000e+00  2.51000182e+00 
 2.22713142e-05  2.51000000e+00  2.51000165e+00 
 2.23213142e-05  2.51000000e+00  2.51000149e+00 
 2.23713142e-05  2.51000000e+00  2.51000135e+00 
 2.24213142e-05  2.51000000e+00  2.51000122e+00 
 2.24713142e-05  2.51000000e+00  2.51000111e+00 
 2.25213142e-05  2.51000000e+00  2.51000100e+00 
 2.25713142e-05  2.51000000e+00  2.51000091e+00 
 2.26213142e-05  2.51000000e+00  2.51000082e+00 
 2.26275642e-05  2.51000000e+00  2.51000081e+00 
 2.26400642e-05  2.51000000e+00  2.51000079e+00 
 2.26650642e-05  2.51000000e+00  2.51000075e+00 
 2.27150642e-05  2.51000000e+00  2.51000068e+00 
 2.27650642e-05  2.51000000e+00  2.51000062e+00 
 2.28150642e-05  2.51000000e+00  2.51000056e+00 
 2.28650642e-05  2.51000000e+00  2.51000051e+00 
 2.29150642e-05  2.51000000e+00  2.51000046e+00 
 2.29650642e-05  2.51000000e+00  2.51000042e+00 
 2.30150642e-05  2.51000000e+00  2.51000038e+00 
 2.30213142e-05  2.51000000e+00  2.51000037e+00 
 2.30338142e-05  2.51000000e+00  2.51000036e+00 
 2.30588142e-05  2.51000000e+00  2.51000035e+00 
 2.31088142e-05  2.51000000e+00  2.51000032e+00 
 2.31588142e-05  2.51000000e+00  2.51000029e+00 
 2.32088142e-05  2.51000000e+00  2.51000026e+00 
 2.32588142e-05  2.51000000e+00  2.51000024e+00 
 2.33088142e-05  2.51000000e+00  2.51000022e+00 
 2.33588142e-05  2.51000000e+00  2.51000020e+00 
 2.34088142e-05  2.51000000e+00  2.51000019e+00 
 2.34588142e-05  2.51000000e+00  2.51000017e+00 
 2.35088142e-05  2.51000000e+00  2.51000016e+00 
 2.35588142e-05  2.51000000e+00  2.51000015e+00 
 2.36088142e-05  2.51000000e+00  2.51000014e+00 
 2.36588142e-05  2.51000000e+00  2.51000013e+00 
 2.37088142e-05  2.51000000e+00  2.51000012e+00 
 2.37588142e-05  2.51000000e+00  2.51000011e+00 
 2.38088142e-05  2.51000000e+00  2.51000011e+00 
 2.38150642e-05  2.51000000e+00  2.51000011e+00 
 2.38166267e-05  2.51000000e+00  2.51000011e+00 
 2.38170173e-05  2.51000000e+00  2.51000011e+00 
 2.38177986e-05  2.51000000e+00  2.51000011e+00 
 2.38193611e-05  2.51000000e+00  2.51000011e+00 
 2.38224861e-05  2.51000000e+00  2.51000010e+00 
 2.38287361e-05  2.51000000e+00  2.51000010e+00 
 2.38412361e-05  2.51000000e+00  2.51000010e+00 
 2.38662361e-05  2.51000000e+00  2.51000010e+00 
 2.39162361e-05  2.51000000e+00  2.51000010e+00 
 2.39662361e-05  2.51000000e+00  2.51000009e+00 
 2.40162361e-05  2.51000000e+00  2.51000009e+00 
 2.40662361e-05  2.51000000e+00  2.51000008e+00 
 2.41162361e-05  2.51000000e+00  2.51000008e+00 
 2.41662361e-05  2.51000000e+00  2.51000008e+00 
 2.42162361e-05  2.51000000e+00  2.51000008e+00 
 2.42662361e-05  2.51000000e+00  2.51000008e+00 
 2.43162361e-05  2.51000000e+00  2.51000007e+00 
 2.43662361e-05  2.51000000e+00  2.51000007e+00 
 2.43724861e-05  2.51000000e+00  2.51000007e+00 
 2.43740486e-05  2.51000000e+00  2.51000007e+00 
 2.43771736e-05  2.51000000e+00  2.51000007e+00 
 2.43834236e-05  2.51000000e+00  2.51000007e+00 
 2.43959236e-05  2.51000000e+00  2.51000007e+00 
 2.44209236e-05  2.51000000e+00  2.51000007e+00 
 2.44709236e-05  2.51000000e+00  2.51000007e+00 
 2.45209236e-05  2.51000000e+00  2.51000007e+00 
 2.45709236e-05  2.51000000e+00  2.51000007e+00 
 2.46209236e-05  2.51000000e+00  2.51000007e+00 
 2.46709236e-05  2.51000000e+00  2.51000007e+00 
 2.46771736e-05  2.51000000e+00  2.51000007e+00 
 2.46896736e-05  2.51000000e+00  2.51000007e+00 
 2.47146736e-05  2.51000000e+00  2.51000007e+00 
 2.47646736e-05  2.51000000e+00  2.51000007e+00 
 2.48146736e-05  2.51000000e+00  2.51000007e+00 
 2.48646736e-05  2.51000000e+00  2.51000007e+00 
 2.49146736e-05  2.51000000e+00  2.51000007e+00 
 2.49209236e-05  2.51000000e+00  2.51000007e+00 
 2.49334236e-05  2.51000000e+00  2.51000007e+00 
 2.49584236e-05  2.51000000e+00  2.51000007e+00 
 2.50084236e-05  2.51000000e+00  2.51000007e+00 
 2.50584236e-05  2.51000000e+00  2.51000007e+00 
 2.51084236e-05  2.51000000e+00  2.51000007e+00 
 2.51584236e-05  2.51000000e+00  2.51000007e+00 
 2.52084236e-05  2.51000000e+00  2.51000007e+00 
 2.52584236e-05  2.51000000e+00  2.51000007e+00 
 2.53084236e-05  2.51000000e+00  2.51000007e+00 
 2.53584236e-05  2.51000000e+00  2.51000007e+00 
 2.54084236e-05  2.51000000e+00  2.51000008e+00 
 2.54584236e-05  2.51000000e+00  2.51000008e+00 
 2.55084236e-05  2.51000000e+00  2.51000008e+00 
 2.55584236e-05  2.51000000e+00  2.51000008e+00 
 2.56084236e-05  2.51000000e+00  2.51000008e+00 
 2.56584236e-05  2.51000000e+00  2.51000008e+00 
 2.57084236e-05  2.51000000e+00  2.51000008e+00 
 2.57584236e-05  2.51000000e+00  2.51000008e+00 
 2.58084236e-05  2.51000000e+00  2.51000008e+00 
 2.58584236e-05  2.51000000e+00  2.51000008e+00 
 2.59084236e-05  2.51000000e+00  2.51000008e+00 
 2.59584236e-05  2.51000000e+00  2.51000008e+00 
 2.60084236e-05  2.51000000e+00  2.51000008e+00 
 2.60584236e-05  2.51000000e+00  2.51000008e+00 
 2.61084236e-05  2.51000000e+00  2.51000008e+00 
 2.61584236e-05  2.51000000e+00  2.51000009e+00 
 2.62084236e-05  2.51000000e+00  2.51000009e+00 
 2.62584236e-05  2.51000000e+00  2.51000009e+00 
 2.63084236e-05  2.51000000e+00  2.51000009e+00 
 2.63584236e-05  2.51000000e+00  2.51000009e+00 
 2.64084236e-05  2.51000000e+00  2.51000009e+00 
 2.64584236e-05  2.51000000e+00  2.51000009e+00 
 2.64646736e-05  2.51000000e+00  2.51000009e+00 
 2.64771736e-05  2.51000000e+00  2.51000009e+00 
 2.65021736e-05  2.51000000e+00  2.51000009e+00 
 2.65521736e-05  2.51000000e+00  2.51000009e+00 
 2.66021736e-05  2.51000000e+00  2.51000009e+00 
 2.66521736e-05  2.51000000e+00  2.51000009e+00 
 2.67021736e-05  2.51000000e+00  2.51000009e+00 
 2.67521736e-05  2.51000000e+00  2.51000009e+00 
 2.68021736e-05  2.51000000e+00  2.51000009e+00 
 2.68521736e-05  2.51000000e+00  2.51000009e+00 
 2.69021736e-05  2.51000000e+00  2.51000010e+00 
 2.69521736e-05  2.51000000e+00  2.51000010e+00 
 2.70021736e-05  2.51000000e+00  2.51000010e+00 
 2.70521736e-05  2.51000000e+00  2.51000010e+00 
 2.71021736e-05  2.51000000e+00  2.51000010e+00 
 2.71521736e-05  2.51000000e+00  2.51000010e+00 
 2.72021736e-05  2.51000000e+00  2.51000010e+00 
 2.72521736e-05  2.51000000e+00  2.51000010e+00 
 2.73021736e-05  2.51000000e+00  2.51000010e+00 
 2.73521736e-05  2.51000000e+00  2.51000010e+00 
 2.74021736e-05  2.51000000e+00  2.51000010e+00 
 2.74521736e-05  2.51000000e+00  2.51000010e+00 
 2.74584236e-05  2.51000000e+00  2.51000010e+00 
 2.74709236e-05  2.51000000e+00  2.51000010e+00 
 2.74959236e-05  2.51000000e+00  2.51000010e+00 
 2.75459236e-05  2.51000000e+00  2.51000010e+00 
 2.75959236e-05  2.51000000e+00  2.51000010e+00 
 2.76459236e-05  2.51000000e+00  2.51000010e+00 
 2.76959236e-05  2.51000000e+00  2.51000011e+00 
 2.77459236e-05  2.51000000e+00  2.51000011e+00 
 2.77959236e-05  2.51000000e+00  2.51000011e+00 
 2.78459236e-05  2.51000000e+00  2.51000011e+00 
 2.78959236e-05  2.51000000e+00  2.51000011e+00 
 2.79459236e-05  2.51000000e+00  2.51000011e+00 
 2.79959236e-05  2.51000000e+00  2.51000011e+00 
 2.80459236e-05  2.51000000e+00  2.51000011e+00 
 2.80521736e-05  2.51000000e+00  2.51000011e+00 
 2.80646736e-05  2.51000000e+00  2.51000011e+00 
 2.80896736e-05  2.51000000e+00  2.51000011e+00 
 2.81396736e-05  2.51000000e+00  2.51000011e+00 
 2.81896736e-05  2.51000000e+00  2.51000011e+00 
 2.82396736e-05  2.51000000e+00  2.51000011e+00 
 2.82896736e-05  2.51000000e+00  2.51000011e+00 
 2.83396736e-05  2.51000000e+00  2.51000011e+00 
 2.83896736e-05  2.51000000e+00  2.51000011e+00 
 2.84396736e-05  2.51000000e+00  2.51000011e+00 
 2.84896736e-05  2.51000000e+00  2.51000011e+00 
 2.85396736e-05  2.51000000e+00  2.51000011e+00 
 2.85896736e-05  2.51000000e+00  2.51000012e+00 
 2.86396736e-05  2.51000000e+00  2.51000012e+00 
 2.86896736e-05  2.51000000e+00  2.51000012e+00 
 2.87396736e-05  2.51000000e+00  2.51000012e+00 
 2.87896736e-05  2.51000000e+00  2.51000012e+00 
 2.88396736e-05  2.51000000e+00  2.51000012e+00 
 2.88896736e-05  2.51000000e+00  2.51000012e+00 
 2.89396736e-05  2.51000000e+00  2.51000012e+00 
 2.89896736e-05  2.51000000e+00  2.51000012e+00 
 2.90396736e-05  2.51000000e+00  2.51000012e+00 
 2.90896736e-05  2.51000000e+00  2.51000012e+00 
 2.91396736e-05  2.51000000e+00  2.51000012e+00 
 2.91896736e-05  2.51000000e+00  2.51000012e+00 
 2.92396736e-05  2.51000000e+00  2.51000012e+00 
 2.92896736e-05  2.51000000e+00  2.51000012e+00 
 2.93396736e-05  2.51000000e+00  2.51000012e+00 
 2.93896736e-05  2.51000000e+00  2.51000012e+00 
 2.94396736e-05  2.51000000e+00  2.51000012e+00 
 2.94896736e-05  2.51000000e+00  2.51000012e+00 
 2.95396736e-05  2.51000000e+00  2.51000013e+00 
 2.95896736e-05  2.51000000e+00  2.51000013e+00 
 2.96396736e-05  2.51000000e+00  2.51000013e+00 
 2.96896736e-05  2.51000000e+00  2.51000013e+00 
 2.97396736e-05  2.51000000e+00  2.51000013e+00 
 2.97896736e-05  2.51000000e+00  2.51000013e+00 
 2.98396736e-05  2.51000000e+00  2.51000013e+00 
 2.98896736e-05  2.51000000e+00  2.51000013e+00 
 2.99396736e-05  2.51000000e+00  2.51000013e+00 
 2.99896736e-05  2.51000000e+00  2.51000013e+00 
 3.00396736e-05  2.51000000e+00  2.51000013e+00 
 3.00896736e-05  2.51000000e+00  2.51000013e+00 
 3.01396736e-05  2.51000000e+00  2.51000013e+00 
 3.01896736e-05  2.51000000e+00  2.51000013e+00 
 3.02396736e-05  2.51000000e+00  2.51000013e+00 
 3.02896736e-05  2.51000000e+00  2.51000013e+00 
 3.02959236e-05  2.51000000e+00  2.51000013e+00 
 3.03084236e-05  2.51000000e+00  2.51000013e+00 
 3.03334236e-05  2.51000000e+00  2.51000013e+00 
 3.03834236e-05  2.51000000e+00  2.51000013e+00 
 3.04334236e-05  2.51000000e+00  2.51000013e+00 
 3.04834236e-05  2.51000000e+00  2.51000013e+00 
 3.05334236e-05  2.51000000e+00  2.51000013e+00 
 3.05834236e-05  2.51000000e+00  2.51000013e+00 
 3.06334236e-05  2.51000000e+00  2.51000013e+00 
 3.06834236e-05  2.51000000e+00  2.51000014e+00 
 3.07334236e-05  2.51000000e+00  2.51000014e+00 
 3.07834236e-05  2.51000000e+00  2.51000014e+00 
 3.08334236e-05  2.51000000e+00  2.51000014e+00 
 3.08834236e-05  2.51000000e+00  2.51000014e+00 
 3.09334236e-05  2.51000000e+00  2.51000014e+00 
 3.09396736e-05  2.51000000e+00  2.51000014e+00 
 3.09521736e-05  2.51000000e+00  2.51000014e+00 
 3.09771736e-05  2.51000000e+00  2.51000014e+00 
 3.09834236e-05  2.51000000e+00  2.51000014e+00 
 3.09959236e-05  2.51000000e+00  2.51000014e+00 
 3.10209236e-05  2.51000000e+00  2.51000014e+00 
 3.10271736e-05  2.51000000e+00  2.51000014e+00 
 3.10396736e-05  2.51000000e+00  2.51000014e+00 
 3.10646736e-05  2.51000000e+00  2.51000014e+00 
 3.11146736e-05  2.51000000e+00  2.51000014e+00 
 3.11646736e-05  2.51000000e+00  2.51000014e+00 
 3.12146736e-05  2.51000000e+00  2.51000014e+00 
 3.12209236e-05  2.51000000e+00  2.51000014e+00 
 3.12334236e-05  2.51000000e+00  2.51000014e+00 
 3.12584236e-05  2.51000000e+00  2.51000014e+00 
 3.13084236e-05  2.51000000e+00  2.51000014e+00 
 3.13584236e-05  2.51000000e+00  2.51000014e+00 
 3.14084236e-05  2.51000000e+00  2.51000014e+00 
 3.14584236e-05  2.51000000e+00  2.51000014e+00 
 3.15084236e-05  2.51000000e+00  2.51000014e+00 
 3.15146736e-05  2.51000000e+00  2.51000014e+00 
 3.15271736e-05  2.51000000e+00  2.51000014e+00 
 3.15521736e-05  2.51000000e+00  2.51000014e+00 
 3.15584236e-05  2.51000000e+00  2.51000014e+00 
 3.15709236e-05  2.51000000e+00  2.51000014e+00 
 3.15959236e-05  2.51000000e+00  2.51000014e+00 
 3.16459236e-05  2.51000000e+00  2.51000014e+00 
 3.16959236e-05  2.51000000e+00  2.51000014e+00 
 3.17459236e-05  2.51000000e+00  2.51000014e+00 
 3.17959236e-05  2.51000000e+00  2.51000014e+00 
 3.18021736e-05  2.51000000e+00  2.51000014e+00 
 3.18146736e-05  2.51000000e+00  2.51000014e+00 
 3.18396736e-05  2.51000000e+00  2.51000014e+00 
 3.18896736e-05  2.51000000e+00  2.51000014e+00 
 3.19396736e-05  2.51000000e+00  2.51000014e+00 
 3.19459236e-05  2.51000000e+00  2.51000014e+00 
 3.19474861e-05  2.51000000e+00  2.51000014e+00 
 3.19506111e-05  2.51000000e+00  2.51000014e+00 
 3.19568611e-05  2.51000000e+00  2.51000014e+00 
 3.19693611e-05  2.51000000e+00  2.51000014e+00 
 3.19943611e-05  2.51000000e+00  2.51000014e+00 
 3.20443611e-05  2.51000000e+00  2.51000015e+00 
 3.20943611e-05  2.51000000e+00  2.51000015e+00 
 3.21006111e-05  2.51000000e+00  2.51000015e+00 
 3.21131111e-05  2.51000000e+00  2.51000015e+00 
 3.21381111e-05  2.51000000e+00  2.51000015e+00 
 3.21881111e-05  2.51000000e+00  2.51000015e+00 
 3.22381111e-05  2.51000000e+00  2.51000015e+00 
 3.22881111e-05  2.51000000e+00  2.51000015e+00 
 3.23381111e-05  2.51000000e+00  2.51000015e+00 
 3.23881111e-05  2.51000000e+00  2.51000015e+00 
 3.24381111e-05  2.51000000e+00  2.51000015e+00 
 3.24881111e-05  2.51000000e+00  2.51000015e+00 
 3.24943611e-05  2.51000000e+00  2.51000015e+00 
 3.25068611e-05  2.51000000e+00  2.51000015e+00 
 3.25318611e-05  2.51000000e+00  2.51000015e+00 
 3.25818611e-05  2.51000000e+00  2.51000015e+00 
 3.26318611e-05  2.51000000e+00  2.51000015e+00 
 3.26818611e-05  2.51000000e+00  2.51000015e+00 
 3.26881111e-05  2.51000000e+00  2.51000015e+00 
 3.27006111e-05  2.51000000e+00  2.51000015e+00 
 3.27256111e-05  2.51000000e+00  2.51000015e+00 
 3.27756111e-05  2.51000000e+00  2.51000015e+00 
 3.28256111e-05  2.51000000e+00  2.51000015e+00 
 3.28756111e-05  2.51000000e+00  2.51000015e+00 
 3.29256111e-05  2.51000000e+00  2.51000015e+00 
 3.29756111e-05  2.51000000e+00  2.51000015e+00 
 3.30256111e-05  2.51000000e+00  2.51000015e+00 
 3.30756111e-05  2.51000000e+00  2.51000015e+00 
 3.31256111e-05  2.51000000e+00  2.51000015e+00 
 3.31756111e-05  2.51000000e+00  2.51000015e+00 
 3.32256111e-05  2.51000000e+00  2.51000015e+00 
 3.32756111e-05  2.51000000e+00  2.51000015e+00 
 3.33256111e-05  2.51000000e+00  2.51000015e+00 
 3.33756111e-05  2.51000000e+00  2.51000015e+00 
 3.34256111e-05  2.51000000e+00  2.51000015e+00 
 3.34318611e-05  2.51000000e+00  2.51000015e+00 
 3.34443611e-05  2.51000000e+00  2.51000015e+00 
 3.34474861e-05  2.51000000e+00  2.51000015e+00 
 3.34537361e-05  2.51000000e+00  2.51000015e+00 
 3.34662361e-05  2.51000000e+00  2.51000015e+00 
 3.34912361e-05  2.51000000e+00  2.51000015e+00 
 3.34974861e-05  2.51000000e+00  2.51000015e+00 
 3.35099861e-05  2.51000000e+00  2.51000015e+00 
 3.35131111e-05  2.51000000e+00  2.51000015e+00 
 3.35193611e-05  2.51000000e+00  2.51000015e+00 
 3.35318611e-05  2.51000000e+00  2.51000015e+00 
 3.35568611e-05  2.51000000e+00  2.51000015e+00 
 3.36068611e-05  2.51000000e+00  2.51000016e+00 
 3.36568611e-05  2.51000000e+00  2.51000016e+00 
 3.37068611e-05  2.51000000e+00  2.51000016e+00 
 3.37131111e-05  2.51000000e+00  2.51000016e+00 
 3.37256111e-05  2.51000000e+00  2.51000016e+00 
 3.37506111e-05  2.51000000e+00  2.51000016e+00 
 3.38006111e-05  2.51000000e+00  2.51000016e+00 
 3.38506111e-05  2.51000000e+00  2.51000016e+00 
 3.39006111e-05  2.51000000e+00  2.51000016e+00 
 3.39506111e-05  2.51000000e+00  2.51000016e+00 
 3.40006111e-05  2.51000000e+00  2.51000016e+00 
 3.40506111e-05  2.51000000e+00  2.51000016e+00 
 3.41006111e-05  2.51000000e+00  2.51000016e+00 
 3.41506111e-05  2.51000000e+00  2.51000016e+00 
 3.42006111e-05  2.51000000e+00  2.51000016e+00 
 3.42506111e-05  2.51000000e+00  2.51000016e+00 
 3.42568611e-05  2.51000000e+00  2.51000016e+00 
 3.42584236e-05  2.51000000e+00  2.51000016e+00 
 3.42615486e-05  2.51000000e+00  2.51000016e+00 
 3.42677986e-05  2.51000000e+00  2.51000016e+00 
 3.42802986e-05  2.51000000e+00  2.51000016e+00 
 3.43052986e-05  2.51000000e+00  2.51000016e+00 
 3.43115486e-05  2.51000000e+00  2.51000016e+00 
 3.43240486e-05  2.51000000e+00  2.51000016e+00 
 3.43490486e-05  2.51000000e+00  2.51000016e+00 
 3.43990486e-05  2.51000000e+00  2.51000016e+00 
 3.44490486e-05  2.51000000e+00  2.51000016e+00 
 3.44990486e-05  2.51000000e+00  2.51000016e+00 
 3.45490486e-05  2.51000000e+00  2.51000016e+00 
 3.45990486e-05  2.51000000e+00  2.51000016e+00 
 3.46490486e-05  2.51000000e+00  2.51000016e+00 
 3.46990486e-05  2.51000000e+00  2.51000016e+00 
 3.47490486e-05  2.51000000e+00  2.51000016e+00 
 3.47990486e-05  2.51000000e+00  2.51000016e+00 
 3.48490486e-05  2.51000000e+00  2.51000016e+00 
 3.48552986e-05  2.51000000e+00  2.51000016e+00 
 3.48568611e-05  2.51000000e+00  2.51000016e+00 
 3.48572517e-05  2.51000000e+00  2.51000016e+00 
 3.48580329e-05  2.51000000e+00  2.51000016e+00 
 3.48595954e-05  2.51000000e+00  2.51000016e+00 
 3.48599861e-05  2.51000000e+00  2.51000016e+00 
 3.48607673e-05  2.51000000e+00  2.51000016e+00 
 3.48623298e-05  2.51000000e+00  2.51000016e+00 
 3.48654548e-05  2.51000000e+00  2.51000016e+00 
 3.48717048e-05  2.51000000e+00  2.51000016e+00 
 3.48842048e-05  2.51000000e+00  2.51000016e+00 
 3.49092048e-05  2.51000000e+00  2.51000016e+00 
 3.49592048e-05  2.51000000e+00  2.51000016e+00 
 3.50092048e-05  2.51000000e+00  2.51000016e+00 
 3.50154548e-05  2.51000000e+00  2.51000016e+00 
 3.50279548e-05  2.51000000e+00  2.51000016e+00 
 3.50310798e-05  2.51000000e+00  2.51000016e+00 
 3.50373298e-05  2.51000000e+00  2.51000016e+00 
 3.50498298e-05  2.51000000e+00  2.51000016e+00 
 3.50748298e-05  2.51000000e+00  2.51000016e+00 
 3.51248298e-05  2.51000000e+00  2.51000016e+00 
 3.51748298e-05  2.51000000e+00  2.51000016e+00 
 3.51810798e-05  2.51000000e+00  2.51000016e+00 
 3.51935798e-05  2.51000000e+00  2.51000016e+00 
 3.52185798e-05  2.51000000e+00  2.51000016e+00 
 3.52685798e-05  2.51000000e+00  2.51000016e+00 
 3.53185798e-05  2.51000000e+00  2.51000016e+00 
 3.53248298e-05  2.51000000e+00  2.51000016e+00 
 3.53373298e-05  2.51000000e+00  2.51000016e+00 
 3.53623298e-05  2.51000000e+00  2.51000016e+00 
 3.54123298e-05  2.51000000e+00  2.51000016e+00 
 3.54623298e-05  2.51000000e+00  2.51000016e+00 
 3.55123298e-05  2.51000000e+00  2.51000016e+00 
 3.55623298e-05  2.51000000e+00  2.51000017e+00 
 3.56123298e-05  2.51000000e+00  2.51000017e+00 
 3.56623298e-05  2.51000000e+00  2.51000017e+00 
 3.57123298e-05  2.51000000e+00  2.51000017e+00 
 3.57623298e-05  2.51000000e+00  2.51000017e+00 
 3.58123298e-05  2.51000000e+00  2.51000017e+00 
 3.58623298e-05  2.51000000e+00  2.51000017e+00 
 3.59123298e-05  2.51000000e+00  2.51000017e+00 
 3.59623298e-05  2.51000000e+00  2.51000017e+00 
 3.60123298e-05  2.51000000e+00  2.51000017e+00 
 3.60623298e-05  2.51000000e+00  2.51000017e+00 
 3.61123298e-05  2.51000000e+00  2.51000017e+00 
 3.61623298e-05  2.51000000e+00  2.51000017e+00 
 3.62123298e-05  2.51000000e+00  2.51000017e+00 
 3.62623298e-05  2.51000000e+00  2.51000017e+00 
 3.62685798e-05  2.51000000e+00  2.51000017e+00 
 3.62810798e-05  2.51000000e+00  2.51000017e+00 
 3.63060798e-05  2.51000000e+00  2.51000017e+00 
 3.63560798e-05  2.51000000e+00  2.51000017e+00 
 3.64060798e-05  2.51000000e+00  2.51000017e+00 
 3.64560798e-05  2.51000000e+00  2.51000017e+00 
 3.65060798e-05  2.51000000e+00  2.51000017e+00 
 3.65560798e-05  2.51000000e+00  2.51000017e+00 
 3.66060798e-05  2.51000000e+00  2.51000017e+00 
 3.66560798e-05  2.51000000e+00  2.51000017e+00 
 3.67060798e-05  2.51000000e+00  2.51000017e+00 
 3.67560798e-05  2.51000000e+00  2.51000017e+00 
 3.68060798e-05  2.51000000e+00  2.51000017e+00 
 3.68560798e-05  2.51000000e+00  2.51000017e+00 
 3.69060798e-05  2.51000000e+00  2.51000017e+00 
 3.69560798e-05  2.51000000e+00  2.51000017e+00 
 3.70060798e-05  2.51000000e+00  2.51000017e+00 
 3.70560798e-05  2.51000000e+00  2.51000017e+00 
 3.71060798e-05  2.51000000e+00  2.51000017e+00 
 3.71560798e-05  2.51000000e+00  2.51000017e+00 
 3.72060798e-05  2.51000000e+00  2.51000017e+00 
 3.72560798e-05  2.51000000e+00  2.51000017e+00 
 3.73060798e-05  2.51000000e+00  2.51000017e+00 
 3.73560798e-05  2.51000000e+00  2.51000017e+00 
 3.74060798e-05  2.51000000e+00  2.51000017e+00 
 3.74560798e-05  2.51000000e+00  2.51000017e+00 
 3.75060798e-05  2.51000000e+00  2.51000017e+00 
 3.75560798e-05  2.51000000e+00  2.51000017e+00 
 3.76060798e-05  2.51000000e+00  2.51000017e+00 
 3.76560798e-05  2.51000000e+00  2.51000017e+00 
 3.77060798e-05  2.51000000e+00  2.51000017e+00 
 3.77560798e-05  2.51000000e+00  2.51000017e+00 
 3.78060798e-05  2.51000000e+00  2.51000017e+00 
 3.78560798e-05  2.51000000e+00  2.51000017e+00 
 3.79060798e-05  2.51000000e+00  2.51000017e+00 
 3.79123298e-05  2.51000000e+00  2.51000017e+00 
 3.79248298e-05  2.51000000e+00  2.51000017e+00 
 3.79498298e-05  2.51000000e+00  2.51000017e+00 
 3.79998298e-05  2.51000000e+00  2.51000017e+00 
 3.80498298e-05  2.51000000e+00  2.51000017e+00 
 3.80998298e-05  2.51000000e+00  2.51000017e+00 
 3.81060798e-05  2.51000000e+00  2.51000017e+00 
 3.81185798e-05  2.51000000e+00  2.51000017e+00 
 3.81217048e-05  2.51000000e+00  2.51000017e+00 
 3.81279548e-05  2.51000000e+00  2.51000017e+00 
 3.81404548e-05  2.51000000e+00  2.51000017e+00 
 3.81654548e-05  2.51000000e+00  2.51000017e+00 
 3.82154548e-05  2.51000000e+00  2.51000018e+00 
 3.82654548e-05  2.51000000e+00  2.51000018e+00 
 3.83154548e-05  2.51000000e+00  2.51000018e+00 
 3.83654548e-05  2.51000000e+00  2.51000018e+00 
 3.83717048e-05  2.51000000e+00  2.51000018e+00 
 3.83842048e-05  2.51000000e+00  2.51000018e+00 
 3.84092048e-05  2.51000000e+00  2.51000018e+00 
 3.84592048e-05  2.51000000e+00  2.51000018e+00 
 3.85092048e-05  2.51000000e+00  2.51000018e+00 
 3.85592048e-05  2.51000000e+00  2.51000018e+00 
 3.86092048e-05  2.51000000e+00  2.51000018e+00 
 3.86592048e-05  2.51000000e+00  2.51000018e+00 
 3.87092048e-05  2.51000000e+00  2.51000018e+00 
 3.87592048e-05  2.51000000e+00  2.51000018e+00 
 3.88092048e-05  2.51000000e+00  2.51000018e+00 
 3.88592048e-05  2.51000000e+00  2.51000018e+00 
 3.89092048e-05  2.51000000e+00  2.51000018e+00 
 3.89592048e-05  2.51000000e+00  2.51000018e+00 
 3.90092048e-05  2.51000000e+00  2.51000018e+00 
 3.90592048e-05  2.51000000e+00  2.51000018e+00 
 3.91092048e-05  2.51000000e+00  2.51000018e+00 
 3.91592048e-05  2.51000000e+00  2.51000018e+00 
 3.92092048e-05  2.51000000e+00  2.51000018e+00 
 3.92154548e-05  2.51000000e+00  2.51000018e+00 
 3.92279548e-05  2.51000000e+00  2.51000018e+00 
 3.92529548e-05  2.51000000e+00  2.51000018e+00 
 3.93029548e-05  2.51000000e+00  2.51000018e+00 
 3.93529548e-05  2.51000000e+00  2.51000018e+00 
 3.93592048e-05  2.51000000e+00  2.51000018e+00 
 3.93717048e-05  2.51000000e+00  2.51000018e+00 
 3.93967048e-05  2.51000000e+00  2.51000018e+00 
 3.94467048e-05  2.51000000e+00  2.51000018e+00 
 3.94967048e-05  2.51000000e+00  2.51000018e+00 
 3.95467048e-05  2.51000000e+00  2.51000018e+00 
 3.95967048e-05  2.51000000e+00  2.51000018e+00 
 3.96467048e-05  2.51000000e+00  2.51000018e+00 
 3.96967048e-05  2.51000000e+00  2.51000018e+00 
 3.97467048e-05  2.51000000e+00  2.51000018e+00 
 3.97967048e-05  2.51000000e+00  2.51000018e+00 
 3.98467048e-05  2.51000000e+00  2.51000018e+00 
 3.98967048e-05  2.51000000e+00  2.51000018e+00 
 3.99467048e-05  2.51000000e+00  2.51000018e+00 
 3.99967048e-05  2.51000000e+00  2.51000018e+00 
 4.00467048e-05  2.51000000e+00  2.51000018e+00 
 4.00967048e-05  2.51000000e+00  2.51000018e+00 
 4.01467048e-05  2.51000000e+00  2.51000018e+00 
 4.01967048e-05  2.51000000e+00  2.51000018e+00 
 4.02467048e-05  2.51000000e+00  2.51000018e+00 
 4.02967048e-05  2.51000000e+00  2.51000018e+00 
 4.03467048e-05  2.51000000e+00  2.51000018e+00 
 4.03967048e-05  2.51000000e+00  2.51000018e+00 
 4.04467048e-05  2.51000000e+00  2.51000018e+00 
 4.04967048e-05  2.51000000e+00  2.51000018e+00 
 4.05467048e-05  2.51000000e+00  2.51000018e+00 
 4.05967048e-05  2.51000000e+00  2.51000018e+00 
 4.06029548e-05  2.51000000e+00  2.51000018e+00 
 4.06154548e-05  2.51000000e+00  2.51000018e+00 
 4.06404548e-05  2.51000000e+00  2.51000018e+00 
 4.06904548e-05  2.51000000e+00  2.51000018e+00 
 4.07404548e-05  2.51000000e+00  2.51000018e+00 
 4.07904548e-05  2.51000000e+00  2.51000018e+00 
 4.08404548e-05  2.51000000e+00  2.51000018e+00 
 4.08904548e-05  2.51000000e+00  2.51000018e+00 
 4.09404548e-05  2.51000000e+00  2.51000018e+00 
 4.09904548e-05  2.51000000e+00  2.51000018e+00 
 4.10404548e-05  2.51000000e+00  2.51000018e+00 
 4.10904548e-05  2.51000000e+00  2.51000018e+00 
 4.11404548e-05  2.51000000e+00  2.51000018e+00 
 4.11904548e-05  2.51000000e+00  2.51000018e+00 
 4.12404548e-05  2.51000000e+00  2.51000018e+00 
 4.12904548e-05  2.51000000e+00  2.51000018e+00 
 4.13404548e-05  2.51000000e+00  2.51000018e+00 
 4.13904548e-05  2.51000000e+00  2.51000018e+00 
 4.14404548e-05  2.51000000e+00  2.51000018e+00 
 4.14904548e-05  2.51000000e+00  2.51000018e+00 
 4.14967048e-05  2.51000000e+00  2.51000018e+00 
 4.15092048e-05  2.51000000e+00  2.51000018e+00 
 4.15342048e-05  2.51000000e+00  2.51000018e+00 
 4.15842048e-05  2.51000000e+00  2.51000018e+00 
 4.16342048e-05  2.51000000e+00  2.51000018e+00 
 4.16842048e-05  2.51000000e+00  2.51000018e+00 
 4.17342048e-05  2.51000000e+00  2.51000018e+00 
 4.17842048e-05  2.51000000e+00  2.51000018e+00 
 4.17904548e-05  2.51000000e+00  2.51000018e+00 
 4.18029548e-05  2.51000000e+00  2.51000018e+00 
 4.18279548e-05  2.51000000e+00  2.51000018e+00 
 4.18779548e-05  2.51000000e+00  2.51000018e+00 
 4.19279548e-05  2.51000000e+00  2.51000018e+00 
 4.19779548e-05  2.51000000e+00  2.51000018e+00 
 4.20279548e-05  2.51000000e+00  2.51000018e+00 
 4.20779548e-05  2.51000000e+00  2.51000018e+00 
 4.21279548e-05  2.51000000e+00  2.51000019e+00 
 4.21779548e-05  2.51000000e+00  2.51000019e+00 
 4.22279548e-05  2.51000000e+00  2.51000019e+00 
 4.22779548e-05  2.51000000e+00  2.51000019e+00 
 4.23279548e-05  2.51000000e+00  2.51000019e+00 
 4.23779548e-05  2.51000000e+00  2.51000019e+00 
 4.23842048e-05  2.51000000e+00  2.51000019e+00 
 4.23967048e-05  2.51000000e+00  2.51000019e+00 
 4.24217048e-05  2.51000000e+00  2.51000019e+00 
 4.24224861e-05  2.51000000e+00  2.51000019e+00 
 4.24240486e-05  2.51000000e+00  2.51000019e+00 
 4.24271736e-05  2.51000000e+00  2.51000019e+00 
 4.24334236e-05  2.51000000e+00  2.51000019e+00 
 4.24349861e-05  2.51000000e+00  2.51000019e+00 
 4.24381111e-05  2.51000000e+00  2.51000019e+00 
 4.24443611e-05  2.51000000e+00  2.51000019e+00 
 4.24568611e-05  2.51000000e+00  2.51000019e+00 
 4.24818611e-05  2.51000000e+00  2.51000019e+00 
 4.25318611e-05  2.51000000e+00  2.51000019e+00 
 4.25818611e-05  2.51000000e+00  2.51000019e+00 
 4.26318611e-05  2.51000000e+00  2.51000019e+00 
 4.26818611e-05  2.51000000e+00  2.51000019e+00 
 4.27318611e-05  2.51000000e+00  2.51000019e+00 
 4.27818611e-05  2.51000000e+00  2.51000019e+00 
 4.28318611e-05  2.51000000e+00  2.51000019e+00 
 4.28818611e-05  2.51000000e+00  2.51000019e+00 
 4.29318611e-05  2.51000000e+00  2.51000019e+00 
 4.29818611e-05  2.51000000e+00  2.51000019e+00 
 4.30318611e-05  2.51000000e+00  2.51000019e+00 
 4.30818611e-05  2.51000000e+00  2.51000019e+00 
 4.31318611e-05  2.51000000e+00  2.51000019e+00 
 4.31818611e-05  2.51000000e+00  2.51000019e+00 
 4.32318611e-05  2.51000000e+00  2.51000019e+00 
 4.32818611e-05  2.51000000e+00  2.51000019e+00 
 4.33318611e-05  2.51000000e+00  2.51000019e+00 
 4.33818611e-05  2.51000000e+00  2.51000019e+00 
 4.34318611e-05  2.51000000e+00  2.51000019e+00 
 4.34818611e-05  2.51000000e+00  2.51000019e+00 
 4.35318611e-05  2.51000000e+00  2.51000019e+00 
 4.35818611e-05  2.51000000e+00  2.51000019e+00 
 4.36318611e-05  2.51000000e+00  2.51000019e+00 
 4.36818611e-05  2.51000000e+00  2.51000019e+00 
 4.37318611e-05  2.51000000e+00  2.51000019e+00 
 4.37818611e-05  2.51000000e+00  2.51000019e+00 
 4.38318611e-05  2.51000000e+00  2.51000019e+00 
 4.38818611e-05  2.51000000e+00  2.51000019e+00 
 4.39318611e-05  2.51000000e+00  2.51000019e+00 
 4.39818611e-05  2.51000000e+00  2.51000019e+00 
 4.40318611e-05  2.51000000e+00  2.51000019e+00 
 4.40818611e-05  2.51000000e+00  2.51000019e+00 
 4.41318611e-05  2.51000000e+00  2.51000019e+00 
 4.41818611e-05  2.51000000e+00  2.51000019e+00 
 4.42318611e-05  2.51000000e+00  2.51000019e+00 
 4.42818611e-05  2.51000000e+00  2.51000019e+00 
 4.43318611e-05  2.51000000e+00  2.51000019e+00 
 4.43818611e-05  2.51000000e+00  2.51000019e+00 
 4.44318611e-05  2.51000000e+00  2.51000019e+00 
 4.44818611e-05  2.51000000e+00  2.51000019e+00 
 4.45318611e-05  2.51000000e+00  2.51000019e+00 
 4.45818611e-05  2.51000000e+00  2.51000019e+00 
 4.46318611e-05  2.51000000e+00  2.51000019e+00 
 4.46818611e-05  2.51000000e+00  2.51000019e+00 
 4.47318611e-05  2.51000000e+00  2.51000019e+00 
 4.47818611e-05  2.51000000e+00  2.51000019e+00 
 4.48318611e-05  2.51000000e+00  2.51000019e+00 
 4.48818611e-05  2.51000000e+00  2.51000019e+00 
 4.49318611e-05  2.51000000e+00  2.51000019e+00 
 4.49818611e-05  2.51000000e+00  2.51000019e+00 
 4.50318611e-05  2.51000000e+00  2.51000019e+00 
 4.50818611e-05  2.51000000e+00  2.51000019e+00 
 4.51318611e-05  2.51000000e+00  2.51000019e+00 
 4.51818611e-05  2.51000000e+00  2.51000019e+00 
 4.52318611e-05  2.51000000e+00  2.51000019e+00 
 4.52818611e-05  2.51000000e+00  2.51000019e+00 
 4.53318611e-05  2.51000000e+00  2.51000019e+00 
 4.53818611e-05  2.51000000e+00  2.51000019e+00 
 4.54318611e-05  2.51000000e+00  2.51000019e+00 
 4.54818611e-05  2.51000000e+00  2.51000019e+00 
 4.55318611e-05  2.51000000e+00  2.51000019e+00 
 4.55818611e-05  2.51000000e+00  2.51000019e+00 
 4.56318611e-05  2.51000000e+00  2.51000019e+00 
 4.56818611e-05  2.51000000e+00  2.51000019e+00 
 4.57318611e-05  2.51000000e+00  2.51000019e+00 
 4.57818611e-05  2.51000000e+00  2.51000019e+00 
 4.58318611e-05  2.51000000e+00  2.51000019e+00 
 4.58818611e-05  2.51000000e+00  2.51000019e+00 
 4.59318611e-05  2.51000000e+00  2.51000019e+00 
 4.59818611e-05  2.51000000e+00  2.51000019e+00 
 4.60318611e-05  2.51000000e+00  2.51000019e+00 
 4.60818611e-05  2.51000000e+00  2.51000019e+00 
 4.61318611e-05  2.51000000e+00  2.51000019e+00 
 4.61818611e-05  2.51000000e+00  2.51000019e+00 
 4.62318611e-05  2.51000000e+00  2.51000019e+00 
 4.62818611e-05  2.51000000e+00  2.51000019e+00 
 4.63318611e-05  2.51000000e+00  2.51000019e+00 
 4.63381111e-05  2.51000000e+00  2.51000019e+00 
 4.63396736e-05  2.51000000e+00  2.51000019e+00 
 4.63427986e-05  2.51000000e+00  2.51000019e+00 
 4.63490486e-05  2.51000000e+00  2.51000019e+00 
 4.63506111e-05  2.51000000e+00  2.51000019e+00 
 4.63537361e-05  2.51000000e+00  2.51000019e+00 
 4.63599861e-05  2.51000000e+00  2.51000019e+00 
 4.63724861e-05  2.51000000e+00  2.51000019e+00 
 4.63756111e-05  2.51000000e+00  2.51000019e+00 
 4.63818611e-05  2.51000000e+00  2.51000019e+00 
 4.63943611e-05  2.51000000e+00  2.51000019e+00 
 4.64193611e-05  2.51000000e+00  2.51000019e+00 
 4.64693611e-05  2.51000000e+00  2.51000019e+00 
 4.65193611e-05  2.51000000e+00  2.51000019e+00 
 4.65693611e-05  2.51000000e+00  2.51000019e+00 
 4.65756111e-05  2.51000000e+00  2.51000019e+00 
 4.65881111e-05  2.51000000e+00  2.51000019e+00 
 4.66131111e-05  2.51000000e+00  2.51000019e+00 
 4.66631111e-05  2.51000000e+00  2.51000019e+00 
 4.67131111e-05  2.51000000e+00  2.51000019e+00 
 4.67631111e-05  2.51000000e+00  2.51000019e+00 
 4.68131111e-05  2.51000000e+00  2.51000019e+00 
 4.68631111e-05  2.51000000e+00  2.51000019e+00 
 4.69131111e-05  2.51000000e+00  2.51000019e+00 
 4.69631111e-05  2.51000000e+00  2.51000019e+00 
 4.70131111e-05  2.51000000e+00  2.51000019e+00 
 4.70631111e-05  2.51000000e+00  2.51000019e+00 
 4.71131111e-05  2.51000000e+00  2.51000019e+00 
 4.71631111e-05  2.51000000e+00  2.51000019e+00 
 4.72131111e-05  2.51000000e+00  2.51000019e+00 
 4.72631111e-05  2.51000000e+00  2.51000019e+00 
 4.73131111e-05  2.51000000e+00  2.51000019e+00 
 4.73631111e-05  2.51000000e+00  2.51000019e+00 
 4.73693611e-05  2.51000000e+00  2.51000019e+00 
 4.73818611e-05  2.51000000e+00  2.51000019e+00 
 4.74068611e-05  2.51000000e+00  2.51000019e+00 
 4.74568611e-05  2.51000000e+00  2.51000019e+00 
 4.75068611e-05  2.51000000e+00  2.51000019e+00 
 4.75568611e-05  2.51000000e+00  2.51000019e+00 
 4.76068611e-05  2.51000000e+00  2.51000019e+00 
 4.76568611e-05  2.51000000e+00  2.51000019e+00 
 4.77068611e-05  2.51000000e+00  2.51000019e+00 
 4.77568611e-05  2.51000000e+00  2.51000019e+00 
 4.78068611e-05  2.51000000e+00  2.51000019e+00 
 4.78568611e-05  2.51000000e+00  2.51000019e+00 
 4.79068611e-05  2.51000000e+00  2.51000019e+00 
 4.79568611e-05  2.51000000e+00  2.51000019e+00 
 4.80068611e-05  2.51000000e+00  2.51000019e+00 
 4.80568611e-05  2.51000000e+00  2.51000019e+00 
 4.80631111e-05  2.51000000e+00  2.51000019e+00 
 4.80756111e-05  2.51000000e+00  2.51000019e+00 
 4.81006111e-05  2.51000000e+00  2.51000019e+00 
 4.81506111e-05  2.51000000e+00  2.51000019e+00 
 4.82006111e-05  2.51000000e+00  2.51000019e+00 
 4.82506111e-05  2.51000000e+00  2.51000019e+00 
 4.83006111e-05  2.51000000e+00  2.51000019e+00 
 4.83506111e-05  2.51000000e+00  2.51000019e+00 
 4.84006111e-05  2.51000000e+00  2.51000019e+00 
 4.84506111e-05  2.51000000e+00  2.51000019e+00 
 4.85006111e-05  2.51000000e+00  2.51000019e+00 
 4.85506111e-05  2.51000000e+00  2.51000019e+00 
 4.86006111e-05  2.51000000e+00  2.51000019e+00 
 4.86506111e-05  2.51000000e+00  2.51000019e+00 
 4.87006111e-05  2.51000000e+00  2.51000019e+00 
 4.87068611e-05  2.51000000e+00  2.51000019e+00 
 4.87193611e-05  2.51000000e+00  2.51000019e+00 
 4.87443611e-05  2.51000000e+00  2.51000019e+00 
 4.87943611e-05  2.51000000e+00  2.51000019e+00 
 4.88443611e-05  2.51000000e+00  2.51000019e+00 
 4.88943611e-05  2.51000000e+00  2.51000019e+00 
 4.89443611e-05  2.51000000e+00  2.51000019e+00 
 4.89943611e-05  2.51000000e+00  2.51000019e+00 
 4.90443611e-05  2.51000000e+00  2.51000019e+00 
 4.90943611e-05  2.51000000e+00  2.51000019e+00 
 4.91443611e-05  2.51000000e+00  2.51000019e+00 
 4.91943611e-05  2.51000000e+00  2.51000019e+00 
 4.92443611e-05  2.51000000e+00  2.51000019e+00 
 4.92943611e-05  2.51000000e+00  2.51000019e+00 
 4.93443611e-05  2.51000000e+00  2.51000019e+00 
 4.93943611e-05  2.51000000e+00  2.51000019e+00 
 4.94443611e-05  2.51000000e+00  2.51000019e+00 
 4.94943611e-05  2.51000000e+00  2.51000019e+00 
 4.95006111e-05  2.51000000e+00  2.51000019e+00 
 4.95131111e-05  2.51000000e+00  2.51000019e+00 
 4.95381111e-05  2.51000000e+00  2.51000019e+00 
 4.95881111e-05  2.51000000e+00  2.51000019e+00 
 4.95943611e-05  2.51000000e+00  2.51000019e+00 
 4.96068611e-05  2.51000000e+00  2.51000019e+00 
 4.96318611e-05  2.51000000e+00  2.51000019e+00 
 4.96818611e-05  2.51000000e+00  2.51000019e+00 
 4.97318611e-05  2.51000000e+00  2.51000019e+00 
 4.97818611e-05  2.51000000e+00  2.51000019e+00 
 4.98318611e-05  2.51000000e+00  2.51000019e+00 
 4.98381111e-05  2.51000000e+00  2.51000019e+00 
 4.98506111e-05  2.51000000e+00  2.51000019e+00 
 4.98756111e-05  2.51000000e+00  2.51000019e+00 
 4.99256111e-05  2.51000000e+00  2.51000019e+00 
 4.99756111e-05  2.51000000e+00  2.51000019e+00 
 5.00256111e-05  2.51000000e+00  2.51000019e+00 
 5.00756111e-05  2.51000000e+00  2.51000019e+00 
 5.01256111e-05  2.51000000e+00  2.51000019e+00 
 5.01756111e-05  2.51000000e+00  2.51000019e+00 
 5.02256111e-05  2.51000000e+00  2.51000019e+00 
 5.02756111e-05  2.51000000e+00  2.51000019e+00 
 5.03256111e-05  2.51000000e+00  2.51000020e+00 
 5.03756111e-05  2.51000000e+00  2.51000020e+00 
 5.04256111e-05  2.51000000e+00  2.51000020e+00 
 5.04756111e-05  2.51000000e+00  2.51000020e+00 
 5.05256111e-05  2.51000000e+00  2.51000020e+00 
 5.05318611e-05  2.51000000e+00  2.51000020e+00 
 5.05443611e-05  2.51000000e+00  2.51000020e+00 
 5.05474861e-05  2.51000000e+00  2.51000019e+00 
 5.05537361e-05  2.51000000e+00  2.51000019e+00 
 5.05662361e-05  2.51000000e+00  2.51000019e+00 
 5.05912361e-05  2.51000000e+00  2.51000019e+00 
 5.06412361e-05  2.51000000e+00  2.51000020e+00 
 5.06912361e-05  2.51000000e+00  2.51000020e+00 
 5.07412361e-05  2.51000000e+00  2.51000020e+00 
 5.07912361e-05  2.51000000e+00  2.51000020e+00 
 5.08412361e-05  2.51000000e+00  2.51000020e+00 
 5.08912361e-05  2.51000000e+00  2.51000020e+00 
 5.09412361e-05  2.51000000e+00  2.51000020e+00 
 5.09912361e-05  2.51000000e+00  2.51000020e+00 
 5.10412361e-05  2.51000000e+00  2.51000020e+00 
 5.10912361e-05  2.51000000e+00  2.51000020e+00 
 5.11412361e-05  2.51000000e+00  2.51000020e+00 
 5.11912361e-05  2.51000000e+00  2.51000020e+00 
 5.12412361e-05  2.51000000e+00  2.51000020e+00 
 5.12474861e-05  2.51000000e+00  2.51000020e+00 
 5.12599861e-05  2.51000000e+00  2.51000020e+00 
 5.12849861e-05  2.51000000e+00  2.51000020e+00 
 5.13349861e-05  2.51000000e+00  2.51000020e+00 
 5.13849861e-05  2.51000000e+00  2.51000020e+00 
 5.14349861e-05  2.51000000e+00  2.51000020e+00 
 5.14849861e-05  2.51000000e+00  2.51000020e+00 
 5.15349861e-05  2.51000000e+00  2.51000020e+00 
 5.15849861e-05  2.51000000e+00  2.51000020e+00 
 5.15912361e-05  2.51000000e+00  2.51000020e+00 
 5.15927986e-05  2.51000000e+00  2.51000020e+00 
 5.15959236e-05  2.51000000e+00  2.51000020e+00 
 5.16021736e-05  2.51000000e+00  2.51000020e+00 
 5.16146736e-05  2.51000000e+00  2.51000020e+00 
 5.16396736e-05  2.51000000e+00  2.51000020e+00 
 5.16896736e-05  2.51000000e+00  2.51000020e+00 
 5.17396736e-05  2.51000000e+00  2.51000020e+00 
 5.17896736e-05  2.51000000e+00  2.51000020e+00 
 5.18396736e-05  2.51000000e+00  2.51000020e+00 
 5.18896736e-05  2.51000000e+00  2.51000020e+00 
 5.19396736e-05  2.51000000e+00  2.51000020e+00 
 5.19459236e-05  2.51000000e+00  2.51000020e+00 
 5.19584236e-05  2.51000000e+00  2.51000020e+00 
 5.19834236e-05  2.51000000e+00  2.51000020e+00 
 5.20334236e-05  2.51000000e+00  2.51000020e+00 
 5.20834236e-05  2.51000000e+00  2.51000020e+00 
 5.21334236e-05  2.51000000e+00  2.51000020e+00 
 5.21834236e-05  2.51000000e+00  2.51000020e+00 
 5.21896736e-05  2.51000000e+00  2.51000020e+00 
 5.21912361e-05  2.51000000e+00  2.51000020e+00 
 5.21943611e-05  2.51000000e+00  2.51000020e+00 
 5.22006111e-05  2.51000000e+00  2.51000020e+00 
 5.22131111e-05  2.51000000e+00  2.51000020e+00 
 5.22381111e-05  2.51000000e+00  2.51000020e+00 
 5.22881111e-05  2.51000000e+00  2.51000020e+00 
 5.23381111e-05  2.51000000e+00  2.51000020e+00 
 5.23881111e-05  2.51000000e+00  2.51000020e+00 
 5.24381111e-05  2.51000000e+00  2.51000020e+00 
 5.24881111e-05  2.51000000e+00  2.51000020e+00 
 5.25381111e-05  2.51000000e+00  2.51000020e+00 
 5.25881111e-05  2.51000000e+00  2.51000020e+00 
 5.26381111e-05  2.51000000e+00  2.51000020e+00 
 5.26443611e-05  2.51000000e+00  2.51000020e+00 
 5.26568611e-05  2.51000000e+00  2.51000020e+00 
 5.26599861e-05  2.51000000e+00  2.51000020e+00 
 5.26662361e-05  2.51000000e+00  2.51000020e+00 
 5.26787361e-05  2.51000000e+00  2.51000020e+00 
 5.27037361e-05  2.51000000e+00  2.51000020e+00 
 5.27537361e-05  2.51000000e+00  2.51000020e+00 
 5.28037361e-05  2.51000000e+00  2.51000020e+00 
 5.28537361e-05  2.51000000e+00  2.51000020e+00 
 5.29037361e-05  2.51000000e+00  2.51000020e+00 
 5.29537361e-05  2.51000000e+00  2.51000020e+00 
 5.30037361e-05  2.51000000e+00  2.51000020e+00 
 5.30537361e-05  2.51000000e+00  2.51000020e+00 
 5.31037361e-05  2.51000000e+00  2.51000020e+00 
 5.31537361e-05  2.51000000e+00  2.51000020e+00 
 5.32037361e-05  2.51000000e+00  2.51000020e+00 
 5.32537361e-05  2.51000000e+00  2.51000020e+00 
 5.33037361e-05  2.51000000e+00  2.51000020e+00 
 5.33537361e-05  2.51000000e+00  2.51000020e+00 
 5.33599861e-05  2.51000000e+00  2.51000020e+00 
 5.33724861e-05  2.51000000e+00  2.51000020e+00 
 5.33974861e-05  2.51000000e+00  2.51000020e+00 
 5.34474861e-05  2.51000000e+00  2.51000020e+00 
 5.34974861e-05  2.51000000e+00  2.51000020e+00 
 5.35474861e-05  2.51000000e+00  2.51000020e+00 
 5.35974861e-05  2.51000000e+00  2.51000020e+00 
 5.36474861e-05  2.51000000e+00  2.51000020e+00 
 5.36974861e-05  2.51000000e+00  2.51000020e+00 
 5.37474861e-05  2.51000000e+00  2.51000020e+00 
 5.37974861e-05  2.51000000e+00  2.51000020e+00 
 5.38474861e-05  2.51000000e+00  2.51000020e+00 
 5.38974861e-05  2.51000000e+00  2.51000020e+00 
 5.39474861e-05  2.51000000e+00  2.51000020e+00 
 5.39537361e-05  2.51000000e+00  2.51000020e+00 
 5.39662361e-05  2.51000000e+00  2.51000020e+00 
 5.39912361e-05  2.51000000e+00  2.51000020e+00 
 5.40412361e-05  2.51000000e+00  2.51000020e+00 
 5.40912361e-05  2.51000000e+00  2.51000020e+00 
 5.41412361e-05  2.51000000e+00  2.51000020e+00 
 5.41912361e-05  2.51000000e+00  2.51000020e+00 
 5.42412361e-05  2.51000000e+00  2.51000020e+00 
 5.42912361e-05  2.51000000e+00  2.51000020e+00 
 5.43412361e-05  2.51000000e+00  2.51000020e+00 
 5.43912361e-05  2.51000000e+00  2.51000020e+00 
 5.44412361e-05  2.51000000e+00  2.51000020e+00 
 5.44912361e-05  2.51000000e+00  2.51000020e+00 
 5.45412361e-05  2.51000000e+00  2.51000020e+00 
 5.45474861e-05  2.51000000e+00  2.51000020e+00 
 5.45599861e-05  2.51000000e+00  2.51000020e+00 
 5.45849861e-05  2.51000000e+00  2.51000020e+00 
 5.45912361e-05  2.51000000e+00  2.51000020e+00 
 5.46037361e-05  2.51000000e+00  2.51000020e+00 
 5.46068611e-05  2.51000000e+00  2.51000020e+00 
 5.46131111e-05  2.51000000e+00  2.51000020e+00 
 5.46256111e-05  2.51000000e+00  2.51000020e+00 
 5.46506111e-05  2.51000000e+00  2.51000020e+00 
 5.47006111e-05  2.51000000e+00  2.51000020e+00 
 5.47506111e-05  2.51000000e+00  2.51000020e+00 
 5.48006111e-05  2.51000000e+00  2.51000020e+00 
 5.48506111e-05  2.51000000e+00  2.51000020e+00 
 5.48568611e-05  2.51000000e+00  2.51000020e+00 
 5.48693611e-05  2.51000000e+00  2.51000020e+00 
 5.48943611e-05  2.51000000e+00  2.51000020e+00 
 5.49443611e-05  2.51000000e+00  2.51000020e+00 
 5.49943611e-05  2.51000000e+00  2.51000020e+00 
 5.50443611e-05  2.51000000e+00  2.51000020e+00 
 5.50943611e-05  2.51000000e+00  2.51000020e+00 
 5.51443611e-05  2.51000000e+00  2.51000020e+00 
 5.51506111e-05  2.51000000e+00  2.51000020e+00 
 5.51521736e-05  2.51000000e+00  2.51000020e+00 
 5.51552986e-05  2.51000000e+00  2.51000020e+00 
 5.51615486e-05  2.51000000e+00  2.51000020e+00 
 5.51740486e-05  2.51000000e+00  2.51000020e+00 
 5.51990486e-05  2.51000000e+00  2.51000020e+00 
 5.52490486e-05  2.51000000e+00  2.51000020e+00 
 5.52990486e-05  2.51000000e+00  2.51000020e+00 
 5.53052986e-05  2.51000000e+00  2.51000020e+00 
 5.53177986e-05  2.51000000e+00  2.51000020e+00 
 5.53427986e-05  2.51000000e+00  2.51000020e+00 
 5.53927986e-05  2.51000000e+00  2.51000020e+00 
 5.54427986e-05  2.51000000e+00  2.51000020e+00 
 5.54927986e-05  2.51000000e+00  2.51000020e+00 
 5.55427986e-05  2.51000000e+00  2.51000020e+00 
 5.55927986e-05  2.51000000e+00  2.51000020e+00 
 5.56427986e-05  2.51000000e+00  2.51000020e+00 
 5.56490486e-05  2.51000000e+00  2.51000020e+00 
 5.56615486e-05  2.51000000e+00  2.51000020e+00 
 5.56865486e-05  2.51000000e+00  2.51000020e+00 
 5.57365486e-05  2.51000000e+00  2.51000020e+00 
 5.57865486e-05  2.51000000e+00  2.51000020e+00 
 5.58365486e-05  2.51000000e+00  2.51000020e+00 
 5.58865486e-05  2.51000000e+00  2.51000020e+00 
 5.59365486e-05  2.51000000e+00  2.51000020e+00 
 5.59865486e-05  2.51000000e+00  2.51000020e+00 
 5.60365486e-05  2.51000000e+00  2.51000020e+00 
 5.60865486e-05  2.51000000e+00  2.51000020e+00 
 5.61365486e-05  2.51000000e+00  2.51000020e+00 
 5.61865486e-05  2.51000000e+00  2.51000020e+00 
 5.62365486e-05  2.51000000e+00  2.51000020e+00 
 5.62865486e-05  2.51000000e+00  2.51000020e+00 
 5.63365486e-05  2.51000000e+00  2.51000020e+00 
 5.63865486e-05  2.51000000e+00  2.51000020e+00 
 5.64365486e-05  2.51000000e+00  2.51000020e+00 
 5.64865486e-05  2.51000000e+00  2.51000020e+00 
 5.65365486e-05  2.51000000e+00  2.51000020e+00 
 5.65865486e-05  2.51000000e+00  2.51000020e+00 
 5.65927986e-05  2.51000000e+00  2.51000020e+00 
 5.66052986e-05  2.51000000e+00  2.51000020e+00 
 5.66302986e-05  2.51000000e+00  2.51000020e+00 
 5.66802986e-05  2.51000000e+00  2.51000020e+00 
 5.67302986e-05  2.51000000e+00  2.51000020e+00 
 5.67802986e-05  2.51000000e+00  2.51000020e+00 
 5.68302986e-05  2.51000000e+00  2.51000020e+00 
 5.68802986e-05  2.51000000e+00  2.51000020e+00 
 5.69302986e-05  2.51000000e+00  2.51000020e+00 
 5.69802986e-05  2.51000000e+00  2.51000020e+00 
 5.70302986e-05  2.51000000e+00  2.51000020e+00 
 5.70802986e-05  2.51000000e+00  2.51000020e+00 
 5.71302986e-05  2.51000000e+00  2.51000020e+00 
 5.71802986e-05  2.51000000e+00  2.51000020e+00 
 5.72302986e-05  2.51000000e+00  2.51000020e+00 
 5.72802986e-05  2.51000000e+00  2.51000020e+00 
 5.72865486e-05  2.51000000e+00  2.51000020e+00 
 5.72990486e-05  2.51000000e+00  2.51000020e+00 
 5.73240486e-05  2.51000000e+00  2.51000020e+00 
 5.73740486e-05  2.51000000e+00  2.51000020e+00 
 5.74240486e-05  2.51000000e+00  2.51000020e+00 
 5.74740486e-05  2.51000000e+00  2.51000020e+00 
 5.75240486e-05  2.51000000e+00  2.51000020e+00 
 5.75740486e-05  2.51000000e+00  2.51000020e+00 
 5.76240486e-05  2.51000000e+00  2.51000020e+00 
 5.76740486e-05  2.51000000e+00  2.51000020e+00 
 5.77240486e-05  2.51000000e+00  2.51000020e+00 
 5.77740486e-05  2.51000000e+00  2.51000020e+00 
 5.78240486e-05  2.51000000e+00  2.51000020e+00 
 5.78740486e-05  2.51000000e+00  2.51000020e+00 
 5.79240486e-05  2.51000000e+00  2.51000020e+00 
 5.79740486e-05  2.51000000e+00  2.51000020e+00 
 5.80240486e-05  2.51000000e+00  2.51000020e+00 
 5.80740486e-05  2.51000000e+00  2.51000020e+00 
 5.81240486e-05  2.51000000e+00  2.51000020e+00 
 5.81740486e-05  2.51000000e+00  2.51000020e+00 
 5.82240486e-05  2.51000000e+00  2.51000020e+00 
 5.82740486e-05  2.51000000e+00  2.51000020e+00 
 5.83240486e-05  2.51000000e+00  2.51000020e+00 
 5.83302986e-05  2.51000000e+00  2.51000020e+00 
 5.83318611e-05  2.51000000e+00  2.51000020e+00 
 5.83349861e-05  2.51000000e+00  2.51000020e+00 
 5.83357673e-05  2.51000000e+00  2.51000020e+00 
 5.83373298e-05  2.51000000e+00  2.51000020e+00 
 5.83404548e-05  2.51000000e+00  2.51000020e+00 
 5.83467048e-05  2.51000000e+00  2.51000020e+00 
 5.83592048e-05  2.51000000e+00  2.51000020e+00 
 5.83623298e-05  2.51000000e+00  2.51000020e+00 
 5.83685798e-05  2.51000000e+00  2.51000020e+00 
 5.83810798e-05  2.51000000e+00  2.51000020e+00 
 5.84060798e-05  2.51000000e+00  2.51000020e+00 
 5.84560798e-05  2.51000000e+00  2.51000020e+00 
 5.85060798e-05  2.51000000e+00  2.51000020e+00 
 5.85560798e-05  2.51000000e+00  2.51000020e+00 
 5.86060798e-05  2.51000000e+00  2.51000020e+00 
 5.86560798e-05  2.51000000e+00  2.51000020e+00 
 5.86623298e-05  2.51000000e+00  2.51000020e+00 
 5.86748298e-05  2.51000000e+00  2.51000020e+00 
 5.86998298e-05  2.51000000e+00  2.51000020e+00 
 5.87498298e-05  2.51000000e+00  2.51000020e+00 
 5.87998298e-05  2.51000000e+00  2.51000020e+00 
 5.88498298e-05  2.51000000e+00  2.51000020e+00 
 5.88998298e-05  2.51000000e+00  2.51000020e+00 
 5.89498298e-05  2.51000000e+00  2.51000020e+00 
 5.89998298e-05  2.51000000e+00  2.51000020e+00 
 5.90498298e-05  2.51000000e+00  2.51000020e+00 
 5.90998298e-05  2.51000000e+00  2.51000020e+00 
 5.91498298e-05  2.51000000e+00  2.51000020e+00 
 5.91998298e-05  2.51000000e+00  2.51000020e+00 
 5.92498298e-05  2.51000000e+00  2.51000020e+00 
 5.92560798e-05  2.51000000e+00  2.51000020e+00 
 5.92685798e-05  2.51000000e+00  2.51000020e+00 
 5.92935798e-05  2.51000000e+00  2.51000020e+00 
 5.93435798e-05  2.51000000e+00  2.51000020e+00 
 5.93935798e-05  2.51000000e+00  2.51000020e+00 
 5.94435798e-05  2.51000000e+00  2.51000020e+00 
 5.94935798e-05  2.51000000e+00  2.51000020e+00 
 5.95435798e-05  2.51000000e+00  2.51000020e+00 
 5.95935798e-05  2.51000000e+00  2.51000020e+00 
 5.96435798e-05  2.51000000e+00  2.51000020e+00 
 5.96935798e-05  2.51000000e+00  2.51000020e+00 
 5.97435798e-05  2.51000000e+00  2.51000020e+00 
 5.97935798e-05  2.51000000e+00  2.51000020e+00 
 5.98435798e-05  2.51000000e+00  2.51000020e+00 
 5.98935798e-05  2.51000000e+00  2.51000020e+00 
 5.99435798e-05  2.51000000e+00  2.51000020e+00 
 5.99767899e-05  2.51000000e+00  2.51000020e+00 
 6.00100000e-05  2.51000000e+00  2.51000020e+00 
 6.00103778e-05  2.50962216e+00  2.50997054e+00 
 6.00111335e-05  2.50886647e+00  2.50990654e+00 
 6.00126449e-05  2.50735509e+00  2.50972807e+00 
 6.00145157e-05  2.50548432e+00  2.50937893e+00 
 6.00172578e-05  2.50274216e+00  2.50857995e+00 
 6.00200000e-05  2.50000000e+00  2.50745051e+00 
 6.00200368e-05  2.50000000e+00  2.50743605e+00 
 6.00201104e-05  2.50000000e+00  2.50740693e+00 
 6.00202575e-05  2.50000000e+00  2.50734796e+00 
 6.00205518e-05  2.50000000e+00  2.50722793e+00 
 6.00211405e-05  2.50000000e+00  2.50698317e+00 
 6.00223177e-05  2.50000000e+00  2.50649050e+00 
 6.00246723e-05  2.50000000e+00  2.50555143e+00 
 6.00290589e-05  2.50000000e+00  2.50411536e+00 
 6.00339452e-05  2.50000000e+00  2.50302508e+00 
 6.00390282e-05  2.50000000e+00  2.50230802e+00 
 6.00434171e-05  2.50000000e+00  2.50188232e+00 
 6.00484500e-05  2.50000000e+00  2.50150506e+00 
 6.00542134e-05  2.50000000e+00  2.50116363e+00 
 6.00602999e-05  2.50000000e+00  2.50088288e+00 
 6.00658287e-05  2.50000000e+00  2.50068719e+00 
 6.00714063e-05  2.50000000e+00  2.50053602e+00 
 6.00766901e-05  2.50000000e+00  2.50042626e+00 
 6.00822029e-05  2.50000000e+00  2.50033802e+00 
 6.00889211e-05  2.50000000e+00  2.50025733e+00 
 6.00974894e-05  2.50000000e+00  2.50018493e+00 
 6.01077514e-05  2.50000000e+00  2.50012834e+00 
 6.01201423e-05  2.50000000e+00  2.50008677e+00 
 6.01349474e-05  2.50000000e+00  2.50005839e+00 
 6.01533888e-05  2.50000000e+00  2.50003900e+00 
 6.01768232e-05  2.50000000e+00  2.50002544e+00 
 6.02028574e-05  2.50000000e+00  2.50001627e+00 
 6.02267691e-05  2.50000000e+00  2.50001020e+00 
 6.02535393e-05  2.50000000e+00  2.50000490e+00 
 6.02803553e-05  2.50000000e+00  2.50000067e+00 
 6.03129193e-05  2.50000000e+00  2.49999659e+00 
 6.03488739e-05  2.50000000e+00  2.49999307e+00 
 6.03867032e-05  2.50000000e+00  2.49999020e+00 
 6.04267292e-05  2.50000000e+00  2.49998784e+00 
 6.04648131e-05  2.50000000e+00  2.49998614e+00 
 6.05031884e-05  2.50000000e+00  2.49998485e+00 
 6.05078233e-05  2.50000000e+00  2.49998472e+00 
 6.05170930e-05  2.50000000e+00  2.49998447e+00 
 6.05356324e-05  2.50000000e+00  2.49998404e+00 
 6.05402546e-05  2.50000000e+00  2.49998394e+00 
 6.05494990e-05  2.50000000e+00  2.49998376e+00 
 6.05679879e-05  2.50000000e+00  2.49998345e+00 
 6.06032206e-05  2.50000000e+00  2.49998301e+00 
 6.06363174e-05  2.50000000e+00  2.49998278e+00 
 6.06620156e-05  2.50000000e+00  2.49998270e+00 
 6.06925200e-05  2.50000000e+00  2.49998270e+00 
 6.06964515e-05  2.50000000e+00  2.49998271e+00 
 6.07043145e-05  2.50000000e+00  2.49998273e+00 
 6.07200404e-05  2.50000000e+00  2.49998279e+00 
 6.07514924e-05  2.50000000e+00  2.49998296e+00 
 6.07966255e-05  2.50000000e+00  2.49998334e+00 
 6.08421567e-05  2.50000000e+00  2.49998383e+00 
 6.08921567e-05  2.50000000e+00  2.49998447e+00 
 6.09421567e-05  2.50000000e+00  2.49998519e+00 
 6.09921567e-05  2.50000000e+00  2.49998596e+00 
 6.10421567e-05  2.50000000e+00  2.49998675e+00 
 6.10921567e-05  2.50000000e+00  2.49998756e+00 
 6.11421567e-05  2.50000000e+00  2.49998836e+00 
 6.11921567e-05  2.50000000e+00  2.49998915e+00 
 6.12421567e-05  2.50000000e+00  2.49998992e+00 
 6.12921567e-05  2.50000000e+00  2.49999067e+00 
 6.13421567e-05  2.50000000e+00  2.49999138e+00 
 6.13921567e-05  2.50000000e+00  2.49999206e+00 
 6.14421567e-05  2.50000000e+00  2.49999270e+00 
 6.14921567e-05  2.50000000e+00  2.49999331e+00 
 6.15421567e-05  2.50000000e+00  2.49999388e+00 
 6.15921567e-05  2.50000000e+00  2.49999442e+00 
 6.16421567e-05  2.50000000e+00  2.49999491e+00 
 6.16921567e-05  2.50000000e+00  2.49999538e+00 
 6.17421567e-05  2.50000000e+00  2.49999581e+00 
 6.17921567e-05  2.50000000e+00  2.49999621e+00 
 6.17984067e-05  2.50000000e+00  2.49999625e+00 
 6.17999692e-05  2.50000000e+00  2.49999627e+00 
 6.18030942e-05  2.50000000e+00  2.49999629e+00 
 6.18093442e-05  2.50000000e+00  2.49999633e+00 
 6.18218442e-05  2.50000000e+00  2.49999643e+00 
 6.18468442e-05  2.50000000e+00  2.49999661e+00 
 6.18968442e-05  2.50000000e+00  2.49999694e+00 
 6.19030942e-05  2.50000000e+00  2.49999698e+00 
 6.19155942e-05  2.50000000e+00  2.49999706e+00 
 6.19405942e-05  2.50000000e+00  2.49999721e+00 
 6.19905942e-05  2.50000000e+00  2.49999750e+00 
 6.20405942e-05  2.50000000e+00  2.49999776e+00 
 6.20905942e-05  2.50000000e+00  2.49999801e+00 
 6.21405942e-05  2.50000000e+00  2.49999823e+00 
 6.21905942e-05  2.50000000e+00  2.49999843e+00 
 6.22405942e-05  2.50000000e+00  2.49999861e+00 
 6.22905942e-05  2.50000000e+00  2.49999878e+00 
 6.23405942e-05  2.50000000e+00  2.49999893e+00 
 6.23905942e-05  2.50000000e+00  2.49999907e+00 
 6.24405942e-05  2.50000000e+00  2.49999920e+00 
 6.24905942e-05  2.50000000e+00  2.49999931e+00 
 6.25405942e-05  2.50000000e+00  2.49999941e+00 
 6.25468442e-05  2.50000000e+00  2.49999943e+00 
 6.25484067e-05  2.50000000e+00  2.49999943e+00 
 6.25515317e-05  2.50000000e+00  2.49999944e+00 
 6.25577817e-05  2.50000000e+00  2.49999945e+00 
 6.25702817e-05  2.50000000e+00  2.49999947e+00 
 6.25734067e-05  2.50000000e+00  2.49999948e+00 
 6.25796567e-05  2.50000000e+00  2.49999949e+00 
 6.25812192e-05  2.50000000e+00  2.49999949e+00 
 6.25843442e-05  2.50000000e+00  2.49999950e+00 
 6.25905942e-05  2.50000000e+00  2.49999951e+00 
 6.26030942e-05  2.50000000e+00  2.49999953e+00 
 6.26280942e-05  2.50000000e+00  2.49999957e+00 
 6.26780942e-05  2.50000000e+00  2.49999965e+00 
 6.26843442e-05  2.50000000e+00  2.49999966e+00 
 6.26968442e-05  2.50000000e+00  2.49999968e+00 
 6.27218442e-05  2.50000000e+00  2.49999971e+00 
 6.27718442e-05  2.50000000e+00  2.49999978e+00 
 6.28218442e-05  2.50000000e+00  2.49999984e+00 
 6.28718442e-05  2.50000000e+00  2.49999989e+00 
 6.28780942e-05  2.50000000e+00  2.49999990e+00 
 6.28905942e-05  2.50000000e+00  2.49999991e+00 
 6.29155942e-05  2.50000000e+00  2.49999993e+00 
 6.29655942e-05  2.50000000e+00  2.49999998e+00 
 6.30155942e-05  2.50000000e+00  2.50000001e+00 
 6.30655942e-05  2.50000000e+00  2.50000005e+00 
 6.31155942e-05  2.50000000e+00  2.50000008e+00 
 6.31655942e-05  2.50000000e+00  2.50000011e+00 
 6.32155942e-05  2.50000000e+00  2.50000014e+00 
 6.32655942e-05  2.50000000e+00  2.50000016e+00 
 6.33155942e-05  2.50000000e+00  2.50000018e+00 
 6.33655942e-05  2.50000000e+00  2.50000020e+00 
 6.34155942e-05  2.50000000e+00  2.50000021e+00 
 6.34655942e-05  2.50000000e+00  2.50000023e+00 
 6.35155942e-05  2.50000000e+00  2.50000024e+00 
 6.35655942e-05  2.50000000e+00  2.50000025e+00 
 6.36155942e-05  2.50000000e+00  2.50000026e+00 
 6.36655942e-05  2.50000000e+00  2.50000027e+00 
 6.37155942e-05  2.50000000e+00  2.50000028e+00 
 6.37655942e-05  2.50000000e+00  2.50000029e+00 
 6.38155942e-05  2.50000000e+00  2.50000029e+00 
 6.38655942e-05  2.50000000e+00  2.50000030e+00 
 6.39155942e-05  2.50000000e+00  2.50000030e+00 
 6.39655942e-05  2.50000000e+00  2.50000031e+00 
 6.40155942e-05  2.50000000e+00  2.50000031e+00 
 6.40218442e-05  2.50000000e+00  2.50000031e+00 
 6.40343442e-05  2.50000000e+00  2.50000031e+00 
 6.40593442e-05  2.50000000e+00  2.50000031e+00 
 6.41093442e-05  2.50000000e+00  2.50000032e+00 
 6.41593442e-05  2.50000000e+00  2.50000032e+00 
 6.42093442e-05  2.50000000e+00  2.50000032e+00 
 6.42593442e-05  2.50000000e+00  2.50000032e+00 
 6.43093442e-05  2.50000000e+00  2.50000033e+00 
 6.43593442e-05  2.50000000e+00  2.50000033e+00 
 6.44093442e-05  2.50000000e+00  2.50000033e+00 
 6.44593442e-05  2.50000000e+00  2.50000033e+00 
 6.45093442e-05  2.50000000e+00  2.50000033e+00 
 6.45593442e-05  2.50000000e+00  2.50000033e+00 
 6.46093442e-05  2.50000000e+00  2.50000033e+00 
 6.46593442e-05  2.50000000e+00  2.50000033e+00 
 6.47093442e-05  2.50000000e+00  2.50000033e+00 
 6.47155942e-05  2.50000000e+00  2.50000033e+00 
 6.47280942e-05  2.50000000e+00  2.50000033e+00 
 6.47530942e-05  2.50000000e+00  2.50000033e+00 
 6.48030942e-05  2.50000000e+00  2.50000033e+00 
 6.48530942e-05  2.50000000e+00  2.50000033e+00 
 6.49030942e-05  2.50000000e+00  2.50000033e+00 
 6.49530942e-05  2.50000000e+00  2.50000033e+00 
 6.50030942e-05  2.50000000e+00  2.50000033e+00 
 6.50530942e-05  2.50000000e+00  2.50000033e+00 
 6.51030942e-05  2.50000000e+00  2.50000033e+00 
 6.51530942e-05  2.50000000e+00  2.50000033e+00 
 6.52030942e-05  2.50000000e+00  2.50000033e+00 
 6.52530942e-05  2.50000000e+00  2.50000033e+00 
 6.53030942e-05  2.50000000e+00  2.50000033e+00 
 6.53530942e-05  2.50000000e+00  2.50000033e+00 
 6.54030942e-05  2.50000000e+00  2.50000032e+00 
 6.54530942e-05  2.50000000e+00  2.50000032e+00 
 6.55030942e-05  2.50000000e+00  2.50000032e+00 
 6.55530942e-05  2.50000000e+00  2.50000032e+00 
 6.56030942e-05  2.50000000e+00  2.50000032e+00 
 6.56093442e-05  2.50000000e+00  2.50000032e+00 
 6.56218442e-05  2.50000000e+00  2.50000032e+00 
 6.56249692e-05  2.50000000e+00  2.50000032e+00 
 6.56312192e-05  2.50000000e+00  2.50000032e+00 
 6.56437192e-05  2.50000000e+00  2.50000032e+00 
 6.56687192e-05  2.50000000e+00  2.50000032e+00 
 6.56749692e-05  2.50000000e+00  2.50000032e+00 
 6.56874692e-05  2.50000000e+00  2.50000032e+00 
 6.57124692e-05  2.50000000e+00  2.50000032e+00 
 6.57624692e-05  2.50000000e+00  2.50000032e+00 
 6.58124692e-05  2.50000000e+00  2.50000032e+00 
 6.58624692e-05  2.50000000e+00  2.50000032e+00 
 6.59124692e-05  2.50000000e+00  2.50000032e+00 
 6.59187192e-05  2.50000000e+00  2.50000032e+00 
 6.59312192e-05  2.50000000e+00  2.50000032e+00 
 6.59562192e-05  2.50000000e+00  2.50000032e+00 
 6.59624692e-05  2.50000000e+00  2.50000032e+00 
 6.59749692e-05  2.50000000e+00  2.50000032e+00 
 6.59999692e-05  2.50000000e+00  2.50000032e+00 
 6.60499692e-05  2.50000000e+00  2.50000032e+00 
 6.60999692e-05  2.50000000e+00  2.50000032e+00 
 6.61499692e-05  2.50000000e+00  2.50000031e+00 
 6.61999692e-05  2.50000000e+00  2.50000031e+00 
 6.62499692e-05  2.50000000e+00  2.50000031e+00 
 6.62999692e-05  2.50000000e+00  2.50000031e+00 
 6.63499692e-05  2.50000000e+00  2.50000031e+00 
 6.63999692e-05  2.50000000e+00  2.50000031e+00 
 6.64499692e-05  2.50000000e+00  2.50000031e+00 
 6.64999692e-05  2.50000000e+00  2.50000031e+00 
 6.65499692e-05  2.50000000e+00  2.50000031e+00 
 6.65999692e-05  2.50000000e+00  2.50000031e+00 
 6.66499692e-05  2.50000000e+00  2.50000031e+00 
 6.66999692e-05  2.50000000e+00  2.50000031e+00 
 6.67499692e-05  2.50000000e+00  2.50000031e+00 
 6.67562192e-05  2.50000000e+00  2.50000031e+00 
 6.67687192e-05  2.50000000e+00  2.50000031e+00 
 6.67937192e-05  2.50000000e+00  2.50000031e+00 
 6.67999692e-05  2.50000000e+00  2.50000031e+00 
 6.68124692e-05  2.50000000e+00  2.50000031e+00 
 6.68374692e-05  2.50000000e+00  2.50000031e+00 
 6.68874692e-05  2.50000000e+00  2.50000030e+00 
 6.69374692e-05  2.50000000e+00  2.50000030e+00 
 6.69874692e-05  2.50000000e+00  2.50000030e+00 
 6.70374692e-05  2.50000000e+00  2.50000030e+00 
 6.70437192e-05  2.50000000e+00  2.50000030e+00 
 6.70562192e-05  2.50000000e+00  2.50000030e+00 
 6.70812192e-05  2.50000000e+00  2.50000030e+00 
 6.71312192e-05  2.50000000e+00  2.50000030e+00 
 6.71374692e-05  2.50000000e+00  2.50000030e+00 
 6.71499692e-05  2.50000000e+00  2.50000030e+00 
 6.71749692e-05  2.50000000e+00  2.50000030e+00 
 6.72249692e-05  2.50000000e+00  2.50000030e+00 
 6.72749692e-05  2.50000000e+00  2.50000030e+00 
 6.73249692e-05  2.50000000e+00  2.50000030e+00 
 6.73749692e-05  2.50000000e+00  2.50000030e+00 
 6.74249692e-05  2.50000000e+00  2.50000030e+00 
 6.74749692e-05  2.50000000e+00  2.50000030e+00 
 6.75249692e-05  2.50000000e+00  2.50000030e+00 
 6.75749692e-05  2.50000000e+00  2.50000030e+00 
 6.76249692e-05  2.50000000e+00  2.50000030e+00 
 6.76749692e-05  2.50000000e+00  2.50000030e+00 
 6.77249692e-05  2.50000000e+00  2.50000029e+00 
 6.77749692e-05  2.50000000e+00  2.50000029e+00 
 6.78249692e-05  2.50000000e+00  2.50000029e+00 
 6.78749692e-05  2.50000000e+00  2.50000029e+00 
 6.79249692e-05  2.50000000e+00  2.50000029e+00 
 6.79749692e-05  2.50000000e+00  2.50000029e+00 
 6.80249692e-05  2.50000000e+00  2.50000029e+00 
 6.80749692e-05  2.50000000e+00  2.50000029e+00 
 6.81249692e-05  2.50000000e+00  2.50000029e+00 
 6.81749692e-05  2.50000000e+00  2.50000029e+00 
 6.82249692e-05  2.50000000e+00  2.50000029e+00 
 6.82749692e-05  2.50000000e+00  2.50000029e+00 
 6.83249692e-05  2.50000000e+00  2.50000029e+00 
 6.83749692e-05  2.50000000e+00  2.50000029e+00 
 6.84249692e-05  2.50000000e+00  2.50000029e+00 
 6.84749692e-05  2.50000000e+00  2.50000029e+00 
 6.85249692e-05  2.50000000e+00  2.50000029e+00 
 6.85749692e-05  2.50000000e+00  2.50000028e+00 
 6.86249692e-05  2.50000000e+00  2.50000028e+00 
 6.86749692e-05  2.50000000e+00  2.50000028e+00 
 6.87249692e-05  2.50000000e+00  2.50000028e+00 
 6.87749692e-05  2.50000000e+00  2.50000028e+00 
 6.88249692e-05  2.50000000e+00  2.50000028e+00 
 6.88749692e-05  2.50000000e+00  2.50000028e+00 
 6.89249692e-05  2.50000000e+00  2.50000028e+00 
 6.89749692e-05  2.50000000e+00  2.50000028e+00 
 6.90249692e-05  2.50000000e+00  2.50000028e+00 
 6.90749692e-05  2.50000000e+00  2.50000028e+00 
 6.91249692e-05  2.50000000e+00  2.50000028e+00 
 6.91749692e-05  2.50000000e+00  2.50000028e+00 
 6.91757504e-05  2.50000000e+00  2.50000028e+00 
 6.91773129e-05  2.50000000e+00  2.50000028e+00 
 6.91804379e-05  2.50000000e+00  2.50000028e+00 
 6.91866879e-05  2.50000000e+00  2.50000028e+00 
 6.91991879e-05  2.50000000e+00  2.50000028e+00 
 6.92023129e-05  2.50000000e+00  2.50000028e+00 
 6.92085629e-05  2.50000000e+00  2.50000028e+00 
 6.92210629e-05  2.50000000e+00  2.50000028e+00 
 6.92460629e-05  2.50000000e+00  2.50000028e+00 
 6.92960629e-05  2.50000000e+00  2.50000028e+00 
 6.93460629e-05  2.50000000e+00  2.50000028e+00 
 6.93960629e-05  2.50000000e+00  2.50000028e+00 
 6.94460629e-05  2.50000000e+00  2.50000028e+00 
 6.94960629e-05  2.50000000e+00  2.50000028e+00 
 6.95460629e-05  2.50000000e+00  2.50000028e+00 
 6.95960629e-05  2.50000000e+00  2.50000027e+00 
 6.96023129e-05  2.50000000e+00  2.50000027e+00 
 6.96148129e-05  2.50000000e+00  2.50000027e+00 
 6.96398129e-05  2.50000000e+00  2.50000027e+00 
 6.96460629e-05  2.50000000e+00  2.50000027e+00 
 6.96585629e-05  2.50000000e+00  2.50000027e+00 
 6.96835629e-05  2.50000000e+00  2.50000027e+00 
 6.97335629e-05  2.50000000e+00  2.50000027e+00 
 6.97835629e-05  2.50000000e+00  2.50000027e+00 
 6.98335629e-05  2.50000000e+00  2.50000027e+00 
 6.98835629e-05  2.50000000e+00  2.50000027e+00 
 6.99335629e-05  2.50000000e+00  2.50000027e+00 
 6.99835629e-05  2.50000000e+00  2.50000027e+00 
 7.00335629e-05  2.50000000e+00  2.50000027e+00 
 7.00835629e-05  2.50000000e+00  2.50000027e+00 
 7.01335629e-05  2.50000000e+00  2.50000027e+00 
 7.01835629e-05  2.50000000e+00  2.50000027e+00 
 7.02335629e-05  2.50000000e+00  2.50000027e+00 
 7.02835629e-05  2.50000000e+00  2.50000027e+00 
 7.03335629e-05  2.50000000e+00  2.50000027e+00 
 7.03835629e-05  2.50000000e+00  2.50000027e+00 
 7.04335629e-05  2.50000000e+00  2.50000027e+00 
 7.04835629e-05  2.50000000e+00  2.50000027e+00 
 7.05335629e-05  2.50000000e+00  2.50000027e+00 
 7.05835629e-05  2.50000000e+00  2.50000027e+00 
 7.06335629e-05  2.50000000e+00  2.50000027e+00 
 7.06835629e-05  2.50000000e+00  2.50000027e+00 
 7.07335629e-05  2.50000000e+00  2.50000026e+00 
 7.07835629e-05  2.50000000e+00  2.50000026e+00 
 7.08335629e-05  2.50000000e+00  2.50000026e+00 
 7.08835629e-05  2.50000000e+00  2.50000026e+00 
 7.09335629e-05  2.50000000e+00  2.50000026e+00 
 7.09835629e-05  2.50000000e+00  2.50000026e+00 
 7.10335629e-05  2.50000000e+00  2.50000026e+00 
 7.10835629e-05  2.50000000e+00  2.50000026e+00 
 7.11335629e-05  2.50000000e+00  2.50000026e+00 
 7.11398129e-05  2.50000000e+00  2.50000026e+00 
 7.11523129e-05  2.50000000e+00  2.50000026e+00 
 7.11773129e-05  2.50000000e+00  2.50000026e+00 
 7.12273129e-05  2.50000000e+00  2.50000026e+00 
 7.12335629e-05  2.50000000e+00  2.50000026e+00 
 7.12351254e-05  2.50000000e+00  2.50000026e+00 
 7.12382504e-05  2.50000000e+00  2.50000026e+00 
 7.12445004e-05  2.50000000e+00  2.50000026e+00 
 7.12570004e-05  2.50000000e+00  2.50000026e+00 
 7.12601254e-05  2.50000000e+00  2.50000026e+00 
 7.12663754e-05  2.50000000e+00  2.50000026e+00 
 7.12788754e-05  2.50000000e+00  2.50000026e+00 
 7.13038754e-05  2.50000000e+00  2.50000026e+00 
 7.13538754e-05  2.50000000e+00  2.50000026e+00 
 7.14038754e-05  2.50000000e+00  2.50000026e+00 
 7.14538754e-05  2.50000000e+00  2.50000026e+00 
 7.15038754e-05  2.50000000e+00  2.50000026e+00 
 7.15538754e-05  2.50000000e+00  2.50000026e+00 
 7.16038754e-05  2.50000000e+00  2.50000026e+00 
 7.16538754e-05  2.50000000e+00  2.50000026e+00 
 7.17038754e-05  2.50000000e+00  2.50000026e+00 
 7.17101254e-05  2.50000000e+00  2.50000026e+00 
 7.17226254e-05  2.50000000e+00  2.50000026e+00 
 7.17476254e-05  2.50000000e+00  2.50000026e+00 
 7.17976254e-05  2.50000000e+00  2.50000026e+00 
 7.18476254e-05  2.50000000e+00  2.50000026e+00 
 7.18976254e-05  2.50000000e+00  2.50000026e+00 
 7.19476254e-05  2.50000000e+00  2.50000026e+00 
 7.19976254e-05  2.50000000e+00  2.50000026e+00 
 7.20476254e-05  2.50000000e+00  2.50000025e+00 
 7.20976254e-05  2.50000000e+00  2.50000025e+00 
 7.21476254e-05  2.50000000e+00  2.50000025e+00 
 7.21976254e-05  2.50000000e+00  2.50000025e+00 
 7.22476254e-05  2.50000000e+00  2.50000025e+00 
 7.22976254e-05  2.50000000e+00  2.50000025e+00 
 7.23476254e-05  2.50000000e+00  2.50000025e+00 
 7.23976254e-05  2.50000000e+00  2.50000025e+00 
 7.24476254e-05  2.50000000e+00  2.50000025e+00 
 7.24976254e-05  2.50000000e+00  2.50000025e+00 
 7.25476254e-05  2.50000000e+00  2.50000025e+00 
 7.25976254e-05  2.50000000e+00  2.50000025e+00 
 7.26476254e-05  2.50000000e+00  2.50000025e+00 
 7.26976254e-05  2.50000000e+00  2.50000025e+00 
 7.27476254e-05  2.50000000e+00  2.50000025e+00 
 7.27976254e-05  2.50000000e+00  2.50000025e+00 
 7.28476254e-05  2.50000000e+00  2.50000025e+00 
 7.28976254e-05  2.50000000e+00  2.50000025e+00 
 7.29476254e-05  2.50000000e+00  2.50000025e+00 
 7.29976254e-05  2.50000000e+00  2.50000025e+00 
 7.30476254e-05  2.50000000e+00  2.50000025e+00 
 7.30976254e-05  2.50000000e+00  2.50000025e+00 
 7.31476254e-05  2.50000000e+00  2.50000025e+00 
 7.31976254e-05  2.50000000e+00  2.50000025e+00 
 7.32476254e-05  2.50000000e+00  2.50000025e+00 
 7.32976254e-05  2.50000000e+00  2.50000025e+00 
 7.33476254e-05  2.50000000e+00  2.50000025e+00 
 7.33976254e-05  2.50000000e+00  2.50000025e+00 
 7.34476254e-05  2.50000000e+00  2.50000025e+00 
 7.34976254e-05  2.50000000e+00  2.50000025e+00 
 7.35476254e-05  2.50000000e+00  2.50000025e+00 
 7.35976254e-05  2.50000000e+00  2.50000025e+00 
 7.36476254e-05  2.50000000e+00  2.50000025e+00 
 7.36976254e-05  2.50000000e+00  2.50000024e+00 
 7.37476254e-05  2.50000000e+00  2.50000024e+00 
 7.37976254e-05  2.50000000e+00  2.50000024e+00 
 7.38476254e-05  2.50000000e+00  2.50000024e+00 
 7.38538754e-05  2.50000000e+00  2.50000024e+00 
 7.38663754e-05  2.50000000e+00  2.50000024e+00 
 7.38695004e-05  2.50000000e+00  2.50000024e+00 
 7.38757504e-05  2.50000000e+00  2.50000024e+00 
 7.38882504e-05  2.50000000e+00  2.50000024e+00 
 7.39132504e-05  2.50000000e+00  2.50000024e+00 
 7.39632504e-05  2.50000000e+00  2.50000024e+00 
 7.40132504e-05  2.50000000e+00  2.50000024e+00 
 7.40632504e-05  2.50000000e+00  2.50000024e+00 
 7.41132504e-05  2.50000000e+00  2.50000024e+00 
 7.41632504e-05  2.50000000e+00  2.50000024e+00 
 7.42132504e-05  2.50000000e+00  2.50000024e+00 
 7.42632504e-05  2.50000000e+00  2.50000024e+00 
 7.43132504e-05  2.50000000e+00  2.50000024e+00 
 7.43632504e-05  2.50000000e+00  2.50000024e+00 
 7.44132504e-05  2.50000000e+00  2.50000024e+00 
 7.44632504e-05  2.50000000e+00  2.50000024e+00 
 7.45132504e-05  2.50000000e+00  2.50000024e+00 
 7.45632504e-05  2.50000000e+00  2.50000024e+00 
 7.46132504e-05  2.50000000e+00  2.50000024e+00 
 7.46632504e-05  2.50000000e+00  2.50000024e+00 
 7.47132504e-05  2.50000000e+00  2.50000024e+00 
 7.47632504e-05  2.50000000e+00  2.50000024e+00 
 7.48132504e-05  2.50000000e+00  2.50000024e+00 
 7.48632504e-05  2.50000000e+00  2.50000024e+00 
 7.49132504e-05  2.50000000e+00  2.50000024e+00 
 7.49632504e-05  2.50000000e+00  2.50000024e+00 
 7.50132504e-05  2.50000000e+00  2.50000024e+00 
 7.50632504e-05  2.50000000e+00  2.50000024e+00 
 7.51132504e-05  2.50000000e+00  2.50000024e+00 
 7.51632504e-05  2.50000000e+00  2.50000024e+00 
 7.52132504e-05  2.50000000e+00  2.50000024e+00 
 7.52632504e-05  2.50000000e+00  2.50000024e+00 
 7.53132504e-05  2.50000000e+00  2.50000024e+00 
 7.53632504e-05  2.50000000e+00  2.50000024e+00 
 7.53695004e-05  2.50000000e+00  2.50000024e+00 
 7.53820004e-05  2.50000000e+00  2.50000024e+00 
 7.54070004e-05  2.50000000e+00  2.50000024e+00 
 7.54570004e-05  2.50000000e+00  2.50000024e+00 
 7.55070004e-05  2.50000000e+00  2.50000024e+00 
 7.55570004e-05  2.50000000e+00  2.50000024e+00 
 7.55632504e-05  2.50000000e+00  2.50000024e+00 
 7.55757504e-05  2.50000000e+00  2.50000024e+00 
 7.56007504e-05  2.50000000e+00  2.50000023e+00 
 7.56507504e-05  2.50000000e+00  2.50000024e+00 
 7.57007504e-05  2.50000000e+00  2.50000023e+00 
 7.57507504e-05  2.50000000e+00  2.50000023e+00 
 7.58007504e-05  2.50000000e+00  2.50000023e+00 
 7.58507504e-05  2.50000000e+00  2.50000023e+00 
 7.59007504e-05  2.50000000e+00  2.50000023e+00 
 7.59507504e-05  2.50000000e+00  2.50000023e+00 
 7.60007504e-05  2.50000000e+00  2.50000023e+00 
 7.60507504e-05  2.50000000e+00  2.50000023e+00 
 7.61007504e-05  2.50000000e+00  2.50000023e+00 
 7.61507504e-05  2.50000000e+00  2.50000023e+00 
 7.61570004e-05  2.50000000e+00  2.50000023e+00 
 7.61695004e-05  2.50000000e+00  2.50000023e+00 
 7.61945004e-05  2.50000000e+00  2.50000023e+00 
 7.62445004e-05  2.50000000e+00  2.50000023e+00 
 7.62945004e-05  2.50000000e+00  2.50000023e+00 
 7.63007504e-05  2.50000000e+00  2.50000023e+00 
 7.63132504e-05  2.50000000e+00  2.50000023e+00 
 7.63382504e-05  2.50000000e+00  2.50000023e+00 
 7.63882504e-05  2.50000000e+00  2.50000023e+00 
 7.64382504e-05  2.50000000e+00  2.50000023e+00 
 7.64445004e-05  2.50000000e+00  2.50000023e+00 
 7.64570004e-05  2.50000000e+00  2.50000023e+00 
 7.64820004e-05  2.50000000e+00  2.50000023e+00 
 7.65320004e-05  2.50000000e+00  2.50000023e+00 
 7.65820004e-05  2.50000000e+00  2.50000023e+00 
 7.66320004e-05  2.50000000e+00  2.50000023e+00 
 7.66382504e-05  2.50000000e+00  2.50000023e+00 
 7.66507504e-05  2.50000000e+00  2.50000023e+00 
 7.66757504e-05  2.50000000e+00  2.50000023e+00 
 7.67257504e-05  2.50000000e+00  2.50000023e+00 
 7.67757504e-05  2.50000000e+00  2.50000023e+00 
 7.68257504e-05  2.50000000e+00  2.50000023e+00 
 7.68757504e-05  2.50000000e+00  2.50000023e+00 
 7.69257504e-05  2.50000000e+00  2.50000023e+00 
 7.69757504e-05  2.50000000e+00  2.50000023e+00 
 7.69820004e-05  2.50000000e+00  2.50000023e+00 
 7.69945004e-05  2.50000000e+00  2.50000023e+00 
 7.70195004e-05  2.50000000e+00  2.50000023e+00 
 7.70695004e-05  2.50000000e+00  2.50000023e+00 
 7.71195004e-05  2.50000000e+00  2.50000023e+00 
 7.71695004e-05  2.50000000e+00  2.50000023e+00 
 7.72195004e-05  2.50000000e+00  2.50000023e+00 
 7.72695004e-05  2.50000000e+00  2.50000023e+00 
 7.73195004e-05  2.50000000e+00  2.50000023e+00 
 7.73695004e-05  2.50000000e+00  2.50000023e+00 
 7.74195004e-05  2.50000000e+00  2.50000023e+00 
 7.74695004e-05  2.50000000e+00  2.50000023e+00 
 7.75195004e-05  2.50000000e+00  2.50000023e+00 
 7.75695004e-05  2.50000000e+00  2.50000023e+00 
 7.76195004e-05  2.50000000e+00  2.50000023e+00 
 7.76257504e-05  2.50000000e+00  2.50000023e+00 
 7.76382504e-05  2.50000000e+00  2.50000023e+00 
 7.76632504e-05  2.50000000e+00  2.50000023e+00 
 7.77132504e-05  2.50000000e+00  2.50000023e+00 
 7.77632504e-05  2.50000000e+00  2.50000023e+00 
 7.78132504e-05  2.50000000e+00  2.50000023e+00 
 7.78632504e-05  2.50000000e+00  2.50000023e+00 
 7.79132504e-05  2.50000000e+00  2.50000023e+00 
 7.79632504e-05  2.50000000e+00  2.50000023e+00 
 7.80132504e-05  2.50000000e+00  2.50000023e+00 
 7.80632504e-05  2.50000000e+00  2.50000023e+00 
 7.81132504e-05  2.50000000e+00  2.50000023e+00 
 7.81632504e-05  2.50000000e+00  2.50000023e+00 
 7.82132504e-05  2.50000000e+00  2.50000023e+00 
 7.82632504e-05  2.50000000e+00  2.50000023e+00 
 7.83132504e-05  2.50000000e+00  2.50000023e+00 
 7.83632504e-05  2.50000000e+00  2.50000022e+00 
 7.84132504e-05  2.50000000e+00  2.50000022e+00 
 7.84632504e-05  2.50000000e+00  2.50000022e+00 
 7.85132504e-05  2.50000000e+00  2.50000022e+00 
 7.85195004e-05  2.50000000e+00  2.50000022e+00 
 7.85320004e-05  2.50000000e+00  2.50000022e+00 
 7.85570004e-05  2.50000000e+00  2.50000022e+00 
 7.86070004e-05  2.50000000e+00  2.50000022e+00 
 7.86570004e-05  2.50000000e+00  2.50000022e+00 
 7.87070004e-05  2.50000000e+00  2.50000022e+00 
 7.87570004e-05  2.50000000e+00  2.50000022e+00 
 7.88070004e-05  2.50000000e+00  2.50000022e+00 
 7.88570004e-05  2.50000000e+00  2.50000022e+00 
 7.89070004e-05  2.50000000e+00  2.50000022e+00 
 7.89570004e-05  2.50000000e+00  2.50000022e+00 
 7.90070004e-05  2.50000000e+00  2.50000022e+00 
 7.90570004e-05  2.50000000e+00  2.50000022e+00 
 7.91070004e-05  2.50000000e+00  2.50000022e+00 
 7.91570004e-05  2.50000000e+00  2.50000022e+00 
 7.92070004e-05  2.50000000e+00  2.50000022e+00 
 7.92570004e-05  2.50000000e+00  2.50000022e+00 
 7.93070004e-05  2.50000000e+00  2.50000022e+00 
 7.93570004e-05  2.50000000e+00  2.50000022e+00 
 7.94070004e-05  2.50000000e+00  2.50000022e+00 
 7.94570004e-05  2.50000000e+00  2.50000022e+00 
 7.95070004e-05  2.50000000e+00  2.50000022e+00 
 7.95570004e-05  2.50000000e+00  2.50000022e+00 
 7.96070004e-05  2.50000000e+00  2.50000022e+00 
 7.96570004e-05  2.50000000e+00  2.50000022e+00 
 7.97070004e-05  2.50000000e+00  2.50000022e+00 
 7.97570004e-05  2.50000000e+00  2.50000022e+00 
 7.98070004e-05  2.50000000e+00  2.50000022e+00 
 7.98570004e-05  2.50000000e+00  2.50000022e+00 
 7.98632504e-05  2.50000000e+00  2.50000022e+00 
 7.98757504e-05  2.50000000e+00  2.50000022e+00 
 7.98761411e-05  2.50000000e+00  2.50000022e+00 
 7.98769223e-05  2.50000000e+00  2.50000022e+00 
 7.98784848e-05  2.50000000e+00  2.50000022e+00 
 7.98816098e-05  2.50000000e+00  2.50000022e+00 
 7.98878598e-05  2.50000000e+00  2.50000022e+00 
 7.98894223e-05  2.50000000e+00  2.50000022e+00 
 7.98925473e-05  2.50000000e+00  2.50000022e+00 
 7.98987973e-05  2.50000000e+00  2.50000022e+00 
 7.99112973e-05  2.50000000e+00  2.50000022e+00 
 7.99362973e-05  2.50000000e+00  2.50000022e+00 
 7.99402787e-05  2.50000000e+00  2.50000022e+00 
 7.99482416e-05  2.50000000e+00  2.50000022e+00 
 7.99641672e-05  2.50000000e+00  2.50000022e+00 
 7.99820836e-05  2.50000000e+00  2.50000022e+00 
 8.00000000e-05  2.50000000e+00  2.50000022e+00 
